time,id,mass,px,py,pz,vx,vy,vz
0.0000000000000000e+00,0,1.0000000000000000e+00,2.4967593278328960e-02,1.3083631225290595e-03,1.5228134947217450e-05,-1.9358607675239331e-01,4.4107942130472590e+00,7.7037946002862900e-02
0.0000000000000000e+00,1,1.0000000000000000e+00,-2.4967593278328960e-02,-1.3083631225290595e-03,-1.5228134947217450e-05,1.9358607675239331e-01,-4.4107942130472590e+00,-7.7037946002862900e-02

6.3458973013622881e+01,0,1.0000000000000000e+00,-8.4949998540676652e-01,7.4901381308083076e-02,1.5659949828021825e-03,-2.7413197083289992e-01,-1.0576513613623290e-01,-1.7623465289087776e-03
6.3458973013622881e+01,1,1.0000000000000000e+00,8.4949998540676652e-01,-7.4901381308083076e-02,-1.5659949828021825e-03,2.7413197083289992e-01,1.0576513613623290e-01,1.7623465289087776e-03

1.2583822477921831e+02,0,1.0000000000000000e+00,-8.9195801319449930e-01,5.6165614866029501e-02,1.2519448835445867e-03,-2.1765646469822553e-01,-1.1004501833473329e-01,-1.8542450690484701e-03
1.2583822477921831e+02,1,1.0000000000000000e+00,8.9195801319449930e-01,-5.6165614866029501e-02,-1.2519448835445867e-03,2.1765646469822553e-01,1.1004501833473329e-01,1.8542450690484701e-03

1.8869621945572015e+02,0,1.0000000000000000e+00,-9.7230077607681320e-01,-1.7788144244720028e-02,-1.4251130173304491e-05,-3.4006320903332110e-02,-1.1414703917022112e-01,-1.9817810774806254e-03
1.8869621945572015e+02,1,1.0000000000000000e+00,9.7230077607681320e-01,1.7788144244720028e-02,1.4251130173304491e-05,3.4006320903332110e-02,1.1414703917022112e-01,1.9817810774806254e-03

2.5183755463636254e+02,0,1.0000000000000000e+00,-8.8697009484420208e-01,-1.1804913423330796e-01,-1.7900412090761431e-03,2.2325514544431030e-01,-9.4732921601108258e-02,-1.7213283103834024e-03
2.5183755463636254e+02,1,1.0000000000000000e+00,8.8697009484420208e-01,1.1804913423330796e-01,1.7900412090761431e-03,-2.2325514544431030e-01,9.4732921601108258e-02,1.7213283103834024e-03

3.1472572112623146e+02,0,1.0000000000000000e+00,-6.5171821669785168e-01,-1.6839584957911818e-01,-2.7403780070068091e-03,4.9094218285296709e-01,-4.2514873761653652e-02,-8.9154399128415975e-04
3.1472572112623146e+02,1,1.0000000000000000e+00,6.5171821669785168e-01,1.6839584957911818e-01,2.7403780070068091e-03,-4.9094218285296709e-01,4.2514873761653652e-02,8.9154399128415975e-04

3.7708191829398260e+02,0,1.0000000000000000e+00,-5.7166559219554647e-01,-1.7304049634054075e-01,-2.8458249322001255e-03,5.8038435964360691e-01,-1.7405884563170382e-02,-4.8057873514434574e-04
3.7708191829398260e+02,1,1.0000000000000000e+00,5.7166559219554647e-01,1.7304049634054075e-01,2.8458249322001255e-03,-5.8038435964360691e-01,1.7405884563170382e-02,4.8057873514434574e-04

4.3986517681722836e+02,0,1.0000000000000000e+00,-1.4112693827685596e-02,-6.2670642170435484e-02,-1.0894543281726133e-03,2.1333612989592852e+00,1.6523303681386363e+00,2.8187249140803852e-02
4.3986517681722836e+02,1,1.0000000000000000e+00,1.4112693827685596e-02,6.2670642170435484e-02,1.0894543281726133e-03,-2.1333612989592852e+00,-1.6523303681386363e+00,-2.8187249140803852e-02

5.0327313449611432e+02,0,1.0000000000000000e+00,-8.2853179047619563e-01,8.2245190138045932e-02,1.6877745175325628e-03,-2.9974547632001552e-01,-1.0346944084028281e-01,-1.7144784054117389e-03
5.0327313449611432e+02,1,1.0000000000000000e+00,8.2853179047619563e-01,-8.2245190138045932e-02,-1.6877745175325628e-03,2.9974547632001552e-01,1.0346944084028281e-01,1.7144784054117389e-03

5.6554957990277592e+02,0,1.0000000000000000e+00,-8.4869372392018883e-01,7.4858228832259982e-02,1.5649962544904794e-03,-2.7513289547137793e-01,-1.0579126615068352e-01,-1.7624976459783592e-03
5.6554957990277592e+02,1,1.0000000000000000e+00,8.4869372392018883e-01,-7.4858228832259982e-02,-1.5649962544904794e-03,2.7513289547137793e-01,1.0579126615068352e-01,1.7624976459783592e-03

6.2867483254108322e+02,0,1.0000000000000000e+00,-9.7429485911621350e-01,-2.8547808855352436e-02,-2.0142570681263693e-04,-9.9125485184242690e-03,-1.1358299383866645e-01,-1.9792768845580170e-03
6.2867483254108322e+02,1,1.0000000000000000e+00,9.7429485911621350e-01,2.8547808855352436e-02,2.0142570681263693e-04,9.9125485184242690e-03,1.1358299383866645e-01,1.9792768845580170e-03

6.9196185850744212e+02,0,1.0000000000000000e+00,-8.2498186041839761e-01,-1.3949804816382805e-01,-2.1832600274749713e-03,3.0125216708031444e-01,-8.2857889077491725e-02,-1.5378408742439281e-03
6.9196185850744212e+02,1,1.0000000000000000e+00,8.2498186041839761e-01,1.3949804816382805e-01,2.1832600274749713e-03,-3.0125216708031444e-01,8.2857889077491725e-02,1.5378408742439281e-03

7.5436222606212903e+02,0,1.0000000000000000e+00,-7.5956585069609805e-01,-1.5436764174199946e-01,-2.4626980860899227e-03,3.7459721535642132e-01,-6.9190387701423356e-02,-1.3216533990880455e-03
7.5436222606212903e+02,1,1.0000000000000000e+00,7.5956585069609805e-01,1.5436764174199946e-01,2.4626980860899227e-03,-3.7459721535642132e-01,6.9190387701423356e-02,1.3216533990880455e-03

8.1691219301240289e+02,0,1.0000000000000000e+00,-6.0367707251462999e-01,-1.7196094388382155e-01,-2.8172323942717279e-03,5.4388752530900508e-01,-2.7917129580293187e-02,-6.5290711931656931e-04
8.1691219301240289e+02,1,1.0000000000000000e+00,6.0367707251462999e-01,1.7196094388382155e-01,2.8172323942717279e-03,-5.4388752530900508e-01,2.7917129580293187e-02,6.5290711931656931e-04

8.7971179926803347e+02,0,1.0000000000000000e+00,-8.9940721163445203e-02,-1.0421336825250344e-01,-1.7913751573476132e-03,1.6377790261492304e+00,6.7042098768584579e-01,1.1201538207328542e-02
8.7971179926803347e+02,1,1.0000000000000000e+00,8.9940721163445203e-02,1.0421336825250344e-01,1.7913751573476132e-03,-1.6377790261492304e+00,-6.7042098768584579e-01,-1.1201538207328542e-02

9.4287777228091181e+02,0,1.0000000000000000e+00,-7.2840354165857846e-01,1.0943538198699132e-01,2.1318064392288395e-03,-4.1333027746730439e-01,-8.9438592274133921e-02,-1.4350046676238548e-03
9.4287777228091181e+02,1,1.0000000000000000e+00,7.2840354165857846e-01,-1.0943538198699132e-01,-2.1318064392288395e-03,4.1333027746730439e-01,8.9438592274133921e-02,1.4350046676238548e-03

1.0062574433662735e+03,0,1.0000000000000000e+00,-9.7203642145647473e-01,-1.7647064124667614e-02,-1.1869473689221383e-05,-3.5833435093024057e-02,-1.1420631769136638e-01,-1.9822590312531824e-03
1.0062574433662735e+03,1,1.0000000000000000e+00,9.7203642145647473e-01,1.7647064124667614e-02,1.1869473689221383e-05,3.5833435093024057e-02,1.1420631769136638e-01,1.9822590312531824e-03

1.0681786427193056e+03,0,1.0000000000000000e+00,-9.5095340662075778e-01,1.4936692278056052e-02,5.5037290661766151e-04,-1.1263060103387823e-01,-1.1430425082543556e-01,-1.9605732576989956e-03
1.0681786427193056e+03,1,1.0000000000000000e+00,9.5095340662075778e-01,-1.4936692278056052e-02,-5.5037290661766151e-04,1.1263060103387823e-01,1.1430425082543556e-01,1.9605732576989956e-03

1.1316660430644763e+03,0,1.0000000000000000e+00,-8.7442456373624278e-01,-1.2374118001508207e-01,-1.8932028868860118e-03,2.4017153109509948e-01,-9.2244934229217784e-02,-1.6830602309654830e-03
1.1316660430644763e+03,1,1.0000000000000000e+00,8.7442456373624278e-01,1.2374118001508207e-01,1.8932028868860118e-03,-2.4017153109509948e-01,9.2244934229217784e-02,1.6830602309654830e-03

1.1944036378835335e+03,0,1.0000000000000000e+00,-6.9672061650827322e-01,-1.6420402822680907e-01,-2.6535114260542001e-03,4.4226582538156028e-01,-5.4194627021640969e-02,-1.0805553729344663e-03
1.1944036378835335e+03,1,1.0000000000000000e+00,6.9672061650827322e-01,1.6420402822680907e-01,2.6535114260542001e-03,-4.4226582538156028e-01,5.4194627021640969e-02,1.0805553729344663e-03

1.2571531552065474e+03,0,1.0000000000000000e+00,-3.6272551751028437e-01,-1.6567505501878435e-01,-2.7809302749319687e-03,8.6355723771109605e-01,9.0122011003266750e-02,1.3097780301146097e-03
1.2571531552065474e+03,1,1.0000000000000000e+00,3.6272551751028437e-01,1.6567505501878435e-01,2.7809302749319687e-03,-8.6355723771109605e-01,-9.0122011003266750e-02,-1.3097780301146097e-03

1.3196289373105030e+03,0,1.0000000000000000e+00,-3.6590376009683484e-02,-7.7990846399025371e-02,-1.3499813178443378e-03,1.9726800759341079e+00,1.1880359932042592e+00,2.0133143787843429e-02
1.3196289373105030e+03,1,1.0000000000000000e+00,3.6590376009683484e-02,7.7990846399025371e-02,1.3499813178443378e-03,-1.9726800759341079e+00,-1.1880359932042592e+00,-2.0133143787843429e-02

1.3827337412115621e+03,0,1.0000000000000000e+00,-7.1524139871605164e-01,1.1193868141585596e-01,2.1714854166853788e-03,-4.2784496765690733e-01,-8.7366227216139125e-02,-1.3944152583612677e-03
1.3827337412115621e+03,1,1.0000000000000000e+00,7.1524139871605164e-01,-1.1193868141585596e-01,-2.1714854166853788e-03,4.2784496765690733e-01,8.7366227216139125e-02,1.3944152583612677e-03

1.4451620632257673e+03,0,1.0000000000000000e+00,-7.9944461269024547e-01,9.0965495167522156e-02,1.8311039142058392e-03,-3.3381763475340365e-01,-1.0008755691315982e-01,-1.6450768925841981e-03
1.4451620632257673e+03,1,1.0000000000000000e+00,7.9944461269024547e-01,-9.0965495167522156e-02,-1.8311039142058392e-03,3.3381763475340365e-01,1.0008755691315982e-01,1.6450768925841981e-03

1.5084473056694173e+03,0,1.0000000000000000e+00,-9.7425013836706609e-01,-2.9027314785500136e-02,-2.0980786260513273e-04,-1.0420900420538559e-02,-1.1360823246268063e-01,-1.9795624985743856e-03
1.5084473056694173e+03,1,1.0000000000000000e+00,9.7425013836706609e-01,2.9027314785500136e-02,2.0980786260513273e-04,1.0420900420538559e-02,1.1360823246268063e-01,1.9795624985743856e-03

1.5712439276007156e+03,0,1.0000000000000000e+00,-9.3417549431491265e-01,-9.3692361394751705e-02,-1.3505765928494393e-03,1.4803442206030965e-01,-1.0331104948382661e-01,-1.8481225784980878e-03
1.5712439276007156e+03,1,1.0000000000000000e+00,9.3417549431491265e-01,9.3692361394751705e-02,1.3505765928494393e-03,-1.4803442206030965e-01,1.0331104948382661e-01,1.8481225784980878e-03

1.6342042365256741e+03,0,1.0000000000000000e+00,-7.3330157832536325e-01,-1.5938120272522369e-01,-2.5581977511978356e-03,4.0293350636401787e-01,-6.2948613192957859e-02,-1.2213515796276758e-03
1.6342042365256741e+03,1,1.0000000000000000e+00,7.3330157832536325e-01,1.5938120272522369e-01,2.5581977511978356e-03,-4.0293350636401787e-01,6.2948613192957859e-02,1.2213515796276758e-03

1.6969849841986349e+03,0,1.0000000000000000e+00,-4.0855686880660602e-01,-1.6992100826547946e-01,-2.8410706398227948e-03,7.9152295319048815e-01,5.9027370186576861e-02,7.8904573265409011e-04
1.6969849841986349e+03,1,1.0000000000000000e+00,4.0855686880660602e-01,1.6992100826547946e-01,2.8410706398227948e-03,-7.9152295319048815e-01,-5.9027370186576861e-02,-7.8904573265409011e-04

1.7594020578335314e+03,0,1.0000000000000000e+00,-2.0650172150765012e-01,-1.4027178777414556e-01,-2.3851730362186522e-03,1.1942585894180378e+00,2.7670691027643068e-01,4.4653910196131175e-03
1.7594020578335314e+03,1,1.0000000000000000e+00,2.0650172150765012e-01,1.4027178777414556e-01,2.3851730362186522e-03,-1.1942585894180378e+00,-2.7670691027643068e-01,-4.4653910196131175e-03

1.8222448769835817e+03,0,1.0000000000000000e+00,-5.1472451388678120e-01,1.3706063075653280e-01,2.5488398494542572e-03,-6.6123598597272881e-01,-3.8371828704039906e-02,-4.6824652254795094e-04
1.8222448769835817e+03,1,1.0000000000000000e+00,5.1472451388678120e-01,-1.3706063075653280e-01,-2.5488398494542572e-03,6.6123598597272881e-01,3.8371828704039906e-02,4.6824652254795094e-04

1.8850639049489473e+03,0,1.0000000000000000e+00,-8.0427055404566095e-01,8.9208308044106260e-02,1.8019069107914768e-03,-3.2825630023014257e-01,-1.0083317744657211e-01,-1.6597839305756553e-03
1.8850639049489473e+03,1,1.0000000000000000e+00,8.0427055404566095e-01,-8.9208308044106260e-02,-1.8019069107914768e-03,3.2825630023014257e-01,1.0083317744657211e-01,1.6597839305756553e-03

1.9479286663194612e+03,0,1.0000000000000000e+00,-9.4809909848823826e-01,1.7043231409491294e-02,5.8626756758734921e-04,-1.1939242957778023e-01,-1.1427656950357375e-01,-1.9580302766648971e-03
1.9479286663194612e+03,1,1.0000000000000000e+00,9.4809909848823826e-01,-1.7043231409491294e-02,-5.8626756758734921e-04,1.1939242957778023e-01,1.1427656950357375e-01,1.9580302766648971e-03

2.0114415693822564e+03,0,1.0000000000000000e+00,-8.7413991083866172e-01,-1.2447492392658799e-01,-1.9060951984843444e-03,2.4049324383491827e-01,-9.2027564242820714e-02,-1.6793646058965478e-03
2.0114415693822564e+03,1,1.0000000000000000e+00,8.7413991083866172e-01,1.2447492392658799e-01,1.9060951984843444e-03,-2.4049324383491827e-01,9.2027564242820714e-02,1.6793646058965478e-03

2.0736537638006985e+03,0,1.0000000000000000e+00,-8.7270873371194202e-01,-1.2506374139633306e-01,-1.9168074639042652e-03,2.4237398827839934e-01,-9.1746700980967988e-02,-1.6750358027079100e-03
2.0736537638006985e+03,1,1.0000000000000000e+00,8.7270873371194202e-01,1.2506374139633306e-01,1.9168074639042652e-03,-2.4237398827839934e-01,9.1746700980967988e-02,1.6750358027079100e-03

2.1366005928489130e+03,0,1.0000000000000000e+00,-5.8896186434500719e-01,-1.7330126856482969e-01,-2.8451070217174086e-03,5.6030360940466351e-01,-2.2546479922140650e-02,-5.6417723775026925e-04
2.1366005928489130e+03,1,1.0000000000000000e+00,5.8896186434500719e-01,1.7330126856482969e-01,2.8451070217174086e-03,-5.6030360940466351e-01,2.2546479922140650e-02,5.6417723775026925e-04

2.1992305345033205e+03,0,1.0000000000000000e+00,-2.7176320810964227e-01,-1.5347249596829476e-01,-2.5956763657756553e-03,1.0345466618033001e+00,1.7807458774515081e-01,2.7926731446239420e-03
2.1992305345033205e+03,1,1.0000000000000000e+00,2.7176320810964227e-01,1.5347249596829476e-01,2.5956763657756553e-03,-1.0345466618033001e+00,-1.7807458774515081e-01,-2.7926731446239420e-03

2.2621467423433769e+03,0,1.0000000000000000e+00,-5.2427495465651441e-01,1.3628281539813619e-01,2.5381744780352327e-03,-6.4907280873062778e-01,-4.1815601423482535e-02,-5.3205394752976363e-04
2.2621467423433769e+03,1,1.0000000000000000e+00,5.2427495465651441e-01,-1.3628281539813619e-01,-2.5381744780352327e-03,6.4907280873062778e-01,4.1815601423482535e-02,5.3205394752976363e-04

2.3256532280729189e+03,0,1.0000000000000000e+00,-9.5303334806833284e-01,1.1759991264266009e-02,4.9556544796486865e-04,-1.0732783962243286e-01,-1.1449564814890881e-01,-1.9655289970997433e-03
2.3256532280729189e+03,1,1.0000000000000000e+00,9.5303334806833284e-01,-1.1759991264266009e-02,-4.9556544796486865e-04,1.0732783962243286e-01,1.1449564814890881e-01,1.9655289970997433e-03

2.3878947227859808e+03,0,1.0000000000000000e+00,-9.5664169899069562e-01,7.6767210981297518e-03,4.2540177979283984e-04,-9.7671499220324309e-02,-1.1459938305304004e-01,-1.9702810596679186e-03
2.3878947227859808e+03,1,1.0000000000000000e+00,9.5664169899069562e-01,-7.6767210981297518e-03,-4.2540177979283984e-04,9.7671499220324309e-02,1.1459938305304004e-01,1.9702810596679186e-03

2.4504666164970877e+03,0,1.0000000000000000e+00,-9.7442907534858669e-01,-3.4159027730194608e-02,-2.9931409254583684e-04,-2.6379826136013751e-04,-1.1328618913959405e-01,-1.9770362549690139e-03
2.4504666164970877e+03,1,1.0000000000000000e+00,9.7442907534858669e-01,3.4159027730194608e-02,2.9931409254583684e-04,2.6379826136013751e-04,1.1328618913959405e-01,1.9770362549690139e-03

2.5135389776190368e+03,0,1.0000000000000000e+00,-8.7318240451756113e-01,-1.2519605289822544e-01,-1.9189723223061528e-03,2.4172378721894155e-01,-9.1753430397890162e-02,-1.6749551746009796e-03
2.5135389776190368e+03,1,1.0000000000000000e+00,8.7318240451756113e-01,1.2519605289822544e-01,1.9189723223061528e-03,-2.4172378721894155e-01,9.1753430397890162e-02,1.6749551746009796e-03

2.5764419427270259e+03,0,1.0000000000000000e+00,-6.1402248656054836e-01,-1.7230541931397056e-01,-2.8200927661325590e-03,5.3208486630673613e-01,-3.0453668688402116e-02,-6.9358035268347190e-04
2.5764419427270259e+03,1,1.0000000000000000e+00,6.1402248656054836e-01,1.7230541931397056e-01,2.8200927661325590e-03,-5.3208486630673613e-01,3.0453668688402116e-02,6.9358035268347190e-04

2.6390325711386313e+03,0,1.0000000000000000e+00,-3.5292230724771545e-01,-1.6506002357187050e-01,-2.7731828763977854e-03,8.7954392317248420e-01,9.8597341148574449e-02,1.4528228663463812e-03
2.6390325711386313e+03,1,1.0000000000000000e+00,3.5292230724771545e-01,1.6506002357187050e-01,2.7731828763977854e-03,-8.7954392317248420e-01,-9.8597341148574449e-02,-1.4528228663463812e-03

2.7020048295789511e+03,0,1.0000000000000000e+00,-5.0496153137

2.7017697861931078e+03,0,1.5000000000000000e+02,9.5698541760997954e-03,-1.0058005991415553e+00,-1.7556556780716406e-02,-5.4975922070582950e+00,-2.5077260783271214e+01,-4.3598380013397076e-01
2.7017697861931078e+03,1,1.5000000000000000e+02,6.1132054779422781e-02,-1.0522503395775389e+00,-1.8382924071781263e-02,5.4983249381471335e+00,2.5076785423882320e+01,4.3597528075379244e-01

2.7646017152631043e+03,0,1.5000000000000000e+02,7.3214115197452467e-03,-1.0787388684166521e+00,-1.8828820182346773e-02,1.2592323292107221e+01,-1.4785965752943067e+01,-2.6188671969700494e-01
2.7646017152631043e+03,1,1.5000000000000000e+02,6.5640072014673742e-02,-1.0242529741237572e+00,-1.7895675992006744e-02,-1.2592833719236285e+01,1.4785744836567662e+01,2.6188301966643257e-01

2.8274336594135830e+03,0,1.5000000000000000e+02,5.7107856808487914e-02,-1.1018503661181718e+00,-1.9247338052823852e-02,2.6656901140844489e+01,3.6246860045728297e+00,5.5138924584794136e-02
2.8274336594135830e+03,1,1.5000000000000000e+02,1.4636256118384226e-02,-1.0495426475556047e+00,-1.8321504242295821e-02,-2.6657161512387241e+01,-3.6261526566118434e+00,-5.5164441875473813e-02

2.8902652884129739e+03,0,1.5000000000000000e+02,3.4798924778915545e-02,-1.1105982867187658e+00,-1.9393214313990291e-02,7.5652504856500371e+01,-1.2516815906346999e+01,-2.4149479952220654e-01
2.8902652884129739e+03,1,1.5000000000000000e+02,4.0285044111961439e-02,-1.0910469340064748e+00,-1.9053667412432002e-02,-7.5651717441819159e+01,1.2516069616002945e+01,2.4148153508648118e-01

2.9530973537413024e+03,0,1.5000000000000000e+02,3.1350566602321793e-02,-1.1489015448312829e+00,-2.0060647890046322e-02,3.4194666192504741e+01,1.2168155515747053e+01,2.0194677574255288e-01
2.9530973537413024e+03,1,1.5000000000000000e+02,4.6973402956019476e-02,-1.0980654270794501e+00,-1.9178194531102113e-02,-3.4194956916083200e+01,-1.2168224249059776e+01,-2.0194788674131581e-01

3.0159296225903940e+03,0,1.5000000000000000e+02,7.1495378610354626e-02,-1.1549672677074365e+00,-2.0178738812390365e-02,-8.1272193825980192e+00,2.5406804939438029e+01,4.4588570438559827e-01
3.0159296225903940e+03,1,1.5000000000000000e+02,5.5744849086935694e-03,-1.1393877057463035e+00,-1.9886756292714490e-02,8.1267404351697099e+00,-2.5408135734514108e+01,-4.4590878405997036e-01

3.0787609079765684e+03,0,1.5000000000000000e+02,5.9101521019715941e-02,-1.1391966389989918e+00,-1.9899727846508498e-02,-1.4202763125937672e+01,1.5561175784214575e+01,2.7590659317351857e-01
3.0787609079765684e+03,1,1.5000000000000000e+02,2.0427425868142647e-02,-1.2058324135405813e+00,-2.1050901065781401e-02,1.4203516039342169e+01,-1.5562166222907655e+01,-2.7592410807533757e-01

3.1415930845403113e+03,0,1.5000000000000000e+02,9.1439911344735995e-03,-1.1839581067898624e+00,-2.0665704502809731e-02,-1.9570717129507059e+01,-1.6829680055226881e+01,-2.8775653245782384e-01
3.1415930845403113e+03,1,1.5000000000000000e+02,7.4338505126711293e-02,-1.2070036990994255e+00,-2.1087765939451431e-02,1.9570653756427447e+01,1.6829675168878140e+01,2.8775646648372211e-01

3.2044245687560551e+03,0,1.5000000000000000e+02,3.0447383882504543e-02,-1.2159004752327152e+00,-2.1229665441996077e-02,-3.7131792889637012e+01,-6.1911086079165159e+01,-1.0691858719292859e+00
3.2044245687560551e+03,1,1.5000000000000000e+02,5.2037685196226431e-02,-1.2215841000108392e+00,-2.1335435487499117e-02,3.7131169087673456e+01,6.1909929607409310e+01,1.0691658787438147e+00

3.2672563698844397e+03,0,1.5000000000000000e+02,3.2961787890331294e-02,-1.2219424905674898e+00,-2.1335879149734616e-02,-2.0739703211620423e+01,-3.4539851296523665e+01,-5.9648552742840188e-01
3.2672563698844397e+03,1,1.5000000000000000e+02,5.1126112123629691e-02,-1.2663341013566460e+00,-2.2116153034179135e-02,2.0740361701161881e+01,3.4538665007137723e+01,5.9646462322539062e-01

3.3300883843194579e+03,0,1.5000000000000000e+02,1.4564744487778176e-02,-1.2803667047755727e+00,-2.2349917969129850e-02,2.3803115365320558e+01,-1.5725483556739524e+01,-2.8169874222870273e-01
3.3300883843194579e+03,1,1.5000000000000000e+02,7.3919045810682787e-02,-1.2545401237319340e+00,-2.1917263252088558e-02,-2.3802971286351692e+01,1.5725474840732440e+01,2.8169854622123269e-01

3.3929204080572081e+03,0,1.5000000000000000e+02,6.5377370302543467e-02,-1.3203835846252834e+00,-2.3063788049435222e-02,1.1578146950820951e+01,1.9919864419001428e+01,3.4412248567392534e-01
3.3929204080572081e+03,1,1.5000000000000000e+02,2.2535376697072992e-02,-1.2603842339477909e+00,-2.2003603915205859e-02,-1.1578850815952222e+01,-1.9920841112292884e+01,-3.4413931690266120e-01

3.4557520443389208e+03,0,1.5000000000000000e+02,7.4572977972245352e-02,-1.2896757499342730e+00,-2.2530663747811975e-02,-1.2219012751518370e+01,1.5095572588690420e+01,2.6717638136206168e-01
3.4557520443389208e+03,1,1.5000000000000000e+02,1.4200289269660965e-02,-1.3417835489164960e+00,-2.3421678727694746e-02,1.2219549120920753e+01,-1.5096899422358348e+01,-2.6719970119900716e-01

3.5185838196753712e+03,0,1.5000000000000000e+02,1.6794598173592166e-02,-1.3162448280349848e+00,-2.2976756924854208e-02,-1.8699998120878586e+01,-1.1417209580036159e+01,-1.9356114754017806e-01
3.5185838196753712e+03,1,1.5000000000000000e+02,7.6589995004237424e-02,-1.3625218769218435e+00,-2.3802618435162532e-02,1.8700311911518110e+01,1.1417153705096998e+01,1.9356007679640952e-01

3.5814160754272616e+03,0,1.5000000000000000e+02,3.9841027401048723e-02,-1.3996026284020713e+00,-2.4438571853341449e-02,1.8699739627897131e+01,-1.0633776294727806e+01,-1.9128154154410648e-01
3.5814160754272616e+03,1,1.5000000000000000e+02,5.3462078919684089e-02,-1.3245645111060222e+00,-2.3133125552262882e-02,-1.8700472822801053e+01,1.0632963065222530e+01,1.9126757208704148e-01

3.6442479148772827e+03,0,1.5000000000000000e+02,8.1791800282357260e-02,-1.3837069832114610e+00,-2.4173934192958005e-02,9.6547995852706414e+00,2.3105643694297832e+01,4.0030791526795884e-01
3.6442479148772827e+03,1,1.5000000000000000e+02,1.1780127054433653e-02,-1.3909263341446743e+00,-2.4278601381457390e-02,-9.6543892752786356e+00,-2.3107062512893457e+01,-4.0033280206114752e-01

3.7070795882930706e+03,0,1.5000000000000000e+02,4.1799915353941938e-02,-1.3834434832538349e+00,-2.4157152656712512e-02,-3.0967329028399394e+01,1.1973194547385742e+01,2.1839472446525143e-01
3.7070795882930706e+03,1,1.5000000000000000e+02,5.6437782120230373e-02,-1.4390888377763407e+00,-2.5132757175810875e-02,3.0967772145860938e+01,-1.1973318234233421e+01,-2.1839701808704826e-01

3.7699112133159633e+03,0,1.5000000000000000e+02,3.0204444894325670e-02,-1.4375688116927141e+00,-2.5098237542450542e-02,-1.9521490396203831e+01,-4.4325286533768690e+01,-7.6763602804099007e-01
3.7699112133159633e+03,1,1.5000000000000000e+02,6.8424955081203512e-02,-1.4300721065335835e+00,-2.4979045221467846e-02,1.9520760101592643e+01,4.4324609349336868e+01,7.6762443201428698e-01

3.8327431198280715e+03,0,1.5000000000000000e+02,5.9057058905093759e-02,-1.4742637304404325e+00,-2.5747441646579033e-02,5.1079029561027227e+01,-1.0171893289744958e+00,-3.3312753879246260e-02
3.8327431198280715e+03,1,1.5000000000000000e+02,3.9401309838179119e-02,-1.4435719342780888e+00,-2.5205808158061751e-02,-5.1078733030691112e+01,1.0157162649569358e+00,3.3286955033972609e-02

3.8955750111218053e+03,0,1.5000000000000000e+02,6.0429046404274357e-02,-1.4668684454899461e+00,-2.5618794096567376e-02,-2.3113447111036894e+01,4.4848548521892667e+01,7.8975621306853094e-01
3.8955750111218053e+03,1,1.5000000000000000e+02,4.2655559954888060e-02,-1.4993421171790973e+00,-2.6180123424891892e-02,2.3113982151688258e+01,-4.4848742868407811e+01,-7.8975976787453783e-01

3.9584068721288945e+03,0,1.5000000000000000e+02,3.2071432809074561e-02,-1.5073522246456896e+00,-2.6316694822147383e-02,-2.3808192124713301e+01,-4.1076296889103183e+01,-7.0962746992412551e-01
3.9584068721288945e+03,1,1.5000000000000000e+02,7.1809459083054847e-02,-1.5038000026570508e+00,-2.6266805509950079e-02,2.3807480806431371e+01,4.1075723740314764e+01,7.0961768378886936e-01

4.0212390350469054e+03,0,1.5000000000000000e+02,7.8443038773969784e-02,-1.5435292239532175e+00,-2.6962196850999397e-02,2.7966066973524640e+01,1.5362034737062803e+01,2.5958509018860426e-01
4.0212390350469054e+03,1,1.5000000000000000e+02,2.4962379619553693e-02,-1.5175618414059313e+00,-2.6492711569025898e-02,-2.7965861769800803e+01,-1.5363535957278682e+01,-2.5961135260626506e-01

4.0840708769150028e+03,0,1.5000000000000000e+02,4.8030031393249288e-02,-1.5226921311000841e+00,-2.6589274652670407e-02,-2.5960178718561231e+01,1.0496310426584650e+01,1.9109419987047616e-01
4.0840708769150028e+03,1,1.5000000000000000e+02,5.9925193091710502e-02,-1.5871235488981859e+00,-2.7717381600873413e-02,2.5960774080183924e+01,-1.0496565375356909e+01,-1.9109883070740574e-01

4.1469023577848120e+03,0,1.5000000000000000e+02,2.8835829637893509e-02,-1.5949315805866202e+00,-2.7844179718950545e-02,1.0320586757711325e-01,-3.0049580036751593e+01,-5.2446892397256373e-01
4.1469023577848120e+03,1,1.5000000000000000e+02,8.0222341152642540e-02,-1.5597392802357204e+00,-2.7245643411167916e-02,-1.0389492338335415e-01,3.0049078953819134e+01,5.2446038877812184e-01

4.2097347671979205e+03,0,1.5000000000000000e+02,9.3733568159775890e-02,-1.5996423327118854e+00,-2.7946163679664696e-02,1.2254509575248633e+00,1.9651662833978701e+01,3.4259549428241609e-01
4.2097347671979205e+03,1,1.5000000000000000e+02,1.4655091736356415e-02,-1.6047674647475465e+00,-2.8011519662348383e-02,-1.2253099905564397e+00,-1.9653176594505869e+01,-3.4262195599005163e-01

4.2725667702393011e+03,0,1.5000000000000000e+02,2.7220788277820276e-02,-1.6013579569607308e+00,-2.7955843486242315e-02,-8.7162477941140981e+00,-1.8935191394930378e+01,-3.2780940045446788e-01
4.2725667702393011e+03,1,1.5000000000000000e+02,8.5647326415757327e-02,-1.6520043897714287e+00,-2.8857544261298981e-02,8.7168783986936962e+00,1.8934893762894625e+01,3.2780401395579789e-01

4.3353980323780479e+03,0,1.5000000000000000e+02,4.7614039887153667e-02,-1.6869758951841456e+00,-2.9456295010358749e-02,2.0367242298642914e+01,-2.3191515354339742e-01,-1.0252009360126269e-02
4.3353980323780479e+03,1,1.5000000000000000e+02,6.6551130705501796e-02,-1.6112005584615701e+00,-2.8139601896620948e-02,-2.0367914582918424e+01,2.3145609383009003e-01,1.0244202462947993e-02

4.3982299984920655e+03,0,1.5000000000000000e+02,8.1065181257693714e-02,-1.6535260258317610e+00,-2.8882704627611763e-02,-2.8043350144661421e+01,8.3100951352160202e+00,1.5357408457492022e-01
4.3982299984920655e+03,1,1.5000000000000000e+02,3.2325452719721537e-02,-1.6942701997219045e+00,-2.9578940786029854e-02,2.8043456223672866e+01,-8.3116133412501618e+00,-1.5360061323937818e-01

4.4610616447307384e+03,0,1.5000000000000000e+02,3.7552574649951972e-02,-1.7020439804955665e+00,-2.9716204336499467e-02,3.1662752549829566e+01,-3.0863379763000772e+01,-5.4828576340263102e-01
4.4610616447307384e+03,1,1.5000000000000000e+02,8.0280441004642933e-02,-1.6948174189958687e+00,-2.9603099761387718e-02,-3.1662107091514887e+01,3.0863062045213653e+01,5.4828002183433244e-01

4.5238936238618508e+03,0,1.5000000000000000e+02,4.0297584006103303e-02,-1.7184462433081082e+00,-3.0003299528971711e-02,-3.2352648425414309e+01,-3.6086198463258391e+01,-6.1993532163310849e-01
4.5238936238618508e+03,1,1.5000000000000000e+02,7.8908580716135823e-02,-1.7232108513580251e+00,-3.0098215584608960e-02,3.2351981748537945e+01,3.6085751952749298e+01,6.1992773204143203e-01

4.5867258007132959e+03,0,1.5000000000000000e+02,9.7574430450226374e-02,-1.7497303447090220e+00,-3.0566730809539613e-02,8.0479094477584390e+00,1.9304116382671737e+01,3.3445162712504306e-01
4.5867258007132959e+03,1,1.5000000000000000e+02,2.0827530179607867e-02,-1.7415231554261108e+00,-3.0400115976592510e-02,-8.0478068690510760e+00,-1.9305634888048345e+01,-3.3447815994742669e-01

4.6495572160302545e+03,0,1.5000000000000000e+02,3.6333716536563906e-02,-1.7393649267422526e+00,-3.0367173402382420e-02,-1.4124789527165806e+01,-1.3502842481448223e+01,-2.3135421961889441e-01
4.6495572160302545e+03,1,1.5000000000000000e+02,8.6521467180618108e-02,-1.8009538107854850e+00,-3.1457336478143832e-02,1.4125431128122049e+01,1.3502529996871413e+01,2.3134857055764663e-01

4.7123891487722549e+03,0,1.5000000000000000e+02,7.2006153353195129e-02,-1.8188296778268738e+00,-3.1764891557452532e-02,1.8675887315651302e+01,2.8546492035709242e+01,4.9251569187587430e-01
4.7123891487722549e+03,1,1.5000000000000000e+02,5.2176560039748257e-02,-1.7662794768466623e+00,-3.0841723345306608e-02,-1.8676560203407888e+01,-2.8546952717644253e+01,-4.9252352690131096e-01

4.7752208639347627e+03,0,1.5000000000000000e+02,6.1560108276466484e-02,-1.8320840250329700e+00,-3.1993029626301094e-02,5.2348007852800947e+01,-2.9236972154737984e+01,-5.2620244585406328e-01
4.7752208639347627e+03,1,1.5000000000000000e+02,6.1861242488647404e-02,-1.8026956929764750e+00,-3.1480224246122561e-02,-5.2347878991459623e+01,2.9235456870678718e+01,5.2617596124473431e-01

4.8380528094423817e+03,0,1.5000000000000000e+02,4.6681700558495222e-02,-1.8074700567733502e+00,-3.1558924215073156e-02,-2.0715839818622811e+01,-3.5411980026031777e+00,-5.5491700704596247e-02
4.8380528094423817e+03,1,1.5000000000000000e+02,8.1251422322070749e-02,-1.8762627799485174e+00,-3.2770053854031644e-02,2.0716458920446058e+01,3.5409147523422568e+00,5.5486568706675288e-02

4.9008847512749953e+03,0,1.5000000000000000e+02,7.1791945032538898e-02,-1.8956158958306928e+00,-3.3104930643774823e-02,1.9900434952073532e+01,2.0687927047332359e+01,3.5499178420163346e-01
4.9008847512749953e+03,1,1.5000000000000000e+02,5.7301092753872351e-02,-1.8329210158334215e+00,-3.2006339726347185e-02,-1.9901124996734083e+01,-2.0688431466223797e+01,-3.5500037731526657e-01

4.9637165104565156e+03,0,1.5000000000000000e+02,7.1369097942894005e-02,-1.9057926593930359e+00,-3.3282410858931660e-02,5.0558579779017819e+01,-9.2277608806946390e+00,-1.7644843956953593e-01
4.9637165104565156e+03,1,1.5000000000000000e+02,5.7087130810107349e-02,-1.8725830927759539e+00,-3.2698473247830331e-02,-5.0558394501693357e+01,9.2262553779620688e+00,1.7642210848187301e-01

5.0265486658305999e+03,0,1.5000000000000000e+02,3.6358745545993484e-02,-1.8880953672794600e+00,-3.2962885236232087e-02,-1.0364315802523787e+01,-1.6900981346819059e+01,-2.9180548419791408e-01
5.0265486658305999e+03,1,1.5000000000000000e+02,9.6701655186365212e-02,-1.9390005751852777e+00,-3.3869686049215107e-02,1.0364890418622583e+01,1.6900748446203032e+01,2.9180124447421785e-01

5.0893801910262791e+03,0,1.5000000000000000e+02,8.3634088048762129e-02,-1.9486821209171332e+00,-3.4034671521642218e-02,1.2212266278876989e+00,4.5483841582771618e+01,7.9343046383575455e-01
5.0893801910262791e+03,1,1.5000000000000000e+02,5.0299134001832738e-02,-1.9232705021296115e+00,-3.3581022699008853e-02,-1.2219389909936886e+00,-4.5484420049685099e+01,-7.9344034246643869e-01

5.1522122730969595e+03,0,1.5000000000000000e+02,1.0478051744077312e-01,-1.9577435603280446e+00,-3.4199257352808363e-02,5.1030805209675520e+00,2.0788893130630534e+01,3.6126164613918627e-01
5.1522122730969595e+03,1,1.5000000000000000e+02,2.8741474180258256e-02,-1.9642935164443305e+00,-3.4290405855741474e-02,-5.1028108436534438e+00,-2.0790375440144537e+01,-3.6128759816019923e-01

5.2150439145714045e+03,0,1.5000000000000000e+02,4.0200308881022495e-02,-1.9866046765373548e+00,-3.4683280034854186e-02,2.0491146282833739e+01,-2.5762396591504690e+01,-4.5585809318501613e-01
5.2150439145714045e+03,1,1.5000000000000000e+02,9.8022639020586694e-02,-1.9837902769400741e+00,-3.4651776572631403e-02,-2.0490643710587207e+01,2.5762229368203791e+01,4.5585502163579195e-01

5.2778762106244640e+03,0,1.5000000000000000e+02,5.8203779256231519e-02,-2.0447447635303826e+00,-3.5703448911604756e-02,1.7545736591811512e+01,-1.1080088422705341e+01,-1.9871921492524658e-01
5.2778762106244640e+03,1,1.5000000000000000e+02,8.0495002131312776e-02,-1.9706332107353637e+00,-3.4416814610133316e-02,-1.7546467400182330e+01,1.1079402704587796e+01,1.9870747012235102e-01

5.3407076047084702e+03,0,1.5000000000000000e+02,7.7488329494513036e-02,-2.0065360790821130e+00,-3.5042490123410673e-02,-3.2896487010201660e+01,-1.1374432168109227e+01,-1.8848986134469675e-01
5.3407076047084702e+03,1,1.5000000000000000e+02,6.1152698383804299e-02,-2.0592172924153753e+00,-3.5956927699626481e-02,3.2896864931099493e+01,1.1372995951547345e+01,1.8846468078272682e-01

5.4035394894641904e+03,0,1.5000000000000000e+02,4.4106683160705006e-02,-2.0307147348680346e+00,-3.5454296691693789e-02,-1.9246614738316964e+01,-9.8376242222015762e+00,-1.6582706446871981e-01
5.4035394894641904e+03,1,1.5000000000000000e+02,9.9291706791527531e-02,-2.0829003252107947e+00,-3.6381871997652311e-02,1.9247010105002886e+01,9.8375288036496826e+00,1.6582527874421998e-01

5.4663712646410322e+03,0,1.5000000000000000e+02,8.5928114010111675e-02,-2.0760172393417675e+00,-3.6257674580119768e-02,-4.0173768505724183e+01,4.4736765552163710e+01,7.9300246623089921e-01
5.4663712646410322e+03,1,1.5000000000000000e+02,5.7463256435967267e-02,-2.0828250429966650e+00,-3.6367815804677642e-02,4.0173036658805472e+01,-4.4737589304818279e+01,-7.9301661975186399e-01

5.5292033906927845e+03,0,1.5000000000000000e+02,9.4952363737402234e-02,-2.0744533323122574e+00,-3.6233129705030800e-02,-2.0435939082826529e+01,6.7033100394290024e+00,1.2321435042748743e-01
5.5292033906927845e+03,1,1.5000000000000000e+02,4.8888407588035497e-02,-2.1350531093786453e+00,-3.7276709048400622e-02,2.0436441918042654e+01,-6.7046647146191241e+00,-1.2323814594901125e-01

5.5920350401037404e+03,0,1.5000000000000000e+02,5.7700380671190786e-02,-2.1036461107628588e+00,-3.6731265737661188e-02,-3.1789713863468833e+01,7.5147591649894352e-01,2.2799255469828306e-02
5.5920350401037404e+03,1,1.5000000000000000e+02,9.0851663437674202e-02,-2.1530980329765415e+00,-3.7604419754251911e-02,3.1789962601508691e+01,-7.5150922123638608e-01,-2.2799912490598984e-02

5.6548670586581975e+03,0,1.5000000000000000e+02,8.9128548162825921e-02,-2.1463022146517994e+00,-3.7485291427699526e-02,-4.2572943856483654e+01,3.7388760911221148e+01,6.6549297045147560e-01
5.6548670586581975e+03,1,1.5000000000000000e+02,5.8892303910720978e-02,-2.1560827634357729e+00,-3.7646774585844076e-02,4.2572244608628161e+01,-3.7389750697324793e+01,-6.6551003158618172e-01

5.7176992829874061e+03,0,1.5000000000000000e+02,7.9869292919412221e-02,-2.1434471452396249e+00,-3.7432642898368486e-02,-2.4923727149005586e+01,-1.0104626182306765e+01,-1.6875745604517220e-01
5.7176992829874061e+03,1,1.5000000000000000e+02,6.9278415748361730e-02,-2.2098145475537785e+00,-3.8587687448239143e-02,2.4924355660748269e+01,1.0103399453044885e+01,1.6873585520287729e-01

5.7805308756244985e+03,0,1.5000000000000000e+02,3.9417433185286732e-02,-2.1904295319876930e+00,-3.8240275617860003e-02,-1.0533370722715112e+01,-1.8018513161378436e+01,-3.1125760394179058e-01
5.7805308756244985e+03,1,1.5000000000000000e+02,1.1421982557557189e-01,-2.2093512403356401e+00,-3.8593292231269387e-02,1.0533432825223613e+01,1.8018512114974683e+01,3.1125756676181016e-01

5.8433623714911128e+03,0,1.5000000000000000e+02,6.3015608848310853e-02,-2.2337348906463319e+00,-3.9003247098457462e-02,5.9912416844664804e+00,-5.3356073784183309e+01,-9.3301701483508848e-01
5.8433623714911128e+03,1,1.5000000000000000e+02,8.9601264403370767e-02,-2.2123115512315250e+00,-3.8637457136782287e-02,-5.9918560625187283e+00,5.3354902541284531e+01,9.3299676098836493e-01

5.9061944740084837e+03,0,1.5000000000000000e+02,6.3502332847524115e-02,-2.2466367140956400e+00,-3.9228563219963444e-02,2.0467728130784273e+01,-5.8835589956720113e+01,-1.0330577720341900e+00
5.9061944740084837e+03,1,1.5000000000000000e+02,9.1076092825341168e-02,-2.2503297938285809e+00,-3.9301416222607292e-02,-2.0466995513195386e+01,5.8834545353867398e+01,1.0330393180217230e+00

5.9690263469874617e+03,0,1.5000000000000000e+02,6.1549654602355945e-02,-2.2951695262643521e+00,-4.0074982721110486e-02,3.1882441730691419e+01,-8.3219346639092784e-01,-2.4236218915823143e-02
5.9690263469874617e+03,1,1.5000000000000000e+02,9.7048690511993135e-02,-2.2475743374087007e+00,-3.9255146314580200e-02,-3.1882598049357419e+01,8.3217089964473168e-01,2.4235872691893007e-02

6.0318584907580544e+03,0,1.5000000000000000e+02,1.1144957413257915e-01,-2.3012706589563638e+00,-4.0196663318085912e-02,-9.4543986586894100e+00,2.5382524242798738e+01,4.4586625025804971e-01
6.0318584907580544e+03,1,1.5000000000000000e+02,4.5781734494271503e-02,-2.2885926912190202e+00,-3.9955397688686771e-02,9.4539358650879244e+00,-2.5383867982785745e+01,-4.4588956077201680e-01

6.0946902741923341e+03,0,1.5000000000000000e+02,7.3533679774515054e-02,-2.2827119519282268e+00,-3.9861218779759337e-02,-1.8822411367080448e+01,-1.0170464484230266e+01,-1.7176515429700495e-01
6.0946902741923341e+03,1,1.5000000000000000e+02,8.6595426604460998e-02,-2.3578423251461240e+00,-4.1176403626601674e-02,1.8823197303903790e+01,1.0169654256333978e+01,1.7175077444876913e-01

6.1575218447594862e+03,0,1.5000000000000000e+02,4.7768352662395951e-02,-2.3634433641141324e+00,-4.1262327214574512e-02,9.4269960462174787e+00,-1.7076703879602128e+01,-3.0090134974746230e-01
6.1575218447594862e+03,1,1.5000000000000000e+02,1.1561220907317868e-01,-2.3222391939507796e+00,-4.0563882759897606e-02,-9.4273825019993716e+00,1.7076581720574787e+01,3.0089933550618231e-01

6.2203537788865460e+03,0,1.5000000000000000e+02,1.1762095616836563e-01,-2.3820921174641274e+00,-4.1609072218929267e-02,8.4847220526537868e+00,1.7592422118966024e+01,3.0444537565181284e-01
6.2203537788865460e+03,1,1.5000000000000000e+02,4.4322308733393476e-02,-2.3517552589432036e+00,-4.1057291855324848e-02,-8.4849593573407383e+00,-1.7593896798115143e+01,-3.0447104006018111e-01

6.2831859798811001e+03,0,1.5000000000000000e+02,6.5985955822258816e-02,-2.3568168150039774e+00,-4.1152227629240298e-02,-1.5938843664051404e+01,-1.2613537631317463e+01,-2.1528108937321100e-01
6.2831859798811001e+03,1,1.5000000000000000e+02,9.9772523541840158e-02,-2.4271320024921303e+00,-4.2389689359701166e-02,1.5939598694814343e+01,1.2612996308479104e+01,2.1527141198035182e-01

6.3460176055055272e+03,0,1.5000000000000000e+02,6.5491999093943543e-02,-2.4488744062874797e+00,-4.2758703637612416e-02,1.9247488768542574e+01,-5.8848627259739388e+00,-1.0856843421495693e-01
6.3460176055055272e+03,1,1.5000000000000000e+02,1.0245557479993056e-01,-2.3798076006398166e+00,-4.1564581994952457e-02,-1.9248078765664424e+01,5.8845473475880290e+00,1.0856310983609335e-01

6.4088491169738063e+03,0,1.5000000000000000e+02,1.2210468337052043e-01,-2.4326763036881691e+00,-4.2493253841619789e-02,-6.9318586360535299e+00,1.8863959077558807e+01,3.3133315295423410e-01
6.4088491169738063e+03,1,1.5000000000000000e+02,4.4743552423581814e-02,-2.4452962827024942e+00,-4.2689936099852409e-02,6.9319081345001159e+00,-1.8865480582874877e+01,-3.3135972196182123e-01

6.4716813683659793e+03,0,1.5000000000000000e+02,5.6507200159923603e-02,-2.4577270206134627e+00,-4.2910465966468372e-02,1.2863313917264865e+01,-2.9066453697892946e+01,-5.1119815209516606e-01
6.4716813683659793e+03,1,1.5000000000000000e+02,1.1487133371592145e-01,-2.4693607996073008e+00,-4.3131283040442940e-02,-1.2862700868424565e+01,2.9066177239025073e+01,5.1119314046838182e-01

6.5345129302005271e+03,0,1.5000000000000000e+02,1.0306708800607965e-01,-2.5002915668551213e+00,-4.3667503384698270e-02,3.0620356190656164e+00,4.3122199962074390e+01,7.5165336345176592e-01
6.5345129302005271e+03,1,1.5000000000000000e+02,6.9240226589395507e-02,-2.4715663973865643e+00,-4.3155875277661647e-02,-3.0627523412077924e+00,-4.3122798751905563e+01,-7.5166359543778127e-01

6.5973445756937244e+03,0,1.5000000000000000e+02,8.0127430856509793e-02,-2.5197691641103290e+00,-4.4000446146601098e-02,5.2875770512690508e+01,-5.3213550250707740e+01,-9.4481220563208312e-01
6.5973445756937244e+03,1,1.5000000000000000e+02,9.1910586954471518e-02,-2.5023845231945705e+00,-4.3700631864448357e-02,-5.2875409719703626e+01,5.3212106489221256e+01,9.4478689861068643e-01

6.6601769586144646e+03,0,1.5000000000000000e+02,5.8630432423285243e-02,-2.5111699768135023e+00,-4.3843820934190064e-02,-1.7895252693512255e+01,-1.1657065564382039e+01,-1.9799236358135602e-01
6.6601769586144646e+03,1,1.5000000000000000e+02,1.1822515320705580e-01,-2.5587836585984376e+00,-4.4692948772589836e-02,1.7895603885297035e+01,1.1656992413614981e+01,1.9799097994005771e-01

6.7230083567082220e+03,0,1.5000000000000000e+02,1.0101739912856354e-01,-2.5949721720405341e+00,-4.5319283366860266e-02,1.7704821078299510e+01,8.8534832409349562e+00,1.4912111712519760e-01
6.7230083567082220e+03,1,1.5000000000000000e+02,7.5519244387316928e-02,-2.5203620484667475e+00,-4.4009389589394557e-02,-1.7705533902218271e+01,-8.8544233415267115e+00,-1.4913730699322270e-01

6.7858402028512191e+03,0,1.5000000000000000e+02,8.0635839953099420e-02,-2.5610954693600192e+00,-4.4721844488830424e-02,-2.2404074118223168e+01,-3.4355197746736174e+01,-5.9275585650046991e-01
6.7858402028512191e+03,1,1.5000000000000000e+02,9.6926285393092740e-02,-2.6051461633298838e+00,-4.5495597709279981e-02,2.2404706152457340e+01,3.4353976018680179e+01,5.9273434186754070e-01

6.8486723714915452e+03,0,1.5000000000000000e+02,5.9296077404238839e-02,-2.5925218530050778e+00,-4.5263809715732135e-02,-2.0434706704195623e+01,-1.5501047571299885e+01,-2.6430549869337328e-01
6.8486723714915452e+03,1,1.5000000000000000e+02,1.2273613185443633e-01,-2.6200865353254121e+00,-4.5764205681917927e-02,2.0434704048860436e+01,1.5501046525870905e+01,2.6430548125705222e-01

6.9115043799125060e+03,0,1.5000000000000000e+02,1.2202569497836506e-01,-2.6408027500003146e+00,-4.6125537052205560e-02,-5.4017813108524955e+00,2.6363092063352745e+01,4.6174495787459380e-01
6.9115043799125060e+03,1,1.5000000000000000e+02,5.8769664859273416e-02,-2.6183951524775240e+00,-4.5715200685800761e-02,5.4012410694413937e+00,-2.6364360462555531e+01,-4.6176692991736612e-01

6.9743357517875020e+03,0,1.5000000000000000e+02,1.0242341790922717e-01,-2.6619421687446851e+00,-4.6488499272561094e-02,5.4952382227821388e+01,3.6600583874713742e+01,6.2202796270683036e-01
6.9743357517875020e+03,1,1.5000000000000000e+02,8.0956818220137561e-02,-2.6481025392712088e+00,-4.6240425001784692e-02,-5.4951602932579704e+01,-3.6601453663041518e+01,-6.2204338000486348e-01

7.0371679559493596e+03,0,1.5000000000000000e+02,6.6166424452183459e-02,-2.7044953875726696e+00,-4.7220110258281461e-02,1.8733734029538915e+01,-9.9038776293945308e+00,-1.7855340919809137e-01
7.0371679559493596e+03,1,1.5000000000000000e+02,1.2061358022209027e-01,-2.6507228100118350e+00,-4.6298235773832144e-02,-1.8734110012909440e+01,9.9037618557464935e+00,1.7855150320681934e-01

7.0999994256429463e+03,0,1.5000000000000000e+02,8.3217167287745392e-02,-2.7089183590871380e+00,-4.7302495954716930e-02,2.0656954921865868e+01,-6.6153518341549585e+01,-1.1608308771905973e+00
7.0999994256429463e+03,1,1.5000000000000000e+02,1.0209217980385479e-01,-2.6945174912036114e+00,-4.7056916104943655e-02,-2.0657158193104031e+01,6.6152032586500951e+01,1.1608050091133051e+00

7.1628315423723852e+03,0,1.5000000000000000e+02,6.9917858418631379e-02,-2.6998505289154346e+00,-4.7140189067692677e-02,-8.9961941245891826e+00,-2.1490159737218939e+01,-3.7231446553503844e-01
7.1628315423723852e+03,1,1.5000000000000000e+02,1.1940810244831906e-01,-2.7535378584918591e+00,-4.8092238519970923e-02,8.9969204423548934e+00,2.1489696910538036e+01,3.7230616683620532e-01

7.2256632358290281e+03,0,1.5000000000000000e+02,6.8289145762321146e-02,-2.7635949931161727e+00,-4.8252187179290258e-02,-3.1919941731183279e+00,-3.0084988078270904e+01,-5.2408305319678838e-01
7.2256632358290281e+03,1,1.5000000000000000e+02,1.2278557632840530e-01,-2.7344452431324187e+00,-4.7760055300074308e-02,3.1913365493217292e+00,3.0084559264503071e+01,5.2407576969923286e-01

7.2884952906785475e+03,0,1.5000000000000000e+02,9.0482265557277688e-02,-2.7590642583417466e+00,-4.8179875685050610e-02,-3.8632773493849498e+01,-4.2458304654922586e+01,-7.2923077610147957e-01
7.2884952906785475e+03,1,1.5000000000000000e+02,9.9820050691265899e-02,-2.7888248098635167e+00,-4.8702113522460545e-02,3.8633000362850822e+01,4.2456809905360259e+01,7.2920462001351405e-01

7.3513269170950352e+03,0,1.5000000000000000e+02,6.2234295704389500e-02,-2.7813735562159736e+00,-4.8560621340353383e-02,-4.8753093142195798e+00,-1.9582440863526017e+01,-3.4027553742549105e-01
7.3513269170950352e+03,1,1.5000000000000000e+02,1.3287672506619363e-01,-2.8148326611836705e+00,-4.9166083246568598e-02,4.8757528506561147e+00,1.9582315812698923e+01,3.4027321987237508e-01

7.4141590389560943e+03,0,1.5000000000000000e+02,9.3561505493928443e-02,-2.8582892983120911e+00,-4.9912529412693057e-02,1.9565824302210256e+01,-9.3834428350064947e+00,-1.6972405170599747e-01
7.4141590389560943e+03,1,1.5000000000000000e+02,1.0150516574180002e-01,-2.7830621277576895e+00,-4.8602054157218993e-02,-1.9566549915978069e+01,9.3825689900300340e+00,1.6970902205467842e-01

7.4769906196587754e+03,0,1.5000000000000000e+02,1.1413408491657584e-01,-2.8544986242846124e+00,-4.9852640096767702e-02,4.4653416843867390e+01,2.4640598652494432e+01,4.1643484319467583e-01
7.4769906196587754e+03,1,1.5000000000000000e+02,8.1753337340004451e-02,-2.8377408018555599e+00,-4.9550311528073050e-02,-4.4652803064742969e+01,-2.4641843132063755e+01,-4.1645674933465027e-01

7.5398225414680483e+03,0,1.5000000000000000e+02,1.0294744017319321e-01,-2.8837763319225220e+00,-5.0360198706852009e-02,4.6253616840100747e+01,3.7972927743664243e+01,6.4862859570187825e-01
7.5398225414680483e+03,1,1.5000000000000000e+02,9.7457551893395986e-02,-2.8548576987359668e+00,-4.9853826566347660e-02,-4.6253626583469284e+01,-3.7972929367081363e+01,-6.4862862106541219e-01

7.6026545102277423e+03,0,1.5000000000000000e+02,1.2421948950859787e-01,-2.8891114518430867e+00,-5.0459789527556378e-02,-2.7293723278093864e+01,2.7415023737663837e+01,4.8677270251181193e-01
7.6026545102277423e+03,1,1.5000000000000000e+02,7.4879951696753572e-02,-2.8962039247441553e+00,-5.0568539801359065e-02,2.7293214397515413e+01,-2.7416324904941362e+01,-4.8679525598939466e-01

7.6654861324879903e+03,0,1.5000000000000000e+02,8.6975840912490596e-02,-2.8865627733951320e+00,-5.0403963291036670e-02,-1.5357727612179717e+01,-2.0686232172469332e+01,-3.5634606260803470e-01
7.6654861324879903e+03,1,1.5000000000000000e+02,1.1497214329001230e-01,-2.9495385957271676e+00,-5.1511571532550371e-02,1.5358514301380884e+01,2.0685444937373134e+01,3.5633208381046233e-01

7.7283180702648879e+03,0,1.5000000000000000e+02,8.8123708622398142e-02,-2.9723226258508064e+00,-5.1901028748548947e-02,2.5156899793267982e+01,1.8722911364960080e+00,2.5012366837765254e-02
7.7283180702648879e+03,1,1.5000000000000000e+02,1.1686571823131645e-01,-2.9087180205179890e+00,-5.0799731086404176e-02,-2.5157372854285754e+01,-1.8724789790580072e+00,-2.5015501031905363e-02

7.7911500367477174e+03,0,1.5000000000000000e+02,1.3088142041197648e-01,-2.9506375724228504e+00,-5.1535597767108719e-02,-2.4224597165772508e+01,1.4692738420773788e+01,2.6380325159917023e-01
7.7911500367477174e+03,1,1.5000000000000000e+02,7.2735517495463115e-02,-2.9791987589401345e+00,-5.2016346048187341e-02,2.4224549056493309e+01,-1.4694256258000243e+01,-2.6382972685505929e-01

7.8539818501798836e+03,0,1.5000000000000000e+02,7.5940178818489898e-02,-2.9848413672355165e+00,-5.2115799367680279e-02,1.4754474992921320e+01,-3.0006491666799167e+01,-5.2818018665740119e-01
7.8539818501798836e+03,1,1.5000000000000000e+02,1.3214866963888072e-01,-2.9943588492461477e+00,-5.2299025286897227e-02,-1.4753848409802785e+01,3.0006197793615332e+01,5.2817486698588412e-01

7.9168135427281159e+03,0,1.5000000000000000e+02,1.2232474313509120e-01,-3.0243770373122589e+00,-5.2819922191232091e-02,-9.8127153593282657e-01,4.3976773494615713e+01,7.6779945240899983e-01
7.9168135427281159e+03,1,1.5000000000000000e+02,8.6614666388255185e-02,-2.9995524461595298e+00,-5.2375794872973704e-02,9.8054556764757450e-01,-4.3977425095628803e+01,-7.6781060325997286e-01

7.9796454143012970e+03,0,1.5000000000000000e+02,1.0704552345841836e-01,-3.0497816655157926e+00,-5.3258639509981637e-02,6.4468065636314392e+01,-1.3736435800385095e+01,-2.5937295362872181e-01
7.9796454143012970e+03,1,1.5000000000000000e+02,1.0190519149492477e-01,-3.0247087393550616e+00,-5.2819490697880563e-02,-6.4467593891808448e+01,1.3735058482616893e+01,2.5934877241114218e-01

8.0424778323377286e+03,0,1.5000000000000000e+02,7.1165950532359773e-02,-3.0466849141886851e+00,-5.3193663621615150e-02,-1.2889272350945419e+01,-1.6557576750671203e+01,-2.8504306280278868e-01
8.0424778323377286e+03,1,1.5000000000000000e+02,1.4257854087182653e-01,-3.0749068498424728e+00,-5.3707958936751413e-02,1.2889428544205046e+01,1.6557564841963568e+01,2.8504280738657850e-01

8.1053095758684094e+03,0,1.5000000000000000e+02,1.3528929391392117e-01,-3.1076941943498460e+00,-5.4277956425523029e-02,7.0531845235866211e+00,2.0904052256052822e+01,3.6267738418469320e-01
8.1053095758684094e+03,1,1.5000000000000000e+02,7.7421482341930831e-02,-3.0599952800149071e+00,-5.3427867147351780e-02,-7.0537826972839444e+00,-2.0905246800821338e+01,-3.6269804964121233e-01

8.1681411675644949e+03,0,1.5000000000000000e+02,9.0159976811862455e-02,-3.0974753003052302e+00,-5.4085864233326196e-02,1.1531523117935620e+00,-4.5288112950387912e+01,-7.9073784210475528e-01
8.1681411675644949e+03,1,1.5000000000000000e+02,1.2489954437752809e-01,-3.1211730981439794e+00,-5.4510030647684032e-02,-1.1523778187573264e+00,4.5287214387360166e+01,7.9072192408229669e-01

8.2309733193489938e+03,0,1.5000000000000000e+02,7.4311077114820989e-02,-3.1401336268830966e+00,-5.4825526563790243e-02,-5.3615947510511184e+00,-2.3400837887664672e+01,-4.0676761569155356e-01
8.2309733193489938e+03,1,1.5000000000000000e+02,1.4416037980758065e-01,-3.1236378193277812e+00,-5.4558913420655261e-02,5.3611878447313224e+00,2.3400701408600092e+01,4.0676535776146455e-01

8.2938048355082683e+03,0,1.5000000000000000e+02,1.4488468696701259e-01,-3.1507158409440637e+00,-5.5031710676528685e-02,-1.2138604546967962e+01,1.9435683472419989e+01,3.4289726551075383e-01
8.2938048355082683e+03,1,1.5000000000000000e+02,7.2118042663430831e-02,-3.1615689787864834e+00,-5.5198956936241411e-02,1.2138500260706508e+01,-1.9437193506091880e+01,-3.4292358746219598e-01

8.3566366651863336e+03,0,1.5000000000000000e+02,1.2129580166829722e-01,-3.1627117561344997e+00,-5.5233882283213118e-02,-1.8414641376775105e+01,4.1323178807361742e+01,7.2679861721641381e-01
8.3566366651863336e+03,1,1.5000000000000000e+02,1.0010374516683336e-01,-3.1991033585839137e+00,-5.5862547522679488e-02,1.8415284882842837e+01,-4.1323495483967960e+01,-7.2680434001743399e-01

8.4194683195525613e+03,0,1.5000000000000000e+02,1.1242875743730149e-01,-3.2418737876271950e+00,-5.6612749011359667e-02,1.9823951455409208e+01,5.8177030320556860e+00,9.5493890255519298e-02
8.4194683195525613e+03,1,1.5000000000000000e+02,1.0987975956187430e-01,-3.1646356639789364e+00,-5.5263981376415555e-02,-1.9824677094805374e+01,-5.8183533680042636e+00,-9.5505019128352908e-02

8.4823006024054612e+03,0,1.5000000000000000e+02,1.4413620748501549e-01,-3.2234625801440115e+00,-5.6301088245152925e-02,1.0345546204774369e+01,2.5051157321485761e+01,4.3405138567544654e-01
8.4823006024054612e+03,1,1.5000000000000000e+02,7.8218166577600584e-02,-3.2336512341386525e+00,-5.6458823972515705e-02,-1.0345053387930957e+01,-2.5052518962056652e+01,-4.3407529970767234e-01

8.5451323306753002e+03,0,1.5000000000000000e+02,1.0056801534587709e-01,-3.2704398477647554e+00,-5.7107682287351275e-02,4.2567245566925806e+01,8.4823724512813570e-01,1.8363981884677028e-03
8.5451323306753002e+03,1,1.5000000000000000e+02,1.2655637015396076e-01,-3.2336071181334352e+00,-5.6472779427223105e-02,-4.2567141832920996e+01,-8.4824207216220415e-01,-1.8365140319017703e-03

8.6079641364296967e+03,0,1.5000000000000000e+02,1.4092484780450570e-01,-3.3029230688268525e+00,-5.7686886660025374e-02,1.2266714206828837e+01,1.5478637489733801e+01,2.6640262798551928e-01
8.6079641364296967e+03,1,1.5000000000000000e+02,8.5006996903604803e-02,-3.2474587990696118e+00,-5.6701867265043136e-02,-1.2267262450653099e+01,-1.5479896144288832e+01,-2.6642442752256268e-01

8.6707957449755831e+03,0,1.5000000000000000e+02,1.3394035482794814e-01,-3.2783934368535870e+00,-5.7256657826209804e-02,-7.4468932264903920e+00,3.0981084325827808e+01,5.4296304411435858e-01
8.6707957449755831e+03,1,1.5000000000000000e+02,9.4732226901374603e-02,-3.3228562879684840e+00,-5.8020697489965113e-02,7.4476795701549712e+00,-3.0981874011913014e+01,-5.4297706558236725e-01

8.7336277228768249e+03,0,1.5000000000000000e+02,1.1320461064925319e-01,-3.3112813707473259e+00,-5.7824314605813588e-02,-6.7836864225992002e+01,9.9484745283782843e+00,1.9429016079150352e-01
8.7336277228768249e+03,1,1.5000000000000000e+02,1.1843136614332418e-01,-3.3348295967370496e+00,-5.8236880058285409e-02,6.7836353192740603e+01,-9.9486986235718433e+00,-1.9429391611383995e-01

8.7964597006173226e+03,0,1.5000000000000000e+02,1.1684893675868022e-01,-3.3303252176933094e+00,-5.8157785729678613e-02,-4.7039341849637211e+01,-2.4246491604382886e+01,-4.0882989557855615e-01
8.7964597006173226e+03,1,1.5000000000000000e+02,1.1349816777788981e-01,-3.3649101004232693e+00,-5.8760354405232862e-02,4.7039400953993223e+01,2.4244971045391008e+01,4.0880334016022818e-01

8.8592917411728886e+03,0,1.5000000000000000e+02,9.6196678542542102e-02,-3.3798635799230081e+00,-5.9016057998503901e-02,3.5224654977807248e+01,-2.3306750244267949e+01,-4.1748946638447804e-01
8.8592917411728886e+03,1,1.5000000000000000e+02,1.3888696658472932e-01,-3.3642288736444903e+00,-5.8756199615759279e-02,-3.5224141463205584e+01,2.3306572899576590e+01,4.1748621485948212e-01

8.9221232081683629e+03,0,1.5000000000000000e+02,1.3776034755687591e-01,-3.4210223805689353e+00,-5.9747039776766910e-02,9.9279433350485906e+00,2.5281343072828367e+01,4.3819589653161706e-01
8.9221232081683629e+03,1,1.5000000000000000e+02,9.7414831784734784e-02,-3.3680657221671089e+00,-5.8810528079774750e-02,-9.9286692825229697e+00,-2.5282211983883290e+01,-4.3821083997308741e-01

8.9849553129322176e+03,0,1.5000000000000000e+02,1.1289908256382512e-01,-3.3927101562226500e+00,-5.9245349775391677e-02,-2.3549275624782766e+01,-2.5030860047337370e+01,-4.2967485916524206e-01
8.9849553129322176e+03,1,1.5000000000000000e+02,1.2323463806546613e-01,-3.4473607735809684e+00,-6.0202283111701026e-02,2.3549935384447920e+01,2.5029678233047491e+01,4.2965403267725644e-01

9.0477870320978964e+03,0,1.5000000000000000e+02,1.1196041664777207e-01,-3.4657285570510470e+00,-6.0519410640206481e-02,3.8149823405193786e+01,1.1410038598112859e+01,1.8751094018071657e-01
9.0477870320978964e+03,1,1.5000000000000000e+02,1.2847793657582052e-01,-3.4202737139830104e+00,-5.9731146024248165e-02,-3.8149992175561195e+01,-1.1410065158149887e+01,-1.8751135230448163e-01

9.1106188301559705e+03,0,1.5000000000000000e+02,1.1643337353127660e-01,-3.4557473690222453e+00,-6.0346577507211209e-02,-5.9631808995014488e+01,-3.8723386319506147e+01,-6.5765046645569780e-01
9.1106188301559705e+03,1,1.5000000000000000e+02,1.2244721796126726e-01,-3.4777551902825472e+00,-6.0732498963443467e-02,5.9631498773471272e+01,3.8721944280688746e+01,6.5762539391154251e-01

9.1734509349651307e+03,0,1.5000000000000000e+02,1.2894689257773567e-01,-3.4624178324988049e+00,-6.0466805190605856e-02,-2.0287198861106358e+01,2.3255174468164881e+01,4.1203890457493386e-01
9.1734509349651307e+03,1,1.5000000000000000e+02,1.1382729010646561e-01,-3.5212732997225782e+00,-6.1489368797475165e-02,2.0287926491567578e+01,-2.3255641702580462e+01,-4.1204728060054419e-01

9.2362825334934860e+03,0,1.5000000000000000e+02,1.0392478567105287e-01,-3.5481625650141400e+00,-6.1955634574504259e-02,1.5230607826522846e+01,-1.3962704769246349e+01,-2.4832254265172327e-01
9.2362825334934860e+03,1,1.5000000000000000e+02,1.4038637413408650e-01,-3.4801049118289806e+00,-6.0778972148964445e-02,-1.5231304210943840e+01,1.3962178406231184e+01,2.4831356849136288e-01

9.2991145601914286e+03,0,1.5000000000000000e+02,1.3424442373027823e-01,-3.5107673446074723e+00,-6.1312234367257051e-02,-2.9440842080541511e+01,-5.5370525565797788e+00,-8.7666242919706205e-02
9.2991145601914286e+03,1,1.5000000000000000e+02,1.0972603867938140e-01,-3.5678760762627020e+00,-6.2301450056759959e-02,2.9441266129049698e+01,5.5356435897493359e+00,8.7641523878285665e-02

9.3619462219624002e+03,0,1.5000000000000000e+02,1.2408198236001486e-01,-3.5452064524697180e+00,-6.1910183877919224e-02,-4.4167483691299608e+01,2.7701880571388187e+01,4.9691934694129358e-01
9.3619462219624002e+03,1,1.5000000000000000e+02,1.2474757534242381e-01,-3.5806128932201360e+00,-6.2528314233904009e-02,4.4167624102938220e+01,-2.7701890276390841e+01,-4.9691955909155672e-01

9.4247782743949974e+03,0,1.5000000000000000e+02,1.5333261647856122e-01,-3.6114759317847649e+00,-6.3075656492081883e-02,9.9718658921107135e+00,1.7591372875085220e+01,3.0397403089406261e-01
9.4247782743949974e+03,1,1.5000000000000000e+02,9.4309760234139506e-02,-3.5606074730677273e+00,-6.2169899172531816e-02,-9.9724092224729262e+00,-1.7592636835991463e+01,-3.0399592453792934e-01

9.4876098421306997e+03,0,1.5000000000000000e+02,1.2212985440254442e-01,-3.6211702481991410e+00,-6.3235340276609264e-02,7.5103742623201640e+01,-1.3987441182035234e+01,-2.6699357857851513e-01
9.4876098421306997e+03,1,1.5000000000000000e+02,1.2838230013502935e-01,-3.6017631545743836e+00,-6.2898544491508335e-02,-7.5102957047364441e+01,1.3986703382766386e+01,2.6698046289278299e-01

9.5504422228173444e+03,0,1.5000000000000000e+02,1.1633360364663983e-01,-3.6682650527172354e+00,-6.4055492238272088e-02,2.3579716800013280e+01,3.8275501521564124e+00,5.9616803675156260e-02
9.5504422228173444e+03,1,1.5000000000000000e+02,1.3685314528920128e-01,-3.5993901925123208e+00,-6.2859711111909924e-02,-2.3580291989012416e+01,-3.8278470619044001e+00,-5.9621810243782269e-02

9.6132737706392982e+03,0,1.5000000000000000e+02,1.5262944281240595e-01,-3.6716231459561257e+00,-6.4125155968412742e-02,2.7954662608119360e+01,1.5402023614037585e+01,2.6028646645008263e-01
9.6132737706392982e+03,1,1.5000000000000000e+02,9.9486514874422102e-02,-3.6456201001181672e+00,-6.3655151160201082e-02,-2.7954461873155697e+01,-1.5403524457789455e+01,-2.6031272093620678e-01

9.6761057154864520e+03,0,1.5000000000000000e+02,1.1878291524488449e-01,-3.6971577096748476e+00,-6.4560484802564502e-02,5.2786275704771931e+01,-1.0229160892772242e+00,-3.3932782983429055e-02
9.6761057154864520e+03,1,1.5000000000000000e+02,1.3824816744996818e-01,-3.6682613505306514e+00,-6.4062103554228783e-02,-5.2785919615010563e+01,1.0228397399636791e+00,3.3931342027009870e-02

9.7389375767438396e+03,0,1.5000000000000000e+02,1.5386606289604032e-01,-3.7315026543292462e+00,-6.5170574232353520e-02,8.4748813570747057e+00,2.1505559594110082e+01,3.7274203910850712e-01
9.7389375767438396e+03,1,1.5000000000000000e+02,1.0252566289541476e-01,-3.6794309740624054e+00,-6.4246158130117165e-02,-8.4755395895026044e+00,-2.1506650261019828e+01,-3.7276087335193264e-01

9.8017691856513975e+03,0,1.5000000000000000e+02,1.4479519298037635e-01,-3.6959412505549691e+00,-6.4547178885359019e-02,-1.6101415620413356e+01,1.3364477115291283e+01,2.3814730718676169e-01
9.8017691856513975e+03,1,1.5000000000000000e+02,1.1363935211362752e-01,-3.7660599996298925e+00,-6.5761428699286709e-02,1.6102183801126628e+01,-1.3365404460895899e+01,-2.3816372561258858e-01

9.8646014548872208e+03,0,1.5000000000000000e+02,9.6684347835066881e-02,-3.7692685151361554e+00,-6.5812259976596649e-02,1.9610000637413449e+00,-2.1673480811707510e+01,-3.7885178114941354e-01
9.8646014548872208e+03,1,1.5000000000000000e+02,1.6513852403730955e-01,-3.7377734036099555e+00,-6.5283447882884441e-02,-1.9614546398403618e+00,2.1673307872630577e+01,3.7884890142470073e-01

9.9274329790155953e+03,0,1.5000000000000000e+02,1.5507704579596021e-01,-3.7956362415120233e+00,-6.6290228606469187e-02,2.8805950957713698e+01,1.0643327427635811e+01,1.7697643606387553e-01
9.9274329790155953e+03,1,1.5000000000000000e+02,1.0534947935392569e-01,-3.7603649618499904e+00,-6.5659511246041066e-02,-2.8805905069254081e+01,-1.0644848162634524e+01,-1.7700299052883034e-01

9.9902649556416964e+03,0,1.5000000000000000e+02,1.2027285967291766e-01,-3.7724416435678725e+00,-6.5874824572080840e-02,-2.7808413774216419e+01,4.8985672278383170e+00,9.3963143634054891e-02
9.9902649556416964e+03,1,1.5000000000000000e+02,1.4494892334791487e-01,-3.8323580518254232e+00,-6.6928027221805519e-02,2.7808888305816680e+01,-4.8987145270117161e+00,-9.3965858917549050e-02

1.0053096996493219e+04,0,1.5000000000000000e+02,1.3317842922238349e-01,-3.8623967167564790e+00,-6.7448688550718741e-02,2.0779231058495601e+01,-7.3731762113483299e+00,-1.3500970515337801e-01
1.0053096996493219e+04,1,1.5000000000000000e+02,1.3182580792744789e-01,-3.7875494837761239e+00,-6.6142012167111838e-02,-2.0779932851932369e+01,7.3721984154197386e+00,1.3499285405010003e-01

1.0115928488514757e+04,0,1.5000000000000000e+02,1.5317700046102717e-01,-3.8175980480681004e+00,-6.6672936220472323e-02,-1.4426323809887297e+01,1.4961217436210097e+01,2.6550398018566490e-01
1.0115928488514757e+04,1,1.5000000000000000e+02,1.1338538607575405e-01,-3.8834446918505492e+00,-6.7809996775859860e-02,1.4427062239560438e+01,-1.4962244520017427e+01,-2.6552213022023929e-01

1.0178760793607094e+04,0,1.5000000000000000e+02,1.1827612865460933e-01,-3.9024898432746462e+00,-6.8143870397097434e-02,2.6429852239939176e+01,1.5755674978845668e-01,-5.3016577982971103e-03
1.0178760793607094e+04,1,1.5000000000000000e+02,1.5201571146553103e-01,-3.8438231444758788e+00,-6.7130273511902025e-02,-2.6430236242220293e+01,-1.5767853521142960e-01,5.2996493287548185e-03

1.0241592186617610e+04,0,1.5000000000000000e+02,1.4685696183092922e-01,-3.8786423736046429e+00,-6.7736381344960517e-02,-4.2401859510928361e+01,-2.0926170320089543e+00,-2.3604202016714371e-02
1.0241592186617610e+04,1,1.5000000000000000e+02,1.2192882706741247e-01,-3.9163116505632996e+00,-6.8386206946939490e-02,4.2401835225701078e+01,2.0910978211366409e+00,2.3577695528570752e-02

1.0304424087519417e+04,0,1.5000000000000000e+02,1.3165477274095155e-01,-3.8931242376485096e+00,-6.7984493652374356e-02,-2.9174641279009069e+01,1.3716238755681292e+01,2.4826892879990226e-01
1.0304424087519417e+04,1,1.5000000000000000e+02,1.4184718167656657e-01,-3.9508779226001387e+00,-6.8995539378372939e-02,2.9175156655021592e+01,-1.3716418144853559e+01,-2.4827221657358500e-01

1.0367256365653744e+04,0,1.5000000000000000e+02,1.5903148564360733e-01,-3.9700033505811168e+00,-6.9334559038736879e-02,8.4310788682940156e+00,2.4993240403103663e+01,4.3362380578825577e-01
1.0367256365653744e+04,1,1.5000000000000000e+02,1.1440331012905500e-01,-3.9190343747513956e+00,-6.8431432546848719e-02,-8.4317897843254102e+00,-2.4994184420602217e+01,-4.3364006459751303e-01

1.0430087669028671e+04,0,1.5000000000000000e+02,1.4719257306606617e-01,-3.9789231750977372e+00,-6.9486624934980562e-02,5.9487896025278644e+01,2.5190017852648673e+01,4.2150446012275511e-01
1.0430087669028671e+04,1,1.5000000000000000e+02,1.2768845906763995e-01,-3.9612144548799368e+00,-6.9171623557669884e-02,-5.9487163972731125e+01,-2.5191060776744273e+01,-4.2152288466570109e-01

1.0492919703690422e+04,0,1.5000000000000000e+02,1.1432869735761152e-01,-4.0205873388268580e+00,-7.0203753445810535e-02,2.0492259147759611e+01,-8.0553413029001728e+00,-1.4682770650678179e-01
1.0492919703690422e+04,1,1.5000000000000000e+02,1.6431604847042700e-01,-3.9648364612157141e+00,-6.9245994261671953e-02,-2.0492643344077266e+01,8.0552192968133571e+00,1.4682569424556824e-01

1.0555751536768124e+04,0,1.5000000000000000e+02,1.6293359735094734e-01,-4.0360809058588893e+00,-7.0488960132854009e-02,2.8639591076511874e+01,9.3395376646991188e+00,1.5427284590206813e-01
1.0555751536768124e+04,1,1.5000000000000000e+02,1.1420610168878229e-01,-3.9980240465853423e+00,-6.9809932359330529e-02,-2.8639596833929378e+01,-9.3410577966650727e+00,-1.5429937410928707e-01

1.0618583210225766e+04,0,1.5000000000000000e+02,1.1999523338087437e-01,-4.0502154244957014e+00,-7.0722561067004891e-02,3.6179278251846696e+01,-2.1856339330666103e+01,-3.9246711526989680e-01
1.0618583210225766e+04,1,1.5000000000000000e+02,1.6190988046224755e-01,-4.0328339719456361e+00,-7.0431981472647051e-02,-3.6178789660029082e+01,2.1856181338417620e+01,3.9246420908366358e-01

1.0681415454639098e+04,0,1.5000000000000000e+02,1.6470680007740587e-01,-4.0884798601213408e+00,-7.1403988171842278e-02,7.1583762998800644e+00,2.5049506280770515e+01,4.3499348781339370e-01
1.0681415454639098e+04,1,1.5000000000000000e+02,1.1696829537044678e-01,-4.0397025472284440e+00,-7.0538163963733441e-02,-7.1590727419963933e+00,-2.5050500774213752e+01,-4.3501063195833672e-01

1.0744247587228319e+04,0,1.5000000000000000e+02,1.4485913665113390e-01,-4.0515604652906836e+00,-7.0753609648165766e-02,-2.0630338833945906e+01,-4.1994375544995926e+00,-6.7005611296829914e-02
1.0744247587228319e+04,1,1.5000000000000000e+02,1.3852766313738507e-01,-4.1277389600047822e+00,-7.2081178924625650e-02,2.0631093873182614e+01,4.1984605861352513e+00,6.6988330837643772e-02

1.0807079331594541e+04,0,1.5000000000000000e+02,1.1142462635064733e-01,-4.1349179416052291e+00,-7.2198212965470548e-02,9.7587134462248386e+00,-1.7200253309714704e+01,-3.0315863665073173e-01
1.0807079331594541e+04,1,1.5000000000000000e+02,1.7545648244749470e-01,-4.0894569109495320e+00,-7.1424314790699536e-02,-9.7591685616058541e+00,1.7200079617179043e+01,3.0315574394072609e-01

1.0869910999211501e+04,0,1.5000000000000000e+02,1.8013578004099445e-01,-4.1422223022398414e+00,-7.2346623327730564e-02,9.8117972223266499e+00,1.9220127513061470e+01,3.3244848100217550e-01
1.0869910999211501e+04,1,1.5000000000000000e+02,1.0536636069343425e-01,-4.1312313159666187e+00,-7.2132026943947200e-02,-9.8116983173243462e+00,-1.9221644791857834e+01,-3.3247499129863300e-01

1.0932742719989728e+04,0,1.5000000000000000e+02,1.1694193214177734e-01,-4.1357913793845427e+00,-7.2215137337156690e-02,-1.8627056916884008e+01,-1.0742110050495842e+01,-1.8180125643922046e-01
1.0932742719989728e+04,1,1.5000000000000000e+02,1.7346689819674607e-01,-4.1861345056218857e+00,-7.3110965401260095e-02,1.8627442164546942e+01,1.0742018562362762e+01,1.8179954239161039e-01

1.0995574920523948e+04,0,1.5000000000000000e+02,1.6849337453460611e-01,-4.2143038895259632e+00,-7.3601073852756604e-02,1.2988904585965635e+01,1.5876091395320216e+01,2.7311915214080235e-01
1.0995574920523948e+04,1,1.5000000000000000e+02,1.2124560689477840e-01,-4.1531154853170156e+00,-7.2518795729319727e-02,-1.2989545910748646e+01,-1.5877214426580398e+01,-2.7313855637061496e-01

1.1058406719499604e+04,0,1.5000000000000000e+02,1.3111822384864405e-01,-4.1809186226051311e+00,-7.3007034919572486e-02,-1.4110328053945207e+01,-2.4976624009391113e+01,-4.3160372364652955e-01
1.1058406719499604e+04,1,1.5000000000000000e+02,1.6097371257025525e-01,-4.2375549627502398e+00,-7.4004570310672257e-02,1.4111111828897059e+01,2.4975801137164215e+01,4.3158912378191827e-01

1.1121237998666344e+04,0,1.5000000000000000e+02,1.5577547731338037e-01,-4.2531421847404731e+00,-7.4275021299817820e-02,2.2351057305019147e+01,3.5059238765773060e+01,6.0505921716787325e-01
1.1121237998666344e+04,1,1.5000000000000000e+02,1.3917533622097003e-01,-4.2100690642244265e+00,-7.3518234745119829e-02,-2.2351633206557423e+01,-3.5059537238148906e+01,-6.0506425079074200e-01

1.1184069942127970e+04,0,1.5000000000000000e+02,1.7500475269414636e-01,-4.2661548254955450e+00,-7.4507981070087007e-02,2.5693100335705605e+01,1.8701064552509393e+01,3.1855161600477488e-01
1.1184069942127970e+04,1,1.5000000000000000e+02,1.1894920977976384e-01,-4.2468326741103164e+00,-7.4153686668907190e-02,-2.5692814322591989e+01,-1.8702539552433620e+01,-3.1857744543209021e-01

1.1246901934699918e+04,0,1.5000000000000000e+02,1.1317877071482971e-01,-4.2843626866947995e+00,-7.4806917842445877e-02,1.1607737167184883e+01,-1.9986381748101920e+01,-3.5234655598127856e-01
1.1246901934699918e+04,1,1.5000000000000000e+02,1.8574762067628647e-01,-4.2762284987954233e+00,-7.4687063547580493e-02,-1.1607547675329325e+01,1.9986362488406151e+01,3.5234616212756548e-01

1.1309733625183389e+04,0,1.5000000000000000e+02,1.3968254339760308e-01,-4.3199559822643527e+00,-7.5436180429508712e-02,2.2232094170278106e+01,-4.4175760229954449e+01,-7.7774594927422214e-01
1.1309733625183389e+04,1,1.5000000000000000e+02,1.5800274771713083e-01,-4.2868835051981860e+00,-7.4864567054627795e-02,-2.2232598928148729e+01,4.4174456326506302e+01,7.7772334678696364e-01

1.1372565687428683e+04,0,1.5000000000000000e+02,1.2854010717747683e-01,-4.3025401004958370e+00,-7.5128837035194532e-02,-9.1370226210997352e+00,-2.4260010928639737e+01,-4.2061213330267971e-01
1.1372565687428683e+04,1,1.5000000000000000e+02,1.7245687857010797e-01,-4.3549980678943863e+00,-7.6057733296034546e-02,9.1377869449536071e+00,2.4259430806726108e+01,4.2060177594094367e-01

1.1435397862280810e+04,0,1.5000000000000000e+02,1.3428019929611987e-01,-4.3857696937044448e+00,-7.6583142348497210e-02,1.5999554608362002e+01,-1.2650952127105388e+01,-2.2566354887797124e-01
1.1435397862280810e+04,1,1.5000000000000000e+02,1.6850029798300187e-01,-4.3162798361974195e+00,-7.5380801679535411e-02,-1.6000251668776428e+01,1.2650421839590688e+01,2.2565450643211027e-01

1.1498229222609785e+04,0,1.5000000000000000e+02,1.4705573048595619e-01,-4.3857176316320583e+00,-7.6586125589445886e-02,6.3196238520744373e+01,-4.1836152052862388e+01,-7.4939318209015848e-01
1.1498229222609785e+04,1,1.5000000000000000e+02,1.5557423692724515e-01,-4.3669226513725574e+00,-7.6260702972202429e-02,-6.3195713766382113e+01,4.1834818546110355e+01,7.4936974933089617e-01

1.1561061345900805e+04,0,1.5000000000000000e+02,1.4698149467676885e-01,-4.4204729739525170e+00,-7.7192667330638357e-02,4.1227158993125016e+01,1.3760701767665116e+01,2.2759821157370957e-01
1.1561061345900805e+04,1,1.5000000000000000e+02,1.6031176863922725e-01,-4.3785598381848967e+00,-7.6465243090028515e-02,-4.1227264517319455e+01,-1.3760715013040366e+01,-2.2759841059107594e-01

1.1623892888117318e+04,0,1.5000000000000000e+02,1.8911742978281920e-01,-4.4240534823641058e+00,-7.7267991806088135e-02,-9.1753049053389226e+00,2.1480102323545434e+01,3.7767457570131824e-01
1.1623892888117318e+04,1,1.5000000000000000e+02,1.1654328922024100e-01,-4.4224939323875052e+00,-7.7218665435952766e-02,9.1750630327225906e+00,-2.1481573841194962e+01,-3.7770018354289514e-01

1.1686724987073989e+04,0,1.5000000000000000e+02,1.2403768018448201e-01,-4.4299296163482822e+00,-7.7350719042795529e-02,-2.1074486926868143e+00,-2.3694942831311604e+01,-4.1289177461506676e-01
1.1686724987073989e+04,1,1.5000000000000000e+02,1.8598260898486499e-01,-4.4663865577435882e+00,-7.8005850864085000e-02,2.1080668328824448e+00,2.3694658050201401e+01,4.1288661619394584e-01

1.1749556956799781e+04,0,1.5000000000000000e+02,1.7541904192506649e-01,-4.4969522980353034e+00,-7.8536078563640824e-02,9.9439073109313405e+00,2.5180722064695914e+01,4.3643495464629850e-01
1.1749556956799781e+04,1,1.5000000000000000e+02,1.3493384837765510e-01,-4.4441473883106912e+00,-7.7602172695786883e-02,-9.9446315891084289e+00,-2.5181597360572738e+01,-4.3645001002621892e-01

1.1812388498082759e+04,0,1.5000000000000000e+02,1.4918047702036225e-01,-4.4651885359508769e+00,-7.7973731329635421e-02,-2.0522816712093448e+01,-2.0698495402590133e+01,-3.5498662946461568e-01
1.1812388498082759e+04,1,1.5000000000000000e+02,1.6247898375202743e-01,-4.5270346334545533e+00,-7.9057145722345651e-02,2.0523550960432278e+01,2.0697458514539328e+01,3.5496830959736936e-01

1.1875220407293798e+04,0,1.5000000000000000e+02,1.6905154833258390e-01,-4.5245945862062689e+00,-7.9016563226749659e-02,4.1377484263533084e+00,6.5537095829043324e+01,1.1425195388666314e+00
1.1875220407293798e+04,1,1.5000000000000000e+02,1.4623722390437294e-01,-4.5127656553838289e+00,-7.8803169924764119e-02,-4.1382001781054534e+00,-6.5537267386263807e+01,-1.1425223953337817e+00

1.1938052252563219e+04,0,1.5000000000000000e+02,1.8327827684539694e-01,-4.5575301099497514e+00,-7.9595701279582223e-02,2.7990154453331673e+01,1.4185670579304826e+01,2.3904736692768547e-01
1.1938052252563219e+04,1,1.5000000000000000e+02,1.3065263813671363e-01,-4.5290238273185244e+00,-7.9082166548747529e-02,-2.7989999994626789e+01,-1.4187180210780305e+01,-2.3907376068218222e-01

1.2000884082099939e+04,0,1.5000000000000000e+02,1.2147341215375994e-01,-4.5590320871379486e+00,-7.9603086576433932e-02,-7.2296394789045593e-01,-2.0172584113776100e+01,-3.5183989824590944e-01
1.2000884082099939e+04,1,1.5000000000000000e+02,1.9744277666972720e-01,-4.5756282415273555e+00,-7.9915872175099809e-02,7.2324380655094700e-01,2.0172538863273910e+01,3.5183902326244909e-01

1.2063715933674417e+04,0,1.5000000000000000e+02,1.5418030751528730e-01,-4.5814210905035191e+00,-8.0003792129492754e-02,-6.4456011019571733e+01,-4.2008782044163297e+01,-7.1351891733283490e-01
1.2063715933674417e+04,1,1.5000000000000000e+02,1.6364510902740770e-01,-4.5992051275198564e+00,-8.0317049661422030e-02,6.4455470795138027e+01,4.2007516751963664e+01,7.1349699951019985e-01

1.2126547932586664e+04,0,1.5000000000000000e+02,1.4857699612164049e-01,-4.5784503895648374e+00,-7.9950239265665107e-02,-1.8074401456864372e+01,-8.2860475953241419e+00,-1.3910541326299214e-01
1.2126547932586664e+04,1,1.5000000000000000e+02,1.7244909715938109e-01,-4.6529545421319565e+00,-8.1257788244625165e-02,1.8075167866153308e+01,8.2854578730384176e+00,1.3909488771750539e-01

1.2189379740459295e+04,0,1.5000000000000000e+02,1.4009655250345715e-01,-4.6422541390114125e+00,-8.1061184781186263e-02,-1.8259016992999577e+01,-3.9969830954703390e+01,-6.9200743795492314e-01
1.2189379740459295e+04,1,1.5000000000000000e+02,1.8266575451097508e-01,-4.6336435466412098e+00,-8.0923877202455682e-02,1.8258310958230467e+01,3.9969269708154307e+01,6.9199785793432256e-01

1.2252211806588344e+04,0,1.5000000000000000e+02,1.5576221004784976e-01,-4.6405599483408508e+00,-8.1036389321593447e-02,-2.6122330353604337e+01,-3.1530578477942399e+01,-5.4232674983999729e-01
1.2252211806588344e+04,1,1.5000000000000000e+02,1.6703913614892177e-01,-4.6860643205778905e+00,-8.1833985443118276e-02,2.6122908726677249e+01,3.1529295677703971e+01,5.4230418569836525e-01

1.2315043580325379e+04,0,1.5000000000000000e+02,1.3071119741279158e-01,-4.7056183948664128e+00,-8.2164184381379152e-02,1.5230923023049705e+01,-1.4525491658202824e+01,-2.5814462419763939e-01
1.2315043580325379e+04,1,1.5000000000000000e+02,1.9656513512624929e-01,-4.6670261667671840e+00,-8.1510718406556104e-02,-1.5231141264596538e+01,1.4525449244244001e+01,2.5814395045639338e-01

1.2377875473459215e+04,0,1.5000000000000000e+02,2.0079050683715169e-01,-4.7196224957333213e+00,-8.2429938078555975e-02,7.0998496858045286e+00,1.8603610650258418e+01,3.2251492654856184e-01
1.2377875473459215e+04,1,1.5000000000000000e+02,1.2483545663110186e-01,-4.7011375301662079e+00,-8.2084192540140752e-02,-7.0999382359152321e+00,-1.8605122215200026e+01,-3.2254128001813476e-01

1.2440707318083272e+04,0,1.5000000000000000e+02,1.4054035510943266e-01,-4.7062673937580861e+00,-8.2178505208362798e-02,-1.9824851996092256e+01,-8.2757672825269779e+00,-1.3839275226098130e-01
1.2440707318083272e+04,1,1.5000000000000000e+02,1.8984133714535673e-01,-4.7635838166996862e+00,-8.3193833417642596e-02,1.9825324883715901e+01,8.2756204125046011e+00,1.3839004496922463e-01

1.2503539046252810e+04,0,1.5000000000000000e+02,1.7262864368127159e-01,-4.7941530073976732e+00,-8.3722095786245232e-02,2.1762829800843313e+01,-3.1327770392470704e+00,-6.1304171876027880e-02
1.2503539046252810e+04,1,1.5000000000000000e+02,1.5725778616817285e-01,-4.7209826117494194e+00,-8.2440413833494264e-02,-2.1763479851125155e+01,3.1316714218702124e+00,6.1285074219424751e-02

1.2566370764586192e+04,0,1.5000000000000000e+02,1.7066618749670021e-01,-4.7444879379337443e+00,-8.2854722961178337e-02,-1.9329719161306770e+01,5.7250132043200921e+00,1.0580372548791134e-01
1.2566370764586192e+04,1,1.5000000000000000e+02,1.6167599000080482e-01,-4.8217136933610165e+00,-8.4199759522480544e-02,1.9330505049259095e+01,-5.7257713500583378e+00,-1.0581719636215886e-01

1.2629203040515300e+04,0,1.5000000000000000e+02,1.6965838459381399e-01,-4.8380279435631870e+00,-8.4486914125120466e-02,2.2525638687797052e+01,1.6167833272302218e+01,2.7530554709207317e-01
1.2629203040515300e+04,1,1.5000000000000000e+02,1.6510713123651347e-01,-4.7727430897312626e+00,-8.3346149860395166e-02,-2.2526292892944806e+01,-1.6168258253840008e+01,-2.7531276474940297e-01

1.2692034364683859e+04,0,1.5000000000000000e+02,1.6266462775848509e-01,-4.8097387508709710e+00,-8.3991069086936168e-02,-2.9881946943403442e+01,-3.3158288190790273e+01,-5.6958889844663585e-01
1.2692034364683859e+04,1,1.5000000000000000e+02,1.7165295896107211e-01,-4.8514358310435517e+00,-8.4721521618651874e-02,2.9882435531125893e+01,3.3156924598121634e+01,5.6956495163401522e-01

1.2754866681069347e+04,0,1.5000000000000000e+02,1.3269204040558050e-01,-4.8504778223241480e+00,-8.4692933256256431e-02,-1.0171270791856170e+01,-2.0048864888164932e+01,-3.4680243502804170e-01
1.2754866681069347e+04,1,1.5000000000000000e+02,2.0633650659970348e-01,-4.8571315130726624e+00,-8.4831490697987608e-02,1.0171144952152165e+01,2.0048847455126552e+01,3.4680216911544420e-01

1.2817698241152082e+04,0,1.5000000000000000e+02,2.0009545382207247e-01,-4.8685830677589426e+00,-8.5029446623011734e-02,-2.0568414207173738e+01,1.8619357302202911e+01,3.3121840667589736e-01
1.2817698241152082e+04,1,1.5000000000000000e+02,1.3726228605102411e-01,-4.8867735506661205e+00,-8.5327773274585822e-02,2.0568255169592234e+01,-1.8620854504430053e+01,-3.3124448800855383e-01

1.2880530020587394e+04,0,1.5000000000000000e+02,1.6049672102470039e-01,-4.8718196087167396e+00,-8.5073868938446401e-02,-2.7523039559867666e+01,6.4792368798383961e+00,1.2146269848035529e-01
1.2880530020587394e+04,1,1.5000000000000000e+02,1.8151580264760778e-01,-4.9328685311000768e+00,-8.6145722647987852e-02,2.7523549363042829e+01,-6.4794124796310797e+00,-1.2146591842090038e-01

1.2943361741249537e+04,0,1.5000000000000000e+02,1.9443519554628264e-01,-4.9286857364834091e+00,-8.6076658452624286e-02,-1.8514809197615783e+01,3.5622803772131093e+01,6.2734386967583156e-01
1.2943361741249537e+04,1,1.5000000000000000e+02,1.4719507949162483e-01,-4.9211842172391993e+00,-8.5931347996856047e-02,1.8514149136419626e+01,-3.5623888751332899e+01,-6.2736260409639399e-01

1.3006194217982023e+04,0,1.5000000000000000e+02,1.5576661809253259e-01,-4.9215697900635531e+00,-8.5940688308560623e-02,-1.3435593805101885e+01,-2.3598439743380094e+01,-4.0775663793046274e-01
1.3006194217982023e+04,1,1.5000000000000000e+02,1.8827908321719616e-01,-4.9793846321261928e+00,-8.6959600796513450e-02,1.3436379584099846e+01,2.3597683810237466e+01,4.0774320570496908e-01

1.3069025858508507e+04,0,1.5000000000000000e+02,1.5584389292698700e-01,-5.0079129099659871e+00,-8.7447607040952072e-02,1.7194682817824742e+01,-9.6437360944754236e+00,-1.7354446779267718e-01
1.3069025858508507e+04,1,1.5000000000000000e+02,1.9056313261988495e-01,-4.9375887264532903e+00,-8.6230857430211028e-02,-1.7195348602369293e+01,9.6432862995587936e+00,1.7353682060984910e-01

1.3131857398060269e+04,0,1.5000000000000000e+02,2.0619943633578525e-01,-4.9879590965437099e+00,-8.7114704903328913e-02,5.0306114935665356e+00,2.4809431813739117e+01,4.3145179777760984e-01
1.3131857398060269e+04,1,1.5000000000000000e+02,1.3989189898120158e-01,-5.0080590128938445e+00,-8.7445297356168628e-02,-5.0300824729188314e+00,-2.4810761951732786e+01,-4.3147517304260979e-01

1.3194689503145100e+04,0,1.5000000000000000e+02,1.3854066802347167e-01,-5.0211228114213755e+00,-8.7672880417685645e-02,-8.5821459192611407e+00,-2.0983568547761287e+01,-3.6359936289370598e-01
1.3194689503145100e+04,1,1.5000000000000000e+02,2.1214046725033631e-01,-5.0210748398749967e+00,-8.7694464118217963e-02,8.5819461675461604e+00,2.0983531935993774e+01,3.6359878478215535e-01

1.3257521253307936e+04,0,1.5000000000000000e+02,2.1113670618859720e-01,-5.0563596353449629e+00,-8.8309962899548303e-02,1.0929216893253262e+01,1.7735876256789460e+01,3.0620432203856440e-01
1.3257521253307936e+04,1,1.5000000000000000e+02,1.3788023277218250e-01,-5.0339764231608246e+00,-8.7897005652016885e-02,-1.0929276045533989e+01,-1.7737391521064218e+01,-3.0623074902571412e-01

1.3320353044958885e+04,0,1.5000000000000000e+02,1.4113027467314296e-01,-5.0548275649015544e+00,-8.8261898286878540e-02,-4.0581684438859451e+00,-1.9885462438648570e+01,-3.4581292109356987e-01
1.3320353044958885e+04,1,1.5000000000000000e+02,2.1274007746808263e-01,-5.0843812645718884e+00,-8.8799496166343778e-02,4.0585753168039229e+00,1.9885358218865509e+01,3.4581097826182050e-01

1.3383185045837277e+04,0,1.5000000000000000e+02,1.9854228089508047e-01,-5.0893155046096545e+00,-8.8881285377616220e-02,-2.9922727555134472e+01,3.0856160079590751e+01,5.4762969373818882e-01
1.3383185045837277e+04,1,1.5000000000000000e+02,1.5449622967156088e-01,-5.0954858326523027e+00,-8.8975554574640014e-02,2.9922144886537907e+01,-3.0857373951192997e+01,-5.4765070121760173e-01

1.3446016822492242e+04,0,1.5000000000000000e+02,1.9119419149547173e-01,-5.0919765260974454e+00,-8.8925488100948011e-02,-1.5234098831863736e+01,2.8799130706813603e+01,5.0725494166981311e-01
1.3446016822492242e+04,1,1.5000000000000000e+02,1.6494014003110258e-01,-5.1436819510885439e+00,-8.9819874345357653e-02,1.5234863048982394e+01,-2.8799712622688322e+01,-5.0726533030685128e-01

1.3508849002445055e+04,0,1.5000000000000000e+02,1.9109106260050338e-01,-5.1699042214929536e+00,-9.0285482464170494e-02,1.6408252409057994e+01,2.3035045582345024e+01,3.9701848446974697e-01
1.3508849002445055e+04,1,1.5000000000000000e+02,1.6658259363413977e-01,-5.1102254364241171e+00,-8.9236477965768807e-02,-1.6408975217225489e+01,-2.3035686034353436e+01,-3.9702944170628929e-01

1.3571680581159437e+04,0,1.5000000000000000e+02,2.0707900037080729e-01,-5.1553084643379865e+00,-9.0035621795899037e-02,7.9149610439993303e+00,3.0471201706824925e+01,5.2938463936906199e-01
1.3571680581159437e+04,1,1.5000000000000000e+02,1.5109779918413785e-01,-5.1757878565170383e+00,-9.0375982756753528e-02,-7.9142879041401422e+00,-3.0472360427698899e+01,-5.2940506689619427e-01

1.3634512322492208e+04,0,1.5000000000000000e+02,1.7930924789127781e-01,-5.2139019799893473e+00,-9.1049760029975321e-02,3.1429116041678370e+01,2.0020478714607723e+01,3.3983118917987110e-01
1.3634512322492208e+04,1,1.5000000000000000e+02,1.8281623063706021e-01,-5.1625517704614463e+00,-9.0154643644945298e-02,-3.1429536838242356e+01,-2.0020626757608536e+01,-3.3983364469674715e-01

1.3697344188485235e+04,0,1.5000000000000000e+02,2.1612950361593378e-01,-5.1981810065170722e+00,-9.0786607833395788e-02,-1.1364279461909685e+01,1.6926677197378780e+01,2.9887318336285235e-01
1.3697344188485235e+04,1,1.5000000000000000e+02,1.4462891001618156e-01,-5.2275223652658571e+00,-9.1276903719312907e-02,1.1364492022367738e+01,-1.6928174075563334e+01,-2.9889937224097723e-01

1.3760176079605491e+04,0,1.5000000000000000e+02,1.4638947408728031e-01,-5.2250082620426337e+00,-9.1233562851585570e-02,-1.1011536361234857e+01,-1.7629810748836050e+01,-3.0432814646563661e-01
1.3760176079605491e+04,1,1.5000000000000000e+02,2.1939223440435773e-01,-5.2483213294027458e+00,-9.1662671020224434e-02,1.1011661927068676e+01,1.7629802038157479e+01,3.0432795619318204e-01

1.3823008095686726e+04,0,1.5000000000000000e+02,2.0962005188435634e-01,-5.2856408166835358e+00,-9.2311008908281936e-02,1.9135273419667499e+01,1.0264701105976837e+01,1.7331450203662174e-01
1.3823008095686726e+04,1,1.5000000000000000e+02,1.5464234781877134e-01,-5.2344615211979661e+00,-9.1401059025484566e-02,-1.9135613731875367e+01,-1.0266126523220105e+01,-1.7333927532587529e-01

1.3885839816334359e+04,0,1.5000000000000000e+02,1.6868954334910216e-01,-5.2511647794792076e+00,-9.1696850262730806e-02,-2.1984235826370075e+01,-1.7542329767724709e+00,-2.3918465624904794e-02
1.3885839816334359e+04,1,1.5000000000000000e+02,1.9983625788465345e-01,-5.3188962130001780e+00,-9.2888415082740400e-02,2.1984844418026775e+01,1.7539589344213624e+00,2.3913497531275085e-02

1.3948671645696464e+04,0,1.5000000000000000e+02,1.9598098503479897e-01,-5.3448565361983249e+00,-9.3340310694707773e-02,1.9050799523967125e+01,5.1020384247565786e+00,8.3239348152692294e-02
1.3948671645696464e+04,1,1.5000000000000000e+02,1.7256270537903418e-01,-5.2701014869918961e+00,-9.2028521214541067e-02,-1.9051490405154244e+01,-5.1030469416811997e+00,-8.3256738733045399e-02

1.4011503659669026e+04,0,1.5000000000000000e+02,1.6919410924592226e-01,-5.3053211137174943e+00,-9.2642162209045018e-02,-1.3096305441924049e+01,-2.5273984016314845e+01,-4.3710227597750090e-01
1.4011503659669026e+04,1,1.5000000000000000e+02,2.0153018640976800e-01,-5.3607809825736563e+00,-9.3619921013878088e-02,1.3097090683457974e+01,2.5273201485475493e+01,4.3708837972282716e-01

1.4074335159576960e+04,0,1.5000000000000000e+02,1.9678420604819985e-01,-5.3508818999790444e+00,-9.3445712356889310e-02,-4.6080218339096461e+01,5.5371360730527606e+01,9.8040104248484217e-01
1.4074335159576960e+04,1,1.5000000000000000e+02,1.7629732334780251e-01,-5.3597513714001215e+00,-9.3594264998750704e-02,4.6079541484221281e+01,-5.5371838228369576e+01,-9.8040916977696857e-01

1.4137166987281353e+04,0,1.5000000000000000e+02,2.1760052270193619e-01,-5.3595754867544523e+00,-9.3603777637552094e-02,-5.7982482237140758e+00,2.0875522286713942e+01,3.6609443664423952e-01
1.4137166987281353e+04,1,1.5000000000000000e+02,1.5537015814963806e-01,-5.4017311293522470e+00,-9.4320537630056156e-02,5.7988384868128691e+00,-2.0876791461781099e+01,-3.6611676661484688e-01

1.4199998866513359e+04,0,1.5000000000000000e+02,1.9307934084592734e-01,-5.4216199754911552e+00,-9.4679133248553093e-02,3.3577698771035394e+01,3.7027467949682062e+01,6.3598954861771562e-01
1.4199998866513359e+04,1,1.5000000000000000e+02,1.8421140903597152e-01,-5.3854362824732771e+00,-9.4044939267920930e-02,-3.3578029621896057e+01,-3.7027559744478381e+01,-6.3599104986760935e-01

1.4262830903279648e+04,0,1.5000000000000000e+02,2.2510925886623617e-01,-5.4173476949299282e+00,-9.4614328969284747e-02,-9.0229711405999815e+00,1.8157200509606110e+01,3.1963553682148815e-01
1.4262830903279648e+04,1,1.5000000000000000e+02,1.5065973406451161e-01,-5.4385903086562672e+00,-9.4962383924003441e-02,9.0231109270181911e+00,-1.8158711886495620e+01,-3.1966195656663132e-01

1.4325662835162724e+04,0,1.5000000000000000e+02,1.6241215566471229e-01,-5.4318307737414484e+00,-9.4847993880046444e-02,-2.2968749827285741e+01,-1.1093719446833443e+01,-1.8661506406942402e-01
1.4325662835162724e+04,1,1.5000000000000000e+02,2.1839239548547346e-01,-5.4719914068256932e+00,-9.5565946993588086e-02,2.2968917041859584e+01,1.1093703932679244e+01,1.8661474237312409e-01

1.4388494378500965e+04,0,1.5000000000000000e+02,1.7895930855183648e-01,-5.4804104067997201e+00,-9.5700866125779091e-02,6.8290552146275232e+00,-6.8807955896052405e+01,-1.2029447672269900e+00
1.4388494378500965e+04,1,1.5000000000000000e+02,2.0035813238655528e-01,-5.4700710981099201e+00,-9.5526939093770538e-02,-6.8294046333106380e+00,6.8806536158491738e+01,1.2029200958363435e+00

1.4451326381629724e+04,0,1.5000000000000000e+02,1.9602403451483394e-01,-5.5094129189162659e+00,-9.6212228171861230e-02,6.5765982489396478e+01,3.9398992559829907e+01,6.6757275012834649e-01
1.4451326381629724e+04,1,1.5000000000000000e+02,1.8757714903386194e-01,-5.4910133569140775e+00,-9.5888538338406187e-02,-6.5765388367978190e+01,-3.9399251127358397e+01,-6.6757744374091488e-01

1.4514158146124826e+04,0,1.5000000000000000e+02,1.9182903538954416e-01,-5.5124222814778756e+00,-9.6263470795931505e-02,-7.5146435788364670e+01,-1.0861652155657438e+01,-1.6666989216789208e-01
1.4514158146124826e+04,1,1.5000000000000000e+02,1.9164485829944083e-01,-5.5329801676840518e+00,-9.6622199275091802e-02,7.5145764780944091e+01,1.0860594266773617e+01,1.6665163387402859e-01

1.4576989954437095e+04,0,1.5000000000000000e+02,2.1050362614123799e-01,-5.5423614035884698e+00,-9.6791669352800661e-02,1.3301195887256853e+01,4.8492140876800605e+01,8.4225256986137864e-01
1.4576989954437095e+04,1,1.5000000000000000e+02,1.7545267427166045e-01,-5.5541310099743466e+00,-9.6986399634322595e-02,-1.3300413226303590e+01,-4.8492837666102659e+01,-8.4226496893359937e-01

1.4639822136581159e+04,0,1.5000000000000000e+02,1.7820451544142435e-01,-5.6051398451269625e+00,-9.7877464794912064e-02,1.6122011339824184e+01,-1.3530881018536569e+01,-2.4105772987844210e-01
1.4639822136581159e+04,1,1.5000000000000000e+02,2.0966607564222314e-01,-5.5358159896264922e+00,-9.6677180918902414e-02,-1.6122723779296393e+01,1.3530291812361291e+01,2.4104766384722354e-01

1.4702654001683846e+04,0,1.5000000000000000e+02,1.9472059279277451e-01,-5.5631624614805339e+00,-9.7149889713371740e-02,-2.3779656820075960e+01,-1.3925140391584209e+01,-2.3578314425100677e-01
1.4702654001683846e+04,1,1.5000000000000000e+02,1.9356226246864172e-01,-5.6287396972177710e+00,-9.8294017418971105e-02,2.3780335115835737e+01,1.3923990726280453e+01,2.3576287319557088e-01

1.4765485700221363e+04,0,1.5000000000000000e+02,1.7611783715660592e-01,-5.6104844625138721e+00,-9.7970105438633381e-02,-3.7505459282922217e+01,-2.3512480315243767e+01,-3.9892396639164923e-01
1.4765485700221363e+04,1,1.5000000000000000e+02,2.1597900528283059e-01,-5.6266398398804283e+00,-9.8264198673385955e-02,3.7504979807012418e+01,2.3512284436782441e+01,3.9892069390712209e-01

1.4828317691476299e+04,0,1.5000000000000000e+02,2.1847354471312738e-01,-5.6173322532199341e+00,-9.8102518744701675e-02,-2.4394158062801488e+01,5.9041941002769143e+00,1.1047365796876235e-01
1.4828317691476299e+04,1,1.5000000000000000e+02,1.7247580666298040e-01,-5.6694609139235972e+00,-9.8998276894496764e-02,2.4394501043871323e+01,-5.9056447264077505e+00,-1.1049907936693737e-01

1.4891149349361427e+04,0,1.5000000000000000e+02,1.6610864841225936e-01,-5.6556960904175781e+00,-9.8756107896333226e-02,-1.9978622197178595e+01,-1.7254614162636102e+01,-2.9504839388329912e-01
1.4891149349361427e+04,1,1.5000000000000000e+02,2.2974814716855296e-01,-5.6779773327801104e+00,-9.9164355878331265e-02,1.9978545713052519e+01,1.7254604610902270e+01,2.9504825048393329e-01

1.4953981150418076e+04,0,1.5000000000000000e+02,1.8725683008004554e-01,-5.6942464238965345e+00,-9.9435346357725093e-02,1.1948590587066249e+01,-7.4258983422941654e+01,-1.2996378939775299e+00
1.4953981150418076e+04,1,1.5000000000000000e+02,2.0690037860292759e-01,-5.6872187710120423e+00,-9.9318680974223000e-02,-1.1948680228997176e+01,7.4257473370208444e+01,1.2996115672332427e+00

1.5016812965108136e+04,0,1.5000000000000000e+02,1.7992164633047530e-01,-5.7276475326929317e+00,-1.0001604148475289e-01,3.8424185504742425e+01,-1.4832538891655130e+01,-2.7056876787053863e-01
1.5016812965108136e+04,1,1.5000000000000000e+02,2.1913125726045707e-01,-5.7026245117347889e+00,-9.9591274089761331e-02,-3.8423836025138883e+01,1.4832464228774317e+01,2.7056735836271750e-01

1.5079644917534568e+04,0,1.5000000000000000e+02,2.2332623707861765e-01,-5.7332482999790715e+00,-1.0012701074659527e-01,-2.8562735937011478e+01,2.5937836801085499e+01,4.6137881872221731e-01
1.5079644917534568e+04,1,1.5000000000000000e+02,1.7457594527050621e-01,-5.7430004876179801e+00,-1.0028235894668558e-01,2.8562262278746406e+01,-2.5939168214169722e+01,-4.6140191079029547e-01

1.5142476892663475e+04,0,1.5000000000000000e+02,1.8951596997625900e-01,-5.7728084465684422e+00,-1.0080713071113707e-01,5.5364217201036467e+01,-2.1587428905942144e+01,-3.9361834463494749e-01
1.5142476892663475e+04,1,1.5000000000000000e+02,2.1226487508917363e-01,-5.7538118572070189e+00,-1.0048252457736895e-01,-5.5363554166735767e+01,2.1587080463662513e+01,3.9361206149894334e-01

1.5205308582313623e+04,0,1.5000000000000000e+02,1.8617626762170952e-01,-5.7892657347758014e+00,-1.0109333253672675e-01,-1.6156588245770081e+01,-5.5901375726502572e+01,-9.7069170141987582e-01
1.5205308582313623e+04,1,1.5000000000000000e+02,2.1583871940632704e-01,-5.7821256107170047e+00,-1.0097775634802456e-01,1.6155891295470127e+01,5.5900386855946699e+01,9.7067465556535149e-01

1.5268140508526198e+04,0,1.5000000000000000e+02,2.1087318636185542e-01,-5.7752717229397730e+00,-1.0085662677814947e-01,-1.8379225734634769e+01,1.2574661996047372e+01,2.2505702860042998e-01
1.5268140508526198e+04,1,1.5000000000000000e+02,1.9338862959164083e-01,-5.8472651646607190e+00,-1.0210775921283090e-01,1.8380010380520407e+01,-1.2575393891416933e+01,-2.2507004096267236e-01

1.5330972594147162e+04,0,1.5000000000000000e+02,2.1780089110415529e-01,-5.8564211661280527e+00,-1.0227499018229595e-01,1.2780865694536498e+01,3.2600286635143604e+01,5.6505998028421889e-01
1.5330972594147162e+04,1,1.5000000000000000e+02,1.8844379351000284e-01,-5.8105791364385446e+00,-1.0146599331079507e-01,-1.2781578777987406e+01,-3.2600879414042325e+01,-5.6507010847171646e-01

1.5393804104645411e+04,0,1.5000000000000000e+02,2.3059097014290930e-01,-5.8462982456685726e+00,-1.0210221707291567e-01,5.0524619748853041e+00,3.0704998981719026e+01,5.3433697579426265e-01
1.5393804104645411e+04,1,1.5000000000000000e+02,1.7616230277967604e-01,-5.8716908829678669e+00,-1.0252879893738663e-01,-5.0517624688653200e+00,-3.0706110252836762e+01,-5.3435658324002033e-01

1.5456636089284280e+04,0,1.5000000000000000e+02,2.1211163986862583e-01,-5.9030500161211261e+00,-1.0308704255828717e-01,2.4806939518739011e+01,3.4207126931043632e+01,5.8943967259438967e-01
1.5456636089284280e+04,1,1.5000000000000000e+02,1.9823631231753661e-01,-5.8599889522118476e+00,-1.0233129648820678e-01,-2.4807476588216883e+01,-3.4207380474602161e+01,-5.8944393392828787e-01

1.5519468200321780e+04,0,1.5000000000000000e+02,2.2758774907166607e-01,-5.8779433553636080e+00,-1.0265358536511276e-01,-2.1893602385535033e+01,6.3651830344180134e+00,1.1775727271227610e-01
1.5519468200321780e+04,1,1.5000000000000000e+02,1.8188207174680260e-01,-5.9351290007251318e+00,-1.0363768903780206e-01,2.1894051340764790e+01,-6.3665741418163648e+00,-1.1778168764793007e-01

1.5582299688592228e+04,0,1.5000000000000000e+02,1.6978144210517376e-01,-5.9337048537710970e+00,-1.0360914791724590e-01,-4.6298581400271281e+00,-2.1185291262581526e+01,-3.6832390654169672e-01
1.5582299688592228e+04,1,1.5000000000000000e+02,2.4437000640536274e-01,-5.9256631129575581e+00,-1.0349152231794233e-01,4.6296260840630232e+00,2.1185243110622554e+01,3.6832313686837964e-01

1.5645131773550835e+04,0,1.5000000000000000e+02,2.4336724816923713e-01,-5.9590397302605007e+00,-1.0407371906037689e-01,9.7360623992731412e+00,1.9465090836252585e+01,3.3674675179451963e-01
1.5645131773550835e+04,1,1.5000000000000000e+02,1.6916788205100836e-01,-5.9489158380718745e+00,-1.0387442921190437e-01,-9.7359525811898315e+00,-1.9466605771081944e+01,-3.3677322450465252e-01

1.5707963545035287e+04,0,1.5000000000000000e+02,1.7240434132353066e-01,-5.9664130209160531e+00,-1.0418078301495659e-01,-1.1074758140451848e+01,-1.7704925732999353e+01,-3.0561982426227707e-01
1.5707963545035287e+04,1,1.5000000000000000e+02,2.4517788519128950e-01,-5.9893882789411013e+00,-1.0460392577092809e-01,1.1074878266611670e+01,1.7704917217443683e+01,3.0561963905332090e-01

1.5770795442416058e+04,0,1.5000000000000000e+02,2.4562244115406706e-01,-6.0083996285200865e+00,-1.0493585492457563e-01,-1.0946300484453975e+00,2.0699642291083975e+01,3.6159203068313051e-01
1.5770795442416058e+04,1,1.5000000000000000e+02,1.7035025423372285e-01,-5.9944275297294478e+00,-1.0466907779392912e-01,1.0943946743583997e+00,-2.0701115100614331e+01,-3.6161766304873544e-01

1.5833627281109459e+04,0,1.5000000000000000e+02,1.8883826632538525e-01,-6.0355690258383516e+00,-1.0539272789294760e-01,3.5370564779753046e+01,-2.0274250001644074e+01,-3.6460948857515307e-01
1.5833627281109459e+04,1,1.5000000000000000e+02,2.3182439156090559e-01,-6.0165925988666080e+00,-1.0507463856423453e-01,-3.5370124343444807e+01,2.0274124429380269e+01,3.6460716286775774e-01

1.5896459026840654e+04,0,1.5000000000000000e+02,2.1266182313142620e-01,-6.0782669567421506e+00,-1.0614516690603976e-01,2.7773042567648048e+01,-1.5575252629630448e+01,-2.8028622145019039e-01
1.5896459026840654e+04,1,1.5000000000000000e+02,2.0705989998352423e-01,-6.0195774551322261e+00,-1.0511918734031561e-01,-2.7773557647777636e+01,1.5573960689551825e+01,2.8026383089950108e-01

1.5959290715586669e+04,0,1.5000000000000000e+02,1.8320161741804708e-01,-6.0531457110959499e+00,-1.0569776609527322e-01,-4.3719464194977462e+00,-2.3809118007267934e+01,-4.1419456570302088e-01
1.5959290715586669e+04,1,1.5000000000000000e+02,2.4028184161618413e-01,-6.0951723332582235e+00,-1.0644862030004101e-01,4.3726156778844931e+00,2.3808759607817599e+01,4.1418810689434798e-01

1.6022122872575117e+04,0,1.5000000000000000e+02,2.1496402762437955e-01,-6.1335644117203048e+00,-1.0711094174666222e-01,2.1333262232796219e+01,-5.8141063871447081e+00,-1.0796896104527764e-01
1.6022122872575117e+04,1,1.5000000000000000e+02,2.0870586989287782e-01,-6.0595432942968834e+00,-1.0581718867978550e-01,-2.1333947916096353e+01,5.8130848139835614e+00,1.0795134101919357e-01

1.6084954460531993e+04,0,1.5000000000000000e+02,2.2348969271423244e-01,-6.1275766637133673e+00,-1.0700903826344452e-01,5.1179230958969796e+01,4.7181238812535710e+01,8.0783527897397600e-01
1.6084954460531993e+04,1,1.5000000000000000e+02,2.0267962283978552e-01,-6.1166266033584220e+00,-1.0681159392790909e-01,-5.1178454247568610e+01,-4.7181890265424755e+01,-8.0784688500417312e-01

1.6147786521688218e+04,0,1.5000000000000000e+02,2.2895892199242912e-01,-6.1439057724702337e+00,-1.0729568654214815e-01,-3.0154404180115524e+01,5.0185408821238653e+01,8.8504217523087447e-01
1.6147786521688218e+04,1,1.5000000000000000e+02,1.9873033220609734e-01,-6.1447461892076580e+00,-1.0730114521398422e-01,3.0153673626023018e+01,-5.0186127649906808e+01,-8.8505449796781777e-01

1.6210618232114417e+04,0,1.5000000000000000e+02,1.9843636833167044e-01,-6.1532813304030149e+00,-1.0745001434230059e-01,-7.0977175920694044e+00,-4.0865283711110330e+01,-7.1103534227821530e-01
1.6210618232114417e+04,1,1.5000000000000000e+02,2.3040858911707901e-01,-6.1865301109880830e+00,-1.0804002536460229e-01,7.0984786816551129e+00,4.0864333707106020e+01,7.1101853057176301e-01

1.6273450166823250e+04,0,1.5000000000000000e+02,2.2819489516836347e-01,-6.1915846180055949e+00,-1.0812756423014010e-01,-2.8595538797543810e+01,6.0883113939925394e+01,1.0712679912422440e+00
1.6273450166823250e+04,1,1.5000000000000000e+02,2.0346920244499667e-01,-6.1928726980210618e+00,-1.0814251206688230e-01,2.8594880279361192e+01,-6.0883550519363965e+01,-1.0712754099951578e+00

1.6336282145933508e+04,0,1.5000000000000000e+02,2.4266612810848684e-01,-6.2135955236645284e+00,-1.0851611583192423e-01,1.6187485020556046e+01,3.1122395401952122e+01,5.3822945352359197e-01
1.6336282145933508e+04,1,1.5000000000000000e+02,1.8894611778191708e-01,-6.2215887902508618e+00,-1.0863925268719650e-01,-1.6186844740601508e+01,-3.1123601973454921e+01,-5.3825070614750958e-01

1.6399114087095695e+04,0,1.5000000000000000e+02,1.9069371230570165e-01,-6.2682891197059742e+00,-1.0945481811342893e-01,1.5101818459631437e+01,-1.2844959140825221e+01,-2.2877595818263680e-01
1.6399114087095695e+04,1,1.5000000000000000e+02,2.4481552493776723e-01,-6.2121766142888912e+00,-1.0849200714683360e-01,-1.5102314646401338e+01,1.2844747255311116e+01,2.2877241142766958e-01

1.6461945648880057e+04,0,1.5000000000000000e+02,2.1423237390411567e-01,-6.2441866464826949e+00,-1.0904134253361340e-01,-3.2224479714499473e+01,-3.1025264750532106e+01,-5.3164889388699743e-01
1.6461945648880057e+04,1,1.5000000000000000e+02,2.2030506399559580e-01,-6.2862041101300514e+00,-1.0977649832777320e-01,3.2224923856253888e+01,3.1023870701419522e+01,5.3162442907734597e-01

1.6524777838004906e+04,0,1.5000000000000000e+02,1.8423675216050214e-01,-6.3047897715429109e+00,-1.1008987517613715e-01,9.0103133388692633e+00,-1.7614292406216396e+01,-3.1015662796002308e-01
1.6524777838004906e+04,1,1.5000000000000000e+02,2.5494046900403988e-01,-6.2718110107359006e+00,-1.0953585511627927e-01,-9.0105901124280585e+00,1.7614226145145917e+01,3.1015555586168275e-01

1.6587609342345066e+04,0,1.5000000000000000e+02,2.2656805291176926e-01,-6.3289926057344710e+00,-1.1052516830696660e-01,5.0859494056775546e+01,-7.0642235473982495e+00,-1.3878117512935395e-01
1.6587609342345066e+04,1,1.5000000000000000e+02,2.1108234185968519e-01,-6.2965175113808787e+00,-1.0995368230432351e-01,-5.0859283866185010e+01,7.0627268189264143e+00,1.3875498958708699e-01

1.6650441110533629e+04,0,1.5000000000000000e+02,2.1049170750593865e-01,-6.3569712113694647e+00,-1.1100856484999624e-01,4.0687396014222770e+01,6.1011139337715825e+00,9.4084401089991276e-02
1.6650441110533629e+04,1,1.5000000000000000e+02,2.3216366518389381e-01,-6.3158140853622795e+00,-1.1029687595021630e-01,-4.0687430500582877e+01,-6.1011193603091236e+00,-9.4084485288318698e-02

1.6713273371090047e+04,0,1.5000000000000000e+02,2.3259488397248135e-01,-6.3417273860315158e+00,-1.1074925669705761e-01,-4.2937879097548219e+01,-2.1992050711273166e+00,-2.5301130571952546e-02
1.6713273371090047e+04,1,1.5000000000000000e+02,2.0835374617449495e-01,-6.3788881266102875e+00,-1.1139041639729823e-01,4.2937847220437462e+01,2.1976880593943591e+00,2.5274664779825706e-02

1.6776104892975294e+04,0,1.5000000000000000e+02,1.9987091812358432e-01,-6.3989246783777096e+00,-1.1173751821868193e-01,3.2363008856815640e+01,-1.3137806346906467e+01,-2.3914517294996526e-01
1.6776104892975294e+04,1,1.5000000000000000e+02,2.4608760142215316e-01,-6.3700285016108813e+00,-1.1124728951903168e-01,-3.2362808974891493e+01,1.3137783292770029e+01,2.3914470971162108e-01

1.6838936784291876e+04,0,1.5000000000000000e+02,2.1810589355960394e-01,-6.3973587251010970e+00,-1.1171574346373662e-01,-5.5966141753537151e+01,-4.4423650249011402e+01,-7.5825047210412411e-01
1.6838936784291876e+04,1,1.5000000000000000e+02,2.2630116499741143e-01,-6.4184045362707876e+00,-1.1208554006328574e-01,5.5965888252588009e+01,4.4422185128421134e+01,7.5822497945131317e-01

1.6901768521866212e+04,0,1.5000000000000000e+02,2.1457312495591274e-01,-6.4052222743220630e+00,-1.1185190504696699e-01,-3.1276936794598676e+01,8.2998223246067937e+00,1.5437985618884487e-01
1.6901768521866212e+04,1,1.5000000000000000e+02,2.3454632447519499e-01,-6.4598336785545882e+00,-1.1281108996321337e-01,3.1277341423862715e+01,-8.2999263000153860e+00,-1.5438179407089614e-01

1.6964600698799590e+04,0,1.5000000000000000e+02,2.5777622306876874e-01,-6.4645484458404852e+00,-1.1290045050883418e-01,-5.1356981817739644e+00,2.4202760126728972e+01,4.2396090920915375e-01
1.6964600698799590e+04,1,1.5000000000000000e+02,1.9021141798749280e-01,-6.4464453192893618e+00,-1.1256392492469719e-01,5.1352588797213805e+00,-2.4204119288948373e+01,-4.2398449603223598e-01

1.7027432464677084e+04,0,1.5000000000000000e+02,2.2739283762508655e-01,-6.4540093858036736e+00,-1.1270726269386767e-01,-2.7964444459871476e+01,2.2568087749693884e+01,4.0238632943047203e-01
1.7027432464677084e+04,1,1.5000000000000000e+02,2.2478644216750152e-01,-6.5070551752153589e+00,-1.1363224537668087e-01,2.7965012435754527e+01,-2.2568318156167127e+01,-4.0239052359955996e-01

1.7090264045128915e+04,0,1.5000000000000000e+02,2.5554402078206906e-01,-6.5142951086805478e+00,-1.1376796932868062e-01,-5.9892597032180603e+00,2.8189445974466789e+01,4.9379819387360330e-01
1.7090264045128915e+04,1,1.5000000000000000e+02,1.9610471534319049e-01,-6.4920303932920191e+00,-1.1336128929916071e-01,5.9886803647113993e+00,-2.8190662683033164e+01,-4.9381925187788595e-01

1.7153096445449606e+04,0,1.5000000000000000e+02,2.0065977653379230e-01,-6.5039573752569240e+00,-1.1357083137784532e-01,-7.7205228331223026e+00,-2.1603112836896383e+01,-3.7467438035843775e-01
1.7153096445449606e+04,1,1.5000000000000000e+02,2.5451962755699847e-01,-6.5530101106236884e+00,-1.1444332713435292e-01,7.7212072450239333e+00,2.1602728571286068e+01,3.7466746550688917e-01

1.7215928082223360e+04,0,1.5000000000000000e+02,2.4143642270148705e-01,-6.5873013883741649e+00,-1.1503780680190670e-01,1.8926984690284819e+01,5.9438777017297610e+00,9.7969187432872862e-02
1.7215928082223360e+04,1,1.5000000000000000e+02,2.1391366859775243e-01,-6.5144627613659418e+00,-1.1375821314293194e-01,-1.8927656251590051e+01,-5.9449342443314137e+00,-9.7987422061597940e-02

1.7278760148762205e+04,0,1.5000000000000000e+02,2.1485587769693337e-01,-6.5403501684150287e+00,-1.1421029763841130e-01,-1.7554454662704533e+01,-9.7421001883251428e+00,-1.6467542779285860e-01
1.7278760148762205e+04,1,1.5000000000000000e+02,2.4330040691209753e-01,-6.6124167346499370e+00,-1.1547669778199179e-01,1.7555208803049535e+01,9.7415521221626626e+00,1.6466563298615433e-01

1.7341591497743928e+04,0,1.5000000000000000e+02,2.4022139369899642e-01,-6.6357918323762268e+00,-1.1588371143206885e-01,1.8326663716596887e+01,8.4548149742029430e+00,1.4197396276286905e-01
1.7341591497743928e+04,1,1.5000000000000000e+02,2.1883796117038901e-01,-6.5615087512389918e+00,-1.1458077881182402e-01,-1.8327383747493304e+01,-8.4557073073278239e+00,-1.4198931677525689e-01

1.7404423549036412e+04,0,1.5000000000000000e+02,2.1034222177241613e-01,-6.6143959909607162e+00,-1.1550120024051405e-01,7.4907520442597271e+00,-4.1761904271399821e+01,-7.3112765637051280e-01
1.7404423549036412e+04,1,1.5000000000000000e+02,2.5079674383487804e-01,-6.6340784962234833e+00,-1.1585703110000263e-01,-7.4899690895625017e+00,4.1761194415559437e+01,7.3111502916693627e-01

1.7467255296794177e+04,0,1.5000000000000000e+02,2.1244276687436217e-01,-6.6698229574789147e+00,-1.1646917399493145e-01,8.9622128720701504e+00,-2.9665929304594712e+01,-5.2047204035979822e-01
1.7467255296794177e+04,1,1.5000000000000000e+02,2.5030820652621699e-01,-6.6230978864451187e+00,-1.1566524412273171e-01,-8.9629439340153318e+00,2.9665192843515072e+01,5.2045941005015717e-01

1.7530087216709377e+04,0,1.5000000000000000e+02,2.1805069271445160e-01,-6.6442879818772207e+00,-1.1602523549165560e-01,-1.4815641525595741e+01,-2.5646440179614107e+01,-4.4307876599402812e-01
1.7530087216709377e+04,1,1.5000000000000000e+02,2.4609781455281460e-01,-6.6998198154896924e+00,-1.1700294369782309e-01,1.4816419791367650e+01,2.5645580903148673e+01,4.4306353246919922e-01

1.7592919381153293e+04,0,1.5000000000000000e+02,2.2312215764512722e-01,-6.7318766944777391e+00,-1.1755541415528598e-01,1.8835273841525968e+01,-6.2805339772467832e+00,-1.1534827550362436e-01
1.7592919381153293e+04,1,1.5000000000000000e+02,2.4328638924436202e-01,-6.6567294290540326e+00,-1.1625005622460484e-01,-1.8835986826963413e+01,6.2799389651238258e+00,1.1533810831162694e-01

1.7655750888239665e+04,0,1.5000000000000000e+02,2.5699740965795542e-01,-6.7111924154118325e+00,-1.1720474314420193e-01,1.0611268701628916e+01,3.6871525921110269e+01,6.4026431488994651e-01
1.7655750888239665e+04,1,1.5000000000000000e+02,2.1019987281614294e-01,-6.7284934831255754e+00,-1.1749243234087657e-01,-1.0610519646987200e+01,-3.6872516453341142e+01,-6.4028183024512608e-01

1.7718582694260633e+04,0,1.5000000000000000e+02,2.2562704781961895e-01,-6.7331439926056760e+00,-1.1757829446355031e-01,-6.0367240039599828e+01,-2.4085856637545433e+01,-4.0196631266829708e-01
1.7718582694260633e+04,1,1.5000000000000000e+02,2.4439678377210614e-01,-6.7511926008299721e+00,-1.1789900398880099e-01,6.0366565801004590e+01,2.4085383640306844e+01,4.0195826312613914e-01

1.7781414635686695e+04,0,1.5000000000000000e+02,2.5324862551249883e-01,-6.7716575441211972e+00,-1.1825886297436704e-01,3.6337839100553822e+01,3.4465933555355605e+01,5.9044377972649698e-01
1.7781414635686695e+04,1,1.5000000000000000e+02,2.1704252849132655e-01,-6.7635700861757186e+00,-1.1810668780331124e-01,-3.6337135745278090e+01,-3.4467035997240828e+01,-5.9046323425263458e-01

1.7844246359063389e+04,0,1.5000000000000000e+02,2.0906266943925422e-01,-6.8005852479024185e+00,-1.1875026043384798e-01,-7.4480301942537750e+00,-3.0628364485940409e+01,-5.3226975055380965e-01
1.7844246359063389e+04,1,1.5000000000000000e+02,2.6453031678303390e-01,-6.7795097762718575e+00,-1.1839934000677377e-01,7.4474067061471985e+00,3.0627993046282249e+01,5.3226345797573260e-01

1.7907078153408551e+04,0,1.5000000000000000e+02,2.5945872059886921e-01,-6.7837854372821722e+00,-1.1847241551826022e-01,-1.5815634192684497e+01,1.1930680088267506e+01,2.1303704031466072e-01
1.7907078153408551e+04,1,1.5000000000000000e+02,2.1397187616831476e-01,-6.8469639901906394e+00,-1.1956117651288152e-01,1.5816282680273849e+01,-1.1931874403497448e+01,-2.1305808153734776e-01

1.7969910137143284e+04,0,1.5000000000000000e+02,2.5118790610903979e-01,-6.8441843645013458e+00,-1.1952400249463964e-01,-9.7840330562306832e-01,6.1515548069680378e+01,1.0738924009426354e+00
1.7969910137143284e+04,1,1.5000000000000000e+02,2.2592954039023574e-01,-6.8316814103190744e+00,-1.1929810132765581e-01,9.7783688443725225e-01,-6.1515837445366969e+01,-1.0738972786913936e+00

1.8032742286598477e+04,0,1.5000000000000000e+02,2.5990049806998095e-01,-6.8313482053410981e+00,-1.1930263468145293e-01,-1.8750901454525945e+01,8.1006608587531268e+00,1.4708816700643501e-01
1.8032742286598477e+04,1,1.5000000000000000e+02,2.1671286198829015e-01,-6.8949181382255080e+00,-1.2039892661296775e-01,1.8751492774191888e+01,-8.1019273758525117e+00,-1.4711045091021313e-01

1.8095573730376924e+04,0,1.5000000000000000e+02,2.1776613965510994e-01,-6.8806689131884005e+00,-1.2015056412297570e-01,-3.1255933470960095e+01,-2.7066140368105032e+01,-4.6284769706344814e-01
1.8095573730376924e+04,1,1.5000000000000000e+02,2.6283520448351827e-01,-6.8909672797116812e+00,-1.2034402492061942e-01,3.1255423030514152e+01,2.7065913960201151e+01,4.6284390120029534e-01

1.8158405572566931e+04,0,1.5000000000000000e+02,2.2825986511908719e-01,-6.9046137165537571e+00,-1.2057165521480560e-01,-3.6864833562477983e+00,-6.4130771514448952e+01,-1.1181132655192820e+00
1.8158405572566931e+04,1,1.5000000000000000e+02,2.5157389768817129e-01,-6.9171739384451936e+00,-1.2079796353330048e-01,3.6870196050754345e+00,6.4129449815003284e+01,1.1180900353268248e+00

1.8221237667747875e+04,0,1.5000000000000000e+02,2.5349347168316677e-01,-6.9389391877124140e+00,-1.2117840419596640e-01,1.7924673943117533e+00,6.6380698348540648e+01,1.1579568826392335e+00
1.8221237667747875e+04,1,1.5000000000000000e+02,2.3055626476531463e-01,-6.9284575322468518e+00,-1.2098848665702926e-01,-1.7929252043902828e+00,-6.6380877007000322e+01,-1.1579598611926467e+00

1.8284069282551845e+04,0,1.5000000000000000e+02,2.3051622384906359e-01,-6.9574764229398358e+00,-1.2149492385550775e-01,1.2336464246213900e+01,-7.1211011527607297e+01,-1.2465616087262401e+00
1.8284069282551845e+04,1,1.5000000000000000e+02,2.5257073065575125e-01,-6.9598468867599390e+00,-1.2154301268167371e-01,-1.2335976659772015e+01,7.1209649626139026e+01,1.2465376917357160e+00

1.8346901228496015e+04,0,1.5000000000000000e+02,2.1513518813069796e-01,-6.9789031909858110e+00,-1.2186418687747311e-01,-2.1266298819320852e+01,-2.4970299529007590e+01,-4.2931340217946390e-01
1.8346901228496015e+04,1,1.5000000000000000e+02,2.7233343042286862e-01,-6.9842369264456199e+00,-1.2197469786236467e-01,2.1265884906265391e+01,2.4970154970671686e+01,4.2931100538252831e-01

1.8409733548840512e+04,0,1.5000000000000000e+02,2.6366428942889975e-01,-6.9774615708863976e+00,-1.2185381062689941e-01,-2.3689332653325913e+01,4.1189610837262443e+00,7.9102332787608975e-02
1.8409733548840512e+04,1,1.5000000000000000e+02,2.2270313932336094e-01,-7.0354179340184855e+00,-1.2285281051838788e-01,2.3689780759989603e+01,-4.1203518727597945e+00,-7.9126741908869813e-02

1.8472564817224506e+04,0,1.5000000000000000e+02,2.5330537717083679e-01,-7.0233196925100501e+00,-1.2265098946821223e-01,-4.5243706429290711e+01,6.2747253289130640e+01,1.1088732882342851e+00
1.8472564817224506e+04,1,1.5000000000000000e+02,2.3755761293907329e-01,-7.0355418390773403e+00,-1.2285949805071882e-01,4.5243327856494361e+01,-6.2747375019671097e+01,-1.1088752973970768e+00

1.8535397275978572e+04,0,1.5000000000000000e+02,2.5599181428687157e-01,-7.0263076259297250e+00,-1.2270395439608092e-01,-3.0245362102968659e+01,-6.6068491202007138e+00,-1.0609168406391364e-01
1.8535397275978572e+04,1,1.5000000000000000e+02,2.3367809812336968e-01,-7.0821511286287038e+00,-1.2367176041022740e-01,3.0245781031953971e+01,6.6054397797308617e+00,1.0606696006424191e-01

1.8598229024760687e+04,0,1.5000000000000000e+02,2.1344271088050193e-01,-7.0967257009692997e+00,-1.2391995732269595e-01,9.7825255870150194e+00,-1.7240354653051170e+01,-3.0386575555944806e-01
1.8598229024760687e+04,1,1.5000000000000000e+02,2.8079416048065176e-01,-7.0578321024096908e+00,-1.2326168789953086e-01,-9.7828814314048138e+00,1.7240247603431321e+01,3.0386399569051203e-01

1.8661060555443426e+04,0,1.5000000000000000e+02,2.8072764239437409e-01,-7.0989424937886518e+00,-1.2397914281443737e-01,9.9042866498067426e+00,2.3409759652267876e+01,4.0553946858795298e-01
1.8661060555443426e+04,1,1.5000000000000000e+02,2.1226325010876357e-01,-7.1051211732347204e+00,-1.2406611913372886e-01,-9.9038845648489797e+00,-2.3411178836045320e+01,-4.0556435924586920e-01

1.8723892608560498e+04,0,1.5000000000000000e+02,2.1287401987667007e-01,-7.1346856897394870e+00,-1.2458227707576124e-01,-1.5984882776409215e+00,-2.1882791365515747e+01,-3.8142041678569821e-01
1.8723892608560498e+04,1,1.5000000000000000e+02,2.8471960749325981e-01,-7.1155412194339442e+00,-1.2427004652791529e-01,1.5981434271577122e+00,2.1882690585251456e+01,3.8141876298292848e-01

1.8786724277849782e+04,0,1.5000000000000000e+02,2.8236799519265254e-01,-7.1313850713346758e+00,-1.2454584341384986e-01,-9.0225496736818158e+00,1.7663760673519167e+01,3.1102369586091827e-01
1.8786724277849782e+04,1,1.5000000000000000e+02,2.1396055911913958e-01,-7.1683117552329207e+00,-1.2516946375470583e-01,9.0229466924462969e+00,-1.7665182679076235e+01,-3.1104863422240570e-01

1.8849556184389159e+04,0,1.5000000000000000e+02,2.4244115412012418e-01,-7.1994511256292322e+00,-1.2572159675950992e-01,3.2394200921735433e+01,1.0998910026714025e+01,1.8208910912387472e-01
1.8849556184389159e+04,1,1.5000000000000000e+02,2.5849328323381987e-01,-7.1464169811936307e+00,-1.2480091332224871e-01,-3.2394546704145881e+01,-1.0999011366364133e+01,-1.8209077240586791e-01

1.8912388298753875e+04,0,1.5000000000000000e+02,2.8431565680625165e-01,-7.1937574015679209e+00,-1.2563498385328295e-01,8.8911692893485288e+00,2.3367524911149111e+01,4.0511099958869973e-01
1.8912388298753875e+04,1,1.5000000000000000e+02,2.1536655797588633e-01,-7.2016009680622561e+00,-1.2575086880045533e-01,-8.8907642099454200e+00,-2.3368942302756878e+01,-4.0513585988123896e-01

1.8975219936524245e+04,0,1.5000000000000000e+02,2.4805493642545962e-01,-7.2459461152314733e+00,-1.2653475621408020e-01,3.3326912134425072e+01,1.7016380041947677e+01,2.8682430704065109e-01
1.8975219936524245e+04,1,1.5000000000000000e+02,2.5620412362455763e-01,-7.1955354213389224e+00,-1.2565745080593366e-01,-3.3327271884769118e+01,-1.7016489495955135e+01,-2.8682610768227734e-01

1.9038051646904372e+04,0,1.5000000000000000e+02,2.8410363096289404e-01,-7.2243666718269850e+00,-1.2616912453839743e-01,-1.1355176300403699e+01,1.6283144404448556e+01,2.8763921438907625e-01
1.9038051646904372e+04,1,1.5000000000000000e+02,2.1894882063948740e-01,-7.2666796612303806e+00,-1.2688773972890188e-01,1.1355601111671803e+01,-1.6284549975490066e+01,-2.8766387439511087e-01

1.9100883960345138e+04,0,1.5000000000000000e+02,2.2061423740582556e-01,-7.2887243443310794e+00,-1.2727297975964355e-01,9.5988088484748317e+00,-1.7393200005211856e+01,-3.0647730860706279e-01
1.9100883960345138e+04,1,1.5000000000000000e+02,2.8695145861714055e-01,-7.2483439494113355e+00,-1.2658845319479192e-01,-9.5991950812067017e+00,1.7393074063533934e+01,3.0647522828333296e-01

1.9163715749908726e+04,0,1.5000000000000000e+02,2.8652373122540287e-01,-7.2736281129632108e+00,-1.2702959231608485e-01,-8.4662383955360987e+00,1.8119978531544163e+01,3.1881632463123044e-01
1.9163715749908726e+04,1,1.5000000000000000e+02,2.1991864010326712e-01,-7.3131330064599425e+00,-1.2769875767228012e-01,8.4666950751617058e+00,-1.8121363253758588e+01,-3.1884063048327882e-01

1.9226547107629201e+04,0,1.5000000000000000e+02,2.2319405861981609e-01,-7.3378929491787686e+00,-1.2813187597391631e-01,9.9641448135093711e+00,-1.7240108473835807e+01,-3.0391678632999525e-01
1.9226547107629201e+04,1,1.5000000000000000e+02,2.8765751778344412e-01,-7.2947374735611756e+00,-1.2739834676328468e-01,-9.9645679737499577e+00,1.7239956909420666e+01,3.0391427007758226e-01

1.9289379126667849e+04,0,1.5000000000000000e+02,2.5936890501136906e-01,-7.3134555028004575e+00,-1.2771640368531345e-01,-3.0101649493824343e+01,-1.4861715902112051e+01,-2.5020275381018831e-01
1.9289379126667849e+04,1,1.5000000000000000e+02,2.5048629799576499e-01,-7.3690423004023167e+00,-1.2868382113535673e-01,3.0102147798702891e+01,1.4860362040706194e+01,2.5017897387353727e-01

1.9352211101843179e+04,0,1.5000000000000000e+02,2.2576000671600777e-01,-7.3687245846151912e+00,-1.2867074369566275e-01,-1.1745896165099804e+01,-2.6365266281619846e+01,-4.5655915667888675e-01
1.9352211101843179e+04,1,1.5000000000000000e+02,2.8835152838292966e-01,-7.3594471963924581e+00,-1.2852789838183060e-01,1.1745426180569314e+01,2.6365077195204897e+01,4.5655599984169742e-01

1.9415043015553765e+04,0,1.5000000000000000e+02,2.5493017993661732e-01,-7.3637090435537127e+00,-1.2859209653168521e-01,-2.8684745137964786e+01,-2.4144248657703649e+01,-4.1263692389412737e-01
1.9415043015553765e+04,1,1.5000000000000000e+02,2.5836631282812045e-01,-7.4145445697377612e+00,-1.2948034555518487e-01,2.8685293883538609e+01,2.4142938732264426e+01,4.1261389538013099e-01

1.9477874536319581e+04,0,1.5000000000000000e+02,2.2967798735554631e-01,-7.4373261606854113e+00,-1.2986919963628624e-01,1.1211778639787374e+01,-1.6727777721315221e+01,-2.9535545210441239e-01
1.9477874536319581e+04,1,1.5000000000000000e+02,2.8766285564594030e-01,-7.3863714153710367e+00,-1.2899758080913787e-01,-1.1212301872870482e+01,1.6727537616096910e+01,2.9535142108752466e-01

1.9540706692049978e+04,0,1.5000000000000000e+02,2.8853252061086254e-01,-7.4150794193094560e+00,-1.2949886939241523e-01,-6.6359722659246891e+00,2.0733606116409973e+01,3.6387285625827515e-01
1.9540706692049978e+04,1,1.5000000000000000e+02,2.2823893282900964e-01,-7.4589416290857429e+00,-1.3024600309479303e-01,6.6365771827884679e+00,-2.0734856419515587e+01,-3.6389486133070303e-01

1.9603538542531580e+04,0,1.5000000000000000e+02,2.3136215691167877e-01,-7.4829263075277996e+00,-1.3066554479531883e-01,7.4725904520006239e+00,-2.0631596349244496e+01,-3.6234740175373703e-01
1.9603538542531580e+04,1,1.5000000000000000e+02,2.8917115044306768e-01,-7.4362894568396989e+00,-1.2986923004290563e-01,-7.4731708622528927e+00,2.0631288312958866e+01,3.6234220259414063e-01

1.9666370568807153e+04,0,1.5000000000000000e+02,2.7679694216089135e-01,-7.4503319860478312e+00,-1.3011053629499902e-01,-1.9675962170347049e+01,5.4334668469600444e+00,1.0082101698795676e-01
1.9666370568807153e+04,1,1.5000000000000000e+02,2.4348885522111835e-01,-7.5194596402967839e+00,-1.3130683347422478e-01,1.9676624108424605e+01,-5.4346403673354402e+00,-1.0084169938795318e-01

1.9729201947300167e+04,0,1.5000000000000000e+02,2.6191578161488388e-01,-7.5401682875247351e+00,-1.3167386256509031e-01,2.3460650262392768e+01,1.4058937702703835e+01,2.3821540918195105e-01
1.9729201947300167e+04,1,1.5000000000000000e+02,2.6176871975627619e-01,-7.4745681168811942e+00,-1.3052893692479725e-01,-2.3461286267248610e+01,-1.4059331854607732e+01,-2.3822209433057262e-01

1.9792033737588936e+04,0,1.5000000000000000e+02,2.8488925564750800e-01,-7.5296608036641528e+00,-1.3149748008060244e-01,1.9638889555257599e+01,3.6210193456526071e+01,6.2597236169711745e-01
1.9792033737588936e+04,1,1.5000000000000000e+02,2.3895404595541681e-01,-7.5358916716477058e+00,-1.3159223034544518e-01,-1.9638174300559662e+01,-3.6211269992029784e+01,-6.2599136771979313e-01

1.9854865736244643e+04,0,1.5000000000000000e+02,2.7103051664545713e-01,-7.5851500098183324e+00,-1.3246167835106004e-01,2.0107124848332180e+01,2.1875334338334760e+01,3.7565193427740645e-01
1.9854865736244643e+04,1,1.5000000000000000e+02,2.5575993159657490e-01,-7.5251231233361118e+00,-1.3140941280856960e-01,-2.0107809634360951e+01,-2.1875835433635025e+01,-3.7566047098543093e-01

1.9917698070512673e+04,0,1.5000000000000000e+02,2.6550773044594617e-01,-7.5431733185512257e+00,-1.3172740157029306e-01,-2.0811358081666139e+01,-5.2301558134833019e+00,-8.4938980836038402e-02
1.9917698070512673e+04,1,1.5000000000000000e+02,2.6193959504983466e-01,-7.6181175328596780e+00,-1.3303427148711683e-01,2.0812115647236400e+01,5.2291962766295281e+00,8.4922003832228865e-02

1.9980529608596749e+04,0,1.5000000000000000e+02,2.5087100127503004e-01,-7.6378191543355669e+00,-1.3337474025188067e-01,1.6781515641904004e+01,-1.3153391798105421e+01,-2.3467054128752934e-01
1.9980529608596749e+04,1,1.5000000000000000e+02,2.7898001736320327e-01,-7.5680228974665029e+00,-1.3216519054000875e-01,-1.6782234849333687e+01,1.3152762671015498e+01,2.3465978060271758e-01

2.0043361409504079e+04,0,1.5000000000000000e+02,2.7574259562925879e-01,-7.5921181605474546e+00,-1.3258472456270906e-01,-1.8153010271668386e+01,1.0805011976007851e+01,1.9410346453821464e-01
2.0043361409504079e+04,1,1.5000000000000000e+02,2.5535183737960460e-01,-7.6648689739924283e+00,-1.3384818963197298e-01,1.8153791793695710e+01,-1.0805834162419156e+01,-1.9411805174475777e-01

2.0106193167292669e+04,0,1.5000000000000000e+02,2.7100031205234165e-01,-7.6889609456045598e+00,-1.3427341948588767e-01,1.9527685897868356e+01,5.2413584285569605e+00,8.5525542196193183e-02
2.0106193167292669e+04,1,1.5000000000000000e+02,2.6187063448755893e-01,-7.6125003493868499e+00,-1.3293621688421600e-01,-1.9528416534169995e+01,-5.2421333665463941e+00,-8.5538844151020921e-02

2.0169024979722435e+04,0,1.5000000000000000e+02,2.4647410050945759e-01,-7.6665056647710044e+00,-1.3387404924117904e-01,7.9187216965818212e+00,-4.0548174784557766e+01,-7.1007552969382293e-01
2.0169024979722435e+04,1,1.5000000000000000e+02,2.8830399006006041e-01,-7.6861178292326651e+00,-1.3422907146660121e-01,-7.9179433298154240e+00,4.0547505721532978e+01,7.1006361581994948e-01

2.0231856973950635e+04,0,1.5000000000000000e+02,2.6589137057461865e-01,-7.7351196136980125e+00,-1.3507744283955603e-01,2.0562631455666889e+01,-9.3175430908080408e+00,-1.6887760285349634e-01
2.0231856973950635e+04,1,1.5000000000000000e+02,2.6996931692894560e-01,-7.6620309380885327e+00,-1.3380311184345231e-01,-2.0563341966544698e+01,9.3166081406934929e+00,1.6886150217115775e-01

2.0294688648146330e+04,0,1.5000000000000000e+02,2.5560871381945854e-01,-7.7304203823794664e+00,-1.3499229744605393e-01,4.7591730559688145e+01,-3.4404449651608239e+01,-6.1493844496646699e-01
2.0294688648146330e+04,1,1.5000000000000000e+02,2.8287485864504480e-01,-7.7177604042060963e+00,-1.3477965652597501e-01,-4.7590991234669943e+01,3.4403944320956619e+01,6.1492940050968481e-01

2.0357520622317523e+04,0,1.5000000000000000e+02,2.9651209626578767e-01,-7.7642811238058709e+00,-1.3559570932327306e-01,9.8641370285689334e-01,2.7787062071699516e+01,4.8465060691216544e-01
2.0357520622317523e+04,1,1.5000000000000000e+02,2.4232714052022672e-01,-7.7286463383270547e+00,-1.3495729004415424e-01,-9.8706461865393891e-01,-2.7788161483315719e+01,-4.8466959599828163e-01

2.0420352736687404e+04,0,1.5000000000000000e+02,2.4193157974868007e-01,-7.7560755131447499e+00,-1.3543587459150830e-01,8.5113192344705446e-01,-2.6877237714764888e+01,-4.6933175928057530e-01
2.0420352736687404e+04,1,1.5000000000000000e+02,3.0025654183715766e-01,-7.7875674104557664e+00,-1.3600325168459498e-01,-8.5047463333389395e-01,2.6876895753909068e+01,4.6932559101049626e-01

2.0483184478444411e+04,0,1.5000000000000000e+02,3.0064946202846715e-01,-7.8016710883693712e+00,-1.3624951443976957e-01,-1.0184740407296838e+01,2.8399265954191346e+01,4.9873813884910756e-01
2.0483184478444411e+04,1,1.5000000000000000e+02,2.4118417336146677e-01,-7.7871347397673158e+00,-1.3597770509313431e-01,1.0184195018204440e+01,-2.8400523274158761e+01,-4.9875991596279368e-01

2.0546016150671749e+04,0,1.5000000000000000e+02,2.6569923438163084e-01,-7.8317606459212969e+00,-1.3676400257836380e-01,6.0969820575072291e+01,-3.1377265697076453e+00,-7.3334292006246193e-02
2.0546016150671749e+04,1,1.5000000000000000e+02,2.8016030706312595e-01,-7.8072391959810234e+00,-1.3634044958593813e-01,-6.0969292920832558e+01,3.1375330037242080e+00,7.3330753075151911e-02

2.0608848330521414e+04,0,1.5000000000000000e+02,2.9906278806407843e-01,-7.8690265777705832e+00,-1.3742454634661003e-01,1.8530768148063530e+01,1.0398988612773483e+01,1.7584229435673454e-01
2.0608848330521414e+04,1,1.5000000000000000e+02,2.4581657447410560e-01,-7.8157636831249988e+00,-1.3647876011332957e-01,-1.8531159509925175e+01,-1.0400381072772188e+01,-1.7586647691115004e-01

2.0671679933517156e+04,0,1.5000000000000000e+02,2.5677056621481298e-01,-7.8800789833386737e+00,-1.3760455376286071e-01,4.0806286486280065e+01,-1.3460985748480475e+01,-2.4735753129485638e-01
2.0671679933517156e+04,1,1.5000000000000000e+02,2.9268937115132282e-01,-7.8541740556230728e+00,-1.3716339248498652e-01,-4.0805935292420592e+01,1.3460908673317469e+01,2.4735607916440827e-01

2.0734511546538892e+04,0,1.5000000000000000e+02,3.1083658983179224e-01,-7.9024436457662350e+00,-1.3801134117225150e-01,6.7170334577435185e+00,1.8726809060433887e+01,3.2478165368086254e-01
2.0734511546538892e+04,1,1.5000000000000000e+02,2.3718090596856056e-01,-7.8784279327572646e+00,-1.3756977124412526e-01,-6.7172270837063550e+00,-1.8728294535632102e+01,-3.2480751981111777e-01

2.0797343746799765e+04,0,1.5000000000000000e+02,2.4030625350972137e-01,-7.9031293898827766e+00,-1.3800182313626913e-01,-1.0751369660507549e+01,-1.7856961925978485e+01,-3.0837173645476990e-01
2.0797343746799765e+04,1,1.5000000000000000e+02,3.1264069537443490e-01,-7.9262893292058436e+00,-1.3842805526044338e-01,1.0751503886220341e+01,1.7856950204865324e+01,3.0837149100555306e-01

2.0860175558209623e+04,0,1.5000000000000000e+02,3.1259122619640656e-01,-7.9455807651940606e+00,-1.3876472210862895e-01,9.5607445014637946e+00,1.9020059847473700e+01,3.2903329769149037e-01
2.0860175558209623e+04,1,1.5000000000000000e+02,2.3869821424496834e-01,-7.9314458181729321e+00,-1.3849552302648993e-01,-9.5607069547099783e+00,-1.9021577941301548e+01,-3.2905980351794484e-01

2.0923007735956580e+04,0,1.5000000000000000e+02,2.4507203044306125e-01,-7.9782737856852028e+00,-1.3931472535784387e-01,1.6167411678709978e+01,-1.5467911299510513e+01,-2.7487740006962180e-01
2.0923007735956580e+04,1,1.5000000000000000e+02,3.1120889893301573e-01,-7.9462579696008246e+00,-1.3877611978848903e-01,-1.6167517676817791e+01,1.5467895530352029e+01,2.7487715715228855e-01

2.0985839134415604e+04,0,1.5000000000000000e+02,2.8758367345582758e-01,-7.9623332074779949e+00,-1.3904947429059111e-01,-3.5198240403584421e+01,-8.2267646727371719e+00,-1.3285429904267687e-01
2.0985839134415604e+04,1,1.5000000000000000e+02,2.6714702891676406e-01,-8.0108755608000859e+00,-1.3989042949609848e-01,3.5198521089037996e+01,8.2252904044106963e+00,1.3282848400860420e-01

2.1048670906482235e+04,0,1.5000000000000000e+02,2.4760323064319234e-01,-8.0090206282348841e+00,-1.3985210271130744e-01,-1.5380923181060716e+01,-2.3601293400649137e+01,-4.0721382979250031e-01
2.1048670906482235e+04,1,1.5000000000000000e+02,3.1183024803140391e-01,-8.0106258419526561e+00,-1.3989968321543397e-01,1.5380577106712124e+01,2.3601191246096025e+01,4.0721215237739139e-01

2.1111502951847506e+04,0,1.5000000000000000e+02,2.6885501297268793e-01,-8.0232032581595654e+00,-1.4010609765647439e-01,-1.7860680036935477e+01,-5.4736538733267132e+01,-9.4984337035829114e-01
2.1111502951847506e+04,1,1.5000000000000000e+02,2.8950571310787915e-01,-8.0461525980306554e+00,-1.4051290974582459e-01,1.7861188685089878e+01,5.4735193947991583e+01,9.4981974567036698e-01

2.1174334737757912e+04,0,1.5000000000000000e+02,2.7126563639909090e-01,-8.0905621364817648e+00,-1.4128240646581863e-01,2.4602349497117419e+01,4.5520614216768749e+00,7.1949741236725928e-02
2.1174334737757912e+04,1,1.5000000000000000e+02,2.9113106042504272e-01,-8.0242716231185334e+00,-1.4013152914520824e-01,-2.4602902269427634e+01,-4.5523352621109865e+00,-7.1954352016567968e-02

2.1237166375320110e+04,0,1.5000000000000000e+02,2.9505810519820630e-01,-8.0471636878857282e+00,-1.4053224700129419e-01,-2.0229902534876096e+01,3.6802482096003573e+00,7.0391881213086260e-02
2.1237166375320110e+04,1,1.5000000000000000e+02,2.6711448928436837e-01,-8.1182269899083366e+00,-1.4176396008648717e-01,2.0230588679337274e+01,-3.6813809874018943e+00,-7.0411859931751919e-02

2.1299998266842060e+04,0,1.5000000000000000e+02,2.8412249799421679e-01,-8.1403793890138729e+00,-1.4215575389283761e-01,2.1338124040845464e+01,1.1220498839767352e+01,1.8932441179049087e-01
2.1299998266842060e+04,1,1.5000000000000000e+02,2.8107142755764553e-01,-8.0697930966060252e+00,-1.4092292377244572e-01,-2.1338815447502661e+01,-1.1221020002341284e+01,-1.8933329670430066e-01

2.1362830176577318e+04,0,1.5000000000000000e+02,2.6866509308872494e-01,-8.1311897540358213e+00,-1.4199066375142805e-01,3.0473020652108417e+01,-5.2273954556789448e+01,-9.2158938533880219e-01
2.1362830176577318e+04,1,1.5000000000000000e+02,2.9746054119225668e-01,-8.1300463166591719e+00,-1.4197948005816372e-01,-3.0472243195608463e+01,5.2273097644609862e+01,9.2157419332228496e-01

2.1425662378094894e+04,0,1.5000000000000000e+02,2.8225081181737516e-01,-8.1911397109130348e+00,-1.4304107336133062e-01,1.9935034826209947e+01,-4.2806375399528882e+00,-8.0780293423229788e-02
2.1425662378094894e+04,1,1.5000000000000000e+02,2.8563394269280656e-01,-8.1145964475463312e+00,-1.4170623983197014e-01,-1.9935763167392718e+01,4.2798203259977861e+00,8.0766252951749551e-02

2.1488493909877343e+04,0,1.5000000000000000e+02,2.7071556026657007e-01,-8.1835408320893137e+00,-1.4290494056077213e-01,4.4034769717146531e+01,-3.7916822650419377e+01,-6.7515423884694581e-01
2.1488493909877343e+04,1,1.5000000000000000e+02,2.9942484313732692e-01,-8.1732874537877489e+00,-1.4273474022710514e-01,-4.4034015406569125e+01,3.7916269853441321e+01,6.7514436142364165e-01

2.1551325773137203e+04,0,1.5000000000000000e+02,3.1183318279507055e-01,-8.2242961342969476e+00,-1.4362874437688619e-01,6.8768630160769852e+00,2.2918063886039175e+01,3.9788044703749798e-01
2.1551325773137203e+04,1,1.5000000000000000e+02,2.5873389050997680e-01,-8.1772759605188021e+00,-1.4279195340251305e-01,-6.8775046443827428e+00,-2.2919180620524191e+01,-3.9789974127859257e-01

2.1614157616892804e+04,0,1.5000000000000000e+02,2.5887576596086948e-01,-8.2001756056280541e+00,-1.4319165047841956e-01,-1.1017228831220173e+01,-1.7208417416408430e+01,-2.9697208463250224e-01
2.1614157616892804e+04,1,1.5000000000000000e+02,3.1522896085821173e-01,-8.2519636316471328e+00,-1.4411264319368960e-01,1.1017832305660107e+01,1.7208146382150694e+01,2.9696717059608790e-01

2.1676989912736044e+04,0,1.5000000000000000e+02,3.1885986860056914e-01,-8.2528496745824409e+00,-1.4412921281480118e-01,-1.1318204309565264e+01,2.5341922547871587e+01,4.4572542948939520e-01
2.1676989912736044e+04,1,1.5000000000000000e+02,2.5450343463525438e-01,-8.2448352538726368e+00,-1.4396973680075889e-01,1.1317774767639424e+01,-2.5343287664991703e+01,-4.4574912321391669e-01

2.1739821198217825e+04,0,1.5000000000000000e+02,2.6308256519982309e-01,-8.2829401995668199e+00,-1.4463737323288528e-01,2.8334677602364842e+01,-1.9540702810022506e+01,-3.4966396222594842e-01
2.1739821198217825e+04,1,1.5000000000000000e+02,3.1480709338298363e-01,-8.2642545408239254e+00,-1.4432702051445528e-01,-2.8334340660201967e+01,1.9540632014154173e+01,3.4966262402566572e-01

2.1802653491248384e+04,0,1.5000000000000000e+02,3.1597247052133892e-01,-8.3169227246724873e+00,-1.4524656202082398e-01,2.2886358510829947e+01,1.1317301130514476e+01,1.9054220157038149e-01
2.1802653491248384e+04,1,1.5000000000000000e+02,2.6042920106489303e-01,-8.2770926326253118e+00,-1.4453451075930551e-01,-2.2886476212486269e+01,-1.1318805185988143e+01,-1.9056841510021905e-01

2.1865484913122626e+04,0,1.5000000000000000e+02,2.6385043353265747e-01,-8.3386482122127710e+00,-1.4560984592011111e-01,2.5507923592556068e+01,-1.1960775523555444e+01,-2.1651486821666849e-01
2.1865484913122626e+04,1,1.5000000000000000e+02,3.1752710365690673e-01,-8.3034374893564955e+00,-1.4501168575301754e-01,-2.5507928444528893e+01,1.1960770561151474e+01,2.1651478309044897e-01

2.1928317135397439e+04,0,1.5000000000000000e+02,3.2576658895921418e-01,-8.3313695299697912e+00,-1.4550167705023248e-01,-9.5506763551630591e+00,1.7777135584208722e+01,3.1316324564112891e-01
2.1928317135397439e+04,1,1.5000000000000000e+02,2.5401425231550240e-01,-8.3590715166133851e+00,-1.4596328525858557e-01,9.5509130753942095e+00,-1.7778623735474739e+01,-3.1318928957333231e-01

2.1991148953077984e+04,0,1.5000000000000000e+02,2.5668475402435209e-01,-8.3811261850206957e+00,-1.4634900577978688e-01,1.8795767607723022e+00,-2.0985036231557196e+01,-3.6681196230938190e-01
2.1991148953077984e+04,1,1.5000000000000000e+02,3.2781241637442782e-01,-8.3558377670234716e+00,-1.4592932985607926e-01,-1.8799298928086401e+00,2.0984929747842671e+01,3.6681021148912590e-01

2.2053980662297054e+04,0,1.5000000000000000e+02,3.2301804498598607e-01,-8.3721069570862028e+00,-1.4621180581443455e-01,-7.2965205745986452e+00,1.9670475653919905e+01,3.4551989607173383e-01
2.2053980662297054e+04,1,1.5000000000000000e+02,2.6051674336042818e-01,-8.4146804804922901e+00,-1.4693577629624094e-01,7.2970764592007882e+00,-1.9671777708956707e+01,-3.4554278940499739e-01

2.2116812324495324e+04,0,1.5000000000000000e+02,2.7878349962251187e-01,-8.4510889506490940e+00,-1.4757675633263762e-01,2.0210987188932449e+01,-4.1108403175833246e+00,-7.7900987454273762e-02
2.2116812324495324e+04,1,1.5000000000000000e+02,3.0847593739161583e-01,-8.3809281951935617e+00,-1.4636132760562140e-01,-2.0211608573681133e+01,4.1104701985729655e+00,7.7894717282291359e-02

2.2179644293396017e+04,0,1.5000000000000000e+02,2.8423982147508714e-01,-8.4470060420114947e+00,-1.4750716188664650e-01,5.2124651867539725e+01,-5.0124576925547615e+01,-8.9067337232216082e-01
2.2179644293396017e+04,1,1.5000000000000000e+02,3.0336325677569376e-01,-8.4358593863404288e+00,-1.4731845154882114e-01,-5.2123899270977702e+01,5.0123603762683047e+01,8.9065615902394868e-01

2.2242476376735653e+04,0,1.5000000000000000e+02,2.9962166710187504e-01,-8.5014784135161570e+00,-1.4846252162598636e-01,1.9554992570111477e+01,6.6489928707583630e+00,1.1008383207995986e-01
2.2242476376735653e+04,1,1.5000000000000000e+02,2.9015488713146043e-01,-8.4259445547949792e+00,-1.4714139013128447e-01,-1.9555722614285020e+01,-6.6497382871580513e+00,-1.1009661899303835e-01

2.2305307963939173e+04,0,1.5000000000000000e+02,3.0862998536991376e-01,-8.4635241494227387e+00,-1.4780287257039973e-01,-1.5770690490262840e+01,2.8622598081905529e+01,5.0433748603036888e-01
2.2305307963939173e+04,1,1.5000000000000000e+02,2.8319223893392031e-01,-8.5150008045155445e+00,-1.4869351490289054e-01,1.5771450735287534e+01,-2.8623173387885480e+01,-5.0434775809851051e-01

2.2368139932948892e+04,0,1.5000000000000000e+02,2.8359984780024333e-01,-8.5276528319943132e+00,-1.4891444735396975e-01,1.3405760313568429e+01,-4.4321320580584654e+01,-7.7759753610444626e-01
2.2368139932948892e+04,1,1.5000000000000000e+02,3.0865742554904146e-01,-8.4956352069444883e+00,-1.4836329611077434e-01,-1.3406389966142321e+01,4.4320182586564925e+01,7.7757786718482480e-01

2.2430971566088279e+04,0,1.5000000000000000e+02,3.0686477069836748e-01,-8.5201404878574074e+00,-1.4879042607880302e-01,-2.2939665195961929e+01,4.3464853461150021e+01,7.6555446483430356e-01
2.2430971566088279e+04,1,1.5000000000000000e+02,2.8908600896603281e-01,-8.5535752500495281e+00,-1.4936852714214072e-01,2.2940219424623876e+01,-4.3465072143014545e+01,-7.6555845019365321e-01

2.2493803720915337e+04,0,1.5000000000000000e+02,3.2577563522587460e-01,-8.5841241490107958e+00,-1.4991285576061711e-01,1.8240838023239501e+01,1.1528177173677769e+01,1.9563767431255197e-01
2.2493803720915337e+04,1,1.5000000000000000e+02,2.6918443483226662e-01,-8.5354705337587262e+00,-1.4904649355168578e-01,-1.8241166784154590e+01,-1.1529606310525992e+01,-1.9566251603682949e-01

2.2556635733153857e+04,0,1.5000000000000000e+02,2.7785727283921202e-01,-8.5994678234925335e+00,-1.5016604224788857e-01,3.3436086411805022e+01,-1.1886460536962215e+01,-2.1763307201984650e-01
2.2556635733153857e+04,1,1.5000000000000000e+02,3.2187518095706130e-01,-8.5690635971987312e+00,-1.4964882463576348e-01,-3.3435908169912025e+01,1.1886440711381319e+01,2.1763267171896750e-01

2.2619467667842455e+04,0,1.5000000000000000e+02,3.3591875693225209e-01,-8.6132041239577788e+00,-1.5042346113661936e-01,9.3283881143449250e+00,1.9591837236046832e+01,3.3908297246315688e-01
2.2619467667842455e+04,1,1.5000000000000000e+02,2.6219756202949496e-01,-8.6029687598998343e+00,-1.5022237150239612e-01,-9.3282922525978691e+00,-1.9593351778395959e+01,-3.3910943407298444e-01

2.2682299099668027e+04,0,1.5000000000000000e+02,3.1037987953963847e-01,-8.6271318551499796e+00,-1.5065875353146099e-01,-3.2796487448974631e+01,7.0086982813580192e+01,1.2331773987619046e+00
2.2682299099668027e+04,1,1.5000000000000000e+02,2.9260518459670659e-01,-8.6360803512001816e+00,-1.5080951156484124e-01,3.2796227540544081e+01,-7.0087044481341849e+01,-1.2331783958345259e+00

2.2745130934669680e+04,0,1.5000000000000000e+02,2.9404512548142769e-01,-8.6380331900914964e+00,-1.5084403190412005e-01,-2.7280472689621483e+01,-3.9254427716130529e+01,-6.7677369772050788e-01
2.2745130934669680e+04,1,1.5000000000000000e+02,3.0779032586701266e-01,-8.6746916360399862e+00,-1.5148799724228035e-01,2.7280981267240740e+01,3.9253083326538565e+01,6.7675007995909064e-01

2.2807962758986348e+04,0,1.5000000000000000e+02,3.1568725063905440e-01,-8.6820481087768790e+00,-1.5161879100589482e-01,-1.3069115698221292e+01,6.2991828942897499e+01,1.1033402834100441e+00
2.2807962758986348e+04,1,1.5000000000000000e+02,2.9000302777239667e-01,-8.6760409801243075e+00,-1.5150612789609216e-01,1.3068506565954099e+01,-6.2992180065068112e+01,-1.1033462257732332e+00

2.2870795034418883e+04,0,1.5000000000000000e+02,3.2493373191624753e-01,-8.6786268315505453e+00,-1.5156189820555829e-01,-9.3478843941485508e+00,2.4108175308429288e+01,4.2359334697748202e-01
2.2870795034418883e+04,1,1.5000000000000000e+02,2.8109946879827896e-01,-8.7302889641437815e+00,-1.5245017338272709e-01,9.3486422441947354e+00,-2.4109130844639786e+01,-4.2361025424780990e-01

2.2933626874501435e+04,0,1.5000000000000000e+02,3.2036099604996082e-01,-8.7563009182061151e+00,-1.5291610486543508e-01,1.3916205178541619e+01,2.1932010847042275e+01,3.7852703348452871e-01
2.2933626874501435e+04,1,1.5000000000000000e+02,2.8767793179462808e-01,-8.6971707305923172e+00,-1.5187418446218276e-01,-1.3916934008108447e+01,-2.1932814529766841e+01,-3.7854083765447594e-01

2.2996458633547725e+04,0,1.5000000000000000e+02,3.1012766070943815e-01,-8.7204497515351100e+00,-1.5228729825729437e-01,-2.1414053203964606e+01,1.8070912651728896e+01,3.2190433720108069e-01
2.2996458633547725e+04,1,1.5000000000000000e+02,3.0029145191495643e-01,-8.7840478675470681e+00,-1.5339424199385424e-01,2.1414782784145913e+01,-1.8071393964053613e+01,-3.2191295951145638e-01

2.3059290119544268e+04,0,1.5000000000000000e+02,3.1681518891831228e-01,-8.7643745698224862e+00,-1.5305592921980737e-01,-5.4358398712436419e+01,1.7686742436453862e+01,3.2523557364421418e-01
2.3059290119544268e+04,1,1.5000000000000000e+02,2.9358483369414340e-01,-8.7851348977380876e+00,-1.5341117017010950e-01,5.4357848854258130e+01,-1.7687993472075419e+01,-3.2525723971967357e-01

2.3122121987781822e+04,0,1.5000000000000000e+02,2.8794697035150119e-01,-8.8108096371443452e+00,-1.5385753862428139e-01,3.8874237802664837e+01,-1.7511409848057014e+01,-3.1745861336144487e-01
2.3122121987781822e+04,1,1.5000000000000000e+02,3.2663189214383587e-01,-8.7886334604027923e+00,-1.5348229567409286e-01,-3.8873825548579148e+01,1.7511299579788329e+01,3.1745656333022998e-01

2.3184953843882628e+04,0,1.5000000000000000e+02,3.0013274775527155e-01,-8.8141144354077596e+00,-1.5391892745025101e-01,-4.5113632298970501e+01,-5.6722187492676582e+01,-9.7619557393415546e-01
2.3184953843882628e+04,1,1.5000000000000000e+02,3.1305920497276241e-01,-8.8319782873516406e+00,-1.5423463247892655e-01,4.5113510301072907e+01,5.6720685154083895e+01,9.7616939167657568e-01

2.3247786186139099e+04,0,1.5000000000000000e+02,2.7220935944932295e-01,-8.8433983828158453e+00,-1.5442149636811364e-01,-8.8616454909319451e+00,-2.0018539736009068e+01,-3.4667214307199079e-01
2.3247786186139099e+04,1,1.5000000000000000e+02,3.4592722036316065e-01,-8.8506054413087973e+00,-1.5456973376716396e-01,8.8615636043240364e+00,2.0018527247529491e+01,3.4667195006505347e-01

2.3310617541375683e+04,0,1.5000000000000000e+02,3.2738688361676954e-01,-8.8440950683409056e+00,-1.5445046403765814e-01,-2.6452162735260359e+01,2.4630840617960157e+00,5.1044942917270991e-02
2.3310617541375683e+04,1,1.5000000000000000e+02,2.8931233650861438e-01,-8.8987491704385207e+00,-1.5539271088159592e-01,2.6452544911682352e+01,-2.4645128592163861e+00,-5.1069995292239018e-02

2.3373449402944705e+04,0,1.5000000000000000e+02,2.7934678778316918e-01,-8.9125990450148791e+00,-1.5563138862825668e-01,3.2389626404253313e+00,-2.2829477344129760e+01,-3.9941601190401055e-01
2.3373449402944705e+04,1,1.5000000000000000e+02,3.4159716567998860e-01,-8.8760494051086951e+00,-1.5501247297001020e-01,-3.2394998788578810e+00,2.2829220543858693e+01,3.9941169378376007e-01

2.3436281248397212e+04,0,1.5000000000000000e+02,3.3428787405410998e-01,-8.9124121085992396e+00,-1.5564486293806196e-01,1.2651061608169258e+01,3.6118464174052427e+01,6.2650018718874279e-01
2.3436281248397212e+04,1,1.5000000000000000e+02,2.8661411624574934e-01,-8.9268402804010059e+00,-1.5588214626186986e-01,-1.2650330640870251e+01,-3.6119501302470006e+01,-6.2651851025021421e-01

2.3499113408017929e+04,0,1.5000000000000000e+02,2.9351314477260770e-01,-8.9661743983689419e+00,-1.5657072289298404e-01,1.0296093594433792e+01,-2.8756209295085181e+01,-5.0500158095369052e-01
2.3499113408017929e+04,1,1.5000000000000000e+02,3.2968928962973276e-01,-8.9176961024760608e+00,-1.5573568041324448e-01,-1.0296823431571546e+01,2.8755457765540879e+01,5.0498868728862156e-01

2.3561945110365086e+04,0,1.5000000000000000e+02,3.1018418545707743e-01,-8.9310806735414197e+00,-1.5596333144579047e-01,-2.1616538732519746e+01,6.5504350168561345e+00,1.2090596292132227e-01
2.3561945110365086e+04,1,1.5000000000000000e+02,3.1524128491479680e-01,-9.0038281104763733e+00,-1.5723448984125596e-01,2.1617275237491530e+01,-6.5509348197120829e+00,-1.2091491004608923e-01

2.3624776975813169e+04,0,1.5000000000000000e+02,3.4367199885361255e-01,-9.0020102441776206e+00,-1.5721142458540052e-01,-3.8913726983624812e+00,2.6375480201771548e+01,4.6150104056577035e-01
2.3624776975813169e+04,1,1.5000000000000000e+02,2.8175476084125523e-01,-8.9779198884400113e+00,-1.5677212787869463e-01,3.8908319597021013e+00,-2.6376741589923288e+01,-4.6152289009624414e-01

2.3687608670024616e+04,0,1.5000000000000000e+02,3.0499173695566190e-01,-8.9886552123138550e+00,-1.5696656381621008e-01,-3.2537709502215897e+01,8.4789623125978153e+00,1.5789035292632125e-01
2.3687608670024616e+04,1,1.5000000000000000e+02,3.2468195138674805e-01,-9.0410949558186449e+00,-1.5788776182023845e-01,3.2538079874922921e+01,-8.4790497004427081e+00,-1.5789199088081929e-01

2.3750440670382908e+04,0,1.5000000000000000e+02,3.1139662738744206e-01,-9.0251212108874341e+00,-1.5760493434069878e-01,-5.0360453055803475e+01,-3.8403787145032567e+01,-6.5489705161634870e-01
2.3750440670382908e+04,1,1.5000000000000000e+02,3.1682051855620463e-01,-9.0515446779411697e+00,-1.5806773972283869e-01,5.0360410115035762e+01,3.8402273063281299e+01,6.5487064032887676e-01

2.3813272504134406e+04,0,1.5000000000000000e+02,3.0656920318122993e-01,-9.0854633210566647e+00,-1.5865657873962216e-01,3.6491226334720466e+01,8.3704204147628403e+00,1.3496755138690678e-01
2.3813272504134406e+04,1,1.5000000000000000e+02,3.2655852830548049e-01,-9.0386971266217486e+00,-1.5784648551271349e-01,-3.6491418118778569e+01,-8.3704574344806986e+00,-1.3496813904515612e-01

2.3876104371721551e+04,0,1.5000000000000000e+02,3.0806468005630577e-01,-9.0701861894518636e+00,-1.5839041156467049e-01,-2.5830966210726309e+01,-4.3242716531082237e+01,-7.4682050245120402e-01
2.3876104371721551e+04,1,1.5000000000000000e+02,3.2386261426422203e-01,-9.1033227288792453e+00,-1.5897353648902965e-01,2.5831470256239896e+01,4.3241368816300479e+01,7.4679682803731851e-01

2.3938936486763647e+04,0,1.5000000000000000e+02,2.9086504742398500e-01,-9.1211175698887494e+00,-1.5927404711344989e-01,-5.9365278494992353e+00,-3.1114071437810715e+01,-5.4120695900759552e-01
2.3938936486763647e+04,1,1.5000000000000000e+02,3.4480249117690587e-01,-9.0977061367007579e+00,-1.5888189238555442e-01,5.9358876164345773e+00,3.1113667266374527e+01,5.4120010028031051e-01

2.4001768125858376e+04,0,1.5000000000000000e+02,3.1410455849561875e-01,-9.0976722718550587e+00,-1.5887194973523586e-01,-1.9806577953467659e+01,-7.9799404941693268e+00,-1.3323542976210212e-01
2.4001768125858376e+04,1,1.5000000000000000e+02,3.2229949653806905e-01,-9.1720837675815812e+00,-1.6017310584990374e-01,1.9807357706368350e+01,7.9791096504705266e+00,1.3322069200264686e-01

2.4064599940561799e+04,0,1.5000000000000000e+02,3.0742426056187594e-01,-9.1829182128125488e+00,-1.6035766147882932e-01,1.7181789264617823e+01,-2.8620301905301098e+01,-5.0472727932295047e-01
2.4064599940561799e+04,1,1.5000000000000000e+02,3.3029471329736193e-01,-9.1314338108758335e+00,-1.5946610186317672e-01,-1.7182482230077614e+01,2.8619307801897136e+01,5.0471014092717503e-01

2.4127431761629919e+04,0,1.5000000000000000e+02,3.2578964995108134e-01,-9.1909622574357570e+00,-1.6050364409303891e-01,6.2865528746258029e+01,4.4805762813764446e+01,7.6281747563666391e-01
2.4127431761629919e+04,1,1.5000000000000000e+02,3.1520617648652993e-01,-9.1740305693645325e+00,-1.6020492131704553e-01,-6.2864935277976990e+01,-4.4806024434184650e+01,-7.6282222233182884e-01

2.4190263495378756e+04,0,1.5000000000000000e+02,3.2217873973641536e-01,-9.1920012176481141e+00,-1.6052067641855533e-01,-6.0194295435902703e+01,-1.8389497846714491e+01,-3.0260382840517547e-01
2.4190263495378756e+04,1,1.5000000000000000e+02,3.1789115427112896e-01,-9.2188750033324958e+00,-1.6098838250926925e-01,6.0194003984924436e+01,1.8388050791308913e+01,3.0257866259264526e-01

2.4253095304598486e+04,0,1.5000000000000000e+02,3.1755344422372439e-01,-9.2115263752945999e+00,-1.6086002835900359e-01,-4.6643901949277009e+01,1.6059761140755299e+01,2.9449074536921294e-01
2.4253095304598486e+04,1,1.5000000000000000e+02,3.2734688020605329e-01,-9.2478915892457625e+00,-1.6149767225575717e-01,4.6643938948047506e+01,-1.6059766148733260e+01,-2.9449084404057446e-01

2.4315927265842565e+04,0,1.5000000000000000e+02,3.5753610921453249e-01,-9.2399516139935631e+00,-1.6136829718791698e-01,-6.2560741229263783e+00,1.9031587896959032e+01,3.3405281306150036e-01
2.4315927265842565e+04,1,1.5000000000000000e+02,2.8586241009320151e-01,-9.2679249251453157e+00,-1.6183466461741625e-01,6.2564023520934313e+00,-1.9033042431475700e+01,-3.3407829817784951e-01

2.4378758993619882e+04,0,1.5000000000000000e+02,3.3323522711485665e-01,-9.2727427958398270e+00,-1.6193317935403442e-01,-4.1119938635118828e+01,6.3716868845699700e+01,1.1245391777409526e+00
2.4378758993619882e+04,1,1.5000000000000000e+02,3.1445894355147935e-01,-9.2810638415182822e+00,-1.6207268175166772e-01,4.1119402823121376e+01,-6.3717125410039380e+01,-1.1245434921794493e+00

2.4441591234846583e+04,0,1.5000000000000000e+02,3.1122114379876042e-01,-9.2782177597194604e+00,-1.6202202441531130e-01,-1.5619792511740300e+01,-3.1147754347156205e+01,-5.3884496593082243e-01
2.4441591234846583e+04,1,1.5000000000000000e+02,3.3655553189867077e-01,-9.3262252471273026e+00,-1.6286758828544182e-01,1.5620542192114335e+01,3.1146771650913383e+01,5.3882758713985235e-01

2.4504423126852002e+04,0,1.5000000000000000e+02,3.4465453246773087e-01,-9.3502418396400806e+00,-1.6328920282305923e-01,1.0163546882563100e+01,2.5653832640772357e+01,4.4462496325364748e-01
2.4504423126852002e+04,1,1.5000000000000000e+02,3.0504370275260356e-01,-9.2988034274011966e+00,-1.6237941198465164e-01,-1.0164268903034323e+01,-2.5654700677395738e+01,-4.4463989262990861e-01

2.4567254823514984e+04,0,1.5000000000000000e+02,2.9855347650379493e-01,-9.3415619138385875e+00,-1.6312367331511149e-01,9.8308945128579239e+00,-3.0745414807408288e+01,-5.3957628910266198e-01
2.4567254823514984e+04,1,1.5000000000000000e+02,3.5396667434730172e-01,-9.3583206578189042e+00,-1.6343303440904358e-01,-9.8302377573749524e+00,3.0745071727060463e+01,5.3957010145622275e-01

2.4630086562528391e+04,0,1.5000000000000000e+02,3.1527253239230452e-01,-9.3785485976211564e+00,-1.6377427311128467e-01,8.6673659385631012e+00,-6.7475799629495455e+01,-1.1802554445344793e+00
2.4630086562528391e+04,1,1.5000000000000000e+02,3.3658212462656606e-01,-9.3669342276992484e+00,-1.6357806600956840e-01,-8.6677250119035207e+00,6.7474388515420614e+01,1.1802309265842137e+00

2.4692918728633256e+04,0,1.5000000000000000e+02,2.9099896041221635e-01,-9.4011859949945791e+00,-1.6416195562847696e-01,7.5967256262096257e+00,-1.9805940481511204e+01,-3.4797553563459460e-01
2.4692918728633256e+04,1,1.5000000000000000e+02,3.6559819678437944e-01,-9.3930977720207931e+00,-1.6404352205476735e-01,-7.5966372866782805e+00,1.9805932913704925e+01,3.4797537664743750e-01

2.4755750241338064e+04,0,1.5000000000000000e+02,3.4935958475837209e-01,-9.4336317457170971e+00,-1.6474599061388523e-01,3.4582253968827438e+01,1.5702079476109954e+01,2.6350418094785827e-01
2.4755750241338064e+04,1,1.5000000000000000e+02,3.0572440083445851e-01,-9.4089477959260428e+00,-1.6430190357746707e-01,-3.4581948514765564e+01,-1.5703543380368860e+01,-2.6352982265110486e-01

2.4818582008856301e+04,0,1.5000000000000000e+02,3.3754707822457725e-01,-9.4381032997391721e+00,-1.6482043150621306e-01,-5.1535734297565227e+01,5.7431904450591318e+01,1.0180244186134260e+00
2.4818582008856301e+04,1,1.5000000000000000e+02,3.2184848680952999e-01,-9.4504580524772290e+00,-1.6503126936515192e-01,5.1535197996033176e+01,-5.7432161879535840e+01,-1.0180287479925683e+00

2.4881413982703725e+04,0,1.5000000000000000e+02,3.4367369841661577e-01,-9.4749112452736775e+00,-1.6546468509422782e-01,4.5123050597297436e+01,3.8107109964587536e+01,6.5131480592445190e-01
2.4881413982703725e+04,1,1.5000000000000000e+02,3.1586455543491898e-01,-9.4643000598344020e+00,-1.6527102279356182e-01,-4.5122293496501896e+01,-3.8108066090270086e+01,-6.5133172325621447e-01

2.4944246132998625e+04,0,1.5000000000000000e+02,3.2879416977378112e-01,-9.5285171216133229e+00,-1.6639570384072683e-01,2.0588047063565092e+01,-8.5169363891214367e+00,-1.5491283174248038e-01
2.4944246132998625e+04,1,1.5000000000000000e+02,3.3249502336941694e-01,-9.4553052060524969e+00,-1.6511910713605185e-01,-2.0588759554746922e+01,8.5160157828532697e+00,1.5489698199592072e-01

2.5007078056052993e+04,0,1.5000000000000000e+02,3.0545679928971675e-01,-9.5150884746444344e+00,-1.6615423231127627e-01,1.8185880583614782e+01,-3.0271047763056892e+01,-5.3384264619976785e-01
2.5007078056052993e+04,1,1.5000000000000000e+02,3.5890529219760409e-01,-9.5194439894135439e+00,-1.6624652869414228e-01,-1.8185270963872867e+01,3.0270768050557770e+01,5.3383757883288641e-01

2.5069909686100928e+04,0,1.5000000000000000e+02,3.6032410089645250e-01,-9.5629058273778398e+00,-1.6700547458500178e-01,1.9195472756946561e+01,1.1677938983779072e+01,1.9796056514618371e-01
2.5069909686100928e+04,1,1.5000000000000000e+02,3.0313404933002147e-01,-9.5175374117199265e+00,-1.6619626458483372e-01,-1.9195738102304684e+01,-1.1679397434721615e+01,-1.9798593779243295e-01

2.5132741238191044e+04,0,1.5000000000000000e+02,3.2854581158260232e-01,-9.5471221346099142e+00,-1.6672033047006535e-01,-4.8983835212039537e+01,1.3546267531315578e+01,2.5133705395698613e-01
2.5132741238191044e+04,1,1.5000000000000000e+02,3.3975233201964539e-01,-9.5816301756241185e+00,-1.6732599270190165e-01,4.8983792347160318e+01,-1.3546275902130759e+01,-2.5133718699042551e-01

2.5195573124475726e+04,0,1.5000000000000000e+02,3.4775028913869460e-01,-9.6010693309940081e+00,-1.6766768920190153e-01,4.7600781389548018e+01,1.3035216804922875e+01,2.1299513806108983e-01
2.5195573124475726e+04,1,1.5000000000000000e+02,3.1919872953475020e-01,-9.5765670783053967e+00,-1.6723136818523343e-01,-4.7600337091706166e+01,-1.3036608044470562e+01,-2.1301955388764460e-01

2.5258405333513983e+04,0,1.5000000000000000e+02,3.1086043907318095e-01,-9.6391780505635900e+00,-1.6832154022445164e-01,1.1077549071031065e+01,-1.8888039404745932e+01,-3.3301632628124878e-01
2.5258405333513983e+04,1,1.5000000000000000e+02,3.5991109850482361e-01,-9.5839114870208668e+00,-1.6737194813927719e-01,-1.1078190405145072e+01,1.8887632410975250e+01,3.3300941863146216e-01

2.5321237107035493e+04,0,1.5000000000000000e+02,3.1850612140612800e-01,-9.6109789016292506e+00,-1.6783172636068064e-01,-1.1844296698183371e+01,-2.6583275065218302e+01,-4.6033395852985082e-01
2.5321237107035493e+04,1,1.5000000000000000e+02,3.5318912099069844e-01,-9.6630406201144794e+00,-1.6875089421390227e-01,1.1845079260045512e+01,2.6582525177428451e+01,4.6032063278857149e-01

2.5384068958598484e+04,0,1.5000000000000000e+02,3.4160657126608068e-01,-9.6939979062849133e+00,-1.6928764495209572e-01,2.3292001654059071e+01,-6.9169388260623492e+00,-1.2781273747718969e-01
2.5384068958598484e+04,1,1.5000000000000000e+02,3.3091098712844669e-01,-9.6247646251239249e+00,-1.6807609936359519e-01,-2.3292629762274387e+01,6.9157997595228480e+00,1.2779304936661717e-01

2.5446900581574679e+04,0,1.5000000000000000e+02,3.4882102751532879e-01,-9.6783069006023741e+00,-1.6901599692828739e-01,-9.7396634657352195e+00,6.6905925579908725e+01,1.1706364280984976e+00
2.5446900581574679e+04,1,1.5000000000000000e+02,3.2761277152349638e-01,-9.6905471258238371e+00,-1.6922315758141260e-01,9.7400750311611262e+00,-6.6906036449092980e+01,-1.1706384884098004e+00

2.5509732387569831e+04,0,1.5000000000000000e+02,3.2762043217788656e-01,-9.7069674438911129e+00,-1.6950973400329372e-01,-5.0749225490028635e+00,-7.7211802080787237e+01,-1.3459857633264747e+00
2.5509732387569831e+04,1,1.5000000000000000e+02,3.4741674661214977e-01,-9.7088403005744013e+00,-1.6954845046781208e-01,5.0749364645111257e+00,7.7210286051590316e+01,1.3459593007289778e+00

2.5572564445917717e+04,0,1.5000000000000000e+02,3.1148311499408377e-01,-9.7261193315179213e+00,-1.6983906459349832e-01,-2.2881655816815236e+01,-2.2794195511604677e+01,-3.9084305952774934e-01
2.5572564445917717e+04,1,1.5000000000000000e+02,3.6831789191323216e-01,-9.7367391180671525e+00,-1.7004171916699282e-01,2.2881315666584403e+01,2.2794095329187293e+01,3.9084141472380018e-01

2.5635396241711001e+04,0,1.5000000000000000e+02,3.5480432787202743e-01,-9.7216349639986301e+00,-1.6977399867656690e-01,-1.9991361974404526e+01,4.8179348573962777e+00,9.0174583697640309e-02
2.5635396241711001e+04,1,1.5000000000000000e+02,3.2438284685084467e-01,-9.7912612807317938e+00,-1.7097987807121703e-01,1.9992038066472603e+01,-4.8190827113339161e+00,-9.0194822471702518e-02

2.5698228004957735e+04,0,1.5000000000000000e+02,3.2305036379345675e-01,-9.7830096747549362e+00,-1.7083546179318554e-01,-1.7562807024548079e+01,-4.7325120188296992e+01,-8.2058702354213742e-01
2.5698228004957735e+04,1,1.5000000000000000e+02,3.5865976402971633e-01,-9.7746438062165062e+00,-1.7070030504977055e-01,1.7562077722613452e+01,4.7324362006536845e+01,8.2057401361459792e-01

2.5761060093450542e+04,0,1.5000000000000000e+02,3.2630662823657641e-01,-9.8109143885719696e+00,-1.7132345818376843e-01,4.3621443412425222e+01,-3.0338656132834906e+01,-5.4277108397104623e-01
2.5761060093450542e+04,1,1.5000000000000000e+02,3.5790629008788971e-01,-9.7976286633082008e+00,-1.7110121660297736e-01,-4.3620765695166526e+01,3.0338278919290985e+01,5.4276429423140771e-01

2.5823891961845780e+04,0,1.5000000000000000e+02,3.5952596246085849e-01,-9.8148434795084203e+00,-1.7140214999470843e-01,-4.1340772373181117e+01,1.4846836549397105e+01,2.7170678474085763e-01
2.5823891961845780e+04,1,1.5000000000000000e+02,3.2407109429597714e-01,-9.8393199576192956e+00,-1.7181852271988127e-01,4.1340439546222022e+01,-1.4848262550522685e+01,-2.7173157050250873e-01

2.5886723486059287e+04,0,1.5000000000000000e+02,3.4735509481014371e-01,-9.8653261485020831e+00,-1.7227948641712645e-01,4.6040363619242996e+01,3.9443989069252112e+01,6.7436711969287688e-01
2.5886723486059287e+04,1,1.5000000000000000e+02,3.4100953155943631e-01,-9.8373554289373075e+00,-1.7178939698367163e-01,-4.6040376282166235e+01,-3.9443995552007109e+01,-6.7436722897533907e-01

2.5949555471272004e+04,0,1.5000000000000000e+02,3.7752642773244005e-01,-9.8677735894647025e+00,-1.7233139134231679e-01,5.1824541566343640e+00,2.3834540162851130e+01,4.1439133617303181e-01
2.5949555471272004e+04,1,1.5000000000000000e+02,3.0951009923889949e-01,-9.8837529758780640e+00,-1.7258955007787727e-01,-5.1819975225298762e+00,-2.3835922788331285e+01,-4.1441560542094191e-01

2.6012387451407896e+04,0,1.5000000000000000e+02,3.6002938677325563e-01,-9.9080905788107732e+00,-1.7302968965950671e-01,4.3086450003738719e-01,5.2138958827028020e+01,9.0981904515524226e-01
2.6012387451407896e+04,1,1.5000000000000000e+02,3.3068852628512418e-01,-9.8888103953810305e+00,-1.7268426587097407e-01,-4.3153135959539668e-01,-5.2139419361178724e+01,-9.0982687943722118e-01

2.6075219558497003e+04,0,1.5000000000000000e+02,3.2595569208172331e-01,-9.8984485173626240e+00,-1.7285103251940676e-01,-9.9490204934671791e+00,-2.5731784837497440e+01,-4.4605076846519626e-01
2.6075219558497003e+04,1,1.5000000000000000e+02,3.6603263465588209e-01,-9.9494127651325321e+00,-1.7375269004009858e-01,9.9497940507907483e+00,2.5731139293185795e+01,4.4603926651246945e-01

2.6138050990451971e+04,0,1.5000000000000000e+02,3.7497141288700286e-01,-9.9709053872444287e+00,-1.7413051106014116e-01,1.0012304815016648e+01,1.8183249308612485e+01,3.1429137992486356e-01
2.6138050990451971e+04,1,1.5000000000000000e+02,3.1734989653866325e-01,-9.9219143210374803e+00,-1.7325794565184080e-01,-1.0012845988454735e+01,-1.8184509201680125e+01,-3.1431320323130840e-01

2.6200883177027183e+04,0,1.5000000000000000e+02,3.2508129621865967e-01,-9.9844818035475384e+00,-1.7435225402200144e-01,3.2103738531640587e+01,-1.4690864417217218e+01,-2.6617079138155569e-01
2.6200883177027183e+04,1,1.5000000000000000e+02,3.7158197412810212e-01,-9.9578474149456930e+00,-1.7390158548283627e-01,-3.2103504517129991e+01,1.4690829980541748e+01,2.6617011909019156e-01

2.6263714710348311e+04,0,1.5000000000000000e+02,3.5470425968799146e-01,-1.0010616699706853e+01,-1.7481739498105897e-01,5.2796828983766460e+01,-7.1141931416031667e+00,-1.4024344079536499e-01
2.6263714710348311e+04,1,1.5000000000000000e+02,3.4047582000952414e-01,-9.9795691036968819e+00,-1.7427120526589512e-01,-5.2796578974062257e+01,7.1127101340450025e+00,1.4021748258349875e-01

2.6326546939580621e+04,0,1.5000000000000000e+02,3.4551459384732969e-01,-1.0049419622580732e+01,-1.7549179988091917e-01,2.6159914959308587e+01,1.1738386340150493e+01,1.9689391881693374e-01
2.6326546939580621e+04,1,1.5000000000000000e+02,3.5395608197202116e-01,-9.9868331471977356e+00,-1.7440208683000027e-01,-2.6160471509143598e+01,-1.1738666813532491e+01,-1.9689864420861686e-01

2.6389378454629117e+04,0,1.5000000000000000e+02,3.6005091510584347e-01,-1.0007274046356741e+01,-1.7476068639107190e-01,-1.8407931184300601e+01,1.0153711556513485e+01,1.8281436221179581e-01
2.6389378454629117e+04,1,1.5000000000000000e+02,3.3987832211212338e-01,-1.0079706556231624e+01,-1.7601866275735228e-01,1.8408709612767630e+01,-1.0154549548407068e+01,-1.8282922432159976e-01

2.6452210696933886e+04,0,1.5000000000000000e+02,3.6742431448665386e-01,-1.0100252423597022e+01,-1.7638562899371665e-01,1.8417963813391637e+01,8.0103044469281315e+00,1.3418837134035810e-01
2.6452210696933886e+04,1,1.5000000000000000e+02,3.3357058259966765e-01,-1.0031463473714124e+01,-1.7517478332178762e-01,-1.8418603944402498e+01,-8.0114212704147079e+00,-1.3420766759250979e-01

2.6515042277642115e+04,0,1.5000000000000000e+02,3.1669968625832762e-01,-1.0079242093537816e+01,-1.7600349577260888e-01,-1.7350804266388806e+00,-2.0948478920673885e+01,-3.6507280579556900e-01
2.6515042277642115e+04,1,1.5000000000000000e+02,3.8819722649671440e-01,-1.0102511336929066e+01,-1.7643138056809596e-01,1.7354586859755301e+00,2.0948386618216581e+01,3.6507107966570984e-01

2.6577874053714855e+04,0,1.5000000000000000e+02,3.4785093775155534e-01,-1.0100573773134789e+01,-1.7638527460251663e-01,-4.3585550883460115e+01,-4.1602908203717689e+01,-7.1279327058723274e-01
2.6577874053714855e+04,1,1.5000000000000000e+02,3.5562996336650610e-01,-1.0128430411485244e+01,-1.7687380972403602e-01,4.3585666211364412e+01,4.1601396819967690e+01,7.1276685817127838e-01

2.6640705720381389e+04,0,1.5000000000000000e+02,3.2387288422091415e-01,-1.0161330069986491e+01,-1.7743831368023680e-01,1.1000165784719830e+01,-1.6920122217772189e+01,-2.9864786220707229e-01
2.6640705720381389e+04,1,1.5000000000000000e+02,3.8414339279728166e-01,-1.0114212811537564e+01,-1.7663436451482303e-01,-1.1000640219816706e+01,1.6919926695688176e+01,2.9864459440476576e-01

2.6703537756905371e+04,0,1.5000000000000000e+02,3.7493088830325721e-01,-1.0136276975187302e+01,-1.7701663083075372e-01,-1.0507030985169461e+01,2.3354726062526481e+01,4.1079695868787108e-01
2.6703537756905371e+04,1,1.5000000000000000e+02,3.3314595118142670e-01,-1.0189776111722962e+01,-1.7793759043943183e-01,1.0507792715271325e+01,-2.3355662133891620e+01,-4.1081352743351357e-01

2.6766369580587809e+04,0,1.5000000000000000e+02,3.5191343190086405e-01,-1.0218468635597482e+01,-1.7844406120904832e-01,2.1956996000898201e+01,-1.4898247987786839e+01,-2.6669910223972726e-01
2.6766369580587809e+04,1,1.5000000000000000e+02,3.5760317479908987e-01,-1.0152284125969167e+01,-1.7729071553000447e-01,-2.1957670256650886e+01,1.4897204442625522e+01,2.6668109526628225e-01

2.6829201737824787e+04,0,1.5000000000000000e+02,3.2220072666044108e-01,-1.0194705635324144e+01,-1.7802028819409732e-01,-4.9435884616366081e+00,-2.0089922444262193e+01,-3.4911151214320840e-01
2.6829201737824787e+04,1,1.5000000000000000e+02,3.9098819778927518e-01,-1.0226274453593028e+01,-1.7859219496742004e-01,4.9440204696349284e+00,2.0089798909628847e+01,3.4910922456301169e-01

2.6892033145058758e+04,0,1.5000000000000000e+02,3.6666027573057097e-01,-1.0213910336832678e+01,-1.7836900028319966e-01,-4.1281985322932158e+01,-5.6636007450407089e+00,-8.6267611586258508e-02
2.6892033145058758e+04,1,1.5000000000000000e+02,3.4517496274308573e-01,-1.0254109472784233e+01,-1.7906402680924557e-01,4.1282057075024866e+01,5.6620854590380514e+00,8.6241144341164033e-02

2.6954865457360709e+04,0,1.5000000000000000e+02,3.3446900107242927e-01,-1.0286205261513407e+01,-1.7962091416846709e-01,1.9345089184139550e+01,-8.8771185232356569e+00,-1.6082023089178885e-01
2.6954865457360709e+04,1,1.5000000000000000e+02,3.8194213154035928e-01,-1.0228489921811617e+01,-1.7862810447929470e-01,-1.9345544748962357e+01,8.8769390579848046e+00,1.6081723757142799e-01

2.7017696864109934e+04,0,1.5000000000000000e+02,3.7940358326549234e-01,-1.0256227319060791e+01,-1.7911141547405826e-01,-1.0139711505038118e+01,2.3676547445433016e+01,4.1630161866791715e-01
2.7017696864109934e+04,1,1.5000000000000000e+02,3.3702204343391418e-01,-1.0308931269223645e+01,-1.8001831542215521e-01,1.0140471725577559e+01,-2.3677489399561281e+01,-4.1631828962197182e-01

2.7080529071994497e+04,0,1.5000000000000000e+02,3.6827619131170186e-01,-1.0341481110839515e+01,-1.8059590951003204e-01,2.0807235790916184e+01,9.1534507195902748e-01,9.6364058441801292e-03
2.7080529071994497e+04,1,1.5000000000000000e+02,3.4957655651392844e-01,-1.0268394193332671e+01,-1.7931467039667354e-01,-2.0807905141237239e+01,-9.1640025721203600e-01,-9.6546174592120337e-03

2.7143360581936420e+04,0,1.5000000000000000e+02,3.2561066686367296e-01,-1.0316751928329355e+01,-1.8015132841659504e-01,-2.8279793771027748e+00,-2.0789927127500626e+01,-3.6197276249295884e-01
2.7143360581936420e+04,1,1.5000000000000000e+02,3.9597354310161692e-01,-1.0343279055242467e+01,-1.8063572546346163e-01,2.8283845553885101e+00,2.0789819780189511e+01,3.6197076559424046e-01

2.7206192433018790e+04,0,1.5000000000000000e+02,3.5416870548627138e-01,-1.0363541400514501e+01,-1.8097661699249298e-01,4.5482906439314583e+01,-5.3474730571185852e+01,-9.4711832129566975e-01
2.7206192433018790e+04,1,1.5000000000000000e+02,3.6603966000980975e-01,-1.0343697292914786e+01,-1.8063390584447231e-01,-4.5482784203457662e+01,5.3473220500561304e+01,9.4709192969319744e-01

2.7269024436744512e+04,0,1.5000000000000000e+02,3.5454132511504810e-01,-1.0407706893473254e+01,-1.8174752461006941e-01,2.7035002239589780e+01,8.3912615095862844e+00,1.3821195550766774e-01
2.7269024436744512e+04,1,1.5000000000000000e+02,3.7012925931195867e-01,-1.0345988653976461e+01,-1.8067514140724533e-01,-2.7035508617295143e+01,-8.3914872501672289e+00,-1.3821574096385675e-01

2.7331856163796332e+04,0,1.5000000000000000e+02,3.6105948299421115e-01,-1.0364594393119059e+01,-1.8099709334641836e-01,-2.0264903107697535e+01,-5.4556115823050497e+00,-8.9040194686461849e-02
2.7331856163796332e+04,1,1.5000000000000000e+02,3.6391528571418585e-01,-1.0439707818963333e+01,-1.8230887335456744e-01,2.0265679230484913e+01,5.4547555626511617e+00,8.9025018652034715e-02

2.7394688018075325e+04,0,1.5000000000000000e+02,3.9050384292953988e-01,-1.0446332625615566e+01,-1.8243259189113537e-01,5.6846100022030956e+00,2.3454785452394134e+01,4.0761072943236476e-01
2.7394688018075325e+04,1,1.5000000000000000e+02,3.3550501124662524e-01,-1.0402758808713106e+01,-1.8165536947546931e-01,-5.6852312257706838e+00,-2.3455935156642354e+01,-4.0763060529213480e-01

2.7457519882328110e+04,0,1.5000000000000000e+02,3.6977548817664169e-01,-1.0459460921466782e+01,-1.8265539767952232e-01,5.4140128856503836e+01,4.7726161241454122e+01,8.1644349971736641e-01
2.7457519882328110e+04,1,1.5000000000000000e+02,3.6028499560434768e-01,-1.0439433834343069e+01,-1.8230298569910455e-01,-5.4139837161638440e+01,-4.7726215520514160e+01,-8.1644453587657506e-01

2.7520352308903526e+04,0,1.5000000000000000e+02,3.9421084772049253e-01,-1.0452843013412950e+01,-1.8254734305150241e-01,-1.8603811074955338e+01,1.2971720592518480e+01,2.3205507271144371e-01
2.7520352308903526e+04,1,1.5000000000000000e+02,3.3442960892915458e-01,-1.0493811334699410e+01,-1.8324412751406266e-01,1.8604073750072061e+01,-1.2973199211290538e+01,-2.3208095818621827e-01

2.7583183627851173e+04,0,1.5000000000000000e+02,3.3862883475005978e-01,-1.0506012996915796e+01,-1.8345835509231498e-01,-8.0077236679665589e+00,-3.0510283683776741e+01,-5.3003845535024363e-01
2.7583183627851173e+04,1,1.5000000000000000e+02,3.9412760374288303e-01,-1.0486572194961406e+01,-1.8313597306556620e-01,8.0071147214360110e+00,3.0509930857528310e+01,5.3003248318859508e-01

2.7646015702246004e+04,0,1.5000000000000000e+02,3.8218924024483258e-01,-1.0496657661093138e+01,-1.8330835188958777e-01,-1.3107326328547135e+01,2.8741947681421500e+01,5.0560907543518163e-01
2.7646015702246004e+04,1,1.5000000000000000e+02,3.5154084792847162e-01,-1.0546755595299699e+01,-1.8417334489067327e-01,1.3108103330433746e+01,-2.8742621791626284e+01,-5.0562107698046721e-01

2.7708847344596954e+04,0,1.5000000000000000e+02,3.8160626837311035e-01,-1.0575867852579805e+01,-1.8469058274371714e-01,2.4434613302447779e+01,-2.8203498483492595e-01,-1.2365776065241252e-02
2.7708847344596954e+04,1,1.5000000000000000e+02,3.5242582687590629e-01,-1.0512605798225747e+01,-1.8357761833684724e-01,-2.4435109410087854e+01,2.8072861727513398e-01,1.2343127938651999e-02

2.7771679410660847e+04,0,1.5000000000000000e+02,3.4247876266872984e-01,-1.0584107972115293e+01,-1.8482247312127667e-01,2.6199003713802835e+01,-1.3701199733230871e+01,-2.4709998465089528e-01
2.7771679410660847e+04,1,1.5000000000000000e+02,3.9604225172642454e-01,-1.0553433202643397e+01,-1.8430344177759295e-01,-2.6198925385482479e+01,1.3701192117290136e+01,2.4709982787340617e-01

2.7834511147270314e+04,0,1.5000000000000000e+02,4.0199249951084287e-01,-1.0585530870192622e+01,-1.8486543594765817e-01,6.1763049637443856e+00,2.4437479140912927e+01,4.2461131262927254e-01
2.7834511147270314e+04,1,1.5000000000000000e+02,3.3524644249276087e-01,-1.0600689847680187e+01,-1.8510966353965513e-01,-6.1758311435752162e+00,-2.4438848911983193e+01,-4.2463536277146607e-01

2.7897342800615224e+04,0,1.5000000000000000e+02,3.5664853850224287e-01,-1.0610528114713002e+01,-1.8528788474177069e-01,-4.5309827796745353e+01,-3.8993266552928816e+01,-6.6672347237353935e-01
2.7897342800615224e+04,1,1.5000000000000000e+02,3.8395826957197177e-01,-1.0620951987747182e+01,-1.8547812585292861e-01,4.5309119212571332e+01,3.8992678264037494e+01,6.6671342117530474e-01

2.7960174926257267e+04,0,1.5000000000000000e+02,3.8204143843812327e-01,-1.0619565738769509e+01,-1.8545334852502346e-01,-1.8267627855527529e+01,3.4911241034269210e+01,6.1485008802938967e-01
2.7960174926257267e+04,1,1.5000000000000000e+02,3.6061857700096134e-01,-1.0662781869666615e+01,-1.8620104789787004e-01,1.8268324186446215e+01,-3.4911652886911781e+01,-6.1485748797380024e-01

2.8023007150468780e+04,0,1.5000000000000000e+02,4.0643653914466926e-01,-1.0678543299350190e+01,-1.8649008041691123e-01,7.9860171398508086e+00,1.8442219089632836e+01,3.1942829966708619e-01
2.8023007150468780e+04,1,1.5000000000000000e+02,3.3561607749320244e-01,-1.0649576887097586e+01,-1.8596297257530822e-01,-7.9862665342778811e+00,-1.8443683168870244e+01,-3.1945377539869158e-01

2.8085838663209437e+04,0,1.5000000000000000e+02,3.6936989161406486e-01,-1.0710010156589350e+01,-1.8702796106332598e-01,3.8235443269571824e+01,1.8201715443210290e+01,3.0601596215805682e-01
2.8085838663209437e+04,1,1.5000000000000000e+02,3.7741746288824546e-01,-1.0665973342527501e+01,-1.8626186424102734e-01,-3.8235673149544532e+01,-1.8201766248434588e+01,-3.0601677880195743e-01

2.8148670396055186e+04,0,1.5000000000000000e+02,3.9081981193813881e-01,-1.0679022972745319e+01,-1.8649369447054565e-01,-1.8002894133042478e+01,8.9467927898044888e+00,1.6162733775542296e-01
2.8148670396055186e+04,1,1.5000000000000000e+02,3.5532028608137367e-01,-1.0746776608720767e+01,-1.8766534413999605e-01,1.8003584478938993e+01,-8.9479142700410694e+00,-1.6164712058570044e-01

2.8211502111113037e+04,0,1.5000000000000000e+02,3.7255317305675345e-01,-1.0771538038568478e+01,-1.8810274036013300e-01,2.0835105999704439e+01,-8.7367712824331143e+00,-1.5882474193556040e-01
2.8211502111113037e+04,1,1.5000000000000000e+02,3.7566107583631381e-01,-1.0699054847460900e+01,-1.8683868101847997e-01,-2.0835814059380198e+01,8.7358350378754857e+00,1.5880861791400891e-01

2.8274334261007378e+04,0,1.5000000000000000e+02,3.4219972131987225e-01,-1.0743083459885305e+01,-1.8759689280880154e-01,-6.2036733278831289e+00,-1.9663476362504802e+01,-3.4128513850407011e-01
2.8274334261007378e+04,1,1.5000000000000000e+02,4.0941516950313783e-01,-1.0777846801572068e+01,-1.8822407281330444e-01,6.2041267955218569e+00,1.9663338211633850e+01,3.4128258929827443e-01

2.8337165957719964e+04,0,1.5000000000000000e+02,3.8449853467930828e-01,-1.0763105123483964e+01,-1.8795920461231921e-01,-4.0532671928440209e+01,-8.5130118287115817e+00,-1.3622495742145857e-01
2.8337165957719964e+04,1,1.5000000000000000e+02,3.6582040969426111e-01,-1.0804952302413902e+01,-1.8868384861604018e-01,4.0532804027376244e+01,8.5115029734477385e+00,1.3619858402489093e-01

2.8399997671881247e+04,0,1.5000000000000000e+02,3.4784141111437000e-01,-1.0828817062148486e+01,-1.8909486909323123e-01,6.6242529413992450e+00,-2.1213905588318333e+01,-3.7225166776547075e-01
2.8399997671881247e+04,1,1.5000000000000000e+02,4.0680176367234888e-01,-1.0785565969321695e+01,-1.8835799470500852e-01,-6.6248118399277551e+00,2.1213621394683194e+01,3.7224687816203555e-01

2.8462829773153779e+04,0,1.5000000000000000e+02,3.9427258186420949e-01,-1.0808535785473566e+01,-1.8875505645354662e-01,-1.1540215340692736e+01,2.9647754309438245e+01,5.2094018731145186e-01
2.8462829773153779e+04,1,1.5000000000000000e+02,3.6112053127691712e-01,-1.0856567087447271e+01,-1.8958321905228770e-01,1.1540995407491369e+01,-2.9648464038530530e+01,-5.2095281142553573e-01

2.8525661403596339e+04,0,1.5000000000000000e+02,3.7595730406269701e-01,-1.0879812525111968e+01,-1.8999342762778174e-01,2.9161594102358382e+01,-2.4819645855460003e+01,-4.4204612780041708e-01
2.8525661403596339e+04,1,1.5000000000000000e+02,3.7979869509371716e-01,-1.0830371539208588e+01,-1.8913173366120370e-01,-2.9162080278067872e+01,2.4818330403549659e+01,4.4202331810479678e-01

2.8588493264068882e+04,0,1.5000000000000000e+02,3.4405811959697197e-01,-1.0871814265611047e+01,-1.8984412119117619e-01,-1.0641705634326712e+01,-1.9026141936781219e+01,-3.2881014845920187e-01
2.8588493264068882e+04,1,1.5000000000000000e+02,4.1620308188840627e-01,-1.0887278541405388e+01,-1.9013598774600524e-01,1.0641721258939711e+01,1.9026135793557682e+01,3.2881003648600393e-01

2.8651325148211319e+04,0,1.5000000000000000e+02,3.7564235441345717e-01,-1.0880535610379392e+01,-1.9000595121925651e-01,-2.7945789551135604e+01,-2.8407957294538463e+01,-4.8727401009498156e-01
2.8651325148211319e+04,1,1.5000000000000000e+02,3.8349701550321158e-01,-1.0927552249018143e+01,-1.9082889749419513e-01,2.7946347347932679e+01,2.8406659480397877e+01,4.8725119019262281e-01

2.8714157213022685e+04,0,1.5000000000000000e+02,3.8585411285921856e-01,-1.0963875254579472e+01,-1.9146353937746405e-01,1.9710754536166373e+01,6.8264630778423623e+00,1.1313366402944197e-01
2.8714157213022685e+04,1,1.5000000000000000e+02,3.7614862473546479e-01,-1.0889252579069682e+01,-1.9015823750414748e-01,-1.9711482913935878e+01,-6.8272100303407157e+00,-1.1314647825963403e-01

2.8776989174510261e+04,0,1.5000000000000000e+02,3.5630686366817521e-01,-1.0923956281153835e+01,-1.9075785615249741e-01,-1.4835451337430346e+01,-1.3584368944271738e+01,-2.3256056157940419e-01
2.8776989174510261e+04,1,1.5000000000000000e+02,4.0846015795235702e-01,-1.0979812338480402e+01,-1.9174856637572776e-01,1.4836026444134024e+01,1.3584126750974349e+01,2.3255615952730579e-01

2.8839820919364651e+04,0,1.5000000000000000e+02,4.1874387080931402e-01,-1.0969569148763954e+01,-1.9157293081952664e-01,-8.2418556461410724e+00,1.9574027178009445e+01,3.4412461823002194e-01
2.8839820919364651e+04,1,1.5000000000000000e+02,3.4494144055185516e-01,-1.0980783760647872e+01,-1.9174617013648559e-01,8.2418582041824600e+00,-1.9575542888512317e+01,-3.4415107180502202e-01

2.8902652682995267e+04,0,1.5000000000000000e+02,3.9392830758870584e-01,-1.1012699319581557e+01,-1.9231809645674075e-01,2.0423589195423290e+01,4.8736192879951460e+01,8.4434214931700047e-01
2.8902652682995267e+04,1,1.5000000000000000e+02,3.7425039377916725e-01,-1.0984409322826156e+01,-1.9181837339549657e-01,-2.0424079517361996e+01,-4.8736403716569015e+01,-8.4434567955526862e-01

2.8965484895713464e+04,0,1.5000000000000000e+02,3.7924356419395844e-01,-1.0986672555412698e+01,-1.9185939333860022e-01,-1.9682016750384065e+01,-7.2968070154309181e+00,-1.2135105206735536e-01
2.8965484895713464e+04,1,1.5000000000000000e+02,3.8937825740621596e-01,-1.1061007645345843e+01,-1.9315980690153439e-01,1.9682798203132805e+01,7.2960272303992291e+00,1.2133720488555438e-01

2.9028316646136594e+04,0,1.5000000000000000e+02,4.0035689982178768e-01,-1.1078377599176308e+01,-1.9346629886241706e-01,2.3236785345951201e+01,1.5409858405432963e+00,1.9815222110777353e-02
2.9028316646136594e+04,1,1.5000000000000000e+02,3.6883956445515448e-01,-1.1014324124276522e+01,-1.9233881036778225e-01,-2.3237299711865962e+01,-1.5422736027864481e+00,-1.9837539968559303e-02

2.9091148573745879e+04,0,1.5000000000000000e+02,3.5062816658510915e-01,-1.1063127118276691e+01,-1.9318499228125297e-01,-1.0250576625022415e+01,-1.9048497568164663e+01,-3.2931945878473590e-01
2.9091148573745879e+04,1,1.5000000000000000e+02,4.2301000458119192e-01,-1.1078561932072642e+01,-1.9347641681344691e-01,1.0250601261355339e+01,1.9048491370356700e+01,3.2931934311243993e-01

2.9153980110626020e+04,0,1.5000000000000000e+02,4.0824558858961124e-01,-1.1064753718203143e+01,-1.9323093254374102e-01,-1.8897996886410517e+01,8.6621206763556202e+00,1.5693180207109081e-01
2.9153980110626020e+04,1,1.5000000000000000e+02,3.6430759020850678e-01,-1.1125940866100418e+01,-1.9428541055810306e-01,1.8898569631635077e+01,-8.6634030437019334e+00,-1.5695435694484022e-01

2.9216811770990975e+04,0,1.5000000000000000e+02,3.8689168140613767e-01,-1.1107961505421581e+01,-1.9397850732425662e-01,-7.7269661910632209e+01,-5.0714457091890210e+00,-6.4970051262627004e-02
2.9216811770990975e+04,1,1.5000000000000000e+02,3.8837961860936909e-01,-1.1127746746652116e+01,-1.9432426067027742e-01,7.7268935241324954e+01,5.0706473837245198e+00,6.4956339929017837e-02

2.9279643641334507e+04,0,1.5000000000000000e+02,3.5712505519570897e-01,-1.1135926201559389e+01,-1.9445749068700890e-01,7.8955015384227689e+00,-2.5779128278085818e+01,-4.5231305375859465e-01
2.9279643641334507e+04,1,1.5000000000000000e+02,4.2114086512853338e-01,-1.1150288936552601e+01,-1.9472765629689323e-01,-7.8949854647026871e+00,2.5778941922155401e+01,4.5230964418576625e-01

2.9342475733830728e+04,0,1.5000000000000000e+02,4.1523867095015737e-01,-1.1147874432197638e+01,-1.9468371940053406e-01,-2.4675897668689700e+01,1.1486533968862620e+01,2.0798474941635259e-01
2.9342475733830728e+04,1,1.5000000000000000e+02,3.6183894416942364e-01,-1.1185296312124329e+01,-1.9532055394551406e-01,2.4676011867337195e+01,-1.1488044843039102e+01,-2.0801115259586378e-01

2.9405307345512167e+04,0,1.5000000000000000e+02,3.9680844969798973e-01,-1.1214266668806445e+01,-1.9583680926917940e-01,2.4140401280198553e+01,2.8692650675871999e+01,4.9340184112238017e-01
2.9405307345512167e+04,1,1.5000000000000000e+02,3.8451776193280418e-01,-1.1165217316453148e+01,-1.9497703588869464e-01,-2.4140985461908279e+01,-2.8692968145182551e+01,-4.9340720376555236e-01

2.9468139136931582e+04,0,1.5000000000000000e+02,4.0471461189229718e-01,-1.1189817010812884e+01,-1.9541251239993176e-01,-1.4964223917227571e+01,2.8817396701196557e+01,5.0749151447552410e-01
2.9468139136931582e+04,1,1.5000000000000000e+02,3.7765678897739458e-01,-1.1240403338697798e+01,-1.9628712285152039e-01,1.4964989763105734e+01,-2.8818004629404705e+01,-5.0750235758828866e-01

2.9530971098183898e+04,0,1.5000000000000000e+02,4.0835897417506428e-01,-1.1225906127992181e+01,-1.9604346455330893e-01,-4.2271590304413849e+01,1.5404945576293061e+01,2.8173068809085772e-01
2.9530971098183898e+04,1,1.5000000000000000e+02,3.7394966734022783e-01,-1.1249717010602561e+01,-1.9644853954763644e-01,4.2271234694527919e+01,-1.5406357621720817e+01,-2.8175522335170383e-01

2.9593802808128337e+04,0,1.5000000000000000e+02,3.6927953219188325e-01,-1.1284937214399532e+01,-1.9706179420282377e-01,2.4896686320319784e+01,-8.0384631657278671e+00,-1.4787487582313269e-01
2.9593802808128337e+04,1,1.5000000000000000e+02,4.1765750438904187e-01,-1.1238832960300480e+01,-1.9627190154333576e-01,-2.4896890645162696e+01,8.0384206500211182e+00,1.4787419606517566e-01

2.9656634704398108e+04,0,1.5000000000000000e+02,3.8308596467634737e-01,-1.1262212434676842e+01,-1.9666939802069236e-01,-1.8881056214829297e+01,-3.0073018273047907e+01,-5.1909474695159519e-01
2.9656634704398108e+04,1,1.5000000000000000e+02,4.0331963074551513e-01,-1.1311370039856163e+01,-1.9753348036593765e-01,1.8881774153893414e+01,3.0071953960957060e+01,5.1907595343603807e-01

2.9719466694667528e+04,0,1.5000000000000000e+02,3.8398892566459919e-01,-1.1333177820529166e+01,-1.9790818986605441e-01,1.9078866972020617e+01,-3.1025087364450922e+01,-5.4727448482743402e-01
2.9719466694667528e+04,1,1.5000000000000000e+02,4.0405065179904703e-01,-1.1285261726531139e+01,-1.9707805018035573e-01,-1.9079523516489129e+01,3.1024005129239743e+01,5.4725579722310824e-01

2.9782298811101817e+04,0,1.5000000000000000e+02,3.7293037599416018e-01,-1.1347438414265955e+01,-1.9815370276436278e-01,3.2246575170159545e+01,-1.4652503908355067e+01,-2.6554482094262266e-01
2.9782298811101817e+04,1,1.5000000000000000e+02,4.1904028038562474e-01,-1.1320739016926979e+01,-1.9770178062385221e-01,-3.2246343170274329e+01,1.4652469069622919e+01,2.6554414224762157e-01

2.9845130804843866e+04,0,1.5000000000000000e+02,4.1764735726424507e-01,-1.1330324087186895e+01,-1.9786863884916797e-01,-2.2272055685423247e+01,6.5863507493385249e+00,1.2173247092263759e-01
2.9845130804843866e+04,1,1.5000000000000000e+02,3.7307384248727177e-01,-1.1386134525021649e+01,-1.9882908673502370e-01,2.2272500090898355e+01,-6.5877404393572725e+00,-1.2175685973865183e-01

2.9907962334041385e+04,0,1.5000000000000000e+02,3.9986791625454254e-01,-1.1417894606044475e+01,-1.9939153894826045e-01,2.0196417446239604e+01,7.1652103439588792e+00,1.1889767009723151e-01
2.9907962334041385e+04,1,1.5000000000000000e+02,3.9407156522806913e-01,-1.1343868966599903e+01,-1.9809784764274657e-01,-2.0197140436736429e+01,-7.1658829875604049e+00,-1.1890918910041792e-01

2.9970794118617443e+04,0,1.5000000000000000e+02,3.7461948947990792e-01,-1.1409422020939363e+01,-1.9923598045624227e-01,2.7484852130662322e+01,-2.8733265668522268e+01,-5.0983742066885818e-01
2.9970794118617443e+04,1,1.5000000000000000e+02,4.2191628322705682e-01,-1.1402964562575653e+01,-1.9913769042733731e-01,-2.7484275245138999e+01,2.8733021157078060e+01,5.0983297761721114e-01

3.0033626108794382e+04,0,1.5000000000000000e+02,4.3380955231714924e-01,-1.1436045744374818e+01,-1.9971865974470365e-01,1.0376340052741782e+01,1.9431044315377328e+01,3.3595750841983812e-01
3.0033626108794382e+04,1,1.5000000000000000e+02,3.6166085159557948e-01,-1.1423076315015990e+01,-1.9947033312500329e-01,-1.0376267533265413e+01,-1.9432558699159820e+01,-3.3598396015307358e-01

3.0096457821455831e+04,0,1.5000000000000000e+02,3.8455705131620826e-01,-1.1444819023773158e+01,-1.9985677065185006e-01,-4.5672479156359572e+01,-2.6478720680697453e+01,-4.4820405589120338e-01
3.0096457821455831e+04,1,1.5000000000000000e+02,4.1516535554026024e-01,-1.1460710911707034e+01,-2.0014344663532410e-01,4.5671894937255217e+01,2.6478402802889061e+01,4.4819868613077085e-01

3.0159289551607410e+04,0,1.5000000000000000e+02,4.1094492303416202e-01,-1.1482791412532348e+01,-2.0052751883016107e-01,4.7501407523135441e+01,5.1921996190556698e+01,8.9169328944138648e-01
3.0159289551607410e+04,1,1.5000000000000000e+02,3.8990996333631134e-01,-1.1473447621750976e+01,-2.0035803925519977e-01,-4.7500651608738451e+01,-5.1922564307813730e+01,-8.9170343473113478e-01

3.0222121594540433e+04,0,1.5000000000000000e+02,4.2200297481556748e-01,-1.1526395746665610e+01,-2.0129188804170409e-01,2.5491393371820379e+01,5.4691893417709920e+00,8.7684998417178694e-02
3.0222121594540433e+04,1,1.5000000000000000e+02,3.7862430580016559e-01,-1.1475430961351279e+01,-2.0038921532507914e-01,-2.5491674294219322e+01,-5.4706395921269007e+00,-8.7710223197783432e-02

3.0284953362601897e+04,0,1.5000000000000000e+02,3.8501807157016327e-01,-1.1551713130082861e+01,-2.0172247049200107e-01,2.7715284766039801e+01,-1.2399745106044620e+00,-3.0083526451448406e-02
3.0284953362601897e+04,1,1.5000000000000000e+02,4.2020998614598420e-01,-1.1497852376666906e+01,-2.0079319134705814e-01,-2.7715604358828216e+01,1.2398839189499000e+00,3.0082042767479888e-02

3.0347785437283350e+04,0,1.5000000000000000e+02,4.1151985976360927e-01,-1.1512883645891330e+01,-2.0105287586971546e-01,-1.9316745152985362e+01,6.0186151327442161e+00,1.1092383340365281e-01
3.0347785437283350e+04,1,1.5000000000000000e+02,3.9362734682819217e-01,-1.1586845144900387e+01,-2.0233823136316809e-01,1.9317512664709596e+01,-6.0195199164591244e+00,-1.1093985786603283e-01

3.0410617073823367e+04,0,1.5000000000000000e+02,4.1695300382969658e-01,-1.1605154052283662e+01,-2.0266487161694702e-01,2.3309818438092645e+01,2.7717340379157562e-01,-2.2635944813945152e-03
3.0410617073823367e+04,1,1.5000000000000000e+02,3.8911048995786574e-01,-1.1539575467006083e+01,-2.0151188574762921e-01,-2.3310361316458181e+01,-2.7842964867623365e-01,2.2418353637141952e-03

3.0473449113953448e+04,0,1.5000000000000000e+02,3.6842012033977511e-01,-1.1604339226391524e+01,-2.0263586623410432e-01,8.1176810232265240e+00,-1.9225174468907621e+01,-3.3799847129103788e-01
3.0473449113953448e+04,1,1.5000000000000000e+02,4.4200340015805373e-01,-1.1589346125425807e+01,-2.0239661642955589e-01,-8.1176972794496365e+00,1.9225166690854525e+01,3.3799834049732635e-01

3.0536280813365331e+04,0,1.5000000000000000e+02,3.9179435559443759e-01,-1.1616168638050734e+01,-2.0284943850215831e-01,5.2315128914964220e+00,-6.1273788121776278e+01,-1.0709687451305772e+00
3.0536280813365331e+04,1,1.5000000000000000e+02,4.1776749567548810e-01,-1.1626774390760296e+01,-2.0304244668176552e-01,-5.2308622282958197e+00,6.1272602942735375e+01,1.0709478626905866e+00

3.0599113075275145e+04,0,1.5000000000000000e+02,4.2906189401602374e-01,-1.1668140121664818e+01,-2.0376781888174952e-01,8.0638786733389534e+00,2.4646419685651701e+01,4.2768281089752924e-01
3.0599113075275145e+04,1,1.5000000000000000e+02,3.8256518043763038e-01,-1.1619743939638967e+01,-2.0290902461475918e-01,-8.0645670536111016e+00,-2.4647422108922534e+01,-4.2770009589271774e-01

3.0661944501845999e+04,0,1.5000000000000000e+02,3.7200373377597706e-01,-1.1655648574949753e+01,-2.0353242953935088e-01,-8.0234501305697172e+00,-1.8555687804411320e+01,-3.2139719847127468e-01
3.0661944501845999e+04,1,1.5000000000000000e+02,4.4335791222653481e-01,-1.1682102313886974e+01,-2.0401584777272472e-01,8.0237124654426459e+00,1.8555643443194541e+01,3.2139634434555420e-01

3.0724776195409722e+04,0,1.5000000000000000e+02,4.3403235663960255e-01,-1.1666984812982911e+01,-2.0374917012833063e-01,-1.7390354167402190e+01,1.1713500406853015e+01,2.0972644376516225e-01
3.0724776195409722e+04,1,1.5000000000000000e+02,3.8013365526359655e-01,-1.1719016800133247e+01,-2.0464083419858148e-01,1.7390815864814090e+01,-1.1714877970432390e+01,-2.0975062621276130e-01

3.0787608204634678e+04,0,1.5000000000000000e+02,4.1056646422131893e-01,-1.1705854519999546e+01,-2.0442039156932981e-01,-7.6475899097130849e+01,1.0164612058593647e+01,2.0069401515339247e-01
3.0787608204634678e+04,1,1.5000000000000000e+02,4.0662829596276351e-01,-1.1725411115936623e+01,-2.0476050153456546e-01,7.6475172017407459e+01,-1.0165359227778296e+01,-2.0070683356128116e-01

3.0850439911660345e+04,0,1.5000000000000000e+02,3.7704433419850752e-01,-1.1723241943674529e+01,-2.0471363201016526e-01,-5.7021619103473302e+00,-2.0220829101578225e+01,-3.5116506190558555e-01
3.0850439911660345e+04,1,1.5000000000000000e+02,4.4308758127569131e-01,-1.1758445567205056e+01,-2.0534813890136172e-01,5.7026433784488422e+00,2.0220669970875520e+01,3.5116213802083712e-01

3.0913272046756429e+04,0,1.5000000000000000e+02,4.4543590090398266e-01,-1.1752076117546096e+01,-2.0523769205148307e-01,-7.4643055798458704e+00,1.8780660864028846e+01,3.3004159954197154e-01
3.0913272046756429e+04,1,1.5000000000000000e+02,3.7352463910153749e-01,-1.1776936679517277e+01,-2.0564966214767727e-01,7.4645558164433936e+00,-1.8782142518332066e+01,-3.3006753420539536e-01

3.0976104064462292e+04,0,1.5000000000000000e+02,4.1285999695710107e-01,-1.1822248405075442e+01,-2.0645244364410212e-01,2.1562911616957837e+01,1.1055123076735306e+01,1.8636972904138244e-01
3.0976104064462292e+04,1,1.5000000000000000e+02,4.0982816805117528e-01,-1.1752565110442506e+01,-2.0523537886949658e-01,-2.1563601836625164e+01,-1.1055648728817303e+01,-1.8637869267166024e-01

3.1038935652536828e+04,0,1.5000000000000000e+02,4.0604781887684771e-01,-1.1823796095843269e+01,-2.0647737936417360e-01,6.5269458265702085e+01,-7.2428551201252347e+00,-1.4628847508714343e-01
3.1038935652536828e+04,1,1.5000000000000000e+02,4.1877623007749887e-01,-1.1801679905334884e+01,-2.0609527611128603e-01,-6.5268826759112599e+01,7.2425445719395043e+00,1.4628286289609455e-01

3.1101767556080573e+04,0,1.5000000000000000e+02,4.4899592481556089e-01,-1.1829745809831525e+01,-2.0659429960230319e-01,-7.2301684354004827e+00,1.9507618001662944e+01,3.4265742509504910e-01
3.1101767556080573e+04,1,1.5000000000000000e+02,3.7491134775925272e-01,-1.1842305154257488e+01,-2.0679092178691777e-01,7.2302195393960069e+00,-1.9509133101925588e+01,-3.4268388280880507e-01

3.1164599303995281e+04,0,1.5000000000000000e+02,3.8756316176759203e-01,-1.1884466753344320e+01,-2.0753059731755799e-01,9.5844598196330288e+00,-1.9872606796431981e+01,-3.4974455247727848e-01
3.1164599303995281e+04,1,1.5000000000000000e+02,4.4051226524417719e-01,-1.1833989276844269e+01,-2.0666577392023672e-01,-9.5850683396695793e+00,1.9872252865594618e+01,3.4973856090745453e-01

3.1227431656448225e+04,0,1.5000000000000000e+02,3.9318755130920185e-01,-1.1854825388306379e+01,-2.0701499754899261e-01,-1.3181703047190901e+01,-1.7432656866863670e+01,-3.0022623260860437e-01
3.1227431656448225e+04,1,1.5000000000000000e+02,4.3632061632163344e-01,-1.1914307779625839e+01,-2.0806624816843663e-01,1.3182423805479409e+01,1.7432191350409216e+01,3.0021788865930576e-01

3.1290262982311255e+04,0,1.5000000000000000e+02,4.3650475421253976e-01,-1.1892431247176386e+01,-2.0768450613595088e-01,-3.3087169000511224e+01,1.2109435387668404e+01,2.2141822805696848e-01
3.1290262982311255e+04,1,1.5000000000000000e+02,3.9244967088271276e-01,-1.1922726721628782e+01,-2.0819981444189445e-01,3.3087052607151492e+01,-1.2110937181601427e+01,-2.2144440251806030e-01

3.1353094829495738e+04,0,1.5000000000000000e+02,3.8583489028849410e-01,-1.1951229305224045e+01,-2.0869523804230350e-01,6.3169127787262696e+00,-2.0770283448682797e+01,-3.6441576795985298e-01
3.1353094829495738e+04,1,1.5000000000000000e+02,4.4752000586934598e-01,-1.1910903001794098e+01,-2.0801023831983875e-01,-6.3174237405272464e+00,2.0770051575370118e+01,3.6441187686807519e-01

3.1415926614254084e+04,0,1.5000000000000000e+02,4.3049411277838040e-01,-1.1931117788195248e+01,-2.0835784835217044e-01,-1.5136561272737538e+01,2.8853618988240139e+01,5.0817618018118327e-01
3.1415926614254084e+04,1,1.5000000000000000e+02,4.0373474817862426e-01,-1.1981574108856103e+01,-2.0923028078505607e-01,1.5137325612875728e+01,-2.8854222245463138e+01,-5.0818694131502462e-01

3.1478758463686507e+04,0,1.5000000000000000e+02,4.4008779806325493e-01,-1.2003402347802655e+01,-2.0962231043386001e-01,2.5094908992979374e+01,6.9345835857046971e+00,1.1338043653056717e-01
3.1478758463686507e+04,1,1.5000000000000000e+02,3.9396423231567884e-01,-1.1954946627418435e+01,-2.0876259075233816e-01,-2.5095152954313217e+01,-6.9360488080652765e+00,-1.1340593386864206e-01

3.1541590578219748e+04,0,1.5000000000000000e+02,4.0342835596950816e-01,-1.2032302572455595e+01,-2.1011552124849908e-01,2.6093862215180856e+01,-4.1438455121847184e-02,-8.6722494474350542e-03
3.1541590578219748e+04,1,1.5000000000000000e+02,4.3511466653418646e-01,-1.1973494583419466e+01,-2.0909883301449547e-01,-2.6094280588700393e+01,4.1286409167680560e-02,8.6697233294280585e-03

3.1604422195089643e+04,0,1.5000000000000000e+02,4.3598030702494334e-01,-1.2003918254742334e+01,-2.0963006301666420e-01,-1.1781891633819562e+01,2.9320324486284751e+01,5.1529937150876015e-01
3.1604422195089643e+04,1,1.5000000000000000e+02,4.0303154783592637e-01,-1.2052271215106648e+01,-2.1046390125760253e-01,1.1782671069949373e+01,-2.9321037145382679e+01,-5.1531204656763641e-01

3.1667254066009205e+04,0,1.5000000000000000e+02,4.1105821116363439e-01,-1.2062775405992841e+01,-2.1064966987461714e-01,2.6094299891395494e+01,-5.3458042138284007e+01,-9.4092066073895553e-01
3.1667254066009205e+04,1,1.5000000000000000e+02,4.2810171948082110e-01,-1.2038847360619410e+01,-2.1023725991473127e-01,-2.6094633644062057e+01,5.3456618501940262e+01,9.4089591653022353e-01

3.1730086079422566e+04,0,1.5000000000000000e+02,3.9570262381965543e-01,-1.2067744302013677e+01,-2.1073171127200002e-01,-2.6692756410547776e+01,-2.2270934866007721e+01,-3.8054991545569833e-01
3.1730086079422566e+04,1,1.5000000000000000e+02,4.4795941069094203e-01,-1.2081677167126363e+01,-2.1099079243284272e-01,2.6692411028252362e+01,2.2270829894104850e+01,3.8054818865760104e-01

3.1792918152258953e+04,0,1.5000000000000000e+02,4.1642207582177376e-01,-1.2063139711703402e+01,-2.1065766193921859e-01,-1.9680994515781244e+01,-8.3089943296419015e+00,-1.3901646786416405e-01
3.1792918152258953e+04,1,1.5000000000000000e+02,4.2744503819818391e-01,-1.2136517416788902e+01,-2.1194163742867911e-01,1.9681774942955869e+01,8.3082053252320698e+00,1.3900246009401923e-01

3.1855749719915289e+04,0,1.5000000000000000e+02,4.1693926572112283e-01,-1.2140907821326117e+01,-2.1201506017255817e-01,3.1230591934697816e+01,-3.7106443105624230e+01,-6.5711059202199940e-01
3.1855749719915289e+04,1,1.5000000000000000e+02,4.2731073661061703e-01,-1.2104063111580091e+01,-2.1137519081418127e-01,-3.1230980867716067e+01,3.7105052546548087e+01,6.5708644190095755e-01

3.1918581465878127e+04,0,1.5000000000000000e+02,4.3080346937226566e-01,-1.2161154925313843e+01,-2.1237264437354211e-01,3.2403785379394961e+01,4.5459801981743468e+01,7.8351168190448295e-01
3.1918581465878127e+04,1,1.5000000000000000e+02,4.1792829265793596e-01,-1.2131833878978481e+01,-2.1185699935343436e-01,-3.2404082967667847e+01,-4.5459882188053641e+01,-7.8351299104304606e-01

3.1981413237424735e+04,0,1.5000000000000000e+02,4.2316509933650082e-01,-1.2181394550781581e+01,-2.1272354766243998e-01,7.6940232675760171e+01,-8.7012161790398110e+00,-1.7529568677799956e-01
3.1981413237424735e+04,1,1.5000000000000000e+02,4.2563096791599109e-01,-1.2161721627387328e+01,-2.1238095899223505e-01,-7.6939455773923044e+01,8.7003857888970018e+00,1.7528095780135189e-01

3.2044245162191684e+04,0,1.5000000000000000e+02,4.4719128960913868e-01,-1.2222391720880985e+01,-2.1344636612212431e-01,2.1433091450157448e+01,7.2496628877959353e+00,1.1999483863363936e-01
3.2044245162191684e+04,1,1.5000000000000000e+02,4.0211409304257628e-01,-1.2165992807951890e+01,-2.1244833737436847e-01,-2.1433505252431203e+01,-7.2510362234503418e+00,-1.2001868058836396e-01

3.2107076985768017e+04,0,1.5000000000000000e+02,4.3718410638303101e-01,-1.2223005022854144e+01,-2.1345402121587256e-01,8.8130608516075064e+00,7.0439449907764413e+01,1.2266531607778264e+00
3.2107076985768017e+04,1,1.5000000000000000e+02,4.1658146326141476e-01,-1.2213486195957170e+01,-2.1328161853732394e-01,-8.8133417709219763e+00,-7.0439522854711925e+01,-1.2266543483008379e+00

3.2169909018845276e+04,0,1.5000000000000000e+02,4.0897728861323185e-01,-1.2232901367628097e+01,-2.1361814353741460e-01,3.9772354074774263e+00,-4.5140473073289137e+01,-7.8902147955231250e-01
3.2169909018845276e+04,1,1.5000000000000000e+02,4.4482234448623015e-01,-1.2253678725424441e+01,-2.1399167801336691e-01,-3.9764584422451392e+00,4.5139635392218857e+01,7.8900662331222238e-01

3.2232740703762935e+04,0,1.5000000000000000e+02,4.3025353768949720e-01,-1.2253371951644256e+01,-2.1398188594892911e-01,-6.3992103381394202e+01,-1.1637330093425302e+01,-1.8360531516605394e-01
3.2232740703762935e+04,1,1.5000000000000000e+02,4.2406500198826114e-01,-1.2278487218931096e+01,-2.1441832256986873e-01,6.3991693143656022e+01,1.1635954484891574e+01,1.8358143245839953e-01

3.2295572943124189e+04,0,1.5000000000000000e+02,3.9358542867896856e-01,-1.2300773234597310e+01,-2.1479798210147752e-01,1.8780242621807268e+00,-2.0879665347836635e+01,-3.6497251387862178e-01
3.2295572943124189e+04,1,1.5000000000000000e+02,4.6518284817036920e-01,-1.2279153136924714e+01,-2.1444247029858998e-01,-1.8783202623651967e+00,2.0879585829626961e+01,3.6497121626571077e-01

3.2358404374477475e+04,0,1.5000000000000000e+02,4.1655106486019122e-01,-1.2318322494099554e+01,-2.1511125500723213e-01,4.0656750720568994e+01,-4.9156979886619432e+01,-8.7029297571272224e-01
3.2358404374477475e+04,1,1.5000000000000000e+02,4.4232566397006157e-01,-1.2311727493572246e+01,-2.1500400816822390e-01,-4.0655971690721003e+01,4.9156169932245639e+01,8.7027860274134361e-01

3.2421236426448901e+04,0,1.5000000000000000e+02,4.4506211475394625e-01,-1.2325658869435809e+01,-2.1524797782600558e-01,-4.5404271484359086e+01,1.4335772924868822e+01,2.6402537016760697e-01
3.2421236426448901e+04,1,1.5000000000000000e+02,4.1422848612195162e-01,-1.2349736815569269e+01,-2.1565880299065709e-01,4.5403893519910596e+01,-1.4337170412500969e+01,-2.6404964454970969e-01

3.2484068068128676e+04,0,1.5000000000000000e+02,4.4234240225406896e-01,-1.2362082724767756e+01,-2.1588283325576765e-01,-1.1910536580113792e+01,7.3763368865824489e+01,1.2909766347983260e+00
3.2484068068128676e+04,1,1.5000000000000000e+02,4.2139362361558558e-01,-1.2361213588706255e+01,-2.1586128305296928e-01,1.1910196006702805e+01,-7.3763472025330302e+01,-1.2909783314307375e+00

3.2546899966397592e+04,0,1.5000000000000000e+02,4.3901176679513665e-01,-1.2350610123630824e+01,-2.1568159415619745e-01,-1.9340161266920475e+01,9.7980772715988564e+00,1.7689167608762324e-01
3.2546899966397592e+04,1,1.5000000000000000e+02,4.2501645172935248e-01,-1.2422908144149154e+01,-2.1693910516157741e-01,1.9340941881410437e+01,-9.7988246502040113e+00,-1.7690495744433754e-01

3.2609731975051662e+04,0,1.5000000000000000e+02,4.2887078598727157e-01,-1.2428166703783525e+01,-2.1703205385782723e-01,3.5227414225225104e+01,-3.3899317886556560e+01,-6.0235610273749574e-01
3.2609731975051662e+04,1,1.5000000000000000e+02,4.3536080943616651e-01,-1.2390832851447817e+01,-2.1638246536761527e-01,-3.5227727256644968e+01,3.3897883569202207e+01,6.0233116580719104e-01

3.2672563672153974e+04,0,1.5000000000000000e+02,4.4394003511129149e-01,-1.2430231132947936e+01,-2.1707267372315206e-01,-3.1543354395430541e+01,6.9749768834794892e+01,1.2269104578359340e+00
3.2672563672153974e+04,1,1.5000000000000000e+02,4.2471552758203601e-01,-1.2436377643346907e+01,-2.1717408870349236e-01,3.1542941890798019e+01,-6.9749917846998031e+01,-1.2269129327955854e+00

3.2735395666653156e+04,0,1.5000000000000000e+02,4.4968132774268027e-01,-1.2434473630141621e+01,-2.1714846450852046e-01,-1.3079941364084604e+01,3.0128199872409102e+01,5.2979416974151772e-01
3.2735395666653156e+04,1,1.5000000000000000e+02,4.1957170768582785e-01,-1.2482492850000632e+01,-2.1797734306967198e-01,1.3080713912299032e+01,-3.0128850435879027e+01,-5.2980575898347648e-01

3.2798227546378512e+04,0,1.5000000000000000e+02,4.6940350298685851e-01,-1.2480197859194639e+01,-2.1795247036670709e-01,-1.0711585105499626e+01,2.1692227430386541e+01,3.8184467077812950e-01
3.2798227546378512e+04,1,1.5000000000000000e+02,3.9975780367599989e-01,-1.2482482099877579e+01,-2.1797111949276043e-01,1.0711371533420138e+01,-2.1693703211006930e+01,-3.8187036164035487e-01

3.2861059670644645e+04,0,1.5000000000000000e+02,4.0732927713486555e-01,-1.2528390038941518e+01,-2.1877463002944564e-01,1.0289770852607845e+01,-1.7887872913742903e+01,-3.1532103102822695e-01
3.2861059670644645e+04,1,1.5000000000000000e+02,4.6617801318398749e-01,-1.2481489699680257e+01,-2.1797403350723851e-01,-1.0290275451573358e+01,1.7887646859069399e+01,3.1531723954747448e-01

3.2923891149613621e+04,0,1.5000000000000000e+02,4.3969320552498309e-01,-1.2496012442127570e+01,-2.1821942217463264e-01,-2.1579088627972698e+01,1.2485153157723374e+01,2.2446966749567132e-01
3.2923891149613621e+04,1,1.5000000000000000e+02,4.3485126892669834e-01,-1.2564354036057731e+01,-2.1941067243530407e-01,2.1579830642929874e+01,-1.2485676064138431e+01,-2.2447901951347138e-01

3.2986723202689114e+04,0,1.5000000000000000e+02,4.7362225831188098e-01,-1.2550120806519621e+01,-2.1917407925741611e-01,-7.9524022299274684e+00,2.0316794954717036e+01,3.5699952632935239e-01
3.2986723202689114e+04,1,1.5000000000000000e+02,4.0048888532924787e-01,-1.2556323257936006e+01,-2.1926004812957858e-01,7.9523280084378349e+00,-2.0318303182009590e+01,-3.5702582591500232e-01

3.3049554810354050e+04,0,1.5000000000000000e+02,4.3434084657191235e-01,-1.2565650248392048e+01,-2.1943313898348982e-01,-6.8584207398351722e+01,-3.8689600713899637e+00,-4.6629658256754469e-02
3.3049554810354050e+04,1,1.5000000000000000e+02,4.4392900845608879e-01,-1.2587486883180828e+01,-2.1981716167851539e-01,6.8583605261532753e+01,3.8686144240886335e+00,4.6623809310206932e-02

3.3112386838903549e+04,0,1.5000000000000000e+02,4.1631524962751837e-01,-1.2600165641499878e+01,-2.2003002446607903e-01,2.1055137383997728e+01,-3.3978460120279912e+01,-5.9941998349840353e-01
3.3112386838903549e+04,1,1.5000000000000000e+02,4.6356949699497146e-01,-1.2603517799195597e+01,-2.2010292288262776e-01,-2.1054464534375743e+01,3.3978087399601883e+01,5.9941327365330799e-01

3.3175218636235586e+04,0,1.5000000000000000e+02,4.4941552799232326e-01,-1.2604735470358484e+01,-2.2011986242078285e-01,-4.1090574861675094e+01,-7.2191573170823666e+00,-1.1347412700386850e-01
3.3175218636235586e+04,1,1.5000000000000000e+02,4.2970882370075064e-01,-1.2645553682444337e+01,-2.2082623513782695e-01,4.1090677763918549e+01,7.2176462039136666e+00,1.1344772309487394e-01

3.3238050547536674e+04,0,1.5000000000000000e+02,4.1826368258025892e-01,-1.2656062253524661e+01,-2.2100614844064728e-01,-1.1377892231321823e+01,-3.6932872024371576e+01,-6.4110141324486636e-01
3.3238050547536674e+04,1,1.5000000000000000e+02,4.6466193798864641e-01,-1.2640363234063628e+01,-2.2074629720704991e-01,1.1377206120133607e+01,3.6932356759550657e+01,6.4109262964518210e-01

3.3300882242576969e+04,0,1.5000000000000000e+02,4.1068510807301961e-01,-1.2660841075642566e+01,-2.2108724172393204e-01,1.8276933566083358e+00,-2.4756524280007458e+01,-4.3261769921223725e-01
3.3300882242576969e+04,1,1.5000000000000000e+02,4.7455162724094840e-01,-1.2686040099846007e+01,-2.2154648117853826e-01,-1.8271458428960869e+00,2.4756308136631450e+01,4.3261376019887399e-01

3.3363714076114797e+04,0,1.5000000000000000e+02,4.7736719555757257e-01,-1.2683132549990312e+01,-2.2149659517064180e-01,-7.2856387002577350e+00,1.8891570822731257e+01,3.3192281741250929e-01
3.3363714076114797e+04,1,1.5000000000000000e+02,4.0688531367591885e-01,-1.2711061594582143e+01,-2.2196255310878793e-01,7.2859476966819727e+00,-1.8893030849561288e+01,-3.3194839252513930e-01

3.3426545929036773e+04,0,1.5000000000000000e+02,4.4902340955493725e-01,-1.2756589607141990e+01,-2.2276996315451114e-01,1.9770172849495641e+01,7.9803369462104428e+00,1.3325343897078018e-01
3.3426545929036773e+04,1,1.5000000000000000e+02,4.3845157400342127e-01,-1.2683215467763365e+01,-2.2148618732328526e-01,-1.9770899632845190e+01,-7.9810712472172085e+00,-1.3326603288887456e-01

3.3489377805073804e+04,0,1.5000000000000000e+02,4.4415265591396930e-01,-1.2757918455572458e+01,-2.2279167098437350e-01,6.1104494547000293e+01,2.1545817097329490e+01,3.5741191814850359e-01
3.3489377805073804e+04,1,1.5000000000000000e+02,4.4638735744492936e-01,-1.2732016201909852e+01,-2.2234029508941025e-01,-6.1104140165148586e+01,-2.1545899636853974e+01,-3.5741346661879259e-01

3.3552209669332813e+04,0,1.5000000000000000e+02,4.6863076899033823e-01,-1.2740512633377973e+01,-2.2249535435889853e-01,-1.8800392020183551e+01,9.6765754579032563e+00,1.7460674558869058e-01
3.3552209669332813e+04,1,1.5000000000000000e+02,4.2091491556526300e-01,-1.2797595887863014e+01,-2.2347705869851997e-01,1.8800911145475666e+01,-9.6779072152209533e+00,-1.7463014610185904e-01

3.3615041778900231e+04,0,1.5000000000000000e+02,4.6038803905597381e-01,-1.2826508377753150e+01,-2.2399367605111961e-01,1.7893644806673603e+01,9.9991565391025183e+00,1.6905835119162910e-01
3.3615041778900231e+04,1,1.5000000000000000e+02,4.3156033764754453e-01,-1.2756838764196527e+01,-2.2276899177299442e-01,-1.7894336496541047e+01,-1.0000146294255206e+01,-1.6907541408981869e-01

3.3677873756573921e+04,0,1.5000000000000000e+02,4.1962012360595130e-01,-1.2830241557640141e+01,-2.2404640979434670e-01,2.4069730010985932e+01,-1.5400432554652133e+01,-2.7610703969675943e-01
3.3677873756573921e+04,1,1.5000000000000000e+02,4.7609078617175399e-01,-1.2802605492560236e+01,-2.2358129677547139e-01,-2.4069634962077590e+01,1.5400422042085518e+01,2.7610682727144720e-01

3.3740705203596852e+04,0,1.5000000000000000e+02,4.5937901619437238e-01,-1.2849418804555807e+01,-2.2439321078751159e-01,5.3644300724276469e+01,2.6487587296995628e+01,4.4593032060330495e-01
3.3740705203596852e+04,1,1.5000000000000000e+02,4.3565436106317751e-01,-1.2832527435779070e+01,-2.2409118844405404e-01,-5.3643606909878692e+01,-2.6488699045315343e+01,-4.4594993464616328e-01

3.3803537159887856e+04,0,1.5000000000000000e+02,4.7566968770406642e-01,-1.2867303508572608e+01,-2.2471030461037389e-01,-1.5307299889353210e+01,3.0034690670503835e+01,5.2884073581326774e-01
3.3803537159887856e+04,1,1.5000000000000000e+02,4.2075211096246162e-01,-1.2859810587561363e+01,-2.2456280540729384e-01,1.5306748730610465e+01,-3.0035935838770826e+01,-5.2886229909562166e-01

3.3866369187227996e+04,0,1.5000000000000000e+02,4.3933172246287683e-01,-1.2911516821338010e+01,-2.2547086359711813e-01,3.5475612983253960e+01,6.6166349191520304e+00,1.0466916329546908e-01
3.3866369187227996e+04,1,1.5000000000000000e+02,4.6132443692274028e-01,-1.2864153597723014e+01,-2.2465096107262281e-01,-3.5475819245574151e+01,-6.6166792427954455e+00,-1.0466987401602071e-01

3.3929200797581572e+04,0,1.5000000000000000e+02,4.4945946809603637e-01,-1.2922663628092110e+01,-2.2566848745632581e-01,7.7184022593475433e+01,-6.2064457488425688e+00,-1.3183020571260418e-01
3.3929200797581572e+04,1,1.5000000000000000e+02,4.5123878666447692e-01,-1.2902929432829056e+01,-2.2532462029884992e-01,-7.7183244540443425e+01,6.2056366658480329e+00,1.3181584824646531e-01

3.3992032733602864e+04,0,1.5000000000000000e+02,4.8583915336769040e-01,-1.2948698391274238e+01,-2.2613393918105604e-01,4.9284350069485257e+00,1.9887505622126621e+01,3.4558346772715498e-01
3.3992032733602864e+04,1,1.5000000000000000e+02,4.1517853599866650e-01,-1.2922433683791290e+01,-2.2565403128293698e-01,-4.9287273070028483e+00,-1.9888949568712153e+01,-3.4560857902588737e-01

3.4054864626023758e+04,0,1.5000000000000000e+02,4.2075441467856345e-01,-1.2973830043121310e+01,-2.2655272004297242e-01,4.7786295560311842e-01,-2.3838677092773917e+01,-4.1618785431545918e-01
3.4054864626023758e+04,1,1.5000000000000000e+02,4.8454959029083788e-01,-1.2944690254300562e+01,-2.2606359471379428e-01,-4.7835901926083935e-01,2.3838458940906254e+01,4.1618419815727298e-01

3.4117696662930910e+04,0,1.5000000000000000e+02,4.4166654746898665e-01,-1.2948652658461510e+01,-2.2611968463053764e-01,-2.0204743510482420e+01,-3.7837861934654207e+00,-5.9881145082148590e-02
3.4117696662930910e+04,1,1.5000000000000000e+02,4.6478290605202793e-01,-1.3020280229134073e+01,-2.2737680010915876e-01,2.0205463355164905e+01,3.7833208649995633e+00,5.9872804691791681e-02

3.4180528287160676e+04,0,1.5000000000000000e+02,4.7943083345425747e-01,-1.2990362285730333e+01,-2.2685912226008634e-01,-2.5445455751790362e+01,1.2336620235312694e+01,2.2305523316457282e-01
3.4180528287160676e+04,1,1.5000000000000000e+02,4.2645719832061291e-01,-1.3024988466640540e+01,-2.2744729493104676e-01,2.5445516315991817e+01,-1.2338134164331084e+01,-2.2308167331951928e-01

3.4243359967208497e+04,0,1.5000000000000000e+02,4.3218420327583967e-01,-1.3055346395703285e+01,-2.2797885850020155e-01,8.6782922840745584e+00,-2.4475769808395505e+01,-4.2980477582414289e-01
3.4243359967208497e+04,1,1.5000000000000000e+02,4.7746614358966388e-01,-1.3006223252263604e+01,-2.2713533580384335e-01,-8.6789841470418025e+00,2.4475236270847468e+01,4.2979567507360694e-01

3.4306191842750159e+04,0,1.5000000000000000e+02,4.5214154822903924e-01,-1.3029189116182730e+01,-2.2752843070798084e-01,-3.0954958249748984e+01,1.5610561927547653e+01,2.8187176990511864e-01
3.4306191842750159e+04,1,1.5000000000000000e+02,4.5996965057767270e-01,-1.3082709598975475e+01,-2.2846487662383244e-01,3.0955443375143879e+01,-1.5610724982576944e+01,-2.8187476339354989e-01

3.4369024093117710e+04,0,1.5000000000000000e+02,4.8861836184320051e-01,-1.3061633957443412e+01,-2.2810578332351317e-01,-8.0268783739877136e+00,1.8809053229513154e+01,3.3070849282318876e-01
3.4369024093117710e+04,1,1.5000000000000000e+02,4.2254498606469970e-01,-1.3097981626954663e+01,-2.2872000950134352e-01,8.0273143943253444e+00,-1.8810446983044535e+01,-3.3073295000316144e-01

3.4431855742973174e+04,0,1.5000000000000000e+02,4.7865958805850384e-01,-1.3110260311191439e+01,-2.2895139646591747e-01,-1.1373141116631288e+01,3.9318673276543940e+01,6.8967009944543722e-01
3.4431855742973174e+04,1,1.5000000000000000e+02,4.3514730089589504e-01,-1.3094746263804085e+01,-2.2866738373157774e-01,1.1372435072379911e+01,-3.9319610898509374e+01,-6.8968624812154578e-01

3.4494687651365981e+04,0,1.5000000000000000e+02,4.2177723857432359e-01,-1.3130131496244916e+01,-2.2928086825357341e-01,6.4843512962948537e+00,-2.0263058819615313e+01,-3.5561448486009900e-01
3.4494687651365981e+04,1,1.5000000000000000e+02,4.9567620593778106e-01,-1.3124408435821518e+01,-2.2920349913310906e-01,-6.4842531691426117e+00,2.0263047798350019e+01,3.5561426261900470e-01

3.4557519837759552e+04,0,1.5000000000000000e+02,4.6064796900046273e-01,-1.3117185970685007e+01,-2.2906677900726402e-01,-2.2689748924338417e+01,-8.5867899120518487e+00,-1.4294810371107441e-01
3.4557519837759552e+04,1,1.5000000000000000e+02,4.5622531239071007e-01,-1.3186487526928040e+01,-2.3027491064685585e-01,2.2690463093379421e+01,8.5857203269685023e+00,1.4292921931737751e-01

3.4620351387649651e+04,0,1.5000000000000000e+02,4.8045301571451898e-01,-1.3168045170901886e+01,-2.2996042773053677e-01,-3.3383152011672024e+01,2.5769450493652222e+01,4.5990852979614505e-01
3.4620351387649651e+04,1,1.5000000000000000e+02,4.3756873613787878e-01,-1.3180901991717949e+01,-2.3017174623081646e-01,3.3382668357064574e+01,-2.5770766067747701e+01,-4.5993134239347377e-01

3.4683183516157507e+04,0,1.5000000000000000e+02,4.2758607347324029e-01,-1.3215927696142415e+01,-2.3077998803498465e-01,8.5105682002339336e+00,-1.8455687537049002e+01,-3.2468875896877641e-01
3.4683183516157507e+04,1,1.5000000000000000e+02,4.9468742628720946e-01,-1.3181142404862047e+01,-2.3019334227266755e-01,-8.5109102587808607e+00,1.8455583525611438e+01,3.2468704792049258e-01

3.4746015001900923e+04,0,1.5000000000000000e+02,4.7489982689687699e-01,-1.3198408884127639e+01,-2.3048865595227958e-01,-1.5099564025165076e+01,2.8695402769303225e+01,5.0540365585013669e-01
3.4746015001900923e+04,1,1.5000000000000000e+02,4.4796638254837190e-01,-1.3248837929840088e+01,-2.3136055934124691e-01,1.5100329134458473e+01,-2.8696014017283471e+01,-5.0541455667635304e-01

3.4808847182791083e+04,0,1.5000000000000000e+02,4.9686463159943339e-01,-1.3256953585655797e+01,-2.3151709310155516e-01,1.0561702179933484e+01,1.8522546614064872e+01,3.2004556987985611e-01
3.4808847182791083e+04,1,1.5000000000000000e+02,4.2576297763921700e-01,-1.3236374825848413e+01,-2.3113628431898919e-01,-1.0561755342378717e+01,-1.8524056895339385e+01,-3.2007191172815408e-01

3.4871678506867349e+04,0,1.5000000000000000e+02,4.6146665849873603e-01,-1.3304614453358141e+01,-2.3233810657533369e-01,2.2570858199696328e+01,8.7998819544184421e+00,1.4670329066631255e-01
3.4871678506867349e+04,1,1.5000000000000000e+02,4.6506233778665834e-01,-1.3235234673271078e+01,-2.3112835781693042e-01,-2.2571523295845768e+01,-8.8003443103761718e+00,-1.4671115728116274e-01

3.4934510987291666e+04,0,1.5000000000000000e+02,4.3537519689618098e-01,-1.3270866374375116e+01,-2.3174117310161538e-01,-1.2845983068446685e+01,-1.5713619931725525e+01,-2.7032717267674422e-01
3.4934510987291666e+04,1,1.5000000000000000e+02,4.9341392891036501e-01,-1.3319311557277702e+01,-2.3260433863029775e-01,1.2846496824141859e+01,1.5713433579262176e+01,2.7032376386975843e-01

3.4997342420363646e+04,0,1.5000000000000000e+02,4.9802434802226275e-01,-1.3310242523046641e+01,-2.3244746668259683e-01,3.5318452354981851e+00,2.3411546886385665e+01,4.0751191535028353e-01
3.4997342420363646e+04,1,1.5000000000000000e+02,4.2987324780408642e-01,-1.3327595176879498e+01,-2.3272955118332275e-01,-3.5314074179858643e+00,-2.3412939277508734e+01,-4.0753634930099925e-01

3.5060174134877954e+04,0,1.5000000000000000e+02,4.7927918446539419e-01,-1.3376466180786421e+01,-2.3359751851883315e-01,1.7956849038587212e+01,1.0069351828622487e+01,1.7026417382217535e-01
3.5060174134877954e+04,1,1.5000000000000000e+02,4.5117359784045835e-01,-1.3306786375409834e+01,-2.3237287634883388e-01,-1.7957544107343178e+01,-1.0070329347468444e+01,-1.7028102213871504e-01

3.5123005900994714e+04,0,1.5000000000000000e+02,4.7309962778635212e-01,-1.3355777234676351e+01,-2.3323456416314808e-01,-4.2767447492090561e+01,5.2790674437672074e+01,9.3435267755905460e-01
3.5123005900994714e+04,1,1.5000000000000000e+02,4.6108706832908447e-01,-1.3376813046387165e+01,-2.3359803027813222e-01,4.2767465603328354e+01,-5.2790682550995932e+01,-9.3435282467469316e-01

3.5185838026009733e+04,0,1.5000000000000000e+02,4.5129064235314437e-01,-1.3384747003323833e+01,-2.3373351264982178e-01,9.4516384338495367e+00,-5.2845005275786178e+01,-9.2515179018007121e-01
3.5185838026009733e+04,1,1.5000000000000000e+02,4.8255061112660663e-01,-1.3397228283507951e+01,-2.3396086383912670e-01,-9.4508845802041730e+00,5.2844047323053545e+01,9.2513484194957951e-01

3.5248669659627034e+04,0,1.5000000000000000e+02,4.7145341373583433e-01,-1.3400504466087954e+01,-2.3401466058055009e-01,-6.1151576022028920e+01,-9.8581749921866333e+00,-1.5342009526005662e-01
3.5248669659627034e+04,1,1.5000000000000000e+02,4.6310076679464413e-01,-1.3426933304302898e+01,-2.3447336291574186e-01,6.1151219039837301e+01,9.8567656619699378e+00,1.5339560780349060e-01

3.5311501520792423e+04,0,1.5000000000000000e+02,4.3771984941762487e-01,-1.3449659966063081e+01,-2.3486226603639113e-01,-2.3809406940735229e+00,-2.5147754250830719e+01,-4.3816351531287301e-01
3.5311501520792423e+04,1,1.5000000000000000e+02,5.0103125327155273e-01,-1.3425298178483807e+01,-2.3445638095405683e-01,2.3804415655146514e+00,2.5147532666649784e+01,4.3815980018527911e-01

3.5374333400160016e+04,0,1.5000000000000000e+02,4.6853838494456118e-01,-1.3473253224183944e+01,-2.3528341355051785e-01,7.3296293983066619e+01,7.1904397223786916e+00,1.0316201451280027e-01
3.5374333400160016e+04,1,1.5000000000000000e+02,4.7152368846209186e-01,-1.3452036982086318e+01,-2.3491404849200948e-01,-7.3295611236881996e+01,-7.1908317776324395e+00,-1.0316906480875221e-01

3.5437165307687574e+04,0,1.5000000000000000e+02,4.6460686762423770e-01,-1.3472065863338093e+01,-2.3526149361805276e-01,-3.8650664061015391e+01,-4.4332382797783850e+01,-7.6193249934701923e-01
3.5437165307687574e+04,1,1.5000000000000000e+02,4.7479737240514058e-01,-1.3500060545874234e+01,-2.3575317255868386e-01,3.8650882654638423e+01,4.4330893371165871e+01,7.6190643867624630e-01

3.5499997457408143e+04,0,1.5000000000000000e+02,4.5412782718797962e-01,-1.3533453960722087e+01,-2.3632967142182151e-01,1.1450539802903094e+01,-2.8332423403583753e+01,-4.9795717963299529e-01
3.5499997457408143e+04,1,1.5000000000000000e+02,4.8848151617836399e-01,-1.3484487799685885e+01,-2.3548555934137907e-01,-1.1451266494990108e+01,2.8331655186618093e+01,4.9794399377149784e-01

3.5562828987969166e+04,0,1.5000000000000000e+02,4.3853728650053636e-01,-1.3538141033433666e+01,-2.3640672276347749e-01,1.2693615976148422e+01,-2.0726927820363500e+01,-3.6560166144997552e-01
3.5562828987969166e+04,1,1.5000000000000000e+02,5.0731408730217276e-01,-1.3529593868213272e+01,-2.3627850583787460e-01,-1.2693413545047079e+01,2.0726899119036716e+01,3.6560109887444214e-01

3.5625660868396066e+04,0,1.5000000000000000e+02,4.9144510939363889e-01,-1.3525650440214385e+01,-2.3620484935565766e-01,-1.6934538055144639e+01,1.1369183644255157e+01,2.0357843111115947e-01
3.5625660868396066e+04,1,1.5000000000000000e+02,4.5379475857912066e-01,-1.3590955836956903e+01,-2.3733311614688996e-01,1.6935234904673298e+01,-1.1370288593229835e+01,-2.0359792741437777e-01

3.5688493155300508e+04,0,1.5000000000000000e+02,5.0563764194469296e-01,-1.3591548944072500e+01,-2.3735926038037361e-01,-3.4259356707774522e+00,2.4770652506340006e+01,4.3335114793706686e-01
3.5688493155300508e+04,1,1.5000000000000000e+02,4.4079056981684334e-01,-1.3570419112014594e+01,-2.3697073941225733e-01,3.4254724615908820e+00,-2.4771985810299576e+01,-4.3337427619212954e-01

3.5751324640392595e+04,0,1.5000000000000000e+02,4.8643708017623144e-01,-1.3609124967856713e+01,-2.3766015520876840e-01,2.7346133092392222e-01,6.8751322068223345e+01,1.1997927104914132e+00
3.5751324640392595e+04,1,1.5000000000000000e+02,4.6416540368226478e-01,-1.3600756473289801e+01,-2.3750732015510886e-01,-2.7388094996103973e-01,-6.8751476772508823e+01,-1.1997952826251113e+00

3.5814156730442141e+04,0,1.5000000000000000e+02,4.5094919244831266e-01,-1.3607458955666415e+01,-2.3762026855769555e-01,-6.6983580759793728e+00,-2.4757250336449133e+01,-4.3003305494200345e-01
3.5814156730442141e+04,1,1.5000000000000000e+02,5.0067816900921647e-01,-1.3652655748603490e+01,-2.3842421043960776e-01,6.6990752451830726e+00,2.4756790102544102e+01,4.3002480427793005e-01

3.5876988226320369e+04,0,1.5000000000000000e+02,5.1122004088034734e-01,-1.3642132563485344e+01,-2.3824376698979899e-01,-9.2365283278466030e+00,1.8584018895763926e+01,3.2714960133259829e-01
3.5876988226320369e+04,1,1.5000000000000000e+02,4.3987411214629246e-01,-1.3664646158057590e+01,-2.3861494907604797e-01,9.2366993579846373e+00,-1.8585519156790070e+01,-3.2717583660087490e-01

3.5939820309112947e+04,0,1.5000000000000000e+02,4.9611065452052883e-01,-1.3687368080217341e+01,-2.3902863284814035e-01,-3.9550166431768563e+00,4.2817559365208531e+01,7.4847427683308643e-01
3.5939820309112947e+04,1,1.5000000000000000e+02,4.5825572416631655e-01,-1.3665330211846648e+01,-2.3863248715543320e-01,3.9542901935570907e+00,-4.2818305103149207e+01,-7.4848707045583740e-01

3.6002652469083463e+04,0,1.5000000000000000e+02,4.4233188302013865e-01,-1.3691585617559779e+01,-2.3908585629119755e-01,-6.0785893461534499e+00,-1.9430735773974455e+01,-3.3726135984581829e-01
3.6002652469083463e+04,1,1.5000000000000000e+02,5.1523131419109358e-01,-1.3710891156524674e+01,-2.3944499196821814e-01,6.0787857740307487e+00,1.9430708363927522e+01,3.3726082163455240e-01

3.6065483748543476e+04,0,1.5000000000000000e+02,5.0223738808210849e-01,-1.3720280272877229e+01,-2.3960489631526455e-01,1.5083929297142475e+01,3.5756644720062532e+01,6.1944443547256167e-01
3.6065483748543476e+04,1,1.5000000000000000e+02,4.5477760682807361e-01,-1.3731108724383079e+01,-2.3977942104162264e-01,-1.5083217926919389e+01,-3.5757719533192379e+01,-6.1946341025664253e-01

3.6128315930817196e+04,0,1.5000000000000000e+02,5.0156932098417883e-01,-1.3776414580183175e+01,-2.4058437160131904e-01,2.1326494473761208e+01,7.5279406844455146e+00,1.2488392877471632e-01
3.6128315930817196e+04,1,1.5000000000000000e+02,4.5649255179825426e-01,-1.3720409357042568e+01,-2.3959321381793364e-01,-2.1326909867302433e+01,-7.5293115292639676e+00,-1.2490772677485440e-01

3.6191147376218483e+04,0,1.5000000000000000e+02,4.6700125891510064e-01,-1.3803253981617186e+01,-2.4104225323217113e-01,2.5027017533563747e+01,6.4951317260890029e-01,3.7115151505700550e-03
3.6191147376218483e+04,1,1.5000000000000000e+02,4.9519199552571536e-01,-1.3741239806447602e+01,-2.3996854446787755e-01,-2.5027504664754876e+01,-6.4972365519943232e-01,-3.7150401839964320e-03

3.6253979721260454e+04,0,1.5000000000000000e+02,4.6032303416487996e-01,-1.3766416607891854e+01,-2.4039731806639558e-01,-1.6058549004048743e+01,-1.2570826936441460e+01,-2.1449921872299976e-01
3.6253979721260454e+04,1,1.5000000000000000e+02,5.0323007569977762e-01,-1.3828335983840635e+01,-2.4149103107791109e-01,1.6059212022891927e+01,1.2570468530191132e+01,2.1449276169222958e-01

3.6316811281171627e+04,0,1.5000000000000000e+02,5.1746502575754327e-01,-1.3810876748775287e+01,-2.4119066190480984e-01,-2.4651431989937187e+00,2.0602897701036710e+01,3.6032110815634077e-01
3.6316811281171627e+04,1,1.5000000000000000e+02,4.4542816711454691e-01,-1.3830944949267682e+01,-2.4151895549969812e-01,2.4654509199993235e+00,-2.0604357396564623e+01,-3.6034667709978885e-01

3.6379643048002450e+04,0,1.5000000000000000e+02,5.0369980705161888e-01,-1.3868303876657253e+01,-2.4218871020216301e-01,9.3301042433190151e+00,2.5799303925031886e+01,4.4741768125116022e-01
3.6379643048002450e+04,1,1.5000000000000000e+02,4.6202035443690775e-01,-1.3819183928982865e+01,-2.4131875197901395e-01,-9.3308148846408994e+00,-2.5800218627526306e+01,-4.4743342852803447e-01

3.6442475153048770e+04,0,1.5000000000000000e+02,4.4936671894311725e-01,-1.3860686727407085e+01,-2.4203922103387412e-01,-1.1444238650034741e+01,-1.9225322494142453e+01,-3.3204185053468049e-01
3.6442475153048770e+04,1,1.5000000000000000e+02,5.1994578332797492e-01,-1.3876128946213539e+01,-2.4233022561725395e-01,1.1444239078090824e+01,1.9225313897276941e+01,3.3204170036637981e-01

3.6505307152683366e+04,0,1.5000000000000000e+02,5.0222338562543101e-01,-1.3864574000539442e+01,-2.4212316524520433e-01,-1.3301107831965105e+01,2.1941087242031955e+01,3.8697672715676912e-01
3.6505307152683366e+04,1,1.5000000000000000e+02,4.6695980512565849e-01,-1.3921698957605441e+01,-2.4310939076710700e-01,1.3301881060141596e+01,-2.1941946807585992e+01,-3.8699196419689097e-01

3.6568138974973946e+04,0,1.5000000000000000e+02,5.2048892084289688e-01,-1.3927991142358191e+01,-2.4323551132167348e-01,7.3009054860178608e+00,1.9021059789121935e+01,3.2973917034808342e-01
3.6568138974973946e+04,1,1.5000000000000000e+02,4.4905028590325791e-01,-1.3904064407746830e+01,-2.4279616966658113e-01,-7.3010959253347565e+00,-1.9022541877981475e+01,-3.2976497835294571e-01

3.6630970421836857e+04,0,1.5000000000000000e+02,4.9907279568607610e-01,-1.3958065074353810e+01,-2.4375384980289680e-01,1.5015831227101598e+01,3.9421443321683910e+01,6.8342473508797796e-01
3.6630970421836857e+04,1,1.5000000000000000e+02,4.7435625092510492e-01,-1.3920835857227521e+01,-2.4309658090177613e-01,-1.5016483024212091e+01,-3.9421877659634902e+01,-6.8343211677318239e-01

3.6693802610507009e+04,0,1.5000000000000000e+02,4.5614304285970031e-01,-1.3961959066794503e+01,-2.4380873157617255e-01,1.2147983010436427e+01,-2.5155658499963899e+01,-4.4272745152354986e-01
3.6693802610507009e+04,1,1.5000000000000000e+02,5.1958439430097680e-01,-1.3967097510847768e+01,-2.4391773611259338e-01,-1.2147531754795970e+01,2.5155519179065372e+01,4.4272488256971265e-01

3.6756634437064153e+04,0,1.5000000000000000e+02,4.8732577412057865e-01,-1.3961221095016679e+01,-2.4380535152361207e-01,-2.7900244776001703e+01,-1.9655681371111271e+01,-3.3453960783441600e-01
3.6756634437064153e+04,1,1.5000000000000000e+02,4.8768006362152561e-01,-1.4015931541354275e+01,-2.4476028839767391e-01,2.7900825185429095e+01,1.9654410074145162e+01,3.3451724382993203e-01

3.6819466237115885e+04,0,1.5000000000000000e+02,4.8261229715370196e-01,-1.4034700141526805e+01,-2.4508630186573452e-01,2.5414123528211856e+01,-2.9785237443438046e+01,-5.2756604762597104e-01
3.6819466237115885e+04,1,1.5000000000000000e+02,4.9413576015321847e-01,-1.3987871403076559e+01,-2.4427253811523217e-01,-2.5414678974572123e+01,2.9783998680155062e+01,5.2754459743177373e-01

3.6882297972405038e+04,0,1.5000000000000000e+02,4.8399292656683462e-01,-1.4061448358970294e+01,-2.4555354324931333e-01,3.2534494439830041e+01,1.2648624097963399e+01,2.1083785149852871e-01
3.6882297972405038e+04,1,1.5000000000000000e+02,4.9679368274401597e-01,-1.4009342006855629e+01,-2.4464806154563737e-01,-3.2534862174777402e+01,-1.2648743869600231e+01,-2.1083982977878682e-01

3.6945129607020572e+04,0,1.5000000000000000e+02,4.6524026517305644e-01,-1.4041225626070503e+01,-2.4519489525555752e-01,-3.2949423216135116e+00,-2.7433980255992900e+01,-4.7778522580146954e-01
3.6945129607020572e+04,1,1.5000000000000000e+02,5.1651557837918338e-01,-1.4079672998903103e+01,-2.4588151457960467e-01,3.2956559733021287e+00,2.7433527239969798e+01,4.7777710217864777e-01

3.7007961460631224e+04,0,1.5000000000000000e+02,4.8114237807297433e-01,-1.4086697440299128e+01,-2.4599333218450961e-01,2.2349074204034657e+01,-7.4131110705088133e+01,-1.3005745367479746e+00
3.7007961460631224e+04,1,1.5000000000000000e+02,5.0011301312887124e-01,-1.4081037839218618e+01,-2.4590033760559954e-01,-2.2348827053881799e+01,7.4129630655872973e+01,1.3005486310359937e+00

3.7070793851933617e+04,0,1.5000000000000000e+02,5.1221770581649928e-01,-1.4131879491269322e+01,-2.4679133431457378e-01,1.0068495640147292e+01,2.5516552259275656e+01,4.4225804595216173e-01
3.7070793851933617e+04,1,1.5000000000000000e+02,4.7194966975445762e-01,-1.4081645997389362e+01,-2.4590237199436099e-01,-1.0069210000513328e+01,-2.5517446841868676e+01,-4.4227344095502835e-01

3.7133625562113986e+04,0,1.5000000000000000e+02,4.5728710880703405e-01,-1.4138460519119274e+01,-2.4688945547074345e-01,7.4259846739508610e+00,-1.9532395665630652e+01,-3.4314950702943897e-01
3.7133625562113986e+04,1,1.5000000000000000e+02,5.3042367402916268e-01,-1.4124349868196715e+01,-2.4666547045912010e-01,-7.4260065529975172e+00,1.9532385775280240e+01,3.4314934108254930e-01

3.7196457439693520e+04,0,1.5000000000000000e+02,4.7817574781446981e-01,-1.4129934235685965e+01,-2.4674701472566346e-01,-1.3459015414495532e+01,-2.6366412636918938e+01,-4.5605729083480773e-01
3.7196457439693520e+04,1,1.5000000000000000e+02,5.0955037107973378e-01,-1.4182389617097822e+01,-2.4767204510408147e-01,1.3459794192722356e+01,2.6365617958818596e+01,4.5604318454643999e-01

3.7259289034509515e+04,0,1.5000000000000000e+02,5.0606353656362113e-01,-1.4200447176327874e+01,-2.4798613081876494e-01,3.8312930584339831e+01,-4.0410078756485746e+00,-8.2196690702450836e-02
3.7259289034509515e+04,1,1.5000000000000000e+02,4.8183303802148969e-01,-1.4157875537908900e+01,-2.4723577187555057e-01,-3.8313014420249196e+01,4.0395021299637932e+00,8.2170437354146419e-02

3.7322120737068173e+04,0,1.5000000000000000e+02,5.1149798100798571e-01,-1.4208460882247454e+01,-2.4812764483955552e-01,-1.0137130855157379e+01,5.2611479747846374e+01,9.2128503129156636e-01
3.7322120737068173e+04,1,1.5000000000000000e+02,4.8003215562461909e-01,-1.4196376164682885e+01,-2.4790715191156093e-01,1.0136427444309726e+01,-5.2612057015045423e+01,-9.2129489171303414e-01

3.7384952640982461e+04,0,1.5000000000000000e+02,5.0739204753287748e-01,-1.4225211855438474e+01,-2.4841873888308844e-01,-5.7828483736297898e-01,7.4754097278388016e+01,1.3048150531048863e+00
3.7384952640982461e+04,1,1.5000000000000000e+02,4.8692274503238336e-01,-1.4229517922814354e+01,-2.4848765449826041e-01,5.7856179853111911e-01,-7.4754149105290978e+01,-1.3048160419820602e+00

3.7447784745895908e+04,0,1.5000000000000000e+02,5.1365125202391415e-01,-1.4218063384978365e+01,-2.4829588767349664e-01,-1.7822300265941159e+01,9.9466255018124219e+00,1.7902180980315829e-01
3.7447784745895908e+04,1,1.5000000000000000e+02,4.8017951425448602e-01,-1.4285406091652476e+01,-2.4946098336865674e-01,1.7823012130881530e+01,-9.9476983007724566e+00,-1.7904074958549754e-01

3.7510616517202070e+04,0,1.5000000000000000e+02,5.0093604708821937e-01,-1.4298598641848599e+01,-2.4969754827770682e-01,3.4475086717523553e+01,-1.7778738178244041e+01,-3.2078400998871359e-01
3.7510616517202070e+04,1,1.5000000000000000e+02,4.9383898306265855e-01,-1.4250471307638282e+01,-2.4885544848120736e-01,-3.4475426985420782e+01,1.7777319793181604e+01,3.2075935941175038e-01

3.7573448338683484e+04,0,1.5000000000000000e+02,4.7510729525338569e-01,-1.4299820503598061e+01,-2.4971100445402389e-01,-2.0447520308363480e+01,-3.2997795292722770e+01,-5.6966194772457113e-01
3.7573448338683484e+04,1,1.5000000000000000e+02,5.2360792224370933e-01,-1.4296524001546924e+01,-2.4966824744666918e-01,2.0446919930728782e+01,3.2997450732207056e+01,5.6965611720804887e-01

3.7636280475789092e+04,0,1.5000000000000000e+02,4.6855839025976775e-01,-1.4303762086133192e+01,-2.4977779958017510e-01,-8.0528456024739565e+00,-1.9160618742533522e+01,-3.3194574423249307e-01
3.7636280475789092e+04,1,1.5000000000000000e+02,5.3220578872837898e-01,-1.4342699655833000e+01,-2.5047674296330091e-01,8.0533332469174557e+00,1.9160452624862934e+01,3.3194269652567604e-01

3.7699112072600357e+04,0,1.5000000000000000e+02,5.1746455724746110e-01,-1.4354970953887639e+01,-2.5068641601596225e-01,4.1186072289676005e+01,2.5768163712663767e+01,4.3716983393378395e-01
3.7699112072600357e+04,1,1.5000000000000000e+02,4.8266270903541370e-01,-1.4339527492139661e+01,-2.5040628865707776e-01,-4.1185482447076978e+01,-2.5769424200158081e+01,-4.3719201216042081e-01

3.7761943779130743e+04,0,1.5000000000000000e+02,4.9431125408307758e-01,-1.4362583458970647e+01,-2.5081221932403619e-01,-5.6876247039794457e+01,-5.2497220296014746e+01,-8.9887644979090364e-01
3.7761943779130743e+04,1,1.5000000000000000e+02,5.0742353864238543e-01,-1.4377424321542128e+01,-2.5107522252267289e-01,5.6875740731652165e+01,5.2495928827796618e+01,8.9885406479988195e-01

3.7824775768564796e+04,0,1.5000000000000000e+02,4.7178631184251280e-01,-1.4400501755424697e+01,-2.5146712303468388e-01,-8.8690706125138803e+00,-2.6538892628984648e+01,-4.6046572991560464e-01
3.7824775768564796e+04,1,1.5000000000000000e+02,5.3392812695059277e-01,-1.4387398890693603e+01,-2.5125737695475930e-01,8.8685969297734815e+00,2.6538693816886401e+01,4.6046240446447328e-01

3.7887607606095960e+04,0,1.5000000000000000e+02,4.7761182775634120e-01,-1.4416986432404380e+01,-2.5175659499091008e-01,1.8478223330545806e+01,-3.0933034492952849e+01,-5.4548496490872389e-01
3.7887607606095960e+04,1,1.5000000000000000e+02,5.2958169490277818e-01,-1.4421029103487470e+01,-2.5184298106066805e-01,-1.8477609018684856e+01,3.0932743642181450e+01,5.4547970172232318e-01

3.7950439810738855e+04,0,1.5000000000000000e+02,5.1230557720268732e-01,-1.4414578184396431e+01,-2.5172513415212971e-01,-2.9801481143442572e+01,-8.1728678138638244e+00,-1.3355769945590526e-01
3.7950439810738855e+04,1,1.5000000000000000e+02,4.9428634933514926e-01,-1.4470955534351022e+01,-2.5270356532787275e-01,2.9801950744590734e+01,8.1714982481357907e+00,1.3353365418136240e-01

3.8013271478049508e+04,0,1.5000000000000000e+02,5.2404585987974128e-01,-1.4461557460041996e+01,-2.5254861206664064e-01,-3.3442548024883692e+01,3.2100979977584998e+01,5.7042704971059255e-01
3.8013271478049508e+04,1,1.5000000000000000e+02,4.8462052224753033e-01,-1.4469544798222863e+01,-2.5267600008430019e-01,3.3441948512096531e+01,-3.2102158741121102e+01,-5.7044743934040820e-01

3.8076103094487458e+04,0,1.5000000000000000e+02,4.7351626398685298e-01,-1.4492992073340503e+01,-2.5308182876668051e-01,-1.0116299264705937e+01,-2.4403758935824552e+01,-4.2282256203373736e-01
3.8076103094487458e+04,1,1.5000000000000000e+02,5.3905398302482188e-01,-1.4486417581343861e+01,-2.5298705300512642e-01,1.0115930108501416e+01,2.4403637912795251e+01,4.2282056234681176e-01

3.8138934896453000e+04,0,1.5000000000000000e+02,5.2038714936090813e-01,-1.4507873865697089e+01,-2.5335583030042008e-01,2.6351915488040447e+00,5.7907973826035494e+01,1.0098307291231259e+00
3.8138934896453000e+04,1,1.5000000000000000e+02,4.9329914394197971e-01,-1.4521564773225704e+01,-2.5358651768566859e-01,-2.6345131659168430e+00,-5.7908358694214620e+01,-1.0098376526577693e+00

3.8201767080035672e+04,0,1.5000000000000000e+02,5.3756991321343484e-01,-1.4540116107146540e+01,-2.5392376946621126e-01,1.6470786357123085e+01,2.3781960671264287e+01,4.1003490021736683e-01
3.8201767080035672e+04,1,1.5000000000000000e+02,4.7560463695918792e-01,-1.4536529004224446e+01,-2.5384228922677271e-01,-1.6470399697610329e+01,-2.3783382602546467e+01,-4.1005983413014652e-01

3.8264598960903262e+04,0,1.5000000000000000e+02,5.3373107056654612e-01,-1.4583058022681996e+01,-2.5467203982325365e-01,6.2193402655805983e+00,2.4257877817553144e+01,4.2146372735500853e-01
3.8264598960903262e+04,1,1.5000000000000000e+02,4.8177924691000662e-01,-1.4539244557736355e+01,-2.5389156319132811e-01,-6.2199817564530164e+00,-2.4258985311949836e+01,-4.2148286037912436e-01

3.8327430405078063e+04,0,1.5000000000000000e+02,4.7670187767994104e-01,-1.4585848629857033e+01,-2.5470336969766533e-01,-1.2124287905781785e+01,-2.3409971819137663e+01,-4.0486688597423270e-01
3.8327430405078063e+04,1,1.5000000000000000e+02,5.4262910620537030e-01,-1.4584973245795434e+01,-2.5470817574152504e-01,1.2123977457917583e+01,2.3409883480443721e+01,4.0486543882299542e-01

3.8390262577547532e+04,0,1.5000000000000000e+02,4.9943383771718286e-01,-1.4575073022912035e+01,-2.5452223436145788e-01,-2.1198543745803878e+01,-1.6554066544355521e+00,-2.2433056063019374e-02
3.8390262577547532e+04,1,1.5000000000000000e+02,5.2084948255707242e-01,-1.4645703498040126e+01,-2.5576143003004348e-01,2.1199246321036686e+01,1.6549763243151929e+00,2.2425331738411769e-02

3.8453094508214468e+04,0,1.5000000000000000e+02,5.1991750351920651e-01,-1.4608437954596477e+01,-2.5511077273556731e-01,-3.3120337658402825e+01,-7.8099569709197496e+00,-1.2621299906370687e-01
3.8453094508214468e+04,1,1.5000000000000000e+02,4.9991689960711849e-01,-1.4659428122897328e+01,-2.5599458103522355e-01,3.3120692044497567e+01,7.8085185156599053e+00,1.2618778659932212e-01

3.8515926167632402e+04,0,1.5000000000000000e+02,5.2112746912303642e-01,-1.4692156764470008e+01,-2.5657223605899149e-01,2.1426171232334536e+01,8.4649754652056686e-01,8.2463027202290817e-03
3.8515926167632402e+04,1,1.5000000000000000e+02,5.0111360227244006e-01,-1.4621416155647440e+01,-2.5533154532009023e-01,-2.1426821382159101e+01,-8.4758765930604341e-01,-8.2651297556631809e-03

3.8578758203826932e+04,0,1.5000000000000000e+02,4.7803965426133938e-01,-1.4693924621541898e+01,-2.5658996348984614e-01,4.2538257015443754e+00,-2.0346705026684869e+01,-3.5639482100267023e-01
3.8578758203826932e+04,1,1.5000000000000000e+02,5.4798670909806957e-01,-1.4668193245587119e+01,-2.5616219723211303e-01,-4.2541325829962879e+00,2.0346618382191398e+01,3.5639340233265832e-01

3.8641589762326366e+04,0,1.5000000000000000e+02,4.8795607040346922e-01,-1.4683079119505758e+01,-2.5640370428467968e-01,-7.2800426959763485e+00,-2.3460215771974504e+01,-4.0721948028769445e-01
3.8641589762326366e+04,1,1.5000000000000000e+02,5.3904203211016055e-01,-1.4728973022455998e+01,-2.5722022579620057e-01,7.2807400707663028e+00,2.3459795732852911e+01,4.0721193714981269e-01

3.8704422052747279e+04,0,1.5000000000000000e+02,5.4830327272827961e-01,-1.4719148477015269e+01,-2.5705158515099441e-01,-6.1774128667271810e-01,2.1692861816149371e+01,3.7878082550761799e-01
3.8704422052747279e+04,1,1.5000000000000000e+02,4.7825178665799495e-01,-1.4740057422247665e+01,-2.5739515657455708e-01,6.1812092207539848e-01,-2.1694287362460788e+01,-3.7880582037179972e-01

3.8767253829575828e+04,0,1.5000000000000000e+02,5.1835916060190212e-01,-1.4786127512128985e+01,-2.5821140856510688e-01,2.3719551291705841e+01,-8.2642743058907477e+00,-1.5145722960223357e-01
3.8767253829575828e+04,1,1.5000000000000000e+02,5.1049402751660844e-01,-1.4718777362124834e+01,-2.5703359039541440e-01,-2.3720181077892356e+01,8.2631453757711348e+00,1.5143771890754248e-01

3.8830085863516615e+04,0,1.5000000000000000e+02,4.9103211843217220e-01,-1.4802193567313845e+01,-2.5848347520398779e-01,2.0155149202690680e+01,-9.9375928178172153e+00,-1.7957483025375967e-01
3.8830085863516615e+04,1,1.5000000000000000e+02,5.4162630780318488e-01,-1.4751103156424708e+01,-2.5760723724235962e-01,-2.0155508145923335e+01,9.9374777525534483e+00,1.7957293143303740e-01

3.8892917233041837e+04,0,1.5000000000000000e+02,5.3004250404144715e-01,-1.4795978006972664e+01,-2.5838688259191656e-01,4.6340640322051669e+00,6.0347210405052074e+01,1.0517923549884887e+00
3.8892917233041837e+04,1,1.5000000000000000e+02,5.0378547552705066e-01,-1.4807282339184450e+01,-2.5857617163763791e-01,-4.6334045410700142e+00,-6.0347564739874009e+01,-1.0517987398873152e+00

3.8955748958396987e+04,0,1.5000000000000000e+02,5.0818653474827358e-01,-1.4811533872056582e+01,-2.5865171184938307e-01,-2.5372130541193496e+01,-4.9024096397802261e+01,-8.4785927002579875e-01
3.8955748958396987e+04,1,1.5000000000000000e+02,5.2516243491064740e-01,-1.4839122221582961e+01,-2.5913836635580201e-01,2.5372587331087455e+01,4.9022718079236846e+01,8.4783507589599205e-01

3.9018580917637330e+04,0,1.5000000000000000e+02,5.1084325763782334e-01,-1.4870933625977626e+01,-2.5968918984702782e-01,2.4219563782772163e+01,-3.1384690688798404e+01,-5.5511645355741512e-01
3.9018580917637330e+04,1,1.5000000000000000e+02,5.2451604021720899e-01,-1.4825383490612763e+01,-2.5889839555068916e-01,-2.4220134707790756e+01,3.1383472403034926e+01,5.5509536546076643e-01

3.9081412758778002e+04,0,1.5000000000000000e+02,5.0455145306866789e-01,-1.4902325704054705e+01,-2.6023514049456398e-01,2.5387945254767651e+01,-6.9732411608889322e-02,-8.9510015791624542e-03
3.9081412758778002e+04,1,1.5000000000000000e+02,5.3464941599236682e-01,-1.4842049681689534e+01,-2.5919234768334620e-01,-2.5388403891184559e+01,6.9546176770735713e-02,8.9478910476655238e-03

3.9144244910607260e+04,0,1.5000000000000000e+02,4.9005267554759224e-01,-1.4877753927740230e+01,-2.5980188710217295e-01,-5.6459342366341367e+00,-2.1650248070104450e+01,-3.7612899150241486e-01
3.9144244910607260e+04,1,1.5000000000000000e+02,5.5069740863508776e-01,-1.4916614282657051e+01,-2.6049856819089667e-01,5.6465086508710094e+00,2.1650002622116300e+01,3.7612453285767411e-01

3.9207076739528646e+04,0,1.5000000000000000e+02,5.2173689657418465e-01,-1.4892888050987029e+01,-2.6007566606299437e-01,-2.8118750298588878e+01,-1.6777606860390321e+01,-2.8424371773682566e-01
3.9207076739528646e+04,1,1.5000000000000000e+02,5.1851835422580983e-01,-1.4949301360097182e+01,-2.6105923358816630e-01,2.8119324072590132e+01,1.6776329410877665e+01,2.8422124837716334e-01

3.9269908265906255e+04,0,1.5000000000000000e+02,5.2330052672463423e-01,-1.4970373877053399e+01,-2.6142845656380237e-01,3.0561088415255384e+01,-1.7536578827104290e+01,-3.1536541395543838e-01
3.9269908265906255e+04,1,1.5000000000000000e+02,5.1849520254727155e-01,-1.4917479910489467e+01,-2.6050386570147105e-01,-3.0561541296650951e+01,1.7535238058587307e+01,3.1534215227964746e-01

3.9332740086220321e+04,0,1.5000000000000000e+02,5.2807669887817055e-01,-1.4959324571719652e+01,-2.6123707461332024e-01,-6.4579760826068139e+01,4.2664805505379988e+01,7.6427664554607255e-01
3.9332740086220321e+04,1,1.5000000000000000e+02,5.1752966204274475e-01,-1.4976074821561214e+01,-2.6152619380713787e-01,6.4579176541832396e+01,-4.2665128956043773e+01,-7.6428211254748302e-01

3.9395572218677225e+04,0,1.5000000000000000e+02,5.1453386524556743e-01,-1.4965819785428970e+01,-2.6134630617010035e-01,-3.1424796081336911e+01,8.3096252473984791e+00,1.5459598367227745e-01
3.9395572218677225e+04,1,1.5000000000000000e+02,5.3317512629136354e-01,-1.5019506576357433e+01,-2.6228894860693908e-01,3.1425213345282788e+01,-8.3097435255310401e+00,-1.5459817502405127e-01

3.9458404096847931e+04,0,1.5000000000000000e+02,5.2520574022521538e-01,-1.4983465567000197e+01,-2.6165751856649760e-01,-2.3422498259223875e+01,-1.0555327757385305e+01,-1.7708060670826242e-01
3.9458404096847931e+04,1,1.5000000000000000e+02,5.2211744994928533e-01,-1.5050272716446178e+01,-2.6282252329671474e-01,2.3423196835524362e+01,1.0554228432337107e+01,1.7706120803007885e-01

3.9521235968813970e+04,0,1.5000000000000000e+02,5.5851892024396055e-01,-1.5054655994267645e+01,-2.6291011117228857e-01,8.8450802203746655e+00,1.8445847079777117e+01,3.1922991793709515e-01
3.9521235968813970e+04,1,1.5000000000000000e+02,4.8972112111087968e-01,-1.5024907685441789e+01,-2.6236997352332236e-01,-8.8453328093889887e+00,-1.8447306604966194e+01,-3.1925531321842732e-01

3.9584068074262235e+04,0,1.5000000000000000e+02,5.2855506965229915e-01,-1.5097438399794022e+01,-2.6364763917324269e-01,2.1475588554341524e+01,1.1898388416603098e+01,2.0111333993475033e-01
3.9584068074262235e+04,1,1.5000000000000000e+02,5.2327461209644355e-01,-1.5029020671439536e+01,-2.6245197656945951e-01,-2.1476282863285011e+01,-1.1898934831526688e+01,-2.0112266468218121e-01

3.9646899411344508e+04,0,1.5000000000000000e+02,5.3381927635843063e-01,-1.5096835779550579e+01,-2.6363872569724822e-01,4.4784198369008223e+01,5.7111855023511836e+01,9.8309656635251086e-01
3.9646899411344508e+04,1,1.5000000000000000e+02,5.2078250515313185e-01,-1.5079260629308827e+01,-2.6332802560272323e-01,-4.4784027394040308e+01,-5.7111878474377406e+01,-9.8309702771262408e-01

3.9709731469358216e+04,0,1.5000000000000000e+02,5.1068470021014567e-01,-1.5090774513803042e+01,-2.6352589451730996e-01,-1.0564773079548024e+01,-3.2247384881027841e+01,-5.5957609008898634e-01
3.9709731469358216e+04,1,1.5000000000000000e+02,5.4389737363037283e-01,-1.5134412323923474e+01,-2.6429759698830779e-01,1.0565548763825310e+01,3.2246554701934812e+01,5.5956136516548227e-01

3.9772563235495123e+04,0,1.5000000000000000e+02,5.3709025256216814e-01,-1.5116585818084054e+01,-2.6398440793801126e-01,-4.3252768372017357e+01,-6.4176760775719952e+00,-9.8827675357867018e-02
3.9772563235495123e+04,1,1.5000000000000000e+02,5.1773181418999570e-01,-1.5154876076326982e+01,-2.6464676787036534e-01,4.3252806131840259e+01,6.4161629386446410e+00,9.8801255937819465e-02

3.9835395450628414e+04,0,1.5000000000000000e+02,5.2500238522891196e-01,-1.5194696807861206e+01,-2.6534395036570901e-01,2.0383516518820912e+01,-8.9714478837456610e+00,-1.6278284438669821e-01
3.9835395450628414e+04,1,1.5000000000000000e+02,5.3286963356556727e-01,-1.5122998849442109e+01,-2.6409504507730575e-01,-2.0384235918750349e+01,8.9705908152675917e+00,1.6276810563058308e-01

3.9898226754292642e+04,0,1.5000000000000000e+02,5.4065940956525460e-01,-1.5183612545588751e+01,-2.6515527300806152e-01,-5.6228400010816628e+00,7.6557824242316514e+01,1.3378311666051617e+00
3.9898226754292642e+04,1,1.5000000000000000e+02,5.2061684027896371e-01,-1.5183086622490380e+01,-2.6513998875854333e-01,5.6226844021493392e+00,-7.6557856434102007e+01,-1.3378316810303557e+00

3.9961058803578890e+04,0,1.5000000000000000e+02,5.4547068742649030e-01,-1.5193670707301093e+01,-2.6533227785759367e-01,-8.0712804581124828e+00,4.4810525240185875e+01,7.8451027664755335e-01
3.9961058803578890e+04,1,1.5000000000000000e+02,5.1651587647586938e-01,-1.5222704027990380e+01,-2.6583015858266640e-01,8.0720087826057210e+00,-4.4811015531223923e+01,-7.8451905527907773e-01

4.0023891049065533e+04,0,1.5000000000000000e+02,5.5586648830622110e-01,-1.5206691454658126e+01,-2.6556268818123463e-01,-2.1077309783037229e+01,9.5168161960083939e+00,1.7251218607772484e-01
4.0023891049065533e+04,1,1.5000000000000000e+02,5.0584014172313374e-01,-1.5256784705154001e+01,-2.6642169627797646e-01,2.1077694218602467e+01,-9.5182387742334509e+00,-1.7253713060435028e-01

4.0086722594385290e+04,0,1.5000000000000000e+02,5.3744031733694198e-01,-1.5286883073614757e+01,-2.6695661174159258e-01,2.5211535188733674e+01,-8.5183492734773729e+00,-1.5634595657671446e-01
4.0086722594385290e+04,1,1.5000000000000000e+02,5.2639851615386513e-01,-1.5222390664399031e+01,-2.6582770030804143e-01,-2.5212116450688011e+01,8.5171453414945866e+00,1.5632512213633576e-01

4.0149554504739106e+04,0,1.5000000000000000e+02,5.0257144850550350e-01,-1.5296283007963535e+01,-2.6711004106287156e-01,4.2912383965836192e+00,-2.2112122393779636e+01,-3.8721699956141076e-01
4.0149554504739106e+04,1,1.5000000000000000e+02,5.6500189068061890e-01,-1.5260992343294321e+01,-2.6651315240581025e-01,-4.2917343355495881e+00,2.2111902089777367e+01,3.8721330580407209e-01

4.0212385998473721e+04,0,1.5000000000000000e+02,5.0209693335676919e-01,-1.5295080306884888e+01,-2.6708890653670575e-01,5.0998452229192033e+00,-2.4837685574636591e+01,-4.3503096419928333e-01
4.0212385998473721e+04,1,1.5000000000000000e+02,5.6726179902669238e-01,-1.5312075853693226e+01,-2.6740537108872908e-01,-5.0993578509487349e+00,2.4837518802891093e+01,4.3502790515957690e-01

4.0275218424798622e+04,0,1.5000000000000000e+02,5.4761255919960694e-01,-1.5293207612801838e+01,-2.6707008913524799e-01,-2.0885483698935658e+01,3.4828062680105667e+00,6.7145755836651944e-02
4.0275218424798622e+04,1,1.5000000000000000e+02,5.2140580781992196e-01,-1.5362181283034872e+01,-2.6826586222311899e-01,2.0886166825195588e+01,-3.4839342105066144e+00,-6.7165649252025950e-02

4.0338049722792966e+04,0,1.5000000000000000e+02,5.6976393983773410e-01,-1.5364491536774993e+01,-2.6832091324212348e-01,8.2054693595609436e+00,1.8758208052506752e+01,3.2487621509288811e-01
4.0338049722792966e+04,1,1.5000000000000000e+02,5.0021952646205037e-01,-1.5336796492844170e+01,-2.6781638256336315e-01,-8.2057042268572005e+00,-1.8759674167636263e+01,-3.2490173078334939e-01

4.0400881655532910e+04,0,1.5000000000000000e+02,5.5290956731036234e-01,-1.5380175798107356e+01,-2.6858950700202461e-01,-1.0637484642143459e+01,5.1319202289198600e+01,8.9888410407573183e-01
4.0400881655532910e+04,1,1.5000000000000000e+02,5.2052932062434676e-01,-1.5367937486857718e+01,-2.6836605493179205e-01,1.0636773620933958e+01,-5.1319817131591250e+01,-8.9889461795616876e-01

4.0463713863235913e+04,0,1.5000000000000000e+02,5.1106086481016688e-01,-1.5414089950622815e+01,-2.6916864213356284e-01,2.4940818862559542e+01,-1.4140109626248432e+01,-2.5437673404733308e-01
4.0463713863235913e+04,1,1.5000000000000000e+02,5.6531950043129919e-01,-1.5383436970985988e+01,-2.6865020283954938e-01,-2.4940769472572274e+01,1.4140100067290149e+01,2.5437655217326960e-01

4.0526545423614625e+04,0,1.5000000000000000e+02,5.1907770958515687e-01,-1.5398182666131561e+01,-2.6889346397801117e-01,-1.0703925651939398e+01,-2.5715491202153629e+01,-4.4553643635046380e-01
4.0526545423614625e+04,1,1.5000000000000000e+02,5.5762301205319409e-01,-1.5448677207711475e+01,-2.6978645740748175e-01,1.0704696916258579e+01,2.5714835111369524e+01,4.4552475103372802e-01

4.0589377194602035e+04,0,1.5000000000000000e+02,5.4885724088327770e-01,-1.5462224088584792e+01,-2.7002021277484328e-01,4.9303095202719007e+01,5.3323886468552217e-01,-5.7130431024893236e-03
4.0589377194602035e+04,1,1.5000000000000000e+02,5.2780094665937993e-01,-1.5431389026523391e+01,-2.6947565229943177e-01,-4.9302834233860523e+01,-5.3471441978661716e-01,5.6872116142309137e-03

4.0652208948783889e+04,0,1.5000000000000000e+02,5.6460255842644402e-01,-1.5476163435736828e+01,-2.7026828450819240e-01,-1.2959254932767941e+01,3.3852221963197827e+01,5.9475055180258685e-01
4.0652208948783889e+04,1,1.5000000000000000e+02,5.1447386147049168e-01,-1.5463399783891322e+01,-2.7003025721862028e-01,1.2958620528537544e+01,-3.3853341474799414e+01,-5.9476989671504055e-01

4.0715040806780460e+04,0,1.5000000000000000e+02,5.4819344800284908e-01,-1.5511744638111621e+01,-2.7088426339759969e-01,2.7735040969810811e+01,3.9575282603587766e+01,6.8223491109490730e-01
4.0715040806780460e+04,1,1.5000000000000000e+02,5.3452633930047100e-01,-1.5476029309125600e+01,-2.7025678150925764e-01,-2.7735489094981205e+01,-3.9575460694290641e+01,-6.8223788269375341e-01

4.0777873064248182e+04,0,1.5000000000000000e+02,5.1898112138102614e-01,-1.5490601251577827e+01,-2.7050636142075674e-01,-1.9564353912562488e+01,-9.2265895718673221e+00,-1.5506624551287929e-01
4.0777873064248182e+04,1,1.5000000000000000e+02,5.6540086959349856e-01,-1.5546995519013581e+01,-2.7150471807891352e-01,1.9564861916878748e+01,9.2264060141957174e+00,1.5506288723394424e-01

4.0840704569215799e+04,0,1.5000000000000000e+02,5.5359698085707820e-01,-1.5551542163606980e+01,-2.7158047214609227e-01,5.4371721471663939e+01,2.5591008050119825e+01,4.3006125883732382e-01
4.0840704569215799e+04,1,1.5000000000000000e+02,5.3049948915731171e-01,-1.5534250706325308e+01,-2.7127165835002370e-01,-5.4371034154179277e+01,-2.5592127940799330e+01,-4.3008101300507739e-01

4.0903536487111174e+04,0,1.5000000000000000e+02,5.5153356830433620e-01,-1.5588687587539411e+01,-2.7222812062380169e-01,3.7240138844596011e+01,-9.2341544484235243e+00,-1.7250278774602201e-01
4.0903536487111174e+04,1,1.5000000000000000e+02,5.3348347607848778e-01,-1.5543088452685518e+01,-2.7142680733736280e-01,-3.7240330765651485e+01,9.2326739921089285e+00,1.7247700868539095e-01

4.0966368283795040e+04,0,1.5000000000000000e+02,5.4680428609460163e-01,-1.5625895910835782e+01,-2.7287605473477528e-01,2.0460450803999557e+01,6.0128854370338907e+00,9.8706394194665648e-02
4.0966368283795040e+04,1,1.5000000000000000e+02,5.4152785671915360e-01,-1.5552594398730065e+01,-2.7159515957913460e-01,-2.0461173136696125e+01,-6.0135805674135732e+00,-9.8718305847238175e-02

4.1029200312677276e+04,0,1.5000000000000000e+02,5.0989193474583472e-01,-1.5609945740176336e+01,-2.7258644118965819e-01,-8.8609098267031534e+00,-2.0413414760064949e+01,-3.5356388656476972e-01
4.1029200312677276e+04,1,1.5000000000000000e+02,5.8153496435036944e-01,-1.5617735590877498e+01,-2.7274421765351081e-01,8.8608422614971794e+00,2.0413399465591372e+01,3.5356364022103975e-01

4.1092032325127751e+04,0,1.5000000000000000e+02,5.3100898938402685e-01,-1.5604496801956152e+01,-2.7249777708297662e-01,-1.7990261052872292e+01,-1.0141842056936682e+01,-1.7151912433429617e-01
4.1092032325127751e+04,1,1.5000000000000000e+02,5.6106206244249168e-01,-1.5672682040568057e+01,-2.7369692873479290e-01,1.7990995516652951e+01,1.0141334361844685e+01,1.7151004009058324e-01

4.1154863916709379e+04,0,1.5000000000000000e+02,5.3912801258129284e-01,-1.5646346928073740e+01,-2.7323063584020219e-01,-2.9674882343140514e+01,-4.3371507798506713e+01,-7.4789723663211261e-01
4.1154863916709379e+04,1,1.5000000000000000e+02,5.5276228132488225e-01,-1.5678019118765874e+01,-2.7378754523162824e-01,2.9675312804035617e+01,4.3370112618987591e+01,7.4787275625871574e-01

4.1217695952541857e+04,0,1.5000000000000000e+02,5.7693562619171701e-01,-1.5691465212278255e+01,-2.7402957594512473e-01,-9.8038518833210873e+00,2.7546190258959129e+01,4.8373388393997185e-01
4.1217695952541857e+04,1,1.5000000000000000e+02,5.1682972799466043e-01,-1.5678781057314842e+01,-2.7378989668377163e-01,9.8033527122091613e+00,-2.7547488641607316e+01,-4.8375639177874152e-01

4.1280527763433274e+04,0,1.5000000000000000e+02,5.5930313092088135e-01,-1.5728368034668593e+01,-2.7466824759065006e-01,1.8559163697565641e+01,3.8091275526727571e+01,6.5913069046634387e-01
4.1280527763433274e+04,1,1.5000000000000000e+02,5.3806552612990843e-01,-1.5689451154448372e+01,-2.7398258470681869e-01,-1.8559781771238914e+01,-3.8091649983677641e+01,-6.5913703735661677e-01

4.1343359534409065e+04,0,1.5000000000000000e+02,5.2506987969940899e-01,-1.5711637056473426e+01,-2.7436582321810271e-01,-2.4164125005212625e+01,-9.3521177374883671e+00,-1.5585577250374305e-01
4.1343359534409065e+04,1,1.5000000000000000e+02,5.7466509752136419e-01,-1.5755814658857973e+01,-2.7515193702497975e-01,2.4164373553523760e+01,9.3520747887417706e+00,1.5585494722775239e-01

4.1406191342474034e+04,0,1.5000000000000000e+02,5.6820095345454658e-01,-1.5753671499846920e+01,-2.7511256457883126e-01,1.6691142261669654e+01,4.5979315271200427e+01,7.9736502684906663e-01
4.1406191342474034e+04,1,1.5000000000000000e+02,5.3162164202658146e-01,-1.5762705250758971e+01,-2.7525908200994942e-01,-1.6690364970460138e+01,-4.5980117207803637e+01,-7.9737925936181586e-01

4.1469023615349579e+04,0,1.5000000000000000e+02,5.8559978174027261e-01,-1.5783873109168338e+01,-2.7564495561757307e-01,8.8445574966344118e+00,2.0921619871799003e+01,3.6243827018391039e-01
4.1469023615349579e+04,1,1.5000000000000000e+02,5.1444326946820629e-01,-1.5779064146491905e+01,-2.7553935103224803e-01,-8.8443845200164368e+00,-2.0923118224221760e+01,-3.6246447273442117e-01

4.1531855301628879e+04,0,1.5000000000000000e+02,5.7529268227938324e-01,-1.5810121361750365e+01,-2.7609991092976549e-01,-1.4501378864696452e+01,3.5272186334039745e+01,6.2000212880333017e-01
4.1531855301628879e+04,1,1.5000000000000000e+02,5.2727877952205271e-01,-1.5798921166683346e+01,-2.7588981395920548e-01,1.4500728863382875e+01,-3.5273274918253563e+01,-6.2002092920644980e-01

4.1594687079711708e+04,0,1.5000000000000000e+02,5.3563748970264435e-01,-1.5858646061786551e+01,-2.7693470346482846e-01,2.3748444661779416e+01,-3.0232119987222283e+00,-5.9996881937610214e-02
4.1594687079711708e+04,1,1.5000000000000000e+02,5.7047886085514388e-01,-1.5798604770114741e+01,-2.7589745226726015e-01,-2.3748909245934783e+01,3.0230197950913826e+00,5.9993669048636011e-02

4.1657518954851163e+04,0,1.5000000000000000e+02,5.3293028425934219e-01,-1.5862466390997239e+01,-2.7700055272297175e-01,3.5134877533001742e+01,-2.1407973773295208e+01,-3.8432389865185307e-01
4.1657518954851163e+04,1,1.5000000000000000e+02,5.7497400642265262e-01,-1.5844506491638256e+01,-2.7669991716049286e-01,-3.5134431149498710e+01,2.1407836157796329e+01,3.8432136094643315e-01

4.1720350501192333e+04,0,1.5000000000000000e+02,5.7651189245280765e-01,-1.5853498427427757e+01,-2.7685731659477403e-01,-8.7555513260491722e+00,2.4474599459766985e+01,4.2980788607435616e-01
4.1720350501192333e+04,1,1.5000000000000000e+02,5.3127086425564418e-01,-1.5901909378025683e+01,-2.7768842227531482e-01,8.7562914961736240e+00,-2.4475596902672585e+01,-4.2982551933435587e-01

4.1783182569045130e+04,0,1.5000000000000000e+02,5.7821175947063042e-01,-1.5918862802062165e+01,-2.7799860009191701e-01,2.8183465087415826e+01,1.0720870187157239e+01,1.7851937336847606e-01
4.1783182569045130e+04,1,1.5000000000000000e+02,5.3017195325485977e-01,-1.5882811803934406e+01,-2.7735478891501442e-01,-2.8183470415964202e+01,-1.0722382168930608e+01,-1.7854575946661261e-01

4.1846014704200519e+04,0,1.5000000000000000e+02,5.6816691775205619e-01,-1.5958884722755110e+01,-2.7869401895425994e-01,1.8426542533709181e+01,9.8178116787842846e+00,1.6573110878448277e-01
4.1846014704200519e+04,1,1.5000000000000000e+02,5.4308454061908373e-01,-1.5889157192728513e+01,-2.7746946484330709e-01,-1.8427246069433302e+01,-9.8187510934853499e+00,-1.6574728951224510e-01

4.1908846154550047e+04,0,1.5000000000000000e+02,5.6191438391821324e-01,-1.5938804289889720e+01,-2.7834166237989111e-01,-5.8420772542239561e+01,4.5895523869473905e+01,8.1878422512422189e-01
4.1908846154550047e+04,1,1.5000000000000000e+02,5.5273674581542365e-01,-1.5957793264355329e+01,-2.7867026986963900e-01,5.8420421243324157e+01,-4.5895636045602814e+01,-8.1878607585146712e-01

4.1971678020924861e+04,0,1.5000000000000000e+02,5.5352716084301068e-01,-1.5985114488849748e+01,-2.7914733180522572e-01,6.5222214510479205e+01,3.4862332341526496e+00,4.0974327465627125e-02
4.1971678020924861e+04,1,1.5000000000000000e+02,5.6258931637973686e-01,-1.5961161549406780e+01,-2.7873205600136725e-01,-6.5221675382295359e+01,-3.4864449418173749e+00,-4.0978186511137604e-02

4.2034509892547838e+04,0,1.5000000000000000e+02,5.8394147515766803e-01,-1.5983933958314639e+01,-2.7913599394227023e-01,3.3013816207985194e+00,3.1174516213514124e+01,5.4306461799309469e-01
4.2034509892547838e+04,1,1.5000000000000000e+02,5.3201877542866971e-01,-1.6010504994163423e+01,-2.7958390509713643e-01,-3.3006786378991286e+00,-3.1175605053441686e+01,-5.4308383502295832e-01

4.2097341569887998e+04,0,1.5000000000000000e+02,5.7925030623572615e-01,-1.6004375396589484e+01,-2.7949131718100267e-01,-3.3936138013848442e+01,1.0767299104248849e+01,1.9825334408066639e-01
4.2097341569887998e+04,1,1.5000000000000000e+02,5.3751836827845301e-01,-1.6036245601916441e+01,-2.8003481603661534e-01,3.3936053451550499e+01,-1.0768803419301683e+01,-1.9827957223886714e-01

4.2160173665923758e+04,0,1.5000000000000000e+02,5.8080456676106595e-01,-1.6052815423757821e+01,-2.8033718572986999e-01,-8.2968585493848792e+00,4.0228035236148607e+01,7.0460351711116642e-01
4.2160173665923758e+04,1,1.5000000000000000e+02,5.3893497474547791e-01,-1.6034313435625347e+01,-2.8000152665816513e-01,8.2961433195450098e+00,-4.0228916691227404e+01,-7.0461868274184303e-01

4.2223005578489589e+04,0,1.5000000000000000e+02,5.3633179684237264e-01,-1.6059762127873665e+01,-2.8044487459294976e-01,-2.8092828755930679e+01,-2.1317374386472462e+01,-3.6348148227003535e-01
4.2223005578489589e+04,1,1.5000000000000000e+02,5.8672431413370740e-01,-1.6076016611400707e+01,-2.8074390566419311e-01,2.8092510612753561e+01,2.1317280963303578e+01,3.6347994872698525e-01

4.2285837366822285e+04,0,1.5000000000000000e+02,5.4025854429661502e-01,-1.6097993991935343e+01,-2.8111330886782027e-01,3.1381869070222738e+01,-2.7285634519123473e+01,-4.8575993306388110e-01
4.2285837366822285e+04,1,1.5000000000000000e+02,5.8419818501380905e-01,-1.6087418723899749e+01,-2.8094213045174005e-01,-3.1381316398337997e+01,2.7285410064642196e+01,4.8575584743008393e-01

4.2348669084263442e+04,0,1.5000000000000000e+02,5.5050815307102074e-01,-1.6096784155293527e+01,-2.8109531670281834e-01,-1.6684222890375601e+01,-3.7044353905046783e+01,-6.4143055745571020e-01
4.2348669084263442e+04,1,1.5000000000000000e+02,5.7382383885457378e-01,-1.6136764906558266e+01,-2.8180017974834065e-01,1.6684926219066455e+01,3.7043265921126611e+01,6.4141135526023874e-01

4.2411500956731557e+04,0,1.5000000000000000e+02,5.8406168030608785e-01,-1.6159955278225205e+01,-2.8220802634571873e-01,3.0065566196421877e+01,7.5392591836719944e+00,1.2241925510436635e-01
4.2411500956731557e+04,1,1.5000000000000000e+02,5.4107035877729914e-01,-1.6119821297226306e+01,-2.8149449522676512e-01,-3.0065628250532065e+01,-7.5407664267777506e+00,-1.2244554122051599e-01

4.2474332677656945e+04,0,1.5000000000000000e+02,5.7723697574355082e-01,-1.6157804243029375e+01,-2.8216840659524184e-01,-4.6083842150748524e+01,3.9307983471670035e+01,7.0005755789562318e-01
4.2474332677656945e+04,1,1.5000000000000000e+02,5.5078499627461897e-01,-1.6168452417500085e+01,-2.8234618472089063e-01,4.6083134989708697e+01,-3.9308906219193396e+01,-7.0007344663651505e-01

4.2537164633071407e+04,0,1.5000000000000000e+02,5.6206770130071104e-01,-1.6174465120665655e+01,-2.8245455796259378e-01,-6.2268704432541192e+01,1.0938724789969555e+01,2.0987616648954877e-01
4.2537164633071407e+04,1,1.5000000000000000e+02,5.6929103295930461e-01,-1.6200311914299899e+01,-2.8290784717460254e-01,6.2268332600524481e+01,-1.0938849087504749e+01,-2.0987822250897126e-01

4.2599996694969770e+04,0,1.5000000000000000e+02,5.3495444388226054e-01,-1.6192910231996926e+01,-2.8276820997008323e-01,-8.0071761040416618e+00,-1.9386947127630719e+01,-3.3590963161957738e-01
4.2599996694969770e+04,1,1.5000000000000000e+02,5.9798207400191317e-01,-1.6231482690601318e+01,-2.8346059248419442e-01,8.0076665726514520e+00,1.9386777121470743e+01,3.3590651518966957e-01

4.2662828347295464e+04,0,1.5000000000000000e+02,5.8894280036858959e-01,-1.6212260099185489e+01,-2.8312235836423461e-01,-8.7429642070335909e+00,2.4654173816776325e+01,4.3293805628858983e-01
4.2662828347295464e+04,1,1.5000000000000000e+02,5.4395564877442659e-01,-1.6260476848808995e+01,-2.8395015210959540e-01,8.7437058146351525e+00,-2.4655166054100999e+01,-4.3295559913641657e-01

4.2725660634787411e+04,0,1.5000000000000000e+02,6.0265682687783961e-01,-1.6252217654882003e+01,-2.8382389162952987e-01,-8.5599014047322264e+00,1.9559190539481570e+01,3.4396257039413108e-01
4.2725660634787411e+04,1,1.5000000000000000e+02,5.3083534571071256e-01,-1.6266924423944516e+01,-2.8405868095501124e-01,8.5599615053740727e+00,-1.9560702186005244e+01,-3.4398897057286620e-01

4.2788492131216313e+04,0,1.5000000000000000e+02,5.6603063489634797e-01,-1.6272982643480955e+01,-2.8417513312289111e-01,-7.4084622744268529e+01,-2.1224471891715375e+01,-3.4784949692414224e-01
4.2788492131216313e+04,1,1.5000000000000000e+02,5.7007730426522185e-01,-1.6292476889509061e+01,-2.8451658737634650e-01,7.4083960231656448e+01,2.1223413334225931e+01,3.4783122437141312e-01

4.2851324076631121e+04,0,1.5000000000000000e+02,5.7795499084186497e-01,-1.6324334763720493e+01,-2.8507498375518625e-01,2.4458259205501864e+01,4.1067173016953781e+01,7.0927020444459243e-01
4.2851324076631121e+04,1,1.5000000000000000e+02,5.6156104016638919e-01,-1.6289287421979814e+01,-2.8445832916598407e-01,-2.4458758428120962e+01,-4.1067397534265716e+01,-7.0927397073235565e-01

4.2914155741596223e+04,0,1.5000000000000000e+02,5.7843270868842012e-01,-1.6319345581020247e+01,-2.8498805603827609e-01,-2.9869017490796658e+01,5.1994234466301442e+01,9.1652359747308620e-01
4.2914155741596223e+04,1,1.5000000000000000e+02,5.6306700938807364e-01,-1.6343831157814748e+01,-2.8541070737890351e-01,2.9869351133738299e+01,-5.1994310011694630e+01,-9.1652501756059757e-01

4.2976987952514042e+04,0,1.5000000000000000e+02,5.5527578948606526e-01,-1.6329883916371969e+01,-2.8516492099485197e-01,-1.3641234395862885e+01,-2.6312332705437875e+01,-4.5505795597799181e-01
4.2976987952514042e+04,1,1.5000000000000000e+02,5.8640641769889412e-01,-1.6382036321294567e+01,-2.8608458937553854e-01,1.3642011694498297e+01,2.6311539600525713e+01,4.5504387759776155e-01

4.3039819738591657e+04,0,1.5000000000000000e+02,5.9639523343980794e-01,-1.6356930949395451e+01,-2.8564948314844224e-01,-2.2868697425274984e+01,9.9327493102036932e+00,1.8031693544621230e-01
4.3039819738591657e+04,1,1.5000000000000000e+02,5.4555565085478575e-01,-1.6401775121383714e+01,-2.8641663445518772e-01,2.2868975979065052e+01,-9.9342181364227180e+00,-1.8034265485511058e-01

4.3102651484317859e+04,0,1.5000000000000000e+02,5.7772828840319357e-01,-1.6390903225192197e+01,-2.8623669454161982e-01,-6.5072139628506051e+01,2.7260631465959015e+00,6.7399476141707548e-02
4.3102651484317859e+04,1,1.5000000000000000e+02,5.6632368702600644e-01,-1.6413939889349201e+01,-2.8663526555072477e-01,6.5071607435290559e+01,-2.7273260817118832e+00,-6.7421355274748407e-02

4.3165483639917038e+04,0,1.5000000000000000e+02,5.7353115336585270e-01,-1.6459150522507862e+01,-2.8742649552029842e-01,2.3297660676669732e+01,1.1930639763580896e+01,2.0112114043639628e-01
4.3165483639917038e+04,1,1.5000000000000000e+02,5.7390743341644435e-01,-1.6393266211482295e+01,-2.8627677037375937e-01,-2.3298312548343862e+01,-1.1931078373728489e+01,-2.0112859665733862e-01

4.3228315015736014e+04,0,1.5000000000000000e+02,5.3914952368732960e-01,-1.6456414117535985e+01,-2.8736826489254641e-01,8.7327517801302506e+00,-1.9991301317690485e+01,-3.5155659923156213e-01
4.3228315015736014e+04,1,1.5000000000000000e+02,6.1085207351102144e-01,-1.6445300956947381e+01,-2.8719615645233226e-01,-8.7326926918003451e+00,1.9991290652185775e+01,3.5155639509254555e-01

4.3291146887915864e+04,0,1.5000000000000000e+02,5.7526387956866964e-01,-1.6485593989399351e+01,-2.8788852549879723e-01,7.5582115672005699e+01,9.7491697598102363e+00,1.4712167452625868e-01
4.3291146887915864e+04,1,1.5000000000000000e+02,5.7540631440235224e-01,-1.6465334202342728e+01,-2.8753498685109979e-01,-7.5581387391630898e+01,-9.7496644355700184e+00,-1.4713052966688589e-01

4.3353978909383164e+04,0,1.5000000000000000e+02,5.7820858611953330e-01,-1.6471147696705373e+01,-2.8763729998364912e-01,-2.8856429872181028e+01,-1.5350406113449164e+01,-2.5911090875156079e-01
4.3353978909383164e+04,1,1.5000000000000000e+02,5.7246641089549111e-01,-1.6527234982715409e+01,-2.8861440883957712e-01,2.8856981587727784e+01,1.5349107811005172e+01,2.5908808217892593e-01

4.3416810480728884e+04,0,1.5000000000000000e+02,5.9891947267211076e-01,-1.6510985915453634e+01,-2.8833888199313090e-01,-3.2201973421291264e+01,1.7538025210474828e+01,3.1589052438816523e-01
4.3416810480728884e+04,1,1.5000000000000000e+02,5.5309580557172222e-01,-1.6533549978099558e+01,-2.8871871978902114e-01,3.2201721200560364e+01,-1.7539483773838626e+01,-3.1591590299421746e-01

4.3479642637113720e+04,0,1.5000000000000000e+02,5.6977998684032616e-01,-1.6580373735238002e+01,-2.8954098958236213e-01,1.9398939541207930e+01,-1.1904495801339657e+01,-2.1367165421925488e-01
4.3479642637113720e+04,1,1.5000000000000000e+02,5.8529101277227513e-01,-1.6511004865365408e+01,-2.8833506103999340e-01,-1.9399663412561203e+01,1.1903702549617527e+01,2.1365803058282878e-01

4.3542474314925974e+04,0,1.5000000000000000e+02,5.5689356946435098e-01,-1.6559848094803922e+01,-2.8917884213055323e-01,-3.3311090176176684e+01,-1.9186680887468512e+01,-3.2470609925404742e-01
4.3542474314925974e+04,1,1.5000000000000000e+02,6.0130723713595458e-01,-1.6580203949559884e+01,-2.8954763064518535e-01,3.3310776212611593e+01,1.9186589205221942e+01,3.2470459482231023e-01

4.3605306355578345e+04,0,1.5000000000000000e+02,5.5510602634184636e-01,-1.6567841643487810e+01,-2.8931780423502179e-01,-1.8473127688008297e+01,-1.0814839804886500e+01,-1.8311745749425046e-01
4.3605306355578345e+04,1,1.5000000000000000e+02,6.0460251397937936e-01,-1.6621703341567862e+01,-2.9027289873949974e-01,1.8473619350657152e+01,1.0814668511691512e+01,1.8311431823954638e-01

4.3668137916068627e+04,0,1.5000000000000000e+02,5.6416261860401828e-01,-1.6613324480298136e+01,-2.9011434811111952e-01,1.1172282247072147e+01,-5.2604939687616856e+01,-9.2148623266518870e-01
4.3668137916068627e+04,1,1.5000000000000000e+02,5.9564132272771109e-01,-1.6624594546815743e+01,-2.9032062734125413e-01,-1.1171524256741961e+01,5.2604007388486060e+01,9.2146973089355377e-01

4.3730969772092343e+04,0,1.5000000000000000e+02,5.8842193745678972e-01,-1.6620882666072315e+01,-2.9025364681259624e-01,-3.9673363915190528e+01,-1.0131767517786791e+01,-1.6473791302214069e-01
4.3730969772092343e+04,1,1.5000000000000000e+02,5.7188789732959688e-01,-1.6663672441523520e+01,-2.9099539455262924e-01,3.9673549847739217e+01,1.0130272448536559e+01,1.6471176382535313e-01

4.3793801690349224e+04,0,1.5000000000000000e+02,5.7561387922177321e-01,-1.6689217892928273e+01,-2.9144235918907269e-01,2.5275670615759825e+01,-2.8850122046643232e+01,-5.1120385636445609e-01
4.3793801690349224e+04,1,1.5000000000000000e+02,5.8693272052958356e-01,-1.6641601064717772e+01,-2.9061477904129024e-01,-2.5276235514204483e+01,2.8848898088541748e+01,5.1118266743746577e-01

4.3856633623033646e+04,0,1.5000000000000000e+02,5.9519643139987821e-01,-1.6707578987132361e+01,-2.9176876993801854e-01,1.5170863927773143e+01,3.9678625141490315e+01,6.8786594865127304e-01
4.3856633623033646e+04,1,1.5000000000000000e+02,5.7066431712661148e-01,-1.6670888847900411e+01,-2.9112096542698490e-01,-1.5171512525286198e+01,-3.9679057354103335e+01,-6.8787329421662324e-01

4.3919465375961387e+04,0,1.5000000000000000e+02,5.7473430560221939e-01,-1.6732784534960775e+01,-2.9220243394437467e-01,4.3641648804620559e+01,6.5254119715854522e+00,1.0058946016833822e-01
4.3919465375961387e+04,1,1.5000000000000000e+02,5.9367587733538385e-01,-1.6694894208510867e+01,-2.9154692679294669e-01,-4.3641627130571777e+01,-6.5254221330600188e+00,-1.0058964411231033e-01

4.3982297399465249e+04,0,1.5000000000000000e+02,5.8202798877903927e-01,-1.6704945694752112e+01,-2.9171880106201453e-01,-2.3543975329634485e+01,9.1738127795488431e+00,1.6727737851841412e-01
4.3982297399465249e+04,1,1.5000000000000000e+02,5.8720765198345670e-01,-1.6771952139871814e+01,-2.9288980267190523e-01,2.3544670571132279e+01,-9.1742318112438106e+00,-1.6728490342264163e-01

4.4045129053987090e+04,0,1.5000000000000000e+02,5.8913423861568359e-01,-1.6773359332378071e+01,-2.9291494844912913e-01,6.8428233287174308e+01,1.7444869726991215e+00,9.6000050065793152e-03
4.4045129053987090e+04,1,1.5000000000000000e+02,5.8015276410504812e-01,-1.6751234268546000e+01,-2.9252607679013198e-01,-6.8427598826546316e+01,-1.7456886959342910e+00,-9.6211712458443843e-03

4.4107961372680918e+04,0,1.5000000000000000e+02,6.1302648356226130e-01,-1.6803444882142106e+01,-2.9344729203574194e-01,2.2311439458836368e+01,1.3057250684131617e+01,2.2108364753688331e-01
4.4107961372680918e+04,1,1.5000000000000000e+02,5.5730968058801178e-01,-1.6767477280384742e+01,-2.9280259766044531e-01,-2.2311525561541622e+01,-1.3058754200886384e+01,-2.2110986129194693e-01

4.4170792818242793e+04,0,1.5000000000000000e+02,6.0982176438274549e-01,-1.6830915944748739e+01,-2.9392575190149967e-01,6.8806661390915078e+00,2.6287083154024106e+01,4.5667678200681394e-01
4.4170792818242793e+04,1,1.5000000000000000e+02,5.6322178716374061e-01,-1.6786590644801183e+01,-2.9313797286551690e-01,-6.8813499863451018e+00,-2.6288087580265209e+01,-4.5669410333874538e-01

4.4233625009942152e+04,0,1.5000000000000000e+02,5.7715528169818731e-01,-1.6864211177945826e+01,-2.9449688252999745e-01,2.5520193308644565e+01,3.2578504086874496e+00,4.9083039126070260e-02
4.4233625009942152e+04,1,1.5000000000000000e+02,5.9913058546356368e-01,-1.6801454571316377e+01,-2.9340832312487569e-01,-2.5520714326868571e+01,-3.2580977403303031e+00,-4.9087196938144562e-02

4.4296456752123675e+04,0,1.5000000000000000e+02,5.8340454280714316e-01,-1.6872996081635957e+01,-2.9465210393645003e-01,5.3245145232628062e+01,1.0288666150580852e+01,1.6334176072225781e-01
4.4296456752123675e+04,1,1.5000000000000000e+02,5.9499364702261370e-01,-1.6842027031752068e+01,-2.9411514991326398e-01,-5.3244924560769931e+01,-1.0288701932134373e+01,-1.6334245241926793e-01

4.4359288638025064e+04,0,1.5000000000000000e+02,5.7702904148132661e-01,-1.6847259861848901e+01,-2.9420100274533911e-01,-1.8503757434955610e+01,-9.8530852861389349e+00,-1.6632319590938383e-01
4.4359288638025064e+04,1,1.5000000000000000e+02,6.0190550951897048e-01,-1.6916695348847341e+01,-2.9542039727598729e-01,1.8504514049805671e+01,9.8525004127074993e+00,1.6631275797200673e-01

4.4422120533902824e+04,0,1.5000000000000000e+02,6.1313272842992028e-01,-1.6877514220614753e+01,-2.9474001244225712e-01,-1.8392581304795172e+01,1.0486013937149799e+01,1.8860916238456327e-01
4.4422120533902824e+04,1,1.5000000000000000e+02,5.6596293249304441e-01,-1.6933800318284632e+01,-2.9570797082412570e-01,1.8393114402963931e+01,-1.0487329402287862e+01,-1.8863228281469957e-01

4.4484952305644940e+04,0,1.5000000000000000e+02,5.9657287307299345e-01,-1.6913749297606490e+01,-2.9536735701496875e-01,-5.4158342851576748e+01,-7.9074380984828405e+00,-1.2150541090322431e-01
4.4484952305644940e+04,1,1.5000000000000000e+02,5.8386978175991755e-01,-1.6943847329833051e+01,-2.9588877032687272e-01,5.4158131633841833e+01,7.9059648436885883e+00,1.2147976340699951e-01

4.4547784386577827e+04,0,1.5000000000000000e+02,6.1217125886543844e-01,-1.6976006450891308e+01,-2.9645864589326232e-01,9.2249779263157858e+00,2.6563998514352694e+01,4.6079546694149121e-01
4.4547784386577827e+04,1,1.5000000000000000e+02,5.7112240314742868e-01,-1.6928378906586680e+01,-2.9561492580080689e-01,-9.2256883904611104e+00,-2.6564902905199968e+01,-4.6081103430592041e-01

4.4610615878985067e+04,0,1.5000000000000000e+02,5.8539020644574802e-01,-1.7005337506564903e+01,-2.9696238496231253e-01,2.8757654044996229e+01,8.7454455815676777e+00,1.4386854341106453e-01
4.4610615878985067e+04,1,1.5000000000000000e+02,6.0105068236438564e-01,-1.6947379905944004e+01,-2.9595565605627022e-01,-2.8758117627316132e+01,-8.7456379990335638e+00,-1.4387176033517790e-01

4.4673447958824290e+04,0,1.5000000000000000e+02,5.6989212093870134e-01,-1.6978379307545119e+01,-2.9648717825572141e-01,-2.4108140449297181e+01,-8.9993349649551391e+00,-1.4971591889634611e-01
4.4673447958824290e+04,1,1.5000000000000000e+02,6.1851365853829765e-01,-1.7023683844689078e+01,-2.9729266317104397e-01,2.4108412944708817e+01,8.9992832248110162e+00,1.4971493289622079e-01

4.4736279484245941e+04,0,1.5000000000000000e+02,6.1075821164047872e-01,-1.7018436075307044e+01,-2.9719871436997969e-01,8.5003637246778467e+00,5.0573132960250142e+01,8.8003338080261617e-01
4.4736279484245941e+04,1,1.5000000000000000e+02,5.7815685763565861e-01,-1.7032462673811914e+01,-2.9743358082322213e-01,-8.4996007377671035e+00,-5.0573747202463686e+01,-8.8004433323730358e-01

4.4799111780176194e+04,0,1.5000000000000000e+02,6.2370986511794646e-01,-1.7026279512232065e+01,-2.9733954668872420e-01,-1.1231123583141475e+01,1.7442332847099582e+01,3.0783205172036626e-01
4.4799111780176194e+04,1,1.5000000000000000e+02,5.6542161434039184e-01,-1.7071956698209512e+01,-2.9811896698481799e-01,1.1231652289606664e+01,-1.7443652151054241e+01,-3.0785523780949237e-01

4.4861943192849416e+04,0,1.5000000000000000e+02,5.8913169614011751e-01,-1.7063474235640047e+01,-2.9797815043577430e-01,-4.8618372322998127e+01,-5.5084207473875814e+01,-9.4654122165558441e-01
4.4861943192849416e+04,1,1.5000000000000000e+02,6.0134392420150584e-01,-1.7081090921347826e+01,-2.9828932424117782e-01,4.8618179146544875e+01,5.5082729112103998e+01,9.4651547953395188e-01

4.4924775077124970e+04,0,1.5000000000000000e+02,5.9714560674521355e-01,-1.7085643230238599e+01,-2.9836749401132107e-01,-7.6490279775502728e+01,-4.4698552167136967e+00,-5.4708274734140971e-02
4.4924775077124970e+04,1,1.5000000000000000e+02,5.9610499993254074e-01,-1.7105694968624942e+01,-2.9871712809633633e-01,7.6489579541030793e+01,4.4689089859412974e+00,5.4691974045293135e-02

4.4987607399676112e+04,0,1.5000000000000000e+02,5.7238017906815952e-01,-1.7146464613732615e+01,-2.9942142912912317e-01,1.4817449077121218e+01,-1.4308491645274991e+01,-2.5423149406846735e-01
4.4987607399676112e+04,1,1.5000000000000000e+02,6.2400636481060034e-01,-1.7093084916572742e+01,-2.9850555199314782e-01,-1.4817961910763110e+01,1.4308252604289464e+01,2.5422747845470672e-01

4.5050438897105807e+04,0,1.5000000000000000e+02,5.8863964463042884e-01,-1.7122580780729376e+01,-2.9900955191420631e-01,-3.8130142344353480e+01,6.3571079471616869e+00,1.2256252723239403e-01
4.5050438897105807e+04,1,1.5000000000000000e+02,6.0985826329548076e-01,-1.7166231124711281e+01,-2.9977781934766784e-01,3.8130326318875966e+01,-6.3571350660555126e+00,-1.2256305656633737e-01

4.5113270958591696e+04,0,1.5000000000000000e+02,5.9727955056906579e-01,-1.7133805344954620e+01,-2.9920807955224044e-01,-2.2235840037739809e+01,6.5586946786597622e+00,1.2123877350734769e-01
4.5113270958591696e+04,1,1.5000000000000000e+02,6.0190940120229608e-01,-1.7203958810358536e+01,-3.0043383674819907e-01,2.2236571478838361e+01,-6.5591972236809468e+00,-1.2124776694783679e-01

4.5176102737953952e+04,0,1.5000000000000000e+02,5.9049644944220758e-01,-1.7173644845731229e+01,-2.9990130834008233e-01,-2.1543574317371004e+01,-3.8548696378955817e+01,-6.6620463543400910e-01
4.5176102737953952e+04,1,1.5000000000000000e+02,6.0889277512831741e-01,-1.7211718649502075e+01,-3.0057139196399524e-01,2.1544197932518522e+01,3.8547480077578193e+01,6.6618321807498349e-01

4.5238934527417936e+04,0,1.5000000000000000e+02,6.2598914790476123e-01,-1.7200906623899343e+01,-3.0038790419656458e-01,-2.6881685645076125e+01,1.4022721783368048e+01,2.5291928558141308e-01
4.5238934527417936e+04,1,1.5000000000000000e+02,5.7446777995771681e-01,-1.7230926019166287e+01,-3.0089611978036840e-01,2.6881654117423757e+01,-1.4024231251030869e+01,-2.5294561981952413e-01

4.5301766128268420e+04,0,1.5000000000000000e+02,6.0424963077247584e-01,-1.7228590243175010e+01,-3.0086442737403318e-01,-7.2328168254278580e+01,-1.2349218203030290e+00,4.8118162595589542e-04
4.5301766128268420e+04,1,1.5000000000000000e+02,5.9868089989576245e-01,-1.7249825054178238e+01,-3.0123332950766779e-01,7.2327537243515707e+01,1.2337996859564129e+00,-5.0057334313480251e-04

4.5364598481857596e+04,0,1.5000000000000000e+02,6.0833554787349187e-01,-1.7291188227816910e+01,-3.0195815751947458e-01,2.3024711587892302e+01,2.2311710091600148e+01,3.8237894830964803e-01
4.5364598481857596e+04,1,1.5000000000000000e+02,5.9773553691724612e-01,-1.7235036177373388e+01,-3.0097494000088088e-01,-2.3025349360790475e+01,-2.2312121859553379e+01,-3.8238594036376106e-01

4.5427429978138403e+04,0,1.5000000000000000e+02,5.7900058650773822e-01,-1.7306081006802252e+01,-3.0220913592435961e-01,2.5899277720439105e+01,-1.1342038023113677e+01,-2.0583562930083876e-01
4.5427429978138403e+04,1,1.5000000000000000e+02,6.2956436340404143e-01,-1.7269172379704237e+01,-3.0158039495287325e-01,-2.5899330508962496e+01,1.1342023250601400e+01,2.0583538756710662e-01

4.5490261891329545e+04,0,1.5000000000000000e+02,6.0868339743900435e-01,-1.7287347219439983e+01,-3.0189122857734096e-01,-2.6770849707169297e+01,2.5825354461190685e+01,4.5886986382526518e-01
4.5490261891329545e+04,1,1.5000000000000000e+02,6.0101521957200410e-01,-1.7337075293037476e+01,-3.0275676714986427e-01,2.6771449180698760e+01,-2.5825630522026572e+01,-4.5887486436924341e-01

4.5553093665988577e+04,0,1.5000000000000000e+02,5.9613025395760477e-01,-1.7342447229865623e+01,-3.0284903221317377e-01,5.5433174734593194e+01,-4.7728131766972794e+01,-8.4985752245308888e-01
4.5553093665988577e+04,1,1.5000000000000000e+02,6.1383222768877876e-01,-1.7330108156537641e+01,-3.0263907829387565e-01,-5.5432424699337020e+01,4.7727172359648904e+01,8.4984055000239600e-01

4.5615925513052280e+04,0,1.5000000000000000e+02,6.2681312728647387e-01,-1.7372279343947902e+01,-3.0337902136306294e-01,3.4205578837220308e+01,1.5534386775639167e+01,2.6069228730790950e-01
4.5615925513052280e+04,1,1.5000000000000000e+02,5.8377235158769947e-01,-1.7347119425502243e+01,-3.0292680860441173e-01,-3.4205302170966085e+01,-1.5535855549918299e+01,-2.6071800523385513e-01

4.5678757275175129e+04,0,1.5000000000000000e+02,6.3690939186417206e-01,-1.7384929715164763e+01,-3.0360287639628653e-01,-1.3277828381249956e+01,2.5799678475295099e+01,4.5431133795977829e-01
4.5678757275175129e+04,1,1.5000000000000000e+02,5.7555012301313058e-01,-1.7380876932377205e+01,-3.0351345353228421e-01,1.3277418755317919e+01,-2.5801050293057340e+01,-4.5433515469425212e-01

4.5741589181594667e+04,0,1.5000000000000000e+02,6.2320307887136217e-01,-1.7433770126004319e+01,-3.0445108366740919e-01,1.4220802586777525e+01,2.4294119405131568e+01,4.1965872164185419e-01
4.5741589181594667e+04,1,1.5000000000000000e+02,5.9219407803271062e-01,-1.7379210072011247e+01,-3.0348943306827936e-01,-1.4221526521092192e+01,-2.4294878509322885e+01,-4.1967174930147549e-01

4.5804420929419844e+04,0,1.5000000000000000e+02,6.0411619228974078e-01,-1.7418007778172484e+01,-3.0417017824391790e-01,-6.2102442453705677e+01,5.0157756319465108e+00,1.0645580164467505e-01
4.5804420929419844e+04,1,1.5000000000000000e+02,6.1421029941428773e-01,-1.7443442126108952e+01,-3.0461714381861227e-01,6.2102032477884620e+01,-5.0159265119650911e+00,-1.0645830997121219e-01

4.5867252839227673e+04,0,1.5000000000000000e+02,5.8833840058103937e-01,-1.7468067127281493e+01,-3.0503902789445864e-01,3.3760097921722362e+01,-1.5371460172195579e+01,-2.7855340675423446e-01
4.5867252839227673e+04,1,1.5000000000000000e+02,6.3187089007962449e-01,-1.7442593831491262e+01,-3.0460771901127404e-01,-3.3759833573039074e+01,1.5371410872863979e+01,2.7855246583342619e-01

4.5930084597908375e+04,0,1.5000000000000000e+02,5.9677437178118597e-01,-1.7485503448588823e+01,-3.0534590351661284e-01,4.6105630283303817e+01,-3.6456631673665996e+01,-6.5030124482480567e-01
4.5930084597908375e+04,1,1.5000000000000000e+02,6.2411596167342875e-01,-1.7473962250698676e+01,-3.0515281098790387e-01,-4.6104889359377431e+01,3.6456100688840024e+01,6.5029175215272572e-01

4.5992916842697232e+04,0,1.5000000000000000e+02,6.2797534687657963e-01,-1.7471253585975504e+01,-3.0510671394168876e-01,-2.0047384838691304e+01,6.7524447810278847e+00,1.2395350360501112e-01
4.5992916842697232e+04,1,1.5000000000000000e+02,5.9321629903121043e-01,-1.7535821762239404e+01,-3.0622299524740254e-01,2.0048022622697143e+01,-6.7536414476495406e+00,-1.2397458260639960e-01

4.6055748364364932e+04,0,1.5000000000000000e+02,6.4585110331018836e-01,-1.7534587429023208e+01,-3.0621748742929594e-01,1.1405418826883544e+01,1.9462169150416493e+01,3.3618722041462751e-01
4.6055748364364932e+04,1,1.5000000000000000e+02,5.7636621057039428e-01,-1.7519089721282352e+01,-3.0592584775105380e-01,-1.1405372890486543e+01,-1.9463680391780791e+01,-3.3621360920598903e-01

4.6118580599263485e+04,0,1.5000000000000000e+02,6.3934605127917998e-01,-1.7554750981110558e+01,-3.0656740825298145e-01,-1.3918283886807220e+01,3.0572662458144602e+01,5.3780649815782755e-01
4.6118580599263485e+04,1,1.5000000000000000e+02,5.8512377508366542e-01,-1.7545503157399622e+01,-3.0638949358604717e-01,1.3917724821156931e+01,-3.0573892731203475e+01,-5.3782779907252920e-01

4.6181412485819150e+04,0,1.5000000000000000e+02,6.0439110595518220e-01,-1.7609733053336523e+01,-3.0751632926456435e-01,1.9857526743513503e+01,-5.6469022180642128e+00,-1.0460128844193173e-01
4.6181412485819150e+04,1,1.5000000000000000e+02,6.2308594021071662e-01,-1.7538047476620900e+01,-3.0627093850553244e-01,-1.9858229217096834e+01,5.6463187775920645e+00,1.0459131999934101e-01

4.6244244326386040e+04,0,1.5000000000000000e+02,5.8445840958079376e-01,-1.7618022438503793e+01,-3.0765492679281048e-01,1.4973978729320400e+01,-1.5282369520829857e+01,-2.7127569065503321e-01
4.6244244326386040e+04,1,1.5000000000000000e+02,6.4573625305987414e-01,-1.7578448528891577e+01,-3.0698293408472782e-01,-1.4974259455921505e+01,1.5282292910063237e+01,2.7127443913252947e-01

4.6307075801979539e+04,0,1.5000000000000000e+02,6.1370818696238250e-01,-1.7635851623150121e+01,-3.0797499938192247e-01,6.1528382998828448e+01,1.6968953066167636e+01,2.7740549638116851e-01
4.6307075801979539e+04,1,1.5000000000000000e+02,6.1811958537202749e-01,-1.7609790435613149e+01,-3.0752151280186885e-01,-6.1528008262118433e+01,-1.6969049664624855e+01,-2.7740729641278095e-01

4.6369907792729420e+04,0,1.5000000000000000e+02,5.9518403898724859e-01,-1.7638824547092103e+01,-3.0802124095931771e-01,9.8673160249472414e+00,-4.0250958686445053e+01,-7.0548199948634671e-01
4.6369907792729420e+04,1,1.5000000000000000e+02,6.3724058648470605e-01,-1.7655439978265157e+01,-3.0832403202501540e-01,-9.8665523868539236e+00,4.0250338914350401e+01,7.0547095034363105e-01

4.6432739621238201e+04,0,1.5000000000000000e+02,6.3347080496574892e-01,-1.7678395126199543e+01,-3.0872350616519867e-01,4.1450122479403866e+01,2.6520158774836943e+01,4.5021351896157191e-01
4.6432739621238201e+04,1,1.5000000000000000e+02,5.9933730037610955e-01,-1.7663352635990655e+01,-3.0845058032399286e-01,-4.1449523117549340e+01,-2.6521404689287685e+01,-4.5023544575115781e-01

4.6495571426471302e+04,0,1.5000000000000000e+02,6.4246165701481905e-01,-1.7678071646747068e+01,-3.0872059954495590e-01,-2.6778667431845786e+01,1.3064389404041211e+01,2.3616269666454337e-01
4.6495571426471302e+04,1,1.5000000000000000e+02,5.9147520964468003e-01,-1.7710289176291489e+01,-3.0926734081596385e-01,2.6778678711470722e+01,-1.3065900627929430e+01,-2.3618907459316435e-01

4.6558403281311839e+04,0,1.5000000000000000e+02,6.4477152650092417e-01,-1.7721489565475643e+01,-3.0947905033541168e-01,-1.5035176485445714e+01,3.0906588482536986e+01,5.4397455307974929e-01
4.6558403281311839e+04,1,1.5000000000000000e+02,5.9142617007311304e-01,-1.7713512886914067e+01,-3.0932358734886628e-01,1.5034614061721793e+01,-3.0907814341189340e+01,-5.4399577592917070e-01

4.6621235372609393e+04,0,1.5000000000000000e+02,5.9994245594256879e-01,-1.7767614225984328e+01,-3.1027038020897590e-01,1.1548120945558939e+01,-2.3437817230471268e+01,-4.1256424978748873e-01
4.6621235372609393e+04,1,1.5000000000000000e+02,6.3920497109100660e-01,-1.7714911659838886e+01,-3.0936255425794656e-01,-1.1548828527964343e+01,2.3437210804022520e+01,4.1255388174078145e-01

4.6684066915442294e+04,0,1.5000000000000000e+02,6.1703748905362710e-01,-1.7752203365533976e+01,-3.1000663128118949e-01,-6.0492474214651594e+01,1.1303732408594485e+01,2.1570532969185530e-01
4.6684066915442294e+04,1,1.5000000000000000e+02,6.2482572168140438e-01,-1.7778926243688939e+01,-3.1047538236374378e-01,6.0492146641679966e+01,-1.1303832313885849e+01,-2.1570697348891177e-01

4.6746898858566114e+04,0,1.5000000000000000e+02,5.9775023028904373e-01,-1.7766848758592879e+01,-3.1025635306410065e-01,-2.3730756367324254e+01,-8.8171380354935991e+00,-1.4665110762805061e-01
4.6746898858566114e+04,1,1.5000000000000000e+02,6.4586238338912716e-01,-1.7813395009927657e+01,-3.1108335370489770e-01,2.3731057134347985e+01,8.8170752546737461e+00,1.4664992032924068e-01

4.6809730744333872e+04,0,1.5000000000000000e+02,6.1501268556817257e-01,-1.7823872226538366e+01,-3.1125680848352744e-01,6.5796753437044018e+01,-2.0387344287674971e+01,-3.7585207404409032e-01
4.6809730744333872e+04,1,1.5000000000000000e+02,6.2934678370515673e-01,-1.7805085469260284e+01,-3.1093330099767508e-01,-6.5796018797300505e+01,2.0386830465553558e+01,3.7584288281700845e-01

4.6872562528505478e+04,0,1.5000000000000000e+02,6.1190722929014840e-01,-1.7841552451398311e+01,-3.1156442490421221e-01,3.9071405617439908e+01,-6.0946627885342522e+01,-1.0755677561330723e+00
4.6872562528505478e+04,1,1.5000000000000000e+02,6.3285286307695288e-01,-1.7835110473039897e+01,-3.1145837760867001e-01,-3.9070727794396774e+01,6.0945495190441690e+01,1.0755477813948600e+00

4.6935394296667764e+04,0,1.5000000000000000e+02,6.5812850432138570e-01,-1.7863808282327216e+01,-3.1196692320139380e-01,8.6126449360936519e+00,2.1154296133014391e+01,3.6656967904610188e-01
4.6935394296667764e+04,1,1.5000000000000000e+02,5.8755969246226702e-01,-1.7859647914724341e+01,-3.1187281719372306e-01,-8.6124669604506181e+00,-2.1155791962677931e+01,-3.6659583908951549e-01

4.6998226111036602e+04,0,1.5000000000000000e+02,6.2728796335892056e-01,-1.7910951784362268e+01,-3.1278029568423810e-01,3.1651732108958100e+01,-1.6254850567456781e+01,-2.9332841740152144e-01
4.6998226111036602e+04,1,1.5000000000000000e+02,6.2034889529796344e-01,-1.7859094051371809e+01,-3.1187313958283042e-01,-3.1652153761416670e+01,1.6253487945292999e+01,2.9330476481595930e-01

4.7061058482041379e+04,0,1.5000000000000000e+02,6.3291472753093059e-01,-1.7944431216431454e+01,-3.1336630640029972e-01,1.9683374971072986e+01,7.7257570436251726e+00,1.2883684848633981e-01
4.7061058482041379e+04,1,1.5000000000000000e+02,6.1749052841669705e-01,-1.7872824083581879e+01,-3.1211189089564961e-01,-1.9684095391571034e+01,-7.7265868502812936e+00,-1.2885111114422432e-01

4.7123889822491539e+04,0,1.5000000000000000e+02,6.2236300481021911e-01,-1.7921187605231996e+01,-3.1295743500391854e-01,-6.6954913122624788e+01,2.1589878093970256e+00,5.8076201655332782e-02
4.7123889822491539e+04,1,1.5000000000000000e+02,6.3089805620143391e-01,-1.7944287378995728e+01,-3.1336318170163585e-01,6.6954386483745623e+01,-2.1592427501355118e+00,-5.8080490551831843e-02

4.7186721810867486e+04,0,1.5000000000000000e+02,6.2226505025731249e-01,-1.7939321998464848e+01,-3.1327389391967653e-01,-4.7001566024647488e+01,1.4085214752173620e+01,2.6013911565536685e-01
4.7186721810867486e+04,1,1.5000000000000000e+02,6.3317020956659120e-01,-1.7975108042382935e+01,-3.1390176857312407e-01,4.7001590515546710e+01,-1.4085225799124181e+01,-2.6013931591041761e-01

4.7249554035885383e+04,0,1.5000000000000000e+02,5.9813155406385909e-01,-1.7963984386431221e+01,-3.1369696003336961e-01,-4.0823789282327994e+00,-2.2930123344514428e+01,-3.9894220534230757e-01
4.7249554035885383e+04,1,1.5000000000000000e+02,6.5848868187175980e-01,-1.7999396838200205e+01,-3.1433337930103944e-01,4.0829538354496719e+00,2.2929874176720112e+01,3.9893768163060267e-01

4.7312385714795717e+04,0,1.5000000000000000e+02,6.3709610603844824e-01,-1.7970591828181188e+01,-3.1382414562950489e-01,-1.9354150063355362e+01,9.7002356959221068e+00,1.7518836663003795e-01
4.7312385714795717e+04,1,1.5000000000000000e+02,6.2004659029651255e-01,-1.8041022483297876e+01,-3.1504813620487948e-01,1.9354925279815035e+01,-9.7010453511141002e+00,-1.7520273321649643e-01

4.7375217605068472e+04,0,1.5000000000000000e+02,6.4622417296320200e-01,-1.7999955158165211e+01,-3.1433938706210290e-01,-2.4104804171696447e+01,3.0786328908853662e+00,6.1072668722361084e-02
4.7375217605068472e+04,1,1.5000000000000000e+02,6.1150993291776190e-01,-1.8058930565913442e+01,-3.1535807474849520e-01,2.4105311072490277e+01,-3.0799701576457785e+00,-6.1096161662538923e-02

4.7438049286229078e+04,0,1.5000000000000000e+02,6.5211729586352696e-01,-1.8072216841428091e+01,-3.1560232251856346e-01,2.8891288482914813e+01,8.9667554141751573e+00,1.4769022309929397e-01
4.7438049286229078e+04,1,1.5000000000000000e+02,6.0694328432280131e-01,-1.8033335308392118e+01,-3.1490998471129972e-01,-2.8891344063017083e+01,-8.9682620212642057e+00,-1.4771650008538079e-01

4.7500881297656553e+04,0,1.5000000000000000e+02,6.4018577166232060e-01,-1.8108534745916113e+01,-3.1623252256141771e-01,2.4660579588262554e+01,-3.5764965645996654e+00,-6.9930895378150004e-02
4.7500881297656553e+04,1,1.5000000000000000e+02,6.2113434026109871e-01,-1.8043793947875464e+01,-3.1509683614831546e-01,-2.4661145015440486e+01,3.5752749655931453e+00,6.9909747785177001e-02

4.7563713124510352e+04,0,1.5000000000000000e+02,6.4611342988337206e-01,-1.8125428484504837e+01,-3.1652916465716591e-01,1.4853317506486572e+01,2.7439276737763560e+01,4.7435660086242154e-01
4.7563713124510352e+04,1,1.5000000000000000e+02,6.1803020896861938e-01,-1.8074412263014157e+01,-3.1563025375200976e-01,-1.4854034223128952e+01,-2.7439937664148101e+01,-4.7436791728089395e-01

4.7626544911316079e+04,0,1.5000000000000000e+02,6.0954612901844640e-01,-1.8151067370516088e+01,-3.1696548525149038e-01,1.9581878340877161e+01,-9.9145445226043094e+00,-1.7899794489954857e-01
4.7626544911316079e+04,1,1.5000000000000000e+02,6.5729291837963255e-01,-1.8097191142213681e+01,-3.1603976066048894e-01,-1.9582304612184153e+01,9.9143811992336879e+00,1.7899522437182164e-01

4.7689376621645351e+04,0,1.5000000000000000e+02,6.1395520800331860e-01,-1.8164727244646759e+01,-3.1720522601974765e-01,3.4200287142299608e+01,-1.0408727948747847e+01,-1.9207588307867438e-01
4.7689376621645351e+04,1,1.5000000000000000e+02,6.5485591449827152e-01,-1.8132489004613472e+01,-3.1665505085245516e-01,-3.4200159258290959e+01,1.0408709917265730e+01,1.9207552943013254e-01

4.7752208668941799e+04,0,1.5000000000000000e+02,6.1107641353657383e-01,-1.8144898076672213e+01,-3.1685828228049334e-01,-1.4957877119748650e+01,-1.4386094696406794e+01,-2.4651531028677720e-01
4.7752208668941799e+04,1,1.5000000000000000e+02,6.5882535150913057e-01,-1.8201149878696324e+01,-3.1785455748934111e-01,1.4958497093052342e+01,1.4385792325938631e+01,2.4650984433231504e-01

4.7815040494652400e+04,0,1.5000000000000000e+02,6.3319310107046800e-01,-1.8160928608655539e+01,-3.1714479104182502e-01,-2.0793724637004274e+01,-5.9890069202530682e+00,-9.8188130418724040e-02
4.7815040494652400e+04,1,1.5000000000000000e+02,6.3726705796889693e-01,-1.8233252325415773e+01,-3.1840825500300102e-01,2.0794496415650492e+01,5.9881604140526932e+00,9.8173121741472913e-02

4.7877872096445615e+04,0,1.5000000000000000e+02,6.2609404901599608e-01,-1.8224179587532600e+01,-3.1824651015802635e-01,3.4867685194357172e+01,-6.7965138363963817e+01,-1.1967770620713165e+00
4.7877872096445615e+04,1,1.5000000000000000e+02,6.4502941295932248e-01,-1.8217274127657006e+01,-3.1813176160035489e-01,-3.4867181617571553e+01,6.7963799497688413e+01,1.1967535422290685e+00

4.7940703950898031e+04,0,1.5000000000000000e+02,6.4653378373792814e-01,-1.8226061296824305e+01,-3.1828557706370630e-01,-4.4629000859809480e+01,-3.9527472899373066e+00,-5.5389490575535438e-02
4.7940703950898031e+04,1,1.5000000000000000e+02,6.2591633521546308e-01,-1.8262126693510222e+01,-3.1890872427196132e-01,4.4628973695682788e+01,3.9512382155489547e+00,5.5363161873114297e-02

4.8003536095341457e+04,0,1.5000000000000000e+02,6.4111949691775516e-01,-1.8296759553989688e+01,-3.1951778234553185e-01,2.7786995823143844e+01,-1.2886556197501235e+01,-2.3336624926539051e-01
4.8003536095341457e+04,1,1.5000000000000000e+02,6.3349707036245895e-01,-1.8238229595956273e+01,-3.1849397168736432e-01,-2.7787520729966001e+01,1.2885286969256768e+01,2.3334425808415615e-01

4.8066367690391919e+04,0,1.5000000000000000e+02,6.5727093394035430e-01,-1.8299920228646876e+01,-3.1957786392266196e-01,-7.5451350048688184e+00,4.4610437319947920e+01,7.8085797972716131e-01
4.8066367690391919e+04,1,1.5000000000000000e+02,6.2007003394490745e-01,-1.8282485039722381e+01,-3.1926224530144570e-01,7.5444117071011547e+00,-4.4611193304131916e+01,-7.8087095312819477e-01

4.8129199601757755e+04,0,1.5000000000000000e+02,6.4648574752628241e-01,-1.8307861028305172e+01,-3.1971316440489611e-01,-5.7834384568761791e+01,5.1460694528939186e+01,9.1573121234348154e-01
4.8129199601757755e+04,1,1.5000000000000000e+02,6.3356769013254510e-01,-1.8322779509904002e+01,-3.1996959254397084e-01,5.7833863473708448e+01,-5.1460944604060941e+01,-9.1573541801155667e-01

4.8192031582605101e+04,0,1.5000000000000000e+02,6.0529981528413002e-01,-1.8347070545630249e+01,-3.2038491818543979e-01,7.5647311154383061e+00,-1.9788665505989869e+01,-3.4766429917409952e-01
4.8192031582605101e+04,1,1.5000000000000000e+02,6.7691044569077541e-01,-1.8332390812454932e+01,-3.2015053646923725e-01,-7.5647649989217030e+00,1.9788651743290622e+01,3.4766406930586252e-01

4.8254863758621628e+04,0,1.5000000000000000e+02,6.0974239590366508e-01,-1.8347296868733476e+01,-3.2039022136043577e-01,-5.6368530438531366e+00,-2.0875239485459126e+01,-3.6260599310460789e-01
4.8254863758621628e+04,1,1.5000000000000000e+02,6.7383125796153265e-01,-1.8381042941661690e+01,-3.2099869511631013e-01,5.6373351020822042e+00,2.0875074053411545e+01,3.6260295906849499e-01

4.8317695332386429e+04,0,1.5000000000000000e+02,6.2113856277404789e-01,-1.8379940245663125e+01,-3.2096339842649707e-01,9.5949322303933879e+00,-4.0191361593619050e+01,-7.0435890973568727e-01
4.8317695332386429e+04,1,1.5000000000000000e+02,6.6317929372913831e-01,-1.8396796409825701e+01,-3.2127038604394248e-01,-9.5941691169519974e+00,4.0190741747282360e+01,7.0434785945804079e-01

4.8380527041103480e+04,0,1.5000000000000000e+02,6.5618322084058844e-01,-1.8378501805026605e+01,-3.2094896987023214e-01,-2.1008495373000560e+01,4.1051144197984613e+00,7.8044004059571959e-02
4.8380527041103480e+04,1,1.5000000000000000e+02,6.2873951693453634e-01,-1.8445871596653834e+01,-3.2211637460031889e-01,2.1009168002162721e+01,-4.1062562464579209e+00,-7.8064136585476451e-02

4.8443359080472546e+04,0,1.5000000000000000e+02,6.5620991508980397e-01,-1.8411970606042001e+01,-3.2153308906037315e-01,-3.3888160737531337e+01,-2.9798708580381703e+00,-4.1682468876687945e-02
4.8443359080472546e+04,1,1.5000000000000000e+02,6.2971025203275999e-01,-1.8459387514720412e+01,-3.2235255555355286e-01,3.3888423894475721e+01,2.9783982704934662e+00,4.1656688515916723e-02

4.8506190598137764e+04,0,1.5000000000000000e+02,6.6442448999186121e-01,-1.8483470621732405e+01,-3.2278343876614668e-01,2.6720862134191151e+01,5.4137555050157360e+00,8.6343007869717880e-02
4.8506190598137764e+04,1,1.5000000000000000e+02,6.2320686276959247e-01,-1.8434641087368799e+01,-3.2191868964127990e-01,-2.6721120436670944e+01,-5.4152100927846902e+00,-8.6368315237472515e-02

4.8569022563347098e+04,0,1.5000000000000000e+02,6.4761716088099952e-01,-1.8515814711164985e+01,-3.2334280084000111e-01,2.3700395616582341e+01,-9.1362653789348336e+00,-1.6666973680106545e-01
4.8569022563347098e+04,1,1.5000000000000000e+02,6.4240605225583791e-01,-1.8449338523220820e+01,-3.2218104391455277e-01,-2.3701035752908375e+01,9.1351613522719255e+00,1.6665066388727368e-01

4.8631854720336312e+04,0,1.5000000000000000e+02,6.6103995744001931e-01,-1.8526951907506575e+01,-3.2354126068872291e-01,1.2289199161648027e+01,3.4876172501593494e+01,6.0492944314575703e-01
4.8631854720336312e+04,1,1.5000000000000000e+02,6.3170140487329862e-01,-1.8485893077362171e+01,-3.2281574780907279e-01,-1.2289903238572100e+01,-3.4876765590751212e+01,-6.0493957949207000e-01

4.8694686561567811e+04,0,1.5000000000000000e+02,6.2814095633703970e-01,-1.8559061910485923e+01,-3.2409163534506030e-01,2.3306628769638674e+01,-5.1763729224846173e+00,-9.7440129872743531e-02
4.8694686561567811e+04,1,1.5000000000000000e+02,6.6715181115137934e-01,-1.8502171218519706e+01,-3.2311063985600047e-01,-2.3307055996134782e+01,5.1762085062194174e+00,9.7437390562020720e-02

4.8757518330840518e+04,0,1.5000000000000000e+02,6.3948716288369567e-01,-1.8573290871931491e+01,-3.2434342134390270e-01,4.4995374916205705e+01,6.3587318551672496e+00,9.7268101495017745e-02
4.8757518330840518e+04,1,1.5000000000000000e+02,6.5779136136821481e-01,-1.8536752035336121e+01,-3.2371130677787546e-01,-4.4995318707617443e+01,-6.3587439027256067e+00,-9.7268328875377286e-02

4.8820349908331038e+04,0,1.5000000000000000e+02,6.2349949271212990e-01,-1.8553225575997924e+01,-3.2398836322874541e-01,-1.6213428518010968e+01,-1.3161603029862441e+01,-2.2476250178576990e-01
4.8820349908331038e+04,1,1.5000000000000000e+02,6.7507086559418350e-01,-1.8605593122590577e+01,-3.2491801327251296e-01,1.6213951042116353e+01,1.3161404159721929e+01,2.2475887184677040e-01

4.8883181775440389e+04,0,1.5000000000000000e+02,6.3951356224093370e-01,-1.8568455739913425e+01,-3.2425904459803351e-01,-1.9193128959231405e+01,-8.8516159619889478e+00,-1.4863514097337138e-01
4.8883181775440389e+04,1,1.5000000000000000e+02,6.5984054718734531e-01,-1.8638681376369963e+01,-3.2549084321597627e-01,1.9193894549468137e+01,8.8509814901856956e+00,1.4862383469133034e-01

4.8946013589918606e+04,0,1.5000000000000000e+02,6.5734696692563999e-01,-1.8637500130456573e+01,-3.2546946794968457e-01,6.4576974163593960e+01,1.5161325093997370e+01,2.4492933715081566e-01
4.8946013589918606e+04,1,1.5000000000000000e+02,6.4268404844280047e-01,-1.8617291089432907e+01,-3.2511230474476099e-01,-6.4576290703454887e+01,-1.5162447187801540e+01,-2.4494912859055962e-01

4.9008845487216546e+04,0,1.5000000000000000e+02,6.4021375877793363e-01,-1.8649515191888280e+01,-3.2567394028820262e-01,4.3616142544373133e+00,-7.4716472849005598e+01,-1.3053109428299690e+00
4.9008845487216546e+04,1,1.5000000000000000e+02,6.6081947444950884e-01,-1.8652353519594708e+01,-3.2572975311572711e-01,-4.3612952695021505e+00,7.4715022202789967e+01,1.3052855283912688e+00

4.9071677306018762e+04,0,1.5000000000000000e+02,6.7713757887336479e-01,-1.8694972113932483e+01,-3.2647852111887760e-01,2.3334650920209768e+01,1.0945327367943268e+01,1.8391379957255699e-01
4.9071677306018762e+04,1,1.5000000000000000e+02,6.2550044788654635e-01,-1.8653726305156280e+01,-3.2574295213167903e-01,-2.3334817237940271e+01,-1.0946812784656974e+01,-1.8393967300100761e-01

4.9134509282129991e+04,0,1.5000000000000000e+02,6.4165925747232555e-01,-1.8713353763642612e+01,-3.2678851722117308e-01,1.7819096996043925e+01,-4.5259169334661735e+01,-7.9530970128546519e-01
4.9134509282129991e+04,1,1.5000000000000000e+02,6.6320093099199440e-01,-1.8682346585555745e+01,-3.2625392964909378e-01,-1.7819665000324576e+01,4.5257951782146137e+01,7.9528862509862985e-01

4.9197341456362781e+04,0,1.5000000000000000e+02,6.4504192854308928e-01,-1.8755831029242430e+01,-3.2753087813783138e-01,1.9221792148177624e+01,-1.2188446537579729e+01,-2.1857331296674792e-01
4.9197341456362781e+04,1,1.5000000000000000e+02,6.6241815647285596e-01,-1.8687375831095881e+01,-3.2634146356768678e-01,-1.9222515133911333e+01,1.2187682336274392e+01,2.1856019606229343e-01

4.9260173113103629e+04,0,1.5000000000000000e+02,6.6764721357535484e-01,-1.8752910150909788e+01,-3.2748678802797870e-01,1.7234547345339735e+00,5.9523696052498956e+01,1.0383067151057268e+00
4.9260173113103629e+04,1,1.5000000000000000e+02,6.4240831676969623e-01,-1.8738422667928589e+01,-3.2722625798858074e-01,-1.7240286150144968e+00,-5.9524008692369371e+01,-1.0383119965988536e+00

4.9323004867610565e+04,0,1.5000000000000000e+02,6.6209539828857467e-01,-1.8783118550430853e+01,-3.2801230596647157e-01,3.6608505856516622e+01,4.7410128306861168e+01,8.1626867334094622e-01
4.9323004867610565e+04,1,1.5000000000000000e+02,6.5018510219710368e-01,-1.8756824573826016e+01,-3.2754978453196970e-01,-3.6608693470742828e+01,-4.7410171291743083e+01,-8.1626936637521907e-01

4.9385837114099384e+04,0,1.5000000000000000e+02,6.2247610260980857e-01,-1.8781430527070871e+01,-3.2797077649882117e-01,-7.6914724230795457e+00,-1.9262614309411585e+01,-3.3383589845376771e-01
4.9385837114099384e+04,1,1.5000000000000000e+02,6.9145310167757357e-01,-1.8807287589913543e+01,-3.2844305713163380e-01,7.6917513299524956e+00,1.9262558951518084e+01,3.3383484736288405e-01

4.9448668549953290e+04,0,1.5000000000000000e+02,6.5697014009282395e-01,-1.8788576725640080e+01,-3.2810600282824354e-01,-2.5673365198417009e+01,1.5107516724893067e+01,2.7148347366236297e-01
4.9448668549953290e+04,1,1.5000000000000000e+02,6.5805523911072261e-01,-1.8848711167252020e+01,-3.2915582410093736e-01,2.5674010665312331e+01,-1.5107854920845405e+01,-2.7148957262447843e-01

4.9511500520152011e+04,0,1.5000000000000000e+02,6.5237967743342817e-01,-1.8807060631360301e+01,-3.2842719301172824e-01,-2.0168693596238295e+01,-8.1836652203015063e+00,-1.3668060406968063e-01
4.9511500520152011e+04,1,1.5000000000000000e+02,6.6342155980278217e-01,-1.8878314958731117e+01,-3.2967411621393794e-01,2.0169469583148068e+01,8.1828864222136275e+00,1.3666677577911868e-01

4.9574332421626983e+04,0,1.5000000000000000e+02,6.8693787126774053e-01,-1.8849289656797069e+01,-3.2917471864233877e-01,-2.4974011946693651e+00,2.5170208074412230e+01,4.4004149195814618e-01
4.9574332421626983e+04,1,1.5000000000000000e+02,6.2965981163448403e-01,-1.8883605081162063e+01,-3.2975615659433849e-01,2.4980289576544052e+00,-2.5171416834199412e+01,-4.4006277896078144e-01

4.9637164033551584e+04,0,1.5000000000000000e+02,6.9448101067200896e-01,-1.8885580416453589e+01,-3.2981037756476039e-01,2.8591790401851220e+00,2.1797091652415357e+01,3.7954070266611395e-01
4.9637164033551584e+04,1,1.5000000000000000e+02,6.2325295716185702e-01,-1.8894389295026585e+01,-3.2994241528580465e-01,-2.8589174469625753e+00,-2.1798564389026904e+01,-3.7956648515227742e-01

4.9699995850273233e+04,0,1.5000000000000000e+02,6.5391262642834902e-01,-1.8904263118308361e+01,-3.3012407715499442e-01,-4.9567769421636164e+01,-5.3345753806870277e+01,-9.1591180405568950e-01
4.9699995850273233e+04,1,1.5000000000000000e+02,6.6548157580050959e-01,-1.8922616754974953e+01,-3.3044791656421207e-01,4.9567583844626860e+01,5.3344274499172059e+01,9.1588604311107580e-01

4.9762827739967084e+04,0,1.5000000000000000e+02,6.5771716541885561e-01,-1.8927334831225679e+01,-3.3052789299732971e-01,-6.8763640966473133e+01,-3.2767038161595252e+01,-5.5091600077577341e-01
4.9762827739967084e+04,1,1.5000000000000000e+02,6.6385239855616485e-01,-1.8946615162967117e+01,-3.3086625017693538e-01,6.8763086902186757e+01,3.2765804417374980e+01,5.5089463775825465e-01

4.9825660153073950e+04,0,1.5000000000000000e+02,6.7052747367139531e-01,-1.8995974040341697e+01,-3.3172971475668633e-01,1.9496206200196404e+01,8.9855303286623638e+00,1.5087994163003704e-01
4.9825660153073950e+04,1,1.5000000000000000e+02,6.5354562828375751e-01,-1.8925461832489439e+01,-3.3049393381781583e-01,-1.9496926078020422e+01,-8.9863576816565072e+00,-1.5089416163048208e-01

4.9888491653511053e+04,0,1.5000000000000000e+02,6.3762773482828128e-01,-1.9006709502004561e+01,-3.3190705199984771e-01,7.0682874392683708e+00,-2.3684300514625580e+01,-4.1550127160002615e-01
4.9888491653511053e+04,1,1.5000000000000000e+02,6.8898807654207550e-01,-1.8962729894043427e+01,-3.3115514805632051e-01,-7.0689183328423049e+00,2.3683898951443620e+01,4.1549445554865816e-01

4.9951323338723807e+04,0,1.5000000000000000e+02,6.3557180430629379e-01,-1.9030716780463493e+01,-3.3232541042598490e-01,1.6313922413230912e+01,-1.4141673196374986e+01,-2.5177598570819881e-01
4.9951323338723807e+04,1,1.5000000000000000e+02,6.9333496827623686e-01,-1.8987170478195694e+01,-3.3158301921980221e-01,-1.6314245934504775e+01,1.4141574569539857e+01,2.5177436298951483e-01

5.0014155612969487e+04,0,1.5000000000000000e+02,6.3085328702252452e-01,-1.9023345218445048e+01,-3.3219532145957459e-01,-1.0994578482620732e+01,-1.8955289848145945e+01,-3.2746611228906553e-01
5.0014155612969487e+04,1,1.5000000000000000e+02,6.9989808981388046e-01,-1.9043217436165488e+01,-3.3256317279810538e-01,1.0994673519981134e+01,1.8955274906223472e+01,3.2746582256692658e-01

5.0076987515487541e+04,0,1.5000000000000000e+02,6.3450687410743967e-01,-1.9039758159113251e+01,-3.3248287971428803e-01,-6.6978281583314576e+00,-2.0419048066246866e+01,-3.5432114712149332e-01
5.0076987515487541e+04,1,1.5000000000000000e+02,6.9760055029139045e-01,-1.9075427481043302e+01,-3.3312461562708379e-01,6.6983167186233921e+00,2.0418876975405269e+01,3.5431801234480464e-01

5.0139818772383594e+04,0,1.5000000000000000e+02,6.6653468211718736e-01,-1.9091821965672700e+01,-3.3340127509422685e-01,7.5814956745464457e+01,9.3887719869853328e+00,1.4076093498350262e-01
5.0139818772383594e+04,1,1.5000000000000000e+02,6.6655328740867226e-01,-1.9071683356908924e+01,-3.3304981357680125e-01,-7.5814224192666387e+01,-9.3892837509914671e+00,-1.4077008965476367e-01

5.0202650697482255e+04,0,1.5000000000000000e+02,6.6994517346183535e-01,-1.9115595786537121e+01,-3.3381722436875005e-01,7.4651975599312067e+01,7.9393851189368689e+00,1.1581992859005141e-01
5.0202650697482255e+04,1,1.5000000000000000e+02,6.6397327570570353e-01,-1.9095781063882988e+01,-3.3346959053906988e-01,-7.4651218528642573e+01,-7.9403108705126186e+00,-1.1583631580966514e-01

5.0265482949864381e+04,0,1.5000000000000000e+02,6.8877361885727573e-01,-1.9100113319814067e+01,-3.3355275377440813e-01,-1.9483501042292332e+01,9.0400648862912050e+00,1.6370620191388779e-01
5.0265482949864381e+04,1,1.5000000000000000e+02,6.4608482181772786e-01,-1.9158684890900172e+01,-3.3456196422684248e-01,1.9484061793622232e+01,-9.0413515035173049e+00,-1.6372882730222443e-01

5.0328314538746119e+04,0,1.5000000000000000e+02,7.0312862173537916e-01,-1.9153780633358849e+01,-3.3449375049941427e-01,7.9945551521664449e+00,2.1583581658197069e+01,3.7425003498149167e-01
5.0328314538746119e+04,1,1.5000000000000000e+02,6.3299370272114885e-01,-1.9152119445585022e+01,-3.3444339337187456e-01,-7.9943478217805257e+00,-2.1585069870063087e+01,-3.7427607101798266e-01

5.0391146352387004e+04,0,1.5000000000000000e+02,7.0231311657100315e-01,-1.9173818111407140e+01,-3.3484320423254377e-01,-1.2274135466576485e+01,2.1889949270019827e+01,3.8577139694107343e-01
5.0391146352387004e+04,1,1.5000000000000000e+02,6.3550759411135316e-01,-1.9179084158269745e+01,-3.3491475826306621e-01,1.2273939531537419e+01,-2.1891425758311911e+01,-3.8579710552504887e-01

5.0453978634182589e+04,0,1.5000000000000000e+02,6.9629144484715000e-01,-1.9225505164947300e+01,-3.3574343325214734e-01,1.3055880759804094e+01,1.6364154856113160e+01,2.8161663079914695e-01
5.0453978634182589e+04,1,1.5000000000000000e+02,6.4364221275706945e-01,-1.9174536748072896e+01,-3.3483787303750023e-01,-1.3056412109398774e+01,-1.6365415962130086e+01,-2.8163847826601512e-01

5.0516809934076417e+04,0,1.5000000000000000e+02,6.8275780814465026e-01,-1.9258209054845359e+01,-3.3631007199927782e-01,1.8755904146768057e+01,1.0109818761278028e+01,1.7072700066215274e-01
5.0516809934076417e+04,1,1.5000000000000000e+02,6.5956915363986091e-01,-1.9189295041940351e+01,-3.3510029260996776e-01,-1.8756612273427546e+01,-1.0110726515424517e+01,-1.7074262743643764e-01

5.0579641773198688e+04,0,1.5000000000000000e+02,6.4946931117120554e-01,-1.9256063409848093e+01,-3.3626248451014862e-01,-9.9533611841824907e+00,-3.6932531270694327e+01,-6.4152942523820555e-01
5.0579641773198688e+04,1,1.5000000000000000e+02,6.9532522999967528e-01,-1.9239315994417172e+01,-3.3598417103054656e-01,9.9526790146478490e+00,3.6932012999641785e+01,6.4152058797417255e-01

5.0642473774409831e+04,0,1.5000000000000000e+02,6.4346425080820524e-01,-1.9276766140661419e+01,-3.3662196759494739e-01,-1.0682375341576197e+01,-2.7122466786598324e+01,-4.7009811100195681e-01
5.0642473774409831e+04,1,1.5000000000000000e+02,7.0365726028054276e-01,-1.9266874254861371e+01,-3.3646766715421433e-01,1.0681908823324918e+01,2.7122269640882784e+01,4.7009481245304979e-01

5.0705305532963444e+04,0,1.5000000000000000e+02,6.5095872782726782e-01,-1.9316556057567123e+01,-3.3731868041892077e-01,2.6517675386739942e+01,-9.3369983538242476e+00,-1.7103124636065486e-01
5.0705305532963444e+04,1,1.5000000000000000e+02,6.9818216471279981e-01,-1.9275603769890406e+01,-3.3661835026212822e-01,-2.6517798322749787e+01,9.3369712680175017e+00,1.7103081109976881e-01

5.0768137487544540e+04,0,1.5000000000000000e+02,6.4209172003890103e-01,-1.9322924640399606e+01,-3.3742712629141641e-01,1.2386070910737665e+01,-2.1981103945376269e+01,-3.8739636460109900e-01
5.0768137487544540e+04,1,1.5000000000000000e+02,7.0868161077956415e-01,-1.9317825733963616e+01,-3.3735842357504026e-01,-1.2385815821532717e+01,2.1981056256294856e+01,3.8739545460476349e-01

5.0830969154574508e+04,0,1.5000000000000000e+02,6.7988654038909024e-01,-1.9353935108117192e+01,-3.3797984707419926e-01,6.5980932331372159e+01,3.8218811181281296e+01,6.4691026388839079e-01
5.0830969154574508e+04,1,1.5000000000000000e+02,6.7215488741878993e-01,-1.9335281148870390e+01,-3.3765193527995652e-01,-6.5980360980892229e+01,-3.8219058999161234e+01,-6.4691476295732286e-01

5.0893801235528161e+04,0,1.5000000000000000e+02,6.5509035864560083e-01,-1.9361812947743111e+01,-3.3810978055264485e-01,1.2380180237343419e+01,-3.9585099059314707e+01,-6.9462664774115179e-01
5.0893801235528161e+04,1,1.5000000000000000e+02,6.9796677293921494e-01,-1.9375589999621102e+01,-3.3836328482768518e-01,-1.2379428733960536e+01,3.9584527319672510e+01,6.9461644057735605e-01

5.0956633032245307e+04,0,1.5000000000000000e+02,6.9195658680818750e-01,-1.9396423981487708e+01,-3.3872505700139177e-01,3.9643820382728173e+01,4.0918624986697026e+01,7.0205166235414951e-01
5.0956633032245307e+04,1,1.5000000000000000e+02,6.6203031465933571e-01,-1.9388807325629255e+01,-3.3858301150077247e-01,-3.9643065651628852e+01,-4.0919562374742171e+01,-7.0206825194579614e-01

5.1019464942962157e+04,0,1.5000000000000000e+02,6.7917367854539124e-01,-1.9388004720670551e+01,-3.3857422649965180e-01,-2.7862959500506463e+01,-1.5937581939675386e+01,-2.6966118363525732e-01
5.1019464942962157e+04,1,1.5000000000000000e+02,6.7583560288383382e-01,-1.9444706956903580e+01,-3.3956280008459350e-01,2.7863545854394786e+01,1.5936322952396470e+01,2.6963903265629169e-01

5.1082296867918805e+04,0,1.5000000000000000e+02,6.7382478269118240e-01,-1.9424095269379340e+01,-3.3920246393072961e-01,-3.7395960919708095e+01,-3.9364573617895317e+01,-6.7561449817398300e-01
5.1082296867918805e+04,1,1.5000000000000000e+02,6.8244660566910731e-01,-1.9455838928742420e+01,-3.3975909366659779e-01,3.7396252026351299e+01,3.9363111735640871e+01,6.7558889613154649e-01

5.1145128763431603e+04,0,1.5000000000000000e+02,7.1527944157244183e-01,-1.9468625697989257e+01,-3.3999225547999185e-01,3.5527087548863854e+00,2.0500298393734138e+01,3.5669726768556792e-01
5.1145128763431603e+04,1,1.5000000000000000e+02,6.4257864481962934e-01,-1.9458416742285632e+01,-3.3979193758164772e-01,-3.5527688097550261e+00,-2.0501803452883554e+01,-3.5672351629354743e-01

5.1207960936347416e+04,0,1.5000000000000000e+02,7.1280292983776605e-01,-1.9501701522536635e+01,-3.4056875374381962e-01,4.2171616272592356e+00,2.1320086613116736e+01,3.7080213068044710e-01
5.1207960936347416e+04,1,1.5000000000000000e+02,6.4697469979298539e-01,-1.9472496275072331e+01,-3.4003899845076901e-01,-4.2175503304261373e+00,-2.1321471010028112e+01,-3.7082617332487633e-01

5.1270792215479945e+04,0,1.5000000000000000e+02,7.0155628990637764e-01,-1.9509237650191558e+01,-3.4069685116863946e-01,-2.8277561530748081e+01,3.4991927892519094e+01,6.1930762297937891e-01
5.1270792215479945e+04,1,1.5000000000000000e+02,6.6041013807437432e-01,-1.9512302927309840e+01,-3.4073781315943591e-01,2.8276936701617224e+01,-3.4993058689886219e+01,-6.1932716776969177e-01

5.1333624379815432e+04,0,1.5000000000000000e+02,7.0182966933492053e-01,-1.9545992275246402e+01,-3.4133839105935304e-01,-3.6354975359514103e+00,4.0896931731792918e+01,7.1485736672041233e-01
5.1333624379815432e+04,1,1.5000000000000000e+02,6.6247662837490873e-01,-1.9523174707120113e+01,-3.4092818135576530e-01,3.6347762925198044e+00,-4.0897734674601523e+01,-7.1487116028871589e-01

5.1396455955581536e+04,0,1.5000000000000000e+02,6.6486811288944436e-01,-1.9556498423513130e+01,-3.4151048887630397e-01,-3.1537943093687780e+01,-3.7833242660397701e+01,-6.5067363283643398e-01
5.1396455955581536e+04,1,1.5000000000000000e+02,7.0178817105540070e-01,-1.9560607303256891e+01,-3.4159344577975892e-01,3.1537279255008237e+01,3.7832771808840732e+01,6.5066561757234043e-01

5.1459287730365148e+04,0,1.5000000000000000e+02,6.8949690544904674e-01,-1.9603249992910907e+01,-3.4233391896185555e-01,2.8975796979535044e+01,3.2951495064280415e+01,5.6625590365609724e-01
5.1459287730365148e+04,1,1.5000000000000000e+02,6.7938337283550077e-01,-1.9562072974144492e+01,-3.4161219997979647e-01,-2.8976265559063417e+01,-3.2951694320379950e+01,-5.6625923840848569e-01

5.1522119601850340e+04,0,1.5000000000000000e+02,6.7759623864891316e-01,-1.9591324993307438e+01,-3.4212217364384767e-01,-5.1674219537162884e+01,5.0887744518133573e+00,1.0455302704463088e-01
5.1522119601850340e+04,1,1.5000000000000000e+02,6.9327935144348518e-01,-1.9622406313955786e+01,-3.4266939507642080e-01,5.1674039289248682e+01,-5.0888158371323655e+00,-1.0455369440723383e-01

5.1584951626282178e+04,0,1.5000000000000000e+02,6.6622137831742889e-01,-1.9646871643698400e+01,-3.4308813116295045e-01,3.4826489693314841e+01,-1.0668016034070414e+01,-1.9679184604252511e-01
5.1584951626282178e+04,1,1.5000000000000000e+02,7.0636814485549659e-01,-1.9615340398568257e+01,-3.4255006508317409e-01,-3.4826344374770542e+01,1.0667994337690351e+01,1.9679142312097594e-01

5.1647783235321607e+04,0,1.5000000000000000e+02,6.6824841112088207e-01,-1.9665368869217048e+01,-3.4341156971897430e-01,3.8982079950936836e+01,-1.9795084877424159e+01,-3.5734709055659625e-01
5.1647783235321607e+04,1,1.5000000000000000e+02,7.0577662651981754e-01,-1.9645271248017988e+01,-3.4307225019427218e-01,-3.8981635580484152e+01,1.9794945340132799e+01,3.5734451992650645e-01

5.1710615705870157e+04,0,1.5000000000000000e+02,6.6303076180268106e-01,-1.9653665299112060e+01,-3.4320572474821126e-01,-1.1463672366073883e+01,-1.9017025135323273e+01,-3.2840064018125592e-01
5.1710615705870157e+04,1,1.5000000000000000e+02,7.1220558677982415e-01,-1.9705242710598707e+01,-3.4412085496566264e-01,1.1464336297274176e+01,1.9016657402544205e+01,3.2839402010545293e-01

5.1773447347400848e+04,0,1.5000000000000000e+02,6.7937287886063569e-01,-1.9668184298433850e+01,-3.4346409452462962e-01,-1.9602530764208179e+01,-8.1376095579133860e+00,-1.3604929374524249e-01
5.1773447347400848e+04,1,1.5000000000000000e+02,6.9693994093419198e-01,-1.9738758475484325e+01,-3.4470113525138713e-01,1.9603299829928883e+01,8.1369469647936796e+00,1.3603749561957640e-01

5.1836278848062291e+04,0,1.5000000000000000e+02,6.7359110772070929e-01,-1.9722219855910858e+01,-3.4440538366918255e-01,1.1339124629544195e+01,-5.4427295523459037e+01,-9.5334155305953971e-01
5.1836278848062291e+04,1,1.5000000000000000e+02,7.0377159457455418e-01,-1.9732496902767263e+01,-3.4459393683694312e-01,-1.1338379113662924e+01,5.4426324566024476e+01,9.5332438040857004e-01

5.1899110886040376e+04,0,1.5000000000000000e+02,6.7983312661007678e-01,-1.9733743489285303e+01,-3.4460840028170858e-01,-2.1433930192157995e+01,-4.1490002489286866e+01,-7.1757090630022147e-01
5.1899110886040376e+04,1,1.5000000000000000e+02,6.9865891037662464e-01,-1.9768505375495682e+01,-3.4522081380134018e-01,2.1434532558329316e+01,4.1488762467480441e+01,7.1754908143650187e-01

5.1961942988731891e+04,0,1.5000000000000000e+02,7.2258392325859278e-01,-1.9773161016932949e+01,-3.4530935425229425e-01,1.0455347772112685e+01,2.3867068590926138e+01,4.1335273864257449e-01
5.1961942988731891e+04,1,1.5000000000000000e+02,6.5720211418362817e-01,-1.9776434635663175e+01,-3.4534656932716729e-01,-1.0454979517878140e+01,-2.3868496022499706e+01,-4.1337776293963979e-01

5.2024774381836723e+04,0,1.5000000000000000e+02,6.8078124223258185e-01,-1.9797784793938579e+01,-3.4572636390853839e-01,-1.0476379203690342e+00,-7.7240074023892305e+01,-1.3477060200670410e+00
5.2024774381836723e+04,1,1.5000000000000000e+02,7.0051697441403160e-01,-1.9799053943203020e+01,-3.4575452577054300e-01,1.0477202747263803e+00,7.7238567060342405e+01,1.3476796948398908e+00

5.2087606424308979e+04,0,1.5000000000000000e+02,7.1565000820129188e-01,-1.9844139990966255e+01,-3.4654599578904199e-01,2.4336520903108450e+01,9.3328616152562383e+00,1.5546718932698272e-01
5.2087606424308979e+04,1,1.5000000000000000e+02,6.6739496807457455e-01,-1.9799933420755089e+01,-3.4575978468602636e-01,-2.4336728383593744e+01,-9.3343339222979047e+00,-1.5549282142138959e-01

5.2150438104610796e+04,0,1.5000000000000000e+02,6.8995142341146232e-01,-1.9835431665760382e+01,-3.4638618588976960e-01,-6.6038765664891329e+01,-3.3387347761858123e+01,-5.6257198265734920e-01
5.2150438104610796e+04,1,1.5000000000000000e+02,6.9505427211271686e-01,-1.9855954960039487e+01,-3.4674592125850995e-01,6.6038307016361799e+01,3.3386017180555100e+01,5.6254890053212470e-01

5.2213270140515269e+04,0,1.5000000000000000e+02,6.8567966079602971e-01,-1.9894320896860094e+01,-3.4741264332756355e-01,2.1782173455319615e+01,-2.7997895243651193e+01,-4.9526621369581253e-01
5.2213270140515269e+04,1,1.5000000000000000e+02,7.0144981461205924e-01,-1.9844529179179435e+01,-3.4654846214103585e-01,-2.1782809614024387e+01,2.7996785716435582e+01,4.9524704357212407e-01

5.2276102141358722e+04,0,1.5000000000000000e+02,7.1469016249912687e-01,-1.9902422358851585e+01,-3.4756287084531218e-01,-7.6799734418534520e+00,4.1634925032448173e+01,7.2896920615111815e-01
5.2276102141358722e+04,1,1.5000000000000000e+02,6.7465576380120429e-01,-1.9884085146168076e+01,-3.4723064656190600e-01,7.6792555681090882e+00,-4.1635766072964707e+01,-7.2898366564256789e-01

5.2338933936093184e+04,0,1.5000000000000000e+02,7.1115527411870982e-01,-1.9922851046839568e+01,-3.4791832372310910e-01,-1.0331868199539120e+01,5.3456065584232675e+01,9.3608440997711972e-01
5.2338933936093184e+04,1,1.5000000000000000e+02,6.8042148982357709e-01,-1.9911521968471327e+01,-3.4771124152121674e-01,1.0331171912127470e+01,-5.3456631800291319e+01,-9.3609407969652891e-01

5.2401766101168112e+04,0,1.5000000000000000e+02,6.7724949629943576e-01,-1.9972041291079595e+01,-3.4876648300394913e-01,1.8536843602596925e+01,-9.7657730610712417e+00,-1.7608317294313205e-01
5.2401766101168112e+04,1,1.5000000000000000e+02,7.1649736998769820e-01,-1.9910390667709464e+01,-3.4770248746119409e-01,-1.8537423084396856e+01,9.7654514605200280e+00,1.7607773676995528e-01

5.2464597923038556e+04,0,1.5000000000000000e+02,6.6755578697307272e-01,-1.9985840621648236e+01,-3.4900436146787228e-01,1.1914752876309628e+01,-1.7090765748782886e+01,-3.0190461580839345e-01
5.2464597923038556e+04,1,1.5000000000000000e+02,7.2823954748660014e-01,-1.9944804121977903e+01,-3.4830666206650024e-01,-1.1915139239631799e+01,1.7090629058193187e+01,3.0190234792905568e-01

5.2527429440045067e+04,0,1.5000000000000000e+02,6.9175080277025458e-01,-2.0010599255241520e+01,-3.4944382976028704e-01,4.0122648493891226e+01,1.1918712884246219e+01,1.9578754291814604e-01
5.2527429440045067e+04,1,1.5000000000000000e+02,7.0592984934606906e-01,-1.9968356299345544e+01,-3.4871090792891446e-01,-4.0122792643409305e+01,-1.1918745123253625e+01,-1.9578806165253138e-01

5.2590261471345460e+04,0,1.5000000000000000e+02,6.7848872099129820e-01,-2.0029671642507950e+01,-3.4977264871307073e-01,3.2938640188195819e+01,-1.1094572164064367e+01,-2.0366117593806624e-01
5.2590261471345460e+04,1,1.5000000000000000e+02,7.2089590825733807e-01,-1.9997628860528000e+01,-3.4922634368280092e-01,-3.2938525792391715e+01,1.1094554489587310e+01,2.0366083262831361e-01

5.2653092922783762e+04,0,1.5000000000000000e+02,7.1048829134094871e-01,-2.0031135792732613e+01,-3.4980794974312451e-01,-1.4679279793985970e+01,6.6269497025050455e+01,1.1610339879029306e+00
5.2653092922783762e+04,1,1.5000000000000000e+02,6.9042402861150542e-01,-2.0044480597576008e+01,-3.5003473646663796e-01,1.4679638067238912e+01,-6.6269587290977753e+01,-1.1610356724010520e+00

5.2715924745668119e+04,0,1.5000000000000000e+02,6.7864062093249744e-01,-2.0066075845414971e+01,-3.5040803585184055e-01,2.9139967947504708e+01,-2.8525586307661957e+01,-5.0671711885096060e-01
5.2715924745668119e+04,1,1.5000000000000000e+02,7.2364840150788612e-01,-2.0057772520911264e+01,-3.5027683370829188e-01,-2.9139406169917166e+01,2.8525348726502255e+01,5.0671280135343777e-01

5.2778756842415445e+04,0,1.5000000000000000e+02,7.1147592758647116e-01,-2.0062685528261216e+01,-3.5035886933167404e-01,-1.9821827890117714e+01,3.1057580058331133e+01,5.4806789090830055e-01
5.2778756842415445e+04,1,1.5000000000000000e+02,6.9207912847739028e-01,-2.0109269919083292e+01,-3.5116597015083678e-01,1.9822530296813891e+01,-3.1058018975308677e+01,-5.4807576504051947e-01

5.2841588467826514e+04,0,1.5000000000000000e+02,6.8211954870651492e-01,-2.0100202860276699e+01,-3.5100469409537599e-01,6.7779513661596589e+00,-4.0917821137768605e+01,-7.1617923192686517e-01
5.2841588467826514e+04,1,1.5000000000000000e+02,7.2263939532340504e-01,-2.0119710284707850e+01,-3.5135748927322680e-01,-6.7771813203653615e+00,4.0917148604863577e+01,7.1616726002922126e-01

5.2904420362367397e+04,0,1.5000000000000000e+02,7.1389036067301592e-01,-2.0140725570282054e+01,-3.5172159129635883e-01,5.3904442869806445e+01,3.5964889599392727e+01,6.1125280427770556e-01
5.2904420362367397e+04,1,1.5000000000000000e+02,6.9206241114304812e-01,-2.0126989763760761e+01,-3.5147521890677585e-01,-5.3903682678558852e+01,-3.5965799377920398e+01,-6.1126891368044689e-01

5.2967252288254902e+04,0,1.5000000000000000e+02,7.0374587396140986e-01,-2.0126472959161902e+01,-3.5146975855407975e-01,-2.4508595122857844e+01,-1.3676891122055691e+01,-2.3122853837821883e-01
5.2967252288254902e+04,1,1.5000000000000000e+02,7.0343883329290158e-01,-2.0188898931125308e+01,-3.5255914845427994e-01,2.4509273487039611e+01,1.3675761717346893e+01,2.3120862089734223e-01

5.3030084291004518e+04,0,1.5000000000000000e+02,6.9776135389270311e-01,-2.0162180152404215e+01,-3.5209111188628950e-01,-2.7327952944715857e+01,-3.6403114215661354e+01,-6.2699695143651035e-01
5.3030084291004518e+04,1,1.5000000000000000e+02,7.1073391054649471e-01,-2.0200726239996509e+01,-3.5276778574096074e-01,2.7328488852439232e+01,3.6401804490433172e+01,6.2697393032540027e-01

5.3092915857097774e+04,0,1.5000000000000000e+02,7.3921682343304740e-01,-2.0199503880088038e+01,-3.5275512941972165e-01,4.1841022118562137e+00,2.2959328410516036e+01,3.9942091575854166e-01
5.3092915857097774e+04,1,1.5000000000000000e+02,6.7069692676193116e-01,-2.0210847392469333e+01,-3.5293222759377096e-01,-4.1837524312673580e+00,-2.2960764641920946e+01,-3.9944608800654879e-01

5.3155748292549346e+04,0,1.5000000000000000e+02,7.4042488448735488e-01,-2.0218748687299321e+01,-3.5309136561045279e-01,-9.5550087586180545e+00,1.9198141104360776e+01,3.3796453134926457e-01
5.3155748292549346e+04,1,1.5000000000000000e+02,6.7103271467583536e-01,-2.0238998163370564e+01,-3.5342362855943393e-01,9.5551468791846368e+00,-1.9199642297039215e+01,-3.3799077284949747e-01

5.3218579591318427e+04,0,1.5000000000000000e+02,7.1098630704044952e-01,-2.0236437338239593e+01,-3.5339110716273303e-01,-5.1408111611394332e+01,-1.5010744932816332e+01,-2.4631301964400990e-01
5.3218579591318427e+04,1,1.5000000000000000e+02,7.0214443973699225e-01,-2.0268692391045242e+01,-3.5395134193029354e-01,5.1408032097556230e+01,1.5009242968644285e+01,2.4628683097761381e-01

5.3281411635922603e+04,0,1.5000000000000000e+02,7.1309412363908187e-01,-2.0262238588582488e+01,-3.5384204317390200e-01,-5.7341364629375391e+01,-7.4383703122604530e+00,-1.1234939603733707e-01
5.3281411635922603e+04,1,1.5000000000000000e+02,7.0183206496187056e-01,-2.0290301059042449e+01,-3.5432837002044443e-01,5.7341080904770877e+01,7.4369282120748395e+00,1.1232431435079659e-01

5.3344243584709584e+04,0,1.5000000000000000e+02,7.2845536303718927e-01,-2.0328736018241720e+01,-3.5500726287555617e-01,2.1944628328471399e+01,6.5998322137243903e+00,1.0849789856099529e-01
5.3344243584709584e+04,1,1.5000000000000000e+02,6.8837184250699146e-01,-2.0271270682430075e+01,-3.5399214372009513e-01,-2.1945087661973698e+01,-6.6011625040711124e+00,-1.0852097540055455e-01

5.3407075432821941e+04,0,1.5000000000000000e+02,7.1126539809509981e-01,-2.0354552960566863e+01,-3.5545259400708473e-01,2.5557397628071620e+01,-1.2775131645609299e+01,-2.3074241376958976e-01
5.3407075432821941e+04,1,1.5000000000000000e+02,7.0754490646852719e-01,-2.0293001784547648e+01,-3.5437724448243185e-01,-2.5557992819448238e+01,1.2773954008563969e+01,2.3072204248456923e-01

5.3469906978149411e+04,0,1.5000000000000000e+02,7.2508466245671643e-01,-2.0380854286301862e+01,-3.5591582522230575e-01,1.8135342102673114e+01,1.0892239478575945e+01,1.8457116862561107e-01
5.3469906978149411e+04,1,1.5000000000000000e+02,6.9576336970371078e-01,-2.0314344643477476e+01,-3.5474613967352137e-01,-1.8136025627129165e+01,-1.0893236844744095e+01,-1.8458836684084401e-01

5.3532738912087465e+04,0,1.5000000000000000e+02,7.0551966854147075e-01,-2.0406291848605701e+01,-3.5635381174198377e-01,2.0215999044663150e+01,-9.9183749303950179e+00,-1.7925796877569311e-01
5.3532738912087465e+04,1,1.5000000000000000e+02,7.1739127198182773e-01,-2.0336654778907448e+01,-3.5514209377949457e-01,-2.0216719541828880e+01,9.9175698473619107e+00,1.7924413762705216e-01

5.3595571039548187e+04,0,1.5000000000000000e+02,7.2458716186755834e-01,-2.0421784543716782e+01,-3.5663000512402654e-01,1.6951085143150298e+01,2.6066307351221194e+01,4.4975593205591302e-01
5.3595571039548187e+04,1,1.5000000000000000e+02,7.0038405310690066e-01,-2.0369011549138815e+01,-3.5570161631071456e-01,-1.6951792175174770e+01,-2.6066920687961325e+01,-4.4976642087227536e-01

5.3658402960934960e+04,0,1.5000000000000000e+02,7.0042274730915233e-01,-2.0453319026786374e+01,-3.5717299644659301e-01,2.0396741337621840e+01,-5.3731760614387198e+00,-9.9988370829100448e-02
5.3658402960934960e+04,1,1.5000000000000000e+02,7.2658149623583024e-01,-2.0385419750639873e+01,-3.5599595949795504e-01,-2.0397388676702484e+01,5.3727402306934451e+00,9.9980961735198937e-02

5.3721234586122329e+04,0,1.5000000000000000e+02,7.0719113088465979e-01,-2.0474479207436868e+01,-3.5754435437055626e-01,2.6143492010257518e+01,6.8892741913963533e+00,1.1227024559673304e-01
5.3721234586122329e+04,1,1.5000000000000000e+02,7.2179839743004481e-01,-2.0412281944944215e+01,-3.5646331232019773e-01,-2.6144039778131585e+01,-6.8895556674760314e+00,-1.1227499116296963e-01

5.3784066680597658e+04,0,1.5000000000000000e+02,6.8483152016482030e-01,-2.0487183954636052e+01,-3.5775927129028168e-01,9.8657588504416687e+00,-1.8539613164712087e+01,-3.2656629879681731e-01
5.3784066680597658e+04,1,1.5000000000000000e+02,7.4607982888113766e-01,-2.0447662225274001e+01,-3.5708818025595696e-01,-9.8661764574345021e+00,1.8539454197837081e+01,3.2656365165980838e-01

5.3846898526956691e+04,0,1.5000000000000000e+02,6.8979587097751771e-01,-2.0513562857389793e+01,-3.5822115890894235e-01,2.0366897876995317e+01,-1.1776946817620804e+01,-2.1174048949173246e-01
5.3846898526956691e+04,1,1.5000000000000000e+02,7.4296446553971296e-01,-2.0469411550076568e+01,-3.5746680925187657e-01,-2.0367163320653930e+01,1.1776874592122567e+01,2.1173930984631545e-01

5.3909730201675462e+04,0,1.5000000000000000e+02,6.9265703567790970e-01,-2.0501965974584994e+01,-3.5801963698825129e-01,-2.8641973105335975e+01,-1.5165502714449005e+01,-2.5594923001126146e-01
5.3909730201675462e+04,1,1.5000000000000000e+02,7.4187496453952018e-01,-2.0529160234570263e+01,-3.5850923566637943e-01,2.8641870925722369e+01,1.5165478659524815e+01,2.5594884132266504e-01

5.3972562353856221e+04,0,1.5000000000000000e+02,6.8320579831297890e-01,-2.0531694703930974e+01,-3.5853559567818799e-01,-9.4976838645888861e+00,-1.9686102335260909e+01,-3.4067655217400167e-01
5.3972562353856221e+04,1,1.5000000000000000e+02,7.5302101339667227e-01,-2.0547588077942109e+01,-3.5883424131212704e-01,9.4977479651123957e+00,1.9686088490437381e+01,3.4067629102208524e-01

5.4035393893720604e+04,0,1.5000000000000000e+02,7.1283490587461329e-01,-2.0579097977419647e+01,-3.5937192285015562e-01,5.3196576377210420e+01,9.1741213767477561e+00,1.4390506792185853e-01
5.4035393893720604e+04,1,1.5000000000000000e+02,7.2501450871035189e-01,-2.0548329206954374e+01,-3.5883864407011723e-01,-5.3196351523871513e+01,-9.1741610511382348e+00,-1.4390582883238978e-01

5.4098225623228325e+04,0,1.5000000000000000e+02,7.1461629170191598e-01,-2.0601353418261304e+01,-3.5976087649202382e-01,5.9080989451179519e+01,7.8407307830906241e+00,1.1884160755510276e-01
5.4098225623228325e+04,1,1.5000000000000000e+02,7.2479143477282448e-01,-2.0574191708313883e+01,-3.5928993897380318e-01,-5.9080617605319617e+01,-7.8408281907767083e+00,-1.1884342082927335e-01

5.4161057682967476e+04,0,1.5000000000000000e+02,6.9141529803560875e-01,-2.0589723006393466e+01,-3.5955083000177951e-01,-1.1879730983276579e+01,-1.7224192353380513e+01,-2.9698464865128626e-01
5.4161057682967476e+04,1,1.5000000000000000e+02,7.4949680966890064e-01,-2.0633902409067446e+01,-3.6033956043236715e-01,1.1880230965789773e+01,1.7224010690533422e+01,2.9698132588735360e-01

5.4223889515769777e+04,0,1.5000000000000000e+02,6.9736058455690797e-01,-2.0608185608120934e+01,-3.5987485792499579e-01,-1.5360573764856698e+01,-1.4184810070626490e+01,-2.4287973452504497e-01
5.4223889515769777e+04,1,1.5000000000000000e+02,7.4501332868129044e-01,-2.0663474350525700e+01,-3.6085429612217124e-01,1.5361179482583994e+01,1.4184522766034675e+01,2.4287453584827567e-01

5.4286721240682054e+04,0,1.5000000000000000e+02,7.1437458442470037e-01,-2.0669792566168852e+01,-3.6095523058046908e-01,6.4166853201667450e+01,-1.6286808715220612e+01,-3.0379133947407966e-01
5.4286721240682054e+04,1,1.5000000000000000e+02,7.2943068343869277e-01,-2.0649851281453934e+01,-3.6061179375778657e-01,-6.4166166986671257e+01,1.6286400354506608e+01,3.0378400355473500e-01

5.4349553188418162e+04,0,1.5000000000000000e+02,7.0898896425725688e-01,-2.0689431685005804e+01,-3.6129633977935027e-01,4.5811055839155856e+01,-3.6994004641040370e+01,-6.5958995924460284e-01
5.4349553188418162e+04,1,1.5000000000000000e+02,7.3622936338136380e-01,-2.0678143550798403e+01,-3.6110763299489057e-01,-4.5810314990201576e+01,3.6993466276282625e+01,6.5958033779870839e-01

5.4412385148535795e+04,0,1.5000000000000000e+02,7.2756786742366664e-01,-2.0672868401390410e+01,-3.6101293031357945e-01,-2.0734944131139972e+01,9.3398084670600987e+00,1.6931867945511436e-01
5.4412385148535795e+04,1,1.5000000000000000e+02,7.1905625581145882e-01,-2.0742586225547065e+01,-3.6222708119973063e-01,2.0735713592524316e+01,-9.3404799940775156e+00,-1.6933063361898271e-01

5.4475216854417667e+04,0,1.5000000000000000e+02,7.4202001883305058e-01,-2.0708195398907058e+01,-3.6163387397594698e-01,-1.0774238304536194e+01,2.8321019536686102e+01,4.9755213104673351e-01
5.4475216854417667e+04,1,1.5000000000000000e+02,7.0601239463048415e-01,-2.0755089069935611e+01,-3.6244131227523679e-01,1.0775011920220120e+01,-2.8321823301239583e+01,-4.9756639433923372e-01

5.4538048626920259e+04,0,1.5000000000000000e+02,7.2473995331281071e-01,-2.0720290078033106e+01,-3.6183969109395525e-01,-2.1637587884673373e+01,-6.4046123978165710e+00,-1.0518437760239191e-01
5.4538048626920259e+04,1,1.5000000000000000e+02,7.2471199174962886e-01,-2.0790779165219920e+01,-3.6306988677484908e-01,2.1638343116946501e+01,6.4036812540639616e+00,1.0516789683662847e-01

5.4600880572058973e+04,0,1.5000000000000000e+02,7.4002859265767740e-01,-2.0745971275948111e+01,-3.6229254714928055e-01,-1.8976117248973317e+01,8.7778687191485396e+00,1.5897568205846402e-01
5.4600880572058973e+04,1,1.5000000000000000e+02,7.1086107515040808e-01,-2.0812843251456712e+01,-3.6345073865976502e-01,1.8976834464032855e+01,-8.7789176001511215e+00,-1.5899420604106151e-01

5.4663712510201272e+04,0,1.5000000000000000e+02,7.1623563649854627e-01,-2.0783435854095270e+01,-3.6293914600532123e-01,-1.9938850742162046e+01,-3.6932703862855590e+01,-6.3849052878605550e-01
5.4663712510201272e+04,1,1.5000000000000000e+02,7.3611501028552939e-01,-2.0823090470675062e+01,-3.6363727040212657e-01,1.9939513034574524e+01,3.6931548226178393e+01,6.3847015839120969e-01

5.4726544279997455e+04,0,1.5000000000000000e+02,7.3997764437131919e-01,-2.0795533036829713e+01,-3.6315750348175929e-01,-2.3995615470730591e+01,3.7249476651378366e-01,1.3810783861646858e-02
5.4726544279997455e+04,1,1.5000000000000000e+02,7.1386073945487882e-01,-2.0858677867112185e+01,-3.6425157665585356e-01,2.3996209604835705e+01,-3.7374328200299267e-01,-1.3832754452078599e-02

5.4789376106974203e+04,0,1.5000000000000000e+02,7.1675550113627973e-01,-2.0842006655755203e+01,-3.6396150567259289e-01,-1.2656864234173010e+01,-5.9445696340338436e+01,-1.0336147562279407e+00
5.4789376106974203e+04,1,1.5000000000000000e+02,7.3859964371551912e-01,-2.0859868333789645e+01,-3.6427988938166916e-01,1.2657379772974753e+01,5.9444369198083258e+01,1.0335914373540511e+00

5.4852208137113739e+04,0,1.5000000000000000e+02,7.3878057665655750e-01,-2.0847819630954277e+01,-3.6406966556797282e-01,-3.0675957962467812e+01,-6.2036507219212176e+00,-9.8923727915132487e-02
5.4852208137113739e+04,1,1.5000000000000000e+02,7.1812120106573363e-01,-2.0901705360687778e+01,-3.6500380769900775e-01,3.0676387870987028e+01,6.2022596101007998e+00,9.8899318704405714e-02

5.4915039806718225e+04,0,1.5000000000000000e+02,7.1889737326870762e-01,-2.0894750989051204e+01,-3.6488267354809351e-01,-5.2504020964392630e+00,-7.1757645962379385e+01,-1.2507441570542746e+00
5.4915039806718225e+04,1,1.5000000000000000e+02,7.3958033774177734e-01,-2.0902414858097153e+01,-3.6502272721689594e-01,5.2507420510510947e+00,7.1756206183953353e+01,1.2507189258971900e+00

5.4977871663219645e+04,0,1.5000000000000000e+02,7.5242486491071248e-01,-2.0900117579925510e+01,-3.6498654697004940e-01,-2.6327194027479958e+01,7.8499625481479338e+00,1.4502086622697591e-01
5.4977871663219645e+04,1,1.5000000000000000e+02,7.0765708042839537e-01,-2.0944685839796918e+01,-3.6575073261570534e-01,2.6327442128465737e+01,-7.8514380665463879e+00,-1.4504669315105417e-01

5.5040703527496858e+04,0,1.5000000000000000e+02,7.2578072120838721e-01,-2.0933254124130080e+01,-3.6555674264364590e-01,-4.0878833884902775e+01,-4.5743478478194618e+01,-7.8588074070887337e-01
5.5040703527496858e+04,1,1.5000000000000000e+02,7.3593174146673412e-01,-2.0959187741542053e+01,-3.6601243900976754e-01,4.0878990623064510e+01,4.5741980951831209e+01,7.8585455752520728e-01

5.5103535702206449e+04,0,1.5000000000000000e+02,7.5685013999219597e-01,-2.0952834550954918e+01,-3.6590793289803936e-01,-2.6208228474826917e+01,1.2371972635880706e+01,2.2390458336682653e-01
5.5103535702206449e+04,1,1.5000000000000000e+02,7.0651669706663123e-01,-2.0987250759846528e+01,-3.6649324534119043e-01,2.6208296110459692e+01,-1.2373480522450617e+01,-2.2393092021765357e-01

5.5166367085570659e+04,0,1.5000000000000000e+02,7.5320764099417437e-01,-2.0976852550477155e+01,-3.6632599508347291e-01,-3.2928488426870715e+01,9.7672135735865844e+00,1.8049248178604196e-01
5.5166367085570659e+04,1,1.5000000000000000e+02,7.1183458991111936e-01,-2.1010882482011041e+01,-3.6690729568728436e-01,3.2928470342548977e+01,-9.7687212368749954e+00,-1.8051878862688273e-01

5.5229199033620585e+04,0,1.5000000000000000e+02,7.6923966383576137e-01,-2.1024133723655869e+01,-3.6715604913211580e-01,3.9652023297513779e+00,2.0540334993595913e+01,3.5727034358224374e-01
5.5229199033620585e+04,1,1.5000000000000000e+02,6.9749608985093248e-01,-2.1011261591324363e+01,-3.6690954399434228e-01,-3.9653006366844323e+00,-2.0541833445622721e+01,-3.5729646522576552e-01

5.5292030946443745e+04,0,1.5000000000000000e+02,7.6726149275158217e-01,-2.1037910790706494e+01,-3.6739588940043671e-01,-1.2923617208584719e+01,2.1655979270033004e+01,3.8188591091797441e-01
5.5292030946443745e+04,1,1.5000000000000000e+02,7.0118287830740489e-01,-2.1045156056834681e+01,-3.6750220701004416e-01,1.2923443626581399e+01,-2.1657460923343276e+01,-3.8191171645210908e-01

5.5354862769321051e+04,0,1.5000000000000000e+02,7.5797099047426342e-01,-2.1088521090830696e+01,-3.6827633064728033e-01,2.4818634963382678e+01,8.2074551947801417e+00,1.3567927125448170e-01
5.5354862769321051e+04,1,1.5000000000000000e+02,7.1219416706752492e-01,-2.1042229479127371e+01,-3.6745448549901705e-01,-2.4818877018798688e+01,-8.2089142046622108e+00,-1.3570466074704396e-01

5.5417694758450365e+04,0,1.5000000000000000e+02,7.6793385105299217e-01,-2.1106590871327153e+01,-3.6859472672818083e-01,1.0948523940092286e+01,1.7887363195758706e+01,3.0884225202473725e-01
5.5417694758450365e+04,1,1.5000000000000000e+02,7.0396138771489536e-01,-2.1071856504740051e+01,-3.6796904032850353e-01,-1.0948828727128316e+01,-1.7888794669228343e+01,-3.0886714183045771e-01

5.5480526291501890e+04,0,1.5000000000000000e+02,7.2685135633945019e-01,-2.1111406657947349e+01,-3.6866625861790653e-01,-2.2778900702799277e+01,-7.2651458861053214e+01,-1.2610035857650299e+00
5.5480526291501890e+04,1,1.5000000000000000e+02,7.4678083058189082e-01,-2.1114749823915510e+01,-3.6873067608259719e-01,2.2778540013188561e+01,7.2650058919647421e+01,1.2609792632995722e+00

5.5543358315556368e+04,0,1.5000000000000000e+02,7.3870004980614279e-01,-2.1160951302569590e+01,-3.6953454130271962e-01,3.2623682473768106e+01,-2.0846325183621545e+01,-3.7375678663658407e-01
5.5543358315556368e+04,1,1.5000000000000000e+02,7.3667323966063147e-01,-2.1112927687458814e+01,-3.6869579622022752e-01,-3.2624092940661050e+01,2.0844957290162732e+01,3.7373303864851204e-01

5.5606190149872193e+04,0,1.5000000000000000e+02,7.6734104803332814e-01,-2.1162673873119008e+01,-3.6957332920795410e-01,-1.5000815453880756e+01,2.7455168675791199e+01,4.8372850434290121e-01
5.5606190149872193e+04,1,1.5000000000000000e+02,7.0977559149308178e-01,-2.1158939570504824e+01,-3.6949062030930724e-01,1.5000360648423305e+01,-2.7456501984946350e+01,-4.8375163524474790e-01

5.5669022094116001e+04,0,1.5000000000000000e+02,7.5822772294554386e-01,-2.1177134132602333e+01,-3.6982291922747340e-01,-3.7945081571004017e+01,2.5313939150745863e+01,4.5334847460612704e-01
5.5669022094116001e+04,1,1.5000000000000000e+02,7.2063250065228890e-01,-2.1192225424875968e+01,-3.7007484585248102e-01,3.7944588733264361e+01,-2.5315238178613971e+01,-4.5337099563100247e-01

5.5731854164439057e+04,0,1.5000000000000000e+02,7.6548066882441812e-01,-2.1234840699790027e+01,-3.7083224708771084e-01,1.4675440121715910e+01,1.4953209885302645e+01,2.5649887463813553e-01
5.5731854164439057e+04,1,1.5000000000000000e+02,7.1512171644909206e-01,-2.1182275816620894e+01,-3.6989952238892682e-01,-1.4675965247345163e+01,-1.4954475680568240e+01,-2.5652080583820297e-01

5.5794686095113531e+04,0,1.5000000000000000e+02,7.6876919092426532e-01,-2.1254509648833796e+01,-3.7117651928651990e-01,8.8249360925632221e+00,2.0561146786108733e+01,3.5615312467824434e-01
5.5794686095113531e+04,1,1.5000000000000000e+02,7.1357267494858478e-01,-2.1210373428028724e+01,-3.7038942134802288e-01,-8.8254890827150927e+00,-2.0562380297414311e+01,-3.5617448395714313e-01

5.5857517542480353e+04,0,1.5000000000000000e+02,7.2982230425772610e-01,-2.1258709128138957e+01,-3.7123794571661084e-01,-1.3364670159244362e+01,-6.4979133958367299e+01,-1.1299709375531251e+00
5.5857517542480353e+04,1,1.5000000000000000e+02,7.5425539888089754e-01,-2.1253948778446240e+01,-3.7116230928334115e-01,1.3364094043976628e+01,6.4977930752939187e+01,1.1299501142294508e+00

5.5920349292362225e+04,0,1.5000000000000000e+02,7.2995770950859284e-01,-2.1287112867494113e+01,-3.7173370048275239e-01,-3.8937274912404973e-01,-5.9067980324510344e+01,-1.0307597842401031e+00
5.5920349292362225e+04,1,1.5000000000000000e+02,7.5585077977826631e-01,-2.1273328180189445e+01,-3.7150101239826944e-01,3.8877711835129958e-01,5.9066804755958103e+01,1.0307394491913946e+00

5.5983181324397330e+04,0,1.5000000000000000e+02,7.7014566175867571e-01,-2.1324805426750775e+01,-3.7240376882917436e-01,6.2422512835392165e+00,2.3996449284555538e+01,4.1689419086208401e-01
5.5983181324397330e+04,1,1.5000000000000000e+02,7.1738776656272973e-01,-2.1283426142186215e+01,-3.7166552894657118e-01,-6.2428631286645331e+00,-2.3997599513389297e+01,-4.1691407873205777e-01

5.6046013067343571e+04,0,1.5000000000000000e+02,7.7045536724674946e-01,-2.1348974532206967e+01,-3.7282567213396917e-01,6.3970705659699547e+00,2.4315421397323270e+01,4.2241385876957327e-01
5.6046013067343571e+04,1,1.5000000000000000e+02,7.1879686786188268e-01,-2.1307053458246788e+01,-3.7207831163475868e-01,-6.3976952413664847e+00,-2.4316549717737793e+01,-4.2243336037637969e-01

5.6108844852673566e+04,0,1.5000000000000000e+02,7.3673370604233546e-01,-2.1375419077828536e+01,-3.7327692027316545e-01,2.1129400069327758e+01,-3.0345222824601507e+01,-5.3603387244211576e-01
5.6108844852673566e+04,1,1.5000000000000000e+02,7.5423050852472284e-01,-2.1328410893370354e+01,-3.7246184443376590e-01,-2.1130034539745019e+01,3.0344112418238517e+01,5.3601468646231598e-01

5.6171676817800399e+04,0,1.5000000000000000e+02,7.4165754334292611e-01,-2.1404415100613399e+01,-3.7378447052284414e-01,2.3286582619113368e+01,-2.0565871278351427e+01,-3.6601780333981832e-01
5.6171676817800399e+04,1,1.5000000000000000e+02,7.5101135618391635e-01,-2.1347221934869790e+01,-3.7278916162799847e-01,-2.3287224721703097e+01,2.0564775770760239e+01,3.6599887970438344e-01

5.6234508922725683e+04,0,1.5000000000000000e+02,7.7047913339522067e-01,-2.1404629650789182e+01,-3.7379699485702444e-01,-1.5336867479360173e+01,3.5940809511514182e+01,6.3192572958217852e-01
5.6234508922725683e+04,1,1.5000000000000000e+02,7.2388689964034114e-01,-2.1394818974178069e+01,-3.7361158141434148e-01,1.5336219634143038e+01,-3.5941893239795682e+01,-6.3194444589085186e-01

5.6297340629008693e+04,0,1.5000000000000000e+02,7.7227599578611927e-01,-2.1431656338208711e+01,-3.7426922288627568e-01,-1.0147213158457618e+01,3.4784939179029408e+01,6.1017207133250972e-01
5.6297340629008693e+04,1,1.5000000000000000e+02,7.2377977575118368e-01,-2.1415607436653712e+01,-3.7397435738957857e-01,1.0146561860503077e+01,-3.4786015537257796e+01,-6.1019065796420324e-01

5.6360172438726971e+04,0,1.5000000000000000e+02,7.4935207214740496e-01,-2.1480150647812028e+01,-3.7510858181534329e-01,2.3533654820861663e+01,-1.1068894141627940e+01,-2.0034796475518807e-01
5.6360172438726971e+04,1,1.5000000000000000e+02,7.4838559845386265e-01,-2.1414932129834696e+01,-3.7397006731275784e-01,-2.3534307416241575e+01,1.1067820638312174e+01,2.0032942834401540e-01

5.6423004295824969e+04,0,1.5000000000000000e+02,7.5138339097045037e-01,-2.1504565948899067e+01,-3.7553530628582532e-01,2.3485996520765454e+01,-9.3262396211823670e+00,-1.6991993150094364e-01
5.6423004295824969e+04,1,1.5000000000000000e+02,7.4802832163358546e-01,-2.1438339502798005e+01,-3.7437847336716029e-01,-2.3486648888169242e+01,9.3251656679596522e+00,1.6990138716822301e-01

5.6485836138681363e+04,0,1.5000000000000000e+02,7.7363305642634483e-01,-2.1500119461057430e+01,-3.7546448226054235e-01,-1.5657567299306006e+01,3.6217741358212983e+01,6.3685655244106099e-01
5.6485836138681363e+04,1,1.5000000000000000e+02,7.2744489063191498e-01,-2.1490612284406367e+01,-3.7528448871490572e-01,1.5656916688360401e+01,-3.6218819075965889e+01,-6.3687516300889269e-01

5.6548668113644992e+04,0,1.5000000000000000e+02,7.7104996599238018e-01,-2.1517974088354396e+01,-3.7577530148333987e-01,-2.8687627982966276e+01,3.6808126022478746e+01,6.5112957066431043e-01
5.6548668113644992e+04,1,1.5000000000000000e+02,7.3168638704257982e-01,-2.1520587879854947e+01,-3.7580892699393259e-01,2.8686981326307020e+01,-3.6809212032065204e+01,-6.5114832714891258e-01

5.6611499791700189e+04,0,1.5000000000000000e+02,7.5617388961766285e-01,-2.1576570044094709e+01,-3.7679341007786238e-01,2.3659067210475158e+01,-6.9207164189045187e+00,-1.2799048590913265e-01
5.6611499791700189e+04,1,1.5000000000000000e+02,7.4821345950669083e-01,-2.1509825893089701e+01,-3.7562613901841452e-01,-2.3659707601798260e+01,6.9196178090923510e+00,1.2797150761146348e-01

5.6674331629112414e+04,0,1.5000000000000000e+02,7.5825248440139748e-01,-2.1600499828907111e+01,-3.7721167551782614e-01,2.3722970215960785e+01,-5.7173991143352403e+00,-1.0700917019583939e-01
5.6674331629112414e+04,1,1.5000000000000000e+02,7.4777837420380722e-01,-2.1533734730643033e+01,-3.7604327312865732e-01,-2.3723602377980349e+01,5.7162847525971934e+00,1.0698991448245493e-01

5.6737163672283961e+04,0,1.5000000000000000e+02,7.6939482312029517e-01,-2.1584728899124993e+01,-3.7693982905926637e-01,-4.2975754400198639e+01,3.1531752622148648e+01,5.6339679088919870e-01
5.6737163672283961e+04,1,1.5000000000000000e+02,7.3827233915784329e-01,-2.1597349531053855e+01,-3.7715060852477911e-01,4.2975132716002321e+01,-3.1532885822621065e+01,-5.6341637857548033e-01

5.6799995350430923e+04,0,1.5000000000000000e+02,7.7477655761437858e-01,-2.1612323556128281e+01,-3.7742306157178229e-01,-3.0372969682794377e+01,3.3867857667223660e+01,6.0032822281947085e-01
5.6799995350430923e+04,1,1.5000000000000000e+02,7.3452046696616158e-01,-2.1617603995068940e+01,-3.7750295460889721e-01,3.0372361498181789e+01,-3.3869013453820003e+01,-6.0034820880017326e-01

5.6862827585652056e+04,0,1.5000000000000000e+02,7.7554110075044258e-01,-2.1669167214946878e+01,-3.7841535299758378e-01,1.7677015945548497e+01,1.1292709921316092e+01,1.9169996277033857e-01
5.6862827585652056e+04,1,1.5000000000000000e+02,7.3537931341583140e-01,-2.1608616519244240e+01,-3.7734636304464031e-01,-1.7677606983933075e+01,-1.1293891952679477e+01,-1.9172041200869877e-01

5.6925659104018094e+04,0,1.5000000000000000e+02,7.7253432886560569e-01,-2.1694522523880210e+01,-3.7885694808056047e-01,2.1221991633536081e+01,5.4845667514395728e+00,8.9253971322836245e-02
5.6925659104018094e+04,1,1.5000000000000000e+02,7.4000443345843980e-01,-2.1631123788908283e+01,-3.7774057791407595e-01,-2.1222562247158645e+01,-5.4857772620196883e+00,-8.9274923814452178e-02

5.6988490840686827e+04,0,1.5000000000000000e+02,7.7150839551143768e-01,-2.1677932220021859e+01,-3.7856709471565014e-01,-4.7316567123793064e+01,2.3847227064366955e+01,4.3060568193462029e-01
5.6988490840686827e+04,1,1.5000000000000000e+02,7.4264395081998524e-01,-2.1695585056351160e+01,-3.7886638613066781e-01,4.7316020664734936e+01,-2.3848467974207566e+01,-4.3062717232486919e-01

5.7051322677270189e+04,0,1.5000000000000000e+02,7.6772099552471018e-01,-2.1699697620291808e+01,-3.7894579946219992e-01,-5.7221419575676798e+01,1.3441237377959368e+01,2.5201346443576073e-01
5.7051322677270189e+04,1,1.5000000000000000e+02,7.4804127080111882e-01,-2.1721699800367617e+01,-3.7932379535984662e-01,5.7220902253093648e+01,-1.3442510977842201e+01,-2.5203553422200259e-01

5.7114154518511234e+04,0,1.5000000000000000e+02,7.8278311921106714e-01,-2.1761549895625112e+01,-3.8002985883284507e-01,1.7409492332489606e+01,1.2177664559263270e+01,2.0722604728076810e-01
5.7114154518511234e+04,1,1.5000000000000000e+02,7.3458668972263741e-01,-2.1707737661060392e+01,-3.7907602362613269e-01,-1.7409975339784893e+01,-1.2178972317251066e+01,-2.0724872366171354e-01

5.7176986426720730e+04,0,1.5000000000000000e+02,7.8812653290514356e-01,-2.1780909534946950e+01,-3.8036935881394007e-01,1.2493114070545584e+01,1.6868253536432515e+01,2.9058580307852999e-01
5.7176986426720730e+04,1,1.5000000000000000e+02,7.3084987428366677e-01,-2.1736279116986370e+01,-3.7957300226593549e-01,-1.2493557572092822e+01,-1.6869595587282863e+01,-2.9060908998739543e-01

5.7239818234837978e+04,0,1.5000000000000000e+02,7.4938091681499075e-01,-2.1786929993889323e+01,-3.8046262703170380e-01,2.2996320105258761e+00,-6.8882980742863197e+01,-1.2028743200139933e+00
5.7239818234837978e+04,1,1.5000000000000000e+02,7.7120292639213028e-01,-2.1778171282521861e+01,-3.8031641414301781e-01,-2.3000298653438520e+00,6.8881604973345816e+01,1.2028504307277139e+00

5.7302650119451158e+04,0,1.5000000000000000e+02,7.5564501998995048e-01,-2.1823184522742032e+01,-3.8109726397028576e-01,3.2692963780453688e+01,-3.9748237895814469e+01,-7.0366175508600615e-01
5.7302650119451158e+04,1,1.5000000000000000e+02,7.6654898482906364e-01,-2.1789841791911467e+01,-3.8051867478651752e-01,-3.2693309947974534e+01,3.9746829104482629e+01,7.0363727374378116e-01

5.7365482035967725e+04,0,1.5000000000000000e+02,7.9490514296941406e-01,-2.1832132782109188e+01,-3.8126539247120411e-01,-9.4478715646947187e+00,2.3557284661852702e+01,4.1400943892031605e-01
5.7365482035967725e+04,1,1.5000000000000000e+02,7.2890399254992977e-01,-2.1828831359212209e+01,-3.8118766857544956e-01,9.4475828712954275e+00,-2.3558723256058645e+01,-4.1403445790291615e-01

5.7428314173873572e+04,0,1.5000000000000000e+02,7.8426483367870181e-01,-2.1842242666697686e+01,-3.8143859280707643e-01,-3.3743206310839831e+01,1.6223106398936764e+01,2.9341153716485996e-01
5.7428314173873572e+04,1,1.5000000000000000e+02,7.4116683026159491e-01,-2.1866672516708867e+01,-3.8185182340908691e-01,3.3742982024257834e+01,-1.6224571393012667e+01,-2.9343703650875824e-01

5.7491145832789349e+04,0,1.5000000000000000e+02,7.9148060363058959e-01,-2.1897107939254713e+01,-3.8239832190500195e-01,2.0558186824110713e+01,1.3524345992195460e+01,2.2976968306762141e-01
5.7491145832789349e+04,1,1.5000000000000000e+02,7.3558382716771864e-01,-2.1859770258358164e+01,-3.8172966152576465e-01,-2.0558339683890317e+01,-1.3525832453654179e+01,-2.2979557882785767e-01

5.7553977929327964e+04,0,1.5000000000000000e+02,8.0024634014010310e-01,-2.1907780172595935e+01,-3.8258724828958979e-01,3.3829760099859953e+00,2.0719785638596033e+01,3.6057955445970485e-01
5.7553977929327964e+04,1,1.5000000000000000e+02,7.2846378288220115e-01,-2.1897073700886786e+01,-3.8237852726557953e-01,-3.3830520583274932e+00,-2.0721286863165130e+01,-3.6060573127104284e-01

5.7616809267288241e+04,0,1.5000000000000000e+02,7.6101052937369706e-01,-2.1914226823085329e+01,-3.8268780523701357e-01,-4.7345747499214738e+01,-4.4142078734878403e+01,-7.5596242687696891e-01
5.7616809267288241e+04,1,1.5000000000000000e+02,7.6936128561682993e-01,-2.1938612413109372e+01,-3.8311593638035024e-01,4.7345753469431173e+01,4.4140570888748748e+01,7.5593610951795620e-01

5.7679641285747595e+04,0,1.5000000000000000e+02,7.7165109112721897e-01,-2.1967326522984003e+01,-3.8361776414481430e-01,4.9224871995318679e+01,-1.2569738811965820e+01,-2.3436770581611466e-01
5.7679641285747595e+04,1,1.5000000000000000e+02,7.6040136132672342e-01,-2.1933508143828529e+01,-3.8302412500902133e-01,-4.9224778421456492e+01,1.2568233510342495e+01,2.3434140617798427e-01

5.7742473147474026e+04,0,1.5000000000000000e+02,7.8991516472863954e-01,-2.1953887618363684e+01,-3.8338878665267034e-01,-2.6835449350242772e+01,9.1486668616045712e+00,1.6784121305100930e-01
5.7742473147474026e+04,1,1.5000000000000000e+02,7.4383981603995208e-01,-2.1994948834696672e+01,-3.8409136762200385e-01,2.6835632521764563e+01,-9.1501585633424725e+00,-1.6786730263259103e-01

5.7805304972078884e+04,0,1.5000000000000000e+02,7.7309978126717427e-01,-2.1976518374254653e+01,-3.8377862517127059e-01,-3.8423754824029146e+01,-1.4912454993897862e+01,-2.4855308583227870e-01
5.7805304972078884e+04,1,1.5000000000000000e+02,7.6238230682038699e-01,-2.2020323233784708e+01,-3.8453986048839611e-01,3.8424029944841948e+01,1.4910989224543949e+01,2.4852742082261953e-01

5.7868136966713129e+04,0,1.5000000000000000e+02,7.9963505716509786e-01,-2.2003833763276628e+01,-3.8426342784658057e-01,-1.2439682461752675e+01,1.7101795762891360e+01,3.0225702692847811e-01
5.7868136966713129e+04,1,1.5000000000000000e+02,7.3760109646387439e-01,-2.2041012756294688e+01,-3.8489339315856247e-01,1.2440049829535717e+01,-1.7103221804455071e+01,-3.0228202669424453e-01

5.7930968639267929e+04,0,1.5000000000000000e+02,7.9024630296046983e-01,-2.2019298695625622e+01,-3.8453046789905537e-01,-2.2873039060115495e+01,6.8121577791068759e+00,1.2585642638339259e-01
5.7930968639267929e+04,1,1.5000000000000000e+02,7.4877243609267463e-01,-2.2073547145022477e+01,-3.8546459958231533e-01,2.2873495551145311e+01,-6.8135300058366504e+00,-1.2588051410056963e-01

5.7993800514420334e+04,0,1.5000000000000000e+02,8.0111702819702069e-01,-2.2058822292113351e+01,-3.8522356123700258e-01,2.0234769440458003e+00,2.5572559130481952e+01,4.4568627791882021e-01
5.7993800514420334e+04,1,1.5000000000000000e+02,7.3971398430874657e-01,-2.2082012693622367e+01,-3.8560958416251317e-01,-2.0229360284564599e+00,-2.5573862229400024e+01,-4.4570918490784117e-01

5.8056632384384051e+04,0,1.5000000000000000e+02,7.9266263663920233e-01,-2.2065115865207286e+01,-3.8533082363497778e-01,-1.7517905471809307e+01,1.1656380706676440e+01,2.0876842393315703e-01
5.8056632384384051e+04,1,1.5000000000000000e+02,7.5001023845179915e-01,-2.2123691880635597e+01,-3.8634012274008828e-01,1.7518522073027761e+01,-1.1657600266305263e+01,-2.0878989601693271e-01

5.8119464143338628e+04,0,1.5000000000000000e+02,7.9713768193752288e-01,-2.2111499926178542e+01,-3.8614170025589145e-01,1.1589800424968260e+01,3.3834018237058899e+01,5.8695440318204184e-01
5.8119464143338628e+04,1,1.5000000000000000e+02,7.4740535280864051e-01,-2.2125257742438340e+01,-3.8636665715351554e-01,-1.1589119123724075e+01,-3.3835139448208864e+01,-5.8697417855804079e-01

5.8182296263304808e+04,0,1.5000000000000000e+02,7.8597242323261840e-01,-2.2108422706002003e+01,-3.8608459394566991e-01,-1.9483914300941962e+01,7.9036501979789477e+00,1.4387315681233137e-01
5.8182296263304808e+04,1,1.5000000000000000e+02,7.6046678630054432e-01,-2.2176256028599408e+01,-3.8726067880552539e-01,1.9484645245539355e+01,-7.9046606726981850e+00,-1.4389101469427024e-01

5.8245127871616191e+04,0,1.5000000000000000e+02,7.9511023858778918e-01,-2.2156015165645112e+01,-3.8691798046650711e-01,6.1171486660577585e+00,3.9382671372987197e+01,6.8545890263352360e-01
5.8245127871616191e+04,1,1.5000000000000000e+02,7.5324637088828394e-01,-2.2176548438296745e+01,-3.8726358237505798e-01,-6.1163857667413097e+00,-3.9383559632020997e+01,-6.8547463729197955e-01

5.8307959651039549e+04,0,1.5000000000000000e+02,7.8249593406813989e-01,-2.2155819451554926e+01,-3.8691072194158116e-01,-1.9931001350592396e+01,1.0377265239162988e+01,1.8717988930050788e-01
5.8307959651039549e+04,1,1.5000000000000000e+02,7.6779397711328334e-01,-2.2224587554172441e+01,-3.8810641211858737e-01,1.9931775111855615e+01,-1.0378023961818606e+01,-1.8719336654626473e-01

5.8370791637780247e+04,0,1.5000000000000000e+02,7.9005928653115287e-01,-2.2190864202354078e+01,-3.8752464111326262e-01,-1.4482253309642733e+01,3.0481062566198883e+01,5.3637966326925024e-01
5.8370791637780247e+04,1,1.5000000000000000e+02,7.6217236457894522e-01,-2.2237339588654788e+01,-3.8832725317047961e-01,1.4483014440837000e+01,-3.0481686928475309e+01,-5.3639079175567617e-01

5.8433623620827821e+04,0,1.5000000000000000e+02,7.6094474193647021e-01,-2.2205785007632691e+01,-3.8777617571654754e-01,-1.7709089832866024e+01,-1.1864811893507106e+01,-2.0167474814066955e-01
5.8433623620827821e+04,1,1.5000000000000000e+02,7.9322780781539048e-01,-2.2270164994603643e+01,-3.8890959589934776e-01,1.7709813037428741e+01,1.1864320829745974e+01,2.0166595758791261e-01

5.8496455727801280e+04,0,1.5000000000000000e+02,7.6346151924329297e-01,-2.2229194632207673e+01,-3.8818549658053075e-01,-2.1081271847841364e+01,-5.0537032855679236e+00,-8.1777234862971226e-02
5.8496455727801280e+04,1,1.5000000000000000e+02,7.9264064528435574e-01,-2.2294449109691680e+01,-3.8933323316500951e-01,2.1081930495939609e+01,5.0533404650594314e+00,8.1770702129747630e-02

5.8559287297659539e+04,0,1.5000000000000000e+02,7.4903152314083321e-01,-2.2273574703961359e+01,-3.8895563966815699e-01,2.0559867469414250e+00,-2.6235439318560751e+01,-4.5849787121120422e-01
5.8559287297659539e+04,1,1.5000000000000000e+02,8.0897696929007057e-01,-2.2297710454296404e+01,-3.8939512794747388e-01,-2.0554185028080916e+00,2.6235192685175193e+01,4.5849339376270226e-01

5.8622119237816609e+04,0,1.5000000000000000e+02,7.4787291675026890e-01,-2.2293871602420978e+01,-3.8930951633519573e-01,-5.4190356008393028e+00,-2.1117352102150974e+01,-3.6689779523358995e-01
5.8622119237816609e+04,1,1.5000000000000000e+02,8.1200703599132795e-01,-2.2325006033265911e+01,-3.8987242443890058e-01,5.4194883000953968e+00,2.1117204523746466e+01,3.6689508173146451e-01

5.8684950825999163e+04,0,1.5000000000000000e+02,7.6729328285072862e-01,-2.2347247481268631e+01,-3.9024696984078339e-01,4.6330534032507693e+01,-8.2035019474265951e+00,-1.5728465491533045e-01
5.8684950825999163e+04,1,1.5000000000000000e+02,7.9441081837299088e-01,-2.2319179676532642e+01,-3.8976537999812633e-01,-4.6330218009988236e+01,8.2034294225573987e+00,1.5728329291468035e-01

5.8747782788385295e+04,0,1.5000000000000000e+02,7.6186752258031376e-01,-2.2372266164791306e+01,-3.9068195309321491e-01,3.5141288613259469e+01,-1.1273937236770944e+01,-2.0746252729083223e-01
5.8747782788385295e+04,1,1.5000000000000000e+02,8.0160246919163936e-01,-2.2341677016447953e+01,-3.9016020341563118e-01,-3.5141126631074165e+01,1.1273910652801405e+01,2.0746201399516448e-01

5.8810614569339807e+04,0,1.5000000000000000e+02,7.6052055212954672e-01,-2.2363957036888454e+01,-3.9053652837579256e-01,-3.0917535780852802e+01,-1.1023260820160001e+01,-1.8296392963615316e-01
5.8810614569339807e+04,1,1.5000000000000000e+02,8.0464744251039499e-01,-2.2397481231710437e+01,-3.9113504875165461e-01,3.0917532425623158e+01,1.1023245968101126e+01,1.8296367145733383e-01

5.8873446686772906e+04,0,1.5000000000000000e+02,7.5576040766630759e-01,-2.2394814431765010e+01,-3.9107361397306500e-01,-2.3684498033968666e+01,-1.9283386115707032e+01,-3.2932641473885371e-01
5.8873446686772906e+04,1,1.5000000000000000e+02,8.1103097542364955e-01,-2.2414113578823439e+01,-3.9142726776449110e-01,2.3684327258584212e+01,1.9283345287197733e+01,3.2932575421026555e-01

5.8936278277105630e+04,0,1.5000000000000000e+02,7.6145274605306190e-01,-2.2453142464721193e+01,-3.9209331247682028e-01,2.2882033764637303e+01,-8.4107727742707397e+00,-1.5375884509770346e-01
5.8936278277105630e+04,1,1.5000000000000000e+02,8.0688449456742983e-01,-2.2403287884994036e+01,-3.9123707009382047e-01,-2.2882365012236864e+01,8.4106671616740485e+00,1.5375710281606833e-01

5.8999110125096384e+04,0,1.5000000000000000e+02,7.6885186061397548e-01,-2.2481586165572505e+01,-3.9259197740865642e-01,2.4300816422727046e+01,-2.6185315655062418e+00,-5.3102505215848250e-02
5.8999110125096384e+04,1,1.5000000000000000e+02,8.0095509477946525e-01,-2.2422378659748489e+01,-3.9156844365412879e-01,-2.4301292632090686e+01,2.6183226393254095e+00,5.3099004023890783e-02

5.9061942177577374e+04,0,1.5000000000000000e+02,7.5865013132263459e-01,-2.2485546378741496e+01,-3.9265798476147173e-01,-6.6984683596604029e+00,-3.0676826805525149e+01,-5.3334387576540432e-01
5.9061942177577374e+04,1,1.5000000000000000e+02,8.1255707201152372e-01,-2.2466004976007689e+01,-3.9233336208606240e-01,6.6978729654869724e+00,3.0676479060210486e+01,5.3333798815312172e-01

5.9124773893308928e+04,0,1.5000000000000000e+02,7.6273503520904384e-01,-2.2517716294912574e+01,-3.9322067149100931e-01,3.4121546221924355e+00,-2.9718597746334453e+01,-5.1970050112008115e-01
5.9124773893308928e+04,1,1.5000000000000000e+02,8.0981562385715677e-01,-2.2481492212586062e+01,-3.9260281637951772e-01,-3.4128330736124788e+00,2.9718082904036869e+01,5.1969172256557228e-01

5.9187605859681185e+04,0,1.5000000000000000e+02,8.0464782750618713e-01,-2.2533376226984224e+01,-3.9350674288833787e-01,-4.0833767840066617e+00,4.5243056906870862e+01,7.9084414844440465e-01
5.9187605859681185e+04,1,1.5000000000000000e+02,7.6920706291963115e-01,-2.2513576260713091e+01,-3.9315038940681601e-01,4.0826589892804908e+00,-4.5243757912006075e+01,-7.9085616400344905e-01

5.9250437530266863e+04,0,1.5000000000000000e+02,8.0104122020075941e-01,-2.2542761337592047e+01,-3.9366943684546091e-01,-4.3752701145225174e+01,4.1454411037826532e+01,7.3680774204154353e-01
5.9250437530266863e+04,1,1.5000000000000000e+02,7.7410199086002418e-01,-2.2552033050433817e+01,-3.9382304397089507e-01,4.3751993337093680e+01,-4.1455307182196961e+01,-7.3682316629200284e-01

5.9313269353437478e+04,0,1.5000000000000000e+02,8.0813552033069946e-01,-2.2600988237965101e+01,-3.9468779741833687e-01,1.5485161399993492e+01,1.5199810213713313e+01,2.6055597604651121e-01
5.9313269353437478e+04,1,1.5000000000000000e+02,7.6830660756979419e-01,-2.2541751513364236e+01,-3.9364184082763826e-01,-1.5485807117279046e+01,-1.5200896324006237e+01,-2.6057473457442754e-01

5.9376101539624782e+04,0,1.5000000000000000e+02,8.1255920263593440e-01,-2.2593732851410444e+01,-3.9456252095015998e-01,-2.4561869709866627e+01,3.0440478308138658e+01,5.3874195303505679e-01
5.9376101539624782e+04,1,1.5000000000000000e+02,7.6522136809188157e-01,-2.2597053658020446e+01,-3.9460605635520413e-01,2.4561336899421036e+01,-3.0441734066162610e+01,-5.3876370671934226e-01

5.9438933196792525e+04,0,1.5000000000000000e+02,8.1923439529988584e-01,-2.2640102880839919e+01,-3.9537382292525641e-01,1.3020575452692164e+01,1.6617240718315436e+01,2.8604434326077183e-01
5.9438933196792525e+04,1,1.5000000000000000e+02,7.5995359919294569e-01,-2.2598819665941065e+01,-3.9463527259928122e-01,-1.3020949462490876e+01,-1.6618631940337870e+01,-2.8606850949388080e-01

5.9501764963589376e+04,0,1.5000000000000000e+02,8.2231287537946152e-01,-2.2638912071858311e+01,-3.9535397814533746e-01,-1.4907402630546081e+01,2.1644513259070536e+01,3.8229012773944759e-01
5.9501764963589376e+04,1,1.5000000000000000e+02,7.5837734677177226e-01,-2.2648216626713772e+01,-3.9549688815316769e-01,1.4907222212305072e+01,-2.1645991754013281e+01,-3.8231587606948503e-01

5.9564597277736138e+04,0,1.5000000000000000e+02,8.2593932288673522e-01,-2.2661055181944093e+01,-3.9574153333376333e-01,-8.9126789687339389e+00,2.0185196741301191e+01,3.5499535272484728e-01
5.9564597277736138e+04,1,1.5000000000000000e+02,7.5636857253411471e-01,-2.2674322234119469e+01,-3.9595188178140373e-01,8.9127139091714476e+00,-2.0186704447727664e+01,-3.5502167647097660e-01

5.9627428632296032e+04,0,1.5000000000000000e+02,8.1084174273808374e-01,-2.2668821380968293e+01,-3.9587247287104343e-01,-2.9567460480582902e+01,4.3242165520879023e+00,8.4475205889853799e-02
5.9627428632296032e+04,1,1.5000000000000000e+02,7.7321134265884206e-01,-2.2714810031888266e+01,-3.9666362204060351e-01,2.9567713559922488e+01,-4.3256891530761141e+00,-8.4500983413725472e-02

5.9690260447879475e+04,0,1.5000000000000000e+02,8.1917334737684189e-01,-2.2691672532906477e+01,-3.9627381843613629e-01,-1.7264697462665634e+01,1.3067698049360686e+01,2.3332217232384925e-01
5.9690260447879475e+04,1,1.5000000000000000e+02,7.6675367479874990e-01,-2.2740181069009950e+01,-3.9710444036718412e-01,1.7265152958105485e+01,-1.3069070369259940e+01,-2.3334626136386896e-01

5.9753092440274733e+04,0,1.5000000000000000e+02,7.8297027597555979e-01,-2.2741287961262589e+01,-3.9712869829371339e-01,2.8162533326619268e+01,-6.5956495165000803e+01,-1.1596787947922456e+00
5.9753092440274733e+04,1,1.5000000000000000e+02,8.0494814915630042e-01,-2.2738715600477239e+01,-3.9709049959093551e-01,-2.8161912431700266e+01,6.5955282720342353e+01,1.1596574455741504e+00

5.9815924187312892e+04,0,1.5000000000000000e+02,7.8157625337314962e-01,-2.2745259320166799e+01,-3.9719758327674415e-01,-1.3438954356793882e+01,-3.7915995391477864e+01,-6.5763141441652584e-01
5.9815924187312892e+04,1,1.5000000000000000e+02,8.0842634103549349e-01,-2.2782784969337090e+01,-3.9786067557779520e-01,1.3439686198397453e+01,3.7914988751173098e+01,6.5761362318153349e-01

5.9878756480376636e+04,0,1.5000000000000000e+02,8.0398696687101368e-01,-2.2753825116245640e+01,-3.9735390395465531e-01,-1.9799886922868609e+01,1.0746212436429467e+01,1.9357896397872210e-01
5.9878756480376636e+04,1,1.5000000000000000e+02,7.8815651464810599e-01,-2.2822122949744578e+01,-3.9854104302707882e-01,1.9800660185379201e+01,-1.0746983350989282e+01,-1.9359265385043367e-01

5.9941588328551181e+04,0,1.5000000000000000e+02,7.9599779939188542e-01,-2.2777535145981137e+01,-3.9776526715130306e-01,-2.2419268539250933e+01,7.0476903107304558e+00,1.2982880243535894e-01
5.9941588328551181e+04,1,1.5000000000000000e+02,7.9829633618972207e-01,-2.2846162637794862e+01,-3.9896368224104295e-01,2.2420005390052562e+01,-7.0482209862128080e+00,-1.2983828846495310e-01

6.0004419968665323e+04,0,1.5000000000000000e+02,7.7357567081185818e-01,-2.2834017686043897e+01,-3.9874419276534234e-01,1.9253789843970928e+01,-3.2181948658546645e+01,-5.6751778564509581e-01
6.0004419968665323e+04,1,1.5000000000000000e+02,8.2282748962344210e-01,-2.2837275765469403e+01,-3.9881605781586255e-01,-1.9253166834819531e+01,3.2181636770230043e+01,5.6751215265802635e-01

6.0067251660477836e+04,0,1.5000000000000000e+02,7.7561026782844733e-01,-2.2866155438846896e+01,-3.9930569358245938e-01,2.9195168492026603e+01,-2.3865506037134320e+01,-4.2540431987997257e-01
6.0067251660477836e+04,1,1.5000000000000000e+02,8.2280907299558037e-01,-2.2852597283919167e+01,-3.9908344946083235e-01,-2.9194728567794250e+01,2.3865366663832649e+01,4.2540175346852721e-01

6.0130083933893460e+04,0,1.5000000000000000e+02,7.6475028742537410e-01,-2.2876192195394967e+01,-3.9947755072271568e-01,-2.6428204798554553e+00,-2.0990107411731842e+01,-3.6552279562806633e-01
6.0130083933893460e+04,1,1.5000000000000000e+02,8.3554763516401898e-01,-2.2889918830184442e+01,-3.9973868073311519e-01,2.6430255732945547e+00,2.0990071155148030e+01,3.6552210038859456e-01

6.0192915502865966e+04,0,1.5000000000000000e+02,7.6651199119218705e-01,-2.2915613020716940e+01,-4.0016607555663752e-01,9.2506972831370646e+00,-1.9679719850721089e+01,-3.4627653608182307e-01
6.0192915502865966e+04,1,1.5000000000000000e+02,8.3549484513641126e-01,-2.2897806339104932e+01,-3.9987632055842426e-01,-9.2507517365078584e+00,1.9679700788199465e+01,3.4627621998652347e-01

6.0255747174746190e+04,0,1.5000000000000000e+02,7.7888762083560836e-01,-2.2920974306457033e+01,-4.0026341282166772e-01,-3.1364957259446513e+01,-2.0384984412812891e+01,-3.4621223540656321e-01
6.0255747174746190e+04,1,1.5000000000000000e+02,8.2464601544679994e-01,-2.2939765327624166e+01,-4.0060530087268204e-01,3.1364648648108655e+01,2.0384890258111319e+01,3.4621068619657125e-01

6.0318579214104437e+04,0,1.5000000000000000e+02,7.7505281846137530e-01,-2.2976949507936407e+01,-4.0123914648824177e-01,1.0836466376537675e+01,-1.8734502288465372e+01,-3.3026329244614833e-01
6.0318579214104437e+04,1,1.5000000000000000e+02,8.2983551103377018e-01,-2.2931187909358176e+01,-4.0045718508097083e-01,-1.0836989405252108e+01,1.8734246243967867e+01,3.3025898318828734e-01

6.0381411112698770e+04,0,1.5000000000000000e+02,7.7932663555261628e-01,-2.2987871007270591e+01,-4.0143105478269414e-01,-7.0284158072633751e+00,-3.5049251206318608e+01,-6.0955269066896556e-01
6.0381411112698770e+04,1,1.5000000000000000e+02,8.2677890817279442e-01,-2.2967802099984716e+01,-4.0109525957923586e-01,7.0277477142864093e+00,3.5048763268697037e+01,6.0954437850963072e-01

6.0444242703780954e+04,0,1.5000000000000000e+02,7.9680352182835945e-01,-2.3036242503448488e+01,-4.0228057772280579e-01,2.0155609006161104e+01,-9.5004984328962330e+00,-1.7194662153292439e-01
6.0444242703780954e+04,1,1.5000000000000000e+02,8.1043852609474787e-01,-2.2967150016004734e+01,-4.0107890122109585e-01,-2.0156328856104803e+01,9.4997382014578342e+00,1.7193357295824307e-01

6.0507074833539380e+04,0,1.5000000000000000e+02,8.0307528523160887e-01,-2.3058081163502855e+01,-4.0266362537055866e-01,2.3059156736721313e+01,-1.2105080408059823e+01,-2.1828736091301132e-01
6.0507074833539380e+04,1,1.5000000000000000e+02,8.0529476920017140e-01,-2.2993238272320184e+01,-4.0153263700698066e-01,-2.3059823600128603e+01,1.2104043135335342e+01,2.1826946115988471e-01

6.0569906692848446e+04,0,1.5000000000000000e+02,8.3471430908002398e-01,-2.3061668119612712e+01,-4.0273586456801858e-01,-2.0763709295886379e+00,2.6255744075063490e+01,4.5885844776887041e-01
6.0569906692848446e+04,1,1.5000000000000000e+02,7.7485560758595573e-01,-2.3037779310866412e+01,-4.0230071243892701e-01,2.0758586250087916e+00,-2.6257021578087119e+01,-4.5888058720287306e-01

6.0632738259608333e+04,0,1.5000000000000000e+02,8.3915416748246330e-01,-2.3086578034236730e+01,-4.0317195495310088e-01,6.0325027437439260e+00,2.0309473514825036e+01,3.5261148750347826e-01
6.0632738259608333e+04,1,1.5000000000000000e+02,7.7176235446146846e-01,-2.3061161177268552e+01,-4.0270783987180714e-01,-6.0327769594940506e+00,-2.0310917652303992e+01,-3.5263660763967986e-01

6.0695570156237489e+04,0,1.5000000000000000e+02,7.9641514675756875e-01,-2.3097638746400900e+01,-4.0335197120076088e-01,-2.6224718436214474e+00,-7.7366150851407582e+01,-1.3494266178554235e+00
6.0695570156237489e+04,1,1.5000000000000000e+02,8.1605211354264495e-01,-2.3098491140316263e+01,-4.0337282959187359e-01,2.6224856645763097e+00,7.7364644347994613e+01,1.3494003215378156e+00

6.0758402034942163e+04,0,1.5000000000000000e+02,7.9965515933382048e-01,-2.3128976394272680e+01,-4.0389987550079964e-01,4.3536248907443678e+01,-6.2725909076548362e+01,-1.1079806328524393e+00
6.0758402034942163e+04,1,1.5000000000000000e+02,8.1459602628732508e-01,-2.3115555932992706e+01,-4.0367020763555017e-01,-4.3535941365195697e+01,6.2724457302679340e+01,1.1079552022199328e+00

6.0821233834940707e+04,0,1.5000000000000000e+02,8.3039117140283225e-01,-2.3118378677458992e+01,-4.0372428295580393e-01,-1.8473033453015525e+01,1.0909358799745213e+01,1.9602205740797812e-01
6.0821233834940707e+04,1,1.5000000000000000e+02,7.8586925933529150e-01,-2.3174472717724367e+01,-4.0468969610614791e-01,1.8473593220491274e+01,-1.0910642242256486e+01,-1.9604462708919518e-01

6.0884065949345393e+04,0,1.5000000000000000e+02,8.0447625877501827e-01,-2.3140132017593206e+01,-4.0409603647062403e-01,-2.2316706482109296e+01,-1.7530971242612317e+01,-2.9915923241926001e-01
6.0884065949345393e+04,1,1.5000000000000000e+02,8.1397200359642208e-01,-2.3200867797301953e+01,-4.0515891469955273e-01,2.2317431658073509e+01,1.7529947132370587e+01,2.9914113832121758e-01

6.0946897907308055e+04,0,1.5000000000000000e+02,8.1581378311001007e-01,-2.3159931639865778e+01,-4.0444504122728320e-01,-2.0555331870358827e+01,9.4115779680571841e+00,1.7051651417887825e-01
6.0946897907308055e+04,1,1.5000000000000000e+02,8.0491886748379304e-01,-2.3228981374534964e+01,-4.0564680631132966e-01,2.0556103478471414e+01,-9.4122930611086666e+00,-1.7052922932805858e-01

6.1009729826659466e+04,0,1.5000000000000000e+02,7.8844896187869462e-01,-2.3192263619448788e+01,-4.0500097577218974e-01,-1.2008370347314743e+01,-1.9452695131825301e+01,-3.3583819708026030e-01
6.1009729826659466e+04,1,1.5000000000000000e+02,8.3455967227867078e-01,-2.3244301546148886e+01,-4.0592320965829093e-01,1.2009056083740900e+01,1.9452284210849548e+01,3.3583081662493097e-01

6.1072561599458284e+04,0,1.5000000000000000e+02,7.9537026868132976e-01,-2.3213817675769846e+01,-4.0537925430608290e-01,-2.5026753532395077e+01,-3.2469798103751017e+00,-4.9043638933266631e-02
6.1072561599458284e+04,1,1.5000000000000000e+02,8.2979512693321711e-01,-2.3270159222781587e+01,-4.0637303682802783e-01,2.5027231173062113e+01,3.2468132805546475e+00,4.9040587084528575e-02

6.1135393616506379e+04,0,1.5000000000000000e+02,7.8103673899264403e-01,-2.3271057023363671e+01,-4.0637385212487082e-01,1.4024554389755870e+01,-2.1050002315435002e+01,-3.7164553650522264e-01
6.1135393616506379e+04,1,1.5000000000000000e+02,8.4607070816900953e-01,-2.3260159088559323e+01,-4.0620346842372074e-01,-1.4024371847924805e+01,2.1049970953559736e+01,3.7164493355923028e-01

6.1198225193851431e+04,0,1.5000000000000000e+02,7.7895295798076614e-01,-2.3292707215923937e+01,-4.0675106521872045e-01,-1.6880748220818340e+00,-2.1640745507995895e+01,-3.7716884306047133e-01
6.1198225193851431e+04,1,1.5000000000000000e+02,8.4982153118355264e-01,-2.3285681661219332e+01,-4.0665004128126825e-01,1.6879279047314277e+00,2.1640710117718164e+01,3.7716827017330762e-01

6.1261056908718179e+04,0,1.5000000000000000e+02,8.1119474413024673e-01,-2.3339243343930132e+01,-4.0757305447249181e-01,3.0935923081542878e+01,1.4643760824355097e+01,2.4614476581977340e-01
6.1261056908718179e+04,1,1.5000000000000000e+02,8.1896287103203114e-01,-2.3286378362374133e+01,-4.0665279975514018e-01,-3.0936368471459982e+01,-1.4643944005625579e+01,-2.4614782709089045e-01

6.1323888639188350e+04,0,1.5000000000000000e+02,8.1657363827534279e-01,-2.3368179984839443e+01,-4.0807970700011975e-01,2.3648086407709883e+01,1.3145838664369748e+01,2.2222253426549055e-01
6.1323888639188350e+04,1,1.5000000000000000e+02,8.1473185992532526e-01,-2.3304857074560601e+01,-4.0697400876695122e-01,-2.3648738326015604e+01,-1.3146289290409683e+01,-2.2223020017605244e-01

6.1386720648911287e+04,0,1.5000000000000000e+02,8.0016658535201846e-01,-2.3384340182991878e+01,-4.0835674314210607e-01,1.2853728571875315e+01,-2.8301551940589722e+01,-4.9784585579498242e-01
6.1386720648911287e+04,1,1.5000000000000000e+02,8.3215280623818921e-01,-2.3336386923808643e+01,-4.0752958742801271e-01,-1.2854447729492563e+01,2.8300765192105064e+01,4.9783234422220302e-01

6.1449552573406989e+04,0,1.5000000000000000e+02,8.1940511531246474e-01,-2.3416563219314281e+01,-4.0892497328305721e-01,2.4427473045152791e+01,-9.3934824171704037e+00,-1.7138028484991408e-01
6.1449552573406989e+04,1,1.5000000000000000e+02,8.1393133507114135e-01,-2.3352167059502673e+01,-4.0779943783558142e-01,-2.4428100245075687e+01,9.3923617317724890e+00,1.7136091726105473e-01

6.1512384246858404e+04,0,1.5000000000000000e+02,8.3510824386971461e-01,-2.3398231378108669e+01,-4.0860982215262154e-01,-4.0349550884231135e+01,1.9377310052757455e+01,3.5047249121946444e-01
6.1512384246858404e+04,1,1.5000000000000000e+02,7.9939337746339911e-01,-2.3418786557802029e+01,-4.0895767957980789e-01,4.0349159585249325e+01,-1.9378689277002291e+01,-3.5049644279657854e-01

6.1575216075103272e+04,0,1.5000000000000000e+02,8.0852292282694405e-01,-2.3436977084570657e+01,-4.0927792912587563e-01,1.6957938157248599e+01,-7.2932834478278352e+01,-1.2780194156537557e+00
6.1575216075103272e+04,1,1.5000000000000000e+02,8.2741207933588390e-01,-2.3428518818396185e+01,-4.0913606628530730e-01,-1.6957995966408895e+01,7.2931332724500407e+01,1.2779932240496896e+00

6.1638048166997229e+04,0,1.5000000000000000e+02,8.2938714440363059e-01,-2.3433259826299768e+01,-4.0921940987333139e-01,-3.4799323379603386e+01,-6.2408134394076473e+00,-9.8316193970422044e-02
6.1638048166997229e+04,1,1.5000000000000000e+02,8.0831507797264612e-01,-2.3480759946137795e+01,-4.1004198202587783e-01,3.4799621577069068e+01,6.2393573959016972e+00,9.8290691668995817e-02

6.1700879751817993e+04,0,1.5000000000000000e+02,8.1258034706505278e-01,-2.3487812263519920e+01,-4.1016636120260258e-01,5.4436944332144861e+01,-5.4836136085912145e+01,-9.7360581835651894e-01
6.1700879751817993e+04,1,1.5000000000000000e+02,8.2721280442726153e-01,-2.3474611937462331e+01,-4.0994044127502210e-01,-5.4436350321958997e+01,5.4834891656146837e+01,9.7358391910983511e-01

6.1763711805527862e+04,0,1.5000000000000000e+02,8.0475921133260586e-01,-2.3494298051099381e+01,-4.1027717115811130e-01,1.6613477061220294e-03,-4.6667135521997906e+01,-8.1445432243202265e-01
6.1763711805527862e+04,1,1.5000000000000000e+02,8.3735968029150865e-01,-2.3516267260081843e+01,-4.1067051789762454e-01,-9.0458971490292583e-04,4.6666220424474020e+01,8.1443812124690851e-01

6.1826543492632372e+04,0,1.5000000000000000e+02,8.3335981694774930e-01,-2.3504496729201190e+01,-4.1046387524580225e-01,-1.8032576187825143e+01,2.8444244681004925e+01,5.0191383484726448e-01
6.1826543492632372e+04,1,1.5000000000000000e+02,8.1116615076693432e-01,-2.3553857369515907e+01,-4.1131857628170859e-01,1.8033316259009190e+01,-2.8444787294777292e+01,-5.0192353021105585e-01

6.1889375308118528e+04,0,1.5000000000000000e+02,8.2829320708714793e-01,-2.3531622438900673e+01,-4.1093574062766575e-01,-2.8573035997544878e+01,3.1342110530370569e+01,5.5569953824637497e-01
6.1889375308118528e+04,1,1.5000000000000000e+02,8.1853887472245368e-01,-2.3574165019796418e+01,-4.1167523954977420e-01,2.8573578511052013e+01,-3.1342332661601496e+01,-5.5570358023602484e-01

6.1952207339951434e+04,0,1.5000000000000000e+02,7.9321070914714797e-01,-2.3582736453088330e+01,-4.1181711582416830e-01,1.6601851193324311e+01,-2.1034054877692750e+01,-3.7215234473162406e-01
6.1952207339951434e+04,1,1.5000000000000000e+02,8.5565960513590655e-01,-2.3570217607593634e+01,-4.1161765583253496e-01,-1.6601641237945760e+01,2.1034016883447340e+01,3.7215161768354421e-01

6.2015039458223298e+04,0,1.5000000000000000e+02,8.1640034031423425e-01,-2.3621991358061333e+01,-4.1250927263192677e-01,3.8096603077228465e+01,8.6615527800785355e+00,1.3955946095453733e-01
6.2015039458223298e+04,1,1.5000000000000000e+02,8.3413506207938137e-01,-2.3578027399466887e+01,-4.1174739833765800e-01,-3.8096778077018982e+01,-8.6615956962025944e+00,-1.3956015663104163e-01

6.2077870841323362e+04,0,1.5000000000000000e+02,7.9595253550828005e-01,-2.3636134324788209e+01,-4.1274987228709109e-01,-1.1973886272547780e+00,-2.5893576867502130e+01,-4.5154046360540051e-01
6.2077870841323362e+04,1,1.5000000000000000e+02,8.5586572944856776e-01,-2.3611049060188492e+01,-4.1233032558353550e-01,1.1968789163253568e+00,2.5893334232511808e+01,4.5153638431800053e-01

6.2140702699795511e+04,0,1.5000000000000000e+02,8.1808958919509334e-01,-2.3682319241205686e+01,-4.1356265382222129e-01,2.0580876202071913e+01,-4.8409824064504221e+00,-9.0756404429964188e-02
6.2140702699795511e+04,1,1.5000000000000000e+02,8.3472541474949269e-01,-2.3612314047768376e+01,-4.1234596255344663e-01,-2.0581575071951342e+01,4.8403949377186422e+00,9.0746364587966644e-02

6.2203534995536080e+04,0,1.5000000000000000e+02,8.2747259048778066e-01,-2.3705349186534814e+01,-4.1396744009197917e-01,2.2438015731927837e+01,-7.5653993397668629e+00,-1.3886978184532539e-01
6.2203534995536080e+04,1,1.5000000000000000e+02,8.2623578116092966e-01,-2.3637134098115514e+01,-4.1277654587101487e-01,-2.2438700576566053e+01,7.5644139850160101e+00,1.3885279366200298e-01

6.2266366515994421e+04,0,1.5000000000000000e+02,8.5739341152099058e-01,-2.3713978270472591e+01,-4.1412715317371790e-01,7.4040914339942159e+00,2.0738075466991997e+01,3.5967379193226967e-01
6.2266366515994421e+04,1,1.5000000000000000e+02,7.9732861677777378e-01,-2.3676758545885971e+01,-4.1345928170041224e-01,-7.4045567913106130e+00,-2.0739397226529842e+01,-3.5969671805171388e-01

6.2329198280811303e+04,0,1.5000000000000000e+02,8.6135804943485916e-01,-2.3731288444861146e+01,-4.1443046507011760e-01,1.1551199353630135e+01,1.8782366189550117e+01,3.2427861325488938e-01
6.2329198280811303e+04,1,1.5000000000000000e+02,7.9469641950833780e-01,-2.3707991367169281e+01,-4.1400356767607427e-01,-1.1551297598051459e+01,-1.8783862634272793e+01,-3.2430469988587429e-01

6.2392030153166103e+04,0,1.5000000000000000e+02,8.3171461047306183e-01,-2.3722603956426617e+01,-4.1426986941500682e-01,-3.8202683323094675e+01,-1.9616808879233041e+01,-3.3072272746813319e-01
6.2392030153166103e+04,1,1.5000000000000000e+02,8.2610451754666869e-01,-2.3765299666122843e+01,-4.1501330327483898e-01,3.8202992734120983e+01,1.9615357540226611e+01,3.3069730385525281e-01

6.2454862187106977e+04,0,1.5000000000000000e+02,8.1802933655386068e-01,-2.3755776879202223e+01,-4.1484464769527080e-01,-1.2540510270825266e+01,-5.0528126465914696e+01,-8.7801714756275295e-01
6.2454862187106977e+04,1,1.5000000000000000e+02,8.4197247886924331e-01,-2.3780586957489092e+01,-4.1528493713403064e-01,1.2541144808984150e+01,5.0526933067078559e+01,8.7799612658210480e-01

6.2517693880337712e+04,0,1.5000000000000000e+02,8.3895280809788109e-01,-2.3757830541725617e+01,-4.1488686296892763e-01,-1.9989640717481457e+01,9.4459683325418737e+00,1.7094438066954898e-01
6.2517693880337712e+04,1,1.5000000000000000e+02,8.2350255345069368e-01,-2.3826623857682680e+01,-4.1608276522326271e-01,1.9990412443884459e+01,-9.4467652675358664e+00,-1.7095852419442281e-01

6.2580525825258825e+04,0,1.5000000000000000e+02,8.1030340939561063e-01,-2.3788398770193503e+01,-4.1541162450718949e-01,-1.4143100094540483e+01,-1.6675186877778298e+01,-2.8671368523983587e-01
6.2580525825258825e+04,1,1.5000000000000000e+02,8.5463518725225984e-01,-2.3843680005800337e+01,-4.1638992001716801e-01,1.4143771357908712e+01,1.6674801046583983e+01,2.8670674707014543e-01

6.2643357555576804e+04,0,1.5000000000000000e+02,8.2180998355315793e-01,-2.3814389765842233e+01,-4.1586873514232753e-01,-3.2143766964034327e+01,4.3500703881297085e+00,8.5711245269453396e-02
6.2643357555576804e+04,1,1.5000000000000000e+02,8.4537780725596745e-01,-2.3864897870344553e+01,-4.1675740264480499e-01,3.2144125716337427e+01,-4.3501637090715235e+00,-8.5712983230071038e-02

6.2706189632420661e+04,0,1.5000000000000000e+02,7.9979657374264124e-01,-2.3871376353979748e+01,-4.1685658216279559e-01,7.8627772511111154e+00,-2.0046571735136929e+01,-3.5225617817465499e-01
6.2706189632420661e+04,1,1.5000000000000000e+02,8.6920826972067333e-01,-2.3854897303345517e+01,-4.1659012815943658e-01,-7.8628440406616811e+00,2.0046550506264651e+01,3.5225582802832039e-01

6.2769021626825968e+04,0,1.5000000000000000e+02,8.0506104046628046e-01,-2.3904985563615941e+01,-4.1744474740505488e-01,7.1005304561227902e+00,-2.0939851505524953e+01,-3.6761385433948779e-01
6.2769021626825968e+04,1,1.5000000000000000e+02,8.6526790921498820e-01,-2.3868329425369936e+01,-4.1682335057482367e-01,-7.1009952694958969e+00,2.0939651333409390e+01,3.6761050245416849e-01

6.2831853492005321e+04,0,1.5000000000000000e+02,8.4962021009457755e-01,-2.3930634944887174e+01,-4.1790596494769050e-01,1.3352418963592878e+01,3.4996748018646251e+01,6.0670988429490624e-01
6.2831853492005321e+04,1,1.5000000000000000e+02,8.2164801400500054e-01,-2.3890049202138631e+01,-4.1718912481862652e-01,-1.3353114467231457e+01,-3.4997322728071261e+01,-6.0671970248174600e-01

6.2894685108815233e+04,0,1.5000000000000000e+02,8.5933799325492444e-01,-2.3954481146306392e+01,-4.1832509883075475e-01,5.9020407576236309e+00,2.7516356495687923e+01,4.7842868142841066e-01
6.2894685108815233e+04,1,1.5000000000000000e+02,8.1273451308750011e-01,-2.3914069123253860e+01,-4.1760561482639880e-01,-5.9027139712743768e+00,-2.7517375282505689e+01,-4.7844625662476525e-01

6.2957516858814539e+04,0,1.5000000000000000e+02,8.4406881196931027e-01,-2.3984987126964921e+01,-4.1885285004048950e-01,3.1402491583126203e+01,-9.6435920513708133e+00,-1.7787011994732582e-01
6.2957516858814539e+04,1,1.5000000000000000e+02,8.2898310169848521e-01,-2.3931924246338209e+01,-4.1792217947751797e-01,-3.1402889566830378e+01,9.6422179064500462e+00,1.7784625905270568e-01

6.3020348981993106e+04,0,1.5000000000000000e+02,8.7162949845593851e-01,-2.3989308553890879e+01,-4.1893666516544487e-01,9.5003552267912710e+00,2.0307618332025392e+01,3.5152268814675103e-01
6.3020348981993106e+04,1,1.5000000000000000e+02,8.0283759652968167e-01,-2.3976274829002577e+01,-4.1868823902498542e-01,-9.5003200265275680e+00,-2.0309125062299223e+01,-3.5154899493695502e-01

6.3083180581768749e+04,0,1.5000000000000000e+02,8.3276404061177800e-01,-2.4015579884319031e+01,-4.1938332333752404e-01,5.8112220153840880e+01,-4.9355643252825878e+01,-8.7907763989687859e-01
6.3083180581768749e+04,1,1.5000000000000000e+02,8.4366332910670416e-01,-2.3998675408869513e+01,-4.1909161984321691e-01,-5.8111751888322729e+01,4.9354282156451568e+01,8.7905374284285098e-01

6.3146012721508472e+04,0,1.5000000000000000e+02,8.5957873266122564e-01,-2.4004753264870970e+01,-4.1920254133955936e-01,-1.2451998079745117e+01,2.1319986829377498e+01,3.7587836359707444e-01
6.3146012721508472e+04,1,1.5000000000000000e+02,8.1926023191903574e-01,-2.4057850994236134e+01,-4.2011694215160111e-01,1.2452735724840650e+01,-2.1320972946744575e+01,-3.7589579842683934e-01

6.3208844317374474e+04,0,1.5000000000000000e+02,8.5569476459070715e-01,-2.4047188141662044e+01,-4.1994194880476882e-01,3.3477095733512385e+00,5.2540472806959059e+01,9.1593786329803994e-01
6.3208844317374474e+04,1,1.5000000000000000e+02,8.2573261164705758e-01,-2.4063227739299936e+01,-4.2021275092437760e-01,-3.3469771497365883e+00,-5.2540993080312447e+01,-9.1594716643820884e-01

6.3271676566841859e+04,0,1.5000000000000000e+02,8.0962186037988082e-01,-2.4065903806984348e+01,-4.2025454681390989e-01,-2.4291339521205160e+00,-2.2570486469162599e+01,-3.9316930920263915e-01
6.3271676566841859e+04,1,1.5000000000000000e+02,8.7421499270287517e-01,-2.4091777106192659e+01,-4.2072577534052330e-01,2.4295823867047517e+00,2.2570340249329018e+01,3.9316662070885644e-01

6.3334508400806699e+04,0,1.5000000000000000e+02,8.0811763853876961e-01,-2.4109027423504877e+01,-4.2100669939168045e-01,8.0633948457759637e+00,-2.0311778490924443e+01,-3.5694578898559853e-01
6.3334508400806699e+04,1,1.5000000000000000e+02,8.7764888404354702e-01,-2.4095581600718571e+01,-4.2079321893226423e-01,-8.0634026113161035e+00,2.0311762166807231e+01,3.5694550645833073e-01

6.3397339840940964e+04,0,1.5000000000000000e+02,8.5137895755752457e-01,-2.4119847559868369e+01,-4.2120871556369444e-01,-4.7880816456055541e+01,6.0807993169853432e+01,1.0758318831559659e+00
6.3397339840940964e+04,1,1.5000000000000000e+02,8.3572141560923963e-01,-2.4131710520425873e+01,-4.2141098297052082e-01,4.7880363564031157e+01,-6.0808184323165634e+01,-1.0758350812734687e+00

6.3460171720674472e+04,0,1.5000000000000000e+02,8.2431442138673050e-01,-2.4153624832230289e+01,-4.2178996544167535e-01,-1.7247184669189878e+01,-4.2317484630475214e+01,-7.3328788129140599e-01
6.3460171720674472e+04,1,1.5000000000000000e+02,8.6365115942526594e-01,-2.4145267910841699e+01,-4.2165610031749767e-01,1.7246482287392681e+01,4.2316880094953355e+01,7.3327754466219319e-01

6.3523003555783602e+04,0,1.5000000000000000e+02,8.6802125385084883e-01,-2.4179488760420313e+01,-4.2225466771354803e-01,-1.3033509266331706e+01,3.5457162283671074e+01,6.2278324291805165e-01
6.3523003555783602e+04,1,1.5000000000000000e+02,8.2067316747444097e-01,-2.4167340771511778e+01,-4.2202823228903935e-01,1.3032865330955687e+01,-3.5458249379484094e+01,-6.2280201919051248e-01

6.3585835583161039e+04,0,1.5000000000000000e+02,8.4668632470784377e-01,-2.4219264020048016e+01,-4.2294234233975581e-01,3.7005299321220797e+01,-2.1182692541328336e+01,-3.8096199115660279e-01
6.3585835583161039e+04,1,1.5000000000000000e+02,8.4300600616136923e-01,-2.4176070071021297e+01,-4.2218738283967211e-01,-3.7005594154609348e+01,2.1181258745108337e+01,3.8093705777982512e-01

6.3648667207795836e+04,0,1.5000000000000000e+02,8.4023631585287728e-01,-2.4209012920043211e+01,-4.2276147103803324e-01,-3.9149174101639638e+01,-4.6211887482539836e+01,-7.9458251620824194e-01
6.3648667207795836e+04,1,1.5000000000000000e+02,8.5102750565197449e-01,-2.4235106783512798e+01,-4.2322015910019239e-01,3.9149371035272175e+01,4.6210400658250947e+01,7.9455650755566831e-01

6.3711499243216298e+04,0,1.5000000000000000e+02,8.7271600416515605e-01,-2.4222686573206172e+01,-4.2301000352021023e-01,-1.0959301048870795e+01,1.9266134157802298e+01,3.3957896739367111e-01
6.3711499243216298e+04,1,1.5000000000000000e+02,8.2075333509479864e-01,-2.4270076951993829e+01,-4.2382125013356903e-01,1.0959918300754691e+01,-1.9267350284632627e+01,-3.3960037976702673e-01

6.3774331023983243e+04,0,1.5000000000000000e+02,8.5368412241612257e-01,-2.4235910791347266e+01,-4.2323500016394772e-01,-2.0565758794442065e+01,8.8674326490304942e+00,1.6102304530649308e-01
6.3774331023983243e+04,1,1.5000000000000000e+02,8.4239902998706140e-01,-2.4304976962831699e+01,-4.2443693324926801e-01,2.0566530630266580e+01,-8.8681693956257170e+00,-1.6103613843258996e-01

6.3837162829052751e+04,0,1.5000000000000000e+02,8.5283870653800831e-01,-2.4303609335676153e+01,-4.2441624508693376e-01,6.7235683599189144e+01,3.5826491744698231e+01,6.0477629404950028e-01
6.3837162829052751e+04,1,1.5000000000000000e+02,8.4584279038456212e-01,-2.4284731331859664e+01,-4.2408464730542844e-01,-6.7235100751204271e+01,-3.5826757450527310e+01,-6.0478110880887415e-01

6.3899994734164859e+04,0,1.5000000000000000e+02,8.3821286585054777e-01,-2.4297023479599616e+01,-4.2429685049418009e-01,-3.8480915706946625e+01,2.7185268811585210e+00,5.9167388854175051e-02
6.3899994734164859e+04,1,1.5000000000000000e+02,8.6261760625474548e-01,-2.4338256247405912e+01,-4.2502389600317159e-01,3.8481047308370314e+01,-2.7185499811763556e+00,-5.9167832093707684e-02

6.3962826507255028e+04,0,1.5000000000000000e+02,8.5770399938745745e-01,-2.4356811533536945e+01,-4.2534623350170964e-01,3.0478865791819857e+01,4.2686598896813209e+01,7.3569900813968558e-01
6.3962826507255028e+04,1,1.5000000000000000e+02,8.4458942967881989e-01,-2.4325302986933014e+01,-4.2479233841081626e-01,-3.0479238216278610e+01,-4.2686730418919282e+01,-7.3570119006255041e-01

6.4025658697707404e+04,0,1.5000000000000000e+02,8.3146571273130154e-01,-2.4390806171220593e+01,-4.2593152864023798e-01,1.2165287820937071e+01,-2.1981401220206688e+01,-3.8733429499128597e-01
6.4025658697707404e+04,1,1.5000000000000000e+02,8.7169175044321612e-01,-2.4338515794016768e+01,-4.2503118989898220e-01,-1.2165975187423282e+01,2.1980854397616657e+01,3.8732496101716390e-01

6.4088490343098194e+04,0,1.5000000000000000e+02,8.4265939090140296e-01,-2.4412501065206982e+01,-4.2631356666314885e-01,2.0416417005023799e+01,-2.9451206104029268e+01,-5.2021393120449311e-01
6.4088490343098194e+04,1,1.5000000000000000e+02,8.6115025009168600e-01,-2.4364712307695569e+01,-4.2548517076799264e-01,-2.0417068659690788e+01,2.9450135749905897e+01,5.2019544946625174e-01

6.4151322209677724e+04,0,1.5000000000000000e+02,8.8383083076396229e-01,-2.4411532294018848e+01,-4.2630920140331363e-01,-1.3544248620179662e+01,2.3585145365232641e+01,4.1574356645378407e-01
6.4151322209677724e+04,1,1.5000000000000000e+02,8.2092682676641360e-01,-2.4414237471382929e+01,-4.2633725062920191e-01,1.3543972266055018e+01,-2.3586587474387969e+01,-4.1576865054085632e-01

6.4214154000460745e+04,0,1.5000000000000000e+02,8.6854397427725138e-01,-2.4414139031773530e+01,-4.2635003832448548e-01,-3.2471955627292104e+01,4.8821774562196651e-01,1.8412600430727344e-02
6.4214154000460745e+04,1,1.5000000000000000e+02,8.3783478664689348e-01,-2.4460492838767117e+01,-4.2714966877520294e-01,3.2472211518538316e+01,-4.8968809353110032e-01,-1.8438339491390177e-02

6.4276986334436777e+04,0,1.5000000000000000e+02,8.6649803430954409e-01,-2.4428618098884094e+01,-4.2660210957712341e-01,-2.1902906555336802e+01,3.0435804831595625e+00,5.9790149483457178e-02
6.4276986334436777e+04,1,1.5000000000000000e+02,8.4221837875365368e-01,-2.4494651109335354e+01,-4.2774714813189763e-01,2.1903579999845217e+01,-3.0447121329782156e+00,-5.9810104647713302e-02

6.4339817748558220e+04,0,1.5000000000000000e+02,8.3542878003664467e-01,-2.4462226332274540e+01,-4.2717918935548010e-01,-9.8506203228976759e+00,-2.6101998118910149e+01,-4.5254185695424137e-01
6.4339817748558220e+04,1,1.5000000000000000e+02,8.7600906725140038e-01,-2.4509020728650285e+01,-4.2800822627039337e-01,9.8513740269398902e+00,2.6101401522875936e+01,4.5253121531635693e-01

6.4402649486874958e+04,0,1.5000000000000000e+02,8.2643816285996019e-01,-2.4490654471851371e+01,-4.2767258991169943e-01,-9.7901447108244390e+00,-1.8920490983132659e+01,-3.2722569845946414e-01
6.4402649486874958e+04,1,1.5000000000000000e+02,8.8755606446220847e-01,-2.4527814690265700e+01,-4.2833974367011840e-01,9.7905913898686059e+00,1.8920345574139013e+01,3.2722302465119535e-01

6.4465481285596958e+04,0,1.5000000000000000e+02,8.6340037025891991e-01,-2.4544897408543253e+01,-4.2863051953907300e-01,4.0706535593929530e+01,4.7760285526030543e+01,8.2113136463733671e-01
6.4465481285596958e+04,1,1.5000000000000000e+02,8.5250438211982094e-01,-2.4520346214569127e+01,-4.2819872284692184e-01,-4.0706625060472575e+01,-4.7760310611476257e+01,-8.2113177518261715e-01

6.4528313137476231e+04,0,1.5000000000000000e+02,8.7018401051100114e-01,-2.4556786972027872e+01,-4.2884008749702346e-01,-1.9291651212869837e+01,6.6293169990864882e+01,1.1628522181930685e+00
6.4528313137476231e+04,1,1.5000000000000000e+02,8.4684234758524313e-01,-2.4555349833181346e+01,-4.2880789532737662e-01,1.9291085972166428e+01,-6.6293478652245781e+01,-1.1628574328841546e+00

6.4591144997796255e+04,0,1.5000000000000000e+02,8.6804533854591459e-01,-2.4613900434804478e+01,-4.2983620329443384e-01,1.9695291972184929e+01,9.6639749102919907e+00,1.6265978407428261e-01
6.4591144997796255e+04,1,1.5000000000000000e+02,8.4960623366720611e-01,-2.4545769243821084e+01,-4.2864153290050200e-01,-1.9696005735950113e+01,-9.6648213630126065e+00,-1.6267433927351371e-01

6.4653977095966395e+04,0,1.5000000000000000e+02,8.8143024761449884e-01,-2.4597941503059680e+01,-4.2956175895705773e-01,-3.0713791605447241e+01,2.5781245952510318e+01,4.5930121409438573e-01
6.4653977095966395e+04,1,1.5000000000000000e+02,8.3693480733882297e-01,-2.4610078262670967e+01,-4.2976001984374207e-01,3.0713347932058625e+01,-2.5782585178546881e+01,-4.5932445165203484e-01

6.4716808775482510e+04,0,1.5000000000000000e+02,8.9388722395238029e-01,-2.4619438738919104e+01,-4.2994073220037676e-01,-9.9085519025428006e+00,1.9711343747381612e+01,3.4702885334552031e-01
6.4716808775482510e+04,1,1.5000000000000000e+02,8.2583496080863383e-01,-2.4637460900100450e+01,-4.3023453132410910e-01,9.9086507264088404e+00,-1.9712846544410716e+01,-3.4705511087329483e-01

6.4779640585444824e+04,0,1.5000000000000000e+02,8.4875093148752256e-01,-2.4647687991818319e+01,-4.3041999958722416e-01,2.4804779672861308e+00,-6.3278400089927892e+01,-1.1051159921649127e+00
6.4779640585444824e+04,1,1.5000000000000000e+02,8.7317086343672445e-01,-2.4658015447128239e+01,-4.3060767764935054e-01,-2.4798758750430530e+00,6.3277165645809809e+01,1.1050942647291950e+00

6.4842472551575112e+04,0,1.5000000000000000e+02,8.5046355594448031e-01,-2.4682321725190281e+01,-4.3102496324497630e-01,4.8368866436343055e+01,-4.2008367683759630e+01,-7.4788185442013966e-01
6.4842472551575112e+04,1,1.5000000000000000e+02,8.7420747339371474e-01,-2.4671526498335933e+01,-4.3084379373670234e-01,-4.8368098642084377e+01,4.2007683322225716e+01,7.4786967677086913e-01

6.4905304729143609e+04,0,1.5000000000000000e+02,8.3247466120279834e-01,-2.4685232246128656e+01,-4.3107027877483350e-01,-4.3200216560592626e+00,-2.2239742281882819e+01,-3.8682100061849500e-01
6.4905304729143609e+04,1,1.5000000000000000e+02,8.9486147100960323e-01,-2.4715894342980533e+01,-4.3162441122586309e-01,4.3205109629747103e+00,2.2239565351068819e+01,3.8681776369271204e-01

6.4968136520713808e+04,0,1.5000000000000000e+02,8.4190951786047663e-01,-2.4743013023059333e+01,-4.3208156649214813e-01,2.7967832808898738e+01,-9.9404838799737263e+00,-1.8200528676849392e-01
6.4968136520713808e+04,1,1.5000000000000000e+02,8.8740271105149904e-01,-2.4704839381831523e+01,-4.3142920331353551e-01,-2.7967905439407037e+01,9.9404612472081268e+00,1.8200491389971185e-01

6.5030967958800182e+04,0,1.5000000000000000e+02,8.3836292256284695e-01,-2.4768224814613124e+01,-4.3252049246350621e-01,7.5438440142535690e+00,-2.2447199339064177e+01,-3.9405574926554909e-01
6.5030967958800182e+04,1,1.5000000000000000e+02,8.9203759959360529e-01,-2.4726467361981125e+01,-4.3180807550080202e-01,-7.5444208131858339e+00,2.2446875396258569e+01,3.9405027139749815e-01

6.5093799833864607e+04,0,1.5000000000000000e+02,8.8518330106726062e-01,-2.4794537645388605e+01,-4.3299397765902814e-01,1.0141573457332516e+01,2.6513259905953248e+01,4.5963073091588269e-01
6.5093799833864607e+04,1,1.5000000000000000e+02,8.4576808501183343e-01,-2.4747726000908017e+01,-4.3216499464217639e-01,-1.0142278840058861e+01,-2.6514160343223601e+01,-4.5964623082875966e-01

6.5156631671086237e+04,0,1.5000000000000000e+02,8.9828824053203271e-01,-2.4802651486276702e+01,-4.3313957585506674e-01,-4.1390497365749042e+00,2.4342777963703920e+01,4.2610094551113753e-01
6.5156631671086237e+04,1,1.5000000000000000e+02,8.3338105888283232e-01,-2.4788088682612777e+01,-4.3286564702390351e-01,4.1386800684565301e+00,-2.4344170015394720e+01,-4.2612512754853760e-01

6.5219463627758530e+04,0,1.5000000000000000e+02,8.9112149703265209e-01,-2.4831439400070611e+01,-4.3363981095531612e-01,2.8496165611258963e+01,1.7519790055093541e+01,2.9708162723060666e-01
6.5219463627758530e+04,1,1.5000000000000000e+02,8.4205316346106773e-01,-2.4808278140931098e+01,-4.3322064341864591e-01,-2.8495941701679964e+01,-1.7521269653857896e+01,-2.9710751799841767e-01

6.5282295880639678e+04,0,1.5000000000000000e+02,8.8628901727148512e-01,-2.4813769880515437e+01,-4.3332996314363703e-01,-1.7119039792343976e+01,1.2896632442595804e+01,2.3029229372637225e-01
6.5282295880639678e+04,1,1.5000000000000000e+02,8.4930505824811586e-01,-2.4874680739846809e+01,-4.3438173768646371e-01,1.7119731047602137e+01,-1.2897730481762148e+01,-2.3031166772995201e-01

6.5345127277050735e+04,0,1.5000000000000000e+02,8.8287286292483680e-01,-2.4865769468179113e+01,-4.3423644036624637e-01,1.7649695061840035e+01,5.8764397729157167e+01,1.0202034753866855e+00
6.5345127277050735e+04,1,1.5000000000000000e+02,8.5557867655717135e-01,-2.4870560965899891e+01,-4.3431174882484247e-01,-1.7648973974521596e+01,-5.8764888937153813e+01,-1.0202122678138736e+00

6.5407959616014763e+04,0,1.5000000000000000e+02,8.3634238101160197e-01,-2.4881282531066002e+01,-4.3449300588586454e-01,-4.5975422687898586e+00,-2.0860824734420813e+01,-3.6267102922957961e-01
6.5407959616014763e+04,1,1.5000000000000000e+02,9.0462044315822931e-01,-2.4902020737460930e+01,-4.3487573723648859e-01,4.5978274077947532e+00,2.0860762359726454e+01,3.6266985377989869e-01

6.5470791140357476e+04,0,1.5000000000000000e+02,8.3818659044042187e-01,-2.4921500622727741e+01,-4.3519547012381621e-01,-3.8525170604336871e+00,-2.3723468187264746e+01,-4.1285800543669393e-01
6.5470791140357476e+04,1,1.5000000000000000e+02,9.0436573185534952e-01,-2.4908428777859189e+01,-4.3498749531787367e-01,3.8521878673881282e+00,2.3723361592851123e+01,4.1285624539232679e-01

6.5533622765138927e+04,0,1.5000000000000000e+02,8.8648763474520220e-01,-2.4957672739136324e+01,-4.3584147463837647e-01,1.1557296313222720e+01,3.6235326702183713e+01,6.2887291628290276e-01
6.5533622765138927e+04,1,1.5000000000000000e+02,8.5677537917070634e-01,-2.4919354152733234e+01,-4.3516367176393372e-01,-1.1557997458391844e+01,-3.6235928371503491e+01,-6.2888320326687319e-01

6.5596454724470284e+04,0,1.5000000000000000e+02,8.7123661674658559e-01,-2.4952129796847245e+01,-4.3574009094377381e-01,-7.1626477708618296e+01,-1.9990999905606287e+01,-3.2707127400223368e-01
6.5596454724470284e+04,1,1.5000000000000000e+02,8.7251606316446328e-01,-2.4972980796435490e+01,-4.3610438082464870e-01,7.1625911309866723e+01,1.9989788821274779e+01,3.2705031021146946e-01

6.5659286921216510e+04,0,1.5000000000000000e+02,8.9142577520179778e-01,-2.4969717615016144e+01,-4.3605319093058337e-01,-3.4667637487376815e+01,8.4406810969867987e+00,1.5787109994079140e-01
6.5659286921216510e+04,1,1.5000000000000000e+02,8.5343132024538493e-01,-2.5004295752483657e+01,-4.3664508827857379e-01,3.4667625544814747e+01,-8.4421861499611826e+00,-1.5789736309742258e-01

6.5722118370620999e+04,0,1.5000000000000000e+02,8.7050023154525080e-01,-2.5021206052870944e+01,-4.3694541342138121e-01,6.7779200724124991e+01,-3.3595288981006391e+01,-6.0696641189827560e-01
6.5722118370620999e+04,1,1.5000000000000000e+02,8.7649663177311288e-01,-2.5001767503729880e+01,-4.3660799066202305e-01,-6.7778627431164551e+01,3.3594022704119496e+01,6.0694413767677813e-01

6.5784950190599615e+04,0,1.5000000000000000e+02,8.6209047023816177e-01,-2.5040354349309709e+01,-4.3727703534152162e-01,4.5018371320114483e+01,-4.2441852925402671e+01,-7.5442654401601172e-01
6.5784950190599615e+04,1,1.5000000000000000e+02,8.8776277006805415e-01,-2.5030812240715360e+01,-4.3711832321115024e-01,-4.5017606655900039e+01,4.2441192796379624e+01,7.5441479023554814e-01

6.5847782048670371e+04,0,1.5000000000000000e+02,8.4687206386402292e-01,-2.5038990863141631e+01,-4.3724860315279573e-01,-1.3320895511375392e+01,-1.6698549900815514e+01,-2.8737189676473285e-01
6.5847782048670371e+04,1,1.5000000000000000e+02,9.0569807142120418e-01,-2.5079314484543687e+01,-4.3797026771957104e-01,1.3321309028563368e+01,1.6698425363745407e+01,2.8736959732377476e-01

6.5910614247534468e+04,0,1.5000000000000000e+02,8.5631659633719404e-01,-2.5105381911368418e+01,-4.3841016377659964e-01,2.6923099720635243e+01,-6.8064163994762055e+00,-1.2699000724023432e-01
6.5910614247534468e+04,1,1.5000000000000000e+02,8.9805252757506771e-01,-2.5059498651065081e+01,-4.3762210460683393e-01,-2.6923327277101514e+01,6.8063554255046625e+00,1.2698901242030849e-01

6.5973445725510101e+04,0,1.5000000000000000e+02,8.5720553833707414e-01,-2.5132182880219531e+01,-4.3887817593028822e-01,1.2363204314319237e+01,-2.1354544562678402e+01,-3.7645442970493492e-01
6.5973445725510101e+04,1,1.5000000000000000e+02,8.9793602360523728e-01,-2.5079640446045609e+01,-4.3797359185968887e-01,-1.2363884426411214e+01,2.1354018810212249e+01,3.7644546124532852e-01

6.6036278018473589e+04,0,1.5000000000000000e+02,9.0200622531434216e-01,-2.5132864203316171e+01,-4.3890371437392978e-01,-1.7433973684203565e+01,3.3483660677780115e+01,5.8968141701728771e-01
6.6036278018473589e+04,1,1.5000000000000000e+02,8.5355352569218201e-01,-2.5126948145514650e+01,-4.3878570464242161e-01,1.7433379087975958e+01,-3.3484832787830236e+01,-5.8970169202337930e-01

6.6099109946387529e+04,0,1.5000000000000000e+02,8.9848277249938580e-01,-2.5137739282049740e+01,-4.3898772282732523e-01,-3.3438697002344043e+01,1.0084425088571633e+01,1.8618401246114305e-01
6.6099109946387529e+04,1,1.5000000000000000e+02,8.5810866343805658e-01,-2.5170996373025002e+01,-4.3955583981408353e-01,3.3438668984689087e+01,-1.0085929006012245e+01,-1.8621025090315066e-01

6.6161941563275715e+04,0,1.5000000000000000e+02,9.0836646790215736e-01,-2.5167959562534850e+01,-4.3951815030561608e-01,3.6319799402892521e+00,2.7568982660302588e+01,4.8003866983636895e-01
6.6161941563275715e+04,1,1.5000000000000000e+02,8.5038463711798895e-01,-2.5189786324017007e+01,-4.3988141664508523e-01,-3.6313955531789226e+00,-2.7570237473360237e+01,-4.8006074736616772e-01

6.6224773767073842e+04,0,1.5000000000000000e+02,8.6965057140234181e-01,-2.5169411964552584e+01,-4.3953170404205838e-01,-1.9301167015049010e+01,-1.0036544242630882e+01,-1.6928207890577018e-01
6.6224773767073842e+04,1,1.5000000000000000e+02,8.9202354826159369e-01,-2.5236490932196915e+01,-4.4070920899343502e-01,1.9301923729399341e+01,1.0035931017767446e+01,1.6927114613731542e-01

6.6287605097333842e+04,0,1.5000000000000000e+02,8.7501311897409839e-01,-2.5202679618508085e+01,-4.4011393823433120e-01,-3.5303260979648947e+01,1.1154633920076073e+01,2.0542973948715870e-01
6.6287605097333842e+04,1,1.5000000000000000e+02,8.8935806896655623e-01,-2.5250243139148917e+01,-4.4094840607174507e-01,3.5303604614884712e+01,-1.1154721072389407e+01,-2.0543136518621452e-01

6.6350437269632108e+04,0,1.5000000000000000e+02,8.6151296994503979e-01,-2.5274612427403166e+01,-4.4136522622483831e-01,2.3978248089590032e+01,-7.5704987920397731e+00,-1.3942798502411810e-01
6.6350437269632108e+04,1,1.5000000000000000e+02,9.0449650437494378e-01,-2.5224826665390335e+01,-4.4050943907010276e-01,-2.3978576437377320e+01,7.5703923667332074e+00,1.3942622767317295e-01

6.6413268909794133e+04,0,1.5000000000000000e+02,8.8608143251400995e-01,-2.5307821184296419e+01,-4.4195228326633368e-01,2.1363917102506356e+01,7.6170184267808203e+00,1.2642714945085276e-01
6.6413268909794133e+04,1,1.5000000000000000e+02,8.8052098442616844e-01,-2.5238695838848177e+01,-4.4074418574715074e-01,-2.1364628883959298e+01,-7.6176823950935706e+00,-1.2643852046214910e-01

6.6476100926193976e+04,0,1.5000000000000000e+02,8.8984546681348253e-01,-2.5325710887261717e+01,-4.4226564823496267e-01,2.8998500471589594e+01,-9.7427385765269499e+00,-1.7886813064720852e-01
6.6476100926193976e+04,1,1.5000000000000000e+02,8.7718869179664438e-01,-2.5269074084275182e+01,-4.4127334405997942e-01,-2.8998982407758497e+01,9.7414334197455581e+00,1.7884549933566751e-01

6.6538932468894040e+04,0,1.5000000000000000e+02,9.1832367821151828e-01,-2.5323797959654435e+01,-4.4224093839969275e-01,8.3438188545165453e+00,2.1788427540967337e+01,3.7771869132912839e-01
6.6538932468894040e+04,1,1.5000000000000000e+02,8.5002627774478134e-01,-2.5320087622136292e+01,-4.4215537844633535e-01,-8.3436418389639222e+00,-2.1789917990655635e+01,-3.7774475718621070e-01

6.6601764786084605e+04,0,1.5000000000000000e+02,9.0807951495345129e-01,-2.5322290352693084e+01,-4.4221150627556677e-01,-1.0171492296877172e+01,2.2723931166584855e+01,3.9968585370463861e-01
6.6601764786084605e+04,1,1.5000000000000000e+02,8.6279109648919905e-01,-2.5370453421308085e+01,-4.4303827138209845e-01,1.0172203243277689e+01,-2.2724986237817994e+01,-3.9970448381286050e-01

6.6664596385527242e+04,0,1.5000000000000000e+02,8.6013614742045530e-01,-2.5354938094942245e+01,-4.4276668277037678e-01,-6.9364155034451258e-01,-2.7936711485303569e+01,-4.8735153728265834e-01
6.6664596385527242e+04,1,1.5000000000000000e+02,9.1375012667430533e-01,-2.5385522980630590e+01,-4.4331679520803280e-01,6.9429887151497027e-01,2.7936346483763550e+01,4.8734496688717721e-01

6.6727428144439575e+04,0,1.5000000000000000e+02,8.6289808107865362e-01,-2.5408677711036894e+01,-4.4370540972425887e-01,2.6405788282208746e+01,-1.4281530539626196e+01,-2.5729114728983182e-01
6.6727428144439575e+04,1,1.5000000000000000e+02,9.1333854841275053e-01,-2.5378434219344449e+01,-4.4319295384091134e-01,-2.6405734512930664e+01,1.4281513559624937e+01,2.5729083456945578e-01

6.6790259856823250e+04,0,1.5000000000000000e+02,8.6193969931826919e-01,-2.5437768123722115e+01,-4.4421281543045243e-01,7.6969337963154238e+00,-2.2401254934725202e+01,-3.9330054503228262e-01
6.6790259856823250e+04,1,1.5000000000000000e+02,9.1537670488866529e-01,-2.5395944510034468e+01,-4.4349917139559536e-01,-7.6975102401578503e+00,2.2400930624789737e+01,3.9329506064867303e-01

6.6853091779532624e+04,0,1.5000000000000000e+02,9.1095154884555563e-01,-2.5464335943179311e+01,-4.4469141838895876e-01,9.7698136131979147e+00,2.3869441858068988e+01,4.1360299407385881e-01
6.6853091779532624e+04,1,1.5000000000000000e+02,8.6668634860738825e-01,-2.5417016095877926e+01,-4.4385208854518199e-01,-9.7704843162363169e+00,-2.3870464151862883e+01,-4.1362063124086423e-01

6.6915924054318064e+04,0,1.5000000000000000e+02,9.1998559274999381e-01,-2.5458026293308684e+01,-4.4458405183504862e-01,-1.7197637384253710e+01,2.0717491327816195e+01,3.6680904508494516e-01
6.6915924054318064e+04,1,1.5000000000000000e+02,8.5842629613701482e-01,-2.5472184813263077e+01,-4.4481239909293663e-01,1.7197501320583875e+01,-2.0718979010438712e+01,-3.6683496727583520e-01

6.6978755661221032e+04,0,1.5000000000000000e+02,9.1072410827321781e-01,-2.5495580710328397e+01,-4.4523664538577429e-01,3.3368695780023842e+01,2.7450941257566633e+01,4.6891978139438950e-01
6.6978755661221032e+04,1,1.5000000000000000e+02,8.6974429536638675e-01,-2.5483779747250530e+01,-4.4501820638266909e-01,-3.3368146152285732e+01,-2.7452232449037183e+01,-4.6894248322592325e-01

6.7041587322319494e+04,0,1.5000000000000000e+02,9.0449404459953153e-01,-2.5489729594378485e+01,-4.4513263140439574e-01,-1.6179902487119403e+01,2.9011191745618902e+01,5.1124404010214941e-01
6.7041587322319494e+04,1,1.5000000000000000e+02,8.7898076314679485e-01,-2.5537850535591652e+01,-4.4596468544366574e-01,1.6180657181930226e+01,-2.9011796414728671e+01,-5.1125482293658342e-01

6.7104419217485090e+04,0,1.5000000000000000e+02,9.0052262655609228e-01,-2.5544073899732851e+01,-4.4607986043882852e-01,4.3046135364178340e+01,6.2671411127795551e+01,1.0806536699642766e+00
6.7104419217485090e+04,1,1.5000000000000000e+02,8.8568105463882330e-01,-2.5530411233502615e+01,-4.4583689280372896e-01,-4.3045854041764400e+01,-6.2671473310386844e+01,-1.0806548408987549e+00

6.7167251360129958e+04,0,1.5000000000000000e+02,8.6352806156110162e-01,-2.5578460899767713e+01,-4.4666872653292183e-01,7.8520481985265853e+00,-2.0397514719710493e+01,-3.5837770935829405e-01
6.7167251360129958e+04,1,1.5000000000000000e+02,9.2412908605433397e-01,-2.5542460363167937e+01,-4.4605889160195539e-01,-7.8524823233615670e+00,2.0397338415574502e+01,3.5837476467703300e-01

6.7230083038522949e+04,0,1.5000000000000000e+02,8.8907276605650487e-01,-2.5617816001747148e+01,-4.4736334948238826e-01,2.0986449174817970e+01,-1.0487128652538452e+01,-1.8941879440459508e-01
6.7230083038522949e+04,1,1.5000000000000000e+02,8.9895639095520752e-01,-2.5550387703304466e+01,-4.4618957428999073e-01,-2.0987161830972639e+01,1.0486279177121155e+01,1.8940418611413989e-01

6.7292914686640142e+04,0,1.5000000000000000e+02,8.9889901814981499e-01,-2.5594640085679597e+01,-4.4696186733125448e-01,-5.8360334227511714e+01,-9.8987816318867097e+00,-1.5497908254772957e-01
6.7292914686640142e+04,1,1.5000000000000000e+02,8.8966254564357494e-01,-2.5622224513143514e+01,-4.4744046823726857e-01,5.8360054605046116e+01,9.8973420224119728e+00,1.5495404308173460e-01

6.7355746522154222e+04,0,1.5000000000000000e+02,9.1587308109205201e-01,-2.5641362929219270e+01,-4.4778246419564716e-01,3.4515818428709949e+01,2.2837232677035061e+01,3.8805001277146456e-01
6.7355746522154222e+04,1,1.5000000000000000e+02,8.7449813604493576e-01,-2.5624742965294541e+01,-4.4747980166089646e-01,-3.4515364170060096e+01,-2.2838603255242781e+01,-3.8807407103985547e-01

6.7418578484442187e+04,0,1.5000000000000000e+02,9.0637456561173768e-01,-2.5663379606955687e+01,-4.4816381458991345e-01,5.4277969091769592e+01,4.4051663183288099e+01,7.5227267505105833e-01
6.7418578484442187e+04,1,1.5000000000000000e+02,8.8696994199601031e-01,-2.5651157477042709e+01,-4.4794459772444711e-01,-5.4277200658761870e+01,-4.4052363846948566e+01,-7.5228513740622727e-01

6.7481410419616674e+04,0,1.5000000000000000e+02,8.6500180088589673e-01,-2.5667948768361185e+01,-4.4823095389000223e-01,-5.8183710700153455e+00,-2.0685741781284214e+01,-3.5924350575158370e-01
6.7481410419616674e+04,1,1.5000000000000000e+02,9.3120366151436218e-01,-2.5693591158512326e+01,-4.4869864256952108e-01,5.8187166610219947e+00,2.0685653322763052e+01,3.5924185666091746e-01

6.7544242610502071e+04,0,1.5000000000000000e+02,8.8650561653840532e-01,-2.5731354704133913e+01,-4.4934409075785542e-01,2.8920502339688291e+01,2.6670775157863709e+00,3.7736784378128774e-02
6.7544242610502071e+04,1,1.5000000000000000e+02,9.1125398196327179e-01,-2.5676564583210908e+01,-4.4839541046511561e-01,-2.8920902306479029e+01,-2.6672285924250829e+00,-3.7739299183882136e-02

6.7607074232997897e+04,0,1.5000000000000000e+02,8.9382041648121768e-01,-2.5761341986233401e+01,-4.4986966925709898e-01,2.0877553832951353e+01,-1.0337904537577749e+01,-1.8678130139812965e-01
6.7607074232997897e+04,1,1.5000000000000000e+02,9.0429271610866424e-01,-2.5693791956601093e+01,-4.4869394889219477e-01,-2.0878267987526225e+01,1.0337069742575984e+01,1.8676694977348784e-01

6.7669905984878729e+04,0,1.5000000000000000e+02,9.3065850812683804e-01,-2.5750372245038420e+01,-4.4968944290673196e-01,-1.3520681584818952e+01,2.3551777699052440e+01,4.1515404109407522e-01
6.7669905984878729e+04,1,1.5000000000000000e+02,8.6795030188846889e-01,-2.5753447074547221e+01,-4.4972400309847660e-01,1.3520413578474297e+01,-2.3553222367490189e+01,-4.1517917238922014e-01

6.7732737842772753e+04,0,1.5000000000000000e+02,9.1650622081668220e-01,-2.5748397322401924e+01,-4.4965066443609863e-01,-2.5453536303446555e+01,2.6220016596244751e+00,5.3514223155817553e-02
6.7732737842772753e+04,1,1.5000000000000000e+02,8.8396805284031621e-01,-2.5804701266316624e+01,-4.5062339155283693e-01,2.5454022080309116e+01,-2.6233487070763157e+00,-5.3537880356877343e-02

6.7795569509185763e+04,0,1.5000000000000000e+02,9.1585205040903905e-01,-2.5778041991576636e+01,-4.5016783590016690e-01,-1.4312624358913208e+01,3.0844939530399063e+01,5.4267851739787676e-01
6.7795569509185763e+04,1,1.5000000000000000e+02,8.8767679041953784e-01,-2.5823408253792518e+01,-4.5095100323573478e-01,1.4313384467984402e+01,-3.0845573180399679e+01,-5.4268980766724551e-01

6.7858401680815878e+04,0,1.5000000000000000e+02,8.6880856301027565e-01,-2.5815144929477498e+01,-4.5080104039203156e-01,-3.8228309731755488e+00,-2.1097227528092862e+01,-3.6703282940803178e-01
6.7858401680815878e+04,1,1.5000000000000000e+02,9.3751848991644793e-01,-2.5833155764581814e+01,-4.5113630411064065e-01,3.8230885481962460e+00,2.1097174003705820e+01,3.6703181681492475e-01

6.7921233696886266e+04,0,1.5000000000000000e+02,8.7523718736734846e-01,-2.5867526055926231e+01,-4.5171717540740558e-01,8.8656263164661659e+00,-2.0290584171593085e+01,-3.5682028321141712e-01
6.7921233696886266e+04,1,1.5000000000000000e+02,9.3242600685587806e-01,-2.5827144396061730e+01,-4.5102983986269379e-01,-8.8661203795164205e+00,2.0290354910562041e+01,3.5681643256451867e-01

6.7984065342339803e+04,0,1.5000000000000000e+02,9.2542525338214254e-01,-2.5877346353346301e+01,-4.5190385210762435e-01,-1.2933880013958584e+01,3.9120495254305261e+01,6.8668686848741378e-01
6.7984065342339803e+04,1,1.5000000000000000e+02,8.8246104870472142e-01,-2.5864777942851486e+01,-4.5167141478925638e-01,1.2933195353735796e+01,-3.9121475699755671e+01,-6.8670377104804559e-01

6.8046896931325522e+04,0,1.5000000000000000e+02,9.1466590044897300e-01,-2.5878925367824355e+01,-4.5192813200058518e-01,-4.6613675496213418e+01,-1.4784524746770487e+00,-1.1602494449505396e-02
6.8046896931325522e+04,1,1.5000000000000000e+02,8.9390350266248308e-01,-2.5912152706665665e+01,-4.5250170411341933e-01,4.6613576496451671e+01,1.4769577752147853e+00,1.1576438507345188e-02

6.8109728738379141e+04,0,1.5000000000000000e+02,9.1937462452520047e-01,-2.5888574567357686e+01,-4.5209796813367314e-01,-2.2531915252974404e+01,3.4120034502245105e+00,6.6411633605806708e-02
6.8109728738379141e+04,1,1.5000000000000000e+02,8.9143939190555355e-01,-2.5951727482643445e+01,-4.5319162848797628e-01,2.2532542592533471e+01,-3.4132040802365147e+00,-6.6432778595444275e-02

6.8172560643689620e+04,0,1.5000000000000000e+02,9.0715222488996827e-01,-2.5954315772208364e+01,-4.5324158696265920e-01,7.4216823777231525e+01,1.3736496930092940e+01,2.1712604134718705e-01
6.8172560643689620e+04,1,1.5000000000000000e+02,9.0685405446397693e-01,-2.5933920886076191e+01,-4.5288555628815164e-01,-7.4216138461789029e+01,-1.3736912777996508e+01,-2.1713350766175787e-01

6.8235392562066612e+04,0,1.5000000000000000e+02,9.1802445102816799e-01,-2.5967107203942472e+01,-4.5346814021337428e-01,-2.2378504591028445e+00,7.7381108407417486e+01,1.3511682772347036e+00
6.8235392562066612e+04,1,1.5000000000000000e+02,8.9842669953248433e-01,-2.5967631564827791e+01,-4.5347132145283864e-01,2.2378528144334382e+00,-7.7381126461970581e+01,-1.3511685930460335e+00

6.8298224667917239e+04,0,1.5000000000000000e+02,9.1027327571439098e-01,-2.6021825516616637e+01,-4.5442074513517627e-01,2.3618539542562161e+01,1.3809595197938553e+01,2.3381568396729041e-01
6.8298224667917239e+04,1,1.5000000000000000e+02,9.0699186733527426e-01,-2.5959465531702580e+01,-4.5333141370819502e-01,-2.3619194993144717e+01,-1.3810058599617296e+01,-2.3382357176847340e-01

6.8361056398984336e+04,0,1.5000000000000000e+02,9.1830669081530858e-01,-2.6003951137246336e+01,-4.5411124139828540e-01,-5.7863956220191191e+01,1.4416057523755764e+01,2.6922215975809699e-01
6.8361056398984336e+04,1,1.5000000000000000e+02,8.9911118049057415e-01,-2.6025400265986619e+01,-4.5447973272681791e-01,5.7863423980771550e+01,-1.4417309958223274e+01,-2.6924385561443326e-01

6.8423888280597719e+04,0,1.5000000000000000e+02,9.1708927041799571e-01,-2.6017554965398830e+01,-4.5434829002826421e-01,-3.8525123587532548e+01,-1.0303725765236372e+01,-1.6808878982309050e-01
6.8423888280597719e+04,1,1.5000000000000000e+02,9.0157726319584108e-01,-2.6061107076175670e+01,-4.5510365369896072e-01,3.8525362594080050e+01,1.0302251418294873e+01,1.6806298611307735e-01

6.8486720306446645e+04,0,1.5000000000000000e+02,9.2164000130240908e-01,-2.6030700628385219e+01,-4.5457909973865418e-01,-1.9133452984478257e+01,1.1650498733040926e+01,2.0915791829281638e-01
6.8486720306446645e+04,1,1.5000000000000000e+02,8.9988464824044490e-01,-2.6096795467405315e+01,-4.5572598633628419e-01,1.9134217064850265e+01,-1.1651360335594880e+01,-2.0917318809325203e-01

6.8549552148349656e+04,0,1.5000000000000000e+02,8.8001774666515797e-01,-2.6073974094736226e+01,-4.5532164630973204e-01,-4.0976538582147946e+00,-2.1812898411630499e+01,-3.7943928844873875e-01
6.8549552148349656e+04,1,1.5000000000000000e+02,9.4459708827170397e-01,-2.6100677849756597e+01,-4.5580736408766986e-01,4.0980728203382988e+00,2.1812769632717128e+01,3.7943691331837481e-01

6.8612383727456137e+04,0,1.5000000000000000e+02,8.8217195586753072e-01,-2.6114882484009875e+01,-4.5603625234554646e-01,-8.8928117226115653e+00,-2.5792910112393500e+01,-4.4743930743333227e-01
6.8612383727456137e+04,1,1.5000000000000000e+02,9.4408154284406798e-01,-2.6106021709835357e+01,-4.5590047021019647e-01,8.8924165454885973e+00,2.5792761991818693e+01,4.4743684275820228e-01

6.8675215523640771e+04,0,1.5000000000000000e+02,9.3301448886431670e-01,-2.6157131439269666e+01,-4.5678908654238115e-01,9.9920517152705610e+00,2.6718830916444919e+01,4.6326398896993121e-01
6.8675215523640771e+04,1,1.5000000000000000e+02,8.9345404911129722e-01,-2.6111000146569754e+01,-4.5597193306138573e-01,-9.9927551433956712e+00,-2.6719736039608815e+01,-4.6327957125807534e-01

6.8738047261104060e+04,0,1.5000000000000000e+02,9.3907167259937241e-01,-2.6146656225310746e+01,-4.5660811400834728e-01,-2.6557023267545663e+01,1.7350282420276770e+01,3.1089432352543334e-01
6.8738047261104060e+04,1,1.5000000000000000e+02,8.8794681096794670e-01,-2.6170411505337327e+01,-4.5700712649561614e-01,2.6556897501574223e+01,-1.7351771808408664e+01,-3.1092027861797011e-01

6.8800879610268661e+04,0,1.5000000000000000e+02,9.2645219511836940e-01,-2.6151127632377474e+01,-4.5668230644719948e-01,-2.3223332066925710e+01,1.2297744323944642e+00,2.8537114162649146e-02
6.8800879610268661e+04,1,1.5000000000000000e+02,9.0283639425376305e-01,-2.6215238893888976e+01,-4.5779400809034515e-01,2.3223972671370301e+01,-1.2309559941643542e+00,-2.8557930405870069e-02

6.8863711086110983e+04,0,1.5000000000000000e+02,8.9508475553674505e-01,-2.6208616342688490e+01,-4.5767606716152692e-01,2.6951978608374038e+01,-3.3876360184593828e+01,-5.9943446584266635e-01
6.8863711086110983e+04,1,1.5000000000000000e+02,9.3747801725088742e-01,-2.6205586477726193e+01,-4.5763610310892250e-01,-2.6951329932840334e+01,3.3876007499040874e+01,5.9942811302523313e-01

6.8926542956879537e+04,0,1.5000000000000000e+02,9.1016806164613506e-01,-2.6250711522761531e+01,-4.5841532415867275e-01,4.1015112681027460e+01,1.0946434981819525e+01,1.7854707969456046e-01
6.8926542956879537e+04,1,1.5000000000000000e+02,9.2468826507385282e-01,-2.6209831479374166e+01,-4.5770629235801980e-01,-4.1015232852079407e+01,-1.0946466725436956e+01,-1.7854759708703322e-01

6.8989375235629050e+04,0,1.5000000000000000e+02,9.1924940022833579e-01,-2.6287988290497008e+01,-4.5906865986926071e-01,2.1755743182410505e+01,7.1728795101123808e+00,1.1855649343492686e-01
6.8989375235629050e+04,1,1.5000000000000000e+02,9.1612976363584619e-01,-2.6219249784760471e+01,-4.5786805718543827e-01,-2.1756448962546934e+01,-7.1735096268618292e+00,-1.1856727548278362e-01

6.9052206747440927e+04,0,1.5000000000000000e+02,9.4473650027116518e-01,-2.6273873615897561e+01,-4.5883008898211075e-01,-2.1825350204900463e+01,2.4930648120738802e+01,4.4174852338503462e-01
6.9052206747440927e+04,1,1.5000000000000000e+02,8.9084262129464331e-01,-2.6281851567804178e+01,-4.5895290559278040e-01,2.1824989491814751e+01,-2.4932044418221508e+01,-4.4177278224921418e-01

6.9115038639063336e+04,0,1.5000000000000000e+02,9.3241667834303921e-01,-2.6274464006540931e+01,-4.5883663963275340e-01,-2.7211576210821239e+01,-4.6243047426647266e-01,2.1901673205237948e-04
6.9115038639063336e+04,1,1.5000000000000000e+02,9.0493038832721506e-01,-2.6330706648515175e+01,-4.5980983585131857e-01,2.7212058761175282e+01,4.6108140890443394e-01,-2.4270816765592507e-04

6.9177870350056590e+04,0,1.5000000000000000e+02,9.3138249997585842e-01,-2.6302615937360887e+01,-4.5932764346026417e-01,-1.8131389885908057e+01,2.8977787161138039e+01,5.1125553698315818e-01
6.9177870350056590e+04,1,1.5000000000000000e+02,9.0919879530865033e-01,-2.6350865804859705e+01,-4.6016296187207673e-01,1.8132126802853577e+01,-2.8978326613325635e+01,-5.1126517620908363e-01

6.9240702188971816e+04,0,1.5000000000000000e+02,8.8811645303286557e-01,-2.6341438455183326e+01,-4.5999200949660601e-01,-1.0851399407191280e+01,-1.9869762599367668e+01,-3.4346947941351025e-01
6.9240702188971816e+04,1,1.5000000000000000e+02,9.5514524701815606e-01,-2.6358568612725389e+01,-4.6031139114408781e-01,1.0851462786112762e+01,1.9869744483135811e+01,3.4346914393626982e-01

6.9303534402603109e+04,0,1.5000000000000000e+02,9.0005784719546245e-01,-2.6398045253160920e+01,-4.6098357202531048e-01,1.1126510007378943e+01,-2.1965449567790188e+01,-3.8673945438238794e-01
6.9303534402603109e+04,1,1.5000000000000000e+02,9.4400011236751047e-01,-2.6348391509370529e+01,-4.6013038096721398e-01,-1.1127170208220807e+01,2.1964974307155373e+01,3.8673136106133527e-01

6.9366365826463982e+04,0,1.5000000000000000e+02,9.5185525192816434e-01,-2.6404581981129379e+01,-4.6111343279314104e-01,-7.0650320863724385e+00,2.7191550385151992e+01,4.7671023013312841e-01
6.9366365826463982e+04,1,1.5000000000000000e+02,8.9226531297595812e-01,-2.6390039055665639e+01,-4.6084147069139708e-01,7.0645601421615059e+00,-2.7192863575105527e+01,-4.7673300468626523e-01

6.9429197954798394e+04,0,1.5000000000000000e+02,9.1515595088359669e-01,-2.6408991346792785e+01,-4.6117920695830505e-01,-2.9113990539156354e+01,-4.9507304053987411e+01,-8.5515251256839964e-01
6.9429197954798394e+04,1,1.5000000000000000e+02,9.3045016205099706e-01,-2.6435101626554353e+01,-4.6163955329271861e-01,2.9114376116894228e+01,4.9505891421262589e+01,8.5512774127026958e-01

6.9492029878435424e+04,0,1.5000000000000000e+02,9.0506683599143178e-01,-2.6422907027269215e+01,-4.6141899553284921e-01,-1.0517046224276669e+01,-2.6521836561361713e+01,-4.5966603281545532e-01
6.9492029878435424e+04,1,1.5000000000000000e+02,9.4372088953221989e-01,-2.6469725335356891e+01,-4.6224786297056608e-01,1.0517805267869807e+01,2.6521206214102957e+01,4.5965480051112578e-01

6.9554861385701850e+04,0,1.5000000000000000e+02,9.3314562388982281e-01,-2.6460112947136007e+01,-4.6207688202674335e-01,-3.5132512722161600e+01,5.7882266513106998e+01,1.0208873597597492e+00
6.9554861385701850e+04,1,1.5000000000000000e+02,9.1848200902427091e-01,-2.6479137490152883e+01,-4.6240443906423301e-01,3.5132645717617812e+01,-5.7882291705729273e+01,-1.0208878399442014e+00

6.9617693210784317e+04,0,1.5000000000000000e+02,9.0858855368937952e-01,-2.6489308679543242e+01,-4.6257893685957419e-01,-3.4694875899476443e+01,-3.6091880849053197e+01,-6.1932097300920919e-01
6.9617693210784317e+04,1,1.5000000000000000e+02,9.4393183431316752e-01,-2.6496276137309010e+01,-4.6271130249032461e-01,3.4694235191820724e+01,3.6091448313067460e+01,6.1931361939801344e-01

6.9680525256954832e+04,0,1.5000000000000000e+02,9.4339176451616547e-01,-2.6508484154329377e+01,-4.6292419718178596e-01,-4.1126698434813370e+01,2.4212066963689658e+01,4.3508737862352936e-01
6.9680525256954832e+04,1,1.5000000000000000e+02,9.0914175435932565e-01,-2.6525213941820379e+01,-4.6320573855280878e-01,4.1126208964796213e+01,-2.4213363717090104e+01,-4.3510986098048793e-01

6.9743357126967589e+04,0,1.5000000000000000e+02,9.5590471814291789e-01,-2.6544149483547802e+01,-4.6355045480625406e-01,1.7846773993561079e+01,2.4668560121871622e+01,4.2508902294506701e-01
6.9743357126967589e+04,1,1.5000000000000000e+02,8.9808239857787098e-01,-2.6539050586103734e+01,-4.6344385219490952e-01,-1.7846388691756587e+01,-2.4669972851392131e+01,-4.2511379584874709e-01

6.9806188788115775e+04,0,1.5000000000000000e+02,9.4168919885711111e-01,-2.6542453160812002e+01,-4.6351651932354165e-01,-1.5717303976152060e+01,2.9859081833945883e+01,5.2590083981698510e-01
6.9806188788115775e+04,1,1.5000000000000000e+02,9.1552032634647040e-01,-2.6589278853659813e+01,-4.6432576844727536e-01,1.5718058596558791e+01,-2.9859689935852987e+01,-5.2591168253906750e-01

6.9869020867305459e+04,0,1.5000000000000000e+02,9.3417958701460735e-01,-2.6600858776636770e+01,-4.6453355013510872e-01,4.8881178558054330e+01,4.4474372098050111e+01,7.6129400273678760e-01
6.9869020867305459e+04,1,1.5000000000000000e+02,9.2583696682235683e-01,-2.6577414678169411e+01,-4.6412185276357631e-01,-4.8881090193602816e+01,-4.4474392265509437e+01,-7.6129438162433116e-01

6.9931852470712955e+04,0,1.5000000000000000e+02,9.0700179269184389e-01,-2.6622653843412987e+01,-4.6490564719587096e-01,-6.1897702325397432e+00,-3.5171655243640274e+01,-6.1194441467609439e-01
6.9931852470712955e+04,1,1.5000000000000000e+02,9.5377845035742581e-01,-2.6601989322786761e+01,-4.6455925129189263e-01,6.1891022897544659e+00,3.5171160157472016e+01,6.1193597771010855e-01

6.9994684330885109e+04,0,1.5000000000000000e+02,9.3095760391613658e-01,-2.6660101248149353e+01,-4.6556649219726692e-01,3.2604190486380077e+01,-2.1251866149052518e+01,-3.8082851458164013e-01
6.9994684330885109e+04,1,1.5000000000000000e+02,9.2984418169649474e-01,-2.6612840648742761e+01,-4.6474134182300075e-01,-3.2604609774659565e+01,2.1250509818673436e+01,3.8080497108339229e-01

7.0057516442752763e+04,0,1.5000000000000000e+02,9.2660665472417303e-01,-2.6641801370857618e+01,-4.6524578980318770e-01,-3.0983323296206461e+01,-3.3657874764912151e+01,-5.7797237058341366e-01
7.0057516442752763e+04,1,1.5000000000000000e+02,9.3588270394559747e-01,-2.6680691129904272e+01,-4.6592733547400500e-01,3.0983803587825523e+01,3.3656524266991212e+01,5.7794865483393876e-01

7.0120348159839268e+04,0,1.5000000000000000e+02,9.4715262986948645e-01,-2.6673922848381100e+01,-4.6581264580752801e-01,-5.1084821373025804e+00,4.9185876243945309e+01,8.5996811481381497e-01
7.0120348159839268e+04,1,1.5000000000000000e+02,9.1868926586145894e-01,-2.6696839541386066e+01,-4.6620392637094071e-01,5.1091961106066393e+00,-4.9186353113498349e+01,-8.5997665483305985e-01

7.0183179998751904e+04,0,1.5000000000000000e+02,9.3967954534910736e-01,-2.6698425689720143e+01,-4.6623800274997163e-01,-4.7163865397398446e+01,5.1312981174954395e+01,9.0990266788396779e-01
7.0183179998751904e+04,1,1.5000000000000000e+02,9.2870850915680492e-01,-2.6718649623299463e+01,-4.6658761691997158e-01,4.7163793343757057e+01,-5.1313005571164204e+01,-9.0990307170486340e-01

7.0246012032796629e+04,0,1.5000000000000000e+02,9.4326091048128025e-01,-2.6762729020955657e+01,-4.6736134156818443e-01,1.9699479584088284e+01,1.6945069825760019e+01,2.8973113612036794e-01
7.0246012032796629e+04,1,1.5000000000000000e+02,9.2555806209026636e-01,-2.6700940719243398e+01,-4.6627759414373404e-01,-1.9700191322367250e+01,-1.6945742277700358e+01,-2.8974265520441755e-01

7.0308843608791081e+04,0,1.5000000000000000e+02,9.5308844905878609e-01,-2.6743372756383508e+01,-4.6702652190958965e-01,-3.8088827495858837e+01,1.4520934848901575e+01,2.6502836671345914e-01
7.0308843608791081e+04,1,1.5000000000000000e+02,9.1590420280936080e-01,-2.6769025731032592e+01,-4.6746290050474443e-01,3.8088587975388634e+01,-1.4522390316812150e+01,-2.6505369516342797e-01

7.0371675836964961e+04,0,1.5000000000000000e+02,9.2700481711984295e-01,-2.6760668601776963e+01,-4.6732043004653379e-01,-2.2484094980384139e+01,-3.5210066940153453e+01,-6.0765100384261750e-01
7.0371675836964961e+04,1,1.5000000000000000e+02,9.4418515047874596e-01,-2.6801235113098571e+01,-4.6803364698452971e-01,2.2484733063005198e+01,3.5208882457405437e+01,6.0763013738901384e-01

7.0434507439468158e+04,0,1.5000000000000000e+02,9.2597717491841369e-01,-2.6774388394232759e+01,-4.6755956033204399e-01,-2.5481356027980077e+01,1.4597883225829946e+00,3.3239278452320109e-02
7.0434507439468158e+04,1,1.5000000000000000e+02,9.4865376529233669e-01,-2.6835224860556263e+01,-4.6862821110386516e-01,2.5481935802321921e+01,-1.4600523885460532e+00,-3.3244063655318956e-02

7.0497339516279913e+04,0,1.5000000000000000e+02,9.1317398403404648e-01,-2.6850958521084550e+01,-4.6889199297454354e-01,1.9932094178767919e+01,-1.1851350800063303e+01,-2.1290656258739946e-01
7.0497339516279913e+04,1,1.5000000000000000e+02,9.6342840338323421e-01,-2.6804726584212823e+01,-4.6810044357137232e-01,-1.9932426836247949e+01,1.1851240660712639e+01,2.1290474173098714e-01

7.0560171610596561e+04,0,1.5000000000000000e+02,9.5187452395345173e-01,-2.6883808054557996e+01,-4.6947708578539715e-01,1.8706378675784233e+01,1.1249902784900172e+01,1.9063929741160174e-01
7.0560171610596561e+04,1,1.5000000000000000e+02,9.2475697427627435e-01,-2.6819019672441190e+01,-4.6833811171064915e-01,-1.8707065980791430e+01,-1.1250871746630438e+01,-1.9065599874809419e-01

7.0623003015459923e+04,0,1.5000000000000000e+02,9.3179771196296424e-01,-2.6866388772845522e+01,-4.6916696128733781e-01,-3.8444332610576573e+01,-5.6482697222595192e+01,-9.7404758003551029e-01
7.0623003015459923e+04,1,1.5000000000000000e+02,9.4548651213975810e-01,-2.6885726307143067e+01,-4.6950861785422876e-01,3.8444409850268990e+01,5.6481194617068269e+01,9.7402133242521505e-01

7.0685834935711784e+04,0,1.5000000000000000e+02,9.6048135697301040e-01,-2.6889147194511846e+01,-4.6957288843994965e-01,3.4785055090812200e+00,3.9154541090338945e+01,6.8228129768804557e-01
7.0685834935711784e+04,1,1.5000000000000000e+02,9.1970160868558437e-01,-2.6912103611883385e+01,-4.6996111031331000e-01,-3.4777424895642746e+00,-3.9155405908975318e+01,-6.8229662329360041e-01

7.0748666653639186e+04,0,1.5000000000000000e+02,9.4913780996490937e-01,-2.6930870624777747e+01,-4.7029760702888473e-01,4.2778380149677361e+01,6.2831043295065157e+01,1.0835212024224194e+00
7.0748666653639186e+04,1,1.5000000000000000e+02,9.3426278729779477e-01,-2.6917270370384980e+01,-4.7005571844033034e-01,-4.2778103525342488e+01,-6.2831104888090863e+01,-1.0835223616359464e+00

7.0811498633703814e+04,0,1.5000000000000000e+02,9.2658723363753726e-01,-2.6978715911057673e+01,-4.7112575270183465e-01,2.0270147516930500e+01,-7.5561755770375019e+00,-1.3804840105305549e-01
7.0811498633703814e+04,1,1.5000000000000000e+02,9.5787942139162729e-01,-2.6915545646626548e+01,-4.7003281220219673e-01,-2.0270758821208084e+01,7.5557963203347160e+00,1.3804196833627203e-01

7.0874330741690719e+04,0,1.5000000000000000e+02,9.6849960683589731e-01,-2.6970827735713595e+01,-4.7100085288170807e-01,-1.9323359173762306e+01,2.8551531033715705e+01,5.0417945486471838e-01
7.0874330741690719e+04,1,1.5000000000000000e+02,9.1584966017535885e-01,-2.6971529185660845e+01,-4.7099705596543684e-01,1.9322890111816442e+01,-2.8552846243646897e+01,-5.0420226554914482e-01

7.0937162462822394e+04,0,1.5000000000000000e+02,9.6556380212535808e-01,-2.6969927619166100e+01,-4.7098424926770749e-01,-2.0254904070581190e+01,1.0199411569107607e+01,1.8417458623882221e-01
7.0937162462822394e+04,1,1.5000000000000000e+02,9.2039674890485812e-01,-2.7022070225592227e+01,-4.7188050385732949e-01,2.0255385131803486e+01,-1.0200761115218498e+01,-1.8419828561087515e-01

7.0999994066725412e+04,0,1.5000000000000000e+02,9.5462848372366804e-01,-2.7024153106515470e+01,-4.7192728318491328e-01,4.3507195931865056e+01,5.8689706536458985e+01,1.0110228888575916e+00
7.0999994066725412e+04,1,1.5000000000000000e+02,9.3479259585597130e-01,-2.7016058765447834e+01,-4.7177997479076250e-01,-4.3506510169271451e+01,-5.8690124579527534e+01,-1.0110303936189062e+00

7.1062825990306286e+04,0,1.5000000000000000e+02,9.2132193256023953e-01,-2.7032551680460912e+01,-4.7206371217265264e-01,-2.8124388244304406e+01,-1.8707216116484538e+01,-3.1791832503495204e-01
7.1062825990306286e+04,1,1.5000000000000000e+02,9.7047411322652688e-01,-2.7053787222519929e+01,-4.7244929685479781e-01,2.8124188702579126e+01,1.8707163144862967e+01,3.1791746134176285e-01

7.1125657787004457e+04,0,1.5000000000000000e+02,9.3587221743211801e-01,-2.7061139950290954e+01,-4.7256707870543407e-01,-5.1218422152599175e+01,-4.7489784182955347e+01,-8.1320819870190197e-01
7.1125657787004457e+04,1,1.5000000000000000e+02,9.5604043856670773e-01,-2.7072044965562235e+01,-4.7276354136779120e-01,5.1217713385506443e+01,4.7488916695075190e+01,8.1319327486682225e-01

7.1188489932093595e+04,0,1.5000000000000000e+02,9.7887451477775278e-01,-2.7082695018068161e+01,-4.7295636635613975e-01,-1.2873084346331048e+01,1.9850251521600374e+01,3.5035622239616987e-01
7.1188489932093595e+04,1,1.5000000000000000e+02,9.1349544216285050e-01,-2.7099698690596803e+01,-4.7323320474362263e-01,1.2873099619195955e+01,-1.9851755882735898e+01,-3.5038248176857384e-01

7.1251321394094790e+04,0,1.5000000000000000e+02,9.3999508957153999e-01,-2.7084819576684353e+01,-4.7298160100211639e-01,-2.0410607914476341e+01,-1.6482826728659642e+01,-2.8144724862578030e-01
7.1251321394094790e+04,1,1.5000000000000000e+02,9.5523598951122002e-01,-2.7146819415378548e+01,-4.7406829026545927e-01,2.0411367541787566e+01,1.6481941165704587e+01,2.8143156201553388e-01

7.1314153288202113e+04,0,1.5000000000000000e+02,9.1508032595639988e-01,-2.7130500782046045e+01,-4.7377125804880094e-01,-3.6125195721506422e+00,-2.1269164531265062e+01,-3.7009761163241822e-01
7.1314153288202113e+04,1,1.5000000000000000e+02,9.8341720155476708e-01,-2.7147997361209249e+01,-4.7409743312006575e-01,3.6127760384658139e+00,2.1269110326824915e+01,3.7009658750831770e-01

7.1376985155949762e+04,0,1.5000000000000000e+02,9.4390789575136791e-01,-2.7152212635027283e+01,-4.7415896390542445e-01,-6.7989139350305237e+01,-1.2409914231407797e+01,-1.9587113841481241e-01
7.1376985155949762e+04,1,1.5000000000000000e+02,9.5553730002602522e-01,-2.7172390567987563e+01,-4.7451466009160420e-01,6.7988498270251426e+01,1.2409479019067788e+01,1.9586373820778413e-01

7.1439817082013891e+04,0,1.5000000000000000e+02,9.5870637135934167e-01,-2.7212822678169186e+01,-4.7522126306629914e-01,3.1246640660581356e+01,-7.2463379126691265e+00,-1.3598478912919787e-01
7.1439817082013891e+04,1,1.5000000000000000e+02,9.4060850156544606e-01,-2.7160091493481723e+01,-4.7429546379278353e-01,-3.1247026053492966e+01,7.2449581555440119e+00,1.3596082645188623e-01

7.1502648981796534e+04,0,1.5000000000000000e+02,9.6480921268942421e-01,-2.7220249690397704e+01,-4.7535274138145783e-01,4.7515274455524271e+01,2.3458630505254526e+01,3.9493483821930486e-01
7.1502648981796534e+04,1,1.5000000000000000e+02,9.3643235335255937e-01,-2.7202347273668302e+01,-4.7503165660361274e-01,-4.7514686459911168e+01,-2.3459878905801212e+01,-3.9495680493437135e-01

7.1565481135173512e+04,0,1.5000000000000000e+02,9.2343608025707846e-01,-2.7223467402366641e+01,-4.7539629453214072e-01,2.2180155469377514e+00,-2.7076970259235509e+01,-4.7323397050698662e-01
7.1565481135173512e+04,1,1.5000000000000000e+02,9.8136603144648193e-01,-2.7246933938305531e+01,-4.7582348942391367e-01,-2.2174368136370699e+00,2.7076706880080017e+01,4.7322919760730592e-01

7.1628312704627970e+04,0,1.5000000000000000e+02,9.4950407200004905e-01,-2.7283197295051227e+01,-4.7644666601100100e-01,3.2644918460821344e+01,1.5305155258611995e+01,2.5716707400050903e-01
7.1628312704627970e+04,1,1.5000000000000000e+02,9.5717947661149505e-01,-2.7233146928418247e+01,-4.7557550485103600e-01,-3.2645322730203532e+01,-1.5305310801880838e+01,-2.5716966544935776e-01

7.1691144554160914e+04,0,1.5000000000000000e+02,9.7820214755678170e-01,-2.7302829588608780e+01,-4.7679803910604701e-01,7.3791595947388622e+00,2.4194276077453186e+01,4.2000040473858752e-01
7.1691144554160914e+04,1,1.5000000000000000e+02,9.2830708754814650e-01,-2.7260921386472909e+01,-4.7605144045264658e-01,-7.3797816672229679e+00,-2.4195399934798775e+01,-4.2001982924846964e-01

7.1753976604794414e+04,0,1.5000000000000000e+02,9.8205233692452587e-01,-2.7312158161522220e+01,-4.7696201799327687e-01,2.0505496815782045e+01,2.2855667132685227e+01,3.9263974322235473e-01
7.1753976604794414e+04,1,1.5000000000000000e+02,9.2552328641145620e-01,-2.7301217145911853e+01,-4.7675385033352308e-01,-2.0505175023776211e+01,-2.2857110340789362e+01,-3.9266502870341236e-01

7.1816808162226240e+04,0,1.5000000000000000e+02,9.5421482089578757e-01,-2.7297326641864782e+01,-4.7669469200131037e-01,-2.2775870389612432e+01,6.6997340148499482e+00,1.2386476044954431e-01
7.1816808162226240e+04,1,1.5000000000000000e+02,9.5677566271830139e-01,-2.7364658404487557e+01,-4.7787057340527966e-01,2.2776604527333209e+01,-6.7002672302012449e+00,-1.2387428998113148e-01

7.1879640454108259e+04,0,1.5000000000000000e+02,9.2293427670662753e-01,-2.7352939239483405e+01,-4.7765573651267446e-01,-7.8119875056103290e+00,-2.2121420558439524e+01,-3.8369223411559816e-01
7.1879640454108259e+04,1,1.5000000000000000e+02,9.9068212325553262e-01,-2.7355204780559781e+01,-4.7771591387919754e-01,7.8118505722711511e+00,2.2121384360369682e+01,3.8369164408847833e-01

7.1942472009184043e+04,0,1.5000000000000000e+02,9.7667885409935695e-01,-2.7385551760837227e+01,-4.7824127580036097e-01,-8.9786122045147359e+00,4.1920357140421288e+01,7.3434629139162810e-01
7.1942472009184043e+04,1,1.5000000000000000e+02,9.3703419620221395e-01,-2.7369320655940811e+01,-4.7794592689376741e-01,8.9779026270373308e+00,-4.1921219974528526e+01,-7.3436113376066126e-01

7.2005303769338614e+04,0,1.5000000000000000e+02,9.5455486071441586e-01,-2.7415298458306687e+01,-4.7875368749530350e-01,5.0268667569599394e+01,-3.7221466378208000e+01,-6.6491764925885843e-01
7.2005303769338614e+04,1,1.5000000000000000e+02,9.5961344207344912e-01,-2.7388886867527159e+01,-4.7829428268871677e-01,-5.0268595756259991e+01,3.7219963646700670e+01,6.6489140110326139e-01

7.2068135518971132e+04,0,1.5000000000000000e+02,9.4575997239178689e-01,-2.7430095261392271e+01,-4.7900924803936862e-01,4.0702571025590935e+01,-4.8087388467916455e+01,-8.5163999014590319e-01
7.2068135518971132e+04,1,1.5000000000000000e+02,9.7148565130877806e-01,-2.7423244292955900e+01,-4.7889751904187711e-01,-4.0701801340932811e+01,4.8086619202034768e+01,8.5162633013588585e-01

7.2130967551361435e+04,0,1.5000000000000000e+02,9.2569769851008277e-01,-2.7453272257902277e+01,-4.7940763070766196e-01,6.8906328133565218e+00,-2.1319795513454970e+01,-3.7418084986521677e-01
7.2130967551361435e+04,1,1.5000000000000000e+02,9.9465355485357576e-01,-2.7446578034054870e+01,-4.7931180661469885e-01,-6.8905500197554339e+00,2.1319775350937064e+01,3.7418047276116612e-01

7.2193799317245372e+04,0,1.5000000000000000e+02,9.7666841705453511e-01,-2.7490666531529730e+01,-4.8007577806621415e-01,8.5824652901649863e+00,3.7321913940267734e+01,6.4874270975315595e-01
7.2193799317245372e+04,1,1.5000000000000000e+02,9.4413455423626913e-01,-2.7455493831957057e+01,-4.7945201893291117e-01,-8.5831750620925646e+00,-3.7322575347686978e+01,-6.4875403668254505e-01

7.2256631381768180e+04,0,1.5000000000000000e+02,9.7801426573205930e-01,-2.7482011176343104e+01,-4.7992513122301333e-01,-3.7974722869576702e+01,9.5338605466414865e+00,1.7795715905990805e-01
7.2256631381768180e+04,1,1.5000000000000000e+02,9.4288258378008039e-01,-2.7513113797648654e+01,-4.8045724454513661e-01,3.7974611571712494e+01,-9.5353517963185208e+00,-1.7798315104859586e-01

7.2319463368293538e+04,0,1.5000000000000000e+02,9.7048809862762142e-01,-2.7488090428760422e+01,-4.8002893603452651e-01,-2.0715527954077665e+01,5.7122994766199859e+00,1.0600400347411992e-01
7.2319463368293538e+04,1,1.5000000000000000e+02,9.5315219751166846e-01,-2.7556497891518866e+01,-4.8121752979198990e-01,2.0716277838108056e+01,-5.7132314632222112e+00,-1.0602049732076241e-01

7.2382294880104571e+04,0,1.5000000000000000e+02,9.3299781948900939e-01,-2.7551548052995162e+01,-4.8112500345742787e-01,1.6825236608476395e+01,-2.1626974212894932e+01,-3.8256826452706894e-01
7.2382294880104571e+04,1,1.5000000000000000e+02,9.9400964196784802e-01,-2.7539863391277091e+01,-4.8093966420039702e-01,-1.6825010076270949e+01,2.1626928730018076e+01,3.8256740173398696e-01

7.2445126778034304e+04,0,1.5000000000000000e+02,9.6875642869065393e-01,-2.7599381526534348e+01,-4.8197070587505991e-01,2.2164173056756560e+01,1.6199542499385018e+01,2.7596906348216232e-01
7.2445126778034304e+04,1,1.5000000000000000e+02,9.5898837713621132e-01,-2.7538120435787604e+01,-4.8089857675081732e-01,-2.2164855020773558e+01,-1.6200080034193014e+01,-2.7597823700780899e-01

7.2507958549094139e+04,0,1.5000000000000000e+02,9.8960681047734211e-01,-2.7613501355877933e+01,-4.8222348253514968e-01,2.1568097026005074e+01,1.2340450902867961e+01,2.0880021283736383e-01
7.2507958549094139e+04,1,1.5000000000000000e+02,9.3804981564149814e-01,-2.7572711198538777e+01,-4.8149589017392314e-01,-2.1568312636785929e+01,-1.2341914370783162e+01,-2.0882568819037040e-01

7.2570790789325780e+04,0,1.5000000000000000e+02,9.5358163839890542e-01,-2.7596148036618292e+01,-4.8190965084845472e-01,-1.7482720614813232e+01,-3.2795511924025043e+01,-5.6703479149406411e-01
7.2570790789325780e+04,1,1.5000000000000000e+02,9.7660058797927829e-01,-2.7639677304771332e+01,-4.8267635365742856e-01,1.7483444412901406e+01,3.2794493571424319e+01,5.6701679829963658e-01

7.2633622156231111e+04,0,1.5000000000000000e+02,9.3640338449228400e-01,-2.7645034784372736e+01,-4.8275760912090271e-01,1.5909146204087342e+01,-2.3014977563620231e+01,-4.0651319186269580e-01
7.2633622156231111e+04,1,1.5000000000000000e+02,9.9726581483399201e-01,-2.7637792519626306e+01,-4.8264975487161177e-01,-1.5908852109405657e+01,2.3014909603335195e+01,4.0651191620320376e-01

7.2696454390207466e+04,0,1.5000000000000000e+02,9.5726323395238633e-01,-2.7698048734718089e+01,-4.8368918466669658e-01,2.1391954687751344e+01,-3.8384876608900136e+00,-7.3507539919120402e-02
7.2696454390207466e+04,1,1.5000000000000000e+02,9.7728080070263013e-01,-2.7630775403963863e+01,-4.8252120116550090e-01,-2.1392619159684806e+01,3.8379992311630637e+00,7.3499218066966132e-02

7.2759285872882785e+04,0,1.5000000000000000e+02,9.8575409368666389e-01,-2.7676105738189573e+01,-4.8331490576877395e-01,-3.8134714263275910e+01,1.4915249518376008e+01,2.7192408522716194e-01
7.2759285872882785e+04,1,1.5000000000000000e+02,9.4863164585738136e-01,-2.7701334449148867e+01,-4.8374389876738472e-01,3.8134466415559160e+01,-1.4916700975863129e+01,-2.7194934114885350e-01

7.2822117732630635e+04,0,1.5000000000000000e+02,9.5486647962760973e-01,-2.7711179757535575e+01,-4.8391762236743302e-01,1.7515255346324594e+01,-5.8927885161353338e+01,-1.0337691252156485e+00
7.2822117732630635e+04,1,1.5000000000000000e+02,9.8199479511030807e-01,-2.7715921379179608e+01,-4.8400863925291021e-01,-1.7514537081824280e+01,5.8926852862198082e+01,1.0337508903060972e+00

7.2884950017691328e+04,0,1.5000000000000000e+02,9.5174147411919841e-01,-2.7749918533836816e+01,-4.8459275519608852e-01,3.8226195027624769e+01,-1.4425653517915981e+01,-2.6340732488769986e-01
7.2884950017691328e+04,1,1.5000000000000000e+02,9.8863492859651103e-01,-2.7724189247229820e+01,-4.8415495618891530e-01,-3.8225904497085722e+01,1.4425586852082050e+01,2.6340607290535262e-01

7.2947781494735653e+04,0,1.5000000000000000e+02,9.4752944092667457e-01,-2.7770797158279134e+01,-4.8495585424719106e-01,-5.4252251115890147e+00,-3.5370716550318775e+01,-6.1565141909040433e-01
7.2947781494735653e+04,1,1.5000000000000000e+02,9.9367997412661291e-01,-2.7749300409918728e+01,-4.8459474322847623e-01,5.4245526402003676e+00,3.5370206758491520e+01,6.1564272685520693e-01

7.3010613322470977e+04,0,1.5000000000000000e+02,9.9650640012088665e-01,-2.7804508791724707e+01,-4.8555912330496948e-01,2.1433119004446198e+01,1.2585805459327322e+01,2.1312335902052115e-01
7.3010613322470977e+04,1,1.5000000000000000e+02,9.4455925595179147e-01,-2.7764293167053779e+01,-4.8484143906905208e-01,-2.1433327454990902e+01,-1.2587271202327255e+01,-2.1314887626011114e-01

7.3073445157701353e+04,0,1.5000000000000000e+02,9.9412486539885769e-01,-2.7798696601375774e+01,-4.8545696103323493e-01,5.6649188830840949e+00,3.6675444001761704e+01,6.3834903425362743e-01
7.3073445157701353e+04,1,1.5000000000000000e+02,9.4955045308890118e-01,-2.7819728276185320e+01,-4.8581043553759190e-01,-5.6641807512905977e+00,-3.6676419015663839e+01,-6.3836627544939961e-01

7.3136277393486467e+04,0,1.5000000000000000e+02,9.5566209946401603e-01,-2.7847107546856741e+01,-4.8629013143524186e-01,3.8220974311554187e+01,-1.1413624815233845e+01,-2.1083858537380507e-01
7.3136277393486467e+04,1,1.5000000000000000e+02,9.9146452258555773e-01,-2.7818144738878477e+01,-4.8579556733483803e-01,-3.8220758764276297e+01,1.1413582091478691e+01,2.1083777408091053e-01

7.3199108950688940e+04,0,1.5000000000000000e+02,9.8214478232991742e-01,-2.7848991428440712e+01,-4.8633107712732598e-01,-5.8376820597854831e+01,4.4446943134433866e+01,7.9348961647159899e-01
7.3199108950688940e+04,1,1.5000000000000000e+02,9.6559183636206580e-01,-2.7862343650526533e+01,-4.8655906296206752e-01,5.8376121876389917e+01,-4.4447546345568412e+01,-7.9349993110169814e-01

7.3261940912011691e+04,0,1.5000000000000000e+02,9.7592868966944957e-01,-2.7865221164738092e+01,-4.8661243138457910e-01,-5.3625189415800271e+01,-2.0780540816187489e+01,-3.4633444736520691e-01
7.3261940912011691e+04,1,1.5000000000000000e+02,9.7179053089238543e-01,-2.7895083344110862e+01,-4.8713233765673158e-01,5.3625093268787587e+01,2.0779047213728788e+01,3.4630840969978316e-01

7.3324772971836646e+04,0,1.5000000000000000e+02,9.7236835506625252e-01,-2.7870646346263317e+01,-4.8670602919291778e-01,-2.1503733239297858e+01,-7.3338288416603916e+00,-1.2144221707731262e-01
7.3324772971836646e+04,1,1.5000000000000000e+02,9.7826470520938846e-01,-2.7939116637037454e+01,-4.8790279675848569e-01,2.1504498203355787e+01,7.3329856073761235e+00,1.2142726757892319e-01

7.3387604727598547e+04,0,1.5000000000000000e+02,9.6714406825110999e-01,-2.7945953256869487e+01,-4.8801872443950245e-01,4.4756251625111261e+01,4.1026161758083326e+00,5.7966298274292671e-02
7.3387604727598547e+04,1,1.5000000000000000e+02,9.8673169997602783e-01,-2.7910297785543396e+01,-4.8740241769931297e-01,-4.4756187826537172e+01,-4.1026355001662509e+00,-5.7966654963408137e-02

7.3450436581024216e+04,0,1.5000000000000000e+02,9.9559139142519015e-01,-2.7960416646569602e+01,-4.8827981130535386e-01,-6.1023121817127368e+00,4.3886276300579084e+01,7.6778009597877117e-01
7.3450436581024216e+04,1,1.5000000000000000e+02,9.5852489655934781e-01,-2.7942175271679652e+01,-4.8795016374305400e-01,6.1015961621913384e+00,-4.3887050470400837e+01,-7.6779338897964255e-01

7.3513268698960397e+04,0,1.5000000000000000e+02,1.0083567425701794e+00,-2.7963704922098444e+01,-4.8834108829549383e-01,-1.5568457630418933e+01,1.8191634072473583e+01,3.2223045593476612e-01
7.3513268698960397e+04,1,1.5000000000000000e+02,9.4605626982009228e-01,-2.7988250355800531e+01,-4.8875048640697555e-01,1.5568552551098357e+01,-1.8193134709263177e+01,-3.2225667457146506e-01

7.3576099972985787e+04,0,1.5000000000000000e+02,9.5864009877240142e-01,-2.7992358041317004e+01,-4.8882600877705379e-01,9.0291715518312810e+00,-4.1099472288485053e+01,-7.2003527735620798e-01
7.3576099972985787e+04,1,1.5000000000000000e+02,9.9909659893567404e-01,-2.8008678727843719e+01,-4.8912316841254500e-01,-9.0284129959648158e+00,4.1098838027849901e+01,7.2002397690326592e-01

7.3638932007794734e+04,0,1.5000000000000000e+02,9.9023104558603281e-01,-2.8025512825586990e+01,-4.8941426310956948e-01,2.3960267380322406e+00,7.5553126922759404e+01,1.3178539699395935e+00
7.3638932007794734e+04,1,1.5000000000000000e+02,9.7030416979442724e-01,-2.8021594822452787e+01,-4.8933981414451772e-01,-2.3961900471030546e+00,-7.5553170738300722e+01,-1.3178546848743942e+00

7.3701763685068290e+04,0,1.5000000000000000e+02,1.0029668785643686e+00,-2.8067254794788049e+01,-4.9014664059354573e-01,6.6474910654888202e+00,2.7338487415864222e+01,4.7509734923365865e-01
7.3701763685068290e+04,1,1.5000000000000000e+02,9.5739511161723301e-01,-2.8026711762463375e+01,-4.8942518445582311e-01,-6.6481617410211786e+00,-2.7339504095144143e+01,-4.7511488842104532e-01

7.3764595766426617e+04,0,1.5000000000000000e+02,1.0090924772498031e+00,-2.8075999361892450e+01,-4.9030112030731671e-01,1.9309910924276203e+01,2.3811862308426427e+01,4.0969186484422460e-01
7.3764595766426617e+04,1,1.5000000000000000e+02,9.5216281805455316e-01,-2.8067727916554432e+01,-4.9013942103435321e-01,-1.9309560138564812e+01,-2.3813291585538281e+01,-4.0971691602751636e-01

7.3827427851808970e+04,0,1.5000000000000000e+02,9.6411363419022078e-01,-2.8066046323375083e+01,-4.9011371371493506e-01,-1.8487313349140184e+01,-1.1040962756600411e+01,-1.8705952560323325e-01
7.3827427851808970e+04,1,1.5000000000000000e+02,1.0008324510727671e+00,-2.8126085041372395e+01,-4.9117271958290815e-01,1.8487970522897538e+01,1.1040594104953119e+01,1.8705289155080673e-01

7.3890259317904434e+04,0,1.5000000000000000e+02,9.5459399590295324e-01,-2.8121487219868708e+01,-4.9107839068986303e-01,-1.2989050121456113e+01,-2.7362654845956651e+01,-4.7358728152336743e-01
7.3890259317904434e+04,1,1.5000000000000000e+02,1.0123895852566780e+00,-2.8116395380294904e+01,-4.9100713227405168e-01,1.2988616182240268e+01,2.7362476228382324e+01,4.7358429641191019e-01

7.3953091166835322e+04,0,1.5000000000000000e+02,1.0061602336434241e+00,-2.8139446549984736e+01,-4.9140753290064193e-01,-2.6899285618759848e+01,2.9175692997836080e+01,5.1738045958806522e-01
7.3953091166835322e+04,1,1.5000000000000000e+02,9.6039577901386908e-01,-2.8146136678545012e+01,-4.9151035038489449e-01,2.6898787622116217e+01,-2.9176979651843702e+01,-5.1740276308787869e-01

7.4015923088556941e+04,0,1.5000000000000000e+02,1.0031804193169482e+00,-2.8172758872870169e+01,-4.9198800526390163e-01,3.4699883236775150e+01,3.0740736947177027e+01,5.2592910929549153e-01
7.4015923088556941e+04,1,1.5000000000000000e+02,9.6518708806510300e-01,-2.8162754764364809e+01,-4.9180183547760137e-01,-3.4699269237549643e+01,-3.0741952524064629e+01,-5.2595051107905622e-01

7.4078754939735387e+04,0,1.5000000000000000e+02,9.9139213384710112e-01,-2.8174874430115597e+01,-4.9202133564550543e-01,-3.3040706915060035e+01,3.9268676223958153e+01,6.9539818396842557e-01
7.4078754939735387e+04,1,1.5000000000000000e+02,9.8073160442426144e-01,-2.8208057403672658e+01,-4.9259721083876890e-01,3.3041107526515567e+01,-3.9268795829166933e+01,-6.9540039340395254e-01

7.4141587035934732e+04,0,1.5000000000000000e+02,9.9945830729960772e-01,-2.8231613659208506e+01,-4.9301402887147078e-01,1.3796218038472285e+01,4.0287981490581529e+01,6.9891944553215368e-01
7.4141587035934732e+04,1,1.5000000000000000e+02,9.7366177961857647e-01,-2.8197128352604178e+01,-4.9240431881355629e-01,-1.3796877818312792e+01,-4.0288459380678518e+01,-6.9892758487103257e-01

7.4204418734908380e+04,0,1.5000000000000000e+02,9.9799770159098777e-01,-2.8260516634261371e+01,-4.9351801030566883e-01,3.6886665183211136e+01,-3.8934928449598232e+00,-7.9187711333373101e-02
7.4204418734908380e+04,1,1.5000000000000000e+02,9.7489719564829591e-01,-2.8217004735189832e+01,-4.9275158578420941e-01,-3.6886819771890856e+01,3.8920117007564059e+00,7.9161908898124689e-02

7.4267250509446982e+04,0,1.5000000000000000e+02,1.0063416173207140e+00,-2.8241684762812305e+01,-4.9319189058060037e-01,-1.0017115265123390e+01,2.9203921318984278e+01,5.1273024722549609e-01
7.4267250509446982e+04,1,1.5000000000000000e+02,9.6945859468644313e-01,-2.8285403766294390e+01,-4.9394365661619932e-01,1.0017881046070126e+01,-2.9204754086718225e+01,-5.1274501430593167e-01

7.4330082261524818e+04,0,1.5000000000000000e+02,9.9872059537992586e-01,-2.8282860684446852e+01,-4.9390818780653090e-01,-2.0753389573455202e+01,7.3531064045586348e+01,1.2896161805691051e+00
7.4330082261524818e+04,1,1.5000000000000000e+02,9.8029769688074830e-01,-2.8290565430391641e+01,-4.9403704194325959e-01,2.0753372343552279e+01,-7.3531084688880597e+01,-1.2896165355929892e+00

7.4392914287040374e+04,0,1.5000000000000000e+02,1.0012796964558390e+00,-2.8342729270040206e+01,-4.9495381820328038e-01,1.9312294983680580e+01,1.0606851378133435e+01,1.7923192084048434e-01
7.4392914287040374e+04,1,1.5000000000000000e+02,9.7770022250102628e-01,-2.8277229787014292e+01,-4.9380351152070678e-01,-1.9312992599852876e+01,-1.0607775957366336e+01,-1.7924784445380226e-01

7.4455746021111438e+04,0,1.5000000000000000e+02,1.0078087917761576e+00,-2.8311077570301489e+01,-4.9440340877335315e-01,-2.8831277220301438e+01,4.0193134438435472e+00,7.8929647378994661e-02
7.4455746021111438e+04,1,1.5000000000000000e+02,9.7185708387579617e-01,-2.8358611988503611e+01,-4.9522204668647007e-01,2.8831586724052379e+01,-4.0207609949434371e+00,-7.8955004911587134e-02

7.4518577985667594e+04,0,1.5000000000000000e+02,9.6565373002510069e-01,-2.8340012665655173e+01,-4.9489555392059564e-01,-5.6664710271950511e+00,-2.4935310766540553e+01,-4.3345498458697490e-01
7.4518577985667594e+04,1,1.5000000000000000e+02,1.0177444704249092e+00,-2.8378148986164607e+01,-4.9557699303933550e-01,5.6671242402238100e+00,2.4934948048553323e+01,4.3344845529740988e-01

7.4581409999965283e+04,0,1.5000000000000000e+02,9.6267996600857852e-01,-2.8393342916983315e+01,-4.9582538915774999e-01,-1.4047422580604483e+00,-2.5788676141225800e+01,-4.4964652673379418e-01
7.4581409999965283e+04,1,1.5000000000000000e+02,1.0226698432985237e+00,-2.8370497219580205e+01,-4.9544495165161545e-01,1.4042633711916501e+00,2.5788458701841776e+01,4.4964287778056539e-01

7.4644241726923501e+04,0,1.5000000000000000e+02,1.0237635957393381e+00,-2.8418361246302876e+01,-4.9628062720945521e-01,1.7527689553479284e+00,2.3477536233981045e+01,4.0920555336471187e-01
7.4644241726923501e+04,1,1.5000000000000000e+02,9.6109985062714420e-01,-2.8393425142431656e+01,-4.9582634275143805e-01,-1.7531821534146168e+00,-2.3478895365080117e+01,-4.0922914759667939e-01

7.4707073770667950e+04,0,1.5000000000000000e+02,9.9232739974478501e-01,-2.8400221578732644e+01,-4.9595446977275703e-01,-2.4177909757324649e+01,-1.3837235026020789e+01,-2.3412766286577263e-01
7.4707073770667950e+04,1,1.5000000000000000e+02,9.9474775418387518e-01,-2.8461491488499110e+01,-4.9702451445983709e-01,2.4178608305965469e+01,1.3836158017881576e+01,2.3410865368384676e-01

7.4769905251749107e+04,0,1.5000000000000000e+02,9.6827771039194033e-01,-2.8436215709550758e+01,-4.9657532756067180e-01,-2.0899169499541514e+01,-1.4015839578827812e+01,-2.3824355426261107e-01
7.4769905251749107e+04,1,1.5000000000000000e+02,1.0224373099691149e+00,-2.8472378721772941e+01,-4.9722295794373228e-01,2.0899371292428143e+01,1.4015799830633799e+01,2.3824279909095875e-01

7.4832737342494482e+04,0,1.5000000000000000e+02,1.0135026656700379e+00,-2.8486655130205435e+01,-4.9746939375704308e-01,-5.1336314276896733e+00,4.4810694286913218e+01,7.8361832236335138e-01
7.4832737342494482e+04,1,1.5000000000000000e+02,9.7756681381025134e-01,-2.8468025424287553e+01,-4.9713331331485866e-01,5.1329160651169001e+00,-4.4811432023247534e+01,-7.8363097971212092e-01

7.4895568869611059e+04,0,1.5000000000000000e+02,9.9015089536242740e-01,-2.8489753458206184e+01,-4.9751635323732973e-01,-4.0128001754866766e+01,-4.7654824513425808e+01,-8.1946705648751905e-01
7.4895568869611059e+04,1,1.5000000000000000e+02,1.0011704363376810e+00,-2.8514408018901332e+01,-4.9794999156577718e-01,4.0128163061212085e+01,4.7653333552911107e+01,8.1944098650189323e-01

7.4958400718560559e+04,0,1.5000000000000000e+02,9.7436429012985903e-01,-2.8519070259783824e+01,-4.9802319277616847e-01,1.0522259313786931e+01,-3.6173539676180319e+01,-6.3452074298683314e-01
7.4958400718560559e+04,1,1.5000000000000000e+02,1.0205655465148455e+00,-2.8533949760498992e+01,-4.9829695029288362e-01,-1.0521549506972503e+01,3.6173069174817634e+01,6.3451231537785180e-01

7.5021232882743949e+04,0,1.5000000000000000e+02,9.7012205707543653e-01,-2.8569905638708857e+01,-4.9890910006957190e-01,1.2523886834784339e+01,-1.7563402698176077e+01,-3.1033883022799130e-01
7.5021232882743949e+04,1,1.5000000000000000e+02,1.0270688857363142e+00,-2.8528818178304824e+01,-4.9820937288873224e-01,-1.2524297193335610e+01,1.7563241550308135e+01,3.1033614282115168e-01

7.5084064537207756e+04,0,1.5000000000000000e+02,1.0268367291635665e+00,-2.8576425853614733e+01,-4.9904017058914707e-01,-1.2662368172919399e+01,2.7989409150152444e+01,4.9233991829726181e-01
7.5084064537207756e+04,1,1.5000000000000000e+02,9.6982991956998699e-01,-2.8570032871955483e+01,-4.9891123152521177e-01,1.2661911557315831e+01,-2.7990733627676857e+01,-4.9236289451488396e-01

7.5146896640279898e+04,0,1.5000000000000000e+02,9.8863439526112107e-01,-2.8578467112823827e+01,-4.9906415771407714e-01,-1.8577510315415161e+01,-3.6294087555658521e+01,-6.2775984638313043e-01
7.5146896640279898e+04,1,1.5000000000000000e+02,1.0101403466765397e+00,-2.8617978716135838e+01,-4.9976028169431386e-01,1.8578198958728017e+01,3.6292990530098720e+01,6.2774049086607708e-01

7.5209728222050660e+04,0,1.5000000000000000e+02,9.6706122338335232e-01,-2.8613624896602822e+01,-4.9967117367698621e-01,-5.1486005024134762e+00,-2.0954923205316778e+01,-3.6414540349643232e-01
7.5209728222050660e+04,1,1.5000000000000000e+02,1.0353929402113451e+00,-2.8629701957565175e+01,-4.9997257316819621e-01,5.1487917537347450e+00,2.0954885802675580e+01,3.6414469247110182e-01

7.5272560085113539e+04,0,1.5000000000000000e+02,1.0123068801789996e+00,-2.8639101259973902e+01,-5.0012958076951985e-01,-5.0513958761919149e+01,4.3249479159140897e+01,7.7019570210826116e-01
7.5272560085113539e+04,1,1.5000000000000000e+02,9.9041569256300199e-01,-2.8650334324583792e+01,-5.0031895600265019e-01,5.0513243666615885e+01,-4.3250261251598111e+01,-7.7020913365997357e-01

7.5335391879492643e+04,0,1.5000000000000000e+02,1.0101570277868432e+00,-2.8684779000305848e+01,-5.0092611227291683e-01,5.1026858010704977e+01,-2.4411963392067761e+00,-5.8149210399234263e-02
7.5335391879492643e+04,1,1.5000000000000000e+02,9.9293694789451337e-01,-2.8654277432043457e+01,-5.0038854070382854e-01,-5.1026620853328929e+01,2.4397235292204513e+00,5.8123434077111735e-02

7.5398223846007895e+04,0,1.5000000000000000e+02,1.0130682248213831e+00,-2.8697931306271954e+01,-5.0115653843655039e-01,4.3119612185710444e+01,6.0201455352039275e+01,1.0375246143102514e+00
7.5398223846007895e+04,1,1.5000000000000000e+02,9.9378285007342682e-01,-2.8689744116302972e+01,-5.0100777731002544e-01,-4.3118953890509722e+01,-6.0201827647203785e+01,-1.0375313122929044e+00

7.5461055679367957e+04,0,1.5000000000000000e+02,9.8897430944722053e-01,-2.8746394132559701e+01,-5.0199499150521276e-01,2.3501363187340054e+01,-3.7625589675901256e+00,-7.2824996744442816e-02
7.5461055679367957e+04,1,1.5000000000000000e+02,1.0197715327242338e+00,-2.8686881361198335e+01,-5.0096573227875452e-01,-2.3501880631134505e+01,3.7623025595859740e+00,7.2820679440542102e-02

7.5523887474095522e+04,0,1.5000000000000000e+02,1.0085862443939588e+00,-2.8727354669379199e+01,-5.0166868141802723e-01,-5.9610639344424257e+01,-9.1898163569367917e+00,-1.4222504822529569e-01
7.5523887474095522e+04,1,1.5000000000000000e+02,9.9963336181042584e-01,-2.8754135760775622e+01,-5.0213334856727376e-01,5.9610329642330413e+01,9.1883938245077807e+00,1.4220031595917748e-01

7.5586719331084052e+04,0,1.5000000000000000e+02,9.9827458884803977e-01,-2.8773170905391968e+01,-5.0246514363799089e-01,6.3245571745127457e+01,-3.9346692086720651e+01,-7.0596114406873300e-01
7.5586719331084052e+04,1,1.5000000000000000e+02,1.0126122309287064e+00,-2.8758153167486753e+01,-5.0220741568981120e-01,-6.3244816272876882e+01,3.9345793883332107e+01,7.0594523811916732e-01

7.5649551264939058e+04,0,1.5000000000000000e+02,9.8746329619437745e-01,-2.8807959177783612e+01,-5.0306898914731746e-01,3.1659003266291400e+01,-7.6857977378569693e+00,-1.4378003985587695e-01
7.5649551264939058e+04,1,1.5000000000000000e+02,1.0267527730399773e+00,-2.8769663671560121e+01,-5.0241260927531617e-01,-3.1659053671302580e+01,7.6857746676690475e+00,1.4377965258326786e-01

7.5712383002434755e+04,0,1.5000000000000000e+02,9.9894743091358063e-01,-2.8837700003186828e+01,-5.0359153648239996e-01,2.1542372240077075e+01,-2.5754009351082289e+01,-4.5603195384336920e-01
7.5712383002434755e+04,1,1.5000000000000000e+02,1.0150047062586667e+00,-2.8786601554129323e+01,-5.0270463715559133e-01,-2.1543028596125378e+01,2.5752958003507111e+01,4.5601380524844820e-01

7.5775215143424735e+04,0,1.5000000000000000e+02,1.0334709931914756e+00,-2.8813585506057024e+01,-5.0318119741133360e-01,-1.5234925479723227e+01,1.5357224312287832e+01,2.7266157993608475e-01
7.5775215143424735e+04,1,1.5000000000000000e+02,9.8163828798122199e-01,-2.8860734590769734e+01,-5.0398827245350664e-01,1.5235432951491067e+01,-1.5358550654965841e+01,-2.7268488239770039e-01

7.5838047053591334e+04,0,1.5000000000000000e+02,9.8126155628804757e-01,-2.8840443569943492e+01,-5.0363403046504140e-01,-1.4380106444471934e+01,-1.6339602711494589e+01,-2.8078473398639781e-01
7.5838047053591334e+04,1,1.5000000000000000e+02,1.0377802877471161e+00,-2.8881530450460446e+01,-5.0436831286801231e-01,1.4380524937822713e+01,1.6339471751284346e+01,2.8078232093132283e-01

7.5900878564261700e+04,0,1.5000000000000000e+02,1.0059484812912471e+00,-2.8874132511338892e+01,-5.0422950393366150e-01,-7.2925233653946208e+01,-1.2139706034731503e+01,-1.8965165834472075e-01
7.5900878564261700e+04,1,1.5000000000000000e+02,1.0139142322999408e+00,-2.8893564526080848e+01,-5.0457106598261692e-01,7.2924540120841641e+01,1.2139121380197125e+01,1.8964166599160115e-01

7.5963710587266862e+04,0,1.5000000000000000e+02,1.0447560589367748e+00,-2.8908885581079183e+01,-5.0484785061859561e-01,2.8492673440527341e+00,2.1692729807572562e+01,3.7772235671668358e-01
7.5963710587266862e+04,1,1.5000000000000000e+02,9.7505537692333710e-01,-2.8908107902345456e+01,-5.0481304513239933e-01,-2.8491795940555917e+00,-2.1694230353344985e+01,-3.7774857158049807e-01

7.6026542815700304e+04,0,1.5000000000000000e+02,9.8876142699294223e-01,-2.8910811538638402e+01,-5.0486440532958921e-01,-8.8226012589400149e+00,-2.4452201444401208e+01,-4.2406210323597138e-01
7.6026542815700304e+04,1,1.5000000000000000e+02,1.0346811728507530e+00,-2.8955171339566430e+01,-5.0565257927008977e-01,8.8233081673387552e+00,2.4451736854947729e+01,4.2405377968664981e-01

7.6089374181943640e+04,0,1.5000000000000000e+02,9.8293904108372743e-01,-2.8970316961732237e+01,-5.0590114439783551e-01,2.7154030549993102e+00,-2.4038031213906461e+01,-4.2034869174875900e-01
7.6089374181943640e+04,1,1.5000000000000000e+02,1.0426475364854082e+00,-2.8941255252837042e+01,-5.0541213681458008e-01,-2.7158804399050531e+00,2.4037814564871542e+01,4.2034505613120177e-01

7.6152206077969982e+04,0,1.5000000000000000e+02,1.0152286716374310e+00,-2.8966877723775411e+01,-5.0585095783169010e-01,-6.1413943294450846e+01,-1.4517998783109551e+01,-2.3466530776687189e-01
7.6152206077969982e+04,1,1.5000000000000000e+02,1.0097687815701004e+00,-2.8992817566347629e+01,-5.0630200724497954e-01,6.1413625609251227e+01,1.4516580637199990e+01,2.3464065448765847e-01

7.6215038261018286e+04,0,1.5000000000000000e+02,1.0298783895429811e+00,-2.8977185830308688e+01,-5.0603532181436950e-01,-1.5171658396766155e+01,2.1133267796076368e+01,3.7344816516776580e-01
7.6215038261018286e+04,1,1.5000000000000000e+02,9.9784803230414654e-01,-2.9032365907233991e+01,-5.0698858944338798e-01,1.5172420456897306e+01,-2.1134127778304268e+01,-3.7346340607353712e-01

7.6277869693914603e+04,0,1.5000000000000000e+02,9.9170686683285736e-01,-2.9015413282287152e+01,-5.0669085447671058e-01,-2.9060721033856119e+01,-1.6653571132219859e+01,-2.8179204028129623e-01
7.6277869693914603e+04,1,1.5000000000000000e+02,1.0392473187803832e+00,-2.9040268793883794e+01,-5.0713912535297023e-01,2.9060585127771603e+01,1.6653533864358430e+01,2.8179143127089434e-01

7.6340701561865411e+04,0,1.5000000000000000e+02,1.0158388646062624e+00,-2.9040818815314022e+01,-5.0714159350343047e-01,-7.2763792109347150e+01,-1.2546632928678587e+01,-1.9680269228617009e-01
7.6340701561865411e+04,1,1.5000000000000000e+02,1.0146601338048655e+00,-2.9061822991374783e+01,-5.0750780784069427e-01,7.2763199246410835e+01,1.2545464586478747e+01,1.9678248251081398e-01

7.6403533836372968e+04,0,1.5000000000000000e+02,1.0312706251958346e+00,-2.9045506427766192e+01,-5.0722810457406331e-01,-2.1746350581944228e+01,5.6246513178499331e+00,1.0478835468919062e-01
7.6403533836372968e+04,1,1.5000000000000000e+02,1.0008592410166071e+00,-2.9107261282647908e+01,-5.0829661109265301e-01,2.1746980397363032e+01,-5.6258444608509119e+00,-1.0480936976603411e-01

7.6466365395023109e+04,0,1.5000000000000000e+02,9.8788045057296314e-01,-2.9106485274367607e+01,-5.0827911404302928e-01,1.7436940734027189e+01,-2.1328178693649630e+01,-3.7753990889586458e-01
7.6466365395023109e+04,1,1.5000000000000000e+02,1.0480943304389418e+00,-2.9093310685348360e+01,-5.0806752888967155e-01,-1.7436731868129954e+01,2.1328136688714050e+01,3.7753911218360164e-01

7.6529197531426515e+04,0,1.5000000000000000e+02,1.0363710859531534e+00,-2.9146348508416470e+01,-5.0898959517642128e-01,1.1347136840428517e+01,2.6830128827538360e+01,4.6479360180551860e-01
7.6529197531426515e+04,1,1.5000000000000000e+02,9.9974106490743886e-01,-2.9099542733615873e+01,-5.0816156306156968e-01,-1.1347845564028445e+01,-2.6830987871996953e+01,-4.6480837829571925e-01

7.6592029089646458e+04,0,1.5000000000000000e+02,1.0496113836601912e+00,-2.9145006970731046e+01,-5.0897021547641896e-01,9.2970721977974335e+00,2.5096759284768751e+01,4.3516664917921949e-01
7.6592029089646458e+04,1,1.5000000000000000e+02,9.8715025746804108e-01,-2.9150783395617712e+01,-5.0905200027729514e-01,-9.2966769771906002e+00,-2.5098164173610016e+01,-4.3519128826524084e-01

7.6654861081411131e+04,0,1.5000000000000000e+02,9.9261450073763735e-01,-2.9171569247141903e+01,-5.0941642792198316e-01,1.6503213404785924e+01,-2.7452157112893062e+01,-4.8413362520460501e-01
7.6654861081411131e+04,1,1.5000000000000000e+02,1.0481409425898305e+00,-2.9172203557035349e+01,-5.0944441333703883e-01,-1.6502732788996809e+01,2.7451982716661746e+01,4.8413043516166121e-01

7.6717692706999936e+04,0,1.5000000000000000e+02,1.0353950353674231e+00,-2.9211986931249946e+01,-5.1013484605373483e-01,1.0927146011123289e+01,3.9024493759758109e+01,6.7774255784317750e-01
7.6717692706999936e+04,1,1.5000000000000000e+02,1.0062891183412259e+00,-2.9177404574800541e+01,-5.0952243409359732e-01,-1.0927836453944467e+01,-3.9025064947290936e+01,-6.7775231610599262e-01

7.6780524679030903e+04,0,1.5000000000000000e+02,1.0415586083748911e+00,-2.9199913762247430e+01,-5.0992601774859758e-01,-2.9797436351507947e+01,8.5174374712924106e+00,1.5772705997433317e-01
7.6780524679030903e+04,1,1.5000000000000000e+02,1.0000653571006768e+00,-2.9238854664957898e+01,-5.1059299000019409e-01,2.9797572002491705e+01,-8.5189322672490668e+00,-1.5775318908208685e-01

7.6843356376172756e+04,0,1.5000000000000000e+02,1.0182608428729090e+00,-2.9212623504081275e+01,-5.1014073598310761e-01,-2.5408913332302021e+01,7.8305906437537907e+00,1.4440304148915650e-01
7.6843356376172756e+04,1,1.5000000000000000e+02,1.0271619363854521e+00,-2.9274942760228900e+01,-5.1123106853605127e-01,2.5409568227913446e+01,-7.8309573008790245e+00,-1.4440964003863965e-01

7.6906188291248865e+04,0,1.5000000000000000e+02,1.0181785637196235e+00,-2.9297522749228051e+01,-5.1162240697260963e-01,2.5645758778592359e+01,7.0720647380577244e+00,1.1561200628227264e-01
7.6906188291248865e+04,1,1.5000000000000000e+02,1.0289570159285633e+00,-2.9235525788964885e+01,-5.1054369429551238e-01,-2.5646347807187780e+01,-7.0724122114406160e+00,-1.1561789108900578e-01

7.6969020321754491e+04,0,1.5000000000000000e+02,1.0410759407306103e+00,-2.9275227004136909e+01,-5.1124026778930642e-01,-3.7404120624915578e+01,9.6131068811109106e+00,1.7916637412152450e-01
7.6969020321754491e+04,1,1.5000000000000000e+02,1.0055832813803445e+00,-2.9306571544397272e+01,-5.1177649321371166e-01,3.7404024561675740e+01,-9.6145994556036296e+00,-1.7919239387198785e-01

7.7031852393855530e+04,0,1.5000000000000000e+02,1.0041430732027343e+00,-2.9293682159604682e+01,-5.1155110362938050e-01,-8.9412136261114128e+00,-2.6841238473407216e+01,-4.6572041522164503e-01
7.7031852393855530e+04,1,1.5000000000000000e+02,1.0459356824017219e+00,-2.9337513370368217e+01,-5.1232879513789253e-01,8.9419559886147084e+00,2.6840672354432165e+01,4.6571030893726856e-01

7.7094684112663192e+04,0,1.5000000000000000e+02,9.9863101503979856e-01,-2.9339806371800488e+01,-5.1235440290481105e-01,-1.5530018151151197e+01,-2.8226584381544107e+01,-4.8789086843483970e-01
7.7094684112663192e+04,1,1.5000000000000000e+02,1.0538194120784863e+00,-2.9336962918401696e+01,-5.1232159000183941e-01,1.5529564016192438e+01,2.8226387988422374e+01,4.8788757924893572e-01

7.7157515693128618e+04,0,1.5000000000000000e+02,1.0564133168244265e+00,-2.9379228298344206e+01,-5.1306001270525181e-01,1.2452798143898264e+01,1.7957773566215977e+01,3.0961283093767467e-01
7.7157515693128618e+04,1,1.5000000000000000e+02,9.9538010066431981e-01,-2.9345695850378483e+01,-5.1245619806897180e-01,-1.2453074701623393e+01,-1.7959211470256463e+01,-3.0963784157227159e-01

7.7220347944400215e+04,0,1.5000000000000000e+02,1.0175558737513288e+00,-2.9355419795872848e+01,-5.1263265970792216e-01,-1.9466362835065979e+01,-1.3738939665875655e+01,-2.3384746447463356e-01
7.7220347944400215e+04,1,1.5000000000000000e+02,1.0372285434062585e+00,-2.9419288982946156e+01,-5.1375332366180215e-01,1.9467130894740663e+01,1.3738200860607570e+01,2.3383433657119301e-01

7.7283179554896225e+04,0,1.5000000000000000e+02,9.9682514143563006e-01,-2.9414271042422694e+01,-5.1365344023661785e-01,-6.8936797729317973e+00,-2.4517530155559754e+01,-4.2578985939632974e-01
7.7283179554896225e+04,1,1.5000000000000000e+02,1.0608244494032506e+00,-2.9406213717627288e+01,-5.1353231682428113e-01,6.8933585175592782e+00,2.4517423953793028e+01,4.2578810378744936e-01

7.7346011462456270e+04,0,1.5000000000000000e+02,1.0437379382994041e+00,-2.9423220878217698e+01,-5.1382392750961481e-01,-4.4902186884246063e+01,1.7646565051189867e+01,3.2165370885477429e-01
7.7346011462456270e+04,1,1.5000000000000000e+02,1.0132231378933083e+00,-2.9444931442969914e+01,-5.1419353329746864e-01,4.4901783189694456e+01,-1.7647930124165384e+01,-3.2167740968221559e-01

7.7408843079248574e+04,0,1.5000000000000000e+02,1.0453719776285189e+00,-2.9460682806247799e+01,-5.1447822601485604e-01,3.2654254672951296e+01,4.5178560605128538e+01,7.7852704153687990e-01
7.7408843079248574e+04,1,1.5000000000000000e+02,1.0141956724553092e+00,-2.9457475806385442e+01,-5.1441275882157034e-01,-3.2653494382487949e+01,-4.5179430567470291e+01,-7.7854245608048678e-01

7.7471675020005234e+04,0,1.5000000000000000e+02,1.0185588275826145e+00,-2.9467468871370507e+01,-5.1458849094615522e-01,-4.6266455324959637e+01,-6.3008775624633060e+00,-9.5871191665055422e-02
7.7471675020005234e+04,1,1.5000000000000000e+02,1.0442082203043226e+00,-2.9496684194095884e+01,-5.1510618228137184e-01,4.6266241688647284e+01,6.3008179636403625e+00,9.5870216605058678e-02

7.7534506869972451e+04,0,1.5000000000000000e+02,1.0473758002155300e+00,-2.9496938005837418e+01,-5.1511157678220865e-01,-4.2683679975851533e+01,2.3357585874558403e+01,4.2064893523164409e-01
7.7534506869972451e+04,1,1.5000000000000000e+02,1.0147395840792206e+00,-2.9514530830383574e+01,-5.1540867184136552e-01,4.2683196680909504e+01,-2.3358885367286497e+01,-4.2067146727695420e-01

7.7597338565584010e+04,0,1.5000000000000000e+02,1.0509718142374920e+00,-2.9504361606724459e+01,-5.1524223186441320e-01,-1.3516112629285743e+01,2.1297208357461074e+01,3.7580498877150120e-01
7.7597338565584010e+04,1,1.5000000000000000e+02,1.0134637003255489e+00,-2.9557227332168914e+01,-5.1615343978584016e-01,1.3516854577737824e+01,-2.1298165285781010e+01,-3.7582191549261984e-01

7.7660170856518438e+04,0,1.5000000000000000e+02,1.0122629547320252e+00,-2.9574270507703016e+01,-5.1645051833923339e-01,2.7641793818592628e+01,-8.9099402748986911e+00,-1.6392049879647227e-01
7.7660170856518438e+04,1,1.5000000000000000e+02,1.0555723038368290e+00,-2.9533482475019778e+01,-5.1575186246777238e-01,-2.7641935422485187e+01,8.9099012830801669e+00,1.6391986143546647e-01

7.7723002635337252e+04,0,1.5000000000000000e+02,1.0622390471005718e+00,-2.9588811181079603e+01,-5.1671951235723601e-01,-2.4266371816603574e+00,2.7397216035794774e+01,4.7888658296638265e-01
7.7723002635337252e+04,1,1.5000000000000000e+02,1.0049880542045730e+00,-2.9566045712879649e+01,-5.1630475961753997e-01,2.4261123029367404e+00,-2.7398472732901620e+01,-4.7890835545710564e-01

7.7785834165344102e+04,0,1.5000000000000000e+02,1.0547228074335446e+00,-2.9576760954191215e+01,-5.1650691712560592e-01,-1.2724970863299916e+01,2.1413438556295773e+01,3.7759247763137482e-01
7.7785834165344102e+04,1,1.5000000000000000e+02,1.0146621239998324e+00,-2.9628267689154232e+01,-5.1739362979615178e-01,1.2725699403390941e+01,-2.1414438953480165e+01,-3.7761015890430827e-01

7.7848666054639238e+04,0,1.5000000000000000e+02,1.0297892653890868e+00,-2.9645588195226093e+01,-5.1770052244794917e-01,4.1831233660017318e+01,1.1727543276738066e+01,1.9193068173323155e-01
7.7848666054639238e+04,1,1.5000000000000000e+02,1.0430879370958115e+00,-2.9605687608572822e+01,-5.1700821240561012e-01,-4.1831344570264520e+01,-1.1727575847784857e+01,-1.9193121638677271e-01

7.7911497821574609e+04,0,1.5000000000000000e+02,1.0243467584065498e+00,-2.9657839359908092e+01,-5.1791267670448560e-01,8.2534090344812441e+00,-5.8058996896887976e+01,-1.0157834709776772e+00
7.7911497821574609e+04,1,1.5000000000000000e+02,1.0479353564847385e+00,-2.9640462743426792e+01,-5.1761659879422761e-01,-8.2539445494228900e+00,5.8057752466337647e+01,1.0157619158079436e+00

7.7974329783689027e+04,0,1.5000000000000000e+02,1.0541325003922437e+00,-2.9676638380204601e+01,-5.1824983848482586e-01,3.3295497501497721e+01,3.9986444238343424e+01,6.8771677277828003e-01
7.7974329783689027e+04,1,1.5000000000000000e+02,1.0202795961259610e+00,-2.9671853718304117e+01,-5.1815602191228638e-01,-3.3294769643644912e+01,-3.9987446506568730e+01,-6.8773448649749325e-01

7.8037161663498511e+04,0,1.5000000000000000e+02,1.0322197568506801e+00,-2.9717532565605786e+01,-5.1895686500000393e-01,4.1378136026941057e+01,1.1617433378247211e+01,1.9014702747640783e-01
7.8037161663498511e+04,1,1.5000000000000000e+02,1.0456828900590609e+00,-2.9677186571869633e+01,-5.1825683163261049e-01,-4.1378258927805071e+01,-1.1617468372007602e+01,-1.9014760075923115e-01

7.8099993427931026e+04,0,1.5000000000000000e+02,1.0493622015179294e+00,-2.9750704067810968e+01,-5.1954100960352179e-01,2.6156211250413651e+01,-2.1439019345448926e+00,-4.5384290402697203e-02
7.8099993427931026e+04,1,1.5000000000000000e+02,1.0279140051399638e+00,-2.9691097607772640e+01,-5.1849419961052234e-01,-2.6156729050080582e+01,2.1426376250199723e+00,4.5362382900594911e-02

7.8162825632759486e+04,0,1.5000000000000000e+02,1.0359343693350709e+00,-2.9714504529262662e+01,-5.1890514989614389e-01,-2.2378310264957751e+01,-1.3583137738701215e+01,-2.3024127092318269e-01
7.8162825632759486e+04,1,1.5000000000000000e+02,1.0435825137622468e+00,-2.9777475648228283e+01,-5.2000647733441152e-01,2.2379050203888919e+01,1.3582174174190950e+01,2.3022422899693107e-01

7.8225657616376586e+04,0,1.5000000000000000e+02,1.0202326206671346e+00,-2.9790286595287192e+01,-5.2022294595514063e-01,2.7399622896890694e+01,-8.2194636874484530e+00,-1.5179624753134308e-01
7.8225657616376586e+04,1,1.5000000000000000e+02,1.0626750672616037e+00,-2.9747797367274170e+01,-5.1949433604434003e-01,-2.7399800005011056e+01,8.2194153194641508e+00,1.5179545734945948e-01

7.8288489055243539e+04,0,1.5000000000000000e+02,1.0570217590977597e+00,-2.9821149627581612e+01,-5.2077278722965092e-01,2.4664366593900844e+01,3.4140796179036066e+00,5.2070327571616504e-02
7.8288489055243539e+04,1,1.5000000000000000e+02,1.0251939429326744e+00,-2.9764211758201672e+01,-5.1976938859175315e-01,-2.4664834487401798e+01,-3.4153929628456474e+00,-5.2093106062765127e-02

7.8351321098369532e+04,0,1.5000000000000000e+02,1.0272405442942127e+00,-2.9815132718030029e+01,-5.2065870525330049e-01,1.9074320048089305e+01,-5.3346480685995878e+01,-9.3683512823630455e-01
7.8351321098369532e+04,1,1.5000000000000000e+02,1.0574616574298885e+00,-2.9820346492875938e+01,-5.2075890451630824e-01,-1.9073561831705732e+01,5.3345599408360634e+01,9.3681951684610354e-01

7.8414152943021385e+04,0,1.5000000000000000e+02,1.0223199554655829e+00,-2.9830187013927752e+01,-5.2091993988001595e-01,-3.2832576747556082e+01,-1.9043421089947085e+01,-3.2235164170131836e-01
7.8414152943021385e+04,1,1.5000000000000000e+02,1.0655551445158244e+00,-2.9851188721925169e+01,-5.2129964108483895e-01,3.2832306081488518e+01,1.9043338995582918e+01,3.2235029141367155e-01

7.8476984808595080e+04,0,1.5000000000000000e+02,1.0497749147067739e+00,-2.9889649967573220e+01,-5.2196607511248894e-01,3.2907709127575608e+01,-1.1465161634669904e+01,-2.1011943155486257e-01
7.8476984808595080e+04,1,1.5000000000000000e+02,1.0373433139687771e+00,-2.9839346122456170e+01,-5.2108436488768139e-01,-3.2908086862214780e+01,1.1463779285299722e+01,2.1009542130491143e-01

7.8539816507263080e+04,0,1.5000000000000000e+02,1.0331419230567964e+00,-2.9894116949438775e+01,-5.2203896765879843e-01,4.5931173517037593e+01,-4.5875000647565003e+01,-8.1462130309469150e-01
7.8539816507263080e+04,1,1.5000000000000000e+02,1.0568295085958395e+00,-2.9884845038034179e+01,-5.2188436651041525e-01,-4.5930405741591301e+01,4.5874246768920642e+01,8.1460791221105910e-01

7.8602648767258579e+04,0,1.5000000000000000e+02,1.0236275227520133e+00,-2.9937235257826867e+01,-5.2278858742262291e-01,2.0774910624111829e+01,-1.0479008957086970e+01,-1.8921264462535081e-01
7.8602648767258579e+04,1,1.5000000000000000e+02,1.0691482270368933e+00,-2.9887374247376105e+01,-5.2193225990714043e-01,-2.0775305029209346e+01,1.0478857834277077e+01,1.8921012732001846e-01

7.8665480207492350e+04,0,1.5000000000000000e+02,1.0707788303368835e+00,-2.9927184750039011e+01,-5.2262754563638070e-01,-2.7204731519628609e+01,2.0456927879848905e+01,3.6531007602931170e-01
7.8665480207492350e+04,1,1.5000000000000000e+02,1.0212381253277703e+00,-2.9945537963596166e+01,-5.2293276165012736e-01,2.7204492512118904e+01,-2.0458380928482512e+01,-3.6533536241256065e-01

7.8728312097573755e+04,0,1.5000000000000000e+02,1.0271522676003779e+00,-2.9954878491006017e+01,-5.2309757789619327e-01,1.2472524037411940e+01,-4.0721868353979715e+01,-7.1449413847068510e-01
7.8728312097573755e+04,1,1.5000000000000000e+02,1.0681672956244537e+00,-2.9967508192298688e+01,-5.2333049110323948e-01,-1.2471777404822735e+01,4.0721283822697160e+01,7.1448370954682772e-01

7.8791144098110773e+04,0,1.5000000000000000e+02,1.0421749335988046e+00,-3.0013366507532179e+01,-5.2412291085146046e-01,2.7345950959375898e+01,7.4379523412813171e+00,1.2147969095738376e-01
7.8791144098110773e+04,1,1.5000000000000000e+02,1.0554002479670637e+00,-2.9954450836443399e+01,-5.2309871948010456e-01,-2.7346483333058352e+01,-7.4382268169124401e+00,-1.2148431903672408e-01

7.8853975839656414e+04,0,1.5000000000000000e+02,1.0707961531542607e+00,-3.0026347060837917e+01,-5.2435817163253862e-01,2.8542196521283110e+01,1.0779893444776565e+01,1.7944018962191455e-01
7.8853975839656414e+04,1,1.5000000000000000e+02,1.0261672400988953e+00,-2.9990204991940509e+01,-5.2371381012152851e-01,-2.8542240401518576e+01,-1.0781392312514615e+01,-1.7946633510095733e-01

7.8916807908423958e+04,0,1.5000000000000000e+02,1.0252575308473588e+00,-3.0012836987915808e+01,-5.2410851570828354e-01,-6.8750027895324202e+00,-2.4648599122364466e+01,-4.2808301789494996e-01
7.8916807908423958e+04,1,1.5000000000000000e+02,1.0754636276321670e+00,-3.0052863930308074e+01,-5.2482237660412856e-01,6.8756687318265577e+00,2.4648213131322954e+01,4.2807607855703178e-01

7.8979639561464413e+04,0,1.5000000000000000e+02,1.0536075281007180e+00,-3.0085708827663428e+01,-5.2538894093260025e-01,2.3816862280312566e+01,1.5092049024627528e+01,2.5613717368539557e-01
7.8979639561464413e+04,1,1.5000000000000000e+02,1.0486369196068492e+00,-3.0025347660697186e+01,-5.2433397910293933e-01,-2.3817516226314940e+01,-1.5092516770214203e+01,-2.5614513775529801e-01

7.9042471337104129e+04,0,1.5000000000000000e+02,1.0834500412313253e+00,-3.0068380713286132e+01,-5.2509561456365128e-01,-1.0584038675919686e+01,1.9448092400252900e+01,3.4264025935133630e-01
7.9042471337104129e+04,1,1.5000000000000000e+02,1.0185764437526326e+00,-3.0092089220013744e+01,-5.2548962242688146e-01,1.0584236497580825e+01,-1.9449574538452406e+01,-3.4266618648998409e-01

7.9105303232768303e+04,0,1.5000000000000000e+02,1.0508715344475532e+00,-3.0079331876297541e+01,-5.2527681414646377e-01,-3.1631105553711148e+01,1.7162164716856704e+01,3.0915694936348237e-01
7.9105303232768303e+04,1,1.5000000000000000e+02,1.0552456742492062e+00,-3.0129522668111314e+01,-5.2615409675138058e-01,3.1631604494688329e+01,-1.7162354689792142e+01,-3.0916041683962969e-01

7.9168134977807349e+04,0,1.5000000000000000e+02,1.0569706529442602e+00,-3.0161395314840355e+01,-5.2671087653997972e-01,2.1466793028843028e+01,6.2379345435259239e+00,1.0232747755076710e-01
7.9168134977807349e+04,1,1.5000000000000000e+02,1.0498105340456125e+00,-3.0093015689981158e+01,-5.2551530632728571e-01,-2.1467506911681518e+01,-6.2386669853223040e+00,-1.0234004294780430e-01

7.9230967035650901e+04,0,1.5000000000000000e+02,1.0586152755343377e+00,-3.0126894288203864e+01,-5.2610925152102272e-01,-3.2446671587980831e+01,-1.3102936858864075e+01,-2.1879345588204496e-01
7.9230967035650901e+04,1,1.5000000000000000e+02,1.0486640907610065e+00,-3.0177526449475454e+01,-5.2698987311993339e-01,3.2447129134411341e+01,1.3101572809881491e+01,2.1876951056380206e-01

7.9293798813468209e+04,0,1.5000000000000000e+02,1.0255194381588946e+00,-3.0181373637722551e+01,-5.2704996510834590e-01,1.6639850207506786e+01,-2.2042863906583918e+01,-3.8977006571337841e-01
7.9293798813468209e+04,1,1.5000000000000000e+02,1.0858904854193385e+00,-3.0170451614120871e+01,-5.2687774052057490e-01,-1.6639615589767548e+01,2.2042814024695353e+01,3.8976912368478162e-01

7.9356630865354266e+04,0,1.5000000000000000e+02,1.0657367458695644e+00,-3.0232104640584978e+01,-5.2794759461956875e-01,2.1635213177820912e+01,3.9313138079436492e+00,6.2020088663002515e-02
7.9356630865354266e+04,1,1.5000000000000000e+02,1.0454982576538918e+00,-3.0165875173128939e+01,-5.2678556572619828e-01,-2.1635872299750748e+01,-3.9323556877710892e+00,-6.2038071180210597e-02

7.9419462470279730e+04,0,1.5000000000000000e+02,1.0454815839099982e+00,-3.0205851864382279e+01,-5.2748325002168706e-01,-1.8197628134146754e+01,-3.8819105540674968e+01,-6.7194321109676314e-01
7.9419462470279730e+04,1,1.5000000000000000e+02,1.0672873865546391e+00,-3.0242440597589525e+01,-5.2812845422945931e-01,1.8198303783523066e+01,3.8817986621810320e+01,6.7192347744789460e-01

7.9482294151426366e+04,0,1.5000000000000000e+02,1.0633117256597893e+00,-3.0237112483388778e+01,-5.2803425460706277e-01,-4.9449168803970693e+01,4.9437244524898631e+01,8.7786272817896527e-01
7.9482294151426366e+04,1,1.5000000000000000e+02,1.0531610857104710e+00,-3.0257540312635101e+01,-5.2838767716676460e-01,4.9449061277266551e+01,-4.9437277304756520e+01,-8.7786326750725130e-01

7.9545126183575485e+04,0,1.5000000000000000e+02,1.0493573274081924e+00,-3.0285409761530328e+01,-5.2887290727732061e-01,2.4898199778458228e+01,-4.6462441075508700e+01,-8.1846621641499828e-01
7.9545126183575485e+04,1,1.5000000000000000e+02,1.0663726366669650e+00,-3.0256428654393407e+01,-5.2837230063964313e-01,-2.4898648221819052e+01,4.6461111391576360e+01,8.1844314684392283e-01

7.9607957992649914e+04,0,1.5000000000000000e+02,1.0409964030587653e+00,-3.0286844795916618e+01,-5.2889540498089327e-01,5.6728228048898934e+00,-4.4292333370004165e+01,-7.7473593238451754e-01
7.9607957992649914e+04,1,1.5000000000000000e+02,1.0774737746287413e+00,-3.0305083831578902e+01,-5.2922483225174788e-01,-5.6720550848336053e+00,4.4291573388175841e+01,7.7472243500272975e-01

7.9670790191148961e+04,0,1.5000000000000000e+02,1.0348161123135118e+00,-3.0342077194734212e+01,-5.2985746044954207e-01,1.5181406906396095e+01,-1.5585020218557116e+01,-2.7662086316509737e-01
7.9670790191148961e+04,1,1.5000000000000000e+02,1.0863783717492628e+00,-3.0295394061728565e+01,-5.2905843499931304e-01,-1.5181861771989258e+01,1.5584822190339469e+01,2.7661754566589825e-01

7.9733621758955895e+04,0,1.5000000000000000e+02,1.0853290057562499e+00,-3.0330339211532404e+01,-5.2966799220056870e-01,-2.6538398736941872e+01,1.6746019269292400e+01,3.0034280383213741e-01
7.9733621758955895e+04,1,1.5000000000000000e+02,1.0351270649836430e+00,-3.0355642708372777e+01,-5.3009430594883089e-01,2.6538313079115603e+01,-1.6747512679317570e+01,-3.0036884133397423e-01

7.9796453467217594e+04,0,1.5000000000000000e+02,1.0377561404430593e+00,-3.0362903913167255e+01,-5.3022183226567843e-01,1.4137978917332703e+01,-3.3751738882785901e+01,-5.9335595838678312e-01
7.9796453467217594e+04,1,1.5000000000000000e+02,1.0864836411166032e+00,-3.0372273638274276e+01,-5.3040020051628534e-01,-1.4137326795703693e+01,3.3751375045627881e+01,5.9334940989771656e-01

7.9859285292734203e+04,0,1.5000000000000000e+02,1.0658607262958046e+00,-3.0422022002383216e+01,-5.3126214668761051e-01,2.2589846609463496e+01,1.2472830177672137e+01,2.1079929116389901e-01
7.9859285292734203e+04,1,1.5000000000000000e+02,1.0596958753268311e+00,-3.0358485332517606e+01,-5.3015140088516777e-01,-2.2590532038186357e+01,-1.2473386735130987e+01,-2.1080879562428972e-01

7.9922117231727068e+04,0,1.5000000000000000e+02,1.0947266537508267e+00,-3.0412431103777870e+01,-5.3110355585894409e-01,7.9908663570306899e+00,2.4360797103966057e+01,4.2272025134184277e-01
7.9922117231727068e+04,1,1.5000000000000000e+02,1.0308844497177980e+00,-3.0417827962715361e+01,-5.3117829559881280e-01,-7.9905158374773464e+00,-2.4362224507492208e+01,-4.2274526974570714e-01

7.9984949390662980e+04,0,1.5000000000000000e+02,1.0474349829462193e+00,-3.0451823211851284e+01,-5.3177663626317651e-01,3.9704824639033220e+01,-1.4120099062256596e+01,-2.5852510362223347e-01
7.9984949390662980e+04,1,1.5000000000000000e+02,1.0823763759267235e+00,-3.0426167714137076e+01,-5.3133953038766657e-01,-3.9704522318297151e+01,1.4120025578769017e+01,2.5852372906409660e-01

8.0047780852119118e+04,0,1.5000000000000000e+02,1.0774803568608147e+00,-3.0455348089778131e+01,-5.3184730659643953e-01,-4.9157799829687733e+01,3.3959314977214788e+01,6.0764685037143917e-01
8.0047780852119118e+04,1,1.5000000000000000e+02,1.0522359091163107e+00,-3.0468662445050470e+01,-5.3207198384673515e-01,4.9157134056873204e+01,-3.3960339321347931e+01,-6.0766452482273903e-01

8.0110612714458082e+04,0,1.5000000000000000e+02,1.0519406118113863e+00,-3.0478119530218102e+01,-5.3223694270632371e-01,-2.3700224956147267e+00,-5.3617838408843852e+01,-9.3503832124079667e-01
8.0110612714458082e+04,1,1.5000000000000000e+02,1.0793362902086698e+00,-3.0496240615367299e+01,-5.3256154487435647e-01,2.3707142070931653e+00,5.3616750837742188e+01,9.3501912979232449e-01

8.0173444645824202e+04,0,1.5000000000000000e+02,1.0438279065412324e+00,-3.0530873650487262e+01,-5.3315515758051690e-01,2.4341974974935312e+01,-1.0774689154187790e+01,-1.9545962076516415e-01
8.0173444645824202e+04,1,1.5000000000000000e+02,1.0910503963305891e+00,-3.0489660099204070e+01,-5.3245026745692892e-01,-2.4342168268119750e+01,1.0774635358990231e+01,1.9545874079541115e-01

8.0236276835276629e+04,0,1.5000000000000000e+02,1.0855086296942471e+00,-3.0559083198699366e+01,-5.3366017932041054e-01,2.6439864587838443e+01,5.0882836056366543e+00,8.0748340906290017e-02
8.0236276835276629e+04,1,1.5000000000000000e+02,1.0485228915165092e+00,-3.0509016136486032e+01,-5.3277512152896966e-01,-2.6440195770910982e+01,-5.0896932694594028e+00,-8.0772842040425341e-02

8.0299108450397034e+04,0,1.5000000000000000e+02,1.0557725708797010e+00,-3.0526999890688597e+01,-5.3309118972845426e-01,-1.9147262469230530e+01,-1.1196546724959472e+01,-1.8957379800793467e-01
8.0299108450397034e+04,1,1.5000000000000000e+02,1.0815058562667457e+00,-3.0590917401896618e+01,-5.3421454331772500e-01,1.9148003890729928e+01,1.1195980394714926e+01,1.8956368832333886e-01

8.0361940329158810e+04,0,1.5000000000000000e+02,1.0637868581470187e+00,-3.0613382161691419e+01,-5.3460120957129320e-01,2.4717823077552989e+01,5.0200632325181545e+00,8.0082321726693440e-02
8.0361940329158810e+04,1,1.5000000000000000e+02,1.0754994695168845e+00,-3.0549836185391054e+01,-5.3349574741237471e-01,-2.4718436493322958e+01,-5.0204515558832661e+00,-8.0088912034988746e-02

8.0424771964771571e+04,0,1.5000000000000000e+02,1.1035261126611509e+00,-3.0600098230597290e+01,-5.3438147882305698e-01,-1.8029628782580822e+00,2.1868034427947510e+01,3.8219906657934255e-01
8.0424771964771571e+04,1,1.5000000000000000e+02,1.0354111702971072e+00,-3.0612482666380334e+01,-5.3457686697735163e-01,1.8031777216944143e+00,-2.1869511893496568e+01,-3.8222491735486164e-01

8.0487604049696791e+04,0,1.5000000000000000e+02,1.0666669183201509e+00,-3.0606576811836423e+01,-5.3448331706821872e-01,-3.4674528664248136e+01,1.4103059011009535e+01,2.5669532007487617e-01
8.0487604049696791e+04,1,1.5000000000000000e+02,1.0764736622750490e+00,-3.0654164685628494e+01,-5.3531682743986220e-01,3.4674925214250500e+01,-1.4103178406484403e+01,-2.5669752461356754e-01

8.0550435667327867e+04,0,1.5000000000000000e+02,1.0849655038365911e+00,-3.0684974853691372e+01,-5.3585712585325707e-01,1.8917647229736968e+01,1.1710501293036288e+01,1.9861349037652193e-01
8.0550435667327867e+04,1,1.5000000000000000e+02,1.0582866627977583e+00,-3.0621573996162407e+01,-5.3474250106661825e-01,-1.8918333704594506e+01,-1.1711462527462579e+01,-1.9863005710574672e-01

8.0613267713018155e+04,0,1.5000000000000000e+02,1.0621429099793873e+00,-3.0658520977237590e+01,-5.3538848948101658e-01,-1.9661786896033259e+01,-3.5741088765656059e+01,-6.1777838038915633e-01
8.0613267713018155e+04,1,1.5000000000000000e+02,1.0825067754998685e+00,-3.0698388556128570e+01,-5.3609047817481292e-01,1.9662465847750060e+01,3.5739976638372994e+01,6.1775876426237275e-01

8.0676099562332223e+04,0,1.5000000000000000e+02,1.0686551628338530e+00,-3.0722707877690521e+01,-5.3651068915174371e-01,3.9343521247696067e+01,1.3995081551823208e+01,2.3226252033758021e-01
8.0676099562332223e+04,1,1.5000000000000000e+02,1.0796318322141920e+00,-3.0680381454040610e+01,-5.3577533505790476e-01,-3.9343725140279069e+01,-1.3995138876789969e+01,-2.3226345868215892e-01

8.0738931642005948e+04,0,1.5000000000000000e+02,1.1041005404134112e+00,-3.0724217110338948e+01,-5.3654782667295942e-01,-1.3670259505695395e+01,2.4343574568034086e+01,4.2901836824232625e-01
8.0738931642005948e+04,1,1.5000000000000000e+02,1.0433081907428543e+00,-3.0726541593183978e+01,-5.3656987514251175e-01,1.3669972751737991e+01,-2.4345006657148616e+01,-4.2904327428740424e-01

8.0801763069236287e+04,0,1.5000000000000000e+02,1.0878904172228687e+00,-3.0732035264824724e+01,-5.3667933409915136e-01,-1.5145070605125312e+01,3.8542509401362679e+01,6.7727322587795802e-01
8.0801763069236287e+04,1,1.5000000000000000e+02,1.0629619155723280e+00,-3.0768401258134251e+01,-5.3730641415303082e-01,1.5145783097492455e+01,-3.8542990791845099e+01,-6.7728184434747207e-01

8.0864595352046192e+04,0,1.5000000000000000e+02,1.0757279443819630e+00,-3.0805213773196034e+01,-5.3795277003125419e-01,2.3492855592154687e+01,8.8527027491105663e+00,1.4734426968359404e-01
8.0864595352046192e+04,1,1.5000000000000000e+02,1.0767591374075245e+00,-3.0740480092541361e+01,-5.3682332566177038e-01,-2.3493523613910508e+01,-8.8532071837254342e+00,-1.4735286977856521e-01

8.0927427110511577e+04,0,1.5000000000000000e+02,1.0860354742388618e+00,-3.0773076602885890e+01,-5.3739503904044850e-01,-3.3179236404736159e+01,-6.3209608088061664e+00,-1.0020849006874480e-01
8.0927427110511577e+04,1,1.5000000000000000e+02,1.0664340628277786e+00,-3.0822368321890316e+01,-5.3824932691957061e-01,3.3179606745444104e+01,6.3195437148908589e+00,1.0018364555327833e-01

8.0990258888119846e+04,0,1.5000000000000000e+02,1.0484687631115679e+00,-3.0828085857125036e+01,-5.3834363880152769e-01,1.7451696980892290e+01,-2.1435775957119638e+01,-3.7942223531948455e-01
8.0990258888119846e+04,1,1.5000000000000000e+02,1.1082305729769431e+00,-3.0814874950919126e+01,-5.3813128211053263e-01,-1.7451490753756577e+01,2.1435733250910914e+01,3.7942142717102262e-01

8.1053090929715312e+04,0,1.5000000000000000e+02,1.0971102734029143e+00,-3.0873690460926117e+01,-5.3915436664855165e-01,1.8644406174350557e+01,1.1301884931563254e+01,1.9156538977303217e-01
8.1053090929715312e+04,1,1.5000000000000000e+02,1.0591493060068444e+00,-3.0815629194144616e+01,-5.3812949366295493e-01,-1.8644988358618924e+01,-1.1303067547451537e+01,-1.9158585191240329e-01

8.1115922459613212e+04,0,1.5000000000000000e+02,1.0639390128152617e+00,-3.0867667297279613e+01,-5.3903914285040855e-01,2.0766555065265575e+01,-5.2151906912280303e+01,-9.1650245168695488e-01
8.1115922459613212e+04,1,1.5000000000000000e+02,1.0946310908805437e+00,-3.0871970581885172e+01,-5.3912359533911569e-01,-2.0765792262484336e+01,5.2151065036663205e+01,9.1648752655797527e-01

8.1178754178884876e+04,0,1.5000000000000000e+02,1.0562916298903309e+00,-3.0890682856907478e+01,-5.3943849006710176e-01,-2.2896328976347530e+01,-2.9186299590116068e+01,-5.0239618766435035e-01
8.1178754178884876e+04,1,1.5000000000000000e+02,1.1051067135950945e+00,-3.0894469555940756e+01,-5.3951944775821914e-01,2.2895848304323462e+01,2.9186077844702023e+01,5.0239246410303173e-01

8.1241586519388104e+04,0,1.5000000000000000e+02,1.1145990185114265e+00,-3.0919503617621807e+01,-5.3995924400715056e-01,5.1149899118091007e+00,2.1691232133359783e+01,3.7700600504987691e-01
8.1241586519388104e+04,1,1.5000000000000000e+02,1.0461028746997254e+00,-3.0914485356138591e+01,-5.3985079708917871e-01,-5.1149235567289359e+00,-2.1692732586444173e+01,-3.7703221177963786e-01

8.1304417986814122e+04,0,1.5000000000000000e+02,1.0760961106231395e+00,-3.0915224963377842e+01,-5.3987284190464624e-01,-3.1576890348100367e+01,1.0588866506821436e+01,1.9442056166100052e-01
8.1304417986814122e+04,1,1.5000000000000000e+02,1.0887560553519207e+00,-3.0967333681600408e+01,-5.4078612106954682e-01,3.1577359659786023e+01,-1.0589034036045543e+01,-1.9442362841575878e-01

8.1367249886105856e+04,0,1.5000000000000000e+02,1.0951175240799857e+00,-3.0958399101074328e+01,-5.4063212902001057e-01,-4.7544003229293594e+01,3.8501725726381508e+01,6.8643123342989454e-01
8.1367249886105856e+04,1,1.5000000000000000e+02,1.0699820123290258e+00,-3.0969826641900717e+01,-5.4082391000320895e-01,4.7543310996300761e+01,-3.8502663886090815e+01,-6.8644739569655355e-01

8.1430082114862016e+04,0,1.5000000000000000e+02,1.0957915731235415e+00,-3.0957091420305574e+01,-5.4060951214830433e-01,-2.1060960327398242e+01,6.1514259977704384e+00,1.1377304810234978e-01
8.1430082114862016e+04,1,1.5000000000000000e+02,1.0707304733424636e+00,-3.1021532420186947e+01,-5.4172652823377776e-01,2.1061657225699300e+01,-6.1525018826795375e+00,-1.1379203718002340e-01

8.1492913581360175e+04,0,1.5000000000000000e+02,1.0666435523927535e+00,-3.1036637330515628e+01,-5.4198890021707513e-01,2.7340949962049052e+01,-4.9125114197232165e+00,-9.4064098805920232e-02
8.1492913581360175e+04,1,1.5000000000000000e+02,1.1033715102955426e+00,-3.0987959759647200e+01,-5.4115054801037332e-01,-2.7341249718052488e+01,4.9124148088872417e+00,9.4062504031171196e-02

8.1555745619088542e+04,0,1.5000000000000000e+02,1.1012474432765755e+00,-3.1021146622588933e+01,-5.4172909153083082e-01,-3.9272011921208289e+01,9.4548840771601803e+00,1.7697402661620848e-01
8.1555745619088542e+04,1,1.5000000000000000e+02,1.0678707903231381e+00,-3.1051590813312824e+01,-5.4225024829431756e-01,3.9271883198030395e+01,-9.4563690414691735e+00,-1.7699990360224799e-01

8.1618577422613002e+04,0,1.5000000000000000e+02,1.0584604951450303e+00,-3.1048451069275995e+01,-5.4219258548151428e-01,1.1088591426144347e+00,-2.7433099436492366e+01,-4.7911139610768588e-01
8.1618577422613002e+04,1,1.5000000000000000e+02,1.1145596833344007e+00,-3.1073446081647617e+01,-5.4264589825469089e-01,-1.1082652960376116e+00,2.7432814241963857e+01,4.7910623787277778e-01

8.1681409503395465e+04,0,1.5000000000000000e+02,1.0837042719633918e+00,-3.1117749408161455e+01,-5.4340969830430230e-01,2.1616792288550439e+01,-5.8224674331327115e+00,-1.0820125423443816e-01
8.1681409503395465e+04,1,1.5000000000000000e+02,1.0900503214130632e+00,-3.1049548743555086e+01,-5.4222136580192248e-01,-2.1617505265426164e+01,5.8216736446824875e+00,1.0818761791330611e-01

8.1744241161397804e+04,0,1.5000000000000000e+02,1.0783714746657562e+00,-3.1089560817185099e+01,-5.4291611497500136e-01,-2.2079421388024073e+01,-3.6787517923864115e+01,-6.3530459634930081e-01
8.1744241161397804e+04,1,1.5000000000000000e+02,1.0963416472744063e+00,-3.1128058113234601e+01,-5.4359345973810502e-01,2.2080057198947316e+01,3.6786335953418202e+01,6.3528377443300499e-01

8.1807072762556782e+04,0,1.5000000000000000e+02,1.0907842529831888e+00,-3.1119807679534635e+01,-5.4344777681320644e-01,-5.8108904387346875e+01,3.2630127150320888e+01,5.8717612514784823e-01
8.1807072762556782e+04,1,1.5000000000000000e+02,1.0876848092583784e+00,-3.1144066265383721e+01,-5.4387020332044478e-01,5.8108694500937169e+01,-3.2630187072393070e+01,-5.8717710699269055e-01

8.1869904850304010e+04,0,1.5000000000000000e+02,1.0987506970050387e+00,-3.1178057289447104e+01,-5.4446679948534471e-01,3.6797503094949555e+01,-6.1473951378551028e+00,-1.1849656856839852e-01
8.1869904850304010e+04,1,1.5000000000000000e+02,1.0787903392777991e+00,-3.1133659089434335e+01,-5.4368586347207581e-01,-3.6797701531621023e+01,6.1459288295468220e+00,1.1847103841114448e-01

8.1932736555928481e+04,0,1.5000000000000000e+02,1.0998993915277222e+00,-3.1184871180096561e+01,-5.4458606817064992e-01,4.3530828010386870e+01,6.1345185879705348e+01,1.0573601943795463e+00
8.1932736555928481e+04,1,1.5000000000000000e+02,1.0814357526575504e+00,-3.1176189449204639e+01,-5.4442892644269925e-01,-4.3530204907009846e+01,-6.1345509433175472e+01,-1.0573660309828656e+00

8.1995568728387385e+04,0,1.5000000000000000e+02,1.1088818656662347e+00,-3.1221956906238162e+01,-5.4523603966416723e-01,8.1978548610352711e+00,3.3827234364081590e+01,5.8786930637962542e-01
8.1995568728387385e+04,1,1.5000000000000000e+02,1.0733036509047267e+00,-3.1184450759423775e+01,-5.4457062885139396e-01,-8.1985684258424385e+00,-3.3828003763190864e+01,-5.8788251686939308e-01

8.2058400381412706e+04,0,1.5000000000000000e+02,1.1165213858235166e+00,-3.1223371572857090e+01,-5.4526305621876892e-01,1.3175466457442468e+01,3.2888469482696479e+01,5.6996925586339031e-01
8.2058400381412706e+04,1,1.5000000000000000e+02,1.0665802128698083e+00,-3.1233356024726525e+01,-5.4542209520643725e-01,-1.3174829904539067e+01,-3.2889650180009241e+01,-5.6999005578666539e-01

8.2121232494834083e+04,0,1.5000000000000000e+02,1.0633387796677760e+00,-3.1267781683737134e+01,-5.4602191831882496e-01,1.3879101225167130e+01,-1.7589953282062282e+01,-3.1121504471280853e-01
8.2121232494834083e+04,1,1.5000000000000000e+02,1.1234997284629087e+00,-3.1235158046647484e+01,-5.4547088434930258e-01,-1.3879334861537370e+01,1.7589885041895329e+01,3.1121392493215444e-01

8.2184063939468877e+04,0,1.5000000000000000e+02,1.1269322419766681e+00,-3.1281675913752959e+01,-5.4628377869674372e-01,2.2622506962601676e+00,2.1818560099800571e+01,3.8009722269115787e-01
8.2184063939468877e+04,1,1.5000000000000000e+02,1.0589718480995238e+00,-3.1269238594501761e+01,-5.4604601457428648e-01,-2.2624016579054285e+00,-2.1820039705973805e+01,-3.8012299939059169e-01

8.2246895852392961e+04,0,1.5000000000000000e+02,1.0756786777864142e+00,-3.1271747322092931e+01,-5.4609488732900580e-01,-2.0392579475668505e+01,-9.2793616730122501e+00,-1.5573494073119748e-01
8.2246895852392961e+04,1,1.5000000000000000e+02,1.1141490146399506e+00,-3.1328334497492204e+01,-5.4709418904337892e-01,2.0393155931901042e+01,9.2790961676437114e+00,1.5573013141687625e-01

8.2309727687810053e+04,0,1.5000000000000000e+02,1.0785548786309929e+00,-3.1332816669456260e+01,-5.4716157055908921e-01,-1.8466383774769284e+00,-4.6510011895294220e+01,-8.1114908407506092e-01
8.2309727687810053e+04,1,1.5000000000000000e+02,1.1118352130163189e+00,-3.1312715867148668e+01,-5.4682090147235718e-01,1.8459327046631628e+00,4.6509143197439037e+01,8.1113413817909319e-01

8.2372559792791959e+04,0,1.5000000000000000e+02,1.0945575433896404e+00,-3.1317731352883829e+01,-5.4690317039016367e-01,-2.4388641149514626e+01,-1.3859059618932175e+01,-2.3444435877141256e-01
8.2372559792791959e+04,1,1.5000000000000000e+02,1.0971299685377458e+00,-3.1378217789212091e+01,-5.4795958790608834e-01,2.4389338630999447e+01,1.3857985601064879e+01,2.3442540210031149e-01

8.2435391281528136e+04,0,1.5000000000000000e+02,1.1046102729803624e+00,-3.1385482964890478e+01,-5.4808866141807311e-01,2.9926858559773883e+01,4.5182141141294295e+01,7.7942038505342615e-01
8.2435391281528136e+04,1,1.5000000000000000e+02,1.0904924609002080e+00,-3.1356321342042730e+01,-5.4757542017379013e-01,-2.9927224370290496e+01,-4.5182274842642329e+01,-7.7942260702478483e-01

8.2498223235079975e+04,0,1.5000000000000000e+02,1.0929154056725914e+00,-3.1407381335032415e+01,-5.4846727800193495e-01,4.6686005490397037e+01,-4.3965794964745314e+01,-7.8153101623263566e-01
8.2498223235079975e+04,1,1.5000000000000000e+02,1.1013370937891502e+00,-3.1382959046071882e+01,-5.4804361581221039e-01,-4.6685985081945205e+01,4.3964293989387315e+01,7.8150481438459685e-01

8.2561055112365109e+04,0,1.5000000000000000e+02,1.1062064924343566e+00,-3.1426378448415978e+01,-5.4880287221305823e-01,4.9953780356086668e+01,5.8625320389648991e+01,1.0079353537875173e+00
8.2561055112365109e+04,1,1.5000000000000000e+02,1.0922425295002214e+00,-3.1412534144088507e+01,-5.4855700190459278e-01,-4.9953354410537713e+01,-5.8625459225657437e+01,-1.0079379065657537e+00

8.2623887175960001e+04,0,1.5000000000000000e+02,1.1230781882588858e+00,-3.1451344815391899e+01,-5.4924373503154178e-01,-7.6464310505812723e+00,3.4492419423346412e+01,6.0430507716621729e-01
8.2623887175960001e+04,1,1.5000000000000000e+02,1.0753077606472417e+00,-3.1433417714306994e+01,-5.4891631153327181e-01,7.6457897115756861e+00,-3.4493499099694070e+01,-6.0432372474259566e-01

8.2686718676556600e+04,0,1.5000000000000000e+02,1.1190739916495589e+00,-3.1447713323648404e+01,-5.4917913691900477e-01,-8.3952701836560699e+00,3.1270962663555181e+01,5.4831102551978161e-01
8.2686718676556600e+04,1,1.5000000000000000e+02,1.0814381700333848e+00,-3.1487464143284530e+01,-5.4986141926989129e-01,8.3960331000055000e+00,-3.1271799445536146e+01,-5.4832586178750997e-01

8.2749551021978841e+04,0,1.5000000000000000e+02,1.1001878316507552e+00,-3.1518604702291935e+01,-5.5041060868645020e-01,2.7359245568652138e+01,1.4271873465780448e+01,2.4074400996624840e-01
8.2749551021978841e+04,1,1.5000000000000000e+02,1.1029631837943474e+00,-3.1461942738372151e+01,-5.4942256652630728e-01,-2.7359810381013229e+01,-1.4272189862086687e+01,-2.4074935978131778e-01

8.2812382406780409e+04,0,1.5000000000000000e+02,1.1131520735190530e+00,-3.1491430811240875e+01,-5.4994030819319573e-01,-3.3807935136011615e+01,-3.5020146812434128e+00,-5.0819574202325274e-02
8.2812382406780409e+04,1,1.5000000000000000e+02,1.0895921733757028e+00,-3.1538551782926337e+01,-5.5075550542192320e-01,3.3808243724759230e+01,3.5005693859417981e+00,5.0794256316133685e-02

8.2875214602240478e+04,0,1.5000000000000000e+02,1.0928298189414341e+00,-3.1555474047642388e+01,-5.5105182592628543e-01,4.5639710153117385e+01,8.1761798076212955e-01,3.6604400757345168e-04
8.2875214602240478e+04,1,1.5000000000000000e+02,1.1142084884024648e+00,-3.1521995932259316e+01,-5.5047406489604767e-01,-4.5639582089177544e+01,-8.1764612707419815e-01,-3.6657423999253425e-04

8.2938046345054710e+04,0,1.5000000000000000e+02,1.1337765730797524e+00,-3.1573566419972988e+01,-5.5138005506693144e-01,3.4524570145288891e-01,2.4524303678910314e+01,4.2790294213348085e-01
8.2938046345054710e+04,1,1.5000000000000000e+02,1.0725054726182965e+00,-3.1550703286279280e+01,-5.5096237317226016e-01,-3.4567200051233016e-01,-2.4525649870060818e+01,-4.2792630654310354e-01

8.3000878246437031e+04,0,1.5000000000000000e+02,1.1095681489960501e+00,-3.1558616826322218e+01,-5.5111177397946409e-01,-2.3332605999044038e+01,1.8982890675074326e+01,3.3840500281966662e-01
8.3000878246437031e+04,1,1.5000000000000000e+02,1.1000000823138363e+00,-3.1615569459476820e+01,-5.5210281973289532e-01,2.3333314915432052e+01,-1.8983365151315876e+01,-3.3841349953053940e-01

8.3063709802719051e+04,0,1.5000000000000000e+02,1.1097819297658407e+00,-3.1642738515424245e+01,-5.5257996499475659e-01,2.1599206697980502e+01,9.5571911926249911e+00,1.6021615607332557e-01
8.3063709802719051e+04,1,1.5000000000000000e+02,1.1010865737915874e+00,-3.1576653752085214e+01,-5.5142397795430675e-01,-2.1599915406756249e+01,-9.5578701672398978e+00,-1.6022778991760062e-01

8.3126541806854919e+04,0,1.5000000000000000e+02,1.0938030323317851e+00,-3.1623380036929991e+01,-5.5223724523793272e-01,-1.1562692346612760e+01,-5.1872709357034552e+01,-9.0178123005550426e-01
8.3126541806854919e+04,1,1.5000000000000000e+02,1.1178068216830370e+00,-3.1646307495649140e+01,-5.5264469690999873e-01,1.1563324268844895e+01,5.1871522572522906e+01,9.0176032530621353e-01

8.3189373605898712e+04,0,1.5000000000000000e+02,1.1174831559567662e+00,-3.1664775686419109e+01,-5.5296691265562303e-01,1.6057116931039666e+01,6.5516759274422142e+01,1.1385335850302254e+00
8.3189373605898712e+04,1,1.5000000000000000e+02,1.0978097398673374e+00,-3.1651007188286165e+01,-5.5272062606039574e-01,-1.6057420688667840e+01,-6.5516858691395910e+01,-1.1385352275601668e+00

8.3252205558867296e+04,0,1.5000000000000000e+02,1.1158668115734043e+00,-3.1664278004496442e+01,-5.5295773448931373e-01,-4.5335888273875788e+01,-6.0437262612427389e+00,-9.1666763926723349e-02
8.3252205558867296e+04,1,1.5000000000000000e+02,1.0985188050007331e+00,-3.1699902773628089e+01,-5.5357418766577293e-01,4.5335896180637697e+01,6.0422255407566325e+00,9.1640570335007498e-02

8.3315037709136828e+04,0,1.5000000000000000e+02,1.0776931139659123e+00,-3.1701644364683897e+01,-5.5359823840598144e-01,6.1682833378010358e+00,-2.4803238731996544e+01,-4.3475526529482678e-01
8.3315037709136828e+04,1,1.5000000000000000e+02,1.1409269553827721e+00,-3.1711053566538130e+01,-5.5378171472952031e-01,-6.1678977212335226e+00,2.4803124558527799e+01,4.3475315522220526e-01

8.3377869216251856e+04,0,1.5000000000000000e+02,1.0965164081680534e+00,-3.1737585910426915e+01,-5.5423123904529359e-01,3.9667922822446400e+00,-5.7077520613393936e+01,-9.9734850347027137e-01
8.3377869216251856e+04,1,1.5000000000000000e+02,1.1218297914187318e+00,-3.1721139047581783e+01,-5.5395191299971880e-01,-3.9673803399094396e+00,5.7076347908622090e+01,9.9732821609227718e-01

8.3440701104847234e+04,0,1.5000000000000000e+02,1.1110884265013754e+00,-3.1720407336869869e+01,-5.5393587069909977e-01,-2.2062030658647895e+01,4.2639012840493464e+00,8.1136158608957065e-02
8.3440701104847234e+04,1,1.5000000000000000e+02,1.1098588409854631e+00,-3.1788626020890533e+01,-5.5512607632686584e-01,2.2062791759370118e+01,-4.2645726314313066e+00,-8.1148107092271382e-02

8.3503533304053548e+04,0,1.5000000000000000e+02,1.1155660582428935e+00,-3.1807083188527347e+01,-5.5544993691290878e-01,2.2997736621314889e+01,1.6004579041958273e+01,2.7231255103230417e-01
8.3503533304053548e+04,1,1.5000000000000000e+02,1.1073476830504789e+00,-3.1747134020689639e+01,-5.5440117608290662e-01,-2.2998407398574930e+01,-1.6005093393982463e+01,-2.7232132337172527e-01

8.3566364601846784e+04,0,1.5000000000000000e+02,1.1346801624543175e+00,-3.1776577172608469e+01,-5.5492335630435707e-01,-1.7382266465286207e+01,1.3454734914155706e+01,2.4011271245315347e-01
8.3566364601846784e+04,1,1.5000000000000000e+02,1.0884841456285979e+00,-3.1827701002389752e+01,-5.5580151733357552e-01,1.7382811357762257e+01,-1.3456023980980129e+01,-2.4013537576319638e-01

8.3629196831512221e+04,0,1.5000000000000000e+02,1.0801140771119442e+00,-3.1832945778960745e+01,-5.5589050150004549e-01,2.0383389415620847e+00,-2.2119404776078735e+01,-3.8665778735048795e-01
8.3629196831512221e+04,1,1.5000000000000000e+02,1.1469902265930931e+00,-3.1817760874780824e+01,-5.5564586105605396e-01,-2.0385507959776952e+00,2.2119343860567465e+01,3.8665678876637022e-01

8.3692028384885052e+04,0,1.5000000000000000e+02,1.1034304019495760e+00,-3.1847916556557593e+01,-5.5615888051128681e-01,-1.0726544640362057e+01,-7.6650929093203786e+01,-1.3344755097185717e+00
8.3692028384885052e+04,1,1.5000000000000000e+02,1.1227080529931537e+00,-3.1850896941108342e+01,-5.5621676800056152e-01,1.0726487829588869e+01,7.6649433843673876e+01,1.3344494313224695e+00

8.3754860320833264e+04,0,1.5000000000000000e+02,1.0863545182870100e+00,-3.1854784291925611e+01,-5.5627353714452432e-01,-1.2836526874866784e+01,-1.7757681736718034e+01,-3.0600385058523810e-01
8.3754860320833264e+04,1,1.5000000000000000e+02,1.1439776150105523e+00,-3.1892714299769850e+01,-5.5695306094861707e-01,1.2836938861020464e+01,1.7757552060369697e+01,3.0600146191622374e-01

8.3817692306996410e+04,0,1.5000000000000000e+02,1.1390899287968743e+00,-3.1900041163638868e+01,-5.5707944341573945e-01,-1.6256382220926078e+01,3.3625390371412280e+01,5.9179620816373923e-01
8.3817692306996410e+04,1,1.5000000000000000e+02,1.0909937359306816e+00,-3.1893442747575399e+01,-5.5694963349401005e-01,1.6255796096661449e+01,-3.3626565808819365e+01,-5.9181654382280879e-01

8.3880523923204761e+04,0,1.5000000000000000e+02,1.0966025001110713e+00,-3.1914850026190816e+01,-5.5732495064795773e-01,1.0710304670910748e+01,-4.1983912324120297e+01,-7.3598301278225786e-01
8.3880523923204761e+04,1,1.5000000000000000e+02,1.1361574634731033e+00,-3.1928923560689125e+01,-5.5758261743523685e-01,-1.0709549279142166e+01,4.1983278723097797e+01,7.3597172480201156e-01

8.3943355903851276e+04,0,1.5000000000000000e+02,1.1318703201416116e+00,-3.1961810468673967e+01,-5.5815526712947017e-01,1.1012776785248223e+01,3.8607854001298612e+01,6.7044510545937364e-01
8.3943355903851276e+04,1,1.5000000000000000e+02,1.1026560869361002e+00,-3.1927122786085718e+01,-5.5754098397804785e-01,-1.1013468411358653e+01,-3.8608438455374120e+01,-6.7045509489780630e-01

8.4006188012349856e+04,0,1.5000000000000000e+02,1.1251205325433506e+00,-3.1939208657771879e+01,-5.5775875494352078e-01,-2.6040960677560694e+01,-4.7339809441513570e+00,-7.4686426092000380e-02
8.4006188012349856e+04,1,1.5000000000000000e+02,1.1099375077624083e+00,-3.1999952838127520e+01,-5.5881426181874105e-01,2.6041576893979862e+01,4.7327730905561420e+00,7.4665158420018030e-02

8.4069019520949470e+04,0,1.5000000000000000e+02,1.0981252457759181e+00,-3.1983725396355016e+01,-5.5852745551924454e-01,-3.3005522585861591e+01,-2.1732930843629827e+01,-3.6923737400061246e-01
8.4069019520949470e+04,1,1.5000000000000000e+02,1.1406116303502800e+00,-3.2001495662153616e+01,-5.5885053217100555e-01,3.3005180527747306e+01,2.1732810865168819e+01,3.6923538428943753e-01

8.4131851386926777e+04,0,1.5000000000000000e+02,1.1502260231780717e+00,-3.2005295900297746e+01,-5.5891978435064804e-01,-1.3819489340252733e+01,1.8985918059416793e+01,3.3555982963795089e-01
8.4131851386926777e+04,1,1.5000000000000000e+02,1.0876595078007063e+00,-3.2028596746624814e+01,-5.5930738037192484e-01,1.3819609595849446e+01,-1.8987412782094520e+01,-3.3558595278010622e-01

8.4194683151448917e+04,0,1.5000000000000000e+02,1.1042510246876647e+00,-3.2055420031149907e+01,-5.5978056557715083e-01,3.9514827189905070e+01,-1.0850710939012034e+01,-2.0140853385893789e-01
8.4194683151448917e+04,1,1.5000000000000000e+02,1.1379751620855492e+00,-3.2026472456945314e+01,-5.5928563422864996e-01,-3.9514609493713614e+01,1.0850664299275648e+01,2.0140765356531456e-01

8.4257514992294251e+04,0,1.5000000000000000e+02,1.1286016424674541e+00,-3.2051970816886872e+01,-5.5972778650071786e-01,-5.8490054006460042e+01,4.4696418168407064e+00,9.5824000446921964e-02
8.4257514992294251e+04,1,1.5000000000000000e+02,1.1128989392175679e+00,-3.2076579732194304e+01,-5.6015248773253168e-01,5.8489637879159915e+01,-4.4709952129592878e+00,-9.5847493700421671e-02

8.4320347067023322e+04,0,1.5000000000000000e+02,1.1087861671389228e+00,-3.2096721399109001e+01,-5.6050275541880190e-01,4.7566657910769678e+01,-2.8864733391425872e+01,-5.1824942777465310e-01
8.4320347067023322e+04,1,1.5000000000000000e+02,1.1361978006773781e+00,-3.2081619421796084e+01,-5.6024754005822142e-01,-4.7566002570447125e+01,2.8864361822888988e+01,5.1824274337061393e-01

8.4383179114503713e+04,0,1.5000000000000000e+02,1.1423313611904882e+00,-3.2133472720915705e+01,-5.6115437341551844e-01,9.6279488968969567e+00,2.8048897061193323e+01,4.8658776154984990e-01
8.4383179114503713e+04,1,1.5000000000000000e+02,1.1033597134302255e+00,-3.2090200454108007e+01,-5.6038729618172023e-01,-9.6286488218601711e+00,-2.8049796049144540e+01,-4.8660323783350340e-01

8.4446011021964019e+04,0,1.5000000000000000e+02,1.1402113261950100e+00,-3.2110072685177435e+01,-5.6074534066852388e-01,-1.5020276236636260e+01,2.1138666119315552e+01,3.7349626292716415e-01
8.4446011021964019e+04,1,1.5000000000000000e+02,1.1071778109731856e+00,-3.2164095388071857e+01,-5.6167810374055549e-01,1.5021031547880657e+01,-2.1139554054849235e+01,-3.7351198963224858e-01

8.4508842765665555e+04,0,1.5000000000000000e+02,1.1255109181757230e+00,-3.2188853176780803e+01,-5.6211577161770454e-01,2.5661836412101344e+01,1.4846855809570684e+01,2.5129592218765862e-01
8.4508842765665555e+04,1,1.5000000000000000e+02,1.1244720541159505e+00,-3.2130624364467039e+01,-5.6109922224682629e-01,-2.5662448888483340e+01,-1.4847244962486940e+01,-2.5130252726262259e-01

8.4571674279001905e+04,0,1.5000000000000000e+02,1.1177239750891543e+00,-3.2168198323477064e+01,-5.6175292258047183e-01,-2.7661114931634845e+01,-4.1283514762905170e+01,-7.1207019299940133e-01
8.4571674279001905e+04,1,1.5000000000000000e+02,1.1322122499003651e+00,-3.2201146195660428e+01,-5.6233235584216179e-01,2.7661615908106324e+01,4.1282186280357777e+01,7.1204685516759114e-01

8.4634506088788956e+04,0,1.5000000000000000e+02,1.1370013733155830e+00,-3.2211326409622643e+01,-5.6251148401501905e-01,6.3276468528269803e+00,7.3023363997632586e+01,1.2725058182912672e+00
8.4634506088788956e+04,1,1.5000000000000000e+02,1.1169264784995934e+00,-3.2204495151537195e+01,-5.6238614664900177e-01,-6.3278778652603478e+00,-7.3023432557225547e+01,-1.2725069444478037e+00

8.4697338126249029e+04,0,1.5000000000000000e+02,1.1192508748676042e+00,-3.2223449864675246e+01,-5.6271766011108404e-01,-3.7428662032015453e+01,-5.9666052404553852e+01,-1.0299141950088799e+00
8.4697338126249029e+04,1,1.5000000000000000e+02,1.1337250326624071e+00,-3.2240697809392785e+01,-5.6302308755713881e-01,3.7428705412236454e+01,5.9664552465719851e+01,1.0298880042511560e+00

8.4760169861056565e+04,0,1.5000000000000000e+02,1.0988066395404716e+00,-3.2261199555110693e+01,-5.6337025508376770e-01,1.6578707516435376e+01,-2.2497160001873937e+01,-3.9767999974777629e-01
8.4760169861056565e+04,1,1.5000000000000000e+02,1.1584986813892171e+00,-3.2251145887702975e+01,-5.6321297855390107e-01,-1.6578458905745070e+01,2.2497104191669024e+01,3.9767894998972847e-01

8.4823001692092163e+04,0,1.5000000000000000e+02,1.1430527303292082e+00,-3.2306368339431550e+01,-5.6417203790251247e-01,2.7316651063702214e+01,1.3792042004773108e+00,1.5748881595782416e-02
8.4823001692092163e+04,1,1.5000000000000000e+02,1.1135348945587904e+00,-3.2252598832462930e+01,-5.6322463850915694e-01,-2.7317056599764040e+01,-1.3805652114928435e+00,-1.5772510974268628e-02

8.4885833710912717e+04,0,1.5000000000000000e+02,1.1059890219152861e+00,-3.2301999082606827e+01,-5.6408449305292241e-01,1.7589199189840190e+01,-3.3030348521382010e+01,-5.8181731585304020e-01
8.4885833710912717e+04,1,1.5000000000000000e+02,1.1541790377185355e+00,-3.2306677155607666e+01,-5.6418081694859146e-01,-1.7588575953591910e+01,3.3030024328063121e+01,5.8181146804056461e-01

8.4948665539234251e+04,0,1.5000000000000000e+02,1.1155735954603021e+00,-3.2334647246872827e+01,-5.6465720188466173e-01,-3.5406695737321456e+00,-5.3051434997898433e+01,-9.2479660107810002e-01
8.4948665539234251e+04,1,1.5000000000000000e+02,1.1450355467254583e+00,-3.2319472498380946e+01,-5.6440134108613060e-01,3.5399959181150678e+00,5.3050436755313193e+01,9.2477938455960385e-01

8.5011497428497532e+04,0,1.5000000000000000e+02,1.1472339135140781e+00,-3.2329785550984063e+01,-5.6458199839581336e-01,-1.2865888230430375e+01,2.9336118658549449e+01,5.1590523890204487e-01
8.5011497428497532e+04,1,1.5000000000000000e+02,1.1155225751234892e+00,-3.2374795888319348e+01,-5.6535787677972871e-01,1.2866654079624890e+01,-2.9336860136671394e+01,-5.1591841278341000e-01

8.5074329152450839e+04,0,1.5000000000000000e+02,1.1108487285987443e+00,-3.2384740031426318e+01,-5.6553000222771765e-01,-6.0677259287121963e+00,-3.7834210516416633e+01,-6.5844959011106852e-01
8.5074329152450839e+04,1,1.5000000000000000e+02,1.1539079998265815e+00,-3.2365000591803010e+01,-5.6519861877534383e-01,6.0670393524419630e+00,3.7833644217812903e+01,6.5843991599052520e-01

8.5137161065375301e+04,0,1.5000000000000000e+02,1.1327007034127257e+00,-3.2410310049313608e+01,-5.6598291743032014e-01,7.3281496665266104e+01,-1.4492110069084248e+01,-2.7524614996509356e-01
8.5137161065375301e+04,1,1.5000000000000000e+02,1.1326631591648326e+00,-3.2389712453274875e+01,-5.6562342837546331e-01,-7.3280841546557269e+01,1.4490960557707538e+01,2.7522588865373998e-01

8.5199992901629652e+04,0,1.5000000000000000e+02,1.1218632263900279e+00,-3.2451283500636812e+01,-5.6669470133147526e-01,2.6804069890802879e+01,5.1023114205734998e-01,7.3935968737165458e-04
8.5199992901629652e+04,1,1.5000000000000000e+02,1.1468938177783516e+00,-3.2394497128089206e+01,-5.6571126761950541e-01,-2.6804540167223379e+01,-5.1044493354200426e-01,-7.4294760234155932e-04

8.5262825022538891e+04,0,1.5000000000000000e+02,1.1630592018099177e+00,-3.2449948334947848e+01,-5.6668394915238751e-01,1.6529754623364390e+01,2.4704079654285259e+01,4.2611013160880712e-01
8.5262825022538891e+04,1,1.5000000000000000e+02,1.1051615395452530e+00,-3.2445172379064807e+01,-5.6658295969636485e-01,-1.6529396292050485e+01,-2.4705501449968402e+01,-4.2613505452528805e-01

8.5325656650247314e+04,0,1.5000000000000000e+02,1.1040394240462388e+00,-3.2482110133739617e+01,-5.6722727060266909e-01,1.0703004435262741e+01,-1.9767537153351764e+01,-3.4825157990624234e-01
8.5325656650247314e+04,1,1.5000000000000000e+02,1.1683978625470788e+00,-3.2459958242529254e+01,-5.6686027249182014e-01,-1.0703123398930970e+01,1.9767500753881418e+01,3.4825098088709361e-01

8.5388488353269931e+04,0,1.5000000000000000e+02,1.1620262114089577e+00,-3.2481899561871643e+01,-5.6724126033480193e-01,-2.3899509660515328e+01,1.6747905847198453e+01,2.9957183674274068e-01
8.5388488353269931e+04,1,1.5000000000000000e+02,1.1094093421778550e+00,-3.2508174922136043e+01,-5.6768379977181505e-01,2.3899490964733921e+01,-1.6749404751072220e+01,-2.9959799052809677e-01

8.5451320443996126e+04,0,1.5000000000000000e+02,1.1208395476301720e+00,-3.2532914480353590e+01,-5.6811904664272761e-01,3.9727610994919935e+01,-1.2305243391917704e+01,-2.2685844635588592e-01
8.5451320443996126e+04,1,1.5000000000000000e+02,1.1549131003091246e+00,-3.2505482035679535e+01,-5.6765066439399581e-01,-3.9727355904465405e+01,1.2305185303555460e+01,2.2685735486450348e-01

8.5514152208320200e+04,0,1.5000000000000000e+02,1.1671321655149938e+00,-3.2544097716888679e+01,-5.6832832330429850e-01,-1.2124465619667584e+01,2.6099026803532638e+01,4.5918433446167434e-01
8.5514152208320200e+04,1,1.5000000000000000e+02,1.1078631666578418e+00,-3.2540984972064877e+01,-5.6825594312942040e-01,1.2124099766023166e+01,-2.6100414242732953e+01,-4.5920843716403409e-01

8.5576984257685763e+04,0,1.5000000000000000e+02,1.1143292458694816e+00,-3.2543794640508345e+01,-5.6830694840669360e-01,-1.4124198434674559e+01,-1.6869914244112710e+01,-2.9011790435552204e-01
8.5576984257685763e+04,1,1.5000000000000000e+02,1.1644353836268906e+00,-3.2590797192078497e+01,-5.6914252001828225e-01,1.4124754597648435e+01,1.6869668950098319e+01,2.9011345395831262e-01

8.5639815780454650e+04,0,1.5000000000000000e+02,1.1303112430358793e+00,-3.2585346672570424e+01,-5.6903700002590318e-01,-4.6975439523854348e+01,-5.8200517323123243e+01,-1.0014288185869726e+00
8.5639815780454650e+04,1,1.5000000000000000e+02,1.1484911260096828e+00,-3.2594937519972049e+01,-5.6920992158330641e-01,4.6974832719841558e+01,5.8199376542405538e+01,1.0014090940700533e+00

8.5702647663854776e+04,0,1.5000000000000000e+02,1.1316173226168511e+00,-3.2582184437802027e+01,-5.6898220931366761e-01,-2.1498695716522040e+01,-4.6963247835839041e+00,-7.5412958818496911e-02
8.5702647663854776e+04,1,1.5000000000000000e+02,1.1499767757605173e+00,-3.2648367873814067e+01,-5.7014286243166590e-01,2.1499425346262878e+01,4.6957923496259113e+00,7.5403444294863842e-02

8.5765479492994578e+04,0,1.5000000000000000e+02,1.1602747490018388e+00,-3.2656492643270298e+01,-5.7028779632967308e-01,7.2493854450395681e+00,3.2755165714497849e+01,5.6944806355850197e-01
8.5765479492994578e+04,1,1.5000000000000000e+02,1.1224492801127339e+00,-3.2619249550214782e+01,-5.6962629185045122e-01,-7.2500945759649014e+00,-3.2755997156106787e+01,-5.6946235819132562e-01

8.5828311440877573e+04,0,1.5000000000000000e+02,1.1313689308201609e+00,-3.2667910125429884e+01,-5.7047825322735413e-01,4.7646336579458755e+01,-4.8655853850426219e+01,-8.6367637857528634e-01
8.5828311440877573e+04,1,1.5000000000000000e+02,1.1530056078702902e+00,-3.2658342557988298e+01,-5.7031786739548163e-01,-4.7645575993100756e+01,4.8655007089826434e+01,8.6366136886450362e-01

8.5891143168584356e+04,0,1.5000000000000000e+02,1.1574061571074676e+00,-3.2689107576256667e+01,-5.7085613157657411e-01,-1.4710554083408157e+01,5.7075765505014786e+01,1.0005907759292092e+00
8.5891143168584356e+04,1,1.5000000000000000e+02,1.1292295121617475e+00,-3.2682341812552330e+01,-5.7072946918546197e-01,1.4709879608422673e+01,-5.7076292954970683e+01,-1.0005997757337739e+00

8.5953975102260854e+04,0,1.5000000000000000e+02,1.1358925254207870e+00,-3.2688024797795592e+01,-5.7083068075673726e-01,-2.3007115745592980e+01,-2.9679142256012483e+01,-5.1096372885658070e-01
8.5953975102260854e+04,1,1.5000000000000000e+02,1.1513230945601824e+00,-3.2733701708067265e+01,-5.7163255341852159e-01,2.3007783862541562e+01,2.9678013870338155e+01,5.1094383227983631e-01

8.6016807226509249e+04,0,1.5000000000000000e+02,1.1301029572506656e+00,-3.2763211609720976e+01,-5.7214110789243933e-01,2.3220734332376825e+01,-4.5381412407670112e+00,-8.6275285066532315e-02
8.6016807226509249e+04,1,1.5000000000000000e+02,1.1603430538746953e+00,-3.2704140438005432e+01,-5.7111938592347122e-01,-2.3221267584675434e+01,4.5378624726535399e+00,8.6270582337292623e-02

8.6079639005683770e+04,0,1.5000000000000000e+02,1.1659047383936418e+00,-3.2765289776085702e+01,-5.7218828332690241e-01,3.2715467900278057e+01,2.5607590123061314e+01,4.3694786272537112e-01
8.6079639005683770e+04,1,1.5000000000000000e+02,1.1242828301152406e+00,-3.2751751700106709e+01,-5.7193933191988966e-01,-3.2714978952665817e+01,-2.5608927874153125e+01,-4.3697135865159042e-01

8.6142470618240492e+04,0,1.5000000000000000e+02,1.1174942797648064e+00,-3.2799142666141940e+01,-5.7276435033208128e-01,1.2049021252434486e+01,-1.8407590805576469e+01,-3.2492728452473241e-01
8.6142470618240492e+04,1,1.5000000000000000e+02,1.1766126898523279e+00,-3.2764232653269083e+01,-5.7217309601158806e-01,-1.2049346898370608e+01,1.8407479267672066e+01,3.2492543712146493e-01

8.6205302704535701e+04,0,1.5000000000000000e+02,1.1477809492673936e+00,-3.2786978820958886e+01,-5.7256128830833986e-01,-4.0742149921957441e+01,-2.3368832749602063e+01,-3.9543096770152852e-01
8.6205302704535701e+04,1,1.5000000000000000e+02,1.1455375841585929e+00,-3.2825294570660013e+01,-5.7322930694214547e-01,4.0742412892920306e+01,2.3367371446506546e+01,3.9540538433541628e-01

8.6268134285818058e+04,0,1.5000000000000000e+02,1.1542236974711548e+00,-3.2841843371321822e+01,-5.7352076943924069e-01,4.0920437059472619e+01,4.7647070839963540e+01,8.1909033423944422e-01
8.6268134285818058e+04,1,1.5000000000000000e+02,1.1433840200391900e+00,-3.2817602369494502e+01,-5.7309440350058205e-01,-4.0920528894653202e+01,-4.7647102726568015e+01,-8.1909086276216958e-01

8.6330966177221795e+04,0,1.5000000000000000e+02,1.1423047495943084e+00,-3.2843523310818284e+01,-5.7354645754547251e-01,-4.2764976382133767e+01,-5.2865875200580803e+01,-9.0960912167741637e-01
8.6330966177221795e+04,1,1.5000000000000000e+02,1.1542988524258280e+00,-3.2863966622510986e+01,-5.7390689632834857e-01,4.2765005914207819e+01,5.2864375461267841e+01,9.0958293862033635e-01

8.6393798174278083e+04,0,1.5000000000000000e+02,1.1391851906243768e+00,-3.2894324014251026e+01,-5.7443210176774506e-01,4.5131605448290614e+01,-5.6250424735391746e-01,-2.3565624666707030e-02
8.6393798174278083e+04,1,1.5000000000000000e+02,1.1617805637795824e+00,-3.2861179697736716e+01,-5.7386053697902928e-01,-4.5131470315171043e+01,5.6247403423302345e-01,2.3565056208448676e-02

8.6456629832552164e+04,0,1.5000000000000000e+02,1.1834024917303116e+00,-3.2908910640402503e+01,-5.7470014355332866e-01,2.9988239281159430e+00,2.1911211830757765e+01,3.8148983390842506e-01
8.6456629832552164e+04,1,1.5000000000000000e+02,1.1166138828617458e+00,-3.2893830982644197e+01,-5.7441662122952464e-01,-2.9990090743559357e+00,-2.1912680787020122e+01,-3.8151541432891334e-01

8.6519461972638848e+04,0,1.5000000000000000e+02,1.1430582693170577e+00,-3.2902225422037610e+01,-5.7457118023868492e-01,-3.4901391359232093e+01,7.3958606767263575e+00,1.3970767858270222e-01
8.6519461972638848e+04,1,1.5000000000000000e+02,1.1611555117101431e+00,-3.2949284091122330e+01,-5.7539798027327982e-01,3.4901724177653051e+01,-7.3959493092125399e+00,-1.3970932682057208e-01

8.6582293546022993e+04,0,1.5000000000000000e+02,1.1829020034967341e+00,-3.2962122468262372e+01,-5.7562866555368986e-01,4.5815096942293181e+00,2.2294788382776488e+01,3.8770202963559985e-01
8.6582293546022993e+04,1,1.5000000000000000e+02,1.1206185613153421e+00,-3.2935935488353415e+01,-5.7515266615131244e-01,-4.5818743823146661e+00,-2.2296176165046148e+01,-3.8772613868002070e-01

8.6645125515156891e+04,0,1.5000000000000000e+02,1.1451429192885370e+00,-3.2985655042510118e+01,-5.7602786295219510e-01,5.7875657815636075e+01,-7.4232588435043780e+00,-1.4718455997897734e-01
8.6645125515156891e+04,1,1.5000000000000000e+02,1.1622462272897192e+00,-3.2961787835276738e+01,-5.7561653298144533e-01,-5.7875165438742570e+01,7.4230712804447094e+00,1.4718113655787707e-01

8.6707957389288757e+04,0,1.5000000000000000e+02,1.1443894971183264e+00,-3.3011785698729724e+01,-5.7648367627387820e-01,2.2638811251443084e+01,-4.5160731840567607e+01,-7.9505997372238135e-01
8.6707957389288757e+04,1,1.5000000000000000e+02,1.1626896560292719e+00,-3.2981665057036317e+01,-5.7596357342348614e-01,-2.2639313361701529e+01,4.5159454706521814e+01,7.9503783761909230e-01

8.6770789250372633e+04,0,1.5000000000000000e+02,1.1625598362615459e+00,-3.3001314390326968e+01,-5.7630646203242919e-01,-2.4942538058376424e+01,3.3848854861672748e+01,5.9834229013139506e-01
8.6770789250372633e+04,1,1.5000000000000000e+02,1.1479672045692297e+00,-3.3041985040816648e+01,-5.7701181735899565e-01,2.4943146901781059e+01,-3.3849160980668699e+01,-5.9834781811841964e-01

8.6833620954745857e+04,0,1.5000000000000000e+02,1.1459698550754163e+00,-3.3040085405740832e+01,-5.7697805570291560e-01,-4.4527999242978296e+01,-5.9746348024274482e+01,-1.0291528550823563e+00
8.6833620954745857e+04,1,1.5000000000000000e+02,1.1646903957459342e+00,-3.3048832453743941e+01,-5.7713641563239304e-01,4.4527400378703675e+01,5.9745194943452233e+01,1.0291329134806038e+00

8.6896452912082765e+04,0,1.5000000000000000e+02,1.1345528831218630e+00,-3.3065816511783339e+01,-5.7742364745317432e-01,1.6595400569166145e+01,-3.6633339950872475e+01,-6.4439544290554651e-01
8.6896452912082765e+04,1,1.5000000000000000e+02,1.1791030229541366e+00,-3.3073269058238772e+01,-5.7756728376125321e-01,-1.6594712845719627e+01,3.6632908912351546e+01,6.4438771074243006e-01

8.6959284901394538e+04,0,1.5000000000000000e+02,1.1708659703673134e+00,-3.3123613466157039e+01,-5.7844340557113483e-01,1.9736375862389686e+01,9.7986285195230245e+00,1.6499729797530377e-01
8.6959284901394538e+04,1,1.5000000000000000e+02,1.1433728151762048e+00,-3.3060836528249851e+01,-5.7733942161642360e-01,-1.9737036787948220e+01,-9.7996598208728152e+00,-1.6501509532676467e-01

8.7022116590072503e+04,0,1.5000000000000000e+02,1.1569652243821467e+00,-3.3127377182426393e+01,-5.7850485687773878e-01,7.5746738838473718e+01,9.0026280425153971e-01,-7.3631964885469969e-03
8.7022116590072503e+04,1,1.5000000000000000e+02,1.1598313536609963e+00,-3.3107436705555891e+01,-5.7815772068817617e-01,-7.5746005214369362e+01,-9.0081152688300392e-01,7.3533964712844124e-03

8.7084948485649205e+04,0,1.5000000000000000e+02,1.1572970471774127e+00,-3.3172818533753897e+01,-5.7929801891820665e-01,2.2581891816222608e+01,-8.3761762451118358e+00,-1.5306361942683250e-01
8.7084948485649205e+04,1,1.5000000000000000e+02,1.1605011746771781e+00,-3.3107213676822496e+01,-5.7815403237362128e-01,-2.2582586658215099e+01,8.3752564585684723e+00,1.5304777860918489e-01

8.7147780269556053e+04,0,1.5000000000000000e+02,1.1471690047018537e+00,-3.3134864899696275e+01,-5.7863255136231118e-01,-1.8391710402878918e+01,-1.5244738641872381e+01,-2.6045465465828416e-01
8.7147780269556053e+04,1,1.5000000000000000e+02,1.1727935293004241e+00,-3.3195634371743473e+01,-5.7970093096057118e-01,1.8392467891568440e+01,1.5244085870012519e+01,2.6044303146169251e-01

8.7210612153396389e+04,0,1.5000000000000000e+02,1.1786135086868392e+00,-3.3209116062068340e+01,-5.7993799188698147e-01,1.0396666216569059e+01,2.9680115886927339e+01,5.1482227888262866e-01
8.7210612153396389e+04,1,1.5000000000000000e+02,1.1427144338980046e+00,-3.3166533942447423e+01,-5.7918389538919357e-01,-1.0397375598358412e+01,-2.9680939703994156e+01,-5.1483644037294152e-01

8.7273444143654968e+04,0,1.5000000000000000e+02,1.1435403629967491e+00,-3.3194965985280788e+01,-5.7968035459238998e-01,-7.5249755720897813e+00,-3.4244888946006725e+01,-5.9536336504547527e-01
8.7273444143654968e+04,1,1.5000000000000000e+02,1.1796211597822657e+00,-3.3231190441455830e+01,-5.8032354992224633e-01,7.5257407005483810e+00,3.4244149917832118e+01,5.9535023414125754e-01

8.7336276245684174e+04,0,1.5000000000000000e+02,1.1773308558758544e+00,-3.3260103677360277e+01,-5.8082745778844524e-01,1.4736513929137981e+01,2.6383598805812095e+01,4.5596806256265837e-01
8.7336276245684174e+04,1,1.5000000000000000e+02,1.1474915393908574e+00,-3.3211186184810877e+01,-5.7996463978915080e-01,-1.4737225816066285e+01,-2.6384346496172544e+01,-4.5598089469533970e-01

8.7399107944706921e+04,0,1.5000000000000000e+02,1.1701090144973463e+00,-3.3227801953809760e+01,-5.8026151499857026e-01,-2.1004754294415136e+01,8.5202428860345769e+00,1.5509748101846799e-01
8.7399107944706921e+04,1,1.5000000000000000e+02,1.1562877703134180e+00,-3.3293995862813034e+01,-5.8141254759625971e-01,2.1005518397835004e+01,-8.5210476412894174e+00,-1.5511175870634286e-01

8.7461939645287595e+04,0,1.5000000000000000e+02,1.1633612199192791e+00,-3.3273712230653395e+01,-5.8106070424321454e-01,-7.7143509589709055e+01,-1.3596338358342877e+00,-2.2843112616222072e-04
8.7461939645287595e+04,1,1.5000000000000000e+02,1.1649191525409386e+00,-3.3293227367981181e+01,-5.8140176494901874e-01,7.7142801624381292e+01,1.3589419081539091e+00,2.1657099151339843e-04

8.7524771864674331e+04,0,1.5000000000000000e+02,1.1607704807220165e+00,-3.3275950179776743e+01,-5.8109897264504706e-01,-2.1836703526219907e+01,-9.4796983086680484e+00,-1.5879136939871691e-01
8.7524771864674331e+04,1,1.5000000000000000e+02,1.1688989247671484e+00,-3.3341483315738834e+01,-5.8224515976027880e-01,2.1837463431153765e+01,9.4788475743502971e+00,1.5877629054470793e-01

8.7587603389131749e+04,0,1.5000000000000000e+02,1.1822602600371521e+00,-3.3339125206563878e+01,-5.8220807541217467e-01,-6.0116186076394644e+00,4.8812172857529973e+01,8.5372121647899735e-01
8.7587603389131749e+04,1,1.5000000000000000e+02,1.1494406643782209e+00,-3.3323466369173538e+01,-5.8192479308908585e-01,6.0109142094692007e+00,-4.8812828658814723e+01,-8.5373244720789954e-01

8.7650435277925470e+04,0,1.5000000000000000e+02,1.1859487676762459e+00,-3.3349646946009642e+01,-5.8239282876235299e-01,1.0777051753693243e+01,4.2558699196397079e+01,7.3946867114799286e-01
8.7650435277925470e+04,1,1.5000000000000000e+02,1.1470299148730629e+00,-3.3363422864282178e+01,-5.8262139572398852e-01,-1.0776295365338413e+01,-4.2559574957486582e+01,-7.3948418570835328e-01

8.7713267124307138e+04,0,1.5000000000000000e+02,1.1485564167697149e+00,-3.3400733101394529e+01,-5.8327301420351951e-01,1.0021307518824937e+01,-2.8304686930366518e+01,-4.9703772029870608e-01
8.7713267124307138e+04,1,1.5000000000000000e+02,1.1865283154802888e+00,-3.3357507071930335e+01,-5.8253018345845498e-01,-1.0022009612485665e+01,2.8304045814026249e+01,4.9702674515558887e-01

8.7776098956057802e+04,0,1.5000000000000000e+02,1.1871629465170017e+00,-3.3382779302176047e+01,-5.8297143805485174e-01,-9.9843632392682693e+00,2.8342521086710427e+01,4.9768676292823910e-01
8.7776098956057802e+04,1,1.5000000000000000e+02,1.1491618094792295e+00,-3.3425931947995586e+01,-5.8371297917176712e-01,9.9851186771776597e+00,-2.8343402391463634e+01,-4.9770237394917827e-01

8.7838930602441309e+04,0,1.5000000000000000e+02,1.1530617419916449e+00,-3.3426215942449630e+01,-5.8371912363512635e-01,-2.9593216411474572e+01,-4.5336143884855559e+01,-7.8220974185872549e-01
8.7838930602441309e+04,1,1.5000000000000000e+02,1.1853705650752093e+00,-3.3427666975158260e+01,-5.8375428997823842e-01,2.9592513651125159e+01,4.5335498212275112e+01,7.8219868740134357e-01

8.7901762538642157e+04,0,1.5000000000000000e+02,1.1534622136571655e+00,-3.3444345823197047e+01,-5.8403565570875726e-01,5.9695166156387032e+00,-4.8843839620204477e+01,-8.5426105204023572e-01
8.7901762538642157e+04,1,1.5000000000000000e+02,1.1862449961173898e+00,-3.3460012497008741e+01,-5.8431906358174668e-01,-5.9687590454611481e+00,4.8842972182837173e+01,8.5424568238891674e-01

8.7964594654551693e+04,0,1.5000000000000000e+02,1.1748957557033732e+00,-3.3507494714609422e+01,-5.8514428522540418e-01,2.1865897227328880e+01,9.4817875853957432e+00,1.5881893894022986e-01
8.7964594654551693e+04,1,1.5000000000000000e+02,1.1668472271583299e+00,-3.3442026327868525e+01,-5.8399925248478868e-01,-2.1866603400436880e+01,-9.4824575956689543e+00,-1.5883041710960150e-01

8.8027426224436509e+04,0,1.5000000000000000e+02,1.1833529031448347e+00,-3.3505225521399851e+01,-5.8510725870673652e-01,4.7708657358491791e+01,4.2803587476124569e+01,7.3249197874834759e-01
8.8027426224436509e+04,1,1.5000000000000000e+02,1.1597735654635652e+00,-3.3494783474219453e+01,-5.8491783681327436e-01,-4.7707895683493575e+01,-4.2804419446924932e+01,-7.3250673067339289e-01

8.8090258536477224e+04,0,1.5000000000000000e+02,1.1783327731675033e+00,-3.3555096507082652e+01,-5.8597609816454221e-01,2.1305277561236778e+01,1.0488470761340750e+01,1.7655876607262816e-01
8.8090258536477224e+04,1,1.5000000000000000e+02,1.1666841110090957e+00,-3.3490061285180168e+01,-5.8483752847359016e-01,-2.1305987905471767e+01,-1.0489185893417847e+01,-1.7657103045550609e-01

8.8153089897231854e+04,0,1.5000000000000000e+02,1.1572753675328440e+00,-3.3525815185689673e+01,-5.8545865390645535e-01,-1.2524448288109166e+01,-2.9854028872190593e+01,-5.1720928655628884e-01
8.8153089897231854e+04,1,1.5000000000000000e+02,1.1893074717757095e+00,-3.3569842751290118e+01,-5.8623679890850267e-01,1.2525213304018475e+01,2.9853251597767237e+01,5.1719548819686134e-01

8.8215921834056426e+04,0,1.5000000000000000e+02,1.1816945935722665e+00,-3.3562556195774732e+01,-5.8610731188533760e-01,-6.3475580482280328e+01,3.3795211911809922e+01,6.0914452410554776e-01
8.8215921834056426e+04,1,1.5000000000000000e+02,1.1665595111206553e+00,-3.3578243413019983e+01,-5.8637648093243855e-01,6.3474869393461610e+01,-3.3795992508732631e+01,-6.0915793078057257e-01

8.8278753566158251e+04,0,1.5000000000000000e+02,1.1759666598206222e+00,-3.3605337526384155e+01,-5.8685220418094475e-01,7.7105210896192133e+01,6.9865426391210050e+00,9.8443197558516937e-02
8.8278753566158251e+04,1,1.5000000000000000e+02,1.1741094560212662e+00,-3.3585959325298326e+01,-5.8651344217424417e-01,-7.7104448948987923e+01,-6.9872440130302991e+00,-9.8455670336578205e-02

8.8341585543866589e+04,0,1.5000000000000000e+02,1.1760025322944818e+00,-3.3608448501767711e+01,-5.8690650915673259e-01,-7.7121809797002030e+01,-2.5411860626691549e+00,-2.0855971269250650e-02
8.8341585543866589e+04,1,1.5000000000000000e+02,1.1754523216429500e+00,-3.3628008517069347e+01,-5.8724771088137262e-01,7.7121106349129732e+01,2.5403199511467420e+00,2.0841069831075698e-02

8.8404417444655628e+04,0,1.5000000000000000e+02,1.1568257660668495e+00,-3.3637031765699298e+01,-5.8739951405504731e-01,1.1848283375712452e+01,-4.1542886102769330e+01,-7.2863270967237959e-01
8.8404417444655628e+04,1,1.5000000000000000e+02,1.1967787316616609e+00,-3.3649882866661500e+01,-5.8763596768002069e-01,-1.1847534589846546e+01,4.1542279449081803e+01,7.2862189400004163e-01

8.8467249206807377e+04,0,1.5000000000000000e+02,1.1907361565238230e+00,-3.3697184156774014e+01,-5.8845964827809416e-01,1.9104632278972858e+01,1.1872026863292220e+01,2.0137553844544126e-01
8.8467249206807377e+04,1,1.5000000000000000e+02,1.1638866774266372e+00,-3.3634958080593591e+01,-5.8736547427104102e-01,-1.9105313834350454e+01,-1.1872996644485944e+01,-2.0139225583789883e-01

8.8530080993716969e+04,0,1.5000000000000000e+02,1.1913949234364083e+00,-3.3673831233671891e+01,-5.8805228429323086e-01,-1.4241972051863627e+01,3.9461480369934542e+01,6.9303636719499084e-01
8.8530080993716969e+04,1,1.5000000000000000e+02,1.1657674452038298e+00,-3.3708666038704479e+01,-5.8865242849565802e-01,1.4242687293994230e+01,-3.9461974857181225e+01,-6.9304521507494976e-01

8.8592912866388113e+04,0,1.5000000000000000e+02,1.2024072850285177e+00,-3.3734297492199197e+01,-5.8911092078140725e-01,7.7167695420765590e+00,2.5360839250816731e+01,4.4025689222233866e-01
8.8592912866388113e+04,1,1.5000000000000000e+02,1.1553582122699535e+00,-3.3693572314343172e+01,-5.8838583572977943e-01,-7.7174051509055488e+00,-2.5361926619645594e+01,-4.4027567579906268e-01

8.8655744758391884e+04,0,1.5000000000000000e+02,1.1931772673388121e+00,-3.3729970934927820e+01,-5.8903260021798343e-01,-5.1571810666928215e+00,5.5200261180839611e+01,9.6494844044693351e-01
8.8655744758391884e+04,1,1.5000000000000000e+02,1.1675626617173429e+00,-3.3748059184155530e+01,-5.8934048064354749e-01,5.1578353635917509e+00,-5.5200633478181778e+01,-9.6495513725302162e-01

8.8718576878610256e+04,0,1.5000000000000000e+02,1.1989918561857082e+00,-3.3790370643232791e+01,-5.9008849183034950e-01,1.9795503237058867e+01,1.0175158346872905e+01,1.7155063740493004e-01
8.8718576878610256e+04,1,1.5000000000000000e+02,1.1619041298343800e+00,-3.3733284417588663e+01,-5.8908090167689442e-01,-1.9796060949142792e+01,-1.0176370540609987e+01,-1.7157162320654662e-01

8.8781408646905198e+04,0,1.5000000000000000e+02,1.1539760112975714e+00,-3.3770301103659200e+01,-5.8972451680308557e-01,-5.1406139015878054e+00,-2.3742234585502796e+01,-4.1279312751631791e-01
8.8781408646905198e+04,1,1.5000000000000000e+02,1.2103442102172732e+00,-3.3803197788154499e+01,-5.9031581471926153e-01,5.1411721991944148e+00,2.3741985724224786e+01,4.1278861421100332e-01

8.8844240498407438e+04,0,1.5000000000000000e+02,1.2113016397450507e+00,-3.3815889790144752e+01,-5.9053761240022895e-01,-7.3601482222421843e+00,2.7278231280166697e+01,4.7831292242457485e-01
8.8844240498407438e+04,1,1.5000000000000000e+02,1.1527337605920178e+00,-3.3803619998799839e+01,-5.9030563331181829e-01,7.3597065860857249e+00,-2.7279562994380402e+01,-4.7833602950661563e-01

8.8907072311920027e+04,0,1.5000000000000000e+02,1.1531202226757049e+00,-3.3828804100601850e+01,-5.9074527426077006e-01,5.8249192854839418e+00,-2.5521213352881787e+01,-4.4718105019996546e-01
8.8907072311920027e+04,1,1.5000000000000000e+02,1.2147582304518574e+00,-3.3840089235948732e+01,-5.9096100399469786e-01,-5.8244982753593266e+00,2.5521076278424630e+01,4.4717852966604832e-01

8.8969904229429812e+04,0,1.5000000000000000e+02,1.2158486058821933e+00,-3.3867988137295455e+01,-5.9144823916324618e-01,3.4915428278934613e+00,2.2262069155896022e+01,3.8746304015382982e-01
8.8969904229429812e+04,1,1.5000000000000000e+02,1.1513633224624200e+00,-3.3847453024784315e+01,-5.9107020769449592e-01,-3.4918256036474844e+00,-2.2263500379018062e+01,-3.8748793229992839e-01

8.9032736159376465e+04,0,1.5000000000000000e+02,1.1601898559924859e+00,-3.3863108780121600e+01,-5.9134612719059987e-01,-2.1681640440487897e+01,-1.3401071524401356e+01,-2.2727600585083002e-01
8.9032736159376465e+04,1,1.5000000000000000e+02,1.2111929021856314e+00,-3.3901102972533216e+01,-5.9202475448469094e-01,2.1681881514358956e+01,1.3401016703624808e+01,2.2727497565631100e-01

8.9095567822364683e+04,0,1.5000000000000000e+02,1.1810387833217522e+00,-3.3894576502762000e+01,-5.9190166597456439e-01,-5.0724211743771569e+01,-4.4865998734939019e+01,-7.6756738117569179e-01
8.9095567822364683e+04,1,1.5000000000000000e+02,1.1894218881457856e+00,-3.3916868056817833e+01,-5.9229326100555180e-01,5.0724127656530321e+01,4.4864508165225750e+01,7.6754139276210220e-01

8.9158399891903144e+04,0,1.5000000000000000e+02,1.1544173754469043e+00,-3.3935626794775267e+01,-5.9260998262745224e-01,8.7308162071535484e+00,-2.1289805938515801e+01,-3.7421804002747983e-01
8.9158399891903144e+04,1,1.5000000000000000e+02,1.2203786309305857e+00,-3.3923838940144684e+01,-5.9242435016613593e-01,-8.7307900701039678e+00,2.1289782884510590e+01,3.7421762971637906e-01

8.9221231406218809e+04,0,1.5000000000000000e+02,1.1813178292823523e+00,-3.3941885575643745e+01,-5.9272740821089309e-01,-4.0630112352277486e+01,-4.8528894410920401e+01,-8.3456872003030058e-01
8.9221231406218809e+04,1,1.5000000000000000e+02,1.1925013280585970e+00,-3.3965614437829899e+01,-5.9314494081967928e-01,4.0630255728097517e+01,4.8527404670815883e+01,8.3454267680248029e-01

8.9284063610996294e+04,0,1.5000000000000000e+02,1.1560176189191742e+00,-3.3981233978842454e+01,-5.9340642529049026e-01,-3.0037396904716971e+00,-2.3173430491496870e+01,-4.0351708947736858e-01
8.9284063610996294e+04,1,1.5000000000000000e+02,1.2220642910030648e+00,-3.3973450992001922e+01,-5.9329071343027018e-01,3.0035309773121739e+00,2.3173368856123783e+01,4.0351607737171052e-01

8.9346895437173545e+04,0,1.5000000000000000e+02,1.2093841823182165e+00,-3.3977922071617265e+01,-5.9336488178168567e-01,-2.4385967049954601e+01,8.2817536918475394e+00,1.5196529933335373e-01
8.9346895437173545e+04,1,1.5000000000000000e+02,1.1679361671762960e+00,-3.4025646308379883e+01,-5.9418515812929507e-01,2.4386345204715731e+01,-8.2831637745645299e+00,-1.5199002386945698e-01

8.9409727328529450e+04,0,1.5000000000000000e+02,1.1917955516591217e+00,-3.4047337072546959e+01,-5.9457098254805929e-01,3.2384175556175833e+01,2.4236973404089905e+01,4.1312822520207665e-01
8.9409727328529450e+04,1,1.5000000000000000e+02,1.1894183565104399e+00,-3.4002582481329007e+01,-5.9378918306046291e-01,-3.2384610137205129e+01,-2.4237158404030954e+01,-4.1313132150965809e-01

8.9472559130430091e+04,0,1.5000000000000000e+02,1.1810659533517298e+00,-3.4033998572860753e+01,-5.9433492507452612e-01,-2.1734643867893151e+01,-4.3514591003130583e+01,-7.5281324037215014e-01
8.9472559130430091e+04,1,1.5000000000000000e+02,1.1999154489332085e+00,-3.4065590094873954e+01,-5.9489201533312419e-01,2.1735230464445269e+01,4.3513349017443964e+01,7.5279138603556928e-01

8.9535390979156116e+04,0,1.5000000000000000e+02,1.2025424342872120e+00,-3.4091048071029384e+01,-5.9533711858509186e-01,1.9223547711843391e+01,3.8200856642554136e+01,6.6084075113523888e-01
8.9535390979156116e+04,1,1.5000000000000000e+02,1.1816447059151203e+00,-3.4054189570656355e+01,-5.9468748292037765e-01,-1.9224162678770728e+01,-3.8201253126799976e+01,-6.6084748340170119e-01

8.9598222780431432e+04,0,1.5000000000000000e+02,1.1874946512746383e+00,-3.4068285788380393e+01,-5.9493527796446422e-01,-2.2785989158371180e+01,-1.6780045138675554e+01,-2.8591080574006289e-01
8.9598222780431432e+04,1,1.5000000000000000e+02,1.1972970202388322e+00,-3.4127201366618827e+01,-5.9596648270530217e-01,2.2786717197508217e+01,1.6779054182462808e+01,2.8589328938374259e-01

8.9661054467006456e+04,0,1.5000000000000000e+02,1.1848842860848574e+00,-3.4152873130387448e+01,-5.9641073546615664e-01,2.0587698787895540e+01,-9.7382017803146539e+00,-1.7622674584236270e-01
8.9661054467006456e+04,1,1.5000000000000000e+02,1.2021464543407858e+00,-3.4087842746746780e+01,-5.9528105740469328e-01,-2.0588405676279514e+01,9.7375213082169125e+00,1.7621508530715108e-01

8.9723886288652793e+04,0,1.5000000000000000e+02,1.2106353239733627e+00,-3.4140307138940472e+01,-5.9619927332758915e-01,1.2149580123467956e+01,5.0205493392782046e+01,8.7250551407272525e-01
8.9723886288652793e+04,1,1.5000000000000000e+02,1.1780661677449829e+00,-3.4150881864161633e+01,-5.9637390609349461e-01,-1.2148819448636317e+01,-5.0206177398200168e+01,-8.7251768334111113e-01

8.9786718163515645e+04,0,1.5000000000000000e+02,1.2163301021951809e+00,-3.4189266531683543e+01,-5.9705546740628357e-01,8.6591701046297178e+00,2.6658347684169836e+01,4.6261445053119915e-01
8.9786718163515645e+04,1,1.5000000000000000e+02,1.1734855565785618e+00,-3.4147155257031976e+01,-5.9630747246731908e-01,-8.6598428694788101e+00,-2.6659344019558713e+01,-4.6263163403632918e-01

8.9849549960939243e+04,0,1.5000000000000000e+02,1.2040220754033639e+00,-3.4171351899551958e+01,-5.9673906458000603e-01,-2.3407106380269468e+01,3.1005666117901100e+01,5.4825406160661250e-01
8.9849549960939243e+04,1,1.5000000000000000e+02,1.1885965272609051e+00,-3.4215289094698974e+01,-5.9750117523779644e-01,2.3407761058051747e+01,-3.1006039658901535e+01,-5.4826078023383285e-01

8.9912381925841430e+04,0,1.5000000000000000e+02,1.2246875773963923e+00,-3.4232449791288175e+01,-5.9781166525717266e-01,5.2159931294790596e+00,2.3574415800651607e+01,4.0984132287868319e-01
8.9912381925841430e+04,1,1.5000000000000000e+02,1.1679660163579382e+00,-3.4199938390125027e+01,-5.9722698381656214e-01,-5.2164874390845206e+00,-2.3575699412713497e+01,-4.0986357441664995e-01

8.9975213760641869e+04,0,1.5000000000000000e+02,1.1923717860932146e+00,-3.4253863501551514e+01,-5.9817554162558673e-01,5.9648737447128752e+01,3.2388501335185857e+00,3.8354760901889606e-02
8.9975213760641869e+04,1,1.5000000000000000e+02,1.2040448653710207e+00,-3.4227974110768642e+01,-5.9772726545932620e-01,-5.9648329789021687e+01,-3.2389794496385740e+00,-3.8357141966952835e-02

9.0038045750861609e+04,0,1.5000000000000000e+02,1.2082844143899663e+00,-3.4286126649861345e+01,-5.9874345875680723e-01,3.6899955095493155e+01,-5.0098021333388978e+00,-9.8674043403389144e-02
9.0038045750861609e+04,1,1.5000000000000000e+02,1.1873944283096427e+00,-3.4242460358468541e+01,-5.9797501311485135e-01,-3.6900141511728847e+01,5.0083346483692388e+00,9.8648489046512577e-02

9.0100877826698605e+04,0,1.5000000000000000e+02,1.1681538520762569e+00,-3.4279696363235622e+01,-5.9861900973858917e-01,-1.2115660228706890e+01,-2.0348166864489055e+01,-3.5143364957405560e-01
9.0100877826698605e+04,1,1.5000000000000000e+02,1.2318085999751172e+00,-3.4297148430987690e+01,-5.9894298164871718e-01,1.2115714788185524e+01,2.0348143001843869e+01,3.5143321649132603e-01

9.0163709485251034e+04,0,1.5000000000000000e+02,1.2322447272584360e+00,-3.4313467284776230e+01,-5.9922791782612894e-01,7.6965372598982214e+00,2.2772028238801258e+01,3.9508207367298392e-01
9.0163709485251034e+04,1,1.5000000000000000e+02,1.1667674646774622e+00,-3.4311444824104093e+01,-5.9917267449194367e-01,-7.6963462149408599e+00,-2.2773508566485337e+01,-3.9510796715368229e-01

9.0226541322753619e+04,0,1.5000000000000000e+02,1.1703423858242403e+00,-3.4340008449732160e+01,-5.9967226758902170e-01,-6.6305946571288246e+00,-2.4986764248378233e+01,-4.3405926784730020e-01
9.0226541322753619e+04,1,1.5000000000000000e+02,1.2328178108800549e+00,-3.4331798611197058e+01,-5.9954801822020787e-01,6.6302714732210148e+00,2.4986652652262460e+01,4.3405741867714598e-01

9.0289372930257246e+04,0,1.5000000000000000e+02,1.2204613636885251e+00,-3.4367174764726890e+01,-6.0016165310802438e-01,3.5476244522980608e+01,2.7201615957546927e+01,4.6392642602572648e-01
9.0289372930257246e+04,1,1.5000000000000000e+02,1.1822497726262045e+00,-3.4354010761547023e+01,-5.9992026906633700e-01,-3.5475703852988943e+01,-2.7202906393229085e+01,-4.6394911194142902e-01

9.0352204785583046e+04,0,1.5000000000000000e+02,1.2160560239984759e+00,-3.4388645583027468e+01,-6.0053502860417141e-01,-5.6622898644411812e+00,5.9937604769394767e+01,1.0477803589290859e+00
9.0352204785583046e+04,1,1.5000000000000000e+02,1.1899466997756925e+00,-3.4378279629876616e+01,-6.0034616401748631e-01,5.6616755786414750e+00,-5.9938000713911762e+01,-1.0477870819840236e+00

9.0415036830419645e+04,0,1.5000000000000000e+02,1.1968363862076228e+00,-3.4378927251615721e+01,-6.0035956546543157e-01,-2.1664635237408561e+01,-1.6920153538334986e+01,-2.8869763577102958e-01
9.0415036830419645e+04,1,1.5000000000000000e+02,1.2098870196412597e+00,-3.4438271582042994e+01,-6.0139924249196119e-01,2.1665380747709236e+01,1.6919226106389502e+01,2.8868122274272634e-01

9.0477868564612014e+04,0,1.5000000000000000e+02,1.1911658466236430e+00,-3.4456903888854740e+01,-6.0171871806319621e-01,1.6733011081840292e+01,-2.4593481091151634e+01,-4.3431285337025549e-01
9.0477868564612014e+04,1,1.5000000000000000e+02,1.2174420090810503e+00,-3.4405494713444675e+01,-6.0082950882312114e-01,-1.6733720320713001e+01,2.4592667973083525e+01,4.3429887855865668e-01

9.0540700555134448e+04,0,1.5000000000000000e+02,1.1848792050404335e+00,-3.4453621198517816e+01,-6.0165951216299229e-01,1.9091820165520986e+01,-3.9217663350045491e+01,-6.9025859677927104e-01
9.0540700555134448e+04,1,1.5000000000000000e+02,1.2259863195249585e+00,-3.4459162688378868e+01,-6.0176874707589501e-01,-1.9091106656148561e+01,3.9217171678950102e+01,6.9024979857505964e-01

9.0603532342412145e+04,0,1.5000000000000000e+02,1.2109832898299016e+00,-3.4508164266035443e+01,-6.0261937217339967e-01,2.7542465811862037e+01,-8.4435970899470973e+00,-1.5575142948305309e-01
9.0603532342412145e+04,1,1.5000000000000000e+02,1.2002326168853812e+00,-3.4450175669302453e+01,-6.0160405660595873e-01,-2.7543009931355733e+01,8.4423686945305505e+00,1.5573015678150104e-01

9.0666364357298284e+04,0,1.5000000000000000e+02,1.1779814398030346e+00,-3.4502010562229955e+01,-6.0250192185212559e-01,1.1580580013236339e+01,-2.6341139305093044e+01,-4.6324409479745898e-01
9.0666364357298284e+04,1,1.5000000000000000e+02,1.2368752724196477e+00,-3.4505893329284326e+01,-6.0258762648001507e-01,-1.1580156930109126e+01,2.6341000294326122e+01,4.6324153983787364e-01

9.0729195948430832e+04,0,1.5000000000000000e+02,1.2090802948761097e+00,-3.4513163130201171e+01,-6.0270603480064855e-01,-5.5911686362437827e+01,-1.9829287858493693e+01,-3.2903625171111295e-01
9.0729195948430832e+04,1,1.5000000000000000e+02,1.2050437688406759e+00,-3.4541530877927833e+01,-6.0319989060495749e-01,5.5911536160006968e+01,1.9827810735964349e+01,3.2901051812295601e-01

9.0792027840955911e+04,0,1.5000000000000000e+02,1.1967573901324906e+00,-3.4534254615681682e+01,-6.0307037808063624e-01,-4.2754779355612222e+01,-1.7579229279499771e+00,-1.7655472889466450e-02
9.0792027840955911e+04,1,1.5000000000000000e+02,1.2216576025540820e+00,-3.4568459392430945e+01,-6.0367491917044103e-01,4.2754739043737835e+01,1.7578963429104419e+00,1.7655021194740383e-02

9.0854859734029771e+04,0,1.5000000000000000e+02,1.2387390887119418e+00,-3.4576795297553666e+01,-6.0382560442229039e-01,1.3501449506603336e+01,2.4602561572527357e+01,4.2526091813606587e-01
9.0854859734029771e+04,1,1.5000000000000000e+02,1.1788240849050422e+00,-3.4574413451778156e+01,-6.0376578340023934e-01,-1.3501115301405790e+01,-2.4603993091145490e+01,-4.2528600339268147e-01

9.0917691479673595e+04,0,1.5000000000000000e+02,1.1818838747731137e+00,-3.4610150699198243e+01,-6.0439041654167935e-01,-1.0811859603737730e+00,-2.6563791862593163e+01,-4.6327272720532642e-01
9.0917691479673595e+04,1,1.5000000000000000e+02,1.2395126649614079e+00,-3.4587397292415829e+01,-6.0401087046437152e-01,1.0806959928560147e+00,2.6563557133233502e+01,4.6326877987137227e-01

9.0980523584855371e+04,0,1.5000000000000000e+02,1.2318298299604804e+00,-3.4598764393143050e+01,-6.0420691335070686e-01,-1.3078953922675531e+01,2.0252042547019027e+01,3.5743115734918435e-01
9.0980523584855371e+04,1,1.5000000000000000e+02,1.1897296008713110e+00,-3.4648734772423460e+01,-6.0506619160459896e-01,1.3079647490771123e+01,-2.0253118842791398e+01,-3.5745015258632967e-01

9.1043355354489497e+04,0,1.5000000000000000e+02,1.1946582607162737e+00,-3.4668822553496057e+01,-6.0541827322165775e-01,1.1864389723358354e+01,-2.8154646140885252e+01,-4.9498061094306839e-01
9.1043355354489497e+04,1,1.5000000000000000e+02,1.2292552877284351e+00,-3.4623976259748119e+01,-6.0464613686885604e-01,-1.1865098192811775e+01,2.8153944899538832e+01,4.9496858841534103e-01

9.1106187030101253e+04,0,1.5000000000000000e+02,1.2238927831235029e+00,-3.4675149845247425e+01,-6.0553760554756886e-01,4.1827424493609968e+01,5.5151839255567225e+01,9.4979030455487146e-01
9.1106187030101253e+04,1,1.5000000000000000e+02,1.2019641777745604e+00,-3.4668065924822649e+01,-6.0540729391447123e-01,-4.1826690325651640e+01,-5.5152392743655952e+01,-9.4980018790761966e-01

9.1169018894431661e+04,0,1.5000000000000000e+02,1.2375536237983751e+00,-3.4696834762323476e+01,-6.0592022114017641e-01,-1.6821146713252865e+01,3.2595882465305287e+01,5.7400086361482938e-01
9.1169018894431661e+04,1,1.5000000000000000e+02,1.1887954415374156e+00,-3.4691881820970906e+01,-6.0581892704806017e-01,1.6820590269640775e+01,-3.2597095116564354e+01,-5.7402185778851778e-01

9.1231850756489992e+04,0,1.5000000000000000e+02,1.1861324616953606e+00,-3.4701162659110736e+01,-6.0598008884053411e-01,-1.2337487414120671e+01,-1.8412873834583550e+01,-3.1759055318346552e-01
9.1231850756489992e+04,1,1.5000000000000000e+02,1.2438517160148583e+00,-3.4737094305647460e+01,-6.0662476572372370e-01,1.2337887050639585e+01,1.8412748944388056e+01,3.1758825180450634e-01

9.1294682713497154e+04,0,1.5000000000000000e+02,1.2195838651608624e+00,-3.4761279242476881e+01,-6.0703945834731909e-01,4.4207826762324082e+01,-1.4529845231255152e+01,-2.6704792298784619e-01
9.1294682713497154e+04,1,1.5000000000000000e+02,1.2096220161615514e+00,-3.4723941654507513e+01,-6.0638479287982672e-01,-4.4207903950158034e+01,1.4528354029799871e+01,2.6702192144604142e-01

9.1357514731886884e+04,0,1.5000000000000000e+02,1.1960485672592969e+00,-3.4786890963459037e+01,-6.0747927494450737e-01,2.8074963177491515e+01,-8.6549648390143439e+00,-1.5960252156914354e-01
9.1357514731886884e+04,1,1.5000000000000000e+02,1.2374313360565574e+00,-3.4746007180367862e+01,-6.0677836109840710e-01,-2.8075121033533765e+01,8.6549176601500299e+00,1.5960174627070270e-01

9.1420346514494653e+04,0,1.5000000000000000e+02,1.2377338009491290e+00,-3.4797449657945698e+01,-6.0767624832579359e-01,3.1418350433650133e+01,2.5705295523028472e+01,4.3904820169118131e-01
9.1420346514494653e+04,1,1.5000000000000000e+02,1.1950906141786108e+00,-3.4784410086949123e+01,-6.0743568591526986e-01,-3.1417873831311951e+01,-2.5706640938025334e+01,-4.3907182761118990e-01

9.1483178314364093e+04,0,1.5000000000000000e+02,1.2050891549808760e+00,-3.4844982376551961e+01,-6.0849586407858880e-01,2.1769120474262014e+01,-5.7967284337667806e+00,-1.0779845097412161e-01
9.1483178314364093e+04,1,1.5000000000000000e+02,1.2311064927577020e+00,-3.4782732833229922e+01,-6.0741738548531188e-01,-2.1769738733871225e+01,5.7963248509841563e+00,1.0779159582354653e-01

9.1546010168834604e+04,0,1.5000000000000000e+02,1.2017644442083006e+00,-3.4831750084366625e+01,-6.0826391598470475e-01,7.7669296187080334e+00,-4.8191697121178223e+01,-8.4342714723067091e-01
9.1546010168834604e+04,1,1.5000000000000000e+02,1.2353482236015678e+00,-3.4846264637642157e+01,-6.0852746059187957e-01,-7.7661684562052855e+00,4.8190869401505111e+01,8.4341246965328676e-01

9.1608841790965118e+04,0,1.5000000000000000e+02,1.2052651400122463e+00,-3.4865090453360622e+01,-6.0884685214256318e-01,-1.4149295485231548e+01,-5.7374523426537365e+01,-9.9701316085780523e-01
9.1608841790965118e+04,1,1.5000000000000000e+02,1.2332117009957964e+00,-3.4858175511782079e+01,-6.0873468321365731e-01,1.4148625475876798e+01,5.7373520929619986e+01,9.9699586897918113e-01

9.1671674157893780e+04,0,1.5000000000000000e+02,1.2018397563339680e+00,-3.4859083739363555e+01,-6.0874097710429520e-01,-2.1103781522727221e+01,-9.0528209656628853e+00,-1.5156460464730753e-01
9.1671674157893780e+04,1,1.5000000000000000e+02,1.2396642569272902e+00,-3.4914211884219135e+01,-6.0971461848168906e-01,2.1104340770591801e+01,9.0525698557546725e+00,1.5156005180787330e-01

9.1734505971956271e+04,0,1.5000000000000000e+02,1.2530305551505199e+00,-3.4919038845660630e+01,-6.0980293244910722e-01,3.5665374656996498e+00,2.2146438535493939e+01,3.8542216173075294e-01
9.1734505971956271e+04,1,1.5000000000000000e+02,1.1880018523695495e+00,-3.4900644016904465e+01,-6.0946208853887951e-01,-3.5667773323971197e+00,-2.2147887054011509e+01,-3.8544736879516306e-01

9.1797337347505949e+04,0,1.5000000000000000e+02,1.1887909759149204e+00,-3.4933786756481048e+01,-6.1004074954715470e-01,-2.2798989604244326e+00,-2.2237062577742865e+01,-3.8739572177294029e-01
9.1797337347505949e+04,1,1.5000000000000000e+02,1.2564737830198942e+00,-3.4934097797524146e+01,-6.1006679637184869e-01,2.2798709388230662e+00,2.2237036694620418e+01,3.8739527858488160e-01

9.1860169240402640e+04,0,1.5000000000000000e+02,1.2524315934126278e+00,-3.4942800246941971e+01,-6.1021744372038111e-01,-8.8046706159061934e+00,2.0434284578507111e+01,3.5930963202344224e-01
9.1860169240402640e+04,1,1.5000000000000000e+02,1.1920471907567389e+00,-3.4973668013479823e+01,-6.1073776545185643e-01,8.8050673007224951e+00,-2.0435683398708619e+01,-3.5933416564694987e-01

9.1923001384634059e+04,0,1.5000000000000000e+02,1.2052011190775911e+00,-3.5009534527770363e+01,-6.1136772960883468e-01,1.8448929413827980e+01,-1.2290699417757850e+01,-2.2012243252042146e-01
9.1923001384634059e+04,1,1.5000000000000000e+02,1.2428328991592363e+00,-3.4952990550318496e+01,-6.1039236501133831e-01,-1.8449516745441588e+01,1.2290346422746431e+01,2.2011645082676284e-01

9.1985833429990671e+04,0,1.5000000000000000e+02,1.2333536837213024e+00,-3.4974105321311406e+01,-6.1075798095368239e-01,-2.0565465037209506e+01,9.9583334324590602e+00,1.8006179978071768e-01
9.1985833429990671e+04,1,1.5000000000000000e+02,1.2154665400710105e+00,-3.5038655802165309e+01,-6.1187909316857736e-01,2.0566223665799484e+01,-9.9591835462628815e+00,-1.8007686741737661e-01

9.2048664798287617e+04,0,1.5000000000000000e+02,1.2106524559566829e+00,-3.5036832806560369e+01,-6.1184581103474867e-01,-2.2351225096781562e+00,-5.3301459451742708e+01,-9.2955784203184111e-01
9.2048664798287617e+04,1,1.5000000000000000e+02,1.2395513394306172e+00,-3.5021195699333155e+01,-6.1158170943472334e-01,2.2344570096146654e+00,5.3300444518281402e+01,9.2954033173207518e-01

9.2111496790226302e+04,0,1.5000000000000000e+02,1.2120110079381292e+00,-3.5063597768612262e+01,-6.1231333794126741e-01,4.5958259661151580e+01,-2.1250111013388530e+01,-3.8486597222625191e-01
9.2111496790226302e+04,1,1.5000000000000000e+02,1.2413018155857585e+00,-3.5044385499237052e+01,-6.1198696055136603e-01,-4.5957735402092958e+01,2.1249893905708522e+01,3.8486202346669091e-01

9.2174328473450718e+04,0,1.5000000000000000e+02,1.2596283168655857e+00,-3.5083607778245991e+01,-6.1267706661335108e-01,2.3572516286321274e+00,2.2184609609855382e+01,3.8645672708855722e-01
9.2174328473450718e+04,1,1.5000000000000000e+02,1.1931075915705567e+00,-3.5070973953425963e+01,-6.1243631156613010e-01,-2.3574100584821807e+00,-2.2186084238561460e+01,-3.8648241464683569e-01

9.2237160526943073e+04,0,1.5000000000000000e+02,1.2053481906722607e+00,-3.5089329275945190e+01,-6.1276038505357144e-01,-2.9325904496421416e+01,-1.7471528162997089e+01,-2.9598657511368709e-01
9.2237160526943073e+04,1,1.5000000000000000e+02,1.2516289010437927e+00,-3.5113092275240767e+01,-6.1318920520251874e-01,2.9325755681417725e+01,1.7471482992969250e+01,2.9598583212046181e-01

9.2299992476876156e+04,0,1.5000000000000000e+02,1.2260791330995311e+00,-3.5103126492812507e+01,-6.1300749506447094e-01,-3.0959429379030222e+01,-2.5042530829519386e+01,-4.2762116533703598e-01
9.2299992476876156e+04,1,1.5000000000000000e+02,1.2303178441394049e+00,-3.5148322023372131e+01,-6.1379755708365558e-01,3.0959953219399100e+01,2.5041225376333529e+01,4.2759822245706902e-01

9.2362824354984667e+04,0,1.5000000000000000e+02,1.2103001311676198e+00,-3.5173613084884693e+01,-6.1423284895213193e-01,1.3154869073941097e+01,-2.1775557829055746e+01,-3.8404329151732852e-01
9.2362824354984667e+04,1,1.5000000000000000e+02,1.2491689219765802e+00,-3.5123513633634893e+01,-6.1337033367936389e-01,-1.3155541620802072e+01,2.1775030155335312e+01,3.8403428721991417e-01

9.2425655921419137e+04,0,1.5000000000000000e+02,1.2112063931880988e+00,-3.5152378973282083e+01,-6.1386253871859042e-01,-9.8654741543104159e+00,-2.8099590973283590e+01,-4.8740013427153744e-01
9.2425655921419137e+04,1,1.5000000000000000e+02,1.2497744345908963e+00,-3.5195117723411457e+01,-6.1462018185074807e-01,9.8662245696103739e+00,2.8098970246538755e+01,4.8738907249380087e-01

9.2488487848688572e+04,0,1.5000000000000000e+02,1.2241107408800247e+00,-3.5216494460639190e+01,-6.1498543938647399e-01,2.6386090732962231e+01,-3.3837181350260870e+01,-5.9857831292840757e-01
9.2488487848688572e+04,1,1.5000000000000000e+02,1.2374321424891128e+00,-3.5176530476258655e+01,-6.1429202982557729e-01,-2.6386620947114764e+01,3.3835937310582572e+01,5.9855676296194227e-01

9.2551319995924656e+04,0,1.5000000000000000e+02,1.1998401114927688e+00,-3.5216923932346091e+01,-6.1498554110487569e-01,2.5604453802157252e+00,-2.3256720518604915e+01,-4.0666573472664114e-01
9.2551319995924656e+04,1,1.5000000000000000e+02,1.2654950568348327e+00,-3.5225345718812193e+01,-6.1515252220177252e-01,-2.5601811259668779e+00,2.3256657128373000e+01,4.0666454791287088e-01

9.2614151730288970e+04,0,1.5000000000000000e+02,1.2384896985670690e+00,-3.5225171320966133e+01,-6.1514125185713864e-01,-4.1810590475309951e+01,-1.2023110908814502e+01,-1.9709533663626208e-01
9.2614151730288970e+04,1,1.5000000000000000e+02,1.2259832868844438e+00,-3.5264767335678698e+01,-6.1582848773458088e-01,4.1810768926426931e+01,1.2021628537295527e+01,1.9706941132262237e-01

9.2676983365534412e+04,0,1.5000000000000000e+02,1.2351594249267686e+00,-3.5257646686565174e+01,-6.1570701067254607e-01,-6.8453571107807477e+01,2.4633978832026152e+01,4.5077542074815813e-01
9.2676983365534412e+04,1,1.5000000000000000e+02,1.2332477078900486e+00,-3.5278941452329946e+01,-6.1607807320768326e-01,6.8453095267524077e+01,-2.4634201447191565e+01,-4.5077916096338233e-01

9.2739815140085193e+04,0,1.5000000000000000e+02,1.2559370731777799e+00,-3.5281928158084916e+01,-6.1613711038554109e-01,3.3839336537750846e+00,3.6701841093265649e+01,6.3950459010951266e-01
9.2739815140085193e+04,1,1.5000000000000000e+02,1.2128320345244086e+00,-3.5304652482589873e+01,-6.1652057331968824e-01,-3.3831964478964771e+00,-3.6702798420446307e+01,-6.3952152235119919e-01

9.2802647113496321e+04,0,1.5000000000000000e+02,1.2354491214416314e+00,-3.5348265449432766e+01,-6.1728861449503325e-01,2.3331622681620214e+01,-7.4603781436016909e+00,-1.3730913146333729e-01
9.2802647113496321e+04,1,1.5000000000000000e+02,1.2349769055605868e+00,-3.5283601683740905e+01,-6.1615993232211963e-01,-2.3332302816597394e+01,7.4594081613353147e+00,1.3729241012876409e-01

9.2865478858634349e+04,0,1.5000000000000000e+02,1.2150852155608427e+00,-3.5315417191535438e+01,-6.1670912987588378e-01,-1.9777993419062863e+01,-1.1472356313081239e+01,-1.9419519758447101e-01
9.2865478858634349e+04,1,1.5000000000000000e+02,1.2583841820038575e+00,-3.5366404842768794e+01,-6.1761217737817498e-01,1.9778505821249713e+01,1.1472149509166936e+01,1.9419143226244773e-01

9.2928311178299671e+04,0,1.5000000000000000e+02,1.2688197829271197e+00,-3.5360803099898426e+01,-6.1751759256044314e-01,-9.4107925240475581e+00,2.2218339445408301e+01,3.9063032733885850e-01
9.2928311178299671e+04,1,1.5000000000000000e+02,1.2040329762909598e+00,-3.5367777964833124e+01,-6.1761958454512733e-01,9.4107103545350554e+00,-2.2219829383640405e+01,-3.9065630531642248e-01

9.2991142630529837e+04,0,1.5000000000000000e+02,1.2073283923719160e+00,-3.5401240620167002e+01,-6.1820459234266378e-01,7.9291380225360228e+00,-2.0769598179010138e+01,-3.6489494522918675e-01
9.2991142630529837e+04,1,1.5000000000000000e+02,1.2697041924492618e+00,-3.5374807042630522e+01,-6.1776226452504135e-01,-7.9294185978176372e+00,2.0769506860731418e+01,3.6489343697655485e-01

9.3053974832137974e+04,0,1.5000000000000000e+02,1.2538145638259925e+00,-3.5382745772448075e+01,-6.1789597399962315e-01,-2.0864399652986720e+01,8.1856478062627129e+00,1.4921523507679291e-01
9.3053974832137974e+04,1,1.5000000000000000e+02,1.2230043771220369e+00,-3.5442792666987366e+01,-6.1893455101161521e-01,2.0865052647422942e+01,-8.1867973439791957e+00,-1.4923549620108867e-01

9.3116806745927082e+04,0,1.5000000000000000e+02,1.2375078898203593e+00,-3.5469072989564346e+01,-6.1939762416421240e-01,2.2138324290806313e+01,-4.0855967819071850e+00,-7.8047557560980030e-02
9.3116806745927082e+04,1,1.5000000000000000e+02,1.2416347145611875e+00,-3.5401851864892322e+01,-6.1822571094207546e-01,-2.2139034031459961e+01,4.0848080666497424e+00,7.8034008791116438e-02

9.3179638191664199e+04,0,1.5000000000000000e+02,1.2463248616186429e+00,-3.5437775307119573e+01,-6.1885409025873805e-01,-2.6241824786036471e+01,2.8103879738734310e+01,4.9847445484192843e-01
9.3179638191664199e+04,1,1.5000000000000000e+02,1.2353283674748112e+00,-3.5483345687477261e+01,-6.1964605316416577e-01,2.6242443807862212e+01,-2.8104202408544925e+01,-4.9848027478208579e-01

9.3242470026603245e+04,0,1.5000000000000000e+02,1.2328247379397368e+00,-3.5477650193555583e+01,-6.1954589043430897e-01,-3.9448284810210254e+01,-6.5466328427298251e+01,-1.1305277259444249e+00
9.3242470026603245e+04,1,1.5000000000000000e+02,1.2484774629400224e+00,-3.5489810606660534e+01,-6.1976288724128115e-01,3.9448074802805934e+01,6.5464870309279249e+01,1.1305023422500953e+00

9.3305302187292808e+04,0,1.5000000000000000e+02,1.2371443079110267e+00,-3.5528205923379950e+01,-6.2042952549396735e-01,4.0280235568122016e+01,1.3374469674823320e+01,2.2114599550900793e-01
9.3305302187292808e+04,1,1.5000000000000000e+02,1.2483455846926599e+00,-3.5487128344514247e+01,-6.1971603516973583e-01,-4.0280416699742140e+01,-1.3374523884731172e+01,-2.2114688642457769e-01

9.3368134072949702e+04,0,1.5000000000000000e+02,1.2584259540297138e+00,-3.5503022521335851e+01,-6.1999649764088838e-01,-2.2047749748774045e+01,6.7589832843543629e+00,1.2467699337196619e-01
9.3368134072949702e+04,1,1.5000000000000000e+02,1.2266694746305931e+00,-3.5561542121737716e+01,-6.2100813142295541e-01,2.2048356982139815e+01,-6.7601982070744651e+00,-1.2469838168102604e-01

9.3430965532466580e+04,0,1.5000000000000000e+02,1.2256544397633182e+00,-3.5562758115039905e+01,-6.2102904424518046e-01,-8.0459109324841549e+00,-4.4855960978106822e+01,-7.8039341277945440e-01
9.3430965532466580e+04,1,1.5000000000000000e+02,1.2619768768247195e+00,-3.5547276782147350e+01,-6.2076992274084630e-01,8.0452012008250833e+00,4.4855225762049216e+01,7.8038079769669311e-01

9.3493797493145015e+04,0,1.5000000000000000e+02,1.2211829198742030e+00,-3.5576839578374916e+01,-6.2127343752251618e-01,1.5979309377518739e+01,-3.3792958193635663e+01,-5.9463626441297979e-01
9.3493797493145015e+04,1,1.5000000000000000e+02,1.2688219601568709e+00,-3.5583417680695831e+01,-6.2140275365692821e-01,-1.5978674015055010e+01,3.3792612401030603e+01,5.9463003594671437e-01

9.3556629797406233e+04,0,1.5000000000000000e+02,1.2775707284027731e+00,-3.5611284149369965e+01,-6.2189175578588318e-01,2.9157610347924638e+00,2.2279958698728130e+01,3.8795065779680826e-01
9.3556629797406233e+04,1,1.5000000000000000e+02,1.2121261769365725e+00,-3.5595284518016101e+01,-6.2159258715299315e-01,-2.9159724564995706e+00,-2.2281416994098713e+01,-3.8797604415526610e-01

9.3619461257683026e+04,0,1.5000000000000000e+02,1.2569285622275197e+00,-3.5629039210040197e+01,-6.2219533606900579e-01,3.3976187021354320e-01,7.5189698394675787e+01,1.3121376733987897e+00
9.3619461257683026e+04,1,1.5000000000000000e+02,1.2369393655955885e+00,-3.5625362291251434e+01,-6.2212507562087793e-01,-3.3996675486617534e-01,-7.5189760741949755e+01,-1.3121386990950936e+00

9.3682293065593331e+04,0,1.5000000000000000e+02,1.2665442068131545e+00,-3.5624414729165700e+01,-6.2211755702291016e-01,-1.7577739656159892e+01,1.3655370889710566e+01,2.4367384063760128e-01
9.3682293065593331e+04,1,1.5000000000000000e+02,1.2270180846567884e+00,-3.5679310820453715e+01,-6.2306358496237180e-01,1.7578376775320933e+01,-1.3656544577427917e+01,-2.4369451840119938e-01

9.3745124894789056e+04,0,1.5000000000000000e+02,1.2564150685495572e+00,-3.5667108063175448e+01,-6.2285957280550741e-01,-6.0477173539043946e+01,3.5483227917161003e+01,6.3769105215423549e-01
9.3745124894789056e+04,1,1.5000000000000000e+02,1.2394714013040420e+00,-3.5682039671862626e+01,-6.2311500371048845e-01,6.0476465532380672e+01,-3.5484039698759176e+01,-6.3770500401561725e-01

9.3807956921187084e+04,0,1.5000000000000000e+02,1.2288662458090700e+00,-3.5672844789923708e+01,-6.2295130025416434e-01,-1.9257339871685332e+01,-1.1595703061511095e+01,-1.9650650336733172e-01
9.3807956921187084e+04,1,1.5000000000000000e+02,1.2696748951088437e+00,-3.5726406089607892e+01,-6.2389850548270342e-01,1.9257910805762023e+01,1.1595438511246854e+01,1.9650171240204811e-01

9.3870788775079884e+04,0,1.5000000000000000e+02,1.2592568864511493e+00,-3.5706581972612035e+01,-6.2354935330980932e-01,-4.6482005260131942e+01,-8.4310756697095002e-01,-5.5430771945186308e-04
9.3870788775079884e+04,1,1.5000000000000000e+02,1.2387791676200295e+00,-3.5739319524584857e+01,-6.2411446418555949e-01,4.6481918915255619e+01,8.4161851767571960e-01,5.2834652786393210e-04

9.3933620407959592e+04,0,1.5000000000000000e+02,1.2298119046809062e+00,-3.5738190814050448e+01,-6.2409203380024647e-01,-3.2375642324979246e+01,-2.2531864073472985e+01,-3.8337256361558436e-01
9.3933620407959592e+04,1,1.5000000000000000e+02,1.2723330977805973e+00,-3.5755067943837396e+01,-6.2439953368323076e-01,3.2375295482456714e+01,2.2531737878442502e+01,3.8337046686651766e-01

9.3996452342404737e+04,0,1.5000000000000000e+02,1.2596453878037293e+00,-3.5738944484484719e+01,-6.2411427547906551e-01,-2.2270445979035838e+01,3.2217577515971598e+00,6.3011736326418988e-02
9.3996452342404737e+04,1,1.5000000000000000e+02,1.2425986260751574e+00,-3.5804035490774247e+01,-6.2524507717152089e-01,2.2271165308582557e+01,-3.2227698527340536e+00,-6.3029619060119058e-02

9.4059284136918548e+04,0,1.5000000000000000e+02,1.2734039273060038e+00,-3.5800058512038873e+01,-6.2518505368645694e-01,-1.2705404737127035e+01,3.8565644969837294e+01,6.7693379473847948e-01
9.4059284136918548e+04,1,1.5000000000000000e+02,1.2305141707140159e+00,-3.5788276739446268e+01,-6.2496636777158754e-01,1.2704739611630989e+01,-3.8566659202486150e+01,-6.7695129292139389e-01

9.4122115962699172e+04,0,1.5000000000000000e+02,1.2593906764388914e+00,-3.5803578774322254e+01,-6.2524222189117484e-01,-3.3124524219440183e+01,4.1544599241064475e+01,7.3514405107790992e-01
9.4122115962699172e+04,1,1.5000000000000000e+02,1.2478010347578914e+00,-3.5834454806891024e+01,-6.2577755237444554e-01,3.3124912306079160e+01,-4.1544718514977987e+01,-7.3514625092040853e-01

9.4184947972655660e+04,0,1.5000000000000000e+02,1.2858031015347944e+00,-3.5844156454027221e+01,-6.2595844619961583e-01,7.6598604414605340e+00,2.2752047634542784e+01,3.9474453700076551e-01
9.4184947972655660e+04,1,1.5000000000000000e+02,1.2206381108964306e+00,-3.5841315500731504e+01,-6.2588901332775049e-01,-7.6596871450909170e+00,-2.2753530547076586e+01,-3.9477047018662625e-01

9.4247780062941834e+04,0,1.5000000000000000e+02,1.2476698988619581e+00,-3.5895787726309663e+01,-6.2684791957918518e-01,2.6405422993866324e+01,4.6446241645446911e+00,7.3015907983957878e-02
9.4247780062941834e+04,1,1.5000000000000000e+02,1.2625297869142229e+00,-3.5836201446886406e+01,-6.2581252242363328e-01,-2.6405982491346215e+01,-4.6449392799234239e+00,-7.3021237066245831e-02

9.4310611668931582e+04,0,1.5000000000000000e+02,1.2369510076183343e+00,-3.5873787127142386e+01,-6.2646069091698264e-01,-6.3965082152440011e+00,-3.4413795199781092e+01,-5.9865495389937662e-01
9.4310611668931582e+04,1,1.5000000000000000e+02,1.2742345319142225e+00,-3.5908374975096095e+01,-6.2707568988540241e-01,6.3972693932882088e+00,3.4413090586705707e+01,5.9864242482379515e-01

9.4373443358882432e+04,0,1.5000000000000000e+02,1.2706647209440911e+00,-3.5904559198301421e+01,-6.2700800797908884e-01,-4.5622582595507112e+01,2.2121781140072180e+01,3.9997645529322418e-01
9.4373443358882432e+04,1,1.5000000000000000e+02,1.2411468454237244e+00,-3.5923215126798176e+01,-6.2732460670950130e-01,4.5622102117567835e+01,-2.2123076355734817e+01,-3.9999891355607459e-01

9.4436275167996777e+04,0,1.5000000000000000e+02,1.2675630469606602e+00,-3.5937273247846001e+01,-6.2757800206439895e-01,-4.5823389739932878e+00,7.7150093550903165e+01,1.3478507203040069e+00
9.4436275167996777e+04,1,1.5000000000000000e+02,1.2481891368996552e+00,-3.5939247375797521e+01,-6.2760655341729166e-01,4.5823782887007241e+00,-7.7150119021926088e+01,-1.3478511768133306e+00

9.4499107334572764e+04,0,1.5000000000000000e+02,1.2819775376005798e+00,-3.5964385456656650e+01,-6.2805556654651817e-01,2.2086038188237055e+01,2.9199233880812233e+01,5.0286876331528174e-01
9.4499107334572764e+04,1,1.5000000000000000e+02,1.2331678151259005e+00,-3.5960810583277897e+01,-6.2797830735589444e-01,-2.2085518859899118e+01,-2.9200542505829556e+01,-5.0289176017763282e-01

9.4561939145090757e+04,0,1.5000000000000000e+02,1.2416337865016813e+00,-3.6007460536039879e+01,-6.2879504037364597e-01,1.1709193681067347e+01,-2.8522353632899637e+01,-5.0135071372623208e-01
9.4561939145090757e+04,1,1.5000000000000000e+02,1.2762732334369242e+00,-3.5963375872214044e+01,-6.2803620921833625e-01,-1.1709901024206097e+01,2.8521653017234172e+01,5.0133870177473461e-01

9.4624771025806738e+04,0,1.5000000000000000e+02,1.2521569018685510e+00,-3.5981009352414098e+01,-6.2833660932193047e-01,-2.6680743107411153e+01,4.3161788079426096e+00,8.3455539033279180e-02
9.4624771025806738e+04,1,1.5000000000000000e+02,1.2681448351139450e+00,-3.6039972377749656e+01,-6.2937052645519342e-01,2.6681342086705044e+01,-4.3164763400039767e+00,-8.3460914154840027e-02

9.4687602583906046e+04,0,1.5000000000000000e+02,1.2807543872683678e+00,-3.6052132646020979e+01,-6.2958659375889792e-01,2.9634955405744847e+01,1.0044135100403260e+01,1.6626654554415043e-01
9.4687602583906046e+04,1,1.5000000000000000e+02,1.2391014645372123e+00,-3.6015496004196791e+01,-6.2893450734461742e-01,-2.9635016493533548e+01,-1.0045627354057892e+01,-1.6629257035444145e-01

9.4750434558830268e+04,0,1.5000000000000000e+02,1.2328062637628290e+00,-3.6062552538995774e+01,-6.2975383946836538e-01,-8.1858566125658569e+00,-2.7264857634426431e+01,-4.7334369553850036e-01
9.4750434558830268e+04,1,1.5000000000000000e+02,1.2910647447929056e+00,-3.6052254460793662e+01,-6.2959186067231376e-01,8.1854329211686334e+00,2.7264679136552953e+01,4.7334070938884204e-01

9.4813266376935528e+04,0,1.5000000000000000e+02,1.2803605549682260e+00,-3.6060831296148912e+01,-6.2973828632561180e-01,-1.0735337367284391e+01,2.8637943197753756e+01,5.0307136111301776e-01
9.4813266376935528e+04,1,1.5000000000000000e+02,1.2439851778156987e+00,-3.6103895780325907e+01,-6.3047878406958957e-01,1.0736094517127380e+01,-2.8638798299473976e+01,-5.0308651535130311e-01

9.4876098442735034e+04,0,1.5000000000000000e+02,1.2673832786570081e+00,-3.6134002038748832e+01,-6.3101133864984549e-01,2.7489655974202325e+01,-9.0026570827445767e+00,-1.6549228410876127e-01
9.4876098442735034e+04,1,1.5000000000000000e+02,1.2580027402554386e+00,-3.6076218012931925e+01,-6.3000001072524259e-01,-2.7490209261886708e+01,9.0014422194428363e+00,1.6547125036736265e-01

9.4938930001060231e+04,0,1.5000000000000000e+02,1.2579603235622252e+00,-3.6110905984945795e+01,-6.3060538648699616e-01,-4.4022174896286529e+01,1.0765242474379292e+01,2.0128998997526004e-01
9.4938930001060231e+04,1,1.5000000000000000e+02,1.2712112095667831e+00,-3.6148308058286574e+01,-6.3126217932829276e-01,4.4022280855683945e+01,-1.0765271541573341e+01,-2.0129052954961280e-01

9.5001761890415873e+04,0,1.5000000000000000e+02,1.2709440945811485e+00,-3.6165794718084825e+01,-6.3156728235060555e-01,6.1237871601773605e+01,3.2117352438376798e+00,3.7397438207860567e-02
9.5001761890415873e+04,1,1.5000000000000000e+02,1.2576029729922209e+00,-3.6141940035421655e+01,-6.3114689658880752e-01,-6.1237371555443204e+01,-3.2130603024137088e+00,-3.7420716002409149e-02

9.5064593707099644e+04,0,1.5000000000000000e+02,1.2757960884829040e+00,-3.6171040908374088e+01,-6.3166031916827758e-01,-5.1830936387566311e+01,4.5170544504006834e+01,8.0412411016997365e-01
9.5064593707099644e+04,1,1.5000000000000000e+02,1.2555100209195686e+00,-3.6182369847153588e+01,-6.3185185660866328e-01,5.1830228300730298e+01,-4.5171261623297987e+01,-8.0413640992375379e-01

9.5127425741352010e+04,0,1.5000000000000000e+02,1.2522801242527306e+00,-3.6210610389438649e+01,-6.3234373819139067e-01,4.5828042167998930e+01,-2.3622117022395166e+01,-4.2622351665414765e-01
9.5127425741352010e+04,1,1.5000000000000000e+02,1.2815284338526927e+00,-3.6192874365584913e+01,-6.3204311189204498e-01,-4.5827481939819023e+01,2.3621863371709615e+01,4.2621891917232707e-01

9.5190257641323798e+04,0,1.5000000000000000e+02,1.2861414890578247e+00,-3.6207950527418120e+01,-6.3230763258030953e-01,-3.2543432649070269e+01,9.7842312317953386e+00,1.8067218047687286e-01
9.5190257641323798e+04,1,1.5000000000000000e+02,1.2471370001512379e+00,-3.6242432691806592e+01,-6.3289754727724024e-01,3.2543472165652986e+01,-9.7857284769898563e+00,-1.8069832304966257e-01

9.5253089708632760e+04,0,1.5000000000000000e+02,1.2603021640271124e+00,-3.6277610367304675e+01,-6.3351549300235865e-01,2.7195676156507758e+01,4.4891588156979196e+00,7.0061926408071573e-02
9.5253089708632760e+04,1,1.5000000000000000e+02,1.2768218449431985e+00,-3.6219587199137024e+01,-6.3250788152726611e-01,-2.7196203849931543e+01,-4.4894354412795039e+00,-7.0066593440195946e-02

9.5315921294009255e+04,0,1.5000000000000000e+02,1.2691788951388689e+00,-3.6240259678581616e+01,-6.3286633783331780e-01,-2.2504879093245719e+01,3.5991989932974207e+00,6.9670410327268617e-02
9.5315921294009255e+04,1,1.5000000000000000e+02,1.2689256334440864e+00,-3.6307040124872152e+01,-6.3403174017198327e-01,2.2505636451127955e+01,-3.5998689927698777e+00,-6.9682334149217207e-02

9.5378753436126121e+04,0,1.5000000000000000e+02,1.2878735412717239e+00,-3.6321938931450795e+01,-6.3429753244242049e-01,2.4723872084214133e+01,6.6678565210319505e+00,1.0883843710914942e-01
9.5378753436126121e+04,1,1.5000000000000000e+02,1.2506680988650527e+00,-3.6271151672247768e+01,-6.3339983855119097e-01,-2.4724259379475395e+01,-6.6692264020285279e+00,-1.0886222684902647e-01

9.5441584902495480e+04,0,1.5000000000000000e+02,1.2755591631435583e+00,-3.6310189172728911e+01,-6.3408871960065272e-01,-5.3217025816721794e+01,4.5495831818030865e+01,8.1022340503304768e-01
9.5441584902495480e+04,1,1.5000000000000000e+02,1.2670038504592478e+00,-3.6331123592390497e+01,-6.3445146937130459e-01,5.3216864148201473e+01,-4.5495881628054349e+01,-8.1022422509103031e-01

9.5504416820987841e+04,0,1.5000000000000000e+02,1.2592289156911625e+00,-3.6328717593796576e+01,-6.3440711048800591e-01,-1.5610561384530289e+01,-4.1124536781091670e+01,-7.1296663967744445e-01
9.5504416820987841e+04,1,1.5000000000000000e+02,1.2831840899338838e+00,-3.6361927579488523e+01,-6.3499400219025492e-01,1.5611251395490111e+01,4.1123456117645084e+01,7.1294756929706093e-01

9.5567248834035447e+04,0,1.5000000000000000e+02,1.2949128732929187e+00,-3.6387856927386828e+01,-6.3545010476528774e-01,7.5200775735855991e+00,2.6381687560168743e+01,4.5813307064918207e-01
9.5567248834035447e+04,1,1.5000000000000000e+02,1.2492098654205812e+00,-3.6348243137296890e+01,-6.3474482616025640e-01,-7.5207224783521482e+00,-2.6382750205793911e+01,-4.5815141991590158e-01

9.5630080920451321e+04,0,1.5000000000000000e+02,1.2408784296543960e+00,-3.6385890336135965e+01,-6.3539932242801334e-01,-2.7857354387872704e+00,-2.2259924670758011e+01,-3.8764062587163856e-01
9.5630080920451321e+04,1,1.5000000000000000e+02,1.3067160030047871e+00,-3.6399570706924713e+01,-6.3565813411031913e-01,2.7859587888958615e+00,2.2259872919013489e+01,3.8763965463678801e-01

9.5692912361264738e+04,0,1.5000000000000000e+02,1.2943458768822287e+00,-3.6424232856228066e+01,-6.3608477969642052e-01,3.2548457498763497e+01,2.4493632528689297e+01,4.1755749882144599e-01
9.5692912361264738e+04,1,1.5000000000000000e+02,1.2526034450889552e+00,-3.6409453506311912e+01,-6.3581412835665385e-01,-3.2548005901820090e+01,-2.4494994784356514e+01,-4.1758141103499891e-01

9.5755744321842678e+04,0,1.5000000000000000e+02,1.2852734472773659e+00,-3.6434304987286659e+01,-6.3625779894230261e-01,-5.0583289896900673e+01,4.5961821431039219e+01,8.1755372253599468e-01
9.5755744321842678e+04,1,1.5000000000000000e+02,1.2645039104081541e+00,-3.6445149210130459e+01,-6.3644072964251175e-01,5.0582582196427872e+01,-4.5962535505019623e+01,-8.1756596925903369e-01

9.5818576420946119e+04,0,1.5000000000000000e+02,1.2503758252713839e+00,-3.6464320168532815e+01,-6.3677100520193808e-01,1.7701378570432500e+01,-2.9422053241690168e+01,-5.1887805365075235e-01
9.5818576420946119e+04,1,1.5000000000000000e+02,1.3019647426526648e+00,-3.6465132133006861e+01,-6.3680089161764364e-01,-1.7700857964238214e+01,2.9421837960368276e+01,5.1887413787733017e-01

9.5881407861601852e+04,0,1.5000000000000000e+02,1.3083382581782625e+00,-3.6490561324967537e+01,-6.3724663387096681e-01,8.1602056692648510e+00,2.2596444061560042e+01,3.9187645857839237e-01
9.5881407861601852e+04,1,1.5000000000000000e+02,1.2434286341993590e+00,-3.6486060643139623e+01,-6.3714831253525195e-01,-8.1600531094495530e+00,-2.2597930351667209e+01,-3.9190244439458333e-01

9.5944239941823689e+04,0,1.5000000000000000e+02,1.2544132454436048e+00,-3.6517627772105691e+01,-6.3770258125330026e-01,-1.1738835857688102e+01,-3.5398447765345054e+01,-6.1421206188407285e-01
9.5944239941823689e+04,1,1.5000000000000000e+02,1.3009252253285446e+00,-3.6505440484094514e+01,-6.3750405282908507e-01,1.1738211207324760e+01,3.5398029544026329e+01,6.1420495320223434e-01

9.6007071778821119e+04,0,1.5000000000000000e+02,1.2652577831046288e+00,-3.6543285346314271e+01,-6.3815367134603562e-01,4.7454507135720000e+01,-3.2892390209953753e+01,-5.8850756683072181e-01
9.6007071778821119e+04,1,1.5000000000000000e+02,1.2917019293958478e+00,-3.6529939010184385e+01,-6.3792880142055974e-01,-4.7453813099553734e+01,3.2891939606503591e+01,5.8849949128748569e-01

9.6069903818832521e+04,0,1.5000000000000000e+02,1.3069321522379944e+00,-3.6551893779037215e+01,-6.3831660467500051e-01,-1.8974947298169543e+01,2.1091899948625834e+01,3.7388480365980070e-01
9.6069903818832521e+04,1,1.5000000000000000e+02,1.2498805180178334e+00,-3.6567704279157269e+01,-6.3857515614403215e-01,1.8974822919991720e+01,-2.1093381351397792e+01,-3.7391061981596840e-01

9.6132735376353317e+04,0,1.5000000000000000e+02,1.2512936529196379e+00,-3.6593871664043306e+01,-6.3903227054516210e-01,-1.4703779249473854e+00,-2.6381492512367064e+01,-4.5997260416684188e-01
9.6132735376353317e+04,1,1.5000000000000000e+02,1.3094448810911723e+00,-3.6572947196418134e+01,-6.3868480300923958e-01,1.4699141462588940e+00,2.6381280132204498e+01,4.5996903890184865e-01

9.6195567078475360e+04,0,1.5000000000000000e+02,1.2834711603421078e+00,-3.6617785548921596e+01,-6.3945942778566833e-01,7.5362148661679186e+01,1.6482564803493453e+01,2.6470262985274906e-01
9.6195567078475360e+04,1,1.5000000000000000e+02,1.2781057670275624e+00,-3.6599018344129497e+01,-6.3913026042466126e-01,-7.5361390377238678e+01,-1.6483251874009007e+01,-2.6471485188737542e-01

9.6258399317505304e+04,0,1.5000000000000000e+02,1.2997827718793604e+00,-3.6621278833817520e+01,-6.3952536314152375e-01,-3.7246560599722677e+01,2.0055569768156037e+01,3.6136448276562982e-01
9.6258399317505304e+04,1,1.5000000000000000e+02,1.2622114860853366e+00,-3.6641404930760764e+01,-6.3986516651542225e-01,3.7246221428304970e+01,-2.0056969440938655e+01,-3.6138880710354693e-01

9.6321230950600366e+04,0,1.5000000000000000e+02,1.2523054534837572e+00,-3.6669131721280934e+01,-6.4034604810466089e-01,8.8292498574987306e+00,-2.0514643102459569e+01,-3.6071956929563670e-01
9.6321230950600366e+04,1,1.5000000000000000e+02,1.3136772017026930e+00,-3.6641468817307569e+01,-6.3988195971523565e-01,-8.8295349175868765e+00,2.0514548588095433e+01,3.6071800662900949e-01

9.6384062996459441e+04,0,1.5000000000000000e+02,1.3019738279614326e+00,-3.6658959236180650e+01,-6.4018364444543152e-01,-1.0104132901690626e+01,2.8536113161802845e+01,5.0110189629126745e-01
9.6384062996459441e+04,1,1.5000000000000000e+02,1.2642896276464728e+00,-3.6701297503736946e+01,-6.4091106925117147e-01,1.0104885187460361e+01,-2.8536997609470397e+01,-5.0111756120431661e-01

9.6446894526030257e+04,0,1.5000000000000000e+02,1.2981480046431306e+00,-3.6693634130805791e+01,-6.4078763938694916e-01,-4.6058105716670255e+01,2.2194520047447778e+01,4.0137859895865041e-01
9.6446894526030257e+04,1,1.5000000000000000e+02,1.2690771488394081e+00,-3.6712257242212907e+01,-6.4110380155707569e-01,4.6057620762105685e+01,-2.2195810093553231e+01,-4.0140096563627187e-01

9.6509726749704918e+04,0,1.5000000000000000e+02,1.2649954672207286e+00,-3.6746817873539449e+01,-6.4170572437872686e-01,2.8705615445403488e+01,-9.1255508786555275e+00,-1.6800749785551347e-01
9.6509726749704918e+04,1,1.5000000000000000e+02,1.3061165491189040e+00,-3.6707527264255972e+01,-6.4103253553105399e-01,-2.8705742501901817e+01,9.1255093579102251e+00,1.6800681192255509e-01

9.6572558326105267e+04,0,1.5000000000000000e+02,1.3053739974140490e+00,-3.6726836653117672e+01,-6.4136930467827946e-01,-1.3417485547615083e+01,2.0967815931553780e+01,3.7002625325346455e-01
9.6572558326105267e+04,1,1.5000000000000000e+02,1.2656695889390850e+00,-3.6776813006346060e+01,-6.4222941703766678e-01,1.3418197397547491e+01,-2.0968845638200101e+01,-3.7004444096685291e-01

9.6635390118700059e+04,0,1.5000000000000000e+02,1.2738733223541263e+00,-3.6782458461860870e+01,-6.4233044299509900e-01,4.3647857127272260e+00,-5.8074355530472062e+01,-1.0148669134578838e+00
9.6635390118700059e+04,1,1.5000000000000000e+02,1.2985693355779746e+00,-3.6766743637569277e+01,-6.4206370471274232e-01,-4.3653579850194291e+00,5.8073167061852743e+01,1.0148463461520569e+00

9.6698222225968231e+04,0,1.5000000000000000e+02,1.2848292145385452e+00,-3.6816017610214359e+01,-6.4291946846003234e-01,4.7650921500439566e+01,1.8120846305626053e+01,3.0173633607028594e-01
9.6698222225968231e+04,1,1.5000000000000000e+02,1.2913457220865727e+00,-3.6782001090414141e+01,-6.4232778347362485e-01,-4.7650930633575470e+01,-1.8120872521998074e+01,-3.0173679082812510e-01

9.6761053761915464e+04,0,1.5000000000000000e+02,1.3021766716350462e+00,-3.6793172938264590e+01,-6.4252605861072265e-01,-2.1192646689188251e+01,7.6236873350301906e+00,1.3950766739547549e-01
9.6761053761915464e+04,1,1.5000000000000000e+02,1.2737396944856876e+00,-3.6853863100930283e+01,-6.4357658515718730e-01,2.1193314205063828e+01,-7.6248101459592093e+00,-1.3952746649692982e-01

9.6823885759703408e+04,0,1.5000000000000000e+02,1.2918543232613287e+00,-3.6876760522606112e+01,-6.4398171862883646e-01,2.5492725496291612e+01,-8.2711773944922165e+00,-1.5211787257048603e-01
9.6823885759703408e+04,1,1.5000000000000000e+02,1.2857554089669323e+00,-3.6815826204990110e+01,-6.4291641022205159e-01,-2.5493343984159573e+01,8.2700625230332712e+00,1.5209860379062556e-01

9.6886717524245309e+04,0,1.5000000000000000e+02,1.2957730683928526e+00,-3.6859416805309216e+01,-6.4368022285787130e-01,-4.4139516198381003e+01,4.8111209603538171e+01,8.5310273302318151e-01
9.6886717524245309e+04,1,1.5000000000000000e+02,1.2854377202598708e+00,-3.6882192506515004e+01,-6.4407456516502082e-01,4.4139577488299892e+01,-4.8111235992411594e+01,-8.5310321224515473e-01

9.6949549469918216e+04,0,1.5000000000000000e+02,1.2813743908104300e+00,-3.6876330034947557e+01,-6.4397101315381600e-01,-2.2089473174983858e+01,-3.6861619458345913e+01,-6.3659478424669358e-01
9.6949549469918216e+04,1,1.5000000000000000e+02,1.2994965089464439e+00,-3.6914119939121335e+01,-6.4463605851402972e-01,2.2090111714193135e+01,3.6860449592657616e+01,6.3657417275361750e-01

9.7012381515850459e+04,0,1.5000000000000000e+02,1.3145106566675691e+00,-3.6937687030032237e+01,-6.4505193482071954e-01,7.4917543453073243e+00,2.6083040057582245e+01,4.5292958123747551e-01
9.7012381515850459e+04,1,1.5000000000000000e+02,1.2681972293412134e+00,-3.6898334600279220e+01,-6.4435103162865237e-01,-7.4923907802768746e+00,-2.6084119871419183e+01,-4.5294823271030271e-01

9.7075213266608058e+04,0,1.5000000000000000e+02,1.2607942162185408e+00,-3.6935135151761962e+01,-6.4499103466404228e-01,-9.0124917715724884e+00,-2.1174483851325625e+01,-3.6680019666530789e-01
9.7075213266608058e+04,1,1.5000000000000000e+02,1.3254498342754604e+00,-3.6949979926747048e+01,-6.4526980793918076e-01,9.0125760434732136e+00,2.1174456143873506e+01,3.6679968742984331e-01

9.7138045070911088e+04,0,1.5000000000000000e+02,1.3175357579821392e+00,-3.6961494192990692e+01,-6.4546834876310677e-01,1.1945262212418729e+01,3.3211532399666993e+01,5.7598224181904556e-01
9.7138045070911088e+04,1,1.5000000000000000e+02,1.2683621747128506e+00,-3.6972413550248312e+01,-6.4564393793250119e-01,-1.1944627175200250e+01,-3.3212707317402263e+01,-5.7600294041599442e-01

9.7200876778032238e+04,0,1.5000000000000000e+02,1.2949331205030226e+00,-3.6979535014186609e+01,-6.4577631905637600e-01,-7.4287815829287922e+01,-7.0418170174725958e+00,-1.0026613956639829e-01
9.7200876778032238e+04,1,1.5000000000000000e+02,1.2927977535529960e+00,-3.6999959437191954e+01,-6.4613212388481034e-01,7.4287183982227674e+01,7.0407292148315008e+00,1.0024734727212692e-01

9.7263708808927229e+04,0,1.5000000000000000e+02,1.2851041475100240e+00,-3.7031773478959423e+01,-6.4668501181268789e-01,4.3985279881735075e+01,1.7731734256950187e+00,1.7546779764068710e-02
9.7263708808927229e+04,1,1.5000000000000000e+02,1.3061784720370841e+00,-3.6996762784711038e+01,-6.4608041087980672e-01,-4.3985220096821529e+01,-1.7731996688514737e+00,-1.7547255985014165e-02

9.7326540718431585e+04,0,1.5000000000000000e+02,1.2969408416736692e+00,-3.7009447538426258e+01,-6.4629897634207101e-01,-2.6258524844484000e+01,-1.1752255036701996e+01,-1.9710592074248945e-01
9.7326540718431585e+04,1,1.5000000000000000e+02,1.2940553804136381e+00,-3.7067963972961373e+01,-6.4731934993420293e-01,2.6259181646171534e+01,1.1751114180224054e+01,1.9708580996584302e-01

9.7389372337594366e+04,0,1.5000000000000000e+02,1.3126926040280016e+00,-3.7090820963014032e+01,-6.4772393700099951e-01,1.9941735715082110e+01,1.0193417208401204e+01,1.7182475121139634e-01
9.7389372337594366e+04,1,1.5000000000000000e+02,1.2799871212635741e+00,-3.7032187801090714e+01,-6.4669068406241625e-01,-1.9942340679882342e+01,-1.0194555328821362e+01,-1.7184442986168275e-01

9.7452204517964172e+04,0,1.5000000000000000e+02,1.2648143070919311e+00,-3.7084422693080917e+01,-6.4759768656489336e-01,-3.7817487044491713e+00,-2.2360122714192549e+01,-3.8908590443332891e-01
9.7452204517964172e+04,1,1.5000000000000000e+02,1.3315035436941829e+00,-3.7087450065262608e+01,-6.4767083723044072e-01,3.7817348429829778e+00,2.2360096024829851e+01,3.8908544285990310e-01

9.7515036512077422e+04,0,1.5000000000000000e+02,1.3184736269750055e+00,-3.7085556519305776e+01,-6.4763382103246492e-01,-1.3496090957181885e+01,2.0354762253136116e+01,3.5935093708737181e-01
9.7515036512077422e+04,1,1.5000000000000000e+02,1.2776992167245036e+00,-3.7135392509216658e+01,-6.4849115775642907e-01,1.3496789216827814e+01,-2.0355823618251542e+01,-3.5936967317816676e-01

9.7577867964941266e+04,0,1.5000000000000000e+02,1.2922275150134070e+00,-3.7153855946561805e+01,-6.4881781504853542e-01,2.6171772064427021e+01,-3.2490619886292379e+01,-5.7501228647390512e-01
9.7577867964941266e+04,1,1.5000000000000000e+02,1.3053376615963099e+00,-3.7112725013047630e+01,-6.4810397506186168e-01,-2.6172316553845011e+01,3.2489395280246853e+01,5.7499108001825361e-01

9.7640699680966864e+04,0,1.5000000000000000e+02,1.3050845370571797e+00,-3.7147050500680770e+01,-6.4870296039539332e-01,-5.2006618515232908e+01,4.6197446631583077e+01,8.2209954204779767e-01
9.7640699680966864e+04,1,1.5000000000000000e+02,1.2962401031522053e+00,-3.7168076347719769e+01,-6.4906721771795228e-01,5.2006484868557955e+01,-4.6197490276702027e+01,-8.2210026304962969e-01

9.7703531679661857e+04,0,1.5000000000000000e+02,1.3050439179878568e+00,-3.7191792415326312e+01,-6.4948380218229207e-01,7.2228176867991039e+01,1.4203679919184886e+01,2.2588531553938129e-01
9.7703531679661857e+04,1,1.5000000000000000e+02,1.2963945032199073e+00,-3.7172698394411981e+01,-6.4914793067249810e-01,-7.2227435151421474e+01,-1.4204611666404425e+01,-2.2590180272437588e-01

9.7766363420100213e+04,0,1.5000000000000000e+02,1.3030073539812317e+00,-3.7193480191625859e+01,-6.4951263761752809e-01,-6.6654699154269593e+01,-1.3739226051814676e+01,-2.1947734257876794e-01
9.7766363420100213e+04,1,1.5000000000000000e+02,1.2994047702294642e+00,-3.7216757208965618e+01,-6.4991778011916201e-01,6.6654262758096678e+01,1.3737893887519142e+01,2.1945422604390696e-01

9.7829195404111393e+04,0,1.5000000000000000e+02,1.3133221582934476e+00,-3.7230228330735898e+01,-6.5015712339294029e-01,-6.7433091030395715e+00,7.4398691237557543e+01,1.3004904314664247e+00
9.7829195404111393e+04,1,1.5000000000000000e+02,1.2929406982408453e+00,-3.7228083069056638e+01,-6.5011347455084323e-01,6.7430160335433200e+00,-7.4398790672276803e+01,-1.3004920775657136e+00

9.7892027120344515e+04,0,1.5000000000000000e+02,1.2914336910132982e+00,-3.7258383788023416e+01,-6.5064183601608883e-01,4.4700545733834637e+01,-4.6367941753234852e+01,-8.2284942204282818e-01
9.7892027120344515e+04,1,1.5000000000000000e+02,1.3153654734572133e+00,-3.7249606547224069e+01,-6.5049594245067377e-01,-4.4699783785596999e+01,4.6367193566078988e+01,8.2283613225929542e-01

9.7954859039752031e+04,0,1.5000000000000000e+02,1.2955911228031998e+00,-3.7271462254503064e+01,-6.5087135330291335e-01,-3.9214023094468075e+01,-6.6352794049819721e+01,-1.1460700480542503e+00
9.7954859039752031e+04,1,1.5000000000000000e+02,1.3116756239702725e+00,-3.7282543558668898e+01,-6.5106964859533401e-01,3.9213758939742277e+01,6.6351358350062867e+01,1.1460450721062037e+00

9.8017690839655363e+04,0,1.5000000000000000e+02,1.3064246213769795e+00,-3.7290069345498964e+01,-6.5119939213881384e-01,-6.8418759317357967e+01,2.4314296183294381e+01,4.4518558448605505e-01
9.8017690839655363e+04,1,1.5000000000000000e+02,1.3046596899917660e+00,-3.7311392547202075e+01,-6.5157099566523657e-01,6.8418287150745925e+01,-2.4314517604367687e+01,-4.4518930498169929e-01

9.8080522677124885e+04,0,1.5000000000000000e+02,1.3206499793235420e+00,-3.7316925142343010e+01,-6.5167242401021386e-01,1.9027704954210378e-01,5.1800686462004137e+01,9.0398866904146169e-01
9.8080522677124885e+04,1,1.5000000000000000e+02,1.2915891520229674e+00,-3.7334457673114855e+01,-6.5196955597884543e-01,-1.8955603313654024e-01,-5.1801204984757092e+01,-9.0399793815901786e-01

9.8143354692349749e+04,0,1.5000000000000000e+02,1.3280964001928157e+00,-3.7365904302857572e+01,-6.5252949672237026e-01,2.8634270779005629e+01,1.2073158229464166e+01,2.0198272329801298e-01
9.8143354692349749e+04,1,1.5000000000000000e+02,1.2841054439566590e+00,-3.7331992190431713e+01,-6.5192424766052970e-01,-2.8634293234805124e+01,-1.2074653031745978e+01,-2.0200880435636087e-01

9.8206186514745190e+04,0,1.5000000000000000e+02,1.2866234921963005e+00,-3.7396560855911225e+01,-6.5305189339729053e-01,1.2915904855555208e+01,-2.0613622001683218e+01,-3.6369191885505636e-01
9.8206186514745190e+04,1,1.5000000000000000e+02,1.3291253384474249e+00,-3.7348087909650566e+01,-6.5221887129895018e-01,-1.2916536146150005e+01,2.0613189270564135e+01,3.6368455896559160e-01

9.8269018652839339e+04,0,1.5000000000000000e+02,1.2817572077643593e+00,-3.7380745066300456e+01,-6.5277438744015559e-01,-5.3283363558353702e+00,-2.4465732954782411e+01,-4.2536272865430724e-01
9.8269018652839339e+04,1,1.5000000000000000e+02,1.3359446661632890e+00,-3.7413854462901249e+01,-6.5336873336923240e-01,5.3289164138791616e+00,2.4465456173235026e+01,4.2535772144345907e-01

9.8331850235824168e+04,0,1.5000000000000000e+02,1.3249739029828855e+00,-3.7398686187312919e+01,-6.5310066846530634e-01,-3.1141452711074184e+01,3.5573801773595264e+00,7.1571555871482895e-02
9.8331850235824168e+04,1,1.5000000000000000e+02,1.2923361106280993e+00,-3.7443191140684078e+01,-6.5386744445439537e-01,3.1141722970451948e+01,-3.5588350783033462e+00,-7.1597029726021111e-02

9.8394682119446297e+04,0,1.5000000000000000e+02,1.3170674139748744e+00,-3.7436060796063209e+01,-6.5375053681270978e-01,-6.5052807021006615e+01,3.3859744754228537e+01,6.1075125272293795e-01
9.8394682119446297e+04,1,1.5000000000000000e+02,1.3031871808342546e+00,-3.7451918854508079e+01,-6.5402306971821156e-01,6.5052099322082810e+01,-3.3860479528042568e+01,-6.1076386070766731e-01

9.8457513931958965e+04,0,1.5000000000000000e+02,1.3017150163063766e+00,-3.7445834916067227e+01,-6.5391644194417287e-01,-3.5134284036180105e+01,5.6848899580311816e+00,1.0991806905907792e-01
9.8457513931958965e+04,1,1.5000000000000000e+02,1.3213608557635403e+00,-3.7491763313929837e+01,-6.5472398777965890e-01,3.5134598406025006e+01,-5.6849744125336166e+00,-1.0991963876279148e-01

9.8520346153519218e+04,0,1.5000000000000000e+02,1.3274121292539427e+00,-3.7464845402569310e+01,-6.5425604892995881e-01,-2.3416996445633671e+01,5.8143157322778229e+00,1.0860738892745031e-01
9.8520346153519218e+04,1,1.5000000000000000e+02,1.2952632096738219e+00,-3.7521003710606145e+01,-6.5522635292772369e-01,2.3417555317699666e+01,-5.8155842242286013e+00,-1.0862969741732914e-01

9.8583177641986826e+04,0,1.5000000000000000e+02,1.3349999329939477e+00,-3.7521476066666132e+01,-6.5524670185529954e-01,-1.2533106515995435e+01,3.6281144150862069e+01,6.3701127024419324e-01
9.8583177641986826e+04,1,1.5000000000000000e+02,1.2896755406686664e+00,-3.7510101548040183e+01,-6.5503438183198603e-01,1.2532473265992536e+01,-3.6282229451779948e+01,-6.3703001845034724e-01

9.8646009415493536e+04,0,1.5000000000000000e+02,1.3035292726326206e+00,-3.7523477939500651e+01,-6.5527205242264852e-01,-4.5303197329570814e+01,6.5740737731467647e-01,2.5274185311011332e-02
9.8646009415493536e+04,1,1.5000000000000000e+02,1.3246779193240019e+00,-3.7556934738037143e+01,-6.5586239664234647e-01,4.5303141027950083e+01,-6.5743800446974632e-01,-2.5274702679307093e-02

9.8708841290244818e+04,0,1.5000000000000000e+02,1.3193939858465658e+00,-3.7531829066969088e+01,-6.5542263267281997e-01,-2.2494120953401232e+01,1.6946048091278136e+00,3.6427381265719538e-02
9.8708841290244818e+04,1,1.5000000000000000e+02,1.3089220770409460e+00,-3.7597808310349563e+01,-6.5657093915650799e-01,2.2494864448527768e+01,-1.6955297510352914e+00,-3.6443750223100757e-02

9.8771673100821587e+04,0,1.5000000000000000e+02,1.3181181124635728e+00,-3.7575203390930767e+01,-6.5617923039905501e-01,-6.2559535198949334e+01,-9.8807020233365570e+00,-1.5338433467228396e-01
9.8771673100821587e+04,1,1.5000000000000000e+02,1.3110677624623537e+00,-3.7600318398984435e+01,-6.5661539995860274e-01,6.2559174572688477e+01,9.8793162005312247e+00,1.5336025858585944e-01

9.8834505144966824e+04,0,1.5000000000000000e+02,1.2888962763294496e+00,-3.7630240274530827e+01,-6.5713085460045195e-01,1.0375731417026472e+01,-2.0213832201502132e+01,-3.5594080436391734e-01
9.8834505144966824e+04,1,1.5000000000000000e+02,1.3440573977627024e+00,-3.7592958280550398e+01,-6.5649699798145966e-01,-1.0376174793002640e+01,2.0213636306229258e+01,3.5593752058464639e-01

9.8897336899591013e+04,0,1.5000000000000000e+02,1.3035699808207488e+00,-3.7642461587205737e+01,-6.5734861608338380e-01,4.5684108280916611e+01,-3.5541124855520813e+01,-6.3419503868134786e-01
9.8897336899591013e+04,1,1.5000000000000000e+02,1.3305471754026130e+00,-3.7630581530312661e+01,-6.5714949864316097e-01,-4.5683398262393276e+01,3.5540634924444937e+01,6.3418627190773835e-01

9.8960168818832637e+04,0,1.5000000000000000e+02,1.3504271987369700e+00,-3.7659488910914909e+01,-6.5766005818092299e-01,1.3519534762995136e+00,2.2489810090121495e+01,3.9208945679966312e-01
9.8960168818832637e+04,1,1.5000000000000000e+02,1.2836066173803533e+00,-3.7660268347437139e+01,-6.5765330547613687e-01,-1.3518750382425679e+00,-2.2491304448701534e+01,-3.9211556085005994e-01

9.9023000466863916e+04,0,1.5000000000000000e+02,1.3248220486805524e+00,-3.7675220744182710e+01,-6.5792681643133077e-01,-6.6098963464356586e+01,3.7032003684524547e+01,6.6643349857202239e-01
9.9023000466863916e+04,1,1.5000000000000000e+02,1.3124714201175691e+00,-3.7691012715927442e+01,-6.5819866193276444e-01,6.6098275037357325e+01,-3.7032597112289686e+01,-6.6644364559937452e-01

9.9085832687536691e+04,0,1.5000000000000000e+02,1.2908069524666681e+00,-3.7707302059293156e+01,-6.5847635054031450e-01,1.2594134745520904e+01,-2.6102952627050847e+01,-4.5939592621827291e-01
9.9085832687536691e+04,1,1.5000000000000000e+02,1.3489874394164869e+00,-3.7708652390973000e+01,-6.5851764076832286e-01,-1.2593740280168610e+01,2.6102827995193820e+01,4.5939363092283519e-01

9.9148664244603540e+04,0,1.5000000000000000e+02,1.3473797369307881e+00,-3.7726216341627307e+01,-6.5882368429517690e-01,8.7380436535359429e+00,2.8966221513869446e+01,5.0286837509787807e-01
9.9148664244603540e+04,1,1.5000000000000000e+02,1.2920447479418087e+00,-3.7737804163682789e+01,-6.5900906281696914e-01,-8.7375096026667229e+00,-2.8967514555674303e+01,-5.0289110448114849e-01

9.9211496130820131e+04,0,1.5000000000000000e+02,1.3210677846374139e+00,-3.7744746976337424e+01,-6.5913907306296238e-01,-7.4256475000331960e+01,-1.1042788782988019e+01,-1.7010227236427999e-01
9.9211496130820131e+04,1,1.5000000000000000e+02,1.3203708403587668e+00,-3.7765065827362562e+01,-6.5949347359716370e-01,7.4255851123392603e+01,1.1041686787349150e+01,1.7008322993892477e-01

9.9274328008734272e+04,0,1.5000000000000000e+02,1.3020807282926370e+00,-3.7798832445063020e+01,-6.6007721065744041e-01,2.8814404384966696e+01,-9.1439635869111431e+00,-1.6836198463087032e-01
9.9274328008734272e+04,1,1.5000000000000000e+02,1.3428940744805349e+00,-3.7759672819977631e+01,-6.5940621405283406e-01,-2.8814531602312758e+01,9.1439211640611777e+00,1.6836128300153341e-01

9.9337160199070553e+04,0,1.5000000000000000e+02,1.3161431709870550e+00,-3.7772447307711921e+01,-6.5962101050174804e-01,-2.1444150140760506e+01,-1.1563727201525978e+01,-1.9528227327560460e-01
9.9337160199070553e+04,1,1.5000000000000000e+02,1.3291842545659558e+00,-3.7835435771068006e+01,-6.6072428350805223e-01,2.1444910926758901e+01,1.1562927500078359e+01,1.9526808479708840e-01

9.9399991750753252e+04,0,1.5000000000000000e+02,1.3478234986325155e+00,-3.7845905516020387e+01,-6.6091268398770875e-01,2.1831251004298053e+01,1.3586777703923875e+01,2.3047144921572049e-01
9.9399991750753252e+04,1,1.5000000000000000e+02,1.2980241240353747e+00,-3.7808122035837364e+01,-6.6023810080694956e-01,-2.1831447638759279e+01,-1.3588239004499680e+01,-2.3049689252934913e-01

9.9462823498261292e+04,0,1.5000000000000000e+02,1.3013075896331474e+00,-3.7854655689064117e+01,-6.6105122539881800e-01,-1.4745028767047561e+01,-3.4638359577521605e+01,-6.0003090861455899e-01
9.9462823498261292e+04,1,1.5000000000000000e+02,1.3481272419479167e+00,-3.7846493620384948e+01,-6.6092304046555295e-01,1.4744431841980575e+01,3.4637987463281625e+01,6.0002459616498882e-01

9.9525655485247175e+04,0,1.5000000000000000e+02,1.3308544474525386e+00,-3.7855017886354503e+01,-6.6106654767373796e-01,-2.8696812451062424e+01,3.1423484763126222e+01,5.5715742097676801e-01
9.9525655485247175e+04,1,1.5000000000000000e+02,1.3204741628428656e+00,-3.7895967590460558e+01,-6.6177805637689635e-01,2.8697366178102261e+01,-3.1423733568524273e+01,-5.5716193191689589e-01

9.9588487202974662e+04,0,1.5000000000000000e+02,1.3332857794565853e+00,-3.7912184012928783e+01,-6.6206497492978822e-01,5.6826017808382993e+01,2.1523930069936767e+00,2.0253362712749023e-02
9.9588487202974662e+04,1,1.5000000000000000e+02,1.3177197698693288e+00,-3.7886357281053016e+01,-6.6160949438952277e-01,-5.6825615312226951e+01,-2.1537856797841926e+00,-2.0277790821588315e-02

9.9651319055520609e+04,0,1.5000000000000000e+02,1.3119801290499045e+00,-3.7930149755440645e+01,-6.6237203008500889e-01,-2.5387200995902859e+00,-5.2356251952958431e+01,-9.1296921076315130e-01
9.9651319055520609e+04,1,1.5000000000000000e+02,1.3414192638128077e+00,-3.7914331292014687e+01,-6.6210492796126486e-01,2.5380467838985297e+00,5.2355266955713716e+01,9.1295222530132314e-01

9.9714151242367589e+04,0,1.5000000000000000e+02,1.3030299538245063e+00,-3.7934112688246536e+01,-6.6243846640241844e-01,-2.4693269736564762e+01,-1.7347320945114486e+01,-2.9523011319638820e-01
9.9714151242367589e+04,1,1.5000000000000000e+02,1.3537204517421420e+00,-3.7959300398323009e+01,-6.6289349454941837e-01,2.4693230452298113e+01,1.7347291716461111e+01,2.9522961504940298e-01

9.9776982683406808e+04,0,1.5000000000000000e+02,1.3464430583032059e+00,-3.7949919950428971e+01,-6.6272756634675245e-01,-1.0986557109689759e+01,2.8727626944886953e+01,5.0471308812334281e-01
9.9776982683406808e+04,1,1.5000000000000000e+02,1.3105480652257295e+00,-3.7992705084649025e+01,-6.6346333510249456e-01,1.0987313252066468e+01,-2.8728477948841498e+01,-5.0472817053996666e-01

9.9839814863012856e+04,0,1.5000000000000000e+02,1.3610885730045685e+00,-3.8002491813928309e+01,-6.6364953350251299e-01,3.3223950212692408e+00,2.2416275063107324e+01,3.9020583228840716e-01
9.9839814863012856e+04,1,1.5000000000000000e+02,1.2965228885059286e+00,-3.7986265827383463e+01,-6.6334668215854653e-01,-3.3226050315358471e+00,-2.2417731805379770e+01,-3.9023119197435024e-01

9.9902646775849294e+04,0,1.5000000000000000e+02,1.3357285065444577e+00,-3.8042894227077589e+01,-6.6434692744948798e-01,2.5146240061661700e+01,2.3890642408257772e+01,4.0928882912792458e-01
9.9902646775849294e+04,1,1.5000000000000000e+02,1.3254234360304387e+00,-3.7992987724661532e+01,-6.6347279962206795e-01,-2.5146848892569039e+01,-2.3891034591243059e+01,-4.0929548819894940e-01

9.9965478307634447e+04,0,1.5000000000000000e+02,1.3299803246753241e+00,-3.8054271437126232e+01,-6.6454373618715579e-01,6.7508130157014989e+01,1.3818918825614965e+01,2.2060819005554289e-01
9.9965478307634447e+04,1,1.5000000000000000e+02,1.3331754490698431e+00,-3.8031386360459408e+01,-6.6414530986791998e-01,-6.7507621228660668e+01,-1.3819125873468629e+01,-2.2061195857936555e-01

1.0002831016364261e+05,0,1.5000000000000000e+02,1.3599858374966936e+00,-3.8061967968454965e+01,-6.6468719997736880e-01,8.9173022511423241e+00,2.7767230960806785e+01,4.8188849658464705e-01
1.0002831016364261e+05,1,1.5000000000000000e+02,1.3028748974663329e+00,-3.8071468031650696e+01,-6.6483560106986994e-01,-8.9168178065012498e+00,-2.7768566884088578e+01,-4.8191195924269570e-01

1.0009114202234976e+05,0,1.5000000000000000e+02,1.3563642541359919e+00,-3.8108283596567020e+01,-6.6549441602269399e-01,6.5379183328374353e+00,2.6312732763787725e+01,4.5722884152664628e-01
1.0009114202234976e+05,1,1.5000000000000000e+02,1.3085691449269605e+00,-3.8071045979512078e+01,-6.6482997003228361e-01,-6.5385378310937625e+00,-2.6313843651439779e+01,-4.5724804047414597e-01

1.0015397383118475e+05,0,1.5000000000000000e+02,1.3254876027397700e+00,-3.8099368049021741e+01,-6.6532941235238352e-01,-5.1716633559218479e+01,3.2218377766785267e-01,2.1377470524135966e-02
1.0015397383118475e+05,1,1.5000000000000000e+02,1.3429517669852737e+00,-3.8128498096524460e+01,-6.6584312193991790e-01,5.1716422924023163e+01,-3.2224957137599830e-01,-2.1378554620483992e-02

1.0021680609323797e+05,0,1.5000000000000000e+02,1.3157215966298468e+00,-3.8118021741713051e+01,-6.6565198925835367e-01,-9.8249753411988703e+00,-2.9064856128006948e+01,-5.0425867131532143e-01
1.0021680609323797e+05,1,1.5000000000000000e+02,1.3533963970173910e+00,-3.8159345579159464e+01,-6.6638466664874496e-01,9.8257266025467960e+00,2.9064217494661253e+01,5.0424729676365954e-01

1.0027963786749069e+05,0,1.5000000000000000e+02,1.3583176941518140e+00,-3.8176781297185705e+01,-6.6669046120000675e-01,2.6910125573611545e+01,1.4869806523506853e+01,2.5131619732485599e-01
1.0027963786749069e+05,1,1.5000000000000000e+02,1.3109821070758214e+00,-3.8147161223245085e+01,-6.6615909965361519e-01,-2.6910087835990389e+01,-1.4871302229958125e+01,-2.5134231250179284e-01

1.0034246971293686e+05,0,1.5000000000000000e+02,1.3525188378413848e+00,-3.8192832270370701e+01,-6.6696882291161397e-01,-6.1371325666636665e+00,4.8884524804928972e+01,8.5502216773980733e-01
1.0034246971293686e+05,1,1.5000000000000000e+02,1.3199112580452037e+00,-3.8177641802550475e+01,-6.6669377935155150e-01,6.1364309060026727e+00,-4.8885189237833700e+01,-8.5503354994810632e-01

1.0040530148010510e+05,0,1.5000000000000000e+02,1.3049572467334680e+00,-3.8203435800794971e+01,-6.6713939133755396e-01,-2.4598123391542188e+00,-2.2507283403042777e+01,-3.9205691789677244e-01
1.0040530148010510e+05,1,1.5000000000000000e+02,1.3702200875517987e+00,-3.8216473511488807e+01,-6.6738681197230731e-01,2.4600350657693681e+00,2.2507230306678203e+01,3.9205592338355966e-01

1.0046813313918549e+05,0,1.5000000000000000e+02,1.3604530995460791e+00,-3.8224437004724898e+01,-6.6752281887237463e-01,5.5517818640643171e+00,3.5166724271955005e+01,6.1205270950523172e-01
1.0046813313918549e+05,1,1.5000000000000000e+02,1.3146667060317441e+00,-3.8244132141604652e+01,-6.6785259836392541e-01,-5.5510785942101109e+00,-3.5167771905402418e+01,-6.1207120747319443e-01

1.0053096506400523e+05,0,1.5000000000000000e+02,1.3276494511300483e+00,-3.8260670591692332e+01,-6.6814518921966137e-01,1.6498423818569989e+00,-7.1284814779234324e+01,-1.2445941563692111e+00
1.0053096506400523e+05,1,1.5000000000000000e+02,1.3485410401496158e+00,-3.8253897868000330e+01,-6.6803335315856838e-01,-1.6501835989117097e+00,7.1283418320699383e+01,1.2445698887489911e+00

1.0059379693571282e+05,0,1.5000000000000000e+02,1.3515499922843333e+00,-3.8291922329896138e+01,-6.6869788828036547e-01,1.2120470961370620e+01,5.2919261630937086e+01,9.1987616788723869e-01
1.0059379693571282e+05,1,1.5000000000000000e+02,1.3281957295765399e+00,-3.8270083296307284e+01,-6.6830963011316691e-01,-1.2121032752351754e+01,-5.2919583044131485e+01,-9.1988160618506987e-01

1.0065662896790140e+05,0,1.5000000000000000e+02,1.3260155550630162e+00,-3.8315176532273966e+01,-6.6909595157099400e-01,4.5365092121318419e+01,-2.2177429227847632e+01,-4.0086920832481809e-01
1.0065662896790140e+05,1,1.5000000000000000e+02,1.3555803665732709e+00,-3.8296551155887947e+01,-6.6877990034672563e-01,-4.5364564326051884e+01,2.2177205317706161e+01,4.0086513976608895e-01

1.0071946051470416e+05,0,1.5000000000000000e+02,1.3430526262675706e+00,-3.8304862979766064e+01,-6.6892114544018100e-01,-3.1653273065046811e+01,-1.5945787387651061e+01,-2.6864973388496477e-01
1.0071946051470416e+05,1,1.5000000000000000e+02,1.3383212417152603e+00,-3.8354656677501723e+01,-6.6978872395548950e-01,3.1653783446183688e+01,1.5944473356470221e+01,2.6862664539590492e-01

1.0078229258084547e+05,0,1.5000000000000000e+02,1.3547120819560019e+00,-3.8344397921196567e+01,-6.6961467728273327e-01,-4.9124971991191209e+01,2.6068446988767935e+01,4.6992221485263519e-01
1.0078229258084547e+05,1,1.5000000000000000e+02,1.3285554227159631e+00,-3.8361061607539590e+01,-6.6989753053039858e-01,4.9124402813384769e+01,-2.6069637653146739e+01,-4.6994282142498800e-01

1.0084512424073227e+05,0,1.5000000000000000e+02,1.3537061251405493e+00,-3.8377459458714405e+01,-6.7019137434642506e-01,-1.1037366229105761e+01,7.3438255464636853e+01,1.2850366270942259e+00
1.0084512424073227e+05,1,1.5000000000000000e+02,1.3330894853188151e+00,-3.8376203604416240e+01,-6.7016317615991905e-01,1.1037016565232836e+01,-7.3438386416105459e+01,-1.2850388059972124e+00

1.0090795614543950e+05,0,1.5000000000000000e+02,1.3534111544998220e+00,-3.8380558124067356e+01,-6.7024536377580346e-01,-2.0991860019152433e+01,3.2589861117988349e+01,5.7516631314372169e-01
1.0090795614543950e+05,1,1.5000000000000000e+02,1.3345318119202689e+00,-3.8422730526524226e+01,-6.7097562241480491e-01,2.0992545074376281e+01,-3.2590296331006485e+01,-5.7517411735236346e-01

1.0097078840377141e+05,0,1.5000000000000000e+02,1.3720202089011251e+00,-3.8408191131800287e+01,-6.7073329530754200e-01,-1.5536631375560091e+01,1.7292719583994334e+01,3.0653253966916683e-01
1.0097078840377141e+05,1,1.5000000000000000e+02,1.3158498434684156e+00,-3.8442255846522386e+01,-6.7131069521234732e-01,1.5536935625832761e+01,-1.7294160710295635e+01,-3.0655778347965090e-01

1.0103362002732239e+05,0,1.5000000000000000e+02,1.3661874107804239e+00,-3.8454515952395944e+01,-6.7153999816425203e-01,-1.1844855549477721e+01,3.9195568560148899e+01,6.8766532566690985e-01
1.0103362002732239e+05,1,1.5000000000000000e+02,1.3241407016525231e+00,-3.8442055824971803e+01,-6.7130973014509465e-01,1.1844185566660943e+01,-3.9196562411468477e+01,-6.8768246666925514e-01

1.0109645184800154e+05,0,1.5000000000000000e+02,1.3238431113314231e+00,-3.8461412625170766e+01,-6.7164746235551698e-01,-2.9160253843027959e+01,-1.8406508223867419e+01,-3.1235468972300812e-01
1.0109645184800154e+05,1,1.5000000000000000e+02,1.3698047381510450e+00,-3.8483857771954590e+01,-6.7205318560353788e-01,2.9160087096768834e+01,1.8406455609010806e+01,3.1235382225973335e-01

1.0115928379585910e+05,0,1.5000000000000000e+02,1.3275641610460096e+00,-3.8477083394386511e+01,-6.7192208866381975e-01,-9.0764129437707446e+00,-2.8868770842833623e+01,-5.0106454795724564e-01
1.0115928379585910e+05,1,1.5000000000000000e+02,1.3668036084003874e+00,-3.8517593987435532e+01,-6.7264104962541382e-01,9.0771571052107269e+00,2.8868167242297442e+01,5.0105378697532121e-01

1.0122211551875430e+05,0,1.5000000000000000e+02,1.3699133318309136e+00,-3.8533583290473281e+01,-6.7292104889401394e-01,2.9426095109270296e+01,1.6425678066478522e+01,2.7770345273793484e-01
1.0122211551875430e+05,1,1.5000000000000000e+02,1.3245997325314383e+00,-3.8507888684959617e+01,-6.7245881218205439e-01,-2.9425940581218864e+01,-1.6427162366888989e+01,-2.7772940443049066e-01

1.0128494741674117e+05,0,1.5000000000000000e+02,1.3672292884943176e+00,-3.8549268647613786e+01,-6.7319397861090058e-01,-1.3331873569876899e+01,4.4193583952946824e+01,7.7534571628376514e-01
1.0128494741674117e+05,1,1.5000000000000000e+02,1.3300443443306806e+00,-3.8538537624385640e+01,-6.7299536867451915e-01,1.3331172903689902e+01,-4.4194446913278611e+01,-7.7536056357678151e-01

1.0134777944850872e+05,0,1.5000000000000000e+02,1.3203046287766953e+00,-3.8579914680801039e+01,-6.7371453098772471e-01,1.4917178484220333e+01,-1.9336112744043579e+01,-3.4200596187414323e-01
1.0134777944850872e+05,1,1.5000000000000000e+02,1.3800963626638043e+00,-3.8556835580170777e+01,-6.7332995967297160e-01,-1.4917234134853540e+01,1.9336081342520618e+01,3.4200543079035706e-01

1.0141061096739296e+05,0,1.5000000000000000e+02,1.3626363813674613e+00,-3.8567261075596846e+01,-6.7350659091684240e-01,-1.7841735658334823e+01,2.3910869595032651e+01,4.2273739411619554e-01
1.0141061096739296e+05,1,1.5000000000000000e+02,1.3382922095617960e+00,-3.8618726357432507e+01,-6.7439736789689919e-01,1.7842493641341736e+01,-2.3911562472429864e+01,-4.2274971740529527e-01

1.0147344288177216e+05,0,1.5000000000000000e+02,1.3612494801145143e+00,-3.8633348901083757e+01,-6.7465956015412087e-01,4.4598858546102839e+01,-8.8198547972202590e-01,-2.8979048891323411e-02
1.0147344288177216e+05,1,1.5000000000000000e+02,1.3399669719149960e+00,-3.8599290746345986e+01,-6.7405868004295721e-01,-4.4598772455312520e+01,8.8049243830823087e-01,2.8952965495329219e-02

1.0153627456505966e+05,0,1.5000000000000000e+02,1.3478479297515102e+00,-3.8630559310480713e+01,-6.7460679266863621e-01,-7.2665547864062773e+01,-2.3182659476034814e+01,-3.8245687847136123e-01
1.0153627456505966e+05,1,1.5000000000000000e+02,1.3562251232204621e+00,-3.8648526142997632e+01,-6.7492290910083053e-01,7.2664842980180168e+01,2.3181843159295028e+01,3.8244284650633553e-01

1.0159910658809071e+05,0,1.5000000000000000e+02,1.3552283628558308e+00,-3.8650627558469616e+01,-6.7495928034899533e-01,-5.1745557632836636e+01,3.3523736461680954e+01,6.0083327343987791e-01
1.0159910658809071e+05,1,1.5000000000000000e+02,1.3518931735560897e+00,-3.8677453652721177e+01,-6.7542644424050147e-01,5.1745526876318436e+01,-3.3523765666850935e+01,-6.0083377377531855e-01

1.0166193843525338e+05,0,1.5000000000000000e+02,1.3707677821845285e+00,-3.8677649370980198e+01,-6.7543560996334762e-01,1.4995612278902826e-01,4.4353146235255444e+01,7.7402345314532717e-01
1.0166193843525338e+05,1,1.5000000000000000e+02,1.3368723659334090e+00,-3.8699624483542905e+01,-6.7580880290010881e-01,-1.4919790203104100e-01,-4.4353842368007612e+01,-7.7403583332051440e-01

1.0172477015859885e+05,0,1.5000000000000000e+02,1.3787079134423974e+00,-3.8724628451265708e+01,-6.7625792692542996e-01,2.5653911832716876e+01,1.7202101606774391e+01,2.9240304307377873e-01
1.0172477015859885e+05,1,1.5000000000000000e+02,1.3292302694608058e+00,-3.8699329876579270e+01,-6.7580133339939574e-01,-2.5653807524790931e+01,-1.7203592839554169e+01,-2.9242910045398118e-01

1.0178760237420717e+05,0,1.5000000000000000e+02,1.3677275690987698e+00,-3.8764596665946080e+01,-6.7695212360520829e-01,1.8860471882823560e+01,1.5804172711422588e+01,2.7007532517183541e-01
1.0178760237420717e+05,1,1.5000000000000000e+02,1.3429931491701845e+00,-3.8705784539606604e+01,-6.7591817555490186e-01,-1.8861173239586677e+01,-1.5805029224929342e+01,-2.7009005974138067e-01

1.0185043396666495e+05,0,1.5000000000000000e+02,1.3514832865713395e+00,-3.8778483732825642e+01,-6.7718953792296155e-01,4.3596607385984775e+01,1.3252518024215567e+01,2.1800736967856754e-01
1.0185043396666495e+05,1,1.5000000000000000e+02,1.3623417174770183e+00,-3.8740777257629617e+01,-6.7653477702800247e-01,-4.3596699234252888e+01,-1.3252554574426908e+01,-2.1800797959161622e-01

1.0191326570077373e+05,0,1.5000000000000000e+02,1.3695117807465600e+00,-3.8761401687959058e+01,-6.7689690732741548e-01,-1.7172472191045227e+01,2.9142992755689512e+01,5.1384665435563992e-01
1.0191326570077373e+05,1,1.5000000000000000e+02,1.3449904084395892e+00,-3.8807136766482486e+01,-6.7768762448921194e-01,1.7173218114864486e+01,-2.9143605803767301e+01,-5.1385758075649690e-01

1.0197609754976624e+05,0,1.5000000000000000e+02,1.3775003845050737e+00,-3.8787633528825211e+01,-6.7735714978621808e-01,-2.8503381160710351e+01,8.8143186014332198e+00,1.6251413846946744e-01
1.0197609754976624e+05,1,1.5000000000000000e+02,1.3371891946632961e+00,-3.8827792837175437e+01,-6.7804574624278657e-01,2.8503589164916566e+01,-8.8157911395695141e+00,-1.6253990117208350e-01

1.0203892967036771e+05,0,1.5000000000000000e+02,1.3595405560934979e+00,-3.8862648976843879e+01,-6.7866087882988047e-01,2.3790244774185965e+01,-6.7794888806125222e+00,-1.2556568673340901e-01
1.0203892967036771e+05,1,1.5000000000000000e+02,1.3576813571362412e+00,-3.8799068267239598e+01,-6.7755067607133701e-01,-2.3790918384416088e+01,6.7785072675818476e+00,1.2554876042422530e-01

1.0210176134305859e+05,0,1.5000000000000000e+02,1.3702270069624887e+00,-3.8855808051451554e+01,-6.7854474376943863e-01,-6.5485841470640338e+00,7.5478007978800576e+01,1.3192677862710251e+00
1.0210176134305859e+05,1,1.5000000000000000e+02,1.3502465491453435e+00,-3.8854489411552642e+01,-6.7851564362507677e-01,6.5483476403950078e+00,-7.5478084434541273e+01,-1.3192690485632967e+00

1.0216459350549843e+05,0,1.5000000000000000e+02,1.3389276313672960e+00,-3.8875446221725838e+01,-6.7887794238453891e-01,1.4943851073789883e+01,-3.7389040381056866e+01,-6.5708111766547050e-01
1.0216459350549843e+05,1,1.5000000000000000e+02,1.3825749343326976e+00,-3.8884284766976123e+01,-6.7904549267322478e-01,-1.4943158923189710e+01,3.7388589548157846e+01,6.5707303869142208e-01

1.0222742537456589e+05,0,1.5000000000000000e+02,1.3797032158225810e+00,-3.8879594443546516e+01,-6.7896276052388993e-01,-2.5707963948630560e+01,7.1317655997830727e+00,1.3229796357415491e-01
1.0222742537456589e+05,1,1.5000000000000000e+02,1.3418304589127323e+00,-3.8927430401346321e+01,-6.7978607581360750e-01,2.5708351539367602e+01,-7.1331659879482459e+00,-1.3232252179361431e-01

1.0229025689698111e+05,0,1.5000000000000000e+02,1.3798689034705551e+00,-3.8954484864321024e+01,-6.8026982916180356e-01,1.9299208781943129e+01,1.1704451547425666e+01,1.9839167145443515e-01
1.0229025689698111e+05,1,1.5000000000000000e+02,1.3437357057296226e+00,-3.8898683153035201e+01,-6.7928494765574821e-01,-1.9299788518406821e+01,-1.1705626340288209e+01,-1.9841199781346874e-01

1.0235308918136888e+05,0,1.5000000000000000e+02,1.3465604562346094e+00,-3.8977078645254878e+01,-6.8065399826471917e-01,2.4630314927275439e+01,-5.7948742312804384e+00,-1.0863770470519052e-01
1.0235308918136888e+05,1,1.5000000000000000e+02,1.3804224757867383e+00,-3.8924151934620696e+01,-6.7974061528491070e-01,-2.4630755989037436e+01,5.7946788358997914e+00,1.0863442894416131e-01

1.0241592064794899e+05,0,1.5000000000000000e+02,1.3364774546600071e+00,-3.8959975502606099e+01,-6.8035243576066506e-01,-4.9206317002543383e+00,-2.4234759406446113e+01,-4.2145588465944195e-01
1.0241592064794899e+05,1,1.5000000000000000e+02,1.3921085977224112e+00,-3.8990783337233296e+01,-6.8090705368864257e-01,4.9211749656510957e+00,2.4234519883228803e+01,4.2145153890294207e-01

1.0247875251002243e+05,0,1.5000000000000000e+02,1.3590143371293570e+00,-3.8977323952787195e+01,-6.8066207355312858e-01,-2.7178946022911855e+01,-2.8742459802081392e+01,-4.9334548909369624e-01
1.0247875251002243e+05,1,1.5000000000000000e+02,1.3695530507133622e+00,-3.9021356306981509e+01,-6.8143375453369903e-01,2.7179546532184776e+01,2.8741240805097810e+01,4.9332403172429073e-01

1.0254158432357144e+05,0,1.5000000000000000e+02,1.3582934532062356e+00,-3.9037124973914949e+01,-6.8170552578654031e-01,3.0990342536967862e+01,-4.3954285834602757e+01,-7.7654873896869447e-01
1.0254158432357144e+05,1,1.5000000000000000e+02,1.3716676855628054e+00,-3.9007707943869931e+01,-6.8119620205337417e-01,-3.0990704449049748e+01,4.3952902047838151e+01,7.7652469880642294e-01

1.0260441643701105e+05,0,1.5000000000000000e+02,1.3568657681151250e+00,-3.9077471656606846e+01,-6.8240923768140538e-01,2.2878889342661804e+01,-3.2594634539709197e+00,-6.3855143480471388e-02
1.0260441643701105e+05,1,1.5000000000000000e+02,1.3763913471181870e+00,-3.9014704417510174e+01,-6.8131974644781634e-01,-2.2879527934928877e+01,3.2590124397756703e+00,6.3847466730074687e-02

1.0266724793423471e+05,0,1.5000000000000000e+02,1.3655532721730652e+00,-3.9084481267211054e+01,-6.8253421886907384e-01,5.7627533696387786e+01,1.8040304968070501e+01,2.9729149149114770e-01
1.0266724793423471e+05,1,1.5000000000000000e+02,1.3700584630521924e+00,-3.9057053001936509e+01,-6.8205690206511360e-01,-5.7627285136855534e+01,-1.8040366552683409e+01,-2.9729264201406685e-01

1.0273008018465465e+05,0,1.5000000000000000e+02,1.3644490354129739e+00,-3.9063580621645706e+01,-6.8216911603902686e-01,-2.2661708965017958e+01,-1.0113434504843681e+01,-1.6960026718674320e-01
1.0273008018465465e+05,1,1.5000000000000000e+02,1.3714155683157676e+00,-3.9126645004731031e+01,-6.8327186351928504e-01,2.2662459205123980e+01,1.0112549603617950e+01,1.6958459497942452e-01

1.0279291192001886e+05,0,1.5000000000000000e+02,1.3902227268219181e+00,-3.9134512733210038e+01,-6.8341490370491131e-01,2.8921859221411172e+01,1.2885446276627494e+01,2.1607149550464444e-01
1.0279291192001886e+05,1,1.5000000000000000e+02,1.3462647500503442e+00,-3.9102250079599877e+01,-6.8283845171530966e-01,-2.8921850240827691e+01,-1.2886941075596493e+01,-2.1609758608299445e-01

1.0285574356519515e+05,0,1.5000000000000000e+02,1.3780482698864007e+00,-3.9133990219222056e+01,-6.8340207594381730e-01,-6.0940516395965773e+01,3.3421703327007599e+01,6.0185363671688785e-01
1.0285574356519515e+05,1,1.5000000000000000e+02,1.3612280782066131e+00,-3.9149365092886740e+01,-6.8366528050402642e-01,6.0939815363523451e+01,-3.3422557559304103e+01,-6.0186833157193642e-01

1.0291857544683226e+05,0,1.5000000000000000e+02,1.3643025304412999e+00,-3.9186746273070824e+01,-6.8431860873455241e-01,3.9708960203863271e+01,1.0570193325419236e+01,1.7237865409272415e-01
1.0291857544683226e+05,1,1.5000000000000000e+02,1.3780334371308067e+00,-3.9145331471946662e+01,-6.8360000367895313e-01,-3.9709140924516234e+01,-1.0570250492917513e+01,-1.7237959675288808e-01

1.0298140736817880e+05,0,1.5000000000000000e+02,1.3494009592254179e+00,-3.9185648285100477e+01,-6.8429490679330229e-01,1.3585434317225847e+01,-3.6735473532571994e+01,-6.4526098495278628e-01
1.0298140736817880e+05,1,1.5000000000000000e+02,1.3939534625164804e+00,-3.9195752291886301e+01,-6.8448481818484508e-01,-1.3584747908198288e+01,3.6735034147549761e+01,6.4525310752071896e-01

1.0304423928866876e+05,0,1.5000000000000000e+02,1.3639217903532599e+00,-3.9200382219535399e+01,-6.8455647303393341e-01,-2.7578472873722419e+01,-4.6472479909137540e+01,-8.0265529705201177e-01
1.0304423928866876e+05,1,1.5000000000000000e+02,1.3795277820121938e+00,-3.9228446100489734e+01,-6.8505100938903407e-01,2.7578931180389610e+01,4.6471125262842868e+01,8.0263151559568424e-01

1.0310707095897505e+05,0,1.5000000000000000e+02,1.3637042005657640e+00,-3.9233307553456314e+01,-6.8513103316098256e-01,-4.0223586318615375e+01,-6.5096064867239448e+01,-1.1238295533501852e+00
1.0310707095897505e+05,1,1.5000000000000000e+02,1.3815310727060350e+00,-3.9241720975160099e+01,-6.8528329826790513e-01,4.0223108175810538e+01,6.5094772197945446e+01,1.1238071388149307e+00

1.0316990313707532e+05,0,1.5000000000000000e+02,1.3506400391250786e+00,-3.9282656569610538e+01,-6.8598831258290038e-01,1.0423805036003657e+01,-2.2326723461831321e+01,-3.9283048620293914e-01
1.0316990313707532e+05,1,1.5000000000000000e+02,1.3978801434586741e+00,-3.9239999311983162e+01,-6.8525823167565869e-01,-1.0424396416066131e+01,2.2326357935102955e+01,3.9282428703225858e-01

1.0323273490645693e+05,0,1.5000000000000000e+02,1.3477783730572213e+00,-3.9291141487396622e+01,-6.8613552317071524e-01,1.9146474426111016e+01,-2.3622871838451225e+01,-4.1810860658724414e-01
1.0323273490645693e+05,1,1.5000000000000000e+02,1.4029189265201534e+00,-3.9280866585396922e+01,-6.8597299903194187e-01,-1.9146180414617955e+01,2.3622794100762505e+01,4.1810716030835482e-01

1.0329556658110795e+05,0,1.5000000000000000e+02,1.3946814700155858e+00,-3.9303784602225235e+01,-6.8637046428768878e-01,1.0934480911814504e+01,4.2778318240061800e+01,7.4325359379078304e-01
1.0329556658110795e+05,1,1.5000000000000000e+02,1.3563015123177693e+00,-3.9316834280432424e+01,-6.8658652077757731e-01,-1.0933730526765132e+01,-4.2779201347630099e+01,-7.4326923473844053e-01

1.0335839861253281e+05,0,1.5000000000000000e+02,1.3933279835919561e+00,-3.9315764680142536e+01,-6.8657913326723730e-01,-3.4482069505410003e+01,7.6339492660594335e+00,1.4373515829411307e-01
1.0335839861253281e+05,1,1.5000000000000000e+02,1.3582790489646621e+00,-3.9351482030739461e+01,-6.8719180992781392e-01,3.4482128714521998e+01,-7.6354433925763328e+00,-1.4376125243778046e-01

1.0342123017991883e+05,0,1.5000000000000000e+02,1.3770608276783229e+00,-3.9388705480191341e+01,-6.8784717034905629e-01,2.3552251620351758e+01,-7.2507119733676433e+00,-1.3371716312975274e-01
1.0342123017991883e+05,1,1.5000000000000000e+02,1.3771614976654261e+00,-3.9325082014254825e+01,-6.8673681843019740e-01,-2.3552933134794227e+01,7.2497588794836929e+00,1.3370073695643331e-01

1.0348406206560718e+05,0,1.5000000000000000e+02,1.3572785778558749e+00,-3.9372463336553942e+01,-6.8755767963266767e-01,-3.1714610746367789e+01,-2.2204004476915937e+01,-3.7785199658128604e-01
1.0348406206560718e+05,1,1.5000000000000000e+02,1.4000724936127718e+00,-3.9389771066239419e+01,-6.8787277760046617e-01,3.1714290518927506e+01,2.2203889866710735e+01,3.7785009390591157e-01

1.0354689386553910e+05,0,1.5000000000000000e+02,1.3909843082390843e+00,-3.9398238759188047e+01,-6.8801779076338676e-01,-6.8297769099285972e+00,6.0118301093175972e+01,1.0512895995662237e+00
1.0354689386553910e+05,1,1.5000000000000000e+02,1.3677711743397181e+00,-3.9413363278361530e+01,-6.8827467853469892e-01,6.8303516972651153e+00,-6.0118574469909348e+01,-1.0512945457505405e+00

1.0360972573675969e+05,0,1.5000000000000000e+02,1.3924412794837868e+00,-3.9437894371373943e+01,-6.8871032056864667e-01,4.9135136512604397e+01,2.6898748787195395e+01,4.5447971700824963e-01
1.0360972573675969e+05,1,1.5000000000000000e+02,1.3664343358371274e+00,-3.9421627140757892e+01,-6.8841849567758451e-01,-4.9134504571463985e+01,-2.6899924686036904e+01,-4.5450043178587796e-01

1.0367255809545991e+05,0,1.5000000000000000e+02,1.4050149208579350e+00,-3.9472021719671972e+01,-6.8930975535768046e-01,2.0957690145289579e+01,1.3992128010242805e+01,2.3781190287069531e-01
1.0367255809545991e+05,1,1.5000000000000000e+02,1.3550676371727737e+00,-3.9433841419206928e+01,-6.8862820165006366e-01,-2.0957915567551591e+01,-1.3993578058015007e+01,-2.3783714102562670e-01

1.0373538999055707e+05,0,1.5000000000000000e+02,1.3866075852652227e+00,-3.9507940849530669e+01,-6.8993102322126509e-01,2.2093953412344412e+01,1.0509028282915551e+01,1.7667728759955192e-01
1.0373538999055707e+05,1,1.5000000000000000e+02,1.3764625903857683e+00,-3.9444918712873367e+01,-6.8882804477873372e-01,-2.2094657171119067e+01,-1.0509720784696192e+01,-1.7668915903693239e-01

1.0379822152420015e+05,0,1.5000000000000000e+02,1.3771906994773897e+00,-3.9519872091466375e+01,-6.9013638350480744e-01,4.3213820062794397e+01,1.2528075115085594e+01,2.0548070718647055e-01
1.0379822152420015e+05,1,1.5000000000000000e+02,1.3886887605536316e+00,-3.9481853906943186e+01,-6.8947637738438550e-01,-4.3213918130965169e+01,-1.2528113323572358e+01,-2.0548134414483771e-01

1.0386105342142942e+05,0,1.5000000000000000e+02,1.3820739177766637e+00,-3.9495232604687175e+01,-6.8970785285573410e-01,-2.5227347093340594e+01,9.5451097612025535e+00,1.7427021504314150e-01
1.0386105342142942e+05,1,1.5000000000000000e+02,1.3847814472432980e+00,-3.9555674383124604e+01,-6.9076353214117092e-01,2.5228036184822773e+01,-9.5455553966578890e+00,-1.7427820237729635e-01

1.0392388523586806e+05,0,1.5000000000000000e+02,1.3756583204463388e+00,-3.9533714404983641e+01,-6.9037749856883079e-01,-2.6457349564026075e+01,-4.3155622380053842e+01,-7.4510968241631570e-01
1.0392388523586806e+05,1,1.5000000000000000e+02,1.3913845849494042e+00,-3.9564710013515118e+01,-6.9092323726422866e-01,2.6457862236615554e+01,4.3154311682766675e+01,7.4508665141437636e-01

1.0398671688856205e+05,0,1.5000000000000000e+02,1.4128200494583714e+00,-3.9589213187653222e+01,-6.9135740666870726e-01,1.0916410228790616e+01,1.9828882875862433e+01,3.4273622531181674e-01
1.0398671688856205e+05,1,1.5000000000000000e+02,1.3557772788322484e+00,-3.9555523328923016e+01,-6.9075206045650994e-01,-1.0916772348094581e+01,-1.9830265987857210e+01,-3.4276025363439327e-01

1.0404954886051251e+05,0,1.5000000000000000e+02,1.3681999043414539e+00,-3.9621421222893368e+01,-6.9190592173570686e-01,1.4637865572581475e+01,-2.1393065729017593e+01,-3.7781965348547702e-01
1.0404954886051251e+05,1,1.5000000000000000e+02,1.4034794421652026e+00,-3.9570586292934792e+01,-6.9102947718514340e-01,-1.4638547254162248e+01,2.1392495238870858e+01,3.7780990471867676e-01

1.0411238078957304e+05,0,1.5000000000000000e+02,1.3612477089973567e+00,-3.9607731196285542e+01,-6.9166488006922067e-01,-2.3224018967809599e+01,-1.7485262829445634e+01,-2.9808511313086916e-01
1.0411238078957304e+05,1,1.5000000000000000e+02,1.4130461093635620e+00,-3.9633269310084060e+01,-6.9212636110797832e-01,2.3224016224409326e+01,1.7485234615543309e+01,2.9808462156270044e-01

1.0417521269304310e+05,0,1.5000000000000000e+02,1.3877681687008203e+00,-3.9614259948823843e+01,-6.9178690162333500e-01,-2.4292057231535438e+01,9.7283944345449207e+00,1.7718405358863515e-01
1.0417521269304310e+05,1,1.5000000000000000e+02,1.3873754209739055e+00,-3.9675800353728100e+01,-6.9286081013794065e-01,2.4292772898808678e+01,-9.7289035937863240e+00,-1.7719315766193838e-01

1.0423804445155954e+05,0,1.5000000000000000e+02,1.4148749987736140e+00,-3.9649950372483339e+01,-6.9241804314575850e-01,-1.1471581436227787e+01,1.9642918464734176e+01,3.4631081777158612e-01
1.0423804445155954e+05,1,1.5000000000000000e+02,1.3605218709599842e+00,-3.9687527378024519e+01,-6.9305729456778631e-01,1.1472062795171752e+01,-1.9644255165049490e+01,-3.4633429304986918e-01

1.0430087623246225e+05,0,1.5000000000000000e+02,1.4166249231027284e+00,-3.9692738187518032e+01,-6.9316532667445863e-01,-1.3482027800797994e+01,2.7042614702522879e+01,4.7606577211690382e-01
1.0430087623246225e+05,1,1.5000000000000000e+02,1.3603843787210814e+00,-3.9691088552391086e+01,-6.9311940385132242e-01,1.3481654244010052e+01,-2.7043990413011873e+01,-4.7608966778117201e-01

1.0436370803657136e+05,0,1.5000000000000000e+02,1.3733447463205328e+00,-3.9714669187536479e+01,-6.9353489093976284e-01,-2.9246996383856334e+01,-4.3358840296161731e+01,-7.4780650586458330e-01
1.0436370803657136e+05,1,1.5000000000000000e+02,1.4067086383893423e+00,-3.9716442212906948e+01,-6.9357599823852067e-01,2.9246311165318453e+01,4.3358255702774187e+01,7.4779651203998210e-01

1.0442653986957511e+05,0,1.5000000000000000e+02,1.3615709870054413e+00,-3.9751182870519756e+01,-6.9416855600635141e-01,1.4915095111607044e+01,-1.9575688844480101e+01,-3.4618650669380702e-01
1.0442653986957511e+05,1,1.5000000000000000e+02,1.4211148186369107e+00,-3.9728853927128227e+01,-6.9379700122147314e-01,-1.4915139425192713e+01,1.9575657673099595e+01,3.4618597617420055e-01

1.0448937194761996e+05,0,1.5000000000000000e+02,1.3905962465917949e+00,-3.9734441333117871e+01,-6.9388521804675940e-01,-2.5276727515738777e+01,9.7746320351549407e+00,1.7829097395774518e-01
1.0448937194761996e+05,1,1.5000000000000000e+02,1.3930563609929287e+00,-3.9794679605139741e+01,-6.9493727028474905e-01,2.5277415947330894e+01,-9.7750767399750238e+00,-1.7829894484936237e-01

1.0455220367648388e+05,0,1.5000000000000000e+02,1.3963201549604634e+00,-3.9799709976565183e+01,-6.9502605674157958e-01,6.6390964276437671e+01,-1.0918221802061652e+00,-3.9279796783593390e-02
1.0455220367648388e+05,1,1.5000000000000000e+02,1.3875891887404230e+00,-3.9777000312750260e+01,-6.9462705871910146e-01,-6.6390410564638472e+01,1.0905512710819210e+00,3.9257447678596957e-02

1.0461503552267369e+05,0,1.5000000000000000e+02,1.3941126315138155e+00,-3.9798717692276881e+01,-6.9500806662228132e-01,-6.0531681976929299e+01,-1.9517234081768017e+01,-3.2218275950940606e-01
1.0461503552267369e+05,1,1.5000000000000000e+02,1.3911945981271552e+00,-3.9824408995145596e+01,-6.9545555275276971e-01,6.0531419209278191e+01,1.9515799318311295e+01,3.2215779947834861e-01

1.0467786726290055e+05,0,1.5000000000000000e+02,1.4088165739007070e+00,-3.9835145044383481e+01,-6.9564829099515280e-01,-2.7195131776698197e+01,5.0982987114376478e+01,8.9806034433081461e-01
1.0467786726290055e+05,1,1.5000000000000000e+02,1.3793740495861417e+00,-3.9835039977367074e+01,-6.9563748816115478e-01,2.7194425566115726e+01,-5.0983722628275181e+01,-8.9807296568678252e-01

1.0474069919277505e+05,0,1.5000000000000000e+02,1.3907907976589757e+00,-3.9845388697382582e+01,-6.9582157625598118e-01,-5.6689053092296703e+01,9.8349865623653230e+00,1.8891353370486197e-01
1.0474069919277505e+05,1,1.5000000000000000e+02,1.4002240118817675e+00,-3.9873453501333671e+01,-6.9631424828847488e-01,5.6688831928970700e+01,-9.8350575988706552e+00,-1.8891470609261285e-01

1.0480353140317634e+05,0,1.5000000000000000e+02,1.3762398620241543e+00,-3.9857782185500959e+01,-6.9603343986441746e-01,-1.9451998975574433e+01,-1.1986194655117767e+01,-2.0326222175198583e-01
1.0480353140317634e+05,1,1.5000000000000000e+02,1.4161090618037315e+00,-3.9910247286939004e+01,-6.9696122760846801e-01,1.9452571710016251e+01,1.1985923092844796e+01,2.0325730785942953e-01

1.0486636283223066e+05,0,1.5000000000000000e+02,1.3931178882358153e+00,-3.9880316041067026e+01,-6.9643185159133947e-01,-2.5006451757563607e+01,-1.7569434333923365e+01,-2.9901112075411307e-01
1.0486636283223066e+05,1,1.5000000000000000e+02,1.3995242036597459e+00,-3.9935733372559874e+01,-6.9740096895850634e-01,2.5007139948383642e+01,1.7568356555314072e+01,2.9899210127428899e-01

1.0492919466859617e+05,0,1.5000000000000000e+02,1.4177252948441710e+00,-3.9948112097780481e+01,-6.9762255227353909e-01,3.0094522838866219e+01,1.1679029394267857e+01,1.9465938580690051e-01
1.0492919466859617e+05,1,1.5000000000000000e+02,1.3758809651207511e+00,-3.9914565068866523e+01,-6.9702432873054720e-01,-3.0094528435289924e+01,-1.1680523031589708e+01,-1.9468545167150703e-01

1.0499202667977764e+05,0,1.5000000000000000e+02,1.4047345305715757e+00,-3.9945342231010869e+01,-6.9757025414301643e-01,-6.6287421498362789e+01,1.9351109478643142e+01,3.5791675737118644e-01
1.0499202667977764e+05,1,1.5000000000000000e+02,1.3913616939581921e+00,-3.9964035253230456e+01,-6.9789241855819506e-01,6.6286763358604730e+01,-1.9352131909171387e+01,-3.5793440075739447e-01

1.0505485860950570e+05,0,1.5000000000000000e+02,1.3972462084261839e+00,-4.0004388268297042e+01,-6.9859846852223995e-01,3.0561057827746861e+01,1.4946872256294897e+01,2.5154898568645728e-01
1.0505485860950570e+05,1,1.5000000000000000e+02,1.4018742571642502e+00,-3.9953101015743989e+01,-6.9770479240174910e-01,-3.0561547346789364e+01,-1.4947112660879791e+01,-2.5155303220536268e-01

1.0511769054855582e+05,0,1.5000000000000000e+02,1.3725776951493016e+00,-4.0007991466892740e+01,-6.9865383829525174e-01,1.8018330863734572e+01,-2.3781415434109419e+01,-4.2053190421076431e-01
1.0511769054855582e+05,1,1.5000000000000000e+02,1.4285050558533208e+00,-3.9998656924063113e+01,-6.9850796537430515e-01,-1.8018042226684688e+01,2.3781339145948337e+01,4.2053048486635841e-01

1.0518052246037348e+05,0,1.5000000000000000e+02,1.3824688451750320e+00,-4.0011491719727040e+01,-6.9871793942650495e-01,-5.7267794344168088e+00,-3.5750699725755425e+01,-6.2219117644718591e-01
1.0518052246037348e+05,1,1.5000000000000000e+02,1.4192010250870313e+00,-4.0043785791281003e+01,-6.9929273851935714e-01,5.7275378233941332e+00,3.5749987489748335e+01,6.2217851518063338e-01

1.0524335408191122e+05,0,1.5000000000000000e+02,1.3944565763884480e+00,-4.0037193005353068e+01,-6.9917014069023953e-01,-3.1981825451899979e+01,-4.5302400602162848e+01,-7.8089319132188195e-01
1.0524335408191122e+05,1,1.5000000000000000e+02,1.4077070898419521e+00,-4.0065260389526017e+01,-6.9966402062877020e-01,3.1982207734681474e+01,4.5300998327755167e+01,7.8086860179922035e-01

1.0530618581962645e+05,0,1.5000000000000000e+02,1.4049580809559847e+00,-4.0098036253662684e+01,-7.0023520101673797e-01,3.3819319576929587e+01,-1.6020396583600373e+01,-2.8989694999482896e-01
1.0530618581962645e+05,1,1.5000000000000000e+02,1.3989595261327925e+00,-4.0050899135592374e+01,-6.9941071751687622e-01,-3.3819716703999362e+01,1.6019037236339614e+01,2.8987334708775347e-01

1.0536901804789538e+05,0,1.5000000000000000e+02,1.4169341452211071e+00,-4.0119558938853693e+01,-7.0061447210136718e-01,1.5316666765559496e+01,3.1113201152342029e+01,5.3833427126191991e-01
1.0536901804789538e+05,1,1.5000000000000000e+02,1.3898933330232641e+00,-4.0076684483661282e+01,-6.9985797216253676e-01,-1.5317363601045503e+01,-3.1113843798238662e+01,-5.3834527470445703e-01

1.0543184970944565e+05,0,1.5000000000000000e+02,1.3753252011612669e+00,-4.0118490292706909e+01,-7.0058314633363339e-01,-1.4818203675348364e+01,-2.3450100432453308e+01,-4.0474657121947655e-01
1.0543184970944565e+05,1,1.5000000000000000e+02,1.4341815682849832e+00,-4.0126444493011746e+01,-7.0073989585633700e-01,1.4818013081377273e+01,2.3450039453825330e+01,4.0474556505270187e-01

1.0549468143042826e+05,0,1.5000000000000000e+02,1.4140418215231771e+00,-4.0151745309458725e+01,-7.0117532088917922e-01,4.3733873613894019e+01,6.2929514819374369e+01,1.0849486923098479e+00
1.0549468143042826e+05,1,1.5000000000000000e+02,1.3968190958211859e+00,-4.0142286509411520e+01,-7.0100499545740746e-01,-4.3733321325748420e+01,-6.2929765761647509e+01,-1.0849532401057891e+00

1.0555751341106620e+05,0,1.5000000000000000e+02,1.3920347023930608e+00,-4.0168790412776374e+01,-7.0146609499990809e-01,1.7676340302875801e+01,-5.8035813270628232e+01,-1.0182493958183596e+00
1.0555751341106620e+05,1,1.5000000000000000e+02,1.4192308734170107e+00,-4.0173353691855283e+01,-7.0155402004966372e-01,-1.7675618336679690e+01,5.8034819769405864e+01,1.0182318368924428e+00

1.0562034525768674e+05,0,1.5000000000000000e+02,1.3997150991728544e+00,-4.0183718520360230e+01,-7.0172896623404357e-01,-3.8708825103584424e+01,-5.2381720403582094e+01,-9.0239509231787274e-01
1.0562034525768674e+05,1,1.5000000000000000e+02,1.4123876567608455e+00,-4.0205258336110276e+01,-7.0210874833105996e-01,3.8708970697554115e+01,5.2380236152505972e+01,9.0236914420781122e-01

1.0568317703715884e+05,0,1.5000000000000000e+02,1.3951383174753658e+00,-4.0225888628042917e+01,-7.0246354199078465e-01,6.3179846389794321e+00,-5.8191095049988050e+01,-1.0174993076547743e+00
1.0568317703715884e+05,1,1.5000000000000000e+02,1.4191182971284875e+00,-4.0209709364122077e+01,-7.0218847999191858e-01,-6.3185385809251713e+00,5.8189886587400778e+01,1.0174783858191077e+00

1.0574600883355555e+05,0,1.5000000000000000e+02,1.3878710675945554e+00,-4.0264920714071494e+01,-7.0314253211090783e-01,1.2328835281041520e+01,-2.2274082890837260e+01,-3.9249211646558424e-01
1.0574600883355555e+05,1,1.5000000000000000e+02,1.4293383717093848e+00,-4.0218344424506412e+01,-7.0234229608058563e-01,-1.2329479769212767e+01,2.2273616487384682e+01,3.9248417293094329e-01

1.0580884057324039e+05,0,1.5000000000000000e+02,1.3920251016348213e+00,-4.0284449274681620e+01,-7.0348461807917295e-01,3.3414593948989555e+01,-7.5547065463544278e+00,-1.4202699398199226e-01
1.0580884057324039e+05,1,1.5000000000000000e+02,1.4276097686392402e+00,-4.0247670128933194e+01,-7.0285357373979329e-01,-3.3414635829447555e+01,7.5546751813547779e+00,1.4202645934109398e-01

1.0587167287473801e+05,0,1.5000000000000000e+02,1.3914257688414473e+00,-4.0263532880525027e+01,-7.0311939423233161e-01,-1.8546258873454981e+01,-1.3072787395459940e+01,-2.2250179811940329e-01
1.0587167287473801e+05,1,1.5000000000000000e+02,1.4293579605457001e+00,-4.0317556389669633e+01,-7.0407378986467428e-01,1.8546886253491209e+01,1.3072446441015138e+01,2.2249565651874414e-01

1.0593450434334116e+05,0,1.5000000000000000e+02,1.4278884895469623e+00,-4.0317398030611777e+01,-7.0407057860819355e-01,3.3055099239035293e+01,3.7801167925292113e+01,6.4965167536989732e-01
1.0593450434334116e+05,1,1.5000000000000000e+02,1.3933230563986569e+00,-4.0311621326299132e+01,-7.0395923144834649e-01,-3.3054408138817116e+01,-3.7802238787425004e+01,-6.4967057502729619e-01

1.0599733622822203e+05,0,1.5000000000000000e+02,1.4016379270913586e+00,-4.0340110300795104e+01,-7.0445896573202205e-01,1.3932563302489193e+01,-7.5987131201011806e+01,-1.3304026146947483e+00
1.0599733622822203e+05,1,1.5000000000000000e+02,1.4205346389692863e+00,-4.0335710980282009e+01,-7.0438794356264256e-01,-1.3932467585112299e+01,7.5985641248196373e+01,1.3303765822695870e+00

1.0606016803752749e+05,0,1.5000000000000000e+02,1.4031150355373085e+00,-4.0356847738469995e+01,-7.0475152441138411e-01,-4.3951416143843268e+01,-6.1207452221858134e+01,-1.0548282853396671e+00
1.0606016803752749e+05,1,1.5000000000000000e+02,1.4212447354352258e+00,-4.0365664763083117e+01,-7.0491092561162738e-01,4.3950852547241475e+01,6.1206257798107146e+01,1.0548076114565261e+00

1.0612299993572031e+05,0,1.5000000000000000e+02,1.3910948557176999e+00,-4.0394659737201039e+01,-7.0540777317638215e-01,-5.7385112200022128e+00,-3.5663357296354285e+01,-6.2066326698055074e-01
1.0612299993572031e+05,1,1.5000000000000000e+02,1.4361663321410272e+00,-4.0375526025344506e+01,-7.0508757411530387e-01,5.7378601099631901e+00,3.5662875059095320e+01,6.2065504912524450e-01

1.0618583193366445e+05,0,1.5000000000000000e+02,1.3843796126901993e+00,-4.0420369105664626e+01,-7.0585441797540627e-01,1.2397671573455849e+01,-2.0145188121749015e+01,-3.5535874950146629e-01
1.0618583193366445e+05,1,1.5000000000000000e+02,1.4453215931789078e+00,-4.0398594877537555e+01,-7.0549297022894875e-01,-1.2397764014803325e+01,2.0145150096064341e+01,3.5535811401812822e-01

1.0624866364650051e+05,0,1.5000000000000000e+02,1.4240169097944944e+00,-4.0438886414460192e+01,-7.0618966453799681e-01,4.5497009605418718e+01,6.1503864246981429e+01,1.0595305498405767e+00
1.0624866364650051e+05,1,1.5000000000000000e+02,1.4069581962586566e+00,-4.0429042328359898e+01,-7.0601266490093406e-01,-4.5496434902241383e+01,-6.1504139676957614e+01,-1.0595355318343787e+00

1.0631149570707834e+05,0,1.5000000000000000e+02,1.4095352764723381e+00,-4.0429847811048312e+01,-7.0602750771474532e-01,-2.2571672839666448e+01,-1.8227682621343028e+01,-3.1124085116970074e-01
1.0631149570707834e+05,1,1.5000000000000000e+02,1.4219456678673004e+00,-4.0486170965879246e+01,-7.0701426291807412e-01,2.2572404728812465e+01,1.8226721719478341e+01,3.1122385815780068e-01

1.0637432769950682e+05,0,1.5000000000000000e+02,1.4469033415095798e+00,-4.0469812981789495e+01,-7.0673637979728154e-01,-9.6683240759238878e+00,2.0673129537849832e+01,3.6374114860554413e-01
1.0637432769950682e+05,1,1.5000000000000000e+02,1.3854014185220296e+00,-4.0493193134367537e+01,-7.0712568421304656e-01,9.6685684729858501e+00,-2.0674590353006323e+01,-3.6376671780100273e-01

1.0643715916118238e+05,0,1.5000000000000000e+02,1.4319890719464381e+00,-4.0531356499728410e+01,-7.0780591904335532e-01,2.6375935349745170e+01,3.2983080059079626e+00,4.9528434032774182e-02
1.0643715916118238e+05,1,1.5000000000000000e+02,1.4022217611005325e+00,-4.0478305751487675e+01,-7.0687098772104762e-01,-2.6376371809471372e+01,-3.2996369666156866e+00,-4.9551494639512250e-02

1.0649999103827150e+05,0,1.5000000000000000e+02,1.4107409829862161e+00,-4.0560106500016367e+01,-7.0830120299993848e-01,2.1389992773398795e+01,-9.4172734926413426e+00,-1.7087018014574479e-01
1.0649999103827150e+05,1,1.5000000000000000e+02,1.4262363211223592e+00,-4.0496922015326902e+01,-7.0720320208271759e-01,-2.1390695805641151e+01,9.4165794880148823e+00,1.7085828225750604e-01

1.0656282286547849e+05,0,1.5000000000000000e+02,1.4009932867957655e+00,-4.0576386829061590e+01,-7.0858236457878387e-01,2.5863865786104874e+01,-7.2885030155835491e+00,-1.3508090151229957e-01
1.0656282286547849e+05,1,1.5000000000000000e+02,1.4386438334421521e+00,-4.0529101553469367e+01,-7.0776859232624911e-01,-2.5864195603621134e+01,7.2883820477951762e+00,1.3507889080245611e-01

1.0662565487320394e+05,0,1.5000000000000000e+02,1.4239075253063544e+00,-4.0560061892789477e+01,-7.0830443571719015e-01,-3.7218268921385103e+01,3.3843504256866275e+01,6.0198850083873456e-01
1.0662565487320394e+05,1,1.5000000000000000e+02,1.4174406981028513e+00,-4.0594408239913690e+01,-7.0890189211835175e-01,3.7218616850323386e+01,-3.3843606791509167e+01,-6.0199039630983686e-01

1.0668848690781582e+05,0,1.5000000000000000e+02,1.4026726805957639e+00,-4.0580592267629719e+01,-7.0865627146592514e-01,-1.0605654601127043e+01,-2.8675208116281446e+01,-4.9722055523866204e-01
1.0668848690781582e+05,1,1.5000000000000000e+02,1.4394309156467346e+00,-4.0622386270764103e+01,-7.0939687516307248e-01,1.0606404656445498e+01,2.8674564523404015e+01,4.9720909449818784e-01

1.0675131837150415e+05,0,1.5000000000000000e+02,1.4492028115605764e+00,-4.0614734035789631e+01,-7.0926630222710796e-01,1.6802439527713275e+00,2.7508564910556895e+01,4.7957879762605748e-01
1.0675131837150415e+05,1,1.5000000000000000e+02,1.3934929206611626e+00,-4.0635714462082674e+01,-7.0961549008797853e-01,-1.6796992844315639e+00,-2.7509844296975121e+01,-4.7960129192611811e-01

1.0681415046646903e+05,0,1.5000000000000000e+02,1.4426994412364353e+00,-4.0666952247713525e+01,-7.1017565468347710e-01,2.9028503815611288e+01,1.0429221548547567e+01,1.7317197578072213e-01
1.0681415046646903e+05,1,1.5000000000000000e+02,1.4013253819729152e+00,-4.0630240042496844e+01,-7.0952233445706003e-01,-2.9028589854778716e+01,-1.0430706577878325e+01,-1.7319786691013656e-01

1.0687698239926847e+05,0,1.5000000000000000e+02,1.4256195284244140e+00,-4.0701991580739374e+01,-7.1078197239857210e-01,2.5707377475438264e+01,-8.6613310051955317e+00,-1.5899238206319966e-01
1.0687698239926847e+05,1,1.5000000000000000e+02,1.4207401396273418e+00,-4.0642107666217854e+01,-7.0973536756111566e-01,-2.5707999257580134e+01,8.6602288777440144e+00,1.5897333669784086e-01

1.0693981436291407e+05,0,1.5000000000000000e+02,1.4145490492872905e+00,-4.0726978069970322e+01,-7.1121467447393549e-01,2.2917302015079475e+01,-3.7372915086700758e+00,-7.2206094679731325e-02
1.0693981436291407e+05,1,1.5000000000000000e+02,1.4346066141864713e+00,-4.0664919049204919e+01,-7.1013770541494192e-01,-2.2917938023280396e+01,3.7368428048883473e+00,7.2198457463366339e-02

1.0700264600861043e+05,0,1.5000000000000000e+02,1.4199311277892204e+00,-4.0739741058085755e+01,-7.1143905903388038e-01,4.2188456238444360e+01,1.2344425258569220e+01,2.0258793478262849e-01
1.0700264600861043e+05,1,1.5000000000000000e+02,1.4315937954731921e+00,-4.0700844457214870e+01,-7.1076377257894030e-01,-4.2188584390635725e+01,-1.2344470332753616e+01,-2.0258868240091904e-01

1.0706547810631021e+05,0,1.5000000000000000e+02,1.4039796424531381e+00,-4.0721056409998511e+01,-7.1110810776167244e-01,-1.8802039908655036e+01,-1.3485794822125261e+01,-2.2963185226544830e-01
1.0706547810631021e+05,1,1.5000000000000000e+02,1.4489630583557664e+00,-4.0768417463803871e+01,-7.1194837555051260e-01,1.8802535906567822e+01,1.3485596303145027e+01,2.2962823652956604e-01

1.0712830963826508e+05,0,1.5000000000000000e+02,1.4339826097148491e+00,-4.0776821395004781e+01,-7.1209048098228123e-01,6.4531286934027676e+01,3.2831205350032100e+01,5.5332518601464842e-01
1.0712830963826508e+05,1,1.5000000000000000e+02,1.4196470525736202e+00,-4.0760922873719423e+01,-7.1180864644468556e-01,-6.4530528204491290e+01,-3.2831985350279176e+01,-5.5333903003462614e-01

1.0719114157503945e+05,0,1.5000000000000000e+02,1.4186050058166126e+00,-4.0779629524818930e+01,-7.1213480522424211e-01,-2.5159507448876315e+01,-4.9441286111180773e+01,-8.5520500595259707e-01
1.0719114157503945e+05,1,1.5000000000000000e+02,1.4357426254608052e+00,-4.0805444501975472e+01,-7.1259055938052596e-01,2.5159978154523746e+01,4.9439942314093116e+01,8.5518141006280390e-01

1.0725397343205707e+05,0,1.5000000000000000e+02,1.4293413515692046e+00,-4.0802054313545440e+01,-7.1252944253618877e-01,-5.6178683273996050e+01,-2.1422825298525439e+01,-3.5676597853405545e-01
1.0725397343205707e+05,1,1.5000000000000000e+02,1.4264646478581759e+00,-4.0829793082126052e+01,-7.1301267446081606e-01,5.6178539647681880e+01,2.1421351823068051e+01,3.5674030659031819e-01

1.0731680523122425e+05,0,1.5000000000000000e+02,1.4156630819808516e+00,-4.0847426697394475e+01,-7.1331713311258105e-01,1.1666155379107295e+00,-5.5104145346783710e+01,-9.6205533025525047e-01
1.0731680523122425e+05,1,1.5000000000000000e+02,1.4424859274663930e+00,-4.0831411911865004e+01,-7.1304580768793802e-01,-1.1672456175933945e+00,5.5103059839886015e+01,9.6203657748602256e-01

1.0737963719213118e+05,0,1.5000000000000000e+02,1.4159060907455343e+00,-4.0892787355064719e+01,-7.1410885992523088e-01,1.9870843958992644e+01,-1.1206605340351864e+01,-2.0163554408221129e-01
1.0737963719213118e+05,1,1.5000000000000000e+02,1.4449763238418640e+00,-4.0833848908540517e+01,-7.1308909795150621e-01,-1.9871488515032858e+01,1.1206137484619319e+01,2.0162757522201502e-01

1.0744246877931597e+05,0,1.5000000000000000e+02,1.4362767005057433e+00,-4.0901603102984339e+01,-7.1426892164592948e-01,3.9570310626600076e+01,4.1943031512693054e+01,7.1995241430171841e-01
1.0744246877931597e+05,1,1.5000000000000000e+02,1.4269803344442769e+00,-4.0873635163823614e+01,-7.1377798182557683e-01,-3.9570497242697385e+01,-4.1943091980907795e+01,-7.1995341277278913e-01

1.0750530101951942e+05,0,1.5000000000000000e+02,1.4047485587641844e+00,-4.0912330759793711e+01,-7.1444654071112790e-01,1.5019198143628586e+01,-2.6909381327245125e+01,-4.7420880177910663e-01
1.0750530101951942e+05,1,1.5000000000000000e+02,1.4600526639322071e+00,-4.0911755854830318e+01,-7.1445335468631421e-01,-1.5018782847414322e+01,2.6909241128628789e+01,4.7420622845833327e-01

1.0756813282364559e+05,0,1.5000000000000000e+02,1.4220906051003861e+00,-4.0905765895510683e+01,-7.1433725113439484e-01,-2.0287801181286145e+01,-1.2140043759107712e+01,-2.0569264597923365e-01
1.0756813282364559e+05,1,1.5000000000000000e+02,1.4435365405357226e+00,-4.0966712033575725e+01,-7.1540744104410003e-01,2.0288550517617043e+01,1.2139402765549910e+01,2.0568123082192924e-01

1.0763096438103241e+05,0,1.5000000000000000e+02,1.4525158099626463e+00,-4.0933484503908147e+01,-7.1483027621740114e-01,-1.9130693508739952e+01,1.2437020221533011e+01,2.2288377048427194e-01
1.0763096438103241e+05,1,1.5000000000000000e+02,1.4138065378186815e+00,-4.0986558039816231e+01,-7.1574474501887886e-01,1.9131292203211459e+01,-1.2438238867838578e+01,-2.2290522118141515e-01

1.0769379639603198e+05,0,1.5000000000000000e+02,1.4511474395050439e+00,-4.0965471187239018e+01,-7.1538810410206888e-01,-3.4306598703727559e+01,7.4997492324222446e+00,1.4133959060984469e-01
1.0769379639603198e+05,1,1.5000000000000000e+02,1.4163893360552817e+00,-4.1001498844511637e+01,-7.1600628495758278e-01,3.4306672210142040e+01,-7.5012412282902918e+00,-1.4136565192489536e-01

1.0775662822296019e+05,0,1.5000000000000000e+02,1.4300806094051814e+00,-4.1026999799432268e+01,-7.1645550893611343e-01,2.9966120388975735e+01,-3.1238131191522839e+01,-5.5430922811967420e-01
1.0775662822296019e+05,1,1.5000000000000000e+02,1.4394769556226101e+00,-4.0986852461615939e+01,-7.1575770371556768e-01,-2.9966597759340740e+01,3.1236838735690533e+01,5.5428681707347449e-01

1.0781946015263951e+05,0,1.5000000000000000e+02,1.4511557265576678e+00,-4.1053429481795732e+01,-7.1692319080870170e-01,1.4447562223576757e+01,2.7789112176390272e+01,4.8058567726559270e-01
1.0781946015263951e+05,1,1.5000000000000000e+02,1.4209929748497105e+00,-4.1007856403762247e+01,-7.1611864236172307e-01,-1.4448267908589596e+01,-2.7789869293479928e+01,-4.8059867581029897e-01

1.0788229185180085e+05,0,1.5000000000000000e+02,1.4104399124619860e+00,-4.1072583531409002e+01,-7.1724507182595709e-01,8.8939128960192733e+00,-2.1902163723468476e+01,-3.8495484161174642e-01
1.0788229185180085e+05,1,1.5000000000000000e+02,1.4642890583104202e+00,-4.1036914714958399e+01,-7.1663896936604010e-01,-8.8943893179516067e+00,2.1901934756311420e+01,3.8495099071346062e-01

1.0794512394698689e+05,0,1.5000000000000000e+02,1.4072210298539412e+00,-4.1071384982011359e+01,-7.1722317381103950e-01,-1.0885336834812701e+01,-2.1319124546861804e+01,-3.6875399461051261e-01
1.0794512394698689e+05,1,1.5000000000000000e+02,1.4695273358236505e+00,-4.1086845865499576e+01,-7.1751198398455041e-01,1.0885395254058391e+01,2.1319095037872000e+01,3.6875346180681212e-01

1.0800795566794711e+05,0,1.5000000000000000e+02,1.4193607509059600e+00,-4.1077322728946051e+01,-7.1733050008062393e-01,-1.9766532004997416e+01,-1.1787643018912060e+01,-1.9970120077599218e-01
1.0800795566794711e+05,1,1.5000000000000000e+02,1.4586572555701101e+00,-4.1129600862741952e+01,-7.1825485032763525e-01,1.9767102364863334e+01,1.1787372601761522e+01,1.9969630759127210e-01

1.0807078738086310e+05,0,1.5000000000000000e+02,1.4282741413857853e+00,-4.1100196818638551e+01,-7.1773242343727250e-01,-1.9117042797915854e+01,-2.0285084233669739e+01,-3.4819985428625005e-01
1.0807078738086310e+05,1,1.5000000000000000e+02,1.4505250404608006e+00,-4.1154867654284551e+01,-7.1869333943708069e-01,1.9117800935044276e+01,2.0284285489114620e+01,3.4818568331406402e-01

1.0813361928710571e+05,0,1.5000000000000000e+02,1.4591877127021577e+00,-4.1157571984302095e+01,-7.1874317556464007e-01,3.4042000421013036e+01,2.7492762282855573e+01,4.6944454782574496e-01
1.0813361928710571e+05,1,1.5000000000000000e+02,1.4204369410115176e+00,-4.1144911862140312e+01,-7.1851042120698116e-01,-3.4041478318953516e+01,-2.7494062726229956e+01,-4.6946740274548615e-01

1.0819645105438445e+05,0,1.5000000000000000e+02,1.4618453608180808e+00,-4.1159296254717987e+01,-7.1877407796527493e-01,-3.0094745373910630e+01,1.3306564482630796e+01,2.4139942132488804e-01
1.0819645105438445e+05,1,1.5000000000000000e+02,1.4191324128780973e+00,-4.1190132811115539e+01,-7.1929923831108133e-01,3.0094751584290005e+01,-1.3308057521549005e+01,-2.4142548034277109e-01

1.0825928308784062e+05,0,1.5000000000000000e+02,1.4689491374651558e+00,-4.1213281407074497e+01,-7.1971841295495131e-01,4.7374896365863908e+00,2.4666223632028817e+01,4.2904176477173167e-01
1.0825928308784062e+05,1,1.5000000000000000e+02,1.4140769385916865e+00,-4.1183119756557275e+01,-7.1917530369400962e-01,-4.7379829133854354e+00,-2.4667500254373806e+01,-4.2906389463935463e-01

1.0832211501532634e+05,0,1.5000000000000000e+02,1.4537345015001768e+00,-4.1250669345998602e+01,-7.2036628770890798e-01,1.9507859842683349e+01,1.7113314010194852e+01,2.9272577549490569e-01
1.0832211501532634e+05,1,1.5000000000000000e+02,1.4318149704344865e+00,-4.1193193171877127e+01,-7.1935651274744083e-01,-1.9508565109264918e+01,-1.7114094823529914e+01,-2.9273918772328572e-01

1.0838494657756716e+05,0,1.5000000000000000e+02,1.4404884353299363e+00,-4.1273071810479429e+01,-7.2075322956645238e-01,2.9139665210668468e+01,1.1488973545344802e+01,1.9163333492069090e-01
1.0838494657756716e+05,1,1.5000000000000000e+02,1.4475953264904995e+00,-4.1218920503856189e+01,-7.1981032394725863e-01,-2.9140189046582719e+01,-1.1489251959046481e+01,-1.9163803433619603e-01

1.0844777855690301e+05,0,1.5000000000000000e+02,1.4343941479954834e+00,-4.1253757684261387e+01,-7.2041429519386713e-01,-4.5172293737887493e+01,-5.5755427277318859e-02,1.2787900737457503e-02
1.0844777855690301e+05,1,1.5000000000000000e+02,1.4557861042308928e+00,-4.1286852650620474e+01,-7.2099839869146887e-01,4.5172237673745009e+01,5.5721759759563838e-02,-1.2788471241654498e-02

1.0851061042043990e+05,0,1.5000000000000000e+02,1.4171661317578541e+00,-4.1290600387172667e+01,-7.2105204092110475e-01,8.8302683769049306e+00,-2.7357159746344799e+01,-4.8013826108249813e-01
1.0851061042043990e+05,1,1.5000000000000000e+02,1.4744716280790224e+00,-4.1298692662702578e+01,-7.2121072774250694e-01,-8.8298170689255091e+00,2.7356995120814069e+01,4.8013525048378625e-01

1.0857344211456020e+05,0,1.5000000000000000e+02,1.4469093244739977e+00,-4.1287160833031002e+01,-7.2100107329981677e-01,-2.3503249785682254e+01,7.1903197813955337e+00,1.3264824649667117e-01
1.0857344211456020e+05,1,1.5000000000000000e+02,1.4456774699937700e+00,-4.1350444031192374e+01,-7.2210514213113908e-01,2.3503989500861881e+01,-7.1909142559043353e+00,-1.3265884685281648e-01

1.0863627416198346e+05,0,1.5000000000000000e+02,1.4683106292916002e+00,-4.1319838946678239e+01,-7.2157790468112504e-01,-1.2232439943650089e+01,2.1701874316288535e+01,3.8247633466700598e-01
1.0863627416198346e+05,1,1.5000000000000000e+02,1.4250927337260586e+00,-4.1365476201499646e+01,-7.2236121900765982e-01,1.2233114216975469e+01,-2.1702977096767018e+01,-3.8249578624968311e-01

1.0869910585155974e+05,0,1.5000000000000000e+02,1.4787064675964752e+00,-4.1357885089391729e+01,-7.2224506845993419e-01,-2.8134289712531562e+00,2.3036038842055234e+01,4.0289137553446358e-01
1.0869910585155974e+05,1,1.5000000000000000e+02,1.4158018644351631e+00,-4.1374610068065806e+01,-7.2251779677327621e-01,2.8137255215539874e+00,-2.3037480469227411e+01,-4.0291662574052128e-01

1.0876193799298203e+05,0,1.5000000000000000e+02,1.4633995704006373e+00,-4.1376123128673612e+01,-7.2255870326576521e-01,-4.1954200812197698e+01,1.1556593038427918e+01,2.1447098881229792e-01
1.0876193799298203e+05,1,1.5000000000000000e+02,1.4327658026991146e+00,-4.1403342259655481e+01,-7.2302441054874944e-01,4.1953995223179803e+01,-1.1558048372988237e+01,-2.1449632527697476e-01

1.0882476977498802e+05,0,1.5000000000000000e+02,1.4534841419910323e+00,-4.1442813590758348e+01,-7.2371959186318879e-01,2.6406195737196946e+01,-7.2033811569312540e+00,-1.3376053179745434e-01
1.0882476977498802e+05,1,1.5000000000000000e+02,1.4448840876251607e+00,-4.1383812024377825e+01,-7.2268725268694023e-01,-2.6406790537838503e+01,7.2022332007223362e+00,1.3374067839131093e-01

1.0888760143168560e+05,0,1.5000000000000000e+02,1.4607890655626232e+00,-4.1432137067649300e+01,-7.2353548628123621e-01,-4.8868315507194552e+01,4.8619068769650234e+01,8.6340664556408586e-01
1.0888760143168560e+05,1,1.5000000000000000e+02,1.4400742124884758e+00,-4.1442133092253940e+01,-7.2370363053946385e-01,4.8867616400758692e+01,-4.8619736459800698e+01,-8.6341808539704012e-01

1.0895043341862189e+05,0,1.5000000000000000e+02,1.4599327337266870e+00,-4.1476620450704026e+01,-7.2431156761903426e-01,2.5188077054080310e+01,4.3445058533127991e+01,7.5054770193652176e-01
1.0895043341862189e+05,1,1.5000000000000000e+02,1.4433470308897873e+00,-4.1445842125737364e+01,-7.2376935923151331e-01,-2.5188557848631561e+01,-4.3445292131436247e+01,-7.5055163232744182e-01

1.0901326521027790e+05,0,1.5000000000000000e+02,1.4586313162270184e+00,-4.1496197640955998e+01,-7.2465284037651945e-01,4.1076786443389665e+01,5.1644985188700140e+01,8.8881593093823963e-01
1.0901326521027790e+05,1,1.5000000000000000e+02,1.4466698811983685e+00,-4.1474826741770840e+01,-7.2427622291137284e-01,-4.1076831083442215e+01,-5.1645018032807421e+01,-8.8881649055224921e-01

1.0907609702149132e+05,0,1.5000000000000000e+02,1.4479751938624490e+00,-4.1486123683895471e+01,-7.2447377950991043e-01,-3.4297429395376696e+01,1.1916526613959853e+01,2.1842019133418322e-01
1.0907609702149132e+05,1,1.5000000000000000e+02,1.4588203222303897e+00,-4.1533506273045610e+01,-7.2530402349660938e-01,3.4297846448677106e+01,-1.1916668501630141e+01,-2.1842279466788816e-01

1.0913892885788358e+05,0,1.5000000000000000e+02,1.4331873924954024e+00,-4.1512684974578264e+01,-7.2493283323501656e-01,-1.0299870150006440e+01,-2.5487783701002272e+01,-4.4168548086707216e-01
1.0913892885788358e+05,1,1.5000000000000000e+02,1.4746696457956860e+00,-4.1555268017174782e+01,-7.2568864666097099e-01,1.0300583385705986e+01,2.5487276706331315e+01,4.4167641531062385e-01

1.0920176074814396e+05,0,1.5000000000000000e+02,1.4721340914672167e+00,-4.1532652370441191e+01,-7.2529317692240924e-01,-1.4836682445124609e+01,2.1022109512806416e+01,3.7140614099972591e-01
1.0920176074814396e+05,1,1.5000000000000000e+02,1.4366166274956489e+00,-4.1583147512756206e+01,-7.2616361888074343e-01,1.4837410614847251e+01,-2.1023079905531752e+01,-3.7142329851655287e-01

1.0926459290013640e+05,0,1.5000000000000000e+02,1.4838626194333753e+00,-4.1574919391617392e+01,-7.2603441117783318e-01,5.1356689376938718e+00,2.7002103374341416e+01,4.6968718889597116e-01
1.0926459290013640e+05,1,1.5000000000000000e+02,1.4259308255394949e+00,-4.1588257651111583e+01,-7.2624954797290575e-01,-5.1352029195317570e+00,-2.7003449906917567e+01,-4.6971083109824485e-01

1.0932742445158622e+05,0,1.5000000000000000e+02,1.4811386597499987e+00,-4.1618305016947339e+01,-7.2679076506073692e-01,2.3365226162938971e+01,1.7243964242504990e+01,2.9383085573415024e-01
1.0932742445158622e+05,1,1.5000000000000000e+02,1.4300874337694380e+00,-4.1591966197891281e+01,-7.2631553740225097e-01,-2.3365189209019075e+01,-1.7245457133524521e+01,-2.9385692153633003e-01

1.0939025671036792e+05,0,1.5000000000000000e+02,1.4853493960200719e+00,-4.1632862520622773e+01,-7.2704611138486142e-01,-8.3983400844413456e+00,2.7199655980690316e+01,4.7725786177558804e-01
1.0939025671036792e+05,1,1.5000000000000000e+02,1.4277793638021243e+00,-4.1624505657945406e+01,-7.2688272629467821e-01,8.3979485197708907e+00,-2.7201017629213062e+01,-4.7728150653952706e-01

1.0945308807544410e+05,0,1.5000000000000000e+02,1.4519137146692576e+00,-4.1644465650274832e+01,-7.2723842843427111e-01,-6.6094393321611193e+01,-3.8943379422327951e+01,-6.5952115845425530e-01
1.0945308807544410e+05,1,1.5000000000000000e+02,1.4634897012702905e+00,-4.1660267045770659e+01,-7.2751772723712393e-01,6.6093732857397441e+01,3.8942368592818013e+01,6.5950371824193588e-01

1.0951591999507450e+05,0,1.5000000000000000e+02,1.4657205046253010e+00,-4.1704035198503774e+01,-7.2828226652687722e-01,2.2293320290022354e+01,1.8891054848858985e+01,3.2290308822989583e-01
1.0951591999507450e+05,1,1.5000000000000000e+02,1.4521023272663025e+00,-4.1648485853745463e+01,-7.2730864824008623e-01,-2.2294001248453203e+01,-1.8891629347471884e+01,-3.2291290717476878e-01

1.0957875208976284e+05,0,1.5000000000000000e+02,1.4459686925378212e+00,-4.1727161544589002e+01,-7.2867985999208218e-01,2.6476848303784884e+01,-2.7187126322136095e+00,-5.5513797083593386e-02
1.0957875208976284e+05,1,1.5000000000000000e+02,1.4741543883964521e+00,-4.1673567399680124e+01,-7.2775309948311451e-01,-2.6477301327933368e+01,2.7185041320183174e+00,5.5510296255505520e-02

1.0964158392887322e+05,0,1.5000000000000000e+02,1.4405818399169235e+00,-4.1742492070016425e+01,-7.2894577366842539e-01,2.9608718744101086e+01,-1.0659314710440237e+01,-1.9505048267531599e-01
1.0964158392887322e+05,1,1.5000000000000000e+02,1.4815152445964586e+00,-4.1706717014743873e+01,-7.2833388252565523e-01,-2.9608782717728968e+01,1.0659279713800084e+01,1.9504989138405365e-01

1.0970441552862461e+05,0,1.5000000000000000e+02,1.4611457024441885e+00,-4.1761136657133321e+01,-7.2927743114477328e-01,6.2134973074523316e+01,2.1682624900070898e+01,3.5948562487106872e-01
1.0970441552862461e+05,1,1.5000000000000000e+02,1.4625132884900873e+00,-4.1736595710942190e+01,-7.2884954918929157e-01,-6.2134622617788906e+01,-2.1682729977697683e+01,-3.5948756549361471e-01

1.0976724752843827e+05,0,1.5000000000000000e+02,1.4465169889559717e+00,-4.1744447197534946e+01,-7.2898170367004256e-01,-2.0369882128671247e+01,-1.0395643441872458e+01,-1.7522365809485874e-01
1.0976724752843827e+05,1,1.5000000000000000e+02,1.4783459150900295e+00,-4.1801622577352788e+01,-7.2998924777489371e-01,2.0370537298256611e+01,1.0395257299090829e+01,1.7521671938326422e-01

1.0983007932408332e+05,0,1.5000000000000000e+02,1.4810477440729224e+00,-4.1785049401149024e+01,-7.2970082917911605e-01,-3.8725487367715061e-01,4.1026423027597239e+01,7.1612777977095043e-01
1.0983007932408332e+05,1,1.5000000000000000e+02,1.4448250123368906e+00,-4.1809016152243906e+01,-7.3010807202407380e-01,3.8801313895296374e-01,-4.1027204903293573e+01,-7.1614165638067218e-01

1.0989291114941664e+05,0,1.5000000000000000e+02,1.4737321635516731e+00,-4.1830084314153481e+01,-7.3048456836421061e-01,5.6237992595796882e+01,2.2145513497459994e+01,3.6936055910605736e-01
1.0989291114941664e+05,1,1.5000000000000000e+02,1.4531700686000879e+00,-4.1811595232257751e+01,-7.3015562550163637e-01,-5.6237356900906036e+01,-2.2146680256610786e+01,-3.6938111551905761e-01

1.0995574298797190e+05,0,1.5000000000000000e+02,1.4849205416486828e+00,-4.1854216726585712e+01,-7.3090914552675157e-01,3.2616063388404939e+01,2.0652146704231424e+01,3.5049373182336357e-01
1.0995574298797190e+05,1,1.5000000000000000e+02,1.4432246143841090e+00,-4.1834772232879857e+01,-7.3055709036819549e-01,-3.2615730277719109e+01,-2.0653572275608180e+01,-3.5051871295550124e-01

1.1001857512757966e+05,0,1.5000000000000000e+02,1.4960615881131376e+00,-4.1863625734440291e+01,-7.3107674942923340e-01,-1.0134338372129807e+01,2.2516719797137313e+01,3.9605819840176515e-01
1.1001857512757966e+05,1,1.5000000000000000e+02,1.4336585540927096e+00,-4.1872529716265021e+01,-7.3121313532129739e-01,1.0134283274889793e+01,-2.2518207941792120e+01,-3.9608415332721381e-01

1.1008140658395716e+05,0,1.5000000000000000e+02,1.4552610124373693e+00,-4.1892497576687681e+01,-7.3156820349691531e-01,-1.2606848048819934e+01,-7.1746290434498093e+01,-1.2483049600092286e+00
1.1008140658395716e+05,1,1.5000000000000000e+02,1.4763824978490283e+00,-4.1890871230625244e+01,-7.3154625414391949e-01,1.2606433619561891e+01,7.1744946273897341e+01,1.2482816274163708e+00

1.1014423849311423e+05,0,1.5000000000000000e+02,1.4890030399990155e+00,-4.1923015931621464e+01,-7.3211110130221269e-01,-8.8321983178419519e+00,3.6895966819886006e+01,6.4661398694337191e-01
1.1014423849311423e+05,1,1.5000000000000000e+02,1.4448308731600297e+00,-4.1907779785472165e+01,-7.3183173759156828e-01,8.8315496542494802e+00,-3.6897009372559289e+01,-6.4663198439650127e-01

1.1020707031973886e+05,0,1.5000000000000000e+02,1.4818951804554359e+00,-4.1960835543790026e+01,-7.3276897939906760e-01,1.5148138342446899e+01,3.0446138680589097e+01,5.2674376517662580e-01
1.1020707031973886e+05,1,1.5000000000000000e+02,1.4542488829479085e+00,-4.1917696313367991e+01,-7.3200767404454803e-01,-1.5148837580781368e+01,-3.0446808621243601e+01,-5.2675524424664477e-01

1.1026990225027905e+05,0,1.5000000000000000e+02,1.4787087850419749e+00,-4.1959577817642241e+01,-7.3274605851444186e-01,-4.0193471142382606e+01,6.2911052694319224e+01,1.1101935147181317e+00
1.1026990225027905e+05,1,1.5000000000000000e+02,1.4596967431130583e+00,-4.1967008483074615e+01,-7.3286994981405085e-01,4.0192909883485484e+01,-6.2911379356173754e+01,-1.1101990447804815e+00

1.1033273403541984e+05,0,1.5000000000000000e+02,1.4396649639805097e+00,-4.1990538090708618e+01,-7.3327449590233029e-01,-6.3327608169254788e+00,-2.5094689820094089e+01,-4.3603355873530703e-01
1.1033273403541984e+05,1,1.5000000000000000e+02,1.5008094569248636e+00,-4.1984348483829010e+01,-7.3318509899199857e-01,6.3324822487778647e+00,2.5094593508521712e+01,4.3603196272291933e-01

1.1039556599229170e+05,0,1.5000000000000000e+02,1.4807596086410888e+00,-4.2010247307400014e+01,-7.3363098808843674e-01,-5.4461298372249445e+00,7.6828269033685331e+01,1.3424972471266936e+00
1.1039556599229170e+05,1,1.5000000000000000e+02,1.4615047841516415e+00,-4.2013057827508199e+01,-7.3367417277450808e-01,5.4462048139989463e+00,-7.6828300911409372e+01,-1.3424978263145855e+00

1.1045839787726883e+05,0,1.5000000000000000e+02,1.4549464465570436e+00,-4.2046102202010069e+01,-7.3424887888059187e-01,4.0351027087334757e+01,-1.9706397512284862e+01,-3.5621630938746124e-01
1.1045839787726883e+05,1,1.5000000000000000e+02,1.4888157040964580e+00,-4.2025593304255374e+01,-7.3390126695183344e-01,-4.0350614834912363e+01,1.9706258122978230e+01,3.5621375111869308e-01

1.1052122974094587e+05,0,1.5000000000000000e+02,1.4596571024692808e+00,-4.2067547348749642e+01,-7.3462458345135118e-01,4.8944857584613672e+01,-2.9271700620410289e+01,-5.2577183045316023e-01
1.1052122974094587e+05,1,1.5000000000000000e+02,1.4853657829872027e+00,-4.2052381343222187e+01,-7.3436773186897775e-01,-4.8944201671387972e+01,2.9271312683511486e+01,5.2576486020373192e-01

1.1058406146663114e+05,0,1.5000000000000000e+02,1.4901201977775653e+00,-4.2073263330129052e+01,-7.3473362127283059e-01,5.6050808307495004e-01,4.4203718795424862e+01,7.7129051708710361e-01
1.1058406146663114e+05,1,1.5000000000000000e+02,1.4560304617274591e+00,-4.2094657282487191e+01,-7.3509661236923429e-01,-5.5975124152418232e-01,-4.4204433330464781e+01,-7.7130321800593582e-01

1.1064689338744091e+05,0,1.5000000000000000e+02,1.4739067835582238e+00,-4.2077870375504880e+01,-7.3480908629066299e-01,-2.5048330813391466e+01,-1.0214311790772793e+01,-1.7063377499726839e-01
1.1064689338744091e+05,1,1.5000000000000000e+02,1.4733639180664586e+00,-4.2137775963590450e+01,-7.3585441758688519e-01,2.5049030798694410e+01,1.0213264526181472e+01,1.7061528446737617e-01

1.1070972552792738e+05,0,1.5000000000000000e+02,1.4999726795251958e+00,-4.2111500612331106e+01,-7.3540395550949034e-01,-1.3024741438969475e+01,1.8897031913908862e+01,3.3376644618903750e-01
1.1070972552792738e+05,1,1.5000000000000000e+02,1.4485271050365887e+00,-4.2151638280990440e+01,-7.3608878240135067e-01,1.3025246372898248e+01,-1.8898346516278124e+01,-3.3378954298738428e-01

1.1077255726529632e+05,0,1.5000000000000000e+02,1.5063180866839285e+00,-4.2155314924330817e+01,-7.3617055383965813e-01,7.2281578823668724e+00,2.3819267439164058e+01,4.1350160155336246e-01
1.1077255726529632e+05,1,1.5000000000000000e+02,1.4436048093927090e+00,-4.2155160195823889e+01,-7.3614874892693349e-01,-7.2279405720306684e+00,-2.3820734679538738e+01,-4.1352727463279593e-01

1.1083538931857547e+05,0,1.5000000000000000e+02,1.5071404499220391e+00,-4.2176426663300795e+01,-7.3653925513590357e-01,-8.7372987247717795e+00,2.3157958453233306e+01,4.0682377180200913e-01
1.1083538931857547e+05,1,1.5000000000000000e+02,1.4444400614415929e+00,-4.2181331292610899e+01,-7.3660575211845047e-01,8.7371960150662638e+00,-2.3159439385436769e+01,-4.0684958634804680e-01

1.1089822091002372e+05,0,1.5000000000000000e+02,1.4839293593719416e+00,-4.2190234405941546e+01,-7.3677316273960169e-01,-5.8959385270131449e+01,2.9818046198406662e+00,7.0000635028040992e-02
1.1089822091002372e+05,1,1.5000000000000000e+02,1.4695356034784619e+00,-4.2214855664205430e+01,-7.3719847813403738e-01,5.8958992092661703e+01,-2.9831645181737017e+00,-7.0024248755677920e-02

1.1096105259884500e+05,0,1.5000000000000000e+02,1.4935969307579771e+00,-4.2254820846528503e+01,-7.3790329673367294e-01,2.0394411211849576e+01,1.0441021097598771e+01,1.7600813501186902e-01
1.1096105259884500e+05,1,1.5000000000000000e+02,1.4619306407619621e+00,-4.2197737376862229e+01,-7.3689740622645628e-01,-2.0395013968686893e+01,-1.0442154618366544e+01,-1.7602773406126376e-01

1.1102388484131479e+05,0,1.5000000000000000e+02,1.4794677044168709e+00,-4.2282566174865615e+01,-7.3838321537058849e-01,2.3069390334468359e+01,-2.2251773153429575e+00,-4.5862394324704792e-02
1.1102388484131479e+05,1,1.5000000000000000e+02,1.4782241324644458e+00,-4.2217651026481725e+01,-7.3724991098435522e-01,-2.3070090001144358e+01,2.2243307496407105e+00,4.5847832853853465e-02

1.1108671672684276e+05,0,1.5000000000000000e+02,1.4733404677763982e+00,-4.2305859512161483e+01,-7.3878787371141530e-01,2.3009278835692427e+01,-2.3151824278635118e+00,-4.7414888189001858e-02
1.1108671672684276e+05,1,1.5000000000000000e+02,1.4865310215450831e+00,-4.2242223629286784e+01,-7.3768129269645621e-01,-2.3009952408478725e+01,2.3146322378275457e+00,4.7405491237953346e-02

1.1114954851357543e+05,0,1.5000000000000000e+02,1.4859821544462146e+00,-4.2319692453661361e+01,-7.3903314300445810e-01,2.7930921884358266e+01,2.8726792524355417e+01,4.9284298075281352e-01
1.1114954851357543e+05,1,1.5000000000000000e+02,1.4760025983509770e+00,-4.2276445376706292e+01,-7.3827533733919282e-01,-2.7931456994290745e+01,-2.8727085458966840e+01,-4.9284793015779205e-01

1.1121238027034116e+05,0,1.5000000000000000e+02,1.4524009007289409e+00,-4.2324203522284520e+01,-7.3910164214484930e-01,-9.2194326619068931e+00,-2.5897009356835220e+01,-4.4915659014399056e-01
1.1121238027034116e+05,1,1.5000000000000000e+02,1.5115669981052076e+00,-4.2320130908535852e+01,-7.3904858917467187e-01,9.2191196581527777e+00,2.5896895815271215e+01,4.4915470391895262e-01

1.1127521187053763e+05,0,1.5000000000000000e+02,1.4921213710959689e+00,-4.2343197844347941e+01,-7.3944523902163795e-01,-1.8640586196886751e+01,7.4664910560323293e+01,1.3087609013804660e+00
1.1127521187053763e+05,1,1.5000000000000000e+02,1.4736616868377890e+00,-4.2349410802745496e+01,-7.3954804666947793e-01,1.8640542335620999e+01,-7.4664944540320150e+01,-1.3087614810543864e+00

1.1133804365585920e+05,0,1.5000000000000000e+02,1.4915331371389293e+00,-4.2376504811193776e+01,-7.4002634663723110e-01,3.8290484639129090e+01,6.5836026889223291e+01,1.1373325576160593e+00
1.1133804365585920e+05,1,1.5000000000000000e+02,1.4758875164057028e+00,-4.2364386004812410e+01,-7.3981007813185451e-01,-3.8290255143141536e+01,-6.5836086112226695e+01,-1.1373336611147731e+00

1.1140087589748554e+05,0,1.5000000000000000e+02,1.4688772470797413e+00,-4.2368785774236400e+01,-7.3988472922520487e-01,-2.6427615834148114e+01,-4.2493334188782157e+00,-6.6110372474886825e-02
1.1140087589748554e+05,1,1.5000000000000000e+02,1.5000202681839978e+00,-4.2420331148698011e+01,-7.4079380723912003e-01,2.6428085535332286e+01,4.2491541133381006e+00,6.6107100072580693e-02

1.1146370777631922e+05,0,1.5000000000000000e+02,1.4625203720321167e+00,-4.2415536973717813e+01,-7.4069871373155605e-01,1.6357758539931247e+01,-3.5286088348409123e+01,-6.2081026683938567e-01
1.1146370777631922e+05,1,1.5000000000000000e+02,1.5077298400795081e+00,-4.2421699828093125e+01,-7.4082004266256041e-01,-1.6357111114597600e+01,3.5285713922997530e+01,6.2080353498524465e-01

1.1152653925367539e+05,0,1.5000000000000000e+02,1.4869169716519628e+00,-4.2411092811548855e+01,-7.4062858449447588e-01,-2.3440729244130210e+01,7.3423083310721111e+00,1.3528176663534641e-01
1.1152653925367539e+05,1,1.5000000000000000e+02,1.4846109241290804e+00,-4.2474126229930100e+01,-7.4172796683300668e-01,2.3441472151057418e+01,-7.3429216261199244e+00,-1.3529269642616060e-01

1.1158937145139412e+05,0,1.5000000000000000e+02,1.4951447901911223e+00,-4.2435459753944642e+01,-7.4105635282144178e-01,-2.1311407086824389e+01,9.7276909028144658e+00,1.7626377117942221e-01
1.1158937145139412e+05,1,1.5000000000000000e+02,1.4776402988066144e+00,-4.2497593822445843e+01,-7.4213540939421108e-01,2.1312157652952251e+01,-9.7285558914367485e+00,-1.7627909596208341e-01

1.1165220293794178e+05,0,1.5000000000000000e+02,1.5021455726971409e+00,-4.2461479394970745e+01,-7.4151259092079536e-01,-2.0301249171474225e+01,1.0629386130082874e+01,1.9169279542328221e-01
1.1165220293794178e+05,1,1.5000000000000000e+02,1.4719257909355474e+00,-4.2519268204761588e+01,-7.4251193877662636e-01,2.0301924092171916e+01,-1.0630485638661618e+01,-1.9171219009951568e-01

1.1171503493795497e+05,0,1.5000000000000000e+02,1.4766779062365099e+00,-4.2512503489095188e+01,-7.4239532594150037e-01,1.1294146764321532e+01,-6.9379003427621086e+01,-1.2142711345366595e+00
1.1171503493795497e+05,1,1.5000000000000000e+02,1.4987514686665773e+00,-4.2515822281904640e+01,-7.4245997119596185e-01,-1.1293616946955069e+01,6.9377712273093607e+01,1.2142484393805189e+00

1.1177786692337382e+05,0,1.5000000000000000e+02,1.5095319330875703e+00,-4.2516216076627181e+01,-7.4247012802831791e-01,-2.4455695474578814e+01,1.0271127151333225e+01,1.8670589517072078e-01
1.1177786692337382e+05,1,1.5000000000000000e+02,1.4673560712903342e+00,-4.2559605360963644e+01,-7.4321452729805437e-01,2.4456031404173796e+01,-1.0272550758037333e+01,-1.8673084287121106e-01

1.1184069894938680e+05,0,1.5000000000000000e+02,1.5187398675898514e+00,-4.2550509129192392e+01,-7.4307142943445548e-01,-1.4381712095113613e+01,1.9896025948616568e+01,3.5161467402571428e-01
1.1184069894938680e+05,1,1.5000000000000000e+02,1.4597227348947266e+00,-4.2572764318109414e+01,-7.4344185747601954e-01,1.4381828018048445e+01,-1.9897512648494029e+01,-3.5164065583256660e-01

1.1190353042929992e+05,0,1.5000000000000000e+02,1.5210730799769312e+00,-4.2582358415741417e+01,-7.4362798697908206e-01,-9.8368105199906495e+00,2.3151446749657740e+01,4.0704507438095000e-01
1.1190353042929992e+05,1,1.5000000000000000e+02,1.4590819474737917e+00,-4.2588361278372219e+01,-7.4371386683860086e-01,9.8367030875616166e+00,-2.3152926472511272e+01,-4.0707086638060236e-01

1.1196636222998732e+05,0,1.5000000000000000e+02,1.4844112460173955e+00,-4.2601730709302281e+01,-7.4395491180121887e-01,-5.0119314211390638e+01,-5.7505343753342494e+01,-9.8833863892394236e-01
1.1196636222998732e+05,1,1.5000000000000000e+02,1.4975442879904595e+00,-4.2616465498499331e+01,-7.4421607008774882e-01,5.0119001771571241e+01,5.7503935846913144e+01,9.8831416274533623e-01

1.1202919414058853e+05,0,1.5000000000000000e+02,1.5194048693974136e+00,-4.2647294126070022e+01,-7.4476076336739561e-01,4.2852282664412655e+00,2.4934319519781916e+01,4.3385845686139457e-01
1.1202919414058853e+05,1,1.5000000000000000e+02,1.4644404954189192e+00,-4.2618436332045832e+01,-7.4424038146030091e-01,-4.2857125043966597e+00,-2.4935603428850193e+01,-4.3388071665233618e-01

1.1209202599018213e+05,0,1.5000000000000000e+02,1.5085316643074809e+00,-4.2685247365311177e+01,-7.4541982648524574e-01,2.0305774898260427e+01,1.0670822929753612e+01,1.8004573152083658e-01
1.1209202599018213e+05,1,1.5000000000000000e+02,1.4772686216546829e+00,-4.2628094117816417e+01,-7.4441284102941152e-01,-2.0306384613880038e+01,-1.0671943700094552e+01,-1.8006510592403002e-01

1.1215485820419209e+05,0,1.5000000000000000e+02,1.5135625542721012e+00,-4.2700084178868195e+01,-7.4568029725638152e-01,8.9262584116917338e+00,2.9106171113979421e+01,5.0525349596096847e-01
1.1215485820419209e+05,1,1.5000000000000000e+02,1.4742307372113330e+00,-4.2660955877040678e+01,-7.4498543246407467e-01,-8.9269418789794699e+00,-2.9107105552312163e+01,-5.0526959595486121e-01

1.1221768975471066e+05,0,1.5000000000000000e+02,1.4982264974063113e+00,-4.2695175636563114e+01,-7.4558995961144436e-01,-7.4447994137030548e+01,1.7742540271386005e+01,3.3232933282873867e-01
1.1221768975471066e+05,1,1.5000000000000000e+02,1.4915722003206922e+00,-4.2713651529735976e+01,-7.4591038129045850e-01,7.4447290782290338e+01,-1.7743281578121426e+01,-3.3234205615345624e-01

1.1228052144649363e+05,0,1.5000000000000000e+02,1.4899130389063646e+00,-4.2760160468137158e+01,-7.4672156885317575e-01,2.3185302569537185e+01,-1.5828731659918205e+00,-3.4687951941146600e-02
1.1228052144649363e+05,1,1.5000000000000000e+02,1.5018791033430743e+00,-4.2696537997407354e+01,-7.4561484889267837e-01,-2.3185977101064886e+01,1.5823184220817694e+00,3.4678475806321440e-02

1.1234335383295528e+05,0,1.5000000000000000e+02,1.4851716663747974e+00,-4.2782161500477145e+01,-7.4710409553135892e-01,2.3311509699520691e+01,-4.3908619394238180e+00,-8.3732560121121458e-02
1.1234335383295528e+05,1,1.5000000000000000e+02,1.5085819056883085e+00,-4.2722481925640459e+01,-7.4606967486477116e-01,-2.3312111107095724e+01,4.3904746500383389e+00,8.3725984194766123e-02

1.1240618538382970e+05,0,1.5000000000000000e+02,1.4801455956004597e+00,-4.2802825752781175e+01,-7.4746320545212697e-01,2.2379516576080768e+01,-8.6992947964510456e+00,-1.5864116565987585e-01
1.1240618538382970e+05,1,1.5000000000000000e+02,1.5155236083135533e+00,-4.2749821284742488e+01,-7.4654892723996324e-01,-2.2380009476343517e+01,8.6990477109133799e+00,1.5863700357334098e-01

1.1246901711071226e+05,0,1.5000000000000000e+02,1.5057590067888966e+00,-4.2814367329544687e+01,-7.4767243652299153e-01,3.0548569392838608e+01,4.5540668012449160e+01,7.8548814792103294e-01
1.1246901711071226e+05,1,1.5000000000000000e+02,1.4917698427161981e+00,-4.2786326192075855e+01,-7.4717878963531059e-01,-3.0548928024127484e+01,-4.5540808114664472e+01,-7.8549048379412434e-01

1.1253184893871071e+05,0,1.5000000000000000e+02,1.4690694032234657e+00,-4.2835472425079210e+01,-7.4802959446529493e-01,8.3088478404092925e+00,-2.1403084618216109e+01,-3.7606648016083483e-01
1.1253184893871071e+05,1,1.5000000000000000e+02,1.5302586275842018e+00,-4.2813293779546115e+01,-7.4766116398057980e-01,-8.3090571391853274e+00,2.1403015186195109e+01,3.7606533216130217e-01

1.1259468099730946e+05,0,1.5000000000000000e+02,1.4683521470020113e+00,-4.2847585502883334e+01,-7.4824077841580927e-01,-4.2998089120790759e+00,-2.3098327484424178e+01,-4.0181153590953106e-01
1.1259468099730946e+05,1,1.5000000000000000e+02,1.5327144698983164e+00,-4.2849263858903278e+01,-7.4828967664871582e-01,4.2997553871898013e+00,2.3098292770154796e+01,4.0181094636441356e-01

1.1265751300872100e+05,0,1.5000000000000000e+02,1.4703032804250489e+00,-4.2877040604295452e+01,-7.4875543529195732e-01,1.0066114535167920e+01,-2.2556723510316139e+01,-3.9673557624466310e-01
1.1265751300872100e+05,1,1.5000000000000000e+02,1.5324448134978856e+00,-4.2867888484215086e+01,-7.4861463912843274e-01,-1.0066013920524078e+01,2.2556689457020902e+01,3.9673495127900998e-01

1.1272034468177070e+05,0,1.5000000000000000e+02,1.5000219243758535e+00,-4.2910108998574955e+01,-7.4934161172238234e-01,5.7738668659973655e+01,1.8086768438756977e+01,2.9806853539882661e-01
1.1272034468177070e+05,1,1.5000000000000000e+02,1.5043565162637687e+00,-4.2882884884096356e+01,-7.4886780587103252e-01,-5.7738422731857582e+01,-1.8086832496898495e+01,-2.9806972828851686e-01

1.1278317653592704e+05,0,1.5000000000000000e+02,1.4729429639002247e+00,-4.2908901131253579e+01,-7.4931228249461845e-01,-5.0642847302011802e+00,-2.2904738857112097e+01,-3.9820006401429869e-01
1.1278317653592704e+05,1,1.5000000000000000e+02,1.5330225846679797e+00,-4.2932133804596013e+01,-7.4973605078183947e-01,5.0646614990341448e+00,2.2904619254104770e+01,3.9819786187433187e-01

1.1284600863273410e+05,0,1.5000000000000000e+02,1.4775453187468881e+00,-4.2925366022755711e+01,-7.4960103661098942e-01,-1.2363815669498070e+01,-1.9455713418027038e+01,-3.3578259292360907e-01
1.1284600863273410e+05,1,1.5000000000000000e+02,1.5299729689958508e+00,-4.2963680141953290e+01,-7.5028568137886043e-01,1.2364305545471186e+01,1.9455517600574822e+01,3.3577902620203753e-01

1.1290884044017963e+05,0,1.5000000000000000e+02,1.4780449529337090e+00,-4.2954139094535300e+01,-7.5010334826597269e-01,-3.2135032830309616e+00,-2.6461827708905410e+01,-4.6084363330807288e-01
1.1290884044017963e+05,1,1.5000000000000000e+02,1.5310004510084396e+00,-4.2982884797370481e+01,-7.5062116194237871e-01,3.2140865952599196e+00,2.6461540190079894e+01,4.6083843771329047e-01

1.1297167201639796e+05,0,1.5000000000000000e+02,1.5049475386995650e+00,-4.3002680353599160e+01,-7.5095870556574074e-01,7.3610844771038330e+01,1.2230479208647459e+01,1.9102700841488529e-01
1.1297167201639796e+05,1,1.5000000000000000e+02,1.5056079624681027e+00,-4.2982286351189707e+01,-7.5060298233369493e-01,-7.3610189495376034e+01,-1.2230868634442231e+01,-1.9103400445405505e-01

1.1303450401644334e+05,0,1.5000000000000000e+02,1.4846714257786693e+00,-4.2996858454335261e+01,-7.5085092274321907e-01,-8.5473809413858746e+00,-2.7131220711692592e+01,-4.7090127740111276e-01
1.1303450401644334e+05,1,1.5000000000000000e+02,1.5273854682630661e+00,-4.3036016903076600e+01,-7.5154734400888445e-01,8.5480888415208156e+00,2.7130724321611915e+01,4.7089239854695530e-01

1.1309733568445873e+05,0,1.5000000000000000e+02,1.4956495970996160e+00,-4.3010217835056118e+01,-7.5108742049516142e-01,-2.0501589330534109e+01,-1.1546736872893373e+01,-1.9527288613849991e-01
1.1309733568445873e+05,1,1.5000000000000000e+02,1.5179063407743822e+00,-4.3070533656552875e+01,-7.5214685686282157e-01,2.0502329907810790e+01,1.1546132165335539e+01,1.9526210692902024e-01

1.1316016760743127e+05,0,1.5000000000000000e+02,1.4896455313912473e+00,-4.3046890848265626e+01,-7.5172562388961317e-01,-7.8568326014567003e+00,-3.4106835569710206e+01,-5.9285290677561830e-01
1.1316016760743127e+05,1,1.5000000000000000e+02,1.5254132041021733e+00,-4.3081707588063587e+01,-7.5234415579336711e-01,7.8575884156977498e+00,3.4106124305130827e+01,5.9284026324817440e-01

1.1322299957883553e+05,0,1.5000000000000000e+02,1.5246845736485564e+00,-4.3066372052543336e+01,-7.5207629192344350e-01,-1.2987464341896466e+01,2.8238039755968106e+01,4.9677815572266970e-01
1.1322299957883553e+05,1,1.5000000000000000e+02,1.4918850332790992e+00,-4.3110047757643805e+01,-7.5282854626080842e-01,1.2988220035180159e+01,-2.8238851844670723e+01,-4.9679255883684481e-01

1.1328583112600420e+05,0,1.5000000000000000e+02,1.4937145659520896e+00,-4.3105654042921003e+01,-7.5275242279573273e-01,7.1843164841242775e+00,-5.1724958099589067e+01,-9.0491357073176237e-01
1.1328583112600420e+05,1,1.5000000000000000e+02,1.5243769235905320e+00,-4.3118565228581559e+01,-7.5298709481855697e-01,-7.1835738897143067e+00,5.1724050362690868e+01,9.0489750231670674e-01

1.1334866314004947e+05,0,1.5000000000000000e+02,1.4965044240523362e+00,-4.3134362646295486e+01,-7.5325430699168550e-01,1.9662700705730686e+01,-5.8513220355154914e+01,-1.0271864090514933e+00
1.1334866314004947e+05,1,1.5000000000000000e+02,1.5231228396307854e+00,-4.3137639124581618e+01,-7.5331959826771777e-01,-1.9661981594252424e+01,5.8512226089528923e+01,1.0271688376555386e+00

1.1341149501129307e+05,0,1.5000000000000000e+02,1.5326930761247146e+00,-4.3153926944587916e+01,-7.5360677542951304e-01,1.1569392646447589e+01,3.6896567832433128e+01,6.4040948010423970e-01
1.1341149501129307e+05,1,1.5000000000000000e+02,1.4884846670117353e+00,-4.3165843904881690e+01,-7.5380128772784050e-01,-1.1568704518691028e+01,-3.6897639491900598e+01,-6.4042839277033003e-01

1.1347432675516274e+05,0,1.5000000000000000e+02,1.5150987202415409e+00,-4.3154554899630774e+01,-7.5361237503469236e-01,-2.6557164651959344e+01,-7.8044420522875484e+00,-1.2811610842139948e-01
1.1347432675516274e+05,1,1.5000000000000000e+02,1.5076447057353433e+00,-4.3212975420105273e+01,-7.5462968296397093e-01,2.6557815408344691e+01,7.8033009144324552e+00,1.2809599457483162e-01

1.1353715874959501e+05,0,1.5000000000000000e+02,1.5309359480184446e+00,-4.3181160826942921e+01,-7.5408153712682469e-01,-1.9224038359740533e+01,1.2654065878794519e+01,2.2670017543935012e-01
1.1353715874959501e+05,1,1.5000000000000000e+02,1.4933884485442839e+00,-4.3234123265562104e+01,-7.5499442092741431e-01,1.9224648626517521e+01,-1.2655266591137035e+01,-2.2672131666934409e-01

1.1359999061467721e+05,0,1.5000000000000000e+02,1.5299582304565724e+00,-4.3204527387022331e+01,-7.5448904207596201e-01,-2.2331537320053179e+01,8.4650503805188428e+00,1.5453842084797259e-01
1.1359999061467721e+05,1,1.5000000000000000e+02,1.4959615316340180e+00,-4.3258507422419761e+01,-7.5542076707983474e-01,2.2332105141382364e+01,-8.4663023510491122e+00,-1.5456044372656774e-01

1.1366282236694124e+05,0,1.5000000000000000e+02,1.5062337309185310e+00,-4.3239178838362704e+01,-7.5508656612064584e-01,-2.6978376402723004e+01,-4.1046906338621859e+01,-7.0814879104092854e-01
1.1366282236694124e+05,1,1.5000000000000000e+02,1.5212948260528936e+00,-4.3271606283259487e+01,-7.5565709117377911e-01,2.6978901435706444e+01,4.1045610982034439e+01,7.0812602400595326e-01

1.1372565419188656e+05,0,1.5000000000000000e+02,1.5410137972781863e+00,-4.3260545787819332e+01,-7.5547006605271938e-01,-1.1991790900714403e+01,1.9745832162257265e+01,3.4826538238454863e-01
1.1372565419188656e+05,1,1.5000000000000000e+02,1.4881358763759371e+00,-4.3297991705248606e+01,-7.5610747906822318e-01,1.1992274820824907e+01,-1.9747163015484055e+01,-3.4828875639680212e-01

1.1378848596632981e+05,0,1.5000000000000000e+02,1.5443516990899195e+00,-4.3297371977035240e+01,-7.5611378860347900e-01,5.7560263489417416e+00,2.6925737920151818e+01,4.6816544666761878e-01
1.1378848596632981e+05,1,1.5000000000000000e+02,1.4864300225019547e+00,-4.3308921623279694e+01,-7.5629771287519398e-01,-5.7555814169468569e+00,-2.6927097948669157e+01,-4.6818931798207736e-01

1.1385131786822801e+05,0,1.5000000000000000e+02,1.5441305993405299e+00,-4.3310482788104785e+01,-7.5634253654763473e-01,-1.1373080366952170e+01,2.0000009472885488e+01,3.5251290852749978e-01
1.1385131786822801e+05,1,1.5000000000000000e+02,1.4882928257786978e+00,-4.3343572373843152e+01,-7.5690301942338900e-01,1.1373489126614249e+01,-2.0001393160628034e+01,-3.5253718173303078e-01

1.1391414967758791e+05,0,1.5000000000000000e+02,1.5106301202928580e+00,-4.3336834812786620e+01,-7.5679223754318148e-01,-3.2687065033156188e+01,-4.4687261244405995e+01,-7.6994269000697935e-01
1.1391414967758791e+05,1,1.5000000000000000e+02,1.5234432563889257e+00,-4.3364988225187666e+01,-7.5728748564179271e-01,3.2687441326328909e+01,4.4685858789213107e+01,7.6991809915442511e-01

1.1397698171158264e+05,0,1.5000000000000000e+02,1.5374321994182338e+00,-4.3352420185127471e+01,-7.5707240469467585e-01,-2.5814895484560267e+01,8.6260608866283626e+00,1.5840958716463599e-01
1.1397698171158264e+05,1,1.5000000000000000e+02,1.4982982835962222e+00,-4.3397178377461280e+01,-7.5784162137998601e-01,2.5815244174079076e+01,-8.6274776131674322e+00,-1.5843441867762725e-01

1.1403981376751856e+05,0,1.5000000000000000e+02,1.5350391765135203e+00,-4.3375979512123500e+01,-7.5748284275041433e-01,-2.9627321463285959e+01,4.5031980448525211e+00,8.7617099588338604e-02
1.1403981376751856e+05,1,1.5000000000000000e+02,1.5023544113782470e+00,-4.3421402609242413e+01,-7.5826562824779409e-01,2.9627647199454394e+01,-4.5046255336723071e+00,-8.7642111936409389e-02

1.1410264534334463e+05,0,1.5000000000000000e+02,1.5171205498990610e+00,-4.3405550003483633e+01,-7.5799346047351090e-01,-3.9262573286968284e+01,-3.2145197374848763e+01,-5.4905037764444664e-01
1.1410264534334463e+05,1,1.5000000000000000e+02,1.5219410843388470e+00,-4.3439623471458269e+01,-7.5858959297862627e-01,3.9262880929208215e+01,3.2143762064926165e+01,5.4902523431137462e-01

1.1416547739394155e+05,0,1.5000000000000000e+02,1.5508138108972771e+00,-4.3435338265388403e+01,-7.5852360150334142e-01,-7.2620011826251876e+00,2.1857383396926732e+01,3.8367618314707214e-01
1.1416547739394155e+05,1,1.5000000000000000e+02,1.4899204038259068e+00,-4.3457636056133396e+01,-7.5889420147438880e-01,7.2622966510188753e+00,-2.1858823591749722e+01,-3.8370140802507174e-01

1.1422830889828171e+05,0,1.5000000000000000e+02,1.5419621953783962e+00,-4.3480985842208760e+01,-7.5931756517270166e-01,3.2581205617187905e+01,1.9329606509389631e+01,3.2742284162511853e-01
1.1422830889828171e+05,1,1.5000000000000000e+02,1.5004483178356931e+00,-4.3459797565612263e+01,-7.5893513226471965e-01,-3.2580917123168149e+01,-1.9331049431504500e+01,-3.2744811197634277e-01

1.1429114088426220e+05,0,1.5000000000000000e+02,1.5520760850692645e+00,-4.3494477287408202e+01,-7.5955610447828847e-01,9.9736124453572472e+00,2.4796092958188499e+01,4.2971320171902233e-01
1.1429114088426220e+05,1,1.5000000000000000e+02,1.4920144553328949e+00,-4.3494125040394920e+01,-7.5953166017138818e-01,-9.9733258037639416e+00,-2.4797536541301614e+01,-4.2973848304185619e-01

1.1435397290139469e+05,0,1.5000000000000000e+02,1.5338061934138381e+00,-4.3496058063372843e+01,-7.5957812731069507e-01,-3.5250062412002059e+01,-3.1755163200008631e+00,-4.4682072473790080e-02
1.1435397290139469e+05,1,1.5000000000000000e+02,1.5119679009045872e+00,-4.3540372391987809e+01,-7.6034486632198750e-01,3.5250352334544964e+01,3.1740739910427962e+00,4.4656812039511551e-02

1.1441680494984615e+05,0,1.5000000000000000e+02,1.5534990998938762e+00,-4.3529322569715561e+01,-7.6016467220105144e-01,-9.6966151349900365e+00,2.0899570535850522e+01,3.6770170733396518e-01
1.1441680494984615e+05,1,1.5000000000000000e+02,1.4939622289861929e+00,-4.3554945157202894e+01,-7.6059371112170848e-01,9.6969147037248682e+00,-2.0901009008241410e+01,-3.6772690340025954e-01

1.1447963668562601e+05,0,1.5000000000000000e+02,1.5555667519808423e+00,-4.3558456187651920e+01,-7.6067375391169401e-01,-1.2586886426458399e+00,2.3774586782885869e+01,4.1530718930482230e-01
1.1447963668562601e+05,1,1.5000000000000000e+02,1.4935857578503393e+00,-4.3573657306936262e+01,-7.6092016857327471e-01,1.2590028886321711e+00,-2.3776019137559473e+01,-4.1533228307345554e-01

1.1454246856134028e+05,0,1.5000000000000000e+02,1.5449793099232103e+00,-4.3567906413420687e+01,-7.6083545790400087e-01,-2.6167675374450557e+01,8.6222395901361359e+00,1.5845036471037777e-01
1.1454246856134028e+05,1,1.5000000000000000e+02,1.5058690448178207e+00,-4.3612061734236896e+01,-7.6159416023534232e-01,2.6168009148718692e+01,-8.6236632324871074e+00,-1.5847531237691159e-01

1.1460530006791580e+05,0,1.5000000000000000e+02,1.5336994206165517e+00,-4.3627150023786896e+01,-7.6186596534015094e-01,5.6183907917007254e+01,3.5328917861041020e-01,-1.0949720859571022e-02
1.1460530006791580e+05,1,1.5000000000000000e+02,1.5188500529835103e+00,-4.3600680547578740e+01,-7.6139948567725302e-01,-5.6183548914681900e+01,-3.5470051005263770e-01,1.0924980362581715e-02

1.1466813192518284e+05,0,1.5000000000000000e+02,1.5204443970949124e+00,-4.3623937716663384e+01,-7.6180586502919556e-01,-3.1830214664146816e+01,-4.5382338957491264e+01,-7.8233449357416540e-01
1.1466813192518284e+05,1,1.5000000000000000e+02,1.5338126852914451e+00,-4.3651763518129549e+01,-7.6229556464621839e-01,3.1830602549853189e+01,4.5380943232677488e+01,7.8231001665172428e-01

1.1473096382407384e+05,0,1.5000000000000000e+02,1.5241316219720906e+00,-4.3671340004210315e+01,-7.6263427236319348e-01,6.1304016238459482e+01,-4.1656881945954638e+01,-7.4568805515387249e-01
1.1473096382407384e+05,1,1.5000000000000000e+02,1.5318405875892518e+00,-4.3652238939154529e+01,-7.6230326121713043e-01,-6.1303594655486279e+01,4.1655507279892049e+01,7.4566393549195209e-01

1.1479379584628427e+05,0,1.5000000000000000e+02,1.5559480844583584e+00,-4.3668101852927343e+01,-7.6258745126476890e-01,-1.1287338314535940e+01,2.0194494644940768e+01,3.5588102294616658e-01
1.1479379584628427e+05,1,1.5000000000000000e+02,1.5017480663283818e+00,-4.3703360957226778e+01,-7.6318629637440816e-01,1.1287797627874777e+01,-2.0195843970492639e+01,-3.5590471184879463e-01

1.1485662745220926e+05,0,1.5000000000000000e+02,1.5383930160803332e+00,-4.3721169785672203e+01,-7.6350826663348359e-01,5.7705361644926427e+01,9.5444232451318953e+00,1.4899420158200349e-01
1.1485662745220926e+05,1,1.5000000000000000e+02,1.5210369657667662e+00,-4.3698181044493161e+01,-7.6310177055496942e-01,-5.7704862040291900e+01,-9.5457406575451387e+00,-1.4901734579789749e-01

1.1491945929857652e+05,0,1.5000000000000000e+02,1.5355956540227618e+00,-4.3744998154735917e+01,-7.6392327694474382e-01,6.5154639695492747e+01,9.5634521241284176e-01,-3.1577219563978520e-03
1.1491945929857652e+05,1,1.5000000000000000e+02,1.5255797037257774e+00,-4.3722244117067120e+01,-7.6352311304328713e-01,-6.5154098241740186e+01,-9.5762395860886329e-01,3.1352398102488799e-03

1.1498229118766561e+05,0,1.5000000000000000e+02,1.5578098034653263e+00,-4.3743316247193469e+01,-7.6390069087039769e-01,-3.1448495108338506e+00,2.6624842313775041e+01,4.6562559393790148e-01
1.1498229118766561e+05,1,1.5000000000000000e+02,1.5051236784309616e+00,-4.3771818624997046e+01,-7.6438207602472408e-01,3.1454338319000641e+00,-2.6626074781566729e+01,-4.6564728147326651e-01

1.1504512307333692e+05,0,1.5000000000000000e+02,1.5200914024292527e+00,-4.3773791269734325e+01,-7.6442106317653369e-01,-4.4621052703750372e+00,-5.8037003995020484e+01,-1.0115260778123136e+00
1.1504512307333692e+05,1,1.5000000000000000e+02,1.5446140621719313e+00,-4.3789234901920352e+01,-7.6469806213137970e-01,4.4627312323705191e+00,5.8035825823968324e+01,1.0115053252008004e+00

1.1510795510599238e+05,0,1.5000000000000000e+02,1.5232268348969455e+00,-4.3787089901581048e+01,-7.6465411155188268e-01,-2.0320085633606531e+01,-3.7218989879533126e+01,-6.4337077167119361e-01
1.1510795510599238e+05,1,1.5000000000000000e+02,1.5432654361037812e+00,-4.3823823608340660e+01,-7.6530130754940229e-01,2.0320751179944068e+01,3.7217875174186673e+01,6.4335111463022354e-01

1.1517078676329512e+05,0,1.5000000000000000e+02,1.5211347625536213e+00,-4.3827324506241922e+01,-7.6535566500182017e-01,1.7191275744374760e+01,-6.0068358170768995e+01,-1.0535744289026840e+00
1.1517078676329512e+05,1,1.5000000000000000e+02,1.5471592512238346e+00,-4.3831468555245237e+01,-7.6543591654494336e-01,-1.7190575167436581e+01,6.0067316330870419e+01,1.0535560328677096e+00

1.1523361907402646e+05,0,1.5000000000000000e+02,1.5412837382302909e+00,-4.3821705162602861e+01,-7.6526373205386711e-01,-2.3137695797134157e+01,2.3097715432909034e+00,4.7359575272840071e-02
1.1523361907402646e+05,1,1.5000000000000000e+02,1.5288275851530611e+00,-4.3884957100565920e+01,-7.6636383602879066e-01,2.3138425088766184e+01,-2.3107312543861731e+00,-4.7376546709654743e-02

1.1529645047533234e+05,0,1.5000000000000000e+02,1.5546733538096609e+00,-4.3870877046671893e+01,-7.6612597875297794e-01,1.0659611050142558e+01,4.3527656309475717e+01,7.5641508071304320e-01
1.1529645047533234e+05,1,1.5000000000000000e+02,1.5172689295299147e+00,-4.3883638585203244e+01,-7.6633730369164255e-01,-1.0658862221897152e+01,-4.3528525243264426e+01,-7.5643047381877260e-01

1.1535928229198855e+05,0,1.5000000000000000e+02,1.5545178180888337e+00,-4.3886686483190083e+01,-7.6640184415826496e-01,-4.7302498310155379e+00,3.8441332210979937e+01,6.7233474335151766e-01
1.1535928229198855e+05,1,1.5000000000000000e+02,1.5192683869792765e+00,-4.3915663812716843e+01,-7.6689683015385790e-01,4.7310065745593910e+00,-3.8442103039193199e+01,-6.7234842669031525e-01

1.1542211443417422e+05,0,1.5000000000000000e+02,1.5244976403356338e+00,-4.3897657980410244e+01,-7.6658417813051904e-01,-1.8242707479788557e+01,-1.8450946831910958e+01,-3.1645609418547543e-01
1.1542211443417422e+05,1,1.5000000000000000e+02,1.5511427269601556e+00,-4.3952503922976462e+01,-7.6754948878161577e-01,1.8243458183675102e+01,1.8450279718987911e+01,3.1644422276814671e-01

1.1548494605905621e+05,0,1.5000000000000000e+02,1.5495483596319950e+00,-4.3926565038553377e+01,-7.6709630720825361e-01,-1.9153439656108155e+01,2.9342068251313048e+01,5.1792446872548425e-01
1.1548494605905621e+05,1,1.5000000000000000e+02,1.5279519776032973e+00,-4.3971380878310917e+01,-7.6787187248972777e-01,1.9154167783067379e+01,-2.9342626935523437e+01,-5.1793444092327934e-01

1.1554777792412270e+05,0,1.5000000000000000e+02,1.5492149754767026e+00,-4.3952181411103446e+01,-7.6754327307059811e-01,-2.1043947644879481e+01,3.2625541222291943e+01,5.7580488447338629e-01
1.1554777792412270e+05,1,1.5000000000000000e+02,1.5301466982154956e+00,-4.3993517973303248e+01,-7.6825888672994369e-01,2.1044634727045619e+01,-3.2625991158992505e+01,-5.7581294626161261e-01

1.1561060987951900e+05,0,1.5000000000000000e+02,1.5228504856704910e+00,-4.3969704808129023e+01,-7.6784106709302002e-01,-1.9672659637500253e+01,-1.2094145785438737e+01,-2.0507900822161201e-01
1.1561060987951900e+05,1,1.5000000000000000e+02,1.5583675373384327e+00,-4.4023714757807824e+01,-7.6879449034897229e-01,1.9673285773874078e+01,1.2093801250348218e+01,2.0507280451134596e-01

1.1567344159051642e+05,0,1.5000000000000000e+02,1.5503952796404705e+00,-4.4024803297965619e+01,-7.6881105944472206e-01,4.0991961395275993e+01,6.4471343363438464e+01,1.1126925873343192e+00
1.1567344159051642e+05,1,1.5000000000000000e+02,1.5326665341570338e+00,-4.4016301683738263e+01,-7.6865728505860964e-01,-4.0991417669150550e+01,-6.4471590139165798e+01,-1.1126970598034716e+00

1.1573627356096219e+05,0,1.5000000000000000e+02,1.5368278227726158e+00,-4.4056709760165539e+01,-7.6936377095708230e-01,6.1181744543189737e+01,1.5383988996987732e+00,8.2107901557310625e-03
1.1573627356096219e+05,1,1.5000000000000000e+02,1.5480572106638348e+00,-4.4032046300890052e+01,-7.6893675508282500e-01,-6.1181303061087775e+01,-1.5385595644248333e+00,-8.2137286335939863e-03

1.1579910530569110e+05,0,1.5000000000000000e+02,1.5501440019492523e+00,-4.4055774129596202e+01,-7.6935149855165752e-01,-3.3194634346610698e+01,4.9049537670668315e+01,8.6614464476832564e-01
1.1579910530569110e+05,1,1.5000000000000000e+02,1.5365345357906310e+00,-4.4080600910978589e+01,-7.6978063973954236e-01,3.3194953192589821e+01,-4.9049630032737042e+01,-8.6614635384118754e-01

1.1586193757099585e+05,0,1.5000000000000000e+02,1.5170487081891695e+00,-4.4099911154366168e+01,-7.7011171397946399e-01,1.9803887513304090e+01,-2.1677929784563567e+01,-3.8436495706449408e-01
1.1586193757099585e+05,1,1.5000000000000000e+02,1.5713848287064927e+00,-4.4084055592475551e+01,-7.6985154883946638e-01,-1.9803706972496023e+01,2.1677882072060832e+01,3.8436406936636386e-01

1.1592476931888858e+05,0,1.5000000000000000e+02,1.5128901555471583e+00,-4.4113708288551074e+01,-7.7035124038820191e-01,-3.1109652693308512e+00,-2.2980802507927351e+01,-4.0012260314617609e-01
1.1592476931888858e+05,1,1.5000000000000000e+02,1.5772511369967186e+00,-4.4117830241649550e+01,-7.7044278486185669e-01,3.1109947582528257e+00,2.2980771146136838e+01,4.0012204682263042e-01

1.1598760110463633e+05,0,1.5000000000000000e+02,1.5160062439230775e+00,-4.4150729392333304e+01,-7.7099829704655032e-01,1.1880690587573202e+01,-2.0511386127248503e+01,-3.6159229652200381e-01
1.1598760110463633e+05,1,1.5000000000000000e+02,1.5757885706330670e+00,-4.4128371207934613e+01,-7.7062630458928283e-01,-1.1880817664951937e+01,2.0511338355944243e+01,3.6159150150832714e-01

1.1605043271732774e+05,0,1.5000000000000000e+02,1.5529194738027152e+00,-4.4176843801892211e+01,-7.7146530136622271e-01,3.4167059547003646e+01,4.5645206653156819e+01,7.8621028758118661e-01
1.1605043271732774e+05,1,1.5000000000000000e+02,1.5404697331079831e+00,-4.4149821910920004e+01,-7.7098991174167064e-01,-3.4167341212459661e+01,-4.5645306451394859e+01,-7.8621194349742363e-01

1.1611326461076534e+05,0,1.5000000000000000e+02,1.5327837372700617e+00,-4.4212982071257827e+01,-7.7208986716369332e-01,2.6858556261126392e+01,-3.5002451817884612e+00,-6.9269701604072254e-02
1.1611326461076534e+05,1,1.5000000000000000e+02,1.5621388255270356e+00,-4.4161266800102837e+01,-7.7119625375854450e-01,-2.6858982225964358e+01,3.5000563951667942e+00,6.9266536584935701e-02

1.1617609635674607e+05,0,1.5000000000000000e+02,1.5415913430816455e+00,-4.4239315329985992e+01,-7.7255212901877346e-01,2.7507977544389561e+01,5.2797926567422735e+00,8.3765252163098991e-02
1.1617609635674607e+05,1,1.5000000000000000e+02,1.5548059189235819e+00,-4.4182551091012066e+01,-7.7156548204395969e-01,-2.7508526889130167e+01,-5.2801058537701238e+00,-8.3770550857515447e-02

1.1623892819962536e+05,0,1.5000000000000000e+02,1.5426308454995206e+00,-4.4225194030600065e+01,-7.7230599506747533e-01,-6.6930730860565603e+01,-1.6701501190849584e+01,-2.7109208372021443e-01
1.1623892819962536e+05,1,1.5000000000000000e+02,1.5551893943076409e+00,-4.4244341104440906e+01,-7.7264398332939233e-01,6.6930089065078477e+01,1.6701031814682224e+01,2.7108408748715473e-01

1.1630176037586923e+05,0,1.5000000000000000e+02,1.5651777639225275e+00,-4.4273149471308088e+01,-7.7314980149256862e-01,7.4308643985806135e+00,4.0954591687731444e+01,7.1249249363273237e-01
1.1630176037586923e+05,1,1.5000000000000000e+02,1.5340258227574448e+00,-4.4244121341791086e+01,-7.7263370087183159e-01,-7.4315586574097594e+00,-4.0955240199917419e+01,-7.1250360023854076e-01

1.1636459226571336e+05,0,1.5000000000000000e+02,1.5689356303598685e+00,-4.4290914913174369e+01,-7.7346099602567164e-01,-6.4118883892686558e+00,4.2857046700383037e+01,7.4991186975904212e-01
1.1636459226571336e+05,1,1.5000000000000000e+02,1.5316296257764681e+00,-4.4274170978447550e+01,-7.7315740943489297e-01,6.4111898429410612e+00,-4.2857888163679789e+01,-7.4992634251997581e-01

1.1642742390605800e+05,0,1.5000000000000000e+02,1.5371193535528673e+00,-4.4313141174676197e+01,-7.7383920554507535e-01,-3.4164331225142348e+00,-5.5500966900822519e+01,-9.6758467385913094e-01
1.1642742390605800e+05,1,1.5000000000000000e+02,1.5648080898484575e+00,-4.4299847139721777e+01,-7.7361562754413948e-01,3.4157835320598338e+00,5.5499931975373315e+01,9.6756680980439458e-01

1.1649025597595800e+05,0,1.5000000000000000e+02,1.5749415672249529e+00,-4.4332241558430979e+01,-7.7418407515635512e-01,-1.7592228475751114e+01,3.3350328284282362e+01,5.8740265561404870e-01
1.1649025597595800e+05,1,1.5000000000000000e+02,1.5283737961548338e+00,-4.4328738773952182e+01,-7.7410875706250348e-01,1.7591681231360752e+01,-3.3351539860638361e+01,-5.8742363383033658e-01

1.1655308761225708e+05,0,1.5000000000000000e+02,1.5808582480380371e+00,-4.4359219885112083e+01,-7.7465671435832684e-01,-7.5043889084962760e+00,2.7420613130866336e+01,4.8084176882718133e-01
1.1655308761225708e+05,1,1.5000000000000000e+02,1.5238984241938323e+00,-4.4349834636325511e+01,-7.7447556734529699e-01,7.5039944021057980e+00,-2.7421969920131431e+01,-4.8086532788742620e-01

1.1661591934439668e+05,0,1.5000000000000000e+02,1.5549944543541006e+00,-4.4365202828309428e+01,-7.7475325222362801e-01,-5.8277966818380797e+01,-1.8898836133693990e+01,-3.1207678287664842e-01
1.1661591934439668e+05,1,1.5000000000000000e+02,1.5512826050567843e+00,-4.4391993251759011e+01,-7.7521967883075682e-01,5.8277765773770291e+01,1.8897382033183362e+01,3.1205146656595284e-01

1.1667875158057718e+05,0,1.5000000000000000e+02,1.5821533544995838e+00,-4.4392443806351324e+01,-7.7523694640960084e-01,-1.7469013045710380e+01,2.0092268317001786e+01,3.5598006906908619e-01
1.1667875158057718e+05,1,1.5000000000000000e+02,1.5257449814006010e+00,-4.4412937427448924e+01,-7.7557742556761033e-01,1.7469031703098413e+01,-2.0093758888044928e+01,-3.5600608880670837e-01

1.1674158323984004e+05,0,1.5000000000000000e+02,1.5851927165983610e+00,-4.4416008380198136e+01,-7.7564913089272991e-01,-8.7027869204758908e+00,2.1460245843373535e+01,3.7718408790257246e-01
1.1674158323984004e+05,1,1.5000000000000000e+02,1.5244420072820226e+00,-4.4437567631693852e+01,-7.7600688504704962e-01,8.7030316557052636e+00,-2.1461703113278368e+01,-3.7720959532581738e-01

1.1680441519278256e+05,0,1.5000000000000000e+02,1.5585154806723005e+00,-4.4427647752388353e+01,-7.7584413925522622e-01,-3.4021132506973444e+01,-1.6055247508656059e+01,-2.6983874841563815e-01
1.1680441519278256e+05,1,1.5000000000000000e+02,1.5529741538181594e+00,-4.4474096007649855e+01,-7.7665308501367392e-01,3.4021586446816755e+01,1.6053895020095759e+01,2.6981500594817409e-01

1.1686724692358842e+05,0,1.5000000000000000e+02,1.5817086267652709e+00,-4.4458911498198489e+01,-7.7639683232157863e-01,-4.9350907442712888e+00,2.6683856425310118e+01,4.6720089859021113e-01
1.1686724692358842e+05,1,1.5000000000000000e+02,1.5317445076634646e+00,-4.4490932456250349e+01,-7.7694045438103976e-01,4.9357138954732811e+00,-2.6685037660762418e+01,-4.6722170382614286e-01

1.1693007866182916e+05,0,1.5000000000000000e+02,1.5786163461622411e+00,-4.4488240545651969e+01,-7.7690775284753699e-01,3.2233634253690582e+00,3.7382195698210651e+01,6.5142733013415999e-01
1.1693007866182916e+05,1,1.5000000000000000e+02,1.5368848748661141e+00,-4.4509599524823635e+01,-7.7726780565362819e-01,-3.2226344674600114e+00,-3.7383154654367516e+01,-6.5144428829403234e-01

1.1699291094764351e+05,0,1.5000000000000000e+02,1.5514475695888656e+00,-4.4491963343571435e+01,-7.7696444820619492e-01,-2.1834283756071528e+01,-9.6834364955217218e+00,-1.6234782805938142e-01
1.1699291094764351e+05,1,1.5000000000000000e+02,1.5661490665723050e+00,-4.4553740656344054e+01,-7.7804708953684554e-01,2.1835038140493211e+01,9.6827278742979068e+00,1.6233523110092896e-01

1.1705574232919519e+05,0,1.5000000000000000e+02,1.5592282489430114e+00,-4.4556728924365309e+01,-7.7809713377778522e-01,7.4895219205647209e+01,8.1540931260442377e+00,1.1949299897416554e-01
1.1705574232919519e+05,1,1.5000000000000000e+02,1.5604616164041136e+00,-4.4536691029049202e+01,-7.7774780000896915e-01,-7.4894529078687071e+01,-8.1545522794803205e+00,-1.1950122254457618e-01

1.1711857422090991e+05,0,1.5000000000000000e+02,1.5457212177396640e+00,-4.4579044364854752e+01,-7.7848247731266695e-01,4.3823577851271246e+01,-2.4492011268886664e+01,-4.4079463896570764e-01
1.1711857422090991e+05,1,1.5000000000000000e+02,1.5760067129123740e+00,-4.4561948059674158e+01,-7.7819333160458082e-01,-4.3823037771448945e+01,2.4491768396396957e+01,4.4079023572754022e-01

1.1718140625095033e+05,0,1.5000000000000000e+02,1.5588775818954341e+00,-4.4573767634542769e+01,-7.7839439361435314e-01,-3.9005126230552690e+01,1.7739011960194325e+01,3.2147069145679907e-01
1.1718140625095033e+05,1,1.5000000000000000e+02,1.5647803889206491e+00,-4.4614677693335132e+01,-7.7911017077688571e-01,3.9005442145412033e+01,-1.7739103456579208e+01,-3.2147238452956373e-01

1.1724423791307749e+05,0,1.5000000000000000e+02,1.5343149348558907e+00,-4.4627584877881638e+01,-7.7932615151422679e-01,1.6988323008547461e+01,-2.0462371931322792e+01,-3.6229283376899341e-01
1.1724423791307749e+05,1,1.5000000000000000e+02,1.5911222845259074e+00,-4.4608238362691296e+01,-7.7900581365612864e-01,-1.6988275390030687e+01,2.0462339855263473e+01,3.6229225945551341e-01

1.1730707007140372e+05,0,1.5000000000000000e+02,1.5398540379023220e+00,-4.4660696107971177e+01,-7.7990570964243522e-01,2.2028952069856786e+01,-1.3720240880205745e+01,-2.4616196392094780e-01
1.1730707007140372e+05,1,1.5000000000000000e+02,1.5871873939329639e+00,-4.4622491179751549e+01,-7.7925336100523190e-01,-2.2029182124784228e+01,1.3720162381426013e+01,2.4616066400787368e-01

1.1736990161619196e+05,0,1.5000000000000000e+02,1.5606802297441271e+00,-4.4690666031777610e+01,-7.8043510136587757e-01,3.1182946324861422e+01,1.2769049884021447e+01,2.1335129675280881e-01
1.1736990161619196e+05,1,1.5000000000000000e+02,1.5677913340171592e+00,-4.4639941273965498e+01,-7.7955199855266077e-01,-3.1183419832324976e+01,-1.2769280262356459e+01,-2.1335517316597727e-01

1.1743273365990995e+05,0,1.5000000000000000e+02,1.5452861067900061e+00,-4.4712846842722790e+01,-7.8081752042524943e-01,1.3912253728863615e+01,-2.1170142545947890e+01,-3.7370806227009212e-01
1.1743273365990995e+05,1,1.5000000000000000e+02,1.5844708170330748e+00,-4.4665304763130955e+01,-7.7999973368171061e-01,-1.3912896030524021e+01,2.1169671836387629e+01,3.7370004291894388e-01

1.1749556527088732e+05,0,1.5000000000000000e+02,1.5482017778156771e+00,-4.4728013499059912e+01,-7.8108310337500242e-01,5.9288346490221429e+00,-3.7973984257297282e+01,-6.6454352529959482e-01
1.1749556527088732e+05,1,1.5000000000000000e+02,1.5827537195658616e+00,-4.4697860351837413e+01,-7.8056738405288628e-01,-5.9295372716683303e+00,3.7973220636329422e+01,6.6453041231519427e-01

1.1755839739400781e+05,0,1.5000000000000000e+02,1.5801311221243324e+00,-4.4765851869770529e+01,-7.8175320081580513e-01,2.0506420916773852e+01,1.0795142968816922e+01,1.8215429197988475e-01
1.1755839739400781e+05,1,1.5000000000000000e+02,1.5520144155072135e+00,-4.4707950641400835e+01,-7.8073411977121343e-01,-2.0507058871041185e+01,-1.0796204174073136e+01,-1.8217261822615949e-01

1.1762122895685989e+05,0,1.5000000000000000e+02,1.5613006773559073e+00,-4.4752859312134134e+01,-7.8152071313232852e-01,-5.9682675845547898e+01,-4.8344652992490914e+01,-8.2554922586815616e-01
1.1762122895685989e+05,1,1.5000000000000000e+02,1.5721153260550194e+00,-4.4769069944519948e+01,-7.8180692217514536e-01,5.9682223585698090e+01,4.8343342985522675e+01,8.2552650086466672e-01

1.1768406089609089e+05,0,1.5000000000000000e+02,1.5690056632206355e+00,-4.4771578087236719e+01,-7.8184974807715768e-01,-5.7461737716197909e+01,-2.0234380268266040e+01,-3.3563389216319883e-01
1.1768406089609089e+05,1,1.5000000000000000e+02,1.5658423170861941e+00,-4.4798631037420009e+01,-7.8232092349965610e-01,5.7461562751962511e+01,2.0232918486531371e+01,3.3560843385153583e-01

1.1774689293677277e+05,0,1.5000000000000000e+02,1.5905019636231488e+00,-4.4821816335101026e+01,-7.8273307495790434e-01,2.9183461166612048e+01,1.7054933599127867e+01,2.8875939025225472e-01
1.1774689293677277e+05,1,1.5000000000000000e+02,1.5459972666523254e+00,-4.4796744873538664e+01,-7.8228196002561057e-01,-2.9183313551148863e+01,-1.7056413803472783e+01,-2.8878526835113205e-01

1.1780972472727761e+05,0,1.5000000000000000e+02,1.5706693161128025e+00,-4.4810990184199959e+01,-7.8253809097504001e-01,-3.4432831191033060e+01,-1.8791583641862598e+01,-3.1746898178210381e-01
1.1780972472727761e+05,1,1.5000000000000000e+02,1.5677183771743037e+00,-4.4855891796033710e+01,-7.8332083320118051e-01,3.4433281347917145e+01,1.8790228832226891e+01,3.1744519995840192e-01

1.1787255649349611e+05,0,1.5000000000000000e+02,1.5686074644169685e+00,-4.4830123946006246e+01,-7.8287139314043097e-01,-2.6254852769414871e+01,-1.5734890652376311e+01,-2.6661361472830702e-01
1.1787255649349611e+05,1,1.5000000000000000e+02,1.5718752450249927e+00,-4.4884941930849934e+01,-7.8382909436530313e-01,2.6255523306859811e+01,1.5733787032178864e+01,2.6659414962951433e-01

1.1793538828878567e+05,0,1.5000000000000000e+02,1.5672792085783502e+00,-4.4890541748588397e+01,-7.8392542464356163e-01,7.2973809329012909e+01,-2.1176280680456117e+01,-3.9180728087549477e-01
1.1793538828878567e+05,1,1.5000000000000000e+02,1.5754264722889546e+00,-4.4872485712944005e+01,-7.8361278529554512e-01,-7.2973054151406984e+01,2.1175506404363290e+01,3.9179353783956006e-01

1.1799822032895588e+05,0,1.5000000000000000e+02,1.5501094069507682e+00,-4.4886267372701333e+01,-7.8384559610148385e-01,-8.3624316186043757e+00,-2.6188925809695654e+01,-4.5451230543762233e-01
1.1799822032895588e+05,1,1.5000000000000000e+02,1.5948327623613421e+00,-4.4924456688355249e+01,-7.8452571576547780e-01,8.3631116287320069e+00,2.6188488692038625e+01,4.5450446952629286e-01

1.1806105236686571e+05,0,1.5000000000000000e+02,1.5455507367257582e+00,-4.4925453797367709e+01,-7.8452810487607116e-01,9.3576209555141876e+00,-2.7849566207378395e+01,-4.8889258772964694e-01
1.1806105236686571e+05,1,1.5000000000000000e+02,1.6015134588634963e+00,-4.4932717203187856e+01,-7.8467191687327731e-01,-9.3571686000621224e+00,2.7849397106604592e+01,4.8888949870917520e-01

1.1812388377703805e+05,0,1.5000000000000000e+02,1.5673876462483280e+00,-4.4968724330137988e+01,-7.8528993212135489e-01,4.9460409515151426e+01,6.5225568868145132e+00,9.8767045431440770e-02
1.1812388377703805e+05,1,1.5000000000000000e+02,1.5815729689553197e+00,-4.4936721208871234e+01,-7.8473572195795793e-01,-4.9460289400723454e+01,-6.5225949468483222e+00,-9.8767746263826672e-02

1.1818671607327751e+05,0,1.5000000000000000e+02,1.5562194376373915e+00,-4.4997650685847844e+01,-7.8579136451327536e-01,2.7543021795570105e+01,-8.2986542982074418e+00,-1.5322199846907930e-01
1.1818671607327751e+05,1,1.5000000000000000e+02,1.5943481810082385e+00,-4.4955023810566551e+01,-7.8505903823081102e-01,-2.7543262533845699e+01,8.2985713817942290e+00,1.5322062471244591e-01

1.1824954784549610e+05,0,1.5000000000000000e+02,1.5691591713457280e+00,-4.5028042350406544e+01,-7.8632571413998631e-01,2.7859234829481245e+01,5.2937441660485263e+00,8.3901735041455150e-02
1.1824954784549610e+05,1,1.5000000000000000e+02,1.5827310302797886e+00,-4.4971964322324986e+01,-7.8535115203675243e-01,-2.7859773460350695e+01,-5.2940449767459938e+00,-8.3906820829560358e-02

1.1831237940199749e+05,0,1.5000000000000000e+02,1.5862209208676374e+00,-4.5018417332846262e+01,-7.8616293205928844e-01,-5.1100039297470815e+01,4.8431423604241857e+01,8.6081164243161234e-01
1.1831237940199749e+05,1,1.5000000000000000e+02,1.5667886075588491e+00,-4.5029158126511305e+01,-7.8634446503365341e-01,5.1099346962972731e+01,-4.8432066311634614e+01,-8.6082264831652555e-01

1.1837521127328640e+05,0,1.5000000000000000e+02,1.5980066233308463e+00,-4.5067415111851247e+01,-7.8702165159273840e-01,9.0956792802828446e+00,2.6993748248538484e+01,4.6833502237792085e-01
1.1837521127328640e+05,1,1.5000000000000000e+02,1.5560616140861636e+00,-4.5028045457892290e+01,-7.8632177856058383e-01,-9.0963335887832457e+00,-2.6994769496887823e+01,-4.6835264629737877e-01

1.1843804336183514e+05,0,1.5000000000000000e+02,1.5970190991677029e+00,-4.5064756236732251e+01,-7.8697494705836457e-01,-3.4060680192069832e+01,2.5988863971972009e+01,4.6394422081614278e-01
1.1843804336183514e+05,1,1.5000000000000000e+02,1.5582185804542783e+00,-4.5078902554357740e+01,-7.8721001442828631e-01,3.4060254578736284e+01,-2.5990196763014424e+01,-4.6396735157364782e-01

1.1850087521831170e+05,0,1.5000000000000000e+02,1.5989541576099204e+00,-4.5113466826932012e+01,-7.8782565363160428e-01,2.9142203198953968e+01,1.1504016389014126e+01,1.9189509555570472e-01
1.1850087521831170e+05,1,1.5000000000000000e+02,1.5577162618395266e+00,-4.5078608304374121e+01,-7.8720472610817016e-01,-2.9142266156704277e+01,-1.1505500889797055e+01,-1.9192098448995676e-01

1.1856370684837595e+05,0,1.5000000000000000e+02,1.5692788330136909e+00,-4.5120206265349189e+01,-7.8793423303669774e-01,1.0952633578492680e+01,-7.4958043693372417e+01,-1.3115347766190826e+00
1.1856370684837595e+05,1,1.5000000000000000e+02,1.5891726149000622e+00,-4.5120336450009525e+01,-7.8794256537291330e-01,-1.0952303658726137e+01,7.4956620446172764e+01,1.3115098370241187e+00

1.1862653861122364e+05,0,1.5000000000000000e+02,1.5937080872039631e+00,-4.5151945569228275e+01,-7.8849560228037485e-01,4.7259139293273883e+01,2.9047887760329282e+01,4.9255885423546153e-01
1.1862653861122364e+05,1,1.5000000000000000e+02,1.5668572170208788e+00,-4.5136921527827482e+01,-7.8822521694492620e-01,-4.7258502596726480e+01,-2.9049048066513983e+01,-4.9257929833101910e-01

1.1868937069373569e+05,0,1.5000000000000000e+02,1.5704005581463303e+00,-4.5141117212768684e+01,-7.8829952121083846e-01,-1.9533978001160158e+01,-1.9133800825201316e+01,-3.2798017611458741e-01
1.1868937069373569e+05,1,1.5000000000000000e+02,1.5924899322595703e+00,-4.5195767169618719e+01,-7.8926002361962311e-01,1.9534733700321951e+01,1.9133032059372791e+01,3.2796652908865498e-01

1.1875220241851964e+05,0,1.5000000000000000e+02,1.5664309237754899e+00,-4.5164551990708382e+01,-7.8870730523968346e-01,-2.0589651092403837e+01,-1.0789634280352583e+01,-1.8203279746057027e-01
1.1875220241851964e+05,1,1.5000000000000000e+02,1.5987964550645133e+00,-4.5219966044750571e+01,-7.8968427343885639e-01,2.0590292406321556e+01,1.0789265150080997e+01,1.8202615988245435e-01

1.1881503417343987e+05,0,1.5000000000000000e+02,1.5542461600230024e+00,-4.5215320557916193e+01,-7.8958962706949476e-01,9.9768584866447014e+00,-2.5512480434729731e+01,-4.4829345708474599e-01
1.1881503417343987e+05,1,1.5000000000000000e+02,1.6131128895840583e+00,-4.5216494618980029e+01,-7.8962805000332503e-01,-9.9765364956992926e+00,2.5512385701471175e+01,4.4829170567105647e-01

1.1887786601417096e+05,0,1.5000000000000000e+02,1.5620255691014884e+00,-4.5227332676261199e+01,-7.8980163734582787e-01,-2.8674489667421671e+01,-1.7614947117631242e+01,-2.9868802325397814e-01
1.1887786601417096e+05,1,1.5000000000000000e+02,1.6070979774484102e+00,-4.5251608500138389e+01,-7.9023903942943641e-01,2.8674387039837267e+01,1.7614903245688719e+01,2.9868728884550355e-01

1.1894069788152844e+05,0,1.5000000000000000e+02,1.5630683896645332e+00,-4.5260510871082374e+01,-7.9038099440255849e-01,-2.4858228739452166e+01,-3.0737439784184751e+01,-5.2886965735493163e-01
1.1894069788152844e+05,1,1.5000000000000000e+02,1.6074087004926674e+00,-4.5265622225132340e+01,-7.9048370734866080e-01,2.4857742093314016e+01,3.0737196017235696e+01,5.2886555128224377e-01

1.1900353020461975e+05,0,1.5000000000000000e+02,1.5902163884312002e+00,-4.5316712801504615e+01,-7.9137012354876612e-01,2.3092206065854100e+01,1.2226700032338432e+01,2.0635069243760701e-01
1.1900353020461975e+05,1,1.5000000000000000e+02,1.5813049387157565e+00,-4.5256907708444977e+01,-7.9032366603705062e-01,-2.3092896586698338e+01,-1.2227331723758379e+01,-2.0636150661904146e-01

1.1906636169056399e+05,0,1.5000000000000000e+02,1.5766186268770535e+00,-4.5331096287471993e+01,-7.9161700770471843e-01,2.0976431549738386e+01,-3.3106909347695002e+01,-5.8418534902646679e-01
1.1906636169056399e+05,1,1.5000000000000000e+02,1.5958619779090171e+00,-4.5290441322339575e+01,-7.9091334288765058e-01,-2.0977063735904366e+01,3.3105836744061314e+01,5.8416682209543858e-01

1.1912919350355375e+05,0,1.5000000000000000e+02,1.5930910785365795e+00,-4.5357764802079672e+01,-7.9208745554710469e-01,3.5493779951791609e+01,-1.0428753471171074e+01,-1.9281941755247811e-01
1.1912919350355375e+05,1,1.5000000000000000e+02,1.5805337088768223e+00,-4.5312100263439085e+01,-7.9128667407111553e-01,-3.5494103449352821e+01,1.0427353278611999e+01,1.9279507936969897e-01

1.1919202575664470e+05,0,1.5000000000000000e+02,1.6075323032968181e+00,-4.5341411906918637e+01,-7.9180645748418055e-01,-2.9879864492271903e+01,1.0682323922700338e+01,1.9553464874347271e-01
1.1919202575664470e+05,1,1.5000000000000000e+02,1.5676376750917966e+00,-4.5377009973593083e+01,-7.9241557619546232e-01,2.9879988751218850e+01,-1.0683807190189807e+01,-1.9556057318504233e-01

1.1925485759097227e+05,0,1.5000000000000000e+02,1.6116605289183321e+00,-4.5361167393261731e+01,-7.9215249589031800e-01,-1.5929769800449392e+01,1.6897234389667393e+01,2.9975013425948804e-01
1.1925485759097227e+05,1,1.5000000000000000e+02,1.5655247780359047e+00,-4.5405754749182137e+01,-7.9291659807972426e-01,1.5930308665682411e+01,-1.6898513945682243e+01,-2.9977262974843233e-01

1.1931768940929012e+05,0,1.5000000000000000e+02,1.5856848133106185e+00,-4.5377064746297833e+01,-7.9242202993700661e-01,-2.3037839852415619e+01,-1.0447769951536355e+01,-1.7532064338920433e-01
1.1931768940929012e+05,1,1.5000000000000000e+02,1.5938662692525936e+00,-4.5438022222564314e+01,-7.9348837692869045e-01,2.3038588352830576e+01,1.0446907866440281e+01,1.7530536991061824e-01

1.1938052096467563e+05,0,1.5000000000000000e+02,1.6003690322468589e+00,-4.5435635578070475e+01,-7.9344870523130351e-01,4.4294792072305235e+01,5.9338663922582150e+01,1.0221088287230418e+00
1.1938052096467563e+05,1,1.5000000000000000e+02,1.5816238653536261e+00,-4.5427124991298470e+01,-7.9329446461728137e-01,-4.4294134118150644e+01,-5.9339061832875736e+01,-1.0221159736507752e+00

1.1944335292572161e+05,0,1.5000000000000000e+02,1.5908485642990382e+00,-4.5467799773711491e+01,-7.9400714763407987e-01,6.0131056192435075e+01,2.0299954166516365e+01,3.3596515223383461e-01
1.1944335292572161e+05,1,1.5000000000000000e+02,1.5933389268288989e+00,-4.5442189736243158e+01,-7.9356094949777789e-01,-6.0130759637298887e+01,-2.0300038581315228e+01,-3.3596671581693938e-01

1.1950618489384597e+05,0,1.5000000000000000e+02,1.5709927364573890e+00,-4.5467856790266438e+01,-7.9400209401062372e-01,-2.9963654234935898e+01,-1.9384545585685668e+01,-3.2917905299241562e-01
1.1950618489384597e+05,1,1.5000000000000000e+02,1.6149076606745980e+00,-4.5489161879830711e+01,-7.9438729702384259e-01,2.9963466051826746e+01,1.9384480670420157e+01,3.2917797739044558e-01

1.1956901667054082e+05,0,1.5000000000000000e+02,1.6004325686920253e+00,-4.5523234141746507e+01,-7.9497753043194597e-01,2.5285313771048703e+01,3.0568291404552859e+01,5.2578750693012455e-01
1.1956901667054082e+05,1,1.5000000000000000e+02,1.5866685680848427e+00,-4.5480963761345336e+01,-7.9423561760555694e-01,-2.5285894005842753e+01,-3.0568649392919674e+01,-5.2579357793103543e-01

1.1963184862051648e+05,0,1.5000000000000000e+02,1.6125889134652003e+00,-4.5534521792462456e+01,-7.9517823035461344e-01,-5.7891242025950547e+00,4.2737400020814270e+01,7.4763403281882246e-01
1.1963184862051648e+05,1,1.5000000000000000e+02,1.5754048789018040e+00,-4.5517306435853833e+01,-7.9486645347362550e-01,5.7884265414729406e+00,-4.2738239839171506e+01,-7.4764847714060378e-01

1.1969468024028337e+05,0,1.5000000000000000e+02,1.5877649843016817e+00,-4.5567360406630478e+01,-7.9574378103571697e-01,2.8310479567115976e+01,-3.7797994547676609e+01,-6.6829026692220028e-01
1.1969468024028337e+05,1,1.5000000000000000e+02,1.6011751289690010e+00,-4.5532653958940038e+01,-7.9514215517611020e-01,-2.8310954106519254e+01,3.7796704676365323e+01,6.6826790012332304e-01

1.1975751203877947e+05,0,1.5000000000000000e+02,1.6035909283376268e+00,-4.5557398853217876e+01,-7.9557474908346815e-01,-4.6346154621228351e+01,-4.5705998211831513e+00,-6.5649401902222904e-02
1.1975751203877947e+05,1,1.5000000000000000e+02,1.5867049309108723e+00,-4.5591200300247309e+01,-7.9615952164458503e-01,4.6346145958952263e+01,4.5691110234257764e+00,6.5623421436727836e-02

1.1982034385442162e+05,0,1.5000000000000000e+02,1.5857854674329739e+00,-4.5598914402977996e+01,-7.9629387121958850e-01,1.8335410342302612e+01,-7.1518756907526495e+01,-1.2537599825428480e+00
1.1982034385442162e+05,1,1.5000000000000000e+02,1.6064494091105095e+00,-4.5598304738592951e+01,-7.9628952602558145e-01,-1.8334930600947555e+01,7.1517425915610744e+01,1.2537366073853846e+00

1.1988317615292060e+05,0,1.5000000000000000e+02,1.5941919192627079e+00,-4.5592190337535605e+01,-7.9617908099866397e-01,-2.3380847021046389e+01,-9.7498523725088972e+00,-1.6303581087139823e-01
1.1988317615292060e+05,1,1.5000000000000000e+02,1.6004543325539131e+00,-4.5653283219494199e+01,-7.9724720654197967e-01,2.3381591702533147e+01,9.7489670580570262e+00,1.6302013314871039e-01

1.1994600793436612e+05,0,1.5000000000000000e+02,1.5828817344622159e+00,-4.5618701214614823e+01,-7.9663831416413489e-01,-2.0978519381647242e+01,-1.0202855633065809e+01,-1.7167363594353652e-01
1.1994600793436612e+05,1,1.5000000000000000e+02,1.6142864855137689e+00,-4.5674425947595644e+01,-7.9762041177314158e-01,2.0979161416503114e+01,1.0202484653350893e+01,1.7166696586922520e-01

1.2000883968785837e+05,0,1.5000000000000000e+02,1.5725682976506166e+00,-4.5676900215283851e+01,-7.9765088498255532e-01,1.9207439093065716e+01,-2.2666870090566086e+01,-4.0144264741329250e-01
1.2000883968785837e+05,1,1.5000000000000000e+02,1.6267938514742071e+00,-4.5663350318774143e+01,-7.9743092556964279e-01,-1.9207223991622648e+01,2.2666812664369800e+01,4.0144157966054461e-01

1.2007167146625493e+05,0,1.5000000000000000e+02,1.5714032090753232e+00,-4.5695874032340527e+01,-7.9798166883470867e-01,-8.8755185281998230e+00,-2.6312291682008635e+01,-4.5650903362432788e-01
1.2007167146625493e+05,1,1.5000000000000000e+02,1.6295393894001222e+00,-4.5691328844724097e+01,-7.9792005456673931e-01,8.8752010223954123e+00,2.6312172532172163e+01,4.5650705089546012e-01

1.2013450335169176e+05,0,1.5000000000000000e+02,1.5830390260494553e+00,-4.5741608149707467e+01,-7.9878338390031212e-01,1.4820873264261746e+01,-2.1373981908032825e+01,-3.7754234507697981e-01
1.2013450335169176e+05,1,1.5000000000000000e+02,1.6189074889212485e+00,-4.5692848179618537e+01,-7.9794333179874810e-01,-1.4821538648750018e+01,2.1373448052383274e+01,3.7753323070907496e-01

1.2019733533309943e+05,0,1.5000000000000000e+02,1.6229967768019915e+00,-4.5745818007912483e+01,-7.9886902850664732e-01,-1.3787418700789324e+01,3.7389460624491250e+01,6.5673616459894180e-01
1.2019733533309943e+05,1,1.5000000000000000e+02,1.5797398216798926e+00,-4.5736520483736008e+01,-7.9869358684389336e-01,1.3786790019275067e+01,-3.7390539663476233e+01,-6.5675480490898797e-01

1.2026016697407488e+05,0,1.5000000000000000e+02,1.6328167944568932e+00,-4.5773034172193569e+01,-7.9934700757137400e-01,3.0018142932927887e+00,2.3350962635267273e+01,4.0661603911417621e-01
1.2026016697407488e+05,1,1.5000000000000000e+02,1.5710001304084062e+00,-4.5757798504039158e+01,-7.9906227710836664e-01,-3.0020309002766865e+00,-2.3352410240710178e+01,-4.0664123732717838e-01

1.2032299866522229e+05,0,1.5000000000000000e+02,1.6217524521651903e+00,-4.5767692898599890e+01,-7.9925041893612725e-01,-2.6518709454330661e+01,8.3674420511629783e+00,1.5411047104571954e-01
1.2032299866522229e+05,1,1.5000000000000000e+02,1.5837941884454079e+00,-4.5811871168776896e+01,-8.0000987272656343e-01,2.6519050107175779e+01,-8.3688604070527113e+00,-1.5413532854355613e-01

1.2038583088576596e+05,0,1.5000000000000000e+02,1.6221831446984922e+00,-4.5789855964385126e+01,-7.9963734898493977e-01,-1.4563101250358340e+01,2.1561975216728854e+01,3.8074475486907766e-01
1.2038583088576596e+05,1,1.5000000000000000e+02,1.5857327777426364e+00,-4.5838141891264129e+01,-8.0046895062460455e-01,1.4563817220258745e+01,-2.1562972049805524e+01,-3.8076237011351544e-01

1.2044866276050727e+05,0,1.5000000000000000e+02,1.6032616049998323e+00,-4.5808704079544825e+01,-7.9996052983846799e-01,-2.6133456051697195e+01,8.9072306111332971e+00,1.6341371951857003e-01
1.2044866276050727e+05,1,1.5000000000000000e+02,1.6072627313871890e+00,-4.5867048568577971e+01,-8.0098000044900697e-01,2.6134130999484519e+01,-8.9076594679098129e+00,-1.6342140971298541e-01

1.2051149469891553e+05,0,1.5000000000000000e+02,1.5791289600710141e+00,-4.5867492375622810e+01,-8.0097917549321695e-01,1.8574963675022158e+01,-2.3167601115317837e+01,-4.0998893594645697e-01
1.2051149469891553e+05,1,1.5000000000000000e+02,1.6336750750055322e+00,-4.5855359229038243e+01,-8.0078403942927612e-01,-1.8574731361449732e+01,2.3167538687408808e+01,4.0998777565828620e-01

1.2057432615575711e+05,0,1.5000000000000000e+02,1.5785143841992908e+00,-4.5887570910688098e+01,-8.0132940704736999e-01,-9.0626063922446392e+00,-2.6823826941992397e+01,-4.6537956176762424e-01
1.2057432615575711e+05,1,1.5000000000000000e+02,1.6358536256853986e+00,-4.5882162655040432e+01,-8.0125248739154431e-01,9.0622621604595466e+00,2.6823692542149832e+01,4.6537732103064039e-01

1.2063715842807674e+05,0,1.5000000000000000e+02,1.6071183021790203e+00,-4.5939811814437782e+01,-8.0224985024774820e-01,2.3855176021210294e+01,4.7624039692626710e+00,7.5848338047988018e-02
1.2063715842807674e+05,1,1.5000000000000000e+02,1.6081540987871870e+00,-4.5877186539144986e+01,-8.0115720402804502e-01,-2.3855861868945698e+01,-4.7630145669496002e+00,-7.5858785515869609e-02

1.2069998985549732e+05,0,1.5000000000000000e+02,1.6086281876386932e+00,-4.5922086732801468e+01,-8.0194096489991273e-01,-7.2169838990365392e+01,-1.2909114720326993e+01,-2.0330980892997513e-01
1.2069998985549732e+05,1,1.5000000000000000e+02,1.6073824012761626e+00,-4.5942934522561004e+01,-8.0230442949252001e-01,7.2169277013348520e+01,1.2907925720263446e+01,2.0328922921368092e-01

1.2076282179609637e+05,0,1.5000000000000000e+02,1.6091763688593288e+00,-4.5942517852351152e+01,-8.0229770411519297e-01,-5.2950854907336200e+01,-2.4934482370162726e+01,-4.1903614766632408e-01
1.2076282179609637e+05,1,1.5000000000000000e+02,1.6080324318720103e+00,-4.5971170457773113e+01,-8.0279741254955272e-01,5.2950810845027483e+01,2.4932996550996130e+01,4.1901022996855114e-01

1.2082565351981779e+05,0,1.5000000000000000e+02,1.6319420230197419e+00,-4.5983952561834059e+01,-8.0302777468967779e-01,2.4710038216724858e+01,3.0301450155502117e+01,5.2130573286486981e-01
1.2082565351981779e+05,1,1.5000000000000000e+02,1.5872667842319477e+00,-4.5978486706850724e+01,-8.0291877281912549e-01,-2.4709511224750283e+01,-3.0302740513054523e+01,-5.2132841324886714e-01

1.2088848547940556e+05,0,1.5000000000000000e+02,1.5986331377367833e+00,-4.6009361089185475e+01,-8.0346106766811054e-01,4.2809420269260734e+01,-4.6535996046427499e+01,-8.2520627495755650e-01
1.2088848547940556e+05,1,1.5000000000000000e+02,1.6231769867770485e+00,-4.6001270340577811e+01,-8.0332734149914520e-01,-4.2808666210637675e+01,4.6535269571130215e+01,8.2519336650399955e-01

1.2095131731161951e+05,0,1.5000000000000000e+02,1.6228636258448843e+00,-4.6027070062652484e+01,-8.0377751328590763e-01,7.4955431284199179e+00,7.1064136864565739e+01,1.2379568103296661e+00
1.2095131731161951e+05,1,1.5000000000000000e+02,1.6015137674830633e+00,-4.6030918212536108e+01,-8.0383816889227189e-01,-7.4950744757860619e+00,-7.1064319665372523e+01,-1.2379601434110095e+00

1.2101414923417298e+05,0,1.5000000000000000e+02,1.5837756412732151e+00,-4.6063976236316627e+01,-8.0440970735884754e-01,1.2384938266289765e+01,-2.0475684447142534e+01,-3.6112282673179452e-01
1.2101414923417298e+05,1,1.5000000000000000e+02,1.6424964501472650e+00,-4.6040847539969754e+01,-8.0402394424064394e-01,-1.2385074888819297e+01,2.0475632884643723e+01,3.6112196846123901e-01

1.2107698132133269e+05,0,1.5000000000000000e+02,1.6028580808386386e+00,-4.6105760867411561e+01,-8.0514476287449999e-01,2.3066368839588762e+01,-5.1973903758769069e+00,-9.7733744234786091e-02
1.2107698132133269e+05,1,1.5000000000000000e+02,1.6244631386955191e+00,-4.6046087178471097e+01,-8.0410989501329566e-01,-2.3066995529620741e+01,5.1969505688833877e+00,9.7726259454609776e-02

1.2113981305105901e+05,0,1.5000000000000000e+02,1.6355198592767684e+00,-4.6104756935256049e+01,-8.0513719170075615e-01,-1.3274316523602185e+01,3.7604677490573600e+01,6.6033590901088590e-01
1.2113981305105901e+05,1,1.5000000000000000e+02,1.5924564610415137e+00,-4.6094903558681594e+01,-8.0495210803983230e-01,1.3273683858699723e+01,-3.7605747461251305e+01,-6.6035438984371286e-01

1.2120264494938566e+05,0,1.5000000000000000e+02,1.6460027678911322e+00,-4.6128462439663366e+01,-8.0555410324768939e-01,7.2417082525818088e-01,2.3530412909334963e+01,4.1044172338415374e-01
1.2120264494938566e+05,1,1.5000000000000000e+02,1.5830042723818691e+00,-4.6119824854822660e+01,-8.0538416519160239e-01,-7.2430868328362052e-01,-2.3531883207664720e+01,-4.1046734163250087e-01

1.2126547684368058e+05,0,1.5000000000000000e+02,1.6292322952281184e+00,-4.6122707945614138e+01,-8.0544856466093917e-01,-2.7348485353258987e+01,2.7017754971777208e+00,5.5483732671759267e-02
1.2126547684368058e+05,1,1.5000000000000000e+02,1.6016929306320569e+00,-4.6174417843336407e+01,-8.0634263741593581e-01,2.7348972385890882e+01,-2.7031007363757169e+00,-5.5507009651893202e-02

1.2132830848156591e+05,0,1.5000000000000000e+02,1.6331125696617632e+00,-4.6167990936263251e+01,-8.0624004390922677e-01,1.3113702460054157e+01,4.9346874533108682e+01,8.5722684528253656e-01
1.2132830848156591e+05,1,1.5000000000000000e+02,1.6004530387749918e+00,-4.6177390804208201e+01,-8.0639414505718177e-01,-1.3112948015543907e+01,-4.9347609981939776e+01,-8.5723991046422998e-01

1.2139114020614390e+05,0,1.5000000000000000e+02,1.6253475620401603e+00,-4.6202676675246735e+01,-8.0684302808405395e-01,4.8538752789544318e+01,6.0179943222682738e+01,1.0354983269062437e+00
1.2139114020614390e+05,1,1.5000000000000000e+02,1.6108313248699719e+00,-4.6190018250618287e+01,-8.0661768598909511e-01,-4.8538311244536075e+01,-6.0180106891750142e+01,-1.0355013178357961e+00

1.2145397216299985e+05,0,1.5000000000000000e+02,1.5889535055475212e+00,-4.6219771394318677e+01,-8.0713028528869923e-01,-8.7320948787121395e+00,-2.4779708036833284e+01,-4.2980545252092062e-01
1.2145397216299985e+05,1,1.5000000000000000e+02,1.6490537985912492e+00,-4.6219685371708351e+01,-8.0714709251413852e-01,8.7318847460917297e+00,2.4779635285736255e+01,4.2980424685079799e-01

1.2151680384639236e+05,0,1.5000000000000000e+02,1.6130365346208149e+00,-4.6234201849880755e+01,-8.0738946800202405e-01,-6.7012259526115812e+01,-2.1290028810400543e+01,-3.5114809634554089e-01
1.2151680384639236e+05,1,1.5000000000000000e+02,1.6258752866796466e+00,-4.6252328539261711e+01,-8.0770973345876496e-01,6.7011589688849810e+01,2.1289478093326480e+01,3.5113868905988999e-01

1.2157963570059402e+05,0,1.5000000000000000e+02,1.6146594418094904e+00,-4.6288962322862282e+01,-8.0834566448991374e-01,2.7688717855112490e+01,-2.8159565356584316e+01,-4.9988707422190887e-01
1.2157963570059402e+05,1,1.5000000000000000e+02,1.6248650392049293e+00,-4.6245588812752963e+01,-8.0759180132383035e-01,-2.7689265433540069e+01,2.8158356864283277e+01,4.9986614993145456e-01

1.2164246768638129e+05,0,1.5000000000000000e+02,1.6364970205828688e+00,-4.6274006496747184e+01,-8.0809130184329581e-01,-3.5782612986924093e+01,6.9206179009337987e+00,1.3168199780273376e-01
1.2164246768638129e+05,1,1.5000000000000000e+02,1.6042545622752296e+00,-4.6309363616122134e+01,-8.0869854654714446e-01,3.5782678492503834e+01,-6.9221059029366074e+00,-1.3170798697563996e-01

1.2170529942642878e+05,0,1.5000000000000000e+02,1.6217322088417583e+00,-4.6288645094159669e+01,-8.0834228280931275e-01,-2.7249990030212018e+01,-1.3617185805302988e+01,-2.2935141747393245e-01
1.2170529942642878e+05,1,1.5000000000000000e+02,1.6212686986863998e+00,-4.6343493892438744e+01,-8.0929938512883870e-01,2.7250639011121805e+01,1.3616046813321098e+01,2.2933134162005692e-01

1.2176813128129228e+05,0,1.5000000000000000e+02,1.6363266558598999e+00,-4.6332269749036321e+01,-8.0910808402628354e-01,-6.2835018569052181e-01,5.5040170740733942e+01,9.6077484609641461e-01
1.2176813128129228e+05,1,1.5000000000000000e+02,1.6094673495563838e+00,-4.6347752253575777e+01,-8.0937010875955306e-01,6.2903706092066614e-01,-5.5040624986388153e+01,-9.6078298302286169e-01

1.2183096311166571e+05,0,1.5000000000000000e+02,1.6170249745930687e+00,-4.6379232034271496e+01,-8.0992180904305966e-01,4.9981300634474877e+01,6.1898180548345270e+00,9.2801271522509943e-02
1.2183096311166571e+05,1,1.5000000000000000e+02,1.6311220123483194e+00,-4.6347713178837040e+01,-8.0937602358928407e-01,-4.9981166431507148e+01,-6.1898592870427809e+00,-9.2802032008101554e-02

1.2189379507112218e+05,0,1.5000000000000000e+02,1.6084479694988301e+00,-4.6379855056971543e+01,-8.0993006950015090e-01,-4.0230603234576932e+01,-2.8423621464330502e+01,-4.8380502849301954e-01
1.2189379507112218e+05,1,1.5000000000000000e+02,1.6409918900991198e+00,-4.6393850812266727e+01,-8.1018424305905667e-01,4.0230083079093333e+01,2.8423340676489090e+01,4.8380028652441709e-01

1.2195662681582462e+05,0,1.5000000000000000e+02,1.6449388730739156e+00,-4.6429767266973009e+01,-8.1081227405361855e-01,8.9164293603906959e+00,2.8771740833723360e+01,4.9941987703944757e-01
1.2195662681582462e+05,1,1.5000000000000000e+02,1.6050711148202996e+00,-4.6391513585827333e+01,-8.1013251023157185e-01,-8.9171014008539000e+00,-2.8772705693191316e+01,-4.9943651143480072e-01

1.2201945893513867e+05,0,1.5000000000000000e+02,1.6405733318539335e+00,-4.6421020534425317e+01,-8.1065829267752809e-01,-4.1432877293292648e+01,1.1003362764809438e+01,2.0465697697547169e-01
1.2201945893513867e+05,1,1.5000000000000000e+02,1.6103119988532539e+00,-4.6448898217835215e+01,-8.1113560674098151e-01,4.1432707718469899e+01,-1.1004824711619317e+01,-2.0468243980868284e-01

1.2208229087896127e+05,0,1.5000000000000000e+02,1.6538291574524919e+00,-4.6449975517383983e+01,-8.1116766500886406e-01,2.0079048077374502e+00,2.7838652253683907e+01,4.8523979982141274e-01
1.2208229087896127e+05,1,1.5000000000000000e+02,1.5990114058740388e+00,-4.6468887621659320e+01,-8.1148102744816319e-01,-2.0073817280023540e+00,-2.7839945692816759e+01,-4.8526253279534048e-01

1.2214512245787097e+05,0,1.5000000000000000e+02,1.6430328016620008e+00,-4.6476385801627174e+01,-8.1162529913267611e-01,5.0659506830531598e+00,5.1263872831686008e+01,8.9313468874538693e-01
1.2214512245787097e+05,1,1.5000000000000000e+02,1.6125995365011538e+00,-4.6490648490319664e+01,-8.1186494639853324e-01,-5.0652121211434746e+00,-5.1264481869791489e+01,-8.9314554291716608e-01

1.2220795470850197e+05,0,1.5000000000000000e+02,1.5982161004020130e+00,-4.6499703893045613e+01,-8.1201860333073694e-01,-3.1039806549014237e+00,-2.3358792626390773e+01,-4.0672156806884774e-01
1.2220795470850197e+05,1,1.5000000000000000e+02,1.6599718681195090e+00,-4.6514370481814304e+01,-8.1229338343798574e-01,3.1042372734187005e+00,2.3358721999360633e+01,4.0672025728170969e-01

1.2227078630265708e+05,0,1.5000000000000000e+02,1.6090808637269014e+00,-4.6525423215343537e+01,-8.1247077719874339e-01,-2.9668406848910021e+01,-2.8801476357667944e+01,-4.9361709825689187e-01
1.2227078630265708e+05,1,1.5000000000000000e+02,1.6505509871944091e+00,-4.6535316340053981e+01,-8.1265606919636701e-01,2.9667949852380179e+01,2.8801258958157192e+01,4.9361344332712903e-01

1.2233361839689685e+05,0,1.5000000000000000e+02,1.6290148999896927e+00,-4.6584857865484160e+01,-8.1351412747214868e-01,2.3923986697518480e+01,-7.4618507887962480e+00,-1.3751528633617999e-01
1.2233361839689685e+05,1,1.5000000000000000e+02,1.6311681793847941e+00,-4.6523334160932670e+01,-8.1244104673476325e-01,-2.3924671365355650e+01,7.4609362616387074e+00,1.3749953420774103e-01

1.2239644989434465e+05,0,1.5000000000000000e+02,1.6455547463334241e+00,-4.6564707685743002e+01,-8.1316749696776203e-01,-4.1762613747701380e+01,1.1389319150699071e+01,2.1149329326256450e-01
1.2239644989434465e+05,1,1.5000000000000000e+02,1.6154297119395691e+00,-4.6592117127805871e+01,-8.1363668061395933e-01,4.1762429230425013e+01,-1.1390776611734550e+01,-2.1151867325638485e-01

1.2245928196118712e+05,0,1.5000000000000000e+02,1.6218452950122306e+00,-4.6590370716639683e+01,-8.1360815598143599e-01,-2.0963584943114018e+01,-4.9932837590017741e+01,-8.6506197818901787e-01
1.2245928196118712e+05,1,1.5000000000000000e+02,1.6411111010648947e+00,-4.6615446319344109e+01,-8.1405165458991557e-01,2.0964123030051251e+01,4.9931558705178830e+01,8.6503949465055174e-01

1.2252211354569152e+05,0,1.5000000000000000e+02,1.6433432616473029e+00,-4.6604673658945011e+01,-8.1386432577744039e-01,-1.9739014552677258e+01,2.9109678903382882e+01,5.1404710076940430e-01
1.2252211354569152e+05,1,1.5000000000000000e+02,1.6224710891975269e+00,-4.6649265391965159e+01,-8.1463620047512353e-01,1.9739738471186254e+01,-2.9110231293226438e+01,-5.1405696183218574e-01

1.2258494534770139e+05,0,1.5000000000000000e+02,1.6413982190291856e+00,-4.6640983428988413e+01,-8.1449742616199339e-01,-3.4897154443331374e+01,5.7202085302991605e+01,1.0089448631837454e+00
1.2258494534770139e+05,1,1.5000000000000000e+02,1.6269176569862147e+00,-4.6659870569565214e+01,-8.1482264095999923e-01,3.4897318476805026e+01,-5.7202132091208597e+01,-1.0089457297222300e+00

1.2264777729759843e+05,0,1.5000000000000000e+02,1.6096015034148790e+00,-4.6689771700821758e+01,-8.1533921263065245e-01,5.7118665859490498e+00,-2.5910362173330071e+01,-4.5393819402192537e-01
1.2264777729759843e+05,1,1.5000000000000000e+02,1.6599630600833704e+00,-4.6657752165887274e+01,-8.1479573648057457e-01,-5.7124139478473346e+00,2.5910048112871493e+01,4.5393287965411866e-01

1.2271060907869719e+05,0,1.5000000000000000e+02,1.6255023416425012e+00,-4.6693254967499726e+01,-8.1540484798224322e-01,-4.5372891205005246e+01,-5.7466744387555003e+01,-9.8911090372439636e-01
1.2271060907869719e+05,1,1.5000000000000000e+02,1.6445123440930249e+00,-4.6701956873239212e+01,-8.1556250825027121e-01,4.5372261754340428e+01,5.7465670073136231e+01,9.8909234610238084e-01

1.2277344095016076e+05,0,1.5000000000000000e+02,1.6466205529912741e+00,-4.6739629955271575e+01,-8.1622063646570764e-01,4.2369333457381828e+01,-1.2415957984258341e-01,-1.5073976680323953e-02
1.2277344095016076e+05,1,1.5000000000000000e+02,1.6244057645702370e+00,-4.6704455206902637e+01,-8.1559998510538367e-01,-4.2369313207865446e+01,1.2267093224343739e-01,1.5047990027203251e-02

1.2283627279443273e+05,0,1.5000000000000000e+02,1.6338207165633878e+00,-4.6719623747536382e+01,-8.1586758079097144e-01,-2.5849890768267095e+01,-1.7249848729120632e+01,-2.9317664356707041e-01
1.2283627279443273e+05,1,1.5000000000000000e+02,1.6395465865272678e+00,-4.6773351230826769e+01,-8.1680699895443742e-01,2.5850570703713849e+01,1.7248766999307211e+01,2.9315755764650808e-01

1.2289910491410240e+05,0,1.5000000000000000e+02,1.6154850995004268e+00,-4.6769592897604262e+01,-8.1673407712497037e-01,1.9440223781612861e+01,-3.3443421897912103e+01,-5.8959032339066431e-01
1.2289910491410240e+05,1,1.5000000000000000e+02,1.6608199330362532e+00,-4.6771064264554305e+01,-8.1677356650113564e-01,-1.9439629671524433e+01,3.3443116314905254e+01,5.8958480924469625e-01

1.2296193675463593e+05,0,1.5000000000000000e+02,1.6171149541317353e+00,-4.6782432639908869e+01,-8.1695865808628754e-01,-2.9449416686262719e+01,-1.8741695723317452e+01,-3.1811642960222897e-01
1.2296193675463593e+05,1,1.5000000000000000e+02,1.6612752615475779e+00,-4.6804840399890551e+01,-8.1736318010359355e-01,2.9449264691248128e+01,1.8741639802330216e+01,3.1811549994725685e-01

1.2302476832536257e+05,0,1.5000000000000000e+02,1.6410607979882095e+00,-4.6807626284341715e+01,-8.1740564255701920e-01,-7.6412286446277690e+01,1.2496379094722336e+01,2.4136958388170382e-01
1.2302476832536257e+05,1,1.5000000000000000e+02,1.6380732281013968e+00,-4.6826598016664100e+01,-8.1773583482816381e-01,7.6411597276218274e+01,-1.2497014935551427e+01,-2.4138047089204639e-01

1.2308760037094320e+05,0,1.5000000000000000e+02,1.6583752273595689e+00,-4.6864913769819267e+01,-8.1841072163318507e-01,2.4717415616926132e+01,8.5947575797158926e+00,1.4246946430205770e-01
1.2308760037094320e+05,1,1.5000000000000000e+02,1.6212574821405501e+00,-4.6817641167754061e+01,-8.1757439368211982e-01,-2.4717790720993122e+01,-8.5961250799437501e+00,-1.4249321620439953e-01

1.2315043217069267e+05,0,1.5000000000000000e+02,1.6477459854616265e+00,-4.6878226900186668e+01,-8.1863982983225658e-01,5.8607868468805329e+01,2.4533097771746455e+00,2.4962273979609817e-02
1.2315043217069267e+05,1,1.5000000000000000e+02,1.6335662281095198e+00,-4.6853445331585768e+01,-8.1820301220425840e-01,-5.8607441834707821e+01,-2.4546785402323579e+00,-2.4986292157377576e-02

1.2321326389656877e+05,0,1.5000000000000000e+02,1.6553395567218052e+00,-4.6870044698526208e+01,-8.1849934403065749e-01,-1.5448555555113831e+01,3.2876725132472771e+01,5.7848410761748248e-01
1.2321326389656877e+05,1,1.5000000000000000e+02,1.6288547510998344e+00,-4.6909958405420028e+01,-8.1918786612231687e-01,1.5449297187843808e+01,-3.2877351206402935e+01,-5.7849526004163376e-01

1.2327609578031977e+05,0,1.5000000000000000e+02,1.6296913996181597e+00,-4.6928483231880229e+01,-8.1951142384628051e-01,4.2637217505661390e+01,-7.4917756462358422e+00,-1.4373821301587503e-01
1.2327609578031977e+05,1,1.5000000000000000e+02,1.6571189280767498e+00,-4.6898420471836232e+01,-8.1899511166720118e-01,-4.2637045443464466e+01,7.4917272721978403e+00,1.4373731635499787e-01

1.2333892769203596e+05,0,1.5000000000000000e+02,1.6563769918964499e+00,-4.6944310516898263e+01,-8.1979577741809484e-01,3.6421440467064912e+00,5.7810638021274613e+01,1.0078252340189804e+00
1.2333892769203596e+05,1,1.5000000000000000e+02,1.6316060281956557e+00,-4.6929197237618375e+01,-8.1952446827486614e-01,-3.6427261001048237e+00,-5.7811001084225367e+01,-1.0078313930303653e+00

1.2340175975331532e+05,0,1.5000000000000000e+02,1.6615415539657590e+00,-4.6987263979058142e+01,-8.2054699204851156e-01,2.0253071321630699e+01,1.1813152117339246e+01,1.9999818001911845e-01
1.2340175975331532e+05,1,1.5000000000000000e+02,1.6267956122541565e+00,-4.6934095065245003e+01,-8.1960848179775814e-01,-2.0253635446551030e+01,-1.1814337438431917e+01,-2.0001869487526464e-01

1.2346459148055746e+05,0,1.5000000000000000e+02,1.6752187124643876e+00,-4.6985727503533077e+01,-8.2052434342346514e-01,7.8337660426681950e+00,2.4303008718922687e+01,4.2175956280395405e-01
1.2346459148055746e+05,1,1.5000000000000000e+02,1.6143509236784053e+00,-4.6984710846418992e+01,-8.2048805797885160e-01,-7.8335510262701007e+00,-2.4304472354231262e+01,-4.2178517226519691e-01

1.2352742334033427e+05,0,1.5000000000000000e+02,1.6317897503687717e+00,-4.6989182102765035e+01,-8.2057140465630740e-01,-1.4318243884284154e+01,-3.1482750484800007e+01,-5.4508794885756773e-01
1.2352742334033427e+05,1,1.5000000000000000e+02,1.6604896068428860e+00,-4.7029943415689594e+01,-8.2129153057696069e-01,1.4318995033778876e+01,3.1481922947181275e+01,5.4507327750821610e-01

1.2359025523150399e+05,0,1.5000000000000000e+02,1.6174105870629110e+00,-4.7027518577098348e+01,-8.2123608807406756e-01,2.1527414339567983e+00,-2.5059820869557576e+01,-4.3800997485864068e-01
1.2359025523150399e+05,1,1.5000000000000000e+02,1.6777219313434304e+00,-4.7038754008581996e+01,-8.2145054621092750e-01,-2.1524080596543129e+00,2.5059719268241956e+01,4.3800810011263369e-01

1.2365308684985751e+05,0,1.5000000000000000e+02,1.6506171852688027e+00,-4.7078720667982623e+01,-8.2213980364675365e-01,3.0766846059644774e+01,2.4057537624395600e+01,4.1048933065767612e-01
1.2365308684985751e+05,1,1.5000000000000000e+02,1.6459499955664465e+00,-4.7034036857403080e+01,-8.2135854184393631e-01,-3.0767340964485836e+01,-2.4057791936839834e+01,-4.1049361825897190e-01

1.2371591915127647e+05,0,1.5000000000000000e+02,1.6710470856086077e+00,-4.7097929147757540e+01,-8.2248126150404255e-01,7.0931522538445257e+00,2.7333292589067803e+01,4.7487092384815255e-01
1.2371591915127647e+05,1,1.5000000000000000e+02,1.6258493378284391e+00,-4.7062448505793121e+01,-8.2184827019863704e-01,-7.0937728181045401e+00,-2.7334385276930412e+01,-4.7488980483771726e-01

1.2377875060677437e+05,0,1.5000000000000000e+02,1.6694799704287631e+00,-4.7087051415653548e+01,-8.2229094154358040e-01,-2.8740993998182685e+01,1.1507006862316171e+01,2.0958041315675183e-01
1.2377875060677437e+05,1,1.5000000000000000e+02,1.6284747823239496e+00,-4.7122372857384370e+01,-8.2289489417083439e-01,2.8741132937546144e+01,-1.1508486485408035e+01,-2.0960627846683463e-01

1.2384158246471593e+05,0,1.5000000000000000e+02,1.6648934691861277e+00,-4.7103408867948353e+01,-8.2257502128301030e-01,-1.7162353933583720e+01,2.0731316215756468e+01,3.6703957428041895e-01
1.2384158246471593e+05,1,1.5000000000000000e+02,1.6357217191161264e+00,-4.7154814262347870e+01,-8.2346328244393319e-01,1.7163099374023108e+01,-2.0732188950359092e+01,-3.6705503268619583e-01

1.2390441439391021e+05,0,1.5000000000000000e+02,1.6254031875291470e+00,-4.7135486215497622e+01,-8.2312281818469402e-01,-1.5692508405547766e+01,-1.7956282523855165e+01,-3.0859988619176504e-01
1.2390441439391021e+05,1,1.5000000000000000e+02,1.6781271802772924e+00,-4.7169915719062828e+01,-8.2373975733742344e-01,1.5692855039106220e+01,1.7956174478170212e+01,3.0859789493735745e-01

1.2396724623113792e+05,0,1.5000000000000000e+02,1.6630967559777283e+00,-4.7175320424518311e+01,-8.2382950372488140e-01,-2.2656481446377640e+01,6.8707400608091234e+01,1.2060113902404217e+00
1.2396724623113792e+05,1,1.5000000000000000e+02,1.6418599575825132e+00,-4.7176528423239759e+01,-8.2384411678190439e-01,2.2655975445445655e+01,-6.8707667350497331e+01,-1.2060158913937082e+00

1.2403007797282907e+05,0,1.5000000000000000e+02,1.6655991923135354e+00,-4.7192400920889654e+01,-8.2412836184503291e-01,-4.8067868929635338e+01,3.0009916221432828e+01,5.3838830959999762e-01
1.2403007797282907e+05,1,1.5000000000000000e+02,1.6396409776000007e+00,-4.7207122848067982e+01,-8.2437738717522502e-01,4.8067271287156046e+01,-3.0011050067158298e+01,-5.3840791587591907e-01

1.2409290995377004e+05,0,1.5000000000000000e+02,1.6837292352223228e+00,-4.7224324480633037e+01,-8.2469102782693393e-01,7.0315987083667935e+00,2.4348907769653952e+01,4.2280497826053742e-01
1.2409290995377004e+05,1,1.5000000000000000e+02,1.6226629489366911e+00,-4.7224331760632801e+01,-8.2467255208012402e-01,-7.0313824199501767e+00,-2.4350370849971039e+01,-4.2283057842259719e-01

1.2415574167649960e+05,0,1.5000000000000000e+02,1.6708086744032704e+00,-4.7229803638477037e+01,-8.2478271632671962e-01,-1.1249264072631828e+01,3.2769481492570122e+01,5.7533320565541979e-01
1.2415574167649960e+05,1,1.5000000000000000e+02,1.6383925589146899e+00,-4.7267540207351395e+01,-8.2543143524863472e-01,1.1250018038551953e+01,-3.2770244728015342e+01,-5.7534675563463733e-01

1.2421857392816803e+05,0,1.5000000000000000e+02,1.6294088781069014e+00,-4.7279215102988822e+01,-8.2563245358692450e-01,1.9936552222703899e+01,-2.2650596072731020e+01,-4.0138073849635181e-01
1.2421857392816803e+05,1,1.5000000000000000e+02,1.6826095441569913e+00,-4.7265082186336528e+01,-8.2540200685497700e-01,-1.9936337259797977e+01,2.2650537267034061e+01,4.0137964670948589e-01

1.2428140591914329e+05,0,1.5000000000000000e+02,1.6451264119476956e+00,-4.7324625150772846e+01,-8.2642975631189985e-01,2.3406634605484342e+01,-5.1788145482755255e+00,-9.7513207491266130e-02
1.2428140591914329e+05,1,1.5000000000000000e+02,1.6680152235191932e+00,-4.7266170320826461e+01,-8.2541655154686089e-01,-2.3407242093279621e+01,5.1784090031961156e+00,9.7506314813162298e-02

1.2434423735498448e+05,0,1.5000000000000000e+02,1.6838482072708927e+00,-4.7327713687265529e+01,-8.2649545467766561e-01,-3.7166620604190825e+00,2.8514493945462327e+01,4.9877875516235970e-01
1.2434423735498448e+05,1,1.5000000000000000e+02,1.6295483538859188e+00,-4.7311124639226293e+01,-8.2618939434673444e-01,3.7161918465195285e+00,-2.8515785754677729e+01,-4.9880115710027129e-01

1.2440706944772239e+05,0,1.5000000000000000e+02,1.6842454058047256e+00,-4.7327035578646850e+01,-8.2648374108422984e-01,-1.2120999744823070e+01,2.0064774178477908e+01,3.5387104935815133e-01
1.2440706944772239e+05,1,1.5000000000000000e+02,1.6307131508410186e+00,-4.7361071462191966e+01,-8.2706144147073790e-01,1.2121428872614690e+01,-2.0066140823502838e+01,-3.5389503133020223e-01

1.2446990135002462e+05,0,1.5000000000000000e+02,1.6381557260686088e+00,-4.7349227181532420e+01,-8.2685699756466013e-01,-8.6799234265478855e+00,-2.7745022410547666e+01,-4.8157321732057556e-01
1.2446990135002462e+05,1,1.5000000000000000e+02,1.6798744068377376e+00,-4.7387147722970404e+01,-8.2753151114903911e-01,8.6806301083686801e+00,2.7744518946072635e+01,4.8156421537417626e-01

1.2453273288561789e+05,0,1.5000000000000000e+02,1.6387370836417137e+00,-4.7378505369878482e+01,-8.2736814954264493e-01,-3.0022165705982442e+01,-1.6481607529593113e+01,-2.7849797367188756e-01
1.2453273288561789e+05,1,1.5000000000000000e+02,1.6817169277207704e+00,-4.7404425830010922e+01,-8.2783361702268476e-01,3.0022085454475789e+01,1.6481565473769535e+01,2.7849726414271481e-01

1.2459556470772489e+05,0,1.5000000000000000e+02,1.6480720787713559e+00,-4.7441406749174782e+01,-8.2846877375862560e-01,1.8709388044971085e+01,-1.9832347895769718e+01,-3.5182169128928908e-01
1.2459556470772489e+05,1,1.5000000000000000e+02,1.6729764372168519e+00,-4.7388350662327497e+01,-8.2755040405428737e-01,-1.8710087066941938e+01,1.9831629668111116e+01,3.5180936943250507e-01

1.2465839659793083e+05,0,1.5000000000000000e+02,1.6614503375674781e+00,-4.7425963323136585e+01,-8.2820332429814547e-01,-5.7250699743340292e+01,-2.3499277598192329e+01,-3.9267849644566188e-01
1.2465839659793083e+05,1,1.5000000000000000e+02,1.6600803982405437e+00,-4.7452485373560080e+01,-8.2866578057299822e-01,5.7250541315495326e+01,2.3497813630174015e+01,3.9265299494218719e-01

1.2472122849330428e+05,0,1.5000000000000000e+02,1.6552041858704079e+00,-4.7470894054878201e+01,-8.2898557093428338e-01,6.0951015772589514e+01,-4.6352045503219514e+01,-8.2752242230013895e-01
1.2472122849330428e+05,1,1.5000000000000000e+02,1.6686343224298885e+00,-4.7456727565165274e+01,-8.2874242285961530e-01,-6.0950333933822890e+01,4.6350970800458597e+01,8.2750345843940476e-01

1.2478406055467605e+05,0,1.5000000000000000e+02,1.6356763356603998e+00,-4.7473197045854214e+01,-8.2901981486679710e-01,-7.2787840865725837e+00,-2.2972600709134863e+01,-3.9870980726397964e-01
1.2478406055467605e+05,1,1.5000000000000000e+02,1.6912949209180490e+00,-4.7501878029458922e+01,-8.2953731030091404e-01,7.2792375562302478e+00,2.2972428108502815e+01,3.9870665682518180e-01

1.2484689225850166e+05,0,1.5000000000000000e+02,1.6413976184671211e+00,-4.7532634550185620e+01,-8.3005888525824123e-01,1.6097908528334528e+01,-1.7053244402811295e+01,-3.0252410501076993e-01
1.2484689225850166e+05,1,1.5000000000000000e+02,1.6871470178299925e+00,-4.7488762310607363e+01,-8.2930714587448429e-01,-1.6098388603472550e+01,1.7053004355808675e+01,3.0252006185910180e-01

1.2490972398546831e+05,0,1.5000000000000000e+02,1.6775458894341349e+00,-4.7526723853487795e+01,-8.2996674134514836e-01,-4.7880567449889867e+01,2.7983635582284371e+01,5.0296777814264537e-01
1.2490972398546831e+05,1,1.5000000000000000e+02,1.6511764290349744e+00,-4.7542350423703340e+01,-8.3023142959433605e-01,4.7879997312736933e+01,-2.7984811550770061e+01,-5.0298812794058878e-01

1.2497255580798145e+05,0,1.5000000000000000e+02,1.6697108545797485e+00,-4.7537661808005126e+01,-8.3015524818047182e-01,-3.7480107162870986e+01,-1.3507811895671107e+01,-2.2432614922967303e-01
1.2497255580798145e+05,1,1.5000000000000000e+02,1.6603108668574318e+00,-4.7580703480536862e+01,-8.3090356539750565e-01,3.7480451810281984e+01,1.3506397113749951e+01,2.2430135288901137e-01

1.2503538770935948e+05,0,1.5000000000000000e+02,1.6769040821083692e+00,-4.7561494794852145e+01,-8.3057338247332502e-01,-1.9887226973183317e+01,2.9715997132173509e+01,5.2467396330990135e-01
1.2503538770935948e+05,1,1.5000000000000000e+02,1.6562020487531695e+00,-4.7605293608572460e+01,-8.3133147065109148e-01,1.9887946558861280e+01,-2.9716538249123136e+01,-5.2468362631322951e-01

1.2509821966469726e+05,0,1.5000000000000000e+02,1.6601382094142654e+00,-4.7591075016219740e+01,-8.3108452111055087e-01,-4.9842649689248049e+01,4.3479112321846998e+00,9.1065225240099412e-02
1.2509821966469726e+05,1,1.5000000000000000e+02,1.6754474594368685e+00,-4.7622225850007204e+01,-8.3163284182390829e-01,4.9842553434516759e+01,-4.3479560460804549e+00,-9.1065978028964434e-02

1.2516105184780064e+05,0,1.5000000000000000e+02,1.6741336019154378e+00,-4.7660710523458270e+01,-8.3230409176525710e-01,2.2516155193027561e+01,8.7488535636935225e+00,1.4582938640910570e-01
1.2516105184780064e+05,1,1.5000000000000000e+02,1.6619363821646926e+00,-4.7599443620057144e+01,-8.3123112119163722e-01,-2.2516854679423314e+01,-8.7496442465651896e+00,-1.4584297264206814e-01

1.2522388356357873e+05,0,1.5000000000000000e+02,1.6944388162517718e+00,-4.7667600087792664e+01,-8.3243051689878089e-01,2.0451198200806395e+01,1.8210078373742590e+01,3.1157958100926525e-01
1.2522388356357873e+05,1,1.5000000000000000e+02,1.6421982348463182e+00,-4.7641448440198829e+01,-8.3195819351586786e-01,-2.0451228915806631e+01,-1.8211563939502469e+01,-3.1160549835049983e-01

1.2528671510969268e+05,0,1.5000000000000000e+02,1.6736215416986846e+00,-4.7647721833711600e+01,-8.3207725192112469e-01,-2.3557667020333401e+01,1.2433886848498261e+00,2.8876565274270294e-02
1.2528671510969268e+05,1,1.5000000000000000e+02,1.6656385415141477e+00,-4.7710385287571931e+01,-8.3316844810189772e-01,2.3558407349093041e+01,-1.2442879851464141e+00,-2.8892485757685438e-02

1.2534954715248059e+05,0,1.5000000000000000e+02,1.6468859288592992e+00,-4.7685189069913342e+01,-8.3272300083113071e-01,-2.1567240619330036e+01,-1.5188696616905297e+01,-2.5850921535104399e-01
1.2534954715248059e+05,1,1.5000000000000000e+02,1.6953936033509991e+00,-4.7719933115147271e+01,-8.3334414506361554e-01,2.1567477880538824e+01,1.5188631061056235e+01,2.5850799896532084e-01

1.2541237890956586e+05,0,1.5000000000000000e+02,1.6650591266257575e+00,-4.7756163266794147e+01,-8.3396720754706033e-01,2.4342809166830037e+01,-4.5855567769004324e-01,-1.5418520786023182e-02
1.2541237890956586e+05,1,1.5000000000000000e+02,1.6782282165332241e+00,-4.7695364191125435e+01,-8.3291012910582318e-01,-2.4343454997906484e+01,4.5806986598434918e-01,1.5410238942888232e-02

1.2547521110612176e+05,0,1.5000000000000000e+02,1.6962491906483146e+00,-4.7768984971748111e+01,-8.3420047871228364e-01,1.8652031136714783e+01,1.5831267144045746e+01,2.7061168609196767e-01
1.2547521110612176e+05,1,1.5000000000000000e+02,1.6472421123992096e+00,-4.7730911302016558e+01,-8.3352107238497530e-01,-1.8652335859044321e+01,-1.5832674907291775e+01,-2.7063616212125413e-01

1.2553804276554348e+05,0,1.5000000000000000e+02,1.6851259825027696e+00,-4.7745890143322484e+01,-8.3379402992723850e-01,-2.3386370031861066e+01,5.7664637347057308e+00,1.0776292667570664e-01
1.2553804276554348e+05,1,1.5000000000000000e+02,1.6604745064881459e+00,-4.7803351560016345e+01,-8.3478936027484762e-01,2.3387015987648152e+01,-5.7676052544179015e+00,-1.0778304572236241e-01

1.2560087449985788e+05,0,1.5000000000000000e+02,1.6700587032784027e+00,-4.7774860091957770e+01,-8.3429503529723403e-01,-3.3965402303401795e+01,1.2770407559181908e+01,2.3322132229728765e-01
1.2560087449985788e+05,1,1.5000000000000000e+02,1.6787819672399771e+00,-4.7821886575208794e+01,-8.3511841798935293e-01,3.3965850553249147e+01,-1.2770576733152485e+01,-2.3322441134313032e-01

1.2566370623243210e+05,0,1.5000000000000000e+02,1.6498420377828373e+00,-4.7836890497688358e+01,-8.3537145652908440e-01,5.2299606940820205e+00,-2.6171736668263840e+01,-4.5835300354940439e-01
1.2566370623243210e+05,1,1.5000000000000000e+02,1.7004634994259662e+00,-4.7806095945295610e+01,-8.3484943844779946e-01,-5.2304996291903372e+00,2.6171431643078414e+01,4.5834784430180225e-01

1.2572653801724168e+05,0,1.5000000000000000e+02,1.6694809971549076e+00,-4.7837674172722501e+01,-8.3539111626352125e-01,-5.8685036692020780e+01,-4.9921486117478779e+01,-8.5337267217633039e-01
1.2572653801724168e+05,1,1.5000000000000000e+02,1.6809081224781501e+00,-4.7853263881350173e+01,-8.3566667527308691e-01,5.8684579484002917e+01,4.9920184036165622e+01,8.5335008700329418e-01

1.2578937000037880e+05,0,1.5000000000000000e+02,1.6975740635255807e+00,-4.7872934722416701e+01,-8.3601505582025326e-01,2.5735546012389108e+01,3.1244228728165634e+01,5.3744708428056576e-01
1.2578937000037880e+05,1,1.5000000000000000e+02,1.6545529471784151e+00,-4.7867434721540860e+01,-8.3590596192183775e-01,-2.5734998260806663e+01,-3.1245496358627701e+01,-5.3746937434694775e-01

1.2585220180302746e+05,0,1.5000000000000000e+02,1.6547116532401931e+00,-4.7894682167777582e+01,-8.3638154381448393e-01,2.0741421286349713e+01,-3.1769198337101994e+01,-5.6076748092760398e-01
1.2585220180302746e+05,1,1.5000000000000000e+02,1.7007151426188609e+00,-4.7893514148621989e+01,-8.3637517324616750e-01,-2.0740870161768903e+01,3.1768940233599590e+01,5.6076280850842619e-01

1.2591503363006518e+05,0,1.5000000000000000e+02,1.6885048499332356e+00,-4.7928068260749548e+01,-8.3697450604098000e-01,1.9090591908757425e+01,5.3930600103270599e+01,9.3540312971868955e-01
1.2591503363006518e+05,1,1.5000000000000000e+02,1.6686568925873049e+00,-4.7906326294236926e+01,-8.3658901006377939e-01,-1.9091054984125662e+01,-5.3930824658569627e+01,-9.3540690768229195e-01

1.2597786594115576e+05,0,1.5000000000000000e+02,1.7047786507106812e+00,-4.7953011220254481e+01,-8.3741477828575839e-01,7.5835227925004745e-01,2.8037276175547234e+01,4.8908692005802085e-01
1.2597786594115576e+05,1,1.5000000000000000e+02,1.6524360017297166e+00,-4.7929119110207218e+01,-8.3698185817731929e-01,-7.5886978738977717e-01,-2.8038518560770299e+01,-4.8910844502133494e-01

1.2604069750314720e+05,0,1.5000000000000000e+02,1.6909876947688931e+00,-4.7939710071805592e+01,-8.3717844010318754e-01,-2.8408923528179848e+01,1.5769351090279216e-01,1.1406424207448584e-02
1.2604069750314720e+05,1,1.5000000000000000e+02,1.6678033107309558e+00,-4.7991875968238801e+01,-8.3808179780342418e-01,2.8409427452691560e+01,-1.5900248176746246e-01,-1.1429422412365497e-02

1.2610352950615974e+05,0,1.5000000000000000e+02,1.6726950048946565e+00,-4.7962301037134679e+01,-8.3756713429737994e-01,-2.7979526694518576e+01,3.0462334423994761e+00,6.1687588686981709e-02
1.2610352950615974e+05,1,1.5000000000000000e+02,1.6894193482809463e+00,-4.8017218207614761e+01,-8.3853066586215075e-01,2.7980100436943566e+01,-3.0465163891645517e+00,-6.1692701570995545e-02

1.2616636107305749e+05,0,1.5000000000000000e+02,1.6546425534620242e+00,-4.8020871322635493e+01,-8.3858382739155601e-01,-3.7124424230255002e+00,-2.8292417316309560e+01,-4.9263983387779781e-01
1.2616636107305749e+05,1,1.5000000000000000e+02,1.7092567919457204e+00,-4.8004821372933392e+01,-8.3832035444035080e-01,3.7119856573479169e+00,2.8292198391918056e+01,4.9263615226501928e-01

1.2622919296173682e+05,0,1.5000000000000000e+02,1.6929571156384748e+00,-4.8026796053559174e+01,-8.3869890011805381e-01,-5.3616546196779240e+01,1.9163873230719197e+01,3.5078906881159594e-01
1.2622919296173682e+05,1,1.5000000000000000e+02,1.6709680710339672e+00,-4.8046638611796780e+01,-8.3903850192252394e-01,5.3616039434386693e+01,-1.9165127370991684e+01,-3.5081080220208410e-01

1.2629202476133866e+05,0,1.5000000000000000e+02,1.6723646687503644e+00,-4.8062226820678191e+01,-8.3931097916265440e-01,2.2541597745325561e+01,-6.9613681866169131e+01,-1.2217931817511367e+00
1.2629202476133866e+05,1,1.5000000000000000e+02,1.6932009304935156e+00,-4.8060693566170421e+01,-8.3929056759280696e-01,-2.2541063591712629e+01,6.9612401598139812e+01,1.2217706752712632e+00

1.2635485654658533e+05,0,1.5000000000000000e+02,1.6606157082835098e+00,-4.8064706091197415e+01,-8.3935066931241042e-01,-1.4462746362794867e+01,-1.8619020350688185e+01,-3.2054088209446485e-01
1.2635485654658533e+05,1,1.5000000000000000e+02,1.7083035855387088e+00,-4.8106024923261259e+01,-8.4008630965965203e-01,1.4463274143743455e+01,1.8618785239871851e+01,3.2053661806429945e-01

1.2641768857772538e+05,0,1.5000000000000000e+02,1.6748835116355312e+00,-4.8136010330509436e+01,-8.4059944635670725e-01,2.6908104568084713e+01,-7.7211190156738496e-02,-9.5446151928039180e-03
1.2641768857772538e+05,1,1.5000000000000000e+02,1.6956391671613726e+00,-4.8080866346886388e+01,-8.3964337399780875e-01,-2.6908625686785275e+01,7.6927022164078096e-02,9.5398145262305389e-03

1.2648052044282165e+05,0,1.5000000000000000e+02,1.6893501469952641e+00,-4.8156382326392283e+01,-8.4095939375903306e-01,3.3184765089508844e+01,-1.2772065538051773e+01,-2.3301245023489192e-01
1.2648052044282165e+05,1,1.5000000000000000e+02,1.6811778542265150e+00,-4.8108477788952172e+01,-8.4012085475228970e-01,-3.3185184893950250e+01,1.2770731537115889e+01,2.3298929659335854e-01

1.2654335239487029e+05,0,1.5000000000000000e+02,1.7106733178987070e+00,-4.8141943342839696e+01,-8.4071389452959255e-01,-4.4567058357335796e+00,2.7610894172614096e+01,4.8323420636203018e-01
1.2654335239487029e+05,1,1.5000000000000000e+02,1.6617964990927816e+00,-4.8172409470175467e+01,-8.4123071227892310e-01,4.4573321604983605e+00,-2.7612065343042687e+01,-4.8325483690478022e-01

1.2660618411978660e+05,0,1.5000000000000000e+02,1.6722783791976326e+00,-4.8191702726170973e+01,-8.4157061919212039e-01,4.2331280099597052e+01,-1.8261734082035076e+01,-3.3160670631022271e-01
1.2660618411978660e+05,1,1.5000000000000000e+02,1.7035301756529213e+00,-4.8170100106301661e+01,-8.4120312181572832e-01,-4.2330886115434254e+01,1.8261599636564142e+01,3.3160423989131738e-01

1.2666901600554649e+05,0,1.5000000000000000e+02,1.7007430982686293e+00,-4.8204851347762315e+01,-8.4180876561562845e-01,-2.0755951926999153e+01,6.2074690374232645e+01,1.0896756716537381e+00
1.2666901600554649e+05,1,1.5000000000000000e+02,1.6762507094675345e+00,-4.8203143292159616e+01,-8.4177149474743518e-01,2.0755324782479427e+01,-6.2075135651700222e+01,-1.0896832517696069e+00

1.2673184796857064e+05,0,1.5000000000000000e+02,1.7189659271109894e+00,-4.8235478766268024e+01,-8.4234883909273250e-01,2.1818779090899270e+00,2.3889717046407149e+01,4.1626837967719565e-01
1.2673184796857064e+05,1,1.5000000000000000e+02,1.6581215384178867e+00,-4.8220972071048024e+01,-8.4207712714872807e-01,-2.1821079199333226e+00,-2.3891157486964438e+01,-4.1629344876387719e-01

1.2679467954291942e+05,0,1.5000000000000000e+02,1.6947326817090458e+00,-4.8221938864259585e+01,-8.4210515302845212e-01,-2.3834351920470610e+01,9.3764061768774454e-01,2.3624813063128136e-02
1.2679467954291942e+05,1,1.5000000000000000e+02,1.6848188189498796e+00,-4.8283861713475339e+01,-8.4318283567168695e-01,2.3835079788498348e+01,-9.3859147015091438e-01,-2.3641629461023217e-02

1.2685751146877186e+05,0,1.5000000000000000e+02,1.6839818559350683e+00,-4.8257572347824926e+01,-8.4272376806373694e-01,-4.2767656212135194e+01,8.1898210796951432e+00,1.5596052154696960e-01
1.2685751146877186e+05,1,1.5000000000000000e+02,1.6986989172933245e+00,-4.8295113943068344e+01,-8.4338344254329389e-01,4.2767797080877813e+01,-8.1898649928493015e+00,-1.5596133085214536e-01

1.2692034355935019e+05,0,1.5000000000000000e+02,1.6792595990942736e+00,-4.8325758582607790e+01,-8.4391234344722943e-01,1.8720363281469332e+01,-2.0408669786637464e+01,-3.6188323858463367e-01
1.2692034355935019e+05,1,1.5000000000000000e+02,1.7040096290808939e+00,-4.8273409689170613e+01,-8.4300626895617647e-01,-1.8721062123754734e+01,2.0407940037751896e+01,3.6187071559908979e-01

1.2698317526303143e+05,0,1.5000000000000000e+02,1.6940820794215121e+00,-4.8307692644218378e+01,-8.4360156481737059e-01,-4.7903246937530888e+01,-2.0133279247897814e+01,-3.3678126691081867e-01
1.2698317526303143e+05,1,1.5000000000000000e+02,1.6896645419007674e+00,-4.8340546613400456e+01,-8.4417359991321128e-01,4.7903331201391033e+01,2.0131794239054013e+01,3.3675532426169130e-01

1.2704600691775762e+05,0,1.5000000000000000e+02,1.6823760742904721e+00,-4.8354795359288723e+01,-8.4442005455938574e-01,5.1212041078496213e+01,-3.8281288435782486e+01,-6.8370147755482458e-01
1.2704600691775762e+05,1,1.5000000000000000e+02,1.7044507294233608e+00,-4.8342304935295658e+01,-8.4420879126969151e-01,-5.1211304398056839e+01,3.8280679751773420e+01,6.8369063013561437e-01

1.2710883917389733e+05,0,1.5000000000000000e+02,1.6757497998483859e+00,-4.8392307955899504e+01,-8.4507272111206966e-01,2.7887944162484494e+01,-8.8577717195750907e+00,-1.6308501765470657e-01
1.2710883917389733e+05,1,1.5000000000000000e+02,1.7136021552930905e+00,-4.8351082373937423e+01,-8.4436476657326631e-01,-2.7888168172944482e+01,8.8576920579161360e+00,1.6308369560625791e-01

1.2717167098658372e+05,0,1.5000000000000000e+02,1.7161813883094743e+00,-4.8398504476303486e+01,-8.4519318215354655e-01,-1.6166022327986269e+01,3.6965365290799880e+01,6.5005928141644087e-01
1.2717167098658372e+05,1,1.5000000000000000e+02,1.6732091973270311e+00,-4.8392093508308712e+01,-8.4506820459100207e-01,1.6165412483035610e+01,-3.6966475795544042e+01,-6.5007847661947793e-01

1.2723450288840536e+05,0,1.5000000000000000e+02,1.7209368519739610e+00,-4.8401682650815765e+01,-8.4525009767190284e-01,-1.2936252497040108e+01,1.9726068501400640e+01,3.4820817303729246e-01
1.2723450288840536e+05,1,1.5000000000000000e+02,1.6697802337480885e+00,-4.8438461266188199e+01,-8.4587638902613760e-01,1.2936725120697936e+01,-1.9727402711400622e+01,-3.4823160219091431e-01

1.2729733439448722e+05,0,1.5000000000000000e+02,1.6724279724598210e+00,-4.8424532360177146e+01,-8.4563410273974282e-01,-1.3092003172316524e+01,-1.9766582490486694e+01,-3.4098617645158974e-01
1.2729733439448722e+05,1,1.5000000000000000e+02,1.7217367519887721e+00,-4.8463504900943924e+01,-8.4632928843782695e-01,1.3092521108909860e+01,1.9766356161438690e+01,3.4098206868263697e-01

1.2736016618625492e+05,0,1.5000000000000000e+02,1.6756729453753958e+00,-4.8469882673987172e+01,-8.4642656343522249e-01,-1.6323888140806897e+01,-3.5627343785059061e+01,-6.1681009040524326e-01
1.2736016618625492e+05,1,1.5000000000000000e+02,1.7199430615710076e+00,-4.8464218564641875e+01,-8.4634119723103562e-01,1.6323302114204832e+01,3.5626972214008667e+01,6.1680378411722925e-01

1.2742299856025177e+05,0,1.5000000000000000e+02,1.7280558436761548e+00,-4.8498778463613803e+01,-8.4694682211504002e-01,2.1819123014759185e+00,2.3994677274826451e+01,4.1810017776672465e-01
1.2742299856025177e+05,1,1.5000000000000000e+02,1.6675486566394924e+00,-4.8483689548064561e+01,-8.4666505174793782e-01,-2.1821561291618110e+00,-2.3996112086294183e+01,-4.1812514440354359e-01

1.2748582989037127e+05,0,1.5000000000000000e+02,1.7147893358992972e+00,-4.8516919153571685e+01,-8.4725937945405394e-01,2.9642054441647637e+01,4.5354214876144880e+01,7.8251024629980104e-01
1.2748582989037127e+05,1,1.5000000000000000e+02,1.6833537240663357e+00,-4.8514935947289004e+01,-8.4721519141014690e-01,-2.9641314356827941e+01,-4.5355111688487611e+01,-7.8252612328949467e-01

1.2754866218199710e+05,0,1.5000000000000000e+02,1.6691439244502020e+00,-4.8538270556809145e+01,-8.4761810778906355e-01,-1.9709352382568568e+00,-2.3538995281216010e+01,-4.1021170096765369e-01
1.2754866218199710e+05,1,1.5000000000000000e+02,1.7320536308407319e+00,-4.8540255154561400e+01,-8.4767190816238625e-01,1.9709518187852311e+00,2.3538960071115028e+01,4.1021108141374951e-01

1.2761149366432028e+05,0,1.5000000000000000e+02,1.6857491016818742e+00,-4.8569476095512812e+01,-8.4816777807239885e-01,-5.2355188394373045e+00,-5.1930658176453043e+01,-9.0472004156223174e-01
1.2761149366432028e+05,1,1.5000000000000000e+02,1.7157177946158166e+00,-4.8555761138352104e+01,-8.4793754851585412e-01,5.2348379083452414e+00,5.1929734837047128e+01,9.0470413450005782e-01

1.2767432585526355e+05,0,1.5000000000000000e+02,1.7296902396759912e+00,-4.8573947153423710e+01,-8.4825919475811984e-01,-9.8855242802450611e+00,2.1394048484876588e+01,3.7638908542773825e-01
1.2767432585526355e+05,1,1.5000000000000000e+02,1.6726741098855797e+00,-4.8600735027766795e+01,-8.4870933863929221e-01,9.8858635541885640e+00,-2.1395464825864270e+01,-3.7641390734178054e-01

1.2773715736344641e+05,0,1.5000000000000000e+02,1.7083405732950294e+00,-4.8590550868988942e+01,-8.4854246577891423e-01,-2.7834208315236499e+01,2.9509967601447716e+01,5.2349916423259957e-01
1.2773715736344641e+05,1,1.5000000000000000e+02,1.6974687919352818e+00,-4.8632358113638134e+01,-8.4926879090206120e-01,2.7834802365486343e+01,-2.9510275656266121e+01,-5.2350472149873351e-01

1.2779998931917305e+05,0,1.5000000000000000e+02,1.6866225432035231e+00,-4.8660740164576971e+01,-8.4976082189361879e-01,2.1046790870352378e+01,-1.1049469554402510e+01,-1.9925137863264075e-01
1.2779998931917305e+05,1,1.5000000000000000e+02,1.7208567389113103e+00,-4.8608176129334481e+01,-8.4885388184930999e-01,-2.1047337663027786e+01,1.1049153444409150e+01,1.9924602832271054e-01

1.2786282117217769e+05,0,1.5000000000000000e+02,1.7270944558046151e+00,-4.8677714756483503e+01,-8.5006939847066754e-01,2.1147996617010953e+01,1.4441124237343185e+01,2.4558999386692726e-01
1.2786282117217769e+05,1,1.5000000000000000e+02,1.6803027852837051e+00,-4.8639471355410457e+01,-8.4938770480910042e-01,-2.1148261440954222e+01,-1.4442550080554977e+01,-2.4561479758887039e-01

1.2792565325135097e+05,0,1.5000000000000000e+02,1.6896456387424086e+00,-4.8669227701846665e+01,-8.4990987082250791e-01,-7.5747675972923023e+00,-4.1453937421939699e+01,-7.2116344070868110e-01
1.2792565325135097e+05,1,1.5000000000000000e+02,1.7203088640636326e+00,-4.8697383167309013e+01,-8.5041059247656825e-01,7.5755112124912483e+00,4.1453061454261913e+01,7.2114792643446446e-01

1.2798848477112851e+05,0,1.5000000000000000e+02,1.6785690881836619e+00,-4.8717925438916637e+01,-8.5075638925893726e-01,1.6186774540172774e+01,-2.0014282404234724e+01,-3.5422841519034703e-01
1.2798848477112851e+05,1,1.5000000000000000e+02,1.7343969025014800e+00,-4.8695246359291566e+01,-8.5037759173313987e-01,-1.6186823916283114e+01,2.0014243116232958e+01,3.5422774456119938e-01

1.2805131674673881e+05,0,1.5000000000000000e+02,1.6928605264472263e+00,-4.8735676363338754e+01,-8.5107053926226595e-01,-5.7173990664792314e+00,-5.6620328188146907e+01,-9.8641927207424618e-01
1.2805131674673881e+05,1,1.5000000000000000e+02,1.7202150490821080e+00,-4.8724366797105247e+01,-8.5088149320351691e-01,5.7167513438514277e+00,5.6619298862839635e+01,9.8640150518786829e-01

1.2811414851451466e+05,0,1.5000000000000000e+02,1.7030253199941112e+00,-4.8763920918537771e+01,-8.5156657126198554e-01,6.2533631090012186e+01,-4.2059832523107282e+01,-7.5309509357251669e-01
1.2811414851451466e+05,1,1.5000000000000000e+02,1.7112472648569579e+00,-4.8745721807459439e+01,-8.5125145765367216e-01,-6.2533159928572225e+01,4.2058498318983190e+01,7.5307166496822453e-01

1.2817698045010128e+05,0,1.5000000000000000e+02,1.6819547578941749e+00,-4.8762727467041472e+01,-8.5153932389066223e-01,-1.0113754447911779e+01,-2.1541662689309220e+01,-3.7287287010205089e-01
1.2817698045010128e+05,1,1.5000000000000000e+02,1.7358489412924343e+00,-4.8794701002657057e+01,-8.5211375697112357e-01,1.0114203529260299e+01,2.1541491874664572e+01,3.7286975216983637e-01

1.2823981232279666e+05,0,1.5000000000000000e+02,1.7041763656397781e+00,-4.8832343238468553e+01,-8.5276105607791286e-01,2.4240277291443665e+01,-7.4278855156055812e-02,-8.6807309090837226e-03
1.2823981232279666e+05,1,1.5000000000000000e+02,1.7147365799908334e+00,-4.8771143370478448e+01,-8.5169618809683190e-01,-2.4240939099843256e+01,7.3747279877100169e-02,8.6716552495247345e-03

1.2830264404312188e+05,0,1.5000000000000000e+02,1.7076530590648944e+00,-4.8839842978826674e+01,-8.5289300372238108e-01,4.9681286912984930e+01,-3.3826731978120812e+01,-6.0549242967919226e-01
1.2830264404312188e+05,1,1.5000000000000000e+02,1.7114260294904957e+00,-4.8812542368466367e+01,-8.5241769174542237e-01,-4.9681269867005710e+01,3.3825245267205965e+01,6.0546647780286833e-01

1.2836547606396429e+05,0,1.5000000000000000e+02,1.7214899209912122e+00,-4.8828891192345132e+01,-8.5270608387003455e-01,-1.9927966004802443e+01,2.9749015201232936e+01,5.2526261852234546e-01
1.2836547606396429e+05,1,1.5000000000000000e+02,1.7007674149750953e+00,-4.8872430892867101e+01,-8.5345964366231497e-01,1.9928685390124059e+01,-2.9749559310928767e+01,-5.2527233369484971e-01

1.2842830780148071e+05,0,1.5000000000000000e+02,1.7111188274576914e+00,-4.8895744086617746e+01,-8.5386966838943357e-01,3.4630846790342012e+01,1.9156914521177551e+01,3.2378456271599793e-01
1.2842830780148071e+05,1,1.5000000000000000e+02,1.7134084702992374e+00,-4.8851623356750352e+01,-8.5310035298017228e-01,-3.4631246529047296e+01,-1.9157088466433148e+01,-3.2378747670614932e-01

1.2849113955749387e+05,0,1.5000000000000000e+02,1.7149692284023499e+00,-4.8885655056425854e+01,-8.5369476350821583e-01,-6.4561241588550303e+01,-1.0556230397025207e+01,-1.6456414459406971e-01
1.2849113955749387e+05,1,1.5000000000000000e+02,1.7093641117978979e+00,-4.8909553855596172e+01,-8.5411014756165848e-01,6.4560853935321830e+01,1.0554873757463763e+01,1.6454058606043348e-01

1.2855397163482981e+05,0,1.5000000000000000e+02,1.7058855063719380e+00,-4.8896454808242844e+01,-8.5388047798323541e-01,-2.2584067683307239e+01,-2.0967266789386684e+01,-3.5904941163053949e-01
1.2855397163482981e+05,1,1.5000000000000000e+02,1.7207748964743885e+00,-4.8948343898158171e+01,-8.5479060326812617e-01,2.2584794961396376e+01,2.0966315905153202e+01,3.5903259485898031e-01

1.2861680327560972e+05,0,1.5000000000000000e+02,1.7127178744328819e+00,-4.8962166040663980e+01,-8.5502937850446936e-01,4.7738729594305589e+01,2.0185026557830188e+01,3.3773449939625200e-01
1.2861680327560972e+05,1,1.5000000000000000e+02,1.7170717414208896e+00,-4.8929242396652477e+01,-8.5445610801904504e-01,-4.7738766089092799e+01,-2.0185064815427150e+01,-3.3773515596659809e-01

1.2867963515482075e+05,0,1.5000000000000000e+02,1.7368178449984735e+00,-4.8987372981210001e+01,-8.5547664194606754e-01,8.0692050557150026e+00,2.7159684260837846e+01,4.7154370294924325e-01
1.2867963515482075e+05,1,1.5000000000000000e+02,1.6930088971769499e+00,-4.8950921823487057e+01,-8.5482713587936254e-01,-8.0698321940286988e+00,-2.7160760022065443e+01,-4.7156228652527915e-01

1.2874246706879558e+05,0,1.5000000000000000e+02,1.7129745086619910e+00,-4.9003619511012587e+01,-8.5575291955164190e-01,6.8384555607044589e+01,-3.1723845920345667e+01,-5.7448963862740221e-01
1.2874246706879558e+05,1,1.5000000000000000e+02,1.7182483294680635e+00,-4.8984372963293175e+01,-8.5541862755775167e-01,-6.8383999327964219e+01,3.1722589558376910e+01,5.7446754262568567e-01

1.2880529880934615e+05,0,1.5000000000000000e+02,1.7026842752077660e+00,-4.9030487025390926e+01,-8.5621868762746900e-01,4.3000236169244815e+01,-1.3058795719021555e+01,-2.4100669737694086e-01
1.2880529880934615e+05,1,1.5000000000000000e+02,1.7320772208879847e+00,-4.9004906504527142e+01,-8.5578120003904556e-01,-4.2999944331649246e+01,1.3058710050098378e+01,2.4100511334318131e-01

1.2886813106797324e+05,0,1.5000000000000000e+02,1.7107447719658835e+00,-4.9070400165230282e+01,-8.5691772350547601e-01,2.2289991427829058e+01,-1.1924449863345856e+01,-2.1490061040585695e-01
1.2886813106797324e+05,1,1.5000000000000000e+02,1.7246120496576594e+00,-4.9011246852931841e+01,-8.5588958028643269e-01,-2.2290690215765856e+01,1.1923678077731793e+01,2.1488735376192436e-01

1.2893096288524019e+05,0,1.5000000000000000e+02,1.7469665274924504e+00,-4.9064829539461840e+01,-8.5683153705977810e-01,9.5187583734469996e+00,2.5846517178886252e+01,4.4818419567838030e-01
1.2893096288524019e+05,1,1.5000000000000000e+02,1.6890359773887413e+00,-4.9066247233283953e+01,-8.5683863167667729e-01,-9.5184415214853928e+00,-2.5847943300069389e+01,-4.4820918144959465e-01

1.2899379473127377e+05,0,1.5000000000000000e+02,1.7002965016000675e+00,-4.9095083867039406e+01,-8.5734533069256025e-01,3.2095585604742283e+01,-2.9052172552506917e+01,-5.1680769472772903e-01
1.2899379473127377e+05,1,1.5000000000000000e+02,1.7392790955577728e+00,-4.9084142360589830e+01,-8.5716625045592065e-01,-3.2095061510800036e+01,2.9051939765488193e+01,5.1680347237661317e-01

1.2905662648703267e+05,0,1.5000000000000000e+02,1.7339037626800218e+00,-4.9125889308969469e+01,-8.5789319770023253e-01,1.0109048356376976e+01,4.4984436365342177e+01,7.8200711787150190e-01
1.2905662648703267e+05,1,1.5000000000000000e+02,1.7069008226782156e+00,-4.9099289143966814e+01,-8.5742073482527958e-01,-1.0109705390693199e+01,-4.4984954841361684e+01,-7.8201596637253357e-01

1.2911945830684558e+05,0,1.5000000000000000e+02,1.7515687940974598e+00,-4.9138429880332453e+01,-8.5811744223129138e-01,4.4016151133977104e+00,2.3672166151703522e+01,4.1179538804871374e-01
1.2911945830684558e+05,1,1.5000000000000000e+02,1.6893904561148176e+00,-4.9135747455120296e+01,-8.5805168588840663e-01,-4.4015283697118761e+00,-2.3673650217844063e+01,-4.1182131500017705e-01

1.2918229040717162e+05,0,1.5000000000000000e+02,1.6991500629354817e+00,-4.9144688831063604e+01,-8.5821070753954887e-01,-6.3266543266045332e+00,-2.7612248341495292e+01,-4.7997287351835943e-01
1.2918229040717162e+05,1,1.5000000000000000e+02,1.7452013034161447e+00,-4.9178214666118258e+01,-8.5880984276222683e-01,6.3273127599110452e+00,2.7611844158566168e+01,4.7996561897242468e-01

1.2924512215219872e+05,0,1.5000000000000000e+02,1.6987341019917599e+00,-4.9200296242905097e+01,-8.5918106399903105e-01,5.6793902422442706e+00,-2.6776505592781454e+01,-4.6904458765211171e-01
1.2924512215219872e+05,1,1.5000000000000000e+02,1.7473971437485190e+00,-4.9168492614194903e+01,-8.5864083850857342e-01,-5.6799560516729919e+00,2.6776163016912001e+01,4.6903878124232606e-01

1.2930795407319778e+05,0,1.5000000000000000e+02,1.7529150557887694e+00,-4.9205365809956874e+01,-8.5928604546381770e-01,-1.0003933203608671e+01,2.3696200307622231e+01,4.1660324596742132e-01
1.2930795407319778e+05,1,1.5000000000000000e+02,1.6931045391573034e+00,-4.9211992751494293e+01,-8.5938348128939335e-01,1.0003840258402565e+01,-2.3697676850978102e+01,-4.1662898688862132e-01

1.2937078576664411e+05,0,1.5000000000000000e+02,1.7246861296354843e+00,-4.9203343116621156e+01,-8.5924214516218822e-01,-2.4789028282546344e+01,7.9462583759990508e+00,1.4623288455609534e-01
1.2937078576664411e+05,1,1.5000000000000000e+02,1.7244790587104035e+00,-4.9263124114633356e+01,-8.6028540435592038e-01,2.4789749572722126e+01,-7.9468098399201565e+00,-1.4624272865803484e-01

1.2943361740902849e+05,0,1.5000000000000000e+02,1.7141338403842057e+00,-4.9282591182897157e+01,-8.6062200007266132e-01,2.7777873321765135e+01,-7.5169097877420299e-01,-2.1580870775126215e-02
1.2943361740902849e+05,1,1.5000000000000000e+02,1.7372136943529133e+00,-4.9229809181553357e+01,-8.5970785801580707e-01,-2.7778346325190263e+01,7.5145562119113052e-01,2.1576907310520810e-02

1.2949644957433252e+05,0,1.5000000000000000e+02,1.7533513158610354e+00,-4.9276733964177375e+01,-8.6053172446532600e-01,-1.5287074976279619e+01,2.4715468684146980e+01,4.3600135077642715e-01
1.2949644957433252e+05,1,1.5000000000000000e+02,1.6977645450424759e+00,-4.9283902808538279e+01,-8.6063990449119110e-01,1.5286863762442330e+01,-2.4716914972317742e+01,-4.3602652764332123e-01

1.2955928106467136e+05,0,1.5000000000000000e+02,1.7372944587472798e+00,-4.9309772414118768e+01,-8.6110343349678675e-01,4.7952310892486835e+01,4.9854899848462630e+01,8.5548012302701437e-01
1.2955928106467136e+05,1,1.5000000000000000e+02,1.7167598716067172e+00,-4.9300194431304462e+01,-8.6093001913691736e-01,-4.7951567249286185e+01,-4.9855551650534217e+01,-8.5549172508066285e-01

1.2962211293410769e+05,0,1.5000000000000000e+02,1.7198378770458336e+00,-4.9316202970341301e+01,-8.6121034435043975e-01,-5.7337924328934470e+01,-7.8703742274472006e+00,-1.1988995123816437e-01
1.2962211293410769e+05,1,1.5000000000000000e+02,1.7366419286197368e+00,-4.9339763274808575e+01,-8.6162664742679618e-01,5.7337514551805732e+01,7.8701922878971260e+00,1.1988690078605035e-01

1.2968494491224477e+05,0,1.5000000000000000e+02,1.7544783923016882e+00,-4.9348217722550643e+01,-8.6177963148542414e-01,-1.8210749919436072e+01,2.5503126727882659e+01,4.5063852668383303e-01
1.2968494491224477e+05,1,1.5000000000000000e+02,1.7017234659040443e+00,-4.9355790040153288e+01,-8.6189571576328816e-01,1.8210479160329900e+01,-2.5504549280298505e+01,-4.5066327116537103e-01

1.2974777667516154e+05,0,1.5000000000000000e+02,1.7115605856656111e+00,-4.9369487203226456e+01,-8.6213776095686867e-01,7.8942674071500321e+00,-4.4482097818613099e+01,-7.7872450380553815e-01
1.2974777667516154e+05,1,1.5000000000000000e+02,1.7474716294243546e+00,-4.9383952161024098e+01,-8.6240114896505971e-01,-7.8935181312288591e+00,4.4481401313932466e+01,7.7871211986766831e-01

1.2981060884015367e+05,0,1.5000000000000000e+02,1.7160538544543731e+00,-4.9424190537008876e+01,-8.6309383460055389e-01,2.7894258112449606e+01,-4.0340813013081043e+00,-7.8901935396309297e-02
1.2981060884015367e+05,1,1.5000000000000000e+02,1.7454963741275444e+00,-4.9375273349343630e+01,-8.6224908112015863e-01,-2.7894647176973699e+01,4.0339143872850816e+00,7.8899140865836714e-02

1.2987344050717962e+05,0,1.5000000000000000e+02,1.7395172414165507e+00,-4.9410418008116963e+01,-8.6286061857733420e-01,-5.3266329580091742e+01,3.6341524840475614e+00,7.9651383018925326e-02
1.2987344050717962e+05,1,1.5000000000000000e+02,1.7217370878105027e+00,-4.9437046722331857e+01,-8.6331993730075318e-01,5.3266053521403315e+01,-3.6355725747831116e+00,-7.9676082924045211e-02

1.2993627253899281e+05,0,1.5000000000000000e+02,1.7135533666131679e+00,-4.9435462492558095e+01,-8.6328979567906494e-01,-2.3239301019693723e+00,-3.8458607358607203e+01,-6.7048730093386566e-01
1.2993627253899281e+05,1,1.5000000000000000e+02,1.7505483135436333e+00,-4.9461438968926750e+01,-8.6375441758060612e-01,2.3246779568493370e+00,3.8457924553995831e+01,6.7047515652802026e-01

1.2999910428816739e+05,0,1.5000000000000000e+02,1.7126354216790105e+00,-4.9465583534520633e+01,-8.6381520074569207e-01,-3.0220282067674791e+01,-2.7336901036229776e+01,-4.6788861516074359e-01
1.2999910428816739e+05,1,1.5000000000000000e+02,1.7539312435782137e+00,-4.9477303720787248e+01,-8.6403232626617266e-01,3.0219865940698117e+01,2.7336714185244418e+01,4.6788548092625798e-01

1.3006193598809514e+05,0,1.5000000000000000e+02,1.7305288977219901e+00,-4.9511670627256954e+01,-8.6462498239650676e-01,4.0504303915395276e+01,-3.3225292570233194e+01,-5.9220025367843099e-01
1.3006193598809514e+05,1,1.5000000000000000e+02,1.7357424600988745e+00,-4.9479335599733041e+01,-8.6406224657676067e-01,-4.0504530849972802e+01,3.3223852122736844e+01,5.9217518353383625e-01

1.3012476805142008e+05,0,1.5000000000000000e+02,1.7158647308804451e+00,-4.9501680793836563e+01,-8.6444616861393653e-01,-9.1825405607783086e+00,-3.0465744438270630e+01,-5.2890325023375162e-01
1.3012476805142008e+05,1,1.5000000000000000e+02,1.7533967168842042e+00,-4.9538666794317599e+01,-8.6510309680470843e-01,9.1832770449808709e+00,3.0465132628598926e+01,5.2889234832420806e-01

1.3018759977879614e+05,0,1.5000000000000000e+02,1.7376926358715750e+00,-4.9565272547787139e+01,-8.6556264728671439e-01,3.1427013919364665e+01,2.3467092469842520e+01,3.9998353300468670e-01
1.3018759977879614e+05,1,1.5000000000000000e+02,1.7338265990000925e+00,-4.9520971875521532e+01,-8.6478831622697538e-01,-3.1427498029022242e+01,-2.3467338948607150e+01,-3.9998768717780986e-01

1.3025043191326267e+05,0,1.5000000000000000e+02,1.7661937200706852e+00,-4.9567173653436264e+01,-8.6560450855961901e-01,-5.7153696269587293e+00,2.4237837556409644e+01,4.2474968178436684e-01
1.3025043191326267e+05,1,1.5000000000000000e+02,1.7050779914316712e+00,-4.9567465820923864e+01,-8.6559098972328241e-01,5.7152487034618069e+00,-2.4239308531211066e+01,-4.2477531699823218e-01

1.3031326366473056e+05,0,1.5000000000000000e+02,1.7164656565773238e+00,-4.9586552141758972e+01,-8.6592756104760360e-01,1.2345254344872027e+01,-3.8830318376868789e+01,-6.8144326900230801e-01
1.3031326366473056e+05,1,1.5000000000000000e+02,1.7580396418795925e+00,-4.9597199417549497e+01,-8.6612604643611402e-01,-1.2344555965856605e+01,3.8829830827024765e+01,6.8143454733372311e-01

1.3037609560154873e+05,0,1.5000000000000000e+02,1.7343323917929987e+00,-4.9642705635782363e+01,-8.6691301748508520e-01,2.7637621147404872e+01,7.8574167107682094e+00,1.2871150108692930e-01
1.3037609560154873e+05,1,1.5000000000000000e+02,1.7420519274563904e+00,-4.9586855393772801e+01,-8.6594064798667425e-01,-2.7638199984822407e+01,-7.8577790671900409e+00,-1.2871764874681768e-01

1.3043892706858650e+05,0,1.5000000000000000e+02,1.7304865590074452e+00,-4.9631714552688095e+01,-8.6672002511136348e-01,-3.4551546818005015e+01,-6.3055449764266619e+01,-1.0899437990320173e+00
1.3043892706858650e+05,1,1.5000000000000000e+02,1.7458106550519037e+00,-4.9646654113675446e+01,-8.6698542462558825e-01,3.4551593928309664e+01,6.3053964357434758e+01,1.0899178607556061e+00

1.3050175898358758e+05,0,1.5000000000000000e+02,1.7396981340015039e+00,-4.9673873667138110e+01,-8.6745860930224672e-01,7.1992065873328940e+01,1.5186671508699646e+01,2.4311281124675077e-01
1.3050175898358758e+05,1,1.5000000000000000e+02,1.7401122463523102e+00,-4.9653195386011362e+01,-8.6709784968791082e-01,-7.1991461086405039e+01,-1.5186995709569516e+01,-2.4311865357145501e-01

1.3056459091684099e+05,0,1.5000000000000000e+02,1.7357471077126274e+00,-4.9717020742150218e+01,-8.6821042602440490e-01,2.4238728380521341e+01,-5.4777346063403343e-02,-8.3399107953207041e-03
1.3056459091684099e+05,1,1.5000000000000000e+02,1.7453894465046440e+00,-4.9655867137984117e+01,-8.6714608584327657e-01,-2.4239395292208084e+01,5.4227206487851731e-02,8.3305126974336785e-03

1.3062742275490897e+05,0,1.5000000000000000e+02,1.7594355994789317e+00,-4.9690731606605354e+01,-8.6775883369379658e-01,-2.8213830828671433e+01,8.9118434369322781e+00,1.6412797504058130e-01
1.3062742275490897e+05,1,1.5000000000000000e+02,1.7219763248089863e+00,-4.9731452709588382e+01,-8.6845810360577114e-01,2.8214100514397110e+01,-8.9132876046615070e+00,-1.6415326139941683e-01

1.3069025448265715e+05,0,1.5000000000000000e+02,1.7233631844746831e+00,-4.9712243724778851e+01,-8.6812328312739750e-01,-2.3959543403574742e+01,-1.0059913279724345e+01,-1.6827082989527459e-01
1.3069025448265715e+05,1,1.5000000000000000e+02,1.7617594817161004e+00,-4.9758007217959467e+01,-8.6893366298588071e-01,2.3959969027317904e+01,1.0059757558676448e+01,1.6826798252765024e-01

1.3075308646837050e+05,0,1.5000000000000000e+02,1.7586397998488044e+00,-4.9779666533747225e+01,-8.6931071986236474e-01,1.4002020192543389e+01,2.7934248425348297e+01,4.8325438083873956e-01
1.3075308646837050e+05,1,1.5000000000000000e+02,1.7271302590646092e+00,-4.9736640701912002e+01,-8.6855021671499966e-01,-1.4002716543972598e+01,-2.7935061729549513e+01,-4.8326836282436253e-01

1.3081591851744340e+05,0,1.5000000000000000e+02,1.7550783158604857e+00,-4.9756961707648173e+01,-8.6891338111078142e-01,-2.8066481657068906e+01,8.5643292816175176e-01,2.3496789440242027e-02
1.3081591851744340e+05,1,1.5000000000000000e+02,1.7316123844935856e+00,-4.9809071030902281e+01,-8.6981566570433855e-01,2.8066995355709437e+01,-8.5773110782659501e-01,-2.3519602290302810e-02

1.3087875005397674e+05,0,1.5000000000000000e+02,1.7540569928371577e+00,-4.9801100395749209e+01,-8.6968339634923386e-01,-2.2437054952407323e+01,6.9428039049575702e+01,1.2185214206981754e+00
1.3087875005397674e+05,1,1.5000000000000000e+02,1.7362866118102345e+00,-4.9812170572310144e+01,-8.6987118412704434e-01,2.2437197985073936e+01,-6.9428085116603611e+01,-1.2185222682523849e+00

1.3094158194264820e+05,0,1.5000000000000000e+02,1.7325029258992006e+00,-4.9838127179157496e+01,-8.7032303678228951e-01,4.1157684756599906e+00,-5.5871898251855896e+01,-9.7635287505958013e-01
1.3094158194264820e+05,1,1.5000000000000000e+02,1.7578307793919603e+00,-4.9821793878303616e+01,-8.7004569707501089e-01,-4.1163703274899603e+00,5.5870776148792885e+01,9.7633347500354117e-01

1.3100441379153973e+05,0,1.5000000000000000e+02,1.7402063430714474e+00,-4.9829257465522879e+01,-8.7017058568557748e-01,-2.4144568861008466e+01,-2.0753475610532469e+01,-3.5484286107987123e-01
1.3100441379153973e+05,1,1.5000000000000000e+02,1.7519771614303556e+00,-4.9880540647665768e+01,-8.7106918640219022e-01,2.4145274298865637e+01,2.0752459640178785e+01,3.5482491505163288e-01

1.3106724555770465e+05,0,1.5000000000000000e+02,1.7540454216438064e+00,-4.9890091486682550e+01,-8.7123650162139965e-01,3.5694267995236849e+01,4.9027178541329825e+01,8.4476859760680878e-01
1.3106724555770465e+05,1,1.5000000000000000e+02,1.7412947958061229e+00,-4.9866080223572695e+01,-8.7081356303839275e-01,-3.5694483422532748e+01,-4.9027256583149061e+01,-8.4476989399929814e-01

1.3113007737364504e+05,0,1.5000000000000000e+02,1.7740438903989739e+00,-4.9900752478139857e+01,-8.7142865380896084e-01,-1.5560511330991144e+01,2.7228565954516341e+01,4.7994424345930753e-01
1.3113007737364504e+05,1,1.5000000000000000e+02,1.7209173424797524e+00,-4.9903055394622044e+01,-8.7145266114866426e-01,1.5560177240092568e+01,-2.7229955650437212e+01,-4.7996839522368884e-01

1.3119290952008331e+05,0,1.5000000000000000e+02,1.7615712958961069e+00,-4.9906391337593611e+01,-8.7152326595565233e-01,-1.6578797357169314e+01,3.2048051710877132e+01,5.6436607111566106e-01
1.3119290952008331e+05,1,1.5000000000000000e+02,1.7362843679894360e+00,-4.9946921332428744e+01,-8.7222290866793750e-01,1.6579534839590238e+01,-3.2048670180501148e+01,-5.6437708956159094e-01

1.3125574109263037e+05,0,1.5000000000000000e+02,1.7341511108958474e+00,-4.9943264555910979e+01,-8.7215843929751014e-01,-4.0108340675652954e+01,-3.0841907195034409e+01,-5.2604717916371602e-01
1.3125574109263037e+05,1,1.5000000000000000e+02,1.7658495355924249e+00,-4.9955844431060619e+01,-8.7238764477477404e-01,4.0107788589987251e+01,3.0841582283591734e+01,5.2604167685931769e-01

1.3131857317796297e+05,0,1.5000000000000000e+02,1.7655463349599569e+00,-4.9956063130349271e+01,-8.7239136928144023e-01,-3.5729024674157998e+01,6.4878898695205010e+00,1.2411352755086480e-01
1.3131857317796297e+05,1,1.5000000000000000e+02,1.7343178660436682e+00,-4.9991878398994302e+01,-8.7300691868712044e-01,3.5729116095736956e+01,-6.4893728269344351e+00,-1.2413943657778181e-01

1.3138140494448121e+05,0,1.5000000000000000e+02,1.7448575115571769e+00,-5.0009589652729495e+01,-8.7331923345514384e-01,6.1280611721367549e+01,-6.3420213253267654e+00,-1.2935162467163902e-01
1.3138140494448121e+05,1,1.5000000000000000e+02,1.7586664678886825e+00,-4.9986835096416570e+01,-8.7292631835264844e-01,-6.1280098250172856e+01,6.3417971006219211e+00,1.2934755498918854e-01

1.3144423702390832e+05,0,1.5000000000000000e+02,1.7687249894831087e+00,-5.0038719163426187e+01,-8.7383488438427248e-01,9.9469934877411568e+00,3.4225367634819875e+01,5.9428484478260923e-01
1.3144423702390832e+05,1,1.5000000000000000e+02,1.7356177209343497e+00,-5.0003626398549223e+01,-8.7321234562527983e-01,-9.9476913820116266e+00,-3.4226141589096329e+01,-5.9429813954726107e-01

1.3150706853338724e+05,0,1.5000000000000000e+02,1.7504151001389583e+00,-5.0055931945562655e+01,-8.7412971111469184e-01,6.8280038671425430e+01,-3.0072916347668865e+01,-5.4564510542863731e-01
1.3150706853338724e+05,1,1.5000000000000000e+02,1.7548235513324595e+00,-5.0036172819567653e+01,-8.7378620977634336e-01,-6.8279502027018722e+01,3.0071641013121166e+01,5.4562268429047922e-01

1.3156990034391370e+05,0,1.5000000000000000e+02,1.7626140550604572e+00,-5.0075742970165678e+01,-8.7447917742484960e-01,3.0941480369216507e+01,6.7220189500073062e+01,1.1637282746335544e+00
1.3156990034391370e+05,1,1.5000000000000000e+02,1.7462519209470868e+00,-5.0063402771897884e+01,-8.7425882682472245e-01,-3.0941440815730729e+01,-6.7220226584703269e+01,-1.1637289339005248e+00

1.3163273268549572e+05,0,1.5000000000000000e+02,1.7805106418476617e+00,-5.0101810185873497e+01,-8.7493956500883185e-01,-3.3733481056846948e+00,2.9412716244988005e+01,5.1435031108189710e-01
1.3163273268549572e+05,1,1.5000000000000000e+02,1.7281151046754315e+00,-5.0084316736026828e+01,-8.7461830080737268e-01,3.3728513145081855e+00,-2.9413978367508683e+01,-5.1437218681969676e-01

1.3169556416743741e+05,0,1.5000000000000000e+02,1.7412844026315755e+00,-5.0096025042524147e+01,-8.7482665078142141e-01,-1.5573408885614864e+01,-2.8031532105622439e+01,-4.8447351846409736e-01
1.3169556416743741e+05,1,1.5000000000000000e+02,1.7697911197127623e+00,-5.0139880109841393e+01,-8.7560071132453487e-01,1.5574160277217345e+01,2.8030758348344953e+01,4.8445978563733538e-01

1.3175839602315857e+05,0,1.5000000000000000e+02,1.7343101663338234e+00,-5.0162539263332334e+01,-8.7598535946569689e-01,1.6167946235166475e+01,-1.7395965687591858e+01,-3.0852675195742302e-01
1.3175839602315857e+05,1,1.5000000000000000e+02,1.7792735520079199e+00,-5.0119250755011457e+01,-8.7524356815142967e-01,-1.6168430231240073e+01,1.7395718566485851e+01,3.0852258653906744e-01

1.3182122800270448e+05,0,1.5000000000000000e+02,1.7583928502077311e+00,-5.0149591202522799e+01,-8.7576672106970055e-01,-4.9769058510454663e+01,-2.1271045382133348e+01,-3.5606963632389438e-01
1.3182122800270448e+05,1,1.5000000000000000e+02,1.7549321510153901e+00,-5.0180843546885399e+01,-8.7631109544268548e-01,4.9769099195640727e+01,2.1269559844005290e+01,3.5604369771335015e-01

1.3188405982170516e+05,0,1.5000000000000000e+02,1.7404953598262123e+00,-5.0196405409661537e+01,-8.7657828950727956e-01,3.6120650271451609e+01,-2.7302680375233795e+01,-4.8750101334514445e-01
1.3188405982170516e+05,1,1.5000000000000000e+02,1.7764914369421907e+00,-5.0182588982717959e+01,-8.7634812519839955e-01,-3.6120137856853873e+01,2.7302457048355837e+01,4.8749695965457723e-01

1.3194689179963130e+05,0,1.5000000000000000e+02,1.7589631653176567e+00,-5.0243518630588149e+01,-8.7740615451788184e-01,2.3866693572807637e+01,-2.3155788776455069e+00,-4.7683003944819169e-02
1.3194689179963130e+05,1,1.5000000000000000e+02,1.7587583592660039e+00,-5.0181406815469600e+01,-8.7632209148539963e-01,-2.3867388297227475e+01,2.3147507520230874e+00,4.7668762794828012e-02

1.3200972355742313e+05,0,1.5000000000000000e+02,1.7712916938721452e+00,-5.0209604933527196e+01,-8.7681803458998187e-01,-2.5046048070691942e+01,3.7855365971180959e+00,7.3696573694377709e-02
1.3200972355742313e+05,1,1.5000000000000000e+02,1.7475371514679556e+00,-5.0265180539849617e+01,-8.7778072624404746e-01,2.5046654683887024e+01,-3.7867321894398032e+00,-7.3717624452504127e-02

1.3207255544166305e+05,0,1.5000000000000000e+02,1.7310173613343454e+00,-5.0259394557113410e+01,-8.7767471447053502e-01,-7.6269922613785077e+00,-2.4247913276164031e+01,-4.2086100485563033e-01
1.3207255544166305e+05,1,1.5000000000000000e+02,1.7912866329129904e+00,-5.0262077267231859e+01,-8.7773989422126464e-01,7.6268738886313265e+00,2.4247861949076540e+01,4.2086014513397468e-01

1.3213538714388772e+05,0,1.5000000000000000e+02,1.7869962140209590e+00,-5.0282451973438498e+01,-8.7809417489236119e-01,-1.7177589694132166e+01,2.7100812061526735e+01,4.7820724587828911e-01
1.3213538714388772e+05,1,1.5000000000000000e+02,1.7348922048289452e+00,-5.0286508849988564e+01,-8.7814910455498596e-01,1.7177258740663504e+01,-2.7102203162442304e+01,-4.7823142311816680e-01

1.3219821886964628e+05,0,1.5000000000000000e+02,1.7423536019371628e+00,-5.0289829243675435e+01,-8.7820932642181593e-01,-9.8580569500181436e+00,-2.7332680981348698e+01,-4.7401796888038927e-01
1.3219821886964628e+05,1,1.5000000000000000e+02,1.7825896828439907e+00,-5.0328579204875453e+01,-8.7889786372827960e-01,9.8587652969834725e+00,2.7332165680036542e+01,4.7400875984606983e-01

1.3226105097562421e+05,0,1.5000000000000000e+02,1.7456365906074294e+00,-5.0356099021629454e+01,-8.7936689364869680e-01,1.5584202048121806e+01,-2.0706284445954701e+01,-3.6612195266646708e-01
1.3226105097562421e+05,1,1.5000000000000000e+02,1.7809959115464720e+00,-5.0308000744555130e+01,-8.7853823458113001e-01,-1.5584855289853909e+01,2.0705773274245580e+01,3.6611323048823430e-01

1.3232388303117262e+05,0,1.5000000000000000e+02,1.7805488119599151e+00,-5.0333849621828911e+01,-8.7898922350978870e-01,-2.7066435667311008e+01,7.0406231497277876e+00,1.3112114373565770e-01
1.3232388303117262e+05,1,1.5000000000000000e+02,1.7463961709876896e+00,-5.0379707156245814e+01,-8.7977914382020972e-01,2.7066827433642455e+01,-7.0420100043786693e+00,-1.3114546703214786e-01

1.3238671494198451e+05,0,1.5000000000000000e+02,1.7344137558188910e+00,-5.0377073786803621e+01,-8.7972953496603690e-01,-1.4695457546842476e+00,-2.3774528304097487e+01,-4.1447505875184892e-01
1.3238671494198451e+05,1,1.5000000000000000e+02,1.7963132519983755e+00,-5.0383905745183675e+01,-8.7986762570388311e-01,1.4696827830013675e+00,2.3774483122583774e+01,4.1447422848176946e-01

1.3244954640062214e+05,0,1.5000000000000000e+02,1.7853951215676258e+00,-5.0400256327247178e+01,-8.8014965670998546e-01,-2.8726420778255317e+01,3.1593461440698597e+01,5.6013294279446102e-01
1.3244954640062214e+05,1,1.5000000000000000e+02,1.7451259674938928e+00,-5.0407540076495273e+01,-8.8026450835276582e-01,2.8725915127007305e+01,-3.1594713775426214e+01,-5.6015464501205203e-01

1.3251237836246059e+05,0,1.5000000000000000e+02,1.7541994057148018e+00,-5.0432903674552186e+01,-8.8070992826966021e-01,4.2755150809935891e+01,-4.5785866511275906e+01,-8.1209817717656074e-01
1.3251237836246059e+05,1,1.5000000000000000e+02,1.7788673597341520e+00,-5.0424675098165551e+01,-8.8057383448072468e-01,-4.2754402195189435e+01,4.5785165228468095e+01,8.1208571005052166e-01

1.3257521040663047e+05,0,1.5000000000000000e+02,1.7633659398334089e+00,-5.0479706659647668e+01,-8.8152954544294582e-01,2.7459105950698728e+01,6.8869621046232687e+00,1.1182911448106531e-01
1.3257521040663047e+05,1,1.5000000000000000e+02,1.7719016532866025e+00,-5.0423612485593836e+01,-8.8055316737796374e-01,-2.7459688639443314e+01,-6.8873317344348806e+00,-1.1183538790562103e-01

1.3263804210294670e+05,0,1.5000000000000000e+02,1.7618379571028271e+00,-5.0463367656009801e+01,-8.8124392506806715e-01,-3.6823996509392870e+01,-4.5936417133994652e+01,-7.9048322085899159e-01
1.3263804210294670e+05,1,1.5000000000000000e+02,1.7734394598592549e+00,-5.0489119494344585e+01,-8.8169689081662483e-01,3.6824274979647853e+01,4.5934976911743419e+01,7.9045800068290362e-01

1.3270087399368265e+05,0,1.5000000000000000e+02,1.7556889557961006e+00,-5.0514038687044874e+01,-8.8212638333191229e-01,4.3301703878774191e+01,-9.9313661993922810e+00,-1.8651736328500193e-01
1.3270087399368265e+05,1,1.5000000000000000e+02,1.7834204789371342e+00,-5.0486189504700860e+01,-8.8164879601728807e-01,-4.3301476262863872e+01,9.9313009729734159e+00,1.8651615558692172e-01

1.3276370567491598e+05,0,1.5000000000000000e+02,1.7759928347984490e+00,-5.0550881338718128e+01,-8.8277556152166747e-01,2.8131459254601364e+01,-4.8946091915856300e+00,-9.3992477156389531e-02
1.3276370567491598e+05,1,1.5000000000000000e+02,1.7630148543596580e+00,-5.0495964082883908e+01,-8.8181316973268609e-01,-2.8132002861758014e+01,4.8934016774055422e+00,9.3971568727631849e-02

1.3282653778834082e+05,0,1.5000000000000000e+02,1.7646411559711590e+00,-5.0518220040436191e+01,-8.8220208520924992e-01,-2.2818783171054189e+01,-8.7660296651928107e+00,-1.4603696028403057e-01
1.3282653778834082e+05,1,1.5000000000000000e+02,1.7767992423844052e+00,-5.0578468161452363e+01,-8.8325726365733304e-01,2.2819533501668811e+01,8.7653021246214564e+00,1.4602403437380174e-01

1.3288936959562023e+05,0,1.5000000000000000e+02,1.7483319793043695e+00,-5.0587309519575200e+01,-8.8340289460186228e-01,5.9005576974748486e+00,-2.7470021783994341e+01,-4.8121548897742672e-01
1.3288936959562023e+05,1,1.5000000000000000e+02,1.7953414102735954e+00,-5.0555113506384146e+01,-8.8285531731369404e-01,-5.9011439868471420e+00,2.7469646314336458e+01,4.8120911473044048e-01

1.3295220127818498e+05,0,1.5000000000000000e+02,1.7906924612879558e+00,-5.0574810336903759e+01,-8.8319765821403617e-01,-2.7023320067071754e+01,9.1704317116604450e+00,1.6827829395443922e-01
1.3295220127818498e+05,1,1.5000000000000000e+02,1.7530242479507212e+00,-5.0616841257327657e+01,-8.8391972394275686e-01,2.7023635035063275e+01,-9.1718572010214636e+00,-1.6830326812484409e-01

1.3301503337108993e+05,0,1.5000000000000000e+02,1.7546902208221684e+00,-5.0632987422003289e+01,-8.8420202091781230e-01,3.3877381465859926e+01,-1.5064990470626128e+01,-2.7324050181568721e-01
1.3301503337108993e+05,1,1.5000000000000000e+02,1.7928586897423251e+00,-5.0606238602497768e+01,-8.8374681701980151e-01,-3.3877224348393128e+01,1.5064941706570835e+01,2.7323960290127941e-01

1.3307786493649636e+05,0,1.5000000000000000e+02,1.7859904522002847e+00,-5.0669194564066146e+01,-8.8484345779435614e-01,2.7281399440207274e+01,2.1759977477943586e+00,2.9665585079388712e-02
1.3307786493649636e+05,1,1.5000000000000000e+02,1.7613116198102461e+00,-5.0616870308398546e+01,-8.8392275563362366e-01,-2.7281872288609399e+01,-2.1772830796466529e+00,-2.9687873169265633e-02

1.3314069707593293e+05,0,1.5000000000000000e+02,1.7559349864456610e+00,-5.0649694724376438e+01,-8.8449398282498815e-01,-8.8438222230335697e+00,-3.0352994659245418e+01,-5.2703868002084031e-01
1.3314069707593293e+05,1,1.5000000000000000e+02,1.7941337513461506e+00,-5.0686069639576168e+01,-8.8514044922985735e-01,8.8445529926799082e+00,3.0352403594495811e+01,5.2702814190062919e-01

1.3320352872001799e+05,0,1.5000000000000000e+02,1.7707092555181989e+00,-5.0720957091794084e+01,-8.8574218340187094e-01,2.4479182802130101e+01,-2.1572427642212233e-02,-7.8336553900071326e-03
1.3320352872001799e+05,1,1.5000000000000000e+02,1.7811379254105462e+00,-5.0660460764656911e+01,-8.8468955382891368e-01,-2.4479842162579256e+01,2.1042921208668020e-02,7.8246150901022382e-03

1.3326636048628247e+05,0,1.5000000000000000e+02,1.7839851379851688e+00,-5.0727030554689854e+01,-8.8585222426032928e-01,5.8967875180159155e+01,7.8281378798583461e+00,1.1865628867551425e-01
1.3326636048628247e+05,1,1.5000000000000000e+02,1.7683142169230932e+00,-5.0703998985296877e+01,-8.8544549407222684e-01,-5.8967386305860373e+01,-7.8294564463809166e+00,-1.1867944976312672e-01

1.3332919244496743e+05,0,1.5000000000000000e+02,1.7528535842173825e+00,-5.0729052310911818e+01,-8.8587802512389313e-01,-2.2548569926375563e+01,-2.0556266627993320e+01,-3.5188728356280885e-01
1.3332919244496743e+05,1,1.5000000000000000e+02,1.8031152895980735e+00,-5.0748913301749361e+01,-8.8623995857759141e-01,2.2548490238605098e+01,2.0556221702213467e+01,3.5188652377376795e-01

1.3339202408420274e+05,0,1.5000000000000000e+02,1.7677961709443872e+00,-5.0764844318302416e+01,-8.8650723383841812e-01,2.2207742578590484e-01,-7.4358410533891742e+01,-1.2978008545400601e+00
1.3339202408420274e+05,1,1.5000000000000000e+02,1.7876944702417132e+00,-5.0760680951513159e+01,-8.8644063474583312e-01,-2.2232465522639444e-01,7.4356979865317101e+01,1.2977759612432020e+00

1.3345485601654256e+05,0,1.5000000000000000e+02,1.7608538017846134e+00,-5.0762423600409079e+01,-8.8646287166268101e-01,-1.9327640993763438e+01,-1.3926527124389413e+01,-2.3716357613584621e-01
1.3345485601654256e+05,1,1.5000000000000000e+02,1.7980529567237586e+00,-5.0812244494103986e+01,-8.8734369823506676e-01,1.9328241485716816e+01,1.3926207767212258e+01,2.3715781965348265e-01

1.3351768789967970e+05,0,1.5000000000000000e+02,1.7895681878613394e+00,-5.0839161949553421e+01,-8.8781088791566465e-01,2.1453506586231541e+01,1.2373151132019817e+01,2.0940581835522548e-01
1.3351768789967970e+05,1,1.5000000000000000e+02,1.7701767735424587e+00,-5.0781316950856187e+01,-8.8679544622529582e-01,-2.1454196900945831e+01,-1.2374012545563136e+01,-2.0942064180361425e-01

1.3358052002470687e+05,0,1.5000000000000000e+02,1.7984028413108144e+00,-5.0811270975770029e+01,-8.8732681468035968e-01,-1.5626673070094700e+01,2.0543349642083008e+01,3.6329128631689289e-01
1.3358052002470687e+05,1,1.5000000000000000e+02,1.7627752706193989e+00,-5.0859198563065377e+01,-8.8815241308283155e-01,1.5627375333304382e+01,-2.0544371474849740e+01,-3.6330933369172758e-01

1.3364335167460935e+05,0,1.5000000000000000e+02,1.7692679647807348e+00,-5.0883736205838780e+01,-8.8858263193579989e-01,2.7919344456637102e+01,-2.2663601770764714e+00,-4.8058589996562151e-02
1.3364335167460935e+05,1,1.5000000000000000e+02,1.7948596750287209e+00,-5.0832773968853196e+01,-8.8770101434020854e-01,-2.7919785706075839e+01,2.2661514211470077e+00,4.8055081120630894e-02

1.3370618371245963e+05,0,1.5000000000000000e+02,1.8010993645412303e+00,-5.0864196053397706e+01,-8.8825130620195891e-01,-2.9439318225496471e+01,1.0279404710247356e+01,1.8836853399157877e-01
1.3370618371245963e+05,1,1.5000000000000000e+02,1.7627498067895127e+00,-5.0901103805763597e+01,-8.8888375275957243e-01,2.9439498222590110e+01,-1.0280873350475968e+01,-1.8839422013262419e-01

1.3376901560775645e+05,0,1.5000000000000000e+02,1.7594681373946919e+00,-5.0890253137418519e+01,-8.8869338283334631e-01,-2.1118032468342331e+01,-1.6209385599664021e+01,-2.7645953791954880e-01
1.3376901560775645e+05,1,1.5000000000000000e+02,1.8082527398749888e+00,-5.0922926504074439e+01,-8.8927847310306585e-01,2.1118249983003171e+01,1.6209322821690332e+01,2.7645837602918466e-01

1.3383184727881686e+05,0,1.5000000000000000e+02,1.8095101191001071e+00,-5.0946421145261951e+01,-8.8968889422014663e-01,9.2058820708469540e+00,2.2854792514940740e+01,3.9606671332714521e-01
1.3383184727881686e+05,1,1.5000000000000000e+02,1.7579736162869446e+00,-5.0913524730550165e+01,-8.8909907290570434e-01,-9.2063426225166900e+00,-2.2856088934774618e+01,-3.9608919867545572e-01

1.3389467921007139e+05,0,1.5000000000000000e+02,1.7729906357912113e+00,-5.0926251296775405e+01,-8.8932575684215220e-01,-2.1569593110056410e+01,-1.0220372286399375e+01,-1.7179928320504712e-01
1.3389467921007139e+05,1,1.5000000000000000e+02,1.7974171552512930e+00,-5.0983324180024461e+01,-8.9032925711862110e-01,2.1570294784462170e+01,1.0219873156358474e+01,1.7179035843003221e-01

1.3395751078626656e+05,0,1.5000000000000000e+02,1.7909798541787214e+00,-5.0969112054965933e+01,-8.9007926037379170e-01,-7.0149910954785938e+01,2.8234546846452915e+01,5.1413075834044997e-01
1.3395751078626656e+05,1,1.5000000000000000e+02,1.7807965924502414e+00,-5.0986113018107247e+01,-8.9037286593568787e-01,7.0149216870657156e+01,-2.8235248149669360e+01,-5.1414278633005028e-01

1.3402034293545195e+05,0,1.5000000000000000e+02,1.8098395245750762e+00,-5.0989717847825389e+01,-8.9044462638065225e-01,-1.1768224290472524e+00,3.0937401425808737e+01,5.4029060254204897e-01
1.3402034293545195e+05,1,1.5000000000000000e+02,1.7629612010139286e+00,-5.1015424205571030e+01,-8.9087898350400252e-01,1.1774752558832908e+00,-3.0938525984916687e+01,-5.4031042767908610e-01

1.3408317446058406e+05,0,1.5000000000000000e+02,1.7917837923166371e+00,-5.1016289037586162e+01,-8.9090285727375407e-01,-6.2286432786356897e+01,4.0957029061801080e+01,7.3377321460368361e-01
1.3408317446058406e+05,1,1.5000000000000000e+02,1.7841886426468325e+00,-5.1035057124384458e+01,-8.9122809182003138e-01,6.2286045519104135e+01,-4.0957197130694794e+01,-7.3377602983794177e-01

1.3414600654531139e+05,0,1.5000000000000000e+02,1.8152901085255915e+00,-5.1037715232388059e+01,-8.9128395679393047e-01,-1.5785071797909779e+01,1.9878091556350316e+01,3.5172918528558528e-01
1.3414600654531139e+05,1,1.5000000000000000e+02,1.7603364820208516e+00,-5.1062302738246714e+01,-8.9169632725640047e-01,1.5785230940400396e+01,-1.9879564227211628e+01,-3.5175493541807468e-01

1.3420883827922525e+05,0,1.5000000000000000e+02,1.7639384336431347e+00,-5.1081717548034746e+01,-8.9203625974640088e-01,2.0777246474111521e+01,-2.2418128166389842e+01,-3.9757971724720664e-01
1.3420883827922525e+05,1,1.5000000000000000e+02,1.8155721570514918e+00,-5.1066174943946443e+01,-8.9178073323405482e-01,-2.0777052761353296e+01,2.2418071310898775e+01,3.9757866596852176e-01

1.3427167030845158e+05,0,1.5000000000000000e+02,1.8167008041315933e+00,-5.1111650366881030e+01,-8.9257473269546206e-01,7.5944763832906403e+00,2.3316045486541597e+01,4.0460757485545462e-01
1.3427167030845158e+05,1,1.5000000000000000e+02,1.7624958190627640e+00,-5.1083134058264562e+01,-8.9206054186531525e-01,-7.5948815362096695e+00,-2.3317387331248796e+01,-4.0463086985422303e-01

1.3433450203993474e+05,0,1.5000000000000000e+02,1.7910683312116302e+00,-5.1132179758184122e+01,-8.9292521156003579e-01,7.3714448732776432e+01,1.3070595016102367e+01,2.0565748976791809e-01
1.3433450203993474e+05,1,1.5000000000000000e+02,1.7912857203591928e+00,-5.1112064977679481e+01,-8.9257422645921891e-01,-7.3713799207064014e+01,-1.3070988385987313e+01,-2.0566455288846008e-01

1.3439733382648564e+05,0,1.5000000000000000e+02,1.7799723771613869e+00,-5.1141876730172605e+01,-8.9309106694528262e-01,-3.9568782994675416e+01,-5.2801693598770029e+01,-9.0946266372722862e-01
1.3439733382648564e+05,1,1.5000000000000000e+02,1.8033310419574826e+00,-5.1148109535975564e+01,-8.9320696022333812e-01,3.9568093780196591e+01,5.2800828010360192e+01,9.0944776708128516e-01

1.3446016577015829e+05,0,1.5000000000000000e+02,1.7779079048736863e+00,-5.1156958131089759e+01,-8.9335364485992330e-01,-7.7852961992618717e+00,-4.3927049625787710e+01,-7.6426106612138234e-01
1.3446016577015829e+05,1,1.5000000000000000e+02,1.8069794114706901e+00,-5.1183054644141507e+01,-8.9381794794978142e-01,7.7860268477535541e+00,4.3926119788932930e+01,7.6424461564844137e-01

1.3452299745842951e+05,0,1.5000000000000000e+02,1.7713105951114740e+00,-5.1195786190269615e+01,-8.9402927824819067e-01,-1.5590785730016858e+01,-3.5004076930993726e+01,-6.0615591108422140e-01
1.3452299745842951e+05,1,1.5000000000000000e+02,1.8161604816274002e+00,-5.1190031557547513e+01,-8.9394250881034276e-01,1.5590217075342157e+01,3.5003727215854745e+01,6.0614998094231276e-01

1.3458582941829157e+05,0,1.5000000000000000e+02,1.8211697918339387e+00,-5.1213966775338591e+01,-8.9436176202456785e-01,8.5660516275527492e+00,2.8173238805334904e+01,4.8908131299505475e-01
1.3458582941829157e+05,1,1.5000000000000000e+02,1.7664212704058826e+00,-5.1221234716126169e+01,-8.9447192687990840e-01,-8.5656132469557598e+00,-2.8174595118420413e+01,-4.8910511746936713e-01

1.3464866114018945e+05,0,1.5000000000000000e+02,1.8052503570716489e+00,-5.1240539508129686e+01,-8.9482067064012971e-01,-9.3897235959082437e+00,7.6504325717530918e+01,1.3380450052015482e+00
1.3464866114018945e+05,1,1.5000000000000000e+02,1.7860352588288324e+00,-5.1241564650265602e+01,-8.9483270828610673e-01,9.3895696989372581e+00,-7.6504386841282781e+01,-1.3380460250781554e+00

1.3471149339478192e+05,0,1.5000000000000000e+02,1.8263194558783258e+00,-5.1266836123336027e+01,-8.9528602826347015e-01,5.1097353184369609e-01,2.3891671308830080e+01,4.1681149872477696e-01
1.3471149339478192e+05,1,1.5000000000000000e+02,1.7644441221120413e+00,-5.1263269739251250e+01,-8.9520493701613790e-01,-5.1101171577418825e-01,-2.3893153065451745e+01,-4.1683734731347621e-01

1.3477432531678482e+05,0,1.5000000000000000e+02,1.7677244441161901e+00,-5.1282430909431355e+01,-8.9554034489949719e-01,-3.7141857848079951e-01,-2.4942282742799186e+01,-4.3518970950808189e-01
1.3477432531678482e+05,1,1.5000000000000000e+02,1.8268636515261489e+00,-5.1296058286410400e+01,-8.9579619116982812e-01,3.7174274352179282e-01,2.4942181285710177e+01,4.3518784008451905e-01

1.3483715699922096e+05,0,1.5000000000000000e+02,1.8001741212599176e+00,-5.1336855029060757e+01,-8.9650006204838562e-01,3.2085297524675667e+01,-1.3519664581567689e+01,-2.4572491858473477e-01
1.3483715699922096e+05,1,1.5000000000000000e+02,1.7942512665692985e+00,-5.1288231936372398e+01,-8.9564966777625132e-01,-3.2085762514060889e+01,1.3518372656599489e+01,2.4570251303458401e-01

1.3489998904934336e+05,0,1.5000000000000000e+02,1.7760699049529682e+00,-5.1320662318064599e+01,-8.9621011738483924e-01,-6.6086445018425835e+00,-2.7786768812311351e+01,-4.8293277222676495e-01
1.3489998904934336e+05,1,1.5000000000000000e+02,1.8214073411758036e+00,-5.1353988944967270e+01,-8.9680555849761412e-01,6.6093035830072608e+00,2.7786359588625842e+01,4.8292542950940670e-01

1.3496282047085173e+05,0,1.5000000000000000e+02,1.8098985383123398e+00,-5.1388833275779412e+01,-8.9741017000091294e-01,2.1221353413298228e+01,1.2359372287608569e+01,2.0923606586040377e-01
1.3496282047085173e+05,1,1.5000000000000000e+02,1.7884909461128666e+00,-5.1331561063473231e+01,-8.9640411061731051e-01,-2.1222035504122299e+01,-1.2360278576690558e+01,-2.0925167499976938e-01

1.3502565230578129e+05,0,1.5000000000000000e+02,1.8167618228204747e+00,-5.1365529117225442e+01,-8.9700554717781089e-01,-1.2010051003582944e+01,3.0212676118006890e+01,5.3094255982897598e-01
1.3502565230578129e+05,1,1.5000000000000000e+02,1.7834304112991548e+00,-5.1404901197585616e+01,-8.9768253088164507e-01,1.2010798188568756e+01,-3.0213505090041387e+01,-5.3095725500429369e-01

1.3508848443946443e+05,0,1.5000000000000000e+02,1.8064643969654264e+00,-5.1433621812726912e+01,-8.9819079167909943e-01,2.4776336802180882e+01,2.0190956509874482e+01,3.4483309180942512e-01
1.3508848443946443e+05,1,1.5000000000000000e+02,1.7959341756452309e+00,-5.1382474259522859e+01,-8.9729493594052800e-01,-2.4776981426908019e+01,-2.0191447947311509e+01,-3.4484147220265882e-01

1.3515131607440932e+05,0,1.5000000000000000e+02,1.8065220982250603e+00,-5.1405848547494898e+01,-8.9770609898107545e-01,-2.8661322936172930e+01,-7.1577485484860315e+00,-1.1618875470582724e-01
1.3515131607440932e+05,1,1.5000000000000000e+02,1.7964555818330536e+00,-5.1459994309955619e+01,-8.9864800624209029e-01,2.8661921265810747e+01,7.1565438119197200e+00,1.1616754688163566e-01

1.3521414821005872e+05,0,1.5000000000000000e+02,1.7781471312259245e+00,-5.1474365386925079e+01,-8.9889323879200467e-01,1.3920666870266164e+01,-1.9419950897033225e+01,-3.4316556920426960e-01
1.3521414821005872e+05,1,1.5000000000000000e+02,1.8280976440260250e+00,-5.1437742961477625e+01,-8.9826930590839138e-01,-1.3921073556561996e+01,1.9419768992212823e+01,3.4316251841656048e-01

1.3527697989899406e+05,0,1.5000000000000000e+02,1.8083306409137694e+00,-5.1459912977389955e+01,-8.9865020438141141e-01,-3.9064097771626997e+01,-1.2136963391367960e+01,-1.9991900833137752e-01
1.3527697989899406e+05,1,1.5000000000000000e+02,1.7976615144970778e+00,-5.1501106085187011e+01,-8.9936587307398841e-01,3.9064394371596869e+01,1.2135531044456766e+01,1.9989392007612919e-01

1.3533981179249054e+05,0,1.5000000000000000e+02,1.8030078788743973e+00,-5.1520782945609184e+01,-8.9971091034174155e-01,4.6819794058337848e+01,2.0776979836996667e+01,3.4834544663585182e-01
1.3533981179249054e+05,1,1.5000000000000000e+02,1.8068164447409580e+00,-5.1487491768773580e+01,-8.9913105940741778e-01,-4.6819862386565333e+01,-2.0777023853409169e+01,-3.4834619401397521e-01

1.3540264337964961e+05,0,1.5000000000000000e+02,1.8354978119644727e+00,-5.1530277536355669e+01,-8.9988651132104391e-01,7.2310457134596717e-01,2.3925762097580545e+01,4.1734184293199500e-01
1.3540264337964961e+05,1,1.5000000000000000e+02,1.7737871558757736e+00,-5.1525844820192837e+01,-8.9979035066041935e-01,-7.2315637620769380e-01,-2.3927242262203663e+01,-4.1736765958557059e-01

1.3546547531594330e+05,0,1.5000000000000000e+02,1.8073544408996618e+00,-5.1564270701768045e+01,-9.0047120047196905e-01,5.9515115552350338e+01,2.8521900756438320e+01,4.7964554163580853e-01
1.3546547531594330e+05,1,1.5000000000000000e+02,1.8057814781661499e+00,-5.1540168635147452e+01,-9.0005008223318772e-01,-5.9514847006664397e+01,-2.8521980326267816e+01,-4.7964701212893535e-01

1.3552830709217061e+05,0,1.5000000000000000e+02,1.7995836424990319e+00,-5.1568850039561724e+01,-9.0054875370277687e-01,-5.0043956801614009e+01,-5.8531499240564827e+01,-1.0062704779351366e+00
1.3552830709217061e+05,1,1.5000000000000000e+02,1.8132347290941073e+00,-5.1582439878993803e+01,-9.0079008767411373e-01,5.0043597829476589e+01,5.8530127130104873e+01,1.0062466406603034e+00

1.3559113921285616e+05,0,1.5000000000000000e+02,1.7883100170204451e+00,-5.1604879894029267e+01,-9.0117412704850419e-01,3.0302943116041270e+01,-3.0249292509311449e+01,-5.3715422087033238e-01
1.3559113921285616e+05,1,1.5000000000000000e+02,1.8279358865541788e+00,-5.1595612568833886e+01,-9.0102446126645352e-01,-3.0302409208549896e+01,3.0249047237526877e+01,5.3714977764184813e-01

1.3565397082550771e+05,0,1.5000000000000000e+02,1.8010381871034993e+00,-5.1643269651661448e+01,-9.0184799811450300e-01,2.5434423233120423e+01,-3.2126179091952437e+01,-5.6842729697825178e-01
1.3565397082550771e+05,1,1.5000000000000000e+02,1.8154704144938414e+00,-5.1603331886479928e+01,-9.0115538453585409e-01,-2.5434997160403729e+01,3.2125014988967379e+01,5.6840715541732556e-01

1.3571680282604380e+05,0,1.5000000000000000e+02,1.8092816561914391e+00,-5.1619594314275176e+01,-9.0143731772714153e-01,-2.5983332128870551e+01,9.7183114811940143e+00,1.7752329981968146e-01
1.3571680282604380e+05,1,1.5000000000000000e+02,1.8099638480503237e+00,-5.1676789122297123e+01,-9.0243571258076727e-01,2.5984026261590941e+01,-9.7187935438029882e+00,-1.7753192442770832e-01

1.3577963463252195e+05,0,1.5000000000000000e+02,1.7951292122632443e+00,-5.1678065825525167e+01,-9.0245347499180406e-01,-4.6747764713260977e+00,-5.1488210543160619e+01,-8.9716908623440905e-01
1.3577963463252195e+05,1,1.5000000000000000e+02,1.8251353024094206e+00,-5.1664014920974864e+01,-9.0221739373728260e-01,4.6740959382458840e+00,5.1487298066197951e+01,8.9715336862896211e-01

1.3584246656358155e+05,0,1.5000000000000000e+02,1.8022469743427882e+00,-5.1667676805924565e+01,-9.0227432988483180e-01,-2.1632719378462500e+01,-1.4193105759089118e+01,-2.4111381208879118e-01
1.3584246656358155e+05,1,1.5000000000000000e+02,1.8199725204905952e+00,-5.1724435039937724e+01,-9.0327029743797560e-01,2.1633469064153498e+01,1.4192369251390279e+01,2.4110072987861725e-01

1.3590529832800481e+05,0,1.5000000000000000e+02,1.8240803213056542e+00,-5.1741324040280006e+01,-9.0356630249574099e-01,1.8123822330746378e+01,2.7532775070199271e+01,4.7499206811460154e-01
1.3590529832800481e+05,1,1.5000000000000000e+02,1.7999320822385303e+00,-5.1696385661729529e+01,-9.0277466330051470e-01,-1.8124512427688195e+01,-2.7533440190159823e+01,-4.7500346583188896e-01

1.3596813020524342e+05,0,1.5000000000000000e+02,1.8150333714249707e+00,-5.1713778981709360e+01,-9.0308281893210418e-01,-2.4883171958027390e+01,-3.5973060735954157e+00,-5.5201414662649939e-02
1.3596813020524342e+05,1,1.5000000000000000e+02,1.8101950773985178e+00,-5.1773929401610125e+01,-9.0413111460384010e-01,2.4883891735577407e+01,3.5963379136906717e+00,5.5184298674741172e-02

1.3603096205001808e+05,0,1.5000000000000000e+02,1.7976753198882551e+00,-5.1763239339457392e+01,-9.0394073335845038e-01,-3.4907339295497252e+01,-3.8194832565971112e+01,-6.5595781739943892e-01
1.3603096205001808e+05,1,1.5000000000000000e+02,1.8300301398962715e+00,-5.1770209937505030e+01,-9.0407224341153491e-01,3.4906711094351635e+01,3.8194378125700680e+01,6.5595007769411251e-01

1.3609379392346478e+05,0,1.5000000000000000e+02,1.8376548780368478e+00,-5.1775534932353402e+01,-9.0416750012882885e-01,-6.1950029989140774e+00,2.7233046055289414e+01,4.7716938997503122e-01
1.3609379392346478e+05,1,1.5000000000000000e+02,1.7906506590378002e+00,-5.1807681836425083e+01,-9.0471422193243334e-01,6.1956358898228103e+00,-2.7234201675614649e+01,-4.7718975112993678e-01

1.3615662599857806e+05,0,1.5000000000000000e+02,1.7902022689969403e+00,-5.1825755148234215e+01,-9.0502950811900684e-01,-4.5253763849331108e-02,-2.9070295692458018e+01,-5.0733282980792604e-01
1.3615662599857806e+05,1,1.5000000000000000e+02,1.8411208010385034e+00,-5.1803499853991362e+01,-9.0465661113898588e-01,4.4730481939403433e-02,2.9070004036177679e+01,5.0732789911293596e-01

1.3621945752754749e+05,0,1.5000000000000000e+02,1.8152348614415175e+00,-5.1816957824515541e+01,-9.0488359939832153e-01,-3.2581156808038031e+01,-2.0822280085640358e+01,-3.5347360244253223e-01
1.3621945752754749e+05,1,1.5000000000000000e+02,1.8162254592215143e+00,-5.1861721837429883e+01,-9.0566514091401951e-01,3.2581672741919490e+01,2.0820986356560034e+01,3.5345086658652158e-01

1.3628228940357699e+05,0,1.5000000000000000e+02,1.8084177630443918e+00,-5.1850841672863922e+01,-9.0547287737439686e-01,-5.5979374016911564e+01,-9.3599345576132578e+00,-1.4630022267497489e-01
1.3628228940357699e+05,1,1.5000000000000000e+02,1.8264470851640344e+00,-5.1874245586132503e+01,-9.0588682430571998e-01,5.5978973154347798e+01,9.3597564724631894e+00,1.4629723677656281e-01

1.3634512130553665e+05,0,1.5000000000000000e+02,1.8241324474241354e+00,-5.1899661916755448e+01,-9.0632969532179108e-01,5.8172734376825026e+01,9.8384429379445493e-01,-5.5087868239578341e-04
1.3634512130553665e+05,1,1.5000000000000000e+02,1.8105543900574232e+00,-5.1874470344821297e+01,-9.0588590544659064e-01,-5.8172341334199722e+01,-9.8522881611963697e-01,5.2659570243407394e-04

1.3640795332897836e+05,0,1.5000000000000000e+02,1.8147320728880585e+00,-5.1931382654091379e+01,-9.0688043485998626e-01,3.8247563674678844e+01,1.3704058350765230e+01,2.2751732964104679e-01
1.3640795332897836e+05,1,1.5000000000000000e+02,1.8236093371496946e+00,-5.1889533941014321e+01,-9.0615277841742337e-01,-3.8247843467182605e+01,-1.3704164637672072e+01,-2.2751909936935286e-01

1.3647078495279059e+05,0,1.5000000000000000e+02,1.8264593981938018e+00,-5.1948648651272357e+01,-9.0718534059285116e-01,5.3927736111477330e+01,-9.9935719380319199e-01,-3.3869350924599861e-02
1.3647078495279059e+05,1,1.5000000000000000e+02,1.8115111398421104e+00,-5.1920950022330523e+01,-9.0669737913148940e-01,-5.3927457492416863e+01,9.9791834288653547e-01,3.3844154636944679e-02

1.3653361688892258e+05,0,1.5000000000000000e+02,1.8024525521221633e+00,-5.1946116090607362e+01,-9.0713382804127751e-01,-3.5498816588588966e+01,-1.6533361661475453e+01,-2.7773283976070540e-01
1.3653361688892258e+05,1,1.5000000000000000e+02,1.8393167643112285e+00,-5.1970607225337581e+01,-9.0757248733074336e-01,3.5498642126915385e+01,1.6533294966973664e+01,2.7773172892784992e-01

1.3659644867081672e+05,0,1.5000000000000000e+02,1.8146565886551502e+00,-5.1971261582051511e+01,-9.0757639513251420e-01,-3.9031614298348146e+01,-4.9878704311948482e+01,-8.5861310595714624e-01
1.3659644867081672e+05,1,1.5000000000000000e+02,1.8266380500523560e+00,-5.1993832643660305e+01,-9.0797396442077982e-01,3.9031796599550376e+01,4.9877237295272764e+01,8.5858744745084525e-01

1.3665928071112675e+05,0,1.5000000000000000e+02,1.7919427118703000e+00,-5.2008152884952452e+01,-9.0821331775096403e-01,-1.1733611157893620e+00,-2.4206748661222036e+01,-4.2210857168455340e-01
1.3665928071112675e+05,1,1.5000000000000000e+02,1.8532222441794262e+00,-5.2004343443319392e+01,-9.0816550158934595e-01,1.1732711239486804e+00,2.4206700984867346e+01,4.2210776703186770e-01

1.3672211260974724e+05,0,1.5000000000000000e+02,1.8489381778124194e+00,-5.2018123606628109e+01,-9.0840469353375042e-01,-1.8012125071074934e+01,1.9530836308900501e+01,3.4634717928410458e-01
1.3672211260974724e+05,1,1.5000000000000000e+02,1.7957054214885386e+00,-5.2042503464922682e+01,-9.0881396428022931e-01,1.8012235691875546e+01,-1.9532315438619317e+01,-3.4637302735586722e-01

1.3678494438325413e+05,0,1.5000000000000000e+02,1.7935071993355691e+00,-5.2054261864577349e+01,-9.0901850700545572e-01,-1.8982846652514560e+00,-2.4044072458097990e+01,-4.1904864490253524e-01
1.3678494438325413e+05,1,1.5000000000000000e+02,1.8550352163086727e+00,-5.2053968381934702e+01,-9.0903212848575043e-01,1.8982535951995381e+00,2.4044031912996008e+01,4.1904794675761403e-01

1.3684777604071717e+05,0,1.5000000000000000e+02,1.8160104968133315e+00,-5.2071193283154585e+01,-9.0932085625995207e-01,-3.1747613987104732e+01,-6.5051188689792440e+01,-1.1256284161271481e+00
1.3684777604071717e+05,1,1.5000000000000000e+02,1.8319946948401420e+00,-5.2085006255340495e+01,-9.0956679517731465e-01,3.1747679005563743e+01,6.5049706184939083e+01,1.1256025230427369e+00

1.3691060810617104e+05,0,1.5000000000000000e+02,1.8011740580626401e+00,-5.2090223406201254e+01,-9.0964845804724881e-01,-2.2662712744960988e+01,-1.9100273737094057e+01,-3.2644193221121359e-01
1.3691060810617104e+05,1,1.5000000000000000e+02,1.8507376744401893e+00,-5.2113699667495126e+01,-9.1007327400943538e-01,2.2662713687680483e+01,1.9100235010422217e+01,3.2644125605009472e-01

1.3697344001728948e+05,0,1.5000000000000000e+02,1.8499815990366342e+00,-5.2138158921334799e+01,-9.1049991653258078e-01,2.3568459839458512e+01,1.8544857694354089e+01,3.1647266532272006e-01
1.3697344001728948e+05,1,1.5000000000000000e+02,1.8013900668905023e+00,-5.2113655335051078e+01,-9.1005746740597615e-01,-2.3568413139917610e+01,-1.8546341347911902e+01,-3.1649857287417532e-01

1.3703627161623124e+05,0,1.5000000000000000e+02,1.8261009792784366e+00,-5.2165325567512433e+01,-9.1096676507194929e-01,4.9723909835171263e+01,2.1726277335548581e+01,3.6402828318076841e-01
1.3703627161623124e+05,1,1.5000000000000000e+02,1.8291774864361454e+00,-5.2134248736957360e+01,-9.1042533679972582e-01,-4.9723902933667325e+01,-2.1726315934359626e+01,-3.6402895892559417e-01

1.3709910351510829e+05,0,1.5000000000000000e+02,1.8518226421015467e+00,-5.2185686489846404e+01,-9.1132994783894739e-01,2.3307846907046500e+01,1.8840865038073826e+01,3.2171809706819182e-01
1.3709910351510829e+05,1,1.5000000000000000e+02,1.8029170767180429e+00,-5.2161783397144944e+01,-9.1089788310554387e-01,-2.3307791999134349e+01,-1.8842348376116963e+01,-3.2174400161371958e-01

1.3716193558269177e+05,0,1.5000000000000000e+02,1.7985495903508339e+00,-5.2197526011019320e+01,-9.1152034725876818e-01,-1.6717192640021068e+00,-2.4021064574225580e+01,-4.1871612123900953e-01
1.3716193558269177e+05,1,1.5000000000000000e+02,1.8600939308565443e+00,-5.2197657935557963e+01,-9.1154139809077528e-01,1.6717037957030243e+00,2.4021024984090840e+01,4.1871543500781566e-01

1.3722476745948225e+05,0,1.5000000000000000e+02,1.8533613518981664e+00,-5.2232912277940535e+01,-9.1215462025111271e-01,2.3774634989427341e+01,1.9332908021845622e+01,3.3016323219388954e-01
1.3722476745948225e+05,1,1.5000000000000000e+02,1.8047494900956980e+00,-5.2210255419846511e+01,-9.1174439478236657e-01,-2.3774544625240949e+01,-1.9334389064886924e+01,-3.3018910748745534e-01

1.3728759921031783e+05,0,1.5000000000000000e+02,1.8161647967670940e+00,-5.2263655270089451e+01,-9.1267982817236837e-01,3.6026207088696040e+01,-5.4380016815104852e+00,-1.0588098372054333e-01
1.3728759921031783e+05,1,1.5000000000000000e+02,1.8458383394768163e+00,-5.2227096990781654e+01,-9.1205083776091267e-01,-3.6026270860923219e+01,5.4379575993813525e+00,1.0588023380771627e-01

1.3735043089610498e+05,0,1.5000000000000000e+02,1.8226864299103902e+00,-5.2261844552397051e+01,-9.1265021351621312e-01,-3.0198915712089061e+01,-6.3189714903013488e+01,-1.0936130034920026e+00
1.3735043089610498e+05,1,1.5000000000000000e+02,1.8388046110983898e+00,-5.2277061063144437e+01,-9.1292068837467699e-01,3.0199067515339408e+01,6.3188242338552662e+01,1.0935872574537315e+00

1.3741326267302153e+05,0,1.5000000000000000e+02,1.8322374112328976e+00,-5.2309959411876640e+01,-9.1349284316483004e-01,4.4586012525610307e+01,2.4696880439602140e+01,4.1743762850028415e-01
1.3741326267302153e+05,1,1.5000000000000000e+02,1.8331115677041909e+00,-5.2276321146803177e+01,-9.1290604078784465e-01,-4.4586150988957733e+01,-2.4696938019711332e+01,-4.1743859123223054e-01

1.3747609490210880e+05,0,1.5000000000000000e+02,1.8534756101699910e+00,-5.2298800420353565e+01,-9.1330456179286212e-01,-2.5698536322511231e+01,1.2490696337393896e+01,2.2582132894725795e-01
1.3747609490210880e+05,1,1.5000000000000000e+02,1.8114154052262463e+00,-5.2335882462361539e+01,-9.1393891973891606e-01,2.5698775229300026e+01,-1.2492148271401998e+01,-2.2584674146943048e-01

1.3753892653769982e+05,0,1.5000000000000000e+02,1.8441359412622116e+00,-5.2341094575395452e+01,-9.1403985143577848e-01,-8.6861339400925601e+00,7.5568963440642392e+01,1.3215063460263998e+00
1.3753892653769982e+05,1,1.5000000000000000e+02,1.8245324249155506e+00,-5.2340678166831410e+01,-9.1402661222810966e-01,8.6858967786978383e+00,-7.5569052495625357e+01,-1.3215078280039099e+00

1.3760175822920440e+05,0,1.5000000000000000e+02,1.8297692668509100e+00,-5.2374576729592995e+01,-9.1461981906881273e-01,5.7747513768250514e+01,-4.5540905989820736e+01,-8.1239019370288956e-01
1.3760175822920440e+05,1,1.5000000000000000e+02,1.8385556355611352e+00,-5.2355914988019464e+01,-9.1429680338713626e-01,-5.7747166638343202e+01,4.5539497699614806e+01,8.1236550990153955e-01

1.3766459024464196e+05,0,1.5000000000000000e+02,1.8433461632153378e+00,-5.2401493555947759e+01,-9.1509371846952559e-01,2.9955114901280542e+01,4.7918622173153310e+01,8.2716995622118272e-01
1.3766459024464196e+05,1,1.5000000000000000e+02,1.8285993833635394e+00,-5.2375743924151422e+01,-9.1463983307546748e-01,-2.9955468363269905e+01,-4.7918768840123008e+01,-8.2717240823786886e-01

1.3772742222026247e+05,0,1.5000000000000000e+02,1.8606569003260836e+00,-5.2394855486492027e+01,-9.1498314164511352e-01,-1.3801650100498080e+01,1.9652491934503665e+01,3.4718771347765798e-01
1.3772742222026247e+05,1,1.5000000000000000e+02,1.8111528862991115e+00,-5.2431466445751035e+01,-9.1560701043437032e-01,1.3802119420202672e+01,-1.9653824278489147e+01,-3.4721110905806096e-01

1.3779025382275894e+05,0,1.5000000000000000e+02,1.8270108839293275e+00,-5.2462431450677052e+01,-9.1615225519456456e-01,2.8368394089438151e+01,8.9833853608212166e-02,-7.0741294260092125e-03
1.3779025382275894e+05,1,1.5000000000000000e+02,1.8481528881225890e+00,-5.2410259465941508e+01,-9.1524816906265849e-01,-2.8368871527898879e+01,-9.0077385242061325e-02,7.0700246551076984e-03

1.3785308577812501e+05,0,1.5000000000000000e+02,1.8429946068855716e+00,-5.2434250450147907e+01,-9.1566529812723274e-01,-2.8906227859542035e+01,-6.8453603731906725e+00,-1.1066222320904651e-01
1.3785308577812501e+05,1,1.5000000000000000e+02,1.8323665267349543e+00,-5.2487900746845789e+01,-9.1659838724758447e-01,2.8906818656211520e+01,6.8441475544819994e+00,1.1064087662674127e-01

1.3791591791916441e+05,0,1.5000000000000000e+02,1.8235875163930033e+00,-5.2510628779897225e+01,-9.1699237177957138e-01,2.0878228222977288e+01,-1.1867300957902378e+01,-2.1347315494836305e-01
1.3791591791916441e+05,1,1.5000000000000000e+02,1.8547214952283506e+00,-5.2457530354382968e+01,-9.1607516091093666e-01,-2.0878820379187328e+01,1.1866912693409512e+01,2.1346655918779955e-01

1.3797874951100146e+05,0,1.5000000000000000e+02,1.8268707382597031e+00,-5.2495326034590171e+01,-9.1672630226295493e-01,-1.2647750434084085e+01,-4.4861077451364721e+01,-7.7908083579154230e-01
1.3797874951100146e+05,1,1.5000000000000000e+02,1.8521184462469753e+00,-5.2522623152690215e+01,-9.1721039394519810e-01,1.2648442534526975e+01,4.4860034347811506e+01,7.7906242028664707e-01

1.3804158130399167e+05,0,1.5000000000000000e+02,1.8421922572715568e+00,-5.2522404971857505e+01,-9.1720356235415434e-01,-7.5984375410688159e+01,1.4562105206682460e+01,2.7729111975349408e-01
1.3804158130399167e+05,1,1.5000000000000000e+02,1.8391852417204286e+00,-5.2541272918097100e+01,-9.1753193738462346e-01,7.5983702641118498e+01,-1.4562688458316359e+01,-2.7730109395127533e-01

1.3810441312253644e+05,0,1.5000000000000000e+02,1.8257955259485525e+00,-5.2552393363858599e+01,-9.1772193700965043e-01,1.2663548318987930e+01,-5.1135733278576183e+01,-8.9629933403619266e-01
1.3810441312253644e+05,1,1.5000000000000000e+02,1.8568952153818694e+00,-5.2561281635695074e+01,-9.1788653273103027e-01,-1.2662801811181113e+01,5.1134908182731621e+01,8.9628470671609572e-01

1.3816724533916224e+05,0,1.5000000000000000e+02,1.8538948599475025e+00,-5.2606162221077170e+01,-9.1866889298071708e-01,1.9793819906040778e+01,1.8290304600839971e+01,3.1317998081058807e-01
1.3816724533916224e+05,1,1.5000000000000000e+02,1.8304860630156157e+00,-5.2553129254691022e+01,-9.1773620900706898e-01,-1.9794513193480970e+01,-1.8291124928399118e+01,-3.1319408630366363e-01

1.3823007700194218e+05,0,1.5000000000000000e+02,1.8323895176223659e+00,-5.2611239110613738e+01,-9.1875094572807103e-01,5.2192912670396723e+01,-3.6417101958628983e+01,-6.5146574324431872e-01
1.3823007700194218e+05,1,1.5000000000000000e+02,1.8540526152246060e+00,-5.2598045173421923e+01,-9.1852727906611953e-01,-5.2192188106053791e+01,3.6416527689382967e+01,6.5145550013653031e-01

1.3829290872261830e+05,0,1.5000000000000000e+02,1.8437347314338954e+00,-5.2617633424467400e+01,-9.1886599806184599e-01,-7.4771056538769074e+01,-1.1347855572509651e+01,-1.7526966332073468e-01
1.3829290872261830e+05,1,1.5000000000000000e+02,1.8436224081624055e+00,-5.2637408392937651e+01,-9.1921108463145274e-01,7.4770433677282966e+01,1.1346779810287863e+01,1.7525107842386256e-01

1.3835574052680400e+05,0,1.5000000000000000e+02,1.8223711740615196e+00,-5.2649811740851924e+01,-9.1942107911882875e-01,1.5597384351445726e+01,-3.4268992111754351e+01,-6.0282785496636104e-01
1.3835574052680400e+05,1,1.5000000000000000e+02,1.8678207496390276e+00,-5.2654927509066923e+01,-9.1952420702125814e-01,-1.5596782008195213e+01,3.4268667659667706e+01,6.0282200900194094e-01

1.3841857248206125e+05,0,1.5000000000000000e+02,1.8616249600572328e+00,-5.2700053975488657e+01,-9.2030988504288846e-01,2.4710168006520171e+01,8.0048366411515133e+00,1.3217613219731378e-01
1.3841857248206125e+05,1,1.5000000000000000e+02,1.8287455069157075e+00,-5.2650903347363958e+01,-9.1944207214096552e-01,-2.4710613650718940e+01,-8.0061442125474116e+00,-1.3219881670793715e-01

1.3848140438493469e+05,0,1.5000000000000000e+02,1.8199105406547527e+00,-5.2700213170250144e+01,-9.2029995582495228e-01,1.3077886010419153e+01,-2.7246885762803942e+01,-4.7950767883540196e-01
1.3848140438493469e+05,1,1.5000000000000000e+02,1.8739522678964604e+00,-5.2699814296153228e+01,-9.2030945740054970e-01,-1.3077515498421224e+01,2.7246759979702119e+01,4.7950537074625871e-01

1.3854423618726814e+05,0,1.5000000000000000e+02,1.8718856193814892e+00,-5.2715928819770795e+01,-9.2059006508174623e-01,-2.1758663278833591e+01,2.2829271252110090e+01,4.0505412533452678e-01
1.3854423618726814e+05,1,1.5000000000000000e+02,1.8216231093454553e+00,-5.2731101641809154e+01,-9.2083955572418708e-01,2.1758498121956290e+01,-2.2830728683087578e+01,-4.0507951070118609e-01

1.3860706787948040e+05,0,1.5000000000000000e+02,1.8186724383910347e+00,-5.2742549808385320e+01,-9.2103845493957448e-01,-7.5509793491741739e+00,-2.3351839458106170e+01,-4.0524551642821632e-01
1.3860706787948040e+05,1,1.5000000000000000e+02,1.8786895932903045e+00,-5.2752630742229478e+01,-9.2123267469461056e-01,7.5510292943523787e+00,2.3351800243426105e+01,4.0524481682171493e-01

1.3866989983195273e+05,0,1.5000000000000000e+02,1.8388493540312980e+00,-5.2771967892694384e+01,-9.2155801788314629e-01,7.6078531023208384e+00,-7.6784412443199614e+01,-1.3423903761952196e+00
1.3866989983195273e+05,1,1.5000000000000000e+02,1.8580129715745839e+00,-5.2771233125749227e+01,-9.2155103230029989e-01,-7.6076731591919682e+00,7.6782946305946950e+01,1.3423647337547291e+00

1.3873273189615732e+05,0,1.5000000000000000e+02,1.8224393749141232e+00,-5.2796205822530169e+01,-9.2197602908830656e-01,-1.0151515757716659e+01,-2.6898240473136468e+01,-4.6634653935700782e-01
1.3873273189615732e+05,1,1.5000000000000000e+02,1.8781707432520884e+00,-5.2794083250827327e+01,-9.2195596271299318e-01,1.0151215611987453e+01,2.6898123376461214e+01,4.6634458717175925e-01

1.3879556377362367e+05,0,1.5000000000000000e+02,1.8769219769217891e+00,-5.2810456999216676e+01,-9.2224134363338162e-01,1.3176776006850019e+00,2.8146583073754432e+01,4.9082419958670692e-01
1.3879556377362367e+05,1,1.5000000000000000e+02,1.8235677104799328e+00,-5.2828892543532568e+01,-9.2254683478035227e-01,-1.3171666566698264e+00,-2.8147880123849330e+01,-4.9084699188336650e-01

1.3885839540464745e+05,0,1.5000000000000000e+02,1.8556850577515578e+00,-5.2834007358936141e+01,-9.2264588464289921e-01,-6.8940266258479824e+01,3.4873454694342655e+01,6.2962717879816710e-01
1.3885839540464745e+05,1,1.5000000000000000e+02,1.8478962129975443e+00,-5.2851490572851013e+01,-9.2294863605950506e-01,6.8939682592783754e+01,-3.4873831159632360e+01,-6.2963357122025299e-01

1.3892122757867488e+05,0,1.5000000000000000e+02,1.8528506986548554e+00,-5.2838029585170645e+01,-9.2271521875215556e-01,-2.5071878664743522e+01,-6.2001624357480303e+00,-1.0057003551480448e-01
1.3892122757867488e+05,1,1.5000000000000000e+02,1.8515228821356062e+00,-5.2897284359701992e+01,-9.2374895266385371e-01,2.5072599900169351e+01,6.1992028035720175e+00,1.0055306791140739e-01

1.3898405910901012e+05,0,1.5000000000000000e+02,1.8683109180232440e+00,-5.2910869438279640e+01,-9.2399115918298280e-01,1.4056026616150561e+01,2.9866318416579645e+01,5.1695719946259722e-01
1.3898405910901012e+05,1,1.5000000000000000e+02,1.8380331520964184e+00,-5.2870102434586215e+01,-9.2327045326156731e-01,-1.4056721988235648e+01,-2.9867089909014346e+01,-5.1697045202947534e-01

1.3904689090437675e+05,0,1.5000000000000000e+02,1.8342373357118609e+00,-5.2897780526298455e+01,-9.2375234625720160e-01,-8.3112389221492009e+00,-2.9644594819933442e+01,-5.1483764051199665e-01
1.3904689090437675e+05,1,1.5000000000000000e+02,1.8741512690491358e+00,-5.2933162996540418e+01,-9.2438201460604985e-01,8.3119519197654057e+00,2.9644058972177259e+01,5.1482807147592446e-01

1.3910972285125102e+05,0,1.5000000000000000e+02,1.8715169465897836e+00,-5.2963947674260034e+01,-9.2491847883653922e-01,2.0701374478170390e+01,1.2371697182479149e+01,2.0960956763264582e-01
1.3910972285125102e+05,1,1.5000000000000000e+02,1.8375615734076534e+00,-5.2912879443715752e+01,-9.2401687139716082e-01,-2.0701931210487725e+01,-1.2372883735500015e+01,-2.0963010624006562e-01

1.3917255458562711e+05,0,1.5000000000000000e+02,1.8516262114496245e+00,-5.2975088279158193e+01,-9.2510684985331704e-01,6.2981416720428570e+01,3.8091733062897930e+00,4.7293028677251880e-02
1.3917255458562711e+05,1,1.5000000000000000e+02,1.8606832236852417e+00,-5.2951090407801956e+01,-9.2469078831280915e-01,-6.2980970758785674e+01,-3.8093465728327587e+00,-4.7296188450555221e-02

1.3923538657248195e+05,0,1.5000000000000000e+02,1.8675786926911990e+00,-5.3006883359990333e+01,-9.2566661019111351e-01,3.6581235830815402e+01,-5.3653264495462238e-01,-2.0507633986868723e-02
1.3923538657248195e+05,1,1.5000000000000000e+02,1.8444603447702872e+00,-5.2966165057149603e+01,-9.2494893521109001e-01,-3.6581413530966103e+01,5.3507901992648854e-01,2.0482318864990856e-02

1.3929821826599853e+05,0,1.5000000000000000e+02,1.8467241082155434e+00,-5.2994036110080152e+01,-9.2543604178655703e-01,-4.3430875821075574e+01,-1.8536940974972680e+00,-1.9120948853277531e-02
1.3929821826599853e+05,1,1.5000000000000000e+02,1.8691553521767585e+00,-5.3027087822905607e+01,-9.2601970700719105e-01,4.3430863874428553e+01,1.8536539924933209e+00,1.9120252563363804e-02

1.3936105011912974e+05,0,1.5000000000000000e+02,1.8511746569803584e+00,-5.3022446235275027e+01,-9.2593322264104883e-01,-3.4315752102979616e+01,-4.8438906471463426e+01,-8.3492177567338177e-01
1.3936105011912974e+05,1,1.5000000000000000e+02,1.8642757538372521e+00,-5.3046990044572361e+01,-9.2636556220157251e-01,3.4316062134892348e+01,4.8437481260497421e+01,8.3489680786577991e-01

1.3942388216653865e+05,0,1.5000000000000000e+02,1.8370060596280651e+00,-5.3078913041352394e+01,-9.2691438809270021e-01,1.6112074585373477e+01,-1.7899381352188957e+01,-3.1729554639825508e-01
1.3942388216653865e+05,1,1.5000000000000000e+02,1.8819364703069317e+00,-5.3037151523411445e+01,-9.2619923638987811e-01,-1.6112547068261755e+01,1.7899141830314360e+01,3.1729151009811785e-01

1.3948671389892048e+05,0,1.5000000000000000e+02,1.8564558613452629e+00,-5.3056816745715402e+01,-9.2653467963974923e-01,-2.6218183539997817e+01,-1.7572015827454813e+01,-2.9868704063427826e-01
1.3948671389892048e+05,1,1.5000000000000000e+02,1.8629082220588868e+00,-5.3108827083853924e+01,-9.2744435080113630e-01,2.6218864125308201e+01,1.7570948219106860e+01,2.9866820096982566e-01

1.3954954576521253e+05,0,1.5000000000000000e+02,1.8749383079302795e+00,-5.3126027066407218e+01,-9.2774819667588493e-01,1.5044139612538016e+01,3.0564509443114773e+01,5.2884130129227103e-01
1.3954954576521253e+05,1,1.5000000000000000e+02,1.8466414958135817e+00,-5.3085343374382560e+01,-9.2702954820729067e-01,-1.5044833585803650e+01,-3.0565227566079230e+01,-5.2885362285986837e-01

1.3961237762458826e+05,0,1.5000000000000000e+02,1.8491701795652602e+00,-5.3102891832627996e+01,-9.2733658138269692e-01,-2.0982322060161898e+01,-1.2351841143439000e+01,-2.0917744609162087e-01
1.3961237762458826e+05,1,1.5000000000000000e+02,1.8743843037644730e+00,-5.3158439364560792e+01,-9.2831370053836415e-01,2.0983032099490771e+01,1.2351313476555138e+01,2.0916802073240909e-01

1.3967520953240476e+05,0,1.5000000000000000e+02,1.8522109146017243e+00,-5.3166340815414891e+01,-9.2844484515752301e-01,2.0172631923704017e+01,-4.8886706677347064e+01,-8.5933592167474315e-01
1.3967520953240476e+05,1,1.5000000000000000e+02,1.8719403159536188e+00,-5.3140949784159723e+01,-9.2800772078514837e-01,-2.0173144174005344e+01,4.8885465283093453e+01,8.5931441240480866e-01

1.3973804131528159e+05,0,1.5000000000000000e+02,1.8404772026396634e+00,-5.3159710831263588e+01,-9.2832556154114709e-01,-2.0295789138321979e+01,-1.5585472052770516e+01,-2.6582122750009973e-01
1.3973804131528159e+05,1,1.5000000000000000e+02,1.8870859213236877e+00,-5.3196686893155515e+01,-9.2898508135108049e-01,2.0296120679346402e+01,1.5585365368265155e+01,2.6581926459940208e-01

1.3980087359072684e+05,0,1.5000000000000000e+02,1.8918150144376729e+00,-5.3194043601209714e+01,-9.2894039021698760e-01,-1.4058399394136785e+01,2.2252789372774249e+01,3.9264737550459067e-01
1.3980087359072684e+05,1,1.5000000000000000e+02,1.8353362002903078e+00,-5.3209691355821597e+01,-9.2919627588494191e-01,1.4058412593719659e+01,-2.2254272202128117e+01,-3.9267325846703921e-01

1.3986370509645680e+05,0,1.5000000000000000e+02,1.8369674692426712e+00,-5.3226700344232185e+01,-9.2949362062497010e-01,-8.5733272756920442e+00,-2.6244740097044680e+01,-4.5542215333319347e-01
1.3986370509645680e+05,1,1.5000000000000000e+02,1.8939755818252755e+00,-5.3224440586568100e+01,-9.2947154896281314e-01,8.5730675681202513e+00,2.6244641552138663e+01,4.5542051260228167e-01

1.3992653697916408e+05,0,1.5000000000000000e+02,1.8551563184466695e+00,-5.3251540932266821e+01,-9.2993268960736430e-01,2.6923533671714580e+01,-6.8004560831228986e+01,-1.1950450293453234e+00
1.3992653697916408e+05,1,1.5000000000000000e+02,1.8757316796864849e+00,-5.3248678295997237e+01,-9.2988899764781385e-01,-2.6922967754554776e+01,6.8003320430281349e+01,1.1950232089660164e+00

1.3998936907555626e+05,0,1.5000000000000000e+02,1.8539482295053915e+00,-5.3300424417136746e+01,-9.3078545605465512e-01,2.0324762959859683e+01,-1.4207242135557841e+01,-2.5414215568109777e-01
1.3998936907555626e+05,1,1.5000000000000000e+02,1.8796583166930863e+00,-5.3245740456619146e+01,-9.2983892148884584e-01,-2.0325429787715322e+01,1.4206681049723130e+01,2.5413256651987870e-01

1.4005220092152152e+05,0,1.5000000000000000e+02,1.8570467553458117e+00,-5.3269903170293077e+01,-9.3025373079476747e-01,-2.1288278600744707e+01,-1.3175556187194974e+01,-2.2346005139161851e-01
1.4005220092152152e+05,1,1.5000000000000000e+02,1.8781296315742266e+00,-5.3326219775170209e+01,-9.3124301360995942e-01,2.1289016358842485e+01,1.3174920167627139e+01,2.2344872657325099e-01

1.4011503271847250e+05,0,1.5000000000000000e+02,1.8851704783962056e+00,-5.3346315359439039e+01,-9.3159587481711126e-01,2.0632364068442122e+01,1.2573717700364153e+01,2.1315633466128925e-01
1.4011503271847250e+05,1,1.5000000000000000e+02,1.8508444898873879e+00,-5.3295666806335134e+01,-9.3070147885736998e-01,-2.0632916610597924e+01,-1.2574909362763751e+01,-2.1317696371602501e-01

1.4017786429062445e+05,0,1.5000000000000000e+02,1.8772312201507446e+00,-5.3334291668804909e+01,-9.3138361394426972e-01,-3.0428105612708642e+01,5.2171239535134205e+01,9.1978307881447574e-01
1.4017786429062445e+05,1,1.5000000000000000e+02,1.8621072539600387e+00,-5.3356877498263984e+01,-9.3177318376186846e-01,3.0428450897146227e+01,-5.2171353033183522e+01,-9.1978516481429817e-01

1.4024069645015339e+05,0,1.5000000000000000e+02,1.8958499712106960e+00,-5.3358378034691100e+01,-9.3180965089996060e-01,-1.8671762541009219e+01,2.0277721448476424e+01,3.5958306957901665e-01
1.4024069645015339e+05,1,1.5000000000000000e+02,1.8430908633261920e+00,-5.3380157658292056e+01,-9.3217368558264657e-01,1.8671808439957889e+01,-2.0279204005804839e+01,-3.5960895775528778e-01

1.4030352803928309e+05,0,1.5000000000000000e+02,1.8674940933755797e+00,-5.3414465461504605e+01,-9.3277987335969803e-01,3.6752948718449119e+01,1.4237479564040376e+01,2.3728212235720086e-01
1.4030352803928309e+05,1,1.5000000000000000e+02,1.8751794508960895e+00,-5.3371317113769052e+01,-9.3202917207084102e-01,-3.6753280319666430e+01,-1.4237614230223636e+01,-2.3728437159036064e-01

1.4036635986041359e+05,0,1.5000000000000000e+02,1.8637289210933023e+00,-5.3397604745636841e+01,-9.3248446631963144e-01,-2.4624446466542608e+01,-3.2154619333646906e+01,-5.5367406865501145e-01
1.4036635986041359e+05,1,1.5000000000000000e+02,1.8791057699253362e+00,-5.3437480739845903e+01,-9.3318508267170219e-01,2.4625089349312532e+01,3.2153482194697759e+01,5.5365402700019750e-01

1.4042919207876050e+05,0,1.5000000000000000e+02,1.8865036571906160e+00,-5.3461739604372916e+01,-9.3361071189366196e-01,1.5851413432602049e+01,2.8731400325717217e+01,4.9660321376723898e-01
1.4042919207876050e+05,1,1.5000000000000000e+02,1.8586238024816935e+00,-5.3419135915709425e+01,-9.3285868188232102e-01,-1.5852107940640758e+01,-2.8732136176323728e+01,-4.9661584456173086e-01

1.4049202357533565e+05,0,1.5000000000000000e+02,1.8822098274374881e+00,-5.3445505553500816e+01,-9.3332608062104017e-01,-2.3091190544393609e+01,3.2593023310136246e+01,5.7586102623070423e-01
1.4049202357533565e+05,1,1.5000000000000000e+02,1.8650771737369920e+00,-5.3485255113676700e+01,-9.3401458693072592e-01,2.3091854806254123e+01,-3.2593446007679077e+01,-5.7586860567684028e-01

1.4055485550510319e+05,0,1.5000000000000000e+02,1.9017489707866637e+00,-5.3499554532021108e+01,-9.3427531765458360e-01,4.6646795233765275e+00,2.4535672463668696e+01,4.2678551309709301e-01
1.4055485550510319e+05,1,1.5000000000000000e+02,1.8457750778584769e+00,-5.3477485588146955e+01,-9.3387310998681183e-01,-4.6650308414585382e+00,-2.4537048194522875e+01,-4.2680941588888621e-01

1.4061768749131711e+05,0,1.5000000000000000e+02,1.8569226931849760e+00,-5.3528189344374518e+01,-9.3476140850303124e-01,3.2645959283298509e+01,-1.2474100740973430e+01,-2.2764810950391212e-01
1.4061768749131711e+05,1,1.5000000000000000e+02,1.8943143058097829e+00,-5.3497257001917745e+01,-9.3423295540614371e-01,-3.2645925123587062e+01,1.2474061183670411e+01,2.2764740872682782e-01

1.4068051934652988e+05,0,1.5000000000000000e+02,1.8902985244305937e+00,-5.3513818811878664e+01,-9.3452077553028168e-01,-2.8987157901023842e+01,4.6268401631949434e+00,8.9579937202444726e-02
1.4068051934652988e+05,1,1.5000000000000000e+02,1.8605883508296592e+00,-5.3560002802325712e+01,-9.3531774660578837e-01,2.8987556374734446e+01,-4.6282197758718997e+00,-8.9604136152600766e-02

1.4074335119072639e+05,0,1.5000000000000000e+02,1.8573978055007250e+00,-5.3582095000914229e+01,-9.3570233671166181e-01,1.4174512166372114e+01,-2.1711725852525493e+01,-3.8323988681455734e-01
1.4074335119072639e+05,1,1.5000000000000000e+02,1.8966063282686665e+00,-5.3538007102883377e+01,-9.3494484100264186e-01,-1.4175129259545354e+01,2.1711290536143206e+01,3.8323247748240974e-01

1.4080618279708014e+05,0,1.5000000000000000e+02,1.8595438360583607e+00,-5.3572238461453146e+01,-9.3553097015099662e-01,-2.7373502488772878e+00,-3.8828853704936193e+01,-6.7682304928132031e-01
1.4080618279708014e+05,1,1.5000000000000000e+02,1.8957605561592283e+00,-5.3597750649072502e+01,-9.3598725202307675e-01,2.7380950274394564e+00,3.8828165307412533e+01,6.7681080820314921e-01

1.4086901464171812e+05,0,1.5000000000000000e+02,1.8665008279667883e+00,-5.3614982355204447e+01,-9.3627907330957560e-01,5.6924461335699590e+00,-6.0190711279347333e+01,-1.0522068632402954e+00
1.4086901464171812e+05,1,1.5000000000000000e+02,1.8896873673496397e+00,-5.3600889550690596e+01,-9.3604018334028583e-01,-5.6929795791516682e+00,6.0189495562204733e+01,1.0521858085548768e+00

1.4093184668264003e+05,0,1.5000000000000000e+02,1.8693988811262490e+00,-5.3612032897091531e+01,-9.3622848103539769e-01,-3.7394447500932095e+01,2.3887951965931755e+00,5.3081803894500124e-02
1.4093184668264003e+05,1,1.5000000000000000e+02,1.8902080133589583e+00,-5.3652833586253436e+01,-9.3694689039189583e-01,3.7394686988579799e+01,-2.3888668745605024e+00,-5.3083127804387842e-02

1.4099467843370375e+05,0,1.5000000000000000e+02,1.8751327257728256e+00,-5.3666142109980242e+01,-9.3717456376402652e-01,5.4086898454195776e+01,-4.6523118655370837e+01,-8.2841702446264187e-01
1.4099467843370375e+05,1,1.5000000000000000e+02,1.8840677020685419e+00,-5.3646545447100564e+01,-9.3683527672649058e-01,-5.4086658929920944e+01,4.6521668567108918e+01,8.2839164396488241e-01

1.4105751024847743e+05,0,1.5000000000000000e+02,1.8750745809044427e+00,-5.3706648974981498e+01,-9.3788148836084462e-01,2.8495138704149554e+01,4.9789143389678507e+00,7.8213479716277068e-02
1.4105751024847743e+05,1,1.5000000000000000e+02,1.8875277894423228e+00,-5.3652675560688131e+01,-9.3694331605505388e-01,-2.8495680596202206e+01,-4.9792314465067555e+00,-7.8218848928934659e-02

1.4112034214188578e+05,0,1.5000000000000000e+02,1.8987648002544315e+00,-5.3698803959397075e+01,-9.3775179081591531e-01,1.0336445272457851e+01,4.6948532437220052e+01,8.1621604822879035e-01
1.4112034214188578e+05,1,1.5000000000000000e+02,1.8648006292078509e+00,-5.3710296186064994e+01,-9.3794201122241272e-01,-1.0335697617261999e+01,-4.6949324950849146e+01,-8.1623010726037393e-01

1.4118317430054129e+05,0,1.5000000000000000e+02,1.8979728489825365e+00,-5.3753667238492824e+01,-9.3870904584461179e-01,2.1410581125263306e+01,1.1316163584856419e+01,1.9097191859994328e-01
1.4118317430054129e+05,1,1.5000000000000000e+02,1.8667221888774899e+00,-5.3701251077281817e+01,-9.3778473771599835e-01,-2.1411156167715880e+01,-1.1317322535375027e+01,-1.9099196989978900e-01

1.4124600576535321e+05,0,1.5000000000000000e+02,1.8603813124136239e+00,-5.3734735302426714e+01,-9.3836718642004946e-01,-2.0882433621189769e+01,-1.5965312920819489e+01,-2.7227165349636068e-01
1.4124600576535321e+05,1,1.5000000000000000e+02,1.9076272242708738e+00,-5.3769289719766945e+01,-9.3898463681503530e-01,2.0882707134539523e+01,1.5965229690690993e+01,2.7227011760802150e-01

1.4130883761051067e+05,0,1.5000000000000000e+02,1.9034743437535973e+00,-5.3787132370259613e+01,-9.3929476892963226e-01,3.3044576823319019e+01,1.8643298603901137e+01,3.1530395902730585e-01
1.4130883761051067e+05,1,1.5000000000000000e+02,1.8641473459221976e+00,-5.3764661210345814e+01,-9.3889061281610231e-01,-3.3044337721582579e+01,-1.8644749133327011e+01,-3.1532934709560784e-01

1.4137166942313794e+05,0,1.5000000000000000e+02,1.8926858426812023e+00,-5.3818509950049382e+01,-9.3983909670062338e-01,2.5867055770178446e+01,3.3129325171227663e+01,5.7030649140222933e-01
1.4137166942313794e+05,1,1.5000000000000000e+02,1.8782948603512795e+00,-5.3779892923416199e+01,-9.3916075268975241e-01,-2.5867617689452764e+01,-3.3129669351409262e+01,-5.7031232699652379e-01

1.4143450135194589e+05,0,1.5000000000000000e+02,1.8988372800034550e+00,-5.3801376956657400e+01,-9.3954195869488766e-01,-1.7672698103197234e+01,2.6282452008223004e+01,4.6407571993384644e-01
1.4143450135194589e+05,1,1.5000000000000000e+02,1.8732524606617507e+00,-5.3846829198352729e+01,-9.4032741571243084e-01,1.7673445358041604e+01,-2.6283176023250569e+01,-4.6408858337779413e-01

1.4149733335513025e+05,0,1.5000000000000000e+02,1.9095505510428925e+00,-5.3866563775840284e+01,-9.4068288920813514e-01,1.2920649862945757e+01,2.1074329270769159e+01,3.6386170464358769e-01
1.4149733335513025e+05,1,1.5000000000000000e+02,1.8634418258092553e+00,-5.3827558697893700e+01,-9.3998811049981179e-01,-1.2921161906244985e+01,-2.1075569920069807e+01,-3.6388320097520221e-01

1.4156016499184753e+05,0,1.5000000000000000e+02,1.8579454711389805e+00,-5.3867972419277308e+01,-9.4069175285210216e-01,-1.6406809567999190e+00,-2.4166421820426887e+01,-4.2126241026918299e-01
1.4156016499184753e+05,1,1.5000000000000000e+02,1.9185345385355701e+00,-5.3874957774153387e+01,-9.4083212152820184e-01,1.6408209647493450e+00,2.4166373032240745e+01,4.2126151614601914e-01

1.4162299720089085e+05,0,1.5000000000000000e+02,1.9150417014841736e+00,-5.3881381310335989e+01,-9.4094316368784126e-01,-1.0005827115220715e+01,2.2094845059133792e+01,3.8865632027634234e-01
1.4162299720089085e+05,1,1.5000000000000000e+02,1.8611080441142649e+00,-5.3909758785160001e+01,-9.4142198894524298e-01,1.0006223774062011e+01,-2.2096225366392819e+01,-3.8868053079597276e-01

1.4168582868823546e+05,0,1.5000000000000000e+02,1.8944007574648216e+00,-5.3910405156342954e+01,-9.4144341176999391e-01,-6.9084163672318041e+01,3.4200833740773689e+01,6.1793216042588062e-01
1.4168582868823546e+05,1,1.5000000000000000e+02,1.8847205231046371e+00,-5.3926964402489546e+01,-9.4172946154606274e-01,6.9083508117832125e+01,-3.4201363177376948e+01,-6.1794120066634195e-01

1.4174866075551062e+05,0,1.5000000000000000e+02,1.8781246709474737e+00,-5.3915715093152691e+01,-9.4153112475246448e-01,-2.1837378989943563e+01,-1.0437725711292742e+01,-1.7551104713030879e-01
1.4174866075551062e+05,1,1.5000000000000000e+02,1.9027422355673598e+00,-5.3971518066174553e+01,-9.4251252023816023e-01,2.1838073560686436e+01,1.0437237250909327e+01,1.7550231073078076e-01

1.4181149249482073e+05,0,1.5000000000000000e+02,1.9161355797517916e+00,-5.3963499255521576e+01,-9.4237665279108107e-01,-1.8269582923936856e+01,2.6521364983911795e+01,4.6842715704557297e-01
1.4181149249482073e+05,1,1.5000000000000000e+02,1.8650257172646993e+00,-5.3970063676535936e+01,-9.4247564798866246e-01,1.8269290194356042e+01,-2.6522772636419916e+01,-4.6845163479569546e-01

1.4187432450368651e+05,0,1.5000000000000000e+02,1.8883621279301304e+00,-5.4009600937118279e+01,-9.4317277741626060e-01,4.2423948528938276e+01,1.4871681574836883e+01,2.4662290045546670e-01
1.4187432450368651e+05,1,1.5000000000000000e+02,1.8965094135121099e+00,-5.3971969212199120e+01,-9.4251849518942843e-01,-4.2424117834673318e+01,-1.4871748690967836e+01,-2.4662402021885982e-01

1.4193715622506585e+05,0,1.5000000000000000e+02,1.8959571331246929e+00,-5.3987756499944730e+01,-9.4279385315563657e-01,-2.7732174567633450e+01,-7.5615799393188965e+00,-1.2351963344216743e-01
1.4193715622506585e+05,1,1.5000000000000000e+02,1.8889796418831126e+00,-5.4042860171668067e+01,-9.4375341925714729e-01,2.7732815771760656e+01,7.5604411342002571e+00,1.2349956321911770e-01

1.4199998818363895e+05,0,1.5000000000000000e+02,1.8922118354639490e+00,-5.4067704979684549e+01,-9.4418800561764316e-01,2.4693513899087115e+01,-7.5620111429878456e+00,-1.3949774884485361e-01
1.4199998818363895e+05,1,1.5000000000000000e+02,1.8947599952028200e+00,-5.4008738413477538e+01,-9.4315967339145967e-01,-2.4694193488123098e+01,7.5611045962727381e+00,1.3948213444713325e-01

1.4206281993321408e+05,0,1.5000000000000000e+02,1.8794284075018930e+00,-5.4072717666068023e+01,-9.4427159484006129e-01,4.2246130329344460e+01,-2.1091266759353985e+01,-3.8096292118030883e-01
1.4206281993321408e+05,1,1.5000000000000000e+02,1.9103429604869140e+00,-5.4053232842588962e+01,-9.4394095537153400e-01,-4.2245693241972923e+01,2.1091098699741302e+01,3.8095985498344342e-01

1.4212565171203620e+05,0,1.5000000000000000e+02,1.9053293296038227e+00,-5.4101996550676212e+01,-9.4479047214191447e-01,4.6298451710377805e+01,2.6326165097732641e+00,3.1841461396265092e-02
1.4212565171203620e+05,1,1.5000000000000000e+02,1.8841570469715156e+00,-5.4071339088821780e+01,-9.4424897588338219e-01,-4.6298303558647945e+01,-2.6340884315666031e+00,-3.1867195106757618e-02

1.4218848376057966e+05,0,1.5000000000000000e+02,1.8726621035797288e+00,-5.4125305837424982e+01,-9.4518732381273274e-01,5.7766084083385500e+00,-2.7316159700668443e+01,-4.7849246633630099e-01
1.4218848376057966e+05,1,1.5000000000000000e+02,1.9202135708132584e+00,-5.4094782940565651e+01,-9.4466911155286415e-01,-5.7771689213454884e+00,2.7315817004142183e+01,4.7848665620676673e-01

1.4225131548317886e+05,0,1.5000000000000000e+02,1.9089809739030528e+00,-5.4113595450672875e+01,-9.4499401334401789e-01,-1.8149267653212632e+01,2.9378540491630403e+01,5.1825509327035457e-01
1.4225131548317886e+05,1,1.5000000000000000e+02,1.8851343956731741e+00,-5.4156272528994585e+01,-9.4573156660788560e-01,1.8150004756320193e+01,-2.9379177095444433e+01,-5.1826642808595869e-01

1.4231414729054351e+05,0,1.5000000000000000e+02,1.8903638256054121e+00,-5.4151483017691078e+01,-9.4564957120496052e-01,-4.9600935761403640e+01,-5.9193409050799445e+01,-1.0179573557654917e+00
1.4231414729054351e+05,1,1.5000000000000000e+02,1.9043478718088700e+00,-5.4164524682700403e+01,-9.4588143964392746e-01,4.9600558511846181e+01,5.9192051682094515e+01,1.0179337813366427e+00

1.4237697926174322e+05,0,1.5000000000000000e+02,1.8735306252044253e+00,-5.4196057288735346e+01,-9.4642237159067488e-01,1.8581902926702046e+01,-1.8646775120123216e+01,-3.3109175718931327e-01
1.4237697926174322e+05,1,1.5000000000000000e+02,1.9248279533394799e+00,-5.4168148642356876e+01,-9.4595092540521375e-01,-1.8582030842635778e+01,1.8646718195247779e+01,3.3109080267935875e-01

1.4243981097645531e+05,0,1.5000000000000000e+02,1.8905528110373262e+00,-5.4211542432852056e+01,-9.4669781017863608e-01,4.8123609786975763e+01,-5.7656285774168751e+01,-1.0209009679627359e+00
1.4243981097645531e+05,1,1.5000000000000000e+02,1.9078756361213129e+00,-5.4201654923573408e+01,-9.4653052645063673e-01,-4.8122962370461025e+01,5.7655158836753643e+01,1.0208811029673188e+00

1.4250264290316674e+05,0,1.5000000000000000e+02,1.8902237861927151e+00,-5.4251123960952953e+01,-9.4738850289828147e-01,2.0738081740478130e+01,-2.9099638626456539e+01,-5.1417622252532347e-01
1.4250264290316674e+05,1,1.5000000000000000e+02,1.9101212542831210e+00,-5.4207919932269029e+01,-9.4664055005362047e-01,-2.0738743965187346e+01,2.9098665014690575e+01,5.1415943239159057e-01

1.4256547468154298e+05,0,1.5000000000000000e+02,1.8895061793286856e+00,-5.4232233437426977e+01,-9.4705859922135971e-01,-3.3353193556920878e+01,-4.5394930664457078e-01,2.2379724982226623e-03
1.4256547468154298e+05,1,1.5000000000000000e+02,1.9138302128555418e+00,-5.4276124570732229e+01,-9.4783201501970848e-01,3.3353521314254927e+01,4.5384331374483722e-01,-2.2399221757311016e-03

1.4262830672666276e+05,0,1.5000000000000000e+02,1.9217404830666676e+00,-5.4287270619013249e+01,-9.4802895013368937e-01,3.1890997349534995e+01,2.1981667084943009e+01,3.7391794085603641e-01
1.4262830672666276e+05,1,1.5000000000000000e+02,1.8813009101547911e+00,-5.4268898011105890e+01,-9.4769598468858907e-01,-3.1890676205047317e+01,-2.1983086294244227e+01,-3.7394280730545854e-01

1.4269113842136657e+05,0,1.5000000000000000e+02,1.9169214017067386e+00,-5.4313686055733889e+01,-9.4848849504503563e-01,8.3905810693069522e+00,4.5520507800728247e+01,7.9188635614368619e-01
1.4269113842136657e+05,1,1.5000000000000000e+02,1.8891071813372615e+00,-5.4288820688561870e+01,-9.4804606142420933e-01,-8.3912449511366010e+00,-4.5521062105409946e+01,-7.9189582785491641e-01

1.4275397055090690e+05,0,1.5000000000000000e+02,1.8884471785748975e+00,-5.4300009232114114e+01,-9.4824112740556887e-01,-2.1432122554307178e+01,-1.1409385645893963e+01,-1.9259230567175906e-01
1.4275397055090690e+05,1,1.5000000000000000e+02,1.9195498955046282e+00,-5.4352267751934903e+01,-9.4916263924420963e-01,2.1432752336901260e+01,1.1409019691060891e+01,1.9258572702574644e-01

1.4281680234491936e+05,0,1.5000000000000000e+02,1.9175090565409627e+00,-5.4333947310223991e+01,-9.4884228177009244e-01,-4.1375419832068779e+01,6.8410104092138830e+00,1.3199640849033065e-01
1.4281680234491936e+05,1,1.5000000000000000e+02,1.8904982247418989e+00,-5.4365123380364587e+01,-9.4937815082901555e-01,4.1375366638301266e+01,-6.8424879182391543e+00,-1.3202217837450250e-01

1.4287963406211726e+05,0,1.5000000000000000e+02,1.9160193977147415e+00,-5.4372080546832322e+01,-9.4950734473636778e-01,-2.3844172114470986e+01,6.9501304111495116e+01,1.2202287265392937e+00
1.4287963406211726e+05,1,1.5000000000000000e+02,1.8955232153953205e+00,-5.4374168974376829e+01,-9.4953754901108889e-01,2.3843692696149382e+01,-6.9501552658603444e+01,-1.2202329182385179e+00

1.4294246579409760e+05,0,1.5000000000000000e+02,1.8976924432915450e+00,-5.4405178374281832e+01,-9.5007939850274892e-01,5.9165030732521110e+01,-3.6057767640293918e+01,-6.4731843126241295e-01
1.4294246579409760e+05,1,1.5000000000000000e+02,1.9148790445068060e+00,-5.4390733521587343e+01,-9.4983253666692136e-01,-5.9164287532043964e+01,3.6057083996110407e+01,6.4730627362219417e-01

1.4300529776504627e+05,0,1.5000000000000000e+02,1.9221848015121410e+00,-5.4410834838092441e+01,-9.5018557860122688e-01,-4.1867413681515842e+01,1.9895363789159724e+01,3.5997616693311962e-01
1.4300529776504627e+05,1,1.5000000000000000e+02,1.8910315406071330e+00,-5.4431250105480089e+01,-9.5053238383672511e-01,4.1867061141353219e+01,-1.9896737823981262e+01,-3.6000003975223605e-01

1.4306812953721854e+05,0,1.5000000000000000e+02,1.8805498653364157e+00,-5.4457155434024308e+01,-9.5098130110362578e-01,1.0759891548125854e+01,-2.1782020526745583e+01,-3.8342649223493530e-01
1.4306812953721854e+05,1,1.5000000000000000e+02,1.9362861996618939e+00,-5.4432933611365890e+01,-9.5057555113153613e-01,-1.0760122365338834e+01,2.1781932553577555e+01,3.8342502720572624e-01

1.4313096137109530e+05,0,1.5000000000000000e+02,1.9151831734350078e+00,-5.4478485408788210e+01,-9.5136411095007689e-01,6.6346396359236621e+01,2.3148315307380361e+01,3.8378251145219699e-01
1.4313096137109530e+05,1,1.5000000000000000e+02,1.9020285846788199e+00,-5.4460855470860530e+01,-9.5105241878733970e-01,-6.6345676367706005e+01,-2.3149272962103463e+01,-3.8379944416523026e-01

1.4319379352277951e+05,0,1.5000000000000000e+02,1.9287342697588057e+00,-5.4515965235465217e+01,-9.5202235224416398e-01,1.8067228151855055e+01,1.6214580819335048e+01,2.7747958239767390e-01
1.4319379352277951e+05,1,1.5000000000000000e+02,1.8897911394846656e+00,-5.4469300197962028e+01,-9.5119607168440867e-01,-1.8067769709967536e+01,-1.6215785151195256e+01,-2.7750043591093287e-01

1.4325662516754298e+05,0,1.5000000000000000e+02,1.8848357206052613e+00,-5.4528029761953604e+01,-9.5221953434190698e-01,1.8791040278957411e+01,-2.0236107007371743e+01,-3.5889313336365808e-01
1.4325662516754298e+05,1,1.5000000000000000e+02,1.9371232128093125e+00,-5.4505868320542980e+01,-9.5184869234996361e-01,-1.8791042015239029e+01,2.0236066009354353e+01,3.5889241837777613e-01

1.4331945696802036e+05,0,1.5000000000000000e+02,1.9145859892394064e+00,-5.4514071597559138e+01,-9.5198499371336520e-01,-2.8064627992857737e+01,-7.7657705173738965e+00,-1.2698197414827156e-01
1.4331945696802036e+05,1,1.5000000000000000e+02,1.9073875870512786e+00,-5.4568601440656280e+01,-9.5293447782772511e-01,2.8065260409015018e+01,7.7646186506899344e+00,1.2696167864755031e-01

1.4338228914090496e+05,0,1.5000000000000000e+02,1.9323378709970054e+00,-5.4582706695145255e+01,-9.5318824914495248e-01,9.5081854203989007e+00,2.7522497159418698e+01,4.7743730035768250e-01
1.4338228914090496e+05,1,1.5000000000000000e+02,1.8914899208814082e+00,-5.4545878706584979e+01,-9.5253306849066044e-01,-9.5088238173920647e+00,-2.7523535642452543e+01,-4.7745522990898903e-01

1.4344512058773063e+05,0,1.5000000000000000e+02,1.8954510646441949e+00,-5.4570628693573461e+01,-9.5296622201992787e-01,-3.0879109373865841e+01,-9.7418532460585787e+00,-1.6061198943366389e-01
1.4344512058773063e+05,1,1.5000000000000000e+02,1.9315397799454799e+00,-5.4606989921966161e+01,-9.5361180676653323e-01,3.0879277530720135e+01,9.7417987571316083e+00,1.6061098724472739e-01

1.4350795259479585e+05,0,1.5000000000000000e+02,1.9034836125826475e+00,-5.4601758598495969e+01,-9.5351196075013323e-01,-1.9214593051892365e+01,-5.2412943157813977e+01,-9.0887858908865482e-01
1.4350795259479585e+05,1,1.5000000000000000e+02,1.9233681098056692e+00,-5.4624237556446118e+01,-9.5391033013268889e-01,1.9215131488378603e+01,5.2411674558455537e+01,9.0885628495158644e-01

1.4357078464947606e+05,0,1.5000000000000000e+02,1.9136053116370120e+00,-5.4665373640038382e+01,-9.5462527971072475e-01,2.4861498453834720e+01,-7.3214169986476385e+00,-1.3534997567326434e-01
1.4357078464947606e+05,1,1.5000000000000000e+02,1.9154602578171607e+00,-5.4606618948649945e+01,-9.5360043403432582e-01,-2.4862175457200742e+01,7.3205009256195304e+00,1.3533419423219195e-01

1.4363361619176547e+05,0,1.5000000000000000e+02,1.8865960500466394e+00,-5.4654275895265584e+01,-9.5442336944480033e-01,-1.6743194598681050e+00,-2.4708611398784406e+01,-4.3071467576029610e-01
1.4363361619176547e+05,1,1.5000000000000000e+02,1.9454035687100211e+00,-5.4666962809635677e+01,-9.5466270133612730e-01,1.6745916256869684e+00,2.4708527788462511e+01,4.3071313364836084e-01

1.4369644798723763e+05,0,1.5000000000000000e+02,1.9298643721883817e+00,-5.4660243125074309e+01,-9.5454069292045751e-01,-2.7669224783454041e+01,4.3645631082701755e+00,8.4601085643744189e-02
1.4369644798723763e+05,1,1.5000000000000000e+02,1.9019544632035814e+00,-5.4709120139953889e+01,-9.5538521217274464e-01,2.7669698707974796e+01,-4.3658892787073142e+00,-8.4624374882174391e-02

1.4375928023238530e+05,0,1.5000000000000000e+02,1.9349120903062591e+00,-5.4723849115349481e+01,-9.5565230821141256e-01,7.7704611517734445e+00,3.4358677615857431e+01,5.9727446813806440e-01
1.4375928023238530e+05,1,1.5000000000000000e+02,1.8993033698123305e+00,-5.4691592306348852e+01,-9.5507850168242892e-01,-7.7711493000380774e+00,-3.4359528822253381e+01,-5.9728911410516794e-01

1.4382211198496292e+05,0,1.5000000000000000e+02,1.8896637091347193e+00,-5.4723608302675167e+01,-9.5563432129265713e-01,-4.2414792455364037e+00,-2.4258801514501876e+01,-4.2208236949412375e-01
1.4382211198496292e+05,1,1.5000000000000000e+02,1.9473639299103611e+00,-5.4741156308987662e+01,-9.5595815361690428e-01,4.2417922813712252e+00,2.4258701610062118e+01,4.2208053056069000e-01

1.4388494378452198e+05,0,1.5000000000000000e+02,1.9401950517002864e+00,-5.4760895561535371e+01,-9.5630046718529083e-01,2.6131252974246642e+01,2.8459397755162001e+01,4.8872453695821855e-01
1.4388494378452198e+05,1,1.5000000000000000e+02,1.8966568688535803e+00,-5.4751904889721438e+01,-9.5613029516348635e-01,-2.6130796668962937e+01,-2.8460737367214136e+01,-4.8874805541750249e-01

1.4394777561406320e+05,0,1.5000000000000000e+02,1.9362534314263582e+00,-5.4799162011968725e+01,-9.5696710807097340e-01,1.2507252321786083e+01,2.9516903480038671e+01,5.1133087559393009e-01
1.4394777561406320e+05,1,1.5000000000000000e+02,1.9030179872154138e+00,-5.4759744465007728e+01,-9.5626905241078675e-01,-1.2507940612592055e+01,-2.9517752971903136e+01,-5.1134549159466625e-01

1.4401060730586445e+05,0,1.5000000000000000e+02,1.9300022285824752e+00,-5.4796785846694185e+01,-9.5692373393501751e-01,-2.2293191894132683e+01,6.4057824606064202e+01,1.1247544301798751e+00
1.4401060730586445e+05,1,1.5000000000000000e+02,1.9120890746099259e+00,-5.4811416023541355e+01,-9.5717360879140234e-01,2.2293486672607834e+01,-6.4057917217669711e+01,-1.1247561362740628e+00

1.4407343920838457e+05,0,1.5000000000000000e+02,1.9473955680048567e+00,-5.4822222536439575e+01,-9.5737296395508764e-01,5.8717070775693934e+00,2.9208825086420639e+01,5.0797557168935992e-01
1.4407343920838457e+05,1,1.5000000000000000e+02,1.8945480323203843e+00,-5.4834089938895154e+01,-9.5756397958766271e-01,-5.8712189247520108e+00,-2.9210139530305916e+01,-5.0799866060525911e-01

1.4413627101471450e+05,0,1.5000000000000000e+02,1.9208410956523252e+00,-5.4880483277415749e+01,-9.5838166470530062e-01,2.4824102133882050e+01,-7.7426003263339780e+00,-1.4268924614145878e-01
1.4413627101471450e+05,1,1.5000000000000000e+02,1.9233921871627373e+00,-5.4821903969861502e+01,-9.5736009196763316e-01,-2.4824780027817859e+01,7.7416892927395438e+00,1.4267355292213041e-01

1.4419910325092007e+05,0,1.5000000000000000e+02,1.8946351970990285e+00,-5.4866788605056662e+01,-9.5813467652140349e-01,-8.1049864549622193e+00,-2.2935413223978117e+01,-3.9780910774647382e-01
1.4419910325092007e+05,1,1.5000000000000000e+02,1.9525483751910961e+00,-5.4884759412044694e+01,-9.5846595260868661e-01,8.1052023040557195e+00,2.2935347225123394e+01,3.9780789015354756e-01

1.4426193475807234e+05,0,1.5000000000000000e+02,1.9445501636508222e+00,-5.4901813766697444e+01,-9.5876115560271358e-01,2.4304093056953263e+01,3.2930357711436770e+01,5.6731016030443415e-01
1.4426193475807234e+05,1,1.5000000000000000e+02,1.9025560366367587e+00,-5.4898075442113303e+01,-9.5868312004971534e-01,-2.4303529642981204e+01,-3.2931599483912905e+01,-5.6733200385628724e-01

1.4432476674630801e+05,0,1.5000000000000000e+02,1.9371568165936164e+00,-5.4916862342293413e+01,-9.5902153718796745e-01,-4.6782318222170510e+01,3.5846073824255726e+01,6.3985168303921736e-01
1.4432476674630801e+05,1,1.5000000000000000e+02,1.9119499496938066e+00,-5.4929045609517942e+01,-9.5922648567814084e-01,4.6781677048337123e+01,-3.5847104629141583e+01,-6.3986947774195979e-01

1.4438759855007115e+05,0,1.5000000000000000e+02,1.8966286447292522e+00,-5.4941702273240764e+01,-9.5944270752916927e-01,-8.0138199109476176e+00,-2.3426444087929376e+01,-4.0640655028547235e-01
1.4438759855007115e+05,1,1.5000000000000000e+02,1.9556432479637826e+00,-5.4953093276681550e+01,-9.5965948574102855e-01,8.0138908946969067e+00,2.3426401907688088e+01,4.0640579251529840e-01

1.4445043027998670e+05,0,1.5000000000000000e+02,1.9174438284983475e+00,-5.4952506362020408e+01,-9.5963760585310098e-01,-2.2977465679243107e+01,-3.3718796454565926e+01,-5.8147444805217541e-01
1.4445043027998670e+05,1,1.5000000000000000e+02,1.9349218537757995e+00,-5.4990991740903610e+01,-9.6031459270879826e-01,2.2978125420832516e+01,3.3717691345991717e+01,5.8145496026945942e-01

1.4451326210841921e+05,0,1.5000000000000000e+02,1.9152395743657236e+00,-5.5002251157439098e+01,-9.6050510074252582e-01,6.2313396558898404e+00,-5.8886088133296440e+01,-1.0296022145520975e+00
1.4451326210841921e+05,1,1.5000000000000000e+02,1.9386748653870705e+00,-5.4987261625698387e+01,-9.6025063650314391e-01,-6.2318871968270884e+00,5.8884892403271252e+01,1.0295815129850325e+00

1.4457609431381011e+05,0,1.5000000000000000e+02,1.9004741522154374e+00,-5.5015509458841571e+01,-9.6073199196946157e-01,-1.2315519712100990e+01,-2.4637797309247873e+01,-4.2623713972649180e-01
1.4457609431381011e+05,1,1.5000000000000000e+02,1.9568236206156848e+00,-5.5022437352244729e+01,-9.6087006628321081e-01,1.2315380961039505e+01,2.4637737140206063e+01,4.2623613190002529e-01

1.4463892587649499e+05,0,1.5000000000000000e+02,1.9466655221403655e+00,-5.5025332416492859e+01,-9.6091749762523893e-01,-1.0226638476836861e+01,3.0945158997878398e+01,5.4318286261544435e-01
1.4463892587649499e+05,1,1.5000000000000000e+02,1.9110807058304531e+00,-5.5061743698235830e+01,-9.6154212180699683e-01,1.0227374675115549e+01,-3.0946045007350111e+01,-5.4319854988284877e-01

1.4470175770606069e+05,0,1.5000000000000000e+02,1.9270158922502729e+00,-5.5085156635605678e+01,-9.6195558827465522e-01,3.6131239052869972e+01,-2.8727794137248296e+01,-5.1237590362055530e-01
1.4470175770606069e+05,1,1.5000000000000000e+02,1.9316961413668936e+00,-5.5048098285606919e+01,-9.6131025664657621e-01,-3.6131601280877263e+01,2.8726426895352972e+01,5.1235215230647135e-01

1.4476458956106374e+05,0,1.5000000000000000e+02,1.9394835412095146e+00,-5.5102236125526431e+01,-9.6225746451161953e-01,2.6091023973596403e+01,5.1349709046177352e+01,8.8822780810030721e-01
1.4476458956106374e+05,1,1.5000000000000000e+02,1.9226995194096008e+00,-5.5078802895024374e+01,-9.6184338528347924e-01,-2.6091411377784649e+01,-5.1349881044061959e+01,-8.8823069186046233e-01

1.4482742148378337e+05,0,1.5000000000000000e+02,1.9201790434106378e+00,-5.5087644221250493e+01,-9.6199691986065061e-01,-2.1189256491322379e+01,-1.3243321650056465e+01,-2.2467288718677814e-01
1.4482742148378337e+05,1,1.5000000000000000e+02,1.9430604780466909e+00,-5.5142882124453742e+01,-9.6296792463588377e-01,2.1189983479142999e+01,1.3242729326351430e+01,2.2466232824893306e-01

1.4489025321711044e+05,0,1.5000000000000000e+02,1.9232657768301602e+00,-5.5144635733538657e+01,-9.6299249919783803e-01,2.6004068774179729e+01,-6.7831402644849334e+01,-1.1917429030342221e+00
1.4489025321711044e+05,1,1.5000000000000000e+02,1.9403388768234135e+00,-5.5132526354370093e+01,-9.6278636241899340e-01,-2.6004135313689673e+01,6.7829927973208754e+01,1.1917171867360521e+00

1.4495308529212733e+05,0,1.5000000000000000e+02,1.9190322261775830e+00,-5.5188726672788903e+01,-9.6376070249695778e-01,2.1293481821870369e+01,-1.1768243996697048e+01,-2.1187087250888392e-01
1.4495308529212733e+05,1,1.5000000000000000e+02,1.9478271258369688e+00,-5.5135445924419543e+01,-9.6283959709525746e-01,-2.1294091586872344e+01,1.1767819658563926e+01,2.1186365254217854e-01

1.4501591699120999e+05,0,1.5000000000000000e+02,1.9092179262876043e+00,-5.5178741069865090e+01,-9.6358343992470397e-01,4.0239988749092888e+00,-3.0574686912030401e+01,-5.3482770507005850e-01
1.4501591699120999e+05,1,1.5000000000000000e+02,1.9595457385354957e+00,-5.5194999884962400e+01,-9.6388252688165132e-01,-4.0234386472722647e+00,3.0574409607618463e+01,5.3482269477741329e-01

1.4507874875812972e+05,0,1.5000000000000000e+02,1.9390017300371478e+00,-5.5190290952044514e+01,-9.6379408627201835e-01,-3.9282400769852018e+01,-1.3140295577823105e+01,-2.1736306717083806e-01
1.4507874875812972e+05,1,1.5000000000000000e+02,1.9297332697838907e+00,-5.5230894032222572e+01,-9.6449988425179312e-01,3.9282707711480271e+01,1.3138871103237816e+01,2.1733811315763965e-01

1.4514158078131356e+05,0,1.5000000000000000e+02,1.9507207026698907e+00,-5.5233778346118733e+01,-9.6455661591108510e-01,-2.6417466708230158e+01,4.8956698108852656e+01,8.6245982275515276e-01
1.4514158078131356e+05,1,1.5000000000000000e+02,1.9206106636262548e+00,-5.5233737682572126e+01,-9.6454673372563249e-01,2.6416775285383977e+01,-4.8957511444459861e+01,-8.6247380678788876e-01

1.4520441260487109e+05,0,1.5000000000000000e+02,1.9187386045144332e+00,-5.5270816923054426e+01,-9.6519328539038918e-01,3.5077802379163145e+01,-1.6296805010002416e+01,-2.9510431751238780e-01
1.4520441260487109e+05,1,1.5000000000000000e+02,1.9553986672064843e+00,-5.5245852179944627e+01,-9.6476875840855558e-01,-3.5077601182842059e+01,1.6296742488547665e+01,2.9510316507206463e-01

1.4526724472638051e+05,0,1.5000000000000000e+02,1.9401814338084367e+00,-5.5255324344870715e+01,-9.6492943479398408e-01,-2.7957094061016800e+01,-8.2076300387996639e+00,-1.3472624447879533e-01
1.4526724472638051e+05,1,1.5000000000000000e+02,1.9340350351506661e+00,-5.5309822013629002e+01,-9.6587867786359982e-01,2.7957734210421794e+01,8.2064916980493159e+00,1.3470618268332801e-01

1.4533007620954013e+05,0,1.5000000000000000e+02,1.9368545184616750e+00,-5.5328782211969468e+01,-9.6621043783611704e-01,3.0929346861674794e+01,-1.9800049078114270e+01,-3.5498060076612437e-01
1.4533007620954013e+05,1,1.5000000000000000e+02,1.9388992256042721e+00,-5.5282464363918152e+01,-9.6540270281183282e-01,-3.0929860178539862e+01,1.9798811815133902e+01,3.5495916392360494e-01

1.4539290816625190e+05,0,1.5000000000000000e+02,1.9356928423713637e+00,-5.5350129741542595e+01,-9.6658264969347607e-01,3.8837579818051594e+01,1.4611494744088183e+01,2.4317454006739372e-01
1.4539290816625190e+05,1,1.5000000000000000e+02,1.9434293286471562e+00,-5.5309292163576465e+01,-9.6587229247331019e-01,-3.8837855913487388e+01,-1.4611602707773816e+01,-2.4317634018507681e-01

1.4545574010849348e+05,0,1.5000000000000000e+02,1.9491964643590607e+00,-5.5329477476493778e+01,-9.6622633159543048e-01,-2.1528497097975105e+01,2.1796167632629796e+01,3.8695386488416050e-01
1.4545574010849348e+05,1,1.5000000000000000e+02,1.9308046182615073e+00,-5.5379278327274520e+01,-9.6708987352250786e-01,2.1529234989804863e+01,-2.1796815653247563e+01,-3.8696539918891393e-01

1.4551857210979654e+05,0,1.5000000000000000e+02,1.9656895750596661e+00,-5.5368332356155875e+01,-9.6690946707304837e-01,-2.0500881927924883e+01,2.1380646341580341e+01,3.7938897303458052e-01
1.4551857210979654e+05,1,1.5000000000000000e+02,1.9147612092234103e+00,-5.5387067103253472e+01,-9.6722091903773411e-01,2.0500829354524758e+01,-2.1382122949954880e+01,-3.7941472738784399e-01

1.4558140378605711e+05,0,1.5000000000000000e+02,1.9546389569417646e+00,-5.5414629501687813e+01,-9.6771409727612900e-01,1.2062242275925858e+01,4.4689870107723891e+01,7.7627122070256105e-01
1.4558140378605711e+05,1,1.5000000000000000e+02,1.9289490090999200e+00,-5.5387708267962438e+01,-9.6723643095995537e-01,-1.2062887142055523e+01,-4.4690371948579411e+01,-7.7627978258513108e-01

1.4564423551208651e+05,0,1.5000000000000000e+02,1.9377618498943594e+00,-5.5437874698360233e+01,-9.6811464055247287e-01,6.2150292064133026e+01,1.6720934335547000e+00,1.0249030086205035e-02
1.4564423551208651e+05,1,1.5000000000000000e+02,1.9480006774084371e+00,-5.5413904824343327e+01,-9.6769942765273054e-01,-6.2149849385798689e+01,-1.6722670606782870e+00,-1.0252195150994403e-02

1.4570706745406793e+05,0,1.5000000000000000e+02,1.9326715957351162e+00,-5.5450491356914682e+01,-9.6833328092272997e-01,2.0672546321215215e+01,-7.0793814826672232e+01,-1.2418199672761405e+00
1.4570706745406793e+05,1,1.5000000000000000e+02,1.9530918918475455e+00,-5.5449195517060772e+01,-9.6831688609308220e-01,-2.0672046454304741e+01,7.0792511817812610e+01,1.2417970743607953e+00

1.4576989913274971e+05,0,1.5000000000000000e+02,1.9645312848586560e+00,-5.5475813369682726e+01,-9.6878491646493492e-01,-1.6386721269946463e+01,3.7938340553697373e+01,6.6710727332373976e-01
1.4576989913274971e+05,1,1.5000000000000000e+02,1.9232205574331636e+00,-5.5470043935589693e+01,-9.6867164134928008e-01,1.6386112554122505e+01,-3.7939439851719754e+01,-6.6712627328383012e-01

1.4583273127428768e+05,0,1.5000000000000000e+02,1.9283146771837585e+00,-5.5516396346405685e+01,-9.6948215426759032e-01,3.0850191831722725e+01,-8.3393419819187571e+00,-1.5493956926858471e-01
1.4583273127428768e+05,1,1.5000000000000000e+02,1.9626584513582894e+00,-5.5477940712068744e+01,-9.6882147315119205e-01,-3.0850358177395854e+01,8.3392742667033630e+00,1.5493843815067404e-01

1.4589556283939059e+05,0,1.5000000000000000e+02,1.9558845899466113e+00,-5.5496283092175666e+01,-9.6913952824828953e-01,-2.0882114714161048e+01,2.0362887203464304e+01,3.6174276295524532e-01
1.4589556283939059e+05,1,1.5000000000000000e+02,1.9358093734258293e+00,-5.5547232409913725e+01,-9.7002260087745829e-01,2.0882859900048700e+01,-2.0363602010026000e+01,-3.6175546505695133e-01

1.4595839478231373e+05,0,1.5000000000000000e+02,1.9410798562665061e+00,-5.5535107037397708e+01,-9.6981258947478544e-01,-4.8964339521998433e+01,-4.9300205987026956e+01,-8.4549108312724208e-01
1.4595839478231373e+05,1,1.5000000000000000e+02,1.9511685964104586e+00,-5.5555018032964817e+01,-9.7016315762417171e-01,4.8964270281929224e+01,4.9298731879469130e+01,8.4546537749693507e-01

1.4602122692190899e+05,0,1.5000000000000000e+02,1.9418434873659249e+00,-5.5597913838607305e+01,-9.7090895189075910e-01,2.4765796738461916e+01,-1.5096370007492474e+00,-3.3891275147422517e-02
1.4602122692190899e+05,1,1.5000000000000000e+02,1.9534897616491913e+00,-5.5539159982554423e+01,-9.6988710355371333e-01,-2.4766452833885502e+01,1.5091034031151160e+00,3.3882162453869991e-02

1.4608405864684092e+05,0,1.5000000000000000e+02,1.9425005979625001e+00,-5.5605903793306872e+01,-9.7104859597556537e-01,5.8315495442729883e+01,6.2564181483780246e-01,-6.8458636351293456e-03
1.4608405864684092e+05,1,1.5000000000000000e+02,1.9551187089713409e+00,-5.5580520183776343e+01,-9.7060943479709438e-01,-5.8315123562009859e+01,-6.2577137234184121e-01,6.8434892585463314e-03

1.4614689049399632e+05,0,1.5000000000000000e+02,1.9714619611105400e+00,-5.5614877814062751e+01,-9.7121403678956175e-01,1.5451770581110132e+01,3.4207194284730406e+01,5.9229073985993308e-01
1.4614689049399632e+05,1,1.5000000000000000e+02,1.9262396257772207e+00,-5.5619695381893877e+01,-9.7128433872992548e-01,-1.5451178231056204e+01,-3.4208400599300987e+01,-5.9231197340036568e-01

1.4620972215903996e+05,0,1.5000000000000000e+02,1.9609460470417786e+00,-5.5666497158883480e+01,-9.7211171504923610e-01,2.7244553769848793e+01,2.1988526873968262e+00,3.0075683189676294e-02
1.4620972215903996e+05,1,1.5000000000000000e+02,1.9383772632159060e+00,-5.5614270569513039e+01,-9.7119336019064095e-01,-2.7245055831237224e+01,-2.2001019314786880e+00,-3.0097332559735512e-02

1.4627255409773084e+05,0,1.5000000000000000e+02,1.9265884384602827e+00,-5.5681714703899893e+01,-9.7236683133910895e-01,1.4309892091328695e+01,-1.9752704878163755e+01,-3.4909149773378645e-01
1.4627255409773084e+05,1,1.5000000000000000e+02,1.9760298252431383e+00,-5.5647059511068512e+01,-9.7177707630210508e-01,-1.4310270010474103e+01,1.9752538837246306e+01,3.4908871504792849e-01

1.4633538585395453e+05,0,1.5000000000000000e+02,1.9388119163821063e+00,-5.5661901442078388e+01,-9.7202476588234910e-01,-2.2066313856116672e+01,-1.0396190189580565e+01,-1.7471641123337500e-01
1.4633538585395453e+05,1,1.5000000000000000e+02,1.9650804317920005e+00,-5.5716254339390126e+01,-9.7298135699132626e-01,2.2066985843405774e+01,1.0395748001720669e+01,1.7470848928276039e-01

1.4639821798683895e+05,0,1.5000000000000000e+02,1.9798826605781570e+00,-5.5701171227164082e+01,-9.7272262960609057e-01,-1.0834745931265758e+01,2.1966099473337081e+01,3.8666191593450649e-01
1.4639821798683895e+05,1,1.5000000000000000e+02,1.9242093723881706e+00,-5.5724195465739861e+01,-9.7310749805996632e-01,1.0835006814598756e+01,-2.1967541031839438e+01,-3.8668715407218868e-01

1.4646104993011820e+05,0,1.5000000000000000e+02,1.9526504429955722e+00,-5.5765190708373026e+01,-9.7383162775459087e-01,2.4987351954401582e+01,-6.7160972900136038e+00,-1.2482402920981334e-01
1.4646104993011820e+05,1,1.5000000000000000e+02,1.9539110759576082e+00,-5.5706605291818555e+01,-9.7280955528402879e-01,-2.4988028462728629e+01,6.7151836670676168e+00,1.2480829037830926e-01

1.4652388138294840e+05,0,1.5000000000000000e+02,1.9634475792051447e+00,-5.5755904644705758e+01,-9.7367285273728610e-01,-2.5689080062160130e+01,7.1848797910971854e+01,1.2617601620996606e+00
1.4652388138294840e+05,1,1.5000000000000000e+02,1.9460877921220066e+00,-5.5764645051387426e+01,-9.7382010550470288e-01,2.5689031457317640e+01,-7.1848844067679920e+01,-1.2617609528378373e+00

1.4658671349513525e+05,0,1.5000000000000000e+02,1.9390080030112575e+00,-5.5767918140962202e+01,-9.7387507203458579e-01,-1.0335364768459248e+01,-3.4954784798922269e+01,-6.0689661893346147e-01
1.4658671349513525e+05,1,1.5000000000000000e+02,1.9711571418737333e+00,-5.5801633558531286e+01,-9.7447328089072371e-01,1.0336111219021666e+01,3.4954028564435937e+01,6.0688319342914787e-01

1.4664954548507248e+05,0,1.5000000000000000e+02,1.9833595570488316e+00,-5.5816992460695992e+01,-9.7474504792414551e-01,1.3285575415785601e+01,2.2097745116968888e+01,3.8161160561574115e-01
1.4664954548507248e+05,1,1.5000000000000000e+02,1.9274179827846487e+00,-5.5799226695139424e+01,-9.7441795091867123e-01,-1.3285606412667235e+01,-2.2099223388669749e+01,-3.8163739557064746e-01

1.4671237695047198e+05,0,1.5000000000000000e+02,1.9695903243812318e+00,-5.5851446077158357e+01,-9.7534215185397322e-01,1.6712442108566783e+01,3.1651681866209653e+01,5.4730685645268506e-01
1.4671237695047198e+05,1,1.5000000000000000e+02,1.9441055207115816e+00,-5.5811626131223562e+01,-9.7463943446350521e-01,-1.6713125766014002e+01,-3.1652328803545441e+01,-5.4731793880060842e-01

1.4677520914827759e+05,0,1.5000000000000000e+02,1.9381266639163841e+00,-5.5838464362964856e+01,-9.7510600480770893e-01,-2.7733099264437222e+01,-1.2357699119668236e+01,-2.0722317299770660e-01
1.4677520914827759e+05,1,1.5000000000000000e+02,1.9781253000926391e+00,-5.5873723601466182e+01,-9.7573354826939951e-01,2.7733287449745056e+01,1.2357639145719606e+01,2.0722206898141665e-01

1.4683804075882805e+05,0,1.5000000000000000e+02,1.9631098448071467e+00,-5.5850883438147335e+01,-9.7533035822711989e-01,-2.4818235691569654e+01,7.4429454927561167e-01,2.0550182253307681e-02
1.4683804075882805e+05,1,1.5000000000000000e+02,1.9534869808681787e+00,-5.5909910257174914e+01,-9.7635758682231732e-01,2.4818953069006113e+01,-7.4525775315094123e-01,-2.0567211014626385e-02

1.4690087275071209e+05,0,1.5000000000000000e+02,1.9711841296469850e+00,-5.5890205504915698e+01,-9.7601908257772130e-01,-4.6075767066507225e+01,9.5018129981993393e+00,1.7986569714881220e-01
1.4690087275071209e+05,1,1.5000000000000000e+02,1.9463886727925763e+00,-5.5917037560320523e+01,-9.7647981300203213e-01,4.6075558656070896e+01,-9.5032540227136817e+00,-1.7989078300443970e-01

1.4696370448871912e+05,0,1.5000000000000000e+02,1.9653236085562142e+00,-5.5919067453236934e+01,-9.7652100768473649e-01,-6.8126611527167825e+01,3.6234148557014656e+01,6.5312669510349952e-01
1.4696370448871912e+05,1,1.5000000000000000e+02,1.9553286257541360e+00,-5.5935351017409609e+01,-9.7680215026422013e-01,6.8125968265272775e+01,-3.6234649569002819e+01,-6.5313524300837256e-01

1.4702653622524330e+05,0,1.5000000000000000e+02,1.9706043696388824e+00,-5.5944913108624540e+01,-9.7697368522425099e-01,-2.0454708135958334e+01,6.5055287234917515e+01,1.1416024907305513e+00
1.4702653622524330e+05,1,1.5000000000000000e+02,1.9523295181695806e+00,-5.5958734480141985e+01,-9.7720933429633838e-01,2.0455013740513415e+01,-6.5055385428497416e+01,-1.1416042975410001e+00

1.4708936814855415e+05,0,1.5000000000000000e+02,1.9757455017875805e+00,-5.5981061047468316e+01,-9.7760611986721535e-01,4.1375747557427900e+01,3.7267809310690680e+01,6.3780854078110205e-01
1.4708936814855415e+05,1,1.5000000000000000e+02,1.9474595156933703e+00,-5.5970969683585395e+01,-9.7742138444109605e-01,-4.1375062483170325e+01,-3.7268860742878232e+01,-6.3782709949797289e-01

1.4715219991076272e+05,0,1.5000000000000000e+02,1.9523987999985595e+00,-5.5999077901892385e+01,-9.7791344512261247e-01,-1.1634768969028890e+01,-7.5089379527365409e+01,-1.3069460369422825e+00
1.4715219991076272e+05,1,1.5000000000000000e+02,1.9719503007810111e+00,-5.5999361093743602e+01,-9.7792434353240765e-01,1.1634500215477921e+01,7.5087963354935894e+01,1.3069214031978360e+00

1.4721503182622511e+05,0,1.5000000000000000e+02,1.9767537679597165e+00,-5.6027245853359787e+01,-9.7841246294893158e-01,-7.9475970571872878e+00,5.9127322781983693e+01,1.0343351681693598e+00
1.4721503182622511e+05,1,1.5000000000000000e+02,1.9506875351990511e+00,-5.6018480722126824e+01,-9.7825154968395589e-01,7.9469675583490940e+00,-5.9127789417242028e+01,-1.0343431203103579e+00

1.4727786373204118e+05,0,1.5000000000000000e+02,1.9406579201275922e+00,-5.6053100678558323e+01,-9.7885269584749757e-01,2.2103158750625795e+01,-2.5292806037417897e+01,-4.4815368032646813e-01
1.4727786373204118e+05,1,1.5000000000000000e+02,1.9890098329205836e+00,-5.6041843150423865e+01,-9.7867095447477248e-01,-2.2102845583583047e+01,2.5292704786663663e+01,4.4815181785721142e-01

1.4734069587892320e+05,0,1.5000000000000000e+02,1.9707618073337225e+00,-5.6042695308303898e+01,-9.7868026770261785e-01,-2.5408765905187202e+01,-3.2000155730564472e-02,7.1818664831782009e-03
1.4734069587892320e+05,1,1.5000000000000000e+02,1.9592122070068478e+00,-5.6100633114061402e+01,-9.7968790344830858e-01,2.5409459036954253e+01,3.0967971476556500e-02,-7.2000917321483060e-03

1.4740352737410413e+05,0,1.5000000000000000e+02,1.9641695910772390e+00,-5.6111634587400850e+01,-9.7988141578652366e-01,4.1602058513615333e+01,-2.8991547596640537e+01,-5.1864562782117518e-01
1.4740352737410413e+05,1,1.5000000000000000e+02,1.9668918478736235e+00,-5.6078159760533254e+01,-9.7929802879170380e-01,-4.1602280694664387e+01,2.8990111682816597e+01,5.1862063535415592e-01

1.4746635923293509e+05,0,1.5000000000000000e+02,1.9740010002716777e+00,-5.6142969378468337e+01,-9.8043127823461185e-01,2.3776299343201714e+01,2.2065022577535192e+01,3.7784469883851513e-01
1.4746635923293509e+05,1,1.5000000000000000e+02,1.9600700858042572e+00,-5.6094002472968306e+01,-9.7957244408301936e-01,-2.3776957160598229e+01,-2.2065563036155343e+01,-3.7785393074803764e-01

1.4752919134604515e+05,0,1.5000000000000000e+02,1.9451888609257757e+00,-5.6126798726612719e+01,-9.8014028429024502e-01,-2.2586727379340047e+01,-1.6015282801112491e+01,-2.7262456420095821e-01
1.4752919134604515e+05,1,1.5000000000000000e+02,1.9912697431018818e+00,-5.6159279907477831e+01,-9.8072119681324499e-01,2.2586937899072574e+01,1.6015217037756656e+01,2.7262335234166940e-01

1.4759202299132349e+05,0,1.5000000000000000e+02,1.9572405841726723e+00,-5.6145771307882008e+01,-9.8047507282463819e-01,-1.9212814945351376e+01,-2.8668247710102559e+01,-4.9447705514595286e-01
1.4759202299132349e+05,1,1.5000000000000000e+02,1.9796670915789571e+00,-5.6188899994848732e+01,-9.8123460405070229e-01,1.9213547233636390e+01,2.8667346267690927e+01,4.9446109972792018e-01

1.4765485494653886e+05,0,1.5000000000000000e+02,1.9805569792532729e+00,-5.6208860465846499e+01,-9.8158323338170728e-01,3.9638614084265946e+01,1.2212884535345161e+00,9.2391962506683800e-03
1.4765485494653886e+05,1,1.5000000000000000e+02,1.9571872110091479e+00,-5.6172458672997905e+01,-9.8094081529754462e-01,-3.9638675120821553e+01,-1.2227633517784078e+00,-9.2649181802262337e-03

1.4771768702914644e+05,0,1.5000000000000000e+02,1.9776411938258236e+00,-5.6241837023847005e+01,-9.8215786542455497e-01,2.2763671447339213e+01,1.4158229074378280e+01,2.4016060480631374e-01
1.4771768702914644e+05,1,1.5000000000000000e+02,1.9628858531363762e+00,-5.6186372064877659e+01,-9.8118537345542656e-01,-2.2764363279250027e+01,-1.4158961308538995e+01,-2.4017317329960486e-01

1.4778051854734306e+05,0,1.5000000000000000e+02,1.9579301646843283e+00,-5.6255763142359861e+01,-9.8239490506893645e-01,3.8527070509759625e+01,-5.2101023033467424e+00,-1.0266543642801251e-01
1.4778051854734306e+05,1,1.5000000000000000e+02,1.9853008250180844e+00,-5.6221273285178967e+01,-9.8180131206735310e-01,-3.8527081322882765e+01,5.2100593288112638e+00,1.0266468971325149e-01

1.4784335031622287e+05,0,1.5000000000000000e+02,1.9727066270117015e+00,-5.6272463276551846e+01,-9.8269086398512762e-01,7.6990848468269306e+01,7.8475374474636084e+00,1.1350446710869366e-01
1.4784335031622287e+05,1,1.5000000000000000e+02,1.9713128685557304e+00,-5.6253500407538205e+01,-9.8235949170324688e-01,-7.6990111916156351e+01,-7.8481869956069517e+00,-1.1351602766452629e-01

1.4790618236108820e+05,0,1.5000000000000000e+02,1.9936714662863915e+00,-5.6296774354727688e+01,-9.8312153737357266e-01,2.9090127650746656e+01,2.0409182433286436e+01,3.4732753668926070e-01
1.4790618236108820e+05,1,1.5000000000000000e+02,1.9508438354432331e+00,-5.6276244008912506e+01,-9.8275018672850611e-01,-2.9089909129895933e+01,-2.0410636596293383e+01,-3.4735298190151492e-01

1.4796901425457565e+05,0,1.5000000000000000e+02,1.9755635848018414e+00,-5.6338233379153252e+01,-9.8383958085426249e-01,2.6339150354436587e+01,-6.2940278978374060e+00,-1.1786970490786530e-01
1.4796901425457565e+05,1,1.5000000000000000e+02,1.9712543546194417e+00,-5.6281342812170749e+01,-9.8284539082367639e-01,-2.6339787880643076e+01,6.2929914664321878e+00,1.1785181089736985e-01

1.4803184630361639e+05,0,1.5000000000000000e+02,1.9489231878047795e+00,-5.6349041412773524e+01,-9.8402009150278380e-01,1.2319854452412162e+01,-2.1138453022848552e+01,-3.7266990662068755e-01
1.4803184630361639e+05,1,1.5000000000000000e+02,2.0009042791859750e+00,-5.6318804315724158e+01,-9.8350821654662157e-01,-1.2320188849633414e+01,2.1138313644031022e+01,3.7266757599352796e-01

1.4809467815554311e+05,0,1.5000000000000000e+02,1.9563794439035573e+00,-5.6335437462355493e+01,-9.8378494124486193e-01,-1.8373423884042900e+01,-1.6189182980364116e+01,-2.7694305169874944e-01
1.4809467815554311e+05,1,1.5000000000000000e+02,1.9948738772033083e+00,-5.6381595103289889e+01,-9.8460222982560541e-01,1.8374014442468969e+01,1.6188868243511649e+01,2.7693737887980796e-01

1.4815750958116501e+05,0,1.5000000000000000e+02,2.0010476901358767e+00,-5.6372344746922067e+01,-9.8444266958863158e-01,5.8546055708847788e-01,2.9343313292399340e+01,5.1193307916477682e-01
1.4815750958116501e+05,1,1.5000000000000000e+02,1.9505100432904379e+00,-5.6392455112215529e+01,-9.8477824842704031e-01,-5.8490623878443770e-01,-2.9344563009021240e+01,-5.1195505859053270e-01

1.4822034156763635e+05,0,1.5000000000000000e+02,1.9868189464974275e+00,-5.6429079911826229e+01,-9.8542850019067174e-01,3.2089407594915450e+01,-1.6491658918941745e+00,-3.8557402922781370e-02
1.4822034156763635e+05,1,1.5000000000000000e+02,1.9662599752023180e+00,-5.6382178842725246e+01,-9.8460370073132797e-01,-3.2089776791538632e+01,1.6478046767756176e+00,3.8533758913171512e-02

1.4828317329127126e+05,0,1.5000000000000000e+02,1.9645278702075704e+00,-5.6423824470194944e+01,-9.8532998947717432e-01,-4.3584487721583166e+01,-3.6629157911713619e+01,-6.2598968206338879e-01
1.4828317329127126e+05,1,1.5000000000000000e+02,1.9915439740063012e+00,-5.6434867624392282e+01,-9.8553094908676508e-01,4.3583854944737205e+01,3.6628682947783631e+01,6.2598158556492489e-01

1.4834600519645546e+05,0,1.5000000000000000e+02,1.9792179553533693e+00,-5.6466769269443240e+01,-9.8608395463739995e-01,5.6905093920689723e+01,2.5940548636573695e+01,4.3538983379296647e-01
1.4834600519645546e+05,1,1.5000000000000000e+02,1.9791497587460452e+00,-5.6440954361587686e+01,-9.8563340159850310e-01,-5.6904905971011743e+01,-2.5940609233396614e+01,-4.3539094860860605e-01

1.4840883726389351e+05,0,1.5000000000000000e+02,1.9641437694276431e+00,-5.6460731620015601e+01,-9.8597399101849337e-01,-1.1805505977748656e+01,-3.4494310770839760e+01,-5.9841238565573429e-01
1.4840883726389351e+05,1,1.5000000000000000e+02,1.9948422435217983e+00,-5.6495635860819839e+01,-9.8659250578068336e-01,1.1806251449408567e+01,3.4493526781895355e+01,5.9839847606724084e-01

1.4847166899608937e+05,0,1.5000000000000000e+02,2.0096252278694511e+00,-5.6499524466261256e+01,-9.8666487467461461e-01,9.2178176100231823e-01,2.4750720926801563e+01,4.3167883610649815e-01
1.4847166899608937e+05,1,1.5000000000000000e+02,1.9500350012296741e+00,-5.6503787379727136e+01,-9.8672111962908449e-01,-9.2163115607874957e-01,-2.4752190149916046e+01,-4.3170452346423516e-01

1.4853450072778107e+05,0,1.5000000000000000e+02,1.9675794467294865e+00,-5.6531246419114446e+01,-9.8720569054816809e-01,-2.9525933664151154e+00,-5.6194212538298565e+01,-9.7982477939042534e-01
1.4853450072778107e+05,1,1.5000000000000000e+02,1.9944095696733417e+00,-5.6518723629315097e+01,-9.8699531106922556e-01,2.9519546422961724e+00,5.6193179584986915e+01,9.7980694644616406e-01

1.4859733276919497e+05,0,1.5000000000000000e+02,1.9810412386931109e+00,-5.6570440865272957e+01,-9.8789382884372379e-01,3.5653893145525529e+01,1.8271332960130273e+01,3.0801737982990318e-01
1.4859733276919497e+05,1,1.5000000000000000e+02,1.9838999594552709e+00,-5.6527723131307447e+01,-9.8714917244900791e-01,-3.5654279137777664e+01,-1.8271505549097483e+01,-3.0802027433639545e-01

1.4866016454713070e+05,0,1.5000000000000000e+02,1.9678236463097616e+00,-5.6549343007358146e+01,-9.8752159392776762e-01,-2.5487784162202139e+01,-7.5043547275293356e+00,-1.2320463096792711e-01
1.4866016454713070e+05,1,1.5000000000000000e+02,1.9987291401367164e+00,-5.6597952281443618e+01,-9.8837935756600359e-01,2.5488286966918970e+01,7.5041322987308696e+00,1.2320059587966614e-01

1.4872299629588783e+05,0,1.5000000000000000e+02,1.9706848470662623e+00,-5.6591552283502772e+01,-9.8825911897451912e-01,1.4751726682183239e+00,-5.8180064140828065e+01,-1.0158315119123089e+00
1.4872299629588783e+05,1,1.5000000000000000e+02,1.9962716685522486e+00,-5.6603802669159379e+01,-9.8848071227177203e-01,-1.4745080117114533e+00,5.8178971565077063e+01,1.0158122413603370e+00

1.4878582845046045e+05,0,1.5000000000000000e+02,2.0136768848104816e+00,-5.6624548870067798e+01,-9.8884808559723503e-01,1.9035133853750708e-01,2.4797434577901136e+01,4.3271691950691965e-01
1.4878582845046045e+05,1,1.5000000000000000e+02,1.9544205109736923e+00,-5.6617453789708748e+01,-9.8870620792974151e-01,-1.9048395675016039e-01,-2.4798896526296410e+01,-4.3274239362446704e-01

1.4884866007804195e+05,0,1.5000000000000000e+02,1.9934343738504445e+00,-5.6637250862511770e+01,-9.8906359939782029e-01,-6.0570400884056582e+01,3.6776999279193141e+01,6.6029887612397276e-01
1.4884866007804195e+05,1,1.5000000000000000e+02,1.9773361320820353e+00,-5.6651750733735980e+01,-9.8931175298949736e-01,6.0569709804677629e+01,-3.6777790214571304e+01,-6.6031246932412846e-01

1.4891149224210615e+05,0,1.5000000000000000e+02,1.9589462607188846e+00,-5.6679882383376309e+01,-9.8979711581217611e-01,1.0655135482630545e+01,-2.2189738661019852e+01,-3.9051024267852813e-01
1.4891149224210615e+05,1,1.5000000000000000e+02,2.0145583541808585e+00,-5.6657667992053447e+01,-9.8942636249977178e-01,-1.0655332922303888e+01,2.2189660389826166e+01,3.9050893680453819e-01

1.4897432366575705e+05,0,1.5000000000000000e+02,1.9659206716849280e+00,-5.6691379273071071e+01,-9.8999988883971013e-01,1.7301685144140876e+01,-3.5781760999702207e+01,-6.2974849854151538e-01
1.4897432366575705e+05,1,1.5000000000000000e+02,2.0088635055486352e+00,-5.6695193392213945e+01,-9.9007953619746758e-01,-1.7301065947270118e+01,3.5781407009147038e+01,6.2974213192658901e-01

1.4903715586987569e+05,0,1.5000000000000000e+02,2.0119914030505512e+00,-5.6705157247394880e+01,-9.9025438231212903e-01,-1.8215375990797043e+00,2.9254635651647067e+01,5.1111869178062930e-01
1.4903715586987569e+05,1,1.5000000000000000e+02,1.9632201963506466e+00,-5.6729193435784872e+01,-9.9065901432660719e-01,1.8221270889443844e+00,-2.9255843935960829e+01,-5.1113995882767427e-01

1.4909998744471263e+05,0,1.5000000000000000e+02,2.0172131165332781e+00,-5.6744853667538287e+01,-9.9094877107968804e-01,-1.8604559700276049e+00,2.5697256569454577e+01,4.4904572201287496e-01
1.4909998744471263e+05,1,1.5000000000000000e+02,1.9593548124146616e+00,-5.6736112736056917e+01,-9.9077859524751988e-01,1.8602253811642164e+00,-2.5698688643346326e+01,-4.4907064490354931e-01

1.4916281937027848e+05,0,1.5000000000000000e+02,1.9987899203102029e+00,-5.6757931062078129e+01,-9.9117139077583771e-01,-5.4808988845798254e+01,4.3677934360497296e+01,7.7898168424637948e-01
1.4916281937027848e+05,1,1.5000000000000000e+02,1.9805026415244649e+00,-5.6770180004151463e+01,-9.9137959338440984e-01,5.4808298117827562e+01,-4.3678659644191974e+01,-7.7899413177398125e-01

1.4922565110023748e+05,0,1.5000000000000000e+02,1.9705810738205614e+00,-5.6777560972055376e+01,-9.9150538660574272e-01,-3.1087940638641619e+01,-1.9608828612626723e+01,-3.3275083694540925e-01
1.4922565110023748e+05,1,1.5000000000000000e+02,2.0113602691146975e+00,-5.6799138308082725e+01,-9.9189438572864697e-01,3.1087770839515514e+01,1.9608758704934473e+01,3.3274966861424243e-01

1.4928848335130882e+05,0,1.5000000000000000e+02,1.9683543361773077e+00,-5.6797351915858258e+01,-9.9185010786485395e-01,-6.6232651856928815e+00,-2.7205566337617803e+01,-4.7278493648405845e-01
1.4928848335130882e+05,1,1.5000000000000000e+02,2.0148639523209324e+00,-5.6828321009151360e+01,-9.9240476142745249e-01,6.6238797470753976e+00,2.7205218789315033e+01,4.7277868371425463e-01

1.4935131493891994e+05,0,1.5000000000000000e+02,1.9846732892828274e+00,-5.6817650710009957e+01,-9.9220934195594368e-01,-2.6063961650774147e+01,-3.3101893834549799e+01,-5.6976776456713074e-01
1.4935131493891994e+05,1,1.5000000000000000e+02,1.9990167022452894e+00,-5.6855845097714997e+01,-9.9288029540926881e-01,2.6064577081056889e+01,3.3100720403679844e+01,5.6974709789463229e-01

1.4941414667115413e+05,0,1.5000000000000000e+02,1.9828577161437466e+00,-5.6862271135658489e+01,-9.9298752267002799e-01,4.6230691798888301e+00,-7.5337236514483394e+01,-1.3162244103085636e+00
1.4941414667115413e+05,1,1.5000000000000000e+02,2.0021009768569460e+00,-5.6857916405022870e+01,-9.9291738427149978e-01,-4.6232225250511476e+00,7.5335780486508028e+01,1.3161990458306523e+00

1.4947697846238367e+05,0,1.5000000000000000e+02,1.9796459626207905e+00,-5.6901536450681746e+01,-9.9367181850434061e-01,1.3765565303639153e+01,-3.4571634340464726e+01,-6.0755165778272346e-01
1.4947697846238367e+05,1,1.5000000000000000e+02,2.0078999782731728e+00,-5.6865689034452778e+01,-9.9305480192958617e-01,-1.3766252448300758e+01,3.4570791352418013e+01,6.0753715493922156e-01

1.4953981058968056e+05,0,1.5000000000000000e+02,1.9693743554161223e+00,-5.6923031046416810e+01,-9.9404382187069729e-01,1.3471198677357769e+01,-2.0567542146958445e+01,-3.6305687531347941e-01
1.4953981058968056e+05,1,1.5000000000000000e+02,2.0209066107367333e+00,-5.6892566744503348e+01,-9.9352784491266422e-01,-1.3471510912110361e+01,2.0567414522908784e+01,3.6305474308322794e-01

1.4960264249166663e+05,0,1.5000000000000000e+02,1.9704910627908614e+00,-5.6929101027133790e+01,-9.9415009783958574e-01,1.0524971836742042e+01,-3.0225002127913221e+01,-5.3070527438162307e-01
1.4960264249166663e+05,1,1.5000000000000000e+02,2.0213572626460081e+00,-5.6935488613497299e+01,-9.9427707211123140e-01,-1.0524486484420523e+01,3.0224794219245076e+01,5.3070149802038047e-01

1.4966547422964504e+05,0,1.5000000000000000e+02,1.9825871732953995e+00,-5.6943423800884382e+01,-9.9440374959543276e-01,-9.8250051043973592e+00,-4.4622390011169657e+01,-7.7577506669803531e-01
1.4966547422964504e+05,1,1.5000000000000000e+02,2.0098287203669689e+00,-5.6969323820489215e+01,-9.9486406593589582e-01,9.8257196245648153e+00,4.4621420522249380e+01,7.7575792911666552e-01

1.4972830597711672e+05,0,1.5000000000000000e+02,1.9885269494074966e+00,-5.6973048931466153e+01,-9.9492258888048601e-01,-2.9631784481083308e+01,-6.5453367046204562e+01,-1.1332919475774015e+00
1.4972830597711672e+05,1,1.5000000000000000e+02,2.0048321504614410e+00,-5.6986631376418693e+01,-9.9516460233095749e-01,2.9631893302249672e+01,6.5451892630194578e+01,1.1332661823190084e+00

1.4979113781775517e+05,0,1.5000000000000000e+02,1.9854253964722495e+00,-5.7011340692906025e+01,-9.9558992744063246e-01,5.2013337149654433e+00,-5.6083318232045656e+01,-9.8037336139178000e-01
1.4979113781775517e+05,1,1.5000000000000000e+02,2.0101307569462357e+00,-5.6995133188904120e+01,-9.9531459355926288e-01,-5.2019256017793651e+00,5.6082191884461935e+01,9.8035388422375203e-01

1.4985396962303339e+05,0,1.5000000000000000e+02,1.9772208633645589e+00,-5.7030062053677732e+01,-9.9591416087566242e-01,-1.5039932611928094e+01,-3.5436184324008458e+01,-6.1386503293179984e-01
1.4985396962303339e+05,1,1.5000000000000000e+02,2.0211587589321920e+00,-5.7024277013712663e+01,-9.9582658293577375e-01,1.5039369973696296e+01,3.5435833998576179e+01,6.1385909030789931e-01

1.4991680143022767e+05,0,1.5000000000000000e+02,1.9789918263202166e+00,-5.7035460860644150e+01,-9.9600892254914142e-01,-2.6372372514753486e+01,-1.4551134562925451e+01,-2.4591842199237662e-01
1.4991680143022767e+05,1,1.5000000000000000e+02,2.0215081567105653e+00,-5.7067742056959879e+01,-9.9658525898072847e-01,2.6372520841109647e+01,1.4551081470030834e+01,2.4591745020825445e-01

1.4997963369419708e+05,0,1.5000000000000000e+02,1.9885091883181165e+00,-5.7048978748482014e+01,-9.9624774153147055e-01,-2.1038576181604434e+01,-1.3758524023376214e+01,-2.3371031059033337e-01
1.4997963369419708e+05,1,1.5000000000000000e+02,2.0129281685029143e+00,-5.7102879589995602e+01,-9.9719587974963331e-01,2.1039293651557692e+01,1.3757960793315281e+01,2.3370026230517577e-01

1.5004246556018025e+05,0,1.5000000000000000e+02,2.0121736654993243e+00,-5.7074627026269617e+01,-9.9670257468763490e-01,-2.8806409580678952e+01,1.1680689724414890e+00,2.9160994719766520e-02
1.5004246556018025e+05,1,1.5000000000000000e+02,1.9898804025644838e+00,-5.7124749474192704e+01,-9.9757054075880724e-01,2.8806919947193968e+01,-1.1693613331934714e+00,-2.9183704999647619e-02

1.5010529709388185e+05,0,1.5000000000000000e+02,2.0296994837755147e+00,-5.7122976157288782e+01,-9.9755172232609735e-01,-9.5351496485247367e+00,2.6282445438164043e+01,4.6159664023048042e-01
1.5010529709388185e+05,1,1.5000000000000000e+02,1.9738341530106835e+00,-5.7123139682279529e+01,-9.9753755781262865e-01,9.5349214487122040e+00,-2.6283878049759007e+01,-4.6162157323338915e-01

1.5016812889454095e+05,0,1.5000000000000000e+02,2.0193084797906296e+00,-5.7166276697047515e+01,-9.9830425551169188e-01,1.3027469446899318e+01,2.9441995349938153e+01,5.0986507321357344e-01
1.5016812889454095e+05,1,1.5000000000000000e+02,1.9867711924307003e+00,-5.7126989124701637e+01,-9.9760868090287369e-01,-1.3028156095794778e+01,-2.9442840261354796e+01,-5.0987960977544811e-01

1.5023096075114491e+05,0,1.5000000000000000e+02,2.0033169068432737e+00,-5.7191822530728466e+01,-9.9874522023439638e-01,3.5861534690848913e+01,1.9150560017550696e+01,3.2329875334114094e-01
1.5023096075114491e+05,1,1.5000000000000000e+02,2.0054347867056896e+00,-5.7149709097282674e+01,-9.9801088465344201e-01,-3.5861917686512072e+01,-1.9150731214665413e+01,-3.2330162446990046e-01

1.5029379272155656e+05,0,1.5000000000000000e+02,2.0039053372071396e+00,-5.7207354842620319e+01,-9.9901647571472962e-01,6.2507006160289578e+01,1.8011006713754227e+01,2.9529371851800718e-01
1.5029379272155656e+05,1,1.5000000000000000e+02,2.0066091479343715e+00,-5.7183067979433432e+01,-9.9859343517709054e-01,-6.2506658724285600e+01,-1.8011125289068410e+01,-2.9529589378317495e-01

1.5035662454771699e+05,0,1.5000000000000000e+02,2.0088946595216739e+00,-5.7228477343385755e+01,-9.9938663410019590e-01,7.4445702230059311e+01,1.8444746875601446e+01,2.9922660842933868e-01
1.5035662454771699e+05,1,1.5000000000000000e+02,2.0024147832145953e+00,-5.7210347753660194e+01,-9.9906825514826170e-01,-7.4444958602478835e+01,-1.8445473362731768e+01,-2.9923951391163928e-01

1.5041945639639106e+05,0,1.5000000000000000e+02,2.0146474131152665e+00,-5.7255111099485916e+01,-9.9985320972142366e-01,5.5739528628675330e+01,7.4483258692117502e+00,1.1301111572894551e-01
1.5041945639639106e+05,1,1.5000000000000000e+02,1.9974113732641083e+00,-5.7231052196797030e+01,-9.9942807330841521e-01,-5.5739114225519543e+01,-7.4496916360660990e+00,-1.1303507788811840e-01

1.5048228840717016e+05,0,1.5000000000000000e+02,2.0163152199357479e+00,-5.7288446859062091e+01,-1.0004355070185920e+00,3.4896832452574230e+01,-3.3899166358962809e+00,-6.9792926397101718e-02
1.5048228840717016e+05,1,1.5000000000000000e+02,1.9973771387464252e+00,-5.7244495878396428e+01,-9.9966268747810494e-01,-3.4897130493834482e+01,3.3885150012108447e+00,6.9768555291860046e-02

1.5054512021423448e+05,0,1.5000000000000000e+02,1.9982286691661184e+00,-5.7315256709378247e+01,-1.0008978936663373e+00,2.1118434160999499e+01,-2.0566988212561498e+01,-3.6537680739429185e-01
1.5054512021423448e+05,1,1.5000000000000000e+02,2.0180104318332961e+00,-5.7264935557470125e+01,-1.0000256946468313e+00,-2.1119123720856663e+01,2.0566175277266552e+01,3.6536282977966733e-01

1.5060795181630534e+05,0,1.5000000000000000e+02,1.9826378770117019e+00,-5.7319888928855924e+01,-1.0009739875780590e+00,-4.8869979664552972e+00,-2.8462049520866284e+01,-4.9524251580649986e-01
1.5060795181630534e+05,1,1.5000000000000000e+02,2.0362143675645190e+00,-5.7308558968923641e+01,-1.0007925736744552e+00,4.8866051081211666e+00,2.8461871181328380e+01,4.9523952302984059e-01

1.5067078406225043e+05,0,1.5000000000000000e+02,1.9815687964911606e+00,-5.7332747607216319e+01,-1.0011980767867124e+00,-3.2297265365470906e-01,-2.5481158499669206e+01,-4.4460914646233307e-01
1.5067078406225043e+05,1,1.5000000000000000e+02,2.0390895699104012e+00,-5.7344529080702237e+01,-1.0014212145707611e+00,3.2326895483699047e-01,2.5481063024091384e+01,4.4460738992064808e-01

1.5073361565970693e+05,0,1.5000000000000000e+02,1.9986491296090922e+00,-5.7336586422842998e+01,-1.0012702765839596e+00,-2.0361503265382204e+01,-1.6449088881440662e+01,-2.8087340072302369e-01
1.5073361565970693e+05,1,1.5000000000000000e+02,2.0229174782148327e+00,-5.7389148806532212e+01,-1.0021950096048393e+00,2.0362235644224128e+01,1.6448461830039154e+01,2.8086223406068400e-01

1.5079644745333534e+05,0,1.5000000000000000e+02,2.0180859736205248e+00,-5.7361544779432997e+01,-1.0017117810587965e+00,-3.0773293023001134e+01,-5.3683768568635166e+00,-8.4316537112878898e-02
1.5079644745333534e+05,1,1.5000000000000000e+02,2.0042171685385504e+00,-5.7411712013180022e+01,-1.0025830951174510e+00,3.0773820042087973e+01,5.3671004981901582e+00,8.4294101035526148e-02

1.5085927945474652e+05,0,1.5000000000000000e+02,2.0163522300787076e+00,-5.7395613740171463e+01,-1.0023058382449896e+00,-5.4157092236565475e+01,-1.0709734716913090e+01,-1.7041261068690250e-01
1.5085927945474652e+05,1,1.5000000000000000e+02,2.0073621745521204e+00,-5.7424518588299961e+01,-1.0028075587357164e+00,5.4156971452489458e+01,1.0708270902703635e+01,1.7038710040127658e-01

1.5092211110944377e+05,0,1.5000000000000000e+02,2.0140228457413505e+00,-5.7423758712939879e+01,-1.0027963261397679e+00,-7.5132353369931479e+01,-4.9913271582915115e+00,-6.4222883058360547e-02
1.5092211110944377e+05,1,1.5000000000000000e+02,2.0119981846042925e+00,-5.7443443008557701e+01,-1.0031392476888625e+00,7.5131718469574054e+01,4.9902886458134361e+00,6.4204951928070852e-02

1.5098494312446241e+05,0,1.5000000000000000e+02,1.9929138382282843e+00,-5.7460650889670916e+01,-1.0034337529040982e+00,-1.5088030954480363e+01,-3.6477694163571350e+01,-6.3202723362131596e-01
1.5098494312446241e+05,1,1.5000000000000000e+02,2.0357547446733104e+00,-5.7454451236033769e+01,-1.0033386047789028e+00,1.5087449073985308e+01,3.6477314005186294e+01,6.3202077620251851e-01

1.5104777479249705e+05,0,1.5000000000000000e+02,1.9906475423582042e+00,-5.7471518824987662e+01,-1.0036227341477488e+00,-2.1387302639170166e+01,-2.0714321045520411e+01,-3.5499947374498442e-01
1.5104777479249705e+05,1,1.5000000000000000e+02,2.0401956397699936e+00,-5.7492225571900413e+01,-1.0039992106917186e+00,2.1387283045142915e+01,2.0714276401638752e+01,3.5499870057048821e-01

1.5111060710271331e+05,0,1.5000000000000000e+02,1.9914837916530002e+00,-5.7494869135378622e+01,-1.0040305080194152e+00,-1.1587147774119018e+00,-2.9333030624562859e+01,-5.1157898976868510e-01
1.5111060710271331e+05,1,1.5000000000000000e+02,2.0406732402082750e+00,-5.7517566340923700e+01,-1.0044416136001839e+00,1.1592913032838084e+00,2.9332731437403986e+01,5.1157359260332735e-01

1.5117343858160920e+05,0,1.5000000000000000e+02,2.0053829089152613e+00,-5.7509376058374002e+01,-1.0042879228852770e+00,-1.9330290692684326e+01,-2.9890160567667905e+01,-5.1576658799188857e-01
1.5117343858160920e+05,1,1.5000000000000000e+02,2.0275494151298656e+00,-5.7551099402896490e+01,-1.0050228482989021e+00,1.9331017087451105e+01,2.9889237648542505e+01,5.1575025954784481e-01

1.5123627037676485e+05,0,1.5000000000000000e+02,2.0071458344216109e+00,-5.7553705550933827e+01,-1.0050621162677564e+00,1.0188803849809062e+01,-7.5050518437366023e+01,-1.3129159958237158e+00
1.5123627037676485e+05,1,1.5000000000000000e+02,2.0267548281800551e+00,-5.7554005789439870e+01,-1.0050733296969467e+00,-1.0188478987559435e+01,7.5049104937246213e+01,1.3128912278810079e+00

1.5129910239954366e+05,0,1.5000000000000000e+02,2.0324216457013264e+00,-5.7599178981172727e+01,-1.0058634369108028e+00,3.0323047137724391e+01,4.8801315638103802e+00,7.5932641532539369e-02
1.5129910239954366e+05,1,1.5000000000000000e+02,2.0031867520995577e+00,-5.7555438705922427e+01,-1.0050911579389739e+00,-3.0323349457389323e+01,-4.8815306739441482e+00,-7.5956967275032261e-02

1.5136193422510748e+05,0,1.5000000000000000e+02,2.0298106140728391e+00,-5.7628217882901367e+01,-1.0063694402322605e+00,2.1560781630650528e+01,1.3563085274791057e+01,2.3014035315546005e-01
1.5136193422510748e+05,1,1.5000000000000000e+02,2.0082062206004720e+00,-5.7573675725840125e+01,-1.0054109669302385e+00,-2.1561458555901421e+01,-1.3563988450634788e+01,-2.3015590953390580e-01

1.5142476592812882e+05,0,1.5000000000000000e+02,2.0267899189213252e+00,-5.7643573282382313e+01,-1.0066365087083369e+00,2.7738342550487541e+01,3.3558595829619293e+01,5.7722824188973010e-01
1.5142476592812882e+05,1,1.5000000000000000e+02,2.0137818245685590e+00,-5.7606357409324104e+01,-1.0059830394723204e+00,-2.7738871381095297e+01,-3.3558902365444652e+01,-5.7723343057862353e-01

1.5148759786248612e+05,0,1.5000000000000000e+02,2.0076355351635771e+00,-5.7632866064536266e+01,-1.0064438069447155e+00,-3.9521590874000324e+01,-6.2774485820335215e+00,-9.7517006942438145e-02
1.5148759786248612e+05,1,1.5000000000000000e+02,2.0350055340152440e+00,-5.7665684195564261e+01,-1.0070249001081315e+00,3.9521608952329458e+01,6.2774052413144759e+00,9.7516245035017657e-02

1.5155042966933452e+05,0,1.5000000000000000e+02,2.0003070806590202e+00,-5.7653348938275911e+01,-1.0067990499070536e+00,-1.4955673218664975e+01,-1.9919023480476021e+01,-3.4307890336586216e-01
1.5155042966933452e+05,1,1.5000000000000000e+02,2.0436619445653075e+00,-5.7693822037546390e+01,-1.0075186102033773e+00,1.4956240406749780e+01,1.9918734931746449e+01,3.4307369471147603e-01

1.5161326154074303e+05,0,1.5000000000000000e+02,2.0111535914087000e+00,-5.7701141731946436e+01,-1.0076364533908633e+00,4.1406743768568084e+01,-5.2263436642608561e+01,-9.2473659464433644e-01
1.5161326154074303e+05,1,1.5000000000000000e+02,2.0336719455835830e+00,-5.7694099693185557e+01,-1.0075204126999542e+00,-4.1406005802639491e+01,5.2262579138463884e+01,9.2472140432413386e-01

1.5167609331538208e+05,0,1.5000000000000000e+02,2.0498823336406145e+00,-5.7715915893077053e+01,-1.0079060961287665e+00,4.7719873767117136e+00,2.8161992494104776e+01,4.9004083463231635e-01
1.5167609331538208e+05,1,1.5000000000000000e+02,1.9959022243330549e+00,-5.7726695285861119e+01,-1.0080777783551802e+00,-4.7715590476550460e+00,-2.8163348563786275e+01,-4.9006463179542653e-01

1.5173892544777432e+05,0,1.5000000000000000e+02,2.0290132422356306e+00,-5.7730454416760523e+01,-1.0081534709596249e+00,-5.4095538533490299e+01,-7.8101416923963001e+00,-1.1982648601565465e-01
1.5173892544777432e+05,1,1.5000000000000000e+02,2.0183081850094573e+00,-5.7759146718163706e+01,-1.0086509595525643e+00,5.4095394991875509e+01,7.8086833596848777e+00,1.1980107832745074e-01

1.5180175714308035e+05,0,1.5000000000000000e+02,2.0270927191576900e+00,-5.7795495813988822e+01,-1.0092880148174255e+00,2.7813082791200397e+01,-8.5014861412116431e+00,-1.5684417167364378e-01
1.5180175714308035e+05,1,1.5000000000000000e+02,2.0224199701966925e+00,-5.7741262219569130e+01,-1.0083400846121080e+00,-2.7813682509328185e+01,8.5003748071311662e+00,1.5682495891320886e-01

1.5186458896788509e+05,0,1.5000000000000000e+02,2.0394524641328728e+00,-5.7805384751098707e+01,-1.0094643657597271e+00,1.0481511981833266e+01,4.4376216047860524e+01,7.7127874504123883e-01
1.5186458896788509e+05,1,1.5000000000000000e+02,2.0125661985105694e+00,-5.7779109781059034e+01,-1.0089976138623065e+00,-1.0482170269399061e+01,-4.4376763051924243e+01,-7.7128809104281526e-01

1.5192742113295145e+05,0,1.5000000000000000e+02,2.0011997944948390e+00,-5.7830970544954504e+01,-1.0098992464209691e+00,1.3066937987027231e+01,-2.0960839492959465e+01,-3.6979770933477624e-01
1.5192742113295145e+05,1,1.5000000000000000e+02,2.0531255836202815e+00,-5.7801872346761691e+01,-1.0094072311436371e+00,-1.3067234488734236e+01,2.0960719096838993e+01,3.6979569845655919e-01

1.5199025263775914e+05,0,1.5000000000000000e+02,2.0367724209954172e+00,-5.7844428664917800e+01,-1.0101449596054504e+00,2.8290010739511033e+01,7.2037003681734348e+01,1.2486009983986612e+00
1.5199025263775914e+05,1,1.5000000000000000e+02,2.0192958382189139e+00,-5.7837037950101092e+01,-1.0100106499044268e+00,-2.8289755727460189e+01,-7.2037085128860781e+01,-1.2486024975324068e+00

1.5205308462886821e+05,0,1.5000000000000000e+02,2.0071270552628127e+00,-5.7849125010739364e+01,-1.0102178911985755e+00,-6.6878491139460010e+00,-2.9244843329254834e+01,-5.0835555298739010e-01
1.5205308462886821e+05,1,1.5000000000000000e+02,2.0501064440047023e+00,-5.7880763032380848e+01,-1.0107831437471446e+00,6.6885170927992199e+00,2.9244404748387936e+01,5.0834769520714518e-01

1.5211591653027569e+05,0,1.5000000000000000e+02,2.0446483659461583e+00,-5.7864838741456218e+01,-1.0105035638484121e+00,-1.7660475452949871e+01,1.9868066918981079e+01,3.5212554090019599e-01
1.5211591653027569e+05,1,1.5000000000000000e+02,2.0134893573355162e+00,-5.7912934351120533e+01,-1.0113334559166494e+00,1.7661187190339323e+01,-1.9869042385983541e+01,-3.5214278196566340e-01

1.5217874815931625e+05,0,1.5000000000000000e+02,2.0261208112530809e+00,-5.7922296561737937e+01,-1.0115006969890996e+00,6.0898451275938768e+01,-4.0280457629572837e+01,-7.2154259011231214e-01
1.5217874815931625e+05,1,1.5000000000000000e+02,2.0331026599903774e+00,-5.7902809099255329e+01,-1.0111627207743448e+00,-6.0898075999536005e+01,4.0279069746876488e+01,7.2151825389754209e-01

1.5224158028283808e+05,0,1.5000000000000000e+02,2.0350671967803668e+00,-5.7921876249502787e+01,-1.0114960869085670e+00,-5.4846877663367863e+01,-9.7052110015995225e+00,-1.5267112320102172e-01
1.5224158028283808e+05,1,1.5000000000000000e+02,2.0257410223592953e+00,-5.7950294826114209e+01,-1.0119892183982657e+00,5.4846732345706044e+01,9.7037532953040184e+00,1.5264572698622836e-01

1.5230441199174471e+05,0,1.5000000000000000e+02,2.0544410006373979e+00,-5.7974591953559965e+01,-1.0124220047187891e+00,5.8558308942011674e+00,2.8152306626313553e+01,4.8954161853077210e-01
1.5230441199174471e+05,1,1.5000000000000000e+02,2.0084851027162767e+00,-5.7944784062990259e+01,-1.0118877856188728e+00,-5.8564004536620207e+00,-2.8153466801292161e+01,-4.8956169287012002e-01

1.5236724399813410e+05,0,1.5000000000000000e+02,2.0342960079935701e+00,-5.8012640820886809e+01,-1.0130799122121366e+00,2.4844128647820309e+01,6.4881139278310194e+00,1.0566486215296911e-01
1.5236724399813410e+05,1,1.5000000000000000e+02,2.0310393017867407e+00,-5.7954390757146101e+01,-1.0120623163250164e+00,-2.4844812561578497e+01,-6.4887760883685495e+00,-1.0567621010604888e-01

1.5243007585822575e+05,0,1.5000000000000000e+02,2.0112157589445525e+00,-5.8026935734976419e+01,-1.0133223618876925e+00,1.5890159808155037e+01,-1.8876240106406602e+01,-3.3427647985500841e-01
1.5243007585822575e+05,1,1.5000000000000000e+02,2.0564485193919921e+00,-5.7988266754036459e+01,-1.0126612745031816e+00,-1.5890603247243643e+01,1.8876020922784814e+01,3.3427278965862772e-01

1.5249290787421126e+05,0,1.5000000000000000e+02,2.0051112010188099e+00,-5.8033285182660116e+01,-1.0134313154095291e+00,2.2765819224202950e+00,-2.4615278738798246e+01,-4.3028937081790797e-01
1.5249290787421126e+05,1,1.5000000000000000e+02,2.0644932424603493e+00,-5.8030414123100769e+01,-1.0133992982350544e+00,-2.2765602503210580e+00,2.4615235064471996e+01,4.3028860199300001e-01

1.5255573930357379e+05,0,1.5000000000000000e+02,2.0194779058292101e+00,-5.8032509583280024e+01,-1.0134221559302174e+00,-2.5428088627329046e+01,-8.3715897075453860e+00,-1.3835815354593917e-01
1.5255573930357379e+05,1,1.5000000000000000e+02,2.0515735144421527e+00,-5.8079681300136720e+01,-1.0142551932835424e+00,2.5428572151408922e+01,8.3713819482382696e+00,1.3835438034790182e-01

1.5261857150292690e+05,0,1.5000000000000000e+02,2.0255560923576681e+00,-5.8052866053966248e+01,-1.0137792769710456e+00,-2.1773736559823483e+01,-1.3244730391063850e+01,-2.2451942125787144e-01
1.5261857150292690e+05,1,1.5000000000000000e+02,2.0465788349209468e+00,-5.8107505045518366e+01,-1.0147392630779506e+00,2.1774467427263666e+01,1.3244107665817854e+01,2.2450833055670444e-01

1.5268140328908191e+05,0,1.5000000000000000e+02,2.0379896976826331e+00,-5.8076983834626446e+01,-1.0142039779928542e+00,-2.7625203328523131e+01,-9.5581116065134317e+00,-1.5839650253415710e-01
1.5268140328908191e+05,1,1.5000000000000000e+02,2.0351474251164805e+00,-5.8131109470529090e+01,-1.0151477347394069e+00,2.7625865806991140e+01,9.5570177592994732e+00,1.5837721045429548e-01

1.5274423505758171e+05,0,1.5000000000000000e+02,2.0406262576902021e+00,-5.8107790446364397e+01,-1.0147424307183408e+00,-3.9504108283976983e+01,-1.5351473406789374e+01,-2.5588590195799332e-01
1.5274423505758171e+05,1,1.5000000000000000e+02,2.0337301146610591e+00,-5.8147629335089221e+01,-1.0154356144041778e+00,3.9504429313893702e+01,1.5350057987498872e+01,2.5586110168795928e-01

1.5280706679598923e+05,0,1.5000000000000000e+02,2.0284054410876844e+00,-5.8153269306569840e+01,-1.0155324234443874e+00,4.2766293855469328e+00,-7.5677946357586521e+01,-1.3220650800072353e+00
1.5280706679598923e+05,1,1.5000000000000000e+02,2.0475730048993941e+00,-5.8149305377463634e+01,-1.0154690824132140e+00,-4.2767675834162091e+00,7.5676487828978978e+01,1.3220396672715431e+00

1.5286989878208720e+05,0,1.5000000000000000e+02,2.0489829477385348e+00,-5.8201178728438890e+01,-1.0163748267727821e+00,2.7470037371295071e+01,1.2618399712269870e+00,1.3653866718921159e-02
1.5286989878208720e+05,1,1.5000000000000000e+02,2.0290283446357869e+00,-5.8148657592959637e+01,-1.0154521277412591e+00,-2.7470561957562602e+01,-1.2630599707649388e+00,-1.3674998841788633e-02

1.5293273053893307e+05,0,1.5000000000000000e+02,2.0536437786757893e+00,-5.8221635043450085e+01,-1.0167332585776960e+00,1.7687156186597385e+01,2.4341333276930261e+01,4.1942675171967253e-01
1.5293273053893307e+05,1,1.5000000000000000e+02,2.0266563444397940e+00,-5.8175784412133297e+01,-1.0159248334641542e+00,-1.7687845503911376e+01,-2.4342136785020688e+01,-4.1944056488201548e-01

1.5299556237523165e+05,0,1.5000000000000000e+02,2.0279441588184008e+00,-5.8215791497131413e+01,-1.0166234457267391e+00,-4.5764362245329110e+01,-3.1266903142396025e+01,-5.3174137092947216e-01
1.5299556237523165e+05,1,1.5000000000000000e+02,2.0546593037084739e+00,-5.8229609008963358e+01,-1.0168727328713683e+00,4.5763782746390334e+01,3.1266525353559835e+01,5.3173495413814209e-01

1.5305839450716434e+05,0,1.5000000000000000e+02,2.0249756134770633e+00,-5.8267063588523300e+01,-1.0175173628303087e+00,2.8639834887364220e+01,-8.9243123161361080e+00,-1.6447536182117456e-01
1.5305839450716434e+05,1,1.5000000000000000e+02,2.0597173219584159e+00,-5.8226638502095724e+01,-1.0168224312594358e+00,-2.8640082785582418e+01,8.9242137786046687e+00,1.6447371762086832e-01

1.5312122617138407e+05,0,1.5000000000000000e+02,2.0366649417133469e+00,-5.8252530716838066e+01,-1.0172672902413549e+00,-4.2687704968335652e+01,8.7779039894314650e+00,1.6619962768303265e-01
1.5312122617138407e+05,1,1.5000000000000000e+02,2.0497699668255005e+00,-5.8289607048548618e+01,-1.0179183536733554e+00,4.2687880648709665e+01,-8.7779634635362811e+00,-1.6620071916863233e-01

1.5318405781997074e+05,0,1.5000000000000000e+02,2.0190686632778463e+00,-5.8288864720119193e+01,-1.0178960456695074e+00,6.2559337601055738e+00,-3.1144551474113229e+01,-5.4545313383172789e-01
1.5318405781997074e+05,1,1.5000000000000000e+02,2.0687578193065228e+00,-5.8301624650225264e+01,-1.0181338741077945e+00,-6.2553911167999878e+00,3.1144288785877720e+01,5.4544838398157625e-01

1.5324689010700947e+05,0,1.5000000000000000e+02,2.0354277020424312e+00,-5.8291275331249636e+01,-1.0179431001822554e+00,-2.2693904449100678e+01,-1.0815609200304994e+01,-1.8184509754108524e-01
1.5324689010700947e+05,1,1.5000000000000000e+02,2.0535556714802645e+00,-5.8347309439394706e+01,-1.0189265525878142e+00,2.2694636052117396e+01,1.0814981489686968e+01,1.8183391960849515e-01

1.5330972174890107e+05,0,1.5000000000000000e+02,2.0659925120680502e+00,-5.8332908734590426e+01,-1.0186790143492896e+00,1.9698652631190043e+00,3.5992256349024970e+01,6.2755140052162928e-01
1.5330972174890107e+05,1,1.5000000000000000e+02,2.0240941893110733e+00,-5.8353439541049759e+01,-1.0190245627202299e+00,-1.9691733281453665e+00,-3.5993285963103958e+01,-6.2756958055256573e-01

1.5337255335334537e+05,0,1.5000000000000000e+02,2.0356033856168563e+00,-5.8367209970109883e+01,-1.0192683959676203e+00,1.6970780395412358e+01,-7.2432545136708384e+01,-1.2692920749689469e+00
1.5337255335334537e+05,1,1.5000000000000000e+02,2.0557169155530080e+00,-5.8366605002792120e+01,-1.0192639650751856e+00,-1.6970333905829225e+01,7.2431203167252889e+01,1.2692685183557437e+00

1.5343538527965400e+05,0,1.5000000000000000e+02,2.0463249690027729e+00,-5.8375660847710442e+01,-1.0194191503102970e+00,-4.9118172679414876e+01,-2.6570143883494126e+01,-4.4874993840081140e-01
1.5343538527965400e+05,1,1.5000000000000000e+02,2.0464877599917317e+00,-5.8405446201707456e+01,-1.0199390260055436e+00,4.9118253112069176e+01,2.6568667660219937e+01,4.4872415024845375e-01

1.5349821720519025e+05,0,1.5000000000000000e+02,2.0547614123435229e+00,-5.8401371218873273e+01,-1.0198704282159339e+00,-5.5985796755636301e+01,2.1179684892506678e+00,5.4018762849525503e-02
1.5349821720519025e+05,1,1.5000000000000000e+02,2.0398442163518617e+00,-5.8427014898384662e+01,-1.0203134278644814e+00,5.5985502011296262e+01,-2.1193705783346850e+00,-5.4043142890482565e-02

1.5356104892834194e+05,0,1.5000000000000000e+02,2.0605698694450854e+00,-5.8430192139773105e+01,-1.0203751921253312e+00,-4.9330597453825973e+01,2.8856109011115880e+01,5.1863626583941969e-01
1.5356104892834194e+05,1,1.5000000000000000e+02,2.0360830937818464e+00,-5.8445611029612415e+01,-1.0206368293799488e+00,4.9330023027052661e+01,-2.8857261002953944e+01,-5.1865619588100231e-01

1.5362388079744572e+05,0,1.5000000000000000e+02,2.0410750915538980e+00,-5.8455072953593493e+01,-1.0208034834823370e+00,-5.8177389271804600e+01,-4.1482244891204608e+01,-7.0624225050590872e-01
1.5362388079744572e+05,1,1.5000000000000000e+02,2.0577687907666724e+00,-5.8468385934063335e+01,-1.0210409124784554e+00,5.8176700569687426e+01,4.1481441988107882e+01,7.0622844771496540e-01

1.5368671302311885e+05,0,1.5000000000000000e+02,2.0313990396885493e+00,-5.8506705104970571e+01,-1.0217016411646984e+00,1.4050696213465201e+01,-2.2929269318968050e+01,-4.0445123182239962e-01
1.5368671302311885e+05,1,1.5000000000000000e+02,2.0696413491548467e+00,-5.8464677067442274e+01,-1.0209798006379693e+00,-1.4051315321629986e+01,2.2928819700423919e+01,4.0444357349646576e-01

1.5374954491500475e+05,0,1.5000000000000000e+02,2.0390139003424230e+00,-5.8533352795155587e+01,-1.0221690272554536e+00,2.9729506499321023e+01,-2.5859960714604071e+00,-5.4188440436071350e-02
1.5374954491500475e+05,1,1.5000000000000000e+02,2.0641028337238834e+00,-5.8486179189718790e+01,-1.0213533772350682e+00,-2.9729898200984007e+01,2.5858171846291995e+00,5.4185437754376509e-02

1.5381237650799219e+05,0,1.5000000000000000e+02,2.0606895890635819e+00,-5.8540695077292085e+01,-1.0223037709111211e+00,2.9018976818869582e+01,6.5459790270253507e+01,1.1335907296841317e+00
1.5381237650799219e+05,1,1.5000000000000000e+02,2.0442979395186485e+00,-5.8527122362999016e+01,-1.0220619009490230e+00,-2.9019047283251844e+01,-6.5459841394056241e+01,-1.1335916004527329e+00

1.5387520852329448e+05,0,1.5000000000000000e+02,2.0260873111708615e+00,-5.8546464914366638e+01,-1.0223939274916030e+00,-1.1237134199530058e+01,-2.2160795167369187e+01,-3.8333600332983042e-01
1.5387520852329448e+05,1,1.5000000000000000e+02,2.0805359450611176e+00,-5.8569660224003272e+01,-1.0228153283083259e+00,1.1237400247935160e+01,2.2160709950035368e+01,3.8333443503411435e-01

1.5393804020689230e+05,0,1.5000000000000000e+02,2.0517565493003218e+00,-5.8593051233660219e+01,-1.0232147905970361e+00,6.9053440100387263e+01,7.8053323783758337e+00,1.1518588290011778e-01
1.5393804020689230e+05,1,1.5000000000000000e+02,2.0562928725855505e+00,-5.8571296814028692e+01,-1.0228365055372222e+00,-6.9052895915327298e+01,-7.8055975166284561e+00,-1.1519067597843646e-01

1.5400087197704741e+05,0,1.5000000000000000e+02,2.0424965889700513e+00,-5.8579412910800208e+01,-1.0229739481902744e+00,-2.1422275448991144e+01,-1.3118880670350261e+01,-2.2243010740475694e-01
1.5400087197704741e+05,1,1.5000000000000000e+02,2.0668368124013012e+00,-5.8632995281309555e+01,-1.0239165043311291e+00,2.1422985364278645e+01,1.3118337520498589e+01,2.2242041186803513e-01

1.5406370390502203e+05,0,1.5000000000000000e+02,2.0713304542493045e+00,-5.8609953622456231e+01,-1.0235157408843492e+00,-1.3889832997542740e+01,2.8241655548471794e+01,4.9711615120693919e-01
1.5406370390502203e+05,1,1.5000000000000000e+02,2.0392339365534129e+00,-5.8650315320805994e+01,-1.0242103719928846e+00,1.3890570265432935e+01,-2.8242513422097051e+01,-4.9713134776337953e-01

1.5412653558791708e+05,0,1.5000000000000000e+02,2.0579192336698489e+00,-5.8664226970671905e+01,-1.0244588559557362e+00,7.2344401383139058e+01,-4.4254611639772392e+00,-9.9273432116526283e-02
1.5412653558791708e+05,1,1.5000000000000000e+02,2.0539126762273314e+00,-5.8643708956424298e+01,-1.0240995467026190e+00,-7.2343771364083267e+01,4.4243132959225093e+00,9.9253207131009713e-02

1.5418936757147370e+05,0,1.5000000000000000e+02,2.0467862692525336e+00,-5.8678609244976165e+01,-1.0247064698163035e+00,1.8950360721850156e+01,-7.2977965108335226e+01,-1.2794140112977095e+00
1.5418936757147370e+05,1,1.5000000000000000e+02,2.0664231321692101e+00,-5.8676841684980403e+01,-1.0246816036754736e+00,-1.8949943147348026e+01,7.2976603734650084e+01,1.2793901248431947e+00

1.5425219940161251e+05,0,1.5000000000000000e+02,2.0491417638199279e+00,-5.8694533595245311e+01,-1.0249851056349188e+00,-2.8567313242684698e+01,-6.5137551546553894e+01,-1.1281044800995392e+00
1.5425219940161251e+05,1,1.5000000000000000e+02,2.0656001938209099e+00,-5.8708343405480427e+01,-1.0252311338352853e+00,2.8567456866346852e+01,6.5136083573512664e+01,1.1280788166840940e+00

1.5431503118486254e+05,0,1.5000000000000000e+02,2.0486180059629708e+00,-5.8726658648175054e+01,-1.0255456055812064e+00,1.7398259522926693e+00,-7.6073247200943101e+01,-1.3281912371880722e+00
1.5431503118486254e+05,1,1.5000000000000000e+02,2.0678255547663631e+00,-5.8723626835609636e+01,-1.0254985444074887e+00,-1.7399686283852773e+00,7.6071790318804759e+01,1.3281658545522688e+00

1.5437786310819359e+05,0,1.5000000000000000e+02,2.0627759468048192e+00,-5.8771231481208687e+01,-1.0263278217674070e+00,3.4924310864688316e+01,-1.3099775493987504e+01,-2.3926170042896588e-01
1.5437786310819359e+05,1,1.5000000000000000e+02,2.0555231923978492e+00,-5.8726510784748740e+01,-1.0255451285690980e+00,-3.4924706561379175e+01,1.3098435301764393e+01,2.3923843139145085e-01

1.5444069492015868e+05,0,1.5000000000000000e+02,2.0748773356173502e+00,-5.8798303915725974e+01,-1.0268039873889350e+00,2.1980967715782203e+01,1.1497898690543103e+01,1.9396987502161622e-01
1.5444069492015868e+05,1,1.5000000000000000e+02,2.0453945449228104e+00,-5.8746993324410937e+01,-1.0258995126667010e+00,-2.1981548776132176e+01,-1.1499039687695351e+01,-1.9398961115782765e-01

1.5450352672694047e+05,0,1.5000000000000000e+02,2.0791692452734325e+00,-5.8801860073612943e+01,-1.0268673583682035e+00,-1.1277281067499970e+01,4.4073145669046937e+01,7.7261788197038928e-01
1.5450352672694047e+05,1,1.5000000000000000e+02,2.0431431186737425e+00,-5.8791120095756092e+01,-1.0266689451659130e+00,1.1276603546815267e+01,-4.4074040139668114e+01,-7.7263328624062910e-01

1.5456635866581884e+05,0,1.5000000000000000e+02,2.0479939041363262e+00,-5.8844126369703879e+01,-1.0275955099271366e+00,1.7919666274364737e+01,-2.1719831928266334e+01,-3.8452225451356375e-01
1.5456635866581884e+05,1,1.5000000000000000e+02,2.0763740862569362e+00,-5.8796672794530437e+01,-1.0267759763837827e+00,-1.7920345688285941e+01,2.1719193538575016e+01,3.8451132004874028e-01

1.5462919048630103e+05,0,1.5000000000000000e+02,2.0756309602431862e+00,-5.8849717964548688e+01,-1.0277015158786356e+00,-2.6330718877164401e+00,6.0094589626826952e+01,1.0495973230297695e+00
1.5462919048630103e+05,1,1.5000000000000000e+02,2.0507603616296439e+00,-5.8839025058919326e+01,-1.0275073225408984e+00,2.6324775652803396e+00,-6.0094993152816237e+01,-1.0496041844793500e+00

1.5469202250165326e+05,0,1.5000000000000000e+02,2.0516937065673129e+00,-5.8892808315811649e+01,-1.0284462541329480e+00,2.8358178168416487e+01,-3.2833827889649001e+00,-6.5941765134110986e-02
1.5469202250165326e+05,1,1.5000000000000000e+02,2.0766513589018154e+00,-5.8843978380536818e+01,-1.0276016571785096e+00,-2.8358618378776200e+01,3.2831653285290798e+00,6.5938104028536282e-02

1.5475485455695310e+05,0,1.5000000000000000e+02,2.0381244958306954e+00,-5.8904544690495037e+01,-1.0286469484994569e+00,1.1106562751904153e+01,-2.2202209158587330e+01,-3.9086540246772039e-01
1.5475485455695310e+05,1,1.5000000000000000e+02,2.0920811809492337e+00,-5.8880351822809239e+01,-1.0282411617215637e+00,-1.1106802937762584e+01,2.2202113113531873e+01,3.9086379941839500e-01

1.5481768604826403e+05,0,1.5000000000000000e+02,2.0437602087343083e+00,-5.8904289163346434e+01,-1.0286442057809908e+00,-2.6339917451983389e+01,-1.8503551192349182e+01,-3.1490749029979909e-01
1.5481768604826403e+05,1,1.5000000000000000e+02,2.0882032033116316e+00,-5.8928747054392545e+01,-1.0290845936346444e+00,2.6339898292928126e+01,1.8503505242484369e+01,3.1490669419980560e-01

1.5488051794832933e+05,0,1.5000000000000000e+02,2.0477540973563415e+00,-5.8922786318430454e+01,-1.0289682423379505e+00,-2.8566066281793603e+01,-1.1796795010033161e+01,-1.9718029736124382e-01
1.5488051794832933e+05,1,1.5000000000000000e+02,2.0858666562630859e+00,-5.8958385426778541e+01,-1.0296011427851208e+00,2.8566265486880987e+01,1.1796729478208338e+01,1.9717909298828634e-01

1.5494334994195227e+05,0,1.5000000000000000e+02,2.0437348751654834e+00,-5.8947361527427269e+01,-1.0293959145026232e+00,-1.6457882104781913e+01,-1.8815318988491207e+01,-3.2335898173500138e-01
1.5494334994195227e+05,1,1.5000000000000000e+02,2.0914553911198404e+00,-5.8981912998637618e+01,-1.0300134580605442e+00,1.6458277143798750e+01,1.8815172662232655e+01,3.2335630764726847e-01

1.5500618188117311e+05,0,1.5000000000000000e+02,2.0438118703312380e+00,-5.8982080538310591e+01,-1.0300018682596743e+00,6.1060396942177615e+00,-3.1524432739206190e+01,-5.5203731340120554e-01
1.5500618188117311e+05,1,1.5000000000000000e+02,2.0928789766358751e+00,-5.8995243058899881e+01,-1.0302465333738773e+00,-6.1054860309956158e+00,3.1524157443762064e+01,5.5203234016879477e-01

1.5506901352432001e+05,0,1.5000000000000000e+02,2.0689064670738917e+00,-5.9022503292665746e+01,-1.0307149872481305e+00,7.4597023537962869e+01,1.1059628439053149e+01,1.7029242248761500e-01
1.5506901352432001e+05,1,1.5000000000000000e+02,2.0692380091468738e+00,-5.9002802828897750e+01,-1.0303712677461259e+00,-7.4596358330631276e+01,-1.1060065258843537e+01,-1.7030024868848370e-01

1.5513184533212325e+05,0,1.5000000000000000e+02,2.0698688486795520e+00,-5.9007712688190402e+01,-1.0304571487896377e+00,-2.5357536035098860e+01,5.5198938681767018e+00,1.0406017115010691e-01
1.5513184533212325e+05,1,1.5000000000000000e+02,2.0697051236276574e+00,-5.9065504647037187e+01,-1.0314657076680469e+00,2.5358264380560840e+01,-5.5205086413382602e+00,-1.0407112229953941e-01

1.5519467712821322e+05,0,1.5000000000000000e+02,2.0619689543645379e+00,-5.9067077480530536e+01,-1.0314908007192403e+00,5.7431059542877684e+01,-4.1835179819848371e+01,-7.4761995203480081e-01
1.5519467712821322e+05,1,1.5000000000000000e+02,2.0790309874413175e+00,-5.9053981478822848e+01,-1.0312674416314844e+00,-5.7430317340091669e+01,4.1834384015560310e+01,7.4760583723498808e-01

1.5525750921648325e+05,0,1.5000000000000000e+02,2.0637591942057947e+00,-5.9060564141733529e+01,-1.0313776726694452e+00,-2.3591412090438268e+01,-2.2833003734980906e+01,-3.9130414088939625e-01
1.5525750921648325e+05,1,1.5000000000000000e+02,2.0786807590636278e+00,-5.9108274006631689e+01,-1.0322148702222511e+00,2.3592125200621105e+01,2.2832036432115466e+01,3.9128704188910324e-01

1.5532034100709105e+05,0,1.5000000000000000e+02,2.0862994531167276e+00,-5.9082455849145283e+01,-1.0317666021675740e+00,-2.1913297179213657e+01,1.1652689954049908e+01,2.1004299253007552e-01
1.5532034100709105e+05,1,1.5000000000000000e+02,2.0576073150311935e+00,-5.9134108788162841e+01,-1.0326593296834530e+00,2.1913944377911633e+01,-1.1653809592721469e+01,-2.1006273007758725e-01

1.5538317315289876e+05,0,1.5000000000000000e+02,2.0908038323519342e+00,-5.9108912567743438e+01,-1.0322297077729523e+00,-2.0995999586239815e+01,1.3575837730411838e+01,2.4332711012547209e-01
1.5538317315289876e+05,1,1.5000000000000000e+02,2.0546058192923509e+00,-5.9155338582767989e+01,-1.0330289263503989e+00,2.0996552711397531e+01,-1.3577084995884015e+01,-2.4334904641021710e-01

1.5544600476559679e+05,0,1.5000000000000000e+02,2.0978156235764001e+00,-5.9139216387016376e+01,-1.0327607183897061e+00,-1.3823678933675907e+01,2.0612125897234037e+01,3.6394234612229692e-01
1.5544600476559679e+05,1,1.5000000000000000e+02,2.0491372146701989e+00,-5.9172692667847670e+01,-1.0333301310035399e+00,1.3824118355739671e+01,-2.0613472696879988e+01,-3.6396598488021781e-01

1.5550883671455379e+05,0,1.5000000000000000e+02,2.0900355629662735e+00,-5.9159041348249154e+01,-1.0331043416341841e+00,-3.0151166051440672e+01,6.8416324579211949e+00,1.2858798765837448e-01
1.5550883671455379e+05,1,1.5000000000000000e+02,2.0585024241273024e+00,-5.9200509901734968e+01,-1.0338184616521622e+00,3.0151480286796168e+01,-6.8430497899518574e+00,-1.2861281924044959e-01

1.5557166820915730e+05,0,1.5000000000000000e+02,2.0770844345359141e+00,-5.9186422993405778e+01,-1.0335782719232678e+00,-4.4989199088151459e+01,-1.9742935192765756e+01,-3.3085653875086329e-01
1.5557166820915730e+05,1,1.5000000000000000e+02,2.0730787615043900e+00,-5.9220764077138966e+01,-1.0341763862141702e+00,4.4989384003778092e+01,1.9741475347413470e+01,3.3083100460430304e-01

1.5563450014037738e+05,0,1.5000000000000000e+02,2.1000689491067437e+00,-5.9238317263284664e+01,-1.0344909536769256e+00,2.2207616305736018e+01,2.0318954398489140e+01,3.4784947980380382e-01
1.5563450014037738e+05,1,1.5000000000000000e+02,2.0517560523838627e+00,-5.9216509156675372e+01,-1.0340956320386958e+00,-2.2207557757725191e+01,-2.0320431138503032e+01,-3.4787527030711601e-01

1.5569733212067370e+05,0,1.5000000000000000e+02,2.0780262533776273e+00,-5.9237218058135994e+01,-1.0344650549957812e+00,-5.4217122358029947e+01,-2.1504521899245901e+01,-3.5878933684328973e-01
1.5569733212067370e+05,1,1.5000000000000000e+02,2.0754919875871756e+00,-5.9265257329563141e+01,-1.0349536357361075e+00,5.4217059926450467e+01,2.1503050077718569e+01,3.5876366903389467e-01

1.5576016412077009e+05,0,1.5000000000000000e+02,2.1053264952312367e+00,-5.9273276219826201e+01,-1.0351026732572806e+00,-1.0636361890476909e+01,2.5764301153282538e+01,4.5288924106071365e-01
1.5576016412077009e+05,1,1.5000000000000000e+02,2.0499106982777171e+00,-5.9276862398984825e+01,-1.0351483792382543e+00,1.0636189044324727e+01,-2.5765750158123375e+01,-4.5291447702785320e-01

1.5582299583285561e+05,0,1.5000000000000000e+02,2.1010945414078188e+00,-5.9316567396772520e+01,-1.0358569192944271e+00,2.0539048590194401e+01,1.6378011229729591e+01,2.7957883851913651e-01
1.5582299583285561e+05,1,1.5000000000000000e+02,2.0558815145883353e+00,-5.9281251190163978e+01,-1.0352267931272279e+00,-2.0539319846227240e+01,-1.6379423644621905e+01,-2.7960340592481453e-01

1.5588582751549303e+05,0,1.5000000000000000e+02,2.0903760521923744e+00,-5.9345679313262451e+01,-1.0363617270979475e+00,3.2007968502569049e+01,-6.8064874540738174e-02,-1.0938576306092795e-02
1.5588582751549303e+05,1,1.5000000000000000e+02,2.0683530949991185e+00,-5.9299837760252537e+01,-1.0355549727657805e+00,-3.2008325487148092e+01,6.6698992350147535e-02,1.0914847123875415e-02

1.5594865938735867e+05,0,1.5000000000000000e+02,2.0952415752594953e+00,-5.9370309858909579e+01,-1.0367930716050433e+00,2.6450036505077559e+01,7.0829950889803150e+00,1.1555775759022979e-01
1.5594865938735867e+05,1,1.5000000000000000e+02,2.0652496103231814e+00,-5.9322924674981223e+01,-1.0359569495767182e+00,-2.6450466336177467e+01,-7.0843080079069658e+00,-1.1558054024481113e-01

1.5601149158385384e+05,0,1.5000000000000000e+02,2.1058827211558269e+00,-5.9377357471495110e+01,-1.0369193110628587e+00,-5.3064408393440665e+00,3.1078536869745506e+01,5.4401177333674389e-01
1.5601149158385384e+05,1,1.5000000000000000e+02,2.0563747937659604e+00,-5.9363612865032025e+01,-1.0366643528608039e+00,5.3059505159973419e+00,-3.1079793530240110e+01,-5.4403355571827727e-01

1.5607432319947073e+05,0,1.5000000000000000e+02,2.0809398836435369e+00,-5.9384458202269080e+01,-1.0370356375113463e+00,-7.1638093678500937e+01,-2.1632106528883241e+01,-3.5570899454347477e-01
1.5607432319947073e+05,1,1.5000000000000000e+02,2.0830848500887411e+00,-5.9404263711898800e+01,-1.0373819447424104e+00,7.1637555188513957e+01,2.1630906532257299e+01,3.5568821575568582e-01

1.5613715511381204e+05,0,1.5000000000000000e+02,2.0980321631735994e+00,-5.9443538744758342e+01,-1.0380719420444635e+00,2.1705274420188921e+01,1.2142135530355691e+01,2.0529734344446765e-01
1.5613715511381204e+05,1,1.5000000000000000e+02,2.0677571161032997e+00,-5.9392949795330040e+01,-1.0371798203623794e+00,-2.1705851862844106e+01,-1.2143281123963622e+01,-2.0531716090231716e-01

1.5619998690560594e+05,0,1.5000000000000000e+02,2.0711176766389143e+00,-5.9449532916827373e+01,-1.0381683557531540e+00,2.5429463129997032e+00,-5.6402849328830506e+01,-9.8514011568400406e-01
1.5619998690560594e+05,1,1.5000000000000000e+02,2.0964312270399579e+00,-5.9434734756339829e+01,-1.0379178035822523e+00,-2.5435533315270220e+00,5.6401754781247696e+01,9.8512119811186905e-01

1.5626281864814044e+05,0,1.5000000000000000e+02,2.1038892370958826e+00,-5.9468363650229762e+01,-1.0385069806834342e+00,-1.7943810774263341e+01,4.0264145261145245e+01,7.0817250305649393e-01
1.5626281864814044e+05,1,1.5000000000000000e+02,2.0654124531816347e+00,-5.9463693692527990e+01,-1.0384137573891050e+00,1.7943181062445163e+01,-4.0265192598597793e+01,-7.0819058978508076e-01

1.5632565072058197e+05,0,1.5000000000000000e+02,2.1047061220124132e+00,-5.9493776190592584e+01,-1.0389507395402591e+00,-1.4640771796744112e+01,4.1131968138680307e+01,7.2231188626704323e-01
1.5632565072058197e+05,1,1.5000000000000000e+02,2.0663398905197057e+00,-5.9486079770893440e+01,-1.0388047308789985e+00,1.4640125842666535e+01,-4.1132974823881980e+01,-7.2232925856831431e-01

1.5638848242123279e+05,0,1.5000000000000000e+02,2.1050023735252608e+00,-5.9517574224271918e+01,-1.0393661627743904e+00,-1.5037994592981518e+01,4.2391011159708953e+01,7.4440622392311706e-01
1.5638848242123279e+05,1,1.5000000000000000e+02,2.0677789659739347e+00,-5.9510086797841375e+01,-1.0392241496903736e+00,1.5037337085393185e+01,-4.2391983461386062e+01,-7.4442299262988154e-01

1.5645131426827717e+05,0,1.5000000000000000e+02,2.0767372609921111e+00,-5.9534107010187519e+01,-1.0396460892273001e+00,-4.2101354946333664e+01,-5.5129770244077648e+01,-9.4932169886009576e-01
1.5645131426827717e+05,1,1.5000000000000000e+02,2.0977694133941647e+00,-5.9541364501393872e+01,-1.0397791569992278e+00,4.2100690056484602e+01,5.5128824940131793e+01,9.4930540357749182e-01

1.5651414607231563e+05,0,1.5000000000000000e+02,2.0871339543623395e+00,-5.9590034038524180e+01,-1.0406253176722291e+00,2.5539308855522574e+01,-7.7864279881952569e+00,-1.4367201978999700e-01
1.5651414607231563e+05,1,1.5000000000000000e+02,2.0890877577950184e+00,-5.9533251959146298e+01,-1.0396349289375379e+00,-2.5539979074909507e+01,7.7855027116771751e+00,1.4365607565756944e-01

1.5657697803940185e+05,0,1.5000000000000000e+02,2.0986233777794996e+00,-5.9578627353726709e+01,-1.0404297436709822e+00,-5.5514718582673893e+01,3.6031863872808181e+01,6.4575434293415090e-01
1.5657697803940185e+05,1,1.5000000000000000e+02,2.0793026773165035e+00,-5.9592476390268139e+01,-1.0406655569643104e+00,5.5514045594074815e+01,-3.6032776072526836e+01,-6.4577005800119036e-01

1.5663980980447039e+05,0,1.5000000000000000e+02,2.1003309780045911e+00,-5.9636522470795001e+01,-1.0414406730152475e+00,2.1950340642800576e+01,1.3179191714743801e+01,2.2332181423559577e-01
1.5663980980447039e+05,1,1.5000000000000000e+02,2.0792888327146106e+00,-5.9582401358398670e+01,-1.0404897192351499e+00,-2.1951014860615700e+01,-1.3180098714486434e+01,-2.2333743817602431e-01

1.5670264166242906e+05,0,1.5000000000000000e+02,2.0887637061066853e+00,-5.9661629954768415e+01,-1.0418753352979810e+00,2.5335642095578919e+01,-8.8589992317960480e+00,-1.6232892546595751e-01
1.5670264166242906e+05,1,1.5000000000000000e+02,2.0925390251614426e+00,-5.9605116323358658e+01,-1.0408901865199325e+00,-2.5336315766361416e+01,8.8580896891515906e+00,1.6231325697906834e-01

1.5676547364861012e+05,0,1.5000000000000000e+02,2.0912099632217753e+00,-5.9685913591864882e+01,-1.0422998884564552e+00,2.5529428407420443e+01,-6.3068251879621116e+00,-1.1784638044814172e-01
1.5676547364861012e+05,1,1.5000000000000000e+02,2.0917648565631914e+00,-5.9628657637140350e+01,-1.0413008033025686e+00,-2.5530099892056494e+01,6.3059057916879695e+00,1.1783053932556981e-01

1.5682830558493224e+05,0,1.5000000000000000e+02,2.1032968597089372e+00,-5.9708197076980632e+01,-1.0426924710030701e+00,2.1917037349458276e+01,1.2831557709159235e+01,2.1726490955918060e-01
1.5682830558493224e+05,1,1.5000000000000000e+02,2.0813394454042928e+00,-5.9654201895971902e+01,-1.0417434362076727e+00,-2.1917704704803633e+01,-1.2832494200157264e+01,-2.1728105028364936e-01

1.5689113745284831e+05,0,1.5000000000000000e+02,2.1113194973543967e+00,-5.9708179199846072e+01,-1.0426946030053210e+00,-1.6735546744061431e+01,4.3121438395069163e+01,7.5767106714927912e-01
1.5689113745284831e+05,1,1.5000000000000000e+02,2.0749679162984469e+00,-5.9702051083308319e+01,-1.0425765787370647e+00,1.6734885966437709e+01,-4.3122399154189466e+01,-7.5768763341477408e-01

1.5695396912178581e+05,0,1.5000000000000000e+02,2.0842704411244832e+00,-5.9749500603571185e+01,-1.0434075209498301e+00,2.1383949178561899e+01,-3.0414615034872611e+01,-5.3732247771488362e-01
1.5695396912178581e+05,1,1.5000000000000000e+02,2.1036581511294701e+00,-5.9708565542283822e+01,-1.0426990117572466e+00,-2.1384599704972182e+01,3.0413621938088447e+01,5.3730534395656926e-01

1.5701680096261765e+05,0,1.5000000000000000e+02,2.1143110049132465e+00,-5.9756741112117261e+01,-1.0435430366318272e+00,-1.4605435783395546e+01,4.0334321837360221e+01,7.0838027431214490e-01
1.5701680096261765e+05,1,1.5000000000000000e+02,2.0752491618673354e+00,-5.9749167235147901e+01,-1.0433989547299269e+00,1.4604799350824383e+01,-4.0335352516369838e+01,-7.0839806826410168e-01

1.5707963307849821e+05,0,1.5000000000000000e+02,2.1166729219646538e+00,-5.9792767463775107e+01,-1.0441725027248203e+00,7.1921579480957298e+00,2.9324663986085213e+01,5.0959498647169554e-01
1.5707963307849821e+05,1,1.5000000000000000e+02,2.0745100135003254e+00,-5.9760991248989740e+01,-1.0436050871001170e+00,-7.1927743573886183e+00,-2.9325739342159672e+01,-5.0961356624579257e-01

1.5714246460624723e+05,0,1.5000000000000000e+02,2.1113707266395805e+00,-5.9826132709368707e+01,-1.0447531913750783e+00,2.1429306035554990e+01,1.2677638901952658e+01,2.1472723498615970e-01
1.5714246460624723e+05,1,1.5000000000000000e+02,2.0814279262637783e+00,-5.9775485511959147e+01,-1.0438601543388295e+00,-2.1429895629472323e+01,-1.2678763991734254e+01,-2.1474669090204096e-01

1.5720529677212986e+05,0,1.5000000000000000e+02,2.1206798998798875e+00,-5.9834821580624748e+01,-1.0449076690103913e+00,-1.1532844335678689e+00,3.1694284095317133e+01,5.5349285607517029e-01
1.5720529677212986e+05,1,1.5000000000000000e+02,2.0737283706106551e+00,-5.9814668687952327e+01,-1.0445416495558555e+00,1.1527298192513982e+00,-3.1695462754357816e+01,-5.5351325755930059e-01

1.5726812825659782e+05,0,1.5000000000000000e+02,2.1162728908366248e+00,-5.9844234815724668e+01,-1.0450706101348013e+00,-3.1829657495647396e+01,3.2335486985899372e+01,5.7402842218668859e-01
1.5726812825659782e+05,1,1.5000000000000000e+02,2.0797418912359409e+00,-5.9853140571992114e+01,-1.0452149084682376e+00,3.1829147468008600e+01,-3.2336721598457480e+01,-5.7404981377690978e-01

1.5733096042304987e+05,0,1.5000000000000000e+02,2.1139544715848344e+00,-5.9896563958698003e+01,-1.0459831733733567e+00,2.5617191635877688e+01,7.8905448946208878e+00,1.2990515697138422e-01
1.5733096042304987e+05,1,1.5000000000000000e+02,2.0836658790876470e+00,-5.9848713192256490e+01,-1.0451388354472704e+00,-2.5617645169052366e+01,-7.8918366435356972e+00,-1.2992756293835422e-01

1.5739379196981012e+05,0,1.5000000000000000e+02,2.1114613969777949e+00,-5.9885747878023864e+01,-1.0457936472915528e+00,-4.9723605022111961e+01,1.6273374362490063e+01,2.9915698970989207e-01
1.5739379196981012e+05,1,1.5000000000000000e+02,2.0877677907884284e+00,-5.9907447641027453e+01,-1.0461651425229317e+00,4.9723219101731850e+01,-1.6274720242050510e+01,-2.9918036098365547e-01

1.5745662418561804e+05,0,1.5000000000000000e+02,2.1210846366950071e+00,-5.9913161175351014e+01,-1.0462750068754920e+00,-2.9435640660724630e+01,2.4892545021191459e+01,4.4340187764431138e-01
1.5745662418561804e+05,1,1.5000000000000000e+02,2.0797604291306455e+00,-5.9927972058011406e+01,-1.0465209037059182e+00,2.9435336065815008e+01,-2.4893940492201367e+01,-4.4342613918248674e-01

1.5751945603803912e+05,0,1.5000000000000000e+02,2.1245508219378881e+00,-5.9937400294501778e+01,-1.0466990937699652e+00,-2.3698941996066861e+01,2.4148308600787075e+01,4.2866557396916244e-01
1.5751945603803912e+05,1,1.5000000000000000e+02,2.0779225367628267e+00,-5.9951688811973398e+01,-1.0469342582742363e+00,2.3698731775434776e+01,-2.4149744987971481e+01,-4.2869057834293650e-01

1.5758228765089932e+05,0,1.5000000000000000e+02,2.1207394379608737e+00,-5.9955896877326808e+01,-1.0470207426081966e+00,-3.3466446784628552e+01,1.6566190231583079e+01,2.9931486591708589e-01
1.5758228765089932e+05,1,1.5000000000000000e+02,2.0833800473957882e+00,-5.9981165474497622e+01,-1.0474503595363600e+00,3.3466343224960447e+01,-1.6567655019726239e+01,-2.9934039844836469e-01

1.5764511949087799e+05,0,1.5000000000000000e+02,2.0998480227943488e+00,-6.0005005565488645e+01,-1.0478714432107918e+00,4.9291662631446997e+01,-3.8399132856443458e+01,-6.8517313575610705e-01
1.5764511949087799e+05,1,1.5000000000000000e+02,2.1059412062023641e+00,-5.9980045727583892e+01,-1.0474376901592994e+00,-4.9291647902326247e+01,3.8397656320335514e+01,6.8514736215986760e-01

1.5770795156762900e+05,0,1.5000000000000000e+02,2.1282818593348449e+00,-6.0003464466541381e+01,-1.0478532092371600e+00,-1.9899426828424879e+01,1.9249709526301451e+01,3.4201577461512961e-01
1.5770795156762900e+05,1,1.5000000000000000e+02,2.0792066528674216e+00,-6.0029587418764031e+01,-1.0482941676938895e+00,1.9899566941042330e+01,-1.9251177201732467e+01,-3.4204143176701468e-01

1.5777078318089907e+05,0,1.5000000000000000e+02,2.1238577301385231e+00,-6.0050775316266908e+01,-1.0486775497088054e+00,3.2986827763242800e+01,2.0481510640451450e+01,3.4740277490852961e-01
1.5777078318089907e+05,1,1.5000000000000000e+02,2.0853648467299908e+00,-6.0030281799611707e+01,-1.0483081623279489e+00,-3.2986557693218643e+01,-2.0482944745691977e+01,-3.4742788576939171e-01

1.5783361496019663e+05,0,1.5000000000000000e+02,2.1009164533444360e+00,-6.0073354684649445e+01,-1.0490646253892313e+00,5.9041688957915625e+01,-4.6048086745159409e+01,-8.2163596666987992e-01
1.5783361496019663e+05,1,1.5000000000000000e+02,2.1100792745001771e+00,-6.0055705239307265e+01,-1.0487593913926037e+00,-5.9041291962023038e+01,4.6046713911277820e+01,8.2161188647603456e-01

1.5789644692632576e+05,0,1.5000000000000000e+02,2.1157054694935380e+00,-6.0099084996937876e+01,-1.0495181865135408e+00,5.6396230106300976e+01,1.4681399083232080e+01,2.3904559639429668e-01
1.5789644692632576e+05,1,1.5000000000000000e+02,2.0971049799438459e+00,-6.0077965411416301e+01,-1.0491439326021108e+00,-5.6395713602043102e+01,-1.4682681973626885e+01,-2.3906814326443293e-01

1.5795927890466992e+05,0,1.5000000000000000e+02,2.1299769289022814e+00,-6.0097236802709112e+01,-1.0494902786741021e+00,-6.9209304870526829e+00,2.7666573734527603e+01,4.8495663263304933e-01
1.5795927890466992e+05,1,1.5000000000000000e+02,2.0846895729691433e+00,-6.0127780026107992e+01,-1.0500095354038661e+00,6.9215489390421148e+00,-2.7667737373915671e+01,-4.8497712934267267e-01

1.5802211060439618e+05,0,1.5000000000000000e+02,2.1054254537195871e+00,-6.0110355804371466e+01,-1.0497117576770383e+00,-2.6393620603662054e+01,-1.4998802786846241e+01,-2.5372483694048398e-01
1.5802211060439618e+05,1,1.5000000000000000e+02,2.1111346690884663e+00,-6.0162590659039296e+01,-1.0506251208056250e+00,2.6394315212789682e+01,1.4997784495892219e+01,2.5370685371085711e-01

1.5808494236589750e+05,0,1.5000000000000000e+02,2.1266355257355496e+00,-6.0144885471650255e+01,-1.0503208447826418e+00,-8.0504018544861431e+00,3.4903444767904801e+01,6.1160152136747503e-01
1.5808494236589750e+05,1,1.5000000000000000e+02,2.0918484350327904e+00,-6.0175941885640043e+01,-1.0508522566494831e+00,8.0511386517404482e+00,-3.4904295319536033e+01,-6.1161658999387680e-01

1.5814777431453651e+05,0,1.5000000000000000e+02,2.1201078384121712e+00,-6.0189348434047638e+01,-1.0510948419555721e+00,4.9231800291644731e+01,4.8971899588701284e+01,8.3967986913838155e-01
1.5814777431453651e+05,1,1.5000000000000000e+02,2.1003183577907993e+00,-6.0179300096513813e+01,-1.0509134457579596e+00,-4.9231063903996045e+01,-4.8972570286989075e+01,-8.3969179876639144e-01

1.5821060608673043e+05,0,1.5000000000000000e+02,2.1115039018277462e+00,-6.0217849291418005e+01,-1.0515896294881952e+00,7.5465257325355410e+01,1.1663710488839413e+01,1.8057061538925667e-01
1.5821060608673043e+05,1,1.5000000000000000e+02,2.1108663998070565e+00,-6.0198552290887115e+01,-1.0512526561878663e+00,-7.5464569266596854e+01,-1.1664199949738190e+01,-1.8057936726601043e-01

1.5827343811224896e+05,0,1.5000000000000000e+02,2.1162841722951478e+00,-6.0210939186775150e+01,-1.0514704877911085e+00,-2.9586410788442091e+01,2.6036194632605984e+01,4.6340724502081454e-01
1.5827343811224896e+05,1,1.5000000000000000e+02,2.1080124120720356e+00,-6.0253144083377542e+01,-1.0522045449497990e+00,2.9587000801412248e+01,-2.6036514452671724e+01,-4.6341300638888827e-01

1.5833627014700463e+05,0,1.5000000000000000e+02,2.0865111956494720e+00,-6.0246907704749383e+01,-1.0520891551889635e+00,-1.0401254003094174e+00,-2.7191662765656446e+01,-4.7424309379994167e-01
1.5833627014700463e+05,1,1.5000000000000000e+02,2.1396712464025969e+00,-6.0264788592478290e+01,-1.0524174140097351e+00,1.0405689228284452e+00,2.7191483200395211e+01,4.7423982484136806e-01

1.5839910166498550e+05,0,1.5000000000000000e+02,2.1227326938436684e+00,-6.0272607559411547e+01,-1.0525487137907152e+00,-2.3698977357786681e+01,6.4775871469067582e+01,1.1377143243686130e+00
1.5839910166498550e+05,1,1.5000000000000000e+02,2.1052722828973773e+00,-6.0286643625131553e+01,-1.0527883578986890e+00,2.3699232881964740e+01,-6.4775955024114396e+01,-1.1377158604474065e+00

1.5846193373420808e+05,0,1.5000000000000000e+02,2.1100736013877137e+00,-6.0319269726792832e+01,-1.0533592245550176e+00,4.9527144965428803e+01,1.1437607802242999e+01,1.8452618193831255e-01
1.5846193373420808e+05,1,1.5000000000000000e+02,2.1196706432839125e+00,-6.0287497260088131e+01,-1.0528076421274095e+00,-4.9527104439303756e+01,-1.1437653708506042e+01,-1.8452699545947998e-01

1.5852476564294100e+05,0,1.5000000000000000e+02,2.1119292952869424e+00,-6.0345691524885218e+01,-1.0538209138429200e+00,4.2466325983515645e+01,1.4905354224181099e+01,2.4719765970798152e-01
1.5852476564294100e+05,1,1.5000000000000000e+02,2.1194561265742089e+00,-6.0308579059383852e+01,-1.0531755049316789e+00,-4.2466509692461500e+01,-1.4905431693983360e+01,-2.4719895577940471e-01

1.5858759727260727e+05,0,1.5000000000000000e+02,2.1247099642204925e+00,-6.0362738680522909e+01,-1.0541223211692321e+00,2.6618527825478061e+01,5.0512049551880736e+01,8.7344793916161700e-01
1.5858759727260727e+05,1,1.5000000000000000e+02,2.1082132162429135e+00,-6.0339056585467901e+01,-1.0537039861688406e+00,-2.6618920937580562e+01,-5.0512231621842261e+01,-8.7345099696648809e-01

1.5865042937318509e+05,0,1.5000000000000000e+02,2.0943969921497851e+00,-6.0389399428959841e+01,-1.0545783810843956e+00,6.1632490671738793e+00,-2.8144549789128384e+01,-4.9306765031256850e-01
1.5865042937318509e+05,1,1.5000000000000000e+02,2.1399668784576922e+00,-6.0359978242812176e+01,-1.0540787926728183e+00,-6.1638115497471020e+00,2.8144194151033574e+01,4.9306161492191924e-01

1.5871326107889239e+05,0,1.5000000000000000e+02,2.1317246602496653e+00,-6.0411302563310848e+01,-1.0549720147484831e+00,9.3087314984755949e+00,4.4220490679233244e+01,7.6891823015519534e-01
1.5871326107889239e+05,1,1.5000000000000000e+02,2.1040038263209193e+00,-6.0385750083698632e+01,-1.0545176178106965e+00,-9.3093972258217015e+00,-4.4221072677582264e+01,-7.6892818462517964e-01

1.5877609283238158e+05,0,1.5000000000000000e+02,2.1258282429079109e+00,-6.0450466360379764e+01,-1.0556537210341519e+00,2.3481587687552079e+01,1.0052919353883883e+01,1.6829437013949194e-01
1.5877609283238158e+05,1,1.5000000000000000e+02,2.1112231994404564e+00,-6.0394381835541012e+01,-1.0546704619351428e+00,-2.3482271924265781e+01,-1.0053758169844915e+01,-1.6830880105638751e-01

1.5883892460875894e+05,0,1.5000000000000000e+02,2.1326480381173964e+00,-6.0472411734808269e+01,-1.0560387981850814e+00,2.2241322042211024e+01,1.1375382887139992e+01,1.9175236694432662e-01
1.5883892460875894e+05,1,1.5000000000000000e+02,2.1057309433928313e+00,-6.0420367279911005e+01,-1.0551222973727705e+00,-2.2241929181508922e+01,-1.1376475167544420e+01,-1.9177124491177588e-01

1.5890175676022982e+05,0,1.5000000000000000e+02,2.1421479229842602e+00,-6.0468548820505745e+01,-1.0559742750280927e+00,-2.1319172166808848e+01,3.1073808366520705e+01,5.4880725444410128e-01
1.5890175676022982e+05,1,1.5000000000000000e+02,2.0976157078252449e+00,-6.0472292913494428e+01,-1.0560260524825755e+00,2.1318734801361110e+01,-3.1075113589108984e+01,-5.4882990048387181e-01

1.5896458836532960e+05,0,1.5000000000000000e+02,2.1140111359473628e+00,-6.0505425482808505e+01,-1.0566092901513187e+00,3.5782172364796722e+01,-5.1516018733649034e+01,-9.0997892396622193e-01
1.5896458836532960e+05,1,1.5000000000000000e+02,2.1272460309416439e+00,-6.0483584055656117e+01,-1.0562321364720542e+00,-3.5782364479993120e+01,5.1514576916099813e+01,9.0995381930452401e-01

1.5902742018542872e+05,0,1.5000000000000000e+02,2.1454905659396237e+00,-6.0506003518821103e+01,-1.0566289679560545e+00,-2.1352111065080123e+01,1.9235562918778342e+01,3.4221141768800906e-01
1.5902742018542872e+05,1,1.5000000000000000e+02,2.0974090729513439e+00,-6.0531232579287192e+01,-1.0570546285683742e+00,2.1352204730001731e+01,-1.9237036013981680e+01,-3.4223715527797488e-01

1.5909025218871338e+05,0,1.5000000000000000e+02,2.1471606036664088e+00,-6.0527235867877906e+01,-1.0570000322994657e+00,-1.4326751899758730e+01,2.0552591824895714e+01,3.6305658587039297e-01
1.5909025218871338e+05,1,1.5000000000000000e+02,2.0975502564450248e+00,-6.0558221155341293e+01,-1.0575256871855663e+00,1.4327128061974758e+01,-2.0553976917332577e+01,-3.6308087365817648e-01

1.5915308387175418e+05,0,1.5000000000000000e+02,2.1415813549374123e+00,-6.0543932975188007e+01,-1.0572897373881014e+00,-1.8904863933449146e+01,1.6417084236802985e+01,2.9227667019868631e-01
1.5915308387175418e+05,1,1.5000000000000000e+02,2.1051002747042395e+00,-6.0589666529841153e+01,-1.0580767846341537e+00,1.8905467282644718e+01,-1.6418268491816264e+01,-2.9229752209860616e-01

1.5921591587960284e+05,0,1.5000000000000000e+02,2.1118403445294245e+00,-6.0572371351496940e+01,-1.0577769953992564e+00,-1.6618373529426499e+01,-3.3914974374260140e+01,-5.8683541359400981e-01
1.5921591587960284e+05,1,1.5000000000000000e+02,2.1369305903924829e+00,-6.0609226456826129e+01,-1.0584278489911487e+00,1.6619101947794427e+01,3.3914074426935457e+01,5.8681948544735085e-01

1.5927874772807921e+05,0,1.5000000000000000e+02,2.1359331571392053e+00,-6.0594042184008892e+01,-1.0581625430350783e+00,-2.0309668786040827e+01,2.9779416834193633e+01,5.2590947938806865e-01
1.5927874772807921e+05,1,1.5000000000000000e+02,2.1149745448099275e+00,-6.0635363424628466e+01,-1.0588773134377945e+00,2.0310387667161169e+01,-2.9779997656500292e+01,-5.2591983512967133e-01

1.5934157961487098e+05,0,1.5000000000000000e+02,2.1194782852773737e+00,-6.0648956211645384e+01,-1.0591159122668556e+00,6.2345995241412041e+01,-1.1392310645461464e+01,-2.1781587727883733e-01
1.5934157961487098e+05,1,1.5000000000000000e+02,2.1335239121147360e+00,-6.0628055865807660e+01,-1.0587554296967787e+00,-6.2345428205366957e+01,1.1392017867220929e+01,2.1781059485619381e-01

1.5940441154745611e+05,0,1.5000000000000000e+02,2.1153492878956373e+00,-6.0674953840017530e+01,-1.0595683756098502e+00,4.6951108142377016e+01,-1.1040952056055623e+01,-2.0699403518813450e-01
1.5940441154745611e+05,1,1.5000000000000000e+02,2.1396135909462468e+00,-6.0649495720897633e+01,-1.0591314618730381e+00,-4.6950812453989379e+01,1.1040853498513425e+01,2.0699222504556333e-01

1.5946724316122595e+05,0,1.5000000000000000e+02,2.1284706329512817e+00,-6.0700855852501213e+01,-1.0600244252505604e+00,4.8704654765356182e+01,2.6481977342800455e+01,4.4733719130144972e-01
1.5946724316122595e+05,1,1.5000000000000000e+02,2.1282476218572848e+00,-6.0670937646661017e+01,-1.0595022126259210e+00,-4.8704696953884152e+01,-2.6482026842153729e+01,-4.4733804233221514e-01

1.5953007532978844e+05,0,1.5000000000000000e+02,2.1024022214696654e+00,-6.0716235365525939e+01,-1.0602848934679474e+00,-2.2146832502871696e+00,-2.7936478166705431e+01,-4.8688410592839337e-01
1.5953007532978844e+05,1,1.5000000000000000e+02,2.1558359388512249e+00,-6.0702915503027178e+01,-1.0600687074825286e+00,2.2143117106721029e+00,2.7936310764436019e+01,4.8688129753919118e-01

1.5959290685609472e+05,0,1.5000000000000000e+02,2.1390908182741120e+00,-6.0751334787955670e+01,-1.0609086394064720e+00,2.2216413756741449e+01,3.5559469402741271e+01,6.1383046195421032e-01
1.5959290685609472e+05,1,1.5000000000000000e+02,2.1204577973219449e+00,-6.0715302429265094e+01,-1.0602741118064947e+00,-2.2217022232728748e+01,-3.5559902459169649e+01,-6.1383783446917062e-01

1.5965573874335721e+05,0,1.5000000000000000e+02,2.1401587991762385e+00,-6.0783134363306331e+01,-1.0614639438633084e+00,2.1744976618802117e+01,1.7059659212373624e+01,2.9110787081102935e-01
1.5965573874335721e+05,1,1.5000000000000000e+02,2.1205740732077256e+00,-6.0731213118938804e+01,-1.0605518270520373e+00,-2.1745664231487350e+01,-1.7060448112807450e+01,-2.9112142955281378e-01

1.5971857059391562e+05,0,1.5000000000000000e+02,2.1532139299651991e+00,-6.0796310912731634e+01,-1.0616978833902884e+00,6.6946393998775910e+00,2.8314119607750357e+01,4.9211011578715230e-01
1.5971857059391562e+05,1,1.5000000000000000e+02,2.1087043424300433e+00,-6.0766014570017290e+01,-1.0611555802187893e+00,-6.6952163847231994e+00,-2.8315263515860330e+01,-4.9212990396800610e-01

1.5978140251573571e+05,0,1.5000000000000000e+02,2.1301098869425319e+00,-6.0794324047023878e+01,-1.0616561695539508e+00,-6.2600167758330251e+01,-3.0404053358577372e+01,-5.1155382550707129e-01
1.5978140251573571e+05,1,1.5000000000000000e+02,2.1331352494276810e+00,-6.0816219832675863e+01,-1.0620392253293212e+00,6.2599872125948956e+01,3.0402654566270215e+01,5.1152950327464231e-01

1.5984423446900386e+05,0,1.5000000000000000e+02,2.1615928065737124e+00,-6.0828093003693304e+01,-1.0622551098446402e+00,-2.7727599229503497e-01,2.5056048441408109e+01,4.3737280843984022e-01
1.5984423446900386e+05,1,1.5000000000000000e+02,2.1032339291721480e+00,-6.0830808410669327e+01,-1.0622847221964538e+00,2.7736023332353810e-01,-2.5057522053731297e+01,-4.3739855218373230e-01

1.5990706630433045e+05,0,1.5000000000000000e+02,2.1547195105680381e+00,-6.0857786147025294e+01,-1.0627712328187255e+00,2.5465637032658332e+01,2.9272299185507702e+01,5.0311439167368666e-01
1.5990706630433045e+05,1,1.5000000000000000e+02,2.1119901710127267e+00,-6.0849457575818732e+01,-1.0626128624461615e+00,-2.5465183099052712e+01,-2.9273633542116773e+01,-5.0313781769067911e-01

1.5996989799617755e+05,0,1.5000000000000000e+02,2.1503436741433259e+00,-6.0879935248604404e+01,-1.0631564549153438e+00,3.1649389275403223e+01,4.1504740261813623e+01,7.1471615061660076e-01
1.5996989799617755e+05,1,1.5000000000000000e+02,2.1185056207351702e+00,-6.0875470965265009e+01,-1.0630688435093592e+00,-3.1648693416430419e+01,-4.1505753351710197e+01,-7.1473404345457736e-01

1.6003273008028249e+05,0,1.5000000000000000e+02,2.1355090413419395e+00,-6.0873137616074295e+01,-1.0630333007503103e+00,-2.5677105199597108e+01,5.6574347448815487e+00,1.0655794169962807e-01
1.6003273008028249e+05,1,1.5000000000000000e+02,2.1356033817600015e+00,-6.0930130414297444e+01,-1.0640279909679518e+00,2.5677829527648683e+01,-5.6580392199274812e+00,-1.0656871189792116e-01

1.6009556194595381e+05,0,1.5000000000000000e+02,2.1206704614911223e+00,-6.0932786416935350e+01,-1.0640697955495277e+00,3.9525276064480039e+01,-2.7486864077542087e+01,-4.9175262317443957e-01
1.6009556194595381e+05,1,1.5000000000000000e+02,2.1526398205776700e+00,-6.0918012134764503e+01,-1.0638216876910351e+00,-3.9524757715425096e+01,2.7486621982547383e+01,4.9174824012771456e-01

1.6015839355476017e+05,0,1.5000000000000000e+02,2.1095831218137993e+00,-6.0941544249441741e+01,-1.0642192632380916e+00,-9.2145555401487442e+00,-2.3614861766697128e+01,-4.0932910862961214e-01
1.6015839355476017e+05,1,1.5000000000000000e+02,2.1656770460748151e+00,-6.0956538104258591e+01,-1.0644980301414892e+00,9.2146921136951576e+00,2.3614806903172767e+01,4.0932810952429521e-01

1.6022122534203110e+05,0,1.5000000000000000e+02,2.1111151095955893e+00,-6.0975772885753287e+01,-1.0648171020062673e+00,-5.8269135078493157e+00,-2.7444941292865352e+01,-4.7720520043210263e-01
1.6022122534203110e+05,1,1.5000000000000000e+02,2.1657385329338812e+00,-6.0969528989403173e+01,-1.0647247710815697e+00,5.8266226229755667e+00,2.7444820395027996e+01,4.7720317908670823e-01

1.6028405722099496e+05,0,1.5000000000000000e+02,2.1280623937015677e+00,-6.1023231324365064e+01,-1.0656505286771971e+00,2.4263733092982172e+01,-7.1759307125301746e+00,-1.3262879084495582e-01
1.6028405722099496e+05,1,1.5000000000000000e+02,2.1500449154935182e+00,-6.0969448808453279e+01,-1.0647185909498953e+00,-2.4264338635611033e+01,7.1755026993916999e+00,1.3262150545365503e-01

1.6034688917324215e+05,0,1.5000000000000000e+02,2.1392148426021094e+00,-6.1010748313515386e+01,-1.0654360675119099e+00,-7.7123118044442379e+01,-5.9793208193740170e+00,-8.0859297640503369e-02
1.6034688917324215e+05,1,1.5000000000000000e+02,2.1399576439099657e+00,-6.1029649274878459e+01,-1.0657661610533469e+00,7.7122439102759330e+01,5.9784515728977894e+00,8.0844334025413245e-02

1.6040972094759528e+05,0,1.5000000000000000e+02,2.1651017389558054e+00,-6.1056241054798463e+01,-1.0662379113301179e+00,3.9286601558239305e+00,2.7415687849795283e+01,4.7727292788740572e-01
1.6040972094759528e+05,1,1.5000000000000000e+02,2.1151882644868341e+00,-6.1032271505015366e+01,-1.0658043797185117e+00,-3.9291315332463235e+00,-2.7416961328426090e+01,-4.7729500955708537e-01

1.6047255300427950e+05,0,1.5000000000000000e+02,2.1683204416048700e+00,-6.1063414541262922e+01,-1.0663640864546675e+00,-1.2198851409887936e+01,2.4378432295108556e+01,4.2917848020140731e-01
1.6047255300427950e+05,1,1.5000000000000000e+02,2.1133782735803446e+00,-6.1073508193014213e+01,-1.0665235077751831e+00,1.2198798172872031e+01,-2.4379903493075194e+01,-4.2920413992869283e-01

1.6053538489805060e+05,0,1.5000000000000000e+02,2.1444800507714121e+00,-6.1071772221484572e+01,-1.0665026855192934e+00,-3.6977834879864048e+01,-1.5638171108255815e+01,-2.6165905281372004e-01
1.6053538489805060e+05,1,1.5000000000000000e+02,2.1390517818815824e+00,-6.1113616692916153e+01,-1.0672313186124449e+00,3.6978239792980816e+01,1.5636803562978034e+01,2.6163506250802560e-01

1.6059821648797014e+05,0,1.5000000000000000e+02,2.1591035679277355e+00,-6.1118204623290310e+01,-1.0673174974660056e+00,2.9150727907112596e+01,4.2546594503967903e+01,7.3366018877148687e-01
1.6059821648797014e+05,1,1.5000000000000000e+02,2.1266402860441227e+00,-6.1115423443605607e+01,-1.0672590698039104e+00,-2.9150025264470983e+01,-4.2547588107820637e+01,-7.3367774359777860e-01

1.6066104844554758e+05,0,1.5000000000000000e+02,2.1251189113620867e+00,-6.1137503704601400e+01,-1.0676439600259571e+00,1.5935738726539736e+01,-4.1316076373619211e+01,-7.2591950754657653e-01
1.6066104844554758e+05,1,1.5000000000000000e+02,2.1629934417204533e+00,-6.1143936012063108e+01,-1.0677677570983044e+00,-1.5935042945307661e+01,4.1315566778675517e+01,7.2591040193106782e-01

1.6072388022696160e+05,0,1.5000000000000000e+02,2.1209713329284123e+00,-6.1167249665559524e+01,-1.0681618351236719e+00,1.8726958662672871e+01,-2.8023743372685619e+01,-4.9478660698526855e-01
1.6072388022696160e+05,1,1.5000000000000000e+02,2.1693515395697727e+00,-6.1161559261596977e+01,-1.0680772620838368e+00,-1.8726584316890950e+01,2.8023606625177610e+01,4.9478410637457260e-01

1.6078671218119821e+05,0,1.5000000000000000e+02,2.1543327561921100e+00,-6.1194996372383699e+01,-1.0686562448999097e+00,2.7816115201985831e+01,6.4703581979876887e+01,1.1207595065191804e+00
1.6078671218119821e+05,1,1.5000000000000000e+02,2.1377816386704649e+00,-6.1180939623079233e+01,-1.0684058787828832e+00,-2.7816235102522498e+01,-6.4703644147641839e+01,-1.1207605549700190e+00

1.6084954426188092e+05,0,1.5000000000000000e+02,2.1283628938700154e+00,-6.1234200828320503e+01,-1.0693325457024510e+00,1.8787385935934495e+01,-1.6688032726973631e+01,-2.9696958570430565e-01
1.6084954426188092e+05,1,1.5000000000000000e+02,2.1650534389572487e+00,-6.1188956899263907e+01,-1.0685541074111857e+00,-1.8787933061743765e+01,1.6687697192411150e+01,2.9696389649189714e-01

1.6091237588124329e+05,0,1.5000000000000000e+02,2.1326917836204835e+00,-6.1237680587787686e+01,-1.0693945945828121e+00,-1.8080400719975657e+01,-5.3224712726319481e+01,-9.2339143387973066e-01
1.6091237588124329e+05,1,1.5000000000000000e+02,2.1617146617968865e+00,-6.1233105998521971e+01,-1.0693235983153662e+00,1.8079716511005785e+01,5.3223881193051469e+01,9.2337713005626387e-01

1.6097520770180365e+05,0,1.5000000000000000e+02,2.1369485996815829e+00,-6.1263492988308698e+01,-1.0698463798356794e+00,5.8208444853550390e-01,-6.7638585921805941e+01,-1.1806334142595114e+00
1.6097520770180365e+05,1,1.5000000000000000e+02,2.1584918441262348e+00,-6.1255448581445265e+01,-1.0697125483587111e+00,-5.8253111008040293e-01,6.7637290112079000e+01,1.1806109353299572e+00

1.6103803972784043e+05,0,1.5000000000000000e+02,2.1740034270415012e+00,-6.1292862832773515e+01,-1.0703702423940831e+00,1.8150919533580058e+01,2.2112391021910554e+01,3.8038506801395539e-01
1.6103803972784043e+05,1,1.5000000000000000e+02,2.1228723411242854e+00,-6.1274599760654247e+01,-1.0700359316254688e+00,-1.8150868098888871e+01,-2.2113866095550684e+01,-3.8041082726630332e-01

1.6110087146246049e+05,0,1.5000000000000000e+02,2.1470290560732597e+00,-6.1287010306009762e+01,-1.0702598844056606e+00,-3.2096120918512533e+01,-2.4017852733193852e+01,-4.0939179303555667e-01
1.6110087146246049e+05,1,1.5000000000000000e+02,2.1518401876924216e+00,-6.1328961571691949e+01,-1.0709935005738027e+00,3.2096662026900439e+01,2.4016595659776922e+01,4.0936968924095313e-01

1.6116370321442842e+05,0,1.5000000000000000e+02,2.1484500889430365e+00,-6.1303045510353734e+01,-1.0705401701684518e+00,-2.4953690250214343e+01,-3.4791311863459029e+00,-5.3117496352011406e-02