orb:1,1,3.65777,1.09825,4.72139,0,0,-2.64086ptc:429.066,0,1,-43.8616,0.216078,-24.0023,-0.177492,0.000735609,-0.0817127
429.066,1,1,43.8616,-0.216078,24.0023,0.177492,-0.000735609,0.0817127

orb:1,1,3.21697,1.08688,1.45223,0,0,-2.66916ptc:428.152,0,1,-44.5232,2.69135,22.5929,-0.1794,0.00915968,0.0768922
428.152,1,1,44.5232,-2.69135,-22.5929,0.1794,-0.00915968,-0.0768922

orb:1,1,4.47421,1.11901,1.29791,0,0,-2.59378ptc:430.702,0,1,-42.6833,7.01838,25.0774,-0.174106,0.023906,0.0854185
430.702,1,1,42.6833,-7.01838,-25.0774,0.174106,-0.023906,-0.0854185

orb:1,1,5.57543,1.1464,3.19286,0,0,-2.53863ptc:432.795,0,1,-41.183,-28.317,-1.45306,-0.169822,-0.0965233,-0.00495302
432.795,1,1,41.183,28.317,1.45306,0.169822,0.0965233,0.00495302

orb:1,1,4.46798,1.11885,6.18645,0,0,-2.59412ptc:430.689,0,1,-42.6921,25.9049,-2.5138,-0.174131,0.0882369,-0.00856246
430.689,1,1,42.6921,-25.9049,2.5138,0.174131,-0.0882369,0.00856246

orb:1,1,5.26498,1.13875,3.85999,0,0,-2.55336ptc:432.217,0,1,-41.5962,-20.8878,-18.2608,-0.170999,-0.071185,-0.0622324
432.217,1,1,41.5962,20.8878,18.2608,0.170999,0.071185,0.0622324

orb:1,1,3.05761,1.08274,5.93008,0,0,-2.67999ptc:427.816,0,1,-44.7671,20.8951,-7.701,-0.180105,0.0711065,-0.0262067
427.816,1,1,44.7671,-20.8951,7.701,0.180105,-0.0711065,0.0262067

orb:1,1,0.170326,1.00479,4.60763,0,0,-3.02786ptc:421.131,0,1,-49.677,-0.593374,-5.64335,-0.194446,-0.00201545,-0.0191681
421.131,1,1,49.677,0.593374,5.64335,0.194446,0.00201545,0.0191681

orb:1,1,1.69632,1.04671,3.62681,0,0,-2.79099ptc:424.811,0,1,-46.9583,-15.1909,-8.00963,-0.186471,-0.0516488,-0.0272326
424.811,1,1,46.9583,15.1909,8.00963,0.186471,0.0516488,0.0272326

orb:1,1,3.8057,1.10204,3.53104,0,0,-2.63186ptc:429.368,0,1,-43.6437,-22.5704,-9.26304,-0.176864,-0.0768456,-0.0315379
429.368,1,1,43.6437,22.5704,9.26304,0.176864,0.0768456,0.0315379

orb:1,1,2.42153,1.06606,5.32078,0,0,-2.7271ptc:426.442,0,1,-45.766,11.5089,-16.5233,-0.183,0.0391487,-0.0562057
426.442,1,1,45.766,-11.5089,16.5233,0.183,-0.0391487,0.0562057

orb:1,1,4.61569,1.12256,2.06642,0,0,-2.58622ptc:430.977,0,1,-42.4851,-12.5379,23.191,-0.173538,-0.0427105,0.0790004
430.977,1,1,42.4851,12.5379,-23.191,0.173538,0.0427105,-0.0790004

orb:1,1,0.671871,1.01876,0.609278,0,0,-2.91748ptc:422.38,0,1,-48.7496,9.11244,6.35906,-0.191717,0.0309613,0.0216062
422.38,1,1,48.7496,-9.11244,-6.35906,0.191717,-0.0309613,-0.0216062

orb:1,1,0.718827,1.02006,5.82588,0,0,-2.90995ptc:422.495,0,1,-48.6646,10.2992,-5.06818,-0.191467,0.0349946,-0.0172207
422.495,1,1,48.6646,-10.2992,5.06818,0.191467,-0.0349946,0.0172207

orb:1,1,5.04635,1.13332,3.01446,0,0,-2.5641ptc:431.804,0,1,-41.8917,-27.0759,3.46097,-0.171842,-0.0922607,0.0117932
431.804,1,1,41.8917,27.0759,-3.46097,0.171842,0.0922607,-0.0117932

orb:1,1,1.58068,1.04359,4.74828,0,0,-2.80257ptc:424.544,0,1,-47.154,0.596745,-16.6176,-0.187043,0.00202877,-0.0564952
424.544,1,1,47.154,-0.596745,16.6176,0.187043,-0.00202877,0.0564952

orb:1,1,2.75182,1.07475,4.71275,0,0,-2.7018ptc:427.161,0,1,-45.2421,0.00770977,-21.2875,-0.18148,2.62313e-05,-0.0724272
427.161,1,1,45.2421,-0.00770977,21.2875,0.18148,-2.62313e-05,0.0724272

orb:1,1,0.927848,1.02581,5.82778,0,0,-2.87927ptc:423.002,0,1,-48.2895,11.6448,-5.70282,-0.190366,0.039572,-0.0193797
423.002,1,1,48.2895,-11.6448,5.70282,0.190366,-0.039572,0.0193797

orb:1,1,2.28249,1.06238,2.76679,0,0,-2.73837ptc:426.134,0,1,-45.99,-18.2573,7.18243,-0.183651,-0.0620984,0.0244295
426.134,1,1,45.99,18.2573,-7.18243,0.183651,0.0620984,-0.0244295

orb:1,1,0.37278,1.01045,3.3238,0,0,-2.97387ptc:421.64,0,1,-49.2984,-8.20848,-1.51241,-0.193331,-0.0278845,-0.0051377
421.64,1,1,49.2984,8.20848,1.51241,0.193331,0.0278845,0.0051377

orb:1,1,0.355033,1.00996,5.88826,0,0,-2.97787ptc:421.596,0,1,-49.3314,7.52233,-3.13548,-0.193428,0.0255533,-0.0106512
421.596,1,1,49.3314,-7.52233,3.13548,0.193428,-0.0255533,0.0106512

orb:1,1,2.59015,1.07051,4.57973,0,0,-2.71394ptc:426.811,0,1,-45.4971,-2.74297,-20.5546,-0.18222,-0.00933152,-0.0699264
426.811,1,1,45.4971,2.74297,20.5546,0.18222,0.00933152,0.0699264

orb:1,1,1.92297,1.0528,1.95216,0,0,-2.76955ptc:425.328,0,1,-46.5793,-6.76487,16.8703,-0.185366,-0.0230039,0.0573674
425.328,1,1,46.5793,6.76487,-16.8703,0.185366,0.0230039,-0.0573674

orb:1,1,5.21641,1.13754,4.73963,0,0,-2.55572ptc:432.126,0,1,-41.6615,0.753128,-27.636,-0.171185,0.00256656,-0.0941798
432.126,1,1,41.6615,-0.753128,27.636,0.171185,-0.00256656,0.0941798

orb:1,1,3.63912,1.09777,2.86227,0,0,-2.64201ptc:429.028,0,1,-43.8892,-23.0244,6.60384,-0.177571,-0.0783826,0.0224816
429.028,1,1,43.8892,23.0244,-6.60384,0.177571,0.0783826,-0.0224816

orb:1,1,4.10096,1.10957,3.64017,0,0,-2.61454ptc:429.963,0,1,-43.2147,-22.0878,-12.0259,-0.17563,-0.0752169,-0.0409525
429.963,1,1,43.2147,22.0878,12.0259,0.17563,0.0752169,0.0409525

orb:1,1,2.17032,1.0594,3.98926,0,0,-2.74776ptc:425.885,0,1,-46.1723,-12.6962,-14.3848,-0.184181,-0.0431804,-0.0489232
425.885,1,1,46.1723,12.6962,14.3848,0.184181,0.0431804,0.0489232

orb:1,1,3.64522,1.09793,0.4215,0,0,-2.64164ptc:429.041,0,1,-43.8802,21.8714,9.80655,-0.177545,0.0744578,0.0333848
429.041,1,1,43.8802,-21.8714,-9.80655,0.177545,-0.0744578,-0.0333848

orb:1,1,4.25678,1.11352,1.09698,0,0,-2.60573ptc:430.273,0,1,-42.9914,11.6485,22.7168,-0.174989,0.0396715,0.0773668
430.273,1,1,42.9914,-11.6485,-22.7168,0.174989,-0.0396715,-0.0773668

orb:1,1,3.93142,1.10525,5.55693,0,0,-2.62438ptc:429.623,0,1,-43.46,18.4844,-16.418,-0.176336,0.0629392,-0.0559028
429.623,1,1,43.46,-18.4844,16.418,0.176336,-0.0629392,0.0559028

orb:1,1,2.62074,1.07131,3.69337,0,0,-2.71161ptc:426.877,0,1,-45.4486,-17.7496,-10.9259,-0.182079,-0.0603851,-0.0371703
426.877,1,1,45.4486,17.7496,10.9259,0.182079,0.0603851,0.0371703

orb:1,1,1.73481,1.04775,3.74724,0,0,-2.78724ptc:424.899,0,1,-46.8935,-14.2635,-9.8768,-0.186282,-0.0484969,-0.0335818
424.899,1,1,46.8935,14.2635,9.8768,0.186282,0.0484969,0.0335818

orb:1,1,4.50597,1.1198,5.51013,0,0,-2.59207ptc:430.764,0,1,-42.6387,18.692,-18.236,-0.173978,0.06367,-0.0621168
430.764,1,1,42.6387,-18.692,18.236,0.173978,-0.06367,0.0621168

orb:1,1,5.25666,1.13854,4.96978,0,0,-2.55377ptc:432.201,0,1,-41.6074,7.05842,-26.8143,-0.171031,0.0240548,-0.0913818
432.201,1,1,41.6074,-7.05842,26.8143,0.171031,-0.0240548,0.0913818

orb:1,1,1.8562,1.05101,5.90751,0,0,-2.7757ptc:425.176,0,1,-46.6903,16.6414,-6.56343,-0.18569,0.0565864,-0.0223179
425.176,1,1,46.6903,-16.6414,6.56343,0.18569,-0.0565864,0.0223179

orb:1,1,5.03489,1.13304,4.51463,0,0,-2.56467ptc:431.783,0,1,-41.9073,-5.35831,-26.7407,-0.171886,-0.0182582,-0.0911179
431.783,1,1,41.9073,5.35831,26.7407,0.171886,0.0182582,0.0911179

orb:1,1,4.76955,1.12642,0.478687,0,0,-2.57816ptc:431.275,0,1,-42.2713,23.703,12.3005,-0.172927,0.0807528,0.0419061
431.275,1,1,42.2713,-23.703,-12.3005,0.172927,-0.0807528,-0.0419061

orb:1,1,1.38585,1.03832,0.946744,0,0,-2.82322ptc:424.09,0,1,-47.4873,9.14529,12.701,-0.188017,0.0310875,0.0431744
424.09,1,1,47.4873,-9.14529,-12.701,0.188017,-0.0310875,-0.0431744

orb:1,1,2.20104,1.06021,4.4974,0,0,-2.74516ptc:425.953,0,1,-46.1223,-4.11877,-18.8619,-0.184036,-0.0140084,-0.0641514
425.953,1,1,46.1223,4.11877,18.8619,0.184036,0.0140084,0.0641514

orb:1,1,4.34213,1.11567,3.92028,0,0,-2.60099ptc:430.442,0,1,-42.87,-18.3173,-18.0732,-0.174641,-0.0623871,-0.0615555
430.442,1,1,42.87,18.3173,18.0732,0.174641,0.0623871,0.0615555

orb:1,1,0.0526352,1.00148,0.637052,0,0,-3.07825ptc:420.832,0,1,-49.8997,2.54427,1.88269,-0.195103,0.00864117,0.00639422
420.832,1,1,49.8997,-2.54427,-1.88269,0.195103,-0.00864117,-0.00639422

orb:1,1,4.17463,1.11144,0.0832851,0,0,-2.61035ptc:430.11,0,1,-43.1088,25.2426,2.1072,-0.175327,0.0859643,0.00717614
430.11,1,1,43.1088,-25.2426,-2.1072,0.175327,-0.0859643,-0.00717614

orb:1,1,2.4119,1.0658,0.0556442,0,0,-2.72787ptc:426.42,0,1,-45.7814,20.0701,1.11794,-0.183045,0.0682702,0.00380276
426.42,1,1,45.7814,-20.0701,-1.11794,0.183045,-0.0682702,-0.00380276

orb:1,1,3.75882,1.10084,1.74434,0,0,-2.63469ptc:429.273,0,1,-43.7125,-4.19149,23.9091,-0.177062,-0.0142703,0.0814008
429.273,1,1,43.7125,4.19149,-23.9091,0.177062,0.0142703,-0.0814008

orb:1,1,4.0229,1.10758,4.5497,0,0,-2.61904ptc:429.807,0,1,-43.3273,-4.04204,-24.6253,-0.175954,-0.0137639,-0.0838537
429.807,1,1,43.3273,4.04204,24.6253,0.175954,0.0137639,0.0838537

orb:1,1,3.68934,1.09906,4.76324,0,0,-2.63892ptc:429.131,0,1,-43.8149,1.22447,-24.0573,-0.177357,0.00416862,-0.0819015
429.131,1,1,43.8149,-1.22447,24.0573,0.177357,-0.00416862,0.0819015

orb:1,1,2.80659,1.07619,0.00879839,0,0,-2.69779ptc:427.279,0,1,-45.1563,21.468,0.188889,-0.181232,0.0730441,0.000642687
427.279,1,1,45.1563,-21.468,-0.188889,0.181232,-0.0730441,-0.000642687

orb:1,1,0.239064,1.00671,1.64668,0,0,-3.007ptc:421.305,0,1,-49.5478,-0.508649,6.69019,-0.194065,-0.00172775,0.0227248
421.305,1,1,49.5478,0.508649,-6.69019,0.194065,0.00172775,-0.0227248

orb:1,1,3.42379,1.09223,3.75135,0,0,-2.6556ptc:428.584,0,1,-44.2105,-19.1456,-13.3745,-0.178497,-0.0651687,-0.0455246
428.584,1,1,44.2105,19.1456,13.3745,0.178497,0.0651687,0.0455246

orb:1,1,2.52045,1.06867,2.44147,0,0,-2.71931ptc:426.659,0,1,-45.6079,-15.6715,13.2033,-0.182541,-0.0533116,0.0449153
426.659,1,1,45.6079,15.6715,-13.2033,0.182541,0.0533116,-0.0449153

orb:1,1,0.820978,1.02287,0.708978,0,0,-2.89443ptc:422.743,0,1,-48.4806,9.28485,7.96411,-0.190927,0.0315502,0.0270623
422.743,1,1,48.4806,-9.28485,-7.96411,0.190927,-0.0315502,-0.0270623

orb:1,1,4.81153,1.12747,1.00736,0,0,-2.57599ptc:431.356,0,1,-42.2134,14.3118,22.654,-0.172761,0.0487595,0.0771813
431.356,1,1,42.2134,-14.3118,-22.654,0.172761,-0.0487595,-0.0771813

orb:1,1,3.2444,1.08759,0.597257,0,0,-2.66733ptc:428.209,0,1,-44.4815,18.8811,12.8413,-0.17928,0.0642606,0.0437048
428.209,1,1,44.4815,-18.8811,-12.8413,0.17928,-0.0642606,-0.0437048

orb:1,1,3.69342,1.09917,5.29265,0,0,-2.63867ptc:429.139,0,1,-43.8089,13.2123,-20.1548,-0.17734,0.0449805,-0.0686158
429.139,1,1,43.8089,-13.2123,20.1548,0.17734,-0.0449805,0.0686158

orb:1,1,3.12387,1.08447,4.19394,0,0,-2.67545ptc:427.956,0,1,-44.6654,-11.1359,-19.5191,-0.179811,-0.0378973,-0.066427
427.956,1,1,44.6654,11.1359,19.5191,0.179811,0.0378973,0.066427

orb:1,1,4.52403,1.12026,0.434141,0,0,-2.5911ptc:430.799,0,1,-42.6133,23.729,11.0018,-0.173906,0.0808283,0.0374755
430.799,1,1,42.6133,-23.729,-11.0018,0.173906,-0.0808283,-0.0374755

orb:1,1,4.4834,1.11924,6.16125,0,0,-2.59329ptc:430.72,0,1,-42.6704,25.8687,-3.16994,-0.174069,0.0881144,-0.0107975
430.72,1,1,42.6704,-25.8687,3.16994,0.174069,-0.0881144,0.0107975

orb:1,1,3.14068,1.0849,3.01293,0,0,-2.6743ptc:427.991,0,1,-44.6396,-22.3372,2.89,-0.179737,-0.0760182,0.00983529
427.991,1,1,44.6396,22.3372,-2.89,0.179737,0.0760182,-0.00983529

orb:1,1,2.71459,1.07378,4.22615,0,0,-2.70456ptc:427.081,0,1,-45.3005,-9.88949,-18.7099,-0.18165,-0.0336466,-0.0636557
427.081,1,1,45.3005,9.88949,18.7099,0.18165,0.0336466,0.0636557

orb:1,1,0.626325,1.0175,5.005,0,0,-2.92506ptc:422.268,0,1,-48.8324,3.09862,-10.2857,-0.19196,0.0105279,-0.0349465
422.268,1,1,48.8324,-3.09862,10.2857,0.19196,-0.0105279,0.0349465

orb:1,1,3.10215,1.0839,1.60201,0,0,-2.67693ptc:427.91,0,1,-44.6987,-0.699365,22.3951,-0.179907,-0.00238003,0.0762134
427.91,1,1,44.6987,0.699365,-22.3951,0.179907,0.00238003,-0.0762134

orb:1,1,1.30948,1.03625,5.88057,0,0,-2.83176ptc:423.911,0,1,-47.6193,14.0258,-5.97327,-0.188403,0.0476754,-0.0203039
423.911,1,1,47.6193,-14.0258,5.97327,0.188403,-0.0476754,0.0203039

orb:1,1,4.0132,1.10733,6.1313,0,0,-2.6196ptc:429.787,0,1,-43.3414,24.6434,-3.77214,-0.175995,0.0839148,-0.0128448
429.787,1,1,43.3414,-24.6434,3.77214,0.175995,-0.0839148,0.0128448

orb:1,1,2.6437,1.07192,3.86219,0,0,-2.70987ptc:426.927,0,1,-45.4123,-15.7209,-13.8049,-0.181974,-0.0534842,-0.0469657
426.927,1,1,45.4123,15.7209,13.8049,0.181974,0.0534842,0.0469657

orb:1,1,1.9755,1.0542,5.56818,0,0,-2.76479ptc:425.447,0,1,-46.4923,13.8918,-12.0618,-0.185113,0.0472406,-0.0410173
425.447,1,1,46.4923,-13.8918,12.0618,0.185113,-0.0472406,0.0410173

orb:1,1,0.68687,1.01917,5.75109,0,0,-2.91505ptc:422.417,0,1,-48.7224,9.67787,-5.69774,-0.191637,0.0328828,-0.0193594
422.417,1,1,48.7224,-9.67787,5.69774,0.191637,-0.0328828,0.0193594

orb:1,1,0.865406,1.0241,2.34495,0,0,-2.88801ptc:422.851,0,1,-48.401,-8.76957,8.96895,-0.190693,-0.0298001,0.0304777
422.851,1,1,48.401,8.76957,-8.96895,0.190693,0.0298001,-0.0304777

orb:1,1,4.82315,1.12776,3.84678,0,0,-2.5754ptc:431.378,0,1,-42.1973,-20.4243,-17.3849,-0.172715,-0.0695851,-0.0592299
431.378,1,1,42.1973,20.4243,17.3849,0.172715,0.0695851,0.0592299

orb:1,1,1.34143,1.03711,0.0777269,0,0,-2.82816ptc:423.986,0,1,-47.564,15.3699,1.19706,-0.188241,0.0522451,0.00406905
423.986,1,1,47.564,-15.3699,-1.19706,0.188241,-0.0522451,-0.00406905

orb:1,1,4.07983,1.10903,0.847617,0,0,-2.61575ptc:429.921,0,1,-43.2451,16.6085,18.8154,-0.175718,0.0565572,0.0640723
429.921,1,1,43.2451,-16.6085,-18.8154,0.175718,-0.0565572,-0.0640723

orb:1,1,2.36546,1.06458,2.72733,0,0,-2.7316ptc:426.318,0,1,-45.8561,-18.2445,8.02228,-0.183262,-0.0620582,0.0272876
426.318,1,1,45.8561,18.2445,-8.02228,0.183262,0.0620582,-0.0272876

orb:1,1,3.71254,1.09966,1.05885,0,0,-2.6375ptc:429.178,0,1,-43.7807,11.8308,21.0543,-0.177258,0.0402779,0.0716791
429.178,1,1,43.7807,-11.8308,-21.0543,0.177258,-0.0402779,-0.0716791

orb:1,1,5.60811,1.14721,2.93447,0,0,-2.53711ptc:432.855,0,1,-41.1399,-27.8093,5.84377,-0.169699,-0.0947949,0.0199199
432.855,1,1,41.1399,27.8093,-5.84377,0.169699,0.0947949,-0.0199199

orb:1,1,4.41743,1.11757,1.48677,0,0,-2.59686ptc:430.59,0,1,-42.7634,2.17449,25.8179,-0.174336,0.00740646,0.0879376
430.59,1,1,42.7634,-2.17449,-25.8179,0.174336,-0.00740646,-0.0879376

orb:1,1,5.59953,1.147,3.92048,0,0,-2.53751ptc:432.839,0,1,-41.1512,-20.2125,-19.9508,-0.169732,-0.0688988,-0.0680068
432.839,1,1,41.1512,20.2125,19.9508,0.169732,0.0688988,0.0680068

orb:1,1,4.19971,1.11207,4.89389,0,0,-2.60893ptc:430.16,0,1,-43.0729,4.58334,-24.9743,-0.175223,0.0156089,-0.0850521
430.16,1,1,43.0729,-4.58334,24.9743,0.175223,-0.0156089,0.0850521

orb:1,1,5.17028,1.1364,1.06302,0,0,-2.55798ptc:432.039,0,1,-41.7238,13.397,24.0759,-0.171363,0.0456538,0.0820449
432.039,1,1,41.7238,-13.397,-24.0759,0.171363,-0.0456538,-0.0820449

orb:1,1,2.91593,1.07905,2.00145,0,0,-2.68992ptc:427.514,0,1,-44.986,-9.11048,19.8308,-0.180738,-0.0310003,0.0674786
427.514,1,1,44.986,9.11048,-19.8308,0.180738,0.0310003,-0.0674786

orb:1,1,2.8538,1.07742,5.81539,0,0,-2.69437ptc:427.381,0,1,-45.0826,19.3,-9.75037,-0.181018,0.0656697,-0.0331763
427.381,1,1,45.0826,-19.3,9.75037,0.181018,-0.0656697,0.0331763

orb:1,1,0.974262,1.02709,1.99839,0,0,-2.87298ptc:423.114,0,1,-48.207,-5.50265,12.075,-0.190124,-0.0187001,0.0410352
423.114,1,1,48.207,5.50265,-12.075,0.190124,0.0187001,-0.0410352

orb:1,1,4.17025,1.11132,2.69573,0,0,-2.6106ptc:430.101,0,1,-43.1151,-22.8444,10.9188,-0.175345,-0.0777969,0.0371843
430.101,1,1,43.1151,22.8444,-10.9188,0.175345,0.0777969,-0.0371843

orb:1,1,3.23251,1.08729,3.75577,0,0,-2.66812ptc:428.185,0,1,-44.4996,-18.6323,-13.1387,-0.179332,-0.0634134,-0.0447164
428.185,1,1,44.4996,18.6323,13.1387,0.179332,0.0634134,0.0447164

orb:1,1,2.46896,1.06731,0.973219,0,0,-2.72334ptc:426.546,0,1,-45.6901,11.4262,16.7887,-0.18278,0.0388685,0.0571104
426.546,1,1,45.6901,-11.4262,-16.7887,0.18278,-0.0388685,-0.0571104

orb:1,1,3.24878,1.08771,5.95865,0,0,-2.66704ptc:428.219,0,1,-44.4749,21.6544,-7.2853,-0.17926,0.0736996,-0.0247952
428.219,1,1,44.4749,-21.6544,7.2853,0.17926,-0.0736996,0.0247952

orb:1,1,2.5358,1.06908,1.45245,0,0,-2.71812ptc:426.692,0,1,-45.5834,2.42593,20.4026,-0.18247,0.00825268,0.0694068
426.692,1,1,45.5834,-2.42593,-20.4026,0.18247,-0.00825268,-0.0694068

orb:1,1,4.73125,1.12546,4.98709,0,0,-2.58015ptc:431.201,0,1,-42.3244,7.22098,-25.6224,-0.173078,0.0246003,-0.0872897
431.201,1,1,42.3244,-7.22098,25.6224,0.173078,-0.0246003,0.0872897

orb:1,1,4.64556,1.12331,4.68405,0,0,-2.58464ptc:431.035,0,1,-42.4434,-0.748952,-26.4196,-0.173419,-0.00255137,-0.0900006
431.035,1,1,42.4434,0.748952,26.4196,0.173419,0.00255137,0.0900006

orb:1,1,0.261781,1.00735,3.41254,0,0,-3.0008ptc:421.362,0,1,-49.5052,-6.76053,-1.87791,-0.19394,-0.0229641,-0.00637886
421.362,1,1,49.5052,6.76053,1.87791,0.19394,0.0229641,0.00637886

orb:1,1,2.60769,1.07097,3.40688,0,0,-2.7126ptc:426.849,0,1,-45.4693,-20.0702,-5.45283,-0.182139,-0.0682792,-0.0185506
426.849,1,1,45.4693,20.0702,5.45283,0.182139,0.0682792,0.0185506

orb:1,1,3.61808,1.09723,3.73386,0,0,-2.64332ptc:428.985,0,1,-43.9204,-19.8256,-13.3394,-0.177661,-0.067492,-0.0454111
428.985,1,1,43.9204,19.8256,13.3394,0.177661,0.067492,0.0454111

orb:1,1,4.77709,1.12661,4.89083,0,0,-2.57777ptc:431.29,0,1,-42.2609,4.74295,-26.2968,-0.172897,0.0161586,-0.0895899
431.29,1,1,42.2609,-4.74295,26.2968,0.172897,-0.0161586,0.0895899

orb:1,1,0.538912,1.01507,0.419569,0,0,-2.94046ptc:422.053,0,1,-48.9921,9.12246,4.06913,-0.192429,0.0309927,0.0138245
422.053,1,1,48.9921,-9.12246,-4.06913,0.192429,-0.0309927,-0.0138245

orb:1,1,4.76331,1.12626,3.66936,0,0,-2.57848ptc:431.263,0,1,-42.28,-23.0592,-13.4416,-0.172951,-0.0785593,-0.0457934
431.263,1,1,42.28,23.0592,13.4416,0.172951,0.0785593,0.0457934

orb:1,1,3.73277,1.10017,5.35399,0,0,-2.63627ptc:429.22,0,1,-43.7509,14.4859,-19.3912,-0.177173,0.0493179,-0.0660179
429.22,1,1,43.7509,-14.4859,19.3912,0.177173,-0.0493179,0.0660179

orb:1,1,5.54648,1.14569,2.78403,0,0,-2.53998ptc:432.741,0,1,-41.2212,-26.5088,9.90425,-0.169931,-0.0903582,0.0337597
432.741,1,1,41.2212,26.5088,-9.90425,0.169931,0.0903582,-0.0337597

orb:1,1,3.08994,1.08358,2.27589,0,0,-2.67777ptc:427.884,0,1,-44.7174,-14.4972,17.0349,-0.179961,-0.0493353,0.0579714
427.884,1,1,44.7174,14.4972,-17.0349,0.179961,0.0493353,-0.0579714

orb:1,1,0.545214,1.01525,3.16741,0,0,-2.93931ptc:422.068,0,1,-48.9805,-10.042,-0.259332,-0.192395,-0.0341167,-0.00088106
422.068,1,1,48.9805,10.042,0.259332,0.192395,0.0341167,0.00088106

orb:1,1,2.8091,1.07626,2.33351,0,0,-2.69761ptc:427.285,0,1,-45.1524,-14.8382,15.5272,-0.18122,-0.0504864,0.0528308
427.285,1,1,45.1524,14.8382,-15.5272,0.18122,0.0504864,-0.0528308

orb:1,1,1.6405,1.04521,5.7204,0,0,-2.79652ptc:424.682,0,1,-47.0526,14.3047,-9.02389,-0.186746,0.048634,-0.03068
424.682,1,1,47.0526,-14.3047,9.02389,0.186746,-0.048634,0.03068

orb:1,1,4.29449,1.11447,1.87798,0,0,-2.60363ptc:430.348,0,1,-42.9377,-7.74671,24.4202,-0.174835,-0.0263837,0.0831702
430.348,1,1,42.9377,7.74671,-24.4202,0.174835,0.0263837,-0.0831702

orb:1,1,4.71521,1.12506,6.12322,0,0,-2.58098ptc:431.17,0,1,-42.3466,26.2456,-4.23468,-0.173142,0.089412,-0.0144265
431.17,1,1,42.3466,-26.2456,4.23468,0.173142,-0.089412,0.0144265

orb:1,1,1.86301,1.05119,5.19731,0,0,-2.77507ptc:425.192,0,1,-46.679,8.35253,-15.8528,-0.185657,0.0284016,-0.053905
425.192,1,1,46.679,-8.35253,15.8528,0.185657,-0.0284016,0.053905

orb:1,1,0.353667,1.00992,4.73055,0,0,-2.97818ptc:421.592,0,1,-49.3339,0.147691,-8.13292,-0.193435,0.000501705,-0.0276275
421.592,1,1,49.3339,-0.147691,8.13292,0.193435,-0.000501705,0.0276275

orb:1,1,5.35885,1.14107,0.549885,0,0,-2.54885ptc:432.393,0,1,-41.4705,23.8144,14.597,-0.17064,0.081164,0.0497492
432.393,1,1,41.4705,-23.8144,-14.597,0.17064,-0.081164,-0.0497492

orb:1,1,1.6154,1.04453,2.74907,0,0,-2.79904ptc:424.624,0,1,-47.0951,-15.5172,6.42423,-0.186871,-0.0527553,0.0218411
424.624,1,1,47.0951,15.5172,-6.42423,0.186871,0.0527553,-0.0218411

orb:1,1,2.7199,1.07392,3.62941,0,0,-2.70416ptc:427.092,0,1,-45.2922,-18.7101,-9.92723,-0.181625,-0.0636568,-0.0337751
427.092,1,1,45.2922,18.7101,9.92723,0.181625,0.0636568,0.0337751

orb:1,1,4.52796,1.12036,4.79968,0,0,-2.59089ptc:430.807,0,1,-42.6078,2.28093,-26.0647,-0.17389,0.00776958,-0.0887849
430.807,1,1,42.6078,-2.28093,26.0647,0.17389,-0.00776958,0.0887849

orb:1,1,3.40702,1.0918,6.04017,0,0,-2.65668ptc:428.549,0,1,-44.2357,22.6219,-5.60836,-0.17857,0.0770004,-0.0190898
428.549,1,1,44.2357,-22.6219,5.60836,0.17857,-0.0770004,0.0190898

orb:1,1,1.79531,1.04937,2.16745,0,0,-2.78143ptc:425.038,0,1,-46.792,-9.90099,14.5766,-0.185986,-0.0336654,0.0495633
425.038,1,1,46.792,9.90099,-14.5766,0.185986,0.0336654,-0.0495633

orb:1,1,1.48083,1.04089,2.09941,0,0,-2.81296ptc:424.312,0,1,-47.3243,-8.13865,13.9347,-0.18754,-0.0276674,0.0473711
424.312,1,1,47.3243,8.13865,-13.9347,0.18754,0.0276674,-0.0473711

orb:1,1,0.876981,1.02442,1.21597,0,0,-2.88636ptc:422.879,0,1,-48.3803,4.38568,11.8371,-0.190632,0.0149032,0.0402242
422.879,1,1,48.3803,-4.38568,-11.8371,0.190632,-0.0149032,-0.0402242

orb:1,1,0.376001,1.01054,4.87754,0,0,-2.97316ptc:421.648,0,1,-49.2924,1.37801,-8.26782,-0.193313,0.00468115,-0.0280861
421.648,1,1,49.2924,-1.37801,8.26782,0.193313,-0.00468115,0.0280861

orb:1,1,3.9643,1.10609,0.899055,0,0,-2.62245ptc:429.689,0,1,-43.4123,15.4385,19.4172,-0.176198,0.0525689,0.0661167
429.689,1,1,43.4123,-15.4385,-19.4172,0.176198,-0.0525689,-0.0661167

orb:1,1,5.33444,1.14046,2.48851,0,0,-2.55002ptc:432.347,0,1,-41.5031,-22.1455,16.9431,-0.170733,-0.0754747,0.0577444
432.347,1,1,41.5031,22.1455,-16.9431,0.170733,0.0754747,-0.0577444

orb:1,1,3.56449,1.09586,5.32118,0,0,-2.64666ptc:428.875,0,1,-44.0001,13.5813,-19.4818,-0.177891,0.0462328,-0.0663192
428.875,1,1,44.0001,-13.5813,19.4818,0.177891,-0.0462328,0.0663192

orb:1,1,2.05171,1.05624,2.14103,0,0,-2.75802ptc:425.619,0,1,-46.3666,-10.1013,15.7512,-0.184747,-0.0343524,0.0535664
425.619,1,1,46.3666,10.1013,-15.7512,0.184747,0.0343524,-0.0535664

orb:1,1,1.51732,1.04188,2.00699,0,0,-2.80912ptc:424.397,0,1,-47.2619,-6.89473,14.791,-0.187358,-0.0234392,0.0502834
424.397,1,1,47.2619,6.89473,-14.791,0.187358,0.0234392,-0.0502834

orb:1,1,0.149277,1.0042,2.99259,0,0,-3.03508ptc:421.078,0,1,-49.7167,-5.25657,0.789095,-0.194563,-0.0178541,0.00268019
421.078,1,1,49.7167,5.25657,-0.789095,0.194563,0.0178541,-0.00268019

orb:1,1,1.56822,1.04326,3.40113,0,0,-2.80385ptc:424.515,0,1,-47.1752,-16.0132,-4.2519,-0.187104,-0.0544401,-0.0144552
424.515,1,1,47.1752,16.0132,4.2519,0.187104,0.0544401,0.0144552

orb:1,1,5.28795,1.13931,5.17021,0,0,-2.55225ptc:432.26,0,1,-41.5654,12.2833,-24.9287,-0.170911,0.0418618,-0.0849576
432.26,1,1,41.5654,-12.2833,24.9287,0.170911,-0.0418618,0.0849576

orb:1,1,5.13354,1.13549,3.36642,0,0,-2.55978ptc:431.97,0,1,-41.7734,-26.7854,-6.12561,-0.171504,-0.0912761,-0.0208741
431.97,1,1,41.7734,26.7854,6.12561,0.171504,0.0912761,0.0208741

orb:1,1,4.25921,1.11358,2.51114,0,0,-2.60559ptc:430.278,0,1,-42.9879,-20.6262,15.0532,-0.174979,-0.0702469,0.0512671
430.278,1,1,42.9879,20.6262,-15.0532,0.174979,0.0702469,-0.0512671

orb:1,1,5.37492,1.14146,4.85021,0,0,-2.54808ptc:432.423,0,1,-41.449,3.84177,-27.6987,-0.170579,0.0130936,-0.0944034
432.423,1,1,41.449,-3.84177,27.6987,0.170579,-0.0130936,0.0944034

orb:1,1,2.85771,1.07753,0.955194,0,0,-2.69409ptc:427.389,0,1,-45.0765,12.4936,17.6641,-0.181001,0.0425106,0.0601034
427.389,1,1,45.0765,-12.4936,-17.6641,0.181001,-0.0425106,-0.0601034

orb:1,1,0.173116,1.00487,4.94206,0,0,-3.02694ptc:421.138,0,1,-49.6717,1.30227,-5.57008,-0.194431,0.00442327,-0.0189193
421.138,1,1,49.6717,-1.30227,5.57008,0.194431,-0.00442327,0.0189193

orb:1,1,0.958692,1.02666,2.42109,0,0,-2.87507ptc:423.076,0,1,-48.2347,-9.89607,8.68824,-0.190205,-0.0336302,0.0295256
423.076,1,1,48.2347,9.89607,-8.68824,0.190205,0.0336302,-0.0295256

orb:1,1,3.26397,1.0881,5.64723,0,0,-2.66603ptc:428.25,0,1,-44.4518,18.4167,-13.5965,-0.179194,0.0626809,-0.0462753
428.25,1,1,44.4518,-18.4167,13.5965,0.179194,-0.0626809,0.0462753

orb:1,1,4.25171,1.11339,4.54489,0,0,-2.60601ptc:430.263,0,1,-42.9986,-4.25402,-25.1599,-0.17501,-0.0144879,-0.0856872
430.263,1,1,42.9986,4.25402,25.1599,0.17501,0.0144879,0.0856872

orb:1,1,4.37945,1.11662,4.37498,0,0,-2.59894ptc:430.516,0,1,-42.8171,-8.54759,-24.3646,-0.174489,-0.029113,-0.0829855
430.516,1,1,42.8171,8.54759,24.3646,0.174489,0.029113,0.0829855

orb:1,1,4.20847,1.11229,4.3786,0,0,-2.60844ptc:430.177,0,1,-43.0604,-8.32582,-24.0101,-0.175187,-0.0283544,-0.0817688
430.177,1,1,43.0604,8.32582,24.0101,0.175187,0.0283544,0.0817688

orb:1,1,4.94332,1.13076,5.74925,0,0,-2.56927ptc:431.608,0,1,-42.0323,23.3102,-13.7812,-0.172243,0.0794236,-0.0469562
431.608,1,1,42.0323,-23.3102,13.7812,0.172243,-0.0794236,0.0469562

orb:1,1,0.741366,1.02068,2.71388,0,0,-2.90643ptc:422.55,0,1,-48.6239,-10.6005,4.83228,-0.191347,-0.0360189,0.0164194
422.55,1,1,48.6239,10.6005,-4.83228,0.191347,0.0360189,-0.0164194

orb:1,1,3.37329,1.09093,4.16099,0,0,-2.65886ptc:428.479,0,1,-44.2865,-12.1594,-19.7701,-0.178717,-0.0413872,-0.0672922
428.479,1,1,44.2865,12.1594,19.7701,0.178717,0.0413872,0.0672922

orb:1,1,0.577364,1.01614,0.0748508,0,0,-2.93354ptc:422.148,0,1,-48.9217,10.299,0.772334,-0.192223,0.0349909,0.002624
422.148,1,1,48.9217,-10.299,-0.772334,0.192223,-0.0349909,-0.002624

orb:1,1,0.827153,1.02304,5.13683,0,0,-2.89353ptc:422.758,0,1,-48.4695,5.05556,-11.1871,-0.190894,0.017179,-0.0380142
422.758,1,1,48.4695,-5.05556,11.1871,0.190894,-0.017179,0.0380142

orb:1,1,5.53069,1.1453,0.722187,0,0,-2.54072ptc:432.712,0,1,-41.2421,21.2114,18.6861,-0.16999,0.0723005,0.0636928
432.712,1,1,41.2421,-21.2114,-18.6861,0.16999,-0.0723005,-0.0636928

orb:1,1,2.3959,1.06538,0.0668662,0,0,-2.72915ptc:426.385,0,1,-45.8071,19.9978,1.33917,-0.18312,0.0680235,0.00455526
426.385,1,1,45.8071,-19.9978,-1.33917,0.18312,-0.0680235,-0.00455526

orb:1,1,5.1599,1.13614,5.88971,0,0,-2.55848ptc:432.019,0,1,-41.7378,25.4272,-10.5553,-0.171403,0.0866494,-0.0359697
432.019,1,1,41.7378,-25.4272,10.5553,0.171403,-0.0866494,0.0359697

orb:1,1,1.37942,1.03815,6.24607,0,0,-2.82393ptc:424.075,0,1,-47.4984,15.6065,-0.579436,-0.188049,0.0530507,-0.00196966
424.075,1,1,47.4984,-15.6065,0.579436,0.188049,-0.0530507,0.00196966

orb:1,1,4.75986,1.12618,5.75136,0,0,-2.57866ptc:431.256,0,1,-42.2847,22.998,-13.5312,-0.172965,0.0783504,-0.0460987
431.256,1,1,42.2847,-22.998,13.5312,0.172965,-0.0783504,0.0460987

orb:1,1,3.6338,1.09764,2.67591,0,0,-2.64234ptc:429.017,0,1,-43.8971,-21.3892,10.7492,-0.177594,-0.0728155,0.0365935
429.017,1,1,43.8971,21.3892,-10.7492,0.177594,0.0728155,-0.0365935

orb:1,1,0.78682,1.02193,1.76545,0,0,-2.8995ptc:422.66,0,1,-48.5419,-2.3186,11.7603,-0.191107,-0.0078785,0.039961
422.66,1,1,48.5419,2.3186,-11.7603,0.191107,0.0078785,-0.039961

orb:1,1,0.528704,1.01479,5.07988,0,0,-2.94234ptc:422.027,0,1,-49.0108,3.5556,-9.23584,-0.192484,0.0120797,-0.0313777
422.027,1,1,49.0108,-3.5556,9.23584,0.192484,-0.0120797,0.0313777

orb:1,1,0.597728,1.0167,2.35512,0,0,-2.92997ptc:422.198,0,1,-48.8845,-7.41846,7.43436,-0.192113,-0.0252045,0.0252585
422.198,1,1,48.8845,7.41846,-7.43436,0.192113,0.0252045,-0.0252585

orb:1,1,0.531798,1.01488,3.26296,0,0,-2.94177ptc:422.035,0,1,-49.0051,-9.85168,-1.20153,-0.192468,-0.03347,-0.00408207
422.035,1,1,49.0051,9.85168,1.20153,0.192468,0.03347,0.00408207

orb:1,1,4.5492,1.12089,3.4298,0,0,-2.58975ptc:430.848,0,1,-42.578,-25.1317,-7.45049,-0.173804,-0.0856077,-0.0253791
430.848,1,1,42.578,25.1317,7.45049,0.173804,0.0856077,0.0253791

orb:1,1,2.51856,1.06862,0.674244,0,0,-2.71946ptc:426.655,0,1,-45.6109,16.0027,12.7891,-0.18255,0.0544383,0.0435063
426.655,1,1,45.6109,-16.0027,-12.7891,0.18255,-0.0544383,-0.0435063

orb:1,1,2.06271,1.05653,3.24878,0,0,-2.75705ptc:425.644,0,1,-46.3485,-18.6491,-2.00661,-0.184694,-0.0634218,-0.00682408
425.644,1,1,46.3485,18.6491,2.00661,0.184694,0.0634218,0.00682408

orb:1,1,0.770795,1.02149,2.16216,0,0,-2.90192ptc:422.621,0,1,-48.5708,-6.61704,9.85361,-0.191191,-0.0224842,0.0334818
422.621,1,1,48.5708,6.61704,-9.85361,0.191191,0.0224842,-0.0334818

orb:1,1,4.90011,1.12968,0.224319,0,0,-2.57146ptc:431.526,0,1,-42.0915,26.311,6.00308,-0.172413,0.0896456,0.0204534
431.526,1,1,42.0915,-26.311,-6.00308,0.172413,-0.0896456,-0.0204534

orb:1,1,5.3037,1.1397,5.39682,0,0,-2.55149ptc:432.29,0,1,-41.5443,17.59,-21.5561,-0.170851,0.0599479,-0.0734645
432.29,1,1,41.5443,-17.59,21.5561,0.170851,-0.0599479,0.0734645

orb:1,1,5.02949,1.1329,3.74485,0,0,-2.56494ptc:431.772,0,1,-41.9147,-22.4492,-15.4659,-0.171907,-0.0764945,-0.0526991
431.772,1,1,41.9147,22.4492,15.4659,0.171907,0.0764945,0.0526991

orb:1,1,0.309318,1.00868,3.14897,0,0,-2.98866ptc:421.481,0,1,-49.4164,-7.61652,-0.0562193,-0.193678,-0.0258725,-0.000190971
421.481,1,1,49.4164,7.61652,0.0562193,0.193678,0.0258725,0.000190971

orb:1,1,5.47106,1.14383,0.0031044,0,0,-2.54352ptc:432.601,0,1,-41.3211,28.1525,0.0873968,-0.170215,0.0959559,0.000297886
432.601,1,1,41.3211,-28.1525,-0.0873968,0.170215,-0.0959559,-0.000297886

orb:1,1,0.0931632,1.00262,1.17966,0,0,-3.05737ptc:420.935,0,1,-49.8228,1.60348,3.88831,-0.194876,0.00544609,0.0132063
420.935,1,1,49.8228,-1.60348,-3.88831,0.194876,-0.00544609,-0.0132063

orb:1,1,0.372746,1.01045,6.02914,0,0,-2.97388ptc:421.64,0,1,-49.2985,8.07838,-2.09763,-0.193331,0.0274425,-0.00712574
421.64,1,1,49.2985,-8.07838,2.09763,0.193331,-0.0274425,0.00712574

orb:1,1,4.02668,1.10768,1.30336,0,0,-2.61882ptc:429.814,0,1,-43.3219,6.59698,24.0769,-0.175938,0.022464,0.0819865
429.814,1,1,43.3219,-6.59698,-24.0769,0.175938,-0.022464,-0.0819865

orb:1,1,5.58787,1.14671,4.23266,0,0,-2.53805ptc:432.817,0,1,-41.1666,-13.0976,-25.1747,-0.169775,-0.0446456,-0.0858131
432.817,1,1,41.1666,13.0976,25.1747,0.169775,0.0446456,0.0858131

orb:1,1,4.91142,1.12996,4.20349,0,0,-2.57089ptc:431.547,0,1,-42.076,-13.1603,-23.5885,-0.172368,-0.0448397,-0.0803701
431.547,1,1,42.076,13.1603,23.5885,0.172368,0.0448397,0.0803701

orb:1,1,5.07393,1.13401,1.15147,0,0,-2.56273ptc:431.857,0,1,-41.8542,11.1369,24.9838,-0.171735,0.0379496,0.0851336
431.857,1,1,41.8542,-11.1369,-24.9838,0.171735,-0.0379496,-0.0851336

orb:1,1,4.2561,1.1135,1.4784,0,0,-2.60577ptc:430.272,0,1,-42.9924,2.35542,25.4187,-0.174992,0.00802189,0.0865686
430.272,1,1,42.9924,-2.35542,-25.4187,0.174992,-0.00802189,-0.0865686

orb:1,1,1.15338,1.03199,1.22974,0,0,-2.85013ptc:423.542,0,1,-47.8912,4.80579,13.5402,-0.189199,0.0163338,0.0460201
423.542,1,1,47.8912,-4.80579,-13.5402,0.189199,-0.0163338,-0.0460201

orb:1,1,4.92809,1.13038,1.80195,0,0,-2.57004ptc:431.579,0,1,-42.0532,-6.19647,26.3275,-0.172303,-0.0211127,0.0897034
431.579,1,1,42.0532,6.19647,-26.3275,0.172303,0.0211127,-0.0897034

orb:1,1,1.97359,1.05415,2.41225,0,0,-2.76496ptc:425.443,0,1,-46.4954,-13.7115,12.2544,-0.185122,-0.0466273,0.0416723
425.443,1,1,46.4954,13.7115,-12.2544,0.185122,0.0466273,-0.0416723

orb:1,1,0.605763,1.01693,0.79357,0,0,-2.92857ptc:422.217,0,1,-48.8699,7.41315,7.53532,-0.19207,0.0251866,0.0256016
422.217,1,1,48.8699,-7.41315,-7.53532,0.19207,-0.0251866,-0.0256016

orb:1,1,4.35225,1.11593,6.27017,0,0,-2.60043ptc:430.462,0,1,-42.8556,25.7543,-0.335163,-0.1746,0.0877172,-0.00114154
430.462,1,1,42.8556,-25.7543,0.335163,0.1746,-0.0877172,0.00114154

orb:1,1,5.38123,1.14162,5.37246,0,0,-2.54778ptc:432.434,0,1,-41.4406,17.1544,-22.0998,-0.170555,0.0584662,-0.0753215
432.434,1,1,41.4406,-17.1544,22.0998,0.170555,-0.0584662,0.0753215

orb:1,1,0.714706,1.01994,3.98034,0,0,-2.9106ptc:422.485,0,1,-48.672,-7.65113,-8.51436,-0.191489,-0.025997,-0.0289301
422.485,1,1,48.672,7.65113,8.51436,0.191489,0.025997,0.0289301

orb:1,1,1.84424,1.05069,3.00182,0,0,-2.77682ptc:425.149,0,1,-46.7103,-17.6628,2.48503,-0.185748,-0.0600592,0.00844989
425.149,1,1,46.7103,17.6628,-2.48503,0.185748,0.0600592,-0.00844989

orb:1,1,5.51686,1.14496,0.508563,0,0,-2.54137ptc:432.686,0,1,-41.2604,24.6674,13.7514,-0.170042,0.0840798,0.0468722
432.686,1,1,41.2604,-24.6674,-13.7514,0.170042,-0.0840798,-0.0468722

orb:1,1,1.88248,1.05171,2.3817,0,0,-2.77327ptc:425.236,0,1,-46.6465,-13.0504,12.401,-0.185562,-0.0443767,0.0421685
425.236,1,1,46.6465,13.0504,-12.401,0.185562,0.0443767,-0.0421685

orb:1,1,0.202843,1.0057,0.845359,0,0,-3.01754ptc:421.213,0,1,-49.6158,4.10466,4.62897,-0.194266,0.0139421,0.015723
421.213,1,1,49.6158,-4.10466,-4.62897,0.194266,-0.0139421,-0.015723

orb:1,1,0.210012,1.0059,3.26649,0,0,-3.01538ptc:421.231,0,1,-49.6023,-6.2448,-0.784019,-0.194226,-0.0212115,-0.00266306
421.231,1,1,49.6023,6.2448,0.784019,0.194226,0.0212115,0.00266306

orb:1,1,1.98674,1.0545,0.467139,0,0,-2.76378ptc:425.472,0,1,-46.4737,16.4683,8.30614,-0.185058,0.0560025,0.0282461
425.472,1,1,46.4737,-16.4683,-8.30614,0.185058,-0.0560025,-0.0282461

orb:1,1,1.59283,1.04392,5.8945,0,0,-2.80133ptc:424.572,0,1,-47.1334,15.442,-6.32372,-0.186982,0.0524991,-0.0214991
424.572,1,1,47.1334,-15.442,6.32372,0.186982,-0.0524991,0.0214991

orb:1,1,0.60398,1.01688,4.74763,0,0,-2.92888ptc:422.213,0,1,-48.8731,0.37192,-10.5489,-0.19208,0.00126362,-0.0358405
422.213,1,1,48.8731,-0.37192,10.5489,0.19208,-0.00126362,0.0358405

orb:1,1,4.43806,1.11809,3.57396,0,0,-2.59574ptc:430.631,0,1,-42.7343,-23.5687,-10.8766,-0.174252,-0.0802777,-0.0370468
430.631,1,1,42.7343,23.5687,10.8766,0.174252,0.0802777,0.0370468

orb:1,1,2.38494,1.06509,5.56263,0,0,-2.73003ptc:426.361,0,1,-45.8247,15.0305,-13.1975,-0.183171,0.0511267,-0.0448917
426.361,1,1,45.8247,-15.0305,13.1975,0.183171,-0.0511267,0.0448917

orb:1,1,4.89976,1.12967,2.13347,0,0,-2.57148ptc:431.525,0,1,-42.092,-14.3959,22.8259,-0.172414,-0.0490492,0.0777713
431.525,1,1,42.092,14.3959,-22.8259,0.172414,0.0490492,-0.0777713

orb:1,1,3.10517,1.08398,4.08265,0,0,-2.67672ptc:427.916,0,1,-44.694,-13.201,-18.1157,-0.179894,-0.0449248,-0.06165
427.916,1,1,44.694,13.201,18.1157,0.179894,0.0449248,0.06165

orb:1,1,3.62765,1.09748,3.71689,0,0,-2.64272ptc:429.005,0,1,-43.9062,-20.0709,-13.0154,-0.17762,-0.0683275,-0.0443082
429.005,1,1,43.9062,20.0709,13.0154,0.17762,0.0683275,0.0443082

orb:1,1,4.80058,1.12719,5.64295,0,0,-2.57656ptc:431.335,0,1,-42.2285,21.4702,-15.9933,-0.172804,0.0731476,-0.054488
431.335,1,1,42.2285,-21.4702,15.9933,0.172804,-0.0731476,0.054488

orb:1,1,3.69363,1.09917,2.86246,0,0,-2.63866ptc:429.14,0,1,-43.8086,-23.1671,6.64017,-0.177339,-0.0788712,0.0226061
429.14,1,1,43.8086,23.1671,-6.64017,0.177339,0.0788712,-0.0226061

orb:1,1,0.252143,1.00708,3.19832,0,0,-3.00339ptc:421.337,0,1,-49.5233,-6.87695,-0.390545,-0.193993,-0.0233594,-0.00132659
421.337,1,1,49.5233,6.87695,0.390545,0.193993,0.0233594,0.00132659

orb:1,1,2.79083,1.07578,2.7097,0,0,-2.69894ptc:427.246,0,1,-45.1809,-19.4503,8.96497,-0.181303,-0.0661782,0.0305027
427.246,1,1,45.1809,19.4503,-8.96497,0.181303,0.0661782,-0.0305027

orb:1,1,4.88938,1.12941,5.29726,0,0,-2.57201ptc:431.505,0,1,-42.1062,14.8866,-22.4823,-0.172455,0.0507207,-0.0766001
431.505,1,1,42.1062,-14.8866,22.4823,0.172455,-0.0507207,0.0766001

orb:1,1,4.28116,1.11413,2.12834,0,0,-2.60437ptc:430.322,0,1,-42.9566,-13.5384,21.7126,-0.17489,-0.0461087,0.0739481
430.322,1,1,42.9566,13.5384,-21.7126,0.17489,0.0461087,-0.0739481

orb:1,1,1.66406,1.04584,0.842351,0,0,-2.79417ptc:424.736,0,1,-47.0127,11.3328,12.7032,-0.18663,0.0385305,0.0431897
424.736,1,1,47.0127,-11.3328,-12.7032,0.18663,-0.0385305,-0.0431897

orb:1,1,1.45811,1.04028,0.13004,0,0,-2.81538ptc:424.259,0,1,-47.3632,15.8875,2.07773,-0.187654,0.0540087,0.00706315
424.259,1,1,47.3632,-15.8875,-2.07773,0.187654,-0.0540087,-0.00706315

orb:1,1,3.9931,1.10682,4.40952,0,0,-2.62077ptc:429.747,0,1,-43.3705,-7.42054,-23.7474,-0.176078,-0.0252678,-0.0808626
429.747,1,1,43.3705,7.42054,23.7474,0.176078,0.0252678,0.0808626

orb:1,1,2.25143,1.06155,6.2636,0,0,-2.74094ptc:426.065,0,1,-46.0404,19.4971,-0.38191,-0.183797,0.066314,-0.00129896
426.065,1,1,46.0404,-19.4971,0.38191,0.183797,-0.066314,0.00129896

orb:1,1,4.72235,1.12524,2.01109,0,0,-2.58061ptc:431.184,0,1,-42.3367,-11.3375,24.0638,-0.173114,-0.0386241,0.0819794
431.184,1,1,42.3367,11.3375,-24.0638,0.173114,0.0386241,-0.0819794

orb:1,1,4.63817,1.12313,4.15477,0,0,-2.58503ptc:431.021,0,1,-42.4537,-13.9773,-22.4124,-0.173448,-0.0476145,-0.0763495
431.021,1,1,42.4537,13.9773,22.4124,0.173448,0.0476145,0.0763495

orb:1,1,5.56643,1.14618,0.464638,0,0,-2.53905ptc:432.778,0,1,-41.1948,25.3328,12.6978,-0.169856,0.0863507,0.0432823
432.778,1,1,41.1948,-25.3328,-12.6978,0.169856,-0.0863507,-0.0432823

orb:1,1,0.954884,1.02656,2.50482,0,0,-2.87559ptc:423.067,0,1,-48.2414,-10.568,7.81548,-0.190225,-0.0359136,0.0265596
423.067,1,1,48.2414,10.568,-7.81548,0.190225,0.0359136,-0.0265596

orb:1,1,3.21202,1.08675,5.20903,0,0,-2.66949ptc:428.141,0,1,-44.5308,10.834,-19.9909,-0.179422,0.0368722,-0.0680364
428.141,1,1,44.5308,-10.834,19.9909,0.179422,-0.0368722,0.0680364

orb:1,1,2.57232,1.07004,4.7442,0,0,-2.71531ptc:426.772,0,1,-45.5254,0.657672,-20.6642,-0.182302,0.00223736,-0.0702984
426.772,1,1,45.5254,-0.657672,20.6642,0.182302,-0.00223736,0.0702984

orb:1,1,3.01332,1.08159,2.54944,0,0,-2.68307ptc:427.722,0,1,-44.8353,-18.3633,12.3527,-0.180302,-0.0624889,0.0420353
427.722,1,1,44.8353,18.3633,-12.3527,0.180302,0.0624889,-0.0420353

orb:1,1,0.585337,1.01636,3.68472,0,0,-2.93213ptc:422.167,0,1,-48.9071,-8.90059,-5.37316,-0.19218,-0.0302398,-0.0182553
422.167,1,1,48.9071,8.90059,5.37316,0.19218,0.0302398,0.0182553

orb:1,1,3.68771,1.09902,0.239984,0,0,-2.63902ptc:429.128,0,1,-43.8174,23.3938,5.72446,-0.177364,0.0796427,0.0194886
429.128,1,1,43.8174,-23.3938,-5.72446,0.177364,-0.0796427,-0.0194886

orb:1,1,1.53742,1.04243,5.14394,0,0,-2.80703ptc:424.444,0,1,-47.2276,6.86727,-14.9128,-0.187258,0.0233462,-0.050698
424.444,1,1,47.2276,-6.86727,14.9128,0.187258,-0.0233462,0.050698

orb:1,1,4.89368,1.12952,0.694153,0,0,-2.57179ptc:431.513,0,1,-42.1003,20.7316,17.2558,-0.172438,0.0706355,0.0587929
431.513,1,1,42.1003,-20.7316,-17.2558,0.172438,-0.0706355,-0.0587929

orb:1,1,4.22831,1.1128,5.43959,0,0,-2.60732ptc:430.217,0,1,-43.032,16.9257,-19.0201,-0.175106,0.0576431,-0.0647757
430.217,1,1,43.032,-16.9257,19.0201,0.175106,-0.0576431,0.0647757

orb:1,1,3.70552,1.09948,3.98372,0,0,-2.63793ptc:429.164,0,1,-43.7911,-16.0689,-18.0037,-0.177288,-0.054706,-0.0612933
429.164,1,1,43.7911,16.0689,18.0037,0.177288,0.054706,0.0612933

orb:1,1,5.43706,1.143,4.46371,0,0,-2.54513ptc:432.538,0,1,-41.3662,-6.91263,-27.2222,-0.170344,-0.0235607,-0.0927831
432.538,1,1,41.3662,6.91263,27.2222,0.170344,0.0235607,0.0927831

orb:1,1,3.71783,1.09979,0.663393,0,0,-2.63718ptc:429.189,0,1,-43.7729,19.0396,14.8805,-0.177236,0.0648202,0.0506607
429.189,1,1,43.7729,-19.0396,-14.8805,0.177236,-0.0648202,-0.0506607

orb:1,1,2.3085,1.06307,5.13506,0,0,-2.73623ptc:426.192,0,1,-45.948,8.08809,-17.9824,-0.183529,0.0275104,-0.0611644
426.192,1,1,45.948,-8.08809,17.9824,0.183529,-0.0275104,0.0611644

orb:1,1,1.8675,1.05131,4.23907,0,0,-2.77465ptc:425.202,0,1,-46.6715,-8.17693,-15.9659,-0.185635,-0.0278045,-0.05429
425.202,1,1,46.6715,8.17693,15.9659,0.185635,0.0278045,0.05429

orb:1,1,4.09432,1.1094,5.2946,0,0,-2.61492ptc:429.95,0,1,-43.2242,13.8199,-20.9923,-0.175658,0.0470615,-0.071486
429.95,1,1,43.2242,-13.8199,20.9923,0.175658,-0.0470615,0.071486

orb:1,1,0.918837,1.02557,4.5893,0,0,-2.88051ptc:422.98,0,1,-48.3056,-1.58466,-12.8086,-0.190413,-0.00538508,-0.0435269
422.98,1,1,48.3056,1.58466,12.8086,0.190413,0.00538508,0.0435269

orb:1,1,3.70336,1.09942,0.725199,0,0,-2.63806ptc:429.16,0,1,-43.7942,18.0551,16.0024,-0.177297,0.0614681,0.0544797
429.16,1,1,43.7942,-18.0551,-16.0024,0.177297,-0.0614681,-0.0544797

orb:1,1,4.56825,1.12137,2.24488,0,0,-2.58873ptc:430.885,0,1,-42.5514,-16.3885,20.5134,-0.173728,-0.055826,0.0698769
430.885,1,1,42.5514,16.3885,-20.5134,0.173728,0.055826,-0.0698769

orb:1,1,3.31013,1.0893,4.89657,0,0,-2.66298ptc:428.347,0,1,-44.3818,4.21729,-22.6377,-0.178992,0.0143539,-0.0770495
428.347,1,1,44.3818,-4.21729,22.6377,0.178992,-0.0143539,0.0770495

orb:1,1,2.66471,1.07247,2.23966,0,0,-2.70829ptc:426.973,0,1,-45.3791,-13.0181,16.4702,-0.181877,-0.0442893,0.0560339
426.973,1,1,45.3791,13.0181,-16.4702,0.181877,0.0442893,-0.0560339

orb:1,1,0.261525,1.00734,5.43275,0,0,-3.00087ptc:421.361,0,1,-49.5057,4.62623,-5.27086,-0.193941,0.0157143,-0.017904
421.361,1,1,49.5057,-4.62623,5.27086,0.193941,-0.0157143,0.017904

orb:1,1,4.54766,1.12085,5.42052,0,0,-2.58983ptc:430.845,0,1,-42.5802,17.0469,-19.908,-0.173811,0.0580678,-0.0678141
430.845,1,1,42.5802,-17.0469,19.908,0.173811,-0.0580678,0.0678141

orb:1,1,1.26656,1.03508,6.18283,0,0,-2.83669ptc:423.81,0,1,-47.6937,14.9347,-1.5039,-0.188621,0.0507634,-0.00511179
423.81,1,1,47.6937,-14.9347,1.5039,0.188621,-0.0507634,0.00511179

orb:1,1,0.507195,1.01419,0.725514,0,0,-2.94637ptc:421.974,0,1,-49.0503,7.25644,6.43553,-0.192601,0.0246526,0.0218636
421.974,1,1,49.0503,-7.25644,-6.43553,0.192601,-0.0246526,-0.0218636

orb:1,1,1.56475,1.04316,0.524838,0,0,-2.8042ptc:424.507,0,1,-47.1811,14.3236,8.29341,-0.187122,0.0486957,0.028195
424.507,1,1,47.1811,-14.3236,-8.29341,0.187122,-0.0486957,-0.028195

orb:1,1,3.588,1.09646,0.771466,0,0,-2.64519ptc:428.923,0,1,-43.9651,17.0714,16.6023,-0.17779,0.0581148,0.0565176
428.923,1,1,43.9651,-17.0714,-16.6023,0.17779,-0.0581148,-0.0565176

orb:1,1,3.35125,1.09036,2.19427,0,0,-2.66029ptc:428.433,0,1,-44.3197,-13.5144,18.7916,-0.178813,-0.0459986,0.0639607
428.433,1,1,44.3197,13.5144,-18.7916,0.178813,0.0459986,-0.0639607

orb:1,1,5.47547,1.14394,0.445777,0,0,-2.54331ptc:432.61,0,1,-41.3152,25.4092,12.142,-0.170198,0.0866058,0.0413852
432.61,1,1,41.3152,-25.4092,-12.142,0.170198,-0.0866058,-0.0413852

orb:1,1,3.15389,1.08525,0.826704,0,0,-2.67341ptc:428.019,0,1,-44.6194,15.2823,16.5999,-0.179678,0.0520092,0.0564935
428.019,1,1,44.6194,-15.2823,-16.5999,0.179678,-0.0520092,-0.0564935

orb:1,1,2.83146,1.07684,3.80993,0,0,-2.69598ptc:427.333,0,1,-45.1174,-16.9138,-13.3544,-0.181119,-0.0575497,-0.0454385
427.333,1,1,45.1174,16.9138,13.3544,0.181119,0.0575497,0.0454385

orb:1,1,0.968876,1.02694,1.88878,0,0,-2.8737ptc:423.101,0,1,-48.2166,-4.13786,12.5714,-0.190152,-0.0140619,0.0427222
423.101,1,1,48.2166,4.13786,-12.5714,0.190152,0.0140619,-0.0427222

orb:1,1,4.49961,1.11964,5.72693,0,0,-2.59241ptc:430.751,0,1,-42.6476,22.1647,-13.7807,-0.174004,0.0754986,-0.0469405
430.751,1,1,42.6476,-22.1647,13.7807,0.174004,-0.0754986,0.0469405

orb:1,1,1.16432,1.03229,1.58589,0,0,-2.8488ptc:423.568,0,1,-47.872,-0.217887,14.4298,-0.189142,-0.000740555,0.0490441
423.568,1,1,47.872,0.217887,-14.4298,0.189142,0.000740555,-0.0490441

orb:1,1,4.4413,1.11818,1.07038,0,0,-2.59557ptc:430.637,0,1,-42.7297,12.4577,22.7811,-0.174239,0.0424325,0.0775952
430.637,1,1,42.7297,-12.4577,-22.7811,0.174239,-0.0424325,-0.0775952

orb:1,1,2.98545,1.08086,5.58659,0,0,-2.68501ptc:427.662,0,1,-44.8783,16.9085,-14.1437,-0.180427,0.0575372,-0.048129
427.662,1,1,44.8783,-16.9085,14.1437,0.180427,-0.0575372,0.048129

orb:1,1,4.6526,1.12349,1.00929,0,0,-2.58427ptc:431.049,0,1,-42.4336,14.0815,22.3853,-0.173391,0.0479699,0.0762577
431.049,1,1,42.4336,-14.0815,-22.3853,0.173391,-0.0479699,-0.0762577

orb:1,1,4.44474,1.11826,5.34839,0,0,-2.59538ptc:430.644,0,1,-42.7249,15.4274,-20.8946,-0.174225,0.0525476,-0.0711697
430.644,1,1,42.7249,-15.4274,20.8946,0.174225,-0.0525476,0.0711697

orb:1,1,1.55209,1.04282,2.54388,0,0,-2.80551ptc:424.478,0,1,-47.2026,-13.6308,9.27972,-0.187185,-0.0463401,0.0315479
424.478,1,1,47.2026,13.6308,-9.27972,0.187185,0.0463401,-0.0315479

orb:1,1,2.68215,1.07293,2.07422,0,0,-2.70698ptc:427.011,0,1,-45.3516,-10.1566,18.4411,-0.181798,-0.0345548,0.0627399
427.011,1,1,45.3516,10.1566,-18.4411,0.181798,0.0345548,-0.0627399

orb:1,1,1.55054,1.04278,2.96034,0,0,-2.80567ptc:424.474,0,1,-47.2053,-16.2122,2.97105,-0.187192,-0.0551159,0.0101006
424.474,1,1,47.2053,16.2122,-2.97105,0.187192,0.0551159,-0.0101006

orb:1,1,2.83408,1.07691,0.339649,0,0,-2.69579ptc:427.339,0,1,-45.1133,20.3273,7.18249,-0.181107,0.0691641,0.0244386
427.339,1,1,45.1133,-20.3273,-7.18249,0.181107,-0.0691641,-0.0244386

orb:1,1,5.37608,1.14149,0.425121,0,0,-2.54802ptc:432.425,0,1,-41.4475,25.4769,11.5341,-0.170575,0.0868309,0.0393108
432.425,1,1,41.4475,-25.4769,-11.5341,0.170575,-0.0868309,-0.0393108

orb:1,1,4.35082,1.11589,0.488426,0,0,-2.60051ptc:430.459,0,1,-42.8577,22.7418,12.0843,-0.174606,0.077457,0.0411581
430.459,1,1,42.8577,-22.7418,-12.0843,0.174606,-0.077457,-0.0411581

orb:1,1,5.54929,1.14576,5.33127,0,0,-2.53985ptc:432.746,0,1,-41.2175,16.4198,-23.0545,-0.16992,0.0559687,-0.0785839
432.746,1,1,41.2175,-16.4198,23.0545,0.16992,-0.0559687,0.0785839

orb:1,1,2.07587,1.05688,5.61984,0,0,-2.7559ptc:425.673,0,1,-46.3269,14.8212,-11.5823,-0.184631,0.0504043,-0.0393896
425.673,1,1,46.3269,-14.8212,11.5823,0.184631,-0.0504043,0.0393896

orb:1,1,0.0390152,1.0011,2.37585,0,0,-3.08704ptc:420.797,0,1,-49.9256,-1.96513,1.88936,-0.195179,-0.00667416,0.00641683
420.797,1,1,49.9256,1.96513,-1.88936,0.195179,0.00667416,-0.00641683

orb:1,1,2.1599,1.05912,0.527405,0,0,-2.74865ptc:425.861,0,1,-46.1893,16.5438,9.63573,-0.184231,0.0562658,0.0327713
425.861,1,1,46.1893,-16.5438,-9.63573,0.184231,-0.0562658,-0.0327713

orb:1,1,1.98082,1.05434,0.386775,0,0,-2.76431ptc:425.459,0,1,-46.4835,17.0591,6.94799,-0.185087,0.0580113,0.0236275
425.459,1,1,46.4835,-17.0591,-6.94799,0.185087,-0.0580113,-0.0236275

orb:1,1,3.64153,1.09784,1.04252,0,0,-2.64187ptc:429.033,0,1,-43.8857,12.0766,20.6931,-0.177561,0.0411128,0.0704461
429.033,1,1,43.8857,-12.0766,-20.6931,0.177561,-0.0411128,-0.0704461

orb:1,1,2.15154,1.0589,3.58928,0,0,-2.74937ptc:425.843,0,1,-46.203,-17.2289,-8.27335,-0.18427,-0.0585955,-0.0281377
425.843,1,1,46.203,17.2289,8.27335,0.18427,0.0585955,0.0281377

orb:1,1,3.022,1.08182,2.01038,0,0,-2.68246ptc:427.74,0,1,-44.8219,-9.42976,20.0519,-0.180264,-0.032089,0.0682356
427.74,1,1,44.8219,9.42976,-20.0519,0.180264,0.032089,-0.0682356

orb:1,1,4.05364,1.10836,3.24504,0,0,-2.61726ptc:429.869,0,1,-43.2829,-24.898,-2.58475,-0.175826,-0.084784,-0.00880175
429.869,1,1,43.2829,24.898,2.58475,0.175826,0.084784,0.00880175

orb:1,1,0.7928,1.0221,2.58208,0,0,-2.89861ptc:422.675,0,1,-48.5312,-10.1957,6.38528,-0.191075,-0.0346448,0.021697
422.675,1,1,48.5312,10.1957,-6.38528,0.191075,0.0346448,-0.021697

orb:1,1,0.677815,1.01892,6.16291,0,0,-2.91652ptc:422.394,0,1,-48.7388,11.0785,-1.33893,-0.191685,0.0376415,-0.0045493
422.394,1,1,48.7388,-11.0785,1.33893,0.191685,-0.0376415,0.0045493

orb:1,1,5.02511,1.13279,2.16118,0,0,-2.56516ptc:431.764,0,1,-41.9206,-15.1706,22.6388,-0.171924,-0.0516927,0.0771402
431.764,1,1,41.9206,15.1706,-22.6388,0.171924,0.0516927,-0.0771402

orb:1,1,5.62715,1.14767,0.407131,0,0,-2.53623ptc:432.89,0,1,-41.1149,26.1272,11.2667,-0.169628,0.0890621,0.0384057
432.89,1,1,41.1149,-26.1272,-11.2667,0.169628,-0.0890621,-0.0384057

orb:1,1,4.59643,1.12208,4.03164,0,0,-2.58724ptc:430.94,0,1,-42.512,-16.565,-20.4532,-0.173615,-0.0564281,-0.0696734
430.94,1,1,42.512,16.565,20.4532,0.173615,0.0564281,0.0696734

orb:1,1,4.80764,1.12737,4.14876,0,0,-2.57619ptc:431.348,0,1,-42.2187,-14.3115,-22.6442,-0.172776,-0.0487584,-0.0771477
431.348,1,1,42.2187,14.3115,22.6442,0.172776,0.0487584,0.0771477

orb:1,1,0.388465,1.01089,3.45669,0,0,-2.97042ptc:421.679,0,1,-49.2693,-8.09735,-2.63943,-0.193245,-0.0275072,-0.00896632
421.679,1,1,49.2693,8.09735,2.63943,0.193245,0.0275072,0.00896632

orb:1,1,2.05526,1.05633,2.53795,0,0,-2.7577ptc:425.627,0,1,-46.3608,-15.4169,10.63,-0.18473,-0.0524297,0.0361504
425.627,1,1,46.3608,15.4169,-10.63,0.18473,0.0524297,-0.0361504

orb:1,1,3.97636,1.1064,6.15317,0,0,-2.62175ptc:429.713,0,1,-43.3948,24.6277,-3.2201,-0.176148,0.0838595,-0.0109647
429.713,1,1,43.3948,-24.6277,3.2201,0.176148,-0.0838595,0.0109647

orb:1,1,3.78586,1.10153,3.45672,0,0,-2.63305ptc:429.328,0,1,-43.6728,-23.1463,-7.54551,-0.176948,-0.0788052,-0.0256898
429.328,1,1,43.6728,23.1463,7.54551,0.176948,0.0788052,0.0256898

orb:1,1,5.03144,1.13295,4.64391,0,0,-2.56484ptc:431.776,0,1,-41.912,-1.86561,-27.2011,-0.1719,-0.00635696,-0.0926865
431.776,1,1,41.912,1.86561,27.2011,0.1719,0.00635696,0.0926865

orb:1,1,4.16885,1.11129,1.32098,0,0,-2.61067ptc:430.099,0,1,-43.1171,6.25878,24.5304,-0.17535,0.0213144,0.0835386
430.099,1,1,43.1171,-6.25878,-24.5304,0.17535,-0.0213144,-0.0835386

orb:1,1,5.55988,1.14602,0.485199,0,0,-2.53935ptc:432.766,0,1,-41.2035,25.0553,13.21,-0.16988,0.0854043,0.0450283
432.766,1,1,41.2035,-25.0553,-13.21,0.16988,-0.0854043,-0.0450283

orb:1,1,1.18484,1.03285,0.237422,0,0,-2.84632ptc:423.616,0,1,-47.8362,14.1418,3.42212,-0.189037,0.0480659,0.0116313
423.616,1,1,47.8362,-14.1418,-3.42212,0.189037,-0.0480659,-0.0116313

orb:1,1,2.367,1.06462,5.85143,0,0,-2.73147ptc:426.321,0,1,-45.8536,18.1066,-8.34249,-0.183255,0.0615893,-0.0283768
426.321,1,1,45.8536,-18.1066,8.34249,0.183255,-0.0615893,0.0283768

orb:1,1,0.664676,1.01856,0.271294,0,0,-2.91866ptc:422.362,0,1,-48.7627,10.6501,2.96235,-0.191755,0.0361858,0.0100651
422.362,1,1,48.7627,-10.6501,-2.96235,0.191755,-0.0361858,-0.0100651

orb:1,1,0.151158,1.00425,4.77535,0,0,-3.03442ptc:421.082,0,1,-49.7131,0.336544,-5.33797,-0.194553,0.00114308,-0.0181306
421.082,1,1,49.7131,-0.336544,5.33797,0.194553,-0.00114308,0.0181306

orb:1,1,3.14848,1.08511,3.51073,0,0,-2.67377ptc:428.008,0,1,-44.6277,-21.0282,-8.13523,-0.179702,-0.0715637,-0.0276861
428.008,1,1,44.6277,21.0282,8.13523,0.179702,0.0715637,0.0276861

orb:1,1,0.0274806,1.00077,4.37277,0,0,-3.0958ptc:420.768,0,1,-49.9476,-0.762407,-2.15791,-0.195244,-0.00258934,-0.00732884
420.768,1,1,49.9476,0.762407,2.15791,0.195244,0.00258934,0.00732884

orb:1,1,2.18781,1.05986,4.07511,0,0,-2.74628ptc:425.924,0,1,-46.1438,-11.4568,-15.4755,-0.184098,-0.0389654,-0.0526334
425.924,1,1,46.1438,11.4568,15.4755,0.184098,0.0389654,0.0526334

orb:1,1,4.65078,1.12344,0.744558,0,0,-2.58436ptc:431.046,0,1,-42.4362,19.445,17.9182,-0.173398,0.0662413,0.0610402
431.046,1,1,42.4362,-19.445,-17.9182,0.173398,-0.0662413,-0.0610402

orb:1,1,2.9831,1.0808,4.62397,0,0,-2.68518ptc:427.657,0,1,-44.8819,-1.94583,-21.9506,-0.180437,-0.00662139,-0.0746946
427.657,1,1,44.8819,1.94583,21.9506,0.180437,0.00662139,0.0746946

orb:1,1,2.52668,1.06883,0.925837,0,0,-2.71883ptc:426.672,0,1,-45.5979,12.3324,16.3933,-0.182512,0.0419528,0.0557674
426.672,1,1,45.5979,-12.3324,-16.3933,0.182512,-0.0419528,-0.0557674

orb:1,1,1.96916,1.05403,1.77538,0,0,-2.76536ptc:425.433,0,1,-46.5028,-3.73223,17.9879,-0.185143,-0.0126918,0.0611695
425.433,1,1,46.5028,3.73223,-17.9879,0.185143,0.0126918,-0.0611695

orb:1,1,2.3058,1.06299,3.32682,0,0,-2.73645ptc:426.186,0,1,-45.9523,-19.3703,-3.62942,-0.183542,-0.0658852,-0.0123449
426.186,1,1,45.9523,19.3703,3.62942,0.183542,0.0658852,0.0123449

orb:1,1,2.45692,1.06699,0.630553,0,0,-2.72429ptc:426.519,0,1,-45.7093,16.3679,11.9479,-0.182836,0.0556782,0.040643
426.519,1,1,45.7093,-16.3679,-11.9479,0.182836,-0.0556782,-0.040643

orb:1,1,1.74887,1.04813,2.29634,0,0,-2.78588ptc:424.931,0,1,-46.8699,-11.5543,13.0273,-0.186213,-0.0392858,0.0442943
424.931,1,1,46.8699,11.5543,-13.0273,0.186213,0.0392858,-0.0442943

orb:1,1,0.135782,1.00382,3.30125,0,0,-3.03999ptc:421.043,0,1,-49.7421,-5.00698,-0.806239,-0.194638,-0.0170063,-0.0027384
421.043,1,1,49.7421,5.00698,0.806239,0.194638,0.0170063,0.0027384

orb:1,1,1.84839,1.0508,0.07423,0,0,-2.77643ptc:425.159,0,1,-46.7033,17.8058,1.32416,-0.185728,0.0605454,0.00450256
425.159,1,1,46.7033,-17.8058,-1.32416,0.185728,-0.0605454,-0.00450256

orb:1,1,4.96867,1.13139,4.47234,0,0,-2.56799ptc:431.657,0,1,-41.9976,-6.45097,-26.355,-0.172144,-0.0219805,-0.0897995
431.657,1,1,41.9976,6.45097,26.355,0.172144,0.0219805,0.0897995

orb:1,1,3.14723,1.08507,0.647435,0,0,-2.67386ptc:428.005,0,1,-44.6296,17.9812,13.5968,-0.179708,0.0611942,0.0462728
428.005,1,1,44.6296,-17.9812,-13.5968,0.179708,-0.0611942,-0.0462728

orb:1,1,4.41801,1.11759,6.22337,0,0,-2.59683ptc:430.591,0,1,-42.7626,25.8643,-1.54898,-0.174333,0.0880958,-0.00527592
430.591,1,1,42.7626,-25.8643,1.54898,0.174333,-0.0880958,0.00527592

orb:1,1,2.59046,1.07052,4.21078,0,0,-2.71392ptc:426.812,0,1,-45.4966,-9.97159,-18.1832,-0.182218,-0.0339231,-0.0618589
426.812,1,1,45.4966,9.97159,18.1832,0.182218,0.0339231,0.0618589

orb:1,1,0.0936666,1.00264,5.32366,0,0,-3.05715ptc:420.937,0,1,-49.8218,2.42033,-3.45358,-0.194873,0.00822044,-0.0117298
420.937,1,1,49.8218,-2.42033,3.45358,0.194873,-0.00822044,0.0117298

orb:1,1,4.23034,1.11285,2.0685,0,0,-2.60721ptc:430.221,0,1,-43.0291,-12.1576,22.376,-0.175098,-0.0414045,0.076205
430.221,1,1,43.0291,12.1576,-22.376,0.175098,0.0414045,-0.076205

orb:1,1,5.03883,1.13314,2.79332,0,0,-2.56448ptc:431.79,0,1,-41.902,-25.6427,9.31004,-0.171871,-0.0873767,0.0317237
431.79,1,1,41.902,25.6427,-9.31004,0.171871,0.0873767,-0.0317237

orb:1,1,0.569775,1.01593,2.69359,0,0,-2.93488ptc:422.129,0,1,-48.9356,-9.2493,4.44517,-0.192263,-0.0314242,0.0151024
422.129,1,1,48.9356,9.2493,-4.44517,0.192263,0.0314242,-0.0151024

orb:1,1,0.448796,1.01257,3.28572,0,0,-2.95779ptc:421.829,0,1,-49.1578,-9.04385,-1.31259,-0.192917,-0.0307238,-0.00445915
421.829,1,1,49.1578,9.04385,1.31259,0.192917,0.0307238,0.00445915

orb:1,1,2.83674,1.07698,0.559134,0,0,-2.6956ptc:427.344,0,1,-45.1092,18.2832,11.4406,-0.181095,0.0622091,0.038927
427.344,1,1,45.1092,-18.2832,-11.4406,0.181095,-0.0622091,-0.038927

orb:1,1,0.880255,1.02451,1.83281,0,0,-2.8859ptc:422.887,0,1,-48.3744,-3.27564,12.2142,-0.190615,-0.0111312,0.0415058
422.887,1,1,48.3744,3.27564,-12.2142,0.190615,0.0111312,-0.0415058

orb:1,1,0.490842,1.01374,3.96021,0,0,-2.9495ptc:421.934,0,1,-49.0803,-6.52198,-6.97038,-0.192689,-0.0221571,-0.0236805
421.934,1,1,49.0803,6.52198,6.97038,0.192689,0.0221571,0.0236805

orb:1,1,4.27123,1.11388,0.711939,0,0,-2.60492ptc:430.302,0,1,-42.9708,19.3543,16.7009,-0.17493,0.0659158,0.0568791
430.302,1,1,42.9708,-19.3543,-16.7009,0.17493,-0.0659158,-0.0568791

orb:1,1,4.83645,1.12809,2.18726,0,0,-2.57471ptc:431.404,0,1,-42.179,-15.5235,21.9078,-0.172663,-0.0528889,0.0746401
431.404,1,1,42.179,15.5235,-21.9078,0.172663,0.0528889,-0.0746401

orb:1,1,1.19755,1.0332,6.21362,0,0,-2.8448ptc:423.647,0,1,-47.814,14.5874,-1.01635,-0.188972,0.0495808,-0.00345445
423.647,1,1,47.814,-14.5874,1.01635,0.188972,-0.0495808,0.00345445

orb:1,1,1.76625,1.04859,1.6598,0,0,-2.78421ptc:424.971,0,1,-46.8407,-1.5547,17.4221,-0.186128,-0.0052862,0.0592376
424.971,1,1,46.8407,1.5547,-17.4221,0.186128,0.0052862,-0.0592376

orb:1,1,4.91608,1.13008,1.98208,0,0,-2.57065ptc:431.556,0,1,-42.0696,-10.8028,24.7679,-0.17235,-0.0368073,0.0843889
431.556,1,1,42.0696,10.8028,-24.7679,0.17235,0.0368073,-0.0843889

orb:1,1,4.02345,1.1076,5.90879,0,0,-2.61901ptc:429.808,0,1,-43.3265,23.2274,-9.12675,-0.175952,0.0790938,-0.0310783
429.808,1,1,43.3265,-23.2274,9.12675,0.175952,-0.0790938,0.0310783

orb:1,1,0.150953,1.00424,6.2783,0,0,-3.03449ptc:421.082,0,1,-49.7135,5.34491,-0.0260899,-0.194554,0.0181542,-8.86156e-05
421.082,1,1,49.7135,-5.34491,0.0260899,0.194554,-0.0181542,8.86156e-05

orb:1,1,5.31735,1.14004,5.23116,0,0,-2.55084ptc:432.315,0,1,-41.526,13.8081,-24.1853,-0.170799,0.0470592,-0.0824258
432.315,1,1,41.526,-13.8081,24.1853,0.170799,-0.0470592,0.0824258

orb:1,1,3.85822,1.10338,0.549036,0,0,-2.62871ptc:429.475,0,1,-43.5668,20.9285,12.8036,-0.176643,0.0712577,0.0435939
429.475,1,1,43.5668,-20.9285,-12.8036,0.176643,-0.0712577,-0.0435939

orb:1,1,5.05929,1.13364,0.919843,0,0,-2.56346ptc:431.829,0,1,-41.8741,16.5564,21.7358,-0.171792,0.056416,0.074065
431.829,1,1,41.8741,-16.5564,-21.7358,0.171792,-0.056416,-0.074065

orb:1,1,1.69592,1.0467,0.169793,0,0,-2.79103ptc:424.81,0,1,-46.959,16.9244,2.90159,-0.186473,0.0575426,0.00986535
424.81,1,1,46.959,-16.9244,-2.90159,0.186473,-0.0575426,-0.00986535

orb:1,1,0.847104,1.02359,1.44735,0,0,-2.89063ptc:422.807,0,1,-48.4337,1.52892,12.3222,-0.190789,0.00519542,0.0418721
422.807,1,1,48.4337,-1.52892,-12.3222,0.190789,-0.00519542,-0.0418721

orb:1,1,1.0323,1.02868,0.337792,0,0,-2.86534ptc:423.253,0,1,-48.1042,12.8669,4.51955,-0.189823,0.0437281,0.0153597
423.253,1,1,48.1042,-12.8669,-4.51955,0.189823,-0.0437281,-0.0153597

orb:1,1,4.5844,1.12178,1.76654,0,0,-2.58788ptc:430.917,0,1,-42.5288,-5.11393,25.7905,-0.173663,-0.0174203,0.087854
430.917,1,1,42.5288,5.11393,-25.7905,0.173663,0.0174203,-0.087854

orb:1,1,4.17196,1.11137,2.79691,0,0,-2.6105ptc:430.105,0,1,-43.1127,-23.8343,8.55699,-0.175338,-0.0811683,0.029141
430.105,1,1,43.1127,23.8343,-8.55699,0.175338,0.0811683,-0.029141

orb:1,1,4.43297,1.11797,3.89886,0,0,-2.59602ptc:430.621,0,1,-42.7415,-18.855,-17.8229,-0.174273,-0.0642221,-0.0607068
430.621,1,1,42.7415,18.855,17.8229,0.174273,0.0642221,0.0607068

orb:1,1,2.73337,1.07427,2.32308,0,0,-2.70317ptc:427.122,0,1,-45.271,-14.5038,15.4976,-0.181564,-0.0493463,0.0527274
427.122,1,1,45.271,14.5038,-15.4976,0.181564,0.0493463,-0.0527274

orb:1,1,0.47677,1.01335,0.674823,0,0,-2.95223ptc:421.899,0,1,-49.1062,7.34882,5.88005,-0.192765,0.0249659,0.0199761
421.899,1,1,49.1062,-7.34882,-5.88005,0.192765,-0.0249659,-0.0199761

orb:1,1,3.46882,1.09339,5.04883,0,0,-2.65271ptc:428.677,0,1,-44.143,7.75202,-22.1654,-0.178302,0.0263875,-0.0754499
428.677,1,1,44.143,-7.75202,22.1654,0.178302,-0.0263875,0.0754499

orb:1,1,2.34007,1.0639,1.96276,0,0,-2.73365ptc:426.262,0,1,-45.897,-7.57742,18.3316,-0.183381,-0.025774,0.0623536
426.262,1,1,45.897,7.57742,-18.3316,0.183381,0.025774,-0.0623536

orb:1,1,4.1367,1.11047,3.91357,0,0,-2.6125ptc:430.035,0,1,-43.1633,-18.0836,-17.6045,-0.175483,-0.0615825,-0.059951
430.035,1,1,43.1633,18.0836,17.6045,0.175483,0.0615825,0.059951

orb:1,1,4.96558,1.13131,2.86351,0,0,-2.56815ptc:431.651,0,1,-42.0019,-26.0844,7.44642,-0.172156,-0.0888774,0.0253722
431.651,1,1,42.0019,26.0844,-7.44642,0.172156,0.0888774,-0.0253722

orb:1,1,3.21112,1.08673,1.112,0,0,-2.66955ptc:428.14,0,1,-44.5321,10.0687,20.3841,-0.179426,0.0342674,0.0693745
428.14,1,1,44.5321,-10.0687,-20.3841,0.179426,-0.0342674,-0.0693745

orb:1,1,1.50687,1.0416,0.288765,0,0,-2.81022ptc:424.373,0,1,-47.2798,15.5938,4.6324,-0.18741,0.0530119,0.0157481
424.373,1,1,47.2798,-15.5938,-4.6324,0.18741,-0.0530119,-0.0157481

orb:1,1,1.95323,1.05361,2.67289,0,0,-2.7668ptc:425.397,0,1,-46.5291,-16.3301,8.26848,-0.18522,-0.0555316,0.0281174
425.397,1,1,46.5291,16.3301,-8.26848,0.18522,0.0555316,-0.0281174

orb:1,1,5.33946,1.14059,4.10424,0,0,-2.54977ptc:432.356,0,1,-41.4964,-15.9371,-22.8923,-0.170714,-0.0543157,-0.0780203
432.356,1,1,41.4964,15.9371,22.8923,0.170714,0.0543157,0.0780203

orb:1,1,2.66886,1.07258,1.29739,0,0,-2.70797ptc:426.982,0,1,-45.3726,5.67231,20.2276,-0.181858,0.0192981,0.0688174
426.982,1,1,45.3726,-5.67231,-20.2276,0.181858,-0.0192981,-0.0688174

orb:1,1,1.99693,1.05477,3.38277,0,0,-2.76287ptc:425.495,0,1,-46.4569,-17.9517,-4.4154,-0.185009,-0.0610476,-0.0150153
425.495,1,1,46.4569,17.9517,4.4154,0.185009,0.0610476,0.0150153

orb:1,1,0.863355,1.02404,5.38308,0,0,-2.8883ptc:422.846,0,1,-48.4046,7.78752,-9.81564,-0.190704,0.026463,-0.0333548
422.846,1,1,48.4046,-7.78752,9.81564,0.190704,-0.026463,0.0333548

orb:1,1,0.493068,1.0138,1.49306,0,0,-2.94907ptc:421.939,0,1,-49.0762,0.74294,9.53794,-0.192677,0.00252399,0.0324033
421.939,1,1,49.0762,-0.74294,-9.53794,0.192677,-0.00252399,-0.0324033

orb:1,1,0.912323,1.02539,2.17531,0,0,-2.88141ptc:422.964,0,1,-48.3172,-7.31069,10.5832,-0.190447,-0.0248434,0.0359642
422.964,1,1,48.3172,7.31069,-10.5832,0.190447,0.0248434,-0.0359642

orb:1,1,1.9475,1.05345,1.30765,0,0,-2.76732ptc:425.384,0,1,-46.5386,4.75508,17.6507,-0.185247,0.0161699,0.0600221
425.384,1,1,46.5386,-4.75508,-17.6507,0.185247,-0.0161699,-0.0600221

orb:1,1,4.56478,1.12128,2.08683,0,0,-2.58892ptc:430.878,0,1,-42.5562,-12.9517,22.8303,-0.173742,-0.0441187,0.0777691
430.878,1,1,42.5562,12.9517,-22.8303,0.173742,0.0441187,-0.0777691

orb:1,1,4.37252,1.11644,5.52631,0,0,-2.59932ptc:430.502,0,1,-42.8269,18.7592,-17.7186,-0.174518,0.0638932,-0.060349
430.502,1,1,42.8269,-18.7592,17.7186,0.174518,-0.0638932,0.060349

orb:1,1,4.61281,1.12249,0.027304,0,0,-2.58637ptc:430.972,0,1,-42.4891,26.3469,0.719554,-0.17355,0.089751,0.00245117
430.972,1,1,42.4891,-26.3469,-0.719554,0.17355,-0.089751,-0.00245117

orb:1,1,5.52607,1.14519,0.321906,0,0,-2.54093ptc:432.703,0,1,-41.2482,26.8077,8.94053,-0.170007,0.0913758,0.0304743
432.703,1,1,41.2482,-26.8077,-8.94053,0.170007,-0.0913758,-0.0304743

orb:1,1,1.9451,1.05339,3.4596,0,0,-2.76753ptc:425.378,0,1,-46.5426,-17.3538,-5.7125,-0.185259,-0.0590124,-0.0194256
425.378,1,1,46.5426,17.3538,5.7125,0.185259,0.0590124,0.0194256

orb:1,1,5.61983,1.14749,1.52487,0,0,-2.53657ptc:432.876,0,1,-41.1245,1.30553,28.409,-0.169655,0.00445026,0.0968399
432.876,1,1,41.1245,-1.30553,-28.409,0.169655,-0.00445026,-0.0968399

orb:1,1,1.39052,1.03845,0.775721,0,0,-2.82271ptc:424.101,0,1,-47.4793,11.1908,10.9763,-0.187993,0.0380411,0.0373118
424.101,1,1,47.4793,-11.1908,-10.9763,0.187993,-0.0380411,-0.0373118

orb:1,1,2.7034,1.07348,1.41203,0,0,-2.70539ptc:427.057,0,1,-45.3182,3.33987,20.8593,-0.181701,0.011363,0.0709682
427.057,1,1,45.3182,-3.33987,-20.8593,0.181701,-0.011363,-0.0709682

orb:1,1,2.81347,1.07637,1.50506,0,0,-2.69729ptc:427.294,0,1,-45.1455,1.41183,21.445,-0.1812,0.00480371,0.0729662
427.294,1,1,45.1455,-1.41183,-21.445,0.1812,-0.00480371,-0.0729662

orb:1,1,1.21995,1.03381,6.2491,0,0,-2.84214ptc:423.7,0,1,-47.7749,14.7414,-0.502626,-0.188858,0.0501049,-0.00170839
423.7,1,1,47.7749,-14.7414,0.502626,0.188858,-0.0501049,0.00170839

orb:1,1,3.0635,1.0829,0.0226341,0,0,-2.67959ptc:427.828,0,1,-44.758,22.2815,0.504409,-0.180079,0.0758249,0.00171652
427.828,1,1,44.758,-22.2815,-0.504409,0.180079,-0.0758249,-0.00171652

orb:1,1,2.53003,1.06892,5.8067,0,0,-2.71857ptc:426.68,0,1,-45.5926,18.2396,-9.41438,-0.182497,0.0620484,-0.0320263
426.68,1,1,45.5926,-18.2396,9.41438,0.182497,-0.0620484,0.0320263

orb:1,1,0.231376,1.0065,1.21385,0,0,-3.00916ptc:421.285,0,1,-49.5622,2.30691,6.18603,-0.194108,0.00783593,0.0210122
421.285,1,1,49.5622,-2.30691,-6.18603,0.194108,-0.00783593,-0.0210122

orb:1,1,4.40901,1.11736,2.79909,0,0,-2.59732ptc:430.574,0,1,-42.7753,-24.3859,8.695,-0.17437,-0.0830596,0.0296156
430.574,1,1,42.7753,24.3859,-8.695,0.17437,0.0830596,-0.0296156

orb:1,1,1.63907,1.04517,4.45832,0,0,-2.79666ptc:424.679,0,1,-47.055,-4.24929,-16.3637,-0.186753,-0.014447,-0.0556343
424.679,1,1,47.055,4.24929,16.3637,0.186753,0.014447,0.0556343

orb:1,1,1.05864,1.0294,2.34484,0,0,-2.86195ptc:423.316,0,1,-48.0577,-9.64697,9.86865,-0.189686,-0.0327858,0.0335392
423.316,1,1,48.0577,9.64697,-9.86865,0.189686,0.0327858,-0.0335392

orb:1,1,2.30555,1.06299,6.1385,0,0,-2.73647ptc:426.186,0,1,-45.9527,19.5006,-2.84121,-0.183543,0.0663283,-0.00966392
426.186,1,1,45.9527,-19.5006,2.84121,0.183543,-0.0663283,0.00966392

orb:1,1,0.444748,1.01246,1.98216,0,0,-2.95861ptc:421.819,0,1,-49.1652,-3.63805,8.33931,-0.192939,-0.0123592,0.0283303
421.819,1,1,49.1652,3.63805,-8.33931,0.192939,0.0123592,-0.0283303

orb:1,1,0.668091,1.01865,0.0807683,0,0,-2.9181ptc:422.371,0,1,-48.7565,11.0456,0.894082,-0.191737,0.0375297,0.00303782
422.371,1,1,48.7565,-11.0456,-0.894082,0.191737,-0.0375297,-0.00303782

orb:1,1,4.12078,1.11007,3.66997,0,0,-2.61341ptc:430.003,0,1,-43.1861,-21.762,-12.7032,-0.175549,-0.0741085,-0.0432597
430.003,1,1,43.1861,21.762,12.7032,0.175549,0.0741085,0.0432597

orb:1,1,0.778946,1.02172,0.373106,0,0,-2.90069ptc:422.641,0,1,-48.5561,11.1084,4.34828,-0.191148,0.0377457,0.0147752
422.641,1,1,48.5561,-11.1084,-4.34828,0.191148,-0.0377457,-0.0147752

orb:1,1,5.42811,1.14278,6.1615,0,0,-2.54555ptc:432.522,0,1,-41.3781,27.8611,-3.40723,-0.170377,0.0949601,-0.011613
432.522,1,1,41.3781,-27.8611,3.40723,0.170377,-0.0949601,0.011613

orb:1,1,0.55929,1.01564,5.68308,0,0,-2.93676ptc:422.103,0,1,-48.9548,8.3932,-5.74334,-0.19232,0.0285155,-0.0195127
422.103,1,1,48.9548,-8.3932,5.74334,0.19232,-0.0285155,0.0195127

orb:1,1,5.07391,1.13401,4.93042,0,0,-2.56273ptc:431.857,0,1,-41.8543,5.91675,-26.7061,-0.171735,0.0201616,-0.0910021
431.857,1,1,41.8543,-5.91675,26.7061,0.171735,-0.0201616,0.0910021

orb:1,1,3.38497,1.09123,5.96884,0,0,-2.6581ptc:428.503,0,1,-44.2689,22.1046,-7.18688,-0.178666,0.0752388,-0.0244624
428.503,1,1,44.2689,-22.1046,7.18688,0.178666,-0.0752388,0.0244624

orb:1,1,5.30643,1.13977,3.45619,0,0,-2.55136ptc:432.295,0,1,-41.5406,-26.4619,-8.6108,-0.17084,-0.0901839,-0.0293462
432.295,1,1,41.5406,26.4619,8.6108,0.17084,0.0901839,0.0293462

orb:1,1,0.20308,1.00571,1.12557,0,0,-3.01747ptc:421.214,0,1,-49.6153,2.66591,5.58684,-0.194264,0.00905519,0.0189766
421.214,1,1,49.6153,-2.66591,-5.58684,0.194264,-0.00905519,-0.0189766

orb:1,1,4.87947,1.12917,6.03373,0,0,-2.57251ptc:431.486,0,1,-42.1198,26.1089,-6.65154,-0.172493,0.0889559,-0.0226625
431.486,1,1,42.1198,-26.1089,6.65154,0.172493,-0.0889559,0.0226625

orb:1,1,2.20074,1.06021,1.90222,0,0,-2.74519ptc:425.953,0,1,-46.1228,-6.28167,18.2546,-0.184037,-0.0213646,0.062086
425.953,1,1,46.1228,6.28167,-18.2546,0.184037,0.0213646,-0.062086

orb:1,1,4.01075,1.10727,1.5656,0,0,-2.61974ptc:429.782,0,1,-43.3449,0.129513,24.9239,-0.176005,0.000441012,0.0848699
429.782,1,1,43.3449,-0.129513,-24.9239,0.176005,-0.000441012,-0.0848699

orb:1,1,5.16248,1.13621,4.36093,0,0,-2.55836ptc:432.024,0,1,-41.7343,-9.47993,-25.853,-0.171393,-0.0323052,-0.0881006
432.024,1,1,41.7343,9.47993,25.853,0.171393,0.0323052,0.0881006

orb:1,1,4.91037,1.12994,4.6433,0,0,-2.57094ptc:431.545,0,1,-42.0774,-1.86456,-26.9446,-0.172372,-0.00635289,-0.0918051
431.545,1,1,42.0774,1.86456,26.9446,0.172372,0.00635289,0.0918051

orb:1,1,3.17437,1.08578,6.14946,0,0,-2.67202ptc:428.062,0,1,-44.5882,22.4231,-3.01647,-0.179588,0.0763124,-0.0102659
428.062,1,1,44.5882,-22.4231,3.01647,0.179588,-0.0763124,0.0102659

orb:1,1,4.98282,1.13174,1.01929,0,0,-2.56728ptc:431.684,0,1,-41.9783,14.2325,23.1356,-0.172089,0.048495,0.078831
431.684,1,1,41.9783,-14.2325,-23.1356,0.172089,-0.048495,-0.078831

orb:1,1,1.20637,1.03344,3.57797,0,0,-2.84375ptc:423.667,0,1,-47.7986,-13.298,-6.20165,-0.188927,-0.0451986,-0.0210787
423.667,1,1,47.7986,13.298,6.20165,0.188927,0.0451986,0.0210787

orb:1,1,1.92329,1.05281,5.90529,0,0,-2.76952ptc:425.329,0,1,-46.5787,16.8949,-6.70694,-0.185364,0.0574509,-0.0228069
425.329,1,1,46.5787,-16.8949,6.70694,0.185364,-0.0574509,0.0228069

orb:1,1,4.43115,1.11792,0.475424,0,0,-2.59612ptc:430.617,0,1,-42.744,23.0643,11.8737,-0.17428,0.0785595,0.0404431
430.617,1,1,42.744,-23.0643,-11.8737,0.17428,-0.0785595,-0.0404431

orb:1,1,0.470579,1.01317,3.8527,0,0,-2.95344ptc:421.883,0,1,-49.1176,-7.08546,-6.10382,-0.192799,-0.0240711,-0.0207362
421.883,1,1,49.1176,7.08546,6.10382,0.192799,0.0240711,0.0207362

orb:1,1,1.86199,1.05116,0.028668,0,0,-2.77516ptc:425.19,0,1,-46.6807,17.9068,0.513492,-0.185661,0.0608894,0.00174606
425.19,1,1,46.6807,-17.9068,-0.513492,0.185661,-0.0608894,-0.00174606

orb:1,1,3.65026,1.09806,1.94188,0,0,-2.64133ptc:429.051,0,1,-43.8727,-8.69674,22.3506,-0.177524,-0.0296068,0.0760893
429.051,1,1,43.8727,8.69674,-22.3506,0.177524,0.0296068,-0.0760893

orb:1,1,4.61729,1.1226,0.860018,0,0,-2.58613ptc:430.981,0,1,-42.4828,17.2023,19.9822,-0.173532,0.0586001,0.0680698
430.981,1,1,42.4828,-17.2023,-19.9822,0.173532,-0.0586001,-0.0680698

orb:1,1,0.00855744,1.00024,4.09902,0,0,-3.11603ptc:420.719,0,1,-49.9837,-0.735551,-1.0449,-0.195351,-0.0024981,-0.0035487
420.719,1,1,49.9837,0.735551,1.0449,0.195351,0.0024981,0.0035487

orb:1,1,4.90772,1.12987,5.59342,0,0,-2.57107ptc:431.54,0,1,-42.0811,20.8302,-17.1839,-0.172383,0.0709722,-0.0585484
431.54,1,1,42.0811,-20.8302,17.1839,0.172383,-0.0709722,0.0585484

orb:1,1,3.84303,1.103,2.15423,0,0,-2.62962ptc:429.444,0,1,-43.589,-13.494,20.4428,-0.176707,-0.0459442,0.0696034
429.444,1,1,43.589,13.494,-20.4428,0.176707,0.0459442,-0.0696034

orb:1,1,4.92043,1.13019,1.94396,0,0,-2.57043ptc:431.565,0,1,-42.0636,-9.85426,25.1703,-0.172333,-0.0335754,0.0857602
431.565,1,1,42.0636,9.85426,-25.1703,0.172333,0.0335754,-0.0857602

orb:1,1,0.829569,1.02311,5.78942,0,0,-2.89318ptc:422.764,0,1,-48.4651,10.8251,-5.82644,-0.190881,0.0367842,-0.0197985
422.764,1,1,48.4651,-10.8251,5.82644,0.190881,-0.0367842,0.0197985

orb:1,1,1.03789,1.02883,2.4862,0,0,-2.86462ptc:423.266,0,1,-48.0944,-10.8396,8.33283,-0.189794,-0.0368385,0.0283193
423.266,1,1,48.0944,10.8396,-8.33283,0.189794,0.0368385,-0.0283193

orb:1,1,0.2874,1.00807,3.00558,0,0,-2.99413ptc:421.426,0,1,-49.4573,-7.27863,0.99617,-0.193799,-0.0247244,0.00338384
421.426,1,1,49.4573,7.27863,-0.99617,0.193799,0.0247244,-0.00338384

orb:1,1,4.71816,1.12513,3.72446,0,0,-2.58083ptc:431.176,0,1,-42.3425,-22.201,-14.6365,-0.17313,-0.0756333,-0.0498628
431.176,1,1,42.3425,22.201,14.6365,0.17313,0.0756333,0.0498628

orb:1,1,3.72735,1.10004,4.82959,0,0,-2.6366ptc:429.209,0,1,-43.7589,2.82852,-24.0242,-0.177196,0.00962976,-0.0817909
429.209,1,1,43.7589,-2.82852,24.0242,0.177196,-0.00962976,0.0817909

orb:1,1,1.29994,1.03599,6.0712,0,0,-2.83285ptc:423.888,0,1,-47.6358,14.853,-3.1966,-0.188451,0.0504868,-0.0108656
423.888,1,1,47.6358,-14.853,3.1966,0.188451,-0.0504868,0.0108656

orb:1,1,5.14991,1.13589,2.22691,0,0,-2.55898ptc:432,0,1,-41.7513,-16.7826,21.7985,-0.171441,-0.0571904,0.0742832
432,1,1,41.7513,16.7826,-21.7985,0.171441,0.0571904,-0.0742832

orb:1,1,4.85843,1.12864,0.754871,0,0,-2.57359ptc:431.446,0,1,-42.1488,19.5912,18.4301,-0.172576,0.0667483,0.0627925
431.446,1,1,42.1488,-19.5912,-18.4301,0.172576,-0.0667483,-0.0627925

orb:1,1,2.083,1.05707,0.838106,0,0,-2.75528ptc:425.689,0,1,-46.3152,12.6008,14.0044,-0.184597,0.0428533,0.0476267
425.689,1,1,46.3152,-12.6008,-14.0044,0.184597,-0.0428533,-0.0476267

orb:1,1,3.1446,1.085,0.668418,0,0,-2.67404ptc:428,0,1,-44.6337,17.6857,13.9661,-0.179719,0.0601884,0.0475297
428,1,1,44.6337,-17.6857,-13.9661,0.179719,-0.0601884,-0.0475297

orb:1,1,3.17957,1.08591,4.99594,0,0,-2.67167ptc:428.073,0,1,-44.5802,6.33405,-21.7367,-0.179565,0.0215567,-0.0739763
428.073,1,1,44.5802,-6.33405,21.7367,0.179565,-0.0215567,0.0739763

orb:1,1,2.94173,1.07972,3.42175,0,0,-2.68809ptc:427.569,0,1,-44.9459,-21.0517,-6.05719,-0.180623,-0.0716339,-0.0206112
427.569,1,1,44.9459,21.0517,6.05719,0.180623,0.0716339,0.0206112

orb:1,1,3.19621,1.08634,5.26059,0,0,-2.67055ptc:428.108,0,1,-44.5548,11.8253,-19.3656,-0.179492,0.0402456,-0.0659077
428.108,1,1,44.5548,-11.8253,19.3656,0.179492,-0.0402456,0.0659077

orb:1,1,3.00726,1.08143,3.0205,0,0,-2.68349ptc:427.709,0,1,-44.8446,-21.9505,2.67113,-0.180329,-0.0746958,0.00908963
427.709,1,1,44.8446,21.9505,-2.67113,0.180329,0.0746958,-0.00908963

orb:1,1,5.19559,1.13703,5.39671,0,0,-2.55674ptc:432.087,0,1,-41.6896,17.4497,-21.389,-0.171265,0.0594653,-0.0728897
432.087,1,1,41.6896,-17.4497,21.389,0.171265,-0.0594653,0.0728897

orb:1,1,2.34727,1.06409,1.88676,0,0,-2.73307ptc:426.278,0,1,-45.8854,-6.17199,18.8795,-0.183347,-0.0209937,0.0642175
426.278,1,1,45.8854,6.17199,-18.8795,0.183347,0.0209937,-0.0642175

orb:1,1,3.84104,1.10294,4.1741,0,0,-2.62974ptc:429.44,0,1,-43.5919,-12.5551,-21.0265,-0.176715,-0.0427472,-0.0715907
429.44,1,1,43.5919,12.5551,21.0265,0.176715,0.0427472,0.0715907

orb:1,1,1.04771,1.0291,5.09896,0,0,-2.86335ptc:423.29,0,1,-48.077,5.17758,-12.7198,-0.189743,0.0175962,-0.0432286
423.29,1,1,48.077,-5.17758,12.7198,0.189743,-0.0175962,0.0432286

orb:1,1,2.07424,1.05684,5.55841,0,0,-2.75604ptc:425.669,0,1,-46.3296,14.0771,-12.4661,-0.184639,0.0478739,-0.0423951
425.669,1,1,46.3296,-14.0771,12.4661,0.184639,-0.0478739,0.0423951

orb:1,1,5.39555,1.14197,4.93126,0,0,-2.5471ptc:432.461,0,1,-41.4215,6.08048,-27.3365,-0.170501,0.0207239,-0.0931703
432.461,1,1,41.4215,-6.08048,27.3365,0.170501,-0.0207239,0.0931703

orb:1,1,0.0903564,1.00254,2.60741,0,0,-3.05865ptc:420.928,0,1,-49.8281,-3.56536,2.10907,-0.194892,-0.0121094,0.00716325
420.928,1,1,49.8281,3.56536,-2.10907,0.194892,0.0121094,-0.00716325

orb:1,1,1.11068,1.03082,0.954373,0,0,-2.85539ptc:423.44,0,1,-47.9661,8.16055,11.5177,-0.189418,0.0277351,0.0391449
423.44,1,1,47.9661,-8.16055,-11.5177,0.189418,-0.0277351,-0.0391449

orb:1,1,1.22678,1.03399,4.02139,0,0,-2.84133ptc:423.716,0,1,-47.763,-9.42479,-11.3962,-0.188823,-0.0320343,-0.0387348
423.716,1,1,47.763,9.42479,11.3962,0.188823,0.0320343,0.0387348

orb:1,1,1.69939,1.0468,4.76837,0,0,-2.79069ptc:424.818,0,1,-46.9531,0.961695,-17.1604,-0.186456,0.00326975,-0.0583451
424.818,1,1,46.9531,-0.961695,17.1604,0.186456,-0.00326975,0.0583451

orb:1,1,3.84017,1.10292,5.06123,0,0,-2.62979ptc:429.438,0,1,-43.5932,8.37006,-23.0125,-0.176719,0.0284982,-0.0783524
429.438,1,1,43.5932,-8.37006,23.0125,0.176719,-0.0284982,0.0783524

orb:1,1,2.60782,1.07097,2.19898,0,0,-2.71259ptc:426.849,0,1,-45.4691,-12.2225,16.8278,-0.182138,-0.0415813,0.0572484
426.849,1,1,45.4691,12.2225,-16.8278,0.182138,0.0415813,-0.0572484

orb:1,1,4.20924,1.11231,4.44674,0,0,-2.60839ptc:430.179,0,1,-43.0593,-6.67218,-24.5231,-0.175184,-0.0227228,-0.0835158
430.179,1,1,43.0593,6.67218,24.5231,0.175184,0.0227228,0.0835158

orb:1,1,2.40768,1.06569,2.10765,0,0,-2.7282ptc:426.411,0,1,-45.7882,-10.2726,17.2601,-0.183065,-0.0349431,0.0587116
426.411,1,1,45.7882,10.2726,-17.2601,0.183065,0.0349431,-0.0587116

orb:1,1,3.46338,1.09325,0.949209,0,0,-2.65306ptc:428.666,0,1,-44.1511,13.6652,19.0773,-0.178326,0.0465155,0.0649378
428.666,1,1,44.1511,-13.6652,-19.0773,0.178326,-0.0465155,-0.0649378

orb:1,1,0.952385,1.02649,1.66883,0,0,-2.87592ptc:423.061,0,1,-48.2459,-1.28492,13.0647,-0.190238,-0.00436659,0.044398
423.061,1,1,48.2459,1.28492,-13.0647,0.190238,0.00436659,-0.044398

orb:1,1,4.52781,1.12035,2.29293,0,0,-2.5909ptc:430.806,0,1,-42.608,-17.2941,19.6334,-0.17389,-0.0589091,0.0668777
430.806,1,1,42.608,17.2941,-19.6334,0.17389,0.0589091,-0.0668777

orb:1,1,0.548113,1.01533,0.461465,0,0,-2.93878ptc:422.075,0,1,-48.9752,9.01773,4.48429,-0.19238,0.0306371,0.0152351
422.075,1,1,48.9752,-9.01773,-4.48429,0.19238,-0.0306371,-0.0152351

orb:1,1,4.98541,1.13181,2.56362,0,0,-2.56715ptc:431.689,0,1,-41.9748,-22.7555,14.8427,-0.172079,-0.0775359,0.0505743
431.689,1,1,41.9748,22.7555,-14.8427,0.172079,0.0775359,-0.0505743

orb:1,1,0.613723,1.01715,5.70113,0,0,-2.92721ptc:422.237,0,1,-48.8554,8.88579,-5.84778,-0.192027,0.0301901,-0.0198683
422.237,1,1,48.8554,-8.88579,5.84778,0.192027,-0.0301901,0.0198683

orb:1,1,3.127,1.08455,3.91227,0,0,-2.67523ptc:427.962,0,1,-44.6606,-16.1294,-15.6613,-0.179797,-0.0548912,-0.0532981
427.962,1,1,44.6606,16.1294,15.6613,0.179797,0.0548912,0.0532981

orb:1,1,3.59925,1.09675,1.23236,0,0,-2.64449ptc:428.946,0,1,-43.9484,7.91642,22.4915,-0.177742,0.0269494,0.0765665
428.946,1,1,43.9484,-7.91642,-22.4915,0.177742,-0.0269494,-0.0765665

orb:1,1,1.62483,1.04479,2.65425,0,0,-2.79809ptc:424.646,0,1,-47.0791,-14.8788,7.88538,-0.186824,-0.0505853,0.0268089
424.646,1,1,47.0791,14.8788,-7.88538,0.186824,0.0505853,-0.0268089

orb:1,1,0.686092,1.01915,3.59122,0,0,-2.91517ptc:422.415,0,1,-48.7238,-10.1088,-4.87849,-0.191641,-0.0343471,-0.0165758
422.415,1,1,48.7238,10.1088,4.87849,0.191641,0.0343471,0.0165758

orb:1,1,4.6215,1.12271,0.567885,0,0,-2.58591ptc:430.989,0,1,-42.477,22.2363,14.1865,-0.173515,0.0757484,0.0483267
430.989,1,1,42.477,-22.2363,-14.1865,0.173515,-0.0757484,-0.0483267

orb:1,1,1.36068,1.03764,0.657018,0,0,-2.82601ptc:424.031,0,1,-47.5308,12.2879,9.47812,-0.188144,0.0417695,0.0322184
424.031,1,1,47.5308,-12.2879,-9.47812,0.188144,-0.0417695,-0.0322184

orb:1,1,2.03025,1.05566,5.2223,0,0,-2.75991ptc:425.571,0,1,-46.4019,9.0905,-16.255,-0.184849,0.0309143,-0.0552788
425.571,1,1,46.4019,-9.0905,16.255,0.184849,-0.0309143,0.0552788

orb:1,1,2.90647,1.0788,3.78457,0,0,-2.6906ptc:427.494,0,1,-45.0006,-17.4414,-13.0668,-0.180781,-0.0593475,-0.0444622
427.494,1,1,45.0006,17.4414,13.0668,0.180781,0.0593475,0.0444622

orb:1,1,0.792709,1.0221,3.79514,0,0,-2.89862ptc:422.675,0,1,-48.5313,-9.55061,-7.314,-0.191076,-0.0324527,-0.0248527
422.675,1,1,48.5313,9.55061,7.314,0.191076,0.0324527,0.0248527

orb:1,1,4.91373,1.13002,4.32987,0,0,-2.57077ptc:431.552,0,1,-42.0728,-10.0839,-25.0637,-0.172359,-0.0343578,-0.0853968
431.552,1,1,42.0728,10.0839,25.0637,0.172359,0.0343578,0.0853968

orb:1,1,0.210962,1.00593,6.24737,0,0,-3.0151ptc:421.234,0,1,-49.6005,6.30383,-0.225843,-0.194221,0.0214121,-0.000767116
421.234,1,1,49.6005,-6.30383,0.225843,0.194221,-0.0214121,0.000767116

orb:1,1,0.688219,1.01921,6.09764,0,0,-2.91483ptc:422.42,0,1,-48.72,11.0482,-2.07379,-0.19163,0.0375389,-0.0070462
422.42,1,1,48.72,-11.0482,2.07379,0.19163,-0.0375389,0.0070462

orb:1,1,1.00382,1.0279,0.477455,0,0,-2.86906ptc:423.185,0,1,-48.1546,11.9535,6.1845,-0.18997,0.0406232,0.0210176
423.185,1,1,48.1546,-11.9535,-6.1845,0.18997,-0.0406232,-0.0210176

orb:1,1,0.940793,1.02617,6.0156,0,0,-2.8775ptc:423.033,0,1,-48.2665,12.5872,-3.45093,-0.190298,0.0427751,-0.0117273
423.033,1,1,48.2665,-12.5872,3.45093,0.190298,-0.0427751,0.0117273

orb:1,1,5.02781,1.13286,0.313421,0,0,-2.56503ptc:431.769,0,1,-41.917,25.9296,8.40387,-0.171914,0.0883536,0.0286357
431.769,1,1,41.917,-25.9296,-8.40387,0.171914,-0.0883536,-0.0286357

orb:1,1,2.95706,1.08012,0.653676,0,0,-2.68701ptc:427.602,0,1,-44.9222,17.4286,13.3507,-0.180554,0.059306,0.0454297
427.602,1,1,44.9222,-17.4286,-13.3507,0.180554,-0.059306,-0.0454297

orb:1,1,0.737368,1.02057,0.295264,0,0,-2.90705ptc:422.54,0,1,-48.6311,11.1169,3.38127,-0.191368,0.0377736,0.011489
422.54,1,1,48.6311,-11.1169,-3.38127,0.191368,-0.0377736,-0.011489

orb:1,1,4.89597,1.12958,1.36344,0,0,-2.57167ptc:431.518,0,1,-42.0972,5.55412,26.4003,-0.172429,0.0189237,0.0899498
431.518,1,1,42.0972,-5.55412,-26.4003,0.172429,-0.0189237,-0.0899498

orb:1,1,5.43731,1.143,6.03292,0,0,-2.54511ptc:432.539,0,1,-41.3659,27.2117,-6.9559,-0.170343,0.0927474,-0.0237082
432.539,1,1,41.3659,-27.2117,6.9559,0.170343,-0.0927474,0.0237082

orb:1,1,4.254,1.11345,0.430713,0,0,-2.60588ptc:430.268,0,1,-42.9954,23.1915,10.6561,-0.175001,0.0789834,0.0362917
430.268,1,1,42.9954,-23.1915,-10.6561,0.175001,-0.0789834,-0.0362917

orb:1,1,0.960257,1.0267,3.90358,0,0,-2.87486ptc:423.08,0,1,-48.2319,-9.53457,-9.09824,-0.190197,-0.0324017,-0.0309189
423.08,1,1,48.2319,9.53457,9.09824,0.190197,0.0324017,0.0309189

orb:1,1,0.0760134,1.00214,1.27284,0,0,-3.0655ptc:420.892,0,1,-49.8553,1.11586,3.63356,-0.194972,0.00378988,0.0123409
420.892,1,1,49.8553,-1.11586,-3.63356,0.194972,-0.00378988,-0.0123409

orb:1,1,3.37121,1.09087,1.50337,0,0,-2.659ptc:428.474,0,1,-44.2896,1.56337,23.1514,-0.178726,0.0053213,0.0788009
428.474,1,1,44.2896,-1.56337,-23.1514,0.178726,-0.0053213,-0.0788009

orb:1,1,0.943291,1.02624,2.14059,0,0,-2.87716ptc:423.039,0,1,-48.262,-7.04967,11.0035,-0.190285,-0.0239569,0.0373934
423.039,1,1,48.262,7.04967,-11.0035,0.190285,0.0239569,-0.0373934

orb:1,1,1.9318,1.05303,3.25402,0,0,-2.76874ptc:425.348,0,1,-46.5646,-18.0986,-2.04341,-0.185323,-0.0615445,-0.00694865
425.348,1,1,46.5646,18.0986,2.04341,0.185323,0.0615445,0.00694865

orb:1,1,0.611285,1.01708,2.83597,0,0,-2.92762ptc:422.231,0,1,-48.8598,-10.125,3.19446,-0.192041,-0.0344003,0.0108534
422.231,1,1,48.8598,10.125,-3.19446,0.192041,0.0344003,-0.0108534

orb:1,1,4.04939,1.10826,5.70706,0,0,-2.6175ptc:429.86,0,1,-43.289,20.9822,-13.631,-0.175844,0.0714497,-0.046417
429.86,1,1,43.289,-20.9822,13.631,0.175844,-0.0714497,0.046417

orb:1,1,4.66848,1.12389,5.96374,0,0,-2.58343ptc:431.08,0,1,-42.4115,25.1417,-8.3161,-0.173328,0.0856487,-0.0283299
431.08,1,1,42.4115,-25.1417,8.3161,0.173328,-0.0856487,0.0283299

orb:1,1,1.20803,1.03348,0.937052,0,0,-2.84355ptc:423.671,0,1,-47.7957,8.69446,11.8314,-0.188919,0.0295516,0.0402136
423.671,1,1,47.7957,-8.69446,-11.8314,0.188919,-0.0295516,-0.0402136

orb:1,1,2.97157,1.0805,6.06846,0,0,-2.68599ptc:427.633,0,1,-44.8997,21.4951,-4.68772,-0.180489,0.0731441,-0.0159515
427.633,1,1,44.8997,-21.4951,4.68772,0.180489,-0.0731441,0.0159515

orb:1,1,2.00028,1.05486,4.53521,0,0,-2.76257ptc:425.503,0,1,-46.4513,-3.26082,-18.211,-0.184993,-0.0110889,-0.0619294
425.503,1,1,46.4513,3.26082,18.211,0.184993,0.0110889,0.0619294

orb:1,1,1.55662,1.04294,3.13487,0,0,-2.80504ptc:424.488,0,1,-47.1949,-16.5114,0.110978,-0.187162,-0.0561334,0.000377288
424.488,1,1,47.1949,16.5114,-0.110978,0.187162,0.0561334,-0.000377288

orb:1,1,4.8872,1.12936,4.33673,0,0,-2.57212ptc:431.501,0,1,-42.1092,-9.89115,-25.0794,-0.172463,-0.0337004,-0.0854488
431.501,1,1,42.1092,9.89115,25.0794,0.172463,0.0337004,0.0854488

orb:1,1,3.23859,1.08744,4.25279,0,0,-2.66772ptc:428.197,0,1,-44.4903,-10.1212,-20.4492,-0.179305,-0.0344469,-0.0695974
428.197,1,1,44.4903,10.1212,20.4492,0.179305,0.0344469,0.0695974

orb:1,1,5.45228,1.14337,4.61309,0,0,-2.5444ptc:432.567,0,1,-41.346,-2.78719,-27.9775,-0.170286,-0.00949983,-0.0953583
432.567,1,1,41.346,2.78719,27.9775,0.170286,0.00949983,0.0953583

orb:1,1,2.21768,1.06066,0.792492,0,0,-2.74376ptc:425.99,0,1,-46.0952,13.5998,13.7941,-0.183957,0.046255,0.0469159
425.99,1,1,46.0952,-13.5998,-13.7941,0.183957,-0.046255,-0.0469159

orb:1,1,2.521,1.06868,1.43864,0,0,-2.71927ptc:426.66,0,1,-45.607,2.70051,20.3152,-0.182539,0.00918667,0.0691089
426.66,1,1,45.607,-2.70051,-20.3152,0.182539,-0.00918667,-0.0691089

orb:1,1,4.49368,1.1195,4.38948,0,0,-2.59273ptc:430.74,0,1,-42.656,-8.2777,-24.7376,-0.174028,-0.0281959,-0.0842623
430.74,1,1,42.656,8.2777,24.7376,0.174028,0.0281959,0.0842623

orb:1,1,3.98514,1.10662,4.89889,0,0,-2.62123ptc:429.731,0,1,-43.382,4.60941,-24.4285,-0.176111,0.0156955,-0.0831816
429.731,1,1,43.382,-4.60941,24.4285,0.176111,-0.0156955,0.0831816

orb:1,1,0.416965,1.01168,3.39026,0,0,-2.96434ptc:421.75,0,1,-49.2166,-8.54529,-2.16982,-0.19309,-0.0290295,-0.00737115
421.75,1,1,49.2166,8.54529,2.16982,0.19309,0.0290295,0.00737115

orb:1,1,4.84325,1.12826,3.29439,0,0,-2.57436ptc:431.417,0,1,-42.1697,-26.5518,-4.08902,-0.172636,-0.0904628,-0.0139314
431.417,1,1,42.1697,26.5518,4.08902,0.172636,0.0904628,0.0139314

orb:1,1,2.81564,1.07643,1.52536,0,0,-2.69713ptc:427.299,0,1,-45.1421,0.976448,21.4764,-0.181191,0.00332235,0.073073
427.299,1,1,45.1421,-0.976448,-21.4764,0.181191,-0.00332235,-0.073073

orb:1,1,0.416534,1.01167,1.05214,0,0,-2.96443ptc:421.749,0,1,-49.2174,4.36826,7.6531,-0.193092,0.0148396,0.0259986
421.749,1,1,49.2174,-4.36826,-7.6531,0.193092,-0.0148396,-0.0259986

orb:1,1,2.15958,1.05911,4.65722,0,0,-2.74868ptc:425.861,0,1,-46.1899,-1.05566,-19.115,-0.184232,-0.00359032,-0.0650103
425.861,1,1,46.1899,1.05566,19.115,0.184232,0.00359032,0.0650103

orb:1,1,4.77542,1.12657,5.56554,0,0,-2.57786ptc:431.286,0,1,-42.2632,20.1276,-17.5698,-0.172903,0.0685724,-0.0598581
431.286,1,1,42.2632,-20.1276,17.5698,0.172903,-0.0685724,0.0598581

orb:1,1,4.59295,1.12199,4.62639,0,0,-2.58742ptc:430.933,0,1,-42.5168,-2.26008,-26.2147,-0.173629,-0.00769888,-0.0892995
430.933,1,1,42.5168,2.26008,26.2147,0.173629,0.00769888,0.0892995

orb:1,1,4.39947,1.11712,0.758257,0,0,-2.59784ptc:430.555,0,1,-42.7888,18.7806,17.7879,-0.174408,0.0639674,0.0605861
430.555,1,1,42.7888,-18.7806,-17.7879,0.174408,-0.0639674,-0.0605861

orb:1,1,2.81608,1.07644,1.90825,0,0,-2.6971ptc:427.3,0,1,-45.1414,-7.11841,20.2874,-0.181189,-0.0242203,0.0690275
427.3,1,1,45.1414,7.11841,-20.2874,0.181189,0.0242203,-0.0690275

orb:1,1,0.689541,1.01925,2.03996,0,0,-2.91462ptc:422.423,0,1,-48.7176,-5.08732,10.0358,-0.191623,-0.0172854,0.0340989
422.423,1,1,48.7176,5.08732,-10.0358,0.191623,0.0172854,-0.0340989

orb:1,1,5.45274,1.14338,2.59714,0,0,-2.54438ptc:432.567,0,1,-41.3454,-24.0515,14.5631,-0.170284,-0.0819771,0.0496367
432.567,1,1,41.3454,24.0515,-14.5631,0.170284,0.0819771,-0.0496367

orb:1,1,0.267942,1.00752,4.88343,0,0,-2.99916ptc:421.377,0,1,-49.4937,1.20803,-6.9938,-0.193906,0.00410345,-0.0237565
421.377,1,1,49.4937,-1.20803,6.9938,0.193906,-0.00410345,0.0237565

orb:1,1,0.644421,1.018,0.510372,0,0,-2.92202ptc:422.312,0,1,-48.7995,9.50295,5.3202,-0.191863,0.0322876,0.0180761
422.312,1,1,48.7995,-9.50295,-5.3202,0.191863,-0.0322876,-0.0180761

orb:1,1,4.38874,1.11685,1.10639,0,0,-2.59843ptc:430.534,0,1,-42.8039,11.5745,23.1052,-0.174452,0.039423,0.0786966
430.534,1,1,42.8039,-11.5745,-23.1052,0.174452,-0.039423,-0.0786966

orb:1,1,1.79589,1.04939,4.27932,0,0,-2.78138ptc:425.039,0,1,-46.791,-7.39594,-15.9968,-0.185983,-0.0251477,-0.0543924
425.039,1,1,46.791,7.39594,15.9968,0.185983,0.0251477,0.0543924

orb:1,1,1.92574,1.05287,5.13492,0,0,-2.76929ptc:425.334,0,1,-46.5747,7.45833,-16.5883,-0.185353,0.025362,-0.0564086
425.334,1,1,46.5747,-7.45833,16.5883,0.185353,-0.025362,0.0564086

orb:1,1,2.2978,1.06278,5.50721,0,0,-2.73711ptc:426.168,0,1,-45.9653,14.0445,-13.7822,-0.183579,0.0477698,-0.0468776
426.168,1,1,45.9653,-14.0445,13.7822,0.183579,-0.0477698,0.0468776

orb:1,1,2.10271,1.0576,4.27515,0,0,-2.75357ptc:425.733,0,1,-46.2829,-8.01072,-17.1384,-0.184503,-0.0272436,-0.0582857
425.733,1,1,46.2829,8.01072,17.1384,0.184503,0.0272436,0.0582857

orb:1,1,0.563531,1.01576,5.8024,0,0,-2.936ptc:422.113,0,1,-48.947,9.05024,-4.72066,-0.192297,0.0307478,-0.0160383
422.113,1,1,48.947,-9.05024,4.72066,0.192297,-0.0307478,0.0160383

orb:1,1,4.45893,1.11862,6.15088,0,0,-2.59461ptc:430.672,0,1,-42.7049,25.7784,-3.43074,-0.174168,0.0878054,-0.0116857
430.672,1,1,42.7049,-25.7784,3.43074,0.174168,-0.0878054,0.0116857

orb:1,1,2.65677,1.07226,3.71378,0,0,-2.70888ptc:426.956,0,1,-45.3917,-17.627,-11.3528,-0.181914,-0.0599693,-0.0386237
426.956,1,1,45.3917,17.627,11.3528,0.181914,0.0599693,0.0386237

orb:1,1,2.56534,1.06985,1.48097,0,0,-2.71584ptc:426.757,0,1,-45.5364,1.85239,20.567,-0.182334,0.0063017,0.0699673
426.757,1,1,45.5364,-1.85239,-20.567,0.182334,-0.0063017,-0.0699673

orb:1,1,1.90516,1.05232,1.04861,0,0,-2.77118ptc:425.288,0,1,-46.6088,9.02789,15.688,-0.185452,0.0306989,0.0533463
425.288,1,1,46.6088,-9.02789,-15.688,0.185452,-0.0306989,-0.0533463

orb:1,1,2.75806,1.07492,2.52383,0,0,-2.70134ptc:427.175,0,1,-45.2323,-17.37,12.3419,-0.181452,-0.0590991,0.0419917
427.175,1,1,45.2323,17.37,-12.3419,0.181452,0.0590991,-0.0419917

orb:1,1,5.35789,1.14104,4.04541,0,0,-2.54889ptc:432.391,0,1,-41.4718,-17.278,-21.9446,-0.170644,-0.0588865,-0.0747912
432.391,1,1,41.4718,17.278,21.9446,0.170644,0.0588865,0.0747912

orb:1,1,4.75549,1.12607,5.34262,0,0,-2.57889ptc:431.248,0,1,-42.2908,15.7196,-21.5496,-0.172982,0.053554,-0.0734157
431.248,1,1,42.2908,-15.7196,21.5496,0.172982,-0.053554,0.0734157

orb:1,1,5.46186,1.14361,5.60395,0,0,-2.54395ptc:432.584,0,1,-41.3333,21.8903,-17.6741,-0.17025,0.0746113,-0.0602406
432.584,1,1,41.3333,-21.8903,17.6741,0.17025,-0.0746113,0.0602406

orb:1,1,0.994453,1.02764,1.64117,0,0,-2.8703ptc:423.162,0,1,-48.1712,-0.942199,13.3659,-0.190019,-0.00320199,0.0454229
423.162,1,1,48.1712,0.942199,-13.3659,0.190019,0.00320199,-0.0454229

orb:1,1,0.451165,1.01263,1.29651,0,0,-2.95731ptc:421.835,0,1,-49.1534,2.48161,8.81959,-0.192904,0.00843056,0.029962
421.835,1,1,49.1534,-2.48161,-8.81959,0.192904,-0.00843056,-0.029962

orb:1,1,3.2092,1.08668,4.91982,0,0,-2.66968ptc:428.136,0,1,-44.5351,4.68096,-22.2422,-0.179434,0.015931,-0.0756984
428.136,1,1,44.5351,-4.68096,22.2422,0.179434,-0.015931,0.0756984

orb:1,1,4.41758,1.11758,5.77869,0,0,-2.59686ptc:430.59,0,1,-42.7632,22.6818,-12.5238,-0.174335,0.0772559,-0.042657
430.59,1,1,42.7632,-22.6818,12.5238,0.174335,-0.0772559,0.042657

orb:1,1,2.38743,1.06516,1.5517,0,0,-2.72983ptc:426.367,0,1,-45.8207,0.382216,20.0078,-0.183159,0.00130012,0.0680571
426.367,1,1,45.8207,-0.382216,-20.0078,0.183159,-0.00130012,-0.0680571

orb:1,1,2.93942,1.07966,1.12637,0,0,-2.68826ptc:427.564,0,1,-44.9495,9.41504,19.7711,-0.180633,0.0320371,0.0672764
427.564,1,1,44.9495,-9.41504,-19.7711,0.180633,-0.0320371,-0.0672764

orb:1,1,1.87018,1.05138,1.86717,0,0,-2.7744ptc:425.208,0,1,-46.667,-5.2423,17.167,-0.185622,-0.0178258,0.0583744
425.208,1,1,46.667,5.2423,-17.167,0.185622,0.0178258,-0.0583744

orb:1,1,2.34262,1.06397,4.00198,0,0,-2.73345ptc:426.268,0,1,-45.8929,-12.942,-15.0448,-0.183369,-0.0440214,-0.0511738
426.268,1,1,45.8929,12.942,15.0448,0.183369,0.0440214,0.0511738

orb:1,1,4.49507,1.11953,5.40478,0,0,-2.59266ptc:430.742,0,1,-42.654,16.6546,-20.0813,-0.174022,0.0567298,-0.0684019
430.742,1,1,42.654,-16.6546,20.0813,0.174022,-0.0567298,0.0684019

orb:1,1,3.19771,1.08638,5.56613,0,0,-2.67045ptc:428.111,0,1,-44.5526,17.1063,-14.9145,-0.179485,0.0582185,-0.0507592
428.111,1,1,44.5526,-17.1063,14.9145,0.179485,-0.0582185,0.0507592

orb:1,1,0.893179,1.02486,4.46553,0,0,-2.88408ptc:422.918,0,1,-48.3513,-3.11165,-12.3477,-0.190547,-0.010574,-0.04196
422.918,1,1,48.3513,3.11165,12.3477,0.190547,0.010574,0.04196

orb:1,1,4.33442,1.11548,2.92567,0,0,-2.60142ptc:430.427,0,1,-42.8809,-25.1172,5.50918,-0.174673,-0.0855464,0.0187636
430.427,1,1,42.8809,25.1172,-5.50918,0.174673,0.0855464,-0.0187636

orb:1,1,0.62294,1.0174,2.52302,0,0,-2.92563ptc:422.26,0,1,-48.8386,-8.72896,6.21284,-0.191978,-0.0296574,0.0211087
422.26,1,1,48.8386,8.72896,-6.21284,0.191978,0.0296574,-0.0211087

orb:1,1,3.91836,1.10492,1.71371,0,0,-2.62515ptc:429.596,0,1,-43.4791,-3.51651,24.4378,-0.17639,-0.0119735,0.0832094
429.596,1,1,43.4791,3.51651,-24.4378,0.17639,0.0119735,-0.0832094

orb:1,1,0.565114,1.0158,4.98155,0,0,-2.93572ptc:422.117,0,1,-48.9441,2.71808,-9.85328,-0.192288,0.00923457,-0.0334761
422.117,1,1,48.9441,-2.71808,9.85328,0.192288,-0.00923457,0.0334761

orb:1,1,3.63749,1.09773,5.29106,0,0,-2.64212ptc:429.025,0,1,-43.8917,13.0975,-20.0493,-0.177578,0.0445883,-0.0682545
429.025,1,1,43.8917,-13.0975,20.0493,0.177578,-0.0445883,0.0682545

orb:1,1,1.45739,1.04026,1.03489,0,0,-2.81546ptc:424.257,0,1,-47.3644,8.17973,13.7733,-0.187657,0.0278066,0.0468218
424.257,1,1,47.3644,-8.17973,-13.7733,0.187657,-0.0278066,-0.0468218

orb:1,1,3.9572,1.10591,2.2378,0,0,-2.62287ptc:429.675,0,1,-43.4226,-15.3351,19.476,-0.176228,-0.0522167,0.0663165
429.675,1,1,43.4226,15.3351,-19.476,0.176228,0.0522167,-0.0663165

orb:1,1,4.01746,1.10744,1.87467,0,0,-2.61935ptc:429.796,0,1,-43.3352,-7.46296,23.7984,-0.175977,-0.0254127,0.0810377
429.796,1,1,43.3352,7.46296,-23.7984,0.175977,0.0254127,-0.0810377

orb:1,1,2.51925,1.06864,3.66797,0,0,-2.71941ptc:426.656,0,1,-45.6098,-17.7143,-10.2932,-0.182547,-0.060261,-0.0350157
426.656,1,1,45.6098,17.7143,10.2932,0.182547,0.060261,0.0350157

orb:1,1,2.62128,1.07133,3.04654,0,0,-2.71157ptc:426.879,0,1,-45.4478,-20.7506,1.97831,-0.182077,-0.0705945,0.0067303
426.879,1,1,45.4478,20.7506,-1.97831,0.182077,0.0705945,-0.0067303

orb:1,1,1.93367,1.05308,5.90315,0,0,-2.76857ptc:425.352,0,1,-46.5615,16.9214,-6.7594,-0.185314,0.0575416,-0.0229854
425.352,1,1,46.5615,-16.9214,6.7594,0.185314,-0.0575416,0.0229854

orb:1,1,1.15758,1.03211,5.77038,0,0,-2.84962ptc:423.552,0,1,-47.8838,12.5411,-7.06114,-0.189177,0.0426243,-0.0239993
423.552,1,1,47.8838,-12.5411,7.06114,0.189177,-0.0426243,0.0239993

orb:1,1,1.98925,1.05457,6.04194,0,0,-2.76356ptc:425.478,0,1,-46.4695,17.9204,-4.4091,-0.185046,0.0609408,-0.0149938
425.478,1,1,46.4695,-17.9204,4.4091,0.185046,-0.0609408,0.0149938

orb:1,1,5.10838,1.13486,5.19206,0,0,-2.56102ptc:431.922,0,1,-41.8075,12.6563,-24.33,-0.171601,0.043128,-0.0829076
431.922,1,1,41.8075,-12.6563,24.33,0.171601,-0.043128,0.0829076

orb:1,1,1.41771,1.03918,3.51556,0,0,-2.81974ptc:424.165,0,1,-47.4325,-14.7231,-5.7779,-0.187856,-0.0500493,-0.0196412
424.165,1,1,47.4325,14.7231,5.7779,0.187856,0.0500493,0.0196412

orb:1,1,4.63881,1.12314,0.293268,0,0,-2.58499ptc:431.022,0,1,-42.4528,25.2873,7.63614,-0.173446,0.0861429,0.026013
431.022,1,1,42.4528,-25.2873,-7.63614,0.173446,-0.0861429,-0.026013

orb:1,1,3.04751,1.08248,4.17021,0,0,-2.68069ptc:427.794,0,1,-44.7826,-11.4748,-19.0486,-0.18015,-0.0390487,-0.0648225
427.794,1,1,44.7826,11.4748,19.0486,0.18015,0.0390487,0.0648225

orb:1,1,0.20771,1.00584,0.868962,0,0,-3.01607ptc:421.225,0,1,-49.6066,4.04135,4.78024,-0.194239,0.0137271,0.0162369
421.225,1,1,49.6066,-4.04135,-4.78024,0.194239,-0.0137271,-0.0162369

orb:1,1,5.12534,1.13528,4.9798,0,0,-2.56018ptc:431.954,0,1,-41.7845,7.25579,-26.4841,-0.171536,0.0247253,-0.0902489
431.954,1,1,41.7845,-7.25579,26.4841,0.171536,-0.0247253,0.0902489

orb:1,1,2.50573,1.06828,0.0412889,0,0,-2.72046ptc:426.626,0,1,-45.6313,20.4223,0.843693,-0.182609,0.0694723,0.00287007
426.626,1,1,45.6313,-20.4223,-0.843693,0.182609,-0.0694723,-0.00287007

orb:1,1,0.147621,1.00415,4.16128,0,0,-3.03567ptc:421.073,0,1,-49.7198,-2.76803,-4.5035,-0.194572,-0.00940169,-0.0152963
421.073,1,1,49.7198,2.76803,4.5035,0.194572,0.00940169,0.0152963

orb:1,1,2.39575,1.06538,1.68985,0,0,-2.72916ptc:426.385,0,1,-45.8074,-2.38037,19.9002,-0.18312,-0.00809694,0.0676914
426.385,1,1,45.8074,2.38037,-19.9002,0.18312,0.00809694,-0.0676914

orb:1,1,4.23501,1.11297,4.59993,0,0,-2.60695ptc:430.23,0,1,-43.0225,-2.85905,-25.3159,-0.175079,-0.00973697,-0.0862173
430.23,1,1,43.0225,2.85905,25.3159,0.175079,0.00973697,0.0862173

orb:1,1,3.0326,1.08209,4.5755,0,0,-2.68172ptc:427.762,0,1,-44.8055,-3.02826,-21.9839,-0.180216,-0.0103051,-0.0748106
427.762,1,1,44.8055,3.02826,21.9839,0.180216,0.0103051,0.0748106

orb:1,1,2.65108,1.07211,5.30574,0,0,-2.70931ptc:426.943,0,1,-45.4006,11.7125,-17.3666,-0.18194,0.0398472,-0.0590833
426.943,1,1,45.4006,-11.7125,17.3666,0.18194,-0.0398472,0.0590833

orb:1,1,0.107034,1.00301,5.99719,0,0,-3.05134ptc:420.97,0,1,-49.7965,4.32338,-1.27133,-0.194799,0.0146841,-0.004318
420.97,1,1,49.7965,-4.32338,1.27133,0.194799,-0.0146841,0.004318

orb:1,1,0.706622,1.01972,5.89058,0,0,-2.91188ptc:422.465,0,1,-48.6867,10.5185,-4.35572,-0.191532,0.0357394,-0.0147998
422.465,1,1,48.6867,-10.5185,4.35572,0.191532,-0.0357394,0.0147998

orb:1,1,3.20782,1.08665,4.84692,0,0,-2.66977ptc:428.133,0,1,-44.5372,3.04799,-22.52,-0.17944,0.0103734,-0.0766438
428.133,1,1,44.5372,-3.04799,22.52,0.17944,-0.0103734,0.0766438

orb:1,1,3.41705,1.09206,0.903337,0,0,-2.65603ptc:428.57,0,1,-44.2206,14.4444,18.3275,-0.178527,0.0491662,0.0623836
428.57,1,1,44.2206,-14.4444,-18.3275,0.178527,-0.0491662,-0.0623836

orb:1,1,0.795025,1.02216,5.74758,0,0,-2.89827ptc:422.68,0,1,-48.5272,10.3593,-6.14801,-0.191063,0.0352006,-0.0208908
422.68,1,1,48.5272,-10.3593,6.14801,0.191063,-0.0352006,0.0208908

orb:1,1,4.64512,1.1233,0.655718,0,0,-2.58466ptc:431.035,0,1,-42.444,20.9481,16.1147,-0.173421,0.0713613,0.0548959
431.035,1,1,42.444,-20.9481,-16.1147,0.173421,-0.0713613,-0.0548959

orb:1,1,5.50164,1.14459,2.49934,0,0,-2.54208ptc:432.658,0,1,-41.2805,-22.5906,16.8991,-0.1701,-0.0770003,0.0576008
432.658,1,1,41.2805,22.5906,-16.8991,0.1701,0.0770003,-0.0576008

orb:1,1,0.425214,1.01191,2.51707,0,0,-2.96262ptc:421.771,0,1,-49.2013,-7.22102,5.20458,-0.193045,-0.0245309,0.0176807
421.771,1,1,49.2013,7.22102,-5.20458,0.193045,0.0245309,-0.0176807

orb:1,1,3.05477,1.08267,1.97194,0,0,-2.68019ptc:427.81,0,1,-44.7714,-8.69192,20.4932,-0.180118,-0.0295788,0.0697387
427.81,1,1,44.7714,8.69192,-20.4932,0.180118,0.0295788,-0.0697387

orb:1,1,4.76458,1.12629,4.00587,0,0,-2.57842ptc:431.266,0,1,-42.2782,-17.3293,-20.3039,-0.172946,-0.0590383,-0.0691724
431.266,1,1,42.2782,17.3293,20.3039,0.172946,0.0590383,0.0691724

orb:1,1,2.75992,1.07497,0.430792,0,0,-2.70121ptc:427.179,0,1,-45.2294,19.3671,8.9007,-0.181443,0.0658937,0.0302834
427.179,1,1,45.2294,-19.3671,-8.9007,0.181443,-0.0658937,-0.0302834

orb:1,1,5.44022,1.14307,1.93025,0,0,-2.54498ptc:432.544,0,1,-41.362,-9.88194,26.2969,-0.170332,-0.0336813,0.0896296
432.544,1,1,41.362,9.88194,-26.2969,0.170332,0.0336813,-0.0896296

orb:1,1,0.295485,1.00829,0.592368,0,0,-2.99209ptc:421.446,0,1,-49.4423,6.17851,4.15808,-0.193754,0.0209876,0.0141244
421.446,1,1,49.4423,-6.17851,-4.15808,0.193754,-0.0209876,-0.0141244

orb:1,1,4.61731,1.1226,0.87287,0,0,-2.58613ptc:430.981,0,1,-42.4828,16.9442,20.2017,-0.173532,0.0577206,0.0688174
430.981,1,1,42.4828,-16.9442,-20.2017,0.173532,-0.0577206,-0.0688174

orb:1,1,3.64354,1.09789,3.49689,0,0,-2.64174ptc:429.037,0,1,-43.8827,-22.468,-8.33652,-0.177552,-0.0764887,-0.0283803
429.037,1,1,43.8827,22.468,8.33652,0.177552,0.0764887,0.0283803

orb:1,1,4.92059,1.13019,3.50996,0,0,-2.57042ptc:431.565,0,1,-42.0634,-25.2176,-9.73352,-0.172332,-0.0859214,-0.0331641
431.565,1,1,42.0634,25.2176,9.73352,0.172332,0.0859214,0.0331641

orb:1,1,3.77111,1.10116,5.00686,0,0,-2.63394ptc:429.298,0,1,-43.6945,7.05453,-23.26,-0.17701,0.024018,-0.0791914
429.298,1,1,43.6945,-7.05453,23.26,0.17701,-0.024018,0.0791914

orb:1,1,5.08722,1.13434,2.5683,0,0,-2.56207ptc:431.882,0,1,-41.8362,-23.0036,14.8515,-0.171683,-0.0783864,0.0506078
431.882,1,1,41.8362,23.0036,-14.8515,0.171683,0.0783864,-0.0506078

orb:1,1,4.49599,1.11955,1.90144,0,0,-2.59261ptc:430.744,0,1,-42.6527,-8.47062,24.6778,-0.174018,-0.028853,0.0840588
430.744,1,1,42.6527,8.47062,-24.6778,0.174018,0.028853,-0.0840588

orb:1,1,4.58479,1.12179,5.69403,0,0,-2.58785ptc:430.917,0,1,-42.5282,21.8607,-14.6103,-0.173662,0.0744673,-0.0497691
430.917,1,1,42.5282,-21.8607,14.6103,0.173662,-0.0744673,0.0497691

orb:1,1,0.378876,1.01062,1.42233,0,0,-2.97252ptc:421.655,0,1,-49.2871,1.24446,8.32063,-0.193298,0.00422748,0.0282656
421.655,1,1,49.2871,-1.24446,-8.32063,0.193298,-0.00422748,-0.0282656

orb:1,1,2.40889,1.06572,3.96966,0,0,-2.72811ptc:426.414,0,1,-45.7863,-13.5871,-14.7989,-0.183059,-0.0462175,-0.0503396
426.414,1,1,45.7863,13.5871,14.7989,0.183059,0.0462175,0.0503396

orb:1,1,2.91638,1.07906,0.870401,0,0,-2.68989ptc:427.515,0,1,-44.9852,14.0666,16.6871,-0.180736,0.0478646,0.0567812
427.515,1,1,44.9852,-14.0666,-16.6871,0.180736,-0.0478646,-0.0567812

orb:1,1,3.43096,1.09242,3.02044,0,0,-2.65514ptc:428.599,0,1,-44.1997,-23.2035,2.82493,-0.178466,-0.0789816,0.00961567
428.599,1,1,44.1997,23.2035,-2.82493,0.178466,0.0789816,-0.00961567

orb:1,1,4.47311,1.11898,1.07762,0,0,-2.59384ptc:430.699,0,1,-42.6849,12.3273,22.9355,-0.174111,0.041989,0.0781229
430.699,1,1,42.6849,-12.3273,-22.9355,0.174111,-0.041989,-0.0781229

orb:1,1,2.97445,1.08058,5.24837,0,0,-2.68579ptc:427.639,0,1,-44.8953,11.2398,-18.923,-0.180476,0.0382472,-0.0643919
427.639,1,1,44.8953,-11.2398,18.923,0.180476,-0.0382472,0.0643919

orb:1,1,4.29504,1.11448,5.91456,0,0,-2.6036ptc:430.349,0,1,-42.9369,23.8996,-9.23209,-0.174833,0.0813973,-0.0314426
430.349,1,1,42.9369,-23.8996,9.23209,0.174833,-0.0813973,0.0314426

orb:1,1,4.50266,1.11972,1.78212,0,0,-2.59225ptc:430.757,0,1,-42.6433,-5.47598,25.5257,-0.173991,-0.0186526,0.0869471
430.757,1,1,42.6433,5.47598,-25.5257,0.173991,0.0186526,-0.0869471

orb:1,1,2.56037,1.06972,5.92967,0,0,-2.71622ptc:426.746,0,1,-45.5444,19.3569,-7.14304,-0.182357,0.0658505,-0.0243
426.746,1,1,45.5444,-19.3569,7.14304,0.182357,-0.0658505,0.0243

orb:1,1,2.08209,1.05705,4.60039,0,0,-2.75536ptc:425.687,0,1,-46.3167,-2.10511,-18.7172,-0.184601,-0.00715914,-0.0636542
425.687,1,1,46.3167,2.10511,18.7172,0.184601,0.00715914,0.0636542

orb:1,1,1.46779,1.04054,4.33208,0,0,-2.81435ptc:424.282,0,1,-47.3466,-5.96587,-14.9234,-0.187605,-0.0202808,-0.0507316
424.282,1,1,47.3466,5.96587,14.9234,0.187605,0.0202808,0.0507316

orb:1,1,1.22306,1.03389,2.56106,0,0,-2.84177ptc:423.707,0,1,-47.7695,-12.3482,8.09949,-0.188842,-0.0419706,0.0275296
423.707,1,1,47.7695,12.3482,-8.09949,0.188842,0.0419706,-0.0275296

orb:1,1,4.96655,1.13134,1.65091,0,0,-2.5681ptc:431.653,0,1,-42.0005,-2.17117,27.0415,-0.172153,-0.00739785,0.0921386
431.653,1,1,42.0005,2.17117,-27.0415,0.172153,0.00739785,-0.0921386

orb:1,1,3.29584,1.08893,5.20334,0,0,-2.66393ptc:428.317,0,1,-44.4035,10.8368,-20.2705,-0.179054,0.0368838,-0.0689919
428.317,1,1,44.4035,-10.8368,20.2705,0.179054,-0.0368838,0.0689919

orb:1,1,5.23704,1.13805,0.723274,0,0,-2.55472ptc:432.165,0,1,-41.6338,20.7562,18.3251,-0.171106,0.0707352,0.0624505
432.165,1,1,41.6338,-20.7562,-18.3251,0.171106,-0.0707352,-0.0624505

orb:1,1,1.34351,1.03717,4.57306,0,0,-2.82793ptc:423.991,0,1,-47.5604,-2.1425,-15.278,-0.18823,-0.00728278,-0.0519328
423.991,1,1,47.5604,2.1425,15.278,0.18823,0.00728278,0.0519328

orb:1,1,1.98704,1.05451,2.27119,0,0,-2.76375ptc:425.473,0,1,-46.4732,-11.8885,14.1034,-0.185057,-0.0404285,0.0479603
425.473,1,1,46.4732,11.8885,-14.1034,0.185057,0.0404285,-0.0479603

orb:1,1,4.96968,1.13141,5.78044,0,0,-2.56794ptc:431.659,0,1,-41.9962,23.7775,-13.0746,-0.17214,0.0810173,-0.0445493
431.659,1,1,41.9962,-23.7775,13.0746,0.17214,-0.0810173,0.0445493

orb:1,1,1.12832,1.03131,3.22887,0,0,-2.8532ptc:423.482,0,1,-47.9351,-14.1664,-1.23959,-0.189327,-0.0481475,-0.00421301
423.482,1,1,47.9351,14.1664,1.23959,0.189327,0.0481475,0.00421301

orb:1,1,2.35226,1.06423,1.82948,0,0,-2.73266ptc:426.289,0,1,-45.8773,-5.0859,19.2198,-0.183324,-0.0172994,0.0653753
426.289,1,1,45.8773,5.0859,-19.2198,0.183324,0.0172994,-0.0653753

orb:1,1,2.51768,1.0686,2.24342,0,0,-2.71953ptc:426.653,0,1,-45.6123,-12.7613,16.0209,-0.182554,-0.0434115,0.0545003
426.653,1,1,45.6123,12.7613,-16.0209,0.182554,0.0434115,-0.0545003

orb:1,1,2.61075,1.07105,0.457653,0,0,-2.71237ptc:426.856,0,1,-45.4644,18.667,9.19402,-0.182125,0.0635055,0.0312783
426.856,1,1,45.4644,-18.667,-9.19402,0.182125,-0.0635055,-0.0312783

orb:1,1,3.07721,1.08325,3.87931,0,0,-2.67864ptc:427.857,0,1,-44.7369,-16.524,-15.0188,-0.180018,-0.0562322,-0.0511101
427.857,1,1,44.7369,16.524,15.0188,0.180018,0.0562322,0.0511101

orb:1,1,1.713,1.04716,2.29603,0,0,-2.78936ptc:424.849,0,1,-46.9302,-11.442,12.9088,-0.186389,-0.038903,0.0438901
424.849,1,1,46.9302,11.442,-12.9088,0.186389,0.038903,-0.0438901

orb:1,1,1.674,1.04611,2.38053,0,0,-2.79319ptc:424.759,0,1,-46.9959,-12.3603,11.773,-0.186581,-0.0420244,0.0400274
424.759,1,1,46.9959,12.3603,-11.773,0.186581,0.0420244,-0.0400274

orb:1,1,1.05054,1.02918,4.88494,0,0,-2.86299ptc:423.296,0,1,-48.072,2.36092,-13.5465,-0.189728,0.00802368,-0.0460382
423.296,1,1,48.072,-2.36092,13.5465,0.189728,-0.00802368,0.0460382

orb:1,1,0.219332,1.00616,4.35108,0,0,-3.01263ptc:421.255,0,1,-49.5848,-2.2731,-6.01507,-0.194174,-0.00772103,-0.0204314
421.255,1,1,49.5848,2.2731,6.01507,0.194174,0.00772103,0.0204314

orb:1,1,5.4384,1.14303,4.10551,0,0,-2.54506ptc:432.541,0,1,-41.3645,-16.0192,-23.0731,-0.170338,-0.0545992,-0.0786415
432.541,1,1,41.3645,16.0192,23.0731,0.170338,0.0545992,0.0786415

orb:1,1,2.68756,1.07307,5.63503,0,0,-2.70657ptc:427.022,0,1,-45.3431,16.798,-12.7212,-0.181773,0.0571502,-0.0432802
427.022,1,1,45.3431,-16.798,12.7212,0.181773,-0.0571502,0.0432802

orb:1,1,1.27237,1.03524,2.01927,0,0,-2.83601ptc:423.823,0,1,-47.6837,-6.52222,13.5547,-0.188591,-0.0221693,0.0460729
423.823,1,1,47.6837,6.52222,-13.5547,0.188591,0.0221693,-0.0460729

orb:1,1,2.16994,1.05939,5.11917,0,0,-2.7478ptc:425.884,0,1,-46.173,7.59066,-17.6193,-0.184183,0.0258162,-0.059924
425.884,1,1,46.173,-7.59066,17.6193,0.184183,-0.0258162,0.059924

orb:1,1,3.16711,1.08559,3.49809,0,0,-2.67251ptc:428.047,0,1,-44.5993,-21.182,-7.88846,-0.17962,-0.0720882,-0.0268466
428.047,1,1,44.5993,21.182,7.88846,0.17962,0.0720882,0.0268466

orb:1,1,4.11549,1.10993,1.70539,0,0,-2.61371ptc:429.992,0,1,-43.1938,-3.37943,24.9575,-0.17557,-0.0115083,0.0849902
429.992,1,1,43.1938,3.37943,-24.9575,0.17557,0.0115083,-0.0849902

orb:1,1,3.86697,1.10361,1.52898,0,0,-2.62819ptc:429.492,0,1,-43.554,1.02653,24.5356,-0.176606,0.00349518,0.0835396
429.492,1,1,43.554,-1.02653,-24.5356,0.176606,-0.00349518,-0.0835396

orb:1,1,4.56375,1.12126,0.199392,0,0,-2.58897ptc:430.876,0,1,-42.5577,25.7259,5.1986,-0.173746,0.0876326,0.0177085
430.876,1,1,42.5577,-25.7259,-5.1986,0.173746,-0.0876326,-0.0177085

orb:1,1,3.75396,1.10072,3.77503,0,0,-2.63498ptc:429.263,0,1,-43.7197,-19.5542,-14.3604,-0.177083,-0.0665741,-0.0488911
429.263,1,1,43.7197,19.5542,14.3604,0.177083,0.0665741,0.0488911

orb:1,1,1.47586,1.04076,5.77629,0,0,-2.81349ptc:424.301,0,1,-47.3328,14.0863,-7.82197,-0.187565,0.0478863,-0.0265907
424.301,1,1,47.3328,-14.0863,7.82197,0.187565,-0.0478863,0.0265907

orb:1,1,2.7655,1.07511,4.15909,0,0,-2.7008ptc:427.191,0,1,-45.2206,-11.2104,-18.15,-0.181418,-0.0381421,-0.0617531
427.191,1,1,45.2206,11.2104,18.15,0.181418,0.0381421,0.0617531

orb:1,1,4.24211,1.11314,1.95739,0,0,-2.60655ptc:430.244,0,1,-43.0123,-9.61205,23.6125,-0.175049,-0.0327355,0.0804165
430.244,1,1,43.0123,9.61205,-23.6125,0.175049,0.0327355,-0.0804165

orb:1,1,0.677688,1.01892,1.48314,0,0,-2.91654ptc:422.394,0,1,-48.7391,0.976802,11.1152,-0.191686,0.00331889,0.0377664
422.394,1,1,48.7391,-0.976802,-11.1152,0.191686,-0.00331889,-0.0377664

orb:1,1,4.69945,1.12466,3.55575,0,0,-2.58181ptc:431.14,0,1,-42.3685,-24.3055,-10.6842,-0.173204,-0.0828018,-0.036398
431.14,1,1,42.3685,24.3055,10.6842,0.173204,0.0828018,0.036398

orb:1,1,4.26344,1.11368,0.149469,0,0,-2.60536ptc:430.286,0,1,-42.9819,25.2604,3.80402,-0.174962,0.0860299,0.0129554
430.286,1,1,42.9819,-25.2604,-3.80402,0.174962,-0.0860299,-0.0129554

orb:1,1,0.941155,1.02618,3.9006,0,0,-2.87745ptc:423.034,0,1,-48.2658,-9.47098,-8.98386,-0.190297,-0.0321852,-0.0305299
423.034,1,1,48.2658,9.47098,8.98386,0.190297,0.0321852,0.0305299

orb:1,1,4.62531,1.1228,1.67085,0,0,-2.58571ptc:430.996,0,1,-42.4716,-2.63558,26.2529,-0.1735,-0.00897821,0.0894314
430.996,1,1,42.4716,2.63558,-26.2529,0.1735,0.00897821,-0.0894314

orb:1,1,3.06742,1.083,4.05459,0,0,-2.67932ptc:427.836,0,1,-44.752,-13.6333,-17.6463,-0.180061,-0.0463949,-0.0600513
427.836,1,1,44.752,13.6333,17.6463,0.180061,0.0463949,0.0600513

orb:1,1,5.39552,1.14197,5.74556,0,0,-2.5471ptc:432.461,0,1,-41.4215,24.0539,-14.3411,-0.170501,0.081982,-0.0488783
432.461,1,1,41.4215,-24.0539,14.3411,0.170501,-0.081982,0.0488783

orb:1,1,4.49633,1.11956,5.05387,0,0,-2.59259ptc:430.745,0,1,-42.6522,8.73776,-24.5853,-0.174017,0.029763,-0.0837437
430.745,1,1,42.6522,-8.73776,24.5853,0.174017,-0.029763,0.0837437

orb:1,1,1.80286,1.04958,2.41781,0,0,-2.78072ptc:425.055,0,1,-46.7794,-13.2288,11.6914,-0.185949,-0.0449807,0.0397533
425.055,1,1,46.7794,13.2288,-11.6914,0.185949,0.0449807,-0.0397533

orb:1,1,2.48873,1.06783,5.28899,0,0,-2.72179ptc:426.589,0,1,-45.6585,11.1103,-17.0841,-0.182688,0.0377944,-0.058116
426.589,1,1,45.6585,-11.1103,17.0841,0.182688,-0.0377944,0.058116

orb:1,1,1.32596,1.03669,0.604092,0,0,-2.8299ptc:423.95,0,1,-47.5908,12.6198,8.70972,-0.188319,0.0428968,0.0296057
423.95,1,1,47.5908,-12.6198,-8.70972,0.188319,-0.0428968,-0.0296057

orb:1,1,0.166344,1.00468,4.11499,0,0,-3.02919ptc:421.121,0,1,-49.6845,-3.15468,-4.63701,-0.194468,-0.0107151,-0.01575
421.121,1,1,49.6845,3.15468,4.63701,0.194468,0.0107151,0.01575

orb:1,1,3.38328,1.09119,1.50346,0,0,-2.65821ptc:428.5,0,1,-44.2714,1.5637,23.1861,-0.178673,0.00532246,0.0789198
428.5,1,1,44.2714,-1.5637,-23.1861,0.178673,-0.00532246,-0.0789198

orb:1,1,1.53453,1.04235,2.6383,0,0,-2.80733ptc:424.437,0,1,-47.2326,-14.3697,7.91184,-0.187272,-0.0488516,0.0268973
424.437,1,1,47.2326,14.3697,-7.91184,0.187272,0.0488516,-0.0268973

orb:1,1,3.28992,1.08877,2.63596,0,0,-2.66432ptc:428.305,0,1,-44.4125,-20.094,11.1249,-0.17908,-0.068391,0.037864
428.305,1,1,44.4125,20.094,-11.1249,0.17908,0.068391,-0.037864

orb:1,1,2.27846,1.06227,0.386716,0,0,-2.7387ptc:426.125,0,1,-45.9966,18.1563,7.39361,-0.18367,0.0617546,0.0251478
426.125,1,1,45.9966,-18.1563,-7.39361,0.18367,-0.0617546,-0.0251478

orb:1,1,4.91352,1.13001,4.6204,0,0,-2.57078ptc:431.551,0,1,-42.0731,-2.48176,-26.9016,-0.17236,-0.00845581,-0.0916586
431.551,1,1,42.0731,2.48176,26.9016,0.17236,0.00845581,0.0916586

orb:1,1,1.68905,1.04652,5.41933,0,0,-2.79171ptc:424.794,0,1,-46.9706,11.1324,-13.0321,-0.186507,0.0378498,-0.0443087
424.794,1,1,46.9706,-11.1324,13.0321,0.186507,-0.0378498,0.0443087

orb:1,1,0.945993,1.02631,3.28511,0,0,-2.87679ptc:423.046,0,1,-48.2572,-12.9513,-1.87164,-0.190271,-0.0440126,-0.00636041
423.046,1,1,48.2572,12.9513,1.87164,0.190271,0.0440126,0.00636041

orb:1,1,2.97442,1.08058,0.566469,0,0,-2.68579ptc:427.639,0,1,-44.8953,18.5715,11.8114,-0.180476,0.0631957,0.0401924
427.639,1,1,44.8953,-18.5715,-11.8114,0.180476,-0.0631957,-0.0401924

orb:1,1,1.91899,1.05269,0.632277,0,0,-2.76991ptc:425.319,0,1,-46.5859,14.6487,10.7318,-0.185385,0.0498127,0.0364932
425.319,1,1,46.5859,-14.6487,-10.7318,0.185385,-0.0498127,-0.0364932

orb:1,1,4.3093,1.11484,5.5122,0,0,-2.60281ptc:430.377,0,1,-42.9166,18.4002,-17.8773,-0.174775,0.0626679,-0.060887
430.377,1,1,42.9166,-18.4002,17.8773,0.174775,-0.0626679,0.060887

orb:1,1,4.23391,1.11294,1.1327,0,0,-2.60701ptc:430.228,0,1,-43.024,10.8065,23.0684,-0.175083,0.0368033,0.0785632
430.228,1,1,43.024,-10.8065,-23.0684,0.175083,-0.0368033,-0.0785632

orb:1,1,0.410588,1.0115,5.20205,0,0,-2.96568ptc:421.734,0,1,-49.2284,4.1155,-7.72213,-0.193125,0.0139809,-0.026233
421.734,1,1,49.2284,-4.1155,7.72213,0.193125,-0.0139809,0.026233

orb:1,1,2.40927,1.06573,1.04124,0,0,-2.72808ptc:426.415,0,1,-45.7857,10.1493,17.3397,-0.183057,0.0345235,0.0589823
426.415,1,1,45.7857,-10.1493,-17.3397,0.183057,-0.0345235,-0.0589823

orb:1,1,0.444042,1.01244,0.447649,0,0,-2.95875ptc:421.818,0,1,-49.1665,8.1955,3.93514,-0.192943,0.0278417,0.0133684
421.818,1,1,49.1665,-8.1955,-3.93514,0.192943,-0.0278417,-0.0133684

orb:1,1,5.50002,1.14455,0.298629,0,0,-2.54216ptc:432.655,0,1,-41.2827,26.9604,8.29935,-0.170106,0.0918945,0.0282883
432.655,1,1,41.2827,-26.9604,-8.29935,0.170106,-0.0918945,-0.0282883

orb:1,1,4.26854,1.11381,6.16297,0,0,-2.60507ptc:430.297,0,1,-42.9746,25.373,-3.06489,-0.174941,0.0864137,-0.0104382
430.297,1,1,42.9746,-25.373,3.06489,0.174941,-0.0864137,0.0104382

orb:1,1,0.475367,1.01331,0.175371,0,0,-2.9525ptc:421.895,0,1,-49.1088,9.25406,1.63974,-0.192773,0.0314385,0.00557061
421.895,1,1,49.1088,-9.25406,-1.63974,0.192773,-0.0314385,-0.00557061

orb:1,1,4.66633,1.12383,6.00304,0,0,-2.58354ptc:431.076,0,1,-42.4145,25.4444,-7.32064,-0.173336,0.0866797,-0.0249387
431.076,1,1,42.4145,-25.4444,7.32064,0.173336,-0.0866797,0.0249387

orb:1,1,4.74216,1.12573,1.73754,0,0,-2.57958ptc:431.222,0,1,-42.3092,-4.42228,26.2749,-0.173035,-0.0150658,0.0895134
431.222,1,1,42.3092,4.42228,-26.2749,0.173035,0.0150658,-0.0895134

orb:1,1,0.0659293,1.00186,1.60346,0,0,-3.07071ptc:420.866,0,1,-49.8745,-0.115646,3.53908,-0.195028,-0.000392775,0.01202
420.866,1,1,49.8745,0.115646,-3.53908,0.195028,0.000392775,-0.01202

orb:1,1,3.86481,1.10355,5.32688,0,0,-2.62832ptc:429.488,0,1,-43.5572,14.1549,-20.0602,-0.176615,0.048195,-0.0683017
429.488,1,1,43.5572,-14.1549,20.0602,0.176615,-0.048195,0.0683017

orb:1,1,0.466147,1.01305,3.58085,0,0,-2.95432ptc:421.872,0,1,-49.1258,-8.4253,-3.95883,-0.192823,-0.0286228,-0.0134491
421.872,1,1,49.1258,8.4253,3.95883,0.192823,0.0286228,0.0134491

orb:1,1,5.5698,1.14626,4.47613,0,0,-2.53889ptc:432.784,0,1,-41.1904,-6.63438,-27.556,-0.169843,-0.0226143,-0.0939291
432.784,1,1,41.1904,6.63438,27.556,0.169843,0.0226143,0.0939291

orb:1,1,1.15125,1.03193,1.18926,0,0,-2.85039ptc:423.537,0,1,-47.8949,5.34518,13.3231,-0.18921,0.018167,0.0452821
423.537,1,1,47.8949,-5.34518,-13.3231,0.18921,-0.018167,-0.0452821

orb:1,1,0.747268,1.02084,4.11348,0,0,-2.90552ptc:422.564,0,1,-48.6132,-6.59253,-9.65896,-0.191316,-0.0224005,-0.0328199
422.564,1,1,48.6132,6.59253,9.65896,0.191316,0.0224005,0.0328199

orb:1,1,0.715266,1.01996,1.55642,0,0,-2.91052ptc:422.486,0,1,-48.671,0.164565,11.4501,-0.191486,0.000559159,0.0389052
422.486,1,1,48.671,-0.164565,-11.4501,0.191486,-0.000559159,-0.0389052

orb:1,1,1.37926,1.03814,0.339099,0,0,-2.82395ptc:424.075,0,1,-47.4987,14.7272,5.19461,-0.18805,0.0500617,0.0176579
424.075,1,1,47.4987,-14.7272,-5.19461,0.18805,-0.0500617,-0.0176579

orb:1,1,3.79687,1.10182,1.38106,0,0,-2.63239ptc:429.35,0,1,-43.6566,4.59693,23.9367,-0.176901,0.0156511,0.0814968
429.35,1,1,43.6566,-4.59693,-23.9367,0.176901,-0.0156511,-0.0814968

orb:1,1,3.31358,1.08938,5.11722,0,0,-2.66276ptc:428.354,0,1,-44.3766,9.07362,-21.1751,-0.178977,0.030883,-0.0720715
428.354,1,1,44.3766,-9.07362,21.1751,0.178977,-0.030883,0.0720715

orb:1,1,2.38275,1.06503,4.6183,0,0,-2.7302ptc:426.356,0,1,-45.8283,-1.87843,-19.9058,-0.183181,-0.0063895,-0.0677099
426.356,1,1,45.8283,1.87843,19.9058,0.183181,0.0063895,0.0677099

orb:1,1,2.59216,1.07056,0.941541,0,0,-2.71379ptc:426.815,0,1,-45.4939,12.2086,16.7707,-0.18221,0.0415336,0.0570536
426.815,1,1,45.4939,-12.2086,-16.7707,0.18221,-0.0415336,-0.0570536

orb:1,1,4.77689,1.1266,1.46302,0,0,-2.57778ptc:431.289,0,1,-42.2612,2.87431,26.5656,-0.172898,0.00979241,0.0905057
431.289,1,1,42.2612,-2.87431,-26.5656,0.172898,-0.00979241,-0.0905057

orb:1,1,5.15341,1.13598,0.33317,0,0,-2.5588ptc:432.007,0,1,-41.7465,26.0045,8.99942,-0.171428,0.0886163,0.0306675
432.007,1,1,41.7465,-26.0045,-8.99942,0.171428,-0.0886163,-0.0306675

orb:1,1,5.09053,1.13442,1.79556,0,0,-2.56191ptc:431.888,0,1,-41.8317,-6.1041,26.6992,-0.171671,-0.0208002,0.0909798
431.888,1,1,41.8317,6.1041,-26.6992,0.171671,0.0208002,-0.0909798

orb:1,1,3.73649,1.10027,3.21537,0,0,-2.63604ptc:429.227,0,1,-43.7454,-24.1486,-1.78489,-0.177157,-0.0822149,-0.00607674
429.227,1,1,43.7454,24.1486,1.78489,0.177157,0.0822149,0.00607674

orb:1,1,4.60545,1.12231,0.849921,0,0,-2.58676ptc:430.958,0,1,-42.4994,17.3856,19.7875,-0.173579,0.059224,0.0674059
430.958,1,1,42.4994,-17.3856,-19.7875,0.173579,-0.059224,-0.0674059

orb:1,1,0.494222,1.01383,4.50443,0,0,-2.94885ptc:421.942,0,1,-49.0741,-1.97746,-9.37135,-0.192671,-0.00671805,-0.0318373
421.942,1,1,49.0741,1.97746,9.37135,0.192671,0.00671805,0.0318373

orb:1,1,0.0107681,1.0003,1.35838,0,0,-3.11292ptc:420.725,0,1,-49.9795,0.302173,1.4011,-0.195338,0.00102625,0.00475847
420.725,1,1,49.9795,-0.302173,-1.4011,0.195338,-0.00102625,-0.00475847

orb:1,1,3.34569,1.09021,2.63368,0,0,-2.66066ptc:428.421,0,1,-44.3281,-20.2105,11.2497,-0.178837,-0.0687898,0.0382901
428.421,1,1,44.3281,20.2105,-11.2497,0.178837,0.0687898,-0.0382901

orb:1,1,0.995064,1.02766,0.762908,0,0,-2.87021ptc:423.164,0,1,-48.1701,9.68805,9.26179,-0.190016,0.0329241,0.0314755
423.164,1,1,48.1701,-9.68805,-9.26179,0.190016,-0.0329241,-0.0314755

orb:1,1,0.974469,1.02709,3.5937,0,0,-2.87295ptc:423.114,0,1,-48.2066,-11.9376,-5.79764,-0.190123,-0.0405685,-0.0197025
423.114,1,1,48.2066,11.9376,5.79764,0.190123,0.0405685,0.0197025

orb:1,1,4.75915,1.12616,4.95744,0,0,-2.5787ptc:431.255,0,1,-42.2857,6.47314,-25.8847,-0.172968,0.0220529,-0.0881848
431.255,1,1,42.2857,-6.47314,25.8847,0.172968,-0.0220529,0.0881848

orb:1,1,1.66465,1.04586,5.94257,0,0,-2.79412ptc:424.738,0,1,-47.0117,16.0482,-5.68791,-0.186627,0.0545624,-0.0193384
424.738,1,1,47.0117,-16.0482,5.68791,0.186627,-0.0545624,0.0193384

orb:1,1,0.744506,1.02077,2.43416,0,0,-2.90595ptc:422.557,0,1,-48.6182,-8.87232,7.58645,-0.191331,-0.0301469,0.0257777
422.557,1,1,48.6182,8.87232,-7.58645,0.191331,0.0301469,-0.0257777

orb:1,1,3.94121,1.1055,3.30892,0,0,-2.62381ptc:429.642,0,1,-43.4458,-24.4023,-4.1218,-0.176295,-0.0830899,-0.0140348
429.642,1,1,43.4458,24.4023,4.1218,0.176295,0.0830899,0.0140348

orb:1,1,2.13503,1.05846,1.71603,0,0,-2.75078ptc:425.806,0,1,-46.23,-2.7565,18.8465,-0.184349,-0.00937476,0.0640964
425.806,1,1,46.23,2.7565,-18.8465,0.184349,0.00937476,-0.0640964

orb:1,1,3.26126,1.08803,3.32017,0,0,-2.66621ptc:428.245,0,1,-44.4559,-22.52,-4.06497,-0.179206,-0.0766462,-0.0138351
428.245,1,1,44.4559,22.52,4.06497,0.179206,0.0766462,0.0138351

orb:1,1,3.04941,1.08253,1.92013,0,0,-2.68056ptc:427.798,0,1,-44.7797,-7.61339,20.9002,-0.180141,-0.0259084,0.0711235
427.798,1,1,44.7797,7.61339,-20.9002,0.180141,0.0259084,-0.0711235

orb:1,1,2.10492,1.05766,4.96013,0,0,-2.75337ptc:425.738,0,1,-46.2793,4.64122,-18.3491,-0.184492,0.0157843,-0.0624034
425.738,1,1,46.2793,-4.64122,18.3491,0.184492,-0.0157843,0.0624034

orb:1,1,4.84516,1.12831,1.70135,0,0,-2.57427ptc:431.42,0,1,-42.167,-3.49796,26.6403,-0.172628,-0.0119176,0.0907644
431.42,1,1,42.167,3.49796,-26.6403,0.172628,0.0119176,-0.0907644

orb:1,1,1.08569,1.03014,3.81376,0,0,-2.85852ptc:423.38,0,1,-48.0101,-10.9276,-8.69603,-0.189547,-0.0371388,-0.0295545
423.38,1,1,48.0101,10.9276,8.69603,0.189547,0.0371388,0.0295545

orb:1,1,0.906697,1.02523,4.44743,0,0,-2.88219ptc:422.951,0,1,-48.3272,-3.35845,-12.3775,-0.190477,-0.0114128,-0.0420614
422.951,1,1,48.3272,3.35845,12.3775,0.190477,0.0114128,0.0420614

orb:1,1,1.23502,1.03422,2.80412,0,0,-2.84036ptc:423.735,0,1,-47.7486,-13.998,4.91189,-0.188781,-0.0475785,0.0166953
423.735,1,1,47.7486,13.998,-4.91189,0.188781,0.0475785,-0.0166953

orb:1,1,4.00949,1.10724,6.03276,0,0,-2.61982ptc:429.78,0,1,-43.3467,24.1437,-6.17574,-0.17601,0.0822132,-0.0210294
429.78,1,1,43.3467,-24.1437,6.17574,0.17601,-0.0822132,0.0210294

orb:1,1,0.538159,1.01505,0.0393486,0,0,-2.9406ptc:422.051,0,1,-48.9934,9.97435,0.392679,-0.192433,0.0338869,0.00133409
422.051,1,1,48.9934,-9.97435,-0.392679,0.192433,-0.0338869,-0.00133409

orb:1,1,0.514469,1.01439,1.73965,0,0,-2.945ptc:421.992,0,1,-49.0369,-1.64126,9.62748,-0.192561,-0.00557593,0.0327079
421.992,1,1,49.0369,1.64126,-9.62748,0.192561,0.00557593,-0.0327079

orb:1,1,2.73568,1.07433,3.87861,0,0,-2.70299ptc:427.127,0,1,-45.2674,-15.723,-14.2706,-0.181554,-0.0534943,-0.0485531
427.127,1,1,45.2674,15.723,14.2706,0.181554,0.0534943,0.0485531

orb:1,1,4.38605,1.11678,0.515301,0,0,-2.59858ptc:430.529,0,1,-42.8078,22.481,12.7319,-0.174463,0.0765703,0.0433648
430.529,1,1,42.8078,-22.481,-12.7319,0.174463,-0.0765703,-0.0433648

orb:1,1,4.47802,1.1191,2.2801,0,0,-2.59358ptc:430.709,0,1,-42.678,-16.9664,19.7669,-0.174091,-0.0577912,0.0673301
430.709,1,1,42.678,16.9664,-19.7669,0.174091,0.0577912,-0.0673301

orb:1,1,4.78041,1.12669,2.10378,0,0,-2.5776ptc:431.296,0,1,-42.2563,-13.5808,23.0209,-0.172884,-0.0462684,0.0784297
431.296,1,1,42.2563,13.5808,-23.0209,0.172884,0.0462684,-0.0784297

orb:1,1,2.05153,1.05623,5.85305,0,0,-2.75803ptc:425.618,0,1,-46.3669,17.0068,-7.80248,-0.184747,0.0578364,-0.0265345
425.618,1,1,46.3669,-17.0068,7.80248,0.184747,-0.0578364,0.0265345

orb:1,1,3.03851,1.08225,5.63441,0,0,-2.68131ptc:427.775,0,1,-44.7964,17.6973,-13.4195,-0.18019,0.0602237,-0.0456664
427.775,1,1,44.7964,-17.6973,13.4195,0.18019,-0.0602237,0.0456664

orb:1,1,5.3991,1.14206,1.01825,0,0,-2.54693ptc:432.468,0,1,-41.4168,14.7022,23.8432,-0.170487,0.0501091,0.0812641
432.468,1,1,41.4168,-14.7022,-23.8432,0.170487,-0.0501091,-0.0812641

orb:1,1,3.82804,1.10261,4.52015,0,0,-2.63052ptc:429.414,0,1,-43.6109,-4.67245,-24.0053,-0.17677,-0.0159085,-0.081732
429.414,1,1,43.6109,4.67245,24.0053,0.17677,0.0159085,0.081732

orb:1,1,5.46578,1.1437,3.66094,0,0,-2.54377ptc:432.592,0,1,-41.3281,-24.4316,-13.9673,-0.170235,-0.0832733,-0.0476067
432.592,1,1,41.3281,24.4316,13.9673,0.170235,0.0832733,0.0476067

orb:1,1,1.3291,1.03678,4.99204,0,0,-2.82954ptc:423.957,0,1,-47.5853,4.23711,-14.7541,-0.188303,0.0144026,-0.0501517
423.957,1,1,47.5853,-4.23711,14.7541,0.188303,-0.0144026,0.0501517

orb:1,1,1.2001,1.03327,5.76433,0,0,-2.84449ptc:423.653,0,1,-47.8095,12.7109,-7.25853,-0.188959,0.0432027,-0.0246709
423.653,1,1,47.8095,-12.7109,7.25853,0.188959,-0.0432027,0.0246709

orb:1,1,3.44748,1.09284,0.918309,0,0,-2.65408ptc:428.633,0,1,-44.1749,14.2208,18.6103,-0.178395,0.0484062,0.0633475
428.633,1,1,44.1749,-14.2208,-18.6103,0.178395,-0.0484062,-0.0633475

orb:1,1,2.34721,1.06409,5.52669,0,0,-2.73307ptc:426.278,0,1,-45.8855,14.445,-13.6331,-0.183347,0.0491339,-0.0463722
426.278,1,1,45.8855,-14.445,13.6331,0.183347,-0.0491339,0.0463722

orb:1,1,2.45999,1.06707,3.28184,0,0,-2.72405ptc:426.526,0,1,-45.7044,-20.0767,-2.83434,-0.182821,-0.0682948,-0.00964155
426.526,1,1,45.7044,20.0767,2.83434,0.182821,0.0682948,0.00964155

orb:1,1,2.78388,1.07559,5.92096,0,0,-2.69945ptc:427.231,0,1,-45.1918,20.0057,-7.58103,-0.181335,0.0680678,-0.0257938
427.231,1,1,45.1918,-20.0057,7.58103,0.181335,-0.0680678,0.0257938

orb:1,1,2.40206,1.06554,1.39457,0,0,-2.72865ptc:426.399,0,1,-45.7972,3.51772,19.7544,-0.183091,0.0119657,0.0671959
426.399,1,1,45.7972,-3.51772,-19.7544,0.183091,-0.0119657,-0.0671959

orb:1,1,2.57965,1.07023,3.56192,0,0,-2.71474ptc:426.788,0,1,-45.5137,-18.8984,-8.44701,-0.182268,-0.0642914,-0.0287364
426.788,1,1,45.5137,18.8984,8.44701,0.182268,0.0642914,0.0287364

orb:1,1,3.67058,1.09858,5.58128,0,0,-2.64007ptc:429.093,0,1,-43.8427,18.3557,-15.5206,-0.177437,0.0624901,-0.0528381
429.093,1,1,43.8427,-18.3557,15.5206,0.177437,-0.0624901,0.0528381

orb:1,1,2.92421,1.07926,5.86236,0,0,-2.68933ptc:427.532,0,1,-44.9731,19.9436,-8.92598,-0.180701,0.0678625,-0.0303727
427.532,1,1,44.9731,-19.9436,8.92598,0.180701,-0.0678625,0.0303727

orb:1,1,2.68314,1.07295,2.71798,0,0,-2.7069ptc:427.013,0,1,-45.3501,-19.1952,8.65537,-0.181793,-0.0653058,0.0294472
427.013,1,1,45.3501,19.1952,-8.65537,0.181793,0.0653058,-0.0294472

orb:1,1,1.91133,1.05249,0.972598,0,0,-2.77061ptc:425.302,0,1,-46.5986,10.208,14.9789,-0.185422,0.0347121,0.0509352
425.302,1,1,46.5986,-10.208,-14.9789,0.185422,-0.0347121,-0.0509352

orb:1,1,4.06361,1.10862,2.15918,0,0,-2.61668ptc:429.888,0,1,-43.2685,-13.9069,20.8431,-0.175785,-0.047357,0.0709764
429.888,1,1,43.2685,13.9069,-20.8431,0.175785,0.047357,-0.0709764

orb:1,1,5.47275,1.14388,4.3354,0,0,-2.54344ptc:432.605,0,1,-41.3188,-10.3647,-26.1787,-0.170209,-0.0353275,-0.0892287
432.605,1,1,41.3188,10.3647,26.1787,0.170209,0.0353275,0.0892287

orb:1,1,4.31996,1.11511,0.415453,0,0,-2.60222ptc:430.398,0,1,-42.9015,23.4955,10.3646,-0.174731,0.0800224,0.0353002
430.398,1,1,42.9015,-23.4955,-10.3646,0.174731,-0.0800224,-0.0353002

orb:1,1,0.616641,1.01723,6.04843,0,0,-2.92671ptc:422.244,0,1,-48.85,10.3693,-2.47999,-0.192012,0.0352306,-0.00842596
422.244,1,1,48.85,-10.3693,2.47999,0.192012,-0.0352306,0.00842596

orb:1,1,0.786478,1.02192,4.83958,0,0,-2.89955ptc:422.66,0,1,-48.5426,1.52014,-11.8874,-0.191109,0.00516536,-0.0403928
422.66,1,1,48.5426,-1.52014,11.8874,0.191109,-0.00516536,0.0403928

orb:1,1,0.842211,1.02346,1.77511,0,0,-2.89134ptc:422.795,0,1,-48.4425,-2.51237,12.1249,-0.190815,-0.00853722,0.0412015
422.795,1,1,48.4425,2.51237,-12.1249,0.190815,0.00853722,-0.0412015

orb:1,1,0.328535,1.00922,5.68713,0,0,-2.98403ptc:421.529,0,1,-49.3806,6.49261,-4.4043,-0.193573,0.022055,-0.0149611
421.529,1,1,49.3806,-6.49261,4.4043,0.193573,-0.022055,0.0149611

orb:1,1,4.18863,1.11179,0.984807,0,0,-2.60956ptc:430.138,0,1,-43.0888,14.0272,21.1328,-0.175269,0.0477703,0.071969
430.138,1,1,43.0888,-14.0272,-21.1328,0.175269,-0.0477703,-0.071969

orb:1,1,3.19676,1.08636,2.66997,0,0,-2.67052ptc:428.109,0,1,-44.554,-20.2151,10.3098,-0.179489,-0.0687986,0.0350876
428.109,1,1,44.554,20.2151,-10.3098,0.179489,0.0687986,-0.0350876

orb:1,1,3.20409,1.08655,2.84608,0,0,-2.67002ptc:428.125,0,1,-44.5428,-21.7296,6.61511,-0.179457,-0.0739535,0.0225135
428.125,1,1,44.5428,21.7296,-6.61511,0.179457,0.0739535,-0.0225135

orb:1,1,2.57124,1.07001,1.75682,0,0,-2.71539ptc:426.77,0,1,-45.5271,-3.82319,20.3142,-0.182307,-0.0130063,0.0691077
426.77,1,1,45.5271,3.82319,-20.3142,0.182307,0.0130063,-0.0691077

orb:1,1,1.21215,1.03359,3.77097,0,0,-2.84306ptc:423.681,0,1,-47.7885,-11.8881,-8.65647,-0.188898,-0.0404065,-0.0294225
423.681,1,1,47.7885,11.8881,8.65647,0.188898,0.0404065,0.0294225

orb:1,1,1.34376,1.03718,2.25835,0,0,-2.8279ptc:423.992,0,1,-47.56,-9.79184,11.9235,-0.188229,-0.0332844,0.0405302
423.992,1,1,47.56,9.79184,-11.9235,0.188229,0.0332844,-0.0405302

orb:1,1,3.12435,1.08448,1.64444,0,0,-2.67541ptc:427.957,0,1,-44.6646,-1.65358,22.4129,-0.179809,-0.00562741,0.0762749
427.957,1,1,44.6646,1.65358,-22.4129,0.179809,0.00562741,-0.0762749

orb:1,1,4.75072,1.12595,5.8427,0,0,-2.57914ptc:431.239,0,1,-42.2974,24.1181,-11.3686,-0.173001,0.0821662,-0.0387308
431.239,1,1,42.2974,-24.1181,11.3686,0.173001,-0.0821662,0.0387308

orb:1,1,1.02761,1.02855,0.691038,0,0,-2.86595ptc:423.242,0,1,-48.1125,10.4863,8.67306,-0.189847,0.0356378,0.0294753
423.242,1,1,48.1125,-10.4863,-8.67306,0.189847,-0.0356378,-0.0294753

orb:1,1,2.39303,1.06531,0.588865,0,0,-2.72938ptc:426.379,0,1,-45.8117,16.6581,11.1262,-0.183133,0.0566632,0.0378461
426.379,1,1,45.8117,-16.6581,-11.1262,0.183133,-0.0566632,-0.0378461

orb:1,1,0.0822799,1.00232,0.889326,0,0,-3.06243ptc:420.908,0,1,-49.8434,2.4907,3.07079,-0.194937,0.0084594,0.0104296
420.908,1,1,49.8434,-2.4907,-3.07079,0.194937,-0.0084594,-0.0104296

orb:1,1,0.017225,1.00049,5.10217,0,0,-3.10534ptc:420.742,0,1,-49.9671,0.688719,-1.67652,-0.195302,0.00233906,-0.00569387
420.742,1,1,49.9671,-0.688719,1.67652,0.195302,-0.00233906,0.00569387

orb:1,1,3.99199,1.10679,1.83173,0,0,-2.62083ptc:429.745,0,1,-43.3721,-6.41785,24.0348,-0.176083,-0.0218535,0.0818414
429.745,1,1,43.3721,6.41785,-24.0348,0.176083,0.0218535,-0.0818414

orb:1,1,3.04047,1.0823,0.572509,0,0,-2.68118ptc:427.779,0,1,-44.7934,18.6735,12.0353,-0.180181,0.0635457,0.0409561
427.779,1,1,44.7934,-18.6735,-12.0353,0.180181,-0.0635457,-0.0409561

orb:1,1,2.55642,1.06962,0.616852,0,0,-2.71653ptc:426.737,0,1,-45.5506,16.8189,11.9274,-0.182375,0.0572165,0.040576
426.737,1,1,45.5506,-16.8189,-11.9274,0.182375,-0.0572165,-0.040576

orb:1,1,3.64959,1.09804,5.01196,0,0,-2.64137ptc:429.05,0,1,-43.8737,7.07711,-22.9131,-0.177526,0.0240929,-0.0780042
429.05,1,1,43.8737,-7.07711,22.9131,0.177526,-0.0240929,0.0780042

orb:1,1,1.576,1.04347,2.03826,0,0,-2.80305ptc:424.533,0,1,-47.162,-7.48294,14.8241,-0.187066,-0.0254399,0.0503979
424.533,1,1,47.162,7.48294,-14.8241,0.187066,0.0254399,-0.0503979

orb:1,1,5.12401,1.13525,2.72176,0,0,-2.56025ptc:431.952,0,1,-41.7863,-25.0728,11.1918,-0.171541,-0.0854396,0.0381378
431.952,1,1,41.7863,25.0728,-11.1918,0.171541,0.0854396,-0.0381378

orb:1,1,0.953997,1.02653,0.552892,0,0,-2.87571ptc:423.065,0,1,-48.243,11.1808,6.89954,-0.19023,0.0379959,0.0234469
423.065,1,1,48.243,-11.1808,-6.89954,0.19023,-0.0379959,-0.0234469

orb:1,1,0.27309,1.00767,3.47854,0,0,-2.99781ptc:421.39,0,1,-49.4841,-6.76131,-2.36854,-0.193878,-0.0229669,-0.00804549
421.39,1,1,49.4841,6.76131,2.36854,0.193878,0.0229669,0.00804549

orb:1,1,4.20575,1.11222,1.0771,0,0,-2.60859ptc:430.172,0,1,-43.0643,12.0395,22.3723,-0.175199,0.0410017,0.0761909
430.172,1,1,43.0643,-12.0395,-22.3723,0.175199,-0.0410017,-0.0761909

orb:1,1,4.49629,1.11956,0.997066,0,0,-2.59259ptc:430.745,0,1,-42.6523,14.1618,21.914,-0.174017,0.0482386,0.0746447
430.745,1,1,42.6523,-14.1618,-21.914,0.174017,-0.0482386,-0.0746447

orb:1,1,2.89256,1.07844,4.82681,0,0,-2.69159ptc:427.464,0,1,-45.0223,2.48303,-21.6063,-0.180843,0.0084489,-0.0735187
427.464,1,1,45.0223,-2.48303,21.6063,0.180843,-0.0084489,0.0735187

orb:1,1,1.42942,1.0395,2.64806,0,0,-2.81847ptc:424.192,0,1,-47.4124,-13.9819,7.5213,-0.187798,-0.04753,0.0255678
424.192,1,1,47.4124,13.9819,-7.5213,0.187798,0.04753,-0.0255678

orb:1,1,4.57036,1.12142,4.99826,0,0,-2.58862ptc:430.889,0,1,-42.5484,7.40529,-25.1951,-0.17372,0.0252255,-0.085825
430.889,1,1,42.5484,-7.40529,25.1951,0.17372,-0.0252255,0.085825

orb:1,1,1.14194,1.03168,0.712299,0,0,-2.85153ptc:423.514,0,1,-47.9113,10.8237,9.34662,-0.189257,0.036787,0.0317668
423.514,1,1,47.9113,-10.8237,-9.34662,0.189257,-0.036787,-0.0317668

orb:1,1,5.08535,1.13429,2.65132,0,0,-2.56216ptc:431.878,0,1,-41.8387,-24.1524,12.8912,-0.171691,-0.082301,0.0439276
431.878,1,1,41.8387,24.1524,-12.8912,0.171691,0.082301,-0.0439276

orb:1,1,3.74616,1.10052,4.18697,0,0,-2.63545ptc:429.247,0,1,-43.7312,-12.1583,-20.9704,-0.177116,-0.0413939,-0.0713953
429.247,1,1,43.7312,12.1583,20.9704,0.177116,0.0413939,0.0713953

orb:1,1,5.22805,1.13783,5.41067,0,0,-2.55515ptc:432.148,0,1,-41.6459,17.7891,-21.1936,-0.17114,0.0606234,-0.0722256
432.148,1,1,41.6459,-17.7891,21.1936,0.17114,-0.0606234,0.0722256

orb:1,1,1.43297,1.0396,2.83346,0,0,-2.81809ptc:424.2,0,1,-47.4063,-15.1461,4.82049,-0.18778,-0.0514875,0.0163868
424.2,1,1,47.4063,15.1461,-4.82049,0.18778,0.0514875,-0.0163868

orb:1,1,4.23496,1.11296,0.849431,0,0,-2.60695ptc:430.23,0,1,-43.0225,16.8251,19.1306,-0.175079,0.0573005,0.0651523
430.23,1,1,43.0225,-16.8251,-19.1306,0.175079,-0.0573005,-0.0651523

orb:1,1,1.44772,1.04,1.1134,0,0,-2.8165ptc:424.235,0,1,-47.381,7.05259,14.3284,-0.187706,0.0239748,0.0487083
424.235,1,1,47.381,-7.05259,-14.3284,0.187706,-0.0239748,-0.0487083

orb:1,1,5.2015,1.13717,2.70724,0,0,-2.55645ptc:432.098,0,1,-41.6816,-25.0516,11.6214,-0.171242,-0.0853718,0.0396039
432.098,1,1,41.6816,25.0516,-11.6214,0.171242,0.0853718,-0.0396039

orb:1,1,4.38005,1.11663,1.66266,0,0,-2.59891ptc:430.517,0,1,-42.8162,-2.36875,25.713,-0.174487,-0.00806793,0.0875782
430.517,1,1,42.8162,2.36875,-25.713,0.174487,0.00806793,-0.0875782

orb:1,1,0.499299,1.01397,0.313177,0,0,-2.94788ptc:421.955,0,1,-49.0648,9.15723,2.96542,-0.192643,0.03111,0.0100745
421.955,1,1,49.0648,-9.15723,-2.96542,0.192643,-0.03111,-0.0100745

orb:1,1,4.64977,1.12342,2.54889,0,0,-2.58442ptc:431.044,0,1,-42.4376,-21.9299,14.7693,-0.173402,-0.0747064,0.0503129
431.044,1,1,42.4376,21.9299,-14.7693,0.173402,0.0747064,-0.0503129

orb:1,1,1.80402,1.04961,2.84136,0,0,-2.78061ptc:425.057,0,1,-46.7775,-16.8699,5.2227,-0.185944,-0.0573614,0.0177584
425.057,1,1,46.7775,16.8699,-5.2227,0.185944,0.0573614,-0.0177584

orb:1,1,3.14972,1.08514,5.01367,0,0,-2.67369ptc:428.01,0,1,-44.6258,6.69177,-21.535,-0.179697,0.0227737,-0.0732886
428.01,1,1,44.6258,-6.69177,21.535,0.179697,-0.0227737,0.0732886

orb:1,1,2.79384,1.07586,3.74656,0,0,-2.69872ptc:427.252,0,1,-45.1762,-17.624,-12.1863,-0.181289,-0.0599644,-0.041463
427.252,1,1,45.1762,17.624,12.1863,0.181289,0.0599644,0.041463

orb:1,1,3.61617,1.09718,4.59284,0,0,-2.64344ptc:428.981,0,1,-43.9233,-2.84921,-23.7198,-0.177669,-0.0096995,-0.0807486
428.981,1,1,43.9233,2.84921,23.7198,0.177669,0.0096995,0.0807486

orb:1,1,1.0841,1.0301,5.4731,0,0,-2.85872ptc:423.377,0,1,-48.0129,9.62159,-10.1088,-0.189555,0.0327001,-0.0343561
423.377,1,1,48.0129,-9.62159,10.1088,0.189555,-0.0327001,0.0343561

orb:1,1,5.492,1.14435,0.926948,0,0,-2.54253ptc:432.64,0,1,-41.2933,16.9238,22.5488,-0.170136,0.0576846,0.0768572
432.64,1,1,41.2933,-16.9238,-22.5488,0.170136,-0.0576846,-0.0768572

orb:1,1,4.73653,1.12559,2.60854,0,0,-2.57987ptc:431.211,0,1,-42.317,-22.9372,13.5335,-0.173057,-0.0781421,0.0461056
431.211,1,1,42.317,22.9372,-13.5335,0.173057,0.0781421,-0.0461056

orb:1,1,4.50139,1.11969,2.77775,0,0,-2.59232ptc:430.755,0,1,-42.6451,-24.3947,9.28928,-0.173997,-0.0830948,0.0316417
430.755,1,1,42.6451,24.3947,-9.28928,0.173997,0.0830948,-0.0316417

orb:1,1,4.18369,1.11167,3.58877,0,0,-2.60983ptc:430.128,0,1,-43.0959,-22.8595,-10.9631,-0.175289,-0.0778492,-0.0373353
430.128,1,1,43.0959,22.8595,10.9631,0.175289,0.0778492,0.0373353

orb:1,1,1.16541,1.03232,4.7058,0,0,-2.84867ptc:423.57,0,1,-47.8701,-0.0950984,-14.4375,-0.189137,-0.000323221,-0.0490701
423.57,1,1,47.8701,0.0950984,14.4375,0.189137,0.000323221,0.0490701

orb:1,1,0.421804,1.01182,0.466348,0,0,-2.96332ptc:421.762,0,1,-49.2076,7.91949,3.98652,-0.193064,0.0269036,0.0135428
421.762,1,1,49.2076,-7.91949,-3.98652,0.193064,-0.0269036,-0.0135428

orb:1,1,3.05352,1.08264,5.53017,0,0,-2.68028ptc:427.807,0,1,-44.7733,16.239,-15.2198,-0.180123,0.0552615,-0.0517934
427.807,1,1,44.7733,-16.239,15.2198,0.180123,-0.0552615,0.0517934

orb:1,1,1.97553,1.0542,5.08134,0,0,-2.76479ptc:425.447,0,1,-46.4922,6.63492,-17.1596,-0.185112,0.0225628,-0.058353
425.447,1,1,46.4922,-6.63492,17.1596,0.185112,-0.0225628,0.058353

orb:1,1,3.07296,1.08314,1.70311,0,0,-2.67893ptc:427.848,0,1,-44.7435,-2.9442,22.1213,-0.180037,-0.0100193,0.0752803
427.848,1,1,44.7435,2.9442,-22.1213,0.180037,0.0100193,-0.0752803

orb:1,1,0.0676491,1.0019,5.52892,0,0,-3.0698ptc:420.87,0,1,-49.8712,2.61388,-2.45599,-0.195019,0.00887768,-0.00834142
420.87,1,1,49.8712,-2.61388,2.45599,0.195019,-0.00887768,0.00834142

orb:1,1,4.58285,1.12174,5.39505,0,0,-2.58796ptc:430.914,0,1,-42.5309,16.5848,-20.3976,-0.17367,0.0564951,-0.0694834
430.914,1,1,42.5309,-16.5848,20.3976,0.17367,-0.0564951,0.0694834

orb:1,1,2.1402,1.0586,0.286216,0,0,-2.75034ptc:425.817,0,1,-46.2215,18.2919,5.38324,-0.184324,0.0622102,0.0183083
425.817,1,1,46.2215,-18.2919,-5.38324,0.184324,-0.0622102,-0.0183083

orb:1,1,4.97854,1.13164,1.13887,0,0,-2.5675ptc:431.675,0,1,-41.9841,11.3672,24.6601,-0.172106,0.0387316,0.084025
431.675,1,1,41.9841,-11.3672,-24.6601,0.172106,-0.0387316,-0.084025

orb:1,1,0.520274,1.01456,2.55997,0,0,-2.94391ptc:422.007,0,1,-49.0262,-8.20511,5.39473,-0.19253,-0.0278757,0.0183279
422.007,1,1,49.0262,8.20511,-5.39473,0.19253,0.0278757,-0.0183279

orb:1,1,4.94958,1.13091,1.61186,0,0,-2.56895ptc:431.62,0,1,-42.0237,-1.11215,27.0697,-0.172219,-0.00378938,0.0922337
431.62,1,1,42.0237,1.11215,-27.0697,0.172219,0.00378938,-0.0922337

orb:1,1,3.21344,1.08679,0.976541,0,0,-2.6694ptc:428.144,0,1,-44.5286,12.7331,18.8433,-0.179416,0.0433356,0.0641309
428.144,1,1,44.5286,-12.7331,-18.8433,0.179416,-0.0433356,-0.0641309

orb:1,1,1.30702,1.03618,1.58975,0,0,-2.83204ptc:423.905,0,1,-47.6235,-0.288608,15.2288,-0.188415,-0.000981014,0.0517643
423.905,1,1,47.6235,0.288608,-15.2288,0.188415,0.000981014,-0.0517643

orb:1,1,3.27985,1.08851,4.84501,0,0,-2.66498ptc:428.284,0,1,-44.4277,3.03328,-22.7371,-0.179124,0.0103239,-0.0773864
428.284,1,1,44.4277,-3.03328,22.7371,0.179124,-0.0103239,0.0773864

orb:1,1,2.23445,1.0611,5.68204,0,0,-2.74236ptc:426.028,0,1,-46.0679,16.0283,-10.9926,-0.183878,0.0545153,-0.037388
426.028,1,1,46.0679,-16.0283,10.9926,0.183878,-0.0545153,0.037388

orb:1,1,5.31287,1.13993,4.26731,0,0,-2.55105ptc:432.307,0,1,-41.532,-11.986,-25.1283,-0.170816,-0.0408494,-0.0856392
432.307,1,1,41.532,11.986,25.1283,0.170816,0.0408494,0.0856392

orb:1,1,3.27893,1.08849,3.73536,0,0,-2.66504ptc:428.282,0,1,-44.4291,-19.0102,-12.8323,-0.179128,-0.0647016,-0.0436749
428.282,1,1,44.4291,19.0102,12.8323,0.179128,0.0647016,0.0436749

orb:1,1,4.52139,1.12019,2.18998,0,0,-2.59124ptc:430.794,0,1,-42.617,-15.1764,21.2947,-0.173916,-0.0516954,0.0725364
430.794,1,1,42.617,15.1764,-21.2947,0.173916,0.0516954,-0.0725364

orb:1,1,0.0265505,1.00075,5.88918,0,0,-3.09658ptc:420.765,0,1,-49.9494,2.07726,-0.86362,-0.19525,0.00705491,-0.00293308
420.765,1,1,49.9494,-2.07726,0.86362,0.19525,-0.00705491,0.00293308

orb:1,1,3.54141,1.09526,1.15333,0,0,-2.64811ptc:428.827,0,1,-44.0345,9.6028,21.6507,-0.17799,0.032689,0.0737012
428.827,1,1,44.0345,-9.6028,-21.6507,0.17799,-0.032689,-0.0737012

orb:1,1,0.26176,1.00735,5.78046,0,0,-3.0008ptc:421.362,0,1,-49.5053,6.14813,-3.38055,-0.19394,0.0208839,-0.011483
421.362,1,1,49.5053,-6.14813,3.38055,0.19394,-0.0208839,0.011483

orb:1,1,0.232542,1.00653,4.05403,0,0,-3.00883ptc:421.288,0,1,-49.56,-4.04937,-5.23527,-0.194101,-0.0137546,-0.0177828
421.288,1,1,49.56,4.04937,5.23527,0.194101,0.0137546,0.0177828

orb:1,1,0.23484,1.0066,1.98644,0,0,-3.00818ptc:421.294,0,1,-49.5557,-2.68541,6.0845,-0.194089,-0.00912162,0.0206674
421.294,1,1,49.5557,2.68541,-6.0845,0.194089,0.00912162,-0.0206674

orb:1,1,4.21525,1.11246,0.192798,0,0,-2.60806ptc:430.191,0,1,-43.0507,24.9579,4.87235,-0.17516,0.0849972,0.0165934
430.191,1,1,43.0507,-24.9579,-4.87235,0.17516,-0.0849972,-0.0165934

orb:1,1,5.57987,1.14651,4.75168,0,0,-2.53842ptc:432.803,0,1,-41.1771,1.11411,-28.3408,-0.169805,0.00379765,-0.0966049
432.803,1,1,41.1771,-1.11411,28.3408,0.169805,-0.00379765,0.0966049

orb:1,1,1.78955,1.04922,3.37025,0,0,-2.78198ptc:425.024,0,1,-46.8017,-17.1376,-3.98839,-0.186014,-0.0582711,-0.0135613
425.024,1,1,46.8017,17.1376,3.98839,0.186014,0.0582711,0.0135613

orb:1,1,3.97408,1.10634,1.65755,0,0,-2.62188ptc:429.709,0,1,-43.3981,-2.15159,24.7382,-0.176157,-0.00732633,0.0842354
429.709,1,1,43.3981,2.15159,-24.7382,0.176157,0.00732633,-0.0842354

orb:1,1,1.47367,1.0407,4.30683,0,0,-2.81372ptc:424.295,0,1,-47.3365,-6.35244,-14.7952,-0.187576,-0.021595,-0.0502962
424.295,1,1,47.3365,6.35244,14.7952,0.187576,0.021595,0.0502962

orb:1,1,0.228449,1.00642,1.29203,0,0,-3.01ptc:421.278,0,1,-49.5677,1.80537,6.30755,-0.194124,0.00613233,0.0214249
421.278,1,1,49.5677,-1.80537,-6.30755,0.194124,-0.00613233,-0.0214249

orb:1,1,3.99503,1.10687,1.10382,0,0,-2.62066ptc:429.751,0,1,-43.3677,11.2027,22.2204,-0.17607,0.0381465,0.0756631
429.751,1,1,43.3677,-11.2027,-22.2204,0.17607,-0.0381465,-0.0756631

orb:1,1,4.94071,1.13069,4.5343,0,0,-2.5694ptc:431.603,0,1,-42.0359,-4.79603,-26.6455,-0.172254,-0.0163412,-0.0907879
431.603,1,1,42.0359,4.79603,26.6455,0.172254,0.0163412,0.0907879

orb:1,1,3.41818,1.09209,3.61054,0,0,-2.65596ptc:428.572,0,1,-44.2189,-20.819,-10.5478,-0.178522,-0.0708643,-0.035903
428.572,1,1,44.2189,20.819,10.5478,0.178522,0.0708643,0.035903

orb:1,1,1.30853,1.03622,5.33877,0,0,-2.83187ptc:423.909,0,1,-47.6209,8.93376,-12.3464,-0.188407,0.0303669,-0.041967
423.909,1,1,47.6209,-8.93376,12.3464,0.188407,-0.0303669,0.041967

orb:1,1,3.3569,1.0905,1.68563,0,0,-2.65993ptc:428.445,0,1,-44.3112,-2.65402,23.0103,-0.178788,-0.00903347,0.0783201
428.445,1,1,44.3112,2.65402,-23.0103,0.178788,0.00903347,-0.0783201

orb:1,1,0.770114,1.02147,2.77308,0,0,-2.90202ptc:422.62,0,1,-48.572,-11.0677,4.27381,-0.191195,-0.0376072,0.0145221
422.62,1,1,48.572,11.0677,-4.27381,0.191195,0.0376072,-0.0145221

orb:1,1,4.75287,1.126,2.78613,0,0,-2.57902ptc:431.243,0,1,-42.2944,-25.0008,9.28118,-0.172993,-0.0851735,0.0316193
431.243,1,1,42.2944,25.0008,-9.28118,0.172993,0.0851735,-0.0316193

orb:1,1,0.846239,1.02357,0.552458,0,0,-2.89076ptc:422.805,0,1,-48.4353,10.5644,6.51289,-0.190794,0.0358989,0.0221314
422.805,1,1,48.4353,-10.5644,-6.51289,0.190794,-0.0358989,-0.0221314

orb:1,1,4.16619,1.11122,0.266389,0,0,-2.61083ptc:430.093,0,1,-43.1209,24.417,6.66278,-0.175361,0.0831524,0.0226901
430.093,1,1,43.1209,-24.417,-6.66278,0.175361,-0.0831524,-0.0226901

orb:1,1,0.791254,1.02205,2.30972,0,0,-2.89884ptc:422.671,0,1,-48.534,-8.09462,8.88436,-0.191083,-0.0275052,0.0301887
422.671,1,1,48.534,8.09462,-8.88436,0.191083,0.0275052,-0.0301887

orb:1,1,3.90307,1.10453,1.88783,0,0,-2.62605ptc:429.566,0,1,-43.5013,-7.68471,23.4218,-0.176454,-0.0261658,0.0797492
429.566,1,1,43.5013,7.68471,-23.4218,0.176454,0.0261658,-0.0797492

orb:1,1,2.64747,1.07201,6.21897,0,0,-2.70958ptc:426.936,0,1,-45.4063,20.8916,-1.34332,-0.181956,0.0710756,-0.00457012
426.936,1,1,45.4063,-20.8916,1.34332,0.181956,-0.0710756,0.00457012

orb:1,1,5.40519,1.14221,1.70214,0,0,-2.54664ptc:432.479,0,1,-41.4087,-3.67013,27.7822,-0.170464,-0.0125089,0.0946899
432.479,1,1,41.4087,3.67013,-27.7822,0.170464,0.0125089,-0.0946899

orb:1,1,4.21028,1.11234,3.78317,0,0,-2.60834ptc:430.181,0,1,-43.0578,-20.363,-15.211,-0.17518,-0.0693484,-0.0518027
430.181,1,1,43.0578,20.363,15.211,0.17518,0.0693484,0.0518027

orb:1,1,3.17366,1.08576,0.406054,0,0,-2.67207ptc:428.061,0,1,-44.5893,20.7834,8.93579,-0.179591,0.0707319,0.030411
428.061,1,1,44.5893,-20.7834,-8.93579,0.179591,-0.0707319,-0.030411

orb:1,1,2.25406,1.06162,3.68297,0,0,-2.74072ptc:426.071,0,1,-46.0361,-16.7208,-10.0544,-0.183785,-0.0568713,-0.0341972
426.071,1,1,46.0361,16.7208,10.0544,0.183785,0.0568713,0.0341972

orb:1,1,1.60463,1.04424,3.01741,0,0,-2.80013ptc:424.599,0,1,-47.1133,-16.6142,2.07388,-0.186924,-0.0564847,0.00705075
424.599,1,1,47.1133,16.6142,-2.07388,0.186924,0.0564847,-0.00705075

orb:1,1,1.06284,1.02952,6.13019,0,0,-2.86142ptc:423.326,0,1,-48.0503,13.6648,-2.10711,-0.189665,0.0464407,-0.00716117
423.326,1,1,48.0503,-13.6648,2.10711,0.189665,-0.0464407,0.00716117

orb:1,1,3.67661,1.09874,2.10743,0,0,-2.6397ptc:429.105,0,1,-43.8338,-12.2975,20.673,-0.177411,-0.0418658,0.0703794
429.105,1,1,43.8338,12.2975,-20.673,0.177411,0.0418658,-0.0703794

orb:1,1,3.39709,1.09154,1.59096,0,0,-2.65732ptc:428.528,0,1,-44.2506,-0.469446,23.2736,-0.178613,-0.00159789,0.0792183
428.528,1,1,44.2506,0.469446,-23.2736,0.178613,0.00159789,-0.0792183

orb:1,1,4.34343,1.11571,0.402989,0,0,-2.60092ptc:430.445,0,1,-42.8681,23.674,10.0927,-0.174636,0.0806315,0.0343749
430.445,1,1,42.8681,-23.674,-10.0927,0.174636,-0.0806315,-0.0343749

orb:1,1,4.0899,1.10928,2.40132,0,0,-2.61517ptc:429.941,0,1,-43.2306,-18.5472,16.9445,-0.175676,-0.0631595,0.0577018
429.941,1,1,43.2306,18.5472,-16.9445,0.175676,0.0631595,-0.0577018

orb:1,1,3.28193,1.08857,0.921697,0,0,-2.66484ptc:428.288,0,1,-44.4246,13.8693,18.2784,-0.179115,0.0472047,0.062211
428.288,1,1,44.4246,-13.8693,-18.2784,0.179115,-0.0472047,-0.062211

orb:1,1,1.71461,1.0472,2.49944,0,0,-2.7892ptc:424.853,0,1,-46.9275,-13.8197,10.3357,-0.186381,-0.0469873,0.0351416
424.853,1,1,46.9275,13.8197,-10.3357,0.186381,0.0469873,-0.0351416

orb:1,1,0.256631,1.00721,4.36272,0,0,-3.00218ptc:421.349,0,1,-49.5149,-2.38038,-6.5277,-0.193968,-0.00808563,-0.0221731
421.349,1,1,49.5149,2.38038,6.5277,0.193968,0.00808563,0.0221731

orb:1,1,3.76072,1.10089,4.1961,0,0,-2.63457ptc:429.277,0,1,-43.7097,-11.9853,-21.1142,-0.177054,-0.0408051,-0.0718855
429.277,1,1,43.7097,11.9853,21.1142,0.177054,0.0408051,0.0718855

orb:1,1,1.46139,1.04037,1.61998,0,0,-2.81503ptc:424.267,0,1,-47.3576,-0.788619,16.0199,-0.187637,-0.00268088,0.0544592
424.267,1,1,47.3576,0.788619,-16.0199,0.187637,0.00268088,-0.0544592

orb:1,1,2.31364,1.0632,0.827766,0,0,-2.73581ptc:426.203,0,1,-45.9397,13.3525,14.5347,-0.183505,0.0454167,0.0494378
426.203,1,1,45.9397,-13.3525,-14.5347,0.183505,-0.0454167,-0.0494378

orb:1,1,3.52882,1.09494,2.91616,0,0,-2.64891ptc:428.801,0,1,-44.0533,-23.0514,5.28627,-0.178044,-0.0784687,0.0179949
428.801,1,1,44.0533,23.0514,-5.28627,0.178044,0.0784687,-0.0179949

orb:1,1,3.90898,1.10468,5.11784,0,0,-2.6257ptc:429.577,0,1,-43.4927,9.7289,-22.6656,-0.17643,0.0331262,-0.0771749
429.577,1,1,43.4927,-9.7289,22.6656,0.17643,-0.0331262,0.0771749

orb:1,1,0.407243,1.01141,4.83514,0,0,-2.96639ptc:421.726,0,1,-49.2345,1.06718,-8.64988,-0.193143,0.00362532,-0.0293846
421.726,1,1,49.2345,-1.06718,8.64988,0.193143,-0.00362532,0.0293846

orb:1,1,4.02127,1.10754,2.4532,0,0,-2.61913ptc:429.804,0,1,-43.3297,-19.2686,15.8512,-0.175961,-0.065613,0.0539762
429.804,1,1,43.3297,19.2686,-15.8512,0.175961,0.065613,-0.0539762

orb:1,1,4.07525,1.10891,5.22522,0,0,-2.61601ptc:429.912,0,1,-43.2517,12.3082,-21.8586,-0.175737,0.041913,-0.0744352
429.912,1,1,43.2517,-12.3082,21.8586,0.175737,-0.041913,0.0744352

orb:1,1,1.89703,1.0521,0.114686,0,0,-2.77192ptc:425.269,0,1,-46.6223,17.9467,2.06731,-0.185492,0.0610265,0.00702974
425.269,1,1,46.6223,-17.9467,-2.06731,0.185492,-0.0610265,-0.00702974

orb:1,1,1.30003,1.03599,2.60492,0,0,-2.83284ptc:423.889,0,1,-47.6357,-13.0576,7.76809,-0.188451,-0.0443841,0.0264045
423.889,1,1,47.6357,13.0576,-7.76809,0.188451,0.0443841,-0.0264045

orb:1,1,5.15682,1.13607,4.25458,0,0,-2.55864ptc:432.013,0,1,-41.7419,-12.1656,-24.6903,-0.171414,-0.0414569,-0.0841379
432.013,1,1,41.7419,12.1656,24.6903,0.171414,0.0414569,0.0841379

orb:1,1,0.433927,1.01215,4.43887,0,0,-2.96082ptc:421.792,0,1,-49.1852,-2.42834,-8.65552,-0.192998,-0.00824948,-0.0294043
421.792,1,1,49.1852,2.42834,8.65552,0.192998,0.00824948,0.0294043

orb:1,1,1.10345,1.03063,2.54993,0,0,-2.85629ptc:423.423,0,1,-47.9788,-11.6803,7.84879,-0.189455,-0.0396973,0.0266754
423.423,1,1,47.9788,11.6803,-7.84879,0.189455,0.0396973,-0.0266754

orb:1,1,1.97123,1.05409,3.35735,0,0,-2.76517ptc:425.437,0,1,-46.4993,-17.9535,-3.93487,-0.185133,-0.0610528,-0.0133809
425.437,1,1,46.4993,17.9535,3.93487,0.185133,0.0610528,0.0133809

orb:1,1,0.67372,1.01881,0.716607,0,0,-2.91718ptc:422.384,0,1,-48.7463,8.38989,7.30828,-0.191707,0.0285064,0.0248314
422.384,1,1,48.7463,-8.38989,-7.30828,0.191707,-0.0285064,-0.0248314

orb:1,1,5.15449,1.13601,1.7,0,0,-2.55875ptc:432.009,0,1,-41.7451,-3.54569,27.2906,-0.171423,-0.0120827,0.0929988
432.009,1,1,41.7451,3.54569,-27.2906,0.171423,0.0120827,-0.0929988

orb:1,1,5.53348,1.14537,2.00353,0,0,-2.54059ptc:432.717,0,1,-41.2384,-11.8567,25.6674,-0.16998,-0.0404146,0.0874892
432.717,1,1,41.2384,11.8567,-25.6674,0.16998,0.0404146,-0.0874892

orb:1,1,4.55448,1.12103,0.65116,0,0,-2.58947ptc:430.858,0,1,-42.5706,20.8587,15.8951,-0.173783,0.0710527,0.0541447
430.858,1,1,42.5706,-20.8587,-15.8951,0.173783,-0.0710527,-0.0541447

orb:1,1,0.119023,1.00335,2.47224,0,0,-3.04644ptc:421.001,0,1,-49.7738,-3.72543,2.94757,-0.194732,-0.0126533,0.0100113
421.001,1,1,49.7738,3.72543,-2.94757,0.194732,0.0126533,-0.0100113

orb:1,1,4.81798,1.12763,5.37305,0,0,-2.57566ptc:431.368,0,1,-42.2045,16.4518,-21.1688,-0.172735,0.0560509,-0.0721216
431.368,1,1,42.2045,-16.4518,21.1688,0.172735,-0.0560509,0.0721216

orb:1,1,4.46118,1.11868,5.10438,0,0,-2.59449ptc:430.676,0,1,-42.7017,9.93688,-24.038,-0.174159,0.0338467,-0.0818774
430.676,1,1,42.7017,-9.93688,24.038,0.174159,-0.0338467,0.0818774

orb:1,1,0.480547,1.01345,5.22035,0,0,-2.95149ptc:421.908,0,1,-49.0993,4.5954,-8.255,-0.192745,0.0156118,-0.0280445
421.908,1,1,49.0993,-4.5954,8.255,0.192745,-0.0156118,0.0280445

orb:1,1,3.34653,1.09024,0.0547546,0,0,-2.6606ptc:428.423,0,1,-44.3268,23.0982,1.266,-0.178833,0.0786188,0.00430905
428.423,1,1,44.3268,-23.0982,-1.266,0.178833,-0.0786188,-0.00430905

orb:1,1,0.432312,1.01211,1.93204,0,0,-2.96115ptc:421.788,0,1,-49.1882,-3.17149,8.39423,-0.193006,-0.0107741,0.0285166
421.788,1,1,49.1882,3.17149,-8.39423,0.193006,0.0107741,-0.0285166

orb:1,1,4.33629,1.11553,5.21402,0,0,-2.60131ptc:430.43,0,1,-42.8783,12.367,-22.5502,-0.174665,0.0421206,-0.0768035
430.43,1,1,42.8783,-12.367,22.5502,0.174665,-0.0421206,0.0768035

orb:1,1,1.44887,1.04003,6.20479,0,0,-2.81637ptc:424.238,0,1,-47.379,15.9268,-1.25118,-0.1877,0.054142,-0.00425332
424.238,1,1,47.379,-15.9268,1.25118,0.1877,-0.054142,0.00425332

orb:1,1,0.132514,1.00373,0.79458,0,0,-3.04121ptc:421.035,0,1,-49.7483,3.51031,3.57537,-0.194656,0.0119228,0.0121437
421.035,1,1,49.7483,-3.51031,-3.57537,0.194656,-0.0119228,-0.0121437

orb:1,1,3.04616,1.08244,5.13385,0,0,-2.68078ptc:427.791,0,1,-44.7847,9.09574,-20.2879,-0.180156,0.0309528,-0.0690399
427.791,1,1,44.7847,-9.09574,20.2879,0.180156,-0.0309528,0.0690399

orb:1,1,5.12451,1.13526,2.6353,0,0,-2.56023ptc:431.952,0,1,-41.7856,-24.0137,13.3155,-0.171539,-0.0818304,0.0453748
431.952,1,1,41.7856,24.0137,-13.3155,0.171539,0.0818304,-0.0453748

orb:1,1,1.06253,1.02951,1.70379,0,0,-2.86145ptc:423.325,0,1,-48.0509,-1.83316,13.7023,-0.189666,-0.00623013,0.0465683
423.325,1,1,48.0509,1.83316,-13.7023,0.189666,0.00623013,-0.0465683

orb:1,1,0.454312,1.01272,5.89248,0,0,-2.95668ptc:421.843,0,1,-49.1476,8.50037,-3.50113,-0.192887,0.0288776,-0.0118941
421.843,1,1,49.1476,-8.50037,3.50113,0.192887,-0.0288776,0.0118941

orb:1,1,5.42096,1.1426,6.0034,0,0,-2.54589ptc:432.508,0,1,-41.3877,26.9637,-7.74719,-0.170405,0.0919012,-0.0264049
432.508,1,1,41.3877,-26.9637,7.74719,0.170405,-0.0919012,0.0264049

orb:1,1,2.76168,1.07501,1.60565,0,0,-2.70108ptc:427.183,0,1,-45.2266,-0.742921,21.3074,-0.181435,-0.00252769,0.0724954
427.183,1,1,45.2266,0.742921,-21.3074,0.181435,0.00252769,-0.0724954

orb:1,1,4.53565,1.12055,1.06917,0,0,-2.59048ptc:430.822,0,1,-42.597,12.5895,22.9564,-0.173859,0.0428842,0.0781972
430.822,1,1,42.597,-12.5895,-22.9564,0.173859,-0.0428842,-0.0781972

orb:1,1,2.79345,1.07585,0.0370225,0,0,-2.69875ptc:427.251,0,1,-45.1768,21.4109,0.793047,-0.181291,0.0728491,0.00269829
427.251,1,1,45.1768,-21.4109,-0.793047,0.181291,-0.0728491,-0.00269829

orb:1,1,1.77761,1.0489,0.513029,0,0,-2.78312ptc:424.997,0,1,-46.8217,15.2839,8.61008,-0.186073,0.0519679,0.0292757
424.997,1,1,46.8217,-15.2839,-8.61008,0.186073,-0.0519679,-0.0292757

orb:1,1,2.31059,1.06312,0.526425,0,0,-2.73606ptc:426.197,0,1,-45.9446,17.0548,9.91099,-0.183519,0.0580096,0.0337108
426.197,1,1,45.9446,-17.0548,-9.91099,0.183519,-0.0580096,-0.0337108

orb:1,1,5.19818,1.13709,5.07382,0,0,-2.55661ptc:432.091,0,1,-41.6861,9.76302,-25.8254,-0.171255,0.0332707,-0.0880085
432.091,1,1,41.6861,-9.76302,25.8254,0.171255,-0.0332707,0.0880085

orb:1,1,0.585326,1.01636,5.55464,0,0,-2.93213ptc:422.167,0,1,-48.9072,7.75736,-6.9219,-0.19218,0.0263557,-0.0235172
422.167,1,1,48.9072,-7.75736,6.9219,0.19218,-0.0263557,0.0235172

orb:1,1,1.42429,1.03936,4.86349,0,0,-2.81902ptc:424.18,0,1,-47.4212,2.38585,-15.6696,-0.187823,0.00811041,-0.0532667
424.18,1,1,47.4212,-2.38585,15.6696,0.187823,-0.00811041,0.0532667

orb:1,1,3.09328,1.08367,5.09864,0,0,-2.67754ptc:427.891,0,1,-44.7123,8.43052,-20.7302,-0.179947,0.0286899,-0.0705469
427.891,1,1,44.7123,-8.43052,20.7302,0.179947,-0.0286899,0.0705469

orb:1,1,0.196311,1.00552,0.946371,0,0,-3.01954ptc:421.197,0,1,-49.628,3.5589,4.93873,-0.194302,0.0120883,0.0167751
421.197,1,1,49.628,-3.5589,-4.93873,0.194302,-0.0120883,-0.0167751

orb:1,1,2.83924,1.07704,3.83411,0,0,-2.69542ptc:427.35,0,1,-45.1053,-16.6055,-13.7757,-0.181084,-0.056501,-0.0468722
427.35,1,1,45.1053,16.6055,13.7757,0.181084,0.056501,0.0468722

orb:1,1,1.44445,1.03991,4.50773,0,0,-2.81685ptc:424.227,0,1,-47.3866,-3.24229,-15.6204,-0.187722,-0.0110219,-0.0531004
424.227,1,1,47.3866,3.24229,15.6204,0.187722,0.0110219,0.0531004

orb:1,1,0.022692,1.00064,5.30837,0,0,-3.09998ptc:420.756,0,1,-49.9567,1.16753,-1.72139,-0.195271,0.00396522,-0.00584629
420.756,1,1,49.9567,-1.16753,1.72139,0.195271,-0.00396522,0.00584629

orb:1,1,3.14993,1.08514,2.021,0,0,-2.67368ptc:428.011,0,1,-44.6255,-9.81325,20.3043,-0.179696,-0.0333968,0.0691002
428.011,1,1,44.6255,9.81325,-20.3043,0.179696,0.0333968,-0.0691002

orb:1,1,4.41421,1.11749,5.57408,0,0,-2.59704ptc:430.584,0,1,-42.7679,19.6581,-16.8661,-0.174349,0.0669566,-0.0574469
430.584,1,1,42.7679,-19.6581,16.8661,0.174349,-0.0669566,0.0574469

orb:1,1,3.00573,1.08139,4.4968,0,0,-2.68359ptc:427.705,0,1,-44.847,-4.72927,-21.5959,-0.180336,-0.0160933,-0.0734889
427.705,1,1,44.847,4.72927,21.5959,0.180336,0.0160933,0.0734889

orb:1,1,5.50809,1.14475,2.85676,0,0,-2.54178ptc:432.67,0,1,-41.272,-27.0873,7.93099,-0.170075,-0.0923277,0.0270329
432.67,1,1,41.272,27.0873,-7.93099,0.170075,0.0923277,-0.0270329

orb:1,1,3.18786,1.08613,0.496741,0,0,-2.67111ptc:428.091,0,1,-44.5676,19.9263,10.8016,-0.179528,0.0678154,0.0367613
428.091,1,1,44.5676,-19.9263,-10.8016,0.179528,-0.0678154,-0.0367613

orb:1,1,0.918426,1.02556,0.837788,0,0,-2.88057ptc:422.979,0,1,-48.3063,8.63387,9.58946,-0.190415,0.0293401,0.0325874
422.979,1,1,48.3063,-8.63387,-9.58946,0.190415,-0.0293401,-0.0325874

orb:1,1,2.99932,1.08122,2.75366,0,0,-2.68404ptc:427.692,0,1,-44.8569,-20.4463,8.35529,-0.180365,-0.0695766,0.0284322
427.692,1,1,44.8569,20.4463,-8.35529,0.180365,0.0695766,-0.0284322

orb:1,1,5.02697,1.13284,3.63215,0,0,-2.56507ptc:431.768,0,1,-41.9181,-24.0414,-12.8407,-0.171917,-0.0819196,-0.0437539
431.768,1,1,41.9181,24.0414,12.8407,0.171917,0.0819196,0.0437539

orb:1,1,1.01789,1.02828,1.16632,0,0,-2.86722ptc:423.218,0,1,-48.1297,5.33138,12.4542,-0.189897,0.0181185,0.0423251
423.218,1,1,48.1297,-5.33138,-12.4542,0.189897,-0.0181185,-0.0423251

orb:1,1,2.57485,1.0701,2.73176,0,0,-2.71511ptc:426.777,0,1,-45.5214,-18.9707,8.24138,-0.18229,-0.0645372,0.0280367
426.777,1,1,45.5214,18.9707,-8.24138,0.18229,0.0645372,-0.0280367

orb:1,1,5.53219,1.14534,2.7626,0,0,-2.54065ptc:432.715,0,1,-41.2401,-26.2649,10.4599,-0.169984,-0.0895259,0.0356534
432.715,1,1,41.2401,26.2649,-10.4599,0.169984,0.0895259,-0.0356534

orb:1,1,2.22309,1.0608,4.51605,0,0,-2.74331ptc:426.002,0,1,-46.0864,-3.78291,-19.0193,-0.183931,-0.0128663,-0.0646877
426.002,1,1,46.0864,3.78291,19.0193,0.183931,0.0128663,0.0646877

orb:1,1,2.63893,1.07179,0.00984634,0,0,-2.71023ptc:426.917,0,1,-45.4198,20.9045,0.205839,-0.181996,0.0711188,0.000700283
426.917,1,1,45.4198,-20.9045,-0.205839,0.181996,-0.0711188,-0.000700283

orb:1,1,2.85648,1.0775,0.454984,0,0,-2.69418ptc:427.387,0,1,-45.0784,19.4312,9.50607,-0.181006,0.0661162,0.0323451
427.387,1,1,45.0784,-19.4312,-9.50607,0.181006,-0.0661162,-0.0323451

orb:1,1,3.8246,1.10252,6.17177,0,0,-2.63072ptc:429.407,0,1,-43.616,24.2952,-2.71806,-0.176784,0.0827189,-0.0092543
429.407,1,1,43.616,-24.2952,2.71806,0.176784,-0.0827189,0.0092543

orb:1,1,4.3377,1.11556,1.76951,0,0,-2.60124ptc:430.433,0,1,-42.8763,-5.07765,25.2159,-0.174659,-0.0172939,0.0858827
430.433,1,1,42.8763,5.07765,-25.2159,0.174659,0.0172939,-0.0858827

orb:1,1,4.59242,1.12198,0.794062,0,0,-2.58745ptc:430.932,0,1,-42.5176,18.4426,18.765,-0.173631,0.0628242,0.0639224
430.932,1,1,42.5176,-18.4426,-18.765,0.173631,-0.0628242,-0.0639224

orb:1,1,4.06367,1.10862,3.24739,0,0,-2.61668ptc:429.889,0,1,-43.2684,-24.9167,-2.64591,-0.175785,-0.0848484,-0.00901007
429.889,1,1,43.2684,24.9167,2.64591,0.175785,0.0848484,0.00901007

orb:1,1,5.50176,1.14459,5.86926,0,0,-2.54207ptc:432.658,0,1,-41.2804,25.8297,-11.3472,-0.170099,0.0880406,-0.038677
432.658,1,1,41.2804,-25.8297,11.3472,0.170099,-0.0880406,0.038677

orb:1,1,4.97476,1.13154,6.13381,0,0,-2.56769ptc:431.668,0,1,-41.9893,26.8436,-4.0399,-0.172121,0.0914647,-0.0137652
431.668,1,1,41.9893,-26.8436,4.0399,0.172121,-0.0914647,0.0137652

orb:1,1,2.21799,1.06066,2.11162,0,0,-2.74374ptc:425.991,0,1,-46.0947,-9.97365,16.6074,-0.183955,-0.0339219,0.0564843
425.991,1,1,46.0947,9.97365,-16.6074,0.183955,0.0339219,-0.0564843

orb:1,1,3.58603,1.09641,1.97753,0,0,-2.64531ptc:428.919,0,1,-43.968,-9.41873,21.8655,-0.177798,-0.0320633,0.0744346
428.919,1,1,43.968,9.41873,-21.8655,0.177798,0.0320633,-0.0744346

orb:1,1,5.06228,1.13372,4.20041,0,0,-2.56331ptc:431.835,0,1,-41.8701,-13.3889,-23.8251,-0.17178,-0.0456228,-0.0811845
431.835,1,1,41.8701,13.3889,23.8251,0.17178,0.0456228,0.0811845

orb:1,1,4.15891,1.11104,5.32926,0,0,-2.61124ptc:430.079,0,1,-43.1314,14.631,-20.6305,-0.175391,0.0498256,-0.070257
430.079,1,1,43.1314,-14.631,20.6305,0.175391,-0.0498256,0.070257

orb:1,1,0.869565,1.02421,5.14651,0,0,-2.88741ptc:422.861,0,1,-48.3935,5.28814,-11.4063,-0.190671,0.0179699,-0.0387601
422.861,1,1,48.3935,-5.28814,11.4063,0.190671,-0.0179699,0.0387601

orb:1,1,1.35091,1.03737,4.19456,0,0,-2.8271ptc:424.008,0,1,-47.5476,-7.65603,-13.4391,-0.188193,-0.0260245,-0.0456823
424.008,1,1,47.5476,7.65603,13.4391,0.188193,0.0260245,0.0456823

orb:1,1,1.9405,1.05327,3.72107,0,0,-2.76795ptc:425.368,0,1,-46.5502,-15.271,-9.99377,-0.185281,-0.0519294,-0.0339841
425.368,1,1,46.5502,15.271,9.99377,0.185281,0.0519294,0.0339841

orb:1,1,0.687018,1.01918,2.48145,0,0,-2.91502ptc:422.417,0,1,-48.7222,-8.87198,6.88764,-0.191636,-0.0301446,0.0234024
422.417,1,1,48.7222,8.87198,-6.88764,0.191636,0.0301446,-0.0234024

orb:1,1,3.02065,1.08178,0.996333,0,0,-2.68255ptc:427.737,0,1,-44.824,12.0383,18.5982,-0.18027,0.0409656,0.0632886
427.737,1,1,44.824,-12.0383,-18.5982,0.18027,-0.0409656,-0.0632886

orb:1,1,3.19889,1.08641,4.49796,0,0,-2.67037ptc:428.114,0,1,-44.5508,-4.82999,-22.1788,-0.17948,-0.0164381,-0.0754821
428.114,1,1,44.5508,4.82999,22.1788,0.17948,0.0164381,0.0754821

orb:1,1,1.42968,1.03951,0.698049,0,0,-2.81844ptc:424.193,0,1,-47.412,12.164,10.2051,-0.187796,0.0413501,0.0346911
424.193,1,1,47.412,-12.164,-10.2051,0.187796,-0.0413501,-0.0346911

orb:1,1,0.332604,1.00933,4.86902,0,0,-2.98307ptc:421.539,0,1,-49.3731,1.23127,-7.79639,-0.193551,0.00418256,-0.0264839
421.539,1,1,49.3731,-1.23127,7.79639,0.193551,-0.00418256,0.0264839

orb:1,1,4.24625,1.11325,1.33947,0,0,-2.60632ptc:430.252,0,1,-43.0064,5.84722,24.8246,-0.175033,0.0199138,0.0845447
430.252,1,1,43.0064,-5.84722,-24.8246,0.175033,-0.0199138,-0.0845447

orb:1,1,1.46009,1.04033,0.104859,0,0,-2.81517ptc:424.264,0,1,-47.3598,15.9447,1.6781,-0.187644,0.0542034,0.00570464
424.264,1,1,47.3598,-15.9447,-1.6781,0.187644,-0.0542034,-0.00570464

orb:1,1,4.28151,1.11414,5.21472,0,0,-2.60435ptc:430.322,0,1,-42.9561,12.3201,-22.4273,-0.174888,0.0419595,-0.0763822
430.322,1,1,42.9561,-12.3201,22.4273,0.174888,-0.0419595,0.0763822

orb:1,1,2.52933,1.0689,4.25928,0,0,-2.71862ptc:426.678,0,1,-45.5937,-8.98444,-18.4524,-0.1825,-0.0305637,-0.0627723
426.678,1,1,45.5937,8.98444,18.4524,0.1825,0.0305637,0.0627723

orb:1,1,4.89713,1.12961,2.63995,0,0,-2.57161ptc:431.52,0,1,-42.0956,-23.6566,12.9741,-0.172424,-0.0806014,0.0442048
431.52,1,1,42.0956,23.6566,-12.9741,0.172424,0.0806014,-0.0442048

orb:1,1,2.92776,1.07936,1.62053,0,0,-2.68908ptc:427.539,0,1,-44.9676,-1.08681,21.8342,-0.180685,-0.00369811,0.0742961
427.539,1,1,44.9676,1.08681,-21.8342,0.180685,0.00369811,-0.0742961

orb:1,1,0.483109,1.01352,5.09254,0,0,-2.95099ptc:421.915,0,1,-49.0945,3.51484,-8.79612,-0.192731,0.0119409,-0.0298829
421.915,1,1,49.0945,-3.51484,8.79612,0.192731,-0.0119409,0.0298829

orb:1,1,4.44881,1.11837,3.11869,0,0,-2.59516ptc:430.652,0,1,-42.7191,-25.9754,0.594953,-0.174209,-0.088476,0.00202649
430.652,1,1,42.7191,25.9754,-0.594953,0.174209,0.088476,-0.00202649

orb:1,1,1.40872,1.03894,5.72307,0,0,-2.82072ptc:424.144,0,1,-47.448,13.3601,-8.37827,-0.187902,0.0454156,-0.0284806
424.144,1,1,47.448,-13.3601,8.37827,0.187902,-0.0454156,0.0284806

orb:1,1,4.17581,1.11147,3.8073,0,0,-2.61028ptc:430.112,0,1,-43.1071,-19.924,-15.6463,-0.175322,-0.0678519,-0.0532839
430.112,1,1,43.1071,19.924,15.6463,0.175322,0.0678519,0.0532839

orb:1,1,2.39482,1.06535,5.03846,0,0,-2.72923ptc:426.383,0,1,-45.8089,6.41877,-18.9828,-0.183125,0.0218337,-0.0645708
426.383,1,1,45.8089,-6.41877,18.9828,0.183125,-0.0218337,0.0645708

orb:1,1,3.30475,1.08916,2.57038,0,0,-2.66334ptc:428.336,0,1,-44.39,-19.3583,12.4413,-0.179015,-0.0658874,0.0423448
428.336,1,1,44.39,19.3583,-12.4413,0.179015,0.0658874,-0.0423448

orb:1,1,5.5467,1.1457,3.72749,0,0,-2.53997ptc:432.741,0,1,-41.2209,-23.5793,-15.6478,-0.16993,-0.0803725,-0.0533373
432.741,1,1,41.2209,23.5793,15.6478,0.16993,0.0803725,0.0533373

orb:1,1,0.236025,1.00663,1.47699,0,0,-3.00785ptc:421.297,0,1,-49.5535,0.624531,6.63797,-0.194082,0.00212136,0.0225474
421.297,1,1,49.5535,-0.624531,-6.63797,0.194082,-0.00212136,-0.0225474

orb:1,1,0.0684623,1.00193,6.1347,0,0,-3.06937ptc:420.872,0,1,-49.8696,3.56838,-0.533796,-0.195014,0.0121195,-0.00181296
420.872,1,1,49.8696,-3.56838,0.533796,0.195014,-0.0121195,0.00181296

orb:1,1,3.54351,1.09532,4.26145,0,0,-2.64798ptc:428.832,0,1,-44.0313,-10.3246,-21.3223,-0.177981,-0.0351463,-0.0725837
428.832,1,1,44.0313,10.3246,21.3223,0.177981,0.0351463,0.0725837

orb:1,1,2.48432,1.06772,4.81832,0,0,-2.72214ptc:426.58,0,1,-45.6655,2.15307,-20.2491,-0.182708,0.00732418,-0.0688823
426.58,1,1,45.6655,-2.15307,20.2491,0.182708,-0.00732418,0.0688823

orb:1,1,4.3363,1.11553,4.07355,0,0,-2.60131ptc:430.43,0,1,-42.8783,-15.3352,-20.6467,-0.174665,-0.0522302,-0.0703203
430.43,1,1,42.8783,15.3352,20.6467,0.174665,0.0522302,0.0703203

orb:1,1,4.73606,1.12558,3.68407,0,0,-2.5799ptc:431.211,0,1,-42.3177,-22.8077,-13.7485,-0.173059,-0.0777009,-0.0468383
431.211,1,1,42.3177,22.8077,13.7485,0.173059,0.0777009,0.0468383

orb:1,1,2.27679,1.06223,5.01045,0,0,-2.73884ptc:426.122,0,1,-45.9993,5.75527,-18.7335,-0.183678,0.0195753,-0.0637179
426.122,1,1,45.9993,-5.75527,18.7335,0.183678,-0.0195753,0.0637179

orb:1,1,0.213541,1.006,4.1508,0,0,-3.01433ptc:421.24,0,1,-49.5957,-3.37934,-5.3712,-0.194206,-0.0114785,-0.0182442
421.24,1,1,49.5957,3.37934,5.3712,0.194206,0.0114785,0.0182442

orb:1,1,1.37871,1.03813,5.65342,0,0,-2.82401ptc:424.074,0,1,-47.4997,12.6183,-9.19561,-0.188053,0.0428932,-0.0312584
424.074,1,1,47.4997,-12.6183,9.19561,0.188053,-0.0428932,0.0312584

orb:1,1,2.47951,1.06759,5.01094,0,0,-2.72251ptc:426.569,0,1,-45.6732,5.98447,-19.446,-0.182731,0.0203576,-0.0661501
426.569,1,1,45.6732,-5.98447,19.446,0.182731,-0.0203576,0.0661501

orb:1,1,2.12435,1.05817,1.78462,0,0,-2.7517ptc:425.782,0,1,-46.2474,-4.03272,18.5718,-0.1844,-0.013715,0.0631616
425.782,1,1,46.2474,4.03272,-18.5718,0.1844,0.013715,-0.0631616

orb:1,1,0.180188,1.00507,3.99218,0,0,-3.02463ptc:421.156,0,1,-49.6584,-3.8483,-4.38581,-0.194391,-0.0130711,-0.0148969
421.156,1,1,49.6584,3.8483,4.38581,0.194391,0.0130711,0.0148969

orb:1,1,3.49762,1.09413,4.15107,0,0,-2.65088ptc:428.737,0,1,-44.0999,-12.5426,-19.9471,-0.178178,-0.0426951,-0.0679001
428.737,1,1,44.0999,12.5426,19.9471,0.178178,0.0426951,0.0679001

orb:1,1,5.11794,1.1351,3.26133,0,0,-2.56055ptc:431.94,0,1,-41.7945,-27.2483,-3.27818,-0.171564,-0.0928525,-0.0111709
431.94,1,1,41.7945,27.2483,3.27818,0.171564,0.0928525,0.0111709

orb:1,1,1.19356,1.03309,1.08543,0,0,-2.84528ptc:423.637,0,1,-47.8209,6.81137,12.9137,-0.188993,0.0231509,0.043892
423.637,1,1,47.8209,-6.81137,-12.9137,0.188993,-0.0231509,-0.043892

orb:1,1,4.43367,1.11798,0.965824,0,0,-2.59598ptc:430.622,0,1,-42.7405,14.7571,21.342,-0.17427,0.0502644,0.072693
430.622,1,1,42.7405,-14.7571,-21.342,0.17427,-0.0502644,-0.072693

orb:1,1,4.88626,1.12933,1.26709,0,0,-2.57217ptc:431.499,0,1,-42.1105,8.06188,25.7237,-0.172467,0.0274678,0.087644
431.499,1,1,42.1105,-8.06188,-25.7237,0.172467,-0.0274678,-0.087644

orb:1,1,1.96627,1.05396,1.32607,0,0,-2.76562ptc:425.426,0,1,-46.5075,4.44826,17.8119,-0.185157,0.0151267,0.0605708
425.426,1,1,46.5075,-4.44826,-17.8119,0.185157,-0.0151267,-0.0605708

orb:1,1,3.04737,1.08248,0.22297,0,0,-2.6807ptc:427.794,0,1,-44.7828,21.6869,4.91729,-0.180151,0.0738005,0.0167336
427.794,1,1,44.7828,-21.6869,-4.91729,0.180151,-0.0738005,-0.0167336

orb:1,1,3.27054,1.08827,5.96817,0,0,-2.6656ptc:428.264,0,1,-44.4418,21.7838,-7.09855,-0.179165,0.0741413,-0.0241599
428.264,1,1,44.4418,-21.7838,7.09855,0.179165,-0.0741413,0.0241599

orb:1,1,2.03208,1.05571,0.497242,0,0,-2.75975ptc:425.575,0,1,-46.3989,16.3754,8.88739,-0.184841,0.0556885,0.0302236
425.575,1,1,46.3989,-16.3754,-8.88739,0.184841,-0.0556885,-0.0302236

orb:1,1,3.4414,1.09269,2.75705,0,0,-2.65447ptc:428.62,0,1,-44.1841,-21.6952,8.77983,-0.178421,-0.0738481,0.0298855
428.62,1,1,44.1841,21.6952,-8.77983,0.178421,0.0738481,-0.0298855

orb:1,1,4.8419,1.12823,0.445319,0,0,-2.57443ptc:431.414,0,1,-42.1715,24.2422,11.5707,-0.172641,0.0825937,0.0394215
431.414,1,1,42.1715,-24.2422,-11.5707,0.172641,-0.0825937,-0.0394215

orb:1,1,5.36198,1.14114,6.10381,0,0,-2.5487ptc:432.398,0,1,-41.4663,27.49,-4.9847,-0.170629,0.0936911,-0.0169888
432.398,1,1,41.4663,-27.49,4.9847,0.170629,-0.0936911,0.0169888

orb:1,1,4.1286,1.11027,4.79998,0,0,-2.61296ptc:430.018,0,1,-43.1749,2.20612,-25.1209,-0.175516,0.00751278,-0.0855473
430.018,1,1,43.1749,-2.20612,25.1209,0.175516,-0.00751278,0.0855473

orb:1,1,3.96723,1.10616,2.00677,0,0,-2.62228ptc:429.695,0,1,-43.408,-10.4788,22.4931,-0.176186,-0.0356808,0.0765904
429.695,1,1,43.408,10.4788,-22.4931,0.176186,0.0356808,-0.0765904

orb:1,1,3.59643,1.09668,5.6829,0,0,-2.64467ptc:428.941,0,1,-43.9526,19.6691,-13.4646,-0.177754,0.0669583,-0.0458367
428.941,1,1,43.9526,-19.6691,13.4646,0.177754,-0.0669583,0.0458367

orb:1,1,4.65761,1.12361,3.98591,0,0,-2.584ptc:431.059,0,1,-42.4266,-17.574,-19.7772,-0.173371,-0.0598676,-0.0673731
431.059,1,1,42.4266,17.574,19.7772,0.173371,0.0598676,0.0673731

orb:1,1,4.69774,1.12462,2.46823,0,0,-2.5819ptc:431.137,0,1,-42.3708,-20.752,16.5549,-0.173211,-0.070696,0.0563976
431.137,1,1,42.3708,20.752,-16.5549,0.173211,0.070696,-0.0563976

orb:1,1,3.02093,1.08179,4.57441,0,0,-2.68254ptc:427.738,0,1,-44.8235,-3.04716,-21.9446,-0.180268,-0.0103693,-0.0746763
427.738,1,1,44.8235,3.04716,21.9446,0.180268,0.0103693,0.0746763

orb:1,1,2.37512,1.06483,3.62687,0,0,-2.73082ptc:426.339,0,1,-45.8405,-17.6609,-9.31329,-0.183217,-0.0600735,-0.0316791
426.339,1,1,45.8405,17.6609,9.31329,0.183217,0.0600735,0.0316791

orb:1,1,5.5139,1.14489,4.92904,0,0,-2.5415ptc:432.681,0,1,-41.2643,6.06948,-27.5757,-0.170053,0.020688,-0.0939927
432.681,1,1,41.2643,-6.06948,27.5757,0.170053,-0.020688,0.0939927

orb:1,1,3.65434,1.09816,1.19767,0,0,-2.64107ptc:429.059,0,1,-43.8667,8.74646,22.3431,-0.177506,0.0297761,0.0760639
429.059,1,1,43.8667,-8.74646,-22.3431,0.177506,-0.0297761,-0.0760639

orb:1,1,3.90828,1.10466,0.756879,0,0,-2.62575ptc:429.576,0,1,-43.4938,17.93,16.9354,-0.176433,0.0610504,0.0576639
429.576,1,1,43.4938,-17.93,-16.9354,0.176433,-0.0610504,-0.0576639

orb:1,1,2.86279,1.07766,2.92332,0,0,-2.69372ptc:427.4,0,1,-45.0686,-21.1386,4.68877,-0.180978,-0.0719259,0.0159539
427.4,1,1,45.0686,21.1386,-4.68877,0.180978,0.0719259,-0.0159539

orb:1,1,1.76512,1.04856,3.49924,0,0,-2.78431ptc:424.969,0,1,-46.8426,-16.3798,-6.12141,-0.186134,-0.0556937,-0.0208136
424.969,1,1,46.8426,16.3798,6.12141,0.186134,0.0556937,0.0208136

orb:1,1,0.412868,1.01157,2.12956,0,0,-2.9652ptc:421.74,0,1,-49.2241,-4.65149,7.43959,-0.193112,-0.0158017,0.0252732
421.74,1,1,49.2241,4.65149,-7.43959,0.193112,0.0158017,-0.0252732

orb:1,1,0.922638,1.02567,1.46954,0,0,-2.87999ptc:422.989,0,1,-48.2988,1.30712,12.8654,-0.190393,0.00444194,0.0437198
422.989,1,1,48.2988,-1.30712,-12.8654,0.190393,-0.00444194,-0.0437198

orb:1,1,2.66164,1.07239,0.810126,0,0,-2.70852ptc:426.966,0,1,-45.384,14.466,15.1997,-0.181892,0.0492153,0.0517115
426.966,1,1,45.384,-14.466,-15.1997,0.181892,-0.0492153,-0.0517115

orb:1,1,0.636571,1.01778,4.69911,0,0,-2.92333ptc:422.293,0,1,-48.8138,-0.143813,-10.8257,-0.191905,-0.000488621,-0.0367817
422.293,1,1,48.8138,0.143813,10.8257,0.191905,0.000488621,0.0367817

orb:1,1,1.59644,1.04402,5.62995,0,0,-2.80096ptc:424.58,0,1,-47.1272,13.2651,-10.152,-0.186964,0.045098,-0.0345142
424.58,1,1,47.1272,-13.2651,10.152,0.186964,-0.045098,0.0345142

orb:1,1,4.65966,1.12367,5.19965,0,0,-2.58389ptc:431.063,0,1,-42.4238,12.3896,-23.382,-0.173363,0.0422067,-0.0796536
431.063,1,1,42.4238,-12.3896,23.382,0.173363,-0.0422067,0.0796536

orb:1,1,1.57348,1.0434,2.4404,0,0,-2.80331ptc:424.527,0,1,-47.1662,-12.6786,10.705,-0.187078,-0.0431037,0.0363939
424.527,1,1,47.1662,12.6786,-10.705,0.187078,0.0431037,-0.0363939

orb:1,1,0.984908,1.02738,6.27753,0,0,-2.87156ptc:423.139,0,1,-48.1881,13.3379,-0.0753656,-0.190069,0.0453274,-0.000256122
423.139,1,1,48.1881,-13.3379,0.0753656,0.190069,-0.0453274,0.000256122

orb:1,1,0.327235,1.00918,5.95917,0,0,-2.98434ptc:421.526,0,1,-49.3831,7.42281,-2.49292,-0.19358,0.0252148,-0.00846829
421.526,1,1,49.3831,-7.42281,2.49292,0.19358,-0.0252148,0.00846829

orb:1,1,1.97359,1.05415,4.7016,0,0,-2.76496ptc:425.443,0,1,-46.4954,-0.198431,-18.3885,-0.185122,-0.000674785,-0.0625318
425.443,1,1,46.4954,0.198431,18.3885,0.185122,0.000674785,0.0625318

orb:1,1,3.32655,1.08972,4.32928,0,0,-2.66191ptc:428.381,0,1,-44.357,-8.62556,-21.4022,-0.17892,-0.0293582,-0.0728451
428.381,1,1,44.357,8.62556,21.4022,0.17892,0.0293582,0.0728451

orb:1,1,2.3688,1.06466,0.576112,0,0,-2.73133ptc:426.325,0,1,-45.8507,16.7237,10.8641,-0.183246,0.0568854,0.0369542
426.325,1,1,45.8507,-16.7237,-10.8641,0.183246,-0.0568854,-0.0369542

orb:1,1,0.701511,1.01958,1.06743,0,0,-2.9127ptc:422.452,0,1,-48.6959,5.4726,9.93779,-0.191559,0.0185946,0.0337663
422.452,1,1,48.6959,-5.4726,-9.93779,0.191559,-0.0185946,-0.0337663

orb:1,1,1.0393,1.02887,1.74979,0,0,-2.86444ptc:423.27,0,1,-48.0919,-2.43584,13.4625,-0.189787,-0.00827823,0.0457526
423.27,1,1,48.0919,2.43584,-13.4625,0.189787,0.00827823,-0.0457526

orb:1,1,2.54987,1.06945,2.01158,0,0,-2.71703ptc:426.723,0,1,-45.561,-8.78724,18.6273,-0.182405,-0.0298932,0.063368
426.723,1,1,45.561,8.78724,-18.6273,0.182405,0.0298932,-0.063368

orb:1,1,5.52921,1.14527,4.74603,0,0,-2.54079ptc:432.709,0,1,-41.244,0.950619,-28.2493,-0.169996,0.00324025,-0.0962898
432.709,1,1,41.244,-0.950619,28.2493,0.169996,-0.00324025,0.0962898

orb:1,1,3.50776,1.0944,2.97371,0,0,-2.65024ptc:428.758,0,1,-44.0847,-23.2594,3.94202,-0.178134,-0.0791758,0.0134188
428.758,1,1,44.0847,23.2594,-3.94202,0.178134,0.0791758,-0.0134188

orb:1,1,0.441272,1.01236,4.96945,0,0,-2.95931ptc:421.811,0,1,-49.1717,2.30432,-8.76577,-0.192958,0.00782821,-0.029779
421.811,1,1,49.1717,-2.30432,8.76577,0.192958,-0.00782821,0.029779

orb:1,1,1.25456,1.03475,2.91969,0,0,-2.83808ptc:423.781,0,1,-47.7146,-14.5773,3.28892,-0.188682,-0.0495484,0.011179
423.781,1,1,47.7146,14.5773,-3.28892,0.188682,0.0495484,-0.011179

orb:1,1,1.95728,1.05372,4.91721,0,0,-2.76643ptc:425.406,0,1,-46.5224,3.72632,-17.9382,-0.1852,0.0126716,-0.0610002
425.406,1,1,46.5224,-3.72632,17.9382,0.1852,-0.0126716,0.0610002

orb:1,1,5.06021,1.13367,4.03935,0,0,-2.56341ptc:431.831,0,1,-41.8729,-17.0335,-21.3664,-0.171788,-0.0580419,-0.0728063
431.831,1,1,41.8729,17.0335,21.3664,0.171788,0.0580419,0.0728063

orb:1,1,1.06778,1.02965,3.66,0,0,-2.86079ptc:423.338,0,1,-48.0416,-12.0359,-6.86585,-0.189639,-0.0409049,-0.0233342
423.338,1,1,48.0416,12.0359,6.86585,0.189639,0.0409049,0.0233342

orb:1,1,3.21806,1.08691,1.40366,0,0,-2.66909ptc:428.154,0,1,-44.5216,3.78568,22.4388,-0.179395,0.0128841,0.0763677
428.154,1,1,44.5216,-3.78568,-22.4388,0.179395,-0.0128841,-0.0763677

orb:1,1,3.30572,1.08918,3.81911,0,0,-2.66328ptc:428.338,0,1,-44.3885,-17.9312,-14.4267,-0.179011,-0.0610303,-0.0491025
428.338,1,1,44.3885,17.9312,14.4267,0.179011,0.0610303,0.0491025

orb:1,1,3.98098,1.10651,2.90394,0,0,-2.62148ptc:429.723,0,1,-43.3881,-24.1506,5.85003,-0.176129,-0.0822352,0.0199199
429.723,1,1,43.3881,24.1506,-5.85003,0.176129,0.0822352,-0.0199199

orb:1,1,0.791893,1.02207,1.13212,0,0,-2.89874ptc:422.673,0,1,-48.5328,5.10688,10.8851,-0.19108,0.017353,0.0369873
422.673,1,1,48.5328,-5.10688,-10.8851,0.19108,-0.017353,-0.0369873

orb:1,1,4.11041,1.10981,0.432995,0,0,-2.614ptc:429.982,0,1,-43.2011,22.8496,10.5623,-0.175591,0.0778118,0.0359686
429.982,1,1,43.2011,-22.8496,-10.5623,0.175591,-0.0778118,-0.0359686

orb:1,1,2.41707,1.06594,1.22827,0,0,-2.72745ptc:426.432,0,1,-45.7732,6.75767,18.9513,-0.183021,0.0229868,0.0644647
426.432,1,1,45.7732,-6.75767,-18.9513,0.183021,-0.0229868,-0.0644647

orb:1,1,1.92812,1.05293,4.05694,0,0,-2.76908ptc:425.34,0,1,-46.5707,-11.092,-14.4269,-0.185341,-0.0377183,-0.0490587
425.34,1,1,46.5707,11.092,14.4269,0.185341,0.0377183,0.0490587

orb:1,1,4.27489,1.11397,2.2078,0,0,-2.60472ptc:430.309,0,1,-42.9656,-15.2104,20.5573,-0.174915,-0.0518028,0.0700131
430.309,1,1,42.9656,15.2104,-20.5573,0.174915,0.0518028,-0.0700131

orb:1,1,5.43695,1.14299,4.7571,0,0,-2.54513ptc:432.538,0,1,-41.3664,1.25526,-28.0579,-0.170344,0.00427837,-0.0956315
432.538,1,1,41.3664,-1.25526,28.0579,0.170344,-0.00427837,0.0956315

orb:1,1,2.7237,1.07402,1.41247,0,0,-2.70388ptc:427.101,0,1,-45.2862,3.34147,20.9283,-0.181608,0.0113686,0.0712038
427.101,1,1,45.2862,-3.34147,-20.9283,0.181608,-0.0113686,-0.0712038

orb:1,1,5.42469,1.14269,0.913392,0,0,-2.54571ptc:432.515,0,1,-41.3827,17.1476,22.2133,-0.17039,0.0584449,0.0757103
432.515,1,1,41.3827,-17.1476,-22.2133,0.17039,-0.0584449,-0.0757103

orb:1,1,0.488196,1.01366,3.20968,0,0,-2.95001ptc:421.927,0,1,-49.0852,-9.49869,-0.647725,-0.192703,-0.0322698,-0.00220051
421.927,1,1,49.0852,9.49869,0.647725,0.192703,0.0322698,0.00220051

orb:1,1,3.23094,1.08724,5.67718,0,0,-2.66823ptc:428.181,0,1,-44.502,18.7353,-12.9832,-0.179339,0.0637639,-0.0441872
428.181,1,1,44.502,-18.7353,12.9832,0.179339,-0.0637639,0.0441872

orb:1,1,3.17509,1.0858,1.68529,0,0,-2.67198ptc:428.064,0,1,-44.5871,-2.58501,22.4791,-0.179585,-0.00879752,0.0765029
428.064,1,1,44.5871,2.58501,-22.4791,0.179585,0.00879752,-0.0765029

orb:1,1,2.41246,1.06582,1.61849,0,0,-2.72782ptc:426.422,0,1,-45.7805,-0.958456,20.0804,-0.183042,-0.00326027,0.0683052
426.422,1,1,45.7805,0.958456,-20.0804,0.183042,0.00326027,-0.0683052

orb:1,1,3.11572,1.08425,1.56411,0,0,-2.676ptc:427.939,0,1,-44.6778,0.150025,22.447,-0.179847,0.000510558,0.0763906
427.939,1,1,44.6778,-0.150025,-22.447,0.179847,-0.000510558,-0.0763906

orb:1,1,0.819232,1.02283,3.62074,0,0,-2.89469ptc:422.739,0,1,-48.4837,-10.844,-5.63378,-0.190936,-0.0368482,-0.0191437
422.739,1,1,48.4837,10.844,5.63378,0.190936,0.0368482,0.0191437

orb:1,1,3.2948,1.0889,1.26632,0,0,-2.66399ptc:428.315,0,1,-44.4051,6.88995,21.9253,-0.179059,0.0234503,0.074624
428.315,1,1,44.4051,-6.88995,-21.9253,0.179059,-0.0234503,-0.074624

orb:1,1,4.58577,1.12181,3.27777,0,0,-2.5878ptc:430.919,0,1,-42.5269,-26.0523,-3.56978,-0.173658,-0.0887459,-0.0121603
430.919,1,1,42.5269,26.0523,3.56978,0.173658,0.0887459,0.0121603

orb:1,1,5.07561,1.13405,1.50211,0,0,-2.56265ptc:431.86,0,1,-41.852,1.87749,27.2927,-0.171728,0.00639764,0.093001
431.86,1,1,41.852,-1.87749,-27.2927,0.171728,-0.00639764,-0.093001

orb:1,1,0.858104,1.0239,1.28861,0,0,-2.88905ptc:422.833,0,1,-48.414,3.47887,11.9992,-0.190731,0.0118216,0.0407745
422.833,1,1,48.414,-3.47887,-11.9992,0.190731,-0.0118216,-0.0407745

orb:1,1,2.166,1.05928,1.94528,0,0,-2.74813ptc:425.875,0,1,-46.1794,-7.01199,17.8409,-0.184202,-0.023848,0.0606774
425.875,1,1,46.1794,7.01199,-17.8409,0.184202,0.023848,-0.0606774

orb:1,1,2.91042,1.0789,0.554054,0,0,-2.69031ptc:427.502,0,1,-44.9945,18.5437,11.4729,-0.180763,0.0630984,0.0390388
427.502,1,1,44.9945,-18.5437,-11.4729,0.180763,-0.0630984,-0.0390388

orb:1,1,1.30736,1.03619,3.19398,0,0,-2.832ptc:423.906,0,1,-47.623,-15.2124,-0.797709,-0.188413,-0.0517088,-0.00271151
423.906,1,1,47.623,15.2124,0.797709,0.188413,0.0517088,0.00271151

orb:1,1,3.65463,1.09817,2.03276,0,0,-2.64106ptc:429.06,0,1,-43.8663,-10.6947,21.4796,-0.177505,-0.0364085,0.0731244
429.06,1,1,43.8663,10.6947,-21.4796,0.177505,0.0364085,-0.0731244

orb:1,1,1.53871,1.04246,5.19709,0,0,-2.80689ptc:424.447,0,1,-47.2254,7.65285,-14.5325,-0.187251,0.0260169,-0.0494052
424.447,1,1,47.2254,-7.65285,14.5325,0.187251,-0.0260169,0.0494052

orb:1,1,2.86568,1.07774,3.20215,0,0,-2.69351ptc:427.406,0,1,-45.0641,-21.622,-1.31094,-0.180965,-0.0735709,-0.00446059
427.406,1,1,45.0641,21.622,1.31094,0.180965,0.0735709,0.00446059

orb:1,1,3.5183,1.09467,5.62112,0,0,-2.64957ptc:428.78,0,1,-44.069,18.63,-14.5207,-0.178089,0.0634176,-0.0494292
428.78,1,1,44.069,-18.63,14.5207,0.178089,-0.0634176,0.0494292

orb:1,1,2.05509,1.05633,3.50469,0,0,-2.75772ptc:425.626,0,1,-46.3611,-17.5048,-6.65081,-0.18473,-0.0595302,-0.022618
425.626,1,1,46.3611,17.5048,6.65081,0.18473,0.0595302,0.022618

orb:1,1,0.250627,1.00704,2.62416,0,0,-3.00381ptc:421.334,0,1,-49.5261,-5.96856,3.39705,-0.194001,-0.0202738,0.011539
421.334,1,1,49.5261,5.96856,-3.39705,0.194001,0.0202738,-0.011539

orb:1,1,0.147382,1.00414,1.08475,0,0,-3.03576ptc:421.073,0,1,-49.7202,2.46738,4.67019,-0.194574,0.00838055,0.0158624
421.073,1,1,49.7202,-2.46738,-4.67019,0.194574,-0.00838055,-0.0158624

orb:1,1,4.26608,1.11375,1.30666,0,0,-2.60521ptc:430.292,0,1,-42.9781,6.67085,24.6654,-0.174951,0.0227191,0.0840036
430.292,1,1,42.9781,-6.67085,-24.6654,0.174951,-0.0227191,-0.0840036

orb:1,1,2.22112,1.06075,4.79742,0,0,-2.74347ptc:425.998,0,1,-46.0896,1.64624,-19.3142,-0.183941,0.00559911,-0.0656906
425.998,1,1,46.0896,-1.64624,19.3142,0.183941,-0.00559911,0.0656906

orb:1,1,3.82707,1.10259,1.86184,0,0,-2.63058ptc:429.412,0,1,-43.6124,-7.01691,23.4249,-0.176774,-0.0238908,0.0797557
429.412,1,1,43.6124,7.01691,-23.4249,0.176774,0.0238908,-0.0797557

orb:1,1,0.951864,1.02647,5.95701,0,0,-2.876ptc:423.06,0,1,-48.2468,12.4323,-4.20527,-0.190241,0.0422491,-0.0142909
423.06,1,1,48.2468,-12.4323,4.20527,0.190241,-0.0422491,0.0142909

orb:1,1,0.126008,1.00354,1.44671,0,0,-3.0437ptc:421.019,0,1,-49.7606,0.604855,4.84933,-0.194693,0.00205438,0.0164707
421.019,1,1,49.7606,-0.604855,-4.84933,0.194693,-0.00205438,-0.0164707

orb:1,1,5.5594,1.14601,4.61646,0,0,-2.53938ptc:432.765,0,1,-41.2041,-2.71281,-28.1933,-0.169882,-0.00924699,-0.0961005
432.765,1,1,41.2041,2.71281,28.1933,0.169882,0.00924699,0.0961005

orb:1,1,4.0226,1.10757,2.02541,0,0,-2.61905ptc:429.806,0,1,-43.3278,-10.9578,22.4194,-0.175955,-0.0373133,0.0763423
429.806,1,1,43.3278,10.9578,-22.4194,0.175955,0.0373133,-0.0763423

orb:1,1,3.85647,1.10334,5.05287,0,0,-2.62882ptc:429.471,0,1,-43.5694,8.19148,-23.1216,-0.17665,0.0278905,-0.0787248
429.471,1,1,43.5694,-8.19148,23.1216,0.17665,-0.0278905,0.0787248

orb:1,1,5.06169,1.1337,6.10141,0,0,-2.56334ptc:431.834,0,1,-41.8709,26.878,-4.94034,-0.171782,0.0915871,-0.0168343
431.834,1,1,41.8709,-26.878,4.94034,0.171782,-0.0915871,0.0168343

orb:1,1,4.58275,1.12174,1.93075,0,0,-2.58796ptc:430.913,0,1,-42.5311,-9.25964,24.6042,-0.17367,-0.0315424,0.0838127
430.913,1,1,42.5311,9.25964,-24.6042,0.17367,0.0315424,-0.0838127

orb:1,1,3.468,1.09337,0.358149,0,0,-2.65276ptc:428.675,0,1,-44.1442,21.9897,8.23056,-0.178306,0.0748518,0.0280164
428.675,1,1,44.1442,-21.9897,-8.23056,0.178306,-0.0748518,-0.0280164

orb:1,1,0.94971,1.02641,3.32659,0,0,-2.87629ptc:423.055,0,1,-48.2506,-12.8865,-2.41161,-0.190252,-0.0437924,-0.00819541
423.055,1,1,48.2506,12.8865,2.41161,0.190252,0.0437924,0.00819541

orb:1,1,0.546923,1.0153,4.26364,0,0,-2.939ptc:422.072,0,1,-48.9774,-4.36462,-9.06449,-0.192386,-0.0148285,-0.0307959
422.072,1,1,48.9774,4.36462,9.06449,0.192386,0.0148285,0.0307959

orb:1,1,2.71195,1.07371,3.98357,0,0,-2.70475ptc:427.075,0,1,-45.3047,-14.0882,-15.78,-0.181662,-0.0479316,-0.0536875
427.075,1,1,45.3047,14.0882,15.78,0.181662,0.0479316,0.0536875

orb:1,1,0.497433,1.01392,2.76334,0,0,-2.94823ptc:421.95,0,1,-49.0682,-8.92873,3.54821,-0.192653,-0.0303337,0.0120544
421.95,1,1,49.0682,8.92873,-3.54821,0.192653,0.0303337,-0.0120544

orb:1,1,1.08085,1.03001,5.84297,0,0,-2.85913ptc:423.369,0,1,-48.0186,12.6074,-5.93867,-0.189572,0.0428477,-0.0201832
423.369,1,1,48.0186,-12.6074,5.93867,0.189572,-0.0428477,0.0201832

orb:1,1,1.90792,1.05239,0.353559,0,0,-2.77092ptc:425.294,0,1,-46.6042,16.9917,6.27108,-0.185439,0.0577795,0.0213245
425.294,1,1,46.6042,-16.9917,-6.27108,0.185439,-0.0577795,-0.0213245

orb:1,1,1.47179,1.04065,1.0482,0,0,-2.81392ptc:424.291,0,1,-47.3397,8.03201,13.944,-0.187585,0.0273047,0.0474024
424.291,1,1,47.3397,-8.03201,-13.944,0.187585,-0.0273047,-0.0474024

orb:1,1,4.17263,1.11138,1.49201,0,0,-2.61046ptc:430.106,0,1,-43.1117,1.99322,25.2469,-0.175335,0.00678795,0.085979
430.106,1,1,43.1117,-1.99322,-25.2469,0.175335,-0.00678795,-0.085979

orb:1,1,3.23668,1.08739,0.787436,0,0,-2.66785ptc:428.193,0,1,-44.4933,16.097,16.1628,-0.179314,0.0547851,0.0550089
428.193,1,1,44.4933,-16.097,-16.1628,0.179314,-0.0547851,-0.0550089

orb:1,1,2.57162,1.07002,2.58844,0,0,-2.71536ptc:426.77,0,1,-45.5265,-17.5895,10.8605,-0.182305,-0.0598383,0.0369468
426.77,1,1,45.5265,17.5895,-10.8605,0.182305,0.0598383,-0.0369468

orb:1,1,4.60017,1.12217,5.95519,0,0,-2.58704ptc:430.947,0,1,-42.5067,24.9247,-8.48151,-0.1736,0.0849056,-0.0288921
430.947,1,1,42.5067,-24.9247,8.48151,0.1736,-0.0849056,0.0288921

orb:1,1,0.682597,1.01905,0.725952,0,0,-2.91574ptc:422.406,0,1,-48.7302,8.3738,7.43303,-0.19166,0.0284519,0.0252554
422.406,1,1,48.7302,-8.3738,-7.43303,0.19166,-0.0284519,-0.0252554

orb:1,1,5.42012,1.14258,1.04142,0,0,-2.54593ptc:432.507,0,1,-41.3888,14.1665,24.2132,-0.170408,0.048284,0.0825264
432.507,1,1,41.3888,-14.1665,-24.2132,0.170408,-0.048284,-0.0825264

orb:1,1,5.62771,1.14769,3.53978,0,0,-2.53621ptc:432.891,0,1,-41.1141,-26.2279,-11.0331,-0.169626,-0.0894053,-0.0376094
432.891,1,1,41.1141,26.2279,11.0331,0.169626,0.0894053,0.0376094

orb:1,1,4.25307,1.11342,5.57406,0,0,-2.60594ptc:430.266,0,1,-42.9967,19.3681,-16.6181,-0.175005,0.065962,-0.0565963
430.266,1,1,42.9967,-19.3681,16.6181,0.175005,-0.065962,0.0565963

orb:1,1,0.125489,1.00353,4.27235,0,0,-3.0439ptc:421.017,0,1,-49.7616,-2.07742,-4.41231,-0.194696,-0.00705591,-0.0149864
421.017,1,1,49.7616,2.07742,4.41231,0.194696,0.00705591,0.0149864

orb:1,1,0.558703,1.01562,1.46276,0,0,-2.93687ptc:422.102,0,1,-48.9558,1.09605,10.1057,-0.192323,0.00372376,0.0343336
422.102,1,1,48.9558,-1.09605,-10.1057,0.192323,-0.00372376,-0.0343336

orb:1,1,3.75521,1.10075,0.648077,0,0,-2.63491ptc:429.265,0,1,-43.7179,19.3445,14.6472,-0.177077,0.06586,0.0498676
429.265,1,1,43.7179,-19.3445,-14.6472,0.177077,-0.06586,-0.0498676

orb:1,1,0.0852542,1.0024,3.98185,0,0,-3.06102ptc:420.915,0,1,-49.8378,-2.68536,-2.99742,-0.19492,-0.00912054,-0.0101804
420.915,1,1,49.8378,2.68536,2.99742,0.19492,0.00912054,0.0101804

orb:1,1,2.47539,1.06748,5.39962,0,0,-2.72284ptc:426.56,0,1,-45.6798,12.8982,-15.7161,-0.18275,0.043876,-0.0534618
426.56,1,1,45.6798,-12.8982,15.7161,0.18275,-0.043876,0.0534618

orb:1,1,3.36917,1.09082,0.997694,0,0,-2.65913ptc:428.47,0,1,-44.2927,12.579,19.4917,-0.178734,0.0428156,0.0663443
428.47,1,1,44.2927,-12.579,-19.4917,0.178734,-0.0428156,-0.0663443

orb:1,1,3.89809,1.1044,5.89688,0,0,-2.62635ptc:429.555,0,1,-43.5086,22.8218,-9.28263,-0.176475,0.0777061,-0.0316065
429.555,1,1,43.5086,-22.8218,9.28263,0.176475,-0.0777061,0.0316065

orb:1,1,2.45649,1.06698,1.48793,0,0,-2.72433ptc:426.518,0,1,-45.71,1.67721,20.1936,-0.182838,0.00570535,0.0686923
426.518,1,1,45.71,-1.67721,-20.1936,0.182838,-0.00570535,-0.0686923

orb:1,1,0.217168,1.0061,3.62323,0,0,-3.01326ptc:421.249,0,1,-49.5889,-5.6709,-2.96414,-0.194186,-0.0192623,-0.0100683
421.249,1,1,49.5889,5.6709,2.96414,0.194186,0.0192623,0.0100683

orb:1,1,4.85219,1.12848,3.47647,0,0,-2.57391ptc:431.434,0,1,-42.1574,-25.3908,-8.83553,-0.172601,-0.0865075,-0.0301031
431.434,1,1,42.1574,25.3908,8.83553,0.172601,0.0865075,0.0301031

orb:1,1,2.92156,1.0792,3.49789,0,0,-2.68952ptc:427.526,0,1,-44.9772,-20.4697,-7.61848,-0.180713,-0.0696527,-0.0259236
427.526,1,1,44.9772,20.4697,7.61848,0.180713,0.0696527,0.0259236

orb:1,1,4.02009,1.10751,5.47465,0,0,-2.6192ptc:429.801,0,1,-43.3314,17.2279,-18.0441,-0.175966,0.0586639,-0.0614435
429.801,1,1,43.3314,-17.2279,18.0441,0.175966,-0.0586639,0.0614435

orb:1,1,1.00979,1.02806,2.92476,0,0,-2.86828ptc:423.199,0,1,-48.144,-13.1803,2.90363,-0.189939,-0.0447926,0.00986784
423.199,1,1,48.144,13.1803,-2.90363,0.189939,0.0447926,-0.00986784

orb:1,1,0.427243,1.01197,4.04535,0,0,-2.96219ptc:421.776,0,1,-49.1976,-5.51965,-7.00953,-0.193034,-0.0187511,-0.0238125
421.776,1,1,49.1976,5.51965,7.00953,0.193034,0.0187511,0.0238125

orb:1,1,2.83107,1.07683,3.91644,0,0,-2.69601ptc:427.332,0,1,-45.118,-15.3974,-15.0759,-0.181121,-0.05239,-0.051296
427.332,1,1,45.118,15.3974,15.0759,0.181121,0.05239,0.051296

orb:1,1,2.14874,1.05882,0.141775,0,0,-2.7496ptc:425.836,0,1,-46.2076,18.9097,2.69903,-0.184284,0.0643118,0.00917937
425.836,1,1,46.2076,-18.9097,-2.69903,0.184284,-0.0643118,-0.00917937

orb:1,1,2.68568,1.07302,1.86823,0,0,-2.70671ptc:427.018,0,1,-45.346,-6.17343,20.1401,-0.181782,-0.0210032,0.0685206
427.018,1,1,45.346,6.17343,-20.1401,0.181782,0.0210032,-0.0685206

orb:1,1,5.32604,1.14026,6.26721,0,0,-2.55042ptc:432.331,0,1,-41.5143,27.8633,-0.445226,-0.170765,0.0949611,-0.00151738
432.331,1,1,41.5143,-27.8633,0.445226,0.170765,-0.0949611,0.00151738

orb:1,1,2.22327,1.0608,5.40725,0,0,-2.74329ptc:426.003,0,1,-46.0861,12.4166,-14.8962,-0.18393,0.042231,-0.0506644
426.003,1,1,46.0861,-12.4166,14.8962,0.18393,-0.042231,0.0506644

orb:1,1,4.19328,1.11191,4.13529,0,0,-2.60929ptc:430.147,0,1,-43.0821,-13.8449,-21.2662,-0.17525,-0.0471497,-0.0724234
430.147,1,1,43.0821,13.8449,21.2662,0.17525,0.0471497,0.0724234

orb:1,1,0.322845,1.00906,5.14781,0,0,-2.98539ptc:421.515,0,1,-49.3912,3.2809,-7.05273,-0.193604,0.011145,-0.0239576
421.515,1,1,49.3912,-3.2809,7.05273,0.193604,-0.011145,0.0239576

orb:1,1,1.78607,1.04913,3.45596,0,0,-2.78231ptc:425.016,0,1,-46.8075,-16.7185,-5.43609,-0.186031,-0.0568459,-0.0184837
425.016,1,1,46.8075,16.7185,5.43609,0.186031,0.0568459,0.0184837

orb:1,1,1.91574,1.0526,6.14093,0,0,-2.77021ptc:425.312,0,1,-46.5913,17.962,-2.5726,-0.185401,0.0610794,-0.00874807
425.312,1,1,46.5913,-17.962,2.5726,0.185401,-0.0610794,0.00874807

orb:1,1,5.38275,1.14166,3.57058,0,0,-2.54771ptc:432.437,0,1,-41.4386,-25.444,-11.6381,-0.17055,-0.0867194,-0.0396654
432.437,1,1,41.4386,25.444,11.6381,0.17055,0.0867194,0.0396654

orb:1,1,0.107581,1.00303,3.20953,0,0,-3.05111ptc:420.972,0,1,-49.7955,-4.50742,-0.306706,-0.194796,-0.0153092,-0.00104171
420.972,1,1,49.7955,4.50742,0.306706,0.194796,0.0153092,0.00104171

orb:1,1,3.61338,1.09711,2.87028,0,0,-2.64361ptc:428.975,0,1,-43.9274,-23.0091,6.40036,-0.177681,-0.0783291,0.0217885
428.975,1,1,43.9274,23.0091,-6.40036,0.177681,0.0783291,-0.0217885

orb:1,1,1.85313,1.05093,0.538122,0,0,-2.77599ptc:425.169,0,1,-46.6954,15.3493,9.16167,-0.185705,0.0521927,0.0311528
425.169,1,1,46.6954,-15.3493,-9.16167,0.185705,-0.0521927,-0.0311528

orb:1,1,1.0924,1.03032,0.434578,0,0,-2.85767ptc:423.396,0,1,-47.9983,12.7041,5.8969,-0.189512,0.0431766,0.0200414
423.396,1,1,47.9983,-12.7041,-5.8969,0.189512,-0.0431766,-0.0200414

orb:1,1,5.05338,1.1335,5.24588,0,0,-2.56375ptc:431.818,0,1,-41.8822,13.8887,-23.5157,-0.171815,0.0473256,-0.0801299
431.818,1,1,41.8822,-13.8887,23.5157,0.171815,-0.0473256,0.0801299

orb:1,1,2.67907,1.07285,0.587494,0,0,-2.70721ptc:427.004,0,1,-45.3565,17.5144,11.6634,-0.181812,0.0595872,0.0396811
427.004,1,1,45.3565,-17.5144,-11.6634,0.181812,-0.0595872,-0.0396811

orb:1,1,1.70789,1.04702,0.398262,0,0,-2.78986ptc:424.837,0,1,-46.9388,15.8782,6.68069,-0.186414,0.0539861,0.0227144
424.837,1,1,46.9388,-15.8782,-6.68069,0.186414,-0.0539861,-0.0227144

orb:1,1,1.57917,1.04355,0.683391,0,0,-2.80272ptc:424.54,0,1,-47.1566,12.8885,10.4949,-0.18705,0.0438174,0.0356798
424.54,1,1,47.1566,-12.8885,-10.4949,0.18705,-0.0438174,-0.0356798

orb:1,1,4.97919,1.13165,0.704013,0,0,-2.56746ptc:431.677,0,1,-41.9833,20.6991,17.5771,-0.172103,0.0705287,0.059891
431.677,1,1,41.9833,-20.6991,-17.5771,0.172103,-0.0705287,-0.059891

orb:1,1,4.31404,1.11496,4.3118,0,0,-2.60254ptc:430.387,0,1,-42.9099,-10.0088,-23.634,-0.174756,-0.0340883,-0.0804937
430.387,1,1,42.9099,10.0088,23.634,0.174756,0.0340883,0.0804937

orb:1,1,4.83886,1.12815,3.91217,0,0,-2.57459ptc:431.408,0,1,-42.1757,-19.269,-18.706,-0.172653,-0.0656499,-0.0637318
431.408,1,1,42.1757,19.269,18.706,0.172653,0.0656499,0.0637318

orb:1,1,3.56281,1.09581,6.21516,0,0,-2.64677ptc:428.871,0,1,-44.0026,23.689,-1.61401,-0.177898,0.0806409,-0.00549435
428.871,1,1,44.0026,-23.689,1.61401,0.177898,-0.0806409,0.00549435

orb:1,1,1.05721,1.02936,0.512094,0,0,-2.86214ptc:423.312,0,1,-48.0603,12.0225,6.75799,-0.189694,0.0408593,0.0229674
423.312,1,1,48.0603,-12.0225,-6.75799,0.189694,-0.0408593,-0.0229674

orb:1,1,1.64594,1.04536,4.96402,0,0,-2.79598ptc:424.695,0,1,-47.0434,4.2175,-16.4053,-0.18672,0.014339,-0.055776
424.695,1,1,47.0434,-4.2175,16.4053,0.18672,-0.014339,0.055776

orb:1,1,3.68961,1.09907,1.63212,0,0,-2.63891ptc:429.132,0,1,-43.8145,-1.47635,24.0438,-0.177356,-0.00502614,0.0818558
429.132,1,1,43.8145,1.47635,-24.0438,0.177356,0.00502614,-0.0818558

orb:1,1,2.30368,1.06294,2.94562,0,0,-2.73662ptc:426.181,0,1,-45.9558,-19.3224,3.83582,-0.183551,-0.065722,0.0130469
426.181,1,1,45.9558,19.3224,-3.83582,0.183551,0.065722,-0.0130469

orb:1,1,2.44598,1.0667,4.90118,0,0,-2.72516ptc:426.495,0,1,-45.7268,3.79564,-19.8658,-0.182886,0.0129115,-0.0675768
426.495,1,1,45.7268,-3.79564,19.8658,0.182886,-0.0129115,0.0675768

orb:1,1,5.48175,1.1441,2.04083,0,0,-2.54302ptc:432.621,0,1,-41.3069,-12.7603,25.118,-0.170175,-0.043493,0.0856138
432.621,1,1,41.3069,12.7603,-25.118,0.170175,0.043493,-0.0856138

orb:1,1,4.58192,1.12171,0.911902,0,0,-2.58801ptc:430.912,0,1,-42.5322,16.0941,20.7844,-0.173673,0.0548234,0.0708007
430.912,1,1,42.5322,-16.0941,-20.7844,0.173673,-0.0548234,-0.0708007

orb:1,1,1.66078,1.04576,3.29673,0,0,-2.7945ptc:424.729,0,1,-47.0183,-16.804,-2.6281,-0.186646,-0.057132,-0.00893529
424.729,1,1,47.0183,16.804,2.6281,0.186646,0.057132,0.00893529

orb:1,1,2.69596,1.07329,0.883489,0,0,-2.70595ptc:427.041,0,1,-45.3299,13.387,16.3093,-0.181735,0.0455454,0.0554877
427.041,1,1,45.3299,-13.387,-16.3093,0.181735,-0.0455454,-0.0554877

orb:1,1,1.656,1.04563,3.07769,0,0,-2.79497ptc:424.718,0,1,-47.0264,-16.9513,1.08476,-0.18667,-0.0576325,0.00368807
424.718,1,1,47.0264,16.9513,-1.08476,0.18667,0.0576325,-0.00368807

orb:1,1,4.12816,1.11026,0.453684,0,0,-2.61299ptc:430.018,0,1,-43.1755,22.6656,11.0519,-0.175518,0.0771859,0.0376363
430.018,1,1,43.1755,-22.6656,-11.0519,0.175518,-0.0771859,-0.0376363

orb:1,1,4.10964,1.10979,3.66552,0,0,-2.61404ptc:429.981,0,1,-43.2022,-21.7945,-12.5926,-0.175595,-0.0742184,-0.0428826
429.981,1,1,43.2022,21.7945,12.5926,0.175595,0.0742184,0.0428826

orb:1,1,0.937653,1.02608,5.42409,0,0,-2.87793ptc:423.025,0,1,-48.2721,8.51086,-9.86777,-0.190315,0.0289224,-0.0335336
423.025,1,1,48.2721,-8.51086,9.86777,0.190315,-0.0289224,0.0335336

orb:1,1,2.49446,1.06798,1.46978,0,0,-2.72134ptc:426.602,0,1,-45.6493,2.05717,20.2955,-0.182661,0.00699801,0.0690406
426.602,1,1,45.6493,-2.05717,-20.2955,0.182661,-0.00699801,-0.0690406

orb:1,1,0.130668,1.00368,3.80581,0,0,-3.04191ptc:421.03,0,1,-49.7518,-3.91794,-3.06729,-0.194667,-0.0133073,-0.010418
421.03,1,1,49.7518,3.91794,3.06729,0.194667,0.0133073,0.010418

orb:1,1,3.00208,1.0813,3.76221,0,0,-2.68385ptc:427.698,0,1,-44.8526,-17.9758,-12.8497,-0.180352,-0.0611698,-0.0437264
427.698,1,1,44.8526,17.9758,12.8497,0.180352,0.0611698,0.0437264

orb:1,1,4.49078,1.11942,4.18003,0,0,-2.59289ptc:430.734,0,1,-42.66,-13.237,-22.4701,-0.174039,-0.0450883,-0.0765384
430.734,1,1,42.66,13.237,22.4701,0.174039,0.0450883,0.0765384

orb:1,1,3.81629,1.10231,3.21385,0,0,-2.63122ptc:429.39,0,1,-43.6282,-24.3613,-1.76342,-0.176819,-0.0829435,-0.00600394
429.39,1,1,43.6282,24.3613,1.76342,0.176819,0.0829435,0.00600394

orb:1,1,5.14305,1.13572,3.48591,0,0,-2.55931ptc:431.987,0,1,-41.7605,-25.8826,-9.2816,-0.171467,-0.0882001,-0.0316289
431.987,1,1,41.7605,25.8826,9.2816,0.171467,0.0882001,0.0316289

orb:1,1,1.85499,1.05098,1.89949,0,0,-2.77582ptc:425.174,0,1,-46.6923,-5.77296,16.9263,-0.185695,-0.01963,0.0575551
425.174,1,1,46.6923,5.77296,-16.9263,0.185695,0.01963,-0.0575551

orb:1,1,3.35239,1.09039,2.46139,0,0,-2.66022ptc:428.435,0,1,-44.318,-17.9977,14.5602,-0.178808,-0.0612585,0.0495582
428.435,1,1,44.318,17.9977,-14.5602,0.178808,0.0612585,-0.0495582

orb:1,1,0.238495,1.0067,5.19788,0,0,-3.00716ptc:421.303,0,1,-49.5488,3.12725,-5.92722,-0.194068,0.0106224,-0.0201332
421.303,1,1,49.5488,-3.12725,5.92722,0.194068,-0.0106224,0.0201332

orb:1,1,0.628467,1.01756,3.29184,0,0,-2.9247ptc:422.273,0,1,-48.8285,-10.6388,-1.61054,-0.191949,-0.0361463,-0.00547196
422.273,1,1,48.8285,10.6388,1.61054,0.191949,0.0361463,0.00547196

orb:1,1,4.37803,1.11658,2.92197,0,0,-2.59902ptc:430.513,0,1,-42.8191,-25.197,5.62449,-0.174495,-0.0858206,0.0191569
430.513,1,1,42.8191,25.197,-5.62449,0.174495,0.0858206,-0.0191569

orb:1,1,3.77951,1.10137,3.71389,0,0,-2.63344ptc:429.315,0,1,-43.6821,-20.4519,-13.1753,-0.176975,-0.0696315,-0.0448573
429.315,1,1,43.6821,20.4519,13.1753,0.176975,0.0696315,0.0448573

orb:1,1,0.691415,1.0193,0.638308,0,0,-2.91432ptc:422.428,0,1,-48.7142,9.04797,6.71284,-0.191613,0.0307427,0.0228085
422.428,1,1,48.7142,-9.04797,-6.71284,0.191613,-0.0307427,-0.0228085

orb:1,1,2.14806,1.05881,2.06538,0,0,-2.74966ptc:425.835,0,1,-46.2087,-9.06544,16.81,-0.184287,-0.0308315,0.0571708
425.835,1,1,46.2087,9.06544,-16.81,0.184287,0.0308315,-0.0571708

orb:1,1,5.41106,1.14236,6.00545,0,0,-2.54636ptc:432.49,0,1,-41.4009,26.9608,-7.68672,-0.170442,0.0918905,-0.0261987
432.49,1,1,41.4009,-26.9608,7.68672,0.170442,-0.0918905,0.0261987

orb:1,1,2.25897,1.06175,5.89024,0,0,-2.74032ptc:426.082,0,1,-46.0281,18.0413,-7.47815,-0.183762,0.0613626,-0.025435
426.082,1,1,46.0281,-18.0413,7.47815,0.183762,-0.0613626,0.025435

orb:1,1,2.11584,1.05795,2.32459,0,0,-2.75243ptc:425.763,0,1,-46.2614,-12.9836,13.8315,-0.18444,-0.0441563,0.0470398
425.763,1,1,46.2614,12.9836,-13.8315,0.18444,0.0441563,-0.0470398

orb:1,1,3.91006,1.10471,2.93517,0,0,-2.62564ptc:429.58,0,1,-43.4911,-24.1445,5.05597,-0.176425,-0.0822104,0.0172153
429.58,1,1,43.4911,24.1445,-5.05597,0.176425,0.0822104,-0.0172153

orb:1,1,2.2217,1.06076,1.21132,0,0,-2.74343ptc:425.999,0,1,-46.0887,6.81987,18.1473,-0.183938,0.0231954,0.0617218
425.999,1,1,46.0887,-6.81987,-18.1473,0.183938,-0.0231954,-0.0617218

orb:1,1,5.05726,1.13359,4.58656,0,0,-2.56356ptc:431.825,0,1,-41.8769,-3.42843,-27.103,-0.1718,-0.0116824,-0.0923537
431.825,1,1,41.8769,3.42843,27.103,0.1718,0.0116824,0.0923537

orb:1,1,2.02164,1.05543,1.72384,0,0,-2.76067ptc:425.551,0,1,-46.4161,-2.83373,18.3716,-0.184891,-0.00963668,0.0624764
425.551,1,1,46.4161,2.83373,-18.3716,0.184891,0.00963668,-0.0624764

orb:1,1,1.92944,1.05297,5.8553,0,0,-2.76896ptc:425.343,0,1,-46.5685,16.5625,-7.55353,-0.185335,0.0563208,-0.0256858
425.343,1,1,46.5685,-16.5625,7.55353,0.185335,-0.0563208,0.0256858

orb:1,1,2.07371,1.05682,0.584291,0,0,-2.75609ptc:425.668,0,1,-46.3305,15.6822,10.371,-0.184641,0.0533325,0.0352698
425.668,1,1,46.3305,-15.6822,-10.371,0.184641,-0.0533325,-0.0352698

orb:1,1,0.740117,1.02064,0.910478,0,0,-2.90663ptc:422.547,0,1,-48.6261,7.13993,9.19365,-0.191354,0.0242604,0.0312387
422.547,1,1,48.6261,-7.13993,-9.19365,0.191354,-0.0242604,-0.0312387

orb:1,1,5.53161,1.14533,2.32198,0,0,-2.54068ptc:432.714,0,1,-41.2409,-19.2945,20.6619,-0.169987,-0.0657666,0.0704276
432.714,1,1,41.2409,19.2945,-20.6619,0.169987,0.0657666,-0.0704276

orb:1,1,3.73607,1.10026,3.43862,0,0,-2.63607ptc:429.226,0,1,-43.746,-23.1531,-7.08674,-0.177159,-0.0788256,-0.0241271
429.226,1,1,43.746,23.1531,7.08674,0.177159,0.0788256,0.0241271

orb:1,1,1.18455,1.03284,1.96859,0,0,-2.84636ptc:423.616,0,1,-47.8367,-5.63587,13.4123,-0.189039,-0.0191554,0.0455865
423.616,1,1,47.8367,5.63587,-13.4123,0.189039,0.0191554,-0.0455865

orb:1,1,1.81646,1.04994,5.44858,0,0,-2.77943ptc:425.086,0,1,-46.7566,11.895,-13.1273,-0.185883,0.0404461,-0.044636
425.086,1,1,46.7566,-11.895,13.1273,0.185883,-0.0404461,0.044636

orb:1,1,5.02584,1.13281,4.50083,0,0,-2.56512ptc:431.765,0,1,-41.9196,-5.72285,-26.6457,-0.171922,-0.0195003,-0.0907935
431.765,1,1,41.9196,5.72285,26.6457,0.171922,0.0195003,0.0907935

orb:1,1,5.18021,1.13665,0.0552753,0,0,-2.55749ptc:432.058,0,1,-41.7103,27.5305,1.52331,-0.171324,0.0938179,0.0051911
432.058,1,1,41.7103,-27.5305,-1.52331,0.171324,-0.0938179,-0.0051911

orb:1,1,1.10024,1.03054,5.52204,0,0,-2.85669ptc:423.415,0,1,-47.9845,10.1752,-9.69312,-0.189472,0.0345819,-0.0329436
423.415,1,1,47.9845,-10.1752,9.69312,0.189472,-0.0345819,0.0329436

orb:1,1,5.33041,1.14036,3.9531,0,0,-2.55021ptc:432.339,0,1,-41.5085,-19.1897,-20.2188,-0.170749,-0.0654008,-0.0689081
432.339,1,1,41.5085,19.1897,20.2188,0.170749,0.0654008,0.0689081

orb:1,1,1.80564,1.04965,5.66541,0,0,-2.78045ptc:425.061,0,1,-46.7747,14.4016,-10.2331,-0.185936,0.0489689,-0.034795
425.061,1,1,46.7747,-14.4016,10.2331,0.185936,-0.0489689,0.034795

orb:1,1,2.45467,1.06693,2.30534,0,0,-2.72447ptc:426.514,0,1,-45.7129,-13.577,15.0331,-0.182846,-0.0461847,0.0511378
426.514,1,1,45.7129,13.577,-15.0331,0.182846,0.0461847,-0.0511378

orb:1,1,3.9551,1.10586,5.99366,0,0,-2.62299ptc:429.67,0,1,-43.4256,23.7519,-7.07552,-0.176237,0.080876,-0.0240924
429.67,1,1,43.4256,-23.7519,7.07552,0.176237,-0.080876,0.0240924

orb:1,1,1.43425,1.03963,0.0848454,0,0,-2.81795ptc:424.203,0,1,-47.4041,15.844,1.34753,-0.187773,0.0538602,0.00458079
424.203,1,1,47.4041,-15.844,-1.34753,0.187773,-0.0538602,-0.00458079

orb:1,1,0.739717,1.02063,2.63967,0,0,-2.90669ptc:422.546,0,1,-48.6268,-10.2021,5.59896,-0.191356,-0.0346653,0.0190244
422.546,1,1,48.6268,10.2021,-5.59896,0.191356,0.0346653,-0.0190244

orb:1,1,3.18355,1.08602,6.05406,0,0,-2.6714ptc:428.082,0,1,-44.5742,22.0607,-5.14498,-0.179547,0.0750793,-0.0175099
428.082,1,1,44.5742,-22.0607,5.14498,0.179547,-0.0750793,0.0175099

orb:1,1,5.14908,1.13587,0.315995,0,0,-2.55902ptc:431.999,0,1,-41.7524,26.1468,8.54871,-0.171444,0.089101,0.0291316
431.999,1,1,41.7524,-26.1468,-8.54871,0.171444,-0.089101,-0.0291316

orb:1,1,1.75838,1.04838,3.03757,0,0,-2.78496ptc:424.953,0,1,-46.8539,-17.3616,1.81246,-0.186167,-0.0590316,0.00616258
424.953,1,1,46.8539,17.3616,-1.81246,0.186167,0.0590316,-0.00616258

orb:1,1,4.04466,1.10813,5.12219,0,0,-2.61778ptc:429.85,0,1,-43.2959,9.96432,-22.9386,-0.175864,0.0339309,-0.0781113
429.85,1,1,43.2959,-9.96432,22.9386,0.175864,-0.0339309,0.0781113

orb:1,1,0.856529,1.02385,2.60577,0,0,-2.88928ptc:422.83,0,1,-48.4168,-10.733,6.37282,-0.19074,-0.0364718,0.0216556
422.83,1,1,48.4168,10.733,-6.37282,0.19074,0.0364718,-0.0216556

orb:1,1,1.57359,1.0434,1.82799,0,0,-2.8033ptc:424.528,0,1,-47.1661,-4.221,16.0482,-0.187078,-0.0143502,0.0545593
424.528,1,1,47.1661,4.221,-16.0482,0.187078,0.0143502,-0.0545593

orb:1,1,3.14221,1.08494,4.89474,0,0,-2.6742ptc:427.994,0,1,-44.6373,4.08535,-22.1545,-0.17973,0.0139033,-0.0753965
427.994,1,1,44.6373,-4.08535,22.1545,0.17973,-0.0139033,0.0753965

orb:1,1,2.45874,1.06704,1.95984,0,0,-2.72415ptc:426.523,0,1,-45.7064,-7.68898,18.7565,-0.182827,-0.0261555,0.0638037
426.523,1,1,45.7064,7.68898,-18.7565,0.182827,0.0261555,-0.0638037

orb:1,1,5.55538,1.14591,3.85268,0,0,-2.53956ptc:432.758,0,1,-41.2094,-21.4534,-18.4806,-0.169897,-0.0731268,-0.0629934
432.758,1,1,41.2094,21.4534,18.4806,0.169897,0.0731268,0.0629934

orb:1,1,0.249754,1.00701,0.364091,0,0,-3.00404ptc:421.331,0,1,-49.5278,6.40637,2.44134,-0.194006,0.0217609,0.00829266
421.331,1,1,49.5278,-6.40637,-2.44134,0.194006,-0.0217609,-0.00829266

orb:1,1,2.13076,1.05834,2.12495,0,0,-2.75115ptc:425.796,0,1,-46.237,-10.014,16.1822,-0.184369,-0.0340572,0.0550349
425.796,1,1,46.237,10.014,-16.1822,0.184369,0.0340572,-0.0550349

orb:1,1,1.42807,1.03947,0.292083,0,0,-2.81861ptc:424.189,0,1,-47.4147,15.1974,4.56961,-0.187804,0.051662,0.0155339
424.189,1,1,47.4147,-15.1974,-4.56961,0.187804,-0.051662,-0.0155339

orb:1,1,3.82002,1.10241,6.18728,0,0,-2.631ptc:429.397,0,1,-43.6227,24.3225,-2.33993,-0.176804,0.0828117,-0.00796682
429.397,1,1,43.6227,-24.3225,2.33993,0.176804,-0.0828117,0.00796682

orb:1,1,3.77355,1.10122,0.0828067,0,0,-2.6338ptc:429.303,0,1,-43.6909,24.2294,2.01095,-0.177,0.0824921,0.00684655
429.303,1,1,43.6909,-24.2294,-2.01095,0.177,-0.0824921,-0.00684655

orb:1,1,0.579588,1.0162,2.31082,0,0,-2.93314ptc:422.153,0,1,-48.9176,-6.97717,7.6409,-0.192211,-0.0237049,0.0259599
422.153,1,1,48.9176,6.97717,-7.6409,0.192211,0.0237049,-0.0259599

orb:1,1,2.31409,1.06321,0.542131,0,0,-2.73577ptc:426.204,0,1,-45.9389,16.9084,10.1844,-0.183503,0.0575115,0.0346409
426.204,1,1,45.9389,-16.9084,-10.1844,0.183503,-0.0575115,-0.0346409

orb:1,1,3.16488,1.08553,5.90716,0,0,-2.67266ptc:428.042,0,1,-44.6027,21.0178,-8.29799,-0.17963,0.071529,-0.0282403
428.042,1,1,44.6027,-21.0178,8.29799,0.17963,-0.071529,0.0282403

orb:1,1,0.800603,1.02231,0.693293,0,0,-2.89744ptc:422.694,0,1,-48.5172,9.29636,7.72423,-0.191034,0.0315889,0.0262468
422.694,1,1,48.5172,-9.29636,-7.72423,0.191034,-0.0315889,-0.0262468

orb:1,1,2.63171,1.0716,5.66811,0,0,-2.71078ptc:426.901,0,1,-45.4313,17.0539,-12.0485,-0.182029,0.0580185,-0.0409898
426.901,1,1,45.4313,-17.0539,12.0485,0.182029,-0.0580185,0.0409898

orb:1,1,0.736774,1.02055,4.479,0,0,-2.90715ptc:422.538,0,1,-48.6321,-2.68638,-11.3004,-0.191372,-0.0091279,-0.0383969
422.538,1,1,48.6321,2.68638,11.3004,0.191372,0.0091279,0.0383969

orb:1,1,0.310164,1.0087,0.638254,0,0,-2.98846ptc:421.483,0,1,-49.4149,6.1255,4.5441,-0.193674,0.0208077,0.0154358
421.483,1,1,49.4149,-6.1255,-4.5441,0.193674,-0.0208077,-0.0154358

orb:1,1,3.27505,1.08839,4.29069,0,0,-2.6653ptc:428.274,0,1,-44.435,-9.38324,-20.9162,-0.179145,-0.031936,-0.0711884
428.274,1,1,44.435,9.38324,20.9162,0.179145,0.031936,0.0711884

orb:1,1,3.9532,1.10581,3.55338,0,0,-2.6231ptc:429.667,0,1,-43.4284,-22.7073,-9.91745,-0.176245,-0.0773189,-0.0337692
429.667,1,1,43.4284,22.7073,9.91745,0.176245,0.0773189,0.0337692

orb:1,1,2.95187,1.07999,6.17158,0,0,-2.68737ptc:427.591,0,1,-44.9302,21.8015,-2.44336,-0.180577,0.0741859,-0.00831425
427.591,1,1,44.9302,-21.8015,2.44336,0.180577,-0.0741859,0.00831425

orb:1,1,3.59657,1.09668,4.13158,0,0,-2.64466ptc:428.941,0,1,-43.9524,-13.0791,-19.928,-0.177753,-0.0445243,-0.0678395
428.941,1,1,43.9524,13.0791,19.928,0.177753,0.0445243,0.0678395

orb:1,1,2.68993,1.07313,2.37171,0,0,-2.7064ptc:427.028,0,1,-45.3394,-15.1348,14.6724,-0.181762,-0.0514918,0.0499185
427.028,1,1,45.3394,15.1348,-14.6724,0.181762,0.0514918,-0.0499185

orb:1,1,0.986379,1.02742,6.08033,0,0,-2.87137ptc:423.143,0,1,-48.1855,13.0738,-2.6891,-0.190061,0.04443,-0.00913865
423.143,1,1,48.1855,-13.0738,2.6891,0.190061,-0.04443,0.00913865

orb:1,1,3.62026,1.09729,5.35312,0,0,-2.64318ptc:428.989,0,1,-43.9172,14.2879,-19.1608,-0.177652,0.04864,-0.0652287
428.989,1,1,43.9172,-14.2879,19.1608,0.177652,-0.04864,0.0652287

orb:1,1,4.59146,1.12195,1.06863,0,0,-2.5875ptc:430.93,0,1,-42.5189,12.663,23.0606,-0.173635,0.0431362,0.0785549
430.93,1,1,42.5189,-12.663,-23.0606,0.173635,-0.0431362,-0.0785549

orb:1,1,2.79244,1.07582,2.67361,0,0,-2.69882ptc:427.249,0,1,-45.1784,-19.1189,9.66338,-0.181296,-0.0650507,0.032879
427.249,1,1,45.1784,19.1189,-9.66338,0.181296,0.0650507,-0.032879

orb:1,1,3.30592,1.08919,1.30082,0,0,-2.66326ptc:428.338,0,1,-44.3882,6.13835,22.1812,-0.17901,0.0208924,0.0754956
428.338,1,1,44.3882,-6.13835,-22.1812,0.17901,-0.0208924,-0.0754956

orb:1,1,5.08668,1.13432,2.66605,0,0,-2.5621ptc:431.881,0,1,-41.8369,-24.3422,12.5352,-0.171685,-0.0829477,0.0427146
431.881,1,1,41.8369,24.3422,-12.5352,0.171685,0.0829477,-0.0427146

orb:1,1,1.98017,1.05433,5.81979,0,0,-2.76437ptc:425.458,0,1,-46.4845,16.4748,-8.23211,-0.18509,0.0560245,-0.0279942
425.458,1,1,46.4845,-16.4748,8.23211,0.18509,-0.0560245,0.0279942

orb:1,1,3.14449,1.085,4.46417,0,0,-2.67404ptc:427.999,0,1,-44.6338,-5.5363,-21.8443,-0.17972,-0.0188412,-0.0743409
427.999,1,1,44.6338,5.5363,21.8443,0.17972,0.0188412,0.0743409

orb:1,1,5.43047,1.14283,5.70541,0,0,-2.54544ptc:432.526,0,1,-41.375,23.5163,-15.3326,-0.170369,0.0801519,-0.052259
432.526,1,1,41.375,-23.5163,15.3326,0.170369,-0.0801519,0.052259

orb:1,1,3.67206,1.09862,5.88132,0,0,-2.63998ptc:429.096,0,1,-43.8405,22.1265,-9.40373,-0.177431,0.0753275,-0.0320141
429.096,1,1,43.8405,-22.1265,9.40373,0.177431,-0.0753275,0.0320141

orb:1,1,3.83386,1.10276,0.740999,0,0,-2.63017ptc:429.425,0,1,-43.6024,18.0545,16.5185,-0.176745,0.0614715,0.0562416
429.425,1,1,43.6024,-18.0545,-16.5185,0.176745,-0.0614715,-0.0562416

orb:1,1,5.55366,1.14587,3.53194,0,0,-2.53965ptc:432.754,0,1,-41.2117,-26.1827,-10.7731,-0.169904,-0.089247,-0.0367215
432.754,1,1,41.2117,26.1827,10.7731,0.169904,0.089247,0.0367215

orb:1,1,0.833674,1.02322,0.00893869,0,0,-2.89258ptc:422.774,0,1,-48.4578,12.322,0.110145,-0.19086,0.0418708,0.00037428
422.774,1,1,48.4578,-12.322,-0.110145,0.19086,-0.0418708,-0.00037428

orb:1,1,3.07106,1.08309,5.53913,0,0,-2.67906ptc:427.844,0,1,-44.7464,16.4145,-15.1104,-0.180045,0.0558596,-0.0514216
427.844,1,1,44.7464,-16.4145,15.1104,0.180045,-0.0558596,0.0514216

orb:1,1,3.59518,1.09664,2.78718,0,0,-2.64474ptc:428.938,0,1,-43.9544,-22.3517,8.27092,-0.177759,-0.0760903,0.0281561
428.938,1,1,43.9544,22.3517,-8.27092,0.177759,0.0760903,-0.0281561

orb:1,1,1.33769,1.03701,1.83175,0,0,-2.82858ptc:423.977,0,1,-47.5705,-3.97234,14.8752,-0.18826,-0.0135027,0.0505634
423.977,1,1,47.5705,3.97234,-14.8752,0.18826,0.0135027,-0.0505634

orb:1,1,5.39695,1.14201,1.96088,0,0,-2.54703ptc:432.464,0,1,-41.4196,-10.6501,25.9034,-0.170496,-0.0362986,0.0882859
432.464,1,1,41.4196,10.6501,-25.9034,0.170496,0.0362986,-0.0882859

orb:1,1,2.87622,1.07801,0.0410054,0,0,-2.69276ptc:427.429,0,1,-45.0477,21.6776,0.889396,-0.180917,0.0737605,0.00302628
427.429,1,1,45.0477,-21.6776,-0.889396,0.180917,-0.0737605,-0.00302628

orb:1,1,0.2359,1.00663,4.21782,0,0,-3.00788ptc:421.297,0,1,-49.5537,-3.1638,-5.86685,-0.194083,-0.0107466,-0.0199281
421.297,1,1,49.5537,3.1638,5.86685,0.194083,0.0107466,0.0199281

orb:1,1,3.2291,1.0872,4.55078,0,0,-2.66835ptc:428.177,0,1,-44.5048,-3.66694,-22.4917,-0.179347,-0.0124801,-0.0765486
428.177,1,1,44.5048,3.66694,22.4917,0.179347,0.0124801,0.0765486

orb:1,1,2.73691,1.07436,5.79515,0,0,-2.7029ptc:427.129,0,1,-45.2655,18.7583,-9.95815,-0.181548,0.0638215,-0.0338807
427.129,1,1,45.2655,-18.7583,9.95815,0.181548,-0.0638215,0.0338807

orb:1,1,3.21345,1.08679,2.90149,0,0,-2.6694ptc:428.144,0,1,-44.5286,-22.0898,5.40802,-0.179416,-0.0751797,0.0184055
428.144,1,1,44.5286,22.0898,-5.40802,0.179416,0.0751797,-0.0184055

orb:1,1,3.34277,1.09014,5.83361,0,0,-2.66085ptc:428.415,0,1,-44.3325,20.8245,-10.0484,-0.178849,0.0708794,-0.0342012
428.415,1,1,44.3325,-20.8245,10.0484,0.178849,-0.0708794,0.0342012

orb:1,1,1.42667,1.03943,0.862065,0,0,-2.81877ptc:424.186,0,1,-47.4171,10.3244,12.0425,-0.187811,0.0350965,0.0409372
424.186,1,1,47.4171,-10.3244,-12.0425,0.187811,-0.0350965,-0.0409372

orb:1,1,2.70127,1.07343,5.09993,0,0,-2.70555ptc:427.052,0,1,-45.3215,7.98068,-19.5518,-0.18171,0.0271521,-0.0665195
427.052,1,1,45.3215,-7.98068,19.5518,0.18171,-0.0271521,0.0665195

orb:1,1,3.58425,1.09636,0.894339,0,0,-2.64543ptc:428.915,0,1,-43.9707,14.9014,18.5614,-0.177806,0.0507275,0.0631868
428.915,1,1,43.9707,-14.9014,-18.5614,0.177806,-0.0507275,-0.0631868

orb:1,1,4.88343,1.12926,2.5642,0,0,-2.57231ptc:431.494,0,1,-42.1144,-22.5823,14.7111,-0.172478,-0.0769405,0.0501225
431.494,1,1,42.1144,22.5823,-14.7111,0.172478,0.0769405,-0.0501225

orb:1,1,1.84922,1.05082,4.14353,0,0,-2.77636ptc:425.161,0,1,-46.7019,-9.61992,-15.0461,-0.185724,-0.0327109,-0.0511616
425.161,1,1,46.7019,9.61992,15.0461,0.185724,0.0327109,0.0511616

orb:1,1,2.66136,1.07238,3.84008,0,0,-2.70854ptc:426.966,0,1,-45.3844,-16.0686,-13.4928,-0.181893,-0.0546675,-0.0459045
426.966,1,1,45.3844,16.0686,13.4928,0.181893,0.0546675,0.0459045

orb:1,1,4.49152,1.11944,4.23249,0,0,-2.59285ptc:430.735,0,1,-42.659,-12.0412,-23.1348,-0.174036,-0.0410151,-0.0788027
430.735,1,1,42.659,12.0412,23.1348,0.174036,0.0410151,0.0788027

orb:1,1,5.56545,1.14616,1.28988,0,0,-2.5391ptc:432.776,0,1,-41.1961,7.8555,27.2244,-0.169859,0.0267766,0.0927985
432.776,1,1,41.1961,-7.8555,-27.2244,0.169859,-0.0267766,-0.0927985

orb:1,1,2.26788,1.06199,4.70346,0,0,-2.73958ptc:426.102,0,1,-46.0137,-0.174657,-19.5629,-0.18372,-0.000594055,-0.0665386
426.102,1,1,46.0137,0.174657,19.5629,0.18372,0.000594055,0.0665386

orb:1,1,2.36514,1.06457,4.49671,0,0,-2.73162ptc:426.317,0,1,-45.8566,-4.26509,-19.4674,-0.183263,-0.0145076,-0.066218
426.317,1,1,45.8566,4.26509,19.4674,0.183263,0.0145076,0.066218

orb:1,1,3.62645,1.09745,3.59365,0,0,-2.6428ptc:429.002,0,1,-43.908,-21.5157,-10.4479,-0.177625,-0.073246,-0.0355677
429.002,1,1,43.908,21.5157,10.4479,0.177625,0.073246,0.0355677

orb:1,1,4.18144,1.11161,3.72417,0,0,-2.60996ptc:430.124,0,1,-43.0991,-21.1659,-13.9454,-0.175299,-0.0720814,-0.0474915
430.124,1,1,43.0991,21.1659,13.9454,0.175299,0.0720814,0.0474915

orb:1,1,4.89913,1.12966,2.74396,0,0,-2.57151ptc:431.524,0,1,-42.0929,-24.8796,10.4496,-0.172416,-0.0847687,0.0356035
431.524,1,1,42.0929,24.8796,-10.4496,0.172416,0.0847687,-0.0356035

orb:1,1,1.23724,1.03428,3.3133,0,0,-2.8401ptc:423.74,0,1,-47.7447,-14.6289,-2.5369,-0.18877,-0.0497229,-0.00862282
423.74,1,1,47.7447,14.6289,2.5369,0.18877,0.0497229,0.00862282

orb:1,1,2.58266,1.07031,6.23309,0,0,-2.71451ptc:426.795,0,1,-45.509,20.6847,-1.03714,-0.182254,0.0703687,-0.00352832
426.795,1,1,45.509,-20.6847,1.03714,0.182254,-0.0703687,0.00352832

orb:1,1,0.227302,1.00639,0.189695,0,0,-3.01033ptc:421.275,0,1,-49.5698,6.42715,1.23404,-0.19413,0.0218312,0.00419166
421.275,1,1,49.5698,-6.42715,-1.23404,0.19413,-0.0218312,-0.00419166

orb:1,1,1.93071,1.053,3.97883,0,0,-2.76884ptc:425.346,0,1,-46.5664,-12.1912,-13.5256,-0.185329,-0.0414562,-0.045994
425.346,1,1,46.5664,12.1912,13.5256,0.185329,0.0414562,0.045994

orb:1,1,1.01564,1.02822,5.91373,0,0,-2.86751ptc:423.213,0,1,-48.1337,12.62,-4.88691,-0.189909,0.0428887,-0.016608
423.213,1,1,48.1337,-12.62,4.88691,0.189909,-0.0428887,0.016608

orb:1,1,2.71026,1.07366,5.51097,0,0,-2.70488ptc:427.072,0,1,-45.3073,15.1498,-14.7556,-0.181669,0.0515433,-0.0502023
427.072,1,1,45.3073,-15.1498,14.7556,0.181669,-0.0515433,0.0502023

orb:1,1,1.97215,1.05411,6.06084,0,0,-2.76509ptc:425.439,0,1,-46.4978,17.931,-4.05389,-0.185129,0.0609761,-0.0137857
425.439,1,1,46.4978,-17.931,4.05389,0.185129,-0.0609761,0.0137857

orb:1,1,3.06048,1.08282,3.88206,0,0,-2.67979ptc:427.822,0,1,-44.7626,-16.4445,-15.0294,-0.180092,-0.0559612,-0.0511456
427.822,1,1,44.7626,16.4445,15.0294,0.180092,0.0559612,0.0511456

orb:1,1,1.33643,1.03698,4.7055,0,0,-2.82872ptc:423.974,0,1,-47.5726,-0.106091,-15.3893,-0.188266,-0.000360622,-0.0523112
423.974,1,1,47.5726,0.106091,15.3893,0.188266,0.000360622,0.0523112

orb:1,1,1.74653,1.04806,2.79804,0,0,-2.7861ptc:424.926,0,1,-46.8738,-16.3855,5.86166,-0.186225,-0.0557124,0.0199302
424.926,1,1,46.8738,16.3855,-5.86166,0.186225,0.0557124,-0.0199302

orb:1,1,1.56888,1.04328,6.0154,0,0,-2.80378ptc:424.517,0,1,-47.1741,15.9807,-4.38469,-0.187101,0.0543296,-0.0149066
424.517,1,1,47.1741,-15.9807,4.38469,0.187101,-0.0543296,0.0149066

orb:1,1,1.98544,1.05447,2.03249,0,0,-2.7639ptc:425.469,0,1,-46.4758,-8.21397,16.5084,-0.185065,-0.0279327,0.0561389
425.469,1,1,46.4758,8.21397,-16.5084,0.185065,0.0279327,-0.0561389

orb:1,1,2.25168,1.06156,5.21292,0,0,-2.74092ptc:426.066,0,1,-46.04,9.35879,-17.1095,-0.183796,0.0318313,-0.0581931
426.066,1,1,46.04,-9.35879,17.1095,0.183796,-0.0318313,0.0581931

orb:1,1,0.851321,1.02371,6.00593,0,0,-2.89002ptc:422.817,0,1,-48.4262,11.9708,-3.40671,-0.190767,0.0406781,-0.0115763
422.817,1,1,48.4262,-11.9708,3.40671,0.190767,-0.0406781,0.0115763

orb:1,1,1.94057,1.05327,1.47353,0,0,-2.76794ptc:425.368,0,1,-46.5501,1.77245,18.1645,-0.185281,0.00602728,0.0617688
425.368,1,1,46.5501,-1.77245,-18.1645,0.185281,-0.00602728,-0.0617688

orb:1,1,3.61655,1.09719,1.17024,0,0,-2.64341ptc:428.982,0,1,-43.9227,9.31591,22.0002,-0.177668,0.0317139,0.0748948
428.982,1,1,43.9227,-9.31591,-22.0002,0.177668,-0.0317139,-0.0748948

orb:1,1,3.03808,1.08223,1.60774,0,0,-2.68134ptc:427.774,0,1,-44.7971,-0.820286,22.1934,-0.180192,-0.00279142,0.0755237
427.774,1,1,44.7971,0.820286,-22.1934,0.180192,0.00279142,-0.0755237

orb:1,1,3.65971,1.0983,2.72225,0,0,-2.64074ptc:429.07,0,1,-43.8588,-21.9284,9.77524,-0.177483,-0.0746524,0.0332786
429.07,1,1,43.8588,21.9284,-9.77524,0.177483,0.0746524,-0.0332786

orb:1,1,0.266929,1.00749,2.26342,0,0,-2.99943ptc:421.375,0,1,-49.4956,-4.52363,5.45177,-0.193912,-0.0153659,0.0185186
421.375,1,1,49.4956,4.52363,-5.45177,0.193912,0.0153659,-0.0185186

orb:1,1,3.3377,1.09001,3.76594,0,0,-2.66118ptc:428.405,0,1,-44.3402,-18.7481,-13.5077,-0.178872,-0.0638119,-0.0459756
428.405,1,1,44.3402,18.7481,13.5077,0.178872,0.0638119,0.0459756

orb:1,1,0.653978,1.01826,4.95784,0,0,-2.92043ptc:422.336,0,1,-48.7821,2.66525,-10.6396,-0.191812,0.00905561,-0.0361499
422.336,1,1,48.7821,-2.66525,10.6396,0.191812,-0.00905561,0.0361499

orb:1,1,0.382379,1.01072,5.92145,0,0,-2.97175ptc:421.664,0,1,-49.2806,7.90421,-2.99086,-0.193278,0.026851,-0.0101601
421.664,1,1,49.2806,-7.90421,2.99086,0.193278,-0.026851,0.0101601

orb:1,1,4.40023,1.11714,4.08586,0,0,-2.5978ptc:430.556,0,1,-42.7877,-15.1681,-20.9557,-0.174405,-0.0516631,-0.0713758
430.556,1,1,42.7877,15.1681,20.9557,0.174405,0.0516631,0.0713758

orb:1,1,3.27701,1.08844,2.0508,0,0,-2.66517ptc:428.278,0,1,-44.432,-10.5889,20.3389,-0.179137,-0.0360394,0.0692239
428.278,1,1,44.432,10.5889,-20.3389,0.179137,0.0360394,-0.0692239

orb:1,1,3.81502,1.10228,3.51485,0,0,-2.6313ptc:429.387,0,1,-43.63,-22.7401,-8.90546,-0.176825,-0.0774238,-0.0303206
429.387,1,1,43.63,22.7401,8.90546,0.176825,0.0774238,0.0303206

orb:1,1,3.20623,1.0866,2.44029,0,0,-2.66988ptc:428.129,0,1,-44.5396,-17.3586,14.6597,-0.179447,-0.0590774,0.0498921
428.129,1,1,44.5396,17.3586,-14.6597,0.179447,0.0590774,-0.0498921

orb:1,1,1.72257,1.04742,3.19712,0,0,-2.78842ptc:424.871,0,1,-46.9141,-17.2669,-0.959719,-0.186342,-0.0587083,-0.00326309
424.871,1,1,46.9141,17.2669,0.959719,0.186342,0.0587083,0.00326309

orb:1,1,4.55793,1.12111,2.55859,0,0,-2.58929ptc:430.865,0,1,-42.5658,-21.8993,14.442,-0.173769,-0.0745976,0.0491951
430.865,1,1,42.5658,21.8993,-14.442,0.173769,0.0745976,-0.0491951

orb:1,1,2.46263,1.06714,5.91179,0,0,-2.72384ptc:426.532,0,1,-45.7002,18.9023,-7.36192,-0.182809,0.0642998,-0.025043
426.532,1,1,45.7002,-18.9023,7.36192,0.182809,-0.0642998,0.025043

orb:1,1,4.59252,1.12198,5.74941,0,0,-2.58744ptc:430.932,0,1,-42.5174,22.651,-13.3867,-0.173631,0.0771597,-0.0456012
430.932,1,1,42.5174,-22.651,13.3867,0.173631,-0.0771597,0.0456012

orb:1,1,4.09209,1.10934,2.08218,0,0,-2.61505ptc:429.945,0,1,-43.2274,-12.2969,21.9129,-0.175667,-0.0418751,0.0746209
429.945,1,1,43.2274,12.2969,-21.9129,0.175667,0.0418751,-0.0746209

orb:1,1,1.06947,1.0297,2.16708,0,0,-2.86057ptc:423.342,0,1,-48.0386,-7.78725,11.4738,-0.189631,-0.0264656,0.0389947
423.342,1,1,48.0386,7.78725,-11.4738,0.189631,0.0264656,-0.0389947

orb:1,1,1.04,1.02889,4.69888,0,0,-2.86435ptc:423.271,0,1,-48.0906,-0.184853,-13.6842,-0.189783,-0.000628225,-0.046506
423.271,1,1,48.0906,0.184853,13.6842,0.189783,0.000628225,0.046506

orb:1,1,1.6538,1.04557,5.37258,0,0,-2.79519ptc:424.713,0,1,-47.0301,10.4106,-13.4086,-0.186681,0.035395,-0.0455878
424.713,1,1,47.0301,-10.4106,13.4086,0.186681,-0.035395,0.0455878

orb:1,1,1.06583,1.0296,2.06625,0,0,-2.86103ptc:423.333,0,1,-48.0451,-6.58221,12.1798,-0.189649,-0.0223702,0.041394
423.333,1,1,48.0451,6.58221,-12.1798,0.189649,0.0223702,-0.041394

orb:1,1,3.1628,1.08548,5.82852,0,0,-2.67281ptc:428.038,0,1,-44.6058,20.2953,-9.92068,-0.179639,0.0690702,-0.0337626
428.038,1,1,44.6058,-20.2953,9.92068,0.179639,-0.0690702,0.0337626

orb:1,1,2.13262,1.05839,1.18494,0,0,-2.75099ptc:425.8,0,1,-46.2339,7.16482,17.6378,-0.18436,0.0243672,0.0599854
425.8,1,1,46.2339,-7.16482,-17.6378,0.18436,-0.0243672,-0.0599854

orb:1,1,4.08013,1.10904,4.90945,0,0,-2.61573ptc:429.922,0,1,-43.2447,4.91389,-24.612,-0.175717,0.0167333,-0.0838117
429.922,1,1,43.2447,-4.91389,24.612,0.175717,-0.0167333,0.0838117

orb:1,1,3.84223,1.10298,1.96296,0,0,-2.62967ptc:429.442,0,1,-43.5902,-9.36087,22.6334,-0.17671,-0.0318717,0.0770617
429.442,1,1,43.5902,9.36087,-22.6334,0.17671,0.0318717,-0.0770617

orb:1,1,3.12643,1.08453,3.64296,0,0,-2.67527ptc:427.961,0,1,-44.6615,-19.7134,-10.8044,-0.1798,-0.0670883,-0.0367694
427.961,1,1,44.6615,19.7134,10.8044,0.1798,0.0670883,0.0367694

orb:1,1,5.56596,1.14617,1.78217,0,0,-2.53907ptc:432.777,0,1,-41.1955,-5.94496,27.7054,-0.169857,-0.0202643,0.0944381
432.777,1,1,41.1955,5.94496,-27.7054,0.169857,0.0202643,-0.0944381

orb:1,1,1.91789,1.05266,0.236132,0,0,-2.77001ptc:425.317,0,1,-46.5877,17.6507,4.24714,-0.185391,0.0600209,0.0144423
425.317,1,1,46.5877,-17.6507,-4.24714,0.185391,-0.0600209,-0.0144423

orb:1,1,3.51123,1.09449,5.67317,0,0,-2.65002ptc:428.765,0,1,-44.0795,19.3442,-13.5203,-0.17812,0.0658484,-0.0460237
428.765,1,1,44.0795,-19.3442,13.5203,0.17812,-0.0658484,0.0460237

orb:1,1,5.3216,1.14015,4.3443,0,0,-2.55063ptc:432.323,0,1,-41.5203,-10.0243,-25.9919,-0.170782,-0.0341638,-0.0885831
432.323,1,1,41.5203,10.0243,25.9919,0.170782,0.0341638,0.0885831

orb:1,1,4.0566,1.10844,1.70044,0,0,-2.61709ptc:429.874,0,1,-43.2786,-3.23714,24.829,-0.175814,-0.0110233,0.0845494
429.874,1,1,43.2786,3.23714,-24.829,0.175814,0.0110233,-0.0845494

orb:1,1,0.018817,1.00053,3.44475,0,0,-3.1037ptc:420.746,0,1,-49.9641,-1.80791,-0.565521,-0.195293,-0.00614009,-0.00192065
420.746,1,1,49.9641,1.80791,0.565521,0.195293,0.00614009,0.00192065

orb:1,1,2.67858,1.07283,4.53413,0,0,-2.70725ptc:427.003,0,1,-45.3572,-3.73097,-20.7075,-0.181814,-0.0126934,-0.0704506
427.003,1,1,45.3572,3.73097,20.7075,0.181814,0.0126934,0.0704506

orb:1,1,0.744058,1.02075,2.02087,0,0,-2.90602ptc:422.556,0,1,-48.619,-5.07696,10.508,-0.191333,-0.0172508,0.0357047
422.556,1,1,48.619,5.07696,-10.508,0.191333,0.0172508,-0.0357047

orb:1,1,2.38876,1.06519,4.42147,0,0,-2.72972ptc:426.369,0,1,-45.8186,-5.74144,-19.1753,-0.183153,-0.0195297,-0.0652253
426.369,1,1,45.8186,5.74144,19.1753,0.183153,0.0195297,0.0652253

orb:1,1,2.63925,1.0718,3.19084,0,0,-2.71021ptc:426.918,0,1,-45.4193,-20.8812,-1.02926,-0.181994,-0.0710397,-0.00350164
426.918,1,1,45.4193,20.8812,1.02926,0.181994,0.0710397,0.00350164

orb:1,1,2.31681,1.06329,2.56168,0,0,-2.73555ptc:426.21,0,1,-45.9345,-16.5201,10.8214,-0.18349,-0.056191,0.0368077
426.21,1,1,45.9345,16.5201,-10.8214,0.18349,0.056191,-0.0368077

orb:1,1,4.19924,1.11206,4.30353,0,0,-2.60896ptc:430.159,0,1,-43.0736,-10.0941,-23.2975,-0.175225,-0.0343763,-0.0793417
430.159,1,1,43.0736,10.0941,23.2975,0.175225,0.0343763,0.0793417

orb:1,1,4.63261,1.12299,0.588009,0,0,-2.58532ptc:431.01,0,1,-42.4615,21.967,14.6449,-0.173471,0.0748319,0.0498886
431.01,1,1,42.4615,-21.967,-14.6449,0.173471,-0.0748319,-0.0498886

orb:1,1,4.1728,1.11139,2.43045,0,0,-2.61045ptc:430.106,0,1,-43.1115,-19.1874,16.5302,-0.175334,-0.065343,0.0562939
430.106,1,1,43.1115,19.1874,-16.5302,0.175334,0.065343,-0.0562939

orb:1,1,3.71604,1.09975,4.13795,0,0,-2.63729ptc:429.186,0,1,-43.7755,-13.1276,-20.2822,-0.177244,-0.0446931,-0.0690507
429.186,1,1,43.7755,13.1276,20.2822,0.177244,0.0446931,0.0690507

orb:1,1,4.11264,1.10986,0.220661,0,0,-2.61387ptc:429.987,0,1,-43.1979,24.5678,5.51089,-0.175582,0.0836628,0.0187667
429.987,1,1,43.1979,-24.5678,-5.51089,0.175582,-0.0836628,-0.0187667

orb:1,1,1.86141,1.05115,2.80815,0,0,-2.77522ptc:425.188,0,1,-46.6816,-16.9251,5.86245,-0.185664,-0.0575512,0.0199344
425.188,1,1,46.6816,16.9251,-5.86245,0.185664,0.0575512,-0.0199344

orb:1,1,1.69335,1.04663,3.4275,0,0,-2.79128ptc:424.804,0,1,-46.9633,-16.4629,-4.83947,-0.186486,-0.0559736,-0.0164541
424.804,1,1,46.9633,16.4629,4.83947,0.186486,0.0559736,0.0164541

orb:1,1,0.194707,1.00547,1.98578,0,0,-3.02004ptc:421.193,0,1,-49.6311,-2.44435,5.54821,-0.194311,-0.00830259,0.0188453
421.193,1,1,49.6311,2.44435,-5.54821,0.194311,0.00830259,-0.0188453

orb:1,1,0.776891,1.02166,4.96699,0,0,-2.901ptc:422.636,0,1,-48.5598,3.0007,-11.53,-0.191159,0.0101962,-0.0391782
422.636,1,1,48.5598,-3.0007,11.53,0.191159,-0.0101962,0.0391782

orb:1,1,0.151052,1.00425,0.170025,0,0,-3.03445ptc:421.082,0,1,-49.7133,5.26962,0.904703,-0.194553,0.0178985,0.00307286
421.082,1,1,49.7133,-5.26962,-0.904703,0.194553,-0.0178985,-0.00307286

orb:1,1,2.99981,1.08124,2.57819,0,0,-2.68401ptc:427.693,0,1,-44.8561,-18.6751,11.797,-0.180363,-0.0635495,0.0401439
427.693,1,1,44.8561,18.6751,-11.797,0.180363,0.0635495,-0.0401439

orb:1,1,0.544946,1.01524,1.34802,0,0,-2.93936ptc:422.068,0,1,-48.981,2.2189,9.79473,-0.192397,0.00753854,0.0332768
422.068,1,1,48.981,-2.2189,-9.79473,0.192397,-0.00753854,-0.0332768

orb:1,1,4.57322,1.1215,3.82719,0,0,-2.58847ptc:430.895,0,1,-42.5444,-20.332,-16.6308,-0.173708,-0.0692594,-0.0566513
430.895,1,1,42.5444,20.332,16.6308,0.173708,0.0692594,0.0566513

orb:1,1,1.95493,1.05365,5.6287,0,0,-2.76664ptc:425.4,0,1,-46.5263,14.5274,-11.1471,-0.185212,0.0494014,-0.0379063
425.4,1,1,46.5263,-14.5274,11.1471,0.185212,-0.0494014,0.0379063

orb:1,1,3.07312,1.08315,1.04855,0,0,-2.67892ptc:427.848,0,1,-44.7432,11.1323,19.3421,-0.180036,0.0378838,0.0658224
427.848,1,1,44.7432,-11.1323,-19.3421,0.180036,-0.0378838,-0.0658224

orb:1,1,5.58369,1.14661,0.354569,0,0,-2.53825ptc:432.81,0,1,-41.1721,26.6053,9.84968,-0.169791,0.0906893,0.0335745
432.81,1,1,41.1721,-26.6053,-9.84968,0.169791,-0.0906893,-0.0335745

orb:1,1,2.96371,1.0803,6.12459,0,0,-2.68654ptc:427.616,0,1,-44.9119,21.6997,-3.47056,-0.180524,0.07384,-0.0118097
427.616,1,1,44.9119,-21.6997,3.47056,0.180524,-0.07384,0.0118097

orb:1,1,3.7127,1.09966,6.20734,0,0,-2.63749ptc:429.179,0,1,-43.7805,24.0816,-1.83001,-0.177258,0.0819855,-0.00623025
429.179,1,1,43.7805,-24.0816,1.83001,0.177258,-0.0819855,0.00623025

orb:1,1,4.16609,1.11122,5.13385,0,0,-2.61083ptc:430.093,0,1,-43.1211,10.3539,-23.0948,-0.175362,0.0352603,-0.0786495
430.093,1,1,43.1211,-10.3539,23.0948,0.175362,-0.0352603,0.0786495

orb:1,1,0.180895,1.00508,2.64544,0,0,-3.0244ptc:421.158,0,1,-49.6571,-5.14117,2.78302,-0.194387,-0.0174626,0.00945281
421.158,1,1,49.6571,5.14117,-2.78302,0.194387,0.0174626,-0.00945281

orb:1,1,2.06722,1.05665,3.62811,0,0,-2.75666ptc:425.654,0,1,-46.3411,-16.5965,-8.77829,-0.184672,-0.0564415,-0.0298533
425.654,1,1,46.3411,16.5965,8.77829,0.184672,0.0564415,0.0298533

orb:1,1,4.93717,1.1306,0.971069,0,0,-2.56958ptc:431.597,0,1,-42.0407,15.2766,22.3428,-0.172267,0.0520511,0.0761274
431.597,1,1,42.0407,-15.2766,-22.3428,0.172267,-0.0520511,-0.0761274

orb:1,1,5.53032,1.14529,4.7703,0,0,-2.54074ptc:432.711,0,1,-41.2426,1.63613,-28.2201,-0.169991,0.00557685,-0.0961902
432.711,1,1,41.2426,-1.63613,28.2201,0.169991,-0.00557685,0.0961902

orb:1,1,2.95108,1.07997,5.56317,0,0,-2.68743ptc:427.589,0,1,-44.9315,16.491,-14.4642,-0.180581,0.0561153,-0.0492185
427.589,1,1,44.9315,-16.491,14.4642,0.180581,-0.0561153,0.0492185

orb:1,1,2.50606,1.06829,5.96576,0,0,-2.72043ptc:426.627,0,1,-45.6308,19.4197,-6.38009,-0.182608,0.0660617,-0.0217037
426.627,1,1,45.6308,-19.4197,6.38009,0.182608,-0.0660617,0.0217037

orb:1,1,0.513529,1.01437,3.95068,0,0,-2.94518ptc:421.99,0,1,-49.0386,-6.73435,-7.06125,-0.192566,-0.0228789,-0.0239895
421.99,1,1,49.0386,6.73435,7.06125,0.192566,0.0228789,0.0239895

orb:1,1,2.39767,1.06543,5.97631,0,0,-2.729ptc:426.389,0,1,-45.8043,19.1125,-6.05644,-0.183111,0.065012,-0.0206013
426.389,1,1,45.8043,-19.1125,6.05644,0.183111,-0.065012,0.0206013

orb:1,1,4.99279,1.13199,1.55622,0,0,-2.56678ptc:431.703,0,1,-41.9647,0.3961,27.181,-0.17205,0.00134966,0.0926156
431.703,1,1,41.9647,-0.3961,-27.181,0.17205,-0.00134966,-0.0926156

orb:1,1,2.34942,1.06415,3.25054,0,0,-2.73289ptc:426.283,0,1,-45.8819,-19.753,-2.16061,-0.183337,-0.0671886,-0.00734919
426.283,1,1,45.8819,19.753,2.16061,0.183337,0.0671886,0.00734919

orb:1,1,4.80578,1.12732,5.62623,0,0,-2.57629ptc:431.345,0,1,-42.2213,21.2087,-16.3571,-0.172783,0.0722568,-0.0557276
431.345,1,1,42.2213,-21.2087,16.3571,0.172783,-0.0722568,0.0557276

orb:1,1,2.01981,1.05539,2.55318,0,0,-2.76083ptc:425.547,0,1,-46.4191,-15.4563,10.3134,-0.1849,-0.0525624,0.0350728
425.547,1,1,46.4191,15.4563,-10.3134,0.1849,0.0525624,-0.0350728

orb:1,1,0.83205,1.02318,3.24619,0,0,-2.89281ptc:422.77,0,1,-48.4607,-12.2437,-1.28535,-0.190868,-0.0416049,-0.0043677
422.77,1,1,48.4607,12.2437,1.28535,0.190868,0.0416049,0.0043677

orb:1,1,1.90616,1.05235,5.08875,0,0,-2.77108ptc:425.29,0,1,-46.6072,6.654,-16.8373,-0.185447,0.0226266,-0.0572545
425.29,1,1,46.6072,-6.654,16.8373,0.185447,-0.0226266,0.0572545

orb:1,1,0.440373,1.01233,1.36884,0,0,-2.9595ptc:421.808,0,1,-49.1733,1.81622,8.87056,-0.192963,0.00617004,0.0301349
421.808,1,1,49.1733,-1.81622,-8.87056,0.192963,-0.00617004,-0.0301349

orb:1,1,2.86526,1.07772,5.45188,0,0,-2.69354ptc:427.405,0,1,-45.0647,14.5972,-16.0029,-0.180966,0.0496683,-0.0544514
427.405,1,1,45.0647,-14.5972,16.0029,0.180966,-0.0496683,0.0544514

orb:1,1,1.33282,1.03688,1.10551,0,0,-2.82912ptc:423.966,0,1,-47.5789,6.89635,13.7364,-0.188284,0.0234419,0.0466925
423.966,1,1,47.5789,-6.89635,-13.7364,0.188284,-0.0234419,-0.0466925

orb:1,1,2.13409,1.05843,0.833505,0,0,-2.75086ptc:425.804,0,1,-46.2315,12.8026,14.0976,-0.184353,0.043541,0.0479455
425.804,1,1,46.2315,-12.8026,-14.0976,0.184353,-0.043541,-0.0479455

orb:1,1,4.48151,1.11919,1.3189,0,0,-2.59339ptc:430.716,0,1,-42.6731,6.49467,25.2355,-0.174077,0.0221222,0.0859574
430.716,1,1,42.6731,-6.49467,-25.2355,0.174077,-0.0221222,-0.0859574

orb:1,1,5.54771,1.14572,0.9944,0,0,-2.53992ptc:432.743,0,1,-41.2196,15.4242,23.7285,-0.169926,0.0525751,0.0808811
432.743,1,1,41.2196,-15.4242,-23.7285,0.169926,-0.0525751,-0.0808811

orb:1,1,3.49538,1.09408,5.38712,0,0,-2.65102ptc:428.732,0,1,-44.1032,14.7153,-18.3947,-0.178188,0.0500911,-0.0626157
428.732,1,1,44.1032,-14.7153,18.3947,0.178188,-0.0500911,0.0626157

orb:1,1,1.34981,1.03734,2.5122,0,0,-2.82722ptc:424.006,0,1,-47.5495,-12.4984,9.10123,-0.188199,-0.0424846,0.030937
424.006,1,1,47.5495,12.4984,-9.10123,0.188199,0.0424846,-0.030937

orb:1,1,3.04182,1.08233,4.73352,0,0,-2.68108ptc:427.782,0,1,-44.7914,0.469514,-22.2152,-0.180175,0.00159775,-0.0755981
427.782,1,1,44.7914,-0.469514,22.2152,0.180175,-0.00159775,0.0755981

orb:1,1,1.65053,1.04548,2.52328,0,0,-2.79552ptc:424.705,0,1,-47.0356,-13.8203,9.83121,-0.186697,-0.0469873,0.0334249
424.705,1,1,47.0356,13.8203,-9.83121,0.186697,0.0469873,-0.0334249

orb:1,1,1.58035,1.04359,2.80734,0,0,-2.8026ptc:424.543,0,1,-47.1546,-15.7065,5.4546,-0.187044,-0.0533978,0.0185441
424.543,1,1,47.1546,15.7065,-5.4546,0.187044,0.0533978,-0.0185441

orb:1,1,1.01884,1.02831,0.563309,0,0,-2.86709ptc:423.221,0,1,-48.128,11.4593,7.23731,-0.189893,0.038944,0.0245958
423.221,1,1,48.128,-11.4593,-7.23731,0.189893,-0.038944,-0.0245958

orb:1,1,0.870914,1.02425,1.06043,0,0,-2.88722ptc:422.864,0,1,-48.3911,6.14619,10.9784,-0.190664,0.0208856,0.0373062
422.864,1,1,48.3911,-6.14619,-10.9784,0.190664,-0.0208856,-0.0373062

orb:1,1,0.310365,1.00871,2.15284,0,0,-2.98841ptc:421.484,0,1,-49.4145,-4.19415,6.37312,-0.193673,-0.0142471,0.0216488
421.484,1,1,49.4145,4.19415,-6.37312,0.193673,0.0142471,-0.0216488

orb:1,1,5.06199,1.13371,5.74574,0,0,-2.56332ptc:431.834,0,1,-41.8705,23.476,-13.9908,-0.171781,0.0799949,-0.0476738
431.834,1,1,41.8705,-23.476,13.9908,0.171781,-0.0799949,0.0476738

orb:1,1,2.54993,1.06945,4.95454,0,0,-2.71703ptc:426.723,0,1,-45.5609,4.93888,-19.9952,-0.182405,0.0168015,-0.0680215
426.723,1,1,45.5609,-4.93888,19.9952,0.182405,-0.0168015,0.0680215

orb:1,1,0.625859,1.01748,2.35263,0,0,-2.92514ptc:422.267,0,1,-48.8333,-7.56604,7.62025,-0.191963,-0.0257064,0.0258905
422.267,1,1,48.8333,7.56604,-7.62025,0.191963,0.0257064,-0.0258905

orb:1,1,5.59902,1.14698,2.71414,0,0,-2.53753ptc:432.838,0,1,-41.1519,-25.8441,11.7731,-0.169733,-0.0880954,0.0401311
432.838,1,1,41.1519,25.8441,-11.7731,0.169733,0.0880954,-0.0401311

orb:1,1,2.52573,1.06881,3.8944,0,0,-2.7189ptc:426.67,0,1,-45.5995,-14.9681,-14.023,-0.182517,-0.0509191,-0.0477039
426.67,1,1,45.5995,14.9681,14.023,0.182517,0.0509191,0.0477039

orb:1,1,1.64761,1.0454,3.67225,0,0,-2.79581ptc:424.699,0,1,-47.0405,-14.6161,-8.57662,-0.186711,-0.0496928,-0.0291594
424.699,1,1,47.0405,14.6161,8.57662,0.186711,0.0496928,0.0291594

orb:1,1,4.3463,1.11578,5.89738,0,0,-2.60076ptc:430.45,0,1,-42.8641,23.8502,-9.68701,-0.174624,0.0812318,-0.0329931
430.45,1,1,42.8641,-23.8502,9.68701,0.174624,-0.0812318,0.0329931

orb:1,1,0.359828,1.01009,1.34756,0,0,-2.97678ptc:421.608,0,1,-49.3225,1.8161,7.99982,-0.193402,0.0061693,0.0271754
421.608,1,1,49.3225,-1.8161,-7.99982,0.193402,-0.0061693,-0.0271754

orb:1,1,1.7447,1.04801,1.15467,0,0,-2.78628ptc:424.922,0,1,-46.8769,7.03101,15.9098,-0.186234,0.0239061,0.0540949
424.922,1,1,46.8769,-7.03101,-15.9098,0.186234,-0.0239061,-0.0540949

orb:1,1,3.97916,1.10647,3.50691,0,0,-2.62158ptc:429.719,0,1,-43.3907,-23.205,-8.87557,-0.176136,-0.0790151,-0.0302221
429.719,1,1,43.3907,23.205,8.87557,0.176136,0.0790151,0.0302221

orb:1,1,2.46962,1.06733,5.58247,0,0,-2.72329ptc:426.547,0,1,-45.689,15.525,-13.0955,-0.182777,0.0528115,-0.044547
426.547,1,1,45.689,-15.525,13.0955,0.182777,-0.0528115,0.044547

orb:1,1,3.5167,1.09463,0.0525912,0,0,-2.64967ptc:428.776,0,1,-44.0714,23.5834,1.24142,-0.178096,0.080279,0.00422586
428.776,1,1,44.0714,-23.5834,-1.24142,0.178096,-0.080279,-0.00422586

orb:1,1,5.12641,1.13531,0.676709,0,0,-2.56013ptc:431.956,0,1,-41.7831,21.4106,17.1977,-0.171532,0.0729601,0.058604
431.956,1,1,41.7831,-21.4106,-17.1977,0.171532,-0.0729601,-0.058604

orb:1,1,0.0755057,1.00213,5.58207,0,0,-3.06575ptc:420.89,0,1,-49.8563,2.8948,-2.44376,-0.194975,0.00983181,-0.00829993
420.89,1,1,49.8563,-2.8948,2.44376,0.194975,-0.00983181,0.00829993

orb:1,1,2.44824,1.06676,3.83634,0,0,-2.72498ptc:426.5,0,1,-45.7232,-15.5436,-12.9532,-0.182876,-0.0528742,-0.0440624
426.5,1,1,45.7232,15.5436,12.9532,0.182876,0.0528742,0.0440624

orb:1,1,2.0605,1.05647,1.04265,0,0,-2.75724ptc:425.639,0,1,-46.3522,9.44761,16.1932,-0.184705,0.0321294,0.0550698
425.639,1,1,46.3522,-9.44761,-16.1932,0.184705,-0.0321294,-0.0550698

orb:1,1,3.06932,1.08305,2.85859,0,0,-2.67919ptc:427.84,0,1,-44.7491,-21.4179,6.22857,-0.180053,-0.0728863,0.0211961
427.84,1,1,44.7491,21.4179,-6.22857,0.180053,0.0728863,-0.0211961

orb:1,1,2.7485,1.07467,0.307051,0,0,-2.70205ptc:427.154,0,1,-45.2473,20.2813,6.43078,-0.181495,0.0690037,0.0218797
427.154,1,1,45.2473,-20.2813,-6.43078,0.181495,-0.0690037,-0.0218797

orb:1,1,1.01788,1.02828,4.22145,0,0,-2.86722ptc:423.218,0,1,-48.1297,-6.38692,-11.9472,-0.189898,-0.0217058,-0.0406023
423.218,1,1,48.1297,6.38692,11.9472,0.189898,0.0217058,0.0406023

orb:1,1,1.60093,1.04414,0.495782,0,0,-2.80051ptc:424.591,0,1,-47.1196,14.7117,7.95664,-0.186942,0.0500163,0.0270508
424.591,1,1,47.1196,-14.7117,-7.95664,0.186942,-0.0500163,-0.0270508

orb:1,1,1.51033,1.04169,0.616153,0,0,-2.80985ptc:424.381,0,1,-47.2738,13.2899,9.41079,-0.187393,0.0451799,0.0319926
424.381,1,1,47.2738,-13.2899,-9.41079,0.187393,-0.0451799,-0.0319926

orb:1,1,1.07327,1.0298,6.166,0,0,-2.86009ptc:423.351,0,1,-48.0319,13.7948,-1.624,-0.189611,0.0468828,-0.00551933
423.351,1,1,48.0319,-13.7948,1.624,0.189611,-0.0468828,0.00551933

orb:1,1,3.36079,1.09061,1.64494,0,0,-2.65967ptc:428.453,0,1,-44.3053,-1.71663,23.1104,-0.178771,-0.00584289,0.0786611
428.453,1,1,44.3053,1.71663,-23.1104,0.178771,0.00584289,-0.0786611

orb:1,1,5.54098,1.14556,3.72505,0,0,-2.54024ptc:432.731,0,1,-41.2285,-23.6082,-15.5842,-0.169951,-0.0804708,-0.0531201
432.731,1,1,41.2285,23.6082,15.5842,0.169951,0.0804708,0.0531201

orb:1,1,5.63437,1.14785,1.62863,0,0,-2.5359ptc:432.903,0,1,-41.1053,-1.6454,28.4191,-0.169601,-0.00560886,0.096875
432.903,1,1,41.1053,1.6454,-28.4191,0.169601,0.00560886,-0.096875

orb:1,1,5.3288,1.14032,5.66413,0,0,-2.55029ptc:432.336,0,1,-41.5107,22.7,-16.1733,-0.170755,0.0773644,-0.0551204
432.336,1,1,41.5107,-22.7,16.1733,0.170755,-0.0773644,0.0551204

orb:1,1,1.93481,1.05311,0.758635,0,0,-2.76847ptc:425.355,0,1,-46.5596,13.2283,12.5385,-0.185309,0.0449829,0.0426374
425.355,1,1,46.5596,-13.2283,-12.5385,0.185309,-0.0449829,-0.0426374

orb:1,1,3.02992,1.08202,4.01816,0,0,-2.68191ptc:427.757,0,1,-44.8097,-14.1927,-17.0488,-0.180228,-0.0482971,-0.0580165
427.757,1,1,44.8097,14.1927,17.0488,0.180228,0.0482971,0.0580165

orb:1,1,4.48366,1.11924,1.3024,0,0,-2.59327ptc:430.72,0,1,-42.6701,6.91139,25.1296,-0.174068,0.0235417,0.0855971
430.72,1,1,42.6701,-6.91139,-25.1296,0.174068,-0.0235417,-0.0855971

orb:1,1,5.61928,1.14748,5.10641,0,0,-2.5366ptc:432.875,0,1,-41.1252,10.9174,-26.2589,-0.169658,0.037215,-0.0895104
432.875,1,1,41.1252,-10.9174,26.2589,0.169658,-0.037215,0.0895104

orb:1,1,0.778228,1.0217,2.12058,0,0,-2.90079ptc:422.639,0,1,-48.5574,-6.2303,10.1667,-0.191152,-0.0211702,0.0345459
422.639,1,1,48.5574,6.2303,-10.1667,0.191152,0.0211702,-0.0345459

orb:1,1,2.13725,1.05852,0.354252,0,0,-2.75059ptc:425.811,0,1,-46.2263,17.8726,6.61025,-0.184338,0.0607841,0.0224813
425.811,1,1,46.2263,-17.8726,-6.61025,0.184338,-0.0607841,-0.0224813

orb:1,1,5.63292,1.14782,2.80231,0,0,-2.53597ptc:432.9,0,1,-41.1073,-26.8413,9.47296,-0.169606,-0.0914967,0.0322914
432.9,1,1,41.1073,26.8413,-9.47296,0.169606,0.0914967,-0.0322914

orb:1,1,3.24436,1.08759,3.26159,0,0,-2.66733ptc:428.209,0,1,-44.4816,-22.6698,-2.73345,-0.17928,-0.0771553,-0.00930316
428.209,1,1,44.4816,22.6698,2.73345,0.17928,0.0771553,0.00930316

orb:1,1,4.45745,1.11858,1.95564,0,0,-2.59469ptc:430.669,0,1,-42.7069,-9.76156,24.1004,-0.174174,-0.0332494,0.0820898
430.669,1,1,42.7069,9.76156,-24.1004,0.174174,0.0332494,-0.0820898

orb:1,1,1.04297,1.02897,1.22801,0,0,-2.86396ptc:423.278,0,1,-48.0854,4.60609,12.9065,-0.189768,0.0156539,0.0438632
423.278,1,1,48.0854,-4.60609,-12.9065,0.189768,-0.0156539,-0.0438632

orb:1,1,5.33396,1.14045,5.44955,0,0,-2.55004ptc:432.346,0,1,-41.5037,18.7423,-20.6438,-0.170735,0.0638761,-0.0703567
432.346,1,1,41.5037,-18.7423,20.6438,0.170735,-0.0638761,0.0703567

orb:1,1,4.30185,1.11466,0.883053,0,0,-2.60322ptc:430.362,0,1,-42.9272,16.2742,19.8092,-0.174805,0.055427,0.0674664
430.362,1,1,42.9272,-16.2742,-19.8092,0.174805,-0.055427,-0.0674664

orb:1,1,1.39967,1.0387,0.611551,0,0,-2.82171ptc:424.123,0,1,-47.4636,12.8733,9.02714,-0.187947,0.0437604,0.0306861
424.123,1,1,47.4636,-12.8733,-9.02714,0.187947,-0.0437604,-0.0306861

orb:1,1,4.32236,1.11517,2.99231,0,0,-2.60208ptc:430.403,0,1,-42.898,-25.4001,3.82025,-0.174722,-0.086509,0.0130112
430.403,1,1,42.898,25.4001,-3.82025,0.174722,0.086509,-0.0130112

orb:1,1,3.00588,1.0814,3.39723,0,0,-2.68358ptc:427.706,0,1,-44.8467,-21.3897,-5.59023,-0.180336,-0.0727872,-0.019023
427.706,1,1,44.8467,21.3897,5.59023,0.180336,0.0727872,0.019023

orb:1,1,4.11363,1.10989,0.267462,0,0,-2.61382ptc:429.989,0,1,-43.1964,24.2854,6.65486,-0.175578,0.0827013,0.0226624
429.989,1,1,43.1964,-24.2854,-6.65486,0.175578,-0.0827013,-0.0226624

orb:1,1,0.390885,1.01096,2.33135,0,0,-2.9699ptc:421.685,0,1,-49.2648,-5.88857,6.18872,-0.193232,-0.0200039,0.0210235
421.685,1,1,49.2648,5.88857,-6.18872,0.193232,0.0200039,-0.0210235

orb:1,1,3.55997,1.09574,2.15725,0,0,-2.64695ptc:428.865,0,1,-44.0068,-13.1357,19.77,-0.17791,-0.0447159,0.0673
428.865,1,1,44.0068,13.1357,-19.77,0.17791,0.0447159,-0.0673

orb:1,1,3.16901,1.08564,5.81338,0,0,-2.67239ptc:428.051,0,1,-44.5964,20.1594,-10.2354,-0.179611,0.0686081,-0.0348338
428.051,1,1,44.5964,-20.1594,10.2354,0.179611,-0.0686081,0.0348338

orb:1,1,0.698087,1.01948,6.09355,0,0,-2.91325ptc:422.444,0,1,-48.7021,11.1155,-2.13348,-0.191577,0.0377677,-0.00724904
422.444,1,1,48.7021,-11.1155,2.13348,0.191577,-0.0377677,0.00724904

orb:1,1,1.46341,1.04042,4.74009,0,0,-2.81482ptc:424.272,0,1,-47.3541,0.444471,-16.0434,-0.187627,0.00151096,-0.0545391
424.272,1,1,47.3541,-0.444471,16.0434,0.187627,-0.00151096,0.0545391

orb:1,1,1.40374,1.03881,3.54333,0,0,-2.82126ptc:424.132,0,1,-47.4565,-14.4906,-6.15625,-0.187927,-0.0492583,-0.0209271
424.132,1,1,47.4565,14.4906,6.15625,0.187927,0.0492583,0.0209271

orb:1,1,1.58218,1.04364,3.06142,0,0,-2.80242ptc:424.547,0,1,-47.1515,-16.5821,1.33229,-0.187035,-0.0563746,0.00452941
424.547,1,1,47.1515,16.5821,-1.33229,0.187035,0.0563746,-0.00452941

orb:1,1,5.13293,1.13547,1.80948,0,0,-2.55981ptc:431.968,0,1,-41.7742,-6.49595,26.6967,-0.171507,-0.0221361,0.0909738
431.968,1,1,41.7742,6.49595,-26.6967,0.171507,0.0221361,-0.0909738

orb:1,1,0.735585,1.02052,4.3328,0,0,-2.90733ptc:422.536,0,1,-48.6343,-4.30057,-10.7801,-0.191378,-0.0146127,-0.0366292
422.536,1,1,48.6343,4.30057,10.7801,0.191378,0.0146127,0.0366292

orb:1,1,2.16386,1.05923,2.75093,0,0,-2.74831ptc:425.87,0,1,-46.1829,-17.7173,7.29643,-0.184212,-0.0602571,0.0248153
425.87,1,1,46.1829,17.7173,-7.29643,0.184212,0.0602571,-0.0248153

orb:1,1,5.00477,1.13229,1.04925,0,0,-2.56618ptc:431.725,0,1,-41.9483,13.5563,23.5916,-0.172004,0.0461915,0.0803858
431.725,1,1,41.9483,-13.5563,-23.5916,0.172004,-0.0461915,-0.0803858

orb:1,1,5.2694,1.13886,0.5027,0,0,-2.55315ptc:432.225,0,1,-41.5903,24.3198,13.3714,-0.170982,0.0828817,0.0455695
432.225,1,1,41.5903,-24.3198,-13.3714,0.170982,-0.0828817,-0.0455695

orb:1,1,3.7045,1.09945,4.9811,0,0,-2.63799ptc:429.162,0,1,-43.7926,6.406,-23.2632,-0.177293,0.0218091,-0.0791988
429.162,1,1,43.7926,-6.406,23.2632,0.177293,-0.0218091,0.0791988

orb:1,1,5.19382,1.13698,5.46808,0,0,-2.55682ptc:432.083,0,1,-41.692,18.928,-20.0876,-0.171272,0.0645031,-0.0684547
432.083,1,1,41.692,-18.928,20.0876,0.171272,-0.0645031,0.0684547

orb:1,1,4.54337,1.12075,4.53569,0,0,-2.59006ptc:430.837,0,1,-42.5862,-4.60526,-25.7916,-0.173828,-0.0156872,-0.0878553
430.837,1,1,42.5862,4.60526,25.7916,0.173828,0.0156872,0.0878553

orb:1,1,3.23028,1.08723,1.92129,0,0,-2.66827ptc:428.18,0,1,-44.503,-7.82606,21.4065,-0.179342,-0.0266353,0.0728551
428.18,1,1,44.503,7.82606,-21.4065,0.179342,0.0266353,-0.0728551

orb:1,1,1.82358,1.05013,1.07735,0,0,-2.77876ptc:425.102,0,1,-46.7448,8.40573,15.6292,-0.185848,0.0285817,0.0531435
425.102,1,1,46.7448,-8.40573,-15.6292,0.185848,-0.0285817,-0.0531435

orb:1,1,1.12735,1.03128,0.984112,0,0,-2.85332ptc:423.48,0,1,-47.9368,7.86932,11.8378,-0.189332,0.0267456,0.0402332
423.48,1,1,47.9368,-7.86932,-11.8378,0.189332,-0.0267456,-0.0402332

orb:1,1,2.87244,1.07791,4.59363,0,0,-2.69303ptc:427.421,0,1,-45.0536,-2.56906,-21.5308,-0.180934,-0.00874152,-0.0732611
427.421,1,1,45.0536,2.56906,21.5308,0.180934,0.00874152,0.0732611

orb:1,1,1.53798,1.04244,6.08774,0,0,-2.80697ptc:424.445,0,1,-47.2267,16.1082,-3.18897,-0.187255,0.0547618,-0.0108413
424.445,1,1,47.2267,-16.1082,3.18897,0.187255,-0.0547618,0.0108413

orb:1,1,2.45459,1.06693,0.579582,0,0,-2.72448ptc:426.514,0,1,-45.713,16.9483,11.0939,-0.182846,0.0576526,0.0377377
426.514,1,1,45.713,-16.9483,-11.0939,0.182846,-0.0576526,-0.0377377

orb:1,1,3.89431,1.1043,3.44801,0,0,-2.62657ptc:429.548,0,1,-43.5141,-23.4805,-7.42876,-0.176491,-0.0799488,-0.0252942
429.548,1,1,43.5141,23.4805,7.42876,0.176491,0.0799488,0.0252942

orb:1,1,2.07773,1.05693,6.03582,0,0,-2.75574ptc:425.677,0,1,-46.3239,18.2448,-4.60746,-0.184622,0.0620475,-0.0156692
425.677,1,1,46.3239,-18.2448,4.60746,0.184622,-0.0620475,0.0156692

orb:1,1,2.22531,1.06086,4.8575,0,0,-2.74312ptc:426.007,0,1,-46.0828,2.80542,-19.1965,-0.183921,0.00954169,-0.0652905
426.007,1,1,46.0828,-2.80542,19.1965,0.183921,-0.00954169,0.0652905

orb:1,1,3.21045,1.08671,3.7698,0,0,-2.6696ptc:428.138,0,1,-44.5332,-18.393,-13.3603,-0.179429,-0.062598,-0.0454699
428.138,1,1,44.5332,18.393,13.3603,0.179429,0.062598,0.0454699

orb:1,1,3.88184,1.10399,2.75132,0,0,-2.62731ptc:429.523,0,1,-43.5323,-22.746,9.35716,-0.176544,-0.0774473,0.0318599
429.523,1,1,43.5323,22.746,-9.35716,0.176544,0.0774473,-0.0318599

orb:1,1,3.23081,1.08724,1.25382,0,0,-2.66824ptc:428.181,0,1,-44.5022,7.10461,21.6583,-0.179339,0.0241799,0.073712
428.181,1,1,44.5022,-7.10461,-21.6583,0.179339,-0.0241799,-0.073712

orb:1,1,5.31089,1.13988,0.500664,0,0,-2.55115ptc:432.303,0,1,-41.5346,24.42,13.3618,-0.170823,0.0832253,0.0455379
432.303,1,1,41.5346,-24.42,-13.3618,0.170823,-0.0832253,-0.0455379

orb:1,1,3.38983,1.09136,1.1109,0,0,-2.65779ptc:428.513,0,1,-44.2616,10.323,20.8411,-0.178645,0.035137,0.0709382
428.513,1,1,44.2616,-10.323,-20.8411,0.178645,-0.035137,-0.0709382

orb:1,1,2.16172,1.05917,5.41551,0,0,-2.7485ptc:425.865,0,1,-46.1864,12.3841,-14.6101,-0.184222,0.0421187,-0.0496891
425.865,1,1,46.1864,-12.3841,14.6101,0.184222,-0.0421187,0.0496891

orb:1,1,1.51567,1.04184,1.24071,0,0,-2.80929ptc:424.393,0,1,-47.2647,5.28674,15.4304,-0.187366,0.0179727,0.0524568
424.393,1,1,47.2647,-5.28674,-15.4304,0.187366,-0.0179727,-0.0524568

orb:1,1,3.3449,1.09019,1.76161,0,0,-2.66071ptc:428.42,0,1,-44.3293,-4.38651,22.7084,-0.17884,-0.0149302,0.0772919
428.42,1,1,44.3293,4.38651,-22.7084,0.17884,0.0149302,-0.0772919

orb:1,1,3.52205,1.09476,5.11747,0,0,-2.64933ptc:428.787,0,1,-44.0634,9.31282,-21.7185,-0.178073,0.0317014,-0.0739311
428.787,1,1,44.0634,-9.31282,21.7185,0.178073,-0.0317014,0.0739311

orb:1,1,4.15278,1.11088,5.03904,0,0,-2.61159ptc:430.067,0,1,-43.1402,8.11075,-23.9404,-0.175417,0.027621,-0.0815284
430.067,1,1,43.1402,-8.11075,23.9404,0.175417,-0.027621,0.0815284

orb:1,1,4.86171,1.12872,0.835342,0,0,-2.57342ptc:431.452,0,1,-42.1442,18.051,19.9505,-0.172563,0.061501,0.0679728
431.452,1,1,42.1442,-18.051,-19.9505,0.172563,-0.061501,-0.0679728

orb:1,1,1.44446,1.03991,2.42807,0,0,-2.81685ptc:424.227,0,1,-47.3866,-12.0618,10.4415,-0.187722,-0.041003,0.0354951
424.227,1,1,47.3866,12.0618,-10.4415,0.187722,0.041003,-0.0354951

orb:1,1,4.65513,1.12355,4.64463,0,0,-2.58413ptc:431.054,0,1,-42.4301,-1.79085,-26.3909,-0.173381,-0.00610072,-0.0899034
431.054,1,1,42.4301,1.79085,26.3909,0.173381,0.00610072,0.0899034

orb:1,1,5.53672,1.14545,0.570342,0,0,-2.54044ptc:432.723,0,1,-41.2341,23.8036,15.2689,-0.169967,0.0811366,0.0520452
432.723,1,1,41.2341,-23.8036,-15.2689,0.169967,-0.0811366,-0.0520452

orb:1,1,1.50525,1.04156,2.80076,0,0,-2.81039ptc:424.369,0,1,-47.2825,-15.3239,5.43506,-0.187418,-0.0520946,0.0184768
424.369,1,1,47.2825,15.3239,-5.43506,0.187418,0.0520946,-0.0184768

orb:1,1,5.15681,1.13607,5.9639,0,0,-2.55864ptc:432.013,0,1,-41.7419,26.1336,-8.63978,-0.171414,0.0890562,-0.029442
432.013,1,1,41.7419,-26.1336,8.63978,0.171414,-0.0890562,0.029442

orb:1,1,3.76735,1.10106,2.03246,0,0,-2.63417ptc:429.29,0,1,-43.7,-10.8224,21.7528,-0.177026,-0.0368462,0.0740599
429.29,1,1,43.7,10.8224,-21.7528,0.177026,0.0368462,-0.0740599

orb:1,1,4.87814,1.12913,1.6782,0,0,-2.57258ptc:431.484,0,1,-42.1217,-2.88785,26.7848,-0.172499,-0.00983921,0.0912586
431.484,1,1,42.1217,2.88785,-26.7848,0.172499,0.00983921,-0.0912586

orb:1,1,2.10551,1.05767,0.0792867,0,0,-2.75332ptc:425.74,0,1,-46.2783,18.8699,1.49927,-0.18449,0.0641745,0.00509887
425.74,1,1,46.2783,-18.8699,-1.49927,0.18449,-0.0641745,-0.00509887

orb:1,1,0.620409,1.01733,4.84196,0,0,-2.92606ptc:422.253,0,1,-48.8432,1.38162,-10.6035,-0.191992,0.00469416,-0.0360264
422.253,1,1,48.8432,-1.38162,10.6035,0.191992,-0.00469416,0.0360264

orb:1,1,2.79086,1.07578,2.52726,0,0,-2.69894ptc:427.246,0,1,-45.1809,-17.5011,12.3451,-0.181303,-0.0595461,0.0420032
427.246,1,1,45.1809,17.5011,-12.3451,0.181303,0.0595461,-0.0420032

orb:1,1,2.44506,1.06668,3.9527,0,0,-2.72523ptc:426.493,0,1,-45.7283,-13.9268,-14.6618,-0.182891,-0.047374,-0.0498745
426.493,1,1,45.7283,13.9268,14.6618,0.182891,0.047374,0.0498745

orb:1,1,2.70482,1.07352,1.92488,0,0,-2.70529ptc:427.06,0,1,-45.3159,-7.32626,19.819,-0.181694,-0.0249257,0.067429
427.06,1,1,45.3159,7.32626,-19.819,0.181694,0.0249257,-0.067429

orb:1,1,1.20157,1.03331,2.51674,0,0,-2.84432ptc:423.656,0,1,-47.8069,-11.8784,8.56738,-0.188952,-0.0403733,0.0291195
423.656,1,1,47.8069,11.8784,-8.56738,0.188952,0.0403733,-0.0291195

orb:1,1,1.68105,1.0463,0.823321,0,0,-2.79249ptc:424.776,0,1,-46.984,11.6262,12.5432,-0.186546,0.0395284,0.0426462
424.776,1,1,46.984,-11.6262,-12.5432,0.186546,-0.0395284,-0.0426462

orb:1,1,4.15427,1.11092,5.5525,0,0,-2.6115ptc:430.07,0,1,-43.138,18.8269,-16.8718,-0.17541,0.0641146,-0.0574567
430.07,1,1,43.138,-18.8269,16.8718,0.17541,-0.0641146,0.0574567

orb:1,1,0.900477,1.02506,3.92249,0,0,-2.88306ptc:422.936,0,1,-48.3383,-9.0796,-8.99829,-0.190509,-0.0308544,-0.0305781
422.936,1,1,48.3383,9.0796,8.99829,0.190509,0.0308544,0.0305781

orb:1,1,3.7459,1.10051,5.83536,0,0,-2.63547ptc:429.247,0,1,-43.7315,21.8493,-10.4958,-0.177117,0.0743872,-0.0357337
429.247,1,1,43.7315,-21.8493,10.4958,0.177117,-0.0743872,0.0357337

orb:1,1,4.49218,1.11946,0.944569,0,0,-2.59281ptc:430.737,0,1,-42.6581,15.2867,21.1331,-0.174034,0.0520701,0.0719844
430.737,1,1,42.6581,-15.2867,-21.1331,0.174034,-0.0520701,-0.0719844

orb:1,1,4.41234,1.11745,0.215408,0,0,-2.59714ptc:430.58,0,1,-42.7706,25.2989,5.53548,-0.174356,0.0861696,0.0188542
430.58,1,1,42.7706,-25.2989,-5.53548,0.174356,-0.0861696,-0.0188542

orb:1,1,2.19258,1.05999,2.10807,0,0,-2.74588ptc:425.934,0,1,-46.1361,-9.86405,16.5579,-0.184076,-0.0335485,0.056315
425.934,1,1,46.1361,9.86405,-16.5579,0.184076,0.0335485,-0.056315

orb:1,1,2.80268,1.07609,0.645728,0,0,-2.69807ptc:427.271,0,1,-45.1624,17.1361,12.9118,-0.181249,0.0583047,0.0439318
427.271,1,1,45.1624,-17.1361,-12.9118,0.181249,-0.0583047,-0.0439318

orb:1,1,1.83081,1.05033,5.19911,0,0,-2.77808ptc:425.119,0,1,-46.7327,8.31539,-15.7135,-0.185813,0.0282747,-0.0534302
425.119,1,1,46.7327,-8.31539,15.7135,0.185813,-0.0282747,0.0534302

orb:1,1,2.20158,1.06023,3.53493,0,0,-2.74512ptc:425.954,0,1,-46.1214,-17.834,-7.40039,-0.184033,-0.0606555,-0.0251696
425.954,1,1,46.1214,17.834,7.40039,0.184033,0.0606555,0.0251696

orb:1,1,2.86247,1.07765,5.80243,0,0,-2.69375ptc:427.399,0,1,-45.0691,19.197,-10.0126,-0.180979,0.0653196,-0.0340688
427.399,1,1,45.0691,-19.197,10.0126,0.180979,-0.0653196,0.0340688

orb:1,1,2.41605,1.06591,4.59883,0,0,-2.72753ptc:426.43,0,1,-45.7748,-2.27944,-19.9868,-0.183026,-0.00775374,-0.067987
426.43,1,1,45.7748,2.27944,19.9868,0.183026,0.00775374,0.067987

orb:1,1,1.03205,1.02867,0.622743,0,0,-2.86537ptc:423.252,0,1,-48.1047,11.0763,7.9534,-0.189824,0.0376427,0.0270296
423.252,1,1,48.1047,-11.0763,-7.9534,0.189824,-0.0376427,-0.0270296

orb:1,1,4.73538,1.12556,6.05957,0,0,-2.57993ptc:431.209,0,1,-42.3186,25.9665,-5.90531,-0.173062,0.0884624,-0.0201181
431.209,1,1,42.3186,-25.9665,5.90531,0.173062,-0.0884624,0.0201181

orb:1,1,2.35318,1.06425,3.06564,0,0,-2.73259ptc:426.291,0,1,-45.8759,-19.8275,1.50878,-0.183319,-0.0674422,0.00513204
426.291,1,1,45.8759,19.8275,-1.50878,0.183319,0.0674422,-0.00513204

orb:1,1,5.19231,1.13695,3.58084,0,0,-2.5569ptc:432.08,0,1,-41.694,-24.9775,-11.7359,-0.171278,-0.0851187,-0.0399938
432.08,1,1,41.694,24.9775,11.7359,0.171278,0.0851187,0.0399938

orb:1,1,5.54251,1.14559,0.204639,0,0,-2.54017ptc:432.734,0,1,-41.2264,27.7007,5.74912,-0.169946,0.0944205,0.0195964
432.734,1,1,41.2264,-27.7007,-5.74912,0.169946,-0.0944205,-0.0195964

orb:1,1,2.37848,1.06492,2.37342,0,0,-2.73054ptc:426.347,0,1,-45.8351,-14.3682,13.8815,-0.183201,-0.0488735,0.047218
426.347,1,1,45.8351,14.3682,-13.8815,0.183201,0.0488735,-0.047218

orb:1,1,0.163577,1.0046,0.930242,0,0,-3.03012ptc:421.114,0,1,-49.6897,3.32406,4.45939,-0.194484,0.0112904,0.0151466
421.114,1,1,49.6897,-3.32406,-4.45939,0.194484,-0.0112904,-0.0151466

orb:1,1,4.48535,1.11929,3.46759,0,0,-2.59318ptc:430.723,0,1,-42.6677,-24.6937,-8.34804,-0.174061,-0.0841123,-0.0284353
430.723,1,1,42.6677,24.6937,8.34804,0.174061,0.0841123,0.0284353

orb:1,1,3.21389,1.0868,0.499866,0,0,-2.66937ptc:428.145,0,1,-44.5279,19.9607,10.9011,-0.179414,0.0679338,0.0371006
428.145,1,1,44.5279,-19.9607,-10.9011,0.179414,-0.0679338,-0.0371006

orb:1,1,1.17035,1.03245,1.85677,0,0,-2.84807ptc:423.582,0,1,-47.8615,-4.08083,13.8789,-0.189112,-0.01387,0.0471718
423.582,1,1,47.8615,4.08083,-13.8789,0.189112,0.01387,-0.0471718

orb:1,1,0.323655,1.00908,3.22614,0,0,-2.98519ptc:421.517,0,1,-49.3897,-7.76027,-0.65771,-0.1936,-0.0263611,-0.00223419
421.517,1,1,49.3897,7.76027,0.65771,0.1936,0.0263611,0.00223419

orb:1,1,4.6386,1.12314,1.6934,0,0,-2.585ptc:431.022,0,1,-42.4531,-3.23035,26.2164,-0.173447,-0.0110044,0.0893078
431.022,1,1,42.4531,3.23035,-26.2164,0.173447,0.0110044,-0.0893078

orb:1,1,5.31825,1.14006,0.786128,0,0,-2.55079ptc:432.317,0,1,-41.5248,19.6794,19.7082,-0.170795,0.0670694,0.0671674
432.317,1,1,41.5248,-19.6794,-19.7082,0.170795,-0.0670694,-0.0671674

orb:1,1,1.1746,1.03257,5.6716,0,0,-2.84755ptc:423.592,0,1,-47.8541,11.8643,-8.32025,-0.18909,0.0403246,-0.028279
423.592,1,1,47.8541,-11.8643,8.32025,0.18909,-0.0403246,0.028279

orb:1,1,2.95976,1.08019,4.82594,0,0,-2.68682ptc:427.607,0,1,-44.918,2.48851,-21.8215,-0.180542,0.00846792,-0.0742544
427.607,1,1,44.918,-2.48851,21.8215,0.180542,-0.00846792,0.0742544

orb:1,1,2.00297,1.05494,5.50635,0,0,-2.76233ptc:425.509,0,1,-46.4469,13.2014,-12.9772,-0.18498,0.0448937,-0.0441311
425.509,1,1,46.4469,-13.2014,12.9772,0.18498,-0.0448937,0.0441311

orb:1,1,3.62733,1.09747,2.07965,0,0,-2.64274ptc:429.004,0,1,-43.9067,-11.6536,20.89,-0.177621,-0.0396724,0.071116
429.004,1,1,43.9067,11.6536,-20.89,0.177621,0.0396724,-0.071116

orb:1,1,3.51482,1.09458,5.71041,0,0,-2.64979ptc:428.772,0,1,-44.0742,19.8425,-12.7963,-0.178104,0.0675448,-0.0435592
428.772,1,1,44.0742,-19.8425,12.7963,0.178104,-0.0675448,0.0435592

orb:1,1,3.25035,1.08775,0.441404,0,0,-2.66694ptc:428.222,0,1,-44.4725,20.6614,9.76245,-0.179254,0.0703202,0.0332261
428.222,1,1,44.4725,-20.6614,-9.76245,0.179254,-0.0703202,-0.0332261

orb:1,1,4.78845,1.12689,2.76243,0,0,-2.57718ptc:431.312,0,1,-42.2452,-24.8462,9.89984,-0.172852,-0.0846487,0.0337278
431.312,1,1,42.2452,24.8462,-9.89984,0.172852,0.0846487,-0.0337278

orb:1,1,0.763333,1.02128,1.2874,0,0,-2.90306ptc:422.603,0,1,-48.5842,3.3034,11.3428,-0.191231,0.0112246,0.0385419
422.603,1,1,48.5842,-3.3034,-11.3428,0.191231,-0.0112246,-0.0385419

orb:1,1,4.50853,1.11987,4.775,0,0,-2.59193ptc:430.769,0,1,-42.6351,1.63422,-26.0687,-0.173968,0.00556661,-0.0887972
430.769,1,1,42.6351,-1.63422,26.0687,0.173968,-0.00556661,0.0887972

orb:1,1,0.428603,1.01201,0.0774553,0,0,-2.96191ptc:421.779,0,1,-49.195,8.90893,0.691427,-0.193027,0.030265,0.00234889
421.779,1,1,49.195,-8.90893,-0.691427,0.193027,-0.030265,-0.00234889

orb:1,1,0.947648,1.02636,5.06864,0,0,-2.87657ptc:423.05,0,1,-48.2543,4.56767,-12.2744,-0.190263,0.0155224,-0.0417122
423.05,1,1,48.2543,-4.56767,12.2744,0.190263,-0.0155224,0.0417122

orb:1,1,4.32937,1.11535,0.890793,0,0,-2.6017ptc:430.417,0,1,-42.8881,16.1615,19.9854,-0.174693,0.0550441,0.0680677
430.417,1,1,42.8881,-16.1615,-19.9854,0.174693,-0.0550441,-0.0680677

orb:1,1,1.17099,1.03247,5.26426,0,0,-2.84799ptc:423.584,0,1,-47.8604,7.58646,-12.3219,-0.189108,0.025785,-0.0418799
423.584,1,1,47.8604,-7.58646,12.3219,0.189108,-0.025785,0.0418799

orb:1,1,4.46427,1.11876,4.1732,0,0,-2.59432ptc:430.682,0,1,-42.6973,-13.3586,-22.3268,-0.174146,-0.0455017,-0.076049
430.682,1,1,42.6973,13.3586,22.3268,0.174146,0.0455017,0.076049

orb:1,1,5.50746,1.14473,1.72821,0,0,-2.54181ptc:432.669,0,1,-41.2728,-4.4244,27.8743,-0.170078,-0.0150806,0.0950102
432.669,1,1,41.2728,4.4244,-27.8743,0.170078,0.0150806,-0.0950102

orb:1,1,4.98426,1.13178,0.808981,0,0,-2.56721ptc:431.686,0,1,-41.9763,18.7509,19.6568,-0.172083,0.0638908,0.0669776
431.686,1,1,41.9763,-18.7509,-19.6568,0.172083,-0.0638908,-0.0669776

orb:1,1,5.38751,1.14177,0.322633,0,0,-2.54748ptc:432.446,0,1,-41.4322,26.5446,8.87426,-0.170531,0.0904708,0.0302457
432.446,1,1,41.4322,-26.5446,-8.87426,0.170531,-0.0904708,-0.0302457

orb:1,1,1.99032,1.0546,0.088477,0,0,-2.76346ptc:425.48,0,1,-46.4678,18.3871,1.63109,-0.185041,0.0625278,0.00554675
425.48,1,1,46.4678,-18.3871,-1.63109,0.185041,-0.0625278,-0.00554675

orb:1,1,1.212,1.03359,5.84697,0,0,-2.84308ptc:423.681,0,1,-47.7887,13.328,-6.21306,-0.188899,0.0453004,-0.0211176
423.681,1,1,47.7887,-13.328,6.21306,0.188899,-0.0453004,0.0211176

orb:1,1,2.15418,1.05897,5.80594,0,0,-2.74914ptc:425.849,0,1,-46.1987,16.9861,-8.78374,-0.184258,0.0577699,-0.0298736
425.849,1,1,46.1987,-16.9861,8.78374,0.184258,-0.0577699,0.0298736

orb:1,1,4.24093,1.11312,0.669333,0,0,-2.60662ptc:430.242,0,1,-43.014,19.991,15.8163,-0.175054,0.0680829,0.0538651
430.242,1,1,43.014,-19.991,-15.8163,0.175054,-0.0680829,-0.0538651

orb:1,1,2.75284,1.07478,0.322598,0,0,-2.70173ptc:427.164,0,1,-45.2404,20.1926,6.74989,-0.181475,0.0687021,0.0229654
427.164,1,1,45.2404,-20.1926,-6.74989,0.181475,-0.0687021,-0.0229654

orb:1,1,5.072,1.13396,1.33866,0,0,-2.56282ptc:431.853,0,1,-41.8569,6.29185,26.6161,-0.171742,0.0214398,0.0906954
431.853,1,1,41.8569,-6.29185,-26.6161,0.171742,-0.0214398,-0.0906954

orb:1,1,1.89653,1.05209,4.57535,0,0,-2.77197ptc:425.268,0,1,-46.6232,-2.46759,-17.8939,-0.185494,-0.00839087,-0.0608469
425.268,1,1,46.6232,2.46759,17.8939,0.185494,0.00839087,0.0608469

orb:1,1,2.77404,1.07534,6.07304,0,0,-2.70017ptc:427.209,0,1,-45.2072,20.8914,-4.45593,-0.181379,0.0710808,-0.0151608
427.209,1,1,45.2072,-20.8914,4.45593,0.181379,-0.0710808,0.0151608

orb:1,1,0.428679,1.01201,2.01769,0,0,-2.9619ptc:421.779,0,1,-49.1949,-3.86204,8.05888,-0.193026,-0.01312,0.0273773
421.779,1,1,49.1949,3.86204,-8.05888,0.193026,0.01312,-0.0273773

orb:1,1,0.960891,1.02672,1.44251,0,0,-2.87478ptc:423.081,0,1,-48.2308,1.68657,13.0748,-0.190194,0.00573156,0.0444326
423.081,1,1,48.2308,-1.68657,-13.0748,0.190194,-0.00573156,-0.0444326

orb:1,1,5.61719,1.14743,1.55644,0,0,-2.53669ptc:432.872,0,1,-41.1279,0.408287,28.4311,-0.169665,0.00139175,0.0969148
432.872,1,1,41.1279,-0.408287,-28.4311,0.169665,-0.00139175,-0.0969148

orb:1,1,5.26495,1.13875,2.95414,0,0,-2.55336ptc:432.217,0,1,-41.5962,-27.2584,5.17025,-0.170999,-0.0928959,0.0176201
432.217,1,1,41.5962,27.2584,-5.17025,0.170999,0.0928959,-0.0176201

orb:1,1,2.33895,1.06387,0.448445,0,0,-2.73374ptc:426.259,0,1,-45.8988,17.8708,8.59836,-0.183386,0.0607862,0.0292466
426.259,1,1,45.8988,-17.8708,-8.59836,0.183386,-0.0607862,-0.0292466

orb:1,1,1.3209,1.03656,0.403953,0,0,-2.83047ptc:423.938,0,1,-47.5995,14.0745,6.01629,-0.188345,0.0478412,0.0204502
423.938,1,1,47.5995,-14.0745,-6.01629,0.188345,-0.0478412,-0.0204502

orb:1,1,1.41055,1.03899,0.116444,0,0,-2.82052ptc:424.148,0,1,-47.4448,15.6725,1.83326,-0.187892,0.0532762,0.0062319
424.148,1,1,47.4448,-15.6725,-1.83326,0.187892,-0.0532762,-0.0062319

orb:1,1,5.0194,1.13265,4.24748,0,0,-2.56545ptc:431.753,0,1,-41.9284,-12.2127,-24.3487,-0.171947,-0.0416139,-0.0829662
431.753,1,1,41.9284,12.2127,24.3487,0.171947,0.0416139,0.0829662

orb:1,1,3.83646,1.10283,2.32922,0,0,-2.63001ptc:429.431,0,1,-43.5986,-16.8353,17.7689,-0.176734,-0.0573202,0.0604989
429.431,1,1,43.5986,16.8353,-17.7689,0.176734,0.0573202,-0.0604989

orb:1,1,2.45064,1.06683,5.35594,0,0,-2.72479ptc:426.506,0,1,-45.7193,12.146,-16.1931,-0.182865,0.0413166,-0.0550835
426.506,1,1,45.7193,-12.146,16.1931,0.182865,-0.0413166,0.0550835

orb:1,1,0.303657,1.00852,0.830275,0,0,-2.99005ptc:421.467,0,1,-49.427,5.09238,5.57125,-0.193709,0.0172982,0.0189249
421.467,1,1,49.427,-5.09238,-5.57125,0.193709,-0.0172982,-0.0189249

orb:1,1,1.91014,1.05245,2.1143,0,0,-2.77072ptc:425.299,0,1,-46.6006,-9.37132,15.5101,-0.185428,-0.0318668,0.0527417
425.299,1,1,46.6006,9.37132,-15.5101,0.185428,0.0318668,-0.0527417

orb:1,1,2.12009,1.05806,0.847426,0,0,-2.75206ptc:425.772,0,1,-46.2544,12.5682,14.2327,-0.18442,0.0427435,0.0484045
425.772,1,1,46.2544,-12.5682,-14.2327,0.18442,-0.0427435,-0.0484045

orb:1,1,3.763,1.10095,2.56316,0,0,-2.63443ptc:429.281,0,1,-43.7064,-20.3341,13.2768,-0.177044,-0.0692297,0.0452024
429.281,1,1,43.7064,20.3341,-13.2768,0.177044,0.0692297,-0.0452024

orb:1,1,3.55352,1.09557,0.879645,0,0,-2.64735ptc:428.852,0,1,-44.0164,15.1186,18.2752,-0.177938,0.0514657,0.0622112
428.852,1,1,44.0164,-15.1186,-18.2752,0.177938,-0.0514657,-0.0622112

orb:1,1,5.08268,1.13423,2.53958,0,0,-2.56229ptc:431.873,0,1,-41.8424,-22.5599,15.5006,-0.171701,-0.0768742,0.0528195
431.873,1,1,41.8424,22.5599,-15.5006,0.171701,0.0768742,-0.0528195

orb:1,1,4.04721,1.1082,1.57547,0,0,-2.61763ptc:429.856,0,1,-43.2922,-0.116796,25.0155,-0.175853,-0.00039772,0.0851837
429.856,1,1,43.2922,0.116796,-25.0155,0.175853,0.00039772,-0.0851837

orb:1,1,2.89595,1.07853,5.07368,0,0,-2.69135ptc:427.471,0,1,-45.017,7.6916,-20.3546,-0.180828,0.0261719,-0.0692599
427.471,1,1,45.017,-7.6916,20.3546,0.180828,-0.0261719,0.0692599

orb:1,1,5.28042,1.13913,2.15275,0,0,-2.55262ptc:432.246,0,1,-41.5755,-15.2671,23.2033,-0.17094,-0.0520305,0.0790771
432.246,1,1,41.5755,15.2671,-23.2033,0.17094,0.0520305,-0.0790771

orb:1,1,2.90575,1.07878,5.34655,0,0,-2.69065ptc:427.492,0,1,-45.0018,12.9112,-17.554,-0.180784,0.0439326,-0.0597307
427.492,1,1,45.0018,-12.9112,17.554,0.180784,-0.0439326,0.0597307

orb:1,1,1.84522,1.05071,0.657669,0,0,-2.77673ptc:425.151,0,1,-46.7086,14.1198,10.9058,-0.185743,0.0480118,0.0370832
425.151,1,1,46.7086,-14.1198,-10.9058,0.185743,-0.0480118,-0.0370832

orb:1,1,3.90766,1.10465,6.19584,0,0,-2.62578ptc:429.575,0,1,-43.4947,24.568,-2.15134,-0.176435,0.0836523,-0.00732517
429.575,1,1,43.4947,-24.568,2.15134,0.176435,-0.0836523,0.00732517

orb:1,1,5.40799,1.14228,5.604,0,0,-2.5465ptc:432.484,0,1,-41.4049,21.8091,-17.6067,-0.170454,0.0743317,-0.0600089
432.484,1,1,41.4049,-21.8091,17.6067,0.170454,-0.0743317,0.0600089

orb:1,1,3.1253,1.0845,0.827284,0,0,-2.67535ptc:427.959,0,1,-44.6632,15.2139,16.545,-0.179805,0.0517757,0.0563055
427.959,1,1,44.6632,-15.2139,-16.545,0.179805,-0.0517757,-0.0563055

orb:1,1,3.71542,1.09973,2.90763,0,0,-2.63733ptc:429.184,0,1,-43.7765,-23.5001,5.60074,-0.177246,-0.080006,0.0190677
429.184,1,1,43.7765,23.5001,-5.60074,0.177246,0.080006,-0.0190677

orb:1,1,0.464507,1.01301,1.09606,0,0,-2.95464ptc:421.868,0,1,-49.1288,4.24786,8.2654,-0.192832,0.014431,0.0280795
421.868,1,1,49.1288,-4.24786,-8.2654,0.192832,-0.014431,-0.0280795

orb:1,1,0.193451,1.00544,1.24532,0,0,-3.02043ptc:421.189,0,1,-49.6334,1.93244,5.72613,-0.194318,0.0065638,0.0194496
421.189,1,1,49.6334,-1.93244,-5.72613,0.194318,-0.0065638,-0.0194496

orb:1,1,5.47761,1.144,0.74,0,0,-2.54321ptc:432.614,0,1,-41.3124,20.7992,18.9915,-0.17019,0.0708932,0.0647318
432.614,1,1,41.3124,-20.7992,-18.9915,0.17019,-0.0708932,-0.0647318

orb:1,1,2.3018,1.06289,4.02655,0,0,-2.73678ptc:426.177,0,1,-45.9588,-12.4716,-15.2397,-0.18356,-0.0424201,-0.0518353
426.177,1,1,45.9588,12.4716,15.2397,0.18356,0.0424201,0.0518353

orb:1,1,0.165069,1.00464,0.969066,0,0,-3.02962ptc:421.118,0,1,-49.6869,3.16266,4.60573,-0.194475,0.0107422,0.0156437
421.118,1,1,49.6869,-3.16266,-4.60573,0.194475,-0.0107422,-0.0156437

orb:1,1,4.38423,1.11674,1.43254,0,0,-2.59868ptc:430.525,0,1,-42.8103,3.56015,25.5852,-0.17447,0.0121259,0.087143
430.525,1,1,42.8103,-3.56015,-25.5852,0.17447,-0.0121259,-0.087143

orb:1,1,3.37567,1.09099,5.27957,0,0,-2.65871ptc:428.484,0,1,-44.2829,12.4734,-19.5816,-0.178706,0.0424563,-0.0666506
428.484,1,1,44.2829,-12.4734,19.5816,0.178706,-0.0424563,0.0666506

orb:1,1,4.94467,1.13079,5.46508,0,0,-2.5692ptc:431.611,0,1,-42.0305,18.5134,-19.766,-0.172238,0.0630799,-0.0673478
431.611,1,1,42.0305,-18.5134,19.766,0.172238,-0.0630799,0.0673478

orb:1,1,1.9404,1.05326,2.27334,0,0,-2.76796ptc:425.368,0,1,-46.5504,-11.7925,13.9284,-0.185282,-0.0401007,0.047364
425.368,1,1,46.5504,11.7925,-13.9284,0.185282,0.0401007,-0.047364

orb:1,1,1.02166,1.02839,3.66569,0,0,-2.86672ptc:423.227,0,1,-48.123,-11.7495,-6.79136,-0.189878,-0.0399303,-0.0230803
423.227,1,1,48.123,11.7495,6.79136,0.189878,0.0399303,0.0230803

orb:1,1,1.05078,1.02919,1.56468,0,0,-2.86296ptc:423.297,0,1,-48.0716,0.0841473,13.7519,-0.189727,0.000285979,0.0467363
423.297,1,1,48.0716,-0.0841473,-13.7519,0.189727,-0.000285979,-0.0467363

orb:1,1,2.94216,1.07973,0.292519,0,0,-2.68806ptc:427.57,0,1,-44.9453,20.9765,6.31725,-0.180621,0.0713783,0.0214961
427.57,1,1,44.9453,-20.9765,-6.31725,0.180621,-0.0713783,-0.0214961

orb:1,1,0.27297,1.00766,2.63544,0,0,-2.99785ptc:421.39,0,1,-49.4843,-6.26456,3.47253,-0.193878,-0.0212795,0.0117955
421.39,1,1,49.4843,6.26456,-3.47253,0.193878,0.0212795,-0.0117955

orb:1,1,1.45202,1.04011,5.25616,0,0,-2.81603ptc:424.245,0,1,-47.3736,8.27365,-13.6853,-0.187684,0.0281258,-0.0465222
424.245,1,1,47.3736,-8.27365,13.6853,0.187684,-0.0281258,0.0465222

orb:1,1,4.15249,1.11087,4.65198,0,0,-2.6116ptc:430.066,0,1,-43.1406,-1.52607,-25.2301,-0.175418,-0.00519701,-0.0859207
430.066,1,1,43.1406,1.52607,25.2301,0.175418,0.00519701,0.0859207

orb:1,1,2.20635,1.06036,0.0715932,0,0,-2.74472ptc:425.965,0,1,-46.1136,19.2775,1.3825,-0.18401,0.0655652,0.00470206
425.965,1,1,46.1136,-19.2775,-1.3825,0.18401,-0.0655652,-0.00470206

orb:1,1,5.53396,1.14538,4.04533,0,0,-2.54057ptc:432.718,0,1,-41.2378,-17.4928,-22.2137,-0.169978,-0.0596256,-0.0757172
432.718,1,1,41.2378,17.4928,22.2137,0.169978,0.0596256,0.0757172

orb:1,1,3.29789,1.08898,4.7497,0,0,-2.66379ptc:428.321,0,1,-44.4004,0.857521,-22.9754,-0.179045,0.00291863,-0.0781984
428.321,1,1,44.4004,-0.857521,22.9754,0.179045,-0.00291863,0.0781984

orb:1,1,5.25695,1.13855,3.72285,0,0,-2.55375ptc:432.202,0,1,-41.607,-23.1746,-15.2249,-0.17103,-0.078978,-0.0518857
432.202,1,1,41.607,23.1746,15.2249,0.17103,0.078978,0.0518857

orb:1,1,3.40882,1.09185,3.88726,0,0,-2.65656ptc:428.553,0,1,-44.233,-17.1257,-15.8162,-0.178562,-0.0582927,-0.0538353
428.553,1,1,44.233,17.1257,15.8162,0.178562,0.0582927,0.0538353

orb:1,1,3.97994,1.10649,1.75889,0,0,-2.62154ptc:429.721,0,1,-43.3896,-4.64607,24.4082,-0.176133,-0.0158203,0.0831121
429.721,1,1,43.3896,4.64607,-24.4082,0.176133,0.0158203,-0.0831121

orb:1,1,3.11606,1.08426,0.635399,0,0,-2.67598ptc:427.939,0,1,-44.6773,18.0673,13.3232,-0.179846,0.061486,0.0453408
427.939,1,1,44.6773,-18.0673,-13.3232,0.179846,-0.061486,-0.0453408

orb:1,1,0.88966,1.02476,1.48586,0,0,-2.88457ptc:422.91,0,1,-48.3576,1.07826,12.6641,-0.190566,0.00366414,0.0430349
422.91,1,1,48.3576,-1.07826,-12.6641,0.190566,-0.00366414,-0.0430349

orb:1,1,4.044,1.10812,0.623917,0,0,-2.61782ptc:429.849,0,1,-43.2968,20.2961,14.61,-0.175867,0.0691131,0.0497503
429.849,1,1,43.2968,-20.2961,-14.61,0.175867,-0.0691131,-0.0497503

orb:1,1,4.52833,1.12037,2.37652,0,0,-2.59087ptc:430.807,0,1,-42.6073,-18.8739,18.1217,-0.173888,-0.0642905,0.0617282
430.807,1,1,42.6073,18.8739,-18.1217,0.173888,0.0642905,-0.0617282

orb:1,1,3.07915,1.0833,0.666762,0,0,-2.67851ptc:427.861,0,1,-44.7339,17.5519,13.8133,-0.180009,0.0597302,0.0470076
427.861,1,1,44.7339,-17.5519,-13.8133,0.180009,-0.0597302,-0.0470076

orb:1,1,2.7807,1.07551,5.85834,0,0,-2.69968ptc:427.224,0,1,-45.1968,19.4825,-8.81377,-0.181349,0.0662874,-0.029988
427.224,1,1,45.1968,-19.4825,8.81377,0.181349,-0.0662874,0.029988

orb:1,1,1.01622,1.02824,5.13445,0,0,-2.86743ptc:423.214,0,1,-48.1327,5.54524,-12.349,-0.189906,0.0188453,-0.0419675
423.214,1,1,48.1327,-5.54524,12.349,0.189906,-0.0188453,0.0419675

orb:1,1,3.45972,1.09316,5.17042,0,0,-2.65329ptc:428.658,0,1,-44.1566,10.3721,-21.0384,-0.178342,0.0353057,-0.0716133
428.658,1,1,44.1566,-10.3721,21.0384,0.178342,-0.0353057,0.0716133

orb:1,1,1.19435,1.03311,2.55512,0,0,-2.84518ptc:423.639,0,1,-47.8195,-12.1641,8.08247,-0.188989,-0.041344,0.0274712
423.639,1,1,47.8195,12.1641,-8.08247,0.188989,0.041344,-0.0274712

orb:1,1,1.85473,1.05097,5.43287,0,0,-2.77584ptc:425.173,0,1,-46.6928,11.7979,-13.4386,-0.185697,0.040117,-0.0456957
425.173,1,1,46.6928,-11.7979,13.4386,0.185697,-0.040117,0.0456957

orb:1,1,1.25237,1.03469,0.19025,0,0,-2.83833ptc:423.776,0,1,-47.7184,14.6622,2.82364,-0.188693,0.0498367,0.00959752
423.776,1,1,47.7184,-14.6622,-2.82364,0.188693,-0.0498367,-0.00959752

orb:1,1,1.48229,1.04093,3.17662,0,0,-2.81281ptc:424.315,0,1,-47.3218,-16.1347,-0.565417,-0.187533,-0.0548501,-0.00192214
424.315,1,1,47.3218,16.1347,0.565417,0.187533,0.0548501,0.00192214

orb:1,1,1.74694,1.04807,3.15852,0,0,-2.78606ptc:424.927,0,1,-46.8731,-17.4018,-0.294576,-0.186223,-0.0591678,-0.00100159
424.927,1,1,46.8731,17.4018,0.294576,0.186223,0.0591678,0.00100159

orb:1,1,3.2438,1.08758,3.91268,0,0,-2.66737ptc:428.208,0,1,-44.4824,-16.3743,-15.9121,-0.179282,-0.055729,-0.054156
428.208,1,1,44.4824,16.3743,15.9121,0.179282,0.055729,0.054156

orb:1,1,4.48525,1.11928,3.13923,0,0,-2.59319ptc:430.723,0,1,-42.6678,-26.0663,0.061648,-0.174062,-0.0887878,0.000209987
430.723,1,1,42.6678,26.0663,-0.061648,0.174062,0.0887878,-0.000209987

orb:1,1,4.62285,1.12274,1.11752,0,0,-2.58584ptc:430.991,0,1,-42.4751,11.5519,23.7154,-0.17351,0.039352,0.0807874
430.991,1,1,42.4751,-11.5519,-23.7154,0.17351,-0.039352,-0.0807874

orb:1,1,3.69761,1.09927,3.52728,0,0,-2.63842ptc:429.148,0,1,-43.8027,-22.3394,-9.07025,-0.177322,-0.0760537,-0.0308793
429.148,1,1,43.8027,22.3394,9.07025,0.177322,0.0760537,0.0308793

orb:1,1,0.191138,1.00537,3.58709,0,0,-3.02115ptc:421.184,0,1,-49.6378,-5.42123,-2.5887,-0.194331,-0.0184139,-0.00879286
421.184,1,1,49.6378,5.42123,2.5887,0.194331,0.0184139,0.00879286

orb:1,1,4.81964,1.12767,5.57578,0,0,-2.57558ptc:431.371,0,1,-42.2022,20.3798,-17.4252,-0.172729,0.0694335,-0.0593674
431.371,1,1,42.2022,-20.3798,17.4252,0.172729,-0.0694335,0.0593674

orb:1,1,4.13006,1.1103,5.9437,0,0,-2.61288ptc:430.021,0,1,-43.1728,23.7817,-8.39866,-0.17551,0.080987,-0.028601
430.021,1,1,43.1728,-23.7817,8.39866,0.17551,-0.080987,0.028601

orb:1,1,0.0194314,1.00055,0.30211,0,0,-3.10308ptc:420.747,0,1,-49.9629,1.83776,0.572737,-0.19529,0.00624148,0.00194516
420.747,1,1,49.9629,-1.83776,-0.572737,0.19529,-0.00624148,-0.00194516

orb:1,1,5.23065,1.1379,1.50001,0,0,-2.55503ptc:432.153,0,1,-41.6424,1.95727,27.6059,-0.17113,0.00667019,0.0940779
432.153,1,1,41.6424,-1.95727,-27.6059,0.17113,-0.00667019,-0.0940779

orb:1,1,1.02326,1.02843,1.82503,0,0,-2.86652ptc:423.231,0,1,-48.1202,-3.41573,13.1445,-0.18987,-0.0116083,0.0446714
423.231,1,1,48.1202,3.41573,-13.1445,0.18987,0.0116083,-0.0446714

orb:1,1,4.5763,1.12157,2.73529,0,0,-2.58831ptc:430.901,0,1,-42.5401,-24.1353,10.384,-0.173696,-0.0822151,0.0353725
430.901,1,1,42.5401,24.1353,-10.384,0.173696,0.0822151,-0.0353725

orb:1,1,2.98028,1.08073,1.22819,0,0,-2.68538ptc:427.651,0,1,-44.8863,7.40006,20.7476,-0.18045,0.0251813,0.0706009
427.651,1,1,44.8863,-7.40006,-20.7476,0.18045,-0.0251813,-0.0706009

orb:1,1,0.145403,1.00409,3.89471,0,0,-3.03647ptc:421.068,0,1,-49.724,-3.82775,-3.58824,-0.194585,-0.0130011,-0.0121876
421.068,1,1,49.724,3.82775,3.58824,0.194585,0.0130011,0.0121876

orb:1,1,3.92644,1.10512,5.75273,0,0,-2.62467ptc:429.613,0,1,-43.4673,21.3145,-12.5015,-0.176357,0.0725751,-0.0425672
429.613,1,1,43.4673,-21.3145,12.5015,0.176357,-0.0725751,0.0425672

orb:1,1,0.331231,1.00929,6.25365,0,0,-2.98339ptc:421.536,0,1,-49.3756,7.87358,-0.23264,-0.193558,0.0267461,-0.000790265
421.536,1,1,49.3756,-7.87358,0.23264,0.193558,-0.0267461,0.000790265

orb:1,1,3.98706,1.10667,1.75769,0,0,-2.62112ptc:429.735,0,1,-43.3792,-4.62002,24.4315,-0.176103,-0.0157317,0.0831918
429.735,1,1,43.3792,4.62002,-24.4315,0.176103,0.0157317,-0.0831918

orb:1,1,4.00866,1.10722,1.1512,0,0,-2.61986ptc:429.778,0,1,-43.3479,10.1519,22.7573,-0.176013,0.0345687,0.0774922
429.778,1,1,43.3479,-10.1519,-22.7573,0.176013,-0.0345687,-0.0774922

orb:1,1,0.49079,1.01374,4.29586,0,0,-2.94951ptc:421.934,0,1,-49.0804,-3.8619,-8.72919,-0.192689,-0.01312,-0.0296557
421.934,1,1,49.0804,3.8619,8.72919,0.192689,0.01312,0.0296557

orb:1,1,3.28475,1.08864,2.25667,0,0,-2.66466ptc:428.294,0,1,-44.4203,-14.5372,17.7626,-0.179103,-0.0494778,0.0604555
428.294,1,1,44.4203,14.5372,-17.7626,0.179103,0.0494778,-0.0604555

orb:1,1,0.293869,1.00825,2.15237,0,0,-2.99249ptc:421.442,0,1,-49.4453,-4.08012,6.20628,-0.193763,-0.0138596,0.0210819
421.442,1,1,49.4453,4.08012,-6.20628,0.193763,0.0138596,-0.0210819

orb:1,1,5.49316,1.14438,2.96299,0,0,-2.54248ptc:432.642,0,1,-41.2918,-27.7471,5.00894,-0.170131,-0.0945756,0.0170729
432.642,1,1,41.2918,27.7471,-5.00894,0.170131,0.0945756,-0.0170729

orb:1,1,1.66333,1.04582,1.66855,0,0,-2.79425ptc:424.735,0,1,-47.014,-1.66118,16.9389,-0.186634,-0.00564788,0.0575908
424.735,1,1,47.014,1.66118,-16.9389,0.186634,0.00564788,-0.0575908

orb:1,1,3.28251,1.08858,5.3111,0,0,-2.6648ptc:428.289,0,1,-44.4237,12.9321,-18.9552,-0.179113,0.0440147,-0.0645144
428.289,1,1,44.4237,-12.9321,18.9552,0.179113,-0.0440147,0.0645144

orb:1,1,5.11109,1.13493,0.813543,0,0,-2.56089ptc:431.927,0,1,-41.8038,18.8429,19.9346,-0.171591,0.0642096,0.0679296
431.927,1,1,41.8038,-18.8429,-19.9346,0.171591,-0.0642096,-0.0679296

orb:1,1,3.02101,1.08179,3.98472,0,0,-2.68253ptc:427.738,0,1,-44.8234,-14.7363,-16.544,-0.180268,-0.0501469,-0.0562981
427.738,1,1,44.8234,14.7363,16.544,0.180268,0.0501469,0.0562981

orb:1,1,2.74335,1.07453,5.31054,0,0,-2.70243ptc:427.143,0,1,-45.2553,11.9714,-17.5681,-0.181519,0.0407306,-0.0597724
427.143,1,1,45.2553,-11.9714,17.5681,0.181519,-0.0407306,0.0597724

orb:1,1,1.73493,1.04775,4.93363,0,0,-2.78723ptc:424.899,0,1,-46.8933,3.80722,-16.927,-0.186282,0.0129448,-0.0575529
424.899,1,1,46.8933,-3.80722,16.927,0.186282,-0.0129448,0.0575529

orb:1,1,1.721,1.04738,0.0650004,0,0,-2.78858ptc:424.867,0,1,-46.9167,17.2499,1.12283,-0.18635,0.0586504,0.00381768
424.867,1,1,46.9167,-17.2499,-1.12283,0.18635,-0.0586504,-0.00381768

orb:1,1,0.0578178,1.00163,3.61211,0,0,-3.07521ptc:420.845,0,1,-49.8899,-2.95635,-1.50365,-0.195074,-0.0100407,-0.0051069
420.845,1,1,49.8899,2.95635,1.50365,0.195074,0.0100407,0.0051069

orb:1,1,2.06127,1.05649,5.63693,0,0,-2.75718ptc:425.64,0,1,-46.3509,14.9697,-11.2917,-0.184701,0.0509089,-0.0384009
425.64,1,1,46.3509,-14.9697,11.2917,0.184701,-0.0509089,0.0384009

orb:1,1,0.0723565,1.00204,2.21184,0,0,-3.06735ptc:420.882,0,1,-49.8623,-2.21801,2.97257,-0.194992,-0.00753318,0.0100959
420.882,1,1,49.8623,2.21801,-2.97257,0.194992,0.00753318,-0.0100959

orb:1,1,5.37809,1.14154,5.99989,0,0,-2.54793ptc:432.428,0,1,-41.4448,26.8553,-7.81815,-0.170567,0.0915289,-0.0266461
432.428,1,1,41.4448,-26.8553,7.81815,0.170567,-0.0915289,0.0266461

orb:1,1,3.69103,1.09911,3.58711,0,0,-2.63882ptc:429.134,0,1,-43.8125,-21.7412,-10.3822,-0.17735,-0.0740165,-0.0353458
429.134,1,1,43.8125,21.7412,10.3822,0.17735,0.0740165,0.0353458

orb:1,1,0.747263,1.02084,5.87012,0,0,-2.90552ptc:422.564,0,1,-48.6132,10.7107,-4.6943,-0.191316,0.0363936,-0.0159506
422.564,1,1,48.6132,-10.7107,4.6943,0.191316,-0.0363936,0.0159506

orb:1,1,1.34629,1.03725,4.18659,0,0,-2.82761ptc:423.997,0,1,-47.5556,-7.75055,-13.3564,-0.188216,-0.0263457,-0.045401
423.997,1,1,47.5556,7.75055,13.3564,0.188216,0.0263457,0.045401

orb:1,1,2.27455,1.06217,3.13745,0,0,-2.73902ptc:426.117,0,1,-46.0029,-19.5889,0.0810573,-0.183688,-0.0666274,0.000275698
426.117,1,1,46.0029,19.5889,-0.0810573,0.183688,0.0666274,-0.000275698

orb:1,1,2.90611,1.07879,4.01045,0,0,-2.69062ptc:427.493,0,1,-45.0012,-14.0711,-16.6402,-0.180783,-0.0478796,-0.0566213
427.493,1,1,45.0012,14.0711,16.6402,0.180783,0.0478796,0.0566213

orb:1,1,1.10755,1.03074,2.56241,0,0,-2.85578ptc:423.433,0,1,-47.9716,-11.7979,7.71579,-0.189434,-0.0400971,0.0262234
423.433,1,1,47.9716,11.7979,-7.71579,0.189434,0.0400971,-0.0262234

orb:1,1,1.77823,1.04892,0.974001,0,0,-2.78306ptc:424.998,0,1,-46.8206,9.86022,14.5122,-0.18607,0.0335264,0.0493439
424.998,1,1,46.8206,-9.86022,-14.5122,0.18607,-0.0335264,-0.0493439

orb:1,1,3.81111,1.10218,4.48694,0,0,-2.63153ptc:429.379,0,1,-43.6358,-5.45704,-23.7937,-0.176841,-0.0185797,-0.0810107
429.379,1,1,43.6358,5.45704,23.7937,0.176841,0.0185797,0.0810107

orb:1,1,4.62083,1.12269,6.22069,0,0,-2.58594ptc:430.987,0,1,-42.4779,26.3233,-1.64735,-0.173518,0.089671,-0.00561176
430.987,1,1,42.4779,-26.3233,1.64735,0.173518,-0.089671,0.00561176

orb:1,1,3.75921,1.10085,1.3606,0,0,-2.63466ptc:429.274,0,1,-43.712,5.06486,23.7405,-0.17706,0.0172438,0.0808268
429.274,1,1,43.712,-5.06486,-23.7405,0.17706,-0.0172438,-0.0808268

orb:1,1,2.07677,1.05691,5.88339,0,0,-2.75582ptc:425.675,0,1,-46.3254,17.33,-7.3229,-0.184627,0.0589365,-0.024904
425.675,1,1,46.3254,-17.33,7.3229,0.184627,-0.0589365,0.024904

orb:1,1,5.48626,1.14421,1.24457,0,0,-2.5428ptc:432.63,0,1,-41.3009,9.03155,26.6958,-0.170158,0.0307838,0.0909918
432.63,1,1,41.3009,-9.03155,-26.6958,0.170158,-0.0307838,-0.0909918

orb:1,1,2.84271,1.07713,2.65182,0,0,-2.69517ptc:427.357,0,1,-45.0999,-19.0493,10.1551,-0.181068,-0.0648161,0.034553
427.357,1,1,45.0999,19.0493,-10.1551,0.181068,0.0648161,-0.034553

orb:1,1,5.415,1.14245,2.71131,0,0,-2.54617ptc:432.497,0,1,-41.3956,-25.4868,11.6974,-0.170427,-0.0868668,0.0398684
432.497,1,1,41.3956,25.4868,-11.6974,0.170427,0.0868668,-0.0398684

orb:1,1,0.344644,1.00967,3.33265,0,0,-2.98026ptc:421.57,0,1,-49.3507,-7.88573,-1.52526,-0.193485,-0.0267876,-0.00518127
421.57,1,1,49.3507,7.88573,1.52526,0.193485,0.0267876,0.00518127

orb:1,1,0.590617,1.01651,3.63881,0,0,-2.93121ptc:422.18,0,1,-48.8975,-9.17758,-4.98059,-0.192151,-0.031181,-0.0169216
422.18,1,1,48.8975,9.17758,4.98059,0.192151,0.031181,0.0169216

orb:1,1,4.46534,1.11878,1.78209,0,0,-2.59426ptc:430.684,0,1,-42.6958,-5.45714,25.4418,-0.174142,-0.018588,0.0866594
430.684,1,1,42.6958,5.45714,-25.4418,0.174142,0.018588,-0.0866594

orb:1,1,4.96666,1.13134,0.881229,0,0,-2.56809ptc:431.653,0,1,-42.0004,17.2594,20.9304,-0.172152,0.058808,0.0713162
431.653,1,1,42.0004,-17.2594,-20.9304,0.172152,-0.058808,-0.0713162

orb:1,1,5.12885,1.13537,2.35649,0,0,-2.56001ptc:431.961,0,1,-41.7798,-19.4281,19.4165,-0.171522,-0.0662046,0.0661648
431.961,1,1,41.7798,19.4281,-19.4165,0.171522,0.0662046,-0.0661648

orb:1,1,1.81182,1.04982,4.98296,0,0,-2.77987ptc:425.075,0,1,-46.7644,4.72931,-17.0507,-0.185906,0.0160808,-0.0579764
425.075,1,1,46.7644,-4.72931,17.0507,0.185906,-0.0160808,0.0579764

orb:1,1,2.58485,1.07037,1.02249,0,0,-2.71434ptc:426.799,0,1,-45.5055,10.7993,17.6813,-0.182244,0.0367388,0.0601511
426.799,1,1,45.5055,-10.7993,-17.6813,0.182244,-0.0367388,-0.0601511

orb:1,1,1.50747,1.04162,4.19252,0,0,-2.81015ptc:424.374,0,1,-47.2787,-8.08254,-14.1207,-0.187407,-0.0274771,-0.0480042
424.374,1,1,47.2787,8.08254,14.1207,0.187407,0.0274771,0.0480042

orb:1,1,2.70329,1.07348,2.83292,0,0,-2.7054ptc:427.057,0,1,-45.3183,-20.1262,6.41753,-0.181701,-0.0684742,0.0218339
427.057,1,1,45.3183,20.1262,-6.41753,0.181701,0.0684742,-0.0218339

orb:1,1,3.95682,1.1059,0.675574,0,0,-2.62289ptc:429.674,0,1,-43.4231,19.3431,15.5009,-0.17623,0.0658639,0.0527812
429.674,1,1,43.4231,-19.3431,-15.5009,0.17623,-0.0658639,-0.0527812

orb:1,1,3.97654,1.1064,2.56604,0,0,-2.62174ptc:429.714,0,1,-43.3945,-20.8362,13.5192,-0.176147,-0.0709491,0.046034
429.714,1,1,43.3945,20.8362,-13.5192,0.176147,0.0709491,-0.046034

orb:1,1,2.79831,1.07597,3.31377,0,0,-2.69839ptc:427.262,0,1,-45.1692,-21.1245,-3.67357,-0.181269,-0.0718751,-0.0124991
427.262,1,1,45.1692,21.1245,3.67357,0.181269,0.0718751,0.0124991

orb:1,1,2.55077,1.06947,0.888225,0,0,-2.71696ptc:426.725,0,1,-45.5596,12.9937,15.9839,-0.182401,0.0442032,0.0543756
426.725,1,1,45.5596,-12.9937,-15.9839,0.182401,-0.0442032,-0.0543756

orb:1,1,4.56226,1.12122,1.42296,0,0,-2.58905ptc:430.874,0,1,-42.5597,3.86546,25.9562,-0.173752,0.0131673,0.0884172
430.874,1,1,42.5597,-3.86546,-25.9562,0.173752,-0.0131673,-0.0884172

orb:1,1,0.594479,1.01661,4.3639,0,0,-2.93053ptc:422.19,0,1,-48.8905,-3.57699,-9.84523,-0.192131,-0.0121529,-0.0334495
422.19,1,1,48.8905,3.57699,9.84523,0.192131,0.0121529,0.0334495

orb:1,1,3.12295,1.08444,5.3405,0,0,-2.67551ptc:427.954,0,1,-44.6668,13.2035,-18.1809,-0.179815,0.0449339,-0.0618728
427.954,1,1,44.6668,-13.2035,18.1809,0.179815,-0.0449339,0.0618728

orb:1,1,0.382182,1.01071,2.92528,0,0,-2.9718ptc:421.663,0,1,-49.281,-8.2521,1.81345,-0.193279,-0.0280328,0.00616037
421.663,1,1,49.281,8.2521,-1.81345,0.193279,0.0280328,-0.00616037

orb:1,1,0.521451,1.01459,2.19577,0,0,-2.94369ptc:422.009,0,1,-49.0241,-5.75161,7.97231,-0.192524,-0.0195403,0.0270849
422.009,1,1,49.0241,5.75161,-7.97231,0.192524,0.0195403,-0.0270849

orb:1,1,2.83479,1.07693,2.75842,0,0,-2.69574ptc:427.34,0,1,-45.1122,-19.9977,8.06101,-0.181104,-0.0680426,0.0274278
427.34,1,1,45.1122,19.9977,-8.06101,0.181104,0.0680426,-0.0274278

orb:1,1,2.30212,1.0629,0.97742,0,0,-2.73675ptc:426.178,0,1,-45.9583,11.0119,16.3271,-0.183559,0.0374553,0.0555339
426.178,1,1,45.9583,-11.0119,-16.3271,0.183559,-0.0374553,-0.0555339

orb:1,1,3.57753,1.09619,2.95646,0,0,-2.64585ptc:428.902,0,1,-43.9807,-23.378,4.37821,-0.177835,-0.0795831,0.0149043
428.902,1,1,43.9807,23.378,-4.37821,0.177835,0.0795831,-0.0149043

orb:1,1,4.29622,1.11451,1.35065,0,0,-2.60353ptc:430.351,0,1,-42.9352,5.5955,25.0052,-0.174828,0.0190572,0.0851625
430.351,1,1,42.9352,-5.5955,-25.0052,0.174828,-0.0190572,-0.0851625

orb:1,1,4.0811,1.10906,4.0517,0,0,-2.61568ptc:429.923,0,1,-43.2433,-15.403,-19.8183,-0.175713,-0.0524519,-0.0674878
429.923,1,1,43.2433,15.403,19.8183,0.175713,0.0524519,0.0674878

orb:1,1,2.46257,1.06714,3.08182,0,0,-2.72385ptc:426.532,0,1,-45.7003,-20.2489,1.21185,-0.182809,-0.0688806,0.00412234
426.532,1,1,45.7003,20.2489,-1.21185,0.182809,0.0688806,-0.00412234

orb:1,1,0.792317,1.02208,2.52978,0,0,-2.89868ptc:422.674,0,1,-48.532,-9.8451,6.90755,-0.191078,-0.0334533,0.0234717
422.674,1,1,48.532,9.8451,-6.90755,0.191078,0.0334533,-0.0234717

orb:1,1,3.21841,1.08692,1.09413,0,0,-2.66907ptc:428.155,0,1,-44.521,10.4413,20.2202,-0.179394,0.0355357,0.0688172
428.155,1,1,44.521,-10.4413,-20.2202,0.179394,-0.0355357,-0.0688172

orb:1,1,2.65836,1.0723,6.13844,0,0,-2.70876ptc:426.959,0,1,-45.3891,20.7527,-3.02496,-0.181907,0.0706035,-0.0102913
426.959,1,1,45.3891,-20.7527,3.02496,0.181907,-0.0706035,0.0102913

orb:1,1,5.4406,1.14308,2.848,0,0,-2.54496ptc:432.545,0,1,-41.3615,-26.891,8.12994,-0.17033,-0.0916546,0.0277098
432.545,1,1,41.3615,26.891,-8.12994,0.17033,0.0916546,-0.0277098

orb:1,1,5.55797,1.14597,1.06759,0,0,-2.53944ptc:432.762,0,1,-41.206,13.6572,24.8102,-0.169887,0.0465524,0.0845688
432.762,1,1,41.206,-13.6572,-24.8102,0.169887,-0.0465524,-0.0845688

orb:1,1,3.7437,1.10045,4.50595,0,0,-2.6356ptc:429.242,0,1,-43.7348,-4.96737,-23.7191,-0.177126,-0.0169117,-0.080753
429.242,1,1,43.7348,4.96737,23.7191,0.177126,0.0169117,0.080753

orb:1,1,0.564637,1.01579,4.13527,0,0,-2.9358ptc:422.116,0,1,-48.945,-5.57458,-8.56234,-0.192291,-0.0189394,-0.0290902
422.116,1,1,48.945,5.57458,8.56234,0.192291,0.0189394,0.0290902

orb:1,1,2.56553,1.06986,3.67372,0,0,-2.71583ptc:426.757,0,1,-45.5362,-17.7955,-10.4776,-0.182333,-0.0605389,-0.0356439
426.757,1,1,45.5362,17.7955,10.4776,0.182333,0.0605389,0.0356439

orb:1,1,1.85996,1.05111,0.289091,0,0,-2.77535ptc:425.185,0,1,-46.684,17.1623,5.10446,-0.185671,0.0583578,0.0173569
425.185,1,1,46.684,-17.1623,-5.10446,0.185671,-0.0583578,-0.0173569

orb:1,1,1.88563,1.0518,6.26602,0,0,-2.77297ptc:425.243,0,1,-46.6413,18.0137,-0.309328,-0.185547,0.0612539,-0.00105184
425.243,1,1,46.6413,-18.0137,0.309328,0.185547,-0.0612539,0.00105184

orb:1,1,5.25055,1.13839,2.91242,0,0,-2.55406ptc:432.19,0,1,-41.6156,-26.9908,6.29604,-0.171054,-0.091983,0.0214566
432.19,1,1,41.6156,26.9908,-6.29604,0.171054,0.091983,-0.0214566

orb:1,1,3.26806,1.08821,3.86059,0,0,-2.66576ptc:428.259,0,1,-44.4456,-17.2345,-15.0852,-0.179176,-0.0586575,-0.0513423
428.259,1,1,44.4456,17.2345,15.0852,0.179176,0.0586575,0.0513423

orb:1,1,4.44697,1.11832,0.610384,0,0,-2.59526ptc:430.648,0,1,-42.7217,21.2871,14.8901,-0.174216,0.0725067,0.0507177
430.648,1,1,42.7217,-21.2871,-14.8901,0.174216,-0.0725067,-0.0507177

orb:1,1,4.47768,1.11909,5.12755,0,0,-2.59359ptc:430.708,0,1,-42.6785,10.5066,-23.8361,-0.174092,0.0357876,-0.0811907
430.708,1,1,42.6785,-10.5066,23.8361,0.174092,-0.0357876,0.0811907

orb:1,1,5.54853,1.14574,0.612234,0,0,-2.53988ptc:432.745,0,1,-41.2185,23.1619,16.2654,-0.169923,0.0789498,0.0554424
432.745,1,1,41.2185,-23.1619,-16.2654,0.169923,-0.0789498,-0.0554424

orb:1,1,2.41757,1.06595,2.9634,0,0,-2.72741ptc:426.433,0,1,-45.7723,-19.8033,3.56656,-0.183019,-0.067363,0.012132
426.433,1,1,45.7723,19.8033,-3.56656,0.183019,0.067363,-0.012132

orb:1,1,0.0518151,1.00146,5.74294,0,0,-3.07874ptc:420.83,0,1,-49.9013,2.69317,-1.61526,-0.195108,0.00914687,-0.00548595
420.83,1,1,49.9013,-2.69317,1.61526,0.195108,-0.00914687,0.00548595

orb:1,1,0.61887,1.01729,2.90558,0,0,-2.92633ptc:422.25,0,1,-48.846,-10.3843,2.49735,-0.192,-0.0352814,0.00848497
422.25,1,1,48.846,10.3843,-2.49735,0.192,0.0352814,-0.00848497

orb:1,1,3.58385,1.09635,5.36588,0,0,-2.64545ptc:428.915,0,1,-43.9713,14.4707,-18.8978,-0.177808,0.0492611,-0.0643318
428.915,1,1,43.9713,-14.4707,18.8978,0.177808,-0.0492611,0.0643318

orb:1,1,1.96724,1.05398,3.04452,0,0,-2.76553ptc:425.428,0,1,-46.5059,-18.2765,1.77967,-0.185152,-0.0621509,0.00605193
425.428,1,1,46.5059,18.2765,-1.77967,0.185152,0.0621509,-0.00605193

orb:1,1,0.590601,1.01651,5.52888,0,0,-2.93121ptc:422.18,0,1,-48.8975,7.60941,-7.1504,-0.192151,0.0258531,-0.0242936
422.18,1,1,48.8975,-7.60941,7.1504,0.192151,-0.0258531,0.0242936

orb:1,1,1.95893,1.05376,5.60294,0,0,-2.76628ptc:425.41,0,1,-46.5197,14.2487,-11.528,-0.185192,0.0484535,-0.0392019
425.41,1,1,46.5197,-14.2487,11.528,0.185192,-0.0484535,0.0392019

orb:1,1,5.25262,1.13844,5.06095,0,0,-2.55396ptc:432.194,0,1,-41.6128,9.46754,-26.0526,-0.171046,0.0322649,-0.0887859
432.194,1,1,41.6128,-9.46754,26.0526,0.171046,-0.0322649,0.0887859

orb:1,1,2.95835,1.08016,2.81184,0,0,-2.68692ptc:427.604,0,1,-44.9202,-20.7754,7.11034,-0.180548,-0.0706948,0.0241951
427.604,1,1,44.9202,20.7754,-7.11034,0.180548,0.0706948,-0.0241951

orb:1,1,5.34635,1.14076,1.9215,0,0,-2.54944ptc:432.369,0,1,-41.4872,-9.58771,26.2086,-0.170688,-0.0326764,0.089323
432.369,1,1,41.4872,9.58771,-26.2086,0.170688,0.0326764,-0.089323

orb:1,1,0.783844,1.02185,2.77759,0,0,-2.89995ptc:422.653,0,1,-48.5473,-11.181,4.25973,-0.191122,-0.0379925,0.0144744
422.653,1,1,48.5473,11.181,-4.25973,0.191122,0.0379925,-0.0144744

orb:1,1,5.47825,1.14401,5.67262,0,0,-2.54318ptc:432.615,0,1,-41.3115,23.0776,-16.1488,-0.170188,0.0786588,-0.0550424
432.615,1,1,41.3115,-23.0776,16.1488,0.170188,-0.0786588,0.0550424

orb:1,1,2.33592,1.06379,1.35287,0,0,-2.73399ptc:426.253,0,1,-45.9037,4.28532,19.3517,-0.1834,0.0145761,0.0658229
426.253,1,1,45.9037,-4.28532,-19.3517,0.1834,-0.0145761,-0.0658229

orb:1,1,1.32079,1.03655,5.25261,0,0,-2.83048ptc:423.938,0,1,-47.5997,7.87214,-13.1262,-0.188345,0.0267586,-0.044618
423.938,1,1,47.5997,-7.87214,13.1262,0.188345,-0.0267586,0.044618

orb:1,1,1.53297,1.04231,2.37803,0,0,-2.80749ptc:424.433,0,1,-47.2352,-11.8442,11.338,-0.18728,-0.0402658,0.0385448
424.433,1,1,47.2352,11.8442,-11.338,0.18728,0.0402658,-0.0385448

orb:1,1,2.26558,1.06193,4.34734,0,0,-2.73977ptc:426.097,0,1,-46.0174,-6.981,-18.2664,-0.183731,-0.0237442,-0.0621287
426.097,1,1,46.0174,6.981,18.2664,0.183731,0.0237442,0.0621287

orb:1,1,3.99998,1.107,2.92714,0,0,-2.62037ptc:429.761,0,1,-43.3605,-24.3268,5.2985,-0.17605,-0.0828359,0.0180421
429.761,1,1,43.3605,24.3268,-5.2985,0.17605,0.0828359,-0.0180421

orb:1,1,5.45184,1.14336,1.8333,0,0,-2.54443ptc:432.566,0,1,-41.3466,-7.2958,27.152,-0.170288,-0.0248669,0.0925446
432.566,1,1,41.3466,7.2958,-27.152,0.170288,0.0248669,-0.0925446

orb:1,1,4.17955,1.11156,4.4552,0,0,-2.61007ptc:430.12,0,1,-43.1018,-6.44618,-24.5088,-0.175306,-0.0219527,-0.0834658
430.12,1,1,43.1018,6.44618,24.5088,0.175306,0.0219527,0.0834658

orb:1,1,1.6115,1.04443,2.4302,0,0,-2.79944ptc:424.615,0,1,-47.1017,-12.7069,10.9528,-0.18689,-0.0432009,0.0372374
424.615,1,1,47.1017,12.7069,-10.9528,0.18689,0.0432009,-0.0372374

orb:1,1,4.23683,1.11301,0.8438,0,0,-2.60684ptc:430.234,0,1,-43.0199,16.9355,19.0389,-0.175071,0.0576768,0.0648401
430.234,1,1,43.0199,-16.9355,-19.0389,0.175071,-0.0576768,-0.0648401

orb:1,1,0.384,1.01076,4.8187,0,0,-2.9714ptc:421.668,0,1,-49.2776,0.898653,-8.42083,-0.19327,0.00305278,-0.0286061
421.668,1,1,49.2776,-0.898653,8.42083,0.19327,-0.00305278,0.0286061

orb:1,1,0.475377,1.01331,3.29376,0,0,-2.9525ptc:421.895,0,1,-49.1088,-9.28971,-1.42458,-0.192773,-0.0315596,-0.00483966
421.895,1,1,49.1088,9.28971,1.42458,0.192773,0.0315596,0.00483966

orb:1,1,3.5037,1.09429,2.57784,0,0,-2.65049ptc:428.749,0,1,-44.0908,-19.931,12.6001,-0.178152,-0.0678455,0.0428909
428.749,1,1,44.0908,19.931,-12.6001,0.178152,0.0678455,-0.0428909

orb:1,1,3.37241,1.09091,3.83492,0,0,-2.65892ptc:428.477,0,1,-44.2878,-17.8495,-14.8319,-0.17872,-0.0607548,-0.0504838
428.477,1,1,44.2878,17.8495,14.8319,0.17872,0.0607548,0.0504838

orb:1,1,3.21739,1.08689,1.84041,0,0,-2.66913ptc:428.153,0,1,-44.5226,-6.06069,21.9319,-0.179398,-0.0206268,0.0746426
428.153,1,1,44.5226,6.06069,-21.9319,0.179398,0.0206268,-0.0746426

orb:1,1,2.05988,1.05646,5.70175,0,0,-2.7573ptc:425.637,0,1,-46.3532,15.6649,-10.2953,-0.184708,0.0532732,-0.0350121
425.637,1,1,46.3532,-15.6649,10.2953,0.184708,-0.0532732,0.0350121

orb:1,1,5.29319,1.13944,1.8871,0,0,-2.552ptc:432.27,0,1,-41.5583,-8.64784,26.4219,-0.170891,-0.0294722,0.090047
432.27,1,1,41.5583,8.64784,-26.4219,0.170891,0.0294722,-0.090047

orb:1,1,1.26259,1.03497,5.01534,0,0,-2.83715ptc:423.8,0,1,-47.7006,4.47151,-14.3057,-0.188641,0.0151987,-0.0486254
423.8,1,1,47.7006,-4.47151,14.3057,0.188641,-0.0151987,0.0486254

orb:1,1,0.209691,1.00589,2.66795,0,0,-3.01548ptc:421.23,0,1,-49.6029,-5.59672,2.86863,-0.194228,-0.0190102,0.00974379
421.23,1,1,49.6029,5.59672,-2.86863,0.194228,0.0190102,-0.00974379

orb:1,1,5.29753,1.13955,3.22577,0,0,-2.55179ptc:432.278,0,1,-41.5525,-27.7114,-2.33821,-0.170874,-0.0944416,-0.00796872
432.278,1,1,41.5525,27.7114,2.33821,0.170874,0.0944416,0.00796872

orb:1,1,0.621642,1.01737,5.52652,0,0,-2.92585ptc:422.257,0,1,-48.8409,7.78278,-7.3479,-0.191985,0.0264427,-0.0249651
422.257,1,1,48.8409,-7.78278,7.3479,0.191985,-0.0264427,0.0249651

orb:1,1,4.20676,1.11225,3.87506,0,0,-2.60853ptc:430.174,0,1,-43.0628,-18.8748,-17.0098,-0.175194,-0.0642801,-0.0579285
430.174,1,1,43.0628,18.8748,17.0098,0.175194,0.0642801,0.0579285

orb:1,1,3.7553,1.10075,4.96156,0,0,-2.6349ptc:429.266,0,1,-43.7177,5.98363,-23.515,-0.177077,0.0203718,-0.080059
429.266,1,1,43.7177,-5.98363,23.515,0.177077,-0.0203718,0.080059

orb:1,1,4.21465,1.11245,2.35616,0,0,-2.60809ptc:430.19,0,1,-43.0515,-17.9795,17.9806,-0.175162,-0.0612313,0.061235
430.19,1,1,43.0515,17.9795,-17.9806,0.175162,0.0612313,-0.061235

orb:1,1,3.06098,1.08283,2.74241,0,0,-2.67976ptc:427.823,0,1,-44.7619,-20.5278,8.65925,-0.18009,-0.0698569,0.0294677
427.823,1,1,44.7619,20.5278,-8.65925,0.18009,0.0698569,-0.0294677

orb:1,1,4.21215,1.11239,5.47941,0,0,-2.60823ptc:430.185,0,1,-43.0551,17.6424,-18.3031,-0.175172,0.060083,-0.0623332
430.185,1,1,43.0551,-17.6424,18.3031,0.175172,-0.060083,0.0623332

orb:1,1,3.64756,1.09799,0.452532,0,0,-2.64149ptc:429.045,0,1,-43.8767,21.5623,10.4832,-0.177535,0.0734056,0.0356884
429.045,1,1,43.8767,-21.5623,-10.4832,0.177535,-0.0734056,-0.0356884

orb:1,1,5.04626,1.13332,2.02852,0,0,-2.5641ptc:431.804,0,1,-41.8918,-12.0624,24.4862,-0.171842,-0.0411023,0.0834363
431.804,1,1,41.8918,12.0624,-24.4862,0.171842,0.0411023,-0.0834363

orb:1,1,3.83353,1.10275,2.5103,0,0,-2.63019ptc:429.425,0,1,-43.6029,-19.7538,14.442,-0.176747,-0.0672571,0.0491716
429.425,1,1,43.6029,19.7538,-14.442,0.176747,0.0672571,-0.0491716

orb:1,1,4.87034,1.12894,5.49308,0,0,-2.57298ptc:431.469,0,1,-42.1324,18.9478,-19.127,-0.172529,0.0645568,-0.0651674
431.469,1,1,42.1324,-18.9478,19.127,0.172529,-0.0645568,0.0651674

orb:1,1,1.61439,1.0445,4.54037,0,0,-2.79915ptc:424.622,0,1,-47.0968,-2.87396,-16.5418,-0.186876,-0.0097709,-0.0562389
424.622,1,1,47.0968,2.87396,16.5418,0.186876,0.0097709,0.0562389

orb:1,1,2.0674,1.05666,5.90748,0,0,-2.75664ptc:425.654,0,1,-46.3408,17.4661,-6.88931,-0.184672,0.059399,-0.0234292
425.654,1,1,46.3408,-17.4661,6.88931,0.184672,-0.059399,0.0234292

orb:1,1,4.05629,1.10843,4.46687,0,0,-2.61711ptc:429.874,0,1,-43.2791,-6.08584,-24.2875,-0.175815,-0.0207239,-0.0827054
429.874,1,1,43.2791,6.08584,24.2875,0.175815,0.0207239,0.0827054

orb:1,1,4.07552,1.10892,0.409037,0,0,-2.616ptc:429.912,0,1,-43.2513,23.0168,9.97746,-0.175736,0.0783792,0.0339763
429.912,1,1,43.2513,-23.0168,-9.97746,0.175736,-0.0783792,-0.0339763

orb:1,1,1.42199,1.0393,4.39225,0,0,-2.81927ptc:424.175,0,1,-47.4252,-4.98428,-15.0336,-0.187835,-0.0169434,-0.0511049
424.175,1,1,47.4252,4.98428,15.0336,0.187835,0.0169434,0.0511049

orb:1,1,2.00836,1.05508,1.25137,0,0,-2.76185ptc:425.521,0,1,-46.438,5.82009,17.5965,-0.184955,0.0197923,0.0598401
425.521,1,1,46.438,-5.82009,-17.5965,0.184955,-0.0197923,-0.0598401

orb:1,1,0.574052,1.01605,5.57814,0,0,-2.93412ptc:422.139,0,1,-48.9278,7.84371,-6.67462,-0.19224,0.0266489,-0.0226769
422.139,1,1,48.9278,-7.84371,6.67462,0.19224,-0.0266489,0.0226769

orb:1,1,2.18458,1.05978,5.60852,0,0,-2.74655ptc:425.917,0,1,-46.1491,15.0265,-12.0194,-0.184114,0.0511063,-0.040879
425.917,1,1,46.1491,-15.0265,12.0194,0.184114,-0.0511063,0.040879

orb:1,1,3.12976,1.08462,3.47416,0,0,-2.67505ptc:427.968,0,1,-44.6564,-21.2579,-7.34249,-0.179785,-0.0723446,-0.0249879
427.968,1,1,44.6564,21.2579,7.34249,0.179785,0.0723446,0.0249879

orb:1,1,1.16097,1.0322,2.2426,0,0,-2.8492ptc:423.56,0,1,-47.8779,-8.97002,11.2802,-0.18916,-0.0304872,0.0383391
423.56,1,1,47.8779,8.97002,-11.2802,0.18916,0.0304872,-0.0383391

orb:1,1,0.422982,1.01185,1.53011,0,0,-2.96308ptc:421.765,0,1,-49.2054,0.361166,8.87099,-0.193057,0.00122694,0.0301361
421.765,1,1,49.2054,-0.361166,-8.87099,0.193057,-0.00122694,-0.0301361

orb:1,1,3.47276,1.09349,2.90484,0,0,-2.65246ptc:428.685,0,1,-44.1371,-22.8376,5.51031,-0.178285,-0.0777382,0.0187568
428.685,1,1,44.1371,22.8376,-5.51031,0.178285,0.0777382,-0.0187568

orb:1,1,4.80977,1.12742,6.18146,0,0,-2.57608ptc:431.353,0,1,-42.2158,26.6538,-2.7207,-0.172768,0.0908082,-0.00926931
431.353,1,1,42.2158,-26.6538,2.7207,0.172768,-0.0908082,0.00926931

orb:1,1,4.2831,1.11418,2.81583,0,0,-2.60426ptc:430.325,0,1,-42.9539,-24.2463,8.19032,-0.174882,-0.0825773,0.0278944
430.325,1,1,42.9539,24.2463,-8.19032,0.174882,0.0825773,-0.0278944

orb:1,1,5.56399,1.14612,2.63336,0,0,-2.53916ptc:432.773,0,1,-41.1981,-24.7512,13.7876,-0.169865,-0.0843681,0.0469969
432.773,1,1,41.1981,24.7512,-13.7876,0.169865,0.0843681,-0.0469969

orb:1,1,3.9128,1.10478,1.74138,0,0,-2.62548ptc:429.585,0,1,-43.4872,-4.18874,24.3171,-0.176414,-0.0142624,0.0827982
429.585,1,1,43.4872,4.18874,-24.3171,0.176414,0.0142624,-0.0827982

orb:1,1,2.27885,1.06228,2.69605,0,0,-2.73867ptc:426.126,0,1,-45.9959,-17.6915,8.44893,-0.183668,-0.0601738,0.0287372
426.126,1,1,45.9959,17.6915,-8.44893,0.183668,0.0601738,-0.0287372

orb:1,1,3.29993,1.08903,4.54707,0,0,-2.66366ptc:428.326,0,1,-44.3973,-3.7845,-22.6839,-0.179036,-0.0128808,-0.0772061
428.326,1,1,44.3973,3.7845,22.6839,0.179036,0.0128808,0.0772061

orb:1,1,2.02716,1.05558,0.700762,0,0,-2.76018ptc:425.564,0,1,-46.407,14.2257,12.0007,-0.184864,0.0483778,0.0408111
425.564,1,1,46.407,-14.2257,-12.0007,0.184864,-0.0483778,-0.0408111

orb:1,1,3.48288,1.09376,5.85969,0,0,-2.65182ptc:428.706,0,1,-44.1219,21.4435,-9.6662,-0.178242,0.072993,-0.0329035
428.706,1,1,44.1219,-21.4435,9.6662,0.178242,-0.072993,0.0329035

orb:1,1,4.89821,1.12963,4.79819,0,0,-2.57156ptc:431.522,0,1,-42.0941,2.31235,-26.8838,-0.17242,0.00787853,-0.0915971
431.522,1,1,42.0941,-2.31235,26.8838,0.17242,-0.00787853,0.0915971

orb:1,1,1.45762,1.04027,4.95041,0,0,-2.81544ptc:424.258,0,1,-47.364,3.77734,-15.5686,-0.187656,0.0128409,-0.0529247
424.258,1,1,47.364,-3.77734,15.5686,0.187656,-0.0128409,0.0529247

orb:1,1,5.09581,1.13455,0.810903,0,0,-2.56164ptc:431.898,0,1,-41.8245,18.8737,19.8618,-0.17165,0.0643138,0.0676811
431.898,1,1,41.8245,-18.8737,-19.8618,0.17165,-0.0643138,-0.0676811

orb:1,1,5.29619,1.13952,6.1337,0,0,-2.55185ptc:432.275,0,1,-41.5543,27.4971,-4.14125,-0.170879,0.0937112,-0.0141136
432.275,1,1,41.5543,-27.4971,4.14125,0.170879,-0.0937112,0.0141136

orb:1,1,5.19041,1.1369,0.582637,0,0,-2.55699ptc:432.077,0,1,-41.6966,23.0409,15.1826,-0.171285,0.0785189,0.0517395
432.077,1,1,41.6966,-23.0409,-15.1826,0.171285,-0.0785189,-0.0517395

orb:1,1,0.739058,1.02061,5.12061,0,0,-2.90679ptc:422.544,0,1,-48.628,4.61781,-10.6767,-0.19136,0.0156906,-0.0362778
422.544,1,1,48.628,-4.61781,10.6767,0.19136,-0.0156906,0.0362778

orb:1,1,2.04758,1.05613,1.4627,0,0,-2.75838ptc:425.61,0,1,-46.3734,2.01694,18.586,-0.184766,0.00685913,0.0632067
425.61,1,1,46.3734,-2.01694,-18.586,0.184766,-0.00685913,-0.0632067

orb:1,1,5.01025,1.13242,2.49918,0,0,-2.5659ptc:431.736,0,1,-41.9409,-21.7943,16.3087,-0.171982,-0.0742618,0.0555702
431.736,1,1,41.9409,21.7943,-16.3087,0.171982,0.0742618,-0.0555702

orb:1,1,3.42618,1.09229,5.36545,0,0,-2.65544ptc:428.589,0,1,-44.2069,14.1948,-18.5542,-0.178487,0.048317,-0.0631556
428.589,1,1,44.2069,-14.1948,18.5542,0.178487,-0.048317,0.0631556

orb:1,1,3.7421,1.10041,2.76712,0,0,-2.6357ptc:429.239,0,1,-43.7371,-22.5503,8.86265,-0.177133,-0.0767738,0.0301734
429.239,1,1,43.7371,22.5503,-8.86265,0.177133,0.0767738,-0.0301734

orb:1,1,1.73633,1.04779,0.659184,0,0,-2.78709ptc:424.903,0,1,-46.8909,13.72,10.6302,-0.186275,0.0466489,0.0361435
424.903,1,1,46.8909,-13.72,-10.6302,0.186275,-0.0466489,-0.0361435

orb:1,1,2.6367,1.07173,5.18114,0,0,-2.7104ptc:426.912,0,1,-45.4234,9.44095,-18.6437,-0.182006,0.0321189,-0.0634273
426.912,1,1,45.4234,-9.44095,18.6437,0.182006,-0.0321189,0.0634273

orb:1,1,5.33404,1.14045,4.66435,0,0,-2.55003ptc:432.346,0,1,-41.5036,-1.33883,-27.8506,-0.170735,-0.00456291,-0.0949184
432.346,1,1,41.5036,1.33883,27.8506,0.170735,0.00456291,0.0949184

orb:1,1,0.329547,1.00924,4.71218,0,0,-2.98379ptc:421.532,0,1,-49.3788,-0.00164636,-7.85735,-0.193567,-5.59257e-06,-0.0266909
421.532,1,1,49.3788,0.00164636,7.85735,0.193567,5.59257e-06,0.0266909

orb:1,1,0.34868,1.00978,3.04289,0,0,-2.97932ptc:421.58,0,1,-49.3432,-8.03854,0.795979,-0.193463,-0.0273068,0.00270393
421.58,1,1,49.3432,8.03854,-0.795979,0.193463,0.0273068,-0.00270393

orb:1,1,2.35896,1.0644,0.0419315,0,0,-2.73212ptc:426.304,0,1,-45.8666,19.8887,0.834455,-0.183292,0.0676508,0.00283837
426.304,1,1,45.8666,-19.8887,-0.834455,0.183292,-0.0676508,-0.00283837

orb:1,1,2.19707,1.06011,2.81115,0,0,-2.7455ptc:425.944,0,1,-46.1287,-18.2473,6.25912,-0.184054,-0.0620609,0.0212879
425.944,1,1,46.1287,18.2473,-6.25912,0.184054,0.0620609,-0.0212879

orb:1,1,0.758865,1.02116,2.39876,0,0,-2.90374ptc:422.592,0,1,-48.5923,-8.67728,7.96837,-0.191255,-0.0294845,0.0270757
422.592,1,1,48.5923,8.67728,-7.96837,0.191255,0.0294845,-0.0270757

orb:1,1,5.51324,1.14487,4.66763,0,0,-2.54154ptc:432.68,0,1,-41.2652,-1.26335,-28.2062,-0.170056,-0.00430616,-0.0961418
432.68,1,1,41.2652,1.26335,28.2062,0.170056,0.00430616,0.0961418

orb:1,1,3.37552,1.09099,0.182833,0,0,-2.65872ptc:428.483,0,1,-44.2831,22.8295,4.22114,-0.178707,0.0777057,0.0143677
428.483,1,1,44.2831,-22.8295,-4.22114,0.178707,-0.0777057,-0.0143677

orb:1,1,1.83274,1.05038,5.61496,0,0,-2.7779ptc:425.123,0,1,-46.7295,13.961,-11.0204,-0.185804,0.0474715,-0.0374724
425.123,1,1,46.7295,-13.961,11.0204,0.185804,-0.0474715,0.0374724

orb:1,1,2.00217,1.05491,1.75233,0,0,-2.7624ptc:425.507,0,1,-46.4482,-3.34145,18.2043,-0.184984,-0.0113632,0.0619068
425.507,1,1,46.4482,3.34145,-18.2043,0.184984,0.0113632,-0.0619068

orb:1,1,4.31849,1.11508,6.24705,0,0,-2.6023ptc:430.395,0,1,-42.9035,25.6598,-0.927742,-0.174737,0.0873934,-0.00315975
430.395,1,1,42.9035,-25.6598,0.927742,0.174737,-0.0873934,0.00315975

orb:1,1,1.70036,1.04682,2.39836,0,0,-2.79059ptc:424.82,0,1,-46.9515,-12.6581,11.6332,-0.186451,-0.0430373,0.0395528
424.82,1,1,46.9515,12.6581,-11.6332,0.186451,0.0430373,-0.0395528

orb:1,1,1.44347,1.03988,4.2424,0,0,-2.81695ptc:424.225,0,1,-47.3883,-7.22265,-14.2191,-0.187727,-0.0245528,-0.0483368
424.225,1,1,47.3883,7.22265,14.2191,0.187727,0.0245528,0.0483368

orb:1,1,5.05203,1.13346,5.83392,0,0,-2.56382ptc:431.815,0,1,-41.884,24.5982,-11.86,-0.17182,0.0838182,-0.0404131
431.815,1,1,41.884,-24.5982,11.86,0.17182,-0.0838182,0.0404131

orb:1,1,2.6601,1.07235,0.781703,0,0,-2.70863ptc:426.963,0,1,-45.3864,14.8884,14.7788,-0.181899,0.0506523,0.0502793
426.963,1,1,45.3864,-14.8884,-14.7788,0.181899,-0.0506523,-0.0502793

orb:1,1,3.89951,1.10444,5.95418,0,0,-2.62626ptc:429.558,0,1,-43.5065,23.3194,-7.96154,-0.176469,0.0794005,-0.0271083
429.558,1,1,43.5065,-23.3194,7.96154,0.176469,-0.0794005,0.0271083

orb:1,1,4.69084,1.12445,4.77328,0,0,-2.58226ptc:431.123,0,1,-42.3804,1.61441,-26.4819,-0.173239,0.00549977,-0.0902156
431.123,1,1,42.3804,-1.61441,26.4819,0.173239,-0.00549977,0.0902156

orb:1,1,0.425017,1.01191,5.45945,0,0,-2.96266ptc:421.77,0,1,-49.2017,6.04682,-6.52924,-0.193046,0.0205419,-0.0221808
421.77,1,1,49.2017,-6.04682,6.52924,0.193046,-0.0205419,0.0221808

orb:1,1,4.80406,1.12728,4.2636,0,0,-2.57638ptc:431.342,0,1,-42.2237,-11.6191,-24.1279,-0.17279,-0.0395856,-0.0822024
431.342,1,1,42.2237,11.6191,24.1279,0.17279,0.0395856,0.0822024

orb:1,1,2.36208,1.06449,3.24548,0,0,-2.73187ptc:426.311,0,1,-45.8615,-19.8104,-2.06556,-0.183278,-0.0673846,-0.00702596
426.311,1,1,45.8615,19.8104,2.06556,0.183278,0.0673846,0.00702596

orb:1,1,4.18011,1.11157,0.059684,0,0,-2.61004ptc:430.121,0,1,-43.101,25.2986,1.51172,-0.175304,0.0861554,0.00514821
430.121,1,1,43.101,-25.2986,-1.51172,0.175304,-0.0861554,-0.00514821

orb:1,1,3.66262,1.09838,1.91622,0,0,-2.64056ptc:429.076,0,1,-43.8544,-8.13179,22.5978,-0.177471,-0.0276837,0.0769315
429.076,1,1,43.8544,8.13179,-22.5978,0.177471,0.0276837,-0.0769315

orb:1,1,0.240429,1.00675,3.81945,0,0,-3.00662ptc:421.308,0,1,-49.5452,-5.24086,-4.21951,-0.194058,-0.0178018,-0.0143326
421.308,1,1,49.5452,5.24086,4.21951,0.194058,0.0178018,0.0143326

orb:1,1,3.10784,1.08405,3.62878,0,0,-2.67654ptc:427.922,0,1,-44.6899,-19.8146,-10.4973,-0.179882,-0.0674317,-0.0357237
427.922,1,1,44.6899,19.8146,10.4973,0.179882,0.0674317,0.0357237

orb:1,1,2.28119,1.06234,3.25567,0,0,-2.73848ptc:426.132,0,1,-45.9921,-19.4868,-2.23274,-0.183657,-0.0662804,-0.00759418
426.132,1,1,45.9921,19.4868,2.23274,0.183657,0.0662804,0.00759418

orb:1,1,0.983228,1.02733,0.924942,0,0,-2.87178ptc:423.135,0,1,-48.1911,8.02146,10.643,-0.190077,0.0272601,0.0361691
423.135,1,1,48.1911,-8.02146,-10.643,0.190077,-0.0272601,-0.0361691

orb:1,1,2.6215,1.07133,2.54644,0,0,-2.71155ptc:426.879,0,1,-45.4474,-17.2614,11.6867,-0.182076,-0.058724,0.0397586
426.879,1,1,45.4474,17.2614,-11.6867,0.182076,0.058724,-0.0397586

orb:1,1,5.59546,1.1469,0.655868,0,0,-2.5377ptc:432.831,0,1,-41.1566,22.5016,17.3151,-0.169747,0.0767017,0.0590223
432.831,1,1,41.1566,-22.5016,-17.3151,0.169747,-0.0767017,-0.0590223

orb:1,1,3.15565,1.08529,1.2539,0,0,-2.67329ptc:428.023,0,1,-44.6168,7.03281,21.4449,-0.17967,0.0239344,0.0729824
428.023,1,1,44.6168,-7.03281,-21.4449,0.17967,-0.0239344,-0.0729824

orb:1,1,3.5141,1.09456,2.03669,0,0,-2.64984ptc:428.771,0,1,-44.0752,-10.6056,21.0926,-0.178107,-0.0361019,0.0718001
428.771,1,1,44.0752,10.6056,-21.0926,0.178107,0.0361019,-0.0718001

orb:1,1,4.22045,1.1126,1.64124,0,0,-2.60776ptc:430.201,0,1,-43.0433,-1.79069,25.3786,-0.175138,-0.00609843,0.08643
430.201,1,1,43.0433,1.79069,-25.3786,0.175138,0.00609843,-0.08643

orb:1,1,3.35957,1.09057,3.92416,0,0,-2.65975ptc:428.45,0,1,-44.3072,-16.4304,-16.3376,-0.178776,-0.055924,-0.0556084
428.45,1,1,44.3072,16.4304,16.3376,0.178776,0.055924,0.0556084

orb:1,1,0.774991,1.02161,5.24105,0,0,-2.90128ptc:422.632,0,1,-48.5632,6.00215,-10.2756,-0.191169,0.0203949,-0.0349156
422.632,1,1,48.5632,-6.00215,10.2756,0.191169,-0.0203949,0.0349156

orb:1,1,0.702963,1.01962,2.30642,0,0,-2.91247ptc:422.456,0,1,-48.6933,-7.62063,8.41968,-0.191551,-0.0258932,0.0286081
422.456,1,1,48.6933,7.62063,-8.41968,0.191551,0.0258932,-0.0286081

orb:1,1,4.66394,1.12377,3.36179,0,0,-2.58367ptc:431.071,0,1,-42.4178,-25.8321,-5.7819,-0.173346,-0.0880002,-0.0196968
431.071,1,1,42.4178,25.8321,5.7819,0.173346,0.0880002,0.0196968

orb:1,1,0.662197,1.01849,3.74438,0,0,-2.91907ptc:422.356,0,1,-48.7672,-9.0898,-6.256,-0.191768,-0.0308842,-0.0212559
422.356,1,1,48.7672,9.0898,6.256,0.191768,0.0308842,0.0212559

orb:1,1,2.57558,1.07012,5.65534,0,0,-2.71506ptc:426.779,0,1,-45.5202,16.7412,-12.151,-0.182287,0.0569526,-0.0413369
426.779,1,1,45.5202,-16.7412,12.151,0.182287,-0.0569526,0.0413369

orb:1,1,1.14681,1.03181,0.208196,0,0,-2.85093ptc:423.526,0,1,-47.9027,14.0199,2.96181,-0.189232,0.0476503,0.0100665
423.526,1,1,47.9027,-14.0199,-2.96181,0.189232,-0.0476503,-0.0100665

orb:1,1,0.894005,1.02488,0.687482,0,0,-2.88396ptc:422.92,0,1,-48.3499,9.84558,8.08432,-0.190543,0.0334572,0.0274721
422.92,1,1,48.3499,-9.84558,-8.08432,0.190543,-0.0334572,-0.0274721

orb:1,1,1.11303,1.03089,0.410816,0,0,-2.8551ptc:423.446,0,1,-47.962,12.954,5.64279,-0.189406,0.0440266,0.0191781
423.446,1,1,47.962,-12.954,-5.64279,0.189406,-0.0440266,-0.0191781

orb:1,1,4.05545,1.10841,5.51646,0,0,-2.61716ptc:429.872,0,1,-43.2803,18.0308,-17.3697,-0.175819,0.0613996,-0.0591483
429.872,1,1,43.2803,-18.0308,17.3697,0.175819,-0.0613996,0.0591483

orb:1,1,0.745389,1.02079,6.11619,0,0,-2.90581ptc:422.559,0,1,-48.6166,11.5177,-1.94148,-0.191326,0.0391356,-0.0065969
422.559,1,1,48.6166,-11.5177,1.94148,0.191326,-0.0391356,0.0065969

orb:1,1,1.79961,1.04949,3.36396,0,0,-2.78102ptc:425.047,0,1,-46.7848,-17.206,-3.8904,-0.185965,-0.0585039,-0.0132282
425.047,1,1,46.7848,17.206,3.8904,0.185965,0.0585039,0.0132282

orb:1,1,4.21593,1.11248,4.47499,0,0,-2.60802ptc:430.192,0,1,-43.0497,-5.98079,-24.7174,-0.175157,-0.0203683,-0.0841782
430.192,1,1,43.0497,5.98079,24.7174,0.175157,0.0203683,0.0841782

orb:1,1,3.56233,1.0958,6.00801,0,0,-2.6468ptc:428.87,0,1,-44.0033,22.8493,-6.45126,-0.1779,0.0777825,-0.0219611
428.87,1,1,44.0033,-22.8493,6.45126,0.1779,-0.0777825,0.0219611

orb:1,1,0.618814,1.01729,3.15251,0,0,-2.92634ptc:422.25,0,1,-48.8461,-10.6793,-0.116568,-0.192,-0.0362836,-0.000396048
422.25,1,1,48.8461,10.6793,0.116568,0.192,0.0362836,0.000396048

orb:1,1,3.68687,1.099,1.25383,0,0,-2.63907ptc:429.126,0,1,-43.8186,7.50589,22.8821,-0.177368,0.0255533,0.0779007
429.126,1,1,43.8186,-7.50589,-22.8821,0.177368,-0.0255533,-0.0779007

orb:1,1,4.29968,1.1146,1.94943,0,0,-2.60334ptc:430.358,0,1,-42.9303,-9.47491,23.8163,-0.174814,-0.0322697,0.0811137
430.358,1,1,42.9303,9.47491,-23.8163,0.174814,0.0322697,-0.0811137

orb:1,1,5.23293,1.13795,2.96385,0,0,-2.55492ptc:432.157,0,1,-41.6393,-27.2437,4.8939,-0.171122,-0.0928438,0.0166779
432.157,1,1,41.6393,27.2437,-4.8939,0.171122,0.0928438,-0.0166779

orb:1,1,2.56606,1.06987,2.1826,0,0,-2.71579ptc:426.758,0,1,-45.5353,-11.8618,16.9066,-0.18233,-0.040353,0.057515
426.758,1,1,45.5353,11.8618,-16.9066,0.18233,0.040353,-0.057515

orb:1,1,4.78091,1.1267,4.23566,0,0,-2.57757ptc:431.297,0,1,-42.2556,-12.2654,-23.7491,-0.172882,-0.0417869,-0.0809106
431.297,1,1,42.2556,12.2654,23.7491,0.172882,0.0417869,0.0809106

orb:1,1,4.82942,1.12792,3.25153,0,0,-2.57507ptc:431.39,0,1,-42.1887,-26.6729,-2.94412,-0.17269,-0.0908746,-0.0100306
431.39,1,1,42.1887,26.6729,2.94412,0.17269,0.0908746,0.0100306

orb:1,1,1.70995,1.04708,0.53208,0,0,-2.78966ptc:424.842,0,1,-46.9353,14.8531,8.74421,-0.186404,0.0505006,0.0297304
424.842,1,1,46.9353,-14.8531,-8.74421,0.186404,-0.0505006,-0.0297304

orb:1,1,2.94384,1.07978,4.68504,0,0,-2.68794ptc:427.574,0,1,-44.9427,-0.599207,-21.9043,-0.180613,-0.00203896,-0.0745352
427.574,1,1,44.9427,0.599207,21.9043,0.180613,0.00203896,0.0745352

orb:1,1,4.00779,1.1072,3.15819,0,0,-2.61991ptc:429.777,0,1,-43.3492,-24.9134,-0.413577,-0.176017,-0.0848338,-0.00140829
429.777,1,1,43.3492,24.9134,0.413577,0.176017,0.0848338,0.00140829

orb:1,1,0.758258,1.02114,0.19723,0,0,-2.90383ptc:422.591,0,1,-48.5934,11.5481,2.30763,-0.191258,0.0392392,0.00784109
422.591,1,1,48.5934,-11.5481,-2.30763,0.191258,-0.0392392,-0.00784109

orb:1,1,0.478651,1.0134,3.88837,0,0,-2.95186ptc:421.903,0,1,-49.1027,-6.92035,-6.40539,-0.192755,-0.0235103,-0.0217608
421.903,1,1,49.1027,6.92035,6.40539,0.192755,0.0235103,0.0217608

orb:1,1,2.09569,1.05741,1.63243,0,0,-2.75418ptc:425.718,0,1,-46.2944,-1.16357,18.854,-0.184536,-0.00395717,0.0641203
425.718,1,1,46.2944,1.16357,-18.854,0.184536,0.00395717,-0.0641203

orb:1,1,3.563,1.09582,2.07927,0,0,-2.64676ptc:428.872,0,1,-44.0023,-11.5599,20.7405,-0.177897,-0.0393517,0.0706037
428.872,1,1,44.0023,11.5599,-20.7405,0.177897,0.0393517,-0.0706037

orb:1,1,0.00197541,1.00006,3.64123,0,0,-3.12931ptc:420.703,0,1,-49.9962,-0.538997,-0.294199,-0.195388,-0.00183055,-0.000999161
420.703,1,1,49.9962,0.538997,0.294199,0.195388,0.00183055,0.000999161

orb:1,1,2.42337,1.06611,4.19013,0,0,-2.72695ptc:426.446,0,1,-45.763,-10.0482,-17.4579,-0.182992,-0.0341802,-0.0593848
426.446,1,1,45.763,10.0482,17.4579,0.182992,0.0341802,0.0593848

orb:1,1,1.04478,1.02902,5.42318,0,0,-2.86373ptc:423.283,0,1,-48.0822,8.94814,-10.3939,-0.189758,0.0304105,-0.0353241
423.283,1,1,48.0822,-8.94814,10.3939,0.189758,-0.0304105,0.0353241

orb:1,1,1.29014,1.03572,3.65346,0,0,-2.83397ptc:423.865,0,1,-47.6528,-13.1992,-7.4155,-0.188501,-0.0448653,-0.0252058
423.865,1,1,47.6528,13.1992,7.4155,0.188501,0.0448653,0.0252058

orb:1,1,2.42416,1.06613,4.25544,0,0,-2.72689ptc:426.447,0,1,-45.7618,-8.88857,-18.0791,-0.182988,-0.0302355,-0.061498
426.447,1,1,45.7618,8.88857,18.0791,0.182988,0.0302355,0.061498

orb:1,1,0.789201,1.022,3.72639,0,0,-2.89914ptc:422.666,0,1,-48.5377,-10.0092,-6.62661,-0.191094,-0.0340109,-0.022517
422.666,1,1,48.5377,10.0092,6.62661,0.191094,0.0340109,0.022517

orb:1,1,1.95591,1.05368,5.66286,0,0,-2.76655ptc:425.403,0,1,-46.5247,14.9031,-10.6467,-0.185207,0.0506789,-0.0362048
425.403,1,1,46.5247,-14.9031,10.6467,0.185207,-0.0506789,0.0362048

orb:1,1,1.42292,1.03933,3.09899,0,0,-2.81917ptc:424.177,0,1,-47.4236,-15.8287,0.674833,-0.18783,-0.0538077,0.00229401
424.177,1,1,47.4236,15.8287,-0.674833,0.18783,0.0538077,-0.00229401

orb:1,1,4.67452,1.12404,3.20986,0,0,-2.58311ptc:431.092,0,1,-42.4031,-26.4331,-1.80736,-0.173304,-0.0900483,-0.00615703
431.092,1,1,42.4031,26.4331,1.80736,0.173304,0.0900483,0.00615703

orb:1,1,2.73564,1.07433,1.94286,0,0,-2.703ptc:427.126,0,1,-45.2674,-7.71916,19.7806,-0.181554,-0.0262629,0.0672997
427.126,1,1,45.2674,7.71916,-19.7806,0.181554,0.0262629,-0.0672997

orb:1,1,4.40317,1.11721,0.84132,0,0,-2.59764ptc:430.562,0,1,-42.7835,17.2458,19.2912,-0.174393,0.05874,0.0657065
430.562,1,1,42.7835,-17.2458,-19.2912,0.174393,-0.05874,-0.0657065

orb:1,1,2.65619,1.07224,2.0549,0,0,-2.70893ptc:426.954,0,1,-45.3926,-9.75725,18.5556,-0.181916,-0.0331954,0.0631285
426.954,1,1,45.3926,9.75725,-18.5556,0.181916,0.0331954,-0.0631285

orb:1,1,1.47304,1.04068,6.12276,0,0,-2.81379ptc:424.294,0,1,-47.3376,15.8915,-2.5715,-0.187579,0.0540228,-0.00874178
424.294,1,1,47.3376,-15.8915,2.5715,0.187579,-0.0540228,0.00874178

orb:1,1,5.57022,1.14627,3.61322,0,0,-2.53887ptc:432.785,0,1,-41.1899,-25.25,-12.8777,-0.169841,-0.0860685,-0.0438958
432.785,1,1,41.1899,25.25,12.8777,0.169841,0.0860685,0.0438958

orb:1,1,2.50083,1.06815,2.91546,0,0,-2.72084ptc:426.616,0,1,-45.6391,-19.9023,4.57891,-0.182632,-0.0677033,0.0155764
426.616,1,1,45.6391,19.9023,-4.57891,0.182632,0.0677033,-0.0155764

orb:1,1,2.64441,1.07193,4.71037,0,0,-2.70982ptc:426.929,0,1,-45.4112,-0.0422356,-20.9242,-0.18197,-0.00014369,-0.0711863
426.929,1,1,45.4112,0.0422356,20.9242,0.18197,0.00014369,0.0711863

orb:1,1,2.63669,1.07173,3.73433,0,0,-2.7104ptc:426.912,0,1,-45.4234,-17.3329,-11.6742,-0.182006,-0.058968,-0.0397166
426.912,1,1,45.4234,17.3329,11.6742,0.182006,0.058968,0.0397166

orb:1,1,3.25195,1.08779,4.83128,0,0,-2.66683ptc:428.225,0,1,-44.47,2.71092,-22.6951,-0.179247,0.00922652,-0.0772418
428.225,1,1,44.47,-2.71092,22.6951,0.179247,-0.00922652,0.0772418

orb:1,1,3.36011,1.09059,5.1741,0,0,-2.65972ptc:428.451,0,1,-44.3064,10.3228,-20.7458,-0.178774,0.0351356,-0.0706125
428.451,1,1,44.3064,-10.3228,20.7458,0.178774,-0.0351356,0.0706125

orb:1,1,2.93632,1.07958,0.216018,0,0,-2.68847ptc:427.557,0,1,-44.9543,21.3798,4.69163,-0.180647,0.0727503,0.0159645
427.557,1,1,44.9543,-21.3798,-4.69163,0.180647,-0.0727503,-0.0159645

orb:1,1,2.8386,1.07703,4.32468,0,0,-2.69547ptc:427.348,0,1,-45.1063,-8.15625,-19.9724,-0.181087,-0.0277519,-0.0679569
427.348,1,1,45.1063,8.15625,19.9724,0.181087,0.0277519,0.0679569

orb:1,1,1.37221,1.03795,2.80825,0,0,-2.82473ptc:424.058,0,1,-47.5109,-14.7218,5.09768,-0.188086,-0.0500432,0.0173283
424.058,1,1,47.5109,14.7218,-5.09768,0.188086,0.0500432,-0.0173283

orb:1,1,0.642751,1.01795,5.23877,0,0,-2.92229ptc:422.308,0,1,-48.8025,5.46485,-9.40476,-0.191872,0.0185676,-0.031954
422.308,1,1,48.8025,-5.46485,9.40476,0.191872,-0.0185676,0.031954

orb:1,1,5.43368,1.14291,4.24345,0,0,-2.54529ptc:432.532,0,1,-41.3707,-12.6902,-25.0484,-0.170356,-0.0432526,-0.0853737
432.532,1,1,41.3707,12.6902,25.0484,0.170356,0.0432526,0.0853737

orb:1,1,3.59234,1.09657,4.51262,0,0,-2.64492ptc:428.932,0,1,-43.9587,-4.72785,-23.3513,-0.177771,-0.0160946,-0.0794931
428.932,1,1,43.9587,4.72785,23.3513,0.177771,0.0160946,0.0794931

orb:1,1,3.61021,1.09703,1.77103,0,0,-2.64381ptc:428.969,0,1,-43.9321,-4.74843,23.397,-0.177695,-0.0161649,0.0796497
428.969,1,1,43.9321,4.74843,-23.397,0.177695,0.0161649,-0.0796497

orb:1,1,3.69194,1.09913,0.150993,0,0,-2.63876ptc:429.136,0,1,-43.8111,23.8212,3.62443,-0.177346,0.0810981,0.0123392
429.136,1,1,43.8111,-23.8212,-3.62443,0.177346,-0.0810981,-0.0123392

orb:1,1,5.09276,1.13448,5.13713,0,0,-2.56179ptc:431.892,0,1,-41.8287,11.2882,-24.9587,-0.171662,0.0384656,-0.0850491
431.892,1,1,41.8287,-11.2882,24.9587,0.171662,-0.0384656,0.0850491

orb:1,1,4.44302,1.11822,2.95179,0,0,-2.59547ptc:430.64,0,1,-42.7273,-25.5025,4.89935,-0.174232,-0.0868647,0.0166878
430.64,1,1,42.7273,25.5025,-4.89935,0.174232,0.0868647,-0.0166878

orb:1,1,0.0509296,1.00143,4.70914,0,0,-3.07928ptc:420.828,0,1,-49.903,-0.0101293,-3.11353,-0.195113,-3.44023e-05,-0.0105745
420.828,1,1,49.903,0.0101293,3.11353,0.195113,3.44023e-05,0.0105745

orb:1,1,1.57845,1.04353,0.0112606,0,0,-2.8028ptc:424.539,0,1,-47.1578,16.6165,0.187119,-0.187054,0.0564914,0.000636151
424.539,1,1,47.1578,-16.6165,-0.187119,0.187054,-0.0564914,-0.000636151

orb:1,1,0.772068,1.02153,1.71641,0,0,-2.90173ptc:422.624,0,1,-48.5685,-1.72359,11.7529,-0.191185,-0.00585663,0.0399355
422.624,1,1,48.5685,1.72359,-11.7529,0.191185,0.00585663,-0.0399355

orb:1,1,1.78369,1.04906,4.31834,0,0,-2.78254ptc:425.011,0,1,-46.8115,-6.74539,-16.223,-0.186043,-0.0229355,-0.055161
425.011,1,1,46.8115,6.74539,16.223,0.186043,0.0229355,0.055161

orb:1,1,3.00083,1.08126,3.36434,0,0,-2.68394ptc:427.695,0,1,-44.8545,-21.5465,-4.88046,-0.180358,-0.0733205,-0.0166077
427.695,1,1,44.8545,21.5465,4.88046,0.180358,0.0733205,0.0166077

orb:1,1,1.37485,1.03802,3.35981,0,0,-2.82444ptc:424.064,0,1,-47.5063,-15.2235,-3.37584,-0.188072,-0.0517486,-0.0114754
424.064,1,1,47.5063,15.2235,3.37584,0.188072,0.0517486,0.0114754

orb:1,1,5.4774,1.14399,4.61649,0,0,-2.54322ptc:432.613,0,1,-41.3127,-2.69686,-28.0355,-0.170191,-0.00919211,-0.0955578
432.613,1,1,41.3127,2.69686,28.0355,0.170191,0.00919211,0.0955578

orb:1,1,0.669704,1.0187,1.14148,0,0,-2.91784ptc:422.374,0,1,-48.7536,4.61809,10.0878,-0.191728,0.0156909,0.0342753
422.374,1,1,48.7536,-4.61809,-10.0878,0.191728,-0.0156909,-0.0342753

orb:1,1,5.50405,1.14465,5.60562,0,0,-2.54197ptc:432.663,0,1,-41.2773,21.9837,-17.6889,-0.17009,0.0749317,-0.0602929
432.663,1,1,41.2773,-21.9837,17.6889,0.17009,-0.0749317,0.0602929

orb:1,1,1.90775,1.05239,1.19624,0,0,-2.77094ptc:425.294,0,1,-46.6045,6.6261,16.8556,-0.18544,0.0225317,0.0573168
425.294,1,1,46.6045,-6.6261,-16.8556,0.18544,-0.0225317,-0.0573168

orb:1,1,4.14503,1.11068,2.13998,0,0,-2.61203ptc:430.051,0,1,-43.1513,-13.6127,21.2758,-0.175448,-0.0463575,0.0724539
430.051,1,1,43.1513,13.6127,-21.2758,0.175448,0.0463575,-0.0724539

orb:1,1,5.49342,1.14439,2.6823,0,0,-2.54247ptc:432.643,0,1,-41.2914,-25.274,12.4997,-0.170131,-0.0861462,0.042605
432.643,1,1,41.2914,25.274,-12.4997,0.170131,0.0861462,-0.042605

orb:1,1,0.237592,1.00667,2.69304,0,0,-3.00741ptc:421.301,0,1,-49.5505,-6.02737,2.90081,-0.194073,-0.0204734,0.00985329
421.301,1,1,49.5505,6.02737,-2.90081,0.194073,0.0204734,-0.00985329

orb:1,1,1.47239,1.04067,2.56542,0,0,-2.81386ptc:424.292,0,1,-47.3387,-13.4965,8.76875,-0.187582,-0.045881,0.0298092
424.292,1,1,47.3387,13.4965,-8.76875,0.187582,0.045881,-0.0298092

orb:1,1,5.15105,1.13592,5.45476,0,0,-2.55892ptc:432.003,0,1,-41.7497,18.5997,-20.2734,-0.171437,0.0633827,-0.069086
432.003,1,1,41.7497,-18.5997,20.2734,0.171437,-0.0633827,0.069086

orb:1,1,2.21117,1.06048,4.31597,0,0,-2.74431ptc:425.976,0,1,-46.1058,-7.46966,-17.8454,-0.183988,-0.0254053,-0.0606947
425.976,1,1,46.1058,7.46966,17.8454,0.183988,0.0254053,0.0606947

orb:1,1,5.21438,1.13749,2.12615,0,0,-2.55582ptc:432.122,0,1,-41.6643,-14.5742,23.4879,-0.171193,-0.0496668,0.0800435
432.122,1,1,41.6643,14.5742,-23.4879,0.171193,0.0496668,-0.0800435

orb:1,1,1.0959,1.03042,5.28271,0,0,-2.85723ptc:423.405,0,1,-47.9921,7.57324,-11.807,-0.189494,0.0257387,-0.0401278
423.405,1,1,47.9921,-7.57324,11.807,0.189494,-0.0257387,0.0401278

orb:1,1,2.31496,1.06324,2.9065,0,0,-2.7357ptc:426.206,0,1,-45.9375,-19.1989,4.59855,-0.183498,-0.0653024,0.0156413
426.206,1,1,45.9375,19.1989,-4.59855,0.183498,0.0653024,-0.0156413

orb:1,1,1.80476,1.04963,5.75151,0,0,-2.78054ptc:425.059,0,1,-46.7762,15.2249,-8.95483,-0.18594,0.051768,-0.0304484
425.059,1,1,46.7762,-15.2249,8.95483,0.18594,-0.051768,0.0304484

orb:1,1,1.20491,1.0334,4.90378,0,0,-2.84392ptc:423.664,0,1,-47.8011,2.78956,-14.397,-0.188935,0.00948139,-0.0489337
423.664,1,1,47.8011,-2.78956,14.397,0.188935,-0.00948139,0.0489337

orb:1,1,3.94486,1.10559,3.76172,0,0,-2.62359ptc:429.65,0,1,-43.4405,-20.1475,-14.3875,-0.176279,-0.0686025,-0.0489896
429.65,1,1,43.4405,20.1475,14.3875,0.176279,0.0686025,0.0489896

orb:1,1,2.71423,1.07377,0.31063,0,0,-2.70459ptc:427.08,0,1,-45.3011,20.1487,6.46819,-0.181651,0.0685512,0.0220065
427.08,1,1,45.3011,-20.1487,-6.46819,0.181651,-0.0685512,-0.0220065

orb:1,1,4.12891,1.11028,0.22669,0,0,-2.61294ptc:430.019,0,1,-43.1745,24.5732,5.66792,-0.175515,0.083682,0.0193017
430.019,1,1,43.1745,-24.5732,-5.66792,0.175515,-0.083682,-0.0193017

orb:1,1,0.240931,1.00677,0.452839,0,0,-3.00648ptc:421.309,0,1,-49.5443,6.05643,2.94683,-0.194055,0.0205721,0.0100096
421.309,1,1,49.5443,-6.05643,-2.94683,0.194055,-0.0205721,-0.0100096

orb:1,1,0.38477,1.01078,0.26867,0,0,-2.97123ptc:421.67,0,1,-49.2762,8.17284,2.2502,-0.193265,0.0277636,0.00764408
421.67,1,1,49.2762,-8.17284,-2.2502,0.193265,-0.0277636,-0.00764408

orb:1,1,0.50336,1.01409,5.7326,0,0,-2.9471ptc:421.965,0,1,-49.0573,8.23528,-5.05578,-0.192621,0.0279779,-0.0171761
421.965,1,1,49.0573,-8.23528,5.05578,0.192621,-0.0279779,0.0171761

orb:1,1,1.00129,1.02783,3.97769,0,0,-2.86939ptc:423.178,0,1,-48.1591,-9.01139,-9.97476,-0.189984,-0.0306246,-0.0338986
423.178,1,1,48.1591,9.01139,9.97476,0.189984,0.0306246,0.0338986

orb:1,1,3.01393,1.08161,4.99148,0,0,-2.68302ptc:427.723,0,1,-44.8343,6.09729,-21.2769,-0.1803,0.0207486,-0.0724037
427.723,1,1,44.8343,-6.09729,21.2769,0.1803,-0.0207486,0.0724037

orb:1,1,4.0804,1.10904,0.602946,0,0,-2.61572ptc:429.922,0,1,-43.2443,20.6728,14.2326,-0.175716,0.0703974,0.0484665
429.922,1,1,43.2443,-20.6728,-14.2326,0.175716,-0.0703974,-0.0484665

orb:1,1,3.2244,1.08707,4.47027,0,0,-2.66866ptc:428.167,0,1,-44.5119,-5.46045,-22.1104,-0.179368,-0.0185841,-0.0752507
428.167,1,1,44.5119,5.46045,22.1104,0.179368,0.0185841,0.0752507

orb:1,1,0.240899,1.00677,0.818973,0,0,-3.00649ptc:421.309,0,1,-49.5443,4.5997,4.91943,-0.194055,0.015624,0.01671
421.309,1,1,49.5443,-4.5997,-4.91943,0.194055,-0.015624,-0.01671

orb:1,1,3.12903,1.0846,0.941934,0,0,-2.6751ptc:427.967,0,1,-44.6575,13.228,18.186,-0.179788,0.0450174,0.0618903
427.967,1,1,44.6575,-13.228,-18.186,0.179788,-0.0450174,-0.0618903

orb:1,1,0.307547,1.00863,5.57452,0,0,-2.9891ptc:421.477,0,1,-49.4198,5.76659,-4.94314,-0.193688,0.0195885,-0.0167913
421.477,1,1,49.4198,-5.76659,4.94314,0.193688,-0.0195885,0.0167913

orb:1,1,0.569485,1.01592,3.14344,0,0,-2.93493ptc:422.128,0,1,-48.9361,-10.2595,-0.0189774,-0.192265,-0.0348563,-6.44752e-05
422.128,1,1,48.9361,10.2595,0.0189774,0.192265,0.0348563,6.44752e-05

orb:1,1,3.22495,1.08709,4.60801,0,0,-2.66863ptc:428.169,0,1,-44.5111,-2.37301,-22.6524,-0.179365,-0.00807631,-0.0770952
428.169,1,1,44.5111,2.37301,22.6524,0.179365,0.00807631,0.0770952

orb:1,1,0.751913,1.02097,3.34949,0,0,-2.9048ptc:422.575,0,1,-48.6048,-11.4765,-2.42095,-0.191291,-0.0389958,-0.00822608
422.575,1,1,48.6048,11.4765,2.42095,0.191291,0.0389958,0.00822608

orb:1,1,5.59178,1.1468,2.48462,0,0,-2.53787ptc:432.825,0,1,-41.1614,-22.477,17.3356,-0.169761,-0.0766175,0.059092
432.825,1,1,41.1614,22.477,-17.3356,0.169761,0.0766175,-0.059092

orb:1,1,0.022542,1.00064,3.56342,0,0,-3.10012ptc:420.755,0,1,-49.957,-1.89138,-0.848782,-0.195272,-0.00642362,-0.00288268
420.755,1,1,49.957,1.89138,0.848782,0.195272,0.00642362,0.00288268

orb:1,1,2.83005,1.0768,2.59531,0,0,-2.69609ptc:427.33,0,1,-45.1196,-18.41,11.1934,-0.181125,-0.0626403,0.0380857
427.33,1,1,45.1196,18.41,-11.1934,0.181125,0.0626403,-0.0380857

orb:1,1,0.743542,1.02074,4.06642,0,0,-2.9061ptc:422.555,0,1,-48.6199,-7.02278,-9.31577,-0.191336,-0.0238624,-0.0316537
422.555,1,1,48.6199,7.02278,9.31577,0.191336,0.0238624,0.0316537

orb:1,1,1.5319,1.04228,6.24868,0,0,-2.8076ptc:424.431,0,1,-47.237,16.3812,-0.565417,-0.187285,0.0556897,-0.0019222
424.431,1,1,47.237,-16.3812,0.565417,0.187285,-0.0556897,0.0019222

orb:1,1,4.76032,1.12619,5.89104,0,0,-2.57864ptc:431.257,0,1,-42.2841,24.6588,-10.1979,-0.172963,0.0840087,-0.0347426
431.257,1,1,42.2841,-24.6588,10.1979,0.172963,-0.0840087,0.0347426

orb:1,1,2.7761,1.07539,0.701383,0,0,-2.70002ptc:427.214,0,1,-45.204,16.3242,13.7884,-0.18137,0.0555415,0.0469135
427.214,1,1,45.204,-16.3242,-13.7884,0.18137,-0.0555415,-0.0469135

orb:1,1,2.81566,1.07643,4.38964,0,0,-2.69713ptc:427.299,0,1,-45.1421,-6.8188,-20.3886,-0.181191,-0.0232009,-0.0693719
427.299,1,1,45.1421,6.8188,20.3886,0.181191,0.0232009,0.0693719

orb:1,1,0.378648,1.01061,3.27635,0,0,-2.97258ptc:421.655,0,1,-49.2875,-8.33445,-1.12999,-0.193299,-0.0283125,-0.00383865
421.655,1,1,49.2875,8.33445,1.12999,0.193299,0.0283125,0.00383865

orb:1,1,1.99828,1.05481,5.6489,0,0,-2.76275ptc:425.498,0,1,-46.4546,14.8955,-10.9586,-0.185003,0.0506546,-0.0372664
425.498,1,1,46.4546,-14.8955,10.9586,0.185003,-0.0506546,0.0372664

orb:1,1,4.88464,1.12929,5.70247,0,0,-2.57225ptc:431.496,0,1,-42.1127,22.5354,-14.7876,-0.172473,0.0767807,-0.0503832
431.496,1,1,42.1127,-22.5354,14.7876,0.172473,-0.0767807,0.0503832

orb:1,1,0.112674,1.00317,2.3715,0,0,-3.049ptc:420.985,0,1,-49.7858,-3.31853,3.21844,-0.194767,-0.0112712,0.0109313
420.985,1,1,49.7858,3.31853,-3.21844,0.194767,0.0112712,-0.0109313

orb:1,1,3.97593,1.10639,1.30447,0,0,-2.62177ptc:429.712,0,1,-43.3954,6.53667,23.9606,-0.17615,0.0222579,0.0815879
429.712,1,1,43.3954,-6.53667,-23.9606,0.17615,-0.0222579,-0.0815879

orb:1,1,2.97587,1.08061,4.71411,0,0,-2.68569ptc:427.642,0,1,-44.8931,0.0378999,-22.0138,-0.18047,0.000128967,-0.0749096
427.642,1,1,44.8931,-0.0378999,22.0138,0.18047,-0.000128967,0.0749096

orb:1,1,5.63259,1.14781,0.961073,0,0,-2.53598ptc:432.9,0,1,-41.1077,16.2992,23.3344,-0.169608,0.0555608,0.0795422
432.9,1,1,41.1077,-16.2992,-23.3344,0.169608,-0.0555608,-0.0795422

orb:1,1,3.36481,1.09071,4.45446,0,0,-2.65941ptc:428.461,0,1,-44.2993,-5.91427,-22.4187,-0.178753,-0.0201305,-0.0763067
428.461,1,1,44.2993,5.91427,22.4187,0.178753,0.0201305,0.0763067

orb:1,1,3.75093,1.10064,1.35773,0,0,-2.63516ptc:429.257,0,1,-43.7241,5.12849,23.7044,-0.177096,0.0174603,0.0807034
429.257,1,1,43.7241,-5.12849,-23.7044,0.177096,-0.0174603,-0.0807034

orb:1,1,2.63779,1.07176,6.18955,0,0,-2.71032ptc:426.915,0,1,-45.4216,20.81,-1.95417,-0.182001,0.0707974,-0.00664825
426.915,1,1,45.4216,-20.81,1.95417,0.182001,-0.0707974,0.00664825

orb:1,1,2.72275,1.07399,1.52406,0,0,-2.70395ptc:427.099,0,1,-45.2877,0.989966,21.167,-0.181612,0.00336814,0.0720161
427.099,1,1,45.2877,-0.989966,-21.167,0.181612,-0.00336814,-0.0720161

orb:1,1,5.34453,1.14071,6.26058,0,0,-2.54953ptc:432.366,0,1,-41.4896,27.8965,-0.630789,-0.170695,0.0950755,-0.00214983
432.366,1,1,41.4896,-27.8965,0.630789,0.170695,-0.0950755,0.00214983

orb:1,1,4.05477,1.10839,3.50546,0,0,-2.61719ptc:429.871,0,1,-43.2813,-23.3955,-8.90963,-0.175822,-0.0796678,-0.0303396
429.871,1,1,43.2813,23.3955,8.90963,0.175822,0.0796678,0.0303396

orb:1,1,4.47514,1.11903,5.29857,0,0,-2.59373ptc:430.703,0,1,-42.682,14.4065,-21.6955,-0.174102,0.0490716,-0.0738993
430.703,1,1,42.682,-14.4065,21.6955,0.174102,-0.0490716,0.0738993

orb:1,1,5.30715,1.13979,1.86669,0,0,-2.55133ptc:432.296,0,1,-41.5396,-8.11481,26.6197,-0.170838,-0.0276558,0.0907218
432.296,1,1,41.5396,8.11481,-26.6197,0.170838,0.0276558,-0.0907218

orb:1,1,3.22856,1.08718,5.31152,0,0,-2.66839ptc:428.176,0,1,-44.5056,12.8502,-18.8182,-0.179349,0.0437345,-0.0640459
428.176,1,1,44.5056,-12.8502,18.8182,0.179349,-0.0437345,0.0640459

orb:1,1,4.50212,1.11971,0.465784,0,0,-2.59228ptc:430.756,0,1,-42.6441,23.3242,11.7244,-0.173994,0.0794483,0.0399365
430.756,1,1,42.6441,-23.3242,-11.7244,0.173994,-0.0794483,-0.0399365

orb:1,1,5.58539,1.14665,3.94246,0,0,-2.53817ptc:432.813,0,1,-41.1698,-19.7502,-20.3709,-0.169785,-0.0673224,-0.0694382
432.813,1,1,41.1698,19.7502,20.3709,0.169785,0.0673224,0.0694382

orb:1,1,3.81093,1.10217,1.17496,0,0,-2.63154ptc:429.379,0,1,-43.636,9.41249,22.5234,-0.176842,0.0320468,0.0766856
429.379,1,1,43.636,-9.41249,-22.5234,0.176842,-0.0320468,-0.0766856

orb:1,1,1.18212,1.03278,1.42255,0,0,-2.84665ptc:423.61,0,1,-47.8409,2.14673,14.3749,-0.189051,0.00729639,0.048858
423.61,1,1,47.8409,-2.14673,-14.3749,0.189051,-0.00729639,-0.048858

orb:1,1,2.39835,1.06545,3.5003,0,0,-2.72895ptc:426.391,0,1,-45.8032,-18.7753,-7.03943,-0.183108,-0.0638652,-0.023945
426.391,1,1,45.8032,18.7753,7.03943,0.183108,0.0638652,0.023945

orb:1,1,0.211845,1.00595,0.307492,0,0,-3.01484ptc:421.236,0,1,-49.5989,6.02442,1.91314,-0.194216,0.020463,0.00649832
421.236,1,1,49.5989,-6.02442,-1.91314,0.194216,-0.020463,-0.00649832

orb:1,1,2.33679,1.06382,6.18857,0,0,-2.73392ptc:426.255,0,1,-45.9023,19.7351,-1.87277,-0.183396,0.0671271,-0.00637008
426.255,1,1,45.9023,-19.7351,1.87277,0.183396,-0.0671271,0.00637008

orb:1,1,2.37666,1.06487,1.35833,0,0,-2.73069ptc:426.343,0,1,-45.8381,4.21156,19.5227,-0.183209,0.0143256,0.0664064
426.343,1,1,45.8381,-4.21156,-19.5227,0.183209,-0.0143256,-0.0664064

orb:1,1,1.88737,1.05184,2.73282,0,0,-2.77281ptc:425.247,0,1,-46.6384,-16.5388,7.16424,-0.185538,-0.0562388,0.0243614
425.247,1,1,46.6384,16.5388,-7.16424,0.185538,0.0562388,-0.0243614

orb:1,1,4.51576,1.12005,2.61995,0,0,-2.59154ptc:430.783,0,1,-42.6249,-22.6603,13.024,-0.173939,-0.0771877,0.0443636
430.783,1,1,42.6249,22.6603,-13.024,0.173939,0.0771877,-0.0443636

orb:1,1,0.230526,1.00648,1.58373,0,0,-3.0094ptc:421.283,0,1,-49.5638,-0.0852503,6.58964,-0.194112,-0.000289571,0.0223831
421.283,1,1,49.5638,0.0852503,-6.58964,0.194112,0.000289571,-0.0223831

orb:1,1,5.20064,1.13715,5.72382,0,0,-2.55649ptc:432.096,0,1,-41.6828,23.4056,-14.6534,-0.171246,0.0797625,-0.0499362
432.096,1,1,41.6828,-23.4056,14.6534,0.171246,-0.0797625,0.0499362

orb:1,1,4.47814,1.1191,3.46321,0,0,-2.59357ptc:430.709,0,1,-42.6778,-24.7143,-8.23443,-0.17409,-0.0841822,-0.0280482
430.709,1,1,42.6778,24.7143,8.23443,0.17409,0.0841822,0.0280482

orb:1,1,2.97509,1.08059,1.57936,0,0,-2.68574ptc:427.64,0,1,-44.8943,-0.188569,22.0106,-0.180473,-0.000641671,0.0748985
427.64,1,1,44.8943,0.188569,-22.0106,0.180473,0.000641671,-0.0748985

orb:1,1,4.23761,1.11303,0.623665,0,0,-2.6068ptc:430.235,0,1,-43.0187,20.6857,14.8825,-0.175068,0.0704487,0.0506848
430.235,1,1,43.0187,-20.6857,-14.8825,0.175068,-0.0704487,-0.0506848

orb:1,1,0.0375097,1.00106,4.3185,0,0,-3.08811ptc:420.793,0,1,-49.9285,-1.02588,-2.46837,-0.195188,-0.00348418,-0.0083833
420.793,1,1,49.9285,1.02588,2.46837,0.195188,0.00348418,0.0083833

orb:1,1,0.0945801,1.00266,4.12966,0,0,-3.05674ptc:420.939,0,1,-49.8201,-2.332,-3.53829,-0.194868,-0.00792044,-0.0120175
420.939,1,1,49.8201,2.332,3.53829,0.194868,0.00792044,0.0120175

orb:1,1,5.33978,1.1406,4.76599,0,0,-2.54976ptc:432.357,0,1,-41.496,1.49437,-27.8541,-0.170713,0.00509304,-0.0949308
432.357,1,1,41.496,-1.49437,27.8541,0.170713,-0.00509304,0.0949308

orb:1,1,4.25747,1.11353,3.52785,0,0,-2.60569ptc:430.275,0,1,-42.9904,-23.6499,-9.61804,-0.174987,-0.0805448,-0.0327563
430.275,1,1,42.9904,23.6499,9.61804,0.174987,0.0805448,0.0327563

orb:1,1,0.0106756,1.0003,2.72416,0,0,-3.11305ptc:420.725,0,1,-49.9796,-1.3046,0.57859,-0.195339,-0.00443072,0.00196502
420.725,1,1,49.9796,1.3046,-0.57859,0.195339,0.00443072,-0.00196502

orb:1,1,4.31976,1.11511,5.91938,0,0,-2.60223ptc:430.398,0,1,-42.9017,23.9989,-9.13761,-0.174732,0.0817366,-0.0311213
430.398,1,1,42.9017,-23.9989,9.13761,0.174732,-0.0817366,0.0311213

orb:1,1,2.12496,1.05819,4.48052,0,0,-2.75164ptc:425.783,0,1,-46.2464,-4.36782,-18.4983,-0.184397,-0.0148547,-0.0629118
425.783,1,1,46.2464,4.36782,18.4983,0.184397,0.0148547,0.0629118

orb:1,1,1.28869,1.03568,3.31943,0,0,-2.83414ptc:423.862,0,1,-47.6553,-14.8931,-2.6768,-0.188508,-0.0506228,-0.00909866
423.862,1,1,47.6553,14.8931,2.6768,0.188508,0.0506228,0.00909866

orb:1,1,0.983547,1.02734,4.2622,0,0,-2.87174ptc:423.136,0,1,-48.1905,-5.80013,-12.0013,-0.190076,-0.0197111,-0.040785
423.136,1,1,48.1905,5.80013,12.0013,0.190076,0.0197111,0.040785

orb:1,1,4.15841,1.11102,0.0696741,0,0,-2.61127ptc:430.078,0,1,-43.1321,25.2294,1.76068,-0.175393,0.0859184,0.00599599
430.078,1,1,43.1321,-25.2294,-1.76068,0.175393,-0.0859184,-0.00599599

orb:1,1,4.45581,1.11854,0.0103071,0,0,-2.59478ptc:430.665,0,1,-42.7093,25.9971,0.267964,-0.17418,0.0885502,0.000912728
430.665,1,1,42.7093,-25.9971,-0.267964,0.17418,-0.0885502,-0.000912728

orb:1,1,2.16935,1.05937,5.19157,0,0,-2.74785ptc:425.883,0,1,-46.1739,8.84423,-17.022,-0.184186,0.0300796,-0.0578927
425.883,1,1,46.1739,-8.84423,17.022,0.184186,-0.0300796,0.0578927

orb:1,1,2.17648,1.05956,2.72553,0,0,-2.74724ptc:425.898,0,1,-46.1623,-17.5716,7.76421,-0.184152,-0.0597619,0.0264065
425.898,1,1,46.1623,17.5716,-7.76421,0.184152,0.0597619,-0.0264065

orb:1,1,1.62301,1.04474,2.26151,0,0,-2.79828ptc:424.642,0,1,-47.0822,-10.7225,12.9729,-0.186833,-0.0364545,0.0441055
424.642,1,1,47.0822,10.7225,-12.9729,0.186833,0.0364545,-0.0441055

orb:1,1,5.04848,1.13338,0.484615,0,0,-2.56399ptc:431.808,0,1,-41.8888,24.1571,12.7185,-0.171834,0.0823151,0.0433382
431.808,1,1,41.8888,-24.1571,-12.7185,0.171834,-0.0823151,-0.0433382

orb:1,1,0.759478,1.02118,3.91344,0,0,-2.90364ptc:422.594,0,1,-48.5912,-8.44573,-8.21991,-0.191251,-0.0286977,-0.0279304
422.594,1,1,48.5912,8.44573,8.21991,0.191251,0.0286977,0.0279304

orb:1,1,0.849615,1.02366,2.91312,0,0,-2.89027ptc:422.813,0,1,-48.4292,-12.1111,2.81624,-0.190776,-0.0411548,0.00956986
422.813,1,1,48.4292,12.1111,-2.81624,0.190776,0.0411548,-0.00956986

orb:1,1,1.55282,1.04284,4.9837,0,0,-2.80543ptc:424.479,0,1,-47.2014,4.42016,-15.89,-0.187181,0.0150271,-0.0540205
424.479,1,1,47.2014,-4.42016,15.89,0.187181,-0.0150271,0.0540205

orb:1,1,1.16593,1.03233,4.87089,0,0,-2.8486ptc:423.572,0,1,-47.8692,2.27932,-14.2598,-0.189134,0.00774694,-0.0484661
423.572,1,1,47.8692,-2.27932,14.2598,0.189134,-0.00774694,0.0484661

orb:1,1,0.96618,1.02687,3.56348,0,0,-2.87406ptc:423.094,0,1,-48.2214,-12.0585,-5.41231,-0.190166,-0.0409791,-0.0183929
423.094,1,1,48.2214,12.0585,5.41231,0.190166,0.0409791,0.0183929

orb:1,1,3.16883,1.08563,3.1463,0,0,-2.6724ptc:428.051,0,1,-44.5966,-22.6082,-0.106371,-0.179612,-0.0769419,-0.000362011
428.051,1,1,44.5966,22.6082,0.106371,0.179612,0.0769419,0.000362011

orb:1,1,2.86144,1.07762,0.559294,0,0,-2.69382ptc:427.397,0,1,-45.0707,18.3495,11.4861,-0.180984,0.0624356,0.0390826
427.397,1,1,45.0707,-18.3495,-11.4861,0.180984,-0.0624356,-0.0390826

orb:1,1,2.92141,1.07919,2.32405,0,0,-2.68953ptc:427.526,0,1,-44.9775,-14.9396,15.9323,-0.180714,-0.0508353,0.0542131
427.526,1,1,44.9775,14.9396,-15.9323,0.180714,0.0508353,-0.0542131

orb:1,1,4.54087,1.12068,1.96857,0,0,-2.5902ptc:430.832,0,1,-42.5897,-10.1466,24.1488,-0.173838,-0.0345629,0.0822591
430.832,1,1,42.5897,10.1466,-24.1488,0.173838,0.0345629,-0.0822591

orb:1,1,4.44401,1.11824,1.11093,0,0,-2.59542ptc:430.642,0,1,-42.7259,11.5268,23.273,-0.174228,0.0392618,0.0792708
430.642,1,1,42.7259,-11.5268,-23.273,0.174228,-0.0392618,-0.0792708

orb:1,1,0.107519,1.00303,0.715007,0,0,-3.05114ptc:420.972,0,1,-49.7956,3.4104,2.96115,-0.194796,0.0115832,0.0100574
420.972,1,1,49.7956,-3.4104,-2.96115,0.194796,-0.0115832,-0.0100574

orb:1,1,2.48327,1.06769,6.1029,0,0,-2.72222ptc:426.577,0,1,-45.6672,20.0295,-3.65071,-0.182713,0.0681352,-0.0124188
426.577,1,1,45.6672,-20.0295,3.65071,0.182713,-0.0681352,0.0124188

orb:1,1,3.28466,1.08864,3.84466,0,0,-2.66466ptc:428.294,0,1,-44.4204,-17.5097,-14.8403,-0.179103,-0.059595,-0.0505095
428.294,1,1,44.4204,17.5097,14.8403,0.179103,0.059595,0.0505095

orb:1,1,3.90339,1.10454,5.56193,0,0,-2.62603ptc:429.566,0,1,-43.5009,18.5124,-16.2777,-0.176453,0.0630332,-0.0554244
429.566,1,1,43.5009,-18.5124,16.2777,0.176453,-0.0630332,0.0554244

orb:1,1,5.34274,1.14067,5.08045,0,0,-2.54962ptc:432.363,0,1,-41.492,10.0388,-26.0315,-0.170702,0.0342136,-0.0887191
432.363,1,1,41.492,-10.0388,26.0315,0.170702,-0.0342136,0.0887191

orb:1,1,3.8937,1.10429,5.05075,0,0,-2.62661ptc:429.547,0,1,-43.515,8.1744,-23.2298,-0.176494,0.027833,-0.0790951
429.547,1,1,43.515,-8.1744,23.2298,0.176494,-0.027833,0.0790951

orb:1,1,0.696082,1.01943,5.01776,0,0,-2.91357ptc:422.439,0,1,-48.7057,3.39813,-10.7798,-0.191588,0.011546,-0.0366272
422.439,1,1,48.7057,-3.39813,10.7798,0.191588,-0.011546,0.0366272

orb:1,1,2.20818,1.0604,4.70449,0,0,-2.74456ptc:425.969,0,1,-46.1106,-0.152696,-19.3335,-0.184002,-0.000519337,-0.0657558
425.969,1,1,46.1106,0.152696,19.3335,0.184002,0.000519337,0.0657558

orb:1,1,0.498734,1.01396,0.48027,0,0,-2.94798ptc:421.953,0,1,-49.0658,8.5318,4.44467,-0.192646,0.0289852,0.0150999
421.953,1,1,49.0658,-8.5318,-4.44467,0.192646,-0.0289852,-0.0150999

orb:1,1,0.0753018,1.00212,2.06791,0,0,-3.06585ptc:420.89,0,1,-49.8567,-1.80422,3.32536,-0.194976,-0.00612779,0.0112942
420.89,1,1,49.8567,1.80422,-3.32536,0.194976,0.00612779,-0.0112942

orb:1,1,2.86156,1.07763,0.00895222,0,0,-2.69381ptc:427.397,0,1,-45.0705,21.6475,0.193798,-0.180983,0.0736574,0.000659415
427.397,1,1,45.0705,-21.6475,-0.193798,0.180983,-0.0736574,-0.000659415

orb:1,1,5.20125,1.13717,3.03554,0,0,-2.55646ptc:432.097,0,1,-41.682,-27.4603,2.92321,-0.171243,-0.0935801,0.0099618
432.097,1,1,41.682,27.4603,-2.92321,0.171243,0.0935801,-0.0099618

orb:1,1,1.23911,1.03433,0.362153,0,0,-2.83988ptc:423.745,0,1,-47.7415,13.8939,5.26389,-0.18876,0.047225,0.0178918
423.745,1,1,47.7415,-13.8939,-5.26389,0.18876,-0.047225,-0.0178918

orb:1,1,2.94793,1.07988,4.51368,0,0,-2.68765ptc:427.582,0,1,-44.9363,-4.32812,-21.494,-0.180595,-0.0147277,-0.0731395
427.582,1,1,44.9363,4.32812,21.494,0.180595,0.0147277,0.0731395

orb:1,1,0.596317,1.01667,5.56927,0,0,-2.93021ptc:422.194,0,1,-48.8871,7.92881,-6.86917,-0.192121,0.0269384,-0.0233382
422.194,1,1,48.8871,-7.92881,6.86917,0.192121,-0.0269384,0.0233382

orb:1,1,5.00767,1.13236,5.97093,0,0,-2.56603ptc:431.731,0,1,-41.9444,25.8991,-8.36077,-0.171992,0.0882486,-0.0284884
431.731,1,1,41.9444,-25.8991,8.36077,0.171992,-0.0882486,0.0284884

orb:1,1,3.03178,1.08207,4.89119,0,0,-2.68178ptc:427.761,0,1,-44.8068,3.9464,-21.8352,-0.18022,0.0134295,-0.0743044
427.761,1,1,44.8068,-3.9464,21.8352,0.18022,-0.0134295,0.0743044

orb:1,1,4.55836,1.12112,1.39176,0,0,-2.58926ptc:430.866,0,1,-42.5652,4.67176,25.8143,-0.173768,0.0159138,0.0879335
430.866,1,1,42.5652,-4.67176,-25.8143,0.173768,-0.0159138,-0.0879335

orb:1,1,3.51982,1.09471,1.97654,0,0,-2.64947ptc:428.783,0,1,-44.0667,-9.32478,21.7066,-0.178083,-0.0317421,0.0738905
428.783,1,1,44.0667,9.32478,-21.7066,0.178083,0.0317421,-0.0738905

orb:1,1,0.502255,1.01406,3.85809,0,0,-2.94731ptc:421.962,0,1,-49.0593,-7.27946,-6.33963,-0.192627,-0.0247307,-0.0215378
421.962,1,1,49.0593,7.27946,6.33963,0.192627,0.0247307,0.0215378

orb:1,1,1.35178,1.0374,0.334961,0,0,-2.827ptc:424.01,0,1,-47.5461,14.6116,5.08597,-0.188189,0.0496681,0.0172883
424.01,1,1,47.5461,-14.6116,-5.08597,0.188189,-0.0496681,-0.0172883

orb:1,1,4.85287,1.1285,0.0480515,0,0,-2.57387ptc:431.435,0,1,-42.1564,26.8546,1.2914,-0.172598,0.0914949,0.00439986
431.435,1,1,42.1564,-26.8546,-1.2914,0.172598,-0.0914949,-0.00439986

orb:1,1,4.89429,1.12954,0.762724,0,0,-2.57176ptc:431.515,0,1,-42.0995,19.5015,18.6366,-0.172435,0.0664444,0.0634976
431.515,1,1,42.0995,-19.5015,-18.6366,0.172435,-0.0664444,-0.0634976

orb:1,1,0.541171,1.01514,2.42295,0,0,-2.94005ptc:422.058,0,1,-48.9879,-7.53387,6.58965,-0.192417,-0.0255956,0.0223878
422.058,1,1,48.9879,7.53387,-6.58965,0.192417,0.0255956,-0.0223878

orb:1,1,5.18994,1.13689,2.19485,0,0,-2.55701ptc:432.076,0,1,-41.6972,-16.1231,22.3917,-0.171287,-0.0549445,0.0763065
432.076,1,1,41.6972,16.1231,-22.3917,0.171287,0.0549445,-0.0763065

orb:1,1,2.40909,1.06573,0.210487,0,0,-2.72809ptc:426.414,0,1,-45.786,19.6475,4.19774,-0.183058,0.0668326,0.0142789
426.414,1,1,45.786,-19.6475,-4.19774,0.183058,-0.0668326,-0.0142789

orb:1,1,5.08271,1.13423,2.70842,0,0,-2.56229ptc:431.873,0,1,-41.8423,-24.8438,11.4894,-0.171701,-0.0846569,0.0391507
431.873,1,1,41.8423,24.8438,-11.4894,0.171701,0.0846569,-0.0391507

orb:1,1,4.36635,1.11629,1.07666,0,0,-2.59966ptc:430.49,0,1,-42.8356,12.2314,22.7046,-0.174543,0.0416595,0.077331
430.49,1,1,42.8356,-12.2314,-22.7046,0.174543,-0.0416595,-0.077331

orb:1,1,4.8737,1.12902,3.00625,0,0,-2.57281ptc:431.475,0,1,-42.1278,-26.6842,3.63379,-0.172516,-0.0909156,0.0123807
431.475,1,1,42.1278,26.6842,-3.63379,0.172516,0.0909156,-0.0123807

orb:1,1,0.650512,1.01817,1.03812,0,0,-2.921ptc:422.327,0,1,-48.7884,5.55591,9.42459,-0.191831,0.0188771,0.0320215
422.327,1,1,48.7884,-5.55591,-9.42459,0.191831,-0.0188771,-0.0320215

orb:1,1,3.655,1.09818,3.13506,0,0,-2.64103ptc:429.061,0,1,-43.8657,-23.9953,0.156807,-0.177503,-0.0816887,0.000533827
429.061,1,1,43.8657,23.9953,-0.156807,0.177503,0.0816887,-0.000533827

orb:1,1,1.74501,1.04802,1.01024,0,0,-2.78625ptc:424.922,0,1,-46.8764,9.24848,14.7333,-0.186232,0.0314457,0.0500947
424.922,1,1,46.8764,-9.24848,-14.7333,0.186232,-0.0314457,-0.0500947

orb:1,1,0.235231,1.00661,1.80897,0,0,-3.00807ptc:421.295,0,1,-49.555,-1.57036,6.46833,-0.194086,-0.00533409,0.0219711
421.295,1,1,49.555,1.57036,-6.46833,0.194086,0.00533409,-0.0219711

orb:1,1,0.968722,1.02694,0.886561,0,0,-2.87372ptc:423.1,0,1,-48.2168,8.36488,10.255,-0.190153,0.0284269,0.0348501
423.1,1,1,48.2168,-8.36488,-10.255,0.190153,-0.0284269,-0.0348501

orb:1,1,5.30946,1.13985,5.97075,0,0,-2.55122ptc:432.3,0,1,-41.5365,26.4862,-8.55536,-0.170829,0.0902671,-0.0291573
432.3,1,1,41.5365,-26.4862,8.55536,0.170829,-0.0902671,0.0291573

orb:1,1,4.03754,1.10795,1.34683,0,0,-2.61819ptc:429.836,0,1,-43.3062,5.5506,24.3673,-0.175893,0.018901,0.0829761
429.836,1,1,43.3062,-5.5506,-24.3673,0.175893,-0.018901,-0.0829761

orb:1,1,0.900252,1.02506,3.75632,0,0,-2.88309ptc:422.935,0,1,-48.3387,-10.4417,-7.37163,-0.19051,-0.035483,-0.0250503
422.935,1,1,48.3387,10.4417,7.37163,0.19051,0.035483,0.0250503

orb:1,1,4.55702,1.12109,1.93586,0,0,-2.58933ptc:430.863,0,1,-42.5671,-9.36463,24.502,-0.173773,-0.0318995,0.0834632
430.863,1,1,42.5671,9.36463,-24.502,0.173773,0.0318995,-0.0834632

orb:1,1,4.09335,1.10937,5.6054,0,0,-2.61498ptc:429.948,0,1,-43.2256,19.5758,-15.7585,-0.175662,0.0666624,-0.0536633
429.948,1,1,43.2256,-19.5758,15.7585,0.175662,-0.0666624,0.0536633

orb:1,1,0.953459,1.02652,5.08742,0,0,-2.87578ptc:423.064,0,1,-48.244,4.81124,-12.2218,-0.190232,0.0163502,-0.0415337
423.064,1,1,48.244,-4.81124,12.2218,0.190232,-0.0163502,0.0415337

orb:1,1,3.84132,1.10295,3.50434,0,0,-2.62972ptc:429.441,0,1,-43.5915,-22.8967,-8.69018,-0.176714,-0.0779584,-0.0295882
429.441,1,1,43.5915,22.8967,8.69018,0.176714,0.0779584,0.0295882

orb:1,1,4.60129,1.1222,0.691534,0,0,-2.58698ptc:430.949,0,1,-42.5052,20.2818,16.7917,-0.173596,0.0690896,0.0572005
430.949,1,1,42.5052,-20.2818,-16.7917,0.173596,-0.0690896,-0.0572005

orb:1,1,0.0880813,1.00248,1.88687,0,0,-3.0597ptc:420.922,0,1,-49.8324,-1.27141,3.88762,-0.194904,-0.00431822,0.0132039
420.922,1,1,49.8324,1.27141,-3.88762,0.194904,0.00431822,-0.0132039

orb:1,1,5.08977,1.1344,1.42597,0,0,-2.56194ptc:431.887,0,1,-41.8327,3.95251,27.0998,-0.171673,0.0134685,0.0923448
431.887,1,1,41.8327,-3.95251,-27.0998,0.171673,-0.0134685,-0.0923448

orb:1,1,0.402211,1.01127,3.52024,0,0,-2.96746ptc:421.713,0,1,-49.2439,-8.04907,-3.20226,-0.19317,-0.0273435,-0.0108784
421.713,1,1,49.2439,8.04907,3.20226,0.19317,0.0273435,0.0108784

orb:1,1,2.55272,1.06952,0.628094,0,0,-2.71681ptc:426.729,0,1,-45.5565,16.6733,12.1081,-0.182392,0.0567207,0.0411906
426.729,1,1,45.5565,-16.6733,-12.1081,0.182392,-0.0567207,-0.0411906

orb:1,1,0.177979,1.005,2.96557,0,0,-3.02535ptc:421.15,0,1,-49.6625,-5.70966,1.01553,-0.194404,-0.0193934,0.00344934
421.15,1,1,49.6625,5.70966,-1.01553,0.194404,0.0193934,-0.00344934

orb:1,1,4.01243,1.10731,2.88281,0,0,-2.61964ptc:429.786,0,1,-43.3425,-24.0984,6.37935,-0.175998,-0.082059,0.0217227
429.786,1,1,43.3425,24.0984,-6.37935,0.175998,0.082059,-0.0217227

orb:1,1,4.83977,1.12817,3.96006,0,0,-2.57454ptc:431.41,0,1,-42.1745,-18.3528,-19.6085,-0.17265,-0.0625282,-0.0668064
431.41,1,1,42.1745,18.3528,19.6085,0.17265,0.0625282,0.0668064

orb:1,1,3.4255,1.09228,3.45511,0,0,-2.65549ptc:428.587,0,1,-44.2079,-22.2207,-7.20418,-0.17849,-0.0756358,-0.0245219
428.587,1,1,44.2079,22.2207,7.20418,0.17849,0.0756358,0.0245219

orb:1,1,0.274027,1.00769,2.70775,0,0,-2.99757ptc:421.393,0,1,-49.4823,-6.51143,3.01662,-0.193872,-0.0221181,0.0102469
421.393,1,1,49.4823,6.51143,-3.01662,0.193872,0.0221181,-0.0102469

orb:1,1,4.8772,1.12911,3.55323,0,0,-2.57263ptc:431.482,0,1,-42.123,-24.6877,-10.7783,-0.172502,-0.0841137,-0.0367226
431.482,1,1,42.123,24.6877,10.7783,0.172502,0.0841137,0.0367226

orb:1,1,1.70635,1.04698,1.4553,0,0,-2.79001ptc:424.834,0,1,-46.9414,1.98433,17.1046,-0.186422,0.00674674,0.0581558
424.834,1,1,46.9414,-1.98433,-17.1046,0.186422,-0.00674674,-0.0581558

orb:1,1,2.42716,1.06621,0.965299,0,0,-2.72665ptc:426.454,0,1,-45.757,11.4727,16.5734,-0.182974,0.0390257,0.0563762
426.454,1,1,45.757,-11.4727,-16.5734,0.182974,-0.0390257,-0.0563762

orb:1,1,1.64028,1.0452,0.840929,0,0,-2.79654ptc:424.682,0,1,-47.0529,11.2765,12.604,-0.186747,0.0383386,0.0428518
424.682,1,1,47.0529,-11.2765,-12.604,0.186747,-0.0383386,-0.0428518

orb:1,1,4.18666,1.11174,1.42218,0,0,-2.60967ptc:430.134,0,1,-43.0916,3.75489,25.0802,-0.175277,0.0127875,0.0854118
430.134,1,1,43.0916,-3.75489,-25.0802,0.175277,-0.0127875,-0.0854118

orb:1,1,1.66863,1.04597,2.59794,0,0,-2.79372ptc:424.747,0,1,-47.005,-14.5875,8.81675,-0.186608,-0.0495962,0.0299763
424.747,1,1,47.005,14.5875,-8.81675,0.186608,0.0495962,-0.0299763

orb:1,1,1.19398,1.0331,0.200767,0,0,-2.84523ptc:423.638,0,1,-47.8202,14.3091,2.91202,-0.188991,0.0486346,0.00989755
423.638,1,1,47.8202,-14.3091,-2.91202,0.188991,-0.0486346,-0.00989755

orb:1,1,4.04308,1.10809,2.84537,0,0,-2.61787ptc:429.847,0,1,-43.2982,-23.9163,7.29942,-0.17587,-0.0814405,0.0248562
429.847,1,1,43.2982,23.9163,-7.29942,0.17587,0.0814405,-0.0248562

orb:1,1,2.30295,1.06292,4.16097,0,0,-2.73669ptc:426.18,0,1,-45.9569,-10.319,-16.7773,-0.183555,-0.0350986,-0.0570652
426.18,1,1,45.9569,10.319,16.7773,0.183555,0.0350986,0.0570652

orb:1,1,3.7209,1.09987,2.13624,0,0,-2.63699ptc:429.196,0,1,-43.7684,-12.9516,20.4104,-0.177223,-0.044094,0.0694875
429.196,1,1,43.7684,12.9516,-20.4104,0.177223,0.044094,-0.0694875

orb:1,1,4.55673,1.12108,5.50221,0,0,-2.58935ptc:430.863,0,1,-42.5675,18.6292,-18.4651,-0.173774,0.0634582,-0.0628993
430.863,1,1,42.5675,-18.6292,18.4651,0.173774,-0.0634582,0.0628993

orb:1,1,5.32702,1.14028,4.57847,0,0,-2.55037ptc:432.333,0,1,-41.513,-3.72106,-27.6192,-0.170762,-0.0126818,-0.0941295
432.333,1,1,41.513,3.72106,27.6192,0.170762,0.0126818,0.0941295

orb:1,1,3.12373,1.08446,0.117043,0,0,-2.67546ptc:427.955,0,1,-44.6656,22.3181,2.62417,-0.179812,0.0759525,0.00893049
427.955,1,1,44.6656,-22.3181,-2.62417,0.179812,-0.0759525,-0.00893049

orb:1,1,1.73182,1.04767,4.55659,0,0,-2.78753ptc:424.892,0,1,-46.8985,-2.69,-17.1257,-0.186297,-0.00914618,-0.0582285
424.892,1,1,46.8985,2.69,17.1257,0.186297,0.00914618,0.0582285

orb:1,1,3.74804,1.10057,4.89567,0,0,-2.63534ptc:429.251,0,1,-43.7284,4.41892,-23.839,-0.177108,0.0150445,-0.0811617
429.251,1,1,43.7284,-4.41892,23.839,0.177108,-0.0150445,0.0811617

orb:1,1,4.11363,1.10989,2.41411,0,0,-2.61382ptc:429.989,0,1,-43.1964,-18.8062,16.745,-0.175578,-0.0640425,0.0570232
429.989,1,1,43.1964,18.8062,-16.745,0.175578,0.0640425,-0.0570232

orb:1,1,4.19726,1.11201,1.31375,0,0,-2.60907ptc:430.155,0,1,-43.0764,6.45352,24.5514,-0.175233,0.021978,0.0836118
430.155,1,1,43.0764,-6.45352,-24.5514,0.175233,-0.021978,-0.0836118

orb:1,1,2.93039,1.07943,4.99058,0,0,-2.68889ptc:427.545,0,1,-44.9635,6.00571,-21.0289,-0.180673,0.0204359,-0.0715558
427.545,1,1,44.9635,-6.00571,21.0289,0.180673,-0.0204359,0.0715558

orb:1,1,4.43922,1.11812,0.96195,0,0,-2.59568ptc:430.633,0,1,-42.7326,14.8471,21.2952,-0.174247,0.050571,0.072534
430.633,1,1,42.7326,-14.8471,-21.2952,0.174247,-0.050571,-0.072534

orb:1,1,1.56242,1.0431,2.74043,0,0,-2.80444ptc:424.502,0,1,-47.1851,-15.2268,6.45871,-0.187133,-0.0517663,0.0219576
424.502,1,1,47.1851,15.2268,-6.45871,0.187133,0.0517663,-0.0219576

orb:1,1,4.93152,1.13046,0.674109,0,0,-2.56987ptc:431.586,0,1,-42.0484,21.1364,16.8873,-0.172289,0.0720166,0.0575387
431.586,1,1,42.0484,-21.1364,-16.8873,0.172289,-0.0720166,-0.0575387

orb:1,1,3.33457,1.08993,5.33175,0,0,-2.66138ptc:428.398,0,1,-44.3449,13.4089,-18.8077,-0.178885,0.0456392,-0.0640148
428.398,1,1,44.3449,-13.4089,18.8077,0.178885,-0.0456392,0.0640148

orb:1,1,1.5447,1.04262,1.76534,0,0,-2.80627ptc:424.461,0,1,-47.2152,-3.18085,16.1433,-0.187221,-0.0108138,0.0548814
424.461,1,1,47.2152,3.18085,-16.1433,0.187221,0.0108138,-0.0548814

orb:1,1,4.11831,1.11001,3.55695,0,0,-2.61355ptc:429.998,0,1,-43.1897,-23.0502,-10.1654,-0.175559,-0.0784953,-0.0346174
429.998,1,1,43.1897,23.0502,10.1654,0.175559,0.0784953,0.0346174

orb:1,1,3.43146,1.09243,5.51321,0,0,-2.6551ptc:428.6,0,1,-44.199,16.7824,-16.2727,-0.178464,0.0571251,-0.0553899
428.6,1,1,44.199,-16.7824,16.2727,0.178464,-0.0571251,0.0553899

orb:1,1,4.11827,1.11001,3.63913,0,0,-2.61355ptc:429.998,0,1,-43.1898,-22.1378,-12.0234,-0.175559,-0.0753881,-0.0409444
429.998,1,1,43.1898,22.1378,12.0234,0.175559,0.0753881,0.0409444

orb:1,1,0.576551,1.01612,4.88452,0,0,-2.93368ptc:422.146,0,1,-48.9232,1.76783,-10.1684,-0.192227,0.00600619,-0.034547
422.146,1,1,48.9232,-1.76783,10.1684,0.192227,-0.00600619,0.034547

orb:1,1,0.575014,1.01608,5.25337,0,0,-2.93395ptc:422.142,0,1,-48.926,5.3082,-8.83568,-0.192235,0.0180345,-0.0300191
422.142,1,1,48.926,-5.3082,8.83568,0.192235,-0.0180345,0.0300191

orb:1,1,0.708336,1.01977,3.09217,0,0,-2.91161ptc:422.469,0,1,-48.6835,-11.384,0.56313,-0.191523,-0.0386803,0.00191339
422.469,1,1,48.6835,11.384,-0.56313,0.191523,0.0386803,-0.00191339

orb:1,1,5.5931,1.14684,0.622585,0,0,-2.53781ptc:432.827,0,1,-41.1597,23.0617,16.5541,-0.169756,0.0786107,0.0564283
432.827,1,1,41.1597,-23.0617,-16.5541,0.169756,-0.0786107,-0.0564283

orb:1,1,5.12422,1.13526,4.53611,0,0,-2.56024ptc:431.952,0,1,-41.786,-4.81506,-27.0322,-0.17154,-0.0164081,-0.0921167
431.952,1,1,41.786,4.81506,27.0322,0.17154,0.0164081,0.0921167

orb:1,1,3.43448,1.09251,1.33089,0,0,-2.65491ptc:428.606,0,1,-44.1944,5.55657,22.7151,-0.178451,0.0189139,0.0773192
428.606,1,1,44.1944,-5.55657,-22.7151,0.178451,-0.0189139,-0.0773192

orb:1,1,0.861461,1.02399,2.20058,0,0,-2.88857ptc:422.841,0,1,-48.408,-7.37183,10.1153,-0.190714,-0.0250504,0.0343732
422.841,1,1,48.408,7.37183,-10.1153,0.190714,0.0250504,-0.0343732

orb:1,1,0.544497,1.01523,2.77435,0,0,-2.93944ptc:422.066,0,1,-48.9818,-9.3695,3.60444,-0.192399,-0.0318321,0.0122458
422.066,1,1,48.9818,9.3695,-3.60444,0.192399,0.0318321,-0.0122458

orb:1,1,1.43295,1.0396,5.05828,0,0,-2.81809ptc:424.2,0,1,-47.4063,5.3888,-14.9532,-0.18778,0.0183187,-0.050832
424.2,1,1,47.4063,-5.3888,14.9532,0.18778,-0.0183187,0.050832

orb:1,1,1.55588,1.04292,2.42344,0,0,-2.80512ptc:424.486,0,1,-47.1962,-12.4311,10.8623,-0.187166,-0.0422615,0.0369282
424.486,1,1,47.1962,12.4311,-10.8623,0.187166,0.0422615,-0.0369282

orb:1,1,3.81261,1.10222,1.45887,0,0,-2.63144ptc:429.382,0,1,-43.6336,2.72694,24.2626,-0.176835,0.00928445,0.0826074
429.382,1,1,43.6336,-2.72694,-24.2626,0.176835,-0.00928445,-0.0826074

orb:1,1,2.63015,1.07156,0.637808,0,0,-2.71089ptc:426.898,0,1,-45.4337,16.7712,12.4299,-0.182036,0.0570569,0.0422873
426.898,1,1,45.4337,-16.7712,-12.4299,0.182036,-0.0570569,-0.0422873

orb:1,1,4.76101,1.1262,3.81565,0,0,-2.5786ptc:431.259,0,1,-42.2831,-20.8495,-16.6564,-0.17296,-0.0710309,-0.0567456
431.259,1,1,42.2831,20.8495,16.6564,0.17296,0.0710309,0.0567456

orb:1,1,3.63477,1.09766,0.0192195,0,0,-2.64228ptc:429.019,0,1,-43.8957,23.9365,0.460105,-0.17759,0.0814875,0.00156634
429.019,1,1,43.8957,-23.9365,-0.460105,0.17759,-0.0814875,-0.00156634

orb:1,1,5.30188,1.13966,2.98195,0,0,-2.55158ptc:432.286,0,1,-41.5467,-27.4648,4.4223,-0.170858,-0.0936016,0.0150714
432.286,1,1,41.5467,27.4648,-4.4223,0.170858,0.0936016,-0.0150714

orb:1,1,0.734202,1.02048,2.58901,0,0,-2.90755ptc:422.532,0,1,-48.6368,-9.87004,6.08649,-0.191385,-0.0335368,0.0206809
422.532,1,1,48.6368,9.87004,-6.08649,0.191385,0.0335368,-0.0206809

orb:1,1,2.33771,1.06384,5.17011,0,0,-2.73384ptc:426.257,0,1,-45.9008,8.7618,-17.7861,-0.183392,0.0298025,-0.060498
426.257,1,1,45.9008,-8.7618,17.7861,0.183392,-0.0298025,0.060498

orb:1,1,2.17208,1.05944,3.60486,0,0,-2.74761ptc:425.889,0,1,-46.1695,-17.1703,-8.57689,-0.184173,-0.0583969,-0.0291704
425.889,1,1,46.1695,17.1703,8.57689,0.184173,0.0583969,0.0291704

orb:1,1,1.9818,1.05437,1.58214,0,0,-2.76422ptc:425.461,0,1,-46.4819,-0.208916,18.4226,-0.185082,-0.000710443,0.0626483
425.461,1,1,46.4819,0.208916,-18.4226,0.185082,0.000710443,-0.0626483

orb:1,1,0.737782,1.02058,4.13283,0,0,-2.90699ptc:422.541,0,1,-48.6303,-6.36532,-9.72494,-0.191366,-0.0216284,-0.0330439
422.541,1,1,48.6303,6.36532,9.72494,0.191366,0.0216284,0.0330439

orb:1,1,2.24346,1.06134,5.45334,0,0,-2.74161ptc:426.048,0,1,-46.0533,13.1422,-14.3657,-0.183835,0.0446994,-0.0488607
426.048,1,1,46.0533,-13.1422,14.3657,0.183835,-0.0446994,0.0488607

orb:1,1,2.70174,1.07344,2.84255,0,0,-2.70551ptc:427.053,0,1,-45.3208,-20.1821,6.22182,-0.181708,-0.0686642,0.0211681
427.053,1,1,45.3208,20.1821,-6.22182,0.181708,0.0686642,-0.0211681

orb:1,1,0.643068,1.01796,4.28327,0,0,-2.92224ptc:422.309,0,1,-48.8019,-4.52673,-9.89339,-0.19187,-0.0153802,-0.0336141
422.309,1,1,48.8019,4.52673,9.89339,0.19187,0.0153802,0.0336141

orb:1,1,2.49454,1.06799,5.34538,0,0,-2.72133ptc:426.602,0,1,-45.6492,12.0676,-16.4476,-0.182661,0.0410513,-0.055951
426.602,1,1,45.6492,-12.0676,16.4476,0.182661,-0.0410513,0.055951

orb:1,1,1.14604,1.03179,1.59596,0,0,-2.85102ptc:423.524,0,1,-47.9041,-0.360411,14.3203,-0.189236,-0.00122495,0.0486711
423.524,1,1,47.9041,0.360411,-14.3203,0.189236,0.00122495,-0.0486711

orb:1,1,3.3174,1.08948,1.49909,0,0,-2.66251ptc:428.362,0,1,-44.3709,1.65141,22.9891,-0.17896,0.00562076,0.0782459
428.362,1,1,44.3709,-1.65141,-22.9891,0.17896,-0.00562076,-0.0782459

orb:1,1,2.68556,1.07302,3.27263,0,0,-2.70672ptc:427.018,0,1,-45.3462,-20.884,-2.75232,-0.181782,-0.0710515,-0.00936391
427.018,1,1,45.3462,20.884,2.75232,0.181782,0.0710515,0.00936391

orb:1,1,1.20713,1.03346,5.93348,0,0,-2.84366ptc:423.669,0,1,-47.7972,13.789,-5.02875,-0.188923,0.0468673,-0.0170922
423.669,1,1,47.7972,-13.789,5.02875,0.188923,-0.0468673,0.0170922

orb:1,1,5.56429,1.14613,4.77235,0,0,-2.53915ptc:432.774,0,1,-41.1977,1.69797,-28.2819,-0.169864,0.00578777,-0.0964032
432.774,1,1,41.1977,-1.69797,28.2819,0.169864,-0.00578777,0.0964032

orb:1,1,0.328418,1.00921,0.838594,0,0,-2.98406ptc:421.529,0,1,-49.3809,5.24387,5.83371,-0.193574,0.0178131,0.0198167
421.529,1,1,49.3809,-5.24387,-5.83371,0.193574,-0.0178131,-0.0198167

orb:1,1,3.22907,1.0872,1.89084,0,0,-2.66835ptc:428.177,0,1,-44.5048,-7.16941,21.6315,-0.179347,-0.0244004,0.0736208
428.177,1,1,44.5048,7.16941,-21.6315,0.179347,0.0244004,-0.0736208

orb:1,1,4.35952,1.11611,0.0429242,0,0,-2.60003ptc:430.476,0,1,-42.8453,25.7499,1.10597,-0.17457,0.0877025,0.00376688
430.476,1,1,42.8453,-25.7499,-1.10597,0.17457,-0.0877025,-0.00376688

orb:1,1,1.38254,1.03823,5.32382,0,0,-2.82359ptc:424.082,0,1,-47.4931,8.97431,-12.8012,-0.188033,0.0305062,-0.043515
424.082,1,1,47.4931,-8.97431,12.8012,0.188033,-0.0305062,0.043515

orb:1,1,5.11623,1.13506,4.77644,0,0,-2.56063ptc:431.937,0,1,-41.7969,1.75643,-27.385,-0.171571,0.00598527,-0.0933182
431.937,1,1,41.7969,-1.75643,27.385,0.171571,-0.00598527,0.0933182

orb:1,1,3.39868,1.09158,4.21293,0,0,-2.65721ptc:428.532,0,1,-44.2482,-11.1514,-20.4387,-0.178606,-0.0379571,-0.0695689
428.532,1,1,44.2482,11.1514,20.4387,0.178606,0.0379571,0.0695689

orb:1,1,4.84376,1.12827,5.71632,0,0,-2.57434ptc:431.418,0,1,-42.169,22.6637,-14.4268,-0.172634,0.077216,-0.0491527
431.418,1,1,42.169,-22.6637,14.4268,0.172634,-0.077216,0.0491527

orb:1,1,1.0634,1.02953,0.78328,0,0,-2.86134ptc:423.327,0,1,-48.0493,9.79977,9.75835,-0.189662,0.0333052,0.0331645
423.327,1,1,48.0493,-9.79977,-9.75835,0.189662,-0.0333052,-0.0331645

orb:1,1,4.85886,1.12865,4.25275,0,0,-2.57356ptc:431.447,0,1,-42.1482,-11.9329,-24.1068,-0.172574,-0.0406561,-0.0821333
431.447,1,1,42.1482,11.9329,24.1068,0.172574,0.0406561,0.0821333

orb:1,1,3.36678,1.09076,3.00634,0,0,-2.65928ptc:428.465,0,1,-44.2963,-22.9795,3.1272,-0.178745,-0.0782159,0.0106441
428.465,1,1,44.2963,22.9795,-3.1272,0.178745,0.0782159,-0.0106441

orb:1,1,4.86394,1.12878,3.89276,0,0,-2.5733ptc:431.457,0,1,-42.1412,-19.6679,-18.3656,-0.172554,-0.0670099,-0.0625729
431.457,1,1,42.1412,19.6679,18.3656,0.172554,0.0670099,0.0625729

orb:1,1,2.76223,1.07503,3.74702,0,0,-2.70104ptc:427.184,0,1,-45.2257,-17.5323,-12.1347,-0.181433,-0.0596513,-0.0412867
427.184,1,1,45.2257,17.5323,12.1347,0.181433,0.0596513,0.0412867

orb:1,1,0.522255,1.01461,3.91854,0,0,-2.94354ptc:422.011,0,1,-49.0226,-7.01497,-6.89737,-0.192519,-0.0238324,-0.0234329
422.011,1,1,49.0226,7.01497,6.89737,0.192519,0.0238324,0.0234329

orb:1,1,1.95527,1.05366,2.76363,0,0,-2.76661ptc:425.401,0,1,-46.5257,-17.0202,6.75794,-0.18521,-0.0578781,0.0229808
425.401,1,1,46.5257,17.0202,-6.75794,0.18521,0.0578781,-0.0229808

orb:1,1,3.23068,1.08724,4.73159,0,0,-2.66825ptc:428.181,0,1,-44.5024,0.437648,-22.7892,-0.17934,0.0014895,-0.077561
428.181,1,1,44.5024,-0.437648,22.7892,0.17934,-0.0014895,0.077561

orb:1,1,1.85437,1.05096,1.21686,0,0,-2.77587ptc:425.172,0,1,-46.6934,6.19746,16.7727,-0.185698,0.0210734,0.0570327
425.172,1,1,46.6934,-6.19746,-16.7727,0.185698,-0.0210734,-0.0570327

orb:1,1,3.59014,1.09652,2.28312,0,0,-2.64506ptc:428.928,0,1,-43.9619,-15.568,18.0274,-0.177781,-0.0529967,0.0613691
428.928,1,1,43.9619,15.568,-18.0274,0.177781,0.0529967,-0.0613691

orb:1,1,0.43411,1.01216,1.4604,0,0,-2.96078ptc:421.793,0,1,-49.1849,0.990628,8.93681,-0.192997,0.00336533,0.0303599
421.793,1,1,49.1849,-0.990628,-8.93681,0.192997,-0.00336533,-0.0303599

orb:1,1,3.29795,1.08898,3.28601,0,0,-2.66379ptc:428.322,0,1,-44.4003,-22.7523,-3.30889,-0.179045,-0.0774388,-0.011262
428.322,1,1,44.4003,22.7523,3.30889,0.179045,0.0774388,0.011262

orb:1,1,4.50189,1.1197,2.18636,0,0,-2.59229ptc:430.756,0,1,-42.6444,-15.0734,21.3131,-0.173995,-0.0513438,0.0725979
430.756,1,1,42.6444,15.0734,-21.3131,0.173995,0.0513438,-0.0725979

orb:1,1,2.43874,1.06651,6.07621,0,0,-2.72573ptc:426.479,0,1,-45.7384,19.7679,-4.15094,-0.18292,0.0672432,-0.01412
426.479,1,1,45.7384,-19.7679,4.15094,0.18292,-0.0672432,0.01412

orb:1,1,2.55345,1.06954,2.11061,0,0,-2.71676ptc:426.731,0,1,-45.5553,-10.5922,17.6781,-0.182389,-0.0360336,0.0601392
426.731,1,1,45.5553,10.5922,-17.6781,0.182389,0.0360336,-0.0601392

orb:1,1,2.41082,1.06578,5.41378,0,0,-2.72795ptc:426.418,0,1,-45.7832,12.9685,-15.3532,-0.18305,0.0441133,-0.052225
426.418,1,1,45.7832,-12.9685,15.3532,0.18305,-0.0441133,0.052225

orb:1,1,4.9779,1.13162,5.53499,0,0,-2.56753ptc:431.674,0,1,-41.985,19.9006,-18.4722,-0.172108,0.067808,-0.062941
431.674,1,1,41.985,-19.9006,18.4722,0.172108,-0.067808,0.062941

orb:1,1,1.68609,1.04644,2.0421,0,0,-2.792ptc:424.787,0,1,-46.9756,-7.77605,15.2588,-0.186522,-0.0264383,0.0518793
424.787,1,1,46.9756,7.77605,-15.2588,0.186522,0.0264383,-0.0518793

orb:1,1,0.997441,1.02772,2.48872,0,0,-2.8699ptc:423.169,0,1,-48.1659,-10.6585,8.15111,-0.190004,-0.0362222,0.0277009
423.169,1,1,48.1659,10.6585,-8.15111,0.190004,0.0362222,-0.0277009

orb:1,1,0.0524247,1.00148,1.68123,0,0,-3.07837ptc:420.831,0,1,-49.9001,-0.348143,3.13954,-0.195104,-0.0011824,0.0106629
420.831,1,1,49.9001,0.348143,-3.13954,0.195104,0.0011824,-0.0106629

orb:1,1,0.838441,1.02336,2.72875,0,0,-2.89189ptc:422.786,0,1,-48.4492,-11.3179,4.95745,-0.190835,-0.038459,0.0168458
422.786,1,1,48.4492,11.3179,-4.95745,0.190835,0.038459,-0.0168458

orb:1,1,1.62853,1.04489,5.24875,0,0,-2.79772ptc:424.655,0,1,-47.0728,8.61401,-14.4896,-0.186806,0.0292862,-0.049262
424.655,1,1,47.0728,-8.61401,14.4896,0.186806,-0.0292862,0.049262

orb:1,1,2.78987,1.07575,0.521842,0,0,-2.69901ptc:427.243,0,1,-45.1824,18.5636,10.6743,-0.181307,0.0631613,0.0363184
427.243,1,1,45.1824,-18.5636,-10.6743,0.181307,-0.0631613,-0.0363184

orb:1,1,0.633344,1.01769,2.36753,0,0,-2.92387ptc:422.285,0,1,-48.8196,-7.72292,7.54985,-0.191922,-0.0262395,0.0256515
422.285,1,1,48.8196,7.72292,-7.54985,0.191922,0.0262395,-0.0256515

orb:1,1,5.57409,1.14637,1.33042,0,0,-2.53869ptc:432.792,0,1,-41.1847,6.7497,27.5365,-0.169827,0.0230075,0.0938628
432.792,1,1,41.1847,-6.7497,-27.5365,0.169827,-0.0230075,-0.0938628

orb:1,1,5.13963,1.13564,3.7591,0,0,-2.55948ptc:431.981,0,1,-41.7652,-22.4129,-15.9164,-0.171481,-0.0763762,-0.0542383
431.981,1,1,41.7652,22.4129,15.9164,0.171481,0.0763762,0.0542383

orb:1,1,0.790406,1.02203,4.66714,0,0,-2.89896ptc:422.669,0,1,-48.5355,-0.543428,-12.0005,-0.191088,-0.00184655,-0.0407772
422.669,1,1,48.5355,0.543428,12.0005,0.191088,0.00184655,0.0407772

orb:1,1,3.32775,1.08975,3.05018,0,0,-2.66183ptc:428.384,0,1,-44.3552,-22.9821,2.10664,-0.178915,-0.0782227,0.00717024
428.384,1,1,44.3552,22.9821,-2.10664,0.178915,0.0782227,-0.00717024

orb:1,1,4.90236,1.12974,2.06031,0,0,-2.57135ptc:431.53,0,1,-42.0884,-12.6915,23.8221,-0.172404,-0.0432418,0.0811657
431.53,1,1,42.0884,12.6915,-23.8221,0.172404,0.0432418,-0.0811657

orb:1,1,2.53474,1.06905,2.24267,0,0,-2.7182ptc:426.69,0,1,-45.5851,-12.7869,16.0777,-0.182475,-0.0434991,0.0546942
426.69,1,1,45.5851,12.7869,-16.0777,0.182475,0.0434991,-0.0546942

orb:1,1,0.428151,1.01199,3.43991,0,0,-2.96201ptc:421.778,0,1,-49.1959,-8.53666,-2.62495,-0.193029,-0.0290004,-0.00891737
421.778,1,1,49.1959,8.53666,2.62495,0.193029,0.0290004,0.00891737

orb:1,1,4.98777,1.13186,4.14884,0,0,-2.56703ptc:431.693,0,1,-41.9715,-14.5156,-22.9714,-0.17207,-0.0494598,-0.0782717
431.693,1,1,41.9715,14.5156,22.9714,0.17207,0.0494598,0.0782717

orb:1,1,4.93016,1.13043,4.03306,0,0,-2.56994ptc:431.583,0,1,-42.0503,-16.9956,-21.0457,-0.172295,-0.0579078,-0.0717073
431.583,1,1,42.0503,16.9956,21.0457,0.172295,0.0579078,0.0717073

orb:1,1,2.61252,1.0711,0.820442,0,0,-2.71223ptc:426.86,0,1,-45.4616,14.1933,15.2247,-0.182117,0.048286,0.0517947
426.86,1,1,45.4616,-14.1933,-15.2247,0.182117,-0.048286,-0.0517947

orb:1,1,0.830188,1.02313,3.72404,0,0,-2.89309ptc:422.766,0,1,-48.464,-10.2702,-6.76466,-0.190878,-0.0348986,-0.0229867
422.766,1,1,48.464,10.2702,6.76466,0.190878,0.0348986,0.0229867

orb:1,1,1.00733,1.028,2.94178,0,0,-2.8686ptc:423.193,0,1,-48.1484,-13.2126,2.67579,-0.189952,-0.0449023,0.00909352
423.193,1,1,48.1484,13.2126,-2.67579,0.189952,0.0449023,-0.00909352

orb:1,1,0.146946,1.00413,5.28358,0,0,-3.03591ptc:421.072,0,1,-49.7211,2.85138,-4.43694,-0.194576,0.00968481,-0.0150702
421.072,1,1,49.7211,-2.85138,4.43694,0.194576,-0.00968481,0.0150702

orb:1,1,2.13448,1.05844,4.70237,0,0,-2.75083ptc:425.805,0,1,-46.2309,-0.190811,-19.0439,-0.184352,-0.000648942,-0.0647676
425.805,1,1,46.2309,0.190811,19.0439,0.184352,0.000648942,0.0647676

orb:1,1,1.17499,1.03258,2.63603,0,0,-2.84751ptc:423.593,0,1,-47.8534,-12.6801,7.01912,-0.189088,-0.0430974,0.0238567
423.593,1,1,47.8534,12.6801,-7.01912,0.189088,0.0430974,-0.0238567

orb:1,1,0.612508,1.01711,3.25832,0,0,-2.92741ptc:422.234,0,1,-48.8576,-10.5549,-1.23772,-0.192034,-0.0358609,-0.00420524
422.234,1,1,48.8576,10.5549,1.23772,0.192034,0.0358609,0.00420524

orb:1,1,0.690963,1.01929,3.48412,0,0,-2.91439ptc:422.427,0,1,-48.715,-10.6084,-3.78283,-0.191615,-0.0360447,-0.0128531
422.427,1,1,48.715,10.6084,3.78283,0.191615,0.0360447,0.0128531

orb:1,1,2.49561,1.06802,3.29866,0,0,-2.72125ptc:426.604,0,1,-45.6475,-20.1525,-3.19167,-0.182656,-0.068554,-0.0108573
426.604,1,1,45.6475,20.1525,3.19167,0.182656,0.068554,0.0108573

orb:1,1,0.627758,1.01754,4.26954,0,0,-2.92482ptc:422.272,0,1,-48.8298,-4.60826,-9.71673,-0.191952,-0.0156571,-0.0330136
422.272,1,1,48.8298,4.60826,9.71673,0.191952,0.0156571,0.0330136

orb:1,1,3.28485,1.08864,5.95622,0,0,-2.66465ptc:428.294,0,1,-44.4201,21.7372,-7.37196,-0.179102,0.0739833,-0.0250907
428.294,1,1,44.4201,-21.7372,7.37196,0.179102,-0.0739833,0.0250907

orb:1,1,3.53461,1.09509,4.08788,0,0,-2.64854ptc:428.813,0,1,-44.0446,-13.8374,-19.1989,-0.178019,-0.0471039,-0.0653548
428.813,1,1,44.0446,13.8374,19.1989,0.178019,0.0471039,0.0653548

orb:1,1,2.69267,1.0732,3.88,0,0,-2.70619ptc:427.034,0,1,-45.335,-15.596,-14.1951,-0.18175,-0.0530607,-0.0482947
427.034,1,1,45.335,15.596,14.1951,0.18175,0.0530607,0.0482947

orb:1,1,4.59811,1.12212,3.79227,0,0,-2.58715ptc:430.943,0,1,-42.5096,-20.9449,-15.945,-0.173608,-0.0713484,-0.0543162
430.943,1,1,42.5096,20.9449,15.945,0.173608,0.0713484,0.0543162

orb:1,1,4.45723,1.11858,1.57495,0,0,-2.5947ptc:430.668,0,1,-42.7073,-0.107979,26.0015,-0.174175,-0.000367795,0.0885654
430.668,1,1,42.7073,0.107979,-26.0015,0.174175,0.000367795,-0.0885654

orb:1,1,0.21786,1.00612,5.8846,0,0,-3.01306ptc:421.251,0,1,-49.5876,5.90652,-2.48738,-0.194183,0.0200626,-0.00844888
421.251,1,1,49.5876,-5.90652,2.48738,0.194183,-0.0200626,0.00844888

orb:1,1,2.97718,1.08065,2.92028,0,0,-2.68559ptc:427.645,0,1,-44.8911,-21.481,4.83325,-0.180464,-0.0730964,0.0164468
427.645,1,1,44.8911,21.481,-4.83325,0.180464,0.0730964,-0.0164468

orb:1,1,1.44512,1.03993,4.51706,0,0,-2.81678ptc:424.229,0,1,-47.3855,-3.09706,-15.6533,-0.187719,-0.0105282,-0.0532123
424.229,1,1,47.3855,3.09706,15.6533,0.187719,0.0105282,0.0532123

orb:1,1,4.15121,1.11084,1.14221,0,0,-2.61167ptc:430.063,0,1,-43.1424,10.5031,22.9873,-0.175423,0.035768,0.0782826
430.063,1,1,43.1424,-10.5031,-22.9873,0.175423,-0.035768,-0.0782826

orb:1,1,2.93416,1.07952,6.19024,0,0,-2.68863ptc:427.553,0,1,-44.9577,21.7872,-2.03085,-0.180657,0.0741364,-0.00691046
427.553,1,1,44.9577,-21.7872,2.03085,0.180657,-0.0741364,0.00691046

orb:1,1,4.38748,1.11682,3.53152,0,0,-2.5985ptc:430.531,0,1,-42.8057,-23.8998,-9.82196,-0.174457,-0.0814027,-0.0334536
430.531,1,1,42.8057,23.8998,9.82196,0.174457,0.0814027,0.0334536

orb:1,1,1.10447,1.03065,3.91902,0,0,-2.85616ptc:423.425,0,1,-47.977,-10.034,-9.87539,-0.18945,-0.0341022,-0.0335631
423.425,1,1,47.977,10.034,9.87539,0.18945,0.0341022,0.0335631

orb:1,1,3.05453,1.08266,1.26445,0,0,-2.68021ptc:427.809,0,1,-44.7718,6.71307,21.2231,-0.180119,0.0228447,0.0722227
427.809,1,1,44.7718,-6.71307,-21.2231,0.180119,-0.0228447,-0.0722227

orb:1,1,1.64899,1.04544,0.480676,0,0,-2.79567ptc:424.702,0,1,-47.0382,15.032,7.83873,-0.186704,0.0511069,0.0266507
424.702,1,1,47.0382,-15.032,-7.83873,0.186704,-0.0511069,-0.0266507

orb:1,1,0.427162,1.01197,2.64637,0,0,-2.96221ptc:421.776,0,1,-49.1977,-7.84928,4.23957,-0.193034,-0.0266652,0.0144025
421.776,1,1,49.1977,7.84928,-4.23957,0.193034,0.0266652,-0.0144025

orb:1,1,3.21258,1.08677,0.171392,0,0,-2.66946ptc:428.143,0,1,-44.5299,22.4064,3.87831,-0.17942,0.0762572,0.0131993
428.143,1,1,44.5299,-22.4064,-3.87831,0.17942,-0.0762572,-0.0131993

orb:1,1,0.967911,1.02691,1.31695,0,0,-2.87383ptc:423.098,0,1,-48.2183,3.32215,12.8047,-0.190157,0.0112899,0.043515
423.098,1,1,48.2183,-3.32215,-12.8047,0.190157,-0.0112899,-0.043515

orb:1,1,2.30486,1.06297,4.509,0,0,-2.73653ptc:426.184,0,1,-45.9538,-3.97991,-19.2978,-0.183546,-0.013537,-0.0656383
426.184,1,1,45.9538,3.97991,19.2978,0.183546,0.013537,0.0656383

orb:1,1,4.25834,1.11356,3.94543,0,0,-2.60564ptc:430.276,0,1,-42.9892,-17.7185,-18.3844,-0.174983,-0.0603443,-0.0626119
430.276,1,1,42.9892,17.7185,18.3844,0.174983,0.0603443,0.0626119

orb:1,1,4.54313,1.12074,4.75384,0,0,-2.59008ptc:430.836,0,1,-42.5866,1.08557,-26.1765,-0.173829,0.00369783,-0.0891663
430.836,1,1,42.5866,-1.08557,26.1765,0.173829,-0.00369783,0.0891663

orb:1,1,2.77275,1.0753,0.871815,0,0,-2.70026ptc:427.207,0,1,-45.2092,13.742,16.3488,-0.181385,0.0467554,0.055625
427.207,1,1,45.2092,-13.742,-16.3488,0.181385,-0.0467554,-0.055625

orb:1,1,5.31184,1.1399,4.05601,0,0,-2.5511ptc:432.305,0,1,-41.5334,-16.9884,-22.0539,-0.17082,-0.0578979,-0.0751613
432.305,1,1,41.5334,16.9884,22.0539,0.17082,0.0578979,0.0751613

orb:1,1,1.08882,1.03023,2.3691,0,0,-2.85812ptc:423.388,0,1,-48.0046,-10.0152,9.75996,-0.189531,-0.0340381,0.0331705
423.388,1,1,48.0046,10.0152,-9.75996,0.189531,0.0340381,-0.0331705

orb:1,1,1.90946,1.05244,1.62936,0,0,-2.77078ptc:425.297,0,1,-46.6017,-1.06053,18.0875,-0.185431,-0.00360629,0.0615058
425.297,1,1,46.6017,1.06053,-18.0875,0.185431,0.00360629,-0.0615058

orb:1,1,2.54723,1.06938,5.08339,0,0,-2.71724ptc:426.717,0,1,-45.5652,7.46374,-19.186,-0.182417,0.0253908,-0.0652685
426.717,1,1,45.5652,-7.46374,19.186,0.182417,-0.0253908,0.0652685

orb:1,1,2.60949,1.07102,3.70171,0,0,-2.71246ptc:426.853,0,1,-45.4664,-17.6249,-11.0529,-0.182131,-0.0599604,-0.0376022
426.853,1,1,45.4664,17.6249,11.0529,0.182131,0.0599604,0.0376022

orb:1,1,2.22451,1.06084,3.1321,0,0,-2.74319ptc:426.006,0,1,-46.0841,-19.3965,0.184158,-0.183925,-0.0659706,0.000626352
426.006,1,1,46.0841,19.3965,-0.184158,0.183925,0.0659706,-0.000626352

orb:1,1,4.87062,1.12894,2.46151,0,0,-2.57296ptc:431.469,0,1,-42.132,-20.9338,16.9314,-0.172528,-0.0713233,0.0576866
431.469,1,1,42.132,20.9338,-16.9314,0.172528,0.0713233,-0.0576866

orb:1,1,1.81531,1.04991,3.69644,0,0,-2.77954ptc:425.083,0,1,-46.7586,-15.053,-9.32969,-0.185889,-0.0511839,-0.0317233
425.083,1,1,46.7586,15.053,9.32969,0.185889,0.0511839,0.0317233

orb:1,1,2.33065,1.06365,6.06033,0,0,-2.73442ptc:426.241,0,1,-45.9122,19.3111,-4.3763,-0.183425,0.0656847,-0.0148855
426.241,1,1,45.9122,-19.3111,4.3763,0.183425,-0.0656847,0.0148855

orb:1,1,4.30289,1.11468,2.65405,0,0,-2.60316ptc:430.365,0,1,-42.9257,-22.6522,12.0109,-0.174801,-0.0771491,0.0409068
430.365,1,1,42.9257,22.6522,-12.0109,0.174801,0.0771491,-0.0409068

orb:1,1,3.94642,1.10563,4.6945,0,0,-2.6235ptc:429.653,0,1,-43.4382,-0.442942,-24.7573,-0.176273,-0.00150822,-0.0842989
429.653,1,1,43.4382,0.442942,24.7573,0.176273,0.00150822,0.0842989

orb:1,1,0.98624,1.02742,1.4902,0,0,-2.87138ptc:423.142,0,1,-48.1858,1.07448,13.3033,-0.190062,0.00365151,0.0452099
423.142,1,1,48.1858,-1.07448,-13.3033,0.190062,-0.00365151,-0.0452099

orb:1,1,1.98793,1.05453,5.84254,0,0,-2.76367ptc:425.475,0,1,-46.4717,16.687,-7.86913,-0.185053,0.0567463,-0.0267601
425.475,1,1,46.4717,-16.687,7.86913,0.185053,-0.0567463,0.0267601

orb:1,1,5.11243,1.13496,6.24417,0,0,-2.56082ptc:431.93,0,1,-41.802,27.4126,-1.07007,-0.171586,0.0934119,-0.00364641
431.93,1,1,41.802,-27.4126,1.07007,0.171586,-0.0934119,0.00364641

orb:1,1,0.954689,1.02655,4.25179,0,0,-2.87561ptc:423.067,0,1,-48.2418,-5.84171,-11.7731,-0.190226,-0.0198521,-0.0400089
423.067,1,1,48.2418,5.84171,11.7731,0.190226,0.0198521,0.0400089

orb:1,1,0.688873,1.01923,2.37369,0,0,-2.91473ptc:422.421,0,1,-48.7188,-8.09027,7.81196,-0.191626,-0.0274886,0.026543
422.421,1,1,48.7188,8.09027,-7.81196,0.191626,0.0274886,-0.026543

orb:1,1,5.41636,1.14249,0.096986,0,0,-2.54611ptc:432.5,0,1,-41.3938,27.9138,2.71577,-0.170422,0.0951389,0.00925619
432.5,1,1,41.3938,-27.9138,-2.71577,0.170422,-0.0951389,-0.00925619

orb:1,1,4.17541,1.11146,4.53568,0,0,-2.6103ptc:430.112,0,1,-43.1077,-4.45322,-24.9378,-0.175323,-0.0151656,-0.0849264
430.112,1,1,43.1077,4.45322,24.9378,0.175323,0.0151656,0.0849264

orb:1,1,0.31305,1.00878,5.97183,0,0,-2.98775ptc:421.49,0,1,-49.4095,7.29335,-2.34719,-0.193658,0.0247748,-0.00797318
421.49,1,1,49.4095,-7.29335,2.34719,0.193658,-0.0247748,0.00797318

orb:1,1,0.949254,1.0264,5.07454,0,0,-2.87635ptc:423.053,0,1,-48.2514,4.64377,-12.257,-0.190254,0.015781,-0.0416533
423.053,1,1,48.2514,-4.64377,12.257,0.190254,-0.015781,0.0416533

orb:1,1,0.869824,1.02422,5.85164,0,0,-2.88738ptc:422.862,0,1,-48.3931,11.4215,-5.25946,-0.19067,0.0388118,-0.0178724
422.862,1,1,48.3931,-11.4215,5.25946,0.19067,-0.0388118,0.0178724

orb:1,1,3.95278,1.1058,0.329566,0,0,-2.62313ptc:429.666,0,1,-43.429,23.444,8.0188,-0.176246,0.0798275,0.0273042
429.666,1,1,43.429,-23.444,-8.0188,0.176246,-0.0798275,-0.0273042

orb:1,1,1.76138,1.04846,2.65578,0,0,-2.78467ptc:424.96,0,1,-46.8489,-15.4481,8.15696,-0.186152,-0.0525257,0.0277347
424.96,1,1,46.8489,15.4481,-8.15696,0.186152,0.0525257,-0.0277347

orb:1,1,4.75464,1.12605,5.17469,0,0,-2.57893ptc:431.246,0,1,-42.292,11.896,-23.8721,-0.172986,0.0405275,-0.0813281
431.246,1,1,42.292,-11.896,23.8721,0.172986,-0.0405275,0.0813281

orb:1,1,3.97151,1.10627,0.297758,0,0,-2.62203ptc:429.704,0,1,-43.4018,23.7327,7.28312,-0.176168,0.0808115,0.0247996
429.704,1,1,43.4018,-23.7327,-7.28312,0.176168,-0.0808115,-0.0247996

orb:1,1,3.98679,1.10666,1.17415,0,0,-2.62114ptc:429.734,0,1,-43.3796,9.60555,22.9334,-0.176104,0.0327079,0.0780907
429.734,1,1,43.3796,-9.60555,-22.9334,0.176104,-0.0327079,-0.0780907

orb:1,1,3.73258,1.10017,3.35994,0,0,-2.63628ptc:429.219,0,1,-43.7512,-23.6294,-5.24305,-0.177173,-0.080447,-0.0178501
429.219,1,1,43.7512,23.6294,5.24305,0.177173,0.080447,0.0178501

orb:1,1,3.62241,1.09734,5.3319,0,0,-2.64305ptc:428.994,0,1,-43.914,13.8815,-19.4644,-0.177642,0.0472566,-0.0662625
428.994,1,1,43.914,-13.8815,19.4644,0.177642,-0.0472566,0.0662625

orb:1,1,0.519032,1.01452,5.99851,0,0,-2.94415ptc:422.003,0,1,-49.0285,9.41359,-2.75461,-0.192537,0.0319814,-0.00935841
422.003,1,1,49.0285,-9.41359,2.75461,0.192537,-0.0319814,0.00935841

orb:1,1,3.21361,1.0868,1.23702,0,0,-2.66939ptc:428.145,0,1,-44.5284,7.45083,21.4875,-0.179415,0.025358,0.0731299
428.145,1,1,44.5284,-7.45083,-21.4875,0.179415,-0.025358,-0.0731299

orb:1,1,1.38629,1.03833,1.04441,0,0,-2.82318ptc:424.091,0,1,-47.4866,7.86436,13.5342,-0.188015,0.0267333,0.0460067
424.091,1,1,47.4866,-7.86436,-13.5342,0.188015,-0.0267333,-0.0460067

orb:1,1,5.31545,1.13999,2.8017,0,0,-2.55093ptc:432.312,0,1,-41.5285,-26.2526,9.28339,-0.170806,-0.0894712,0.0316386
432.312,1,1,41.5285,26.2526,-9.28339,0.170806,0.0894712,-0.0316386

orb:1,1,0.409151,1.01146,4.00139,0,0,-2.96598ptc:421.731,0,1,-49.231,-5.7006,-6.61891,-0.193132,-0.0193656,-0.0224852
421.731,1,1,49.231,5.7006,6.61891,0.193132,0.0193656,0.0224852

orb:1,1,4.78484,1.1268,4.99312,0,0,-2.57737ptc:431.305,0,1,-42.2502,7.40787,-25.6913,-0.172866,0.0252378,-0.0875276
431.305,1,1,42.2502,-7.40787,25.6913,0.172866,-0.0252378,0.0875276

orb:1,1,0.852163,1.02373,3.2863,0,0,-2.8899ptc:422.819,0,1,-48.4247,-12.3219,-1.79561,-0.190763,-0.041871,-0.00610168
422.819,1,1,48.4247,12.3219,1.79561,0.190763,0.041871,0.00610168

orb:1,1,2.07782,1.05693,1.41845,0,0,-2.75573ptc:425.677,0,1,-46.3237,2.85582,18.6,-0.184622,0.00971218,0.0632554
425.677,1,1,46.3237,-2.85582,-18.6,0.184622,-0.00971218,-0.0632554

orb:1,1,5.53459,1.1454,5.65792,0,0,-2.54054ptc:432.719,0,1,-41.2369,22.9262,-16.5501,-0.169975,0.0781459,-0.0564122
432.719,1,1,41.2369,-22.9262,16.5501,0.169975,-0.0781459,0.0564122

orb:1,1,1.00673,1.02798,0.260575,0,0,-2.86868ptc:423.192,0,1,-48.1495,13.022,3.47216,-0.189955,0.0442546,0.0117999
423.192,1,1,48.1495,-13.022,-3.47216,0.189955,-0.0442546,-0.0117999

orb:1,1,0.266055,1.00747,5.26037,0,0,-2.99966ptc:421.372,0,1,-49.4972,3.68461,-6.03712,-0.193916,0.0125159,-0.0205069
421.372,1,1,49.4972,-3.68461,6.03712,0.193916,-0.0125159,0.0205069

orb:1,1,0.56952,1.01592,4.02703,0,0,-2.93493ptc:422.128,0,1,-48.936,-6.49393,-7.94307,-0.192265,-0.022063,-0.0269864
422.128,1,1,48.936,6.49393,7.94307,0.192265,0.022063,0.0269864

orb:1,1,1.11802,1.03103,1.37318,0,0,-2.85448ptc:423.458,0,1,-47.9532,2.77998,13.8838,-0.18938,0.00944831,0.0471869
423.458,1,1,47.9532,-2.77998,-13.8838,0.18938,-0.00944831,-0.0471869

orb:1,1,1.83477,1.05043,1.26951,0,0,-2.77771ptc:425.128,0,1,-46.7261,5.28076,16.9938,-0.185794,0.0179561,0.0577839
425.128,1,1,46.7261,-5.28076,-16.9938,0.185794,-0.0179561,-0.0577839

orb:1,1,5.44704,1.14324,4.87387,0,0,-2.54465ptc:432.557,0,1,-41.353,4.51889,-27.7401,-0.170306,0.0154021,-0.0945488
432.557,1,1,41.353,-4.51889,27.7401,0.170306,-0.0154021,0.0945488

orb:1,1,2.14095,1.05862,0.234319,0,0,-2.75027ptc:425.819,0,1,-46.2203,18.5494,4.4278,-0.184321,0.0630859,0.0150588
425.819,1,1,46.2203,-18.5494,-4.4278,0.184321,-0.0630859,-0.0150588

orb:1,1,1.65681,1.04565,4.42684,0,0,-2.79489ptc:424.72,0,1,-47.025,-4.78579,-16.3018,-0.186666,-0.0162712,-0.0554243
424.72,1,1,47.025,4.78579,16.3018,0.186666,0.0162712,0.0554243

orb:1,1,4.18197,1.11162,4.94646,0,0,-2.60993ptc:430.125,0,1,-43.0983,5.87937,-24.657,-0.175296,0.0200225,-0.0839705
430.125,1,1,43.0983,-5.87937,24.657,0.175296,-0.0200225,0.0839705

orb:1,1,2.67495,1.07274,2.77514,0,0,-2.70752ptc:426.995,0,1,-45.363,-19.6323,7.5347,-0.181831,-0.0667926,0.0256343
426.995,1,1,45.363,19.6323,-7.5347,0.181831,0.0667926,-0.0256343

orb:1,1,3.32804,1.08976,0.889381,0,0,-2.66181ptc:428.384,0,1,-44.3548,14.5375,17.9253,-0.178914,0.0494802,0.061011
428.384,1,1,44.3548,-14.5375,-17.9253,0.178914,-0.0494802,-0.061011

orb:1,1,1.66225,1.04579,5.52645,0,0,-2.79435ptc:424.732,0,1,-47.0158,12.3714,-11.6817,-0.186639,0.0420618,-0.0397168
424.732,1,1,47.0158,-12.3714,11.6817,0.186639,-0.0420618,0.0397168

orb:1,1,4.33552,1.11551,5.16843,0,0,-2.60136ptc:430.429,0,1,-42.8794,11.3257,-23.0887,-0.174668,0.038574,-0.0786376
430.429,1,1,42.8794,-11.3257,23.0887,0.174668,-0.038574,0.0786376

orb:1,1,4.37839,1.11659,0.0208881,0,0,-2.599ptc:430.513,0,1,-42.8186,25.8123,0.53925,-0.174494,0.0879164,0.00183668
430.513,1,1,42.8186,-25.8123,-0.53925,0.174494,-0.0879164,-0.00183668

orb:1,1,2.83377,1.0769,3.58102,0,0,-2.69582ptc:427.338,0,1,-45.1138,-19.5098,-9.17122,-0.181109,-0.0663825,-0.0312053
427.338,1,1,45.1138,19.5098,9.17122,0.181109,0.0663825,0.0312053

orb:1,1,3.82591,1.10256,0.190003,0,0,-2.63065ptc:429.409,0,1,-43.6141,24.0102,4.61772,-0.176779,0.0817486,0.0157222
429.409,1,1,43.6141,-24.0102,-4.61772,0.176779,-0.0817486,-0.0157222

orb:1,1,1.66279,1.04581,6.06178,0,0,-2.7943ptc:424.734,0,1,-47.0149,16.6023,-3.7371,-0.186636,0.0564462,-0.0127058
424.734,1,1,47.0149,-16.6023,3.7371,0.186636,-0.0564462,0.0127058

orb:1,1,5.35762,1.14104,4.55791,0,0,-2.5489ptc:432.39,0,1,-41.4721,-4.2973,-27.597,-0.170645,-0.014646,-0.0940558
432.39,1,1,41.4721,4.2973,27.597,0.170645,0.014646,0.0940558

orb:1,1,3.62391,1.09738,5.63061,0,0,-2.64296ptc:428.997,0,1,-43.9118,18.9981,-14.5199,-0.177636,0.064675,-0.04943
428.997,1,1,43.9118,-18.9981,14.5199,0.177636,-0.064675,0.04943

orb:1,1,3.1682,1.08562,3.4532,0,0,-2.67244ptc:428.049,0,1,-44.5976,-21.5179,-6.93083,-0.179615,-0.0732312,-0.0235875
428.049,1,1,44.5976,21.5179,6.93083,0.179615,0.0732312,0.0235875

orb:1,1,5.38635,1.14175,4.20971,0,0,-2.54753ptc:432.444,0,1,-41.4338,-13.4832,-24.5244,-0.170536,-0.0459541,-0.0835851
432.444,1,1,41.4338,13.4832,24.5244,0.170536,0.0459541,0.0835851

orb:1,1,0.726044,1.02026,2.96386,0,0,-2.90882ptc:422.512,0,1,-48.6515,-11.3521,2.03915,-0.191429,-0.0385725,0.00692865
422.512,1,1,48.6515,11.3521,-2.03915,0.191429,0.0385725,-0.00692865

orb:1,1,1.49672,1.04132,2.92562,0,0,-2.81128ptc:424.349,0,1,-47.2971,-15.8401,3.47526,-0.187461,-0.0538489,0.0118143
424.349,1,1,47.2971,15.8401,-3.47526,0.187461,0.0538489,-0.0118143

orb:1,1,4.60265,1.12224,4.71813,0,0,-2.58691ptc:430.952,0,1,-42.5033,0.151136,-26.3334,-0.17359,0.000514844,-0.0897045
430.952,1,1,42.5033,-0.151136,26.3334,0.17359,-0.000514844,0.0897045

orb:1,1,5.06303,1.13374,2.78369,0,0,-2.56327ptc:431.836,0,1,-41.869,-25.5992,9.57428,-0.171777,-0.0872296,0.0326246
431.836,1,1,41.869,25.5992,-9.57428,0.171777,0.0872296,-0.0326246

orb:1,1,3.93584,1.10536,0.771968,0,0,-2.62412ptc:429.632,0,1,-43.4536,17.7231,17.2533,-0.176317,0.0603468,0.0587473
429.632,1,1,43.4536,-17.7231,-17.2533,0.176317,-0.0603468,-0.0587473

orb:1,1,3.41649,1.09204,3.89095,0,0,-2.65607ptc:428.569,0,1,-44.2215,-17.0832,-15.8942,-0.178529,-0.0581485,-0.054101
428.569,1,1,44.2215,17.0832,15.8942,0.178529,0.0581485,0.054101

orb:1,1,3.96592,1.10613,5.78723,0,0,-2.62236ptc:429.692,0,1,-43.4099,21.8215,-11.8069,-0.176192,0.0743034,-0.0402032
429.692,1,1,43.4099,-21.8215,11.8069,0.176192,-0.0743034,0.0402032

orb:1,1,5.30275,1.13968,5.49203,0,0,-2.55154ptc:432.288,0,1,-41.5455,19.5584,-19.7848,-0.170854,0.0666562,-0.0674277
432.288,1,1,41.5455,-19.5584,19.7848,0.170854,-0.0666562,0.0674277

orb:1,1,2.36228,1.06449,0.932676,0,0,-2.73185ptc:426.311,0,1,-45.8612,11.8652,15.9989,-0.183277,0.0403592,0.0544198
426.311,1,1,45.8612,-11.8652,-15.9989,0.183277,-0.0403592,-0.0544198

orb:1,1,3.29781,1.08898,1.74557,0,0,-2.6638ptc:428.321,0,1,-44.4005,-3.99773,22.641,-0.179046,-0.0136065,0.07706
428.321,1,1,44.4005,3.99773,-22.641,0.179046,0.0136065,-0.07706

orb:1,1,4.03801,1.10797,1.27016,0,0,-2.61816ptc:429.837,0,1,-43.3055,7.401,23.8718,-0.175891,0.025202,0.0812886
429.837,1,1,43.3055,-7.401,-23.8718,0.175891,-0.025202,-0.0812886

orb:1,1,3.62735,1.09747,4.32976,0,0,-2.64274ptc:429.004,0,1,-43.9067,-8.93103,-22.191,-0.177621,-0.0304039,-0.0755447
429.004,1,1,43.9067,8.93103,22.191,0.177621,0.0304039,0.0755447

orb:1,1,3.25237,1.0878,6.0006,0,0,-2.6668ptc:428.226,0,1,-44.4694,21.9511,-6.37354,-0.179245,0.0747097,-0.0216921
428.226,1,1,44.4694,-21.9511,6.37354,0.179245,-0.0747097,0.0216921

orb:1,1,1.1847,1.03285,3.49133,0,0,-2.84634ptc:423.616,0,1,-47.8364,-13.6684,-4.9853,-0.189038,-0.0464568,-0.0169443
423.616,1,1,47.8364,13.6684,4.9853,0.189038,0.0464568,0.0169443

orb:1,1,1.45393,1.04017,2.30243,0,0,-2.81583ptc:424.249,0,1,-47.3704,-10.6904,11.9065,-0.187675,-0.0363414,0.0404755
424.249,1,1,47.3704,10.6904,-11.9065,0.187675,0.0363414,-0.0404755

orb:1,1,2.6075,1.07096,4.07771,0,0,-2.71262ptc:426.849,0,1,-45.4696,-12.3311,-16.747,-0.18214,-0.0419505,-0.0569737
426.849,1,1,45.4696,12.3311,16.747,0.18214,0.0419505,0.0569737

orb:1,1,4.99855,1.13213,2.02867,0,0,-2.56649ptc:431.714,0,1,-41.9568,-12.0218,24.3947,-0.172028,-0.0409628,0.0831219
431.714,1,1,41.9568,12.0218,-24.3947,0.172028,0.0409628,-0.0831219

orb:1,1,3.27543,1.0884,2.4098,0,0,-2.66527ptc:428.274,0,1,-44.4344,-17.0562,15.3189,-0.179144,-0.0580509,0.0521382
428.274,1,1,44.4344,17.0562,-15.3189,0.179144,0.0580509,-0.0521382

orb:1,1,1.40239,1.03877,0.280113,0,0,-2.82141ptc:424.129,0,1,-47.4589,15.1237,4.35074,-0.187933,0.0514105,0.0147896
424.129,1,1,47.4589,-15.1237,-4.35074,0.187933,-0.0514105,-0.0147896

orb:1,1,2.46144,1.06711,6.26769,0,0,-2.72393ptc:426.529,0,1,-45.7021,20.2786,-0.314277,-0.182814,0.0689816,-0.00106907
426.529,1,1,45.7021,-20.2786,0.314277,0.182814,-0.0689816,0.00106907

orb:1,1,0.82094,1.02287,5.15518,0,0,-2.89444ptc:422.743,0,1,-48.4806,5.24109,-11.0526,-0.190927,0.0178094,-0.0375571
422.743,1,1,48.4806,-5.24109,11.0526,0.190927,-0.0178094,0.0375571

orb:1,1,3.03255,1.08209,4.66361,0,0,-2.68173ptc:427.762,0,1,-44.8056,-1.08201,-22.165,-0.180217,-0.00368204,-0.0754267
427.762,1,1,44.8056,1.08201,22.165,0.180217,0.00368204,0.0754267

orb:1,1,0.912339,1.02539,5.55948,0,0,-2.88141ptc:422.964,0,1,-48.3171,9.63885,-8.51737,-0.190447,0.0327551,-0.028944
422.964,1,1,48.3171,-9.63885,8.51737,0.190447,-0.0327551,0.028944

orb:1,1,3.93299,1.10529,1.67685,0,0,-2.62429ptc:429.626,0,1,-43.4578,-2.6175,24.588,-0.176329,-0.00891256,0.0837218
429.626,1,1,43.4578,2.6175,-24.588,0.176329,0.00891256,-0.0837218

orb:1,1,3.32582,1.0897,4.29272,0,0,-2.66196ptc:428.38,0,1,-44.3581,-9.40126,-21.0707,-0.178923,-0.0319984,-0.0717167
428.38,1,1,44.3581,9.40126,21.0707,0.178923,0.0319984,0.0717167

orb:1,1,3.5876,1.09645,4.08883,0,0,-2.64522ptc:428.922,0,1,-43.9657,-13.9045,-19.3309,-0.177791,-0.0473339,-0.0658063
428.922,1,1,43.9657,13.9045,19.3309,0.177791,0.0473339,0.0658063

orb:1,1,4.8334,1.12801,2.28517,0,0,-2.57487ptc:431.398,0,1,-42.1832,-17.5864,20.2804,-0.172675,-0.059917,0.0690954
431.398,1,1,42.1832,17.5864,-20.2804,0.172675,0.059917,-0.0690954

orb:1,1,1.16246,1.03224,0.9495,0,0,-2.84902ptc:423.563,0,1,-47.8753,8.3941,11.7258,-0.189152,0.0285298,0.0398535
423.563,1,1,47.8753,-8.3941,-11.7258,0.189152,-0.0285298,-0.0398535

orb:1,1,1.60804,1.04433,5.43233,0,0,-2.79979ptc:424.607,0,1,-47.1076,11.0501,-12.6005,-0.186907,0.037568,-0.042839
424.607,1,1,47.1076,-11.0501,12.6005,0.186907,-0.037568,0.042839

orb:1,1,2.12909,1.0583,1.24984,0,0,-2.75129ptc:425.792,0,1,-46.2397,6.00133,18.052,-0.184377,0.0204102,0.0613941
425.792,1,1,46.2397,-6.00133,-18.052,0.184377,-0.0204102,-0.0613941

orb:1,1,3.9858,1.10664,1.94856,0,0,-2.62119ptc:429.732,0,1,-43.3811,-9.16995,23.1083,-0.176109,-0.0312246,0.0786863
429.732,1,1,43.3811,9.16995,-23.1083,0.176109,0.0312246,-0.0786863

orb:1,1,3.79904,1.10187,4.01679,0,0,-2.63226ptc:429.355,0,1,-43.6535,-15.6237,-18.7156,-0.176892,-0.0531939,-0.0637208
429.355,1,1,43.6535,15.6237,18.7156,0.176892,0.0531939,0.0637208

orb:1,1,2.21519,1.06059,5.86897,0,0,-2.74397ptc:425.985,0,1,-46.0992,17.7239,-7.79243,-0.183969,0.0602816,-0.0265032
425.985,1,1,46.0992,-17.7239,7.79243,0.183969,-0.0602816,0.0265032

orb:1,1,3.2017,1.08649,5.65678,0,0,-2.67018ptc:428.12,0,1,-44.5465,18.3959,-13.3117,-0.179467,0.0626078,-0.0453043
428.12,1,1,44.5465,-18.3959,13.3117,0.179467,-0.0626078,0.0453043

orb:1,1,0.872935,1.0243,3.361,0,0,-2.88694ptc:422.869,0,1,-48.3875,-12.2937,-2.74148,-0.190653,-0.0417758,-0.00931596
422.869,1,1,48.3875,12.2937,2.74148,0.190653,0.0417758,0.00931596

orb:1,1,2.91771,1.0791,2.2664,0,0,-2.6898ptc:427.518,0,1,-44.9832,-13.9892,16.7576,-0.18073,-0.0476011,0.0570211
427.518,1,1,44.9832,13.9892,-16.7576,0.18073,0.0476011,-0.0570211

orb:1,1,3.22654,1.08713,4.80958,0,0,-2.66852ptc:428.172,0,1,-44.5087,2.21074,-22.6736,-0.179358,0.00752406,-0.0771673
428.172,1,1,44.5087,-2.21074,22.6736,0.179358,-0.00752406,0.0771673

orb:1,1,2.06028,1.05647,3.26552,0,0,-2.75726ptc:425.638,0,1,-46.3525,-18.6031,-2.31722,-0.184706,-0.0632653,-0.00788039
425.638,1,1,46.3525,18.6031,2.31722,0.184706,0.0632653,0.00788039

orb:1,1,0.00943428,1.00027,0.0966419,0,0,-3.11476ptc:420.722,0,1,-49.982,1.3354,0.129459,-0.195346,0.00453533,0.000439673
420.722,1,1,49.982,-1.3354,-0.129459,0.195346,-0.00453533,-0.000439673

orb:1,1,1.62116,1.04469,0.53521,0,0,-2.79846ptc:424.638,0,1,-47.0853,14.4695,8.57948,-0.186842,0.0491935,0.0291687
424.638,1,1,47.0853,-14.4695,-8.57948,0.186842,-0.0491935,-0.0291687

orb:1,1,3.99718,1.10693,3.76409,0,0,-2.62053ptc:429.755,0,1,-43.3646,-20.2213,-14.5126,-0.176061,-0.068856,-0.0494172
429.755,1,1,43.3646,20.2213,14.5126,0.176061,0.068856,0.0494172

orb:1,1,0.980108,1.02725,5.17365,0,0,-2.8722ptc:423.128,0,1,-48.1966,5.92284,-11.9165,-0.190094,0.0201281,-0.040497
423.128,1,1,48.1966,-5.92284,11.9165,0.190094,-0.0201281,0.040497

orb:1,1,3.79639,1.1018,0.705243,0,0,-2.63242ptc:429.349,0,1,-43.6574,18.5588,15.7989,-0.176903,0.0631868,0.0537903
429.349,1,1,43.6574,-18.5588,-15.7989,0.176903,-0.0631868,-0.0537903

orb:1,1,2.02263,1.05546,1.80738,0,0,-2.76058ptc:425.553,0,1,-46.4145,-4.35794,18.075,-0.184886,-0.0148201,0.0614678
425.553,1,1,46.4145,4.35794,-18.075,0.184886,0.0148201,-0.0614678

orb:1,1,2.55582,1.0696,5.4357,0,0,-2.71658ptc:426.736,0,1,-45.5516,13.6456,-15.4548,-0.182378,0.046421,-0.0525758
426.736,1,1,45.5516,-13.6456,15.4548,0.182378,-0.046421,0.0525758

orb:1,1,1.36702,1.03781,4.24873,0,0,-2.8253ptc:424.046,0,1,-47.5198,-6.95518,-13.9101,-0.188112,-0.0236424,-0.047284
424.046,1,1,47.5198,6.95518,13.9101,0.188112,0.0236424,0.047284

orb:1,1,4.50194,1.1197,2.0649,0,0,-2.59229ptc:430.756,0,1,-42.6443,-12.38,22.9825,-0.173994,-0.0421695,0.0782844
430.756,1,1,42.6443,12.38,-22.9825,0.173994,0.0421695,-0.0782844

orb:1,1,0.850773,1.02369,5.38012,0,0,-2.8901ptc:422.816,0,1,-48.4271,7.70439,-9.77005,-0.19077,0.0261803,-0.0331996
422.816,1,1,48.4271,-7.70439,9.77005,0.19077,-0.0261803,0.0331996

orb:1,1,3.83255,1.10273,1.17799,0,0,-2.63025ptc:429.423,0,1,-43.6043,9.36577,22.6041,-0.176751,0.0318882,0.0769614
429.423,1,1,43.6043,-9.36577,-22.6041,0.176751,-0.0318882,-0.0769614

orb:1,1,0.554829,1.01552,2.59534,0,0,-2.93756ptc:422.092,0,1,-48.9629,-8.65653,5.26281,-0.192344,-0.02941,0.0178801
422.092,1,1,48.9629,8.65653,-5.26281,0.192344,0.02941,-0.0178801

orb:1,1,1.62651,1.04483,3.417,0,0,-2.79792ptc:424.65,0,1,-47.0763,-16.2122,-4.58142,-0.186816,-0.0551188,-0.0155761
424.65,1,1,47.0763,16.2122,4.58142,0.186816,0.0551188,0.0155761

orb:1,1,5.59122,1.14679,2.95996,0,0,-2.5379ptc:432.824,0,1,-41.1622,-27.9175,5.12732,-0.169763,-0.0951626,0.0174775
432.824,1,1,41.1622,27.9175,-5.12732,0.169763,0.0951626,-0.0174775

orb:1,1,3.81102,1.10218,2.08944,0,0,-2.63154ptc:429.379,0,1,-43.6359,-12.1006,21.201,-0.176842,-0.0411992,0.0721833
429.379,1,1,43.6359,12.1006,-21.201,0.176842,0.0411992,-0.0721833

orb:1,1,2.41652,1.06593,3.86345,0,0,-2.7275ptc:426.431,0,1,-45.774,-15.1003,-13.2936,-0.183023,-0.0513649,-0.0452195
426.431,1,1,45.774,15.1003,13.2936,0.183023,0.0513649,0.0452195

orb:1,1,1.31116,1.03629,1.33214,0,0,-2.83157ptc:423.915,0,1,-47.6164,3.60591,14.8216,-0.188394,0.012257,0.0503803
423.915,1,1,47.6164,-3.60591,-14.8216,0.188394,-0.012257,-0.0503803

orb:1,1,0.2248,1.00632,4.69086,0,0,-3.01104ptc:421.269,0,1,-49.5745,-0.140139,-6.50739,-0.194144,-0.000476012,-0.0221037
421.269,1,1,49.5745,0.140139,6.50739,0.194144,0.000476012,0.0221037

orb:1,1,0.0844722,1.00238,2.29817,0,0,-3.06139ptc:420.913,0,1,-49.8393,-2.66361,2.99217,-0.194925,-0.00904666,0.0101626
420.913,1,1,49.8393,2.66361,-2.99217,0.194925,0.00904666,-0.0101626

orb:1,1,1.44399,1.0399,5.1885,0,0,-2.8169ptc:424.226,0,1,-47.3874,7.31084,-14.177,-0.187724,0.0248526,-0.0481935
424.226,1,1,47.3874,-7.31084,14.177,0.187724,-0.0248526,0.0481935

orb:1,1,3.70716,1.09952,5.24757,0,0,-2.63783ptc:429.167,0,1,-43.7886,12.3094,-20.7614,-0.177281,0.0419072,-0.0706816
429.167,1,1,43.7886,-12.3094,20.7614,0.177281,-0.0419072,0.0706816

orb:1,1,2.39864,1.06545,4.70466,0,0,-2.72893ptc:426.391,0,1,-45.8027,-0.154977,-20.0521,-0.183107,-0.000527164,-0.0682081
426.391,1,1,45.8027,0.154977,20.0521,0.183107,0.000527164,0.0682081

orb:1,1,4.77714,1.12661,0.444485,0,0,-2.57777ptc:431.29,0,1,-42.2609,24.1247,11.4899,-0.172897,0.08219,0.0391447
431.29,1,1,42.2609,-24.1247,-11.4899,0.172897,-0.08219,-0.0391447

orb:1,1,0.620995,1.01735,0.638089,0,0,-2.92596ptc:422.255,0,1,-48.8421,8.59305,6.37241,-0.191989,0.0291956,0.0216508
422.255,1,1,48.8421,-8.59305,-6.37241,0.191989,-0.0291956,-0.0216508

orb:1,1,4.10524,1.10967,5.13966,0,0,-2.6143ptc:429.972,0,1,-43.2085,10.4261,-22.8981,-0.175613,0.0355046,-0.0779765
429.972,1,1,43.2085,-10.4261,22.8981,0.175613,-0.0355046,0.0779765

orb:1,1,1.04131,1.02893,2.50246,0,0,-2.86418ptc:423.274,0,1,-48.0883,-10.9907,8.16815,-0.189776,-0.037352,0.0277596
423.274,1,1,48.0883,10.9907,-8.16815,0.189776,0.037352,-0.0277596

orb:1,1,4.7944,1.12704,2.0577,0,0,-2.57688ptc:431.323,0,1,-42.237,-12.5203,23.6491,-0.172828,-0.0426555,0.0805705
431.323,1,1,42.237,12.5203,-23.6491,0.172828,0.0426555,-0.0805705

orb:1,1,2.88115,1.07814,0.0392836,0,0,-2.6924ptc:427.439,0,1,-45.04,21.695,0.852694,-0.180895,0.0738199,0.0029014
427.439,1,1,45.04,-21.695,-0.852694,0.180895,-0.0738199,-0.0029014

orb:1,1,0.780907,1.02177,1.03621,0,0,-2.90039ptc:422.646,0,1,-48.5526,6.08505,10.2771,-0.191138,0.0206767,0.0349211
422.646,1,1,48.5526,-6.08505,-10.2771,0.191138,-0.0206767,-0.0349211

orb:1,1,3.90361,1.10454,1.18788,0,0,-2.62602ptc:429.567,0,1,-43.5006,9.21043,22.8663,-0.176452,0.0313608,0.0778581
429.567,1,1,43.5006,-9.21043,-22.8663,0.176452,-0.0313608,-0.0778581

orb:1,1,0.998047,1.02774,2.38103,0,0,-2.86982ptc:423.171,0,1,-48.1648,-9.72349,9.25214,-0.19,-0.0330446,0.0314427
423.171,1,1,48.1648,9.72349,-9.25214,0.19,0.0330446,-0.0314427

orb:1,1,2.88661,1.07828,5.83973,0,0,-2.69201ptc:427.451,0,1,-45.0315,19.6275,-9.32327,-0.18087,0.0667855,-0.0317238
427.451,1,1,45.0315,-19.6275,9.32327,0.18087,-0.0667855,0.0317238

orb:1,1,4.18487,1.11169,1.96804,0,0,-2.60977ptc:430.131,0,1,-43.0942,-9.80939,23.3809,-0.175284,-0.0334064,0.079625
430.131,1,1,43.0942,9.80939,-23.3809,0.175284,0.0334064,-0.079625

orb:1,1,4.2058,1.11223,0.0616499,0,0,-2.60859ptc:430.172,0,1,-43.0642,25.3579,1.56529,-0.175198,0.0863588,0.00533076
430.172,1,1,43.0642,-25.3579,-1.56529,0.175198,-0.0863588,-0.00533076

orb:1,1,1.06111,1.02947,0.860802,0,0,-2.86164ptc:423.322,0,1,-48.0534,9.00546,10.4773,-0.189674,0.0306057,0.0356079
423.322,1,1,48.0534,-9.00546,-10.4773,0.189674,-0.0306057,-0.0356079

orb:1,1,2.96339,1.08029,2.54362,0,0,-2.68656ptc:427.615,0,1,-44.9124,-18.1614,12.3709,-0.180526,-0.0617998,0.042096
427.615,1,1,44.9124,18.1614,-12.3709,0.180526,0.0617998,-0.042096

orb:1,1,1.80171,1.04955,3.21013,0,0,-2.78083ptc:425.052,0,1,-46.7813,-17.6082,-1.20867,-0.185955,-0.0598716,-0.00410975
425.052,1,1,46.7813,17.6082,1.20867,0.185955,0.0598716,0.00410975

orb:1,1,1.19064,1.03301,0.689276,0,0,-2.84563ptc:423.63,0,1,-47.826,11.254,9.27464,-0.189008,0.0382507,0.0315232
423.63,1,1,47.826,-11.254,-9.27464,0.189008,-0.0382507,-0.0315232

orb:1,1,3.3678,1.09079,0.229083,0,0,-2.65922ptc:428.467,0,1,-44.2948,22.5883,5.26706,-0.17874,0.0768844,0.0179276
428.467,1,1,44.2948,-22.5883,-5.26706,0.17874,-0.0768844,-0.0179276

orb:1,1,4.66901,1.1239,3.68349,0,0,-2.5834ptc:431.081,0,1,-42.4108,-22.6885,-13.6586,-0.173326,-0.0772914,-0.04653
431.081,1,1,42.4108,22.6885,13.6586,0.173326,0.0772914,0.04653

orb:1,1,1.28001,1.03544,1.23797,0,0,-2.83513ptc:423.841,0,1,-47.6704,4.92824,14.2565,-0.188552,0.0167514,0.0484585
423.841,1,1,47.6704,-4.92824,-14.2565,0.188552,-0.0167514,-0.0484585

orb:1,1,0.188142,1.00529,5.75886,0,0,-3.02209ptc:421.176,0,1,-49.6434,5.16005,-2.98417,-0.194347,0.0175268,-0.0101361
421.176,1,1,49.6434,-5.16005,2.98417,0.194347,-0.0175268,0.0101361

orb:1,1,0.682001,1.01904,6.19368,0,0,-2.91584ptc:422.405,0,1,-48.7313,11.1474,-1.00041,-0.191663,0.0378758,-0.00339911
422.405,1,1,48.7313,-11.1474,1.00041,0.191663,-0.0378758,0.00339911

orb:1,1,0.684312,1.0191,6.0699,0,0,-2.91546ptc:422.41,0,1,-48.7271,10.9564,-2.3729,-0.19165,0.0372269,-0.00806248
422.41,1,1,48.7271,-10.9564,2.3729,0.19165,-0.0372269,0.00806248

orb:1,1,1.18804,1.03294,1.33217,0,0,-2.84594ptc:423.624,0,1,-47.8306,3.44343,14.1556,-0.189021,0.0117037,0.0481127
423.624,1,1,47.8306,-3.44343,-14.1556,0.189021,-0.0117037,-0.0481127

orb:1,1,3.41205,1.09193,3.39917,0,0,-2.65635ptc:428.559,0,1,-44.2281,-22.5517,-5.94071,-0.178548,-0.0767619,-0.0202211
428.559,1,1,44.2281,22.5517,5.94071,0.178548,0.0767619,0.0202211

orb:1,1,3.24945,1.08772,5.06654,0,0,-2.667ptc:428.22,0,1,-44.4738,7.92399,-21.431,-0.179258,0.0269689,-0.0729394
428.22,1,1,44.4738,-7.92399,21.431,0.179258,-0.0269689,0.0729394

orb:1,1,5.60779,1.1472,0.460626,0,0,-2.53713ptc:432.854,0,1,-41.1403,25.4544,12.6312,-0.169701,0.0867675,0.0430566
432.854,1,1,41.1403,-25.4544,-12.6312,0.169701,-0.0867675,-0.0430566

orb:1,1,5.52915,1.14526,1.32045,0,0,-2.54079ptc:432.709,0,1,-41.2441,7.00254,27.3841,-0.169996,0.0238686,0.0933405
432.709,1,1,41.2441,-7.00254,-27.3841,0.169996,-0.0238686,-0.0933405

orb:1,1,5.09782,1.1346,2.77727,0,0,-2.56154ptc:431.902,0,1,-41.8218,-25.6047,9.76413,-0.171642,-0.0872504,0.0332722
431.902,1,1,41.8218,25.6047,-9.76413,0.171642,0.0872504,-0.0332722

orb:1,1,1.24757,1.03456,4.39295,0,0,-2.83889ptc:423.765,0,1,-47.7268,-4.68063,-14.1509,-0.188717,-0.0159094,-0.0480986
423.765,1,1,47.7268,4.68063,14.1509,0.188717,0.0159094,0.0480986

orb:1,1,5.25048,1.13839,1.77742,0,0,-2.55407ptc:432.19,0,1,-41.6157,-5.68599,27.1257,-0.171054,-0.0193775,0.0924429
432.19,1,1,41.6157,5.68599,-27.1257,0.171054,0.0193775,-0.0924429

orb:1,1,0.25335,1.00711,5.87646,0,0,-3.00307ptc:421.341,0,1,-49.521,6.34101,-2.73135,-0.193986,0.0215389,-0.00927777
421.341,1,1,49.521,-6.34101,2.73135,0.193986,-0.0215389,0.00927777

orb:1,1,2.93406,1.07952,3.25235,0,0,-2.68863ptc:427.553,0,1,-44.9578,-21.7473,-2.41866,-0.180657,-0.0740005,-0.00823008
427.553,1,1,44.9578,21.7473,2.41866,0.180657,0.0740005,0.00823008

orb:1,1,0.195708,1.0055,3.64238,0,0,-3.01973ptc:421.195,0,1,-49.6292,-5.33182,-2.91821,-0.194305,-0.0181103,-0.0099121
421.195,1,1,49.6292,5.33182,2.91821,0.194305,0.0181103,0.0099121

orb:1,1,1.36141,1.03766,2.93626,0,0,-2.82593ptc:424.033,0,1,-47.5295,-15.1964,3.16498,-0.18814,-0.051656,0.0107585
424.033,1,1,47.5295,15.1964,-3.16498,0.18814,0.051656,-0.0107585

orb:1,1,2.56855,1.06994,1.25517,0,0,-2.7156ptc:426.764,0,1,-45.5313,6.41356,19.6408,-0.182319,0.0218185,0.0668168
426.764,1,1,45.5313,-6.41356,-19.6408,0.182319,-0.0218185,-0.0668168

orb:1,1,5.45322,1.14339,4.35713,0,0,-2.54436ptc:432.568,0,1,-41.3448,-9.78029,-26.362,-0.170282,-0.0333351,-0.0898523
432.568,1,1,41.3448,9.78029,26.362,0.170282,0.0333351,0.0898523

orb:1,1,0.50068,1.01401,3.37679,0,0,-2.94761ptc:421.958,0,1,-49.0622,-9.37299,-2.24602,-0.192636,-0.031843,-0.00763045
421.958,1,1,49.0622,9.37299,2.24602,0.192636,0.031843,0.00763045

orb:1,1,3.37428,1.09095,4.85996,0,0,-2.6588ptc:428.481,0,1,-44.285,3.41321,-22.9606,-0.178712,0.0116177,-0.0781519
428.481,1,1,44.285,-3.41321,22.9606,0.178712,-0.0116177,0.0781519

orb:1,1,1.55484,1.0429,1.43096,0,0,-2.80522ptc:424.484,0,1,-47.1979,2.30022,16.3421,-0.187171,0.00781998,0.0555576
424.484,1,1,47.1979,-2.30022,-16.3421,0.187171,-0.00781998,-0.0555576

orb:1,1,3.53806,1.09518,1.74556,0,0,-2.64832ptc:428.82,0,1,-44.0395,-4.11665,23.3148,-0.178004,-0.0140135,0.0793658
428.82,1,1,44.0395,4.11665,-23.3148,0.178004,0.0140135,-0.0793658

orb:1,1,2.91518,1.07903,4.24364,0,0,-2.68998ptc:427.512,0,1,-44.9871,-9.85818,-19.4673,-0.180742,-0.0335445,-0.0662415
427.512,1,1,44.9871,9.85818,19.4673,0.180742,0.0335445,0.0662415

orb:1,1,0.280754,1.00788,4.33351,0,0,-2.99583ptc:421.409,0,1,-49.4698,-2.68622,-6.74737,-0.193835,-0.00912462,-0.0229197
421.409,1,1,49.4698,2.68622,6.74737,0.193835,0.00912462,0.0229197

orb:1,1,2.31801,1.06332,0.90146,0,0,-2.73545ptc:426.213,0,1,-45.9326,12.2563,15.4913,-0.183484,0.0416882,0.0526916
426.213,1,1,45.9326,-12.2563,-15.4913,0.183484,-0.0416882,-0.0526916

orb:1,1,1.00679,1.02798,1.04652,0,0,-2.86867ptc:423.192,0,1,-48.1494,6.74664,11.6672,-0.189955,0.0229281,0.0396502
423.192,1,1,48.1494,-6.74664,-11.6672,0.189955,-0.0229281,-0.0396502

orb:1,1,2.25533,1.06166,5.86797,0,0,-2.74062ptc:426.074,0,1,-46.034,17.8575,-7.87247,-0.183779,0.0607376,-0.0267761
426.074,1,1,46.034,-17.8575,7.87247,0.183779,-0.0607376,0.0267761

orb:1,1,0.563994,1.01577,4.74239,0,0,-2.93592ptc:422.115,0,1,-48.9461,0.306293,-10.2069,-0.192294,0.00104062,-0.0346775
422.115,1,1,48.9461,-0.306293,10.2069,0.192294,-0.00104062,0.0346775

orb:1,1,0.463356,1.01297,2.70846,0,0,-2.95487ptc:421.865,0,1,-49.1309,-8.42471,3.89576,-0.192838,-0.0286207,0.0132348
421.865,1,1,49.1309,8.42471,-3.89576,0.192838,0.0286207,-0.0132348

orb:1,1,2.77266,1.0753,5.28822,0,0,-2.70027ptc:427.206,0,1,-45.2094,11.6294,-17.9128,-0.181385,0.0395679,-0.0609463
427.206,1,1,45.2094,-11.6294,17.9128,0.181385,-0.0395679,0.0609463

orb:1,1,2.23282,1.06106,5.86905,0,0,-2.74249ptc:426.024,0,1,-46.0706,17.7869,-7.81827,-0.183885,0.0604966,-0.0265913
426.024,1,1,46.0706,-17.7869,7.81827,0.183885,-0.0604966,0.0265913

orb:1,1,5.57618,1.14642,2.15202,0,0,-2.5386ptc:432.796,0,1,-41.182,-15.5686,23.6994,-0.169819,-0.0530684,0.0807835
432.796,1,1,41.182,15.5686,-23.6994,0.169819,0.0530684,-0.0807835

orb:1,1,1.68243,1.04634,0.769938,0,0,-2.79236ptc:424.779,0,1,-46.9817,12.2835,11.9094,-0.18654,0.0417632,0.0404915
424.779,1,1,46.9817,-12.2835,-11.9094,0.18654,-0.0417632,-0.0404915

orb:1,1,3.22437,1.08707,4.51034,0,0,-2.66867ptc:428.167,0,1,-44.512,-4.57043,-22.3113,-0.179368,-0.015555,-0.0759344
428.167,1,1,44.512,4.57043,22.3113,0.179368,0.015555,0.0759344

orb:1,1,5.18552,1.13678,5.21201,0,0,-2.55723ptc:432.068,0,1,-41.7032,13.215,-24.2117,-0.171304,0.0450341,-0.0825087
432.068,1,1,41.7032,-13.215,24.2117,0.171304,-0.0450341,0.0825087

orb:1,1,5.62243,1.14756,4.14177,0,0,-2.53645ptc:432.881,0,1,-41.1211,-15.3642,-23.9374,-0.169646,-0.0523731,-0.0815974
432.881,1,1,41.1211,15.3642,23.9374,0.169646,0.0523731,0.0815974

orb:1,1,4.73507,1.12556,0.438736,0,0,-2.57995ptc:431.209,0,1,-42.3191,24.1068,11.3118,-0.173063,0.0821268,0.038537
431.209,1,1,42.3191,-24.1068,-11.3118,0.173063,-0.0821268,-0.038537

orb:1,1,4.05597,1.10842,0.212453,0,0,-2.61713ptc:429.873,0,1,-43.2795,24.4747,5.27938,-0.175817,0.0833426,0.0179777
429.873,1,1,43.2795,-24.4747,-5.27938,0.175817,-0.0833426,-0.0179777

orb:1,1,2.39261,1.06529,3.36131,0,0,-2.72941ptc:426.378,0,1,-45.8124,-19.549,-4.36571,-0.183135,-0.0664966,-0.0148501
426.378,1,1,45.8124,19.549,4.36571,0.183135,0.0664966,0.0148501

orb:1,1,0.964975,1.02683,6.25841,0,0,-2.87423ptc:423.091,0,1,-48.2235,13.2056,-0.327229,-0.190172,0.0448772,-0.00111204
423.091,1,1,48.2235,-13.2056,0.327229,0.190172,-0.0448772,0.00111204

orb:1,1,0.646454,1.01805,3.9391,0,0,-2.92168ptc:422.317,0,1,-48.7958,-7.61871,-7.80554,-0.191852,-0.0258857,-0.0265205
422.317,1,1,48.7958,7.61871,7.80554,0.191852,0.0258857,0.0265205

orb:1,1,2.43909,1.06652,5.28907,0,0,-2.7257ptc:426.48,0,1,-45.7378,11.0141,-16.9334,-0.182918,0.0374662,-0.0576012
426.48,1,1,45.7378,-11.0141,16.9334,0.182918,-0.0374662,0.0576012

orb:1,1,4.17183,1.11136,2.66999,0,0,-2.61051ptc:430.105,0,1,-43.1129,-22.5593,11.5048,-0.175338,-0.0768261,0.0391798
430.105,1,1,43.1129,22.5593,-11.5048,0.175338,0.0768261,-0.0391798

orb:1,1,1.84651,1.05075,1.21927,0,0,-2.77661ptc:425.154,0,1,-46.7065,6.14511,16.7554,-0.185737,0.0208953,0.0569737
425.154,1,1,46.7065,-6.14511,-16.7554,0.185737,-0.0208953,-0.0569737

orb:1,1,2.87046,1.07786,6.26328,0,0,-2.69317ptc:427.417,0,1,-45.0566,21.6729,-0.431356,-0.180943,0.0737442,-0.00146773
427.417,1,1,45.0566,-21.6729,0.431356,0.180943,-0.0737442,0.00146773

orb:1,1,1.36704,1.03781,0.901568,0,0,-2.8253ptc:424.046,0,1,-47.5198,9.64828,12.1976,-0.188112,0.0327969,0.0414626
424.046,1,1,47.5198,-9.64828,-12.1976,0.188112,-0.0327969,-0.0414626

orb:1,1,5.45609,1.14347,0.27775,0,0,-2.54423ptc:432.574,0,1,-41.341,27.0456,7.71123,-0.170272,0.0921822,0.026283
432.574,1,1,41.341,-27.0456,-7.71123,0.170272,-0.0921822,-0.026283

orb:1,1,3.14313,1.08497,3.43717,0,0,-2.67414ptc:427.996,0,1,-44.6359,-21.5537,-6.56298,-0.179726,-0.0733521,-0.0223353
427.996,1,1,44.6359,21.5537,6.56298,0.179726,0.0733521,0.0223353

orb:1,1,0.0714217,1.00201,4.04696,0,0,-3.06783ptc:420.88,0,1,-49.864,-2.27508,-2.89875,-0.194998,-0.007727,-0.00984521
420.88,1,1,49.864,2.27508,2.89875,0.194998,0.007727,0.00984521

orb:1,1,1.71225,1.04714,4.18628,0,0,-2.78943ptc:424.847,0,1,-46.9315,-8.66063,-14.9141,-0.186393,-0.0294463,-0.0507083
424.847,1,1,46.9315,8.66063,14.9141,0.186393,0.0294463,0.0507083

orb:1,1,5.59779,1.14695,2.82046,0,0,-2.53759ptc:432.836,0,1,-41.1535,-26.9453,8.96332,-0.169738,-0.091849,0.0305535
432.836,1,1,41.1535,26.9453,-8.96332,0.169738,0.091849,-0.0305535

orb:1,1,5.59066,1.14678,0.840071,0,0,-2.53792ptc:432.823,0,1,-41.1629,18.9434,21.1368,-0.169765,0.0645723,0.0720492
432.823,1,1,41.1629,-18.9434,-21.1368,0.169765,-0.0645723,-0.0720492

orb:1,1,0.38209,1.01071,1.66708,0,0,-2.97182ptc:421.663,0,1,-49.2811,-0.812145,8.40889,-0.19328,-0.0027589,0.0285655
421.663,1,1,49.2811,0.812145,-8.40889,0.19328,0.0027589,-0.0285655

orb:1,1,1.19971,1.03326,6.15265,0,0,-2.84454ptc:423.652,0,1,-47.8102,14.5106,-1.90503,-0.188961,0.0493197,-0.00647497
423.652,1,1,47.8102,-14.5106,1.90503,0.188961,-0.0493197,0.00647497

orb:1,1,5.23318,1.13796,1.41465,0,0,-2.55491ptc:432.157,0,1,-41.639,4.30453,27.3435,-0.171121,0.0146694,0.0931841
432.157,1,1,41.639,-4.30453,-27.3435,0.171121,-0.0146694,-0.0931841

orb:1,1,0.395016,1.01107,3.89452,0,0,-2.96901ptc:421.695,0,1,-49.2572,-6.26553,-5.87134,-0.193209,-0.0212845,-0.0199454
421.695,1,1,49.2572,6.26553,5.87134,0.193209,0.0212845,0.0199454

orb:1,1,0.769044,1.02144,4.21295,0,0,-2.90219ptc:422.617,0,1,-48.5739,-5.67836,-10.4081,-0.191201,-0.0192946,-0.0353659
422.617,1,1,48.5739,5.67836,10.4081,0.191201,0.0192946,0.0353659

orb:1,1,4.05317,1.10835,1.06808,0,0,-2.61729ptc:429.868,0,1,-43.2836,12.0599,21.9337,-0.175828,0.0410672,0.07469
429.868,1,1,43.2836,-12.0599,-21.9337,0.175828,-0.0410672,-0.07469

orb:1,1,3.00862,1.08147,1.40531,0,0,-2.68339ptc:427.712,0,1,-44.8425,3.64323,21.8146,-0.180323,0.0123976,0.0742332
427.712,1,1,44.8425,-3.64323,-21.8146,0.180323,-0.0123976,-0.0742332

orb:1,1,2.9516,1.07998,0.555967,0,0,-2.68739ptc:427.59,0,1,-44.9306,18.6332,11.5776,-0.180578,0.0634048,0.0393962
427.59,1,1,44.9306,-18.6332,-11.5776,0.180578,-0.0634048,-0.0393962

orb:1,1,3.8788,1.10391,3.04265,0,0,-2.62749ptc:429.516,0,1,-43.5367,-24.4674,2.42885,-0.176556,-0.0833081,0.0082699
429.516,1,1,43.5367,24.4674,-2.42885,0.176556,0.0833081,-0.0082699

orb:1,1,5.12933,1.13538,4.93476,0,0,-2.55999ptc:431.962,0,1,-41.7791,6.05782,-26.7919,-0.17152,0.020643,-0.0912981
431.962,1,1,41.7791,-6.05782,26.7919,0.17152,-0.020643,0.0912981

orb:1,1,4.19301,1.1119,2.76554,0,0,-2.60931ptc:430.147,0,1,-43.0825,-23.602,9.31907,-0.175251,-0.0803781,0.0317367
430.147,1,1,43.0825,23.602,-9.31907,0.175251,0.0803781,-0.0317367

orb:1,1,3.92666,1.10513,5.41112,0,0,-2.62466ptc:429.613,0,1,-43.467,15.8951,-18.92,-0.176356,0.0541224,-0.0644221
429.613,1,1,43.467,-15.8951,18.92,0.176356,-0.0541224,0.0644221

orb:1,1,1.73336,1.04771,4.55888,0,0,-2.78738ptc:424.896,0,1,-46.8959,-2.65182,-17.1388,-0.186289,-0.00901638,-0.058273
424.896,1,1,46.8959,2.65182,17.1388,0.186289,0.00901638,0.058273

orb:1,1,3.97562,1.10638,4.27062,0,0,-2.62179ptc:429.712,0,1,-43.3958,-10.6182,-22.4512,-0.176151,-0.0361559,-0.076448
429.712,1,1,43.3958,10.6182,22.4512,0.176151,0.0361559,0.076448

orb:1,1,1.98037,1.05433,4.36255,0,0,-2.76435ptc:425.458,0,1,-46.4842,-6.31271,-17.3022,-0.185089,-0.0214671,-0.0588382
425.458,1,1,46.4842,6.31271,17.3022,0.185089,0.0214671,0.0588382

orb:1,1,4.72653,1.12534,5.23259,0,0,-2.58039ptc:431.192,0,1,-42.3309,13.2266,-23.0901,-0.173097,0.04506,-0.0786625
431.192,1,1,42.3309,-13.2266,23.0901,0.173097,-0.04506,0.0786625

orb:1,1,2.84425,1.07717,4.7839,0,0,-2.69506ptc:427.36,0,1,-45.0975,1.54265,-21.5369,-0.181061,0.00524894,-0.0732803
427.36,1,1,45.0975,-1.54265,21.5369,0.181061,-0.00524894,0.0732803

orb:1,1,2.3993,1.06547,0.111424,0,0,-2.72887ptc:426.393,0,1,-45.8017,19.9307,2.23,-0.183104,0.0677954,0.00758548
426.393,1,1,45.8017,-19.9307,-2.23,0.183104,-0.0677954,-0.00758548

orb:1,1,1.25733,1.03483,6.24531,0,0,-2.83776ptc:423.788,0,1,-47.7098,14.9484,-0.566422,-0.188667,0.0508098,-0.00192527
423.788,1,1,47.7098,-14.9484,0.566422,0.188667,-0.0508098,0.00192527

orb:1,1,5.03671,1.13308,3.27795,0,0,-2.56458ptc:431.786,0,1,-41.9048,-27.0229,-3.70786,-0.171879,-0.0920794,-0.0126344
431.786,1,1,41.9048,27.0229,3.70786,0.171879,0.0920794,0.0126344

orb:1,1,2.23647,1.06116,0.490579,0,0,-2.74219ptc:426.032,0,1,-46.0647,17.1503,9.16051,-0.183868,0.0583314,0.0311566
426.032,1,1,46.0647,-17.1503,-9.16051,0.183868,-0.0583314,-0.0311566

orb:1,1,1.55016,1.04277,5.88102,0,0,-2.80571ptc:424.473,0,1,-47.2059,15.1655,-6.45059,-0.187194,0.0515574,-0.0219298
424.473,1,1,47.2059,-15.1655,6.45059,0.187194,-0.0515574,0.0219298

orb:1,1,3.9328,1.10529,2.99395,0,0,-2.6243ptc:429.626,0,1,-43.458,-24.4575,3.63747,-0.17633,-0.0832772,0.0123855
429.626,1,1,43.458,24.4575,-3.63747,0.17633,0.0832772,-0.0123855

orb:1,1,4.19285,1.1119,1.19047,0,0,-2.60932ptc:430.146,0,1,-43.0827,9.41968,23.5616,-0.175252,0.0320794,0.0802405
430.146,1,1,43.0827,-9.41968,-23.5616,0.175252,-0.0320794,-0.0802405

orb:1,1,5.2089,1.13736,0.11513,0,0,-2.55609ptc:432.112,0,1,-41.6717,27.4481,3.17415,-0.171214,0.093539,0.010817
432.112,1,1,41.6717,-27.4481,-3.17415,0.171214,-0.093539,-0.010817

orb:1,1,1.60927,1.04437,4.09898,0,0,-2.79966ptc:424.61,0,1,-47.1055,-9.65104,-13.7088,-0.186901,-0.0328115,-0.046607
424.61,1,1,47.1055,9.65104,13.7088,0.186901,0.0328115,0.046607

orb:1,1,0.270274,1.00759,3.97481,0,0,-2.99855ptc:421.383,0,1,-49.4894,-4.79335,-5.27522,-0.193893,-0.0162821,-0.0179189
421.383,1,1,49.4894,4.79335,5.27522,0.193893,0.0162821,0.0179189

orb:1,1,0.745607,1.0208,6.17776,0,0,-2.90578ptc:422.56,0,1,-48.6162,11.617,-1.22927,-0.191325,0.0394729,-0.0041769
422.56,1,1,48.6162,-11.617,1.22927,0.191325,-0.0394729,0.0041769

orb:1,1,2.651,1.07211,0.0313243,0,0,-2.70932ptc:426.943,0,1,-45.4008,20.9366,0.656037,-0.18194,0.0712286,0.00223191
426.943,1,1,45.4008,-20.9366,-0.656037,0.18194,-0.0712286,-0.00223191

orb:1,1,0.262233,1.00736,1.33007,0,0,-3.00068ptc:421.363,0,1,-49.5044,1.67421,6.81999,-0.193937,0.00568694,0.0231661
421.363,1,1,49.5044,-1.67421,-6.81999,0.193937,-0.00568694,-0.0231661

orb:1,1,0.0781131,1.0022,3.2622,0,0,-3.06446ptc:420.897,0,1,-49.8513,-3.82496,-0.463557,-0.19496,-0.012991,-0.00157441
420.897,1,1,49.8513,3.82496,0.463557,0.19496,0.012991,0.00157441

orb:1,1,2.63346,1.07165,2.64984,0,0,-2.71064ptc:426.905,0,1,-45.4285,-18.4117,9.86208,-0.182021,-0.0626381,0.0335516
426.905,1,1,45.4285,18.4117,-9.86208,0.182021,0.0626381,-0.0335516

orb:1,1,2.92098,1.07918,4.4222,0,0,-2.68956ptc:427.525,0,1,-44.9781,-6.24898,-20.9265,-0.180716,-0.0212635,-0.0712071
427.525,1,1,44.9781,6.24898,20.9265,0.180716,0.0212635,0.0712071

orb:1,1,5.05778,1.13361,0.658891,0,0,-2.56353ptc:431.826,0,1,-41.8762,21.6012,16.7265,-0.171797,0.0736063,0.0569955
431.826,1,1,41.8762,-21.6012,-16.7265,0.171797,-0.0736063,-0.0569955

orb:1,1,2.32025,1.06338,5.48268,0,0,-2.73527ptc:426.218,0,1,-45.929,13.761,-14.1832,-0.183474,0.0468062,-0.0482425
426.218,1,1,45.929,-13.761,14.1832,0.183474,-0.0468062,0.0482425

orb:1,1,5.50589,1.14469,0.00726737,0,0,-2.54188ptc:432.666,0,1,-41.2749,28.2195,0.205085,-0.170083,0.0961867,0.000699036
432.666,1,1,41.2749,-28.2195,-0.205085,0.170083,-0.0961867,-0.000699036

orb:1,1,1.45902,1.0403,3.37408,0,0,-2.81529ptc:424.261,0,1,-47.3616,-15.5962,-3.69265,-0.187649,-0.0530185,-0.012553
424.261,1,1,47.3616,15.5962,3.69265,0.187649,0.0530185,0.012553

orb:1,1,4.15048,1.11082,0.791934,0,0,-2.61172ptc:430.062,0,1,-43.1435,17.7524,17.9859,-0.175426,0.0604552,0.0612506
430.062,1,1,43.1435,-17.7524,-17.9859,0.175426,-0.0604552,-0.0612506

orb:1,1,4.12088,1.11007,5.44017,0,0,-2.6134ptc:430.003,0,1,-43.186,16.7625,-18.8145,-0.175548,0.0570832,-0.0640712
430.003,1,1,43.186,-16.7625,18.8145,0.175548,-0.0570832,0.0640712

orb:1,1,1.79061,1.04925,1.66405,0,0,-2.78188ptc:425.027,0,1,-46.7999,-1.63884,17.5238,-0.186009,-0.00557238,0.0595844
425.027,1,1,46.7999,1.63884,-17.5238,0.186009,0.00557238,-0.0595844

orb:1,1,4.32884,1.11534,6.11718,0,0,-2.60173ptc:430.416,0,1,-42.8888,25.3478,-4.24707,-0.174695,0.0863313,-0.014465
430.416,1,1,42.8888,-25.3478,4.24707,0.174695,-0.0863313,0.014465

orb:1,1,3.34148,1.09011,5.09112,0,0,-2.66093ptc:428.413,0,1,-44.3345,8.54789,-21.48,-0.178855,0.0290941,-0.0731105
428.413,1,1,44.3345,-8.54789,21.48,0.178855,-0.0290941,0.0731105

orb:1,1,2.28479,1.06244,5.23289,0,0,-2.73818ptc:426.14,0,1,-45.9863,9.76125,-17.0287,-0.18364,0.0332009,-0.0579197
426.14,1,1,45.9863,-9.76125,17.0287,0.18364,-0.0332009,0.0579197

orb:1,1,2.58165,1.07028,2.48073,0,0,-2.71459ptc:426.792,0,1,-45.5106,-16.3476,12.71,-0.182259,-0.0556139,0.043239
426.792,1,1,45.5106,16.3476,-12.71,0.182259,0.0556139,-0.043239

orb:1,1,3.33959,1.09006,5.9027,0,0,-2.66105ptc:428.409,0,1,-44.3373,21.4599,-8.58342,-0.178863,0.0730421,-0.029215
428.409,1,1,44.3373,-21.4599,8.58342,0.178863,-0.0730421,0.029215

orb:1,1,2.62165,1.07134,3.36413,0,0,-2.71154ptc:426.879,0,1,-45.4472,-20.3319,-4.60088,-0.182075,-0.0691702,-0.0156524
426.879,1,1,45.4472,20.3319,4.60088,0.182075,0.0691702,0.0156524

orb:1,1,2.70661,1.07357,5.26001,0,0,-2.70515ptc:427.064,0,1,-45.3131,11.0045,-18.0451,-0.181686,0.0374399,-0.0613938
427.064,1,1,45.3131,-11.0045,18.0451,0.181686,-0.0374399,0.0613938

orb:1,1,5.42077,1.14259,5.19837,0,0,-2.5459ptc:432.508,0,1,-41.3879,13.1034,-24.8061,-0.170405,0.0446606,-0.0845472
432.508,1,1,41.3879,-13.1034,24.8061,0.170405,-0.0446606,0.0845472

orb:1,1,4.54925,1.12089,3.81093,0,0,-2.58975ptc:430.848,0,1,-42.578,-20.557,-16.2643,-0.173804,-0.0700246,-0.0554021
430.848,1,1,42.578,20.557,16.2643,0.173804,0.0700246,0.0554021

orb:1,1,3.6713,1.0986,2.19835,0,0,-2.64003ptc:429.094,0,1,-43.8416,-14.1154,19.4594,-0.177434,-0.0480546,0.0662475
429.094,1,1,43.8416,14.1154,-19.4594,0.177434,0.0480546,-0.0662475

orb:1,1,5.09476,1.13453,3.50807,0,0,-2.5617ptc:431.896,0,1,-41.826,-25.5776,-9.81708,-0.171654,-0.087158,-0.0334526
431.896,1,1,41.826,25.5776,9.81708,0.171654,0.087158,0.0334526

orb:1,1,0.0731958,1.00206,0.857668,0,0,-3.06692ptc:420.884,0,1,-49.8607,2.44033,2.82124,-0.194988,0.00828825,0.00958198
420.884,1,1,49.8607,-2.44033,-2.82124,0.194988,-0.00828825,-0.00958198

orb:1,1,2.76014,1.07497,2.13714,0,0,-2.70119ptc:427.179,0,1,-45.229,-11.4367,17.9872,-0.181442,-0.0389119,0.0611988
427.179,1,1,45.229,11.4367,-17.9872,0.181442,0.0389119,-0.0611988

orb:1,1,1.12885,1.03132,1.72814,0,0,-2.85314ptc:423.483,0,1,-47.9342,-2.22877,14.0479,-0.189325,-0.00757497,0.0477449
423.483,1,1,47.9342,2.22877,-14.0479,0.189325,0.00757497,-0.0477449

orb:1,1,2.49155,1.06791,0.977882,0,0,-2.72157ptc:426.595,0,1,-45.654,11.393,16.909,-0.182675,0.0387563,0.0575204
426.595,1,1,45.654,-11.393,-16.909,0.182675,-0.0387563,-0.0575204

orb:1,1,4.54009,1.12066,5.75124,0,0,-2.59024ptc:430.83,0,1,-42.5908,22.5729,-13.2849,-0.173841,0.076891,-0.0452531
430.83,1,1,42.5908,-22.5729,13.2849,0.173841,-0.076891,0.0452531

orb:1,1,0.300765,1.00844,3.49107,0,0,-2.99077ptc:421.46,0,1,-49.4324,-7.05839,-2.57237,-0.193725,-0.0239765,-0.00873801
421.46,1,1,49.4324,7.05839,2.57237,0.193725,0.0239765,0.00873801

orb:1,1,1.14286,1.0317,1.05233,0,0,-2.85141ptc:423.517,0,1,-47.9096,7.08943,12.4261,-0.189253,0.0240952,0.0422331
423.517,1,1,47.9096,-7.08943,-12.4261,0.189253,-0.0240952,-0.0422331

orb:1,1,5.29396,1.13946,2.45124,0,0,-2.55196ptc:432.271,0,1,-41.5573,-21.4365,17.7049,-0.170888,-0.0730565,0.0603391
432.271,1,1,41.5573,21.4365,-17.7049,0.170888,0.0730565,-0.0603391

orb:1,1,5.22976,1.13787,0.149571,0,0,-2.55507ptc:432.151,0,1,-41.6436,27.3644,4.12373,-0.171134,0.0932549,0.0140532
432.151,1,1,41.6436,-27.3644,-4.12373,0.171134,-0.0932549,-0.0140532

orb:1,1,4.91144,1.12996,1.95494,0,0,-2.57089ptc:431.547,0,1,-42.076,-10.1229,25.0427,-0.172368,-0.0344907,0.0853252
431.547,1,1,42.076,10.1229,-25.0427,0.172368,0.0344907,-0.0853252

orb:1,1,3.06024,1.08281,0.511149,0,0,-2.67981ptc:427.821,0,1,-44.763,19.4298,10.8975,-0.180093,0.0661202,0.0370847
427.821,1,1,44.763,-19.4298,-10.8975,0.180093,-0.0661202,-0.0370847

orb:1,1,4.61532,1.12255,3.25477,0,0,-2.58623ptc:430.977,0,1,-42.4856,-26.1937,-2.97715,-0.17354,-0.0892294,-0.0101417
430.977,1,1,42.4856,26.1937,2.97715,0.17354,0.0892294,0.0101417

orb:1,1,0.0958107,1.0027,4.34663,0,0,-3.05619ptc:420.942,0,1,-49.8178,-1.52542,-3.98286,-0.194861,-0.00518097,-0.0135275
420.942,1,1,49.8178,1.52542,3.98286,0.194861,0.00518097,0.0135275

orb:1,1,4.67643,1.12409,0.983466,0,0,-2.58301ptc:431.095,0,1,-42.4005,14.6842,22.0584,-0.173296,0.050024,0.0751454
431.095,1,1,42.4005,-14.6842,-22.0584,0.173296,-0.050024,-0.0751454

orb:1,1,1.06883,1.02968,5.08073,0,0,-2.86065ptc:423.34,0,1,-48.0398,4.99158,-12.9331,-0.189634,0.0169643,-0.0439543
423.34,1,1,48.0398,-4.99158,12.9331,0.189634,-0.0169643,0.0439543

orb:1,1,1.92884,1.05295,1.34475,0,0,-2.76901ptc:425.341,0,1,-46.5695,4.07933,17.738,-0.185338,0.0138718,0.0603183
425.341,1,1,46.5695,-4.07933,-17.738,0.185338,-0.0138718,-0.0603183

orb:1,1,1.94803,1.05347,1.34225,0,0,-2.76727ptc:425.385,0,1,-46.5377,4.14214,17.8068,-0.185245,0.0140855,0.0605528
425.385,1,1,46.5377,-4.14214,-17.8068,0.185245,-0.0140855,-0.0605528

orb:1,1,4.34271,1.11569,1.01873,0,0,-2.60096ptc:430.443,0,1,-42.8692,13.4961,21.911,-0.174639,0.0459663,0.0746268
430.443,1,1,42.8692,-13.4961,-21.911,0.174639,-0.0459663,-0.0746268

orb:1,1,1.12882,1.03132,4.06107,0,0,-2.85314ptc:423.483,0,1,-47.9343,-8.62274,-11.3117,-0.189325,-0.0293063,-0.0384452
423.483,1,1,47.9343,8.62274,11.3117,0.189325,0.0293063,0.0384452

orb:1,1,0.317088,1.0089,5.21669,0,0,-2.98677ptc:421.501,0,1,-49.402,3.72547,-6.75031,-0.193636,0.0126551,-0.0229302
421.501,1,1,49.402,-3.72547,6.75031,0.193636,-0.0126551,0.0229302

orb:1,1,4.01094,1.10728,0.0574104,0,0,-2.61973ptc:429.783,0,1,-43.3446,24.8837,1.43015,-0.176004,0.0847328,0.0048699
429.783,1,1,43.3446,-24.8837,-1.43015,0.176004,-0.0847328,-0.0048699

orb:1,1,2.35575,1.06432,3.83567,0,0,-2.73238ptc:426.297,0,1,-45.8717,-15.2916,-12.726,-0.183307,-0.0520138,-0.0432869
426.297,1,1,45.8717,15.2916,12.726,0.183307,0.0520138,0.0432869

orb:1,1,2.81192,1.07633,1.41658,0,0,-2.6974ptc:427.291,0,1,-45.1479,3.3005,21.2314,-0.181207,0.0112299,0.0722392
427.291,1,1,45.1479,-3.3005,-21.2314,0.181207,-0.0112299,-0.0722392

orb:1,1,4.44281,1.11821,1.08099,0,0,-2.59548ptc:430.64,0,1,-42.7276,12.2169,22.9151,-0.174233,0.0416122,0.0780518
430.64,1,1,42.7276,-12.2169,-22.9151,0.174233,-0.0416122,-0.0780518

orb:1,1,1.53868,1.04246,0.364001,0,0,-2.80689ptc:424.447,0,1,-47.2255,15.3481,5.84728,-0.187251,0.0521779,0.0198786
424.447,1,1,47.2255,-15.3481,-5.84728,0.187251,-0.0521779,-0.0198786

orb:1,1,5.50169,1.14459,0.90924,0,0,-2.54208ptc:432.658,0,1,-41.2805,17.332,22.2604,-0.170099,0.0590762,0.0758747
432.658,1,1,41.2805,-17.332,-22.2604,0.170099,-0.0590762,-0.0758747

orb:1,1,5.49773,1.14449,5.94461,0,0,-2.54226ptc:432.651,0,1,-41.2857,26.6032,-9.36803,-0.170114,0.090677,-0.0319309
432.651,1,1,41.2857,-26.6032,9.36803,0.170114,-0.090677,0.0319309

orb:1,1,1.57293,1.04339,5.25492,0,0,-2.80336ptc:424.526,0,1,-47.1672,8.56595,-14.2085,-0.187081,0.0291217,-0.0483048
424.526,1,1,47.1672,-8.56595,14.2085,0.187081,-0.0291217,0.0483048

orb:1,1,3.90357,1.10454,3.01768,0,0,-2.62602ptc:429.567,0,1,-43.5006,-24.4625,3.0468,-0.176452,-0.0832928,0.0103741
429.567,1,1,43.5006,24.4625,-3.0468,0.176452,0.0832928,-0.0103741

orb:1,1,4.40376,1.11723,2.90396,0,0,-2.59761ptc:430.563,0,1,-42.7827,-25.1502,6.09169,-0.174391,-0.0856625,0.0207485
430.563,1,1,42.7827,25.1502,-6.09169,0.174391,0.0856625,-0.0207485

orb:1,1,1.50095,1.04144,1.35375,0,0,-2.81084ptc:424.359,0,1,-47.2899,3.49671,15.8569,-0.187439,0.0118872,0.0539062
424.359,1,1,47.2899,-3.49671,-15.8569,0.187439,-0.0118872,-0.0539062

orb:1,1,4.64691,1.12335,2.37697,0,0,-2.58457ptc:431.038,0,1,-42.4415,-19.0753,18.2989,-0.173414,-0.0649816,0.0623367
431.038,1,1,42.4415,19.0753,-18.2989,0.173414,0.0649816,-0.0623367

orb:1,1,0.954493,1.02655,1.50342,0,0,-2.87564ptc:423.066,0,1,-48.2421,0.884804,13.1116,-0.190227,0.00300686,0.0445577
423.066,1,1,48.2421,-0.884804,-13.1116,0.190227,-0.00300686,-0.0445577

orb:1,1,4.68751,1.12436,0.798526,0,0,-2.58243ptc:431.117,0,1,-42.3851,18.5073,18.9997,-0.173252,0.0630483,0.0647258
431.117,1,1,42.3851,-18.5073,-18.9997,0.173252,-0.0630483,-0.0647258

orb:1,1,1.38725,1.03836,4.85049,0,0,-2.82307ptc:424.094,0,1,-47.4849,2.15547,-15.5092,-0.18801,0.00732708,-0.0527202
424.094,1,1,47.4849,-2.15547,15.5092,0.18801,-0.00732708,0.0527202

orb:1,1,1.80111,1.04953,2.43402,0,0,-2.78088ptc:425.051,0,1,-46.7823,-13.4106,11.4704,-0.185958,-0.045599,0.0390019
425.051,1,1,46.7823,13.4106,-11.4704,0.185958,0.045599,-0.0390019

orb:1,1,5.02555,1.13281,0.446954,0,0,-2.56514ptc:431.765,0,1,-41.92,24.5756,11.7792,-0.171923,0.0837399,0.0401368
431.765,1,1,41.92,-24.5756,-11.7792,0.171923,-0.0837399,-0.0401368

orb:1,1,5.49024,1.14431,4.66332,0,0,-2.54262ptc:432.637,0,1,-41.2956,-1.38261,-28.156,-0.170142,-0.0047126,-0.0959691
432.637,1,1,41.2956,1.38261,28.156,0.170142,0.0047126,0.0959691

orb:1,1,1.39632,1.0386,0.73299,0,0,-2.82207ptc:424.115,0,1,-47.4693,11.672,10.5085,-0.187964,0.0396768,0.0357217
424.115,1,1,47.4693,-11.672,-10.5085,0.187964,-0.0396768,-0.0357217

orb:1,1,2.92344,1.07924,3.365,0,0,-2.68939ptc:427.53,0,1,-44.9743,-21.3045,-4.8404,-0.180705,-0.0724935,-0.0164706
427.53,1,1,44.9743,21.3045,4.8404,0.180705,0.0724935,0.0164706

orb:1,1,0.342708,1.00961,1.67045,0,0,-2.98071ptc:421.565,0,1,-49.3543,-0.796841,7.96998,-0.193495,-0.00270684,0.0270738
421.565,1,1,49.3543,0.796841,-7.96998,0.193495,0.00270684,-0.0270738

orb:1,1,3.76438,1.10098,6.0754,0,0,-2.63435ptc:429.284,0,1,-43.7044,23.766,-5.01045,-0.177039,0.080914,-0.0170586
429.284,1,1,43.7044,-23.766,5.01045,0.177039,-0.080914,0.0170586

orb:1,1,0.53732,1.01503,2.12377,0,0,-2.94075ptc:422.049,0,1,-48.995,-5.23881,8.488,-0.192438,-0.0177983,0.0288371
422.049,1,1,48.995,5.23881,-8.488,0.192438,0.0177983,-0.0288371

orb:1,1,4.65486,1.12355,3.58757,0,0,-2.58415ptc:431.053,0,1,-42.4305,-23.8638,-11.4095,-0.173382,-0.0812944,-0.0388675
431.053,1,1,42.4305,23.8638,11.4095,0.173382,0.0812944,0.0388675

orb:1,1,1.92843,1.05294,4.5163,0,0,-2.76905ptc:425.34,0,1,-46.5702,-3.54592,-17.8505,-0.18534,-0.0120579,-0.0607008
425.34,1,1,46.5702,3.54592,17.8505,0.18534,0.0120579,0.0607008

orb:1,1,0.345269,1.00968,5.96866,0,0,-2.98011ptc:421.571,0,1,-49.3495,7.64466,-2.48698,-0.193481,0.0259687,-0.00844819
421.571,1,1,49.3495,-7.64466,2.48698,0.193481,-0.0259687,0.00844819

orb:1,1,5.63548,1.14788,4.9485,0,0,-2.53585ptc:432.905,0,1,-41.1039,6.6595,-27.6789,-0.169597,0.022701,-0.094352
432.905,1,1,41.1039,-6.6595,27.6789,0.169597,-0.022701,0.094352

orb:1,1,5.40112,1.14211,5.34657,0,0,-2.54683ptc:432.471,0,1,-41.4141,16.5998,-22.5682,-0.17048,0.0565766,-0.0769186
432.471,1,1,41.4141,-16.5998,22.5682,0.17048,-0.0565766,0.0769186

orb:1,1,4.74137,1.12571,3.8453,0,0,-2.57962ptc:431.221,0,1,-42.3103,-20.3137,-17.2392,-0.173038,-0.0692046,-0.0587304
431.221,1,1,42.3103,20.3137,17.2392,0.173038,0.0692046,0.0587304

orb:1,1,4.83176,1.12797,0.742789,0,0,-2.57495ptc:431.395,0,1,-42.1855,19.7699,18.1531,-0.172681,0.0673562,0.0618477
431.395,1,1,42.1855,-19.7699,-18.1531,0.172681,-0.0673562,-0.0618477

orb:1,1,3.67205,1.09862,3.00531,0,0,-2.63998ptc:429.096,0,1,-43.8405,-23.819,3.26625,-0.177431,-0.0810893,0.0111196
429.096,1,1,43.8405,23.819,-3.26625,0.177431,0.0810893,-0.0111196

orb:1,1,1.35338,1.03744,2.32053,0,0,-2.82682ptc:424.014,0,1,-47.5434,-10.5487,11.3293,-0.188181,-0.0358573,0.0385109
424.014,1,1,47.5434,10.5487,-11.3293,0.188181,0.0358573,-0.0385109

orb:1,1,4.29694,1.11453,3.91237,0,0,-2.60349ptc:430.353,0,1,-42.9342,-18.3827,-17.853,-0.174825,-0.0626079,-0.0608039
430.353,1,1,42.9342,18.3827,17.853,0.174825,0.0626079,0.0608039

orb:1,1,0.69029,1.01927,6.01117,0,0,-2.9145ptc:422.425,0,1,-48.7162,10.8435,-3.02459,-0.191619,0.0368434,-0.0102768
422.425,1,1,48.7162,-10.8435,3.02459,0.191619,-0.0368434,0.0102768

orb:1,1,2.81423,1.07639,3.39194,0,0,-2.69723ptc:427.296,0,1,-45.1443,-20.8239,-5.32488,-0.181197,-0.0708529,-0.0181178
427.296,1,1,45.1443,20.8239,5.32488,0.181197,0.0708529,0.0181178

orb:1,1,0.138674,1.0039,1.98236,0,0,-3.03892ptc:421.051,0,1,-49.7367,-2.05013,4.69684,-0.194622,-0.00696328,0.0159529
421.051,1,1,49.7367,2.05013,-4.69684,0.194622,0.00696328,-0.0159529

orb:1,1,0.0873686,1.00246,2.58107,0,0,-3.06003ptc:420.92,0,1,-49.8338,-3.45036,2.16573,-0.194908,-0.0117188,0.0073557
420.92,1,1,49.8338,3.45036,-2.16573,0.194908,0.0117188,-0.0073557

orb:1,1,1.77501,1.04883,1.98749,0,0,-2.78337ptc:424.991,0,1,-46.826,-7.0954,16.0305,-0.186085,-0.0241255,0.0545064
424.991,1,1,46.826,7.0954,-16.0305,0.186085,0.0241255,-0.0545064

orb:1,1,3.01865,1.08173,5.87603,0,0,-2.68269ptc:427.733,0,1,-44.827,20.3375,-8.77054,-0.180279,0.0692072,-0.0298456
427.733,1,1,44.827,-20.3375,8.77054,0.180279,-0.0692072,0.0298456

orb:1,1,5.5539,1.14587,4.21128,0,0,-2.53963ptc:432.755,0,1,-41.2114,-13.6015,-24.8319,-0.169903,-0.0463622,-0.0846425
432.755,1,1,41.2114,13.6015,24.8319,0.169903,0.0463622,0.0846425

orb:1,1,2.86146,1.07763,3.78925,0,0,-2.69382ptc:427.397,0,1,-45.0706,-17.2643,-13.0606,-0.180984,-0.0587433,-0.0444399
427.397,1,1,45.0706,17.2643,13.0606,0.180984,0.0587433,0.0444399

orb:1,1,4.84375,1.12827,3.00723,0,0,-2.57434ptc:431.418,0,1,-42.169,-26.6238,3.59895,-0.172634,-0.090708,0.0122617
431.418,1,1,42.169,26.6238,-3.59895,0.172634,0.090708,-0.0122617

orb:1,1,5.53492,1.14541,0.283854,0,0,-2.54052ptc:432.72,0,1,-41.2365,27.1448,7.91902,-0.169974,0.0925254,0.0269926
432.72,1,1,41.2365,-27.1448,-7.91902,0.169974,-0.0925254,-0.0269926

orb:1,1,5.59425,1.14687,0.158184,0,0,-2.53776ptc:432.829,0,1,-41.1582,28.0358,4.47218,-0.169751,0.095566,0.0152444
432.829,1,1,41.1582,-28.0358,-4.47218,0.169751,-0.095566,-0.0152444

orb:1,1,4.95139,1.13096,4.08153,0,0,-2.56886ptc:431.624,0,1,-42.0212,-15.9824,-21.881,-0.172212,-0.0544564,-0.0745544
431.624,1,1,42.0212,15.9824,21.881,0.172212,0.0544564,0.0745544

orb:1,1,4.08234,1.10909,4.90238,0,0,-2.61561ptc:429.926,0,1,-43.2415,4.74076,-24.6515,-0.175708,0.0161438,-0.0839464
429.926,1,1,43.2415,-4.74076,24.6515,0.175708,-0.0161438,0.0839464

orb:1,1,5.16995,1.13639,3.93622,0,0,-2.55799ptc:432.038,0,1,-41.7242,-19.3014,-19.6608,-0.171364,-0.0657745,-0.0669995
432.038,1,1,41.7242,19.3014,19.6608,0.171364,0.0657745,0.0669995

orb:1,1,5.5161,1.14494,5.15035,0,0,-2.5414ptc:432.685,0,1,-41.2614,11.9763,-25.5747,-0.170045,0.0408218,-0.0871724
432.685,1,1,41.2614,-11.9763,25.5747,0.170045,-0.0408218,0.0871724

orb:1,1,1.71715,1.04727,4.33843,0,0,-2.78895ptc:424.859,0,1,-46.9232,-6.30844,-16.0753,-0.186369,-0.0214489,-0.0546566
424.859,1,1,46.9232,6.30844,16.0753,0.186369,0.0214489,0.0546566

orb:1,1,0.927422,1.0258,5.88492,0,0,-2.87933ptc:423.001,0,1,-48.2903,11.9488,-5.02746,-0.190368,0.0406053,-0.0170847
423.001,1,1,48.2903,-11.9488,5.02746,0.190368,-0.0406053,0.0170847

orb:1,1,0.974447,1.02709,3.00003,0,0,-2.87296ptc:423.114,0,1,-48.2067,-13.1381,1.87239,-0.190123,-0.0446482,0.00636308
423.114,1,1,48.2067,13.1381,-1.87239,0.190123,0.0446482,-0.00636308

orb:1,1,1.53141,1.04226,3.52271,0,0,-2.80765ptc:424.43,0,1,-47.2379,-15.2126,-6.09586,-0.187288,-0.0517171,-0.0207236
424.43,1,1,47.2379,15.2126,6.09586,0.187288,0.0517171,0.0207236

orb:1,1,4.73462,1.12554,2.57538,0,0,-2.57997ptc:431.208,0,1,-42.3197,-22.4723,14.2843,-0.173065,-0.0765581,0.0486636
431.208,1,1,42.3197,22.4723,-14.2843,0.173065,0.0765581,-0.0486636

orb:1,1,3.52776,1.09491,3.17338,0,0,-2.64897ptc:428.799,0,1,-44.0548,-23.6349,-0.751534,-0.178048,-0.0804549,-0.00255828
428.799,1,1,44.0548,23.6349,0.751534,0.178048,0.0804549,0.00255828

orb:1,1,2.71355,1.07375,3.80353,0,0,-2.70464ptc:427.079,0,1,-45.3022,-16.6905,-13.0054,-0.181654,-0.0567854,-0.0442475
427.079,1,1,45.3022,16.6905,13.0054,0.181654,0.0567854,0.0442475

orb:1,1,3.28998,1.08877,5.24359,0,0,-2.66431ptc:428.305,0,1,-44.4124,11.635,-19.8033,-0.17908,0.0396002,-0.0674013
428.305,1,1,44.4124,-11.635,19.8033,0.17908,-0.0396002,0.0674013

orb:1,1,2.81974,1.07653,5.69841,0,0,-2.69683ptc:427.308,0,1,-45.1357,17.9375,-11.8748,-0.181172,0.0610323,-0.040404
427.308,1,1,45.1357,-17.9375,11.8748,0.181172,-0.0610323,0.040404

orb:1,1,0.316799,1.00889,1.97134,0,0,-2.98684ptc:421.5,0,1,-49.4025,-3.00496,7.09667,-0.193637,-0.0102076,0.0241068
421.5,1,1,49.4025,3.00496,-7.09667,0.193637,0.0102076,-0.0241068

orb:1,1,4.13802,1.11051,1.54333,0,0,-2.61242ptc:430.037,0,1,-43.1614,0.69306,25.2312,-0.175477,0.00236018,0.0859236
430.037,1,1,43.1614,-0.69306,-25.2312,0.175477,-0.00236018,-0.0859236

orb:1,1,5.24635,1.13828,2.51672,0,0,-2.55427ptc:432.182,0,1,-41.6212,-22.4713,16.2085,-0.17107,-0.0765805,0.0552374
432.182,1,1,41.6212,22.4713,-16.2085,0.17107,0.0765805,-0.0552374

orb:1,1,4.03754,1.10795,6.13626,0,0,-2.61819ptc:429.836,0,1,-43.3062,24.7223,-3.65858,-0.175893,0.0841848,-0.0124583
429.836,1,1,43.3062,-24.7223,3.65858,0.175893,-0.0841848,0.0124583

orb:1,1,5.52608,1.14519,4.2726,0,0,-2.54093ptc:432.703,0,1,-41.2482,-12.0314,-25.5702,-0.170007,-0.0410097,-0.0871575
432.703,1,1,41.2482,12.0314,25.5702,0.170007,0.0410097,0.0871575

orb:1,1,3.29632,1.08894,4.05988,0,0,-2.66389ptc:428.318,0,1,-44.4028,-13.9572,-18.2645,-0.179052,-0.0475042,-0.0621643
428.318,1,1,44.4028,13.9572,18.2645,0.179052,0.0475042,0.0621643

orb:1,1,2.44016,1.06655,3.90579,0,0,-2.72562ptc:426.483,0,1,-45.7361,-14.5861,-13.9804,-0.182913,-0.0496167,-0.0475564
426.483,1,1,45.7361,14.5861,13.9804,0.182913,0.0496167,0.0475564

orb:1,1,0.775593,1.02162,2.29073,0,0,-2.90119ptc:422.633,0,1,-48.5621,-7.84912,8.95039,-0.191166,-0.0266708,0.0304128
422.633,1,1,48.5621,7.84912,-8.95039,0.191166,0.0266708,-0.0304128

orb:1,1,0.971477,1.02701,0.808896,0,0,-2.87335ptc:423.107,0,1,-48.212,9.14762,9.58794,-0.190139,0.031087,0.0325833
423.107,1,1,48.212,-9.14762,-9.58794,0.190139,-0.031087,-0.0325833

orb:1,1,4.93861,1.13064,5.84167,0,0,-2.56951ptc:431.599,0,1,-42.0387,24.4735,-11.5669,-0.172262,0.083387,-0.0394113
431.599,1,1,42.0387,-24.4735,11.5669,0.172262,-0.083387,0.0394113

orb:1,1,0.00651213,1.00018,1.93574,0,0,-3.1193ptc:420.714,0,1,-49.9876,-0.397858,1.04136,-0.195362,-0.00135121,0.00353669
420.714,1,1,49.9876,0.397858,-1.04136,0.195362,0.00135121,-0.00353669

orb:1,1,2.54495,1.06932,4.64679,0,0,-2.71741ptc:426.712,0,1,-45.5689,-1.34898,-20.5343,-0.182428,-0.00458905,-0.0698553
426.712,1,1,45.5689,1.34898,20.5343,0.182428,0.00458905,0.0698553

orb:1,1,5.61721,1.14743,3.20627,0,0,-2.53669ptc:432.872,0,1,-41.1279,-28.3746,-1.83764,-0.169665,-0.0967223,-0.0062641
432.872,1,1,41.1279,28.3746,1.83764,0.169665,0.0967223,0.0062641

orb:1,1,3.51473,1.09458,3.39147,0,0,-2.6498ptc:428.772,0,1,-44.0743,-22.8773,-5.83853,-0.178104,-0.0778753,-0.0198746
428.772,1,1,44.0743,22.8773,5.83853,0.178104,0.0778753,0.0198746

orb:1,1,1.74488,1.04802,0.540738,0,0,-2.78626ptc:424.922,0,1,-46.8766,14.9132,8.95441,-0.186233,0.0507064,0.0304458
424.922,1,1,46.8766,-14.9132,-8.95441,0.186233,-0.0507064,-0.0304458

orb:1,1,3.0033,1.08133,3.32524,0,0,-2.68376ptc:427.7,0,1,-44.8507,-21.7284,-4.03576,-0.180347,-0.0739398,-0.0137333
427.7,1,1,44.8507,21.7284,4.03576,0.180347,0.0739398,0.0137333

orb:1,1,5.62066,1.14751,5.51125,0,0,-2.53653ptc:432.878,0,1,-41.1234,20.3794,-19.838,-0.169652,0.0694689,-0.0676231
432.878,1,1,41.1234,-20.3794,19.838,0.169652,-0.0694689,0.0676231

orb:1,1,1.83046,1.05032,1.28016,0,0,-2.77811ptc:425.118,0,1,-46.7333,5.09399,17.031,-0.185815,0.017321,0.0579101
425.118,1,1,46.7333,-5.09399,-17.031,0.185815,-0.017321,-0.0579101

orb:1,1,4.82453,1.12779,1.54468,0,0,-2.57532ptc:431.381,0,1,-42.1954,0.700554,26.8152,-0.17271,0.00238678,0.0913589
431.381,1,1,42.1954,-0.700554,-26.8152,0.17271,-0.00238678,-0.0913589

orb:1,1,3.96305,1.10606,2.61931,0,0,-2.62252ptc:429.687,0,1,-43.4141,-21.4969,12.3735,-0.176204,-0.0731979,0.0421323
429.687,1,1,43.4141,21.4969,-12.3735,0.176204,0.0731979,-0.0421323

orb:1,1,3.21635,1.08687,4.66726,0,0,-2.6692ptc:428.151,0,1,-44.5242,-1.02634,-22.7276,-0.179403,-0.00349302,-0.0773507
428.151,1,1,44.5242,1.02634,22.7276,0.179403,0.00349302,0.0773507

orb:1,1,3.82543,1.10255,3.74013,0,0,-2.63067ptc:429.408,0,1,-43.6148,-20.1987,-13.7754,-0.176781,-0.0687716,-0.0469017
429.408,1,1,43.6148,20.1987,13.7754,0.176781,0.0687716,0.0469017

orb:1,1,2.33572,1.06379,3.16935,0,0,-2.73401ptc:426.252,0,1,-45.904,-19.8121,-0.550141,-0.183401,-0.067389,-0.00187126
426.252,1,1,45.904,19.8121,0.550141,0.183401,0.067389,0.00187126

orb:1,1,3.39496,1.09149,0.264442,0,0,-2.65746ptc:428.524,0,1,-44.2538,22.4633,6.08268,-0.178622,0.07646,0.0207041
428.524,1,1,44.2538,-22.4633,-6.08268,0.178622,-0.07646,-0.0207041

orb:1,1,2.40459,1.06561,0.873006,0,0,-2.72845ptc:426.404,0,1,-45.7932,12.8984,15.3824,-0.183079,0.0438747,0.0523241
426.404,1,1,45.7932,-12.8984,-15.3824,0.183079,-0.0438747,-0.0523241

orb:1,1,3.28282,1.08859,5.81867,0,0,-2.66478ptc:428.29,0,1,-44.4232,20.5158,-10.2802,-0.179111,0.069826,-0.0349888
428.29,1,1,44.4232,-20.5158,10.2802,0.179111,-0.069826,0.0349888

orb:1,1,1.78795,1.04918,0.73133,0,0,-2.78213ptc:425.021,0,1,-46.8043,13.0908,11.7466,-0.186022,0.0445113,0.0399407
425.021,1,1,46.8043,-13.0908,-11.7466,0.186022,-0.0445113,-0.0399407

orb:1,1,4.31854,1.11508,4.21532,0,0,-2.60229ptc:430.395,0,1,-42.9035,-12.2441,-22.5693,-0.174737,-0.0417014,-0.0768678
430.395,1,1,42.9035,12.2441,22.5693,0.174737,0.0417014,0.0768678

orb:1,1,1.87528,1.05152,0.373088,0,0,-2.77393ptc:425.22,0,1,-46.6585,16.7353,6.55055,-0.185597,0.0569066,0.0222744
425.22,1,1,46.6585,-16.7353,-6.55055,0.185597,-0.0569066,-0.0222744

orb:1,1,1.6735,1.0461,1.08293,0,0,-2.79324ptc:424.758,0,1,-46.9968,8.00033,15.0764,-0.186584,0.0272006,0.0512586
424.758,1,1,46.9968,-8.00033,-15.0764,0.186584,-0.0272006,-0.0512586

orb:1,1,5.60665,1.14717,3.65346,0,0,-2.53718ptc:432.852,0,1,-41.1418,-24.7721,-13.9174,-0.169705,-0.0844416,-0.0474409
432.852,1,1,41.1418,24.7721,13.9174,0.169705,0.0844416,0.0474409

orb:1,1,1.90416,1.05229,2.77359,0,0,-2.77127ptc:425.285,0,1,-46.6105,-16.8844,6.50997,-0.185457,-0.0574144,0.0221368
425.285,1,1,46.6105,16.8844,-6.50997,0.185457,0.0574144,-0.0221368

orb:1,1,2.50911,1.06837,4.89462,0,0,-2.7202ptc:426.634,0,1,-45.6259,3.70643,-20.1131,-0.182594,0.0126085,-0.0684206
426.634,1,1,45.6259,-3.70643,20.1131,0.182594,-0.0126085,0.0684206

orb:1,1,3.22311,1.08704,3.36995,0,0,-2.66875ptc:428.165,0,1,-44.5139,-22.1798,-5.15474,-0.179373,-0.0754865,-0.0175436
428.165,1,1,44.5139,22.1798,5.15474,0.179373,0.0754865,0.0175436

orb:1,1,0.488588,1.01368,5.59335,0,0,-2.94993ptc:421.928,0,1,-49.0845,7.34671,-6.06146,-0.192701,0.0249589,-0.0205926
421.928,1,1,49.0845,-7.34671,6.06146,0.192701,-0.0249589,0.0205926

orb:1,1,0.216026,1.00607,4.52353,0,0,-3.0136ptc:421.246,0,1,-49.591,-1.1982,-6.26872,-0.194193,-0.00406991,-0.0212929
421.246,1,1,49.591,1.1982,6.26872,0.194193,0.00406991,0.0212929

orb:1,1,3.34099,1.09009,0.477461,0,0,-2.66096ptc:428.412,0,1,-44.3352,20.5316,10.6228,-0.178857,0.0698825,0.0361564
428.412,1,1,44.3352,-20.5316,-10.6228,0.178857,-0.0698825,-0.0361564

orb:1,1,0.951279,1.02646,1.47948,0,0,-2.87607ptc:423.058,0,1,-48.2478,1.1964,13.0658,-0.190244,0.00406575,0.0444018
423.058,1,1,48.2478,-1.1964,-13.0658,0.190244,-0.00406575,-0.0444018

orb:1,1,1.66351,1.04583,1.98476,0,0,-2.79423ptc:424.735,0,1,-47.0137,-6.84648,15.5833,-0.186633,-0.0232774,0.052982
424.735,1,1,47.0137,6.84648,-15.5833,0.186633,0.0232774,-0.052982

orb:1,1,5.27725,1.13905,4.09605,0,0,-2.55277ptc:432.24,0,1,-41.5797,-16.052,-22.6596,-0.170952,-0.0547051,-0.0772241
432.24,1,1,41.5797,16.052,22.6596,0.170952,0.0547051,0.0772241

orb:1,1,0.55267,1.01546,5.74695,0,0,-2.93796ptc:422.087,0,1,-48.9669,8.69237,-5.16607,-0.192355,0.0295317,-0.0175514
422.087,1,1,48.9669,-8.69237,5.16607,0.192355,-0.0295317,0.0175514

orb:1,1,0.710041,1.01981,2.59468,0,0,-2.91134ptc:422.473,0,1,-48.6805,-9.74661,5.93431,-0.191514,-0.0331169,0.0201635
422.473,1,1,48.6805,9.74661,-5.93431,0.191514,0.0331169,-0.0201635

orb:1,1,0.25666,1.00721,1.65057,0,0,-3.00217ptc:421.349,0,1,-49.5148,-0.553756,6.92646,-0.193968,-0.00188099,0.0235276
421.349,1,1,49.5148,0.553756,-6.92646,0.193968,0.00188099,-0.0235276

orb:1,1,1.07452,1.02984,4.70456,0,0,-2.85993ptc:423.354,0,1,-48.0297,-0.108866,-13.8972,-0.189604,-0.000369992,-0.0472311
423.354,1,1,48.0297,0.108866,13.8972,0.189604,0.000369992,0.0472311

orb:1,1,3.77787,1.10133,1.15682,0,0,-2.63353ptc:429.312,0,1,-43.6845,9.78443,22.2694,-0.176982,0.0333125,0.0758193
429.312,1,1,43.6845,-9.78443,-22.2694,0.176982,-0.0333125,-0.0758193

orb:1,1,4.15605,1.11096,4.77071,0,0,-2.6114ptc:430.073,0,1,-43.1355,1.47374,-25.242,-0.175403,0.00501879,-0.0859613
430.073,1,1,43.1355,-1.47374,25.242,0.175403,-0.00501879,0.0859613

orb:1,1,1.13841,1.03158,6.2696,0,0,-2.85196ptc:423.506,0,1,-47.9174,14.2787,-0.194031,-0.189275,0.0485296,-0.000659459
423.506,1,1,47.9174,-14.2787,0.194031,0.189275,-0.0485296,0.000659459

orb:1,1,0.108873,1.00306,4.59009,0,0,-3.05057ptc:420.975,0,1,-49.793,-0.554451,-4.51079,-0.194788,-0.00188316,-0.0153207
420.975,1,1,49.793,0.554451,4.51079,0.194788,0.00188316,0.0153207

orb:1,1,1.67446,1.04612,0.465272,0,0,-2.79314ptc:424.76,0,1,-46.9952,15.2572,7.65963,-0.186579,0.0518736,0.0260422
424.76,1,1,46.9952,-15.2572,-7.65963,0.186579,-0.0518736,-0.0260422

orb:1,1,2.57174,1.07002,0.502348,0,0,-2.71535ptc:426.771,0,1,-45.5263,18.1186,9.95356,-0.182304,0.0616384,0.0338614
426.771,1,1,45.5263,-18.1186,-9.95356,0.182304,-0.0616384,-0.0338614

orb:1,1,5.18541,1.13678,3.51119,0,0,-2.55723ptc:432.067,0,1,-41.7033,-25.7205,-9.96428,-0.171304,-0.0876504,-0.0339562
432.067,1,1,41.7033,25.7205,9.96428,0.171304,0.0876504,0.0339562

orb:1,1,0.799379,1.02228,1.81647,0,0,-2.89762ptc:422.691,0,1,-48.5194,-2.93745,11.7151,-0.19104,-0.00998142,0.0398078
422.691,1,1,48.5194,2.93745,-11.7151,0.19104,0.00998142,-0.0398078

orb:1,1,3.0931,1.08367,2.34732,0,0,-2.67755ptc:427.891,0,1,-44.7125,-15.6828,15.9637,-0.179947,-0.0533701,0.0543261
427.891,1,1,44.7125,15.6828,-15.9637,0.179947,0.0533701,-0.0543261

orb:1,1,0.698025,1.01948,4.76672,0,0,-2.91326ptc:422.444,0,1,-48.7022,0.614646,-11.3012,-0.191577,0.00208842,-0.0383987
422.444,1,1,48.7022,-0.614646,11.3012,0.191577,-0.00208842,0.0383987

orb:1,1,3.79656,1.10181,0.409167,0,0,-2.63241ptc:429.35,0,1,-43.6571,22.3614,9.6968,-0.176903,0.0761332,0.0330145
429.35,1,1,43.6571,-22.3614,-9.6968,0.176903,-0.0761332,-0.0330145

orb:1,1,3.79761,1.10183,0.561431,0,0,-2.63234ptc:429.352,0,1,-43.6556,20.6342,12.9778,-0.176898,0.0702529,0.0441852
429.352,1,1,43.6556,-20.6342,-12.9778,0.176898,-0.0702529,-0.0441852

orb:1,1,0.803726,1.0224,1.66494,0,0,-2.89698ptc:422.701,0,1,-48.5115,-1.13835,12.0555,-0.191018,-0.00386811,0.0409645
422.701,1,1,48.5115,1.13835,-12.0555,0.191018,0.00386811,-0.0409645

orb:1,1,2.67118,1.07264,3.12208,0,0,-2.7078ptc:426.987,0,1,-45.3689,-21.0118,0.410145,-0.181848,-0.0714854,0.00139538
426.987,1,1,45.3689,21.0118,-0.410145,0.181848,0.0714854,-0.00139538

orb:1,1,2.30349,1.06293,2.16272,0,0,-2.73664ptc:426.181,0,1,-45.9561,-10.991,16.3474,-0.183552,-0.0373841,0.0556031
426.181,1,1,45.9561,10.991,-16.3474,0.183552,0.0373841,-0.0556031

orb:1,1,5.38594,1.14174,4.92672,0,0,-2.54755ptc:432.443,0,1,-41.4343,5.95246,-27.3453,-0.170537,0.0202875,-0.0931995
432.443,1,1,41.4343,-5.95246,27.3453,0.170537,-0.0202875,0.0931995

orb:1,1,5.14044,1.13566,2.18772,0,0,-2.55944ptc:431.983,0,1,-41.7641,-15.9045,22.4234,-0.171478,-0.0541977,0.0764121
431.983,1,1,41.7641,15.9045,-22.4234,0.171478,0.0541977,-0.0764121

orb:1,1,0.99858,1.02776,1.83012,0,0,-2.86975ptc:423.172,0,1,-48.1639,-3.44267,12.9764,-0.189998,-0.0116997,0.0440994
423.172,1,1,48.1639,3.44267,-12.9764,0.189998,0.0116997,-0.0440994

orb:1,1,4.026,1.10766,0.129994,0,0,-2.61886ptc:429.813,0,1,-43.3228,24.752,3.23586,-0.175941,0.0842853,0.0110187
429.813,1,1,43.3228,-24.752,-3.23586,0.175941,-0.0842853,-0.0110187

orb:1,1,1.25014,1.03463,5.10816,0,0,-2.83859ptc:423.771,0,1,-47.7223,5.75163,-13.766,-0.188704,0.0195497,-0.0467904
423.771,1,1,47.7223,-5.75163,13.766,0.188704,-0.0195497,0.0467904

orb:1,1,1.80268,1.04957,3.64433,0,0,-2.78073ptc:425.054,0,1,-46.7797,-15.4696,-8.50606,-0.18595,-0.0525999,-0.0289225
425.054,1,1,46.7797,15.4696,8.50606,0.18595,0.0525999,0.0289225

orb:1,1,3.00589,1.0814,2.21263,0,0,-2.68358ptc:427.706,0,1,-44.8467,-13.2353,17.7087,-0.180335,-0.0450386,0.0602611
427.706,1,1,44.8467,13.2353,-17.7087,0.180335,0.0450386,-0.0602611

orb:1,1,3.43167,1.09243,4.62795,0,0,-2.65509ptc:428.6,0,1,-44.1987,-1.97153,-23.2936,-0.178463,-0.00671082,-0.0792882
428.6,1,1,44.1987,1.97153,23.2936,0.178463,0.00671082,0.0792882

orb:1,1,5.4729,1.14388,6.20159,0,0,-2.54343ptc:432.605,0,1,-41.3186,28.0625,-2.29491,-0.170208,0.0956494,-0.00782208
432.605,1,1,41.3186,-28.0625,2.29491,0.170208,-0.0956494,0.00782208

orb:1,1,3.09425,1.0837,5.99978,0,0,-2.67747ptc:427.893,0,1,-44.7108,21.489,-6.25847,-0.179942,0.0731295,-0.0212982
427.893,1,1,44.7108,-21.489,6.25847,0.179942,-0.0731295,0.0212982

orb:1,1,3.81316,1.10223,5.58305,0,0,-2.63141ptc:429.383,0,1,-43.6328,18.6729,-15.7322,-0.176833,0.0635761,-0.0535638
429.383,1,1,43.6328,-18.6729,15.7322,0.176833,-0.0635761,0.0535638

orb:1,1,1.64221,1.04525,6.26508,0,0,-2.79635ptc:424.686,0,1,-47.0497,16.9185,-0.3064,-0.186738,0.0575205,-0.00104172
424.686,1,1,47.0497,-16.9185,0.3064,0.186738,-0.0575205,0.00104172

orb:1,1,5.56517,1.14615,2.55173,0,0,-2.53911ptc:432.776,0,1,-41.1965,-23.5465,15.761,-0.16986,-0.0802617,0.0537238
432.776,1,1,41.1965,23.5465,-15.761,0.16986,0.0802617,-0.0537238

orb:1,1,1.6097,1.04438,0.177214,0,0,-2.79962ptc:424.611,0,1,-47.1047,16.5047,2.95588,-0.186899,0.0561127,0.0100494
424.611,1,1,47.1047,-16.5047,-2.95588,0.186899,-0.0561127,-0.0100494

orb:1,1,5.16455,1.13626,1.56471,0,0,-2.55826ptc:432.028,0,1,-41.7315,0.167683,27.5401,-0.171385,0.000571422,0.0938496
432.028,1,1,41.7315,-0.167683,-27.5401,0.171385,-0.000571422,-0.0938496

orb:1,1,0.646731,1.01806,4.82211,0,0,-2.92163ptc:422.318,0,1,-48.7953,1.19465,-10.844,-0.191851,0.00405901,-0.0368442
422.318,1,1,48.7953,-1.19465,10.844,0.191851,-0.00405901,0.0368442

orb:1,1,3.31541,1.08943,1.09947,0,0,-2.66264ptc:428.358,0,1,-44.3739,10.463,20.5301,-0.178969,0.0356119,0.0698764
428.358,1,1,44.3739,-10.463,-20.5301,0.178969,-0.0356119,-0.0698764

orb:1,1,0.76109,1.02122,1.39918,0,0,-2.9034ptc:422.598,0,1,-48.5883,2.01467,11.6242,-0.191243,0.00684566,0.0394977
422.598,1,1,48.5883,-2.01467,-11.6242,0.191243,-0.00684566,-0.0394977

orb:1,1,5.13166,1.13544,4.85371,0,0,-2.55987ptc:431.966,0,1,-41.776,3.86967,-27.1992,-0.171511,0.0131866,-0.0926859
431.966,1,1,41.776,-3.86967,27.1992,0.171511,-0.0131866,0.0926859

orb:1,1,2.71417,1.07377,6.0325,0,0,-2.70459ptc:427.08,0,1,-45.3012,20.4999,-5.24943,-0.181652,0.0697459,-0.0178599
427.08,1,1,45.3012,-20.4999,5.24943,0.181652,-0.0697459,0.0178599

orb:1,1,3.82064,1.10242,2.55559,0,0,-2.63096ptc:429.399,0,1,-43.6218,-20.3594,13.5142,-0.176801,-0.0693184,0.0460121
429.399,1,1,43.6218,20.3594,-13.5142,0.176801,0.0693184,-0.0460121

orb:1,1,0.517419,1.01448,0.807774,0,0,-2.94445ptc:421.999,0,1,-49.0315,6.7684,7.07828,-0.192545,0.0229947,0.0240474
421.999,1,1,49.0315,-6.7684,-7.07828,0.192545,-0.0229947,-0.0240474

orb:1,1,0.241912,1.00679,2.73186,0,0,-3.0062ptc:421.312,0,1,-49.5424,-6.19018,2.68848,-0.19405,-0.0210264,0.00913208
421.312,1,1,49.5424,6.19018,-2.68848,0.19405,0.0210264,-0.00913208

orb:1,1,3.74247,1.10042,0.338355,0,0,-2.63568ptc:429.24,0,1,-43.7366,22.8565,8.04292,-0.177131,0.0778164,0.0273826
429.24,1,1,43.7366,-22.8565,-8.04292,0.177131,-0.0778164,-0.0273826

orb:1,1,2.56683,1.06989,2.15149,0,0,-2.71573ptc:426.76,0,1,-45.5341,-11.3316,17.2697,-0.182327,-0.0385494,0.0587501
426.76,1,1,45.5341,11.3316,-17.2697,0.182327,0.0385494,-0.0587501

orb:1,1,1.84953,1.05083,1.1582,0,0,-2.77633ptc:425.161,0,1,-46.7014,7.16156,16.3612,-0.185722,0.0243517,0.0556334
425.161,1,1,46.7014,-7.16156,-16.3612,0.185722,-0.0243517,-0.0556334

orb:1,1,3.59512,1.09664,5.2669,0,0,-2.64475ptc:428.938,0,1,-43.9545,12.5485,-20.2616,-0.177759,0.0427181,-0.0689751
428.938,1,1,43.9545,-12.5485,20.2616,0.177759,-0.0427181,0.0689751

orb:1,1,2.82214,1.0766,5.6915,0,0,-2.69666ptc:427.313,0,1,-45.132,17.8615,-12.003,-0.181161,0.0607737,-0.0408402
427.313,1,1,45.132,-17.8615,12.003,0.181161,-0.0607737,0.0408402

orb:1,1,2.60818,1.07098,5.82319,0,0,-2.71256ptc:426.85,0,1,-45.4685,18.6375,-9.23368,-0.182137,0.063405,-0.0314132
426.85,1,1,45.4685,-18.6375,9.23368,0.182137,-0.063405,0.0314132

orb:1,1,1.55146,1.04281,2.97877,0,0,-2.80557ptc:424.476,0,1,-47.2037,-16.2686,2.67254,-0.187188,-0.0553077,0.00908572
424.476,1,1,47.2037,16.2686,-2.67254,0.187188,0.0553077,-0.00908572

orb:1,1,0.491295,1.01375,0.119763,0,0,-2.94941ptc:421.935,0,1,-49.0795,9.48168,1.14102,-0.192687,0.0322121,0.00387637
421.935,1,1,49.0795,-9.48168,-1.14102,0.192687,-0.0322121,-0.00387637

orb:1,1,3.60562,1.09691,5.87491,0,0,-2.64409ptc:428.959,0,1,-43.9389,21.9003,-9.47358,-0.177714,0.074554,-0.0322505
428.959,1,1,43.9389,-21.9003,9.47358,0.177714,-0.074554,0.0322505

orb:1,1,2.60098,1.07079,5.24686,0,0,-2.71311ptc:426.834,0,1,-45.4799,10.5822,-17.8772,-0.18217,0.0360006,-0.0608184
426.834,1,1,45.4799,-10.5822,17.8772,0.18217,-0.0360006,0.0608184

orb:1,1,0.416505,1.01167,6.22199,0,0,-2.96443ptc:421.749,0,1,-49.2174,8.79522,-0.538872,-0.193092,0.0298785,-0.00183062
421.749,1,1,49.2174,-8.79522,0.538872,0.193092,-0.0298785,0.00183062

orb:1,1,2.43358,1.06638,4.25179,0,0,-2.72614ptc:426.468,0,1,-45.7467,-8.96985,-18.0772,-0.182944,-0.0305121,-0.0614918
426.468,1,1,45.7467,8.96985,18.0772,0.182944,0.0305121,0.0614918

orb:1,1,2.83066,1.07682,0.99439,0,0,-2.69604ptc:427.331,0,1,-45.1187,11.7438,18.0662,-0.181123,0.0399586,0.0614705
427.331,1,1,45.1187,-11.7438,-18.0662,0.181123,-0.0399586,-0.0614705

orb:1,1,1.11703,1.031,5.97642,0,0,-2.8546ptc:423.455,0,1,-47.955,13.4927,-4.27408,-0.189385,0.0458576,-0.0145263
423.455,1,1,47.955,-13.4927,4.27408,0.189385,-0.0458576,0.0145263

orb:1,1,1.37523,1.03803,3.80433,0,0,-2.8244ptc:424.065,0,1,-47.5057,-12.2939,-9.59541,-0.18807,-0.0417902,-0.0326174
424.065,1,1,47.5057,12.2939,9.59541,0.18807,0.0417902,0.0326174

orb:1,1,1.11174,1.03085,1.18552,0,0,-2.85526ptc:423.443,0,1,-47.9643,5.30722,13.0868,-0.189413,0.0180375,0.0444777
423.443,1,1,47.9643,-5.30722,-13.0868,0.189413,-0.0180375,-0.0444777

orb:1,1,4.52826,1.12037,4.78063,0,0,-2.59087ptc:430.807,0,1,-42.6074,1.78406,-26.1041,-0.173889,0.00607707,-0.0889191
430.807,1,1,42.6074,-1.78406,26.1041,0.173889,-0.00607707,0.0889191

orb:1,1,5.45959,1.14355,3.25901,0,0,-2.54406ptc:432.58,0,1,-41.3363,-27.9365,-3.29545,-0.170258,-0.0952192,-0.0112323
432.58,1,1,41.3363,27.9365,3.29545,0.170258,0.0952192,0.0112323

orb:1,1,1.11382,1.03091,4.77262,0,0,-2.855ptc:423.448,0,1,-47.9606,0.850791,-14.1088,-0.189402,0.00289157,-0.0479513
423.448,1,1,47.9606,-0.850791,14.1088,0.189402,-0.00289157,0.0479513

orb:1,1,2.56536,1.06985,1.39858,0,0,-2.71584ptc:426.757,0,1,-45.5364,3.53873,20.3448,-0.182334,0.0120385,0.0692115
426.757,1,1,45.5364,-3.53873,-20.3448,0.182334,-0.0120385,-0.0692115

orb:1,1,0.263825,1.00741,4.62935,0,0,-3.00025ptc:421.367,0,1,-49.5014,-0.584202,-7.01917,-0.193929,-0.00198441,-0.0238427
421.367,1,1,49.5014,0.584202,7.01917,0.193929,0.00198441,0.0238427

orb:1,1,2.51213,1.06845,2.01776,0,0,-2.71996ptc:426.64,0,1,-45.6211,-8.84457,18.4523,-0.18258,-0.0300875,0.062771
426.64,1,1,45.6211,8.84457,-18.4523,0.18258,0.0300875,-0.062771

orb:1,1,1.04107,1.02892,0.839698,0,0,-2.86421ptc:423.274,0,1,-48.0887,9.14203,10.1929,-0.189777,0.0310694,0.0346409
423.274,1,1,48.0887,-9.14203,-10.1929,0.189777,-0.0310694,-0.0346409

orb:1,1,0.41827,1.01172,3.81499,0,0,-2.96406ptc:421.753,0,1,-49.2141,-6.90239,-5.50677,-0.193083,-0.0234484,-0.0187073
421.753,1,1,49.2141,6.90239,5.50677,0.193083,0.0234484,0.0187073

orb:1,1,2.64516,1.07195,5.78288,0,0,-2.70976ptc:426.931,0,1,-45.41,18.362,-10.0384,-0.181967,0.0624695,-0.0341516
426.931,1,1,45.41,-18.362,10.0384,0.181967,-0.0624695,0.0341516

orb:1,1,0.859855,1.02394,1.22653,0,0,-2.8888ptc:422.838,0,1,-48.4109,4.22071,11.7716,-0.190722,0.0143425,0.0400014
422.838,1,1,48.4109,-4.22071,-11.7716,0.190722,-0.0143425,-0.0400014

orb:1,1,3.95211,1.10578,3.4381,0,0,-2.62317ptc:429.664,0,1,-43.43,-23.6946,-7.23912,-0.176249,-0.0806806,-0.0246494
429.664,1,1,43.43,23.6946,7.23912,0.176249,0.0806806,0.0246494

orb:1,1,3.54506,1.09536,1.06793,0,0,-2.64788ptc:428.835,0,1,-44.029,11.4195,20.7615,-0.177974,0.0388733,0.0706745
428.835,1,1,44.029,-11.4195,-20.7615,0.177974,-0.0388733,-0.0706745

orb:1,1,1.54727,1.04269,3.27238,0,0,-2.80601ptc:424.467,0,1,-47.2109,-16.3256,-2.14749,-0.187209,-0.0555012,-0.00730071
424.467,1,1,47.2109,16.3256,2.14749,0.187209,0.0555012,0.00730071

orb:1,1,2.20227,1.06025,2.23169,0,0,-2.74506ptc:425.956,0,1,-46.1203,-11.8536,15.2451,-0.18403,-0.0403155,0.0518503
425.956,1,1,46.1203,11.8536,-15.2451,0.18403,0.0403155,-0.0518503

orb:1,1,1.73007,1.04762,4.42191,0,0,-2.7877ptc:424.888,0,1,-46.9015,-4.96291,-16.6018,-0.186305,-0.0168742,-0.0564473
424.888,1,1,46.9015,4.96291,16.6018,0.186305,0.0168742,0.0564473

orb:1,1,0.0889234,1.0025,2.95534,0,0,-3.05931ptc:420.924,0,1,-49.8308,-4.03857,0.761006,-0.1949,-0.0137166,0.00258468
420.924,1,1,49.8308,4.03857,-0.761006,0.1949,0.0137166,-0.00258468

orb:1,1,4.92462,1.13029,5.11522,0,0,-2.57022ptc:431.573,0,1,-42.0579,10.6002,-24.8751,-0.172316,0.036117,-0.0847546
431.573,1,1,42.0579,-10.6002,24.8751,0.172316,-0.036117,0.0847546

orb:1,1,4.64233,1.12323,2.49488,0,0,-2.58481ptc:431.029,0,1,-42.4479,-21.0874,15.9215,-0.173432,-0.071836,0.0542378
431.029,1,1,42.4479,21.0874,-15.9215,0.173432,0.071836,-0.0542378

orb:1,1,5.23965,1.13812,3.36041,0,0,-2.55459ptc:432.169,0,1,-41.6303,-27.033,-6.01148,-0.171096,-0.0921263,-0.0204866
432.169,1,1,41.6303,27.033,6.01148,0.171096,0.0921263,0.0204866

orb:1,1,2.79486,1.07588,2.4722,0,0,-2.69865ptc:427.254,0,1,-45.1746,-16.8056,13.2976,-0.181285,-0.0571798,0.0452444
427.254,1,1,45.1746,16.8056,-13.2976,0.181285,0.0571798,-0.0452444

orb:1,1,0.993251,1.02761,5.02579,0,0,-2.87045ptc:423.159,0,1,-48.1733,4.12851,-12.7391,-0.190025,0.0140304,-0.0432928
423.159,1,1,48.1733,-4.12851,12.7391,0.190025,-0.0140304,0.0432928

orb:1,1,3.36202,1.09064,3.60398,0,0,-2.65959ptc:428.455,0,1,-44.3035,-20.7438,-10.3391,-0.178766,-0.0706058,-0.0351914
428.455,1,1,44.3035,20.7438,10.3391,0.178766,0.0706058,0.0351914

orb:1,1,3.37946,1.09109,2.33711,0,0,-2.65846ptc:428.492,0,1,-44.2772,-16.1082,16.7349,-0.17869,-0.0548281,0.0569614
428.492,1,1,44.2772,16.1082,-16.7349,0.17869,0.0548281,-0.0569614

orb:1,1,3.42628,1.0923,2.1363,0,0,-2.65544ptc:428.589,0,1,-44.2068,-12.5181,19.7246,-0.178487,-0.0426098,0.0671395
428.589,1,1,44.2068,12.5181,-19.7246,0.178487,0.0426098,-0.0671395

orb:1,1,4.52652,1.12032,2.12302,0,0,-2.59097ptc:430.804,0,1,-42.6098,-13.7236,22.2725,-0.173895,-0.0467468,0.0758673
430.804,1,1,42.6098,13.7236,-22.2725,0.173895,0.0467468,-0.0758673

orb:1,1,1.05379,1.02927,4.88037,0,0,-2.86257ptc:423.304,0,1,-48.0663,2.30241,-13.5769,-0.189712,0.00782486,-0.0461416
423.304,1,1,48.0663,-2.30241,13.5769,0.189712,-0.00782486,0.0461416

orb:1,1,3.47022,1.09343,5.21029,0,0,-2.65262ptc:428.68,0,1,-44.1409,11.2163,-20.6344,-0.178296,0.0381799,-0.0702384
428.68,1,1,44.1409,-11.2163,20.6344,0.178296,-0.0381799,0.0702384

orb:1,1,0.831188,1.02316,0.877901,0,0,-2.89294ptc:422.768,0,1,-48.4622,7.85998,9.4674,-0.190873,0.0267087,0.0321707
422.768,1,1,48.4622,-7.85998,-9.4674,0.190873,-0.0267087,-0.0321707

orb:1,1,2.32122,1.0634,0.441529,0,0,-2.73519ptc:426.22,0,1,-45.9274,17.8699,8.44621,-0.183469,0.0607824,0.0287288
426.22,1,1,45.9274,-17.8699,-8.44621,0.183469,-0.0607824,-0.0287288

orb:1,1,2.89588,1.07853,4.6737,0,0,-2.69135ptc:427.471,0,1,-45.0171,-0.841667,-21.7429,-0.180829,-0.00286391,-0.0739837
427.471,1,1,45.0171,0.841667,21.7429,0.180829,0.00286391,0.0739837

orb:1,1,5.09994,1.13465,2.94696,0,0,-2.56144ptc:431.906,0,1,-41.8189,-26.8901,5.30078,-0.171634,-0.0916308,0.018063
431.906,1,1,41.8189,26.8901,-5.30078,0.171634,0.0916308,-0.018063

orb:1,1,2.34206,1.06396,4.42082,0,0,-2.73349ptc:426.266,0,1,-45.8938,-5.70417,-19.0058,-0.183371,-0.0194023,-0.064647
426.266,1,1,45.8938,5.70417,19.0058,0.183371,0.0194023,0.064647

orb:1,1,2.27658,1.06222,5.13299,0,0,-2.73886ptc:426.121,0,1,-45.9996,8.00157,-17.8888,-0.183679,0.0272156,-0.0608449
426.121,1,1,45.9996,-8.00157,17.8888,0.183679,-0.0272156,0.0608449

orb:1,1,4.54013,1.12066,2.99608,0,0,-2.59024ptc:430.83,0,1,-42.5908,-25.9153,3.79797,-0.173841,-0.0882765,0.0129372
430.83,1,1,42.5908,25.9153,-3.79797,0.173841,0.0882765,-0.0129372

orb:1,1,1.90204,1.05224,0.710601,0,0,-2.77146ptc:425.281,0,1,-46.614,13.7092,11.7978,-0.185467,0.0466175,0.0401179
425.281,1,1,46.614,-13.7092,-11.7978,0.185467,-0.0466175,-0.0401179

orb:1,1,1.48482,1.041,1.55603,0,0,-2.81254ptc:424.321,0,1,-47.3175,0.238597,16.1556,-0.18752,0.000811115,0.054921
424.321,1,1,47.3175,-0.238597,-16.1556,0.18752,-0.000811115,-0.054921

orb:1,1,4.92519,1.13031,1.82635,0,0,-2.57019ptc:431.574,0,1,-42.0571,-6.83531,26.1625,-0.172314,-0.0232894,0.0891412
431.574,1,1,42.0571,6.83531,-26.1625,0.172314,0.0232894,-0.0891412

orb:1,1,3.02666,1.08194,5.15957,0,0,-2.68214ptc:427.75,0,1,-44.8147,9.58809,-19.9928,-0.180243,0.0326278,-0.0680346
427.75,1,1,44.8147,-9.58809,19.9928,0.180243,-0.0326278,0.0680346

orb:1,1,2.46409,1.06718,3.36759,0,0,-2.72373ptc:426.535,0,1,-45.6978,-19.7746,-4.54677,-0.182802,-0.0672672,-0.0154668
426.535,1,1,45.6978,19.7746,4.54677,0.182802,0.0672672,0.0154668

orb:1,1,1.23414,1.03419,6.21541,0,0,-2.84047ptc:423.733,0,1,-47.7501,14.7958,-1.00429,-0.188786,0.0502902,-0.00341354
423.733,1,1,47.7501,-14.7958,1.00429,0.188786,-0.0502902,0.00341354

orb:1,1,3.91291,1.10478,4.82436,0,0,-2.62547ptc:429.585,0,1,-43.487,2.75726,-24.521,-0.176413,0.00938829,-0.0834924
429.585,1,1,43.487,-2.75726,24.521,0.176413,-0.00938829,0.0834924

orb:1,1,1.93243,1.05305,2.17485,0,0,-2.76868ptc:425.35,0,1,-46.5636,-10.3466,14.9927,-0.18532,-0.0351837,0.0509829
425.35,1,1,46.5636,10.3466,-14.9927,0.18532,0.0351837,-0.0509829

orb:1,1,3.58704,1.09644,2.36171,0,0,-2.64525ptc:428.921,0,1,-43.9665,-16.9292,16.7435,-0.177794,-0.0576306,0.0569984
428.921,1,1,43.9665,16.9292,-16.7435,0.177794,0.0576306,-0.0569984

orb:1,1,0.243552,1.00684,3.85344,0,0,-3.00575ptc:421.316,0,1,-49.5394,-5.12697,-4.42323,-0.194041,-0.017415,-0.0150246
421.316,1,1,49.5394,5.12697,4.42323,0.194041,0.017415,0.0150246

orb:1,1,3.6287,1.09751,0.308522,0,0,-2.64266ptc:429.007,0,1,-43.9047,22.7948,7.26467,-0.177616,0.0776004,0.0247311
429.007,1,1,43.9047,-22.7948,-7.26467,0.177616,-0.0776004,-0.0247311

orb:1,1,3.13427,1.08474,2.92366,0,0,-2.67474ptc:427.978,0,1,-44.6494,-21.9716,4.8656,-0.179765,-0.0747738,0.0165586
427.978,1,1,44.6494,21.9716,-4.8656,0.179765,0.0747738,-0.0165586

orb:1,1,4.64675,1.12334,0.0659666,0,0,-2.58457ptc:431.038,0,1,-42.4418,26.3754,1.74242,-0.173414,0.08985,0.00593571
431.038,1,1,42.4418,-26.3754,-1.74242,0.173414,-0.08985,-0.00593571

orb:1,1,3.16756,1.0856,5.62864,0,0,-2.67248ptc:428.048,0,1,-44.5986,17.9329,-13.7616,-0.179618,0.0610304,-0.0468344
428.048,1,1,44.5986,-17.9329,13.7616,0.179618,-0.0610304,0.0468344

orb:1,1,4.2277,1.11278,4.74573,0,0,-2.60736ptc:430.216,0,1,-43.0329,0.84876,-25.445,-0.175109,0.00289058,-0.0866568
430.216,1,1,43.0329,-0.84876,25.445,0.175109,-0.00289058,0.0866568

orb:1,1,0.640352,1.01789,2.50356,0,0,-2.9227ptc:422.302,0,1,-48.8069,-8.72159,6.46701,-0.191885,-0.0296327,0.0219725
422.302,1,1,48.8069,8.72159,-6.46701,0.191885,0.0296327,-0.0219725

orb:1,1,1.50497,1.04155,5.87718,0,0,-2.81041ptc:424.368,0,1,-47.283,14.9362,-6.42094,-0.187419,0.0507765,-0.0218283
424.368,1,1,47.283,-14.9362,6.42094,0.187419,-0.0507765,0.0218283

orb:1,1,4.08929,1.10927,1.51477,0,0,-2.61521ptc:429.94,0,1,-43.2315,1.4067,25.0811,-0.175679,0.00479029,0.0854095
429.94,1,1,43.2315,-1.4067,-25.0811,0.175679,-0.00479029,-0.0854095

orb:1,1,4.63062,1.12294,2.37547,0,0,-2.58543ptc:431.006,0,1,-42.4642,-19.0215,18.3022,-0.173479,-0.0647979,0.0623472
431.006,1,1,42.4642,19.0215,-18.3022,0.173479,0.0647979,-0.0623472

orb:1,1,2.80468,1.07614,1.5943,0,0,-2.69793ptc:427.275,0,1,-45.1593,-0.50445,21.4566,-0.18124,-0.00171637,0.0730053
427.275,1,1,45.1593,0.50445,-21.4566,0.18124,0.00171637,-0.0730053

orb:1,1,4.78451,1.12679,1.96185,0,0,-2.57739ptc:431.304,0,1,-42.2507,-10.1913,24.7188,-0.172867,-0.0347206,0.0842144
431.304,1,1,42.2507,10.1913,-24.7188,0.172867,0.0347206,-0.0842144

orb:1,1,3.93382,1.10531,4.20533,0,0,-2.62424ptc:429.628,0,1,-43.4566,-12.0086,-21.6176,-0.176326,-0.040889,-0.0736077
429.628,1,1,43.4566,12.0086,21.6176,0.176326,0.040889,0.0736077

orb:1,1,3.86646,1.10359,2.09557,0,0,-2.62822ptc:429.491,0,1,-43.5548,-12.3029,21.2514,-0.176608,-0.0418893,0.0723575
429.491,1,1,43.5548,12.3029,-21.2514,0.176608,0.0418893,-0.0723575

orb:1,1,1.8135,1.04986,1.73045,0,0,-2.77971ptc:425.079,0,1,-46.7616,-2.81416,17.4767,-0.185897,-0.00956883,0.059425
425.079,1,1,46.7616,2.81416,-17.4767,0.185897,0.00956883,-0.059425

orb:1,1,1.08376,1.03009,4.42276,0,0,-2.85876ptc:423.376,0,1,-48.0135,-3.98508,-13.3726,-0.189557,-0.0135438,-0.0454483
423.376,1,1,48.0135,3.98508,13.3726,0.189557,0.0135438,0.0454483

orb:1,1,0.299221,1.0084,4.77041,0,0,-2.99116ptc:421.456,0,1,-49.4353,0.434542,-7.48092,-0.193734,0.00147608,-0.0254117
421.456,1,1,49.4353,-0.434542,7.48092,0.193734,-0.00147608,0.0254117

orb:1,1,2.04661,1.0561,2.96712,0,0,-2.75846ptc:425.607,0,1,-46.375,-18.4074,3.24462,-0.184771,-0.0625992,0.0110342
425.607,1,1,46.375,18.4074,-3.24462,0.184771,0.0625992,-0.0110342

orb:1,1,2.77025,1.07524,5.47343,0,0,-2.70045ptc:427.201,0,1,-45.2132,14.7237,-15.4591,-0.181396,0.0500956,-0.0525977
427.201,1,1,45.2132,-14.7237,15.4591,0.181396,-0.0500956,0.0525977

orb:1,1,1.31003,1.03626,2.90623,0,0,-2.8317ptc:423.912,0,1,-47.6183,-14.8274,3.55572,-0.1884,-0.0504001,0.0120863
423.912,1,1,47.6183,14.8274,-3.55572,0.1884,0.0504001,-0.0120863

orb:1,1,4.19771,1.11202,3.00834,0,0,-2.60904ptc:430.156,0,1,-43.0758,-25.1615,3.37294,-0.175232,-0.0856894,0.0114868
430.156,1,1,43.0758,25.1615,-3.37294,0.175232,0.0856894,-0.0114868

orb:1,1,3.44479,1.09277,3.09884,0,0,-2.65425ptc:428.627,0,1,-44.179,-23.3927,1.00079,-0.178406,-0.0796261,0.00340658
428.627,1,1,44.179,23.3927,-1.00079,0.178406,0.0796261,-0.00340658

orb:1,1,2.51479,1.06852,4.4265,0,0,-2.71975ptc:426.646,0,1,-45.6169,-5.77339,-19.641,-0.182567,-0.01964,-0.0668149
426.646,1,1,45.6169,5.77339,19.641,0.182567,0.01964,0.0668149

orb:1,1,0.974262,1.02709,1.33525,0,0,-2.87298ptc:423.114,0,1,-48.207,3.09686,12.9032,-0.190124,0.0105243,0.04385
423.114,1,1,48.207,-3.09686,-12.9032,0.190124,-0.0105243,-0.04385

orb:1,1,1.77039,1.0487,1.34598,0,0,-2.78381ptc:424.981,0,1,-46.8338,3.90339,17.0693,-0.186108,0.0132721,0.0580382
424.981,1,1,46.8338,-3.90339,-17.0693,0.186108,-0.0132721,-0.0580382

orb:1,1,5.45919,1.14354,4.40107,0,0,-2.54408ptc:432.579,0,1,-41.3368,-8.61654,-26.7772,-0.17026,-0.0293687,-0.0912678
432.579,1,1,41.3368,8.61654,26.7772,0.17026,0.0293687,0.0912678

orb:1,1,1.33469,1.03693,3.38933,0,0,-2.82891ptc:423.97,0,1,-47.5757,-14.9108,-3.77145,-0.188275,-0.0506846,-0.0128198
423.97,1,1,47.5757,14.9108,3.77145,0.188275,0.0506846,0.0128198

orb:1,1,1.27323,1.03526,5.65648,0,0,-2.83592ptc:423.825,0,1,-47.6822,12.1875,-8.82477,-0.188587,0.0414257,-0.0299958
423.825,1,1,47.6822,-12.1875,8.82477,0.188587,-0.0414257,0.0299958

orb:1,1,4.16479,1.11119,4.41701,0,0,-2.6109ptc:430.091,0,1,-43.1229,-7.36667,-24.2104,-0.175367,-0.0250872,-0.0824487
430.091,1,1,43.1229,7.36667,24.2104,0.175367,0.0250872,0.0824487

orb:1,1,1.55681,1.04295,0.92622,0,0,-2.80502ptc:424.489,0,1,-47.1946,9.92182,13.1995,-0.187161,0.0337309,0.044874
424.489,1,1,47.1946,-9.92182,-13.1995,0.187161,-0.0337309,-0.044874

orb:1,1,1.65997,1.04573,3.82942,0,0,-2.79458ptc:424.727,0,1,-47.0196,-13.1381,-10.7955,-0.18665,-0.0446683,-0.0367036
424.727,1,1,47.0196,13.1381,10.7955,0.18665,0.0446683,0.0367036

orb:1,1,2.02398,1.0555,2.7972,0,0,-2.76046ptc:425.556,0,1,-46.4123,-17.5064,6.27924,-0.184879,-0.0595343,0.0213539
425.556,1,1,46.4123,17.5064,-6.27924,0.184879,0.0595343,-0.0213539

orb:1,1,2.95684,1.08012,4.55438,0,0,-2.68702ptc:427.601,0,1,-44.9225,-3.45439,-21.6802,-0.180555,-0.0117546,-0.0737735
427.601,1,1,44.9225,3.45439,21.6802,0.180555,0.0117546,0.0737735

orb:1,1,1.70252,1.04688,1.33463,0,0,-2.79038ptc:424.825,0,1,-46.9479,4.02473,16.7242,-0.186441,0.0136841,0.0568624
424.825,1,1,46.9479,-4.02473,-16.7242,0.186441,-0.0136841,-0.0568624

orb:1,1,1.49415,1.04126,2.75176,0,0,-2.81155ptc:424.343,0,1,-47.3015,-14.9882,6.15804,-0.187473,-0.050953,0.0209345
424.343,1,1,47.3015,14.9882,-6.15804,0.187473,0.050953,-0.0209345

orb:1,1,5.53509,1.14541,3.41934,0,0,-2.54051ptc:432.72,0,1,-41.2363,-27.193,-7.75314,-0.169974,-0.0926896,-0.0264272
432.72,1,1,41.2363,27.193,7.75314,0.169974,0.0926896,0.0264272

orb:1,1,2.91332,1.07898,2.79153,0,0,-2.69011ptc:427.508,0,1,-44.99,-20.492,7.48173,-0.18075,-0.0697282,0.0254581
427.508,1,1,44.99,20.492,-7.48173,0.18075,0.0697282,-0.0254581

orb:1,1,3.78764,1.10158,1.869,0,0,-2.63294ptc:429.331,0,1,-43.6702,-7.15413,23.2751,-0.17694,-0.0243574,0.079244
429.331,1,1,43.6702,7.15413,-23.2751,0.17694,0.0243574,-0.079244

orb:1,1,2.27512,1.06218,4.95937,0,0,-2.73898ptc:426.118,0,1,-46.002,4.78965,-18.9968,-0.183686,0.0162909,-0.0646133
426.118,1,1,46.002,-4.78965,18.9968,0.183686,-0.0162909,0.0646133

orb:1,1,1.48157,1.04091,0.159958,0,0,-2.81288ptc:424.314,0,1,-47.323,15.935,2.57089,-0.187536,0.054171,0.00873975
424.314,1,1,47.323,-15.935,-2.57089,0.187536,-0.054171,-0.00873975

orb:1,1,2.52382,1.06876,1.84028,0,0,-2.71905ptc:426.666,0,1,-45.6025,-5.45892,19.7639,-0.182525,-0.0185703,0.0672335
426.666,1,1,45.6025,5.45892,-19.7639,0.182525,0.0185703,-0.0672335

orb:1,1,1.56908,1.04328,2.91103,0,0,-2.80376ptc:424.517,0,1,-47.1737,-16.1337,3.78716,-0.1871,-0.0548498,0.0128752
424.517,1,1,47.1737,16.1337,-3.78716,0.1871,0.0548498,-0.0128752

orb:1,1,2.41307,1.06584,0.436461,0,0,-2.72777ptc:426.423,0,1,-45.7796,18.2207,8.4993,-0.18304,0.0619792,0.0289111
426.423,1,1,45.7796,-18.2207,-8.4993,0.18304,-0.0619792,-0.0289111

orb:1,1,1.68447,1.04639,5.23704,0,0,-2.79216ptc:424.783,0,1,-46.9783,8.57475,-14.816,-0.18653,0.0291538,-0.0503738
424.783,1,1,46.9783,-8.57475,14.816,0.18653,-0.0291538,0.0503738

orb:1,1,4.47619,1.11906,2.81942,0,0,-2.59368ptc:430.705,0,1,-42.6806,-24.7055,8.24677,-0.174098,-0.0841519,0.0280902
430.705,1,1,42.6806,24.7055,-8.24677,0.174098,0.0841519,-0.0280902

orb:1,1,5.1345,1.13551,0.0862372,0,0,-2.55973ptc:431.971,0,1,-41.7721,27.3768,2.36677,-0.171501,0.0932913,0.00806519
431.971,1,1,41.7721,-27.3768,-2.36677,0.171501,-0.0932913,-0.00806519

orb:1,1,1.4272,1.03944,1.79939,0,0,-2.81871ptc:424.187,0,1,-47.4162,-3.59512,15.4524,-0.187809,-0.0122212,0.0525288
424.187,1,1,47.4162,3.59512,-15.4524,0.187809,0.0122212,-0.0525288

orb:1,1,3.72216,1.0999,5.24345,0,0,-2.63691ptc:429.198,0,1,-43.7665,12.2441,-20.8465,-0.177218,0.0416851,-0.070972
429.198,1,1,43.7665,-12.2441,20.8465,0.177218,-0.0416851,0.070972

orb:1,1,1.4924,1.04121,0.313162,0,0,-2.81174ptc:424.339,0,1,-47.3045,15.4076,4.98925,-0.187482,0.0523786,0.0169611
424.339,1,1,47.3045,-15.4076,-4.98925,0.187482,-0.0523786,-0.0169611

orb:1,1,4.87587,1.12908,6.12932,0,0,-2.5727ptc:431.479,0,1,-42.1248,26.6169,-4.128,-0.172508,0.0906866,-0.0140645
431.479,1,1,42.1248,-26.6169,4.128,0.172508,-0.0906866,0.0140645

orb:1,1,0.113822,1.0032,2.90341,0,0,-3.04853ptc:420.988,0,1,-49.7837,-4.51505,1.09622,-0.194761,-0.0153352,0.00372328
420.988,1,1,49.7837,4.51505,-1.09622,0.194761,0.0153352,-0.00372328

orb:1,1,0.280857,1.00788,3.35241,0,0,-2.9958ptc:421.41,0,1,-49.4696,-7.10291,-1.52001,-0.193835,-0.0241274,-0.00516321
421.41,1,1,49.4696,7.10291,1.52001,0.193835,0.0241274,0.00516321

orb:1,1,0.290499,1.00815,2.78451,0,0,-2.99334ptc:421.434,0,1,-49.4516,-6.91946,2.58152,-0.193782,-0.0235044,0.00876905
421.434,1,1,49.4516,6.91946,-2.58152,0.193782,0.0235044,-0.00876905

orb:1,1,2.72472,1.07404,4.60277,0,0,-2.70381ptc:427.103,0,1,-45.2846,-2.319,-21.0696,-0.181603,-0.00788989,-0.0716846
427.103,1,1,45.2846,2.319,21.0696,0.181603,0.00788989,0.0716846

orb:1,1,1.93376,1.05309,3.80913,0,0,-2.76856ptc:425.353,0,1,-46.5614,-14.3105,-11.2804,-0.185314,-0.0486631,-0.0383591
425.353,1,1,46.5614,14.3105,11.2804,0.185314,0.0486631,0.0383591

orb:1,1,3.90641,1.10461,2.53559,0,0,-2.62586ptc:429.572,0,1,-43.4965,-20.2678,14.0454,-0.17644,-0.0690103,0.0478235
429.572,1,1,43.4965,20.2678,-14.0454,0.17644,0.0690103,-0.0478235

orb:1,1,5.21087,1.13741,3.27422,0,0,-2.55599ptc:432.115,0,1,-41.669,-27.3923,-3.65451,-0.171206,-0.093349,-0.012454
432.115,1,1,41.669,27.3923,3.65451,0.171206,0.093349,0.012454

orb:1,1,4.06246,1.10859,4.07232,0,0,-2.61675ptc:429.886,0,1,-43.2702,-14.9634,-20.0945,-0.17579,-0.0509545,-0.0684273
429.886,1,1,43.2702,14.9634,20.0945,0.17579,0.0509545,0.0684273

orb:1,1,0.594668,1.01662,3.19207,0,0,-2.9305ptc:422.19,0,1,-48.8901,-10.4632,-0.528654,-0.19213,-0.0355489,-0.00179612
422.19,1,1,48.8901,10.4632,0.528654,0.19213,0.0355489,0.00179612

orb:1,1,3.21837,1.08692,2.69568,0,0,-2.66907ptc:428.155,0,1,-44.5211,-20.5316,9.8146,-0.179394,-0.0698768,0.0334029
428.155,1,1,44.5211,20.5316,-9.8146,0.179394,0.0698768,-0.0334029

orb:1,1,0.109505,1.00308,3.4838,0,0,-3.05031ptc:420.977,0,1,-49.7918,-4.29355,-1.52944,-0.194785,-0.0145828,-0.00519465
420.977,1,1,49.7918,4.29355,1.52944,0.194785,0.0145828,0.00519465

orb:1,1,4.53035,1.12042,5.37691,0,0,-2.59076ptc:430.811,0,1,-42.6045,16.1385,-20.6012,-0.17388,0.054973,-0.0701742
430.811,1,1,42.6045,-16.1385,20.6012,0.17388,-0.054973,0.0701742

orb:1,1,1.10485,1.03067,3.32843,0,0,-2.85612ptc:423.426,0,1,-47.9764,-13.8357,-2.61548,-0.189448,-0.047023,-0.00888914
423.426,1,1,47.9764,13.8357,2.61548,0.189448,0.047023,0.00888914

orb:1,1,1.06915,1.02969,4.59854,0,0,-2.86061ptc:423.341,0,1,-48.0392,-1.57516,-13.7751,-0.189632,-0.00535332,-0.0468159
423.341,1,1,48.0392,1.57516,13.7751,0.189632,0.00535332,0.0468159

orb:1,1,3.11632,1.08427,0.687334,0,0,-2.67596ptc:427.94,0,1,-44.6769,17.352,14.2436,-0.179844,0.0590515,0.0484732
427.94,1,1,44.6769,-17.352,-14.2436,0.179844,-0.0590515,-0.0484732

orb:1,1,1.31165,1.0363,2.90349,0,0,-2.83152ptc:423.916,0,1,-47.6155,-14.8261,3.59833,-0.188392,-0.0503959,0.0122312
423.916,1,1,47.6155,14.8261,-3.59833,0.188392,0.0503959,-0.0122312

orb:1,1,3.95658,1.10589,1.82831,0,0,-2.6229ptc:429.673,0,1,-43.4235,-6.31281,23.9698,-0.176231,-0.0214954,0.081618
429.673,1,1,43.4235,6.31281,-23.9698,0.176231,0.0214954,-0.081618

orb:1,1,5.59277,1.14683,5.07279,0,0,-2.53782ptc:432.827,0,1,-41.1601,10.0108,-26.5637,-0.169757,0.034124,-0.0905479
432.827,1,1,41.1601,-10.0108,26.5637,0.169757,-0.034124,0.0905479

orb:1,1,4.23749,1.11303,1.50286,0,0,-2.60681ptc:430.235,0,1,-43.0189,1.72982,25.424,-0.175068,0.00589118,0.0865858
430.235,1,1,43.0189,-1.72982,-25.424,0.175068,-0.00589118,-0.0865858

orb:1,1,5.08641,1.13432,4.05909,0,0,-2.56211ptc:431.88,0,1,-41.8373,-16.6415,-21.7417,-0.171686,-0.0567072,-0.0740864
431.88,1,1,41.8373,16.6415,21.7417,0.171686,0.0567072,0.0740864

orb:1,1,3.96724,1.10616,0.810138,0,0,-2.62228ptc:429.695,0,1,-43.408,17.1069,17.975,-0.176186,0.05825,0.061206
429.695,1,1,43.408,-17.1069,-17.975,0.176186,-0.05825,-0.061206

orb:1,1,4.68214,1.12423,2.21279,0,0,-2.58271ptc:431.106,0,1,-42.3925,-15.8752,21.2333,-0.173273,-0.0540814,0.0723348
431.106,1,1,42.3925,15.8752,-21.2333,0.173273,0.0540814,-0.0723348

orb:1,1,0.741721,1.02069,1.51311,0,0,-2.90638ptc:422.551,0,1,-48.6232,0.671799,11.6332,-0.191345,0.00228268,0.039528
422.551,1,1,48.6232,-0.671799,-11.6332,0.191345,-0.00228268,-0.039528

orb:1,1,3.93536,1.10535,1.95227,0,0,-2.62415ptc:429.631,0,1,-43.4543,-9.20791,22.9551,-0.176319,-0.0313529,0.0781618
429.631,1,1,43.4543,9.20791,-22.9551,0.176319,0.0313529,-0.0781618

orb:1,1,2.90033,1.07864,1.68218,0,0,-2.69103ptc:427.481,0,1,-45.0102,-2.42018,21.6385,-0.180809,-0.00823507,0.0736289
427.481,1,1,45.0102,2.42018,-21.6385,0.180809,0.00823507,-0.0736289

orb:1,1,2.64175,1.07186,0.47584,0,0,-2.71002ptc:426.923,0,1,-45.4154,18.5916,9.58093,-0.181983,0.0632506,0.0325952
426.923,1,1,45.4154,-18.5916,-9.58093,0.181983,-0.0632506,-0.0325952

orb:1,1,0.630713,1.01762,2.80113,0,0,-2.92432ptc:422.279,0,1,-48.8244,-10.1598,3.59919,-0.191937,-0.0345191,0.0122286
422.279,1,1,48.8244,10.1598,-3.59919,0.191937,0.0345191,-0.0122286

orb:1,1,2.2395,1.06124,1.54621,0,0,-2.74194ptc:426.039,0,1,-46.0597,0.47826,19.4492,-0.183854,0.00162666,0.0661506
426.039,1,1,46.0597,-0.47826,-19.4492,0.183854,-0.00162666,-0.0661506

orb:1,1,4.42567,1.11778,2.54295,0,0,-2.59642ptc:430.606,0,1,-42.7518,-21.4195,14.6113,-0.174302,-0.0729568,0.0497675
430.606,1,1,42.7518,21.4195,-14.6113,0.174302,0.0729568,-0.0497675

orb:1,1,4.07519,1.10891,4.99198,0,0,-2.61602ptc:429.912,0,1,-43.2518,6.92258,-24.1114,-0.175737,0.0235735,-0.0821067
429.912,1,1,43.2518,-6.92258,24.1114,0.175737,-0.0235735,0.0821067

orb:1,1,5.11476,1.13502,4.95006,0,0,-2.56071ptc:431.934,0,1,-41.7988,6.45995,-26.6669,-0.171577,0.0220132,-0.0908712
431.934,1,1,41.7988,-6.45995,26.6669,0.171577,-0.0220132,0.0908712

orb:1,1,3.91918,1.10494,2.84202,0,0,-2.6251ptc:429.598,0,1,-43.4779,-23.5919,7.28678,-0.176387,-0.0803293,0.0248112
429.598,1,1,43.4779,23.5919,-7.28678,0.176387,0.0803293,-0.0248112

orb:1,1,2.60265,1.07084,1.51114,0,0,-2.71298ptc:426.838,0,1,-45.4773,1.239,20.7433,-0.182162,0.0042151,0.0705688
426.838,1,1,45.4773,-1.239,-20.7433,0.182162,-0.0042151,-0.0705688

orb:1,1,4.09974,1.10953,2.39706,0,0,-2.61461ptc:429.961,0,1,-43.2164,-18.4928,17.0399,-0.175635,-0.0629746,0.0580269
429.961,1,1,43.2164,18.4928,-17.0399,0.175635,0.0629746,-0.0580269

orb:1,1,4.54985,1.12091,1.52499,0,0,-2.58972ptc:430.849,0,1,-42.5771,1.20041,26.1868,-0.173802,0.00408904,0.0892018
430.849,1,1,42.5771,-1.20041,-26.1868,0.173802,-0.00408904,-0.0892018

orb:1,1,0.81481,1.0227,1.08688,0,0,-2.89534ptc:422.728,0,1,-48.4916,5.67075,10.7891,-0.190959,0.0192693,0.0366615
422.728,1,1,48.4916,-5.67075,-10.7891,0.190959,-0.0192693,-0.0366615

orb:1,1,3.45259,1.09297,1.81624,0,0,-2.65375ptc:428.644,0,1,-44.1673,-5.69475,22.7337,-0.178373,-0.0193844,0.0773835
428.644,1,1,44.1673,5.69475,-22.7337,0.178373,0.0193844,-0.0773835

orb:1,1,1.41382,1.03908,1.30389,0,0,-2.82016ptc:424.156,0,1,-47.4392,4.16622,15.2369,-0.187876,0.0141624,0.0517956
424.156,1,1,47.4392,-4.16622,-15.2369,0.187876,-0.0141624,-0.0517956

orb:1,1,3.02712,1.08195,3.56969,0,0,-2.68211ptc:427.751,0,1,-44.814,-20.1733,-9.20555,-0.180241,-0.068649,-0.0313261
427.751,1,1,44.814,20.1733,9.20555,0.180241,0.068649,0.0313261

orb:1,1,1.73754,1.04782,0.682137,0,0,-2.78697ptc:424.905,0,1,-46.8889,13.4766,10.9458,-0.186269,0.0458216,0.0372164
424.905,1,1,46.8889,-13.4766,-10.9458,0.186269,-0.0458216,-0.0372164

orb:1,1,0.303306,1.00851,0.414215,0,0,-2.99014ptc:421.466,0,1,-49.4277,6.90569,3.0361,-0.193711,0.0234578,0.0103133
421.466,1,1,49.4277,-6.90569,-3.0361,0.193711,-0.0234578,-0.0103133

orb:1,1,5.35423,1.14095,0.416963,0,0,-2.54907ptc:432.384,0,1,-41.4767,25.5305,11.3084,-0.170658,0.0870125,0.0385409
432.384,1,1,41.4767,-25.5305,-11.3084,0.170658,-0.0870125,-0.0385409

orb:1,1,0.314945,1.00884,4.35308,0,0,-2.98729ptc:421.495,0,1,-49.406,-2.70208,-7.19374,-0.193648,-0.00917873,-0.0244364
421.495,1,1,49.406,2.70208,7.19374,0.193648,0.00917873,0.0244364

orb:1,1,0.656543,1.01833,5.83931,0,0,-2.92ptc:422.342,0,1,-48.7775,9.92421,-4.71914,-0.191799,0.0337192,-0.016034
422.342,1,1,48.7775,-9.92421,4.71914,0.191799,-0.0337192,0.016034

orb:1,1,1.74303,1.04797,3.36651,0,0,-2.78644ptc:424.918,0,1,-46.8797,-16.9487,-3.87764,-0.186242,-0.057627,-0.0131843
424.918,1,1,46.8797,16.9487,3.87764,0.186242,0.057627,0.0131843

orb:1,1,3.58262,1.09632,4.55601,0,0,-2.64553ptc:428.912,0,1,-43.9731,-3.7064,-23.508,-0.177813,-0.0126173,-0.0800261
428.912,1,1,43.9731,3.7064,23.508,0.177813,0.0126173,0.0800261

orb:1,1,4.80781,1.12738,1.73267,0,0,-2.57618ptc:431.349,0,1,-42.2185,-4.31737,26.4378,-0.172776,-0.0147091,0.0900723
431.349,1,1,42.2185,4.31737,-26.4378,0.172776,0.0147091,-0.0900723

orb:1,1,2.25319,1.0616,1.1564,0,0,-2.7408ptc:426.069,0,1,-46.0375,7.85447,17.8565,-0.183789,0.0267148,0.0607339
426.069,1,1,46.0375,-7.85447,-17.8565,0.183789,-0.0267148,-0.0607339

orb:1,1,0.314047,1.00881,3.00445,0,0,-2.98751ptc:421.493,0,1,-49.4076,-7.60166,1.04914,-0.193652,-0.0258221,0.00356381
421.493,1,1,49.4076,7.60166,-1.04914,0.193652,0.0258221,-0.00356381

orb:1,1,4.43961,1.11813,1.00449,0,0,-2.59566ptc:430.634,0,1,-42.7321,13.9286,21.9081,-0.174246,0.0474424,0.0746215
430.634,1,1,42.7321,-13.9286,-21.9081,0.174246,-0.0474424,-0.0746215

orb:1,1,1.93214,1.05304,4.33401,0,0,-2.76871ptc:425.349,0,1,-46.5641,-6.72891,-16.9266,-0.185322,-0.0228817,-0.0575592
425.349,1,1,46.5641,6.72891,16.9266,0.185322,0.0228817,0.0575592

orb:1,1,0.497036,1.01391,2.96662,0,0,-2.94831ptc:421.949,0,1,-49.0689,-9.45753,1.67194,-0.192655,-0.0321302,0.0056801
421.949,1,1,49.0689,9.45753,-1.67194,0.192655,0.0321302,-0.0056801

orb:1,1,1.72373,1.04745,3.62973,0,0,-2.78831ptc:424.874,0,1,-46.9121,-15.2785,-8.11289,-0.186337,-0.0519475,-0.0275842
424.874,1,1,46.9121,15.2785,8.11289,0.186337,0.0519475,0.0275842

orb:1,1,1.34286,1.03715,3.31383,0,0,-2.828ptc:423.989,0,1,-47.5615,-15.1958,-2.64352,-0.188234,-0.0516536,-0.00898583
423.989,1,1,47.5615,15.1958,2.64352,0.188234,0.0516536,0.00898583

orb:1,1,3.76168,1.10092,1.24699,0,0,-2.63451ptc:429.279,0,1,-43.7083,7.72574,23.0195,-0.17705,0.0263031,0.0783721
429.279,1,1,43.7083,-7.72574,-23.0195,0.17705,-0.0263031,-0.0783721

orb:1,1,1.40547,1.03885,4.16328,0,0,-2.82107ptc:424.136,0,1,-47.4536,-8.22194,-13.4372,-0.187918,-0.0279491,-0.0456776
424.136,1,1,47.4536,8.22194,13.4372,0.187918,0.0279491,0.0456776

orb:1,1,2.28189,1.06236,5.3951,0,0,-2.73842ptc:426.133,0,1,-45.991,12.3763,-15.2202,-0.183654,0.0420955,-0.0517682
426.133,1,1,45.991,-12.3763,15.2202,0.183654,-0.0420955,0.0517682

orb:1,1,0.687644,1.01919,4.56332,0,0,-2.91492ptc:422.418,0,1,-48.721,-1.66881,-11.112,-0.191633,-0.00567019,-0.0377557
422.418,1,1,48.721,1.66881,11.112,0.191633,0.00567019,0.0377557

orb:1,1,3.92304,1.10504,0.654577,0,0,-2.62487ptc:429.606,0,1,-43.4723,19.5958,15.0389,-0.176371,0.066723,0.0512067
429.606,1,1,43.4723,-19.5958,-15.0389,0.176371,-0.066723,-0.0512067

orb:1,1,5.50438,1.14465,0.199736,0,0,-2.54195ptc:432.663,0,1,-41.2769,27.6563,5.59862,-0.170089,0.094267,0.019083
432.663,1,1,41.2769,-27.6563,-5.59862,0.170089,-0.094267,-0.019083

orb:1,1,3.58759,1.09645,2.88002,0,0,-2.64522ptc:428.922,0,1,-43.9657,-23.0021,6.15777,-0.177791,-0.0783041,0.0209623
428.922,1,1,43.9657,23.0021,-6.15777,0.177791,0.0783041,-0.0209623

orb:1,1,3.14093,1.08491,3.23322,0,0,-2.67429ptc:427.992,0,1,-44.6393,-22.4296,-2.06092,-0.179736,-0.0763328,-0.00701376
427.992,1,1,44.6393,22.4296,2.06092,0.179736,0.0763328,0.00701376

orb:1,1,4.9335,1.13051,4.66494,0,0,-2.56977ptc:431.59,0,1,-42.0457,-1.28355,-27.0279,-0.172282,-0.00437333,-0.0920903
431.59,1,1,42.0457,1.28355,27.0279,0.172282,0.00437333,0.0920903

orb:1,1,2.43965,1.06654,3.90713,0,0,-2.72566ptc:426.481,0,1,-45.7369,-14.5661,-13.9986,-0.182916,-0.0495487,-0.0476182
426.481,1,1,45.7369,14.5661,13.9986,0.182916,0.0495487,0.0476182

orb:1,1,5.2025,1.1372,5.35009,0,0,-2.5564ptc:432.1,0,1,-41.6803,16.4425,-22.1901,-0.171238,0.0560333,-0.0756201
432.1,1,1,41.6803,-16.4425,22.1901,0.171238,-0.0560333,0.0756201

orb:1,1,3.91676,1.10488,1.9454,0,0,-2.62524ptc:429.593,0,1,-43.4814,-9.03246,22.9735,-0.176397,-0.0307551,0.0782237
429.593,1,1,43.4814,9.03246,-22.9735,0.176397,0.0307551,-0.0782237

orb:1,1,5.01215,1.13247,4.62555,0,0,-2.56581ptc:431.739,0,1,-41.9383,-2.36128,-27.122,-0.171975,-0.00804585,-0.0924158
431.739,1,1,41.9383,2.36128,27.122,0.171975,0.00804585,0.0924158

orb:1,1,2.32804,1.06358,3.34874,0,0,-2.73463ptc:426.235,0,1,-45.9164,-19.3679,-4.07041,-0.183437,-0.0658779,-0.0138451
426.235,1,1,45.9164,19.3679,4.07041,0.183437,0.0658779,0.0138451

orb:1,1,0.690856,1.01928,2.65195,0,0,-2.91441ptc:422.426,0,1,-48.7152,-9.93859,5.29657,-0.191616,-0.0337688,0.0179964
422.426,1,1,48.7152,9.93859,-5.29657,0.191616,0.0337688,-0.0179964

orb:1,1,4.26611,1.11375,4.37126,0,0,-2.60521ptc:430.292,0,1,-42.9781,-8.54825,-24.0793,-0.174951,-0.0291131,-0.0820075
430.292,1,1,42.9781,8.54825,24.0793,0.174951,0.0291131,0.0820075

orb:1,1,3.22137,1.087,0.794569,0,0,-2.66887ptc:428.161,0,1,-44.5165,15.9495,16.2447,-0.179381,0.0542824,0.0552872
428.161,1,1,44.5165,-15.9495,-16.2447,0.179381,-0.0542824,-0.0552872

orb:1,1,0.0722106,1.00203,0.722041,0,0,-3.06742ptc:420.882,0,1,-49.8625,2.78056,2.4488,-0.194993,0.00944379,0.00831701
420.882,1,1,49.8625,-2.78056,-2.4488,0.194993,-0.00944379,-0.00831701

orb:1,1,0.472611,1.01323,3.47652,0,0,-2.95304ptc:421.888,0,1,-49.1139,-8.8509,-3.08048,-0.192788,-0.0300688,-0.0104652
421.888,1,1,49.1139,8.8509,3.08048,0.192788,0.0300688,0.0104652

orb:1,1,5.34039,1.14061,1.03524,0,0,-2.54973ptc:432.358,0,1,-41.4952,14.2356,23.9896,-0.170711,0.0485169,0.08176
432.358,1,1,41.4952,-14.2356,-23.9896,0.170711,-0.0485169,-0.08176

orb:1,1,3.36545,1.09073,5.37721,0,0,-2.65937ptc:428.462,0,1,-44.2983,14.3047,-18.2493,-0.178751,0.0486893,-0.0621153
428.462,1,1,44.2983,-14.3047,18.2493,0.178751,-0.0486893,0.0621153

orb:1,1,2.92573,1.0793,1.04324,0,0,-2.68923ptc:427.535,0,1,-44.9707,11.0022,18.8834,-0.180694,0.0374375,0.0642552
427.535,1,1,44.9707,-11.0022,-18.8834,0.180694,-0.0374375,-0.0642552

orb:1,1,1.77151,1.04874,3.42046,0,0,-2.7837ptc:424.983,0,1,-46.8319,-16.8383,-4.82133,-0.186102,-0.0572528,-0.0163932
424.983,1,1,46.8319,16.8383,4.82133,0.186102,0.0572528,0.0163932

orb:1,1,0.060437,1.0017,1.9644,0,0,-3.07372ptc:420.852,0,1,-49.8849,-1.30045,3.13152,-0.195059,-0.00441676,0.0106357
420.852,1,1,49.8849,1.30045,-3.13152,0.195059,0.00441676,-0.0106357

orb:1,1,2.6876,1.07307,0.882359,0,0,-2.70657ptc:427.023,0,1,-45.343,13.3874,16.2723,-0.181773,0.0455466,0.0553615
427.023,1,1,45.343,-13.3874,-16.2723,0.181773,-0.0455466,-0.0553615

orb:1,1,1.3445,1.0372,3.65682,0,0,-2.82781ptc:423.993,0,1,-47.5587,-13.4293,-7.60416,-0.188225,-0.0456489,-0.0258481
423.993,1,1,47.5587,13.4293,7.60416,0.188225,0.0456489,0.0258481

orb:1,1,2.73414,1.07429,5.31416,0,0,-2.70311ptc:427.123,0,1,-45.2698,12.0175,-17.4992,-0.181561,0.0408873,-0.0595376
427.123,1,1,45.2698,-12.0175,17.4992,0.181561,-0.0408873,0.0595376

orb:1,1,3.63389,1.09764,2.80626,0,0,-2.64234ptc:429.017,0,1,-43.897,-22.6052,7.87781,-0.177593,-0.0769551,0.0268186
429.017,1,1,43.897,22.6052,-7.87781,0.177593,0.0769551,-0.0268186

orb:1,1,0.799576,1.02228,2.42593,0,0,-2.89759ptc:422.691,0,1,-48.519,-9.11571,7.92533,-0.191039,-0.030975,0.0269302
422.691,1,1,48.519,9.11571,-7.92533,0.191039,0.030975,-0.0269302

orb:1,1,0.7735,1.02157,0.307954,0,0,-2.90151ptc:422.628,0,1,-48.5659,11.3298,3.60371,-0.191177,0.038498,0.0122452
422.628,1,1,48.5659,-11.3298,-3.60371,0.191177,-0.038498,-0.0122452

orb:1,1,3.33055,1.08982,1.56475,0,0,-2.66165ptc:428.39,0,1,-44.351,0.139605,23.0862,-0.178903,0.000475166,0.0785769
428.39,1,1,44.351,-0.139605,-23.0862,0.178903,-0.000475166,-0.0785769

orb:1,1,0.374351,1.01049,5.53114,0,0,-2.97353ptc:421.644,0,1,-49.2955,6.10809,-5.71361,-0.193322,0.0207494,-0.0194093
421.644,1,1,49.2955,-6.10809,5.71361,0.193322,-0.0207494,0.0194093

orb:1,1,3.07515,1.0832,4.77637,0,0,-2.67878ptc:427.853,0,1,-44.7401,1.42727,-22.2775,-0.180027,0.00485711,-0.0758118
427.853,1,1,44.7401,-1.42727,22.2775,0.180027,-0.00485711,0.0758118

orb:1,1,1.38695,1.03835,3.46897,0,0,-2.8231ptc:424.093,0,1,-47.4855,-14.8251,-5.03459,-0.188011,-0.0503949,-0.017114
424.093,1,1,47.4855,14.8251,5.03459,0.188011,0.0503949,0.017114

orb:1,1,1.40944,1.03896,5.68131,0,0,-2.82064ptc:424.145,0,1,-47.4468,13.0017,-8.93088,-0.187898,0.0441973,-0.0303591
424.145,1,1,47.4468,-13.0017,8.93088,0.187898,-0.0441973,0.0303591

orb:1,1,2.24349,1.06134,3.258,0,0,-2.7416ptc:426.048,0,1,-46.0533,-19.3387,-2.26141,-0.183835,-0.0657747,-0.00769154
426.048,1,1,46.0533,19.3387,2.26141,0.183835,0.0657747,0.00769154

orb:1,1,2.1582,1.05907,4.0912,0,0,-2.7488ptc:425.858,0,1,-46.1921,-11.1388,-15.5633,-0.184239,-0.0378833,-0.052931
425.858,1,1,46.1921,11.1388,15.5633,0.184239,0.0378833,0.052931

orb:1,1,5.49432,1.14441,0.530699,0,0,-2.54242ptc:432.645,0,1,-41.2902,24.3193,14.2719,-0.170127,0.0828921,0.0486457
432.645,1,1,41.2902,-24.3193,-14.2719,0.170127,-0.0828921,-0.0486457

orb:1,1,5.31316,1.13994,2.08513,0,0,-2.55104ptc:432.307,0,1,-41.5316,-13.6965,24.2391,-0.170815,-0.0466789,0.0826088
432.307,1,1,41.5316,13.6965,-24.2391,0.170815,0.0466789,-0.0826088

orb:1,1,3.28023,1.08852,6.24242,0,0,-2.66496ptc:428.285,0,1,-44.4271,22.9206,-0.934785,-0.179123,0.0780109,-0.00318156
428.285,1,1,44.4271,-22.9206,0.934785,0.179123,-0.0780109,0.00318156

orb:1,1,0.515857,1.01443,3.61235,0,0,-2.94474ptc:421.996,0,1,-49.0344,-8.71544,-4.43545,-0.192554,-0.0296094,-0.0150688
421.996,1,1,49.0344,8.71544,4.43545,0.192554,0.0296094,0.0150688

orb:1,1,1.34033,1.03708,3.2562,0,0,-2.82828ptc:423.983,0,1,-47.5659,-15.3094,-1.76232,-0.188246,-0.0520397,-0.00599045
423.983,1,1,47.5659,15.3094,1.76232,0.188246,0.0520397,0.00599045

orb:1,1,1.5372,1.04242,1.01727,0,0,-2.80705ptc:424.443,0,1,-47.228,8.63025,13.9655,-0.187259,0.0293396,0.0474774
424.443,1,1,47.228,-8.63025,-13.9655,0.187259,-0.0293396,-0.0474774

orb:1,1,0.740169,1.02065,2.07761,0,0,-2.90662ptc:422.547,0,1,-48.626,-5.6504,10.1776,-0.191354,-0.0191992,0.034582
422.547,1,1,48.626,5.6504,-10.1776,0.191354,0.0191992,-0.034582

orb:1,1,4.03069,1.10778,5.82635,0,0,-2.61859ptc:429.822,0,1,-43.3161,22.4134,-11.0163,-0.175922,0.076322,-0.0375129
429.822,1,1,43.3161,-22.4134,11.0163,0.175922,-0.076322,0.0375129

orb:1,1,2.08468,1.05712,5.17842,0,0,-2.75513ptc:425.693,0,1,-46.3124,8.46815,-16.8359,-0.184589,0.0287989,-0.0572564
425.693,1,1,46.3124,-8.46815,16.8359,0.184589,-0.0287989,0.0572564

orb:1,1,3.39874,1.09159,0.888874,0,0,-2.65721ptc:428.532,0,1,-44.2482,14.675,18.0761,-0.178606,0.0499506,0.0615272
428.532,1,1,44.2482,-14.675,-18.0761,0.178606,-0.0499506,-0.0615272

orb:1,1,2.57273,1.07005,5.06645,0,0,-2.71527ptc:426.773,0,1,-45.5247,7.16862,-19.3936,-0.1823,0.0243872,-0.0659758
426.773,1,1,45.5247,-7.16862,19.3936,0.1823,-0.0243872,0.0659758

orb:1,1,1.48213,1.04093,3.21174,0,0,-2.81282ptc:424.315,0,1,-47.322,-16.1042,-1.13147,-0.187533,-0.0547462,-0.00384645
424.315,1,1,47.322,16.1042,1.13147,0.187533,0.0547462,0.00384645

orb:1,1,2.17014,1.05939,0.157872,0,0,-2.74778ptc:425.884,0,1,-46.1726,18.947,3.01631,-0.184182,0.0644397,0.0102586
425.884,1,1,46.1726,-18.947,-3.01631,0.184182,-0.0644397,-0.0102586

orb:1,1,1.07098,1.02974,3.68789,0,0,-2.86038ptc:423.345,0,1,-48.036,-11.8564,-7.20899,-0.189623,-0.0402951,-0.0245004
423.345,1,1,48.036,11.8564,7.20899,0.189623,0.0402951,0.0245004

orb:1,1,4.38795,1.11683,1.63997,0,0,-2.59847ptc:430.532,0,1,-42.8051,-1.78614,25.7786,-0.174455,-0.00608359,0.0878021
430.532,1,1,42.8051,1.78614,-25.7786,0.174455,0.00608359,-0.0878021

orb:1,1,5.02597,1.13282,4.63791,0,0,-2.56512ptc:431.766,0,1,-41.9195,-2.02791,-27.178,-0.171921,-0.00690999,-0.0926075
431.766,1,1,41.9195,2.02791,27.178,0.171921,0.00690999,0.0926075

orb:1,1,0.78569,1.0219,5.9298,0,0,-2.89967ptc:422.658,0,1,-48.544,11.2382,-4.14546,-0.191113,0.0381871,-0.0140861
422.658,1,1,48.544,-11.2382,4.14546,0.191113,-0.0381871,0.0140861

orb:1,1,4.47985,1.11915,2.95477,0,0,-2.59348ptc:430.713,0,1,-42.6754,-25.6006,4.83926,-0.174083,-0.0872011,0.0164835
430.713,1,1,42.6754,25.6006,-4.83926,0.174083,0.0872011,-0.0164835

orb:1,1,4.63755,1.12311,3.59655,0,0,-2.58506ptc:431.02,0,1,-42.4546,-23.7256,-11.6061,-0.173451,-0.080823,-0.039537
431.02,1,1,42.4546,23.7256,11.6061,0.173451,0.080823,0.039537

orb:1,1,0.0241554,1.00068,0.71835,0,0,-3.09866ptc:420.759,0,1,-49.9539,1.61564,1.41232,-0.195263,0.00548714,0.0047966
420.759,1,1,49.9539,-1.61564,-1.41232,0.195263,-0.00548714,-0.0047966

orb:1,1,1.74919,1.04814,5.99274,0,0,-2.78585ptc:424.932,0,1,-46.8693,16.6851,-4.98707,-0.186212,0.0567312,-0.0169566
424.932,1,1,46.8693,-16.6851,4.98707,0.186212,-0.0567312,0.0169566

orb:1,1,4.11381,1.10989,2.61722,0,0,-2.61381ptc:429.989,0,1,-43.1962,-21.7978,12.6074,-0.175577,-0.07423,0.0429331
429.989,1,1,43.1962,21.7978,-12.6074,0.175577,0.07423,-0.0429331

orb:1,1,4.69487,1.12455,1.22011,0,0,-2.58205ptc:431.131,0,1,-42.3748,9.11773,24.9247,-0.173223,0.0310613,0.0849109
431.131,1,1,42.3748,-9.11773,-24.9247,0.173223,-0.0310613,-0.0849109

orb:1,1,3.27171,1.0883,3.65666,0,0,-2.66552ptc:428.267,0,1,-44.4401,-19.9417,-11.2876,-0.17916,-0.0678716,-0.0384175
428.267,1,1,44.4401,19.9417,11.2876,0.17916,0.0678716,0.0384175

orb:1,1,0.113156,1.00318,5.25388,0,0,-3.04881ptc:420.986,0,1,-49.7849,2.38777,-3.96994,-0.194764,0.00810994,-0.0134837
420.986,1,1,49.7849,-2.38777,3.96994,0.194764,-0.00810994,0.0134837

orb:1,1,1.25449,1.03475,2.30681,0,0,-2.83809ptc:423.781,0,1,-47.7147,-10.032,11.0753,-0.188682,-0.0340989,0.0376451
423.781,1,1,47.7147,10.032,-11.0753,0.188682,0.0340989,-0.0376451

orb:1,1,3.19757,1.08638,3.00928,0,0,-2.67046ptc:428.111,0,1,-44.5528,-22.4963,2.99398,-0.179486,-0.0765627,0.0101895
428.111,1,1,44.5528,22.4963,-2.99398,0.179486,0.0765627,-0.0101895

orb:1,1,2.97612,1.08062,5.0676,0,0,-2.68567ptc:427.642,0,1,-44.8927,7.65635,-20.6404,-0.180469,0.0260534,-0.0702359
427.642,1,1,44.8927,-7.65635,20.6404,0.180469,-0.0260534,0.0702359

orb:1,1,1.55216,1.04282,5.89568,0,0,-2.8055ptc:424.478,0,1,-47.2025,15.2675,-6.23121,-0.187184,0.0519042,-0.021184
424.478,1,1,47.2025,-15.2675,6.23121,0.187184,-0.0519042,0.021184

orb:1,1,4.25103,1.11337,5.99655,0,0,-2.60605ptc:430.262,0,1,-42.9996,24.4743,-7.21394,-0.175013,0.0833522,-0.0245685
430.262,1,1,42.9996,-24.4743,7.21394,0.175013,-0.0833522,0.0245685

orb:1,1,1.01699,1.02826,3.02483,0,0,-2.86733ptc:423.216,0,1,-48.1313,-13.4495,1.57753,-0.189902,-0.0457077,0.0053612
423.216,1,1,48.1313,13.4495,-1.57753,0.189902,0.0457077,-0.0053612

orb:1,1,3.03662,1.0822,2.66088,0,0,-2.68145ptc:427.771,0,1,-44.7994,-19.6875,10.2673,-0.180198,-0.0669963,0.0349395
427.771,1,1,44.7994,19.6875,-10.2673,0.180198,0.0669963,-0.0349395

orb:1,1,0.933322,1.02596,0.488132,0,0,-2.87852ptc:423.015,0,1,-48.2798,11.4839,6.09784,-0.190337,0.0390255,0.0207222
423.015,1,1,48.2798,-11.4839,-6.09784,0.190337,-0.0390255,-0.0207222

orb:1,1,0.401583,1.01125,1.2312,0,0,-2.96759ptc:421.712,0,1,-49.245,2.88341,8.1617,-0.193174,0.00979521,0.0277261
421.712,1,1,49.245,-2.88341,-8.1617,0.193174,-0.00979521,-0.0277261

orb:1,1,1.24425,1.03447,4.08136,0,0,-2.83928ptc:423.757,0,1,-47.7325,-8.78256,-12.0196,-0.188734,-0.0298517,-0.0408544
423.757,1,1,47.7325,8.78256,12.0196,0.188734,0.0298517,0.0408544

orb:1,1,0.198084,1.00557,3.00741,0,0,-3.01899ptc:421.201,0,1,-49.6247,-6.05959,0.817997,-0.194292,-0.0205823,0.00277845
421.201,1,1,49.6247,6.05959,-0.817997,0.194292,0.0205823,-0.00277845

orb:1,1,1.59025,1.04385,4.41218,0,0,-2.80159ptc:424.566,0,1,-47.1377,-4.93099,-15.9285,-0.186995,-0.0167641,-0.054153
424.566,1,1,47.1377,4.93099,15.9285,0.186995,0.0167641,0.054153

orb:1,1,5.091,1.13443,0.295651,0,0,-2.56188ptc:431.889,0,1,-41.8311,26.2008,7.98016,-0.171669,0.0892813,0.027193
431.889,1,1,41.8311,-26.2008,-7.98016,0.171669,-0.0892813,-0.027193

orb:1,1,2.39474,1.06535,2.10244,0,0,-2.72924ptc:426.383,0,1,-45.809,-10.1584,17.2726,-0.183125,-0.0345542,0.0587535
426.383,1,1,45.809,10.1584,-17.2726,0.183125,0.0345542,-0.0587535

orb:1,1,2.06518,1.0566,3.51365,0,0,-2.75683ptc:425.649,0,1,-46.3445,-17.4828,-6.82229,-0.184682,-0.0594555,-0.0232013
425.649,1,1,46.3445,17.4828,6.82229,0.184682,0.0594555,0.0232013

orb:1,1,4.23192,1.11289,3.38597,0,0,-2.60712ptc:430.224,0,1,-43.0269,-24.7126,-6.16249,-0.175091,-0.0841626,-0.0209873
430.224,1,1,43.0269,24.7126,6.16249,0.175091,0.0841626,0.0209873

orb:1,1,0.0571976,1.00161,1.30915,0,0,-3.07556ptc:420.844,0,1,-49.891,0.853362,3.18671,-0.195077,0.0028983,0.0108231
420.844,1,1,49.891,-0.853362,-3.18671,0.195077,-0.0028983,-0.0108231

orb:1,1,0.443624,1.01242,0.118291,0,0,-2.95883ptc:421.816,0,1,-49.1673,9.02361,1.07242,-0.192945,0.0306549,0.00364322
421.816,1,1,49.1673,-9.02361,-1.07242,0.192945,-0.0306549,-0.00364322

orb:1,1,2.36821,1.06465,0.591293,0,0,-2.73137ptc:426.324,0,1,-45.8517,16.555,11.1155,-0.183249,0.0563116,0.0378093
426.324,1,1,45.8517,-16.555,-11.1155,0.183249,-0.0563116,-0.0378093

orb:1,1,4.53916,1.12064,4.87145,0,0,-2.59029ptc:430.828,0,1,-42.5921,4.14831,-25.8593,-0.173845,0.0141306,-0.0880857
430.828,1,1,42.5921,-4.14831,25.8593,0.173845,-0.0141306,0.0880857

orb:1,1,0.717962,1.02003,4.9724,0,0,-2.91009ptc:422.493,0,1,-48.6661,2.9493,-11.0864,-0.191471,0.0100212,-0.0376695
422.493,1,1,48.6661,-2.9493,11.0864,0.191471,-0.0100212,0.0376695

orb:1,1,4.62184,1.12272,5.351,0,0,-2.58589ptc:430.989,0,1,-42.4765,15.7228,-21.1788,-0.173514,0.0535603,-0.0721462
430.989,1,1,42.4765,-15.7228,21.1788,0.173514,-0.0535603,0.0721462

orb:1,1,2.17087,1.05941,4.52537,0,0,-2.74772ptc:425.886,0,1,-46.1714,-3.56774,-18.8539,-0.184179,-0.012134,-0.064123
425.886,1,1,46.1714,3.56774,18.8539,0.184179,0.012134,0.064123

orb:1,1,4.12066,1.11007,5.60259,0,0,-2.61341ptc:430.003,0,1,-43.1863,19.5838,-15.8561,-0.175549,0.0666909,-0.0539964
430.003,1,1,43.1863,-19.5838,15.8561,0.175549,-0.0666909,0.0539964

orb:1,1,5.52387,1.14513,0.891874,0,0,-2.54104ptc:432.699,0,1,-41.2511,17.7429,21.9895,-0.170016,0.0604777,0.0749524
432.699,1,1,41.2511,-17.7429,-21.9895,0.170016,-0.0604777,-0.0749524

orb:1,1,0.847366,1.0236,4.35058,0,0,-2.89059ptc:422.807,0,1,-48.4332,-4.39574,-11.6146,-0.190788,-0.0149371,-0.0394673
422.807,1,1,48.4332,4.39574,11.6146,0.190788,0.0149371,0.0394673

orb:1,1,4.39103,1.11691,3.24763,0,0,-2.59831ptc:430.538,0,1,-42.8007,-25.7024,-2.7357,-0.174443,-0.0875428,-0.00931782
430.538,1,1,42.8007,25.7024,2.7357,0.174443,0.0875428,0.00931782

orb:1,1,1.40738,1.0389,2.9624,0,0,-2.82086ptc:424.141,0,1,-47.4503,-15.5105,2.80951,-0.187908,-0.0527256,0.00955046
424.141,1,1,47.4503,15.5105,-2.80951,0.187908,0.0527256,-0.00955046

orb:1,1,2.40287,1.06557,2.86785,0,0,-2.72859ptc:426.401,0,1,-45.7959,-19.321,5.42518,-0.183087,-0.0657214,0.0184541
426.401,1,1,45.7959,19.321,-5.42518,0.183087,0.0657214,-0.0184541

orb:1,1,0.100658,1.00283,4.99242,0,0,-3.05406ptc:420.954,0,1,-49.8086,1.20807,-4.20068,-0.194834,0.00410312,-0.0142673
420.954,1,1,49.8086,-1.20807,4.20068,0.194834,-0.00410312,0.0142673

orb:1,1,0.397907,1.01115,1.85772,0,0,-2.96838ptc:421.703,0,1,-49.2518,-2.43869,8.26497,-0.193194,-0.00828446,0.0280769
421.703,1,1,49.2518,2.43869,-8.26497,0.193194,0.00828446,-0.0280769

orb:1,1,1.29778,1.03593,0.362116,0,0,-2.8331ptc:423.883,0,1,-47.6396,14.1968,5.37803,-0.188462,0.0482562,0.0182805
423.883,1,1,47.6396,-14.1968,-5.37803,0.188462,-0.0482562,-0.0182805

orb:1,1,4.09145,1.10932,1.04176,0,0,-2.61509ptc:429.944,0,1,-43.2284,12.681,21.691,-0.17567,0.0431832,0.0738652
429.944,1,1,43.2284,-12.681,-21.691,0.17567,-0.0431832,-0.0738652

orb:1,1,4.92359,1.13027,1.92625,0,0,-2.57027ptc:431.571,0,1,-42.0593,-9.40929,25.3472,-0.172321,-0.0320594,0.0863631
431.571,1,1,42.0593,9.40929,-25.3472,0.172321,0.0320594,-0.0863631

orb:1,1,4.06149,1.10856,1.23072,0,0,-2.61681ptc:429.884,0,1,-43.2716,8.35605,23.6167,-0.175794,0.0284546,0.0804212
429.884,1,1,43.2716,-8.35605,-23.6167,0.175794,-0.0284546,-0.0804212

orb:1,1,1.57997,1.04358,4.62849,0,0,-2.80264ptc:424.542,0,1,-47.1552,-1.39309,-16.5664,-0.187046,-0.00473614,-0.0563212
424.542,1,1,47.1552,1.39309,16.5664,0.187046,0.00473614,0.0563212

orb:1,1,2.80876,1.07625,3.32343,0,0,-2.69763ptc:427.284,0,1,-45.1529,-21.1219,-3.88374,-0.181222,-0.0718665,-0.0132143
427.284,1,1,45.1529,21.1219,3.88374,0.181222,0.0718665,0.0132143

orb:1,1,0.0521444,1.00147,3.89682,0,0,-3.07854ptc:420.831,0,1,-49.9007,-2.29381,-2.15943,-0.195106,-0.00779053,-0.00733411
420.831,1,1,49.9007,2.29381,2.15943,0.195106,0.00779053,0.00733411

orb:1,1,3.04604,1.08244,2.03927,0,0,-2.68079ptc:427.791,0,1,-44.7849,-10.0388,19.8378,-0.180156,-0.0341619,0.0675081
427.791,1,1,44.7849,10.0388,-19.8378,0.180156,0.0341619,-0.0675081

orb:1,1,2.46516,1.06721,3.38756,0,0,-2.72364ptc:426.538,0,1,-45.6961,-19.6836,-4.9416,-0.182797,-0.0669578,-0.0168098
426.538,1,1,45.6961,19.6836,4.9416,0.182797,0.0669578,0.0168098

orb:1,1,1.65379,1.04557,3.67293,0,0,-2.7952ptc:424.713,0,1,-47.0301,-14.6352,-8.60124,-0.186681,-0.049758,-0.0292432
424.713,1,1,47.0301,14.6352,8.60124,0.186681,0.049758,0.0292432

orb:1,1,4.7196,1.12517,4.13412,0,0,-2.58076ptc:431.179,0,1,-42.3405,-14.5361,-22.2707,-0.173124,-0.0495208,-0.0758706
431.179,1,1,42.3405,14.5361,22.2707,0.173124,0.0495208,0.0758706

orb:1,1,4.65958,1.12366,3.06919,0,0,-2.5839ptc:431.063,0,1,-42.4239,-26.3922,1.91426,-0.173363,-0.0899081,0.00652114
431.063,1,1,42.4239,26.3922,-1.91426,0.173363,0.0899081,-0.00652114

orb:1,1,2.22789,1.06093,5.41416,0,0,-2.74291ptc:426.013,0,1,-46.0786,12.5308,-14.8237,-0.183909,0.0426195,-0.0504178
426.013,1,1,46.0786,-12.5308,14.8237,0.183909,-0.0426195,0.0504178

orb:1,1,3.55407,1.09559,0.737826,0,0,-2.64732ptc:428.853,0,1,-44.0156,17.551,15.9558,-0.177935,0.0597461,0.0543158
428.853,1,1,44.0156,-17.551,-15.9558,0.177935,-0.0597461,-0.0543158

orb:1,1,1.90873,1.05242,5.27496,0,0,-2.77085ptc:425.296,0,1,-46.6029,9.66211,-15.3236,-0.185435,0.0328556,-0.0521073
425.296,1,1,46.6029,-9.66211,15.3236,0.185435,-0.0328556,0.0521073

orb:1,1,3.04555,1.08243,3.72424,0,0,-2.68083ptc:427.79,0,1,-44.7856,-18.5637,-12.2327,-0.180159,-0.0631722,-0.0416277
427.79,1,1,44.7856,18.5637,12.2327,0.180159,0.0631722,0.0416277

orb:1,1,2.2507,1.06153,1.20509,0,0,-2.741ptc:426.064,0,1,-46.0416,6.9726,18.2087,-0.183801,0.0237154,0.0619319
426.064,1,1,46.0416,-6.9726,-18.2087,0.183801,-0.0237154,-0.0619319

orb:1,1,2.76277,1.07504,0.934184,0,0,-2.701ptc:427.185,0,1,-45.2249,12.6765,17.1469,-0.18143,0.0431302,0.0583399
427.185,1,1,45.2249,-12.6765,-17.1469,0.18143,-0.0431302,-0.0583399

orb:1,1,2.05335,1.05628,5.7704,0,0,-2.75787ptc:425.622,0,1,-46.3639,16.3111,-9.18345,-0.184739,0.0554705,-0.0312309
425.622,1,1,46.3639,-16.3111,9.18345,0.184739,-0.0554705,0.0312309

orb:1,1,2.82215,1.0766,4.85934,0,0,-2.69666ptc:427.313,0,1,-45.132,3.15092,-21.288,-0.181161,0.010721,-0.0724323
427.313,1,1,45.132,-3.15092,21.288,0.181161,-0.010721,0.0724323

orb:1,1,4.73882,1.12565,2.50799,0,0,-2.57975ptc:431.216,0,1,-42.3139,-21.4669,15.7705,-0.173048,-0.0731333,0.0537269
431.216,1,1,42.3139,21.4669,-15.7705,0.173048,0.0731333,-0.0537269

orb:1,1,5.57053,1.14628,2.54662,0,0,-2.53886ptc:432.785,0,1,-41.1894,-23.4742,15.8868,-0.16984,-0.0800157,0.0541527
432.785,1,1,41.1894,23.4742,-15.8868,0.16984,0.0800157,-0.0541527

orb:1,1,0.67737,1.01891,4.75748,0,0,-2.91659ptc:422.393,0,1,-48.7396,0.502849,-11.1442,-0.191687,0.00170854,-0.0378649
422.393,1,1,48.7396,-0.502849,11.1442,0.191687,-0.00170854,0.0378649

orb:1,1,1.39469,1.03856,2.84392,0,0,-2.82225ptc:424.111,0,1,-47.4721,-15.0067,4.60381,-0.187972,-0.0510126,0.0156498
424.111,1,1,47.4721,15.0067,-4.60381,0.187972,0.0510126,-0.0156498

orb:1,1,3.14137,1.08492,0.46656,0,0,-2.67426ptc:427.993,0,1,-44.6386,20.118,10.1323,-0.179734,0.0684657,0.0344825
427.993,1,1,44.6386,-20.118,-10.1323,0.179734,-0.0684657,-0.0344825

orb:1,1,5.23554,1.13802,5.7692,0,0,-2.55479ptc:432.162,0,1,-41.6358,24.1079,-13.6115,-0.171112,0.0821574,-0.0463866
432.162,1,1,41.6358,-24.1079,13.6115,0.171112,-0.0821574,0.0463866

orb:1,1,3.42992,1.09239,4.3339,0,0,-2.6552ptc:428.597,0,1,-44.2013,-8.6362,-21.7178,-0.178471,-0.0293964,-0.0739242
428.597,1,1,44.2013,8.6362,21.7178,0.178471,0.0293964,0.0739242

orb:1,1,2.00675,1.05504,1.07989,0,0,-2.76199ptc:425.518,0,1,-46.4407,8.73436,16.3394,-0.184962,0.0297027,0.0555649
425.518,1,1,46.4407,-8.73436,-16.3394,0.184962,-0.0297027,-0.0555649

orb:1,1,5.60057,1.14702,2.12661,0,0,-2.53746ptc:432.841,0,1,-41.1498,-14.9861,24.1269,-0.169728,-0.0510835,0.0822421
432.841,1,1,41.1498,14.9861,-24.1269,0.169728,0.0510835,-0.0822421

orb:1,1,3.28335,1.0886,4.75012,0,0,-2.66475ptc:428.291,0,1,-44.4224,0.865575,-22.9325,-0.179109,0.00294601,-0.0780515
428.291,1,1,44.4224,-0.865575,22.9325,0.179109,-0.00294601,0.0780515

orb:1,1,0.796484,1.0222,4.96663,0,0,-2.89806ptc:422.684,0,1,-48.5246,3.0324,-11.6693,-0.191056,0.010304,-0.039652
422.684,1,1,48.5246,-3.0324,11.6693,0.191056,-0.010304,0.039652

orb:1,1,0.888916,1.02474,2.26564,0,0,-2.88468ptc:422.908,0,1,-48.3589,-8.13449,9.75925,-0.19057,-0.0276425,0.0331637
422.908,1,1,48.3589,8.13449,-9.75925,0.19057,0.0276425,-0.0331637

orb:1,1,3.47126,1.09346,0.842494,0,0,-2.65256ptc:428.682,0,1,-44.1393,15.6342,17.5298,-0.178292,0.0532181,0.0596706
428.682,1,1,44.1393,-15.6342,-17.5298,0.178292,-0.0532181,-0.0596706

orb:1,1,5.43383,1.14292,5.61425,0,0,-2.54528ptc:432.532,0,1,-41.3705,22.0282,-17.4137,-0.170356,0.07508,-0.0593519
432.532,1,1,41.3705,-22.0282,17.4137,0.170356,-0.07508,0.0593519

orb:1,1,2.03252,1.05573,4.88175,0,0,-2.75971ptc:425.576,0,1,-46.3982,3.14076,-18.3669,-0.184839,0.0106809,-0.062461
425.576,1,1,46.3982,-3.14076,18.3669,0.184839,-0.0106809,0.062461

orb:1,1,0.125791,1.00354,4.76105,0,0,-3.04378ptc:421.018,0,1,-49.761,0.237524,-4.87694,-0.194694,0.000806748,-0.0165645
421.018,1,1,49.761,-0.237524,4.87694,0.194694,-0.000806748,0.0165645

orb:1,1,5.069,1.13389,2.9272,0,0,-2.56297ptc:431.847,0,1,-41.8609,-26.7174,5.81753,-0.171754,-0.0910404,0.0198234
431.847,1,1,41.8609,26.7174,-5.81753,0.171754,0.0910404,-0.0198234

orb:1,1,1.7737,1.04879,4.82696,0,0,-2.78349ptc:424.988,0,1,-46.8282,2.00351,-17.4099,-0.186092,0.00681224,-0.0591963
424.988,1,1,46.8282,-2.00351,17.4099,0.186092,-0.00681224,0.0591963

orb:1,1,1.45461,1.04018,3.56396,0,0,-2.81576ptc:424.251,0,1,-47.3692,-14.5985,-6.56079,-0.187671,-0.0496267,-0.022303
424.251,1,1,47.3692,14.5985,6.56079,0.187671,0.0496267,0.022303

orb:1,1,1.67434,1.04612,0.836127,0,0,-2.79316ptc:424.76,0,1,-46.9954,11.4437,12.6679,-0.186579,0.0389079,0.0430702
424.76,1,1,46.9954,-11.4437,-12.6679,0.186579,-0.0389079,-0.0430702

orb:1,1,3.55681,1.09566,3.44656,0,0,-2.64714ptc:428.859,0,1,-44.0115,-22.6325,-7.12441,-0.177923,-0.0770441,-0.0242525
428.859,1,1,44.0115,22.6325,7.12441,0.177923,0.0770441,0.0242525

orb:1,1,0.836338,1.0233,4.57602,0,0,-2.89219ptc:422.781,0,1,-48.453,-1.67779,-12.2266,-0.190846,-0.00570125,-0.041547
422.781,1,1,48.453,1.67779,12.2266,0.190846,0.00570125,0.041547

orb:1,1,4.39583,1.11703,5.98404,0,0,-2.59804ptc:430.548,0,1,-42.7939,24.7105,-7.62059,-0.174423,0.0841644,-0.0259559
430.548,1,1,42.7939,-24.7105,7.62059,0.174423,-0.0841644,0.0259559

orb:1,1,4.41519,1.11752,5.39447,0,0,-2.59699ptc:430.586,0,1,-42.7666,16.3302,-20.1084,-0.174345,0.0556217,-0.0684905
430.586,1,1,42.7666,-16.3302,20.1084,0.174345,-0.0556217,0.0684905

orb:1,1,2.45514,1.06695,4.04867,0,0,-2.72443ptc:426.516,0,1,-45.7121,-12.4801,-15.9577,-0.182844,-0.0424532,-0.0542829
426.516,1,1,45.7121,12.4801,15.9577,0.182844,0.0424532,0.0542829

orb:1,1,3.87436,1.1038,5.85969,0,0,-2.62775ptc:429.507,0,1,-43.5432,22.405,-10.0997,-0.176575,0.0762858,-0.0343879
429.507,1,1,43.5432,-22.405,10.0997,0.176575,-0.0762858,0.0343879

orb:1,1,5.32755,1.14029,2.90322,0,0,-2.55035ptc:432.334,0,1,-41.5123,-27.0818,6.58066,-0.17076,-0.0922978,0.0224276
432.334,1,1,41.5123,27.0818,-6.58066,0.17076,0.0922978,-0.0224276

orb:1,1,3.83006,1.10266,3.66989,0,0,-2.6304ptc:429.418,0,1,-43.608,-21.1262,-12.3299,-0.176761,-0.0719296,-0.0419802
429.418,1,1,43.608,21.1262,12.3299,0.176761,0.0719296,0.0419802

orb:1,1,0.799986,1.0223,5.31506,0,0,-2.89753ptc:422.692,0,1,-48.5183,6.84868,-9.95359,-0.191037,0.0232717,-0.0338222
422.692,1,1,48.5183,-6.84868,9.95359,0.191037,-0.0232717,0.0338222

orb:1,1,4.45767,1.11859,5.82989,0,0,-2.59468ptc:430.669,0,1,-42.7066,23.3768,-11.3873,-0.174173,0.079625,-0.0387869
430.669,1,1,42.7066,-23.3768,11.3873,0.174173,-0.079625,0.0387869

orb:1,1,1.08486,1.03012,0.957129,0,0,-2.85862ptc:423.378,0,1,-48.0115,8.03937,11.4132,-0.189551,0.0273228,0.0387892
423.378,1,1,48.0115,-8.03937,-11.4132,0.189551,-0.0273228,-0.0387892

orb:1,1,4.07664,1.10895,2.29607,0,0,-2.61594ptc:429.915,0,1,-43.2497,-16.6425,18.7747,-0.175731,-0.0566729,0.0639336
429.915,1,1,43.2497,16.6425,-18.7747,0.175731,0.0566729,-0.0639336

orb:1,1,1.65277,1.04554,1.18142,0,0,-2.7953ptc:424.71,0,1,-47.0318,6.44229,15.7005,-0.186686,0.021903,0.0533799
424.71,1,1,47.0318,-6.44229,-15.7005,0.186686,-0.021903,-0.0533799

orb:1,1,2.21085,1.06047,1.19748,0,0,-2.74434ptc:425.975,0,1,-46.1063,7.055,18.0121,-0.183989,0.023995,0.0612615
425.975,1,1,46.1063,-7.055,-18.0121,0.183989,-0.023995,-0.0612615

orb:1,1,1.61073,1.04441,1.81521,0,0,-2.79952ptc:424.613,0,1,-47.103,-4.0587,16.2738,-0.186894,-0.0137988,0.0553274
424.613,1,1,47.103,4.0587,-16.2738,0.186894,0.0137988,-0.0553274

orb:1,1,3.1442,1.08499,1.41438,0,0,-2.67406ptc:427.999,0,1,-44.6343,3.51024,22.259,-0.179721,0.0119461,0.0757522
427.999,1,1,44.6343,-3.51024,-22.259,0.179721,-0.0119461,-0.0757522

orb:1,1,2.62959,1.07154,5.22027,0,0,-2.71094ptc:426.897,0,1,-45.4346,10.1513,-18.2386,-0.182038,0.0345354,-0.062049
426.897,1,1,45.4346,-10.1513,18.2386,0.182038,-0.0345354,0.062049

orb:1,1,3.66725,1.0985,2.90109,0,0,-2.64028ptc:429.086,0,1,-43.8476,-23.3373,5.7235,-0.177451,-0.0794493,0.019485
429.086,1,1,43.8476,23.3373,-5.7235,0.177451,0.0794493,-0.019485

orb:1,1,0.856705,1.02386,2.57685,0,0,-2.88925ptc:422.83,0,1,-48.4165,-10.5452,6.6812,-0.190739,-0.0358338,0.0227035
422.83,1,1,48.4165,10.5452,-6.6812,0.190739,0.0358338,-0.0227035

orb:1,1,4.3944,1.11699,5.09927,0,0,-2.59812ptc:430.545,0,1,-42.7959,9.75536,-23.9445,-0.174429,0.033227,-0.0815555
430.545,1,1,42.7959,-9.75536,23.9445,0.174429,-0.033227,0.0815555

orb:1,1,4.72459,1.12529,5.44673,0,0,-2.5805ptc:431.188,0,1,-42.3336,17.8284,-19.7488,-0.173105,0.060737,-0.0672795
431.188,1,1,42.3336,-17.8284,19.7488,0.173105,-0.060737,0.0672795

orb:1,1,2.34524,1.06404,5.97528,0,0,-2.73323ptc:426.273,0,1,-45.8887,18.9215,-6.01735,-0.183356,0.0643601,-0.0204676
426.273,1,1,45.8887,-18.9215,6.01735,0.183356,-0.0643601,0.0204676

orb:1,1,3.59401,1.09661,2.04018,0,0,-2.64482ptc:428.936,0,1,-43.9562,-10.7791,21.2524,-0.177764,-0.0366944,0.072348
428.936,1,1,43.9562,10.7791,-21.2524,0.177764,0.0366944,-0.072348

orb:1,1,3.93075,1.10523,1.3513,0,0,-2.62442ptc:429.621,0,1,-43.461,5.38271,24.1281,-0.176338,0.018328,0.0821557
429.621,1,1,43.461,-5.38271,-24.1281,0.176338,-0.018328,-0.0821557

orb:1,1,1.23332,1.03417,3.02082,0,0,-2.84056ptc:423.731,0,1,-47.7516,-14.7172,1.78618,-0.18879,-0.0500231,0.00607115
423.731,1,1,47.7516,14.7172,-1.78618,0.18879,0.0500231,-0.00607115

orb:1,1,1.69073,1.04656,1.2093,0,0,-2.79154ptc:424.798,0,1,-46.9677,6.06466,16.0391,-0.186499,0.0206197,0.0545326
424.798,1,1,46.9677,-6.06466,-16.0391,0.186499,-0.0206197,-0.0545326

orb:1,1,2.09576,1.05741,1.60317,0,0,-2.75417ptc:425.718,0,1,-46.2943,-0.611514,18.8803,-0.184536,-0.00207968,0.0642096
425.718,1,1,46.2943,0.611514,-18.8803,0.184536,0.00207968,-0.0642096

orb:1,1,3.60548,1.09691,5.92304,0,0,-2.6441ptc:428.959,0,1,-43.9391,22.3303,-8.40881,-0.177715,0.076018,-0.0286257
428.959,1,1,43.9391,-22.3303,8.40881,0.177715,-0.076018,0.0286257

orb:1,1,5.41428,1.14243,5.00075,0,0,-2.54621ptc:432.496,0,1,-41.3966,7.97453,-26.8837,-0.17043,0.0271797,-0.0916279
432.496,1,1,41.3966,-7.97453,26.8837,0.17043,-0.0271797,0.0916279

orb:1,1,1.23449,1.0342,4.9422,0,0,-2.84043ptc:423.734,0,1,-47.7495,3.37854,-14.4418,-0.188784,0.0114835,-0.0490872
423.734,1,1,47.7495,-3.37854,14.4418,0.188784,-0.0114835,0.0490872

orb:1,1,0.568753,1.0159,3.02207,0,0,-2.93507ptc:422.126,0,1,-48.9374,-10.18,1.22257,-0.192269,-0.0345861,0.00415366
422.126,1,1,48.9374,10.18,-1.22257,0.192269,0.0345861,-0.00415366

orb:1,1,3.50629,1.09436,4.70904,0,0,-2.65033ptc:428.755,0,1,-44.0869,-0.0790233,-23.5868,-0.178141,-0.000268998,-0.0802903
428.755,1,1,44.0869,0.0790233,23.5868,0.178141,0.000268998,0.0802903

orb:1,1,2.23918,1.06123,4.31153,0,0,-2.74196ptc:426.038,0,1,-46.0603,-7.59111,-17.9116,-0.183855,-0.0258188,-0.060921
426.038,1,1,46.0603,7.59111,17.9116,0.183855,0.0258188,0.060921

orb:1,1,1.08275,1.03006,3.63837,0,0,-2.85889ptc:423.373,0,1,-48.0152,-12.2616,-6.64742,-0.189562,-0.0416726,-0.022592
423.373,1,1,48.0152,12.2616,6.64742,0.189562,0.0416726,0.022592

orb:1,1,1.73469,1.04775,1.33658,0,0,-2.78725ptc:424.899,0,1,-46.8937,4.02638,16.8751,-0.186283,0.01369,0.0573764
424.899,1,1,46.8937,-4.02638,-16.8751,0.186283,-0.01369,-0.0573764

orb:1,1,2.2269,1.0609,3.82432,0,0,-2.74299ptc:426.011,0,1,-46.0802,-15.0566,-12.2438,-0.183913,-0.0512102,-0.0416433
426.011,1,1,46.0802,15.0566,12.2438,0.183913,0.0512102,0.0416433

orb:1,1,5.36245,1.14116,2.57071,0,0,-2.54867ptc:432.399,0,1,-41.4657,-23.5087,15.0977,-0.170627,-0.0801221,0.0514558
432.399,1,1,41.4657,23.5087,-15.0977,0.170627,0.0801221,-0.0514558

orb:1,1,5.15257,1.13596,3.56451,0,0,-2.55884ptc:432.005,0,1,-41.7477,-25.0918,-11.2931,-0.171431,-0.0855058,-0.0384837
432.005,1,1,41.7477,25.0918,11.2931,0.171431,0.0855058,0.0384837

orb:1,1,4.37483,1.1165,6.02597,0,0,-2.59919ptc:430.506,0,1,-42.8236,24.9605,-6.56567,-0.174508,0.0850149,-0.0223625
430.506,1,1,42.8236,-24.9605,6.56567,0.174508,-0.0850149,0.0223625

orb:1,1,5.42094,1.1426,2.39008,0,0,-2.54589ptc:432.508,0,1,-41.3877,-20.4982,19.1541,-0.170405,-0.0698646,0.0652835
432.508,1,1,41.3877,20.4982,-19.1541,0.170405,0.0698646,-0.0652835

orb:1,1,5.43567,1.14296,2.59199,0,0,-2.54519ptc:432.536,0,1,-41.3681,-23.9476,14.6695,-0.170349,-0.081622,0.0499988
432.536,1,1,41.3681,23.9476,-14.6695,0.170349,0.081622,-0.0499988

orb:1,1,3.21465,1.08682,0.459023,0,0,-2.66932ptc:428.147,0,1,-44.5268,20.3912,10.078,-0.17941,0.069399,0.0342992
428.147,1,1,44.5268,-20.3912,-10.078,0.17941,-0.069399,-0.0342992

orb:1,1,0.107587,1.00303,3.33046,0,0,-3.05111ptc:420.972,0,1,-49.7955,-4.43763,-0.848252,-0.194795,-0.0150722,-0.00288104
420.972,1,1,49.7955,4.43763,0.848252,0.194795,0.0150722,0.00288104

orb:1,1,1.46657,1.04051,3.0807,0,0,-2.81448ptc:424.279,0,1,-47.3487,-16.0358,0.977717,-0.187611,-0.0545131,0.00332372
424.279,1,1,47.3487,16.0358,-0.977717,0.187611,0.0545131,-0.00332372

orb:1,1,2.22686,1.0609,0.0453146,0,0,-2.74299ptc:426.011,0,1,-46.0803,19.3865,0.879092,-0.183913,0.0659367,0.00298994
426.011,1,1,46.0803,-19.3865,-0.879092,0.183913,-0.0659367,-0.00298994

orb:1,1,0.990114,1.02752,2.14267,0,0,-2.87087ptc:423.152,0,1,-48.1789,-7.23673,11.2438,-0.190042,-0.0245934,0.0382111
423.152,1,1,48.1789,7.23673,-11.2438,0.190042,0.0245934,-0.0382111

orb:1,1,4.14719,1.11074,4.86578,0,0,-2.6119ptc:430.055,0,1,-43.1482,3.85991,-24.9667,-0.17544,0.0131448,-0.0850231
430.055,1,1,43.1482,-3.85991,24.9667,0.17544,-0.0131448,0.0850231

orb:1,1,1.27914,1.03542,0.528228,0,0,-2.83523ptc:423.839,0,1,-47.6719,13.0242,7.60011,-0.188557,0.0442699,0.0258332
423.839,1,1,47.6719,-13.0242,-7.60011,0.188557,-0.0442699,-0.0258332

orb:1,1,2.12235,1.05812,0.058133,0,0,-2.75187ptc:425.777,0,1,-46.2507,18.9645,1.10371,-0.184409,0.0644972,0.00375364
425.777,1,1,46.2507,-18.9645,-1.10371,0.184409,-0.0644972,-0.00375364

orb:1,1,2.92306,1.07923,3.40771,0,0,-2.68941ptc:427.529,0,1,-44.9749,-21.0772,-5.74535,-0.180706,-0.0717201,-0.0195498
427.529,1,1,44.9749,21.0772,5.74535,0.180706,0.0717201,0.0195498

orb:1,1,0.774534,1.02159,4.37879,0,0,-2.90135ptc:422.63,0,1,-48.5641,-3.89553,-11.2409,-0.191172,-0.0132367,-0.0381958
422.63,1,1,48.5641,3.89553,11.2409,0.191172,0.0132367,0.0381958

orb:1,1,2.77167,1.07527,2.78911,0,0,-2.70034ptc:427.204,0,1,-45.2109,-20.0406,7.37193,-0.18139,-0.0681859,0.0250821
427.204,1,1,45.2109,20.0406,-7.37193,0.18139,0.0681859,-0.0250821

orb:1,1,4.73394,1.12553,5.13989,0,0,-2.58001ptc:431.206,0,1,-42.3206,11.0393,-24.2301,-0.173068,0.0376084,-0.0825468
431.206,1,1,42.3206,-11.0393,24.2301,0.173068,-0.0376084,0.0825468

orb:1,1,3.71618,1.09975,0.856042,0,0,-2.63728ptc:429.186,0,1,-43.7753,15.8354,18.2472,-0.177243,0.0539117,0.0621225
429.186,1,1,43.7753,-15.8354,-18.2472,0.177243,-0.0539117,-0.0621225

orb:1,1,4.76288,1.12625,1.68004,0,0,-2.57851ptc:431.262,0,1,-42.2806,-2.90998,26.5308,-0.172953,-0.00991387,0.0903865
431.262,1,1,42.2806,2.90998,-26.5308,0.172953,0.00991387,-0.0903865

orb:1,1,4.57151,1.12145,5.43659,0,0,-2.58856ptc:430.892,0,1,-42.5468,17.4005,-19.6721,-0.173715,0.0592734,-0.0670114
430.892,1,1,42.5468,-17.4005,19.6721,0.173715,-0.0592734,0.0670114

orb:1,1,3.20385,1.08654,4.70819,0,0,-2.67004ptc:428.124,0,1,-44.5432,-0.095262,-22.7133,-0.179458,-0.00032421,-0.0773013
428.124,1,1,44.5432,0.095262,22.7133,0.179458,0.00032421,0.0773013

orb:1,1,5.37999,1.14159,1.95485,0,0,-2.54784ptc:432.432,0,1,-41.4423,-10.4813,25.9361,-0.17056,-0.0357227,0.0883963
432.432,1,1,41.4423,10.4813,-25.9361,0.17056,0.0357227,-0.0883963

orb:1,1,3.2703,1.08826,2.12425,0,0,-2.66561ptc:428.264,0,1,-44.4422,-12.0424,19.4903,-0.179166,-0.0409863,0.0663353
428.264,1,1,44.4422,12.0424,-19.4903,0.179166,0.0409863,-0.0663353

orb:1,1,1.26587,1.03506,3.93778,0,0,-2.83677ptc:423.808,0,1,-47.6949,-10.496,-10.725,-0.188624,-0.0356762,-0.0364546
423.808,1,1,47.6949,10.496,10.725,0.188624,0.0356762,0.0364546

orb:1,1,0.70925,1.01979,0.799049,0,0,-2.91147ptc:422.471,0,1,-48.6819,7.95369,8.17386,-0.191518,0.0270249,0.027773
422.471,1,1,48.6819,-7.95369,-8.17386,0.191518,-0.0270249,-0.027773

orb:1,1,1.12194,1.03113,1.16518,0,0,-2.85399ptc:423.467,0,1,-47.9463,5.59626,13.0319,-0.18936,0.01902,0.0442915
423.467,1,1,47.9463,-5.59626,-13.0319,0.18936,-0.01902,-0.0442915

orb:1,1,1.12025,1.03109,1.53032,0,0,-2.8542ptc:423.463,0,1,-47.9493,0.573549,14.1611,-0.189369,0.00194932,0.0481292
423.463,1,1,47.9493,-0.573549,-14.1611,0.189369,-0.00194932,-0.0481292

orb:1,1,3.13757,1.08482,2.89262,0,0,-2.67452ptc:427.985,0,1,-44.6444,-21.8197,5.54767,-0.17975,-0.074257,0.0188799
427.985,1,1,44.6444,21.8197,-5.54767,0.17975,0.074257,-0.0188799

orb:1,1,1.16669,1.03235,3.69614,0,0,-2.84851ptc:423.573,0,1,-47.8679,-12.2805,-7.60626,-0.18913,-0.0417388,-0.0258522
423.573,1,1,47.8679,12.2805,7.60626,0.18913,0.0417388,0.0258522

orb:1,1,1.53943,1.04248,3.31291,0,0,-2.80682ptc:424.448,0,1,-47.2242,-16.1874,-2.80061,-0.187248,-0.0550312,-0.00952105
424.448,1,1,47.2242,16.1874,2.80061,0.187248,0.0550312,0.00952105

orb:1,1,5.51162,1.14483,0.861382,0,0,-2.54161ptc:432.677,0,1,-41.2673,18.3896,21.4204,-0.170062,0.0626815,0.0730119
432.677,1,1,41.2673,-18.3896,-21.4204,0.170062,-0.0626815,-0.0730119

orb:1,1,0.415913,1.01165,5.4551,0,0,-2.96456ptc:421.748,0,1,-49.2185,5.95508,-6.48655,-0.193096,0.0202302,-0.0220357
421.748,1,1,49.2185,-5.95508,6.48655,0.193096,-0.0202302,0.0220357

orb:1,1,1.11247,1.03087,5.7414,0,0,-2.85517ptc:423.444,0,1,-47.963,12.1033,-7.28446,-0.189409,0.0411352,-0.0247575
423.444,1,1,47.963,-12.1033,7.28446,0.189409,-0.0411352,0.0247575

orb:1,1,1.56181,1.04308,0.0405344,0,0,-2.8045ptc:424.5,0,1,-47.1861,16.5235,0.670135,-0.187136,0.0561745,0.00227825
424.5,1,1,47.1861,-16.5235,-0.670135,0.187136,-0.0561745,-0.00227825

orb:1,1,1.11856,1.03104,1.25852,0,0,-2.85441ptc:423.459,0,1,-47.9523,4.35109,13.4777,-0.189377,0.014788,0.0458066
423.459,1,1,47.9523,-4.35109,-13.4777,0.189377,-0.014788,-0.0458066

orb:1,1,4.78786,1.12688,2.8445,0,0,-2.57721ptc:431.31,0,1,-42.246,-25.573,7.82912,-0.172854,-0.0871246,0.0266731
431.31,1,1,42.246,25.573,-7.82912,0.172854,0.0871246,-0.0266731

orb:1,1,4.02791,1.10771,3.69939,0,0,-2.61875ptc:429.817,0,1,-43.3201,-21.1828,-13.2158,-0.175933,-0.0721318,-0.0450024
429.817,1,1,43.3201,21.1828,13.2158,0.175933,0.0721318,0.0450024

orb:1,1,4.92515,1.1303,0.706095,0,0,-2.57019ptc:431.574,0,1,-42.0572,20.5752,17.5458,-0.172314,0.0701041,0.0597822
431.574,1,1,42.0572,-20.5752,-17.5458,0.172314,-0.0701041,-0.0597822

orb:1,1,3.21568,1.08685,2.41905,0,0,-2.66925ptc:428.149,0,1,-44.5252,-17.0644,15.0437,-0.179406,-0.0580767,0.0511994
428.149,1,1,44.5252,17.0644,-15.0437,0.179406,0.0580767,-0.0511994

orb:1,1,4.07753,1.10897,2.68741,0,0,-2.61588ptc:429.916,0,1,-43.2484,-22.5475,11.0082,-0.175727,-0.0767814,0.0374865
429.916,1,1,43.2484,22.5475,-11.0082,0.175727,0.0767814,-0.0374865

orb:1,1,1.66659,1.04591,4.60104,0,0,-2.79392ptc:424.742,0,1,-47.0085,-1.89295,-16.9299,-0.186618,-0.00643587,-0.0575602
424.742,1,1,47.0085,1.89295,16.9299,0.186618,0.00643587,0.0575602

orb:1,1,0.417652,1.0117,1.96437,0,0,-2.96419ptc:421.752,0,1,-49.2153,-3.38373,8.14895,-0.193086,-0.011495,0.0276831
421.752,1,1,49.2153,3.38373,-8.14895,0.193086,0.011495,-0.0276831

orb:1,1,1.87994,1.05164,1.51751,0,0,-2.7735ptc:425.23,0,1,-46.6508,0.958179,17.9663,-0.185574,0.00325818,0.0610925
425.23,1,1,46.6508,-0.958179,-17.9663,0.185574,-0.00325818,-0.0610925

orb:1,1,4.64748,1.12336,1.24479,0,0,-2.58454ptc:431.039,0,1,-42.4407,8.46595,25.0422,-0.173411,0.02884,0.0853084
431.039,1,1,42.4407,-8.46595,-25.0422,0.173411,-0.02884,-0.0853084

orb:1,1,1.37112,1.03792,5.16156,0,0,-2.82485ptc:424.056,0,1,-47.5127,6.76237,-14.0289,-0.188091,0.022987,-0.0476877
424.056,1,1,47.5127,-6.76237,14.0289,0.188091,-0.022987,0.0476877

orb:1,1,2.82766,1.07674,3.23485,0,0,-2.69626ptc:427.325,0,1,-45.1234,-21.4443,-2.00563,-0.181136,-0.0729646,-0.00682418
427.325,1,1,45.1234,21.4443,2.00563,0.181136,0.0729646,0.00682418

orb:1,1,1.64274,1.04527,0.793374,0,0,-2.7963ptc:424.687,0,1,-47.0488,11.8711,12.062,-0.186735,0.04036,0.041009
424.687,1,1,47.0488,-11.8711,-12.062,0.186735,-0.04036,-0.041009

orb:1,1,0.816022,1.02274,3.39038,0,0,-2.89516ptc:422.731,0,1,-48.4895,-11.8217,-3.00337,-0.190953,-0.0401704,-0.0102055
422.731,1,1,48.4895,11.8217,3.00337,0.190953,0.0401704,0.0102055

orb:1,1,0.251448,1.00706,2.28963,0,0,-3.00358ptc:421.336,0,1,-49.5246,-4.52963,5.17672,-0.193997,-0.0153861,0.0175841
421.336,1,1,49.5246,4.52963,-5.17672,0.193997,0.0153861,-0.0175841

orb:1,1,2.93009,1.07942,0.207038,0,0,-2.68892ptc:427.544,0,1,-44.964,21.4017,4.49536,-0.180675,0.0728243,0.0152966
427.544,1,1,44.964,-21.4017,-4.49536,0.180675,-0.0728243,-0.0152966

orb:1,1,3.33928,1.09005,0.966391,0,0,-2.66107ptc:428.408,0,1,-44.3378,13.1339,19.0174,-0.178865,0.0447032,0.0647287
428.408,1,1,44.3378,-13.1339,-19.0174,0.178865,-0.0447032,-0.0647287

orb:1,1,1.6862,1.04644,0.216442,0,0,-2.79199ptc:424.787,0,1,-46.9754,16.7269,3.67801,-0.186521,0.0568707,0.0125051
424.787,1,1,46.9754,-16.7269,-3.67801,0.186521,-0.0568707,-0.0125051

orb:1,1,4.9659,1.13132,3.78193,0,0,-2.56813ptc:431.651,0,1,-42.0014,-21.7531,-16.2074,-0.172155,-0.0741196,-0.0552237
431.651,1,1,42.0014,21.7531,16.2074,0.172155,0.0741196,0.0552237

orb:1,1,1.17477,1.03258,1.68794,0,0,-2.84753ptc:423.593,0,1,-47.8538,-1.69374,14.3927,-0.189089,-0.00575673,0.0489181
423.593,1,1,47.8538,1.69374,-14.3927,0.189089,0.00575673,-0.0489181

orb:1,1,0.493909,1.01382,6.18123,0,0,-2.94891ptc:421.941,0,1,-49.0747,9.52505,-0.97446,-0.192672,0.0323595,-0.00331054
421.941,1,1,49.0747,-9.52505,0.97446,0.192672,-0.0323595,0.00331054

orb:1,1,5.21778,1.13758,4.84943,0,0,-2.55565ptc:432.128,0,1,-41.6597,3.77727,-27.3898,-0.17118,0.0128724,-0.0933409
432.128,1,1,41.6597,-3.77727,27.3898,0.17118,-0.0128724,0.0933409

orb:1,1,4.76696,1.12635,2.66711,0,0,-2.57829ptc:431.27,0,1,-42.2749,-23.7495,12.1981,-0.172937,-0.080911,0.0415572
431.27,1,1,42.2749,23.7495,-12.1981,0.172937,0.080911,-0.0415572

orb:1,1,2.94126,1.07971,5.60624,0,0,-2.68812ptc:427.568,0,1,-44.9467,17.0742,-13.7212,-0.180625,0.0580994,-0.0466899
427.568,1,1,44.9467,-17.0742,13.7212,0.180625,-0.0580994,0.0466899

orb:1,1,1.72396,1.04746,2.82908,0,0,-2.78829ptc:424.874,0,1,-46.9118,-16.462,5.31892,-0.186335,-0.0559714,0.0180846
424.874,1,1,46.9118,16.462,-5.31892,0.186335,0.0559714,-0.0180846

orb:1,1,3.92367,1.10505,3.08391,0,0,-2.62484ptc:429.607,0,1,-43.4713,-24.662,1.42415,-0.176368,-0.0839733,0.00484919
429.607,1,1,43.4713,24.662,-1.42415,0.176368,0.0839733,-0.00484919

orb:1,1,0.73504,1.0205,4.01456,0,0,-2.90741ptc:422.534,0,1,-48.6353,-7.45505,-8.89002,-0.191381,-0.0253311,-0.0302069
422.534,1,1,48.6353,7.45505,8.89002,0.191381,0.0253311,0.0302069

orb:1,1,3.07591,1.08322,4.53967,0,0,-2.67873ptc:427.854,0,1,-44.7389,-3.83684,-21.9933,-0.180024,-0.013057,-0.0748448
427.854,1,1,44.7389,3.83684,21.9933,0.180024,0.013057,0.0748448

orb:1,1,2.61717,1.07122,5.29106,0,0,-2.71188ptc:426.87,0,1,-45.4543,11.3924,-17.4391,-0.182095,0.0387573,-0.0593286
426.87,1,1,45.4543,-11.3924,17.4391,0.182095,-0.0387573,0.0593286

orb:1,1,1.6621,1.04579,3.44493,0,0,-2.79437ptc:424.732,0,1,-47.0161,-16.2376,-5.08236,-0.18664,-0.0552064,-0.0172795
424.732,1,1,47.0161,16.2376,5.08236,0.18664,0.0552064,0.0172795

orb:1,1,0.0500584,1.00141,1.57695,0,0,-3.07982ptc:420.825,0,1,-49.9046,-0.0189958,3.08682,-0.195117,-6.45156e-05,0.0104838
420.825,1,1,49.9046,0.0189958,-3.08682,0.195117,6.45156e-05,-0.0104838

orb:1,1,1.79713,1.04942,4.13517,0,0,-2.78126ptc:425.042,0,1,-46.789,-9.62017,-14.7731,-0.185977,-0.0327106,-0.0502315
425.042,1,1,46.789,9.62017,14.7731,0.185977,0.0327106,0.0502315

orb:1,1,4.00392,1.1071,3.09029,0,0,-2.62014ptc:429.769,0,1,-43.3548,-24.8743,1.27729,-0.176033,-0.0847005,0.00434936
429.769,1,1,43.3548,24.8743,-1.27729,0.176033,0.0847005,-0.00434936

orb:1,1,5.10202,1.13471,4.82103,0,0,-2.56134ptc:431.91,0,1,-41.8161,2.9721,-27.2503,-0.171626,0.0101277,-0.0928584
431.91,1,1,41.8161,-2.9721,27.2503,0.171626,-0.0101277,0.0928584

orb:1,1,1.92296,1.0528,1.6155,0,0,-2.76955ptc:425.328,0,1,-46.5793,-0.81223,18.1579,-0.185366,-0.00276198,0.0617459
425.328,1,1,46.5793,0.81223,-18.1579,0.185366,0.00276198,-0.0617459

orb:1,1,1.20531,1.03341,2.88958,0,0,-2.84387ptc:423.665,0,1,-47.8004,-14.2037,3.65724,-0.188933,-0.0482769,0.0124306
423.665,1,1,47.8004,14.2037,-3.65724,0.188933,0.0482769,-0.0124306

orb:1,1,5.09747,1.13459,5.23173,0,0,-2.56156ptc:431.901,0,1,-41.8223,13.6002,-23.7893,-0.171644,0.0463439,-0.0810645
431.901,1,1,41.8223,-13.6002,23.7893,0.171644,-0.0463439,0.0810645

orb:1,1,2.49379,1.06797,0.987388,0,0,-2.72139ptc:426.6,0,1,-45.6504,11.2362,17.0232,-0.182664,0.0382229,0.0579091
426.6,1,1,45.6504,-11.2362,-17.0232,0.182664,-0.0382229,-0.0579091

orb:1,1,3.37763,1.09104,5.97794,0,0,-2.65858ptc:428.488,0,1,-44.2799,22.149,-6.9791,-0.178698,0.0753896,-0.023755
428.488,1,1,44.2799,-22.149,6.9791,0.178698,-0.0753896,0.023755

orb:1,1,3.83043,1.10267,0.185547,0,0,-2.63037ptc:429.418,0,1,-43.6075,24.0421,4.51284,-0.17676,0.0818575,0.0153651
429.418,1,1,43.6075,-24.0421,-4.51284,0.17676,-0.0818575,-0.0153651

orb:1,1,0.58592,1.01638,0.0814657,0,0,-2.93203ptc:422.169,0,1,-48.9061,10.3672,0.846446,-0.192177,0.0352227,0.00287581
422.169,1,1,48.9061,-10.3672,-0.846446,0.192177,-0.0352227,-0.00287581

orb:1,1,4.93314,1.1305,3.76288,0,0,-2.56979ptc:431.589,0,1,-42.0462,-22.0013,-15.7498,-0.172283,-0.0749635,-0.0536631
431.589,1,1,42.0462,22.0013,15.7498,0.172283,0.0749635,0.0536631

orb:1,1,2.38336,1.06505,2.71736,0,0,-2.73015ptc:426.358,0,1,-45.8273,-18.2239,8.23102,-0.183178,-0.0619889,0.027998
426.358,1,1,45.8273,18.2239,-8.23102,0.183178,0.0619889,-0.027998

orb:1,1,2.95164,1.07998,5.65798,0,0,-2.68739ptc:427.59,0,1,-44.9306,17.7876,-12.8391,-0.180578,0.0605275,-0.0436888
427.59,1,1,44.9306,-17.7876,12.8391,0.180578,-0.0605275,0.0436888

orb:1,1,4.84955,1.12842,0.430861,0,0,-2.57404ptc:431.429,0,1,-42.161,24.422,11.2259,-0.172611,0.0832066,0.038247
431.429,1,1,42.161,-24.422,-11.2259,0.172611,-0.0832066,-0.038247

orb:1,1,4.19857,1.11204,1.40115,0,0,-2.60899ptc:430.158,0,1,-43.0745,4.28634,25.0242,-0.175228,0.0145975,0.0852219
430.158,1,1,43.0745,-4.28634,-25.0242,0.175228,-0.0145975,-0.0852219

orb:1,1,5.27665,1.13903,3.8711,0,0,-2.5528ptc:432.239,0,1,-41.5805,-20.7011,-18.5074,-0.170954,-0.0705495,-0.0630731
432.239,1,1,41.5805,20.7011,18.5074,0.170954,0.0705495,0.0630731

orb:1,1,2.54771,1.06939,2.28065,0,0,-2.7172ptc:426.718,0,1,-45.5645,-13.4179,15.6154,-0.182415,-0.045646,0.0531216
426.718,1,1,45.5645,13.4179,-15.6154,0.182415,0.045646,-0.0531216

orb:1,1,5.20534,1.13727,4.11196,0,0,-2.55626ptc:432.105,0,1,-41.6764,-15.6074,-22.7922,-0.171228,-0.0531875,-0.0776721
432.105,1,1,41.6764,15.6074,22.7922,0.171228,0.0531875,0.0776721

orb:1,1,1.84252,1.05064,2.17204,0,0,-2.77698ptc:425.145,0,1,-46.7131,-10.0854,14.7027,-0.185756,-0.0342936,0.0499937
425.145,1,1,46.7131,10.0854,-14.7027,0.185756,0.0342936,-0.0499937

orb:1,1,2.90408,1.07874,0.792642,0,0,-2.69077ptc:427.489,0,1,-45.0043,15.2927,15.5159,-0.180792,0.0520362,0.0527955
427.489,1,1,45.0043,-15.2927,-15.5159,0.180792,-0.0520362,-0.0527955

orb:1,1,4.79638,1.12709,3.46016,0,0,-2.57677ptc:431.327,0,1,-42.2343,-25.4165,-8.3825,-0.172821,-0.0865921,-0.0285585
431.327,1,1,42.2343,25.4165,8.3825,0.172821,0.0865921,0.0285585

orb:1,1,2.23088,1.06101,1.18488,0,0,-2.74266ptc:426.02,0,1,-46.0737,7.31055,17.9935,-0.183894,0.0248645,0.0611991
426.02,1,1,46.0737,-7.31055,-17.9935,0.183894,-0.0248645,-0.0611991

orb:1,1,4.71096,1.12495,1.15036,0,0,-2.58121ptc:431.162,0,1,-42.3525,10.8471,24.2612,-0.173159,0.0369533,0.0826514
431.162,1,1,42.3525,-10.8471,-24.2612,0.173159,-0.0369533,-0.0826514

orb:1,1,5.42771,1.14277,3.46517,0,0,-2.54557ptc:432.521,0,1,-41.3787,-26.6113,-8.92433,-0.170379,-0.0907003,-0.0304172
432.521,1,1,41.3787,26.6113,8.92433,0.170379,0.0907003,0.0304172

orb:1,1,2.74592,1.0746,0.621901,0,0,-2.70224ptc:427.149,0,1,-45.2513,17.2859,12.3902,-0.181507,0.0588122,0.0421555
427.149,1,1,45.2513,-17.2859,-12.3902,0.181507,-0.0588122,-0.0421555

orb:1,1,0.667956,1.01865,5.15243,0,0,-2.91812ptc:422.37,0,1,-48.7567,4.72008,-10.0251,-0.191738,0.0160374,-0.0340621
422.37,1,1,48.7567,-4.72008,10.0251,0.191738,-0.0160374,0.0340621

orb:1,1,0.514198,1.01439,0.151284,0,0,-2.94505ptc:421.992,0,1,-49.0374,9.65237,1.47149,-0.192563,0.0327925,0.00499918
421.992,1,1,49.0374,-9.65237,-1.47149,0.192563,-0.0327925,-0.00499918

orb:1,1,3.80103,1.10192,4.3478,0,0,-2.63214ptc:429.359,0,1,-43.6505,-8.69487,-22.7822,-0.176884,-0.0296033,-0.0775664
429.359,1,1,43.6505,8.69487,22.7822,0.176884,0.0296033,0.0775664

orb:1,1,5.61418,1.14736,3.98629,0,0,-2.53683ptc:432.866,0,1,-41.1319,-18.8752,-21.2578,-0.169677,-0.0643409,-0.0724627
432.866,1,1,41.1319,18.8752,21.2578,0.169677,0.0643409,0.0724627

orb:1,1,0.329257,1.00924,0.957256,0,0,-2.98386ptc:421.531,0,1,-49.3793,4.52204,6.4215,-0.193569,0.0153611,0.0218134
421.531,1,1,49.3793,-4.52204,-6.4215,0.193569,-0.0153611,-0.0218134

orb:1,1,3.60989,1.09702,2.26459,0,0,-2.64383ptc:428.968,0,1,-43.9326,-15.2659,18.3543,-0.177696,-0.0519691,0.0624828
428.968,1,1,43.9326,15.2659,-18.3543,0.177696,0.0519691,-0.0624828

orb:1,1,1.60548,1.04426,2.27791,0,0,-2.80005ptc:424.601,0,1,-47.1119,-10.8797,12.7319,-0.18692,-0.0369887,0.0432856
424.601,1,1,47.1119,10.8797,-12.7319,0.18692,0.0369887,-0.0432856

orb:1,1,1.43877,1.03976,2.14918,0,0,-2.81746ptc:424.214,0,1,-47.3963,-8.70546,13.3342,-0.187751,-0.0295934,0.0453285
424.214,1,1,47.3963,8.70546,-13.3342,0.187751,0.0295934,-0.0453285

orb:1,1,0.732781,1.02044,3.00984,0,0,-2.90777ptc:422.529,0,1,-48.6394,-11.4846,1.52196,-0.191393,-0.0390229,0.00517138
422.529,1,1,48.6394,11.4846,-1.52196,0.191393,0.0390229,-0.00517138

orb:1,1,0.397783,1.01115,3.30402,0,0,-2.96841ptc:421.702,0,1,-49.2521,-8.50254,-1.3933,-0.193194,-0.0288839,-0.00473317
421.702,1,1,49.2521,8.50254,1.3933,0.193194,0.0288839,0.00473317

orb:1,1,4.82494,1.1278,1.19601,0,0,-2.5753ptc:431.382,0,1,-42.1949,9.82006,24.9631,-0.172708,0.0334568,0.0850491
431.382,1,1,42.1949,-9.82006,-24.9631,0.172708,-0.0334568,-0.0850491

orb:1,1,5.51448,1.1449,0.90868,0,0,-2.54148ptc:432.682,0,1,-41.2635,17.3597,22.2702,-0.170051,0.0591711,0.0759089
432.682,1,1,41.2635,-17.3597,-22.2702,0.170051,-0.0591711,-0.0759089

orb:1,1,1.3167,1.03644,4.87744,0,0,-2.83095ptc:423.928,0,1,-47.6068,2.51116,-15.0761,-0.188366,0.00853579,-0.0512456
423.928,1,1,47.6068,-2.51116,15.0761,0.188366,-0.00853579,0.0512456

orb:1,1,4.02198,1.10756,5.84281,0,0,-2.61909ptc:429.805,0,1,-43.3287,22.5719,-10.6366,-0.175958,0.0768614,-0.0362197
429.805,1,1,43.3287,-22.5719,10.6366,0.175958,-0.0768614,0.0362197

orb:1,1,0.806716,1.02248,6.10652,0,0,-2.89654ptc:422.709,0,1,-48.5062,11.9418,-2.13192,-0.191002,0.0405782,-0.00724426
422.709,1,1,48.5062,-11.9418,2.13192,0.191002,-0.0405782,0.00724426

orb:1,1,5.33506,1.14048,2.14387,0,0,-2.54999ptc:432.348,0,1,-41.5023,-15.1196,23.4298,-0.170731,-0.0515297,0.079852
432.348,1,1,41.5023,15.1196,-23.4298,0.170731,0.0515297,-0.079852

orb:1,1,4.37606,1.11653,3.68815,0,0,-2.59913ptc:430.509,0,1,-42.8219,-22.0521,-13.4161,-0.174503,-0.0751088,-0.045695
430.509,1,1,42.8219,22.0521,13.4161,0.174503,0.0751088,0.045695

orb:1,1,3.07759,1.08326,4.66956,0,0,-2.67862ptc:427.858,0,1,-44.7363,-0.956105,-22.3102,-0.180016,-0.00325369,-0.0759232
427.858,1,1,44.7363,0.956105,22.3102,0.180016,0.00325369,0.0759232

orb:1,1,5.40236,1.14214,4.65986,0,0,-2.54677ptc:432.474,0,1,-41.4124,-1.47121,-27.9794,-0.170475,-0.00501429,-0.0953616
432.474,1,1,41.4124,1.47121,27.9794,0.170475,0.00501429,0.0953616

orb:1,1,2.31574,1.06326,4.70633,0,0,-2.73564ptc:426.208,0,1,-45.9363,-0.119539,-19.7445,-0.183495,-0.000406594,-0.0671582
426.208,1,1,45.9363,0.119539,19.7445,0.183495,0.000406594,0.0671582

orb:1,1,1.371,1.03792,1.90838,0,0,-2.82486ptc:424.055,0,1,-47.513,-5.15788,14.6941,-0.188092,-0.017533,0.0499489
424.055,1,1,47.513,5.15788,-14.6941,0.188092,0.017533,-0.0499489

orb:1,1,2.5349,1.06905,4.03796,0,0,-2.71819ptc:426.69,0,1,-45.5849,-12.8282,-16.0455,-0.182474,-0.0436398,-0.0545845
426.69,1,1,45.5849,12.8282,16.0455,0.182474,0.0436398,0.0545845

orb:1,1,2.80707,1.0762,3.3025,0,0,-2.69776ptc:427.28,0,1,-45.1555,-21.193,-3.43995,-0.181229,-0.0721086,-0.0117043
427.28,1,1,45.1555,21.193,3.43995,0.181229,0.0721086,0.0117043

orb:1,1,4.36542,1.11626,0.778154,0,0,-2.59971ptc:430.488,0,1,-42.837,18.3661,18.1019,-0.174546,0.0625542,0.0616544
430.488,1,1,42.837,-18.3661,-18.1019,0.174546,-0.0625542,-0.0616544

orb:1,1,2.3192,1.06335,0.876169,0,0,-2.73535ptc:426.216,0,1,-45.9307,12.647,15.1798,-0.183479,0.0430171,0.0516322
426.216,1,1,45.9307,-12.647,-15.1798,0.183479,-0.0430171,-0.0516322

orb:1,1,5.42219,1.14263,5.66407,0,0,-2.54583ptc:432.511,0,1,-41.386,22.8495,-16.2818,-0.1704,0.0778785,-0.0554938
432.511,1,1,41.386,-22.8495,16.2818,0.1704,-0.0778785,0.0554938

orb:1,1,1.4577,1.04027,6.17664,0,0,-2.81543ptc:424.258,0,1,-47.3639,15.9299,-1.70363,-0.187656,0.0541528,-0.00579139
424.258,1,1,47.3639,-15.9299,1.70363,0.187656,-0.0541528,0.00579139

orb:1,1,3.64364,1.09789,0.246658,0,0,-2.64174ptc:429.037,0,1,-43.8826,23.2397,5.8514,-0.177552,0.0791157,0.0199201
429.037,1,1,43.8826,-23.2397,-5.8514,0.177552,-0.0791157,-0.0199201

orb:1,1,4.02476,1.10763,1.16418,0,0,-2.61893ptc:429.811,0,1,-43.3246,9.87146,22.9244,-0.175946,0.0336142,0.0780621
429.811,1,1,43.3246,-9.87146,-22.9244,0.175946,-0.0336142,-0.0780621

orb:1,1,3.37532,1.09098,2.10758,0,0,-2.65873ptc:428.483,0,1,-44.2834,-11.8721,19.9507,-0.178708,-0.0404095,0.067907
428.483,1,1,44.2834,11.8721,-19.9507,0.178708,0.0404095,-0.067907

orb:1,1,2.4654,1.06722,1.09097,0,0,-2.72362ptc:426.538,0,1,-45.6957,9.36883,18.0035,-0.182796,0.0318699,0.0612424
426.538,1,1,45.6957,-9.36883,-18.0035,0.182796,-0.0318699,-0.0612424

orb:1,1,1.83895,1.05055,0.870465,0,0,-2.77732ptc:425.137,0,1,-46.7191,11.4804,13.6209,-0.185773,0.0390369,0.046315
425.137,1,1,46.7191,-11.4804,-13.6209,0.185773,-0.0390369,-0.046315

orb:1,1,5.19529,1.13702,2.3657,0,0,-2.55675ptc:432.086,0,1,-41.69,-19.7031,19.3321,-0.171266,-0.0671447,0.0658803
432.086,1,1,41.69,19.7031,-19.3321,0.171266,0.0671447,-0.0658803

orb:1,1,0.863877,1.02406,4.16465,0,0,-2.88823ptc:422.847,0,1,-48.4037,-6.52675,-10.6997,-0.190701,-0.0221787,-0.036359
422.847,1,1,48.4037,6.52675,10.6997,0.190701,0.0221787,0.036359

orb:1,1,2.89583,1.07852,4.99436,0,0,-2.69135ptc:427.471,0,1,-45.0172,6.05446,-20.8997,-0.180829,0.0206013,-0.0711146
427.471,1,1,45.0172,-6.05446,20.8997,0.180829,-0.0206013,0.0711146

orb:1,1,1.61966,1.04465,1.82824,0,0,-2.79861ptc:424.634,0,1,-47.0879,-4.28117,16.2605,-0.186849,-0.0145552,0.0552827
424.634,1,1,47.0879,4.28117,-16.2605,0.186849,0.0145552,-0.0552827

orb:1,1,3.90525,1.10458,1.21235,0,0,-2.62592ptc:429.57,0,1,-43.4982,8.64964,23.0888,-0.176445,0.0294514,0.0786157
429.57,1,1,43.4982,-8.64964,-23.0888,0.176445,-0.0294514,-0.0786157

orb:1,1,1.90216,1.05224,4.59244,0,0,-2.77145ptc:425.281,0,1,-46.6138,-2.16433,-17.9573,-0.185467,-0.00735968,-0.0610629
425.281,1,1,46.6138,2.16433,17.9573,0.185467,0.00735968,0.0610629

orb:1,1,4.85596,1.12858,3.0474,0,0,-2.57371ptc:431.441,0,1,-42.1522,-26.7731,2.5293,-0.172586,-0.0912174,0.00861747
431.441,1,1,42.1522,26.7731,-2.5293,0.172586,0.0912174,-0.00861747

orb:1,1,1.72803,1.04757,1.86233,0,0,-2.78789ptc:424.884,0,1,-46.9049,-4.97773,16.5877,-0.186315,-0.0169246,0.0563991
424.884,1,1,46.9049,4.97773,-16.5877,0.186315,0.0169246,-0.0563991

orb:1,1,4.81308,1.12751,3.62917,0,0,-2.57591ptc:431.359,0,1,-42.2112,-23.6765,-12.5553,-0.172755,-0.0806649,-0.0427754
431.359,1,1,42.2112,23.6765,12.5553,0.172755,0.0806649,0.0427754

orb:1,1,0.913723,1.02543,0.0843645,0,0,-2.88122ptc:422.968,0,1,-48.3147,12.8263,1.08466,-0.19044,0.043587,0.00368594
422.968,1,1,48.3147,-12.8263,-1.08466,0.19044,-0.043587,-0.00368594

orb:1,1,5.29778,1.13956,0.173412,0,0,-2.55178ptc:432.278,0,1,-41.5522,27.3932,4.7985,-0.170873,0.0933575,0.0163535
432.278,1,1,41.5522,-27.3932,-4.7985,0.170873,-0.0933575,-0.0163535

orb:1,1,2.68926,1.07311,1.9339,0,0,-2.70645ptc:427.026,0,1,-45.3404,-7.48614,19.7029,-0.181765,-0.0254694,0.0670333
427.026,1,1,45.3404,7.48614,-19.7029,0.181765,0.0254694,-0.0670333

orb:1,1,5.19868,1.1371,2.19453,0,0,-2.55659ptc:432.092,0,1,-41.6854,-16.1264,22.4113,-0.171253,-0.0549558,0.0763738
432.092,1,1,41.6854,16.1264,-22.4113,0.171253,0.0549558,-0.0763738

orb:1,1,3.98723,1.10667,1.6368,0,0,-2.62111ptc:429.735,0,1,-43.379,-1.63992,24.8107,-0.176103,-0.00558412,0.0844832
429.735,1,1,43.379,1.63992,-24.8107,0.176103,0.00558412,-0.0844832

orb:1,1,1.34119,1.03711,1.66653,0,0,-2.82818ptc:423.985,0,1,-47.5644,-1.47342,15.3446,-0.188242,-0.00500845,0.0521591
423.985,1,1,47.5644,1.47342,-15.3446,0.188242,0.00500845,-0.0521591

orb:1,1,4.38687,1.1168,5.65331,0,0,-2.59853ptc:430.53,0,1,-42.8066,20.8795,-15.2197,-0.174459,0.0711158,-0.0518384
430.53,1,1,42.8066,-20.8795,15.2197,0.174459,-0.0711158,0.0518384

orb:1,1,2.12628,1.05823,3.35699,0,0,-2.75153ptc:425.786,0,1,-46.2443,-18.5729,-4.06362,-0.184391,-0.0631654,-0.0138201
425.786,1,1,46.2443,18.5729,4.06362,0.184391,0.0631654,0.0138201

orb:1,1,2.95748,1.08013,6.17832,0,0,-2.68698ptc:427.603,0,1,-44.9215,21.8351,-2.29827,-0.180552,0.0743006,-0.00782055
427.603,1,1,44.9215,-21.8351,2.29827,0.180552,-0.0743006,0.00782055

orb:1,1,2.20583,1.06034,1.54014,0,0,-2.74476ptc:425.964,0,1,-46.1145,0.592349,19.3159,-0.184013,0.00201465,0.0656958
425.964,1,1,46.1145,-0.592349,-19.3159,0.184013,-0.00201465,-0.0656958

orb:1,1,3.16258,1.08547,2.76442,0,0,-2.67282ptc:428.037,0,1,-44.6062,-21.0018,8.31956,-0.17964,-0.0714746,0.0283136
428.037,1,1,44.6062,21.0018,-8.31956,0.17964,0.0714746,-0.0283136

orb:1,1,0.440017,1.01232,5.48679,0,0,-2.95957ptc:421.807,0,1,-49.174,6.32924,-6.47005,-0.192965,0.0215016,-0.0219799
421.807,1,1,49.174,-6.32924,6.47005,0.192965,-0.0215016,0.0219799

orb:1,1,4.3243,1.11522,1.17514,0,0,-2.60198ptc:430.407,0,1,-42.8953,9.90129,23.7056,-0.174714,0.0337225,0.0807382
430.407,1,1,42.8953,-9.90129,-23.7056,0.174714,-0.0337225,-0.0807382

orb:1,1,4.26959,1.11384,0.982295,0,0,-2.60501ptc:430.299,0,1,-42.9731,14.1887,21.2601,-0.174937,0.0483231,0.0724063
430.299,1,1,42.9731,-14.1887,-21.2601,0.174937,-0.0483231,-0.0724063

orb:1,1,1.51842,1.04191,3.92676,0,0,-2.809ptc:424.4,0,1,-47.26,-11.5459,-11.5405,-0.187352,-0.0392512,-0.0392328
424.4,1,1,47.26,11.5459,11.5405,0.187352,0.0392512,0.0392328

orb:1,1,0.458026,1.01283,5.72374,0,0,-2.95593ptc:421.852,0,1,-49.1407,7.82263,-4.89835,-0.192867,0.0265752,-0.0166408
421.852,1,1,49.1407,-7.82263,4.89835,0.192867,-0.0265752,0.0166408

orb:1,1,4.52953,1.1204,6.12498,0,0,-2.5908ptc:430.81,0,1,-42.6056,25.8412,-4.12258,-0.173883,0.0880234,-0.0140428
430.81,1,1,42.6056,-25.8412,4.12258,0.173883,-0.0880234,0.0140428

orb:1,1,4.23891,1.11306,0.670007,0,0,-2.60673ptc:430.238,0,1,-43.0169,19.9765,15.8267,-0.175063,0.0680335,0.0539006
430.238,1,1,43.0169,-19.9765,-15.8267,0.175063,-0.0680335,-0.0539006

orb:1,1,4.27345,1.11394,0.279284,0,0,-2.6048ptc:430.306,0,1,-42.9676,24.5785,7.04859,-0.174921,0.083708,0.0240057
430.306,1,1,42.9676,-24.5785,-7.04859,0.174921,-0.083708,-0.0240057

orb:1,1,4.44309,1.11822,1.18934,0,0,-2.59547ptc:430.641,0,1,-42.7272,9.66765,24.1024,-0.174232,0.0329293,0.0820958
430.641,1,1,42.7272,-9.66765,-24.1024,0.174232,-0.0329293,-0.0820958

orb:1,1,1.64994,1.04546,0.00233638,0,0,-2.79558ptc:424.704,0,1,-47.0366,16.9575,0.0396192,-0.1867,0.0576534,0.0001347
424.704,1,1,47.0366,-16.9575,-0.0396192,0.1867,-0.0576534,-0.0001347

orb:1,1,2.31165,1.06315,5.92668,0,0,-2.73597ptc:426.199,0,1,-45.9429,18.4889,-6.88558,-0.183514,0.0628875,-0.0234203
426.199,1,1,45.9429,-18.4889,6.88558,0.183514,-0.0628875,0.0234203

orb:1,1,1.48101,1.0409,4.3987,0,0,-2.81294ptc:424.313,0,1,-47.324,-4.97974,-15.3507,-0.187539,-0.0169287,-0.0521848
424.313,1,1,47.324,4.97974,15.3507,0.187539,0.0169287,0.0521848

orb:1,1,1.80294,1.04958,0.84154,0,0,-2.78071ptc:425.055,0,1,-46.7793,11.7638,13.1649,-0.185949,0.0399997,0.0447634
425.055,1,1,46.7793,-11.7638,-13.1649,0.185949,-0.0399997,-0.0447634

orb:1,1,1.6681,1.04595,5.80906,0,0,-2.79377ptc:424.746,0,1,-47.0059,15.1625,-7.78086,-0.18661,0.0515514,-0.0264543
424.746,1,1,47.0059,-15.1625,7.78086,0.18661,-0.0515514,0.0264543

orb:1,1,4.85703,1.12861,2.31067,0,0,-2.57366ptc:431.443,0,1,-42.1507,-18.1322,19.8631,-0.172582,-0.0617774,0.0676748
431.443,1,1,42.1507,18.1322,-19.8631,0.172582,0.0617774,-0.0676748

orb:1,1,5.34838,1.14081,4.20703,0,0,-2.54935ptc:432.373,0,1,-41.4845,-13.5125,-24.4224,-0.17068,-0.0460528,-0.0832353
432.373,1,1,41.4845,13.5125,24.4224,0.17068,0.0460528,0.0832353

orb:1,1,3.68954,1.09907,2.67712,0,0,-2.63891ptc:429.131,0,1,-43.8146,-21.5369,10.7908,-0.177356,-0.0733209,0.0367365
429.131,1,1,43.8146,21.5369,-10.7908,0.177356,0.0733209,-0.0367365

orb:1,1,0.7313,1.0204,3.34664,0,0,-2.908ptc:422.525,0,1,-48.642,-11.3314,-2.35653,-0.191401,-0.0385021,-0.0080071
422.525,1,1,48.642,11.3314,2.35653,0.191401,0.0385021,0.0080071

orb:1,1,3.03031,1.08203,4.11986,0,0,-2.68188ptc:427.758,0,1,-44.8091,-12.3892,-18.4026,-0.180227,-0.0421599,-0.0626234
427.758,1,1,44.8091,12.3892,18.4026,0.180227,0.0421599,0.0626234

orb:1,1,1.64326,1.04528,5.37441,0,0,-2.79625ptc:424.689,0,1,-47.0479,10.4047,-13.3506,-0.186733,0.0353746,-0.0453901
424.689,1,1,47.0479,-10.4047,13.3506,0.186733,-0.0353746,0.0453901

orb:1,1,1.98112,1.05435,0.0244422,0,0,-2.76428ptc:425.46,0,1,-46.483,18.4155,0.450204,-0.185085,0.062624,0.00153097
425.46,1,1,46.483,-18.4155,-0.450204,0.185085,-0.062624,-0.00153097

orb:1,1,0.387625,1.01086,5.36144,0,0,-2.97061ptc:421.677,0,1,-49.2709,5.14227,-6.77769,-0.19325,0.0174686,-0.0230243
421.677,1,1,49.2709,-5.14227,6.77769,0.19325,-0.0174686,0.0230243

orb:1,1,5.281,1.13914,0.172255,0,0,-2.55259ptc:432.247,0,1,-41.5747,27.3656,4.76106,-0.170937,0.0932623,0.0162257
432.247,1,1,41.5747,-27.3656,-4.76106,0.170937,-0.0932623,-0.0162257

orb:1,1,3.04358,1.08238,0.235052,0,0,-2.68096ptc:427.786,0,1,-44.7886,21.6144,5.1762,-0.180167,0.0735538,0.0176146
427.786,1,1,44.7886,-21.6144,-5.1762,0.180167,-0.0735538,-0.0176146

orb:1,1,2.7902,1.07576,5.39633,0,0,-2.69899ptc:427.244,0,1,-45.1819,13.531,-16.5983,-0.181306,0.0460384,-0.0564747
427.244,1,1,45.1819,-13.531,16.5983,0.181306,-0.0460384,0.0564747

orb:1,1,5.44047,1.14308,2.64611,0,0,-2.54496ptc:432.545,0,1,-41.3617,-24.7144,13.357,-0.170331,-0.0842357,0.0455254
432.545,1,1,41.3617,24.7144,-13.357,0.170331,0.0842357,-0.0455254

orb:1,1,2.43228,1.06634,1.20154,0,0,-2.72624ptc:426.465,0,1,-45.7488,7.28174,18.8156,-0.18295,0.0247698,0.0640036
426.465,1,1,45.7488,-7.28174,-18.8156,0.18295,-0.0247698,-0.0640036

orb:1,1,5.56488,1.14614,0.829819,0,0,-2.53912ptc:432.775,0,1,-41.1969,19.1257,20.9051,-0.169861,0.0651928,0.0712581
432.775,1,1,41.1969,-19.1257,-20.9051,0.169861,-0.0651928,-0.0712581

orb:1,1,5.28392,1.13921,1.27684,0,0,-2.55245ptc:432.252,0,1,-41.5708,8.04973,26.5908,-0.170926,0.0274336,0.090622
432.252,1,1,41.5708,-8.04973,-26.5908,0.170926,-0.0274336,-0.090622

orb:1,1,4.9946,1.13203,1.40072,0,0,-2.56669ptc:431.706,0,1,-41.9622,4.60163,26.7955,-0.172043,0.0156794,0.091302
431.706,1,1,41.9622,-4.60163,-26.7955,0.172043,-0.0156794,-0.091302

orb:1,1,1.15423,1.03201,5.68401,0,0,-2.85003ptc:423.544,0,1,-47.8897,11.869,-8.1057,-0.189194,0.0403399,-0.0275495
423.544,1,1,47.8897,-11.869,8.1057,0.189194,-0.0403399,0.0275495

orb:1,1,4.5324,1.12047,4.13734,0,0,-2.59065ptc:430.815,0,1,-42.6016,-14.2358,-21.9647,-0.173872,-0.0484917,-0.074819
430.815,1,1,42.6016,14.2358,21.9647,0.173872,0.0484917,0.074819

orb:1,1,2.71301,1.07374,3.29282,0,0,-2.70468ptc:427.078,0,1,-45.303,-20.9159,-3.18742,-0.181657,-0.0711613,-0.0108444
427.078,1,1,45.303,20.9159,3.18742,0.181657,0.0711613,0.0108444

orb:1,1,4.2885,1.11432,1.79338,0,0,-2.60396ptc:430.336,0,1,-42.9462,-5.65241,24.9735,-0.17486,-0.0192509,0.0850542
430.336,1,1,42.9462,5.65241,-24.9735,0.17486,0.0192509,-0.0850542

orb:1,1,2.44119,1.06658,1.78237,0,0,-2.72554ptc:426.485,0,1,-45.7345,-4.24352,19.7573,-0.182909,-0.014435,0.0672072
426.485,1,1,45.7345,4.24352,-19.7573,0.182909,0.014435,-0.0672072

orb:1,1,2.12657,1.05823,2.98666,0,0,-2.75151ptc:425.787,0,1,-46.2438,-18.7857,2.93404,-0.184389,-0.0638891,0.00997852
425.787,1,1,46.2438,18.7857,-2.93404,0.184389,0.0638891,-0.00997852

orb:1,1,2.9918,1.08103,3.39962,0,0,-2.68457ptc:427.676,0,1,-44.8685,-21.3335,-5.63019,-0.180398,-0.0725954,-0.0191588
427.676,1,1,44.8685,21.3335,5.63019,0.180398,0.0725954,0.0191588

orb:1,1,4.74398,1.12578,4.48362,0,0,-2.57949ptc:431.226,0,1,-42.3067,-6.04328,-25.9542,-0.173028,-0.0205883,-0.0884209
431.226,1,1,42.3067,6.04328,25.9542,0.173028,0.0205883,0.0884209

orb:1,1,4.05221,1.10833,5.42884,0,0,-2.61734ptc:429.866,0,1,-43.285,16.4363,-18.8748,-0.175832,0.0559699,-0.0642734
429.866,1,1,43.285,-16.4363,18.8748,0.175832,-0.0559699,0.0642734

orb:1,1,5.54212,1.14558,2.61838,0,0,-2.54018ptc:432.733,0,1,-41.227,-24.5055,14.1357,-0.169947,-0.0835293,0.048183
432.733,1,1,41.227,24.5055,-14.1357,0.169947,0.0835293,-0.048183

orb:1,1,3.26503,1.08813,1.56292,0,0,-2.66596ptc:428.253,0,1,-44.4502,0.180413,22.8943,-0.179189,0.000614033,0.0779204
428.253,1,1,44.4502,-0.180413,-22.8943,0.179189,-0.000614033,-0.0779204

orb:1,1,1.41619,1.03914,1.63781,0,0,-2.8199ptc:424.161,0,1,-47.4351,-1.05861,15.773,-0.187864,-0.00359861,0.0536179
424.161,1,1,47.4351,1.05861,-15.773,0.187864,0.00359861,-0.0536179

orb:1,1,1.42644,1.03942,4.6835,0,0,-2.81879ptc:424.185,0,1,-47.4175,-0.458111,-15.8546,-0.187813,-0.0015573,-0.0538958
424.185,1,1,47.4175,0.458111,15.8546,0.187813,0.0015573,0.0538958

orb:1,1,3.93175,1.10526,0.120847,0,0,-2.62436ptc:429.623,0,1,-43.4596,24.5435,2.98053,-0.176334,0.0835701,0.0101486
429.623,1,1,43.4596,-24.5435,-2.98053,0.176334,-0.0835701,-0.0101486

orb:1,1,0.136681,1.00384,2.8585,0,0,-3.03965ptc:421.046,0,1,-49.7404,-4.88559,1.42123,-0.194633,-0.0165939,0.00482724
421.046,1,1,49.7404,4.88559,-1.42123,0.194633,0.0165939,-0.00482724

orb:1,1,2.645,1.07195,3.4974,0,0,-2.70977ptc:426.93,0,1,-45.4102,-19.6155,-7.28971,-0.181968,-0.0667341,-0.0248003
426.93,1,1,45.4102,19.6155,7.28971,0.181968,0.0667341,0.0248003

orb:1,1,2.06745,1.05666,2.13132,0,0,-2.75664ptc:425.654,0,1,-46.3407,-9.98185,15.9028,-0.184671,-0.0339464,0.0540824
425.654,1,1,46.3407,9.98185,-15.9028,0.184671,0.0339464,-0.0540824

orb:1,1,2.08606,1.05715,4.06593,0,0,-2.75501ptc:425.696,0,1,-46.3102,-11.3553,-15.0474,-0.184582,-0.0386177,-0.051174
425.696,1,1,46.3102,11.3553,15.0474,0.184582,0.0386177,0.051174

orb:1,1,1.22567,1.03396,3.24541,0,0,-2.84146ptc:423.713,0,1,-47.7649,-14.7026,-1.53194,-0.188829,-0.0499733,-0.00520698
423.713,1,1,47.7649,14.7026,1.53194,0.188829,0.0499733,0.00520698

orb:1,1,2.68299,1.07295,6.13209,0,0,-2.70691ptc:427.013,0,1,-45.3503,20.816,-3.16935,-0.181794,0.07082,-0.0107827
427.013,1,1,45.3503,-20.816,3.16935,0.181794,-0.07082,0.0107827

orb:1,1,1.74706,1.04808,2.72783,0,0,-2.78605ptc:424.927,0,1,-46.8729,-15.9362,6.9977,-0.186222,-0.0541845,0.0237928
424.927,1,1,46.8729,15.9362,-6.9977,0.186222,0.0541845,-0.0237928

orb:1,1,1.80043,1.04951,4.11397,0,0,-2.78095ptc:425.049,0,1,-46.7835,-9.93942,-14.5779,-0.185961,-0.0337962,-0.0495681
425.049,1,1,46.7835,9.93942,14.5779,0.185961,0.0337962,0.0495681

orb:1,1,2.64423,1.07193,2.37169,0,0,-2.70983ptc:426.928,0,1,-45.4115,-15.0227,14.5643,-0.181971,-0.0511086,0.0495492
426.928,1,1,45.4115,15.0227,-14.5643,0.181971,0.0511086,-0.0495492

orb:1,1,0.348457,1.00977,3.96798,0,0,-2.97938ptc:421.579,0,1,-49.3436,-5.47133,-5.93929,-0.193464,-0.018586,-0.0201757
421.579,1,1,49.3436,5.47133,5.93929,0.193464,0.018586,0.0201757

orb:1,1,4.97199,1.13147,6.20664,0,0,-2.56783ptc:431.663,0,1,-41.9931,27.0605,-2.0753,-0.172131,0.0922038,-0.00707122
431.663,1,1,41.9931,-27.0605,2.0753,0.172131,-0.0922038,0.00707122

orb:1,1,4.06789,1.10873,2.88517,0,0,-2.61644ptc:429.897,0,1,-43.2623,-24.2477,6.35759,-0.175767,-0.0825704,0.0216494
429.897,1,1,43.2623,24.2477,-6.35759,0.175767,0.0825704,-0.0216494

orb:1,1,1.29486,1.03585,4.41623,0,0,-2.83343ptc:423.876,0,1,-47.6446,-4.42594,-14.5052,-0.188477,-0.0150442,-0.0493044
423.876,1,1,47.6446,4.42594,14.5052,0.188477,0.0150442,0.0493044

orb:1,1,2.0327,1.05573,2.99135,0,0,-2.75969ptc:425.576,0,1,-46.3979,-18.4244,2.7891,-0.184838,-0.0626564,0.00948498
425.576,1,1,46.3979,18.4244,-2.7891,0.184838,0.0626564,-0.00948498

orb:1,1,1.35453,1.03747,3.70621,0,0,-2.82669ptc:424.017,0,1,-47.5414,-13.0825,-8.28645,-0.188175,-0.0444703,-0.0281675
424.017,1,1,47.5414,13.0825,8.28645,0.188175,0.0444703,0.0281675

orb:1,1,2.3323,1.0637,4.20786,0,0,-2.73429ptc:426.245,0,1,-45.9095,-9.5745,-17.3391,-0.183417,-0.0325667,-0.0589772
426.245,1,1,45.9095,9.5745,17.3391,0.183417,0.0325667,0.0589772

orb:1,1,2.04139,1.05596,0.198651,0,0,-2.75893ptc:425.596,0,1,-46.3836,18.3027,3.68444,-0.184796,0.0622428,0.0125299
425.596,1,1,46.3836,-18.3027,-3.68444,0.184796,-0.0622428,-0.0125299

orb:1,1,1.995,1.05472,0.908735,0,0,-2.76304ptc:425.491,0,1,-46.4601,11.3597,14.5747,-0.185019,0.0386303,0.0495633
425.491,1,1,46.4601,-11.3597,-14.5747,0.185019,-0.0386303,-0.0495633

orb:1,1,4.75053,1.12594,5.40508,0,0,-2.57915ptc:431.238,0,1,-42.2977,17.0271,-20.5179,-0.173002,0.0580083,-0.0699009
431.238,1,1,42.2977,-17.0271,20.5179,0.173002,-0.0580083,0.0699009

orb:1,1,3.19067,1.0862,3.57936,0,0,-2.67093ptc:428.097,0,1,-44.5633,-20.5358,-9.61204,-0.179516,-0.0698901,-0.0327129
428.097,1,1,44.5633,20.5358,9.61204,0.179516,0.0698901,0.0327129

orb:1,1,4.5895,1.12191,3.0746,0,0,-2.5876ptc:430.927,0,1,-42.5216,-26.2452,1.76079,-0.173643,-0.0894031,0.00599805
430.927,1,1,42.5216,26.2452,-1.76079,0.173643,0.0894031,-0.00599805

orb:1,1,3.48348,1.09377,2.57299,0,0,-2.65178ptc:428.708,0,1,-44.121,-19.8219,12.6661,-0.178239,-0.0674732,0.0431152
428.708,1,1,44.121,19.8219,-12.6661,0.178239,0.0674732,-0.0431152

orb:1,1,0.644578,1.018,0.401776,0,0,-2.92199ptc:422.313,0,1,-48.7992,10.0248,4.25941,-0.191862,0.0340605,0.0144719
422.313,1,1,48.7992,-10.0248,-4.25941,0.191862,-0.0340605,-0.0144719

orb:1,1,3.12795,1.08457,6.26038,0,0,-2.67517ptc:427.964,0,1,-44.6591,22.4789,-0.512772,-0.179793,0.0764997,-0.00174506
427.964,1,1,44.6591,-22.4789,0.512772,0.179793,-0.0764997,0.00174506

orb:1,1,4.20495,1.1122,6.27812,0,0,-2.60864ptc:430.17,0,1,-43.0654,25.4038,-0.128759,-0.175202,0.086515,-0.000438502
430.17,1,1,43.0654,-25.4038,0.128759,0.175202,-0.086515,0.000438502

orb:1,1,5.57534,1.1464,1.71132,0,0,-2.53864ptc:432.794,0,1,-41.1831,-3.97124,28.0746,-0.169822,-0.0135367,0.095697
432.794,1,1,41.1831,3.97124,-28.0746,0.169822,0.0135367,-0.095697

orb:1,1,5.22996,1.13788,3.22433,0,0,-2.55506ptc:432.151,0,1,-41.6433,-27.5791,-2.28714,-0.171133,-0.0939866,-0.00779432
432.151,1,1,41.6433,27.5791,2.28714,0.171133,0.0939866,0.00779432

orb:1,1,4.13002,1.1103,3.60565,0,0,-2.61288ptc:430.021,0,1,-43.1729,-22.5539,-11.2884,-0.17551,-0.0768055,-0.0384417
430.021,1,1,43.1729,22.5539,11.2884,0.17551,0.0768055,0.0384417

orb:1,1,3.27555,1.0884,1.29791,0,0,-2.66526ptc:428.275,0,1,-44.4342,6.17875,22.0776,-0.179143,0.0210295,0.0751415
428.275,1,1,44.4342,-6.17875,-22.0776,0.179143,-0.0210295,-0.0751415

orb:1,1,0.319486,1.00896,3.15544,0,0,-2.98619ptc:421.507,0,1,-49.3975,-7.73794,-0.107161,-0.193623,-0.0262851,-0.000364018
421.507,1,1,49.3975,7.73794,0.107161,0.193623,0.0262851,0.000364018

orb:1,1,2.00346,1.05495,1.60974,0,0,-2.76229ptc:425.51,0,1,-46.4461,-0.720826,18.4998,-0.184978,-0.00245129,0.0629115
425.51,1,1,46.4461,0.720826,-18.4998,0.184978,0.00245129,-0.0629115

orb:1,1,5.35773,1.14104,0.913954,0,0,-2.5489ptc:432.391,0,1,-41.472,17.0545,22.1183,-0.170645,0.0581249,0.0753832
432.391,1,1,41.472,-17.0545,-22.1183,0.170645,-0.0581249,-0.0753832

orb:1,1,1.94021,1.05326,4.38096,0,0,-2.76798ptc:425.367,0,1,-46.5507,-5.93815,-17.2561,-0.185283,-0.0201929,-0.0586798
425.367,1,1,46.5507,5.93815,17.2561,0.185283,0.0201929,0.0586798

orb:1,1,3.71044,1.0996,1.91381,0,0,-2.63763ptc:429.174,0,1,-43.7838,-8.12055,22.7384,-0.177267,-0.0276463,0.0774126
429.174,1,1,43.7838,8.12055,-22.7384,0.177267,0.0276463,-0.0774126

orb:1,1,1.48625,1.04104,6.14884,0,0,-2.81239ptc:424.325,0,1,-47.315,16.0188,-2.16514,-0.187513,0.0544563,-0.00736043
424.325,1,1,47.315,-16.0188,2.16514,0.187513,-0.0544563,0.00736043

orb:1,1,2.42996,1.06628,2.25689,0,0,-2.72643ptc:426.46,0,1,-45.7525,-12.7762,15.6038,-0.182961,-0.0434597,0.0530783
426.46,1,1,45.7525,12.7762,-15.6038,0.182961,0.0434597,-0.0530783

orb:1,1,4.99511,1.13205,4.24525,0,0,-2.56666ptc:431.707,0,1,-41.9615,-12.2441,-24.2757,-0.172041,-0.0417203,-0.0827164
431.707,1,1,41.9615,12.2441,24.2757,0.172041,0.0417203,0.0827164

orb:1,1,1.87393,1.05148,4.04595,0,0,-2.77406ptc:425.217,0,1,-46.6608,-11.1063,-14.1217,-0.185604,-0.0377657,-0.0480191
425.217,1,1,46.6608,11.1063,14.1217,0.185604,0.0377657,0.0480191

orb:1,1,5.59228,1.14682,4.84699,0,0,-2.53785ptc:432.826,0,1,-41.1608,3.80929,-28.1297,-0.169759,0.0129848,-0.0958861
432.826,1,1,41.1608,-3.80929,28.1297,0.169759,-0.0129848,0.0958861

orb:1,1,0.206311,1.0058,6.07133,0,0,-3.01649ptc:421.222,0,1,-49.6092,6.09929,-1.31186,-0.194246,0.0207172,-0.00445595
421.222,1,1,49.6092,-6.09929,1.31186,0.194246,-0.0207172,0.00445595

orb:1,1,0.986646,1.02743,4.49139,0,0,-2.87133ptc:423.143,0,1,-48.185,-2.92617,-13.0246,-0.19006,-0.0099443,-0.0442627
423.143,1,1,48.185,2.92617,13.0246,0.19006,0.0099443,0.0442627

orb:1,1,1.21235,1.0336,3.0043,0,0,-2.84304ptc:423.682,0,1,-47.7881,-14.5686,2.01283,-0.188897,-0.0495172,0.00684142
423.682,1,1,47.7881,14.5686,-2.01283,0.188897,0.0495172,-0.00684142

orb:1,1,1.7269,1.04754,2.97941,0,0,-2.788ptc:424.881,0,1,-46.9068,-17.0862,2.79556,-0.186321,-0.0580938,0.00950506
424.881,1,1,46.9068,17.0862,-2.79556,0.186321,0.0580938,-0.00950506

orb:1,1,4.79964,1.12717,2.17518,0,0,-2.57661ptc:431.333,0,1,-42.2298,-15.2124,22.0279,-0.172808,-0.0518277,0.0750476
431.333,1,1,42.2298,15.2124,-22.0279,0.172808,0.0518277,-0.0750476

orb:1,1,2.83847,1.07702,2.11851,0,0,-2.69548ptc:427.348,0,1,-45.1065,-11.234,18.4174,-0.181087,-0.0382241,0.062666
427.348,1,1,45.1065,11.234,-18.4174,0.181087,0.0382241,-0.062666

orb:1,1,5.48486,1.14417,0.112084,0,0,-2.54287ptc:432.627,0,1,-41.3028,28.0026,3.15186,-0.170163,0.095446,0.010743
432.627,1,1,41.3028,-28.0026,-3.15186,0.170163,-0.095446,-0.010743

orb:1,1,3.7948,1.10176,0.169816,0,0,-2.63251ptc:429.346,0,1,-43.6597,24.0182,4.11834,-0.17691,0.081774,0.0140216
429.346,1,1,43.6597,-24.0182,-4.11834,0.17691,-0.081774,-0.0140216

orb:1,1,5.08869,1.13437,2.2723,0,0,-2.562ptc:431.885,0,1,-41.8342,-17.673,20.918,-0.171678,-0.0602222,0.0712799
431.885,1,1,41.8342,17.673,-20.918,0.171678,0.0602222,-0.0712799

orb:1,1,1.49554,1.04129,2.58584,0,0,-2.81141ptc:424.346,0,1,-47.2991,-13.7712,8.55265,-0.187466,-0.0468157,0.0290751
424.346,1,1,47.2991,13.7712,-8.55265,0.187466,0.0468157,-0.0290751

orb:1,1,1.47648,1.04078,0.988598,0,0,-2.81342ptc:424.302,0,1,-47.3317,8.86128,13.4605,-0.187562,0.0301238,0.045759
424.302,1,1,47.3317,-8.86128,-13.4605,0.187562,-0.0301238,-0.045759

orb:1,1,5.0896,1.1344,2.07448,0,0,-2.56195ptc:431.886,0,1,-41.833,-13.2181,23.9851,-0.171674,-0.0450417,0.0817312
431.886,1,1,41.833,13.2181,-23.9851,0.171674,0.0450417,-0.0817312

orb:1,1,5.62459,1.14761,1.23988,0,0,-2.53635ptc:432.885,0,1,-41.1182,9.24306,26.9046,-0.169638,0.0315076,0.091712
432.885,1,1,41.1182,-9.24306,-26.9046,0.169638,-0.0315076,-0.091712

orb:1,1,1.47594,1.04076,4.16343,0,0,-2.81348ptc:424.301,0,1,-47.3326,-8.40763,-13.7453,-0.187564,-0.0285817,-0.046727
424.301,1,1,47.3326,8.40763,13.7453,0.187564,0.0285817,0.046727

orb:1,1,2.41381,1.06585,3.13399,0,0,-2.72771ptc:426.425,0,1,-45.7784,-20.1076,0.152832,-0.183036,-0.0683979,0.00051987
426.425,1,1,45.7784,20.1076,-0.152832,0.183036,0.0683979,-0.00051987

orb:1,1,1.65998,1.04573,3.71752,0,0,-2.79458ptc:424.727,0,1,-47.0196,-14.2616,-9.26085,-0.18665,-0.0484879,-0.031486
424.727,1,1,47.0196,14.2616,9.26085,0.18665,0.0484879,0.031486

orb:1,1,0.147014,1.00413,5.76437,0,0,-3.03589ptc:421.072,0,1,-49.7209,4.58117,-2.61579,-0.194576,0.0155601,-0.00888462
421.072,1,1,49.7209,-4.58117,2.61579,0.194576,-0.0155601,0.00888462

orb:1,1,2.76632,1.07513,5.69705,0,0,-2.70074ptc:427.193,0,1,-45.2193,17.7745,-11.8017,-0.181414,0.0604756,-0.0401538
427.193,1,1,45.2193,-17.7745,11.8017,0.181414,-0.0604756,0.0401538

orb:1,1,3.40212,1.09167,2.66111,0,0,-2.65699ptc:428.539,0,1,-44.2431,-20.6553,10.7661,-0.178591,-0.0703065,0.0366455
428.539,1,1,44.2431,20.6553,-10.7661,0.178591,0.0703065,-0.0366455

orb:1,1,5.01645,1.13258,4.68279,0,0,-2.56559ptc:431.748,0,1,-41.9324,-0.806017,-27.2217,-0.171958,-0.00274644,-0.0927557
431.748,1,1,41.9324,0.806017,27.2217,0.171958,0.00274644,0.0927557

orb:1,1,2.57608,1.07014,4.77383,0,0,-2.71502ptc:426.78,0,1,-45.5194,1.27037,-20.6488,-0.182284,0.00432175,-0.070246
426.78,1,1,45.5194,-1.27037,20.6488,0.182284,-0.00432175,0.070246

orb:1,1,4.9687,1.13139,3.87627,0,0,-2.56799ptc:431.657,0,1,-41.9976,-20.134,-18.1886,-0.172144,-0.0686028,-0.0619741
431.657,1,1,41.9976,20.134,18.1886,0.172144,0.0686028,0.0619741

orb:1,1,1.91388,1.05255,4.99152,0,0,-2.77038ptc:425.307,0,1,-46.5944,4.99726,-17.4354,-0.18541,0.016993,-0.0592885
425.307,1,1,46.5944,-4.99726,17.4354,0.18541,-0.016993,0.0592885

orb:1,1,1.93157,1.05303,3.91641,0,0,-2.76876ptc:425.348,0,1,-46.565,-13.0138,-12.7413,-0.185324,-0.0442536,-0.0433269
425.348,1,1,46.565,13.0138,12.7413,0.185324,0.0442536,0.0433269

orb:1,1,1.88714,1.05184,5.61647,0,0,-2.77284ptc:425.247,0,1,-46.6388,14.1634,-11.1455,-0.185539,0.0481613,-0.0378991
425.247,1,1,46.6388,-14.1634,11.1455,0.185539,-0.0481613,0.0378991

orb:1,1,1.22749,1.03401,2.79916,0,0,-2.84125ptc:423.717,0,1,-47.7617,-13.9336,4.967,-0.188819,-0.0473596,0.0168825
423.717,1,1,47.7617,13.9336,-4.967,0.188819,0.0473596,-0.0168825

orb:1,1,3.06869,1.08303,3.13226,0,0,-2.67923ptc:427.839,0,1,-44.75,-22.3023,0.208243,-0.180056,-0.0758958,0.00070866
427.839,1,1,44.75,22.3023,-0.208243,0.180056,0.0758958,-0.00070866

orb:1,1,3.37541,1.09098,0.763827,0,0,-2.65872ptc:428.483,0,1,-44.2833,16.7666,16.0584,-0.178707,0.0570691,0.0546586
428.483,1,1,44.2833,-16.7666,-16.0584,0.178707,-0.0570691,-0.0546586

orb:1,1,2.82018,1.07655,1.62535,0,0,-2.6968ptc:427.309,0,1,-45.135,-1.17305,21.4814,-0.18117,-0.00399131,0.0730905
427.309,1,1,45.135,1.17305,-21.4814,0.18117,0.00399131,-0.0730905

orb:1,1,2.60382,1.07087,4.41666,0,0,-2.7129ptc:426.841,0,1,-45.4754,-6.05725,-19.8821,-0.182157,-0.0206068,-0.0676391
426.841,1,1,45.4754,6.05725,19.8821,0.182157,0.0206068,0.0676391

orb:1,1,5.4381,1.14302,5.75368,0,0,-2.54508ptc:432.54,0,1,-41.3649,24.2418,-14.1875,-0.17034,0.0826248,-0.0483561
432.54,1,1,41.3649,-24.2418,14.1875,0.17034,-0.0826248,0.0483561

orb:1,1,5.13978,1.13564,3.15263,0,0,-2.55947ptc:431.981,0,1,-41.765,-27.4881,-0.303509,-0.17148,-0.093671,-0.00103426
431.981,1,1,41.765,27.4881,0.303509,0.17148,0.093671,0.00103426

orb:1,1,0.299446,1.0084,1.261,0,0,-2.9911ptc:421.456,0,1,-49.4349,2.28538,7.13944,-0.193733,0.00776313,0.0242517
421.456,1,1,49.4349,-2.28538,-7.13944,0.193733,-0.00776313,-0.0242517

orb:1,1,0.595137,1.01663,2.18375,0,0,-2.93042ptc:422.191,0,1,-48.8893,-6.02932,8.57253,-0.192127,-0.0204848,0.0291254
422.191,1,1,48.8893,6.02932,-8.57253,0.192127,0.0204848,-0.0291254

orb:1,1,2.5373,1.06911,0.222798,0,0,-2.71801ptc:426.696,0,1,-45.581,20.0436,4.54106,-0.182463,0.0681857,0.0154481
426.696,1,1,45.581,-20.0436,-4.54106,0.182463,-0.0681857,-0.0154481

orb:1,1,4.05555,1.10841,4.42645,0,0,-2.61715ptc:429.872,0,1,-43.2801,-7.06184,-24.02,-0.175819,-0.0240474,-0.0817943
429.872,1,1,43.2801,7.06184,24.02,0.175819,0.0240474,0.0817943

orb:1,1,4.49102,1.11943,1.67554,0,0,-2.59287ptc:430.734,0,1,-42.6597,-2.72675,25.9367,-0.174038,-0.00928797,0.0883467
430.734,1,1,42.6597,2.72675,-25.9367,0.174038,0.00928797,-0.0883467

orb:1,1,0.435162,1.01219,3.85682,0,0,-2.96056ptc:421.795,0,1,-49.1829,-6.79613,-5.90353,-0.192991,-0.0230876,-0.0200553
421.795,1,1,49.1829,6.79613,5.90353,0.192991,0.0230876,0.0200553

orb:1,1,0.92979,1.02587,4.26942,0,0,-2.879ptc:423.007,0,1,-48.2861,-5.56313,-11.7264,-0.190356,-0.0189051,-0.0398495
423.007,1,1,48.2861,5.56313,11.7264,0.190356,0.0189051,0.0398495

orb:1,1,4.00378,1.10709,1.31024,0,0,-2.62015ptc:429.768,0,1,-43.355,6.41632,24.066,-0.176034,0.0218485,0.0819483
429.768,1,1,43.355,-6.41632,-24.066,0.176034,-0.0218485,-0.0819483

orb:1,1,0.317062,1.0089,2.32266,0,0,-2.98678ptc:421.501,0,1,-49.402,-5.26579,5.63139,-0.193636,-0.0178874,0.0191293
421.501,1,1,49.402,5.26579,-5.63139,0.193636,0.0178874,-0.0191293

orb:1,1,4.2508,1.11336,1.57263,0,0,-2.60606ptc:430.261,0,1,-42.9999,-0.0466961,25.5148,-0.175014,-0.000159033,0.0868957
430.261,1,1,42.9999,0.0466961,-25.5148,0.175014,0.000159033,-0.0868957

orb:1,1,2.10806,1.05774,1.9109,0,0,-2.7531ptc:425.745,0,1,-46.2741,-6.31792,17.8547,-0.184477,-0.0214866,0.0607221
425.745,1,1,46.2741,6.31792,-17.8547,0.184477,0.0214866,-0.0607221

orb:1,1,5.50438,1.14466,3.99195,0,0,-2.54195ptc:432.663,0,1,-41.2769,-18.6153,-21.2059,-0.170089,-0.0634504,-0.0722805
432.663,1,1,41.2769,18.6153,21.2059,0.170089,0.0634504,0.0722805

orb:1,1,0.0744933,1.0021,1.60515,0,0,-3.06626ptc:420.888,0,1,-49.8582,-0.129248,3.76079,-0.194981,-0.000438973,0.012773
420.888,1,1,49.8582,0.129248,-3.76079,0.194981,0.000438973,-0.012773

orb:1,1,4.08989,1.10928,4.66227,0,0,-2.61517ptc:429.941,0,1,-43.2306,-1.25846,-25.0904,-0.175676,-0.00428547,-0.0854414
429.941,1,1,43.2306,1.25846,25.0904,0.175676,0.00428547,0.0854414

orb:1,1,0.464036,1.01299,3.782,0,0,-2.95474ptc:421.867,0,1,-49.1297,-7.44798,-5.5501,-0.192834,-0.0253025,-0.018855
421.867,1,1,49.1297,7.44798,5.5501,0.192834,0.0253025,0.018855

orb:1,1,5.47705,1.14398,1.1842,0,0,-2.54324ptc:432.613,0,1,-41.3131,10.619,26.0857,-0.170192,0.0361942,0.0889118
432.613,1,1,41.3131,-10.619,-26.0857,0.170192,-0.0361942,-0.0889118

orb:1,1,1.61542,1.04453,5.02236,0,0,-2.79904ptc:424.624,0,1,-47.095,5.12293,-15.9942,-0.18687,0.017417,-0.054377
424.624,1,1,47.095,-5.12293,15.9942,0.18687,-0.017417,0.054377

orb:1,1,2.30623,1.06301,1.68642,0,0,-2.73642ptc:426.187,0,1,-45.9516,-2.2737,19.5775,-0.18354,-0.00773364,0.0665897
426.187,1,1,45.9516,2.2737,-19.5775,0.18354,0.00773364,-0.0665897

orb:1,1,4.39976,1.11713,5.24548,0,0,-2.59783ptc:430.555,0,1,-42.7884,13.1461,-22.2786,-0.174407,0.0447761,-0.0758816
430.555,1,1,42.7884,-13.1461,22.2786,0.174407,-0.0447761,0.0758816

orb:1,1,4.34452,1.11573,2.80151,0,0,-2.60086ptc:430.447,0,1,-42.8666,-24.2641,8.58533,-0.174631,-0.0826414,0.0292409
430.447,1,1,42.8666,24.2641,-8.58533,0.174631,0.0826414,-0.0292409

orb:1,1,3.34257,1.09013,2.85371,0,0,-2.66086ptc:428.415,0,1,-44.3328,-22.1699,6.56475,-0.17885,-0.0754589,0.0223442
428.415,1,1,44.3328,22.1699,-6.56475,0.17885,0.0754589,-0.0223442

orb:1,1,5.23987,1.13812,3.73634,0,0,-2.55458ptc:432.17,0,1,-41.63,-22.9385,-15.5169,-0.171095,-0.0781724,-0.0528803
432.17,1,1,41.63,22.9385,15.5169,0.171095,0.0781724,0.0528803

orb:1,1,2.62911,1.07153,5.29171,0,0,-2.71097ptc:426.896,0,1,-45.4354,11.4263,-17.4661,-0.182041,0.0388731,-0.059421
426.896,1,1,45.4354,-11.4263,17.4661,0.182041,-0.0388731,0.059421

orb:1,1,0.284825,1.00799,4.26937,0,0,-2.99479ptc:421.42,0,1,-49.4622,-3.13528,-6.60796,-0.193813,-0.01065,-0.0224462
421.42,1,1,49.4622,3.13528,6.60796,0.193813,0.01065,0.0224462

orb:1,1,4.4795,1.11914,2.07037,0,0,-2.5935ptc:430.712,0,1,-42.6759,-12.4807,22.8692,-0.174085,-0.042512,0.0778972
430.712,1,1,42.6759,12.4807,-22.8692,0.174085,0.042512,-0.0778972

orb:1,1,0.391276,1.01097,4.32298,0,0,-2.96981ptc:421.686,0,1,-49.2641,-3.24473,-7.90687,-0.19323,-0.0110226,-0.0268602
421.686,1,1,49.2641,3.24473,7.90687,0.19323,0.0110226,0.0268602

orb:1,1,5.58554,1.14665,1.61336,0,0,-2.53816ptc:432.813,0,1,-41.1696,-1.20741,28.3479,-0.169784,-0.0041157,0.0966293
432.813,1,1,41.1696,1.20741,-28.3479,0.169784,0.0041157,-0.0966293

orb:1,1,2.91784,1.0791,5.29509,0,0,-2.68979ptc:427.518,0,1,-44.983,12.0124,-18.2272,-0.18073,0.0408748,-0.0620221
427.518,1,1,44.983,-12.0124,18.2272,0.18073,-0.0408748,0.0620221

orb:1,1,5.51086,1.14481,3.65313,0,0,-2.54165ptc:432.675,0,1,-41.2683,-24.6162,-13.8192,-0.170065,-0.083905,-0.047103
432.675,1,1,41.2683,24.6162,13.8192,0.170065,0.083905,0.047103

orb:1,1,4.34593,1.11577,1.45239,0,0,-2.60078ptc:430.449,0,1,-42.8646,3.04079,25.5613,-0.174626,0.0103567,0.0870595
430.449,1,1,42.8646,-3.04079,-25.5613,0.174626,-0.0103567,-0.0870595

orb:1,1,3.35092,1.09035,0.33985,0,0,-2.66032ptc:428.432,0,1,-44.3202,21.8218,7.71548,-0.178814,0.0742744,0.026261
428.432,1,1,44.3202,-21.8218,-7.71548,0.178814,-0.0742744,-0.026261

orb:1,1,2.35651,1.06434,2.00936,0,0,-2.73232ptc:426.298,0,1,-45.8705,-8.44912,18.0142,-0.183304,-0.0287393,0.0612744
426.298,1,1,45.8705,8.44912,-18.0142,0.183304,0.0287393,-0.0612744

orb:1,1,0.886452,1.02468,0.378019,0,0,-2.88503ptc:422.902,0,1,-48.3633,11.7923,4.68291,-0.190583,0.0400722,0.0159134
422.902,1,1,48.3633,-11.7923,-4.68291,0.190583,-0.0400722,-0.0159134

orb:1,1,0.202717,1.0057,1.68985,0,0,-3.01758ptc:421.213,0,1,-49.616,-0.734614,6.14104,-0.194266,-0.00249523,0.020859
421.213,1,1,49.616,0.734614,-6.14104,0.194266,0.00249523,-0.020859

orb:1,1,3.49423,1.09405,3.4926,0,0,-2.65109ptc:428.73,0,1,-44.1049,-22.1172,-8.09858,-0.178193,-0.0752869,-0.0275676
428.73,1,1,44.1049,22.1172,8.09858,0.178193,0.0752869,0.0275676

orb:1,1,1.86002,1.05111,5.54218,0,0,-2.77535ptc:425.185,0,1,-46.6839,13.2106,-12.0868,-0.185671,0.0449206,-0.0410992
425.185,1,1,46.6839,-13.2106,12.0868,0.185671,-0.0449206,0.0410992

orb:1,1,0.664282,1.01855,4.7187,0,0,-2.91873ptc:422.361,0,1,-48.7634,0.0697789,-11.0511,-0.191757,0.000237086,-0.037548
422.361,1,1,48.7634,-0.0697789,11.0511,0.191757,-0.000237086,0.037548

orb:1,1,1.40401,1.03881,4.33302,0,0,-2.82123ptc:424.133,0,1,-47.4561,-5.83103,-14.626,-0.187925,-0.0198216,-0.0497185
424.133,1,1,47.4561,5.83103,14.626,0.187925,0.0198216,0.0497185

orb:1,1,3.97903,1.10646,0.785016,0,0,-2.62159ptc:429.719,0,1,-43.3909,17.5742,17.5607,-0.176137,0.0598416,0.0597959
429.719,1,1,43.3909,-17.5742,-17.5607,0.176137,-0.0598416,-0.0597959

orb:1,1,3.26067,1.08801,2.9694,0,0,-2.66625ptc:428.244,0,1,-44.4568,-22.5438,3.92063,-0.179208,-0.0767272,0.0133438
428.244,1,1,44.4568,22.5438,-3.92063,0.179208,0.0767272,-0.0133438

orb:1,1,4.48459,1.11927,5.79323,0,0,-2.59322ptc:430.722,0,1,-42.6687,22.9985,-12.2657,-0.174064,0.078338,-0.0417796
430.722,1,1,42.6687,-22.9985,12.2657,0.174064,-0.078338,0.0417796

orb:1,1,3.45648,1.09307,1.2954,0,0,-2.6535ptc:428.652,0,1,-44.1614,6.37592,22.5636,-0.178356,0.0217031,0.0768045
428.652,1,1,44.1614,-6.37592,-22.5636,0.178356,-0.0217031,-0.0768045

orb:1,1,3.24943,1.08772,0.902935,0,0,-2.667ptc:428.22,0,1,-44.4739,14.1505,17.9398,-0.179258,0.0481607,0.0610573
428.22,1,1,44.4739,-14.1505,-17.9398,0.179258,-0.0481607,-0.0610573

orb:1,1,0.921228,1.02563,1.18976,0,0,-2.88018ptc:422.986,0,1,-48.3013,4.80554,11.9954,-0.190401,0.0163305,0.0407635
422.986,1,1,48.3013,-4.80554,-11.9954,0.190401,-0.0163305,-0.0407635

orb:1,1,3.23568,1.08737,5.24846,0,0,-2.66791ptc:428.191,0,1,-44.4948,11.6495,-19.6088,-0.179318,0.0396483,-0.066737
428.191,1,1,44.4948,-11.6495,19.6088,0.179318,-0.0396483,0.066737

orb:1,1,1.54863,1.04273,1.07845,0,0,-2.80586ptc:424.47,0,1,-47.2085,7.78668,14.5163,-0.187202,0.026472,0.0493503
424.47,1,1,47.2085,-7.78668,-14.5163,0.187202,-0.026472,-0.0493503

orb:1,1,2.7554,1.07485,3.12765,0,0,-2.70154ptc:427.169,0,1,-45.2364,-21.2973,0.296961,-0.181464,-0.072461,0.00101037
427.169,1,1,45.2364,21.2973,-0.296961,0.181464,0.072461,-0.00101037

orb:1,1,0.688797,1.01923,5.86054,0,0,-2.91474ptc:422.421,0,1,-48.7189,10.2562,-4.61267,-0.191627,0.0348478,-0.0156726
422.421,1,1,48.7189,-10.2562,4.61267,0.191627,-0.0348478,0.0156726

orb:1,1,4.49884,1.11963,0.649917,0,0,-2.59245ptc:430.75,0,1,-42.6487,20.7772,15.7922,-0.174007,0.0707726,0.0537923
430.75,1,1,42.6487,-20.7772,-15.7922,0.174007,-0.0707726,-0.0537923

orb:1,1,3.74414,1.10047,1.43435,0,0,-2.63558ptc:429.243,0,1,-43.7341,3.29641,24.0096,-0.177124,0.0112228,0.0817421
429.243,1,1,43.7341,-3.29641,-24.0096,0.177124,-0.0112228,-0.0817421

orb:1,1,3.15634,1.08531,2.56834,0,0,-2.67324ptc:428.024,0,1,-44.6157,-18.9626,12.2418,-0.179667,-0.0645343,0.0416617
428.024,1,1,44.6157,18.9626,-12.2418,0.179667,0.0645343,-0.0416617

orb:1,1,1.10031,1.03054,0.425765,0,0,-2.85668ptc:423.415,0,1,-47.9843,12.7989,5.80438,-0.189471,0.0434991,0.0197271
423.415,1,1,47.9843,-12.7989,-5.80438,0.189471,-0.0434991,-0.0197271

orb:1,1,5.15678,1.13607,2.4782,0,0,-2.55864ptc:432.013,0,1,-41.742,-21.687,16.9494,-0.171415,-0.0739033,0.057759
432.013,1,1,41.742,21.687,-16.9494,0.171415,0.0739033,-0.057759

orb:1,1,3.63599,1.09769,5.88624,0,0,-2.64221ptc:429.022,0,1,-43.8939,22.0825,-9.25696,-0.177584,0.0751758,-0.0315137
429.022,1,1,43.8939,-22.0825,9.25696,0.177584,-0.0751758,0.0315137

orb:1,1,4.71722,1.12511,4.00863,0,0,-2.58088ptc:431.174,0,1,-42.3438,-17.2058,-20.2722,-0.173134,-0.0586159,-0.0690621
431.174,1,1,42.3438,17.2058,20.2722,0.173134,0.0586159,0.0690621

orb:1,1,5.00559,1.13231,2.27076,0,0,-2.56614ptc:431.727,0,1,-41.9472,-17.5289,20.8127,-0.172,-0.0597278,0.0709169
431.727,1,1,41.9472,17.5289,-20.8127,0.172,0.0597278,-0.0709169

orb:1,1,3.14387,1.08499,1.73188,0,0,-2.67409ptc:427.998,0,1,-44.6348,-3.61392,22.2413,-0.179723,-0.012299,0.0756922
427.998,1,1,44.6348,3.61392,-22.2413,0.179723,0.012299,-0.0756922

orb:1,1,2.94348,1.07977,5.60857,0,0,-2.68797ptc:427.573,0,1,-44.9432,17.1116,-13.6857,-0.180615,0.0582268,-0.0465694
427.573,1,1,44.9432,-17.1116,13.6857,0.180615,-0.0582268,0.0465694

orb:1,1,2.10112,1.05755,1.84187,0,0,-2.7537ptc:425.73,0,1,-46.2855,-5.06396,18.2211,-0.18451,-0.017222,0.0619681
425.73,1,1,46.2855,5.06396,-18.2211,0.18451,0.017222,-0.0619681

orb:1,1,0.751248,1.02095,3.88272,0,0,-2.90491ptc:422.574,0,1,-48.606,-8.64894,-7.91522,-0.191295,-0.029388,-0.026895
422.574,1,1,48.606,8.64894,7.91522,0.191295,0.029388,0.026895

orb:1,1,4.70458,1.12479,3.71531,0,0,-2.58154ptc:431.15,0,1,-42.3613,-22.3088,-14.4165,-0.173184,-0.0759997,-0.0491129
431.15,1,1,42.3613,22.3088,14.4165,0.173184,0.0759997,0.0491129

orb:1,1,5.13762,1.13559,0.68012,0,0,-2.55958ptc:431.977,0,1,-41.7679,21.3698,17.2851,-0.171488,0.0728215,0.0589024
431.977,1,1,41.7679,-21.3698,-17.2851,0.171488,-0.0728215,-0.0589024

orb:1,1,0.758161,1.02114,3.37961,0,0,-2.90385ptc:422.591,0,1,-48.5936,-11.4437,-2.77644,-0.191258,-0.0388844,-0.00943405
422.591,1,1,48.5936,11.4437,2.77644,0.191258,0.0388844,0.00943405

orb:1,1,3.90728,1.10464,3.83299,0,0,-2.6258ptc:429.574,0,1,-43.4952,-18.9978,-15.7242,-0.176437,-0.0646862,-0.0535398
429.574,1,1,43.4952,18.9978,15.7242,0.176437,0.0646862,0.0535398

orb:1,1,5.2955,1.1395,5.15872,0,0,-2.55189ptc:432.274,0,1,-41.5553,12.0025,-25.0819,-0.170882,0.0409051,-0.0854801
432.274,1,1,41.5553,-12.0025,25.0819,0.170882,-0.0409051,0.0854801

orb:1,1,0.0328772,1.00093,3.12335,0,0,-3.09151ptc:420.782,0,1,-49.9373,-2.50248,0.0456686,-0.195214,-0.00849913,0.000155103
420.782,1,1,49.9373,2.50248,-0.0456686,0.195214,0.00849913,-0.000155103

orb:1,1,2.98967,1.08097,3.55187,0,0,-2.68472ptc:427.671,0,1,-44.8718,-20.2268,-8.79776,-0.180408,-0.0688292,-0.0299377
427.671,1,1,44.8718,20.2268,8.79776,0.180408,0.0688292,0.0299377

orb:1,1,5.34395,1.1407,3.82484,0,0,-2.54956ptc:432.365,0,1,-41.4904,-21.6391,-17.6153,-0.170697,-0.0737492,-0.0600356
432.365,1,1,41.4904,21.6391,17.6153,0.170697,0.0737492,0.0600356

orb:1,1,3.38284,1.09117,0.77179,0,0,-2.65824ptc:428.499,0,1,-44.2721,16.6535,16.2063,-0.178675,0.0566843,0.0551622
428.499,1,1,44.2721,-16.6535,-16.2063,0.178675,-0.0566843,-0.0551622

orb:1,1,3.11525,1.08424,4.50626,0,0,-2.67604ptc:427.938,0,1,-44.6786,-4.59407,-21.9709,-0.179849,-0.0156343,-0.0747703
427.938,1,1,44.6786,4.59407,21.9709,0.179849,0.0156343,0.0747703

orb:1,1,3.56829,1.09595,1.64814,0,0,-2.64642ptc:428.883,0,1,-43.9944,-1.83587,23.688,-0.177874,-0.00624959,0.0806378
428.883,1,1,43.9944,1.83587,-23.688,0.177874,0.00624959,-0.0806378

orb:1,1,4.03175,1.10781,3.06704,0,0,-2.61852ptc:429.825,0,1,-43.3145,-24.9076,1.86046,-0.175917,-0.0848156,0.00633524
429.825,1,1,43.3145,24.9076,-1.86046,0.175917,0.0848156,-0.00633524

orb:1,1,3.26714,1.08818,5.31249,0,0,-2.66582ptc:428.257,0,1,-44.447,12.9329,-18.8999,-0.17918,0.044017,-0.0643256
428.257,1,1,44.447,-12.9329,18.8999,0.17918,-0.044017,0.0643256

orb:1,1,4.3499,1.11587,2.21281,0,0,-2.60056ptc:430.457,0,1,-42.859,-15.42,20.6236,-0.17461,-0.0525192,0.0702424
430.457,1,1,42.859,15.42,-20.6236,0.17461,0.0525192,-0.0702424

orb:1,1,0.556199,1.01555,4.71833,0,0,-2.93732ptc:422.095,0,1,-48.9604,0.0602451,-10.1427,-0.192336,0.000204679,-0.0344592
422.095,1,1,48.9604,-0.0602451,10.1427,0.192336,-0.000204679,0.0344592

orb:1,1,3.99406,1.10685,1.49897,0,0,-2.62071ptc:429.749,0,1,-43.3691,1.78558,24.818,-0.176074,0.00608012,0.0845083
429.749,1,1,43.3691,-1.78558,-24.818,0.176074,-0.00608012,-0.0845083

orb:1,1,3.3109,1.08932,1.45064,0,0,-2.66293ptc:428.349,0,1,-44.3807,2.76039,22.8634,-0.178989,0.00939524,0.0778177
428.349,1,1,44.3807,-2.76039,-22.8634,0.178989,-0.00939524,-0.0778177

orb:1,1,0.0188939,1.00053,5.64395,0,0,-3.10362ptc:420.746,0,1,-49.964,1.52336,-1.13241,-0.195293,0.00517371,-0.00384595
420.746,1,1,49.964,-1.52336,1.13241,0.195293,-0.00517371,0.00384595

orb:1,1,4.9293,1.13041,4.04857,0,0,-2.56998ptc:431.582,0,1,-42.0515,-16.6659,-21.3054,-0.172298,-0.0567843,-0.0725923
431.582,1,1,42.0515,16.6659,21.3054,0.172298,0.0567843,0.0725923

orb:1,1,2.47031,1.06735,3.86502,0,0,-2.72324ptc:426.549,0,1,-45.6879,-15.2254,-13.4463,-0.182773,-0.0517924,-0.0457405
426.549,1,1,45.6879,15.2254,13.4463,0.182773,0.0517924,0.0457405

orb:1,1,0.38332,1.01074,6.03244,0,0,-2.97155ptc:421.666,0,1,-49.2789,8.19672,-2.09943,-0.193273,0.0278447,-0.0071319
421.666,1,1,49.2789,-8.19672,2.09943,0.193273,-0.0278447,0.0071319

orb:1,1,1.67499,1.04614,1.86146,0,0,-2.79309ptc:424.762,0,1,-46.9943,-4.89327,16.3583,-0.186576,-0.0166368,0.0556171
424.762,1,1,46.9943,4.89327,-16.3583,0.186576,0.0166368,-0.0556171

orb:1,1,1.01799,1.02829,0.24298,0,0,-2.8672ptc:423.219,0,1,-48.1295,13.15,3.25959,-0.189897,0.0446899,0.0110776
423.219,1,1,48.1295,-13.15,-3.25959,0.189897,-0.0446899,-0.0110776

orb:1,1,1.57382,1.04341,1.53458,0,0,-2.80327ptc:424.528,0,1,-47.1657,0.600885,16.5843,-0.187077,0.00204284,0.0563818
424.528,1,1,47.1657,-0.600885,-16.5843,0.187077,-0.00204284,-0.0563818

orb:1,1,1.19697,1.03318,5.27054,0,0,-2.84487ptc:423.645,0,1,-47.815,7.74278,-12.4007,-0.188975,0.0263167,-0.0421484
423.645,1,1,47.815,-7.74278,12.4007,0.188975,-0.0263167,0.0421484

orb:1,1,3.69169,1.09912,1.00343,0,0,-2.63878ptc:429.136,0,1,-43.8115,12.9487,20.3196,-0.177347,0.0440833,0.0691769
429.136,1,1,43.8115,-12.9487,-20.3196,0.177347,-0.0440833,-0.0691769

orb:1,1,0.740988,1.02067,1.6442,0,0,-2.90649ptc:422.549,0,1,-48.6245,-0.854224,11.6157,-0.191349,-0.00290253,0.0394685
422.549,1,1,48.6245,0.854224,-11.6157,0.191349,0.00290253,-0.0394685

orb:1,1,0.70792,1.01975,3.97777,0,0,-2.91168ptc:422.468,0,1,-48.6843,-7.63793,-8.45582,-0.191525,-0.025952,-0.028731
422.468,1,1,48.6843,7.63793,8.45582,0.191525,0.025952,0.028731

orb:1,1,0.644868,1.01801,6.04294,0,0,-2.92194ptc:422.314,0,1,-48.7987,10.5816,-2.59223,-0.191861,0.0359525,-0.00880745
422.314,1,1,48.7987,-10.5816,2.59223,0.191861,-0.0359525,0.00880745

orb:1,1,5.59233,1.14682,0.978902,0,0,-2.53785ptc:432.826,0,1,-41.1607,15.8378,23.5576,-0.169759,0.0539866,0.080301
432.826,1,1,41.1607,-15.8378,-23.5576,0.169759,-0.0539866,-0.080301

orb:1,1,5.03544,1.13305,3.38478,0,0,-2.56464ptc:431.784,0,1,-41.9066,-26.4709,-6.56743,-0.171884,-0.0901985,-0.0223782
431.784,1,1,41.9066,26.4709,6.56743,0.171884,0.0901985,0.0223782

orb:1,1,4.34884,1.11584,6.20657,0,0,-2.60062ptc:430.455,0,1,-42.8605,25.6729,-1.97068,-0.174614,0.0874397,-0.00671198
430.455,1,1,42.8605,-25.6729,1.97068,0.174614,-0.0874397,0.00671198

orb:1,1,5.26503,1.13875,5.1249,0,0,-2.55336ptc:432.217,0,1,-41.5961,11.123,-25.4173,-0.170999,0.0379069,-0.0866216
432.217,1,1,41.5961,-11.123,25.4173,0.170999,-0.0379069,0.0866216

orb:1,1,2.7055,1.07354,4.65174,0,0,-2.70523ptc:427.061,0,1,-45.3148,-1.28086,-21.0932,-0.181691,-0.00435778,-0.0717642
427.061,1,1,45.3148,1.28086,21.0932,0.181691,0.00435778,0.0717642

orb:1,1,3.33521,1.08994,0.921782,0,0,-2.66134ptc:428.399,0,1,-44.3439,13.9617,18.4034,-0.178882,0.0475209,0.0626387
428.399,1,1,44.3439,-13.9617,-18.4034,0.178882,-0.0475209,-0.0626387

orb:1,1,4.11598,1.10995,2.01488,0,0,-2.61368ptc:429.993,0,1,-43.1931,-10.821,22.7435,-0.175568,-0.0368498,0.0774505
429.993,1,1,43.1931,10.821,-22.7435,0.175568,0.0368498,-0.0774505

orb:1,1,5.1756,1.13653,0.480865,0,0,-2.55771ptc:432.049,0,1,-41.7166,24.4374,12.7492,-0.171342,0.0832771,0.0434465
432.049,1,1,41.7166,-24.4374,-12.7492,0.171342,-0.0832771,-0.0434465

orb:1,1,4.19098,1.11185,6.06299,0,0,-2.60942ptc:430.143,0,1,-43.0854,24.7577,-5.54124,-0.175259,0.0843138,-0.0188711
430.143,1,1,43.0854,-24.7577,5.54124,0.175259,-0.0843138,0.0188711

orb:1,1,2.93578,1.07957,4.08798,0,0,-2.68851ptc:427.556,0,1,-44.9552,-12.7955,-17.757,-0.180649,-0.0435398,-0.0604225
427.556,1,1,44.9552,12.7955,17.757,0.180649,0.0435398,0.0604225

orb:1,1,0.391607,1.01098,0.99714,0,0,-2.96974ptc:421.687,0,1,-49.2635,4.6403,7.18157,-0.193228,0.0157634,0.0243963
421.687,1,1,49.2635,-4.6403,-7.18157,0.193228,-0.0157634,-0.0243963

orb:1,1,2.30652,1.06301,3.82923,0,0,-2.73639ptc:426.188,0,1,-45.9512,-15.231,-12.5103,-0.183538,-0.0518057,-0.042552
426.188,1,1,45.9512,15.231,12.5103,0.183538,0.0518057,0.042552

orb:1,1,1.81654,1.04994,5.89207,0,0,-2.77942ptc:425.086,0,1,-46.7565,16.3774,-6.75345,-0.185883,0.0556874,-0.0229634
425.086,1,1,46.7565,-16.3774,6.75345,0.185883,-0.0556874,0.0229634

orb:1,1,3.39802,1.09157,0.20172,0,0,-2.65726ptc:428.53,0,1,-44.2492,22.8089,4.66447,-0.178609,0.0776368,0.0158769
428.53,1,1,44.2492,-22.8089,-4.66447,0.178609,-0.0776368,-0.0158769

orb:1,1,3.16308,1.08548,5.82254,0,0,-2.67279ptc:428.038,0,1,-44.6054,20.2363,-10.0423,-0.179638,0.0688695,-0.0341767
428.038,1,1,44.6054,-20.2363,10.0423,0.179638,-0.0688695,0.0341767

orb:1,1,1.03694,1.02881,6.13116,0,0,-2.86474ptc:423.264,0,1,-48.096,13.5088,-2.06966,-0.189799,0.0459098,-0.00703375
423.264,1,1,48.096,-13.5088,2.06966,0.189799,-0.0459098,0.00703375

orb:1,1,2.43646,1.06645,1.28755,0,0,-2.72591ptc:426.474,0,1,-45.7421,5.64269,19.3862,-0.182931,0.0191944,0.0659447
426.474,1,1,45.7421,-5.64269,-19.3862,0.182931,-0.0191944,-0.0659447

orb:1,1,0.239868,1.00674,4.49336,0,0,-3.00677ptc:421.307,0,1,-49.5463,-1.46027,-6.56005,-0.194061,-0.00496017,-0.0222828
421.307,1,1,49.5463,1.46027,6.56005,0.194061,0.00496017,0.0222828

orb:1,1,5.02295,1.13274,5.86278,0,0,-2.56527ptc:431.76,0,1,-41.9236,24.8747,-11.1205,-0.171933,0.0847587,-0.0378922
431.76,1,1,41.9236,-24.8747,11.1205,0.171933,-0.0847587,0.0378922

orb:1,1,2.54882,1.06942,1.75522,0,0,-2.71712ptc:426.721,0,1,-45.5627,-3.77629,20.243,-0.18241,-0.0128465,0.0688645
426.721,1,1,45.5627,3.77629,-20.243,0.18241,0.0128465,-0.0688645

orb:1,1,3.76541,1.10101,4.65281,0,0,-2.63429ptc:429.286,0,1,-43.7029,-1.44647,-24.2481,-0.177034,-0.00492466,-0.0825552
429.286,1,1,43.7029,1.44647,24.2481,0.177034,0.00492466,0.0825552

orb:1,1,3.95381,1.10582,5.28042,0,0,-2.62307ptc:429.668,0,1,-43.4275,13.331,-20.8887,-0.176242,0.0453925,-0.0711266
429.668,1,1,43.4275,-13.331,20.8887,0.176242,-0.0453925,0.0711266

orb:1,1,4.35924,1.11611,4.5831,0,0,-2.60005ptc:430.476,0,1,-42.8457,-3.32286,-25.5578,-0.174572,-0.0113175,-0.0870484
430.476,1,1,42.8457,3.32286,25.5578,0.174572,0.0113175,0.0870484

orb:1,1,2.93646,1.07958,6.19011,0,0,-2.68846ptc:427.558,0,1,-44.9541,21.7942,-2.03439,-0.180646,0.0741604,-0.00692252
427.558,1,1,44.9541,-21.7942,2.03439,0.180646,-0.0741604,0.00692252

orb:1,1,1.39225,1.03849,5.31186,0,0,-2.82252ptc:424.105,0,1,-47.4763,8.84924,-12.9495,-0.187984,0.0300813,-0.0440193
424.105,1,1,47.4763,-8.84924,12.9495,0.187984,-0.0300813,0.0440193

orb:1,1,0.663874,1.01854,0.574198,0,0,-2.91879ptc:422.36,0,1,-48.7641,9.27623,6.00086,-0.191759,0.0315177,0.020389
422.36,1,1,48.7641,-9.27623,-6.00086,0.191759,-0.0315177,-0.020389

orb:1,1,4.82721,1.12786,4.98628,0,0,-2.57519ptc:431.386,0,1,-42.1917,7.25704,-25.8301,-0.172699,0.0247247,-0.0880028
431.386,1,1,42.1917,-7.25704,25.8301,0.172699,-0.0247247,0.0880028

orb:1,1,0.692126,1.01932,2.16717,0,0,-2.9142ptc:422.429,0,1,-48.7129,-6.33072,9.32606,-0.191609,-0.0215102,0.0316876
422.429,1,1,48.7129,6.33072,-9.32606,0.191609,0.0215102,-0.0316876

orb:1,1,4.07596,1.10893,2.57039,0,0,-2.61597ptc:429.913,0,1,-43.2507,-21.1048,13.5634,-0.175734,-0.0718682,0.0461875
429.913,1,1,43.2507,21.1048,-13.5634,0.175734,0.0718682,-0.0461875

orb:1,1,0.136137,1.00383,4.1836,0,0,-3.03986ptc:421.044,0,1,-49.7415,-2.5618,-4.38449,-0.194636,-0.00870117,-0.0148919
421.044,1,1,49.7415,2.5618,4.38449,0.194636,0.00870117,0.0148919

orb:1,1,4.06509,1.10865,0.123039,0,0,-2.6166ptc:429.891,0,1,-43.2664,24.8709,3.07562,-0.175779,0.0846924,0.0104733
429.891,1,1,43.2664,-24.8709,-3.07562,0.175779,-0.0846924,-0.0104733

orb:1,1,2.72855,1.07414,4.47632,0,0,-2.70352ptc:427.111,0,1,-45.2786,-4.96054,-20.6214,-0.181586,-0.0168772,-0.07016
427.111,1,1,45.2786,4.96054,20.6214,0.181586,0.0168772,0.07016

orb:1,1,4.3857,1.11677,5.76363,0,0,-2.5986ptc:430.528,0,1,-42.8083,22.4259,-12.8271,-0.174464,0.0763825,-0.043689
430.528,1,1,42.8083,-22.4259,12.8271,0.174464,-0.0763825,0.043689

orb:1,1,3.23829,1.08743,4.62725,0,0,-2.66774ptc:428.197,0,1,-44.4908,-1.94011,-22.7333,-0.179307,-0.00660303,-0.0773713
428.197,1,1,44.4908,1.94011,22.7333,0.179307,0.00660303,0.0773713

orb:1,1,3.5468,1.0954,4.48984,0,0,-2.64777ptc:428.838,0,1,-44.0264,-5.23088,-23.1151,-0.177966,-0.0178066,-0.0786867
428.838,1,1,44.0264,5.23088,23.1151,0.177966,0.0178066,0.0786867

orb:1,1,2.6478,1.07202,3.47864,0,0,-2.70956ptc:426.936,0,1,-45.4058,-19.758,-6.92352,-0.181955,-0.0672187,-0.0235546
426.936,1,1,45.4058,19.758,6.92352,0.181955,0.0672187,0.0235546

orb:1,1,2.02184,1.05544,0.793498,0,0,-2.76065ptc:425.552,0,1,-46.4158,13.038,13.2509,-0.18489,0.0443384,0.0450626
425.552,1,1,46.4158,-13.038,-13.2509,0.18489,-0.0443384,-0.0450626

orb:1,1,5.374,1.14144,2.52769,0,0,-2.54812ptc:432.421,0,1,-41.4502,-22.8564,16.1078,-0.170583,-0.0778996,0.0548991
432.421,1,1,41.4502,22.8564,-16.1078,0.170583,0.0778996,-0.0548991

orb:1,1,4.66886,1.1239,5.27764,0,0,-2.58341ptc:431.081,0,1,-42.411,14.1847,-22.363,-0.173326,0.048322,-0.0761826
431.081,1,1,42.411,-14.1847,22.363,0.173326,-0.048322,0.0761826

orb:1,1,0.298812,1.00839,0.48436,0,0,-2.99126ptc:421.455,0,1,-49.436,6.62712,3.48696,-0.193736,0.0225115,0.0118448
421.455,1,1,49.436,-6.62712,-3.48696,0.193736,-0.0225115,-0.0118448

orb:1,1,1.38288,1.03824,3.79624,0,0,-2.82355ptc:424.083,0,1,-47.4925,-12.403,-9.52005,-0.188032,-0.0421612,-0.0323614
424.083,1,1,47.4925,12.403,9.52005,0.188032,0.0421612,0.0323614

orb:1,1,0.912128,1.02538,4.56675,0,0,-2.88144ptc:422.964,0,1,-48.3175,-1.86651,-12.7253,-0.190448,-0.00634285,-0.0432435
422.964,1,1,48.3175,1.86651,12.7253,0.190448,0.00634285,0.0432435

orb:1,1,4.35947,1.11611,3.22067,0,0,-2.60004ptc:430.476,0,1,-42.8454,-25.6929,-2.03603,-0.174571,-0.0875086,-0.00693459
430.476,1,1,42.8454,25.6929,2.03603,0.174571,0.0875086,0.00693459

orb:1,1,4.65675,1.12359,1.86843,0,0,-2.58405ptc:431.057,0,1,-42.4278,-7.75829,25.292,-0.173374,-0.0264294,0.0861601
431.057,1,1,42.4278,7.75829,-25.292,0.173374,0.0264294,-0.0861601

orb:1,1,1.05019,1.02917,4.92328,0,0,-2.86303ptc:423.296,0,1,-48.0726,2.87802,-13.4439,-0.18973,0.00978108,-0.0456896
423.296,1,1,48.0726,-2.87802,13.4439,0.18973,-0.00978108,0.0456896

orb:1,1,0.359814,1.01009,2.93739,0,0,-2.97678ptc:421.608,0,1,-49.3225,-8.03279,1.66347,-0.193402,-0.0272874,0.00565081
421.608,1,1,49.3225,8.03279,-1.66347,0.193402,0.0272874,-0.00565081

orb:1,1,0.672898,1.01879,5.24176,0,0,-2.91732ptc:422.382,0,1,-48.7478,5.61555,-9.59799,-0.191711,0.01908,-0.0326111
422.382,1,1,48.7478,-5.61555,9.59799,0.191711,-0.01908,0.0326111

orb:1,1,1.58422,1.04369,2.2882,0,0,-2.80221ptc:424.552,0,1,-47.148,-10.9431,12.5425,-0.187025,-0.0372037,0.0426413
424.552,1,1,47.148,10.9431,-12.5425,0.187025,0.0372037,-0.0426413

orb:1,1,0.928187,1.02582,2.22629,0,0,-2.87922ptc:423.003,0,1,-48.2889,-7.90492,10.2807,-0.190364,-0.0268631,0.0349366
423.003,1,1,48.2889,7.90492,-10.2807,0.190364,0.0268631,-0.0349366

orb:1,1,0.114396,1.00322,3.79198,0,0,-3.0483ptc:420.989,0,1,-49.7826,-3.70693,-2.82031,-0.194757,-0.0125904,-0.00957908
420.989,1,1,49.7826,3.70693,2.82031,0.194757,0.0125904,0.00957908

orb:1,1,1.79317,1.04932,2.04058,0,0,-2.78164ptc:425.033,0,1,-46.7956,-7.97267,15.7038,-0.185997,-0.0271087,0.0533959
425.033,1,1,46.7956,7.97267,-15.7038,0.185997,0.0271087,-0.0533959

orb:1,1,0.925033,1.02574,3.89399,0,0,-2.87966ptc:422.995,0,1,-48.2945,-9.45234,-8.84825,-0.190381,-0.0321215,-0.0300687
422.995,1,1,48.2945,9.45234,8.84825,0.190381,0.0321215,0.0300687

orb:1,1,2.87978,1.0781,1.3037,0,0,-2.6925ptc:427.437,0,1,-45.0421,5.72924,20.9376,-0.180901,0.0194945,0.0712428
427.437,1,1,45.0421,-5.72924,-20.9376,0.180901,-0.0194945,-0.0712428

orb:1,1,3.29497,1.0889,4.43237,0,0,-2.66398ptc:428.315,0,1,-44.4048,-6.35187,-22.0877,-0.179058,-0.021619,-0.0751768
428.315,1,1,44.4048,6.35187,22.0877,0.179058,0.021619,0.0751768

orb:1,1,3.70483,1.09946,0.563894,0,0,-2.63797ptc:429.163,0,1,-43.7921,20.3941,12.897,-0.177291,0.0694313,0.0439075
429.163,1,1,43.7921,-20.3941,-12.897,0.177291,-0.0694313,-0.0439075

orb:1,1,1.273,1.03525,2.65081,0,0,-2.83594ptc:423.825,0,1,-47.6826,-13.2697,7.09132,-0.188588,-0.0451044,0.0241037
423.825,1,1,47.6826,13.2697,-7.09132,0.188588,0.0451044,-0.0241037

orb:1,1,4.82557,1.12782,1.64009,0,0,-2.57527ptc:431.383,0,1,-42.194,-1.85744,26.7622,-0.172705,-0.00632828,0.0911785
431.383,1,1,42.194,1.85744,-26.7622,0.172705,0.00632828,-0.0911785

orb:1,1,1.12219,1.03114,4.60884,0,0,-2.85396ptc:423.467,0,1,-47.9459,-1.4662,-14.1082,-0.189359,-0.00498316,-0.0479494
423.467,1,1,47.9459,1.4662,14.1082,0.189359,0.00498316,0.0479494

orb:1,1,2.41027,1.06576,5.05677,0,0,-2.728ptc:426.417,0,1,-45.7841,6.78451,-18.9153,-0.183053,0.023078,-0.064342
426.417,1,1,45.7841,-6.78451,18.9153,0.183053,-0.023078,0.064342

orb:1,1,4.39027,1.11689,2.10681,0,0,-2.59835ptc:430.537,0,1,-42.8018,-13.1998,22.221,-0.174446,-0.0449587,0.0756849
430.537,1,1,42.8018,13.1998,-22.221,0.174446,0.0449587,-0.0756849

orb:1,1,3.54415,1.09533,0.957344,0,0,-2.64794ptc:428.833,0,1,-44.0304,13.6395,19.3724,-0.177978,0.0464304,0.0659457
428.833,1,1,44.0304,-13.6395,-19.3724,0.177978,-0.0464304,-0.0659457

orb:1,1,2.84899,1.0773,4.58703,0,0,-2.69472ptc:427.371,0,1,-45.0901,-2.7017,-21.4379,-0.18104,-0.0091927,-0.0729438
427.371,1,1,45.0901,2.7017,21.4379,0.18104,0.0091927,0.0729438

orb:1,1,0.763295,1.02128,3.79266,0,0,-2.90306ptc:422.603,0,1,-48.5843,-9.39714,-7.15959,-0.191231,-0.0319306,-0.0243276
422.603,1,1,48.5843,9.39714,7.15959,0.191231,0.0319306,0.0243276

orb:1,1,1.42905,1.03949,1.9772,0,0,-2.81851ptc:424.191,0,1,-47.413,-6.27534,14.5816,-0.187799,-0.0213323,0.0495686
424.191,1,1,47.413,6.27534,-14.5816,0.187799,0.0213323,-0.0495686

orb:1,1,0.919266,1.02558,0.430343,0,0,-2.88045ptc:422.981,0,1,-48.3048,11.7321,5.38546,-0.190411,0.0398687,0.0183012
422.981,1,1,48.3048,-11.7321,-5.38546,0.190411,-0.0398687,-0.0183012

orb:1,1,5.58415,1.14662,5.25315,0,0,-2.53823ptc:432.811,0,1,-41.1715,14.605,-24.3229,-0.169789,0.0497841,-0.0829092
432.811,1,1,41.1715,-14.605,24.3229,0.169789,-0.0497841,0.0829092

orb:1,1,5.11899,1.13513,5.56933,0,0,-2.5605ptc:431.942,0,1,-41.7931,20.7455,-17.971,-0.17156,0.0706935,-0.0612389
431.942,1,1,41.7931,-20.7455,17.971,0.17156,-0.0706935,0.0612389

orb:1,1,0.325925,1.00914,3.95048,0,0,-2.98465ptc:421.523,0,1,-49.3855,-5.39463,-5.65419,-0.193587,-0.0183252,-0.0192069
421.523,1,1,49.3855,5.39463,5.65419,0.193587,0.0183252,0.0192069

orb:1,1,1.75359,1.04825,5.17049,0,0,-2.78542ptc:424.942,0,1,-46.862,7.71029,-15.6367,-0.18619,0.0262158,-0.0531666
424.942,1,1,46.862,-7.71029,15.6367,0.18619,-0.0262158,0.0531666

orb:1,1,4.73705,1.12561,0.135572,0,0,-2.57985ptc:431.212,0,1,-42.3163,26.3889,3.59968,-0.173055,0.0899013,0.0122633
431.212,1,1,42.3163,-26.3889,-3.59968,0.173055,-0.0899013,-0.0122633

orb:1,1,4.50873,1.11987,6.23576,0,0,-2.59192ptc:430.769,0,1,-42.6348,26.091,-1.23838,-0.173967,0.0888731,-0.00421827
430.769,1,1,42.6348,-26.091,1.23838,0.173967,-0.0888731,0.00421827

orb:1,1,5.04444,1.13327,5.87032,0,0,-2.5642ptc:431.801,0,1,-41.8943,24.999,-10.9507,-0.171849,0.0851834,-0.0373142
431.801,1,1,41.8943,-24.999,10.9507,0.171849,-0.0851834,0.0373142

orb:1,1,3.06701,1.08299,2.19232,0,0,-2.67934ptc:427.835,0,1,-44.7526,-12.9836,18.1282,-0.180063,-0.0441837,0.0616911
427.835,1,1,44.7526,12.9836,-18.1282,0.180063,0.0441837,-0.0616911

orb:1,1,0.9635,1.02679,4.5376,0,0,-2.87442ptc:423.088,0,1,-48.2261,-2.29553,-12.9989,-0.19018,-0.007801,-0.0441749
423.088,1,1,48.2261,2.29553,12.9989,0.19018,0.007801,0.0441749

orb:1,1,3.65114,1.09808,0.74602,0,0,-2.64127ptc:429.053,0,1,-43.8714,17.6148,16.2794,-0.17752,0.0599668,0.0554207
429.053,1,1,43.8714,-17.6148,-16.2794,0.17752,-0.0599668,-0.0554207

orb:1,1,2.29743,1.06277,3.16045,0,0,-2.73714ptc:426.168,0,1,-45.9659,-19.6723,-0.371091,-0.183581,-0.066912,-0.0012622
426.168,1,1,45.9659,19.6723,0.371091,0.183581,0.066912,0.0012622

orb:1,1,3.69772,1.09928,2.28947,0,0,-2.63841ptc:429.148,0,1,-43.8026,-15.8742,18.1478,-0.177321,-0.0540432,0.0617835
429.148,1,1,43.8026,15.8742,-18.1478,0.177321,0.0540432,-0.0617835

orb:1,1,3.09536,1.08372,3.06232,0,0,-2.6774ptc:427.895,0,1,-44.7091,-22.3149,1.77268,-0.179937,-0.0759402,0.00603263
427.895,1,1,44.7091,22.3149,-1.77268,0.179937,0.0759402,-0.00603263

orb:1,1,2.89841,1.07859,4.5039,0,0,-2.69117ptc:427.476,0,1,-45.0132,-4.50546,-21.2959,-0.180817,-0.0153306,-0.072463
427.476,1,1,45.0132,4.50546,21.2959,0.180817,0.0153306,0.072463

orb:1,1,0.513731,1.01437,4.14129,0,0,-2.94514ptc:421.99,0,1,-49.0383,-5.27559,-8.21082,-0.192565,-0.017923,-0.027895
421.99,1,1,49.0383,5.27559,8.21082,0.192565,0.017923,0.027895

orb:1,1,1.72773,1.04756,4.45169,0,0,-2.78792ptc:424.883,0,1,-46.9054,-4.46352,-16.732,-0.186317,-0.0151762,-0.0568896
424.883,1,1,46.9054,4.46352,16.732,0.186317,0.0151762,0.0568896

orb:1,1,5.39792,1.14203,4.77332,0,0,-2.54698ptc:432.465,0,1,-41.4183,1.70567,-27.9573,-0.170492,0.00581337,-0.0952862
432.465,1,1,41.4183,-1.70567,27.9573,0.170492,-0.00581337,0.0952862

orb:1,1,3.79343,1.10173,0.194064,0,0,-2.6326ptc:429.343,0,1,-43.6617,23.9077,4.69875,-0.176916,0.0813979,0.0159977
429.343,1,1,43.6617,-23.9077,-4.69875,0.176916,-0.0813979,-0.0159977

orb:1,1,0.928343,1.02583,2.26037,0,0,-2.8792ptc:423.003,0,1,-48.2886,-8.2513,10.0062,-0.190363,-0.0280402,0.0340037
423.003,1,1,48.2886,8.2513,-10.0062,0.190363,0.0280402,-0.0340037

orb:1,1,4.01187,1.1073,1.11874,0,0,-2.61968ptc:429.785,0,1,-43.3433,10.8885,22.4232,-0.176,0.037077,0.0763546
429.785,1,1,43.3433,-10.8885,-22.4232,0.176,-0.037077,-0.0763546

orb:1,1,0.124042,1.00349,1.20555,0,0,-3.04446ptc:421.014,0,1,-49.7643,1.73193,4.52906,-0.194704,0.00588247,0.0153829
421.014,1,1,49.7643,-1.73193,-4.52906,0.194704,-0.00588247,-0.0153829

orb:1,1,1.46577,1.04049,5.95905,0,0,-2.81456ptc:424.277,0,1,-47.3501,15.2251,-5.11535,-0.187615,0.0517574,-0.0173895
424.277,1,1,47.3501,-15.2251,5.11535,0.187615,-0.0517574,0.0173895

orb:1,1,1.27206,1.03523,4.4959,0,0,-2.83605ptc:423.823,0,1,-47.6842,-3.23068,-14.6894,-0.188593,-0.0109812,-0.04993
423.823,1,1,47.6842,3.23068,14.6894,0.188593,0.0109812,0.04993

orb:1,1,1.15142,1.03194,2.97423,0,0,-2.85037ptc:423.537,0,1,-47.8946,-14.1557,2.39151,-0.189209,-0.048112,0.00812819
423.537,1,1,47.8946,14.1557,-2.39151,0.189209,0.048112,-0.00812819

orb:1,1,5.33884,1.14057,4.90876,0,0,-2.5498ptc:432.355,0,1,-41.4972,5.44198,-27.3563,-0.170717,0.018547,-0.093234
432.355,1,1,41.4972,-5.44198,27.3563,0.170717,-0.018547,0.093234

orb:1,1,5.62266,1.14756,0.565874,0,0,-2.53644ptc:432.882,0,1,-41.1208,24.0105,15.2506,-0.169645,0.0818464,0.0519858
432.882,1,1,41.1208,-24.0105,-15.2506,0.169645,-0.0818464,-0.0519858

orb:1,1,2.01557,1.05527,3.41104,0,0,-2.76121ptc:425.537,0,1,-46.4261,-17.894,-4.94163,-0.18492,-0.0608521,-0.016805
425.537,1,1,46.4261,17.894,4.94163,0.18492,0.0608521,0.016805

orb:1,1,2.48185,1.06765,4.18245,0,0,-2.72233ptc:426.574,0,1,-45.6694,-10.2888,-17.5626,-0.18272,-0.0349996,-0.0597432
426.574,1,1,45.6694,10.2888,17.5626,0.18272,0.0349996,0.0597432

orb:1,1,4.87664,1.12909,4.16518,0,0,-2.57266ptc:431.481,0,1,-42.1237,-14.0155,-23.0034,-0.172505,-0.0477521,-0.0783751
431.481,1,1,42.1237,14.0155,23.0034,0.172505,0.0477521,0.0783751

orb:1,1,3.852,1.10322,5.86379,0,0,-2.62909ptc:429.462,0,1,-43.5759,22.3934,-9.98391,-0.176669,0.076245,-0.0339933
429.462,1,1,43.5759,-22.3934,9.98391,0.176669,-0.076245,0.0339933

orb:1,1,0.104639,1.00294,2.55739,0,0,-3.05235ptc:420.964,0,1,-49.801,-3.71701,2.45765,-0.194812,-0.0126246,0.00834724
420.964,1,1,49.801,3.71701,-2.45765,0.194812,0.0126246,-0.00834724

orb:1,1,3.72032,1.09986,0.858364,0,0,-2.63703ptc:429.194,0,1,-43.7692,15.8002,18.2923,-0.177225,0.0537921,0.0622762
429.194,1,1,43.7692,-15.8002,-18.2923,0.177225,-0.0537921,-0.0622762

orb:1,1,4.52933,1.12039,3.49306,0,0,-2.59082ptc:430.809,0,1,-42.6059,-24.5679,-9.00879,-0.173884,-0.083686,-0.0306869
430.809,1,1,42.6059,24.5679,9.00879,0.173884,0.083686,0.0306869

orb:1,1,3.93795,1.10542,1.66062,0,0,-2.624ptc:429.636,0,1,-43.4506,-2.21917,24.6399,-0.176308,-0.00755626,0.0838987
429.636,1,1,43.4506,2.21917,-24.6399,0.176308,0.00755626,-0.0838987

orb:1,1,0.817034,1.02277,4.72072,0,0,-2.89501ptc:422.734,0,1,-48.4876,0.101643,-12.204,-0.190947,0.000345386,-0.0414696
422.734,1,1,48.4876,-0.101643,12.204,0.190947,-0.000345386,0.0414696

orb:1,1,2.18091,1.05968,3.83597,0,0,-2.74686ptc:425.908,0,1,-46.1551,-14.7757,-12.304,-0.184131,-0.0502532,-0.0418468
425.908,1,1,46.1551,14.7757,12.304,0.184131,0.0502532,0.0418468

orb:1,1,2.83592,1.07696,4.24559,0,0,-2.69566ptc:427.342,0,1,-45.1105,-9.70494,-19.2577,-0.181099,-0.0330213,-0.0655249
427.342,1,1,45.1105,9.70494,19.2577,0.181099,0.0330213,0.0655249

orb:1,1,0.649758,1.01815,4.38921,0,0,-2.92113ptc:422.326,0,1,-48.7898,-3.47252,-10.3682,-0.191835,-0.0117984,-0.0352274
422.326,1,1,48.7898,3.47252,10.3682,0.191835,0.0117984,0.0352274

orb:1,1,4.15162,1.11085,0.77186,0,0,-2.61165ptc:430.064,0,1,-43.1418,18.1118,17.6279,-0.175421,0.0616793,0.0600315
430.064,1,1,43.1418,-18.1118,-17.6279,0.175421,-0.0616793,-0.0600315

orb:1,1,4.68126,1.12421,0.266626,0,0,-2.58276ptc:431.105,0,1,-42.3937,25.5731,6.98477,-0.173277,0.087119,0.0237948
431.105,1,1,42.3937,-25.5731,-6.98477,0.173277,-0.087119,-0.0237948

orb:1,1,5.10801,1.13485,4.5504,0,0,-2.56104ptc:431.921,0,1,-41.808,-4.42296,-27.0653,-0.171603,-0.0150718,-0.0922282
431.921,1,1,41.808,4.42296,27.0653,0.171603,0.0150718,0.0922282

orb:1,1,2.59997,1.07077,0.179101,0,0,-2.71319ptc:426.832,0,1,-45.4815,20.4387,3.70023,-0.182174,0.0695325,0.0125882
426.832,1,1,45.4815,-20.4387,-3.70023,0.182174,-0.0695325,-0.0125882

orb:1,1,5.41324,1.14241,2.83052,0,0,-2.54625ptc:432.494,0,1,-41.3979,-26.6937,8.58237,-0.170434,-0.0909803,0.0292514
432.494,1,1,41.3979,26.6937,-8.58237,0.170434,0.0909803,-0.0292514

orb:1,1,1.40755,1.03891,0.127514,0,0,-2.82084ptc:424.141,0,1,-47.45,15.6358,2.00466,-0.187908,0.0531515,0.00681451
424.141,1,1,47.45,-15.6358,-2.00466,0.187908,-0.0531515,-0.00681451

orb:1,1,1.07066,1.02973,3.32995,0,0,-2.86042ptc:423.345,0,1,-48.0365,-13.6287,-2.5978,-0.189624,-0.0463185,-0.00882886
423.345,1,1,48.0365,13.6287,2.5978,0.189624,0.0463185,0.00882886

orb:1,1,0.503645,1.01409,6.28208,0,0,-2.94705ptc:421.965,0,1,-49.0568,9.66603,-0.0106427,-0.19262,0.0328386,-3.61568e-05
421.965,1,1,49.0568,-9.66603,0.0106427,0.19262,-0.0328386,3.61568e-05

orb:1,1,0.371426,1.01041,1.58458,0,0,-2.97418ptc:421.637,0,1,-49.3009,-0.114807,8.331,-0.193338,-0.000390002,0.0283007
421.637,1,1,49.3009,0.114807,-8.331,0.193338,0.000390002,-0.0283007

orb:1,1,3.23685,1.0874,3.07773,0,0,-2.66783ptc:428.194,0,1,-44.493,-22.7652,1.45577,-0.179313,-0.0774797,0.00495461
428.194,1,1,44.493,22.7652,-1.45577,0.179313,0.0774797,-0.00495461

orb:1,1,4.20422,1.11219,1.5197,0,0,-2.60868ptc:430.169,0,1,-43.0665,1.29742,25.3692,-0.175205,0.00441848,0.0863972
430.169,1,1,43.0665,-1.29742,-25.3692,0.175205,-0.00441848,-0.0863972

orb:1,1,3.59451,1.09663,4.88045,0,0,-2.64479ptc:428.937,0,1,-43.9554,3.98622,-23.4953,-0.177762,0.01357,-0.0799834
428.937,1,1,43.9554,-3.98622,23.4953,0.177762,-0.01357,0.0799834

orb:1,1,4.31699,1.11504,5.18293,0,0,-2.60238ptc:430.392,0,1,-42.9057,11.6394,-22.8829,-0.174744,0.0396421,-0.0779356
430.392,1,1,42.9057,-11.6394,22.8829,0.174744,-0.0396421,0.0779356

orb:1,1,0.945735,1.02631,3.31025,0,0,-2.87683ptc:423.045,0,1,-48.2577,-12.8985,-2.19635,-0.190273,-0.0438331,-0.00746389
423.045,1,1,48.2577,12.8985,2.19635,0.190273,0.0438331,0.00746389

orb:1,1,4.84301,1.12826,1.08509,0,0,-2.57438ptc:431.416,0,1,-42.17,12.5412,23.7574,-0.172637,0.042728,0.080942
431.416,1,1,42.17,-12.5412,-23.7574,0.172637,-0.042728,-0.080942

orb:1,1,3.23678,1.0874,4.47292,0,0,-2.66784ptc:428.193,0,1,-44.4931,-5.4105,-22.1606,-0.179313,-0.0184143,-0.0754218
428.193,1,1,44.4931,5.4105,22.1606,0.179313,0.0184143,0.0754218

orb:1,1,1.80458,1.04962,6.09763,0,0,-2.78055ptc:425.059,0,1,-46.7765,17.3591,-3.25863,-0.185941,0.059025,-0.0110801
425.059,1,1,46.7765,-17.3591,3.25863,0.185941,-0.059025,0.0110801

orb:1,1,0.621669,1.01737,1.59252,0,0,-2.92585ptc:422.257,0,1,-48.8409,-0.232549,10.7011,-0.191985,-0.000790105,0.036358
422.257,1,1,48.8409,0.232549,-10.7011,0.191985,0.000790105,-0.036358

orb:1,1,5.39438,1.14194,4.11813,0,0,-2.54715ptc:432.459,0,1,-41.4231,-15.6783,-23.2017,-0.170505,-0.0534359,-0.0790776
432.459,1,1,41.4231,15.6783,23.2017,0.170505,0.0534359,0.0790776

orb:1,1,4.94005,1.13068,4.52398,0,0,-2.56944ptc:431.602,0,1,-42.0368,-5.07043,-26.5932,-0.172256,-0.0172762,-0.0906097
431.602,1,1,42.0368,5.07043,26.5932,0.172256,0.0172762,0.0906097

orb:1,1,3.85145,1.10321,2.66386,0,0,-2.62912ptc:429.461,0,1,-43.5767,-21.7718,11.272,-0.176671,-0.0741288,0.0383789
429.461,1,1,43.5767,21.7718,-11.272,0.176671,0.0741288,-0.0383789

orb:1,1,0.859218,1.02393,4.83522,0,0,-2.88889ptc:422.836,0,1,-48.412,1.53161,-12.4068,-0.190725,0.0052046,-0.0421599
422.836,1,1,48.412,-1.53161,12.4068,0.190725,-0.0052046,0.0421599

orb:1,1,1.99304,1.05467,3.67043,0,0,-2.76322ptc:425.487,0,1,-46.4633,-15.9474,-9.31889,-0.185028,-0.0542316,-0.0316902
425.487,1,1,46.4633,15.9474,9.31889,0.185028,0.0542316,0.0316902

orb:1,1,4.9922,1.13198,3.22149,0,0,-2.56681ptc:431.701,0,1,-41.9655,-27.0959,-2.16959,-0.172053,-0.0923257,-0.00739259
431.701,1,1,41.9655,27.0959,2.16959,0.172053,0.0923257,0.00739259

orb:1,1,0.906816,1.02524,3.58015,0,0,-2.88218ptc:422.951,0,1,-48.327,-11.6121,-5.44624,-0.190476,-0.0394604,-0.0185075
422.951,1,1,48.327,11.6121,5.44624,0.190476,0.0394604,0.0185075

orb:1,1,4.74008,1.12568,4.52112,0,0,-2.57969ptc:431.218,0,1,-42.3121,-5.06446,-26.1541,-0.173043,-0.0172536,-0.0891015
431.218,1,1,42.3121,5.06446,26.1541,0.173043,0.0172536,0.0891015

orb:1,1,4.8556,1.12857,2.96334,0,0,-2.57373ptc:431.441,0,1,-42.1527,-26.4654,4.76818,-0.172587,-0.0901691,0.0162454
431.441,1,1,42.1527,26.4654,-4.76818,0.172587,0.0901691,-0.0162454

orb:1,1,0.245705,1.0069,6.158,0,0,-3.00515ptc:421.321,0,1,-49.5353,6.74755,-0.849125,-0.194029,0.0229198,-0.00288427
421.321,1,1,49.5353,-6.74755,0.849125,0.194029,-0.0229198,0.00288427

orb:1,1,2.61934,1.07127,5.69529,0,0,-2.71171ptc:426.874,0,1,-45.4508,17.3395,-11.557,-0.182085,0.0589897,-0.0393176
426.874,1,1,45.4508,-17.3395,11.557,0.182085,-0.0589897,0.0393176

orb:1,1,4.41142,1.11742,5.93609,0,0,-2.59719ptc:430.578,0,1,-42.7719,24.351,-8.80867,-0.17436,0.0829411,-0.0300028
430.578,1,1,42.7719,-24.351,8.80867,0.17436,-0.0829411,0.0300028

orb:1,1,3.19701,1.08636,0.11736,0,0,-2.6705ptc:428.11,0,1,-44.5536,22.5369,2.65714,-0.179488,0.0767008,0.00904316
428.11,1,1,44.5536,-22.5369,-2.65714,0.179488,-0.0767008,-0.00904316

orb:1,1,0.843694,1.0235,0.847698,0,0,-2.89112ptc:422.798,0,1,-48.4398,8.2005,9.29166,-0.190807,0.027866,0.0315738
422.798,1,1,48.4398,-8.2005,-9.29166,0.190807,-0.027866,-0.0315738

orb:1,1,3.61606,1.09718,1.20444,0,0,-2.64344ptc:428.981,0,1,-43.9234,8.55785,22.3046,-0.17767,0.0291333,0.0759309
428.981,1,1,43.9234,-8.55785,-22.3046,0.17767,-0.0291333,-0.0759309

orb:1,1,2.38953,1.06521,2.68859,0,0,-2.72966ptc:426.371,0,1,-45.8174,-18,8.76184,-0.183149,-0.0612274,0.0298037
426.371,1,1,45.8174,18,-8.76184,0.183149,0.0612274,-0.0298037

orb:1,1,0.42365,1.01187,4.94095,0,0,-2.96294ptc:421.767,0,1,-49.2042,2.01315,-8.65411,-0.193054,0.00683897,-0.0293993
421.767,1,1,49.2042,-2.01315,8.65411,0.193054,-0.00683897,0.0293993

orb:1,1,3.39239,1.09142,1.40951,0,0,-2.65762ptc:428.519,0,1,-44.2577,3.73596,22.9629,-0.178634,0.0127164,0.0781607
428.519,1,1,44.2577,-3.73596,-22.9629,0.178634,-0.0127164,-0.0781607

orb:1,1,0.634233,1.01772,5.52969,0,0,-2.92372ptc:422.287,0,1,-48.818,7.88194,-7.39437,-0.191918,0.0267798,-0.0251232
422.287,1,1,48.818,-7.88194,7.39437,0.191918,-0.0267798,0.0251232

orb:1,1,1.19597,1.03315,4.80073,0,0,-2.84499ptc:423.643,0,1,-47.8167,1.28936,-14.5568,-0.18898,0.00438235,-0.0494765
423.643,1,1,47.8167,-1.28936,14.5568,0.18898,-0.00438235,0.0494765

orb:1,1,1.90861,1.05241,5.5627,0,0,-2.77086ptc:425.296,0,1,-46.6031,13.6131,-11.9513,-0.185435,0.0462909,-0.0406399
425.296,1,1,46.6031,-13.6131,11.9513,0.185435,-0.0462909,0.0406399

orb:1,1,3.47829,1.09364,2.67013,0,0,-2.65211ptc:428.697,0,1,-44.1288,-20.9438,10.6774,-0.178262,-0.071292,0.0363456
428.697,1,1,44.1288,20.9438,-10.6774,0.178262,0.071292,-0.0363456

orb:1,1,5.01597,1.13257,0.512181,0,0,-2.56562ptc:431.747,0,1,-41.9331,23.7381,13.3462,-0.17196,0.0808855,0.0454759
431.747,1,1,41.9331,-23.7381,-13.3462,0.17196,-0.0808855,-0.0454759

orb:1,1,4.06422,1.10863,5.22442,0,0,-2.61665ptc:429.89,0,1,-43.2676,12.2772,-21.8445,-0.175783,0.0418072,-0.0743867
429.89,1,1,43.2676,-12.2772,21.8445,0.175783,-0.0418072,0.0743867

orb:1,1,2.08125,1.05703,6.22181,0,0,-2.75543ptc:425.685,0,1,-46.3181,18.7963,-1.1551,-0.184605,0.0639234,-0.00392832
425.685,1,1,46.3181,-18.7963,1.1551,0.184605,-0.0639234,0.00392832

orb:1,1,3.25697,1.08792,5.9685,0,0,-2.6665ptc:428.236,0,1,-44.4624,21.7481,-7.07904,-0.179225,0.0740191,-0.0240933
428.236,1,1,44.4624,-21.7481,7.07904,0.179225,-0.0740191,0.0240933

orb:1,1,0.316277,1.00887,1.37579,0,0,-2.98697ptc:421.499,0,1,-49.4035,1.49212,7.55447,-0.19364,0.00506859,0.0256618
421.499,1,1,49.4035,-1.49212,-7.55447,0.19364,-0.00506859,-0.0256618

orb:1,1,0.914268,1.02544,3.77681,0,0,-2.88114ptc:422.969,0,1,-48.3137,-10.3643,-7.63982,-0.190437,-0.0352203,-0.0259619
422.969,1,1,48.3137,10.3643,7.63982,0.190437,0.0352203,0.0259619

orb:1,1,0.834367,1.02324,3.98878,0,0,-2.89248ptc:422.776,0,1,-48.4565,-8.16187,-9.23837,-0.190856,-0.0277345,-0.0313925
422.776,1,1,48.4565,8.16187,9.23837,0.190856,0.0277345,0.0313925

orb:1,1,0.834131,1.02324,5.32852,0,0,-2.89251ptc:422.775,0,1,-48.457,7.12277,-10.0593,-0.190857,0.0242036,-0.034182
422.775,1,1,48.457,-7.12277,10.0593,0.190857,-0.0242036,0.034182

orb:1,1,2.25093,1.06154,4.84951,0,0,-2.74098ptc:426.064,0,1,-46.0412,2.66539,-19.3159,-0.1838,0.0090656,-0.0656977
426.064,1,1,46.0412,-2.66539,19.3159,0.1838,-0.0090656,0.0656977

orb:1,1,0.968863,1.02694,5.99463,0,0,-2.8737ptc:423.101,0,1,-48.2166,12.6876,-3.76616,-0.190152,0.0431172,-0.0127988
423.101,1,1,48.2166,-12.6876,3.76616,0.190152,-0.0431172,0.0127988

orb:1,1,3.24721,1.08767,4.65806,0,0,-2.66714ptc:428.215,0,1,-44.4772,-1.24037,-22.8087,-0.179267,-0.00422152,-0.0776282
428.215,1,1,44.4772,1.24037,22.8087,0.179267,0.00422152,0.0776282

orb:1,1,1.81275,1.04984,6.2291,0,0,-2.77978ptc:425.077,0,1,-46.7628,17.6726,-0.956727,-0.185901,0.0600912,-0.0032531
425.077,1,1,46.7628,-17.6726,0.956727,0.185901,-0.0600912,0.0032531

orb:1,1,1.04879,1.02913,6.18947,0,0,-2.86321ptc:423.292,0,1,-48.0751,13.6795,-1.28581,-0.189737,0.0464905,-0.00436989
423.292,1,1,48.0751,-13.6795,1.28581,0.189737,-0.0464905,0.00436989

orb:1,1,4.6223,1.12273,1.71423,0,0,-2.58587ptc:430.99,0,1,-42.4758,-3.77056,26.1072,-0.173512,-0.0128445,0.088935
430.99,1,1,42.4758,3.77056,-26.1072,0.173512,0.0128445,-0.088935

orb:1,1,4.67357,1.12401,1.28906,0,0,-2.58316ptc:431.09,0,1,-42.4044,7.36572,25.4482,-0.173307,0.0250924,0.0866929
431.09,1,1,42.4044,-7.36572,-25.4482,0.173307,-0.0250924,-0.0866929

orb:1,1,0.666665,1.01861,0.520645,0,0,-2.91834ptc:422.367,0,1,-48.7591,9.60352,5.50684,-0.191745,0.0326298,0.0187105
422.367,1,1,48.7591,-9.60352,-5.50684,0.191745,-0.0326298,-0.0187105

orb:1,1,2.69197,1.07318,5.09675,0,0,-2.70624ptc:427.032,0,1,-45.3361,7.90665,-19.5479,-0.181753,0.0269001,-0.0665059
427.032,1,1,45.3361,-7.90665,19.5479,0.181753,-0.0269001,0.0665059

orb:1,1,3.38367,1.0912,0.799805,0,0,-2.65819ptc:428.5,0,1,-44.2708,16.1946,16.6681,-0.178671,0.0551226,0.0567342
428.5,1,1,44.2708,-16.1946,-16.6681,0.178671,-0.0551226,-0.0567342

orb:1,1,0.164191,1.00462,1.32074,0,0,-3.02991ptc:421.115,0,1,-49.6885,1.3789,5.399,-0.19448,0.00468352,0.0183381
421.115,1,1,49.6885,-1.3789,-5.399,0.19448,-0.00468352,-0.0183381

orb:1,1,1.93063,1.053,6.20929,0,0,-2.76885ptc:425.345,0,1,-46.5666,18.159,-1.34439,-0.185329,0.0617497,-0.00457162
425.345,1,1,46.5666,-18.159,1.34439,0.185329,-0.0617497,0.00457162

orb:1,1,1.84932,1.05082,0.701055,0,0,-2.77635ptc:425.161,0,1,-46.7018,13.6472,11.5195,-0.185723,0.0464048,0.0391699
425.161,1,1,46.7018,-13.6472,-11.5195,0.185723,-0.0464048,-0.0391699

orb:1,1,3.34041,1.09008,3.8782,0,0,-2.661ptc:428.41,0,1,-44.3361,-17.1227,-15.5282,-0.17886,-0.0582798,-0.0528527
428.41,1,1,44.3361,17.1227,15.5282,0.17886,0.0582798,0.0528527

orb:1,1,3.29776,1.08898,2.33279,0,0,-2.6638ptc:428.321,0,1,-44.4006,-15.8722,16.6332,-0.179046,-0.054022,0.056612
428.321,1,1,44.4006,15.8722,-16.6332,0.179046,0.054022,-0.056612

orb:1,1,3.81179,1.1022,1.56518,0,0,-2.63149ptc:429.381,0,1,-43.6348,0.13701,24.4129,-0.176838,0.000466481,0.0831188
429.381,1,1,43.6348,-0.13701,-24.4129,0.176838,-0.000466481,-0.0831188

orb:1,1,0.99276,1.0276,2.70351,0,0,-2.87052ptc:423.158,0,1,-48.1742,-12.124,5.67936,-0.190028,-0.0412023,0.0193008
423.158,1,1,48.1742,12.124,-5.67936,0.190028,0.0412023,-0.0193008

orb:1,1,4.43146,1.11793,4.6775,0,0,-2.5961ptc:430.618,0,1,-42.7436,-0.904926,-25.9262,-0.174279,-0.00308227,-0.0883072
430.618,1,1,42.7436,0.904926,25.9262,0.174279,0.00308227,0.0883072

orb:1,1,5.11506,1.13503,5.22325,0,0,-2.56069ptc:431.935,0,1,-41.7984,13.4157,-23.9355,-0.171576,0.0457158,-0.0815636
431.935,1,1,41.7984,-13.4157,23.9355,0.171576,-0.0457158,0.0815636

orb:1,1,0.694325,1.01938,2.40405,0,0,-2.91385ptc:422.435,0,1,-48.7089,-8.35523,7.59156,-0.191597,-0.028389,0.0257942
422.435,1,1,48.7089,8.35523,-7.59156,0.191597,0.028389,-0.0257942

orb:1,1,1.43361,1.03962,1.40732,0,0,-2.81802ptc:424.202,0,1,-47.4052,2.58738,15.686,-0.187777,0.00879554,0.0533231
424.202,1,1,47.4052,-2.58738,-15.686,0.187777,-0.00879554,-0.0533231

orb:1,1,3.17401,1.08577,3.58385,0,0,-2.67205ptc:428.062,0,1,-44.5887,-20.4473,-9.68269,-0.179589,-0.0695881,-0.0329529
428.062,1,1,44.5887,20.4473,9.68269,0.179589,0.0695881,0.0329529

orb:1,1,1.56111,1.04307,0.869992,0,0,-2.80458ptc:424.499,0,1,-47.1873,10.6614,12.637,-0.18714,0.0362454,0.0429619
424.499,1,1,47.1873,-10.6614,-12.637,0.18714,-0.0362454,-0.0429619

orb:1,1,5.56915,1.14625,0.647224,0,0,-2.53892ptc:432.783,0,1,-41.1913,22.6103,17.0896,-0.169845,0.0770707,0.0582526
432.783,1,1,41.1913,-22.6103,-17.0896,0.169845,-0.0770707,-0.0582526

orb:1,1,4.23624,1.113,2.19143,0,0,-2.60688ptc:430.233,0,1,-43.0207,-14.8177,20.7281,-0.175074,-0.0504642,0.0705931
430.233,1,1,43.0207,14.8177,-20.7281,0.175074,0.0504642,-0.0705931

orb:1,1,2.13375,1.05842,0.0539848,0,0,-2.75089ptc:425.803,0,1,-46.2321,19.0142,1.02748,-0.184355,0.0646667,0.00349441
425.803,1,1,46.2321,-19.0142,-1.02748,0.184355,-0.0646667,-0.00349441

orb:1,1,3.0845,1.08344,5.71831,0,0,-2.67814ptc:427.873,0,1,-44.7257,18.8796,-11.9653,-0.179985,0.064249,-0.0407189
427.873,1,1,44.7257,-18.8796,11.9653,0.179985,-0.064249,0.0407189

orb:1,1,4.51775,1.1201,2.1051,0,0,-2.59144ptc:430.787,0,1,-42.6221,-13.3122,22.4975,-0.173931,-0.0453453,0.0766332
430.787,1,1,42.6221,13.3122,-22.4975,0.173931,0.0453453,-0.0766332

orb:1,1,1.36487,1.03775,5.34583,0,0,-2.82554ptc:424.041,0,1,-47.5235,9.19894,-12.5257,-0.188123,0.0312695,-0.0425779
424.041,1,1,47.5235,-9.19894,12.5257,0.188123,-0.0312695,0.0425779

orb:1,1,2.89931,1.07861,2.31731,0,0,-2.69111ptc:427.478,0,1,-45.0118,-14.7838,15.9806,-0.180813,-0.0503045,0.0543768
427.478,1,1,45.0118,14.7838,-15.9806,0.180813,0.0503045,-0.0543768

orb:1,1,4.7221,1.12523,2.81573,0,0,-2.58063ptc:431.184,0,1,-42.337,-25.2005,8.51534,-0.173115,-0.0858519,0.0290097
431.184,1,1,42.337,25.2005,-8.51534,0.173115,0.0858519,-0.0290097

orb:1,1,5.40054,1.1421,5.93928,0,0,-2.54686ptc:432.47,0,1,-41.4149,26.3741,-9.44555,-0.170482,0.0898902,-0.0321931
432.47,1,1,41.4149,-26.3741,9.44555,0.170482,-0.0898902,0.0321931

orb:1,1,0.26251,1.00737,3.35647,0,0,-3.0006ptc:421.364,0,1,-49.5039,-6.86456,-1.49815,-0.193936,-0.0233175,-0.00508889
421.364,1,1,49.5039,6.86456,1.49815,0.193936,0.0233175,0.00508889

orb:1,1,4.22489,1.11271,2.29678,0,0,-2.60751ptc:430.21,0,1,-43.0369,-16.8972,19.0344,-0.17512,-0.0575458,0.0648243
430.21,1,1,43.0369,16.8972,-19.0344,0.17512,0.0575458,-0.0648243

orb:1,1,5.56249,1.14608,4.86499,0,0,-2.53923ptc:432.771,0,1,-41.2001,4.30634,-28.0002,-0.16987,0.0146788,-0.0954427
432.771,1,1,41.2001,-4.30634,28.0002,0.16987,-0.0146788,0.0954427

orb:1,1,3.61289,1.0971,5.43198,0,0,-2.64364ptc:428.974,0,1,-43.9281,15.7396,-17.9606,-0.177683,0.0535817,-0.0611428
428.974,1,1,43.9281,-15.7396,17.9606,0.177683,-0.0535817,0.0611428

orb:1,1,3.67383,1.09866,3.76911,0,0,-2.63987ptc:429.099,0,1,-43.8379,-19.4655,-14.1186,-0.177423,-0.0662685,-0.0480654
429.099,1,1,43.8379,19.4655,14.1186,0.177423,0.0662685,0.0480654

orb:1,1,1.39129,1.03847,4.74063,0,0,-2.82263ptc:424.103,0,1,-47.478,0.442733,-15.6731,-0.187989,0.00150498,-0.0532775
424.103,1,1,47.478,-0.442733,15.6731,0.187989,-0.00150498,0.0532775

orb:1,1,3.30996,1.08929,3.66141,0,0,-2.663ptc:428.347,0,1,-44.3821,-19.985,-11.4379,-0.178993,-0.0680209,-0.0389301
428.347,1,1,44.3821,19.985,11.4379,0.178993,0.0680209,0.0389301

orb:1,1,4.25885,1.11357,1.1221,0,0,-2.60561ptc:430.277,0,1,-42.9884,11.0766,23.0066,-0.174981,0.0377237,0.0783539
430.277,1,1,42.9884,-11.0766,-23.0066,0.174981,-0.0377237,-0.0783539

orb:1,1,5.36996,1.14134,5.48695,0,0,-2.54832ptc:432.413,0,1,-41.4556,19.5512,-19.9795,-0.170598,0.0666347,-0.0680943
432.413,1,1,41.4556,-19.5512,19.9795,0.170598,-0.0666347,0.0680943

orb:1,1,1.52327,1.04204,3.06366,0,0,-2.8085ptc:424.411,0,1,-47.2518,-16.2988,1.27273,-0.187328,-0.0554095,0.00432678
424.411,1,1,47.2518,16.2988,-1.27273,0.187328,0.0554095,-0.00432678

orb:1,1,4.36405,1.11623,5.17971,0,0,-2.59979ptc:430.485,0,1,-42.8389,11.6156,-23.0197,-0.174552,0.0395623,-0.0784039
430.485,1,1,42.8389,-11.6156,23.0197,0.174552,-0.0395623,0.0784039

orb:1,1,2.98531,1.08086,1.12485,0,0,-2.68502ptc:427.662,0,1,-44.8785,9.50771,19.8878,-0.180427,0.0323534,0.0676753
427.662,1,1,44.8785,-9.50771,-19.8878,0.180427,-0.0323534,-0.0676753

orb:1,1,2.48388,1.06771,5.30857,0,0,-2.72217ptc:426.579,0,1,-45.6662,11.4328,-16.849,-0.18271,0.0388915,-0.057316
426.579,1,1,45.6662,-11.4328,16.849,0.18271,-0.0388915,0.057316

orb:1,1,2.04964,1.05618,4.02318,0,0,-2.7582ptc:425.614,0,1,-46.37,-11.8941,-14.4344,-0.184757,-0.0404491,-0.0490881
425.614,1,1,46.37,11.8941,14.4344,0.184757,0.0404491,0.0490881

orb:1,1,4.32682,1.11529,1.71224,0,0,-2.60184ptc:430.412,0,1,-42.8917,-3.62239,25.4397,-0.174703,-0.0123374,0.0866443
430.412,1,1,42.8917,3.62239,-25.4397,0.174703,0.0123374,-0.0866443

orb:1,1,4.59984,1.12216,2.73691,0,0,-2.58705ptc:430.947,0,1,-42.5072,-24.201,10.3658,-0.173602,-0.0824402,0.035311
430.947,1,1,42.5072,24.201,-10.3658,0.173602,0.0824402,-0.035311

orb:1,1,2.856,1.07748,2.82241,0,0,-2.69421ptc:427.386,0,1,-45.0792,-20.5378,6.78739,-0.181008,-0.0698814,0.0230946
427.386,1,1,45.0792,20.5378,-6.78739,0.181008,0.0698814,-0.0230946

orb:1,1,1.59951,1.0441,5.14668,0,0,-2.80065ptc:424.588,0,1,-47.122,7.03465,-15.1667,-0.186949,0.0239162,-0.0515632
424.588,1,1,47.122,-7.03465,15.1667,0.186949,-0.0239162,0.0515632

orb:1,1,5.57079,1.14629,5.95148,0,0,-2.53885ptc:432.786,0,1,-41.1891,26.8001,-9.23091,-0.169839,0.0913526,-0.031465
432.786,1,1,41.1891,-26.8001,9.23091,0.169839,-0.0913526,0.031465

orb:1,1,1.3108,1.03628,2.92801,0,0,-2.83161ptc:423.914,0,1,-47.617,-14.9053,3.23287,-0.188396,-0.0506651,0.0109889
423.914,1,1,47.617,14.9053,-3.23287,0.188396,0.0506651,-0.0109889

orb:1,1,0.780057,1.02175,5.54865,0,0,-2.90052ptc:422.644,0,1,-48.5541,8.85913,-8.00091,-0.191143,0.0301028,-0.0271866
422.644,1,1,48.5541,-8.85913,8.00091,0.191143,-0.0301028,0.0271866

orb:1,1,4.11732,1.10998,1.04892,0,0,-2.6136ptc:429.996,0,1,-43.1911,12.5573,21.8367,-0.175563,0.0427626,0.0743626
429.996,1,1,43.1911,-12.5573,-21.8367,0.175563,-0.0427626,-0.0743626

orb:1,1,2.21725,1.06064,4.61512,0,0,-2.7438ptc:425.989,0,1,-46.0959,-1.88113,-19.2777,-0.183959,-0.006398,-0.0655663
425.989,1,1,46.0959,1.88113,19.2777,0.183959,0.006398,0.0655663

orb:1,1,3.65127,1.09809,0.127506,0,0,-2.64126ptc:429.053,0,1,-43.8712,23.791,3.05003,-0.177519,0.080993,0.0103834
429.053,1,1,43.8712,-23.791,-3.05003,0.177519,-0.080993,-0.0103834

orb:1,1,1.96013,1.05379,6.17039,0,0,-2.76617ptc:425.412,0,1,-46.5177,18.2167,-2.06356,-0.185187,0.0619471,-0.00701729
425.412,1,1,46.5177,-18.2167,2.06356,0.185187,-0.0619471,0.00701729

orb:1,1,1.57259,1.04338,5.2996,0,0,-2.8034ptc:424.525,0,1,-47.1678,9.19112,-13.8103,-0.187083,0.0312471,-0.0469511
424.525,1,1,47.1678,-9.19112,13.8103,0.187083,-0.0312471,0.0469511

orb:1,1,3.76483,1.101,3.38207,0,0,-2.63432ptc:429.285,0,1,-43.7037,-23.5907,-5.78496,-0.177037,-0.080317,-0.0196955
429.285,1,1,43.7037,23.5907,5.78496,0.177037,0.080317,0.0196955

orb:1,1,1.98303,1.0544,3.39719,0,0,-2.76411ptc:425.464,0,1,-46.4798,-17.8302,-4.65919,-0.185076,-0.060634,-0.0158442
425.464,1,1,46.4798,17.8302,4.65919,0.185076,0.060634,0.0158442

orb:1,1,4.65475,1.12354,0.0931267,0,0,-2.58415ptc:431.053,0,1,-42.4306,26.3361,2.45971,-0.173382,0.0897168,0.00837927
431.053,1,1,42.4306,-26.3361,-2.45971,0.173382,-0.0897168,-0.00837927

orb:1,1,4.15479,1.11093,4.27517,0,0,-2.61147ptc:430.071,0,1,-43.1373,-10.7048,-22.9037,-0.175408,-0.036455,-0.0779983
430.071,1,1,43.1373,10.7048,22.9037,0.175408,0.036455,0.0779983

orb:1,1,5.09319,1.13449,1.14019,0,0,-2.56177ptc:431.893,0,1,-41.8281,11.4347,24.8929,-0.17166,0.0389648,0.0848248
431.893,1,1,41.8281,-11.4347,-24.8929,0.17166,-0.0389648,-0.0848248

orb:1,1,1.99853,1.05482,0.647134,0,0,-2.76273ptc:425.499,0,1,-46.4542,14.7543,11.1497,-0.185002,0.0501743,0.0379163
425.499,1,1,46.4542,-14.7543,-11.1497,0.185002,-0.0501743,-0.0379163

orb:1,1,0.179858,1.00506,0.532053,0,0,-3.02474ptc:421.155,0,1,-49.659,5.02367,2.95732,-0.194393,0.0170634,0.0100449
421.155,1,1,49.659,-5.02367,-2.95732,0.194393,-0.0170634,-0.0100449

orb:1,1,3.16649,1.08557,1.20931,0,0,-2.67256ptc:428.046,0,1,-44.6002,7.99325,21.1407,-0.179623,0.0272032,0.0719476
428.046,1,1,44.6002,-7.99325,-21.1407,0.179623,-0.0272032,-0.0719476

orb:1,1,5.13654,1.13556,1.01497,0,0,-2.55963ptc:431.975,0,1,-41.7694,14.5013,23.346,-0.171493,0.0494157,0.0795557
431.975,1,1,41.7694,-14.5013,-23.346,0.171493,-0.0494157,-0.0795557

orb:1,1,3.62021,1.09729,2.20661,0,0,-2.64319ptc:428.989,0,1,-43.9173,-14.1933,19.2308,-0.177652,-0.0483181,0.065467
428.989,1,1,43.9173,14.1933,-19.2308,0.177652,0.0483181,-0.065467

orb:1,1,2.01797,1.05534,3.41463,0,0,-2.761ptc:425.543,0,1,-46.4222,-17.8857,-5.00859,-0.184908,-0.0608239,-0.0170327
425.543,1,1,46.4222,17.8857,5.00859,0.184908,0.0608239,0.0170327

orb:1,1,2.54227,1.06925,0.855209,0,0,-2.71762ptc:426.706,0,1,-45.5731,13.4946,15.5237,-0.18244,0.045907,0.0528097
426.706,1,1,45.5731,-13.4946,-15.5237,0.18244,-0.045907,-0.0528097

orb:1,1,5.53961,1.14552,0.314942,0,0,-2.5403ptc:432.728,0,1,-41.2303,26.8942,8.76173,-0.169956,0.0916712,0.0298651
432.728,1,1,41.2303,-26.8942,-8.76173,0.169956,-0.0916712,-0.0298651

orb:1,1,4.20898,1.11231,4.25739,0,0,-2.60841ptc:430.178,0,1,-43.0597,-11.1685,-22.8283,-0.175185,-0.0380354,-0.0777441
430.178,1,1,43.0597,11.1685,22.8283,0.175185,0.0380354,0.0777441

orb:1,1,4.3939,1.11698,3.52793,0,0,-2.59815ptc:430.544,0,1,-42.7966,-23.9487,-9.74198,-0.174431,-0.0815698,-0.0331814
430.544,1,1,42.7966,23.9487,9.74198,0.174431,0.0815698,0.0331814

orb:1,1,4.98722,1.13185,5.17308,0,0,-2.56706ptc:431.692,0,1,-41.9723,12.0798,-24.3394,-0.172072,0.04116,-0.0829328
431.692,1,1,41.9723,-12.0798,24.3394,0.172072,-0.04116,0.0829328

orb:1,1,2.73185,1.07423,0.286306,0,0,-2.70328ptc:427.118,0,1,-45.2734,20.3569,5.99295,-0.181571,0.0692602,0.0203898
427.118,1,1,45.2734,-20.3569,-5.99295,0.181571,-0.0692602,-0.0203898

orb:1,1,3.30522,1.08917,2.70151,0,0,-2.66331ptc:428.337,0,1,-44.3893,-20.8201,9.80382,-0.179013,-0.0708629,0.0333681
428.337,1,1,44.3893,20.8201,-9.80382,0.179013,0.0708629,-0.0333681

orb:1,1,1.62655,1.04483,5.16075,0,0,-2.79792ptc:424.65,0,1,-47.0762,7.30306,-15.1821,-0.186815,0.0248292,-0.0516167
424.65,1,1,47.0762,-7.30306,15.1821,0.186815,-0.0248292,0.0516167

orb:1,1,3.69956,1.09932,5.42001,0,0,-2.6383ptc:429.152,0,1,-43.7999,15.676,-18.3258,-0.177314,0.0533684,-0.0623895
429.152,1,1,43.7999,-15.676,18.3258,0.177314,-0.0533684,0.0623895

orb:1,1,3.67383,1.09866,2.69993,0,0,-2.63987ptc:429.099,0,1,-43.8379,-21.7392,10.2786,-0.177423,-0.0740089,0.0349926
429.099,1,1,43.8379,21.7392,-10.2786,0.177423,0.0740089,-0.0349926

orb:1,1,0.62377,1.01743,2.63153,0,0,-2.92549ptc:422.262,0,1,-48.8371,-9.35644,5.23438,-0.191974,-0.0317894,0.0177843
422.262,1,1,48.8371,9.35644,-5.23438,0.191974,0.0317894,-0.0177843

orb:1,1,5.45566,1.14345,0.88198,0,0,-2.54425ptc:432.573,0,1,-41.3415,17.8754,21.7106,-0.170273,0.0609265,0.0739984
432.573,1,1,41.3415,-17.8754,-21.7106,0.170273,-0.0609265,-0.0739984

orb:1,1,1.91416,1.05256,2.7815,0,0,-2.77035ptc:425.308,0,1,-46.5939,-16.9753,6.39136,-0.185409,-0.0577239,0.0217336
425.308,1,1,46.5939,16.9753,-6.39136,0.185409,0.0577239,-0.0217336

orb:1,1,2.0602,1.05646,1.57657,0,0,-2.75727ptc:425.638,0,1,-46.3526,-0.108306,18.7462,-0.184706,-0.000368328,0.0637521
425.638,1,1,46.3526,0.108306,-18.7462,0.184706,0.000368328,-0.0637521

orb:1,1,3.35265,1.09039,4.68749,0,0,-2.6602ptc:428.436,0,1,-44.3176,-0.576388,-23.1434,-0.178806,-0.00196184,-0.078773
428.436,1,1,44.3176,0.576388,23.1434,0.178806,0.00196184,0.078773

orb:1,1,2.10144,1.05756,0.0882686,0,0,-2.75368ptc:425.731,0,1,-46.285,18.8394,1.66726,-0.184509,0.0640706,0.00567016
425.731,1,1,46.285,-18.8394,-1.66726,0.184509,-0.0640706,-0.00567016

orb:1,1,3.8706,1.1037,3.9719,0,0,-2.62798ptc:429.5,0,1,-43.5487,-16.5738,-18.1334,-0.176591,-0.0564312,-0.0617413
429.5,1,1,43.5487,16.5738,18.1334,0.176591,0.0564312,0.0617413

orb:1,1,3.06621,1.08297,5.75868,0,0,-2.6794ptc:427.834,0,1,-44.7538,19.2985,-11.1653,-0.180067,0.0656736,-0.0379959
427.834,1,1,44.7538,-19.2985,11.1653,0.180067,-0.0656736,0.0379959

orb:1,1,4.05078,1.10829,5.84563,0,0,-2.61742ptc:429.863,0,1,-43.287,22.667,-10.6037,-0.175838,0.0771869,-0.0361081
429.863,1,1,43.287,-22.667,10.6037,0.175838,-0.0771869,0.0361081

orb:1,1,0.946527,1.02633,1.08685,0,0,-2.87672ptc:423.047,0,1,-48.2563,6.09018,11.5862,-0.190269,0.0206963,0.0393737
423.047,1,1,48.2563,-6.09018,-11.5862,0.190269,-0.0206963,-0.0393737

orb:1,1,2.65177,1.07213,0.535138,0,0,-2.70926ptc:426.945,0,1,-45.3996,18.0207,10.6834,-0.181937,0.0613085,0.0363462
426.945,1,1,45.3996,-18.0207,-10.6834,0.181937,-0.0613085,-0.0363462

orb:1,1,1.71831,1.0473,2.02299,0,0,-2.78884ptc:424.861,0,1,-46.9213,-7.54779,15.5379,-0.186363,-0.0256627,0.0528293
424.861,1,1,46.9213,7.54779,-15.5379,0.186363,0.0256627,-0.0528293

orb:1,1,0.36253,1.01016,0.499996,0,0,-2.97617ptc:421.614,0,1,-49.3174,7.22558,3.94731,-0.193387,0.0245454,0.0134091
421.614,1,1,49.3174,-7.22558,-3.94731,0.193387,-0.0245454,-0.0134091

orb:1,1,1.2936,1.03581,2.43635,0,0,-2.83357ptc:423.874,0,1,-47.6468,-11.5425,9.82602,-0.188483,-0.0392341,0.0333995
423.874,1,1,47.6468,11.5425,-9.82602,0.188483,0.0392341,-0.0333995

orb:1,1,5.32193,1.14015,1.42625,0,0,-2.55062ptc:432.324,0,1,-41.5199,4.01291,27.5681,-0.170781,0.0136764,0.0939548
432.324,1,1,41.5199,-4.01291,-27.5681,0.170781,-0.0136764,-0.0939548

orb:1,1,3.38282,1.09117,5.74903,0,0,-2.65824ptc:428.499,0,1,-44.2721,20.0004,-11.8305,-0.178675,0.0680766,-0.0402683
428.499,1,1,44.2721,-20.0004,11.8305,0.178675,-0.0680766,0.0402683

orb:1,1,0.920641,1.02562,6.09084,0,0,-2.88026ptc:422.984,0,1,-48.3024,12.6801,-2.46944,-0.190404,0.0430901,-0.0083918
422.984,1,1,48.3024,-12.6801,2.46944,0.190404,-0.0430901,0.0083918

orb:1,1,4.1601,1.11107,4.32737,0,0,-2.61117ptc:430.081,0,1,-43.1297,-9.5002,-23.4431,-0.175386,-0.0323529,-0.0798353
430.081,1,1,43.1297,9.5002,23.4431,0.175386,0.0323529,0.0798353

orb:1,1,3.31288,1.08937,5.6672,0,0,-2.6628ptc:428.353,0,1,-44.3777,18.8014,-13.3089,-0.17898,0.0639924,-0.0452981
428.353,1,1,44.3777,-18.8014,13.3089,0.17898,-0.0639924,0.0452981

orb:1,1,0.903851,1.02515,3.2449,0,0,-2.88259ptc:422.944,0,1,-48.3323,-12.7376,-1.32064,-0.190491,-0.0432851,-0.00448781
422.944,1,1,48.3323,12.7376,1.32064,0.190491,0.0432851,0.00448781

orb:1,1,3.54336,1.09531,5.27403,0,0,-2.64799ptc:428.831,0,1,-44.0316,12.6168,-20.0509,-0.177981,0.0429489,-0.0682555
428.831,1,1,44.0316,-12.6168,20.0509,0.177981,-0.0429489,0.0682555

orb:1,1,0.336321,1.00943,0.784822,0,0,-2.9822ptc:421.549,0,1,-49.3662,5.61495,5.60848,-0.19353,0.0190737,0.0190518
421.549,1,1,49.3662,-5.61495,-5.60848,0.19353,-0.0190737,-0.0190518

orb:1,1,2.81937,1.07652,4.42581,0,0,-2.69686ptc:427.307,0,1,-45.1363,-6.08042,-20.6335,-0.181174,-0.0206886,-0.0702054
427.307,1,1,45.1363,6.08042,20.6335,0.181174,0.0206886,0.0702054

orb:1,1,0.00928872,1.00026,4.43323,0,0,-3.11496ptc:420.721,0,1,-49.9823,-0.366828,-1.27974,-0.195347,-0.00124583,-0.00434629
420.721,1,1,49.9823,0.366828,1.27974,0.195347,0.00124583,0.00434629

orb:1,1,1.71856,1.04731,5.28666,0,0,-2.78882ptc:424.862,0,1,-46.9208,9.38426,-14.5042,-0.186362,0.0319068,-0.0493147
424.862,1,1,46.9208,-9.38426,14.5042,0.186362,-0.0319068,0.0493147

orb:1,1,5.04792,1.13336,1.40078,0,0,-2.56402ptc:431.807,0,1,-41.8896,4.61896,26.9059,-0.171836,0.015739,0.0916815
431.807,1,1,41.8896,-4.61896,-26.9059,0.171836,-0.015739,-0.0916815

orb:1,1,2.79177,1.0758,0.888232,0,0,-2.69887ptc:427.248,0,1,-45.1795,13.5114,16.621,-0.181299,0.0459717,0.0565518
427.248,1,1,45.1795,-13.5114,-16.621,0.181299,-0.0459717,-0.0565518

orb:1,1,3.54081,1.09525,0.735516,0,0,-2.64815ptc:428.826,0,1,-44.0354,17.5606,15.8906,-0.177992,0.0597782,0.0540933
428.826,1,1,44.0354,-17.5606,-15.8906,0.177992,-0.0597782,-0.0540933

orb:1,1,5.42286,1.14265,4.64524,0,0,-2.5458ptc:432.512,0,1,-41.3851,-1.88275,-27.9951,-0.170397,-0.00641704,-0.0954165
432.512,1,1,41.3851,1.88275,27.9951,0.170397,0.00641704,0.0954165

orb:1,1,3.3334,1.0899,3.84237,0,0,-2.66146ptc:428.396,0,1,-44.3467,-17.6524,-14.8918,-0.17889,-0.0600826,-0.0506863
428.396,1,1,44.3467,17.6524,14.8918,0.17889,0.0600826,0.0506863

orb:1,1,0.519252,1.01453,6.08038,0,0,-2.9441ptc:422.004,0,1,-49.0281,9.6093,-1.97596,-0.192535,0.0326463,-0.00671306
422.004,1,1,49.0281,-9.6093,1.97596,0.192535,-0.0326463,0.00671306

orb:1,1,2.42558,1.06617,1.80446,0,0,-2.72678ptc:426.451,0,1,-45.7595,-4.66582,19.6035,-0.182981,-0.0158713,0.0666836
426.451,1,1,45.7595,4.66582,-19.6035,0.182981,0.0158713,-0.0666836

orb:1,1,2.12535,1.0582,5.50779,0,0,-2.75161ptc:425.784,0,1,-46.2458,13.5748,-13.306,-0.184395,0.0461671,-0.045253
425.784,1,1,46.2458,-13.5748,13.306,0.184395,-0.0461671,0.045253

orb:1,1,3.13491,1.08475,3.46914,0,0,-2.6747ptc:427.979,0,1,-44.6485,-21.3094,-7.24056,-0.179762,-0.0725199,-0.024641
427.979,1,1,44.6485,21.3094,7.24056,0.179762,0.0725199,0.024641

orb:1,1,4.04729,1.1082,0.74654,0,0,-2.61763ptc:429.856,0,1,-43.2921,18.3627,16.9884,-0.175853,0.0625296,0.0578496
429.856,1,1,43.2921,-18.3627,-16.9884,0.175853,-0.0625296,-0.0578496

orb:1,1,3.39809,1.09157,2.15197,0,0,-2.65725ptc:428.53,0,1,-44.2491,-12.7815,19.4589,-0.178609,-0.0435054,0.0662338
428.53,1,1,44.2491,12.7815,-19.4589,0.178609,0.0435054,-0.0662338

orb:1,1,1.74094,1.04791,0.505749,0,0,-2.78664ptc:424.913,0,1,-46.8832,15.2017,8.41858,-0.186252,0.0516871,0.0286239
424.913,1,1,46.8832,-15.2017,-8.41858,0.186252,-0.0516871,-0.0286239

orb:1,1,4.18889,1.1118,1.5942,0,0,-2.60954ptc:430.138,0,1,-43.0884,-0.593542,25.3582,-0.175268,-0.00202134,0.0863587
430.138,1,1,43.0884,0.593542,-25.3582,0.175268,0.00202134,-0.0863587

orb:1,1,4.49052,1.11942,2.99319,0,0,-2.5929ptc:430.733,0,1,-42.6604,-25.7919,3.85599,-0.17404,-0.0878533,0.0131344
430.733,1,1,42.6604,25.7919,-3.85599,0.17404,0.0878533,-0.0131344

orb:1,1,3.86362,1.10352,4.97033,0,0,-2.62839ptc:429.486,0,1,-43.5589,6.26194,-23.7362,-0.17662,0.0213208,-0.0808178
429.486,1,1,43.5589,-6.26194,23.7362,0.17662,-0.0213208,0.0808178

orb:1,1,5.11301,1.13498,6.04797,0,0,-2.56079ptc:431.931,0,1,-41.8012,26.6792,-6.3936,-0.171584,0.090913,-0.0217871
431.931,1,1,41.8012,-26.6792,6.3936,0.171584,-0.090913,0.0217871

orb:1,1,0.228004,1.0064,2.4922,0,0,-3.01012ptc:421.277,0,1,-49.5685,-5.22036,3.96352,-0.194126,-0.0177321,0.0134629
421.277,1,1,49.5685,5.22036,-3.96352,0.194126,0.0177321,-0.0134629

orb:1,1,1.02356,1.02844,2.99193,0,0,-2.86648ptc:423.232,0,1,-48.1197,-13.4311,2.02524,-0.189868,-0.0456453,0.00688275
423.232,1,1,48.1197,13.4311,-2.02524,0.189868,0.0456453,-0.00688275

orb:1,1,1.25387,1.03473,3.67194,0,0,-2.83816ptc:423.78,0,1,-47.7158,-12.8877,-7.55713,-0.188685,-0.0438052,-0.0256867
423.78,1,1,47.7158,12.8877,7.55713,0.188685,0.0438052,0.0256867

orb:1,1,4.00967,1.10724,2.2966,0,0,-2.61981ptc:429.78,0,1,-43.3465,-16.5413,18.6405,-0.176009,-0.0563256,0.0634739
429.78,1,1,43.3465,16.5413,-18.6405,0.176009,0.0563256,-0.0634739

orb:1,1,2.66151,1.07238,3.93936,0,0,-2.70853ptc:426.966,0,1,-45.3842,-14.6525,-15.0194,-0.181892,-0.0498497,-0.0510981
426.966,1,1,45.3842,14.6525,15.0194,0.181892,0.0498497,0.0510981

orb:1,1,5.27631,1.13903,0.779386,0,0,-2.55281ptc:432.238,0,1,-41.581,19.7521,19.516,-0.170955,0.0673152,0.0665106
432.238,1,1,41.581,-19.7521,-19.516,0.170955,-0.0673152,-0.0665106

orb:1,1,4.25902,1.11357,0.630954,0,0,-2.6056ptc:430.278,0,1,-42.9882,20.6183,15.0632,-0.17498,0.07022,0.0513011
430.278,1,1,42.9882,-20.6183,-15.0632,0.17498,-0.07022,-0.0513011

orb:1,1,4.52538,1.12029,1.07942,0,0,-2.59103ptc:430.802,0,1,-42.6114,12.3426,23.0635,-0.1739,0.0420426,0.0785616
430.802,1,1,42.6114,-12.3426,-23.0635,0.1739,-0.0420426,-0.0785616

orb:1,1,1.59128,1.04388,3.53253,0,0,-2.80149ptc:424.568,0,1,-47.136,-15.4209,-6.35572,-0.18699,-0.052427,-0.0216079
424.568,1,1,47.136,15.4209,6.35572,0.18699,0.052427,0.0216079

orb:1,1,3.69175,1.09912,5.04839,0,0,-2.63877ptc:429.136,0,1,-43.8114,7.94452,-22.7475,-0.177347,0.0270467,-0.0774425
429.136,1,1,43.8114,-7.94452,22.7475,0.177347,-0.0270467,0.0774425

orb:1,1,4.14548,1.1107,4.05726,0,0,-2.612ptc:430.052,0,1,-43.1507,-15.3894,-20.0296,-0.175447,-0.0524081,-0.0682102
430.052,1,1,43.1507,15.3894,20.0296,0.175447,0.0524081,0.0682102

orb:1,1,3.8245,1.10252,1.497,0,0,-2.63073ptc:429.406,0,1,-43.6161,1.80235,24.38,-0.176785,0.00613654,0.0830076
429.406,1,1,43.6161,-1.80235,-24.38,0.176785,-0.00613654,-0.0830076

orb:1,1,5.33845,1.14056,4.60411,0,0,-2.54982ptc:432.355,0,1,-41.4977,-3.01426,-27.7282,-0.170718,-0.010273,-0.0945015
432.355,1,1,41.4977,3.01426,27.7282,0.170718,0.010273,0.0945015

orb:1,1,3.22426,1.08707,5.29358,0,0,-2.66867ptc:428.167,0,1,-44.5121,12.5035,-19.035,-0.179368,0.0425545,-0.0647837
428.167,1,1,44.5121,-12.5035,19.035,0.179368,-0.0425545,0.0647837

orb:1,1,2.40797,1.0657,5.72019,0,0,-2.72818ptc:426.412,0,1,-45.7878,16.9867,-10.7207,-0.183063,0.0577815,-0.0364673
426.412,1,1,45.7878,-16.9867,10.7207,0.183063,-0.0577815,0.0364673

orb:1,1,0.659389,1.01841,5.38759,0,0,-2.91953ptc:422.349,0,1,-48.7723,6.88313,-8.59575,-0.191783,0.0233866,-0.0292055
422.349,1,1,48.7723,-6.88313,8.59575,0.191783,-0.0233866,0.0292055

orb:1,1,5.53002,1.14529,2.04377,0,0,-2.54075ptc:432.711,0,1,-41.243,-12.8766,25.1637,-0.169993,-0.0438909,0.0857721
432.711,1,1,41.243,12.8766,-25.1637,0.169993,0.0438909,-0.0857721

orb:1,1,3.33542,1.08995,4.22614,0,0,-2.66133ptc:428.4,0,1,-44.3436,-10.7953,-20.4231,-0.178882,-0.0367434,-0.0695131
428.4,1,1,44.3436,10.7953,20.4231,0.178882,0.0367434,0.0695131

orb:1,1,4.76183,1.12623,2.95777,0,0,-2.57856ptc:431.26,0,1,-42.282,-26.238,4.8783,-0.172957,-0.0893888,0.0166196
431.26,1,1,42.282,26.238,-4.8783,0.172957,0.0893888,-0.0166196

orb:1,1,1.21579,1.03369,4.40268,0,0,-2.84263ptc:423.69,0,1,-47.7821,-4.48837,-14.0258,-0.188879,-0.0152556,-0.0476724
423.69,1,1,47.7821,4.48837,14.0258,0.188879,0.0152556,0.0476724

orb:1,1,0.878703,1.02446,4.17443,0,0,-2.88612ptc:422.883,0,1,-48.3772,-6.47403,-10.8506,-0.190623,-0.0219998,-0.036872
422.883,1,1,48.3772,6.47403,10.8506,0.190623,0.0219998,0.036872

orb:1,1,2.83338,1.07689,5.76909,0,0,-2.69584ptc:427.337,0,1,-45.1144,18.7702,-10.6004,-0.18111,0.0638661,-0.036068
427.337,1,1,45.1144,-18.7702,10.6004,0.18111,-0.0638661,0.036068

orb:1,1,1.4439,1.03989,4.58639,0,0,-2.81691ptc:424.226,0,1,-47.3876,-2.00444,-15.8241,-0.187725,-0.00681393,-0.0537928
424.226,1,1,47.3876,2.00444,15.8241,0.187725,0.00681393,0.0537928

orb:1,1,3.38158,1.09114,2.73412,0,0,-2.65832ptc:428.496,0,1,-44.274,-21.3317,9.20727,-0.17868,-0.0726077,0.0313392
428.496,1,1,44.274,21.3317,-9.20727,0.17868,0.0726077,-0.0313392

orb:1,1,4.25399,1.11345,3.43887,0,0,-2.60588ptc:430.268,0,1,-42.9954,-24.403,-7.47612,-0.175001,-0.0831094,-0.0254615
430.268,1,1,42.9954,24.403,7.47612,0.175001,0.0831094,0.0254615

orb:1,1,1.12446,1.0312,3.50129,0,0,-2.85368ptc:423.473,0,1,-47.9419,-13.289,-4.99746,-0.189347,-0.0451656,-0.0169849
423.473,1,1,47.9419,13.289,4.99746,0.189347,0.0451656,0.0169849

orb:1,1,0.98337,1.02734,5.72442,0,0,-2.87177ptc:423.135,0,1,-48.1909,11.3011,-7.06586,-0.190077,0.0384057,-0.0240126
423.135,1,1,48.1909,-11.3011,7.06586,0.190077,-0.0384057,0.0240126

orb:1,1,0.0240768,1.00068,0.570294,0,0,-3.09873ptc:420.759,0,1,-49.9541,1.80337,1.15665,-0.195263,0.0061247,0.00392828
420.759,1,1,49.9541,-1.80337,-1.15665,0.195263,-0.0061247,-0.00392828

orb:1,1,2.4943,1.06798,1.88164,0,0,-2.72135ptc:426.601,0,1,-45.6496,-6.2393,19.4213,-0.182662,-0.0212246,0.0660668
426.601,1,1,45.6496,6.2393,-19.4213,0.182662,0.0212246,-0.0660668

orb:1,1,2.20613,1.06035,2.25321,0,0,-2.74473ptc:425.965,0,1,-46.114,-12.1884,14.9981,-0.184012,-0.0414543,0.0510103
425.965,1,1,46.114,12.1884,-14.9981,0.184012,0.0414543,-0.0510103

orb:1,1,0.634094,1.01771,1.60032,0,0,-2.92375ptc:422.287,0,1,-48.8183,-0.319004,10.8016,-0.191918,-0.00108385,0.0366998
422.287,1,1,48.8183,0.319004,-10.8016,0.191918,0.00108385,-0.0366998

orb:1,1,0.34276,1.00961,4.78761,0,0,-2.98069ptc:421.565,0,1,-49.3542,0.601985,-7.98766,-0.193495,0.00204492,-0.0271338
421.565,1,1,49.3542,-0.601985,7.98766,0.193495,-0.00204492,0.0271338

orb:1,1,0.182834,1.00514,4.40107,0,0,-3.02378ptc:421.163,0,1,-49.6534,-1.80022,-5.59451,-0.194377,-0.00611466,-0.0190024
421.163,1,1,49.6534,1.80022,5.59451,0.194377,0.00611466,0.0190024

orb:1,1,1.14571,1.03178,1.67754,0,0,-2.85106ptc:423.523,0,1,-47.9046,-1.52597,14.2414,-0.189238,-0.00518641,0.0484029
423.523,1,1,47.9046,1.52597,-14.2414,0.189238,0.00518641,-0.0484029

orb:1,1,0.0214477,1.0006,4.17899,0,0,-3.10114ptc:420.752,0,1,-49.9591,-1.02822,-1.74131,-0.195278,-0.00349211,-0.00591392
420.752,1,1,49.9591,1.02822,1.74131,0.195278,0.00349211,0.00591392

orb:1,1,0.7674,1.0214,3.49983,0,0,-2.90244ptc:422.613,0,1,-48.5769,-11.0923,-4.15282,-0.191209,-0.0376906,-0.0141109
422.613,1,1,48.5769,11.0923,4.15282,0.191209,0.0376906,0.0141109

orb:1,1,3.62265,1.09735,0.198049,0,0,-2.64304ptc:428.994,0,1,-43.9137,23.4406,4.70405,-0.177641,0.0797986,0.0160139
428.994,1,1,43.9137,-23.4406,-4.70405,0.177641,-0.0797986,-0.0160139

orb:1,1,1.00548,1.02794,1.4897,0,0,-2.86884ptc:423.189,0,1,-48.1517,1.09115,13.4248,-0.189962,0.0037082,0.0456235
423.189,1,1,48.1517,-1.09115,-13.4248,0.189962,-0.0037082,-0.0456235

orb:1,1,0.863075,1.02403,4.41058,0,0,-2.88834ptc:422.845,0,1,-48.4051,-3.72379,-11.9615,-0.190705,-0.0126539,-0.0406466
422.845,1,1,48.4051,3.72379,11.9615,0.190705,0.0126539,0.0406466

orb:1,1,2.99308,1.08106,2.72294,0,0,-2.68448ptc:427.678,0,1,-44.8665,-20.1621,8.97138,-0.180393,-0.0686093,0.0305285
427.678,1,1,44.8665,20.1621,-8.97138,0.180393,0.0686093,-0.0305285

orb:1,1,5.17238,1.13645,6.13923,0,0,-2.55787ptc:432.043,0,1,-41.7209,27.2716,-3.95314,-0.171354,0.0929351,-0.0134714
432.043,1,1,41.7209,-27.2716,3.95314,0.171354,-0.0929351,0.0134714

orb:1,1,3.16483,1.08553,3.9867,0,0,-2.67267ptc:428.042,0,1,-44.6027,-14.9961,-16.903,-0.17963,-0.0510358,-0.0575254
428.042,1,1,44.6027,14.9961,16.903,0.17963,0.0510358,0.0575254

orb:1,1,4.64194,1.12322,3.80558,0,0,-2.58483ptc:431.028,0,1,-42.4485,-20.8085,-16.283,-0.173433,-0.0708856,-0.0554692
431.028,1,1,42.4485,20.8085,16.283,0.173433,0.0708856,0.0554692

orb:1,1,5.56335,1.14611,2.22324,0,0,-2.53919ptc:432.772,0,1,-41.1989,-17.2007,22.5119,-0.169867,-0.0586309,0.0767351
432.772,1,1,41.1989,17.2007,-22.5119,0.169867,0.0586309,-0.0767351

orb:1,1,1.13882,1.03159,3.37981,0,0,-2.85191ptc:423.507,0,1,-47.9167,-13.8791,-3.37031,-0.189273,-0.0471714,-0.0114548
423.507,1,1,47.9167,13.8791,3.37031,0.189273,0.0471714,0.0114548

orb:1,1,2.96656,1.08037,2.62814,0,0,-2.68634ptc:427.622,0,1,-44.9075,-19.1497,10.7985,-0.180511,-0.0651629,0.0367453
427.622,1,1,44.9075,19.1497,-10.7985,0.180511,0.0651629,-0.0367453

orb:1,1,0.541669,1.01515,3.27153,0,0,-2.93996ptc:422.059,0,1,-48.987,-9.92918,-1.29745,-0.192415,-0.0337335,-0.00440798
422.059,1,1,48.987,9.92918,1.29745,0.192415,0.0337335,0.00440798

orb:1,1,3.26208,1.08805,2.3999,0,0,-2.66616ptc:428.247,0,1,-44.4547,-16.8746,15.4606,-0.179202,-0.0574325,0.0526199
428.247,1,1,44.4547,16.8746,-15.4606,0.179202,0.0574325,-0.0526199

orb:1,1,4.57673,1.12158,2.00658,0,0,-2.58828ptc:430.902,0,1,-42.5395,-11.0913,23.8196,-0.173694,-0.0377817,0.0811399
430.902,1,1,42.5395,11.0913,-23.8196,0.173694,0.0377817,-0.0811399

orb:1,1,4.92611,1.13033,4.01535,0,0,-2.57014ptc:431.575,0,1,-42.0559,-17.3601,-20.7348,-0.172311,-0.0591496,-0.0706479
431.575,1,1,42.0559,17.3601,20.7348,0.172311,0.0591496,0.0706479

orb:1,1,5.26462,1.13874,6.11341,0,0,-2.55338ptc:432.216,0,1,-41.5967,27.3449,-4.68757,-0.171,0.0931906,-0.0159751
432.216,1,1,41.5967,-27.3449,4.68757,0.171,-0.0931906,0.0159751

orb:1,1,3.05511,1.08268,3.26205,0,0,-2.68017ptc:427.81,0,1,-44.7709,-22.1,-2.67496,-0.180116,-0.0752068,-0.00910295
427.81,1,1,44.7709,22.1,2.67496,0.180116,0.0752068,0.00910295

orb:1,1,5.05236,1.13347,2.60674,0,0,-2.5638ptc:431.816,0,1,-41.8835,-23.4949,13.9197,-0.171819,-0.0800589,0.0474312
431.816,1,1,41.8835,23.4949,-13.9197,0.171819,0.0800589,-0.0474312

orb:1,1,2.64916,1.07206,4.55484,0,0,-2.70946ptc:426.939,0,1,-45.4037,-3.28557,-20.6812,-0.181949,-0.0111779,-0.0703597
426.939,1,1,45.4037,3.28557,20.6812,0.181949,0.0111779,0.0703597

orb:1,1,3.76092,1.1009,4.84572,0,0,-2.63456ptc:429.277,0,1,-43.7095,3.2276,-24.0638,-0.177053,0.0109887,-0.0819276
429.277,1,1,43.7095,-3.2276,24.0638,0.177053,-0.0109887,0.0819276

orb:1,1,4.92008,1.13018,5.89974,0,0,-2.57045ptc:431.564,0,1,-42.0641,25.0669,-10.1123,-0.172334,0.0854081,-0.0344545
431.564,1,1,42.0641,-25.0669,10.1123,0.172334,-0.0854081,0.0344545

orb:1,1,1.76679,1.04861,1.48724,0,0,-2.78415ptc:424.972,0,1,-46.8398,1.46006,17.4327,-0.186126,0.0049644,0.0592737
424.972,1,1,46.8398,-1.46006,-17.4327,0.186126,-0.0049644,-0.0592737

orb:1,1,5.22462,1.13775,2.14659,0,0,-2.55532ptc:432.141,0,1,-41.6505,-15.0626,23.2025,-0.171154,-0.0513314,0.0790715
432.141,1,1,41.6505,15.0626,-23.2025,0.171154,0.0513314,-0.0790715

orb:1,1,3.92662,1.10513,4.5376,0,0,-2.62466ptc:429.613,0,1,-43.467,-4.29718,-24.3342,-0.176356,-0.0146318,-0.0828571
429.613,1,1,43.467,4.29718,24.3342,0.176356,0.0146318,0.0828571

orb:1,1,1.19645,1.03317,3.19715,0,0,-2.84493ptc:423.644,0,1,-47.8159,-14.594,-0.811693,-0.188978,-0.049603,-0.00275884
423.644,1,1,47.8159,14.594,0.811693,0.188978,0.049603,0.00275884

orb:1,1,4.75976,1.12617,5.57296,0,0,-2.57867ptc:431.256,0,1,-42.2849,20.2316,-17.3975,-0.172965,0.0689257,-0.0592704
431.256,1,1,42.2849,-20.2316,17.3975,0.172965,-0.0689257,0.0592704

orb:1,1,3.3385,1.09003,4.09943,0,0,-2.66113ptc:428.406,0,1,-44.339,-13.2947,-18.9026,-0.178868,-0.0452505,-0.0643379
428.406,1,1,44.339,13.2947,18.9026,0.178868,0.0452505,0.0643379

orb:1,1,4.88402,1.12928,6.05857,0,0,-2.57228ptc:431.495,0,1,-42.1136,26.2756,-6.00315,-0.172476,0.0895241,-0.0204534
431.495,1,1,42.1136,-26.2756,6.00315,0.172476,-0.0895241,0.0204534

orb:1,1,3.44251,1.09271,1.03986,0,0,-2.65439ptc:428.623,0,1,-44.1824,11.8522,20.1852,-0.178416,0.0403435,0.0687081
428.623,1,1,44.1824,-11.8522,-20.1852,0.178416,-0.0403435,-0.0687081

orb:1,1,2.26467,1.0619,1.27016,0,0,-2.73984ptc:426.095,0,1,-46.0189,5.78977,18.6746,-0.183735,0.0196925,0.0635169
426.095,1,1,46.0189,-5.78977,-18.6746,0.183735,-0.0196925,-0.0635169

orb:1,1,5.58066,1.14653,0.984844,0,0,-2.53839ptc:432.804,0,1,-41.1761,15.6852,23.6327,-0.169802,0.053466,0.0805564
432.804,1,1,41.1761,-15.6852,-23.6327,0.169802,-0.053466,-0.0805564

orb:1,1,5.26976,1.13886,0.586633,0,0,-2.55313ptc:432.226,0,1,-41.5898,23.1139,15.3635,-0.17098,0.0787717,0.0523587
432.226,1,1,41.5898,-23.1139,-15.3635,0.17098,-0.0787717,-0.0523587

orb:1,1,3.75596,1.10077,4.92695,0,0,-2.63486ptc:429.267,0,1,-43.7167,5.16683,-23.7097,-0.177074,0.0175909,-0.0807218
429.267,1,1,43.7167,-5.16683,23.7097,0.177074,-0.0175909,0.0807218

orb:1,1,4.38838,1.11684,1.57641,0,0,-2.59845ptc:430.533,0,1,-42.8045,-0.144977,25.841,-0.174453,-0.000493793,0.0880146
430.533,1,1,42.8045,0.144977,-25.841,0.174453,0.000493793,-0.0880146

orb:1,1,2.72729,1.07411,1.3276,0,0,-2.70362ptc:427.108,0,1,-45.2806,5.10638,20.5814,-0.181592,0.0173734,0.0700238
427.108,1,1,45.2806,-5.10638,-20.5814,0.181592,-0.0173734,-0.0700238

orb:1,1,2.22244,1.06078,1.92031,0,0,-2.74336ptc:426.001,0,1,-46.0875,-6.63971,18.217,-0.183934,-0.0225827,0.061959
426.001,1,1,46.0875,6.63971,-18.217,0.183934,0.0225827,-0.061959

orb:1,1,4.76333,1.12626,1.12858,0,0,-2.57848ptc:431.263,0,1,-42.2799,11.4223,24.1234,-0.172951,0.038914,0.0821847
431.263,1,1,42.2799,-11.4223,-24.1234,0.172951,-0.038914,-0.0821847

orb:1,1,4.68784,1.12437,5.18887,0,0,-2.58242ptc:431.117,0,1,-42.3846,12.1657,-23.5699,-0.173251,0.0414445,-0.0802952
431.117,1,1,42.3846,-12.1657,23.5699,0.173251,-0.0414445,0.0802952

orb:1,1,3.40224,1.09168,4.85124,0,0,-2.65698ptc:428.539,0,1,-44.2429,3.22387,-23.0689,-0.178591,0.0109734,-0.0785218
428.539,1,1,44.2429,-3.22387,23.0689,0.178591,-0.0109734,0.0785218

orb:1,1,3.78727,1.10157,0.405857,0,0,-2.63297ptc:429.331,0,1,-43.6707,22.3709,9.61308,-0.176942,0.0761652,0.0327292
429.331,1,1,43.6707,-22.3709,-9.61308,0.176942,-0.0761652,-0.0327292

orb:1,1,0.495665,1.01387,3.18311,0,0,-2.94857ptc:421.946,0,1,-49.0714,-9.58303,-0.398097,-0.192663,-0.0325565,-0.00135246
421.946,1,1,49.0714,9.58303,0.398097,0.192663,0.0325565,0.00135246

orb:1,1,1.89249,1.05198,3.57974,0,0,-2.77234ptc:425.259,0,1,-46.6299,-16.3412,-7.65612,-0.185514,-0.0555671,-0.0260341
425.259,1,1,46.6299,16.3412,7.65612,0.185514,0.0555671,0.0260341

orb:1,1,0.966103,1.02686,2.60216,0,0,-2.87407ptc:423.094,0,1,-48.2215,-11.3401,6.78889,-0.190167,-0.0385378,0.0230711
423.094,1,1,48.2215,11.3401,-6.78889,0.190167,0.0385378,-0.0230711

orb:1,1,4.46651,1.11881,4.30151,0,0,-2.5942ptc:430.686,0,1,-42.6942,-10.394,-23.8573,-0.174137,-0.0354037,-0.0812624
430.686,1,1,42.6942,10.394,23.8573,0.174137,0.0354037,0.0812624

orb:1,1,5.3768,1.14151,0.234588,0,0,-2.54799ptc:432.426,0,1,-41.4465,27.2016,6.50085,-0.170572,0.0927091,0.0221564
432.426,1,1,41.4465,-27.2016,-6.50085,0.170572,-0.0927091,-0.0221564

orb:1,1,0.43747,1.01225,4.61883,0,0,-2.96009ptc:421.801,0,1,-49.1787,-0.843189,-8.98595,-0.192978,-0.00286446,-0.0305269
421.801,1,1,49.1787,0.843189,8.98595,0.192978,0.00286446,0.0305269

orb:1,1,2.32576,1.06352,4.67312,0,0,-2.73482ptc:426.23,0,1,-45.9201,-0.776548,-19.7672,-0.183448,-0.00264134,-0.067236
426.23,1,1,45.9201,0.776548,19.7672,0.183448,0.00264134,0.067236

orb:1,1,1.48922,1.04112,0.046805,0,0,-2.81207ptc:424.332,0,1,-47.3099,16.1616,0.756999,-0.187498,0.0549418,0.00257343
424.332,1,1,47.3099,-16.1616,-0.756999,0.187498,-0.0549418,-0.00257343

orb:1,1,1.71998,1.04735,5.12855,0,0,-2.78868ptc:424.865,0,1,-46.9184,6.98617,-15.8067,-0.186355,0.0237532,-0.0537434
424.865,1,1,46.9184,-6.98617,15.8067,0.186355,-0.0237532,0.0537434

orb:1,1,4.12447,1.11016,1.51768,0,0,-2.6132ptc:430.01,0,1,-43.1808,1.33837,25.1719,-0.175533,0.00455769,0.0857207
430.01,1,1,43.1808,-1.33837,-25.1719,0.175533,-0.00455769,-0.0857207

orb:1,1,2.61351,1.07112,2.3325,0,0,-2.71216ptc:426.862,0,1,-45.4601,-14.3675,15.0651,-0.182112,-0.0488786,0.051252
426.862,1,1,45.4601,14.3675,-15.0651,0.182112,0.0488786,-0.051252

orb:1,1,4.63944,1.12316,5.72547,0,0,-2.58496ptc:431.024,0,1,-42.452,22.4136,-13.9808,-0.173443,0.0763534,-0.0476267
431.024,1,1,42.452,-22.4136,13.9808,0.173443,-0.0763534,0.0476267

orb:1,1,2.11705,1.05798,5.66283,0,0,-2.75233ptc:425.766,0,1,-46.2594,15.4399,-11.0309,-0.184435,0.0525098,-0.0375152
425.766,1,1,46.2594,-15.4399,11.0309,0.184435,-0.0525098,0.0375152

orb:1,1,0.613316,1.01714,0.870938,0,0,-2.92728ptc:422.236,0,1,-48.8561,6.84944,8.13428,-0.19203,0.0232714,0.0276368
422.236,1,1,48.8561,-6.84944,-8.13428,0.19203,-0.0232714,-0.0276368

orb:1,1,4.9392,1.13066,3.57161,0,0,-2.56948ptc:431.6,0,1,-42.0379,-24.6059,-11.2854,-0.172259,-0.0838384,-0.0384521
431.6,1,1,42.0379,24.6059,11.2854,0.172259,0.0838384,0.0384521

orb:1,1,2.46845,1.0673,5.78762,0,0,-2.72338ptc:426.545,0,1,-45.6909,17.8634,-9.65626,-0.182782,0.0607661,-0.0328478
426.545,1,1,45.6909,-17.8634,9.65626,0.182782,-0.0607661,0.0328478

orb:1,1,0.0915591,1.00258,5.6217,0,0,-3.0581ptc:420.931,0,1,-49.8258,3.2903,-2.56146,-0.194885,0.0111752,-0.00869977
420.931,1,1,49.8258,-3.2903,2.56146,0.194885,-0.0111752,0.00869977

orb:1,1,2.92165,1.0792,3.23917,0,0,-2.68951ptc:427.526,0,1,-44.9771,-21.7379,-2.12781,-0.180713,-0.0739679,-0.00724035
427.526,1,1,44.9771,21.7379,2.12781,0.180713,0.0739679,0.00724035

orb:1,1,4.38838,1.11684,6.13329,0,0,-2.59845ptc:430.533,0,1,-42.8045,25.5516,-3.85903,-0.174453,0.087029,-0.0131439
430.533,1,1,42.8045,-25.5516,3.85903,0.174453,-0.087029,0.0131439

orb:1,1,2.5508,1.06947,1.88205,0,0,-2.71696ptc:426.725,0,1,-45.5596,-6.30863,19.6094,-0.182401,-0.0214613,0.066709
426.725,1,1,45.5596,6.30863,-19.6094,0.182401,0.0214613,-0.066709

orb:1,1,2.0073,1.05505,3.80772,0,0,-2.76194ptc:425.519,0,1,-46.4398,-14.5684,-11.4504,-0.18496,-0.0495424,-0.038939
425.519,1,1,46.4398,14.5684,11.4504,0.18496,0.0495424,0.038939

orb:1,1,4.60958,1.12241,3.19637,0,0,-2.58654ptc:430.966,0,1,-42.4936,-26.3099,-1.44265,-0.173563,-0.0896249,-0.00491441
430.966,1,1,42.4936,26.3099,1.44265,0.173563,0.0896249,0.00491441

orb:1,1,1.98565,1.05447,1.8594,0,0,-2.76388ptc:425.47,0,1,-46.4755,-5.24821,17.6773,-0.185064,-0.0178472,0.0601138
425.47,1,1,46.4755,5.24821,-17.6773,0.185064,0.0178472,-0.0601138

orb:1,1,5.49056,1.14431,6.02669,0,0,-2.5426ptc:432.638,0,1,-41.2952,27.2683,-7.15168,-0.170141,0.0929434,-0.0243764
432.638,1,1,41.2952,-27.2683,7.15168,0.170141,-0.0929434,0.0243764

orb:1,1,4.32801,1.11532,4.84954,0,0,-2.60177ptc:430.414,0,1,-42.89,3.51366,-25.4578,-0.174699,0.0119671,-0.086706
430.414,1,1,42.89,-3.51366,25.4578,0.174699,-0.0119671,0.086706

orb:1,1,5.0064,1.13233,1.85342,0,0,-2.5661ptc:431.729,0,1,-41.9461,-7.58904,26.1329,-0.171997,-0.0258588,0.0890451
431.729,1,1,41.9461,7.58904,-26.1329,0.171997,0.0258588,-0.0890451

orb:1,1,2.64894,1.07205,1.46916,0,0,-2.70947ptc:426.939,0,1,-45.404,2.12467,20.8317,-0.18195,0.00722836,0.0708719
426.939,1,1,45.404,-2.12467,-20.8317,0.18195,-0.00722836,-0.0708719

orb:1,1,3.34471,1.09019,6.26056,0,0,-2.66072ptc:428.419,0,1,-44.3296,23.1217,-0.523289,-0.178841,0.0786986,-0.0017811
428.419,1,1,44.3296,-23.1217,0.523289,0.178841,-0.0786986,0.0017811

orb:1,1,4.00927,1.10723,5.09996,0,0,-2.61983ptc:429.779,0,1,-43.3471,9.41849,-23.0722,-0.176011,0.0320714,-0.0785643
429.779,1,1,43.3471,-9.41849,23.0722,0.176011,-0.0320714,0.0785643

orb:1,1,0.204059,1.00573,4.13879,0,0,-3.01717ptc:421.216,0,1,-49.6135,-3.36722,-5.21193,-0.194259,-0.0114373,-0.0177031
421.216,1,1,49.6135,3.36722,5.21193,0.194259,0.0114373,0.0177031

orb:1,1,1.8882,1.05187,1.53323,0,0,-2.77274ptc:425.249,0,1,-46.637,0.676998,18.0147,-0.185534,0.00230207,0.0612574
425.249,1,1,46.637,-0.676998,-18.0147,0.185534,-0.00230207,-0.0612574

orb:1,1,1.55267,1.04284,6.02032,0,0,-2.80545ptc:424.479,0,1,-47.2017,15.926,-4.28551,-0.187182,0.0541431,-0.0145693
424.479,1,1,47.2017,-15.926,4.28551,0.187182,-0.0541431,0.0145693

orb:1,1,5.19263,1.13695,1.87678,0,0,-2.55688ptc:432.081,0,1,-41.6936,-8.31322,26.3161,-0.171276,-0.0283299,0.0896802
432.081,1,1,41.6936,8.31322,-26.3161,0.171276,0.0283299,-0.0896802

orb:1,1,0.291834,1.00819,1.77231,0,0,-2.99301ptc:421.437,0,1,-49.4491,-1.48153,7.25222,-0.193774,-0.00503255,0.0246347
421.437,1,1,49.4491,1.48153,-7.25222,0.193774,0.00503255,-0.0246347

orb:1,1,0.666009,1.0186,1.2809,0,0,-2.91844ptc:422.365,0,1,-48.7603,3.163,10.6034,-0.191748,0.0107469,0.0360271
422.365,1,1,48.7603,-3.163,-10.6034,0.191748,-0.0107469,-0.0360271

orb:1,1,2.89463,1.07849,3.535,0,0,-2.69144ptc:427.468,0,1,-45.019,-20.0932,-8.33964,-0.180834,-0.0683704,-0.028377
427.468,1,1,45.019,20.0932,8.33964,0.180834,0.0683704,0.028377

orb:1,1,0.706141,1.01971,3.84561,0,0,-2.91196ptc:422.464,0,1,-48.6875,-8.67507,-7.36672,-0.191534,-0.0294759,-0.0250305
422.464,1,1,48.6875,8.67507,7.36672,0.191534,0.0294759,0.0250305

orb:1,1,2.06299,1.05654,1.72564,0,0,-2.75703ptc:425.644,0,1,-46.3481,-2.89295,18.5334,-0.184693,-0.00983836,0.0630285
425.644,1,1,46.3481,2.89295,-18.5334,0.184693,0.00983836,-0.0630285

orb:1,1,4.38232,1.11669,4.60926,0,0,-2.59878ptc:430.521,0,1,-42.813,-2.65877,-25.69,-0.174478,-0.00905576,-0.0874999
430.521,1,1,42.813,2.65877,25.69,0.174478,0.00905576,0.0874999

orb:1,1,5.56254,1.14609,2.7507,0,0,-2.53923ptc:432.771,0,1,-41.2,-26.1926,10.7939,-0.16987,-0.0892812,0.0367925
432.771,1,1,41.2,26.1926,-10.7939,0.16987,0.0892812,-0.0367925

orb:1,1,4.45046,1.11841,5.16903,0,0,-2.59507ptc:430.655,0,1,-42.7168,11.4583,-23.3234,-0.174202,0.0390285,-0.0794431
430.655,1,1,42.7168,-11.4583,23.3234,0.174202,-0.0390285,0.0794431

orb:1,1,5.13036,1.13541,5.33106,0,0,-2.55994ptc:431.964,0,1,-41.7777,15.9316,-22.3787,-0.171516,0.0542898,-0.0762592
431.964,1,1,41.7777,-15.9316,22.3787,0.171516,-0.0542898,0.0762592

orb:1,1,0.235349,1.00661,0.456476,0,0,-3.00804ptc:421.295,0,1,-49.5547,5.97617,2.9347,-0.194086,0.0202994,0.00996839
421.295,1,1,49.5547,-5.97617,-2.9347,0.194086,-0.0202994,-0.00996839

orb:1,1,3.99508,1.10687,5.69851,0,0,-2.62065ptc:429.751,0,1,-43.3676,20.7511,-13.7347,-0.17607,0.0706602,-0.0467682
429.751,1,1,43.3676,-20.7511,13.7347,0.17607,-0.0706602,0.0467682

orb:1,1,1.01441,1.02819,0.2617,0,0,-2.86767ptc:423.21,0,1,-48.1359,13.0649,3.49935,-0.189915,0.0444007,0.0118924
423.21,1,1,48.1359,-13.0649,-3.49935,0.189915,-0.0444007,-0.0118924

orb:1,1,2.76622,1.07513,4.66338,0,0,-2.70074ptc:427.192,0,1,-45.2195,-1.04524,-21.3098,-0.181415,-0.00355631,-0.0725039
427.192,1,1,45.2195,1.04524,21.3098,0.181415,0.00355631,0.0725039

orb:1,1,4.30306,1.11469,1.25307,0,0,-2.60315ptc:430.365,0,1,-42.9255,8.01013,24.3565,-0.1748,0.027281,0.0829539
430.365,1,1,42.9255,-8.01013,-24.3565,0.1748,-0.027281,-0.0829539

orb:1,1,2.21211,1.06051,1.76576,0,0,-2.74423ptc:425.978,0,1,-46.1043,-3.74858,18.9828,-0.183983,-0.0127494,0.0645629
425.978,1,1,46.1043,3.74858,-18.9828,0.183983,0.0127494,-0.0645629

orb:1,1,2.62351,1.07138,4.15258,0,0,-2.7114ptc:426.883,0,1,-45.4442,-11.0731,-17.6694,-0.182066,-0.0376713,-0.0601123
426.883,1,1,45.4442,11.0731,17.6694,0.182066,0.0376713,0.0601123

orb:1,1,0.155382,1.00437,3.13008,0,0,-3.03294ptc:421.093,0,1,-49.7051,-5.42177,0.0624213,-0.194529,-0.0184153,0.000212017
421.093,1,1,49.7051,5.42177,-0.0624213,0.194529,0.0184153,-0.000212017

orb:1,1,0.256452,1.0072,4.65466,0,0,-3.00223ptc:421.348,0,1,-49.5152,-0.400723,-6.93421,-0.193969,-0.00136117,-0.0235539
421.348,1,1,49.5152,0.400723,6.93421,0.193969,0.00136117,0.0235539

orb:1,1,1.59443,1.04397,3.55222,0,0,-2.80117ptc:424.576,0,1,-47.1306,-15.3066,-6.66411,-0.186974,-0.0520387,-0.0226564
424.576,1,1,47.1306,15.3066,6.66411,0.186974,0.0520387,0.0226564

orb:1,1,1.88997,1.05191,3.30054,0,0,-2.77257ptc:425.253,0,1,-46.6341,-17.8077,-2.85465,-0.185526,-0.0605535,-0.00970698
425.253,1,1,46.6341,17.8077,2.85465,0.185526,0.0605535,0.00970698

orb:1,1,4.98982,1.13192,1.83509,0,0,-2.56693ptc:431.697,0,1,-41.9687,-7.09967,26.2339,-0.172062,-0.0241911,0.0893884
431.697,1,1,41.9687,7.09967,-26.2339,0.172062,0.0241911,-0.0893884

orb:1,1,0.654811,1.01829,2.08993,0,0,-2.92029ptc:422.338,0,1,-48.7806,-5.44502,9.52916,-0.191808,-0.0185003,0.0323769
422.338,1,1,48.7806,5.44502,-9.52916,0.191808,0.0185003,-0.0323769

orb:1,1,5.36748,1.14128,3.28,0,0,-2.54843ptc:432.409,0,1,-41.459,-27.6819,-3.85598,-0.170608,-0.0943455,-0.013142
432.409,1,1,41.459,27.6819,3.85598,0.170608,0.0943455,0.013142

orb:1,1,3.08751,1.08352,2.107,0,0,-2.67793ptc:427.879,0,1,-44.7211,-11.4238,19.2229,-0.179972,-0.0388761,0.0654173
427.879,1,1,44.7211,11.4238,-19.2229,0.179972,0.0388761,-0.0654173

orb:1,1,4.1258,1.1102,0.229376,0,0,-2.61312ptc:430.013,0,1,-43.1789,24.5504,5.73216,-0.175528,0.0836043,0.0195204
430.013,1,1,43.1789,-24.5504,-5.73216,0.175528,-0.0836043,-0.0195204

orb:1,1,1.60491,1.04425,5.99592,0,0,-2.8001ptc:424.6,0,1,-47.1129,16.0583,-4.74417,-0.186922,0.0545948,-0.0161291
424.6,1,1,47.1129,-16.0583,4.74417,0.186922,-0.0545948,0.0161291

orb:1,1,2.53906,1.06916,1.37999,0,0,-2.71787ptc:426.699,0,1,-45.5782,3.89886,20.1847,-0.182455,0.0132634,0.0686657
426.699,1,1,45.5782,-3.89886,-20.1847,0.182455,-0.0132634,-0.0686657

orb:1,1,2.51585,1.06855,2.65083,0,0,-2.71967ptc:426.649,0,1,-45.6152,-18.059,9.6502,-0.182562,-0.0614334,0.0328282
426.649,1,1,45.6152,18.059,-9.6502,0.182562,0.0614334,-0.0328282

orb:1,1,3.84262,1.10298,2.09405,0,0,-2.62965ptc:429.443,0,1,-43.5896,-12.2395,21.2165,-0.176708,-0.041673,0.0722375
429.443,1,1,43.5896,12.2395,-21.2165,0.176708,0.041673,-0.0722375

orb:1,1,3.76185,1.10092,4.53186,0,0,-2.6345ptc:429.279,0,1,-43.7081,-4.35968,-23.8872,-0.177049,-0.014843,-0.0813263
429.279,1,1,43.7081,4.35968,23.8872,0.177049,0.014843,0.0813263

orb:1,1,2.03584,1.05581,3.82431,0,0,-2.75941ptc:425.583,0,1,-46.3927,-14.4676,-11.7645,-0.184823,-0.0492004,-0.0400081
425.583,1,1,46.3927,14.4676,11.7645,0.184823,0.0492004,0.0400081

orb:1,1,5.27696,1.13904,0.157828,0,0,-2.55278ptc:432.239,0,1,-41.5801,27.4234,4.3645,-0.170953,0.0934591,0.0148742
432.239,1,1,41.5801,-27.4234,-4.3645,0.170953,-0.0934591,-0.0148742

orb:1,1,0.566404,1.01584,4.21389,0,0,-2.93548ptc:422.121,0,1,-48.9417,-4.89224,-8.98732,-0.192281,-0.0166212,-0.0305341
422.121,1,1,48.9417,4.89224,8.98732,0.192281,0.0166212,0.0305341

orb:1,1,4.04433,1.10813,5.20679,0,0,-2.6178ptc:429.85,0,1,-43.2963,11.8666,-22.0139,-0.175865,0.0404087,-0.0749623
429.85,1,1,43.2963,-11.8666,22.0139,0.175865,-0.0404087,0.0749623

orb:1,1,3.3056,1.08918,1.05566,0,0,-2.66328ptc:428.338,0,1,-44.3887,11.338,20.0273,-0.179012,0.0385897,0.0681645
428.338,1,1,44.3887,-11.338,-20.0273,0.179012,-0.0385897,-0.0681645

orb:1,1,5.47908,1.14403,0.751179,0,0,-2.54314ptc:432.616,0,1,-41.3104,20.5877,19.2248,-0.170185,0.0701723,0.065527
432.616,1,1,41.3104,-20.5877,-19.2248,0.170185,-0.0701723,-0.065527

orb:1,1,0.792266,1.02208,0.311507,0,0,-2.89869ptc:422.674,0,1,-48.5321,11.4475,3.68597,-0.191078,0.0388982,0.0125248
422.674,1,1,48.5321,-11.4475,-3.68597,0.191078,-0.0388982,-0.0125248

orb:1,1,4.98038,1.13168,5.4602,0,0,-2.5674ptc:431.679,0,1,-41.9816,18.4682,-19.9115,-0.172099,0.0629274,-0.0678451
431.679,1,1,41.9816,-18.4682,19.9115,0.172099,-0.0629274,0.0678451

orb:1,1,0.923511,1.0257,1.08354,0,0,-2.87987ptc:422.991,0,1,-48.2972,6.05735,11.4318,-0.190389,0.0205844,0.0388481
422.991,1,1,48.2972,-6.05735,-11.4318,0.190389,-0.0205844,-0.0388481

orb:1,1,3.27704,1.08844,4.19973,0,0,-2.66517ptc:428.278,0,1,-44.432,-11.2472,-19.9825,-0.179137,-0.03828,-0.0680108
428.278,1,1,44.432,11.2472,19.9825,0.179137,0.03828,0.0680108

orb:1,1,0.0288798,1.00081,6.18467,0,0,-3.09465ptc:420.771,0,1,-49.9449,2.3347,-0.230762,-0.195236,0.00792928,-0.000783729
420.771,1,1,49.9449,-2.3347,0.230762,0.195236,-0.00792928,0.000783729

orb:1,1,4.81762,1.12762,4.17067,0,0,-2.57568ptc:431.368,0,1,-42.205,-13.8231,-22.9709,-0.172737,-0.0470948,-0.0782612
431.368,1,1,42.205,13.8231,22.9709,0.172737,0.0470948,0.0782612

orb:1,1,0.821439,1.02289,1.64422,0,0,-2.89437ptc:422.744,0,1,-48.4797,-0.897544,12.2029,-0.190924,-0.00304988,0.0414658
422.744,1,1,48.4797,0.897544,-12.2029,0.190924,0.00304988,-0.0414658

orb:1,1,4.60012,1.12217,5.04458,0,0,-2.58704ptc:430.947,0,1,-42.5068,8.58604,-24.8888,-0.1736,0.0292482,-0.0847832
430.947,1,1,42.5068,-8.58604,24.8888,0.1736,-0.0292482,0.0847832

orb:1,1,5.01128,1.13245,4.63595,0,0,-2.56585ptc:431.738,0,1,-41.9395,-2.07884,-27.1433,-0.171978,-0.00708345,-0.0924882
431.738,1,1,41.9395,2.07884,27.1433,0.171978,0.00708345,0.0924882

orb:1,1,2.81042,1.07629,5.58995,0,0,-2.69751ptc:427.288,0,1,-45.1503,16.5231,-13.7272,-0.181214,0.0562195,-0.0467065
427.288,1,1,45.1503,-16.5231,13.7272,0.181214,-0.0562195,0.0467065

orb:1,1,2.97275,1.08053,2.84571,0,0,-2.6859ptc:427.635,0,1,-44.8979,-21.0478,6.41602,-0.180484,-0.0716223,0.0218327
427.635,1,1,44.8979,21.0478,-6.41602,0.180484,0.0716223,-0.0218327

orb:1,1,4.97899,1.13165,3.12447,0,0,-2.56747ptc:431.676,0,1,-41.9835,-27.1508,0.464884,-0.172104,-0.0925119,0.00158401
431.676,1,1,41.9835,27.1508,-0.464884,0.172104,0.0925119,-0.00158401

orb:1,1,4.214,1.11243,2.74033,0,0,-2.60813ptc:430.188,0,1,-43.0525,-23.4064,9.93103,-0.175165,-0.0797132,0.0338213
430.188,1,1,43.0525,23.4064,-9.93103,0.175165,0.0797132,-0.0338213

orb:1,1,1.91052,1.05246,5.16819,0,0,-2.77068ptc:425.3,0,1,-46.5999,7.97745,-16.2729,-0.185426,0.027127,-0.0553353
425.3,1,1,46.5999,-7.97745,16.2729,0.185426,-0.027127,0.0553353

orb:1,1,2.49227,1.06793,2.24014,0,0,-2.72151ptc:426.597,0,1,-45.6528,-12.6525,15.9918,-0.182671,-0.0430407,0.0544002
426.597,1,1,45.6528,12.6525,-15.9918,0.182671,0.0430407,-0.0544002

orb:1,1,4.44783,1.11834,1.58956,0,0,-2.59521ptc:430.65,0,1,-42.7205,-0.487503,25.9754,-0.174213,-0.0016605,0.0884758
430.65,1,1,42.7205,0.487503,-25.9754,0.174213,0.0016605,-0.0884758

orb:1,1,5.35733,1.14103,1.91041,0,0,-2.54892ptc:432.39,0,1,-41.4725,-9.30382,26.3338,-0.170646,-0.0317091,0.0897504
432.39,1,1,41.4725,9.30382,-26.3338,0.170646,0.0317091,-0.0897504

orb:1,1,2.62872,1.07152,5.98712,0,0,-2.711ptc:426.895,0,1,-45.436,19.9623,-6.08901,-0.182042,0.0679132,-0.0207152
426.895,1,1,45.436,-19.9623,6.08901,0.182042,-0.0679132,0.0207152

orb:1,1,2.63784,1.07176,0.489438,0,0,-2.71031ptc:426.915,0,1,-45.4216,18.4478,9.82652,-0.182001,0.0627609,0.0334307
426.915,1,1,45.4216,-18.4478,-9.82652,0.182001,-0.0627609,-0.0334307

orb:1,1,3.10101,1.08387,2.73077,0,0,-2.67701ptc:427.907,0,1,-44.7004,-20.5385,8.94676,-0.179912,-0.069895,0.0304469
427.907,1,1,44.7004,20.5385,-8.94676,0.179912,0.069895,-0.0304469

orb:1,1,1.79669,1.04941,4.24204,0,0,-2.7813ptc:425.041,0,1,-46.7897,-7.98864,-15.7132,-0.185979,-0.027163,-0.0534282
425.041,1,1,46.7897,7.98864,15.7132,0.185979,0.027163,0.0534282

orb:1,1,1.26247,1.03497,4.27722,0,0,-2.83716ptc:423.8,0,1,-47.7009,-6.31828,-13.5907,-0.188641,-0.0214759,-0.046195
423.8,1,1,47.7009,6.31828,13.5907,0.188641,0.0214759,0.046195

orb:1,1,5.46175,1.1436,2.21272,0,0,-2.54396ptc:432.584,0,1,-41.3334,-16.8451,22.5342,-0.17025,-0.0574152,0.0768058
432.584,1,1,41.3334,16.8451,-22.5342,0.17025,0.0574152,-0.0768058

orb:1,1,0.168198,1.00473,5.63537,0,0,-3.02857ptc:421.126,0,1,-49.681,4.49674,-3.403,-0.194458,0.0152735,-0.0115585
421.126,1,1,49.681,-4.49674,3.403,0.194458,-0.0152735,0.0115585

orb:1,1,0.585117,1.01636,5.58512,0,0,-2.93217ptc:422.167,0,1,-48.9075,7.9633,-6.68116,-0.192181,0.0270554,-0.0226993
422.167,1,1,48.9075,-7.9633,6.68116,0.192181,-0.0270554,0.0226993

orb:1,1,1.54095,1.04252,3.80809,0,0,-2.80666ptc:424.452,0,1,-47.2216,-12.9181,-10.1608,-0.18724,-0.0439167,-0.0345432
424.452,1,1,47.2216,12.9181,10.1608,0.18724,0.0439167,0.0345432

orb:1,1,2.23383,1.06109,3.74311,0,0,-2.74241ptc:426.026,0,1,-46.0689,-16.0223,-10.9971,-0.183881,-0.0544949,-0.0374033
426.026,1,1,46.0689,16.0223,10.9971,0.183881,0.0544949,0.0374033

orb:1,1,5.38941,1.14182,5.61877,0,0,-2.54739ptc:432.45,0,1,-41.4297,22.0378,-17.2602,-0.170524,0.0751105,-0.0588271
432.45,1,1,41.4297,-22.0378,17.2602,0.170524,-0.0751105,0.0588271

orb:1,1,0.279735,1.00785,1.82305,0,0,-2.99609ptc:421.407,0,1,-49.4717,-1.80936,7.02,-0.193841,-0.00614609,0.0238457
421.407,1,1,49.4717,1.80936,-7.02,0.193841,0.00614609,-0.0238457

orb:1,1,5.10756,1.13484,3.23745,0,0,-2.56106ptc:431.92,0,1,-41.8086,-27.2975,-2.62463,-0.171605,-0.0930195,-0.00894375
431.92,1,1,41.8086,27.2975,2.62463,0.171605,0.0930195,0.00894375

orb:1,1,4.51111,1.11993,4.15516,0,0,-2.59179ptc:430.774,0,1,-42.6315,-13.8162,-22.1736,-0.173957,-0.0470618,-0.0755297
430.774,1,1,42.6315,13.8162,22.1736,0.173957,0.0470618,0.0755297

orb:1,1,3.59667,1.09668,5.46125,0,0,-2.64465ptc:428.941,0,1,-43.9522,16.2284,-17.4597,-0.177753,0.0552453,-0.0594367
428.941,1,1,43.9522,-16.2284,17.4597,0.177753,-0.0552453,0.0594367

orb:1,1,5.06655,1.13382,0.425515,0,0,-2.5631ptc:431.843,0,1,-41.8643,24.9005,11.285,-0.171763,0.0848491,0.0384539
431.843,1,1,41.8643,-24.9005,-11.285,0.171763,-0.0848491,-0.0384539

orb:1,1,1.53791,1.04244,3.27035,0,0,-2.80697ptc:424.445,0,1,-47.2268,-16.2845,-2.10845,-0.187255,-0.0553613,-0.00716795
424.445,1,1,47.2268,16.2845,2.10845,0.187255,0.0553613,0.00716795

orb:1,1,1.88611,1.05181,2.03436,0,0,-2.77293ptc:425.244,0,1,-46.6405,-8.05667,16.1169,-0.185544,-0.027396,0.0548039
425.244,1,1,46.6405,8.05667,-16.1169,0.185544,0.027396,-0.0548039

orb:1,1,0.504753,1.01412,5.58796,0,0,-2.94684ptc:421.968,0,1,-49.0547,7.43057,-6.19826,-0.192614,0.0252441,-0.0210575
421.968,1,1,49.0547,-7.43057,6.19826,0.192614,-0.0252441,0.0210575

orb:1,1,4.56938,1.1214,5.4244,0,0,-2.58867ptc:430.887,0,1,-42.5498,17.1562,-19.8791,-0.173723,0.0584413,-0.0677164
430.887,1,1,42.5498,-17.1562,19.8791,0.173723,-0.0584413,0.0677164

orb:1,1,2.81845,1.0765,0.061331,0,0,-2.69693ptc:427.305,0,1,-45.1377,21.4673,1.31827,-0.181178,0.0730424,0.00448538
427.305,1,1,45.1377,-21.4673,-1.31827,0.181178,-0.0730424,-0.00448538

orb:1,1,3.28656,1.08869,2.41124,0,0,-2.66454ptc:428.298,0,1,-44.4175,-17.1025,15.3162,-0.179095,-0.058209,0.0521294
428.298,1,1,44.4175,17.1025,-15.3162,0.179095,0.058209,-0.0521294

orb:1,1,2.30799,1.06305,4.31852,0,0,-2.73627ptc:426.191,0,1,-45.9488,-7.56623,-18.2061,-0.183531,-0.0257354,-0.0619252
426.191,1,1,45.9488,7.56623,18.2061,0.183531,0.0257354,0.0619252

orb:1,1,3.72244,1.09991,6.09028,0,0,-2.6369ptc:429.199,0,1,-43.7661,23.7285,-4.63509,-0.177216,0.0807841,-0.0157802
429.199,1,1,43.7661,-23.7285,4.63509,0.177216,-0.0807841,0.0157802

orb:1,1,4.24975,1.11334,6.24573,0,0,-2.60612ptc:430.259,0,1,-43.0014,25.4944,-0.955438,-0.175018,0.0868262,-0.00325393
430.259,1,1,43.0014,-25.4944,0.955438,0.175018,-0.0868262,0.00325393

orb:1,1,3.68219,1.09888,2.79676,0,0,-2.63936ptc:429.116,0,1,-43.8255,-22.6523,8.13638,-0.177387,-0.0771179,0.0276997
429.116,1,1,43.8255,22.6523,-8.13638,0.177387,0.0771179,-0.0276997

orb:1,1,4.64524,1.1233,0.426065,0,0,-2.58465ptc:431.035,0,1,-42.4439,24.0667,10.9231,-0.17342,0.0819851,0.0372103
431.035,1,1,42.4439,-24.0667,-10.9231,0.17342,-0.0819851,-0.0372103

orb:1,1,1.20497,1.0334,5.0996,0,0,-2.84391ptc:423.664,0,1,-47.801,5.53763,-13.5794,-0.188934,0.0188218,-0.0461548
423.664,1,1,47.801,-5.53763,13.5794,0.188934,-0.0188218,0.0461548

orb:1,1,3.47163,1.09347,1.06149,0,0,-2.65253ptc:428.683,0,1,-44.1387,11.4529,20.5086,-0.17829,0.038985,0.0698103
428.683,1,1,44.1387,-11.4529,-20.5086,0.17829,-0.038985,-0.0698103

orb:1,1,5.28359,1.13921,3.23167,0,0,-2.55246ptc:432.252,0,1,-41.5712,-27.6692,-2.49923,-0.170928,-0.0942972,-0.00851743
432.252,1,1,41.5712,27.6692,2.49923,0.170928,0.0942972,0.00851743

orb:1,1,0.443011,1.01241,0.550704,0,0,-2.95896ptc:421.815,0,1,-49.1684,7.73842,4.75197,-0.192948,0.0262889,0.0161433
421.815,1,1,49.1684,-7.73842,-4.75197,0.192948,-0.0262889,-0.0161433

orb:1,1,0.636966,1.01779,5.81316,0,0,-2.92326ptc:422.294,0,1,-48.813,9.65549,-4.90496,-0.191903,0.0328057,-0.0166652
422.294,1,1,48.813,-9.65549,4.90496,0.191903,-0.0328057,0.0166652

orb:1,1,3.61622,1.09719,2.13222,0,0,-2.64343ptc:428.981,0,1,-43.9232,-12.7191,20.2232,-0.177669,-0.0432994,0.0688452
428.981,1,1,43.9232,12.7191,-20.2232,0.177669,0.0432994,-0.0688452

orb:1,1,0.926036,1.02576,4.64874,0,0,-2.87952ptc:422.997,0,1,-48.2927,-0.824008,-12.9279,-0.190376,-0.0028002,-0.0439326
422.997,1,1,48.2927,0.824008,12.9279,0.190376,0.0028002,0.0439326

orb:1,1,5.03417,1.13302,2.41313,0,0,-2.56471ptc:431.781,0,1,-41.9083,-20.3494,18.1548,-0.171889,-0.0693397,0.0618617
431.781,1,1,41.9083,20.3494,-18.1548,0.171889,0.0693397,-0.0618617

orb:1,1,2.06986,1.05672,5.15159,0,0,-2.75643ptc:425.66,0,1,-46.3368,7.98793,-17.0028,-0.18466,0.0271655,-0.0578235
425.66,1,1,46.3368,-7.98793,17.0028,0.18466,-0.0271655,0.0578235

orb:1,1,4.13373,1.1104,2.80122,0,0,-2.61267ptc:430.029,0,1,-43.1675,-23.7828,8.42277,-0.175495,-0.0809907,0.0286832
430.029,1,1,43.1675,23.7828,-8.42277,0.175495,0.0809907,-0.0286832

orb:1,1,0.972688,1.02705,2.43279,0,0,-2.87319ptc:423.11,0,1,-48.2098,-10.0659,8.63095,-0.190132,-0.0342075,0.0293312
423.11,1,1,48.2098,10.0659,-8.63095,0.190132,0.0342075,-0.0293312

orb:1,1,3.208,1.08665,5.66768,0,0,-2.66976ptc:428.133,0,1,-44.5369,18.5552,-13.1213,-0.17944,0.0631502,-0.0446566
428.133,1,1,44.5369,-18.5552,13.1213,0.17944,-0.0631502,0.0446566

orb:1,1,3.099,1.08382,3.97147,0,0,-2.67715ptc:427.903,0,1,-44.7035,-15.1167,-16.5252,-0.179921,-0.051444,-0.0562372
427.903,1,1,44.7035,15.1167,16.5252,0.179921,0.051444,0.0562372

orb:1,1,2.07097,1.05675,4.34214,0,0,-2.75633ptc:425.662,0,1,-46.335,-6.79924,-17.5169,-0.184654,-0.023123,-0.0595719
425.662,1,1,46.335,6.79924,17.5169,0.184654,0.023123,0.0595719

orb:1,1,1.88843,1.05187,4.90567,0,0,-2.77272ptc:425.25,0,1,-46.6366,3.46289,-17.6927,-0.185533,0.0117753,-0.0601625
425.25,1,1,46.6366,-3.46289,17.6927,0.185533,-0.0117753,0.0601625

orb:1,1,2.71186,1.07371,0.468353,0,0,-2.70476ptc:427.075,0,1,-45.3048,18.8756,9.54907,-0.181662,0.0642194,0.0324883
427.075,1,1,45.3048,-18.8756,-9.54907,0.181662,-0.0642194,-0.0324883

orb:1,1,5.32952,1.14034,4.04486,0,0,-2.55025ptc:432.338,0,1,-41.5097,-17.2551,-21.8908,-0.170752,-0.0588075,-0.0746064
432.338,1,1,41.5097,17.2551,21.8908,0.170752,0.0588075,0.0746064

orb:1,1,4.4795,1.11914,1.36699,0,0,-2.5935ptc:430.712,0,1,-42.6759,5.27307,25.514,-0.174085,0.0179612,0.0869059
430.712,1,1,42.6759,-5.27307,-25.514,0.174085,-0.0179612,-0.0869059

orb:1,1,3.41895,1.09211,4.51319,0,0,-2.65591ptc:428.574,0,1,-44.2178,-4.61878,-22.8792,-0.178518,-0.0157216,-0.0778769
428.574,1,1,44.2178,4.61878,22.8792,0.178518,0.0157216,0.0778769

orb:1,1,2.70125,1.07343,1.1711,0,0,-2.70555ptc:427.052,0,1,-45.3215,8.21775,19.4532,-0.18171,0.0279587,0.0661843
427.052,1,1,45.3215,-8.21775,-19.4532,0.18171,-0.0279587,-0.0661843

orb:1,1,0.746804,1.02083,1.81117,0,0,-2.90559ptc:422.563,0,1,-48.614,-2.78321,11.3547,-0.191318,-0.00945699,0.0385818
422.563,1,1,48.614,2.78321,-11.3547,0.191318,0.00945699,-0.0385818

orb:1,1,3.49743,1.09413,3.60586,0,0,-2.65089ptc:428.736,0,1,-44.1001,-21.0681,-10.5505,-0.178179,-0.0717161,-0.0359139
428.736,1,1,44.1001,21.0681,10.5505,0.178179,0.0717161,0.0359139

orb:1,1,5.32165,1.14015,5.68262,0,0,-2.55063ptc:432.323,0,1,-41.5202,22.9834,-15.7427,-0.170782,0.0783298,-0.0536528
432.323,1,1,41.5202,-22.9834,15.7427,0.170782,-0.0783298,0.0536528

orb:1,1,0.132927,1.00374,2.21242,0,0,-3.04106ptc:421.036,0,1,-49.7475,-3.00343,4.02027,-0.194654,-0.0102011,0.0136548
421.036,1,1,49.7475,3.00343,-4.02027,0.194654,0.0102011,-0.0136548

orb:1,1,1.96006,1.05379,1.21992,0,0,-2.76618ptc:425.412,0,1,-46.5178,6.30142,17.2158,-0.185187,0.0214284,0.0585437
425.412,1,1,46.5178,-6.30142,-17.2158,0.185187,-0.0214284,-0.0585437

orb:1,1,2.83607,1.07696,4.27879,0,0,-2.69565ptc:427.343,0,1,-45.1102,-9.06047,-19.5697,-0.181098,-0.0308285,-0.0665866
427.343,1,1,45.1102,9.06047,19.5697,0.181098,0.0308285,0.0665866

orb:1,1,3.02147,1.0818,3.9715,0,0,-2.6825ptc:427.739,0,1,-44.8227,-14.9546,-16.3489,-0.180266,-0.0508898,-0.0556342
427.739,1,1,44.8227,14.9546,16.3489,0.180266,0.0508898,0.0556342

orb:1,1,4.94884,1.1309,4.85987,0,0,-2.56899ptc:431.619,0,1,-42.0247,3.98106,-26.7969,-0.172222,0.0135645,-0.091304
431.619,1,1,42.0247,-3.98106,26.7969,0.172222,-0.0135645,0.091304

orb:1,1,0.49664,1.0139,6.26954,0,0,-2.94838ptc:421.948,0,1,-49.0697,9.59957,-0.130949,-0.192658,0.0326127,-0.000444875
421.948,1,1,49.0697,-9.59957,0.130949,0.192658,-0.0326127,0.000444875

orb:1,1,0.185306,1.00521,5.49945,0,0,-3.02299ptc:421.169,0,1,-49.6488,4.19032,-4.17644,-0.194363,0.0142329,-0.0141858
421.169,1,1,49.6488,-4.19032,4.17644,0.194363,-0.0142329,0.0141858

orb:1,1,4.5243,1.12027,2.64003,0,0,-2.59108ptc:430.799,0,1,-42.6129,-22.9344,12.5758,-0.173904,-0.0781217,0.042837
430.799,1,1,42.6129,22.9344,-12.5758,0.173904,0.0781217,-0.042837

orb:1,1,1.28197,1.0355,1.49748,0,0,-2.83491ptc:423.846,0,1,-47.667,1.10573,15.0544,-0.188542,0.00375843,0.0511708
423.846,1,1,47.667,-1.10573,-15.0544,0.188542,-0.00375843,-0.0511708

orb:1,1,1.49741,1.04134,2.1151,0,0,-2.81121ptc:424.351,0,1,-47.2959,-8.39918,13.8762,-0.187457,-0.0285534,0.0471728
424.351,1,1,47.2959,8.39918,-13.8762,0.187457,0.0285534,-0.0471728

orb:1,1,0.346554,1.00972,2.0274,0,0,-2.97981ptc:421.574,0,1,-49.3471,-3.55089,7.22861,-0.193474,-0.0120623,0.0245554
421.574,1,1,49.3471,3.55089,-7.22861,0.193474,0.0120623,-0.0245554

orb:1,1,4.33389,1.11547,0.640002,0,0,-2.60145ptc:430.426,0,1,-42.8817,20.6243,15.3558,-0.174675,0.070244,0.0523
430.426,1,1,42.8817,-20.6243,-15.3558,0.174675,-0.070244,-0.0523

orb:1,1,5.59165,1.1468,3.86565,0,0,-2.53788ptc:432.824,0,1,-41.1616,-21.2641,-18.8032,-0.169761,-0.0724831,-0.0640948
432.824,1,1,41.1616,21.2641,18.8032,0.169761,0.0724831,0.0640948

orb:1,1,4.0134,1.10734,1.56383,0,0,-2.61959ptc:429.788,0,1,-43.3411,0.173688,24.9303,-0.175994,0.000591437,0.0848918
429.788,1,1,43.3411,-0.173688,-24.9303,0.175994,-0.000591437,-0.0848918

orb:1,1,2.81385,1.07638,6.19761,0,0,-2.69726ptc:427.295,0,1,-45.1449,21.414,-1.83694,-0.181199,0.0728608,-0.00625016
427.295,1,1,45.1449,-21.414,1.83694,0.181199,-0.0728608,0.00625016

orb:1,1,5.49518,1.14443,3.16773,0,0,-2.54238ptc:432.646,0,1,-41.2891,-28.1899,-0.73706,-0.170124,-0.0960849,-0.00251226
432.646,1,1,41.2891,28.1899,0.73706,0.170124,0.0960849,0.00251226

orb:1,1,0.833289,1.02321,1.02691,0,0,-2.89263ptc:422.773,0,1,-48.4585,6.375,10.5421,-0.190862,0.0216626,0.0358227
422.773,1,1,48.4585,-6.375,-10.5421,0.190862,-0.0216626,-0.0358227

orb:1,1,5.09642,1.13457,3.40512,0,0,-2.56161ptc:431.899,0,1,-41.8237,-26.4544,-7.13753,-0.171648,-0.0901458,-0.0243218
431.899,1,1,41.8237,26.4544,7.13753,0.171648,0.0901458,0.0243218

orb:1,1,2.8835,1.0782,3.77779,0,0,-2.69224ptc:427.445,0,1,-45.0363,-17.4702,-12.9042,-0.180884,-0.0594448,-0.0439084
427.445,1,1,45.0363,17.4702,12.9042,0.180884,0.0594448,0.0439084

orb:1,1,4.54282,1.12073,5.28051,0,0,-2.59009ptc:430.836,0,1,-42.587,14.096,-22.0829,-0.17383,0.0480158,-0.075222
430.836,1,1,42.587,-14.096,22.0829,0.17383,-0.0480158,0.075222

orb:1,1,1.70858,1.04704,5.46009,0,0,-2.78979ptc:424.839,0,1,-46.9376,11.7153,-12.6336,-0.186411,0.0398323,-0.0429545
424.839,1,1,46.9376,-11.7153,12.6336,0.186411,-0.0398323,0.0429545

orb:1,1,3.46319,1.09325,4.12839,0,0,-2.65307ptc:428.666,0,1,-44.1514,-12.9383,-19.5769,-0.178327,-0.0440412,-0.0666384
428.666,1,1,44.1514,12.9383,19.5769,0.178327,0.0440412,0.0666384

orb:1,1,2.99885,1.08121,2.9958,0,0,-2.68408ptc:427.691,0,1,-44.8576,-21.8518,3.20864,-0.180367,-0.0743593,0.0109187
427.691,1,1,44.8576,21.8518,-3.20864,0.180367,0.0743593,-0.0109187

orb:1,1,1.3111,1.03629,1.69566,0,0,-2.83158ptc:423.915,0,1,-47.6165,-1.8996,15.1348,-0.188394,-0.00645697,0.051445
423.915,1,1,47.6165,1.8996,-15.1348,0.188394,0.00645697,-0.051445

orb:1,1,3.39703,1.09154,3.24671,0,0,-2.65732ptc:428.528,0,1,-44.2507,-23.1497,-2.44234,-0.178613,-0.0787965,-0.00831321
428.528,1,1,44.2507,23.1497,2.44234,0.178613,0.0787965,0.00831321

orb:1,1,1.42726,1.03944,5.45075,0,0,-2.8187ptc:424.187,0,1,-47.4161,10.6786,-11.7336,-0.187808,0.0363007,-0.0398871
424.187,1,1,47.4161,-10.6786,11.7336,0.187808,-0.0363007,0.0398871

orb:1,1,2.75308,1.07479,5.65502,0,0,-2.70171ptc:427.164,0,1,-45.2401,17.2273,-12.5122,-0.181474,0.0586132,-0.042571
427.164,1,1,45.2401,-17.2273,12.5122,0.181474,-0.0586132,0.042571

orb:1,1,3.76301,1.10095,1.11211,0,0,-2.63443ptc:429.281,0,1,-43.7064,10.7526,21.7746,-0.177044,0.0366082,0.0741341
429.281,1,1,43.7064,-10.7526,-21.7746,0.177044,-0.0366082,-0.0741341

orb:1,1,4.44634,1.1183,4.81625,0,0,-2.59529ptc:430.647,0,1,-42.7226,2.693,-25.8365,-0.174219,0.00917271,-0.0880028
430.647,1,1,42.7226,-2.693,25.8365,0.174219,-0.00917271,0.0880028

orb:1,1,0.302422,1.00849,1.94512,0,0,-2.99036ptc:421.464,0,1,-49.4293,-2.75434,7.01121,-0.193716,-0.00935614,0.0238162
421.464,1,1,49.4293,2.75434,-7.01121,0.193716,0.00935614,-0.0238162

orb:1,1,5.58705,1.14669,2.48677,0,0,-2.53809ptc:432.816,0,1,-41.1677,-22.507,17.2817,-0.169778,-0.0767196,0.0589083
432.816,1,1,41.1677,22.507,-17.2817,0.169778,0.0767196,-0.0589083

orb:1,1,0.981913,1.0273,3.08056,0,0,-2.87196ptc:423.132,0,1,-48.1934,-13.2941,0.812395,-0.190084,-0.0451785,0.00276084
423.132,1,1,48.1934,13.2941,-0.812395,0.190084,0.0451785,-0.00276084

orb:1,1,0.933146,1.02596,2.92061,0,0,-2.87854ptc:423.015,0,1,-48.2801,-12.6851,2.84979,-0.190338,-0.0431076,0.00968439
423.015,1,1,48.2801,12.6851,-2.84979,0.190338,0.0431076,-0.00968439

orb:1,1,5.41587,1.14247,2.0026,0,0,-2.54613ptc:432.499,0,1,-41.3944,-11.7369,25.4705,-0.170424,-0.0400031,0.0868113
432.499,1,1,41.3944,11.7369,-25.4705,0.170424,0.0400031,-0.0868113

orb:1,1,0.998899,1.02776,3.64259,0,0,-2.86971ptc:423.173,0,1,-48.1633,-11.7772,-6.44914,-0.189996,-0.0400239,-0.021917
423.173,1,1,48.1633,11.7772,6.44914,0.189996,0.0400239,0.021917

orb:1,1,4.23768,1.11303,4.623,0,0,-2.6068ptc:430.235,0,1,-43.0186,-2.27487,-25.3815,-0.175068,-0.00774744,-0.086441
430.235,1,1,43.0186,2.27487,25.3815,0.175068,0.00774744,0.086441

orb:1,1,1.12035,1.03109,2.27101,0,0,-2.85419ptc:423.463,0,1,-47.9491,-9.13301,10.8383,-0.189368,-0.0310404,0.0368361
423.463,1,1,47.9491,9.13301,-10.8383,0.189368,0.0310404,-0.0368361

orb:1,1,2.61325,1.07111,3.37709,0,0,-2.71218ptc:426.861,0,1,-45.4605,-20.2424,-4.85708,-0.182113,-0.0688652,-0.0165239
426.861,1,1,45.4605,20.2424,4.85708,0.182113,0.0688652,0.0165239

orb:1,1,4.29585,1.1145,1.8953,0,0,-2.60355ptc:430.351,0,1,-42.9357,-8.16942,24.2854,-0.17483,-0.0278234,0.0827113
430.351,1,1,42.9357,8.16942,-24.2854,0.17483,0.0278234,-0.0827113

orb:1,1,3.02541,1.0819,4.27923,0,0,-2.68222ptc:427.747,0,1,-44.8166,-9.30523,-20.1217,-0.180248,-0.0316653,-0.0684732
427.747,1,1,44.8166,9.30523,20.1217,0.180248,0.0316653,0.0684732

orb:1,1,0.164162,1.00462,5.77614,0,0,-3.02992ptc:421.115,0,1,-49.6886,4.87078,-2.70567,-0.19448,0.0165439,-0.00919
421.115,1,1,49.6886,-4.87078,2.70567,0.19448,-0.0165439,0.00919

orb:1,1,5.08678,1.13433,5.12708,0,0,-2.56209ptc:431.881,0,1,-41.8368,11.0319,-25.0596,-0.171685,0.0375919,-0.0853923
431.881,1,1,41.8368,-11.0319,25.0596,0.171685,-0.0375919,0.0853923

orb:1,1,0.220506,1.00619,0.627061,0,0,-3.01229ptc:421.258,0,1,-49.5826,5.22068,3.78302,-0.194168,0.017733,0.0128498
421.258,1,1,49.5826,-5.22068,-3.78302,0.194168,-0.017733,-0.0128498

orb:1,1,1.40374,1.03881,1.17979,0,0,-2.82126ptc:424.132,0,1,-47.4566,6.00032,14.5558,-0.187927,0.0203971,0.0494799
424.132,1,1,47.4566,-6.00032,-14.5558,0.187927,-0.0203971,-0.0494799

orb:1,1,2.6769,1.07279,4.29716,0,0,-2.70737ptc:426.999,0,1,-45.3599,-8.48558,-19.2477,-0.181822,-0.0288694,-0.0654842
426.999,1,1,45.3599,8.48558,19.2477,0.181822,0.0288694,0.0654842

orb:1,1,3.56069,1.09576,1.11303,0,0,-2.6469ptc:428.867,0,1,-44.0058,10.491,21.294,-0.177907,0.0357129,0.0724879
428.867,1,1,44.0058,-10.491,-21.294,0.177907,-0.0357129,-0.0724879

orb:1,1,3.1268,1.08454,2.21171,0,0,-2.67525ptc:427.962,0,1,-44.6609,-13.4421,18.0198,-0.179798,-0.045746,0.0613247
427.962,1,1,44.6609,13.4421,-18.0198,0.179798,0.045746,-0.0613247

orb:1,1,4.72776,1.12537,2.20862,0,0,-2.58033ptc:431.195,0,1,-42.3292,-15.8465,21.3805,-0.173092,-0.0539854,0.0728385
431.195,1,1,42.3292,15.8465,-21.3805,0.173092,0.0539854,-0.0728385

orb:1,1,4.32709,1.11529,5.07727,0,0,-2.60182ptc:430.412,0,1,-42.8913,9.16977,-24.0052,-0.174702,0.031231,-0.0817585
430.412,1,1,42.8913,-9.16977,24.0052,0.174702,-0.031231,0.0817585

orb:1,1,1.85386,1.05095,6.26158,0,0,-2.77592ptc:425.171,0,1,-46.6942,17.8746,-0.386227,-0.185701,0.0607796,-0.0013133
425.171,1,1,46.6942,-17.8746,0.386227,0.185701,-0.0607796,0.0013133

orb:1,1,5.24867,1.13834,1.41778,0,0,-2.55415ptc:432.186,0,1,-41.6181,4.22366,27.3878,-0.171061,0.014394,0.093336
432.186,1,1,41.6181,-4.22366,-27.3878,0.171061,-0.014394,-0.093336

orb:1,1,3.28337,1.0886,2.27149,0,0,-2.66475ptc:428.291,0,1,-44.4224,-14.7962,17.5421,-0.179109,-0.0503595,0.0597049
428.291,1,1,44.4224,14.7962,-17.5421,0.179109,0.0503595,-0.0597049

orb:1,1,3.03159,1.08207,3.1732,0,0,-2.68179ptc:427.76,0,1,-44.8071,-22.1773,-0.701276,-0.180221,-0.0754686,-0.00238642
427.76,1,1,44.8071,22.1773,0.701276,0.180221,0.0754686,0.00238642

orb:1,1,0.362659,1.01017,0.0558914,0,0,-2.97614ptc:421.615,0,1,-49.3172,8.22206,0.460022,-0.193386,0.0279305,0.0015627
421.615,1,1,49.3172,-8.22206,-0.460022,0.193386,-0.0279305,-0.0015627

orb:1,1,0.697324,1.01946,5.90105,0,0,-2.91337ptc:422.442,0,1,-48.7035,10.4965,-4.21843,-0.191581,0.0356644,-0.0143332
422.442,1,1,48.7035,-10.4965,4.21843,0.191581,-0.0356644,0.0143332

orb:1,1,4.41558,1.11753,0.465776,0,0,-2.59696ptc:430.587,0,1,-42.766,23.1454,11.6344,-0.174343,0.0788349,0.0396274
430.587,1,1,42.766,-23.1454,-11.6344,0.174343,-0.0788349,-0.0396274

orb:1,1,4.63322,1.123,1.79449,0,0,-2.58529ptc:431.012,0,1,-42.4606,-5.85691,25.7448,-0.173468,-0.0199519,0.087701
431.012,1,1,42.4606,5.85691,-25.7448,0.173468,0.0199519,-0.087701

orb:1,1,0.706831,1.01972,0.276969,0,0,-2.91185ptc:422.465,0,1,-48.6863,10.9523,3.11348,-0.191531,0.0372135,0.0105789
422.465,1,1,48.6863,-10.9523,-3.11348,0.191531,-0.0372135,-0.0105789

orb:1,1,1.6818,1.04632,5.90616,0,0,-2.79242ptc:424.777,0,1,-46.9828,15.9046,-6.29777,-0.186543,0.0540748,-0.0214121
424.777,1,1,46.9828,-15.9046,6.29777,0.186543,-0.0540748,0.0214121

orb:1,1,0.23291,1.00654,2.07456,0,0,-3.00873ptc:421.289,0,1,-49.5593,-3.19747,5.80086,-0.194099,-0.0108609,0.0197039
421.289,1,1,49.5593,3.19747,-5.80086,0.194099,0.0108609,-0.0197039

orb:1,1,0.856243,1.02385,1.17421,0,0,-2.88932ptc:422.829,0,1,-48.4174,4.82088,11.5117,-0.190741,0.0163819,0.039118
422.829,1,1,48.4174,-4.82088,-11.5117,0.190741,-0.0163819,-0.039118

orb:1,1,0.0664624,1.00187,2.46574,0,0,-3.07043ptc:420.867,0,1,-49.8734,-2.77368,2.22401,-0.195026,-0.00942038,0.00755351
420.867,1,1,49.8734,2.77368,-2.22401,0.195026,0.00942038,-0.00755351

orb:1,1,4.98323,1.13175,4.05192,0,0,-2.56726ptc:431.684,0,1,-41.9777,-16.6646,-21.4514,-0.172087,-0.056782,-0.0730921
431.684,1,1,41.9777,16.6646,21.4514,0.172087,0.056782,0.0730921

orb:1,1,3.95803,1.10593,3.99268,0,0,-2.62282ptc:429.676,0,1,-43.4214,-16.3413,-18.6426,-0.176224,-0.0556428,-0.0634788
429.676,1,1,43.4214,16.3413,18.6426,0.176224,0.0556428,0.0634788

orb:1,1,0.514522,1.0144,5.72231,0,0,-2.94499ptc:421.992,0,1,-49.0368,8.27046,-5.1953,-0.192561,0.0280977,-0.0176502
421.992,1,1,49.0368,-8.27046,5.1953,0.192561,-0.0280977,0.0176502

orb:1,1,2.33688,1.06382,3.15876,0,0,-2.73391ptc:426.255,0,1,-45.9022,-19.8211,-0.340318,-0.183396,-0.0674198,-0.00115756
426.255,1,1,45.9022,19.8211,0.340318,0.183396,0.0674198,0.00115756

orb:1,1,2.40396,1.06559,3.40579,0,0,-2.7285ptc:426.403,0,1,-45.7942,-19.3757,-5.24163,-0.183082,-0.0659076,-0.0178297
426.403,1,1,45.7942,19.3757,5.24163,0.183082,0.0659076,0.0178297

orb:1,1,1.85093,1.05087,0.0169791,0,0,-2.7762ptc:425.164,0,1,-46.6991,17.8634,0.303333,-0.185715,0.0607415,0.00103143
425.164,1,1,46.6991,-17.8634,-0.303333,0.185715,-0.0607415,-0.00103143

orb:1,1,0.5824,1.01628,4.50979,0,0,-2.93265ptc:422.16,0,1,-48.9125,-2.08688,-10.1593,-0.192195,-0.00709018,-0.0345163
422.16,1,1,48.9125,2.08688,10.1593,0.192195,0.00709018,0.0345163

orb:1,1,2.06288,1.05654,3.15069,0,0,-2.75704ptc:425.644,0,1,-46.3482,-18.7566,-0.170636,-0.184693,-0.0637876,-0.0005803
425.644,1,1,46.3482,18.7566,0.170636,0.184693,0.0637876,0.0005803

orb:1,1,2.93315,1.0795,0.754058,0,0,-2.6887ptc:427.551,0,1,-44.9592,15.9476,14.978,-0.180661,0.0542655,0.0509665
427.551,1,1,44.9592,-15.9476,-14.978,0.180661,-0.0542655,-0.0509665

orb:1,1,1.49506,1.04128,4.18246,0,0,-2.81146ptc:424.345,0,1,-47.2999,-8.19294,-13.9854,-0.187469,-0.0278522,-0.047544
424.345,1,1,47.2999,8.19294,13.9854,0.187469,0.0278522,0.047544

orb:1,1,1.67183,1.04605,1.13075,0,0,-2.7934ptc:424.754,0,1,-46.9996,7.26714,15.4345,-0.186592,0.0247078,0.0524764
424.754,1,1,46.9996,-7.26714,-15.4345,0.186592,-0.0247078,-0.0524764

orb:1,1,2.81443,1.07639,0.122576,0,0,-2.69722ptc:427.296,0,1,-45.144,21.3333,2.62814,-0.181196,0.0725862,0.00894219
427.296,1,1,45.144,-21.3333,-2.62814,0.181196,-0.0725862,-0.00894219

orb:1,1,5.50267,1.14461,0.952555,0,0,-2.54203ptc:432.66,0,1,-41.2792,16.3529,22.9916,-0.170096,0.0557391,0.078367
432.66,1,1,41.2792,-16.3529,-22.9916,0.170096,-0.0557391,-0.078367

orb:1,1,4.81491,1.12755,3.97626,0,0,-2.57582ptc:431.362,0,1,-42.2087,-17.9965,-19.8633,-0.172747,-0.0613135,-0.0676736
431.362,1,1,42.2087,17.9965,19.8633,0.172747,0.0613135,0.0676736

orb:1,1,4.62486,1.12279,2.53735,0,0,-2.58573ptc:430.995,0,1,-42.4723,-21.7121,14.9897,-0.173502,-0.073963,0.051063
430.995,1,1,42.4723,21.7121,-14.9897,0.173502,0.073963,-0.051063

orb:1,1,1.62007,1.04466,5.06943,0,0,-2.79857ptc:424.635,0,1,-47.0872,5.87744,-15.7561,-0.186847,0.0199822,-0.0535678
424.635,1,1,47.0872,-5.87744,15.7561,0.186847,-0.0199822,0.0535678

orb:1,1,4.36757,1.11632,5.64072,0,0,-2.59959ptc:430.492,0,1,-42.8339,20.6501,-15.454,-0.174538,0.0703335,-0.0526359
430.492,1,1,42.8339,-20.6501,15.454,0.174538,-0.0703335,0.0526359

orb:1,1,2.02594,1.05555,4.95054,0,0,-2.76029ptc:425.561,0,1,-46.409,4.38937,-18.0814,-0.18487,0.014927,-0.0614896
425.561,1,1,46.409,-4.38937,18.0814,0.18487,-0.014927,0.0614896

orb:1,1,4.77251,1.12649,4.06021,0,0,-2.57801ptc:431.281,0,1,-42.2672,-16.2114,-21.229,-0.172915,-0.0552302,-0.0723243
431.281,1,1,42.2672,16.2114,21.229,0.172915,0.0552302,0.0723243

orb:1,1,4.3651,1.11625,3.52727,0,0,-2.59973ptc:430.487,0,1,-42.8374,-23.8925,-9.70065,-0.174548,-0.0813769,-0.03304
430.487,1,1,42.8374,23.8925,9.70065,0.174548,0.0813769,0.03304

orb:1,1,3.52411,1.09482,4.0583,0,0,-2.6492ptc:428.792,0,1,-44.0603,-14.3815,-18.7581,-0.178064,-0.0489556,-0.0638537
428.792,1,1,44.0603,14.3815,18.7581,0.178064,0.0489556,0.0638537

orb:1,1,0.140432,1.00395,0.731723,0,0,-3.03827ptc:421.055,0,1,-49.7334,3.83685,3.4456,-0.194612,0.0130319,0.011703
421.055,1,1,49.7334,-3.83685,-3.4456,0.194612,-0.0130319,-0.011703

orb:1,1,1.68444,1.04639,2.73462,0,0,-2.79216ptc:424.783,0,1,-46.9783,-15.7201,6.77602,-0.18653,-0.0534477,0.0230382
424.783,1,1,46.9783,15.7201,-6.77602,0.18653,0.0534477,-0.0230382

orb:1,1,1.74115,1.04792,4.39015,0,0,-2.78662ptc:424.914,0,1,-46.8828,-5.50356,-16.4836,-0.186251,-0.0187126,-0.0560456
424.914,1,1,46.8828,5.50356,16.4836,0.186251,0.0187126,0.0560456

orb:1,1,2.47319,1.06742,6.1402,0,0,-2.72301ptc:426.555,0,1,-45.6833,20.1159,-2.89609,-0.18276,0.0684288,-0.00985168
426.555,1,1,45.6833,-20.1159,2.89609,0.18276,-0.0684288,0.00985168

orb:1,1,4.22533,1.11272,0.130933,0,0,-2.60749ptc:430.211,0,1,-43.0363,25.2356,3.32318,-0.175118,0.0859434,0.0113176
430.211,1,1,43.0363,-25.2356,-3.32318,0.175118,-0.0859434,-0.0113176

orb:1,1,1.74228,1.04795,2.94466,0,0,-2.78651ptc:424.916,0,1,-46.881,-17.0472,3.40125,-0.186246,-0.057962,0.0115646
424.916,1,1,46.881,17.0472,-3.40125,0.186246,0.057962,-0.0115646

orb:1,1,4.85475,1.12855,4.77342,0,0,-2.57377ptc:431.439,0,1,-42.1538,1.63997,-26.8396,-0.172591,0.00558747,-0.091444
431.439,1,1,42.1538,-1.63997,26.8396,0.172591,-0.00558747,0.091444

orb:1,1,3.63376,1.09764,4.03792,0,0,-2.64235ptc:429.017,0,1,-43.8972,-14.9489,-18.6967,-0.177594,-0.0508908,-0.0636494
429.017,1,1,43.8972,14.9489,18.6967,0.177594,0.0508908,0.0636494

orb:1,1,2.99981,1.08124,0.674195,0,0,-2.68401ptc:427.693,0,1,-44.8561,17.2562,13.7895,-0.180363,0.0587212,0.0469243
427.693,1,1,44.8561,-17.2562,-13.7895,0.180363,-0.0587212,-0.0469243

orb:1,1,4.69771,1.12462,3.33212,0,0,-2.5819ptc:431.136,0,1,-42.3709,-26.066,-5.02727,-0.173211,-0.0887989,-0.0171264
431.136,1,1,42.3709,26.066,5.02727,0.173211,0.0887989,0.0171264

orb:1,1,1.39976,1.0387,4.71211,0,0,-2.8217ptc:424.123,0,1,-47.4634,-0.00434945,-15.7234,-0.187947,-1.47852e-05,-0.053449
424.123,1,1,47.4634,0.00434945,15.7234,0.187947,1.47852e-05,0.053449

orb:1,1,1.3845,1.03828,1.44561,0,0,-2.82337ptc:424.087,0,1,-47.4897,1.9533,15.5215,-0.188024,0.00663983,0.0527619
424.087,1,1,47.4897,-1.9533,-15.5215,0.188024,-0.00663983,-0.0527619

orb:1,1,5.3402,1.14061,1.15934,0,0,-2.54974ptc:432.358,0,1,-41.4954,11.1565,25.5669,-0.170711,0.038023,0.0871355
432.358,1,1,41.4954,-11.1565,-25.5669,0.170711,-0.038023,-0.0871355

orb:1,1,1.78533,1.04911,3.58657,0,0,-2.78238ptc:425.015,0,1,-46.8087,-15.8651,-7.5657,-0.186035,-0.0539443,-0.0257248
425.015,1,1,46.8087,15.8651,7.5657,0.186035,0.0539443,0.0257248

orb:1,1,3.77688,1.1013,1.56963,0,0,-2.63359ptc:429.31,0,1,-43.686,0.0284502,24.3215,-0.176986,9.68626e-05,0.0828057
429.31,1,1,43.686,-0.0284502,-24.3215,0.176986,-9.68626e-05,-0.0828057

orb:1,1,4.27987,1.1141,3.75689,0,0,-2.60444ptc:430.319,0,1,-42.9585,-20.8923,-14.7675,-0.174895,-0.0711543,-0.0502947
430.319,1,1,42.9585,20.8923,14.7675,0.174895,0.0711543,0.0502947

orb:1,1,4.41083,1.11741,4.86406,0,0,-2.59722ptc:430.577,0,1,-42.7727,3.91228,-25.5966,-0.174362,0.0133255,-0.0871836
430.577,1,1,42.7727,-3.91228,25.5966,0.174362,-0.0133255,0.0871836

orb:1,1,1.92872,1.05295,1.81105,0,0,-2.76902ptc:425.341,0,1,-46.5697,-4.33075,17.6778,-0.185338,-0.0147267,0.0601134
425.341,1,1,46.5697,4.33075,-17.6778,0.185338,0.0147267,-0.0601134

orb:1,1,3.38379,1.0912,1.32908,0,0,-2.65818ptc:428.501,0,1,-44.2707,5.56303,22.5646,-0.178671,0.0189352,0.0768044
428.501,1,1,44.2707,-5.56303,-22.5646,0.178671,-0.0189352,-0.0768044

orb:1,1,3.68429,1.09893,1.92602,0,0,-2.63923ptc:429.121,0,1,-43.8224,-8.37315,22.5718,-0.177379,-0.0285058,0.0768442
429.121,1,1,43.8224,8.37315,-22.5718,0.177379,0.0285058,-0.0768442

orb:1,1,0.476315,1.01333,4.14911,0,0,-2.95232ptc:421.898,0,1,-49.107,-5.02316,-7.95397,-0.192768,-0.017065,-0.0270217
421.898,1,1,49.107,5.02316,7.95397,0.192768,0.017065,0.0270217

orb:1,1,1.30673,1.03617,3.71222,0,0,-2.83208ptc:423.904,0,1,-47.6241,-12.8169,-8.22661,-0.188417,-0.0435661,-0.0279632
423.904,1,1,47.6241,12.8169,8.22661,0.188417,0.0435661,0.0279632

orb:1,1,5.44737,1.14325,1.95104,0,0,-2.54464ptc:432.557,0,1,-41.3525,-10.4316,26.0988,-0.170305,-0.0355548,0.0889549
432.557,1,1,41.3525,10.4316,-26.0988,0.170305,0.0355548,-0.0889549

orb:1,1,5.3377,1.14054,4.87767,0,0,-2.54986ptc:432.353,0,1,-41.4987,4.58877,-27.51,-0.170721,0.0156392,-0.0937577
432.353,1,1,41.4987,-4.58877,27.51,0.170721,-0.0156392,0.0937577

orb:1,1,0.799425,1.02228,4.05104,0,0,-2.89762ptc:422.691,0,1,-48.5193,-7.41813,-9.53163,-0.19104,-0.0252067,-0.0323883
422.691,1,1,48.5193,7.41813,9.53163,0.19104,0.0252067,0.0323883

orb:1,1,3.06452,1.08292,4.66759,0,0,-2.67952ptc:427.83,0,1,-44.7564,-0.99818,-22.268,-0.180074,-0.00339685,-0.0757791
427.83,1,1,44.7564,0.99818,22.268,0.180074,0.00339685,0.0757791

orb:1,1,4.24123,1.11312,1.07206,0,0,-2.6066ptc:430.242,0,1,-43.0136,12.1931,22.3866,-0.175053,0.0415256,0.0762416
430.242,1,1,43.0136,-12.1931,-22.3866,0.175053,-0.0415256,-0.0762416

orb:1,1,4.2558,1.11349,5.58917,0,0,-2.60578ptc:430.271,0,1,-42.9928,19.622,-16.3278,-0.174993,0.066827,-0.0556076
430.271,1,1,42.9928,-19.622,16.3278,0.174993,-0.066827,0.0556076

orb:1,1,1.5901,1.04385,0.109533,0,0,-2.80161ptc:424.566,0,1,-47.138,16.5737,1.82265,-0.186996,0.0563462,0.00619655
424.566,1,1,47.138,-16.5737,-1.82265,0.186996,-0.0563462,-0.00619655

orb:1,1,2.26143,1.06182,0.107493,0,0,-2.74011ptc:426.088,0,1,-46.0242,19.4263,2.09628,-0.18375,0.0660737,0.00712997
426.088,1,1,46.0242,-19.4263,-2.09628,0.18375,-0.0660737,-0.00712997

orb:1,1,0.944865,1.02628,0.682708,0,0,-2.87694ptc:423.043,0,1,-48.2592,10.1471,8.25116,-0.190277,0.0344831,0.02804
423.043,1,1,48.2592,-10.1471,-8.25116,0.190277,-0.0344831,-0.02804

orb:1,1,2.14286,1.05867,4.69905,0,0,-2.75011ptc:425.823,0,1,-46.2172,-0.254489,-19.0764,-0.184312,-0.000865514,-0.0648784
425.823,1,1,46.2172,0.254489,19.0764,0.184312,0.000865514,0.0648784

orb:1,1,5.58381,1.14661,0.983022,0,0,-2.53824ptc:432.81,0,1,-41.1719,15.7316,23.6091,-0.16979,0.0536242,0.0804761
432.81,1,1,41.1719,-15.7316,-23.6091,0.16979,-0.0536242,-0.0804761

orb:1,1,1.54414,1.04261,2.7251,0,0,-2.80633ptc:424.459,0,1,-47.2162,-15.0446,6.65526,-0.187224,-0.0511463,0.0226255
424.459,1,1,47.2162,15.0446,-6.65526,0.187224,0.0511463,-0.0226255

orb:1,1,0.225756,1.00634,5.65224,0,0,-3.01077ptc:421.271,0,1,-49.5727,5.26675,-3.84772,-0.194139,0.0178896,-0.0130696
421.271,1,1,49.5727,-5.26675,3.84772,0.194139,-0.0178896,0.0130696

orb:1,1,1.82347,1.05013,3.5559,0,0,-2.77877ptc:425.102,0,1,-46.7449,-16.2444,-7.14363,-0.185849,-0.0552352,-0.0242902
425.102,1,1,46.7449,16.2444,7.14363,0.185849,0.0552352,0.0242902

orb:1,1,1.55358,1.04286,5.07112,0,0,-2.80535ptc:424.481,0,1,-47.2001,5.79194,-15.4468,-0.187177,0.0196906,-0.052514
424.481,1,1,47.2001,-5.79194,15.4468,0.187177,-0.0196906,0.052514

orb:1,1,5.12643,1.13531,2.57746,0,0,-2.56013ptc:431.956,0,1,-41.783,-23.2071,14.6837,-0.171532,-0.0790818,0.0500371
431.956,1,1,41.783,23.2071,-14.6837,0.171532,0.0790818,-0.0500371

orb:1,1,2.35909,1.06441,4.92004,0,0,-2.73211ptc:426.304,0,1,-45.8663,4.10402,-19.4791,-0.183292,0.0139597,-0.0662574
426.304,1,1,45.8663,-4.10402,19.4791,0.183292,-0.0139597,0.0662574

orb:1,1,1.38933,1.03841,0.714607,0,0,-2.82284ptc:424.098,0,1,-47.4814,11.8357,10.2683,-0.187999,0.040233,0.034905
424.098,1,1,47.4814,-11.8357,-10.2683,0.187999,-0.040233,-0.034905

orb:1,1,5.53207,1.14534,3.79356,0,0,-2.54065ptc:432.714,0,1,-41.2402,-22.4722,-17.1535,-0.169985,-0.0765982,-0.0584689
432.714,1,1,41.2402,22.4722,17.1535,0.169985,0.0765982,0.0584689

orb:1,1,4.82626,1.12784,2.40738,0,0,-2.57524ptc:431.384,0,1,-42.1931,-19.9161,17.9749,-0.172703,-0.0678538,0.0612402
431.384,1,1,42.1931,19.9161,-17.9749,0.172703,0.0678538,-0.0612402

orb:1,1,1.2731,1.03526,2.42337,0,0,-2.83593ptc:423.825,0,1,-47.6824,-11.3295,9.90113,-0.188587,-0.0385094,0.0336544
423.825,1,1,47.6824,11.3295,-9.90113,0.188587,0.0385094,-0.0336544

orb:1,1,3.01664,1.08168,1.54978,0,0,-2.68283ptc:427.729,0,1,-44.8301,0.465212,22.1369,-0.180288,0.00158309,0.0753303
427.729,1,1,44.8301,-0.465212,-22.1369,0.180288,-0.00158309,-0.0753303

orb:1,1,5.47106,1.14383,4.43488,0,0,-2.54352ptc:432.601,0,1,-41.3211,-7.71264,-27.0755,-0.170215,-0.026288,-0.0922852
432.601,1,1,41.3211,7.71264,27.0755,0.170215,0.026288,0.0922852

orb:1,1,0.40335,1.0113,6.01851,0,0,-2.96722ptc:421.716,0,1,-49.2418,8.37257,-2.26929,-0.193164,0.0284425,-0.00770901
421.716,1,1,49.2418,-8.37257,2.26929,0.193164,-0.0284425,0.00770901

orb:1,1,1.1576,1.03211,0.148688,0,0,-2.84961ptc:423.552,0,1,-47.8838,14.2336,2.13209,-0.189177,0.0483768,0.00724651
423.552,1,1,47.8838,-14.2336,-2.13209,0.189177,-0.0483768,-0.00724651

orb:1,1,5.55626,1.14593,3.14705,0,0,-2.53952ptc:432.759,0,1,-41.2083,-28.317,-0.154534,-0.169894,-0.0965222,-0.00052675
432.759,1,1,41.2083,28.317,0.154534,0.169894,0.0965222,0.00052675

orb:1,1,2.99249,1.08105,4.69736,0,0,-2.68452ptc:427.677,0,1,-44.8674,-0.331679,-22.0637,-0.180395,-0.00112866,-0.07508
427.677,1,1,44.8674,0.331679,22.0637,0.180395,0.00112866,0.07508

orb:1,1,3.10706,1.08403,2.14802,0,0,-2.67659ptc:427.92,0,1,-44.6911,-12.2352,18.7884,-0.179885,-0.0416381,0.0639393
427.92,1,1,44.6911,12.2352,-18.7884,0.179885,0.0416381,-0.0639393

orb:1,1,0.406042,1.01138,0.855038,0,0,-2.96664ptc:421.723,0,1,-49.2368,5.71076,6.56717,-0.193149,0.0194001,0.0223094
421.723,1,1,49.2368,-5.71076,-6.56717,0.193149,-0.0194001,-0.0223094

orb:1,1,1.69137,1.04658,3.96072,0,0,-2.79148ptc:424.799,0,1,-46.9666,-11.7112,-12.5292,-0.186496,-0.0398179,-0.042599
424.799,1,1,46.9666,11.7112,12.5292,0.186496,0.0398179,0.042599

orb:1,1,3.56062,1.09576,0.530061,0,0,-2.6469ptc:428.867,0,1,-44.0058,20.4805,12.0015,-0.177907,0.0697186,0.040855
428.867,1,1,44.0058,-20.4805,-12.0015,0.177907,-0.0697186,-0.040855

orb:1,1,5.08001,1.13416,0.525818,0,0,-2.56243ptc:431.868,0,1,-41.846,23.6695,13.7357,-0.171711,0.0806552,0.0468053
431.868,1,1,41.846,-23.6695,-13.7357,0.171711,-0.0806552,-0.0468053

orb:1,1,2.18491,1.05979,5.90039,0,0,-2.74653ptc:425.917,0,1,-46.1485,17.8507,-7.18772,-0.184112,0.0607116,-0.024446
425.917,1,1,46.1485,-17.8507,7.18772,0.184112,-0.0607116,0.024446

orb:1,1,2.94171,1.07972,3.04248,0,0,-2.68809ptc:427.569,0,1,-44.946,-21.7982,2.16752,-0.180623,-0.0741742,0.00737556
427.569,1,1,44.946,21.7982,-2.16752,0.180623,0.0741742,-0.00737556

orb:1,1,0.276297,1.00776,0.94989,0,0,-2.99698ptc:421.398,0,1,-49.4781,4.19193,5.86056,-0.19386,0.0142392,0.0199073
421.398,1,1,49.4781,-4.19193,-5.86056,0.19386,-0.0142392,-0.0199073

orb:1,1,4.47037,1.11891,4.00791,0,0,-2.59399ptc:430.694,0,1,-42.6888,-16.8593,-19.8352,-0.174122,-0.057426,-0.0675624
430.694,1,1,42.6888,16.8593,19.8352,0.174122,0.057426,0.0675624

orb:1,1,5.58343,1.1466,5.51153,0,0,-2.53826ptc:432.809,0,1,-41.1724,20.334,-19.7828,-0.169792,0.0693123,-0.0674335
432.809,1,1,41.1724,-20.334,19.7828,0.169792,-0.0693123,0.0674335

orb:1,1,3.8837,1.10403,5.10604,0,0,-2.6272ptc:429.526,0,1,-43.5296,9.43581,-22.7187,-0.176536,0.0321277,-0.0773544
429.526,1,1,43.5296,-9.43581,22.7187,0.176536,-0.0321277,0.0773544

orb:1,1,4.84989,1.12843,6.02872,0,0,-2.57402ptc:431.43,0,1,-42.1605,26.0137,-6.76615,-0.17261,0.0886296,-0.0230526
431.43,1,1,42.1605,-26.0137,6.76615,0.17261,-0.0886296,0.0230526

orb:1,1,3.35273,1.0904,3.15871,0,0,-2.6602ptc:428.436,0,1,-44.3175,-23.1474,-0.396157,-0.178806,-0.0787866,-0.0013484
428.436,1,1,44.3175,23.1474,0.396157,0.178806,0.0787866,0.0013484

orb:1,1,4.90754,1.12987,1.17991,0,0,-2.57108ptc:431.54,0,1,-42.0813,10.2885,24.9662,-0.172383,0.0350546,0.0850641
431.54,1,1,42.0813,-10.2885,-24.9662,0.172383,-0.0350546,-0.0850641

orb:1,1,2.26899,1.06202,0.0577369,0,0,-2.73948ptc:426.104,0,1,-46.0119,19.5354,1.12917,-0.183715,0.0664449,0.00384059
426.104,1,1,46.0119,-19.5354,-1.12917,0.183715,-0.0664449,-0.00384059

orb:1,1,3.21109,1.08673,3.53392,0,0,-2.66956ptc:428.14,0,1,-44.5322,-21.0077,-8.69256,-0.179426,-0.071497,-0.029584
428.14,1,1,44.5322,21.0077,8.69256,0.179426,0.071497,0.029584

orb:1,1,3.03569,1.08217,4.79516,0,0,-2.68151ptc:427.769,0,1,-44.8008,1.8355,-22.1251,-0.180203,0.00624618,-0.0752912
427.769,1,1,44.8008,-1.8355,22.1251,0.180203,-0.00624618,0.0752912

orb:1,1,2.24929,1.0615,4.91949,0,0,-2.74112ptc:426.061,0,1,-46.0438,4.00817,-19.0761,-0.183808,0.0136327,-0.0648821
426.061,1,1,46.0438,-4.00817,19.0761,0.183808,-0.0136327,0.0648821

orb:1,1,2.04946,1.05618,2.1088,0,0,-2.75821ptc:425.614,0,1,-46.3703,-9.5838,16.0607,-0.184757,-0.0325923,0.0546186
425.614,1,1,46.3703,9.5838,-16.0607,0.184757,0.0325923,-0.0546186

orb:1,1,0.494322,1.01383,0.441672,0,0,-2.94883ptc:421.942,0,1,-49.0739,8.65947,4.09441,-0.19267,0.0294189,0.01391
421.942,1,1,49.0739,-8.65947,-4.09441,0.19267,-0.0294189,-0.01391

orb:1,1,4.51043,1.11992,0.753642,0,0,-2.59183ptc:430.772,0,1,-42.6324,19.0498,17.8768,-0.17396,0.0648891,0.0608934
430.772,1,1,42.6324,-19.0498,-17.8768,0.17396,-0.0648891,-0.0608934

orb:1,1,3.48736,1.09387,0.625713,0,0,-2.65153ptc:428.716,0,1,-44.1152,19.0754,13.7833,-0.178222,0.0649324,0.0469181
428.716,1,1,44.1152,-19.0754,-13.7833,0.178222,-0.0649324,-0.0469181

orb:1,1,1.13636,1.03153,4.19717,0,0,-2.85221ptc:423.501,0,1,-47.921,-7.03024,-12.4157,-0.189286,-0.0238939,-0.0421977
423.501,1,1,47.921,7.03024,12.4157,0.189286,0.0238939,0.0421977

orb:1,1,3.68064,1.09884,0.678306,0,0,-2.63946ptc:429.113,0,1,-43.8278,18.7379,15.1002,-0.177394,0.0637917,0.0514074
429.113,1,1,43.8278,-18.7379,-15.1002,0.177394,-0.0637917,-0.0514074

orb:1,1,2.52741,1.06885,0.950323,0,0,-2.71877ptc:426.674,0,1,-45.5968,11.9288,16.6924,-0.182509,0.0405799,0.056785
426.674,1,1,45.5968,-11.9288,-16.6924,0.182509,-0.0405799,-0.056785

orb:1,1,0.308011,1.00864,3.71119,0,0,-2.98898ptc:421.478,0,1,-49.4189,-6.40086,-4.09911,-0.193686,-0.021743,-0.0139242
421.478,1,1,49.4189,6.40086,4.09911,0.193686,0.021743,0.0139242

orb:1,1,1.6558,1.04562,4.99632,0,0,-2.795ptc:424.717,0,1,-47.0267,4.75804,-16.3049,-0.186671,0.0161768,-0.055435
424.717,1,1,47.0267,-4.75804,16.3049,0.186671,-0.0161768,0.055435

orb:1,1,1.13009,1.03136,1.54529,0,0,-2.85298ptc:423.486,0,1,-47.932,0.363,14.2263,-0.189318,0.00123373,0.0483514
423.486,1,1,47.932,-0.363,-14.2263,0.189318,-0.00123373,-0.0483514

orb:1,1,0.316403,1.00888,2.03365,0,0,-2.98694ptc:421.499,0,1,-49.4032,-3.43892,6.89156,-0.19364,-0.0116817,0.02341
421.499,1,1,49.4032,3.43892,-6.89156,0.19364,0.0116817,-0.02341

orb:1,1,1.60546,1.04426,1.12843,0,0,-2.80005ptc:424.601,0,1,-47.1119,7.16916,15.135,-0.18692,0.0243736,0.0514558
424.601,1,1,47.1119,-7.16916,-15.135,0.18692,-0.0243736,-0.0514558

orb:1,1,2.21713,1.06064,5.28588,0,0,-2.74381ptc:425.989,0,1,-46.0961,10.5089,-16.27,-0.183959,0.0357422,-0.0553368
425.989,1,1,46.0961,-10.5089,16.27,0.183959,-0.0357422,0.0553368

orb:1,1,4.11221,1.10985,1.61267,0,0,-2.6139ptc:429.986,0,1,-43.1985,-1.05396,25.1551,-0.175584,-0.00358913,0.085663
429.986,1,1,43.1985,1.05396,-25.1551,0.175584,0.00358913,-0.085663

orb:1,1,1.73045,1.04763,6.05599,0,0,-2.78766ptc:424.889,0,1,-46.9008,16.8841,-3.90342,-0.186304,0.0574071,-0.0132719
424.889,1,1,46.9008,-16.8841,3.90342,0.186304,-0.0574071,0.0132719

orb:1,1,3.8918,1.10424,5.18098,0,0,-2.62672ptc:429.543,0,1,-43.5178,11.1197,-21.9671,-0.176502,0.0378615,-0.0747957
429.543,1,1,43.5178,-11.1197,21.9671,0.176502,-0.0378615,0.0747957

orb:1,1,1.58453,1.0437,0.772706,0,0,-2.80218ptc:424.553,0,1,-47.1475,11.9195,11.6207,-0.187023,0.0405232,0.0395074
424.553,1,1,47.1475,-11.9195,-11.6207,0.187023,-0.0405232,-0.0395074

orb:1,1,0.102345,1.00288,6.2605,0,0,-3.05333ptc:420.959,0,1,-49.8054,4.40606,-0.0999884,-0.194825,0.0149649,-0.000339604
420.959,1,1,49.8054,-4.40606,0.0999884,0.194825,-0.0149649,0.000339604

orb:1,1,0.536217,1.015,4.22848,0,0,-2.94096ptc:422.046,0,1,-48.997,-4.63595,-8.8205,-0.192444,-0.0157502,-0.0299667
422.046,1,1,48.997,4.63595,8.8205,0.192444,0.0157502,0.0299667

orb:1,1,0.442884,1.0124,1.37627,0,0,-2.95899ptc:421.815,0,1,-49.1687,1.75512,8.90847,-0.192949,0.00596247,0.0302638
421.815,1,1,49.1687,-1.75512,-8.90847,0.192949,-0.00596247,-0.0302638

orb:1,1,1.47104,1.04063,1.32236,0,0,-2.814ptc:424.289,0,1,-47.341,3.95592,15.5942,-0.187589,0.0134481,0.0530121
424.289,1,1,47.341,-3.95592,-15.5942,0.187589,-0.0134481,-0.0530121

orb:1,1,3.25751,1.08793,0.29184,0,0,-2.66646ptc:428.237,0,1,-44.4616,21.9057,6.58086,-0.179222,0.0745554,0.0223978
428.237,1,1,44.4616,-21.9057,-6.58086,0.179222,-0.0745554,-0.0223978

orb:1,1,3.93797,1.10542,4.44951,0,0,-2.624ptc:429.636,0,1,-43.4505,-6.42878,-23.8898,-0.176308,-0.02189,-0.0813447
429.636,1,1,43.4505,6.42878,23.8898,0.176308,0.02189,0.0813447

orb:1,1,0.762828,1.02127,0.893286,0,0,-2.90313ptc:422.602,0,1,-48.5851,7.40338,9.20186,-0.191234,0.025156,0.031267
422.602,1,1,48.5851,-7.40338,-9.20186,0.191234,-0.025156,-0.031267

orb:1,1,2.63433,1.07167,0.777647,0,0,-2.71058ptc:426.907,0,1,-45.4271,14.8853,14.6563,-0.182017,0.0506408,0.0498618
426.907,1,1,45.4271,-14.8853,-14.6563,0.182017,-0.0506408,-0.0498618

orb:1,1,4.12298,1.11013,4.09433,0,0,-2.61328ptc:430.007,0,1,-43.183,-14.6045,-20.5411,-0.175539,-0.0497344,-0.069951
430.007,1,1,43.183,14.6045,20.5411,0.175539,0.0497344,0.069951

orb:1,1,2.39562,1.06537,4.06818,0,0,-2.72917ptc:426.385,0,1,-45.8076,-12.0363,-16.0247,-0.183121,-0.0409421,-0.0545088
426.385,1,1,45.8076,12.0363,16.0247,0.183121,0.0409421,0.0545088

orb:1,1,2.55974,1.06971,0.379169,0,0,-2.71627ptc:426.745,0,1,-45.5454,19.1652,7.63638,-0.18236,0.0651985,0.0259783
426.745,1,1,45.5454,-19.1652,-7.63638,0.18236,-0.0651985,-0.0259783

orb:1,1,5.37042,1.14135,2.17298,0,0,-2.54829ptc:432.414,0,1,-41.455,-15.8349,23.0377,-0.170596,-0.0539687,0.0785174
432.414,1,1,41.455,15.8349,-23.0377,0.170596,0.0539687,-0.0785174

orb:1,1,5.46252,1.14362,4.9558,0,0,-2.54392ptc:432.586,0,1,-41.3324,6.78112,-27.3066,-0.170247,0.0231129,-0.0930722
432.586,1,1,41.3324,-6.78112,27.3066,0.170247,-0.0231129,0.0930722

orb:1,1,1.46405,1.04044,3.34246,0,0,-2.81475ptc:424.273,0,1,-47.353,-15.7301,-3.20287,-0.187624,-0.0534738,-0.010888
424.273,1,1,47.353,15.7301,3.20287,0.187624,0.0534738,0.010888

orb:1,1,4.93174,1.13047,3.62003,0,0,-2.56986ptc:431.586,0,1,-42.0482,-24.0169,-12.4556,-0.172289,-0.0818309,-0.0424392
431.586,1,1,42.0482,24.0169,12.4556,0.172289,0.0818309,0.0424392

orb:1,1,1.45078,1.04008,3.03668,0,0,-2.81617ptc:424.242,0,1,-47.3757,-15.8977,1.67395,-0.18769,-0.0540432,0.0056905
424.242,1,1,47.3757,15.8977,-1.67395,0.18769,0.0540432,-0.0056905

orb:1,1,2.01787,1.05533,5.66501,0,0,-2.76101ptc:425.543,0,1,-46.4223,15.136,-10.7642,-0.184909,0.0514731,-0.0366058
425.543,1,1,46.4223,-15.136,10.7642,0.184909,-0.0514731,0.0366058

orb:1,1,0.74033,1.02065,3.54912,0,0,-2.90659ptc:422.547,0,1,-48.6257,-10.6887,-4.61421,-0.191353,-0.0363186,-0.0156784
422.547,1,1,48.6257,10.6887,4.61421,0.191353,0.0363186,0.0156784

orb:1,1,4.7339,1.12553,5.72434,0,0,-2.58001ptc:431.206,0,1,-42.3207,22.5756,-14.1174,-0.173068,0.0769102,-0.0480949
431.206,1,1,42.3207,-22.5756,14.1174,0.173068,-0.0769102,0.0480949

orb:1,1,4.27471,1.11397,1.28267,0,0,-2.60473ptc:430.309,0,1,-42.9658,7.26656,24.518,-0.174916,0.0247481,0.0835024
430.309,1,1,42.9658,-7.26656,-24.518,0.174916,-0.0247481,-0.0835024

orb:1,1,4.23561,1.11298,1.24609,0,0,-2.60691ptc:430.231,0,1,-43.0216,8.12844,24.1468,-0.175076,0.0276827,0.082236
430.231,1,1,43.0216,-8.12844,-24.1468,0.175076,-0.0276827,-0.082236

orb:1,1,5.46636,1.14372,3.47578,0,0,-2.54374ptc:432.593,0,1,-41.3273,-26.5865,-9.23101,-0.170233,-0.0906181,-0.0314632
432.593,1,1,41.3273,26.5865,9.23101,0.170233,0.0906181,0.0314632

orb:1,1,3.15661,1.08532,4.15351,0,0,-2.67322ptc:428.025,0,1,-44.6153,-11.9682,-19.1374,-0.179666,-0.0407307,-0.0651292
428.025,1,1,44.6153,11.9682,19.1374,0.179666,0.0407307,0.0651292

orb:1,1,0.213569,1.006,2.45075,0,0,-3.01432ptc:421.24,0,1,-49.5956,-4.89112,4.04375,-0.194206,-0.0166136,0.0137353
421.24,1,1,49.5956,4.89112,-4.04375,0.194206,0.0166136,-0.0137353

orb:1,1,3.26419,1.08811,2.65354,0,0,-2.66602ptc:428.251,0,1,-44.4515,-20.2198,10.7344,-0.179193,-0.0688177,0.0365344
428.251,1,1,44.4515,20.2198,-10.7344,0.179193,0.0688177,-0.0365344

orb:1,1,5.06745,1.13385,2.40195,0,0,-2.56305ptc:431.844,0,1,-41.863,-20.1965,18.4279,-0.17176,-0.06882,0.0627938
431.844,1,1,41.863,20.1965,-18.4279,0.17176,0.06882,-0.0627938

orb:1,1,1.04207,1.02895,5.64426,0,0,-2.86408ptc:423.276,0,1,-48.087,10.9961,-8.1687,-0.189772,0.0373707,-0.0277615
423.276,1,1,48.087,-10.9961,8.1687,0.189772,-0.0373707,0.0277615

orb:1,1,1.8931,1.052,6.13404,0,0,-2.77229ptc:425.26,0,1,-46.6289,17.8481,-2.68186,-0.185511,0.0606911,-0.00911946
425.26,1,1,46.6289,-17.8481,2.68186,0.185511,-0.0606911,0.00911946

orb:1,1,3.17628,1.08583,4.6183,0,0,-2.67189ptc:428.066,0,1,-44.5852,-2.12614,-22.5308,-0.179579,-0.00723586,-0.0766787
428.066,1,1,44.5852,2.12614,22.5308,0.179579,0.00723586,0.0766787

orb:1,1,2.26987,1.06204,4.48899,0,0,-2.73941ptc:426.106,0,1,-46.0105,-4.33602,-19.0849,-0.183711,-0.014748,-0.0649129
426.106,1,1,46.0105,4.33602,19.0849,0.183711,0.014748,0.0649129

orb:1,1,1.06555,1.02959,1.08062,0,0,-2.86107ptc:423.332,0,1,-48.0455,6.51701,12.2129,-0.189651,0.0221485,0.0415063
423.332,1,1,48.0455,-6.51701,-12.2129,0.189651,-0.0221485,-0.0415063

orb:1,1,4.48364,1.11924,5.07268,0,0,-2.59327ptc:430.72,0,1,-42.6701,9.18831,-24.3893,-0.174068,0.0312974,-0.0830755
430.72,1,1,42.6701,-9.18831,24.3893,0.174068,-0.0312974,0.0830755

orb:1,1,2.66639,1.07251,0.106327,0,0,-2.70816ptc:426.977,0,1,-45.3765,20.8808,2.2286,-0.18187,0.0710397,0.00758202
426.977,1,1,45.3765,-20.8808,-2.2286,0.18187,-0.0710397,-0.00758202

orb:1,1,4.41747,1.11758,5.27388,0,0,-2.59686ptc:430.59,0,1,-42.7633,13.7955,-21.9313,-0.174335,0.0469885,-0.0746994
430.59,1,1,42.7633,-13.7955,21.9313,0.174335,-0.0469885,0.0746994

orb:1,1,0.117092,1.00329,5.45368,0,0,-3.04721ptc:420.996,0,1,-49.7775,3.18178,-3.47558,-0.194742,0.0108068,-0.0118047
420.996,1,1,49.7775,-3.18178,3.47558,0.194742,-0.0108068,0.0118047

orb:1,1,5.62131,1.14753,3.02013,0,0,-2.5365ptc:432.879,0,1,-41.1225,-28.2323,3.44625,-0.16965,-0.0962374,0.0117475
432.879,1,1,41.1225,28.2323,-3.44625,0.16965,0.0962374,-0.0117475

orb:1,1,2.03824,1.05588,2.38366,0,0,-2.7592ptc:425.589,0,1,-46.3888,-13.5497,12.8252,-0.184811,-0.0460792,0.0436154
425.589,1,1,46.3888,13.5497,-12.8252,0.184811,0.0460792,-0.0436154

orb:1,1,1.07695,1.0299,3.18434,0,0,-2.85962ptc:423.36,0,1,-48.0255,-13.8997,-0.594528,-0.189592,-0.0472396,-0.00202056
423.36,1,1,48.0255,13.8997,0.594528,0.189592,0.0472396,0.00202056

orb:1,1,3.03585,1.08218,5.03791,0,0,-2.6815ptc:427.769,0,1,-44.8005,7.10021,-21.0356,-0.180202,0.0241619,-0.0715838
427.769,1,1,44.8005,-7.10021,21.0356,0.180202,-0.0241619,0.0715838

orb:1,1,3.87325,1.10377,6.22176,0,0,-2.62782ptc:429.505,0,1,-43.5448,24.5269,-1.50844,-0.17658,0.0835106,-0.00513602
429.505,1,1,43.5448,-24.5269,1.50844,0.17658,-0.0835106,0.00513602

orb:1,1,3.74381,1.10046,0.0892419,0,0,-2.6356ptc:429.242,0,1,-43.7346,24.1375,2.15981,-0.177126,0.0821775,0.00735321
429.242,1,1,43.7346,-24.1375,-2.15981,0.177126,-0.0821775,-0.00735321

orb:1,1,1.48484,1.041,0.348788,0,0,-2.81254ptc:424.321,0,1,-47.3174,15.1845,5.52193,-0.18752,0.05162,0.0187719
424.321,1,1,47.3174,-15.1845,-5.52193,0.18752,-0.05162,-0.0187719

orb:1,1,3.19838,1.0864,0.635857,0,0,-2.67041ptc:428.113,0,1,-44.5515,18.2613,13.4791,-0.179482,0.0621493,0.0458739
428.113,1,1,44.5515,-18.2613,-13.4791,0.179482,-0.0621493,-0.0458739

orb:1,1,1.04626,1.02906,4.36481,0,0,-2.86354ptc:423.286,0,1,-48.0796,-4.67483,-12.9035,-0.18975,-0.0158876,-0.043853
423.286,1,1,48.0796,4.67483,12.9035,0.18975,0.0158876,0.043853

orb:1,1,0.488167,1.01366,0.527445,0,0,-2.95001ptc:421.927,0,1,-49.0852,8.22661,4.79191,-0.192703,0.0279482,0.0162795
421.927,1,1,49.0852,-8.22661,-4.79191,0.192703,-0.0279482,-0.0162795

orb:1,1,1.07742,1.02991,3.05566,0,0,-2.85956ptc:423.361,0,1,-48.0246,-13.8639,1.19428,-0.189589,-0.0471179,0.0040589
423.361,1,1,48.0246,13.8639,-1.19428,0.189589,0.0471179,-0.0040589

orb:1,1,4.07828,1.10899,1.37766,0,0,-2.61584ptc:429.918,0,1,-43.2473,4.81629,24.6266,-0.175724,0.016401,0.0838613
429.918,1,1,43.2473,-4.81629,-24.6266,0.175724,-0.016401,-0.0838613

orb:1,1,3.84635,1.10308,2.52038,0,0,-2.62942ptc:429.451,0,1,-43.5842,-19.9256,14.2615,-0.176693,-0.0678425,0.0485575
429.451,1,1,43.5842,19.9256,-14.2615,0.176693,0.0678425,-0.0485575

orb:1,1,4.92366,1.13027,3.50998,0,0,-2.57027ptc:431.571,0,1,-42.0592,-25.2234,-9.73654,-0.17232,-0.0859415,-0.0331744
431.571,1,1,42.0592,25.2234,9.73654,0.17232,0.0859415,0.0331744

orb:1,1,0.904892,1.02518,0.529447,0,0,-2.88244ptc:422.946,0,1,-48.3304,11.0586,6.47121,-0.190486,0.0375796,0.0219906
422.946,1,1,48.3304,-11.0586,-6.47121,0.190486,-0.0375796,-0.0219906

orb:1,1,4.88595,1.12933,1.27677,0,0,-2.57218ptc:431.499,0,1,-42.1109,7.81231,25.7999,-0.172468,0.0266175,0.0879035
431.499,1,1,42.1109,-7.81231,-25.7999,0.172468,-0.0266175,-0.0879035

orb:1,1,4.40236,1.11719,1.06569,0,0,-2.59769ptc:430.561,0,1,-42.7847,12.5205,22.643,-0.174397,0.0426453,0.077123
430.561,1,1,42.7847,-12.5205,-22.643,0.174397,-0.0426453,-0.077123

orb:1,1,5.38811,1.14179,5.94637,0,0,-2.54745ptc:432.447,0,1,-41.4314,26.4173,-9.25013,-0.170529,0.0900367,-0.0315268
432.447,1,1,41.4314,-26.4173,9.25013,0.170529,-0.0900367,0.0315268

orb:1,1,0.227041,1.00638,3.9692,0,0,-3.0104ptc:421.274,0,1,-49.5703,-4.4258,-4.8161,-0.194132,-0.0150332,-0.0163589
421.274,1,1,49.5703,4.4258,4.8161,0.194132,0.0150332,0.0163589

orb:1,1,0.236772,1.00665,4.10543,0,0,-3.00764ptc:421.299,0,1,-49.5521,-3.80876,-5.48497,-0.194078,-0.0129373,-0.018631
421.299,1,1,49.5521,3.80876,5.48497,0.194078,0.0129373,0.018631

orb:1,1,1.75539,1.0483,4.01503,0,0,-2.78525ptc:424.946,0,1,-46.8589,-11.2015,-13.3704,-0.186181,-0.0380864,-0.0454608
424.946,1,1,46.8589,11.2015,13.3704,0.186181,0.0380864,0.0454608

orb:1,1,3.00309,1.08132,5.26703,0,0,-2.68378ptc:427.7,0,1,-44.8511,11.6384,-18.7864,-0.180348,0.0396044,-0.0639285
427.7,1,1,44.8511,-11.6384,18.7864,0.180348,-0.0396044,0.0639285

orb:1,1,1.33952,1.03706,2.26647,0,0,-2.82837ptc:423.982,0,1,-47.5673,-9.87389,11.8262,-0.188251,-0.0335632,0.0401994
423.982,1,1,47.5673,9.87389,-11.8262,0.188251,0.0335632,-0.0401994

orb:1,1,3.33833,1.09002,6.13434,0,0,-2.66114ptc:428.406,0,1,-44.3392,22.8536,-3.42709,-0.178869,0.0777859,-0.0116646
428.406,1,1,44.3392,-22.8536,3.42709,0.178869,-0.0777859,0.0116646

orb:1,1,3.66447,1.09842,5.33298,0,0,-2.64045ptc:429.08,0,1,-43.8517,13.9688,-19.5422,-0.177463,0.0475552,-0.0665293
429.08,1,1,43.8517,-13.9688,19.5422,0.177463,-0.0475552,0.0665293

orb:1,1,3.53682,1.09514,3.39626,0,0,-2.6484ptc:428.818,0,1,-44.0413,-22.9085,-5.96351,-0.178009,-0.0779827,-0.0203004
428.818,1,1,44.0413,22.9085,5.96351,0.178009,0.0779827,0.0203004

orb:1,1,2.69391,1.07323,3.36364,0,0,-2.7061ptc:427.036,0,1,-45.3331,-20.5751,-4.6453,-0.181744,-0.0700007,-0.0158043
427.036,1,1,45.3331,20.5751,4.6453,0.181744,0.0700007,0.0158043

orb:1,1,2.47937,1.06759,5.72665,0,0,-2.72252ptc:426.569,0,1,-45.6734,17.2751,-10.7476,-0.182731,0.0587654,-0.0365603
426.569,1,1,45.6734,-17.2751,10.7476,0.182731,-0.0587654,0.0365603

orb:1,1,1.95221,1.05358,2.21451,0,0,-2.76689ptc:425.394,0,1,-46.5308,-10.9831,14.6375,-0.185225,-0.0373485,0.0497757
425.394,1,1,46.5308,10.9831,-14.6375,0.185225,0.0373485,-0.0497757

orb:1,1,4.54626,1.12082,5.68383,0,0,-2.58991ptc:430.842,0,1,-42.5822,21.6383,-14.7832,-0.173816,0.0737078,-0.0503571
430.842,1,1,42.5822,-21.6383,14.7832,0.173816,-0.0737078,0.0503571

orb:1,1,3.97487,1.10636,5.25653,0,0,-2.62183ptc:429.71,0,1,-43.3969,12.856,-21.2469,-0.176154,0.0437757,-0.0723473
429.71,1,1,43.3969,-12.856,21.2469,0.176154,-0.0437757,0.0723473

orb:1,1,3.14425,1.085,3.67614,0,0,-2.67406ptc:427.999,0,1,-44.6342,-19.3906,-11.4802,-0.179721,-0.0659905,-0.0390695
427.999,1,1,44.6342,19.3906,11.4802,0.179721,0.0659905,0.0390695

orb:1,1,3.09218,1.08364,5.34071,0,0,-2.67761ptc:427.889,0,1,-44.7139,13.152,-18.1021,-0.179951,0.0447577,-0.0616035
427.889,1,1,44.7139,-13.152,18.1021,0.179951,-0.0447577,0.0616035

orb:1,1,3.25516,1.08787,1.21705,0,0,-2.66662ptc:428.232,0,1,-44.4652,7.92115,21.45,-0.179233,0.0269594,0.0730044
428.232,1,1,44.4652,-7.92115,-21.45,0.179233,-0.0269594,-0.0730044

orb:1,1,1.80445,1.04962,2.49526,0,0,-2.78057ptc:425.058,0,1,-46.7767,-14.0993,10.6371,-0.185942,-0.0479408,0.0361685
425.058,1,1,46.7767,14.0993,-10.6371,0.185942,0.0479408,-0.0361685

orb:1,1,4.47464,1.11902,2.20602,0,0,-2.59376ptc:430.702,0,1,-42.6827,-15.4522,20.9622,-0.174104,-0.0526333,0.0714014
430.702,1,1,42.6827,15.4522,-20.9622,0.174104,0.0526333,-0.0714014

orb:1,1,3.469,1.0934,1.50908,0,0,-2.6527ptc:428.678,0,1,-44.1427,1.44834,23.4377,-0.178302,0.00493007,0.0797806
428.678,1,1,44.1427,-1.44834,-23.4377,0.178302,-0.00493007,-0.0797806

orb:1,1,2.02642,1.05556,4.09889,0,0,-2.76025ptc:425.562,0,1,-46.4082,-10.7134,-15.215,-0.184868,-0.0364333,-0.0517421
425.562,1,1,46.4082,10.7134,15.215,0.184868,0.0364333,0.0517421

orb:1,1,1.12769,1.03129,3.63818,0,0,-2.85328ptc:423.481,0,1,-47.9362,-12.4996,-6.77325,-0.189331,-0.0424826,-0.0230203
423.481,1,1,47.9362,12.4996,6.77325,0.189331,0.0424826,0.0230203

orb:1,1,5.21713,1.13756,2.98716,0,0,-2.55569ptc:432.127,0,1,-41.6606,-27.3187,4.25285,-0.171182,-0.0930985,0.0144932
432.127,1,1,41.6606,27.3187,-4.25285,0.171182,0.0930985,-0.0144932

orb:1,1,0.432055,1.0121,5.02643,0,0,-2.9612ptc:421.788,0,1,-49.1887,2.77109,-8.53204,-0.193008,0.00941386,-0.0289847
421.788,1,1,49.1887,-2.77109,8.53204,0.193008,-0.00941386,0.0289847

orb:1,1,2.17046,1.0594,3.04724,0,0,-2.74775ptc:425.885,0,1,-46.1721,-19.1015,1.80771,-0.184181,-0.0649652,0.00614811
425.885,1,1,46.1721,19.1015,-1.80771,0.184181,0.0649652,-0.00614811

orb:1,1,0.456366,1.01278,1.07687,0,0,-2.95627ptc:421.848,0,1,-49.1438,4.36796,8.11218,-0.192876,0.0148389,0.0275589
421.848,1,1,49.1438,-4.36796,-8.11218,0.192876,-0.0148389,-0.0275589

orb:1,1,3.39681,1.09154,3.79473,0,0,-2.65734ptc:428.528,0,1,-44.2511,-18.4866,-14.1454,-0.178614,-0.0629243,-0.0481477
428.528,1,1,44.2511,18.4866,14.1454,0.178614,0.0629243,0.0481477

orb:1,1,2.12735,1.05825,2.09237,0,0,-2.75144ptc:425.789,0,1,-46.2425,-9.47493,16.488,-0.184385,-0.0322237,0.0560747
425.789,1,1,46.2425,9.47493,-16.488,0.184385,0.0322237,-0.0560747

orb:1,1,0.045082,1.00127,2.76809,0,0,-3.08296ptc:420.813,0,1,-49.9141,-2.72785,1.06903,-0.195145,-0.00926462,0.00363076
420.813,1,1,49.9141,2.72785,-1.06903,0.195145,0.00926462,-0.00363076

orb:1,1,4.3078,1.11481,2.78865,0,0,-2.60289ptc:430.374,0,1,-42.9187,-24.07,8.86655,-0.174781,-0.0819783,0.0301979
430.374,1,1,42.9187,24.07,-8.86655,0.174781,0.0819783,-0.0301979

orb:1,1,1.6677,1.04594,6.25973,0,0,-2.79381ptc:424.745,0,1,-47.0066,17.0359,-0.39965,-0.186612,0.0579206,-0.00135878
424.745,1,1,47.0066,-17.0359,0.39965,0.186612,-0.0579206,0.00135878

orb:1,1,1.90034,1.05219,6.0294,0,0,-2.77162ptc:425.277,0,1,-46.6168,17.5005,-4.53916,-0.185475,0.0595093,-0.0154351
425.277,1,1,46.6168,-17.5005,4.53916,0.185475,-0.0595093,0.0154351

orb:1,1,2.33267,1.06371,5.14709,0,0,-2.73425ptc:426.246,0,1,-45.9089,8.34209,-17.966,-0.183415,0.0283748,-0.0611098
426.246,1,1,45.9089,-8.34209,17.966,0.183415,-0.0283748,0.0611098

orb:1,1,4.37574,1.11652,3.03016,0,0,-2.59914ptc:430.508,0,1,-42.8224,-25.6517,2.87029,-0.174505,-0.087369,0.00977616
430.508,1,1,42.8224,25.6517,-2.87029,0.174505,0.087369,-0.00977616

orb:1,1,3.20438,1.08656,0.077617,0,0,-2.67ptc:428.125,0,1,-44.5424,22.6467,1.76131,-0.179456,0.0770747,0.00599434
428.125,1,1,44.5424,-22.6467,-1.76131,0.179456,-0.0770747,-0.00599434

orb:1,1,2.57196,1.07003,3.84894,0,0,-2.71533ptc:426.771,0,1,-45.5259,-15.7137,-13.4339,-0.182303,-0.0534569,-0.0457013
426.771,1,1,45.5259,15.7137,13.4339,0.182303,0.0534569,0.0457013

orb:1,1,3.06921,1.08304,6.26576,0,0,-2.67919ptc:427.84,0,1,-44.7492,22.3015,-0.388622,-0.180053,0.0758931,-0.0013225
427.84,1,1,44.7492,-22.3015,0.388622,0.180053,-0.0758931,0.0013225

orb:1,1,3.31255,1.08936,3.54709,0,0,-2.66283ptc:428.352,0,1,-44.3782,-21.1663,-9.08638,-0.178981,-0.0720416,-0.0309264
428.352,1,1,44.3782,21.1663,9.08638,0.178981,0.0720416,0.0309264

orb:1,1,0.481293,1.01347,5.03796,0,0,-2.95135ptc:421.91,0,1,-49.0979,3.0242,-8.95834,-0.192741,0.010274,-0.030434
421.91,1,1,49.0979,-3.0242,8.95834,0.192741,-0.010274,0.030434

orb:1,1,0.653139,1.01824,5.99265,0,0,-2.92057ptc:422.334,0,1,-48.7836,10.5022,-3.14013,-0.191817,0.0356829,-0.0106691
422.334,1,1,48.7836,-10.5022,3.14013,0.191817,-0.0356829,0.0106691

orb:1,1,2.63293,1.07163,0.375871,0,0,-2.71068ptc:426.904,0,1,-45.4293,19.4268,7.66646,-0.182023,0.0660916,0.0260819
426.904,1,1,45.4293,-19.4268,-7.66646,0.182023,-0.0660916,-0.0260819

orb:1,1,2.89932,1.07861,1.34156,0,0,-2.6911ptc:427.478,0,1,-45.0117,4.94701,21.2007,-0.180813,0.0168331,0.072139
427.478,1,1,45.0117,-4.94701,-21.2007,0.180813,-0.0168331,-0.072139

orb:1,1,5.32854,1.14032,4.12154,0,0,-2.5503ptc:432.336,0,1,-41.511,-15.5265,-23.1466,-0.170756,-0.0529161,-0.0788863
432.336,1,1,41.511,15.5265,23.1466,0.170756,0.0529161,0.0788863

orb:1,1,1.70873,1.04705,3.72302,0,0,-2.78977ptc:424.839,0,1,-46.9374,-14.399,-9.46309,-0.18641,-0.0489569,-0.0321746
424.839,1,1,46.9374,14.399,9.46309,0.18641,0.0489569,0.0321746

orb:1,1,5.39704,1.14201,1.5808,0,0,-2.54702ptc:432.464,0,1,-41.4195,-0.280189,28.0061,-0.170495,-0.000954961,0.0954525
432.464,1,1,41.4195,0.280189,-28.0061,0.170495,0.000954961,-0.0954525

orb:1,1,5.14126,1.13568,0.952851,0,0,-2.5594ptc:431.984,0,1,-41.763,15.9283,22.4086,-0.171474,0.0542787,0.0763616
431.984,1,1,41.763,-15.9283,-22.4086,0.171474,-0.0542787,-0.0763616

orb:1,1,0.716133,1.01998,0.849498,0,0,-2.91038ptc:422.488,0,1,-48.6694,7.56639,8.60436,-0.191481,0.0257091,0.0292359
422.488,1,1,48.6694,-7.56639,-8.60436,0.191481,-0.0257091,-0.0292359

orb:1,1,4.61487,1.12254,1.00844,0,0,-2.58626ptc:430.976,0,1,-42.4862,14.0554,22.3017,-0.173541,0.0478799,0.0759712
430.976,1,1,42.4862,-14.0554,-22.3017,0.173541,-0.0478799,-0.0759712

orb:1,1,2.76845,1.07519,1.51293,0,0,-2.70058ptc:427.197,0,1,-45.216,1.23426,21.3071,-0.181405,0.00419942,0.0724948
427.197,1,1,45.216,-1.23426,-21.3071,0.181405,-0.00419942,-0.0724948

orb:1,1,0.291072,1.00817,0.391361,0,0,-2.9932ptc:421.435,0,1,-49.4505,6.83356,2.81985,-0.193779,0.0232126,0.00957861
421.435,1,1,49.4505,-6.83356,-2.81985,0.193779,-0.0232126,-0.00957861

orb:1,1,2.06373,1.05656,2.33936,0,0,-2.75696ptc:425.646,0,1,-46.3469,-13.0407,13.4873,-0.184689,-0.044349,0.0458678
425.646,1,1,46.3469,13.0407,-13.4873,0.184689,0.044349,-0.0458678

orb:1,1,4.9393,1.13066,2.23742,0,0,-2.56947ptc:431.601,0,1,-42.0378,-16.7387,21.2753,-0.172259,-0.0570328,0.0724902
431.601,1,1,42.0378,16.7387,-21.2753,0.172259,0.0570328,-0.0724902

orb:1,1,3.76222,1.10093,2.13724,0,0,-2.63448ptc:429.28,0,1,-43.7075,-13.0309,20.4901,-0.177048,-0.0443651,0.0697608
429.28,1,1,43.7075,13.0309,-20.4901,0.177048,0.0443651,-0.0697608

orb:1,1,3.78227,1.10144,3.19566,0,0,-2.63327ptc:429.321,0,1,-43.6781,-24.3001,-1.315,-0.176963,-0.0827334,-0.00447713
429.321,1,1,43.6781,24.3001,1.315,0.176963,0.0827334,0.00447713

orb:1,1,5.56377,1.14612,3.2695,0,0,-2.53917ptc:432.773,0,1,-41.1984,-28.1004,-3.61386,-0.169866,-0.0957844,-0.0123184
432.773,1,1,41.1984,28.1004,3.61386,0.169866,0.0957844,0.0123184

orb:1,1,0.677201,1.01891,5.85114,0,0,-2.91661ptc:422.393,0,1,-48.74,10.1293,-4.67064,-0.191688,0.0344163,-0.0158695
422.393,1,1,48.74,-10.1293,4.67064,0.191688,-0.0344163,0.0158695

orb:1,1,1.60007,1.04412,2.44895,0,0,-2.8006ptc:424.589,0,1,-47.1211,-12.8681,10.6778,-0.186946,-0.0437487,0.036302
424.589,1,1,47.1211,12.8681,-10.6778,0.186946,0.0437487,-0.036302

orb:1,1,3.15761,1.08534,0.19411,0,0,-2.67316ptc:428.027,0,1,-44.6138,22.1506,4.35449,-0.179662,0.0753842,0.0148194
428.027,1,1,44.6138,-22.1506,-4.35449,0.179662,-0.0753842,-0.0148194

orb:1,1,1.3683,1.03784,5.421,0,0,-2.82516ptc:424.049,0,1,-47.5176,10.1254,-11.8133,-0.188105,0.0344187,-0.0401564
424.049,1,1,47.5176,-10.1254,11.8133,0.188105,-0.0344187,0.0401564

orb:1,1,2.37884,1.06493,5.93105,0,0,-2.73052ptc:426.348,0,1,-45.8346,18.7538,-6.89113,-0.183199,0.0637913,-0.0234402
426.348,1,1,45.8346,-18.7538,6.89113,0.183199,-0.0637913,0.0234402

orb:1,1,2.89673,1.07855,1.36688,0,0,-2.69129ptc:427.473,0,1,-45.0158,4.40686,21.311,-0.180825,0.0149951,0.0725143
427.473,1,1,45.0158,-4.40686,-21.311,0.180825,-0.0149951,-0.0725143

orb:1,1,5.16831,1.13635,0.625359,0,0,-2.55807ptc:432.035,0,1,-41.7264,22.3348,16.1264,-0.17137,0.0761117,0.054955
432.035,1,1,41.7264,-22.3348,-16.1264,0.17137,-0.0761117,-0.054955

orb:1,1,3.03767,1.08222,5.46591,0,0,-2.68137ptc:427.773,0,1,-44.7977,15.1944,-16.1954,-0.180194,0.0517064,-0.0551127
427.773,1,1,44.7977,-15.1944,16.1954,0.180194,-0.0517064,0.0551127

orb:1,1,2.11843,1.05802,3.11535,0,0,-2.75221ptc:425.769,0,1,-46.2571,-18.9744,0.498057,-0.184428,-0.0645307,0.00169386
425.769,1,1,46.2571,18.9744,-0.498057,0.184428,0.0645307,-0.00169386

orb:1,1,1.3569,1.03753,0.595146,0,0,-2.82643ptc:424.022,0,1,-47.5373,12.8339,8.68898,-0.188163,0.0436253,0.0295358
424.022,1,1,47.5373,-12.8339,-8.68898,0.188163,-0.0436253,-0.0295358

orb:1,1,1.49305,1.04123,1.0448,0,0,-2.81167ptc:424.341,0,1,-47.3034,8.13281,14.0089,-0.187479,0.0276477,0.0476236
424.341,1,1,47.3034,-8.13281,-14.0089,0.187479,-0.0276477,-0.0476236

orb:1,1,5.43853,1.14303,4.94305,0,0,-2.54506ptc:432.541,0,1,-41.3643,6.42177,-27.3451,-0.170338,0.0218877,-0.0932022
432.541,1,1,41.3643,-6.42177,27.3451,0.170338,-0.0218877,0.0932022

orb:1,1,4.36412,1.11623,1.11208,0,0,-2.59978ptc:430.485,0,1,-42.8388,11.4174,23.1188,-0.174552,0.038887,0.0787416
430.485,1,1,42.8388,-11.4174,-23.1188,0.174552,-0.038887,-0.0787416

orb:1,1,1.43603,1.03968,5.99844,0,0,-2.81776ptc:424.208,0,1,-47.4011,15.2697,-4.46945,-0.187764,0.0519078,-0.0151935
424.208,1,1,47.4011,-15.2697,4.46945,0.187764,-0.0519078,0.0151935

orb:1,1,0.21846,1.00614,5.97672,0,0,-3.01289ptc:421.253,0,1,-49.5864,6.1186,-1.93613,-0.194179,0.020783,-0.00657644
421.253,1,1,49.5864,-6.1186,1.93613,0.194179,-0.020783,0.00657644

orb:1,1,0.344907,1.00967,4.99472,0,0,-2.9802ptc:421.57,0,1,-49.3502,2.23851,-7.71676,-0.193483,0.00760414,-0.0262136
421.57,1,1,49.3502,-2.23851,7.71676,0.193483,-0.00760414,0.0262136

orb:1,1,0.931045,1.0259,0.821795,0,0,-2.87883ptc:423.01,0,1,-48.2838,8.84321,9.51156,-0.190349,0.0300517,0.0323229
423.01,1,1,48.2838,-8.84321,-9.51156,0.190349,-0.0300517,-0.0323229

orb:1,1,2.13341,1.05841,3.13509,0,0,-2.75092ptc:425.802,0,1,-46.2326,-19.0402,0.123813,-0.184357,-0.064755,0.000421083
425.802,1,1,46.2326,19.0402,-0.123813,0.184357,0.064755,-0.000421083

orb:1,1,1.00005,1.0278,5.35924,0,0,-2.86956ptc:423.175,0,1,-48.1613,8.09672,-10.7206,-0.18999,0.0275162,-0.0364334
423.175,1,1,48.1613,-8.09672,10.7206,0.18999,-0.0275162,0.0364334

orb:1,1,3.07555,1.08321,0.627934,0,0,-2.67876ptc:427.854,0,1,-44.7395,18.0659,13.115,-0.180025,0.0614793,0.0446312
427.854,1,1,44.7395,-18.0659,-13.115,0.180025,-0.0614793,-0.0446312

orb:1,1,1.83525,1.05045,3.56768,0,0,-2.77766ptc:425.129,0,1,-46.7253,-16.2062,-7.35591,-0.185791,-0.0551059,-0.0250122
425.129,1,1,46.7253,16.2062,7.35591,0.185791,0.0551059,0.0250122

orb:1,1,0.202365,1.00569,5.58641,0,0,-3.01769ptc:421.212,0,1,-49.6167,4.73916,-3.96571,-0.194268,0.0160973,-0.0134701
421.212,1,1,49.6167,-4.73916,3.96571,0.194268,-0.0160973,0.0134701

orb:1,1,0.545947,1.01527,0.48737,0,0,-2.93918ptc:422.07,0,1,-48.9792,8.88149,4.70732,-0.192392,0.0301742,0.0159928
422.07,1,1,48.9792,-8.88149,-4.70732,0.192392,-0.0301742,-0.0159928

orb:1,1,4.58142,1.1217,5.63885,0,0,-2.58803ptc:430.911,0,1,-42.5329,21.0156,-15.7891,-0.173675,0.0715882,-0.0537846
430.911,1,1,42.5329,-21.0156,15.7891,0.173675,-0.0715882,0.0537846

orb:1,1,4.64594,1.12332,5.96577,0,0,-2.58462ptc:431.036,0,1,-42.4429,25.1107,-8.2494,-0.173417,0.0855418,-0.0281023
431.036,1,1,42.4429,-25.1107,8.2494,0.173417,-0.0855418,0.0281023

orb:1,1,1.60014,1.04412,0.15709,0,0,-2.80059ptc:424.589,0,1,-47.121,16.5158,2.61602,-0.186946,0.0561499,0.00889385
424.589,1,1,47.121,-16.5158,-2.61602,0.186946,-0.0561499,-0.00889385

orb:1,1,4.76738,1.12636,5.80422,0,0,-2.57827ptc:431.271,0,1,-42.2743,23.6953,-12.3049,-0.172935,0.0807266,-0.0419211
431.271,1,1,42.2743,-23.6953,12.3049,0.172935,-0.0807266,0.0419211

orb:1,1,0.565073,1.0158,3.3564,0,0,-2.93572ptc:422.117,0,1,-48.9442,-9.98603,-2.17872,-0.192289,-0.0339272,-0.00740211
422.117,1,1,48.9442,9.98603,2.17872,0.192289,0.0339272,0.00740211

orb:1,1,2.68065,1.07289,1.91585,0,0,-2.70709ptc:427.007,0,1,-45.354,-7.11947,19.8073,-0.181805,-0.0242217,0.0673881
427.007,1,1,45.354,7.11947,-19.8073,0.181805,0.0242217,-0.0673881

orb:1,1,2.36101,1.06446,2.52392,0,0,-2.73195ptc:426.308,0,1,-45.8633,-16.2343,11.5329,-0.183283,-0.0552206,0.0392289
426.308,1,1,45.8633,16.2343,-11.5329,0.183283,0.0552206,-0.0392289

orb:1,1,4.42318,1.11772,4.82553,0,0,-2.59655ptc:430.601,0,1,-42.7553,2.92676,-25.7569,-0.174312,0.00996878,-0.0877303
430.601,1,1,42.7553,-2.92676,25.7569,0.174312,-0.00996878,0.0877303

orb:1,1,3.75725,1.1008,2.06893,0,0,-2.63478ptc:429.27,0,1,-43.7148,-11.5957,21.3202,-0.177069,-0.0394786,0.0725867
429.27,1,1,43.7148,11.5957,-21.3202,0.177069,0.0394786,-0.0725867

orb:1,1,2.13967,1.05858,1.85795,0,0,-2.75038ptc:425.816,0,1,-46.2224,-5.3997,18.2848,-0.184327,-0.0183643,0.0621862
425.816,1,1,46.2224,5.3997,-18.2848,0.184327,0.0183643,-0.0621862

orb:1,1,2.19695,1.06011,6.22066,0,0,-2.74551ptc:425.944,0,1,-46.1289,19.2527,-1.20539,-0.184055,0.0654805,-0.00409965
425.944,1,1,46.1289,-19.2527,1.20539,0.184055,-0.0654805,0.00409965

orb:1,1,2.77369,1.07533,4.32782,0,0,-2.70019ptc:427.209,0,1,-45.2078,-8.01355,-19.8,-0.181381,-0.0272652,-0.0673674
427.209,1,1,45.2078,8.01355,19.8,0.181381,0.0272652,0.0673674

orb:1,1,3.53227,1.09503,4.22277,0,0,-2.64869ptc:428.808,0,1,-44.0481,-11.1266,-20.8797,-0.178029,-0.037876,-0.0710763
428.808,1,1,44.0481,11.1266,20.8797,0.178029,0.037876,0.0710763

orb:1,1,1.10382,1.03064,5.1909,0,0,-2.85624ptc:423.424,0,1,-47.9782,6.48077,-12.4938,-0.189453,0.022026,-0.0424621
423.424,1,1,47.9782,-6.48077,12.4938,0.189453,-0.022026,0.0424621

orb:1,1,0.907635,1.02526,5.03226,0,0,-2.88206ptc:422.953,0,1,-48.3255,4.03472,-12.1805,-0.190472,0.0137109,-0.041392
422.953,1,1,48.3255,-4.03472,12.1805,0.190472,-0.0137109,0.041392

orb:1,1,3.56077,1.09576,0.57133,0,0,-2.6469ptc:428.867,0,1,-44.0056,19.9682,12.8365,-0.177906,0.0679748,0.0436973
428.867,1,1,44.0056,-19.9682,-12.8365,0.177906,-0.0679748,-0.0436973

orb:1,1,3.9771,1.10642,4.70464,0,0,-2.6217ptc:429.715,0,1,-43.3937,-0.1924,-24.8385,-0.176145,-0.000655137,-0.0845772
429.715,1,1,43.3937,0.1924,24.8385,0.176145,0.000655137,0.0845772

orb:1,1,0.794897,1.02216,4.46575,0,0,-2.89829ptc:422.68,0,1,-48.5274,-2.94079,-11.6809,-0.191064,-0.00999272,-0.0396912
422.68,1,1,48.5274,2.94079,11.6809,0.191064,0.00999272,0.0396912

orb:1,1,1.03834,1.02885,5.74978,0,0,-2.86456ptc:423.267,0,1,-48.0936,11.7754,-6.95335,-0.189791,0.0400188,-0.0236311
423.267,1,1,48.0936,-11.7754,6.95335,0.189791,-0.0400188,0.0236311

orb:1,1,3.23778,1.08742,2.54951,0,0,-2.66777ptc:428.196,0,1,-44.4916,-18.931,12.7324,-0.179309,-0.0644304,0.0433339
428.196,1,1,44.4916,18.931,-12.7324,0.179309,0.0644304,-0.0433339

orb:1,1,3.50274,1.09427,0.379273,0,0,-2.65056ptc:428.747,0,1,-44.0922,21.9015,8.72929,-0.178156,0.0745533,0.0297147
428.747,1,1,44.0922,-21.9015,-8.72929,0.178156,-0.0745533,-0.0297147

orb:1,1,1.59035,1.04386,3.7799,0,0,-2.80158ptc:424.566,0,1,-47.1376,-13.3916,-9.93545,-0.186995,-0.0455281,-0.033778
424.566,1,1,47.1376,13.3916,9.93545,0.186995,0.0455281,0.033778

orb:1,1,2.56015,1.06972,2.34601,0,0,-2.71624ptc:426.745,0,1,-45.5447,-14.4397,14.7369,-0.182358,-0.0491224,0.0501338
426.745,1,1,45.5447,14.4397,-14.7369,0.182358,0.0491224,-0.0501338

orb:1,1,3.77121,1.10116,4.00632,0,0,-2.63394ptc:429.298,0,1,-43.6943,-15.7713,-18.4952,-0.17701,-0.0536952,-0.0629692
429.298,1,1,43.6943,15.7713,18.4952,0.17701,0.0536952,0.0629692

orb:1,1,5.33082,1.14037,4.18808,0,0,-2.55019ptc:432.34,0,1,-41.508,-13.9552,-24.1318,-0.170747,-0.0475611,-0.082244
432.34,1,1,41.508,13.9552,24.1318,0.170747,0.0475611,0.082244

orb:1,1,3.13619,1.08479,4.97237,0,0,-2.67461ptc:427.982,0,1,-44.6465,5.78637,-21.7533,-0.179756,0.0196922,-0.0740309
427.982,1,1,44.6465,-5.78637,21.7533,0.179756,-0.0196922,0.0740309

orb:1,1,4.15073,1.11083,2.58555,0,0,-2.6117ptc:430.063,0,1,-43.1431,-21.4648,13.3392,-0.175425,-0.0730977,0.0454264
430.063,1,1,43.1431,21.4648,-13.3392,0.175425,0.0730977,-0.0454264

orb:1,1,1.92532,1.05286,2.36704,0,0,-2.76933ptc:425.333,0,1,-46.5754,-12.9983,12.7193,-0.185355,-0.0442006,0.0432517
425.333,1,1,46.5754,12.9983,-12.7193,0.185355,0.0442006,-0.0432517

orb:1,1,4.80765,1.12737,0.215574,0,0,-2.57619ptc:431.348,0,1,-42.2187,26.1676,5.73012,-0.172776,0.0891518,0.0195222
431.348,1,1,42.2187,-26.1676,-5.73012,0.172776,-0.0891518,-0.0195222

orb:1,1,0.705959,1.0197,3.21087,0,0,-2.91199ptc:422.463,0,1,-48.6879,-11.3522,-0.787658,-0.191535,-0.0385723,-0.00267629
422.463,1,1,48.6879,11.3522,0.787658,0.191535,0.0385723,0.00267629

orb:1,1,2.09807,1.05747,4.20939,0,0,-2.75397ptc:425.723,0,1,-46.2905,-9.11055,-16.5587,-0.184525,-0.0309839,-0.056314
425.723,1,1,46.2905,9.11055,16.5587,0.184525,0.0309839,0.056314

orb:1,1,0.463418,1.01298,1.34083,0,0,-2.95486ptc:421.866,0,1,-49.1308,2.11586,9.03809,-0.192838,0.00718807,0.0307045
421.866,1,1,49.1308,-2.11586,-9.03809,0.192838,-0.00718807,-0.0307045

orb:1,1,2.5013,1.06817,4.98515,0,0,-2.72081ptc:426.617,0,1,-45.6384,5.502,-19.6689,-0.18263,0.0187166,-0.0669093
426.617,1,1,45.6384,-5.502,19.6689,0.18263,-0.0187166,0.0669093

orb:1,1,3.23323,1.0873,3.77414,0,0,-2.66808ptc:428.186,0,1,-44.4985,-18.3896,-13.4799,-0.179329,-0.0625874,-0.0458777
428.186,1,1,44.4985,18.3896,13.4799,0.179329,0.0625874,0.0458777

orb:1,1,4.53185,1.12046,1.69957,0,0,-2.59068ptc:430.814,0,1,-42.6024,-3.36101,25.9566,-0.173874,-0.0114487,0.0884165
430.814,1,1,42.6024,3.36101,-25.9566,0.173874,0.0114487,-0.0884165

orb:1,1,0.0732627,1.00206,4.68901,0,0,-3.06688ptc:420.885,0,1,-49.8605,-0.0872519,-3.73091,-0.194987,-0.00029634,-0.0126715
420.885,1,1,49.8605,0.0872519,3.73091,0.194987,0.00029634,0.0126715

orb:1,1,0.531312,1.01486,5.43735,0,0,-2.94186ptc:422.034,0,1,-49.006,6.57816,-7.42561,-0.19247,0.0223486,-0.0252277
422.034,1,1,49.006,-6.57816,7.42561,0.19247,-0.0223486,0.0252277

orb:1,1,3.95784,1.10592,0.631181,0,0,-2.62283ptc:429.676,0,1,-43.4217,20.014,14.6287,-0.176225,0.0681485,0.0498115
429.676,1,1,43.4217,-20.014,-14.6287,0.176225,-0.0681485,-0.0498115

orb:1,1,0.0882439,1.00248,4.89132,0,0,-3.05962ptc:420.923,0,1,-49.8321,0.728658,-4.02863,-0.194904,0.00247482,-0.0136828
420.923,1,1,49.8321,-0.728658,4.02863,0.194904,-0.00247482,0.0136828

orb:1,1,3.15993,1.0854,1.53816,0,0,-2.673ptc:428.032,0,1,-44.6102,0.736915,22.5696,-0.179652,0.00250791,0.07681
428.032,1,1,44.6102,-0.736915,-22.5696,0.179652,-0.00250791,-0.07681

orb:1,1,2.68409,1.07298,0.063342,0,0,-2.70683ptc:427.015,0,1,-45.3486,21.0174,1.33307,-0.181789,0.0715052,0.00453535
427.015,1,1,45.3486,-21.0174,-1.33307,0.181789,-0.0715052,-0.00453535

orb:1,1,5.27342,1.13895,4.03665,0,0,-2.55295ptc:432.233,0,1,-41.5849,-17.364,-21.6608,-0.170966,-0.0591764,-0.0738198
432.233,1,1,41.5849,17.364,21.6608,0.170966,0.0591764,0.0738198

orb:1,1,2.76481,1.07509,2.94488,0,0,-2.70085ptc:427.189,0,1,-45.2217,-20.9194,4.16892,-0.181421,-0.0711754,0.0141842
427.189,1,1,45.2217,20.9194,-4.16892,0.181421,0.0711754,-0.0141842

orb:1,1,4.10419,1.10965,5.44237,0,0,-2.61436ptc:429.97,0,1,-43.21,16.7764,-18.7469,-0.175617,0.0571297,-0.0638402
429.97,1,1,43.21,-16.7764,18.7469,0.175617,-0.0571297,0.0638402

orb:1,1,1.30282,1.03606,2.006,0,0,-2.83252ptc:423.895,0,1,-47.6308,-6.4119,13.791,-0.188436,-0.0217947,0.0468772
423.895,1,1,47.6308,6.4119,-13.791,0.188436,0.0217947,-0.0468772

orb:1,1,0.607321,1.01697,3.56253,0,0,-2.92831ptc:422.221,0,1,-48.867,-9.65976,-4.32464,-0.192062,-0.0328196,-0.0146932
422.221,1,1,48.867,9.65976,4.32464,0.192062,0.0328196,0.0146932

orb:1,1,4.87384,1.12902,3.74448,0,0,-2.5728ptc:431.475,0,1,-42.1276,-22.183,-15.2703,-0.172516,-0.0755796,-0.0520274
431.475,1,1,42.1276,22.183,15.2703,0.172516,0.0755796,0.0520274

orb:1,1,3.17524,1.0858,0.836476,0,0,-2.67196ptc:428.064,0,1,-44.5868,15.1624,16.7962,-0.179584,0.0516022,0.0571625
428.064,1,1,44.5868,-15.1624,-16.7962,0.179584,-0.0516022,-0.0571625

orb:1,1,4.20016,1.11208,3.95094,0,0,-2.60891ptc:430.161,0,1,-43.0723,-17.52,-18.3801,-0.175222,-0.0596659,-0.062595
430.161,1,1,43.0723,17.52,18.3801,0.175222,0.0596659,0.062595

orb:1,1,1.71163,1.04712,5.04234,0,0,-2.78949ptc:424.846,0,1,-46.9325,5.58685,-16.3134,-0.186396,0.0189954,-0.0554659
424.846,1,1,46.9325,-5.58685,16.3134,0.186396,-0.0189954,0.0554659

orb:1,1,0.972592,1.02704,4.48745,0,0,-2.8732ptc:423.11,0,1,-48.21,-2.95734,-12.9249,-0.190133,-0.0100501,-0.0439235
423.11,1,1,48.21,2.95734,12.9249,0.190133,0.0100501,0.0439235

orb:1,1,5.29014,1.13937,2.19632,0,0,-2.55215ptc:432.264,0,1,-41.5624,-16.2746,22.5322,-0.170903,-0.0554642,0.0767906
432.264,1,1,41.5624,16.2746,-22.5322,0.170903,0.0554642,-0.0767906

orb:1,1,5.62644,1.14766,2.07314,0,0,-2.53626ptc:432.889,0,1,-41.1158,-13.6988,24.9366,-0.169631,-0.0466964,0.0850036
432.889,1,1,41.1158,13.6988,-24.9366,0.169631,0.0466964,-0.0850036

orb:1,1,5.11467,1.13502,1.89767,0,0,-2.56071ptc:431.934,0,1,-41.799,-8.80987,25.9852,-0.171577,-0.0300208,0.0885483
431.934,1,1,41.799,8.80987,-25.9852,0.171577,0.0300208,-0.0885483

orb:1,1,0.848654,1.02364,3.65396,0,0,-2.89041ptc:422.81,0,1,-48.4309,-10.8317,-6.09249,-0.190781,-0.0368071,-0.0207028
422.81,1,1,48.4309,10.8317,6.09249,0.190781,0.0368071,0.0207028

orb:1,1,4.80832,1.12739,1.7349,0,0,-2.57616ptc:431.35,0,1,-42.2178,-4.37643,26.4292,-0.172773,-0.0149103,0.0900431
431.35,1,1,42.2178,4.37643,-26.4292,0.172773,0.0149103,-0.0900431

orb:1,1,1.42576,1.0394,4.17609,0,0,-2.81887ptc:424.184,0,1,-47.4187,-8.10267,-13.6313,-0.187816,-0.027544,-0.0463381
424.184,1,1,47.4187,8.10267,13.6313,0.187816,0.027544,0.0463381

orb:1,1,1.88692,1.05183,5.77138,0,0,-2.77286ptc:425.246,0,1,-46.6392,15.7126,-8.82628,-0.185541,0.0534292,-0.030013
425.246,1,1,46.6392,-15.7126,8.82628,0.185541,-0.0534292,0.030013

orb:1,1,4.96962,1.13141,2.56119,0,0,-2.56794ptc:431.658,0,1,-41.9963,-22.6915,14.8797,-0.172141,-0.0773169,0.0506997
431.658,1,1,41.9963,22.6915,-14.8797,0.172141,0.0773169,-0.0506997

orb:1,1,0.995027,1.02766,1.70598,0,0,-2.87022ptc:423.163,0,1,-48.1702,-1.80636,13.2804,-0.190016,-0.00613876,0.0451325
423.163,1,1,48.1702,1.80636,-13.2804,0.190016,0.00613876,-0.0451325

orb:1,1,2.871,1.07787,5.38545,0,0,-2.69313ptc:427.418,0,1,-45.0558,13.5142,-16.9512,-0.180941,0.0459836,-0.0576782
427.418,1,1,45.0558,-13.5142,16.9512,0.180941,-0.0459836,0.0576782

orb:1,1,3.74889,1.10059,1.87774,0,0,-2.63529ptc:429.253,0,1,-43.7271,-7.32628,23.1141,-0.177104,-0.0249429,0.0786937
429.253,1,1,43.7271,7.32628,-23.1141,0.177104,0.0249429,-0.0786937

orb:1,1,3.79952,1.10188,5.64615,0,0,-2.63223ptc:429.356,0,1,-43.6528,19.5991,-14.5021,-0.17689,0.0667288,-0.0493752
429.356,1,1,43.6528,-19.5991,14.5021,0.17689,-0.0667288,0.0493752

orb:1,1,0.276739,1.00777,5.24982,0,0,-2.99687ptc:421.399,0,1,-49.4773,3.69157,-6.19457,-0.193858,0.0125396,-0.0210418
421.399,1,1,49.4773,-3.69157,6.19457,0.193858,-0.0125396,0.0210418

orb:1,1,4.52537,1.12029,2.02391,0,0,-2.59103ptc:430.802,0,1,-42.6115,-11.4513,23.5188,-0.1739,-0.0390066,0.0801123
430.802,1,1,42.6115,11.4513,-23.5188,0.1739,0.0390066,-0.0801123

orb:1,1,0.0854784,1.00241,6.02927,0,0,-3.06091ptc:420.916,0,1,-49.8374,3.90044,-1.01224,-0.194919,0.0132474,-0.00343797
420.916,1,1,49.8374,-3.90044,1.01224,0.194919,-0.0132474,0.00343797

orb:1,1,3.39442,1.09147,1.43951,0,0,-2.65749ptc:428.523,0,1,-44.2547,3.04626,23.0704,-0.178625,0.0103688,0.0785267
428.523,1,1,44.2547,-3.04626,-23.0704,0.178625,-0.0103688,-0.0785267

orb:1,1,4.35753,1.11606,4.63493,0,0,-2.60014ptc:430.472,0,1,-42.8481,-1.99414,-25.6916,-0.174578,-0.00679192,-0.0875041
430.472,1,1,42.8481,1.99414,25.6916,0.174578,0.00679192,0.0875041

orb:1,1,0.750597,1.02093,3.25218,0,0,-2.90501ptc:422.572,0,1,-48.6072,-11.6477,-1.29331,-0.191298,-0.0395773,-0.00439451
422.572,1,1,48.6072,11.6477,1.29331,0.191298,0.0395773,0.00439451

orb:1,1,3.0444,1.0824,2.49512,0,0,-2.68091ptc:427.788,0,1,-44.7874,-17.7428,13.3897,-0.180164,-0.0603786,0.0455651
427.788,1,1,44.7874,17.7428,-13.3897,0.180164,0.0603786,-0.0455651

orb:1,1,0.468799,1.01312,4.80715,0,0,-2.9538ptc:421.879,0,1,-49.1209,0.883226,-9.2929,-0.192808,0.00300054,-0.0315703
421.879,1,1,49.1209,-0.883226,9.2929,0.192808,-0.00300054,0.0315703

orb:1,1,4.17201,1.11137,5.5574,0,0,-2.6105ptc:430.105,0,1,-43.1126,18.9418,-16.8081,-0.175337,0.0645068,-0.0572402
430.105,1,1,43.1126,-18.9418,16.8081,0.175337,-0.0645068,0.0572402

orb:1,1,0.534718,1.01496,0.604795,0,0,-2.94123ptc:422.042,0,1,-48.9998,8.18594,5.65812,-0.192452,0.0278109,0.0192229
422.042,1,1,48.9998,-8.18594,-5.65812,0.192452,-0.0278109,-0.0192229

orb:1,1,1.75599,1.04832,3.55859,0,0,-2.78519ptc:424.948,0,1,-46.8579,-15.9503,-7.06555,-0.186178,-0.0542329,-0.0240237
424.948,1,1,46.8579,15.9503,7.06555,0.186178,0.0542329,0.0240237

orb:1,1,4.92994,1.13042,1.33512,0,0,-2.56995ptc:431.583,0,1,-42.0506,6.31626,26.3031,-0.172296,0.0215209,0.0896204
431.583,1,1,42.0506,-6.31626,-26.3031,0.172296,-0.0215209,-0.0896204

orb:1,1,3.00651,1.08141,3.46193,0,0,-2.68354ptc:427.707,0,1,-44.8458,-20.9854,-6.9621,-0.180333,-0.0714113,-0.0236914
427.707,1,1,44.8458,20.9854,6.9621,0.180333,0.0714113,0.0236914

orb:1,1,1.39291,1.03851,4.71379,0,0,-2.82245ptc:424.107,0,1,-47.4752,0.0219999,-15.6878,-0.187981,7.47843e-05,-0.0533275
424.107,1,1,47.4752,-0.0219999,15.6878,0.187981,-7.47843e-05,0.0533275

orb:1,1,3.36374,1.09068,2.22579,0,0,-2.65948ptc:428.459,0,1,-44.3009,-14.1218,18.385,-0.178758,-0.0480665,0.0625771
428.459,1,1,44.3009,14.1218,-18.385,0.178758,0.0480665,-0.0625771

orb:1,1,3.42702,1.09232,0.318325,0,0,-2.65539ptc:428.591,0,1,-44.2056,22.1899,7.31227,-0.178483,0.0755312,0.0248899
428.591,1,1,44.2056,-22.1899,-7.31227,0.178483,-0.0755312,-0.0248899

orb:1,1,2.93138,1.07945,4.33115,0,0,-2.68882ptc:427.547,0,1,-44.962,-8.13817,-20.3025,-0.180669,-0.0276921,-0.0690841
427.547,1,1,44.962,8.13817,20.3025,0.180669,0.0276921,0.0690841

orb:1,1,3.39826,1.09157,3.32598,0,0,-2.65724ptc:428.531,0,1,-44.2489,-22.887,-4.26866,-0.178608,-0.0779025,-0.0145296
428.531,1,1,44.2489,22.887,4.26866,0.178608,0.0779025,0.0145296

orb:1,1,0.906548,1.02523,2.62539,0,0,-2.88221ptc:422.95,0,1,-48.3275,-11.153,6.32967,-0.190477,-0.0379005,0.0215096
422.95,1,1,48.3275,11.153,-6.32967,0.190477,0.0379005,-0.0215096

orb:1,1,5.04712,1.13334,2.00946,0,0,-2.56406ptc:431.806,0,1,-41.8907,-11.5941,24.7133,-0.171839,-0.0395067,0.0842103
431.806,1,1,41.8907,11.5941,-24.7133,0.171839,0.0395067,-0.0842103

orb:1,1,5.24566,1.13827,2.26377,0,0,-2.5543ptc:432.181,0,1,-41.6222,-17.6991,21.3152,-0.171073,-0.0603172,0.0726408
432.181,1,1,41.6222,17.6991,-21.3152,0.171073,0.0603172,-0.0726408

orb:1,1,3.27437,1.08837,2.0047,0,0,-2.66534ptc:428.272,0,1,-44.436,-9.637,20.7983,-0.179148,-0.0327996,0.0707871
428.272,1,1,44.436,9.637,-20.7983,0.179148,0.0327996,-0.0707871

orb:1,1,3.88325,1.10402,6.12635,0,0,-2.62723ptc:429.525,0,1,-43.5302,24.2972,-3.84221,-0.176538,0.082729,-0.0130823
429.525,1,1,43.5302,-24.2972,3.84221,0.176538,-0.082729,0.0130823

orb:1,1,0.489116,1.01369,3.83642,0,0,-2.94983ptc:421.929,0,1,-49.0835,-7.3202,-6.10127,-0.192698,-0.0248689,-0.0207278
421.929,1,1,49.0835,7.3202,6.10127,0.192698,0.0248689,0.0207278

orb:1,1,1.69979,1.04681,2.12421,0,0,-2.79065ptc:424.819,0,1,-46.9525,-9.03446,14.6235,-0.186454,-0.0307171,0.0497197
424.819,1,1,46.9525,9.03446,-14.6235,0.186454,0.0307171,-0.0497197

orb:1,1,2.82009,1.07654,4.13232,0,0,-2.69681ptc:427.308,0,1,-45.1352,-11.791,-17.9941,-0.181171,-0.0401189,-0.0612247
427.308,1,1,45.1352,11.791,17.9941,0.181171,0.0401189,0.0612247

orb:1,1,3.7662,1.10103,0.393083,0,0,-2.63424ptc:429.288,0,1,-43.7017,22.4405,9.30525,-0.177031,0.0764011,0.0316808
429.288,1,1,43.7017,-22.4405,-9.30525,0.177031,-0.0764011,-0.0316808

orb:1,1,2.01651,1.0553,3.82378,0,0,-2.76113ptc:425.54,0,1,-46.4246,-14.4121,-11.7069,-0.184915,-0.0490113,-0.0398115
425.54,1,1,46.4246,14.4121,11.7069,0.184915,0.0490113,0.0398115

orb:1,1,0.637139,1.0178,2.71325,0,0,-2.92323ptc:422.295,0,1,-48.8127,-9.85279,4.49894,-0.191902,-0.0334761,0.0152857
422.295,1,1,48.8127,9.85279,-4.49894,0.191902,0.0334761,-0.0152857

orb:1,1,1.76507,1.04856,4.6583,0,0,-2.78432ptc:424.968,0,1,-46.8427,-0.945372,-17.4605,-0.186134,-0.00321439,-0.059368
424.968,1,1,46.8427,0.945372,17.4605,0.186134,0.00321439,0.059368

orb:1,1,3.30657,1.0892,2.01793,0,0,-2.66322ptc:428.34,0,1,-44.3872,-9.95211,20.754,-0.179007,-0.0338728,0.070638
428.34,1,1,44.3872,9.95211,-20.754,0.179007,0.0338728,-0.070638

orb:1,1,4.26675,1.11377,4.89896,0,0,-2.60517ptc:430.293,0,1,-42.9772,4.7398,-25.1097,-0.174949,0.0161425,-0.0855169
430.293,1,1,42.9772,-4.7398,25.1097,0.174949,-0.0161425,0.0855169

orb:1,1,2.17359,1.05948,0.566377,0,0,-2.74749ptc:425.892,0,1,-46.167,16.2012,10.3019,-0.184166,0.0551012,0.0350371
425.892,1,1,46.167,-16.2012,-10.3019,0.184166,-0.0551012,-0.0350371

orb:1,1,0.682754,1.01906,2.88818,0,0,-2.91571ptc:422.406,0,1,-48.7299,-10.8405,2.8075,-0.191659,-0.036833,0.00953912
422.406,1,1,48.7299,10.8405,-2.8075,0.191659,0.036833,-0.00953912

orb:1,1,2.63888,1.07179,1.10364,0,0,-2.71023ptc:426.917,0,1,-45.4199,9.4146,18.6654,-0.181996,0.0320293,0.0635012
426.917,1,1,45.4199,-9.4146,-18.6654,0.181996,-0.0320293,-0.0635012

orb:1,1,1.24295,1.03443,0.971551,0,0,-2.83943ptc:423.754,0,1,-47.7348,8.39212,12.2866,-0.188741,0.0285246,0.0417618
423.754,1,1,47.7348,-8.39212,-12.2866,0.188741,-0.0285246,-0.0417618

orb:1,1,0.784394,1.02187,0.78072,0,0,-2.89987ptc:422.654,0,1,-48.5463,8.50285,8.42367,-0.19112,0.0288923,0.0286232
422.654,1,1,48.5463,-8.50285,-8.42367,0.19112,-0.0288923,-0.0286232

orb:1,1,1.11063,1.03082,2.53859,0,0,-2.85539ptc:423.44,0,1,-47.9662,-11.6259,8.00513,-0.189418,-0.0395127,0.0272068
423.44,1,1,47.9662,11.6259,-8.00513,0.189418,0.0395127,-0.0272068

orb:1,1,2.07067,1.05674,6.24374,0,0,-2.75635ptc:425.661,0,1,-46.3354,18.7744,-0.740976,-0.184656,0.0638483,-0.00251993
425.661,1,1,46.3354,-18.7744,0.740976,0.184656,-0.0638483,0.00251993

orb:1,1,2.92788,1.07936,4.44452,0,0,-2.68907ptc:427.539,0,1,-44.9674,-5.78636,-21.082,-0.180685,-0.0196894,-0.0717365
427.539,1,1,44.9674,5.78636,21.082,0.180685,0.0196894,0.0717365

orb:1,1,4.11383,1.10989,3.35987,0,0,-2.6138ptc:429.989,0,1,-43.1962,-24.5837,-5.45297,-0.175577,-0.083717,-0.0185695
429.989,1,1,43.1962,24.5837,5.45297,0.175577,0.083717,0.0185695

orb:1,1,0.283407,1.00795,4.96348,0,0,-2.99515ptc:421.416,0,1,-49.4648,1.81281,-7.06731,-0.193821,0.00615781,-0.0240065
421.416,1,1,49.4648,-1.81281,7.06731,0.193821,-0.00615781,0.0240065

orb:1,1,4.41202,1.11744,0.295628,0,0,-2.59716ptc:430.58,0,1,-42.771,24.7733,7.54476,-0.174357,0.0843793,0.0256979
430.58,1,1,42.771,-24.7733,-7.54476,0.174357,-0.0843793,-0.0256979

orb:1,1,2.9026,1.0787,4.37756,0,0,-2.69087ptc:427.485,0,1,-45.0067,-7.15725,-20.5712,-0.180798,-0.0243538,-0.0699972
427.485,1,1,45.0067,7.15725,20.5712,0.180798,0.0243538,0.0699972

orb:1,1,0.214933,1.00604,0.00815661,0,0,-3.01392ptc:421.244,0,1,-49.5931,6.36603,0.0519264,-0.194199,0.0216234,0.000176377
421.244,1,1,49.5931,-6.36603,-0.0519264,0.194199,-0.0216234,-0.000176377

orb:1,1,2.19274,1.05999,4.74648,0,0,-2.74586ptc:425.935,0,1,-46.1358,0.656927,-19.2629,-0.184075,0.00223427,-0.0655148
425.935,1,1,46.1358,-0.656927,19.2629,0.184075,-0.00223427,0.0655148

orb:1,1,0.737526,1.02057,0.931683,0,0,-2.90703ptc:422.54,0,1,-48.6308,6.93172,9.32728,-0.191368,0.0235529,0.0316927
422.54,1,1,48.6308,-6.93172,-9.32728,0.191368,-0.0235529,-0.0316927

orb:1,1,5.60953,1.14724,1.62182,0,0,-2.53705ptc:432.857,0,1,-41.138,-1.44952,28.3824,-0.169694,-0.00494106,0.0967485
432.857,1,1,41.138,1.44952,-28.3824,0.169694,0.00494106,-0.0967485

orb:1,1,3.6812,1.09885,4.98027,0,0,-2.63942ptc:429.114,0,1,-43.827,6.37015,-23.2081,-0.177392,0.0216867,-0.0790103
429.114,1,1,43.827,-6.37015,23.2081,0.177392,-0.0216867,0.0790103

orb:1,1,3.78924,1.10162,4.26222,0,0,-2.63285ptc:429.335,0,1,-43.6678,-10.5968,-21.9278,-0.176934,-0.0360786,-0.0746566
429.335,1,1,43.6678,10.5968,21.9278,0.176934,0.0360786,0.0746566

orb:1,1,5.38554,1.14173,5.11945,0,0,-2.54757ptc:432.442,0,1,-41.4349,11.0796,-25.6981,-0.170539,0.0377621,-0.0875856
432.442,1,1,41.4349,-11.0796,25.6981,0.170539,-0.0377621,0.0875856

orb:1,1,3.85967,1.10342,4.03269,0,0,-2.62863ptc:429.478,0,1,-43.5647,-15.4236,-19.0848,-0.176637,-0.0525147,-0.0649804
429.478,1,1,43.5647,15.4236,19.0848,0.176637,0.0525147,0.0649804

orb:1,1,1.14379,1.03173,5.53763,0,0,-2.8513ptc:423.519,0,1,-47.908,10.5149,-9.70872,-0.189248,0.0357376,-0.0329975
423.519,1,1,47.908,-10.5149,9.70872,0.189248,-0.0357376,0.0329975

orb:1,1,0.341548,1.00958,1.91946,0,0,-2.98097ptc:421.562,0,1,-49.3564,-2.73194,7.51526,-0.193502,-0.00928029,0.0255291
421.562,1,1,49.3564,2.73194,-7.51526,0.193502,0.00928029,-0.0255291

orb:1,1,2.20724,1.06038,1.98087,0,0,-2.74464ptc:425.967,0,1,-46.1122,-7.70666,17.7278,-0.184006,-0.0262113,0.0602944
425.967,1,1,46.1122,7.70666,-17.7278,0.184006,0.0262113,-0.0602944

orb:1,1,1.34534,1.03722,3.97615,0,0,-2.82772ptc:423.995,0,1,-47.5572,-10.3662,-11.4389,-0.188221,-0.0352369,-0.0388833
423.995,1,1,47.5572,10.3662,11.4389,0.188221,0.0352369,0.0388833

orb:1,1,4.37196,1.11643,0.340596,0,0,-2.59935ptc:430.501,0,1,-42.8277,24.3206,8.61943,-0.17452,0.0828354,0.0293575
430.501,1,1,42.8277,-24.3206,-8.61943,0.17452,-0.0828354,-0.0293575

orb:1,1,2.10663,1.0577,5.7244,0,0,-2.75323ptc:425.742,0,1,-46.2765,16.054,-10.0379,-0.184484,0.0545981,-0.0341377
425.742,1,1,46.2765,-16.054,10.0379,0.184484,-0.0545981,0.0341377

orb:1,1,0.539713,1.0151,4.74623,0,0,-2.94032ptc:422.055,0,1,-48.9906,0.338174,-9.99032,-0.192425,0.00114892,-0.0339412
422.055,1,1,48.9906,-0.338174,9.99032,0.192425,-0.00114892,0.0339412

orb:1,1,3.89013,1.1042,3.16983,0,0,-2.62682ptc:429.539,0,1,-43.5202,-24.6071,-0.694932,-0.176509,-0.0837844,-0.00236617
429.539,1,1,43.5202,24.6071,0.694932,0.176509,0.0837844,0.00236617

orb:1,1,3.85401,1.10328,5.84419,0,0,-2.62897ptc:429.466,0,1,-43.573,22.1981,-10.4232,-0.17666,0.0755802,-0.035489
429.466,1,1,43.573,-22.1981,10.4232,0.17666,-0.0755802,0.035489

orb:1,1,3.10985,1.0841,1.83055,0,0,-2.6764ptc:427.926,0,1,-44.6868,-5.76085,21.6771,-0.179873,-0.019605,0.0737704
427.926,1,1,44.6868,5.76085,-21.6771,0.179873,0.019605,-0.0737704

orb:1,1,5.51214,1.14485,1.47327,0,0,-2.54159ptc:432.678,0,1,-41.2666,2.74891,28.0982,-0.17006,0.00936975,0.0957736
432.678,1,1,41.2666,-2.74891,-28.0982,0.17006,-0.00936975,-0.0957736

orb:1,1,2.74424,1.07456,2.04315,0,0,-2.70236ptc:427.145,0,1,-45.2539,-9.67391,18.934,-0.181515,-0.0329138,0.0644196
427.145,1,1,45.2539,9.67391,-18.934,0.181515,0.0329138,-0.0644196

orb:1,1,0.381821,1.0107,0.227209,0,0,-2.97188ptc:421.663,0,1,-49.2816,8.22806,1.90234,-0.193281,0.0279512,0.00646236
421.663,1,1,49.2816,-8.22806,-1.90234,0.193281,-0.0279512,-0.00646236

orb:1,1,1.63035,1.04493,3.07282,0,0,-2.79754ptc:424.659,0,1,-47.0698,-16.8254,1.15902,-0.186797,-0.0572037,0.00394049
424.659,1,1,47.0698,16.8254,-1.15902,0.186797,0.0572037,-0.00394049

orb:1,1,5.04921,1.13339,2.11023,0,0,-2.56396ptc:431.81,0,1,-41.8878,-14.0238,23.4252,-0.171831,-0.047786,0.0798213
431.81,1,1,41.8878,14.0238,-23.4252,0.171831,0.047786,-0.0798213

orb:1,1,0.391352,1.01097,2.81013,0,0,-2.9698ptc:421.686,0,1,-49.264,-8.0823,2.78157,-0.193229,-0.0274562,0.00944921
421.686,1,1,49.264,8.0823,-2.78157,0.193229,0.0274562,-0.00944921

orb:1,1,4.41871,1.11761,5.09901,0,0,-2.59679ptc:430.593,0,1,-42.7616,9.7706,-23.9996,-0.17433,0.0332794,-0.0817445
430.593,1,1,42.7616,-9.7706,23.9996,0.17433,-0.0332794,0.0817445

orb:1,1,3.8784,1.1039,3.58938,0,0,-2.62751ptc:429.516,0,1,-43.5373,-22.1625,-10.6454,-0.176558,-0.0754604,-0.036246
429.516,1,1,43.5373,22.1625,10.6454,0.176558,0.0754604,0.036246

orb:1,1,4.58284,1.12174,5.5203,0,0,-2.58796ptc:430.914,0,1,-42.531,19.003,-18.166,-0.17367,0.0647326,-0.0618815
430.914,1,1,42.531,-19.003,18.166,0.17367,-0.0647326,0.0618815

orb:1,1,2.36387,1.06453,5.14785,0,0,-2.73172ptc:426.315,0,1,-45.8587,8.40471,-18.065,-0.183269,0.0285884,-0.0614476
426.315,1,1,45.8587,-8.40471,18.065,0.183269,-0.0285884,0.0614476

orb:1,1,0.815382,1.02272,4.79485,0,0,-2.89526ptc:422.73,0,1,-48.4906,1.00431,-12.1512,-0.190956,0.00341266,-0.0412902
422.73,1,1,48.4906,-1.00431,12.1512,0.190956,-0.00341266,0.0412902

orb:1,1,2.83254,1.07687,5.14858,0,0,-2.69591ptc:427.335,0,1,-45.1157,9.10632,-19.5357,-0.181114,0.0309844,-0.0664707
427.335,1,1,45.1157,-9.10632,19.5357,0.181114,-0.0309844,0.0664707

orb:1,1,2.87454,1.07797,5.3975,0,0,-2.69288ptc:427.425,0,1,-45.0503,13.7248,-16.7959,-0.180925,0.0467004,-0.0571498
427.425,1,1,45.0503,-13.7248,16.7959,0.180925,-0.0467004,0.0571498

orb:1,1,0.503534,1.01409,3.29296,0,0,-2.94707ptc:421.965,0,1,-49.057,-9.55449,-1.45738,-0.19262,-0.0324597,-0.00495118
421.965,1,1,49.057,9.55449,1.45738,0.19262,0.0324597,0.00495118

orb:1,1,3.6043,1.09688,4.63244,0,0,-2.64418ptc:428.957,0,1,-43.9409,-1.90537,-23.7816,-0.17772,-0.00648635,-0.0809586
428.957,1,1,43.9409,1.90537,23.7816,0.17772,0.00648635,0.0809586

orb:1,1,0.945078,1.02629,2.08246,0,0,-2.87692ptc:423.043,0,1,-48.2589,-6.40423,11.4048,-0.190276,-0.0217636,0.0387569
423.043,1,1,48.2589,6.40423,-11.4048,0.190276,0.0217636,-0.0387569

orb:1,1,1.51919,1.04193,3.21746,0,0,-2.80892ptc:424.401,0,1,-47.2587,-16.2813,-1.23764,-0.187348,-0.0553499,-0.00420746
424.401,1,1,47.2587,16.2813,1.23764,0.187348,0.0553499,0.00420746

orb:1,1,2.70941,1.07364,4.84679,0,0,-2.70494ptc:427.07,0,1,-45.3087,2.83335,-20.9546,-0.181673,0.00963975,-0.0712926
427.07,1,1,45.3087,-2.83335,20.9546,0.181673,-0.00963975,0.0712926

orb:1,1,0.843383,1.02349,5.5536,0,0,-2.89117ptc:422.798,0,1,-48.4404,9.23661,-8.25919,-0.190809,0.0313868,-0.0280654
422.798,1,1,48.4404,-9.23661,8.25919,0.190809,-0.0313868,0.0280654

orb:1,1,2.43389,1.06639,5.25189,0,0,-2.72611ptc:426.469,0,1,-45.7462,10.3672,-17.315,-0.182943,0.0352655,-0.0588991
426.469,1,1,45.7462,-10.3672,17.315,0.182943,-0.0352655,0.0588991

orb:1,1,3.6907,1.0991,3.12716,0,0,-2.63884ptc:429.134,0,1,-43.8129,-24.0895,0.347643,-0.177351,-0.0820115,0.00118353
429.134,1,1,43.8129,24.0895,-0.347643,0.177351,0.0820115,-0.00118353

orb:1,1,1.45725,1.04026,4.10422,0,0,-2.81547ptc:424.257,0,1,-47.3647,-9.1524,-13.1462,-0.187658,-0.0311131,-0.0446898
424.257,1,1,47.3647,9.1524,13.1462,0.187658,0.0311131,0.0446898

orb:1,1,3.76821,1.10108,0.034858,0,0,-2.63412ptc:429.292,0,1,-43.6987,24.2838,0.84683,-0.177022,0.0826771,0.00288313
429.292,1,1,43.6987,-24.2838,-0.84683,0.177022,-0.0826771,-0.00288313

orb:1,1,2.82201,1.07659,5.19041,0,0,-2.69667ptc:427.313,0,1,-45.1322,9.89938,-19.1073,-0.181162,0.0336826,-0.0650125
427.313,1,1,45.1322,-9.89938,19.1073,0.181162,-0.0336826,0.0650125

orb:1,1,5.07049,1.13392,5.343,0,0,-2.5629ptc:431.85,0,1,-41.8589,16.1246,-22.0869,-0.171748,0.0549451,-0.0752619
431.85,1,1,41.8589,-16.1246,22.0869,0.171748,-0.0549451,0.0752619

orb:1,1,0.125636,1.00353,4.46625,0,0,-3.04384ptc:421.018,0,1,-49.7613,-1.18901,-4.73266,-0.194695,-0.00403845,-0.0160744
421.018,1,1,49.7613,1.18901,4.73266,0.194695,0.00403845,0.0160744

orb:1,1,0.601381,1.01681,2.90413,0,0,-2.92933ptc:422.207,0,1,-48.8779,-10.2379,2.47789,-0.192094,-0.0347837,0.00841875
422.207,1,1,48.8779,10.2379,-2.47789,0.192094,0.0347837,-0.00841875

orb:1,1,5.35214,1.1409,3.93506,0,0,-2.54917ptc:432.38,0,1,-41.4794,-19.5815,-19.9003,-0.170666,-0.0667371,-0.0678235
432.38,1,1,41.4794,19.5815,19.9003,0.170666,0.0667371,0.0678235

orb:1,1,2.68214,1.07293,3.63719,0,0,-2.70698ptc:427.011,0,1,-45.3516,-18.52,-10.0119,-0.181798,-0.0630085,-0.0340624
427.011,1,1,45.3516,18.52,10.0119,0.181798,0.0630085,0.0340624

orb:1,1,4.22061,1.1126,5.09333,0,0,-2.60775ptc:430.202,0,1,-43.043,9.45928,-23.6182,-0.175138,0.0322148,-0.0804349
430.202,1,1,43.043,-9.45928,23.6182,0.175138,-0.0322148,0.0804349

orb:1,1,2.05023,1.0562,5.81802,0,0,-2.75815ptc:425.615,0,1,-46.369,16.7184,-8.39093,-0.184754,0.0568554,-0.0285357
425.615,1,1,46.369,-16.7184,8.39093,0.184754,-0.0568554,0.0285357

orb:1,1,2.7784,1.07545,0.784237,0,0,-2.69985ptc:427.219,0,1,-45.2004,15.1325,15.0974,-0.181359,0.0514869,0.0513674
427.219,1,1,45.2004,-15.1325,-15.0974,0.181359,-0.0514869,-0.0513674

orb:1,1,0.507616,1.0142,5.33617,0,0,-2.94629ptc:421.975,0,1,-49.0495,5.66755,-7.8757,-0.192598,0.0192546,-0.0267564
421.975,1,1,49.0495,-5.66755,7.8757,0.192598,-0.0192546,0.0267564

orb:1,1,2.17545,1.05953,0.606659,0,0,-2.74733ptc:425.896,0,1,-46.164,15.7792,10.9501,-0.184157,0.0536659,0.0372419
425.896,1,1,46.164,-15.7792,-10.9501,0.184157,-0.0536659,-0.0372419

orb:1,1,2.66007,1.07235,0.397911,0,0,-2.70864ptc:426.963,0,1,-45.3864,19.3389,8.12879,-0.181899,0.0657936,0.0276552
426.963,1,1,45.3864,-19.3389,-8.12879,0.181899,-0.0657936,-0.0276552

orb:1,1,1.3193,1.03651,5.03403,0,0,-2.83065ptc:423.934,0,1,-47.6023,4.83595,-14.5133,-0.188353,0.0164381,-0.0493329
423.934,1,1,47.6023,-4.83595,14.5133,0.188353,-0.0164381,0.0493329

orb:1,1,0.15646,1.0044,0.387121,0,0,-3.03256ptc:421.096,0,1,-49.7031,5.03812,2.05401,-0.194523,0.0171122,0.00697655
421.096,1,1,49.7031,-5.03812,-2.05401,0.194523,-0.0171122,-0.00697655

orb:1,1,5.61433,1.14736,5.10397,0,0,-2.53683ptc:432.866,0,1,-41.1317,10.8497,-26.2767,-0.169676,0.036984,-0.089571
432.866,1,1,41.1317,-10.8497,26.2767,0.169676,-0.036984,0.089571

orb:1,1,0.828891,1.02309,3.02375,0,0,-2.89327ptc:422.763,0,1,-48.4664,-12.2035,1.44481,-0.190885,-0.0414679,0.00490953
422.763,1,1,48.4664,12.2035,-1.44481,0.190885,0.0414679,-0.00490953

orb:1,1,2.35091,1.06419,3.28962,0,0,-2.73277ptc:426.286,0,1,-45.8795,-19.659,-2.93156,-0.18333,-0.0668689,-0.00997153
426.286,1,1,45.8795,19.659,2.93156,0.18333,0.0668689,0.00997153

orb:1,1,0.0166672,1.00047,3.51984,0,0,-3.10593ptc:420.74,0,1,-49.9682,-1.65688,-0.658423,-0.195305,-0.00562718,-0.00223616
420.74,1,1,49.9682,1.65688,0.658423,0.195305,0.00562718,0.00223616

orb:1,1,4.38856,1.11685,2.51101,0,0,-2.59844ptc:430.533,0,1,-42.8042,-20.8721,15.2367,-0.174452,-0.0710903,0.0518964
430.533,1,1,42.8042,20.8721,-15.2367,0.174452,0.0710903,-0.0518964

orb:1,1,5.54453,1.14564,6.22971,0,0,-2.54007ptc:432.737,0,1,-41.2238,28.2544,-1.51222,-0.169938,0.0963082,-0.00515455
432.737,1,1,41.2238,-28.2544,1.51222,0.169938,-0.0963082,0.00515455

orb:1,1,1.95291,1.0536,5.55305,0,0,-2.76683ptc:425.396,0,1,-46.5296,13.6371,-12.2075,-0.185221,0.0463736,-0.0415121
425.396,1,1,46.5296,-13.6371,12.2075,0.185221,-0.0463736,0.0415121

orb:1,1,3.77886,1.10135,3.0724,0,0,-2.63347ptc:429.314,0,1,-43.6831,-24.2685,1.68184,-0.176977,-0.0826255,0.00572605
429.314,1,1,43.6831,24.2685,-1.68184,0.176977,0.0826255,-0.00572605

orb:1,1,1.16015,1.03218,5.3067,0,0,-2.8493ptc:423.558,0,1,-47.8794,8.06711,-11.9369,-0.189164,0.0274184,-0.0405709
423.558,1,1,47.8794,-8.06711,11.9369,0.189164,-0.0274184,0.0405709

orb:1,1,5.48096,1.14408,4.73015,0,0,-2.54305ptc:432.62,0,1,-41.3079,0.50025,-28.1674,-0.170178,0.00170508,-0.0960075
432.62,1,1,41.3079,-0.50025,28.1674,0.170178,-0.00170508,0.0960075

orb:1,1,0.0606069,1.00171,5.8433,0,0,-3.07363ptc:420.852,0,1,-49.8846,3.07229,-1.44596,-0.195058,0.0104346,-0.00491097
420.852,1,1,49.8846,-3.07229,1.44596,0.195058,-0.0104346,0.00491097

orb:1,1,3.80547,1.10204,2.71523,0,0,-2.63187ptc:429.368,0,1,-43.644,-22.2126,10.0896,-0.176865,-0.0756272,0.0343519
429.368,1,1,43.644,22.2126,-10.0896,0.176865,0.0756272,-0.0343519

orb:1,1,2.75619,1.07487,4.23745,0,0,-2.70148ptc:427.171,0,1,-45.2352,-9.74115,-18.9443,-0.18146,-0.0331428,-0.0644551
427.171,1,1,45.2352,9.74115,18.9443,0.18146,0.0331428,0.0644551

orb:1,1,3.03959,1.08227,4.30636,0,0,-2.68124ptc:427.777,0,1,-44.7948,-8.77343,-20.4072,-0.180185,-0.0298559,-0.0694455
427.777,1,1,44.7948,8.77343,20.4072,0.180185,0.0298559,0.0694455

orb:1,1,4.29221,1.11441,1.34866,0,0,-2.60375ptc:430.343,0,1,-42.9409,5.643,24.9847,-0.174845,0.0192189,0.0850926
430.343,1,1,42.9409,-5.643,-24.9847,0.174845,-0.0192189,-0.0850926

orb:1,1,1.47799,1.04082,2.33067,0,0,-2.81326ptc:424.305,0,1,-47.3291,-11.106,11.688,-0.187554,-0.037755,0.0397333
424.305,1,1,47.3291,11.106,-11.688,0.187554,0.037755,-0.0397333

orb:1,1,1.53983,1.04249,4.90352,0,0,-2.80678ptc:424.449,0,1,-47.2235,3.12116,-16.1306,-0.187246,0.0106108,-0.0548382
424.449,1,1,47.2235,-3.12116,16.1306,0.187246,-0.0106108,0.0548382

orb:1,1,1.32957,1.03679,5.39648,0,0,-2.82949ptc:423.958,0,1,-47.5845,9.70258,-11.8985,-0.188301,0.0329807,-0.0404449
423.958,1,1,47.5845,-9.70258,11.8985,0.188301,-0.0329807,0.0404449

orb:1,1,4.50865,1.11987,0.835397,0,0,-2.59193ptc:430.769,0,1,-42.6349,17.5236,19.3697,-0.173967,0.0596902,0.0659787
430.769,1,1,42.6349,-17.5236,-19.3697,0.173967,-0.0596902,-0.0659787

orb:1,1,0.875154,1.02437,6.17094,0,0,-2.88662ptc:422.875,0,1,-48.3835,12.5315,-1.41254,-0.190642,0.042584,-0.00480001
422.875,1,1,48.3835,-12.5315,1.41254,0.190642,-0.042584,0.00480001

orb:1,1,3.77883,1.10135,6.0193,0,0,-2.63348ptc:429.314,0,1,-43.6831,23.4845,-6.34516,-0.176978,0.0799563,-0.021603
429.314,1,1,43.6831,-23.4845,6.34516,0.176978,-0.0799563,0.021603

orb:1,1,1.65729,1.04566,5.0525,0,0,-2.79485ptc:424.721,0,1,-47.0242,5.66846,-16.0186,-0.186663,0.0192722,-0.0544617
424.721,1,1,47.0242,-5.66846,16.0186,0.186663,-0.0192722,0.0544617

orb:1,1,2.98439,1.08084,3.98329,0,0,-2.68509ptc:427.66,0,1,-44.8799,-14.6834,-16.4374,-0.180432,-0.0499656,-0.0559343
427.66,1,1,44.8799,14.6834,16.4374,0.180432,0.0499656,0.0559343

orb:1,1,2.78317,1.07558,2.21284,0,0,-2.6995ptc:427.229,0,1,-45.1929,-12.8099,17.132,-0.181338,-0.0435846,0.0582901
427.229,1,1,45.1929,12.8099,-17.132,0.181338,0.0435846,-0.0582901

orb:1,1,0.671571,1.01875,2.44957,0,0,-2.91753ptc:422.379,0,1,-48.7502,-8.55385,7.08891,-0.191718,-0.0290634,0.024086
422.379,1,1,48.7502,8.55385,-7.08891,0.191718,0.0290634,-0.024086

orb:1,1,2.05184,1.05624,5.48459,0,0,-2.75801ptc:425.619,0,1,-46.3664,13.056,-13.4052,-0.184746,0.0444005,-0.045588
425.619,1,1,46.3664,-13.056,13.4052,0.184746,-0.0444005,0.045588

orb:1,1,0.00486216,1.00014,2.27875,0,0,-3.12233ptc:420.71,0,1,-49.9907,-0.626413,0.731814,-0.195372,-0.00212743,0.0024854
420.71,1,1,49.9907,0.626413,-0.731814,0.195372,0.00212743,-0.0024854

orb:1,1,4.15931,1.11105,0.420748,0,0,-2.61121ptc:430.08,0,1,-43.1308,23.087,10.3307,-0.17539,0.0786226,0.0351813
430.08,1,1,43.1308,-23.087,-10.3307,0.17539,-0.0786226,-0.0351813

orb:1,1,2.2388,1.06122,5.79094,0,0,-2.74199ptc:426.037,0,1,-46.0609,17.1429,-9.19325,-0.183857,0.0583064,-0.0312681
426.037,1,1,46.0609,-17.1429,9.19325,0.183857,-0.0583064,0.0312681

orb:1,1,4.4935,1.11949,3.07914,0,0,-2.59274ptc:430.739,0,1,-42.6562,-26.0345,1.62812,-0.174028,-0.0886799,0.00554577
430.739,1,1,42.6562,26.0345,-1.62812,0.174028,0.0886799,-0.00554577

orb:1,1,0.433061,1.01213,4.46653,0,0,-2.96099ptc:421.79,0,1,-49.1868,-2.18591,-8.71087,-0.193002,-0.0074259,-0.0295923
421.79,1,1,49.1868,2.18591,8.71087,0.193002,0.0074259,0.0295923

orb:1,1,1.41931,1.03923,2.12172,0,0,-2.81956ptc:424.169,0,1,-47.4298,-8.28377,13.4832,-0.187848,-0.0281596,0.0458342
424.169,1,1,47.4298,8.28377,-13.4832,0.187848,0.0281596,-0.0458342

orb:1,1,5.22519,1.13776,3.79916,0,0,-2.55529ptc:432.142,0,1,-41.6497,-21.8955,-16.9082,-0.171151,-0.0746175,-0.0576212
432.142,1,1,41.6497,21.8955,16.9082,0.171151,0.0746175,0.0576212

orb:1,1,4.74578,1.12582,3.83768,0,0,-2.57939ptc:431.229,0,1,-42.3042,-20.4519,-17.0902,-0.173021,-0.0696756,-0.0582229
431.229,1,1,42.3042,20.4519,17.0902,0.173021,0.0696756,0.0582229

orb:1,1,1.59078,1.04387,5.99731,0,0,-2.80154ptc:424.567,0,1,-47.1369,16,-4.70286,-0.186992,0.054396,-0.0159885
424.567,1,1,47.1369,-16,4.70286,0.186992,-0.054396,0.0159885

orb:1,1,2.13476,1.05845,2.803,0,0,-2.7508ptc:425.805,0,1,-46.2304,-17.9646,6.32628,-0.18435,-0.0610969,0.0215154
425.805,1,1,46.2304,17.9646,-6.32628,0.18435,0.0610969,-0.0215154

orb:1,1,4.27602,1.114,4.72645,0,0,-2.60466ptc:430.311,0,1,-42.964,0.359612,-25.5728,-0.174911,0.00122475,-0.0870947
430.311,1,1,42.964,-0.359612,25.5728,0.174911,-0.00122475,0.0870947

orb:1,1,4.46538,1.11878,4.5566,0,0,-2.59426ptc:430.684,0,1,-42.6958,-4.03735,-25.7055,-0.174142,-0.0137519,-0.0875574
430.684,1,1,42.6958,4.03735,25.7055,0.174142,0.0137519,0.0875574

orb:1,1,5.41649,1.14249,3.65473,0,0,-2.5461ptc:432.5,0,1,-41.3936,-24.4338,-13.768,-0.170422,-0.0832781,-0.0469257
432.5,1,1,41.3936,24.4338,13.768,0.170422,0.0832781,0.0469257

orb:1,1,2.76593,1.07512,5.91973,0,0,-2.70076ptc:427.192,0,1,-45.2199,19.9407,-7.58456,-0.181416,0.0678458,-0.0258055
427.192,1,1,45.2199,-19.9407,7.58456,0.181416,-0.0678458,0.0258055

orb:1,1,4.4043,1.11724,2.93264,0,0,-2.59758ptc:430.564,0,1,-42.7819,-25.3158,5.36804,-0.174389,-0.0862267,0.0182838
430.564,1,1,42.7819,25.3158,-5.36804,0.174389,0.0862267,-0.0182838

orb:1,1,3.07064,1.08308,3.92847,0,0,-2.67909ptc:427.843,0,1,-44.747,-15.7517,-15.7983,-0.180047,-0.053604,-0.0537626
427.843,1,1,44.747,15.7517,15.7983,0.180047,0.053604,0.0537626

orb:1,1,1.13397,1.03146,4.10236,0,0,-2.85251ptc:423.496,0,1,-47.9252,-8.16589,-11.6829,-0.189298,-0.0277536,-0.0397071
423.496,1,1,47.9252,8.16589,11.6829,0.189298,0.0277536,0.0397071

orb:1,1,4.77728,1.12661,0.373754,0,0,-2.57776ptc:431.29,0,1,-42.2606,24.8767,9.75636,-0.172896,0.084752,0.0332387
431.29,1,1,42.2606,-24.8767,-9.75636,0.172896,-0.084752,-0.0332387

orb:1,1,1.92454,1.05284,2.57024,0,0,-2.7694ptc:425.332,0,1,-46.5767,-15.2948,9.83276,-0.185358,-0.0520099,0.0334362
425.332,1,1,46.5767,15.2948,-9.83276,0.185358,0.0520099,-0.0334362

orb:1,1,1.43192,1.03957,1.93928,0,0,-2.8182ptc:424.198,0,1,-47.4081,-5.72334,14.8227,-0.187785,-0.0194559,0.0503883
424.198,1,1,47.4081,5.72334,-14.8227,0.187785,0.0194559,-0.0503883

orb:1,1,5.15946,1.13613,2.74665,0,0,-2.55851ptc:432.018,0,1,-41.7384,-25.4109,10.5923,-0.171404,-0.0865936,0.0360957
432.018,1,1,41.7384,25.4109,-10.5923,0.171404,0.0865936,-0.0360957

orb:1,1,4.7479,1.12588,3.99051,0,0,-2.57928ptc:431.233,0,1,-42.3013,-17.6149,-20.0079,-0.173012,-0.0600107,-0.0681632
431.233,1,1,42.3013,17.6149,20.0079,0.173012,0.0600107,0.0681632

orb:1,1,4.34706,1.1158,1.54493,0,0,-2.60072ptc:430.452,0,1,-42.863,0.665893,25.7356,-0.174621,0.00226798,0.0876532
430.452,1,1,42.863,-0.665893,-25.7356,0.174621,-0.00226798,-0.0876532

orb:1,1,0.221457,1.00622,1.38478,0,0,-3.01201ptc:421.26,0,1,-49.5808,1.19494,6.34947,-0.194163,0.00405887,0.0215672
421.26,1,1,49.5808,-1.19494,-6.34947,0.194163,-0.00405887,-0.0215672

orb:1,1,1.67297,1.04608,3.70761,0,0,-2.79329ptc:424.757,0,1,-46.9977,-14.4036,-9.15165,-0.186586,-0.0489714,-0.031115
424.757,1,1,46.9977,14.4036,9.15165,0.186586,0.0489714,0.031115

orb:1,1,3.48498,1.09381,1.02422,0,0,-2.65168ptc:428.711,0,1,-44.1188,12.2288,20.0996,-0.178233,0.0416265,0.0684186
428.711,1,1,44.1188,-12.2288,-20.0996,0.178233,-0.0416265,-0.0684186

orb:1,1,4.66039,1.12368,6.14544,0,0,-2.58386ptc:431.064,0,1,-42.4228,26.2127,-3.6338,-0.17336,0.0892965,-0.0123789
431.064,1,1,42.4228,-26.2127,3.6338,0.17336,-0.0892965,0.0123789

orb:1,1,4.91589,1.13007,0.608666,0,0,-2.57066ptc:431.556,0,1,-42.0699,22.1682,15.4498,-0.172351,0.0755313,0.0526405
431.556,1,1,42.0699,-22.1682,-15.4498,0.172351,-0.0755313,-0.0526405

orb:1,1,1.11341,1.0309,1.75126,0,0,-2.85505ptc:423.447,0,1,-47.9613,-2.53645,13.9024,-0.189404,-0.0086206,0.04725
423.447,1,1,47.9613,2.53645,-13.9024,0.189404,0.0086206,-0.04725

orb:1,1,3.66886,1.09854,5.10162,0,0,-2.64018ptc:429.089,0,1,-43.8452,9.12006,-22.2356,-0.177444,0.0310483,-0.0756987
429.089,1,1,43.8452,-9.12006,22.2356,0.177444,-0.0310483,0.0756987

orb:1,1,1.16892,1.03242,2.38112,0,0,-2.84824ptc:423.579,0,1,-47.864,-10.475,9.96554,-0.189119,-0.0356027,0.0338709
423.579,1,1,47.864,10.475,-9.96554,0.189119,0.0356027,-0.0338709

orb:1,1,3.67921,1.0988,0.771582,0,0,-2.63954ptc:429.11,0,1,-43.8299,17.2472,16.7771,-0.1774,0.0587168,0.0571163
429.11,1,1,43.8299,-17.2472,-16.7771,0.1774,-0.0587168,-0.0571163

orb:1,1,5.44824,1.14327,0.358325,0,0,-2.5446ptc:432.559,0,1,-41.3514,26.3228,9.85766,-0.170301,0.0897182,0.0335987
432.559,1,1,41.3514,-26.3228,-9.85766,0.170301,-0.0897182,-0.0335987

orb:1,1,0.526347,1.01472,3.90164,0,0,-2.94278ptc:422.022,0,1,-49.0151,-7.15757,-6.80357,-0.192497,-0.0243169,-0.0231143
422.022,1,1,49.0151,7.15757,6.80357,0.192497,0.0243169,0.0231143

orb:1,1,4.60216,1.12222,2.5596,0,0,-2.58693ptc:430.951,0,1,-42.504,-21.9976,14.4748,-0.173592,-0.0749344,0.0493083
430.951,1,1,42.504,21.9976,-14.4748,0.173592,0.0749344,-0.0493083

orb:1,1,3.63451,1.09765,5.00709,0,0,-2.6423ptc:429.019,0,1,-43.8961,6.9536,-22.9081,-0.177591,0.0236723,-0.0779865
429.019,1,1,43.8961,-6.9536,22.9081,0.177591,-0.0236723,0.0779865

orb:1,1,0.54032,1.01511,0.294097,0,0,-2.9402ptc:422.056,0,1,-48.9895,9.57208,2.89919,-0.192422,0.0325202,0.00984972
422.056,1,1,48.9895,-9.57208,-2.89919,0.192422,-0.0325202,-0.00984972

orb:1,1,0.391551,1.01097,2.62295,0,0,-2.96975ptc:421.687,0,1,-49.2636,-7.42533,4.2381,-0.193228,-0.0252244,0.0143971
421.687,1,1,49.2636,7.42533,-4.2381,0.193228,0.0252244,-0.0143971

orb:1,1,4.65613,1.12358,0.314577,0,0,-2.58408ptc:431.056,0,1,-42.4287,25.1557,8.18519,-0.173377,0.0856955,0.0278837
431.056,1,1,42.4287,-25.1557,-8.18519,0.173377,-0.0856955,-0.0278837

orb:1,1,1.41306,1.03906,4.60368,0,0,-2.82024ptc:424.154,0,1,-47.4405,-1.71333,-15.6991,-0.18788,-0.00582421,-0.0533667
424.154,1,1,47.4405,1.71333,15.6991,0.18788,0.00582421,0.0533667

orb:1,1,0.0108905,1.00031,5.1852,0,0,-3.11276ptc:420.725,0,1,-49.9792,0.656413,-1.2833,-0.195338,0.00222933,-0.00435837
420.725,1,1,49.9792,-0.656413,1.2833,0.195338,-0.00222933,0.00435837

orb:1,1,3.76393,1.10097,4.26593,0,0,-2.63438ptc:429.283,0,1,-43.705,-10.4866,-21.9067,-0.177041,-0.0357027,-0.0745836
429.283,1,1,43.705,10.4866,21.9067,0.177041,0.0357027,0.0745836

orb:1,1,2.86789,1.07779,3.55479,0,0,-2.69336ptc:427.411,0,1,-45.0606,-19.8452,-8.70095,-0.180955,-0.0675254,-0.0296058
427.411,1,1,45.0606,19.8452,8.70095,0.180955,0.0675254,0.0296058

orb:1,1,2.38399,1.06507,0.408346,0,0,-2.7301ptc:426.359,0,1,-45.8263,18.3545,7.94136,-0.183175,0.0624331,0.0270127
426.359,1,1,45.8263,-18.3545,-7.94136,0.183175,-0.0624331,-0.0270127

orb:1,1,0.775002,1.02161,1.27307,0,0,-2.90128ptc:422.632,0,1,-48.5632,3.49088,11.3767,-0.191169,0.0118618,0.0386571
422.632,1,1,48.5632,-3.49088,-11.3767,0.191169,-0.0118618,-0.0386571

orb:1,1,0.629109,1.01757,3.72549,0,0,-2.92459ptc:422.275,0,1,-48.8273,-8.98171,-5.93464,-0.191945,-0.0305163,-0.0201636
422.275,1,1,48.8273,8.98171,5.93464,0.191945,0.0305163,0.0201636

orb:1,1,3.80694,1.10207,1.71447,0,0,-2.63178ptc:429.371,0,1,-43.6419,-3.4937,24.1491,-0.176859,-0.011895,0.0822206
429.371,1,1,43.6419,3.4937,-24.1491,0.176859,0.011895,-0.0822206

orb:1,1,3.49248,1.094,2.53884,0,0,-2.65121ptc:428.726,0,1,-44.1075,-19.3987,13.3498,-0.1782,-0.066033,0.0454427
428.726,1,1,44.1075,19.3987,-13.3498,0.1782,0.066033,-0.0454427

orb:1,1,4.72176,1.12522,4.44167,0,0,-2.58064ptc:431.183,0,1,-42.3375,-7.11341,-25.6307,-0.173116,-0.0242336,-0.0873176
431.183,1,1,42.3375,7.11341,25.6307,0.173116,0.0242336,0.0873176

orb:1,1,2.87735,1.07804,4.14216,0,0,-2.69268ptc:427.431,0,1,-45.0459,-11.714,-18.2661,-0.180912,-0.0398583,-0.0621525
427.431,1,1,45.0459,11.714,18.2661,0.180912,0.0398583,0.0621525

orb:1,1,1.69689,1.04673,4.62175,0,0,-2.79093ptc:424.812,0,1,-46.9573,-1.55459,-17.1053,-0.186468,-0.00528557,-0.0581578
424.812,1,1,46.9573,1.55459,17.1053,0.186468,0.00528557,0.0581578

orb:1,1,2.05338,1.05628,0.180661,0,0,-2.75787ptc:425.623,0,1,-46.3639,18.4141,3.36338,-0.184739,0.0626224,0.0114381
425.623,1,1,46.3639,-18.4141,-3.36338,0.184739,-0.0626224,-0.0114381

orb:1,1,4.36869,1.11634,2.92688,0,0,-2.59953ptc:430.494,0,1,-42.8323,-25.2029,5.49597,-0.174533,-0.0858401,0.0187191
430.494,1,1,42.8323,25.2029,-5.49597,0.174533,0.0858401,-0.0187191

orb:1,1,0.489073,1.01369,0.0559468,0,0,-2.94984ptc:421.929,0,1,-49.0836,9.51415,0.532843,-0.192699,0.0323224,0.00181022
421.929,1,1,49.0836,-9.51415,-0.532843,0.192699,-0.0323224,-0.00181022

orb:1,1,1.2729,1.03525,4.93196,0,0,-2.83595ptc:423.825,0,1,-47.6827,3.27704,-14.6839,-0.188588,0.0111388,-0.0499112
423.825,1,1,47.6827,-3.27704,14.6839,0.188588,-0.0111388,0.0499112

orb:1,1,4.15379,1.11091,5.89332,0,0,-2.61153ptc:430.069,0,1,-43.1387,23.3825,-9.60781,-0.175412,0.0796286,-0.0327192
430.069,1,1,43.1387,-23.3825,9.60781,0.175412,-0.0796286,0.0327192

orb:1,1,0.523769,1.01465,1.45959,0,0,-2.94326ptc:422.015,0,1,-49.0198,1.09329,9.79084,-0.192511,0.00371431,0.0332631
422.015,1,1,49.0198,-1.09329,-9.79084,0.192511,-0.00371431,-0.0332631

orb:1,1,4.33645,1.11553,5.29667,0,0,-2.60131ptc:430.431,0,1,-42.878,14.1867,-21.4525,-0.174664,0.0483184,-0.0730649
430.431,1,1,42.878,-14.1867,21.4525,0.174664,-0.0483184,0.0730649

orb:1,1,1.29486,1.03585,0.431635,0,0,-2.83343ptc:423.876,0,1,-47.6446,13.7745,6.34455,-0.188477,0.0468208,0.0215657
423.876,1,1,47.6446,-13.7745,-6.34455,0.188477,-0.0468208,-0.0215657

orb:1,1,0.817554,1.02278,0.33979,0,0,-2.89494ptc:422.735,0,1,-48.4867,11.5102,4.06885,-0.190945,0.0391118,0.0138261
422.735,1,1,48.4867,-11.5102,-4.06885,0.190945,-0.0391118,-0.0138261

orb:1,1,2.786,1.07565,5.75196,0,0,-2.69929ptc:427.235,0,1,-45.1885,18.4517,-10.8414,-0.181325,0.0627803,-0.0368871
427.235,1,1,45.1885,-18.4517,10.8414,0.181325,-0.0627803,0.0368871

orb:1,1,0.0874429,1.00246,0.159587,0,0,-3.05999ptc:420.921,0,1,-49.8336,4.02368,0.647634,-0.194908,0.013666,0.00219962
420.921,1,1,49.8336,-4.02368,-0.647634,0.194908,-0.013666,-0.00219962

orb:1,1,3.34923,1.09031,6.09649,0,0,-2.66043ptc:428.429,0,1,-44.3228,22.7386,-4.29532,-0.178821,0.0773948,-0.0146199
428.429,1,1,44.3228,-22.7386,4.29532,0.178821,-0.0773948,0.0146199

orb:1,1,3.2371,1.0874,5.23958,0,0,-2.66782ptc:428.194,0,1,-44.4926,11.477,-19.7151,-0.179312,0.0390612,-0.0670989
428.194,1,1,44.4926,-11.477,19.7151,0.179312,-0.0390612,0.0670989

orb:1,1,5.17032,1.1364,5.95385,0,0,-2.55797ptc:432.039,0,1,-41.7237,26.0717,-8.91071,-0.171362,0.0888461,-0.0303656
432.039,1,1,41.7237,-26.0717,8.91071,0.171362,-0.0888461,0.0303656

orb:1,1,2.95441,1.08005,1.36486,0,0,-2.6872ptc:427.596,0,1,-44.9263,4.4875,21.4823,-0.180566,0.01527,0.0730999
427.596,1,1,44.9263,-4.4875,-21.4823,0.180566,-0.01527,-0.0730999

orb:1,1,3.43932,1.09263,4.82883,0,0,-2.6546ptc:428.616,0,1,-44.1872,2.7185,-23.2401,-0.17843,0.00925344,-0.0791065
428.616,1,1,44.1872,-2.7185,23.2401,0.17843,-0.00925344,0.0791065

orb:1,1,0.450629,1.01262,2.17562,0,0,-2.95742ptc:421.834,0,1,-49.1544,-5.20671,7.53237,-0.192907,-0.0176883,0.025589
421.834,1,1,49.1544,5.20671,-7.53237,0.192907,0.0176883,-0.025589

orb:1,1,4.82882,1.1279,6.1236,0,0,-2.5751ptc:431.389,0,1,-42.1895,26.4927,-4.26413,-0.172693,0.0902604,-0.0145279
431.389,1,1,42.1895,-26.4927,4.26413,0.172693,-0.0902604,0.0145279

orb:1,1,1.14773,1.03184,4.3545,0,0,-2.85082ptc:423.528,0,1,-47.9011,-5.02144,-13.4265,-0.189228,-0.0170667,-0.0456333
423.528,1,1,47.9011,5.02144,13.4265,0.189228,0.0170667,0.0456333

orb:1,1,3.46623,1.09333,0.418648,0,0,-2.65288ptc:428.672,0,1,-44.1468,21.4473,9.54303,-0.178314,0.0730054,0.0324839
428.672,1,1,44.1468,-21.4473,-9.54303,0.178314,-0.0730054,-0.0324839

orb:1,1,2.36104,1.06446,2.18247,0,0,-2.73195ptc:426.308,0,1,-45.8632,-11.4354,16.3033,-0.183283,-0.0388972,0.0554551
426.308,1,1,45.8632,11.4354,-16.3033,0.183283,0.0388972,-0.0554551

orb:1,1,1.69604,1.0467,4.60418,0,0,-2.79102ptc:424.81,0,1,-46.9588,-1.85461,-17.0714,-0.186473,-0.00630564,-0.0580426
424.81,1,1,46.9588,1.85461,17.0714,0.186473,0.00630564,0.0580426

orb:1,1,3.14556,1.08503,1.33822,0,0,-2.67397ptc:428.002,0,1,-44.6322,5.19479,21.9313,-0.179715,0.017679,0.0746372
428.002,1,1,44.6322,-5.19479,-21.9313,0.179715,-0.017679,-0.0746372

orb:1,1,3.59732,1.0967,1.33514,0,0,-2.64461ptc:428.942,0,1,-43.9513,5.56583,23.1799,-0.17775,0.0189474,0.0789098
428.942,1,1,43.9513,-5.56583,-23.1799,0.17775,-0.0189474,-0.0789098

orb:1,1,5.54601,1.14568,3.17503,0,0,-2.54ptc:432.74,0,1,-41.2218,-28.2819,-0.94616,-0.169932,-0.0964019,-0.00322509
432.74,1,1,41.2218,28.2819,0.94616,0.169932,0.0964019,0.00322509

orb:1,1,0.0310068,1.00087,2.37602,0,0,-3.09296ptc:420.777,0,1,-49.9409,-1.75257,1.68442,-0.195224,-0.0059522,0.00572074
420.777,1,1,49.9409,1.75257,-1.68442,0.195224,0.0059522,-0.00572074

orb:1,1,3.43158,1.09243,3.61101,0,0,-2.6551ptc:428.6,0,1,-44.1988,-20.848,-10.5749,-0.178464,-0.0709636,-0.0359955
428.6,1,1,44.1988,20.848,10.5749,0.178464,0.0709636,0.0359955

orb:1,1,2.70383,1.0735,5.83525,0,0,-2.70536ptc:427.058,0,1,-45.3175,19.0422,-9.14995,-0.181699,0.064786,-0.0311303
427.058,1,1,45.3175,-19.0422,9.14995,0.181699,-0.064786,0.0311303

orb:1,1,2.0417,1.05597,1.77263,0,0,-2.7589ptc:425.596,0,1,-46.3831,-3.74296,18.2921,-0.184795,-0.0127289,0.062207
425.596,1,1,46.3831,3.74296,-18.2921,0.184795,0.0127289,-0.062207

orb:1,1,2.68887,1.0731,2.33615,0,0,-2.70647ptc:427.025,0,1,-45.341,-14.6012,15.1986,-0.181767,-0.0496762,0.0517087
427.025,1,1,45.341,14.6012,-15.1986,0.181767,0.0496762,-0.0517087

orb:1,1,3.05017,1.08255,1.94711,0,0,-2.68051ptc:427.8,0,1,-44.7785,-8.17535,20.6894,-0.180138,-0.0278208,0.0704061
427.8,1,1,44.7785,8.17535,-20.6894,0.180138,0.0278208,-0.0704061

orb:1,1,2.25623,1.06168,4.62597,0,0,-2.74054ptc:426.076,0,1,-46.0326,-1.68471,-19.4464,-0.183775,-0.00573009,-0.0661417
426.076,1,1,46.0326,1.68471,19.4464,0.183775,0.00573009,0.0661417

orb:1,1,0.612224,1.01711,4.62611,0,0,-2.92746ptc:422.233,0,1,-48.8581,-0.915573,-10.5853,-0.192036,-0.00311072,-0.0359643
422.233,1,1,48.8581,0.915573,10.5853,0.192036,0.00311072,0.0359643

orb:1,1,1.87521,1.05152,2.04394,0,0,-2.77394ptc:425.22,0,1,-46.6586,-8.18929,15.9971,-0.185597,-0.0278467,0.0543962
425.22,1,1,46.6586,8.18929,-15.9971,0.185597,0.0278467,-0.0543962

orb:1,1,4.72642,1.12534,5.62057,0,0,-2.5804ptc:431.192,0,1,-42.3311,20.9788,-16.3698,-0.173097,0.0714699,-0.0557681
431.192,1,1,42.3311,-20.9788,16.3698,0.173097,-0.0714699,0.0557681

orb:1,1,2.40408,1.0656,2.15296,0,0,-2.72849ptc:426.403,0,1,-45.794,-11.0366,16.7661,-0.183081,-0.0375416,0.0570311
426.403,1,1,45.794,11.0366,-16.7661,0.183081,0.0375416,-0.0570311

orb:1,1,0.701415,1.01957,4.09095,0,0,-2.91271ptc:422.452,0,1,-48.6961,-6.60473,-9.22332,-0.191559,-0.0224413,-0.0313387
422.452,1,1,48.6961,6.60473,9.22332,0.191559,0.0224413,0.0313387

orb:1,1,3.38048,1.09111,4.604,0,0,-2.65839ptc:428.494,0,1,-44.2756,-2.51304,-23.0944,-0.178685,-0.00855374,-0.0786076
428.494,1,1,44.2756,2.51304,23.0944,0.178685,0.00855374,0.0786076

orb:1,1,4.09372,1.10938,4.87582,0,0,-2.61495ptc:429.949,0,1,-43.2251,4.08907,-24.7966,-0.17566,0.0139247,-0.0844409
429.949,1,1,43.2251,-4.08907,24.7966,0.17566,-0.0139247,0.0844409

orb:1,1,0.441161,1.01236,6.05583,0,0,-2.95934ptc:421.81,0,1,-49.1719,8.82927,-2.04267,-0.192958,0.0299947,-0.00693935
421.81,1,1,49.1719,-8.82927,2.04267,0.192958,-0.0299947,0.00693935

orb:1,1,2.23839,1.06121,1.92538,0,0,-2.74203ptc:426.036,0,1,-46.0615,-6.75335,18.2408,-0.183859,-0.0229695,0.0620405
426.036,1,1,46.0615,6.75335,-18.2408,0.183859,0.0229695,-0.0620405

orb:1,1,2.93326,1.0795,4.96341,0,0,-2.68869ptc:427.551,0,1,-44.9591,5.43462,-21.1931,-0.180661,0.0184926,-0.0721147
427.551,1,1,44.9591,-5.43462,21.1931,0.180661,-0.0184926,0.0721147

orb:1,1,1.18296,1.0328,1.33026,0,0,-2.84655ptc:423.612,0,1,-47.8394,3.46364,14.1206,-0.189047,0.0117724,0.0479936
423.612,1,1,47.8394,-3.46364,-14.1206,0.189047,-0.0117724,-0.0479936

orb:1,1,0.737163,1.02056,2.43542,0,0,-2.90708ptc:422.539,0,1,-48.6314,-8.83972,7.53939,-0.19137,-0.030036,0.0256177
422.539,1,1,48.6314,8.83972,-7.53939,0.19137,0.030036,-0.0256177

orb:1,1,4.93023,1.13043,2.14416,0,0,-2.56993ptc:431.583,0,1,-42.0502,-14.6743,22.7254,-0.172295,-0.0499985,0.0774306
431.583,1,1,42.0502,14.6743,-22.7254,0.172295,0.0499985,-0.0774306

orb:1,1,0.385902,1.01082,3.6931,0,0,-2.97098ptc:421.673,0,1,-49.2741,-7.23052,-4.44805,-0.193259,-0.0245625,-0.0151103
421.673,1,1,49.2741,7.23052,4.44805,0.193259,0.0245625,0.0151103

orb:1,1,4.1266,1.11022,1.12421,0,0,-2.61308ptc:430.014,0,1,-43.1778,10.8891,22.74,-0.175525,0.0370821,0.0774391
430.014,1,1,43.1778,-10.8891,-22.74,0.175525,-0.0370821,-0.0774391

orb:1,1,1.40983,1.03897,4.85573,0,0,-2.8206ptc:424.146,0,1,-47.4461,2.25356,-15.6138,-0.187896,0.00766062,-0.0530767
424.146,1,1,47.4461,-2.25356,15.6138,0.187896,-0.00766062,0.0530767

orb:1,1,2.5086,1.06836,1.03504,0,0,-2.72024ptc:426.633,0,1,-45.6268,10.4395,17.5845,-0.182596,0.035513,0.059819
426.633,1,1,45.6268,-10.4395,-17.5845,0.182596,-0.035513,-0.059819

orb:1,1,4.13977,1.11055,5.29711,0,0,-2.61233ptc:430.041,0,1,-43.1589,13.9345,-21.051,-0.17547,0.0474531,-0.0716881
430.041,1,1,43.1589,-13.9345,21.051,0.17547,-0.0474531,0.0716881

orb:1,1,1.18201,1.03277,5.81716,0,0,-2.84666ptc:423.61,0,1,-47.8411,12.9839,-6.53059,-0.189052,0.0441301,-0.0221964
423.61,1,1,47.8411,-12.9839,6.53059,0.189052,-0.0441301,0.0221964

orb:1,1,0.353512,1.00991,5.91536,0,0,-2.97822ptc:421.592,0,1,-49.3342,7.58854,-2.92437,-0.193436,0.0257782,-0.00993407
421.592,1,1,49.3342,-7.58854,2.92437,0.193436,-0.0257782,0.00993407

orb:1,1,5.16768,1.13634,0.285041,0,0,-2.5581ptc:432.034,0,1,-41.7273,26.4355,7.74612,-0.171372,0.0900856,0.0263969
432.034,1,1,41.7273,-26.4355,-7.74612,0.171372,-0.0900856,-0.0263969

orb:1,1,0.372223,1.01044,5.08026,0,0,-2.974ptc:421.639,0,1,-49.2994,2.99948,-7.78253,-0.193334,0.0101893,-0.0264375
421.639,1,1,49.2994,-2.99948,7.78253,0.193334,-0.0101893,0.0264375

orb:1,1,2.65674,1.07226,3.78674,0,0,-2.70889ptc:426.956,0,1,-45.3917,-16.7525,-12.6074,-0.181914,-0.056994,-0.0428921
426.956,1,1,45.3917,16.7525,12.6074,0.181914,0.056994,0.0428921

orb:1,1,2.93836,1.07963,3.16184,0,0,-2.68833ptc:427.562,0,1,-44.9512,-21.8906,-0.443183,-0.180638,-0.0744883,-0.00150804
427.562,1,1,44.9512,21.8906,0.443183,0.180638,0.0744883,0.00150804

orb:1,1,1.93869,1.05322,1.33004,0,0,-2.76811ptc:425.364,0,1,-46.5532,4.34968,17.7167,-0.18529,0.0147912,0.0602459
425.364,1,1,46.5532,-4.34968,-17.7167,0.18529,-0.0147912,-0.0602459

orb:1,1,4.48099,1.11918,3.99549,0,0,-2.59342ptc:430.715,0,1,-42.6738,-17.1205,-19.6427,-0.174079,-0.0583161,-0.0669071
430.715,1,1,42.6738,17.1205,19.6427,0.174079,0.0583161,0.0669071

orb:1,1,1.96849,1.05401,1.64748,0,0,-2.76542ptc:425.431,0,1,-46.5039,-1.40719,18.3142,-0.185146,-0.00478527,0.0622791
425.431,1,1,46.5039,1.40719,-18.3142,0.185146,0.00478527,-0.0622791

orb:1,1,5.26383,1.13872,1.84772,0,0,-2.55342ptc:432.215,0,1,-41.5977,-7.58465,26.6852,-0.171003,-0.0258483,0.0909424
432.215,1,1,41.5977,7.58465,-26.6852,0.171003,0.0258483,-0.0909424

orb:1,1,1.18628,1.03289,2.25485,0,0,-2.84615ptc:423.62,0,1,-47.8336,-9.19989,11.2829,-0.18903,-0.031269,0.038349
423.62,1,1,47.8336,9.19989,-11.2829,0.18903,0.031269,-0.038349

orb:1,1,1.35663,1.03753,0.111864,0,0,-2.82646ptc:424.022,0,1,-47.5378,15.4003,1.72996,-0.188164,0.0523491,0.00588051
424.022,1,1,47.5378,-15.4003,-1.72996,0.188164,-0.0523491,-0.00588051

orb:1,1,2.95196,1.07999,3.72442,0,0,-2.68737ptc:427.591,0,1,-44.9301,-18.3164,-12.0745,-0.180577,-0.062327,-0.0410871
427.591,1,1,44.9301,18.3164,12.0745,0.180577,0.062327,0.0410871

orb:1,1,4.94147,1.13071,3.16915,0,0,-2.56936ptc:431.605,0,1,-42.0348,-27.0651,-0.745998,-0.172251,-0.0922174,-0.0025418
431.605,1,1,42.0348,27.0651,0.745998,0.172251,0.0922174,0.0025418

orb:1,1,1.48509,1.04101,5.55193,0,0,-2.81251ptc:424.322,0,1,-47.317,12.0275,-10.7908,-0.187519,0.0408878,-0.0366835
424.322,1,1,47.317,-12.0275,10.7908,0.187519,-0.0408878,0.0366835

orb:1,1,4.13227,1.11036,2.63978,0,0,-2.61275ptc:430.026,0,1,-43.1696,-22.1165,12.1345,-0.175501,-0.0753161,0.0413232
430.026,1,1,43.1696,22.1165,-12.1345,0.175501,0.0753161,-0.0413232

orb:1,1,1.09983,1.03053,5.15384,0,0,-2.85674ptc:423.414,0,1,-47.9852,6.00319,-12.7037,-0.189474,0.0204028,-0.0431755
423.414,1,1,47.9852,-6.00319,12.7037,0.189474,-0.0204028,0.0431755

orb:1,1,3.71742,1.09978,5.69582,0,0,-2.6372ptc:429.188,0,1,-43.7735,20.1139,-13.3907,-0.177238,0.0684779,-0.0455886
429.188,1,1,43.7735,-20.1139,13.3907,0.177238,-0.0684779,0.0455886

orb:1,1,1.95778,1.05373,5.74845,0,0,-2.76639ptc:425.407,0,1,-46.5216,15.7654,-9.33772,-0.185198,0.0536114,-0.0317535
425.407,1,1,46.5216,-15.7654,9.33772,0.185198,-0.0536114,0.0317535

orb:1,1,0.571017,1.01596,0.540435,0,0,-2.93466ptc:422.132,0,1,-48.9333,8.80881,5.28547,-0.192257,0.0299277,0.0179573
422.132,1,1,48.9333,-8.80881,-5.28547,0.192257,-0.0299277,-0.0179573

orb:1,1,0.380557,1.01067,1.22351,0,0,-2.97215ptc:421.659,0,1,-49.284,2.86962,7.92806,-0.193288,0.00974825,0.026932
421.659,1,1,49.284,-2.86962,-7.92806,0.193288,-0.00974825,-0.026932

orb:1,1,1.62265,1.04473,1.504,0,0,-2.79831ptc:424.641,0,1,-47.0828,1.12322,16.7913,-0.186835,0.00381876,0.0570875
424.641,1,1,47.0828,-1.12322,-16.7913,0.186835,-0.00381876,-0.0570875

orb:1,1,0.198642,1.00558,5.61604,0,0,-3.01882ptc:421.203,0,1,-49.6237,4.81021,-3.78865,-0.194289,0.0163386,-0.0128687
421.203,1,1,49.6237,-4.81021,3.78865,0.194289,-0.0163386,0.0128687

orb:1,1,1.02601,1.02851,3.5663,0,0,-2.86616ptc:423.238,0,1,-48.1153,-12.3902,-5.60322,-0.189855,-0.042108,-0.0190425
423.238,1,1,48.1153,12.3902,5.60322,0.189855,0.042108,0.0190425

orb:1,1,1.32271,1.0366,2.86355,0,0,-2.83027ptc:423.942,0,1,-47.5964,-14.7279,4.20387,-0.188336,-0.0500624,0.0142896
423.942,1,1,47.5964,14.7279,-4.20387,0.188336,0.0500624,-0.0142896

orb:1,1,1.1368,1.03154,5.96377,0,0,-2.85216ptc:423.502,0,1,-47.9203,13.5487,-4.48114,-0.189284,0.0460484,-0.0152302
423.502,1,1,47.9203,-13.5487,4.48114,0.189284,-0.0460484,0.0152302

orb:1,1,5.18641,1.1368,1.36743,0,0,-2.55719ptc:432.069,0,1,-41.702,5.57129,27.0168,-0.1713,0.0189858,0.0920677
432.069,1,1,41.702,-5.57129,-27.0168,0.1713,-0.0189858,-0.0920677

orb:1,1,3.3352,1.08994,1.08116,0,0,-2.66134ptc:428.399,0,1,-44.3439,10.8641,20.3859,-0.178882,0.0369776,0.0693864
428.399,1,1,44.3439,-10.8641,-20.3859,0.178882,-0.0369776,-0.0693864

orb:1,1,0.915266,1.02547,2.782,0,0,-2.881ptc:422.972,0,1,-48.3119,-12.0585,4.53321,-0.190432,-0.0409777,0.0154049
422.972,1,1,48.3119,12.0585,-4.53321,0.190432,0.0409777,-0.0154049

orb:1,1,2.85303,1.0774,5.35605,0,0,-2.69443ptc:427.379,0,1,-45.0838,12.9752,-17.2944,-0.181022,0.044149,-0.0588454
427.379,1,1,45.0838,-12.9752,17.2944,0.181022,-0.044149,0.0588454

orb:1,1,1.40931,1.03896,0.614129,0,0,-2.82065ptc:424.145,0,1,-47.447,12.8908,9.0891,-0.187899,0.0438204,0.030897
424.145,1,1,47.447,-12.8908,-9.0891,0.187899,-0.0438204,-0.030897

orb:1,1,1.25161,1.03467,3.29174,0,0,-2.83842ptc:423.774,0,1,-47.7197,-14.7594,-2.23283,-0.188697,-0.0501672,-0.00758936
423.774,1,1,47.7197,14.7594,2.23283,0.188697,0.0501672,0.00758936

orb:1,1,0.898191,1.025,5.07254,0,0,-2.88338ptc:422.93,0,1,-48.3424,4.49952,-11.9486,-0.190521,0.0152903,-0.0406037
422.93,1,1,48.3424,-4.49952,11.9486,0.190521,-0.0152903,0.0406037

orb:1,1,2.25699,1.0617,1.23542,0,0,-2.74048ptc:426.078,0,1,-46.0314,6.42522,18.4345,-0.183771,0.0218537,0.0627001
426.078,1,1,46.0314,-6.42522,-18.4345,0.183771,-0.0218537,-0.0627001

orb:1,1,2.71604,1.07382,2.27868,0,0,-2.70445ptc:427.084,0,1,-45.2983,-13.7637,16.0819,-0.181643,-0.0468277,0.0547149
427.084,1,1,45.2983,13.7637,-16.0819,0.181643,0.0468277,-0.0547149

orb:1,1,3.85917,1.10341,5.40819,0,0,-2.62866ptc:429.477,0,1,-43.5654,15.7281,-18.833,-0.176639,0.0535513,-0.0641229
429.477,1,1,43.5654,-15.7281,18.833,0.176639,-0.0535513,0.0641229

orb:1,1,3.31034,1.0893,1.29047,0,0,-2.66297ptc:428.348,0,1,-44.3815,6.37106,22.1289,-0.178991,0.0216845,0.0753178
428.348,1,1,44.3815,-6.37106,-22.1289,0.178991,-0.0216845,-0.0753178

orb:1,1,5.34184,1.14065,2.11792,0,0,-2.54966ptc:432.361,0,1,-41.4932,-14.5137,23.8258,-0.170705,-0.0494648,0.0812017
432.361,1,1,41.4932,14.5137,-23.8258,0.170705,0.0494648,-0.0812017

orb:1,1,3.24225,1.08754,1.04704,0,0,-2.66747ptc:428.205,0,1,-44.4848,11.417,19.7676,-0.179289,0.038857,0.0672777
428.205,1,1,44.4848,-11.417,-19.7676,0.179289,-0.038857,-0.0672777

orb:1,1,0.514656,1.0144,5.81851,0,0,-2.94497ptc:421.993,0,1,-49.0366,8.73236,-4.3774,-0.19256,0.0296669,-0.0148716
421.993,1,1,49.0366,-8.73236,4.3774,0.19256,-0.0296669,0.0148716

orb:1,1,0.391206,1.01096,5.73332,0,0,-2.96983ptc:421.686,0,1,-49.2642,7.28627,-4.4659,-0.19323,0.024752,-0.015171
421.686,1,1,49.2642,-7.28627,4.4659,0.19323,-0.024752,0.015171

orb:1,1,2.25182,1.06156,5.8134,0,0,-2.74091ptc:426.066,0,1,-46.0397,17.3896,-8.8286,-0.183796,0.0591459,-0.030028
426.066,1,1,46.0397,-17.3896,8.8286,0.183796,-0.0591459,0.030028

orb:1,1,4.89655,1.12959,3.90661,0,0,-2.57164ptc:431.519,0,1,-42.0964,-19.4622,-18.6846,-0.172426,-0.0663107,-0.0636612
431.519,1,1,42.0964,19.4622,18.6846,0.172426,0.0663107,0.0636612

orb:1,1,4.3218,1.11516,4.62103,0,0,-2.60211ptc:430.402,0,1,-42.8988,-2.34324,-25.5773,-0.174724,-0.00798073,-0.0871126
430.402,1,1,42.8988,2.34324,25.5773,0.174724,0.00798073,0.0871126

orb:1,1,1.99921,1.05484,2.10859,0,0,-2.76267ptc:425.501,0,1,-46.4531,-9.47451,15.8853,-0.184998,-0.0322196,0.0540204
425.501,1,1,46.4531,9.47451,-15.8853,0.184998,0.0322196,-0.0540204

orb:1,1,2.24942,1.0615,3.92537,0,0,-2.74111ptc:426.061,0,1,-46.0436,-13.8061,-13.7613,-0.183807,-0.0469576,-0.0468053
426.061,1,1,46.0436,13.8061,13.7613,0.183807,0.0469576,0.0468053

orb:1,1,1.71532,1.04722,4.76978,0,0,-2.78913ptc:424.854,0,1,-46.9263,0.990022,-17.232,-0.186378,0.0033661,-0.0585894
424.854,1,1,46.9263,-0.990022,17.232,0.186378,-0.0033661,0.0585894

orb:1,1,5.33175,1.1404,4.19174,0,0,-2.55014ptc:432.342,0,1,-41.5067,-13.8679,-24.1842,-0.170744,-0.0472634,-0.0824228
432.342,1,1,41.5067,13.8679,24.1842,0.170744,0.0472634,0.0824228

orb:1,1,3.38068,1.09112,2.19231,0,0,-2.65838ptc:428.494,0,1,-44.2754,-13.5268,18.887,-0.178684,-0.0460419,0.0642866
428.494,1,1,44.2754,13.5268,-18.887,0.178684,0.0460419,-0.0642866

orb:1,1,0.598295,1.01672,5.24077,0,0,-2.92987ptc:422.199,0,1,-48.8835,5.29709,-9.07443,-0.19211,0.017997,-0.0308307
422.199,1,1,48.8835,-5.29709,9.07443,0.19211,-0.017997,0.0308307

orb:1,1,4.54202,1.12071,6.18296,0,0,-2.59014ptc:430.834,0,1,-42.5881,26.065,-2.62114,-0.173833,0.0887865,-0.00892852
430.834,1,1,42.5881,-26.065,2.62114,0.173833,-0.0887865,0.00892852

orb:1,1,0.82136,1.02288,1.93109,0,0,-2.89438ptc:422.744,0,1,-48.4799,-4.31349,11.4497,-0.190925,-0.0146574,0.0389065
422.744,1,1,48.4799,4.31349,-11.4497,0.190925,0.0146574,-0.0389065

orb:1,1,2.89008,1.07837,0.472429,0,0,-2.69177ptc:427.459,0,1,-45.0261,19.3592,9.89303,-0.180855,0.0658725,0.0336625
427.459,1,1,45.0261,-19.3592,-9.89303,0.180855,-0.0658725,-0.0336625

orb:1,1,3.34351,1.09016,4.82095,0,0,-2.6608ptc:428.417,0,1,-44.3314,2.50542,-22.988,-0.178846,0.00852761,-0.0782436
428.417,1,1,44.3314,-2.50542,22.988,0.178846,-0.00852761,0.0782436

orb:1,1,3.87596,1.10384,2.54227,0,0,-2.62766ptc:429.511,0,1,-43.5409,-20.2964,13.8654,-0.176568,-0.0691062,0.0472096
429.511,1,1,43.5409,20.2964,-13.8654,0.176568,0.0691062,-0.0472096

orb:1,1,0.561457,1.0157,2.80326,0,0,-2.93637ptc:422.108,0,1,-48.9508,-9.61159,3.38193,-0.192308,-0.0326549,0.0114899
422.108,1,1,48.9508,9.61159,-3.38193,0.192308,0.0326549,-0.0114899

orb:1,1,5.42766,1.14276,0.45318,0,0,-2.54557ptc:432.521,0,1,-41.3788,25.2346,12.2888,-0.170379,0.086008,0.0418844
432.521,1,1,41.3788,-25.2346,-12.2888,0.170379,-0.086008,-0.0418844

orb:1,1,3.21654,1.08687,5.13089,0,0,-2.66919ptc:428.151,0,1,-44.5239,9.24596,-20.7879,-0.179402,0.0314675,-0.070749
428.151,1,1,44.5239,-9.24596,20.7879,0.179402,-0.0314675,0.070749

orb:1,1,4.39915,1.11711,4.84049,0,0,-2.59786ptc:430.554,0,1,-42.7892,3.30448,-25.6547,-0.17441,0.0112551,-0.0873806
430.554,1,1,42.7892,-3.30448,25.6547,0.17441,-0.0112551,0.0873806

orb:1,1,1.51277,1.04176,3.49118,0,0,-2.8096ptc:424.386,0,1,-47.2697,-15.3108,-5.58174,-0.18738,-0.0520504,-0.0189755
424.386,1,1,47.2697,15.3108,5.58174,0.18738,0.0520504,0.0189755

orb:1,1,0.347578,1.00975,2.69809,0,0,-2.97958ptc:421.577,0,1,-49.3452,-7.28504,3.46087,-0.193469,-0.0247471,0.0117565
421.577,1,1,49.3452,7.28504,-3.46087,0.193469,0.0247471,-0.0117565

orb:1,1,1.92888,1.05296,3.0129,0,0,-2.76901ptc:425.341,0,1,-46.5695,-18.0507,2.33592,-0.185337,-0.0613815,0.00794332
425.341,1,1,46.5695,18.0507,-2.33592,0.185337,0.0613815,-0.00794332

orb:1,1,2.87621,1.07801,5.71635,0,0,-2.69276ptc:427.429,0,1,-45.0477,18.3026,-11.6498,-0.180917,0.0622769,-0.03964
427.429,1,1,45.0477,-18.3026,11.6498,0.180917,-0.0622769,0.03964

orb:1,1,4.66177,1.12372,5.29971,0,0,-2.58378ptc:431.067,0,1,-42.4209,14.6659,-22.0314,-0.173354,0.0499613,-0.0750525
431.067,1,1,42.4209,-14.6659,22.0314,0.173354,-0.0499613,0.0750525

orb:1,1,4.27219,1.11391,2.28599,0,0,-2.60487ptc:430.304,0,1,-42.9694,-16.7653,19.3017,-0.174926,-0.0570983,0.0657366
430.304,1,1,42.9694,16.7653,-19.3017,0.174926,0.0570983,-0.0657366

orb:1,1,3.7272,1.10003,2.29963,0,0,-2.63661ptc:429.208,0,1,-43.7591,-16.1103,18.0444,-0.177196,-0.054848,0.0614326
429.208,1,1,43.7591,16.1103,-18.0444,0.177196,0.054848,-0.0614326

orb:1,1,5.28779,1.13931,3.80549,0,0,-2.55226ptc:432.26,0,1,-41.5656,-21.8876,-17.1241,-0.170912,-0.0745934,-0.0583595
432.26,1,1,41.5656,21.8876,17.1241,0.170912,0.0745934,0.0583595

orb:1,1,0.0035969,1.0001,4.18238,0,0,-3.12502ptc:420.707,0,1,-49.9931,-0.41887,-0.714889,-0.195379,-0.00142257,-0.00242791
420.707,1,1,49.9931,0.41887,0.714889,0.195379,0.00142257,0.00242791

orb:1,1,0.98622,1.02742,6.07228,0,0,-2.87139ptc:423.142,0,1,-48.1858,13.0508,-2.79401,-0.190062,0.0443517,-0.00949516
423.142,1,1,48.1858,-13.0508,2.79401,0.190062,-0.0443517,0.00949516

orb:1,1,5.16819,1.13635,5.94465,0,0,-2.55808ptc:432.035,0,1,-41.7266,25.9844,-9.14899,-0.171371,0.0885486,-0.0311775
432.035,1,1,41.7266,-25.9844,9.14899,0.171371,-0.0885486,0.0311775

orb:1,1,3.42203,1.09219,2.64269,0,0,-2.65571ptc:428.58,0,1,-44.2131,-20.5034,11.1718,-0.178505,-0.0697902,0.038027
428.58,1,1,44.2131,20.5034,-11.1718,0.178505,0.0697902,-0.038027

orb:1,1,3.30312,1.08911,4.14473,0,0,-2.66345ptc:428.332,0,1,-44.3925,-12.3697,-19.3984,-0.179023,-0.0421013,-0.066024
428.332,1,1,44.3925,12.3697,19.3984,0.179023,0.0421013,0.066024

orb:1,1,1.91591,1.05261,4.32363,0,0,-2.77019ptc:425.312,0,1,-46.591,-6.87805,-16.792,-0.1854,-0.0233886,-0.0571009
425.312,1,1,46.591,6.87805,16.792,0.1854,0.0233886,0.0571009

orb:1,1,0.142996,1.00402,3.36544,0,0,-3.03734ptc:421.062,0,1,-49.7285,-5.07356,-1.15507,-0.194598,-0.0172325,-0.00392322
421.062,1,1,49.7285,5.07356,1.15507,0.194598,0.0172325,0.00392322

orb:1,1,5.04514,1.13329,4.79325,0,0,-2.56416ptc:431.802,0,1,-41.8934,2.20452,-27.2045,-0.171847,0.00751186,-0.0926989
431.802,1,1,41.8934,-2.20452,27.2045,0.171847,-0.00751186,0.0926989

orb:1,1,2.10108,1.05755,5.3444,0,0,-2.75371ptc:425.73,0,1,-46.2855,11.1724,-15.2587,-0.184511,0.0379959,-0.051893
425.73,1,1,46.2855,-11.1724,15.2587,0.184511,-0.0379959,0.051893

orb:1,1,1.30506,1.03612,1.21085,0,0,-2.83227ptc:423.9,0,1,-47.6269,5.36109,14.2454,-0.188425,0.0182229,0.0484218
423.9,1,1,47.6269,-5.36109,-14.2454,0.188425,-0.0182229,-0.0484218

orb:1,1,1.04148,1.02893,4.19703,0,0,-2.86416ptc:423.275,0,1,-48.088,-6.74939,-11.9159,-0.189775,-0.022938,-0.0404964
423.275,1,1,48.088,6.74939,11.9159,0.189775,0.022938,0.0404964

orb:1,1,1.94391,1.05336,1.31111,0,0,-2.76764ptc:425.376,0,1,-46.5445,4.69004,17.6524,-0.185265,0.0159487,0.0600278
425.376,1,1,46.5445,-4.69004,-17.6524,0.185265,-0.0159487,-0.0600278

orb:1,1,4.43505,1.11802,4.61729,0,0,-2.5959ptc:430.625,0,1,-42.7385,-2.46405,-25.8331,-0.174264,-0.00839281,-0.0879903
430.625,1,1,42.7385,2.46405,25.8331,0.174264,0.00839281,0.0879903

orb:1,1,2.97001,1.08046,2.93276,0,0,-2.6861ptc:427.629,0,1,-44.9022,-21.5175,4.55994,-0.180496,-0.0732203,0.0155167
427.629,1,1,44.9022,21.5175,-4.55994,0.180496,0.0732203,-0.0155167

orb:1,1,2.27479,1.06217,2.50201,0,0,-2.739ptc:426.117,0,1,-46.0025,-15.718,11.6925,-0.183687,-0.0534611,0.0397695
426.117,1,1,46.0025,15.718,-11.6925,0.183687,0.0534611,-0.0397695

orb:1,1,1.38386,1.03827,6.22483,0,0,-2.82344ptc:424.086,0,1,-47.4908,15.6139,-0.912146,-0.188027,0.053076,-0.00310065
424.086,1,1,47.4908,-15.6139,0.912146,0.188027,-0.053076,0.00310065

orb:1,1,0.873199,1.02431,4.22159,0,0,-2.8869ptc:422.87,0,1,-48.387,-5.93758,-11.1104,-0.190652,-0.0201768,-0.0377548
422.87,1,1,48.387,5.93758,11.1104,0.190652,0.0201768,0.0377548

orb:1,1,1.10622,1.0307,5.57513,0,0,-2.85594ptc:423.429,0,1,-47.974,10.7024,-9.16282,-0.189441,0.036374,-0.0311414
423.429,1,1,47.974,-10.7024,9.16282,0.189441,-0.036374,0.0311414

orb:1,1,2.17387,1.05949,2.22002,0,0,-2.74746ptc:425.893,0,1,-46.1665,-11.6079,15.294,-0.184164,-0.0394792,0.0520156
425.893,1,1,46.1665,11.6079,-15.294,0.184164,0.0394792,-0.0520156

orb:1,1,3.74463,1.10048,0.883937,0,0,-2.63555ptc:429.244,0,1,-43.7334,15.3684,18.7403,-0.177122,0.0523227,0.0638027
429.244,1,1,43.7334,-15.3684,-18.7403,0.177122,-0.0523227,-0.0638027

orb:1,1,2.44845,1.06677,4.5154,0,0,-2.72496ptc:426.501,0,1,-45.7229,-3.96021,-19.8428,-0.182875,-0.0134713,-0.0674986
426.501,1,1,45.7229,3.96021,19.8428,0.182875,0.0134713,0.0674986

orb:1,1,3.53385,1.09507,2.11792,0,0,-2.64859ptc:428.812,0,1,-44.0457,-12.3106,20.2094,-0.178022,-0.0419065,0.0687947
428.812,1,1,44.0457,12.3106,-20.2094,0.178022,0.0419065,-0.0687947

orb:1,1,0.0158854,1.00045,2.02933,0,0,-3.10677ptc:420.738,0,1,-49.9697,-0.770462,1.56083,-0.195309,-0.00261667,0.00530097
420.738,1,1,49.9697,0.770462,-1.56083,0.195309,0.00261667,-0.00530097

orb:1,1,3.0909,1.08361,0.930161,0,0,-2.6777ptc:427.886,0,1,-44.7159,13.3716,17.9357,-0.179957,0.0455049,0.0610368
427.886,1,1,44.7159,-13.3716,-17.9357,0.179957,-0.0455049,-0.0610368

orb:1,1,2.62312,1.07137,3.999,0,0,-2.71143ptc:426.883,0,1,-45.4448,-13.645,-15.7665,-0.182068,-0.0464209,-0.0536383
426.883,1,1,45.4448,13.645,15.7665,0.182068,0.0464209,0.0536383

orb:1,1,4.7834,1.12676,0.202714,0,0,-2.57744ptc:431.302,0,1,-42.2522,26.1874,5.38249,-0.172872,0.0892177,0.0183376
431.302,1,1,42.2522,-26.1874,-5.38249,0.172872,-0.0892177,-0.0183376

orb:1,1,0.594581,1.01662,3.94982,0,0,-2.93051ptc:422.19,0,1,-48.8903,-7.2365,-7.57461,-0.19213,-0.0245862,-0.025735
422.19,1,1,48.8903,7.2365,7.57461,0.19213,0.0245862,0.025735

orb:1,1,0.550598,1.0154,3.20801,0,0,-2.93833ptc:422.082,0,1,-48.9707,-10.071,-0.669859,-0.192366,-0.0342156,-0.0022758
422.082,1,1,48.9707,10.071,0.669859,0.192366,0.0342156,0.0022758

orb:1,1,3.82767,1.1026,4.12784,0,0,-2.63054ptc:429.413,0,1,-43.6115,-13.4947,-20.3944,-0.176771,-0.0459462,-0.0694377
429.413,1,1,43.6115,13.4947,20.3944,0.176771,0.0459462,0.0694377

orb:1,1,3.44754,1.09284,1.00495,0,0,-2.65407ptc:428.633,0,1,-44.1749,12.5571,19.7712,-0.178394,0.0427432,0.0672992
428.633,1,1,44.1749,-12.5571,-19.7712,0.178394,-0.0427432,-0.0672992

orb:1,1,1.83981,1.05057,1.62,0,0,-2.77723ptc:425.139,0,1,-46.7176,-0.876257,17.7959,-0.185769,-0.00297954,0.0605115
425.139,1,1,46.7176,0.876257,-17.7959,0.185769,0.00297954,-0.0605115

orb:1,1,3.10684,1.08402,3.41174,0,0,-2.67661ptc:427.92,0,1,-44.6915,-21.6072,-5.98337,-0.179886,-0.0735323,-0.0203622
427.92,1,1,44.6915,21.6072,5.98337,0.179886,0.0735323,0.0203622

orb:1,1,3.40177,1.09166,3.46063,0,0,-2.65702ptc:428.538,0,1,-44.2436,-22.1164,-7.30548,-0.178593,-0.0752797,-0.0248664
428.538,1,1,44.2436,22.1164,7.30548,0.178593,0.0752797,0.0248664

orb:1,1,3.78128,1.10142,6.11794,0,0,-2.63333ptc:429.319,0,1,-43.6795,24.0016,-4.00277,-0.176967,0.0817169,-0.013628
429.319,1,1,43.6795,-24.0016,4.00277,0.176967,-0.0817169,0.013628

orb:1,1,0.358891,1.01006,1.70382,0,0,-2.97699ptc:421.605,0,1,-49.3242,-1.08664,8.12052,-0.193407,-0.00369132,0.0275854
421.605,1,1,49.3242,1.08664,-8.12052,0.193407,0.00369132,-0.0275854

orb:1,1,3.62041,1.09729,5.844,0,0,-2.64317ptc:428.99,0,1,-43.917,21.6335,-10.1632,-0.177651,0.0736465,-0.0345985
428.99,1,1,43.917,-21.6335,10.1632,0.177651,-0.0736465,0.0345985

orb:1,1,0.0263625,1.00074,0.662898,0,0,-3.09674ptc:420.765,0,1,-49.9497,1.76691,1.37953,-0.195251,0.00600089,0.00468525
420.765,1,1,49.9497,-1.76691,-1.37953,0.195251,-0.00600089,-0.00468525

orb:1,1,5.43512,1.14295,3.60885,0,0,-2.54522ptc:432.535,0,1,-41.3688,-25.0722,-12.6494,-0.170351,-0.0854549,-0.0431136
432.535,1,1,41.3688,25.0722,12.6494,0.170351,0.0854549,0.0431136

orb:1,1,3.84979,1.10317,5.93158,0,0,-2.62922ptc:429.458,0,1,-43.5791,23.0128,-8.44231,-0.176678,0.0783538,-0.0287444
429.458,1,1,43.5791,-23.0128,8.44231,0.176678,-0.0783538,0.0287444

orb:1,1,5.14214,1.1357,0.196727,0,0,-2.55936ptc:431.986,0,1,-41.7618,26.9643,5.37411,-0.171471,0.0918862,0.0183133
431.986,1,1,41.7618,-26.9643,-5.37411,0.171471,-0.0918862,-0.0183133

orb:1,1,0.744939,1.02078,2.40331,0,0,-2.90588ptc:422.558,0,1,-48.6174,-8.63648,7.85872,-0.191328,-0.0293456,0.0267029
422.558,1,1,48.6174,8.63648,-7.85872,0.191328,0.0293456,-0.0267029

orb:1,1,0.102651,1.00289,0.704857,0,0,-3.0532ptc:420.959,0,1,-49.8048,3.36197,2.85978,-0.194823,0.0114187,0.00971304
420.959,1,1,49.8048,-3.36197,-2.85978,0.194823,-0.0114187,-0.00971304

orb:1,1,3.46595,1.09332,1.86272,0,0,-2.6529ptc:428.671,0,1,-44.1473,-6.75576,22.4807,-0.178315,-0.0229962,0.0765228
428.671,1,1,44.1473,6.75576,-22.4807,0.178315,0.0229962,-0.0765228

orb:1,1,4.41503,1.11751,3.55589,0,0,-2.59699ptc:430.585,0,1,-42.7668,-23.7123,-10.4274,-0.174345,-0.0807655,-0.0355165
430.585,1,1,42.7668,23.7123,10.4274,0.174345,0.0807655,0.0355165

orb:1,1,4.5616,1.1212,2.13632,0,0,-2.58909ptc:430.872,0,1,-42.5607,-14.0614,22.1555,-0.173755,-0.0478986,0.0754704
430.872,1,1,42.5607,14.0614,-22.1555,0.173755,0.0478986,-0.0754704

orb:1,1,2.57192,1.07003,1.21428,0,0,-2.71534ptc:426.771,0,1,-45.526,7.21514,19.3733,-0.182303,0.0245455,0.0659068
426.771,1,1,45.526,-7.21514,-19.3733,0.182303,-0.0245455,-0.0659068

orb:1,1,1.63751,1.04513,2.42829,0,0,-2.79682ptc:424.675,0,1,-47.0576,-12.7792,11.0576,-0.186761,-0.0434474,0.0375943
424.675,1,1,47.0576,12.7792,-11.0576,0.186761,0.0434474,-0.0375943

orb:1,1,0.369659,1.01036,2.30906,0,0,-2.97457ptc:421.632,0,1,-49.3042,-5.59429,6.14812,-0.193348,-0.019004,0.0208853
421.632,1,1,49.3042,5.59429,-6.14812,0.193348,0.019004,-0.0208853

orb:1,1,0.532192,1.01489,3.67897,0,0,-2.9417ptc:422.036,0,1,-49.0044,-8.52892,-5.08209,-0.192466,-0.0289761,-0.0172658
422.036,1,1,49.0044,8.52892,5.08209,0.192466,0.0289761,0.0172658

orb:1,1,2.96521,1.08033,3.75791,0,0,-2.68644ptc:427.619,0,1,-44.9096,-17.9361,-12.7053,-0.180517,-0.0610333,-0.0432338
427.619,1,1,44.9096,17.9361,12.7053,0.180517,0.0610333,0.0432338

orb:1,1,5.27719,1.13905,4.9626,0,0,-2.55277ptc:432.24,0,1,-41.5798,6.87592,-26.9043,-0.170952,0.0234332,-0.0916898
432.24,1,1,41.5798,-6.87592,26.9043,0.170952,-0.0234332,0.0916898

orb:1,1,3.0003,1.08125,0.31074,0,0,-2.68397ptc:427.694,0,1,-44.8554,21.0327,6.75451,-0.18036,0.0715721,0.0229849
427.694,1,1,44.8554,-21.0327,-6.75451,0.18036,-0.0715721,-0.0229849

orb:1,1,2.90709,1.07882,2.02794,0,0,-2.69055ptc:427.495,0,1,-44.9997,-9.62003,19.5572,-0.180778,-0.032734,0.0665471
427.495,1,1,44.9997,9.62003,-19.5572,0.180778,0.032734,-0.0665471

orb:1,1,5.48909,1.14428,3.61226,0,0,-2.54267ptc:432.635,0,1,-41.2972,-25.1227,-12.7825,-0.170147,-0.0856302,-0.043569
432.635,1,1,41.2972,25.1227,12.7825,0.170147,0.0856302,0.043569

orb:1,1,1.2047,1.03339,2.85451,0,0,-2.84395ptc:423.663,0,1,-47.8015,-14.0634,4.1521,-0.188936,-0.0477999,0.0141125
423.663,1,1,47.8015,14.0634,-4.1521,0.188936,0.0477999,-0.0141125

orb:1,1,1.01923,1.02832,5.61414,0,0,-2.86704ptc:423.221,0,1,-48.1273,10.6333,-8.40777,-0.189891,0.0361371,-0.0285736
423.221,1,1,48.1273,-10.6333,8.40777,0.189891,-0.0361371,0.0285736

orb:1,1,0.105883,1.00298,2.39414,0,0,-3.05183ptc:420.968,0,1,-49.7987,-3.2874,3.04693,-0.194805,-0.0111655,0.0103487
420.968,1,1,49.7987,3.2874,-3.04693,0.194805,0.0111655,-0.0103487

orb:1,1,3.45196,1.09296,4.81402,0,0,-2.65379ptc:428.642,0,1,-44.1682,2.37747,-23.3134,-0.178375,0.00809271,-0.0793568
428.642,1,1,44.1682,-2.37747,23.3134,0.178375,-0.00809271,0.0793568

orb:1,1,4.77791,1.12663,0.389257,0,0,-2.57773ptc:431.291,0,1,-42.2598,24.7237,10.1414,-0.172894,0.0842308,0.0345504
431.291,1,1,42.2598,-24.7237,-10.1414,0.172894,-0.0842308,-0.0345504

orb:1,1,3.43766,1.09259,0.845754,0,0,-2.65471ptc:428.613,0,1,-44.1897,15.514,17.5096,-0.178437,0.0528078,0.0596006
428.613,1,1,44.1897,-15.514,-17.5096,0.178437,-0.0528078,-0.0596006

orb:1,1,0.564208,1.01578,1.33414,0,0,-2.93588ptc:422.115,0,1,-48.9458,2.39456,9.92868,-0.192293,0.00813544,0.0337323
422.115,1,1,48.9458,-2.39456,-9.92868,0.192293,-0.00813544,-0.0337323

orb:1,1,1.12246,1.03115,1.34481,0,0,-2.85393ptc:423.468,0,1,-47.9454,3.17863,13.8251,-0.189357,0.0108032,0.0469873
423.468,1,1,47.9454,-3.17863,-13.8251,0.189357,-0.0108032,-0.0469873

orb:1,1,3.88928,1.10418,1.80724,0,0,-2.62687ptc:429.538,0,1,-43.5214,-5.76599,23.9298,-0.176512,-0.0196325,0.0814784
429.538,1,1,43.5214,5.76599,-23.9298,0.176512,0.0196325,-0.0814784

orb:1,1,5.56045,1.14603,0.152921,0,0,-2.53933ptc:432.767,0,1,-41.2028,27.9949,4.31469,-0.169878,0.0954246,0.0147072
432.767,1,1,41.2028,-27.9949,-4.31469,0.169878,-0.0954246,-0.0147072

orb:1,1,5.2285,1.13784,4.84153,0,0,-2.55513ptc:432.148,0,1,-41.6452,3.56346,-27.4404,-0.171139,0.0121439,-0.0935139
432.148,1,1,41.6452,-3.56346,27.4404,0.171139,-0.0121439,0.0935139

orb:1,1,1.47115,1.04063,5.73949,0,0,-2.81399ptc:424.29,0,1,-47.3408,13.7687,-8.32266,-0.187588,0.0468066,-0.0282927
424.29,1,1,47.3408,-13.7687,8.32266,0.187588,-0.0468066,0.0282927

orb:1,1,4.22303,1.11266,5.10995,0,0,-2.60762ptc:430.206,0,1,-43.0396,9.85267,-23.4632,-0.175128,0.0335546,-0.079907
430.206,1,1,43.0396,-9.85267,23.4632,0.175128,-0.0335546,0.079907

orb:1,1,4.50623,1.11981,0.635191,0,0,-2.59206ptc:430.764,0,1,-42.6383,21.0212,15.4946,-0.173977,0.0716038,0.0527789
430.764,1,1,42.6383,-21.0212,-15.4946,0.173977,-0.0716038,-0.0527789

orb:1,1,3.63905,1.09777,1.47858,0,0,-2.64202ptc:429.028,0,1,-43.8894,2.20563,23.8508,-0.177571,0.0075087,0.0811959
429.028,1,1,43.8894,-2.20563,-23.8508,0.177571,-0.0075087,-0.0811959

orb:1,1,1.92274,1.05279,4.45099,0,0,-2.76957ptc:425.328,0,1,-46.5796,-4.6971,-17.5577,-0.185367,-0.0159724,-0.0597049
425.328,1,1,46.5796,4.6971,17.5577,0.185367,0.0159724,0.0597049

orb:1,1,3.74846,1.10058,2.37339,0,0,-2.63531ptc:429.252,0,1,-43.7278,-17.4369,16.8474,-0.177106,-0.0593651,0.0573583
429.252,1,1,43.7278,17.4369,-16.8474,0.177106,0.0593651,-0.0573583

orb:1,1,3.52035,1.09472,0.591419,0,0,-2.64944ptc:428.784,0,1,-44.0659,19.6133,13.1725,-0.17808,0.0667648,0.0448401
428.784,1,1,44.0659,-19.6133,-13.1725,0.17808,-0.0667648,-0.0448401

orb:1,1,1.1903,1.033,1.46996,0,0,-2.84567ptc:423.629,0,1,-47.8266,1.4679,14.5073,-0.189009,0.00498918,0.0493081
423.629,1,1,47.8266,-1.4679,-14.5073,0.189009,-0.00498918,-0.0493081

orb:1,1,2.84533,1.0772,0.894134,0,0,-2.69498ptc:427.363,0,1,-45.0958,13.523,16.8374,-0.181056,0.0460129,0.05729
427.363,1,1,45.0958,-13.523,-16.8374,0.181056,-0.0460129,-0.05729

orb:1,1,3.90577,1.1046,0.726446,0,0,-2.62589ptc:429.571,0,1,-43.4974,18.4322,16.3777,-0.176443,0.0627603,0.0557649
429.571,1,1,43.4974,-18.4322,-16.3777,0.176443,-0.0627603,-0.0557649

orb:1,1,3.14918,1.08512,2.88051,0,0,-2.67373ptc:428.009,0,1,-44.6266,-21.785,5.82053,-0.179699,-0.0741392,0.0198086
428.009,1,1,44.6266,21.785,-5.82053,0.179699,0.0741392,-0.0198086

orb:1,1,1.08393,1.03009,2.90369,0,0,-2.85874ptc:423.376,0,1,-48.0132,-13.5617,3.28869,-0.189556,-0.0460911,0.011177
423.376,1,1,48.0132,13.5617,-3.28869,0.189556,0.0460911,-0.011177

orb:1,1,3.94781,1.10567,0.60202,0,0,-2.62342ptc:429.656,0,1,-43.4362,20.411,14.0245,-0.176267,0.0694997,0.0477537
429.656,1,1,43.4362,-20.411,-14.0245,0.176267,-0.0694997,-0.0477537

orb:1,1,3.87677,1.10386,4.54927,0,0,-2.62761ptc:429.512,0,1,-43.5397,-3.99199,-24.2561,-0.176565,-0.0135922,-0.0825886
429.512,1,1,43.5397,3.99199,24.2561,0.176565,0.0135922,0.0825886

orb:1,1,1.76163,1.04847,1.25603,0,0,-2.78465ptc:424.961,0,1,-46.8485,5.40877,16.6122,-0.186151,0.0183905,0.0564837
424.961,1,1,46.8485,-5.40877,-16.6122,0.186151,-0.0183905,-0.0564837

orb:1,1,4.16172,1.11111,3.32439,0,0,-2.61108ptc:430.084,0,1,-43.1274,-24.8773,-4.59889,-0.17538,-0.0847197,-0.0156615
430.084,1,1,43.1274,24.8773,4.59889,0.17538,0.0847197,0.0156615

orb:1,1,5.10163,1.1347,2.33999,0,0,-2.56136ptc:431.909,0,1,-41.8166,-19.0661,19.694,-0.171628,-0.0649696,0.0671094
431.909,1,1,41.8166,19.0661,-19.694,0.171628,0.0649696,-0.0671094

orb:1,1,2.91728,1.07908,1.09326,0,0,-2.68983ptc:427.517,0,1,-44.9839,10.0319,19.3859,-0.180732,0.0341357,0.0659646
427.517,1,1,44.9839,-10.0319,-19.3859,0.180732,-0.0341357,-0.0659646

orb:1,1,1.30734,1.03619,3.76634,0,0,-2.83201ptc:423.906,0,1,-47.623,-12.3558,-8.90976,-0.188413,-0.0419989,-0.0302853
423.906,1,1,47.623,12.3558,8.90976,0.188413,0.0419989,0.0302853

orb:1,1,0.470214,1.01316,3.59851,0,0,-2.95352ptc:421.883,0,1,-49.1183,-8.38949,-4.12439,-0.192801,-0.0285012,-0.0140116
421.883,1,1,49.1183,8.38949,4.12439,0.192801,0.0285012,0.0140116

orb:1,1,2.67329,1.07269,1.36963,0,0,-2.70764ptc:426.992,0,1,-45.3656,4.20069,20.599,-0.181838,0.0142914,0.0700811
426.992,1,1,45.3656,-4.20069,-20.599,0.181838,-0.0142914,-0.0700811

orb:1,1,3.51461,1.09457,0.480107,0,0,-2.6498ptc:428.772,0,1,-44.0745,20.941,10.9049,-0.178105,0.071284,0.0371209
428.772,1,1,44.0745,-20.941,-10.9049,0.178105,-0.071284,-0.0371209

orb:1,1,3.07636,1.08323,6.02137,0,0,-2.6787ptc:427.855,0,1,-44.7382,21.5661,-5.77891,-0.180022,0.0733908,-0.019666
427.855,1,1,44.7382,-21.5661,5.77891,0.180022,-0.0733908,0.019666

orb:1,1,4.99031,1.13193,5.95477,0,0,-2.5669ptc:431.698,0,1,-41.9681,25.7261,-8.76624,-0.17206,0.0876581,-0.0298697
431.698,1,1,41.9681,-25.7261,8.76624,0.17206,-0.0876581,0.0298697

orb:1,1,3.48896,1.09391,2.95468,0,0,-2.65143ptc:428.719,0,1,-44.1128,-23.1285,4.37404,-0.178216,-0.0787292,0.0148892
428.719,1,1,44.1128,23.1285,-4.37404,0.178216,0.0787292,-0.0148892

orb:1,1,1.45497,1.04019,4.61418,0,0,-2.81572ptc:424.252,0,1,-47.3686,-1.56952,-15.9297,-0.187669,-0.00533548,-0.0541522
424.252,1,1,47.3686,1.56952,15.9297,0.187669,0.00533548,0.0541522

orb:1,1,5.4464,1.14323,0.498241,0,0,-2.54468ptc:432.556,0,1,-41.3538,24.6876,13.4306,-0.170308,0.0841449,0.0457766
432.556,1,1,41.3538,-24.6876,-13.4306,0.170308,-0.0841449,-0.0457766

orb:1,1,5.14649,1.13581,0.122609,0,0,-2.55914ptc:431.994,0,1,-41.7559,27.2971,3.36374,-0.171454,0.0930205,0.0114626
431.994,1,1,41.7559,-27.2971,-3.36374,0.171454,-0.0930205,-0.0114626

orb:1,1,3.30751,1.08923,6.03476,0,0,-2.66316ptc:428.342,0,1,-44.3858,22.3129,-5.65995,-0.179003,0.0759438,-0.0192641
428.342,1,1,44.3858,-22.3129,5.65995,0.179003,-0.0759438,0.0192641

orb:1,1,3.74659,1.10053,0.630915,0,0,-2.63543ptc:429.248,0,1,-43.7305,19.5746,14.2995,-0.177114,0.0666429,0.0486838
429.248,1,1,43.7305,-19.5746,-14.2995,0.177114,-0.0666429,-0.0486838

orb:1,1,4.11717,1.10998,2.31905,0,0,-2.61361ptc:429.996,0,1,-43.1913,-17.1379,18.4608,-0.175563,-0.0583614,0.0628663
429.996,1,1,43.1913,17.1379,-18.4608,0.175563,0.0583614,-0.0628663

orb:1,1,3.48364,1.09377,3.23225,0,0,-2.65177ptc:428.708,0,1,-44.1208,-23.427,-2.12955,-0.178238,-0.0797449,-0.00724896
428.708,1,1,44.1208,23.427,2.12955,0.178238,0.0797449,0.00724896

orb:1,1,3.80408,1.102,3.29072,0,0,-2.63196ptc:429.365,0,1,-43.6461,-24.1223,-3.62424,-0.176871,-0.0821291,-0.0123395
429.365,1,1,43.6461,24.1223,3.62424,0.176871,0.0821291,0.0123395

orb:1,1,1.05867,1.0294,5.93514,0,0,-2.86195ptc:423.316,0,1,-48.0577,12.9732,-4.70691,-0.189686,0.0440904,-0.0159967
423.316,1,1,48.0577,-12.9732,4.70691,0.189686,-0.0440904,0.0159967

orb:1,1,2.0914,1.0573,4.94438,0,0,-2.75455ptc:425.708,0,1,-46.3014,4.33917,-18.3671,-0.184557,0.0147569,-0.062464
425.708,1,1,46.3014,-4.33917,18.3671,0.184557,-0.0147569,0.062464

orb:1,1,4.41955,1.11763,5.05437,0,0,-2.59675ptc:430.594,0,1,-42.7604,8.6904,-24.4136,-0.174327,0.0296002,-0.0831546
430.594,1,1,42.7604,-8.6904,24.4136,0.174327,-0.0296002,0.0831546

orb:1,1,5.63264,1.14781,3.94093,0,0,-2.53598ptc:432.9,0,1,-41.1076,-19.8442,-20.4051,-0.169608,-0.067645,-0.0695571
432.9,1,1,41.1076,19.8442,20.4051,0.169608,0.067645,0.0695571

orb:1,1,1.58972,1.04384,4.26485,0,0,-2.80165ptc:424.565,0,1,-47.1386,-7.21473,-15.0298,-0.186998,-0.0245283,-0.0510976
424.565,1,1,47.1386,7.21473,15.0298,0.186998,0.0245283,0.0510976

orb:1,1,2.0237,1.05549,0.0303637,0,0,-2.76049ptc:425.556,0,1,-46.4127,18.5887,0.564596,-0.184881,0.0632149,0.00192003
425.556,1,1,46.4127,-18.5887,-0.564596,0.184881,-0.0632149,-0.00192003

orb:1,1,3.20908,1.08668,1.18739,0,0,-2.66969ptc:428.135,0,1,-44.5352,8.50262,21.0788,-0.179435,0.0289375,0.071739
428.135,1,1,44.5352,-8.50262,-21.0788,0.179435,-0.0289375,-0.071739

orb:1,1,4.95578,1.13107,5.71994,0,0,-2.56864ptc:431.632,0,1,-42.0153,22.9186,-14.4726,-0.172195,0.07809,-0.0493123
431.632,1,1,42.0153,-22.9186,14.4726,0.172195,-0.07809,0.0493123

orb:1,1,2.15983,1.05912,4.75489,0,0,-2.74866ptc:425.861,0,1,-46.1895,0.81335,-19.1278,-0.184231,0.00276622,-0.065054
425.861,1,1,46.1895,-0.81335,19.1278,0.184231,-0.00276622,0.065054

orb:1,1,2.54604,1.06934,1.77207,0,0,-2.71733ptc:426.715,0,1,-45.5671,-4.1148,20.1669,-0.182423,-0.0139981,0.0686055
426.715,1,1,45.5671,4.1148,-20.1669,0.182423,0.0139981,-0.0686055

orb:1,1,1.78123,1.049,5.24618,0,0,-2.78277ptc:425.005,0,1,-46.8156,8.93373,-15.1158,-0.186055,0.0303762,-0.0513963
425.005,1,1,46.8156,-8.93373,15.1158,0.186055,-0.0303762,0.0513963

orb:1,1,3.14315,1.08497,5.28306,0,0,-2.67414ptc:427.996,0,1,-44.6359,12.1712,-18.9605,-0.179726,0.0414212,-0.0645268
427.996,1,1,44.6359,-12.1712,18.9605,0.179726,-0.0414212,0.0645268

orb:1,1,2.93731,1.07961,5.04607,0,0,-2.6884ptc:427.56,0,1,-44.9528,7.16998,-20.6842,-0.180642,0.0243977,-0.0703834
427.56,1,1,44.9528,-7.16998,20.6842,0.180642,-0.0243977,0.0703834

orb:1,1,2.34956,1.06415,0.849964,0,0,-2.73288ptc:426.283,0,1,-45.8817,13.1153,14.9285,-0.183336,0.0446109,0.0507783
426.283,1,1,45.8817,-13.1153,-14.9285,0.183336,-0.0446109,-0.0507783

orb:1,1,2.9046,1.07875,6.1321,0,0,-2.69073ptc:427.49,0,1,-45.0035,21.539,-3.27929,-0.180789,0.0732903,-0.0111584
427.49,1,1,45.0035,-21.539,3.27929,0.180789,-0.0732903,0.0111584

orb:1,1,4.96414,1.13128,5.73439,0,0,-2.56822ptc:431.648,0,1,-42.0038,23.1404,-14.1492,-0.172162,0.0788463,-0.0482106
431.648,1,1,42.0038,-23.1404,14.1492,0.172162,-0.0788463,0.0482106

orb:1,1,3.88469,1.10406,4.76838,0,0,-2.62714ptc:429.528,0,1,-43.5281,1.37694,-24.5643,-0.176532,0.00468831,-0.0836384
429.528,1,1,43.5281,-1.37694,24.5643,0.176532,-0.00468831,0.0836384

orb:1,1,5.20955,1.13737,4.34074,0,0,-2.55606ptc:432.113,0,1,-41.6708,-10.0348,-25.7459,-0.171211,-0.0341972,-0.087738
432.113,1,1,41.6708,10.0348,25.7459,0.171211,0.0341972,0.087738

orb:1,1,0.874325,1.02434,1.55666,0,0,-2.88674ptc:422.873,0,1,-48.385,0.178189,12.6039,-0.190646,0.000605514,0.0428301
422.873,1,1,48.385,-0.178189,-12.6039,0.190646,-0.000605514,-0.0428301

orb:1,1,2.41359,1.06585,1.98406,0,0,-2.72773ptc:426.424,0,1,-45.7787,-8.07508,18.4147,-0.183037,-0.0274681,0.0626391
426.424,1,1,45.7787,8.07508,-18.4147,0.183037,0.0274681,-0.0626391

orb:1,1,3.99907,1.10697,2.76023,0,0,-2.62042ptc:429.759,0,1,-43.3618,-23.1063,9.26543,-0.176053,-0.0786802,0.03155
429.759,1,1,43.3618,23.1063,-9.26543,0.176053,0.0786802,-0.03155

orb:1,1,0.120005,1.00338,5.77253,0,0,-3.04605ptc:421.003,0,1,-49.772,4.16138,-2.33129,-0.194726,0.014134,-0.00791816
421.003,1,1,49.772,-4.16138,2.33129,0.194726,-0.014134,0.00791816

orb:1,1,3.32471,1.08967,2.64976,0,0,-2.66203ptc:428.378,0,1,-44.3598,-20.3351,10.8945,-0.178928,-0.0692131,0.0370808
428.378,1,1,44.3598,20.3351,-10.8945,0.178928,0.0692131,-0.0370808

orb:1,1,5.25318,1.13845,1.06503,0,0,-2.55393ptc:432.195,0,1,-41.6121,13.4301,24.2501,-0.171044,0.0457691,0.0826432
432.195,1,1,41.6121,-13.4301,-24.2501,0.171044,-0.0457691,-0.0826432

orb:1,1,1.60343,1.04421,5.72359,0,0,-2.80025ptc:424.597,0,1,-47.1154,14.1844,-8.88501,-0.18693,0.0482238,-0.030207
424.597,1,1,47.1154,-14.1844,8.88501,0.18693,-0.0482238,0.030207

orb:1,1,1.6978,1.04675,2.19746,0,0,-2.79085ptc:424.814,0,1,-46.9558,-10.0751,13.9156,-0.186464,-0.0342551,0.047313
424.814,1,1,46.9558,10.0751,-13.9156,0.186464,0.0342551,-0.047313

orb:1,1,0.138823,1.0039,2.54345,0,0,-3.03886ptc:421.051,0,1,-49.7364,-4.23727,2.88735,-0.194621,-0.014392,0.00980693
421.051,1,1,49.7364,4.23727,-2.88735,0.194621,0.014392,-0.00980693

orb:1,1,3.71083,1.09961,0.587688,0,0,-2.63761ptc:429.175,0,1,-43.7832,20.0949,13.3875,-0.177266,0.0684128,0.0455775
429.175,1,1,43.7832,-20.0949,-13.3875,0.177266,-0.0684128,-0.0455775

orb:1,1,2.81317,1.07636,4.55959,0,0,-2.69731ptc:427.294,0,1,-45.146,-3.27085,-21.2401,-0.181202,-0.011129,-0.072269
427.294,1,1,45.146,3.27085,21.2401,0.181202,0.011129,0.072269

orb:1,1,2.67626,1.07277,4.74576,0,0,-2.70742ptc:426.998,0,1,-45.3609,0.70182,-21.0213,-0.181825,0.00238771,-0.0715182
426.998,1,1,45.3609,-0.70182,21.0213,0.181825,-0.00238771,0.0715182

orb:1,1,1.27066,1.03519,1.29434,0,0,-2.83621ptc:423.819,0,1,-47.6866,4.10322,14.462,-0.1886,0.013947,0.0491569
423.819,1,1,47.6866,-4.10322,-14.462,0.1886,-0.013947,-0.0491569

orb:1,1,4.71331,1.12501,0.493022,0,0,-2.58108ptc:431.167,0,1,-42.3492,23.4153,12.5805,-0.173149,0.0797696,0.0428583
431.167,1,1,42.3492,-23.4153,-12.5805,0.173149,-0.0797696,-0.0428583

orb:1,1,1.05067,1.02918,0.0203338,0,0,-2.86297ptc:423.297,0,1,-48.0718,13.7486,0.2796,-0.189728,0.0467253,0.000950235
423.297,1,1,48.0718,-13.7486,-0.2796,0.189728,-0.0467253,-0.000950235

orb:1,1,2.09439,1.05738,2.57758,0,0,-2.75429ptc:425.715,0,1,-46.2965,-15.9598,10.0954,-0.184543,-0.0542772,0.0343332
425.715,1,1,46.2965,15.9598,-10.0954,0.184543,0.0542772,-0.0343332

orb:1,1,0.28752,1.00807,1.59856,0,0,-2.9941ptc:421.426,0,1,-49.4571,-0.203973,7.34517,-0.193798,-0.000692864,0.0249504
421.426,1,1,49.4571,0.203973,-7.34517,0.193798,0.000692864,-0.0249504

orb:1,1,2.40166,1.06553,1.24949,0,0,-2.72868ptc:426.398,0,1,-45.7979,6.33621,19.037,-0.183093,0.021553,0.0647553
426.398,1,1,45.7979,-6.33621,-19.037,0.183093,-0.021553,-0.0647553

orb:1,1,1.09452,1.03038,4.06167,0,0,-2.85741ptc:423.402,0,1,-47.9945,-8.49194,-11.154,-0.189501,-0.0288611,-0.0379084
423.402,1,1,47.9945,8.49194,11.154,0.189501,0.0288611,0.0379084

orb:1,1,0.189411,1.00532,4.72351,0,0,-3.02169ptc:421.179,0,1,-49.641,0.0664875,-5.9803,-0.19434,0.000225833,-0.0203128
421.179,1,1,49.641,-0.0664875,5.9803,0.19434,-0.000225833,0.0203128

orb:1,1,5.63375,1.14784,5.3191,0,0,-2.53593ptc:432.902,0,1,-41.1062,16.23,-23.3852,-0.169603,0.055325,-0.0797157
432.902,1,1,41.1062,-16.23,23.3852,0.169603,-0.055325,0.0797157

orb:1,1,1.42741,1.03945,2.05238,0,0,-2.81869ptc:424.187,0,1,-47.4159,-7.3489,14.0616,-0.187808,-0.0249817,0.0478009
424.187,1,1,47.4159,7.3489,-14.0616,0.187808,0.0249817,-0.0478009

orb:1,1,3.25237,1.0878,5.72819,0,0,-2.6668ptc:428.226,0,1,-44.4694,19.4268,-12.0446,-0.179245,0.0661183,-0.0409932
428.226,1,1,44.4694,-19.4268,12.0446,0.179245,-0.0661183,0.0409932

orb:1,1,2.11625,1.05796,5.01151,0,0,-2.7524ptc:425.764,0,1,-46.2607,5.59074,-18.1298,-0.184438,0.0190137,-0.0616582
425.764,1,1,46.2607,-5.59074,18.1298,0.184438,-0.0190137,0.0616582

orb:1,1,3.68987,1.09908,2.11804,0,0,-2.63889ptc:429.132,0,1,-43.8142,-12.5348,20.5718,-0.177355,-0.0426739,0.0700355
429.132,1,1,43.8142,12.5348,-20.5718,0.177355,0.0426739,-0.0700355

orb:1,1,0.847361,1.0236,4.40606,0,0,-2.8906ptc:422.807,0,1,-48.4333,-3.74496,-11.8404,-0.190788,-0.0127257,-0.0402347
422.807,1,1,48.4333,3.74496,11.8404,0.190788,0.0127257,0.0402347

orb:1,1,1.18689,1.03291,1.05154,0,0,-2.84607ptc:423.621,0,1,-47.8326,7.22606,12.6424,-0.189027,0.0245603,0.0429694
423.621,1,1,47.8326,-7.22606,-12.6424,0.189027,-0.0245603,-0.0429694

orb:1,1,3.16702,1.08559,0.252199,0,0,-2.67252ptc:428.047,0,1,-44.5994,21.888,5.6402,-0.17962,0.0744907,0.0191951
428.047,1,1,44.5994,-21.888,-5.6402,0.17962,-0.0744907,-0.0191951

orb:1,1,3.02717,1.08195,6.13418,0,0,-2.6821ptc:427.751,0,1,-44.8139,21.9289,-3.29188,-0.180241,0.0746231,-0.0112021
427.751,1,1,44.8139,-21.9289,3.29188,0.180241,-0.0746231,0.0112021

orb:1,1,5.09116,1.13444,0.427603,0,0,-2.56187ptc:431.889,0,1,-41.8308,24.9233,11.3582,-0.171668,0.0849284,0.0387039
431.889,1,1,41.8308,-24.9233,-11.3582,0.171668,-0.0849284,-0.0387039

orb:1,1,3.70552,1.09948,5.02712,0,0,-2.63793ptc:429.164,0,1,-43.7911,7.47028,-22.9464,-0.177288,0.0254324,-0.0781205
429.164,1,1,43.7911,-7.47028,22.9464,0.177288,-0.0254324,0.0781205

orb:1,1,2.77548,1.07537,2.19028,0,0,-2.70006ptc:427.212,0,1,-45.205,-12.4055,17.3958,-0.181373,-0.0422084,0.0591874
427.212,1,1,45.205,12.4055,-17.3958,0.181373,0.0422084,-0.0591874

orb:1,1,0.550904,1.01541,5.71899,0,0,-2.93828ptc:422.082,0,1,-48.9701,8.53132,-5.39865,-0.192365,0.0289846,-0.0183415
422.082,1,1,48.9701,-8.53132,5.39865,0.192365,-0.0289846,0.0183415

orb:1,1,1.5717,1.04335,4.18417,0,0,-2.80349ptc:424.523,0,1,-47.1693,-8.35874,-14.3245,-0.187087,-0.0284172,-0.0486991
424.523,1,1,47.1693,8.35874,14.3245,0.187087,0.0284172,0.0486991

orb:1,1,5.46383,1.14366,4.17938,0,0,-2.54386ptc:432.588,0,1,-41.3307,-14.2979,-24.2352,-0.170242,-0.0487332,-0.0826039
432.588,1,1,41.3307,14.2979,24.2352,0.170242,0.0487332,0.0826039

orb:1,1,5.07314,1.13399,6.15304,0,0,-2.56277ptc:431.855,0,1,-41.8553,27.1207,-3.5497,-0.171738,0.092415,-0.0120958
431.855,1,1,41.8553,-27.1207,3.5497,0.171738,-0.092415,0.0120958

orb:1,1,0.821734,1.02289,4.1832,0,0,-2.89432ptc:422.745,0,1,-48.4792,-6.17808,-10.564,-0.190923,-0.0209933,-0.0358969
422.745,1,1,48.4792,6.17808,10.564,0.190923,0.0209933,0.0358969

orb:1,1,1.25483,1.03476,2.80393,0,0,-2.83805ptc:423.782,0,1,-47.7141,-14.1013,4.95109,-0.18868,-0.0479304,0.0168288
423.782,1,1,47.7141,14.1013,-4.95109,0.18868,0.0479304,-0.0168288

orb:1,1,2.99622,1.08114,1.36984,0,0,-2.68426ptc:427.685,0,1,-44.8617,4.40685,21.6336,-0.180379,0.014996,0.0736166
427.685,1,1,44.8617,-4.40685,-21.6336,0.180379,-0.014996,-0.0736166

orb:1,1,3.48764,1.09388,4.08054,0,0,-2.65151ptc:428.716,0,1,-44.1148,-13.9006,-18.991,-0.178221,-0.0473176,-0.0646452
428.716,1,1,44.1148,13.9006,18.991,0.178221,0.0473176,0.0646452

orb:1,1,4.58469,1.12178,1.17944,0,0,-2.58786ptc:430.917,0,1,-42.5284,10.0294,24.3053,-0.173662,0.0341646,0.0827948
430.917,1,1,42.5284,-10.0294,-24.3053,0.173662,-0.0341646,-0.0827948

orb:1,1,1.97614,1.05422,3.54358,0,0,-2.76473ptc:425.448,0,1,-46.4912,-16.9334,-7.19911,-0.185109,-0.0575839,-0.0244814
425.448,1,1,46.4912,16.9334,7.19911,0.185109,0.0575839,0.0244814

orb:1,1,4.797,1.12711,2.77948,0,0,-2.57674ptc:431.328,0,1,-42.2334,-25.0288,9.48144,-0.172818,-0.0852712,0.0323026
431.328,1,1,42.2334,25.0288,-9.48144,0.172818,0.0852712,-0.0323026

orb:1,1,1.63386,1.04503,4.95397,0,0,-2.79719ptc:424.667,0,1,-47.0638,4.03883,-16.3916,-0.186779,0.0137314,-0.055729
424.667,1,1,47.0638,-4.03883,16.3916,0.186779,-0.0137314,0.055729

orb:1,1,0.971195,1.027,0.662283,0,0,-2.87339ptc:423.106,0,1,-48.2125,10.4487,8.14759,-0.19014,0.0355086,0.0276885
423.106,1,1,48.2125,-10.4487,-8.14759,0.19014,-0.0355086,-0.0276885

orb:1,1,2.32965,1.06363,5.18153,0,0,-2.7345ptc:426.239,0,1,-45.9138,8.95059,-17.6581,-0.18343,0.0304445,-0.0600622
426.239,1,1,45.9138,-8.95059,17.6581,0.18343,-0.0304445,0.0600622

orb:1,1,3.36056,1.0906,4.67534,0,0,-2.65969ptc:428.452,0,1,-44.3057,-0.858451,-23.1575,-0.178772,-0.00292191,-0.0788213
428.452,1,1,44.3057,0.858451,23.1575,0.178772,0.00292191,0.0788213

orb:1,1,1.61772,1.04459,2.55378,0,0,-2.79881ptc:424.63,0,1,-47.0911,-13.9848,9.31929,-0.186859,-0.0475457,0.0316838
424.63,1,1,47.0911,13.9848,-9.31929,0.186859,0.0475457,-0.0316838

orb:1,1,3.38832,1.09132,5.58612,0,0,-2.65789ptc:428.51,0,1,-44.2638,17.8289,-14.9279,-0.178651,0.0606853,-0.0508112
428.51,1,1,44.2638,-17.8289,14.9279,0.178651,-0.0606853,0.0508112

orb:1,1,3.80813,1.1021,5.10932,0,0,-2.63171ptc:429.373,0,1,-43.6401,9.43432,-22.5063,-0.176854,0.0321211,-0.0766273
429.373,1,1,43.6401,-9.43432,22.5063,0.176854,-0.0321211,0.0766273

orb:1,1,0.80855,1.02253,5.77859,0,0,-2.89626ptc:422.713,0,1,-48.5029,10.6303,-5.87093,-0.190992,0.0361218,-0.0199494
422.713,1,1,48.5029,-10.6303,5.87093,0.190992,-0.0361218,0.0199494

orb:1,1,4.72407,1.12528,4.65493,0,0,-2.58052ptc:431.187,0,1,-42.3343,-1.52796,-26.5607,-0.173107,-0.0052054,-0.090486
431.187,1,1,42.3343,1.52796,26.5607,0.173107,0.0052054,0.090486

orb:1,1,4.37074,1.1164,5.18045,0,0,-2.59942ptc:430.498,0,1,-42.8294,11.6398,-23.0251,-0.174525,0.0396449,-0.0784226
430.498,1,1,42.8294,-11.6398,23.0251,0.174525,-0.0396449,0.0784226

orb:1,1,4.61015,1.12242,5.22479,0,0,-2.58651ptc:430.967,0,1,-42.4928,12.9191,-22.9665,-0.17356,0.044009,-0.0782354
430.967,1,1,42.4928,-12.9191,22.9665,0.17356,-0.044009,0.0782354

orb:1,1,4.23689,1.11301,0.811519,0,0,-2.60684ptc:430.234,0,1,-43.0198,17.5413,18.4825,-0.175071,0.0597398,0.0629452
430.234,1,1,43.0198,-17.5413,-18.4825,0.175071,-0.0597398,-0.0629452

orb:1,1,1.5805,1.04359,4.1356,0,0,-2.80259ptc:424.544,0,1,-47.1543,-9.06753,-13.9374,-0.187043,-0.0308271,-0.0473834
424.544,1,1,47.1543,9.06753,13.9374,0.187043,0.0308271,0.0473834

orb:1,1,2.87132,1.07788,1.76937,0,0,-2.69311ptc:427.418,0,1,-45.0553,-4.27676,21.2539,-0.180939,-0.0145521,0.0723188
427.418,1,1,45.0553,4.27676,-21.2539,0.180939,0.0145521,-0.0723188

orb:1,1,4.28454,1.11422,4.24565,0,0,-2.60418ptc:430.328,0,1,-42.9518,-11.5174,-22.858,-0.174876,-0.0392256,-0.0778493
430.328,1,1,42.9518,11.5174,22.858,0.174876,0.0392256,0.0778493

orb:1,1,1.36199,1.03767,4.32654,0,0,-2.82586ptc:424.034,0,1,-47.5285,-5.84299,-14.3841,-0.188137,-0.0198617,-0.0488949
424.034,1,1,47.5285,5.84299,14.3841,0.188137,0.0198617,0.0488949

orb:1,1,4.94337,1.13076,2.13802,0,0,-2.56927ptc:431.608,0,1,-42.0322,-14.5495,22.8386,-0.172243,-0.0495739,0.077817
431.608,1,1,42.0322,14.5495,-22.8386,0.172243,0.0495739,-0.077817

orb:1,1,3.64272,1.09787,2.40384,0,0,-2.64179ptc:429.036,0,1,-43.8839,-17.7318,16.1178,-0.177556,-0.0603651,0.0548705
429.036,1,1,43.8839,17.7318,-16.1178,0.177556,0.0603651,-0.0548705

orb:1,1,1.42475,1.03938,1.70314,0,0,-2.81897ptc:424.181,0,1,-47.4204,-2.09186,15.7139,-0.187821,-0.00711103,0.0534175
424.181,1,1,47.4204,2.09186,-15.7139,0.187821,0.00711103,-0.0534175

orb:1,1,3.09687,1.08376,3.9916,0,0,-2.67729ptc:427.899,0,1,-44.7068,-14.7768,-16.8212,-0.179931,-0.050287,-0.0572446
427.899,1,1,44.7068,14.7768,16.8212,0.179931,0.050287,0.0572446

orb:1,1,3.2264,1.08713,5.49163,0,0,-2.66853ptc:428.172,0,1,-44.5089,16.0088,-16.2073,-0.179359,0.0544845,-0.05516
428.172,1,1,44.5089,-16.0088,16.2073,0.179359,-0.0544845,0.05516

orb:1,1,2.35328,1.06425,6.01792,0,0,-2.73258ptc:426.291,0,1,-45.8757,19.1896,-5.21318,-0.183319,0.0652726,-0.0177324
426.291,1,1,45.8757,-19.1896,5.21318,0.183319,-0.0652726,0.0177324

orb:1,1,0.965596,1.02685,4.20605,0,0,-2.87414ptc:423.093,0,1,-48.2224,-6.40829,-11.5557,-0.190169,-0.0217776,-0.0392704
423.093,1,1,48.2224,6.40829,11.5557,0.190169,0.0217776,0.0392704

orb:1,1,0.599144,1.01674,2.90464,0,0,-2.92972ptc:422.201,0,1,-48.8819,-10.2207,2.46823,-0.192106,-0.0347254,0.00838591
422.201,1,1,48.8819,10.2207,-2.46823,0.192106,0.0347254,-0.00838591

orb:1,1,4.49055,1.11942,1.10256,0,0,-2.5929ptc:430.733,0,1,-42.6604,11.7696,23.2716,-0.17404,0.0400901,0.0792687
430.733,1,1,42.6604,-11.7696,-23.2716,0.17404,-0.0400901,-0.0792687

orb:1,1,2.48407,1.06771,2.11518,0,0,-2.72215ptc:426.579,0,1,-45.6659,-10.5454,17.4189,-0.18271,-0.0358727,0.0592548
426.579,1,1,45.6659,10.5454,-17.4189,0.18271,0.0358727,-0.0592548

orb:1,1,2.75503,1.07484,3.87559,0,0,-2.70157ptc:427.168,0,1,-45.237,-15.8139,-14.2665,-0.181466,-0.0538044,-0.0485396
427.168,1,1,45.237,15.8139,14.2665,0.181466,0.0538044,0.0485396

orb:1,1,1.37628,1.03806,4.74689,0,0,-2.82428ptc:424.068,0,1,-47.5038,0.538064,-15.5915,-0.188065,0.00182902,-0.0529997
424.068,1,1,47.5038,-0.538064,15.5915,0.188065,-0.00182902,0.0529997

orb:1,1,1.6998,1.04681,4.01884,0,0,-2.79065ptc:424.819,0,1,-46.9524,-10.9885,-13.2182,-0.186454,-0.037361,-0.0449418
424.819,1,1,46.9524,10.9885,13.2182,0.186454,0.037361,0.0449418

orb:1,1,4.70817,1.12488,2.44739,0,0,-2.58135ptc:431.157,0,1,-42.3564,-20.4204,16.9984,-0.17317,-0.0695666,0.0579089
431.157,1,1,42.3564,20.4204,-16.9984,0.17317,0.0695666,-0.0579089

orb:1,1,4.07955,1.10902,2.97184,0,0,-2.61577ptc:429.92,0,1,-43.2455,-24.7356,4.23966,-0.175719,-0.0842326,0.0144374
429.92,1,1,43.2455,24.7356,-4.23966,0.175719,0.0842326,-0.0144374

orb:1,1,0.296892,1.00833,4.23199,0,0,-2.99174ptc:421.45,0,1,-49.4396,-3.44974,-6.61986,-0.193747,-0.0117183,-0.0224868
421.45,1,1,49.4396,3.44974,6.61986,0.193747,0.0117183,0.0224868

orb:1,1,4.83477,1.12805,5.74652,0,0,-2.5748ptc:431.401,0,1,-42.1813,23.0724,-13.7258,-0.172669,0.078608,-0.0467639
431.401,1,1,42.1813,-23.0724,13.7258,0.172669,-0.078608,0.0467639

orb:1,1,2.43938,1.06653,4.36074,0,0,-2.72568ptc:426.481,0,1,-45.7374,-6.95819,-18.9651,-0.182917,-0.0236693,-0.0645125
426.481,1,1,45.7374,6.95819,18.9651,0.182917,0.0236693,0.0645125

orb:1,1,0.991654,1.02757,3.71466,0,0,-2.87067ptc:423.155,0,1,-48.1762,-11.2434,-7.25551,-0.190034,-0.0382098,-0.0246572
423.155,1,1,48.1762,11.2434,7.25551,0.190034,0.0382098,0.0246572

orb:1,1,2.00835,1.05508,0.362888,0,0,-2.76185ptc:425.521,0,1,-46.438,17.327,6.57914,-0.184955,0.0589236,0.0223735
425.521,1,1,46.438,-17.327,-6.57914,0.184955,-0.0589236,-0.0223735

orb:1,1,2.51862,1.06862,1.10715,0,0,-2.71946ptc:426.655,0,1,-45.6108,9.16143,18.3228,-0.18255,0.0311655,0.0623309
426.655,1,1,45.6108,-9.16143,-18.3228,0.18255,-0.0311655,-0.0623309

orb:1,1,4.58322,1.12175,5.40054,0,0,-2.58794ptc:430.914,0,1,-42.5304,16.6971,-20.3069,-0.173668,0.0568778,-0.0691742
430.914,1,1,42.5304,-16.6971,20.3069,0.173668,-0.0568778,0.0691742

orb:1,1,1.03625,1.02879,5.42341,0,0,-2.86483ptc:423.262,0,1,-48.0972,8.91606,-10.3517,-0.189802,0.0303013,-0.0351805
423.262,1,1,48.0972,-8.91606,10.3517,0.189802,-0.0303013,0.0351805

orb:1,1,1.97997,1.05432,2.35192,0,0,-2.76439ptc:425.457,0,1,-46.4849,-12.9665,13.0777,-0.185091,-0.044094,0.0444723
425.457,1,1,46.4849,12.9665,-13.0777,0.185091,0.044094,-0.0444723

orb:1,1,0.633721,1.0177,6.15161,0,0,-2.92381ptc:422.286,0,1,-48.8189,10.7099,-1.41733,-0.19192,0.0363881,-0.00481555
422.286,1,1,48.8189,-10.7099,1.41733,0.19192,-0.0363881,0.00481555

orb:1,1,2.09218,1.05732,5.54119,0,0,-2.75448ptc:425.71,0,1,-46.3001,13.9138,-12.7555,-0.184553,0.0473191,-0.0433796
425.71,1,1,46.3001,-13.9138,12.7555,0.184553,-0.0473191,0.0433796

orb:1,1,0.409149,1.01146,5.49199,0,0,-2.96598ptc:421.731,0,1,-49.231,6.14091,-6.21255,-0.193132,0.0208614,-0.0211048
421.731,1,1,49.231,-6.14091,6.21255,0.193132,-0.0208614,0.0211048

orb:1,1,4.42537,1.11777,6.00952,0,0,-2.59643ptc:430.606,0,1,-42.7522,24.9629,-7.00741,-0.174303,0.0850259,-0.0238679
430.606,1,1,42.7522,-24.9629,7.00741,0.174303,-0.0850259,0.0238679

orb:1,1,1.79371,1.04933,3.40462,0,0,-2.78158ptc:425.034,0,1,-46.7947,-17.0083,-4.57981,-0.185994,-0.0578316,-0.0155723
425.034,1,1,46.7947,17.0083,4.57981,0.185994,0.0578316,0.0155723

orb:1,1,3.47122,1.09345,4.88462,0,0,-2.65256ptc:428.682,0,1,-44.1394,4.02554,-23.1411,-0.178292,0.0137027,-0.0787713
428.682,1,1,44.1394,-4.02554,23.1411,0.178292,-0.0137027,0.0787713

orb:1,1,1.49514,1.04128,0.737629,0,0,-2.81145ptc:424.345,0,1,-47.2998,11.9957,10.9011,-0.187468,0.0407797,0.0370586
424.345,1,1,47.2998,-11.9957,-10.9011,0.187468,-0.0407797,-0.0370586

orb:1,1,2.20725,1.06038,0.456045,0,0,-2.74464ptc:425.967,0,1,-46.1122,17.3549,8.51317,-0.184006,0.0590263,0.0289544
425.967,1,1,46.1122,-17.3549,-8.51317,0.184006,-0.0590263,-0.0289544

orb:1,1,0.378345,1.01061,2.08731,0,0,-2.97264ptc:421.654,0,1,-49.2881,-4.15202,7.31062,-0.1933,-0.0141046,0.0248345
421.654,1,1,49.2881,4.15202,-7.31062,0.1933,0.0141046,-0.0248345

orb:1,1,0.133525,1.00376,5.49941,0,0,-3.04083ptc:421.038,0,1,-49.7464,3.56214,-3.55059,-0.194651,0.0120988,-0.0120596
421.038,1,1,49.7464,-3.56214,3.55059,0.194651,-0.0120988,0.0120596

orb:1,1,3.08003,1.08333,4.32419,0,0,-2.67845ptc:427.863,0,1,-44.7326,-8.45546,-20.6761,-0.180005,-0.0287746,-0.0703622
427.863,1,1,44.7326,8.45546,20.6761,0.180005,0.0287746,0.0703622

orb:1,1,0.392165,1.01099,4.5872,0,0,-2.96962ptc:421.688,0,1,-49.2625,-1.06834,-8.48928,-0.193225,-0.00362924,-0.0288387
421.688,1,1,49.2625,1.06834,8.48928,0.193225,0.00362924,0.0288387

orb:1,1,0.58366,1.01631,5.43164,0,0,-2.93243ptc:422.163,0,1,-48.9102,6.8401,-7.81056,-0.192189,0.0232393,-0.0265364
422.163,1,1,48.9102,-6.8401,7.81056,0.192189,-0.0232393,0.0265364

orb:1,1,1.36475,1.03775,0.966327,0,0,-2.82556ptc:424.041,0,1,-47.5237,8.83183,12.7864,-0.188123,0.0300215,0.0434643
424.041,1,1,47.5237,-8.83183,-12.7864,0.188123,-0.0300215,-0.0434643

orb:1,1,4.61771,1.12261,2.74197,0,0,-2.58611ptc:430.981,0,1,-42.4822,-24.2902,10.2589,-0.17353,-0.082745,0.0349473
430.981,1,1,42.4822,24.2902,-10.2589,0.17353,0.082745,-0.0349473

orb:1,1,2.48372,1.0677,3.60455,0,0,-2.72218ptc:426.578,0,1,-45.6665,-18.2178,-9.09322,-0.182711,-0.0619722,-0.0309328
426.578,1,1,45.6665,18.2178,9.09322,0.182711,0.0619722,0.0309328

orb:1,1,5.1661,1.1363,5.58782,0,0,-2.55818ptc:432.031,0,1,-41.7294,21.1486,-17.6464,-0.171379,0.0720692,-0.0601344
432.031,1,1,41.7294,-21.1486,17.6464,0.171379,-0.0720692,0.0601344

orb:1,1,0.154807,1.00435,2.71261,0,0,-3.03314ptc:421.092,0,1,-49.7062,-4.92179,2.25115,-0.194532,-0.0167171,0.00764615
421.092,1,1,49.7062,4.92179,-2.25115,0.194532,0.0167171,-0.00764615

orb:1,1,5.36502,1.14122,1.44847,0,0,-2.54855ptc:432.404,0,1,-41.4622,3.40973,27.7355,-0.170617,0.011621,0.094528
432.404,1,1,41.4622,-3.40973,-27.7355,0.170617,-0.011621,-0.094528

orb:1,1,1.0112,1.0281,5.71166,0,0,-2.86809ptc:423.202,0,1,-48.1416,11.3589,-7.30522,-0.189932,0.0386027,-0.0248265
423.202,1,1,48.1416,-11.3589,7.30522,0.189932,-0.0386027,0.0248265

orb:1,1,1.701,1.04684,6.18195,0,0,-2.79053ptc:424.821,0,1,-46.9504,17.1067,-1.73771,-0.186448,0.0581627,-0.00590822
424.821,1,1,46.9504,-17.1067,1.73771,0.186448,-0.0581627,0.00590822

orb:1,1,5.15348,1.13598,2.07223,0,0,-2.5588ptc:432.007,0,1,-41.7464,-13.2275,24.1303,-0.171427,-0.0450755,0.0822292
432.007,1,1,41.7464,13.2275,-24.1303,0.171427,0.0450755,-0.0822292

orb:1,1,5.37842,1.14155,5.64135,0,0,-2.54791ptc:432.429,0,1,-41.4443,22.4045,-16.7452,-0.170566,0.0763598,-0.0570715
432.429,1,1,41.4443,-22.4045,16.7452,0.170566,-0.0763598,0.0570715

orb:1,1,1.18962,1.03298,4.2348,0,0,-2.84575ptc:423.628,0,1,-47.8278,-6.70033,-12.9463,-0.189013,-0.0227734,-0.0440025
423.628,1,1,47.8278,6.70033,12.9463,0.189013,0.0227734,0.0440025

orb:1,1,1.56349,1.04313,4.24132,0,0,-2.80433ptc:424.504,0,1,-47.1832,-7.50887,-14.7431,-0.187128,-0.0255278,-0.050122
424.504,1,1,47.1832,7.50887,14.7431,0.187128,0.0255278,0.050122

orb:1,1,1.5061,1.04158,4.80559,0,0,-2.8103ptc:424.371,0,1,-47.2811,1.51362,-16.1929,-0.187414,0.00514564,-0.0550488
424.371,1,1,47.2811,-1.51362,16.1929,0.187414,-0.00514564,0.0550488

orb:1,1,5.02862,1.13288,0.0398485,0,0,-2.56498ptc:431.771,0,1,-41.9158,27.2375,1.08595,-0.171911,0.0928103,0.00370031
431.771,1,1,41.9158,-27.2375,-1.08595,0.171911,-0.0928103,-0.00370031

orb:1,1,0.519884,1.01454,4.55711,0,0,-2.94399ptc:422.006,0,1,-49.027,-1.51815,-9.69805,-0.192532,-0.0051577,-0.0329478
422.006,1,1,49.027,1.51815,9.69805,0.192532,0.0051577,0.0329478

orb:1,1,1.62093,1.04468,3.4345,0,0,-2.79849ptc:424.637,0,1,-47.0857,-16.1043,-4.85672,-0.186843,-0.0547517,-0.016512
424.637,1,1,47.0857,16.1043,4.85672,0.186843,0.0547517,0.016512

orb:1,1,4.57318,1.1215,5.50779,0,0,-2.58847ptc:430.895,0,1,-42.5445,18.7587,-18.387,-0.173708,0.0638999,-0.0626339
430.895,1,1,42.5445,-18.7587,18.387,0.173708,-0.0638999,0.0626339

orb:1,1,1.29269,1.03579,1.04254,0,0,-2.83368ptc:423.871,0,1,-47.6484,7.63776,13.088,-0.188488,0.0259614,0.0444871
423.871,1,1,47.6484,-7.63776,-13.088,0.188488,-0.0259614,-0.0444871

orb:1,1,0.0869907,1.00245,3.36974,0,0,-3.0602ptc:420.92,0,1,-49.8345,-3.95963,-0.919387,-0.194911,-0.0134485,-0.00312261
420.92,1,1,49.8345,3.95963,0.919387,0.194911,0.0134485,0.00312261

orb:1,1,2.533,1.069,5.6004,0,0,-2.71834ptc:426.686,0,1,-45.5879,15.9325,-12.9576,-0.182483,0.0542002,-0.0440799
426.686,1,1,45.5879,-15.9325,12.9576,0.182483,-0.0542002,0.0440799

orb:1,1,3.26717,1.08818,4.77111,0,0,-2.66582ptc:428.257,0,1,-44.4469,1.34396,-22.8618,-0.17918,0.00457417,-0.0778101
428.257,1,1,44.4469,-1.34396,22.8618,0.17918,-0.00457417,0.0778101

orb:1,1,0.99582,1.02768,4.05095,0,0,-2.87011ptc:423.165,0,1,-48.1688,-8.23573,-10.5802,-0.190012,-0.0279885,-0.035956
423.165,1,1,48.1688,8.23573,10.5802,0.190012,0.0279885,0.035956

orb:1,1,1.11174,1.03085,3.62869,0,0,-2.85526ptc:423.443,0,1,-47.9643,-12.4795,-6.60998,-0.189413,-0.0424139,-0.0224652
423.443,1,1,47.9643,12.4795,6.60998,0.189413,0.0424139,0.0224652

orb:1,1,2.30724,1.06303,1.02094,0,0,-2.73633ptc:426.189,0,1,-45.95,10.3013,16.8071,-0.183535,0.0350384,0.0571669
426.189,1,1,45.95,-10.3013,-16.8071,0.183535,-0.0350384,-0.0571669

orb:1,1,0.388039,1.01088,4.05523,0,0,-2.97052ptc:421.678,0,1,-49.2701,-5.19979,-6.73928,-0.193248,-0.017664,-0.0228938
421.678,1,1,49.2701,5.19979,6.73928,0.193248,0.017664,0.0228938

orb:1,1,0.0250732,1.00071,3.71202,0,0,-3.09785ptc:420.762,0,1,-49.9522,-1.8401,-1.18054,-0.195258,-0.00624947,-0.00400944
420.762,1,1,49.9522,1.8401,1.18054,0.195258,0.00624947,0.00400944

orb:1,1,3.16271,1.08547,4.14863,0,0,-2.67281ptc:428.038,0,1,-44.606,-12.0713,-19.0943,-0.179639,-0.0410818,-0.0649828
428.038,1,1,44.606,12.0713,19.0943,0.179639,0.0410818,0.0649828

orb:1,1,4.59764,1.12211,0.940891,0,0,-2.58717ptc:430.942,0,1,-42.5103,15.5058,21.2708,-0.17361,0.0528201,0.0724585
430.942,1,1,42.5103,-15.5058,-21.2708,0.17361,-0.0528201,-0.0724585

orb:1,1,3.14686,1.08506,5.77342,0,0,-2.67388ptc:428.004,0,1,-44.6302,19.6761,-10.9999,-0.179709,0.0669621,-0.0374351
428.004,1,1,44.6302,-19.6761,10.9999,0.179709,-0.0669621,0.0374351

orb:1,1,1.32794,1.03675,0.0708571,0,0,-2.82967ptc:423.954,0,1,-47.5873,15.3058,1.08634,-0.188309,0.0520267,0.00369265
423.954,1,1,47.5873,-15.3058,-1.08634,0.188309,-0.0520267,-0.00369265

orb:1,1,3.68097,1.09885,1.62106,0,0,-2.63944ptc:429.114,0,1,-43.8273,-1.20921,24.0355,-0.177393,-0.00411665,0.0818269
429.114,1,1,43.8273,1.20921,-24.0355,0.177393,0.00411665,-0.0818269

orb:1,1,2.84931,1.07731,1.41557,0,0,-2.69469ptc:427.371,0,1,-45.0896,3.34075,21.3487,-0.181038,0.0113671,0.0726404
427.371,1,1,45.0896,-3.34075,-21.3487,0.181038,-0.0113671,-0.0726404

orb:1,1,0.18788,1.00528,2.32732,0,0,-3.02217ptc:421.175,0,1,-49.6439,-4.08865,4.3319,-0.194349,-0.0138876,0.0147138
421.175,1,1,49.6439,4.08865,-4.3319,0.194349,0.0138876,-0.0147138

orb:1,1,1.31469,1.03639,3.10934,0,0,-2.83117ptc:423.923,0,1,-47.6103,-15.265,0.492524,-0.188376,-0.0518878,0.00167415
423.923,1,1,47.6103,15.265,-0.492524,0.188376,0.0518878,-0.00167415

orb:1,1,3.7704,1.10114,0.0363395,0,0,-2.63399ptc:429.296,0,1,-43.6955,24.2883,0.883013,-0.177013,0.0826925,0.00300632
429.296,1,1,43.6955,-24.2883,-0.883013,0.177013,-0.0826925,-0.00300632

orb:1,1,5.33423,1.14046,4.81228,0,0,-2.55003ptc:432.347,0,1,-41.5034,2.78064,-27.7441,-0.170734,0.00947677,-0.0945556
432.347,1,1,41.5034,-2.78064,27.7441,0.170734,-0.00947677,0.0945556

orb:1,1,1.42784,1.03946,0.861236,0,0,-2.81864ptc:424.188,0,1,-47.4151,10.3383,12.0385,-0.187806,0.0351437,0.0409236
424.188,1,1,47.4151,-10.3383,-12.0385,0.187806,-0.0351437,-0.0409236

orb:1,1,2.70256,1.07346,2.54206,0,0,-2.70545ptc:427.055,0,1,-45.3195,-17.4385,11.9182,-0.181705,-0.0593298,0.0405486
427.055,1,1,45.3195,17.4385,-11.9182,0.181705,0.0593298,-0.0405486

orb:1,1,0.413717,1.01159,3.79509,0,0,-2.96502ptc:421.742,0,1,-49.2226,-6.97324,-5.3397,-0.193108,-0.023689,-0.0181396
421.742,1,1,49.2226,6.97324,5.3397,0.193108,0.023689,0.0181396

orb:1,1,1.708,1.04703,5.01147,0,0,-2.78985ptc:424.838,0,1,-46.9386,5.0757,-16.4622,-0.186414,0.0172574,-0.0559715
424.838,1,1,46.9386,-5.0757,16.4622,0.186414,-0.0172574,0.0559715

orb:1,1,2.67388,1.07271,3.52031,0,0,-2.7076ptc:426.993,0,1,-45.3647,-19.5351,-7.77348,-0.181836,-0.0664618,-0.0264467
426.993,1,1,45.3647,19.5351,7.77348,0.181836,0.0664618,0.0264467

orb:1,1,4.56394,1.12126,4.49482,0,0,-2.58896ptc:430.877,0,1,-42.5574,-5.66554,-25.6275,-0.173745,-0.0192991,-0.0872976
430.877,1,1,42.5574,5.66554,25.6275,0.173745,0.0192991,0.0872976

orb:1,1,1.47829,1.04083,5.09549,0,0,-2.81323ptc:424.306,0,1,-47.3286,6.02734,-14.9557,-0.187553,0.0204899,-0.0508418
424.306,1,1,47.3286,-6.02734,14.9557,0.187553,-0.0204899,0.0508418

orb:1,1,3.54016,1.09523,2.74087,0,0,-2.64819ptc:428.825,0,1,-44.0363,-21.8052,9.23765,-0.177995,-0.0742271,0.0314459
428.825,1,1,44.0363,21.8052,-9.23765,0.177995,0.0742271,-0.0314459

orb:1,1,2.03283,1.05573,4.29748,0,0,-2.75968ptc:425.576,0,1,-46.3977,-7.51176,-17.0537,-0.184837,-0.0255455,-0.0579951
425.576,1,1,46.3977,7.51176,17.0537,0.184837,0.0255455,0.0579951

orb:1,1,2.76362,1.07506,2.02657,0,0,-2.70093ptc:427.187,0,1,-45.2235,-9.38712,19.1498,-0.181427,-0.0319384,0.0651545
427.187,1,1,45.2235,9.38712,-19.1498,0.181427,0.0319384,-0.0651545

orb:1,1,3.58841,1.09647,1.04998,0,0,-2.64517ptc:428.924,0,1,-43.9645,11.8497,20.6569,-0.177788,0.0403391,0.0703204
428.924,1,1,43.9645,-11.8497,-20.6569,0.177788,-0.0403391,-0.0703204

orb:1,1,5.16917,1.13637,0.288077,0,0,-2.55803ptc:432.037,0,1,-41.7252,26.4147,7.8272,-0.171367,0.0900151,0.0266732
432.037,1,1,41.7252,-26.4147,-7.8272,0.171367,-0.0900151,-0.0266732

orb:1,1,2.0212,1.05542,5.4954,0,0,-2.76071ptc:425.55,0,1,-46.4168,13.1116,-13.1743,-0.184893,0.0445889,-0.0448019
425.55,1,1,46.4168,-13.1116,13.1743,0.184893,-0.0445889,0.0448019

orb:1,1,4.04955,1.10826,0.993926,0,0,-2.6175ptc:429.86,0,1,-43.2888,13.6468,20.9724,-0.175843,0.0464709,0.0714163
429.86,1,1,43.2888,-13.6468,-20.9724,0.175843,-0.0464709,-0.0714163

orb:1,1,4.44709,1.11832,2.41861,0,0,-2.59525ptc:430.648,0,1,-42.7215,-19.4795,17.1878,-0.174216,-0.0663499,0.0585439
430.648,1,1,42.7215,19.4795,-17.1878,0.174216,0.0663499,-0.0585439

orb:1,1,1.79061,1.04925,1.78688,0,0,-2.78188ptc:425.027,0,1,-46.7999,-3.77358,17.191,-0.186009,-0.0128309,0.0584528
425.027,1,1,46.7999,3.77358,-17.191,0.186009,0.0128309,-0.0584528

orb:1,1,0.838191,1.02335,6.16645,0,0,-2.89192ptc:422.785,0,1,-48.4497,12.2702,-1.4389,-0.190836,0.0416949,-0.00488947
422.785,1,1,48.4497,-12.2702,1.4389,0.190836,-0.0416949,0.00488947

orb:1,1,5.42845,1.14278,5.83672,0,0,-2.54553ptc:432.522,0,1,-41.3777,25.3179,-12.1198,-0.170376,0.0862921,-0.0413085
432.522,1,1,41.3777,-25.3179,12.1198,0.170376,-0.0862921,0.0413085

orb:1,1,4.62759,1.12286,4.40962,0,0,-2.58559ptc:431.001,0,1,-42.4685,-7.86864,-25.1895,-0.173491,-0.0268049,-0.0858093
431.001,1,1,42.4685,7.86864,25.1895,0.173491,0.0268049,0.0858093

orb:1,1,2.34438,1.06402,5.37326,0,0,-2.7333ptc:426.271,0,1,-45.89,12.1853,-15.6723,-0.183361,0.0414476,-0.0533082
426.271,1,1,45.89,-12.1853,15.6723,0.183361,-0.0414476,0.0533082

orb:1,1,3.43377,1.09249,3.68882,0,0,-2.65495ptc:428.605,0,1,-44.1955,-19.9683,-12.1666,-0.178454,-0.0679693,-0.0414134
428.605,1,1,44.1955,19.9683,12.1666,0.178454,0.0679693,0.0414134

orb:1,1,4.35018,1.11588,2.36278,0,0,-2.60055ptc:430.458,0,1,-42.8586,-18.3286,18.0888,-0.174608,-0.0624258,0.061609
430.458,1,1,42.8586,18.3286,-18.0888,0.174608,0.0624258,-0.061609

orb:1,1,4.77281,1.1265,3.92665,0,0,-2.57799ptc:431.281,0,1,-42.2668,-18.8945,-18.8815,-0.172914,-0.0643712,-0.0643268
431.281,1,1,42.2668,18.8945,18.8815,0.172914,0.0643712,0.0643268

orb:1,1,5.23494,1.138,2.55141,0,0,-2.55482ptc:432.161,0,1,-41.6366,-23.0008,15.4065,-0.171114,-0.0783844,0.0525039
432.161,1,1,41.6366,23.0008,-15.4065,0.171114,0.0783844,-0.0525039

orb:1,1,2.10804,1.05774,3.15618,0,0,-2.75311ptc:425.745,0,1,-46.2741,-18.9374,-0.27636,-0.184477,-0.0644044,-0.000939872
425.745,1,1,46.2741,18.9374,0.27636,0.184477,0.0644044,0.000939872

orb:1,1,5.14945,1.13588,6.05455,0,0,-2.559ptc:432,0,1,-41.7519,26.7937,-6.23505,-0.171443,0.0913054,-0.0212473
432,1,1,41.7519,-26.7937,6.23505,0.171443,-0.0913054,0.0212473

orb:1,1,1.96937,1.05404,2.98441,0,0,-2.76534ptc:425.433,0,1,-46.5024,-18.1454,2.87592,-0.185142,-0.0617052,0.00977983
425.433,1,1,46.5024,18.1454,-2.87592,0.185142,0.0617052,-0.00977983

orb:1,1,1.72602,1.04751,0.627744,0,0,-2.78809ptc:424.879,0,1,-46.9083,14.0094,10.1661,-0.186325,0.0476325,0.0345653
424.879,1,1,46.9083,-14.0094,-10.1661,0.186325,-0.0476325,-0.0345653

orb:1,1,0.804036,1.02241,2.75186,0,0,-2.89693ptc:422.702,0,1,-48.511,-11.2031,4.60158,-0.191016,-0.0380682,0.0156361
422.702,1,1,48.511,11.2031,-4.60158,0.191016,0.0380682,-0.0156361

orb:1,1,0.13742,1.00387,2.98699,0,0,-3.03938ptc:421.048,0,1,-49.739,-5.04089,0.785629,-0.194629,-0.0171214,0.0026684
421.048,1,1,49.739,5.04089,-0.785629,0.194629,0.0171214,-0.0026684

orb:1,1,1.93261,1.05306,2.81842,0,0,-2.76867ptc:425.35,0,1,-46.5633,-17.274,5.78529,-0.185319,-0.0587405,0.019673
425.35,1,1,46.5633,17.274,-5.78529,0.185319,0.0587405,-0.019673

orb:1,1,2.33542,1.06378,4.589,0,0,-2.73403ptc:426.252,0,1,-45.9045,-2.43927,-19.6679,-0.183403,-0.00829697,-0.0668986
426.252,1,1,45.9045,2.43927,19.6679,0.183403,0.00829697,0.0668986

orb:1,1,1.29582,1.03587,2.96484,0,0,-2.83332ptc:423.879,0,1,-47.643,-14.9343,2.66744,-0.188472,-0.050763,0.00906687
423.879,1,1,47.643,14.9343,-2.66744,0.188472,0.050763,-0.00906687

orb:1,1,4.03758,1.10795,2.69097,0,0,-2.61819ptc:429.836,0,1,-43.3061,-22.4968,10.8846,-0.175893,-0.0766066,0.0370644
429.836,1,1,43.3061,22.4968,-10.8846,0.175893,0.0766066,-0.0370644

orb:1,1,1.81832,1.04999,3.38612,0,0,-2.77926ptc:425.09,0,1,-46.7535,-17.1958,-4.29066,-0.185874,-0.0584702,-0.0145893
425.09,1,1,46.7535,17.1958,4.29066,0.185874,0.0584702,0.0145893

orb:1,1,5.2462,1.13828,6.22294,0,0,-2.55427ptc:432.182,0,1,-41.6214,27.6563,-1.66814,-0.171071,0.0942509,-0.0056849
432.182,1,1,41.6214,-27.6563,1.66814,0.171071,-0.0942509,0.0056849

orb:1,1,2.8522,1.07738,2.74767,0,0,-2.69449ptc:427.377,0,1,-45.0851,-19.9622,8.29727,-0.181025,-0.0679228,0.028232
427.377,1,1,45.0851,19.9622,-8.29727,0.181025,0.0679228,-0.028232

orb:1,1,3.94283,1.10554,0.63581,0,0,-2.62371ptc:429.646,0,1,-43.4435,19.9153,14.6985,-0.176288,0.0678118,0.0500485
429.646,1,1,43.4435,-19.9153,-14.6985,0.176288,-0.0678118,-0.0500485

orb:1,1,5.42317,1.14265,1.7057,0,0,-2.54578ptc:432.512,0,1,-41.3847,-3.7739,27.804,-0.170396,-0.0128627,0.0947652
432.512,1,1,41.3847,3.7739,-27.804,0.170396,0.0128627,-0.0947652

orb:1,1,2.85489,1.07745,2.1233,0,0,-2.69429ptc:427.383,0,1,-45.0809,-11.3502,18.4089,-0.181013,-0.0386199,0.0626375
427.383,1,1,45.0809,11.3502,-18.4089,0.181013,0.0386199,-0.0626375

orb:1,1,1.41431,1.03909,5.94938,0,0,-2.82011ptc:424.157,0,1,-47.4384,14.9267,-5.17627,-0.187874,0.0507412,-0.017596
424.157,1,1,47.4384,-14.9267,5.17627,0.187874,-0.0507412,0.017596

orb:1,1,5.20227,1.13719,3.12228,0,0,-2.55641ptc:432.099,0,1,-41.6806,-27.6124,0.533406,-0.171239,-0.0940985,0.00181776
432.099,1,1,41.6806,27.6124,-0.533406,0.171239,0.0940985,-0.00181776

orb:1,1,2.21254,1.06052,0.684599,0,0,-2.74419ptc:425.979,0,1,-46.1036,14.9907,12.2368,-0.183981,0.0509854,0.0416192
425.979,1,1,46.1036,-14.9907,-12.2368,0.183981,-0.0509854,-0.0416192

orb:1,1,0.504396,1.01411,4.44934,0,0,-2.9469ptc:421.967,0,1,-49.0554,-2.51528,-9.34028,-0.192616,-0.00854522,-0.031732
421.967,1,1,49.0554,2.51528,9.34028,0.192616,0.00854522,0.031732

orb:1,1,2.54011,1.06919,2.95113,0,0,-2.71779ptc:426.702,0,1,-45.5766,-20.1897,3.89257,-0.18245,-0.0686827,0.013242
426.702,1,1,45.5766,20.1897,-3.89257,0.18245,0.0686827,-0.013242

orb:1,1,1.76707,1.04862,0.301956,0,0,-2.78413ptc:424.973,0,1,-46.8393,16.7035,5.20281,-0.186124,0.0567943,0.0176903
424.973,1,1,46.8393,-16.7035,-5.20281,0.186124,-0.0567943,-0.0176903

orb:1,1,0.950747,1.02644,5.45733,0,0,-2.87615ptc:423.057,0,1,-48.2488,8.89243,-9.64263,-0.190247,0.0302193,-0.0327687
423.057,1,1,48.2488,-8.89243,9.64263,0.190247,-0.0302193,0.0327687

orb:1,1,0.314393,1.00882,1.75464,0,0,-2.98743ptc:421.494,0,1,-49.407,-1.40357,7.54848,-0.193651,-0.0047678,0.0256415
421.494,1,1,49.407,1.40357,-7.54848,0.193651,0.0047678,-0.0256415

orb:1,1,3.28834,1.08873,3.5053,0,0,-2.66442ptc:428.302,0,1,-44.4148,-21.4613,-8.16914,-0.179087,-0.0730444,-0.027804
428.302,1,1,44.4148,21.4613,8.16914,0.179087,0.0730444,0.027804

orb:1,1,2.96905,1.08044,4.46371,0,0,-2.68616ptc:427.627,0,1,-44.9036,-5.41291,-21.3158,-0.1805,-0.0184192,-0.072534
427.627,1,1,44.9036,5.41291,21.3158,0.1805,0.0184192,0.072534

orb:1,1,2.33555,1.06378,3.69226,0,0,-2.73402ptc:426.252,0,1,-45.9043,-16.8894,-10.3704,-0.183402,-0.0574477,-0.035274
426.252,1,1,45.9043,16.8894,10.3704,0.183402,0.0574477,0.035274

orb:1,1,2.63648,1.07173,2.46285,0,0,-2.71042ptc:426.912,0,1,-45.4237,-16.2654,13.1195,-0.182007,-0.0553364,0.0446337
426.912,1,1,45.4237,16.2654,-13.1195,0.182007,0.0553364,-0.0446337

orb:1,1,0.661387,1.01847,2.16328,0,0,-2.9192ptc:422.354,0,1,-48.7687,-6.1583,9.14842,-0.191773,-0.0209239,0.0310834
422.354,1,1,48.7687,6.1583,-9.14842,0.191773,0.0209239,-0.0310834

orb:1,1,0.898414,1.02501,2.47255,0,0,-2.88335ptc:422.931,0,1,-48.342,-10.0164,7.9199,-0.19052,-0.0340377,0.0269134
422.931,1,1,48.342,10.0164,-7.9199,0.19052,0.0340377,-0.0269134

orb:1,1,2.80218,1.07607,1.55601,0,0,-2.69811ptc:427.27,0,1,-45.1632,0.317177,21.452,-0.181252,0.00107918,0.0729894
427.27,1,1,45.1632,-0.317177,-21.452,0.181252,-0.00107918,-0.0729894

orb:1,1,5.323,1.14018,3.58116,0,0,-2.55056ptc:432.326,0,1,-41.5184,-25.2122,-11.856,-0.170777,-0.0859259,-0.0404065
432.326,1,1,41.5184,25.2122,11.856,0.170777,0.0859259,0.0404065

orb:1,1,0.279033,1.00783,6.18725,0,0,-2.99627ptc:421.405,0,1,-49.473,7.20718,-0.693571,-0.193845,0.0244815,-0.00235594
421.405,1,1,49.473,-7.20718,0.693571,0.193845,-0.0244815,0.00235594

orb:1,1,2.64978,1.07208,4.04619,0,0,-2.70941ptc:426.941,0,1,-45.4027,-12.9426,-16.4646,-0.181946,-0.0440322,-0.0560146
426.941,1,1,45.4027,12.9426,16.4646,0.181946,0.0440322,0.0560146

orb:1,1,4.94163,1.13072,2.83674,0,0,-2.56936ptc:431.605,0,1,-42.0346,-25.8272,8.1268,-0.17225,-0.0879998,0.02769
431.605,1,1,42.0346,25.8272,-8.1268,0.17225,0.0879998,-0.02769

orb:1,1,0.809101,1.02255,3.6794,0,0,-2.89618ptc:422.715,0,1,-48.5019,-10.4329,-6.22276,-0.190989,-0.0354509,-0.021145
422.715,1,1,48.5019,10.4329,6.22276,0.190989,0.0354509,0.021145

orb:1,1,1.09505,1.0304,6.10376,0,0,-2.85734ptc:423.403,0,1,-47.9936,13.7968,-2.50246,-0.189499,0.0468904,-0.00850497
423.403,1,1,47.9936,-13.7968,2.50246,0.189499,-0.0468904,0.00850497

orb:1,1,2.64909,1.07206,5.67449,0,0,-2.70946ptc:426.939,0,1,-45.4038,17.1793,-11.9736,-0.181949,0.0584458,-0.0407357
426.939,1,1,45.4038,-17.1793,11.9736,0.181949,-0.0584458,0.0407357

orb:1,1,1.0497,1.02916,2.6265,0,0,-2.8631ptc:423.294,0,1,-48.0735,-11.9619,6.77124,-0.189733,-0.0406531,0.0230124
423.294,1,1,48.0735,11.9619,-6.77124,0.189733,0.0406531,-0.0230124

orb:1,1,3.64753,1.09799,3.17999,0,0,-2.6415ptc:429.045,0,1,-43.8768,-23.9579,-0.920258,-0.177535,-0.0815609,-0.00313288
429.045,1,1,43.8768,23.9579,0.920258,0.177535,0.0815609,0.00313288

orb:1,1,4.47488,1.11902,0.62835,0,0,-2.59375ptc:430.703,0,1,-42.6824,21.0684,15.3081,-0.174103,0.0717631,0.0521423
430.703,1,1,42.6824,-21.0684,-15.3081,0.174103,-0.0717631,-0.0521423

orb:1,1,0.684768,1.01911,0.194512,0,0,-2.91539ptc:422.411,0,1,-48.7262,11.0025,2.16754,-0.191648,0.0373837,0.0073647
422.411,1,1,48.7262,-11.0025,-2.16754,0.191648,-0.0373837,-0.0073647

orb:1,1,4.21964,1.11258,0.199633,0,0,-2.60781ptc:430.2,0,1,-43.0444,24.9345,5.04494,-0.175142,0.0849175,0.0171812
430.2,1,1,43.0444,-24.9345,-5.04494,0.175142,-0.0849175,-0.0171812

orb:1,1,2.4742,1.06745,2.91948,0,0,-2.72293ptc:426.557,0,1,-45.6817,-19.8276,4.47791,-0.182755,-0.0674479,0.0152326
426.557,1,1,45.6817,19.8276,-4.47791,0.182755,0.0674479,-0.0152326

orb:1,1,4.06952,1.10877,1.2577,0,0,-2.61634ptc:429.9,0,1,-43.26,7.7221,23.8525,-0.175761,0.026296,0.0812248
429.9,1,1,43.26,-7.7221,-23.8525,0.175761,-0.026296,-0.0812248

orb:1,1,2.05643,1.05636,6.0275,0,0,-2.7576ptc:425.629,0,1,-46.3588,18.1222,-4.73727,-0.184724,0.0616299,-0.0161105
425.629,1,1,46.3588,-18.1222,4.73727,0.184724,-0.0616299,0.0161105

orb:1,1,3.45249,1.09297,3.51073,0,0,-2.65376ptc:428.643,0,1,-44.1674,-21.8572,-8.45581,-0.178373,-0.0743999,-0.0287828
428.643,1,1,44.1674,21.8572,8.45581,0.178373,0.0743999,0.0287828

orb:1,1,3.04103,1.08231,0.120036,0,0,-2.68114ptc:427.78,0,1,-44.7926,22.0578,2.66053,-0.180179,0.0750625,0.00905375
427.78,1,1,44.7926,-22.0578,-2.66053,0.180179,-0.0750625,-0.00905375

orb:1,1,3.61584,1.09718,1.82962,0,0,-2.64346ptc:428.98,0,1,-43.9238,-6.11435,23.0937,-0.177671,-0.0208149,0.0786172
428.98,1,1,43.9238,6.11435,-23.0937,0.177671,0.0208149,-0.0786172

orb:1,1,2.25652,1.06169,5.09873,0,0,-2.74052ptc:426.077,0,1,-46.0321,7.35538,-18.0815,-0.183773,0.0250174,-0.0614995
426.077,1,1,46.0321,-7.35538,18.0815,0.183773,-0.0250174,0.0614995

orb:1,1,3.78365,1.10148,5.81481,0,0,-2.63319ptc:429.323,0,1,-43.676,21.7181,-10.9876,-0.176957,0.0739425,-0.0374091
429.323,1,1,43.676,-21.7181,10.9876,0.176957,-0.0739425,0.0374091

orb:1,1,1.34907,1.03732,1.02527,0,0,-2.8273ptc:424.004,0,1,-47.5508,8.0202,13.2136,-0.188202,0.0272624,0.0449156
424.004,1,1,47.5508,-8.0202,-13.2136,0.188202,-0.0272624,-0.0449156

orb:1,1,2.16877,1.05936,0.834088,0,0,-2.7479ptc:425.881,0,1,-46.1749,12.8863,14.2065,-0.184189,0.0438269,0.0483169
425.881,1,1,46.1749,-12.8863,-14.2065,0.184189,-0.0438269,-0.0483169

orb:1,1,4.23124,1.11287,5.94466,0,0,-2.60716ptc:430.223,0,1,-43.0278,24.0223,-8.45783,-0.175094,0.0818116,-0.0288044
430.223,1,1,43.0278,-24.0223,8.45783,0.175094,-0.0818116,0.0288044

orb:1,1,0.940918,1.02617,0.101407,0,0,-2.87748ptc:423.033,0,1,-48.2663,12.9855,1.32135,-0.190298,0.0441285,0.00449036
423.033,1,1,48.2663,-12.9855,-1.32135,0.190298,-0.0441285,-0.00449036

orb:1,1,3.34012,1.09007,2.31247,0,0,-2.66102ptc:428.41,0,1,-44.3365,-15.6143,17.0431,-0.178861,-0.0531458,0.0580087
428.41,1,1,44.3365,15.6143,-17.0431,0.178861,0.0531458,-0.0580087

orb:1,1,3.13356,1.08472,4.52455,0,0,-2.67479ptc:427.976,0,1,-44.6505,-4.20199,-22.1059,-0.179768,-0.0143002,-0.0752308
427.976,1,1,44.6505,4.20199,22.1059,0.179768,0.0143002,0.0752308

orb:1,1,3.43843,1.09261,2.08486,0,0,-2.65466ptc:428.614,0,1,-44.1885,-11.5042,20.3723,-0.178434,-0.0391589,0.0693447
428.614,1,1,44.1885,11.5042,-20.3723,0.178434,0.0391589,-0.0693447

orb:1,1,3.42411,1.09224,5.33664,0,0,-2.65558ptc:428.584,0,1,-44.21,13.6509,-18.9506,-0.178496,0.0464656,-0.064505
428.584,1,1,44.21,-13.6509,18.9506,0.178496,-0.0464656,0.064505

orb:1,1,4.14888,1.11078,2.74579,0,0,-2.61181ptc:430.059,0,1,-43.1458,-23.3139,9.7418,-0.175433,-0.0793949,0.0331754
430.059,1,1,43.1458,23.3139,-9.7418,0.175433,0.0793949,-0.0331754

orb:1,1,1.42701,1.03944,3.41034,0,0,-2.81873ptc:424.187,0,1,-47.4165,-15.2947,-4.21238,-0.18781,-0.0519925,-0.0143195
424.187,1,1,47.4165,15.2947,4.21238,0.18781,0.0519925,0.0143195

orb:1,1,3.14636,1.08505,2.90847,0,0,-2.67392ptc:428.003,0,1,-44.631,-21.9308,5.20726,-0.179712,-0.0746356,0.0177215
428.003,1,1,44.631,21.9308,-5.20726,0.179712,0.0746356,-0.0177215

orb:1,1,2.47793,1.06755,4.71566,0,0,-2.72264ptc:426.566,0,1,-45.6757,0.0665924,-20.3402,-0.182738,0.000226529,-0.0691919
426.566,1,1,45.6757,-0.0665924,20.3402,0.182738,-0.000226529,0.0691919

orb:1,1,2.14697,1.05878,3.69968,0,0,-2.74976ptc:425.832,0,1,-46.2105,-16.1971,-10.1117,-0.184292,-0.0550863,-0.0343898
425.832,1,1,46.2105,16.1971,10.1117,0.184292,0.0550863,0.0343898

orb:1,1,4.41296,1.11746,2.14557,0,0,-2.59711ptc:430.581,0,1,-42.7697,-14.0798,21.7373,-0.174354,-0.0479568,0.0740386
430.581,1,1,42.7697,14.0798,-21.7373,0.174354,0.0479568,-0.0740386

orb:1,1,4.58142,1.1217,0.745329,0,0,-2.58803ptc:430.911,0,1,-42.5329,19.3166,17.8275,-0.173675,0.0658008,0.0607282
430.911,1,1,42.5329,-19.3166,-17.8275,0.173675,-0.0658008,-0.0607282

orb:1,1,2.88379,1.07821,4.20278,0,0,-2.69222ptc:427.445,0,1,-45.0359,-10.5959,-18.9603,-0.180883,-0.0360541,-0.0645152
427.445,1,1,45.0359,10.5959,18.9603,0.180883,0.0360541,0.0645152

orb:1,1,1.20782,1.03348,5.55334,0,0,-2.84358ptc:423.671,0,1,-47.796,10.9416,-9.78879,-0.18892,0.0371895,-0.0332711
423.671,1,1,47.796,-10.9416,9.78879,0.18892,-0.0371895,0.0332711

orb:1,1,2.68583,1.07302,3.69786,0,0,-2.7067ptc:427.019,0,1,-45.3458,-17.8895,-11.1231,-0.181781,-0.0608635,-0.0378429
427.019,1,1,45.3458,17.8895,11.1231,0.181781,0.0608635,0.0378429

orb:1,1,1.56129,1.04307,4.285,0,0,-2.80456ptc:424.499,0,1,-47.187,-6.85353,-15.0472,-0.187139,-0.0232998,-0.0511558
424.499,1,1,47.187,6.85353,15.0472,0.187139,0.0232998,0.0511558

orb:1,1,0.424922,1.0119,2.86921,0,0,-2.96268ptc:421.77,0,1,-49.2019,-8.57013,2.39388,-0.193047,-0.029114,0.00813236
421.77,1,1,49.2019,8.57013,-2.39388,0.193047,0.029114,-0.00813236

orb:1,1,0.607125,1.01697,2.66625,0,0,-2.92834ptc:422.221,0,1,-48.8674,-9.40884,4.84276,-0.192063,-0.0319671,0.0164536
422.221,1,1,48.8674,9.40884,-4.84276,0.192063,0.0319671,-0.0164536

orb:1,1,1.63057,1.04494,4.69812,0,0,-2.79752ptc:424.659,0,1,-47.0694,-0.240724,-16.8646,-0.186795,-0.000818424,-0.057337
424.659,1,1,47.0694,0.240724,16.8646,0.186795,0.000818424,0.057337

orb:1,1,0.120998,1.0034,1.38227,0,0,-3.04566ptc:421.006,0,1,-49.7701,0.89759,4.70459,-0.194721,0.00304864,0.015979
421.006,1,1,49.7701,-0.89759,-4.70459,0.194721,-0.00304864,-0.015979

orb:1,1,3.67488,1.09869,3.75974,0,0,-2.63981ptc:429.101,0,1,-43.8363,-19.5991,-13.9374,-0.177419,-0.0667234,-0.0474486
429.101,1,1,43.8363,19.5991,13.9374,0.177419,0.0667234,0.0474486

orb:1,1,1.42805,1.03946,4.7827,0,0,-2.81862ptc:424.189,0,1,-47.4148,1.11483,-15.8303,-0.187805,0.00378975,-0.0538131
424.189,1,1,47.4148,-1.11483,15.8303,0.187805,-0.00378975,0.0538131

orb:1,1,1.93362,1.05308,1.15937,0,0,-2.76858ptc:425.352,0,1,-46.5616,7.28706,16.7007,-0.185315,0.0247797,0.0567911
425.352,1,1,46.5616,-7.28706,-16.7007,0.185315,-0.0247797,-0.0567911

orb:1,1,5.20067,1.13715,6.22821,0,0,-2.55649ptc:432.096,0,1,-41.6827,27.5726,-1.51727,-0.171246,0.0939626,-0.00517061
432.096,1,1,41.6827,-27.5726,1.51727,0.171246,-0.0939626,0.00517061

orb:1,1,2.32216,1.06343,3.59865,0,0,-2.73511ptc:426.222,0,1,-45.9259,-17.7397,-8.72423,-0.183465,-0.0603396,-0.0296744
426.222,1,1,45.9259,17.7397,8.72423,0.183465,0.0603396,0.0296744

orb:1,1,1.32961,1.03679,2.09325,0,0,-2.82949ptc:423.958,0,1,-47.5844,-7.66141,13.305,-0.188301,-0.0260424,0.045226
423.958,1,1,47.5844,7.66141,-13.305,0.188301,0.0260424,-0.045226

orb:1,1,0.715565,1.01997,2.20408,0,0,-2.91047ptc:422.487,0,1,-48.6705,-6.77821,9.23261,-0.191484,-0.023031,0.0313705
422.487,1,1,48.6705,6.77821,-9.23261,0.191484,0.023031,-0.0313705

orb:1,1,4.53612,1.12056,3.73438,0,0,-2.59045ptc:430.823,0,1,-42.5964,-21.7158,-14.6279,-0.173857,-0.0739713,-0.0498274
430.823,1,1,42.5964,21.7158,14.6279,0.173857,0.0739713,0.0498274

orb:1,1,2.59298,1.07058,1.17136,0,0,-2.71372ptc:426.817,0,1,-45.4926,8.06828,19.1136,-0.182207,0.0274482,0.065024
426.817,1,1,45.4926,-8.06828,-19.1136,0.182207,-0.0274482,-0.065024

orb:1,1,4.75063,1.12595,5.13846,0,0,-2.57914ptc:431.239,0,1,-42.2975,11.0198,-24.2793,-0.173001,0.0375426,-0.0827151
431.239,1,1,42.2975,-11.0198,24.2793,0.173001,-0.0375426,0.0827151

orb:1,1,1.66701,1.04592,0.213172,0,0,-2.79388ptc:424.743,0,1,-47.0077,16.6517,3.60445,-0.186616,0.0566145,0.0122548
424.743,1,1,47.0077,-16.6517,-3.60445,0.186616,-0.0566145,-0.0122548

orb:1,1,2.95115,1.07997,5.57923,0,0,-2.68743ptc:427.589,0,1,-44.9313,16.7213,-14.1976,-0.18058,0.0568991,-0.0483114
427.589,1,1,44.9313,-16.7213,14.1976,0.18058,-0.0568991,0.0483114

orb:1,1,0.279013,1.00783,3.45069,0,0,-2.99628ptc:421.405,0,1,-49.473,-6.89709,-2.20247,-0.193845,-0.0234282,-0.0074814
421.405,1,1,49.473,6.89709,2.20247,0.193845,0.0234282,0.0074814

orb:1,1,0.917635,1.02553,5.4426,0,0,-2.88068ptc:422.977,0,1,-48.3077,8.6035,-9.60963,-0.190419,0.0292368,-0.0326559
422.977,1,1,48.3077,-8.6035,9.60963,0.190419,-0.0292368,0.0326559

orb:1,1,0.633793,1.0177,1.35303,0,0,-2.9238ptc:422.286,0,1,-48.8188,2.33421,10.5487,-0.19192,0.00793074,0.0358404
422.286,1,1,48.8188,-2.33421,-10.5487,0.19192,-0.00793074,-0.0358404

orb:1,1,0.961368,1.02673,0.469722,0,0,-2.87471ptc:423.083,0,1,-48.2299,11.7581,5.96859,-0.190191,0.039958,0.0202833
423.083,1,1,48.2299,-11.7581,-5.96859,0.190191,-0.039958,-0.0202833

orb:1,1,2.82892,1.07677,3.49137,0,0,-2.69617ptc:427.327,0,1,-45.1214,-20.2377,-7.3822,-0.181131,-0.0688589,-0.025118
427.327,1,1,45.1214,20.2377,7.3822,0.181131,0.0688589,0.025118

orb:1,1,4.38893,1.11686,0.850403,0,0,-2.59842ptc:430.534,0,1,-42.8037,17.0479,19.422,-0.174451,0.0580653,0.0661514
430.534,1,1,42.8037,-17.0479,-19.422,0.174451,-0.0580653,-0.0661514

orb:1,1,3.6406,1.09781,4.39632,0,0,-2.64192ptc:429.031,0,1,-43.887,-7.44664,-22.77,-0.177565,-0.0253508,-0.0775167
429.031,1,1,43.887,7.44664,22.77,0.177565,0.0253508,0.0775167

orb:1,1,1.53269,1.0423,2.59894,0,0,-2.80752ptc:424.433,0,1,-47.2357,-14.0396,8.46641,-0.187281,-0.0477293,0.0287826
424.433,1,1,47.2357,14.0396,-8.46641,0.187281,0.0477293,-0.0287826

orb:1,1,2.31312,1.06319,1.31754,0,0,-2.73585ptc:426.202,0,1,-45.9405,4.94477,19.1055,-0.183507,0.016819,0.0649846
426.202,1,1,45.9405,-4.94477,-19.1055,0.183507,-0.016819,-0.0649846

orb:1,1,0.835256,1.02327,3.5057,0,0,-2.89235ptc:422.778,0,1,-48.455,-11.525,-4.39219,-0.190851,-0.0391628,-0.0149249
422.778,1,1,48.455,11.525,4.39219,0.190851,0.0391628,0.0149249

orb:1,1,4.84951,1.12842,0.157639,0,0,-2.57404ptc:431.429,0,1,-42.161,26.5451,4.21954,-0.172611,0.0904403,0.0143762
431.429,1,1,42.161,-26.5451,-4.21954,0.172611,-0.0904403,-0.0143762

orb:1,1,5.52901,1.14526,2.18012,0,0,-2.5408ptc:432.709,0,1,-41.2443,-16.1763,23.1783,-0.169996,-0.0551381,0.0790049
432.709,1,1,41.2443,16.1763,-23.1783,0.169996,0.0551381,-0.0790049

orb:1,1,5.14077,1.13567,5.04209,0,0,-2.55942ptc:431.983,0,1,-41.7636,8.90074,-26.0111,-0.171476,0.030331,-0.0886378
431.983,1,1,41.7636,-8.90074,26.0111,0.171476,-0.030331,0.0886378

orb:1,1,5.4956,1.14444,5.24298,0,0,-2.54236ptc:432.647,0,1,-41.2885,14.2707,-24.3229,-0.170122,0.0486415,-0.0829045
432.647,1,1,41.2885,-14.2707,24.3229,0.170122,-0.0486415,0.0829045

orb:1,1,1.56717,1.04323,5.25942,0,0,-2.80395ptc:424.513,0,1,-47.177,8.61531,-14.146,-0.18711,0.0292894,-0.0480922
424.513,1,1,47.177,-8.61531,14.146,0.18711,-0.0292894,0.0480922

orb:1,1,4.21688,1.11251,5.93476,0,0,-2.60796ptc:430.194,0,1,-43.0484,23.9048,-8.68325,-0.175153,0.0814107,-0.0295719
430.194,1,1,43.0484,-23.9048,8.68325,0.175153,-0.0814107,0.0295719

orb:1,1,0.638758,1.01784,3.6232,0,0,-2.92296ptc:422.299,0,1,-48.8098,-9.61104,-5.02326,-0.191894,-0.0326547,-0.0170672
422.299,1,1,48.8098,9.61104,5.02326,0.191894,0.0326547,0.0170672

orb:1,1,4.2714,1.11389,6.08258,0,0,-2.60491ptc:430.302,0,1,-42.9705,25.0516,-5.09412,-0.17493,0.0853193,-0.0173493
430.302,1,1,42.9705,-25.0516,5.09412,0.17493,-0.0853193,0.0173493

orb:1,1,4.71487,1.12505,0.758806,0,0,-2.581ptc:431.17,0,1,-42.3471,19.2911,18.2915,-0.173143,0.0657198,0.0623143
431.17,1,1,42.3471,-19.2911,-18.2915,0.173143,-0.0657198,-0.0623143

orb:1,1,1.25646,1.0348,4.16179,0,0,-2.83786ptc:423.786,0,1,-47.7113,-7.82403,-12.7443,-0.188672,-0.0265939,-0.0433178
423.786,1,1,47.7113,7.82403,12.7443,0.188672,0.0265939,0.0433178

orb:1,1,2.48593,1.06776,3.85676,0,0,-2.72201ptc:426.583,0,1,-45.6629,-15.3782,-13.3569,-0.182701,-0.0523128,-0.0454369
426.583,1,1,45.6629,15.3782,13.3569,0.182701,0.0523128,0.0454369

orb:1,1,4.78129,1.12671,2.99731,0,0,-2.57755ptc:431.298,0,1,-42.2551,-26.4525,3.84326,-0.17288,-0.0901207,0.0130936
431.298,1,1,42.2551,26.4525,-3.84326,0.17288,0.0901207,-0.0130936

orb:1,1,5.29197,1.13941,6.04097,0,0,-2.55206ptc:432.268,0,1,-41.56,26.9872,-6.66755,-0.170896,0.0919735,-0.0227232
432.268,1,1,41.56,-26.9872,6.66755,0.170896,-0.0919735,0.0227232

orb:1,1,4.50484,1.11978,4.79417,0,0,-2.59213ptc:430.761,0,1,-42.6403,2.133,-26.0242,-0.173983,0.00726558,-0.0886453
430.761,1,1,42.6403,-2.133,26.0242,0.173983,-0.00726558,0.0886453

orb:1,1,3.18616,1.08608,0.742606,0,0,-2.67123ptc:428.087,0,1,-44.5702,16.6942,15.3233,-0.179536,0.0568156,0.0521499
428.087,1,1,44.5702,-16.6942,-15.3233,0.179536,-0.0568156,-0.0521499

orb:1,1,3.67449,1.09868,4.64348,0,0,-2.63983ptc:429.101,0,1,-43.8369,-1.65579,-23.9914,-0.17742,-0.00563699,-0.0816763
429.101,1,1,43.8369,1.65579,23.9914,0.17742,0.00563699,0.0816763

orb:1,1,4.07161,1.10882,5.76233,0,0,-2.61622ptc:429.904,0,1,-43.257,21.7512,-12.4787,-0.175752,0.0740694,-0.0424938
429.904,1,1,43.257,-21.7512,12.4787,0.175752,-0.0740694,0.0424938

orb:1,1,3.56744,1.09593,4.88967,0,0,-2.64648ptc:428.881,0,1,-43.9957,4.18967,-23.3843,-0.177878,0.0142623,-0.0796041
428.881,1,1,43.9957,-4.18967,23.3843,0.177878,-0.0142623,0.0796041

orb:1,1,5.32409,1.14021,3.8967,0,0,-2.55051ptc:432.328,0,1,-41.517,-20.2897,-19.0964,-0.170773,-0.0691493,-0.0650825
432.328,1,1,41.517,20.2897,19.0964,0.170773,0.0691493,0.0650825

orb:1,1,3.28773,1.08872,2.87126,0,0,-2.66446ptc:428.3,0,1,-44.4158,-22.1278,6.13196,-0.17909,-0.0753128,0.0208704
428.3,1,1,44.4158,22.1278,-6.13196,0.17909,0.0753128,-0.0208704

orb:1,1,1.8848,1.05177,6.20262,0,0,-2.77305ptc:425.241,0,1,-46.6427,17.9543,-1.44966,-0.185551,0.061052,-0.00492943
425.241,1,1,46.6427,-17.9543,1.44966,0.185551,-0.061052,0.00492943

orb:1,1,2.6062,1.07093,0.164843,0,0,-2.71271ptc:426.846,0,1,-45.4716,20.5107,3.41201,-0.182146,0.0697777,0.0116077
426.846,1,1,45.4716,-20.5107,-3.41201,0.182146,-0.0697777,-0.0116077

orb:1,1,5.38139,1.14162,3.54842,0,0,-2.54777ptc:432.435,0,1,-41.4404,-25.6932,-11.0704,-0.170555,-0.0875685,-0.0377305
432.435,1,1,41.4404,25.6932,11.0704,0.170555,0.0875685,0.0377305

orb:1,1,3.03109,1.08205,5.20902,0,0,-2.68183ptc:427.759,0,1,-44.8079,10.5714,-19.5064,-0.180223,0.035974,-0.0663797
427.759,1,1,44.8079,-10.5714,19.5064,0.180223,-0.035974,0.0663797

orb:1,1,2.07899,1.05697,3.09671,0,0,-2.75563ptc:425.68,0,1,-46.3218,-18.8037,0.844492,-0.184616,-0.0639483,0.00287198
425.68,1,1,46.3218,18.8037,-0.844492,0.184616,0.0639483,-0.00287198

orb:1,1,1.50558,1.04156,0.927242,0,0,-2.81035ptc:424.37,0,1,-47.282,9.75723,13.0082,-0.187416,0.0331703,0.0442221
424.37,1,1,47.282,-9.75723,-13.0082,0.187416,-0.0331703,-0.0442221

orb:1,1,3.35087,1.09035,5.51489,0,0,-2.66032ptc:428.432,0,1,-44.3203,16.6439,-16.0839,-0.178814,0.0566505,-0.0547446
428.432,1,1,44.3203,-16.6439,16.0839,0.178814,-0.0566505,0.0547446

orb:1,1,4.03068,1.10778,1.09283,0,0,-2.61859ptc:429.822,0,1,-43.3161,11.4875,22.1755,-0.175922,0.0391174,0.0755122
429.822,1,1,43.3161,-11.4875,-22.1755,0.175922,-0.0391174,-0.0755122

orb:1,1,4.63766,1.12311,1.86733,0,0,-2.58505ptc:431.02,0,1,-42.4544,-7.71782,25.2598,-0.17345,-0.0262913,0.0860491
431.02,1,1,42.4544,7.71782,-25.2598,0.17345,0.0262913,-0.0860491

orb:1,1,1.77568,1.04885,4.60789,0,0,-2.7833ptc:424.993,0,1,-46.8249,-1.82887,-17.438,-0.186082,-0.00621844,-0.059292
424.993,1,1,46.8249,1.82887,17.438,0.186082,0.00621844,0.059292

orb:1,1,0.177901,1.005,5.21766,0,0,-3.02537ptc:421.15,0,1,-49.6627,2.80649,-5.07352,-0.194404,0.00953253,-0.0172327
421.15,1,1,49.6627,-2.80649,5.07352,0.194404,-0.00953253,0.0172327

orb:1,1,5.44663,1.14323,5.45042,0,0,-2.54467ptc:432.556,0,1,-41.3535,18.9099,-20.7919,-0.170307,0.0644521,-0.0708667
432.556,1,1,41.3535,-18.9099,20.7919,0.170307,-0.0644521,0.0708667

orb:1,1,4.5793,1.12165,5.64831,0,0,-2.58815ptc:430.907,0,1,-42.5359,21.1601,-15.5868,-0.173684,0.0720804,-0.0530954
430.907,1,1,42.5359,-21.1601,15.5868,0.173684,-0.0720804,0.0530954

orb:1,1,4.38281,1.1167,1.81413,0,0,-2.59876ptc:430.522,0,1,-42.8123,-6.22309,25.0674,-0.174476,-0.0211958,0.0853796
430.522,1,1,42.8123,6.22309,-25.0674,0.174476,0.0211958,-0.0853796

orb:1,1,2.52796,1.06887,2.49492,0,0,-2.71873ptc:426.675,0,1,-45.5959,-16.3758,12.3632,-0.182506,-0.0557077,0.0420575
426.675,1,1,45.5959,16.3758,-12.3632,0.182506,0.0557077,-0.0420575

orb:1,1,2.58483,1.07037,5.57788,0,0,-2.71435ptc:426.799,0,1,-45.5055,15.7752,-13.431,-0.182244,0.0536666,-0.045692
426.799,1,1,45.5055,-15.7752,13.431,0.182244,-0.0536666,0.045692

orb:1,1,2.95289,1.08001,4.22978,0,0,-2.6873ptc:427.593,0,1,-44.9286,-10.1827,-19.4353,-0.180573,-0.0346496,-0.0661341
427.593,1,1,44.9286,10.1827,19.4353,0.180573,0.0346496,0.0661341

orb:1,1,5.28229,1.13917,1.78547,0,0,-2.55253ptc:432.249,0,1,-41.573,-5.91784,27.1416,-0.170933,-0.0201681,0.092499
432.249,1,1,41.573,5.91784,-27.1416,0.170933,0.0201681,-0.092499

orb:1,1,2.5684,1.06993,3.14331,0,0,-2.71561ptc:426.763,0,1,-45.5316,-20.6609,-0.0354934,-0.18232,-0.070287,-0.000120746
426.763,1,1,45.5316,20.6609,0.0354934,0.18232,0.070287,0.000120746

orb:1,1,3.91809,1.10491,1.13655,0,0,-2.62517ptc:429.596,0,1,-43.4795,10.3873,22.3973,-0.176391,0.0353684,0.0762618
429.596,1,1,43.4795,-10.3873,-22.3973,0.176391,-0.0353684,-0.0762618

orb:1,1,0.546776,1.01529,6.10394,0,0,-2.93903ptc:422.072,0,1,-48.9777,9.89807,-1.79347,-0.192387,0.0336279,-0.00609319
422.072,1,1,48.9777,-9.89807,1.79347,0.192387,-0.0336279,0.00609319

orb:1,1,0.43981,1.01232,5.16786,0,0,-2.95961ptc:421.807,0,1,-49.1744,3.9805,-8.12643,-0.192966,0.0135225,-0.027607
421.807,1,1,49.1744,-3.9805,8.12643,0.192966,-0.0135225,0.027607

orb:1,1,5.23262,1.13794,4.99774,0,0,-2.55493ptc:432.156,0,1,-41.6397,7.79145,-26.5599,-0.171123,0.0265525,-0.0905135
432.156,1,1,41.6397,-7.79145,26.5599,0.171123,-0.0265525,0.0905135

orb:1,1,3.39168,1.0914,0.664734,0,0,-2.65767ptc:428.517,0,1,-44.2588,18.3097,14.3497,-0.178637,0.0623222,0.0488431
428.517,1,1,44.2588,-18.3097,-14.3497,0.178637,-0.0623222,-0.0488431

orb:1,1,3.2337,1.08732,4.57506,0,0,-2.66804ptc:428.187,0,1,-44.4978,-3.12155,-22.5877,-0.179327,-0.010624,-0.0768754
428.187,1,1,44.4978,3.12155,22.5877,0.179327,0.010624,0.0768754

orb:1,1,2.98933,1.08096,1.82597,0,0,-2.68474ptc:427.67,0,1,-44.8723,-5.56733,21.342,-0.180409,-0.0189449,0.0726242
427.67,1,1,44.8723,5.56733,-21.342,0.180409,0.0189449,-0.0726242

orb:1,1,0.340969,1.00956,0.99853,0,0,-2.98111ptc:421.56,0,1,-49.3575,4.32677,6.7168,-0.193505,0.0146979,0.0228167
421.56,1,1,49.3575,-4.32677,-6.7168,0.193505,-0.0146979,-0.0228167

orb:1,1,5.62602,1.14765,1.98347,0,0,-2.53628ptc:432.888,0,1,-41.1163,-11.4103,26.0624,-0.169632,-0.0388954,0.0888413
432.888,1,1,41.1163,11.4103,-26.0624,0.169632,0.0388954,-0.0888413

orb:1,1,0.407426,1.01142,1.37302,0,0,-2.96635ptc:421.726,0,1,-49.2342,1.7129,8.54744,-0.193142,0.00581893,0.0290366
421.726,1,1,49.2342,-1.7129,-8.54744,0.193142,-0.00581893,-0.0290366

orb:1,1,3.51763,1.09465,5.46981,0,0,-2.64961ptc:428.778,0,1,-44.07,16.2271,-17.1616,-0.178092,0.0552379,-0.0584191
428.778,1,1,44.07,-16.2271,17.1616,0.178092,-0.0552379,0.0584191

orb:1,1,3.95593,1.10588,2.71658,0,0,-2.62294ptc:429.672,0,1,-43.4244,-22.5803,10.2199,-0.176233,-0.0768869,0.0347993
429.672,1,1,43.4244,22.5803,-10.2199,0.176233,0.0768869,-0.0347993

orb:1,1,3.99242,1.10681,4.6981,0,0,-2.62081ptc:429.746,0,1,-43.3715,-0.355456,-24.8755,-0.176081,-0.00121037,-0.0847039
429.746,1,1,43.3715,0.355456,24.8755,0.176081,0.00121037,0.0847039

orb:1,1,1.35812,1.03757,1.84034,0,0,-2.82629ptc:424.025,0,1,-47.5352,-4.1288,14.9453,-0.188157,-0.0140347,0.0508023
424.025,1,1,47.5352,4.1288,-14.9453,0.188157,0.0140347,-0.0508023

orb:1,1,4.04006,1.10802,0.140767,0,0,-2.61804ptc:429.841,0,1,-43.3025,24.7506,3.50725,-0.175883,0.0842813,0.011943
429.841,1,1,43.3025,-24.7506,-3.50725,0.175883,-0.0842813,-0.011943

orb:1,1,2.71569,1.07381,4.45733,0,0,-2.70448ptc:427.083,0,1,-45.2988,-5.34032,-20.4817,-0.181645,-0.0181692,-0.069684
427.083,1,1,45.2988,5.34032,20.4817,0.181645,0.0181692,0.069684

orb:1,1,3.97483,1.10636,1.94262,0,0,-2.62183ptc:429.71,0,1,-43.397,-9.02234,23.1365,-0.176154,-0.0307218,0.0787818
429.71,1,1,43.397,9.02234,-23.1365,0.176154,0.0307218,-0.0787818

orb:1,1,5.19999,1.13714,2.57129,0,0,-2.55652ptc:432.095,0,1,-41.6837,-23.2428,14.908,-0.171248,-0.0792073,0.0508038
432.095,1,1,41.6837,23.2428,-14.908,0.171248,0.0792073,-0.0508038

orb:1,1,4.38534,1.11677,1.89867,0,0,-2.59862ptc:430.527,0,1,-42.8088,-8.31932,24.4581,-0.174466,-0.0283356,0.0833043
430.527,1,1,42.8088,8.31932,-24.4581,0.174466,0.0283356,-0.0833043

orb:1,1,2.25431,1.06163,0.153219,0,0,-2.7407ptc:426.072,0,1,-46.0357,19.2833,2.97791,-0.183784,0.0655869,0.0101285
426.072,1,1,46.0357,-19.2833,-2.97791,0.183784,-0.0655869,-0.0101285

orb:1,1,1.05465,1.02929,4.06588,0,0,-2.86246ptc:423.306,0,1,-48.0648,-8.29873,-10.9958,-0.189707,-0.0282037,-0.03737
423.306,1,1,48.0648,8.29873,10.9958,0.189707,0.0282037,0.03737

orb:1,1,4.5858,1.12181,0.47113,0,0,-2.5878ptc:430.919,0,1,-42.5268,23.431,11.9355,-0.173658,0.0798167,0.0406576
430.919,1,1,42.5268,-23.431,-11.9355,0.173658,-0.0798167,-0.0406576

orb:1,1,2.64134,1.07185,0.914131,0,0,-2.71005ptc:426.922,0,1,-45.416,12.7674,16.5643,-0.181985,0.0434359,0.0563535
426.922,1,1,45.416,-12.7674,-16.5643,0.181985,-0.0434359,-0.0563535

orb:1,1,2.42073,1.06604,6.07313,0,0,-2.72716ptc:426.44,0,1,-45.7673,19.6909,-4.19806,-0.183004,0.0669807,-0.0142801
426.44,1,1,45.7673,-19.6909,4.19806,0.183004,-0.0669807,0.0142801

orb:1,1,1.37774,1.0381,4.90361,0,0,-2.82412ptc:424.071,0,1,-47.5013,2.96654,-15.3239,-0.188058,0.0100841,-0.0520903
424.071,1,1,47.5013,-2.96654,15.3239,0.188058,-0.0100841,0.0520903

orb:1,1,4.9901,1.13192,5.08326,0,0,-2.56691ptc:431.697,0,1,-41.9684,9.85009,-25.3305,-0.172061,0.0335628,-0.0863099
431.697,1,1,41.9684,-9.85009,25.3305,0.172061,-0.0335628,0.0863099

orb:1,1,2.06247,1.05652,4.44826,0,0,-2.75707ptc:425.643,0,1,-46.3489,-4.89647,-18.1053,-0.184695,-0.0166519,-0.0615725
425.643,1,1,46.3489,4.89647,18.1053,0.184695,0.0166519,0.0615725

orb:1,1,1.69668,1.04672,3.18963,0,0,-2.79095ptc:424.812,0,1,-46.9577,-17.155,-0.82479,-0.186469,-0.0583268,-0.00280427
424.812,1,1,46.9577,17.155,0.82479,0.186469,0.0583268,0.00280427

orb:1,1,2.91216,1.07895,3.94385,0,0,-2.69019ptc:427.506,0,1,-44.9918,-15.1608,-15.6808,-0.180755,-0.0515877,-0.053357
427.506,1,1,44.9918,15.1608,15.6808,0.180755,0.0515877,0.053357

orb:1,1,0.57673,1.01612,0.470302,0,0,-2.93365ptc:422.146,0,1,-48.9229,9.20177,4.67768,-0.192226,0.0312629,0.0158924
422.146,1,1,48.9229,-9.20177,-4.67768,0.192226,-0.0312629,-0.0158924

orb:1,1,4.59289,1.12199,2.76383,0,0,-2.58742ptc:430.933,0,1,-42.5169,-24.4567,9.70484,-0.173629,-0.0833108,0.0330592
430.933,1,1,42.5169,24.4567,-9.70484,0.173629,0.0833108,-0.0330592

orb:1,1,0.715879,1.01997,6.19177,0,0,-2.91042ptc:422.487,0,1,-48.6699,11.4082,-1.0458,-0.191483,0.0387627,-0.00355342
422.487,1,1,48.6699,-11.4082,1.0458,0.191483,-0.0387627,0.00355342

orb:1,1,2.46804,1.06729,5.58041,0,0,-2.72341ptc:426.544,0,1,-45.6915,15.4936,-13.1238,-0.182784,0.0527046,-0.0446435
426.544,1,1,45.6915,-15.4936,13.1238,0.182784,-0.0527046,0.0446435

orb:1,1,1.66532,1.04588,0.642696,0,0,-2.79405ptc:424.739,0,1,-47.0106,13.6318,10.2067,-0.186624,0.0463469,0.0347019
424.739,1,1,47.0106,-13.6318,-10.2067,0.186624,-0.0463469,-0.0347019

orb:1,1,3.52198,1.09476,5.03565,0,0,-2.64934ptc:428.787,0,1,-44.0635,7.50661,-22.4067,-0.178073,0.025553,-0.076274
428.787,1,1,44.0635,-7.50661,22.4067,0.178073,-0.025553,0.076274

orb:1,1,4.70703,1.12485,3.2261,0,0,-2.58141ptc:431.154,0,1,-42.3579,-26.4722,-2.24253,-0.173174,-0.0901833,-0.00763969
431.154,1,1,42.3579,26.4722,2.24253,0.173174,0.0901833,0.00763969

orb:1,1,3.54011,1.09523,0.548515,0,0,-2.64819ptc:428.825,0,1,-44.0364,20.2071,12.3478,-0.177995,0.068787,0.0420332
428.825,1,1,44.0364,-20.2071,-12.3478,0.177995,-0.068787,-0.0420332

orb:1,1,4.59505,1.12204,1.11145,0,0,-2.58731ptc:430.937,0,1,-42.5139,11.6678,23.5888,-0.173621,0.039746,0.0803546
430.937,1,1,42.5139,-11.6678,-23.5888,0.173621,-0.039746,-0.0803546

orb:1,1,4.6587,1.12364,2.38806,0,0,-2.58395ptc:431.061,0,1,-42.4251,-19.2964,18.1041,-0.173367,-0.0657354,0.0616736
431.061,1,1,42.4251,19.2964,-18.1041,0.173367,0.0657354,-0.0616736

orb:1,1,0.519071,1.01452,2.51164,0,0,-2.94414ptc:422.004,0,1,-49.0285,-7.92594,5.77841,-0.192536,-0.0269273,0.0196313
422.004,1,1,49.0285,7.92594,-5.77841,0.192536,0.0269273,-0.0196313

orb:1,1,0.99843,1.02775,5.69478,0,0,-2.86977ptc:423.172,0,1,-48.1642,11.1668,-7.45098,-0.189998,0.0379494,-0.0253216
423.172,1,1,48.1642,-11.1668,7.45098,0.189998,-0.0379494,0.0253216

orb:1,1,2.62281,1.07137,3.64265,0,0,-2.71145ptc:426.882,0,1,-45.4453,-18.287,-10.0154,-0.182069,-0.0622133,-0.0340728
426.882,1,1,45.4453,18.287,10.0154,0.182069,0.0622133,0.0340728

orb:1,1,4.75959,1.12617,3.42877,0,0,-2.57868ptc:431.256,0,1,-42.2851,-25.59,-7.55787,-0.172966,-0.087181,-0.0257484
431.256,1,1,42.2851,25.59,7.55787,0.172966,0.087181,0.0257484

orb:1,1,4.21183,1.11238,1.03062,0,0,-2.60825ptc:430.184,0,1,-43.0556,13.0736,21.8013,-0.175174,0.0445238,0.0742467
430.184,1,1,43.0556,-13.0736,-21.8013,0.175174,-0.0445238,-0.0742467

orb:1,1,2.23788,1.06119,4.77506,0,0,-2.74207ptc:426.035,0,1,-46.0624,1.21811,-19.4107,-0.183861,0.00414303,-0.0660194
426.035,1,1,46.0624,-1.21811,19.4107,0.183861,-0.00414303,0.0660194

orb:1,1,3.03157,1.08206,4.40337,0,0,-2.6818ptc:427.76,0,1,-44.8071,-6.74793,-21.1373,-0.180221,-0.022963,-0.0719296
427.76,1,1,44.8071,6.74793,21.1373,0.180221,0.022963,0.0719296

orb:1,1,4.437,1.11807,0.773189,0,0,-2.5958ptc:430.629,0,1,-42.7358,18.5756,18.1274,-0.174256,0.0632705,0.0617441
430.629,1,1,42.7358,-18.5756,-18.1274,0.174256,-0.0632705,-0.0617441

orb:1,1,4.74597,1.12583,4.09405,0,0,-2.57938ptc:431.23,0,1,-42.304,-15.4501,-21.7179,-0.17302,-0.0526356,-0.0739888
431.23,1,1,42.304,15.4501,21.7179,0.17302,0.0526356,0.0739888

orb:1,1,5.38869,1.1418,5.8909,0,0,-2.54742ptc:432.448,0,1,-41.4307,25.8648,-10.701,-0.170527,0.0881539,-0.0364716
432.448,1,1,41.4307,-25.8648,10.701,0.170527,-0.0881539,0.0364716

orb:1,1,5.27673,1.13904,0.397979,0,0,-2.55279ptc:432.239,0,1,-41.5804,25.5979,10.7617,-0.170954,0.0872377,0.0366759
432.239,1,1,41.5804,-25.5979,-10.7617,0.170954,-0.0872377,-0.0366759

orb:1,1,2.614,1.07113,4.54229,0,0,-2.71212ptc:426.863,0,1,-45.4593,-3.52442,-20.5191,-0.18211,-0.0119902,-0.0698066
426.863,1,1,45.4593,3.52442,20.5191,0.18211,0.0119902,0.0698066

orb:1,1,1.42473,1.03937,5.37433,0,0,-2.81898ptc:424.181,0,1,-47.4205,9.74362,-12.5045,-0.187821,0.0331223,-0.0425074
424.181,1,1,47.4205,-9.74362,12.5045,0.187821,-0.0331223,0.0425074

orb:1,1,4.91206,1.12998,0.287059,0,0,-2.57085ptc:431.549,0,1,-42.0751,25.9073,7.64818,-0.172366,0.088271,0.0260587
431.549,1,1,42.0751,-25.9073,-7.64818,0.172366,-0.088271,-0.0260587

orb:1,1,4.89242,1.12949,1.83812,0,0,-2.57185ptc:431.511,0,1,-42.1021,-7.12427,26.0127,-0.172443,-0.0242734,0.0886289
431.511,1,1,42.1021,7.12427,-26.0127,0.172443,0.0242734,-0.0886289

orb:1,1,0.9872,1.02744,2.17386,0,0,-2.87126ptc:423.145,0,1,-48.1841,-7.57327,10.9973,-0.190057,-0.025737,0.0373734
423.145,1,1,48.1841,7.57327,-10.9973,0.190057,0.025737,-0.0373734

orb:1,1,5.6071,1.14718,2.80608,0,0,-2.53716ptc:432.853,0,1,-41.1412,-26.8304,9.35569,-0.169703,-0.0914579,0.0318911
432.853,1,1,41.1412,26.8304,-9.35569,0.169703,0.0914579,-0.0318911

orb:1,1,1.44232,1.03985,2.73815,0,0,-2.81708ptc:424.222,0,1,-47.3903,-14.6626,6.25879,-0.187733,-0.0498442,0.0212762
424.222,1,1,47.3903,14.6626,-6.25879,0.187733,0.0498442,-0.0212762

orb:1,1,0.727642,1.0203,3.91019,0,0,-2.90857ptc:422.516,0,1,-48.6486,-8.3003,-8.0259,-0.19142,-0.028203,-0.0272706
422.516,1,1,48.6486,8.3003,8.0259,0.19142,0.028203,0.0272706

orb:1,1,3.31321,1.08937,5.7795,0,0,-2.66278ptc:428.354,0,1,-44.3772,20.1753,-11.1186,-0.178978,0.0686686,-0.0378431
428.354,1,1,44.3772,-20.1753,11.1186,0.178978,-0.0686686,0.0378431

orb:1,1,0.361342,1.01013,2.09152,0,0,-2.97644ptc:421.611,0,1,-49.3196,-4.08963,7.13075,-0.193393,-0.0138925,0.0242232
421.611,1,1,49.3196,4.08963,-7.13075,0.193393,0.0138925,-0.0242232

orb:1,1,2.26306,1.06186,4.46803,0,0,-2.73998ptc:426.091,0,1,-46.0215,-4.72868,-18.9647,-0.183743,-0.0160834,-0.0645036
426.091,1,1,46.0215,4.72868,18.9647,0.183743,0.0160834,0.0645036

orb:1,1,5.31594,1.14001,3.91121,0,0,-2.5509ptc:432.312,0,1,-41.5279,-19.9988,-19.3774,-0.170804,-0.0681576,-0.0660401
432.312,1,1,41.5279,19.9988,19.3774,0.170804,0.0681576,0.0660401

orb:1,1,3.34065,1.09008,4.3843,0,0,-2.66099ptc:428.411,0,1,-44.3357,-7.44867,-21.8829,-0.178859,-0.0253527,-0.074482
428.411,1,1,44.3357,7.44867,21.8829,0.178859,0.0253527,0.074482

orb:1,1,1.95377,1.05362,1.87931,0,0,-2.76675ptc:425.398,0,1,-46.5282,-5.55868,17.4421,-0.185217,-0.0189026,0.0593128
425.398,1,1,46.5282,5.55868,-17.4421,0.185217,0.0189026,-0.0593128

orb:1,1,2.0209,1.05542,4.5392,0,0,-2.76074ptc:425.549,0,1,-46.4173,-3.20277,-18.3078,-0.184894,-0.0108917,-0.0622594
425.549,1,1,46.4173,3.20277,18.3078,0.184894,0.0108917,0.0622594

orb:1,1,3.04062,1.0823,1.71856,0,0,-2.68117ptc:427.78,0,1,-44.7932,-3.27078,21.9743,-0.180181,-0.0111304,0.0747784
427.78,1,1,44.7932,3.27078,-21.9743,0.180181,0.0111304,-0.0747784

orb:1,1,0.609495,1.01703,2.21259,0,0,-2.92793ptc:422.227,0,1,-48.8631,-6.34667,8.49239,-0.19205,-0.0215632,0.0288534
422.227,1,1,48.8631,6.34667,-8.49239,0.19205,0.0215632,-0.0288534

orb:1,1,0.167763,1.00472,5.34282,0,0,-3.02871ptc:421.124,0,1,-49.6818,3.32002,-4.54942,-0.19446,0.0112767,-0.0154524
421.124,1,1,49.6818,-3.32002,4.54942,0.19446,-0.0112767,0.0154524

orb:1,1,1.07552,1.02986,5.06232,0,0,-2.8598ptc:423.356,0,1,-48.028,4.76667,-13.0611,-0.189599,0.0162,-0.0443895
423.356,1,1,48.028,-4.76667,13.0611,0.189599,-0.0162,0.0443895

orb:1,1,4.65497,1.12355,1.09773,0,0,-2.58414ptc:431.054,0,1,-42.4303,12.0518,23.5462,-0.173381,0.0410556,0.0802125
431.054,1,1,42.4303,-12.0518,-23.5462,0.173381,-0.0410556,-0.0802125

orb:1,1,2.13959,1.05858,4.02567,0,0,-2.75039ptc:425.816,0,1,-46.2225,-12.0873,-14.7437,-0.184327,-0.0411086,-0.0501429
425.816,1,1,46.2225,12.0873,14.7437,0.184327,0.0411086,0.0501429

orb:1,1,1.24389,1.03446,2.41365,0,0,-2.83932ptc:423.756,0,1,-47.7332,-11.1118,9.90316,-0.188736,-0.0377688,0.0336606
423.756,1,1,47.7332,11.1118,-9.90316,0.188736,0.0377688,-0.0336606

orb:1,1,2.55433,1.06956,6.06659,0,0,-2.71669ptc:426.733,0,1,-45.5539,20.13,-4.42959,-0.182385,0.0684802,-0.015069
426.733,1,1,45.5539,-20.13,4.42959,0.182385,-0.0684802,0.015069

orb:1,1,4.67862,1.12414,2.23099,0,0,-2.5829ptc:431.1,0,1,-42.3974,-16.254,20.9348,-0.173287,-0.0553719,0.0713178
431.1,1,1,42.3974,16.254,-20.9348,0.173287,0.0553719,-0.0713178

orb:1,1,1.91627,1.05262,4.05435,0,0,-2.77016ptc:425.313,0,1,-46.5904,-11.0984,-14.3583,-0.185398,-0.0377398,-0.0488251
425.313,1,1,46.5904,11.0984,14.3583,0.185398,0.0377398,0.0488251

orb:1,1,4.83009,1.12793,2.67538,0,0,-2.57504ptc:431.392,0,1,-42.1878,-23.9723,12.0631,-0.172688,-0.0816737,0.0410989
431.392,1,1,42.1878,23.9723,-12.0631,0.172688,0.0816737,-0.0410989

orb:1,1,1.28636,1.03562,0.618782,0,0,-2.8344ptc:423.856,0,1,-47.6594,12.3157,8.76968,-0.18852,0.041862,0.0298088
423.856,1,1,47.6594,-12.3157,-8.76968,0.18852,-0.041862,-0.0298088

orb:1,1,4.02857,1.10773,4.19896,0,0,-2.61871ptc:429.818,0,1,-43.3191,-12.2639,-21.7497,-0.175931,-0.0417612,-0.074062
429.818,1,1,43.3191,12.2639,21.7497,0.175931,0.0417612,0.074062

orb:1,1,5.36178,1.14114,3.57084,0,0,-2.54871ptc:432.398,0,1,-41.4666,-25.4033,-11.6275,-0.170629,-0.0865792,-0.0396286
432.398,1,1,41.4666,25.4033,11.6275,0.170629,0.0865792,0.0396286

orb:1,1,0.773154,1.02156,5.8799,0,0,-2.90156ptc:422.627,0,1,-48.5665,10.933,-4.66478,-0.191179,0.0371497,-0.0158506
422.627,1,1,48.5665,-10.933,4.66478,0.191179,-0.0371497,0.0158506

orb:1,1,5.53321,1.14536,3.21005,0,0,-2.5406ptc:432.717,0,1,-41.2387,-28.2068,-1.93395,-0.169981,-0.0961452,-0.00659201
432.717,1,1,41.2387,28.2068,1.93395,0.169981,0.0961452,0.00659201

orb:1,1,5.59704,1.14693,4.56811,0,0,-2.53763ptc:432.834,0,1,-41.1545,-4.08268,-28.1005,-0.169741,-0.0139167,-0.0957868
432.834,1,1,41.1545,4.08268,28.1005,0.169741,0.0139167,0.0957868

orb:1,1,1.81047,1.04978,3.138,0,0,-2.78ptc:425.072,0,1,-46.7667,-17.6883,0.0635265,-0.185912,-0.0601443,0.000216005
425.072,1,1,46.7667,17.6883,-0.0635265,0.185912,0.0601443,-0.000216005

orb:1,1,5.57534,1.1464,2.39694,0,0,-2.53863ptc:432.794,0,1,-41.1831,-20.8494,19.216,-0.169822,-0.0710687,0.0655011
432.794,1,1,41.1831,20.8494,-19.216,0.169822,0.0710687,-0.0655011

orb:1,1,4.96252,1.13124,3.13555,0,0,-2.5683ptc:431.645,0,1,-42.006,-27.1195,0.163974,-0.172168,-0.092404,0.000558708
431.645,1,1,42.006,27.1195,-0.163974,0.172168,0.092404,-0.000558708

orb:1,1,4.27184,1.1139,3.21902,0,0,-2.60489ptc:430.303,0,1,-42.9699,-25.4887,-1.97744,-0.174928,-0.0868081,-0.00673466
430.303,1,1,42.9699,25.4887,1.97744,0.174928,0.0868081,0.00673466

orb:1,1,1.40647,1.03888,5.47984,0,0,-2.82096ptc:424.139,0,1,-47.4519,10.941,-11.3409,-0.187913,0.037192,-0.0385517
424.139,1,1,47.4519,-10.941,11.3409,0.187913,-0.037192,0.0385517

orb:1,1,3.97041,1.10625,0.42751,0,0,-2.62209ptc:429.701,0,1,-43.4034,22.5883,10.2915,-0.176173,0.0769147,0.0350432
429.701,1,1,43.4034,-22.5883,-10.2915,0.176173,-0.0769147,-0.0350432

orb:1,1,4.91492,1.13005,6.07773,0,0,-2.57071ptc:431.554,0,1,-42.0712,26.4505,-5.51209,-0.172354,0.090122,-0.0187807
431.554,1,1,42.0712,-26.4505,5.51209,0.172354,-0.090122,0.0187807

orb:1,1,3.36627,1.09075,1.36697,0,0,-2.65932ptc:428.464,0,1,-44.2971,4.69415,22.7098,-0.178747,0.0159775,0.0772977
428.464,1,1,44.2971,-4.69415,-22.7098,0.178747,-0.0159775,-0.0772977

orb:1,1,1.66737,1.04593,0.389302,0,0,-2.79385ptc:424.744,0,1,-47.0071,15.7641,6.46704,-0.186614,0.0535965,0.0219874
424.744,1,1,47.0071,-15.7641,-6.46704,0.186614,-0.0535965,-0.0219874

orb:1,1,3.01747,1.0817,4.86341,0,0,-2.68278ptc:427.73,0,1,-44.8289,3.33163,-21.8923,-0.180284,0.0113373,-0.0744981
427.73,1,1,44.8289,-3.33163,21.8923,0.180284,-0.0113373,0.0744981

orb:1,1,4.76534,1.12631,2.33929,0,0,-2.57838ptc:431.267,0,1,-42.2772,-18.5547,19.1928,-0.172943,-0.0632132,0.0653871
431.267,1,1,42.2772,18.5547,-19.1928,0.172943,0.0632132,-0.0653871

orb:1,1,2.45747,1.06701,0.676812,0,0,-2.72425ptc:426.521,0,1,-45.7084,15.7994,12.6933,-0.182833,0.0537445,0.0431785
426.521,1,1,45.7084,-15.7994,-12.6933,0.182833,-0.0537445,-0.0431785

orb:1,1,2.53017,1.06893,4.84076,0,0,-2.71856ptc:426.68,0,1,-45.5924,2.62779,-20.3575,-0.182496,0.00893933,-0.0692531
426.68,1,1,45.5924,-2.62779,20.3575,0.182496,-0.00893933,0.0692531

orb:1,1,3.55007,1.09548,2.58003,0,0,-2.64757ptc:428.845,0,1,-44.0216,-20.0675,12.6252,-0.177952,-0.0683124,0.0429777
428.845,1,1,44.0216,20.0675,-12.6252,0.177952,0.0683124,-0.0429777

orb:1,1,0.122312,1.00344,6.04662,0,0,-3.04514ptc:421.009,0,1,-49.7676,4.68109,-1.12851,-0.194713,0.0158992,-0.00383294
421.009,1,1,49.7676,-4.68109,1.12851,0.194713,-0.0158992,0.00383294

orb:1,1,1.25927,1.03488,3.44718,0,0,-2.83753ptc:423.793,0,1,-47.7064,-14.2764,-4.50371,-0.188658,-0.0485255,-0.0153082
423.793,1,1,47.7064,14.2764,4.50371,0.188658,0.0485255,0.0153082

orb:1,1,0.641255,1.01791,1.21673,0,0,-2.92254ptc:422.305,0,1,-48.8052,3.76707,10.1911,-0.19188,0.0127991,0.0346255
422.305,1,1,48.8052,-3.76707,-10.1911,0.19188,-0.0127991,-0.0346255

orb:1,1,5.58212,1.14657,2.91099,0,0,-2.53832ptc:432.807,0,1,-41.1742,-27.6162,6.48356,-0.169797,-0.0941349,0.0221004
432.807,1,1,41.1742,27.6162,-6.48356,0.169797,0.0941349,-0.0221004

orb:1,1,1.55411,1.04288,0.850188,0,0,-2.8053ptc:424.482,0,1,-47.1992,10.8871,12.3978,-0.187175,0.0370125,0.0421485
424.482,1,1,47.1992,-10.8871,-12.3978,0.187175,-0.0370125,-0.0421485

orb:1,1,2.58905,1.07048,4.40657,0,0,-2.71402ptc:426.808,0,1,-45.4988,-6.24225,-19.771,-0.182225,-0.021236,-0.0672605
426.808,1,1,45.4988,6.24225,19.771,0.182225,0.021236,0.0672605

orb:1,1,0.240176,1.00675,6.01354,0,0,-3.00669ptc:421.307,0,1,-49.5457,6.48187,-1.79146,-0.194059,0.0220172,-0.00608511
421.307,1,1,49.5457,-6.48187,1.79146,0.194059,-0.0220172,0.00608511

orb:1,1,1.16971,1.03244,4.77211,0,0,-2.84814ptc:423.58,0,1,-47.8626,0.863224,-14.4369,-0.189115,0.00293393,-0.0490684
423.58,1,1,47.8626,-0.863224,14.4369,0.189115,-0.00293393,0.0490684

orb:1,1,0.909333,1.02531,1.7697,0,0,-2.88183ptc:422.957,0,1,-48.3225,-2.53761,12.5895,-0.190463,-0.00862337,0.042782
422.957,1,1,48.3225,2.53761,-12.5895,0.190463,0.00862337,-0.042782

orb:1,1,1.06803,1.02966,5.81924,0,0,-2.86075ptc:423.338,0,1,-48.0412,12.3932,-6.2012,-0.189638,0.0421193,-0.0210753
423.338,1,1,48.0412,-12.3932,6.2012,0.189638,-0.0421193,0.0210753

orb:1,1,3.61083,1.09705,2.47312,0,0,-2.64377ptc:428.97,0,1,-43.9312,-18.7369,14.798,-0.177692,-0.0637852,0.0503762
428.97,1,1,43.9312,18.7369,-14.798,0.177692,0.0637852,-0.0503762

orb:1,1,5.04606,1.13332,0.214867,0,0,-2.56411ptc:431.804,0,1,-41.8921,26.6679,5.81992,-0.171843,0.0908706,0.0198313
431.804,1,1,41.8921,-26.6679,-5.81992,0.171843,-0.0908706,-0.0198313

orb:1,1,2.13778,1.05853,0.536146,0,0,-2.75054ptc:425.812,0,1,-46.2255,16.3838,9.73531,-0.184336,0.0557208,0.0331095
425.812,1,1,46.2255,-16.3838,-9.73531,0.184336,-0.0557208,-0.0331095

orb:1,1,5.0948,1.13453,5.3557,0,0,-2.56169ptc:431.896,0,1,-41.8259,16.4341,-21.9206,-0.171654,0.0560007,-0.0746966
431.896,1,1,41.8259,-16.4341,21.9206,0.171654,-0.0560007,0.0746966

orb:1,1,0.901979,1.0251,2.52865,0,0,-2.88285ptc:422.939,0,1,-48.3356,-10.4644,7.35966,-0.190501,-0.0355601,0.0250097
422.939,1,1,48.3356,10.4644,-7.35966,0.190501,0.0355601,-0.0250097

orb:1,1,4.19022,1.11183,4.194,0,0,-2.60947ptc:430.141,0,1,-43.0865,-12.5696,-22.0354,-0.175262,-0.0428064,-0.075043
430.141,1,1,43.0865,12.5696,22.0354,0.175262,0.0428064,0.075043

orb:1,1,1.91646,1.05262,2.09911,0,0,-2.77014ptc:425.313,0,1,-46.5901,-9.14813,15.6741,-0.185397,-0.031108,0.0532993
425.313,1,1,46.5901,9.14813,-15.6741,0.185397,0.031108,-0.0532993

orb:1,1,3.29992,1.08903,4.0857,0,0,-2.66366ptc:428.326,0,1,-44.3973,-13.4872,-18.6273,-0.179036,-0.0459045,-0.0633992
428.326,1,1,44.3973,13.4872,18.6273,0.179036,0.0459045,0.0633992

orb:1,1,5.58025,1.14652,4.1147,0,0,-2.53841ptc:432.803,0,1,-41.1766,-15.961,-23.4464,-0.169804,-0.0544061,-0.0799212
432.803,1,1,41.1766,15.961,23.4464,0.169804,0.0544061,0.0799212

orb:1,1,4.10932,1.10978,1.09554,0,0,-2.61406ptc:429.98,0,1,-43.2026,11.517,22.3806,-0.175596,0.0392197,0.0762144
429.98,1,1,43.2026,-11.517,-22.3806,0.175596,-0.0392197,-0.0762144

orb:1,1,3.62757,1.09748,0.825612,0,0,-2.64273ptc:429.004,0,1,-43.9064,16.2212,17.5813,-0.17762,0.055222,0.0598521
429.004,1,1,43.9064,-16.2212,-17.5813,0.17762,-0.055222,-0.0598521

orb:1,1,0.265823,1.00746,2.09538,0,0,-2.99972ptc:421.372,0,1,-49.4977,-3.54084,6.11904,-0.193918,-0.0120275,0.0207851
421.372,1,1,49.4977,3.54084,-6.11904,0.193918,0.0120275,-0.0207851

orb:1,1,2.70049,1.07341,1.47647,0,0,-2.70561ptc:427.05,0,1,-45.3227,1.98876,21.0213,-0.181714,0.00676621,0.0715193
427.05,1,1,45.3227,-1.98876,-21.0213,0.181714,-0.00676621,-0.0715193

orb:1,1,3.53256,1.09503,1.85645,0,0,-2.64867ptc:428.809,0,1,-44.0477,-6.667,22.7014,-0.178028,-0.0226951,0.0772776
428.809,1,1,44.0477,6.667,-22.7014,0.178028,0.0226951,-0.0772776

orb:1,1,3.15616,1.0853,4.36387,0,0,-2.67325ptc:428.024,0,1,-44.616,-7.70785,-21.2133,-0.179668,-0.0262317,-0.0721941
428.024,1,1,44.616,7.70785,21.2133,0.179668,0.0262317,0.0721941

orb:1,1,2.12234,1.05812,2.28223,0,0,-2.75187ptc:425.777,0,1,-46.2507,-12.4033,14.3885,-0.184409,-0.0421829,0.0489342
425.777,1,1,46.2507,12.4033,-14.3885,0.184409,0.0421829,-0.0489342

orb:1,1,1.63742,1.04513,2.71249,0,0,-2.79683ptc:424.675,0,1,-47.0578,-15.3666,7.03077,-0.186762,-0.0522443,0.0239036
424.675,1,1,47.0578,15.3666,-7.03077,0.186762,0.0522443,-0.0239036

orb:1,1,2.21284,1.06053,1.55596,0,0,-2.74417ptc:425.98,0,1,-46.1031,0.287018,19.3501,-0.18398,0.000976187,0.0658122
425.98,1,1,46.1031,-0.287018,-19.3501,0.18398,-0.000976187,-0.0658122

orb:1,1,3.76792,1.10107,3.53174,0,0,-2.63414ptc:429.291,0,1,-43.6992,-22.4719,-9.24113,-0.177024,-0.0765081,-0.0314625
429.291,1,1,43.6992,22.4719,9.24113,0.177024,0.0765081,0.0314625

orb:1,1,4.80857,1.12739,1.76426,0,0,-2.57615ptc:431.35,0,1,-42.2175,-5.15069,26.2899,-0.172773,-0.0175481,0.0895682
431.35,1,1,42.2175,5.15069,-26.2899,0.172773,0.0175481,-0.0895682

orb:1,1,0.664724,1.01856,1.76442,0,0,-2.91865ptc:422.362,0,1,-48.7626,-2.12709,10.8483,-0.191755,-0.00722717,0.036859
422.362,1,1,48.7626,2.12709,-10.8483,0.191755,0.00722717,-0.036859

orb:1,1,4.27331,1.11393,4.87935,0,0,-2.60481ptc:430.306,0,1,-42.9678,4.24911,-25.2133,-0.174922,0.0144714,-0.0858702
430.306,1,1,42.9678,-4.24911,25.2133,0.174922,-0.0144714,0.0858702

orb:1,1,5.47836,1.14401,6.09207,0,0,-2.54317ptc:432.615,0,1,-41.3114,27.654,-5.35034,-0.170187,0.0942573,-0.0182364
432.615,1,1,41.3114,-27.654,5.35034,0.170187,-0.0942573,0.0182364

orb:1,1,4.94186,1.13072,1.67171,0,0,-2.56934ptc:431.606,0,1,-42.0343,-2.72771,26.9384,-0.172249,-0.00929398,0.0917858
431.606,1,1,42.0343,2.72771,-26.9384,0.172249,0.00929398,-0.0917858

orb:1,1,0.814281,1.02269,2.4823,0,0,-2.89542ptc:422.727,0,1,-48.4926,-9.63116,7.46394,-0.190962,-0.0327269,0.0253626
422.727,1,1,48.4926,9.63116,-7.46394,0.190962,0.0327269,-0.0253626

orb:1,1,3.35397,1.09043,5.20719,0,0,-2.66012ptc:428.439,0,1,-44.3156,10.995,-20.3774,-0.178801,0.0374234,-0.0693583
428.439,1,1,44.3156,-10.995,20.3774,0.178801,-0.0374234,0.0693583

orb:1,1,3.89272,1.10426,4.6932,0,0,-2.62667ptc:429.545,0,1,-43.5164,-0.472517,-24.619,-0.176498,-0.00160887,-0.0838252
429.545,1,1,43.5164,0.472517,24.619,0.176498,0.00160887,0.0838252

orb:1,1,5.39679,1.142,1.69188,0,0,-2.54704ptc:432.463,0,1,-41.4199,-3.38289,27.802,-0.170496,-0.0115298,0.0947568
432.463,1,1,41.4199,3.38289,-27.802,0.170496,0.0115298,-0.0947568

orb:1,1,0.719895,1.02009,5.64223,0,0,-2.90979ptc:422.497,0,1,-48.6626,9.20699,-6.86867,-0.191461,0.0312836,-0.0233384
422.497,1,1,48.6626,-9.20699,6.86867,0.191461,-0.0312836,0.0233384

orb:1,1,4.45915,1.11863,0.286926,0,0,-2.5946ptc:430.672,0,1,-42.7046,24.943,7.35989,-0.174167,0.08496,0.025069
430.672,1,1,42.7046,-24.943,-7.35989,0.174167,-0.08496,-0.025069

orb:1,1,1.57692,1.04349,3.77305,0,0,-2.80295ptc:424.535,0,1,-47.1604,-13.4072,-9.80539,-0.187061,-0.0455806,-0.0333356
424.535,1,1,47.1604,13.4072,9.80539,0.187061,0.0455806,0.0333356

orb:1,1,5.5293,1.14527,5.9823,0,0,-2.54078ptc:432.709,0,1,-41.2439,26.9957,-8.37693,-0.169995,0.0920166,-0.0285533
432.709,1,1,41.2439,-26.9957,8.37693,0.169995,-0.0920166,0.0285533

orb:1,1,5.09079,1.13443,1.11487,0,0,-2.56189ptc:431.889,0,1,-41.8313,12.0591,24.591,-0.171669,0.0410924,0.0837958
431.889,1,1,41.8313,-12.0591,-24.591,0.171669,-0.0410924,-0.0837958

orb:1,1,3.0573,1.08273,1.22428,0,0,-2.68001ptc:427.815,0,1,-44.7675,7.56276,20.9445,-0.180106,0.0257363,0.0712747
427.815,1,1,44.7675,-7.56276,-20.9445,0.180106,-0.0257363,-0.0712747

orb:1,1,4.38451,1.11674,2.71809,0,0,-2.59866ptc:430.525,0,1,-42.8099,-23.5502,10.616,-0.174469,-0.0802119,0.0361579
430.525,1,1,42.8099,23.5502,-10.616,0.174469,0.0802119,-0.0361579

orb:1,1,1.33635,1.03698,2.05069,0,0,-2.82873ptc:423.974,0,1,-47.5728,-7.10501,13.6509,-0.188267,-0.0241512,0.046402
423.974,1,1,47.5728,7.10501,-13.6509,0.188267,0.0241512,-0.046402

orb:1,1,4.88164,1.12922,1.25852,0,0,-2.5724ptc:431.49,0,1,-42.1169,8.27907,25.6442,-0.172485,0.0282077,0.0873728
431.49,1,1,42.1169,-8.27907,-25.6442,0.172485,-0.0282077,-0.0873728

orb:1,1,4.96089,1.1312,5.8673,0,0,-2.56838ptc:431.642,0,1,-42.0083,24.8051,-10.955,-0.172175,0.0845183,-0.0373268
431.642,1,1,42.0083,-24.8051,10.955,0.172175,-0.0845183,0.0373268

orb:1,1,4.40465,1.11725,5.88674,0,0,-2.59756ptc:430.565,0,1,-42.7815,23.8723,-9.99311,-0.174387,0.08131,-0.034037
430.565,1,1,42.7815,-23.8723,9.99311,0.174387,-0.08131,0.034037

orb:1,1,2.99561,1.08113,1.58943,0,0,-2.6843ptc:427.684,0,1,-44.8626,-0.411431,22.0721,-0.180381,-0.00140005,0.0751088
427.684,1,1,44.8626,0.411431,-22.0721,0.180381,0.00140005,-0.0751088

orb:1,1,2.64849,1.07204,6.15116,0,0,-2.70951ptc:426.938,0,1,-45.4047,20.756,-2.75632,-0.181952,0.0706143,-0.0093773
426.938,1,1,45.4047,-20.756,2.75632,0.181952,-0.0706143,0.0093773

orb:1,1,5.21037,1.13739,1.01431,0,0,-2.55602ptc:432.114,0,1,-41.6697,14.5965,23.4645,-0.171208,0.0497426,0.0799635
432.114,1,1,41.6697,-14.5965,-23.4645,0.171208,-0.0497426,-0.0799635

orb:1,1,4.77089,1.12645,3.17902,0,0,-2.57809ptc:431.278,0,1,-42.2695,-26.6888,-0.999275,-0.172921,-0.0909251,-0.0034044
431.278,1,1,42.2695,26.6888,0.999275,0.172921,0.0909251,0.0034044

orb:1,1,0.27047,1.00759,2.58375,0,0,-2.9985ptc:421.384,0,1,-49.489,-6.0493,3.77445,-0.193892,-0.0205483,0.0128211
421.384,1,1,49.489,6.0493,-3.77445,0.193892,0.0205483,-0.0128211

orb:1,1,4.28623,1.11426,1.18255,0,0,-2.60409ptc:430.332,0,1,-42.9494,9.69129,23.6944,-0.174869,0.0330064,0.080698
430.332,1,1,42.9494,-9.69129,-23.6944,0.174869,-0.0330064,-0.080698

orb:1,1,1.87093,1.0514,0.0718858,0,0,-2.77433ptc:425.21,0,1,-46.6658,17.9065,1.28945,-0.185618,0.0608889,0.0043846
425.21,1,1,46.6658,-17.9065,-1.28945,0.185618,-0.0608889,-0.0043846

orb:1,1,3.12595,1.08452,3.6497,0,0,-2.67531ptc:427.96,0,1,-44.6622,-19.6389,-10.9364,-0.179802,-0.0668345,-0.0372185
427.96,1,1,44.6622,19.6389,10.9364,0.179802,0.0668345,0.0372185

orb:1,1,5.44202,1.14312,3.76152,0,0,-2.54489ptc:432.548,0,1,-41.3596,-22.8679,-16.3229,-0.170325,-0.0779423,-0.0556347
432.548,1,1,41.3596,22.8679,16.3229,0.170325,0.0779423,0.0556347

orb:1,1,4.08023,1.10904,0.685727,0,0,-2.61573ptc:429.922,0,1,-43.2445,19.4248,15.893,-0.175716,0.0661476,0.0541206
429.922,1,1,43.2445,-19.4248,-15.893,0.175716,-0.0661476,-0.0541206

orb:1,1,1.00595,1.02796,1.54967,0,0,-2.86878ptc:423.19,0,1,-48.1508,0.28461,13.4691,-0.189959,0.000967231,0.0457739
423.19,1,1,48.1508,-0.28461,-13.4691,0.189959,-0.000967231,-0.0457739

orb:1,1,3.5198,1.09471,4.85081,0,0,-2.64948ptc:428.783,0,1,-44.0667,3.25977,-23.3987,-0.178083,0.0110964,-0.0796505
428.783,1,1,44.0667,-3.25977,23.3987,0.178083,-0.0110964,0.0796505

orb:1,1,4.54855,1.12088,4.45194,0,0,-2.58979ptc:430.847,0,1,-42.579,-6.74981,-25.3273,-0.173807,-0.0229923,-0.0862741
430.847,1,1,42.579,6.74981,25.3273,0.173807,0.0229923,0.0862741

orb:1,1,2.6872,1.07306,4.87532,0,0,-2.7066ptc:427.022,0,1,-45.3437,3.41772,-20.7912,-0.181775,0.0116278,-0.0707356
427.022,1,1,45.3437,-3.41772,20.7912,0.181775,-0.0116278,0.0707356

orb:1,1,4.78489,1.1268,0.688924,0,0,-2.57737ptc:431.305,0,1,-42.2501,20.6399,16.9976,-0.172866,0.0703182,0.0579091
431.305,1,1,42.2501,-20.6399,-16.9976,0.172866,-0.0703182,-0.0579091

orb:1,1,4.79848,1.12714,3.01025,0,0,-2.57667ptc:431.331,0,1,-42.2314,-26.5372,3.50567,-0.172812,-0.0904102,0.0119435
431.331,1,1,42.2314,26.5372,-3.50567,0.172812,0.0904102,-0.0119435

orb:1,1,2.76402,1.07507,4.89584,0,0,-2.7009ptc:427.188,0,1,-45.2229,3.89067,-20.9702,-0.181425,0.0132375,-0.0713484
427.188,1,1,45.2229,-3.89067,20.9702,0.181425,-0.0132375,0.0713484

orb:1,1,0.790242,1.02203,0.172416,0,0,-2.89899ptc:422.669,0,1,-48.5358,11.8335,2.06074,-0.191089,0.0402097,0.00700232
422.669,1,1,48.5358,-11.8335,-2.06074,0.191089,-0.0402097,-0.00700232

orb:1,1,1.08457,1.03011,3.29297,0,0,-2.85866ptc:423.378,0,1,-48.012,-13.799,-2.10497,-0.189553,-0.0468976,-0.00715401
423.378,1,1,48.012,13.799,2.10497,0.189553,0.0468976,0.00715401

orb:1,1,3.02039,1.08177,5.61998,0,0,-2.68257ptc:427.737,0,1,-44.8244,17.4575,-13.6387,-0.180271,0.0594068,-0.0464115
427.737,1,1,44.8244,-17.4575,13.6387,0.180271,-0.0594068,0.0464115

orb:1,1,5.24518,1.13826,1.76033,0,0,-2.55432ptc:432.18,0,1,-41.6228,-5.21946,27.2084,-0.171075,-0.0177875,0.0927244
432.18,1,1,41.6228,5.21946,-27.2084,0.171075,0.0177875,-0.0927244

orb:1,1,4.88043,1.12919,3.0246,0,0,-2.57246ptc:431.488,0,1,-42.1185,-26.7608,3.14505,-0.17249,-0.0911769,0.0107155
431.488,1,1,42.1185,26.7608,-3.14505,0.17249,0.0911769,-0.0107155

orb:1,1,1.24633,1.03453,0.0687428,0,0,-2.83904ptc:423.762,0,1,-47.7289,14.8628,1.02332,-0.188723,0.0505183,0.00347825
423.762,1,1,47.7289,-14.8628,-1.02332,0.188723,-0.0505183,-0.00347825

orb:1,1,2.36873,1.06466,1.65441,0,0,-2.73133ptc:426.325,0,1,-45.8508,-1.66548,19.8728,-0.183247,-0.00566512,0.0675969
426.325,1,1,45.8508,1.66548,-19.8728,0.183247,0.00566512,-0.0675969

orb:1,1,2.16625,1.05929,1.29751,0,0,-2.74811ptc:425.876,0,1,-46.179,5.17409,18.4589,-0.184201,0.0175972,0.0627794
425.876,1,1,46.179,-5.17409,-18.4589,0.184201,-0.0175972,-0.0627794

orb:1,1,3.60895,1.097,4.44655,0,0,-2.64389ptc:428.966,0,1,-43.934,-6.2713,-23.032,-0.1777,-0.0213491,-0.078407
428.966,1,1,43.934,6.2713,23.032,0.1777,0.0213491,0.078407

orb:1,1,0.190506,1.00535,1.75525,0,0,-3.02135ptc:421.182,0,1,-49.639,-1.10006,5.89601,-0.194334,-0.00373651,0.0200265
421.182,1,1,49.639,1.10006,-5.89601,0.194334,0.00373651,-0.0200265

orb:1,1,1.43223,1.03958,3.46533,0,0,-2.81817ptc:424.199,0,1,-47.4076,-15.0654,-5.05515,-0.187784,-0.0512132,-0.0171845
424.199,1,1,47.4076,15.0654,5.05515,0.187784,0.0512132,0.0171845

orb:1,1,3.17527,1.0858,1.9082,0,0,-2.67196ptc:428.064,0,1,-44.5868,-7.49066,21.352,-0.179584,-0.0254929,0.072667
428.064,1,1,44.5868,7.49066,-21.352,0.179584,0.0254929,-0.072667

orb:1,1,2.88914,1.07835,2.30204,0,0,-2.69183ptc:427.457,0,1,-45.0276,-14.5161,16.1802,-0.180859,-0.0493933,0.0550557
427.457,1,1,45.0276,14.5161,-16.1802,0.180859,0.0493933,-0.0550557

orb:1,1,1.72236,1.04741,0.0803308,0,0,-2.78845ptc:424.871,0,1,-46.9144,17.2369,1.38764,-0.186343,0.0586061,0.00471802
424.871,1,1,46.9144,-17.2369,-1.38764,0.186343,-0.0586061,-0.00471802

orb:1,1,5.42026,1.14258,4.09058,0,0,-2.54592ptc:432.507,0,1,-41.3886,-16.3412,-22.8024,-0.170407,-0.055696,-0.077718
432.507,1,1,41.3886,16.3412,22.8024,0.170407,0.055696,0.077718

orb:1,1,4.7626,1.12624,1.61493,0,0,-2.57852ptc:431.262,0,1,-42.281,-1.17742,26.6634,-0.172954,-0.00401128,0.0908379
431.262,1,1,42.281,1.17742,-26.6634,0.172954,0.00401128,-0.0908379

orb:1,1,1.71784,1.04729,5.40729,0,0,-2.78889ptc:424.86,0,1,-46.9221,11.0595,-13.2668,-0.186366,0.0376025,-0.0451076
424.86,1,1,46.9221,-11.0595,13.2668,0.186366,-0.0376025,0.0451076

orb:1,1,5.52725,1.14522,3.88464,0,0,-2.54088ptc:432.706,0,1,-41.2466,-20.8121,-19.12,-0.170003,-0.0709392,-0.0651718
432.706,1,1,41.2466,20.8121,19.12,0.170003,0.0709392,0.0651718

orb:1,1,2.15108,1.05889,5.11435,0,0,-2.7494ptc:425.842,0,1,-46.2037,7.47655,-17.5874,-0.184273,0.0254277,-0.0598147
425.842,1,1,46.2037,-7.47655,17.5874,0.184273,-0.0254277,0.0598147

orb:1,1,4.48253,1.11921,2.78169,0,0,-2.59333ptc:430.718,0,1,-42.6716,-24.3905,9.17794,-0.174073,-0.0830793,0.0312621
430.718,1,1,42.6716,24.3905,-9.17794,0.174073,0.0830793,-0.0312621

orb:1,1,3.4775,1.09362,4.80506,0,0,-2.65216ptc:428.695,0,1,-44.13,2.17517,-23.4055,-0.178265,0.00740422,-0.0796714
428.695,1,1,44.13,-2.17517,23.4055,0.178265,-0.00740422,0.0796714

orb:1,1,3.34034,1.09008,5.86104,0,0,-2.66101ptc:428.41,0,1,-44.3362,21.0858,-9.47068,-0.17886,0.0717687,-0.0322349
428.41,1,1,44.3362,-21.0858,9.47068,0.17886,-0.0717687,0.0322349

orb:1,1,1.53186,1.04228,3.77074,0,0,-2.8076ptc:424.431,0,1,-47.2371,-13.2524,-9.64517,-0.187285,-0.0450531,-0.0327899
424.431,1,1,47.2371,13.2524,9.64517,0.187285,0.0450531,0.0327899

orb:1,1,4.46916,1.11888,2.76041,0,0,-2.59405ptc:430.692,0,1,-42.6904,-24.1611,9.68342,-0.174126,-0.0822971,0.0329835
430.692,1,1,42.6904,24.1611,-9.68342,0.174126,0.0822971,-0.0329835

orb:1,1,4.34415,1.11573,3.47512,0,0,-2.60088ptc:430.446,0,1,-42.8671,-24.319,-8.42586,-0.174633,-0.0828284,-0.0286977
430.446,1,1,42.8671,24.319,8.42586,0.174633,0.0828284,0.0286977

orb:1,1,2.6082,1.07098,5.22357,0,0,-2.71256ptc:426.85,0,1,-45.4685,10.1752,-18.1407,-0.182137,0.0346163,-0.0617149
426.85,1,1,45.4685,-10.1752,18.1407,0.182137,-0.0346163,0.0617149

orb:1,1,4.27457,1.11397,3.20843,0,0,-2.60474ptc:430.309,0,1,-42.966,-25.5148,-1.70793,-0.174917,-0.0868969,-0.00581677
430.309,1,1,42.966,25.5148,1.70793,0.174917,0.0868969,0.00581677

orb:1,1,0.782213,1.02181,2.38406,0,0,-2.90019ptc:422.649,0,1,-48.5502,-8.68425,8.21335,-0.191131,-0.0295086,0.0279085
422.649,1,1,48.5502,8.68425,-8.21335,0.191131,0.0295086,-0.0279085

orb:1,1,0.413929,1.0116,1.26149,0,0,-2.96497ptc:421.743,0,1,-49.2222,2.67412,8.36817,-0.193106,0.00908432,0.0284277
421.743,1,1,49.2222,-2.67412,-8.36817,0.193106,-0.00908432,-0.0284277

orb:1,1,4.54814,1.12087,2.88197,0,0,-2.58981ptc:430.846,0,1,-42.5795,-25.332,6.72854,-0.173809,-0.0862901,0.0229198
430.846,1,1,42.5795,25.332,-6.72854,0.173809,0.0862901,-0.0229198

orb:1,1,4.18106,1.1116,3.13254,0,0,-2.60998ptc:430.123,0,1,-43.0996,-25.345,0.229402,-0.1753,-0.0863135,0.000781237
430.123,1,1,43.0996,25.345,-0.229402,0.1753,0.0863135,-0.000781237

orb:1,1,1.80205,1.04956,5.20614,0,0,-2.78079ptc:425.053,0,1,-46.7807,8.36542,-15.5429,-0.185953,0.0284443,-0.0528493
425.053,1,1,46.7807,-8.36542,15.5429,0.185953,-0.0284443,0.0528493

orb:1,1,1.53773,1.04243,0.691481,0,0,-2.80699ptc:424.444,0,1,-47.2271,12.648,10.4704,-0.187256,0.0429985,0.0355954
424.444,1,1,47.2271,-12.648,-10.4704,0.187256,-0.0429985,-0.0355954

orb:1,1,2.89066,1.07839,2.8194,0,0,-2.69172ptc:427.46,0,1,-45.0252,-20.6236,6.88459,-0.180852,-0.0701749,0.0234259
427.46,1,1,45.0252,20.6236,-6.88459,0.180852,0.0701749,-0.0234259

orb:1,1,1.62729,1.04485,4.87396,0,0,-2.79785ptc:424.652,0,1,-47.0749,2.7108,-16.6314,-0.186812,0.00921626,-0.0565439
424.652,1,1,47.0749,-2.7108,16.6314,0.186812,-0.00921626,0.0565439

orb:1,1,0.381628,1.0107,3.6676,0,0,-2.97192ptc:421.662,0,1,-49.282,-7.30169,-4.23908,-0.193283,-0.0248042,-0.0144004
421.662,1,1,49.282,7.30169,4.23908,0.193283,0.0248042,0.0144004

orb:1,1,0.788912,1.02199,4.11006,0,0,-2.89919ptc:422.665,0,1,-48.5382,-6.79979,-9.88982,-0.191096,-0.0231054,-0.0336052
422.665,1,1,48.5382,6.79979,9.88982,0.191096,0.0231054,0.0336052

orb:1,1,3.66143,1.09835,5.67743,0,0,-2.64064ptc:429.074,0,1,-43.8562,19.7406,-13.6727,-0.177476,0.0672044,-0.046547
429.074,1,1,43.8562,-19.7406,13.6727,0.177476,-0.0672044,0.046547

orb:1,1,2.89756,1.07857,3.13373,0,0,-2.69123ptc:427.475,0,1,-45.0145,-21.7639,0.1711,-0.180821,-0.0740553,0.000582196
427.475,1,1,45.0145,21.7639,-0.1711,0.180821,0.0740553,-0.000582196

orb:1,1,4.86449,1.12879,3.34648,0,0,-2.57328ptc:431.458,0,1,-42.1404,-26.3478,-5.47516,-0.172552,-0.0897689,-0.0186543
431.458,1,1,42.1404,26.3478,5.47516,0.172552,0.0897689,0.0186543

orb:1,1,4.76428,1.12629,5.23539,0,0,-2.57843ptc:431.265,0,1,-42.2786,13.3327,-23.1248,-0.172947,0.0454226,-0.0787827
431.265,1,1,42.2786,-13.3327,23.1248,0.172947,-0.0454226,0.0787827

orb:1,1,2.61061,1.07105,0.00216469,0,0,-2.71238ptc:426.855,0,1,-45.4647,20.8078,0.0450424,-0.182126,0.0707886,0.000153235
426.855,1,1,45.4647,-20.8078,-0.0450424,0.182126,-0.0707886,-0.000153235

orb:1,1,4.15283,1.11088,3.32148,0,0,-2.61158ptc:430.067,0,1,-43.1401,-24.8692,-4.5226,-0.175416,-0.0846915,-0.0154016
430.067,1,1,43.1401,24.8692,4.5226,0.175416,0.0846915,0.0154016

orb:1,1,4.11353,1.10988,5.12942,0,0,-2.61382ptc:429.988,0,1,-43.1966,10.1992,-23.0224,-0.175579,0.0347323,-0.0784003
429.988,1,1,43.1966,-10.1992,23.0224,0.175579,-0.0347323,0.0784003

orb:1,1,3.46443,1.09328,2.72187,0,0,-2.65299ptc:428.668,0,1,-44.1495,-21.4325,9.56394,-0.178321,-0.0729547,0.0325551
428.668,1,1,44.1495,21.4325,-9.56394,0.178321,0.0729547,-0.0325551

orb:1,1,4.97166,1.13146,2.36115,0,0,-2.56784ptc:431.662,0,1,-41.9935,-19.2852,19.0951,-0.172133,-0.0657109,0.065063
431.662,1,1,41.9935,19.2852,-19.0951,0.172133,0.0657109,-0.065063

orb:1,1,4.05998,1.10852,6.12167,0,0,-2.61689ptc:429.881,0,1,-43.2738,24.7216,-4.02808,-0.1758,0.0841837,-0.0137167
429.881,1,1,43.2738,-24.7216,4.02808,0.1758,-0.0841837,0.0137167

orb:1,1,3.22183,1.08701,0.585347,0,0,-2.66884ptc:428.162,0,1,-44.5158,18.9768,12.5786,-0.179379,0.0645856,0.0428098
428.162,1,1,44.5158,-18.9768,-12.5786,0.179379,-0.0645856,-0.0428098

orb:1,1,3.27556,1.0884,2.75159,0,0,-2.66526ptc:428.275,0,1,-44.4342,-21.2044,8.71635,-0.179143,-0.0721694,0.0296662
428.275,1,1,44.4342,21.2044,-8.71635,0.179143,0.0721694,-0.0296662

orb:1,1,1.96576,1.05394,4.76527,0,0,-2.76567ptc:425.425,0,1,-46.5084,0.970188,-18.3311,-0.185159,0.00329921,-0.0623364
425.425,1,1,46.5084,-0.970188,18.3311,0.185159,-0.00329921,0.0623364

orb:1,1,4.54217,1.12072,1.33804,0,0,-2.59013ptc:430.834,0,1,-42.5879,6.04244,25.4904,-0.173833,0.0205827,0.0868293
430.834,1,1,42.5879,-6.04244,-25.4904,0.173833,-0.0205827,-0.0868293

orb:1,1,1.50294,1.04149,0.333189,0,0,-2.81063ptc:424.364,0,1,-47.2865,15.3542,5.31397,-0.18743,0.0521974,0.0180651
424.364,1,1,47.2865,-15.3542,-5.31397,0.18743,-0.0521974,-0.0180651

orb:1,1,2.309,1.06308,0.392486,0,0,-2.73619ptc:426.193,0,1,-45.9472,18.22,7.54245,-0.183526,0.0619728,0.0256545
426.193,1,1,45.9472,-18.22,-7.54245,0.183526,-0.0619728,-0.0256545

orb:1,1,4.40289,1.11721,0.595096,0,0,-2.59766ptc:430.562,0,1,-42.7839,21.4272,14.5054,-0.174394,0.072982,0.0494061
430.562,1,1,42.7839,-21.4272,-14.5054,0.174394,-0.072982,-0.0494061

orb:1,1,1.19995,1.03326,3.87415,0,0,-2.84451ptc:423.652,0,1,-47.8098,-10.8817,-9.78853,-0.18896,-0.0369856,-0.03327
423.652,1,1,47.8098,10.8817,9.78853,0.18896,0.0369856,0.03327

orb:1,1,0.382699,1.01073,1.82077,0,0,-2.97168ptc:421.665,0,1,-49.28,-2.09148,8.19183,-0.193277,-0.00710488,0.0278281
421.665,1,1,49.28,2.09148,-8.19183,0.193277,0.00710488,-0.0278281

orb:1,1,2.76537,1.07511,4.20925,0,0,-2.70081ptc:427.191,0,1,-45.2208,-10.2862,-18.6888,-0.181419,-0.0349974,-0.0635864
427.191,1,1,45.2208,10.2862,18.6888,0.181419,0.0349974,0.0635864

orb:1,1,1.81931,1.05002,3.03574,0,0,-2.77916ptc:425.092,0,1,-46.7519,-17.6282,1.87305,-0.185869,-0.0599403,0.00636885
425.092,1,1,46.7519,17.6282,-1.87305,0.185869,0.0599403,-0.00636885

orb:1,1,4.04481,1.10814,0.826489,0,0,-2.61777ptc:429.851,0,1,-43.2957,16.9432,18.3961,-0.175863,0.0576954,0.062643
429.851,1,1,43.2957,-16.9432,-18.3961,0.175863,-0.0576954,-0.062643

orb:1,1,0.848784,1.02364,0.746451,0,0,-2.89039ptc:422.811,0,1,-48.4307,9.12377,8.43939,-0.19078,0.0310034,0.0286778
422.811,1,1,48.4307,-9.12377,-8.43939,0.19078,-0.0310034,-0.0286778

orb:1,1,3.50282,1.09427,4.23862,0,0,-2.65055ptc:428.748,0,1,-44.0921,-10.757,-20.9804,-0.178156,-0.0366169,-0.0714177
428.748,1,1,44.0921,10.757,20.9804,0.178156,0.0366169,0.0714177

orb:1,1,2.72974,1.07418,1.27956,0,0,-2.70343ptc:427.114,0,1,-45.2767,6.09129,20.3203,-0.181581,0.0207243,0.0691356
427.114,1,1,45.2767,-6.09129,-20.3203,0.181581,-0.0207243,-0.0691356

orb:1,1,0.479244,1.01342,5.84864,0,0,-2.95175ptc:421.905,0,1,-49.1017,8.55852,-3.97228,-0.192752,0.0290756,-0.0134949
421.905,1,1,49.1017,-8.55852,3.97228,0.192752,-0.0290756,0.0134949

orb:1,1,2.47396,1.06744,4.95289,0,0,-2.72295ptc:426.557,0,1,-45.682,4.84145,-19.7411,-0.182756,0.0164693,-0.0671537
426.557,1,1,45.682,-4.84145,19.7411,0.182756,-0.0164693,0.0671537

orb:1,1,1.32076,1.03655,0.481026,0,0,-2.83049ptc:423.937,0,1,-47.5998,13.5688,7.08176,-0.188345,0.0461223,0.0240719
423.937,1,1,47.5998,-13.5688,-7.08176,0.188345,-0.0461223,-0.0240719

orb:1,1,1.4286,1.03948,4.31158,0,0,-2.81856ptc:424.19,0,1,-47.4138,-6.19278,-14.6144,-0.187802,-0.0210517,-0.0496799
424.19,1,1,47.4138,6.19278,14.6144,0.187802,0.0210517,0.0496799

orb:1,1,0.874087,1.02434,3.44379,0,0,-2.88677ptc:422.872,0,1,-48.3854,-12.0324,-3.75111,-0.190647,-0.040888,-0.0127468
422.872,1,1,48.3854,12.0324,3.75111,0.190647,0.040888,0.0127468

orb:1,1,1.19795,1.03321,1.19345,0,0,-2.84475ptc:423.647,0,1,-47.8133,5.38866,13.5962,-0.18897,0.0183154,0.0462116
423.647,1,1,47.8133,-5.38866,-13.5962,0.18897,-0.0183154,-0.0462116

orb:1,1,3.04214,1.08234,2.85915,0,0,-2.68106ptc:427.783,0,1,-44.7909,-21.3407,6.19305,-0.180174,-0.0726221,0.0210749
427.783,1,1,44.7909,21.3407,-6.19305,0.180174,0.0726221,-0.0210749

orb:1,1,1.51348,1.04178,1.55084,0,0,-2.80952ptc:424.388,0,1,-47.2685,0.325267,16.2968,-0.187377,0.00110577,0.0554023
424.388,1,1,47.2685,-0.325267,-16.2968,0.187377,-0.00110577,-0.0554023

orb:1,1,0.215415,1.00605,5.62952,0,0,-3.01378ptc:421.245,0,1,-49.5921,5.05948,-3.87561,-0.194196,0.0171855,-0.0131642
421.245,1,1,49.5921,-5.05948,3.87561,0.194196,-0.0171855,0.0131642

orb:1,1,3.29824,1.08899,1.28019,0,0,-2.66377ptc:428.322,0,1,-44.3999,6.58819,22.0284,-0.179044,0.0224233,0.0749749
428.322,1,1,44.3999,-6.58819,-22.0284,0.179044,-0.0224233,-0.0749749

orb:1,1,2.88543,1.07825,2.42063,0,0,-2.6921ptc:427.449,0,1,-45.0333,-16.3195,14.3412,-0.180876,-0.0555294,0.0487981
427.449,1,1,45.0333,16.3195,-14.3412,0.180876,0.0555294,-0.0487981

orb:1,1,1.95095,1.05355,1.2321,0,0,-2.767ptc:425.391,0,1,-46.5329,6.07843,17.2552,-0.185231,0.02067,0.0586773
425.391,1,1,46.5329,-6.07843,-17.2552,0.185231,-0.02067,-0.0586773

orb:1,1,2.92556,1.0793,5.63708,0,0,-2.68924ptc:427.535,0,1,-44.971,17.4492,-13.1581,-0.180695,0.0593748,-0.0447733
427.535,1,1,44.971,-17.4492,13.1581,0.180695,-0.0593748,0.0447733

orb:1,1,0.957776,1.02664,6.15788,0,0,-2.8752ptc:423.074,0,1,-48.2363,13.0596,-1.6451,-0.19021,0.0443811,-0.00559062
423.074,1,1,48.2363,-13.0596,1.6451,0.19021,-0.0443811,0.00559062

orb:1,1,1.97757,1.05426,2.95094,0,0,-2.7646ptc:425.452,0,1,-46.4888,-18.0727,3.48805,-0.185103,-0.0614581,0.0118615
425.452,1,1,46.4888,18.0727,-3.48805,0.185103,0.0614581,-0.0118615

orb:1,1,1.75835,1.04838,0.203689,0,0,-2.78497ptc:424.953,0,1,-46.854,17.0949,3.53102,-0.186167,0.0581249,0.0120059
424.953,1,1,46.854,-17.0949,-3.53102,0.186167,-0.0581249,-0.0120059

orb:1,1,1.20053,1.03328,0.919911,0,0,-2.84444ptc:423.654,0,1,-47.8088,8.87011,11.6466,-0.188957,0.0301484,0.0395855
423.654,1,1,47.8088,-8.87011,-11.6466,0.188957,-0.0301484,-0.0395855

orb:1,1,0.831808,1.02317,2.75895,0,0,-2.89285ptc:422.77,0,1,-48.4611,-11.4191,4.59594,-0.19087,-0.0388028,0.0156173
422.77,1,1,48.4611,11.4191,-4.59594,0.19087,0.0388028,-0.0156173

orb:1,1,5.6164,1.14741,2.2532,0,0,-2.53673ptc:432.87,0,1,-41.129,-17.9313,22.0652,-0.169668,-0.0611235,0.0752152
432.87,1,1,41.129,17.9313,-22.0652,0.169668,0.0611235,-0.0752152

orb:1,1,1.67574,1.04616,4.59842,0,0,-2.79302ptc:424.763,0,1,-46.993,-1.9422,-16.9672,-0.186573,-0.00660335,-0.0576873
424.763,1,1,46.993,1.9422,16.9672,0.186573,0.00660335,0.0576873

orb:1,1,0.175791,1.00494,0.821153,0,0,-3.02606ptc:421.145,0,1,-49.6667,3.92738,4.21876,-0.194416,0.0133397,0.0143294
421.145,1,1,49.6667,-3.92738,-4.21876,0.194416,-0.0133397,-0.0143294

orb:1,1,0.773667,1.02157,2.73018,0,0,-2.90148ptc:422.628,0,1,-48.5656,-10.8982,4.75502,-0.191176,-0.0370314,0.0161572
422.628,1,1,48.5656,10.8982,-4.75502,0.191176,0.0370314,-0.0161572

orb:1,1,5.40468,1.1422,1.17194,0,0,-2.54666ptc:432.478,0,1,-41.4093,10.883,25.823,-0.170466,0.0370923,0.0880123
432.478,1,1,41.4093,-10.883,-25.823,0.170466,-0.0370923,-0.0880123

orb:1,1,5.40418,1.14219,2.72578,0,0,-2.54668ptc:432.477,0,1,-41.41,-25.6339,11.3188,-0.170468,-0.0873676,0.0385778
432.477,1,1,41.41,25.6339,-11.3188,0.170468,0.0873676,-0.0385778

orb:1,1,1.70079,1.04683,4.3865,0,0,-2.79055ptc:424.821,0,1,-46.9508,-5.50454,-16.2888,-0.186449,-0.0187154,-0.055382
424.821,1,1,46.9508,5.50454,16.2888,0.186449,0.0187154,0.055382

orb:1,1,2.28045,1.06232,0.917329,0,0,-2.73854ptc:426.13,0,1,-45.9933,11.9227,15.5712,-0.183661,0.0405526,0.0529621
426.13,1,1,45.9933,-11.9227,-15.5712,0.183661,-0.0405526,-0.0529621

orb:1,1,1.519,1.04193,5.7739,0,0,-2.80894ptc:424.401,0,1,-47.259,14.2553,-7.96044,-0.187349,0.0484622,-0.0270622
424.401,1,1,47.259,-14.2553,7.96044,0.187349,-0.0484622,0.0270622

orb:1,1,3.86129,1.10346,5.48872,0,0,-2.62853ptc:429.481,0,1,-43.5623,17.1959,-17.5107,-0.17663,0.0585491,-0.0596209
429.481,1,1,43.5623,-17.1959,17.5107,0.17663,-0.0585491,0.0596209

orb:1,1,1.43264,1.03959,3.70424,0,0,-2.81812ptc:424.2,0,1,-47.4069,-13.443,-8.47775,-0.187781,-0.0456982,-0.0288192
424.2,1,1,47.4069,13.443,8.47775,0.187781,0.0456982,0.0288192

orb:1,1,0.486344,1.01361,4.17942,0,0,-2.95037ptc:421.923,0,1,-49.0886,-4.82847,-8.18511,-0.192713,-0.0164037,-0.0278072
421.923,1,1,49.0886,4.82847,8.18511,0.192713,0.0164037,0.0278072

orb:1,1,4.43923,1.11812,3.2636,0,0,-2.59568ptc:430.633,0,1,-42.7326,-25.7671,-3.15933,-0.174247,-0.0877657,-0.0107611
430.633,1,1,42.7326,25.7671,3.15933,0.174247,0.0877657,0.0107611

orb:1,1,3.66663,1.09848,3.09582,0,0,-2.64032ptc:429.085,0,1,-43.8485,-24.0021,1.09945,-0.177454,-0.0817123,0.00374294
429.085,1,1,43.8485,24.0021,-1.09945,0.177454,0.0817123,-0.00374294

orb:1,1,2.28253,1.06238,6.22079,0,0,-2.73837ptc:426.134,0,1,-45.99,19.5812,-1.22337,-0.183651,0.0666015,-0.00416106
426.134,1,1,45.99,-19.5812,1.22337,0.183651,-0.0666015,0.00416106

orb:1,1,0.639376,1.01786,3.01849,0,0,-2.92286ptc:422.3,0,1,-48.8087,-10.7675,1.33227,-0.19189,-0.0365841,0.00452655
422.3,1,1,48.8087,10.7675,-1.33227,0.19189,0.0365841,-0.00452655

orb:1,1,1.06577,1.0296,5.31723,0,0,-2.86104ptc:423.333,0,1,-48.0452,7.87225,-11.3882,-0.18965,0.0267544,-0.0387036
423.333,1,1,48.0452,-7.87225,11.3882,0.18965,-0.0267544,0.0387036

orb:1,1,3.8346,1.10278,4.16355,0,0,-2.63012ptc:429.427,0,1,-43.6013,-12.7673,-20.8786,-0.176742,-0.0434698,-0.0710869
429.427,1,1,43.6013,12.7673,20.8786,0.176742,0.0434698,0.0710869

orb:1,1,1.63635,1.0451,4.93945,0,0,-2.79694ptc:424.673,0,1,-47.0596,3.80294,-16.46,-0.186767,0.0129294,-0.0559616
424.673,1,1,47.0596,-3.80294,16.46,0.186767,-0.0129294,0.0559616

orb:1,1,4.47676,1.11907,5.55662,0,0,-2.59364ptc:430.707,0,1,-42.6798,19.469,-17.303,-0.174096,0.0663156,-0.0589377
430.707,1,1,42.6798,-19.469,17.303,0.174096,-0.0663156,0.0589377

orb:1,1,5.39275,1.1419,4.74461,0,0,-2.54723ptc:432.456,0,1,-41.4252,0.902011,-27.9846,-0.170512,0.00307429,-0.0953787
432.456,1,1,41.4252,-0.902011,27.9846,0.170512,-0.00307429,0.0953787

orb:1,1,1.74891,1.04813,1.999,0,0,-2.78587ptc:424.931,0,1,-46.8698,-7.23058,15.841,-0.186213,-0.0245847,0.0538611
424.931,1,1,46.8698,7.23058,-15.841,0.186213,0.0245847,-0.0538611

orb:1,1,1.81377,1.04987,0.706922,0,0,-2.77968ptc:425.08,0,1,-46.7611,13.4607,11.498,-0.185896,0.0457698,0.0390962
425.08,1,1,46.7611,-13.4607,-11.498,0.185896,-0.0457698,-0.0390962

orb:1,1,5.36368,1.14119,3.5547,0,0,-2.54862ptc:432.402,0,1,-41.464,-25.5911,-11.2174,-0.170622,-0.0872195,-0.038231
432.402,1,1,41.464,25.5911,11.2174,0.170622,0.0872195,0.038231

orb:1,1,3.50462,1.09432,5.89077,0,0,-2.65044ptc:428.751,0,1,-44.0894,21.7897,-9.01848,-0.178148,0.0741728,-0.0306991
428.751,1,1,44.0894,-21.7897,9.01848,0.178148,-0.0741728,0.0306991

orb:1,1,2.70381,1.07349,5.60357,0,0,-2.70536ptc:427.058,0,1,-45.3175,16.4325,-13.2777,-0.181699,0.0559072,-0.0451739
427.058,1,1,45.3175,-16.4325,13.2777,0.181699,-0.0559072,0.0451739

orb:1,1,2.47832,1.06756,3.02629,0,0,-2.72261ptc:426.566,0,1,-45.6751,-20.2067,2.34032,-0.182736,-0.0687377,0.00796113
426.566,1,1,45.6751,20.2067,-2.34032,0.182736,0.0687377,-0.00796113

orb:1,1,4.46369,1.11874,4.66508,0,0,-2.59435ptc:430.681,0,1,-42.6982,-1.23033,-25.9876,-0.174149,-0.00419071,-0.0885182
430.681,1,1,42.6982,1.23033,25.9876,0.174149,0.00419071,0.0885182

orb:1,1,3.05307,1.08262,5.84517,0,0,-2.68031ptc:427.806,0,1,-44.774,20.154,-9.4394,-0.180125,0.0685843,-0.0321224
427.806,1,1,44.774,-20.154,9.4394,0.180125,-0.0685843,0.0321224

orb:1,1,5.57638,1.14643,1.27032,0,0,-2.53859ptc:432.796,0,1,-41.1817,8.39269,27.0856,-0.169818,0.0286079,0.0923259
432.796,1,1,41.1817,-8.39269,-27.0856,0.169818,-0.0286079,-0.0923259

orb:1,1,2.83814,1.07702,1.77568,0,0,-2.6955ptc:427.347,0,1,-45.107,-4.38892,21.121,-0.181089,-0.0149335,0.0718648
427.347,1,1,45.107,4.38892,-21.121,0.181089,0.0149335,-0.0718648

orb:1,1,5.50399,1.14465,4.13679,0,0,-2.54197ptc:432.662,0,1,-41.2774,-15.3593,-23.67,-0.170091,-0.0523523,-0.0806794
432.662,1,1,41.2774,15.3593,23.67,0.170091,0.0523523,0.0806794

orb:1,1,5.34342,1.14069,0.201505,0,0,-2.54958ptc:432.364,0,1,-41.4911,27.3369,5.58429,-0.170699,0.0931682,0.0190321
432.364,1,1,41.4911,-27.3369,-5.58429,0.170699,-0.0931682,-0.0190321

orb:1,1,2.34236,1.06396,0.508816,0,0,-2.73347ptc:426.267,0,1,-45.8933,17.3306,9.66711,-0.18337,0.0589489,0.032882
426.267,1,1,45.8933,-17.3306,-9.66711,0.18337,-0.0589489,-0.032882

orb:1,1,4.84002,1.12818,4.32385,0,0,-2.57453ptc:431.411,0,1,-42.1741,-10.1747,-24.856,-0.172649,-0.0346654,-0.0846849
431.411,1,1,42.1741,10.1747,24.856,0.172649,0.0346654,0.0846849

orb:1,1,0.0253037,1.00071,1.88166,0,0,-3.09765ptc:420.762,0,1,-49.9517,-0.671789,2.09099,-0.195257,-0.00228157,0.00710154
420.762,1,1,49.9517,0.671789,-2.09099,0.195257,0.00228157,-0.00710154

orb:1,1,4.12238,1.11011,4.54348,0,0,-2.61332ptc:430.006,0,1,-43.1839,-4.23665,-24.8436,-0.175542,-0.0144275,-0.0846027
430.006,1,1,43.1839,4.23665,24.8436,0.175542,0.0144275,0.0846027

orb:1,1,3.67051,1.09858,5.88171,0,0,-2.64008ptc:429.092,0,1,-43.8428,22.1263,-9.39339,-0.177437,0.0753269,-0.0319788
429.092,1,1,43.8428,-22.1263,9.39339,0.177437,-0.0753269,0.0319788

orb:1,1,4.72504,1.1253,5.25605,0,0,-2.58047ptc:431.189,0,1,-42.333,13.7629,-22.7707,-0.173103,0.0468868,-0.0775743
431.189,1,1,42.333,-13.7629,22.7707,0.173103,-0.0468868,0.0775743

orb:1,1,3.72808,1.10005,5.05098,0,0,-2.63655ptc:429.21,0,1,-43.7578,8.03558,-22.8185,-0.177192,0.0273573,-0.0776863
429.21,1,1,43.7578,-8.03558,22.8185,0.177192,-0.0273573,0.0776863

orb:1,1,4.89116,1.12946,1.1352,0,0,-2.57192ptc:431.509,0,1,-42.1038,11.3792,24.4497,-0.172448,0.0387703,0.0833033
431.509,1,1,42.1038,-11.3792,-24.4497,0.172448,-0.0387703,-0.0833033

orb:1,1,1.55952,1.04302,4.00725,0,0,-2.80474ptc:424.495,0,1,-47.19,-10.711,-12.5849,-0.187148,-0.0364141,-0.0427846
424.495,1,1,47.19,10.711,12.5849,0.187148,0.0364141,0.0427846

orb:1,1,3.61803,1.09723,5.1918,0,0,-2.64332ptc:428.985,0,1,-43.9205,11.0219,-21.2015,-0.177661,0.0375218,-0.0721759
428.985,1,1,43.9205,-11.0219,21.2015,0.177661,-0.0375218,0.0721759

orb:1,1,0.308644,1.00866,3.12555,0,0,-2.98883ptc:421.479,0,1,-49.4177,-7.60759,0.122072,-0.193682,-0.0258422,0.000414665
421.479,1,1,49.4177,7.60759,-0.122072,0.193682,0.0258422,-0.000414665

orb:1,1,3.76968,1.10112,5.24533,0,0,-2.63403ptc:429.295,0,1,-43.6966,12.3474,-20.9321,-0.177016,0.0420381,-0.0712657
429.295,1,1,43.6966,-12.3474,20.9321,0.177016,-0.0420381,0.0712657

orb:1,1,0.928813,1.02584,2.4575,0,0,-2.87914ptc:423.004,0,1,-48.2878,-10.0537,8.19828,-0.190361,-0.0341652,0.02786
423.004,1,1,48.2878,10.0537,-8.19828,0.190361,0.0341652,-0.02786

orb:1,1,3.5456,1.09537,1.90951,0,0,-2.64785ptc:428.836,0,1,-44.0282,-7.87361,22.35,-0.177972,-0.0268027,0.0760819
428.836,1,1,44.0282,7.87361,-22.35,0.177972,0.0268027,-0.0760819

orb:1,1,3.71547,1.09973,3.23383,0,0,-2.63732ptc:429.184,0,1,-43.7764,-24.0557,-2.2251,-0.177246,-0.0818977,-0.00757534
429.184,1,1,43.7764,24.0557,2.2251,0.177246,0.0818977,0.00757534

orb:1,1,0.470811,1.01318,4.50224,0,0,-2.9534ptc:421.884,0,1,-49.1172,-1.95134,-9.14847,-0.192797,-0.00662918,-0.0310797
421.884,1,1,49.1172,1.95134,9.14847,0.192797,0.00662918,0.0310797

orb:1,1,1.06014,1.02944,2.3989,0,0,-2.86176ptc:423.319,0,1,-48.0551,-10.1729,9.3392,-0.189679,-0.0345733,0.0317399
423.319,1,1,48.0551,10.1729,-9.3392,0.189679,0.0345733,-0.0317399

orb:1,1,4.59794,1.12212,3.82997,0,0,-2.58716ptc:430.943,0,1,-42.5099,-20.3289,-16.7227,-0.173609,-0.0692498,-0.0569656
430.943,1,1,42.5099,20.3289,16.7227,0.173609,0.0692498,0.0569656

orb:1,1,4.9565,1.13109,5.24128,0,0,-2.56861ptc:431.633,0,1,-42.0143,13.6776,-23.4035,-0.172192,0.0466033,-0.0797424
431.633,1,1,42.0143,-13.6776,23.4035,0.172192,-0.0466033,0.0797424

orb:1,1,2.41813,1.06597,2.81899,0,0,-2.72737ptc:426.434,0,1,-45.7715,-19.0858,6.38,-0.183016,-0.0649223,0.0217022
426.434,1,1,45.7715,19.0858,-6.38,0.183016,0.0649223,-0.0217022

orb:1,1,1.68275,1.04635,1.02708,0,0,-2.79233ptc:424.779,0,1,-46.9812,8.85152,14.643,-0.186538,0.0300947,0.0497856
424.779,1,1,46.9812,-8.85152,-14.643,0.186538,-0.0300947,-0.0497856

orb:1,1,3.47482,1.09355,1.87843,0,0,-2.65233ptc:428.69,0,1,-44.134,-7.11555,22.3956,-0.178277,-0.0242211,0.0762337
428.69,1,1,44.134,7.11555,-22.3956,0.178277,0.0242211,-0.0762337

orb:1,1,4.36877,1.11635,3.56076,0,0,-2.59953ptc:430.494,0,1,-42.8322,-23.5622,-10.4987,-0.174533,-0.080252,-0.0357583
430.494,1,1,42.8322,23.5622,10.4987,0.174533,0.080252,0.0357583

orb:1,1,2.72604,1.07408,0.104826,0,0,-2.70371ptc:427.106,0,1,-45.2825,21.0849,2.21838,-0.181597,0.0717366,0.00754755
427.106,1,1,45.2825,-21.0849,-2.21838,0.181597,-0.0717366,-0.00754755

orb:1,1,5.18107,1.13667,1.8766,0,0,-2.55745ptc:432.059,0,1,-41.7092,-8.30158,26.295,-0.171321,-0.02829,0.0896078
432.059,1,1,41.7092,8.30158,-26.295,0.171321,0.02829,-0.0896078

orb:1,1,2.21728,1.06065,6.07443,0,0,-2.7438ptc:425.989,0,1,-46.0959,18.9488,-4.01422,-0.183959,0.0644478,-0.0136529
425.989,1,1,46.0959,-18.9488,4.01422,0.183959,-0.0644478,0.0136529

orb:1,1,0.57367,1.01604,4.33815,0,0,-2.93419ptc:422.138,0,1,-48.9285,-3.76383,-9.5833,-0.192242,-0.0127875,-0.0325591
422.138,1,1,48.9285,3.76383,9.5833,0.192242,0.0127875,0.0325591

orb:1,1,0.18437,1.00518,5.48812,0,0,-3.02329ptc:421.167,0,1,-49.6505,4.1324,-4.21306,-0.194368,0.0140362,-0.0143101
421.167,1,1,49.6505,-4.1324,4.21306,0.194368,-0.0140362,0.0143101

orb:1,1,4.5483,1.12087,3.40297,0,0,-2.5898ptc:430.846,0,1,-42.5793,-25.3205,-6.77303,-0.173808,-0.086251,-0.0230714
430.846,1,1,42.5793,25.3205,6.77303,0.173808,0.086251,0.0230714

orb:1,1,1.09012,1.03026,0.266139,0,0,-2.85796ptc:423.391,0,1,-48.0023,13.4996,3.68005,-0.189524,0.0458801,0.0125071
423.391,1,1,48.0023,-13.4996,-3.68005,0.189524,-0.0458801,-0.0125071

orb:1,1,0.24817,1.00697,6.10054,0,0,-3.00448ptc:421.327,0,1,-49.5307,6.72063,-1.24132,-0.194015,0.0228284,-0.00421648
421.327,1,1,49.5307,-6.72063,1.24132,0.194015,-0.0228284,0.00421648

orb:1,1,3.99828,1.10695,4.50809,0,0,-2.62047ptc:429.757,0,1,-43.363,-5.05016,-24.3751,-0.176057,-0.0171965,-0.0830006
429.757,1,1,43.363,5.05016,24.3751,0.176057,0.0171965,0.0830006

orb:1,1,4.77654,1.12659,3.99159,0,0,-2.5778ptc:431.289,0,1,-42.2617,-17.6346,-20.0741,-0.172899,-0.060079,-0.0683901
431.289,1,1,42.2617,17.6346,20.0741,0.172899,0.060079,0.0683901

orb:1,1,1.82764,1.05024,0.804668,0,0,-2.77838ptc:425.111,0,1,-46.738,12.3167,12.8008,-0.185829,0.0418803,0.0435263
425.111,1,1,46.738,-12.3167,-12.8008,0.185829,-0.0418803,-0.0435263

orb:1,1,1.73246,1.04769,4.1567,0,0,-2.78746ptc:424.894,0,1,-46.8975,-9.14668,-14.7298,-0.186294,-0.0310993,-0.0500822
424.894,1,1,46.8975,9.14668,14.7298,0.186294,0.0310993,0.0500822

orb:1,1,3.78202,1.10144,4.23038,0,0,-2.63328ptc:429.32,0,1,-43.6784,-11.2807,-21.5624,-0.176964,-0.0384069,-0.0734125
429.32,1,1,43.6784,11.2807,21.5624,0.176964,0.0384069,0.0734125

orb:1,1,4.63212,1.12298,6.02858,0,0,-2.58535ptc:431.009,0,1,-42.4622,25.549,-6.64926,-0.173473,0.0870341,-0.0226511
431.009,1,1,42.4622,-25.549,6.64926,0.173473,-0.0870341,0.0226511

orb:1,1,2.73423,1.07429,1.57121,0,0,-2.7031ptc:427.123,0,1,-45.2697,-0.00879518,21.2287,-0.18156,-2.99239e-05,0.0722264
427.123,1,1,45.2697,0.00879518,-21.2287,0.18156,2.99239e-05,-0.0722264

orb:1,1,1.78415,1.04907,0.234467,0,0,-2.78249ptc:425.012,0,1,-46.8107,17.0907,4.0823,-0.186041,0.0581115,0.0138806
425.012,1,1,46.8107,-17.0907,-4.0823,0.186041,-0.0581115,-0.0138806

orb:1,1,1.07496,1.02985,5.65278,0,0,-2.85987ptc:423.355,0,1,-48.029,11.2285,-8.19381,-0.189602,0.0381613,-0.0278475
423.355,1,1,48.029,-11.2285,8.19381,0.189602,-0.0381613,0.0278475

orb:1,1,5.29824,1.13957,2.82169,0,0,-2.55176ptc:432.279,0,1,-41.5516,-26.4003,8.74582,-0.170872,-0.0899736,0.0298062
432.279,1,1,41.5516,26.4003,-8.74582,0.170872,0.0899736,-0.0298062

orb:1,1,5.35925,1.14108,0.953509,0,0,-2.54883ptc:432.393,0,1,-41.4699,16.1682,22.7779,-0.170639,0.0551044,0.0776312
432.393,1,1,41.4699,-16.1682,-22.7779,0.170639,-0.0551044,-0.0776312

orb:1,1,4.8704,1.12894,0.542168,0,0,-2.57298ptc:431.469,0,1,-42.1323,23.0624,13.8923,-0.172529,0.0785755,0.0473323
431.469,1,1,42.1323,-23.0624,-13.8923,0.172529,-0.0785755,-0.0473323

orb:1,1,3.54606,1.09538,4.32986,0,0,-2.64782ptc:428.837,0,1,-44.0275,-8.84545,-21.9848,-0.17797,-0.0301109,-0.074839
428.837,1,1,44.0275,8.84545,21.9848,0.17797,0.0301109,0.074839

orb:1,1,3.92175,1.105,1.51697,0,0,-2.62495ptc:429.603,0,1,-43.4741,1.32885,24.6624,-0.176376,0.00452466,0.0839745
429.603,1,1,43.4741,-1.32885,-24.6624,0.176376,-0.00452466,-0.0839745

orb:1,1,2.31742,1.0633,5.85745,0,0,-2.7355ptc:426.212,0,1,-45.9336,17.9881,-8.15702,-0.183487,0.0611842,-0.027745
426.212,1,1,45.9336,-17.9881,8.15702,0.183487,-0.0611842,0.027745

orb:1,1,2.49978,1.06813,5.40377,0,0,-2.72092ptc:426.613,0,1,-45.6408,13.0188,-15.7298,-0.182637,0.0442872,-0.0535092
426.613,1,1,45.6408,-13.0188,15.7298,0.182637,-0.0442872,0.0535092

orb:1,1,0.581851,1.01626,1.07038,0,0,-2.93274ptc:422.159,0,1,-48.9135,4.97381,9.09559,-0.192198,0.0168985,0.0309023
422.159,1,1,48.9135,-4.97381,-9.09559,0.192198,-0.0168985,-0.0309023

orb:1,1,2.91016,1.0789,2.46345,0,0,-2.69033ptc:427.502,0,1,-44.9949,-16.9804,13.6794,-0.180764,-0.057779,0.0465468
427.502,1,1,44.9949,16.9804,-13.6794,0.180764,0.057779,-0.0465468

orb:1,1,3.21229,1.08676,1.27651,0,0,-2.66948ptc:428.142,0,1,-44.5304,6.59546,21.7611,-0.179421,0.0224468,0.0740612
428.142,1,1,44.5304,-6.59546,-21.7611,0.179421,-0.0224468,-0.0740612

orb:1,1,1.23808,1.0343,3.45656,0,0,-2.84ptc:423.742,0,1,-47.7433,-14.1213,-4.6009,-0.188765,-0.0479978,-0.0156383
423.742,1,1,47.7433,14.1213,4.6009,0.188765,0.0479978,0.0156383

orb:1,1,4.04377,1.10811,1.06551,0,0,-2.61783ptc:429.849,0,1,-43.2972,12.105,21.8821,-0.175867,0.0412202,0.0745137
429.849,1,1,43.2972,-12.105,-21.8821,0.175867,-0.0412202,-0.0745137

orb:1,1,3.62307,1.09736,5.09776,0,0,-2.64301ptc:428.995,0,1,-43.913,8.98744,-22.1556,-0.17764,0.0305958,-0.0754241
428.995,1,1,43.913,-8.98744,22.1556,0.17764,-0.0305958,0.0754241

orb:1,1,5.00696,1.13234,0.126992,0,0,-2.56607ptc:431.73,0,1,-41.9454,26.9946,3.44663,-0.171995,0.0919812,0.011744
431.73,1,1,41.9454,-26.9946,-3.44663,0.171995,-0.0919812,-0.011744

orb:1,1,1.71452,1.0472,1.46003,0,0,-2.78921ptc:424.852,0,1,-46.9276,1.90757,17.151,-0.186382,0.00648577,0.0583139
424.852,1,1,46.9276,-1.90757,-17.151,0.186382,-0.00648577,-0.0583139

orb:1,1,3.56158,1.09578,0.790292,0,0,-2.64684ptc:428.869,0,1,-44.0044,16.7047,16.869,-0.177903,0.0568654,0.0574247
428.869,1,1,44.0044,-16.7047,-16.869,0.177903,-0.0568654,-0.0574247

orb:1,1,3.9452,1.1056,0.876635,0,0,-2.62357ptc:429.651,0,1,-43.44,15.8388,19.0289,-0.176278,0.0539313,0.0647935
429.651,1,1,43.44,-15.8388,-19.0289,0.176278,-0.0539313,-0.0647935

orb:1,1,3.81398,1.10225,5.48742,0,0,-2.63136ptc:429.385,0,1,-43.6316,17.0869,-17.4449,-0.176829,0.058176,-0.0593951
429.385,1,1,43.6316,-17.0869,17.4449,0.176829,-0.058176,0.0593951

orb:1,1,1.29389,1.03582,0.606969,0,0,-2.83354ptc:423.874,0,1,-47.6463,12.4523,8.64706,-0.188482,0.0423263,0.0293921
423.874,1,1,47.6463,-12.4523,-8.64706,0.188482,-0.0423263,-0.0293921

orb:1,1,4.31748,1.11505,5.41279,0,0,-2.60235ptc:430.393,0,1,-42.905,16.5477,-19.63,-0.174742,0.0563588,-0.0668568
430.393,1,1,42.905,-16.5477,19.63,0.174742,-0.0563588,0.0668568

orb:1,1,1.79557,1.04938,4.84091,0,0,-2.78141ptc:425.038,0,1,-46.7916,2.25858,-17.477,-0.185985,0.00767964,-0.0594254
425.038,1,1,46.7916,-2.25858,17.477,0.185985,-0.00767964,0.0594254

orb:1,1,0.793358,1.02211,2.65823,0,0,-2.89852ptc:422.676,0,1,-48.5302,-10.6555,5.59305,-0.191072,-0.0362071,0.019005
422.676,1,1,48.5302,10.6555,-5.59305,0.191072,0.0362071,-0.019005

orb:1,1,2.16949,1.05938,1.76515,0,0,-2.74783ptc:425.883,0,1,-46.1737,-3.70496,18.8219,-0.184185,-0.0126007,0.064014
425.883,1,1,46.1737,3.70496,-18.8219,0.184185,0.0126007,-0.064014

orb:1,1,1.68602,1.04644,0.953256,0,0,-2.792ptc:424.787,0,1,-46.9757,9.91628,13.9626,-0.186522,0.033715,0.0474723
424.787,1,1,46.9757,-9.91628,-13.9626,0.186522,-0.033715,-0.0474723

orb:1,1,5.29118,1.13939,4.66525,0,0,-2.5521ptc:432.266,0,1,-41.561,-1.30991,-27.7662,-0.170899,-0.00446421,-0.0946283
432.266,1,1,41.561,1.30991,27.7662,0.170899,0.00446421,0.0946283

orb:1,1,0.754969,1.02105,4.74027,0,0,-2.90433ptc:422.583,0,1,-48.5993,0.327667,-11.7473,-0.191275,0.00111337,-0.0399161
422.583,1,1,48.5993,-0.327667,11.7473,0.191275,-0.00111337,0.0399161

orb:1,1,3.46555,1.09331,3.78357,0,0,-2.65292ptc:428.67,0,1,-44.1479,-18.7996,-14.0549,-0.178317,-0.0639927,-0.0478421
428.67,1,1,44.1479,18.7996,14.0549,0.178317,0.0639927,0.0478421

orb:1,1,4.06027,1.10853,4.85264,0,0,-2.61688ptc:429.882,0,1,-43.2733,3.50161,-24.8024,-0.175799,0.0119239,-0.0844588
429.882,1,1,43.2733,-3.50161,24.8024,0.175799,-0.0119239,0.0844588

orb:1,1,1.06419,1.02955,5.21882,0,0,-2.86124ptc:423.329,0,1,-48.0479,6.71057,-12.0981,-0.189658,0.0228064,-0.0411163
423.329,1,1,48.0479,-6.71057,12.0981,0.189658,-0.0228064,0.0411163

orb:1,1,3.8634,1.10352,1.14819,0,0,-2.62841ptc:429.485,0,1,-43.5592,10.0679,22.3882,-0.176621,0.0342795,0.0762279
429.485,1,1,43.5592,-10.0679,-22.3882,0.176621,-0.0342795,-0.0762279

orb:1,1,3.05294,1.08262,1.22963,0,0,-2.68032ptc:427.806,0,1,-44.7742,7.44618,20.9719,-0.180126,0.0253395,0.0713678
427.806,1,1,44.7742,-7.44618,-20.9719,0.180126,-0.0253395,-0.0713678

orb:1,1,1.71511,1.04722,3.8495,0,0,-2.78915ptc:424.854,0,1,-46.9267,-13.1124,-11.2229,-0.186379,-0.0445826,-0.0381581
424.854,1,1,46.9267,13.1124,11.2229,0.186379,0.0445826,0.0381581

orb:1,1,1.75229,1.04822,5.75373,0,0,-2.78555ptc:424.939,0,1,-46.8641,15.0422,-8.80252,-0.186197,0.0511451,-0.0299295
424.939,1,1,46.8641,-15.0422,8.80252,0.186197,-0.0511451,0.0299295

orb:1,1,2.04472,1.05605,4.69055,0,0,-2.75863ptc:425.603,0,1,-46.3781,-0.407964,-18.679,-0.18478,-0.00138739,-0.0635228
425.603,1,1,46.3781,0.407964,18.679,0.18478,0.00138739,0.0635228

orb:1,1,4.86269,1.12875,5.7427,0,0,-2.57337ptc:431.454,0,1,-42.1429,23.0715,-13.8449,-0.172559,0.0786062,-0.0471706
431.454,1,1,42.1429,-23.0715,13.8449,0.172559,-0.0786062,0.0471706

orb:1,1,3.65362,1.09815,0.725494,0,0,-2.64112ptc:429.058,0,1,-43.8678,17.9502,15.9188,-0.177509,0.0611089,0.0541935
429.058,1,1,43.8678,-17.9502,-15.9188,0.177509,-0.0611089,-0.0541935

orb:1,1,1.67849,1.04623,4.92166,0,0,-2.79275ptc:424.77,0,1,-46.9884,3.55056,-16.7178,-0.186559,0.0120717,-0.0568397
424.77,1,1,46.9884,-3.55056,16.7178,0.186559,-0.0120717,0.0568397

orb:1,1,2.11828,1.05801,1.64911,0,0,-2.75222ptc:425.768,0,1,-46.2574,-1.48487,18.9222,-0.184429,-0.00504993,0.0643531
425.768,1,1,46.2574,1.48487,-18.9222,0.184429,0.00504993,-0.0643531

orb:1,1,1.67102,1.04603,3.188,0,0,-2.79348ptc:424.752,0,1,-47.001,-17.0377,-0.791326,-0.186596,-0.0579268,-0.00269045
424.752,1,1,47.001,17.0377,0.791326,0.186596,0.0579268,0.00269045

orb:1,1,3.96433,1.10609,3.12467,0,0,-2.62245ptc:429.689,0,1,-43.4122,-24.8033,0.419728,-0.176198,-0.0844565,0.0014292
429.689,1,1,43.4122,24.8033,-0.419728,0.176198,0.0844565,-0.0014292

orb:1,1,5.48018,1.14406,3.39988,0,0,-2.54309ptc:432.618,0,1,-41.309,-27.2359,-7.19529,-0.17018,-0.0928325,-0.0245248
432.618,1,1,41.309,27.2359,7.19529,0.17018,0.0928325,0.0245248

orb:1,1,5.1828,1.13671,5.0516,0,0,-2.55736ptc:432.062,0,1,-41.7068,9.17628,-26.0064,-0.171314,0.0312708,-0.0886245
432.062,1,1,41.7068,-9.17628,26.0064,0.171314,-0.0312708,0.0886245

orb:1,1,0.666739,1.01862,4.38629,0,0,-2.91832ptc:422.367,0,1,-48.7589,-3.54663,-10.4875,-0.191744,-0.0120503,-0.0356332
422.367,1,1,48.7589,3.54663,10.4875,0.191744,0.0120503,0.0356332

orb:1,1,2.43372,1.06638,2.58918,0,0,-2.72613ptc:426.468,0,1,-45.7464,-17.1791,10.5897,-0.182943,-0.0584368,0.0360223
426.468,1,1,45.7464,17.1791,-10.5897,0.182943,0.0584368,-0.0360223

orb:1,1,4.81454,1.12754,4.16809,0,0,-2.57584ptc:431.362,0,1,-42.2092,-13.879,-22.9294,-0.172749,-0.0472853,-0.0781195
431.362,1,1,42.2092,13.879,22.9294,0.172749,0.0472853,0.0781195

orb:1,1,4.72234,1.12524,2.06527,0,0,-2.58061ptc:431.184,0,1,-42.3367,-12.6238,23.4146,-0.173114,-0.0430062,0.0797678
431.184,1,1,42.3367,12.6238,-23.4146,0.173114,0.0430062,-0.0797678

orb:1,1,0.0432102,1.00122,2.78274,0,0,-3.08419ptc:420.808,0,1,-49.9176,-2.68581,1.00744,-0.195156,-0.00912181,0.00342157
420.808,1,1,49.9176,2.68581,-1.00744,0.195156,0.00912181,-0.00342157

orb:1,1,1.88887,1.05188,5.92975,0,0,-2.77267ptc:425.251,0,1,-46.6359,16.9159,-6.24062,-0.185531,0.057521,-0.0212207
425.251,1,1,46.6359,-16.9159,6.24062,0.185531,-0.057521,0.0212207

orb:1,1,1.02628,1.02851,4.74247,0,0,-2.86612ptc:423.238,0,1,-48.1149,0.409023,-13.5938,-0.189854,0.00139006,-0.0461984
423.238,1,1,48.1149,-0.409023,13.5938,0.189854,-0.00139006,0.0461984

orb:1,1,3.61141,1.09706,4.50351,0,0,-2.64373ptc:428.971,0,1,-43.9303,-4.95135,-23.3583,-0.17769,-0.0168557,-0.0795178
428.971,1,1,43.9303,4.95135,23.3583,0.17769,0.0168557,0.0795178

orb:1,1,3.5571,1.09567,0.604125,0,0,-2.64713ptc:428.86,0,1,-44.0111,19.5282,13.4786,-0.177922,0.0664769,0.045883
428.86,1,1,44.0111,-19.5282,-13.4786,0.177922,-0.0664769,-0.045883

orb:1,1,2.99236,1.08104,5.37097,0,0,-2.68453ptc:427.677,0,1,-44.8676,13.5041,-17.451,-0.180396,0.0459529,-0.0593835
427.677,1,1,44.8676,-13.5041,17.451,0.180396,-0.0459529,0.0593835

orb:1,1,4.67343,1.12401,3.36573,0,0,-2.58317ptc:431.089,0,1,-42.4046,-25.8297,-5.88844,-0.173308,-0.0879927,-0.0200598
431.089,1,1,42.4046,25.8297,5.88844,0.173308,0.0879927,0.0200598

orb:1,1,3.66347,1.0984,5.47062,0,0,-2.64051ptc:429.078,0,1,-43.8532,16.5162,-17.4388,-0.177467,0.0562275,-0.0593684
429.078,1,1,43.8532,-16.5162,17.4388,0.177467,-0.0562275,0.0593684

orb:1,1,4.91041,1.12994,1.48339,0,0,-2.57094ptc:431.545,0,1,-42.0774,2.3578,26.906,-0.172372,0.00803346,0.0916737
431.545,1,1,42.0774,-2.3578,-26.906,0.172372,-0.00803346,-0.0916737

orb:1,1,4.15068,1.11083,4.16387,0,0,-2.61171ptc:430.062,0,1,-43.1432,-13.1773,-21.5644,-0.175425,-0.0448749,-0.073437
430.062,1,1,43.1432,13.1773,21.5644,0.175425,0.0448749,0.073437

orb:1,1,5.15111,1.13592,0.542791,0,0,-2.55892ptc:432.003,0,1,-41.7496,23.5586,14.2112,-0.171436,0.0802811,0.0484279
432.003,1,1,41.7496,-23.5586,-14.2112,0.171436,-0.0802811,-0.0484279

orb:1,1,3.63873,1.09776,5.21031,0,0,-2.64204ptc:429.027,0,1,-43.8898,11.4393,-21.0434,-0.177573,0.0389432,-0.0716387
429.027,1,1,43.8898,-11.4393,21.0434,0.177573,-0.0389432,0.0716387

orb:1,1,0.935952,1.02604,0.825503,0,0,-2.87816ptc:423.021,0,1,-48.2751,8.82988,9.56811,-0.190324,0.0300065,0.0325152
423.021,1,1,48.2751,-8.82988,-9.56811,0.190324,-0.0300065,-0.0325152

orb:1,1,2.84613,1.07722,2.48814,0,0,-2.69492ptc:427.364,0,1,-45.0945,-17.1487,13.1302,-0.181053,-0.0583495,0.0446762
427.364,1,1,45.0945,17.1487,-13.1302,0.181053,0.0583495,-0.0446762

orb:1,1,4.1747,1.11144,1.00958,0,0,-2.61034ptc:430.11,0,1,-43.1087,13.4813,21.4451,-0.175326,0.0459109,0.0730318
430.11,1,1,43.1087,-13.4813,-21.4451,0.175326,-0.0459109,-0.0730318

orb:1,1,1.52254,1.04202,6.24462,0,0,-2.80857ptc:424.409,0,1,-47.253,16.3327,-0.630206,-0.187332,0.0555245,-0.00214245
424.409,1,1,47.253,-16.3327,0.630206,0.187332,-0.0555245,0.00214245

orb:1,1,2.17284,1.05946,6.12238,0,0,-2.74755ptc:425.89,0,1,-46.1682,18.9486,-3.07352,-0.184169,0.0644451,-0.0104532
425.89,1,1,46.1682,-18.9486,3.07352,0.184169,-0.0644451,0.0104532

orb:1,1,5.59528,1.14689,0.26474,0,0,-2.53771ptc:432.831,0,1,-41.1568,27.403,7.42907,-0.169747,0.0934092,0.0253236
432.831,1,1,41.1568,-27.403,-7.42907,0.169747,-0.0934092,-0.0253236

orb:1,1,4.7831,1.12676,2.71109,0,0,-2.57746ptc:431.301,0,1,-42.2526,-24.2948,11.157,-0.172873,-0.0827699,0.0380106
431.301,1,1,42.2526,24.2948,-11.157,0.172873,0.0827699,-0.0380106

orb:1,1,4.61334,1.1225,1.44567,0,0,-2.58634ptc:430.973,0,1,-42.4883,3.28946,26.1519,-0.173548,0.0112056,0.0890866
430.973,1,1,42.4883,-3.28946,-26.1519,0.173548,-0.0112056,-0.0890866

orb:1,1,0.128676,1.00362,2.06517,0,0,-3.04267ptc:421.025,0,1,-49.7556,-2.343,4.34673,-0.194678,-0.00795797,0.0147636
421.025,1,1,49.7556,2.343,-4.34673,0.194678,0.00795797,-0.0147636

orb:1,1,2.06607,1.05662,2.91754,0,0,-2.75676ptc:425.651,0,1,-46.343,-18.3012,4.17039,-0.184678,-0.0622389,0.0141827
425.651,1,1,46.343,18.3012,-4.17039,0.184678,0.0622389,-0.0141827

orb:1,1,0.542464,1.01517,0.0586309,0,0,-2.93981ptc:422.061,0,1,-48.9856,10.0035,0.587187,-0.19241,0.033986,0.00199492
422.061,1,1,48.9856,-10.0035,-0.587187,0.19241,-0.033986,-0.00199492

orb:1,1,1.79521,1.04937,1.01613,0,0,-2.78144ptc:425.037,0,1,-46.7922,9.28013,14.979,-0.185987,0.0315544,0.0509316
425.037,1,1,46.7922,-9.28013,-14.979,0.185987,-0.0315544,-0.0509316

orb:1,1,1.52008,1.04196,2.09637,0,0,-2.80883ptc:424.403,0,1,-47.2572,-8.1943,14.1284,-0.187344,-0.0278573,0.0480307
424.403,1,1,47.2572,8.1943,-14.1284,0.187344,0.0278573,-0.0480307

orb:1,1,2.5447,1.06931,4.02253,0,0,-2.71743ptc:426.712,0,1,-45.5693,-13.0963,-15.8723,-0.182429,-0.0445519,-0.0539957
426.712,1,1,45.5693,13.0963,15.8723,0.182429,0.0445519,0.0539957

orb:1,1,0.388909,1.0109,0.680694,0,0,-2.97033ptc:421.68,0,1,-49.2685,6.62231,5.36281,-0.193243,0.0224964,0.0182178
421.68,1,1,49.2685,-6.62231,-5.36281,0.193243,-0.0224964,-0.0182178

orb:1,1,0.197935,1.00556,1.73722,0,0,-3.01904ptc:421.201,0,1,-49.625,-1.01257,6.02783,-0.194293,-0.00343933,0.0204744
421.201,1,1,49.625,1.01257,-6.02783,0.194293,0.00343933,-0.0204744

orb:1,1,0.343512,1.00963,4.65868,0,0,-2.98052ptc:421.567,0,1,-49.3528,-0.430456,-8.00737,-0.193491,-0.00146225,-0.0272008
421.567,1,1,49.3528,0.430456,8.00737,0.193491,0.00146225,0.0272008

orb:1,1,3.93879,1.10544,5.7986,0,0,-2.62395ptc:429.638,0,1,-43.4493,21.8932,-11.5258,-0.176305,0.0745462,-0.0392453
429.638,1,1,43.4493,-21.8932,11.5258,0.176305,-0.0745462,0.0392453

orb:1,1,1.56714,1.04323,2.3614,0,0,-2.80396ptc:424.513,0,1,-47.177,-11.7725,11.6506,-0.18711,-0.0400228,0.0396086
424.513,1,1,47.177,11.7725,-11.6506,0.18711,0.0400228,-0.0396086

orb:1,1,3.43724,1.09258,5.38403,0,0,-2.65473ptc:428.612,0,1,-44.1903,14.5566,-18.3118,-0.178439,0.0495487,-0.0623312
428.612,1,1,44.1903,-14.5566,18.3118,0.178439,-0.0495487,0.0623312

orb:1,1,3.24044,1.08749,3.52931,0,0,-2.6676ptc:428.201,0,1,-44.4875,-21.1284,-8.62848,-0.179297,-0.071909,-0.0293665
428.201,1,1,44.4875,21.1284,8.62848,0.179297,0.071909,0.0293665

orb:1,1,0.03791,1.00107,1.45569,0,0,-3.08782ptc:420.794,0,1,-49.9277,0.308647,2.66948,-0.195186,0.00104825,0.00906631
420.794,1,1,49.9277,-0.308647,-2.66948,0.195186,-0.00104825,-0.00906631

orb:1,1,5.05921,1.13364,4.21829,0,0,-2.56346ptc:431.829,0,1,-41.8742,-12.9575,-24.0552,-0.171792,-0.0441529,-0.0819683
431.829,1,1,41.8742,12.9575,24.0552,0.171792,0.0441529,0.0819683

orb:1,1,4.70874,1.1249,3.08354,0,0,-2.58132ptc:431.158,0,1,-42.3556,-26.526,1.54158,-0.173168,-0.0903668,0.00525174
431.158,1,1,42.3556,26.526,-1.54158,0.173168,0.0903668,-0.00525174

orb:1,1,5.42248,1.14264,3.22485,0,0,-2.54582ptc:432.511,0,1,-41.3856,-27.9604,-2.33343,-0.170399,-0.0952982,-0.0079531
432.511,1,1,41.3856,27.9604,2.33343,0.170399,0.0952982,0.0079531

orb:1,1,1.22009,1.03381,1.91913,0,0,-2.84212ptc:423.7,0,1,-47.7746,-5.03493,13.8648,-0.188857,-0.0171133,0.0471255
423.7,1,1,47.7746,5.03493,-13.8648,0.188857,0.0171133,-0.0471255

orb:1,1,0.0884465,1.00249,2.75537,0,0,-3.05953ptc:420.923,0,1,-49.8317,-3.79675,1.54394,-0.194902,-0.0128953,0.00524386
420.923,1,1,49.8317,3.79675,-1.54394,0.194902,0.0128953,-0.00524386

orb:1,1,3.76417,1.10098,4.31914,0,0,-2.63436ptc:429.284,0,1,-43.7047,-9.30698,-22.434,-0.17704,-0.0316866,-0.0763788
429.284,1,1,43.7047,9.30698,22.434,0.17704,0.0316866,0.0763788

orb:1,1,0.239559,1.00673,5.17971,0,0,-3.00686ptc:421.306,0,1,-49.5469,3.02571,-5.9962,-0.194063,0.0102775,-0.0203675
421.306,1,1,49.5469,-3.02571,5.9962,0.194063,-0.0102775,0.0203675

orb:1,1,1.26907,1.03515,1.52496,0,0,-2.8364ptc:423.816,0,1,-47.6894,0.688464,15.0083,-0.188608,0.00234011,0.0510136
423.816,1,1,47.6894,-0.688464,-15.0083,0.188608,-0.00234011,-0.0510136

orb:1,1,4.36766,1.11632,5.30401,0,0,-2.59959ptc:430.492,0,1,-42.8338,14.3849,-21.4089,-0.174537,0.0489943,-0.0729179
430.492,1,1,42.8338,-14.3849,21.4089,0.174537,-0.0489943,0.0729179

orb:1,1,2.38607,1.06512,0.459372,0,0,-2.72993ptc:426.364,0,1,-45.8229,17.9324,8.87057,-0.183166,0.0609976,0.0301735
426.364,1,1,45.8229,-17.9324,-8.87057,0.183166,-0.0609976,-0.0301735

orb:1,1,2.97166,1.0805,2.15374,0,0,-2.68598ptc:427.633,0,1,-44.8996,-12.1109,18.3671,-0.180488,-0.0412113,0.0625003
427.633,1,1,44.8996,12.1109,-18.3671,0.180488,0.0412113,-0.0625003

orb:1,1,5.26221,1.13868,2.87423,0,0,-2.5535ptc:432.212,0,1,-41.5999,-26.7533,7.3284,-0.171009,-0.0911745,0.024975
432.212,1,1,41.5999,26.7533,-7.3284,0.171009,0.0911745,-0.024975

orb:1,1,1.75153,1.0482,0.172179,0,0,-2.78562ptc:424.937,0,1,-46.8654,17.1674,2.98543,-0.1862,0.0583709,0.0101508
424.937,1,1,46.8654,-17.1674,-2.98543,0.1862,-0.0583709,-0.0101508

orb:1,1,3.3227,1.08962,5.11801,0,0,-2.66216ptc:428.373,0,1,-44.3628,9.10071,-21.1923,-0.178937,0.0309753,-0.0721306
428.373,1,1,44.3628,-9.10071,21.1923,0.178937,-0.0309753,0.0721306

orb:1,1,1.19837,1.03322,2.53543,0,0,-2.8447ptc:423.648,0,1,-47.8125,-12.0214,8.33359,-0.188968,-0.0408593,0.0283248
423.648,1,1,47.8125,12.0214,-8.33359,0.188968,0.0408593,-0.0283248

orb:1,1,3.02415,1.08187,1.79847,0,0,-2.68231ptc:427.745,0,1,-44.8186,-5.003,21.5932,-0.180254,-0.0170249,0.0734805
427.745,1,1,44.8186,5.003,-21.5932,0.180254,0.0170249,-0.0734805

orb:1,1,2.98332,1.08081,5.03685,0,0,-2.68516ptc:427.658,0,1,-44.8816,7.02548,-20.8875,-0.180436,0.0239067,-0.0710772
427.658,1,1,44.8816,-7.02548,20.8875,0.180436,-0.0239067,0.0710772

orb:1,1,0.234784,1.00659,3.90309,0,0,-3.0082ptc:421.294,0,1,-49.5558,-4.81325,-4.58854,-0.194089,-0.0163493,-0.015586
421.294,1,1,49.5558,4.81325,4.58854,0.194089,0.0163493,0.015586

orb:1,1,3.9984,1.10696,1.08088,0,0,-2.62046ptc:429.758,0,1,-43.3628,11.7135,21.965,-0.176056,0.0398859,0.0747937
429.758,1,1,43.3628,-11.7135,-21.965,0.176056,-0.0398859,-0.0747937

orb:1,1,3.90287,1.10452,6.21724,0,0,-2.62606ptc:429.565,0,1,-43.5016,24.5961,-1.62444,-0.176455,0.0837478,-0.00553107
429.565,1,1,43.5016,-24.5961,1.62444,0.176455,-0.0837478,0.00553107

orb:1,1,5.04764,1.13335,4.03672,0,0,-2.56404ptc:431.807,0,1,-41.89,-17.0732,-21.3011,-0.171837,-0.0581767,-0.0725832
431.807,1,1,41.89,17.0732,21.3011,0.171837,0.0581767,0.0725832

orb:1,1,1.12312,1.03116,3.56344,0,0,-2.85384ptc:423.47,0,1,-47.9443,-12.9457,-5.80995,-0.189354,-0.0439987,-0.0197463
423.47,1,1,47.9443,12.9457,5.80995,0.189354,0.0439987,0.0197463

orb:1,1,5.38862,1.1418,0.913287,0,0,-2.54743ptc:432.448,0,1,-41.4307,17.1066,22.1553,-0.170527,0.0583036,0.0755109
432.448,1,1,41.4307,-17.1066,-22.1553,0.170527,-0.0583036,-0.0755109

orb:1,1,5.13112,1.13543,5.58505,0,0,-2.5599ptc:431.965,0,1,-41.7767,21.0447,-17.6587,-0.171514,0.0717135,-0.060175
431.965,1,1,41.7767,-21.0447,17.6587,0.171514,-0.0717135,0.060175

orb:1,1,4.28959,1.11435,1.50293,0,0,-2.6039ptc:430.338,0,1,-42.9446,1.7365,25.5488,-0.174855,0.00591415,0.0870138
430.338,1,1,42.9446,-1.7365,-25.5488,0.174855,-0.00591415,-0.0870138

orb:1,1,4.76276,1.12625,5.76555,0,0,-2.57851ptc:431.262,0,1,-42.2807,23.1931,-13.2068,-0.172953,0.0790154,-0.0449935
431.262,1,1,42.2807,-23.1931,13.2068,0.172953,-0.0790154,0.0449935

orb:1,1,4.66291,1.12375,5.31711,0,0,-2.58372ptc:431.069,0,1,-42.4193,15.0486,-21.7749,-0.17335,0.0512647,-0.0741789
431.069,1,1,42.4193,-15.0486,21.7749,0.17335,-0.0512647,0.0741789

orb:1,1,1.95508,1.05366,3.35041,0,0,-2.76663ptc:425.401,0,1,-46.526,-17.9141,-3.7961,-0.185211,-0.0609181,-0.0129089
425.401,1,1,46.526,17.9141,3.7961,0.185211,0.0609181,0.0129089

orb:1,1,3.64795,1.098,5.65018,0,0,-2.64147ptc:429.046,0,1,-43.8762,19.3313,-14.1838,-0.177533,0.0658106,-0.0482867
429.046,1,1,43.8762,-19.3313,14.1838,0.177533,-0.0658106,0.0482867

orb:1,1,3.52842,1.09493,1.69182,0,0,-2.64893ptc:428.8,0,1,-44.0539,-2.85516,23.4756,-0.178046,-0.00971919,0.079913
428.8,1,1,44.0539,2.85516,-23.4756,0.178046,0.00971919,-0.079913

orb:1,1,5.10166,1.1347,1.70544,0,0,-2.56135ptc:431.909,0,1,-41.8166,-3.67948,27.1631,-0.171627,-0.0125382,0.0925611
431.909,1,1,41.8166,3.67948,-27.1631,0.171627,0.0125382,-0.0925611

orb:1,1,4.39708,1.11706,4.39203,0,0,-2.59798ptc:430.55,0,1,-42.7922,-8.14417,-24.546,-0.174418,-0.0277393,-0.0836042
430.55,1,1,42.7922,8.14417,24.546,0.174418,0.0277393,0.0836042

orb:1,1,2.45097,1.06684,0.297548,0,0,-2.72476ptc:426.506,0,1,-45.7188,19.3537,5.93486,-0.182863,0.065835,0.0201884
426.506,1,1,45.7188,-19.3537,-5.93486,0.182863,-0.065835,-0.0201884

orb:1,1,3.75317,1.1007,2.4487,0,0,-2.63503ptc:429.261,0,1,-43.7208,-18.6647,15.4957,-0.177086,-0.0635455,0.0527565
429.261,1,1,43.7208,18.6647,-15.4957,0.177086,0.0635455,-0.0527565

orb:1,1,1.71844,1.04731,4.53897,0,0,-2.78883ptc:424.861,0,1,-46.921,-2.98081,-17.0156,-0.186363,-0.0101348,-0.0578536
424.861,1,1,46.921,2.98081,17.0156,0.186363,0.0101348,0.0578536

orb:1,1,1.0319,1.02867,5.41598,0,0,-2.86539ptc:423.252,0,1,-48.1049,8.82134,-10.397,-0.189825,0.0299793,-0.0353343
423.252,1,1,48.1049,-8.82134,10.397,0.189825,-0.0299793,0.0353343

orb:1,1,0.100774,1.00284,4.94557,0,0,-3.05401ptc:420.955,0,1,-49.8084,1.01058,-4.25507,-0.194834,0.00343235,-0.014452
420.955,1,1,49.8084,-1.01058,4.25507,0.194834,-0.00343235,0.014452

orb:1,1,3.6538,1.09815,5.71099,0,0,-2.64111ptc:429.058,0,1,-43.8675,20.1709,-12.9914,-0.177508,0.0686691,-0.0442273
429.058,1,1,43.8675,-20.1709,12.9914,0.177508,-0.0686691,0.0442273

orb:1,1,3.37681,1.09102,4.10979,0,0,-2.65863ptc:428.486,0,1,-44.2812,-13.1609,-19.1303,-0.178701,-0.0447963,-0.0651145
428.486,1,1,44.2812,13.1609,19.1303,0.178701,0.0447963,0.0651145

orb:1,1,1.24609,1.03452,1.54039,0,0,-2.83907ptc:423.761,0,1,-47.7293,0.452841,14.8898,-0.188725,0.0015392,0.0506101
423.761,1,1,47.7293,-0.452841,-14.8898,0.188725,-0.0015392,-0.0506101

orb:1,1,1.25986,1.0349,5.72982,0,0,-2.83746ptc:423.794,0,1,-47.7054,12.7386,-7.86916,-0.188655,0.0432987,-0.0267474
423.794,1,1,47.7054,-12.7386,7.86916,0.188655,-0.0432987,0.0267474

orb:1,1,3.45897,1.09314,0.90036,0,0,-2.65334ptc:428.657,0,1,-44.1577,14.5727,18.3775,-0.178345,0.0496044,0.0625556
428.657,1,1,44.1577,-14.5727,-18.3775,0.178345,-0.0496044,-0.0625556

orb:1,1,4.5767,1.12158,2.28807,0,0,-2.58828ptc:430.902,0,1,-42.5395,-17.2715,19.8011,-0.173694,-0.0588342,0.0674509
430.902,1,1,42.5395,17.2715,-19.8011,0.173694,0.0588342,-0.0674509

orb:1,1,1.81179,1.04982,0.571183,0,0,-2.77987ptc:425.075,0,1,-46.7644,14.8855,9.566,-0.185906,0.0506143,0.0325267
425.075,1,1,46.7644,-14.8855,-9.566,0.185906,-0.0506143,-0.0325267

orb:1,1,0.762662,1.02127,5.30759,0,0,-2.90316ptc:422.602,0,1,-48.5854,6.62106,-9.77838,-0.191235,0.0224977,-0.033226
422.602,1,1,48.5854,-6.62106,9.77838,0.191235,-0.0224977,0.033226

orb:1,1,4.39874,1.1171,1.7695,0,0,-2.59788ptc:430.553,0,1,-42.7898,-5.10584,25.3567,-0.174411,-0.0173907,0.0863657
430.553,1,1,42.7898,5.10584,-25.3567,0.174411,0.0173907,-0.0863657

orb:1,1,0.160611,1.00452,4.12662,0,0,-3.03113ptc:421.106,0,1,-49.6953,-3.04715,-4.59289,-0.1945,-0.0103498,-0.0156
421.106,1,1,49.6953,3.04715,4.59289,0.1945,0.0103498,0.0156

orb:1,1,1.87585,1.05154,2.92018,0,0,-2.77388ptc:425.221,0,1,-46.6576,-17.5354,3.94727,-0.185594,-0.0596271,0.0134222
425.221,1,1,46.6576,17.5354,-3.94727,0.185594,0.0596271,-0.0134222

orb:1,1,3.8085,1.10211,0.47135,0,0,-2.63169ptc:429.374,0,1,-43.6396,21.7435,11.0819,-0.176852,0.0740301,0.0377306
429.374,1,1,43.6396,-21.7435,-11.0819,0.176852,-0.0740301,-0.0377306

orb:1,1,2.33548,1.06378,2.74475,0,0,-2.73403ptc:426.252,0,1,-45.9044,-18.2786,7.66022,-0.183402,-0.0621729,0.0260556
426.252,1,1,45.9044,18.2786,-7.66022,0.183402,0.0621729,-0.0260556

orb:1,1,2.67585,1.07276,3.05362,0,0,-2.70745ptc:426.997,0,1,-45.3615,-20.9503,1.84788,-0.181827,-0.0712765,0.00628681
426.997,1,1,45.3615,20.9503,-1.84788,0.181827,0.0712765,-0.00628681

orb:1,1,4.83941,1.12817,4.04859,0,0,-2.57456ptc:431.409,0,1,-42.1749,-16.5467,-21.1538,-0.172651,-0.0563749,-0.0720712
431.409,1,1,42.1749,16.5467,21.1538,0.172651,0.0563749,0.0720712

orb:1,1,1.29232,1.03578,2.75723,0,0,-2.83372ptc:423.87,0,1,-47.649,-14.0461,5.68138,-0.18849,-0.0477438,0.0193115
423.87,1,1,47.649,14.0461,-5.68138,0.18849,0.0477438,-0.0193115

orb:1,1,4.40296,1.11721,4.81551,0,0,-2.59765ptc:430.562,0,1,-42.7838,2.66366,-25.7381,-0.174394,0.00907255,-0.0876648
430.562,1,1,42.7838,-2.66366,25.7381,0.174394,-0.00907255,0.0876648

orb:1,1,3.17024,1.08567,3.56091,0,0,-2.6723ptc:428.054,0,1,-44.5945,-20.6537,-9.2065,-0.179606,-0.0702902,-0.0313323
428.054,1,1,44.5945,20.6537,9.2065,0.179606,0.0702902,0.0313323

orb:1,1,2.9619,1.08025,1.01409,0,0,-2.68667ptc:427.612,0,1,-44.9147,11.6086,18.6524,-0.180532,0.0395018,0.0634704
427.612,1,1,44.9147,-11.6086,-18.6524,0.180532,-0.0395018,-0.0634704

orb:1,1,1.86575,1.05126,3.90454,0,0,-2.77482ptc:425.198,0,1,-46.6744,-12.9602,-12.3909,-0.185643,-0.0440693,-0.0421335
425.198,1,1,46.6744,12.9602,12.3909,0.185643,0.0440693,0.0421335

orb:1,1,4.62736,1.12286,5.8411,0,0,-2.5856ptc:431,0,1,-42.4688,23.8524,-11.2901,-0.173492,0.0812542,-0.0384601
431,1,1,42.4688,-23.8524,11.2901,0.173492,-0.0812542,0.0384601

orb:1,1,4.82106,1.12771,1.96218,0,0,-2.5755ptc:431.374,0,1,-42.2002,-10.2297,24.789,-0.172723,-0.0348523,0.0844556
431.374,1,1,42.2002,10.2297,-24.789,0.172723,0.0348523,-0.0844556

