time,id,mass,px,py,pz,vx,vy,vz
0.0000000000000000e+00,0,1.0000000000000000e+00,1.5909902576697321e+00,-7.0557846369171077e-16,1.5909902576697319e+00,1.0963213863676568e-16,3.4960294939005054e-01,4.5411118695315734e-17
0.0000000000000000e+00,1,1.0000000000000000e+00,-1.5909902576697321e+00,7.0557846369171077e-16,-1.5909902576697319e+00,-1.0963213863676568e-16,-3.4960294939005054e-01,-4.5411118695315734e-17

7.4989056864135728e-01,0,1.0000000000000000e+00,1.5811853072074089e+00,2.6162531136893546e-01,1.5811853072074087e+00,-2.6115423955333110e-02,3.4744974425458969e-01,-2.6115423955333176e-02
7.4989056864135728e-01,1,1.0000000000000000e+00,-1.5811853072074089e+00,-2.6162531136893546e-01,-1.5811853072074087e+00,2.6115423955333110e-02,-3.4744974425458969e-01,2.6115423955333176e-02

1.5747040855288406e+00,0,1.0000000000000000e+00,1.5479501361471895e+00,5.4555326656296843e-01,1.5479501361471890e+00,-5.4343644716883674e-02,3.4017086296497601e-01,-5.4343644716883736e-02
1.5747040855288406e+00,1,1.0000000000000000e+00,-1.5479501361471895e+00,-5.4555326656296843e-01,-1.5479501361471890e+00,5.4343644716883674e-02,-3.4017086296497601e-01,5.4343644716883736e-02

2.8535694816247279e+00,0,1.0000000000000000e+00,1.4515256157360934e+00,9.6839585712312481e-01,1.4515256157360932e+00,-9.5884280957348203e-02,3.1922340265064553e-01,-9.5884280957348245e-02
2.8535694816247279e+00,1,1.0000000000000000e+00,-1.4515256157360934e+00,-9.6839585712312481e-01,-1.4515256157360932e+00,9.5884280957348203e-02,-3.1922340265064553e-01,9.5884280957348245e-02

4.4610687262104785e+00,0,1.0000000000000000e+00,1.2592948325307480e+00,1.4505664971271646e+00,1.2592948325307476e+00,-1.4192578095531855e-01,2.7820498786270287e-01,-1.4192578095531858e-01
4.4610687262104785e+00,1,1.0000000000000000e+00,-1.2592948325307480e+00,-1.4505664971271646e+00,-1.2592948325307476e+00,1.4192578095531855e-01,-2.7820498786270287e-01,1.4192578095531858e-01

6.7961947710013337e+00,0,1.0000000000000000e+00,8.6520292855598802e-01,2.0094206522483957e+00,8.6520292855598746e-01,-1.9194749649938581e-01,1.9707702932017807e-01,-1.9194749649938581e-01
6.7961947710013337e+00,1,1.0000000000000000e+00,-8.6520292855598802e-01,-2.0094206522483957e+00,-8.6520292855598746e-01,1.9194749649938581e-01,-1.9707702932017807e-01,1.9194749649938581e-01

1.0242492905264193e+01,0,1.0000000000000000e+00,1.3408727129009501e-01,2.4487057635964291e+00,1.3408727129009435e-01,-2.2406244383663898e-01,5.6320699431324034e-02,-2.2406244383663895e-01
1.0242492905264193e+01,1,1.0000000000000000e+00,-1.3408727129009501e-01,-2.4487057635964291e+00,-1.3408727129009435e-01,2.2406244383663898e-01,-5.6320699431324034e-02,2.2406244383663895e-01

1.4667461559557587e+01,0,1.0000000000000000e+00,-8.2831758319546733e-01,2.3123535744699790e+00,-8.2831758319546778e-01,-2.0047623221246583e-01,-1.1184472750416546e-01,-2.0047623221246577e-01
1.4667461559557587e+01,1,1.0000000000000000e+00,8.2831758319546733e-01,-2.3123535744699790e+00,8.2831758319546778e-01,2.0047623221246583e-01,1.1184472750416546e-01,2.0047623221246577e-01

2.0982488431832326e+01,0,1.0000000000000000e+00,-1.7727665816445377e+00,1.0696149960134860e+00,-1.7727665816445377e+00,-8.8189262314114822e-02,-2.6054548515076015e-01,-8.8189262314114766e-02
2.0982488431832326e+01,1,1.0000000000000000e+00,1.7727665816445377e+00,-1.0696149960134860e+00,1.7727665816445377e+00,8.8189262314114822e-02,2.6054548515076015e-01,8.8189262314114766e-02

2.7297736199309238e+01,0,1.0000000000000000e+00,-1.8740432289507636e+00,-6.9547602489278293e-01,-1.8740432289507631e+00,5.7041940619007317e-02,-2.7563055987107576e-01,5.7041940619007345e-02
2.7297736199309238e+01,1,1.0000000000000000e+00,1.8740432289507636e+00,6.9547602489278293e-01,1.8740432289507631e+00,-5.7041940619007317e-02,2.7563055987107576e-01,-5.7041940619007345e-02

3.3333339836692630e+01,0,1.0000000000000000e+00,-1.1450845180150868e+00,-2.0811084358378054e+00,-1.1450845180150859e+00,1.7736256639838138e-01,-1.6339767978261613e-01,1.7736256639838138e-01
3.3333339836692630e+01,1,1.0000000000000000e+00,1.1450845180150868e+00,2.0811084358378054e+00,1.1450845180150859e+00,-1.7736256639838138e-01,1.6339767978261613e-01,-1.7736256639838138e-01

3.9169831041850479e+01,0,1.0000000000000000e+00,7.5627224725339337e-02,-2.4619826719723150e+00,7.5627224725340003e-02,2.2452152960752561e-01,4.5575798480581603e-02,2.2452152960752553e-01
3.9169831041850479e+01,1,1.0000000000000000e+00,-7.5627224725339337e-02,2.4619826719723150e+00,-7.5627224725340003e-02,-2.2452152960752561e-01,-4.5575798480581603e-02,-2.2452152960752553e-01

4.4488403593868355e+01,0,1.0000000000000000e+00,1.1500499056064737e+00,-1.6437067009807704e+00,1.1500499056064737e+00,1.5974842539776948e-01,2.5532398881410912e-01,1.5974842539776937e-01
4.4488403593868355e+01,1,1.0000000000000000e+00,-1.1500499056064737e+00,1.6437067009807704e+00,-1.1500499056064737e+00,-1.5974842539776948e-01,-2.5532398881410912e-01,-1.5974842539776937e-01

4.9709013077800655e+01,0,1.0000000000000000e+00,1.5909675400392240e+00,1.2610729754301664e-02,1.5909675400392236e+00,-1.2595763149289008e-03,3.4959795744289657e-01,-1.2595763149289840e-03
4.9709013077800655e+01,1,1.0000000000000000e+00,-1.5909675400392240e+00,-1.2610729754301664e-02,-1.5909675400392236e+00,1.2595763149289008e-03,-3.4959795744289657e-01,1.2595763149289840e-03

5.4825871063683351e+01,0,1.0000000000000000e+00,1.1550875973639314e+00,1.6356198402296349e+00,1.1550875973639305e+00,-1.5901147167678817e-01,2.5637239055230338e-01,-1.5901147167678817e-01
5.4825871063683351e+01,1,1.0000000000000000e+00,-1.1550875973639314e+00,-1.6356198402296349e+00,-1.1550875973639305e+00,1.5901147167678817e-01,-2.5637239055230338e-01,1.5901147167678817e-01

6.0298160963292368e+01,0,1.0000000000000000e+00,4.8202778836162752e-02,2.4672415341254044e+00,4.8202778836162086e-02,-2.2464755613953585e-01,4.0560016085148393e-02,-2.2464755613953580e-01
6.0298160963292368e+01,1,1.0000000000000000e+00,-4.8202778836162752e-02,-2.4672415341254044e+00,-4.8202778836162086e-02,2.2464755613953585e-01,-4.0560016085148393e-02,2.2464755613953580e-01

6.5995536987862252e+01,0,1.0000000000000000e+00,-1.1420660637975000e+00,2.0838830440831431e+00,-1.1420660637974991e+00,-1.7762778731904322e-01,-1.6291470194057397e-01,-1.7762778731904308e-01
6.5995536987862252e+01,1,1.0000000000000000e+00,1.1420660637975000e+00,-2.0838830440831431e+00,1.1420660637974991e+00,1.7762778731904322e-01,1.6291470194057397e-01,1.7762778731904308e-01

7.2335385982206802e+01,0,1.0000000000000000e+00,-1.8894865103079745e+00,6.1596889315645575e-01,-1.8894865103079732e+00,-5.0480643461038699e-02,-2.7791697775501034e-01,-5.0480643461038560e-02
7.2335385982206802e+01,1,1.0000000000000000e+00,1.8894865103079745e+00,-6.1596889315645575e-01,1.8894865103079732e+00,5.0480643461038699e-02,2.7791697775501034e-01,5.0480643461038560e-02

7.8549788275540735e+01,0,1.0000000000000000e+00,-1.7559493108414745e+00,-1.1179460736637967e+00,-1.7559493108414728e+00,9.2254634309087785e-02,-2.5802520467513917e-01,9.2254634309087785e-02
7.8549788275540735e+01,1,1.0000000000000000e+00,1.7559493108414745e+00,1.1179460736637967e+00,1.7559493108414728e+00,-9.2254634309087785e-02,2.5802520467513917e-01,-9.2254634309087785e-02

8.4605819161337436e+01,0,1.0000000000000000e+00,-8.4284105289774658e-01,-2.3041461276655588e+00,-8.4284105289774525e-01,1.9960650199734076e-01,-1.1424732761542050e-01,1.9960650199734065e-01
8.4605819161337436e+01,1,1.0000000000000000e+00,8.4284105289774658e-01,2.3041461276655588e+00,8.4284105289774525e-01,-1.9960650199734076e-01,1.1424732761542050e-01,-1.9960650199734065e-01

9.0320522113534977e+01,0,1.0000000000000000e+00,4.0394008037980278e-01,-2.3494213526668601e+00,4.0394008037980278e-01,2.1837082104394331e-01,1.0687183290044139e-01,2.1837082104394309e-01
9.0320522113534977e+01,1,1.0000000000000000e+00,-4.0394008037980278e-01,2.3494213526668601e+00,-4.0394008037980278e-01,-2.1837082104394331e-01,-1.0687183290044139e-01,-2.1837082104394309e-01

9.5547195513237881e+01,0,1.0000000000000000e+00,1.3474337976917767e+00,-1.2599718642361717e+00,1.3474337976917756e+00,1.2395033919398377e-01,2.9689098438121142e-01,1.2395033919398357e-01
9.5547195513237881e+01,1,1.0000000000000000e+00,-1.3474337976917767e+00,1.2599718642361717e+00,-1.3474337976917756e+00,-1.2395033919398377e-01,-2.9689098438121142e-01,-1.2395033919398357e-01

1.0071605490183033e+02,0,1.0000000000000000e+00,1.5583581407320637e+00,4.7573948709701730e-01,1.5583581407320621e+00,-4.7420293352619713e-02,3.4244707076379549e-01,-4.7420293352619713e-02
1.0071605490183033e+02,1,1.0000000000000000e+00,-1.5583581407320637e+00,-4.7573948709701730e-01,-1.5583581407320621e+00,4.7420293352619713e-02,-3.4244707076379549e-01,4.7420293352619713e-02

1.0587916819030868e+02,0,1.0000000000000000e+00,9.1508073488128217e-01,1.9562816150256195e+00,9.1508073488128094e-01,-1.8743342429940535e-01,2.0713180521557223e-01,-1.8743342429940521e-01
1.0587916819030868e+02,1,1.0000000000000000e+00,-9.1508073488128217e-01,-1.9562816150256195e+00,-9.1508073488128094e-01,1.8743342429940535e-01,-2.0713180521557223e-01,1.8743342429940521e-01

1.1156413217728625e+02,0,1.0000000000000000e+00,-3.0822438232328042e-01,2.4805823068463555e+00,-3.0822438232328098e-01,-2.2134191159364619e-01,-2.3223525716790094e-02,-2.2134191159364597e-01
1.1156413217728625e+02,1,1.0000000000000000e+00,3.0822438232328042e-01,-2.4805823068463555e+00,3.0822438232328098e-01,2.2134191159364619e-01,2.3223525716790094e-02,2.2134191159364597e-01

1.1751248827347942e+02,0,1.0000000000000000e+00,-1.4411983229389236e+00,1.7383760053998256e+00,-1.4411983229389227e+00,-1.4583716174966249e-01,-2.1003012495441045e-01,-1.4583716174966227e-01
1.1751248827347942e+02,1,1.0000000000000000e+00,1.4411983229389236e+00,-1.7383760053998256e+00,1.4411983229389227e+00,1.4583716174966249e-01,2.1003012495441045e-01,1.4583716174966227e-01

1.2393037520854807e+02,0,1.0000000000000000e+00,-1.9438015935427244e+00,7.2066342887988633e-02,-1.9438015935427226e+00,-5.8895724437149632e-03,-2.8592961773017850e-01,-5.8895724437147690e-03
1.2393037520854807e+02,1,1.0000000000000000e+00,1.9438015935427244e+00,-7.2066342887988633e-02,1.9438015935427226e+00,5.8895724437149632e-03,2.8592961773017850e-01,5.8895724437147690e-03

1.3018722857003010e+02,0,1.0000000000000000e+00,-1.5339647842908402e+00,-1.5938695593939600e+00,-1.5339647842908377e+00,1.3306246076407865e-01,-2.2434066567007316e-01,1.3306246076407865e-01
1.3018722857003010e+02,1,1.0000000000000000e+00,1.5339647842908402e+00,1.5938695593939600e+00,1.5339647842908377e+00,-1.3306246076407865e-01,2.2434066567007316e-01,-1.3306246076407865e-01

1.3633120836383935e+02,0,1.0000000000000000e+00,-4.1152754579613404e-01,-2.4654383455312265e+00,-4.1152754579613227e-01,2.1872190530979418e-01,-4.1235427244438794e-02,2.1872190530979402e-01
1.3633120836383935e+02,1,1.0000000000000000e+00,4.1152754579613404e-01,2.4654383455312265e+00,4.1152754579613227e-01,-2.1872190530979418e-01,4.1235427244438794e-02,-2.1872190530979402e-01

1.4180399630295534e+02,0,1.0000000000000000e+00,7.8344402611672681e-01,-2.0885144981573509e+00,7.8344402611672725e-01,1.9852714609054803e-01,1.8072518128202295e-01,1.9852714609054778e-01
1.4180399630295534e+02,1,1.0000000000000000e+00,-7.8344402611672681e-01,2.0885144981573509e+00,-7.8344402611672725e-01,-1.9852714609054803e-01,-1.8072518128202295e-01,-1.9852714609054778e-01

1.4716252616390238e+02,0,1.0000000000000000e+00,1.5313171095651246e+00,-6.4084537644419903e-01,1.5313171095651232e+00,6.3769393174045286e-02,3.3653941599613479e-01,6.3769393174045064e-02
1.4716252616390238e+02,1,1.0000000000000000e+00,-1.5313171095651246e+00,6.4084537644419903e-01,-1.5313171095651232e+00,-6.3769393174045286e-02,-3.3653941599613479e-01,-6.3769393174045064e-02

1.5235653696310669e+02,0,1.0000000000000000e+00,1.4015176824086346e+00,1.1203990260000218e+00,1.4015176824086328e+00,-1.1059006392434143e-01,3.0845838911079559e-01,-1.1059006392434145e-01
1.5235653696310669e+02,1,1.0000000000000000e+00,-1.4015176824086346e+00,-1.1203990260000218e+00,-1.4015176824086328e+00,1.1059006392434143e-01,-3.0845838911079559e-01,1.1059006392434145e-01

1.5775304673924882e+02,0,1.0000000000000000e+00,4.6719624066835785e-01,2.3165473745068033e+00,4.6719624066835630e-01,-2.1611488788879224e-01,1.1895324825828732e-01,-2.1611488788879210e-01
1.5775304673924882e+02,1,1.0000000000000000e+00,-4.6719624066835785e-01,-2.3165473745068033e+00,-4.6719624066835630e-01,2.1611488788879224e-01,-1.1895324825828732e-01,2.1611488788879210e-01

1.6344473023541812e+02,0,1.0000000000000000e+00,-7.7955050550243210e-01,2.3383956450492667e+00,-7.7955050550243232e-01,-2.0327486273692791e-01,-1.0374931731720069e-01,-2.0327486273692766e-01
1.6344473023541812e+02,1,1.0000000000000000e+00,7.7955050550243210e-01,-2.3383956450492667e+00,7.7955050550243232e-01,2.0327486273692791e-01,1.0374931731720069e-01,2.0327486273692766e-01

1.6953631410721599e+02,0,1.0000000000000000e+00,-1.7294062985748924e+00,1.1892837355936290e+00,-1.7294062985748910e+00,-9.8276990046427551e-02,-2.5403842986399117e-01,-9.8276990046427315e-02
1.6953631410721599e+02,1,1.0000000000000000e+00,1.7294062985748924e+00,-1.1892837355936290e+00,1.7294062985748910e+00,9.8276990046427551e-02,2.5403842986399117e-01,9.8276990046427315e-02

1.7580410041928155e+02,0,1.0000000000000000e+00,-1.9002739855785202e+00,-5.5319349144237617e-01,-1.9002739855785178e+00,4.5310788400812804e-02,-2.7951193213594405e-01,4.5310788400812901e-02
1.7580410041928155e+02,1,1.0000000000000000e+00,1.9002739855785202e+00,5.5319349144237617e-01,1.9002739855785178e+00,-4.5310788400812804e-02,2.7951193213594405e-01,-4.5310788400812901e-02

1.8181153361801393e+02,0,1.0000000000000000e+00,-1.2386395244042181e+00,-1.9887045325226460e+00,-1.2386395244042159e+00,1.6864129233334935e-01,-1.7829011568526296e-01,1.6864129233334929e-01
1.8181153361801393e+02,1,1.0000000000000000e+00,1.2386395244042181e+00,1.9887045325226460e+00,1.2386395244042159e+00,-1.6864129233334935e-01,1.7829011568526296e-01,-1.6864129233334929e-01

1.8764448145537253e+02,0,1.0000000000000000e+00,-4.6637480617626181e-02,-2.4807189066698849e+00,-4.6637480617624183e-02,2.2465389995880108e-01,2.3335105977740606e-02,2.2465389995880081e-01
1.8764448145537253e+02,1,1.0000000000000000e+00,4.6637480617626181e-02,2.4807189066698849e+00,4.6637480617624183e-02,-2.2465389995880108e-01,-2.3335105977740606e-02,-2.2465389995880081e-01

1.9296759872877527e+02,0,1.0000000000000000e+00,1.0605629484921308e+00,-1.7765419780290086e+00,1.0605629484921311e+00,1.7171860561126814e-01,2.3680779685187497e-01,1.7171860561126781e-01
1.9296759872877527e+02,1,1.0000000000000000e+00,-1.0605629484921308e+00,1.7765419780290086e+00,-1.0605629484921311e+00,-1.7171860561126814e-01,-2.3680779685187497e-01,-1.7171860561126781e-01

1.9817771738490168e+02,0,1.0000000000000000e+00,1.5863795836674410e+00,-1.7953905753380761e-01,1.5863795836674397e+00,1.7927428041127985e-02,3.4859009703039207e-01,1.7927428041127680e-02
1.9817771738490168e+02,1,1.0000000000000000e+00,-1.5863795836674410e+00,1.7953905753380761e-01,-1.5863795836674397e+00,-1.7927428041127985e-02,-3.4859009703039207e-01,-1.7927428041127680e-02

2.0328020807328866e+02,0,1.0000000000000000e+00,1.2410076717960188e+00,1.4857581320951345e+00,1.2410076717960163e+00,-1.4520549412007902e-01,2.7435337472622717e-01,-1.4520549412007910e-01
2.0328020807328866e+02,1,1.0000000000000000e+00,-1.2410076717960188e+00,-1.4857581320951345e+00,-1.2410076717960163e+00,1.4520549412007902e-01,-2.7435337472622717e-01,1.4520549412007910e-01

2.0871282735880169e+02,0,1.0000000000000000e+00,1.8363911421951684e-01,2.4352204991779742e+00,1.8363911421951418e-01,-2.2346611459036769e-01,6.5485087211228948e-02,-2.2346611459036758e-01
2.0871282735880169e+02,1,1.0000000000000000e+00,-1.8363911421951684e-01,-2.4352204991779742e+00,-1.8363911421951418e-01,2.2346611459036769e-01,-6.5485087211228948e-02,2.2346611459036758e-01

2.1439858152932041e+02,0,1.0000000000000000e+00,-1.0298115973430439e+00,2.1786960051056998e+00,-1.0298115973430453e+00,-1.8683451762114234e-01,-1.4484131831490268e-01,-1.8683451762114203e-01
2.1439858152932041e+02,1,1.0000000000000000e+00,1.0298115973430439e+00,-2.1786960051056998e+00,1.0298115973430453e+00,1.8683451762114234e-01,1.4484131831490268e-01,1.8683451762114203e-01

2.2073900743962255e+02,0,1.0000000000000000e+00,-1.8541137518274662e+00,7.8539798166357433e-01,-1.8541137518274655e+00,-6.4483538996343653e-02,-2.7267455659374690e-01,-6.4483538996343348e-02
2.2073900743962255e+02,1,1.0000000000000000e+00,1.8541137518274662e+00,-7.8539798166357433e-01,1.8541137518274655e+00,6.4483538996343653e-02,2.7267455659374690e-01,6.4483538996343348e-02

2.2700313445712248e+02,0,1.0000000000000000e+00,-1.8046182161866329e+00,-9.6992851596175367e-01,-1.8046182161866309e+00,7.9838217507801679e-02,-2.6530682136164735e-01,7.9838217507801873e-02
2.2700313445712248e+02,1,1.0000000000000000e+00,1.8046182161866329e+00,9.6992851596175367e-01,1.8046182161866309e+00,-7.9838217507801679e-02,2.6530682136164735e-01,-7.9838217507801873e-02

2.3313566001390302e+02,0,1.0000000000000000e+00,-9.3895510482018552e-01,-2.2443899978994759e+00,-9.3895510482018274e-01,1.9341644480397835e-01,-1.3005196069330249e-01,1.9341644480397832e-01
2.3313566001390302e+02,1,1.0000000000000000e+00,9.3895510482018552e-01,2.2443899978994759e+00,9.3895510482018274e-01,-1.9341644480397835e-01,1.3005196069330249e-01,-1.9341644480397832e-01

2.3894252062420267e+02,0,1.0000000000000000e+00,3.1676535953977736e-01,-2.3885569190231939e+00,3.1676535953977947e-01,2.2088209675939258e-01,9.0367917978048551e-02,2.2088209675939235e-01
2.3894252062420267e+02,1,1.0000000000000000e+00,-3.1676535953977736e-01,2.3885569190231939e+00,-3.1676535953977947e-01,-2.2088209675939258e-01,-9.0367917978048551e-02,-2.2088209675939235e-01

2.4424872958095725e+02,0,1.0000000000000000e+00,1.3067008634460997e+00,-1.3528129134360287e+00,1.3067008634461001e+00,1.3274887950833553e-01,2.8823007516492033e-01,1.3274887950833519e-01
2.4424872958095725e+02,1,1.0000000000000000e+00,-1.3067008634460997e+00,1.3528129134360287e+00,-1.3067008634461001e+00,-1.3274887950833553e-01,-2.8823007516492033e-01,-1.3274887950833519e-01

2.4936706531739745e+02,0,1.0000000000000000e+00,1.5734901868039706e+00,3.4914232916566923e-01,1.5734901868039692e+00,-3.4834529787825586e-02,3.4576172271638234e-01,-3.4834529787825808e-02
2.4936706531739745e+02,1,1.0000000000000000e+00,-1.5734901868039706e+00,-3.4914232916566923e-01,-1.5734901868039692e+00,3.4834529787825586e-02,-3.4576172271638234e-01,3.4834529787825808e-02

2.5445068664206840e+02,0,1.0000000000000000e+00,9.9708438597431159e-01,1.8598815340008259e+00,9.9708438597430971e-01,-1.7908265119973885e-01,2.2379486996762490e-01,-1.7908265119973890e-01
2.5445068664206840e+02,1,1.0000000000000000e+00,-9.9708438597431159e-01,-1.8598815340008259e+00,-9.9708438597430971e-01,1.7908265119973885e-01,-2.2379486996762490e-01,1.7908265119973890e-01

2.6003452045002075e+02,0,1.0000000000000000e+00,-1.8619869400768241e-01,2.4874332608859615e+00,-1.8619869400768430e-01,-2.2348450692558769e-01,-1.6761165508319131e-03,-2.2348450692558752e-01
2.6003452045002075e+02,1,1.0000000000000000e+00,1.8619869400768241e-01,-2.4874332608859615e+00,1.8619869400768430e-01,2.2348450692558769e-01,1.6761165508319131e-03,2.2348450692558752e-01

2.6586084765172365e+02,0,1.0000000000000000e+00,-1.3392827577258122e+00,1.8739497636101414e+00,-1.3392827577258135e+00,-1.5806124744734190e-01,-1.9414574535688686e-01,-1.5806124744734162e-01
2.6586084765172365e+02,1,1.0000000000000000e+00,1.3392827577258122e+00,-1.8739497636101414e+00,1.3392827577258135e+00,1.5806124744734190e-01,1.9414574535688686e-01,1.5806124744734162e-01

2.7216868077139605e+02,0,1.0000000000000000e+00,-1.9320932893155869e+00,2.9470330237068110e-01,-1.9320932893155862e+00,-2.4098936034946727e-02,-2.8420617862275738e-01,-2.4098936034946450e-02
2.7216868077139605e+02,1,1.0000000000000000e+00,1.9320932893155869e+00,-2.9470330237068110e-01,1.9320932893155862e+00,2.4098936034946727e-02,2.8420617862275738e-01,2.4098936034946450e-02

2.7839106573170801e+02,0,1.0000000000000000e+00,-1.6357680560017367e+00,-1.4045502962115730e+00,-1.6357680560017345e+00,1.1663356265264463e-01,-2.3988558776439117e-01,1.1663356265264474e-01
2.7839106573170801e+02,1,1.0000000000000000e+00,1.6357680560017367e+00,1.4045502962115730e+00,1.6357680560017345e+00,-1.1663356265264463e-01,2.3988558776439117e-01,-1.1663356265264474e-01

2.8453165365198311e+02,0,1.0000000000000000e+00,-5.8812551157597670e-01,-2.4191875619026080e+00,-5.8812551157597426e-01,2.1252349469069870e-01,-7.1550529157628273e-02,2.1252349469069864e-01
2.8453165365198311e+02,1,1.0000000000000000e+00,5.8812551157597670e-01,2.4191875619026080e+00,5.8812551157597426e-01,-2.1252349469069870e-01,7.1550529157628273e-02,-2.1252349469069864e-01

2.9026479445933398e+02,0,1.0000000000000000e+00,6.7047720480976980e-01,-2.1831579056343831e+00,6.7047720480977135e-01,2.0613071747146250e-01,1.5839312705701242e-01,2.0613071747146225e-01
2.9026479445933398e+02,1,1.0000000000000000e+00,-6.7047720480976980e-01,2.1831579056343831e+00,-6.7047720480977135e-01,-2.0613071747146250e-01,-1.5839312705701242e-01,-2.0613071747146225e-01

2.9565946785776282e+02,0,1.0000000000000000e+00,1.4935561240987349e+00,-8.1441806184074395e-01,1.4935561240987347e+00,8.0850130164890038e-02,3.2832316932155448e-01,8.0850130164889705e-02
2.9565946785776282e+02,1,1.0000000000000000e+00,-1.4935561240987349e+00,8.1441806184074395e-01,-1.4935561240987347e+00,-8.0850130164890038e-02,-3.2832316932155448e-01,-8.0850130164889705e-02

3.0091317045279465e+02,0,1.0000000000000000e+00,1.4494131946666240e+00,9.7539876703169903e-01,1.4494131946666222e+00,-9.6564953806584392e-02,3.1876731311048212e-01,-9.6564953806584503e-02
3.0091317045279465e+02,1,1.0000000000000000e+00,-1.4494131946666240e+00,-9.7539876703169903e-01,-1.4494131946666222e+00,9.6564953806584392e-02,-3.1876731311048212e-01,9.6564953806584503e-02

3.0625756626103259e+02,0,1.0000000000000000e+00,5.7714480476956853e-01,2.2499050415608872e+00,5.7714480476956687e-01,-2.1126134734178198e-01,1.4016745085880683e-01,-2.1126134734178190e-01
3.0625756626103259e+02,1,1.0000000000000000e+00,-5.7714480476956853e-01,-2.2499050415608872e+00,-5.7714480476956687e-01,2.1126134734178198e-01,-1.4016745085880683e-01,2.1126134734178190e-01

3.1189903022712809e+02,0,1.0000000000000000e+00,-6.6307796838661337e-01,2.3914957499745437e+00,-6.6307796838661415e-01,-2.0922386728299910e-01,-8.4238807191188397e-02,-2.0922386728299891e-01
3.1189903022712809e+02,1,1.0000000000000000e+00,6.6307796838661337e-01,-2.3914957499745437e+00,6.6307796838661415e-01,2.0922386728299910e-01,8.4238807191188397e-02,2.0922386728299891e-01

3.1777692156556532e+02,0,1.0000000000000000e+00,-1.6464902067469298e+00,1.3822393224892986e+00,-1.6464902067469298e+00,-1.1471658908059404e-01,-2.4151319244636812e-01,-1.1471658908059378e-01
3.1777692156556532e+02,1,1.0000000000000000e+00,1.6464902067469298e+00,-1.3822393224892986e+00,1.6464902067469298e+00,1.1471658908059404e-01,2.4151319244636812e-01,1.1471658908059378e-01

3.2403341889006919e+02,0,1.0000000000000000e+00,-1.9288504413110104e+00,-3.3071199748991909e-01,-1.9288504413110088e+00,2.7048008556382924e-02,-2.8372847053004202e-01,2.7048008556382994e-02
3.2403341889006919e+02,1,1.0000000000000000e+00,1.9288504413110104e+00,3.3071199748991909e-01,1.9288504413110088e+00,-2.7048008556382924e-02,2.8372847053004202e-01,-2.7048008556382994e-02

3.3005804039228576e+02,0,1.0000000000000000e+00,-1.3637872238705626e+00,-1.8432829110063949e+00,-1.3637872238705611e+00,1.5527264811053282e-01,-1.9798064023288348e-01,1.5527264811053276e-01
3.3005804039228576e+02,1,1.0000000000000000e+00,1.3637872238705626e+00,1.8432829110063949e+00,1.3637872238705611e+00,-1.5527264811053282e-01,1.9798064023288348e-01,-1.5527264811053276e-01

3.3593828464381977e+02,0,1.0000000000000000e+00,-2.0908757082415619e-01,-2.4870530542187579e+00,-2.0908757082415508e-01,2.2316155358096704e-01,-5.7404804584858804e-03,2.2316155358096684e-01
3.3593828464381977e+02,1,1.0000000000000000e+00,2.0908757082415619e-01,2.4870530542187579e+00,2.0908757082415508e-01,-2.2316155358096704e-01,5.7404804584858804e-03,-2.2316155358096684e-01

3.4134556858259793e+02,0,1.0000000000000000e+00,9.4636487103311695e-01,-1.9208943186768694e+00,9.4636487103311695e-01,1.8439072729923409e-01,2.1346923605251963e-01,1.8439072729923384e-01
3.4134556858259793e+02,1,1.0000000000000000e+00,-9.4636487103311695e-01,1.9208943186768694e+00,-9.4636487103311695e-01,-1.8439072729923409e-01,-2.1346923605251963e-01,-1.8439072729923384e-01

3.4659898433984915e+02,0,1.0000000000000000e+00,1.5694794606486813e+00,-3.8686830690783669e-01,1.5694794606486804e+00,3.8588798217772446e-02,3.4488256588992816e-01,3.8588798217772252e-02
3.4659898433984915e+02,1,1.0000000000000000e+00,-1.5694794606486813e+00,3.8686830690783669e-01,-1.5694794606486804e+00,-3.8588798217772446e-02,-3.4488256588992816e-01,-3.8588798217772252e-02

3.5173980282478215e+02,0,1.0000000000000000e+00,1.3181158923770124e+00,1.3276996571553477e+00,1.3181158923770107e+00,-1.3037646519606408e-01,2.9065281786364755e-01,-1.3037646519606413e-01
3.5173980282478215e+02,1,1.0000000000000000e+00,-1.3181158923770124e+00,-1.3276996571553477e+00,-1.3181158923770107e+00,1.3037646519606408e-01,-2.9065281786364755e-01,1.3037646519606413e-01

3.5718571949102022e+02,0,1.0000000000000000e+00,3.0506330802951220e-01,2.3932830626913804e+00,3.0506330802951132e-01,-2.2116853607404457e-01,8.8165224850033197e-02,-2.2116853607404446e-01
3.5718571949102022e+02,1,1.0000000000000000e+00,-3.0506330802951220e-01,-2.3932830626913804e+00,-3.0506330802951132e-01,2.2116853607404457e-01,-8.8165224850033197e-02,2.2116853607404446e-01

3.6291144305106690e+02,0,1.0000000000000000e+00,-9.3349688592040025e-01,2.2480439531162695e+00,-9.3349688592039981e-01,-1.9378869609094870e-01,-1.2915884554210796e-01,-1.9378869609094854e-01
3.6291144305106690e+02,1,1.0000000000000000e+00,9.3349688592040025e-01,-2.2480439531162695e+00,9.3349688592039981e-01,1.9378869609094870e-01,1.2915884554210796e-01,1.9378869609094854e-01

3.6922951702888122e+02,0,1.0000000000000000e+00,-1.8169062944986698e+00,9.2803572004870860e-01,-1.8169062944986685e+00,-7.6341282862795512e-02,-2.6713950553794735e-01,-7.6341282862795387e-02
3.6922951702888122e+02,1,1.0000000000000000e+00,1.8169062944986698e+00,-9.2803572004870860e-01,1.8169062944986685e+00,7.6341282862795512e-02,2.6713950553794735e-01,7.6341282862795387e-02

3.7551002192967655e+02,0,1.0000000000000000e+00,-1.8425701984191105e+00,-8.3262318596758789e-01,-1.8425701984191087e+00,6.8401666014421547e-02,-2.7095959430914168e-01,6.8401666014421561e-02
3.7551002192967655e+02,1,1.0000000000000000e+00,1.8425701984191105e+00,8.3262318596758789e-01,1.8425701984191087e+00,-6.8401666014421547e-02,2.7095959430914168e-01,-6.8401666014421561e-02

3.8149045913819384e+02,0,1.0000000000000000e+00,-1.0643600778159583e+00,-2.1511967746744181e+00,-1.0643600778159568e+00,1.8413301957693401e-01,-1.5042703314817329e-01,1.8413301957693390e-01
3.8149045913819384e+02,1,1.0000000000000000e+00,1.0643600778159583e+00,2.1511967746744181e+00,1.0643600778159568e+00,-1.8413301957693401e-01,1.5042703314817329e-01,-1.8413301957693390e-01

3.8725626031645794e+02,0,1.0000000000000000e+00,1.5988831823937177e-01,-2.4419418920089813e+00,1.5988831823937244e-01,2.2377598685020109e-01,6.1085950021665947e-02,2.2377598685020089e-01
3.8725626031645794e+02,1,1.0000000000000000e+00,-1.5988831823937177e-01,2.4419418920089813e+00,-1.5988831823937244e-01,-2.2377598685020109e-01,-6.1085950021665947e-02,-2.2377598685020089e-01

3.9251521450025126e+02,0,1.0000000000000000e+00,1.1993827083425381e+00,-1.5613285642796211e+00,1.1993827083425377e+00,1.5220147950020946e-01,2.6561861101293671e-01,1.5220147950020924e-01
3.9251521450025126e+02,1,1.0000000000000000e+00,-1.1993827083425381e+00,1.5613285642796211e+00,-1.1993827083425377e+00,-1.5220147950020946e-01,-2.6561861101293671e-01,-1.5220147950020924e-01

3.9768764071226587e+02,0,1.0000000000000000e+00,1.5893759135342971e+00,1.0628182061394575e-01,1.5893759135342957e+00,-1.0614506500385867e-02,3.4924825066843296e-01,-1.0614506500386089e-02
3.9768764071226587e+02,1,1.0000000000000000e+00,-1.5893759135342971e+00,-1.0628182061394575e-01,-1.5893759135342957e+00,1.0614506500385867e-02,-3.4924825066843296e-01,1.0614506500386089e-02

4.0277614112136490e+02,0,1.0000000000000000e+00,1.1163131355779481e+00,1.6961070145458776e+00,1.1163131355779461e+00,-1.6450168547259483e-01,2.4831959336747556e-01,-1.6450168547259478e-01
4.0277614112136490e+02,1,1.0000000000000000e+00,-1.1163131355779481e+00,-1.6961070145458776e+00,-1.1163131355779461e+00,1.6450168547259483e-01,-2.4831959336747556e-01,1.6450168547259478e-01

4.0834641751147922e+02,0,1.0000000000000000e+00,-2.7675018496845061e-02,2.4786048507479932e+00,-2.7675018496846171e-02,-2.2470527527293549e-01,2.6764164514285871e-02,-2.2470527527293524e-01
4.0834641751147922e+02,1,1.0000000000000000e+00,2.7675018496845061e-02,-2.4786048507479932e+00,2.7675018496846171e-02,2.2470527527293549e-01,-2.6764164514285871e-02,2.2470527527293524e-01

4.1414695628707540e+02,0,1.0000000000000000e+00,-1.2188281952001312e+00,2.0093468515084139e+00,-1.2188281952001305e+00,-1.7057207999215482e-01,-1.7514889751105997e-01,-1.7057207999215451e-01
4.1414695628707540e+02,1,1.0000000000000000e+00,1.2188281952001312e+00,-2.0093468515084139e+00,1.2188281952001305e+00,1.7057207999215482e-01,1.7514889751105997e-01,1.7057207999215451e-01

4.2043424966650491e+02,0,1.0000000000000000e+00,-1.9073560768883819e+00,5.0753138616136284e-01,-1.9073560768883797e+00,-4.1555542678916008e-02,-2.8055807242171960e-01,-4.1555542678915786e-02
4.2043424966650491e+02,1,1.0000000000000000e+00,1.9073560768883819e+00,-5.0753138616136284e-01,1.9073560768883797e+00,4.1555542678916008e-02,2.8055807242171960e-01,4.1555542678915786e-02

4.2670673742648580e+02,0,1.0000000000000000e+00,-1.7126180407780796e+00,-1.2316894477867859e+00,-1.7126180407780767e+00,1.0187013864572092e-01,-2.5151113760425448e-01,1.0187013864572095e-01
4.2670673742648580e+02,1,1.0000000000000000e+00,1.7126180407780796e+00,1.2316894477867859e+00,1.7126180407780767e+00,-1.0187013864572092e-01,2.5151113760425448e-01,-1.0187013864572095e-01

4.3280086604919205e+02,0,1.0000000000000000e+00,-7.4477128942956661e-01,-2.3555714039805373e+00,-7.4477128942956428e-01,2.0515825885658964e-01,-9.7949477530249435e-02,2.0515825885658945e-01
4.3280086604919205e+02,1,1.0000000000000000e+00,7.4477128942956661e-01,2.3555714039805373e+00,7.4477128942956428e-01,-2.0515825885658964e-01,9.7949477530249435e-02,-2.0515825885658945e-01

4.3852779182032452e+02,0,1.0000000000000000e+00,5.1143449568177224e-01,-2.2912231244669186e+00,5.1143449568177302e-01,2.1430892510359767e-01,1.2745585623485947e-01,2.1430892510359734e-01
4.3852779182032452e+02,1,1.0000000000000000e+00,-5.1143449568177224e-01,2.2912231244669186e+00,-5.1143449568177302e-01,-2.1430892510359767e-01,-1.2745585623485947e-01,-2.1430892510359734e-01

4.4377258281747294e+02,0,1.0000000000000000e+00,1.4074269852665588e+00,-1.1037623942725572e+00,1.4074269852665582e+00,1.0898793338683313e-01,3.0972697610153199e-01,1.0898793338683280e-01
4.4377258281747294e+02,1,1.0000000000000000e+00,-1.4074269852665588e+00,1.1037623942725572e+00,-1.4074269852665582e+00,-1.0898793338683313e-01,-3.0972697610153199e-01,-1.0898793338683280e-01

4.4885697657614048e+02,0,1.0000000000000000e+00,1.5348232308883130e+00,6.2204732256775985e-01,1.5348232308883110e+00,-6.1912424862901688e-02,3.3730426930852364e-01,-6.1912424862901855e-02
4.4885697657614048e+02,1,1.0000000000000000e+00,-1.5348232308883130e+00,-6.2204732256775985e-01,-1.5348232308883110e+00,6.1912424862901688e-02,-3.3730426930852364e-01,6.1912424862901855e-02

4.5405037361824213e+02,0,1.0000000000000000e+00,8.2693443727935700e-01,2.0476270767498663e+00,8.2693443727935489e-01,-1.9514820335526969e-01,1.8940333634929402e-01,-1.9514820335526964e-01
4.5405037361824213e+02,1,1.0000000000000000e+00,-8.2693443727935700e-01,-2.0476270767498663e+00,-8.2693443727935489e-01,1.9514820335526969e-01,-1.8940333634929402e-01,1.9514820335526964e-01

4.5977609650910364e+02,0,1.0000000000000000e+00,-4.1852533956704852e-01,2.4640990309090620e+00,-4.1852533956704974e-01,-2.1851772002895573e-01,-4.2448049598970583e-02,-2.1851772002895550e-01
4.5977609650910364e+02,1,1.0000000000000000e+00,4.1852533956704852e-01,-2.4640990309090620e+00,4.1852533956704974e-01,2.1851772002895573e-01,4.2448049598970583e-02,2.1851772002895550e-01

4.6577108005320855e+02,0,1.0000000000000000e+00,-1.5182639831175146e+00,1.6199739121657706e+00,-1.5182639831175142e+00,-1.3535339969995691e-01,-2.2192840892097973e-01,-1.3535339969995661e-01
4.6577108005320855e+02,1,1.0000000000000000e+00,1.5182639831175146e+00,-1.6199739121657706e+00,1.5182639831175142e+00,1.3535339969995691e-01,2.2192840892097973e-01,1.3535339969995661e-01

4.7204605339317141e+02,0,1.0000000000000000e+00,-1.9442696587395027e+00,-4.3793559758439349e-02,-1.9442696587395010e+00,3.5789124839630260e-03,-2.8599847285326629e-01,3.5789124839632758e-03
4.7204605339317141e+02,1,1.0000000000000000e+00,1.9442696587395027e+00,4.3793559758439349e-02,1.9442696587395010e+00,-3.5789124839630260e-03,2.8599847285326629e-01,-3.5789124839632758e-03

4.7812293134711422e+02,0,1.0000000000000000e+00,-1.5035149962597445e+00,-1.6438478189601116e+00,-1.5035149962597416e+00,1.3745472557034433e-01,-2.1965875732479179e-01,1.3745472557034438e-01
4.7812293134711422e+02,1,1.0000000000000000e+00,1.5035149962597445e+00,1.6438478189601116e+00,1.5035149962597416e+00,-1.3745472557034433e-01,2.1965875732479179e-01,-1.3745472557034438e-01

4.8408882257260757e+02,0,1.0000000000000000e+00,-4.0123522539964540e-01,-2.4673354796546687e+00,-4.0123522539964296e-01,2.1901605469427365e-01,-3.9450185748872935e-02,2.1901605469427349e-01
4.8408882257260757e+02,1,1.0000000000000000e+00,4.0123522539964540e-01,2.4673354796546687e+00,4.0123522539964296e-01,-2.1901605469427365e-01,3.9450185748872935e-02,-2.1901605469427349e-01

4.8961990274967206e+02,0,1.0000000000000000e+00,8.0426930626779813e-01,-2.0692623107698567e+00,8.0426930626779902e-01,1.9694243343417905e-01,1.8487505425952253e-01,1.9694243343417872e-01
4.8961990274967206e+02,1,1.0000000000000000e+00,-8.0426930626779813e-01,2.0692623107698567e+00,-8.0426930626779902e-01,-1.9694243343417905e-01,-1.8487505425952253e-01,-1.9694243343417872e-01

4.9485606232336119e+02,0,1.0000000000000000e+00,1.5302248100787124e+00,-6.4658240316273363e-01,1.5302248100787113e+00,6.4335874089362699e-02,3.3630120166946553e-01,6.4335874089362366e-02
4.9485606232336119e+02,1,1.0000000000000000e+00,-1.5302248100787124e+00,6.4658240316273363e-01,-1.5302248100787113e+00,-6.4335874089362699e-02,-3.3630120166946553e-01,-6.4335874089362366e-02

4.9996658935017001e+02,0,1.0000000000000000e+00,1.4124855356058170e+00,1.0892686590669027e+00,1.4124855356058148e+00,-1.0759060823233976e-01,3.1081366704859492e-01,-1.0759060823233976e-01
4.9996658935017001e+02,1,1.0000000000000000e+00,-1.4124855356058170e+00,-1.0892686590669027e+00,-1.4124855356058148e+00,1.0759060823233976e-01,-3.1081366704859492e-01,1.0759060823233976e-01

5.0526279761875600e+02,0,1.0000000000000000e+00,5.1042624418799631e-01,2.2918222438767168e+00,5.1042624418799454e-01,-2.1435224268653691e-01,1.2726157688393788e-01,-2.1435224268653669e-01
5.0526279761875600e+02,1,1.0000000000000000e+00,-5.1042624418799631e-01,-2.2918222438767168e+00,-5.1042624418799454e-01,2.1435224268653691e-01,-1.2726157688393788e-01,2.1435224268653669e-01

5.1110046564499800e+02,0,1.0000000000000000e+00,-7.6838318924937377e-01,2.3440357244503875e+00,-7.6838318924937354e-01,-2.0388970424348382e-01,-1.0188944400814756e-01,-2.0388970424348352e-01
5.1110046564499800e+02,1,1.0000000000000000e+00,7.6838318924937377e-01,-2.3440357244503875e+00,7.6838318924937354e-01,2.0388970424348382e-01,1.0188944400814756e-01,2.0388970424348352e-01

5.1719814881159948e+02,0,1.0000000000000000e+00,-1.7245893139488515e+00,1.2016516438349112e+00,-1.7245893139488493e+00,-9.9323897216488460e-02,-2.5331373599294460e-01,-9.9323897216488211e-02
5.1719814881159948e+02,1,1.0000000000000000e+00,1.7245893139488515e+00,-1.2016516438349112e+00,1.7245893139488493e+00,9.9323897216488460e-02,2.5331373599294460e-01,9.9323897216488211e-02

5.2347597429087011e+02,0,1.0000000000000000e+00,-1.9020109713990390e+00,-5.4236708166299330e-01,-1.9020109713990359e+00,4.4420045506306682e-02,-2.7976858392787080e-01,4.4420045506306710e-02
5.2347597429087011e+02,1,1.0000000000000000e+00,1.9020109713990390e+00,5.4236708166299330e-01,1.9020109713990359e+00,-4.4420045506306682e-02,2.7976858392787080e-01,-4.4420045506306710e-02

5.2949505351813980e+02,0,1.0000000000000000e+00,-1.2431984422244189e+00,-1.9838685496285844e+00,-1.2431984422244162e+00,1.6819028604265812e-01,-1.7901202265095623e-01,1.6819028604265790e-01
5.2949505351813980e+02,1,1.0000000000000000e+00,1.2431984422244189e+00,1.9838685496285844e+00,1.2431984422244162e+00,-1.6819028604265812e-01,1.7901202265095623e-01,-1.6819028604265790e-01

5.3534001220904838e+02,0,1.0000000000000000e+00,-5.0020353845802390e-02,-2.4810656990910136e+00,-5.0020353845800614e-02,2.2464199822305861e-01,2.2724146211023699e-02,2.2464199822305830e-01
5.3534001220904838e+02,1,1.0000000000000000e+00,5.0020353845802390e-02,2.4810656990910136e+00,5.0020353845800614e-02,-2.2464199822305861e-01,-2.2724146211023699e-02,-2.2464199822305830e-01

5.4067495977565454e+02,0,1.0000000000000000e+00,1.0600084869713882e+00,-1.7773062700576054e+00,1.0600084869713877e+00,1.7178668761817370e-01,2.3669369877671637e-01,1.7178668761817328e-01
5.4067495977565454e+02,1,1.0000000000000000e+00,-1.0600084869713882e+00,1.7773062700576054e+00,-1.0600084869713877e+00,-1.7178668761817370e-01,-2.3669369877671637e-01,-1.7178668761817328e-01

5.4588229763824972e+02,0,1.0000000000000000e+00,1.5862712288195846e+00,-1.8163368133034652e-01,1.5862712288195822e+00,1.8136458030841712e-02,3.4856630117738058e-01,1.8136458030841462e-02
5.4588229763824972e+02,1,1.0000000000000000e+00,-1.5862712288195846e+00,1.8163368133034652e-01,-1.5862712288195822e+00,-1.8136458030841712e-02,-3.4856630117738058e-01,-1.8136458030841462e-02

5.5098191377346188e+02,0,1.0000000000000000e+00,1.2422966124344224e+00,1.4833196808593889e+00,1.2422966124344197e+00,-1.4497867305453196e-01,2.7462456555923287e-01,-1.4497867305453199e-01
5.5098191377346188e+02,1,1.0000000000000000e+00,-1.2422966124344224e+00,-1.4833196808593889e+00,-1.2422966124344197e+00,1.4497867305453196e-01,-2.7462456555923287e-01,1.4497867305453199e-01

5.5641095023606044e+02,0,1.0000000000000000e+00,1.8642469377313087e-01,2.4344009133534397e+00,1.8642469377312954e-01,-2.2342684542394678e-01,6.6001824733669057e-02,-2.2342684542394659e-01
5.5641095023606044e+02,1,1.0000000000000000e+00,-1.8642469377313087e-01,-2.4344009133534397e+00,-1.8642469377312954e-01,2.2342684542394678e-01,-6.6001824733669057e-02,2.2342684542394659e-01

5.6209315658435503e+02,0,1.0000000000000000e+00,-1.0268177502992319e+00,2.1810116472692145e+00,-1.0268177502992319e+00,-1.8706331820089347e-01,-1.4435629956338791e-01,-1.8706331820089322e-01
5.6209315658435503e+02,1,1.0000000000000000e+00,1.0268177502992319e+00,-2.1810116472692145e+00,1.0268177502992319e+00,1.8706331820089347e-01,1.4435629956338791e-01,1.8706331820089322e-01

5.6842976261257445e+02,0,1.0000000000000000e+00,-1.8528303318900514e+00,7.9080435657547521e-01,-1.8528303318900501e+00,-6.4931724241543393e-02,-2.7248398702918314e-01,-6.4931724241543226e-02
5.6842976261257445e+02,1,1.0000000000000000e+00,1.8528303318900514e+00,-7.9080435657547521e-01,1.8528303318900501e+00,6.4931724241543393e-02,2.7248398702918314e-01,6.4931724241543226e-02

5.7469144933893006e+02,0,1.0000000000000000e+00,-1.8063910655116131e+00,-9.6401601059833131e-01,-1.8063910655116109e+00,7.9344252174958524e-02,-2.6557137390994268e-01,7.9344252174958552e-02
5.7469144933893006e+02,1,1.0000000000000000e+00,1.8063910655116131e+00,9.6401601059833131e-01,1.8063910655116109e+00,-7.9344252174958524e-02,2.6557137390994268e-01,-7.9344252174958552e-02

5.8082245266229882e+02,0,1.0000000000000000e+00,-9.4355401619990364e-01,-2.2412862444350679e+00,-9.4355401619990209e-01,1.9310081088118081e-01,-1.3080405911682275e-01,1.9310081088118070e-01
5.8082245266229882e+02,1,1.0000000000000000e+00,9.4355401619990364e-01,2.2412862444350679e+00,9.4355401619990209e-01,-1.9310081088118081e-01,1.3080405911682275e-01,-1.9310081088118070e-01

5.8662899439166961e+02,0,1.0000000000000000e+00,3.1143707459919034e-01,-2.3907240918747896e+00,3.1143707459919079e-01,2.2101397650082233e-01,8.9364595741947245e-02,2.2101397650082208e-01
5.8662899439166961e+02,1,1.0000000000000000e+00,-3.1143707459919034e-01,2.3907240918747896e+00,-3.1143707459919079e-01,-2.2101397650082233e-01,-8.9364595741947245e-02,-2.2101397650082208e-01

5.9193457604431296e+02,0,1.0000000000000000e+00,1.3034079633157036e+00,-1.3599359121992445e+00,1.3034079633157025e+00,1.3342071586794813e-01,2.8753181976781178e-01,1.3342071586794790e-01
5.9193457604431296e+02,1,1.0000000000000000e+00,-1.3034079633157036e+00,1.3599359121992445e+00,-1.3034079633157025e+00,-1.3342071586794813e-01,-2.8753181976781178e-01,-1.3342071586794790e-01

5.9705156392464323e+02,0,1.0000000000000000e+00,1.5743873253861562e+00,3.4011858796435623e-01,1.5743873253861544e+00,-3.3936127142284861e-02,3.4595843735846199e-01,-3.3936127142285000e-02
5.9705156392464323e+02,1,1.0000000000000000e+00,-1.5743873253861562e+00,-3.4011858796435623e-01,-1.5743873253861544e+00,3.3936127142284861e-02,-3.4595843735846199e-01,3.3936127142285000e-02

6.0213191301609834e+02,0,1.0000000000000000e+00,1.0023343078906652e+00,1.8532945096454743e+00,1.0023343078906632e+00,-1.7850518869729357e-01,2.2486729088478752e-01,-1.7850518869729348e-01
6.0213191301609834e+02,1,1.0000000000000000e+00,-1.0023343078906652e+00,-1.8532945096454743e+00,-1.0023343078906632e+00,1.7850518869729357e-01,-2.2486729088478752e-01,1.7850518869729348e-01

6.0771129911623007e+02,0,1.0000000000000000e+00,-1.7864086271619550e-01,2.4874672096858088e+00,-1.7864086271619661e-01,-2.2358309585976366e-01,-3.3176586853558843e-04,-2.2358309585976341e-01
6.0771129911623007e+02,1,1.0000000000000000e+00,1.7864086271619550e-01,-2.4874672096858088e+00,1.7864086271619661e-01,2.2358309585976366e-01,3.3176586853558843e-04,2.2358309585976341e-01

6.1353208807904571e+02,0,1.0000000000000000e+00,-1.3330495380964356e+00,1.8815699731201323e+00,-1.3330495380964351e+00,-1.5875651018245629e-01,-1.9316866821261172e-01,-1.5875651018245601e-01
6.1353208807904571e+02,1,1.0000000000000000e+00,1.3330495380964356e+00,-1.8815699731201323e+00,1.3330495380964351e+00,1.5875651018245629e-01,1.9316866821261172e-01,1.5875651018245601e-01

6.1983514004216988e+02,0,1.0000000000000000e+00,-1.9310071463270686e+00,3.0724182472704253e-01,-1.9310071463270666e+00,-2.5125659870267297e-02,-2.8404619526626101e-01,-2.5125659870267103e-02
6.1983514004216988e+02,1,1.0000000000000000e+00,1.9310071463270686e+00,-3.0724182472704253e-01,1.9310071463270666e+00,2.5125659870267297e-02,2.8404619526626101e-01,2.5125659870267103e-02

6.2605685716267885e+02,0,1.0000000000000000e+00,-1.6409722734928072e+00,-1.3937862072088967e+00,-1.6409722734928045e+00,1.1570824808101901e-01,-2.4067580706644862e-01,1.1570824808101896e-01
6.2605685716267885e+02,1,1.0000000000000000e+00,1.6409722734928072e+00,1.3937862072088967e+00,1.6409722734928045e+00,-1.1570824808101901e-01,2.4067580706644862e-01,-1.1570824808101896e-01

6.3219834363209520e+02,0,1.0000000000000000e+00,-5.9744664609220921e-01,-2.4160117651090527e+00,-5.9744664609220743e-01,2.1213519207990134e-01,-7.3134173501949867e-02,2.1213519207990106e-01
6.3219834363209520e+02,1,1.0000000000000000e+00,5.9744664609220921e-01,2.4160117651090527e+00,5.9744664609220743e-01,-2.1213519207990134e-01,7.3134173501949867e-02,-2.1213519207990106e-01

6.3771178063179855e+02,0,1.0000000000000000e+00,6.1572167068479566e-01,-2.2235003379885514e+00,6.1572167068479566e-01,2.0925899703116446e-01,1.4767619889861694e-01,2.0925899703116410e-01
6.3771178063179855e+02,1,1.0000000000000000e+00,-6.1572167068479566e-01,2.2235003379885514e+00,-6.1572167068479566e-01,-2.0925899703116446e-01,-1.4767619889861694e-01,-2.0925899703116410e-01

6.4290946667185665e+02,0,1.0000000000000000e+00,1.4529411955922535e+00,-9.6366944556265421e-01,1.4529411955922518e+00,9.5424718932455410e-02,3.1952910548201674e-01,9.5424718932455133e-02
6.4290946667185665e+02,1,1.0000000000000000e+00,-1.4529411955922535e+00,9.6366944556265421e-01,-1.4529411955922518e+00,-9.5424718932455410e-02,-3.1952910548201674e-01,-9.5424718932455133e-02

6.4807206905043518e+02,0,1.0000000000000000e+00,1.4979026015618768e+00,7.9654850467094707e-01,1.4979026015618742e+00,-7.9097634116568033e-02,3.2926692552595860e-01,-7.9097634116567977e-02
6.4807206905043518e+02,1,1.0000000000000000e+00,-1.4979026015618768e+00,-7.9654850467094707e-01,-1.4979026015618742e+00,7.9097634116568033e-02,-3.2926692552595860e-01,7.9097634116567977e-02

6.5328660653140844e+02,0,1.0000000000000000e+00,7.1846067833996097e-01,2.1449077110196715e+00,7.1846067833995964e-01,-2.0309822009392026e-01,1.6784209880070333e-01,-2.0309822009391998e-01
6.5328660653140844e+02,1,1.0000000000000000e+00,-7.1846067833996097e-01,-2.1449077110196715e+00,-7.1846067833995964e-01,2.0309822009392026e-01,-1.6784209880070333e-01,2.0309822009391998e-01

6.5903850349961681e+02,0,1.0000000000000000e+00,-5.4207868048127650e-01,2.4337785088310628e+00,-5.4207868048127561e-01,-2.1435094147054098e-01,-6.3703246552344772e-02,-2.1435094147054062e-01
6.5903850349961681e+02,1,1.0000000000000000e+00,5.4207868048127650e-01,-2.4337785088310628e+00,5.4207868048127561e-01,2.1435094147054098e-01,6.3703246552344772e-02,2.1435094147054062e-01

6.6505821254468572e+02,0,1.0000000000000000e+00,-1.5953466814444524e+00,1.4842726181241739e+00,-1.5953466814444499e+00,-1.2351458101224895e-01,-2.3373325706171810e-01,-1.2351458101224877e-01
6.6505821254468572e+02,1,1.0000000000000000e+00,1.5953466814444524e+00,-1.4842726181241739e+00,1.5953466814444499e+00,1.2351458101224895e-01,2.3373325706171810e-01,1.2351458101224877e-01

6.7132618423487338e+02,0,1.0000000000000000e+00,-1.9381203712159922e+00,-2.1185736119339849e-01,-1.9381203712159893e+00,1.7318957673580451e-02,-2.8509361238185621e-01,1.7318957673580299e-02
6.7132618423487338e+02,1,1.0000000000000000e+00,1.9381203712159922e+00,2.1185736119339849e-01,1.9381203712159893e+00,-1.7318957673580451e-02,2.8509361238185621e-01,-1.7318957673580299e-02

6.7737685480400592e+02,0,1.0000000000000000e+00,-1.4232254095520303e+00,-1.7638888551741425e+00,-1.4232254095520291e+00,1.4811804468408096e-01,-2.0724132402651382e-01,1.4811804468408063e-01
6.7737685480400592e+02,1,1.0000000000000000e+00,1.4232254095520303e+00,1.7638888551741425e+00,1.4232254095520291e+00,-1.4811804468408096e-01,2.0724132402651382e-01,-1.4811804468408063e-01

6.8329684403882800e+02,0,1.0000000000000000e+00,-2.8741625127612802e-01,-2.4825919115980954e+00,-2.8741625127612802e-01,2.2178035591392256e-01,-1.9570113951285578e-02,2.2178035591392226e-01
6.8329684403882800e+02,1,1.0000000000000000e+00,2.8741625127612802e-01,2.4825919115980954e+00,2.8741625127612802e-01,-2.2178035591392256e-01,1.9570113951285578e-02,-2.2178035591392226e-01

6.8875925877121199e+02,0,1.0000000000000000e+00,8.9082520441063906e-01,-1.9826113698372736e+00,8.9082520441063751e-01,1.8967871496837846e-01,2.0223463450266285e-01,1.8967871496837824e-01
6.8875925877121199e+02,1,1.0000000000000000e+00,-8.9082520441063906e-01,1.9826113698372736e+00,-8.9082520441063751e-01,-1.8967871496837846e-01,-2.0223463450266285e-01,-1.8967871496837824e-01

6.9405333018110218e+02,0,1.0000000000000000e+00,1.5584682451359391e+00,-4.7494367399963267e-01,1.5584682451359368e+00,4.7341296030905200e-02,3.4247116624233725e-01,4.7341296030905200e-02
6.9405333018110218e+02,1,1.0000000000000000e+00,-1.5584682451359391e+00,4.7494367399963267e-01,-1.5584682451359368e+00,-4.7341296030905200e-02,-3.4247116624233725e-01,-4.7341296030905200e-02

6.9923104484130317e+02,0,1.0000000000000000e+00,1.3460463807600680e+00,1.2632891832347206e+00,1.3460463807600664e+00,-1.2426600886942982e-01,2.9659526401924063e-01,-1.2426600886942951e-01
6.9923104484130317e+02,1,1.0000000000000000e+00,-1.3460463807600680e+00,-1.2632891832347206e+00,-1.3460463807600664e+00,1.2426600886942982e-01,-2.9659526401924063e-01,1.2426600886942951e-01

7.0462708225667450e+02,0,1.0000000000000000e+00,3.6440234663830795e-01,2.3680388477069760e+00,3.6440234663830817e-01,-2.1959343160974198e-01,9.9365742600340562e-02,-2.1959343160974165e-01
7.0462708225667450e+02,1,1.0000000000000000e+00,-3.6440234663830795e-01,-2.3680388477069760e+00,-3.6440234663830817e-01,2.1959343160974198e-01,-9.9365742600340562e-02,2.1959343160974165e-01

7.1030462285154465e+02,0,1.0000000000000000e+00,-8.7133551840578605e-01,2.2874274462062569e+00,-8.7133551840578471e-01,-1.9785084074482800e-01,-1.1895009553507616e-01,-1.9785084074482778e-01
7.1030462285154465e+02,1,1.0000000000000000e+00,8.7133551840578605e-01,-2.2874274462062569e+00,8.7133551840578471e-01,1.9785084074482800e-01,1.1895009553507616e-01,1.9785084074482778e-01

7.1658927500295226e+02,0,1.0000000000000000e+00,-1.7887574028615516e+00,1.0210318471567352e+00,-1.7887574028615494e+00,-8.4113817230116072e-02,-2.6293783584173941e-01,-8.4113817230115989e-02
7.1658927500295226e+02,1,1.0000000000000000e+00,1.7887574028615516e+00,-1.0210318471567352e+00,1.7887574028615494e+00,8.4113817230116072e-02,2.6293783584173941e-01,8.4113817230115989e-02

7.2285979972743917e+02,0,1.0000000000000000e+00,-1.8657810891957161e+00,-7.3422273979456798e-01,-1.8657810891957138e+00,6.0245581088637645e-02,-2.7440583136441865e-01,6.0245581088637479e-02
7.2285979972743917e+02,1,1.0000000000000000e+00,1.8657810891957161e+00,7.3422273979456798e-01,1.8657810891957138e+00,-6.0245581088637645e-02,2.7440583136441865e-01,-6.0245581088637479e-02

7.2884471695110301e+02,0,1.0000000000000000e+00,-1.1290234105768868e+00,-2.0957308659775977e+00,-1.1290234105768859e+00,1.7876274478503618e-01,-1.6082596950449585e-01,1.7876274478503584e-01
7.2884471695110301e+02,1,1.0000000000000000e+00,1.1290234105768868e+00,2.0957308659775977e+00,1.1290234105768859e+00,-1.7876274478503618e-01,1.6082596950449585e-01,-1.7876274478503584e-01

7.3463009862386025e+02,0,1.0000000000000000e+00,8.4402538430926821e-02,-2.4601697314578930e+00,8.4402538430925933e-02,2.2446923981069467e-01,4.7184091623043489e-02,2.2446923981069442e-01
7.3463009862386025e+02,1,1.0000000000000000e+00,-8.4402538430926821e-02,2.4601697314578930e+00,-8.4402538430925933e-02,-2.2446923981069467e-01,-4.7184091623043489e-02,-2.2446923981069442e-01

7.3990248741996902e+02,0,1.0000000000000000e+00,1.1489159407184775e+00,-1.6455173317028078e+00,1.1489159407184755e+00,1.5991330650090596e-01,2.5508808671568889e-01,1.5991330650090585e-01
7.3990248741996902e+02,1,1.0000000000000000e+00,-1.1489159407184775e+00,1.6455173317028078e+00,-1.1489159407184755e+00,-1.5991330650090596e-01,-2.5508808671568889e-01,-1.5991330650090585e-01

7.4507911011380543e+02,0,1.0000000000000000e+00,1.5909863241551354e+00,-5.2474733329979095e-03,1.5909863241551334e+00,5.2412517402988801e-04,3.4960208504285467e-01,5.2412517402999903e-04
7.4507911011380543e+02,1,1.0000000000000000e+00,-1.5909863241551354e+00,5.2474733329979095e-03,-1.5909863241551334e+00,-5.2412517402988801e-04,-3.4960208504285467e-01,-5.2412517402999903e-04

7.5014742172046249e+02,0,1.0000000000000000e+00,1.1708129253397797e+00,1.6099144028236358e+00,1.1708129253397785e+00,-1.5666316020611804e-01,2.5964917361691808e-01,-1.5666316020611767e-01
7.5014742172046249e+02,1,1.0000000000000000e+00,-1.1708129253397797e+00,-1.6099144028236358e+00,-1.1708129253397785e+00,1.5666316020611804e-01,-2.5964917361691808e-01,1.5666316020611767e-01

7.5568223058956346e+02,0,1.0000000000000000e+00,5.6538636450849555e-02,2.4657081402355239e+00,5.6538636450850444e-02,-2.2461521944195573e-01,4.2082930942736602e-02,-2.2461521944195537e-01
7.5568223058956346e+02,1,1.0000000000000000e+00,-5.6538636450849555e-02,-2.4657081402355239e+00,-5.6538636450850444e-02,2.2461521944195573e-01,-4.2082930942736602e-02,2.2461521944195537e-01

7.6145522370314552e+02,0,1.0000000000000000e+00,-1.1488946043884822e+00,2.0775884593030853e+00,-1.1488946043884789e+00,-1.7702640296384164e-01,-1.6400710215090172e-01,-1.7702640296384142e-01
7.6145522370314552e+02,1,1.0000000000000000e+00,1.1488946043884822e+00,-2.0775884593030853e+00,1.1488946043884789e+00,1.7702640296384164e-01,1.6400710215090172e-01,1.7702640296384142e-01

7.6773905540987914e+02,0,1.0000000000000000e+00,-1.8885991247125236e+00,6.2083384322573254e-01,-1.8885991247125196e+00,-5.0881670417371488e-02,-2.7778569664278102e-01,-5.0881670417371516e-02
7.6773905540987914e+02,1,1.0000000000000000e+00,1.8885991247125236e+00,-6.2083384322573254e-01,1.8885991247125196e+00,5.0881670417371488e-02,2.7778569664278102e-01,5.0881670417371516e-02

7.7404450794974605e+02,0,1.0000000000000000e+00,-1.7491060882079590e+00,-1.1368838791936933e+00,-1.7491060882079561e+00,9.3850762579903740e-02,-2.5699840080346470e-01,9.3850762579903435e-02
7.7404450794974605e+02,1,1.0000000000000000e+00,1.7491060882079590e+00,1.1368838791936933e+00,1.7491060882079561e+00,-9.3850762579903740e-02,2.5699840080346470e-01,-9.3850762579903435e-02

7.8019006482199654e+02,0,1.0000000000000000e+00,-8.1013313391580821e-01,-2.3223354733728945e+00,-8.1013313391580788e-01,2.0154159187788473e-01,-1.0883112251928354e-01,2.0154159187788429e-01
7.8019006482199654e+02,1,1.0000000000000000e+00,8.1013313391580821e-01,2.3223354733728945e+00,8.1013313391580788e-01,-2.0154159187788473e-01,1.0883112251928354e-01,-2.0154159187788429e-01

7.8597891935339294e+02,0,1.0000000000000000e+00,4.5553147138357986e-01,-2.3229009959643250e+00,4.5553147138357775e-01,2.1655932768734282e-01,1.1671862846356978e-01,2.1655932768734248e-01
7.8597891935339294e+02,1,1.0000000000000000e+00,-4.5553147138357986e-01,2.3229009959643250e+00,-4.5553147138357775e-01,-2.1655932768734282e-01,-1.1671862846356978e-01,-2.1655932768734248e-01

7.9127740424011427e+02,0,1.0000000000000000e+00,1.3843732307604437e+00,-1.1669899736401170e+00,1.3843732307604406e+00,1.1506633248135743e-01,3.0478314723777333e-01,1.1506633248135735e-01
7.9127740424011427e+02,1,1.0000000000000000e+00,-1.3843732307604437e+00,1.1669899736401170e+00,-1.3843732307604406e+00,-1.1506633248135743e-01,-3.0478314723777333e-01,-1.1506633248135735e-01

7.9640725530278792e+02,0,1.0000000000000000e+00,1.5443189771060024e+00,5.6780522993816995e-01,1.5443189771059997e+00,-5.6547335867851836e-02,3.3937743513940205e-01,-5.6547335867851559e-02
7.9640725530278792e+02,1,1.0000000000000000e+00,-1.5443189771060024e+00,-5.6780522993816995e-01,-1.5443189771059997e+00,5.6547335867851836e-02,-3.3937743513940205e-01,5.6547335867851559e-02

8.0154574601279239e+02,0,1.0000000000000000e+00,8.6856138316869835e-01,2.0059639172693604e+00,8.6856138316869780e-01,-1.9165598802797090e-01,1.9775216046658814e-01,-1.9165598802797040e-01
8.0154574601279239e+02,1,1.0000000000000000e+00,-8.6856138316869835e-01,-2.0059639172693604e+00,-8.6856138316869780e-01,1.9165598802797090e-01,-1.9775216046658814e-01,1.9165598802797040e-01

8.0720482574706182e+02,0,1.0000000000000000e+00,-3.5669027879690940e-01,2.4745524005150439e+00,-3.5669027879690773e-01,-2.2020459731004569e-01,-3.1699971449438064e-02,-2.2020459731004530e-01
8.0720482574706182e+02,1,1.0000000000000000e+00,3.5669027879690940e-01,-2.4745524005150439e+00,3.5669027879690773e-01,2.2020459731004569e-01,3.1699971449438064e-02,2.2020459731004530e-01

8.1312210995234932e+02,0,1.0000000000000000e+00,-1.4683459209289520e+00,1.6983995089763499e+00,-1.4683459209289478e+00,-1.4227950967457109e-01,-2.1423251338790594e-01,-1.4227950967457093e-01
8.1312210995234932e+02,1,1.0000000000000000e+00,1.4683459209289520e+00,-1.6983995089763499e+00,1.4683459209289478e+00,1.4227950967457109e-01,2.1423251338790594e-01,1.4227950967457093e-01

8.1949619446938937e+02,0,1.0000000000000000e+00,-1.9444089913242575e+00,3.0701966703261752e-02,-1.9444089913242530e+00,-2.5090187962647503e-03,-2.8601896884969286e-01,-2.5090187962649724e-03
8.1949619446938937e+02,1,1.0000000000000000e+00,1.9444089913242575e+00,-3.0701966703261752e-02,1.9444089913242530e+00,2.5090187962647503e-03,2.8601896884969286e-01,2.5090187962649724e-03

8.2569201674145233e+02,0,1.0000000000000000e+00,-1.5227709024877576e+00,-1.6125548662081957e+00,-1.5227709024877554e+00,1.3470159755617156e-01,-2.2262125533993732e-01,1.3470159755617114e-01
8.2569201674145233e+02,1,1.0000000000000000e+00,1.5227709024877576e+00,1.6125548662081957e+00,1.5227709024877554e+00,-1.3470159755617156e-01,2.2262125533993732e-01,-1.3470159755617114e-01

8.3177536050250694e+02,0,1.0000000000000000e+00,-4.0650106707814992e-01,-2.4663756590914927e+00,-4.0650106707815059e-01,2.1886647631995720e-01,-4.0363822076646183e-02,2.1886647631995670e-01
8.3177536050250694e+02,1,1.0000000000000000e+00,4.0650106707814992e-01,2.4663756590914927e+00,4.0650106707815059e-01,-2.1886647631995720e-01,4.0363822076646183e-02,-2.1886647631995670e-01

8.3741435204394907e+02,0,1.0000000000000000e+00,8.2073077446246900e-01,-2.0536207338732515e+00,8.2073077446246612e-01,1.9564663452860384e-01,1.8816267911101106e-01,1.9564663452860354e-01
8.3741435204394907e+02,1,1.0000000000000000e+00,-8.2073077446246900e-01,2.0536207338732515e+00,-8.2073077446246612e-01,-1.9564663452860384e-01,-1.8816267911101106e-01,-1.9564663452860354e-01

8.4273918298983676e+02,0,1.0000000000000000e+00,1.5408290784710212e+00,-5.8835720758877619e-01,1.5408290784710179e+00,5.8581280869639568e-02,3.3861521371369546e-01,5.8581280869639568e-02
8.4273918298983676e+02,1,1.0000000000000000e+00,-1.5408290784710212e+00,5.8835720758877619e-01,-1.5408290784710179e+00,-5.8581280869639568e-02,-3.3861521371369546e-01,-5.8581280869639568e-02

8.4792547113803346e+02,0,1.0000000000000000e+00,1.3848549271501198e+00,1.1657131800032070e+00,1.3848549271501176e+00,-1.1494387488646113e-01,3.0488630132925065e-01,-1.1494387488646077e-01
8.4792547113803346e+02,1,1.0000000000000000e+00,-1.3848549271501198e+00,-1.1657131800032070e+00,-1.3848549271501176e+00,1.1494387488646113e-01,-3.0488630132925065e-01,1.1494387488646077e-01

8.5331918793461864e+02,0,1.0000000000000000e+00,4.3578199695747577e-01,2.3333555794428396e+00,4.3578199695747544e-01,-2.1728223484775611e-01,1.1294218641427251e-01,-2.1728223484775566e-01
8.5331918793461864e+02,1,1.0000000000000000e+00,-4.3578199695747577e-01,-2.3333555794428396e+00,-4.3578199695747544e-01,2.1728223484775611e-01,-1.1294218641427251e-01,2.1728223484775566e-01

8.5900394471224638e+02,0,1.0000000000000000e+00,-8.0750115220498564e-01,2.3237533401215846e+00,-8.0750115220498286e-01,-2.0169363098928042e-01,-1.0839444327797862e-01,-2.0169363098928003e-01
8.5900394471224638e+02,1,1.0000000000000000e+00,8.0750115220498564e-01,-2.3237533401215846e+00,8.0750115220498286e-01,2.0169363098928042e-01,1.0839444327797862e-01,2.0169363098928003e-01

8.6508119176442165e+02,0,1.0000000000000000e+00,-1.7413983387933705e+00,1.1577474004069954e+00,-1.7413983387933663e+00,-9.5611347608482361e-02,-2.5584100286770206e-01,-9.5611347608482264e-02
8.6508119176442165e+02,1,1.0000000000000000e+00,1.7413983387933705e+00,-1.1577474004069954e+00,1.7413983387933663e+00,9.5611347608482361e-02,2.5584100286770206e-01,9.5611347608482264e-02

8.7150233227631463e+02,0,1.0000000000000000e+00,-1.8868391843348100e+00,-6.3036405473143708e-01,-1.8868391843348062e+00,5.1667427561221418e-02,-2.7752529295799477e-01,5.1667427561221183e-02
8.7150233227631463e+02,1,1.0000000000000000e+00,1.8868391843348100e+00,6.3036405473143708e-01,1.8868391843348062e+00,-5.1667427561221418e-02,2.7752529295799477e-01,-5.1667427561221183e-02

8.7765437207135642e+02,0,1.0000000000000000e+00,-1.1660743644236331e+00,-2.0614690008056362e+00,-1.1660743644236313e+00,1.7549124345571307e-01,-1.6675191065665793e-01,1.7549124345571263e-01
8.7765437207135642e+02,1,1.0000000000000000e+00,1.1660743644236331e+00,2.0614690008056362e+00,1.1660743644236313e+00,-1.7549124345571307e-01,1.6675191065665793e-01,-1.7549124345571263e-01

8.8353300535277333e+02,0,1.0000000000000000e+00,5.8374179557668882e-02,-2.4653628639187000e+00,5.8374179557668882e-02,2.2460740009143521e-01,4.2418470018515786e-02,2.2460740009143471e-01
8.8353300535277333e+02,1,1.0000000000000000e+00,-5.8374179557668882e-02,2.4653628639187000e+00,-5.8374179557668882e-02,-2.2460740009143521e-01,-4.2418470018515786e-02,-2.2460740009143471e-01

8.8888900484621956e+02,0,1.0000000000000000e+00,1.1437375931944469e+00,-1.6537409674746486e+00,1.1437375931944449e+00,1.6066161072851429e-01,2.5401123535560488e-01,1.6066161072851393e-01
8.8888900484621956e+02,1,1.0000000000000000e+00,-1.1437375931944469e+00,1.6537409674746486e+00,-1.1437375931944449e+00,-1.6066161072851429e-01,-2.5401123535560488e-01,-1.6066161072851393e-01

8.9414397382723303e+02,0,1.0000000000000000e+00,1.5909734468112280e+00,1.0848108302778492e-02,1.5909734468112244e+00,-1.0835237626314054e-03,3.4959925538910974e-01,-1.0835237626314886e-03
8.9414397382723303e+02,1,1.0000000000000000e+00,-1.5909734468112280e+00,-1.0848108302778492e-02,-1.5909734468112244e+00,1.0835237626314054e-03,-3.4959925538910974e-01,1.0835237626314886e-03

8.9929606144467903e+02,0,1.0000000000000000e+00,1.1502767587973550e+00,1.6433440532508465e+00,1.1502767587973519e+00,-1.5971539632840168e-01,2.5537118568788275e-01,-1.5971539632840140e-01
8.9929606144467903e+02,1,1.0000000000000000e+00,-1.1502767587973550e+00,-1.6433440532508465e+00,-1.1502767587973519e+00,1.5971539632840168e-01,-2.5537118568788275e-01,1.5971539632840140e-01

9.0480887919832549e+02,0,1.0000000000000000e+00,3.2314900353938469e-02,2.4700072459740010e+00,3.2314900353937803e-02,-2.2469483139935442e-01,3.7661414070118693e-02,-2.2469483139935398e-01
9.0480887919832549e+02,1,1.0000000000000000e+00,-3.2314900353938469e-02,-2.4700072459740010e+00,-3.2314900353937803e-02,2.2469483139935442e-01,-3.7661414070118693e-02,2.2469483139935398e-01

9.1054913018847719e+02,0,1.0000000000000000e+00,-1.1621419240224358e+00,2.0651948151968562e+00,-1.1621419240224338e+00,-1.7584546326341785e-01,-1.6612407102262786e-01,-1.7584546326341743e-01
9.1054913018847719e+02,1,1.0000000000000000e+00,1.1621419240224358e+00,-2.0651948151968562e+00,1.1621419240224338e+00,1.7584546326341785e-01,1.6612407102262786e-01,1.7584546326341743e-01

9.1693572304650536e+02,0,1.0000000000000000e+00,-1.8972855610228210e+00,5.7131558796874149e-01,-1.8972855610228172e+00,-4.6802336167683672e-02,-2.7907026396215573e-01,-4.6802336167683506e-02
9.1693572304650536e+02,1,1.0000000000000000e+00,1.8972855610228210e+00,-5.7131558796874149e-01,1.8972855610228172e+00,4.6802336167683672e-02,2.7907026396215573e-01,4.6802336167683506e-02

9.2318502544775788e+02,0,1.0000000000000000e+00,-1.7375248344189405e+00,-1.1680535893220045e+00,-1.7375248344189365e+00,9.6481895308497156e-02,-2.5525900616022973e-01,9.6481895308497018e-02
9.2318502544775788e+02,1,1.0000000000000000e+00,1.7375248344189405e+00,1.1680535893220045e+00,1.7375248344189365e+00,-9.6481895308497156e-02,2.5525900616022973e-01,-9.6481895308497018e-02

9.2926756200154853e+02,0,1.0000000000000000e+00,-7.9828805481088605e-01,-2.3286633048574474e+00,-7.9828805481088339e-01,2.0222156004112535e-01,-1.0686488379635159e-01,2.0222156004112493e-01
9.2926756200154853e+02,1,1.0000000000000000e+00,7.9828805481088605e-01,2.3286633048574474e+00,7.9828805481088339e-01,-2.0222156004112535e-01,1.0686488379635159e-01,-2.0222156004112493e-01

9.3499621786537136e+02,0,1.0000000000000000e+00,4.5520110609393194e-01,-2.3230789990717300e+00,4.5520110609393127e-01,2.1657172506167632e-01,1.1665538492277303e-01,2.1657172506167580e-01
9.3499621786537136e+02,1,1.0000000000000000e+00,-4.5520110609393194e-01,2.3230789990717300e+00,-4.5520110609393127e-01,-2.1657172506167632e-01,-1.1665538492277303e-01,-2.1657172506167580e-01

9.4023899946828874e+02,0,1.0000000000000000e+00,1.3777403564671604e+00,-1.1843918003919633e+00,1.3777403564671573e+00,1.1673412651267315e-01,3.0336336037682932e-01,1.1673412651267283e-01
9.4023899946828874e+02,1,1.0000000000000000e+00,-1.3777403564671604e+00,1.1843918003919633e+00,-1.3777403564671573e+00,-1.1673412651267315e-01,-3.0336336037682932e-01,-1.1673412651267283e-01

9.4542982546921621e+02,0,1.0000000000000000e+00,1.5441069048956317e+00,5.6907651197960130e-01,1.5441069048956282e+00,-5.6673188760063498e-02,3.3933110737902794e-01,-5.6673188760063373e-02
9.4542982546921621e+02,1,1.0000000000000000e+00,-1.5441069048956317e+00,-5.6907651197960130e-01,-1.5441069048956282e+00,5.6673188760063498e-02,-3.3933110737902794e-01,5.6673188760063373e-02

9.5063476934508947e+02,0,1.0000000000000000e+00,8.5506639155242292e-01,2.0197508983439594e+00,8.5506639155242081e-01,-1.9281679282410621e-01,1.9504099056811336e-01,-1.9281679282410585e-01
9.5063476934508947e+02,1,1.0000000000000000e+00,-8.5506639155242292e-01,-2.0197508983439594e+00,-8.5506639155242081e-01,1.9281679282410621e-01,-1.9504099056811336e-01,1.9281679282410585e-01

9.5637291344416928e+02,0,1.0000000000000000e+00,-3.8949538659726801e-01,2.4693939543084893e+00,-3.8949538659726834e-01,-2.1934261798963750e-01,-3.7411359024480645e-02,-2.1934261798963706e-01
9.5637291344416928e+02,1,1.0000000000000000e+00,3.8949538659726801e-01,-2.4693939543084893e+00,3.8949538659726834e-01,2.1934261798963750e-01,3.7411359024480645e-02,2.1934261798963706e-01

9.6238350334300094e+02,0,1.0000000000000000e+00,-1.5022958577061125e+00,1.6457940093367993e+00,-1.5022958577061103e+00,-1.3762629024479700e-01,-2.1947099223416872e-01,-1.3762629024479661e-01
9.6238350334300094e+02,1,1.0000000000000000e+00,1.5022958577061125e+00,-1.6457940093367993e+00,1.5022958577061103e+00,1.3762629024479700e-01,2.1947099223416872e-01,1.3762629024479661e-01

9.6868206998389246e+02,0,1.0000000000000000e+00,-1.9445019726621970e+00,-1.7080417163410466e-02,-1.9445019726621930e+00,1.3958351009443759e-03,-2.8603264635668424e-01,1.3958351009445980e-03
9.6868206998389246e+02,1,1.0000000000000000e+00,1.9445019726621970e+00,1.7080417163410466e-02,1.9445019726621930e+00,-1.3958351009443759e-03,2.8603264635668424e-01,-1.3958351009445980e-03

9.7478622329534335e+02,0,1.0000000000000000e+00,-1.5125612976607075e+00,-1.6292775706589702e+00,-1.5125612976607030e+00,1.3617157621941620e-01,-2.2105126724695845e-01,1.3617157621941609e-01
9.7478622329534335e+02,1,1.0000000000000000e+00,1.5125612976607075e+00,1.6292775706589702e+00,1.5125612976607030e+00,-1.3617157621941620e-01,2.2105126724695845e-01,-1.3617157621941609e-01

9.8078030083150122e+02,0,1.0000000000000000e+00,-4.0953912994397346e-01,-2.4658116037227487e+00,-4.0953912994396990e-01,2.1877930517087554e-01,-4.0890688979395323e-02,2.1877930517087515e-01
9.8078030083150122e+02,1,1.0000000000000000e+00,4.0953912994397346e-01,2.4658116037227487e+00,4.0953912994396990e-01,-2.1877930517087554e-01,4.0890688979395323e-02,-2.1877930517087515e-01

9.8633894018822161e+02,0,1.0000000000000000e+00,8.0222503956288849e-01,-2.0711784312852570e+00,8.0222503956288915e-01,1.9710066836362936e-01,1.8446723316708202e-01,1.9710066836362874e-01
9.8633894018822161e+02,1,1.0000000000000000e+00,-8.0222503956288849e-01,2.0711784312852570e+00,-8.0222503956288915e-01,-1.9710066836362936e-01,-1.8446723316708202e-01,-1.9710066836362874e-01

9.9160141554274048e+02,0,1.0000000000000000e+00,1.5312461000025954e+00,-6.4122000815763425e-01,1.5312461000025932e+00,6.3806388396646957e-02,3.3652392887276311e-01,6.3806388396646346e-02
9.9160141554274048e+02,1,1.0000000000000000e+00,-1.5312461000025954e+00,6.4122000815763425e-01,-1.5312461000025932e+00,-6.3806388396646957e-02,-3.3652392887276311e-01,-6.3806388396646346e-02

9.9673832225819297e+02,0,1.0000000000000000e+00,1.4079055318286855e+00,1.1024013939058954e+00,1.4079055318286811e+00,-1.0885678211482661e-01,3.0982974946202541e-01,-1.0885678211482680e-01
9.9673832225819297e+02,1,1.0000000000000000e+00,-1.4079055318286855e+00,-1.1024013939058954e+00,-1.4079055318286811e+00,1.0885678211482661e-01,-3.0982974946202541e-01,1.0885678211482680e-01

1.0020666239483488e+03,0,1.0000000000000000e+00,4.9445046410424753e-01,2.3011777677866720e+00,4.9445046410424331e-01,-2.1502507353966083e-01,1.2418628809916291e-01,-2.1502507353966052e-01
1.0020666239483488e+03,1,1.0000000000000000e+00,-4.9445046410424753e-01,-2.3011777677866720e+00,-4.9445046410424331e-01,2.1502507353966083e-01,-1.2418628809916291e-01,2.1502507353966052e-01

1.0076824826702785e+03,0,1.0000000000000000e+00,-7.3821100250758254e-01,2.3586833630225663e+00,-7.3821100250758431e-01,-2.0550318394950182e-01,-9.6852993601360043e-02,-2.0550318394950123e-01
1.0076824826702785e+03,1,1.0000000000000000e+00,7.3821100250758254e-01,-2.3586833630225663e+00,7.3821100250758431e-01,2.0550318394950182e-01,9.6852993601360043e-02,2.0550318394950123e-01

1.0139558038851535e+03,0,1.0000000000000000e+00,-1.7273858399215667e+00,1.1944916640977477e+00,-1.7273858399215647e+00,-9.8717721450352861e-02,-2.5373450507207346e-01,-9.8717721450352278e-02
1.0139558038851535e+03,1,1.0000000000000000e+00,1.7273858399215667e+00,-1.1944916640977477e+00,1.7273858399215647e+00,9.8717721450352861e-02,2.5373450507207346e-01,9.8717721450352278e-02

1.0202593650206705e+03,0,1.0000000000000000e+00,-1.8995797734792479e+00,-5.5745862315778161e-01,-1.8995797734792430e+00,4.5661769258337578e-02,-2.7940934459327343e-01,4.5661769258337800e-02
1.0202593650206705e+03,1,1.0000000000000000e+00,1.8995797734792479e+00,5.5745862315778161e-01,1.8995797734792430e+00,-4.5661769258337578e-02,2.7940934459327343e-01,-4.5661769258337800e-02

1.0263025127688350e+03,0,1.0000000000000000e+00,-1.2300211959615299e+00,-1.9977583745793532e+00,-1.2300211959615253e+00,1.6948700149116436e-01,-1.7692443889208065e-01,1.6948700149116419e-01
1.0263025127688350e+03,1,1.0000000000000000e+00,1.2300211959615299e+00,1.9977583745793532e+00,1.2300211959615253e+00,-1.6948700149116436e-01,1.7692443889208065e-01,-1.6948700149116419e-01

1.0321667330380374e+03,0,1.0000000000000000e+00,-2.8157682333947331e-02,-2.4786622460900709e+00,-2.8157682333943779e-02,2.2470429119655486e-01,2.6676790449044363e-02,2.2470429119655436e-01
1.0321667330380374e+03,1,1.0000000000000000e+00,2.8157682333947331e-02,2.4786622460900709e+00,2.8157682333943779e-02,-2.2470429119655486e-01,-2.6676790449044363e-02,-2.2470429119655436e-01

1.0375134841995746e+03,0,1.0000000000000000e+00,1.0786259479890012e+00,-1.7512707164793972e+00,1.0786259479890015e+00,1.6946210119845229e-01,2.4052904682477050e-01,1.6946210119845156e-01
1.0375134841995746e+03,1,1.0000000000000000e+00,-1.0786259479890012e+00,1.7512707164793972e+00,-1.0786259479890015e+00,-1.6946210119845229e-01,-2.4052904682477050e-01,-1.6946210119845156e-01

1.0427353671780509e+03,0,1.0000000000000000e+00,1.5882478208085984e+00,-1.3850323441734025e-01,1.5882478208085953e+00,1.3831521241328526e-02,3.4900043232619654e-01,1.3831521241327971e-02
1.0427353671780509e+03,1,1.0000000000000000e+00,-1.5882478208085984e+00,1.3850323441734025e-01,-1.5882478208085953e+00,-1.3831521241328526e-02,-3.4900043232619654e-01,-1.3831521241327971e-02

1.0478504083510666e+03,0,1.0000000000000000e+00,1.2218873390558560e+00,1.5212176240227797e+00,1.2218873390558513e+00,-1.4849638644741286e-01,2.7033553405988336e-01,-1.4849638644741295e-01
1.0478504083510666e+03,1,1.0000000000000000e+00,-1.2218873390558560e+00,-1.5212176240227797e+00,-1.2218873390558513e+00,1.4849638644741286e-01,-2.7033553405988336e-01,1.4849638644741295e-01

1.0533028186388474e+03,0,1.0000000000000000e+00,1.5008876989493181e-01,2.4445766005541651e+00,1.5008876989492803e-01,-2.2389090504708156e-01,5.9274381310569058e-02,-2.2389090504708120e-01
1.0533028186388474e+03,1,1.0000000000000000e+00,-1.5008876989493181e-01,-2.4445766005541651e+00,-1.5008876989492803e-01,2.2389090504708156e-01,-5.9274381310569058e-02,2.2389090504708120e-01

1.0590038139676774e+03,0,1.0000000000000000e+00,-1.0604853546437707e+00,2.1543529958393370e+00,-1.0604853546437716e+00,-1.8444167279723517e-01,-1.4980161252410482e-01,-1.8444167279723458e-01
1.0590038139676774e+03,1,1.0000000000000000e+00,1.0604853546437707e+00,-2.1543529958393370e+00,1.0604853546437716e+00,1.8444167279723517e-01,1.4980161252410482e-01,1.8444167279723458e-01

1.0653586264107016e+03,0,1.0000000000000000e+00,-1.8653309224399208e+00,7.3627002624932869e-01,-1.8653309224399179e+00,-6.0414972516678239e-02,-2.7433907140836089e-01,-6.0414972516677740e-02
1.0653586264107016e+03,1,1.0000000000000000e+00,1.8653309224399208e+00,-7.3627002624932869e-01,1.8653309224399179e+00,6.0414972516678239e-02,2.7433907140836089e-01,6.0414972516677740e-02

1.0716236614454269e+03,0,1.0000000000000000e+00,-1.7898449463902273e+00,-1.0176253820937557e+00,-1.7898449463902222e+00,8.3828462370596435e-02,-2.6310039673084462e-01,8.3828462370596685e-02
1.0716236614454269e+03,1,1.0000000000000000e+00,1.7898449463902273e+00,1.0176253820937557e+00,1.7898449463902222e+00,-8.3828462370596435e-02,2.6310039673084462e-01,-8.3828462370596685e-02

1.0777490512256784e+03,0,1.0000000000000000e+00,-9.0522194718739413e-01,-2.2664614886857590e+00,-9.0522194718738835e-01,1.9567647899213070e-01,-1.2452380657044454e-01,1.9567647899213053e-01
1.0777490512256784e+03,1,1.0000000000000000e+00,9.0522194718739413e-01,2.2664614886857590e+00,9.0522194718738835e-01,-1.9567647899213070e-01,1.2452380657044454e-01,-1.9567647899213053e-01

1.0835415350813839e+03,0,1.0000000000000000e+00,3.5181575177796387e-01,-2.3736613594389282e+00,3.5181575177796720e-01,2.1995326579028288e-01,9.6983487723186268e-02,2.1995326579028224e-01
1.0835415350813839e+03,1,1.0000000000000000e+00,-3.5181575177796387e-01,2.3736613594389282e+00,-3.5181575177796720e-01,-2.1995326579028288e-01,-9.6983487723186268e-02,-2.1995326579028224e-01

1.0888367093372153e+03,0,1.0000000000000000e+00,1.3260450732166755e+00,-1.3098560720641883e+00,1.3260450732166751e+00,1.2868732784501163e-01,2.9233773164008481e-01,1.2868732784501086e-01
1.0888367093372153e+03,1,1.0000000000000000e+00,-1.3260450732166755e+00,1.3098560720641883e+00,-1.3260450732166751e+00,-1.2868732784501163e-01,-2.9233773164008481e-01,-1.2868732784501086e-01

1.0939491510682112e+03,0,1.0000000000000000e+00,1.5681938357417080e+00,3.9818856676130721e-01,1.5681938357417042e+00,-3.9714750767690099e-02,3.4460084877780062e-01,-3.9714750767690599e-02
1.0939491510682112e+03,1,1.0000000000000000e+00,-1.5681938357417080e+00,-3.9818856676130721e-01,-1.5681938357417042e+00,3.9714750767690099e-02,-3.4460084877780062e-01,3.9714750767690599e-02

1.0990363186602167e+03,0,1.0000000000000000e+00,9.7079893272539786e-01,1.8920832308279516e+00,9.7079893272539275e-01,-1.8189356001926144e-01,2.1843568701585842e-01,-1.8189356001926144e-01
1.0990363186602167e+03,1,1.0000000000000000e+00,-9.7079893272539786e-01,-1.8920832308279516e+00,-9.7079893272539275e-01,1.8189356001926144e-01,-2.1843568701585842e-01,1.8189356001926144e-01

1.1046272411331563e+03,0,1.0000000000000000e+00,-2.2029208991446758e-01,2.4867148394325254e+00,-2.2029208991447136e-01,-2.2299012732044027e-01,-7.7262323769784202e-03,-2.2299012732043982e-01
1.1046272411331563e+03,1,1.0000000000000000e+00,2.2029208991446758e-01,-2.4867148394325254e+00,2.2029208991447136e-01,2.2299012732044027e-01,7.7262323769784202e-03,2.2299012732043982e-01

1.1104630113374576e+03,0,1.0000000000000000e+00,-1.3646802396051338e+00,1.8421434893759661e+00,-1.3646802396051343e+00,-1.5516932123356714e-01,-1.9812020708169989e-01,-1.5516932123356650e-01
1.1104630113374576e+03,1,1.0000000000000000e+00,1.3646802396051338e+00,-1.8421434893759661e+00,1.3646802396051343e+00,1.5516932123356714e-01,1.9812020708169989e-01,1.5516932123356650e-01

1.1167752126759970e+03,0,1.0000000000000000e+00,-1.9357836501591477e+00,2.4732807126515821e-01,-1.9357836501591443e+00,-2.0221055059604448e-02,-2.8474961648736974e-01,-2.0221055059603921e-02
1.1167752126759970e+03,1,1.0000000000000000e+00,1.9357836501591477e+00,-2.4732807126515821e-01,1.9357836501591443e+00,2.0221055059604448e-02,2.8474961648736974e-01,2.0221055059603921e-02

1.1229856238872444e+03,0,1.0000000000000000e+00,-1.6174959592365921e+00,-1.4414123091518223e+00,-1.6174959592365863e+00,1.1980897268516813e-01,-2.3710770735894182e-01,1.1980897268516824e-01
1.1229856238872444e+03,1,1.0000000000000000e+00,1.6174959592365921e+00,1.4414123091518223e+00,1.6174959592365863e+00,-1.1980897268516813e-01,2.3710770735894182e-01,-1.1980897268516824e-01

1.1291095372759262e+03,0,1.0000000000000000e+00,-5.5874032595285006e-01,-2.4287086062380414e+00,-5.5874032595284540e-01,2.1370707216382206e-01,-6.6547337693154657e-02,2.1370707216382173e-01
1.1291095372759262e+03,1,1.0000000000000000e+00,5.5874032595285006e-01,2.4287086062380414e+00,5.5874032595284540e-01,-2.1370707216382206e-01,6.6547337693154657e-02,-2.1370707216382173e-01

1.1348207476506927e+03,0,1.0000000000000000e+00,6.9429351066402467e-01,-2.1645204223221279e+00,6.9429351066402623e-01,2.0466060252014392e-01,1.6307632290021926e-01,2.0466060252014326e-01
1.1348207476506927e+03,1,1.0000000000000000e+00,-6.9429351066402467e-01,2.1645204223221279e+00,-6.9429351066402623e-01,-2.0466060252014392e-01,-1.6307632290021926e-01,-2.0466060252014326e-01

1.1402135564176278e+03,0,1.0000000000000000e+00,1.5025699868906568e+00,-7.7684847147469727e-01,1.5025699868906548e+00,7.7163917131120641e-02,3.3028093186049989e-01,7.7163917131120002e-02
1.1402135564176278e+03,1,1.0000000000000000e+00,-1.5025699868906568e+00,7.7684847147469727e-01,-1.5025699868906548e+00,-7.7163917131120641e-02,-3.3028093186049989e-01,-7.7163917131120002e-02

1.1454640286543856e+03,0,1.0000000000000000e+00,1.4385186893437363e+00,1.0106063646701897e+00,1.4385186893437316e+00,-9.9982662636151354e-02,3.1641700221709501e-01,-9.9982662636151604e-02
1.1454640286543856e+03,1,1.0000000000000000e+00,-1.4385186893437363e+00,-1.0106063646701897e+00,-1.4385186893437316e+00,9.9982662636151354e-02,-3.1641700221709501e-01,9.9982662636151604e-02

1.1508100840157183e+03,0,1.0000000000000000e+00,5.5330909093092862e-01,2.2654160753826327e+00,5.5330909093092417e-01,-2.1241862651851207e-01,1.3554506248985923e-01,-2.1241862651851176e-01
1.1508100840157183e+03,1,1.0000000000000000e+00,-5.5330909093092862e-01,-2.2654160753826327e+00,-5.5330909093092417e-01,2.1241862651851207e-01,-1.3554506248985923e-01,2.1241862651851176e-01

1.1564517189191654e+03,0,1.0000000000000000e+00,-6.8659184442016663e-01,2.3817798506944063e+00,-6.8659184442016841e-01,-2.0810445786975182e-01,-8.8197788002359501e-02,-2.0810445786975121e-01
1.1564517189191654e+03,1,1.0000000000000000e+00,6.8659184442016663e-01,-2.3817798506944063e+00,6.8659184442016841e-01,2.0810445786975182e-01,8.8197788002359501e-02,2.0810445786975121e-01

1.1624996210917557e+03,0,1.0000000000000000e+00,-1.6780878655172136e+00,1.3132814797058763e+00,-1.6780878655172113e+00,-1.0881398231764909e-01,-2.4629908082553006e-01,-1.0881398231764854e-01
1.1624996210917557e+03,1,1.0000000000000000e+00,1.6780878655172136e+00,-1.3132814797058763e+00,1.6780878655172113e+00,1.0881398231764909e-01,2.4629908082553006e-01,1.0881398231764854e-01

1.1689286664132462e+03,0,1.0000000000000000e+00,-1.9141323947628488e+00,-4.5941097461196012e-01,-1.9141323947628441e+00,3.7602421510476311e-02,-2.8155833049628259e-01,3.7602421510476589e-02
1.1689286664132462e+03,1,1.0000000000000000e+00,1.9141323947628488e+00,4.5941097461196012e-01,1.9141323947628441e+00,-3.7602421510476311e-02,2.8155833049628259e-01,-3.7602421510476589e-02

1.1751127638222031e+03,0,1.0000000000000000e+00,-1.2650090054814991e+00,-1.9602769879172799e+00,-1.2650090054814940e+00,1.6599706464851072e-01,-1.8246088339270697e-01,1.6599706464851061e-01
1.1751127638222031e+03,1,1.0000000000000000e+00,1.2650090054814991e+00,1.9602769879172799e+00,1.2650090054814940e+00,-1.6599706464851072e-01,1.8246088339270697e-01,-1.6599706464851061e-01

1.1810451929145256e+03,0,1.0000000000000000e+00,-5.9691861613534458e-02,-2.4820065391953294e+00,-5.9691861613531128e-02,2.2460341558058922e-01,2.0978733626359186e-02,2.2460341558058866e-01
1.1810451929145256e+03,1,1.0000000000000000e+00,5.9691861613534458e-02,2.4820065391953294e+00,5.9691861613531128e-02,-2.2460341558058922e-01,-2.0978733626359186e-02,-2.2460341558058866e-01

1.1864623118508928e+03,0,1.0000000000000000e+00,1.0667117199768974e+00,-1.7680210380364403e+00,1.0667117199768965e+00,1.7095892041849614e-01,2.3807361805097454e-01,1.7095892041849545e-01
1.1864623118508928e+03,1,1.0000000000000000e+00,-1.0667117199768974e+00,1.7680210380364403e+00,-1.0667117199768965e+00,-1.7095892041849614e-01,-2.3807361805097454e-01,-1.7095892041849545e-01

1.1917473875402682e+03,0,1.0000000000000000e+00,1.5881529099748417e+00,-1.4087763166617728e-01,1.5881529099748377e+00,1.4068554723389554e-02,3.4897958400652951e-01,1.4068554723389137e-02
1.1917473875402682e+03,1,1.0000000000000000e+00,-1.5881529099748417e+00,1.4087763166617728e-01,-1.5881529099748377e+00,-1.4068554723389554e-02,-3.4897958400652951e-01,-1.4068554723389137e-02

1.1969272452962550e+03,0,1.0000000000000000e+00,1.2132306186908792e+00,1.5368479888334043e+00,1.2132306186908746e+00,-1.4994243733964158e-01,2.6851956111814440e-01,-1.4994243733964149e-01
1.1969272452962550e+03,1,1.0000000000000000e+00,-1.2132306186908792e+00,-1.5368479888334043e+00,-1.2132306186908746e+00,1.4994243733964158e-01,-2.6851956111814440e-01,1.4994243733964149e-01

1.2024540480506896e+03,0,1.0000000000000000e+00,1.2042363782866183e-01,2.4520624960919499e+00,1.2042363782865895e-01,-2.2419320503551826e-01,5.3802863812733637e-02,-2.2419320503551776e-01
1.2024540480506896e+03,1,1.0000000000000000e+00,-1.2042363782866183e-01,-2.4520624960919499e+00,-1.2042363782865895e-01,2.2419320503551826e-01,-5.3802863812733637e-02,2.2419320503551776e-01

1.2082347164295404e+03,0,1.0000000000000000e+00,-1.0992684964013832e+00,2.1219183717219634e+00,-1.0992684964013828e+00,-1.8128604271145693e-01,-1.5604986636797771e-01,-1.8128604271145632e-01
1.2082347164295404e+03,1,1.0000000000000000e+00,1.0992684964013832e+00,-2.1219183717219634e+00,1.0992684964013828e+00,1.8128604271145693e-01,1.5604986636797771e-01,1.8128604271145632e-01

1.2145216976277777e+03,0,1.0000000000000000e+00,-1.8738092000061795e+00,6.9660587304395993e-01,-1.8738092000061759e+00,-5.7135299269619827e-02,-2.7559588324207829e-01,-5.7135299269619411e-02
1.2145216976277777e+03,1,1.0000000000000000e+00,1.8738092000061795e+00,-6.9660587304395993e-01,1.8738092000061759e+00,5.7135299269619827e-02,2.7559588324207829e-01,5.7135299269619411e-02

1.2208544848990550e+03,0,1.0000000000000000e+00,-1.7715793322488902e+00,-1.0731155610449743e+00,-1.7715793322488851e+00,8.8483332820342903e-02,-2.6036770512783458e-01,8.8483332820342958e-02
1.2208544848990550e+03,1,1.0000000000000000e+00,1.7715793322488902e+00,1.0731155610449743e+00,1.7715793322488851e+00,-8.8483332820342903e-02,2.6036770512783458e-01,-8.8483332820342958e-02

1.2268489235755237e+03,0,1.0000000000000000e+00,-8.8932075658479348e-01,-2.2764481769263925e+00,-8.8932075658478893e-01,1.9670862460995422e-01,-1.2191090318132153e-01,1.9670862460995386e-01
1.2268489235755237e+03,1,1.0000000000000000e+00,8.8932075658479348e-01,2.2764481769263925e+00,8.8932075658478893e-01,-1.9670862460995422e-01,1.2191090318132153e-01,-1.9670862460995386e-01

1.2325865192114184e+03,0,1.0000000000000000e+00,3.5756763868575259e-01,-2.3711100233491975e+00,3.5756763868575314e-01,2.1979056731442750e-01,9.8071708793955131e-02,2.1979056731442687e-01
1.2325865192114184e+03,1,1.0000000000000000e+00,-3.5756763868575259e-01,2.3711100233491975e+00,-3.5756763868575314e-01,-2.1979056731442750e-01,-9.8071708793955131e-02,-2.1979056731442687e-01

1.2378314605274941e+03,0,1.0000000000000000e+00,1.3229391919360434e+00,-1.3168855189469622e+00,1.3229391919360407e+00,1.2935310035566422e-01,2.9167754965230802e-01,1.2935310035566372e-01
1.2378314605274941e+03,1,1.0000000000000000e+00,-1.3229391919360434e+00,1.3168855189469622e+00,-1.3229391919360407e+00,-1.2935310035566422e-01,-2.9167754965230802e-01,-1.2935310035566372e-01

1.2430132349388568e+03,0,1.0000000000000000e+00,1.5663612669484739e+00,4.1377613303381144e-01,1.5663612669484697e+00,-4.1264685807385793e-02,3.4419935923101247e-01,-4.1264685807385737e-02
1.2430132349388568e+03,1,1.0000000000000000e+00,-1.5663612669484739e+00,-4.1377613303381144e-01,-1.5663612669484697e+00,4.1264685807385793e-02,-3.4419935923101247e-01,4.1264685807385737e-02

1.2481778553263975e+03,0,1.0000000000000000e+00,9.4833654101400611e-01,1.9186083516048016e+00,9.4833654101400333e-01,-1.8419323016227104e-01,2.1386945252253306e-01,-1.8419323016227057e-01
1.2481778553263975e+03,1,1.0000000000000000e+00,-9.4833654101400611e-01,-1.9186083516048016e+00,-9.4833654101400333e-01,1.8419323016227104e-01,-2.1386945252253306e-01,1.8419323016227057e-01

1.2538616024240318e+03,0,1.0000000000000000e+00,-2.6826784903720413e-01,2.4841348896947513e+00,-2.6826784903720358e-01,-2.2215734010214838e-01,-1.6200551047190703e-02,-2.2215734010214774e-01
1.2538616024240318e+03,1,1.0000000000000000e+00,2.6826784903720413e-01,-2.4841348896947513e+00,2.6826784903720358e-01,2.2215734010214838e-01,1.6200551047190703e-02,2.2215734010214774e-01

1.2598082511225118e+03,0,1.0000000000000000e+00,-1.4143637786799801e+00,1.7762006806283444e+00,-1.4143637786799763e+00,-1.4922177501269335e-01,-2.0586434167722131e-01,-1.4922177501269299e-01
1.2598082511225118e+03,1,1.0000000000000000e+00,1.4143637786799801e+00,-1.7762006806283444e+00,1.4143637786799763e+00,1.4922177501269335e-01,2.0586434167722131e-01,1.4922177501269299e-01

1.2662323140818874e+03,0,1.0000000000000000e+00,-1.9424060223143436e+00,1.2229103629663096e-01,-1.9424060223143385e+00,-9.9948684092805717e-03,-2.8572430137726473e-01,-9.9948684092804885e-03
1.2662323140818874e+03,1,1.0000000000000000e+00,1.9424060223143436e+00,-1.2229103629663096e-01,1.9424060223143385e+00,9.9948684092805717e-03,2.8572430137726473e-01,9.9948684092804885e-03

1.2725142949907697e+03,0,1.0000000000000000e+00,-1.5537782610887110e+00,-1.5598576992329207e+00,-1.5537782610887065e+00,1.3008760890481341e-01,-2.2737911647679543e-01,1.3008760890481313e-01
1.2725142949907697e+03,1,1.0000000000000000e+00,1.5537782610887110e+00,1.5598576992329207e+00,1.5537782610887065e+00,-1.3008760890481341e-01,2.2737911647679543e-01,-1.3008760890481313e-01

1.2786875423737099e+03,0,1.0000000000000000e+00,-4.3801463139871211e-01,-2.4601573906291927e+00,-4.3801463139871033e-01,2.1793114956948742e-01,-4.5820291907594485e-02,2.1793114956948687e-01
1.2786875423737099e+03,1,1.0000000000000000e+00,4.3801463139871211e-01,2.4601573906291927e+00,4.3801463139871033e-01,-2.1793114956948742e-01,4.5820291907594485e-02,-2.1793114956948687e-01

1.2841921062341878e+03,0,1.0000000000000000e+00,7.6560887596399119e-01,-2.1045381159432597e+00,7.6560887596398897e-01,1.9983709928683885e-01,1.7717936450604460e-01,1.9983709928683827e-01
1.2841921062341878e+03,1,1.0000000000000000e+00,-7.6560887596399119e-01,2.1045381159432597e+00,-7.6560887596398897e-01,-1.9983709928683885e-01,-1.7717936450604460e-01,-1.9983709928683827e-01

1.2893981794648980e+03,0,1.0000000000000000e+00,1.5149162962273759e+00,-7.2186297065896210e-01,1.5149162962273715e+00,7.1757615749750203e-02,3.3296606691459707e-01,7.1757615749750009e-02
1.2893981794648980e+03,1,1.0000000000000000e+00,-1.5149162962273759e+00,7.2186297065896210e-01,-1.5149162962273715e+00,-7.1757615749750203e-02,-3.3296606691459707e-01,-7.1757615749750009e-02

1.2944743438313369e+03,0,1.0000000000000000e+00,1.4393683118648026e+00,1.0079132528833281e+00,1.4393683118647984e+00,-9.9721498882074627e-02,3.1660017971435483e-01,-9.9721498882074378e-02
1.2944743438313369e+03,1,1.0000000000000000e+00,-1.4393683118648026e+00,-1.0079132528833281e+00,-1.4393683118647984e+00,9.9721498882074627e-02,-3.1660017971435483e-01,9.9721498882074378e-02

1.2997199413832675e+03,0,1.0000000000000000e+00,5.7639506864424028e-01,2.2504021734179904e+00,5.7639506864423817e-01,-2.1129866626989285e-01,1.4002185845885828e-01,-2.1129866626989230e-01
1.2997199413832675e+03,1,1.0000000000000000e+00,-5.7639506864424028e-01,-2.2504021734179904e+00,-5.7639506864423817e-01,2.1129866626989285e-01,-1.4002185845885828e-01,2.1129866626989230e-01

1.3055025157297066e+03,0,1.0000000000000000e+00,-6.9324036084864282e-01,2.3789420460965283e+00,-6.9324036084864227e-01,-2.0778055381911439e-01,-8.9315328690422247e-02,-2.0778055381911378e-01
1.3055025157297066e+03,1,1.0000000000000000e+00,6.9324036084864282e-01,-2.3789420460965283e+00,6.9324036084864227e-01,2.0778055381911439e-01,8.9315328690422247e-02,2.0778055381911378e-01

1.3115444915346945e+03,0,1.0000000000000000e+00,-1.6809149493418465e+00,1.3068606900436353e+00,-1.6809149493418429e+00,-1.0826601880303000e-01,-2.4672651204235888e-01,-1.0826601880302957e-01
1.3115444915346945e+03,1,1.0000000000000000e+00,1.6809149493418465e+00,-1.3068606900436353e+00,1.6809149493418429e+00,1.0826601880303000e-01,2.4672651204235888e-01,1.0826601880302957e-01

1.3179652918051077e+03,0,1.0000000000000000e+00,-1.9134593561773618e+00,-4.6442222608803996e-01,-1.9134593561773565e+00,3.8013906227989502e-02,-2.8145901392720890e-01,3.8013906227989544e-02
1.3179652918051077e+03,1,1.0000000000000000e+00,1.9134593561773618e+00,4.6442222608803996e-01,1.9134593561773565e+00,-3.8013906227989502e-02,2.8145901392720890e-01,-3.8013906227989544e-02

1.3241403066744788e+03,0,1.0000000000000000e+00,-1.2635610565369828e+00,-1.9618668429033488e+00,-1.2635610565369786e+00,1.6614451368752228e-01,-1.8223217058414148e-01,1.6614451368752192e-01
1.3241403066744788e+03,1,1.0000000000000000e+00,1.2635610565369828e+00,1.9618668429033488e+00,1.2635610565369786e+00,-1.6614451368752228e-01,1.8223217058414148e-01,-1.6614451368752192e-01

1.3300639963035094e+03,0,1.0000000000000000e+00,-5.9696487985084534e-02,-2.4820069713058146e+00,-5.9696487985083424e-02,2.2460339551120476e-01,2.0977899167252623e-02,2.2460339551120417e-01
1.3300639963035094e+03,1,1.0000000000000000e+00,5.9696487985084534e-02,2.4820069713058146e+00,5.9696487985083424e-02,-2.2460339551120476e-01,-2.0977899167252623e-02,-2.2460339551120417e-01

1.3354731622840118e+03,0,1.0000000000000000e+00,1.0653478949060173e+00,-1.7699182113249043e+00,1.0653478949060162e+00,1.7112816629432567e-01,2.3779277149607700e-01,1.7112816629432515e-01
1.3354731622840118e+03,1,1.0000000000000000e+00,-1.0653478949060173e+00,1.7699182113249043e+00,-1.0653478949060162e+00,-1.7112816629432567e-01,-2.3779277149607700e-01,-1.7112816629432515e-01

1.3407505737256656e+03,0,1.0000000000000000e+00,1.5879286493169158e+00,-1.4633452241683909e-01,1.5879286493169127e+00,1.4613293812628381e-02,3.4893032341189745e-01,1.4613293812628103e-02
1.3407505737256656e+03,1,1.0000000000000000e+00,-1.5879286493169158e+00,1.4633452241683909e-01,-1.5879286493169127e+00,-1.4613293812628381e-02,-3.4893032341189745e-01,-1.4613293812628103e-02

1.3459224862791484e+03,0,1.0000000000000000e+00,1.2167598023085677e+00,1.5305067589160433e+00,1.2167598023085640e+00,-1.4935611804254217e-01,2.6925966633759546e-01,-1.4935611804254212e-01
1.3459224862791484e+03,1,1.0000000000000000e+00,-1.2167598023085677e+00,-1.5305067589160433e+00,-1.2167598023085640e+00,1.4935611804254217e-01,-2.6925966633759546e-01,1.4935611804254212e-01

1.3514394131516333e+03,0,1.0000000000000000e+00,1.2792373386261913e-01,2.4502392013783063e+00,1.2792373386261646e-01,-2.2412321498817767e-01,5.5184436977012974e-02,-2.2412321498817728e-01
1.3514394131516333e+03,1,1.0000000000000000e+00,-1.2792373386261913e-01,-2.4502392013783063e+00,-1.2792373386261646e-01,2.2412321498817767e-01,-5.5184436977012974e-02,2.2412321498817728e-01

1.3572104036763315e+03,0,1.0000000000000000e+00,-1.0914343869712484e+00,2.1286226974219193e+00,-1.0914343869712484e+00,-1.8193545509833706e-01,-1.5478983378276173e-01,-1.8193545509833653e-01
1.3572104036763315e+03,1,1.0000000000000000e+00,1.0914343869712484e+00,-2.1286226974219193e+00,1.0914343869712484e+00,1.8193545509833706e-01,1.5478983378276173e-01,1.8193545509833653e-01

1.3634875805201018e+03,0,1.0000000000000000e+00,-1.8707524937222875e+00,7.1118427204866985e-01,-1.8707524937222844e+00,-5.8340217189762011e-02,-2.7514288681489529e-01,-5.8340217189761623e-02
1.3634875805201018e+03,1,1.0000000000000000e+00,1.8707524937222875e+00,-7.1118427204866985e-01,1.8707524937222844e+00,5.8340217189762011e-02,2.7514288681489529e-01,5.8340217189761623e-02

1.3698144898840787e+03,0,1.0000000000000000e+00,-1.7767459670614882e+00,-1.0577781866858105e+00,-1.7767459670614838e+00,8.7195319848181713e-02,-2.6114120297289561e-01,8.7195319848181796e-02
1.3698144898840787e+03,1,1.0000000000000000e+00,1.7767459670614882e+00,1.0577781866858105e+00,1.7767459670614838e+00,-8.7195319848181713e-02,2.6114120297289561e-01,-8.7195319848181796e-02

1.3758056490705860e+03,0,1.0000000000000000e+00,-9.0151160202359426e-01,-2.2688154274077688e+00,-9.0151160202359026e-01,1.9591920170123622e-01,-1.2391452193875813e-01,1.9591920170123595e-01
1.3758056490705860e+03,1,1.0000000000000000e+00,9.0151160202359426e-01,2.2688154274077688e+00,9.0151160202359026e-01,-1.9591920170123622e-01,1.2391452193875813e-01,-1.9591920170123595e-01

1.3815430616839208e+03,0,1.0000000000000000e+00,3.4386674790279836e-01,-2.3771373965351312e+00,3.4386674790279992e-01,2.2017331419313230e-01,9.5480786801414447e-02,2.2017331419313174e-01
1.3815430616839208e+03,1,1.0000000000000000e+00,-3.4386674790279836e-01,2.3771373965351312e+00,-3.4386674790279992e-01,-2.2017331419313230e-01,-9.5480786801414447e-02,-2.2017331419313174e-01

1.3867869938187916e+03,0,1.0000000000000000e+00,1.3146971753926393e+00,-1.3352907070152695e+00,1.3146971753926375e+00,1.3109419097299960e-01,2.8992686583388205e-01,1.3109419097299901e-01
1.3867869938187916e+03,1,1.0000000000000000e+00,-1.3146971753926393e+00,1.3352907070152695e+00,-1.3146971753926375e+00,-1.3109419097299960e-01,-2.8992686583388205e-01,-1.3109419097299901e-01

1.3919661731765564e+03,0,1.0000000000000000e+00,1.5690056953224263e+00,3.9107903589529047e-01,1.5690056953224225e+00,-3.9007644115446050e-02,3.4477874509422718e-01,-3.9007644115446327e-02
1.3919661731765564e+03,1,1.0000000000000000e+00,-1.5690056953224263e+00,-3.9107903589529047e-01,-1.5690056953224225e+00,3.9007644115446050e-02,-3.4477874509422718e-01,3.9007644115446327e-02

1.3971233827002136e+03,0,1.0000000000000000e+00,9.6178735723110897e-01,1.9028321940248594e+00,9.6178735723110487e-01,-1.8282723060233369e-01,2.1660229221290378e-01,-1.8282723060233350e-01
1.3971233827002136e+03,1,1.0000000000000000e+00,-9.6178735723110897e-01,-1.9028321940248594e+00,-9.6178735723110487e-01,1.8282723060233369e-01,-2.1660229221290378e-01,1.8282723060233350e-01

1.4027970728581158e+03,0,1.0000000000000000e+00,-2.4973588673619307e-01,2.4853491452191072e+00,-2.4973588673619496e-01,-2.2249798100227797e-01,-1.2932541163375694e-02,-2.2249798100227744e-01
1.4027970728581158e+03,1,1.0000000000000000e+00,2.4973588673619307e-01,-2.4853491452191072e+00,2.4973588673619496e-01,2.2249798100227797e-01,1.2932541163375694e-02,2.2249798100227744e-01

1.4087315035766742e+03,0,1.0000000000000000e+00,-1.4000182838481425e+00,1.7957690363059595e+00,-1.4000182838481412e+00,-1.5098025207483737e-01,-2.0363250112627684e-01,-1.5098025207483681e-01
1.4087315035766742e+03,1,1.0000000000000000e+00,1.4000182838481425e+00,-1.7957690363059595e+00,1.4000182838481412e+00,1.5098025207483737e-01,2.0363250112627684e-01,1.5098025207483681e-01

1.4151458687252741e+03,0,1.0000000000000000e+00,-1.9412244671613119e+00,1.5236022944428740e-01,-1.9412244671613075e+00,-1.2453185748839718e-02,-2.8555044801426799e-01,-1.2453185748839413e-02
1.4151458687252741e+03,1,1.0000000000000000e+00,1.9412244671613119e+00,-1.5236022944428740e-01,1.9412244671613075e+00,1.2453185748839718e-02,2.8555044801426799e-01,1.2453185748839413e-02

1.4212889553520699e+03,0,1.0000000000000000e+00,-1.5849462006860671e+00,-1.5037540075759479e+00,-1.5849462006860617e+00,1.2520392623893697e-01,-2.3214603784460580e-01,1.2520392623893689e-01
1.4212889553520699e+03,1,1.0000000000000000e+00,1.5849462006860671e+00,1.5037540075759479e+00,1.5849462006860617e+00,-1.2520392623893697e-01,2.3214603784460580e-01,-1.2520392623893689e-01

1.4273964209156309e+03,0,1.0000000000000000e+00,-5.0522404456352210e-01,-2.4441567524902972e+00,-5.0522404456351855e-01,2.1570558877488838e-01,-5.7393577146925057e-02,2.1570558877488794e-01
1.4273964209156309e+03,1,1.0000000000000000e+00,5.0522404456352210e-01,2.4441567524902972e+00,5.0522404456351855e-01,-2.1570558877488838e-01,5.7393577146925057e-02,-2.1570558877488794e-01

1.4330803125159371e+03,0,1.0000000000000000e+00,7.3938504252744819e-01,-2.1273416243968439e+00,7.3938504252744863e-01,2.0168637557324870e-01,1.7197949294024198e-01,2.0168637557324809e-01
1.4330803125159371e+03,1,1.0000000000000000e+00,-7.3938504252744819e-01,2.1273416243968439e+00,-7.3938504252744863e-01,-2.0168637557324870e-01,-1.7197949294024198e-01,-2.0168637557324809e-01

1.4384555009557030e+03,0,1.0000000000000000e+00,1.5176544779019332e+00,-7.0903310120195928e-01,1.5176544779019303e+00,7.0494322599671061e-02,3.3356214193235612e-01,7.0494322599670589e-02
1.4384555009557030e+03,1,1.0000000000000000e+00,-1.5176544779019332e+00,7.0903310120195928e-01,-1.5176544779019303e+00,-7.0494322599671061e-02,-3.3356214193235612e-01,-7.0494322599670589e-02

1.4436347223559594e+03,0,1.0000000000000000e+00,1.4249459426071502e+00,1.0525110406207836e+00,1.4249459426071462e+00,-1.0404051767076444e-01,3.1349336115478948e-01,-1.0404051767076458e-01
1.4436347223559594e+03,1,1.0000000000000000e+00,-1.4249459426071502e+00,-1.0525110406207836e+00,-1.4249459426071462e+00,1.0404051767076444e-01,-3.1349336115478948e-01,1.0404051767076458e-01

1.4490046313415035e+03,0,1.0000000000000000e+00,5.1985980305435442e-01,2.2861761145080917e+00,5.1985980305435031e-01,-2.1394295168329031e-01,1.2908022534580044e-01,-2.1394295168329003e-01
1.4490046313415035e+03,1,1.0000000000000000e+00,-5.1985980305435442e-01,-2.2861761145080917e+00,-5.1985980305435031e-01,2.1394295168329031e-01,-1.2908022534580044e-01,2.1394295168329003e-01

1.4546709198302067e+03,0,1.0000000000000000e+00,-7.2420488422185314e-01,2.3651930805709598e+00,-7.2420488422185503e-01,-2.0622871762591405e-01,-9.4509374459528145e-02,-2.0622871762591347e-01
1.4546709198302067e+03,1,1.0000000000000000e+00,7.2420488422185314e-01,-2.3651930805709598e+00,7.2420488422185503e-01,2.0622871762591405e-01,9.4509374459528145e-02,2.0622871762591347e-01

1.4605711733100284e+03,0,1.0000000000000000e+00,-1.6817650308324417e+00,1.3049214603202379e+00,-1.6817650308324401e+00,-1.0810057388486689e-01,-2.4685501255272727e-01,-1.0810057388486634e-01
1.4605711733100284e+03,1,1.0000000000000000e+00,1.6817650308324417e+00,-1.3049214603202379e+00,1.6817650308324401e+00,1.0810057388486689e-01,2.4685501255272727e-01,1.0810057388486634e-01

1.4668335634894777e+03,0,1.0000000000000000e+00,-1.9189203245759263e+00,-4.2198630122779091e-01,-1.9189203245759219e+00,3.4530726265813785e-02,-2.8226466004848710e-01,3.4530726265814035e-02
1.4668335634894777e+03,1,1.0000000000000000e+00,1.9189203245759263e+00,4.2198630122779091e-01,1.9189203245759219e+00,-3.4530726265813785e-02,2.8226466004848710e-01,-3.4530726265814035e-02

1.4728527478479896e+03,0,1.0000000000000000e+00,-1.3136630997989820e+00,-1.9048172669445962e+00,-1.3136630997989769e+00,1.6088359191465734e-01,-1.9012564387573028e-01,1.6088359191465712e-01
1.4728527478479896e+03,1,1.0000000000000000e+00,1.3136630997989820e+00,1.9048172669445962e+00,1.3136630997989769e+00,-1.6088359191465734e-01,1.9012564387573028e-01,-1.6088359191465712e-01

1.4787152664106584e+03,0,1.0000000000000000e+00,-1.4215471670024327e-01,-2.4869914778350530e+00,-1.4215471670024038e-01,2.2400262077028865e-01,6.1744158521271630e-03,2.2400262077028810e-01
1.4787152664106584e+03,1,1.0000000000000000e+00,1.4215471670024327e-01,2.4869914778350530e+00,1.4215471670024038e-01,-2.2400262077028865e-01,-6.1744158521271630e-03,-2.2400262077028810e-01

1.4840898095022940e+03,0,1.0000000000000000e+00,9.9485322252313435e-01,-1.8626650274877448e+00,9.9485322252313457e-01,1.7932642250651507e-01,2.2333930854773171e-01,1.7932642250651437e-01
1.4840898095022940e+03,1,1.0000000000000000e+00,-9.9485322252313435e-01,1.8626650274877448e+00,-9.9485322252313457e-01,-1.7932642250651507e-01,-2.2333930854773171e-01,-1.7932642250651437e-01

1.4893217956450078e+03,0,1.0000000000000000e+00,1.5779063774997550e+00,-3.0208091929625347e-01,1.5779063774997524e+00,3.0147491097655771e-02,3.4673027025458336e-01,3.0147491097655216e-02
1.4893217956450078e+03,1,1.0000000000000000e+00,-1.5779063774997550e+00,3.0208091929625347e-01,-1.5779063774997524e+00,-3.0147491097655771e-02,-3.4673027025458336e-01,-3.0147491097655216e-02

1.4944438710404595e+03,0,1.0000000000000000e+00,1.2878983052199553e+00,1.3927884774316248e+00,1.2878983052199509e+00,-1.3651310225017232e-01,2.8424683006098794e-01,-1.3651310225017246e-01
1.4944438710404595e+03,1,1.0000000000000000e+00,-1.2878983052199553e+00,-1.3927884774316248e+00,-1.2878983052199509e+00,1.3651310225017232e-01,-2.8424683006098794e-01,1.3651310225017246e-01

1.4998816083066502e+03,0,1.0000000000000000e+00,2.5667658481345734e-01,2.4115335666012268e+00,2.5667658481345357e-01,-2.2222978081358796e-01,7.9089063057811854e-02,-2.2222978081358763e-01
1.4998816083066502e+03,1,1.0000000000000000e+00,-2.5667658481345734e-01,-2.4115335666012268e+00,-2.5667658481345357e-01,2.2222978081358796e-01,-7.9089063057811854e-02,2.2222978081358763e-01

1.5055888002675981e+03,0,1.0000000000000000e+00,-9.7193207011962168e-01,2.2216213226340931e+00,-9.7193207011962257e-01,-1.9111251523559480e-01,-1.3543667475273707e-01,-1.9111251523559425e-01
1.5055888002675981e+03,1,1.0000000000000000e+00,9.7193207011962168e-01,-2.2216213226340931e+00,9.7193207011962257e-01,1.9111251523559480e-01,1.3543667475273707e-01,1.9111251523559425e-01

1.5118828869119664e+03,0,1.0000000000000000e+00,-1.8299764085369816e+00,8.8092156411409528e-01,-1.8299764085369792e+00,-7.2416622422951715e-02,-2.6908626796624541e-01,-7.2416622422951216e-02
1.5118828869119664e+03,1,1.0000000000000000e+00,1.8299764085369816e+00,-8.8092156411409528e-01,1.8299764085369792e+00,7.2416622422951715e-02,2.6908626796624541e-01,7.2416622422951216e-02

1.5181254333538338e+03,0,1.0000000000000000e+00,-1.8329338696325117e+00,-8.6985283784883327e-01,-1.8329338696325070e+00,7.1495773679955743e-02,-2.6952640959246199e-01,7.1495773679955965e-02
1.5181254333538338e+03,1,1.0000000000000000e+00,1.8329338696325117e+00,8.6985283784883327e-01,1.8329338696325070e+00,-7.1495773679955743e-02,2.6952640959246199e-01,-7.1495773679955965e-02

1.5242519853685621e+03,0,1.0000000000000000e+00,-1.0115049167726706e+00,-2.1926908164667127e+00,-1.0115049167726657e+00,1.8822059063586932e-01,-1.4187308790632086e-01,1.8822059063586916e-01
1.5242519853685621e+03,1,1.0000000000000000e+00,1.0115049167726706e+00,2.1926908164667127e+00,1.0115049167726657e+00,-1.8822059063586932e-01,1.4187308790632086e-01,-1.8822059063586916e-01

1.5300703702604540e+03,0,1.0000000000000000e+00,2.3500157069524552e-01,-2.4190428987763539e+00,2.3500157069524752e-01,2.2264193900571849e-01,7.5039860195076274e-02,2.2264193900571796e-01
1.5300703702604540e+03,1,1.0000000000000000e+00,-2.3500157069524552e-01,2.4190428987763539e+00,-2.3500157069524752e-01,-2.2264193900571849e-01,-7.5039860195076274e-02,-2.2264193900571796e-01

1.5353820892607698e+03,0,1.0000000000000000e+00,1.2567326581060101e+00,-1.4555757791129100e+00,1.2567326581060094e+00,1.4239343412618413e-01,2.7766482430661665e-01,1.4239343412618355e-01
1.5353820892607698e+03,1,1.0000000000000000e+00,-1.2567326581060101e+00,1.4555757791129100e+00,-1.2567326581060094e+00,-1.4239343412618413e-01,-2.7766482430661665e-01,-1.4239343412618355e-01

1.5404943864947468e+03,0,1.0000000000000000e+00,1.5839965867623751e+00,2.2104603455074345e-01,1.5839965867623720e+00,-2.2068699949059079e-02,3.4806684088105022e-01,-2.2068699949059439e-02
1.5404943864947468e+03,1,1.0000000000000000e+00,-1.5839965867623751e+00,-2.2104603455074345e-01,-1.5839965867623720e+00,2.2068699949059079e-02,-3.4806684088105022e-01,2.2068699949059439e-02

1.5455449592393732e+03,0,1.0000000000000000e+00,1.0674811623335578e+00,1.7669488729945193e+00,1.0674811623335538e+00,-1.7086324709808434e-01,2.3823208653172245e-01,-1.7086324709808420e-01
1.5455449592393732e+03,1,1.0000000000000000e+00,-1.0674811623335578e+00,-1.7669488729945193e+00,-1.0674811623335538e+00,1.7086324709808434e-01,-2.3823208653172245e-01,1.7086324709808420e-01

1.5510805149444211e+03,0,1.0000000000000000e+00,-8.5274782842336583e-02,2.4841341050825148e+00,-8.5274782842339469e-02,-2.2446892992075795e-01,1.6371050958135902e-02,-2.2446892992075751e-01
1.5510805149444211e+03,1,1.0000000000000000e+00,8.5274782842336583e-02,-2.4841341050825148e+00,8.5274782842339469e-02,2.2446892992075795e-01,-1.6371050958135902e-02,2.2446892992075751e-01

1.5568446756671151e+03,0,1.0000000000000000e+00,-1.2559648600997344e+00,1.9701519616006440e+00,-1.2559648600997346e+00,-1.6691372484610190e-01,-1.8103172416026278e-01,-1.6691372484610129e-01
1.5568446756671151e+03,1,1.0000000000000000e+00,1.2559648600997344e+00,-1.9701519616006440e+00,1.2559648600997346e+00,1.6691372484610190e-01,1.8103172416026278e-01,1.6691372484610129e-01

1.5631001857235469e+03,0,1.0000000000000000e+00,-1.9147712361569709e+00,4.5460142142379634e-01,-1.9147712361569675e+00,-3.7207539126745293e-02,-2.8165259440593815e-01,-3.7207539126744793e-02
1.5631001857235469e+03,1,1.0000000000000000e+00,1.9147712361569709e+00,-4.5460142142379634e-01,1.9147712361569675e+00,3.7207539126745293e-02,2.8165259440593815e-01,3.7207539126744793e-02

1.5693217238375676e+03,0,1.0000000000000000e+00,-1.6984267568729472e+00,-1.2660847358717735e+00,-1.6984267568729416e+00,1.0479229265841772e-01,-2.4937134477329059e-01,1.0479229265841788e-01
1.5693217238375676e+03,1,1.0000000000000000e+00,1.6984267568729472e+00,1.2660847358717735e+00,1.6984267568729416e+00,-1.0479229265841772e-01,2.4937134477329059e-01,-1.0479229265841788e-01

1.5756139719378230e+03,0,1.0000000000000000e+00,-6.7535672596338858e-01,-2.3864843487817518e+00,-6.7535672596338348e-01,2.0864439414293290e-01,-8.6307433106359910e-02,2.0864439414293262e-01
1.5756139719378230e+03,1,1.0000000000000000e+00,6.7535672596338858e-01,2.3864843487817518e+00,6.7535672596338348e-01,-2.0864439414293290e-01,8.6307433106359910e-02,-2.0864439414293262e-01

1.5812769745420412e+03,0,1.0000000000000000e+00,5.6927235152882849e-01,-2.2550949920273937e+00,5.6927235152883071e-01,2.1165021901601058e-01,1.3863933028841749e-01,2.1165021901600992e-01
1.5812769745420412e+03,1,1.0000000000000000e+00,-5.6927235152882849e-01,2.2550949920273937e+00,-5.6927235152883071e-01,-2.1165021901601058e-01,-1.3863933028841749e-01,-2.1165021901600992e-01

1.5866119390588665e+03,0,1.0000000000000000e+00,1.4448737004096910e+00,-9.9024996254933795e-01,1.4448737004096897e+00,9.8007512054653412e-02,3.1778760403785239e-01,9.8007512054652760e-02
1.5866119390588665e+03,1,1.0000000000000000e+00,-1.4448737004096910e+00,9.9024996254933795e-01,-1.4448737004096897e+00,-9.8007512054653412e-02,-3.1778760403785239e-01,-9.8007512054652760e-02

1.5917932058839626e+03,0,1.0000000000000000e+00,1.5029562320283987e+00,7.7519329193628117e-01,1.5029562320283945e+00,-7.7001368120949237e-02,3.3036487152043548e-01,-7.7001368120949501e-02
1.5917932058839626e+03,1,1.0000000000000000e+00,-1.5029562320283987e+00,-7.7519329193628117e-01,-1.5029562320283945e+00,7.7001368120949237e-02,-3.3036487152043548e-01,7.7001368120949501e-02

1.5970247737298862e+03,0,1.0000000000000000e+00,7.2813675650910903e-01,2.1368529796378732e+00,7.2813675650910425e-01,-2.0245225504832201e-01,1.6975407571835149e-01,-2.0245225504832176e-01
1.5970247737298862e+03,1,1.0000000000000000e+00,-7.2813675650910903e-01,-2.1368529796378732e+00,-7.2813675650910425e-01,2.0245225504832201e-01,-1.6975407571835149e-01,2.0245225504832176e-01

1.6025430954126075e+03,0,1.0000000000000000e+00,-4.8147144392349839e-01,2.4502406000463011e+00,-4.8147144392350072e-01,-2.1652814118694058e-01,-5.3313325779409643e-02,-2.1652814118693997e-01
1.6025430954126075e+03,1,1.0000000000000000e+00,4.8147144392349839e-01,-2.4502406000463011e+00,4.8147144392350072e-01,2.1652814118694058e-01,5.3313325779409643e-02,2.1652814118693997e-01

1.6084686250146831e+03,0,1.0000000000000000e+00,-1.5475535255284452e+00,1.5706757608638575e+00,-1.5475535255284441e+00,-1.3103260930259247e-01,-2.2642521724616679e-01,-1.3103260930259189e-01
1.6084686250146831e+03,1,1.0000000000000000e+00,1.5475535255284452e+00,-1.5706757608638575e+00,1.5475535255284441e+00,1.3103260930259247e-01,2.2642521724616679e-01,1.3103260930259189e-01

1.6148232126220985e+03,0,1.0000000000000000e+00,-1.9421495960712096e+00,-1.2941356960260841e-01,-1.9421495960712054e+00,1.0577133834058894e-02,-2.8568657275883802e-01,1.0577133834059338e-02
1.6148232126220985e+03,1,1.0000000000000000e+00,1.9421495960712096e+00,1.2941356960260841e-01,1.9421495960712054e+00,-1.0577133834058894e-02,2.8568657275883802e-01,-1.0577133834059338e-02

1.6209726196041302e+03,0,1.0000000000000000e+00,-1.4510485132532687e+00,-1.7240759963655148e+00,-1.4510485132532627e+00,1.4456231979960660e-01,-2.1155630441225506e-01,1.4456231979960665e-01
1.6209726196041302e+03,1,1.0000000000000000e+00,1.4510485132532687e+00,1.7240759963655148e+00,1.4510485132532627e+00,-1.4456231979960660e-01,2.1155630441225506e-01,-1.4456231979960665e-01

1.6269928206667480e+03,0,1.0000000000000000e+00,-3.0733757497339043e-01,-2.4806750364088588e+00,-3.0733757497338487e-01,2.2136120854646457e-01,-2.3067997664390272e-02,2.2136120854646413e-01
1.6269928206667480e+03,1,1.0000000000000000e+00,3.0733757497339043e-01,2.4806750364088588e+00,3.0733757497338487e-01,-2.2136120854646457e-01,2.3067997664390272e-02,-2.2136120854646413e-01

1.6325510518819615e+03,0,1.0000000000000000e+00,8.9194549973031068e-01,-1.9814159286521469e+00,8.9194549973031267e-01,1.8957713209647920e-01,2.0246050609888250e-01,1.8957713209647836e-01
1.6325510518819615e+03,1,1.0000000000000000e+00,-8.9194549973031068e-01,1.9814159286521469e+00,-8.9194549973031267e-01,-1.8957713209647920e-01,-2.0246050609888250e-01,-1.8957713209647836e-01

1.6378167760598126e+03,0,1.0000000000000000e+00,1.5573973797468694e+00,-4.8262588963411091e-01,1.5573973797468665e+00,4.8103810493048738e-02,3.4223682993791077e-01,4.8103810493048016e-02
1.6378167760598126e+03,1,1.0000000000000000e+00,-1.5573973797468694e+00,4.8262588963411091e-01,-1.5573973797468665e+00,-4.8103810493048738e-02,-3.4223682993791077e-01,-4.8103810493048016e-02

1.6429657167259124e+03,0,1.0000000000000000e+00,1.3523733816868537e+00,1.2480649355228315e+00,1.3523733816868482e+00,-1.2281654555156121e-01,2.9794424231024197e-01,-1.2281654555156152e-01
1.6429657167259124e+03,1,1.0000000000000000e+00,-1.3523733816868537e+00,-1.2480649355228315e+00,-1.3523733816868482e+00,1.2281654555156121e-01,-2.9794424231024197e-01,1.2281654555156152e-01

1.6483265200007670e+03,0,1.0000000000000000e+00,3.8336129319801315e-01,2.3592935296426063e+00,3.8336129319800794e-01,-2.1902477703956913e-01,1.0296070034101751e-01,-2.1902477703956877e-01
1.6483265200007670e+03,1,1.0000000000000000e+00,-3.8336129319801315e-01,-2.3592935296426063e+00,-3.8336129319800794e-01,2.1902477703956913e-01,-1.0296070034101751e-01,2.1902477703956877e-01

1.6539660589810956e+03,0,1.0000000000000000e+00,-8.4661776334216376e-01,2.3019773300899495e+00,-8.4661776334216476e-01,-1.9937757167324374e-01,-1.1487148111334808e-01,-1.9937757167324305e-01
1.6539660589810956e+03,1,1.0000000000000000e+00,8.4661776334216376e-01,-2.3019773300899495e+00,8.4661776334216476e-01,1.9937757167324374e-01,1.1487148111334808e-01,1.9937757167324305e-01

1.6602450313561060e+03,0,1.0000000000000000e+00,-1.7776255365732805e+00,1.0551399504420038e+00,-1.7776255365732769e+00,-8.6973875084488034e-02,-2.6127284218761204e-01,-8.6973875084487451e-02
1.6602450313561060e+03,1,1.0000000000000000e+00,1.7776255365732805e+00,-1.0551399504420038e+00,1.7776255365732769e+00,8.6973875084488034e-02,2.6127284218761204e-01,8.6973875084487451e-02

1.6665185983545782e+03,0,1.0000000000000000e+00,-1.8732539793415586e+00,-6.9927845165191749e-01,-1.8732539793415526e+00,5.7356146615268805e-02,-2.7551361151558301e-01,5.7356146615269082e-02
1.6665185983545782e+03,1,1.0000000000000000e+00,1.8732539793415586e+00,6.9927845165191749e-01,1.8732539793415526e+00,-5.7356146615268805e-02,2.7551361151558301e-01,-5.7356146615269082e-02

1.6725116030394931e+03,0,1.0000000000000000e+00,-1.1501861928189356e+00,-2.0763907197981979e+00,-1.1501861928189294e+00,1.7691209438862293e-01,-1.6421363489042434e-01,1.7691209438862276e-01
1.6725116030394931e+03,1,1.0000000000000000e+00,1.1501861928189356e+00,2.0763907197981979e+00,1.1501861928189294e+00,-1.7691209438862293e-01,1.6421363489042434e-01,-1.7691209438862276e-01

1.6783096053070105e+03,0,1.0000000000000000e+00,6.0516595263234496e-02,-2.4649563790512463e+00,6.0516595263237605e-02,2.2459795393997500e-01,4.2810195033393228e-02,2.2459795393997439e-01
1.6783096053070105e+03,1,1.0000000000000000e+00,-6.0516595263234496e-02,2.4649563790512463e+00,-6.0516595263237605e-02,-2.2459795393997500e-01,-4.2810195033393228e-02,-2.2459795393997439e-01

1.6835921035144349e+03,0,1.0000000000000000e+00,1.1334141790173731e+00,-1.6699196831798020e+00,1.1334141790173726e+00,1.6213105456292365e-01,2.5186648671568718e-01,1.6213105456292293e-01
1.6835921035144349e+03,1,1.0000000000000000e+00,-1.1334141790173731e+00,1.6699196831798020e+00,-1.1334141790173726e+00,-1.6213105456292365e-01,-2.5186648671568718e-01,-1.6213105456292293e-01

1.6887757327325985e+03,0,1.0000000000000000e+00,1.5908004306933063e+00,-3.6452507194790096e-02,1.5908004306933026e+00,3.6408862388103702e-03,3.4956123745704965e-01,3.6408862388098429e-03
1.6887757327325985e+03,1,1.0000000000000000e+00,-1.5908004306933063e+00,3.6452507194790096e-02,-1.5908004306933026e+00,-3.6408862388103702e-03,-3.4956123745704965e-01,-3.6408862388098429e-03

1.6938515734801147e+03,0,1.0000000000000000e+00,1.1835378257096552e+00,1.5885836206508357e+00,1.1835378257096498e+00,-1.5470798334812350e-01,2.6230536232779694e-01,-1.5470798334812352e-01
1.6938515734801147e+03,1,1.0000000000000000e+00,-1.1835378257096552e+00,-1.5885836206508357e+00,-1.1835378257096498e+00,1.5470798334812350e-01,-2.6230536232779694e-01,1.5470798334812352e-01

1.6993917084235466e+03,0,1.0000000000000000e+00,7.3697875964222392e-02,2.4623727842307650e+00,7.3697875964218396e-02,-2.2453224554539428e-01,4.5222414830449448e-02,-2.2453224554539380e-01
1.6993917084235466e+03,1,1.0000000000000000e+00,-7.3697875964222392e-02,-2.4623727842307650e+00,-7.3697875964218396e-02,2.2453224554539428e-01,-4.5222414830449448e-02,2.2453224554539380e-01

1.7051757068600530e+03,0,1.0000000000000000e+00,-1.1372833172486543e+00,2.0882541794017562e+00,-1.1372833172486547e+00,-1.7804605456909012e-01,-1.6214910229968732e-01,-1.7804605456908945e-01
1.7051757068600530e+03,1,1.0000000000000000e+00,1.1372833172486543e+00,-2.0882541794017562e+00,1.1372833172486547e+00,1.7804605456909012e-01,1.6214910229968732e-01,1.7804605456908945e-01

1.7114600841004349e+03,0,1.0000000000000000e+00,-1.8852509716258938e+00,6.3883407963255534e-01,-1.8852509716258905e+00,-5.2365958023112058e-02,-2.7729025779711391e-01,-5.2365958023111392e-02
1.7114600841004349e+03,1,1.0000000000000000e+00,1.8852509716258938e+00,-6.3883407963255534e-01,1.8852509716258905e+00,5.2365958023112058e-02,2.7729025779711391e-01,5.2365958023111392e-02

1.7177718487241025e+03,0,1.0000000000000000e+00,-1.7545633621463903e+00,-1.1218140145068731e+00,-1.7545633621463839e+00,9.2580485933245332e-02,-2.5781730640324546e-01,9.2580485933245554e-02
1.7177718487241025e+03,1,1.0000000000000000e+00,1.7545633621463903e+00,1.1218140145068731e+00,1.7545633621463839e+00,-9.2580485933245332e-02,2.5781730640324546e-01,-9.2580485933245554e-02

1.7239266170897472e+03,0,1.0000000000000000e+00,-8.2006153906750545e-01,-2.3169258786922509e+00,-8.2006153906749946e-01,2.0096316148530327e-01,-1.1047724189831631e-01,2.0096316148530297e-01
1.7239266170897472e+03,1,1.0000000000000000e+00,8.2006153906750545e-01,2.3169258786922509e+00,8.2006153906749946e-01,-2.0096316148530327e-01,1.1047724189831631e-01,-2.0096316148530297e-01

1.7297261656023302e+03,0,1.0000000000000000e+00,4.4715780628756652e-01,-2.3273799347573427e+00,4.4715780628756918e-01,2.1687035079590208e-01,1.1511637037798483e-01,2.1687035079590133e-01
1.7297261656023302e+03,1,1.0000000000000000e+00,-4.4715780628756652e-01,2.3273799347573427e+00,-4.4715780628756918e-01,-2.1687035079590208e-01,-1.1511637037798483e-01,-2.1687035079590133e-01

1.7350339886480449e+03,0,1.0000000000000000e+00,1.3809891553684737e+00,-1.1759097745631801e+00,1.3809891553684719e+00,1.1592149273974056e-01,3.0405862964616992e-01,1.1592149273973973e-01
1.7350339886480449e+03,1,1.0000000000000000e+00,-1.3809891553684737e+00,1.1759097745631801e+00,-1.3809891553684719e+00,-1.1592149273974056e-01,-3.0405862964616992e-01,-1.1592149273973973e-01

1.7401718756878745e+03,0,1.0000000000000000e+00,1.5455138496543110e+00,5.6058563303902065e-01,1.5455138496543057e+00,-5.5832522027354337e-02,3.3963848136638508e-01,-5.5832522027354753e-02
1.7401718756878745e+03,1,1.0000000000000000e+00,-1.5455138496543110e+00,-5.6058563303902065e-01,-1.5455138496543057e+00,5.5832522027354337e-02,-3.3963848136638508e-01,5.5832522027354753e-02

1.7453177452368500e+03,0,1.0000000000000000e+00,8.7122111275910896e-01,2.0032142113949165e+00,8.7122111275910263e-01,-1.9142388384496156e-01,1.9828702436565510e-01,-1.9142388384496148e-01
1.7453177452368500e+03,1,1.0000000000000000e+00,-8.7122111275910896e-01,-2.0032142113949165e+00,-8.7122111275910263e-01,1.9142388384496156e-01,-1.9828702436565510e-01,1.9142388384496148e-01

1.7509853750829120e+03,0,1.0000000000000000e+00,-3.5551520709812201e-01,2.4747210020343724e+00,-3.5551520709812656e-01,-2.2023409269293406e-01,-3.1495001500446124e-02,-2.2023409269293345e-01
1.7509853750829120e+03,1,1.0000000000000000e+00,3.5551520709812201e-01,-2.4747210020343724e+00,3.5551520709812656e-01,2.2023409269293406e-01,3.1495001500446124e-02,2.2023409269293345e-01

1.7569128242707677e+03,0,1.0000000000000000e+00,-1.4690327765969846e+00,1.6973647092707134e+00,-1.4690327765969848e+00,-1.4218767324878889e-01,-2.1433868112579726e-01,-1.4218767324878800e-01
1.7569128242707677e+03,1,1.0000000000000000e+00,1.4690327765969846e+00,-1.6973647092707134e+00,1.4690327765969848e+00,1.4218767324878889e-01,2.1433868112579726e-01,1.4218767324878800e-01

1.7632981534908536e+03,0,1.0000000000000000e+00,-1.9444463011401638e+00,2.6104518045507064e-02,-1.9444463011401589e+00,-2.1333031010011272e-03,-2.8602445712013957e-01,-2.1333031010004333e-03
1.7632981534908536e+03,1,1.0000000000000000e+00,1.9444463011401638e+00,-2.6104518045507064e-02,1.9444463011401589e+00,2.1333031010011272e-03,2.8602445712013957e-01,2.1333031010004333e-03

1.7695038859639847e+03,0,1.0000000000000000e+00,-1.5192642240482452e+00,-1.6183324521215736e+00,-1.5192642240482375e+00,1.3520914025762631e-01,-2.2208220379912447e-01,1.3520914025762656e-01
1.7695038859639847e+03,1,1.0000000000000000e+00,1.5192642240482452e+00,1.6183324521215736e+00,1.5192642240482375e+00,-1.3520914025762631e-01,2.2208220379912447e-01,-1.3520914025762656e-01

1.7755956034741359e+03,0,1.0000000000000000e+00,-3.9897764199798558e-01,-2.4677400478543770e+00,-3.9897764199797869e-01,2.1907959415302747e-01,-3.9058324910207581e-02,2.1907959415302708e-01
1.7755956034741359e+03,1,1.0000000000000000e+00,3.9897764199798558e-01,2.4677400478543770e+00,3.9897764199797869e-01,-2.1907959415302747e-01,3.9058324910207581e-02,-2.1907959415302708e-01

1.7812404289012670e+03,0,1.0000000000000000e+00,8.2858145565649854e-01,-2.0460266070747850e+00,8.2858145565650165e-01,1.9501493445573465e-01,1.8973287512721076e-01,1.9501493445573376e-01
1.7812404289012670e+03,1,1.0000000000000000e+00,-8.2858145565649854e-01,2.0460266070747850e+00,-8.2858145565650165e-01,-1.9501493445573465e-01,-1.8973287512721076e-01,-1.9501493445573376e-01

1.7865717870738865e+03,0,1.0000000000000000e+00,1.5435293403928707e+00,-5.7252366262815446e-01,1.5435293403928687e+00,5.7014419913409692e-02,3.3920494306085991e-01,5.7014419913408804e-02
1.7865717870738865e+03,1,1.0000000000000000e+00,-1.5435293403928707e+00,5.7252366262815446e-01,-1.5435293403928687e+00,-5.7014419913409692e-02,-3.3920494306085991e-01,-5.7014419913408804e-02

1.7917701725324250e+03,0,1.0000000000000000e+00,1.3780438945162934e+00,1.1836026395364911e+00,1.3780438945162878e+00,-1.1665854274478402e-01,3.0342830811041654e-01,-1.1665854274478454e-01
1.7917701725324250e+03,1,1.0000000000000000e+00,-1.3780438945162934e+00,-1.1836026395364911e+00,-1.3780438945162878e+00,1.1665854274478402e-01,-3.0342830811041654e-01,1.1665854274478454e-01

1.7971802324451571e+03,0,1.0000000000000000e+00,4.1942962786377147e-01,2.3417269866580681e+00,4.1942962786376470e-01,-2.1785302670043022e-01,1.0982193846734623e-01,-2.1785302670043008e-01
1.7971802324451571e+03,1,1.0000000000000000e+00,-4.1942962786377147e-01,-2.3417269866580681e+00,-4.1942962786376470e-01,2.1785302670043022e-01,-1.0982193846734623e-01,2.1785302670043008e-01

1.8028818308339332e+03,0,1.0000000000000000e+00,-8.2600759580186156e-01,2.3136396631501985e+00,-8.2600759580186589e-01,-2.0061301620659563e-01,-1.1146223807182390e-01,-2.0061301620659497e-01
1.8028818308339332e+03,1,1.0000000000000000e+00,8.2600759580186156e-01,-2.3136396631501985e+00,8.2600759580186589e-01,2.0061301620659563e-01,1.1146223807182390e-01,2.0061301620659497e-01

1.8089756272063364e+03,0,1.0000000000000000e+00,-1.7516495077648639e+00,1.1298919136828172e+00,-1.7516495077648635e+00,-9.3261247479517972e-02,-2.5738011808102829e-01,-9.3261247479517140e-02
1.8089756272063364e+03,1,1.0000000000000000e+00,1.7516495077648639e+00,-1.1298919136828172e+00,1.7516495077648635e+00,9.3261247479517972e-02,2.5738011808102829e-01,9.3261247479517140e-02

1.8152293052050074e+03,0,1.0000000000000000e+00,-1.8898433045838621e+00,-6.1400124466272854e-01,-1.8898433045838570e+00,5.0318462412589637e-02,-2.7796975903089710e-01,5.0318462412590165e-02
1.8152293052050074e+03,1,1.0000000000000000e+00,1.8898433045838621e+00,6.1400124466272854e-01,1.8898433045838570e+00,-5.0318462412589637e-02,2.7796975903089710e-01,-5.0318462412590165e-02

1.8212141629532009e+03,0,1.0000000000000000e+00,-1.2053432506042221e+00,-2.0230572571677938e+00,-1.2053432506042152e+00,1.7185974789810007e-01,-1.7300696397259607e-01,1.7185974789810013e-01
1.8212141629532009e+03,1,1.0000000000000000e+00,1.2053432506042221e+00,2.0230572571677938e+00,1.2053432506042152e+00,-1.7185974789810007e-01,1.7300696397259607e-01,-1.7185974789810013e-01

1.8272510102571696e+03,0,1.0000000000000000e+00,4.3125708212784053e-02,-2.4681476874779853e+00,4.3125708212789160e-02,2.2466470728452304e-01,3.9633176144679705e-02,2.2466470728452251e-01
1.8272510102571696e+03,1,1.0000000000000000e+00,-4.3125708212784053e-02,2.4681476874779853e+00,-4.3125708212789160e-02,-2.2466470728452304e-01,-3.9633176144679705e-02,-2.2466470728452251e-01

1.8325951367739249e+03,0,1.0000000000000000e+00,1.1308511658383231e+00,-1.6738926387410791e+00,1.1308511658383242e+00,1.6249134056079761e-01,2.5133442516070359e-01,1.6249134056079678e-01
1.8325951367739249e+03,1,1.0000000000000000e+00,-1.1308511658383231e+00,1.6738926387410791e+00,-1.1308511658383242e+00,-1.6249134056079761e-01,-2.5133442516070359e-01,-1.6249134056079678e-01

1.8378248799839357e+03,0,1.0000000000000000e+00,1.5908947823425497e+00,-2.5852337206548448e-02,1.5908947823425463e+00,2.5821537176824449e-03,3.4958196984255208e-01,2.5821537176818066e-03
1.8378248799839357e+03,1,1.0000000000000000e+00,-1.5908947823425497e+00,2.5852337206548448e-02,-1.5908947823425463e+00,-2.5821537176824449e-03,-3.4958196984255208e-01,-2.5821537176818066e-03

1.8429483486203299e+03,0,1.0000000000000000e+00,1.1714053082987865e+00,1.6089320882682732e+00,1.1714053082987810e+00,-1.5657324950253493e-01,2.5977273543778057e-01,-1.5657324950253507e-01
1.8429483486203299e+03,1,1.0000000000000000e+00,-1.1714053082987865e+00,-1.6089320882682732e+00,-1.1714053082987810e+00,1.5657324950253493e-01,-2.5977273543778057e-01,1.5657324950253507e-01

1.8484240349783586e+03,0,1.0000000000000000e+00,7.0666003443075720e-02,2.4629796546995761e+00,7.0666003443071057e-02,-2.2454851769940851e-01,4.4667248631475531e-02,-2.2454851769940812e-01
1.8484240349783586e+03,1,1.0000000000000000e+00,-7.0666003443075720e-02,-2.4629796546995761e+00,-7.0666003443071057e-02,2.2454851769940851e-01,-4.4667248631475531e-02,2.2454851769940812e-01

1.8541317066763565e+03,0,1.0000000000000000e+00,-1.1260671646192539e+00,2.0983846781773372e+00,-1.1260671646192559e+00,-1.7901751803095484e-01,-1.6035213106647866e-01,-1.7901751803095414e-01
1.8541317066763565e+03,1,1.0000000000000000e+00,1.1260671646192539e+00,-2.0983846781773372e+00,1.1260671646192559e+00,1.7901751803095484e-01,1.6035213106647866e-01,1.7901751803095414e-01

1.8604858538977867e+03,0,1.0000000000000000e+00,-1.8856141439136531e+00,6.3690788731498493e-01,-1.8856141439136507e+00,-5.2207087815478004e-02,-2.7734400604533183e-01,-5.2207087815477393e-02
1.8604858538977867e+03,1,1.0000000000000000e+00,1.8856141439136531e+00,-6.3690788731498493e-01,1.8856141439136507e+00,5.2207087815478004e-02,2.7734400604533183e-01,5.2207087815477393e-02

1.8667212297550871e+03,0,1.0000000000000000e+00,-1.7609400028816042e+00,-1.1038771206546629e+00,-1.7609400028815987e+00,9.1070040475157432e-02,-2.5877358213730850e-01,9.1070040475157654e-02
1.8667212297550871e+03,1,1.0000000000000000e+00,1.7609400028816042e+00,1.1038771206546629e+00,1.7609400028815987e+00,-9.1070040475157432e-02,2.5877358213730850e-01,-9.1070040475157654e-02

1.8728011949333834e+03,0,1.0000000000000000e+00,-8.4892583093620211e-01,-2.3006448591924746e+00,-8.4892583093619656e-01,1.9923710095729319e-01,-1.1525279463633137e-01,1.9923710095729288e-01
1.8728011949333834e+03,1,1.0000000000000000e+00,8.4892583093620211e-01,2.3006448591924746e+00,8.4892583093619656e-01,-1.9923710095729319e-01,1.1525279463633137e-01,-1.9923710095729288e-01

1.8785391585103484e+03,0,1.0000000000000000e+00,4.0235638848500355e-01,-2.3501952355312419e+00,4.0235638848500710e-01,2.1842251836335275e-01,1.0657050756256850e-01,2.1842251836335205e-01
1.8785391585103484e+03,1,1.0000000000000000e+00,-4.0235638848500355e-01,2.3501952355312419e+00,-4.0235638848500710e-01,-2.1842251836335275e-01,-1.0657050756256850e-01,-2.1842251836335205e-01

1.8837872150941068e+03,0,1.0000000000000000e+00,1.3491826084141509e+00,-1.2557736431254867e+00,1.3491826084141503e+00,1.2355071305461493e-01,2.9726380623913157e-01,1.2355071305461410e-01
1.8837872150941068e+03,1,1.0000000000000000e+00,-1.3491826084141509e+00,1.2557736431254867e+00,-1.3491826084141503e+00,-1.2355071305461493e-01,-2.9726380623913157e-01,-1.2355071305461410e-01

1.8889772817179849e+03,0,1.0000000000000000e+00,1.5566611401795829e+00,4.8783468067402591e-01,1.5566611401795787e+00,-4.8620730752929053e-02,3.4207573769699923e-01,-4.8620730752929581e-02
1.8889772817179849e+03,1,1.0000000000000000e+00,-1.5566611401795829e+00,-4.8783468067402591e-01,-1.5566611401795787e+00,4.8620730752929053e-02,-3.4207573769699923e-01,4.8620730752929581e-02

1.8941656578938760e+03,0,1.0000000000000000e+00,9.0368952511470280e-01,1.9687644953546737e+00,9.0368952511469736e-01,-1.8849995974012512e-01,2.0483014716424597e-01,-1.8849995974012509e-01
1.8941656578938760e+03,1,1.0000000000000000e+00,-9.0368952511470280e-01,-1.9687644953546737e+00,-9.0368952511469736e-01,1.8849995974012512e-01,-2.0483014716424597e-01,1.8849995974012509e-01

1.8998811909487151e+03,0,1.0000000000000000e+00,-3.2838387047243556e-01,2.4783039005702578e+00,-3.2838387047243922e-01,-2.2088856931716960e-01,-2.6754918228507285e-02,-2.2088856931716910e-01
1.8998811909487151e+03,1,1.0000000000000000e+00,3.2838387047243556e-01,-2.4783039005702578e+00,3.2838387047243922e-01,2.2088856931716960e-01,2.6754918228507285e-02,2.2088856931716910e-01

1.9058658023353257e+03,0,1.0000000000000000e+00,-1.4596291313678922e+00,1.7114302387146116e+00,-1.4596291313678926e+00,-1.4343704159507170e-01,-2.1288448518659089e-01,-1.4343704159507106e-01
1.9058658023353257e+03,1,1.0000000000000000e+00,1.4596291313678922e+00,-1.7114302387146116e+00,1.4596291313678926e+00,1.4343704159507170e-01,2.1288448518659089e-01,1.4343704159507106e-01

1.9121516086661659e+03,0,1.0000000000000000e+00,-1.9437739280749797e+00,7.3397160164723196e-02,-1.9437739280749762e+00,-5.9983411071787285e-03,-2.8592554787460395e-01,-5.9983411071782844e-03
1.9121516086661659e+03,1,1.0000000000000000e+00,1.9437739280749797e+00,-7.3397160164723196e-02,1.9437739280749762e+00,5.9983411071787285e-03,2.8592554787460395e-01,5.9983411071782844e-03

1.9182718661413753e+03,0,1.0000000000000000e+00,-1.5525631752107778e+00,-1.5619791586756753e+00,-1.5525631752107727e+00,1.3027283976110254e-01,-2.2719296162357494e-01,1.3027283976110257e-01
1.9182718661413753e+03,1,1.0000000000000000e+00,1.5525631752107778e+00,1.5619791586756753e+00,1.5525631752107727e+00,-1.3027283976110254e-01,2.2719296162357494e-01,-1.3027283976110257e-01

1.9244224976342975e+03,0,1.0000000000000000e+00,-4.4090860368878437e-01,-2.4595454830595935e+00,-4.4090860368878082e-01,2.1784180114630866e-01,-4.6320412734839389e-02,2.1784180114630830e-01
1.9244224976342975e+03,1,1.0000000000000000e+00,4.4090860368878437e-01,2.4595454830595935e+00,4.4090860368878082e-01,-2.1784180114630866e-01,4.6320412734839389e-02,-2.1784180114630830e-01

1.9299079683124253e+03,0,1.0000000000000000e+00,7.5913156789974212e-01,-2.1102535229928869e+00,7.5913156789974212e-01,2.0030228161910255e-01,1.7589347713647727e-01,2.0030228161910196e-01
1.9299079683124253e+03,1,1.0000000000000000e+00,-7.5913156789974212e-01,2.1102535229928869e+00,-7.5913156789974212e-01,-2.0030228161910255e-01,-1.7589347713647727e-01,-2.0030228161910196e-01

1.9352740451682550e+03,0,1.0000000000000000e+00,1.5238069758531405e+00,-6.7924226259059450e-01,1.5238069758531378e+00,6.7558428379848684e-02,3.3490222506473577e-01,6.7558428379848268e-02
1.9352740451682550e+03,1,1.0000000000000000e+00,-1.5238069758531405e+00,6.7924226259059450e-01,-1.5238069758531378e+00,-6.7558428379848684e-02,-3.3490222506473577e-01,-6.7558428379848268e-02

1.9404583183959146e+03,0,1.0000000000000000e+00,1.4150130581694884e+00,1.0819365295179681e+00,1.4150130581694842e+00,-1.0688318152172493e-01,3.1135689208597433e-01,-1.0688318152172493e-01
1.9404583183959146e+03,1,1.0000000000000000e+00,-1.4150130581694884e+00,-1.0819365295179681e+00,-1.4150130581694842e+00,1.0688318152172493e-01,-3.1135689208597433e-01,1.0688318152172493e-01

1.9458382395299457e+03,0,1.0000000000000000e+00,4.9751789406424030e-01,2.2994014606810569e+00,4.9751789406423719e-01,-2.1489785391756272e-01,1.2477631071676037e-01,-2.1489785391756230e-01
1.9458382395299457e+03,1,1.0000000000000000e+00,-4.9751789406424030e-01,-2.2994014606810569e+00,-4.9751789406423719e-01,2.1489785391756272e-01,-1.2477631071676037e-01,2.1489785391756230e-01

1.9515139544043373e+03,0,1.0000000000000000e+00,-7.4756795456433445e-01,2.3542325139884408e+00,-7.4756795456433511e-01,-2.0501022473770150e-01,-9.8416671428189439e-02,-2.0501022473770092e-01
1.9515139544043373e+03,1,1.0000000000000000e+00,7.4756795456433445e-01,-2.3542325139884408e+00,7.4756795456433511e-01,2.0501022473770150e-01,9.8416671428189439e-02,2.0501022473770092e-01

1.9575923847339122e+03,0,1.0000000000000000e+00,-1.7124079768220937e+00,1.2322079382380771e+00,-1.7124079768220910e+00,-1.0191413601328819e-01,-2.5147948675005904e-01,-1.0191413601328767e-01
1.9575923847339122e+03,1,1.0000000000000000e+00,1.7124079768220937e+00,-1.2322079382380771e+00,1.7124079768220910e+00,1.0191413601328819e-01,2.5147948675005904e-01,1.0191413601328767e-01

1.9638576750726909e+03,0,1.0000000000000000e+00,-1.9077398532802303e+00,-5.0493342184175627e-01,-1.9077398532802250e+00,4.1342009638516308e-02,-2.8061474064144759e-01,4.1342009638516530e-02
1.9638576750726909e+03,1,1.0000000000000000e+00,1.9077398532802303e+00,5.0493342184175627e-01,1.9077398532802250e+00,-4.1342009638516308e-02,2.8061474064144759e-01,-4.1342009638516530e-02

1.9698690198999839e+03,0,1.0000000000000000e+00,-1.2668016465763063e+00,-1.9583039342920505e+00,-1.2668016465763010e+00,1.6581414600639546e-01,-1.8274399364117883e-01,1.6581414600639524e-01
1.9698690198999839e+03,1,1.0000000000000000e+00,1.2668016465763063e+00,1.9583039342920505e+00,1.2668016465763010e+00,-1.6581414600639546e-01,1.8274399364117883e-01,-1.6581414600639524e-01

1.9757125545559916e+03,0,1.0000000000000000e+00,-8.2079296892233033e-02,-2.4838969699679909e+00,-8.2079296892230147e-02,2.2448829268124332e-01,1.6945849985507189e-02,2.2448829268124273e-01
1.9757125545559916e+03,1,1.0000000000000000e+00,8.2079296892233033e-02,2.4838969699679909e+00,8.2079296892230147e-02,-2.2448829268124332e-01,-1.6945849985507189e-02,-2.2448829268124273e-01

1.9810545287028215e+03,0,1.0000000000000000e+00,1.0364994497292110e+00,-1.8091055170730805e+00,1.0364994497292108e+00,1.7461058643642685e-01,2.3186303797214400e-01,1.7461058643642616e-01
1.9810545287028215e+03,1,1.0000000000000000e+00,-1.0364994497292110e+00,1.8091055170730805e+00,-1.0364994497292108e+00,-1.7461058643642685e-01,-2.3186303797214400e-01,-1.7461058643642616e-01

1.9862640053371172e+03,0,1.0000000000000000e+00,1.5835381931010710e+00,-2.2816037670268230e-01,1.5835381931010679e+00,2.2778322616729713e-02,3.4796620521303623e-01,2.2778322616729213e-02
1.9862640053371172e+03,1,1.0000000000000000e+00,-1.5835381931010710e+00,2.2816037670268230e-01,-1.5835381931010679e+00,-2.2778322616729713e-02,-3.4796620521303623e-01,-2.2778322616729213e-02

1.9913650140579575e+03,0,1.0000000000000000e+00,1.2612378842387260e+00,1.4467501016784778e+00,1.2612378842387215e+00,-1.4156931517057558e-01,2.7861474017385351e-01,-1.4156931517057564e-01
1.9913650140579575e+03,1,1.0000000000000000e+00,-1.2612378842387260e+00,-1.4467501016784778e+00,-1.2612378842387215e+00,1.4156931517057558e-01,-2.7861474017385351e-01,1.4156931517057564e-01

1.9967893035848163e+03,0,1.0000000000000000e+00,2.1699047429394835e-01,2.4249733779945393e+00,2.1699047429394480e-01,-2.2295518566604045e-01,7.1682855465476647e-02,-2.2295518566604006e-01
1.9967893035848163e+03,1,1.0000000000000000e+00,-2.1699047429394835e-01,-2.4249733779945393e+00,-2.1699047429394480e-01,2.2295518566604045e-01,-7.1682855465476647e-02,2.2295518566604006e-01

2.0024726943462078e+03,0,1.0000000000000000e+00,-1.0012912919578592e+00,2.2003290313467501e+00,-1.0012912919578603e+00,-1.8898051901119203e-01,-1.4021450632847673e-01,-1.8898051901119145e-01
2.0024726943462078e+03,1,1.0000000000000000e+00,1.0012912919578592e+00,-2.2003290313467501e+00,1.0012912919578603e+00,1.8898051901119203e-01,1.4021450632847673e-01,1.8898051901119145e-01

2.0088131401384512e+03,0,1.0000000000000000e+00,-1.8440681134564170e+00,8.2666551114877107e-01,-1.8440681134564145e+00,-6.7906972503574109e-02,-2.7118224687461501e-01,-6.7906972503573554e-02
2.0088131401384512e+03,1,1.0000000000000000e+00,1.8440681134564170e+00,-8.2666551114877107e-01,1.8440681134564145e+00,6.7906972503574109e-02,2.7118224687461501e-01,6.7906972503573554e-02

2.0150889341154839e+03,0,1.0000000000000000e+00,-1.8155847621179060e+00,-9.3264681302227537e-01,-1.8155847621179009e+00,7.6725845482105481e-02,-2.6694251977610334e-01,7.6725845482105731e-02
2.0150889341154839e+03,1,1.0000000000000000e+00,1.8155847621179060e+00,9.3264681302227537e-01,1.8155847621179009e+00,-7.6725845482105481e-02,2.6694251977610334e-01,-7.6725845482105731e-02

2.0210493207129816e+03,0,1.0000000000000000e+00,-9.9868819607590664e-01,-2.2022565109622865e+00,-9.9868819607590154e-01,1.8917268015148453e-01,-1.3979149900933860e-01,1.8917268015148442e-01
2.0210493207129816e+03,1,1.0000000000000000e+00,9.9868819607590664e-01,2.2022565109622865e+00,9.9868819607590154e-01,-1.8917268015148453e-01,1.3979149900933860e-01,-1.8917268015148442e-01

2.0267809737869025e+03,0,1.0000000000000000e+00,2.3081301902504325e-01,-2.4204470324844491e+00,2.3081301902504658e-01,2.2271714234486609e-01,7.4258550633440917e-02,2.2271714234486559e-01
2.0267809737869025e+03,1,1.0000000000000000e+00,-2.3081301902504325e-01,2.4204470324844491e+00,-2.3081301902504658e-01,-2.2271714234486609e-01,-7.4258550633440917e-02,-2.2271714234486559e-01

2.0320128071557415e+03,0,1.0000000000000000e+00,1.2425534487610097e+00,-1.4828330470741724e+00,1.2425534487610099e+00,1.4493339930050186e-01,2.7467860860626903e-01,1.4493339930050123e-01
2.0320128071557415e+03,1,1.0000000000000000e+00,-1.2425534487610097e+00,1.4828330470741724e+00,-1.2425534487610099e+00,-1.4493339930050186e-01,-2.7467860860626903e-01,-1.4493339930050123e-01

2.0371668656598752e+03,0,1.0000000000000000e+00,1.5851967583690505e+00,2.0122153508849117e-01,1.5851967583690478e+00,-2.0090984914233168e-02,3.4833035381324118e-01,-2.0090984914233584e-02
2.0371668656598752e+03,1,1.0000000000000000e+00,-1.5851967583690505e+00,-2.0122153508849117e-01,-1.5851967583690478e+00,2.0090984914233168e-02,-3.4833035381324118e-01,2.0090984914233584e-02

2.0422572209091848e+03,0,1.0000000000000000e+00,1.0704086132242587e+00,1.7628576335867792e+00,1.0704086132242545e+00,-1.7049799843270461e-01,2.3883513765247999e-01,-1.7049799843270463e-01
2.0422572209091848e+03,1,1.0000000000000000e+00,-1.0704086132242587e+00,-1.7628576335867792e+00,-1.0704086132242545e+00,1.7049799843270461e-01,-2.3883513765247999e-01,1.7049799843270463e-01

2.0478382459365214e+03,0,1.0000000000000000e+00,-9.1630657944349325e-02,2.4845815143802370e+00,-9.1630657944352656e-02,-2.2442824693190686e-01,1.5228386774766317e-02,-2.2442824693190649e-01
2.0478382459365214e+03,1,1.0000000000000000e+00,9.1630657944349325e-02,-2.4845815143802370e+00,9.1630657944352656e-02,2.2442824693190686e-01,-1.5228386774766317e-02,2.2442824693190649e-01

2.0536563845780265e+03,0,1.0000000000000000e+00,-1.2696439973423015e+00,1.9551647754182944e+00,-1.2696439973423019e+00,-1.6552327777354059e-01,-1.8319277278075022e-01,-1.6552327777354003e-01
2.0536563845780265e+03,1,1.0000000000000000e+00,1.2696439973423015e+00,-1.9551647754182944e+00,1.2696439973423019e+00,1.6552327777354059e-01,1.8319277278075022e-01,1.6552327777354003e-01

2.0599704232850913e+03,0,1.0000000000000000e+00,-1.9197815293744587e+00,4.1488506094462885e-01,-1.9197815293744556e+00,-3.3948133231504696e-02,-2.8239167056894987e-01,-3.3948133231504279e-02
2.0599704232850913e+03,1,1.0000000000000000e+00,1.9197815293744587e+00,-4.1488506094462885e-01,1.9197815293744556e+00,3.3948133231504696e-02,2.8239167056894987e-01,3.3948133231504279e-02

2.0662403611018344e+03,0,1.0000000000000000e+00,-1.6782188829985636e+00,-1.3129848768504102e+00,-1.6782188829985587e+00,1.0878866365750378e-01,-2.4631889234764484e-01,1.0878866365750389e-01
2.0662403611018344e+03,1,1.0000000000000000e+00,1.6782188829985636e+00,1.3129848768504102e+00,1.6782188829985587e+00,-1.0878866365750378e-01,2.4631889234764484e-01,-1.0878866365750389e-01

2.0723158901180586e+03,0,1.0000000000000000e+00,-6.8108965951903444e-01,-2.3840980473864897e+00,-6.8108965951903022e-01,2.0837004417613864e-01,-8.7272314661160144e-02,2.0837004417613836e-01
2.0723158901180586e+03,1,1.0000000000000000e+00,6.8108965951903444e-01,2.3840980473864897e+00,6.8108965951903022e-01,-2.0837004417613864e-01,8.7272314661160144e-02,-2.0837004417613836e-01

2.0780112599533891e+03,0,1.0000000000000000e+00,5.7030341400446261e-01,-2.2544190369954746e+00,5.7030341400446483e-01,2.1159966327703394e-01,1.3883938877837232e-01,2.1159966327703339e-01
2.0780112599533891e+03,1,1.0000000000000000e+00,-5.7030341400446261e-01,2.2544190369954746e+00,-5.7030341400446483e-01,-2.1159966327703394e-01,-1.3883938877837232e-01,-2.1159966327703339e-01

2.0833771185815922e+03,0,1.0000000000000000e+00,1.4483593051268131e+00,-9.7887042076715547e-01,1.4483593051268120e+00,9.6902286921511774e-02,3.1853981434504713e-01,9.6902286921511163e-02
2.0833771185815922e+03,1,1.0000000000000000e+00,-1.4483593051268131e+00,9.7887042076715547e-01,-1.4483593051268120e+00,-9.6902286921511774e-02,-3.1853981434504713e-01,-9.6902286921511163e-02

2.0885892409738585e+03,0,1.0000000000000000e+00,1.4977543647133156e+00,7.9716531757393816e-01,1.4977543647133118e+00,-7.9158150674851532e-02,3.2923473022579319e-01,-7.9158150674851865e-02
2.0885892409738585e+03,1,1.0000000000000000e+00,-1.4977543647133156e+00,-7.9716531757393816e-01,-1.4977543647133118e+00,7.9158150674851532e-02,-3.2923473022579319e-01,7.9158150674851865e-02

2.0938586110619190e+03,0,1.0000000000000000e+00,7.0692232255031351e-01,2.1543608265087886e+00,7.0692232255030929e-01,-2.0385316765591510e-01,1.6556501901411397e-01,-2.0385316765591499e-01
2.0938586110619190e+03,1,1.0000000000000000e+00,-7.0692232255031351e-01,-2.1543608265087886e+00,-7.0692232255030929e-01,2.0385316765591510e-01,-1.6556501901411397e-01,2.0385316765591499e-01

2.0994196965384535e+03,0,1.0000000000000000e+00,-5.1326087468928361e-01,2.4419912420188128e+00,-5.1326087468928561e-01,-2.1541832514357540e-01,-5.8771717558766784e-02,-2.1541832514357495e-01
2.0994196965384535e+03,1,1.0000000000000000e+00,5.1326087468928361e-01,-2.4419912420188128e+00,5.1326087468928561e-01,2.1541832514357540e-01,5.8771717558766784e-02,2.1541832514357495e-01

2.1052148488855933e+03,0,1.0000000000000000e+00,-1.5497534624436500e+00,1.5668665858367052e+00,-1.5497534624436491e+00,-1.3069973660896816e-01,-2.2676241413766407e-01,-1.3069973660896766e-01
2.1052148488855933e+03,1,1.0000000000000000e+00,1.5497534624436500e+00,-1.5668665858367052e+00,1.5497534624436491e+00,1.3069973660896816e-01,2.2676241413766407e-01,1.3069973660896766e-01

2.1115899037774534e+03,0,1.0000000000000000e+00,-1.9417390761782762e+00,-1.4006224424783142e-01,-1.9417390761782731e+00,1.1447705114420781e-02,-2.8562616989402478e-01,1.1447705114421114e-02
2.1115899037774534e+03,1,1.0000000000000000e+00,1.9417390761782762e+00,1.4006224424783142e-01,1.9417390761782731e+00,-1.1447705114420781e-02,2.8562616989402478e-01,-1.1447705114421114e-02

2.1177591595659237e+03,0,1.0000000000000000e+00,-1.4427594498373872e+00,-1.7361248737077315e+00,-1.4427594498373826e+00,1.4563630537068292e-01,-2.1027211036284096e-01,1.4563630537068295e-01
2.1177591595659237e+03,1,1.0000000000000000e+00,1.4427594498373872e+00,1.7361248737077315e+00,1.4427594498373826e+00,-1.4563630537068292e-01,2.1027211036284096e-01,-1.4563630537068295e-01

2.1237958183688224e+03,0,1.0000000000000000e+00,-2.9103603671335776e-01,-2.4822672518768103e+00,-2.9103603671335398e-01,2.2170623716736737e-01,-2.0206275969113063e-02,2.2170623716736701e-01
2.1237958183688224e+03,1,1.0000000000000000e+00,2.9103603671335776e-01,2.4822672518768103e+00,2.9103603671335398e-01,-2.2170623716736737e-01,2.0206275969113063e-02,-2.2170623716736701e-01

2.1293650932811788e+03,0,1.0000000000000000e+00,9.0792700746601951e-01,-1.9641454622511429e+00,9.0792700746601995e-01,1.8810573484667120e-01,2.0568598518825287e-01,1.8810573484667062e-01
2.1293650932811788e+03,1,1.0000000000000000e+00,-9.0792700746601951e-01,1.9641454622511429e+00,-9.0792700746601995e-01,-1.8810573484667120e-01,-2.0568598518825287e-01,-1.8810573484667062e-01

2.1346435090908549e+03,0,1.0000000000000000e+00,1.5619177772203052e+00,-4.4927077787608516e-01,1.5619177772203028e+00,4.4791972466891844e-02,3.4322623766625915e-01,4.4791972466891483e-02
2.1346435090908549e+03,1,1.0000000000000000e+00,-1.5619177772203052e+00,4.4927077787608516e-01,-1.5619177772203028e+00,-4.4791972466891844e-02,-3.4322623766625915e-01,-4.4791972466891483e-02

2.1398067757096055e+03,0,1.0000000000000000e+00,1.3384852872717263e+00,1.2811645584710953e+00,1.3384852872717228e+00,-1.2596539981333127e-01,2.9498455041107957e-01,-1.2596539981333124e-01
2.1398067757096055e+03,1,1.0000000000000000e+00,-1.3384852872717263e+00,-1.2811645584710953e+00,-1.3384852872717228e+00,1.2596539981333127e-01,-2.9498455041107957e-01,1.2596539981333124e-01

2.1451881062334546e+03,0,1.0000000000000000e+00,3.5435471542235886e-01,2.3725389060254467e+00,3.5435471542235619e-01,-2.1988180867109958e-01,9.7463753774475720e-02,-2.1988180867109924e-01
2.1451881062334546e+03,1,1.0000000000000000e+00,-3.5435471542235886e-01,-2.3725389060254467e+00,-3.5435471542235619e-01,2.1988180867109958e-01,-9.7463753774475720e-02,2.1988180867109924e-01

2.1508470211716631e+03,0,1.0000000000000000e+00,-8.7669266425194492e-01,2.2841919621771507e+00,-8.7669266425194514e-01,-1.9751339503177634e-01,-1.1983261804513198e-01,-1.9751339503177587e-01
2.1508470211716631e+03,1,1.0000000000000000e+00,8.7669266425194492e-01,-2.2841919621771507e+00,8.7669266425194514e-01,1.9751339503177634e-01,1.1983261804513198e-01,1.9751339503177587e-01

2.1571278641029667e+03,0,1.0000000000000000e+00,-1.7907104846381898e+00,1.0149044747023119e+00,-1.7907104846381872e+00,-8.3600572425663586e-02,-2.6322976021717714e-01,-8.3600572425663211e-02
2.1571278641029667e+03,1,1.0000000000000000e+00,1.7907104846381898e+00,-1.0149044747023119e+00,1.7907104846381872e+00,8.3600572425663586e-02,2.6322976021717714e-01,8.3600572425663211e-02

2.1633927684826594e+03,0,1.0000000000000000e+00,-1.8647129929058863e+00,-7.3907015182731595e-01,-1.8647129929058823e+00,6.0646673186180874e-02,-2.7424742709370642e-01,6.0646673186180888e-02
2.1633927684826594e+03,1,1.0000000000000000e+00,1.8647129929058863e+00,7.3907015182731595e-01,1.8647129929058823e+00,-6.0646673186180874e-02,2.7424742709370642e-01,-6.0646673186180888e-02

2.1693713238025139e+03,0,1.0000000000000000e+00,-1.1270009195467026e+00,-2.0975477035871490e+00,-1.1270009195466997e+00,1.7893714402611677e-01,-1.6050181313650319e-01,1.7893714402611646e-01
2.1693713238025139e+03,1,1.0000000000000000e+00,1.1270009195467026e+00,2.0975477035871490e+00,1.1270009195466997e+00,-1.7893714402611677e-01,1.6050181313650319e-01,-1.7893714402611646e-01

2.1751502901030376e+03,0,1.0000000000000000e+00,8.5500835692526200e-02,-2.4599383698665513e+00,8.5500835692526422e-02,2.2446228482789415e-01,4.7385495864562754e-02,2.2446228482789368e-01
2.1751502901030376e+03,1,1.0000000000000000e+00,-8.5500835692526200e-02,2.4599383698665513e+00,-8.5500835692526422e-02,-2.2446228482789415e-01,-4.7385495864562754e-02,-2.2446228482789368e-01

2.1804168783149962e+03,0,1.0000000000000000e+00,1.1487707865733896e+00,-1.6457488475311080e+00,1.1487707865733880e+00,1.5993438576643096e-01,2.5505789222797093e-01,1.5993438576643054e-01
2.1804168783149962e+03,1,1.0000000000000000e+00,-1.1487707865733896e+00,1.6457488475311080e+00,-1.1487707865733880e+00,-1.5993438576643096e-01,-2.5505789222797093e-01,-1.5993438576643054e-01

2.1857392751324519e+03,0,1.0000000000000000e+00,1.5906958555008708e+00,4.5395470162348017e-02,1.5906958555008679e+00,-4.5340819872209392e-03,3.4953825888578705e-01,-4.5340819872210780e-03
2.1857392751324519e+03,1,1.0000000000000000e+00,-1.5906958555008708e+00,-4.5395470162348017e-02,-1.5906958555008679e+00,4.5340819872209392e-03,-3.4953825888578705e-01,4.5340819872210780e-03

2.1909698842613379e+03,0,1.0000000000000000e+00,1.1215893819479930e+00,1.6881072680169575e+00,1.1215893819479898e+00,-1.6377854847565979e-01,2.4941313907527601e-01,-1.6377854847565959e-01
2.1909698842613379e+03,1,1.0000000000000000e+00,-1.1215893819479930e+00,-1.6881072680169575e+00,-1.1215893819479898e+00,1.6377854847565979e-01,-2.4941313907527601e-01,1.6377854847565959e-01

2.1965199990199808e+03,0,1.0000000000000000e+00,-1.5920975440179674e-02,2.4771492417759546e+00,-1.5920975440181007e-02,-2.2472400476250731e-01,2.8893422758726417e-02,-2.2472400476250687e-01
2.1965199990199808e+03,1,1.0000000000000000e+00,1.5920975440179674e-02,-2.4771492417759546e+00,1.5920975440181007e-02,2.2472400476250731e-01,-2.8893422758726417e-02,2.2472400476250687e-01

2.2022957900505767e+03,0,1.0000000000000000e+00,-1.2056363090479298e+00,2.0227621789224872e+00,-1.2056363090479285e+00,-1.7183198887026019e-01,-1.7305354587499405e-01,-1.7183198887025974e-01
2.2022957900505767e+03,1,1.0000000000000000e+00,1.2056363090479298e+00,-2.0227621789224872e+00,1.2056363090479285e+00,1.7183198887026019e-01,1.7305354587499405e-01,1.7183198887025974e-01

2.2085737620546561e+03,0,1.0000000000000000e+00,-1.9036807127333677e+00,5.3174145863426769e-01,-1.9036807127333644e+00,-4.3546056013378576e-02,-2.8001525656288673e-01,-4.3546056013378354e-02
2.2085737620546561e+03,1,1.0000000000000000e+00,1.9036807127333677e+00,-5.3174145863426769e-01,1.9036807127333644e+00,4.3546056013378576e-02,2.8001525656288673e-01,4.3546056013378354e-02

2.2148443016532897e+03,0,1.0000000000000000e+00,-1.7215322284489025e+00,-1.2094155938861393e+00,-1.7215322284488987e+00,9.9981533708019071e-02,-2.5285362270402928e-01,9.9981533708018988e-02
2.2148443016532897e+03,1,1.0000000000000000e+00,1.7215322284489025e+00,1.2094155938861393e+00,1.7215322284488987e+00,-9.9981533708019071e-02,2.5285362270402928e-01,-9.9981533708018988e-02

2.2209407101264437e+03,0,1.0000000000000000e+00,-7.6238348246311838e-01,-2.3470168486469367e+00,-7.6238348246311594e-01,2.0421607480615356e-01,-1.0088927680999688e-01,2.0421607480615322e-01
2.2209407101264437e+03,1,1.0000000000000000e+00,7.6238348246311838e-01,2.3470168486469367e+00,7.6238348246311594e-01,-2.0421607480615356e-01,1.0088927680999688e-01,-2.0421607480615322e-01

2.2266737607510513e+03,0,1.0000000000000000e+00,4.9427807901563114e-01,-2.3012773127000608e+00,4.9427807901563114e-01,2.1503219548231936e-01,1.2415313600563280e-01,2.1503219548231892e-01
2.2266737607510513e+03,1,1.0000000000000000e+00,-4.9427807901563114e-01,2.3012773127000608e+00,-4.9427807901563114e-01,-2.1503219548231936e-01,-1.2415313600563280e-01,-2.1503219548231892e-01

2.2319231157344211e+03,0,1.0000000000000000e+00,1.3991296810466918e+00,-1.1270349613658706e+00,1.3991296810466896e+00,1.1122857190669551e-01,3.0794600609731082e-01,1.1122857190669513e-01
2.2319231157344211e+03,1,1.0000000000000000e+00,-1.3991296810466918e+00,1.1270349613658706e+00,-1.3991296810466896e+00,-1.1122857190669551e-01,-3.0794600609731082e-01,-1.1122857190669513e-01

2.2370097826060846e+03,0,1.0000000000000000e+00,1.5392587796611930e+00,5.9736090631954863e-01,1.5392587796611896e+00,-5.9471905622929130e-02,3.3827235677897005e-01,-5.9471905622929061e-02
2.2370097826060846e+03,1,1.0000000000000000e+00,-1.5392587796611930e+00,-5.9736090631954863e-01,-1.5392587796611896e+00,5.9471905622929130e-02,-3.3827235677897005e-01,5.9471905622929061e-02

2.2422013500282151e+03,0,1.0000000000000000e+00,8.4150872939138277e-01,2.0333292138408439e+00,8.4150872939138088e-01,-1.9395508309321186e-01,1.9232165306576290e-01,-1.9395508309321149e-01
2.2422013500282151e+03,1,1.0000000000000000e+00,-8.4150872939138277e-01,-2.0333292138408439e+00,-8.4150872939138088e-01,1.9395508309321186e-01,-1.9232165306576290e-01,1.9395508309321149e-01

2.2479243367327599e+03,0,1.0000000000000000e+00,-4.0153882201897750e-01,2.4672807568363027e+00,-4.0153882201897673e-01,-2.1900748307654253e-01,-3.9502875100632800e-02,-2.1900748307654205e-01
2.2479243367327599e+03,1,1.0000000000000000e+00,4.0153882201897750e-01,-2.4672807568363027e+00,4.0153882201897673e-01,2.1900748307654253e-01,3.9502875100632800e-02,2.1900748307654205e-01

2.2539165848527596e+03,0,1.0000000000000000e+00,-1.5073209613835261e+00,1.6377456679371545e+00,-1.5073209613835230e+00,-1.3691705787966607e-01,-2.2024477641333828e-01,-1.3691705787966577e-01
2.2539165848527596e+03,1,1.0000000000000000e+00,1.5073209613835261e+00,-1.6377456679371545e+00,1.5073209613835230e+00,1.3691705787966607e-01,2.2024477641333828e-01,1.3691705787966577e-01

2.2601929214452116e+03,0,1.0000000000000000e+00,-1.9444794891140851e+00,-2.1192659231811684e-02,-1.9444794891140811e+00,1.7318951614834210e-03,-2.8602933905031402e-01,1.7318951614834488e-03
2.2601929214452116e+03,1,1.0000000000000000e+00,1.9444794891140851e+00,2.1192659231811684e-02,1.9444794891140811e+00,-1.7318951614834210e-03,2.8602933905031402e-01,-1.7318951614834488e-03

2.2662736492131357e+03,0,1.0000000000000000e+00,-1.5137926682109326e+00,-1.6272765009612167e+00,-1.5137926682109293e+00,1.3599552354894731e-01,-2.2124071139865642e-01,1.3599552354894703e-01
2.2662736492131357e+03,1,1.0000000000000000e+00,1.5137926682109326e+00,1.6272765009612167e+00,1.5137926682109293e+00,-1.3599552354894731e-01,2.2124071139865642e-01,-1.3599552354894703e-01

2.2722459444439960e+03,0,1.0000000000000000e+00,-4.1628129205281938e-01,-2.4645328858229210e+00,-4.1628129205281805e-01,2.1858356773764076e-01,-4.2059289899670615e-02,2.1858356773764034e-01
2.2722459444439960e+03,1,1.0000000000000000e+00,4.1628129205281938e-01,2.4645328858229210e+00,4.1628129205281805e-01,-2.1858356773764076e-01,4.2059289899670615e-02,-2.1858356773764034e-01

2.2777863631462742e+03,0,1.0000000000000000e+00,7.9253870167249896e-01,-2.0801795040748834e+00,7.9253870167249785e-01,1.9784248050399147e-01,1.8253621336995571e-01,1.9784248050399106e-01
2.2777863631462742e+03,1,1.0000000000000000e+00,-7.9253870167249896e-01,2.0801795040748834e+00,-7.9253870167249785e-01,-1.9784248050399147e-01,-1.8253621336995571e-01,-1.9784248050399106e-01

2.2830301192940642e+03,0,1.0000000000000000e+00,1.5268456682589568e+00,-6.6399417763920487e-01,1.5268456682589544e+00,6.6054394488820056e-02,3.3556446721190181e-01,6.6054394488819862e-02
2.2830301192940642e+03,1,1.0000000000000000e+00,-1.5268456682589568e+00,6.6399417763920487e-01,-1.5268456682589544e+00,-6.6054394488820056e-02,-3.3556446721190181e-01,-6.6054394488819862e-02

2.2881470980725876e+03,0,1.0000000000000000e+00,1.4173369890490890e+00,1.0751404985097996e+00,1.4173369890490861e+00,-1.0622715662411036e-01,3.1185651106205875e-01,-1.0622715662411025e-01
2.2881470980725876e+03,1,1.0000000000000000e+00,-1.4173369890490890e+00,-1.0751404985097996e+00,-1.4173369890490861e+00,1.0622715662411036e-01,-3.1185651106205875e-01,1.0622715662411025e-01

2.2934487838646246e+03,0,1.0000000000000000e+00,5.1897187392899036e-01,2.2867114331005309e+00,5.1897187392898858e-01,-2.1398185840703046e-01,1.2890895980593167e-01,-2.1398185840703010e-01
2.2934487838646246e+03,1,1.0000000000000000e+00,-5.1897187392899036e-01,-2.2867114331005309e+00,-5.1897187392898858e-01,2.1398185840703046e-01,-1.2890895980593167e-01,2.1398185840703010e-01

2.2990363982640583e+03,0,1.0000000000000000e+00,-7.0880668217205867e-01,2.3721402370579638e+00,-7.0880668217205822e-01,-2.0700936245769042e-01,-9.1928659869428081e-02,-2.0700936245769003e-01
2.2990363982640583e+03,1,1.0000000000000000e+00,7.0880668217205867e-01,-2.3721402370579638e+00,7.0880668217205822e-01,2.0700936245769042e-01,9.1928659869428081e-02,2.0700936245769003e-01

2.3053196864647803e+03,0,1.0000000000000000e+00,-1.7141082285596236e+00,1.2280029635688239e+00,-1.7141082285596210e+00,-1.0155736147773183e-01,-2.5173564800391035e-01,-1.0155736147773151e-01
2.3053196864647803e+03,1,1.0000000000000000e+00,1.7141082285596236e+00,-1.2280029635688239e+00,1.7141082285596210e+00,1.0155736147773183e-01,2.5173564800391035e-01,1.0155736147773151e-01

2.3116422251379176e+03,0,1.0000000000000000e+00,-1.9046191092314455e+00,-5.2567097443518995e-01,-1.9046191092314417e+00,4.3046842381087733e-02,-2.8015386822757743e-01,4.3046842381087802e-02
2.3116422251379176e+03,1,1.0000000000000000e+00,1.9046191092314455e+00,5.2567097443518995e-01,1.9046191092314417e+00,-4.3046842381087733e-02,2.8015386822757743e-01,-4.3046842381087802e-02

2.3177089616069211e+03,0,1.0000000000000000e+00,-1.2452121227317288e+00,-1.9817221197875086e+00,-1.2452121227317257e+00,1.6799026676226619e-01,-1.7933077818942722e-01,1.6799026676226594e-01
2.3177089616069211e+03,1,1.0000000000000000e+00,1.2452121227317288e+00,1.9817221197875086e+00,1.2452121227317257e+00,-1.6799026676226619e-01,1.7933077818942722e-01,-1.6799026676226594e-01

2.3235989713875365e+03,0,1.0000000000000000e+00,-4.2590717776715747e-02,-2.4802919917633295e+00,-4.2590717776713971e-02,2.2466705063856410e-01,2.4066276250940460e-02,2.2466705063856368e-01
2.3235989713875365e+03,1,1.0000000000000000e+00,4.2590717776715747e-02,2.4802919917633295e+00,4.2590717776713971e-02,-2.2466705063856410e-01,-2.4066276250940460e-02,-2.2466705063856368e-01

2.3289730125805072e+03,0,1.0000000000000000e+00,1.0723503141888273e+00,-1.7601334591627973e+00,1.0723503141888266e+00,1.7025464506157478e-01,2.3923524410534994e-01,1.7025464506157431e-01
2.3289730125805072e+03,1,1.0000000000000000e+00,-1.0723503141888273e+00,1.7601334591627973e+00,-1.0723503141888266e+00,-1.7025464506157478e-01,-2.3923524410534994e-01,-1.7025464506157431e-01

2.3342191099909628e+03,0,1.0000000000000000e+00,1.5880688978193480e+00,-1.4294636850624021e-01,1.5880688978193451e+00,1.4275070972390252e-02,3.4896112992167244e-01,1.4275070972389919e-02
2.3342191099909628e+03,1,1.0000000000000000e+00,-1.5880688978193480e+00,1.4294636850624021e-01,-1.5880688978193451e+00,-1.4275070972390252e-02,-3.4896112992167244e-01,-1.4275070972389919e-02

2.3393589463302546e+03,0,1.0000000000000000e+00,1.2200941434196555e+00,1.5244765274314125e+00,1.2200941434196519e+00,-1.4879811945764312e-01,2.6995920591004302e-01,-1.4879811945764310e-01
2.3393589463302546e+03,1,1.0000000000000000e+00,-1.2200941434196555e+00,-1.5244765274314125e+00,-1.2200941434196519e+00,1.4879811945764312e-01,-2.6995920591004302e-01,1.4879811945764310e-01

2.3448393404020294e+03,0,1.0000000000000000e+00,1.4112056888500679e-01,2.4469172099323724e+00,1.4112056888500435e-01,-2.2398949930261958e-01,5.7618289868766770e-02,-2.2398949930261924e-01
2.3448393404020294e+03,1,1.0000000000000000e+00,-1.4112056888500679e-01,-2.4469172099323724e+00,-1.4112056888500435e-01,2.2398949930261958e-01,-5.7618289868766770e-02,2.2398949930261924e-01

2.3505708573751831e+03,0,1.0000000000000000e+00,-1.0734645710406547e+00,2.1437076969394644e+00,-1.0734645710406552e+00,-1.8340204604821903e-01,-1.5189556617233527e-01,-1.8340204604821855e-01
2.3505708573751831e+03,1,1.0000000000000000e+00,1.0734645710406547e+00,-2.1437076969394644e+00,1.0734645710406552e+00,1.8340204604821903e-01,1.5189556617233527e-01,1.8340204604821855e-01

2.3569596375890419e+03,0,1.0000000000000000e+00,-1.8715223723214960e+00,7.0754324151032422e-01,-1.8715223723214944e+00,-5.8039227758991507e-02,-2.7525699441669793e-01,-5.8039227758991174e-02
2.3569596375890419e+03,1,1.0000000000000000e+00,1.8715223723214960e+00,-7.0754324151032422e-01,1.8715223723214944e+00,5.8039227758991507e-02,2.7525699441669793e-01,5.8039227758991174e-02

2.3632515974850894e+03,0,1.0000000000000000e+00,-1.7786345888168495e+00,-1.0521033942320290e+00,-1.7786345888168464e+00,8.6719036589063214e-02,-2.6142384541256164e-01,8.6719036589063409e-02
2.3632515974850894e+03,1,1.0000000000000000e+00,1.7786345888168495e+00,1.0521033942320290e+00,1.7786345888168464e+00,-8.6719036589063214e-02,2.6142384541256164e-01,-8.6719036589063409e-02

2.3692089521727321e+03,0,1.0000000000000000e+00,-9.1236994084464207e-01,-2.2618857404091335e+00,-9.1236994084463863e-01,1.9520562080316384e-01,-1.2569690347713408e-01,1.9520562080316373e-01
2.3692089521727321e+03,1,1.0000000000000000e+00,9.1236994084464207e-01,2.2618857404091335e+00,9.1236994084463863e-01,-1.9520562080316384e-01,1.2569690347713408e-01,-1.9520562080316373e-01

2.3749175686878643e+03,0,1.0000000000000000e+00,3.2528084151020364e-01,-2.3850403969065597e+00,3.2528084151020575e-01,2.2066625566099382e-01,9.1972685534437493e-02,2.2066625566099346e-01
2.3749175686878643e+03,1,1.0000000000000000e+00,-3.2528084151020364e-01,2.3850403969065597e+00,-3.2528084151020575e-01,-2.2066625566099382e-01,-9.1972685534437493e-02,-2.2066625566099346e-01

2.3802688787662109e+03,0,1.0000000000000000e+00,1.3177127017975987e+00,-1.3285980788434260e+00,1.3177127017975983e+00,1.3046143732192420e-01,2.9056718586744495e-01,1.3046143732192378e-01
2.3802688787662109e+03,1,1.0000000000000000e+00,-1.3177127017975987e+00,1.3285980788434260e+00,-1.3177127017975983e+00,-1.3046143732192420e-01,-2.9056718586744495e-01,-1.3046143732192378e-01

2.3854322559033303e+03,0,1.0000000000000000e+00,1.5687217473690560e+00,3.9358057570258476e-01,1.5687217473690538e+00,-3.9256457132866907e-02,3.4471652378167689e-01,-3.9256457132867184e-02
2.3854322559033303e+03,1,1.0000000000000000e+00,-1.5687217473690560e+00,-3.9358057570258476e-01,-1.5687217473690538e+00,3.9256457132866907e-02,-3.4471652378167689e-01,3.9256457132867184e-02

2.3905730500850141e+03,0,1.0000000000000000e+00,9.6346111874076390e-01,1.9008467324668139e+00,9.6346111874076124e-01,-1.8265494893263570e-01,2.1694266599763268e-01,-1.8265494893263565e-01
2.3905730500850141e+03,1,1.0000000000000000e+00,-9.6346111874076390e-01,-1.9008467324668139e+00,-9.6346111874076124e-01,1.8265494893263570e-01,-2.1694266599763268e-01,1.8265494893263565e-01

2.3962273747048248e+03,0,1.0000000000000000e+00,-2.4338759865407089e-01,2.4857020568356156e+00,-2.4338759865407245e-01,-2.2260918836632310e-01,-1.1811485693590695e-02,-2.2260918836632282e-01
2.3962273747048248e+03,1,1.0000000000000000e+00,2.4338759865407089e-01,-2.4857020568356156e+00,2.4338759865407245e-01,2.2260918836632310e-01,1.1811485693590695e-02,2.2260918836632282e-01

2.4021387279669138e+03,0,1.0000000000000000e+00,-1.3922030077432836e+00,1.8062455482144315e+00,-1.3922030077432828e+00,-1.5192388898799980e-01,-2.0241519147194775e-01,-1.5192388898799947e-01
2.4021387279669138e+03,1,1.0000000000000000e+00,1.3922030077432836e+00,-1.8062455482144315e+00,1.3922030077432828e+00,1.5192388898799980e-01,2.0241519147194775e-01,1.5192388898799947e-01

2.4085291591559676e+03,0,1.0000000000000000e+00,-1.9402172022862767e+00,1.7392413590422873e-01,-1.9402172022862736e+00,-1.4216451344504111e-02,-2.8540222293872597e-01,-1.4216451344503944e-02
2.4085291591559676e+03,1,1.0000000000000000e+00,1.9402172022862767e+00,-1.7392413590422873e-01,1.9402172022862736e+00,1.4216451344504111e-02,2.8540222293872597e-01,1.4216451344503944e-02

2.4147950158603421e+03,0,1.0000000000000000e+00,-1.5790098706031932e+00,-1.5146977922007825e+00,-1.5790098706031901e+00,1.2615435389511945e-01,-2.3123931775755202e-01,1.2615435389511931e-01
2.4147950158603421e+03,1,1.0000000000000000e+00,1.5790098706031932e+00,1.5146977922007825e+00,1.5790098706031901e+00,-1.2615435389511945e-01,2.3123931775755202e-01,-1.2615435389511931e-01

2.4209602482540618e+03,0,1.0000000000000000e+00,-4.8253320569995584e-01,-2.4499787047166386e+00,-4.8253320569995428e-01,2.1649221475663086e-01,-5.3495946675928635e-02,2.1649221475663050e-01
2.4209602482540618e+03,1,1.0000000000000000e+00,4.8253320569995584e-01,2.4499787047166386e+00,4.8253320569995428e-01,-2.1649221475663086e-01,5.3495946675928635e-02,-2.1649221475663050e-01

2.4264681419193116e+03,0,1.0000000000000000e+00,7.2503115836184984e-01,-2.1394509431763513e+00,7.2503115836184984e-01,2.0266087024733243e-01,1.6914017435286210e-01,2.0266087024733206e-01
2.4264681419193116e+03,1,1.0000000000000000e+00,-7.2503115836184984e-01,2.1394509431763513e+00,-7.2503115836184984e-01,-2.0266087024733243e-01,-1.6914017435286210e-01,-2.0266087024733206e-01

2.4316727421446835e+03,0,1.0000000000000000e+00,1.4996701041565244e+00,-7.8915254205668850e-01,1.4996701041565226e+00,7.8371867653018040e-02,3.2965085226268442e-01,7.8371867653017735e-02
2.4316727421446835e+03,1,1.0000000000000000e+00,-1.4996701041565244e+00,7.8915254205668850e-01,-1.4996701041565226e+00,-7.8371867653018040e-02,-3.2965085226268442e-01,-7.8371867653017735e-02

2.4367430334168716e+03,0,1.0000000000000000e+00,1.4595318101480699e+00,9.4129647854358867e-01,1.4595318101480670e+00,-9.3247592512556682e-02,3.2095309798004062e-01,-9.3247592512556737e-02
2.4367430334168716e+03,1,1.0000000000000000e+00,-1.4595318101480699e+00,-9.4129647854358867e-01,-1.4595318101480670e+00,9.3247592512556682e-02,-3.2095309798004062e-01,9.3247592512556737e-02

2.4419723091835363e+03,0,1.0000000000000000e+00,6.2372223327794529e-01,2.2178185005529611e+00,6.2372223327794352e-01,-2.0882321055614966e-01,1.4923775656783653e-01,-2.0882321055614941e-01
2.4419723091835363e+03,1,1.0000000000000000e+00,-6.2372223327794529e-01,-2.2178185005529611e+00,-6.2372223327794352e-01,2.0882321055614966e-01,-1.4923775656783653e-01,2.0882321055614941e-01

2.4477384219187411e+03,0,1.0000000000000000e+00,-6.4271970455089567e-01,2.3995075082215700e+00,-6.4271970455089611e-01,-2.1016033758398009e-01,-8.0802841738492337e-02,-2.1016033758397973e-01
2.4477384219187411e+03,1,1.0000000000000000e+00,6.4271970455089567e-01,-2.3995075082215700e+00,6.4271970455089611e-01,2.1016033758398009e-01,8.0802841738492337e-02,2.1016033758397973e-01

2.4537663672479102e+03,0,1.0000000000000000e+00,-1.6525374675698166e+00,1.3694223903452623e+00,-1.6525374675698148e+00,-1.1361698639933598e-01,-2.4243035289391832e-01,-1.1361698639933568e-01
2.4537663672479102e+03,1,1.0000000000000000e+00,1.6525374675698166e+00,-1.3694223903452623e+00,1.6525374675698148e+00,1.1361698639933598e-01,2.4243035289391832e-01,1.1361698639933568e-01

2.4601873055914825e+03,0,1.0000000000000000e+00,-1.9224210436025508e+00,-3.9229721165288844e-01,-1.9224210436025477e+00,3.2095511398173154e-02,-2.8278087607976204e-01,3.2095511398173265e-02
2.4601873055914825e+03,1,1.0000000000000000e+00,1.9224210436025508e+00,3.9229721165288844e-01,1.9224210436025477e+00,-3.2095511398173154e-02,2.8278087607976204e-01,-3.2095511398173265e-02

2.4663721437926342e+03,0,1.0000000000000000e+00,-1.3038865658499612e+00,-1.9162865684986810e+00,-1.3038865658499583e+00,1.6193645193875875e-01,-1.8858867417757910e-01,1.6193645193875861e-01
2.4663721437926342e+03,1,1.0000000000000000e+00,1.3038865658499612e+00,1.9162865684986810e+00,1.3038865658499583e+00,-1.6193645193875875e-01,1.8858867417757910e-01,-1.6193645193875861e-01

2.4723149729434408e+03,0,1.0000000000000000e+00,-1.1057617835545797e-01,-2.4857237644763135e+00,-1.1057617835545708e-01,2.2428988508518508e-01,1.1827239602416273e-02,2.2428988508518474e-01
2.4723149729434408e+03,1,1.0000000000000000e+00,1.1057617835545797e-01,2.4857237644763135e+00,1.1057617835545708e-01,-2.2428988508518508e-01,-1.1827239602416273e-02,-2.2428988508518474e-01

2.4777546098564990e+03,0,1.0000000000000000e+00,1.0313689350580728e+00,-1.8158911280670447e+00,1.0313689350580719e+00,1.7521091960927382e-01,2.3081064785010633e-01,1.7521091960927349e-01
2.4777546098564990e+03,1,1.0000000000000000e+00,-1.0313689350580728e+00,1.8158911280670447e+00,-1.0313689350580719e+00,-1.7521091960927382e-01,-2.3081064785010633e-01,-1.7521091960927349e-01

2.4830536469169688e+03,0,1.0000000000000000e+00,1.5848471214554651e+00,-2.0719417448035005e-01,1.5848471214554629e+00,2.0686869259699786e-02,3.4825358248211297e-01,2.0686869259699647e-02
2.4830536469169688e+03,1,1.0000000000000000e+00,-1.5848471214554651e+00,2.0719417448035005e-01,-1.5848471214554629e+00,-2.0686869259699786e-02,-3.4825358248211297e-01,-2.0686869259699647e-02

2.4882465033212134e+03,0,1.0000000000000000e+00,1.2394097246519780e+00,1.4887725573193911e+00,1.2394097246519755e+00,-1.4548580098981037e-01,2.7401722915662974e-01,-1.4548580098981037e-01
2.4882465033212134e+03,1,1.0000000000000000e+00,-1.2394097246519780e+00,-1.4887725573193911e+00,-1.2394097246519755e+00,1.4548580098981037e-01,-2.7401722915662974e-01,1.4548580098981037e-01

2.4937228337959332e+03,0,1.0000000000000000e+00,1.7140976263481056e-01,2.4387408753732198e+00,1.7140976263480878e-01,-2.2363123199803886e-01,6.3218453149452125e-02,-2.2363123199803867e-01
2.4937228337959332e+03,1,1.0000000000000000e+00,-1.7140976263481056e-01,-2.4387408753732198e+00,-1.7140976263480878e-01,2.2363123199803886e-01,-6.3218453149452125e-02,2.2363123199803867e-01

2.4994568123869872e+03,0,1.0000000000000000e+00,-1.0489662556949910e+00,2.1636277484931732e+00,-1.0489662556949912e+00,-1.8535074446532254e-01,-1.4794076717016949e-01,-1.8535074446532224e-01
2.4994568123869872e+03,1,1.0000000000000000e+00,1.0489662556949910e+00,-2.1636277484931732e+00,1.0489662556949912e+00,1.8535074446532254e-01,1.4794076717016949e-01,1.8535074446532224e-01

2.5058512818096269e+03,0,1.0000000000000000e+00,-1.8639571195331137e+00,7.4247962115127342e-01,-1.8639571195331126e+00,-6.0928825830500299e-02,-2.7413531655725237e-01,-6.0928825830500077e-02
2.5058512818096269e+03,1,1.0000000000000000e+00,1.8639571195331137e+00,-7.4247962115127342e-01,1.8639571195331126e+00,6.0928825830500299e-02,2.7413531655725237e-01,6.0928825830500077e-02

2.5121592830499903e+03,0,1.0000000000000000e+00,-1.7881367451602468e+00,-1.0229697960413837e+00,-1.7881367451602446e+00,8.4276179406564733e-02,-2.6284505463332197e-01,8.4276179406564816e-02
2.5121592830499903e+03,1,1.0000000000000000e+00,1.7881367451602468e+00,1.0229697960413837e+00,1.7881367451602446e+00,-8.4276179406564733e-02,2.6284505463332197e-01,-8.4276179406564816e-02

2.5181373694417020e+03,0,1.0000000000000000e+00,-9.2996476224632740e-01,-2.2503913697161742e+00,-9.2996476224632540e-01,1.9402822783639703e-01,-1.2858061077388630e-01,1.9402822783639695e-01
2.5181373694417020e+03,1,1.0000000000000000e+00,9.2996476224632740e-01,2.2503913697161742e+00,9.2996476224632540e-01,-1.9402822783639703e-01,1.2858061077388630e-01,-1.9402822783639695e-01

2.5238693289046009e+03,0,1.0000000000000000e+00,3.1046957442679579e-01,-2.3911148704795422e+00,3.1046957442679624e-01,2.2103766160157093e-01,8.9182481058747209e-02,2.2103766160157068e-01
2.5238693289046009e+03,1,1.0000000000000000e+00,-3.1046957442679579e-01,2.3911148704795422e+00,-3.1046957442679624e-01,-2.2103766160157093e-01,-8.9182481058747209e-02,-2.2103766160157068e-01

2.5291062071332499e+03,0,1.0000000000000000e+00,1.2935853082446296e+00,-1.3808730736434309e+00,1.2935853082446289e+00,1.3539271447910284e-01,2.8545062346260069e-01,1.3539271447910256e-01
2.5291062071332499e+03,1,1.0000000000000000e+00,-1.2935853082446296e+00,1.3808730736434309e+00,-1.2935853082446289e+00,-1.3539271447910284e-01,-2.8545062346260069e-01,-1.3539271447910256e-01

2.5342744992629500e+03,0,1.0000000000000000e+00,1.5751181660033167e+00,3.3258307534018483e-01,1.5751181660033149e+00,-3.3185776595536232e-02,3.4611870440032272e-01,-3.3185776595536370e-02
2.5342744992629500e+03,1,1.0000000000000000e+00,-1.5751181660033167e+00,-3.3258307534018483e-01,-1.5751181660033149e+00,3.3185776595536232e-02,-3.4611870440032272e-01,3.3185776595536370e-02

2.5394079813418421e+03,0,1.0000000000000000e+00,9.9672733381695200e-01,1.8603276113188736e+00,9.9672733381695033e-01,-1.7912172748893906e-01,2.2372195838497966e-01,-1.7912172748893909e-01
2.5394079813418421e+03,1,1.0000000000000000e+00,-9.9672733381695200e-01,-1.8603276113188736e+00,-9.9672733381695033e-01,1.7912172748893906e-01,-2.2372195838497966e-01,1.7912172748893909e-01

2.5450499212595196e+03,0,1.0000000000000000e+00,-1.9962454387727213e-01,2.4872608210869736e+00,-1.9962454387727424e-01,-2.2329951265694800e-01,-4.0614110719422170e-03,-2.2329951265694786e-01
2.5450499212595196e+03,1,1.0000000000000000e+00,1.9962454387727213e-01,-2.4872608210869736e+00,1.9962454387727424e-01,2.2329951265694800e-01,4.0614110719422170e-03,2.2329951265694786e-01

2.5509454322311512e+03,0,1.0000000000000000e+00,-1.3595689376750071e+00,1.8486440902758174e+00,-1.3595689376750077e+00,-1.5575908676148767e-01,-1.9732119780741966e-01,-1.5575908676148742e-01
2.5509454322311512e+03,1,1.0000000000000000e+00,1.3595689376750071e+00,-1.8486440902758174e+00,1.3595689376750077e+00,1.5575908676148767e-01,1.9732119780741966e-01,1.5575908676148742e-01

2.5573266085269734e+03,0,1.0000000000000000e+00,-1.9364983933597333e+00,2.3704746323149339e-01,-1.9364983933597322e+00,-1.9379820180840029e-02,-2.8485484481264611e-01,-1.9379820180839780e-02
2.5573266085269734e+03,1,1.0000000000000000e+00,1.9364983933597333e+00,-2.3704746323149339e-01,1.9364983933597322e+00,1.9379820180840029e-02,2.8485484481264611e-01,1.9379820180839780e-02

2.5636054715293999e+03,0,1.0000000000000000e+00,-1.6048584416476228e+00,-1.4661014292890431e+00,-1.6048584416476204e+00,1.2194171663041764e-01,-2.3518333561112584e-01,1.2194171663041775e-01
2.5636054715293999e+03,1,1.0000000000000000e+00,1.6048584416476228e+00,1.4661014292890431e+00,1.6048584416476204e+00,-1.2194171663041764e-01,2.3518333561112584e-01,-1.2194171663041775e-01

2.5697904571045533e+03,0,1.0000000000000000e+00,-5.2323310303589810e-01,-2.4392286805303929e+00,-5.2323310303589476e-01,2.1505557806036779e-01,-6.0480027803426428e-02,2.1505557806036771e-01
2.5697904571045533e+03,1,1.0000000000000000e+00,5.2323310303589810e-01,2.4392286805303929e+00,5.2323310303589476e-01,-2.1505557806036779e-01,6.0480027803426428e-02,-2.1505557806036771e-01

2.5753249957897369e+03,0,1.0000000000000000e+00,6.9203114055176518e-01,-2.1663200201838788e+00,6.9203114055176718e-01,2.0480318984946305e-01,1.6263088402933784e-01,2.0480318984946269e-01
2.5753249957897369e+03,1,1.0000000000000000e+00,-6.9203114055176518e-01,2.1663200201838788e+00,-6.9203114055176718e-01,-2.0480318984946305e-01,-1.6263088402933784e-01,-2.0480318984946269e-01

2.5805513757845533e+03,0,1.0000000000000000e+00,1.4883661985822307e+00,-8.3519596686658382e-01,1.4883661985822312e+00,8.2885952064185586e-02,3.2719694529623211e-01,8.2885952064185128e-02
2.5805513757845533e+03,1,1.0000000000000000e+00,-1.4883661985822307e+00,8.3519596686658382e-01,-1.4883661985822312e+00,-8.2885952064185586e-02,-3.2719694529623211e-01,-8.2885952064185128e-02

2.5856397455569895e+03,0,1.0000000000000000e+00,1.4706846738612140e+00,9.0195601529262537e-01,1.4706846738612120e+00,-8.9412575423826718e-02,3.2336549413904381e-01,-8.9412575423827093e-02
2.5856397455569895e+03,1,1.0000000000000000e+00,-1.4706846738612140e+00,-9.0195601529262537e-01,-1.4706846738612120e+00,8.9412575423826718e-02,-3.2336549413904381e-01,8.9412575423827093e-02

2.5908836354300402e+03,0,1.0000000000000000e+00,6.4610311243256291e-01,2.2015404306127548e+00,6.4610311243255991e-01,-2.0756576952614955e-01,1.5361395263278230e-01,-2.0756576952614969e-01
2.5908836354300402e+03,1,1.0000000000000000e+00,-6.4610311243256291e-01,-2.2015404306127548e+00,-6.4610311243255991e-01,2.0756576952614955e-01,-1.5361395263278230e-01,2.0756576952614969e-01

2.5966683853136797e+03,0,1.0000000000000000e+00,-6.2400750638230651e-01,2.4065472177372818e+00,-6.2400750638230928e-01,-2.1099451566884928e-01,-7.7637883192065271e-02,-2.1099451566884914e-01
2.5966683853136797e+03,1,1.0000000000000000e+00,6.2400750638230651e-01,-2.4065472177372818e+00,6.2400750638230928e-01,2.1099451566884928e-01,7.7637883192065271e-02,2.1099451566884914e-01

2.6027203547849044e+03,0,1.0000000000000000e+00,-1.6451273004863090e+00,1.3851043536403507e+00,-1.6451273004863101e+00,-1.1496255044959823e-01,-2.4130640667229197e-01,-1.1496255044959790e-01
2.6027203547849044e+03,1,1.0000000000000000e+00,1.6451273004863090e+00,-1.3851043536403507e+00,1.6451273004863101e+00,1.1496255044959823e-01,2.4130640667229197e-01,1.1496255044959790e-01

2.6089978604949297e+03,0,1.0000000000000000e+00,-1.9286022388258643e+00,-3.3330524264737194e-01,-1.9286022388258632e+00,2.7260451053629245e-02,-2.8369190093451419e-01,2.7260451053629578e-02
2.6089978604949297e+03,1,1.0000000000000000e+00,1.9286022388258643e+00,3.3330524264737194e-01,1.9286022388258632e+00,-2.7260451053629245e-02,2.8369190093451419e-01,-2.7260451053629578e-02

2.6150436489567765e+03,0,1.0000000000000000e+00,-1.3590730698333886e+00,-1.8492720351152507e+00,-1.3590730698333862e+00,1.5581609141260183e-01,-1.9724365967663027e-01,1.5581609141260189e-01
2.6150436489567765e+03,1,1.0000000000000000e+00,1.3590730698333886e+00,1.8492720351152507e+00,1.3590730698333862e+00,-1.5581609141260183e-01,1.9724365967663027e-01,-1.5581609141260189e-01

2.6209425725775063e+03,0,1.0000000000000000e+00,-1.9815167542584922e-01,-2.4872867462848829e+00,-1.9815167542584700e-01,2.2332042274908012e-01,-3.7999116183791704e-03,2.2332042274908004e-01
2.6209425725775063e+03,1,1.0000000000000000e+00,1.9815167542584922e-01,2.4872867462848829e+00,1.9815167542584700e-01,-2.2332042274908012e-01,3.7999116183791704e-03,-2.2332042274908004e-01

2.6263641602074340e+03,0,1.0000000000000000e+00,9.5799794559220253e-01,-1.9073089153315830e+00,9.5799794559220386e-01,1.8321538331412066e-01,2.1583193728400343e-01,1.8321538331412041e-01
2.6263641602074340e+03,1,1.0000000000000000e+00,-9.5799794559220253e-01,1.9073089153315830e+00,-9.5799794559220386e-01,-1.8321538331412066e-01,-2.1583193728400343e-01,-1.8321538331412041e-01

2.6316328045145292e+03,0,1.0000000000000000e+00,1.5724035727901704e+00,-3.5976299375687826e-01,1.5724035727901704e+00,3.5891723095341693e-02,3.4552349166711288e-01,3.5891723095341471e-02
2.6316328045145292e+03,1,1.0000000000000000e+00,-1.5724035727901704e+00,3.5976299375687826e-01,-1.5724035727901704e+00,-3.5891723095341693e-02,-3.4552349166711288e-01,-3.5891723095341471e-02

2.6367900398464853e+03,0,1.0000000000000000e+00,1.3056150857598559e+00,1.3551674888231768e+00,1.3056150857598545e+00,-1.3297101402144740e-01,2.8799980597315278e-01,-1.3297101402144754e-01
2.6367900398464853e+03,1,1.0000000000000000e+00,-1.3056150857598559e+00,-1.3551674888231768e+00,-1.3056150857598545e+00,1.3297101402144740e-01,-2.8799980597315278e-01,1.3297101402144754e-01

2.6422591195081623e+03,0,1.0000000000000000e+00,2.7890767975915209e-01,2.4034051813320048e+00,2.7890767975915032e-01,-2.2176662626549082e-01,8.3252737749023253e-02,-2.2176662626549076e-01
2.6422591195081623e+03,1,1.0000000000000000e+00,-2.7890767975915209e-01,-2.4034051813320048e+00,-2.7890767975915032e-01,2.2176662626549082e-01,-8.3252737749023253e-02,2.2176662626549076e-01

2.6480070748116859e+03,0,1.0000000000000000e+00,-9.6056062523954622e-01,2.2296080030586687e+00,-9.6056062523954755e-01,-1.9191770068829472e-01,-1.3358203717431877e-01,-1.9191770068829456e-01
2.6480070748116859e+03,1,1.0000000000000000e+00,9.6056062523954622e-01,-2.2296080030586687e+00,9.6056062523954755e-01,1.9191770068829472e-01,1.3358203717431877e-01,1.9191770068829456e-01

2.6542827682615462e+03,0,1.0000000000000000e+00,-1.8242769616122381e+00,9.0181532895056193e-01,-1.8242769616122381e+00,-7.4156069316180684e-02,-2.6823767266986742e-01,-7.4156069316180434e-02
2.6542827682615462e+03,1,1.0000000000000000e+00,1.8242769616122381e+00,-9.0181532895056193e-01,1.8242769616122381e+00,7.4156069316180684e-02,2.6823767266986742e-01,7.4156069316180434e-02

2.6605118433437856e+03,0,1.0000000000000000e+00,-1.8393637953129929e+00,-8.4521724250109465e-01,-1.8393637953129913e+00,6.9447804816388209e-02,-2.7048287332569521e-01,6.9447804816388375e-02
2.6605118433437856e+03,1,1.0000000000000000e+00,1.8393637953129929e+00,8.4521724250109465e-01,1.8393637953129913e+00,-6.9447804816388209e-02,2.7048287332569521e-01,-6.9447804816388375e-02

2.6666283458680950e+03,0,1.0000000000000000e+00,-1.0304971245466641e+00,-2.1781642795686045e+00,-1.0304971245466619e+00,1.8678200955282426e-01,-1.4495235522746805e-01,1.8678200955282426e-01
2.6666283458680950e+03,1,1.0000000000000000e+00,1.0304971245466641e+00,2.1781642795686045e+00,1.0304971245466619e+00,-1.8678200955282426e-01,1.4495235522746805e-01,-1.8678200955282426e-01

2.6724419906240346e+03,0,1.0000000000000000e+00,2.1137290564335731e-01,-2.4267659501555650e+00,2.1137290564335953e-01,2.2304750275187657e-01,7.0637253820433593e-02,2.2304750275187635e-01
2.6724419906240346e+03,1,1.0000000000000000e+00,-2.1137290564335731e-01,2.4267659501555650e+00,-2.1137290564335953e-01,-2.2304750275187657e-01,-7.0637253820433593e-02,-2.2304750275187635e-01

2.6777479096023185e+03,0,1.0000000000000000e+00,1.2406475701085258e+00,-1.4864382713871840e+00,1.2406475701085264e+00,1.4526874799625966e-01,2.7427761765113456e-01,1.4526874799625927e-01
2.6777479096023185e+03,1,1.0000000000000000e+00,-1.2406475701085258e+00,1.4864382713871840e+00,-1.2406475701085264e+00,-1.4526874799625966e-01,-2.7427761765113456e-01,-1.4526874799625927e-01

2.6829727128052764e+03,0,1.0000000000000000e+00,1.5839816660443629e+00,2.2128123751523265e-01,1.5839816660443617e+00,-2.2092161333058802e-02,3.4806356509783581e-01,-2.2092161333059135e-02
2.6829727128052764e+03,1,1.0000000000000000e+00,-1.5839816660443629e+00,-2.2128123751523265e-01,-1.5839816660443617e+00,2.2092161333058802e-02,-3.4806356509783581e-01,2.2092161333059135e-02

2.6881421547391537e+03,0,1.0000000000000000e+00,1.0469045705715110e+00,1.7951758231258330e+00,1.0469045705715088e+00,-1.7337569479885087e-01,2.3399939000925604e-01,-1.7337569479885101e-01
2.6881421547391537e+03,1,1.0000000000000000e+00,-1.0469045705715110e+00,-1.7951758231258330e+00,-1.0469045705715088e+00,1.7337569479885087e-01,-2.3399939000925604e-01,1.7337569479885101e-01

2.6938186304680048e+03,0,1.0000000000000000e+00,-1.4368353583349425e-01,2.4870326875088797e+00,-1.4368353583349691e-01,-2.2398692342418852e-01,5.9012578818475880e-03,-2.2398692342418838e-01
2.6938186304680048e+03,1,1.0000000000000000e+00,1.4368353583349425e-01,-2.4870326875088797e+00,1.4368353583349691e-01,2.2398692342418852e-01,-5.9012578818475880e-03,2.2398692342418838e-01

2.6997526021055050e+03,0,1.0000000000000000e+00,-1.3262032490656528e+00,1.8898573552074136e+00,-1.3262032490656541e+00,-1.5951373835664637e-01,-1.9209474492067496e-01,-1.5951373835664609e-01
2.6997526021055050e+03,1,1.0000000000000000e+00,1.3262032490656528e+00,-1.8898573552074136e+00,1.3262032490656541e+00,1.5951373835664637e-01,1.9209474492067496e-01,1.5951373835664609e-01

2.7060235049336666e+03,0,1.0000000000000000e+00,-1.9290527217110700e+00,3.2858314010515666e-01,-1.9290527217110691e+00,-2.6873615492375574e-02,-2.8375827337792114e-01,-2.6873615492375269e-02
2.7060235049336666e+03,1,1.0000000000000000e+00,1.9290527217110700e+00,-3.2858314010515666e-01,1.9290527217110691e+00,2.6873615492375574e-02,2.8375827337792114e-01,2.6873615492375269e-02

2.7122188665042636e+03,0,1.0000000000000000e+00,-1.6526129571288606e+00,-1.3692613008322676e+00,-1.6526129571288584e+00,1.1360317352667926e-01,-2.4244179839086200e-01,1.1360317352667940e-01
2.7122188665042636e+03,1,1.0000000000000000e+00,1.6526129571288606e+00,1.3692613008322676e+00,1.6526129571288584e+00,-1.1360317352667926e-01,2.4244179839086200e-01,-1.1360317352667940e-01

2.7183960932306541e+03,0,1.0000000000000000e+00,-6.1138280720872507e-01,-2.4111227062154041e+00,-6.1138280720872240e-01,2.1154302050446189e-01,-7.5498862428296704e-02,2.1154302050446183e-01
2.7183960932306541e+03,1,1.0000000000000000e+00,6.1138280720872507e-01,2.4111227062154041e+00,6.1138280720872240e-01,-2.1154302050446189e-01,7.5498862428296704e-02,-2.1154302050446183e-01

2.7239439729369519e+03,0,1.0000000000000000e+00,6.0915722765628932e-01,-2.2281089695364149e+00,6.0915722765629043e-01,2.0961123599909373e-01,1.4639604922704635e-01,2.0961123599909343e-01
2.7239439729369519e+03,1,1.0000000000000000e+00,-6.0915722765628932e-01,2.2281089695364149e+00,-6.0915722765629043e-01,-2.0961123599909373e-01,-1.4639604922704635e-01,-2.0961123599909343e-01

2.7291737926069236e+03,0,1.0000000000000000e+00,1.4530165826696291e+00,-9.6341697347000776e-01,1.4530165826696286e+00,9.5400166730339131e-02,3.1954538727922221e-01,9.5400166730338784e-02
2.7291737926069236e+03,1,1.0000000000000000e+00,-1.4530165826696291e+00,9.6341697347000776e-01,-1.4530165826696286e+00,-9.5400166730339131e-02,-3.1954538727922221e-01,-9.5400166730338784e-02

2.7342556917426841e+03,0,1.0000000000000000e+00,1.5041202033659464e+00,7.7018148498377759e-01,1.5041202033659447e+00,-7.6509102783906296e-02,3.3061785289662932e-01,-7.6509102783906505e-02
2.7342556917426841e+03,1,1.0000000000000000e+00,-1.5041202033659464e+00,-7.7018148498377759e-01,-1.5041202033659447e+00,7.6509102783906296e-02,-3.3061785289662932e-01,7.6509102783906505e-02

2.7394714264582349e+03,0,1.0000000000000000e+00,7.3440576466878149e-01,2.1315717484546095e+00,7.3440576466877916e-01,-2.0202740442841655e-01,1.7099399933984186e-01,-2.0202740442841655e-01
2.7394714264582349e+03,1,1.0000000000000000e+00,-7.3440576466878149e-01,-2.1315717484546095e+00,-7.3440576466877916e-01,2.0202740442841655e-01,-1.7099399933984186e-01,2.0202740442841655e-01

2.7452249295938445e+03,0,1.0000000000000000e+00,-5.2552611296979335e-01,2.4385815980753831e+00,-5.2552611296979479e-01,-2.1497117937291724e-01,-6.0872568664644994e-02,-2.1497117937291699e-01
2.7452249295938445e+03,1,1.0000000000000000e+00,5.2552611296979335e-01,-2.4385815980753831e+00,5.2552611296979479e-01,2.1497117937291724e-01,6.0872568664644994e-02,2.1497117937291699e-01

2.7512476796491892e+03,0,1.0000000000000000e+00,-1.5861426501538389e+00,1.5015330360911465e+00,-1.5861426501538383e+00,-1.2501116945673110e-01,-2.3232871625812765e-01,-1.2501116945673074e-01
2.7512476796491892e+03,1,1.0000000000000000e+00,1.5861426501538389e+00,-1.5015330360911465e+00,1.5861426501538383e+00,1.2501116945673110e-01,2.3232871625812765e-01,1.2501116945673074e-01

2.7575234162826846e+03,0,1.0000000000000000e+00,-1.9392174139808709e+00,-1.9294914351988157e-01,-1.9392174139808682e+00,1.5772354822321755e-02,-2.8525508289570989e-01,1.5772354822322060e-02
2.7575234162826846e+03,1,1.0000000000000000e+00,1.9392174139808709e+00,1.9294914351988157e-01,1.9392174139808682e+00,-1.5772354822321755e-02,2.8525508289570989e-01,-1.5772354822322060e-02

2.7635842773143759e+03,0,1.0000000000000000e+00,-1.4315075359853533e+00,-1.7522237369983895e+00,-1.4315075359853497e+00,1.4707412940554640e-01,-2.0852709356079788e-01,1.4707412940554637e-01
2.7635842773143759e+03,1,1.0000000000000000e+00,1.4315075359853533e+00,1.7522237369983895e+00,1.4315075359853497e+00,-1.4707412940554640e-01,2.0852709356079788e-01,-1.4707412940554637e-01

2.7695160129814562e+03,0,1.0000000000000000e+00,-2.9725146220568099e-01,-2.4816853032698605e+00,-2.9725146220567744e-01,2.2157685426078150e-01,-2.1298007153440213e-02,2.2157685426078116e-01
2.7695160129814562e+03,1,1.0000000000000000e+00,2.9725146220568099e-01,2.4816853032698605e+00,2.9725146220567744e-01,-2.2157685426078150e-01,2.1298007153440213e-02,-2.2157685426078116e-01

2.7749914614159975e+03,0,1.0000000000000000e+00,8.8487355595476713e-01,-1.9889292378451615e+00,8.8487355595476802e-01,1.9021499565842676e-01,2.0103518631947259e-01,1.9021499565842620e-01
2.7749914614159975e+03,1,1.0000000000000000e+00,-8.8487355595476713e-01,1.9889292378451615e+00,-8.8487355595476802e-01,-1.9021499565842676e-01,-2.0103518631947259e-01,-1.9021499565842620e-01

2.7802963739838347e+03,0,1.0000000000000000e+00,1.5574909906569840e+00,-4.8195941223832195e-01,1.5574909906569823e+00,4.8037664066168217e-02,3.4225731345558952e-01,4.8037664066167662e-02
2.7802963739838347e+03,1,1.0000000000000000e+00,-1.5574909906569840e+00,4.8195941223832195e-01,-1.5574909906569823e+00,-4.8037664066168217e-02,-3.4225731345558952e-01,-4.8037664066167662e-02

2.7854845882557165e+03,0,1.0000000000000000e+00,1.3472866874073681e+00,1.2603241626231627e+00,1.3472866874073643e+00,-1.2398386759082944e-01,2.9685962621781031e-01,-1.2398386759082966e-01
2.7854845882557165e+03,1,1.0000000000000000e+00,-1.3472866874073681e+00,-1.2603241626231627e+00,-1.3472866874073643e+00,1.2398386759082944e-01,-2.9685962621781031e-01,1.2398386759082966e-01

2.7908924778150667e+03,0,1.0000000000000000e+00,3.6399394862060586e-01,2.3682235703457639e+00,3.6399394862060197e-01,-2.1960532769558547e-01,9.9288390499192219e-02,-2.1960532769558527e-01
2.7908924778150667e+03,1,1.0000000000000000e+00,-3.6399394862060586e-01,-2.3682235703457639e+00,-3.6399394862060197e-01,2.1960532769558547e-01,-9.9288390499192219e-02,2.1960532769558527e-01

2.7965837077593656e+03,0,1.0000000000000000e+00,-8.7441041622050042e-01,2.2855739408365916e+00,-8.7441041622050208e-01,-1.9765744069852803e-01,-1.1945670925405197e-01,-1.9765744069852753e-01
2.7965837077593656e+03,1,1.0000000000000000e+00,8.7441041622050042e-01,-2.2855739408365916e+00,8.7441041622050208e-01,1.9765744069852803e-01,1.1945670925405197e-01,1.9765744069852753e-01

2.8026537482891085e+03,0,1.0000000000000000e+00,-1.7715780528427234e+00,1.0731193257690022e+00,-1.7715780528427221e+00,-8.8483649113221402e-02,-2.6036751353634280e-01,-8.8483649113220916e-02
2.8026537482891085e+03,1,1.0000000000000000e+00,1.7715780528427234e+00,-1.0731193257690022e+00,1.7715780528427221e+00,8.8483649113221402e-02,2.6036751353634280e-01,8.8483649113220916e-02

2.8090441272438447e+03,0,1.0000000000000000e+00,-1.8704817764725439e+00,-7.1245977713677555e-01,-1.8704817764725399e+00,5.8445666822741188e-02,-2.7510276028641628e-01,5.8445666822741396e-02
2.8090441272438447e+03,1,1.0000000000000000e+00,1.8704817764725439e+00,7.1245977713677555e-01,1.8704817764725399e+00,-5.8445666822741188e-02,2.7510276028641628e-01,-5.8445666822741396e-02

2.8151530492128782e+03,0,1.0000000000000000e+00,-1.1210000197930641e+00,-2.1029065078324871e+00,-1.1210000197930599e+00,1.7945210149528090e-01,-1.5953959972859671e-01,1.7945210149528074e-01
2.8151530492128782e+03,1,1.0000000000000000e+00,1.1210000197930641e+00,2.1029065078324871e+00,1.1210000197930599e+00,-1.7945210149528090e-01,1.5953959972859671e-01,-1.7945210149528074e-01

2.8210519749781106e+03,0,1.0000000000000000e+00,1.1992488843919280e-01,-2.4521820847998042e+00,1.1992488843919524e-01,2.2419770551603729e-01,5.3711032766928568e-02,2.2419770551603685e-01
2.8210519749781106e+03,1,1.0000000000000000e+00,-1.1992488843919280e-01,2.4521820847998042e+00,-1.1992488843919524e-01,-2.2419770551603729e-01,-5.3711032766928568e-02,-2.2419770551603685e-01

2.8264303286922545e+03,0,1.0000000000000000e+00,1.1903586785509048e+00,-1.5769473427347074e+00,1.1903586785509039e+00,1.5363897978898525e-01,2.6373084959202053e-01,1.5363897978898469e-01
2.8264303286922545e+03,1,1.0000000000000000e+00,-1.1903586785509048e+00,1.5769473427347074e+00,-1.1903586785509039e+00,-1.5363897978898525e-01,-2.6373084959202053e-01,-1.5363897978898469e-01

2.8315902868903636e+03,0,1.0000000000000000e+00,1.5900455231340007e+00,8.1312434169771297e-02,1.5900455231339976e+00,-8.1211224963720907e-03,3.4939536649164638e-01,-8.1211224963723960e-03
2.8315902868903636e+03,1,1.0000000000000000e+00,-1.5900455231340007e+00,-8.1312434169771297e-02,-1.5900455231339976e+00,8.1211224963720907e-03,-3.4939536649164638e-01,8.1211224963723960e-03

2.8366600763376528e+03,0,1.0000000000000000e+00,1.1310578059432905e+00,1.6735729611779224e+00,1.1310578059432868e+00,-1.6246235897566119e-01,2.5137731586071049e-01,-1.6246235897566116e-01
2.8366600763376528e+03,1,1.0000000000000000e+00,-1.1310578059432905e+00,-1.6735729611779224e+00,-1.1310578059432868e+00,1.6246235897566119e-01,-2.5137731586071049e-01,1.6246235897566116e-01

2.8422057811974109e+03,0,1.0000000000000000e+00,-1.8854545968429726e-03,2.4752652073615380e+00,-1.8854545968458591e-03,-2.2473315709431607e-01,3.1439719629375806e-02,-2.2473315709431574e-01
2.8422057811974109e+03,1,1.0000000000000000e+00,1.8854545968429726e-03,-2.4752652073615380e+00,1.8854545968458591e-03,2.2473315709431607e-01,-3.1439719629375806e-02,2.2473315709431574e-01

2.8479750817795002e+03,0,1.0000000000000000e+00,-1.1937506695685440e+00,2.0346283671948964e+00,-1.1937506695685443e+00,-1.7294989968024466e-01,-1.7116314130578772e-01,-1.7294989968024416e-01
2.8479750817795002e+03,1,1.0000000000000000e+00,1.1937506695685440e+00,-2.0346283671948964e+00,1.1937506695685443e+00,1.7294989968024466e-01,1.7116314130578772e-01,1.7294989968024416e-01

2.8542476930246130e+03,0,1.0000000000000000e+00,-1.9003814150842491e+00,5.5253036518654319e-01,-1.9003814150842466e+00,-4.5256222680190139e-02,-2.7952780692931467e-01,-4.5256222680189695e-02
2.8542476930246130e+03,1,1.0000000000000000e+00,1.9003814150842491e+00,-5.5253036518654319e-01,1.9003814150842466e+00,4.5256222680190139e-02,2.7952780692931467e-01,4.5256222680189695e-02

2.8605193061038017e+03,0,1.0000000000000000e+00,-1.7287966524591716e+00,-1.1908582720403584e+00,-1.7287966524591671e+00,9.8410222403054692e-02,-2.5394673139010832e-01,9.8410222403054859e-02
2.8605193061038017e+03,1,1.0000000000000000e+00,1.7287966524591716e+00,1.1908582720403584e+00,1.7287966524591671e+00,-9.8410222403054692e-02,2.5394673139010832e-01,-9.8410222403054859e-02

2.8666203168815482e+03,0,1.0000000000000000e+00,-7.7637274709506243e-01,-2.3400127046326205e+00,-7.7637274709505799e-01,2.0345079905256269e-01,-1.0322030529970344e-01,2.0345079905256247e-01
2.8666203168815482e+03,1,1.0000000000000000e+00,7.7637274709506243e-01,2.3400127046326205e+00,7.7637274709505799e-01,-2.0345079905256269e-01,1.0322030529970344e-01,-2.0345079905256247e-01

2.8723607793765523e+03,0,1.0000000000000000e+00,4.8109761487724156e-01,-2.3088002850368490e+00,4.8109761487724312e-01,2.1556807523565036e-01,1.2162033478006784e-01,2.1556807523564983e-01
2.8723607793765523e+03,1,1.0000000000000000e+00,-4.8109761487724156e-01,2.3088002850368490e+00,-4.8109761487724312e-01,-2.1556807523565036e-01,-1.2162033478006784e-01,-2.1556807523564983e-01

2.8776161473309676e+03,0,1.0000000000000000e+00,1.3929441746894915e+00,-1.1439987993234439e+00,1.3929441746894899e+00,1.1285940048832770e-01,3.0661951544208454e-01,1.1285940048832720e-01
2.8776161473309676e+03,1,1.0000000000000000e+00,-1.3929441746894915e+00,1.1439987993234439e+00,-1.3929441746894899e+00,-1.1285940048832770e-01,-3.0661951544208454e-01,-1.1285940048832720e-01

2.8827070105632865e+03,0,1.0000000000000000e+00,1.5422488389979008e+00,5.8008913163241083e-01,1.5422488389978972e+00,-5.7763187315073003e-02,3.3892526040213627e-01,-5.7763187315073308e-02
2.8827070105632865e+03,1,1.0000000000000000e+00,-1.5422488389979008e+00,-5.8008913163241083e-01,-1.5422488389978972e+00,5.7763187315073003e-02,-3.3892526040213627e-01,5.7763187315073308e-02

2.8879001556553735e+03,0,1.0000000000000000e+00,8.5107650888444031e-01,2.0237749937916631e+00,8.5107650888443653e-01,-1.9315465787629454e-01,1.9424025720605853e-01,-1.9315465787629438e-01
2.8879001556553735e+03,1,1.0000000000000000e+00,-8.5107650888444031e-01,-2.0237749937916631e+00,-8.5107650888443653e-01,1.9315465787629454e-01,-1.9424025720605853e-01,1.9315465787629438e-01

2.8936245695268931e+03,0,1.0000000000000000e+00,-3.9101841197616505e-01,2.4691332414294345e+00,-3.9101841197616727e-01,-2.1930079102521832e-01,-3.7676009847174591e-02,-2.1930079102521782e-01
2.8936245695268931e+03,1,1.0000000000000000e+00,3.9101841197616505e-01,-2.4691332414294345e+00,3.9101841197616727e-01,2.1930079102521832e-01,3.7676009847174591e-02,2.1930079102521782e-01

2.8996187917515367e+03,0,1.0000000000000000e+00,-1.5009980881949458e+00,1.6478612353985134e+00,-1.5009980881949450e+00,-1.3780856921235424e-01,-2.1927109035641840e-01,-1.3780856921235371e-01
2.8996187917515367e+03,1,1.0000000000000000e+00,1.5009980881949458e+00,-1.6478612353985134e+00,1.5009980881949450e+00,1.3780856921235424e-01,2.1927109035641840e-01,1.3780856921235371e-01

2.9058997918419814e+03,0,1.0000000000000000e+00,-1.9445311322895265e+00,-9.3603404848794369e-03,-1.9445311322895227e+00,7.6493870659483099e-04,-2.8603693569592992e-01,7.6493870659513630e-04
2.9058997918419814e+03,1,1.0000000000000000e+00,1.9445311322895265e+00,9.3603404848794369e-03,1.9445311322895227e+00,-7.6493870659483099e-04,2.8603693569592992e-01,-7.6493870659513630e-04

2.9119866091922186e+03,0,1.0000000000000000e+00,-1.5185781027632428e+00,-1.6194587324729122e+00,-1.5185781027632381e+00,1.3530812023672123e-01,-2.2197670901940991e-01,1.3530812023672115e-01
2.9119866091922186e+03,1,1.0000000000000000e+00,1.5185781027632428e+00,1.6194587324729122e+00,1.5185781027632381e+00,-1.3530812023672123e-01,2.2197670901940991e-01,-1.3530812023672115e-01

2.9179659496895420e+03,0,1.0000000000000000e+00,-4.2244978910751740e-01,-2.4633303812796186e+00,-4.2244978910751430e-01,2.1840172457806370e-01,-4.3127688840038647e-02,2.1840172457806323e-01
2.9179659496895420e+03,1,1.0000000000000000e+00,4.2244978910751740e-01,2.4633303812796186e+00,4.2244978910751430e-01,-2.1840172457806370e-01,4.3127688840038647e-02,-2.1840172457806323e-01

2.9235142119508196e+03,0,1.0000000000000000e+00,7.8850188037591473e-01,-2.0838929428519668e+00,7.8850188037591473e-01,1.9814778612190506e-01,1.8173211371757567e-01,1.9814778612190445e-01
2.9235142119508196e+03,1,1.0000000000000000e+00,-7.8850188037591473e-01,2.0838929428519668e+00,-7.8850188037591473e-01,-1.9814778612190506e-01,-1.8173211371757567e-01,-1.9814778612190445e-01

2.9287650393280996e+03,0,1.0000000000000000e+00,1.5259630706641114e+00,-6.6846169153039625e-01,1.5259630706641083e+00,6.6495150489509658e-02,3.3537209097377874e-01,6.6495150489509214e-02
2.9287650393280996e+03,1,1.0000000000000000e+00,-1.5259630706641114e+00,6.6846169153039625e-01,-1.5259630706641083e+00,-6.6495150489509658e-02,-3.3537209097377874e-01,-6.6495150489509214e-02

2.9338887291318333e+03,0,1.0000000000000000e+00,1.4180380915644519e+00,1.0730798084515498e+00,1.4180380915644479e+00,-1.0602817607067236e-01,3.1200726856051680e-01,-1.0602817607067230e-01
2.9338887291318333e+03,1,1.0000000000000000e+00,-1.4180380915644519e+00,-1.0730798084515498e+00,-1.4180380915644479e+00,1.0602817607067236e-01,-3.1200726856051680e-01,1.0602817607067230e-01

2.9391978310405520e+03,0,1.0000000000000000e+00,5.1879856712588246e-01,2.2868158228256386e+00,5.1879856712588002e-01,-2.1398944296337602e-01,1.2887553413319458e-01,-2.1398944296337560e-01
2.9391978310405520e+03,1,1.0000000000000000e+00,-5.1879856712588246e-01,-2.2868158228256386e+00,-5.1879856712588002e-01,2.1398944296337602e-01,-1.2887553413319458e-01,2.1398944296337560e-01

2.9447939672852817e+03,0,1.0000000000000000e+00,-7.1073798852169612e-01,2.3712808707380395e+00,-7.1073798852169590e-01,-2.0691242324116235e-01,-9.2252583147740458e-02,-2.0691242324116182e-01
2.9447939672852817e+03,1,1.0000000000000000e+00,7.1073798852169612e-01,-2.3712808707380395e+00,7.1073798852169590e-01,2.0691242324116235e-01,9.2252583147740458e-02,2.0691242324116182e-01

2.9507819202972473e+03,0,1.0000000000000000e+00,-1.6841927274036887e+00,1.2993613331826939e+00,-1.6841927274036852e+00,-1.0762634835213289e-01,-2.4722192672903270e-01,-1.0762634835213250e-01
2.9507819202972473e+03,1,1.0000000000000000e+00,1.6841927274036887e+00,-1.2993613331826939e+00,1.6841927274036852e+00,1.0762634835213289e-01,2.4722192672903270e-01,1.0762634835213250e-01

2.9571406023787695e+03,0,1.0000000000000000e+00,-1.9146547689767612e+00,-4.5548216872146008e-01,-1.9146547689767563e+00,3.7279848845604258e-02,-2.8163540961410666e-01,3.7279848845604313e-02
2.9571406023787695e+03,1,1.0000000000000000e+00,1.9146547689767612e+00,4.5548216872146008e-01,1.9146547689767563e+00,-3.7279848845604258e-02,2.8163540961410666e-01,-3.7279848845604313e-02

2.9632535413834198e+03,0,1.0000000000000000e+00,-1.2790756017189164e+00,-1.9446530537302571e+00,-1.2790756017189122e+00,1.6455067910118160e-01,-1.8468095678412236e-01,1.6455067910118129e-01
2.9632535413834198e+03,1,1.0000000000000000e+00,1.2790756017189164e+00,1.9446530537302571e+00,1.2790756017189122e+00,-1.6455067910118160e-01,1.8468095678412236e-01,-1.6455067910118129e-01

2.9691951757361608e+03,0,1.0000000000000000e+00,-7.6737317908748715e-02,-2.4834823139060682e+00,-7.6737317908747382e-02,2.2451902947564970e-01,1.7907223543939838e-02,2.2451902947564914e-01
2.9691951757361608e+03,1,1.0000000000000000e+00,7.6737317908748715e-02,2.4834823139060682e+00,7.6737317908747382e-02,-2.2451902947564970e-01,-1.7907223543939838e-02,-2.2451902947564914e-01

2.9746250762466771e+03,0,1.0000000000000000e+00,1.0558780538582917e+00,-1.7829787697513289e+00,1.0558780538582899e+00,1.7229168201497846e-01,2.3584397306560984e-01,1.7229168201497794e-01
2.9746250762466771e+03,1,1.0000000000000000e+00,-1.0558780538582917e+00,1.7829787697513289e+00,-1.0558780538582899e+00,-1.7229168201497846e-01,-2.3584397306560984e-01,-1.7229168201497794e-01

2.9799198851479464e+03,0,1.0000000000000000e+00,1.5873521439593139e+00,-1.5950513546886658e-01,1.5873521439593101e+00,1.5927963740735823e-02,3.4880369590640692e-01,1.5927963740735629e-02
2.9799198851479464e+03,1,1.0000000000000000e+00,-1.5873521439593139e+00,1.5950513546886658e-01,-1.5873521439593101e+00,-1.5927963740735823e-02,-3.4880369590640692e-01,-1.5927963740735629e-02

2.9851094170407982e+03,0,1.0000000000000000e+00,1.2197617503507092e+00,1.5250793855604277e+00,1.2197617503507054e+00,-1.4885392301245265e-01,2.6988945750383930e-01,-1.4885392301245240e-01
2.9851094170407982e+03,1,1.0000000000000000e+00,-1.2197617503507092e+00,-1.5250793855604277e+00,-1.2197617503507054e+00,1.4885392301245265e-01,-2.6988945750383930e-01,1.4885392301245240e-01

2.9906449310156354e+03,0,1.0000000000000000e+00,1.2827022406069921e-01,2.4501538373011389e+00,1.2827022406069788e-01,-2.2411987663635971e-01,5.5248291862254273e-02,-2.2411987663635913e-01
2.9906449310156354e+03,1,1.0000000000000000e+00,-1.2827022406069921e-01,-2.4501538373011389e+00,-1.2827022406069788e-01,2.2411987663635971e-01,-5.5248291862254273e-02,2.2411987663635913e-01

2.9964377677972202e+03,0,1.0000000000000000e+00,-1.0951246290726429e+00,2.1254743949547166e+00,-1.0951246290726409e+00,-1.8163031627363180e-01,-1.5538350195734468e-01,-1.8163031627363124e-01
2.9964377677972202e+03,1,1.0000000000000000e+00,1.0951246290726429e+00,-2.1254743949547166e+00,1.0951246290726409e+00,1.8163031627363180e-01,1.5538350195734468e-01,1.8163031627363124e-01

3.0027392991900701e+03,0,1.0000000000000000e+00,-1.8733349790916023e+00,6.9888924700525723e-01,-1.8733349790915974e+00,-5.7323983649955224e-02,-2.7552561422517435e-01,-5.7323983649954946e-02
3.0027392991900701e+03,1,1.0000000000000000e+00,1.8733349790916023e+00,-6.9888924700525723e-01,1.8733349790915974e+00,5.7323983649955224e-02,2.7552561422517435e-01,5.7323983649954946e-02

3.0089383058768108e+03,0,1.0000000000000000e+00,-1.7839287584910046e+00,-1.0359938448777972e+00,-1.7839287584909991e+00,8.5367773909950234e-02,-2.6221585138087650e-01,8.5367773909950095e-02
3.0089383058768108e+03,1,1.0000000000000000e+00,1.7839287584910046e+00,1.0359938448777972e+00,1.7839287584909991e+00,-8.5367773909950234e-02,2.6221585138087650e-01,-8.5367773909950095e-02

3.0149928667843101e+03,0,1.0000000000000000e+00,-9.0539732130657447e-01,-2.2663498686298746e+00,-9.0539732130657047e-01,1.9566497789653664e-01,-1.2455259909335328e-01,1.9566497789653611e-01
3.0149928667843101e+03,1,1.0000000000000000e+00,9.0539732130657447e-01,2.2663498686298746e+00,9.0539732130657047e-01,-1.9566497789653664e-01,1.2455259909335328e-01,-1.9566497789653611e-01

3.0207899150690941e+03,0,1.0000000000000000e+00,3.5262253347726102e-01,-2.3733053288643120e+00,3.5262253347726125e-01,2.1993062120594986e-01,9.7136081763947502e-02,2.1993062120594914e-01
3.0207899150690941e+03,1,1.0000000000000000e+00,-3.5262253347726102e-01,2.3733053288643120e+00,-3.5262253347726125e-01,-2.1993062120594986e-01,-9.7136081763947502e-02,-2.1993062120594914e-01

3.0260893458632677e+03,0,1.0000000000000000e+00,1.3270640111698511e+00,-1.3075385258405805e+00,1.3270640111698477e+00,1.2846773245164550e-01,2.9255437096966030e-01,1.2846773245164494e-01
3.0260893458632677e+03,1,1.0000000000000000e+00,-1.3270640111698511e+00,1.3075385258405805e+00,-1.3270640111698477e+00,-1.2846773245164550e-01,-2.9255437096966030e-01,-1.2846773245164494e-01

3.0312060444247659e+03,0,1.0000000000000000e+00,1.5677075070705624e+00,4.0238568318080548e-01,1.5677075070705575e+00,-4.0132140087898838e-02,3.4449429213653143e-01,-4.0132140087898893e-02
3.0312060444247659e+03,1,1.0000000000000000e+00,-1.5677075070705624e+00,-4.0238568318080548e-01,-1.5677075070705575e+00,4.0132140087898838e-02,-3.4449429213653143e-01,4.0132140087898893e-02

3.0362986044776621e+03,0,1.0000000000000000e+00,9.6759940776286568e-01,1.8959162963585494e+00,9.6759940776286180e-01,-1.8222677662940232e-01,2.1778451846598035e-01,-1.8222677662940195e-01
3.0362986044776621e+03,1,1.0000000000000000e+00,-9.6759940776286568e-01,-1.8959162963585494e+00,-9.6759940776286180e-01,1.8222677662940232e-01,-2.1778451846598035e-01,1.8222677662940195e-01

3.0418961541826320e+03,0,1.0000000000000000e+00,-2.2568769020847090e-01,2.4865162929009785e+00,-2.2568769020847190e-01,-2.2290445503048309e-01,-8.6815870943470763e-03,-2.2290445503048248e-01
3.0418961541826320e+03,1,1.0000000000000000e+00,2.2568769020847090e-01,-2.4865162929009785e+00,2.2568769020847190e-01,2.2290445503048309e-01,8.6815870943470763e-03,2.2290445503048248e-01

3.0477398979785066e+03,0,1.0000000000000000e+00,-1.3696634756846677e+00,1.8357564750716393e+00,-1.3696634756846651e+00,-1.5459048947184587e-01,-1.9889878012813475e-01,-1.5459048947184531e-01
3.0477398979785066e+03,1,1.0000000000000000e+00,1.3696634756846677e+00,-1.8357564750716393e+00,1.3696634756846651e+00,1.5459048947184587e-01,1.9889878012813475e-01,1.5459048947184531e-01

3.0540598395592779e+03,0,1.0000000000000000e+00,-1.9365722106651040e+00,2.3595994002417031e-01,-1.9365722106650987e+00,-1.9290836438157266e-02,-2.8486571215113521e-01,-1.9290836438157044e-02
3.0540598395592779e+03,1,1.0000000000000000e+00,1.9365722106651040e+00,-2.3595994002417031e-01,1.9365722106650987e+00,1.9290836438157266e-02,2.8486571215113521e-01,1.9290836438157044e-02

3.0602743325472170e+03,0,1.0000000000000000e+00,-1.6122049588974625e+00,-1.4518266033210097e+00,-1.6122049588974572e+00,1.2070800586687416e-01,-2.3630233257770927e-01,1.2070800586687389e-01
3.0602743325472170e+03,1,1.0000000000000000e+00,1.6122049588974625e+00,1.4518266033210097e+00,1.6122049588974572e+00,-1.2070800586687416e-01,2.3630233257770927e-01,-1.2070800586687389e-01

3.0664005761337071e+03,0,1.0000000000000000e+00,-5.4883096340609394e-01,-2.4317523991416938e+00,-5.4883096340609150e-01,2.1409237475200737e-01,-6.4856473057082920e-02,2.1409237475200676e-01
3.0664005761337071e+03,1,1.0000000000000000e+00,5.4883096340609394e-01,2.4317523991416938e+00,5.4883096340609150e-01,-2.1409237475200737e-01,6.4856473057082920e-02,-2.1409237475200676e-01

3.0721116125124349e+03,0,1.0000000000000000e+00,7.0372537977594840e-01,-2.1569510587099372e+00,7.0372537977594729e-01,2.0405941923177154e-01,1.6493465990586567e-01,2.0405941923177087e-01
3.0721116125124349e+03,1,1.0000000000000000e+00,-7.0372537977594840e-01,2.1569510587099372e+00,-7.0372537977594729e-01,-2.0405941923177154e-01,-1.6493465990586567e-01,-2.0405941923177087e-01

3.0774796955356023e+03,0,1.0000000000000000e+00,1.5042159510626738e+00,-7.6976760864188432e-01,1.5042159510626698e+00,7.6468446395377698e-02,3.3063866465615244e-01,7.6468446395377337e-02
3.0774796955356023e+03,1,1.0000000000000000e+00,-1.5042159510626738e+00,7.6976760864188432e-01,-1.5042159510626698e+00,-7.6468446395377698e-02,-3.3063866465615244e-01,-7.6468446395377337e-02

3.0827037882285922e+03,0,1.0000000000000000e+00,1.4390134528000524e+00,1.0090391224730815e+00,1.4390134528000480e+00,-9.9830685179901402e-02,3.1652367021036520e-01,-9.9830685179901235e-02
3.0827037882285922e+03,1,1.0000000000000000e+00,-1.4390134528000524e+00,-1.0090391224730815e+00,-1.4390134528000480e+00,9.9830685179901402e-02,-3.1652367021036520e-01,9.9830685179901235e-02

3.0881186744845281e+03,0,1.0000000000000000e+00,5.3971976372432340e-01,2.2739905435020575e+00,5.3971976372432084e-01,-2.1305178426211932e-01,1.3291553999960407e-01,-2.1305178426211877e-01
3.0881186744845281e+03,1,1.0000000000000000e+00,-5.3971976372432340e-01,-2.2739905435020575e+00,-5.3971976372432084e-01,2.1305178426211932e-01,-1.3291553999960407e-01,2.1305178426211877e-01

3.0938385042761324e+03,0,1.0000000000000000e+00,-7.1605488268050044e-01,2.3688973157340056e+00,-7.1605488268049944e-01,-2.0664410996094854e-01,-9.3143990421196116e-02,-2.0664410996094790e-01
3.0938385042761324e+03,1,1.0000000000000000e+00,7.1605488268050044e-01,-2.3688973157340056e+00,7.1605488268049944e-01,2.0664410996094854e-01,9.3143990421196116e-02,2.0664410996094790e-01

3.0998032211922200e+03,0,1.0000000000000000e+00,-1.6844592433003405e+00,1.2987489373243803e+00,-1.6844592433003363e+00,-1.0757412908454439e-01,-2.4726220141959621e-01,-1.0757412908454397e-01
3.0998032211922200e+03,1,1.0000000000000000e+00,1.6844592433003405e+00,-1.2987489373243803e+00,1.6844592433003363e+00,1.0757412908454439e-01,2.4726220141959621e-01,1.0757412908454397e-01

3.1061358617567521e+03,0,1.0000000000000000e+00,-1.9155268334661597e+00,-4.4884402066926077e-01,-1.9155268334661539e+00,3.6734886369028358e-02,-2.8176407816685856e-01,3.6734886369028302e-02
3.1061358617567521e+03,1,1.0000000000000000e+00,1.9155268334661597e+00,4.4884402066926077e-01,1.9155268334661539e+00,-3.6734886369028358e-02,2.8176407816685856e-01,-3.6734886369028302e-02

3.1122231508622826e+03,0,1.0000000000000000e+00,-1.2871531767319990e+00,-1.9355327064043280e+00,-1.2871531767319948e+00,1.6370852905863831e-01,-1.8595430485557135e-01,1.6370852905863786e-01
3.1122231508622826e+03,1,1.0000000000000000e+00,1.2871531767319990e+00,1.9355327064043280e+00,1.2871531767319948e+00,-1.6370852905863831e-01,1.8595430485557135e-01,-1.6370852905863786e-01

3.1181428209755109e+03,0,1.0000000000000000e+00,-9.2714921143613793e-02,-2.4846546166197712e+00,-9.2714921143612905e-02,2.2442101861316593e-01,1.5033539524650252e-02,2.2442101861316527e-01
3.1181428209755109e+03,1,1.0000000000000000e+00,9.2714921143613793e-02,2.4846546166197712e+00,9.2714921143612905e-02,-2.2442101861316593e-01,-1.5033539524650252e-02,-2.2442101861316527e-01

3.1235568378359012e+03,0,1.0000000000000000e+00,1.0407988455321604e+00,-1.8033772230743872e+00,1.0407988455321571e+00,1.7410316912177234e-01,2.3274545116260872e-01,1.7410316912177179e-01
3.1235568378359012e+03,1,1.0000000000000000e+00,-1.0407988455321604e+00,1.8033772230743872e+00,-1.0407988455321571e+00,-1.7410316912177234e-01,-2.3274545116260872e-01,-1.7410316912177179e-01

3.1288339645303899e+03,0,1.0000000000000000e+00,1.5854928817513572e+00,-1.9601978692494670e-01,1.5854928817513521e+00,1.9571979983881604e-02,3.4839537757865724e-01,1.9571979983881493e-02
3.1288339645303899e+03,1,1.0000000000000000e+00,-1.5854928817513572e+00,1.9601978692494670e-01,-1.5854928817513521e+00,-1.9571979983881604e-02,-3.4839537757865724e-01,-1.9571979983881493e-02

3.1340046870709475e+03,0,1.0000000000000000e+00,1.2379613944704944e+00,1.4914965477590048e+00,1.2379613944704901e+00,-1.4573901447111792e-01,2.7371261421252774e-01,-1.4573901447111748e-01
3.1340046870709475e+03,1,1.0000000000000000e+00,-1.2379613944704944e+00,-1.4914965477590048e+00,-1.2379613944704901e+00,1.4573901447111792e-01,-2.7371261421252774e-01,1.4573901447111748e-01

3.1395135846378698e+03,0,1.0000000000000000e+00,1.6189982085899080e-01,2.4413910933034479e+00,1.6189982085899080e-01,-2.2375146693627945e-01,6.1458054663506179e-02,-2.2375146693627873e-01
3.1395135846378698e+03,1,1.0000000000000000e+00,-1.6189982085899080e-01,-2.4413910933034479e+00,-1.6189982085899080e-01,2.2375146693627945e-01,-6.1458054663506179e-02,2.2375146693627873e-01

3.1452834102457864e+03,0,1.0000000000000000e+00,-1.0634456810591131e+00,2.1519432746195206e+00,-1.0634456810591093e+00,-1.8420598942280234e-01,-1.5027946353590921e-01,-1.8420598942280181e-01
3.1452834102457864e+03,1,1.0000000000000000e+00,1.0634456810591131e+00,-2.1519432746195206e+00,1.0634456810591093e+00,1.8420598942280234e-01,1.5027946353590921e-01,1.8420598942280181e-01

3.1515634806561825e+03,0,1.0000000000000000e+00,-1.8617466114575671e+00,7.5235313226738909e-01,-1.8617466114575616e+00,-6.1746107112252313e-02,-2.7380740553187510e-01,-6.1746107112252230e-02
3.1515634806561825e+03,1,1.0000000000000000e+00,1.8617466114575671e+00,-7.5235313226738909e-01,1.8617466114575616e+00,6.1746107112252313e-02,2.7380740553187510e-01,6.1746107112252230e-02

3.1579062946305116e+03,0,1.0000000000000000e+00,-1.7882400256126381e+00,-1.0226476183870401e+00,-1.7882400256126334e+00,8.4249186073762028e-02,-2.6286049429061370e-01,8.4249186073761778e-02
3.1579062946305116e+03,1,1.0000000000000000e+00,1.7882400256126381e+00,1.0226476183870401e+00,1.7882400256126334e+00,-8.4249186073762028e-02,2.6286049429061370e-01,-8.4249186073761778e-02

3.1639190910069797e+03,0,1.0000000000000000e+00,-9.2346051965722498e-01,-2.2546789721704625e+00,-9.2346051965722242e-01,1.9446653110114120e-01,-1.2751523812973617e-01,1.9446653110114068e-01
3.1639190910069797e+03,1,1.0000000000000000e+00,9.2346051965722498e-01,2.2546789721704625e+00,9.2346051965722242e-01,-1.9446653110114120e-01,1.2751523812973617e-01,-1.9446653110114068e-01

3.1696817038750951e+03,0,1.0000000000000000e+00,3.2463513089952301e-01,-2.3853093379036325e+00,3.2463513089952201e-01,2.2068284185580223e-01,9.1850943721955264e-02,2.2068284185580161e-01
3.1696817038750951e+03,1,1.0000000000000000e+00,-3.2463513089952301e-01,2.3853093379036325e+00,-3.2463513089952201e-01,-2.2068284185580223e-01,-9.1850943721955264e-02,-2.2068284185580161e-01

3.1749476704464000e+03,0,1.0000000000000000e+00,1.3060902572137079e+00,-1.3541377663599932e+00,1.3060902572137043e+00,1.3287387468477846e-01,2.8810057542398804e-01,1.3287387468477813e-01
3.1749476704464000e+03,1,1.0000000000000000e+00,-1.3060902572137079e+00,1.3541377663599932e+00,-1.3060902572137043e+00,-1.3287387468477846e-01,-2.8810057542398804e-01,-1.3287387468477813e-01

3.1801465225378706e+03,0,1.0000000000000000e+00,1.5707464683825818e+00,3.7536958981947044e-01,1.5707464683825776e+00,-3.7444818230247090e-02,3.4516024793644340e-01,-3.7444818230246979e-02
3.1801465225378706e+03,1,1.0000000000000000e+00,-1.5707464683825818e+00,-3.7536958981947044e-01,-1.5707464683825776e+00,3.7444818230247090e-02,-3.4516024793644340e-01,3.7444818230246979e-02

3.1853215510793239e+03,0,1.0000000000000000e+00,9.6684799620460404e-01,1.8968138228824092e+00,9.6684799620460138e-01,-1.8230475730374379e-01,2.1763162744010570e-01,-1.8230475730374338e-01
3.1853215510793239e+03,1,1.0000000000000000e+00,-9.6684799620460404e-01,-1.8968138228824092e+00,-9.6684799620460138e-01,1.8230475730374379e-01,-2.1763162744010570e-01,1.8230475730374338e-01

3.1910155173550161e+03,0,1.0000000000000000e+00,-2.4807964809120209e-01,2.4854443184403054e+00,-2.4807964809120187e-01,-2.2252726438370074e-01,-1.2640140357228130e-02,-2.2252726438370016e-01
3.1910155173550161e+03,1,1.0000000000000000e+00,2.4807964809120209e-01,-2.4854443184403054e+00,2.4807964809120187e-01,2.2252726438370074e-01,1.2640140357228130e-02,2.2252726438370016e-01

3.1969739651355148e+03,0,1.0000000000000000e+00,-1.4025180693917685e+00,1.7923908630614380e+00,-1.4025180693917649e+00,-1.5067630227647349e-01,-2.0402165597483896e-01,-1.5067630227647308e-01
3.1969739651355148e+03,1,1.0000000000000000e+00,1.4025180693917685e+00,-1.7923908630614380e+00,1.4025180693917649e+00,1.5067630227647349e-01,2.0402165597483896e-01,1.5067630227647308e-01

3.2032499174012519e+03,0,1.0000000000000000e+00,-1.9395339206489313e+00,1.8713682066100823e-01,-1.9395339206489259e+00,-1.5296985659413981e-02,-2.8530166519853195e-01,-1.5296985659413925e-02
3.2032499174012519e+03,1,1.0000000000000000e+00,1.9395339206489313e+00,-1.8713682066100823e-01,1.9395339206489259e+00,1.5296985659413981e-02,2.8530166519853195e-01,1.5296985659413925e-02

3.2094011965664317e+03,0,1.0000000000000000e+00,-1.5990447896954139e+00,-1.4772487488427017e+00,-1.5990447896954094e+00,1.2290628419443486e-01,-2.3429720943114191e-01,1.2290628419443456e-01
3.2094011965664317e+03,1,1.0000000000000000e+00,1.5990447896954139e+00,1.4772487488427017e+00,1.5990447896954094e+00,-1.2290628419443486e-01,2.3429720943114191e-01,-1.2290628419443456e-01

3.2155205328997322e+03,0,1.0000000000000000e+00,-5.2713752542866099e-01,-2.4381242034900841e+00,-5.2713752542865899e-01,2.1491164680476768e-01,-6.1148366964292128e-02,2.1491164680476710e-01
3.2155205328997322e+03,1,1.0000000000000000e+00,5.2713752542866099e-01,2.4381242034900841e+00,5.2713752542865899e-01,-2.1491164680476768e-01,6.1148366964292128e-02,-2.1491164680476710e-01

3.2212202787840511e+03,0,1.0000000000000000e+00,7.2200505737374931e-01,-2.1419707969326325e+00,7.2200505737374776e-01,2.0286297173723281e-01,1.6854220624809554e-01,2.0286297173723222e-01
3.2212202787840511e+03,1,1.0000000000000000e+00,-7.2200505737374931e-01,2.1419707969326325e+00,-7.2200505737374776e-01,-2.0286297173723281e-01,-1.6854220624809554e-01,-2.0286297173723222e-01

3.2266077073001202e+03,0,1.0000000000000000e+00,1.5123713037588429e+00,-7.3356832935191285e-01,1.5123713037588389e+00,7.2909593022037866e-02,3.3241223034038514e-01,7.2909593022037616e-02
3.2266077073001202e+03,1,1.0000000000000000e+00,-1.5123713037588429e+00,7.3356832935191285e-01,-1.5123713037588389e+00,-7.2909593022037866e-02,-3.3241223034038514e-01,-7.2909593022037616e-02

3.2317865641820590e+03,0,1.0000000000000000e+00,1.4325664329638372e+00,1.0292371432917495e+00,1.4325664329638332e+00,-1.0178814800784730e-01,3.1513424680879626e-01,-1.0178814800784713e-01
3.2317865641820590e+03,1,1.0000000000000000e+00,-1.4325664329638372e+00,-1.0292371432917495e+00,-1.4325664329638332e+00,1.0178814800784730e-01,-3.1513424680879626e-01,1.0178814800784713e-01

3.2371526637120560e+03,0,1.0000000000000000e+00,5.3648766036238515e-01,2.2760015023531670e+00,5.3648766036238349e-01,-2.1319956533516643e-01,1.3229075106845156e-01,-2.1319956533516593e-01
3.2371526637120560e+03,1,1.0000000000000000e+00,-5.3648766036238515e-01,-2.2760015023531670e+00,-5.3648766036238349e-01,2.1319956533516643e-01,-1.3229075106845156e-01,2.1319956533516593e-01

3.2428160126873295e+03,0,1.0000000000000000e+00,-7.0750835830623116e-01,2.3727160229830768e+00,-7.0750835830622971e-01,-2.0707437360729847e-01,-9.1710863289718947e-02,-2.0707437360729791e-01
3.2428160126873295e+03,1,1.0000000000000000e+00,7.0750835830623116e-01,-2.3727160229830768e+00,7.0750835830622971e-01,2.0707437360729847e-01,9.1710863289718947e-02,2.0707437360729791e-01

3.2487148238500286e+03,0,1.0000000000000000e+00,-1.6728040139461888e+00,1.3251665851776329e+00,-1.6728040139461844e+00,-1.0982899937354793e-01,-2.4549986911501220e-01,-1.0982899937354762e-01
3.2487148238500286e+03,1,1.0000000000000000e+00,1.6728040139461888e+00,-1.3251665851776329e+00,1.6728040139461844e+00,1.0982899937354793e-01,2.4549986911501220e-01,1.0982899937354762e-01

3.2549806412336388e+03,0,1.0000000000000000e+00,-1.9215697507905671e+00,-3.9972545969728479e-01,-1.9215697507905620e+00,3.2704681509819200e-02,-2.8265536156465487e-01,3.2704681509819172e-02
3.2549806412336388e+03,1,1.0000000000000000e+00,1.9215697507905671e+00,3.9972545969728479e-01,1.9215697507905620e+00,-3.2704681509819200e-02,2.8265536156465487e-01,-3.2704681509819172e-02

3.2610061574853898e+03,0,1.0000000000000000e+00,-1.3252777559169522e+00,-1.8909711053405447e+00,-1.3252777559169480e+00,1.5961559093498620e-01,-1.9194951018871786e-01,1.5961559093498576e-01
3.2610061574853898e+03,1,1.0000000000000000e+00,1.3252777559169522e+00,1.8909711053405447e+00,1.3252777559169480e+00,-1.5961559093498620e-01,1.9194951018871786e-01,-1.5961559093498576e-01

3.2668775232606622e+03,0,1.0000000000000000e+00,-1.5640344338191992e-01,-2.4873033917479157e+00,-1.5640344338191925e-01,2.2384993100782785e-01,3.6303938957619186e-03,2.2384993100782719e-01
3.2668775232606622e+03,1,1.0000000000000000e+00,1.5640344338191992e-01,2.4873033917479157e+00,1.5640344338191925e-01,-2.2384993100782785e-01,-3.6303938957619186e-03,-2.2384993100782719e-01

3.2722636883395003e+03,0,1.0000000000000000e+00,9.8550028562207959e-01,-1.8742310943052090e+00,9.8550028562207714e-01,1.8033774923872875e-01,2.2143095503436466e-01,1.8033774923872822e-01
3.2722636883395003e+03,1,1.0000000000000000e+00,-9.8550028562207959e-01,1.8742310943052090e+00,-9.8550028562207714e-01,-1.8033774923872875e-01,-2.2143095503436466e-01,-1.8033774923872822e-01

3.2775047012171162e+03,0,1.0000000000000000e+00,1.5765786695255515e+00,-3.1697796454279237e-01,1.5765786695255468e+00,3.1631569569052193e-02,3.4643902429509144e-01,3.1631569569052054e-02
3.2775047012171162e+03,1,1.0000000000000000e+00,-1.5765786695255515e+00,3.1697796454279237e-01,-1.5765786695255468e+00,-3.1631569569052193e-02,-3.4643902429509144e-01,-3.1631569569052054e-02

3.2826354721576386e+03,0,1.0000000000000000e+00,1.2925631687115073e+00,1.3830256399620813e+00,1.2925631687115036e+00,-1.3559521913244171e-01,2.8523420033951274e-01,-1.3559521913244127e-01
3.2826354721576386e+03,1,1.0000000000000000e+00,-1.2925631687115073e+00,-1.3830256399620813e+00,-1.2925631687115036e+00,1.3559521913244171e-01,-2.8523420033951274e-01,1.3559521913244127e-01

3.2880809167713669e+03,0,1.0000000000000000e+00,2.6258173893663606e-01,2.4094167446108115e+00,2.6258173893663539e-01,-2.2211076974329577e-01,8.0193995361442283e-02,-2.2211076974329508e-01
3.2880809167713669e+03,1,1.0000000000000000e+00,-2.6258173893663606e-01,-2.4094167446108115e+00,-2.6258173893663539e-01,2.2211076974329577e-01,-8.0193995361442283e-02,2.2211076974329508e-01

3.2937982383220155e+03,0,1.0000000000000000e+00,-9.6878646743285368e-01,2.2238450106211802e+00,-9.6878646743285057e-01,-1.9133638681182613e-01,-1.3492386791568520e-01,-1.9133638681182555e-01
3.2937982383220155e+03,1,1.0000000000000000e+00,9.6878646743285368e-01,-2.2238450106211802e+00,9.6878646743285057e-01,1.9133638681182613e-01,1.3492386791568520e-01,1.9133638681182555e-01

3.3001042034350139e+03,0,1.0000000000000000e+00,-1.8296451350153666e+00,8.8215153094230825e-01,-1.8296451350153613e+00,-7.2518975254889206e-02,-2.6903695807907324e-01,-7.2518975254889012e-02
3.3001042034350139e+03,1,1.0000000000000000e+00,1.8296451350153666e+00,-8.8215153094230825e-01,1.8296451350153613e+00,7.2518975254889206e-02,2.6903695807907324e-01,7.2518975254889012e-02

3.3063594825157043e+03,0,1.0000000000000000e+00,-1.8323496233192982e+00,-8.7205217412541458e-01,-1.8323496233192929e+00,7.1678709673134611e-02,-2.6943947030636328e-01,7.1678709673134278e-02
3.3063594825157043e+03,1,1.0000000000000000e+00,1.8323496233192982e+00,8.7205217412541458e-01,1.8323496233192929e+00,-7.1678709673134611e-02,2.6943947030636328e-01,-7.1678709673134278e-02

3.3123086728317098e+03,0,1.0000000000000000e+00,-1.0431484333042778e+00,-2.1682509132781442e+00,-1.0431484333042751e+00,1.8580506985752818e-01,-1.4700005217488904e-01,1.8580506985752748e-01
3.3123086728317098e+03,1,1.0000000000000000e+00,1.0431484333042778e+00,2.1682509132781442e+00,1.0431484333042751e+00,-1.8580506985752818e-01,1.4700005217488904e-01,-1.8580506985752748e-01

3.3180403807164816e+03,0,1.0000000000000000e+00,1.7791149320036892e-01,-2.4368850305467009e+00,1.7791149320036714e-01,2.2354492231632014e-01,6.4423109933112843e-02,2.2354492231631948e-01
3.3180403807164816e+03,1,1.0000000000000000e+00,-1.7791149320036892e-01,2.4368850305467009e+00,-1.7791149320036714e-01,-2.2354492231632014e-01,-6.4423109933112843e-02,-2.2354492231631948e-01

3.3232691454744322e+03,0,1.0000000000000000e+00,1.2070213782319021e+00,-1.5479030090944104e+00,1.2070213782318986e+00,1.5096346857829307e-01,2.6721819934040925e-01,1.5096346857829274e-01
3.3232691454744322e+03,1,1.0000000000000000e+00,-1.2070213782319021e+00,1.5479030090944104e+00,-1.2070213782318986e+00,-1.5096346857829307e-01,-2.6721819934040925e-01,-1.5096346857829274e-01

3.3285670377705551e+03,0,1.0000000000000000e+00,1.5869703318908075e+00,1.6765714924611252e-01,1.5869703318908033e+00,-1.6741610959506548e-02,3.4871983719163591e-01,-1.6741610959506409e-02
3.3285670377705551e+03,1,1.0000000000000000e+00,-1.5869703318908075e+00,-1.6765714924611252e-01,-1.5869703318908033e+00,1.6741610959506548e-02,-3.4871983719163591e-01,1.6741610959506409e-02

3.3338013124085410e+03,0,1.0000000000000000e+00,1.0622659107181514e+00,1.7741903428185917e+00,1.0622659107181491e+00,-1.7150906479144515e-01,2.3715828356294666e-01,-1.7150906479144465e-01
3.3338013124085410e+03,1,1.0000000000000000e+00,-1.0622659107181514e+00,-1.7741903428185917e+00,-1.0622659107181491e+00,1.7150906479144515e-01,-2.3715828356294666e-01,1.7150906479144465e-01

3.3392974103175602e+03,0,1.0000000000000000e+00,-8.3256197092199891e-02,2.4839852564987188e+00,-8.3256197092199002e-02,-2.2448124634596550e-01,1.6734126711493547e-02,-2.2448124634596492e-01
3.3392974103175602e+03,1,1.0000000000000000e+00,8.3256197092199891e-02,-2.4839852564987188e+00,8.3256197092199002e-02,2.2448124634596550e-01,-1.6734126711493547e-02,2.2448124634596492e-01

3.3450150228359989e+03,0,1.0000000000000000e+00,-1.2466684635351231e+00,1.9801657951863452e+00,-1.2466684635351193e+00,-1.6784529786861538e-01,-1.7956126697478991e-01,-1.6784529786861502e-01
3.3450150228359989e+03,1,1.0000000000000000e+00,1.2466684635351231e+00,-1.9801657951863452e+00,1.2466684635351193e+00,1.6784529786861538e-01,1.7956126697478991e-01,1.6784529786861502e-01

3.3512195029884215e+03,0,1.0000000000000000e+00,-1.9106747614867015e+00,4.8458543333801174e-01,-1.9106747614866966e+00,-3.9669995712576372e-02,-2.8104803354991020e-01,-3.9669995712576345e-02
3.3512195029884215e+03,1,1.0000000000000000e+00,1.9106747614867015e+00,-4.8458543333801174e-01,1.9106747614866966e+00,3.9669995712576372e-02,2.8104803354991020e-01,3.9669995712576345e-02

3.3573970795053265e+03,0,1.0000000000000000e+00,-1.7139604942097046e+00,-1.2283690884058720e+00,-1.7139604942097006e+00,1.0158842151546185e-01,-2.5171339202982362e-01,1.0158842151546160e-01
3.3573970795053265e+03,1,1.0000000000000000e+00,1.7139604942097046e+00,1.2283690884058720e+00,1.7139604942097006e+00,-1.0158842151546185e-01,2.5171339202982362e-01,-1.0158842151546160e-01

3.3636515614957193e+03,0,1.0000000000000000e+00,-7.1446485904430856e-01,-2.3696128477791296e+00,-7.1446485904430701e-01,2.0672457086128321e-01,-9.2877468538362429e-02,2.0672457086128271e-01
3.3636515614957193e+03,1,1.0000000000000000e+00,7.1446485904430856e-01,2.3696128477791296e+00,7.1446485904430701e-01,-2.0672457086128321e-01,9.2877468538362429e-02,-2.0672457086128271e-01

3.3692904051298824e+03,0,1.0000000000000000e+00,5.2407854411078092e-01,-2.2836216473230535e+00,5.2407854411077959e-01,2.1375700720281876e-01,1.2989418930006899e-01,2.1375700720281826e-01
3.3692904051298824e+03,1,1.0000000000000000e+00,-5.2407854411078092e-01,2.2836216473230535e+00,-5.2407854411077959e-01,-2.1375700720281876e-01,-1.2989418930006899e-01,-2.1375700720281826e-01

3.3745973315930842e+03,0,1.0000000000000000e+00,1.4204173519012984e+00,-1.0660501525159007e+00,1.4204173519012946e+00,1.0534917948496027e-01,3.1251897696167852e-01,1.0534917948496003e-01
3.3745973315930842e+03,1,1.0000000000000000e+00,-1.4204173519012984e+00,1.0660501525159007e+00,-1.4204173519012946e+00,-1.0534917948496027e-01,-3.1251897696167852e-01,-1.0534917948496003e-01

3.3797447465709756e+03,0,1.0000000000000000e+00,1.5228531922311583e+00,6.8395272200368495e-01,1.5228531922311543e+00,-6.8022876799338952e-02,3.3469441268990069e-01,-6.8022876799338799e-02
3.3797447465709756e+03,1,1.0000000000000000e+00,-1.5228531922311583e+00,-6.8395272200368495e-01,-1.5228531922311543e+00,6.8022876799338952e-02,-3.3469441268990069e-01,6.8022876799338799e-02

3.3849233552457772e+03,0,1.0000000000000000e+00,7.9364502174249763e-01,2.0791579421428850e+00,7.9364502174249574e-01,-1.9775841570866820e-01,1.8275665053307114e-01,-1.9775841570866770e-01
3.3849233552457772e+03,1,1.0000000000000000e+00,-7.9364502174249763e-01,-2.0791579421428850e+00,-7.9364502174249574e-01,1.9775841570866820e-01,-1.8275665053307114e-01,1.9775841570866770e-01

3.3906324590906738e+03,0,1.0000000000000000e+00,-4.5184320399753408e-01,2.4571711505848510e+00,-4.5184320399753308e-01,-2.1749895229057878e-01,-4.8208616370945617e-02,-2.1749895229057825e-01
3.3906324590906738e+03,1,1.0000000000000000e+00,4.5184320399753408e-01,-2.4571711505848510e+00,4.5184320399753308e-01,2.1749895229057878e-01,4.8208616370945617e-02,2.1749895229057825e-01

3.3966064082840726e+03,0,1.0000000000000000e+00,-1.5359322864190381e+00,1.5905465213752830e+00,-1.5359322864190350e+00,-1.3277131690498759e-01,-2.2464267034516913e-01,-1.3277131690498728e-01
3.3966064082840726e+03,1,1.0000000000000000e+00,1.5359322864190381e+00,-1.5905465213752830e+00,1.5359322864190350e+00,1.3277131690498759e-01,2.2464267034516913e-01,1.3277131690498728e-01

3.4030200461227323e+03,0,1.0000000000000000e+00,-1.9424470496488646e+00,-1.2111249121385348e-01,-1.9424470496488604e+00,9.8985248206332199e-03,-2.8573033773669054e-01,9.8985248206332477e-03
3.4030200461227323e+03,1,1.0000000000000000e+00,1.9424470496488646e+00,1.2111249121385348e-01,1.9424470496488604e+00,-9.8985248206332199e-03,2.8573033773669054e-01,-9.8985248206332477e-03

3.4092312995031948e+03,0,1.0000000000000000e+00,-1.4462978957922898e+00,-1.7310013069186836e+00,-1.4462978957922865e+00,1.4517939287037376e-01,-2.1082044620473450e-01,1.4517939287037354e-01
3.4092312995031948e+03,1,1.0000000000000000e+00,1.4462978957922898e+00,1.7310013069186836e+00,1.4462978957922865e+00,-1.4517939287037376e-01,2.1082044620473450e-01,-1.4517939287037354e-01

3.4153083687700778e+03,0,1.0000000000000000e+00,-2.8747133310114026e-01,-2.4825870499097067e+00,-2.8747133310113848e-01,2.2177923485543052e-01,-1.9579796289536933e-02,2.2177923485543005e-01
3.4153083687700778e+03,1,1.0000000000000000e+00,2.8747133310114026e-01,2.4825870499097067e+00,2.8747133310113848e-01,-2.2177923485543052e-01,1.9579796289536933e-02,-2.2177923485543005e-01

3.4209134641069700e+03,0,1.0000000000000000e+00,9.1766524061102239e-01,-1.9534200165030859e+00,9.1766524061102173e-01,1.8718842037727376e-01,2.0765445924783524e-01,1.8718842037727326e-01
3.4209134641069700e+03,1,1.0000000000000000e+00,-9.1766524061102239e-01,1.9534200165030859e+00,-9.1766524061102173e-01,-1.8718842037727376e-01,-2.0765445924783524e-01,-1.8718842037727326e-01

3.4261977056215078e+03,0,1.0000000000000000e+00,1.5644464214452847e+00,-4.2944298142219939e-01,1.5644464214452818e+00,4.2821948966423440e-02,3.4377994268468914e-01,4.2821948966423162e-02
3.4261977056215078e+03,1,1.0000000000000000e+00,-1.5644464214452847e+00,4.2944298142219939e-01,-1.5644464214452818e+00,-4.2821948966423440e-02,-3.4377994268468914e-01,-4.2821948966423162e-02

3.4313677422386550e+03,0,1.0000000000000000e+00,1.3303034037974364e+00,1.3001326695115032e+00,1.3303034037974328e+00,-1.2776568501699487e-01,2.9324328892603974e-01,-1.2776568501699473e-01
3.4313677422386550e+03,1,1.0000000000000000e+00,-1.3303034037974364e+00,-1.3001326695115032e+00,-1.3303034037974328e+00,1.2776568501699487e-01,-2.9324328892603974e-01,1.2776568501699473e-01

3.4367591234968095e+03,0,1.0000000000000000e+00,3.3794715022463651e-01,2.3796885381172705e+00,3.3794715022463451e-01,-2.2033358345625548e-01,9.4362634506086784e-02,-2.2033358345625503e-01
3.4367591234968095e+03,1,1.0000000000000000e+00,-3.3794715022463651e-01,-2.3796885381172705e+00,-3.3794715022463451e-01,2.2033358345625548e-01,-9.4362634506086784e-02,2.2033358345625503e-01

3.4424270587430824e+03,0,1.0000000000000000e+00,-8.9315365703692562e-01,2.2740650862281435e+00,-8.9315365703692540e-01,-1.9646175428204748e-01,-1.2254114337205865e-01,-1.9646175428204699e-01
3.4424270587430824e+03,1,1.0000000000000000e+00,8.9315365703692562e-01,-2.2740650862281435e+00,8.9315365703692540e-01,1.9646175428204748e-01,1.2254114337205865e-01,1.9646175428204699e-01

3.4487175431640826e+03,0,1.0000000000000000e+00,-1.7984065807863212e+00,9.9031646390617833e-01,-1.7984065807863183e+00,-8.1542657718369688e-02,-2.6437950970748902e-01,-8.1542657718369341e-02
3.4487175431640826e+03,1,1.0000000000000000e+00,1.7984065807863212e+00,-9.9031646390617833e-01,1.7984065807863183e+00,8.1542657718369688e-02,2.6437950970748902e-01,8.1542657718369341e-02

3.4549860003384965e+03,0,1.0000000000000000e+00,-1.8587388334170389e+00,-7.6556297228913750e-01,-1.8587388334170347e+00,6.2840008728406893e-02,-2.7336110567900335e-01,6.2840008728406963e-02
3.4549860003384965e+03,1,1.0000000000000000e+00,1.8587388334170389e+00,7.6556297228913750e-01,1.8587388334170347e+00,-6.2840008728406893e-02,2.7336110567900335e-01,-6.2840008728406963e-02

3.4609642797573406e+03,0,1.0000000000000000e+00,-1.1096653865667321e+00,-2.1128991943788091e+00,-1.1096653865667285e+00,1.8041464355623341e-01,-1.5772045665907269e-01,1.8041464355623316e-01
3.4609642797573406e+03,1,1.0000000000000000e+00,1.1096653865667321e+00,2.1128991943788091e+00,1.1096653865667285e+00,-1.8041464355623341e-01,1.5772045665907269e-01,-1.8041464355623316e-01

3.4667388476978194e+03,0,1.0000000000000000e+00,1.0616344284091550e-01,-2.4554003459510976e+00,1.0616344284091683e-01,2.2431434246452092e-01,5.1179316510498452e-02,2.2431434246452042e-01
3.4667388476978194e+03,1,1.0000000000000000e+00,-1.0616344284091550e-01,2.4554003459510976e+00,-1.0616344284091683e-01,-2.2431434246452092e-01,-5.1179316510498452e-02,-2.2431434246452042e-01

3.4720026395091513e+03,0,1.0000000000000000e+00,1.1629577616888909e+00,-1.6228434729930556e+00,1.1629577616888895e+00,1.5784537976771287e-01,2.5801155649735774e-01,1.5784537976771237e-01
3.4720026395091513e+03,1,1.0000000000000000e+00,-1.1629577616888909e+00,1.6228434729930556e+00,-1.1629577616888895e+00,-1.5784537976771287e-01,-2.5801155649735774e-01,-1.5784537976771237e-01

3.4771734502791564e+03,0,1.0000000000000000e+00,1.5909105740235960e+00,2.3617819731595935e-02,1.5909105740235931e+00,-2.3589705281795437e-03,3.4958543985593077e-01,-2.3589705281797102e-03
3.4771734502791564e+03,1,1.0000000000000000e+00,-1.5909105740235960e+00,-2.3617819731595935e-02,-1.5909105740235931e+00,2.3589705281795437e-03,-3.4958543985593077e-01,2.3589705281797102e-03

3.4822412168716592e+03,0,1.0000000000000000e+00,1.1578835094922921e+00,1.6311010492151299e+00,1.1578835094922892e+00,-1.5859929249573618e-01,2.5695453100291771e-01,-1.5859929249573598e-01
3.4822412168716592e+03,1,1.0000000000000000e+00,-1.1578835094922921e+00,-1.6311010492151299e+00,-1.1578835094922892e+00,1.5859929249573618e-01,-2.5695453100291771e-01,1.5859929249573598e-01

3.4877785480045359e+03,0,1.0000000000000000e+00,3.7545710529079512e-02,2.4691193763354340e+00,3.7545710529077958e-02,-2.2468134134717976e-01,3.8615146454530291e-02,-2.2468134134717935e-01
3.4877785480045359e+03,1,1.0000000000000000e+00,-3.7545710529079512e-02,-2.4691193763354340e+00,-3.7545710529077958e-02,2.2468134134717976e-01,-3.8615146454530291e-02,2.2468134134717935e-01

3.4935490698033364e+03,0,1.0000000000000000e+00,-1.1633707869106404e+00,2.0640328376304646e+00,-1.1633707869106393e+00,-1.7573495295500666e-01,-1.6632029537841642e-01,-1.7573495295500621e-01
3.4935490698033364e+03,1,1.0000000000000000e+00,1.1633707869106404e+00,-2.0640328376304646e+00,1.1633707869106393e+00,1.7573495295500666e-01,1.6632029537841642e-01,1.7573495295500621e-01

3.4998279227985054e+03,0,1.0000000000000000e+00,-1.8924537247323079e+00,5.9939604162870852e-01,-1.8924537247323046e+00,-4.9114928848858597e-02,-2.7835586451119654e-01,-4.9114928848858208e-02
3.4998279227985054e+03,1,1.0000000000000000e+00,1.8924537247323079e+00,-5.9939604162870852e-01,1.8924537247323046e+00,4.9114928848858597e-02,2.7835586451119654e-01,4.9114928848858208e-02

3.5061212377382444e+03,0,1.0000000000000000e+00,-1.7429641684671009e+00,-1.1535477717849492e+00,-1.7429641684670958e+00,9.5256774247716752e-02,-2.5607620335869574e-01,9.5256774247716808e-02
3.5061212377382444e+03,1,1.0000000000000000e+00,1.7429641684671009e+00,1.1535477717849492e+00,1.7429641684670958e+00,-9.5256774247716752e-02,2.5607620335869574e-01,-9.5256774247716808e-02

3.5122513319020709e+03,0,1.0000000000000000e+00,-8.0014380282644348e-01,-2.3276809552674416e+00,-8.0014380282643927e-01,2.0211575574873425e-01,-1.0717309915223197e-01,2.0211575574873394e-01
3.5122513319020709e+03,1,1.0000000000000000e+00,8.0014380282644348e-01,2.3276809552674416e+00,8.0014380282643927e-01,-2.0211575574873425e-01,1.0717309915223197e-01,-2.0211575574873394e-01

3.5180237835003577e+03,0,1.0000000000000000e+00,4.6269317106931995e-01,-2.3190159581640706e+00,4.6269317106932151e-01,2.1628800809042575e-01,1.1809023263663884e-01,2.1628800809042517e-01
3.5180237835003577e+03,1,1.0000000000000000e+00,-4.6269317106931995e-01,2.3190159581640706e+00,-4.6269317106932151e-01,-2.1628800809042575e-01,-1.1809023263663884e-01,-2.1628800809042517e-01

3.5233075647420173e+03,0,1.0000000000000000e+00,1.3864840578484054e+00,-1.1613816422689780e+00,1.3864840578484037e+00,1.1452834572845663e-01,3.0523522134142317e-01,1.1452834572845606e-01
3.5233075647420173e+03,1,1.0000000000000000e+00,-1.3864840578484054e+00,1.1613816422689780e+00,-1.3864840578484037e+00,-1.1452834572845663e-01,-3.0523522134142317e-01,-1.1452834572845606e-01

3.5284239289545667e+03,0,1.0000000000000000e+00,1.5440414602111996e+00,5.6946822021595289e-01,1.5440414602111956e+00,-5.6711965601137532e-02,3.3931681105550443e-01,-5.6711965601137768e-02
3.5284239289545667e+03,1,1.0000000000000000e+00,-1.5440414602111996e+00,-5.6946822021595289e-01,-1.5440414602111956e+00,5.6711965601137532e-02,-3.3931681105550443e-01,5.6711965601137768e-02

3.5335480879888792e+03,0,1.0000000000000000e+00,8.7036817073347994e-01,2.0040971799049059e+00,8.7036817073347605e-01,-1.9149843685031576e-01,1.9811548156563158e-01,-1.9149843685031553e-01
3.5335480879888792e+03,1,1.0000000000000000e+00,-8.7036817073347994e-01,-2.0040971799049059e+00,-8.7036817073347605e-01,1.9149843685031576e-01,-1.9811548156563158e-01,1.9149843685031553e-01

3.5391901928618258e+03,0,1.0000000000000000e+00,-3.5087364049618464e-01,2.4753760728970118e+00,-3.5087364049618697e-01,-2.2034966708983303e-01,-3.0685100573404150e-02,-2.2034966708983256e-01
3.5391901928618258e+03,1,1.0000000000000000e+00,3.5087364049618464e-01,-2.4753760728970118e+00,3.5087364049618697e-01,2.2034966708983303e-01,3.0685100573404150e-02,2.2034966708983256e-01

3.5450874185760299e+03,0,1.0000000000000000e+00,-1.4617144774662960e+00,1.7083299136837584e+00,-1.4617144774662958e+00,-1.4316145418903384e-01,-2.1320709116515474e-01,-1.4316145418903328e-01
3.5450874185760299e+03,1,1.0000000000000000e+00,1.4617144774662960e+00,-1.7083299136837584e+00,1.4617144774662958e+00,1.4316145418903384e-01,2.1320709116515474e-01,1.4316145418903328e-01

3.5514410351236529e+03,0,1.0000000000000000e+00,-1.9441886999350206e+00,4.9844915517381683e-02,-1.9441886999350175e+00,-4.0734604383184658e-03,-2.8598656357757268e-01,-4.0734604383180217e-03
3.5514410351236529e+03,1,1.0000000000000000e+00,1.9441886999350206e+00,-4.9844915517381683e-02,1.9441886999350175e+00,4.0734604383184658e-03,2.8598656357757268e-01,4.0734604383180217e-03

3.5576228546557663e+03,0,1.0000000000000000e+00,-1.5336088535987515e+00,-1.5944694598863789e+00,-1.5336088535987467e+00,1.3311503190523766e-01,-2.2428602488850033e-01,1.3311503190523785e-01
3.5576228546557663e+03,1,1.0000000000000000e+00,1.5336088535987515e+00,1.5944694598863789e+00,1.5336088535987467e+00,-1.3311503190523766e-01,2.2428602488850033e-01,-1.3311503190523785e-01

3.5636959878320977e+03,0,1.0000000000000000e+00,-4.2642343432122920e-01,-2.4625392344640531e+00,-4.2642343432122454e-01,2.1828318671358896e-01,-4.3815544649561500e-02,2.1828318671358876e-01
3.5636959878320977e+03,1,1.0000000000000000e+00,4.2642343432122920e-01,2.4625392344640531e+00,4.2642343432122454e-01,-2.1828318671358896e-01,4.3815544649561500e-02,-2.1828318671358876e-01

3.5693303751895260e+03,0,1.0000000000000000e+00,8.0192659086728857e-01,-2.0714576891046699e+00,8.0192659086729101e-01,1.9712372041146076e-01,1.8440770248184724e-01,1.9712372041146020e-01
3.5693303751895260e+03,1,1.0000000000000000e+00,-8.0192659086728857e-01,2.0714576891046699e+00,-8.0192659086729101e-01,-1.9712372041146076e-01,-1.8440770248184724e-01,-1.9712372041146020e-01

3.5746657937519622e+03,0,1.0000000000000000e+00,1.5357188494013858e+00,-6.1714733945080025e-01,1.5357188494013851e+00,6.1428174931773133e-02,3.3749970055244582e-01,6.1428174931772495e-02
3.5746657937519622e+03,1,1.0000000000000000e+00,-1.5357188494013858e+00,6.1714733945080025e-01,-1.5357188494013851e+00,-6.1428174931773133e-02,-3.3749970055244582e-01,-6.1428174931772495e-02

3.5798495936788599e+03,0,1.0000000000000000e+00,1.3948171482717924e+00,1.1388958362812081e+00,1.3948171482717888e+00,-1.1236904156600791e-01,3.0702106974834392e-01,-1.1236904156600830e-01
3.5798495936788599e+03,1,1.0000000000000000e+00,-1.3948171482717924e+00,-1.1388958362812081e+00,-1.3948171482717888e+00,1.1236904156600791e-01,-3.0702106974834392e-01,1.1236904156600830e-01

3.5852368540280750e+03,0,1.0000000000000000e+00,4.5619487761619415e-01,2.3225432258649148e+00,4.5619487761618971e-01,-2.1653440103846130e-01,1.1684563516389923e-01,-2.1653440103846125e-01
3.5852368540280750e+03,1,1.0000000000000000e+00,-4.5619487761619415e-01,-2.3225432258649148e+00,-4.5619487761618971e-01,2.1653440103846130e-01,-1.1684563516389923e-01,2.1653440103846125e-01

3.5909165949416647e+03,0,1.0000000000000000e+00,-7.8745197679439616e-01,2.3343328569687705e+00,-7.8745197679439882e-01,-2.0283401559373854e-01,-1.0506390466830748e-01,-2.0283401559373815e-01
3.5909165949416647e+03,1,1.0000000000000000e+00,7.8745197679439616e-01,-2.3343328569687705e+00,7.8745197679439882e-01,2.0283401559373854e-01,1.0506390466830748e-01,2.0283401559373815e-01

3.5969919393132527e+03,0,1.0000000000000000e+00,-1.7316290556901370e+00,1.1835200006801285e+00,-1.7316290556901366e+00,-9.7789398145768577e-02,-2.5437271136377143e-01,-9.7789398145768022e-02
3.5969919393132527e+03,1,1.0000000000000000e+00,1.7316290556901370e+00,-1.1835200006801285e+00,1.7316290556901366e+00,9.7789398145768577e-02,2.5437271136377143e-01,9.7789398145768022e-02

3.6032405053320122e+03,0,1.0000000000000000e+00,-1.9001173806406881e+00,-5.5415866575458406e-01,-1.9001173806406846e+00,4.5390209963959136e-02,-2.7948879040365576e-01,4.5390209963959524e-02
3.6032405053320122e+03,1,1.0000000000000000e+00,1.9001173806406881e+00,5.5415866575458406e-01,1.9001173806406846e+00,-4.5390209963959136e-02,2.7948879040365576e-01,-4.5390209963959524e-02

3.6092283114280640e+03,0,1.0000000000000000e+00,-1.2413649327516125e+00,-1.9858173963512957e+00,-1.2413649327516074e+00,1.6837197702472645e-01,-1.7872172770874176e-01,1.6837197702472650e-01
3.6092283114280640e+03,1,1.0000000000000000e+00,1.2413649327516125e+00,1.9858173963512957e+00,1.2413649327516074e+00,-1.6837197702472645e-01,1.7872172770874176e-01,-1.6837197702472650e-01

3.6150435662028790e+03,0,1.0000000000000000e+00,-5.4245362385695994e-02,-2.4814859305385930e+00,-5.4245362385691998e-02,2.2462597312824645e-01,2.1961424289811904e-02,2.2462597312824606e-01
3.6150435662028790e+03,1,1.0000000000000000e+00,5.4245362385695994e-02,2.4814859305385930e+00,5.4245362385691998e-02,-2.2462597312824645e-01,-2.1961424289811904e-02,-2.2462597312824606e-01

3.6203525503403230e+03,0,1.0000000000000000e+00,1.0522962128239923e+00,-1.7878679977328820e+00,1.0522962128239937e+00,1.7272651375367179e-01,2.3510745094109656e-01,1.7272651375367115e-01
3.6203525503403230e+03,1,1.0000000000000000e+00,-1.0522962128239923e+00,1.7878679977328820e+00,-1.0522962128239937e+00,-1.7272651375367179e-01,-2.3510745094109656e-01,-1.7272651375367115e-01

3.6256964149199880e+03,0,1.0000000000000000e+00,1.5877888499659218e+00,-1.4963523721110006e-01,1.5877888499659196e+00,1.4942779323416394e-02,3.4889961610160825e-01,1.4942779323415811e-02
3.6256964149199880e+03,1,1.0000000000000000e+00,-1.5877888499659218e+00,1.4963523721110006e-01,-1.5877888499659196e+00,-1.4942779323416394e-02,-3.4889961610160825e-01,-1.4942779323415811e-02

3.6309364302127592e+03,0,1.0000000000000000e+00,1.2079584414912550e+00,1.5462428754472386e+00,1.2079584414912508e+00,-1.5081023263178717e-01,2.6741452990878722e-01,-1.5081023263178739e-01
3.6309364302127592e+03,1,1.0000000000000000e+00,-1.2079584414912550e+00,-1.5462428754472386e+00,-1.2079584414912508e+00,1.5081023263178717e-01,-2.6741452990878722e-01,1.5081023263178739e-01

3.6364048565593298e+03,0,1.0000000000000000e+00,1.2565050443719605e-01,2.4507967728771876e+00,1.2565050443719228e-01,-2.2414488696147095e-01,5.4765565334608107e-02,-2.2414488696147072e-01
3.6364048565593298e+03,1,1.0000000000000000e+00,-1.2565050443719605e-01,-2.4507967728771876e+00,-1.2565050443719228e-01,2.2414488696147095e-01,-5.4765565334608107e-02,2.2414488696147072e-01

3.6421185435607813e+03,0,1.0000000000000000e+00,-1.0828374269283720e+00,2.1358901709072207e+00,-1.0828374269283736e+00,-1.8264106506636166e-01,-1.5340588228845636e-01,-1.8264106506636116e-01
3.6421185435607813e+03,1,1.0000000000000000e+00,1.0828374269283720e+00,-2.1358901709072207e+00,1.0828374269283736e+00,1.8264106506636166e-01,1.5340588228845636e-01,1.8264106506636116e-01

3.6484854425630401e+03,0,1.0000000000000000e+00,-1.8732148982726002e+00,6.9946615250319155e-01,-1.8732148982725989e+00,-5.7371657924300712e-02,-2.7550782036649879e-01,-5.7371657924300212e-02
3.6484854425630401e+03,1,1.0000000000000000e+00,1.8732148982726002e+00,-6.9946615250319155e-01,1.8732148982725989e+00,5.7371657924300712e-02,2.7550782036649879e-01,5.7371657924300212e-02

3.6547523623387156e+03,0,1.0000000000000000e+00,-1.7782623362323198e+00,-1.0532248615162765e+00,-1.7782623362323160e+00,8.6813149109578436e-02,-2.6136814018577298e-01,8.6813149109578686e-02
3.6547523623387156e+03,1,1.0000000000000000e+00,1.7782623362323198e+00,1.0532248615162765e+00,1.7782623362323160e+00,-8.6813149109578436e-02,2.6136814018577298e-01,-8.6813149109578686e-02

3.6608735275709437e+03,0,1.0000000000000000e+00,-8.7937507566063977e-01,-2.2825608253673026e+00,-8.7937507566063522e-01,1.9734354665181983e-01,-1.2027431835753388e-01,1.9734354665181975e-01
3.6608735275709437e+03,1,1.0000000000000000e+00,8.7937507566063977e-01,2.2825608253673026e+00,8.7937507566063522e-01,-1.9734354665181983e-01,1.2027431835753388e-01,-1.9734354665181975e-01

3.6666561538379492e+03,0,1.0000000000000000e+00,3.7853052082704108e-01,-2.3615535381454977e+00,3.7853052082704453e-01,2.1917273153188599e-01,1.0204394307133685e-01,2.1917273153188555e-01
3.6666561538379492e+03,1,1.0000000000000000e+00,-3.7853052082704108e-01,2.3615535381454977e+00,-3.7853052082704453e-01,-2.1917273153188599e-01,-1.0204394307133685e-01,-2.1917273153188555e-01

3.6719439285957619e+03,0,1.0000000000000000e+00,1.3405685358365094e+00,-1.2762733367597867e+00,1.3405685358365098e+00,1.2550066629982512e-01,2.9542818722132247e-01,1.2550066629982448e-01
3.6719439285957619e+03,1,1.0000000000000000e+00,-1.3405685358365094e+00,1.2762733367597867e+00,-1.3405685358365098e+00,-1.2550066629982512e-01,-2.9542818722132247e-01,-1.2550066629982448e-01

3.6770528130076450e+03,0,1.0000000000000000e+00,1.5635871279596389e+00,4.3628528527532828e-01,1.5635871279596365e+00,-4.3501884343087716e-02,3.4359176083304654e-01,-4.3501884343088215e-02
3.6770528130076450e+03,1,1.0000000000000000e+00,-1.5635871279596389e+00,-4.3628528527532828e-01,-1.5635871279596365e+00,4.3501884343087716e-02,-3.4359176083304654e-01,4.3501884343088215e-02

3.6821436591589772e+03,0,1.0000000000000000e+00,9.4986862552632489e-01,1.9168273880854003e+00,9.4986862552632112e-01,-1.8403928577871087e-01,2.1418050623067941e-01,-1.8403928577871095e-01
3.6821436591589772e+03,1,1.0000000000000000e+00,-9.4986862552632489e-01,-1.9168273880854003e+00,-9.4986862552632112e-01,1.8403928577871087e-01,-2.1418050623067941e-01,1.8403928577871095e-01

3.6877409428404117e+03,0,1.0000000000000000e+00,-2.4719222173844213e-01,2.4854944124256755e+00,-2.4719222173844524e-01,-2.2254287627231023e-01,-1.2483447134823161e-02,-2.2254287627230995e-01
3.6877409428404117e+03,1,1.0000000000000000e+00,2.4719222173844213e-01,-2.4854944124256755e+00,2.4719222173844524e-01,2.2254287627231023e-01,1.2483447134823161e-02,2.2254287627230995e-01

3.6935848261629203e+03,0,1.0000000000000000e+00,-1.3845265154825768e+00,1.8164123805581278e+00,-1.3845265154825777e+00,-1.5284112568730379e-01,-2.0121851799870649e-01,-1.5284112568730338e-01
3.6935848261629203e+03,1,1.0000000000000000e+00,1.3845265154825768e+00,-1.8164123805581278e+00,1.3845265154825777e+00,1.5284112568730379e-01,2.0121851799870649e-01,1.5284112568730338e-01

3.6999009925323376e+03,0,1.0000000000000000e+00,-1.9382639971095463e+00,2.0947964433950528e-01,-1.9382639971095448e+00,-1.7124457078882799e-02,-2.8511475329361541e-01,-1.7124457078882299e-02
3.6999009925323376e+03,1,1.0000000000000000e+00,1.9382639971095463e+00,-2.0947964433950528e-01,1.9382639971095448e+00,1.7124457078882799e-02,2.8511475329361541e-01,1.7124457078882299e-02

3.7061021603880590e+03,0,1.0000000000000000e+00,-1.6025331948722754e+00,-1.4705755471097541e+00,-1.6025331948722712e+00,1.2232873540436001e-01,-2.3482898247712058e-01,1.2232873540436029e-01
3.7061021603880590e+03,1,1.0000000000000000e+00,1.6025331948722754e+00,1.4705755471097541e+00,1.6025331948722712e+00,-1.2232873540436001e-01,2.3482898247712058e-01,-1.2232873540436029e-01

3.7122130048620884e+03,0,1.0000000000000000e+00,-5.3507119625509025e-01,-2.4358402246769248e+00,-5.3507119625508559e-01,2.1461587559776457e-01,-6.2505521005354892e-02,2.1461587559776452e-01
3.7122130048620884e+03,1,1.0000000000000000e+00,5.3507119625509025e-01,2.4358402246769248e+00,5.3507119625508559e-01,-2.1461587559776457e-01,6.2505521005354892e-02,-2.1461587559776452e-01

3.7179068754382110e+03,0,1.0000000000000000e+00,7.1330682006742085e-01,-2.1491504471862402e+00,7.1330682006742330e-01,2.0343748333908507e-01,1.6682460463267593e-01,2.0343748333908462e-01
3.7179068754382110e+03,1,1.0000000000000000e+00,-7.1330682006742085e-01,2.1491504471862402e+00,-7.1330682006742330e-01,-2.0343748333908507e-01,-1.6682460463267593e-01,-2.0343748333908462e-01

3.7232876762256992e+03,0,1.0000000000000000e+00,1.5087263972603080e+00,-7.4998470881910584e-01,1.5087263972603076e+00,7.4524232971344279e-02,3.3161933951426231e-01,7.4524232971343723e-02
3.7232876762256992e+03,1,1.0000000000000000e+00,-1.5087263972603080e+00,7.4998470881910584e-01,-1.5087263972603076e+00,-7.4524232971344279e-02,-3.3161933951426231e-01,-7.4524232971343723e-02

3.7284536523403240e+03,0,1.0000000000000000e+00,1.4388510041319973e+00,1.0095540257664817e+00,1.4388510041319944e+00,-9.9880617666205318e-02,3.1648864654052861e-01,-9.9880617666205762e-02
3.7284536523403240e+03,1,1.0000000000000000e+00,-1.4388510041319973e+00,-1.0095540257664817e+00,-1.4388510041319944e+00,9.9880617666205318e-02,-3.1648864654052861e-01,9.9880617666205762e-02

3.7338021049404110e+03,0,1.0000000000000000e+00,5.5350624981145169e-01,2.2652902471354563e+00,5.5350624981144736e-01,-2.1240929918115181e-01,1.3558324358902968e-01,-2.1240929918115184e-01
3.7338021049404110e+03,1,1.0000000000000000e+00,-5.5350624981145169e-01,-2.2652902471354563e+00,-5.5350624981144736e-01,2.1240929918115181e-01,-1.3558324358902968e-01,2.1240929918115184e-01

3.7394465132066375e+03,0,1.0000000000000000e+00,-6.8697581752889214e-01,2.3816170502903038e+00,-6.8697581752889558e-01,-2.0808584033149821e-01,-8.8262351785250132e-02,-2.0808584033149788e-01
3.7394465132066375e+03,1,1.0000000000000000e+00,6.8697581752889214e-01,-2.3816170502903038e+00,6.8697581752889558e-01,2.0808584033149821e-01,8.8262351785250132e-02,2.0808584033149788e-01

3.7453252796507581e+03,0,1.0000000000000000e+00,-1.6595909047391804e+00,1.3542521183830651e+00,-1.6595909047391810e+00,-1.1231699130238694e-01,-2.4349938408105248e-01,-1.1231699130238640e-01
3.7453252796507581e+03,1,1.0000000000000000e+00,1.6595909047391804e+00,-1.3542521183830651e+00,1.6595909047391810e+00,1.1231699130238694e-01,2.4349938408105248e-01,1.1231699130238640e-01

3.7515759196591257e+03,0,1.0000000000000000e+00,-1.9257479388166083e+00,-3.6176952178629063e-01,-1.9257479388166057e+00,2.9592841859090821e-02,-2.8327128763265724e-01,2.9592841859091279e-02
3.7515759196591257e+03,1,1.0000000000000000e+00,1.9257479388166083e+00,3.6176952178629063e-01,1.9257479388166057e+00,-2.9592841859090821e-02,2.8327128763265724e-01,-2.9592841859091279e-02

3.7575907106841719e+03,0,1.0000000000000000e+00,-1.3482146476186969e+00,-1.8629040730111925e+00,-1.3482146476186923e+00,1.5705512340279054e-01,-1.9554472125302452e-01,1.5705512340279079e-01
3.7575907106841719e+03,1,1.0000000000000000e+00,1.3482146476186969e+00,1.8629040730111925e+00,1.3482146476186923e+00,-1.5705512340279054e-01,1.9554472125302452e-01,-1.5705512340279079e-01

3.7636936525044575e+03,0,1.0000000000000000e+00,-1.3698302259539119e-01,-2.4868382733812018e+00,-1.3698302259538631e-01,2.2405449862576277e-01,7.0988065176381676e-03,2.2405449862576260e-01
3.7636936525044575e+03,1,1.0000000000000000e+00,1.3698302259539119e-01,2.4868382733812018e+00,1.3698302259538631e-01,-2.2405449862576277e-01,-7.0988065176381676e-03,-2.2405449862576260e-01

3.7690775843913862e+03,0,1.0000000000000000e+00,1.0006662912224762e+00,-1.8553930760687978e+00,1.0006662912224782e+00,1.7868925231129607e-01,2.2452648499971886e-01,1.7868925231129551e-01
3.7690775843913862e+03,1,1.0000000000000000e+00,-1.0006662912224762e+00,1.8553930760687978e+00,-1.0006662912224782e+00,-1.7868925231129607e-01,-2.2452648499971886e-01,-1.7868925231129551e-01

3.7743193060782846e+03,0,1.0000000000000000e+00,1.5791480970412231e+00,-2.8743988038125812e-01,1.5791480970412222e+00,2.8688561578542993e-02,3.4700269775230930e-01,2.8688561578542382e-02
3.7743193060782846e+03,1,1.0000000000000000e+00,-1.5791480970412231e+00,2.8743988038125812e-01,-1.5791480970412222e+00,-2.8688561578542993e-02,-3.4700269775230930e-01,-2.8688561578542382e-02

3.7794516861511693e+03,0,1.0000000000000000e+00,1.2806927135885058e+00,1.4076754547426442e+00,1.2806927135885022e+00,-1.3791094580649815e-01,2.8272280254134807e-01,-1.3791094580649838e-01
3.7794516861511693e+03,1,1.0000000000000000e+00,-1.2806927135885058e+00,-1.4076754547426442e+00,-1.2806927135885022e+00,1.3791094580649815e-01,-2.8272280254134807e-01,1.3791094580649838e-01

3.7849034289519150e+03,0,1.0000000000000000e+00,2.4188437576482902e-01,2.4167025793431707e+00,2.4188437576482524e-01,-2.2251524513164403e-01,7.6324564664335015e-02,-2.2251524513164386e-01
3.7849034289519150e+03,1,1.0000000000000000e+00,-2.4188437576482902e-01,-2.4167025793431707e+00,-2.4188437576482524e-01,2.2251524513164403e-01,-7.6324564664335015e-02,2.2251524513164386e-01

3.7906239926415046e+03,0,1.0000000000000000e+00,-9.8715660383741333e-01,2.2107019517769144e+00,-9.8715660383741533e-01,-1.9001658468053326e-01,-1.3791616383833874e-01,-1.9001658468053284e-01
3.7906239926415046e+03,1,1.0000000000000000e+00,9.8715660383741333e-01,-2.2107019517769144e+00,9.8715660383741533e-01,1.9001658468053326e-01,1.3791616383833874e-01,1.9001658468053284e-01

3.7969322151000433e+03,0,1.0000000000000000e+00,-1.8366864597400467e+00,8.5557299883333471e-01,-1.8366864597400459e+00,-7.0308425057527740e-02,-2.7008469182740558e-01,-7.0308425057527324e-02
3.7969322151000433e+03,1,1.0000000000000000e+00,1.8366864597400467e+00,-8.5557299883333471e-01,1.8366864597400459e+00,7.0308425057527740e-02,2.7008469182740558e-01,7.0308425057527324e-02

3.8031825006650392e+03,0,1.0000000000000000e+00,-1.8255420467478987e+00,-8.9722582184776534e-01,-1.8255420467478956e+00,7.3773845728174803e-02,-2.6842607544471181e-01,7.3773845728175164e-02
3.8031825006650392e+03,1,1.0000000000000000e+00,1.8255420467478987e+00,8.9722582184776534e-01,1.8255420467478956e+00,-7.3773845728174803e-02,2.6842607544471181e-01,-7.3773845728175164e-02

3.8091228566269469e+03,0,1.0000000000000000e+00,-1.0273459113854368e+00,-2.1806039019297470e+00,-1.0273459113854324e+00,1.8702301488582615e-01,-1.4444187578589196e-01,1.8702301488582621e-01
3.8091228566269469e+03,1,1.0000000000000000e+00,1.0273459113854368e+00,2.1806039019297470e+00,1.0273459113854324e+00,-1.8702301488582615e-01,1.4444187578589196e-01,-1.8702301488582621e-01

3.8148426238709394e+03,0,1.0000000000000000e+00,1.9418396439543706e-01,-2.4320831840507484e+00,1.9418396439544083e-01,2.2331420215401387e-01,6.7442081298852014e-02,2.2331420215401354e-01
3.8148426238709394e+03,1,1.0000000000000000e+00,-1.9418396439543706e-01,2.4320831840507484e+00,-1.9418396439544083e-01,-2.2331420215401387e-01,-6.7442081298852014e-02,-2.2331420215401354e-01

3.8200613886306774e+03,0,1.0000000000000000e+00,1.2164575584796176e+00,-1.5310514889862654e+00,1.2164575584796189e+00,1.4940650302221498e-01,2.6919627021354120e-01,1.4940650302221437e-01
3.8200613886306774e+03,1,1.0000000000000000e+00,-1.2164575584796176e+00,1.5310514889862654e+00,-1.2164575584796189e+00,-1.4940650302221498e-01,-2.6919627021354120e-01,-1.4940650302221437e-01

3.8253515287711375e+03,0,1.0000000000000000e+00,1.5859954656778792e+00,1.8685804991167987e-01,1.5859954656778772e+00,-1.8657797571964119e-02,3.4850574218129188e-01,-1.8657797571964674e-02
3.8253515287711375e+03,1,1.0000000000000000e+00,-1.5859954656778792e+00,-1.8685804991167987e-01,-1.5859954656778772e+00,1.8657797571964119e-02,-3.4850574218129188e-01,1.8657797571964674e-02

3.8305821048868961e+03,0,1.0000000000000000e+00,1.0534261081169851e+00,1.7863286662026314e+00,1.0534261081169811e+00,-1.7258965404510615e-01,2.3533975293678369e-01,-1.7258965404510643e-01
3.8305821048868961e+03,1,1.0000000000000000e+00,-1.0534261081169851e+00,-1.7863286662026314e+00,-1.0534261081169811e+00,1.7258965404510615e-01,-2.3533975293678369e-01,1.7258965404510643e-01

3.8360756269821377e+03,0,1.0000000000000000e+00,-9.4209958040671893e-02,2.4847538737508730e+00,-9.4209958040675890e-02,-2.2441091422388576e-01,1.4764913672900920e-02,-2.2441091422388562e-01
3.8360756269821377e+03,1,1.0000000000000000e+00,9.4209958040671893e-02,-2.4847538737508730e+00,9.4209958040675890e-02,2.2441091422388576e-01,-1.4764913672900920e-02,2.2441091422388562e-01

3.8417909213848620e+03,0,1.0000000000000000e+00,-1.2544526974832371e+00,1.9717901967339255e+00,-1.2544526974832393e+00,-1.6706598688840682e-01,-1.8079263716595298e-01,-1.6706598688840640e-01
3.8417909213848620e+03,1,1.0000000000000000e+00,1.2544526974832371e+00,-1.9717901967339255e+00,1.2544526974832393e+00,1.6706598688840682e-01,1.8079263716595298e-01,1.6706598688840640e-01

3.8479912754001512e+03,0,1.0000000000000000e+00,-1.9123344294248668e+00,4.7267527541127885e-01,-1.9123344294248659e+00,-3.8691677057955426e-02,-2.8129299935496355e-01,-3.8691677057954843e-02
3.8479912754001512e+03,1,1.0000000000000000e+00,1.9123344294248668e+00,-4.7267527541127885e-01,1.9123344294248659e+00,3.8691677057955426e-02,2.8129299935496355e-01,3.8691677057954843e-02

3.8541606178394954e+03,0,1.0000000000000000e+00,-1.7104813572520714e+00,-1.2369498856438326e+00,-1.7104813572520674e+00,1.0231659545100222e-01,-2.5118916594323093e-01,1.0231659545100261e-01
3.8541606178394954e+03,1,1.0000000000000000e+00,1.7104813572520714e+00,1.2369498856438326e+00,1.7104813572520674e+00,-1.0231659545100222e-01,2.5118916594323093e-01,-1.0231659545100261e-01

3.8604059968299216e+03,0,1.0000000000000000e+00,-7.0928892364115881e-01,-2.3719259766682779e+00,-7.0928892364115348e-01,2.0698518309392983e-01,-9.2009548987771889e-02,2.0698518309392980e-01
3.8604059968299216e+03,1,1.0000000000000000e+00,7.0928892364115881e-01,2.3719259766682779e+00,7.0928892364115348e-01,-2.0698518309392983e-01,9.2009548987771889e-02,-2.0698518309392980e-01

3.8660357017053630e+03,0,1.0000000000000000e+00,5.2747251071293788e-01,-2.2815532977673558e+00,5.2747251071294188e-01,2.1360610426089677e-01,1.3054931495750707e-01,2.1360610426089630e-01
3.8660357017053630e+03,1,1.0000000000000000e+00,-5.2747251071293788e-01,2.2815532977673558e+00,-5.2747251071294188e-01,-2.1360610426089677e-01,-1.3054931495750707e-01,-2.1360610426089630e-01

3.8713343298306681e+03,0,1.0000000000000000e+00,1.4212155511808431e+00,-1.0636790609915610e+00,1.4212155511808438e+00,1.0512008147077023e-01,3.1269067989915617e-01,1.0512008147076952e-01
3.8713343298306681e+03,1,1.0000000000000000e+00,-1.4212155511808431e+00,1.0636790609915610e+00,-1.4212155511808438e+00,-1.0512008147077023e-01,-3.1269067989915617e-01,-1.0512008147076952e-01

3.8764739908791789e+03,0,1.0000000000000000e+00,1.5228646863747819e+00,6.8389616459382152e-01,1.5228646863747790e+00,-6.8017300782164170e-02,3.3469691691031322e-01,-6.8017300782164739e-02
3.8764739908791789e+03,1,1.0000000000000000e+00,-1.5228646863747819e+00,-6.8389616459382152e-01,-1.5228646863747790e+00,6.8017300782164170e-02,-3.3469691691031322e-01,6.8017300782164739e-02

3.8816440972796759e+03,0,1.0000000000000000e+00,7.9535926959732872e-01,2.0775717311814663e+00,7.9535926959732395e-01,-1.9762782139178606e-01,1.8309827656544553e-01,-1.9762782139178625e-01
3.8816440972796759e+03,1,1.0000000000000000e+00,-7.9535926959732872e-01,-2.0775717311814663e+00,-7.9535926959732395e-01,1.9762782139178606e-01,-1.8309827656544553e-01,1.9762782139178625e-01

3.8873430950309862e+03,0,1.0000000000000000e+00,-4.4775793671832587e-01,2.4580697610644147e+00,-4.4775793671833020e-01,-2.1762801642879989e-01,-4.7503435324910609e-02,-2.1762801642879961e-01
3.8873430950309862e+03,1,1.0000000000000000e+00,4.4775793671832587e-01,-2.4580697610644147e+00,4.4775793671833020e-01,2.1762801642879989e-01,4.7503435324910609e-02,2.1762801642879961e-01

3.8933052056941647e+03,0,1.0000000000000000e+00,-1.5318581594620393e+00,1.5974145881521076e+00,-1.5318581594620406e+00,-1.3337317429063877e-01,-2.2401723693051945e-01,-1.3337317429063825e-01
3.8933052056941647e+03,1,1.0000000000000000e+00,1.5318581594620393e+00,-1.5974145881521076e+00,1.5318581594620406e+00,1.3337317429063877e-01,2.2401723693051945e-01,1.3337317429063825e-01

3.8997071046323895e+03,0,1.0000000000000000e+00,-1.9428453473797345e+00,-1.0900918280624117e-01,-1.9428453473797325e+00,8.9091388290387652e-03,-2.8578893803243738e-01,8.9091388290392648e-03
3.8997071046323895e+03,1,1.0000000000000000e+00,1.9428453473797345e+00,1.0900918280624117e-01,1.9428453473797325e+00,-8.9091388290387652e-03,2.8578893803243738e-01,-8.9091388290392648e-03

3.9059076669197270e+03,0,1.0000000000000000e+00,-1.4539725855407528e+00,-1.7197865863903290e+00,-1.4539725855407482e+00,1.4418041096433554e-01,-2.1200905216574176e-01,1.4418041096433568e-01
3.9059076669197270e+03,1,1.0000000000000000e+00,1.4539725855407528e+00,1.7197865863903290e+00,1.4539725855407482e+00,-1.4418041096433554e-01,2.1200905216574176e-01,-1.4418041096433568e-01

3.9119767491639464e+03,0,1.0000000000000000e+00,-3.0099862893989182e-01,-2.4813194965944607e+00,-3.0099862893988716e-01,2.2149755985620936e-01,-2.1955823639934424e-02,2.2149755985620911e-01
3.9119767491639464e+03,1,1.0000000000000000e+00,3.0099862893989182e-01,2.4813194965944607e+00,3.0099862893988716e-01,-2.2149755985620936e-01,2.1955823639934424e-02,-2.2149755985620911e-01

3.9175778362544397e+03,0,1.0000000000000000e+00,9.0545286603426489e-01,-1.9668458937170190e+00,9.0545286603426711e-01,1.8833627209732914e-01,2.0518623341851963e-01,1.8833627209732853e-01
3.9175778362544397e+03,1,1.0000000000000000e+00,-9.0545286603426489e-01,1.9668458937170190e+00,-9.0545286603426711e-01,-1.8833627209732914e-01,-2.0518623341851963e-01,-1.8833627209732853e-01

3.9228841554327628e+03,0,1.0000000000000000e+00,1.5625751257953928e+00,-4.4420420988390563e-01,1.5625751257953919e+00,4.4288665827629137e-02,3.4337016240949614e-01,4.4288665827628554e-02
3.9228841554327628e+03,1,1.0000000000000000e+00,-1.5625751257953928e+00,4.4420420988390563e-01,-1.5625751257953919e+00,-4.4288665827629137e-02,-3.4337016240949614e-01,-4.4288665827628554e-02

3.9280756749102779e+03,0,1.0000000000000000e+00,1.3330414686807845e+00,1.2938273614410216e+00,1.3330414686807814e+00,-1.2716758689556673e-01,2.9382580536364244e-01,-1.2716758689556698e-01
3.9280756749102779e+03,1,1.0000000000000000e+00,-1.3330414686807845e+00,-1.2938273614410216e+00,-1.3330414686807814e+00,1.2716758689556673e-01,-2.9382580536364244e-01,1.2716758689556698e-01

3.9334913610955327e+03,0,1.0000000000000000e+00,3.3732483657072132e-01,2.3799548814136795e+00,3.3732483657071755e-01,-2.2035025427227353e-01,9.4245130537457811e-02,-2.2035025427227339e-01
3.9334913610955327e+03,1,1.0000000000000000e+00,-3.3732483657072132e-01,-2.3799548814136795e+00,-3.3732483657071755e-01,2.2035025427227353e-01,-9.4245130537457811e-02,2.2035025427227339e-01

3.9391874192117871e+03,0,1.0000000000000000e+00,-8.9922750795637785e-01,2.2702573312531906e+00,-8.9922750795638073e-01,-1.9606805037496314e-01,-1.2353932320905628e-01,-1.9606805037496272e-01
3.9391874192117871e+03,1,1.0000000000000000e+00,8.9922750795637785e-01,-2.2702573312531906e+00,8.9922750795638073e-01,1.9606805037496314e-01,1.2353932320905628e-01,1.9606805037496272e-01

3.9454733772789527e+03,0,1.0000000000000000e+00,-1.8005532845763206e+00,9.8332709941923691e-01,-1.8005532845763204e+00,-8.0958148291925491e-02,-2.6470005052367757e-01,-8.0958148291924964e-02
3.9454733772789527e+03,1,1.0000000000000000e+00,1.8005532845763206e+00,-9.8332709941923691e-01,1.8005532845763204e+00,8.0958148291925491e-02,2.6470005052367757e-01,8.0958148291924964e-02

3.9517352225689006e+03,0,1.0000000000000000e+00,-1.8574895977554389e+00,-7.7097613207331017e-01,-1.8574895977554358e+00,6.3288423134069821e-02,-2.7317570094196630e-01,6.3288423134070210e-02
3.9517352225689006e+03,1,1.0000000000000000e+00,1.8574895977554389e+00,7.7097613207331017e-01,1.8574895977554358e+00,-6.3288423134069821e-02,2.7317570094196630e-01,-6.3288423134070210e-02

3.9577060592255552e+03,0,1.0000000000000000e+00,-1.1074331840817941e+00,-2.1148473774167336e+00,-1.1074331840817897e+00,1.8060265552920474e-01,-1.5736193987742156e-01,1.8060265552920479e-01
3.9577060592255552e+03,1,1.0000000000000000e+00,1.1074331840817941e+00,2.1148473774167336e+00,1.1074331840817897e+00,-1.8060265552920474e-01,1.5736193987742156e-01,-1.8060265552920479e-01

3.9634731591563782e+03,0,1.0000000000000000e+00,1.0726215088152191e-01,-2.4551491663535110e+00,1.0726215088152546e-01,2.2430556369868535e-01,5.1381300520284390e-02,2.2430556369868504e-01
3.9634731591563782e+03,1,1.0000000000000000e+00,-1.0726215088152191e-01,2.4551491663535110e+00,-1.0726215088152546e-01,-2.2430556369868535e-01,-5.1381300520284390e-02,-2.2430556369868504e-01

3.9687301829980693e+03,0,1.0000000000000000e+00,1.1626625810588644e+00,-1.6233258457295319e+00,1.1626625810588662e+00,1.5788944498697743e-01,2.5795004896759599e-01,1.5788944498697688e-01
3.9687301829980693e+03,1,1.0000000000000000e+00,-1.1626625810588644e+00,1.6233258457295319e+00,-1.1626625810588662e+00,-1.5788944498697743e-01,-2.5795004896759599e-01,-1.5788944498697688e-01

3.9740461917110079e+03,0,1.0000000000000000e+00,1.5902138728154092e+00,7.3714162562450669e-02,1.5902138728154078e+00,-7.3623189882603968e-03,3.4943235551683682e-01,-7.3623189882610074e-03
3.9740461917110079e+03,1,1.0000000000000000e+00,-1.5902138728154092e+00,-7.3714162562450669e-02,-1.5902138728154078e+00,7.3623189882603968e-03,-3.4943235551683682e-01,7.3623189882610074e-03

3.9792770626079296e+03,0,1.0000000000000000e+00,1.1082015569342676e+00,1.7082696405314846e+00,1.1082015569342634e+00,-1.6559932787780524e-01,2.4663977461124947e-01,-1.6559932787780554e-01
3.9792770626079296e+03,1,1.0000000000000000e+00,-1.1082015569342676e+00,-1.7082696405314846e+00,-1.1082015569342634e+00,1.6559932787780524e-01,-2.4663977461124947e-01,1.6559932787780554e-01

3.9847606279117654e+03,0,1.0000000000000000e+00,-1.9233612476145412e-02,2.4775707357348780e+00,-1.9233612476150075e-02,-2.2471974502201514e-01,2.8293045669178646e-02,-2.2471974502201497e-01
3.9847606279117654e+03,1,1.0000000000000000e+00,1.9233612476145412e-02,-2.4775707357348780e+00,1.9233612476150075e-02,2.2471974502201514e-01,-2.8293045669178646e-02,2.2471974502201497e-01

3.9904586012914701e+03,0,1.0000000000000000e+00,-1.1947654248960733e+00,2.0336233461211277e+00,-1.1947654248960753e+00,-1.7285508701663499e-01,-1.7132463144148541e-01,-1.7285508701663449e-01
3.9904586012914701e+03,1,1.0000000000000000e+00,1.1947654248960733e+00,-2.0336233461211277e+00,1.1947654248960753e+00,1.7285508701663499e-01,1.7132463144148541e-01,1.7285508701663449e-01

3.9967906730111731e+03,0,1.0000000000000000e+00,-1.9032888768695573e+00,5.3425486429504954e-01,-1.9032888768695555e+00,-4.3752770563266596e-02,-2.7995737405283294e-01,-4.3752770563266069e-02
3.9967906730111731e+03,1,1.0000000000000000e+00,1.9032888768695573e+00,-5.3425486429504954e-01,1.9032888768695555e+00,4.3752770563266596e-02,2.7995737405283294e-01,4.3752770563266069e-02

4.0031192595648131e+03,0,1.0000000000000000e+00,-1.7166003535075507e+00,-1.2218049521897967e+00,-1.7166003535075463e+00,1.0103167479400330e-01,-2.5211103158434217e-01,1.0103167479400357e-01
4.0031192595648131e+03,1,1.0000000000000000e+00,1.7166003535075507e+00,1.2218049521897967e+00,1.7166003535075463e+00,-1.0103167479400330e-01,2.5211103158434217e-01,-1.0103167479400357e-01

4.0092723316381566e+03,0,1.0000000000000000e+00,-7.4072964582440037e-01,-2.3574933717383337e+00,-7.4072964582439538e-01,2.0537114473487200e-01,-9.7274051983176568e-02,2.0537114473487184e-01
4.0092723316381566e+03,1,1.0000000000000000e+00,7.4072964582440037e-01,2.3574933717383337e+00,7.4072964582439538e-01,-2.0537114473487200e-01,9.7274051983176568e-02,-2.0537114473487184e-01

4.0150520061501857e+03,0,1.0000000000000000e+00,5.2693429088536736e-01,-2.2818820913655942e+00,5.2693429088537036e-01,2.1363011281990096e-01,1.3044540676322627e-01,2.1363011281990044e-01
4.0150520061501857e+03,1,1.0000000000000000e+00,-5.2693429088536736e-01,2.2818820913655942e+00,-5.2693429088537036e-01,-2.1363011281990096e-01,-1.3044540676322627e-01,-2.1363011281990044e-01

4.0203467327315989e+03,0,1.0000000000000000e+00,1.4205399433330204e+00,-1.0656864082809405e+00,1.4205399433330199e+00,1.0531403643613692e-01,3.1254534684836999e-01,1.0531403643613624e-01
4.0203467327315989e+03,1,1.0000000000000000e+00,-1.4205399433330204e+00,1.0656864082809405e+00,-1.4205399433330199e+00,-1.0531403643613692e-01,-3.1254534684836999e-01,-1.0531403643613624e-01

4.0254824639732437e+03,0,1.0000000000000000e+00,1.5235669581033866e+00,6.8043096011123594e-01,1.5235669581033833e+00,-6.7675641307235093e-02,3.3484992715806383e-01,-6.7675641307235579e-02
4.0254824639732437e+03,1,1.0000000000000000e+00,-1.5235669581033866e+00,-6.8043096011123594e-01,-1.5235669581033833e+00,6.7675641307235093e-02,-3.3484992715806383e-01,6.7675641307235579e-02

4.0306476605034609e+03,0,1.0000000000000000e+00,7.9837346253632546e-01,2.0747729263616606e+00,7.9837346253632102e-01,-1.9739720322289778e-01,1.8369913383628447e-01,-1.9739720322289780e-01
4.0306476605034609e+03,1,1.0000000000000000e+00,-7.9837346253632546e-01,-2.0747729263616606e+00,-7.9837346253632102e-01,1.9739720322289778e-01,-1.8369913383628447e-01,1.9739720322289780e-01

4.0363407855566902e+03,0,1.0000000000000000e+00,-4.4315717985283443e-01,2.4590652789518117e+00,-4.4315717985283709e-01,-2.1777197698171827e-01,-4.6708888287931155e-02,-2.1777197698171794e-01
4.0363407855566902e+03,1,1.0000000000000000e+00,4.4315717985283443e-01,-2.4590652789518117e+00,4.4315717985283709e-01,2.1777197698171827e-01,4.6708888287931155e-02,2.1777197698171794e-01

4.0422961073448309e+03,0,1.0000000000000000e+00,-1.5281264178960559e+00,1.6036616775106594e+00,-1.5281264178960561e+00,-1.3392102127836381e-01,-2.2344412929205798e-01,-1.3392102127836331e-01
4.0422961073448309e+03,1,1.0000000000000000e+00,1.5281264178960559e+00,-1.6036616775106594e+00,1.5281264178960561e+00,1.3392102127836381e-01,2.2344412929205798e-01,1.3392102127836331e-01

4.0486918002802986e+03,0,1.0000000000000000e+00,-1.9431357961385327e+00,-9.9254940473703090e-02,-1.9431357961385300e+00,8.1118196866374892e-03,-2.8583166933354653e-01,8.1118196866379888e-03
4.0486918002802986e+03,1,1.0000000000000000e+00,1.9431357961385327e+00,9.9254940473703090e-02,1.9431357961385300e+00,-8.1118196866374892e-03,2.8583166933354653e-01,-8.1118196866379888e-03

4.0548870924403427e+03,0,1.0000000000000000e+00,-1.4596384119920667e+00,-1.7114164646156846e+00,-1.4596384119920618e+00,1.4343581696349472e-01,-2.1288592106942958e-01,1.4343581696349494e-01
4.0548870924403427e+03,1,1.0000000000000000e+00,1.4596384119920667e+00,1.7114164646156846e+00,1.4596384119920618e+00,-1.4343581696349472e-01,2.1288592106942958e-01,-1.4343581696349494e-01

4.0609527426567952e+03,0,1.0000000000000000e+00,-3.1048111026589886e-01,-2.4803434835214002e+00,-3.1048111026589353e-01,2.2129255977745382e-01,-2.3619240249815904e-02,2.2129255977745360e-01
4.0609527426567952e+03,1,1.0000000000000000e+00,3.1048111026589886e-01,2.4803434835214002e+00,3.1048111026589353e-01,-2.2129255977745382e-01,2.3619240249815904e-02,-2.2129255977745360e-01

4.0665529799835595e+03,0,1.0000000000000000e+00,8.9720964344438192e-01,-1.9757721582994980e+00,8.9720964344438481e-01,1.8909708327462008e-01,2.0352225983832808e-01,1.8909708327461944e-01
4.0665529799835595e+03,1,1.0000000000000000e+00,-8.9720964344438192e-01,1.9757721582994980e+00,-8.9720964344438481e-01,-1.8909708327462008e-01,-2.0352225983832808e-01,-1.8909708327461944e-01

4.0718570449407271e+03,0,1.0000000000000000e+00,1.5605047815280699e+00,-4.5996638916129706e-01,1.5605047815280688e+00,4.5854252201174700e-02,3.4291690615360398e-01,4.5854252201173951e-02
4.0718570449407271e+03,1,1.0000000000000000e+00,-1.5605047815280699e+00,4.5996638916129706e-01,-1.5605047815280688e+00,-4.5854252201174700e-02,-3.4291690615360398e-01,-4.5854252201173951e-02

4.0770455271280484e+03,0,1.0000000000000000e+00,1.3392355950591770e+00,1.2794058528358614e+00,1.3392355950591723e+00,-1.2579832202829283e-01,2.9514431852805045e-01,-1.2579832202829336e-01
4.0770455271280484e+03,1,1.0000000000000000e+00,-1.3392355950591770e+00,-1.2794058528358614e+00,-1.3392355950591723e+00,1.2579832202829283e-01,-2.9514431852805045e-01,1.2579832202829336e-01

4.0824559950660578e+03,0,1.0000000000000000e+00,3.4925685397848905e-01,2.3747866506222097e+00,3.4925685397848316e-01,-2.2002470895459320e-01,9.6499594827846313e-02,-2.2002470895459314e-01
4.0824559950660578e+03,1,1.0000000000000000e+00,-3.4925685397848905e-01,-2.3747866506222097e+00,-3.4925685397848316e-01,2.2002470895459320e-01,-9.6499594827846313e-02,2.2002470895459314e-01

4.0881479184358404e+03,0,1.0000000000000000e+00,-8.8777026312310392e-01,2.2774078532596302e+00,-8.8777026312310847e-01,-1.9680814360321150e-01,-1.2165588237302563e-01,-1.9680814360321097e-01
4.0881479184358404e+03,1,1.0000000000000000e+00,8.8777026312310392e-01,-2.2774078532596302e+00,8.8777026312310847e-01,1.9680814360321150e-01,1.2165588237302563e-01,1.9680814360321097e-01

4.0944296868656102e+03,0,1.0000000000000000e+00,-1.7954490162479670e+00,9.9985090709778657e-01,-1.7954490162479675e+00,-8.2340342202445155e-02,-2.6393777623417208e-01,-8.2340342202444433e-02
4.0944296868656102e+03,1,1.0000000000000000e+00,1.7954490162479670e+00,-9.9985090709778657e-01,1.7954490162479675e+00,8.2340342202445155e-02,2.6393777623417208e-01,8.2340342202444433e-02

4.1006915573127544e+03,0,1.0000000000000000e+00,-1.8614002341900200e+00,-7.5388738798869159e-01,-1.8614002341900162e+00,6.1873131314750834e-02,-2.7375601647560516e-01,6.1873131314751417e-02
4.1006915573127544e+03,1,1.0000000000000000e+00,1.8614002341900200e+00,7.5388738798869159e-01,1.8614002341900162e+00,-6.1873131314750834e-02,2.7375601647560516e-01,-6.1873131314751417e-02

4.1066649102407464e+03,0,1.0000000000000000e+00,-1.1182370695975290e+00,-2.1053578508106234e+00,-1.1182370695975226e+00,1.7968794801156165e-01,-1.5909636634923616e-01,1.7968794801156179e-01
4.1066649102407464e+03,1,1.0000000000000000e+00,1.1182370695975290e+00,2.1053578508106234e+00,1.1182370695975226e+00,-1.7968794801156165e-01,1.5909636634923616e-01,-1.7968794801156179e-01

4.1124369322928442e+03,0,1.0000000000000000e+00,9.4911315393616080e-02,-2.4579152827543509e+00,9.4911315393621853e-02,2.2439893886350865e-01,4.9112218562863463e-02,2.2439893886350826e-01
4.1124369322928442e+03,1,1.0000000000000000e+00,-9.4911315393616080e-02,2.4579152827543509e+00,-9.4911315393621853e-02,-2.2439893886350865e-01,-4.9112218562863463e-02,-2.2439893886350826e-01

4.1176977279277826e+03,0,1.0000000000000000e+00,1.1545352663770883e+00,-1.6365099303685691e+00,1.1545352663770907e+00,1.5909262854077399e-01,2.5625741256493673e-01,1.5909262854077316e-01
4.1176977279277826e+03,1,1.0000000000000000e+00,-1.1545352663770883e+00,1.6365099303685691e+00,-1.1545352663770907e+00,-1.5909262854077399e-01,-2.5625741256493673e-01,-1.5909262854077316e-01

4.1230156999842275e+03,0,1.0000000000000000e+00,1.5905345117943930e+00,5.6479842734343144e-02,1.5905345117943908e+00,-5.6411276228403584e-03,3.4950280701803171e-01,-5.6411276228411911e-03
4.1230156999842275e+03,1,1.0000000000000000e+00,-1.5905345117943930e+00,-5.6479842734343144e-02,-1.5905345117943908e+00,5.6411276228403584e-03,-3.4950280701803171e-01,5.6411276228411911e-03

4.1282444175980409e+03,0,1.0000000000000000e+00,1.1166952448339100e+00,1.6955300272741167e+00,1.1166952448339045e+00,-1.6444955992038135e-01,2.4839876501526004e-01,-1.6444955992038163e-01
4.1282444175980409e+03,1,1.0000000000000000e+00,-1.1166952448339100e+00,-1.6955300272741167e+00,-1.1166952448339045e+00,1.6444955992038135e-01,-2.4839876501526004e-01,1.6444955992038163e-01

4.1337935063210434e+03,0,1.0000000000000000e+00,-2.2391885756781083e-02,2.4779643569985343e+00,-2.2391885756785745e-02,-2.2471493878169163e-01,2.7720856595308319e-02,-2.2471493878169133e-01
4.1337935063210434e+03,1,1.0000000000000000e+00,2.2391885756781083e-02,-2.4779643569985343e+00,2.2391885756785745e-02,2.2471493878169163e-01,-2.7720856595308319e-02,2.2471493878169133e-01

4.1395686743613296e+03,0,1.0000000000000000e+00,-1.2104707751501877e+00,2.0178760040116281e+00,-1.2104707751501897e+00,-1.7137262322799232e-01,-1.7382177801837456e-01,-1.7137262322799171e-01
4.1395686743613296e+03,1,1.0000000000000000e+00,1.2104707751501877e+00,-2.0178760040116281e+00,1.2104707751501897e+00,1.7137262322799232e-01,1.7382177801837456e-01,1.7137262322799171e-01

4.1458451009949222e+03,0,1.0000000000000000e+00,-1.9048320533448573e+00,5.2428319203570717e-01,-1.9048320533448557e+00,-4.2932726696958412e-02,-2.8018532059008522e-01,-4.2932726696957801e-02
4.1458451009949222e+03,1,1.0000000000000000e+00,1.9048320533448573e+00,-5.2428319203570717e-01,1.9048320533448557e+00,4.2932726696958412e-02,2.8018532059008522e-01,4.2932726696957801e-02

4.1521115782258867e+03,0,1.0000000000000000e+00,-1.7192707186295733e+00,-1.2151173326903710e+00,-1.7192707186295686e+00,1.0046471206047139e-01,-2.5251315507182132e-01,1.0046471206047172e-01
4.1521115782258867e+03,1,1.0000000000000000e+00,1.7192707186295733e+00,1.2151173326903710e+00,1.7192707186295686e+00,-1.0046471206047139e-01,2.5251315507182132e-01,-1.0046471206047172e-01

4.1582027692531146e+03,0,1.0000000000000000e+00,-7.5883922350274835e-01,-2.3487618785758966e+00,-7.5883922350274280e-01,2.0440757976540289e-01,-1.0029813052614495e-01,2.0440757976540277e-01
4.1582027692531146e+03,1,1.0000000000000000e+00,7.5883922350274835e-01,2.3487618785758966e+00,7.5883922350274280e-01,-2.0440757976540289e-01,1.0029813052614495e-01,-2.0440757976540277e-01

4.1639302501709235e+03,0,1.0000000000000000e+00,4.9681002280582853e-01,-2.2998122201014621e+00,4.9681002280583231e-01,2.1492729505583871e-01,1.2464013221731715e-01,2.1492729505583816e-01
4.1639302501709235e+03,1,1.0000000000000000e+00,-4.9681002280582853e-01,2.2998122201014621e+00,-4.9681002280583231e-01,-2.1492729505583871e-01,-1.2464013221731715e-01,-2.1492729505583816e-01

4.1691746082277186e+03,0,1.0000000000000000e+00,1.3998832033606741e+00,-1.1249463350101068e+00,1.3998832033606741e+00,1.1102763842373548e-01,3.0810766967352654e-01,1.1102763842373471e-01
4.1691746082277186e+03,1,1.0000000000000000e+00,-1.3998832033606741e+00,1.1249463350101068e+00,-1.3998832033606741e+00,-1.1102763842373548e-01,-3.0810766967352654e-01,-1.1102763842373471e-01

4.1742566831593731e+03,0,1.0000000000000000e+00,1.5391285319980756e+00,5.9810125971003547e-01,1.5391285319980721e+00,-5.9545127647064655e-02,3.3824392170875817e-01,-5.9545127647065224e-02
4.1742566831593731e+03,1,1.0000000000000000e+00,-1.5391285319980756e+00,-5.9810125971003547e-01,-1.5391285319980721e+00,5.9545127647064655e-02,-3.3824392170875817e-01,5.9545127647065224e-02

4.1794432839708988e+03,0,1.0000000000000000e+00,8.4204745271953596e-01,2.0327948159443108e+00,8.4204745271953074e-01,-1.9391037856185703e-01,1.9242962342622866e-01,-1.9391037856185711e-01
4.1794432839708988e+03,1,1.0000000000000000e+00,-8.4204745271953596e-01,-2.0327948159443108e+00,-8.4204745271953074e-01,1.9391037856185703e-01,-1.9242962342622866e-01,1.9391037856185711e-01

4.1851603802984837e+03,0,1.0000000000000000e+00,-3.9964017517355510e-01,2.4676217500434823e+00,-3.9964017517355921e-01,-2.1906098380992139e-01,-3.9173334588028297e-02,-2.1906098380992101e-01
4.1851603802984837e+03,1,1.0000000000000000e+00,3.9964017517355510e-01,-2.4676217500434823e+00,3.9964017517355921e-01,2.1906098380992139e-01,3.9173334588028297e-02,2.1906098380992101e-01

4.1911456769018687e+03,0,1.0000000000000000e+00,-1.5051799813126716e+00,1.6411832698420765e+00,-1.5051799813126725e+00,-1.3721990028008496e-01,-2.1991515035592438e-01,-1.3721990028008429e-01
4.1911456769018687e+03,1,1.0000000000000000e+00,1.5051799813126716e+00,-1.6411832698420765e+00,1.5051799813126725e+00,1.3721990028008496e-01,2.1991515035592438e-01,1.3721990028008429e-01

4.1974151845056167e+03,0,1.0000000000000000e+00,-1.9445124781483487e+00,-1.4771594722718717e-02,-1.9445124781483454e+00,1.2071543144572261e-03,-2.8603419170007682e-01,1.2071543144578922e-03
4.1974151845056167e+03,1,1.0000000000000000e+00,1.9445124781483487e+00,1.4771594722718717e-02,1.9445124781483454e+00,-1.2071543144572261e-03,2.8603419170007682e-01,-1.2071543144578922e-03

4.2034895402966304e+03,0,1.0000000000000000e+00,-1.5177040724169033e+00,-1.6208915025975077e+00,-1.5177040724168971e+00,1.3543405405838677e-01,-2.2184231120262793e-01,1.3543405405838707e-01
4.2034895402966304e+03,1,1.0000000000000000e+00,1.5177040724169033e+00,1.6208915025975077e+00,1.5177040724168971e+00,-1.3543405405838677e-01,2.2184231120262793e-01,-1.3543405405838707e-01

4.2096971736420746e+03,0,1.0000000000000000e+00,-3.7100818759846810e-01,-2.4724082940016987e+00,-3.7100818759846166e-01,2.1983753628800262e-01,-3.4195305939044379e-02,2.1983753628800232e-01
4.2096971736420746e+03,1,1.0000000000000000e+00,3.7100818759846810e-01,2.4724082940016987e+00,3.7100818759846166e-01,-2.1983753628800262e-01,3.4195305939044379e-02,-2.1983753628800232e-01

4.2152160319540944e+03,0,1.0000000000000000e+00,8.2886965735869245e-01,-2.0457461520223639e+00,8.2886965735869578e-01,1.9499157384173579e-01,1.8979054580180518e-01,1.9499157384173502e-01
4.2152160319540944e+03,1,1.0000000000000000e+00,-8.2886965735869245e-01,2.0457461520223639e+00,-8.2886965735869578e-01,-1.9499157384173579e-01,-1.8979054580180518e-01,-1.9499157384173502e-01

4.2204433489656076e+03,0,1.0000000000000000e+00,1.5375054537430046e+00,-6.0724681365862621e-01,1.5375054537430033e+00,6.0449484128585501e-02,3.3788961765505521e-01,6.0449484128584613e-02
4.2204433489656076e+03,1,1.0000000000000000e+00,-1.5375054537430046e+00,6.0724681365862621e-01,-1.5375054537430033e+00,-6.0449484128585501e-02,-3.3788961765505521e-01,-6.0449484128584613e-02

4.2255474063691699e+03,0,1.0000000000000000e+00,1.4004457325255424e+00,1.1233839228358931e+00,1.4004457325255373e+00,-1.1087730845907484e-01,3.0822836670971360e-01,-1.1087730845907537e-01
4.2255474063691699e+03,1,1.0000000000000000e+00,-1.4004457325255424e+00,-1.1233839228358931e+00,-1.4004457325255373e+00,1.1087730845907484e-01,-3.0822836670971360e-01,1.1087730845907537e-01

4.2308407262186420e+03,0,1.0000000000000000e+00,4.8736793466855832e-01,2.3052430637065617e+00,4.8736793466855177e-01,-2.1531526959873720e-01,1.2282477061255445e-01,-2.1531526959873709e-01
4.2308407262186420e+03,1,1.0000000000000000e+00,-4.8736793466855832e-01,-2.3052430637065617e+00,-4.8736793466855177e-01,2.1531526959873720e-01,-1.2282477061255445e-01,2.1531526959873709e-01

4.2366724867078710e+03,0,1.0000000000000000e+00,-7.8900423408940024e-01,2.3335276584331934e+00,-7.8900423408940457e-01,-2.0274684205514207e-01,-1.0532202407306895e-01,-2.0274684205514140e-01
4.2366724867078710e+03,1,1.0000000000000000e+00,7.8900423408940024e-01,-2.3335276584331934e+00,7.8900423408940457e-01,2.0274684205514207e-01,1.0532202407306895e-01,2.0274684205514140e-01

4.2427601309587017e+03,0,1.0000000000000000e+00,-1.7335760968373617e+00,1.1784412307186010e+00,-1.7335760968373615e+00,-9.7359903821057581e-02,-2.5466546432894432e-01,-9.7359903821056790e-02
4.2427601309587017e+03,1,1.0000000000000000e+00,1.7335760968373617e+00,-1.1784412307186010e+00,1.7335760968373615e+00,9.7359903821057581e-02,2.5466546432894432e-01,9.7359903821056790e-02

4.2490206428100000e+03,0,1.0000000000000000e+00,-1.8986577239387463e+00,-5.6307098303908631e-01,-1.8986577239387414e+00,4.6123673140773785e-02,-2.7927307690584829e-01,4.6123673140774382e-02
4.2490206428100000e+03,1,1.0000000000000000e+00,1.8986577239387463e+00,5.6307098303908631e-01,1.8986577239387414e+00,-4.6123673140773785e-02,2.7927307690584829e-01,-4.6123673140774382e-02

4.2550193645091358e+03,0,1.0000000000000000e+00,-1.2341406989582797e+00,-1.9934450331639237e+00,-1.2341406989582731e+00,1.6908387695689697e-01,-1.7757737996108305e-01,1.6908387695689711e-01
4.2550193645091358e+03,1,1.0000000000000000e+00,1.2341406989582797e+00,1.9934450331639237e+00,1.2341406989582731e+00,-1.6908387695689697e-01,1.7757737996108305e-01,-1.6908387695689711e-01

4.2608430632201998e+03,0,1.0000000000000000e+00,-4.2730010670408936e-02,-2.4803069049927258e+00,-4.2730010670402274e-02,2.2466661766947560e-01,2.4041103165348993e-02,2.2466661766947518e-01
4.2608430632201998e+03,1,1.0000000000000000e+00,4.2730010670408936e-02,2.4803069049927258e+00,4.2730010670402274e-02,-2.2466661766947560e-01,-2.4041103165348993e-02,-2.2466661766947518e-01

4.2661567256736735e+03,0,1.0000000000000000e+00,1.0619253803893449e+00,-1.7746610921606267e+00,1.0619253803893478e+00,1.7155101789918645e-01,2.3708819319642860e-01,1.7155101789918556e-01
4.2661567256736735e+03,1,1.0000000000000000e+00,-1.0619253803893449e+00,1.7746610921606267e+00,-1.0619253803893478e+00,-1.7155101789918645e-01,-2.3708819319642860e-01,-1.7155101789918556e-01

4.2713581844868086e+03,0,1.0000000000000000e+00,1.5863666332503916e+00,-1.7979069481040222e-01,1.5863666332503896e+00,1.7952540049456844e-02,3.4858725296688126e-01,1.7952540049455901e-02
4.2713581844868086e+03,1,1.0000000000000000e+00,-1.5863666332503916e+00,1.7979069481040222e-01,-1.5863666332503896e+00,-1.7952540049456844e-02,-3.4858725296688126e-01,-1.7952540049455901e-02

4.2764518118559345e+03,0,1.0000000000000000e+00,1.2423983218890000e+00,1.4831269992082974e+00,1.2423983218889938e+00,-1.4496074731476957e-01,2.7464596687914450e-01,-1.4496074731477016e-01
4.2764518118559345e+03,1,1.0000000000000000e+00,-1.2423983218890000e+00,-1.4831269992082974e+00,-1.2423983218889938e+00,1.4496074731476957e-01,-2.7464596687914450e-01,1.4496074731477016e-01

4.2818742112359405e+03,0,1.0000000000000000e+00,1.8806426473881199e-01,2.4339154312102522e+00,1.8806426473880444e-01,-2.2340344326302747e-01,6.6306050254199889e-02,-2.2340344326302736e-01
4.2818742112359405e+03,1,1.0000000000000000e+00,-1.8806426473881199e-01,-2.4339154312102522e+00,-1.8806426473880444e-01,2.2340344326302747e-01,-6.6306050254199889e-02,2.2340344326302736e-01

4.2875490467919199e+03,0,1.0000000000000000e+00,-1.0240646061488645e+00,2.1831317707195090e+00,-1.0240646061488698e+00,-1.8727298721723307e-01,-1.4391013755948925e-01,-1.8727298721723240e-01
4.2875490467919199e+03,1,1.0000000000000000e+00,1.0240646061488645e+00,-2.1831317707195090e+00,1.0240646061488698e+00,1.8727298721723307e-01,1.4391013755948925e-01,1.8727298721723240e-01

4.2938773600993118e+03,0,1.0000000000000000e+00,-1.8513307849080285e+00,7.9706952639786866e-01,-1.8513307849080287e+00,-6.5451218888279261e-02,-2.7226129365950857e-01,-6.5451218888278345e-02
4.2938773600993118e+03,1,1.0000000000000000e+00,1.8513307849080285e+00,-7.9706952639786866e-01,1.8513307849080287e+00,6.5451218888279261e-02,2.7226129365950857e-01,6.5451218888278345e-02

4.3001321926116461e+03,0,1.0000000000000000e+00,-1.8087501086683875e+00,-9.5608174364665355e-01,-1.8087501086683826e+00,7.8681601166581072e-02,-2.6592332561076032e-01,7.8681601166581794e-02
4.3001321926116461e+03,1,1.0000000000000000e+00,1.8087501086683875e+00,9.5608174364665355e-01,1.8087501086683826e+00,-7.8681601166581072e-02,2.6592332561076032e-01,-7.8681601166581794e-02

4.3062574661461249e+03,0,1.0000000000000000e+00,-9.5041730516917766e-01,-2.2366114569537716e+00,-9.5041730516916922e-01,1.9262637131243571e-01,-1.3192577288040144e-01,1.9262637131243587e-01
4.3062574661461249e+03,1,1.0000000000000000e+00,9.5041730516917766e-01,2.2366114569537716e+00,9.5041730516916922e-01,-1.9262637131243571e-01,1.3192577288040144e-01,-1.9262637131243587e-01

4.3120603691335373e+03,0,1.0000000000000000e+00,3.0276368784234819e-01,-2.3941974065350289e+00,3.0276368784235530e-01,2.2122344810019390e-01,8.7732716612263034e-02,2.2122344810019332e-01
4.3120603691335373e+03,1,1.0000000000000000e+00,-3.0276368784234819e-01,2.3941974065350289e+00,-3.0276368784235530e-01,-2.2122344810019390e-01,-8.7732716612263034e-02,-2.2122344810019332e-01

4.3173620614617967e+03,0,1.0000000000000000e+00,1.2976304777561045e+00,-1.3723062727905724e+00,1.2976304777561074e+00,1.3458634268580114e-01,2.8630739690620893e-01,1.3458634268580003e-01
4.3173620614617967e+03,1,1.0000000000000000e+00,-1.2976304777561045e+00,1.3723062727905724e+00,-1.2976304777561074e+00,-1.3458634268580114e-01,-2.8630739690620893e-01,-1.3458634268580003e-01

4.3224740740855013e+03,0,1.0000000000000000e+00,1.5759794490643650e+00,3.2347315010928313e-01,1.5759794490643624e+00,-3.2278516455359368e-02,3.4630759522754251e-01,-3.2278516455360479e-02
4.3224740740855013e+03,1,1.0000000000000000e+00,-1.5759794490643650e+00,-3.2347315010928313e-01,-1.5759794490643624e+00,3.2278516455359368e-02,-3.4630759522754251e-01,3.2278516455360479e-02

4.3275457256650379e+03,0,1.0000000000000000e+00,1.0124391516443501e+00,1.8404662521712789e+00,1.0124391516443432e+00,-1.7737823812763753e-01,2.2693336682555323e-01,-1.7737823812763809e-01
4.3275457256650379e+03,1,1.0000000000000000e+00,-1.0124391516443501e+00,-1.8404662521712789e+00,-1.0124391516443432e+00,1.7737823812763753e-01,-2.2693336682555323e-01,1.7737823812763809e-01

4.3331137249215335e+03,0,1.0000000000000000e+00,-1.6339188158680074e-01,2.4873972896561569e+00,-1.6339188158680895e-01,-2.2376981749846819e-01,2.3841516272571361e-03,-2.2376981749846797e-01
4.3331137249215335e+03,1,1.0000000000000000e+00,1.6339188158680074e-01,-2.4873972896561569e+00,1.6339188158680895e-01,2.2376981749846819e-01,-2.3841516272571361e-03,2.2376981749846797e-01

4.3389204437992685e+03,0,1.0000000000000000e+00,-1.3199332810462823e+00,1.8973724411683834e+00,-1.3199332810462876e+00,-1.6020140219722506e-01,-1.9111053913776169e-01,-1.6020140219722429e-01
4.3389204437992685e+03,1,1.0000000000000000e+00,1.3199332810462823e+00,-1.8973724411683834e+00,1.3199332810462876e+00,1.6020140219722506e-01,1.9111053913776169e-01,1.6020140219722429e-01

4.3452106186347783e+03,0,1.0000000000000000e+00,-1.9285119634113248e+00,3.3424336923466624e-01,-1.9285119634113244e+00,-2.7337305798913358e-02,-2.8367859972640752e-01,-2.7337305798912359e-02
4.3452106186347783e+03,1,1.0000000000000000e+00,1.9285119634113248e+00,-3.3424336923466624e-01,1.9285119634113244e+00,2.7337305798913358e-02,2.8367859972640752e-01,2.7337305798912359e-02

4.3514281236783117e+03,0,1.0000000000000000e+00,-1.6523637392780750e+00,-1.3697930112814198e+00,-1.6523637392780688e+00,1.1364876657268172e-01,-2.4240401239690801e-01,1.1364876657268250e-01
4.3514281236783117e+03,1,1.0000000000000000e+00,1.6523637392780750e+00,1.3697930112814198e+00,1.6523637392780688e+00,-1.1364876657268172e-01,2.4240401239690801e-01,-1.1364876657268250e-01

4.3575689849016344e+03,0,1.0000000000000000e+00,-6.1860636560629789e-01,-2.4085218192948457e+00,-6.1860636560628945e-01,2.1123058504865433e-01,-7.6723125041819024e-02,2.1123058504865444e-01
4.3575689849016344e+03,1,1.0000000000000000e+00,6.1860636560629789e-01,2.4085218192948457e+00,6.1860636560628945e-01,-2.1123058504865433e-01,7.6723125041819024e-02,-2.1123058504865444e-01

4.3633094058869756e+03,0,1.0000000000000000e+00,6.4221025533808529e-01,-2.2044127430874427e+00,6.4221025533809240e-01,2.0778858529201505e-01,1.5285193662108310e-01,2.0778858529201444e-01
4.3633094058869756e+03,1,1.0000000000000000e+00,-6.4221025533808529e-01,2.2044127430874427e+00,-6.4221025533809240e-01,-2.0778858529201505e-01,-1.5285193662108310e-01,-2.0778858529201444e-01

4.3687123458124461e+03,0,1.0000000000000000e+00,1.4829180097666033e+00,-8.5639868183605428e-01,1.4829180097666059e+00,8.4961229863244378e-02,3.2601546281457267e-01,8.4961229863243240e-02
4.3687123458124461e+03,1,1.0000000000000000e+00,-1.4829180097666033e+00,8.5639868183605428e-01,-1.4829180097666059e+00,-8.4961229863244378e-02,-3.2601546281457267e-01,-8.4961229863243240e-02

4.3739712783005343e+03,0,1.0000000000000000e+00,1.4610630741628929e+00,9.3600863316648608e-01,1.4610630741628894e+00,-9.2732615025350754e-02,3.2128411606137769e-01,-9.2732615025351836e-02
4.3739712783005343e+03,1,1.0000000000000000e+00,-1.4610630741628929e+00,-9.3600863316648608e-01,-1.4610630741628894e+00,9.2732615025350754e-02,-3.2128411606137769e-01,9.2732615025351836e-02

4.3793154208367987e+03,0,1.0000000000000000e+00,6.0311922375706872e-01,2.2323058625058723e+00,6.0311922375706106e-01,-2.0993102175272046e-01,1.4521944004061352e-01,-2.0993102175272094e-01
4.3793154208367987e+03,1,1.0000000000000000e+00,-6.0311922375706872e-01,-2.2323058625058723e+00,-6.0311922375706106e-01,2.0993102175272046e-01,-1.4521944004061352e-01,2.0993102175272094e-01

4.3849582148425225e+03,0,1.0000000000000000e+00,-6.3747979286294776e-01,2.4015099955377748e+00,-6.3747979286295586e-01,-2.1039648792298704e-01,-7.9917227697966303e-02,-2.1039648792298674e-01
4.3849582148425225e+03,1,1.0000000000000000e+00,6.3747979286294776e-01,-2.4015099955377748e+00,6.3747979286295586e-01,2.1039648792298704e-01,7.9917227697966303e-02,2.1039648792298674e-01

4.3908402901455402e+03,0,1.0000000000000000e+00,-1.6328306547410483e+00,1.4105727904042134e+00,-1.6328306547410532e+00,-1.1715165162213644e-01,-2.3943937680731539e-01,-1.1715165162213563e-01
4.3908402901455402e+03,1,1.0000000000000000e+00,1.6328306547410483e+00,-1.4105727904042134e+00,1.6328306547410532e+00,1.1715165162213644e-01,2.3943937680731539e-01,1.1715165162213563e-01

4.3971083264947792e+03,0,1.0000000000000000e+00,-1.9315938226394294e+00,-3.0053512636122948e-01,-1.9315938226394282e+00,2.4576456665701477e-02,-2.8413261193426831e-01,2.4576456665702448e-02
4.3971083264947792e+03,1,1.0000000000000000e+00,1.9315938226394294e+00,3.0053512636122948e-01,1.9315938226394282e+00,-2.4576456665701477e-02,2.8413261193426831e-01,-2.4576456665702448e-02

4.4031484532024679e+03,0,1.0000000000000000e+00,-1.3778081020167723e+00,-1.8252113984254388e+00,-1.3778081020167663e+00,1.5363617017642994e-01,-2.0017039899244904e-01,1.5363617017643066e-01
4.4031484532024679e+03,1,1.0000000000000000e+00,1.3778081020167723e+00,1.8252113984254388e+00,1.3778081020167663e+00,-1.5363617017642994e-01,2.0017039899244904e-01,-1.5363617017643066e-01

4.4090468329573059e+03,0,1.0000000000000000e+00,-2.2528917749788757e-01,-2.4865317507242675e+00,-2.2528917749787869e-01,2.2291085202856642e-01,-8.6110456067751140e-03,2.2291085202856656e-01
4.4090468329573059e+03,1,1.0000000000000000e+00,2.2528917749788757e-01,2.4865317507242675e+00,2.2528917749787869e-01,-2.2291085202856642e-01,8.6110456067751140e-03,-2.2291085202856656e-01

4.4144745761224203e+03,0,1.0000000000000000e+00,9.3671809587209975e-01,-1.9319824308412952e+00,9.3671809587210708e-01,1.8534709193872304e-01,2.1151247336006401e-01,1.8534709193872234e-01
4.4144745761224203e+03,1,1.0000000000000000e+00,-9.3671809587209975e-01,1.9319824308412952e+00,-9.3671809587210708e-01,-1.8534709193872304e-01,-2.1151247336006401e-01,-1.8534709193872234e-01

4.4197450492419675e+03,0,1.0000000000000000e+00,1.5681029102600326e+00,-3.9897671734415097e-01,1.5681029102600350e+00,3.9793132671646081e-02,3.4458092613092617e-01,3.9793132671644943e-02
4.4197450492419675e+03,1,1.0000000000000000e+00,-1.5681029102600326e+00,3.9897671734415097e-01,-1.5681029102600350e+00,-3.9793132671646081e-02,-3.4458092613092617e-01,-3.9793132671644943e-02

4.4249025648883326e+03,0,1.0000000000000000e+00,1.3205136573259457e+00,1.3223391274132477e+00,1.3205136573259422e+00,-1.2986931831539320e-01,2.9116215749849139e-01,-1.2986931831539431e-01
4.4249025648883326e+03,1,1.0000000000000000e+00,-1.3205136573259457e+00,-1.3223391274132477e+00,-1.3205136573259422e+00,1.2986931831539320e-01,-2.9116215749849139e-01,1.2986931831539431e-01

4.4303655923468905e+03,0,1.0000000000000000e+00,3.0535438788821923e-01,2.3931669905966908e+00,3.0535438788821168e-01,-2.2116155327668716e-01,8.8219978850208575e-02,-2.2116155327668768e-01
4.4303655923468905e+03,1,1.0000000000000000e+00,-3.0535438788821923e-01,-2.3931669905966908e+00,-3.0535438788821168e-01,2.2116155327668716e-01,-8.8219978850208575e-02,2.2116155327668768e-01

4.4361112795766539e+03,0,1.0000000000000000e+00,-9.3710827765811766e-01,2.2456299454785804e+00,-9.3710827765812654e-01,-1.9354268477861097e-01,-1.2974982802293103e-01,-1.9354268477861075e-01
4.4361112795766539e+03,1,1.0000000000000000e+00,9.3710827765811766e-01,-2.2456299454785804e+00,9.3710827765812654e-01,1.9354268477861097e-01,1.2974982802293103e-01,1.9354268477861075e-01

4.4422320139420608e+03,0,1.0000000000000000e+00,-1.8029097011312634e+00,9.7558652395555190e-01,-1.8029097011312687e+00,-8.0311055421439584e-02,-2.6505182308272501e-01,-8.0311055421438793e-02
4.4422320139420608e+03,1,1.0000000000000000e+00,1.8029097011312634e+00,-9.7558652395555190e-01,1.8029097011312687e+00,8.0311055421439584e-02,2.6505182308272501e-01,8.0311055421438793e-02

4.4484708889168005e+03,0,1.0000000000000000e+00,-1.8570934091363278e+00,-7.7268413181454099e-01,-1.8570934091363271e+00,6.3429928757538126e-02,-2.7311689579200171e-01,6.3429928757539111e-02
4.4484708889168005e+03,1,1.0000000000000000e+00,1.8570934091363278e+00,7.7268413181454099e-01,1.8570934091363271e+00,-6.3429928757538126e-02,2.7311689579200171e-01,-6.3429928757539111e-02

4.4544183742387959e+03,0,1.0000000000000000e+00,-1.1105189559658737e+00,-2.1121525213553314e+00,-1.1105189559658681e+00,1.8034261582626784e-01,-1.5785752675823359e-01,1.8034261582626857e-01
4.4544183742387959e+03,1,1.0000000000000000e+00,1.1105189559658737e+00,2.1121525213553314e+00,1.1105189559658681e+00,-1.8034261582626784e-01,1.5785752675823359e-01,-1.8034261582626857e-01

4.4601644421934461e+03,0,1.0000000000000000e+00,9.8708048754162281e-02,-2.4570783765428814e+00,9.8708048754171163e-02,2.2437147401694674e-01,4.9809407380023735e-02,2.2437147401694679e-01
4.4601644421934461e+03,1,1.0000000000000000e+00,-9.8708048754162281e-02,2.4570783765428814e+00,-9.8708048754171163e-02,-2.2437147401694674e-01,-4.9809407380023735e-02,-2.2437147401694679e-01

4.4654017173144712e+03,0,1.0000000000000000e+00,1.1534847597059072e+00,-1.6382004863393309e+00,1.1534847597059135e+00,1.5924674116275425e-01,2.5603875146707428e-01,1.5924674116275353e-01
4.4654017173144712e+03,1,1.0000000000000000e+00,-1.1534847597059072e+00,1.6382004863393309e+00,-1.1534847597059135e+00,-1.5924674116275425e-01,-2.5603875146707428e-01,-1.5924674116275353e-01

4.4706965994008197e+03,0,1.0000000000000000e+00,1.5906866109943496e+00,4.6102631288802431e-02,1.5906866109943507e+00,-4.6047102912532556e-03,3.4953622758153829e-01,-4.6047102912543936e-03
4.4706965994008197e+03,1,1.0000000000000000e+00,-1.5906866109943496e+00,-4.6102631288802431e-02,-1.5906866109943507e+00,4.6047102912532556e-03,-3.4953622758153829e-01,4.6047102912543936e-03

4.4758987333100822e+03,0,1.0000000000000000e+00,1.1259137608619982e+00,1.6814979034652300e+00,1.1259137608619938e+00,-1.6318039630790673e-01,2.5030992785632078e-01,-1.6318039630790776e-01
4.4758987333100822e+03,1,1.0000000000000000e+00,-1.1259137608619982e+00,-1.6814979034652300e+00,-1.1259137608619938e+00,1.6318039630790673e-01,-2.5030992785632078e-01,1.6318039630790776e-01

4.4814162511350014e+03,0,1.0000000000000000e+00,-2.6509137801331573e-03,2.4753720569196158e+00,-2.6509137801413729e-03,-2.2473302975067067e-01,3.1300746233462767e-02,-2.2473302975067103e-01
4.4814162511350014e+03,1,1.0000000000000000e+00,2.6509137801331573e-03,-2.4753720569196158e+00,2.6509137801413729e-03,2.2473302975067067e-01,-3.1300746233462767e-02,2.2473302975067103e-01

4.4871525453267768e+03,0,1.0000000000000000e+00,-1.1886242323791816e+00,2.0396827773371964e+00,-1.1886242323791889e+00,-1.7342709776592768e-01,-1.7034704205058382e-01,-1.7342709776592732e-01
4.4871525453267768e+03,1,1.0000000000000000e+00,1.1886242323791816e+00,-2.0396827773371964e+00,1.1886242323791889e+00,1.7342709776592768e-01,1.7034704205058382e-01,1.7342709776592732e-01

4.4935301847430428e+03,0,1.0000000000000000e+00,-1.9037295375582217e+00,5.3142740200055005e-01,-1.9037295375582248e+00,-4.3520227379824805e-02,-2.8002246886655735e-01,-4.3520227379823972e-02
4.4935301847430428e+03,1,1.0000000000000000e+00,1.9037295375582217e+00,-5.3142740200055005e-01,1.9037295375582248e+00,4.3520227379824805e-02,2.8002246886655735e-01,4.3520227379823972e-02

4.4997581591931103e+03,0,1.0000000000000000e+00,-1.7256574137079566e+00,-1.1989235462966144e+00,-1.7256574137079541e+00,9.9092897929340534e-02,-2.5347445817420422e-01,9.9092897929341450e-02
4.4997581591931103e+03,1,1.0000000000000000e+00,1.7256574137079566e+00,1.1989235462966144e+00,1.7256574137079541e+00,-9.9092897929340534e-02,2.5347445817420422e-01,-9.9092897929341450e-02

4.5059931568567345e+03,0,1.0000000000000000e+00,-7.4249298980230249e-01,-2.3566567095737252e+00,-7.4249298980229539e-01,2.0527841614578660e-01,-9.7568772751416816e-02,2.0527841614578712e-01
4.5059931568567345e+03,1,1.0000000000000000e+00,7.4249298980230249e-01,2.3566567095737252e+00,7.4249298980229539e-01,-2.0527841614578660e-01,9.7568772751416816e-02,-2.0527841614578712e-01

4.5116212846174440e+03,0,1.0000000000000000e+00,4.9260544798927808e-01,-2.3022416340547149e+00,4.9260544798928629e-01,2.1510114644003051e-01,1.2383150026868076e-01,2.1510114644003031e-01
4.5116212846174440e+03,1,1.0000000000000000e+00,-4.9260544798927808e-01,2.3022416340547149e+00,-4.9260544798928629e-01,-2.1510114644003051e-01,-1.2383150026868076e-01,-2.1510114644003031e-01

4.5169145838143440e+03,0,1.0000000000000000e+00,1.4031330812143863e+00,-1.1158819356043901e+00,1.4031330812143918e+00,1.1015525306302114e-01,3.0880508437033793e-01,1.1015525306302021e-01
4.5169145838143440e+03,1,1.0000000000000000e+00,-1.4031330812143863e+00,1.1158819356043901e+00,-1.4031330812143918e+00,-1.1015525306302114e-01,-3.0880508437033793e-01,-1.1015525306302021e-01

4.5220443278513458e+03,0,1.0000000000000000e+00,1.5344410752242905e+00,6.2412563548528310e-01,1.5344410752242901e+00,-6.2117792711161648e-02,3.3722088650797094e-01,-6.2117792711162967e-02
4.5220443278513458e+03,1,1.0000000000000000e+00,-1.5344410752242905e+00,-6.2412563548528310e-01,-1.5344410752242901e+00,6.2117792711161648e-02,-3.3722088650797094e-01,6.2117792711162967e-02

4.5271929858826325e+03,0,1.0000000000000000e+00,8.3445084047372420e-01,2.0402914900527862e+00,8.3445084047371743e-01,-1.9453678311925682e-01,1.9090776317185393e-01,-1.9453678311925779e-01
4.5271929858826325e+03,1,1.0000000000000000e+00,-8.3445084047372420e-01,-2.0402914900527862e+00,-8.3445084047371743e-01,1.9453678311925682e-01,-1.9090776317185393e-01,1.9453678311925779e-01

4.5328655604081077e+03,0,1.0000000000000000e+00,-3.9845514196863607e-01,2.4678330898252954e+00,-3.9845514196864662e-01,-2.1909424957467388e-01,-3.8967617696289453e-02,-2.1909424957467402e-01
4.5328655604081077e+03,1,1.0000000000000000e+00,3.9845514196863607e-01,-2.4678330898252954e+00,3.9845514196864662e-01,2.1909424957467388e-01,3.8967617696289453e-02,2.1909424957467402e-01

4.5387979877339039e+03,0,1.0000000000000000e+00,-1.4971501525868041e+00,1.6539635993278399e+00,-1.4971501525868136e+00,-1.3834691789184150e-01,-2.1867821320005562e-01,-1.3834691789184081e-01
4.5387979877339039e+03,1,1.0000000000000000e+00,1.4971501525868041e+00,-1.6539635993278399e+00,1.4971501525868136e+00,1.3834691789184150e-01,2.1867821320005562e-01,1.3834691789184081e-01

4.5451792972678386e+03,0,1.0000000000000000e+00,-1.9444143852682674e+00,-3.0080791936754281e-02,-1.9444143852682703e+00,2.4582546183366527e-03,-2.8601976229966269e-01,2.4582546183378462e-03
4.5451792972678386e+03,1,1.0000000000000000e+00,1.9444143852682674e+00,3.0080791936754281e-02,1.9444143852682703e+00,-2.4582546183366527e-03,2.8601976229966269e-01,-2.4582546183378462e-03

4.5513675890622717e+03,0,1.0000000000000000e+00,-1.4947519790423849e+00,-1.6577465065086996e+00,-1.4947519790423804e+00,1.3868084780613005e-01,-2.1830858907506190e-01,1.3868084780613127e-01
4.5513675890622717e+03,1,1.0000000000000000e+00,1.4947519790423849e+00,1.6577465065086996e+00,1.4947519790423804e+00,-1.3868084780613005e-01,2.1830858907506190e-01,-1.3868084780613127e-01

4.5574361540362543e+03,0,1.0000000000000000e+00,-3.6476445695093629e-01,-2.4733636996824790e+00,-3.6476445695092607e-01,2.1999934649212485e-01,-3.3107636269262664e-02,2.1999934649212538e-01
4.5574361540362543e+03,1,1.0000000000000000e+00,3.6476445695093629e-01,2.4733636996824790e+00,3.6476445695092607e-01,-2.1999934649212485e-01,3.3107636269262664e-02,-2.1999934649212538e-01

4.5630519157698136e+03,0,1.0000000000000000e+00,8.5317553726531692e-01,-2.0216609085869308e+00,8.5317553726532691e-01,1.9297721223852848e-01,1.9466146536947976e-01,1.9297721223852798e-01
4.5630519157698136e+03,1,1.0000000000000000e+00,-8.5317553726531692e-01,2.0216609085869308e+00,-8.5317553726532691e-01,-1.9297721223852848e-01,-1.9466146536947976e-01,-1.9297721223852798e-01

4.5683618945163062e+03,0,1.0000000000000000e+00,1.5493514799381862e+00,-5.3670607865753595e-01,1.5493514799381911e+00,5.3467055424353954e-02,3.4047716074021650e-01,5.3467055424352594e-02
4.5683618945163062e+03,1,1.0000000000000000e+00,-1.5493514799381862e+00,5.3670607865753595e-01,-1.5493514799381911e+00,-5.3467055424353954e-02,-3.4047716074021650e-01,-5.3467055424352594e-02

4.5735521989618746e+03,0,1.0000000000000000e+00,1.3665544893625943e+00,1.2130107715217233e+00,1.3665544893625914e+00,-1.1947193683711912e-01,3.0097163593237253e-01,-1.1947193683712060e-01
4.5735521989618746e+03,1,1.0000000000000000e+00,-1.3665544893625943e+00,-1.2130107715217233e+00,-1.3665544893625914e+00,1.1947193683711912e-01,-3.0097163593237253e-01,1.1947193683712060e-01

4.5789566809155167e+03,0,1.0000000000000000e+00,3.9941432364109697e-01,2.3516266160250159e+00,3.9941432364108787e-01,-2.1851794869156266e-01,1.0601087593432540e-01,-2.1851794869156349e-01
4.5789566809155167e+03,1,1.0000000000000000e+00,-3.9941432364109697e-01,-2.3516266160250159e+00,-3.9941432364108787e-01,2.1851794869156266e-01,-1.0601087593432540e-01,2.1851794869156349e-01

4.5846491253640279e+03,0,1.0000000000000000e+00,-8.4253356496177889e-01,2.3043220749664131e+00,-8.4253356496178999e-01,-1.9962509041146315e-01,-1.1419649967801632e-01,-1.9962509041146306e-01
4.5846491253640279e+03,1,1.0000000000000000e+00,8.4253356496177889e-01,-2.3043220749664131e+00,8.4253356496178999e-01,1.9962509041146315e-01,1.1419649967801632e-01,1.9962509041146306e-01

4.5907280407834232e+03,0,1.0000000000000000e+00,-1.7579134540084840e+00,1.1124356024037014e+00,-1.7579134540084920e+00,-9.1790539347274686e-02,-2.5831978335620531e-01,-9.1790539347273742e-02
4.5907280407834232e+03,1,1.0000000000000000e+00,1.7579134540084840e+00,-1.1124356024037014e+00,1.7579134540084920e+00,9.1790539347274686e-02,2.5831978335620531e-01,9.1790539347273742e-02

4.5971388834856407e+03,0,1.0000000000000000e+00,-1.8779501158588725e+00,-6.7631191508176314e-01,-1.8779501158588729e+00,5.5458944869908572e-02,-2.7620932895843509e-01,5.5458944869909960e-02
4.5971388834856407e+03,1,1.0000000000000000e+00,1.8779501158588725e+00,6.7631191508176314e-01,1.8779501158588729e+00,-5.5458944869908572e-02,2.7620932895843509e-01,-5.5458944869909960e-02

4.6032738007206199e+03,0,1.0000000000000000e+00,-1.1397817660751328e+00,-2.0859746025866679e+00,-1.1397817660751253e+00,1.7782785837193485e-01,-1.6254909128255740e-01,1.7782785837193599e-01
4.6032738007206199e+03,1,1.0000000000000000e+00,1.1397817660751328e+00,2.0859746025866679e+00,1.1397817660751253e+00,-1.7782785837193485e-01,1.6254909128255740e-01,-1.7782785837193599e-01

4.6091303436981170e+03,0,1.0000000000000000e+00,8.6831529467489954e-02,-2.4596567227149131e+00,8.6831529467502611e-02,2.2445373563673568e-01,4.7629550696235645e-02,2.2445373563673593e-01
4.6091303436981170e+03,1,1.0000000000000000e+00,-8.6831529467489954e-02,2.4596567227149131e+00,-8.6831529467502611e-02,-2.2445373563673568e-01,-4.7629550696235645e-02,-2.2445373563673593e-01

4.6144679193360689e+03,0,1.0000000000000000e+00,1.1610032952656950e+00,-1.6260327486754884e+00,1.1610032952657052e+00,1.5813666620779410e-01,2.5760434077277483e-01,1.5813666620779310e-01
4.6144679193360689e+03,1,1.0000000000000000e+00,-1.1610032952656950e+00,1.6260327486754884e+00,-1.1610032952657052e+00,-1.5813666620779410e-01,-2.5760434077277483e-01,-1.5813666620779310e-01

4.6197084575800382e+03,0,1.0000000000000000e+00,1.5907178395491059e+00,4.3667805019783845e-02,1.5907178395491088e+00,-4.3615294881391153e-03,3.4954308947117052e-01,-4.3615294881409472e-03
4.6197084575800382e+03,1,1.0000000000000000e+00,-1.5907178395491059e+00,-4.3667805019783845e-02,-1.5907178395491088e+00,4.3615294881391153e-03,-3.4954308947117052e-01,4.3615294881409472e-03

4.6248534391175244e+03,0,1.0000000000000000e+00,1.1363298272147786e+00,1.6653790847327905e+00,1.1363298272147722e+00,-1.6171901988366874e-01,2.5247195518718235e-01,-1.6171901988367038e-01
4.6248534391175244e+03,1,1.0000000000000000e+00,-1.1363298272147786e+00,-1.6653790847327905e+00,-1.1363298272147722e+00,1.6171901988366874e-01,-2.5247195518718235e-01,1.6171901988367038e-01

4.6303615225645754e+03,0,1.0000000000000000e+00,1.3878647580587433e-02,2.4729593748503511e+00,1.3878647580574555e-02,-2.2472620954216255e-01,3.4304485904450482e-02,-2.2472620954216316e-01
4.6303615225645754e+03,1,1.0000000000000000e+00,-1.3878647580587433e-02,-2.4729593748503511e+00,-1.3878647580574555e-02,2.2472620954216255e-01,-3.4304485904450482e-02,2.2472620954216316e-01

4.6360907370762379e+03,0,1.0000000000000000e+00,-1.1745882681854622e+00,2.0533281980039306e+00,-1.1745882681854751e+00,-1.7471853509325047e-01,-1.6811030474219577e-01,-1.7471853509324992e-01
4.6360907370762379e+03,1,1.0000000000000000e+00,1.1745882681854622e+00,-2.0533281980039306e+00,1.1745882681854751e+00,1.7471853509325047e-01,1.6811030474219577e-01,1.7471853509324992e-01

4.6424624973955406e+03,0,1.0000000000000000e+00,-1.8998784063237117e+00,5.5562809238004518e-01,-1.8998784063237184e+00,-4.5511128831408842e-02,-2.7945347611212118e-01,-4.5511128831407510e-02
4.6424624973955406e+03,1,1.0000000000000000e+00,1.8998784063237117e+00,-5.5562809238004518e-01,1.8998784063237184e+00,4.5511128831408842e-02,2.7945347611212118e-01,4.5511128831407510e-02

4.6486917625154410e+03,0,1.0000000000000000e+00,-1.7340241538146586e+00,-1.1772684905404540e+00,-1.7340241538146559e+00,9.7260749285413312e-02,-2.5473282483429405e-01,9.7260749285414866e-02
4.6486917625154410e+03,1,1.0000000000000000e+00,1.7340241538146586e+00,1.1772684905404540e+00,1.7340241538146559e+00,-9.7260749285413312e-02,2.5473282483429405e-01,-9.7260749285414866e-02

4.6547521778319096e+03,0,1.0000000000000000e+00,-7.9545255581279251e-01,-2.3301578392110760e+00,-7.9545255581278163e-01,2.0238270533866509e-01,-1.0639382392839844e-01,2.0238270533866606e-01
4.6547521778319096e+03,1,1.0000000000000000e+00,7.9545255581279251e-01,2.3301578392110760e+00,7.9545255581278163e-01,-2.0238270533866509e-01,1.0639382392839844e-01,-2.0238270533866606e-01

4.6604600000479832e+03,0,1.0000000000000000e+00,4.5372444175468507e-01,-2.3238733326131338e+00,4.5372444175469839e-01,2.1662701137630194e-01,1.1637272937492402e-01,2.1662701137630178e-01
4.6604600000479832e+03,1,1.0000000000000000e+00,-4.5372444175468507e-01,2.3238733326131338e+00,-4.5372444175469839e-01,-2.1662701137630194e-01,-1.1637272937492402e-01,-2.1662701137630178e-01

4.6656834123077224e+03,0,1.0000000000000000e+00,1.3746735064849362e+00,-1.1923273448831619e+00,1.3746735064849456e+00,1.1749390794024429e-01,3.0270728669375024e-01,1.1749390794024296e-01
4.6656834123077224e+03,1,1.0000000000000000e+00,-1.3746735064849362e+00,1.1923273448831619e+00,-1.3746735064849456e+00,-1.1749390794024429e-01,-3.0270728669375024e-01,-1.1749390794024296e-01

4.6708546182598866e+03,0,1.0000000000000000e+00,1.5466676591257342e+00,5.5351993936564159e-01,1.5466676591257349e+00,-5.5132788628055943e-02,3.3989059356867340e-01,-5.5132788628057885e-02
4.6708546182598866e+03,1,1.0000000000000000e+00,-1.5466676591257342e+00,-5.5351993936564159e-01,-1.5466676591257349e+00,5.5132788628055943e-02,-3.3989059356867340e-01,5.5132788628057885e-02

4.6760353053410427e+03,0,1.0000000000000000e+00,8.6853538147604414e-01,2.0059907455079475e+00,8.6853538147603593e-01,-1.9165825165714279e-01,1.9774693244601230e-01,-1.9165825165714429e-01
4.6760353053410427e+03,1,1.0000000000000000e+00,-8.6853538147604414e-01,-2.0059907455079475e+00,-8.6853538147603593e-01,1.9165825165714279e-01,-1.9774693244601230e-01,1.9165825165714429e-01

4.6817441115995025e+03,0,1.0000000000000000e+00,-3.6766321413513059e-01,2.4729240641623096e+00,-3.6766321413514480e-01,-2.1992455861419305e-01,-3.3612699774533294e-02,-2.1992455861419341e-01
4.6817441115995025e+03,1,1.0000000000000000e+00,3.6766321413513059e-01,-2.4729240641623096e+00,3.6766321413514480e-01,2.1992455861419305e-01,3.3612699774533294e-02,2.1992455861419341e-01

4.6877202738945125e+03,0,1.0000000000000000e+00,-1.4837047181674892e+00,1.6749744783754199e+00,-1.4837047181675018e+00,-1.4020361318807545e-01,-2.1660469817947406e-01,-1.4020361318807464e-01
4.6877202738945125e+03,1,1.0000000000000000e+00,1.4837047181674892e+00,-1.6749744783754199e+00,1.4837047181675018e+00,1.4020361318807545e-01,2.1660469817947406e-01,1.4020361318807464e-01

4.6939879376276940e+03,0,1.0000000000000000e+00,-1.9444147481101313e+00,3.0038545343702205e-02,-1.9444147481101361e+00,-2.4548021074913828e-03,-2.8601981567373969e-01,-2.4548021074899395e-03
4.6939879376276940e+03,1,1.0000000000000000e+00,1.9444147481101313e+00,-3.0038545343702205e-02,1.9444147481101361e+00,2.4548021074913828e-03,2.8601981567373969e-01,2.4548021074899395e-03

4.7000732616529049e+03,0,1.0000000000000000e+00,-1.5372280835652858e+00,-1.5883515353700897e+00,-1.5372280835652816e+00,1.3257906545105561e-01,-2.2484153656849429e-01,1.3257906545105708e-01
4.7000732616529049e+03,1,1.0000000000000000e+00,1.5372280835652858e+00,1.5883515353700897e+00,1.5372280835652816e+00,-1.3257906545105561e-01,2.2484153656849429e-01,-1.3257906545105708e-01

4.7061858483434316e+03,0,1.0000000000000000e+00,-4.2375772198197592e-01,-2.4630714032414329e+00,-4.2375772198196371e-01,2.1836282853870681e-01,-4.3354131558118847e-02,2.1836282853870756e-01
4.7061858483434316e+03,1,1.0000000000000000e+00,4.2375772198197592e-01,2.4630714032414329e+00,4.2375772198196371e-01,-2.1836282853870681e-01,4.3354131558118847e-02,-2.1836282853870756e-01

4.7116340490567709e+03,0,1.0000000000000000e+00,7.6740505178840412e-01,-2.1029434705606116e+00,7.6740505178841678e-01,1.9970711351693740e-01,1.7753612100900265e-01,1.9970711351693690e-01
4.7116340490567709e+03,1,1.0000000000000000e+00,-7.6740505178840412e-01,2.1029434705606116e+00,-7.6740505178841678e-01,-1.9970711351693740e-01,-1.7753612100900265e-01,-1.9970711351693690e-01

4.7169674092821642e+03,0,1.0000000000000000e+00,1.5243900997915998e+00,-6.7634491191463697e-01,1.5243900997916064e+00,6.7272708932895220e-02,3.3502928955292910e-01,6.7272708932893610e-02
4.7169674092821642e+03,1,1.0000000000000000e+00,-1.5243900997915998e+00,6.7634491191463697e-01,-1.5243900997916064e+00,-6.7272708932895220e-02,-3.3502928955292910e-01,-6.7272708932893610e-02

4.7221248226340686e+03,0,1.0000000000000000e+00,1.4169544355854378e+00,1.0762628597446706e+00,1.4169544355854351e+00,-1.0633552010274491e-01,3.1177425644702167e-01,-1.0633552010274686e-01
4.7221248226340686e+03,1,1.0000000000000000e+00,-1.4169544355854378e+00,-1.0762628597446706e+00,-1.4169544355854351e+00,1.0633552010274491e-01,-3.1177425644702167e-01,1.0633552010274686e-01

4.7274730805361060e+03,0,1.0000000000000000e+00,5.0822437219005656e-01,2.2931270362397154e+00,5.0822437219004524e-01,-2.1444648774153557e-01,1.2683737969438832e-01,-2.1444648774153674e-01
4.7274730805361060e+03,1,1.0000000000000000e+00,-5.0822437219005656e-01,-2.2931270362397154e+00,-5.0822437219004524e-01,2.1444648774153557e-01,-1.2683737969438832e-01,2.1444648774153674e-01

4.7331133215811788e+03,0,1.0000000000000000e+00,-7.3003156627636567e-01,2.3625071247553340e+00,-7.3003156627638033e-01,-2.0592868384673993e-01,-9.5484780347670356e-02,-2.0592868384673987e-01
4.7331133215811788e+03,1,1.0000000000000000e+00,7.3003156627636567e-01,-2.3625071247553340e+00,7.3003156627638033e-01,2.0592868384673993e-01,9.5484780347670356e-02,2.0592868384673987e-01

4.7391516799686497e+03,0,1.0000000000000000e+00,-1.6994584573775375e+00,1.2636264075365673e+00,-1.6994584573775486e+00,-1.0458319989931145e-01,-2.4952701345174738e-01,-1.0458319989931032e-01
4.7391516799686497e+03,1,1.0000000000000000e+00,1.6994584573775375e+00,-1.2636264075365673e+00,1.6994584573775486e+00,1.0458319989931145e-01,2.4952701345174738e-01,1.0458319989931032e-01

4.7455573657737277e+03,0,1.0000000000000000e+00,-1.9071181175752692e+00,-5.0913529974498406e-01,-1.9071181175752712e+00,4.1687378678597620e-02,-2.8052293434937231e-01,4.1687378678599271e-02
4.7455573657737277e+03,1,1.0000000000000000e+00,1.9071181175752692e+00,5.0913529974498406e-01,1.9071181175752712e+00,-4.1687378678597620e-02,2.8052293434937231e-01,-4.1687378678599271e-02

4.7517108705545033e+03,0,1.0000000000000000e+00,-1.2405382680815371e+00,-1.9866943414141376e+00,-1.2405382680815291e+00,1.6845376076579588e-01,-1.7859082539344673e-01,1.6845376076579727e-01
4.7517108705545033e+03,1,1.0000000000000000e+00,1.2405382680815371e+00,1.9866943414141376e+00,1.2405382680815291e+00,-1.6845376076579588e-01,1.7859082539344673e-01,-1.6845376076579727e-01

4.7576090269452307e+03,0,1.0000000000000000e+00,-3.4517910522944506e-02,-2.4794010622620770e+00,-3.4517910522930739e-02,2.2468974265797018e-01,2.5525881492802827e-02,2.2468974265797059e-01
4.7576090269452307e+03,1,1.0000000000000000e+00,3.4517910522944506e-02,2.4794010622620770e+00,3.4517910522930739e-02,-2.2468974265797018e-01,-2.5525881492802827e-02,-2.2468974265797059e-01

4.7629883688902491e+03,0,1.0000000000000000e+00,1.0793518983173074e+00,-1.7502397245762902e+00,1.0793518983173191e+00,1.6936982407170204e-01,2.4067877464464926e-01,1.6936982407170112e-01
4.7629883688902491e+03,1,1.0000000000000000e+00,-1.0793518983173074e+00,1.7502397245762902e+00,-1.0793518983173191e+00,-1.6936982407170204e-01,-2.4067877464464926e-01,-1.6936982407170112e-01

4.7682407731243857e+03,0,1.0000000000000000e+00,1.5887081374875853e+00,-1.2635404351957091e-01,1.5887081374875893e+00,1.2618616466020249e-02,3.4910155001481874e-01,1.2618616466018390e-02
4.7682407731243857e+03,1,1.0000000000000000e+00,-1.5887081374875853e+00,1.2635404351957091e-01,-1.5887081374875893e+00,-1.2618616466020249e-02,-3.4910155001481874e-01,-1.2618616466018390e-02

4.7733872750062710e+03,0,1.0000000000000000e+00,1.2119921452519731e+00,1.5390632842389378e+00,1.2119921452519675e+00,-1.5014715562152009e-01,2.6825991682857830e-01,-1.5014715562152189e-01
4.7733872750062710e+03,1,1.0000000000000000e+00,-1.2119921452519731e+00,-1.5390632842389378e+00,-1.2119921452519675e+00,1.5014715562152009e-01,-2.6825991682857830e-01,1.5014715562152189e-01

4.7788774771680955e+03,0,1.0000000000000000e+00,1.2677791689195184e-01,2.4505207819746895e+00,1.2677791689193874e-01,-2.2413418859796713e-01,5.4973291821500403e-02,-2.2413418859796791e-01
4.7788774771680955e+03,1,1.0000000000000000e+00,-1.2677791689195184e-01,-2.4505207819746895e+00,-1.2677791689193874e-01,2.2413418859796713e-01,-5.4973291821500403e-02,2.2413418859796791e-01

4.7846169115688654e+03,0,1.0000000000000000e+00,-1.0866180790586117e+00,2.1327056851943476e+00,-1.0866180790586264e+00,-1.8233166471968965e-01,-1.5401465502813266e-01,-1.8233166471968920e-01
4.7846169115688654e+03,1,1.0000000000000000e+00,1.0866180790586117e+00,-2.1327056851943476e+00,1.0866180790586264e+00,1.8233166471968965e-01,1.5401465502813266e-01,1.8233166471968920e-01

4.7908708935260829e+03,0,1.0000000000000000e+00,-1.8678285483661856e+00,7.2483128233771676e-01,-1.8678285483661941e+00,-5.9468691605702215e-02,-2.7470943143335769e-01,-5.9468691605700758e-02
4.7908708935260829e+03,1,1.0000000000000000e+00,1.8678285483661856e+00,-7.2483128233771676e-01,1.8678285483661941e+00,5.9468691605702215e-02,2.7470943143335769e-01,5.9468691605700758e-02

4.7971773318006653e+03,0,1.0000000000000000e+00,-1.7828052926857898e+00,-1.0394377546774660e+00,-1.7828052926857880e+00,8.5656548379592620e-02,-2.6204781763198898e-01,8.5656548379594327e-02
4.7971773318006653e+03,1,1.0000000000000000e+00,1.7828052926857898e+00,1.0394377546774660e+00,1.7828052926857880e+00,-8.5656548379592620e-02,2.6204781763198898e-01,-8.5656548379594327e-02

4.8031511663861020e+03,0,1.0000000000000000e+00,-9.1859253955229103e-01,-2.2578583483819870e+00,-9.1859253955227949e-01,1.9479221987803857e-01,-1.2671738738202670e-01,1.9479221987803969e-01
4.8031511663861020e+03,1,1.0000000000000000e+00,9.1859253955229103e-01,2.2578583483819870e+00,9.1859253955227949e-01,-1.9479221987803857e-01,1.2671738738202670e-01,-1.9479221987803969e-01

4.8088765198511037e+03,0,1.0000000000000000e+00,3.2193181038788243e-01,-2.3864311966173855e+00,3.2193181038789709e-01,2.2075188992388295e-01,9.1341360986183034e-02,2.2075188992388284e-01
4.8088765198511037e+03,1,1.0000000000000000e+00,-3.2193181038788243e-01,2.3864311966173855e+00,-3.2193181038789709e-01,-2.2075188992388295e-01,-9.1341360986183034e-02,-2.2075188992388284e-01

4.8141080074436022e+03,0,1.0000000000000000e+00,1.2998518650502748e+00,-1.3675689480389575e+00,1.2998518650502857e+00,1.3414012846855594e-01,2.8677807231380553e-01,1.3414012846855444e-01
4.8141080074436022e+03,1,1.0000000000000000e+00,-1.2998518650502748e+00,1.3675689480389575e+00,-1.2998518650502857e+00,-1.3414012846855594e-01,-2.8677807231380553e-01,-1.3414012846855444e-01

4.8192722720580305e+03,0,1.0000000000000000e+00,1.5736776363471590e+00,3.4727665196868074e-01,1.5736776363471596e+00,-3.4648795751368255e-02,3.4580282275095259e-01,-3.4648795751370420e-02
4.8192722720580305e+03,1,1.0000000000000000e+00,-1.5736776363471590e+00,-3.4727665196868074e-01,-1.5736776363471596e+00,3.4648795751368255e-02,-3.4580282275095259e-01,3.4648795751370420e-02

4.8244045141193274e+03,0,1.0000000000000000e+00,9.8932524110414710e-01,1.8695209071755452e+00,9.8932524110413755e-01,-1.7992620776677115e-01,2.2221112959579703e-01,-1.7992620776677276e-01
4.8244045141193274e+03,1,1.0000000000000000e+00,-9.8932524110414710e-01,-1.8695209071755452e+00,-9.8932524110413755e-01,1.7992620776677115e-01,-2.2221112959579703e-01,1.7992620776677276e-01

4.8300459225356999e+03,0,1.0000000000000000e+00,-2.0871019219192677e-01,2.4870627049828631e+00,-2.0871019219194187e-01,-2.2316717496460425e-01,-5.6735547453999335e-03,-2.2316717496460459e-01
4.8300459225356999e+03,1,1.0000000000000000e+00,2.0871019219192677e-01,-2.4870627049828631e+00,2.0871019219194187e-01,2.2316717496460425e-01,5.6735547453999335e-03,2.2316717496460459e-01

4.8359410967769891e+03,0,1.0000000000000000e+00,-1.3658412973837986e+00,1.8406597286530950e+00,-1.3658412973838110e+00,-1.5503479815726440e-01,-1.9830164569122033e-01,-1.5503479815726348e-01
4.8359410967769891e+03,1,1.0000000000000000e+00,1.3658412973837986e+00,-1.8406597286530950e+00,1.3658412973838110e+00,1.5503479815726440e-01,1.9830164569122033e-01,1.5503479815726348e-01

4.8423202750179344e+03,0,1.0000000000000000e+00,-1.9372247523120345e+00,2.2611683778582004e-01,-1.9372247523120385e+00,-1.8485495887646669e-02,-2.8496177534295775e-01,-1.8485495887645004e-02
4.8423202750179344e+03,1,1.0000000000000000e+00,1.9372247523120345e+00,-2.2611683778582004e-01,1.9372247523120385e+00,1.8485495887646669e-02,2.8496177534295775e-01,1.8485495887645004e-02

4.8485931571180727e+03,0,1.0000000000000000e+00,-1.6008987665649967e+00,-1.4737079513017406e+00,-1.6008987665649901e+00,1.2259979136995661e-01,-2.3457985414538077e-01,1.2259979136995811e-01
4.8485931571180727e+03,1,1.0000000000000000e+00,1.6008987665649967e+00,1.4737079513017406e+00,1.6008987665649901e+00,-1.2259979136995661e-01,2.3457985414538077e-01,-1.2259979136995811e-01

4.8547713395670544e+03,0,1.0000000000000000e+00,-5.1772911942514366e-01,-2.4407637862095788e+00,-5.1772911942513011e-01,2.1525665367235103e-01,-5.9537391951741792e-02,2.1525665367235169e-01
4.8547713395670544e+03,1,1.0000000000000000e+00,5.1772911942514366e-01,2.4407637862095788e+00,5.1772911942513011e-01,-2.1525665367235103e-01,5.9537391951741792e-02,-2.1525665367235169e-01

4.8602986663144011e+03,0,1.0000000000000000e+00,6.9579107308571975e-01,-2.1633257890037974e+00,6.9579107308573329e-01,2.0456587504056251e-01,1.6337124447814685e-01,2.0456587504056184e-01
4.8602986663144011e+03,1,1.0000000000000000e+00,-6.9579107308571975e-01,2.1633257890037974e+00,-6.9579107308573329e-01,-2.0456587504056251e-01,-1.6337124447814685e-01,-2.0456587504056184e-01

4.8655185660890193e+03,0,1.0000000000000000e+00,1.4893493785950231e+00,-8.3130459741234652e-01,1.4893493785950302e+00,8.2504833267111388e-02,3.2741024123466012e-01,8.2504833267109584e-02
4.8655185660890193e+03,1,1.0000000000000000e+00,-1.4893493785950231e+00,8.3130459741234652e-01,-1.4893493785950302e+00,-8.2504833267111388e-02,-3.2741024123466012e-01,-8.2504833267109584e-02

4.8706008849749496e+03,0,1.0000000000000000e+00,1.4701621200369732e+00,9.0384358509883955e-01,1.4701621200369701e+00,-8.9596773043639250e-02,3.2325238930736083e-01,-8.9596773043641165e-02
4.8706008849749496e+03,1,1.0000000000000000e+00,-1.4701621200369732e+00,-9.0384358509883955e-01,-1.4701621200369701e+00,8.9596773043639250e-02,-3.2325238930736083e-01,8.9596773043641165e-02

4.8758382017775994e+03,0,1.0000000000000000e+00,6.4625562554064264e-01,2.2014275463293043e+00,6.4625562554063121e-01,-2.0755700467410668e-01,1.5364381381737541e-01,-2.0755700467410779e-01
4.8758382017775994e+03,1,1.0000000000000000e+00,-6.4625562554064264e-01,-2.2014275463293043e+00,-6.4625562554063121e-01,2.0755700467410668e-01,-1.5364381381737541e-01,2.0755700467410779e-01

4.8816150921396411e+03,0,1.0000000000000000e+00,-6.2219381290803244e-01,2.4072131419653733e+00,-6.2219381290804654e-01,-2.1107402212758888e-01,-7.7330769835646906e-02,-2.1107402212758872e-01
4.8816150921396411e+03,1,1.0000000000000000e+00,6.2219381290803244e-01,-2.4072131419653733e+00,6.2219381290804654e-01,2.1107402212758888e-01,7.7330769835646906e-02,2.1107402212758872e-01

4.8876578827482508e+03,0,1.0000000000000000e+00,-1.6430807802246516e+00,1.3893903751056749e+00,-1.6430807802246616e+00,-1.1533061449613176e-01,-2.4099584485559383e-01,-1.1533061449613057e-01
4.8876578827482508e+03,1,1.0000000000000000e+00,1.6430807802246516e+00,-1.3893903751056749e+00,1.6430807802246616e+00,1.1533061449613176e-01,2.4099584485559383e-01,1.1533061449613057e-01

4.8939264760402521e+03,0,1.0000000000000000e+00,-1.9293214240935985e+00,-3.2573333826999495e-01,-1.9293214240935992e+00,2.6640172189153891e-02,-2.8379786150467434e-01,2.6640172189155584e-02
4.8939264760402521e+03,1,1.0000000000000000e+00,1.9293214240935985e+00,3.2573333826999495e-01,1.9293214240935992e+00,-2.6640172189153891e-02,2.8379786150467434e-01,-2.6640172189155584e-02

4.8999640837019842e+03,0,1.0000000000000000e+00,-1.3644949185038091e+00,-1.8423800737301386e+00,-1.3644949185038000e+00,1.5519077392635117e-01,-1.9809124486875404e-01,1.5519077392635255e-01
4.8999640837019842e+03,1,1.0000000000000000e+00,1.3644949185038091e+00,1.8423800737301386e+00,1.3644949185038000e+00,-1.5519077392635117e-01,1.9809124486875404e-01,-1.5519077392635255e-01

4.9058567043600324e+03,0,1.0000000000000000e+00,-2.0734291514606440e-01,-2.4870967207336623e+00,-2.0734291514604997e-01,2.2318745851725622e-01,-5.4310529213661973e-03,2.2318745851725655e-01
4.9058567043600324e+03,1,1.0000000000000000e+00,2.0734291514606440e-01,2.4870967207336623e+00,2.0734291514604997e-01,-2.2318745851725622e-01,5.4310529213661973e-03,-2.2318745851725655e-01

4.9112748181386105e+03,0,1.0000000000000000e+00,9.4980004824801978e-01,-1.9169071925866996e+00,9.4980004824803244e-01,1.8404618542972745e-01,2.1416658199691863e-01,1.8404618542972639e-01
4.9112748181386105e+03,1,1.0000000000000000e+00,-9.4980004824801978e-01,1.9169071925866996e+00,-9.4980004824803244e-01,-1.8404618542972745e-01,-2.1416658199691863e-01,-1.8404618542972639e-01

4.9165387940298133e+03,0,1.0000000000000000e+00,1.5705919021549573e+00,-3.7679159967742626e-01,1.5705919021549615e+00,3.7586305469388182e-02,3.4512637027140469e-01,3.7586305469386183e-02
4.9165387940298133e+03,1,1.0000000000000000e+00,-1.5705919021549573e+00,3.7679159967742626e-01,-1.5705919021549615e+00,-3.7586305469388182e-02,-3.4512637027140469e-01,-3.7586305469386183e-02

4.9216906593670155e+03,0,1.0000000000000000e+00,1.3128454457605987e+00,1.3393771822033211e+00,1.3128454457605923e+00,-1.3148034528846370e-01,2.8953378584817002e-01,-1.3148034528846569e-01
4.9216906593670155e+03,1,1.0000000000000000e+00,-1.3128454457605987e+00,-1.3393771822033211e+00,-1.3128454457605923e+00,1.3148034528846370e-01,-2.8953378584817002e-01,1.3148034528846569e-01

4.9271508515174210e+03,0,1.0000000000000000e+00,2.9299526603287007e-01,2.3980288410714454e+00,2.9299526603285497e-01,-2.2145168895211265e-01,8.5896778681073732e-02,-2.2145168895211353e-01
4.9271508515174210e+03,1,1.0000000000000000e+00,-2.9299526603287007e-01,-2.3980288410714454e+00,-2.9299526603285497e-01,2.2145168895211265e-01,-8.5896778681073732e-02,2.2145168895211353e-01

4.9328910389587018e+03,0,1.0000000000000000e+00,-9.4683559910562787e-01,2.2390574766262086e+00,-9.4683559910564385e-01,-1.9287447294053550e-01,-1.3134049455026667e-01,-1.9287447294053492e-01
4.9328910389587018e+03,1,1.0000000000000000e+00,9.4683559910562787e-01,-2.2390574766262086e+00,9.4683559910564385e-01,1.9287447294053550e-01,1.3134049455026667e-01,1.9287447294053492e-01

4.9392248532411950e+03,0,1.0000000000000000e+00,-1.8232949526969255e+00,9.0535943333792934e-01,-1.8232949526969340e+00,-7.4451283457146911e-02,-2.6809141000862741e-01,-7.4451283457145231e-02
4.9392248532411950e+03,1,1.0000000000000000e+00,1.8232949526969255e+00,-9.0535943333792934e-01,1.8232949526969340e+00,7.4451283457146911e-02,2.6809141000862741e-01,7.4451283457145231e-02

4.9455155956477793e+03,0,1.0000000000000000e+00,-1.8359726006305683e+00,-8.5831026819655554e-01,-1.8359726006305650e+00,7.0535969531168363e-02,-2.6997850590805950e-01,7.0535969531170237e-02
4.9455155956477793e+03,1,1.0000000000000000e+00,1.8359726006305683e+00,8.5831026819655554e-01,1.8359726006305650e+00,-7.0535969531168363e-02,2.6997850590805950e-01,-7.0535969531170237e-02

4.9515024100949040e+03,0,1.0000000000000000e+00,-1.0456232971196302e+00,-2.1662892358480641e+00,-1.0456232971196169e+00,1.8561219523415712e-01,-1.4740029834727289e-01,1.8561219523415828e-01
4.9515024100949040e+03,1,1.0000000000000000e+00,1.0456232971196302e+00,2.1662892358480641e+00,1.0456232971196169e+00,-1.8561219523415712e-01,1.4740029834727289e-01,-1.8561219523415828e-01

4.9572697035187557e+03,0,1.0000000000000000e+00,1.8288661093690672e-01,-2.4354407745160489e+00,1.8288661093692271e-01,2.2347661704100769e-01,6.5345522990314570e-02,2.2347661704100746e-01
4.9572697035187557e+03,1,1.0000000000000000e+00,-1.8288661093690672e-01,2.4354407745160489e+00,-1.8288661093692271e-01,-2.2347661704100769e-01,-6.5345522990314570e-02,-2.2347661704100746e-01

4.9625313948030207e+03,0,1.0000000000000000e+00,1.2153147090565397e+00,-1.5331084154141141e+00,1.2153147090565508e+00,1.4959672786430261e-01,2.6895657699950737e-01,1.4959672786430100e-01
4.9625313948030207e+03,1,1.0000000000000000e+00,-1.2153147090565397e+00,1.5331084154141141e+00,-1.2153147090565508e+00,-1.4959672786430261e-01,-2.6895657699950737e-01,-1.4959672786430100e-01

4.9677092291172085e+03,0,1.0000000000000000e+00,1.5879831454219844e+00,1.4502742872310037e-01,1.5879831454219850e+00,-1.4482814101349412e-02,3.4894229377676117e-01,-1.4482814101351715e-02
4.9677092291172085e+03,1,1.0000000000000000e+00,-1.5879831454219844e+00,-1.4502742872310037e-01,-1.5879831454219850e+00,1.4482814101349412e-02,-3.4894229377676117e-01,1.4482814101351715e-02

4.9728121510386873e+03,0,1.0000000000000000e+00,1.0955082797293327e+00,1.7269788840052738e+00,1.0955082797293230e+00,-1.6728346647733081e-01,2.4401447002177734e-01,-1.6728346647733258e-01
4.9728121510386873e+03,1,1.0000000000000000e+00,-1.0955082797293327e+00,-1.7269788840052738e+00,-1.0955082797293230e+00,1.6728346647733081e-01,-2.4401447002177734e-01,1.6728346647733258e-01

4.9782813546999760e+03,0,1.0000000000000000e+00,-3.3143060610464126e-02,2.4792441127073550e+00,-3.3143060610481001e-02,-2.2469313636941107e-01,2.5774595396513611e-02,-2.2469313636941149e-01
4.9782813546999760e+03,1,1.0000000000000000e+00,3.3143060610464126e-02,-2.4792441127073550e+00,3.3143060610481001e-02,2.2469313636941107e-01,-2.5774595396513611e-02,2.2469313636941149e-01

4.9839636609565559e+03,0,1.0000000000000000e+00,-1.2027397462944589e+00,2.0256731324709620e+00,-1.2027397462944740e+00,-1.7210592127149488e-01,-1.7259307053990469e-01,-1.7210592127149388e-01
4.9839636609565559e+03,1,1.0000000000000000e+00,1.2027397462944589e+00,-2.0256731324709620e+00,1.2027397462944740e+00,1.7210592127149488e-01,1.7259307053990469e-01,1.7210592127149388e-01

4.9902761487613188e+03,0,1.0000000000000000e+00,-1.9044466745467636e+00,5.2679194824869136e-01,-1.9044466745467692e+00,-4.3139021499744551e-02,-2.8012839870024103e-01,-4.3139021499742580e-02
4.9902761487613188e+03,1,1.0000000000000000e+00,1.9044466745467636e+00,-5.2679194824869136e-01,1.9044466745467692e+00,4.3139021499744551e-02,2.8012839870024103e-01,4.3139021499742580e-02

4.9965815748903933e+03,0,1.0000000000000000e+00,-1.7162477495644215e+00,-1.2226844109097474e+00,-1.7162477495644144e+00,1.0110625278898339e-01,-2.5205792550136036e-01,1.0110625278898530e-01
4.9965815748903933e+03,1,1.0000000000000000e+00,1.7162477495644215e+00,1.2226844109097474e+00,1.7162477495644144e+00,-1.0110625278898339e-01,2.5205792550136036e-01,-1.0110625278898530e-01

5.0027109254471352e+03,0,1.0000000000000000e+00,-7.4488266174213336e-01,-2.3555182252659845e+00,-7.4488266174211715e-01,2.0515237500284528e-01,-9.7968085450800046e-02,2.0515237500284622e-01
5.0027109254471352e+03,1,1.0000000000000000e+00,7.4488266174213336e-01,2.3555182252659845e+00,7.4488266174211715e-01,-2.0515237500284528e-01,9.7968085450800046e-02,-2.0515237500284622e-01

5.0084699600414160e+03,0,1.0000000000000000e+00,5.1819474690379419e-01,-2.2871792879355142e+00,5.1819474690381084e-01,2.1401584470586674e-01,1.2875908069226744e-01,2.1401584470586604e-01
5.0084699600414160e+03,1,1.0000000000000000e+00,-5.1819474690379419e-01,2.2871792879355142e+00,-5.1819474690381084e-01,-2.1401584470586674e-01,-1.2875908069226744e-01,-2.1401584470586604e-01

5.0137449643221471e+03,0,1.0000000000000000e+00,1.4141031081634039e+00,-1.0845832715228199e+00,1.4141031081634132e+00,1.0713858927305202e-01,3.1116130240569767e-01,1.0713858927304996e-01
5.0137449643221471e+03,1,1.0000000000000000e+00,-1.4141031081634039e+00,1.0845832715228199e+00,-1.4141031081634132e+00,-1.0713858927305202e-01,-3.1116130240569767e-01,-1.0713858927304996e-01

5.0188600524978629e+03,0,1.0000000000000000e+00,1.5289556770980086e+00,6.5318037788560956e-01,1.5289556770980055e+00,-6.4987217706792208e-02,3.3602446350038062e-01,-6.4987217706794650e-02
5.0188600524978629e+03,1,1.0000000000000000e+00,-1.5289556770980086e+00,-6.5318037788560956e-01,-1.5289556770980055e+00,6.4987217706792208e-02,-3.3602446350038062e-01,6.4987217706794650e-02

5.0239978905998660e+03,0,1.0000000000000000e+00,8.1971988989393763e-01,2.0545922272541586e+00,8.1971988989392375e-01,-1.9572732598625148e-01,1.8796060190697444e-01,-1.9572732598625303e-01
5.0239978905998660e+03,1,1.0000000000000000e+00,-8.1971988989393763e-01,-2.0545922272541586e+00,-8.1971988989392375e-01,1.9572732598625148e-01,-1.8796060190697444e-01,1.9572732598625303e-01

5.0296581432316361e+03,0,1.0000000000000000e+00,-4.1228283821533174e-01,2.4652957177917361e+00,-4.1228283821534872e-01,-2.1870003038596511e-01,-4.1366354744620248e-02,-2.1870003038596503e-01
5.0296581432316361e+03,1,1.0000000000000000e+00,4.1228283821533174e-01,-2.4652957177917361e+00,4.1228283821534872e-01,2.1870003038596511e-01,4.1366354744620248e-02,2.1870003038596503e-01

5.0355755348348057e+03,0,1.0000000000000000e+00,-1.5037869352212767e+00,1.6434131464143584e+00,-1.5037869352212889e+00,-1.3741641293774987e-01,-2.1970063659886743e-01,-1.3741641293774848e-01
5.0355755348348057e+03,1,1.0000000000000000e+00,1.5037869352212767e+00,-1.6434131464143584e+00,1.5037869352212889e+00,1.3741641293774987e-01,2.1970063659886743e-01,1.3741641293774848e-01

5.0419375336557459e+03,0,1.0000000000000000e+00,-1.9443338214794719e+00,-3.8324603674569691e-02,-1.9443338214794732e+00,3.1319662230479550e-03,-2.8600791130857123e-01,3.1319662230497869e-03
5.0419375336557459e+03,1,1.0000000000000000e+00,1.9443338214794719e+00,3.8324603674569691e-02,1.9443338214794732e+00,-3.1319662230479550e-03,2.8600791130857123e-01,-3.1319662230497869e-03

5.0481049410952937e+03,0,1.0000000000000000e+00,-1.4936504201156939e+00,-1.6594789284304341e+00,-1.4936504201156846e+00,1.3883382670322003e-01,-2.1813877743868804e-01,1.3883382670322161e-01
5.0481049410952937e+03,1,1.0000000000000000e+00,1.4936504201156939e+00,1.6594789284304341e+00,1.4936504201156846e+00,-1.3883382670322003e-01,2.1813877743868804e-01,-1.3883382670322161e-01

5.0541535355914102e+03,0,1.0000000000000000e+00,-3.6741102054339514e-01,-2.4729625830154855e+00,-3.6741102054337871e-01,2.1993108827930330e-01,-3.3568765458757033e-02,2.1993108827930374e-01
5.0541535355914102e+03,1,1.0000000000000000e+00,3.6741102054339514e-01,2.4729625830154855e+00,3.6741102054337871e-01,-2.1993108827930330e-01,3.3568765458757033e-02,-2.1993108827930374e-01

5.0597517948553823e+03,0,1.0000000000000000e+00,8.4746899881749482e-01,-2.0273931786941541e+00,8.4746899881750948e-01,1.9345807091133793e-01,1.9351659285712439e-01,1.9345807091133682e-01
5.0597517948553823e+03,1,1.0000000000000000e+00,-8.4746899881749482e-01,2.0273931786941541e+00,-8.4746899881750948e-01,-1.9345807091133793e-01,-1.9351659285712439e-01,-1.9345807091133682e-01

5.0650580857106024e+03,0,1.0000000000000000e+00,1.5475565823501904e+00,-5.4801094902169045e-01,1.5475565823501958e+00,5.4587112703266466e-02,3.4008485188699289e-01,5.4587112703264218e-02
5.0650580857106024e+03,1,1.0000000000000000e+00,-1.5475565823501904e+00,5.4801094902169045e-01,-1.5475565823501958e+00,-5.4587112703266466e-02,-3.4008485188699289e-01,-5.4587112703264218e-02

5.0702440679451402e+03,0,1.0000000000000000e+00,1.3710196838871114e+00,1.2016930597285951e+00,1.3710196838871045e+00,-1.1838999657323634e-01,3.0192597099350627e-01,-1.1838999657323857e-01
5.0702440679451402e+03,1,1.0000000000000000e+00,-1.3710196838871114e+00,-1.2016930597285951e+00,-1.3710196838871045e+00,1.1838999657323634e-01,-3.0192597099350627e-01,1.1838999657323857e-01

5.0756421032659937e+03,0,1.0000000000000000e+00,4.0902024490864175e-01,2.3469228898273453e+00,4.0902024490862554e-01,-2.1820343397935585e-01,1.0783880073454141e-01,-2.1820343397935679e-01
5.0756421032659937e+03,1,1.0000000000000000e+00,-4.0902024490864175e-01,-2.3469228898273453e+00,-4.0902024490862554e-01,2.1820343397935585e-01,-1.0783880073454141e-01,2.1820343397935679e-01

5.0813283921720076e+03,0,1.0000000000000000e+00,-8.3250795066295358e-01,2.3100070803044659e+00,-8.3250795066297045e-01,-2.0022702077921406e-01,-1.1253832565720825e-01,-2.0022702077921342e-01
5.0813283921720076e+03,1,1.0000000000000000e+00,8.3250795066295358e-01,-2.3100070803044659e+00,8.3250795066297045e-01,2.0022702077921406e-01,1.1253832565720825e-01,2.0022702077921342e-01

5.0874020445797405e+03,0,1.0000000000000000e+00,-1.7527940181621413e+00,1.1267277435543395e+00,-1.7527940181621509e+00,-9.2994548695404536e-02,-2.5755185369190914e-01,-9.2994548695402801e-02
5.0874020445797405e+03,1,1.0000000000000000e+00,1.7527940181621413e+00,-1.1267277435543395e+00,1.7527940181621509e+00,9.2994548695404536e-02,2.5755185369190914e-01,9.2994548695402801e-02

5.0938109035267580e+03,0,1.0000000000000000e+00,-1.8810955045879085e+00,-6.6044594378791777e-01,-1.8810955045879056e+00,5.4149114167951803e-02,-2.7667511960497693e-01,5.4149114167953788e-02
5.0938109035267580e+03,1,1.0000000000000000e+00,1.8810955045879085e+00,6.6044594378791777e-01,1.8810955045879056e+00,-5.4149114167951803e-02,2.7667511960497693e-01,-5.4149114167953788e-02

5.0999461416627510e+03,0,1.0000000000000000e+00,-1.1499054271130897e+00,-2.0766512786696385e+00,-1.1499054271130760e+00,1.7693695799336567e-01,-1.6416874120272498e-01,1.7693695799336698e-01
5.0999461416627510e+03,1,1.0000000000000000e+00,1.1499054271130897e+00,2.0766512786696385e+00,1.1499054271130760e+00,-1.7693695799336567e-01,1.6416874120272498e-01,-1.7693695799336698e-01

5.1058054153082303e+03,0,1.0000000000000000e+00,7.4632292447744497e-02,-2.4621842277427257e+00,7.4632292447761817e-02,2.2452709072188726e-01,4.5393554782709150e-02,2.2452709072188712e-01
5.1058054153082303e+03,1,1.0000000000000000e+00,-7.4632292447744497e-02,2.4621842277427257e+00,-7.4632292447761817e-02,-2.2452709072188726e-01,-4.5393554782709150e-02,-2.2452709072188712e-01

5.1111447381222761e+03,0,1.0000000000000000e+00,1.1526537365896681e+00,-1.6395356534744150e+00,1.1526537365896794e+00,1.5936842901678985e-01,2.5586579538928222e-01,1.5936842901678813e-01
5.1111447381222761e+03,1,1.0000000000000000e+00,-1.1526537365896681e+00,1.6395356534744150e+00,-1.1526537365896794e+00,-1.5936842901678985e-01,-2.5586579538928222e-01,-1.5936842901678813e-01

5.1163854690228618e+03,0,1.0000000000000000e+00,1.5908984569748925e+00,2.5349969684748341e-02,1.5908984569748927e+00,-2.5319774014958274e-03,3.4958277729386456e-01,-2.5319774014982144e-03
5.1163854690228618e+03,1,1.0000000000000000e+00,-1.5908984569748925e+00,-2.5349969684748341e-02,-1.5908984569748927e+00,2.5319774014958274e-03,-3.4958277729386456e-01,2.5319774014982144e-03

5.1215262699626273e+03,0,1.0000000000000000e+00,1.1454434782428473e+00,1.6510399598789194e+00,1.1454434782428362e+00,-1.6041593648873370e-01,2.5436590344452320e-01,-1.6041593648873545e-01
5.1215262699626273e+03,1,1.0000000000000000e+00,-1.1454434782428473e+00,-1.6510399598789194e+00,-1.1454434782428362e+00,1.6041593648873370e-01,-2.5436590344452320e-01,1.6041593648873545e-01

5.1270275932968643e+03,0,1.0000000000000000e+00,2.8112762320574358e-02,2.4707043963436162e+00,2.8112762320557483e-02,-2.2470419716502948e-01,3.6895652865705175e-02,-2.2470419716502976e-01
5.1270275932968643e+03,1,1.0000000000000000e+00,-2.8112762320574358e-02,-2.4707043963436162e+00,-2.8112762320557483e-02,2.2470419716502948e-01,-3.6895652865705175e-02,2.2470419716502976e-01

5.1327531343477640e+03,0,1.0000000000000000e+00,-1.1628436318411546e+00,2.0645315578538281e+00,-1.1628436318411688e+00,-1.7578237958000598e-01,-1.6623612262342449e-01,-1.7578237958000487e-01
5.1327531343477640e+03,1,1.0000000000000000e+00,1.1628436318411546e+00,-2.0645315578538281e+00,1.1628436318411688e+00,1.7578237958000598e-01,1.6623612262342449e-01,1.7578237958000487e-01

5.1391225200049785e+03,0,1.0000000000000000e+00,-1.8966650148844253e+00,5.7500317645032206e-01,-1.8966650148844297e+00,-4.7105931384374022e-02,-2.7897853453513188e-01,-4.7105931384372107e-02
5.1391225200049785e+03,1,1.0000000000000000e+00,1.8966650148844253e+00,-5.7500317645032206e-01,1.8966650148844297e+00,4.7105931384374022e-02,2.7897853453513188e-01,4.7105931384372107e-02

5.1453551817289836e+03,0,1.0000000000000000e+00,-1.7403958465637137e+00,-1.1604259548052649e+00,-1.7403958465637059e+00,9.5837546178578120e-02,-2.5569040019276784e-01,9.5837546178579924e-02
5.1453551817289836e+03,1,1.0000000000000000e+00,1.7403958465637137e+00,1.1604259548052649e+00,1.7403958465637059e+00,-9.5837546178578120e-02,2.5569040019276784e-01,-9.5837546178579924e-02

5.1514221602587077e+03,0,1.0000000000000000e+00,-8.0745997332328945e-01,-2.3237754696998367e+00,-8.0745997332327324e-01,2.0169600540968702e-01,-1.0838761018022663e-01,2.0169600540968780e-01
5.1514221602587077e+03,1,1.0000000000000000e+00,8.0745997332328945e-01,2.3237754696998367e+00,8.0745997332327324e-01,-2.0169600540968702e-01,1.0838761018022663e-01,-2.0169600540968780e-01

5.1571387284545754e+03,0,1.0000000000000000e+00,4.4273441933168822e-01,-2.3297184031824374e+00,4.4273441933170421e-01,2.1703196078438228e-01,1.1427061282111564e-01,2.1703196078438147e-01
5.1571387284545754e+03,1,1.0000000000000000e+00,-4.4273441933168822e-01,2.3297184031824374e+00,-4.4273441933170421e-01,-2.1703196078438228e-01,-1.1427061282111564e-01,-2.1703196078438147e-01

5.1625102461251927e+03,0,1.0000000000000000e+00,1.3859818592481110e+00,-1.1627190917803900e+00,1.3859818592481186e+00,1.1465666358379582e-01,3.0512765514324880e-01,1.1465666358379376e-01
5.1625102461251927e+03,1,1.0000000000000000e+00,-1.3859818592481110e+00,1.1627190917803900e+00,-1.3859818592481186e+00,-1.1465666358379582e-01,-3.0512765514324880e-01,-1.1465666358379376e-01

5.1677101337712056e+03,0,1.0000000000000000e+00,1.5394481612382291e+00,5.9628268362225634e-01,1.5394481612382247e+00,-5.9365264557983924e-02,3.3831370252096543e-01,-5.9365264557986186e-02
5.1677101337712056e+03,1,1.0000000000000000e+00,-1.5394481612382291e+00,-5.9628268362225634e-01,-1.5394481612382247e+00,5.9365264557983924e-02,-3.3831370252096543e-01,5.9365264557986186e-02

5.1729300836426792e+03,0,1.0000000000000000e+00,8.3661689675003537e-01,2.0381624534481411e+00,8.3661689675002160e-01,-1.9435904460561543e-01,1.9134155663220839e-01,-1.9435904460561665e-01
5.1729300836426792e+03,1,1.0000000000000000e+00,-8.3661689675003537e-01,-2.0381624534481411e+00,-8.3661689675002160e-01,1.9435904460561543e-01,-1.9134155663220839e-01,1.9435904460561665e-01

5.1784335793022774e+03,0,1.0000000000000000e+00,-3.5887368805189523e-01,2.4742361562216528e+00,-3.5887368805191167e-01,-2.2014953825169062e-01,-3.2080755980855163e-02,-2.2014953825169037e-01
5.1784335793022774e+03,1,1.0000000000000000e+00,3.5887368805189523e-01,-2.4742361562216528e+00,3.5887368805191167e-01,2.2014953825169062e-01,3.2080755980855163e-02,2.2014953825169037e-01

5.1841665964889735e+03,0,1.0000000000000000e+00,-1.4432516945245433e+00,1.7354138789161182e+00,-1.4432516945245537e+00,-1.4557288030615395e-01,-2.1034840340519700e-01,-1.4557288030615256e-01
5.1841665964889735e+03,1,1.0000000000000000e+00,1.4432516945245433e+00,-1.7354138789161182e+00,1.4432516945245537e+00,1.4557288030615395e-01,2.1034840340519700e-01,1.4557288030615256e-01

5.1905123576380383e+03,0,1.0000000000000000e+00,-1.9434204530642245e+00,8.8658161602222174e-02,-1.9434204530642245e+00,-7.2456694723906923e-03,-2.8587354729193937e-01,-7.2456694723888604e-03
5.1905123576380383e+03,1,1.0000000000000000e+00,1.9434204530642245e+00,-8.8658161602222174e-02,1.9434204530642245e+00,7.2456694723906923e-03,2.8587354729193937e-01,7.2456694723888604e-03

5.1967004951866884e+03,0,1.0000000000000000e+00,-1.5506719600996619e+00,-1.5652716590664084e+00,-1.5506719600996517e+00,1.3056040147068618e-01,-2.2690317447357872e-01,1.3056040147068773e-01
5.1967004951866884e+03,1,1.0000000000000000e+00,1.5506719600996619e+00,1.5652716590664084e+00,1.5506719600996517e+00,-1.3056040147068618e-01,2.2690317447357872e-01,-1.3056040147068773e-01

5.2027843356527710e+03,0,1.0000000000000000e+00,-4.5229018678157407e-01,-2.4570719944070287e+00,-4.5229018678155741e-01,2.1748476050091603e-01,-4.8285753114522684e-02,2.1748476050091636e-01
5.2027843356527710e+03,1,1.0000000000000000e+00,4.5229018678157407e-01,2.4570719944070287e+00,4.5229018678155741e-01,-2.1748476050091603e-01,4.8285753114522684e-02,-2.1748476050091636e-01

5.2084344789188217e+03,0,1.0000000000000000e+00,7.8155080586470382e-01,-2.0902355448669976e+00,7.8155080586471737e-01,1.9866824417537390e-01,1.8034843015041979e-01,1.9866824417537274e-01
5.2084344789188217e+03,1,1.0000000000000000e+00,-7.8155080586470382e-01,2.0902355448669976e+00,-7.8155080586471737e-01,-1.9866824417537390e-01,-1.8034843015041979e-01,-1.9866824417537274e-01

5.2137825110201011e+03,0,1.0000000000000000e+00,1.5300330992043194e+00,-6.4758369674002503e-01,1.5300330992043234e+00,6.4434730762340159e-02,3.3625939573085561e-01,6.4434730762337994e-02
5.2137825110201011e+03,1,1.0000000000000000e+00,-1.5300330992043194e+00,6.4758369674002503e-01,-1.5300330992043234e+00,-6.4434730762340159e-02,-3.3625939573085561e-01,-6.4434730762337994e-02

5.2189646339884885e+03,0,1.0000000000000000e+00,1.4050324163148387e+00,1.1105414310855861e+00,1.4050324163148316e+00,-1.0964099679937622e-01,3.0921280676245655e-01,-1.0964099679937825e-01
5.2189646339884885e+03,1,1.0000000000000000e+00,-1.4050324163148387e+00,-1.1105414310855861e+00,-1.4050324163148316e+00,1.0964099679937622e-01,-3.0921280676245655e-01,1.0964099679937825e-01

5.2243460850265874e+03,0,1.0000000000000000e+00,4.7733943589228289e-01,2.3109135708846216e+00,4.7733943589226779e-01,-2.1571775539880178e-01,1.2089886935999902e-01,-2.1571775539880261e-01
5.2243460850265874e+03,1,1.0000000000000000e+00,-4.7733943589228289e-01,-2.3109135708846216e+00,-4.7733943589226779e-01,2.1571775539880178e-01,-1.2089886935999902e-01,2.1571775539880261e-01

5.2300214777724041e+03,0,1.0000000000000000e+00,-7.6666724162182032e-01,2.3448918320138508e+00,-7.6666724162183564e-01,-2.0398332967953975e-01,-1.0160345802026627e-01,-2.0398332967953908e-01
5.2300214777724041e+03,1,1.0000000000000000e+00,7.6666724162182032e-01,-2.3448918320138508e+00,7.6666724162183564e-01,2.0398332967953975e-01,1.0160345802026627e-01,2.0398332967953908e-01

5.2360957437227544e+03,0,1.0000000000000000e+00,-1.7214168383899475e+00,1.2097073696238922e+00,-1.7214168383899557e+00,-1.0000625492868084e-01,-2.5283625280646493e-01,-1.0000625492867919e-01
5.2360957437227544e+03,1,1.0000000000000000e+00,1.7214168383899475e+00,-1.2097073696238922e+00,1.7214168383899557e+00,1.0000625492868084e-01,2.5283625280646493e-01,1.0000625492867919e-01

5.2425273289523748e+03,0,1.0000000000000000e+00,-1.8964239470108013e+00,-5.7642900061522018e-01,-1.8964239470107978e+00,4.7223325923312409e-02,-2.7894289818386397e-01,4.7223325923314227e-02
5.2425273289523748e+03,1,1.0000000000000000e+00,1.8964239470108013e+00,5.7642900061522018e-01,1.8964239470107978e+00,-4.7223325923312409e-02,2.7894289818386397e-01,-4.7223325923314227e-02

5.2486977042516291e+03,0,1.0000000000000000e+00,-1.1966281478013439e+00,-2.0317745862549597e+00,-1.1966281478013303e+00,1.7268074019202606e-01,-1.7162102316551628e-01,1.7268074019202717e-01
5.2486977042516291e+03,1,1.0000000000000000e+00,1.1966281478013439e+00,2.0317745862549597e+00,1.1966281478013303e+00,-1.7268074019202606e-01,1.7162102316551628e-01,-1.7268074019202717e-01

5.2546006406550914e+03,0,1.0000000000000000e+00,2.4404227433634240e-02,-2.4713077404346495e+00,2.4404227433650671e-02,2.2471137557181564e-01,3.6220147523023744e-02,2.2471137557181542e-01
5.2546006406550914e+03,1,1.0000000000000000e+00,-2.4404227433634240e-02,2.4713077404346495e+00,-2.4404227433650671e-02,-2.2471137557181564e-01,-3.6220147523023744e-02,-2.2471137557181542e-01

5.2599767051429217e+03,0,1.0000000000000000e+00,1.1224718298665399e+00,-1.6867624237946213e+00,1.1224718298665517e+00,1.6365689012303278e-01,2.4959610247935721e-01,1.6365689012303111e-01
5.2599767051429217e+03,1,1.0000000000000000e+00,-1.1224718298665399e+00,1.6867624237946213e+00,-1.1224718298665517e+00,-1.6365689012303278e-01,-2.4959610247935721e-01,-1.6365689012303111e-01

5.2652346835100552e+03,0,1.0000000000000000e+00,1.5908256556710412e+00,-3.3944353436540009e-02,1.5908256556710418e+00,3.3903765410903119e-03,3.4956678025035359e-01,3.3903765410878695e-03
5.2652346835100552e+03,1,1.0000000000000000e+00,-1.5908256556710412e+00,3.3944353436540009e-02,-1.5908256556710418e+00,-3.3903765410903119e-03,-3.4956678025035359e-01,-3.3903765410878695e-03

5.2703873802588550e+03,0,1.0000000000000000e+00,1.1704529131650845e+00,1.6105108868078875e+00,1.1704529131650734e+00,-1.5671774995585319e-01,2.5957408508699892e-01,-1.5671774995585494e-01
5.2703873802588550e+03,1,1.0000000000000000e+00,-1.1704529131650845e+00,-1.6105108868078875e+00,-1.1704529131650734e+00,1.5671774995585319e-01,-2.5957408508699892e-01,1.5671774995585494e-01

5.2758959039761730e+03,0,1.0000000000000000e+00,6.1926325864893883e-02,2.4646868600337655e+00,6.1926325864877896e-02,-2.2459155039392467e-01,4.3068006448157198e-02,-2.2459155039392492e-01
5.2758959039761730e+03,1,1.0000000000000000e+00,-6.1926325864893883e-02,-2.4646868600337655e+00,-6.1926325864877896e-02,2.2459155039392467e-01,-4.3068006448157198e-02,2.2459155039392492e-01

5.2816396008541769e+03,0,1.0000000000000000e+00,-1.1394397934951412e+00,2.0862871143604278e+00,-1.1394397934951546e+00,-1.7785776266982953e-01,-1.6249434954101094e-01,-1.7785776266982845e-01
5.2816396008541769e+03,1,1.0000000000000000e+00,1.1394397934951412e+00,-2.0862871143604278e+00,1.1394397934951546e+00,1.7785776266982953e-01,1.6249434954101094e-01,1.7785776266982845e-01

5.2880336838951989e+03,0,1.0000000000000000e+00,-1.8914605566480243e+00,6.0499696373588496e-01,-1.8914605566480278e+00,-4.9576411201730231e-02,-2.7820897794176502e-01,-4.9576411201728426e-02
5.2880336838951989e+03,1,1.0000000000000000e+00,1.8914605566480243e+00,-6.0499696373588496e-01,1.8914605566480278e+00,4.9576411201730231e-02,2.7820897794176502e-01,4.9576411201728426e-02

5.2943008450165662e+03,0,1.0000000000000000e+00,-1.7473495403763626e+00,-1.1416811541889718e+00,-1.7473495403763548e+00,9.4255382575802432e-02,-2.5673471861153030e-01,9.4255382575803986e-02
5.2943008450165662e+03,1,1.0000000000000000e+00,1.7473495403763626e+00,1.1416811541889718e+00,1.7473495403763548e+00,-9.4255382575802432e-02,2.5673471861153030e-01,-9.4255382575803986e-02

5.3004064446163102e+03,0,1.0000000000000000e+00,-8.1441952426819320e-01,-2.3200118561914778e+00,-8.1441952426817832e-01,2.0129281883289762e-01,-1.0954202056220999e-01,2.0129281883289823e-01
5.3004064446163102e+03,1,1.0000000000000000e+00,8.1441952426819320e-01,2.3200118561914778e+00,8.1441952426817832e-01,-2.0129281883289762e-01,1.0954202056220999e-01,-2.0129281883289823e-01

5.3061598523355387e+03,0,1.0000000000000000e+00,4.4323354898135203e-01,-2.3294554831635947e+00,4.4323354898136647e-01,2.1701381760044172e-01,1.1436602512842939e-01,2.1701381760044094e-01
5.3061598523355387e+03,1,1.0000000000000000e+00,-4.4323354898135203e-01,2.3294554831635947e+00,-4.4323354898136647e-01,-2.1701381760044172e-01,-1.1436602512842939e-01,-2.1701381760044094e-01

5.3114247639505747e+03,0,1.0000000000000000e+00,1.3738637997803933e+00,-1.1944110803882122e+00,1.3738637997804002e+00,1.1769333323248797e-01,3.0253411240467221e-01,1.1769333323248603e-01
5.3114247639505747e+03,1,1.0000000000000000e+00,-1.3738637997803933e+00,1.1944110803882122e+00,-1.3738637997804002e+00,-1.1769333323248797e-01,-3.0253411240467221e-01,-1.1769333323248603e-01

5.3165199993296601e+03,0,1.0000000000000000e+00,1.5511200538284267e+00,5.2531723009916553e-01,1.5511200538284227e+00,-5.2338292764143632e-02,3.4086380241440772e-01,-5.2338292764145602e-02
5.3165199993296601e+03,1,1.0000000000000000e+00,-1.5511200538284267e+00,-5.2531723009916553e-01,-1.5511200538284227e+00,5.2338292764143632e-02,-3.4086380241440772e-01,5.2338292764145602e-02

5.3216130996151123e+03,0,1.0000000000000000e+00,9.0095632470432929e-01,1.9717284915645568e+00,9.0095632470431697e-01,-1.8875266498379589e-01,2.0427835853784204e-01,-1.8875266498379706e-01
5.3216130996151123e+03,1,1.0000000000000000e+00,-9.0095632470432929e-01,-1.9717284915645568e+00,-9.0095632470431697e-01,1.8875266498379589e-01,-2.0427835853784204e-01,1.8875266498379706e-01

5.3272168840418062e+03,0,1.0000000000000000e+00,-3.0687683468935467e-01,2.4807229648603455e+00,-3.0687683468936855e-01,-2.2137121279396021e-01,-2.2987187033374545e-02,-2.2137121279395994e-01
5.3272168840418062e+03,1,1.0000000000000000e+00,3.0687683468935467e-01,-2.4807229648603455e+00,3.0687683468936855e-01,2.2137121279396021e-01,2.2987187033374545e-02,2.2137121279395994e-01

5.3330689845200422e+03,0,1.0000000000000000e+00,-1.4261749722033445e+00,1.7597522019908949e+00,-1.4261749722033534e+00,-1.4774765150172992e-01,-2.0769936174478770e-01,-1.4774765150172864e-01
5.3330689845200422e+03,1,1.0000000000000000e+00,1.4261749722033445e+00,-1.7597522019908949e+00,1.4261749722033534e+00,1.4774765150172992e-01,2.0769936174478770e-01,1.4774765150172864e-01

5.3393826665093957e+03,0,1.0000000000000000e+00,-1.9420867102761279e+00,1.3110107171883922e-01,-1.9420867102761277e+00,-1.0715090161198454e-02,-2.8567732006651597e-01,-1.0715090161196789e-02
5.3393826665093957e+03,1,1.0000000000000000e+00,1.9420867102761279e+00,-1.3110107171883922e-01,1.9420867102761277e+00,1.0715090161198454e-02,2.8567732006651597e-01,1.0715090161196789e-02

5.3455530469752102e+03,0,1.0000000000000000e+00,-1.5721055781637665e+00,-1.5272699404822627e+00,-1.5721055781637567e+00,1.2724749411297670e-01,-2.3018404030752576e-01,1.2724749411297798e-01
5.3455530469752102e+03,1,1.0000000000000000e+00,1.5721055781637665e+00,1.5272699404822627e+00,1.5721055781637567e+00,-1.2724749411297670e-01,2.3018404030752576e-01,-1.2724749411297798e-01

5.3516828954598459e+03,0,1.0000000000000000e+00,-4.7839496478875532e-01,-2.4509941474077337e+00,-4.7839496478874022e-01,2.1663179432900126e-01,-5.2784055744629382e-02,2.1663179432900143e-01
5.3516828954598459e+03,1,1.0000000000000000e+00,4.7839496478875532e-01,2.4509941474077337e+00,4.7839496478874022e-01,-2.1663179432900126e-01,5.2784055744629382e-02,-2.1663179432900143e-01

5.3571588927568855e+03,0,1.0000000000000000e+00,7.2243850953178601e-01,-2.1416105599531217e+00,7.2243850953179845e-01,2.0283409406254027e-01,1.6862784467050426e-01,2.0283409406253916e-01
5.3571588927568855e+03,1,1.0000000000000000e+00,-7.2243850953178601e-01,2.1416105599531217e+00,-7.2243850953179845e-01,-2.0283409406254027e-01,-1.6862784467050426e-01,-2.0283409406253916e-01

5.3623325875097307e+03,0,1.0000000000000000e+00,1.4962149454195210e+00,-8.0353964481288886e-01,1.4962149454195250e+00,7.9783443692824751e-02,3.2890042171535416e-01,7.9783443692822753e-02
5.3623325875097307e+03,1,1.0000000000000000e+00,-1.4962149454195210e+00,8.0353964481288886e-01,-1.4962149454195250e+00,-7.9783443692824751e-02,-3.2890042171535416e-01,-7.9783443692822753e-02

5.3674809722800264e+03,0,1.0000000000000000e+00,1.4563055760125880e+00,9.5232544036613542e-01,1.4563055760125816e+00,-9.4321183997539831e-02,3.2025587976038472e-01,-9.4321183997541691e-02
5.3674809722800264e+03,1,1.0000000000000000e+00,-1.4563055760125880e+00,-9.5232544036613542e-01,-1.4563055760125816e+00,9.4321183997539831e-02,-3.2025587976038472e-01,9.4321183997541691e-02

5.3728007479299013e+03,0,1.0000000000000000e+00,5.9755207747560768e-01,2.2361398892468998e+00,5.9755207747559402e-01,-2.1022232225971882e-01,1.4413533039824433e-01,-2.1022232225971957e-01
5.3728007479299013e+03,1,1.0000000000000000e+00,-5.9755207747560768e-01,-2.2361398892468998e+00,-5.9755207747559402e-01,2.1022232225971882e-01,-1.4413533039824433e-01,2.1022232225971957e-01

5.3784152520865091e+03,0,1.0000000000000000e+00,-6.3710330781873192e-01,2.4016529373354221e+00,-6.3710330781874580e-01,-2.1041337846349448e-01,-7.9853577067176773e-02,-2.1041337846349389e-01
5.3784152520865091e+03,1,1.0000000000000000e+00,6.3710330781873192e-01,-2.4016529373354221e+00,6.3710330781874580e-01,2.1041337846349448e-01,7.9853577067176773e-02,2.1041337846349389e-01

5.3842638537791909e+03,0,1.0000000000000000e+00,-1.6286867405590333e+00,1.4190050375255541e+00,-1.6286867405590411e+00,-1.1787750064695970e-01,-2.3880965542196139e-01,-1.1787750064695822e-01
5.3842638537791909e+03,1,1.0000000000000000e+00,1.6286867405590333e+00,-1.4190050375255541e+00,1.6286867405590411e+00,1.1787750064695970e-01,2.3880965542196139e-01,1.1787750064695822e-01

5.3904965042964823e+03,0,1.0000000000000000e+00,-1.9332720435252793e+00,-2.8045267242287619e-01,-1.9332720435252768e+00,2.2932220386905205e-02,-2.8437978290813215e-01,2.2932220386906912e-02
5.3904965042964823e+03,1,1.0000000000000000e+00,1.9332720435252793e+00,2.8045267242287619e-01,1.9332720435252768e+00,-2.2932220386905205e-02,2.8437978290813215e-01,-2.2932220386906912e-02

5.3965028145553943e+03,0,1.0000000000000000e+00,-1.3937586812181100e+00,-1.8041703342440589e+00,-1.3937586812180984e+00,1.5173684793899997e-01,-2.0265758389542249e-01,1.5173684793900105e-01
5.3965028145553943e+03,1,1.0000000000000000e+00,1.3937586812181100e+00,1.8041703342440589e+00,1.3937586812180984e+00,-1.5173684793899997e-01,2.0265758389542249e-01,-1.5173684793900105e-01

5.4026096131225686e+03,0,1.0000000000000000e+00,-2.0209811676025158e-01,-2.4872133954925997e+00,-2.0209811676023781e-01,2.2326405470311156e-01,-4.5004820291590919e-03,2.2326405470311145e-01
5.4026096131225686e+03,1,1.0000000000000000e+00,2.0209811676025158e-01,2.4872133954925997e+00,2.0209811676023781e-01,-2.2326405470311156e-01,4.5004820291590919e-03,-2.2326405470311145e-01

5.4079992263732065e+03,0,1.0000000000000000e+00,9.4887865509826130e-01,-1.9179786400302370e+00,9.4887865509827107e-01,1.8413880635459826e-01,2.1397950944777927e-01,1.8413880635459695e-01
5.4079992263732065e+03,1,1.0000000000000000e+00,-9.4887865509826130e-01,1.9179786400302370e+00,-9.4887865509827107e-01,-1.8413880635459826e-01,-2.1397950944777927e-01,-1.8413880635459695e-01

5.4132368538134542e+03,0,1.0000000000000000e+00,1.5693965669048677e+00,-3.8760843383223209e-01,1.5693965669048686e+00,3.8662422195073959e-02,3.4486440013334924e-01,3.8662422195072127e-02
5.4132368538134542e+03,1,1.0000000000000000e+00,-1.5693965669048677e+00,3.8760843383223209e-01,-1.5693965669048686e+00,-3.8662422195073959e-02,-3.4486440013334924e-01,-3.8662422195072127e-02

5.4183617264290324e+03,0,1.0000000000000000e+00,1.3204701546123001e+00,1.3224366538579606e+00,1.3204701546122921e+00,-1.2987854737135435e-01,2.9115291519129527e-01,-1.2987854737135576e-01
5.4183617264290324e+03,1,1.0000000000000000e+00,-1.3204701546123001e+00,-1.3224366538579606e+00,-1.3204701546122921e+00,1.2987854737135435e-01,-2.9115291519129527e-01,1.2987854737135576e-01

5.4238685232739399e+03,0,1.0000000000000000e+00,2.9559509697929887e-01,2.3970174137721640e+00,2.9559509697928621e-01,-2.2139173494563863e-01,8.6385203486779305e-02,-2.2139173494563891e-01
5.4238685232739399e+03,1,1.0000000000000000e+00,-2.9559509697929887e-01,-2.3970174137721640e+00,-2.9559509697928621e-01,2.2139173494563863e-01,-8.6385203486779305e-02,2.2139173494563891e-01

5.4296634653329975e+03,0,1.0000000000000000e+00,-9.5511936328886526e-01,2.2333789934854007e+00,-9.5511936328887614e-01,-1.9229897328215378e-01,-1.3269378049105152e-01,-1.9229897328215292e-01
5.4296634653329975e+03,1,1.0000000000000000e+00,9.5511936328886526e-01,-2.2333789934854007e+00,9.5511936328887614e-01,1.9229897328215378e-01,1.3269378049105152e-01,1.9229897328215292e-01

5.4358393902912057e+03,0,1.0000000000000000e+00,-1.8145950762804870e+00,9.3608273288452404e-01,-1.8145950762804903e+00,-7.7012453285580776e-02,-2.6679498094242454e-01,-7.7012453285579333e-02
5.4358393902912057e+03,1,1.0000000000000000e+00,1.8145950762804870e+00,-9.3608273288452404e-01,1.8145950762804903e+00,7.7012453285580776e-02,2.6679498094242454e-01,7.7012453285579333e-02

5.4421261116879305e+03,0,1.0000000000000000e+00,-1.8442003209933584e+00,-8.2613735897083962e-01,-1.8442003209933526e+00,6.7863123310815718e-02,-2.7120189676535122e-01,6.7863123310817078e-02
5.4421261116879305e+03,1,1.0000000000000000e+00,1.8442003209933584e+00,8.2613735897083962e-01,1.8442003209933526e+00,-6.7863123310815718e-02,2.7120189676535122e-01,-6.7863123310817078e-02

5.4481137629272052e+03,0,1.0000000000000000e+00,-1.0674352112689067e+00,-2.1486787260299214e+00,-1.0674352112688945e+00,1.8388702674632421e-01,-1.5092320589457481e-01,1.8388702674632484e-01
5.4481137629272052e+03,1,1.0000000000000000e+00,1.0674352112689067e+00,2.1486787260299214e+00,1.0674352112688945e+00,-1.8388702674632421e-01,1.5092320589457481e-01,-1.8388702674632484e-01

5.4538870071964257e+03,0,1.0000000000000000e+00,1.5781409521457768e-01,-2.4425063000434806e+00,1.5781409521458989e-01,2.2380093870249196e-01,6.0702333227405036e-02,2.2380093870249146e-01
5.4538870071964257e+03,1,1.0000000000000000e+00,-1.5781409521457768e-01,2.4425063000434806e+00,-1.5781409521458989e-01,-2.2380093870249196e-01,-6.0702333227405036e-02,-2.2380093870249146e-01

5.4591526578327666e+03,0,1.0000000000000000e+00,1.1989911311724439e+00,-1.5620116893135514e+00,1.1989911311724508e+00,1.5226441438556418e-01,2.6553665253897046e-01,1.5226441438556271e-01
5.4591526578327666e+03,1,1.0000000000000000e+00,-1.1989911311724439e+00,1.5620116893135514e+00,-1.1989911311724508e+00,-1.5226441438556418e-01,-2.6553665253897046e-01,-1.5226441438556271e-01

5.4643314074544724e+03,0,1.0000000000000000e+00,1.5893358511923079e+00,1.0759189935225466e-01,1.5893358511923061e+00,-1.0745318748159455e-02,3.4923944920925132e-01,-1.0745318748161203e-02
5.4643314074544724e+03,1,1.0000000000000000e+00,-1.5893358511923079e+00,-1.0759189935225466e-01,-1.5893358511923061e+00,1.0745318748159455e-02,-3.4923944920925132e-01,1.0745318748161203e-02

5.4694268200094521e+03,0,1.0000000000000000e+00,1.1145577249307081e+00,1.6987529902754410e+00,1.1145577249306986e+00,-1.6474066285307121e-01,2.4795592611207856e-01,-1.6474066285307240e-01
5.4694268200094521e+03,1,1.0000000000000000e+00,-1.1145577249307081e+00,-1.6987529902754410e+00,-1.1145577249306986e+00,1.6474066285307121e-01,-2.4795592611207856e-01,1.6474066285307240e-01

5.4750053991245977e+03,0,1.0000000000000000e+00,-3.1936705715693403e-02,2.4791051464768854e+00,-3.1936705715706060e-02,-2.2469600115676494e-01,2.5992860244384908e-02,-2.2469600115676497e-01
5.4750053991245977e+03,1,1.0000000000000000e+00,3.1936705715693403e-02,-2.4791051464768854e+00,3.1936705715706060e-02,2.2469600115676494e-01,-2.5992860244384908e-02,2.2469600115676497e-01

5.4808160745866990e+03,0,1.0000000000000000e+00,-1.2237853484387851e+00,2.0042380853795834e+00,-1.2237853484387946e+00,-1.7009335805349113e-01,-1.7593551068897692e-01,-1.7009335805349013e-01
5.4808160745866990e+03,1,1.0000000000000000e+00,1.2237853484387851e+00,-2.0042380853795834e+00,1.2237853484387946e+00,1.7009335805349113e-01,1.7593551068897692e-01,1.7009335805349013e-01

5.4871138449891605e+03,0,1.0000000000000000e+00,-1.9089827691657915e+00,4.9642219224012019e-01,-1.9089827691657932e+00,-4.0642540120666260e-02,-2.8079825356491522e-01,-4.0642540120664816e-02
5.4871138449891605e+03,1,1.0000000000000000e+00,1.9089827691657915e+00,-4.9642219224012019e-01,1.9089827691657932e+00,4.0642540120666260e-02,2.8079825356491522e-01,4.0642540120664816e-02

5.4933937520756426e+03,0,1.0000000000000000e+00,-1.7078066814409509e+00,-1.2434932325602859e+00,-1.7078066814409438e+00,1.0287216271032101e-01,-2.5078602457608556e-01,1.0287216271032218e-01
5.4933937520756426e+03,1,1.0000000000000000e+00,1.7078066814409509e+00,1.2434932325602859e+00,1.7078066814409438e+00,-1.0287216271032101e-01,2.5078602457608556e-01,-1.0287216271032218e-01

5.4994931377294097e+03,0,1.0000000000000000e+00,-7.3403577905384587e-01,-2.3606430015715443e+00,-7.3403577905383388e-01,2.0572101270400495e-01,-9.6154737453309852e-02,2.0572101270400525e-01
5.4994931377294097e+03,1,1.0000000000000000e+00,7.3403577905384587e-01,2.3606430015715443e+00,7.3403577905383388e-01,-2.0572101270400495e-01,9.6154737453309852e-02,-2.0572101270400525e-01

5.5052223860886679e+03,0,1.0000000000000000e+00,5.2311735692274408e-01,-2.2842052589516944e+00,5.2311735692275496e-01,2.1379953098703638e-01,1.2970870224863298e-01,2.1379953098703558e-01
5.5052223860886679e+03,1,1.0000000000000000e+00,-5.2311735692274408e-01,2.2842052589516944e+00,-5.2311735692275496e-01,-2.1379953098703638e-01,-1.2970870224863298e-01,-2.1379953098703558e-01

5.5104700926470468e+03,0,1.0000000000000000e+00,1.4136437474720809e+00,-1.0859163752989578e+00,1.4136437474720851e+00,1.0726721447776671e-01,3.1106257328581338e-01,1.0726721447776510e-01
5.5104700926470468e+03,1,1.0000000000000000e+00,-1.4136437474720809e+00,1.0859163752989578e+00,-1.4136437474720851e+00,-1.0726721447776671e-01,-3.1106257328581338e-01,-1.0726721447776510e-01

5.5155588699650962e+03,0,1.0000000000000000e+00,1.5309284815729585e+00,6.4289283493283533e-01,1.5309284815729542e+00,-6.3971575375413897e-02,3.3645465825727522e-01,-6.3971575375415507e-02
5.5155588699650962e+03,1,1.0000000000000000e+00,-1.5309284815729585e+00,-6.4289283493283533e-01,-1.5309284815729542e+00,6.3971575375413897e-02,-3.3645465825727522e-01,6.3971575375415507e-02

5.5207607898161859e+03,0,1.0000000000000000e+00,8.1315705444786235e-01,2.0608643135372846e+00,8.1315705444785169e-01,-1.9624761665125817e-01,1.8664927756411240e-01,-1.9624761665125895e-01
5.5207607898161859e+03,1,1.0000000000000000e+00,-8.1315705444786235e-01,-2.0608643135372846e+00,-8.1315705444785169e-01,1.9624761665125817e-01,-1.8664927756411240e-01,1.9624761665125895e-01

5.5264970469384289e+03,0,1.0000000000000000e+00,-4.3618971180763766e-01,2.4605397123379560e+00,-4.3618971180764943e-01,-2.1798719301462208e-01,-4.5504836086953271e-02,-2.1798719301462169e-01
5.5264970469384289e+03,1,1.0000000000000000e+00,4.3618971180763766e-01,-2.4605397123379560e+00,4.3618971180764943e-01,2.1798719301462208e-01,4.5504836086953271e-02,2.1798719301462169e-01

5.5325039289389733e+03,0,1.0000000000000000e+00,-1.5307450626642416e+00,1.5992823162695233e+00,-1.5307450626642483e+00,-1.3353692646380860e-01,-2.2384631499202429e-01,-1.3353692646380738e-01
5.5325039289389733e+03,1,1.0000000000000000e+00,1.5307450626642416e+00,-1.5992823162695233e+00,1.5307450626642483e+00,1.3353692646380860e-01,2.2384631499202429e-01,1.3353692646380738e-01

5.5387868890610016e+03,0,1.0000000000000000e+00,-1.9437900480305730e+00,-7.2624694798948397e-02,-1.9437900480305712e+00,5.9352068947741699e-03,-2.8592791927605099e-01,5.9352068947755021e-03
5.5387868890610016e+03,1,1.0000000000000000e+00,1.9437900480305730e+00,7.2624694798948397e-02,1.9437900480305712e+00,-5.9352068947741699e-03,2.8592791927605099e-01,-5.9352068947755021e-03

5.5448688552436679e+03,0,1.0000000000000000e+00,-1.4888490779282886e+00,-1.6669921428176599e+00,-1.4888490779282795e+00,1.3949765195017380e-01,-2.1739839288486712e-01,1.3949765195017472e-01
5.5448688552436679e+03,1,1.0000000000000000e+00,1.4888490779282886e+00,1.6669921428176599e+00,1.4888490779282795e+00,-1.3949765195017380e-01,2.1739839288486712e-01,-1.3949765195017472e-01

5.5508356159350797e+03,0,1.0000000000000000e+00,-3.7781457378239747e-01,-2.4713307887451270e+00,-3.7781457378238548e-01,2.1965807323457431e-01,-3.5380125804363394e-02,2.1965807323457431e-01
5.5508356159350797e+03,1,1.0000000000000000e+00,3.7781457378239747e-01,2.4713307887451270e+00,3.7781457378238548e-01,-2.1965807323457431e-01,3.5380125804363394e-02,-2.1965807323457431e-01

5.5563619928510652e+03,0,1.0000000000000000e+00,8.2429179333995406e-01,-2.0501869486699595e+00,8.2429179333996316e-01,1.9536120816898972e-01,1.8887472679654854e-01,1.9536120816898866e-01
5.5563619928510652e+03,1,1.0000000000000000e+00,-8.2429179333995406e-01,2.0501869486699595e+00,-8.2429179333996316e-01,-1.9536120816898972e-01,-1.8887472679654854e-01,-1.9536120816898866e-01

5.5617026286456212e+03,0,1.0000000000000000e+00,1.5428025827817557e+00,-5.7683036560062106e-01,1.5428025827817575e+00,5.7440684241275852e-02,3.3904620168433336e-01,5.7440684241274187e-02
5.5617026286456212e+03,1,1.0000000000000000e+00,-1.5428025827817557e+00,5.7683036560062106e-01,-1.5428025827817575e+00,-5.7440684241275852e-02,-3.3904620168433336e-01,-5.7440684241274187e-02

5.5669074060172816e+03,0,1.0000000000000000e+00,1.3787791420847013e+00,1.1816882638167285e+00,1.3787791420846947e+00,-1.1647516915840528e-01,3.0358563843570885e-01,-1.1647516915840664e-01
5.5669074060172816e+03,1,1.0000000000000000e+00,-1.3787791420847013e+00,-1.1816882638167285e+00,-1.3787791420846947e+00,1.1647516915840528e-01,-3.0358563843570885e-01,1.1647516915840664e-01

5.5723246131643691e+03,0,1.0000000000000000e+00,4.1924669042058549e-01,2.3418191913303255e+00,4.1924669042057394e-01,-2.1785927137766550e-01,1.0978706537801286e-01,-2.1785927137766586e-01
5.5723246131643691e+03,1,1.0000000000000000e+00,-4.1924669042058549e-01,-2.3418191913303255e+00,-4.1924669042057394e-01,2.1785927137766550e-01,-1.0978706537801286e-01,2.1785927137766586e-01

5.5780344672135134e+03,0,1.0000000000000000e+00,-8.2783175591821434e-01,2.3126244982524420e+00,-8.2783175591822455e-01,-2.0050503525172048e-01,-1.1176429186804637e-01,-2.0050503525171978e-01
5.5780344672135134e+03,1,1.0000000000000000e+00,8.2783175591821434e-01,-2.3126244982524420e+00,8.2783175591822455e-01,2.0050503525172048e-01,1.1176429186804637e-01,2.0050503525171978e-01

5.5841379476729035e+03,0,1.0000000000000000e+00,-1.7533970773519152e+00,1.1250559889880625e+00,-1.7533970773519190e+00,-9.2853661982614827e-02,-2.5764233547225013e-01,-9.2853661982613522e-02
5.5841379476729035e+03,1,1.0000000000000000e+00,1.7533970773519152e+00,-1.1250559889880625e+00,1.7533970773519190e+00,9.2853661982614827e-02,2.5764233547225013e-01,9.2853661982613522e-02

5.5904007603548098e+03,0,1.0000000000000000e+00,-1.8884297831880619e+00,-6.2175762101412912e-01,-1.8884297831880574e+00,5.0957825509470533e-02,-2.7776064264663275e-01,5.0957825509471810e-02
5.5904007603548098e+03,1,1.0000000000000000e+00,1.8884297831880619e+00,6.2175762101412912e-01,1.8884297831880574e+00,-5.0957825509470533e-02,2.7776064264663275e-01,-5.0957825509471810e-02

5.5963937923337953e+03,0,1.0000000000000000e+00,-1.1991305270654824e+00,-2.0292829848204272e+00,-1.1991305270654715e+00,1.7244589945356331e-01,-1.7201910243566368e-01,1.7244589945356398e-01
5.5963937923337953e+03,1,1.0000000000000000e+00,1.1991305270654824e+00,2.0292829848204272e+00,1.1991305270654715e+00,-1.7244589945356331e-01,1.7201910243566368e-01,-1.7244589945356398e-01

5.6022036434200654e+03,0,1.0000000000000000e+00,2.2674371353281764e-04,-2.4749679128234390e+00,2.2674371354414191e-04,2.2473328560150047e-01,3.1823264102421867e-02,2.2473328560150013e-01
5.6022036434200654e+03,1,1.0000000000000000e+00,-2.2674371353281764e-04,2.4749679128234390e+00,-2.2674371354414191e-04,-2.2473328560150047e-01,-3.1823264102421867e-02,-2.2473328560150013e-01

5.6074933410627264e+03,0,1.0000000000000000e+00,1.0903101317802302e+00,-1.7345293672474209e+00,1.0903101317802377e+00,1.6796162285343902e-01,2.4294052802193369e-01,1.6796162285343774e-01
5.6074933410627264e+03,1,1.0000000000000000e+00,-1.0903101317802302e+00,1.7345293672474209e+00,-1.0903101317802377e+00,-1.6796162285343902e-01,-2.4294052802193369e-01,-1.6796162285343774e-01

5.6128261619579662e+03,0,1.0000000000000000e+00,1.5901741901357234e+00,-7.5574106481356873e-02,1.5901741901357229e+00,7.5480650137887406e-03,3.4942363654869379e-01,7.5480650137870198e-03
5.6128261619579662e+03,1,1.0000000000000000e+00,-1.5901741901357234e+00,7.5574106481356873e-02,-1.5901741901357229e+00,-7.5480650137887406e-03,-3.4942363654869379e-01,-7.5480650137870198e-03

5.6180559592931841e+03,0,1.0000000000000000e+00,1.1770156580496991e+00,1.5995773200323402e+00,1.1770156580496904e+00,-1.5571638984039562e-01,2.6094341131798171e-01,-1.5571638984039682e-01
5.6180559592931841e+03,1,1.0000000000000000e+00,-1.1770156580496991e+00,-1.5995773200323402e+00,-1.1770156580496904e+00,1.5571638984039562e-01,-2.6094341131798171e-01,1.5571638984039682e-01

5.6235220489002195e+03,0,1.0000000000000000e+00,8.0887759831127504e-02,2.4609034675412076e+00,8.0887759831115291e-02,-2.2449088294422231e-01,4.6539727039218937e-02,-2.2449088294422248e-01
5.6235220489002195e+03,1,1.0000000000000000e+00,-8.0887759831127504e-02,-2.4609034675412076e+00,-8.0887759831115291e-02,2.2449088294422231e-01,-4.6539727039218937e-02,2.2449088294422248e-01

5.6292212905617116e+03,0,1.0000000000000000e+00,-1.1163855297970928e+00,2.1069949623800341e+00,-1.1163855297971028e+00,-1.7984555646483197e-01,-1.5879926810459913e-01,-1.7984555646483111e-01
5.6292212905617116e+03,1,1.0000000000000000e+00,1.1163855297970928e+00,-2.1069949623800341e+00,1.1163855297971028e+00,1.7984555646483197e-01,1.5879926810459913e-01,1.7984555646483111e-01

5.6355669953943489e+03,0,1.0000000000000000e+00,-1.8823119327694333e+00,6.5419883552506430e-01,-1.8823119327694360e+00,-5.3633555707527314e-02,-2.7685521606215036e-01,-5.3633555707525926e-02
5.6355669953943489e+03,1,1.0000000000000000e+00,1.8823119327694333e+00,-6.5419883552506430e-01,1.8823119327694360e+00,5.3633555707527314e-02,2.7685521606215036e-01,5.3633555707525926e-02

5.6417987310818971e+03,0,1.0000000000000000e+00,-1.7669067070853717e+00,-1.0867581885153774e+00,-1.7669067070853657e+00,8.9629961296870009e-02,-2.5966780833229375e-01,8.9629961296871175e-02
5.6417987310818971e+03,1,1.0000000000000000e+00,1.7669067070853717e+00,1.0867581885153774e+00,1.7669067070853657e+00,-8.9629961296870009e-02,2.5966780833229375e-01,-8.9629961296871175e-02

5.6478780065700976e+03,0,1.0000000000000000e+00,-8.6219363710617913e-01,-2.2928809736755316e+00,-8.6219363710616781e-01,1.9842127605552923e-01,-1.1744289627547469e-01,1.9842127605552967e-01
5.6478780065700976e+03,1,1.0000000000000000e+00,8.6219363710617913e-01,2.2928809736755316e+00,8.6219363710616781e-01,-1.9842127605552923e-01,1.1744289627547469e-01,-1.9842127605552967e-01

5.6536183989704377e+03,0,1.0000000000000000e+00,3.8829717800597385e-01,-2.3569618590608155e+00,3.8829717800598473e-01,2.1887142878271995e-01,1.0389793987259269e-01,2.1887142878271934e-01
5.6536183989704377e+03,1,1.0000000000000000e+00,-3.8829717800597385e-01,2.3569618590608155e+00,-3.8829717800598473e-01,-2.1887142878271995e-01,-1.0389793987259269e-01,-2.1887142878271934e-01

5.6588678210486714e+03,0,1.0000000000000000e+00,1.3413510247376577e+00,-1.2744295534920167e+00,1.3413510247376628e+00,1.2532542859182569e-01,2.9559485117495599e-01,1.2532542859182422e-01
5.6588678210486714e+03,1,1.0000000000000000e+00,-1.3413510247376577e+00,1.2744295534920167e+00,-1.3413510247376628e+00,-1.2532542859182569e-01,-2.9559485117495599e-01,-1.2532542859182422e-01

5.6640576283348946e+03,0,1.0000000000000000e+00,1.5596658597681543e+00,4.6619648310684747e-01,1.5596658597681512e+00,-4.6472887207123059e-02,3.4273327623896177e-01,-4.6472887207124725e-02
5.6640576283348946e+03,1,1.0000000000000000e+00,-1.5596658597681543e+00,-4.6619648310684747e-01,-1.5596658597681512e+00,4.6472887207123059e-02,-3.4273327623896177e-01,4.6472887207124725e-02

5.6692414332479339e+03,0,1.0000000000000000e+00,9.1642301309315866e-01,1.9547967943501647e+00,9.1642301309314811e-01,-1.8730632061962621e-01,2.0740322832125105e-01,-1.8730632061962713e-01
5.6692414332479339e+03,1,1.0000000000000000e+00,-9.1642301309315866e-01,-1.9547967943501647e+00,-9.1642301309314811e-01,1.8730632061962621e-01,-2.0740322832125105e-01,1.8730632061962713e-01

5.6749505825631450e+03,0,1.0000000000000000e+00,-3.1199126111463948e-01,2.4801813848905554e+00,-3.1199126111465181e-01,-2.2125933793770577e-01,-2.3883987388781780e-02,-2.2125933793770547e-01
5.6749505825631450e+03,1,1.0000000000000000e+00,3.1199126111463948e-01,-2.4801813848905554e+00,3.1199126111465181e-01,2.2125933793770577e-01,2.3883987388781780e-02,2.2125933793770547e-01

5.6809276580126407e+03,0,1.0000000000000000e+00,-1.4478494145583047e+00,1.7287454415993413e+00,-1.4478494145583130e+00,-1.4497832127330157e-01,-2.1106081297374307e-01,-1.4497832127330035e-01
5.6809276580126407e+03,1,1.0000000000000000e+00,1.4478494145583047e+00,-1.7287454415993413e+00,1.4478494145583130e+00,1.4497832127330157e-01,2.1106081297374307e-01,1.4497832127330035e-01

5.6872092670296615e+03,0,1.0000000000000000e+00,-1.9431725978023551e+00,9.7949583509484350e-02,-1.9431725978023542e+00,-8.0051214798904646e-03,-2.8583708356398657e-01,-8.0051214798889658e-03
5.6872092670296615e+03,1,1.0000000000000000e+00,1.9431725978023551e+00,-9.7949583509484350e-02,1.9431725978023542e+00,8.0051214798904646e-03,2.8583708356398657e-01,8.0051214798889658e-03

5.6933342055453777e+03,0,1.0000000000000000e+00,-1.5630760195679858e+00,-1.5434652193616167e+00,-1.5630760195679767e+00,1.2865774485702125e-01,-2.2880277585137002e-01,1.2865774485702228e-01
5.6933342055453777e+03,1,1.0000000000000000e+00,1.5630760195679858e+00,1.5434652193616167e+00,1.5630760195679767e+00,-1.2865774485702125e-01,2.2880277585137002e-01,-1.2865774485702228e-01

5.6994923568316681e+03,0,1.0000000000000000e+00,-4.5694105913493277e-01,-2.4560304761719562e+00,-4.5694105913492011e-01,2.1733626959730068e-01,-4.9088135931903643e-02,2.1733626959730074e-01
5.6994923568316681e+03,1,1.0000000000000000e+00,4.5694105913493277e-01,2.4560304761719562e+00,4.5694105913492011e-01,-2.1733626959730068e-01,4.9088135931903643e-02,-2.1733626959730074e-01

5.7049881307722871e+03,0,1.0000000000000000e+00,7.4640816447499336e-01,-2.1213214831993752e+00,7.4640816447500358e-01,2.0119992883937138e-01,1.7337049784022018e-01,2.0119992883937032e-01
5.7049881307722871e+03,1,1.0000000000000000e+00,-7.4640816447499336e-01,2.1213214831993752e+00,-7.4640816447500358e-01,-2.0119992883937138e-01,-1.7337049784022018e-01,-2.0119992883937032e-01

5.7101835387266256e+03,0,1.0000000000000000e+00,1.5070947277851547e+00,-7.5720705256003162e-01,1.5070947277851570e+00,7.5234224345144374e-02,3.3126451314566763e-01,7.5234224345142597e-02
5.7101835387266256e+03,1,1.0000000000000000e+00,-1.5070947277851547e+00,7.5720705256003162e-01,-1.5070947277851570e+00,-7.5234224345144374e-02,-3.3126451314566763e-01,-7.5234224345142597e-02

5.7152469372673513e+03,0,1.0000000000000000e+00,1.4510347662330323e+00,9.7002839881692249e-01,1.4510347662330256e+00,-9.6042987301550642e-02,3.1911741339221422e-01,-9.6042987301552196e-02
5.7152469372673513e+03,1,1.0000000000000000e+00,-1.4510347662330323e+00,-9.7002839881692249e-01,-1.4510347662330256e+00,9.6042987301550642e-02,-3.1911741339221422e-01,9.6042987301552196e-02

5.7204725681530253e+03,0,1.0000000000000000e+00,6.0569394358553974e-01,2.2305211508948179e+00,6.0569394358552742e-01,-2.0979515005488358e-01,1.4572106575330776e-01,-2.0979515005488414e-01
5.7204725681530253e+03,1,1.0000000000000000e+00,-6.0569394358553974e-01,-2.2305211508948179e+00,-6.0569394358552742e-01,2.0979515005488358e-01,-1.4572106575330776e-01,2.0979515005488414e-01

5.7262332293250884e+03,0,1.0000000000000000e+00,-6.5964417755949833e-01,2.3928730031606125e+00,-6.5964417755950999e-01,-2.0938394129268872e-01,-8.3659809325853846e-02,-2.0938394129268806e-01
5.7262332293250884e+03,1,1.0000000000000000e+00,6.5964417755949833e-01,-2.3928730031606125e+00,6.5964417755950999e-01,2.0938394129268872e-01,8.3659809325853846e-02,2.0938394129268806e-01

5.7322529278999764e+03,0,1.0000000000000000e+00,-1.6607124813552190e+00,1.3518174706861297e+00,-1.6607124813552243e+00,-1.1210850765986861e-01,-2.4366929965793546e-01,-1.1210850765986724e-01
5.7322529278999764e+03,1,1.0000000000000000e+00,1.6607124813552190e+00,-1.3518174706861297e+00,1.6607124813552243e+00,1.1210850765986861e-01,2.4366929965793546e-01,1.1210850765986724e-01

5.7386602447367095e+03,0,1.0000000000000000e+00,-1.9204933678327551e+00,-4.0891966022755954e-01,-1.9204933678327509e+00,3.3458785586053794e-02,-2.8249664403212293e-01,3.3458785586055195e-02
5.7386602447367095e+03,1,1.0000000000000000e+00,1.9204933678327551e+00,4.0891966022755954e-01,1.9204933678327509e+00,-3.3458785586053794e-02,2.8249664403212293e-01,-3.3458785586055195e-02

5.7448289710120498e+03,0,1.0000000000000000e+00,-1.2969561818043243e+00,-1.9243159505794560e+00,-1.2969561818043127e+00,1.6267493044795528e-01,-1.8749817960192558e-01,1.6267493044795595e-01
5.7448289710120498e+03,1,1.0000000000000000e+00,1.2969561818043243e+00,1.9243159505794560e+00,1.2969561818043127e+00,-1.6267493044795528e-01,1.8749817960192558e-01,-1.6267493044795595e-01

5.7507551773769937e+03,0,1.0000000000000000e+00,-1.0472683582730125e-01,-2.4854016695789634e+00,-1.0472683582728837e-01,2.2433533114088228e-01,1.2876547069018585e-02,2.2433533114088186e-01
5.7507551773769937e+03,1,1.0000000000000000e+00,1.0472683582730125e-01,2.4854016695789634e+00,1.0472683582728837e-01,-2.2433533114088228e-01,-1.2876547069018585e-02,-2.2433533114088186e-01

5.7561782068802113e+03,0,1.0000000000000000e+00,1.0330271462639782e+00,-1.8137038999218107e+00,1.0330271462639860e+00,1.7501750067846528e-01,2.3115071453897637e-01,1.7501750067846386e-01
5.7561782068802113e+03,1,1.0000000000000000e+00,-1.0330271462639782e+00,1.8137038999218107e+00,-1.0330271462639860e+00,-1.7501750067846528e-01,-2.3115071453897637e-01,-1.7501750067846386e-01

5.7614621862174163e+03,0,1.0000000000000000e+00,1.5847309721885730e+00,-2.0914028792671457e-01,1.5847309721885718e+00,2.0881022507070079e-02,3.4822807981768888e-01,2.0881022507068275e-02
5.7614621862174163e+03,1,1.0000000000000000e+00,-1.5847309721885730e+00,2.0914028792671457e-01,-1.5847309721885718e+00,-2.0881022507070079e-02,-3.4822807981768888e-01,-2.0881022507068275e-02

5.7666396200936470e+03,0,1.0000000000000000e+00,1.2424608891637783e+00,1.4830084504591095e+00,1.2424608891637692e+00,-1.4494971817428226e-01,2.7465913218220328e-01,-1.4494971817428345e-01
5.7666396200936470e+03,1,1.0000000000000000e+00,-1.2424608891637783e+00,-1.4830084504591095e+00,-1.2424608891637692e+00,1.4494971817428226e-01,-2.7465913218220328e-01,1.4494971817428345e-01

5.7721544304983154e+03,0,1.0000000000000000e+00,1.6750271022852470e-01,2.4398389184624603e+00,1.6750271022851182e-01,-2.2368149141424248e-01,6.2494979488403379e-02,-2.2368149141424246e-01
5.7721544304983154e+03,1,1.0000000000000000e+00,-1.6750271022852470e-01,-2.4398389184624603e+00,-1.6750271022851182e-01,2.2368149141424248e-01,-6.2494979488403379e-02,2.2368149141424246e-01

5.7779324791771878e+03,0,1.0000000000000000e+00,-1.0603449822352873e+00,2.1544669927818156e+00,-1.0603449822352968e+00,-1.8445282741726074e-01,-1.4977895005605732e-01,-1.8445282741725968e-01
5.7779324791771878e+03,1,1.0000000000000000e+00,1.0603449822352873e+00,-2.1544669927818156e+00,1.0603449822352968e+00,1.8445282741726074e-01,1.4977895005605732e-01,1.8445282741725968e-01

5.7842223856022347e+03,0,1.0000000000000000e+00,-1.8613147316018899e+00,7.5426558744038319e-01,-1.8613147316018908e+00,-6.1904444308970394e-02,-2.7374333089912006e-01,-6.1904444308968881e-02
5.7842223856022347e+03,1,1.0000000000000000e+00,1.8613147316018899e+00,-7.5426558744038319e-01,1.8613147316018908e+00,6.1904444308970394e-02,2.7374333089912006e-01,6.1904444308968881e-02

5.7905762952782625e+03,0,1.0000000000000000e+00,-1.7878935575954114e+00,-1.0237279242614548e+00,-1.7878935575954034e+00,8.4339700237792789e-02,-2.6280869925324685e-01,8.4339700237794024e-02
5.7905762952782625e+03,1,1.0000000000000000e+00,1.7878935575954114e+00,1.0237279242614548e+00,1.7878935575954034e+00,-8.4339700237792789e-02,2.6280869925324685e-01,-8.4339700237794024e-02

5.7965999600985851e+03,0,1.0000000000000000e+00,-9.2054620972708578e-01,-2.2565854029084882e+00,-9.2054620972707302e-01,1.9466175217192050e-01,-1.2703764008881621e-01,1.9466175217192092e-01
5.7965999600985851e+03,1,1.0000000000000000e+00,9.2054620972708578e-01,2.2565854029084882e+00,9.2054620972707302e-01,-1.9466175217192050e-01,1.2703764008881621e-01,-1.9466175217192092e-01

5.8023719592891766e+03,0,1.0000000000000000e+00,3.3001037293641589e-01,-2.3830590419866056e+00,3.3001037293642776e-01,2.2054366838759437e-01,9.2864667117998401e-02,2.2054366838759362e-01
5.8023719592891766e+03,1,1.0000000000000000e+00,-3.3001037293641589e-01,2.3830590419866056e+00,-3.3001037293642776e-01,-2.2054366838759437e-01,-9.2864667117998401e-02,-2.2054366838759362e-01

5.8076469014780132e+03,0,1.0000000000000000e+00,1.3105052238623007e+00,-1.3445166923571972e+00,1.3105052238623056e+00,1.3196578916853180e-01,2.8903713871406722e-01,1.3196578916853022e-01
5.8076469014780132e+03,1,1.0000000000000000e+00,-1.3105052238623007e+00,1.3445166923571972e+00,-1.3105052238623056e+00,-1.3196578916853180e-01,-2.8903713871406722e-01,-1.3196578916853022e-01

5.8127366832528178e+03,0,1.0000000000000000e+00,1.5734835993416709e+00,3.4920770897171272e-01,1.5734835993416674e+00,-3.4841038433342991e-02,3.4576027837233264e-01,-3.4841038433344629e-02
5.8127366832528178e+03,1,1.0000000000000000e+00,-1.5734835993416709e+00,-3.4920770897171272e-01,-1.5734835993416674e+00,3.4841038433342991e-02,-3.4576027837233264e-01,3.4841038433344629e-02

5.8177898619532789e+03,0,1.0000000000000000e+00,1.0024932778203997e+00,1.8530942270697619e+00,1.0024932778203894e+00,-1.7848761772338437e-01,2.2489977490495761e-01,-1.7848761772338534e-01
5.8177898619532789e+03,1,1.0000000000000000e+00,-1.0024932778203997e+00,-1.8530942270697619e+00,-1.0024932778203894e+00,1.7848761772338437e-01,-2.2489977490495761e-01,1.7848761772338534e-01

5.8233376216484421e+03,0,1.0000000000000000e+00,-1.7136911805186017e-01,2.4874569546134229e+00,-1.7136911805187260e-01,-2.2367417321074662e-01,9.6278250232872953e-04,-2.2367417321074640e-01
5.8233376216484421e+03,1,1.0000000000000000e+00,1.7136911805186017e-01,-2.4874569546134229e+00,1.7136911805187260e-01,2.2367417321074662e-01,-9.6278250232872953e-04,2.2367417321074640e-01

5.8291207881685978e+03,0,1.0000000000000000e+00,-1.3218711563894596e+00,1.8950573017314254e+00,-1.3218711563894685e+00,-1.5998945413161353e-01,-1.9141480019213875e-01,-1.5998945413161239e-01
5.8291207881685978e+03,1,1.0000000000000000e+00,1.3218711563894596e+00,-1.8950573017314254e+00,1.3218711563894685e+00,1.5998945413161353e-01,1.9141480019213875e-01,1.5998945413161239e-01

5.8353838217014199e+03,0,1.0000000000000000e+00,-1.9280982705052565e+00,3.3850853107909540e-01,-1.9280982705052567e+00,-2.7686737033183084e-02,-2.8361764450180404e-01,-2.7686737033181585e-02
5.8353838217014199e+03,1,1.0000000000000000e+00,1.9280982705052565e+00,-3.3850853107909540e-01,1.9280982705052567e+00,2.7686737033183084e-02,2.8361764450180404e-01,2.7686737033181585e-02

5.8415743208798613e+03,0,1.0000000000000000e+00,-1.6571234529317851e+00,-1.3595865124275606e+00,-1.6571234529317764e+00,1.1277393033136368e-01,-2.4312550231995078e-01,1.1277393033136485e-01
5.8415743208798613e+03,1,1.0000000000000000e+00,1.6571234529317851e+00,1.3595865124275606e+00,1.6571234529317764e+00,-1.1277393033136368e-01,2.4312550231995078e-01,-1.1277393033136485e-01

5.8477482457078877e+03,0,1.0000000000000000e+00,-6.2050264751994622e-01,-2.4078314752200902e+00,-6.2050264751993334e-01,2.1114794342826301e-01,-7.7044348817350783e-02,2.1114794342826321e-01
5.8477482457078877e+03,1,1.0000000000000000e+00,6.2050264751994622e-01,2.4078314752200902e+00,6.2050264751993334e-01,-2.1114794342826301e-01,7.7044348817350783e-02,-2.1114794342826321e-01

5.8532953063097666e+03,0,1.0000000000000000e+00,5.9992980877025781e-01,-2.2345065390259338e+00,5.9992980877026847e-01,2.1009832271679443e-01,1.4459826685548380e-01,2.1009832271679349e-01
5.8532953063097666e+03,1,1.0000000000000000e+00,-5.9992980877025781e-01,2.2345065390259338e+00,-5.9992980877026847e-01,-2.1009832271679443e-01,-1.4459826685548380e-01,-2.1009832271679349e-01

5.8585233254409459e+03,0,1.0000000000000000e+00,1.4486175227689124e+00,-9.7802116492476099e-01,1.4486175227689162e+00,9.6819773120926850e-02,3.1859555195393185e-01,9.6819773120925157e-02
5.8585233254409459e+03,1,1.0000000000000000e+00,-1.4486175227689124e+00,9.7802116492476099e-01,-1.4486175227689162e+00,-9.6819773120926850e-02,-3.1859555195393185e-01,-9.6819773120925157e-02

5.8636023013066242e+03,0,1.0000000000000000e+00,1.5078072055824887e+00,7.5406274286695996e-01,1.5078072055824838e+00,-7.4925151192995559e-02,3.3141944120158195e-01,-7.4925151192997086e-02
5.8636023013066242e+03,1,1.0000000000000000e+00,-1.5078072055824887e+00,-7.5406274286695996e-01,-1.5078072055824838e+00,7.4925151192995559e-02,-3.3141944120158195e-01,7.4925151192997086e-02

5.8688121070700336e+03,0,1.0000000000000000e+00,7.4542046815095009e-01,2.1221719382802435e+00,7.4542046815093954e-01,-2.0126872650640584e-01,1.7317480348653735e-01,-2.0126872650640651e-01
5.8688121070700336e+03,1,1.0000000000000000e+00,-7.4542046815095009e-01,-2.1221719382802435e+00,-7.4542046815093954e-01,2.0126872650640584e-01,-1.7317480348653735e-01,2.0126872650640651e-01

5.8745586124630718e+03,0,1.0000000000000000e+00,-5.1226446519692426e-01,2.4422626708382218e+00,-5.1226446519693503e-01,-2.1545418635110603e-01,-5.8600921927135646e-02,-2.1545418635110561e-01
5.8745586124630718e+03,1,1.0000000000000000e+00,5.1226446519692426e-01,-2.4422626708382218e+00,5.1226446519693503e-01,2.1545418635110603e-01,5.8600921927135646e-02,2.1545418635110561e-01

5.8805738796763226e+03,0,1.0000000000000000e+00,-1.5774558431056627e+00,1.5175420558548225e+00,-1.5774558431056682e+00,-1.2640153875694160e-01,-2.3100186108940016e-01,-1.2640153875694046e-01
5.8805738796763226e+03,1,1.0000000000000000e+00,1.5774558431056627e+00,-1.5175420558548225e+00,1.5774558431056682e+00,1.2640153875694160e-01,2.3100186108940016e-01,1.2640153875694046e-01

5.8868454800072441e+03,0,1.0000000000000000e+00,-1.9403099990684294e+00,-1.7205105999569681e-01,-1.9403099990684272e+00,1.4063280150532320e-02,-2.8541587918484601e-01,1.4063280150533625e-02
5.8868454800072441e+03,1,1.0000000000000000e+00,1.9403099990684294e+00,1.7205105999569681e-01,1.9403099990684272e+00,-1.4063280150532320e-02,2.8541587918484601e-01,-1.4063280150533625e-02

5.8929045126323208e+03,0,1.0000000000000000e+00,-1.4424955167545772e+00,-1.7365058631383965e+00,-1.4424955167545677e+00,1.4567029454809532e-01,-2.1023120172089227e-01,1.4567029454809621e-01
5.8929045126323208e+03,1,1.0000000000000000e+00,1.4424955167545772e+00,1.7365058631383965e+00,1.4424955167545677e+00,-1.4567029454809532e-01,2.1023120172089227e-01,-1.4567029454809621e-01

5.8988373977762230e+03,0,1.0000000000000000e+00,-3.1361723328780911e-01,-2.4800048066448044e+00,-3.1361723328779689e-01,2.2122339180299078e-01,-2.4168989181595768e-02,2.2122339180299072e-01
5.8988373977762230e+03,1,1.0000000000000000e+00,3.1361723328780911e-01,2.4800048066448044e+00,3.1361723328779689e-01,-2.2122339180299078e-01,2.4168989181595768e-02,-2.2122339180299072e-01

5.9043177971859859e+03,0,1.0000000000000000e+00,8.7171450191121913e-01,-2.0027029471611204e+00,8.7171450191122801e-01,1.9138070638194252e-01,1.9838626230506221e-01,1.9138070638194141e-01
5.9043177971859859e+03,1,1.0000000000000000e+00,-8.7171450191121913e-01,2.0027029471611204e+00,-8.7171450191122801e-01,-1.9138070638194252e-01,-1.9838626230506221e-01,-1.9138070638194141e-01

5.9096249167523447e+03,0,1.0000000000000000e+00,1.5542083187317599e+00,-5.0478504810887004e-01,1.5542083187317610e+00,5.0302374610686706e-02,3.4153915761915810e-01,5.0302374610685013e-02
5.9096249167523447e+03,1,1.0000000000000000e+00,-1.5542083187317599e+00,5.0478504810887004e-01,-1.5542083187317610e+00,-5.0302374610686706e-02,-3.4153915761915810e-01,-5.0302374610685013e-02

5.9148141327588073e+03,0,1.0000000000000000e+00,1.3553785322453344e+00,1.2407460297166375e+00,1.3553785322453273e+00,-1.2211905011229629e-01,2.9858534005415915e-01,-1.2211905011229765e-01
5.9148141327588073e+03,1,1.0000000000000000e+00,-1.3553785322453344e+00,-1.2407460297166375e+00,-1.3553785322453273e+00,1.2211905011229629e-01,-2.9858534005415915e-01,1.2211905011229765e-01

5.9202208087156432e+03,0,1.0000000000000000e+00,3.7868699523493221e-01,2.3614806743296288e+00,3.7868699523492078e-01,-2.1916797202357588e-01,1.0207362981268356e-01,-2.1916797202357621e-01
5.9202208087156432e+03,1,1.0000000000000000e+00,-3.7868699523493221e-01,-2.3614806743296288e+00,-3.7868699523492078e-01,2.1916797202357588e-01,-1.0207362981268356e-01,2.1916797202357621e-01

5.9259128356222500e+03,0,1.0000000000000000e+00,-8.6130310565820511e-01,2.2934076644078667e+00,-8.6130310565821588e-01,-1.9847648006844454e-01,-1.1729599635114318e-01,-1.9847648006844384e-01
5.9259128356222500e+03,1,1.0000000000000000e+00,8.6130310565820511e-01,-2.2934076644078667e+00,8.6130310565821588e-01,1.9847648006844454e-01,1.1729599635114318e-01,1.9847648006844384e-01

5.9319869300880137e+03,0,1.0000000000000000e+00,-1.7660391010205871e+00,1.0892681540327589e+00,-1.7660391010205916e+00,-8.9841015166100546e-02,-2.5953781517118774e-01,-8.9841015166099172e-02
5.9319869300880137e+03,1,1.0000000000000000e+00,1.7660391010205871e+00,-1.0892681540327589e+00,1.7660391010205916e+00,8.9841015166100546e-02,2.5953781517118774e-01,8.9841015166099172e-02

5.9383861753056062e+03,0,1.0000000000000000e+00,-1.8735620737284193e+00,-6.9779679813633000e-01,-1.8735620737284144e+00,5.7233708429853036e-02,-2.7555926504050055e-01,5.7233708429854493e-02
5.9383861753056062e+03,1,1.0000000000000000e+00,1.8735620737284193e+00,6.9779679813633000e-01,1.8735620737284144e+00,-5.7233708429853036e-02,2.7555926504050055e-01,-5.7233708429854493e-02

5.9445062138616504e+03,0,1.0000000000000000e+00,-1.1285483177678253e+00,-2.0961581385343737e+00,-1.1285483177678135e+00,1.7880375028553416e-01,-1.6074982994924891e-01,1.7880375028553491e-01
5.9445062138616504e+03,1,1.0000000000000000e+00,1.1285483177678253e+00,2.0961581385343737e+00,1.1285483177678135e+00,-1.7880375028553416e-01,1.6074982994924891e-01,-1.7880375028553491e-01

5.9503463820871093e+03,0,1.0000000000000000e+00,9.7294481212877759e-02,-2.4573913568272521e+00,9.7294481212890860e-02,2.2438182785780181e-01,4.9549800412303335e-02,2.2438182785780139e-01
5.9503463820871093e+03,1,1.0000000000000000e+00,-9.7294481212877759e-02,2.4573913568272521e+00,-9.7294481212890860e-02,-2.2438182785780181e-01,-4.9549800412303335e-02,-2.2438182785780139e-01

5.9556696323318856e+03,0,1.0000000000000000e+00,1.1660983631546957e+00,-1.6176957140423602e+00,1.1660983631547044e+00,1.5737493635039751e-01,2.5866610916461535e-01,1.5737493635039601e-01
5.9556696323318856e+03,1,1.0000000000000000e+00,-1.1660983631546957e+00,1.6176957140423602e+00,-1.1660983631547044e+00,-1.5737493635039751e-01,-2.5866610916461535e-01,-1.5737493635039601e-01

5.9608974666254217e+03,0,1.0000000000000000e+00,1.5906256825105112e+00,5.0516266143774136e-02,1.5906256825105105e+00,-5.0455228539658947e-03,3.4952283976665877e-01,-5.0455228539677821e-03
5.9608974666254217e+03,1,1.0000000000000000e+00,-1.5906256825105112e+00,-5.0516266143774136e-02,-1.5906256825105105e+00,5.0455228539658947e-03,-3.4952283976665877e-01,5.0455228539677821e-03

5.9660308515270526e+03,0,1.0000000000000000e+00,1.1350359042785236e+00,1.6673969092930758e+00,1.1350359042785143e+00,-1.6190216225013451e-01,2.5220323032018754e-01,-1.6190216225013573e-01
5.9660308515270526e+03,1,1.0000000000000000e+00,-1.1350359042785236e+00,-1.6673969092930758e+00,-1.1350359042785143e+00,1.6190216225013451e-01,-2.5220323032018754e-01,1.6190216225013573e-01

5.9715262281377154e+03,0,1.0000000000000000e+00,1.4937174934578579e-02,2.4727973366377856e+00,1.4937174934565700e-02,-2.2472508768280933e-01,3.4497034191026898e-02,-2.2472508768280933e-01
5.9715262281377154e+03,1,1.0000000000000000e+00,-1.4937174934578579e-02,-2.4727973366377856e+00,-1.4937174934565700e-02,2.2472508768280933e-01,-3.4497034191026898e-02,2.2472508768280933e-01

5.9772408660077817e+03,0,1.0000000000000000e+00,-1.1712155180983963e+00,2.0565653470909346e+00,-1.1712155180984059e+00,-1.7502559466199286e-01,-1.6757233033848193e-01,-1.7502559466199186e-01
5.9772408660077817e+03,1,1.0000000000000000e+00,1.1712155180983963e+00,-2.0565653470909346e+00,1.1712155180984059e+00,1.7502559466199286e-01,1.6757233033848193e-01,1.7502559466199186e-01

5.9835962387576719e+03,0,1.0000000000000000e+00,-1.8982401880251594e+00,5.6559315549403011e-01,-1.8982401880251603e+00,-4.6331272800906487e-02,-2.7921136592417101e-01,-4.6331272800905016e-02
5.9835962387576719e+03,1,1.0000000000000000e+00,1.8982401880251594e+00,-5.6559315549403011e-01,1.8982401880251603e+00,4.6331272800906487e-02,2.7921136592417101e-01,4.6331272800905016e-02

5.9898116149039315e+03,0,1.0000000000000000e+00,-1.7388182656654738e+00,-1.1646251509521974e+00,-1.7388182656654663e+00,9.6192237169780981e-02,-2.5545337115946165e-01,9.6192237169782119e-02
5.9898116149039315e+03,1,1.0000000000000000e+00,1.7388182656654738e+00,1.1646251509521974e+00,1.7388182656654663e+00,-9.6192237169780981e-02,2.5545337115946165e-01,-9.6192237169782119e-02

5.9958602033650013e+03,0,1.0000000000000000e+00,-8.0785517156887487e-01,-2.3235630214039977e+00,-8.0785517156886266e-01,2.0167321234862834e-01,-1.0845318690106431e-01,2.0167321234862864e-01
5.9958602033650013e+03,1,1.0000000000000000e+00,8.0785517156887487e-01,2.3235630214039977e+00,8.0785517156886266e-01,-2.0167321234862834e-01,1.0845318690106431e-01,-2.0167321234862864e-01

6.0016287947744431e+03,0,1.0000000000000000e+00,4.5358988102101816e-01,-2.3239456102357403e+00,4.5358988102102948e-01,2.1663203898639571e-01,1.1634697488077794e-01,2.1663203898639491e-01
6.0016287947744431e+03,1,1.0000000000000000e+00,-4.5358988102101816e-01,2.3239456102357403e+00,-4.5358988102102948e-01,-2.1663203898639571e-01,-1.1634697488077794e-01,-2.1663203898639491e-01

6.0069084139282631e+03,0,1.0000000000000000e+00,1.3811596429507951e+00,-1.1754624811610155e+00,1.3811596429507993e+00,1.1587862399666654e-01,3.0409512310844194e-01,1.1587862399666490e-01
6.0069084139282631e+03,1,1.0000000000000000e+00,-1.3811596429507951e+00,1.1754624811610155e+00,-1.3811596429507993e+00,-1.1587862399666654e-01,-3.0409512310844194e-01,-1.1587862399666490e-01

6.0120194679072210e+03,0,1.0000000000000000e+00,1.5469190574232432e+00,5.5196779350799119e-01,1.5469190574232388e+00,-5.4979055055114689e-02,3.3994552998798183e-01,-5.4979055055116327e-02
6.0120194679072210e+03,1,1.0000000000000000e+00,-1.5469190574232432e+00,-5.5196779350799119e-01,-1.5469190574232388e+00,5.4979055055114689e-02,-3.3994552998798183e-01,5.4979055055116327e-02

6.0171346390883991e+03,0,1.0000000000000000e+00,8.8192598299678926e-01,1.9920377268439105e+00,8.8192598299677827e-01,-1.9047849222496738e-01,2.0044147386044736e-01,-1.9047849222496815e-01
6.0171346390883991e+03,1,1.0000000000000000e+00,-8.8192598299678926e-01,-1.9920377268439105e+00,-8.8192598299677827e-01,1.9047849222496738e-01,-2.0044147386044736e-01,1.9047849222496815e-01

6.0227655328619994e+03,0,1.0000000000000000e+00,-3.3505491718352720e-01,2.4774779613274625e+00,-3.3505491718353930e-01,-2.2073236446516367e-01,-2.7921745774324019e-02,-2.2073236446516328e-01
6.0227655328619994e+03,1,1.0000000000000000e+00,3.3505491718352720e-01,-2.4774779613274625e+00,3.3505491718353930e-01,2.2073236446516367e-01,2.7921745774324019e-02,2.2073236446516328e-01

6.0286496345143578e+03,0,1.0000000000000000e+00,-1.4494990916768455e+00,1.7263405948622632e+00,-1.4494990916768518e+00,-1.4476403970261298e-01,-2.1131634360871648e-01,-1.4476403970261173e-01
6.0286496345143578e+03,1,1.0000000000000000e+00,1.4494990916768455e+00,-1.7263405948622632e+00,1.4494990916768518e+00,1.4476403970261298e-01,2.1131634360871648e-01,1.4476403970261173e-01

6.0349923369530652e+03,0,1.0000000000000000e+00,-1.9436914395203140e+00,7.7229059019067847e-02,-1.9436914395203111e+00,-6.3115276332754155e-03,-2.8591341294852746e-01,-6.3115276332739445e-03
6.0349923369530652e+03,1,1.0000000000000000e+00,1.9436914395203140e+00,-7.7229059019067847e-02,1.9436914395203111e+00,6.3115276332754155e-03,2.8591341294852746e-01,6.3115276332739445e-03

6.0411730591829491e+03,0,1.0000000000000000e+00,-1.5464102299480564e+00,-1.5726493194292512e+00,-1.5464102299480458e+00,1.3120512713490767e-01,-2.2624994704645179e-01,1.3120512713490853e-01
6.0411730591829491e+03,1,1.0000000000000000e+00,1.5464102299480564e+00,1.5726493194292512e+00,1.5464102299480458e+00,-1.3120512713490767e-01,2.2624994704645179e-01,-1.3120512713490853e-01

6.0472487105627988e+03,0,1.0000000000000000e+00,-4.4698753471580455e-01,-2.4582376781905348e+00,-4.4698753471579167e-01,2.1765222535378415e-01,-4.7370415908696895e-02,2.1765222535378390e-01
6.0472487105627988e+03,1,1.0000000000000000e+00,4.4698753471580455e-01,2.4582376781905348e+00,4.4698753471579167e-01,-2.1765222535378415e-01,4.7370415908696895e-02,-2.1765222535378390e-01

6.0528901836901750e+03,0,1.0000000000000000e+00,7.8466850521693376e-01,-2.0873988095931244e+00,7.8466850521694220e-01,1.9843562702854312e-01,1.8096889826446622e-01,1.9843562702854178e-01
6.0528901836901750e+03,1,1.0000000000000000e+00,-7.8466850521693376e-01,2.0873988095931244e+00,-7.8466850521694220e-01,-1.9843562702854312e-01,-1.8096889826446622e-01,-1.9843562702854178e-01

6.0582302641236702e+03,0,1.0000000000000000e+00,1.5305315040409890e+00,-6.4497709315897311e-01,1.5305315040409890e+00,6.4177375882713522e-02,3.3636808378626459e-01,6.4177375882711718e-02
6.0582302641236702e+03,1,1.0000000000000000e+00,-1.5305315040409890e+00,6.4497709315897311e-01,-1.5305315040409890e+00,-6.4177375882713522e-02,-3.3636808378626459e-01,-6.4177375882711718e-02

6.0634066030011163e+03,0,1.0000000000000000e+00,1.4048167584958928e+00,1.1111494278012934e+00,1.4048167584958844e+00,-1.0969955301282847e-01,3.0916650755002223e-01,-1.0969955301282988e-01
6.0634066030011163e+03,1,1.0000000000000000e+00,-1.4048167584958928e+00,-1.1111494278012934e+00,-1.4048167584958844e+00,1.0969955301282847e-01,-3.0916650755002223e-01,1.0969955301282988e-01

6.0687814769724137e+03,0,1.0000000000000000e+00,4.7833394331239432e-01,2.3103557088334186e+00,4.7833394331238122e-01,-2.1567828024768679e-01,1.2108975601745151e-01,-2.1567828024768698e-01
6.0687814769724137e+03,1,1.0000000000000000e+00,-4.7833394331239432e-01,-2.3103557088334186e+00,-4.7833394331238122e-01,2.1567828024768679e-01,-1.2108975601745151e-01,2.1567828024768698e-01

6.0744493803606301e+03,0,1.0000000000000000e+00,-7.6419822941975535e-01,2.3461187445805081e+00,-7.6419822941976601e-01,-2.0411764761837300e-01,-1.0119186930562854e-01,-2.0411764761837203e-01
6.0744493803606301e+03,1,1.0000000000000000e+00,7.6419822941975535e-01,-2.3461187445805081e+00,7.6419822941976601e-01,2.0411764761837300e-01,1.0119186930562854e-01,2.0411764761837203e-01

6.0805149774132033e+03,0,1.0000000000000000e+00,-1.7193351994131816e+00,1.2149552491873379e+00,-1.7193351994131842e+00,-1.0045097415699436e-01,-2.5252286368728077e-01,-1.0045097415699278e-01
6.0805149774132033e+03,1,1.0000000000000000e+00,1.7193351994131816e+00,-1.2149552491873379e+00,1.7193351994131842e+00,1.0045097415699436e-01,2.5252286368728077e-01,1.0045097415699278e-01

6.0869383065167140e+03,0,1.0000000000000000e+00,-1.8977849294152909e+00,-5.6832974849957640e-01,-1.8977849294152835e+00,4.6556536837905199e-02,-2.7914407657526330e-01,4.6556536837906531e-02
6.0869383065167140e+03,1,1.0000000000000000e+00,1.8977849294152909e+00,5.6832974849957640e-01,1.8977849294152835e+00,-4.6556536837905199e-02,2.7914407657526330e-01,-4.6556536837906531e-02

6.0931014567958373e+03,0,1.0000000000000000e+00,-1.2028771866719747e+00,-2.0255352891437282e+00,-1.2028771866719616e+00,1.7209294518546370e-01,-1.7261492307524195e-01,1.7209294518546420e-01
6.0931014567958373e+03,1,1.0000000000000000e+00,1.2028771866719747e+00,2.0255352891437282e+00,1.2028771866719616e+00,-1.7209294518546370e-01,1.7261492307524195e-01,-1.7209294518546420e-01

6.0989992669422754e+03,0,1.0000000000000000e+00,1.5106199074522930e-02,-2.4727713785545573e+00,1.5106199074536919e-02,2.2472490089468367e-01,3.4527782185576339e-02,2.2472490089468297e-01
6.0989992669422754e+03,1,1.0000000000000000e+00,-1.5106199074522930e-02,2.4727713785545573e+00,-1.5106199074536919e-02,-2.2472490089468367e-01,-3.4527782185576339e-02,-2.2472490089468297e-01

6.1043700797393194e+03,0,1.0000000000000000e+00,1.1148163560332600e+00,-1.6983636335360326e+00,1.1148163560332667e+00,1.6470550364847156e-01,2.4800950165116808e-01,1.6470550364846975e-01
6.1043700797393194e+03,1,1.0000000000000000e+00,-1.1148163560332600e+00,1.6983636335360326e+00,-1.1148163560332667e+00,-1.6470550364847156e-01,-2.4800950165116808e-01,-1.6470550364846975e-01

6.1096215853871472e+03,0,1.0000000000000000e+00,1.5905964035145495e+00,-5.2505357873457781e-02,1.5905964035145457e+00,5.2441820390634886e-03,3.4951640632977238e-01,5.2441820390615179e-03
6.1096215853871472e+03,1,1.0000000000000000e+00,-1.5905964035145495e+00,5.2505357873457781e-02,-1.5905964035145457e+00,-5.2441820390634886e-03,-3.4951640632977238e-01,-5.2441820390615179e-03

6.1147675960877505e+03,0,1.0000000000000000e+00,1.1797799671747924e+00,1.5949335292039559e+00,1.1797799671747806e+00,-1.5529062109138755e-01,2.6152051803479015e-01,-1.5529062109138855e-01
6.1147675960877505e+03,1,1.0000000000000000e+00,-1.1797799671747924e+00,-1.5949335292039559e+00,-1.1797799671747806e+00,1.5529062109138755e-01,-2.6152051803479015e-01,1.5529062109138855e-01

6.1202662465789581e+03,0,1.0000000000000000e+00,7.7568653543677257e-02,2.4615870324196014e+00,7.7568653543663713e-02,-2.2451046283572423e-01,4.5931473739358242e-02,-2.2451046283572390e-01
6.1202662465789581e+03,1,1.0000000000000000e+00,-7.7568653543677257e-02,-2.4615870324196014e+00,-7.7568653543663713e-02,2.2451046283572423e-01,-4.5931473739358242e-02,2.2451046283572390e-01

6.1260026966699324e+03,0,1.0000000000000000e+00,-1.1257154910218603e+00,2.0986996023003890e+00,-1.1257154910218687e+00,-1.7904776524545896e-01,-1.6029575346339278e-01,-1.7904776524545760e-01
6.1260026966699324e+03,1,1.0000000000000000e+00,1.1257154910218603e+00,-2.0986996023003890e+00,1.1257154910218687e+00,1.7904776524545896e-01,1.6029575346339278e-01,1.7904776524545760e-01

6.1323903509413249e+03,0,1.0000000000000000e+00,-1.8872495173861203e+00,6.2815586862539941e-01,-1.8872495173861188e+00,-5.1485345190486920e-02,-2.7758601074019501e-01,-5.1485345190485227e-02
6.1323903509413249e+03,1,1.0000000000000000e+00,1.8872495173861203e+00,-6.2815586862539941e-01,1.8872495173861188e+00,5.1485345190486920e-02,2.7758601074019501e-01,5.1485345190485227e-02

6.1386577788034474e+03,0,1.0000000000000000e+00,-1.7551044198459966e+00,-1.1203060099630024e+00,-1.7551044198459855e+00,9.2453436272780604e-02,-2.5789847094896495e-01,9.2453436272781797e-02
6.1386577788034474e+03,1,1.0000000000000000e+00,1.7551044198459966e+00,1.1203060099630024e+00,1.7551044198459855e+00,-9.2453436272780604e-02,2.5789847094896495e-01,-9.2453436272781797e-02

6.1447675406033841e+03,0,1.0000000000000000e+00,-8.3026617722515628e-01,-2.3112645811497678e+00,-8.3026617722514107e-01,2.0036051826484130e-01,-1.1216730219830010e-01,2.0036051826484136e-01
6.1447675406033841e+03,1,1.0000000000000000e+00,8.3026617722515628e-01,2.3112645811497678e+00,8.3026617722514107e-01,-2.0036051826484130e-01,1.1216730219830010e-01,-2.0036051826484136e-01

6.1505284004218884e+03,0,1.0000000000000000e+00,4.2770703582885283e-01,-2.3375215184535163e+00,4.2770703582886449e-01,2.1756721775116239e-01,1.1140063019174284e-01,2.1756721775116114e-01
6.1505284004218884e+03,1,1.0000000000000000e+00,-4.2770703582885283e-01,2.3375215184535163e+00,-4.2770703582886449e-01,-2.1756721775116239e-01,-1.1140063019174284e-01,-2.1756721775116114e-01

6.1557992077137078e+03,0,1.0000000000000000e+00,1.3660858924951789e+00,-1.2141904997491433e+00,1.3660858924951813e+00,1.1958465755627440e-01,3.0087151449962590e-01,1.1958465755627239e-01
6.1557992077137078e+03,1,1.0000000000000000e+00,-1.3660858924951789e+00,1.2141904997491433e+00,-1.3660858924951813e+00,-1.1958465755627440e-01,-3.0087151449962590e-01,-1.1958465755627239e-01

6.1608981493347810e+03,0,1.0000000000000000e+00,1.5542926209003392e+00,5.0421232094482260e-01,1.5542926209003318e+00,-5.0245567354179232e-02,3.4155759685188669e-01,-5.0245567354181050e-02
6.1608981493347810e+03,1,1.0000000000000000e+00,-1.5542926209003392e+00,-5.0421232094482260e-01,-1.5542926209003318e+00,5.0245567354179232e-02,-3.4155759685188669e-01,5.0245567354181050e-02

6.1659913039525618e+03,0,1.0000000000000000e+00,9.1258750018603063e-01,1.9590317981618104e+00,9.1258750018601664e-01,-1.8766871128590801e-01,2.0662776288805118e-01,-1.8766871128590878e-01
6.1659913039525618e+03,1,1.0000000000000000e+00,-9.1258750018603063e-01,-1.9590317981618104e+00,-9.1258750018601664e-01,1.8766871128590801e-01,-2.0662776288805118e-01,1.8766871128590878e-01

6.1715943538167621e+03,0,1.0000000000000000e+00,-2.9302461200260033e-01,2.4820844295240994e+00,-2.9302461200261454e-01,-2.2166513304644322e-01,-2.0555649534184595e-02,-2.2166513304644259e-01
6.1715943538167621e+03,1,1.0000000000000000e+00,2.9302461200260033e-01,-2.4820844295240994e+00,2.9302461200261454e-01,2.2166513304644322e-01,2.0555649534184595e-02,2.2166513304644259e-01

6.1774455592712193e+03,0,1.0000000000000000e+00,-1.4167663232171990e+00,1.7728798410625171e+00,-1.4167663232172063e+00,-1.4892386963241949e-01,-2.0623779336054054e-01,-1.4892386963241791e-01
6.1774455592712193e+03,1,1.0000000000000000e+00,1.4167663232171990e+00,-1.7728798410625171e+00,1.4167663232172063e+00,1.4892386963241949e-01,2.0623779336054054e-01,1.4892386963241791e-01

6.1837609913427332e+03,0,1.0000000000000000e+00,-1.9413814087373338e+00,1.4871787552143623e-01,-1.9413814087373300e+00,-1.2155379294345486e-02,-2.8557354152677916e-01,-1.2155379294343738e-02
6.1837609913427332e+03,1,1.0000000000000000e+00,1.9413814087373338e+00,-1.4871787552143623e-01,1.9413814087373300e+00,1.2155379294345486e-02,2.8557354152677916e-01,1.2155379294343738e-02

6.1899395892143748e+03,0,1.0000000000000000e+00,-1.5788796242594825e+00,-1.5149365021860450e+00,-1.5788796242594691e+00,1.2617509660638079e-01,-2.3121941749520378e-01,1.2617509660638193e-01
6.1899395892143748e+03,1,1.0000000000000000e+00,1.5788796242594825e+00,1.5149365021860450e+00,1.5788796242594691e+00,-1.2617509660638079e-01,2.3121941749520378e-01,-1.2617509660638193e-01

6.1960792118916133e+03,0,1.0000000000000000e+00,-4.8785179154022629e-01,-2.4486526751060831e+00,-4.8785179154021074e-01,2.1631106638456749e-01,-5.4410408314286535e-02,2.1631106638456729e-01
6.1960792118916133e+03,1,1.0000000000000000e+00,4.8785179154022629e-01,2.4486526751060831e+00,4.8785179154021074e-01,-2.1631106638456749e-01,5.4410408314286535e-02,-2.1631106638456729e-01

6.2015659418303449e+03,0,1.0000000000000000e+00,7.1574709757943289e-01,-2.1471456710520069e+00,7.1574709757944377e-01,2.0327726104892097e-01,1.6730629555139973e-01,2.0327726104891952e-01
6.2015659418303449e+03,1,1.0000000000000000e+00,-7.1574709757943289e-01,2.1471456710520069e+00,-7.1574709757944377e-01,-2.0327726104892097e-01,-1.6730629555139973e-01,-2.0327726104891952e-01

6.2067491818618864e+03,0,1.0000000000000000e+00,1.4943385220637424e+00,-8.1123386394262331e-01,1.4943385220637435e+00,8.0537960190877250e-02,3.2849301456443292e-01,8.0537960190875099e-02
6.2067491818618864e+03,1,1.0000000000000000e+00,-1.4943385220637424e+00,8.1123386394262331e-01,-1.4943385220637435e+00,-8.0537960190877250e-02,-3.2849301456443292e-01,-8.0537960190875099e-02

6.2119067353328037e+03,0,1.0000000000000000e+00,1.4576455055012070e+00,9.4776308099008388e-01,1.4576455055011979e+00,-9.3877154114370198e-02,3.2054541653013535e-01,-9.3877154114371933e-02
6.2119067353328037e+03,1,1.0000000000000000e+00,-1.4576455055012070e+00,-9.4776308099008388e-01,-1.4576455055011979e+00,9.3877154114370198e-02,-3.2054541653013535e-01,9.3877154114371933e-02

6.2172362557564475e+03,0,1.0000000000000000e+00,5.9849686711635453e-01,2.2354916212723195e+00,5.9849686711633976e-01,-2.1017312511836408e-01,1.4431926223711794e-01,-2.1017312511836450e-01
6.2172362557564475e+03,1,1.0000000000000000e+00,-5.9849686711635453e-01,-2.2354916212723195e+00,-5.9849686711633976e-01,2.1017312511836408e-01,-1.4431926223711794e-01,2.1017312511836450e-01

6.2228619993227876e+03,0,1.0000000000000000e+00,-6.3852225627635140e-01,2.4011135443982776e+00,-6.3852225627636461e-01,-2.1034966541777708e-01,-8.0093458505502840e-02,-2.1034966541777617e-01
6.2228619993227876e+03,1,1.0000000000000000e+00,6.3852225627635140e-01,-2.4011135443982776e+00,6.3852225627636461e-01,2.1034966541777708e-01,8.0093458505502840e-02,2.1034966541777617e-01

6.2287237723084600e+03,0,1.0000000000000000e+00,-1.6310303015495260e+00,1.4142453706577536e+00,-1.6310303015495311e+00,-1.1746772165004400e-01,-2.3916582335490552e-01,-1.1746772165004227e-01
6.2287237723084600e+03,1,1.0000000000000000e+00,1.6310303015495260e+00,-1.4142453706577536e+00,1.6310303015495311e+00,1.1746772165004400e-01,2.3916582335490552e-01,1.1746772165004227e-01

6.2349700021290873e+03,0,1.0000000000000000e+00,-1.9324908650257355e+00,-2.8997612546654183e-01,-1.9324908650257295e+00,2.3711892868093873e-02,-2.8426473503847444e-01,2.3711892868095497e-02
6.2349700021290873e+03,1,1.0000000000000000e+00,1.9324908650257355e+00,2.8997612546654183e-01,1.9324908650257295e+00,-2.3711892868093873e-02,2.8426473503847444e-01,-2.3711892868095497e-02

6.2409890779584539e+03,0,1.0000000000000000e+00,-1.3867196955613008e+00,-1.8135200890805807e+00,-1.3867196955612866e+00,1.5258003599306158e-01,-2.0156050783787946e-01,1.5258003599306239e-01
6.2409890779584539e+03,1,1.0000000000000000e+00,1.3867196955613008e+00,1.8135200890805807e+00,1.3867196955612866e+00,-1.5258003599306158e-01,2.0156050783787946e-01,-1.5258003599306239e-01

6.2471064568127313e+03,0,1.0000000000000000e+00,-1.8940244683467711e-01,-2.4874051477369541e+00,-1.8940244683466223e-01,2.2344150799113371e-01,-2.2456380265153120e-03,2.2344150799113316e-01
6.2471064568127313e+03,1,1.0000000000000000e+00,1.8940244683467711e-01,2.4874051477369541e+00,1.8940244683466223e-01,-2.2344150799113371e-01,2.2456380265153120e-03,-2.2344150799113316e-01

6.2525021364451786e+03,0,1.0000000000000000e+00,9.6042559331977762e-01,-1.9044438795711573e+00,9.6042559331978672e-01,1.8296701921279890e-01,2.1632541664246496e-01,1.8296701921279718e-01
6.2525021364451786e+03,1,1.0000000000000000e+00,-9.6042559331977762e-01,1.9044438795711573e+00,-9.6042559331978672e-01,-1.8296701921279890e-01,-2.1632541664246496e-01,-1.8296701921279718e-01

6.2577473944182875e+03,0,1.0000000000000000e+00,1.5720383299689755e+00,-3.6326174401202138e-01,1.5720383299689737e+00,3.6239944615807040e-02,3.4544342252701993e-01,3.6239944615804931e-02
6.2577473944182875e+03,1,1.0000000000000000e+00,-1.5720383299689755e+00,3.6326174401202138e-01,-1.5720383299689737e+00,-3.6239944615807040e-02,-3.4544342252701993e-01,-3.6239944615804931e-02

6.2628808793225908e+03,0,1.0000000000000000e+00,1.3101042045678712e+00,1.3453946169968822e+00,1.3101042045678599e+00,-1.3204868772501790e-01,2.8895204791003926e-01,-1.3204868772501926e-01
6.2628808793225908e+03,1,1.0000000000000000e+00,-1.3101042045678712e+00,-1.3453946169968822e+00,-1.3101042045678599e+00,1.3204868772501790e-01,-2.8895204791003926e-01,1.3204868772501926e-01

6.2683222097078378e+03,0,1.0000000000000000e+00,2.9256512907800514e-01,2.3981956006022016e+00,2.9256512907799026e-01,-2.2146155299803971e-01,8.5815983978926452e-02,-2.2146155299803971e-01
6.2683222097078378e+03,1,1.0000000000000000e+00,-2.9256512907800514e-01,-2.3981956006022016e+00,-2.9256512907799026e-01,2.2146155299803971e-01,-8.5815983978926452e-02,2.2146155299803971e-01

6.2740403632547122e+03,0,1.0000000000000000e+00,-9.4295775752277144e-01,2.2416899491621081e+00,-9.4295775752278232e-01,-1.9314183631424461e-01,-1.3070656911250791e-01,-1.9314183631424336e-01
6.2740403632547122e+03,1,1.0000000000000000e+00,9.4295775752277144e-01,-2.2416899491621081e+00,9.4295775752278232e-01,1.9314183631424461e-01,1.3070656911250791e-01,1.9314183631424336e-01

6.2803491303000919e+03,0,1.0000000000000000e+00,-1.8199115674535058e+00,9.1744941439076610e-01,-1.8199115674535067e+00,-7.5458702094243199e-02,-2.6758736698758390e-01,-7.5458702094241437e-02
6.2803491303000919e+03,1,1.0000000000000000e+00,1.8199115674535058e+00,-9.1744941439076610e-01,1.8199115674535067e+00,7.5458702094243199e-02,2.6758736698758390e-01,7.5458702094241437e-02

6.2831965781102108e+03,0,1.0000000000000000e+00,-1.9423778425188334e+00,1.2309397254412568e-01,-1.9423778425188294e+00,-1.0060507114334580e-02,-2.8572015526391487e-01,-1.0060507114332901e-02
6.2831965781102108e+03,1,1.0000000000000000e+00,1.9423778425188334e+00,-1.2309397254412568e-01,1.9423778425188294e+00,1.0060507114334580e-02,2.8572015526391487e-01,1.0060507114332901e-02

6.2831853072116992e+03,0,1.0000000000000000e+00,-1.9422629680151997e+00,1.2631420057818790e-01,-1.9422629680151959e+00,-1.0323758307366952e-02,-2.8570325357213977e-01,-1.0323758307365273e-02
6.2831853072116992e+03,1,1.0000000000000000e+00,1.9422629680151997e+00,-1.2631420057818790e-01,1.9422629680151959e+00,1.0323758307366952e-02,2.8570325357213977e-01,1.0323758307365273e-02

