time,id,mass,px,py,pz,vx,vy,vz
0.0000000000000000e+00,0,1.0000000000000000e+00,1.3443933148415205e+01,5.2578605484239276e+00,3.7245688280811651e-01,-8.9121642005764862e-02,4.0475249464639523e-01,1.5604122320422876e-02
0.0000000000000000e+00,1,1.0000000000000000e+00,8.5104146456854508e+00,4.4765611514145505e+00,3.6183292495435193e-01,9.8680324065148900e-03,-2.2045117580307588e-01,4.6374977111950533e-03
0.0000000000000000e+00,2,1.0000000000000000e+00,-2.1954347794100656e+01,-9.7344216998384780e+00,-7.3428980776246844e-01,7.9253609599249986e-02,-1.8430131884331941e-01,-2.0241620031617925e-02

8.7677459251030765e-01,0,1.0000000000000000e+00,1.3350444392307939e+01,5.6096646202159066e+00,3.8608803111347495e-01,-1.2399598617402281e-01,3.9710657839741398e-01,1.5478479380436847e-02
8.7677459251030765e-01,1,1.0000000000000000e+00,8.5338692447754276e+00,4.2861017703655486e+00,3.6593041053541464e-01,4.3495938908292384e-02,-2.1336776018750209e-01,4.7203018335281004e-03
8.7677459251030765e-01,2,1.0000000000000000e+00,-2.1884313637083366e+01,-9.8957663905814535e+00,-7.5201844164888976e-01,8.0500047265730401e-02,-1.8373881820991203e-01,-2.0198781213964942e-02

1.7693749747061185e+00,0,1.0000000000000000e+00,1.3224302180083319e+01,5.9592071190831177e+00,3.9982154359817096e-01,-1.5842710388923076e-01,3.8545400067658159e-01,1.5282079468324541e-02
1.7693749747061185e+00,1,1.0000000000000000e+00,8.5875917978782645e+00,4.1003061211021175e+00,3.7020648347570034e-01,7.6660981285973234e-02,-2.0229564608681178e-01,4.8720417079008618e-03
1.7693749747061185e+00,2,1.0000000000000000e+00,-2.1811893977961585e+01,-1.0059513240185236e+01,-7.7002802707387130e-01,8.1766122603257468e-02,-1.8315835458976978e-01,-2.0154121176225399e-02

3.1481306964823008e+00,0,1.0000000000000000e+00,1.2970857329434535e+01,6.4741939521538754e+00,4.2061051415971062e-01,-2.0848484813207671e-01,3.6014238487906214e-01,1.4848386629538194e-02
3.1481306964823008e+00,1,1.0000000000000000e+00,8.7269567644366681e+00,3.8372237166429026e+00,3.7715646336613412e-01,1.2477019091431316e-01,-1.7789526979852321e-01,5.2347548900433163e-03
3.1481306964823008e+00,2,1.0000000000000000e+00,-2.1697814093871202e+01,-1.0311417668796778e+01,-7.9776697752584469e-01,8.3714657217763611e-02,-1.8224711508053887e-01,-2.0083141519581509e-02

5.1165320528136924e+00,0,1.0000000000000000e+00,1.2497150007837362e+01,7.1363327474426601e+00,4.4902729954223020e-01,-2.7075831185930671e-01,3.1008744337419264e-01,1.3978531853586676e-02
5.1165320528136924e+00,1,1.0000000000000000e+00,9.0331569711358615e+00,3.5325168964110256e+00,3.8816847050803532e-01,1.8428114984660504e-01,-1.2917030379317440e-01,5.9993177701557331e-03
5.1165320528136924e+00,2,1.0000000000000000e+00,-2.1530306978973222e+01,-1.0668849643853687e+01,-8.3719577005026546e-01,8.6477162012701697e-02,-1.8091713958101835e-01,-1.9977849623742404e-02

7.9282038789291676e+00,0,1.0000000000000000e+00,1.1638531089290913e+01,7.8812562124552361e+00,4.8609906108771228e-01,-3.3445279786463267e-01,2.1612512762407940e-01,1.2322694446958677e-02
7.9282038789291676e+00,1,1.0000000000000000e+00,9.6431401395256540e+00,3.2935375049350197e+00,4.0704794793129739e-01,2.4408163573085917e-01,-3.7165174222939995e-02,7.4973226920359397e-03
7.9282038789291676e+00,2,1.0000000000000000e+00,-2.1281671228816570e+01,-1.1174793717390255e+01,-8.9314700901900990e-01,9.0371162133773553e-02,-1.7895995340113954e-01,-1.9820017138994617e-02

1.1544323858347623e+01,0,1.0000000000000000e+00,1.0358908905577611e+01,8.4096106098719456e+00,5.2613719790765912e-01,-3.6255114077176953e-01,7.4136142116056375e-02,9.7780486844715343e-03
1.1544323858347623e+01,1,1.0000000000000000e+00,1.0587074844029614e+01,3.4076194094917245e+00,4.3829666723120098e-01,2.6728266224957986e-01,1.0220075392662389e-01,9.8269701933120929e-03
1.1544323858347623e+01,2,1.0000000000000000e+00,-2.0945983749607230e+01,-1.1817230019363672e+01,-9.6443386513886020e-01,9.5268478522189698e-02,-1.7633689604268041e-01,-1.9605018877783618e-02

1.6434800366258553e+01,0,1.0000000000000000e+00,8.6955054759601254e+00,8.3102654421428852e+00,5.6549582883579097e-01,-2.9912376056878054e-01,-1.0798819023028489e-01,6.4192417969477986e-03
1.6434800366258553e+01,1,1.0000000000000000e+00,1.1768786777667394e+01,4.3602242976917660e+00,4.9406140507253504e-01,1.9743771889782880e-01,2.8055119729714195e-01,1.2872646253650942e-02
1.6434800366258553e+01,2,1.0000000000000000e+00,-2.0464292253627512e+01,-1.2670489739834650e+01,-1.0595572339083259e+00,1.0168604167095215e-01,-1.7256300706685690e-01,-1.9291888050598734e-02

2.1246408783122295e+01,0,1.0000000000000000e+00,7.5969515057000550e+00,7.4875986121593883e+00,5.9048622975942266e-01,-1.4638671258801300e-01,-2.1821951116049448e-01,4.2316902797294303e-03
2.1246408783122295e+01,1,1.0000000000000000e+00,1.2363259961275977e+01,6.0036731162685459e+00,5.6109670227857811e-01,3.8570267237187483e-02,3.8677343859623964e-01,1.4722652404621093e-02
2.1246408783122295e+01,2,1.0000000000000000e+00,-1.9960211466976020e+01,-1.3491271728427929e+01,-1.1515829320380002e+00,1.0781644535082595e-01,-1.6855392743574493e-01,-1.8954342684350516e-02

2.6106102182001390e+01,0,1.0000000000000000e+00,7.3452633121744846e+00,6.3758905253888205e+00,6.0941394783891667e-01,4.2825323238672899e-02,-2.1936797780418948e-01,3.9042218275472489e-03
2.6106102182001390e+01,1,1.0000000000000000e+00,1.2076207203568583e+01,7.9240658625653664e+00,6.3338580190582827e-01,-1.5670833302301512e-01,3.8358309830368920e-01,1.4676077305376031e-02
2.6106102182001390e+01,2,1.0000000000000000e+00,-1.9421470515743053e+01,-1.4299956387954181e+01,-1.2427997497447449e+00,1.1388300978434236e-01,-1.6421512049949946e-01,-1.8580299132923268e-02

3.0592985048521111e+01,0,1.0000000000000000e+00,7.8826248289551337e+00,5.5818749919311905e+00,6.2964387444759518e-01,1.8699187458834410e-01,-1.2039178918394303e-01,5.3684993731545096e-03
3.0592985048521111e+01,1,1.0000000000000000e+00,1.1015506831971891e+01,9.4455202632879658e+00,6.9569716830352624e-01,-3.0636150972893600e-01,2.8040193480779363e-01,1.2839741381157883e-02
3.0592985048521111e+01,2,1.0000000000000000e+00,-1.8898131660927010e+01,-1.5027395255219147e+01,-1.3253410427511210e+00,1.1936963514059196e-01,-1.6001014562385041e-01,-1.8208240754312384e-02

3.5050710704896019e+01,0,1.0000000000000000e+00,8.8971514833791581e+00,5.3903806370819005e+00,6.5913834828825468e-01,2.5257224885750390e-01,4.0936354977438888e-02,7.9914677441207949e-03
3.5050710704896019e+01,1,1.0000000000000000e+00,9.4570140138356322e+00,1.0340729863926830e+01,7.4651033177104953e-01,-3.7722411956898066e-01,1.1476169471045114e-01,9.8284746806228361e-03
3.5050710704896019e+01,2,1.0000000000000000e+00,-1.8354165497214776e+01,-1.5731110501008725e+01,-1.4056486800593038e+00,1.2465187071147682e-01,-1.5569804968788972e-01,-1.7819942424743627e-02

4.1092923347046181e+01,0,1.0000000000000000e+00,1.0309175522847024e+01,6.3429048185853674e+00,7.1929190628409190e-01,1.8554772355508173e-01,2.6598974894509808e-01,1.1799686731205482e-02
4.1092923347046181e+01,1,1.0000000000000000e+00,7.2710676104035645e+00,1.0310804222441506e+01,7.9238195401823652e-01,-3.1699375627661297e-01,-1.1635041312217792e-01,5.4705681224785450e-03
4.1092923347046181e+01,2,1.0000000000000000e+00,-1.7580243133250580e+01,-1.6653709041026868e+01,-1.5116738603023276e+00,1.3144603272153130e-01,-1.4963933582291994e-01,-1.7270254853684015e-02

4.5827615877008228e+01,0,1.0000000000000000e+00,1.0847186587583291e+01,7.8890495036808730e+00,7.8012363508117111e-01,3.0971225760389631e-02,3.7187747336057148e-01,1.3637509256217175e-02
4.5827615877008228e+01,1,1.0000000000000000e+00,6.0986958433616270e+00,9.4614602108868979e+00,8.1225456147138408e-01,-1.6744993871318359e-01,-2.2721729449919209e-01,3.1787661532043082e-03
4.5827615877008228e+01,2,1.0000000000000000e+00,-1.6945882430944906e+01,-1.7350509714567760e+01,-1.5923781965525545e+00,1.3647871295279412e-01,-1.4466017886137922e-01,-1.6816275409421474e-02

5.0464314428605000e+01,0,1.0000000000000000e+00,1.0563088549993008e+01,9.6612626696103945e+00,8.4419787918560574e-01,-1.5398817937349657e-01,3.7461899386040914e-01,1.3682738582075485e-02
5.0464314428605000e+01,1,1.0000000000000000e+00,5.7389389803406887e+00,8.3482424804919244e+00,8.2507112850635778e-01,1.2772909514742858e-02,-2.3506394771902400e-01,2.6625561200599706e-03
5.0464314428605000e+01,2,1.0000000000000000e+00,-1.6302027530333685e+01,-1.8009505150102306e+01,-1.6692690076919625e+00,1.4121526985875396e-01,-1.3955504614138506e-01,-1.6345294702135450e-02

5.5181797415325036e+01,0,1.0000000000000000e+00,9.4374357783346277e+00,1.1225634285408891e+01,9.0508642330948141e-01,-3.1326429518044485e-01,2.7284140652734817e-01,1.1839884888755581e-02
5.5181797415325036e+01,1,1.0000000000000000e+00,6.1873577207998736e+00,7.4295690272067052e+00,8.4010747078699000e-01,1.6739006675178730e-01,-1.3867634665259981e-01,3.9995845134447455e-03
5.5181797415325036e+01,2,1.0000000000000000e+00,-1.5624793499134487e+01,-1.8655203312615591e+01,-1.7451938940964702e+00,1.4587422842865747e-01,-1.3416505987474819e-01,-1.5839469402200320e-02

5.9868873831913760e+01,0,1.0000000000000000e+00,7.7519251972580037e+00,1.2119031949990205e+01,9.5347274474737753e-01,-3.8906727737150848e-01,1.0103266648321241e-01,8.6559617767704121e-03
5.9868873831913760e+01,1,1.0000000000000000e+00,7.1786495865393336e+00,7.1522149614848534e+00,8.6474628387197638e-01,2.3875098028540576e-01,2.7657045568226568e-02,6.6626061002265655e-03
5.9868873831913760e+01,2,1.0000000000000000e+00,-1.4930574783797322e+01,-1.9271246911475053e+01,-1.8182190286193531e+00,1.5031629708610272e-01,-1.2868971205143842e-01,-1.5318567876996966e-02

6.4470097725074567e+01,0,1.0000000000000000e+00,5.9906039699477418e+00,1.2160285560634293e+01,9.8523093518358773e-01,-3.5913546843116234e-01,-8.0013916720335976e-02,5.1810149116400528e-03
6.4470097725074567e+01,1,1.0000000000000000e+00,8.2387560747950150e+00,7.6905852929624157e+00,9.0227683853277463e-01,2.0470163536935443e-01,2.0325558856863357e-01,9.6166965614071925e-03
6.4470097725074567e+01,2,1.0000000000000000e+00,-1.4229360044742739e+01,-1.9850870853596696e+01,-1.8875077737163612e+00,1.5443383306180808e-01,-1.2324167184829699e-01,-1.4797711473047238e-02

6.9266678539256475e+01,0,1.0000000000000000e+00,4.5452572767925012e+00,1.1412335265860577e+01,1.0027027254502350e+00,-2.2972062040296942e-01,-2.1862962533922103e-01,2.3202663632755065e-03
6.9266678539256475e+01,1,1.0000000000000000e+00,8.9336406323332334e+00,9.0158661990816142e+00,9.5446292716546477e-01,7.1289085958555931e-02,3.3609219632418252e-01,1.1924645574203646e-02
6.9266678539256475e+01,2,1.0000000000000000e+00,-1.3478897909125717e+01,-2.0428201464942177e+01,-1.9571656526156984e+00,1.5843153444441344e-01,-1.1746257098496071e-01,-1.4244911937479151e-02

7.3906781388204195e+01,0,1.0000000000000000e+00,3.8827643645522656e+00,1.0262706751646242e+01,1.0100144699228353e+00,-5.1997391305935947e-02,-2.5930320390836264e-01,1.1374241704060796e-03
7.3906781388204195e+01,1,1.0000000000000000e+00,8.8525479222481742e+00,1.0697280584138026e+01,1.0119773402601826e+00,-1.1003551715144727e-01,3.7102566632391315e-01,1.2555913063799337e-02
7.3906781388204195e+01,2,1.0000000000000000e+00,-1.2735312286800418e+01,-2.0959987335784245e+01,-2.0219918101830165e+00,1.6203290845738322e-01,-1.1172246241554976e-01,-1.3693337234205419e-02

7.8482934695135398e+01,0,1.0000000000000000e+00,4.0419922302047588e+00,9.1844128807912853e+00,1.0160988740699635e+00,1.1515703542786168e-01,-1.9545120370509705e-01,1.8232103144589680e-03
7.8482934695135398e+01,1,1.0000000000000000e+00,7.9441099238769786e+00,1.2273567519064731e+01,1.0672695738213942e+00,-2.8053441889678499e-01,3.0135100826045957e-01,1.1304363109128999e-02
7.8482934695135398e+01,2,1.0000000000000000e+00,-1.1986102154081724e+01,-2.1457980399855998e+01,-2.0833684478913566e+00,1.6537738346892342e-01,-1.0589980455536178e-01,-1.3127573423587967e-02

8.3176578706652649e+01,0,1.0000000000000000e+00,4.8625701137430610e+00,8.5954100895527965e+00,1.0295768153818528e+00,2.1902289316184351e-01,-4.4884042900889251e-02,4.1311884534229563e-03
8.3176578706652649e+01,1,1.0000000000000000e+00,6.3396219537166942e+00,1.3345362878835845e+01,1.1140070360767216e+00,-3.8764390113605285e-01,1.4469264494790907e-01,8.3971309414165567e-03
8.3176578706652649e+01,2,1.0000000000000000e+00,-1.1202192067459734e+01,-2.1940772968388618e+01,-2.1435838514585734e+00,1.6862100797420951e-01,-9.9808602047019065e-02,-1.2528319394839508e-02

8.7745034778039653e+01,0,1.0000000000000000e+00,5.9039007774460934e+00,8.7975610611053696e+00,1.0551485251792720e+00,2.1912806181041528e-01,1.3346652884313492e-01,7.0919732225520459e-03
8.7745034778039653e+01,1,1.0000000000000000e+00,4.5211263345402681e+00,1.3585548751302991e+01,1.1443206683533711e+00,-3.9069983360118271e-01,-3.9629064370996225e-02,4.8449583004535708e-03
8.7745034778039653e+01,2,1.0000000000000000e+00,-1.0425027111986346e+01,-2.2383109812408328e+01,-2.1994691935326416e+00,1.7157177179076757e-01,-9.3837464472137880e-02,-1.1936931523005614e-02

9.2315112752939584e+01,0,1.0000000000000000e+00,6.7118113158209134e+00,9.7700291905041681e+00,1.0938184680180925e+00,1.1977168197731480e-01,2.8251909910877149e-01,9.6826902798788986e-03
9.2315112752939584e+01,1,1.0000000000000000e+00,2.9228481967115707e+00,1.3028259777674752e+01,1.1588492150179692e+00,-2.9404244439928784e-01,-1.9466456257705606e-01,1.6614421461460700e-03
9.2315112752939584e+01,2,1.0000000000000000e+00,-9.6346595125324619e+00,-2.2798288968178881e+01,-2.2526676830360608e+00,1.7427076242197312e-01,-8.7854536531714586e-02,-1.1344132426024965e-02

9.6888970715045716e+01,0,1.0000000000000000e+00,6.8962995782646050e+00,1.1260631835815570e+01,1.1416964027221823e+00,-4.6119830184025712e-02,3.5336185599122955e-01,1.0978837188910125e-02
9.6888970715045716e+01,1,1.0000000000000000e+00,1.9356215696095465e+00,1.1925732549571395e+01,1.1614945751523109e+00,-1.3057523178529923e-01,-2.7153464503678632e-01,-2.3212679889115899e-04
9.6888970715045716e+01,2,1.0000000000000000e+00,-8.8319211478741337e+00,-2.3186364385386923e+01,-2.3031909778744915e+00,1.7669506196932511e-01,-8.1827210954442509e-02,-1.0746710390018965e-02

1.0307261880640971e+02,0,1.0000000000000000e+00,5.8616221383534830e+00,1.3339737584336916e+01,1.2078714104287831e+00,-2.8049140943652784e-01,2.8854612171712674e-01,9.8607780748169692e-03
1.0307261880640971e+02,1,1.0000000000000000e+00,1.8685649606549775e+00,1.0327073603366930e+01,1.1592274943182836e+00,1.0091747536450074e-01,-2.1501270507840003e-01,5.7461649763704617e-05
1.0307261880640971e+02,2,1.0000000000000000e+00,-7.7301870990084431e+00,-2.3666811187703804e+01,-2.3670989047470652e+00,1.7957393407202718e-01,-7.3533416638726035e-02,-9.9182397245806755e-03

1.0795733143653676e+02,0,1.0000000000000000e+00,4.1782406986860714e+00,1.4386893892874987e+01,1.2493630449971860e+00,-3.9247737382473119e-01,1.2865272293640995e-01,6.8899683458272061e-03
1.0795733143653676e+02,1,1.0000000000000000e+00,2.6697811645947551e+00,9.6228519657612637e+00,1.1645421575612427e+00,2.1089219918991381e-01,-6.1785931591288146e-02,2.3539057806647818e-03
1.0795733143653676e+02,2,1.0000000000000000e+00,-6.8480218632808088e+00,-2.4009745858636194e+01,-2.4139052025584267e+00,1.8158517463481749e-01,-6.6866791345121024e-02,-9.2438741264919896e-03

1.1271133026812049e+02,0,1.0000000000000000e+00,2.2631403291203638e+00,1.4546409384398409e+01,1.2733779179852718e+00,-3.9424892759863034e-01,-6.1665256461614554e-02,3.1753123341984584e-03
1.1271133026812049e+02,1,1.0000000000000000e+00,3.7173809220427052e+00,9.7657399028555503e+00,1.1828967354053694e+00,2.1091411335033600e-01,1.2202251299208269e-01,5.4055772612194974e-03
1.1271133026812049e+02,2,1.0000000000000000e+00,-5.9805212511630526e+00,-2.4312149287253902e+01,-2.4562746533906390e+00,1.8333481424829440e-01,-6.0357256530467196e-02,-8.5808895954179593e-03

1.1708486553270495e+02,0,1.0000000000000000e+00,7.1283114939540027e-01,1.3934055803117396e+01,1.2801797772873320e+00,-3.0122177598304600e-01,-2.0970844425922067e-01,6.4956757242981122e-05
1.1708486553270495e+02,1,1.0000000000000000e+00,4.4627301006189359e+00,1.0629035773509905e+01,1.2122954678214710e+00,1.1648868007958624e-01,2.6411353072893728e-01,7.9094302326765641e-03
1.1708486553270495e+02,2,1.0000000000000000e+00,-5.1755612500143222e+00,-2.4563091576627237e+01,-2.4924752451088019e+00,1.8473309590345982e-01,-5.4405086469715314e-02,-7.9743869899195456e-03

1.2300014106747227e+02,0,1.0000000000000000e+00,-4.5691972753198051e-01,1.2367462159023646e+01,1.2724439887229391e+00,-8.4226411752892472e-02,-2.9269696999472633e-01,-2.2097294304802666e-03
1.2300014106747227e+02,1,1.0000000000000000e+00,4.5350325454591918e+00,1.2493767838334220e+01,1.2647904234019676e+00,-1.0202205215131133e-01,3.3909699877925942e-01,9.3686818694775631e-03
1.2300014106747227e+02,2,1.0000000000000000e+00,-4.0781128179271970e+00,-2.4861229997357796e+01,-2.5372344121249055e+00,1.8624846390420396e-01,-4.6400028784531810e-02,-7.1589524389972965e-03

1.2793000874944670e+02,0,1.0000000000000000e+00,-4.0328881895746971e-01,1.1027422585888882e+01,1.2617505679550511e+00,9.9344002148613497e-02,-2.3164123930141398e-01,-1.7676164249529006e-03
1.2793000874944670e+02,1,1.0000000000000000e+00,3.5607994494218609e+00,1.4046064009818721e+01,1.3090890632369869e+00,-2.8652908964472440e-01,2.7134251000364906e-01,8.2399738740551558e-03
1.2793000874944670e+02,2,1.0000000000000000e+00,-3.1575106304643761e+00,-2.5073486595707525e+01,-2.5708396311920363e+00,1.8718508749611110e-01,-3.9701270702233865e-02,-6.4723574491022551e-03

1.3280408299942496e+02,0,1.0000000000000000e+00,3.9026481954149794e-01,1.0247724081234949e+01,1.2581170983444157e+00,2.0978671434448842e-01,-7.6701429246532435e-02,5.2070713972892681e-04
1.3280408299942496e+02,1,1.0000000000000000e+00,1.8531414740967400e+00,1.5003016680220021e+01,1.3425892017833287e+00,-3.9765387055818530e-01,1.0972711800283393e-01,5.2604466803328649e-03
1.3280408299942496e+02,2,1.0000000000000000e+00,-2.2434062936382229e+00,-2.5250740761454885e+01,-2.6007063001277433e+00,1.8786715621369698e-01,-3.3025688756300173e-02,-5.7811538200617917e-03

1.3764700739998946e+02,0,1.0000000000000000e+00,1.4488860091020919e+00,1.0333636972079777e+01,1.2681557140933757e+00,2.0744920842568768e-01,1.1191514599379090e-01,3.6651845645411423e-03
1.3764700739998946e+02,1,1.0000000000000000e+00,-1.1653598721738589e-01,1.5060964573271786e+01,1.3588726623179876e+00,-3.9579139680654318e-01,-8.5523334943375523e-02,1.4242743726875107e-03
1.3764700739998946e+02,2,1.0000000000000000e+00,-1.3323500218846918e+00,-2.5394601545351467e+01,-2.6270283764113631e+00,1.8834218838085567e-01,-2.6391811050413803e-02,-5.0894589372286513e-03

1.4189557877495639e+02,0,1.0000000000000000e+00,2.1570632210906249e+00,1.1118578975150609e+01,1.2892179612055150e+00,1.1331151911416683e-01,2.4901658481040040e-01,6.1250267216908317e-03
1.4189557877495639e+02,1,1.0000000000000000e+00,-1.6254793220425503e+00,1.4375888020138651e+01,1.3581535279831922e+00,-3.0189813275203725e-01,-2.2838434777172917e-01,-1.6365837446392162e-03
1.4189557877495639e+02,2,1.0000000000000000e+00,-5.3158389904805836e-01,-2.5494466995289162e+01,-2.6473714891887061e+00,1.8858661363787044e-01,-2.0632237038669662e-02,-4.4884429770516111e-03

1.4765613698798219e+02,0,1.0000000000000000e+00,2.2250528444701749e+00,1.2837038789961905e+01,1.3300965976355155e+00,-9.8868942783908370e-02,3.2167622611516533e-01,7.6224713787073402e-03
1.4765613698798219e+02,1,1.0000000000000000e+00,-2.7800880240652073e+00,1.2754073461114132e+01,1.3408158289351166e+00,-8.9743434141279638e-02,-3.0873458979323098e-01,-3.9358110959045733e-03
1.4765613698798219e+02,2,1.0000000000000000e+00,5.5503517959505055e-01,-2.5591112251075945e+01,-2.6709124265706308e+00,1.8861237692518798e-01,-1.2941636321932647e-02,-3.6866602828027634e-03

1.5258030038005546e+02,0,1.0000000000000000e+00,1.2713702761749819e+00,1.4307405154894663e+01,1.3660257440328811e+00,-2.8199384737222433e-01,2.5653228673963852e-01,6.6115234412978414e-03
1.5258030038005546e+02,1,1.0000000000000000e+00,-2.7545862753181023e+00,1.1331384048620198e+01,1.3213617857601399e+00,9.3661585354401000e-02,-2.5010639738697055e-01,-3.6072269603486806e-03
1.5258030038005546e+02,2,1.0000000000000000e+00,1.4832159991431375e+00,-2.5638789203514751e+01,-2.6873875297930194e+00,1.8833226201782316e-01,-6.4258893526663585e-03,-3.0042964809491590e-03

1.5745257026859551e+02,0,1.0000000000000000e+00,-4.1496066142347510e-01,1.5200624251995418e+01,1.3918712780005844e+00,-3.9424122706709275e-01,9.8495373568175476e-02,3.7467397493060944e-03
1.5745257026859551e+02,1,1.0000000000000000e+00,-1.9846708678348961e+00,1.0453773669449724e+01,1.3084970062891668e+00,2.0643461987706058e-01,-9.8514897649551375e-02,-1.4238205600645990e-03
1.5745257026859551e+02,2,1.0000000000000000e+00,2.3996315292583885e+00,-2.5654397921445018e+01,-2.7003682842897501e+00,1.8780660719003206e-01,1.9524081377592095e-05,-2.3229191892414963e-03

1.6203839319038138e+02,0,1.0000000000000000e+00,-2.2747604315884522e+00,1.5232628575210407e+01,1.4009579625314685e+00,-3.9923053057732311e-01,-8.5102066696278039e-02,1.5982557000959003e-04
1.6203839319038138e+02,1,1.0000000000000000e+00,-9.8462657678847032e-01,1.0407787981181361e+01,1.3085842762127424e+00,2.1210142497562251e-01,7.9030646919775766e-02,1.5184774492113099e-03
1.6203839319038138e+02,2,1.0000000000000000e+00,3.2593870083769390e+00,-2.5640416556391646e+01,-2.7095422387442092e+00,1.8712910560170037e-01,6.0714197765039946e-03,-1.6783030192209013e-03

1.6627548452084201e+02,0,1.0000000000000000e+00,-3.8134699751828727e+00,1.4543994926724993e+01,1.3947512901292680e+00,-3.1401884210110875e-01,-2.3233572860691160e-01,-2.9867734737665046e-03
1.6627548452084201e+02,1,1.0000000000000000e+00,-2.3722689357518867e-01,1.1058954137811007e+01,1.3206489870330251e+00,1.2765490491521947e-01,2.2073616403246810e-01,4.0752021985007471e-03
1.6627548452084201e+02,2,1.0000000000000000e+00,4.0506968687580773e+00,-2.5602949064535871e+01,-2.7154002771622920e+00,1.8636393718588912e-01,1.1599564574445220e-02,-1.0884287247342420e-03

1.7200748575948481e+02,0,1.0000000000000000e+00,-5.0516025968628719e+00,1.2874007953637239e+01,1.3690119580505047e+00,-1.0700564886927486e-01,-3.2521220813613283e-01,-5.5699420196617276e-03
1.7200748575948481e+02,1,1.0000000000000000e+00,-6.3828477500723402e-02,1.2641385949933703e+01,1.3503819503641323e+00,-7.8085813813449229e-02,3.0629423530220823e-01,5.8784833550949442e-03
1.7200748575948481e+02,2,1.0000000000000000e+00,5.1154310743636096e+00,-2.5515393903570800e+01,-2.7193939084146357e+00,1.8509146268272411e-01,1.8917972833926378e-02,-3.0854133543322011e-04

1.7688677266032224e+02,0,1.0000000000000000e+00,-5.1049894409306322e+00,1.1354798366796079e+01,1.3410676305283449e+00,8.0028683230797593e-02,-2.7820808913475731e-01,-5.5218496281149807e-03
1.7688677266032224e+02,1,1.0000000000000000e+00,-9.1039455246749590e-01,1.4053369501440905e+01,1.3782392378775792e+00,-2.6378344497445971e-01,2.5318946232418399e-01,5.1785591197301122e-03
1.7688677266032224e+02,2,1.0000000000000000e+00,6.0153839933981406e+00,-2.5408167868236827e+01,-2.7193068684059227e+00,1.8375476174366173e-01,2.5018626810575317e-02,3.4329050838486849e-04

1.8171904182906329e+02,0,1.0000000000000000e+00,-4.3841783168877502e+00,1.0328465379932695e+01,1.3185290404071681e+00,2.0318533400181335e-01,-1.3393997448723960e-01,-3.5353207072946593e-03
1.8171904182906329e+02,1,1.0000000000000000e+00,-2.5154815411603684e+00,1.4944339773108521e+01,1.3975626927184719e+00,-3.8538168557993802e-01,1.0294055325946222e-01,2.5475362799581283e-03
1.8171904182906329e+02,2,1.0000000000000000e+00,6.8996598580481283e+00,-2.5272805153041048e+01,-2.7160917331256389e+00,1.8219635157812430e-01,3.0999421227779451e-02,9.8778442733653098e-04

1.8663247968063556e+02,0,1.0000000000000000e+00,-3.2988611204552587e+00,1.0136246304807798e+01,1.3086652277464057e+00,2.1815156256601287e-01,5.7164847735248603e-02,-3.9246362331014505e-04
1.8663247968063556e+02,1,1.0000000000000000e+00,-4.4916952735889772e+00,1.4969383853934122e+01,1.4009593110977634e+00,-3.9856258345485318e-01,-9.4204742398960983e-02,-1.2519658177119121e-03
1.8663247968063556e+02,2,1.0000000000000000e+00,7.7905563940442448e+00,-2.5105630158741754e+01,-2.7096245388441669e+00,1.8041102088883995e-01,3.7039894663714434e-02,1.6444294410220596e-03

1.9090559666829958e+02,0,1.0000000000000000e+00,-2.5146145618675888e+00,1.0706990113194404e+01,1.3128441184651019e+00,1.3544855983626208e-01,2.0228126449727241e-01,2.2518471372029751e-03
1.9090559666829958e+02,1,1.0000000000000000e+00,-6.0433055048197026e+00,1.4229251756554074e+01,1.3885418287891793e+00,-3.1417789509611127e-01,-2.4450759765314894e-01,-4.4618389129700590e-03
1.9090559666829958e+02,2,1.0000000000000000e+00,8.5579200666872985e+00,-2.4936241869748304e+01,-2.7013859472542796e+00,1.7872933525984885e-01,4.2226333155878717e-02,2.2099917757670831e-03

1.9669731031657207e+02,0,1.0000000000000000e+00,-2.2953391065290685e+00,1.2208544568166012e+01,1.3327191829298028e+00,-7.0879056887048625e-02,2.9058855129045585e-01,4.1875497113610209e-03
1.9669731031657207e+02,1,1.0000000000000000e+00,-7.2907062988625961e+00,1.2463178988126973e+01,1.3536930829341338e+00,-1.0538668003976978e-01,-3.3966748384278195e-01,-7.1439239983130034e-03
1.9669731031657207e+02,2,1.0000000000000000e+00,9.5860454053916673e+00,-2.4671723556292790e+01,-2.6864122658639351e+00,1.7626573692681807e-01,4.9078932552328251e-02,2.9563742869519807e-03

2.0163878745292197e+02,0,1.0000000000000000e+00,-3.1194218710664394e+00,1.3562029137030628e+01,1.3528105108494004e+00,-2.5735734618348516e-01,2.3770883976142942e-01,3.5783933805017907e-03
2.0163878745292197e+02,1,1.0000000000000000e+00,-7.3320257282081833e+00,1.0853100075273515e+01,1.3174587819551045e+00,8.3397277768373690e-02,-2.9245926011374135e-01,-7.1536257764052858e-03
2.0163878745292197e+02,2,1.0000000000000000e+00,1.0451447599274623e+01,-2.4415129212303945e+01,-2.6702692928045040e+00,1.7396006841511114e-01,5.4750420352314033e-02,3.5752323959034934e-03

2.0622602197511330e+02,0,1.0000000000000000e+00,-4.5979719556187497e+00,1.4359182698395497e+01,1.3643786029935956e+00,-3.7405568851070270e-01,9.8456928411234712e-02,1.2186716085124077e-03
2.0622602197511330e+02,1,1.0000000000000000e+00,-6.6461928997015844e+00,9.7929270340248600e+00,1.2881871372041749e+00,2.0242764532326452e-01,-1.5836833535746858e-01,-5.3615856642622323e-03
2.0622602197511330e+02,2,1.0000000000000000e+00,1.1244164855320335e+01,-2.4152109732420147e+01,-2.6525657401977698e+00,1.7162804318743774e-01,5.9911406946235868e-02,4.1429140557498172e-03

2.1152232137739063e+02,0,1.0000000000000000e+00,-6.6853663389692750e+00,1.4330872716868340e+01,1.3605831717735499e+00,-3.9090318500815535e-01,-1.1127235856179477e-01,-2.7664282385420733e-03
2.1152232137739063e+02,1,1.0000000000000000e+00,-5.4601961193422790e+00,9.4883246064034203e+00,1.2683096664507205e+00,2.2217647451878719e-01,4.5482036913881557e-02,-2.0295234856696986e-03
2.1152232137739063e+02,2,1.0000000000000000e+00,1.2145562458311556e+01,-2.3819197323271542e+01,-2.6288928382242700e+00,1.6872671048936794e-01,6.5790321647915456e-02,4.7959517242117701e-03

2.1592175162428018e+02,0,1.0000000000000000e+00,-8.2411105975092376e+00,1.3487623680862090e+01,1.3410159341758410e+00,-3.0222050682263890e-01,-2.6392723579737853e-01,-6.0301292496782221e-03
2.1592175162428018e+02,1,1.0000000000000000e+00,-4.6412053215145175e+00,1.0031527573759400e+01,1.2655940850904952e+00,1.3603216890519060e-01,1.9333043871958328e-01,6.9782243036245820e-04
2.1592175162428018e+02,2,1.0000000000000000e+00,1.2882315919023755e+01,-2.3519151254621264e+01,-2.6066100192663351e+00,1.6618833791744797e-01,7.0596797077797591e-02,5.3323068193157699e-03

2.2186935225541916e+02,0,1.0000000000000000e+00,-9.4248330737962789e+00,1.1565947425058400e+01,1.2958554296598568e+00,-8.4570961125971844e-02,-3.5486228120863905e-01,-8.7033672845871300e-03
2.2186935225541916e+02,1,1.0000000000000000e+00,-4.4353475344917621e+00,1.1514429262676767e+01,1.2769331732953793e+00,-7.8038605230925040e-02,2.7795449130949379e-01,2.6674282596677173e-03
2.2186935225541916e+02,2,1.0000000000000000e+00,1.3860180608288040e+01,-2.3080376687734930e+01,-2.5727886029552351e+00,1.6260956635689661e-01,7.6907789899147649e-02,6.0359390249194143e-03

2.2679026998300037e+02,0,1.0000000000000000e+00,-9.3652473239718184e+00,9.9083186358459834e+00,1.2523730489035731e+00,1.0278944386970995e-01,-2.9940884474427343e-01,-8.6008710907916706e-03
2.2679026998300037e+02,1,1.0000000000000000e+00,-5.2875304914203038e+00,1.2781167467070222e+01,1.2893258933428737e+00,-2.6228727163728616e-01,2.1747646182517666e-01,2.0038085493599422e-03
2.2679026998300037e+02,2,1.0000000000000000e+00,1.4652777815392124e+01,-2.2689486102915954e+01,-2.5416989422464464e+00,1.5949782776757576e-01,8.1932382919098906e-02,6.5970625414317301e-03

2.3166697350229836e+02,0,1.0000000000000000e+00,-8.5368028270352703e+00,8.7881598202908542e+00,1.2147943738948213e+00,2.2103191918319945e-01,-1.4786316029748833e-01,-6.5383406854827904e-03
2.3166697350229836e+02,1,1.0000000000000000e+00,-6.8859350082144823e+00,1.3489934579107750e+01,1.2934022584895306e+00,-3.7727494307801879e-01,6.1098592762288934e-02,-6.0308751591506282e-04
2.3166697350229836e+02,2,1.0000000000000000e+00,1.5422737835249748e+01,-2.2278094399398345e+01,-2.5081966323843519e+00,1.5624302389481895e-01,8.6764567535201620e-02,7.1414282013978550e-03

2.3661553473798364e+02,0,1.0000000000000000e+00,-7.3758585471997655e+00,8.5338752012942010e+00,1.1901605938818340e+00,2.2746820388530908e-01,4.5577872035546224e-02,-3.3346132840912559e-03
2.3661553473798364e+02,1,1.0000000000000000e+00,-8.8115221128375616e+00,1.3302946241195006e+01,1.2813415128789203e+00,-3.8023529838056169e-01,-1.3714210931159712e-01,-4.3534636027140992e-03
2.3661553473798364e+02,2,1.0000000000000000e+00,1.6187380660037327e+01,-2.1836821442488926e+01,-2.4715021067607537e+00,1.5276709449525216e-01,9.1564237276053173e-02,7.6880768868053551e-03

2.4127162493146633e+02,0,1.0000000000000000e+00,-6.5157107811674528e+00,9.1218679051282869e+00,1.1815721864343036e+00,1.2676491309569721e-01,1.9674192182445677e-01,-4.8028113016105635e-04
2.4127162493146633e+02,1,1.0000000000000000e+00,-1.0375109924676218e+01,1.2278279495435342e+01,1.2529494580420062e+00,-2.7614151326695574e-01,-2.9273187611738544e-01,-7.7146141404380707e-03
2.4127162493146633e+02,2,1.0000000000000000e+00,1.6890820705843666e+01,-2.1400147400563345e+01,-2.4345216444763094e+00,1.4937660017125812e-01,9.5989954292930779e-02,8.1948952705991254e-03

2.4591200360299393e+02,0,1.0000000000000000e+00,-6.3011397794533544e+00,1.0230535134704763e+01,1.1837414812945006e+00,-4.1079859196590462e-02,2.6431462403164596e-01,1.1443787469462736e-03
2.4591200360299393e+02,1,1.0000000000000000e+00,-1.1274850216882406e+01,1.0714180385992449e+01,1.2116074568157282e+00,-1.0483933800776629e-01,-3.6459091295047663e-01,-9.8299705019363436e-03
2.4591200360299393e+02,2,1.0000000000000000e+00,1.7575989996335753e+01,-2.0944715520696921e+01,-2.3953489381102293e+00,1.4591919720435628e-01,1.0027628891883272e-01,8.6855917549900682e-03

2.5205121168998977e+02,0,1.0000000000000000e+00,-7.2773753744825775e+00,1.1725405875047560e+01,1.1904339280753278e+00,-2.6788239219232907e-01,1.9291654602304117e-01,4.7825134920056502e-04
2.5205121168998977e+02,1,1.0000000000000000e+00,-1.1180106119486563e+01,8.5868996636448731e+00,1.1496689889775500e+00,1.2666180930075127e-01,-2.9861467973128841e-01,-9.7854717872598862e-03
2.5205121168998977e+02,2,1.0000000000000000e+00,1.8457481493969130e+01,-2.0312305538692133e+01,-2.3401029170528775e+00,1.4122058289157763e-01,1.0569813370824931e-01,9.3072204380593212e-03

2.5695088720701068e+02,0,1.0000000000000000e+00,-8.8862816519076482e+00,1.2299664696353336e+01,1.1868539417514734e+00,-3.7229516317388728e-01,3.0519942741705969e-02,-2.1946689063932594e-03
2.5695088720701068e+02,1,1.0000000000000000e+00,-1.0253654356980768e+01,7.4845659020553219e+00,1.1064687450743973e+00,2.3496896113655291e-01,-1.4035211239606285e-01,-7.5915239795273379e-03
2.5695088720701068e+02,2,1.0000000000000000e+00,1.9139936008888405e+01,-1.9784230598408346e+01,-2.2933226868258711e+00,1.3732620203733420e-01,1.0983216965435896e-01,9.7861928859205999e-03

2.6176098554652327e+02,0,1.0000000000000000e+00,-1.0706972367345266e+01,1.1985809190473033e+01,1.1678132533398597e+00,-3.6544725285059876e-01,-1.6058290447166557e-01,-5.7874228054500551e-03
2.6176098554652327e+02,1,1.0000000000000000e+00,-9.0840322156106037e+00,7.2606120471337183e+00,1.0773234114793153e+00,2.3208665138358242e-01,4.6815723784185193e-02,-4.4605537606256622e-03
2.6176098554652327e+02,2,1.0000000000000000e+00,1.9791004582955864e+01,-1.9246421237606430e+01,-2.2451366648191753e+00,1.3336060146701628e-01,1.1376718068748246e-01,1.0247976566075722e-02

2.6652740822190651e+02,0,1.0000000000000000e+00,-1.2215977740767357e+01,1.0827793405548430e+01,1.1319563775144488e+00,-2.5226847709795397e-01,-3.1409009561994827e-01,-9.1192373561586777e-03
2.6652740822190651e+02,1,1.0000000000000000e+00,-8.2010869893502054e+00,7.8672722795137684e+00,1.0632598438280330e+00,1.2294716465913053e-01,1.9652512359099517e-01,-1.5776367673949318e-03
2.6652740822190651e+02,2,1.0000000000000000e+00,2.0417064730117549e+01,-1.8695065685061870e+01,-2.1952162213424824e+00,1.2932131243882339e-01,1.1756497202895494e-01,1.0696874123553603e-02

2.7129457030542778e+02,0,1.0000000000000000e+00,-1.3003907943003346e+01,9.1366517149310909e+00,1.0830191856423743e+00,-7.1984322850518201e-02,-3.7727984586891888e-01,-1.1116705146342821e-02
2.7129457030542778e+02,1,1.0000000000000000e+00,-8.0198898452271550e+00,8.9891494696700072e+00,1.0601609140730541e+00,-5.3233246271654211e-02,2.5604191640893276e-01,-1.4526258329452396e-05
2.7129457030542778e+02,2,1.0000000000000000e+00,2.1023797788230485e+01,-1.8125801184600764e+01,-2.1431800997154289e+00,1.2521756912217227e-01,1.2123792945998829e-01,1.1131231404672273e-02

2.7599507367824918e+02,0,1.0000000000000000e+00,-1.2903999710126850e+01,7.4337535518021518e+00,1.0298783605424759e+00,1.0956022433931464e-01,-3.2930526440990726e-01,-1.1158331156041987e-02
2.7599507367824918e+02,1,1.0000000000000000e+00,-8.6987818266482329e+00,1.0113968304353786e+01,1.0600090855864197e+00,-2.3068303364525403e-01,2.0460723464020247e-01,-3.8263178654008960e-04
2.7599507367824918e+02,2,1.0000000000000000e+00,2.1602781536775069e+01,-1.7547721856155590e+01,-2.0898874461288961e+00,1.2112280930593897e-01,1.2469802976970712e-01,1.1540962942582075e-02

2.8079234756529092e+02,0,1.0000000000000000e+00,-1.2044450661839907e+01,6.1691346290721079e+00,9.8015858022514468e-01,2.3397000781407279e-01,-1.8543790949832034e-01,-9.2921914706497986e-03
2.8079234756529092e+02,1,1.0000000000000000e+00,-1.0129221281924234e+01,1.0772261142210521e+01,1.0533957948462407e+00,-3.5083715456563364e-01,5.7384782113158506e-02,-2.6498605475140337e-03
2.8079234756529092e+02,2,1.0000000000000000e+00,2.2173671943764131e+01,-1.6941395771282274e+01,-2.0335543750713851e+00,1.1686714675156024e-01,1.2805312738516400e-01,1.1942052018163830e-02

2.8546989528895995e+02,0,1.0000000000000000e+00,-1.0859598204593023e+01,5.7255222652124438e+00,9.4339688391245424e-01,2.5427454086943191e-01,-2.4363002096307873e-03,-6.3211839203741165e-03
2.8546989528895995e+02,1,1.0000000000000000e+00,-1.1850816313455347e+01,1.0609539398628504e+01,1.0334065887254116e+00,-3.6688618948387042e-01,-1.2874276442577534e-01,-6.0004738221678625e-03
2.8546989528895995e+02,2,1.0000000000000000e+00,2.2710414518048356e+01,-1.6335061663840584e+01,-1.9768034726378652e+00,1.1261164861443783e-01,1.3117906463540840e-01,1.2321657742541981e-02

2.9015259274404445e+02,0,1.0000000000000000e+00,-9.8327503771160778e+00,6.1130292388079006e+00,9.2108424307016468e-01,1.6802370086135254e-01,1.5906185900313652e-01,-3.2979537099961931e-03
2.9015259274404445e+02,1,1.0000000000000000e+00,-1.3394810394860340e+01,9.6006549616251053e+00,9.9714812937772113e-01,-2.7627292772301137e-01,-2.9325860051596075e-01,-9.3947571325136633e-03
2.9015259274404445e+02,2,1.0000000000000000e+00,2.3227560771976400e+01,-1.5713684200432631e+01,-1.9182323724478858e+00,1.0824922686165836e-01,1.3419674151282646e-01,1.2692710842509856e-02

2.9495076866773735e+02,0,1.0000000000000000e+00,-9.4055250150474450e+00,7.1200598927582099e+00,9.1069926358773889e-01,1.3460587231443333e-03,2.4336078919818538e-01,-1.2966275669113649e-03
2.9495076866773735e+02,1,1.0000000000000000e+00,-1.4330570760590692e+01,7.9425271338024022e+00,9.4574271244402242e-01,-1.0506006189838354e-01,-3.8053669853656180e-01,-1.1763903145360148e-02
2.9495076866773735e+02,2,1.0000000000000000e+00,2.3736095775638120e+01,-1.5062587026560227e+01,-1.8564419760317605e+00,1.0371400317523875e-01,1.3717590933837873e-01,1.3060530712271515e-02

2.9966696203431871e+02,0,1.0000000000000000e+00,-9.8342770195150457e+00,8.2493686101223105e+00,9.0571073989737894e-01,-1.8060019589839887e-01,2.1714614033066137e-01,-1.1479765627234149e-03
2.9966696203431871e+02,1,1.0000000000000000e+00,-1.4380386170836633e+01,6.1596363684491022e+00,8.8831560080628269e-01,8.1371081650671639e-02,-3.5710885857179520e-01,-1.2257077566600485e-02
2.9966696203431871e+02,2,1.0000000000000000e+00,2.4214663190351661e+01,-1.4409004978571012e+01,-1.7940263407036614e+00,9.9229114247726805e-02,1.3996271824113610e-01,1.3405054129323895e-02

3.0450517306636971e+02,0,1.0000000000000000e+00,-1.1074873346990252e+01,9.0224822711081671e+00,8.9650498095569331e-01,-3.1917134686278464e-01,8.8109966414917099e-02,-2.9582691619511950e-03
3.0450517306636971e+02,1,1.0000000000000000e+00,-1.3608693242940227e+01,4.7027879198799951e+00,8.3184776343097055e-01,2.2457515730830963e-01,-2.3075630499489630e-01,-1.0781626560217463e-02
3.0450517306636971e+02,2,1.0000000000000000e+00,2.4683566589930464e+01,-1.3725270190987754e+01,-1.7283527443866640e+00,9.4596189554474686e-02,1.4264633857998141e-01,1.3739895722168657e-02

3.0917663188287310e+02,0,1.0000000000000000e+00,-1.2702375795760748e+01,9.0239746776242225e+00,8.7582972704037165e-01,-3.6002812820772856e-01,-9.1736036149689504e-02,-6.0385176747832902e-03
3.0917663188287310e+02,1,1.0000000000000000e+00,-1.2412523986224304e+01,4.0292035321198876e+00,7.8761173953440877e-01,2.6997043244061913e-01,-5.3336653163062631e-02,-8.0101536826496737e-03
3.0917663188287310e+02,2,1.0000000000000000e+00,2.5114899781985034e+01,-1.3053178209743695e+01,-1.6634414665747794e+00,9.0057695767109092e-02,1.4507268931275463e-01,1.4048671357432966e-02

3.1390695245221229e+02,0,1.0000000000000000e+00,-1.4287885818144835e+01,8.1588897508959484e+00,8.3900772426630488e-01,-2.9277216823283658e-01,-2.6758583352221688e-01,-9.4898522678860571e-03
3.1390695245221229e+02,1,1.0000000000000000e+00,-1.1241973031177539e+01,4.2025098403012082e+00,7.5726145416984203e-01,2.0739780224961768e-01,1.2019154801799897e-01,-4.8604906949074001e-03
3.1390695245221229e+02,2,1.0000000000000000e+00,2.5529858849322352e+01,-1.2361399591196733e+01,-1.5962691784361462e+00,8.5374365983218597e-02,1.4739428550422048e-01,1.4350342962793455e-02

3.1863331104531625e+02,0,1.0000000000000000e+00,-1.5331451770580953e+01,6.6007162931615966e+00,7.8737635865218936e-01,-1.3787486091091572e-01,-3.7642971653029389e-01,-1.2137339364343526e-02
3.1863331104531625e+02,1,1.0000000000000000e+00,-1.0590714968685415e+01,5.0587862780393049e+00,7.4037724687470063e-01,5.7248489961158167e-02,2.2682855172017269e-01,-2.5031592123769836e-03
3.1863331104531625e+02,2,1.0000000000000000e+00,2.5922166739266348e+01,-1.1659502571200461e+01,-1.5277536055268892e+00,8.0626370949757331e-02,1.4960116481012403e-01,1.4640498576720512e-02

3.2322764967300844e+02,0,1.0000000000000000e+00,-1.5542326500752981e+01,4.8189531587519001e+00,7.2869340153565532e-01,4.6513982343629801e-02,-3.8132748425097812e-01,-1.3100291803173835e-02
3.2322764967300844e+02,1,1.0000000000000000e+00,-1.0739611330912513e+01,6.1485206126334013e+00,7.3117532535161012e-01,-1.2250183387107250e-01,2.2969704452176815e-01,-1.8081263361660639e-03
3.2322764967300844e+02,2,1.0000000000000000e+00,2.6281937831665470e+01,-1.0967473771384849e+01,-1.4598687268872648e+00,7.5987851527442751e-02,1.5163043972921275e-01,1.4908418139339897e-02

3.2799589270783815e+02,0,1.0000000000000000e+00,-1.4911624802706756e+01,3.2046901863554185e+00,6.6778824039373119e-01,2.0760928004300386e-01,-2.7962132126445866e-01,-1.2122775665628187e-02
3.2799589270783815e+02,1,1.0000000000000000e+00,-1.1721163529435502e+01,7.0350445354188942e+00,7.2036487076623579e-01,-2.7878212679352155e-01,1.2603561284817849e-01,-3.0463524540342915e-03
3.2799589270783815e+02,2,1.0000000000000000e+00,2.6632788332142241e+01,-1.0239734721773850e+01,-1.3881531111599659e+00,7.1172846750517604e-02,1.5358570841628266e-01,1.5169128119662475e-02

3.3277251502621141e+02,0,1.0000000000000000e+00,-1.3699364620585122e+01,2.2674279785677243e+00,6.1559634182390521e-01,2.8220135891438203e-01,-1.0549401085076560e-01,-9.5288444924025717e-03
3.3277251502621141e+02,1,1.0000000000000000e+00,-1.3261835211855754e+01,7.2343506293837505e+00,6.9950961434200043e-01,-3.4852946136064011e-01,-4.9878338201816530e-02,-5.8847776194298346e-03
3.3277251502621141e+02,2,1.0000000000000000e+00,2.6961199832440848e+01,-9.5017786079509996e+00,-1.3151059561659042e+00,6.6328102446257864e-02,1.5537234905258451e-01,1.5413622111832399e-02

3.3749072730567150e+02,0,1.0000000000000000e+00,-1.2411144178288183e+01,2.2082541419872967e+00,5.7816577978844430e-01,2.4553072337869802e-01,7.6460122270816139e-02,-6.3279922410815169e-03
3.3749072730567150e+02,1,1.0000000000000000e+00,-1.4851608407725424e+01,6.5565942460197553e+00,6.6367240019651019e-01,-3.0701609974849481e-01,-2.3344121095030149e-01,-9.3138355143331068e-03
3.3749072730567150e+02,2,1.0000000000000000e+00,2.7262752586013576e+01,-8.7648483880065662e+00,-1.2418381799849532e+00,6.1485376369796611e-02,1.5698108867948782e-01,1.5641827755414617e-02

3.4221415963621394e+02,0,1.0000000000000000e+00,-1.1534747551498953e+01,2.9039457125667099e+00,5.5503186583280484e-01,1.1263450071525777e-01,2.0444123823193225e-01,-3.6473519902269942e-03
3.4221415963621394e+02,1,1.0000000000000000e+00,-1.6006845380541058e+01,5.1158629525662187e+00,6.1240656633411694e-01,-1.6920696704134924e-01,-3.6290651746717750e-01,-1.2211232823276259e-02
3.4221415963621394e+02,2,1.0000000000000000e+00,2.7541592932039968e+01,-8.0198086651324303e+00,-1.1674384321669207e+00,5.6572466326091246e-02,1.5846527923524772e-01,1.5858584813503246e-02

3.4689562358333728e+02,0,1.0000000000000000e+00,-1.1421751795496153e+01,3.9718793012174043e+00,5.4143373321293509e-01,-6.7262554544490621e-02,2.3360781447150331e-01,-2.4612501656111549e-03
3.4689562358333728e+02,1,1.0000000000000000e+00,-1.6373216228083329e+01,3.3028526150079367e+00,5.5128536907072367e-01,1.5590109386961898e-02,-3.9343284291335984e-01,-1.3599124502924435e-02
3.4689562358333728e+02,2,1.0000000000000000e+00,2.7794968023579461e+01,-7.2747319162248356e+00,-1.0927191022836575e+00,5.1672445157528536e-02,1.5982502844185906e-01,1.6060374668535583e-02

3.5154000037550321e+02,0,1.0000000000000000e+00,-1.2132395554746751e+01,4.9166947793283153e+00,5.2911871036697256e-01,-2.3121885039045995e-01,1.5692096680539189e-01,-3.1530439526633106e-03
3.5154000037550321e+02,1,1.0000000000000000e+00,-1.5891283889144013e+01,1.6128535747146100e+00,4.8857436664902865e-01,1.8439832242672674e-01,-3.1796998833722345e-01,-1.3092238111138849e-02
3.5154000037550321e+02,2,1.0000000000000000e+00,2.8023679443890728e+01,-6.5295483540424097e+00,-1.0176930770159995e+00,4.6820527963733066e-02,1.6104902153183415e-01,1.6245282063802158e-02

3.5608817927796889e+02,0,1.0000000000000000e+00,-1.3428810445477250e+01,5.3055353224767847e+00,5.1009717061802673e-01,-3.2433600321100520e-01,4.9386348051274620e-03,-5.4284401654523841e-03
3.5608817927796889e+02,1,1.0000000000000000e+00,-1.4797043127759494e+01,4.8908040387471186e-01,4.3332706810948557e-01,2.8225254662050725e-01,-1.6704082064799819e-01,-1.0982530291294670e-02
3.5608817927796889e+02,2,1.0000000000000000e+00,2.8225853573236723e+01,-5.7946157263509663e+00,-9.4342423872751124e-01,4.2083456590497642e-02,1.6210218584287336e-01,1.6410970456747047e-02

3.6223266906525947e+02,0,1.0000000000000000e+00,-1.5426344395777537e+01,4.5928581892102427e+00,4.6377798920445568e-01,-2.9485030820385266e-01,-2.3356949657213733e-01,-9.7209876392365148e-03
3.6223266906525947e+02,1,1.0000000000000000e+00,-1.3038377265905449e+01,2.0195089025885693e-01,3.7817614745200556e-01,2.5919442801620368e-01,7.0283577233662575e-02,-6.8922279943726241e-03
3.6223266906525947e+02,2,1.0000000000000000e+00,2.8464721661682955e+01,-4.7948090794685507e+00,-8.4195413665645957e-01,3.5655880187648759e-02,1.6328591933847714e-01,1.6613215633609135e-02

3.6733466794468529e+02,0,1.0000000000000000e+00,-1.6587107246956968e+01,3.0100774962044170e+00,4.0586376657079143e-01,-1.4519558736586455e-01,-3.7099025330590962e-01,-1.2772130887815751e-02
3.6733466794468529e+02,1,1.0000000000000000e+00,-1.2045785887943595e+01,9.4953682113090832e-01,3.5093735957777372e-01,1.1493650797306601e-01,2.0690089296536474e-01,-3.9924575013800950e-03
3.6733466794468529e+02,2,1.0000000000000000e+00,2.8632893134900527e+01,-3.9596143173347631e+00,-7.5680112614856354e-01,3.0259079392798399e-02,1.6408936034054725e-01,1.6764588389195846e-02

3.7218902797430962e+02,0,1.0000000000000000e+00,-1.6828534317366941e+01,1.1058643768497993e+00,3.3999144617463400e-01,4.8137494296374012e-02,-3.9373733061918903e-01,-1.4037625544386206e-02
3.7218902797430962e+02,1,1.0000000000000000e+00,-1.1938717545996555e+01,2.0555985445398943e+00,3.3510750679332868e-01,-7.3233966789134325e-02,2.2900716398254339e-01,-2.8566765612372553e-03
3.7218902797430962e+02,2,1.0000000000000000e+00,2.8767251863363462e+01,-3.1614629213891177e+00,-6.7509895296796119e-01,2.5096472492760286e-02,1.6473016663664811e-01,1.6894302105623454e-02

3.7682308034361370e+02,0,1.0000000000000000e+00,-1.6203649018291724e+01,-5.5684953045224561e-01,2.7589285030740701e-01,2.1303523945911698e-01,-3.0776751564232363e-01,-1.3313800158951901e-02
3.7682308034361370e+02,1,1.0000000000000000e+00,-1.2668511802071119e+01,2.9537493148697189e+00,3.2065811537817263e-01,-2.3322185667695552e-01,1.4254248227949229e-01,-3.6897724105927742e-03
3.7682308034361370e+02,2,1.0000000000000000e+00,2.8872160820362812e+01,-2.3968997844168882e+00,-5.9655096568557830e-01,2.0186617217838904e-02,1.6522503336283378e-01,1.7003572569544670e-02

3.8139710301457592e+02,0,1.0000000000000000e+00,-1.4990056378968342e+01,-1.6192603475170169e+00,2.1979529365951306e-01,3.0206476804588511e-01,-1.4835145362647828e-01,-1.1003546566833939e-02
3.8139710301457592e+02,1,1.0000000000000000e+00,-1.3963420670848347e+01,3.2595537903363763e+00,2.9876218101943397e-01,-3.1743832846681741e-01,-1.7226761685466885e-02,-6.0932860811581070e-03
3.8139710301457592e+02,2,1.0000000000000000e+00,2.8953477049816659e+01,-1.6402934428187628e+00,-5.1855747467894564e-01,1.5373560420932575e-02,1.6557821531194777e-01,1.7096832647992045e-02

3.8758285851805221e+02,0,1.0000000000000000e+00,-1.3151953133748052e+01,-1.7820304138341490e+00,1.6464559977537785e-01,2.6081230326999333e-01,8.9790729155201254e-02,-6.7926896655340040e-03
3.8758285851805221e+02,1,1.0000000000000000e+00,-1.5876532634954897e+01,2.3972152425086204e+00,2.4782032003621218e-01,-2.6968667593349144e-01,-2.5560913047386213e-01,-1.0408338493542505e-02
3.8758285851805221e+02,2,1.0000000000000000e+00,2.9028485768702915e+01,-6.1518482867385771e-01,-4.1246591981158887e-01,8.8743726634984421e-03,1.6581840131866388e-01,1.7201028159076519e-02

3.9264135928182145e+02,0,1.0000000000000000e+00,-1.2186567969138569e+01,-9.7062362288585902e-01,1.3784983741676948e-01,1.0752904163272495e-01,2.1418091517325283e-01,-4.0307914881682998e-03
3.9264135928182145e+02,1,1.0000000000000000e+00,-1.6873294717993272e+01,7.4692357857217362e-01,1.8742676464568814e-01,-1.1105416101551399e-01,-3.8001132103816521e-01,-1.3238014807672650e-02
3.9264135928182145e+02,2,1.0000000000000000e+00,2.9059862687131815e+01,2.2370004431431523e-01,-3.2527660206245645e-01,3.5251193827895129e-03,1.6583040586491532e-01,1.7268806295840957e-02

3.9755778031229880e+02,0,1.0000000000000000e+00,-1.2125347999260931e+01,1.5131163742447373e-01,1.2118202282282428e-01,-8.3361054179573235e-02,2.2196172449932938e-01,-3.0912976270151792e-03
3.9755778031229880e+02,1,1.0000000000000000e+00,-1.6939018988609867e+01,-1.1900658583576420e+00,1.1906238433791064e-01,8.5053046992412729e-02,-3.8767586757593120e-01,-1.4228506155920348e-02
3.9755778031229880e+02,2,1.0000000000000000e+00,2.9064366987870770e+01,1.0387542209338125e+00,-2.4024440716073373e-01,-1.6919928128387744e-03,1.6571414307660476e-01,1.7319803782935538e-02

4.0215553403770372e+02,0,1.0000000000000000e+00,-1.2876864659492547e+01,9.8399826567035353e-01,1.0532698091571441e-01,-2.3407709172697513e-01,1.2535818633008555e-01,-4.0995905692413591e-03
4.0215553403770372e+02,1,1.0000000000000000e+00,-1.6168549869618253e+01,-2.7842080919751528e+00,5.5202041232387020e-02,2.4062199801449261e-01,-2.9085478080159477e-01,-1.3254147177805556e-02
4.0215553403770372e+02,2,1.0000000000000000e+00,2.9045414529110779e+01,1.8002098263054580e+00,-1.6052902214810022e-01,-6.5449062875168043e-03,1.6549659447151213e-01,1.7353737747046922e-02

4.0673115473963600e+02,0,1.0000000000000000e+00,-1.4149900169891271e+01,1.1996946898627709e+00,8.1321386951467831e-02,-3.0654929714250023e-01,-3.8288132939914121e-02,-6.5835613747593988e-03
4.0673115473963600e+02,1,1.0000000000000000e+00,-1.4854610532874487e+01,-3.7564283958305258e+00,-2.4797504319795660e-04,3.1787563211422054e-01,-1.2686869173327203e-01,-1.0790425777489039e-02
4.0673115473963600e+02,2,1.0000000000000000e+00,2.9004510702765732e+01,2.5567337059684276e+00,-8.1073411908268708e-02,-1.1326334971719542e-02,1.6515682467318921e-01,1.7373987152248447e-02

4.1291305421218937e+02,0,1.0000000000000000e+00,-1.5946733742501351e+01,2.1878948554920852e-01,2.7503630683640340e-02,-2.4415562944992281e-01,-2.7139006631472995e-01,-1.0827506462747119e-02
4.1291305421218937e+02,1,1.0000000000000000e+00,-1.2967922877686098e+01,-3.7945201549456287e+00,-5.3865384956372941e-02,2.6189640233209482e-01,1.0692057789327114e-01,-6.5523875097805266e-03
4.1291305421218937e+02,2,1.0000000000000000e+00,2.8914656620187429e+01,3.5757306693971116e+00,2.6361754272733934e-02,-1.7740772882171296e-02,1.6446948842146192e-01,1.7379893972527649e-02

4.1804334825598266e+02,0,1.0000000000000000e+00,-1.6799644735921078e+01,-1.5151049708964943e+00,-3.5576482648715421e-02,-7.5630892755201490e-02,-3.8650370518537058e-01,-1.3509491222843274e-02
4.1804334825598266e+02,1,1.0000000000000000e+00,-1.2010328992979193e+01,-2.9025126641214136e+00,-7.9921300395821029e-02,9.8703203089506392e-02,2.2279740554040128e-01,-3.8567213084549148e-03
4.1804334825598266e+02,2,1.0000000000000000e+00,2.8809973728900257e+01,4.4176176350186180e+00,1.1549778304453791e-01,-2.3072310334304208e-02,1.6370629964497224e-01,1.7366212531298195e-02

4.2295587306300018e+02,0,1.0000000000000000e+00,-1.6686274722645095e+01,-3.4484214213412274e+00,-1.0458939296033451e-01,1.2124495399178892e-01,-3.8014890145635416e-01,-1.4234838283972309e-02
4.2295587306300018e+02,1,1.0000000000000000e+00,-1.1997793343082222e+01,-1.7713340940881155e+00,-9.6156247034143605e-02,-9.3060076700948013e-02,2.1730606350895310e-01,-3.1028021592713114e-03
4.2295587306300018e+02,2,1.0000000000000000e+00,2.8684068065727303e+01,5.2197555154300668e+00,2.0074563999447970e-01,-2.8184877290840404e-02,1.6284283794740412e-01,1.7337640443243624e-02

4.2757624695411675e+02,0,1.0000000000000000e+00,-1.5755348255998554e+01,-4.9847479640759902e+00,-1.6815557215620525e-01,2.7091398099599495e-01,-2.7030015987173139e-01,-1.2984151666019890e-02
4.2757624695411675e+02,1,1.0000000000000000e+00,-1.2787441724555979e+01,-9.8532579813001719e-01,-1.1260849518174465e-01,-2.3795322642089001e-01,1.0837336428499289e-01,-4.3133026494272340e-03
4.2757624695411675e+02,2,1.0000000000000000e+00,2.8542789980554527e+01,5.9700737622067468e+00,2.8076406733795145e-01,-3.2960754575104972e-02,1.6192679558674167e-01,1.7297454315447131e-02

4.3221346513444382e+02,0,1.0000000000000000e+00,-1.4310527527749384e+01,-5.8491582484163818e+00,-2.2247363989966026e-01,3.3508396401935492e-01,-9.6434348539187337e-02,-1.0263643443276833e-02
4.3221346513444382e+02,1,1.0000000000000000e+00,-1.4068420586092159e+01,-8.6945714402371532e-01,-1.3838440281798908e-01,-2.9739167629331176e-01,-6.4458427015414627e-02,-6.9807337194566377e-03
4.3221346513444382e+02,2,1.0000000000000000e+00,2.8378948113841538e+01,6.7186153924408485e+00,3.6085804271765093e-01,-3.7692287726042994e-02,1.6089277555460482e-01,1.7244377162733478e-02

4.3695833517138504e+02,0,1.0000000000000000e+00,-1.2782791423330245e+01,-5.8623661390043784e+00,-2.6322957680543768e-01,2.9055431367853735e-01,8.6092168613417008e-02,-6.9161802243873256e-03
4.3695833517138504e+02,1,1.0000000000000000e+00,-1.5405940456280891e+01,-1.6168747860624970e+00,-1.7929511318837071e-01,-2.4807548804941415e-01,-2.4578327507201980e-01,-1.0260192837486193e-02
4.3695833517138504e+02,2,1.0000000000000000e+00,2.8188731879611119e+01,7.4792409250676402e+00,4.4252468999380989e-01,-4.2478825629122779e-02,1.5969110645860563e-01,1.7176373061873525e-02

4.4170995393680573e+02,0,1.0000000000000000e+00,-1.1703209377257256e+01,-5.1244590970571586e+00,-2.8906816763232734e-01,1.5144780650362866e-01,2.1019510539796318e-01,-4.1488356865732948e-03
4.4170995393680573e+02,1,1.0000000000000000e+00,-1.6272337957690127e+01,-3.1104073081340764e+00,-2.3488121886548727e-01,-1.0419595587366615e-01,-3.6852888282006591e-01,-1.2944677219305818e-02
4.4170995393680573e+02,2,1.0000000000000000e+00,2.7975547334947361e+01,8.2348664051920117e+00,5.2394938649781597e-01,-4.7251850629962192e-02,1.5833377742210555e-01,1.7093512905879116e-02

4.4655450543532885e+02,0,1.0000000000000000e+00,-1.1418310112111442e+01,-4.0065411956914687e+00,-3.0539669054886986e-01,-3.5913256192976542e-02,2.3176121092602092e-01,-2.9163931805030810e-03
4.4655450543532885e+02,1,1.0000000000000000e+00,-1.6316536804679522e+01,-4.9917428193330338e+00,-3.0112727453123334e-01,8.8029975704662297e-02,-3.8857211113649587e-01,-1.4077228694451313e-02
4.4655450543532885e+02,2,1.0000000000000000e+00,2.7734846916790943e+01,8.9982840150252965e+00,6.0652396508010475e-01,-5.2116719511685353e-02,1.5681090021047775e-01,1.6993621874954401e-02

4.5124969065671576e+02,0,1.0000000000000000e+00,-1.1983906813823296e+01,-3.0850069397141144e+00,-3.2009109037342598e-01,-1.9619770048312435e-01,1.4458755480695040e-01,-3.6577524796458788e-03
4.5124969065671576e+02,1,1.0000000000000000e+00,-1.5495212893344178e+01,-6.6458548878849104e+00,-3.6596649203610254e-01,2.5300513379736328e-01,-2.9981536646867241e-01,-1.3225300458981324e-02
4.5124969065671576e+02,2,1.0000000000000000e+00,2.7479119707167470e+01,9.7308618275998313e+00,6.8605758240953030e-01,-5.6807433314238417e-02,1.5522781166172483e-01,1.6883052938627213e-02

4.5587830274467336e+02,0,1.0000000000000000e+00,-1.3119894098384716e+01,-2.7675870040761268e+00,-3.4192459038986767e-01,-2.7887248601495895e-01,-1.5731754014141563e-02,-5.9870107867924134e-03
4.5587830274467336e+02,1,1.0000000000000000e+00,-1.4085699530934885e+01,-7.6779650662568821e+00,-4.2200264308287888e-01,3.4024151238216083e-01,-1.3783703928385821e-01,-1.0775100220705819e-02
4.5587830274467336e+02,2,1.0000000000000000e+00,2.7205593629319583e+01,1.0445552070333829e+01,7.6392723347274816e-01,-6.1369026367201485e-02,1.5356879329800271e-01,1.6762111007498238e-02

4.6210742480167045e+02,0,1.0000000000000000e+00,-1.4796111751460234e+01,-3.6217670614576694e+00,-3.9219558770274632e-01,-2.2791521161136150e-01,-2.5225855653829277e-01,-1.0183043188888696e-02
4.6210742480167045e+02,1,1.0000000000000000e+00,-1.2008391457917512e+01,-7.7729630544405071e+00,-4.7559086299048892e-01,2.9530539628369223e-01,1.0111314863527759e-01,-6.3973461854874483e-03
4.6210742480167045e+02,2,1.0000000000000000e+00,2.6804503209377735e+01,1.1394730115899016e+01,8.6778645069323701e-01,-6.7390184672330378e-02,1.5114540790301800e-01,1.6580389374376142e-02

4.6714129743496352e+02,0,1.0000000000000000e+00,-1.5576549011116269e+01,-5.2375985151824196e+00,-4.5081954428213861e-01,-6.9052978949250554e-02,-3.7307709262204186e-01,-1.2879974147792532e-02
4.6714129743496352e+02,1,1.0000000000000000e+00,-1.0876615157571091e+01,-6.9126475764886015e+00,-5.0002233335176782e-01,1.4124778252281794e-01,2.2407793857817221e-01,-3.5353491730049317e-03
4.6714129743496352e+02,2,1.0000000000000000e+00,2.6453164168687348e+01,1.2150246091671871e+01,9.5084187763390815e-01,-7.2194803573566835e-02,1.4899915404387257e-01,1.6415323320797467e-02

4.7219617290926061e+02,0,1.0000000000000000e+00,-1.5416151169948401e+01,-7.1861043127893787e+00,-5.1903995927220714e-01,1.3308738919192634e-01,-3.7627388978285164e-01,-1.3742737930203138e-02
4.7219617290926061e+02,1,1.0000000000000000e+00,-1.0659928603146248e+01,-5.7115288698937245e+00,-5.1432316487481766e-01,-5.6089271598868645e-02,2.2958696821064445e-01,-2.4892292567342336e-03
4.7219617290926061e+02,2,1.0000000000000000e+00,2.6076079773094641e+01,1.2897633182683970e+01,1.0333631241470265e+00,-7.6998117593057108e-02,1.4668692157221000e-01,1.6231967186937372e-02

4.7691039683421212e+02,0,1.0000000000000000e+00,-1.4394728410288391e+01,-8.7444735502163926e+00,-5.8166735585079454e-01,2.8956985049088435e-01,-2.6925427790884066e-01,-1.2510378571727980e-02
4.7691039683421212e+02,1,1.0000000000000000e+00,-1.1307866262281207e+01,-4.8393682728077785e+00,-5.2778505301301659e-01,-2.0812654735887631e-01,1.2483420369651282e-01,-3.5363102073719954e-03
4.7691039683421212e+02,2,1.0000000000000000e+00,2.5702594672569589e+01,1.3583841823025050e+01,1.1094524088638129e+00,-8.1443303132007372e-02,1.4442007421233055e-01,1.6046688779099972e-02

4.8162049641100447e+02,0,1.0000000000000000e+00,-1.2826021508043064e+01,-9.6150239605666386e+00,-6.3444992706446268e-01,3.5896149551240103e-01,-9.3663810234125927e-02,-9.7072625632828972e-03
4.8162049641100447e+02,1,1.0000000000000000e+00,-1.2482645191455330e+01,-4.6435356238812080e+00,-5.5012538622201368e-01,-2.7315043518059462e-01,-4.8398168193517083e-02,-6.1429113481010159e-03
4.8162049641100447e+02,2,1.0000000000000000e+00,2.5308666699498392e+01,1.4258559584448735e+01,1.1845753132864780e+00,-8.5811060331805744e-02,1.4206197842764604e-01,1.5850173911383915e-02

4.8626489282812520e+02,0,1.0000000000000000e+00,-1.1208874403933951e+01,-9.6210917769740583e+00,-6.7171254781348444e-01,3.1973615673017136e-01,8.6914069384820408e-02,-6.3302924580621216e-03
4.8626489282812520e+02,1,1.0000000000000000e+00,-1.3691429639708968e+01,-5.2916552241359058e+00,-5.8600644939335511e-01,-2.2971023845468769e-01,-2.2654205261542262e-01,-9.3152022556780376e-03
4.8626489282812520e+02,2,1.0000000000000000e+00,2.4900304043642922e+01,1.4912747001110869e+01,1.2577189972068412e+00,-9.0025918275482841e-02,1.3962798323060502e-01,1.5645494713740160e-02

4.9139290982196115e+02,0,1.0000000000000000e+00,-9.9136088467466266e+00,-8.7854116723951972e+00,-6.9564359728769976e-01,1.7089365383628874e-01,2.2253044552449119e-01,-3.2205530839674902e-03
4.9139290982196115e+02,1,1.0000000000000000e+00,-1.4513297085948984e+01,-6.8361318976087162e+00,-6.4169485356350942e-01,-7.6298876641379132e-02,-3.5931409720213425e-01,-1.2183724777038385e-02
4.9139290982196115e+02,2,1.0000000000000000e+00,2.4426905932695618e+01,1.5621543570004837e+01,1.3373384508512105e+00,-9.4594777194908941e-02,1.3678365167764583e-01,1.5404277861005879e-02

4.9615015881284211e+02,0,1.0000000000000000e+00,-9.5350685145785263e+00,-7.6336722831732864e+00,-7.0716439770598094e-01,-1.3606450609045861e-02,2.4283661405079512e-01,-1.9381769685283441e-03
4.9615015881284211e+02,1,1.0000000000000000e+00,-1.4431838954662208e+01,-8.6320010706819410e+00,-7.0289060606293130e-01,1.1239473996481547e-01,-3.7682939085683109e-01,-1.3225665872678647e-02
4.9615015881284211e+02,2,1.0000000000000000e+00,2.3966907469240745e+01,1.6265673353856165e+01,1.4100550037689141e+00,-9.8788289355768916e-02,1.3399277680603877e-01,1.5163842841206997e-02

5.0086485255663996e+02,0,1.0000000000000000e+00,-9.9996547727098246e+00,-6.6563701578255419e+00,-7.1714118627183465e-01,-1.7453952707825021e-01,1.5543440463497607e-01,-2.6150099544760431e-03
5.0086485255663996e+02,1,1.0000000000000000e+00,-1.3491767449989805e+01,-1.0234278695281684e+01,-7.6381489194487251e-01,2.7744684487632187e-01,-2.8654309952616119e-01,-1.2295548807886194e-02
5.0086485255663996e+02,2,1.0000000000000000e+00,2.3491422222699647e+01,1.6890648853108178e+01,1.4809560782167090e+00,-1.0290731779807082e-01,1.3110869489118793e-01,1.4910558762362238e-02

5.0559638027635464e+02,0,1.0000000000000000e+00,-1.1060778215378583e+01,-6.2891818139956044e+00,-7.3455341241946615e-01,-2.5737022689292044e-01,-8.7251910918654529e-03,-4.9669619917600601e-03
5.0559638027635464e+02,1,1.0000000000000000e+00,-1.1934082520090907e+01,-1.1214784475552435e+01,-8.1632736439531950e-01,3.6434272665349854e-01,-1.1939926631306205e-01,-9.6777179860967899e-03
5.0559638027635464e+02,2,1.0000000000000000e+00,2.2994860735469516e+01,1.7503966289549009e+01,1.5508807768147870e+00,-1.0697249976057732e-01,1.2812445740493036e-01,1.4644679977856854e-02

5.1023688780423487e+02,0,1.0000000000000000e+00,-1.2241813563165437e+01,-6.7520162802825929e+00,-7.6471123036653776e-01,-2.3385439892784199e-01,-1.8866089747848602e-01,-8.0752760103992380e-03
5.1023688780423487e+02,1,1.0000000000000000e+00,-1.0247581176308932e+01,-1.1339554605985398e+01,-8.5350503013004786e-01,3.4471334336293313e-01,6.3551632509510902e-02,-6.2991936997979512e-03
5.1023688780423487e+02,2,1.0000000000000000e+00,2.2489394739474385e+01,1.8091570886268972e+01,1.6182162604965866e+00,-1.1085894443509028e-01,1.2510926496897795e-01,1.4374469710197192e-02

5.1526754914673609e+02,0,1.0000000000000000e+00,-1.3121553443230148e+01,-8.1037811519405842e+00,-8.1334418055928182e-01,-1.0011002564122219e-01,-3.3479820940508209e-01,-1.1089260026489340e-02
5.1526754914673609e+02,1,1.0000000000000000e+00,-8.7997937411710208e+00,-1.0608687223317203e+01,-8.7642313471853039e-01,2.1506748530612785e-01,2.1308778805115169e-01,-2.9797223924648165e-03
5.1526754914673609e+02,2,1.0000000000000000e+00,2.1921347184401206e+01,1.8712468375258773e+01,1.6897673152778134e+00,-1.1495745966490489e-01,1.2171042135393312e-01,1.4068982418954159e-02

5.2012895981007080e+02,0,1.0000000000000000e+00,-1.3158208745064387e+01,-9.8753473341113924e+00,-8.7149208379287302e-01,8.9429453501901138e-02,-3.7464965423595187e-01,-1.2516026645699153e-02
5.2012895981007080e+02,1,1.0000000000000000e+00,-8.1948295772109780e+00,-9.4205106473562346e+00,-8.8592012995745695e-01,2.9406833103627641e-02,2.5637711074228875e-01,-1.2413986719167734e-03
5.2012895981007080e+02,2,1.0000000000000000e+00,2.1353038322275406e+01,1.9295857981468632e+01,1.7574122137503316e+00,-1.1883628660552793e-01,1.1827254349366584e-01,1.3757425317615935e-02

5.2493348579580515e+02,0,1.0000000000000000e+00,-1.2283905334237208e+01,-1.1537794396602671e+01,-9.3094546007289347e-01,2.6700572921902666e-01,-2.9927977424360230e-01,-1.1882523951546528e-02
5.2493348579580515e+02,1,1.0000000000000000e+00,-8.4890811215705639e+00,-8.3178649654435795e+00,-8.9179081470027488e-01,-1.4439029665819003e-01,1.8454114311915759e-01,-1.5501687655421238e-03
5.2493348579580515e+02,2,1.0000000000000000e+00,2.0772986455807818e+01,1.9855659362047263e+01,1.8227362747731697e+00,-1.2261543256083574e-01,1.1473863112444739e-01,1.3432692717088662e-02

5.2983834258878653e+02,0,1.0000000000000000e+00,-1.0676112617977296e+01,-1.2621855609740589e+01,-9.8355687096955546e-01,3.7117069146464043e-01,-1.3200235778618313e-01,-9.3011029939992426e-03
5.2983834258878653e+02,1,1.0000000000000000e+00,-9.4861371891773523e+00,-7.7875185521213695e+00,-9.0422308003293672e-01,-2.4476794469294794e-01,2.0972921024128177e-02,-3.7865083291608783e-03
5.2983834258878653e+02,2,1.0000000000000000e+00,2.0162249807154698e+01,2.0409374161862985e+01,1.8877799510024937e+00,-1.2640274677169144e-01,1.1102943676205794e-01,1.3087611323160131e-02

5.3464854425582678e+02,0,1.0000000000000000e+00,-8.8695696526676500e+00,-1.2791681760287284e+01,-1.0199205074731521e+00,3.6043825675288105e-01,6.0037519740893497e-02,-5.7494443558761075e-03
5.3464854425582678e+02,1,1.0000000000000000e+00,-1.0675937603277163e+01,-8.1428582537279652e+00,-9.2998071263346649e-01,-2.3043100859922189e-01,-1.6734926410119899e-01,-6.9905230881199187e-03
5.3464854425582678e+02,2,1.0000000000000000e+00,1.9545507255944866e+01,2.0934540014016289e+01,1.9499012201066201e+00,-1.3000724815365824e-01,1.0731174436030855e-01,1.2739967443996039e-02

5.3942041187535904e+02,0,1.0000000000000000e+00,-7.3906587941900952e+00,-1.2120258963135370e+01,-1.0391377364194336e+00,2.4453159130334742e-01,2.0941215601445806e-01,-2.4421483580683752e-03
5.3942041187535904e+02,1,1.0000000000000000e+00,-1.1526195664600021e+01,-9.3173704576993011e+00,-9.7071590196042090e-01,-1.1107680883669482e-01,-3.1293739015570277e-01,-9.9434343251054505e-03
5.3942041187535904e+02,2,1.0000000000000000e+00,1.8916854458790176e+01,2.1437629420835719e+01,2.0098536383798558e+00,-1.3345478246665168e-01,1.0352523414124759e-01,1.2385582683173833e-02

5.4425413905825610e+02,0,1.0000000000000000e+00,-6.6323628340249563e+00,-1.0925916083157976e+01,-1.0453711122305629e+00,6.3684070274552834e-02,2.6607458875863771e-01,-4.3536197350279963e-04
5.4425413905825610e+02,1,1.0000000000000000e+00,-1.1631201341587154e+01,-1.1002589898112081e+01,-1.0234559011616116e+00,7.3150042814264987e-02,-3.6562960585279108e-01,-1.1577066880078602e-02
5.4425413905825610e+02,2,1.0000000000000000e+00,1.8263564175612178e+01,2.1928505981271112e+01,2.0688270133921760e+00,-1.3683411308881693e-01,9.9555017094156303e-02,1.2012428853581411e-02

5.4902952364564146e+02,0,1.0000000000000000e+00,-6.7652132357344605e+00,-9.7467982762058405e+00,-1.0465822947753329e+00,-1.1337167468681109e-01,2.0967683700842063e-01,-4.1504122814331641e-04
5.4902952364564146e+02,1,1.0000000000000000e+00,-1.0837108596382166e+01,-1.2647472005926607e+01,-1.0786943571591403e+00,2.5346380294280602e-01,-3.0516902919301514e-01,-1.1211639165635823e-02
5.4902952364564146e+02,2,1.0000000000000000e+00,1.7602321832116690e+01,2.2394270282133530e+01,2.1252766519344743e+00,-1.4009212825599390e-01,9.5492192184597452e-02,1.1626680393779147e-02

5.5397621455852141e+02,0,1.0000000000000000e+00,-7.6492316967221647e+00,-9.0599700352476162e+00,-1.0527953356252668e+00,-2.2763755996673821e-01,5.5842695683405955e-02,-2.3883591637940526e-03
5.5397621455852141e+02,1,1.0000000000000000e+00,-9.2519063407439450e+00,-1.3796017329315790e+01,-1.1289737960485426e+00,3.7102646394762928e-01,-1.4701225326017703e-01,-8.8233666818597276e-03
5.5397621455852141e+02,2,1.0000000000000000e+00,1.6901138037466183e+01,2.2855987364564488e+01,2.1817691316738101e+00,-1.4338890398089008e-01,9.1169557576774016e-02,1.1211725845653792e-02

5.5879770507012915e+02,0,1.0000000000000000e+00,-8.7991357167595545e+00,-9.2415637405639437e+00,-1.0715528209725935e+00,-2.2997994371069755e-01,-1.3158460110811790e-01,-5.4938163421758401e-03
5.5879770507012915e+02,1,1.0000000000000000e+00,-7.4031162859791966e+00,-1.4043687078761300e+01,-1.1632788133106071e+00,3.7647426727466848e-01,4.4702331678374424e-02,-5.3041247064641479e-03
5.5879770507012915e+02,2,1.0000000000000000e+00,1.6202252002738835e+01,2.3285250819326354e+01,2.2348316342832026e+00,-1.4649432356396991e-01,8.6882269429746278e-02,1.0797941048639995e-02

5.6357065175758908e+02,0,1.0000000000000000e+00,-9.6832671868899176e+00,-1.0263423064189151e+01,-1.1053204883630539e+00,-1.2465358936058110e-01,-2.8617086093143512e-01,-8.5503390470928579e-03
5.6357065175758908e+02,1,1.0000000000000000e+00,-5.8127135016151090e+00,-1.3426245418102781e+01,-1.1800579879150359e+00,2.7408234493837857e-01,2.0360500738585813e-01,-1.8309248307589671e-03
5.6357065175758908e+02,2,1.0000000000000000e+00,1.5495980688505110e+01,2.3689668482293047e+01,2.2853784762780904e+00,-1.4942875557779645e-01,8.2565853545579812e-02,1.0381263877851831e-02

5.6835060281556537e+02,0,1.0000000000000000e+00,-9.8745165980258136e+00,-1.1836970648991478e+01,-1.1513683056084756e+00,5.1857543643582527e-02,-3.5452593534601634e-01,-1.0441005057704745e-02
5.6835060281556537e+02,1,1.0000000000000000e+00,-4.9004659822484120e+00,-1.2236822516345580e+01,-1.1826141373591239e+00,1.0036761274008388e-01,2.7638955016689420e-01,4.8800912001425306e-04
5.6835060281556537e+02,2,1.0000000000000000e+00,1.4774982580274312e+01,2.4073793165338191e+01,2.3339824429676002e+00,-1.5222515638366541e-01,7.8136385179124745e-02,9.9529959376905026e-03

5.7306293776959296e+02,0,1.0000000000000000e+00,-9.1880488858406917e+00,-1.3450338580606982e+01,-1.2013147842137499e+00,2.3551111488821547e-01,-3.1187757907564478e-01,-1.0413919347553226e-02
5.7306293776959296e+02,1,1.0000000000000000e+00,-4.8633311750540411e+00,-1.0981112721434419e+01,-1.1785441339375118e+00,-8.0642482455452524e-02,2.3823943647432172e-01,8.9895185450013931e-04
5.7306293776959296e+02,2,1.0000000000000000e+00,1.4051380060894823e+01,2.4431451302042547e+01,2.3798589181512626e+00,-1.5486863243276183e-01,7.3638142601325673e-02,9.5149674930530958e-03

5.7800271917264035e+02,0,1.0000000000000000e+00,-7.6582635345115611e+00,-1.4661511780442433e+01,-1.2482754908047742e+00,3.6851434552710571e-01,-1.6451818160408210e-01,-8.2750879957721978e-03
5.7800271917264035e+02,1,1.0000000000000000e+00,-5.6214539697919168e+00,-1.0121783840324770e+01,-1.1774155922681244e+00,-2.1097135406703815e-01,9.5720621670583927e-02,-7.6382306249740423e-04
5.7800271917264035e+02,2,1.0000000000000000e+00,1.3279717504303578e+01,2.4783295620768360e+01,2.4256910830728993e+00,-1.5754299146006648e-01,6.8797559933500563e-02,9.0389110582696150e-03

5.8285182959048802e+02,0,1.0000000000000000e+00,-5.7681155488800613e+00,-1.4995496815372544e+01,-1.2802334061991543e+00,3.9120354067450297e-01,2.8943090699881241e-02,-4.7660152972849746e-03
5.8285182959048802e+02,1,1.0000000000000000e+00,-6.7415053605946706e+00,-1.0109717427326757e+01,-1.1881322875455163e+00,-2.3114354420196764e-01,-9.2910425806091185e-02,-3.7949244764576119e-03
5.8285182959048802e+02,2,1.0000000000000000e+00,1.2509620909474839e+01,2.5105214242700470e+01,2.4683656937446719e+00,-1.6005999647253416e-01,6.3967335106212525e-02,8.5609397737426082e-03

5.8756740637336986e+02,0,1.0000000000000000e+00,-4.0918628204949909e+00,-1.4445324195188384e+01,-1.2940591604387708e+00,3.0331182516205579e-01,1.9538785639623782e-01,-1.1720867493354077e-03
5.8756740637336986e+02,1,1.0000000000000000e+00,-7.6574798062466645e+00,-1.0950359914286047e+01,-1.2135699827502573e+00,-1.4094358849869626e-01,-2.5460759012586431e-01,-6.9188427559120323e-03
5.8756740637336986e+02,2,1.0000000000000000e+00,1.1749342626741770e+01,2.5395684109475603e+01,2.5076291431890292e+00,-1.6236823666335809e-01,5.9219733729629187e-02,8.0909295052474638e-03

5.9224564480002584e+02,0,1.0000000000000000e+00,-3.0341794852078880e+00,-1.3288322195069696e+01,-1.2929149134410682e+00,1.4049186789824006e-01,2.8300183702278081e-01,1.4187139809671671e-03
5.9224564480002584e+02,1,1.0000000000000000e+00,-7.9505177141320482e+00,-1.2373260061773435e+01,-1.2514624729798862e+00,2.4008141966554958e-02,-3.3744160540517576e-01,-9.0364557028914869e-03
5.9224564480002584e+02,2,1.0000000000000000e+00,1.0984697199340056e+01,2.5661582256844319e+01,2.5443773864209573e+00,-1.6450000986479410e-01,5.4439768382397946e-02,7.6177417219243440e-03

5.9684404698791172e+02,0,1.0000000000000000e+00,-2.8047087281908230e+00,-1.1984930434868467e+01,-1.2837326238617153e+00,-3.8803737192848992e-02,2.6638897586517712e-01,2.2572734957295908e-03
5.9684404698791172e+02,1,1.0000000000000000e+00,-7.4190141848864837e+00,-1.3915989247476134e+01,-1.2945817761383569e+00,2.0525548750048436e-01,-3.1602558256977414e-01,-9.3973671505112426e-03
5.9684404698791172e+02,2,1.0000000000000000e+00,1.0223722913077429e+01,2.5900919682345801e+01,2.5783144000000751e+00,-1.6645175030763457e-01,4.9636606704600114e-02,7.1400936547816804e-03

6.0198910020944606e+02,0,1.0000000000000000e+00,-3.4295051037100883e+00,-1.0907219885281954e+01,-1.2744936680915115e+00,-1.8951759400540413e-01,1.3598386257952666e-01,9.6608852670338353e-04
6.0198910020944606e+02,1,1.0000000000000000e+00,-5.9324928211886494e+00,-1.5234965796776637e+01,-1.3391427354092018e+00,3.5801633204822680e-01,-1.8011115404206740e-01,-7.5533846414713229e-03
6.0198910020944606e+02,2,1.0000000000000000e+00,9.3619979248988656e+00,2.6142185682059804e+01,2.6136364035007160e+00,-1.6849873804282192e-01,4.4127291462543870e-02,6.5872961147679654e-03

6.0687570287239282e+02,0,1.0000000000000000e+00,-4.5011145950383469e+00,-1.0684269874078201e+01,-1.2762953325166588e+00,-2.2958354577570278e-01,-4.9005120379879787e-02,-1.8824503062299979e-03
6.0687570287239282e+02,1,1.0000000000000000e+00,-4.0329928268433584e+00,-1.5660561546187786e+01,-1.3682188850933041e+00,3.9990479261158701e-01,1.0203310470617087e-02,-4.1665842095388516e-03
6.0687570287239282e+02,2,1.0000000000000000e+00,8.5341074218818367e+00,2.6344831420267216e+01,2.6445142176099670e+00,-1.7032124683588348e-01,3.8801809909265857e-02,6.0490345157688764e-03

6.1139796594877748e+02,0,1.0000000000000000e+00,-5.4235350135480243e+00,-1.1288896338553826e+01,-1.2917631933221188e+00,-1.6248599930852164e-01,-2.1207219465544369e-01,-4.9319684326162225e-03
6.1139796594877748e+02,1,1.0000000000000000e+00,-2.3367581099061256e+00,-1.5220187457715545e+01,-1.3789706149899690e+00,3.3436565466573631e-01,1.7823656269083354e-01,-6.1442391226602337e-04
6.1139796594877748e+02,2,1.0000000000000000e+00,7.7602931234542858e+00,2.6509083796270609e+01,2.6707338083120908e+00,-1.7187965535721386e-01,3.3835631964613366e-02,5.5463923448822693e-03

6.1577543983966052e+02,0,1.0000000000000000e+00,-5.8473272592711201e+00,-1.2462705112987198e+01,-1.3188287175695339e+00,-2.1693719332404493e-02,-3.1129123500814693e-01,-7.2560661265725652e-03
6.1577543983966052e+02,1,1.0000000000000000e+00,-1.1575309949946071e+00,-1.4183920654002611e+01,-1.3751151892640010e+00,1.9493468885737592e-01,2.8229277683574294e-01,2.1987721541054592e-03
6.1577543983966052e+02,2,1.0000000000000000e+00,7.0048582542658675e+00,2.6646625766991068e+01,2.6939439068335376e+00,-1.7324096952497053e-01,2.8998458172407187e-02,5.0572939724671303e-03

6.2168024546834999e+02,0,1.0000000000000000e+00,-5.2876105025828926e+00,-1.4362117424617075e+01,-1.3657012779253050e+00,2.1075582822157390e-01,-3.0293240383327208e-01,-8.0998335121682738e-03
6.2168024546834999e+02,1,1.0000000000000000e+00,-6.8946157786529394e-01,-1.2436256295804903e+01,-1.3561318422938538e+00,-3.5923679245084050e-02,2.8055754565969343e-01,3.7141290199214222e-03
6.2168024546834999e+02,2,1.0000000000000000e+00,5.9770720804483295e+00,2.6798373720423257e+01,2.7218331202191619e+00,-1.7483214897648924e-01,2.2374858173581869e-02,4.3857044922468742e-03

6.2673763523276932e+02,0,1.0000000000000000e+00,-3.8028476360152395e+00,-1.5595377502609404e+01,-1.4030340798155270e+00,3.6220115766812039e-01,-1.6840674810816636e-01,-6.2933813975410632e-03
6.2673763523276932e+02,1,1.0000000000000000e+00,-1.2870132605767242e+00,-1.1301529034192910e+01,-1.3394855782722164e+00,-1.8620277270378532e-01,1.5183611396717767e-01,2.5013817672499116e-03
6.2673763523276932e+02,2,1.0000000000000000e+00,5.0898608965921088e+00,2.6896906536803613e+01,2.7425196580877467e+00,-1.7599838496433431e-01,1.6570634140991913e-02,3.7919996302911785e-03

6.3102036646683314e+02,0,1.0000000000000000e+00,-2.1255330293900885e+00,-1.5966724059100608e+01,-1.4239935396209029e+00,4.0594334240568525e-01,-1.0467589740378314e-03,-3.3385861692904854e-03
6.3102036646683314e+02,1,1.0000000000000000e+00,-2.2086751329223682e+00,-1.0990475158198226e+01,-1.3336672613838554e+00,-2.2907566818588371e-01,-1.0530277531858034e-02,6.1066840845270393e-05
6.3102036646683314e+02,2,1.0000000000000000e+00,4.3342081623126063e+00,2.6957199217300147e+01,2.7576608010047625e+00,-1.7686767421980085e-01,1.1577036505899307e-02,3.2775193284452385e-03

6.3659479040520614e+02,0,1.0000000000000000e+00,-1.6124903513183853e-02,-1.5366638963604860e+01,-1.4301381684591861e+00,3.2648055133309056e-01,2.0668722224601022e-01,1.1012960952821215e-03
6.3659479040520614e+02,1,1.0000000000000000e+00,-3.3293722998971340e+00,-1.1636872448694776e+01,-1.3439114035066231e+00,-1.4865278005176241e-01,-2.1172353295784541e-01,-3.7035685238851436e-03
6.3659479040520614e+02,2,1.0000000000000000e+00,3.3454972034104706e+00,2.7003511412300973e+01,2.7740495719658131e+00,-1.7782777128132729e-01,5.0363107118386319e-03,2.6022724286030455e-03

6.4118436734775560e+02,0,1.0000000000000000e+00,1.1498365225764990e+00,-1.4158661855725629e+01,-1.4180174128243639e+00,1.7241698504156089e-01,3.0465862277844730e-01,3.9662689895496239e-03
6.4118436734775560e+02,1,1.0000000000000000e+00,-3.6777123735325565e+00,-1.2855592059001573e+01,-1.3666996384897092e+00,6.0197041134687490e-03,-3.0430138233840937e-01,-6.0123951976708044e-03
6.4118436734775560e+02,2,1.0000000000000000e+00,2.5278758509562129e+00,2.7014253914728542e+01,2.7847170513140767e+00,-1.7843668915502858e-01,-3.5724044003443423e-04,2.0461262081212040e-03

6.4739069407294221e+02,0,1.0000000000000000e+00,1.4637720602471016e+00,-1.2253742660180286e+01,-1.3877871604522829e+00,-6.7153839380672875e-02,2.7769943285988163e-01,5.1936472578891059e-03
6.4739069407294221e+02,1,1.0000000000000000e+00,-2.8824113710071599e+00,-1.4735531961419927e+01,-1.4072779935914368e+00,2.4611272332816336e-01,-2.6998806505386963e-01,-6.4793358843174787e-03
6.4739069407294221e+02,2,1.0000000000000000e+00,1.4186393107602222e+00,2.6989274621601588e+01,2.7950651540437228e+00,-1.7895888394748921e-01,-7.7113678060086177e-03,1.2856886264283962e-03

6.5231288404385043e+02,0,1.0000000000000000e+00,7.7510161385137044e-01,-1.1196559945128730e+01,-1.3650171705560332e+00,-1.9783386630566752e-01,1.3823206660101225e-01,3.7302971462812862e-03
6.5231288404385043e+02,1,1.0000000000000000e+00,-1.3123438730822681e+00,-1.5740195008443989e+01,-1.4348593629707382e+00,3.7697630481553307e-01,-1.2458712743732717e-01,-4.3969445013260031e-03
6.5231288404385043e+02,2,1.0000000000000000e+00,5.3724225923106805e-01,2.6936754953574113e+01,2.7998765335267741e+00,-1.7914243850986428e-01,-1.3644939163681754e-02,6.6664735504474006e-04

6.5656736536581809e+02,0,1.0000000000000000e+00,-1.5597119838350224e-01,-1.0950151172110932e+01,-1.3542342058791927e+00,-2.2489365438139586e-01,-2.4865056578451537e-02,1.2063024297520411e-03
6.5656736536581809e+02,1,1.0000000000000000e+00,3.8097464684187077e-01,-1.5917517652310782e+01,-1.4473202467747908e+00,4.0405743634446145e-01,4.3703986659379718e-02,-1.3272994131850731e-03
6.5656736536581809e+02,2,1.0000000000000000e+00,-2.2500344845819253e-01,2.6867668824423124e+01,2.8015544526539866e+00,-1.7916378196306426e-01,-1.8838930080924913e-02,1.2099698343305543e-04

6.6082956864094137e+02,0,1.0000000000000000e+00,-1.0122316756683245e+00,-1.1395929510014540e+01,-1.3552863690667638e+00,-1.6272216533260611e-01,-1.7871185276042650e-01,-1.6860245621205926e-03
6.6082956864094137e+02,1,1.0000000000000000e+00,2.0007004051033936e+00,-1.5380312924430928e+01,-1.4456120813108897e+00,3.4178645585086620e-01,2.0277350299360369e-01,2.1147761582609552e-03
6.6082956864094137e+02,2,1.0000000000000000e+00,-9.8846872943488751e-01,2.6776242434446893e+01,2.8008984503776566e+00,-1.7906429051825876e-01,-2.4061650233173797e-02,-4.2875159614034000e-04

6.6505230075095346e+02,0,1.0000000000000000e+00,-1.4389924131420786e+00,-1.2384957864482271e+01,-1.3676941214356964e+00,-3.0272843582062142e-02,-2.7788928668021173e-01,-4.0365693469097304e-03
6.6505230075095346e+02,1,1.0000000000000000e+00,3.1831569721608099e+00,-1.4278776962040185e+01,-1.4302474019102909e+00,2.0910143692548958e-01,3.0711070290167697e-01,5.0077885826399805e-03
6.6505230075095346e+02,2,1.0000000000000000e+00,-1.7441645590185462e+00,2.6663734826523896e+01,2.7979415233459912e+00,-1.7882859334342610e-01,-2.9221416221461891e-02,-9.7121923573022652e-04

6.7075389751926730e+02,0,1.0000000000000000e+00,-9.7657204603013836e-01,-1.4054313585815351e+01,-1.3952599747482495e+00,1.9330846310902869e-01,-2.8058475791670262e-01,-5.1573684679702084e-03
6.7075389751926730e+02,1,1.0000000000000000e+00,3.7388414002964878e+00,-1.2423003740999802e+01,-1.3950615922618741e+00,-1.5061084336250669e-02,3.1675592853490159e-01,6.8596665873562005e-03
6.7075389751926730e+02,2,1.0000000000000000e+00,-2.7622693542661554e+00,2.6477317326816596e+01,2.7903215670101282e+00,-1.7824737877277677e-01,-3.6171170618195581e-02,-1.7022981193859695e-03

6.7573348723032177e+02,0,1.0000000000000000e+00,4.0757718668776999e-01,-1.5189263073712317e+01,-1.4182205594640827e+00,3.5003960266785550e-01,-1.5855412704612537e-01,-3.6896169335388284e-03
6.7573348723032177e+02,1,1.0000000000000000e+00,3.2404683702447015e+00,-1.1092755073973674e+01,-1.3620184495034153e+00,-1.7256417944517022e-01,2.0083347435854415e-01,6.0389968805982042e-03
6.7573348723032177e+02,2,1.0000000000000000e+00,-3.6480455569322716e+00,2.6282018147687456e+01,2.7802390089675026e+00,-1.7747542322268423e-01,-4.2279347312415394e-02,-2.3493799470593558e-03

6.8062951482977132e+02,0,1.0000000000000000e+00,2.3056012978448033e+00,-1.5517892898842359e+01,-1.4288109932194002e+00,4.0578839391579746e-01,3.0216040837442504e-02,-4.0890107462638117e-04
6.8062951482977132e+02,1,1.0000000000000000e+00,2.2090637138662652e+00,-1.0542285659872762e+01,-1.3383414313712640e+00,-2.2928673486389639e-01,1.8134493338157698e-02,3.4071450082797904e-03
6.8062951482977132e+02,2,1.0000000000000000e+00,-4.5146650117108633e+00,2.6060178558716601e+01,2.7671524245906696e+00,-1.7650165905190013e-01,-4.8350534175597037e-02,-2.9982439336533849e-03

6.8547297315900255e+02,0,1.0000000000000000e+00,4.1653711076848019e+00,-1.4908825287711091e+01,-1.4212344646446080e+00,3.4331747302559090e-01,2.1478371750619299e-01,3.5418055602691135e-03
6.8547297315900255e+02,1,1.0000000000000000e+00,1.2014797601437133e+00,-1.0902555922515946e+01,-1.3298279724321600e+00,-1.6795560821920841e-01,-1.6040006160313094e-01,1.0392359703594815e-04
6.8547297315900255e+02,2,1.0000000000000000e+00,-5.3668508678283047e+00,2.5811381210228532e+01,2.7510624370767727e+00,-1.7536186480638141e-01,-5.4383655903059019e-02,-3.6457291573050461e-03

6.8997913832859217e+02,0,1.0000000000000000e+00,5.4133590031244179e+00,-1.3661764443585508e+01,-1.3978315910543693e+00,2.0035324112244970e-01,3.2499614464381954e-01,6.6678066123736102e-03
6.8997913832859217e+02,1,1.0000000000000000e+00,7.4101711478675725e-01,-1.1891963548249930e+01,-1.3354520812881150e+00,-2.6210298596068021e-02,-2.6503280100688187e-01,-2.4238058774296699e-03
6.8997913832859217e+02,2,1.0000000000000000e+00,-6.1543761179109593e+00,2.5553727991836947e+01,2.7332836723424903e+00,-1.7414294252638046e-01,-5.9963343636934674e-02,-4.2440007349439177e-03

6.9495006485922147e+02,0,1.0000000000000000e+00,5.9241381771047603e+00,-1.1964532653984135e+01,-1.3594211220178418e+00,4.2538848572458432e-03,3.3735526086171747e-01,8.4293183402799950e-03
6.9495006485922147e+02,1,1.0000000000000000e+00,1.0921172649742843e+00,-1.3275955098629254e+01,-1.3511406873650382e+00,1.6832996052461466e-01,-2.7129917836900169e-01,-3.5321856128669223e-03
6.9495006485922147e+02,2,1.0000000000000000e+00,-7.0162554420788226e+00,2.5240487752614911e+01,2.7105618093828858e+00,-1.7258384538185925e-01,-6.6056082492712859e-02,-4.8971327274130484e-03

6.9989036790006594e+02,0,1.0000000000000000e+00,5.5136597466917925e+00,-1.0509306958043876e+01,-1.3180481740919752e+00,-1.5944430837738910e-01,2.3483968022525381e-01,7.9497243186715527e-03
6.9989036790006594e+02,1,1.0000000000000000e+00,2.3508532242785849e+00,-1.4389958690626843e+01,-1.3667177842028073e+00,3.3021904429936605e-01,-1.6275758740064217e-01,-2.4028569820901784e-03
6.9989036790006594e+02,2,1.0000000000000000e+00,-7.8645129709701491e+00,2.4899265648672266e+01,2.6847659582947885e+00,-1.7077473592197528e-01,-7.2082092824608604e-02,-5.5468673365813527e-03

7.0459598490410076e+02,0,1.0000000000000000e+00,4.5560684382373449e+00,-9.7839863862340266e+00,-1.2854009964957580e+00,-2.3052054592816107e-01,6.6428572931056029e-02,5.6907934388670516e-03
7.0459598490410076e+02,1,1.0000000000000000e+00,4.1075149543759961e+00,-1.4762551511268528e+01,-1.3717921284882475e+00,3.9933352318073279e-01,1.1411987666726964e-02,4.8293769417072710e-04
7.0459598490410076e+02,2,1.0000000000000000e+00,-8.6635833926131038e+00,2.4546537897504109e+01,2.6571931249840115e+00,-1.6881297725256997e-01,-7.7840560597779773e-02,-6.1737311330377579e-03

7.0927287265121845e+02,0,1.0000000000000000e+00,3.5215247852218745e+00,-9.8969600266037538e+00,-1.2659816689568539e+00,-1.9392558882811917e-01,-1.1104373897837209e-01,2.5590225048968979e-03
7.0927287265121845e+02,1,1.0000000000000000e+00,5.9266293958215535e+00,-1.4272102187758211e+01,-1.3608676543761917e+00,3.6059317902247745e-01,1.9462424073598200e-01,4.2435836067805490e-03
7.0927287265121845e+02,2,1.0000000000000000e+00,-9.4481541810431828e+00,2.4169062214363546e+01,2.6268493233330519e+00,-1.6666759019435656e-01,-8.3580501757606604e-02,-6.8026061116774218e-03

7.1375914308829260e+02,0,1.0000000000000000e+00,2.9041637778404361e+00,-1.0696175899882441e+01,-1.2609842338154240e+00,-6.9330448789406390e-02,-2.3328278235905792e-01,-2.0198654655647925e-04
7.1375914308829260e+02,1,1.0000000000000000e+00,7.2867954432024931e+00,-1.3085624072581307e+01,-1.3339983983501649e+00,2.3378370364757775e-01,3.2233485533250578e-01,7.6043574950800785e-03
7.1375914308829260e+02,2,1.0000000000000000e+00,-1.0190959221042682e+01,2.3781799972465336e+01,2.5949826321655958e+00,-1.6445325485816956e-01,-8.9052072973444502e-02,-7.4023709485235732e-03

7.1829980993815707e+02,0,1.0000000000000000e+00,2.9773049793210955e+00,-1.1872634041659776e+01,-1.2660657165198739e+00,1.0518741167000689e-01,-2.6799328600661004e-01,-1.7649864935906819e-03
7.1829980993815707e+02,1,1.0000000000000000e+00,7.9549874870047574e+00,-1.1492393765400987e+01,-1.2939460672454528e+00,5.6859492960649016e-02,3.6249778544339289e-01,9.7641827314974491e-03
7.1829980993815707e+02,2,1.0000000000000000e+00,-1.0932292466325594e+01,2.3365027807062372e+01,2.5600117837653338e+00,-1.6204690463065408e-01,-9.4504499436779549e-02,-7.9991962379067465e-03

7.2345481080214734e+02,0,1.0000000000000000e+00,4.0206525860028925e+00,-1.3093361129392299e+01,-1.2750806994839481e+00,2.9090793862712955e-01,-1.8513097715313567e-01,-1.3144744019164675e-03
7.2345481080214734e+02,1,1.0000000000000000e+00,7.7394346233118476e+00,-9.7687823525616118e+00,-1.2419714991321980e+00,-1.3184134097629691e-01,2.8571568606669817e-01,9.9814970032465616e-03
7.2345481080214734e+02,2,1.0000000000000000e+00,-1.1760087209314467e+01,2.2862143481955545e+01,2.5170521986161525e+00,-1.5906659765083070e-01,-1.0058470891355914e-01,-8.6670226013300725e-03

7.2826326126416427e+02,0,1.0000000000000000e+00,5.6905220112948669e+00,-1.3607302974487707e+01,-1.2760569338571561e+00,3.8689067028722740e-01,-1.8631625156570963e-02,1.1994119206468912e-03
7.2826326126416427e+02,1,1.0000000000000000e+00,6.8271991492879067e+00,-8.7576777682030826e+00,-1.1978245414392044e+00,-2.3087517868987534e-01,1.2482913850776445e-01,8.0904077753941785e-03
7.2826326126416427e+02,2,1.0000000000000000e+00,-1.2517721160582493e+01,2.2364980742692438e+01,2.4738814752963676e+00,-1.5601549159734995e-01,-1.0619751335118999e-01,-9.2898196960410576e-03

7.3296588790836358e+02,0,1.0000000000000000e+00,7.5203583730670065e+00,-1.3247966811697195e+01,-1.2620551940965328e+00,3.7257829478783822e-01,1.7015247774766210e-01,4.8633045116116850e-03
7.3296588790836358e+02,1,1.0000000000000000e+00,5.7235531619992344e+00,-8.6047370428147865e+00,-1.1666994249045644e+00,-2.1978479228438053e-01,-5.8484647445546850e-02,5.0394402839934330e-03
7.3296588790836358e+02,2,1.0000000000000000e+00,-1.3243911535065951e+01,2.1852703854513649e+01,2.4287546190011042e+00,-1.5279350250345569e-01,-1.1166783030211203e-01,-9.9027447956051076e-03

7.3759447303630827e+02,0,1.0000000000000000e+00,9.0124304518391387e+00,-1.2094098191843157e+01,-1.2309176728416626e+00,2.5786991289388228e-01,3.1715731652185453e-01,8.4941105563122177e-03
7.3759447303630827e+02,1,1.0000000000000000e+00,4.9309950112460497e+00,-9.2293482972281673e+00,-1.1506080298547436e+00,-1.0843220988434066e-01,-2.0014589350764644e-01,2.0093284021808072e-03
7.3759447303630827e+02,2,1.0000000000000000e+00,-1.3943425463084882e+01,2.1323446489073003e+01,2.3815257026964134e+00,-1.4943770300953957e-01,-1.1701142301420472e-01,-1.0503438958493011e-02

7.4224189179730820e+02,0,1.0000000000000000e+00,9.8143389217573436e+00,-1.0441411556633685e+01,-1.1849357979560513e+00,8.1685040172977313e-02,3.7679286426453190e-01,1.1031371111057672e-02
7.4224189179730820e+02,1,1.0000000000000000e+00,4.8154517112427717e+00,-1.0325954301566096e+01,-1.1463972220518048e+00,6.4225302893344743e-02,-2.5451930372146853e-01,6.2780246578887644e-05
7.4224189179730820e+02,2,1.0000000000000000e+00,-1.4629790632999804e+01,2.0767365858201476e+01,2.3313330200078628e+00,-1.4591034306631975e-01,-1.2227356054306024e-01,-1.1094151357636544e-02

7.4682284670460695e+02,0,1.0000000000000000e+00,9.7750666321864976e+00,-8.7799884279771554e+00,-1.1320412910597879e+00,-9.4186843568906359e-02,3.3177992007315626e-01,1.1736107999083869e-02
7.4682284670460695e+02,1,1.0000000000000000e+00,5.5148417087817112e+00,-1.1415639721538838e+01,-1.1471661162606686e+00,2.3644467944085210e-01,-2.0446279942374246e-01,-7.5002854053872123e-05
7.4682284670460695e+02,2,1.0000000000000000e+00,-1.5289908340967886e+01,2.0195628149517702e+01,2.2792074073204627e+00,-1.4225783587194388e-01,-1.2731712064941092e-01,-1.1661105145029986e-02

7.5174350776813947e+02,0,1.0000000000000000e+00,8.9601582525356775e+00,-7.4698693865314176e+00,-1.0767832511869826e+00,-2.2186651280497804e-01,1.8771202810570609e-01,1.0388652589462227e-02
7.5174350776813947e+02,1,1.0000000000000000e+00,7.0196107827746355e+00,-1.2086250216167771e+01,-1.1435692984975310e+00,3.5995623904261587e-01,-5.5122296990060382e-02,1.8707028261543343e-03
7.5174350776813947e+02,2,1.0000000000000000e+00,-1.5979769035309985e+01,1.9556119602700914e+01,2.2203525496845198e+00,-1.3808972623763577e-01,-1.3258973111564304e-01,-1.2259355415616555e-02

7.5654048908602215e+02,0,1.0000000000000000e+00,7.8012333678946639e+00,-7.0089375260921720e+00,-1.0333499341432399e+00,-2.4229678117070624e-01,2.5406584047117098e-03,7.5490050441743631e-03
7.5654048908602215e+02,1,1.0000000000000000e+00,8.8306642320248550e+00,-1.1899023433373468e+01,-1.1268026777521591e+00,3.7605527504626762e-01,1.3509355673946719e-01,5.2905345332876956e-03
7.5654048908602215e+02,2,1.0000000000000000e+00,-1.6631897599919178e+01,1.8907960959467381e+01,2.1601526118954055e+00,-1.3375849387555930e-01,-1.3763421514417626e-01,-1.2839539577462054e-02

7.6128440392453285e+02,0,1.0000000000000000e+00,6.8227214922780099e+00,-7.4002732030038807e+00,-1.0052536618292298e+00,-1.5367930649832762e-01,-1.5840865943741508e-01,4.3324150494685968e-03
7.6128440392453285e+02,1,1.0000000000000000e+00,1.0433093016663086e+01,-1.0843067082039640e+01,-1.0926337565950166e+00,2.8292703040827694e-01,3.0096032738533207e-01,9.0774096179158659e-03
7.6128440392453285e+02,2,1.0000000000000000e+00,-1.7255814508940748e+01,1.8243340285045267e+01,2.0978874184242531e+00,-1.2924772390994727e-01,-1.4255166794791457e-01,-1.3409824667384459e-02

7.6603546591075269e+02,0,1.0000000000000000e+00,6.4666394981077460e+00,-8.3850361896874901e+00,-9.9092506577139261e-01,1.2260621345266315e-02,-2.3909650381658060e-01,1.9292803102011636e-03
7.6603546591075269e+02,1,1.0000000000000000e+00,1.1392166144839637e+01,-9.1695393831545786e+00,-1.0419176176651106e+00,1.1230165898235153e-01,3.8646178856219854e-01,1.2039029867381063e-02
7.6603546591075269e+02,2,1.0000000000000000e+00,-1.7858805642947029e+01,1.7554575572843824e+01,2.0328426834365092e+00,-1.2456228032761571e-01,-1.4736528474561553e-01,-1.3968310177582219e-02

7.7069333934579277e+02,0,1.0000000000000000e+00,6.9493772601810804e+00,-9.4758626876654404e+00,-9.8422268648702960e-01,1.9250152463415182e-01,-2.1121477375149997e-01,1.2761248400972539e-03
7.7069333934579277e+02,1,1.0000000000000000e+00,1.1478653588663704e+01,-7.3816406128680123e+00,-9.8232088445364296e-01,-7.2674515671376894e-02,3.6312586461721907e-01,1.3219567424460983e-02
7.7069333934579277e+02,2,1.0000000000000000e+00,-1.8428030848844418e+01,1.6857503300535225e+01,1.9665435709406791e+00,-1.1982700896277278e-01,-1.5191109086571655e-01,-1.4495692264558236e-02

7.7530505065764271e+02,0,1.0000000000000000e+00,8.1741009457188092e+00,-1.0196018490653426e+01,-9.7602627689373156e-01,3.2678370952575503e-01,-8.7752512485640005e-02,2.5942299931271430e-03
7.7530505065764271e+02,1,1.0000000000000000e+00,1.0795405998540618e+01,-5.9509194140717554e+00,-9.2250074830628326e-01,-2.1181728746036926e-01,2.4396614828881444e-01,1.2404752471237224e-02
7.7530505065764271e+02,2,1.0000000000000000e+00,-1.8969506944259052e+01,1.6146937904726972e+01,1.8985270252000215e+00,-1.1496642206538360e-01,-1.5621363580317219e-01,-1.4998982464364357e-02

7.8027769451622123e+02,0,1.0000000000000000e+00,9.9582961342049128e+00,-1.0163910206550689e+01,-9.5575563023902288e-01,3.7059919342191955e-01,1.0557978785832836e-01,5.7927603746789373e-03
7.8027769451622123e+02,1,1.0000000000000000e+00,9.5693651878477226e+00,-5.1951056519981718e+00,-8.6686683359157102e-01,-2.6112148554865394e-01,5.5080473094084231e-02,9.7354124317392716e-03
7.8027769451622123e+02,2,1.0000000000000000e+00,-1.9527661322052253e+01,1.5359015858550659e+01,1.8226224638306003e+00,-1.0947770787326355e-01,-1.6066026095241032e-01,-1.5528172806418199e-02

7.8497535570145021e+02,0,1.0000000000000000e+00,1.1573445631565882e+01,-9.2403799226430454e+00,-9.1981167123605145e-01,2.9965205851729299e-01,2.8071626539026906e-01,9.5220096353423947e-03
7.8497535570145021e+02,1,1.0000000000000000e+00,8.4558379521373936e+00,-5.3543186046975109e+00,-8.2870721361953648e-01,-1.9560364642893552e-01,-1.1599310737405283e-01,6.4974434396839857e-03
7.8497535570145021e+02,2,1.0000000000000000e+00,-2.0029283583702881e+01,1.4594698527342370e+01,1.7485188848555953e+00,-1.0404841208835533e-01,-1.6472315801621398e-01,-1.6019453075026360e-02

7.8969358199582473e+02,0,1.0000000000000000e+00,1.2640854008267898e+01,-7.6278554848991824e+00,-8.6688719523018798e-01,1.4231529802515938e-01,3.8714903755183305e-01,1.2722730657753516e-02
7.8969358199582473e+02,1,1.0000000000000000e+00,7.8661127299564981e+00,-6.1802621731000222e+00,-8.0490791056877331e-01,-4.3903956922723225e-02,-2.1847444003350813e-01,3.7772008038943032e-03
7.8969358199582473e+02,2,1.0000000000000000e+00,-2.0506966738223991e+01,1.3808117658001027e+01,1.6717951057989682e+00,-9.8411341102433880e-02,-1.6867459751832251e-01,-1.6499931461647802e-02

7.9429025886217016e+02,0,1.0000000000000000e+00,1.2871699781858180e+01,-5.8025965676645370e+00,-8.0400084302564667e-01,-4.1813681762221389e-02,3.8928477005012230e-01,1.4335132223593441e-02
7.9429025886217016e+02,1,1.0000000000000000e+00,8.0747812355165074e+00,-7.2216502487988929e+00,-7.9091241104971188e-01,1.3461749086577363e-01,-2.1693345786079443e-01,2.6119936313004650e-03
7.9429025886217016e+02,2,1.0000000000000000e+00,-2.0946481017374268e+01,1.3024246816465267e+01,1.5949132540753654e+00,-9.2803809103549906e-02,-1.7235131218932551e-01,-1.6947125854893885e-02

7.9883775987774641e+02,0,1.0000000000000000e+00,1.2312414645403130e+01,-4.2172177877318013e+00,-7.3877056205009795e-01,-1.9479334574799123e-01,2.9360639494856938e-01,1.4036616336438186e-02
7.9883775987774641e+02,1,1.0000000000000000e+00,9.0432881912551792e+00,-8.0154085431524571e+00,-7.7811570428056831e-01,2.8194636991860844e-01,-1.1784148242966574e-01,3.3287584274563145e-03
7.9883775987774641e+02,2,1.0000000000000000e+00,-2.1355702836657883e+01,1.2232626330886106e+01,1.5168862663306735e+00,-8.7153024170615212e-02,-1.7576491251890136e-01,-1.7365374763894478e-02

8.0338011444099925e+02,0,1.0000000000000000e+00,1.1218360214524768e+01,-3.2334035684366800e+00,-6.7900777996824502e-01,-2.7142819833500370e-01,1.3250869989280070e-01,1.2037883324049866e-02
8.0338011444099925e+02,1,1.0000000000000000e+00,1.0520137123416546e+01,-8.1935464211550944e+00,-7.5809082585837451e-01,3.5279060657063005e-01,4.6427519042988558e-02,5.7242288561113030e-03
8.0338011444099925e+02,2,1.0000000000000000e+00,-2.1738497337940881e+01,1.1426949989593631e+01,1.4370986058266264e+00,-8.1362408235624351e-02,-1.7893621893578701e-01,-1.7762112180161143e-02

8.0950141641223161e+02,0,1.0000000000000000e+00,9.6291120711273805e+00,-3.1468233193034667e+00,-6.1757683289871879e-01,-2.1773197462637667e-01,-9.6882823502602383e-02,7.9249750404828991e-03
8.0950141641223161e+02,1,1.0000000000000000e+00,1.2582794271729322e+01,-7.1725499087026758e+00,-7.0922089284472167e-01,2.9098490354780798e-01,2.7976777447987644e-01,1.0346990424058620e-02
8.0950141641223161e+02,2,1.0000000000000000e+00,-2.2211906342856260e+01,1.0319373228008011e+01,1.3267977257434476e+00,-7.3252928921429317e-02,-1.8288495097727187e-01,-1.8271965464541493e-02

8.1436536781823384e+02,0,1.0000000000000000e+00,8.9104509422742879e+00,-3.9283405621954781e+00,-5.8656511000745959e-01,-6.5950263001603393e-02,-2.0840815506654353e-01,5.0051181035564822e-03
8.1436536781823384e+02,1,1.0000000000000000e+00,1.3641594888811646e+01,-5.4943120245877424e+00,-6.5041406413488811e-01,1.3253252436940327e-01,3.9421321938061815e-01,1.3651751863677973e-02
8.1436536781823384e+02,2,1.0000000000000000e+00,-2.2552045831085476e+01,9.4226525867851034e+00,1.2369791741423548e+00,-6.6582261367797740e-02,-1.8580506431407243e-01,-1.8656869967234428e-02

8.1908913393250566e+02,0,1.0000000000000000e+00,9.0318147312916501e+00,-4.9620927137006383e+00,-5.6681073124152714e-01,1.1771021414082825e-01,-2.1039115073215467e-01,3.6718066606335788e-03
8.1908913393250566e+02,1,1.0000000000000000e+00,1.3819223359378453e+01,-3.5765426683612103e+00,-5.8120071239033944e-01,-5.7712776669467697e-02,3.9883405993774779e-01,1.5334926327635614e-02
8.1908913393250566e+02,2,1.0000000000000000e+00,-2.2851038090669633e+01,8.5386353820637417e+00,1.1480114436318740e+00,-5.9997437471358502e-02,-1.8844290920559098e-01,-1.9006732988269163e-02

8.2335865045709261e+02,0,1.0000000000000000e+00,9.8530475886917799e+00,-5.6952228064963268e+00,-5.5060586178360693e-01,2.5887253131275723e-01,-1.1996907835507045e-01,4.1999332286123195e-03
8.2335865045709261e+02,1,1.0000000000000000e+00,1.3241363432874365e+01,-2.0341439358898148e+00,-5.1562535064928849e-01,-2.0487183163799949e-01,3.1057929657245587e-01,1.5098175473410464e-02
8.2335865045709261e+02,2,1.0000000000000000e+00,-2.3094411021565662e+01,7.7293667423880468e+00,1.0662312124329028e+00,-5.4000699674755723e-02,-1.9061021821738325e-01,-1.9298108702022754e-02

8.2860123860078977e+02,0,1.0000000000000000e+00,1.1473914179678751e+01,-5.8487411790213635e+00,-5.2233963535094485e-01,3.3839467524063388e-01,7.0605508811973611e-02,6.8992557131144182e-03
8.2860123860078977e+02,1,1.0000000000000000e+00,1.1884133952310219e+01,-8.7506567144820391e-01,-4.4185065503102194e-01,-2.9184189195844773e-01,1.2233379259129804e-01,1.2724839277048910e-02
8.2860123860078977e+02,2,1.0000000000000000e+00,-2.3358048131988486e+01,6.7238068504714814e+00,9.6419029038197457e-01,-4.6552783282184096e-02,-1.9293930140326940e-01,-1.9624094990163290e-02

8.3338567087236083e+02,0,1.0000000000000000e+00,1.3030957813221699e+01,-5.0567551028051527e+00,-4.8098913997440679e-01,2.9371772023202919e-01,2.5623312408872495e-01,1.0459661423334606e-02
8.3338567087236083e+02,1,1.0000000000000000e+00,1.0533270413086756e+01,-7.3949995006392744e-01,-3.8865324802833218e-01,-2.5411102509500499e-01,-6.1481361884120345e-02,9.4355016455898583e-03
8.3338567087236083e+02,2,1.0000000000000000e+00,-2.3564228226307961e+01,5.7962550528710057e+00,8.6964238800274685e-01,-3.9606695137022141e-02,-1.9475176220460239e-01,-1.9895163068924422e-02

8.3811745430097960e+02,0,1.0000000000000000e+00,1.4118213138036833e+01,-3.5088119504121482e+00,-4.2329886094936753e-01,1.5301539393773858e-01,3.8413614253814776e-01,1.3789887038706910e-02
8.3811745430097960e+02,1,1.0000000000000000e+00,9.6168409999194058e+00,-1.3621795529169085e+00,-3.5161443962455630e-01,-1.2044325743367465e-01,-1.8784094154370301e-01,6.3505645958459927e-03
8.3811745430097960e+02,2,1.0000000000000000e+00,-2.3735054137955736e+01,4.8709915033309947e+00,7.7491330057393204e-01,-3.2572136504062099e-02,-1.9629520099444281e-01,-2.0140451634552858e-02

8.4284121275966390e+02,0,1.0000000000000000e+00,1.4403297044749225e+01,-1.5850930220031758e+00,-3.5272239599322375e-01,-3.4957171066089338e-02,4.1170537112531191e-01,1.5798313162481280e-02
8.4284121275966390e+02,1,1.0000000000000000e+00,9.4688064509534726e+00,-2.3554362626004783e+00,-3.2652255357418591e-01,6.0400882497885638e-02,-2.1408706473716987e-01,4.5618589861007777e-03
8.4284121275966390e+02,2,1.0000000000000000e+00,-2.3872103495702184e+01,3.9405292846056010e+00,6.7924494956741810e-01,-2.5443711431794191e-02,-1.9761830638814015e-01,-2.0360172148582018e-02

8.4717325656147977e+02,0,1.0000000000000000e+00,1.3894040412292812e+01,7.5903483839861785e-02,-2.8340113965996427e-01,-1.9353479159451759e-01,3.4088018728864222e-01,1.5913628051805195e-02
8.4717325656147977e+02,1,1.0000000000000000e+00,1.0074087097657975e+01,-3.1580874072425837e+00,-3.0725247978663189e-01,2.1242516449504112e-01,-1.4225812170360375e-01,4.6223660424513507e-03
8.4717325656147977e+02,2,1.0000000000000000e+00,-2.3968127509950264e+01,3.0821839234046768e+00,5.9065361944660499e-01,-1.8890372900521424e-02,-1.9862206558503687e-01,-2.0535994094256500e-02

8.5243627356240518e+02,0,1.0000000000000000e+00,1.2536531027142541e+01,1.4356473648762935e+00,-2.0410255358462681e-01,-3.0266660866393569e-01,1.6417848960483911e-01,1.3868838182793447e-02
8.5243627356240518e+02,1,1.0000000000000000e+00,1.1510113138779456e+01,-3.4699716101771192e+00,-2.7798327794484723e-01,3.1361493063754786e-01,3.5330889951155797e-02,6.8456476746381213e-03
8.5243627356240518e+02,2,1.0000000000000000e+00,-2.4046644165921460e+01,2.0343242453027881e+00,4.8208583152948270e-01,-1.0948321973610065e-02,-1.9950937955599329e-01,-2.0714485857431526e-02

8.5721420672404281e+02,0,1.0000000000000000e+00,1.1078814807294343e+01,1.7701848829597213e+00,-1.4518245950724185e-01,-2.8875665030566355e-01,-2.2473243542653759e-02,1.0672741794616643e-02
8.5721420672404281e+02,1,1.0000000000000000e+00,1.3002874327270046e+01,-2.8500507493191196e+00,-2.3760897465400935e-01,2.9246695734910100e-01,2.2243534844080895e-01,1.0171570526233142e-02
8.5721420672404281e+02,2,1.0000000000000000e+00,-2.4081689134563852e+01,1.0798658663613692e+00,3.8279143416125994e-01,-3.7103070434354457e-03,-1.9996210489815366e-01,-2.0844312320849732e-02

8.6193805832168186e+02,0,1.0000000000000000e+00,9.9524563131860440e+00,1.2976163232355082e+00,-1.0271041359996791e-01,-1.7369876797805800e-01,-1.6584158663334486e-01,7.3896994506107046e-03
8.6193805832168186e+02,1,1.0000000000000000e+00,1.4129687971046925e+01,-1.4324613173963354e+00,-1.8136900437201020e-01,1.7016381046365714e-01,3.6593727037197660e-01,1.3554305557502581e-02
8.6193805832168186e+02,2,1.0000000000000000e+00,-2.4082144284232417e+01,1.3484499416280460e-01,2.8407941797198721e-01,3.5349575144028537e-03,-2.0009568373863013e-01,-2.0944005008113234e-02

8.6657830768402357e+02,0,1.0000000000000000e+00,9.5348551025291179e+00,3.6775576808209065e-01,-7.4144941357155048e-02,-1.0762701390987332e-03,-2.1748850654555474e-01,5.1701923564613610e-03
8.6657830768402357e+02,1,1.0000000000000000e+00,1.4514199059010764e+01,4.2569052474635738e-01,-1.1257550758040547e-01,-9.6602129964672538e-03,4.1745802613279381e-01,1.5843959776778375e-02
8.6657830768402357e+02,2,1.0000000000000000e+00,-2.4049054161539335e+01,-7.9344629282646384e-01,1.8672044893756984e-01,1.0736483135567926e-02,-1.9996951958723752e-01,-2.1014152133239684e-02

8.7115282365648284e+02,0,1.0000000000000000e+00,9.9299691853646692e+00,-5.4198093906598843e-01,-5.2243444256603405e-02,1.6852163170375639e-01,-1.6327302885629011e-01,4.7284455880972805e-03
8.7115282365648284e+02,1,1.0000000000000000e+00,1.4053699016865757e+01,2.2494827570809797e+00,-3.8242254658307051e-02,-1.8636571954146736e-01,3.6289587574213900e-01,1.6327013814636561e-02
8.7115282365648284e+02,2,1.0000000000000000e+00,-2.3983668202229872e+01,-1.7075018180129991e+00,9.0485698914920032e-02,1.7844087837712835e-02,-1.9962284688584725e-01,-2.1055459402733789e-02

8.7550489734644123e+02,0,1.0000000000000000e+00,1.0924389673076771e+01,-9.8691164327810532e-01,-2.9326428305222335e-02,2.7615549681081247e-01,-3.0942336798402525e-02,6.0700303347021797e-03
8.7550489734644123e+02,1,1.0000000000000000e+00,1.2967017191114179e+01,3.5620701456060608e+00,3.0513438367675984e-02,-3.0069617132382381e-01,2.3001244498207674e-01,1.4998521887749330e-02
8.7550489734644123e+02,2,1.0000000000000000e+00,-2.3891406864190376e+01,-2.5751585023259564e+00,-1.1870100624437330e-03,2.4540674513013221e-02,-1.9907010818367241e-01,-2.1068552222451457e-02

8.8031090677743009e+02,0,1.0000000000000000e+00,1.2342174055434281e+01,-6.8804850684435692e-01,6.5391705679887085e-03,2.9461805085272535e-01,1.5747764403418019e-01,9.0421229972255691e-03
8.8031090677743009e+02,1,1.0000000000000000e+00,1.1413705622865928e+01,4.2178839701280140e+00,9.5878907774112274e-02,-3.2646376455074338e-01,4.0680258297353333e-02,1.2010913004003226e-02
8.8031090677743009e+02,2,1.0000000000000000e+00,-2.3755879678299635e+01,-3.5298354632816507e+00,-1.0241807834209073e-01,3.1845713698019973e-02,-1.9815790233153163e-01,-2.1053036001228750e-02

8.8507529624481765e+02,0,1.0000000000000000e+00,1.3567165307374374e+01,4.7834909871768927e-01,5.7899134117426060e-02,2.0286110599567553e-01,3.2319724825856183e-01,1.2499477946835754e-02
8.8507529624481765e+02,1,1.0000000000000000e+00,1.0019828816969415e+01,3.9927510396867492e+00,1.4472425419262400e-01,-2.4191004652159165e-01,-1.2628714691938386e-01,8.5064061626750134e-03
8.8507529624481765e+02,2,1.0000000000000000e+00,-2.3586994124343207e+01,-4.4711001384024227e+00,-2.0262338831003954e-01,3.9048940525918230e-02,-1.9691010133917630e-01,-2.1005884109510726e-02

8.8970467335034868e+02,0,1.0000000000000000e+00,1.4144148434553495e+01,2.2085793891745271e+00,1.2244041966862759e-01,3.7981640264896976e-02,4.0837881936839232e-01,1.5182971620181198e-02
8.8970467335034868e+02,1,1.0000000000000000e+00,9.2458424972495230e+00,3.1706794413938608e+00,1.7726090756963495e-01,-8.4046978204723677e-02,-2.1298960482065138e-01,5.7459696436202266e-03
8.8970467335034868e+02,2,1.0000000000000000e+00,-2.3389990931802419e+01,-5.3792588305663651e+00,-2.9970132723825194e-01,4.6065337939828366e-02,-1.9538921454773928e-01,-2.0928941263801380e-02

8.9432040462942609e+02,0,1.0000000000000000e+00,1.3889117377841398e+01,4.0915364459904433e+00,1.9576917287358986e-01,-1.4667529293506532e-01,3.8965202051499725e-01,1.6275371663915291e-02
8.9432040462942609e+02,1,1.0000000000000000e+00,9.2720857168207793e+00,2.1855946762442051e+00,2.0029938840944733e-01,9.3611798583392469e-02,-1.9602996324105493e-01,4.5468483880006724e-03
8.9432040462942609e+02,2,1.0000000000000000e+00,-2.3161203094661577e+01,-6.2771311222326176e+00,-3.9606856128302642e-01,5.3063494351674567e-02,-1.9362205727394072e-01,-2.0822220051915918e-02

8.9843917960656688e+02,0,1.0000000000000000e+00,1.2994788905787763e+01,5.5142299777919339e+00,2.6192892219265868e-01,-2.7889754341353079e-01,2.8989729481942339e-01,1.5590552557107352e-02
8.9843917960656688e+02,1,1.0000000000000000e+00,9.9350943744082656e+00,1.5568229742364776e+00,2.1966453621673962e-01,2.1965232614852698e-01,-9.8033980241162832e-02,5.1130043606609828e-03
8.9843917960656688e+02,2,1.0000000000000000e+00,-2.2929883280195419e+01,-7.0710529520263750e+00,-4.8159345840938717e-01,5.9245217265005395e-02,-1.9186331457825873e-01,-2.0703556917768283e-02

9.0401622908646902e+02,0,1.0000000000000000e+00,1.1177158414008765e+01,6.5692917939899607e+00,3.4126144465801295e-01,-3.4839071862961907e-01,8.0748561885991610e-02,1.2530106186024487e-02
9.0401622908646902e+02,1,1.0000000000000000e+00,1.1399387813127273e+01,1.5645055192223642e+00,2.5527485875778277e-01,2.8096521597581386e-01,1.0844014020797627e-01,7.9800499868507725e-03
9.0401622908646902e+02,2,1.0000000000000000e+00,-2.2576546227135420e+01,-8.1337973132102803e+00,-5.9653630341578423e-01,6.7425502653806646e-02,-1.8918870209396615e-01,-2.0510156172875209e-02

9.0886980996844272e+02,0,1.0000000000000000e+00,9.5919172783076654e+00,6.5073094027646938e+00,3.9335167801955528e-01,-2.8652298224898531e-01,-9.9713019867951613e-02,8.8950715229762639e-03
9.0886980996844272e+02,1,1.0000000000000000e+00,1.2640476198143297e+01,2.5384132116083089e+00,3.0225930946289514e-01,2.1215739803751510e-01,2.8624284183799725e-01,1.1414922208276827e-02
9.0886980996844272e+02,2,1.0000000000000000e+00,-2.2232393476450333e+01,-9.0457226143709484e+00,-6.9561098748243888e-01,7.4365584211471880e-02,-1.8652982197004392e-01,-2.0309993731253036e-02

9.1365653890628766e+02,0,1.0000000000000000e+00,8.5545339174368777e+00,5.7287437188525416e+00,4.2789766292995712e-01,-1.3577750864470001e-01,-2.1007894675251854e-01,5.7070011594753493e-03
9.1365653890628766e+02,1,1.0000000000000000e+00,1.3305719618210579e+01,4.2029085231280678e+00,3.6439464274191069e-01,5.4665711749428414e-02,3.9365624602956456e-01,1.4372911318888536e-02
9.1365653890628766e+02,2,1.0000000000000000e+00,-2.1860253535646827e+01,-9.9316522419785436e+00,-7.9229230567185582e-01,8.1111796895273022e-02,-1.8357729927704428e-01,-2.0079912478363833e-02

9.1849189169858357e+02,0,1.0000000000000000e+00,8.3517771485982095e+00,4.6590425443125802e+00,4.5060857820596723e-01,5.2125449358251794e-02,-2.1260247806359656e-01,4.0151422956392867e-03
9.1849189169858357e+02,1,1.0000000000000000e+00,1.3099910471768743e+01,6.1524462360165906e+00,4.3814586786714449e-01,-1.3999440447999378e-01,3.9289919484360891e-01,1.5798082808801451e-02
9.1849189169858357e+02,2,1.0000000000000000e+00,-2.1451687620366311e+01,-1.0811488780327100e+01,-8.8875444607309961e-01,8.7868955121743406e-02,-1.8029671678001064e-01,-1.9813225104440679e-02

9.2276319214671526e+02,0,1.0000000000000000e+00,8.8902464851668590e+00,3.9180111491029201e+00,4.6775350706664964e-01,1.9152738731421615e-01,-1.2132525069009864e-01,4.3004036267033433e-03
9.2276319214671526e+02,1,1.0000000000000000e+00,1.2173511203467649e+01,7.6570336031087116e+00,5.0507934512937025e-01,-2.8528518685136339e-01,2.9853074686321474e-01,1.5251820395803067e-02
9.2276319214671526e+02,2,1.0000000000000000e+00,-2.1063757688633864e+01,-1.1575044752209550e+01,-9.7283285219600768e-01,9.3757799537148620e-02,-1.7720549617311429e-01,-1.9552224022506351e-02

9.2801568487291388e+02,0,1.0000000000000000e+00,1.0148080407344054e+01,3.7581292032058151e+00,4.9593748837679419e-01,2.6577670850900870e-01,6.9110114336988770e-02,6.7528687030615347e-03
9.2801568487291388e+02,1,1.0000000000000000e+00,1.0404608272018299e+01,8.7372556676508815e+00,5.7869359728260417e-01,-3.6657458279741151e-01,1.0408459297344064e-01,1.2452423014943828e-02
9.2801568487291388e+02,2,1.0000000000000000e+00,-2.0552688679361694e+01,-1.2495384870854608e+01,-1.0746310856593859e+00,1.0079787428840405e-01,-1.7319470731042783e-01,-1.9205291718005307e-02

9.3281338287894323e+02,0,1.0000000000000000e+00,1.1346253059101482e+01,4.5374619957826408e+00,5.3617024853372142e-01,2.1507704323427448e-01,2.5082011447883906e-01,1.0086668926565494e-02
9.3281338287894323e+02,1,1.0000000000000000e+00,8.7079136545051448e+00,8.7796155890794232e+00,6.2979542518452081e-01,-3.2205689495069856e-01,-8.1520372437922983e-02,8.7784108683188929e-03
9.3281338287894323e+02,2,1.0000000000000000e+00,-2.0054166713605959e+01,-1.3317077584859964e+01,-1.1659656737182293e+00,1.0697985171642527e-01,-1.6929974204091458e-01,-1.8865079794884332e-02

9.3756978428638251e+02,0,1.0000000000000000e+00,1.2054363849123806e+01,6.0521677882750442e+00,5.9178802128786723e-01,7.0377519669496166e-02,3.7178916812250423e-01,1.3157014049909353e-02
9.3756978428638251e+02,1,1.0000000000000000e+00,7.4768101176489408e+00,8.0604534330725617e+00,6.6305393899057963e-01,-1.8327988875258017e-01,-2.0662184350004514e-01,5.3441976665311204e-03
9.3756978428638251e+02,2,1.0000000000000000e+00,-1.9531173966772084e+01,-1.4112621221345504e+01,-1.2548419602784338e+00,1.1290236908308510e-01,-1.6516732462245770e-01,-1.8501211716440407e-02

9.4220554966049463e+02,0,1.0000000000000000e+00,1.1958577672623958e+01,7.8637987637043683e+00,6.5734038748880108e-01,-1.1385093598424235e-01,3.9194496651310196e-01,1.4836827680669538e-02
9.4220554966049463e+02,1,1.0000000000000000e+00,7.0361052311757728e+00,7.0046345064347211e+00,6.8238858523270995e-01,-4.6848752828137635e-03,-2.3107563813351162e-01,3.2795050739512829e-03
9.4220554966049463e+02,2,1.0000000000000000e+00,-1.8994682903799067e+01,-1.4868433270136981e+01,-1.3397289727214976e+00,1.1853581126705671e-01,-1.6086932837958900e-01,-1.8116332754620761e-02

9.4675659853621903e+02,0,1.0000000000000000e+00,1.1050972589917397e+01,9.4967524283276248e+00,7.2508401068553952e-01,-2.7725093345143598e-01,3.1009561324633217e-01,1.4602591552974459e-02
9.4675659853621903e+02,1,1.0000000000000000e+00,7.3918768292225128e+00,6.0937856669275918e+00,6.9617960963735759e-01,1.5329955092736186e-01,-1.5365869240875535e-01,3.1081364942228372e-03
9.4675659853621903e+02,2,1.0000000000000000e+00,-1.8442849419139243e+01,-1.5590538095253109e+01,-1.4212636203228837e+00,1.2395138252407512e-01,-1.5643692083757532e-01,-1.7710728047197234e-02

9.5118696163975972e+02,0,1.0000000000000000e+00,9.5867976409288254e+00,1.0552746633765523e+01,7.8588034821045227e-01,-3.6959377568472845e-01,1.5816659046709863e-01,1.2579502455837797e-02
9.5118696163975972e+02,1,1.0000000000000000e+00,8.2954929968293154e+00,5.7210373913023815e+00,7.1293601409412399e-01,2.4052262997828838e-01,-6.1848745849555353e-03,4.7168710960069863e-03
9.5118696163975972e+02,2,1.0000000000000000e+00,-1.7882290637757471e+01,-1.6273784025065783e+01,-1.4988163623045625e+00,1.2907114570644088e-01,-1.5198171588214160e-01,-1.7296373551844713e-02

9.5607684143862832e+02,0,1.0000000000000000e+00,7.7474759767807813e+00,1.0848657338099763e+01,8.3894814557183361e-01,-3.6284611173404357e-01,-3.6175887583472260e-02,8.9740487150867642e-03
9.5607684143862832e+02,1,1.0000000000000000e+00,9.4903483639022426e+00,6.1560129710778977e+00,7.4329608217085752e-01,2.2837394880211914e-01,1.8310801568647286e-01,7.8498131881885123e-03
9.5607684143862832e+02,2,1.0000000000000000e+00,-1.7237824340682348e+01,-1.7004670309175530e+01,-1.5822442277426769e+00,1.3447216293192532e-01,-1.4693212810299863e-01,-1.6823861903275207e-02

9.6091256730690884e+02,0,1.0000000000000000e+00,6.2318809436066331e+00,1.0275794689176969e+01,8.7297306397096586e-01,-2.4862658943049959e-01,-1.8893948480737982e-01,5.1692053119334197e-03
9.6091256730690884e+02,1,1.0000000000000000e+00,1.0343344824919420e+01,7.4269889115216863e+00,7.8946473974091935e-01,1.0910214990929545e-01,3.3070511159064048e-01,1.1170747100340144e-02
9.6091256730690884e+02,2,1.0000000000000000e+00,-1.6575225768525375e+01,-1.7702783600696513e+01,-1.6624378037118706e+00,1.3952443952120497e-01,-1.4176562678325827e-01,-1.6339952412273505e-02

9.6555304050848883e+02,0,1.0000000000000000e+00,5.4641343857751856e+00,9.2220939930618293e+00,8.9015128039456948e-01,-7.6582286181189313e-02,-2.4813957803316608e-01,2.4768136108494175e-03
9.6555304050848883e+02,1,1.0000000000000000e+00,1.0452851326375443e+01,9.1266403872320279e+00,8.4699155054892861e-01,-6.7554932406582974e-02,3.8473579262119650e-01,1.3376101519682913e-02
9.6555304050848883e+02,2,1.0000000000000000e+00,-1.5916985712149945e+01,-1.8348734380291699e+01,-1.7371428309434831e+00,1.4413721858777304e-01,-1.3659621458802815e-01,-1.5852915130532271e-02

9.7012680750625918e+02,0,1.0000000000000000e+00,5.5191730564869523e+00,8.1526872579196130e+00,8.9865596141356652e-01,9.6029600658334324e-02,-2.0240247251551863e-01,1.5734087631463500e-03
9.7012680750625918e+02,1,1.0000000000000000e+00,9.7285046593898699e+00,1.0808754711508422e+01,9.0984678887338577e-01,-2.4453886134339864e-01,3.3369804121289642e-01,1.3773458183210754e-02
9.7012680750625918e+02,2,1.0000000000000000e+00,-1.5247677715876137e+01,-1.8961441969425870e+01,-1.8085027502869375e+00,1.4850926068506509e-01,-1.3129556869737544e-01,-1.5346866946357049e-02

9.7471741266490494e+02,0,1.0000000000000000e+00,6.2606784093003540e+00,7.5062799514597494e+00,9.0766274826160864e-01,2.1346708871920572e-01,-6.7417587795938289e-02,2.6695119040037549e-03
9.7471741266490494e+02,1,1.0000000000000000e+00,8.2954850587444433e+00,1.2045377668567120e+01,9.7008256282583316e-01,-3.6620211293124461e-01,1.9324433089140816e-01,1.2147895442134521e-02
9.7471741266490494e+02,2,1.0000000000000000e+00,-1.4556163468044108e+01,-1.9551657620024699e+01,-1.8777453110874263e+00,1.5273502421203961e-01,-1.2582674309546760e-01,-1.4817407346138218e-02

9.7914756515805209e+02,0,1.0000000000000000e+00,7.2920770821951812e+00,7.5830813230119780e+00,9.2475037029676987e-01,2.3562416161228872e-01,1.0431509788123386e-01,5.2262675881011734e-03
9.7914756515805209e+02,1,1.0000000000000000e+00,6.5787638029008786e+00,1.2514168051274972e+01,1.0174843403599663e+00,-3.9224244437449352e-01,1.6157425209589710e-02,9.0690422116218427e-03
9.7914756515805209e+02,2,1.0000000000000000e+00,-1.3870840885095369e+01,-2.0097249374284768e+01,-1.9422347106567208e+00,1.5661828276220549e-01,-1.2047252309082138e-01,-1.4295309799722959e-02

9.8388882607175287e+02,0,1.0000000000000000e+00,8.2530021916611567e+00,8.4915248265623369e+00,9.5748426638397177e-01,1.5275511674689679e-01,2.7064119237732887e-01,8.5871870237222842e-03
9.8388882607175287e+02,1,1.0000000000000000e+00,4.8659405025276286e+00,1.2163212393762869e+01,1.0511913604179055e+00,-3.1325931699818810e-01,-1.5596232941804311e-01,5.1430553643886760e-03
9.8388882607175287e+02,2,1.0000000000000000e+00,-1.3118942694188092e+01,-2.0654737220323014e+01,-2.0086756268018617e+00,1.6050420025129206e-01,-1.1467886295928359e-01,-1.3730242388110898e-02

9.8857428531923836e+02,0,1.0000000000000000e+00,8.6122898591652906e+00,1.0008779894445190e+01,1.0045857500766457e+00,-8.5328672264466943e-03,3.6118515339197638e-01,1.1323918975701480e-02
9.8857428531923836e+02,1,1.0000000000000000e+00,3.7461928938302034e+00,1.1169673563449550e+01,1.0670955244536426e+00,-1.5552075207891730e-01,-2.5233672422283032e-01,1.8374938941672601e-03
9.8857428531923836e+02,2,1.0000000000000000e+00,-1.2358482752994798e+01,-2.1178453457892545e+01,-2.0716812745302722e+00,1.6405361930536477e-01,-1.0884842916914378e-01,-1.3161412869868681e-02

9.9317716549559930e+02,0,1.0000000000000000e+00,8.1501918569685490e+00,1.1682324625825245e+01,1.0600412525927752e+00,-1.9123930650547277e-01,3.4837739300400672e-01,1.2456413938387428e-02
9.9317716549559930e+02,1,1.0000000000000000e+00,3.4456313544083432e+00,9.9836821656476058e+00,1.0709002768665870e+00,2.3945784511513746e-02,-2.4540500308525415e-01,1.2782153725797961e-04
9.9317716549559930e+02,2,1.0000000000000000e+00,-1.1595823211376191e+01,-2.1666006791470643e+01,-2.1309415294593452e+00,1.6729352199396005e-01,-1.0297238991875041e-01,-1.2584235475645345e-02

9.9807344912914834e+02,0,1.0000000000000000e+00,6.8062937177395870e+00,1.3132387411922265e+01,1.1194980827575083e+00,-3.4549326764104554e-01,2.2804478041074716e-01,1.1443839019677599e-02
9.9807344912914834e+02,1,1.0000000000000000e+00,3.9624230977648311e+00,9.0221725263296939e+00,1.0715091928281433e+00,1.7497066940295009e-01,-1.3147836730885704e-01,5.0367214607299933e-04
9.9807344912914834e+02,2,1.0000000000000000e+00,-1.0768716815503712e+01,-2.2154559938249744e+01,-2.1910072755856351e+00,1.7052259823809623e-01,-9.6566413101887683e-02,-1.1947511165750536e-02

1.0028276140273456e+03,0,1.0000000000000000e+00,4.9842962922076692e+00,1.3798466486103942e+01,1.1675359157052099e+00,-4.0291384721437545e-01,4.6491464972212071e-02,8.5032517222241571e-03
1.0028276140273456e+03,1,1.0000000000000000e+00,4.9666758254985393e+00,8.8002194931157582e+00,1.0787718290061903e+00,2.2946053944049311e-01,4.3772499777933294e-02,2.8120520432329639e-03
1.0028276140273456e+03,2,1.0000000000000000e+00,-9.9509721177054971e+00,-2.2598685979217471e+01,-2.2463077447113831e+00,1.7345330777388324e-01,-9.0263964750142894e-02,-1.1315303765457061e-02

1.0075112097707142e+03,0,1.0000000000000000e+00,3.1782437541621364e+00,1.3583351212818124e+01,1.1984070849194675e+00,-3.5076078039064662e-01,-1.3306270248724084e-01,4.6127704907586217e-03
1.0075112097707142e+03,1,1.0000000000000000e+00,5.9540365887107010e+00,9.4235276891915447e+00,1.0994328804379927e+00,1.7465834790335255e-01,2.1710715590042601e-01,6.0775586587243488e-03
1.0075112097707142e+03,2,1.0000000000000000e+00,-9.1322803428721215e+00,-2.3006878902007436e+01,-2.2978399653574426e+00,1.7610243248729493e-01,-8.4044453413182896e-02,-1.0690329149482914e-02

1.0119901590613975e+03,0,1.0000000000000000e+00,1.8836290126105086e+00,1.2697546968243737e+01,1.2108927616361400e+00,-2.1652065211715840e-01,-2.4972632110977822e-01,1.0864528747259934e-03
1.0119901590613975e+03,1,1.0000000000000000e+00,6.4547131548217394e+00,1.0672439995354541e+01,1.1334917318304707e+00,3.8147937016765249e-02,3.2781800198331545e-01,9.0065939816158548e-03
1.0119901590613975e+03,2,1.0000000000000000e+00,-8.3383421674315290e+00,-2.3369986963596023e+01,-2.3443844934665927e+00,1.7837271510039421e-01,-7.8091680873535019e-02,-1.0093046856341794e-02

1.0169508224557935e+03,0,1.0000000000000000e+00,1.2839807123882627e+00,1.1349434058966221e+01,1.2093131827566319e+00,-2.2971850484526879e-02,-2.7338485594162981e-01,-1.3882393816146508e-03
1.0169508224557935e+03,1,1.0000000000000000e+00,6.1639083687039395e+00,1.2391480471488153e+01,1.1834856445699076e+00,-1.5761010052520541e-01,3.4482532689194795e-01,1.0812243714706642e-02
1.0169508224557935e+03,2,1.0000000000000000e+00,-7.4478890810914757e+00,-2.3740914530452113e+01,-2.3927988273265206e+00,1.8058195100973334e-01,-7.1440470950315971e-02,-9.4240043330919340e-03

1.0218691233488695e+03,0,1.0000000000000000e+00,1.6085790319474009e+00,1.0191385037989697e+01,1.2010268314982389e+00,1.4489227966275017e-01,-1.7977444138850673e-01,-1.5785156893427911e-03
1.0218691233488695e+03,1,1.0000000000000000e+00,4.9463406930284624e+00,1.3884464716941142e+01,1.2364572639778060e+00,-3.2739078841666969e-01,2.4451590515534161e-01,1.0322492545883320e-02
1.0218691233488695e+03,2,1.0000000000000000e+00,-6.5549197249751279e+00,-2.4075849754928562e+01,-2.4374840954760253e+00,1.8249850875392065e-01,-6.4741463766832652e-02,-8.7439768565404693e-03

1.0267012108951078e+03,0,1.0000000000000000e+00,2.5421875916008414e+00,9.7162311881647874e+00,1.1974693261456588e+00,2.2343647287204008e-01,-8.6451741601961812e-03,4.1905454454689399e-04
1.0267012108951078e+03,1,1.0000000000000000e+00,3.1267804367263521e+00,1.4656389679208502e+01,1.2806218275506120e+00,-4.0759885414569685e-01,6.6731325069360511e-02,7.6427973082665969e-03
1.0267012108951078e+03,2,1.0000000000000000e+00,-5.6689680283264590e+00,-2.4372620867371001e+01,-2.4780911536962513e+00,1.8416238127365789e-01,-5.8086150909162138e-02,-8.0618518528134328e-03

1.0314513102685969e+03,0,1.0000000000000000e+00,3.5636423215649256e+00,1.0115518620923588e+01,1.2069310678281537e+00,1.8783378358313116e-01,1.7313792596301256e-01,3.6788884564434663e-03
1.0314513102685969e+03,1,1.0000000000000000e+00,1.2270622644792439e+00,1.4517478559015171e+01,1.3078564500791181e+00,-3.7342137151296217e-01,-1.2158684014259366e-01,3.7107950109600074e-03
1.0314513102685969e+03,2,1.0000000000000000e+00,-4.7907045860434270e+00,-2.4632997179936467e+01,-2.5147875179072523e+00,1.8558758792983218e-01,-5.1551085820416918e-02,-7.3896834674034139e-03

1.0358707332238243e+03,0,1.0000000000000000e+00,4.1491498338843904e+00,1.1177171986914292e+01,1.2301630310469926e+00,6.5435727331440235e-02,2.9581416454483689e-01,6.7446751924059726e-03
1.0358707332238243e+03,1,1.0000000000000000e+00,-1.8116119692796140e-01,1.3670309868576764e+01,1.3159119311191549e+00,-2.5212764739934301e-01,-2.5029213643425563e-01,2.5780694207851347e-05
1.0358707332238243e+03,2,1.0000000000000000e+00,-3.9679886369556812e+00,-2.4847481855488763e+01,-2.5460749621661285e+00,1.8669192006790392e-01,-4.5522028110579371e-02,-6.7704558866137623e-03

1.0403595784668269e+03,0,1.0000000000000000e+00,4.0641758963837074e+00,1.2628900530664634e+01,1.2656473412221589e+00,-1.0716118379692052e-01,3.3469737121540516e-01,8.8161593521111845e-03
1.0403595784668269e+03,1,1.0000000000000000e+00,-9.3627512145340930e-01,1.2409251004524872e+01,1.3094156494592166e+00,-8.0404693743192035e-02,-2.9526474437040823e-01,-2.6710746205610598e-03
1.0403595784668269e+03,2,1.0000000000000000e+00,-3.1279007749295449e+00,-2.5038151535187200e+01,-2.5750629906813547e+00,1.8756587754011356e-01,-3.9432626844995045e-02,-6.1450847315500656e-03

1.0464300206324012e+03,0,1.0000000000000000e+00,2.7201895555517108e+00,1.4436278362957335e+01,1.3207753078128239e+00,-3.2302505424097488e-01,2.3308285372361459e-01,8.7376490423815185e-03
1.0464300206324012e+03,1,1.0000000000000000e+00,-7.3352479157192008e-01,1.0816206078224791e+01,1.2890066046727309e+00,1.3466184179731555e-01,-2.0191144971243402e-01,-3.4468443044801903e-03
1.0464300206324012e+03,2,1.0000000000000000e+00,-1.9866647639790322e+00,-2.5252484441179814e+01,-2.6097819124855333e+00,1.8836321244366089e-01,-3.1171404011178794e-02,-5.2908047379012684e-03

1.0513540441350638e+03,0,1.0000000000000000e+00,8.7636609046596337e-01,1.5169134627735337e+01,1.3581887612674677e+00,-4.0766787341204652e-01,5.5723502207902370e-02,6.1253379536392871e-03
1.0513540441350638e+03,1,1.0000000000000000e+00,1.8177889979217254e-01,1.0220240544042639e+01,1.2759131708431291e+00,2.1892798236180150e-01,-3.1296808485585553e-02,-1.5392832831658872e-03
1.0513540441350638e+03,2,1.0000000000000000e+00,-1.0581449902573685e+00,-2.5389375171775654e+01,-2.6341019321105752e+00,1.8873989105024669e-01,-2.4426693722315235e-02,-4.5860546704733357e-03

1.0559211499059595e+03,0,1.0000000000000000e+00,-9.6368994031527144e-01,1.5004293135993320e+01,1.3779001209290791e+00,-3.8079981380340339e-01,-1.2531978271753719e-01,2.3827145844389770e-03
1.0559211499059595e+03,1,1.0000000000000000e+00,1.1593927381128641e+00,1.0482378409752824e+01,1.2756500942907274e+00,1.9189311398807235e-01,1.4350973343417384e-01,1.5487610782292057e-03
1.0559211499059595e+03,2,1.0000000000000000e+00,-1.9570279779681821e-01,-2.5486671545743810e+01,-2.6535502152197852e+00,1.8890669981533276e-01,-1.8189950716634928e-02,-3.9314756626681185e-03

1.0603041922103328e+03,0,1.0000000000000000e+00,-2.4097871248563800e+00,1.4139637061003963e+01,1.3799925578485075e+00,-2.6689331839271468e-01,-2.5866091808136538e-01,-1.3614227232604135e-03
1.0603041922103328e+03,1,1.0000000000000000e+00,1.7774688625227721e+00,1.1413777011684926e+01,1.2894274903077463e+00,7.8001597969697134e-02,2.7094100965155377e-01,4.6732318924567282e-03
1.0603041922103328e+03,2,1.0000000000000000e+00,6.3231826233438859e-01,-2.5553414072686550e+01,-2.6694200481562320e+00,1.8889172042301944e-01,-1.2280091570186724e-02,-3.3118091691962514e-03

1.0654446456575822e+03,0,1.0000000000000000e+00,-3.2916518781937207e+00,1.2617124874066658e+01,1.3639456185522292e+00,-7.0634937873071513e-02,-3.1236651075313748e-01,-4.5612665788468867e-03
1.0654446456575822e+03,1,1.0000000000000000e+00,1.6889247987423821e+00,1.2981837513168971e+01,1.3206579121562274e+00,-1.1798162313172944e-01,3.1782475032798896e-01,7.1585264389127917e-03
1.0654446456575822e+03,2,1.0000000000000000e+00,1.6027270794521296e+00,-2.5598962387233289e+01,-2.6846035307084346e+00,1.8861656100480284e-01,-5.4582395748498103e-03,-2.5972598600658460e-03

1.0702920919734647e+03,0,1.0000000000000000e+00,-3.1841938174276314e+00,1.1222916876296161e+01,1.3387850702599904e+00,1.0776512658931972e-01,-2.4452025140587647e-01,-5.4247606798831444e-03
1.0702920919734647e+03,1,1.0000000000000000e+00,6.6834570562649320e-01,1.4387047825825928e+01,1.3567840885868583e+00,-2.9584807453398199e-01,2.4360590398818566e-01,7.3513815832982757e-03
1.0702920919734647e+03,2,1.0000000000000000e+00,2.5158481118019389e+00,-2.5609964702119747e+01,-2.6955691588468271e+00,1.8808294794466410e-01,9.1434741769246940e-04,-1.9266209034150715e-03

1.0750736174643321e+03,0,1.0000000000000000e+00,-2.3808182807151383e+00,1.0399826993550782e+01,1.3154142276984495e+00,2.1211014567550737e-01,-8.9102159738424322e-02,-4.0005317509684392e-03
1.0750736174643321e+03,1,1.0000000000000000e+00,-1.0326132100885714e+00,1.5190761209236125e+01,1.3877762747338243e+00,-3.9942990576937509e-01,8.1912429235902542e-02,5.2608198522266962e-03
1.0750736174643321e+03,2,1.0000000000000000e+00,3.4134314908045167e+00,-2.5590588202784552e+01,-2.7031905024322511e+00,1.8731976009386947e-01,7.1897305025235645e-03,-1.2602881012581963e-03

1.0798784420937684e+03,0,1.0000000000000000e+00,-1.3279814460397450e+00,1.0423193683840925e+01,1.3031797686153967e+00,2.0650460484279443e-01,9.8172066359285451e-02,-9.0373836833447920e-04
1.0798784420937684e+03,1,1.0000000000000000e+00,-2.9832568822948313e+00,1.5117737037462559e+01,1.4044521286247433e+00,-3.9286682254485805e-01,-1.1164332983118096e-01,1.4927430259867882e-03
1.0798784420937684e+03,2,1.0000000000000000e+00,4.3112383283353912e+00,-2.5540930721301113e+01,-2.7076318972401174e+00,1.8636221770206546e-01,1.3471263471897215e-02,-5.8900465765225108e-04

1.0841673789534416e+03,0,1.0000000000000000e+00,-6.2413348501514410e-01,1.1156319764036191e+01,1.3061660459609752e+00,1.0900693455545978e-01,2.3466084222558581e-01,2.2684478981413883e-03
1.0841673789534416e+03,1,1.0000000000000000e+00,-4.4843125420456804e+00,1.4314933666302762e+01,1.4027193855162723e+00,-2.9437290816047862e-01,-2.5366509352946182e-01,-2.2710176418491955e-03
1.0841673789534416e+03,2,1.0000000000000000e+00,5.1084460270616452e+00,-2.5471253430336574e+01,-2.7088854314772246e+00,1.8536597360502058e-01,1.9004251303877701e-02,2.5697437078664584e-06

1.0894807471338320e+03,0,1.0000000000000000e+00,-5.4370598599746067e-01,1.2642484818581320e+01,1.3268153074101798e+00,-8.6619690839297603e-02,3.0257233203523309e-01,5.1974928141345919e-03
1.0894807471338320e+03,1,1.0000000000000000e+00,-5.5459418772949425e+00,1.2709906862796906e+01,1.3801474238809379e+00,-9.7305947273562399e-02,-3.2827979902526488e-01,-5.9154678154886694e-03
1.0894807471338320e+03,2,1.0000000000000000e+00,6.0896478632932336e+00,-2.5352391681375845e+01,-2.7069627312910942e+00,1.8392563811286200e-01,2.5707466990033529e-02,7.1797500135413223e-04

1.0943487251611659e+03,0,1.0000000000000000e+00,-1.4234737194732325e+00,1.4019230171644878e+01,1.3545391291678390e+00,-2.6908196984961685e-01,2.4430006165260842e-01,5.8044879882091912e-03
1.0943487251611659e+03,1,1.0000000000000000e+00,-5.5578289653592705e+00,1.1193350203577094e+01,1.3473604473561887e+00,8.6712565034275213e-02,-2.7601738620111449e-01,-7.1656085441176099e-03
1.0943487251611659e+03,2,1.0000000000000000e+00,6.9813026848333450e+00,-2.5212580375219591e+01,-2.7018995765240037e+00,1.8236940481534347e-01,3.1717324548507786e-02,1.3611205559084750e-03

1.0991688269803453e+03,0,1.0000000000000000e+00,-3.0378963180438618e+00,1.4860464990048611e+01,1.3792812385938060e+00,-3.8565501584244133e-01,9.2800526478924228e-02,4.0942380171944143e-03
1.0991688269803453e+03,1,1.0000000000000000e+00,-4.8182656052247737e+00,1.0185042891006077e+01,1.3145285335149057e+00,2.0505610262687968e-01,-1.3039858098631862e-01,-6.0899791716082351e-03
1.0991688269803453e+03,2,1.0000000000000000e+00,7.8561619232694841e+00,-2.5045507881052302e+01,-2.6938097721086876e+00,1.8059891321556337e-01,3.7598054507395950e-02,1.9957411544138746e-03

1.1039711512082229e+03,0,1.0000000000000000e+00,-4.9615741802914055e+00,1.4849471952458156e+01,1.3910321976292208e+00,-3.9624037460385930e-01,-9.8603193006390005e-02,5.7630449729014106e-04
1.1039711512082229e+03,1,1.0000000000000000e+00,-3.7572517875420046e+00,1.0001497669977814e+01,1.2916740026618105e+00,2.1759774950980881e-01,5.5191892376187573e-02,-3.2044137179365597e-03
1.1039711512082229e+03,2,1.0000000000000000e+00,8.7188259678342650e+00,-2.4850969622433574e+01,-2.6827062002910074e+00,1.7864262509405215e-01,4.3411300630204347e-02,2.6281092206464759e-03

1.1083085441951009e+03,0,1.0000000000000000e+00,-6.5237572660599703e+00,1.4076561686146389e+01,1.3853008262442301e+00,-3.1031611205452492e-01,-2.4998041505669330e-01,-3.2270817394772968e-03
1.1083085441951009e+03,1,1.0000000000000000e+00,-2.9658425077931314e+00,1.0574847001826406e+01,1.2847774947664099e+00,1.3356823847306720e-01,2.0138808939896832e-01,3.4113417251736312e-05
1.1083085441951009e+03,2,1.0000000000000000e+00,9.4895997738539641e+00,-2.4651408687970388e+01,-2.6700783210106156e+00,1.7674787358145941e-01,4.8592325657726781e-02,3.1929683222256182e-03

1.1136607821347370e+03,0,1.0000000000000000e+00,-7.6983031171123040e+00,1.2433934271901775e+01,1.3567579635876923e+00,-1.1835096172960657e-01,-3.4210944706214458e-01,-7.1657691035378881e-03
1.1136607821347370e+03,1,1.0000000000000000e+00,-2.7307030754365238e+00,1.1940622213564582e+01,1.2944047514519696e+00,-5.5903930152669923e-02,2.8728241580019659e-01,3.2943150538580360e-03
1.1136607821347370e+03,2,1.0000000000000000e+00,1.0429006192549696e+01,-2.4374556485463941e+01,-2.6511627150396371e+00,1.7425489188227794e-01,5.4827031261949793e-02,3.8714540496799029e-03

1.1185421094264971e+03,0,1.0000000000000000e+00,-7.8024371329044140e+00,1.0808127659307193e+01,1.3168952846153301e+00,7.1580332339811037e-02,-3.0446875097456000e-01,-8.7802712630000862e-03
1.1185421094264971e+03,1,1.0000000000000000e+00,-3.4712546224025500e+00,1.3285282835824248e+01,1.3138982189077451e+00,-2.4338193416048254e-01,2.4412892617498111e-01,4.3082918550998439e-03
1.1185421094264971e+03,2,1.0000000000000000e+00,1.1273691755307839e+01,-2.4093410495129017e+01,-2.6307935035230496e+00,1.7180160182067328e-01,6.0339824799580888e-02,4.4719794079002926e-03

1.1232937096739527e+03,0,1.0000000000000000e+00,-7.1211639829505131e+00,9.6514486292956079e+00,1.2760476486643251e+00,2.0131747813696349e-01,-1.6938226925875649e-01,-8.0365567148584054e-03
1.1232937096739527e+03,1,1.0000000000000000e+00,-4.9628038376869945e+00,1.4142754637448697e+01,1.3321274745505725e+00,-3.7053742624104707e-01,1.0379824985680253e-01,2.9890059338349168e-03
1.1232937096739527e+03,2,1.0000000000000000e+00,1.2083967820638392e+01,-2.3794203266741874e+01,-2.6081751232148722e+00,1.6921994810408533e-01,6.5584019401955865e-02,5.0475507810235389e-03

1.1281364479360409e+03,0,1.0000000000000000e+00,-6.0299243251823320e+00,9.2781528370782880e+00,1.2431454580971146e+00,2.2968891316264251e-01,1.8011740093885412e-02,-5.2902954371006564e-03
1.1281364479360409e+03,1,1.0000000000000000e+00,-6.8667769461943404e+00,1.4185667539495721e+01,1.3391721002607495e+00,-3.9609112310877537e-01,-8.8860569997020064e-02,-3.4050878549324141e-04
1.1281364479360409e+03,2,1.0000000000000000e+00,1.2896701271377562e+01,-2.3463820376571569e+01,-2.5823175583578384e+00,1.6640220994613461e-01,7.0848829903136776e-02,5.6308042225939516e-03

1.1325595575855034e+03,0,1.0000000000000000e+00,-5.1470876083031865e+00,9.7182638044301513e+00,1.2270430461799031e+00,1.5456246506383714e-01,1.7370912214263518e-01,-1.9547448153621133e-03
1.1325595575855034e+03,1,1.0000000000000000e+00,-8.4796946884956075e+00,1.3421678387801597e+01,1.3292000746585113e+00,-3.1826465940898641e-01,-2.4929427916151287e-01,-4.2030458084951249e-03
1.1325595575855034e+03,2,1.0000000000000000e+00,1.3626782296799691e+01,-2.3139942192229299e+01,-2.5562431208383880e+00,1.6370219434515096e-01,7.5585157018879717e-02,6.1577906238572911e-03

1.1368679847788512e+03,0,1.0000000000000000e+00,-4.7714145990253218e+00,1.0686853959444356e+01,1.2252172709297708e+00,1.1531561204677493e-02,2.6262252301710648e-01,9.6757100842485150e-04
1.1368679847788512e+03,1,1.0000000000000000e+00,-9.5548426917212410e+00,1.2117675467572298e+01,1.3034102368798446e+00,-1.7251676854051831e-01,-3.4271758710524231e-01,-7.6266652502974316e-03
1.1368679847788512e+03,2,1.0000000000000000e+00,1.4326257290747465e+01,-2.2804529427014195e+01,-2.5286275078095897e+00,1.6098520733584260e-01,8.0095064088137810e-02,6.6590942418726330e-03

1.1427082690120728e+03,0,1.0000000000000000e+00,-5.3701707169336537e+00,1.2241428580488158e+01,1.2377975100302208e+00,-2.1417973013981600e-01,2.4157696909086698e-01,2.8272846703359241e-03
1.1427082690120728e+03,1,1.0000000000000000e+00,-9.8852024162460026e+00,1.0077981372832477e+01,1.2500132051136852e+00,5.7021457529067565e-02,-3.2756704178432694e-01,-1.0141317832425691e-02
1.1427082690120728e+03,2,1.0000000000000000e+00,1.5255373133180576e+01,-2.2319409953318161e+01,-2.4878107151438797e+00,1.5715827261075005e-01,8.5990072693462011e-02,7.3140331620898174e-03

1.1477015917333661e+03,0,1.0000000000000000e+00,-6.8253847925271280e+00,1.3141494142989210e+01,1.2503129741603840e+00,-3.5443540315964184e-01,1.0403020533303649e-01,1.7713360373727291e-03
1.1477015917333661e+03,1,1.0000000000000000e+00,-9.2062044885668861e+00,8.7363669855736319e+00,1.1996168134339771e+00,2.0072171031177588e-01,-1.9487079034236476e-01,-9.6280785957722458e-03
1.1477015917333661e+03,2,1.0000000000000000e+00,1.6031589281094934e+01,-2.1877861128560355e+01,-2.4499297875943329e+00,1.5371369284786773e-01,9.0840585009330177e-02,7.8567425583995730e-03

1.1525804799496486e+03,0,1.0000000000000000e+00,-8.6856683771550891e+00,1.3193311836130359e+01,1.2519894725901342e+00,-3.8871379478978579e-01,-8.6542836471672283e-02,-1.3633119157977326e-03
1.1525804799496486e+03,1,1.0000000000000000e+00,-8.0873093980614001e+00,8.2300414001945619e+00,1.1583312698714168e+00,2.3853757428688410e-01,-8.9163218319134457e-03,-7.0158842404720589e-03
1.1525804799496486e+03,2,1.0000000000000000e+00,1.6772977775217417e+01,-2.1423353236322427e+01,-2.4103207424615225e+00,1.5017622050290347e-01,9.5459158303587768e-02,8.3791961562698514e-03

1.1571626879556454e+03,0,1.0000000000000000e+00,-1.0335180248389369e+01,1.2396195754626392e+01,1.2368948118921816e+00,-3.1505216142035086e-01,-2.5441769914215284e-01,-5.2837542016236291e-03
1.1571626879556454e+03,1,1.0000000000000000e+00,-7.1180701209619173e+00,8.5799714772317213e+00,1.1339184129620261e+00,1.6832616333362682e-01,1.5470800812006708e-01,-3.5794762395925470e-03
1.1571626879556454e+03,2,1.0000000000000000e+00,1.7453250369352222e+01,-2.0976167231855605e+01,-2.3708132248541798e+00,1.4672599808672568e-01,9.9709691022087793e-02,8.8632304412162351e-03

1.1616843161450449e+03,0,1.0000000000000000e+00,-1.1439873451515917e+01,1.0986338048987005e+01,1.2045273637708980e+00,-1.6402918399639954e-01,-3.5482332247431864e-01,-8.8901137983342735e-03
1.1616843161450449e+03,1,1.0000000000000000e+00,-6.6689625750100880e+00,9.5296866189731588e+00,1.1251510163594880e+00,2.0788261598175484e-02,2.5102423047321937e-01,-4.3884054799907778e-04
1.1616843161450449e+03,2,1.0000000000000000e+00,1.8108836026526955e+01,-2.0516024667957652e+01,-2.3296783801303578e+00,1.4324092239822631e-01,1.0379909200110132e-01,9.3289543463334085e-03

1.1667129165585498e+03,0,1.0000000000000000e+00,-1.1759468327939633e+01,9.1551519174803389e+00,1.1528664028119024e+00,3.6473152291984917e-02,-3.5221242411991277e-01,-1.1283432719460506e-02
1.1667129165585498e+03,1,1.0000000000000000e+00,-7.0597710484044889e+00,1.0827818031433120e+01,1.1286389065749556e+00,-1.7576313953293574e-01,2.4403522949914808e-01,1.4564004587313498e-03
1.1667129165585498e+03,2,1.0000000000000000e+00,1.8819239376345077e+01,-1.9982969948910934e+01,-2.2815053093868287e+00,1.3928998724095323e-01,1.0817719462076664e-01,9.8270322607292137e-03

1.1716623934155173e+03,0,1.0000000000000000e+00,-1.1159003750483741e+01,7.6620612717936680e+00,1.0961749947291510e+00,1.9364214500405097e-01,-2.3477436555293640e-01,-1.1201619974189135e-02
1.1716623934155173e+03,1,1.0000000000000000e+00,-8.3398189873393136e+00,1.1775223800827757e+01,1.1355193104293972e+00,-3.2893950353620616e-01,1.2247979718113622e-01,9.0353788618715083e-04
1.1716623934155173e+03,2,1.0000000000000000e+00,1.9498822737824025e+01,-1.9437285072618891e+01,-2.2316943051585194e+00,1.3529735853215730e-01,1.1229456837180207e-01,1.0298082088002043e-02

1.1764497876686426e+03,0,1.0000000000000000e+00,-1.0049723943885965e+01,6.9541150560853566e+00,1.0472682471550354e+00,2.5130616357817903e-01,-5.5293534236139127e-02,-8.9237145142298299e-03
1.1764497876686426e+03,1,1.0000000000000000e+00,-1.0087314645273089e+01,1.1936351615879465e+01,1.1340595680665757e+00,-3.8260926078947999e-01,-6.0831605336096092e-02,-1.8180042562142848e-03
1.1764497876686426e+03,2,1.0000000000000000e+00,2.0137038589160031e+01,-1.8890466671962287e+01,-2.1813278152215823e+00,1.3130309721130315e-01,1.1612513957223712e-01,1.0741718770444169e-02

1.1811774006655642e+03,0,1.0000000000000000e+00,-8.9482048049341678e+00,7.1240567777393977e+00,1.0131082098383102e+00,1.9666262230873627e-01,1.2143218948281830e-01,-5.4224084998537349e-03
1.1811774006655642e+03,1,1.0000000000000000e+00,-1.1800006095796835e+01,1.1208694223361821e+01,1.1164175021178535e+00,-3.2389562474941297e-01,-2.4123013206917776e-01,-5.7491200031533638e-03
1.1811774006655642e+03,2,1.0000000000000000e+00,2.0748210900731998e+01,-1.8332751001098664e+01,-2.1295257119561342e+00,1.2723300244067887e-01,1.1979794258636138e-01,1.1171528503007157e-02

1.1859557835630601e+03,0,1.0000000000000000e+00,-8.3328214211669156e+00,8.0123900391562124e+00,9.9579894768904342e-01,4.9181301353706686e-02,2.3505746914716588e-01,-1.9513584480312460e-03
1.1859557835630601e+03,1,1.0000000000000000e+00,-1.3013348249089772e+01,9.7392613705180775e+00,1.0793286519185943e+00,-1.7221466725381773e-01,-3.5845937770959635e-01,-9.6430939620070592e-03
1.1859557835630601e+03,2,1.0000000000000000e+00,2.1346169670257684e+01,-1.7751651409671727e+01,-2.0751275996076082e+00,1.2303336590011292e-01,1.2340190856243242e-01,1.1594452410038361e-02

1.1906081730038611e+03,0,1.0000000000000000e+00,-8.5233970976569040e+00,9.1687643110309303e+00,9.9222952041198953e-01,-1.3205806564662043e-01,2.4394094771249825e-01,1.1905838151176663e-04
1.1906081730038611e+03,1,1.0000000000000000e+00,-1.3385568394081119e+01,8.0008707831280841e+00,1.0280297895173369e+00,1.3159362328886481e-02,-3.7071409788321602e-01,-1.2108707875003543e-02
1.1906081730038611e+03,2,1.0000000000000000e+00,2.1908965491739036e+01,-1.7169635094156448e+01,-2.0202593099292954e+00,1.1889870331773573e-01,1.2677315017071969e-01,1.1989649493491834e-02

1.1954439339897972e+03,0,1.0000000000000000e+00,-9.5751047912365550e+00,1.0147534478985097e+01,9.9372635221760075e-01,-2.9285264263541977e-01,1.4428423439573235e-01,1.0361577577498379e-04
1.1954439339897972e+03,1,1.0000000000000000e+00,-1.2898340093108988e+01,6.4009355944445279e+00,9.6759933255672592e-01,1.7830205419326772e-01,-2.7438489013419531e-01,-1.2485012112759554e-02
1.1954439339897972e+03,2,1.0000000000000000e+00,2.2473444884346563e+01,-1.6548470073427040e+01,-1.9613256847742966e+00,1.1455058844215385e-01,1.3010065573846485e-01,1.2381396336984627e-02

1.2003273280934620e+03,0,1.0000000000000000e+00,-1.1234205252840425e+01,1.0439963948934382e+01,9.8945976320622298e-01,-3.6859801213739718e-01,-3.2535598579548214e-02,-2.1923255973457893e-03
1.2003273280934620e+03,1,1.0000000000000000e+00,-1.1787741358395241e+01,5.4653365854299958e+00,9.1047003284057748e-01,2.5852707444297096e-01,-1.0074735407724475e-01,-1.0568851959123774e-02
1.2003273280934620e+03,2,1.0000000000000000e+00,2.3021946611236690e+01,-1.5905300534361789e+01,-1.8999297960467696e+00,1.1007093769442822e-01,1.3328295265679482e-01,1.2761177556469615e-02

1.2051499895503680e+03,0,1.0000000000000000e+00,-1.2964793259033710e+01,9.8216392561573631e+00,9.7014823631942582e-01,-3.3004679211604898e-01,-2.2024154050252112e-01,-5.9708177578952420e-03
1.2051499895503680e+03,1,1.0000000000000000e+00,-1.0577096374102982e+01,5.4335949444066687e+00,8.6735714122435081e-01,2.2451083792183518e-01,8.3956515079118971e-02,-7.1542867928030768e-03
1.2051499895503680e+03,2,1.0000000000000000e+00,2.3541889633137725e+01,-1.5255234200561432e+01,-1.8375053775437455e+00,1.0553595419421594e-01,1.3628502542340404e-01,1.3125104550698374e-02

1.2099225602330964e+03,0,1.0000000000000000e+00,-1.4244053305919985e+01,8.4216055864563018e+00,9.3200532358034494e-01,-1.9263127990784268e-01,-3.5276225485125379e-01,-9.9327233112870179e-03
1.2099225602330964e+03,1,1.0000000000000000e+00,-9.7906214313567652e+00,6.1763342110802313e+00,8.4202129113903024e-01,9.1670683868056768e-02,2.1361914399732285e-01,-3.5415615994489188e-03
1.2099225602330964e+03,2,1.0000000000000000e+00,2.4034674737277793e+01,-1.4597939797533925e+01,-1.7740266147193435e+00,1.0096059603978802e-01,1.3914311085393269e-01,1.3474284910735986e-02

1.2145171047192518e+03,0,1.0000000000000000e+00,-1.4719673269831143e+01,6.6850509987500359e+00,8.7942719945305681e-01,-1.1248252802373460e-02,-3.8558752034513433e-01,-1.2690796869237617e-02
1.2145171047192518e+03,1,1.0000000000000000e+00,-9.7686694813876436e+00,7.2674886699765029e+00,8.3194548777158639e-01,-8.5269066692585826e-02,2.4381047237420117e-01,-1.1054254571418662e-03
1.2145171047192518e+03,2,1.0000000000000000e+00,2.4488342751219836e+01,-1.3952539668723924e+01,-1.7113726872246113e+00,9.6517319494961368e-02,1.4177704797093474e-01,1.3796222326379535e-02

1.2195010356602484e+03,0,1.0000000000000000e+00,-1.4302227135895018e+01,4.9195893872941987e+00,8.1309475327687597e-01,1.6997999818774950e-01,-3.0385821352735920e-01,-1.3502533822752349e-02
1.2195010356602484e+03,1,1.0000000000000000e+00,-1.0655103527581751e+01,8.3195599053923903e+00,8.2868757500969981e-01,-2.6165873749786756e-01,1.5939065383559170e-01,-6.2378040004947705e-04
1.2195010356602484e+03,2,1.0000000000000000e+00,2.4957330663477833e+01,-1.3239149292683964e+01,-1.6417823282865438e+00,9.1678739310120438e-02,1.4446755969176900e-01,1.4126314222801884e-02

1.2242213480192233e+03,0,1.0000000000000000e+00,-1.3236257228680259e+01,3.8436158703788372e+00,7.5216592440333896e-01,2.6539769712018552e-01,-1.4268272582521424e-01,-1.1966240403362647e-02
1.2242213480192233e+03,1,1.0000000000000000e+00,-1.2142938887130086e+01,8.7079384661922674e+00,8.2223247968938040e-01,-3.5245383163468885e-01,-4.1560739289724369e-03,-2.4555947713528255e-03
1.2242213480192233e+03,2,1.0000000000000000e+00,2.5379196115811411e+01,-1.2551554336568479e+01,-1.5743984040926868e+00,8.7056134514505834e-02,1.4683879975418801e-01,1.4421835174715529e-02

1.2288586178457624e+03,0,1.0000000000000000e+00,-1.1989123054271154e+01,3.6077594271412430e+00,7.0349266224684204e-01,2.5438804242872604e-01,3.9633174913887598e-02,-8.8393204019862216e-03
1.2288586178457624e+03,1,1.0000000000000000e+00,-1.3783109874566177e+01,8.2577604548977668e+00,8.0337975806913964e-01,-3.3683029649049101e-01,-1.8865065597472400e-01,-5.8601609533019449e-03
1.2288586178457624e+03,2,1.0000000000000000e+00,2.5772232928838406e+01,-1.1865519882036379e+01,-1.5068724203159487e+00,8.2442254061767445e-02,1.4901748106083784e-01,1.4699481355288228e-02

1.2336310743299891e+03,0,1.0000000000000000e+00,-1.1013480456949562e+01,4.1760128183367460e+00,6.7026995466955563e-01,1.3943975456135282e-01,1.8650962100806459e-01,-5.1121259050768038e-03
1.2336310743299891e+03,1,1.0000000000000000e+00,-1.5140709363411515e+01,6.9732296597703201e+00,7.6579036204324302e-01,-2.1705315777208001e-01,-3.3764437243028333e-01,-9.8617410585802919e-03
1.2336310743299891e+03,2,1.0000000000000000e+00,2.6154189820362166e+01,-1.1149242478104428e+01,-1.4360603167127652e+00,7.7613403210729681e-02,1.5113475142222013e-01,1.4973866963657153e-02

1.2384700507612783e+03,0,1.0000000000000000e+00,-1.0762374657166561e+01,5.2531759312568145e+00,6.5318108820023624e-01,-4.1178035215101993e-02,2.3977219195720267e-01,-2.2058804806496003e-03
1.2384700507612783e+03,1,1.0000000000000000e+00,-1.5755435846544762e+01,5.1597701904853910e+00,7.0977484643789590e-01,-3.1493458468145052e-02,-3.9293563934758069e-01,-1.3032456039121676e-02
1.2384700507612783e+03,2,1.0000000000000000e+00,2.6517810503712425e+01,-1.0412946121739564e+01,-1.3629559346380982e+00,7.2671493683249572e-02,1.5316344739037946e-01,1.5238336519771335e-02

1.2432551372412856e+03,0,1.0000000000000000e+00,-1.1395851009025847e+01,6.2987489893531894e+00,6.4577153775871632e-01,-2.1746139541313400e-01,1.7914182568453790e-01,-1.2664038492634505e-03
1.2432551372412856e+03,1,1.0000000000000000e+00,-1.5457996333752090e+01,3.3767676719564719e+00,6.4367507812554492e-01,1.4967997797534507e-01,-3.3417245120532030e-01,-1.4216650339848525e-02
1.2432551372412856e+03,2,1.0000000000000000e+00,2.6853847342779048e+01,-9.6755166613070127e+00,-1.2894466158842273e+00,6.7781417437791341e-02,1.5503062552078373e-01,1.5483054189112031e-02

1.2479809732960341e+03,0,1.0000000000000000e+00,-1.2718120971001738e+01,6.8198007282562703e+00,6.3753453789115855e-01,-3.2735897747378184e-01,3.0221120516381844e-02,-2.5775285902373442e-03
1.2479809732960341e+03,1,1.0000000000000000e+00,-1.4444641542334887e+01,2.1190290721763763e+00,5.7820454812505429e-01,2.6440822023239019e-01,-1.8693203673176392e-01,-1.3130149778864321e-02
1.2479809732960341e+03,2,1.0000000000000000e+00,2.7162762513337753e+01,-8.9388298004299891e+00,-1.2157390860161787e+00,6.2950757241393984e-02,1.5671091621538341e-01,1.5707678369101731e-02

1.2525904916680856e+03,0,1.0000000000000000e+00,-1.4288162951802725e+01,6.5426515834691354e+00,6.1918628599308012e-01,-3.3626580331245809e-01,-1.5159004957501312e-01,-5.6052494235329896e-03
1.2525904916680856e+03,1,1.0000000000000000e+00,-1.3153855983787356e+01,1.6703505857272214e+00,5.2367109558407487e-01,2.7805989662600167e-01,-6.5995407562728647e-03,-1.0307192766402748e-02
1.2525904916680856e+03,2,1.0000000000000000e+00,2.7442018935591211e+01,-8.2130021691936932e+00,-1.1428573815771208e+00,5.8205906686458808e-02,1.5818959033128752e-01,1.5912442189935802e-02

1.2573663372766071e+03,0,1.0000000000000000e+00,-1.5700635885658103e+01,5.4064622338516202e+00,5.8307275382154788e-01,-2.3874126611899810e-01,-3.1465607516050520e-01,-9.5474508880663451e-03
1.2573663372766071e+03,1,1.0000000000000000e+00,-1.2007504525656874e+01,2.0476834668038704e+00,4.8330809653413587e-01,1.8551326738485957e-01,1.5507806668925977e-01,-6.5644140553597317e-03
1.2573663372766071e+03,2,1.0000000000000000e+00,2.7708140411316119e+01,-7.4541457006528224e+00,-1.0663808503556493e+00,5.3227998734140941e-02,1.5957800847124695e-01,1.6111864943426143e-02

1.2621937484909711e+03,0,1.0000000000000000e+00,-1.6449113692691355e+01,3.6503418016070808e+00,5.2815758261938472e-01,-6.3037646578347484e-02,-3.9508812309400343e-01,-1.2999365414827775e-02
1.2621937484909711e+03,1,1.0000000000000000e+00,-1.1503725696606232e+01,3.0303156520984853e+00,4.5998428575584904e-01,1.4891595281107117e-02,2.3422875493573114e-01,-3.3008860685825384e-03
1.2621937484909711e+03,2,1.0000000000000000e+00,2.7952839389298745e+01,-6.6806574537028869e+00,-9.8814186837519891e-01,4.8146051297242781e-02,1.6085936815827356e-01,1.6300251483410379e-02

1.2669330305460401e+03,0,1.0000000000000000e+00,-1.6296230738621745e+01,1.8108063337184555e+00,4.6173839234482683e-01,1.2424709984945939e-01,-3.6246687545625600e-01,-1.4674970163264583e-02
1.2669330305460401e+03,1,1.0000000000000000e+00,-1.1872946275851463e+01,4.1047443011654456e+00,4.4874271283084760e-01,-1.6739936580663348e-01,2.0046885971435402e-01,-1.7953702093010029e-03
1.2669330305460401e+03,2,1.0000000000000000e+00,2.8169177014474386e+01,-5.9155506348812148e+00,-9.1048110517563918e-01,4.3152265957176639e-02,1.6199801574190334e-01,1.6470340372565652e-02

1.2715488036340334e+03,0,1.0000000000000000e+00,-1.5385500660010317e+01,4.0203397275561681e-01,3.9443442656852845e-01,2.5779868092557456e-01,-2.3504265591317886e-01,-1.4123346838265225e-02
1.2715488036340334e+03,1,1.0000000000000000e+00,-1.2971675223508905e+01,4.7634711778803869e+00,4.3967089008593935e-01,-2.9610925492604823e-01,7.2073143656778638e-02,-2.4971390704268213e-03
1.2715488036340334e+03,2,1.0000000000000000e+00,2.8357175883520405e+01,-5.1655051506333098e+00,-8.3410531665443233e-01,3.8310574000476327e-02,1.6296951225640149e-01,1.6620485908692119e-02

1.2766831406871299e+03,0,1.0000000000000000e+00,-1.3905940787249602e+01,-3.0326111415914525e-01,3.2844659760917783e-01,2.9672166898107527e-01,-3.5752908060281946e-02,-1.1259921105915449e-02
1.2766831406871299e+03,1,1.0000000000000000e+00,-1.4634131189794651e+01,4.6296366851753712e+00,4.1993189251923824e-01,-3.2965265950457717e-01,-1.2811483175285907e-01,-5.5102311004573343e-03
1.2766831406871299e+03,2,1.0000000000000000e+00,2.8540071977045454e+01,-4.3263755710135241e+00,-7.4837849012838042e-01,3.2930990523504622e-02,1.6386773981314209e-01,1.6770152206372853e-02

1.2814883943672728e+03,0,1.0000000000000000e+00,-1.2631007960070828e+01,-4.4166624068262994e-02,2.8327556999027470e-01,2.1644005421582413e-01,1.3508962672584610e-01,-7.4792122195430216e-03
1.2814883943672728e+03,1,1.0000000000000000e+00,-1.6055146231495748e+01,3.5814371617980574e+00,3.8421185464077684e-01,-2.4430221759000109e-01,-2.9963151714628677e-01,-9.4161050184010074e-03
1.2814883943672728e+03,2,1.0000000000000000e+00,2.8686154191567791e+01,-3.5372705377270877e+00,-6.6748742463101562e-01,2.7862163374179728e-02,1.6454189042044196e-01,1.6895317237944098e-02

1.2863541726656165e+03,0,1.0000000000000000e+00,-1.1957072203065959e+01,8.8146508456155770e-01,2.5575805197289836e-01,5.0970617153882430e-02,2.2790883313048083e-01,-4.0120733881524526e-03
1.2863541726656165e+03,1,1.0000000000000000e+00,-1.6852072208361129e+01,1.8537999511709127e+00,3.2924031645763929e-01,-7.3656142142279585e-02,-3.9299800839408572e-01,-1.2996048939540272e-02
1.2863541726656165e+03,2,1.0000000000000000e+00,2.8809144411428324e+01,-2.7352650357297570e+00,-5.8499836843050146e-01,2.2685524988399739e-02,1.6508917526360617e-01,1.7008122327692790e-02

1.2911862497058887e+03,0,1.0000000000000000e+00,-1.2167172861448240e+01,1.9785008249948004e+00,2.4158182531016081e-01,-1.3569736117643816e-01,2.0670253609211420e-01,-2.2072068145152120e-03
1.2911862497058887e+03,1,1.0000000000000000e+00,-1.6739142832502203e+01,-4.2036040262104724e-02,2.6099042869804273e-01,1.1816075225290440e-01,-3.7221760086480637e-01,-1.4898384500301754e-02
1.2911862497058887e+03,2,1.0000000000000000e+00,2.8906315693951679e+01,-1.9364647847299765e+00,-5.0257225400816696e-01,1.7536608923536395e-02,1.6551506477269348e-01,1.7105591314817033e-02

1.2958412971167270e+03,0,1.0000000000000000e+00,-1.3143816347917912e+01,2.6936967090328872e+00,2.3115770989579648e-01,-2.7209035455228664e-01,8.6940514153599435e-02,-2.6372420394832029e-03
1.2958412971167270e+03,1,1.0000000000000000e+00,-1.5832646393229531e+01,-1.5284331098735602e+00,1.9159701355350081e-01,2.5948200855343978e-01,-2.5274300908612385e-01,-1.4547632797248321e-02
1.2958412971167270e+03,2,1.0000000000000000e+00,2.8976462741148701e+01,-1.1652635991565998e+00,-4.2275472344926074e-01,1.2608345998849533e-02,1.6580249493252566e-01,1.7184874836731593e-02

1.3005523340464520e+03,0,1.0000000000000000e+00,-1.4577914124096242e+01,2.6940154492391706e+00,2.1362524249288051e-01,-3.1900630099696958e-01,-9.1698675805073709e-02,-5.0939305734234129e-03
1.3005523340464520e+03,1,1.0000000000000000e+00,-1.4446272346612449e+01,-2.3102529989255478e+00,1.2801092552305823e-01,3.1135043935487827e-01,-7.4247044281024327e-02,-1.2156410603902611e-02
1.3005523340464520e+03,2,1.0000000000000000e+00,2.9024186470709953e+01,-3.8376245031089073e-01,-3.4163616801590158e-01,7.6558616420940862e-03,1.6594572008609929e-01,1.7250341177326097e-02

1.3054837565398227e+03,0,1.0000000000000000e+00,-1.6033841899955426e+01,1.7742764160894184e+00,1.7928752286630725e-01,-2.5236716672415438e-01,-2.7469641597414096e-01,-8.9428685027942677e-03
1.3054837565398227e+03,1,1.0000000000000000e+00,-1.3015330680081751e+01,-2.2088835887927423e+00,7.7142649532593727e-02,2.4989262091704589e-01,1.0877027710021786e-01,-8.3605636244183622e-03
1.3054837565398227e+03,2,1.0000000000000000e+00,2.9049172580038451e+01,4.3460717270606253e-01,-2.5643017239886357e-01,2.4745458071113169e-03,1.6592613887392441e-01,1.7303432127212692e-02

1.3103551295102270e+03,0,1.0000000000000000e+00,-1.6902796798009213e+01,1.2694449765099014e-01,1.2634193122624987e-01,-9.2815681623787116e-02,-3.8541723857518217e-01,-1.2656303114165404e-02
1.3103551295102270e+03,1,1.0000000000000000e+00,-1.2145909726522522e+01,-1.3694772036338461e+00,4.5699615247096398e-02,9.5486432319325298e-02,2.1966260595680409e-01,-4.6845535494851182e-03
1.3103551295102270e+03,2,1.0000000000000000e+00,2.9048706524533021e+01,1.2425327059856031e+00,-1.7204154647330847e-01,-2.6707506955349625e-03,1.6575463261837939e-01,1.7340856663650588e-02

1.3152402115765747e+03,0,1.0000000000000000e+00,-1.6877792718440471e+01,-1.8020169357150804e+00,5.8188958598908741e-02,1.0301674041848979e-01,-3.8411013248944842e-01,-1.4905213513585102e-02
1.3152402115765747e+03,1,1.0000000000000000e+00,-1.2145229636531198e+01,-2.4956494728558209e-01,2.9079508316921680e-02,-9.5173694208024240e-02,2.1865131694617373e-01,-2.4583922990023717e-03
1.3152402115765747e+03,2,1.0000000000000000e+00,2.9023022354972966e+01,2.0515818830034158e+00,-8.7268466915792431e-02,-7.8430462104621401e-03,1.6545881554327602e-01,1.7363605812587533e-02

1.3198452474383564e+03,0,1.0000000000000000e+00,-1.6029366518632330e+01,-3.3628293498358417e+00,-1.1276408138936239e-02,2.5514998654655907e-01,-2.7900636747109336e-01,-1.4894695681391582e-02
1.3198452474383564e+03,1,1.0000000000000000e+00,-1.2946363016320879e+01,5.5015136881225501e-01,1.8561505027151023e-02,-2.4246144464429098e-01,1.1393422963945693e-01,-2.4768678266238915e-03
1.3198452474383564e+03,2,1.0000000000000000e+00,2.8975729534954525e+01,2.8126779810263440e+00,-7.2850968881765787e-03,-1.2688541902265094e-02,1.6507213783163793e-01,1.7371563508015532e-02

1.3244544468089464e+03,0,1.0000000000000000e+00,-1.4655450941907009e+01,-4.2706957271154620e+00,-7.5824496664525703e-02,3.2428373652796294e-01,-1.0839621667951463e-01,-1.2807280387120335e-02
1.3244544468089464e+03,1,1.0000000000000000e+00,-1.4250719063761331e+01,6.9829182814225632e-01,3.0474795629761714e-03,-3.0679786100542306e-01,-5.6165287196837749e-02,-4.5590822004058975e-03
1.3244544468089464e+03,2,1.0000000000000000e+00,2.8906170005669672e+01,3.5724038989759710e+00,7.2777017101588057e-02,-1.7485875522536831e-02,1.6456150387635388e-01,1.7366362587526302e-02

1.3293016643703754e+03,0,1.0000000000000000e+00,-1.3135131378414474e+01,-4.3312678916991336e+00,-1.2940301317703545e-01,2.8376721042127900e-01,7.8932713993958903e-02,-9.1485395230031796e-03
1.3293016643703754e+03,1,1.0000000000000000e+00,-1.5674138763170417e+01,-3.7188662666834738e-02,-2.7510134291096430e-02,-2.6127476580891923e-01,-2.4280119911930031e-01,-8.1977952004383438e-03
1.3293016643703754e+03,2,1.0000000000000000e+00,2.8809270141586236e+01,4.3684565543687404e+00,1.5691314746817070e-01,-2.2492444612356832e-02,1.6386848512534280e-01,1.7346334723441589e-02

1.3341081982003232e+03,0,1.0000000000000000e+00,-1.2073369996496741e+01,-3.6106453800078118e+00,-1.6400603393737634e-01,1.4508782315820498e-01,2.0646085654866955e-01,-5.3403172120052196e-03
1.3341081982003232e+03,1,1.0000000000000000e+00,-1.6615867209251707e+01,-1.5434790799784985e+00,-7.6204746827030323e-02,-1.1763250395390032e-01,-3.6948440362182311e-01,-1.1970978695944663e-02
1.3341081982003232e+03,2,1.0000000000000000e+00,2.8689237205749809e+01,5.1541244599890881e+00,2.4021078076444580e-01,-2.7455319204301661e-02,1.6302354707315503e-01,1.7311295907949945e-02

1.3389701448148048e+03,0,1.0000000000000000e+00,-1.1818904441606673e+01,-2.5021669303419287e+00,-1.8282006007137153e-01,-4.2711553653429296e-02,2.2981202746679036e-01,-2.7026696435000705e-03
1.3389701448148048e+03,1,1.0000000000000000e+00,-1.6724620289930286e+01,-3.4422130580146897e+00,-1.4144015768815210e-01,7.5196002641356036e-02,-3.9184629122947373e-01,-1.4557940180686735e-02
1.3389701448148048e+03,2,1.0000000000000000e+00,2.8543524731538330e+01,5.9443799883594082e+00,3.2426021775956315e-01,-3.2484448987923714e-02,1.6203426376268473e-01,1.7260609824186878e-02

1.3436200683921777e+03,0,1.0000000000000000e+00,-1.2408674367734804e+01,-1.5933992111000128e+00,-1.9338607473770619e-01,-2.0248836537057535e-01,1.4507481951107634e-01,-2.2096612158647999e-03
1.3436200683921777e+03,1,1.0000000000000000e+00,-1.5972652479677656e+01,-5.1020222974668208e+00,-2.1099561109477474e-01,2.3976023774514055e-01,-3.0605790700379287e-01,-1.4989045304330224e-02
1.3436200683921777e+03,2,1.0000000000000000e+00,2.8381326847413838e+01,6.6954215085696296e+00,4.0438168583252065e-01,-3.7271872374562358e-02,1.6098308749271803e-01,1.7198706520195093e-02

1.3481974632652641e+03,0,1.0000000000000000e+00,-1.3564150047775605e+01,-1.2701463221050657e+00,-2.0644726117457368e-01,-2.8709196200502274e-01,-1.2217556417372460e-02,-3.8170333216426752e-03
1.3481974632652641e+03,1,1.0000000000000000e+00,-1.4635889649314393e+01,-6.1595947449671486e+00,-2.7649721968657948e-01,3.2901855601834429e-01,-1.4762653769976455e-01,-1.3308710712108847e-02
1.3481974632652641e+03,2,1.0000000000000000e+00,2.8200039697091405e+01,7.4297410670750184e+00,4.8294448086119324e-01,-4.1926594013318802e-02,1.5984409411713874e-01,1.7125744033751587e-02

1.3532846207656380e+03,0,1.0000000000000000e+00,-1.5019073817029678e+01,-1.8412249522814044e+00,-2.3435455314480447e-01,-2.6358436879572472e-01,-2.1007668111078867e-01,-7.3665908621020730e-03
1.3532846207656380e+03,1,1.0000000000000000e+00,-1.2954678882671285e+01,-6.3981431704297211e+00,-3.3547518396505738e-01,3.1061118683393479e-01,5.1646887687657933e-02,-9.6636952324167750e-03
1.3532846207656380e+03,2,1.0000000000000000e+00,2.7973752699702384e+01,8.2393681227139357e+00,5.6982973710990226e-01,-4.7026818038207296e-02,1.5842979342313254e-01,1.7030286094518912e-02

1.3582421830449812e+03,0,1.0000000000000000e+00,-1.6032015538021593e+01,-3.2727741942595170e+00,-2.8073866641691064e-01,-1.2982927209069789e-01,-3.5372400688301353e-01,-1.1292222105421903e-02
1.3582421830449812e+03,1,1.0000000000000000e+00,-1.1696368168921129e+01,-5.7482529974099563e+00,-3.7325619622085310e-01,1.8178739376624131e-01,1.9684144790660041e-01,-5.6289564863089992e-03
1.3582421830449812e+03,2,1.0000000000000000e+00,2.7728383706944161e+01,9.0210271916722924e+00,6.5399486263780449e-01,-5.1958121675540564e-02,1.5688255897641534e-01,1.6921178591730958e-02

1.3632246841388733e+03,0,1.0000000000000000e+00,-1.6203419801050380e+01,-5.1830590928589331e+00,-3.4489316343157661e-01,6.5361450181072395e-02,-3.9259642108257042e-01,-1.4163574657043095e-02
1.3632246841388733e+03,1,1.0000000000000000e+00,-1.1253752619510625e+01,-4.6154340457978051e+00,-3.9310322813367232e-01,-8.4550218748690453e-03,2.3742356866608538e-01,-2.6310934772590614e-03
1.3632246841388733e+03,2,1.0000000000000000e+00,2.7457172420562447e+01,9.7984931386595644e+00,7.3799639156528984e-01,-5.6906428306200380e-02,1.5517285241648723e-01,1.6794668134302214e-02

1.3678650927616850e+03,0,1.0000000000000000e+00,-1.5486154330440403e+01,-6.8715817095239187e+00,-4.1304619914320279e-01,2.3652965716511182e-01,-3.1834406661913739e-01,-1.4839670596194659e-02
1.3678650927616850e+03,1,1.0000000000000000e+00,-1.1696287902568974e+01,-3.6430618763799218e+00,-4.0258319858510938e-01,-1.7503469914762654e-01,1.6487448349158795e-01,-1.8231361748219984e-03
1.3678650927616850e+03,2,1.0000000000000000e+00,2.7182442233010839e+01,1.0514643585906679e+01,8.1562939772835352e-01,-6.1494958017482143e-02,1.5346958312755160e-01,1.6662806771016718e-02

1.3724218813342891e+03,0,1.0000000000000000e+00,-1.4145589128597829e+01,-7.9956061887361223e+00,-4.7803968776456629e-01,3.3703659493165156e-01,-1.6542860369188947e-01,-1.3348984605426625e-02
1.3724218813342891e+03,1,1.0000000000000000e+00,-1.2746468913123579e+01,-3.2143806590189428e+00,-4.1320181988104798e-01,-2.7109251558369568e-01,1.3723973371007864e-02,-3.1730218143767273e-03
1.3724218813342891e+03,2,1.0000000000000000e+00,2.6892058041722883e+01,1.1209986847757914e+01,8.9124150764565602e-01,-6.5944079347952878e-02,1.5170463032088374e-01,1.6522006419803406e-02

1.3774966595862338e+03,0,1.0000000000000000e+00,-1.2393626743709538e+01,-8.3213182391560867e+00,-5.3731710223680562e-01,3.3174624030365985e-01,3.6174594145265804e-02,-9.7708925029419431e-03
1.3774966595862338e+03,1,1.0000000000000000e+00,-1.4151399356299510e+01,-3.6532907389633698e+00,-4.3734569917313643e-01,-2.6093871474219177e-01,-1.8578704606695201e-01,-6.5815736958601458e-03
1.3774966595862338e+03,2,1.0000000000000000e+00,2.6545026100010542e+01,1.1974608978122316e+01,9.7466280140998407e-01,-7.0807525561464996e-02,1.4961245192168865e-01,1.6352466198802144e-02

1.3824794041788564e+03,0,1.0000000000000000e+00,-1.1000908114566883e+01,-7.7231901569716968e+00,-5.7559348370271102e-01,2.1106847339801157e-01,1.9084538664010403e-01,-5.6216069939864048e-03
1.3824794041788564e+03,1,1.0000000000000000e+00,-1.5179567204207199e+01,-4.9914538342114119e+00,-4.8010383808306722e-01,-1.3555934739844713e-01,-3.3824414691272070e-01,-1.0549237156416355e-02
1.3824794041788564e+03,2,1.0000000000000000e+00,2.6180475318775592e+01,1.2714643991185984e+01,1.0556973217858210e+00,-7.5509125999561250e-02,1.4739876027261883e-01,1.6170844150402805e-02

1.3872827584909460e+03,0,1.0000000000000000e+00,-1.0407066605192867e+01,-6.6350555651627143e+00,-5.9448121462821946e-01,3.0982918750606353e-02,2.4361347567830907e-01,-2.4960469113066118e-03
1.3872827584909460e+03,1,1.0000000000000000e+00,-1.5399896741504115e+01,-6.7821587995015955e+00,-5.3843716515062168e-01,4.9025892644641828e-02,-3.8872429759789562e-01,-1.3483346752208612e-02
1.3872827584909460e+03,2,1.0000000000000000e+00,2.5806963346698517e+01,1.3417214364667197e+01,1.1329183797788842e+00,-8.0008811395244905e-02,1.4511082191958871e-01,1.5979393663515265e-02

1.3920354356283251e+03,0,1.0000000000000000e+00,-1.0690143261695386e+01,-5.5760386776804811e+00,-6.0268683724737349e-01,-1.4392853493561922e-01,1.8415866885652427e-01,-1.3332115297091766e-03
1.3920354356283251e+03,1,1.0000000000000000e+00,-1.4726028940821347e+01,-8.5252101196409082e+00,-6.0569555673138498e-01,2.2836473340214089e-01,-3.2688245059270010e-01,-1.4441500976414662e-02
1.3920354356283251e+03,2,1.0000000000000000e+00,2.5416172202518272e+01,1.4101248797324287e+01,1.2083823939788019e+00,-8.4436198466518592e-02,1.4272378173617806e-01,1.5774712506123886e-02

1.3967696201064764e+03,0,1.0000000000000000e+00,-1.1665170921676726e+01,-5.0286111199989350e+00,-6.1078912418799525e-01,-2.5295947271969432e-01,3.5969914312648454e-02,-2.4569236862490226e-03
1.3967696201064764e+03,1,1.0000000000000000e+00,-1.3340928494692079e+01,-9.7424995381870456e+00,-6.7176636917612198e-01,3.4174930516441737e-01,-1.7622050361065161e-01,-1.3101685104649773e-02
1.3967696201064764e+03,2,1.0000000000000000e+00,2.5006099416370368e+01,1.4771110658188885e+01,1.2825554933641610e+00,-8.8789832444719885e-02,1.4025058929800532e-01,1.5558608790898838e-02

1.4013783064190914e+03,0,1.0000000000000000e+00,-1.2887663283940192e+01,-5.2754500774092392e+00,-6.2822404216190786e-01,-2.5992606723847678e-01,-1.4397200390807585e-01,-5.3333248826033762e-03
1.4013783064190914e+03,1,1.0000000000000000e+00,-1.1699632325700110e+01,-1.0136308220784869e+01,-7.2553235940443339e-01,3.5286568599385648e-01,6.2221867380911067e-03,-1.0004993437699051e-02
1.4013783064190914e+03,2,1.0000000000000000e+00,2.4587295609641870e+01,1.5411758298197025e+01,1.3537564015663850e+00,-9.2939618755376596e-02,1.3774981716998680e-01,1.5338318320302469e-02

1.4061625574128659e+03,0,1.0000000000000000e+00,-1.3932946924778836e+01,-6.3704533017545302e+00,-6.6274660081548631e-01,-1.6070615190490492e-01,-3.0402087881487938e-01,-9.1255935726987057e-03
1.4061625574128659e+03,1,1.0000000000000000e+00,-1.0199590213255608e+01,-9.6938843612805101e+00,-7.6382245815714911e-01,2.5785876891208381e-01,1.6899110749527169e-01,-5.9723057793590198e-03
1.4061625574128659e+03,2,1.0000000000000000e+00,2.4132537138036025e+01,1.6064337663037968e+01,1.4265690589726787e+00,-9.7152617007175757e-02,1.3502977131960991e-01,1.5097899352057763e-02

1.4111130387260030e+03,0,1.0000000000000000e+00,-1.4301594675708497e+01,-8.1130559253246766e+00,-7.1673918107249457e-01,2.0148229795688283e-02,-3.8124384932890865e-01,-1.2465849691701824e-02
1.4111130387260030e+03,1,1.0000000000000000e+00,-9.3393513020590024e+00,-8.6124574612945377e+00,-7.8392359733632333e-01,8.1293904478990958e-02,2.4918465037101800e-01,-2.3672376068542608e-03
1.4111130387260030e+03,2,1.0000000000000000e+00,2.3640945977769100e+01,1.6725513386622154e+01,1.5006627784088620e+00,-1.0144213427467605e-01,1.3205919895789298e-01,1.4833087298556121e-02

1.4159651628559618e+03,0,1.0000000000000000e+00,-1.3732927851483007e+01,-9.9104918621608302e+00,-7.8160557706469547e-01,2.1022718306465743e-01,-3.4011104795884284e-01,-1.3888057868493467e-02
1.4159651628559618e+03,1,1.0000000000000000e+00,-9.4056944236805773e+00,-7.4484284929302387e+00,-7.9036454638615417e-01,-1.0462285696927259e-01,2.1110676348274049e-01,-6.6838921569283352e-04
1.4159651628559618e+03,2,1.0000000000000000e+00,2.3138622275165197e+01,1.7358920355094014e+01,1.5719701234508932e+00,-1.0560432609538148e-01,1.2900428447610476e-01,1.4556447084186335e-02

1.4207042067919731e+03,0,1.0000000000000000e+00,-1.2394722737756780e+01,-1.1223732479391344e+01,-8.4604777140618492e-01,3.4056889024889503e-01,-2.0105602430290298e-01,-1.2916553429605539e-02
1.4207042067919731e+03,1,1.0000000000000000e+00,-1.0233900725274612e+01,-6.7392640966061368e+00,-7.9423816187494456e-01,-2.3095220057977606e-01,7.5138872600976347e-02,-1.3561874721489779e-03
1.4207042067919731e+03,2,1.0000000000000000e+00,2.2628623463033019e+01,1.7962996576000442e+01,1.6402859332811737e+00,-1.0961668966911592e-01,1.2591715170192891e-01,1.4272740901754555e-02

1.4252842036427378e+03,0,1.0000000000000000e+00,-1.0725494667493589e+01,-1.1735888359327511e+01,-8.9917184515185222e-01,3.7076920072023739e-01,-1.9865231266159133e-02,-1.0023409870122348e-02
1.4252842036427378e+03,1,1.0000000000000000e+00,-1.1392363364580904e+01,-6.7968246118955129e+00,-8.0583732476062087e-01,-2.5736094788894065e-01,-1.0298887707386534e-01,-3.9659306556955390e-03
1.4252842036427378e+03,2,1.0000000000000000e+00,2.2117858032076136e+01,1.8532712971225990e+01,1.7050091699125174e+00,-1.1340825283129374e-01,1.2285410834002652e-01,1.3989340525817923e-02

1.4300767806991507e+03,0,1.0000000000000000e+00,-9.0952548380827025e+00,-1.1395876198917875e+01,-9.3760520760868449e-01,2.9209472448194429e-01,1.5348651070208147e-01,-5.9467607383904466e-03
1.4300767806991507e+03,1,1.0000000000000000e+00,-1.2469803872970440e+01,-7.7177519338724565e+00,-8.3371992421518182e-01,-1.7483239992167443e-01,-2.7303550935457233e-01,-7.7364892533267979e-03
1.4300767806991507e+03,2,1.0000000000000000e+00,2.1565058711054796e+01,1.9113628132793313e+01,1.7713251318239114e+00,-1.1726232456026678e-01,1.1954899865249291e-01,1.3683249991717291e-02

1.4349925201287053e+03,0,1.0000000000000000e+00,-8.0443252589724601e+00,-1.0357835741712304e+01,-9.5694258284434697e-01,1.2553792617532034e-01,2.5126697014743060e-01,-2.1022173313844008e-03
1.4349925201287053e+03,1,1.0000000000000000e+00,-1.2934807934186139e+01,-9.3348518611460687e+00,-8.8084654133250639e-01,-4.4274571531387474e-03,-3.6728631500276532e-01,-1.1253073800735940e-02
1.4349925201287053e+03,2,1.0000000000000000e+00,2.0979133193160266e+01,1.9692687602861362e+01,1.8377891241768987e+00,-1.2111046902217851e-01,1.1601934485533674e-01,1.3355291132120386e-02

1.4399426441459141e+03,0,1.0000000000000000e+00,-7.9031953158400370e+00,-9.1099826795050909e+00,-9.6109078435175310e-01,-6.6304975643451433e-02,2.3255790714985422e-01,5.0260934287300191e-05
1.4399426441459141e+03,1,1.0000000000000000e+00,-1.2466989723677179e+01,-1.1147897739802364e+01,-9.4195464182502375e-01,1.9121803953023819e-01,-3.4486933033855682e-01,-1.3057459277862647e-02
1.4399426441459141e+03,2,1.0000000000000000e+00,2.0370185039518898e+01,2.0257880419310453e+01,1.9030454261768222e+00,-1.2491306388678365e-01,1.1231142318870466e-01,1.3007198343575393e-02

1.4448349382862891e+03,0,1.0000000000000000e+00,-8.6066085608152250e+00,-8.2446808270507717e+00,-9.6056946718275560e-01,-2.0790475115582813e-01,1.0629382944748096e-01,-2.5493710751087889e-04
1.4448349382862891e+03,1,1.0000000000000000e+00,-1.1143394967815826e+01,-1.2553437201351199e+01,-1.0052358813786775e+00,3.3651373310848925e-01,-2.1481821084914371e-01,-1.2392284367003554e-02
1.4448349382862891e+03,2,1.0000000000000000e+00,1.9750003528632753e+01,2.0798118028404978e+01,1.9658053485614784e+00,-1.2860898195265791e-01,1.0852438140166490e-01,1.2647221474514476e-02

1.4495317367113009e+03,0,1.0000000000000000e+00,-9.7218610040757838e+00,-8.1531660346272083e+00,-9.6676159945248763e-01,-2.4910221804865063e-01,-7.1590695442408953e-02,-2.6726059798348328e-03
1.4495317367113009e+03,1,1.0000000000000000e+00,-9.4159229195726244e+00,-1.3145969914437108e+01,-1.0576130905181904e+00,3.8117214189616477e-01,-3.3217722479789186e-02,-9.6190040066990931e-03
1.4495317367113009e+03,2,1.0000000000000000e+00,1.9137783923650122e+01,2.1299135949067342e+01,2.0243746899707240e+00,-1.3206992384751087e-01,1.0480841792220022e-01,1.2291609986533971e-02

1.4543835069999461e+03,0,1.0000000000000000e+00,-1.0803882181652135e+01,-8.9446612402984442e+00,-9.8855096324608205e-01,-1.7866293603785588e-01,-2.4766763655735563e-01,-6.4103437772586626e-03
1.4543835069999461e+03,1,1.0000000000000000e+00,-7.6847060381422541e+00,-1.2853511962696166e+01,-1.0945530806401895e+00,3.1418187664179459e-01,1.4677828080970906e-01,-5.5060588143595246e-03
1.4543835069999461e+03,2,1.0000000000000000e+00,1.8488588219796117e+01,2.1798173202997638e+01,2.0831040438863186e+00,-1.3551894060393535e-01,1.0088935574764875e-01,1.1916402591618223e-02

1.4590449644800026e+03,0,1.0000000000000000e+00,-1.1303908578007494e+01,-1.0372501452441874e+01,-1.0268386242307366e+00,-2.5527121637712993e-02,-3.5005427032989644e-01,-9.8846660021776524e-03
1.4590449644800026e+03,1,1.0000000000000000e+00,-6.5454884369559538e+00,-1.1886985429058427e+01,-1.1109536440187828e+00,1.6423449457366712e-01,2.5303725347661832e-01,-1.6607975393654779e-03
1.4590449644800026e+03,2,1.0000000000000000e+00,1.7849397014965195e+01,2.2259486881503342e+01,2.1377922682495658e+00,-1.3870737293595053e-01,9.7017016853280291e-02,1.1545463541543175e-02

1.4635933092128357e+03,0,1.0000000000000000e+00,-1.1007914819394218e+01,-1.2008328629148016e+01,-1.0771997966949005e+00,1.5613239219012448e-01,-3.5182771567088328e-01,-1.1962388232804804e-02
1.4635933092128357e+03,1,1.0000000000000000e+00,-6.2037031145674808e+00,-1.0683593469608631e+01,-1.1122553969788964e+00,-1.4408376912926013e-02,2.5871555174457667e-01,7.9321972214770747e-04
1.4635933092128357e+03,2,1.0000000000000000e+00,1.7211617933963456e+01,2.2691922098759704e+01,2.1894551936738429e+00,-1.4172401527719505e-01,9.3112163926308888e-02,1.1169168510657142e-02

1.4686394868114035e+03,0,1.0000000000000000e+00,-9.7668485266948402e+00,-1.3543106145124648e+01,-1.1384234155200812e+00,3.2378439383807894e-01,-2.3846824904981645e-01,-1.1842024996953696e-02
1.4686394868114035e+03,1,1.0000000000000000e+00,-6.7213337646374249e+00,-9.6074528559521788e+00,-1.1063026515648258e+00,-1.7879604333677773e-01,1.4982528070139789e-01,1.1079584822365745e-03
1.4686394868114035e+03,2,1.0000000000000000e+00,1.6488182291334045e+01,2.3150559001079895e+01,2.2447260670849536e+00,-1.4498835050129757e-01,8.8642968348420795e-02,1.0734066514717162e-02

1.4734401943097087e+03,0,1.0000000000000000e+00,-8.0070796696120201e+00,-1.4269648596918845e+01,-1.1900320510793463e+00,3.9092221088805024e-01,-5.7474088969443393e-02,-9.3133122140657883e-03
1.4734401943097087e+03,1,1.0000000000000000e+00,-7.7777743028861934e+00,-9.2960588606167800e+00,-1.1052055366148994e+00,-2.4291762315327614e-01,-2.6824410211380934e-02,-9.9455891685540192e-04
1.4734401943097087e+03,2,1.0000000000000000e+00,1.5784853972500013e+01,2.3565707457538700e+01,2.2952375876942925e+00,-1.4800458773477049e-01,8.4298499180826644e-02,1.0307871130921228e-02

1.4781756288632291e+03,0,1.0000000000000000e+00,-6.2217770316597694e+00,-1.4095284947763403e+01,-1.2250583670830539e+00,3.4477394715586129e-01,1.2623914430992253e-01,-5.3377947822528284e-03
1.4781756288632291e+03,1,1.0000000000000000e+00,-8.8553999970495525e+00,-9.8593436605825922e+00,-1.1179827554874404e+00,-1.9391596140372935e-01,-2.0619024750381779e-01,-4.5431154965353748e-03
1.4781756288632291e+03,2,1.0000000000000000e+00,1.5077177028711137e+01,2.3954628608349079e+01,2.3430411225705416e+00,-1.5085798575212830e-01,7.9951103193897505e-02,9.8809102787882387e-03

1.4828833278023267e+03,0,1.0000000000000000e+00,-4.8974547514564719e+00,-1.3175185230119119e+01,-1.2403293445696515e+00,2.0571452625356662e-01,2.5059615686267478e-01,-1.2437523190565250e-03
1.4828833278023267e+03,1,1.0000000000000000e+00,-9.4631342323429184e+00,-1.1145512175968964e+01,-1.1482158737018409e+00,-5.2164386260122986e-02,-3.2614840218076080e-01,-8.2055353564864722e-03
1.4828833278023267e+03,2,1.0000000000000000e+00,1.4360588983801222e+01,2.4320697406091178e+01,2.3885452182715392e+00,-1.5355013999344003e-01,7.5552245318088462e-02,9.4492876755430319e-03

1.4874610001324254e+03,0,1.0000000000000000e+00,-4.3579100734780880e+00,-1.1929740205709638e+01,-1.2388646397375087e+00,2.7797311581210238e-02,2.7620517319122018e-01,1.6095946347961859e-03
1.4874610001324254e+03,1,1.0000000000000000e+00,-9.2940377749560081e+00,-1.2726818536499982e+01,-1.1919537697262728e+00,1.2824099413336182e-01,-3.4737169406843738e-01,-1.0627184437937649e-02
1.4874610001324254e+03,2,1.0000000000000000e+00,1.3651947848435949e+01,2.4656558742212734e+01,2.4308184094638290e+00,-1.5603830571456859e-01,7.1166520877219738e-02,9.0175898031414990e-03

1.4927556546312940e+03,0,1.0000000000000000e+00,-4.7206058584777271e+00,-1.0666461401584570e+01,-1.2268725790259900e+00,-1.5371368130317264e-01,1.8045119261565301e-01,2.4240400014313938e-03
1.4927556546312940e+03,1,1.0000000000000000e+00,-8.0978333161487939e+00,-1.4353139830850724e+01,-1.2503270982715446e+00,3.1250474064583728e-01,-2.4639483968130471e-01,-1.0923075346104616e-02
1.4927556546312940e+03,2,1.0000000000000000e+00,1.2818439174628386e+01,2.5019601232438411e+01,2.4771996772975813e+00,-1.5879105934266119e-01,6.5943647065654087e-02,8.4990353446732590e-03

1.4976786746615230e+03,0,1.0000000000000000e+00,-5.7182350090548422e+00,-1.0183966786576075e+01,-1.2185148394742380e+00,-2.3318201168148600e-01,7.1311932896033561e-03,5.9319571823039999e-04
1.4976786746615230e+03,1,1.0000000000000000e+00,-6.3123897073164743e+00,-1.5148082429171756e+01,-1.2993061839092948e+00,3.9442598128419004e-01,-6.8107843216366953e-02,-8.5950210741389740e-03
1.4976786746615230e+03,2,1.0000000000000000e+00,1.2030624716373202e+01,2.5332049215750953e+01,2.5178210233835805e+00,-1.6124396960270063e-01,6.0976649926765943e-02,8.0018253559086122e-03

1.5025204805624701e+03,0,1.0000000000000000e+00,-6.8048210946984149e+00,-1.0605089168642138e+01,-1.2236660100439205e+00,-1.9644851436089167e-01,-1.7745106194777632e-01,-2.8996411153449511e-03
1.5025204805624701e+03,1,1.0000000000000000e+00,-4.4394977478771658e+00,-1.5010248501695234e+01,-1.3316996591076760e+00,3.5997885313252315e-01,1.2141749585005396e-01,-4.6063846165108543e-03
1.5025204805624701e+03,2,1.0000000000000000e+00,1.1244318842577485e+01,2.5615337670340516e+01,2.5553656691516440e+00,-1.6353033877162793e-01,5.6033566097724800e-02,7.5060257318558385e-03

1.5072248794836405e+03,0,1.0000000000000000e+00,-7.4470377905346012e+00,-1.1771711894005904e+01,-1.2462136395208270e+00,-6.3571695910970935e-02,-3.0544733449965739e-01,-6.6215063279917493e-03
1.5072248794836405e+03,1,1.0000000000000000e+00,-3.0230438776755353e+00,-1.4095840371505908e+01,-1.3433224061875015e+00,2.2916855384890922e-01,2.5426616106397265e-01,-3.9851317763635232e-04
1.5072248794836405e+03,2,1.0000000000000000e+00,1.0470081668212053e+01,2.5867552265514966e+01,2.5895360457083760e+00,-1.6559685793793485e-01,5.1181173435687004e-02,7.0200195056281302e-03

1.5117677284122167e+03,0,1.0000000000000000e+00,-7.3412051365117819e+00,-1.3272132412234320e+01,-1.2828163441491416e+00,1.1361871346633062e-01,-3.3817651490944139e-01,-9.2388431299274959e-03
1.5117677284122167e+03,1,1.0000000000000000e+00,-2.3723576479757167e+00,-1.2817143796333420e+01,-1.3375297347073045e+00,5.3819304220490694e-02,2.9175923096387230e-01,2.6965973757848948e-03
1.5117677284122167e+03,2,1.0000000000000000e+00,9.7135627844894294e+00,2.6089276208570908e+01,2.6203460788564943e+00,-1.6743801768681793e-01,4.6417283945571541e-02,6.5422457541426324e-03

1.5169184495753263e+03,0,1.0000000000000000e+00,-6.2510848856091190e+00,-1.4847108474561168e+01,-1.3332646549678511e+00,3.0067556848789417e-01,-2.5287296304498652e-01,-9.8736047711023827e-03
1.5169184495753263e+03,1,1.0000000000000000e+00,-2.5950215942246051e+00,-1.1467067675538633e+01,-1.3193487509427571e+00,-1.3130976662635330e-01,2.1198658504759993e-01,3.8898742217113730e-03
1.5169184495753263e+03,2,1.0000000000000000e+00,8.8461064798356741e+00,2.6314176150102984e+01,2.6526134059106568e+00,-1.6936580186153752e-01,4.0886377997389145e-02,5.9837305493910392e-03

1.5218942205893932e+03,0,1.0000000000000000e+00,-4.4685367515749714e+00,-1.5695309538179394e+01,-1.3782146483381257e+00,3.9741075121164227e-01,-7.7803867985227149e-02,-7.7766765043909914e-03
1.5218942205893932e+03,1,1.0000000000000000e+00,-3.5304886678064777e+00,-1.0808758020117040e+01,-1.3027942400776471e+00,-2.2631487393922511e-01,4.2379158713173049e-02,2.3490574107745956e-03
1.5218942205893932e+03,2,1.0000000000000000e+00,7.9990254193834174e+00,2.6504067558299624e+01,2.6810088884158212e+00,-1.7109587727241377e-01,3.5424709272056598e-02,5.4276190936164244e-03

1.5265549330305928e+03,0,1.0000000000000000e+00,-2.6184166429745206e+00,-1.5618641048628099e+01,-1.4061306707941539e+00,3.7815734187301597e-01,1.0864721026424717e-01,-4.0021650438969419e-03
1.5265549330305928e+03,1,1.0000000000000000e+00,-4.5796364382446493e+00,-1.1038488061683854e+01,-1.2989447578545981e+00,-2.0556275089978238e-01,-1.3889873142042636e-01,-8.9706739872600846e-04
1.5265549330305928e+03,2,1.0000000000000000e+00,7.1980530812211585e+00,2.6657129110315157e+01,2.7050754286487999e+00,-1.7259459097323029e-01,3.0251521156181932e-02,4.8992324426229807e-03

1.5310988662194334e+03,0,1.0000000000000000e+00,-1.1299782122154800e+00,-1.4779481522317164e+01,-1.4147272960947903e+00,2.6365918440473279e-01,2.4951358443725241e-01,1.9357237516245442e-04
1.5310988662194334e+03,1,1.0000000000000000e+00,-5.2807641463236497e+00,-1.2003603218222194e+01,-1.3114359452542361e+00,-8.9747553579263006e-02,-2.7469705807036165e-01,-4.5758330831924612e-03
1.5310988662194334e+03,2,1.0000000000000000e+00,6.4107423585411336e+00,2.6783084740542570e+01,2.7261632413490755e+00,-1.7391163082546637e-01,2.5183473633112130e-02,4.3822607080300450e-03

1.5356892441633640e+03,0,1.0000000000000000e+00,-3.0415896080063476e-01,-1.3466967162808764e+01,-1.4053759223570212e+00,9.1025779401087831e-02,3.0552269902538859e-01,3.6513357374322146e-03
1.5356892441633640e+03,1,1.0000000000000000e+00,-5.3055332502986285e+00,-1.3419898743777207e+01,-1.3396985097193901e+00,8.4045925057017051e-02,-3.2554614153603117e-01,-7.5073883766425056e-03
1.5356892441633640e+03,2,1.0000000000000000e+00,5.6096922111012848e+00,2.6886865906589207e+01,2.7450744320764588e+00,-1.7507170445810125e-01,2.0023442510645584e-02,3.8560526392103275e-03

1.5408810882240523e+03,0,1.0000000000000000e+00,-3.5099518074812863e-01,-1.1982791082617720e+01,-1.3807907343054153e+00,-1.0206215894722809e-01,2.4497348963925911e-01,5.3547008277563118e-03
1.5408810882240523e+03,1,1.0000000000000000e+00,-4.3467871504555600e+00,-1.4992684910693601e+01,-1.3827326355435641e+00,2.7824222060398074e-01,-2.5906367369081784e-01,-8.6025918114798032e-03
1.5408810882240523e+03,2,1.0000000000000000e+00,4.6977823312057296e+00,2.6975475993314571e+01,2.7635233698490276e+00,-1.7618006165674918e-01,1.4090184051561766e-02,3.2478909837235282e-03

1.5458945330136719e+03,0,1.0000000000000000e+00,-1.1871340028186506e+00,-1.1121856495093372e+01,-1.3555680485833079e+00,-2.1432506516701627e-01,8.6490557856815919e-02,4.2716813971690124e-03
1.5458945330136719e+03,1,1.0000000000000000e+00,-2.6250677612367861e+00,-1.5909648567206142e+01,-1.4227300027385610e+00,3.9140160580279398e-01,-9.4734691913911706e-02,-6.9152680087663319e-03
1.5458945330136719e+03,2,1.0000000000000000e+00,3.8122017640574928e+00,2.7031505062302774e+01,2.7782980513219160e+00,-1.7707654063577424e-01,8.2441340570986385e-03,2.6435866115973564e-03

1.5505587403157399e+03,0,1.0000000000000000e+00,-2.2268572424934989e+00,-1.1140345967258138e+01,-1.3420381057397903e+00,-2.1330535223630778e-01,-9.4370532377976241e-02,1.2909649013203039e-03
1.5505587403157399e+03,1,1.0000000000000000e+00,-7.5774097596314505e-01,-1.5916786973565774e+01,-1.4472586585059797e+00,3.9108107317969509e-01,9.1631368775117100e-02,-3.3628389386754893e-03
1.5505587403157399e+03,2,1.0000000000000000e+00,2.9845982184587170e+00,2.7057132940827199e+01,2.7892967642458175e+00,-1.7777572094338379e-01,2.7391636028621406e-03,2.0718740373552214e-03

1.5550423558075620e+03,0,1.0000000000000000e+00,-2.9957049220612819e+00,-1.1909188957847014e+01,-1.3443455565834070e+00,-1.1560316481143665e-01,-2.3935578910896232e-01,-2.3438357137803671e-03
1.5550423558075620e+03,1,1.0000000000000000e+00,8.0943960033926210e-01,-1.5148331404936069e+01,-1.4530057620560408e+00,2.9391367260994505e-01,2.4192195225375918e-01,8.2261711601250981e-04
1.5550423558075620e+03,2,1.0000000000000000e+00,2.1862653217241079e+00,2.7057520362786377e+01,2.7973513186394965e+00,-1.7831050779850496e-01,-2.5661631447938815e-03,1.5212185977678894e-03

1.5595035525388960e+03,0,1.0000000000000000e+00,-3.1674921117368280e+00,-1.3166108424734219e+01,-1.3622176308036407e+00,4.5453863890328960e-02,-3.0898152327885814e-01,-5.4925007950083465e-03
1.5595035525388960e+03,1,1.0000000000000000e+00,1.7775913251041393e+00,-1.3868188455900910e+01,-1.4406996972345996e+00,1.3322434482313367e-01,3.1682854118804932e-01,4.5186040896823057e-03
1.5595035525388960e+03,2,1.0000000000000000e+00,1.3899007866347910e+00,2.7034296880638443e+01,2.8029173280382889e+00,-1.7867820871345924e-01,-7.8470179091882294e-03,9.7389670532607134e-04

1.5644744061673530e+03,0,1.0000000000000000e+00,-2.4518224444783896e+00,-1.4661199189196353e+01,-1.3946977842803978e+00,2.3899878680248002e-01,-2.7214283827113556e-01,-7.1681946287420585e-03
1.5644744061673530e+03,1,1.0000000000000000e+00,1.9506824218583136e+00,-1.2319399710733840e+01,-1.4115351847665754e+00,-6.0126115526988072e-02,2.8591204752108562e-01,6.8098260884807199e-03
1.5644744061673530e+03,2,1.0000000000000000e+00,5.0114002262219515e-01,2.6980598899933518e+01,2.8062329690470218e+00,-1.7887267127548848e-01,-1.3769209249947234e-02,3.5836854026136990e-04

1.5693963893044845e+03,0,1.0000000000000000e+00,-9.0525801191886535e-01,-1.5684153599002762e+01,-1.4286937372416004e+00,3.7474982642721194e-01,-1.2920570301030834e-01,-6.1950267725044183e-03
1.5693963893044845e+03,1,1.0000000000000000e+00,1.2845602819917619e+00,-1.1214075000326574e+01,-1.3777761570823794e+00,-1.9589555772919659e-01,1.4892236138789952e-01,6.4596367816685671e-03
1.5693963893044845e+03,2,1.0000000000000000e+00,-3.7930227007076178e-01,2.6898228599332668e+01,2.8064698943240285e+00,-1.7885426869801177e-01,-1.9716658377588431e-02,-2.6461000916412104e-04

1.5743639305009776e+03,0,1.0000000000000000e+00,1.0755044451544116e+00,-1.5841432554641861e+01,-1.4518159677386895e+00,4.0192608425840010e-01,6.8774314353418575e-02,-2.7821299197502061e-03
1.5743639305009776e+03,1,1.0000000000000000e+00,1.9184201809198331e-01,-1.0943772284411985e+01,-1.3517502817261737e+00,-2.2326927658386281e-01,-4.2977175646650378e-02,3.6879399320832416e-03
1.5743639305009776e+03,2,1.0000000000000000e+00,-1.2673464632442404e+00,2.6785204839057194e+01,2.8035662494649118e+00,-1.7865680767453390e-01,-2.5797138706765393e-02,-9.0581001233300783e-04

1.5787724237776663e+03,0,1.0000000000000000e+00,2.7081901119279204e+00,-1.5170336184925754e+01,-1.4551451257084471e+00,3.2401404054897265e-01,2.2828218774639972e-01,1.3411212966574597e-03
1.5787724237776663e+03,1,1.0000000000000000e+00,-6.5388072177200751e-01,-1.1489207092397582e+01,-1.3431676840477451e+00,-1.4567251096845568e-01,-1.9707224362244349e-01,1.3607313781819740e-04
1.5787724237776663e+03,2,1.0000000000000000e+00,-2.0543093901537421e+00,2.6659543277326694e+01,2.7983128097562417e+00,-1.7834152958051361e-01,-3.1209944123953531e-02,-1.4771944344756185e-03

1.5839379264183412e+03,0,1.0000000000000000e+00,3.9480776437908780e+00,-1.3679403918442251e+01,-1.4360714322985482e+00,1.4539763833795658e-01,3.2934738073693481e-01,5.8422391386347390e-03
1.5839379264183412e+03,1,1.0000000000000000e+00,-9.7390363152658566e-01,-1.2802603511906611e+01,-1.3528910213578769e+00,3.2378598010155385e-02,-2.9182467336613860e-01,-3.6999636036436660e-03
1.5839379264183412e+03,2,1.0000000000000000e+00,-2.9741740122621008e+00,2.6482007430352240e+01,2.7889624536564739e+00,-1.7777623634810849e-01,-3.7522707370793607e-02,-2.1422755349910271e-03

1.5887804323148819e+03,0,1.0000000000000000e+00,4.1874568905772325e+00,-1.2090037253252333e+01,-1.4009002120306882e+00,-4.3976743732632217e-02,3.0778744301764654e-01,8.3089844511941464e-03
1.5887804323148819e+03,1,1.0000000000000000e+00,-3.5414808890689820e-01,-1.4195981457469170e+01,-1.3761822459502977e+00,2.2099153272808769e-01,-2.6436377521097193e-01,-5.5440949752905422e-03
1.5887804323148819e+03,2,1.0000000000000000e+00,-3.8333088016681263e+00,2.6286018710724889e+01,2.7770824579810354e+00,-1.7701478899545176e-01,-4.3423667806671951e-02,-2.7648894759035535e-03

1.5935819555502765e+03,0,1.0000000000000000e+00,3.6082669418432021e+00,-1.0875115550774620e+01,-1.3599921250861260e+00,-1.8444843368060604e-01,1.8409380103621362e-01,8.3052582704605492e-03
1.5935819555502765e+03,1,1.0000000000000000e+00,1.0727006312538392e+00,-1.5188299953465767e+01,-1.4023181031537233e+00,3.6047535715563872e-01,-1.3478656397841851e-01,-4.9151299502964083e-03
1.5935819555502765e+03,2,1.0000000000000000e+00,-4.6809675730948159e+00,2.6063415504243789e+01,2.7623102282398979e+00,-1.7602692347502877e-01,-4.9307237057792448e-02,-3.3901283201640897e-03

1.5984877715942932e+03,0,1.0000000000000000e+00,2.5495350202247922e+00,-1.0414776515665626e+01,-1.3243180210289256e+00,-2.2760358543483145e-01,-8.8086041812969473e-04,5.8899714805879140e-03
1.5984877715942932e+03,1,1.0000000000000000e+00,2.9920699866412095e+00,-1.5391881673992028e+01,-1.4197702258332929e+00,4.0240827996223921e-01,5.6256442825622574e-02,-1.8498451015055237e-03
1.5984877715942932e+03,2,1.0000000000000000e+00,-5.5416050068637572e+00,2.5806658189661068e+01,2.7440882468622676e+00,-1.7480469452740391e-01,-5.5375582407490367e-02,-4.0401263790823400e-03

1.6030737569290973e+03,0,1.0000000000000000e+00,1.6202524172691604e+00,-1.0812183387415352e+01,-1.3052929678389309e+00,-1.6126948738384456e-01,-1.6593271405677806e-01,2.2933630429589598e-03
1.6030737569290973e+03,1,1.0000000000000000e+00,4.7200659203400921e+00,-1.4727470855703766e+01,-1.4188653446248676e+00,3.3476751905395830e-01,2.2699825728941819e-01,2.3578920510638826e-03
1.6030737569290973e+03,2,1.0000000000000000e+00,-6.3403183376069894e+00,2.5539654243122541e+01,2.7241583124638482e+00,-1.7349803167010983e-01,-6.1065543232637493e-02,-4.6512550940227878e-03

1.6074937346646209e+03,0,1.0000000000000000e+00,1.1990427809648612e+00,-1.1793194616801376e+01,-1.3030861929576534e+00,-1.9776006319942335e-02,-2.6465362371543033e-01,-1.1948746992501633e-03
1.6074937346646209e+03,1,1.0000000000000000e+00,5.9050774940723798e+00,-1.3464494466617984e+01,-1.3992205097490176e+00,1.9186519548685763e-01,3.3116519946749434e-01,6.4300255324342753e-03
1.6074937346646209e+03,2,1.0000000000000000e+00,-7.1041202750349584e+00,2.5257689083422800e+01,2.7023067027067200e+00,-1.7208918916691132e-01,-6.6511575752061486e-02,-5.2351508331840556e-03

1.6124413447003049e+03,0,1.0000000000000000e+00,1.5803728418118270e+00,-1.3158855147580027e+01,-1.3160750197036912e+00,1.7453334441707574e-01,-2.6693681510329897e-01,-3.7058011385372597e-03
1.6124413447003049e+03,1,1.0000000000000000e+00,6.3708595629894935e+00,-1.1754826182164964e+01,-1.3587303762854814e+00,-4.2302951253377907e-03,3.3947415184726654e-01,9.5866898513202355e-03
1.6124413447003049e+03,2,1.0000000000000000e+00,-7.9512324047990210e+00,2.4913681329748442e+01,2.6748053959892228e+00,-1.7030304929173407e-01,-7.2537336743964939e-02,-5.8808887127829211e-03

1.6173497421656759e+03,0,1.0000000000000000e+00,2.8568969770633785e+00,-1.4235613226669404e+01,-1.3354405758211221e+00,3.3429189956218464e-01,-1.5501642691792011e-01,-3.7313628672543319e-03
1.6173497421656759e+03,1,1.0000000000000000e+00,5.9253806285623263e+00,-1.0307449831428443e+01,-1.3089303509584929e+00,-1.6601733770246829e-01,2.3349111058222066e-01,1.0252187476134995e-02
1.6173497421656759e+03,2,1.0000000000000000e+00,-8.7822776056233849e+00,2.4543063058101311e+01,2.6443709267796658e+00,-1.6827456185971257e-01,-7.8474683664297940e-02,-6.5208246088806071e-03

1.6222013433069048e+03,0,1.0000000000000000e+00,4.6838763427792269e+00,-1.4560189146955844e+01,-1.3483044119467347e+00,4.0015555339324599e-01,2.8183751246261185e-02,-1.1849935334389797e-03
1.6222013433069048e+03,1,1.0000000000000000e+00,4.9094231164434863e+00,-9.5878964092824912e+00,-1.2628820649719963e+00,-2.3413768894744974e-01,5.6168873176174611e-02,8.3452901583816064e-03
1.6222013433069048e+03,2,1.0000000000000000e+00,-9.5932994592203773e+00,2.4148085556241810e+01,2.6111864769187818e+00,-1.6601786444579270e-01,-8.4352624422433076e-02,-7.1602966249425751e-03

1.6269002043175774e+03,0,1.0000000000000000e+00,6.4940692022050648e+00,-1.3986082067454205e+01,-1.3445288167654217e+00,3.5214088790874659e-01,2.1140946676862798e-01,2.9664812774637408e-03
1.6269002043175774e+03,1,1.0000000000000000e+00,3.8737846818119324e+00,-9.7522408657492470e+00,-1.2315469238609551e+00,-1.8851081873691738e-01,-1.2135470522462682e-01,4.8175774182685743e-03
1.6269002043175774e+03,2,1.0000000000000000e+00,-1.0367853884014647e+01,2.3738322933206948e+01,2.5760757406264272e+00,-1.6363006917182574e-01,-9.0054761543998246e-02,-7.7840586957322634e-03

1.6314496757042823e+03,0,1.0000000000000000e+00,7.8131273525796194e+00,-1.2715997149918611e+01,-1.3210410303430087e+00,2.1616401091088497e-01,3.3376906104575932e-01,7.2930484645782161e-03
1.6314496757042823e+03,1,1.0000000000000000e+00,3.2935930360301358e+00,-1.0600135352490826e+01,-1.2182555112969806e+00,-5.5005419931187433e-02,-2.3823639365703086e-01,1.0898504858889435e-03
1.6314496757042823e+03,2,1.0000000000000000e+00,-1.1106720388607386e+01,2.3316132502412941e+01,2.5392965416400406e+00,-1.6115859097969387e-01,-9.5532667388725512e-02,-8.3828989504671041e-03

1.6365074304087623e+03,0,1.0000000000000000e+00,8.4089165475289995e+00,-1.0908117480871597e+01,-1.2742754803762530e+00,1.7047731458384369e-02,3.5991947013842146e-01,1.0862562456331680e-02
1.6365074304087623e+03,1,1.0000000000000000e+00,3.5055570691135491e+00,-1.1909659759805047e+01,-1.2209664447868847e+00,1.4116749149667165e-01,-2.5840848666533039e-01,-1.8272174636063451e-03
1.6365074304087623e+03,2,1.0000000000000000e+00,-1.1914473616640162e+01,2.2817777240680165e+01,2.4952419251631897e+00,-1.5821522295505216e-01,-1.0151098347308835e-01,-9.0353449927252777e-03

1.6415036250469698e+03,0,1.0000000000000000e+00,8.0383969948899079e+00,-9.2995703274353225e+00,-1.2161511491168229e+00,-1.5516902444660624e-01,2.6606156774891265e-01,1.1945560541678913e-02
1.6415036250469698e+03,1,1.0000000000000000e+00,4.6587735858966797e+00,-1.2996540466351846e+01,-1.2323613262085817e+00,3.1022516781366261e-01,-1.5876307534785467e-01,-2.2757339599417444e-03
1.6415036250469698e+03,2,1.0000000000000000e+00,-1.2697170580784181e+01,2.2296110793790703e+01,2.4485124753254555e+00,-1.5505614336705242e-01,-1.0729849240105535e-01,-9.6698265817371076e-03

1.6463391715923722e+03,0,1.0000000000000000e+00,7.0470646609449457e+00,-8.4024147601481829e+00,-1.1611431005154915e+00,-2.3732070721891274e-01,9.6768068210568534e-02,1.0409959346335457e-02
1.6463391715923722e+03,1,1.0000000000000000e+00,6.3919492002929186e+00,-1.3361444707324120e+01,-1.2391281920399766e+00,3.8904948887379653e-01,1.6068500690879603e-02,-1.2659455083923431e-04
1.6463391715923722e+03,2,1.0000000000000000e+00,-1.3439013861235440e+01,2.1763859467475850e+01,2.4002712925555185e+00,-1.5172878165487980e-01,-1.1283656890144549e-01,-1.0283364795496162e-02

1.6511658664655174e+03,0,1.0000000000000000e+00,5.9297609003552996e+00,-8.3880038679791582e+00,-1.1186417116430771e+00,-2.0645477842130283e-01,-8.7508112200010341e-02,6.9799848719555198e-03
1.6511658664655174e+03,1,1.0000000000000000e+00,8.2330841559804142e+00,-1.2817944739688427e+01,-1.2305120392172253e+00,3.5461774684837327e-01,2.0584342204360515e-01,3.9177530868600725e-03
1.6511658664655174e+03,2,1.0000000000000000e+00,-1.4162845056333273e+01,2.1205948607671147e+01,2.3491537508603537e+00,-1.4816296842706639e-01,-1.1833530984359239e-01,-1.0897737958815535e-02

1.6558295880708874e+03,0,1.0000000000000000e+00,5.2326457667411539e+00,-9.1259946919277191e+00,-1.0951882850229833e+00,-7.9398694047038698e-02,-2.1619959367151809e-01,3.1077752525425859e-03
1.6558295880708874e+03,1,1.0000000000000000e+00,9.6127902377776611e+00,-1.1515778415090828e+01,-1.2017658688312394e+00,2.2393295124310653e-01,3.3979208870228184e-01,8.3780684373567470e-03
1.6558295880708874e+03,2,1.0000000000000000e+00,-1.4845436004516351e+01,2.0641773107022122e+01,2.2969541538542746e+00,-1.4453425719606369e-01,-1.2359249503076129e-01,-1.1485843689899274e-02

1.6605519566244600e+03,0,1.0000000000000000e+00,5.2763037953893264e+00,-1.0270928731135779e+01,-1.0882752993733966e+00,1.0161854769266795e-01,-2.5034233639040759e-01,8.1550359877865033e-05
1.6605519566244600e+03,1,1.0000000000000000e+00,1.0242690302675836e+01,-9.7748536026692339e+00,-1.1530606807297923e+00,3.9082593817110961e-02,3.7913622211479570e-01,1.1984850142779989e-02
1.6605519566244600e+03,2,1.0000000000000000e+00,-1.5518994098062675e+01,2.0045782333808596e+01,2.2413359801032402e+00,-1.4070114150977467e-01,-1.2879388572438560e-01,-1.2066400502657797e-02

1.6652146716510440e+03,0,1.0000000000000000e+00,6.1589135415473208e+00,-1.1305688411878720e+01,-1.0911132934217291e+00,2.6995683094731060e-01,-1.7667514404975371e-01,-9.0700837354527018e-04
1.6652146716510440e+03,1,1.0000000000000000e+00,1.0006960030128846e+01,-8.1279006376864569e+00,-1.0926567744960409e+00,-1.3322339652026632e-01,3.1044573286403182e-01,1.3530297568491868e-02
1.6652146716510440e+03,2,1.0000000000000000e+00,-1.6165873571673661e+01,1.9433589049568766e+01,2.1837700679178216e+00,-1.3673343442704008e-01,-1.3377058881427564e-01,-1.2623289194946541e-02

1.6699264088219866e+03,0,1.0000000000000000e+00,7.7046115115951253e+00,-1.1789290041373345e+01,-1.0928972514098922e+00,3.7056318848753822e-01,-1.8314176900015439e-02,5.5515917529239643e-04
1.6699264088219866e+03,1,1.0000000000000000e+00,9.0956184131509978e+00,-7.0024470436746267e+00,-1.0300908049379989e+00,-2.3807238440245149e-01,1.5697181020375825e-01,1.2620790675857861e-02
1.6699264088219866e+03,2,1.0000000000000000e+00,-1.6800229924743601e+01,1.8791737085051579e+01,2.1229880563479435e+00,-1.3249080408508240e-01,-1.3865763330374006e-01,-1.3175949851150207e-02

1.6745395056926670e+03,0,1.0000000000000000e+00,9.4467805293611473e+00,-1.1445877246847031e+01,-1.0829717903476785e+00,3.6671578514154596e-01,1.6702948219784414e-01,4.0100751996946533e-03
1.6745395056926670e+03,1,1.0000000000000000e+00,7.9545866529595113e+00,-6.6953694891374331e+00,-9.7799410888688487e-01,-2.3862350312230435e-01,-2.3680633626174008e-02,9.7030659766813264e-03
1.6745395056926670e+03,2,1.0000000000000000e+00,-1.7401367182318111e+01,1.8141246735988087e+01,2.0609658992346160e+00,-1.2809228201923739e-01,-1.4334884857166744e-01,-1.3713141176375929e-02

1.6791661283997744e+03,0,1.0000000000000000e+00,1.0933816840562416e+01,-1.0293539019133906e+01,-1.0543198004092520e+00,2.6109957225907465e-01,3.2080461979774200e-01,8.4192941021774461e-03
1.6791661283997744e+03,1,1.0000000000000000e+00,7.0495674281666201e+00,-7.1737470661918046e+00,-9.4196372869157297e-01,-1.3762684382773160e-01,-1.7282785943751261e-01,5.8269569074391623e-03
1.6791661283997744e+03,2,1.0000000000000000e+00,-1.7983384268726475e+01,1.7467286085329341e+01,1.9962835291008776e+00,-1.2347272843133864e-01,-1.4797676036022675e-01,-1.4246251009616549e-02

1.6838159530694518e+03,0,1.0000000000000000e+00,1.1761109371486580e+01,-8.5985903996920054e+00,-1.0054916313054225e+00,8.8053340317468198e-02,3.9124126434004330e-01,1.2389057308291204e-02
1.6838159530694518e+03,1,1.0000000000000000e+00,6.7853025317016211e+00,-8.1700318457124439e+00,-9.2332947762631568e-01,3.0623373619360905e-02,-2.3873134597586659e-01,2.3787474161031767e-03
1.6838159530694518e+03,2,1.0000000000000000e+00,-1.8546411903185614e+01,1.6768622245408096e+01,1.9288211089317908e+00,-1.1867671393682466e-01,-1.5250991836417407e-01,-1.4767804724394328e-02

1.6883881691136271e+03,0,1.0000000000000000e+00,1.1746473648166882e+01,-6.8495244894016363e+00,-9.4291571277712816e-01,-9.0839092673109967e-02,3.5678762233128702e-01,1.4636084510575397e-02
1.6883881691136271e+03,1,1.0000000000000000e+00,7.3315274404540371e+00,-9.2119269069800449e+00,-9.1724989729169359e-01,2.0466955102299894e-01,-1.9999666348675194e-01,6.2421566697397519e-04
1.6883881691136271e+03,2,1.0000000000000000e+00,-1.9078001088618315e+01,1.6061451396385337e+01,1.8601656100688746e+00,-1.1383045834988453e-01,-1.5679095884453220e-01,-1.5260300177549322e-02

1.6931459497960259e+03,0,1.0000000000000000e+00,1.0963695018777994e+01,-5.4318334804065191e+00,-8.7243419119199306e-01,-2.2492036389128839e-01,2.2602583921302855e-01,1.4568351440983972e-02
1.6931459497960259e+03,1,1.0000000000000000e+00,8.6435588526233573e+00,-9.8734690252503210e+00,-9.1394797580949561e-01,3.3353438745313674e-01,-6.4994737474417030e-02,1.1843388456868418e-03
1.6931459497960259e+03,2,1.0000000000000000e+00,-1.9607253871398733e+01,1.5305302505660512e+01,1.7863821670015425e+00,-1.0861402356184424e-01,-1.6103110173860863e-01,-1.5752690286670756e-02

1.6977520602841746e+03,0,1.0000000000000000e+00,9.8019737053107932e+00,-4.7877865997319660e+00,-8.0987589533566728e-01,-2.6229197810744753e-01,5.0202969360492844e-02,1.2278921854221886e-02
1.6977520602841746e+03,1,1.0000000000000000e+00,1.0293522595061713e+01,-9.7666983551114015e+00,-9.0287668257999587e-01,3.6563711604410121e-01,1.1474887601985562e-01,3.9370555183275875e-03
1.6977520602841746e+03,2,1.0000000000000000e+00,-2.0095496300369867e+01,1.4554484954847052e+01,1.7127525779157171e+00,-1.0334513793664953e-01,-1.6495184538034544e-01,-1.6215977372549411e-02

1.7026051568992787e+03,0,1.0000000000000000e+00,8.6600630300459578e+00,-4.9839212737988756e+00,-7.5936555840170095e-01,-1.9016855493869234e-01,-1.2338680371256933e-01,8.3949070847051041e-03
1.7026051568992787e+03,1,1.0000000000000000e+00,1.1923012096749151e+01,-8.7603209700088307e+00,-8.7352619491732653e-01,2.8772024810734420e-01,2.9231936631016531e-01,8.2984264480601040e-03
1.7026051568992787e+03,2,1.0000000000000000e+00,-2.0583075126792451e+01,1.3744242243811405e+01,1.6328917533190819e+00,-9.7551693168647730e-02,-1.6893256259759287e-01,-1.6693333532765153e-02

1.7072821162320986e+03,0,1.0000000000000000e+00,8.1065332112117510e+00,-5.8228882332554619e+00,-7.2926351408487333e-01,-3.6655789923568133e-02,-2.1979267237815747e-01,4.5928926893685218e-03
1.7072821162320986e+03,1,1.0000000000000000e+00,1.2919362189932924e+01,-7.1225563526347582e+00,-8.2450564605522580e-01,1.2844340745125657e-01,3.9242336385073728e-01,1.2545740922379143e-02
1.7072821162320986e+03,2,1.0000000000000000e+00,-2.1025895401141998e+01,1.2945444585893934e+01,1.5537691601401535e+00,-9.1787617527684315e-02,-1.7263069147257670e-01,-1.7138633611747615e-02

1.7118336925528035e+03,0,1.0000000000000000e+00,8.3442378696420612e+00,-6.8480030868647184e+00,-7.1455973840635734e-01,1.4066236188462683e-01,-2.1317042014108067e-01,2.1693853189996594e-03
1.7118336925528035e+03,1,1.0000000000000000e+00,1.3086459509565611e+01,-5.3038297943710138e+00,-7.6025490161342091e-01,-5.4591107640819869e-02,3.8922527271510587e-01,1.5381247206054487e-02
1.7118336925528035e+03,2,1.0000000000000000e+00,-2.1430697379204982e+01,1.2151832881239468e+01,1.4748146400198334e+00,-8.6071254243802575e-02,-1.7605485257402215e-01,-1.7550632525054084e-02

1.7163522259850358e+03,0,1.0000000000000000e+00,9.3286842934254715e+00,-7.6100792550330425e+00,-7.0632182393866483e-01,2.8534220507863861e-01,-1.1001065320900122e-01,1.8607844143632181e-03
1.7163522259850358e+03,1,1.0000000000000000e+00,1.2477940303398139e+01,-3.7389819740826660e+00,-6.8831138759461274e-01,-2.0503761979627894e-01,2.8923923639411431e-01,1.6074657613742681e-02
1.7163522259850358e+03,2,1.0000000000000000e+00,-2.1806624596820896e+01,1.1349061229119457e+01,1.3946332115333320e+00,-8.0304585282355206e-02,-1.7922858318511009e-01,-1.7935442028105847e-02

1.7208765045025298e+03,0,1.0000000000000000e+00,1.0805594570967916e+01,-7.7450793234024928e+00,-6.9430299234551862e-01,3.5167919551036492e-01,5.6951224821852331e-02,3.8015861103903627e-03
1.7208765045025298e+03,1,1.0000000000000000e+00,1.1351047319737916e+01,-2.7863755906388263e+00,-6.1835533417110256e-01,-2.7728245550127778e-01,1.2521115110551739e-01,1.4497531106953702e-02
1.7208765045025298e+03,2,1.0000000000000000e+00,-2.2156641890703106e+01,1.0531454914045074e+01,1.3126583265166762e+00,-7.4396740009082862e-02,-1.8216237592736650e-01,-1.8299117217344008e-02

1.7259350289723491e+03,0,1.0000000000000000e+00,1.2523945267402631e+01,-6.9472952312229337e+00,-6.6522914962295232e-01,3.0663550101292375e-01,2.5395065903817571e-01,7.9332648427388811e-03
1.7259350289723491e+03,1,1.0000000000000000e+00,9.9918823469646938e+00,-2.6549371464339799e+00,-5.5387748605899001e-01,-2.3906053432520596e-01,-6.8764869113356775e-02,1.0752045147188407e-02
1.7259350289723491e+03,2,1.0000000000000000e+00,-2.2515827614364575e+01,9.6022323776606839e+00,1.2191066356819977e+00,-6.7574966687713511e-02,-1.8518578992481594e-01,-1.8685309989927242e-02

1.7308104205372779e+03,0,1.0000000000000000e+00,1.3692903290035519e+01,-5.3564452417201629e+00,-6.1539958700401398e-01,1.5953597740012448e-01,3.8359928599048743e-01,1.2454140225379275e-02
1.7308104205372779e+03,1,1.0000000000000000e+00,9.1359129471721374e+00,-3.3362642722017961e+00,-5.1174100857299942e-01,-9.8744339421625860e-02,-1.9570964839172300e-01,6.5836219751260992e-03
1.7308104205372779e+03,2,1.0000000000000000e+00,-2.2828816237204883e+01,8.6927095139257453e+00,1.1271405955770690e+00,-6.0791637978494628e-02,-1.8788963759876129e-01,-1.9037762200505324e-02

1.7355367409149860e+03,0,1.0000000000000000e+00,1.4006226723413752e+01,-3.4451648485040165e+00,-5.4798573418987562e-01,-2.9048392685270458e-02,4.0645267955339848e-01,1.5787035282135899e-02
1.7355367409149860e+03,1,1.0000000000000000e+00,9.0941189518898646e+00,-4.3537024371437631e+00,-4.8841413529627842e-01,8.3145757622573507e-02,-2.1613737726663307e-01,3.5688480221255196e-03
1.7355367409149860e+03,2,1.0000000000000000e+00,-2.3100345675300833e+01,7.7988672856515802e+00,1.0363998694862100e+00,-5.4097364937298886e-02,-1.9031530228676224e-01,-1.9355883304261360e-02

1.7397657077477329e+03,0,1.0000000000000000e+00,1.3545562609353793e+01,-1.8499532389095883e+00,-4.7803423861596872e-01,-1.8223045016872866e-01,3.3455179727442752e-01,1.6967799245132403e-02
1.7397657077477329e+03,1,1.0000000000000000e+00,9.7708166121854418e+00,-5.1398427658235679e+00,-4.7595072239504377e-01,2.3029700485445501e-01,-1.4227028242722028e-01,2.6487421173420241e-03
1.7397657077477329e+03,2,1.0000000000000000e+00,-2.3316379221536430e+01,6.9897960047369718e+00,9.5398496101106833e-01,-4.8066554685722102e-02,-1.9228151484720410e-01,-1.9616541362474371e-02

1.7454893836895228e+03,0,1.0000000000000000e+00,1.2120245697813715e+01,-4.5810249800166591e-01,-3.8369232676148612e-01,-2.9209696425359621e-01,1.3904346370219633e-01,1.5420619223452954e-02
1.7454893836895228e+03,1,1.0000000000000000e+00,1.1447754148615026e+01,-5.4243816921034007e+00,-4.5709068131651998e-01,3.3193403099268759e-01,5.5522650424627951e-02,4.5116868523796417e-03
1.7454893836895228e+03,2,1.0000000000000000e+00,-2.3567999846425906e+01,5.8824841901088991e+00,8.4078300807806217e-01,-3.9837066739087268e-02,-1.9456611412682123e-01,-1.9932306075832538e-02

1.7503454153458777e+03,0,1.0000000000000000e+00,1.0724673546802791e+01,-2.4515503181384890e-01,-3.1680566434337110e-01,-2.6345714834084077e-01,-4.8144477143182707e-02,1.1887035928696429e-02
1.7503454153458777e+03,1,1.0000000000000000e+00,1.3019567523769556e+01,-4.6885260840848062e+00,-4.2659778762797579e-01,2.9618039053277445e-01,2.4430092315275570e-01,8.2829530201163244e-03
1.7503454153458777e+03,2,1.0000000000000000e+00,-2.3744241070569487e+01,4.9336811159025036e+00,7.4340345197140312e-01,-3.2723242191929444e-02,-1.9615644600956969e-01,-2.0169988948812695e-02

1.7551465723104461e+03,0,1.0000000000000000e+00,9.7370364895828381e+00,-8.3026381076073008e-01,-2.6980635928826968e-01,-1.3413833829772412e-01,-1.8211841288161326e-01,7.7054851465355595e-03
1.7551465723104461e+03,1,1.0000000000000000e+00,1.4147106929132537e+01,-3.1584194605394922e+00,-3.7624436391644817e-01,1.5966861478632158e-01,3.7957536348176590e-01,1.2674142434070869e-02
1.7551465723104461e+03,2,1.0000000000000000e+00,-2.3884143418712494e+01,3.9886832713040858e+00,6.4605072320477452e-01,-2.5530276488593413e-02,-1.9745695060014931e-01,-2.0379627580606359e-02

1.7597826668629380e+03,0,1.0000000000000000e+00,9.5163294830059471e+00,-1.7953891634781347e+00,-2.4215727743439686e-01,4.2456872235420641e-02,-2.1637738796055123e-01,4.4663132052001238e-03
1.7597826668629380e+03,1,1.0000000000000000e+00,1.4469852466159100e+01,-1.2753830141874052e+00,-3.0899111552836123e-01,-2.3977975977648468e-02,4.1486982108695220e-01,1.6090278332583557e-02
1.7597826668629380e+03,2,1.0000000000000000e+00,-2.3986181949162159e+01,3.0707721776694190e+00,5.5114839296281515e-01,-1.8478896257767934e-02,-1.9849243312639772e-01,-2.0556591537783619e-02

1.7642588071109628e+03,0,1.0000000000000000e+00,1.0080642225923704e+01,-2.6465893979419022e+00,-2.2586239406684899e-01,2.0322552073725117e-01,-1.4824943199490323e-01,3.1745036988205522e-03
1.7642588071109628e+03,1,1.0000000000000000e+00,1.3972973405119262e+01,4.6614039221837489e-01,-2.3293844406172221e-01,-1.9157099260638091e-01,3.4752711912064516e-01,1.7526544127077361e-02
1.7642588071109628e+03,2,1.0000000000000000e+00,-2.4053615631040053e+01,2.1804490057274197e+00,4.5880083812862832e-01,-1.1654528130865906e-02,-1.9927768712573879e-01,-2.0701047825897850e-02

1.7685991577619886e+03,0,1.0000000000000000e+00,1.1200683609063653e+01,-3.0047252846171384e+00,-2.1091013980776052e-01,2.9993532814722779e-01,-7.5998767230559816e-03,4.0650564147496383e-03
1.7685991577619886e+03,1,1.0000000000000000e+00,1.2889205474642480e+01,1.6904311461208072e+00,-1.5778419040578151e-01,-2.9487090452583831e-01,2.0739604133844494e-01,1.6749978838482601e-02
1.7685991577619886e+03,2,1.0000000000000000e+00,-2.4089889083703206e+01,1.3142941385002374e+00,3.6869433021359965e-01,-5.0644236213852672e-03,-1.9979616461538560e-01,-2.0815035253232177e-02

1.7737337380451254e+03,0,1.0000000000000000e+00,1.2797787900755402e+01,-2.5240927722551865e+00,-1.8219884762110550e-01,3.0011409553326357e-01,1.9518297976484320e-01,7.4587473026701545e-03
1.7737337380451254e+03,1,1.0000000000000000e+00,1.1298113251399387e+01,2.2364986964976241e+00,-7.9342331608316496e-02,-3.0284257422947286e-01,4.8707071179661943e-03,1.3458167630571604e-02
1.7737337380451254e+03,2,1.0000000000000000e+00,-2.4095901152151825e+01,2.8759407576148588e-01,2.6154117922948006e-01,2.7284786962135654e-03,-2.0005368688280614e-01,-2.0916914933241694e-02

1.7785861943779057e+03,0,1.0000000000000000e+00,1.4017505705927190e+01,-1.1685079170971999e+00,-1.3558151964810750e-01,1.8643534157593650e-01,3.5214942085601153e-01,1.1808794263838521e-02
1.7785861943779057e+03,1,1.0000000000000000e+00,1.0047159865572661e+01,1.8515330108503543e+00,-2.4293368589230965e-02,-1.9659655679902538e-01,-1.5220407752421650e-01,9.1720885247596785e-03
1.7785861943779057e+03,2,1.0000000000000000e+00,-2.4064665571496867e+01,-6.8302509374921394e-01,1.5987488823739676e-01,1.0161215223093267e-02,-1.9994534333179198e-01,-2.0980882788598137e-02

1.7832805422967169e+03,0,1.0000000000000000e+00,1.4490957431458629e+01,6.7583352830615828e-01,-7.0873989170436441e-02,8.8826251514952381e-03,4.1615146245674423e-01,1.5561646246368292e-02
1.7832805422967169e+03,1,1.0000000000000000e+00,9.5089620087517481e+00,9.4499969872149103e-01,9.5772205598003146e-03,-2.6316196604628750e-02,-2.1659048980625545e-01,5.4511968336738090e-03
1.7832805422967169e+03,2,1.0000000000000000e+00,-2.3999919440207368e+01,-1.6208332270236943e+00,6.1296768610694691e-02,1.7433571453137953e-02,-1.9956097265048550e-01,-2.1012843080042035e-02

1.7879349014973714e+03,0,1.0000000000000000e+00,1.4098967323684208e+01,2.5509572100675220e+00,7.0324890511222898e-03,-1.7288607162872524e-01,3.7190371275149359e-01,1.7547766086432950e-02
1.7879349014973714e+03,1,1.0000000000000000e+00,9.8029825843702234e+00,-2.6360628712889245e-03,2.9489464439246514e-02,1.4822733900662752e-01,-1.7295640914712285e-01,3.4677836328887643e-03
1.7879349014973714e+03,2,1.0000000000000000e+00,-2.3901949908051396e+01,-2.5483211471922642e+00,-3.6521953490309893e-02,2.4658732622102053e-02,-1.9894730360436733e-01,-2.1015549719321649e-02

1.7922903891700203e+03,0,1.0000000000000000e+00,1.3056660767473153e+01,3.9219563328590317e+00,8.3579447685010549e-02,-2.9419039759020854e-01,2.4679999537744479e-01,1.7240896598146604e-02
1.7922903891700203e+03,1,1.0000000000000000e+00,1.0723274788374727e+01,-5.0876291255040673e-01,4.4434002362742767e-02,2.6283647111924663e-01,-4.8643588617691802e-02,3.7515005459182616e-03
1.7922903891700203e+03,2,1.0000000000000000e+00,-2.3779935555844826e+01,-3.4131934203046388e+00,-1.2801345004769410e-01,3.1353926470966270e-02,-1.9815640675974971e-01,-2.0992397144064805e-02

1.7974404270218993e+03,0,1.0000000000000000e+00,1.1393298452779028e+01,4.6875689311134501e+00,1.6592449759480155e-01,-3.3018176014790462e-01,4.7024030845808973e-02,1.4345001337076918e-02
1.7974404270218993e+03,1,1.0000000000000000e+00,1.2205033074004781e+01,-2.5693884673354361e-01,7.0062557433441114e-02,2.9102947158148557e-01,1.4987442986964372e-01,6.5878862631133803e-03
1.7974404270218993e+03,2,1.0000000000000000e+00,-2.3598331526780733e+01,-4.4306300843759034e+00,-2.3598705502818310e-01,3.9152288566423443e-02,-1.9689846071544970e-01,-2.0932887600190242e-02

1.8022986754589317e+03,0,1.0000000000000000e+00,9.9468775962308875e+00,4.4790951459321846e+00,2.2561741605382790e-01,-2.4779968696526336e-01,-1.2415877326415792e-01,1.0104562722816100e-02
1.8022986754589317e+03,1,1.0000000000000000e+00,1.3443526031175658e+01,9.0449916434613575e-01,1.1186244020859212e-01,2.0135837893758549e-01,3.1950859405686821e-01,1.0738543041021616e-02
1.8022986754589317e+03,2,1.0000000000000000e+00,-2.3390403627403447e+01,-5.3835943102743027e+00,-3.3747985626236010e-01,4.6441308027682454e-02,-1.9534982079270730e-01,-2.0843105763837664e-02

1.8069806553252940e+03,0,1.0000000000000000e+00,9.1367647877405531e+00,3.6500280173941020e+00,2.6314362022360305e-01,-8.9301985339730883e-02,-2.1396099676108832e-01,6.0559987199264344e-03
1.8069806553252940e+03,1,1.0000000000000000e+00,1.4019763836532064e+01,2.6440590243093438e+00,1.7165666817750677e-01,3.5836801890291425e-02,4.0749740725369504e-01,1.4667827289878477e-02
1.8069806553252940e+03,2,1.0000000000000000e+00,-2.3156528624269498e+01,-6.2940870416994139e+00,-4.3480028840104967e-01,5.3465183449443870e-02,-1.9353641049260370e-01,-2.0723826009804863e-02

1.8116757668467594e+03,0,1.0000000000000000e+00,9.1477136761167444e+00,2.6408185014978738e+00,2.8463247431834426e-01,9.2279922400176032e-02,-1.9731174443738575e-01,3.4363871002772370e-03
1.8116757668467594e+03,1,1.0000000000000000e+00,1.3741254603860767e+01,4.5571488930493818e+00,2.4712532660600411e-01,-1.5278264493650956e-01,3.8876668805119086e-01,1.7136233318989908e-02
1.8116757668467594e+03,2,1.0000000000000000e+00,-2.2888968279974371e+01,-7.1979673945432108e+00,-5.3175780092428793e-01,6.0502722536337775e-02,-1.9145494361380203e-01,-2.0572620419267090e-02

1.8158578219278356e+03,0,1.0000000000000000e+00,9.8205124746934125e+00,2.0032209171257804e+00,2.9754642496830286e-01,2.2031127753664473e-01,-9.5867094249533061e-02,3.0783539007849352e-03
1.8158578219278356e+03,1,1.0000000000000000e+00,1.2802430829421786e+01,5.9912157358365628e+00,3.1992320829203724e-01,-2.8701357588147780e-01,2.8528242475768123e-01,1.7335859993324248e-02
1.8158578219278356e+03,2,1.0000000000000000e+00,-2.2622943304112045e+01,-7.9944366529582833e+00,-6.1746963326027948e-01,6.6702298344837402e-02,-1.8941533050814516e-01,-2.0414213894109124e-02

1.8210625273390406e+03,0,1.0000000000000000e+00,1.1176797312134450e+01,1.9925117862983512e+00,3.1825813155466431e-01,2.7912604113134210e-01,9.8607802833150293e-02,5.3309514286179957e-03
1.8210625273390406e+03,1,1.0000000000000000e+00,1.1079273630372843e+01,6.9806427305424741e+00,4.0488917910330807e-01,-3.5336333928027330e-01,8.8015483264383299e-02,1.4858269100058892e-02
1.8210625273390406e+03,2,1.0000000000000000e+00,-2.2256070942504113e+01,-8.9731545168367504e+00,-7.2314731065791127e-01,7.4237298148935538e-02,-1.8662328609753037e-01,-2.0189220528676832e-02

1.8258232953676056e+03,0,1.0000000000000000e+00,1.2398920195938000e+01,2.8982362420778394e+00,3.5237136444302630e-01,2.1633548279138459e-01,2.7580949989361980e-01,9.1729589047833474e-03
1.8258232953676056e+03,1,1.0000000000000000e+00,9.4876988388846257e+00,6.9567240778065136e+00,4.6634648931907985e-01,-2.9727925485860429e-01,-9.2037740115992805e-02,1.0782169657736523e-02
1.8258232953676056e+03,2,1.0000000000000000e+00,-2.1886619034819422e+01,-9.8549603198802664e+00,-8.1871785376204520e-01,8.0943772067223918e-02,-1.8377175977762378e-01,-1.9955128562519828e-02

1.8304707467477224e+03,0,1.0000000000000000e+00,1.3084380353153080e+01,4.4700647388544743e+00,4.0454228130929915e-01,6.7674539442390907e-02,3.8625799153398493e-01,1.3202184643315486e-02
1.8304707467477224e+03,1,1.0000000000000000e+00,8.4110802304508336e+00,6.2318999878521275e+00,5.0632673479606116e-01,-1.5504956834519582e-01,-2.0557763816959779e-01,6.4939873876567692e-03
1.8304707467477224e+03,2,1.0000000000000000e+00,-2.1495460583600689e+01,-1.0701964726702499e+01,-9.1086901610529902e-01,8.7375028902809210e-02,-1.8068035336438398e-01,-1.9696172030972209e-02

1.8351261882854697e+03,0,1.0000000000000000e+00,1.2968308703886839e+01,6.3354131918554693e+00,4.7344246365760134e-01,-1.1872252462235849e-01,3.9693206331291025e-01,1.6103998915378663e-02
1.8351261882854697e+03,1,1.0000000000000000e+00,8.1055194814827303e+00,5.1999306299146637e+00,5.2845413129455676e-01,2.4972840828667797e-02,-2.1963128042911267e-01,3.3004360649443350e-03
1.8351261882854697e+03,2,1.0000000000000000e+00,-2.1073828185366324e+01,-1.1535343821766013e+01,-1.0018965949520966e+00,9.3749683793695193e-02,-1.7730078288379461e-01,-1.9404434980322943e-02

1.8395228676481734e+03,0,1.0000000000000000e+00,1.2089119204730435e+01,7.9225970233101544e+00,5.4671243038611106e-01,-2.7326166998153451e-01,3.1086499138479040e-01,1.6857755278682111e-02
1.8395228676481734e+03,1,1.0000000000000000e+00,8.5594242756154184e+00,4.3848790699584654e+00,5.3984364355673131e-01,1.7357207936037383e-01,-1.3695981319957401e-01,2.2446709051993710e-03
1.8395228676481734e+03,2,1.0000000000000000e+00,-2.0648543480342589e+01,-1.2307476093264487e+01,-1.0865560739427806e+00,9.9689590621165197e-02,-1.7390517818521331e-01,-1.9102426183881430e-02

1.8438331330576407e+03,0,1.0000000000000000e+00,1.0697051369703775e+01,8.9554956449435874e+00,6.1706120377636431e-01,-3.5908251114349710e-01,1.6084440108233217e-01,1.5441994478523728e-02
1.8438331330576407e+03,1,1.0000000000000000e+00,9.5094941378094049e+00,4.0941075873231583e+00,5.5115790997459058e-01,2.5371012411957483e-01,9.5796242988957503e-03,3.3451673565335419e-03
1.8438331330576407e+03,2,1.0000000000000000e+00,-2.0206545507509894e+01,-1.3049603232262601e+01,-1.1682191137508928e+00,1.0537238702392679e-01,-1.7042402538122475e-01,-1.8787161835057221e-02

1.8486796591126658e+03,0,1.0000000000000000e+00,8.9332486196245657e+00,9.2668176453163653e+00,6.8372459877384273e-01,-3.4935962633236378e-01,-3.1080714669138643e-02,1.1784857526407570e-02
1.8486796591126658e+03,1,1.0000000000000000e+00,1.0747578408322795e+01,4.5988981599930465e+00,5.7464993676000908e-01,2.3782867521208967e-01,1.9740237646968478e-01,6.6286690318793882e-03
1.8486796591126658e+03,2,1.0000000000000000e+00,-1.9680827027944051e+01,-1.3865715805305255e+01,-1.2583745355337896e+00,1.1153095112027861e-01,-1.6632166180054309e-01,-1.8413526558286909e-02

1.8534805146635388e+03,0,1.0000000000000000e+00,7.4954620396978520e+00,8.7296753287228537e+00,7.2937782035253429e-01,-2.3462789397267853e-01,-1.8088842211446410e-01,7.2002125291684947e-03
1.8534805146635388e+03,1,1.0000000000000000e+00,1.1635768000503386e+01,5.9242883494961944e+00,6.1646336917125699e-01,1.1723679300115025e-01,3.4289945322342219e-01,1.0819712235678430e-02
1.8534805146635388e+03,2,1.0000000000000000e+00,-1.9131230040197909e+01,-1.4653963678214874e+01,-1.3458411895237288e+00,1.1739110097153266e-01,-1.6201103110895521e-01,-1.8019924764846880e-02

1.8580901179210666e+03,0,1.0000000000000000e+00,6.7952301606927641e+00,7.7255370542591812e+00,7.5317699574780916e-01,-6.3706120875763245e-02,-2.3788395619785957e-01,3.3288784514734771e-03
1.8580901179210666e+03,1,1.0000000000000000e+00,1.1782246880684088e+01,7.6651844658515405e+00,6.7480410972021532e-01,-5.9140249794944560e-02,3.9549216543109028e-01,1.4284808974639719e-02
1.8580901179210666e+03,2,1.0000000000000000e+00,-1.8577477041373502e+01,-1.5390721520106531e+01,-1.4279811054679616e+00,1.2284637067071225e-01,-1.5760820923322780e-01,-1.7613687426113148e-02

1.8626268760686814e+03,0,1.0000000000000000e+00,6.9035858403090522e+00,6.7139426436205660e+00,7.6272910765847590e-01,1.0682859740853262e-01,-1.9125214436344451e-01,1.2442617083740885e-03
1.8626268760686814e+03,1,1.0000000000000000e+00,1.1104623419048446e+01,9.3815367604066147e+00,7.4419937515269996e-01,-2.3492015021650703e-01,3.4429904617840856e-01,1.5941084620028443e-02
1.8626268760686814e+03,2,1.0000000000000000e+00,-1.8008209259354125e+01,-1.6095479404022985e+01,-1.5069284828111129e+00,1.2809155280797876e-01,-1.5304690181496119e-01,-1.7185346328402490e-02

1.8673115911943039e+03,0,1.0000000000000000e+00,7.7136386533673154e+00,6.1154809031886472e+00,7.6831817405904368e-01,2.2477152800063913e-01,-5.2103059875804658e-02,1.5762208669515623e-03
1.8673115911943039e+03,1,1.0000000000000000e+00,9.6820903087862433e+00,1.0685605639696345e+01,8.1803586562842456e-01,-3.5812973411304394e-01,2.0027156314852279e-01,1.5143749951999646e-02
1.8673115911943039e+03,2,1.0000000000000000e+00,-1.7395728962150169e+01,-1.6801086542880775e+01,-1.5863540396874047e+00,1.3335820611240928e-01,-1.4816850327271519e-01,-1.6719970818951164e-02

1.8718472004064156e+03,0,1.0000000000000000e+00,8.8140903633169074e+00,6.2749183346842834e+00,7.8057277886286980e-01,2.4315684523297343e-01,1.2435387769116746e-01,4.1359248889069923e-03
1.8718472004064156e+03,1,1.0000000000000000e+00,7.9656012205491411e+00,1.1187273180956318e+01,8.8056767079687459e-01,-3.8140335841547079e-01,1.8977542807993020e-02,1.2119767364140154e-02
1.8718472004064156e+03,2,1.0000000000000000e+00,-1.6779691583862636e+01,-1.7462191515636366e+01,-1.6611404496596809e+00,1.3824651318250175e-01,-1.4333142049915748e-01,-1.6255692253047099e-02

1.8766587881095031e+03,0,1.0000000000000000e+00,9.8092853646729630e+00,7.2951071546490951e+00,8.1002963965555619e-01,1.5335035149747933e-01,2.9068974554303162e-01,8.2241001383031691e-03
1.8766587881095031e+03,1,1.0000000000000000e+00,6.2932994763569301e+00,1.0844132618332448e+01,9.2811752455331009e-01,-2.9650317182035657e-01,-1.5262440730057830e-01,7.5265585959898625e-03
1.8766587881095031e+03,2,1.0000000000000000e+00,-1.6102584841026463e+01,-1.8139239772977302e+01,-1.7381471642088027e+00,1.4315282032288160e-01,-1.3806533824245038e-01,-1.5750658734292999e-02

1.8812295065617061e+03,0,1.0000000000000000e+00,1.0162596435521902e+01,8.8513694202806157e+00,8.5659430876567644e-01,-7.0560846981699565e-03,3.7497532308028281e-01,1.2015709222150707e-02
1.8812295065617061e+03,1,1.0000000000000000e+00,5.2755237341762067e+00,9.9071629196920501e+00,9.5241532695208075e-01,-1.4050181667837333e-01,-2.4209090779583775e-01,3.2371494928896318e-03
1.8812295065617061e+03,2,1.0000000000000000e+00,-1.5438120169694653e+01,-1.8758532339968411e+01,-1.8090096357176928e+00,1.4755790137654759e-01,-1.3288441528444217e-01,-1.5252858715040301e-02

1.8863614811233688e+03,0,1.0000000000000000e+00,9.5998861754115268e+00,1.0767418143469152e+01,9.2580711566307161e-01,-2.0978480808848640e-01,3.4990847672129516e-01,1.4534675325799490e-02
1.8863614811233688e+03,1,1.0000000000000000e+00,5.0687905508129045e+00,8.6576392254706853e+00,9.5998491079047188e-01,5.7516514295067295e-02,-2.2307966300615284e-01,1.3023862445379550e-04
1.8863614811233688e+03,2,1.0000000000000000e+00,-1.4668676726220957e+01,-1.9425057368935569e+01,-1.8857920264534789e+00,1.5226829379342316e-01,-1.2682881371513938e-01,-1.4664913950253246e-02

1.8910909322546124e+03,0,1.0000000000000000e+00,8.2463688605421250e+00,1.2153502240852781e+01,9.9497936048585656e-01,-3.5000722549071983e-01,2.2233331646186744e-01,1.4269526564906220e-02
1.8910909322546124e+03,1,1.0000000000000000e+00,5.6922643677862315e+00,7.8578143899083877e+00,9.5883635748728202e-01,1.9358329097487958e-01,-1.0126555870062770e-01,-1.7168888005834014e-04
1.8910909322546124e+03,2,1.0000000000000000e+00,-1.3938633228324862e+01,-2.0011316630756884e+01,-1.9538157179730742e+00,1.5642393451584438e-01,-1.2106775776123700e-01,-1.4097837684847840e-02

1.8958627497380035e+03,0,1.0000000000000000e+00,6.4236661786365357e+00,1.2782385076543637e+01,1.0572475597882172e+00,-3.9539293944992127e-01,3.6854187638170888e-02,1.1451447849378953e-02
1.8958627497380035e+03,1,1.0000000000000000e+00,6.7589396822117553e+00,7.7925773004113159e+00,9.6244632516755035e-01,2.3498524887291672e-01,7.8307504623825464e-02,2.0608089164409187e-03
1.8958627497380035e+03,2,1.0000000000000000e+00,-1.3182605860844772e+01,-2.0574962376950651e+01,-2.0196938849557027e+00,1.6040769057700877e-01,-1.1516169226199385e-01,-1.3512256765819824e-02

1.9005221398857984e+03,0,1.0000000000000000e+00,4.6893836412554455e+00,1.2533131372654200e+01,1.1007882339146384e+00,-3.3212547702571782e-01,-1.3745738043935371e-01,7.0758969858426340e-03
1.9005221398857984e+03,1,1.0000000000000000e+00,7.7372597750673044e+00,8.5648812667960286e+00,9.8052281048595546e-01,1.6809075671967633e-01,2.4680117337524440e-01,5.8597962419694874e-03
1.9005221398857984e+03,2,1.0000000000000000e+00,-1.2426643416319216e+01,-2.1098012639445919e+01,-2.0813110444005289e+00,1.6403472030604568e-01,-1.0934379293588839e-01,-1.2935693227812076e-02

1.9050662307192783e+03,0,1.0000000000000000e+00,3.4826267583803592e+00,1.1631088210677810e+01,1.1225233428187833e+00,-1.8883744917042633e-01,-2.4573963325845555e-01,2.5679049487114438e-03
1.9050662307192783e+03,1,1.0000000000000000e+00,8.1911220243902338e+00,9.9507688047762741e+00,1.0162798999057001e+00,2.1544633299152738e-02,3.4933453270510323e-01,9.7988185118373580e-03
1.9050662307192783e+03,2,1.0000000000000000e+00,-1.1673748782767037e+01,-2.1581857015449771e+01,-2.1388032427244181e+00,1.6729281587127753e-01,-1.0359489944664524e-01,-1.2366723460548748e-02

1.9101701585069309e+03,0,1.0000000000000000e+00,3.0262517832485187e+00,1.0302053475038548e+01,1.1252754903620881e+00,1.0625763221493556e-02,-2.5329827370887070e-01,-1.1168553036919240e-03
1.9101701585069309e+03,1,1.0000000000000000e+00,7.7849528955312364e+00,1.1791763443979915e+01,1.0749799189186255e+00,-1.8127712709489002e-01,3.5028775098714593e-01,1.2826486778371686e-02
1.9101701585069309e+03,2,1.0000000000000000e+00,-1.0811204678776178e+01,-2.2093816919014145e+01,-2.2002554092806479e+00,1.7065136387340038e-01,-9.6989477278272784e-02,-1.1709631474679707e-02

1.9149834835839865e+03,0,1.0000000000000000e+00,3.4773620643443177e+00,9.2986113834770947e+00,1.1165022162416349e+00,1.6567713353721317e-01,-1.4748328123993770e-01,-2.0607243372461320e-03
1.9149834835839865e+03,1,1.0000000000000000e+00,6.5053060831224245e+00,1.3246735980926506e+01,1.1385784037670488e+00,-3.3925904484324287e-01,2.3808924934051745e-01,1.3128353381694867e-02
1.9149834835839865e+03,2,1.0000000000000000e+00,-9.9826681474631460e+00,-2.2545347364399259e+01,-2.2550806200086169e+00,1.7358191130603357e-01,-9.0605968100577181e-02,-1.1067629044448680e-02

1.9196871210791444e+03,0,1.0000000000000000e+00,4.4472415235386418e+00,8.9941340475383136e+00,1.1099454081305979e+00,2.2902315829635303e-01,2.4547651205457058e-02,-3.1960127170985696e-04
1.9196871210791444e+03,1,1.0000000000000000e+00,4.7126150149795745e+00,1.3962539731525592e+01,1.1956885520054201e+00,-4.0526880079508054e-01,5.9736970577520213e-02,1.0746226687609982e-02
1.9196871210791444e+03,2,1.0000000000000000e+00,-9.1598565385146014e+00,-2.2956673779059553e+01,-2.3056339601359523e+00,1.7624564249873123e-01,-8.4284621782974620e-02,-1.0426625415900070e-02

1.9243166066835993e+03,0,1.0000000000000000e+00,5.4431016196073010e+00,9.5234169324102496e+00,1.1163068076168470e+00,1.8360329237426967e-01,1.9965126452256571e-01,3.2811017833159085e-03
1.9243166066835993e+03,1,1.0000000000000000e+00,2.8951827192755859e+00,1.3809026204130705e+01,1.2361322391603695e+00,-3.6224658776484342e-01,-1.2159606538719625e-01,6.5131455068403888e-03
1.9243166066835993e+03,2,1.0000000000000000e+00,-8.3382843388792551e+00,-2.3332443136536597e+01,-2.3524390467771501e+00,1.7864329539057744e-01,-7.8055199135366585e-02,-9.7942472901562452e-03

1.9287228432613208e+03,0,1.0000000000000000e+00,5.9939863239289650e+00,1.0686037577022297e+01,1.1395292860534738e+00,5.5391817522773529e-02,3.1613019325079617e-01,7.2319953236444565e-03
1.9287228432613208e+03,1,1.0000000000000000e+00,1.5525796144074953e+00,1.2977294424113136e+01,1.2547443628734192e+00,-2.3606835144892271e-01,-2.4399472079564144e-01,1.9626864616517498e-03
1.9287228432613208e+03,2,1.0000000000000000e+00,-7.5465659383328134e+00,-2.3663332001131067e+01,-2.3942736489268261e+00,1.8067653392615274e-01,-7.2135472455151867e-02,-9.1946817852961577e-03

1.9339596832352290e+03,0,1.0000000000000000e+00,5.7569583056980180e+00,1.2469839959754317e+01,1.1876713799521310e+00,-1.4911652098082331e-01,3.4260589786636253e-01,1.0806430938448757e-02
1.9339596832352290e+03,1,1.0000000000000000e+00,8.3782214297679047e-01,1.1552764412043221e+01,1.2528795485008697e+00,-3.3644858413792417e-02,-2.7754490004449039e-01,-2.3293544208237895e-03
1.9339596832352290e+03,2,1.0000000000000000e+00,-6.5947804486711421e+00,-2.4022604371793140e+01,-2.4405509284529341e+00,1.8276137939461931e-01,-6.5060997821869526e-02,-8.4770765176249204e-03

1.9389150545670816e+03,0,1.0000000000000000e+00,4.5674101390958697e+00,1.3974487654447380e+01,1.2445662423205350e+00,-3.2124770446511952e-01,2.4671368773020136e-01,1.1671963732477367e-02
1.9389150545670816e+03,1,1.0000000000000000e+00,1.1174546625999060e+00,1.0353742783611025e+01,1.2362786674125870e+00,1.3680759948039900e-01,-1.8843971323992353e-01,-3.8891629688049354e-03
1.9389150545670816e+03,2,1.0000000000000000e+00,-5.6848648016920942e+00,-2.4328230438053993e+01,-2.4808449097330549e+00,1.8444010498472413e-01,-5.8273974490274993e-02,-7.7828007636723817e-03

1.9437350867716953e+03,0,1.0000000000000000e+00,2.7736287817771146e+00,1.4766608786036119e+01,1.2971127456409322e+00,-4.0560973538455508e-01,7.3378791868867921e-02,9.6834402361122944e-03
1.9437350867716953e+03,1,1.0000000000000000e+00,2.0187515306252468e+00,9.8264378677702879e+00,1.2195891443509588e+00,2.1976109469278310e-01,-2.1777327357125509e-02,-2.5892986828174036e-03
1.9437350867716953e+03,2,1.0000000000000000e+00,-4.7923803123986577e+00,-2.4593046653801984e+01,-2.5167018899918241e+00,1.8584864069177584e-01,-5.1601464511739470e-02,-7.0941415532948448e-03

1.9484593562297302e+03,0,1.0000000000000000e+00,8.7724401610491465e-01,1.4664789955887889e+01,1.3337760962574217e+00,-3.7871776262975437e-01,-1.1373661875079280e-01,5.5736768320922827e-03
1.9484593562297302e+03,1,1.0000000000000000e+00,3.0342746841196622e+00,1.0156584833919629e+01,1.2148410039320656e+00,1.9169286248083234e-01,1.5880447982707765e-01,8.4420241346276192e-04
1.9484593562297302e+03,2,1.0000000000000000e+00,-3.9115187002208573e+00,-2.4821374789803080e+01,-2.5486171001894200e+00,1.8702490014892573e-01,-4.5067861076281884e-02,-6.4178792455550065e-03

1.9527980492191075e+03,0,1.0000000000000000e+00,-5.4690154071079422e-01,1.3863554702913236e+01,1.3481292093743251e+00,-2.6592573311191936e-01,-2.4523290364876690e-01,1.0270766018274646e-03
1.9527980492191075e+03,1,1.0000000000000000e+00,3.6450025052797121e+00,1.1140437623479990e+01,1.2269982106487483e+00,7.8026761237990183e-02,2.8435602511003599e-01,4.7767702035469411e-03
1.9527980492191075e+03,2,1.0000000000000000e+00,-3.0981009645651865e+00,-2.5003992326388776e+01,-2.5751274200230059e+00,1.8789897187393267e-01,-3.9123121461266175e-02,-5.8038468053743728e-03

1.9580599249347770e+03,0,1.0000000000000000e+00,-1.4336617048981934e+00,1.2373941781536139e+01,1.3403729417757213e+00,-6.5453946609603408e-02,-2.9862113684395897e-01,-3.6722201038351752e-03
1.9580599249347770e+03,1,1.0000000000000000e+00,3.5409260474848590e+00,1.2817086015955303e+01,1.2633511905426871e+00,-1.2319911257649152e-01,3.3059487023140843e-01,8.7381136137970414e-03
1.9580599249347770e+03,2,1.0000000000000000e+00,-2.1072643425829143e+00,-2.5191027797486989e+01,-2.6037241323183418e+00,1.8865305918609843e-01,-3.1973733387446301e-02,-5.0658935099618368e-03

1.9630228250468176e+03,0,1.0000000000000000e+00,-1.2912829671529669e+00,1.1026779270267333e+01,1.3158333281965615e+00,1.1485713401307424e-01,-2.2520756713222034e-01,-5.7392140771574838e-03
1.9630228250468176e+03,1,1.0000000000000000e+00,2.4611608206692264e+00,1.4306207196589313e+01,1.3112984180919167e+00,-3.0391497029008202e-01,2.5043659461121348e-01,1.0104792174720160e-02
1.9630228250468176e+03,2,1.0000000000000000e+00,-1.1698778535124896e+00,-2.5332986466852176e+01,-2.6271317462884110e+00,1.8905783627701131e-01,-2.5229027478989925e-02,-4.3655780975626456e-03

1.9677019320581710e+03,0,1.0000000000000000e+00,-4.8790865408024342e-01,1.0311551711700893e+01,1.2898444680774031e+00,2.1277418404151299e-01,-7.0653877484151029e-02,-4.9213009803659308e-03
1.9677019320581710e+03,1,1.0000000000000000e+00,7.7273610727391817e-01,1.5124543397949576e+01,1.3561513278763062e+00,-4.0198172224304524e-01,8.9493227495703709e-02,8.6176031057027119e-03
1.9677019320581710e+03,2,1.0000000000000000e+00,-2.8482745318989011e-01,-2.5436095109645990e+01,-2.6459957959536422e+00,1.8920753820153571e-01,-1.8839350011549467e-02,-3.6963021253367525e-03

1.9717763469316526e+03,0,1.0000000000000000e+00,4.0660386974061552e-01,1.0348864851990498e+01,1.2746830975570158e+00,2.1214078856835500e-01,8.8891698172501130e-02,-2.2763532466112315e-03
1.9717763469316526e+03,1,1.0000000000000000e+00,-8.9268752262589723e-01,1.5152655513387035e+01,1.3851806595187990e+00,-4.0132645747587997e-01,-7.5610723194535837e-02,5.3877817374133712e-03
1.9717763469316526e+03,2,1.0000000000000000e+00,4.8608365288908029e-01,-2.5501520365373025e+01,-2.6598637570757480e+00,1.8918566890752850e-01,-1.3280974977962117e-02,-3.1114284908021089e-03

1.9760723012597655e+03,0,1.0000000000000000e+00,1.1587323395914402e+00,1.1056430052964917e+01,1.2730016518701044e+00,1.2462847853437053e-01,2.3241599335714744e-01,1.5823895642953943e-03
1.9760723012597655e+03,1,1.0000000000000000e+00,-2.4572352755239617e+00,1.4489654413291319e+01,1.3989146930513363e+00,-3.1364107772648853e-01,-2.2493594310145806e-01,9.1903504328334513e-04
1.9760723012597655e+03,2,1.0000000000000000e+00,1.2985029359363338e+00,-2.5546084466251724e+01,-2.6719163449213741e+00,1.8901259919212149e-01,-7.4800502556863864e-03,-2.5014246075787143e-03

1.9805228770790166e+03,0,1.0000000000000000e+00,1.3822810346864396e+00,1.2296762027250505e+01,1.2889695820154179e+00,-3.1676021015245692e-02,3.1016819035897236e-01,5.4605499651034055e-03
1.9805228770790166e+03,1,1.0000000000000000e+00,-3.5212610167916747e+00,1.3269418073073712e+01,1.3926948638927890e+00,-1.5697071212571612e-01,-3.0860122055042383e-01,-3.5795123800326980e-03
1.9805228770790166e+03,2,1.0000000000000000e+00,2.1389799821090629e+00,-2.5566180100319688e+01,-2.6816644459081398e+00,1.8864673314096519e-01,-1.5669698085456658e-03,-1.8810375850706815e-03

1.9855586458631813e+03,0,1.0000000000000000e+00,7.2228658257003309e-01,1.3842475426887113e+01,1.3242377334939621e+00,-2.2779284715559991e-01,2.8287979525448381e-01,8.1274421475249960e-03
1.9855586458631813e+03,1,1.0000000000000000e+00,-3.8096671652138370e+00,1.1714959593454013e+01,1.3651522910585929e+00,3.9821513154526172e-02,-2.8790794879151393e-01,-6.9395430746310056e-03
1.9855586458631813e+03,2,1.0000000000000000e+00,3.0873805826476501e+00,-2.5557435020336584e+01,-2.6893900245524871e+00,1.8797133400107716e-01,5.0281535370330088e-03,-1.1878990728939644e-03

1.9905675706962261e+03,0,1.0000000000000000e+00,-8.1251324957784732e-01,1.4952514561227964e+01,1.3656537872900723e+00,-3.7077759212349676e-01,1.4517690449701959e-01,7.8870227556273719e-03
1.9905675706962261e+03,1,1.0000000000000000e+00,-3.2141420925765711e+00,1.0563400696962457e+01,1.3279588800263946e+00,1.8375095660840840e-01,-1.5672438997638094e-01,-7.3896680437194259e-03
1.9905675706962261e+03,2,1.0000000000000000e+00,4.0266553421582794e+00,-2.5515915258185860e+01,-2.6936126673163985e+00,1.8702663551509163e-01,1.1547485479364072e-02,-4.9735471190791823e-04

1.9954640124692773e+03,0,1.0000000000000000e+00,-2.7647474454751637e+00,1.5202724718392595e+01,1.3977278610465780e+00,-4.0697181702967788e-01,-4.6828475206154963e-02,4.7977428270105822e-03
1.9954640124692773e+03,1,1.0000000000000000e+00,-2.1749514233468039e+00,1.0241079195810325e+01,1.2966595198358120e+00,2.2108864211710766e-01,2.8926867529706302e-02,-4.9786559472579893e-03
1.9954640124692773e+03,2,1.0000000000000000e+00,4.9396988688258459e+00,-2.5443803914198352e+01,-2.6943873808823211e+00,1.8588317491257331e-01,1.7901607676451436e-02,1.8091312024743483e-04

1.9999976786808124e+03,0,1.0000000000000000e+00,-4.4843854254263968e+00,1.4596231387502691e+01,1.4095924662505344e+00,-3.3576022127828187e-01,-2.1393861365823932e-01,2.7671185734512785e-04
1.9999976786808124e+03,1,1.0000000000000000e+00,-1.2953446808308957e+00,1.0753177341125932e+01,1.2825591307498514e+00,1.5109228914705752e-01,1.9021326127594648e-01,-1.0803744834358402e-03
1.9999976786808124e+03,2,1.0000000000000000e+00,5.7797301062611828e+00,-2.5349408728624034e+01,-2.6921515970003176e+00,1.8466793213122742e-01,2.3725352382295839e-02,8.0366262609073277e-04

2.0043919889056735e+03,0,1.0000000000000000e+00,-5.6632538543710966e+00,1.3405771498968528e+01,1.4005035464965254e+00,-1.9160824609459506e-01,-3.1451475038629595e-01,-4.3366747842666078e-03
2.0043919889056735e+03,1,1.0000000000000000e+00,-9.2511968918240317e-01,1.1827170910941934e+01,1.2868133638555286e+00,8.2599690539653936e-03,2.8525295643716009e-01,2.9423542920117398e-03
2.0043919889056735e+03,2,1.0000000000000000e+00,6.5883735435574051e+00,-2.5232942409905863e+01,-2.6873169103519849e+00,1.8334827704063264e-01,2.9261793949138915e-02,1.3943204922548889e-03

2.0096317642586550e+03,0,1.0000000000000000e+00,-6.1238712885895588e+00,1.1695113309148251e+01,1.3662242617877665e+00,1.5652370943388061e-02,-3.1549755770879040e-01,-8.3338497825545376e-03
2.0096317642586550e+03,1,1.0000000000000000e+00,-1.4206274878710250e+00,1.3367553538739420e+01,1.3119797486487017e+00,-1.9721024748443294e-01,2.7979216057196354e-01,6.2522820942108159e-03
2.0096317642586550e+03,2,1.0000000000000000e+00,7.5444987764645060e+00,-2.5062666847883055e+01,-2.6782040104364011e+00,1.8155787654104816e-01,3.5705397136829742e-02,2.0815676883437391e-03

2.0145878562368021e+03,0,1.0000000000000000e+00,-5.6276764935508687e+00,1.0379347107858418e+01,1.3212360869956168e+00,1.7209135891189006e-01,-1.9905559882971333e-01,-9.3031359984887037e-03
2.0145878562368021e+03,1,1.0000000000000000e+00,-2.8119358537022876e+00,1.4491506796595070e+01,1.3450595407948613e+00,-3.5171115574267653e-01,1.5736916946472021e-01,6.5795952061960730e-03
2.0145878562368021e+03,2,1.0000000000000000e+00,8.4396123472570945e+00,-2.4870853904448854e+01,-2.6662956277904102e+00,1.7961979683078977e-01,4.1686429364996037e-02,2.7235407922926516e-03

2.0194280982676419e+03,0,1.0000000000000000e+00,-4.6118151611630989e+00,9.8394027257278971e+00,1.2799242848934185e+00,2.2867815711961040e-01,-1.8278310204845702e-02,-7.3219620424090307e-03
2.0194280982676419e+03,1,1.0000000000000000e+00,-4.6921786933512664e+00,1.4815664347684157e+01,1.3716732409548842e+00,-4.0619133404078944e-01,-2.9190655301471011e-02,3.9723505326010131e-03
2.0194280982676419e+03,2,1.0000000000000000e+00,9.3039938545183212e+00,-2.4655067073407405e+01,-2.6515975258482358e+00,1.7751317692118224e-01,4.7468965506319918e-02,3.3496115098080367e-03

2.0242148264896866e+03,0,1.0000000000000000e+00,-3.6137283192519067e+00,1.0190811879894678e+01,1.2539218006659056e+00,1.6988414092965895e-01,1.5890903143870222e-01,-3.3186060971033462e-03
2.0242148264896866e+03,1,1.0000000000000000e+00,-6.5346549308139572e+00,1.4223468457472260e+01,1.3801676711574733e+00,-3.4515231564472149e-01,-2.1203115801227324e-01,-6.4545549348984758e-04
2.0242148264896866e+03,2,1.0000000000000000e+00,1.0148383250069836e+01,-2.4414280337362282e+01,-2.6340894718233119e+00,1.7526817471506584e-01,5.3122126573574277e-02,3.9640615905932111e-03

2.0286495726583112e+03,0,1.0000000000000000e+00,-3.1431535746702721e+00,1.1158209739514625e+01,1.2485649310043034e+00,3.2210477415037797e-02,2.6419510013015501e-01,8.5285186173878922e-04
2.0286495726583112e+03,1,1.0000000000000000e+00,-7.7776706226058554e+00,1.3009064135521395e+01,1.3667047946431035e+00,-2.0528253642421090e-01,-3.2244755492230470e-01,-5.3736142712170927e-03
2.0286495726583112e+03,2,1.0000000000000000e+00,1.0920824197280115e+01,-2.4167273875031341e+01,-2.6152697256473396e+00,1.7307205900917622e-01,5.8252454792152929e-02,4.5207624094783195e-03

2.0339471489680757e+03,0,1.0000000000000000e+00,-3.5171570385337549e+00,1.2635914112986615e+01,1.2637420254137264e+00,-1.7429384706343282e-01,2.7035758812479654e-01,4.4798441958942541e-03
2.0339471489680757e+03,1,1.0000000000000000e+00,-8.3132418577982303e+00,1.1206925502755277e+01,1.3258627666606662e+00,4.0057071398251209e-03,-3.3455507118510980e-01,-9.6448361425779429e-03
2.0339471489680757e+03,2,1.0000000000000000e+00,1.1830398896335986e+01,-2.3842839615737194e+01,-2.5896047920743257e+00,1.7028813992361108e-01,6.4197483060316571e-02,5.1649919466837052e-03

2.0389708523759225e+03,0,1.0000000000000000e+00,-4.8265294034315644e+00,1.3748315842851110e+01,1.2892139805045835e+00,-3.3504626733603315e-01,1.5537874034967103e-01,5.1398425245990009e-03
2.0389708523759225e+03,1,1.0000000000000000e+00,-7.8522997168518538e+00,9.7582187328669523e+00,1.2729427319254363e+00,1.6759869976972930e-01,-2.2504576404696819e-01,-1.0900665669031633e-02
2.0389708523759225e+03,2,1.0000000000000000e+00,1.2678829120287439e+01,-2.3506534575713353e+01,-2.5621567124299518e+00,1.6744756756630741e-01,6.9667023697300490e-02,5.7608231444326516e-03

2.0434839726730879e+03,0,1.0000000000000000e+00,-6.5146622678297810e+00,1.4083405925354937e+01,1.3086568462438626e+00,-3.9723583822598879e-01,-1.2948335985897341e-02,3.0799234806093271e-03
2.0434839726730879e+03,1,1.0000000000000000e+00,-6.9137792653141306e+00,9.0978113373833267e+00,1.2263037237945844e+00,2.3251753913607681e-01,-6.1537954023365815e-02,-9.3705818343718297e-03
2.0434839726730879e+03,2,1.0000000000000000e+00,1.3428441533147950e+01,-2.3181217262733540e+01,-2.5349605700383795e+00,1.6471829908991559e-01,7.4486290009266654e-02,6.2906583537625221e-03

2.0485793719510411e+03,0,1.0000000000000000e+00,-8.4663614596544274e+00,1.3502602486505522e+01,1.3132902530009023e+00,-3.4772887241569300e-01,-2.0988372706038111e-01,-1.5560261542772783e-03
2.0485793719510411e+03,1,1.0000000000000000e+00,-5.7931720326608414e+00,9.2853878942815271e+00,1.1881034883082533e+00,1.8625947224888312e-01,1.3004029640798326e-01,-5.3271532550745373e-03
2.0485793719510411e+03,2,1.0000000000000000e+00,1.4259533492319321e+01,-2.2787990380782311e+01,-2.5013937413090872e+00,1.6146940016681333e-01,7.9843430652401237e-02,6.8831794093518386e-03

2.0531712099126721e+03,0,1.0000000000000000e+00,-9.7718296411612489e+00,1.2230262950102402e+01,1.2948518380374816e+00,-2.0920755155456433e-01,-3.3091515521997222e-01,-6.4513006767725756e-03
2.0531712099126721e+03,1,1.0000000000000000e+00,-5.2222079604514038e+00,1.0180211266226362e+01,1.1737311914140871e+00,5.0774300724250210e-02,2.4635054710351884e-01,-9.5382631275630833e-04
2.0531712099126721e+03,2,1.0000000000000000e+00,1.4994037601616725e+01,-2.2410474216324001e+01,-2.4685830294515005e+00,1.5843325083031756e-01,8.4564608116456941e-02,7.4051269895289082e-03

2.0582576867809039e+03,0,1.0000000000000000e+00,-1.0329669534797883e+01,1.0435079783111044e+01,1.2501842816453788e+00,-7.8986263049061201e-03,-3.5334445397263836e-01,-1.0769276790944072e-02
2.0582576867809039e+03,1,1.0000000000000000e+00,-5.4614658365400377e+00,1.1532313863552062e+01,1.1793045833210449e+00,-1.4706656265002926e-01,2.6372353976849705e-01,2.8063157431650106e-03
2.0582576867809039e+03,2,1.0000000000000000e+00,1.5791135371342007e+01,-2.1967393646658330e+01,-2.4294888649663555e+00,1.5496518895493849e-01,8.9620914204144808e-02,7.9629610477790838e-03

2.0633001552435899e+03,0,1.0000000000000000e+00,-9.9068946212974289e+00,8.8601234879859057e+00,1.1905035354858828e+00,1.6465325238179734e-01,-2.5301261534745223e-01,-1.2375102696146188e-02
2.0633001552435899e+03,1,1.0000000000000000e+00,-6.6566939357135473e+00,1.2643135145595862e+01,1.1974801524704881e+00,-3.1604004354239279e-01,1.5857309864460672e-01,3.8784048614258840e-03
2.0633001552435899e+03,2,1.0000000000000000e+00,1.6563588557015084e+01,-2.1503258633576973e+01,-2.3879836879563014e+00,1.5138679116059905e-01,9.4439516702849030e-02,8.4966978347203251e-03

2.0681175566261636e+03,0,1.0000000000000000e+00,-8.8849615027272435e+00,8.0399093344940269e+00,1.1332797888252228e+00,2.4164741921333324e-01,-7.9766147027935982e-02,-1.0912068015198463e-02
2.0681175566261636e+03,1,1.0000000000000000e+00,-8.3993584334040055e+00,1.2997606946037024e+01,1.2125667613951068e+00,-3.8945350687130020e-01,-1.9133404150933050e-02,1.9163042331319258e-03
2.0681175566261636e+03,2,1.0000000000000000e+00,1.7284319936135375e+01,-2.1037516280526248e+01,-2.3458465502202599e+00,1.4780608765797060e-01,9.8899551178872766e-02,8.9957637820665595e-03

2.0729211904228769e+03,0,1.0000000000000000e+00,-7.7678166785722027e+00,8.1086776810810797e+00,1.0892521477102495e+00,2.0434429918030783e-01,1.0435359681723277e-01,-7.1345503721398761e-03
2.0729211904228769e+03,1,1.0000000000000000e+00,-1.0217629961892321e+01,1.2443285344501337e+01,1.2122010107981274e+00,-3.4843198822615218e-01,-2.0759920900370338e-01,-2.3515773637207225e-03
2.0729211904228769e+03,2,1.0000000000000000e+00,1.7985446640468659e+01,-2.0551963025577589e+01,-2.3014531585083073e+00,1.4408768904584796e-01,1.0324561218647449e-01,9.4861277358606177e-03

2.0776729092737019e+03,0,1.0000000000000000e+00,-7.0872037518526980e+00,8.9385174299555494e+00,1.0662630039490630e+00,6.9100015983825314e-02,2.3093228370326113e-01,-2.5446260490732068e-03
2.0776729092737019e+03,1,1.0000000000000000e+00,-1.1573958970157019e+01,1.1112837657244359e+01,1.1889832005364787e+00,-2.0940866923585533e-01,-3.3837237001458353e-01,-7.4153086242947971e-03
2.0776729092737019e+03,2,1.0000000000000000e+00,1.8661162722013877e+01,-2.0051355087195066e+01,-2.2552462044854718e+00,1.4030865325203368e-01,1.0744008631132627e-01,9.9599346733680282e-03

2.0822694035941272e+03,0,1.0000000000000000e+00,-7.1711979980536960e+00,1.0101678321746210e+01,1.0635009943449591e+00,-1.0835216161683284e-01,2.5764971861918029e-01,1.0865153751720581e-03
2.0822694035941272e+03,1,1.0000000000000000e+00,-1.2126368560010707e+01,9.4467622458754370e+00,1.1449423579883491e+00,-2.8237801596597917e-02,-3.6900873896570185e-01,-1.1488125685865913e-02
2.0822694035941272e+03,2,1.0000000000000000e+00,1.9297566558068578e+01,-1.9548440567616783e+01,-2.2084433523332381e+00,1.3658996321343450e-01,1.1135902034652530e-01,1.0401610310693884e-02

2.0871916520337704e+03,0,1.0000000000000000e+00,-8.1513492525692399e+00,1.1205552893308592e+01,1.0739236973741719e+00,-2.8120943029151424e-01,1.7275258091566631e-01,2.6695364764081839e-03
2.0871916520337704e+03,1,1.0000000000000000e+00,-1.1808594493365870e+01,7.7847951760313840e+00,1.0821968095357413e+00,1.4867977516961611e-01,-2.8812470721094458e-01,-1.3524556855664862e-02
2.0871916520337704e+03,2,1.0000000000000000e+00,1.9959943745939306e+01,-1.8990348069335084e+01,-2.1561205069098430e+00,1.3252965512190185e-01,1.1537212629528203e-01,1.0855020379256709e-02

2.0919864873212423e+03,0,1.0000000000000000e+00,-9.7580457395957296e+00,1.1659358300203003e+01,1.0846288909565489e+00,-3.7241929343729552e-01,7.1421449901186845e-03,1.3227773085862128e-03
2.0919864873212423e+03,1,1.0000000000000000e+00,-1.0827651769437640e+01,6.7687770105896661e+00,1.0184157095341628e+00,2.4395884676313162e-01,-1.2625263635584993e-01,-1.2604598100005495e-02
2.0919864873212423e+03,2,1.0000000000000000e+00,2.0585697509037573e+01,-1.8428135310787770e+01,-2.1030446004906427e+00,1.2846044667416778e-01,1.1911049136573509e-01,1.1281820791419313e-02

2.0967005980417234e+03,0,1.0000000000000000e+00,-1.1517010551692938e+01,1.1249700637045907e+01,1.0828204835771271e+00,-3.5537733925961640e-01,-1.7948881148510726e-01,-2.4091709373949620e-03
2.0967005980417234e+03,1,1.0000000000000000e+00,-9.6645821787641601e+00,6.6085272641677255e+00,9.6607070431482800e-01,2.3104445037088145e-01,5.6829459467727106e-02,-9.2825839121835410e-03
2.0967005980417234e+03,2,1.0000000000000000e+00,2.1181592730461318e+01,-1.7858227901208711e+01,-2.0488911878918854e+00,1.2433288888873897e-01,1.2265935201738393e-01,1.1691754849578542e-02

2.1014569443374139e+03,0,1.0000000000000000e+00,-1.2956928986924652e+01,1.0017120695072148e+01,1.0597015641532996e+00,-2.3527619226363433e-01,-3.2689765009307814e-01,-7.3806097997321032e-03
2.1014569443374139e+03,1,1.0000000000000000e+00,-8.8059196040263910e+00,7.2493898754754316e+00,9.3261539712212205e-01,1.1520933709156639e-01,2.0076339714407587e-01,-4.7145167466054391e-03
2.1014569443374139e+03,2,1.0000000000000000e+00,2.1762848590955286e+01,-1.7266510570542643e+01,-1.9923169612753520e+00,1.2006685517207180e-01,1.2613425294900601e-01,1.2095126546337584e-02

2.1062356754194884e+03,0,1.0000000000000000e+00,-1.3656104555899539e+01,8.2805860404490677e+00,1.0130838153155426e+00,-5.1880846659298596e-02,-3.8140732813798250e-01,-1.1908325871891480e-02
2.1062356754194884e+03,1,1.0000000000000000e+00,-8.6701513651989011e+00,8.3750648041798073e+00,9.2049486406551217e-01,-6.3843850348677622e-02,2.5190836003240757e-01,-5.7677058974364530e-04
2.1062356754194884e+03,2,1.0000000000000000e+00,2.2326255921102700e+01,-1.6655650844623917e+01,-1.9335786793809850e+00,1.1572469700798035e-01,1.2949896810557848e-01,1.2485096461635160e-02

2.1109525538954708e+03,0,1.0000000000000000e+00,-1.3463764116439028e+01,6.5741912303000012e+00,9.5003430174314130e-01,1.2759723087534000e-01,-3.2429988699289564e-01,-1.4403163516994976e-02
2.1109525538954708e+03,1,1.0000000000000000e+00,-9.3981733866496491e+00,9.4631094253122594e+00,9.2378223478109001e-01,-2.3899943176590807e-01,1.9164188649189445e-01,1.5516409786491530e-03
2.1109525538954708e+03,2,1.0000000000000000e+00,2.2861937503092957e+01,-1.6037300655607289e+01,-1.8738165365241610e+00,1.1140220089057271e-01,1.3265800050100454e-01,1.2851522538345855e-02

2.1157303407391250e+03,0,1.0000000000000000e+00,-1.2538728183882714e+01,5.3534642310652067e+00,8.8075713930310484e-01,2.4435237584293790e-01,-1.7504984911834598e-01,-1.4104875938629280e-02
2.1157303407391250e+03,1,1.0000000000000000e+00,-1.0844891379462368e+01,1.0042737776275033e+01,9.3080576565209427e-01,-3.5131458988572528e-01,3.9370389788428495e-02,8.9930012993470407e-04
2.1157303407391250e+03,2,1.0000000000000000e+00,2.3383619563349388e+01,-1.5396202007335251e+01,-1.8115629049551287e+00,1.0696221404279188e-01,1.3567945932992093e-01,1.3205575808694603e-02

2.1203993239712859e+03,0,1.0000000000000000e+00,-1.1327741582676055e+01,4.9624315474372356e+00,8.2078274764838821e-01,2.5601475344326130e-01,8.4879820269781747e-03,-1.1222513924815894e-02
2.1203993239712859e+03,1,1.0000000000000000e+00,-1.2544974866491394e+01,9.7936940461952915e+00,9.2834085107398678e-01,-3.5854455267003771e-01,-1.4696896741472462e-01,-2.3165635237308996e-03
2.1203993239712859e+03,2,1.0000000000000000e+00,2.3872716449171776e+01,-1.4756125593627525e+01,-1.7491235987223048e+00,1.0252979922678086e-01,1.3848098538775011e-01,1.3539077448546821e-02

2.1253751444954501e+03,0,1.0000000000000000e+00,-1.0264917300997215e+01,5.4430743988475943e+00,7.7631440248583394e-01,1.5350297541786573e-01,1.7350027142811481e-01,-6.5119953206495135e-03
2.1253751444954501e+03,1,1.0000000000000000e+00,-1.4105998489575635e+01,8.6168365943701133e+00,9.0458050564573811e-01,-2.5120633713321705e-01,-3.1483819443796246e-01,-7.3709296546910878e-03
2.1253751444954501e+03,2,1.0000000000000000e+00,2.4370915790577197e+01,-1.4059910993212691e+01,-1.6808949081315012e+00,9.7703361715355902e-02,1.4133792300985132e-01,1.3882924975340633e-02

2.1302388222521140e+03,0,1.0000000000000000e+00,-9.9281801451687564e+00,6.5024975286796298e+00,7.5591264048986595e-01,-2.2373189722111053e-02,2.4359870344212187e-01,-2.0601898211990641e-03
2.1302388222521140e+03,1,1.0000000000000000e+00,-1.4906328694232371e+01,6.8634436600007982e+00,8.5667085469874471e-01,-7.0552859756089326e-02,-3.8760725261562246e-01,-1.2144594886432960e-02
2.1302388222521140e+03,2,1.0000000000000000e+00,2.4834508839405505e+01,-1.3365941188675393e+01,-1.6125834951885403e+00,9.2926049478205028e-02,1.4400854917350434e-01,1.4204784707632052e-02

2.1350396755736479e+03,0,1.0000000000000000e+00,-1.0482571737173313e+01,7.6092953186665522e+00,7.5318042726507550e-01,-2.0405670828044764e-01,1.9877016222998592e-01,5.1275163986943574e-04
2.1350396755736479e+03,1,1.0000000000000000e+00,-1.4786704533681597e+01,5.0592418434941289e+00,7.9048022950592278e-01,1.1586348700356408e-01,-3.4526747530481539e-01,-1.5017621772044428e-02
2.1350396755736479e+03,2,1.0000000000000000e+00,2.5269276270859297e+01,-1.2668537162155621e+01,-1.5436606567709272e+00,8.8193221276888126e-02,1.4649731307483313e-01,1.4504870132175019e-02

2.1398335409351439e+03,0,1.0000000000000000e+00,-1.1791524157832178e+01,8.2542003981167369e+00,7.5636035367382770e-01,-3.2785446639142696e-01,5.7583669626802225e-02,3.2660246373038271e-04
2.1398335409351439e+03,1,1.0000000000000000e+00,-1.3889175492890105e+01,3.7064389155466433e+00,7.1708388902247944e-01,2.4440808021847132e-01,-2.0639123427637945e-01,-1.5113208652570438e-02
2.1398335409351439e+03,2,1.0000000000000000e+00,2.5680699650726702e+01,-1.1960639313658305e+01,-1.4734442426962358e+00,8.3446386172960130e-02,1.4880756464958106e-01,1.4786606188840083e-02

2.1444929287920309e+03,0,1.0000000000000000e+00,-1.3414570421106397e+01,8.1030781171383452e+00,7.5224719504927862e-01,-3.5100128927296320e-01,-1.2496114784349702e-01,-2.4718091802782734e-03
2.1444929287920309e+03,1,1.0000000000000000e+00,-1.2644089831271764e+01,3.1593030559687652e+00,6.5169137082968298e-01,2.7222342223016854e-01,-2.5927124817825969e-02,-1.2574150900191535e-02
2.1444929287920309e+03,2,1.0000000000000000e+00,2.6058660252382595e+01,-1.1262381173102019e+01,-1.4039385658788901e+00,7.8777867042799210e-02,1.5088827266132671e-01,1.5045960080469840e-02

2.1490914465945862e+03,0,1.0000000000000000e+00,-1.4881044849236984e+01,7.1326425597127852e+00,7.3107371683196753e-01,-2.7081578468358491e-01,-2.8957091773557653e-01,-6.9081581776820888e-03
2.1490914465945862e+03,1,1.0000000000000000e+00,-1.1529138913754608e+01,3.4314143212744126e+00,6.0310969159824168e-01,1.9672027201423137e-01,1.3676151949281440e-01,-8.3821248025294295e-03
2.1490914465945862e+03,2,1.0000000000000000e+00,2.6410183762996056e+01,-1.0564056880982086e+01,-1.3341834084301374e+00,7.4095512669358127e-02,1.5280939824276585e-01,1.5290282980211550e-02

2.1539054265926043e+03,0,1.0000000000000000e+00,-1.5808166296707725e+01,5.4649347360712701e+00,6.8579101393861541e-01,-1.0441958350563077e-01,-3.8648892593462320e-01,-1.1801096026805586e-02
2.1539054265926043e+03,1,1.0000000000000000e+00,-1.0946783911160324e+01,4.3588950164194440e+00,5.7419465688191285e-01,3.5286130388199027e-02,2.3178546403492556e-01,-3.7321994052790571e-03
2.1539054265926043e+03,2,1.0000000000000000e+00,2.6754950207872533e+01,-9.8238297524855867e+00,-1.2599856708204564e+00,6.9133453117436516e-02,1.5470346189970144e-01,1.5533295432084678e-02

2.1586114249372931e+03,0,1.0000000000000000e+00,-1.5853571515854876e+01,3.6336058727281717e+00,6.2145879131603521e-01,8.3758889411412824e-02,-3.7312402369292536e-01,-1.5189031663725058e-02
2.1586114249372931e+03,1,1.0000000000000000e+00,-1.1215270161288000e+01,5.4580679289008742e+00,5.6489745588610318e-01,-1.4802690385301379e-01,2.1669117701125856e-01,-5.6670774874604396e-04
2.1586114249372931e+03,2,1.0000000000000000e+00,2.7068841677147379e+01,-9.0916738016238998e+00,-1.1863562472020663e+00,6.4268014441605820e-02,1.5643284668167062e-01,1.5755739412471135e-02

2.1633149056828220e+03,0,1.0000000000000000e+00,-1.5084071118998905e+01,2.1163598097862999e+00,5.4690419296313797e-01,2.3180290022370031e-01,-2.5742683762245627e-01,-1.6038212887060803e-02
2.1633149056828220e+03,1,1.0000000000000000e+00,-1.2275636579102727e+01,6.2357569478567854e+00,5.6485483402434267e-01,-2.9121706415201620e-01,9.9414554449640424e-02,7.6701801146161763e-05
2.1633149056828220e+03,2,1.0000000000000000e+00,2.7359707698106160e+01,-8.3521167576379227e+00,-1.1117590269874082e+00,5.9414163928320829e-02,1.5801228317281960e-01,1.5961511085914676e-02

2.1680686701462560e+03,0,1.0000000000000000e+00,-1.3802125978253315e+01,1.3060766642009565e+00,4.7431099941870025e-01,2.8933279577620807e-01,-7.7908272783173582e-02,-1.4060491020652724e-02
2.1680686701462560e+03,1,1.0000000000000000e+00,-1.3828347866120090e+01,6.2914279564339317e+00,5.6110838017341336e-01,-3.4382994657885790e-01,-8.1530947584489422e-02,-2.0930560800694071e-03
2.1680686701462560e+03,2,1.0000000000000000e+00,2.7630473844377960e+01,-7.5975046206297083e+00,-1.0354193795920408e+00,5.4497150802654937e-02,1.5943922036766689e-01,1.6153547100722150e-02

2.1727685512593707e+03,0,1.0000000000000000e+00,-1.2525271878649868e+01,1.3692986107407297e+00,4.1715819668997223e-01,2.3625509613326365e-01,9.9233855338077354e-02,-1.0018732774243633e-02
2.1727685512593707e+03,1,1.0000000000000000e+00,-1.5349820335708715e+01,5.4758564730860542e+00,5.4192255905665387e-01,-2.8584358964150969e-01,-2.5992789316082476e-01,-6.3109142868358371e-03
2.1727685512593707e+03,2,1.0000000000000000e+00,2.7875092214363164e+01,-6.8451550838215880e+00,-9.5908075574655349e-01,4.9588493508251195e-02,1.6069403782275127e-01,1.6329647061079498e-02

2.1777699245320428e+03,0,1.0000000000000000e+00,-1.1697960530351697e+01,2.2054932132594942e+00,3.7959011428920930e-01,8.1846813195453408e-02,2.1833917867548391e-01,-5.0521196102473673e-03
2.1777699245320428e+03,1,1.0000000000000000e+00,-1.6411950046326172e+01,3.8329257130702894e+00,4.9738042966137053e-01,-1.2615170460520975e-01,-3.8022941581204317e-01,-1.1450835916719618e-02
2.1777699245320428e+03,2,1.0000000000000000e+00,2.8109910576682470e+01,-6.0384189263245656e+00,-8.7697054395050666e-01,4.4304891409761252e-02,1.6189023713656323e-01,1.6502955526967004e-02

2.1826785824861508e+03,0,1.0000000000000000e+00,-1.1763753273652334e+01,3.3354329261434215e+00,3.6463113357941379e-01,-1.0898848993467845e-01,2.2180871324462453e-01,-1.3850419930590829e-03
2.1826785824861508e+03,1,1.0000000000000000e+00,-1.6550852793571806e+01,1.9056937434064909e+00,4.3094539582715852e-01,6.9890561525794162e-02,-3.8474877900767673e-01,-1.5272789159499693e-02
2.1826785824861508e+03,2,1.0000000000000000e+00,2.8314606067228780e+01,-5.2411266695446761e+00,-7.9557652940649948e-01,3.9097928408889274e-02,1.6294006576305611e-01,1.6657831152558797e-02

2.1873275226585029e+03,0,1.0000000000000000e+00,-1.2642889626516261e+01,4.1653594529803861e+00,3.6176252560751232e-01,-2.5921577182421229e-01,1.2024808489398968e-01,-2.9700229272782222e-04
2.1873275226585029e+03,1,1.0000000000000000e+00,-1.5842054443508410e+01,3.1620434439258327e-01,3.5606138625259459e-01,2.2502842406576262e-01,-2.8405286099106225e-01,-1.6492244631518424e-02
2.1873275226585029e+03,2,1.0000000000000000e+00,2.8484944070029318e+01,-4.4815637973677145e+00,-7.1782391186003403e-01,3.4187347758454688e-02,1.6380477609707647e-01,1.6789246924246271e-02

2.1919768282509117e+03,0,1.0000000000000000e+00,-1.4046396894829279e+01,4.3481371438369578e+00,3.5763273692108277e-01,-3.2802627810461482e-01,-4.8571976992954097e-02,-1.9123763555495797e-03
2.1919768282509117e+03,1,1.0000000000000000e+00,-1.4586125183140146e+01,-6.2987262686299950e-01,2.8185651965838437e-01,2.9872827325509343e-01,-1.1594650222641709e-01,-1.4993286036225286e-02
2.1919768282509117e+03,2,1.0000000000000000e+00,2.8632522077974102e+01,-3.7182645169686861e+00,-6.3948925657939415e-01,2.9298004849526438e-02,1.6451847921937493e-01,1.6905662391774885e-02

2.1972345850621496e+03,0,1.0000000000000000e+00,-1.5702892911340463e+01,3.5502388350565326e+00,3.3690343661177924e-01,-2.7973199258111170e-01,-2.4992771048090964e-01,-6.3101145719433706e-03
2.1972345850621496e+03,1,1.0000000000000000e+00,-1.3069114830411630e+01,-6.9868166547295374e-01,2.1339102436842150e-01,2.5597748804596787e-01,8.4791161792890563e-02,-1.0710152830297498e-02
2.1972345850621496e+03,2,1.0000000000000000e+00,2.8772007741756795e+01,-2.8515571695782862e+00,-5.5029446098012758e-01,2.3754504535148852e-02,1.6513654868802286e-01,1.7020267402240885e-02

2.2020608818803089e+03,0,1.0000000000000000e+00,-1.6729974102100375e+01,2.0082739908010643e+00,2.9451833718129827e-01,-1.3306333945509305e-01,-3.7432444042434793e-01,-1.1242416834158581e-02
2.2020608818803089e+03,1,1.0000000000000000e+00,-1.2144315166750879e+01,4.5234601862893076e-02,1.7340803227688506e-01,1.1443945033483258e-01,2.0877437525995785e-01,-5.8679777683157564e-03
2.2020608818803089e+03,2,1.0000000000000000e+00,2.8874289268855982e+01,-2.0535085926586483e+00,-4.6792636945811017e-01,1.8623889120265386e-02,1.6555006516439391e-01,1.7110394602474349e-02

2.2069183862134919e+03,0,1.0000000000000000e+00,-1.6910695835501986e+01,9.6895893419222112e-02,2.2947274369352283e-01,6.0650770650165081e-02,-3.9280581093532718e-01,-1.5232964480264441e-02
2.2069183862134919e+03,1,1.0000000000000000e+00,-1.2041463737921081e+01,1.1516908967774411e+00,1.5514883855941922e-01,-7.4088909648237083e-02,2.2696147753844187e-01,-1.9535946777052698e-03
2.2069183862134919e+03,2,1.0000000000000000e+00,2.8952159573427817e+01,-1.2485867901913377e+00,-3.8462158225286880e-01,1.3438138998076943e-02,1.6584433339688887e-01,1.7186559157969725e-02

2.2115577784328857e+03,0,1.0000000000000000e+00,-1.6230397207559179e+01,-1.5544180884731815e+00,1.5421155388727814e-01,2.2375504771068511e-01,-3.0311411825741763e-01,-1.6766142279097656e-02
2.2115577784328857e+03,1,1.0000000000000000e+00,-1.2772654936719247e+01,2.0331534367023831e+00,1.5053322921838164e-01,-2.3226292552472338e-01,1.3710247910887657e-01,-4.7915468939405820e-04
2.2115577784328857e+03,2,1.0000000000000000e+00,2.9003052144283203e+01,-4.7873534822385810e-01,-3.0474478310558639e-01,8.5078778140433298e-03,1.6601163914854511e-01,1.7245296968491725e-02

2.2161484064968181e+03,0,1.0000000000000000e+00,-1.4970263606535143e+01,-2.5924933892708646e+00,7.8977822867425190e-02,3.0940442254340261e-01,-1.4101103152978348e-01,-1.5567788603174081e-02
2.2161484064968181e+03,1,1.0000000000000000e+00,-1.4060729182769707e+01,2.3089971293716518e+00,1.4649304337533775e-01,-3.1307581921685823e-01,-2.5035211551234698e-02,-1.7219197430864801e-03
2.2161484064968181e+03,2,1.0000000000000000e+00,2.9030992789309650e+01,2.8349625990457294e-01,-2.2547086624268947e-01,3.6713966734607251e-03,1.6604624308102203e-01,1.7289708346260573e-02

2.2213469959007061e+03,0,1.0000000000000000e+00,-1.3374119832556829e+01,-2.7885691612678682e+00,7.6584721130057154e-03,2.8220101393582164e-01,6.2232984815186881e-02,-1.1499012847399549e-02
2.2213469959007061e+03,1,1.0000000000000000e+00,-1.5661786931851582e+01,1.6421475131018628e+00,1.2783495046183430e-01,-2.8042057725500324e-01,-2.2813894314991170e-01,-5.8244471419845838e-03
2.2213469959007061e+03,2,1.0000000000000000e+00,2.9035906764413241e+01,1.1464216481713845e+00,-1.3549342257476660e-01,-1.7804366808132355e-03,1.6590595833472857e-01,1.7323459989384157e-02

2.2262978218606204e+03,0,1.0000000000000000e+00,-1.2278553310893855e+01,-2.1029373159310318e+00,-3.6900495549320525e-02,1.4590563631147566e-01,2.0006454658347056e-01,-6.4787595297324981e-03
2.2262978218606204e+03,1,1.0000000000000000e+00,-1.6735658796759424e+01,1.3583240092814775e-01,8.6582781877675513e-02,-1.3891741786341769e-01,-3.6566713297336756e-01,-1.0860518645325178e-02
2.2262978218606204e+03,2,1.0000000000000000e+00,2.9014212107658139e+01,1.9671049150082838e+00,-4.9682286328281380e-02,-6.9882184480526575e-03,1.6560258638990083e-01,1.7339278175057708e-02

2.2311505597105997e+03,0,1.0000000000000000e+00,-1.2015582406518373e+01,-1.0109635855940220e+00,-5.7660866253519766e-02,-4.0574217851671208e-02,2.3041500111787436e-01,-2.3570001014480528e-03
2.2311505597105997e+03,1,1.0000000000000000e+00,-1.6952288399555115e+01,-1.7587724834290830e+00,2.3193413489277975e-02,5.2685589802344439e-02,-3.9558805345589598e-01,-1.4982612062889823e-02
2.2311505597105997e+03,2,1.0000000000000000e+00,2.8967870806078363e+01,2.7697360690285242e+00,3.4467452764315454e-02,-1.2111371950667894e-02,1.6517305233802551e-01,1.7339612164337898e-02

2.2357111214312990e+03,0,1.0000000000000000e+00,-1.2583332027071098e+01,-9.8242011761359382e-02,-6.3407674243191547e-02,-2.0093962300037713e-01,1.5411658529208783e-01,-5.7745754768933136e-04
2.2357111214312990e+03,1,1.0000000000000000e+00,-1.6318352961666090e+01,-3.4236573937553407e+00,-5.0113690235814246e-02,2.1784696444776383e-01,-3.1878219020701659e-01,-1.6749360064161559e-02
2.2357111214312990e+03,2,1.0000000000000000e+00,2.8901684988742094e+01,3.5218994055221380e+00,1.1352136447907960e-01,-1.6907341447381298e-02,1.6466560491493246e-01,1.7326817611850918e-02

2.2401675421580435e+03,0,1.0000000000000000e+00,-1.3713087593907556e+01,2.7749333496500528e-01,-6.6800975492087022e-02,-2.9207627053640051e-01,5.7511161057390014e-03,-1.3637630758020040e-03
2.2401675421580435e+03,1,1.0000000000000000e+00,-1.5102898384974775e+01,-4.5319118012075599e+00,-1.2388597945843448e-01,3.1362064316034888e-01,-1.6981380215822880e-01,-1.5938652766813742e-02
2.2401675421580435e+03,2,1.0000000000000000e+00,2.8815985978887259e+01,4.2544184662480067e+00,1.9068695495059557e-01,-2.1544372623943091e-02,1.6406268605249363e-01,1.7302415842615770e-02

2.2454878103294286e+03,0,1.0000000000000000e+00,-1.5291973860854416e+01,-2.4768103315099488e-01,-8.3053567395494021e-02,-2.7808626064561243e-01,-2.0192402959525316e-01,-5.1691144892287329e-03
2.2454878103294286e+03,1,1.0000000000000000e+00,-1.3394804198422902e+01,-4.8773205622813514e+00,-1.9957508048468431e-01,3.0510588086877549e-01,3.8748844941312005e-02,-1.2088297421715357e-02
2.2454878103294286e+03,2,1.0000000000000000e+00,2.8686778059282275e+01,5.1250015954378192e+00,2.8262864788025249e-01,-2.7019620223157681e-02,1.6317518465394507e-01,1.7257411910944126e-02

2.2505215206841635e+03,0,1.0000000000000000e+00,-1.6402628444029983e+01,-1.6762785542673759e+00,-1.2157392378469609e-01,-1.4707180139792589e-01,-3.5205409795875670e-01,-1.0205796997863593e-02
2.2505215206841635e+03,1,1.0000000000000000e+00,-1.2135153481580470e+01,-4.2676050423699579e+00,-2.4778060411893715e-01,1.7925186592837303e-01,1.8989828951088633e-01,-6.9919783086309605e-03
2.2505215206841635e+03,2,1.0000000000000000e+00,2.8537781925615437e+01,5.9438835966428254e+00,3.6935452790370754e-01,-3.2180064530441560e-02,1.6215580844787431e-01,1.7197775306494592e-02

2.2554465019390400e+03,0,1.0000000000000000e+00,-1.6666880691114777e+01,-3.5685736823089966e+00,-1.8318382119544366e-01,4.4604526346868095e-02,-3.9653220175052956e-01,-1.4559680642101976e-02
2.2554465019390400e+03,1,1.0000000000000000e+00,-1.1699967667548506e+01,-3.1711557339418688e+00,-2.7069184980671179e-01,-7.3692356992939023e-03,2.3552240502774829e-01,-2.5633416523064192e-03
2.2554465019390400e+03,2,1.0000000000000000e+00,2.8366848358668300e+01,6.7397294162563783e+00,4.5387567100222992e-01,-3.7235290647568781e-02,1.6100979672278531e-01,1.7123022294408423e-02

2.2600698550666521e+03,0,1.0000000000000000e+00,-1.6045449596220454e+01,-5.2844938325168407e+00,-2.5620118576961359e-01,2.1763324009176060e-01,-3.2883881870700138e-01,-1.6605682963674349e-02
2.2600698550666521e+03,1,1.0000000000000000e+00,-1.2138298947900989e+01,-2.1969419976417202e+00,-2.7665131775312185e-01,-1.7566806893987558e-01,1.6901259224570070e-01,-4.3354692168589767e-04
2.2600698550666521e+03,2,1.0000000000000000e+00,2.8183748544126477e+01,7.4814358301640924e+00,5.3285250352280999e-01,-4.1965171151879449e-02,1.5982622646130457e-01,1.7039229885360285e-02

2.2645757871287292e+03,0,1.0000000000000000e+00,-1.4795537943975972e+01,-6.4575186811162197e+00,-3.3060812727087757e-01,3.2307277286351826e-01,-1.8188848090972265e-01,-1.5977719064862918e-02
2.2645757871287292e+03,1,1.0000000000000000e+00,-1.3188826474105120e+01,-1.7413054564470931e+00,-2.7881655265303018e-01,-2.7655046799731947e-01,2.3312186091366982e-02,-9.6852199403591258e-04
2.2645757871287292e+03,2,1.0000000000000000e+00,2.7984364418086159e+01,8.1988241375688631e+00,6.0942467992398242e-01,-4.6522304866193215e-02,1.5857629481835978e-01,1.6946241058898859e-02

2.2699572451171821e+03,0,1.0000000000000000e+00,-1.2992250302921768e+01,-6.8616233921008991e+00,-4.0753353089617728e-01,3.2275863511518449e-01,3.1314559570058687e-02,-1.2151204674327835e-02
2.2699572451171821e+03,1,1.0000000000000000e+00,-1.4727306007362094e+01,-2.1862310649922234e+00,-2.9275586920832675e-01,-2.7088018797715346e-01,-1.8824699608911299e-01,-4.6693028876118583e-03
2.2699572451171821e+03,2,1.0000000000000000e+00,2.7719556310288951e+01,9.0478544570986905e+00,7.0028940010457907e-01,-5.1878447138025585e-02,1.5693243651905808e-01,1.6820507561939736e-02

2.2750297041885233e+03,0,1.0000000000000000e+00,-1.1624054054846351e+01,-6.2701363197803897e+00,-4.5622043130555967e-01,1.9990578740950166e-01,1.8834329112906412e-01,-6.9592973723886301e-03
2.2750297041885233e+03,1,1.0000000000000000e+00,-1.5819674098799453e+01,-3.5694479352733071e+00,-3.2905468066827204e-01,-1.4303393391811076e-01,-3.4354965956282202e-01,-9.7259663676374092e-03
2.2750297041885233e+03,2,1.0000000000000000e+00,2.7443728153650927e+01,9.8395842550592807e+00,7.8527511197390709e-01,-5.6871853491385557e-02,1.5520636843376151e-01,1.6685263740026084e-02

2.2800077348067080e+03,0,1.0000000000000000e+00,-1.1082162809873381e+01,-5.1558503028219711e+00,-4.7884697829768907e-01,1.2578063249054021e-02,2.3922003324051438e-01,-2.3814569574880685e-03
2.2800077348067080e+03,1,1.0000000000000000e+00,-1.6066292535230467e+01,-5.4518012154229840e+00,-3.8912146335357978e-01,4.9179053387136899e-02,-3.9257243790628088e-01,-1.4153744193030064e-02
2.2800077348067080e+03,2,1.0000000000000000e+00,2.7148455345108985e+01,1.0607651518250561e+01,8.6796844165134412e-01,-6.1757116636185529e-02,1.5335240466577013e-01,1.6535201150518170e-02

2.2847316288382722e+03,0,1.0000000000000000e+00,-1.1444695737840494e+01,-4.1364868957044205e+00,-4.8371311103395065e-01,-1.5945344431240560e-01,1.7486293665503777e-01,-1.1082125837500942e-04
2.2847316288382722e+03,1,1.0000000000000000e+00,-1.5401107938344115e+01,-7.1911918821852181e+00,-4.6199991254798678e-01,2.2582683229152950e-01,-3.2633859890038447e-01,-1.6267273023427217e-02
2.2847316288382722e+03,2,1.0000000000000000e+00,2.6845803676189778e+01,1.1327678777895260e+01,9.4571302358201292e-01,-6.6373387979118487e-02,1.5147566224535039e-01,1.6378094281802265e-02

2.2893896204575503e+03,0,1.0000000000000000e+00,-1.2464084615863701e+01,-3.6434077105100346e+00,-4.8431716645859169e-01,-2.6347341773426836e-01,2.6399401924505461e-02,-6.1443778963395784e-04
2.2893896204575503e+03,1,1.0000000000000000e+00,-1.4062053326384083e+01,-8.3853497749331947e+00,-5.3730128657810794e-01,3.3434216143180917e-01,-1.7592981369517585e-01,-1.5597202114900521e-02
2.2893896204575503e+03,2,1.0000000000000000e+00,2.6526137942252983e+01,1.2028757485448866e+01,1.0216184530367756e+00,-7.0868743697535375e-02,1.4953041177067389e-01,1.6211639904534513e-02

2.2946627594998117e+03,0,1.0000000000000000e+00,-1.3903100677098831e+01,-4.0464363666754295e+00,-4.9579475931831363e-01,-2.5929733147206468e-01,-1.7907219748808573e-01,-4.1768438077628284e-03
2.2946627594998117e+03,1,1.0000000000000000e+00,-1.2236137391357538e+01,-8.7647373395176231e+00,-6.1078560923057679e-01,3.3515407537595421e-01,3.1873007045862101e-02,-1.1833543457902348e-02
2.2946627594998117e+03,2,1.0000000000000000e+00,2.6139238068461591e+01,1.2811173706198709e+01,1.1065803685489664e+00,-7.5856743903884041e-02,1.4719919044222701e-01,1.6010387265665216e-02

2.2996484651613191e+03,0,1.0000000000000000e+00,-1.4933832541416646e+01,-5.3554097024996832e+00,-5.2865479823256956e-01,-1.3773045425360725e-01,-3.3350479972277314e-01,-9.1001660774639656e-03
2.2996484651613191e+03,1,1.0000000000000000e+00,-1.0815633276607581e+01,-8.1838362933627593e+00,-6.5724389757910040e-01,2.1821940022231073e-01,1.8866765655601436e-01,-6.7050240335688044e-03
2.2996484651613191e+03,2,1.0000000000000000e+00,2.5749465818029474e+01,1.3539245995868118e+01,1.1858986958117459e+00,-8.0488945968698100e-02,1.4483714316676211e-01,1.5805190111032812e-02

2.3045238186686838e+03,0,1.0000000000000000e+00,-1.5165194362468585e+01,-7.1607254559192599e+00,-5.8431653199982436e-01,4.8708669103176949e-02,-3.8800322529518683e-01,-1.3510208487047225e-02
2.3045238186686838e+03,1,1.0000000000000000e+00,-1.0180906987258798e+01,-7.0786986513028678e+00,-6.7811491347680142e-01,3.6268811877233964e-02,2.4563331966598856e-01,-2.0775146815146493e-03
2.3045238186686838e+03,2,1.0000000000000000e+00,2.5346101349732653e+01,1.4239424107227816e+01,1.2624314454767021e+00,-8.4977480980405362e-02,1.4236990562920171e-01,1.5587723168561923e-02

2.3093367989725380e+03,0,1.0000000000000000e+00,-1.4475543897424924e+01,-8.9245942548997768e+00,-6.5593812808500185e-01,2.3172237936146936e-01,-3.2630100270951112e-01,-1.5803460847941847e-02
2.3093367989725380e+03,1,1.0000000000000000e+00,-1.0450953093837430e+01,-5.9939268983274374e+00,-6.8096766481476301e-01,-1.4234251545863161e-01,1.8649524539716544e-01,4.4627530100006807e-04
2.3093367989725380e+03,2,1.0000000000000000e+00,2.4926496991267658e+01,1.4918521153232920e+01,1.3369057928998411e+00,-8.9379863902832063e-02,1.3980575731234884e-01,1.5357185546941819e-02

2.3139951056467203e+03,0,1.0000000000000000e+00,-1.3098294221667905e+01,-1.0122827906162989e+01,-7.2928365938112771e-01,3.4483504752791028e-01,-1.7706673591665198e-01,-1.5206117000829944e-02
2.3139951056467203e+03,1,1.0000000000000000e+00,-1.1402020094980296e+01,-5.4409864007584030e+00,-6.7861735709427240e-01,-2.5125003310283656e-01,3.9836081364795634e-02,8.3819892239236221e-05
2.3139951056467203e+03,2,1.0000000000000000e+00,2.4500314316653530e+01,1.5563814306927112e+01,1.4079010164754764e+00,-9.3585014425067947e-02,1.3723065455185929e-01,1.5122297108590749e-02

2.3185264121712685e+03,0,1.0000000000000000e+00,-1.1468129002182678e+01,-1.0517425278702241e+01,-7.9196799174105537e-01,3.5732192507382060e-01,3.8748874221812279e-03,-1.2108401290764889e-02
2.3185264121712685e+03,1,1.0000000000000000e+00,-1.2599015987911390e+01,-5.6623876984199022e+00,-6.8392217329332827e-01,-2.5973325228558625e-01,-1.3851421831231603e-01,-2.7764609095207969e-03
2.3185264121712685e+03,2,1.0000000000000000e+00,2.4067144990099425e+01,1.6179812977127877e+01,1.4758901650344607e+00,-9.7588672788228775e-02,1.3463933089013802e-01,1.4884862200285742e-02

2.3233699216846371e+03,0,1.0000000000000000e+00,-9.9284903061967213e+00,-1.0071777964700185e+01,-8.3900923507040814e-01,2.6152318290614202e-01,1.7002105758221597e-01,-7.1675960550877296e-03
2.3233699216846371e+03,1,1.0000000000000000e+00,-1.3655825442073418e+01,-6.7532192335362717e+00,-7.0833953882355560e-01,-1.5975593249087261e-01,-3.0177019366907665e-01,-7.4522615101266145e-03
2.3233699216846371e+03,2,1.0000000000000000e+00,2.3584315748275515e+01,1.6824997198242198e+01,1.5473487738940401e+00,-1.0176725041526384e-01,1.3174913608686406e-01,1.4619857565214398e-02

2.3281021874127332e+03,0,1.0000000000000000e+00,-9.0700588590110200e+00,-9.0394283572175631e+00,-8.6121429281690909e-01,9.3530207376965005e-02,2.4919843936167069e-01,-2.3686779474023211e-03
2.3281021874127332e+03,1,1.0000000000000000e+00,-1.4023159042757950e+01,-8.4020758199422030e+00,-7.5467817303335405e-01,1.2246395389035061e-02,-3.7797958495413847e-01,-1.1977413141829834e-02
2.3281021874127332e+03,2,1.0000000000000000e+00,2.3093217901774374e+01,1.7441504177165527e+01,1.6158924658503400e+00,-1.0577660276599436e-01,1.2878114559247114e-01,1.4346091089232212e-02

2.3328356627728767e+03,0,1.0000000000000000e+00,-9.0655330154621687e+00,-7.8874705479388396e+00,-8.6408167231841304e-01,-8.8380169063500186e-02,2.1904848090077364e-01,7.6751325732995167e-04
2.3328356627728767e+03,1,1.0000000000000000e+00,-1.3517592852761991e+01,-1.0156314532350532e+01,-8.1903717480590787e-01,1.9812217933738799e-01,-3.4472406214965445e-01,-1.4823473665227233e-02
2.3328356627728767e+03,2,1.0000000000000000e+00,2.2583125868229587e+01,1.8043785080295148e+01,1.6831188471243976e+00,-1.0974201027388231e-01,1.2567558124888434e-01,1.4055960407897335e-02

2.3377283632003550e+03,0,1.0000000000000000e+00,-9.8618296385874018e+00,-7.1083051624468858e+00,-8.5808938411724611e-01,-2.2301335009543524e-01,8.5276860945416366e-02,1.1568680164394281e-03
2.3377283632003550e+03,1,1.0000000000000000e+00,-1.2174438433726264e+01,-1.1542289199452117e+01,-8.9303755816651531e-01,3.3679949786813101e-01,-2.0763243477716459e-01,-1.4898744243279242e-02
2.3377283632003550e+03,2,1.0000000000000000e+00,2.2036268072319118e+01,1.8650594361904794e+01,1.7511269422838391e+00,-1.1378614777269033e-01,1.2235557383175161e-01,1.3741876226839868e-02

2.3424503992174259e+03,0,1.0000000000000000e+00,-1.1032716453104335e+01,-7.1251930151421767e+00,-8.5744399233892743e-01,-2.5465299614077130e-01,-9.5766540050015905e-02,-1.2975103217040002e-03
2.3424503992174259e+03,1,1.0000000000000000e+00,-1.0457204231942992e+01,-1.2095440159452059e+01,-9.5783781362815290e-01,3.7225220671504866e-01,-2.3302188538745564e-02,-1.2131832135126001e-02
2.3424503992174259e+03,2,1.0000000000000000e+00,2.1489920685052809e+01,1.9220633174600039e+01,1.8152818059671576e+00,-1.1759921057427199e-01,1.1906872858876495e-01,1.3429342456830057e-02

2.3471158211251309e+03,0,1.0000000000000000e+00,-1.2084355036184270e+01,-7.9777581918272418e+00,-8.7301735187028218e-01,-1.7957472962264548e-01,-2.6253108018935578e-01,-5.5731083092871569e-03
2.3471158211251309e+03,1,1.0000000000000000e+00,-8.8483471295682143e+00,-1.1790633963425737e+01,-1.0041817537887088e+00,3.0082807322685001e-01,1.4680090794513173e-01,-7.5390012643215803e-03
2.3471158211251309e+03,2,1.0000000000000000e+00,2.0932702165757995e+01,1.9768392155258802e+01,1.8771991056590687e+00,-1.2125334360419912e-01,1.1573017224422724e-01,1.3112109573608801e-02

2.3518743104273613e+03,0,1.0000000000000000e+00,-1.2582235263042708e+01,-9.5003417415900806e+00,-9.1095961456327501e-01,-1.9467397116504970e-02,-3.6151776418181147e-01,-1.0288631317941640e-02
2.3518743104273613e+03,1,1.0000000000000000e+00,-7.7648334937489256e+00,-1.0810407726711908e+01,-1.0278399756819447e+00,1.4434114407009041e-01,2.4931771591852492e-01,-2.4875462159606766e-03
2.3518743104273613e+03,2,1.0000000000000000e+00,2.0347068756797164e+01,2.0310749468307822e+01,1.9387995902452979e+00,-1.2487374695358006e-01,1.1220004826328994e-01,1.2776177533902372e-02

2.3565329719677297e+03,0,1.0000000000000000e+00,-1.2238500282226909e+01,-1.1210463245131333e+01,-9.6741552731581448e-01,1.6660312442081987e-01,-3.5435465822794376e-01,-1.3611676534224159e-02
2.3565329719677297e+03,1,1.0000000000000000e+00,-7.5187173693816538e+00,-9.6146692171426817e+00,-1.0301073736211752e+00,-3.8259146268065702e-02,2.4574809301377676e-01,1.1801956474385943e-03
2.3565329719677297e+03,2,1.0000000000000000e+00,1.9757217651614116e+01,2.0825132462279861e+01,1.9975229009370687e+00,-1.2834397815274895e-01,1.0860656521417036e-01,1.2431480886785612e-02

2.3614663134008401e+03,0,1.0000000000000000e+00,-1.0995118327449731e+01,-1.2706828160367635e+01,-1.0378008983162335e+00,3.2517364387196390e-01,-2.3565990253510449e-01,-1.4383749454918795e-02
2.3614663134008401e+03,1,1.0000000000000000e+00,-8.1199985049846752e+00,-8.6444445094068527e+00,-1.0201162926723031e+00,-1.9321864763037311e-01,1.3098485876721805e-01,2.3334824420733688e-03
2.3614663134008401e+03,2,1.0000000000000000e+00,1.9115116832439984e+01,2.1351272669780354e+01,2.0579171909886158e+00,-1.3195499624158555e-01,1.0467504376788979e-01,1.2050267012845475e-02

2.3662406435657194e+03,0,1.0000000000000000e+00,-9.2562396230516324e+00,-1.3410786514197472e+01,-1.1020923334399617e+00,3.8479522913161518e-01,-5.3328450232967728e-02,-1.2080188830601666e-02
2.3662406435657194e+03,1,1.0000000000000000e+00,-9.2207001660123478e+00,-8.4309805937077922e+00,-1.0124538632314923e+00,-2.4943083759669021e-01,-4.7456284378890601e-02,4.0946018377859342e-04
2.3662406435657194e+03,2,1.0000000000000000e+00,1.8476939789069583e+01,2.1841767107911146e+01,2.1145461966715331e+00,-1.3536439153491958e-01,1.0078473461186171e-01,1.1670728646823125e-02

2.3709552202113496e+03,0,1.0000000000000000e+00,-7.5234426241834083e+00,-1.3223006288615046e+01,-1.1490958349774063e+00,3.3233689259163901e-01,1.2749022449834063e-01,-7.6054078237905642e-03
2.3709552202113496e+03,1,1.0000000000000000e+00,-1.0307604899641804e+01,-9.0847248724655074e+00,-1.0195760365502324e+00,-1.9372528519988808e-01,-2.2436182650261099e-01,-3.6836969164739273e-03
2.3709552202113496e+03,2,1.0000000000000000e+00,1.7831047523830840e+01,2.2307731161086451e+01,2.1686718715277182e+00,-1.3861160739174536e-01,9.6871602004273971e-02,1.1289104740264542e-02

2.3757076713345809e+03,0,1.0000000000000000e+00,-6.2600184894207409e+00,-1.2297390386800075e+01,-1.1728140875123536e+00,1.8754920216483545e-01,2.4725563913428517e-01,-2.4090334602161010e-03
2.3757076713345809e+03,1,1.0000000000000000e+00,-1.0904771180670823e+01,-1.0461158345804245e+01,-1.0485773139962524e+00,-4.5797114498095870e-02,-3.4008445906402052e-01,-8.4861082927947442e-03
2.3757076713345809e+03,2,1.0000000000000000e+00,1.7164789670097218e+01,2.2758548732610237e+01,2.2213914015086855e+00,-1.4175208766673392e-01,9.2828819929739015e-02,1.0895141753010899e-02

2.3803435104472560e+03,0,1.0000000000000000e+00,-5.8063280170587888e+00,-1.1069224704461252e+01,-1.1738821207849548e+00,6.7176875340993480e-03,2.6470786673070174e-01,1.6558952162326161e-03
2.3803435104472560e+03,1,1.0000000000000000e+00,-1.0694436528123449e+01,-1.2110282232474091e+01,-1.0971001581828868e+00,1.3798962767257139e-01,-3.5346743356688709e-01,-1.2152663347094451e-02
2.3803435104472560e+03,2,1.0000000000000000e+00,1.6500764545187916e+01,2.3179506936941277e+01,2.2709822789679208e+00,-1.4470731520666505e-01,8.8759566836189019e-02,1.0496768130861891e-02

2.3852953701196070e+03,0,1.0000000000000000e+00,-6.2125546154451854e+00,-9.9493851555864197e+00,-1.1599556878102835e+00,-1.6054473687723173e-01,1.6985647200314452e-01,3.4478235391340803e-03
2.3852953701196070e+03,1,1.0000000000000000e+00,-9.5640084479434666e+00,-1.3658597954055821e+01,-1.1619153291544762e+00,3.0832026498900711e-01,-2.5413250239785640e-01,-1.3501648915097426e-02
2.3852953701196070e+03,2,1.0000000000000000e+00,1.5776563063394363e+01,2.3607983109648195e+01,2.3218710169648396e+00,-1.4777552811176958e-01,8.4276030394715609e-02,1.0053825375963403e-02

2.3901390117470582e+03,0,1.0000000000000000e+00,-7.2213605819801892e+00,-9.5211042331115010e+00,-1.1453284392533027e+00,-2.3817584016881077e-01,-1.1292354550631878e-03,2.0926834330776628e-03
2.3901390117470582e+03,1,1.0000000000000000e+00,-7.8323367023861765e+00,-1.4484252160810982e+01,-1.2241629818406834e+00,3.8886373175705802e-01,-7.8662756357974789e-02,-1.1700403651372066e-02
2.3901390117470582e+03,2,1.0000000000000000e+00,1.5053697284372099e+01,2.4005356393928459e+01,2.3694914210940672e+00,-1.5068789158824153e-01,7.9791991813041821e-02,9.6077202182944556e-03

2.3949003636754182e+03,0,1.0000000000000000e+00,-8.3168184342364917e+00,-9.9678621024298408e+00,-1.1436451471800808e+00,-2.0339451994632063e-01,-1.8317193314842031e-01,-1.6936766905975825e-03
2.3949003636754182e+03,1,1.0000000000000000e+00,-6.0128134384501912e+00,-1.4406794941434985e+01,-1.2705347047637821e+00,3.5682650986004205e-01,1.0784897402874530e-01,-7.4691309162795098e-03
2.3949003636754182e+03,2,1.0000000000000000e+00,1.4329631872692445e+01,2.4374657043870805e+01,2.4141798519439428e+00,-1.5343198991371571e-01,7.5322959119678984e-02,9.1628076068771408e-03

2.3995967890277539e+03,0,1.0000000000000000e+00,-8.9955600731144081e+00,-1.1163119247742976e+01,-1.1626942456207092e+00,-7.2511813313441864e-02,-3.1301486454125949e-01,-6.4475979974255859e-03
2.3995967890277539e+03,1,1.0000000000000000e+00,-4.6074162891478920e+00,-1.3554811017777833e+01,-1.2934769456022499e+00,2.2850529788393931e-01,2.4216665176900565e-01,-2.2705513587806692e-03
2.3995967890277539e+03,2,1.0000000000000000e+00,1.3602976362268091e+01,2.4717930265526821e+01,2.4561711912230404e+00,-1.5599348457049161e-01,7.0848212772257724e-02,8.7181493562063124e-03

2.4041271923758468e+03,0,1.0000000000000000e+00,-8.9331585135969611e+00,-1.2699988256400552e+01,-1.2013888339738679e+00,1.0377584269997409e-01,-3.4866824093686916e-01,-1.0403692794030018e-02
2.4041271923758468e+03,1,1.0000000000000000e+00,-3.9577677256018138e+00,-1.2328959006219929e+01,-1.2932889206884397e+00,5.4553088473717315e-02,2.8223281311577880e-01,2.1248471777214478e-03
2.4041271923758468e+03,2,1.0000000000000000e+00,1.2890926239204591e+01,2.5028947262626513e+01,2.4946777546623884e+00,-1.5832893117368574e-01,6.6435427821094351e-02,8.2788456163086221e-03

2.4090779118865021e+03,0,1.0000000000000000e+00,-7.9483815924119217e+00,-1.4284126609645728e+01,-1.2591418025966099e+00,2.8631316059008222e-01,-2.7209002963757506e-01,-1.2422982843808217e-02
2.4090779118865021e+03,1,1.0000000000000000e+00,-4.1526452703415684e+00,-1.1061515843609873e+01,-1.2752999807491314e+00,-1.2555616741292325e-01,2.1060921465111682e-01,4.6409149159677247e-03
2.4090779118865021e+03,2,1.0000000000000000e+00,1.2101026862759333e+01,2.5345642453261647e+01,2.5344417833458230e+00,-1.6075699317715347e-01,6.1480814986462351e-02,7.7820679278405424e-03

2.4139647591820162e+03,0,1.0000000000000000e+00,-6.2545376221269731e+00,-1.5231582285436074e+01,-1.3182089434930078e+00,3.8965626660258479e-01,-1.0492793199099384e-01,-1.1209198938478377e-02
2.4139647591820162e+03,1,1.0000000000000000e+00,-5.0552537889761453e+00,-1.0402314629467273e+01,-1.2530318362967992e+00,-2.2660836683225749e-01,4.8452022983866166e-02,3.9328009474594201e-03
2.4139647591820162e+03,2,1.0000000000000000e+00,1.1309791411108986e+01,2.5633896914909418e+01,2.5712407797898891e+00,-1.6304789977032183e-01,5.6475909007131814e-02,7.2763979910190095e-03

2.4187364582469022e+03,0,1.0000000000000000e+00,-4.3744806508928713e+00,-1.5272696705155610e+01,-1.3631730046447303e+00,3.7904249543910312e-01,8.6446514667402857e-02,-7.2715658015416011e-03
2.4187364582469022e+03,1,1.0000000000000000e+00,-6.1521827390515398e+00,-1.0618894448727810e+01,-1.2415943771299527e+00,-2.1387386490360211e-01,-1.3797287958061841e-01,4.9634971318897152e-04
2.4187364582469022e+03,2,1.0000000000000000e+00,1.0526663389950304e+01,2.5891591153889514e+01,2.6047673817747650e+00,-1.6516863053549563e-01,5.1526364913219463e-02,6.7752160883526834e-03

2.4233836661640721e+03,0,1.0000000000000000e+00,-2.8400222665992123e+00,-1.4501683801559436e+01,-1.3851313616381069e+00,2.6702712855986910e-01,2.3413934016822902e-01,-2.0947236072575990e-03
2.4233836661640721e+03,1,1.0000000000000000e+00,-6.9145450039384722e+00,-1.1618084169535411e+01,-1.2499817937985060e+00,-9.9938299552035148e-02,-2.8080488889117583e-01,-4.1892530142661451e-03
2.4233836661640721e+03,2,1.0000000000000000e+00,9.7545672705436033e+00,2.6119767971100952e+01,2.6351131554366951e+00,-1.6708882900782862e-01,4.6665548722950922e-02,6.2839766215238143e-03

2.4280735970226151e+03,0,1.0000000000000000e+00,-1.9844570629839957e+00,-1.3220500028028521e+01,-1.3830781060038206e+00,9.2119683662111346e-02,2.9475944028633816e-01,2.7679310988016226e-03
2.4280735970226151e+03,1,1.0000000000000000e+00,-6.9822529324877358e+00,-1.3106503491315399e+01,-1.2803324675966998e+00,7.6742204685608911e-02,-3.3645411951332627e-01,-8.5495943046036554e-03
2.4280735970226151e+03,2,1.0000000000000000e+00,8.9667099954776734e+00,2.6327003519350040e+01,2.6634105736006028e+00,-1.6886188834771507e-01,4.1694679226992104e-02,5.7816632058021039e-03

2.4327059850190735e+03,0,1.0000000000000000e+00,-1.9746937378900054e+00,-1.1921555608675035e+01,-1.3625241710418323e+00,-8.3128953286375679e-02,2.4882621138444713e-01,5.6961435307683311e-03
2.4327059850190735e+03,1,1.0000000000000000e+00,-6.2060227202430376e+00,-1.4587029929015475e+01,-1.3264961739326555e+00,2.5359132899328507e-01,-2.8550945761146507e-01,-1.0968784230093015e-02
2.4327059850190735e+03,2,1.0000000000000000e+00,8.1807164581390079e+00,2.6508585537696646e+01,2.6890203449745713e+00,-1.7046237570690428e-01,3.6683246227021883e-02,5.2726406993247564e-03

2.4379299354754153e+03,0,1.0000000000000000e+00,-2.7893210115042777e+00,-1.0993168657548409e+01,-1.3311920809583855e+00,-2.1105710483179055e-01,9.2340445001160676e-02,5.6804919335274673e-03
2.4379299354754153e+03,1,1.0000000000000000e+00,-4.4965165449125788e+00,-1.5692005320778694e+01,-1.3838341903648865e+00,3.8317712893104117e-01,-1.2324471137345666e-01,-1.0361535803607106e-02
2.4379299354754153e+03,2,1.0000000000000000e+00,7.2858375564228464e+00,2.6685173978333268e+01,2.7150262713233557e+00,-1.7212002409924532e-01,3.0904266372300093e-02,4.6810438700797099e-03

2.4421557421169450e+03,0,1.0000000000000000e+00,-3.7398498964927551e+00,-1.0946573513433865e+01,-1.3118536797715974e+00,-2.2391149887948297e-01,-7.1496293349847848e-02,3.1464558064155171e-03
2.4421557421169450e+03,1,1.0000000000000000e+00,-2.8159966548863880e+00,-1.5859194853082336e+01,-1.4219260327587568e+00,3.9726670968644112e-01,4.5331322279090994e-02,-7.3404047456858516e-03
2.4421557421169450e+03,2,1.0000000000000000e+00,6.5558465513851569e+00,2.6805768366522368e+01,2.7337797125304375e+00,-1.7335521080695290e-01,2.6164971070760917e-02,4.1939489392704057e-03

2.4467519108096003e+03,0,1.0000000000000000e+00,-4.6122983487144289e+00,-1.1657344497305225e+01,-1.3070787600541380e+00,-1.4006256974513798e-01,-2.2970965979023891e-01,-1.2413881135160294e-03
2.4467519108096003e+03,1,1.0000000000000000e+00,-1.1439285891272930e+00,-1.5256784498175623e+01,-1.4447550219856380e+00,3.1463285364221505e-01,2.0872477121506519e-01,-2.4207462395128242e-03
2.4467519108096003e+03,2,1.0000000000000000e+00,5.7562269378477584e+00,2.6914128995487040e+01,2.7518337820398595e+00,-1.7457028389707188e-01,2.0984888575177905e-02,3.6621343530289230e-03

2.4512748727293933e+03,0,1.0000000000000000e+00,-4.9128315354303522e+00,-1.2923719136659994e+01,-1.3231756126777485e+00,1.5658989247130023e-02,-3.1545776484398630e-01,-5.7796858642185081e-03
2.4512748727293933e+03,1,1.0000000000000000e+00,-5.1416002570928931e-02,-1.4073757953157882e+01,-1.4440365706067901e+00,1.5994605431582173e-01,2.9959279757168505e-01,2.6422217295387221e-03
2.4512748727293933e+03,2,1.0000000000000000e+00,4.9642475380073394e+00,2.6997477089824091e+01,2.7672121832846219e+00,-1.7560504356294654e-01,1.5864967272305498e-02,3.1374641346798510e-03

2.4564063395805256e+03,0,1.0000000000000000e+00,-4.3092372536153905e+00,-1.4543525424818398e+01,-1.3629304978099506e+00,2.1766683018626601e-01,-2.9390426568813915e-01,-9.2729113470102764e-03
2.4564063395805256e+03,1,1.0000000000000000e+00,2.4867141096070178e-01,-1.2520326687874002e+01,-1.4188381361885758e+00,-4.1096143227684984e-02,2.8391592748256073e-01,6.7392598728192622e-03
2.4564063395805256e+03,2,1.0000000000000000e+00,4.0605658426607780e+00,2.7063852112698633e+01,2.7817686339986105e+00,-1.7657068695857589e-01,9.9883382055827030e-03,2.5336514741910836e-03

2.4615026330000437e+03,0,1.0000000000000000e+00,-2.7821678463402115e+00,-1.5728515499036233e+01,-1.4123689906571191e+00,3.6684618183979056e-01,-1.5486740953426079e-01,-9.5257223637897591e-03
2.4615026330000437e+03,1,1.0000000000000000e+00,-3.7652514173328022e-01,-1.1371132220192626e+01,-1.3807498738102566e+00,-1.8951355038935147e-01,1.5082735440276754e-01,7.6079012248913176e-03
2.4615026330000437e+03,2,1.0000000000000000e+00,3.1586929880796060e+00,2.7099647719235108e+01,2.7931188644674600e+00,-1.7733263145043429e-01,4.0400551314976330e-03,1.9178211388985169e-03

2.4664199520775155e+03,0,1.0000000000000000e+00,-8.3688716340880687e-01,-1.6021834080332876e+01,-1.4528826199138480e+00,4.0412996694169018e-01,3.9462551793110229e-02,-6.4625653736539741e-03
2.4664199520775155e+03,1,1.0000000000000000e+00,-1.4483198816248781e+00,-1.1083374774554461e+01,-1.3481778339067554e+00,-2.2621763541161982e-01,-3.7674469522525816e-02,5.1516590899838358e-03
2.4664199520775155e+03,2,1.0000000000000000e+00,2.2852070450398241e+00,2.7105208854893615e+01,2.8010604538206887e+00,-1.7791233153006550e-01,-1.7880822705801103e-03,1.3109062836702047e-03

2.4709532362709429e+03,0,1.0000000000000000e+00,8.6806717134179090e-01,-1.5447320584690676e+01,-1.4717266259244555e+00,3.3211052988627177e-01,2.0692959669436561e-01,-1.6500411330011688e-03
2.4709532362709429e+03,1,1.0000000000000000e+00,-2.3457902921449612e+00,-1.1637545751732917e+01,-1.3340017502160886e+00,-1.5379976424110042e-01,-1.9974266623691550e-01,9.0137193726958116e-04
2.4709532362709429e+03,2,1.0000000000000000e+00,1.4777231208093298e+00,2.7084866336429890e+01,2.8057283761406295e+00,-1.7831076564516626e-01,-7.1869304574457282e-03,7.4866919573165656e-04

2.4753696984275252e+03,0,1.0000000000000000e+00,2.0338725841302052e+00,-1.4282923339010885e+01,-1.4676439934974943e+00,1.8678583431446008e-01,3.0668803220767688e-01,3.4359652228270884e-03
2.4753696984275252e+03,1,1.0000000000000000e+00,-2.7235115626921749e+00,-1.2758596067409091e+01,-1.3401846218487126e+00,-8.2395352476613837e-03,-2.9424596319520185e-01,-3.6386096717367219e-03
2.4753696984275252e+03,2,1.0000000000000000e+00,6.8963897856815048e-01,2.7041519406426293e+01,2.8078286153462919e+00,-1.7854629906679398e-01,-1.2442069012470414e-02,2.0264444890969293e-04

2.4806698790660716e+03,0,1.0000000000000000e+00,2.4709310257138415e+00,-1.2600713805787478e+01,-1.4361434494591805e+00,-2.1227029850739348e-02,3.0478253793802468e-01,8.0107753993221304e-03
2.4806698790660716e+03,1,1.0000000000000000e+00,-2.2139972082487254e+00,-1.4358122255893020e+01,-1.3710194001783040e+00,1.9982172460961736e-01,-2.8601653947233474e-01,-7.5555925387732776e-03
2.4806698790660716e+03,2,1.0000000000000000e+00,-2.5693381745890953e-01,2.6958836061686853e+01,2.8071628496375709e+00,-1.7859469475887316e-01,-1.8765998465685274e-02,-4.5518286054879557e-04

2.4856895592517103e+03,0,1.0000000000000000e+00,1.9447729583442803e+00,-1.1331046261227023e+01,-1.3912979747537064e+00,-1.7534879446982762e-01,1.8476716410559871e-01,9.2856412310010992e-03
2.4856895592517103e+03,1,1.0000000000000000e+00,-7.9173812411653444e-01,-1.5518419219989497e+01,-1.4119930418244449e+00,3.5375313761089533e-01,-1.5994170589335907e-01,-8.1957316237705590e-03
2.4856895592517103e+03,2,1.0000000000000000e+00,-1.1530348342215140e+00,2.6849465481222900e+01,2.8032910165782368e+00,-1.7840434314106277e-01,-2.4825458212234936e-02,-1.0899096072304825e-03

2.4906250113249689e+03,0,1.0000000000000000e+00,9.0390869485709846e-01,-1.0859797845737319e+01,-1.3492626303749624e+00,-2.2684993243959695e-01,8.1156826637893142e-04,7.2390180605117014e-03
2.4906250113249689e+03,1,1.0000000000000000e+00,1.1287674137144879e+00,-1.5852268778433753e+01,-1.4470814884097696e+00,4.0487502716977597e-01,3.0051909409815919e-02,-5.5122154790121503e-03
2.4906250113249689e+03,2,1.0000000000000000e+00,-2.0326761085653304e+00,2.6712066624177474e+01,2.7963441187848197e+00,-1.7802509473017408e-01,-3.0863477676190160e-02,-1.7268025814994919e-03

2.4952965101146410e+03,0,1.0000000000000000e+00,-5.2810971762733860e-02,-1.1268379920563067e+01,-1.3246311293609505e+00,-1.6552613933807300e-01,-1.6964538845873381e-01,3.0548373486367656e-03
2.4952965101146410e+03,1,1.0000000000000000e+00,2.9159916024280554e+00,-1.5286090816157301e+01,-1.4622286207966813e+00,3.4303841173323424e-01,2.0625256709691300e-01,-7.2132415487995236e-04
2.4952965101146410e+03,2,1.0000000000000000e+00,-2.8631806306590426e+00,2.6554470736726788e+01,2.7868597501577188e+00,-1.7751227239515635e-01,-3.6607178638174614e-02,-2.3335131937567595e-03

2.4997766322157377e+03,0,1.0000000000000000e+00,-5.0242700409490126e-01,-1.2291747211020365e+01,-1.3214360102868619e+00,-2.5004460448098204e-02,-2.7385555432196973e-01,-1.6001681054688358e-03
2.4997766322157377e+03,1,1.0000000000000000e+00,4.1595012855738291e+00,-1.4086417952158577e+01,-1.4536725552992722e+00,2.0187180809212144e-01,3.1594802407995926e-01,4.5116996725153690e-03
2.4997766322157377e+03,2,1.0000000000000000e+00,-3.6570742814726258e+00,2.6378165163185386e+01,2.7751085655862222e+00,-1.7686734764401835e-01,-4.2092469757985092e-02,-2.9115315670464820e-03

2.5049787137155740e+03,0,1.0000000000000000e+00,-1.0372446377249389e-01,-1.3786920959632941e+01,-1.3415697311689572e+00,1.7921948579080058e-01,-2.7841977476033952e-01,-5.7481210685395717e-03
2.5049787137155740e+03,1,1.0000000000000000e+00,4.6784467358231741e+00,-1.2355796200133476e+01,-1.4166575206097227e+00,-3.3312442966652311e-03,3.2684425530202665e-01,9.3267258091681432e-03
2.5049787137155740e+03,2,1.0000000000000000e+00,-4.5747222720443528e+00,2.6142717159772879e+01,2.7582272517787687e+00,-1.7588824149413038e-01,-4.8424480541682580e-02,-3.5786047406285229e-03

2.5098901268559903e+03,0,1.0000000000000000e+00,1.1966173435652938e+00,-1.4918214607078097e+01,-1.3737769469865642e+00,3.3887812257786420e-01,-1.6548587352574753e-01,-6.8177051771974462e-03
2.5098901268559903e+03,1,1.0000000000000000e+00,4.2391742778052972e+00,-1.0971982521678921e+01,-1.3653198873156398e+00,-1.6416708120023349e-01,2.1989748471660100e-01,1.1030825060341918e-02
2.5098901268559903e+03,2,1.0000000000000000e+00,-5.4357916213642365e+00,2.5890197128763500e+01,2.7390968343022930e+00,-1.7471104137762608e-01,-5.4411611190848891e-02,-4.2131198831444217e-03

2.5146947518897296e+03,0,1.0000000000000000e+00,3.0252095260555585e+00,-1.5292805257342042e+01,-1.4024908001589278e+00,4.0390703600355393e-01,1.6340740093509998e-02,-4.6187639618958153e-03
2.5146947518897296e+03,1,1.0000000000000000e+00,3.2467833626792242e+00,-1.0321800254947458e+01,-1.3148521660268908e+00,-2.3056984155746107e-01,4.3975124467766358e-02,9.4625830042353656e-03
2.5146947518897296e+03,2,1.0000000000000000e+00,-6.2719928887284055e+00,2.5614605512296006e+01,2.7173429661859076e+00,-1.7333719444608803e-01,-6.0315864561271915e-02,-4.8438190423395078e-03

2.5194421831310779e+03,0,1.0000000000000000e+00,4.8707413537736040e+00,-1.4764449538496493e+01,-1.4140264121647144e+00,3.5503453831236426e-01,2.0129129030877252e-01,6.4587893971527512e-05
2.5194421831310779e+03,1,1.0000000000000000e+00,2.2205731959548127e+00,-1.0549898976546080e+01,-1.2788299253501361e+00,-1.8323501834969064e-01,-1.3511513759812704e-01,5.4072881077450131e-03
2.5194421831310779e+03,2,1.0000000000000000e+00,-7.0913145497220142e+00,2.5314348515049105e+01,2.6928563375149399e+00,-1.7179951996266887e-01,-6.6176152710640784e-02,-5.4718760017164894e-03

2.5239791125907968e+03,0,1.0000000000000000e+00,6.1989274132858458e+00,-1.3546359226975319e+01,-1.4015614691898510e+00,2.1905678632706244e-01,3.2251870634178414e-01,5.4340449993221188e-03
2.5239791125907968e+03,1,1.0000000000000000e+00,1.6682042227809717e+00,-1.1455099761302957e+01,-1.2651152996391013e+00,-4.8881634570372590e-02,-2.5077459353773068e-01,6.3338202899836625e-04
2.5239791125907968e+03,2,1.0000000000000000e+00,-7.8671316360603942e+00,2.5001458988284828e+01,2.6666767688290420e+00,-1.7017515175668504e-01,-7.1744112804048799e-02,-6.0674270283204313e-03

2.5292534173946283e+03,0,1.0000000000000000e+00,6.8133457784198423e+00,-1.1722624430714047e+01,-1.3583300253029453e+00,1.1763845463986788e-02,3.4597512194986080e-01,1.0584593143549738e-02
2.5292534173946283e+03,1,1.0000000000000000e+00,1.9458923206509340e+00,-1.2883550720987877e+01,-1.2745424770462779e+00,1.5630067318622687e-01,-2.6784448950907636e-01,-3.8350832571970601e-03
2.5292534173946283e+03,2,1.0000000000000000e+00,-8.7592380990643264e+00,2.4606175151708499e+01,2.6328725023493136e+00,-1.6806451865020888e-01,-7.8130632440779779e-02,-6.7495098863526101e-03

2.5342461736819018e+03,0,1.0000000000000000e+00,6.4245468837713879e+00,-1.0198857341761610e+01,-1.2989489048929581e+00,-1.5674969930388266e-01,2.4683131329482588e-01,1.2650265084094775e-02
2.5342461736819018e+03,1,1.0000000000000000e+00,3.1682577939752354e+00,-1.4002281080435955e+01,-1.2986224543823708e+00,3.2254977822654063e-01,-1.6271742519176557e-01,-5.2584911784259534e-03
2.5342461736819018e+03,2,1.0000000000000000e+00,-9.5928046777401441e+00,2.4201138422204174e+01,2.5975713592754186e+00,-1.6580007892265325e-01,-8.4113888103055659e-02,-7.3917739056687647e-03

2.5391468607831985e+03,0,1.0000000000000000e+00,5.4244061754842061e+00,-9.3972345999564268e+00,-1.2388098463421895e+00,-2.3306725594868760e-01,7.2520988490207383e-02,1.1354901511829255e-02
2.5391468607831985e+03,1,1.0000000000000000e+00,4.9749446650812637e+00,-1.4377316624716753e+01,-1.3209821983377688e+00,3.9638214207273237e-01,1.7460031495736661e-02,-3.3275808354988074e-03
2.5391468607831985e+03,2,1.0000000000000000e+00,-1.0399350840558965e+01,2.3774551224679819e+01,2.5597920446800480e+00,-1.6331488612403999e-01,-8.9981019985939520e-02,-8.0273206763303902e-03

2.5440262565259213e+03,0,1.0000000000000000e+00,4.3377186338091995e+00,-9.5035957914893814e+00,-1.1923235361082747e+00,-1.9290042149291309e-01,-1.1184837680501619e-01,7.3548856454572209e-03
2.5440262565259213e+03,1,1.0000000000000000e+00,6.8520100243580124e+00,-1.3817633264478408e+01,-1.3267465417657804e+00,3.5351804884422899e-01,2.0767601368643157e-01,1.3091357567741376e-03
2.5440262565259213e+03,2,1.0000000000000000e+00,-1.1189728658160686e+01,2.3321229055974442e+01,2.5190700778741451e+00,-1.6061762735131116e-01,-9.5827636881410827e-02,-8.6640214022312978e-03

2.5486055992442816e+03,0,1.0000000000000000e+00,3.7258389047711518e+00,-1.0321414908173931e+01,-1.1696192813820301e+00,-6.2276851517838322e-02,-2.3249560063218813e-01,2.5306981973556731e-03
2.5486055992442816e+03,1,1.0000000000000000e+00,8.1932951052514795e+00,-1.2548493748998961e+01,-1.3084157470304263e+00,2.2019707968290694e-01,3.3376684029812609e-01,6.7254033186130938e-03
2.5486055992442816e+03,2,1.0000000000000000e+00,-1.1919134010016082e+01,2.2869908657179568e+01,2.4780350284125476e+00,-1.5792022816506396e-01,-1.0127123966593346e-01,-9.2561015159687114e-03

2.5539154998067993e+03,0,1.0000000000000000e+00,3.9330483809312344e+00,-1.1678647330613973e+01,-1.1694985640374043e+00,1.4330817837445578e-01,-2.5534614854740439e-01,-2.1288942093947629e-03
2.5539154998067993e+03,1,1.0000000000000000e+00,8.8158845214388641e+00,-1.0637027537096827e+01,-1.2575977581797502e+00,1.1279008770576332e-02,3.6280361190435734e-01,1.2056252990345639e-02
2.5539154998067993e+03,2,1.0000000000000000e+00,-1.2748932902363526e+01,2.2315674867717508e+01,2.4270963222172455e+00,-1.5458718714502748e-01,-1.0745746335694843e-01,-9.9273587809508221e-03

2.5587794961411041e+03,0,1.0000000000000000e+00,5.0562101975869442e+00,-1.2724103929892372e+01,-1.1850762537649029e+00,3.0874039984747509e-01,-1.5729009460917942e-01,-3.7520663722162631e-03
2.5587794961411041e+03,1,1.0000000000000000e+00,8.4367270723310810e+00,-9.0553878758645858e+00,-1.1922632602632315e+00,-1.5744729379788774e-01,2.7028520244417520e-01,1.4282851542028494e-02
2.5587794961411041e+03,2,1.0000000000000000e+00,-1.3492937269911430e+01,2.1779491805763683e+01,2.3773395140282254e+00,-1.5129310604958257e-01,-1.1299510783499134e-01,-1.0530785169812179e-02

2.5635059731005972e+03,0,1.0000000000000000e+00,6.7425047302419241e+00,-1.3080973610820980e+01,-1.2002872404830505e+00,3.8780884669601734e-01,1.4438488617872530e-02,-2.1653904999059887e-03
2.5635059731005972e+03,1,1.0000000000000000e+00,7.4574467867052290e+00,-8.1518900257874787e+00,-1.1258988353037300e+00,-2.3997270655587710e-01,1.0386307537259262e-01,1.3280223275414841e-02
2.5635059731005972e+03,2,1.0000000000000000e+00,-1.4199951516940533e+01,2.1232863636615207e+01,2.3261860757868722e+00,-1.4783614014013541e-01,-1.1830156399046060e-01,-1.1114832775508798e-02

2.5681511289289001e+03,0,1.0000000000000000e+00,8.5175765395154261e+00,-1.2578219442953083e+01,-1.2014086063680096e+00,3.5831758080441489e-01,1.9925153018829669e-01,2.0299618406858233e-03
2.5681511289289001e+03,1,1.0000000000000000e+00,6.3607469449743359e+00,-8.0930748067385281e+00,-1.0718127188321982e+00,-2.1411138075788883e-01,-7.5771829557728071e-02,9.6592721668498100e-03
2.5681511289289001e+03,2,1.0000000000000000e+00,-1.4878323484483124e+01,2.0671294249698377e+01,2.2732213252002991e+00,-1.4420620004652140e-01,-1.2347970063056424e-01,-1.1689234007535574e-02

2.5726381807369407e+03,0,1.0000000000000000e+00,9.8820700319009163e+00,-1.1356492854323866e+01,-1.1805905902734359e+00,2.3721380424088204e-01,3.3377530818469514e-01,7.3188667794631210e-03
2.5726381807369407e+03,1,1.0000000000000000e+00,5.6351125986138708e+00,-8.7496092013789983e+00,-1.0389443102190239e+00,-9.6688089346006784e-02,-2.0534648322550308e-01,4.9197289647075586e-03
2.5726381807369407e+03,2,1.0000000000000000e+00,-1.5517182630508126e+01,2.0106102055709648e+01,2.2195349004925520e+00,-1.4052571489487048e-01,-1.2842882495918767e-01,-1.2238595744170622e-02

2.5771611384274756e+03,0,1.0000000000000000e+00,1.0569943492224256e+01,-9.6989304208668319e+00,-1.1359043876422337e+00,6.2585532110027986e-02,3.8251868600547728e-01,1.2236174028430715e-02
2.5771611384274756e+03,1,1.0000000000000000e+00,5.5741717544622444e+00,-9.8152066558704032e+00,-1.0270484191216487e+00,7.4087466964081417e-02,-2.4921056692117943e-01,5.4240762661461779e-04
2.5771611384274756e+03,2,1.0000000000000000e+00,-1.6144115246679814e+01,1.9514137076744035e+01,2.1629528067639745e+00,-1.3667299907410455e-01,-1.3330811908429341e-01,-1.2778581655045274e-02

2.5822969514675756e+03,0,1.0000000000000000e+00,1.0379517091390024e+01,-7.8514081634607766e+00,-1.0633429559296994e+00,-1.2921593121359135e-01,3.1642191679391590e-01,1.5484698547444668e-02
2.5822969514675756e+03,1,1.0000000000000000e+00,6.4548930765988040e+00,-1.0964247138179434e+01,-1.0324494741864612e+00,2.6132008470884516e-01,-1.7776006366120684e-01,-2.1127037818471535e-03
2.5822969514675756e+03,2,1.0000000000000000e+00,-1.6834410167982121e+01,1.8815655301647038e+01,2.0957924301162523e+00,-1.3210415349524907e-01,-1.3866185313270457e-01,-1.3371994765597460e-02

2.5870553449399586e+03,0,1.0000000000000000e+00,9.4708499701035684e+00,-6.6815141861627154e+00,-9.8877368553446932e-01,-2.3730455189678124e-01,1.6470595420004075e-01,1.5326311028486615e-02
2.5870553449399586e+03,1,1.0000000000000000e+00,7.9816278304632995e+00,-1.1462875412226962e+01,-1.0421089107523840e+00,3.6493835295263444e-01,-2.1251258628507297e-02,-1.4174547628316228e-03
2.5870553449399586e+03,2,1.0000000000000000e+00,-1.7452477800560132e+01,1.8144389598396522e+01,2.0308825962869461e+00,-1.2763380105584821e-01,-1.4345469557152901e-01,-1.3908856265654933e-02

2.5917099283542238e+03,0,1.0000000000000000e+00,8.3147011565601083e+00,-6.3351010068786557e+00,-9.2344858496341331e-01,-2.4147316674176372e-01,-1.6094371898756371e-02,1.2339298594581256e-02
2.5917099283542238e+03,1,1.0000000000000000e+00,9.7211995725915727e+00,-1.1130878141783313e+01,-1.0414839410149725e+00,3.6448696352895144e-01,1.6412698167633064e-01,2.0887217526297363e-03
2.5917099283542238e+03,2,1.0000000000000000e+00,-1.8035900729144924e+01,1.7465979148668840e+01,1.9649325259784791e+00,-1.2301379678718267e-01,-1.4803260977756985e-01,-1.4428020347210932e-02

2.5965406014828968e+03,0,1.0000000000000000e+00,7.3585965802079336e+00,-6.8148743615179121e+00,-8.7531731434169968e-01,-1.3807796822141649e-01,-1.7170008108362031e-01,7.4191352808893416e-03
2.5965406014828968e+03,1,1.0000000000000000e+00,1.1259496684157142e+01,-9.9247135996757745e+00,-1.0186305300302878e+00,2.5607119509325815e-01,3.2439178299471672e-01,7.5401123475381821e-03
2.5965406014828968e+03,2,1.0000000000000000e+00,-1.8618093264358297e+01,1.6739587961200577e+01,1.8939478443720805e+00,-1.1799322687183658e-01,-1.5269170191109191e-01,-1.4959247628427463e-02

2.6011585683213370e+03,0,1.0000000000000000e+00,7.0911616198227705e+00,-7.7969590770108290e+00,-8.5232796140984179e-01,2.8946408095868154e-02,-2.3695532665990363e-01,2.6845518489636063e-03
2.6011585683213370e+03,1,1.0000000000000000e+00,1.2060430104008192e+01,-8.2274438514693315e+00,-9.7139353215493673e-01,8.4092650504633243e-02,3.9397856078660320e-01,1.2767426575166699e-02
2.6011585683213370e+03,2,1.0000000000000000e+00,-1.9151591723824154e+01,1.6024402928487071e+01,1.8237214935648725e+00,-1.1303905860049621e-01,-1.5702323412669500e-01,-1.5451978424130241e-02

2.6056876332916750e+03,0,1.0000000000000000e+00,7.6221724931212158e+00,-8.8220647185368630e+00,-8.4790584822189352e-01,2.0210208887078762e-01,-1.9883209240108682e-01,-3.5596687138716998e-04
2.6056876332916750e+03,1,1.0000000000000000e+00,1.2030151692254575e+01,-6.4818743163411261e+00,-9.0477668216866924e-01,-9.4042467553576148e-02,3.5992683676922366e-01,1.6270709932843845e-02
2.6056876332916750e+03,2,1.0000000000000000e+00,-1.9652324185368958e+01,1.5303939034884914e+01,1.7526825303906568e+00,-1.0805962131720613e-01,-1.6109474436813218e-01,-1.5914743061456613e-02

2.6103673472446912e+03,0,1.0000000000000000e+00,8.8988767751777722e+00,-9.4717518227941060e+00,-8.5163054032374097e-01,3.3056031896675708e-01,-6.5834717573403062e-02,-7.1716481070459304e-04
2.6103673472446912e+03,1,1.0000000000000000e+00,1.1246803919077196e+01,-5.0688879906032547e+00,-8.2549754206039228e-01,-2.2780209130457174e-01,2.3091960134746156e-01,1.7089558689053496e-02
2.6103673472446912e+03,2,1.0000000000000000e+00,-2.0145680694248114e+01,1.4540639813404308e+01,1.6771280823842274e+00,-1.0275822766217985e-01,-1.6508488377405381e-01,-1.6372393878348841e-02

2.6148915676201841e+03,0,1.0000000000000000e+00,1.0508914296243958e+01,-9.3757696571786528e+00,-8.5013814248621633e-01,3.6429459922554630e-01,1.1176002225251952e-01,1.8146222375114000e-03
2.6148915676201841e+03,1,1.0000000000000000e+00,1.0089699457019361e+01,-4.4096329172128979e+00,-7.5194541811273996e-01,-2.6686298574289435e-01,5.6991262166017798e-02,1.4985559600145444e-02
2.6148915676201841e+03,2,1.0000000000000000e+00,-2.0598613753256437e+01,1.3785402574398516e+01,1.6020835605990507e+00,-9.7431613482646479e-02,-1.6875128441853279e-01,-1.6800181837656789e-02

2.6193192254293140e+03,0,1.0000000000000000e+00,1.2011669190235656e+01,-8.5004258873535772e+00,-8.3261440886981997e-01,2.9897497862241224e-01,2.7769055150889033e-01,6.3412254325141623e-03
2.6193192254293140e+03,1,1.0000000000000000e+00,9.0064111480859026e+00,-4.5301300939448819e+00,-6.9417709315072729e-01,-2.0696334018693358e-01,-1.0549400221058081e-01,1.0866613314370485e-02
2.6193192254293140e+03,2,1.0000000000000000e+00,-2.1018080338314647e+01,1.3030555981305449e+01,1.5267915020206417e+00,-9.2011638435473331e-02,-1.7219654929830477e-01,-1.7207838746884599e-02

2.6241350980795660e+03,0,1.0000000000000000e+00,1.3097349984338804e+01,-6.8549810584844897e+00,-7.8838997972596869e-01,1.4058641853995119e-01,3.8955416698117729e-01,1.1990778725947615e-02
2.6241350980795660e+03,1,1.0000000000000000e+00,8.3492657788860853e+00,-5.3375572499267570e+00,-6.5449255410740015e-01,-5.4655899885354298e-02,-2.1375413862891968e-01,5.6449459658944826e-03
2.6241350980795660e+03,2,1.0000000000000000e+00,-2.1446615763217959e+01,1.2192538308418257e+01,1.4428825338334637e+00,-8.5930518654591420e-02,-1.7580002835225295e-01,-1.7635724691842040e-02

2.6288262129870895e+03,0,1.0000000000000000e+00,1.3315889541680718e+01,-4.9757620599687682e+00,-7.2109581091838759e-01,-4.7508914141836861e-02,3.9311203486626389e-01,1.6371507880397072e-02
2.6288262129870895e+03,1,1.0000000000000000e+00,8.5197075511368183e+00,-6.3841897261304918e+00,-6.3812078370961589e-01,1.2740153142045532e-01,-2.1398431352116654e-01,1.6585101810867482e-03
2.6288262129870895e+03,2,1.0000000000000000e+00,-2.1835597092810580e+01,1.1359951786106295e+01,1.3592165946280987e+00,-7.9892617278613104e-02,-1.7912772134509247e-01,-1.8030018061483768e-02

2.6332871304996056e+03,0,1.0000000000000000e+00,1.2747115977273047e+01,-3.3988337712365242e+00,-6.4299823759056496e-01,-1.9854337252231338e-01,2.9997708913304383e-01,1.8194189001418126e-02
2.6332871304996056e+03,1,1.0000000000000000e+00,9.4319226975611059e+00,-7.1553954614165631e+00,-6.3499691914806566e-01,2.7261419567593304e-01,-1.1790849635316580e-01,1.8653440004048200e-04
2.6332871304996056e+03,2,1.0000000000000000e+00,-2.2179038674827169e+01,1.0554229232660145e+01,1.2779951567387258e+00,-7.4070823153614351e-02,-1.8206859277987322e-01,-1.8380723401458552e-02

2.6377334880387621e+03,0,1.0000000000000000e+00,1.1658023542521310e+01,-2.3977132635646541e+00,-5.6319260003818461e-01,-2.7660900665424448e-01,1.4332175266657465e-01,1.7247000479759647e-02
2.6377334880387621e+03,1,1.0000000000000000e+00,1.0837262476937102e+01,-7.3409083188301567e+00,-6.3233956961289228e-01,3.4476508020955665e-01,4.1434996592881690e-02,1.4612893422428705e-03
2.6377334880387621e+03,2,1.0000000000000000e+00,-2.2495286019451409e+01,9.7386215824018905e+00,1.1955321696511718e+00,-6.8156073555307228e-02,-1.8475674925945162e-01,-1.8708289822002455e-02

2.6427953500224457e+03,0,1.0000000000000000e+00,1.0272411064537675e+01,-2.1732836261149497e+00,-4.8489437594692997e-01,-2.4990661567692024e-01,-5.1515934783041978e-02,1.3272488645610276e-02
2.6427953500224457e+03,1,1.0000000000000000e+00,1.2550426262563239e+01,-6.6229575539223164e+00,-6.1504269694262570e-01,3.1113127476458974e-01,2.3906040469298848e-01,5.7862230421516381e-03
2.6427953500224457e+03,2,1.0000000000000000e+00,-2.2822837327093890e+01,8.7962411800443689e+00,1.0999370728896509e+00,-6.1224659087664508e-02,-1.8754446990994170e-01,-1.9058711687761850e-02

2.6476488841654104e+03,0,1.0000000000000000e+00,9.3428557489373354e+00,-2.7837929151495961e+00,-4.3307438512344976e-01,-1.1901301740019198e-01,-1.8625076156125750e-01,8.0055350699585227e-03
2.6476488841654104e+03,1,1.0000000000000000e+00,1.3760581614933137e+01,-5.0961721245012459e+00,-5.7358814864748164e-01,1.7338607398658118e-01,3.7624339147715313e-01,1.1367776140299282e-02
2.6476488841654104e+03,2,1.0000000000000000e+00,-2.3103437363863417e+01,7.8799650396579688e+00,1.0066625337710267e+00,-5.4373056586384347e-02,-1.8999262991589086e-01,-1.9373311210257749e-02

2.6524236377063121e+03,0,1.0000000000000000e+00,9.2013357106337175e+00,-3.7953834516751757e+00,-4.0649821412440157e-01,6.3216337608918149e-02,-2.1852066472242079e-01,3.3804797318546936e-03
2.6524236377063121e+03,1,1.0000000000000000e+00,1.4145357326294510e+01,-3.1720586590703141e+00,-5.0696977124034548e-01,-1.5709882016611776e-02,4.1072101589271304e-01,1.6278155043802041e-02
2.6524236377063121e+03,2,1.0000000000000000e+00,-2.3346693036921156e+01,6.9674421107526365e+00,9.1346798536484286e-01,-4.7506455592301607e-02,-1.9220035117028744e-01,-1.9658634775656672e-02

2.6568595393195151e+03,0,1.0000000000000000e+00,9.8472249697482148e+00,-4.6412272215232910e+00,-3.9747667574099943e-01,2.2139626572398918e-01,-1.4759327331627961e-01,1.1026131947279513e-03
2.6568595393195151e+03,1,1.0000000000000000e+00,1.3695969539531552e+01,-1.4694744621515587e+00,-4.2824663436869248e-01,-1.8031010122696728e-01,3.4162955162501030e-01,1.8795607228389185e-02
2.6568595393195151e+03,2,1.0000000000000000e+00,-2.3543194509272670e+01,6.1107016836820183e+00,8.2572331010978839e-01,-4.1086164497017172e-02,-1.9403627830872586e-01,-1.9898220423117077e-02

2.6611774604214947e+03,0,1.0000000000000000e+00,1.1035211427120622e+01,-4.9919987462619977e+00,-3.9283693480526438e-01,3.1597614441573962e-01,-5.9668879953427290e-03,1.4921065709086953e-03
2.6611774604214947e+03,1,1.0000000000000000e+00,1.2671856193194099e+01,-2.7744842641115319e-01,-3.4650860243573245e-01,-2.8116515963194932e-01,2.0154464116884230e-01,1.8614635231927187e-02
2.6611774604214947e+03,2,1.0000000000000000e+00,-2.3707067620307605e+01,5.2694471726803416e+00,7.3934553724109342e-01,-3.4810984783785526e-02,-1.9557775317349460e-01,-2.0106741802835816e-02

2.6663635612567641e+03,0,1.0000000000000000e+00,1.2725755490419075e+01,-4.4904279679415637e+00,-3.7683442128972189e-01,3.1345332989821595e-01,1.9948962224131092e-01,5.1859968425519189e-03
2.6663635612567641e+03,1,1.0000000000000000e+00,1.1142125896069647e+01,2.3933332426585796e-01,-2.5765141082331000e-01,-2.8627050180666369e-01,-2.4052852073278286e-03,1.5140650076435148e-02
2.6663635612567641e+03,2,1.0000000000000000e+00,-2.3867881386481567e+01,4.2510946436829187e+00,6.3448583211312881e-01,-2.7182828091547595e-02,-1.9708433703397807e-01,-2.0326646918987001e-02

2.6712648193552191e+03,0,1.0000000000000000e+00,1.4012467045841866e+01,-3.0990499070726671e+00,-3.3849132661394282e-01,1.9528583262410981e-01,3.5626515022502703e-01,1.0614134247123961e-02
2.6712648193552191e+03,1,1.0000000000000000e+00,9.9706696565564314e+00,-1.8325369055615015e-01,-1.9591868344725127e-01,-1.7546390848442361e-01,-1.5807255707205214e-01,9.8913358850469691e-03
2.6712648193552191e+03,2,1.0000000000000000e+00,-2.3983136702391121e+01,3.2823035976360537e+00,5.3441001006129130e-01,-1.9821924139681507e-02,-1.9819259315296919e-01,-2.0505470132170876e-02

2.6760851981355186e+03,0,1.0000000000000000e+00,1.4524182477112593e+01,-1.1917739261481797e+00,-2.7431819736114166e-01,1.0921676289578769e-02,4.1638927482162702e-01,1.5817631714534836e-02
2.6760851981355186e+03,1,1.0000000000000000e+00,9.5367877332283300e+00,-1.1330492192541828e+00,-1.6087986125270981e-01,1.5358763604327585e-03,-2.1735705009286077e-01,4.8356660020051675e-03
2.6760851981355186e+03,2,1.0000000000000000e+00,-2.4060970210333721e+01,2.3248231454096242e+00,4.3519805861394900e-01,-1.2457552650006448e-02,-1.9903222472876084e-01,-2.0653297716539940e-02

2.6808334893111742e+03,0,1.0000000000000000e+00,1.4128759463738675e+01,7.0187789474843565e-01,-1.9065751677497828e-01,-1.7196559881328000e-01,3.6309211116158246e-01,1.8974128461354153e-02
2.6808334893111742e+03,1,1.0000000000000000e+00,9.9740588201661495e+00,-2.0801318809838127e+00,-1.4618399374489516e-01,1.7713740094566793e-01,-1.6346650943006957e-01,1.7958457748907565e-03
2.6808334893111742e+03,2,1.0000000000000000e+00,-2.4102818283897598e+01,1.3782539862426648e+00,3.3684151051997119e-01,-5.1718021323829966e-03,-1.9962560173150729e-01,-2.0769974236244850e-02

2.6853600553368988e+03,0,1.0000000000000000e+00,1.3055017665380968e+01,2.0602880942751334e+00,-1.0322642231849639e-01,-2.8932720817139301e-01,2.2625405050948677e-01,1.9166170689125787e-02
2.6853600553368988e+03,1,1.0000000000000000e+00,1.1055557123231139e+01,-2.5341157064389552e+00,-1.3939927299307331e-01,2.8759012622232305e-01,-2.6317214134036759e-02,1.6872373037469662e-03
2.6853600553368988e+03,2,1.0000000000000000e+00,-2.4110574788604865e+01,4.7382761217113512e-01,2.4262569531166778e-01,1.7370819490747369e-03,-1.9993683637544468e-01,-2.0853407992872688e-02

2.6906246021467578e+03,0,1.0000000000000000e+00,1.1418430190849264e+01,2.7157093443608136e+00,-9.3866859248686596e-03,-3.0969200796042656e-01,2.0888181578798709e-02,1.5934558697039036e-02
2.6906246021467578e+03,1,1.0000000000000000e+00,1.2661933377637093e+01,-2.1368000677119601e+00,-1.2327452574875086e-01,2.9995149500309898e-01,1.7903992831690982e-01,4.9812633802409217e-03
2.6906246021467578e+03,2,1.0000000000000000e+00,-2.4080363568479086e+01,-5.7890927664151492e-01,1.3266121167371797e-01,9.7405129573322480e-03,-1.9992810989570312e-01,-2.0915822077279881e-02

2.6955952654069943e+03,0,1.0000000000000000e+00,1.0085152326403698e+01,2.3817514189107962e+00,5.7243240497011044e-02,-2.0938238519498353e-01,-1.4444898660097905e-01,1.0670066334590726e-02
2.6955952654069943e+03,1,1.0000000000000000e+00,1.3927937712352632e+01,-8.0987791912026097e-01,-8.5864885722824608e-02,1.9204182114214036e-01,3.4399237766699159e-01,1.0269840721971969e-02
2.6955952654069943e+03,2,1.0000000000000000e+00,-2.4013090038749038e+01,-1.5718734997831705e+00,2.8621645225912290e-02,1.7340564052847795e-02,-1.9954339106600721e-01,-2.0939907056562613e-02

2.7004604079857095e+03,0,1.0000000000000000e+00,9.4712640709454128e+00,1.4577620099300903e+00,9.5885418684844972e-02,-3.5368027338990624e-02,-2.1699755972335927e-01,5.3661759548954691e-03
2.7004604079857095e+03,1,1.0000000000000000e+00,1.4439207888005553e+01,1.0833604366123488e+00,-2.2641735870287436e-02,1.0513513324280147e-02,4.1585434102984847e-01,1.5564037412308747e-02
2.7004604079857095e+03,2,1.0000000000000000e+00,-2.3910471958943642e+01,-2.5411224465350490e+00,-7.3243682814458519e-02,2.4854514014715289e-02,-1.9885678130648388e-01,-2.0930213367204145e-02

2.7051851006306451e+03,0,1.0000000000000000e+00,9.7360790740127996e+00,4.8698430892978806e-01,1.1221779733383547e-01,1.4328156476614590e-01,-1.7546548019160896e-01,1.9678739479816430e-03
2.7051851006306451e+03,1,1.0000000000000000e+00,1.4039678297823320e+01,2.9916098858168221e+00,5.9831797253081132e-02,-1.7544669415568004e-01,3.7340945013907539e-01,1.8922385795009315e-02
2.7051851006306451e+03,2,1.0000000000000000e+00,-2.3775757371828774e+01,-3.4785941947391956e+00,-1.7204959458681729e-01,3.2165129389539013e-02,-1.9794396994746116e-01,-2.0890259742990878e-02

2.7095810363237888e+03,0,1.0000000000000000e+00,1.0649526168037848e+01,-3.2686574071985497e-02,1.1871170815605525e-01,2.6045823754408121e-01,-4.9677008851451487e-02,1.4543506770521714e-03
2.7095810363237888e+03,1,1.0000000000000000e+00,1.2970006090396947e+01,4.3791692843565304e+00,1.4504132759886307e-01,-2.9935332306983869e-01,2.4655537438962399e-01,1.9373318855890612e-02
2.7095810363237888e+03,2,1.0000000000000000e+00,-2.3619532258427437e+01,-4.3464827102771073e+00,-2.6375303575481901e-01,3.8895085525762395e-02,-1.9687836553816723e-01,-2.0827669532942718e-02

2.7140445888089821e+03,0,1.0000000000000000e+00,1.1919644215940043e+01,1.2418408599244035e-01,1.2926966050370031e-01,2.9222584860717482e-01,1.2322563420206070e-01,3.7055912878624225e-03
2.7140445888089821e+03,1,1.0000000000000000e+00,1.1511230951127130e+01,5.0982031277652249e+00,2.2726116009153163e-01,-3.3784546570022178e-01,7.2319730683247457e-02,1.7033755353554465e-02
2.7140445888089821e+03,2,1.0000000000000000e+00,-2.3430875167059792e+01,-5.2223872137502063e+00,-3.5653082059513219e-01,4.5619617093051817e-02,-1.9554536488530308e-01,-2.0739346641416814e-02

2.7188724117073521e+03,0,1.0000000000000000e+00,1.3191486412384368e+01,1.1614656361620579e+00,1.5789291081252643e-01,2.1662436426045115e-01,2.9905175643945692e-01,8.4271601261337280e-03
2.7188724117073521e+03,1,1.0000000000000000e+00,1.0001778857548576e+01,5.0008498670426516e+00,2.9847335901709748e-01,-2.6942880457683160e-01,-1.0527597321906162e-01,1.2186328629868241e-02
2.7188724117073521e+03,2,1.0000000000000000e+00,-2.3193265269925536e+01,-6.1623155031972257e+00,-4.5636626982952389e-01,5.2804440316385315e-02,-1.9377578322039007e-01,-2.0613488756001882e-02

2.7236345058640941e+03,0,1.0000000000000000e+00,1.3864267545212915e+01,2.8656679630572039e+00,2.1083765468561461e-01,5.5573092634013499e-02,4.0069806499333738e-01,1.3756772673667324e-02
2.7236345058640941e+03,1,1.0000000000000000e+00,9.0607222480812677e+00,4.2145985669213619e+00,3.4332947285994642e-01,-1.1543953195839990e-01,-2.0900205790319260e-01,6.6987260866316241e-03
2.7236345058640941e+03,2,1.0000000000000000e+00,-2.2924989793286755e+01,-7.0802665299710608e+00,-5.5416712754546049e-01,5.9866439324391230e-02,-1.9169600709013968e-01,-2.0455498760298854e-02

2.7283235895114121e+03,0,1.0000000000000000e+00,1.3682025753067077e+01,4.7754503637530288e+00,2.8559872667017550e-01,-1.3283298976207256e-01,3.9533534899655876e-01,1.7786419950811483e-02
2.7283235895114121e+03,1,1.0000000000000000e+00,8.9459549571216499e+00,3.1983409517128258e+00,3.6405660506655663e-01,6.6023682122024668e-02,-2.0596328365318095e-01,2.4808202218850727e-03
2.7283235895114121e+03,2,1.0000000000000000e+00,-2.2627980710181273e+01,-7.9737913154583246e+00,-6.4965533173663115e-01,6.6809307640052940e-02,-1.8937206534337278e-01,-2.0267240172696453e-02

2.7324752277779676e+03,0,1.0000000000000000e+00,1.2823685560697101e+01,6.2513325469879906e+00,3.6315020119442676e-01,-2.7260414929377302e-01,3.0358588780680096e-01,1.9171963892033118e-02
2.7324752277779676e+03,1,1.0000000000000000e+00,9.5142613872182231e+00,2.5040633860300598e+00,3.7025933154135893e-01,1.9970894536590267e-01,-1.1645675861688554e-01,9.0499666156198741e-04
2.7324752277779676e+03,2,1.0000000000000000e+00,-2.2337946947907852e+01,-8.7553959330105009e+00,-7.3340953273568399e-01,7.2895203927875379e-02,-1.8712912918991065e-01,-2.0076960553594994e-02

2.7380973605607328e+03,0,1.0000000000000000e+00,1.0989508406689989e+01,7.4035443012309816e+00,4.6724920262940117e-01,-3.5541885297930104e-01,9.6949924403151366e-02,1.7131899543670205e-02
2.7380973605607328e+03,1,1.0000000000000000e+00,1.0915884860504981e+01,2.3947749337295612e+00,3.7824328376258531e-01,2.7448437555424471e-01,8.6871729356276350e-02,2.6576945472839598e-03
2.7380973605607328e+03,2,1.0000000000000000e+00,-2.1905393267187470e+01,-9.7983192349529684e+00,-8.4549248639188446e-01,8.0934477425061296e-02,-1.8382165375942294e-01,-1.9789594090954064e-02

2.7429867969179768e+03,0,1.0000000000000000e+00,9.3328343235566713e+00,7.4108066662164056e+00,5.4029144018728681e-01,-3.0333649563465859e-01,-8.8334646177780418e-02,1.2413552600794867e-02
2.7429867969179768e+03,1,1.0000000000000000e+00,1.2160202213186102e+01,3.2786497136446000e+00,4.0129212317374729e-01,2.1562941839970284e-01,2.6897585943500008e-01,7.0975648037181586e-03
2.7429867969179768e+03,2,1.0000000000000000e+00,-2.1493036536735243e+01,-1.0689456379853411e+01,-9.4158356336093185e-01,8.7707077234960740e-02,-1.8064121325721522e-01,-1.9511117404512932e-02

2.7478215070256724e+03,0,1.0000000000000000e+00,8.1903254891775035e+00,6.6583479991473684e+00,5.8655921833666591e-01,-1.5717509752354866e-01,-2.0778489141824724e-01,6.7200292767983054e-03
2.7478215070256724e+03,1,1.0000000000000000e+00,1.2862794450840752e+01,4.8962055170620200e+00,4.4862614118456123e-01,6.2917795518803360e-02,3.8495878640331854e-01,1.2483854972485232e-02
2.7478215070256724e+03,2,1.0000000000000000e+00,-2.1053119940010696e+01,-1.1554553516201766e+01,-1.0351853595211242e+00,9.4257302004750437e-02,-1.7717389498506692e-01,-1.9203884249283442e-02

2.7525809725398444e+03,0,1.0000000000000000e+00,7.8784100276253106e+00,5.5927883775286329e+00,6.0670003564532715e-01,2.7388284753918163e-02,-2.2094352475868084e-01,2.0559542176190951e-03
2.7525809725398444e+03,1,1.0000000000000000e+00,1.2710927634746241e+01,6.7962941455628023e+00,5.1909773474394738e-01,-1.2800635191718632e-01,3.9440704486429090e-01,1.6811354473377792e-02
2.7525809725398444e+03,2,1.0000000000000000e+00,-2.0589337662363974e+01,-1.2389082523083795e+01,-1.1257977703891713e+00,1.0061806716327334e-01,-1.7346352010560562e-01,-1.8867308690996787e-02

2.7569031696974334e+03,0,1.0000000000000000e+00,8.3298353574527333e+00,4.7884251789520640e+00,6.1027632396433185e-01,1.7364606644739317e-01,-1.3741641250824418e-01,2.8851840579994376e-05
2.7569031696974334e+03,1,1.0000000000000000e+00,1.1812275065744670e+01,8.3427448891796203e+00,5.9636094723899924e-01,-2.7995436594689410e-01,3.0731042597454672e-01,1.8506977314235496e-02
2.7569031696974334e+03,2,1.0000000000000000e+00,-2.0142110423189798e+01,-1.3131170068124032e+01,-1.2066372712032274e+00,1.0630829949950614e-01,-1.6989401346629796e-01,-1.8535829154815400e-02

2.7627483587695378e+03,0,1.0000000000000000e+00,9.6738757098315382e+00,4.5639529363253306e+00,6.1264730561416769e-01,2.5966957439896998e-01,7.1807571630179812e-02,1.5961865433506105e-03
2.7627483587695378e+03,1,1.0000000000000000e+00,9.8248856948900674e+00,9.5456212661844031e+00,7.0095749664719120e-01,-3.7343384523237455e-01,9.3028407820535064e-02,1.6463717026940133e-02
2.7627483587695378e+03,2,1.0000000000000000e+00,-1.9498761404713967e+01,-1.4109574202502051e+01,-1.3136048022612548e+00,1.1376427083340973e-01,-1.6483597945071030e-01,-1.8059903570290650e-02

2.7676136435564840e+03,0,1.0000000000000000e+00,1.0847240020603262e+01,5.3714042874223011e+00,6.3028882381784190e-01,2.0363360573809736e-01,2.5453272300614049e-01,5.9923386091483496e-03
2.7676136435564840e+03,1,1.0000000000000000e+00,8.0835133968603614e+00,9.5294656889683775e+00,7.7017709089221842e-01,-3.2331901488613063e-01,-9.4124239587720371e-02,1.1650799685341762e-02
2.7676136435564840e+03,2,1.0000000000000000e+00,-1.8930753417455968e+01,-1.4900869976382975e+01,-1.4004659147099556e+00,1.1968540914803835e-01,-1.6040848341841538e-01,-1.7643138294490025e-02

2.7724403624270317e+03,0,1.0000000000000000e+00,1.1495164345176157e+01,6.9199278921985847e+00,6.7221458300449277e-01,5.2694399904737232e-02,3.7193475545373661e-01,1.1381870698236183e-02
2.7724403624270317e+03,1,1.0000000000000000e+00,6.8442210031932156e+00,8.7440885925186258e+00,8.1236416626267072e-01,-1.7801344857124779e-01,-2.1617147442929113e-01,5.8231966996770603e-03
2.7724403624270317e+03,2,1.0000000000000000e+00,-1.8339385348361692e+01,-1.5664016484709485e+01,-1.4845787492670577e+00,1.2531904866651544e-01,-1.5576328102444054e-01,-1.7205067397913151e-02

2.7771593178233456e+03,0,1.0000000000000000e+00,1.1303180135241842e+01,8.7471142264958672e+00,7.3684033417280559e-01,-1.3545075457938299e-01,3.8387768394029620e-01,1.5697822467686882e-02
2.7771593178233456e+03,1,1.0000000000000000e+00,6.4321833231784673e+00,7.6407015362477395e+00,8.2785866494334759e-01,4.7956791089110995e-03,-2.3292015926052856e-01,1.0487070591156094e-03
2.7771593178233456e+03,2,1.0000000000000000e+00,-1.7735363458412603e+01,-1.6387815762735851e+01,-1.5646989991160472e+00,1.3065507547047694e-01,-1.5095752467976262e-01,-1.6746529526802396e-02

2.7817819850397641e+03,0,1.0000000000000000e+00,1.0284277036500338e+01,1.0344618227653214e+01,8.1464635949967101e-01,-2.9650298291252086e-01,2.9167701038156058e-01,1.7471037204760086e-02
2.7817819850397641e+03,1,1.0000000000000000e+00,6.8352921014631232e+00,6.7297228948470744e+00,8.2637350810799559e-01,1.6075820152731407e-01,-1.4563743100494270e-01,-1.2011915271727402e-03
2.7817819850397641e+03,2,1.0000000000000000e+00,-1.7119569137955736e+01,-1.7074341122492513e+01,-1.6410198676075600e+00,1.3574478138521207e-01,-1.4603957937661288e-01,-1.6269845677587255e-02

2.7863245065796955e+03,0,1.0000000000000000e+00,8.7116392635203397e+00,1.1320176385364334e+01,8.9220877616053351e-01,-3.8049444917277592e-01,1.2998885847730651e-01,1.6174663871601387e-02
2.7863245065796955e+03,1,1.0000000000000000e+00,7.7802543229138585e+00,6.4063130362821505e+00,8.2161806583572317e-01,2.3991709822090451e-01,1.1084744402756808e-02,-3.9083046061318821e-04
2.7863245065796955e+03,2,1.0000000000000000e+00,-1.6491893586426443e+01,-1.7726489421638686e+01,-1.7138268419961498e+00,1.4057735095187676e-01,-1.4107360288005838e-01,-1.5783833410988095e-02

2.7915299228172203e+03,0,1.0000000000000000e+00,6.7417897408765652e+00,1.1455505744218796e+01,9.6535765982588428e-01,-3.5409434968681669e-01,-7.4796869363560642e-02,1.1469708013679554e-02
2.7915299228172203e+03,1,1.0000000000000000e+00,9.0045283550566726e+00,6.9902616602188674e+00,8.2915470098372546e-01,2.0826730677183464e-01,2.1005801404105021e-01,3.7451463209706420e-03
2.7915299228172203e+03,2,1.0000000000000000e+00,-1.5746318095925455e+01,-1.8445767404429841e+01,-1.7945123608095022e+00,1.4582704291498746e-01,-1.3526114467748471e-01,-1.5214854334650104e-02

2.7962442439426113e+03,0,1.0000000000000000e+00,5.3390321478737164e+00,1.0751615785133026e+01,1.0060597839748688e+00,-2.2768599775070716e-01,-2.1111603717168681e-01,5.7204181496040805e-03
2.7962442439426113e+03,1,1.0000000000000000e+00,9.7091997440965496e+00,8.3191307186774566e+00,8.5894141169552718e-01,7.7403786447018758e-02,3.4096737499244822e-01,8.9660872620459641e-03
2.7962442439426113e+03,2,1.0000000000000000e+00,-1.5048231891962459e+01,-1.9070746503802631e+01,-1.8650011956702877e+00,1.5028221130369376e-01,-1.2985133782075620e-01,-1.4686505411649956e-02

2.8007979220349530e+03,0,1.0000000000000000e+00,4.6881311460899866e+00,9.6557907156472957e+00,1.0199894733322885e+00,-5.4260286688538745e-02,-2.5332605525365737e-01,6.1647342397398025e-04
2.8007979220349530e+03,1,1.0000000000000000e+00,9.6664331112441975e+00,9.9940196308181672e+00,9.1069058392702096e-01,-1.0008513660997123e-01,3.7777057588078422e-01,1.3539630161203615e-02
2.8007979220349530e+03,2,1.0000000000000000e+00,-1.4354564257326356e+01,-1.9649810346457592e+01,-1.9306800572592009e+00,1.5434542329851525e-01,-1.2444452062712168e-01,-1.4156103585177503e-02

2.8054971331219367e+03,0,1.0000000000000000e+00,4.8523299972864162e+00,8.5735958731717581e+00,1.0144333674449992e+00,1.1759846898131224e-01,-1.8978625030497548e-01,-2.5040333685519712e-03
2.8054971331219367e+03,1,1.0000000000000000e+00,8.7674697702182307e+00,1.1647512781233463e+01,9.8143373503256837e-01,-2.7594128735181545e-01,3.0845892854627960e-01,1.6087679149946597e-02
2.8054971331219367e+03,2,1.0000000000000000e+00,-1.3619799767496792e+01,-2.0221108654397320e+01,-1.9958671024774581e+00,1.5834281837050845e-01,-1.1867267824129889e-01,-1.3583645781394541e-02

2.8102662487923121e+03,0,1.0000000000000000e+00,5.7016989150493913e+00,8.0073616403566170e+00,1.0013671295290529e+00,2.2263414490152392e-01,-3.6692021223958954e-02,-2.3951488824574228e-03
2.8102662487923121e+03,1,1.0000000000000000e+00,7.1536381725276197e+00,1.2765450302099865e+01,1.0578549460617825e+00,-3.8484667346461532e-01,1.4936837026773978e-01,1.5378082957810919e-02
2.8102662487923121e+03,2,1.0000000000000000e+00,-1.2855337087569126e+01,-2.0772811942448552e+01,-2.0592220755907258e+00,1.6221252856309670e-01,-1.1267634904377570e-01,-1.2982934075353414e-02

2.8149145491899308e+03,0,1.0000000000000000e+00,6.7742932035190595e+00,8.2589320837358642e+00,9.9660950535536186e-01,2.2052783378945612e-01,1.4483392752875965e-01,7.8032436809748196e-04
2.8149145491899308e+03,1,1.0000000000000000e+00,5.3186856439061927e+00,1.3023923943038394e+01,1.1215841769465553e+00,-3.8628940010624085e-01,-3.8062290926754588e-02,1.1609702302401912e-02
2.8149145491899308e+03,2,1.0000000000000000e+00,-1.2092978847417344e+01,-2.1282856026766314e+01,-2.1181936823018068e+00,1.6576156631679004e-01,-1.0677163660200004e-01,-1.2390026670499312e-02

2.8195146053951839e+03,0,1.0000000000000000e+00,7.5858125579775457e+00,9.2895007573005337e+00,1.0112104393513306e+00,1.1760555738632980e-01,2.9325646367751135e-01,5.7302384520863010e-03
2.8195146053951839e+03,1,1.0000000000000000e+00,3.7370873444196415e+00,1.2470999401549802e+01,1.1626246116336818e+00,-2.8660921486521651e-01,-1.9236805849025407e-01,6.0707497747189403e-03
2.8195146053951839e+03,2,1.0000000000000000e+00,-1.1322899902389254e+01,-2.1760500158842365e+01,-2.1738350509849012e+00,1.6900365747889207e-01,-1.0088840518725214e-01,-1.1800988226805160e-02

2.8241306111771723e+03,0,1.0000000000000000e+00,7.7535019544749382e+00,1.0837652738549970e+01,1.0495816741294992e+00,-5.1759637804177444e-02,3.6112531732879816e-01,1.0749654662416177e-02
2.8241306111771723e+03,1,1.0000000000000000e+00,2.7823177510567074e+00,1.1374779431018769e+01,1.1773491768852986e+00,-1.2021309750981782e-01,-2.6622101460356162e-01,4.5230342487945913e-04
2.8241306111771723e+03,2,1.0000000000000000e+00,-1.0535819705523693e+01,-2.2212432169560753e+01,-2.2269308510146875e+00,1.7197273531400073e-01,-9.4904302725231260e-02,-1.1201958087295542e-02

2.8286804166114825e+03,0,1.0000000000000000e+00,7.1063071636179025e+00,1.2440291487771587e+01,1.1068891600220296e+00,-2.2963243323354915e-01,3.2638394066968546e-01,1.4048212496946710e-02
2.8286804166114825e+03,1,1.0000000000000000e+00,2.6408895378911188e+00,1.0190287429396827e+01,1.1696352106430774e+00,5.4979600946126084e-02,-2.3750173607585412e-01,-3.4530537124312713e-03
2.8286804166114825e+03,2,1.0000000000000000e+00,-9.7471967015010428e+00,-2.2630578917160406e+01,-2.2765243706649967e+00,1.7465283228742848e-01,-8.8882204593825842e-02,-1.0595158784515338e-02

2.8336625233280447e+03,0,1.0000000000000000e+00,5.5760209823679867e+00,1.3751711099967300e+01,1.1793728942705402e+00,-3.7006490633600803e-01,1.8533499845288529e-01,1.4422123594121884e-02
2.8336625233280447e+03,1,1.0000000000000000e+00,3.2942049787221426e+00,9.3049745726587112e+00,1.1482395903603939e+00,1.9270658306891558e-01,-1.0318065082591379e-01,-4.5115401415079543e-03
2.8336625233280447e+03,2,1.0000000000000000e+00,-8.8702259610821255e+00,-2.3056685672617970e+01,-2.3276124846308228e+00,1.7735832326709788e-01,-8.2154347626966245e-02,-9.9105834526138289e-03

2.8385172052721919e+03,0,1.0000000000000000e+00,3.6525973788895474e+00,1.4194619097115064e+01,1.2430325720982760e+00,-4.0286926112447302e-01,-6.1268544230155542e-03,1.1275604909093045e-02
2.8385172052721919e+03,1,1.0000000000000000e+00,4.3506490165812535e+00,9.2448486517823039e+00,1.1310511456355730e+00,2.2309327523379691e-01,8.1666571355150847e-02,-2.0416038160215987e-03
2.8385172052721919e+03,2,1.0000000000000000e+00,-8.0032463954627708e+00,-2.3439467748889300e+01,-2.3740837177337379e+00,1.7977598589068144e-01,-7.5539716932129880e-02,-9.2340010930713513e-03

2.8430090272434745e+03,0,1.0000000000000000e+00,1.9703336360353754e+00,1.3782697339573158e+01,1.2827016920618752e+00,-3.3081006286432885e-01,-1.7034232629481899e-01,6.1489852300430064e-03
2.8430090272434745e+03,1,1.0000000000000000e+00,5.2207873877439681e+00,9.9823544734866996e+00,1.1314569736918954e+00,1.4902464882886951e-01,2.3977439268863571e-01,2.4613256338691745e-03
2.8430090272434745e+03,2,1.0000000000000000e+00,-7.1911210237712879e+00,-2.3765051813051763e+01,-2.4141586657536580e+00,1.8178541403546455e-01,-6.9432066393811109e-02,-8.6103108639120941e-03

2.8473981775770935e+03,0,1.0000000000000000e+00,8.1376714324670529e-01,1.2789275915933802e+01,1.2973141841554778e+00,-1.8728106892334923e-01,-2.6899639306114370e-01,5.4611667739353983e-04
2.8473981775770935e+03,1,1.0000000000000000e+00,5.5756133017868290e+00,1.1267459475704891e+01,1.1533055505290553e+00,3.7807237266518356e-03,3.3247518819212413e-01,7.4577971094220742e-03
2.8473981775770935e+03,2,1.0000000000000000e+00,-6.3893804450254574e+00,-2.4056735391630575e+01,-2.4506197346844205e+00,1.8350034519670283e-01,-6.3478795130974652e-02,-8.0039137868155238e-03

2.8526948376609635e+03,0,1.0000000000000000e+00,3.7232868182805312e-01,1.1306724237431929e+01,1.2849469166750755e+00,2.0181805109465212e-02,-2.6743995723117725e-01,-4.7646790478822199e-03
2.8526948376609635e+03,1,1.0000000000000000e+00,5.0403595990711141e+00,1.3067141237480731e+01,1.2061182985953773e+00,-2.0541899694987770e-01,3.2369521132971196e-01,1.2030619402537693e-02
2.8526948376609635e+03,2,1.0000000000000000e+00,-5.4126882808910617e+00,-2.4373865474904520e+01,-2.4910652152703392e+00,1.8523719184041770e-01,-5.6255254098528773e-02,-7.2659403546553938e-03

2.8574850522434363e+03,0,1.0000000000000000e+00,8.5391444252422133e-01,1.0260911633066115e+01,1.2565618118291835e+00,1.6903595952937353e-01,-1.5386991900426050e-01,-6.5090770029161398e-03
2.8574850522434363e+03,1,1.0000000000000000e+00,3.6682453642632908e+00,1.4366620037792371e+01,1.2676820974379959e+00,-3.5557187172913740e-01,2.0351206621198725e-01,1.3093498278307398e-02
2.8574850522434363e+03,2,1.0000000000000000e+00,-4.5221598067793822e+00,-2.4627531670850317e+01,-2.5242439092670645e+00,1.8653591219976914e-01,-4.9642147207720741e-02,-6.5844212753911786e-03

2.8621725154019086e+03,0,1.0000000000000000e+00,1.8166988730817328e+00,9.9353786772753594e+00,1.2287654848102472e+00,2.2388817070209860e-01,2.0558714556375146e-02,-4.8093304443036665e-03
2.8621725154019086e+03,1,1.0000000000000000e+00,1.8285098248239913e+00,1.4909577659877748e+01,1.3247593753376026e+00,-4.1148887128653483e-01,2.2565948535576696e-02,1.0717624860801536e-02
2.8621725154019086e+03,2,1.0000000000000000e+00,-3.6452086978975702e+00,-2.4844956337144900e+01,-2.5535248601477356e+00,1.8760070058444142e-01,-4.3124663091945875e-02,-5.9082944164977899e-03

2.8664650039311832e+03,0,1.0000000000000000e+00,2.7105970444378000e+00,1.0379235723513730e+01,1.2159796265513410e+00,1.7752768028030413e-01,1.8196699011361733e-01,-8.5946664403398470e-04
2.8664650039311832e+03,1,1.0000000000000000e+00,1.2755691974018735e-01,1.4638055002395326e+01,1.3615799359592160e+00,-3.6592855066745772e-01,-1.4478730578353954e-01,6.1507852258891804e-03
2.8664650039311832e+03,2,1.0000000000000000e+00,-2.8381539641698108e+00,-2.5017290725900835e+01,-2.5775595625104426e+00,1.8840087038715875e-01,-3.7179684330071919e-02,-5.2913185818551089e-03

2.8707359012182214e+03,0,1.0000000000000000e+00,3.2264416322330098e+00,1.1421536650095792e+01,1.2227592024434522e+00,5.3610870938195110e-02,2.9485264221260882e-01,4.0772065771630134e-03
2.8707359012182214e+03,1,1.0000000000000000e+00,-1.1942918311405806e+00,1.3742022395993423e+01,1.3761026327249750e+00,-2.4261554446576955e-01,-2.6352601241311185e-01,6.0843197566809969e-04
2.8707359012182214e+03,2,1.0000000000000000e+00,-2.0321498010842283e+00,-2.5163559046080973e+01,-2.5988618351683117e+00,1.8900467352757949e-01,-3.1326629799491010e-02,-4.6856385528310281e-03

2.8761746424016519e+03,0,1.0000000000000000e+00,2.9516613374195000e+00,1.3162051757997840e+01,1.2605987578665361e+00,-1.5792970265317424e-01,3.2087564635579596e-01,9.4578434857188198e-03
2.8761746424016519e+03,1,1.0000000000000000e+00,-1.9488524850640383e+00,1.2151786455700837e+01,1.3616688193526869e+00,-3.1526559532414844e-02,-2.9693228978547598e-01,-5.5360931775121549e-03
2.8761746424016519e+03,2,1.0000000000000000e+00,-1.0028088523472349e+00,-2.5313838213690396e+01,-2.6222675772191066e+00,1.8945626218559425e-01,-2.3943356570314100e-02,-3.9217503082065834e-03

2.8810722215789879e+03,0,1.0000000000000000e+00,1.7428644880366242e+00,1.4537604235344205e+01,1.3132151805384553e+00,-3.2592685669424371e-01,2.2350163026885317e-01,1.1458466285159345e-02
2.8810722215789879e+03,1,1.0000000000000000e+00,-1.6683010889106324e+00,1.0877238406594577e+01,1.3265685264382161e+00,1.3636455225834454e-01,-2.0620209368252362e-01,-8.2286363337218497e-03
2.8810722215789879e+03,2,1.0000000000000000e+00,-7.4563399117737683e-02,-2.5414842641930470e+01,-2.6397837069765551e+00,1.8956230443590427e-01,-1.7299536586323661e-02,-3.2298299514374202e-03

2.8859543639823164e+03,0,1.0000000000000000e+00,-9.2858027818600419e-02,1.5218487764463406e+01,1.3666757862185619e+00,-4.0811331529701239e-01,4.6895669406911866e-02,9.8352982117175490e-03
2.8859543639823164e+03,1,1.0000000000000000e+00,-7.5781049595966721e-01,1.0264598547770527e+01,1.2871759801794298e+00,2.1868398808603279e-01,-3.6240108603600663e-02,-7.3029119098861166e-03
2.8859543639823164e+03,2,1.0000000000000000e+00,8.5066852378654678e-01,-2.5483086312225595e+01,-2.6538517663978745e+00,1.8942932721098454e-01,-1.0655560803305153e-02,-2.5323863018313570e-03

2.8907982822911104e+03,0,1.0000000000000000e+00,-2.0366074714191793e+00,1.4975225734051611e+01,1.4038325546216428e+00,-3.7507151695083762e-01,-1.4396074025321784e-01,5.0904120243388494e-03
2.8907982822911104e+03,1,1.0000000000000000e+00,2.6907591671223541e-01,1.0543551248829253e+01,1.2606096613927491e+00,1.8596943358129836e-01,1.4805293319222199e-01,-3.2488111674615853e-03
2.8907982822911104e+03,2,1.0000000000000000e+00,1.7675315547152475e+00,-2.5518776982872495e+01,-2.6644422160142747e+00,1.8910208336954448e-01,-4.0921929389982070e-03,-1.8416008568771878e-03

2.8950935071697986e+03,0,1.0000000000000000e+00,-3.4223200041917545e+00,1.4062338004637052e+01,1.4139437913240764e+00,-2.5885323066926563e-01,-2.7055867647664344e-01,-4.6243748134349675e-04
2.8950935071697986e+03,1,1.0000000000000000e+00,8.4346895393883070e-01,1.1461661563438305e+01,1.2571108344862103e+00,7.0205539046269971e-02,2.6891472707419672e-01,1.7018447051766186e-03
2.8950935071697986e+03,2,1.0000000000000000e+00,2.5788510502612518e+00,-2.5523999568066962e+01,-2.6710546258101693e+00,1.8864769162300077e-01,1.6439494024525492e-03,-1.2394072238330481e-03

2.9002635617111541e+03,0,1.0000000000000000e+00,-4.2592544023430392e+00,1.2484114543903837e+01,1.3948831302825990e+00,-5.9950502118475413e-02,-3.1823994124703775e-01,-6.6210259180161171e-03
2.9002635617111541e+03,1,1.0000000000000000e+00,7.0700006280738936e-01,1.3013815548816545e+01,1.2807381572982153e+00,-1.2790885917403788e-01,3.0982046075709563e-01,7.1503377613788555e-03
2.9002635617111541e+03,2,1.0000000000000000e+00,3.5522543395440032e+00,-2.5497930092711954e+01,-2.6756212875806962e+00,1.8785936129251840e-01,8.4194804899479503e-03,-5.2931184336266462e-04

2.9051423323904705e+03,0,1.0000000000000000e+00,-4.1005940745479688e+00,1.1068640564606049e+01,1.3532714480828871e+00,1.1707128360805746e-01,-2.4372237134519545e-01,-9.8912034867630078e-03
2.9051423323904705e+03,1,1.0000000000000000e+00,-3.6582174473738016e-01,1.4372805882068439e+01,1.3233123531606830e+00,-3.0391940646145843e-01,2.2899556324930651e-01,9.7565354191742355e-03
2.9051423323904705e+03,2,1.0000000000000000e+00,4.4664158192937293e+00,-2.5441446446666035e+01,-2.6765838012434515e+00,1.8684812285340580e-01,1.4726808095894689e-02,1.3466806758884522e-04

2.9099509277628795e+03,0,1.0000000000000000e+00,-3.2595068135336760e+00,1.0257420357759973e+01,1.3050007909771160e+00,2.1604226651893263e-01,-8.3534342398946554e-02,-9.5733957846327600e-03
2.9099509277628795e+03,1,1.0000000000000000e+00,-2.1025054700021970e+00,1.5098330763956842e+01,1.3693582736728440e+00,-4.0165667163384033e-01,6.2621907294725082e-02,8.7822766096516194e-03
2.9099509277628795e+03,2,1.0000000000000000e+00,5.3620122835442761e+00,-2.5355751121708327e+01,-2.6743590646498410e+00,1.8561440511491265e-01,2.0912435104227224e-02,7.9111917498121231e-04

2.9147973013608139e+03,0,1.0000000000000000e+00,-2.1969825087888442e+00,1.0313050143075955e+01,1.2663829035613081e+00,2.0251680301579564e-01,1.0498973492548064e-01,-5.8897596841786621e-03
2.9147973013608139e+03,1,1.0000000000000000e+00,-4.0611787997302455e+00,1.4926308339049882e+01,1.4025386110196107e+00,-3.8669674507528251e-01,-1.3209982362603145e-01,4.4378801134271938e-03
2.9147973013608139e+03,2,1.0000000000000000e+00,6.2581613085275158e+00,-2.5239358482117332e+01,-2.6689215145808003e+00,1.8417994205949176e-01,2.7110088700556430e-02,1.4518795707515388e-03

2.9191365477993754e+03,0,1.0000000000000000e+00,-1.5190882306845026e+00,1.1079052825436627e+01,1.2513318760206622e+00,9.7372486018994064e-02,2.3819084444427630e-01,-9.1659044822612777e-04
2.9191365477993754e+03,1,1.0000000000000000e+00,-5.5352384714644280e+00,1.4030768891841291e+01,1.4100219986767111e+00,-2.8013148263742771e-01,-2.7076790077900936e-01,-1.1173497966225454e-03
2.9191365477993754e+03,2,1.0000000000000000e+00,7.0543267021573772e+00,-2.5109821717269384e+01,-2.6613538746972534e+00,1.8275899661843850e-01,3.2577056334738744e-02,2.0339402448487473e-03

2.9250198053403224e+03,0,1.0000000000000000e+00,-1.5766304446775266e+00,1.2725887366061990e+01,1.2657176077378485e+00,-1.2416066309289797e-01,2.9375929228197706e-01,5.4637425967952033e-03
2.9250198053403224e+03,1,1.0000000000000000e+00,-6.5467258825791781e+00,1.2170924105577715e+01,1.3814026876844758e+00,-5.6446932514431669e-02,-3.3355601999995577e-01,-8.2642888522913398e-03
2.9250198053403224e+03,2,1.0000000000000000e+00,8.1233563272651743e+00,-2.4896811471631132e+01,-2.6471202954222051e+00,1.8060759560733464e-01,3.9796727717984474e-02,2.8005462554962094e-03

2.9299800134343227e+03,0,1.0000000000000000e+00,-2.6516626185783423e+00,1.4023006927693324e+01,1.3008445396277581e+00,-3.0085290364108075e-01,2.1070881841855527e-01,8.1353705998753259e-03
2.9299800134343227e+03,1,1.0000000000000000e+00,-6.3625431159914152e+00,1.0661650453349091e+01,1.3308141743478148e+00,1.2230144336129689e-01,-2.5643553324383095e-01,-1.1567801151903017e-02
2.9299800134343227e+03,2,1.0000000000000000e+00,9.0142057345782618e+00,-2.4684657381033816e+01,-2.6316587139754519e+00,1.7855146027978874e-01,4.5726714825281400e-02,3.4324305520277588e-03

2.9348796405539333e+03,0,1.0000000000000000e+00,-4.4025071774306967e+00,1.4665546453835930e+01,1.3397750225649683e+00,-3.9660354540997389e-01,4.1550398174010988e-02,7.1288093240876524e-03
2.9348796405539333e+03,1,1.0000000000000000e+00,-5.4810912636599012e+00,9.7808985568558882e+00,1.2735457691722729e+00,2.2030921055404651e-01,-9.3050374037562805e-02,-1.1181578935293080e-02
2.9348796405539333e+03,2,1.0000000000000000e+00,9.8835984410991280e+00,-2.4446445010683185e+01,-2.6133207917371202e+00,1.7629433485593238e-01,5.1499975863557257e-02,4.0527696112054954e-03

2.9397780466586109e+03,0,1.0000000000000000e+00,-6.3481121018232107e+00,1.4388218691297849e+01,1.3650843376844137e+00,-3.7779875599859669e-01,-1.5298151568255869e-01,2.7306886838076461e-03
2.9397780466586109e+03,1,1.0000000000000000e+00,-4.3931284850358709e+00,9.7919452570550298e+00,1.2268706821397708e+00,2.0394783162516028e-01,9.5772202599554324e-02,-7.4003914917559616e-03
2.9397780466586109e+03,2,1.0000000000000000e+00,1.0741240586867633e+01,-2.4180163948344219e+01,-2.5919550198240633e+00,1.7385092437344135e-01,5.7209313083010138e-02,4.6697028079483796e-03

2.9442497898353708e+03,0,1.0000000000000000e+00,-7.8140826974232436e+00,1.3369495743774916e+01,1.3647895346178980e+00,-2.6482799377676447e-01,-2.9202821002600621e-01,-2.9935554541872548e-03
2.9442497898353708e+03,1,1.0000000000000000e+00,-3.6993516471918557e+00,1.0543347003235937e+01,1.2050419111085426e+00,9.3330631147881649e-02,2.2969605883199806e-01,-2.2292706876808682e-03
2.9442497898353708e+03,2,1.0000000000000000e+00,1.1513434344623676e+01,-2.3912842747002173e+01,-2.5698314457263187e+00,1.7149736262888765e-01,6.2332151194014002e-02,5.2228261418681768e-03

2.9487376739615993e+03,0,1.0000000000000000e+00,-8.6334696557141406e+00,1.1893582472441214e+01,1.3383387038826990e+00,-9.5010800759309566e-02,-3.4964459237038920e-01,-8.6255614256490407e-03
2.9487376739615993e+03,1,1.0000000000000000e+00,-3.6441236052120418e+00,1.1728228380972611e+01,1.2068372277118209e+00,-7.4015418403026667e-02,2.8230509445920909e-01,2.8636633609885106e-03
2.9487376739615993e+03,2,1.0000000000000000e+00,1.2277593260934779e+01,-2.3621810853405123e+01,-2.5451759315943985e+00,1.6902621916234090e-01,6.7339497911185653e-02,5.7618980646605821e-03

2.9539004964528344e+03,0,1.0000000000000000e+00,-8.6006938435874503e+00,1.0178594888331780e+01,1.2815464457194619e+00,1.0133520685355885e-01,-2.9334065727420244e-01,-1.2806938643609808e-02
2.9539004964528344e+03,1,1.0000000000000000e+00,-4.5418717510969762e+00,1.3081077748341482e+01,1.2323224837412594e+00,-2.6735320666735857e-01,2.2042387558101573e-01,6.4437331385625747e-03
2.9539004964528344e+03,2,1.0000000000000000e+00,1.3142565594693053e+01,-2.3259672636664540e+01,-2.5138689294605991e+00,1.6601799981380422e-01,7.2916781693192434e-02,6.3632055050472794e-03

2.9588803521080545e+03,0,1.0000000000000000e+00,-7.7594650894204111e+00,9.0753472262175023e+00,1.2153959787309954e+00,2.1977453055648008e-01,-1.3731160277889159e-01,-1.3095313023191762e-02
2.9588803521080545e+03,1,1.0000000000000000e+00,-6.2022066883809579e+00,1.3808131348867594e+01,1.2653657513866574e+00,-3.8269075071843639e-01,5.9161025956709523e-02,6.1632101193631848e-03
2.9588803521080545e+03,2,1.0000000000000000e+00,1.3961671777810013e+01,-2.2883478575076342e+01,-2.4807617301175302e+00,1.6291622016196078e-01,7.8150576822187900e-02,6.9321029038286264e-03

2.9638351351232691e+03,0,1.0000000000000000e+00,-6.6132138954019553e+00,8.8746591121847871e+00,1.1576293051965987e+00,2.2211401461149588e-01,5.6382999251085725e-02,-9.6850934587083548e-03
2.9638351351232691e+03,1,1.0000000000000000e+00,-8.1476354776650552e+00,1.3608900466874134e+01,1.2873951191356694e+00,-3.8175888163144206e-01,-1.3964557959890325e-01,2.1929144900384376e-03
2.9638351351232691e+03,2,1.0000000000000000e+00,1.4760849373075683e+01,-2.2483559579050141e+01,-2.4450244243321464e+00,1.5964486701995070e-01,8.3262580347823523e-02,7.4921789686699632e-03

2.9684194010940087e+03,0,1.0000000000000000e+00,-5.7950868615378575e+00,9.4938085361470712e+00,1.1248071683169694e+00,1.2017278959749558e-01,2.0352263218041608e-01,-4.4481639341956286e-03
2.9684194010940087e+03,1,1.0000000000000000e+00,-9.6904368620737866e+00,1.2597375974452765e+01,1.2846994476913909e+00,-2.7666937286755700e-01,-2.9142612031950932e-01,-3.5531079986932477e-03
2.9684194010940087e+03,2,1.0000000000000000e+00,1.5485523723620336e+01,-2.2091184510591024e+01,-2.4095066160082372e+00,1.5649658327006596e-01,8.7903488139099317e-02,8.0012719328889197e-03

2.9729940739306521e+03,0,1.0000000000000000e+00,-5.6111473859223011e+00,1.0611103998759589e+01,1.1170455006247875e+00,-4.6221934088911037e-02,2.6854017287025383e-01,9.1487048747792600e-04
2.9729940739306521e+03,1,1.0000000000000000e+00,-1.0582948550018360e+01,1.1067592741537133e+01,1.2547245591814686e+00,-1.0704862811738272e-01,-3.6094698946588982e-01,-9.4086476401688511e-03
2.9729940739306521e+03,2,1.0000000000000000e+00,1.6194095935949370e+01,-2.1678696740287890e+01,-2.3717700598061326e+00,1.5327056220629823e-01,9.2406816595642163e-02,8.4937771526909650e-03

2.9782693976791365e+03,0,1.0000000000000000e+00,-6.3951549154522098e+00,1.1949031641651629e+01,1.1338944007945657e+00,-2.4534496651733789e-01,2.1629947183953951e-01,4.9078165623908888e-03
2.9782693976791365e+03,1,1.0000000000000000e+00,-1.0597441909437581e+01,9.2289247422323015e+00,1.1916183916025525e+00,9.5908708034494916e-02,-3.1369856120355971e-01,-1.3947644092203480e-02
2.9782693976791365e+03,2,1.0000000000000000e+00,1.6992596824898524e+01,-2.1177956383875070e+01,-2.3255127923969945e+00,1.4943625848284747e-01,9.7399089364026400e-02,9.0398275298126315e-03

2.9832141746216694e+03,0,1.0000000000000000e+00,-7.9464870455852754e+00,1.2673008353345416e+01,1.1600329149838302e+00,-3.6643157415797001e-01,6.3756628915592375e-02,5.0200898977703955e-03
2.9832141746216694e+03,1,1.0000000000000000e+00,-9.7758477681163036e+00,8.0121482752092810e+00,1.1195491436772114e+00,2.2073994095463789e-01,-1.6565335583340551e-01,-1.4555804307070895e-02
2.9832141746216694e+03,2,1.0000000000000000e+00,1.7722334813710336e+01,-2.0685156628545791e+01,-2.2795820586609175e+00,1.4569163320333656e-01,1.0189672691781937e-01,9.5357144093005421e-03

2.9880491666515313e+03,0,1.0000000000000000e+00,-9.7928168343613287e+00,1.2521298458073709e+01,1.1772399286082493e+00,-3.7791090857025694e-01,-1.2790158515377487e-01,1.5698456510900368e-03
2.9880491666515313e+03,1,1.0000000000000000e+00,-8.6247636638777934e+00,7.6608170450192530e+00,1.0550837138676858e+00,2.3603802493037324e-01,2.1732155329522773e-02,-1.1581308180733241e-02
2.9880491666515313e+03,2,1.0000000000000000e+00,1.8417580498247901e+01,-2.0182115503084027e+01,-2.2323236424758113e+00,1.4187288363988815e-01,1.0616942982425820e-01,1.0011462529643250e-02

2.9927571528326453e+03,0,1.0000000000000000e+00,-1.1383342525078501e+01,1.1516401243185090e+01,1.1718431182950588e+00,-2.8172151469427481e-01,-2.8958579774747761e-01,-4.1016691137952237e-03
2.9927571528326453e+03,1,1.0000000000000000e+00,-7.6931738144523676e+00,8.1562673037982663e+00,1.0122734370282136e+00,1.4368758119931696e-01,1.7935395647347385e-01,-6.3638062419454165e-03
2.9927571528326453e+03,2,1.0000000000000000e+00,1.9076516339539669e+01,-1.9672668546974393e+01,-2.1841165553231479e+00,1.3803393349496224e-01,1.1023184127400970e-01,1.0465475355740691e-02

2.9974131715578928e+03,0,1.0000000000000000e+00,-1.2322138032038120e+01,9.9420668687055009e+00,1.1385049410233279e+00,-1.1366326970338780e-01,-3.7019946904631124e-01,-1.0114173775970896e-02
2.9974131715578928e+03,1,1.0000000000000000e+00,-7.3880813456058592e+00,9.2082300360163476e+00,9.9586576491690659e-01,-2.0501593981170574e-02,2.5606910861403981e-01,-7.8589672139552959e-04
2.9974131715578928e+03,2,1.0000000000000000e+00,1.9710219377652802e+01,-1.9150296904712867e+01,-2.1343707059401105e+00,1.3416486368456293e-01,1.1413036043227737e-01,1.0900070497366481e-02

3.0019785935975019e+03,0,1.0000000000000000e+00,-1.2422782917221404e+01,8.2670156984345819e+00,1.0814458650943326e+00,6.7133639172798687e-02,-3.4622325917210134e-01,-1.4492717792080388e-02
3.0019785935975019e+03,1,1.0000000000000000e+00,-7.8911942756285720e+00,1.0353790080606933e+01,1.0022223352933495e+00,-1.9745041687076476e-01,2.2842422085052866e-01,3.1842207848749044e-03
3.0019785935975019e+03,2,1.0000000000000000e+00,2.0313977192858825e+01,-1.8620805779032501e+01,-2.0836682003875575e+00,1.3031677769797045e-01,1.1779903832157847e-01,1.1308497007205539e-02

3.0069118860590875e+03,0,1.0000000000000000e+00,-1.1698289969283163e+01,6.8434299155694127e+00,1.0047181915441561e+00,2.1277785121282600e-01,-2.1583390576857941e-01,-1.5971373191346873e-02
3.0069118860590875e+03,1,1.0000000000000000e+00,-9.2481539243454289e+00,1.1186842854584604e+01,1.0221110160734739e+00,-3.3885017879089796e-01,9.4256597959938682e-02,4.2395380444916093e-03
3.0069118860590875e+03,2,1.0000000000000000e+00,2.0946443893637461e+01,-1.8030272770144972e+01,-2.0268292076175056e+00,1.2607232757807607e-01,1.2157730780864677e-01,1.1731835146855316e-02

3.0116883562459293e+03,0,1.0000000000000000e+00,-1.0537179690689022e+01,6.2407799874574081e+00,9.3239031365175573e-01,2.5459741493331312e-01,-3.2448642923676468e-02,-1.3747160695956247e-02
3.0116883562459293e+03,1,1.0000000000000000e+00,-1.1001394609267056e+01,1.1200367648414227e+01,1.0374496515058591e+00,-3.7644033843723823e-01,-9.2629877937599220e-02,1.6182393936344606e-03
3.0116883562459293e+03,2,1.0000000000000000e+00,2.1538574299964964e+01,-1.7441147635862560e+01,-1.9698399651574905e+00,1.2184292350392921e-01,1.2507852086128168e-01,1.2128921302321840e-02

3.0164177406816980e+03,0,1.0000000000000000e+00,-9.4565568754477525e+00,6.5100032506943784e+00,8.7823860743784543e-01,1.8489486702739805e-01,1.3900731432258992e-01,-8.8317781017170569e-03
3.0164177406816980e+03,1,1.0000000000000000e+00,-1.2648122192733648e+01,1.0331635352497972e+01,1.0333288934093656e+00,-3.0243419971092517e-01,-2.6743646124861553e-01,-3.6802642558523696e-03
3.0164177406816980e+03,2,1.0000000000000000e+00,2.2104679068190304e+01,-1.6841638603183245e+01,-1.9115675008470858e+00,1.1753933268353133e-01,1.2842914692603155e-01,1.2512042357569482e-02

3.0212099088687964e+03,0,1.0000000000000000e+00,-8.9225864276910478e+00,7.4564553917279710e+00,8.5009937762524990e-01,2.7543675151770086e-02,2.3959241445879934e-01,-2.9443280326434985e-03
3.0212099088687964e+03,1,1.0000000000000000e+00,-1.3734749599387559e+01,8.7618152566392453e+00,1.0006031464513341e+00,-1.4064582726935554e-01,-3.7130342881086165e-01,-9.9428759788215953e-03
3.0212099088687964e+03,2,1.0000000000000000e+00,2.2657336027087538e+01,-1.6218270648358079e+01,-1.8507025240764587e+00,1.1310215211758975e-01,1.3171101435206817e-01,1.2887204011465141e-02

3.0258992993418660e+03,0,1.0000000000000000e+00,-9.2236514731054200e+00,8.6050519795229441e+00,8.4779393897278932e-01,-1.5523493269339125e-01,2.3185404432720666e-01,1.6011893919843853e-03
3.0258992993418660e+03,1,1.0000000000000000e+00,-1.3953811357482909e+01,6.9883139748491647e+00,9.4164753452480188e-01,4.6510307294720360e-02,-3.6663494513787509e-01,-1.4838460014274885e-02
3.0258992993418660e+03,2,1.0000000000000000e+00,2.3177462830597271e+01,-1.5593365954362952e+01,-1.7894414734974660e+00,1.0872462539867514e-01,1.3478090081067434e-01,1.3237270622290546e-02

3.0307860989953124e+03,0,1.0000000000000000e+00,-1.0382710194625734e+01,9.4934394644137452e+00,8.6133077638497091e-01,-3.0726377116526338e-01,1.1587416297178553e-01,3.3355059200204842e-03
3.0307860989953124e+03,1,1.0000000000000000e+00,-1.3314848515629816e+01,5.4338281565818685e+00,8.6257022890629964e-01,2.0314026589739009e-01,-2.5367262987999384e-01,-1.6918683567093647e-02
3.0307860989953124e+03,2,1.0000000000000000e+00,2.3697558710264513e+01,-1.4927267620986429e+01,-1.7239010052911452e+00,1.0412350526787773e-01,1.3779846690821429e-01,1.3583177647073209e-02

3.0354706178958813e+03,0,1.0000000000000000e+00,-1.1997461702520926e+01,9.6388319231007920e+00,8.7397873305514673e-01,-3.6494522417847247e-01,-5.9692424406256717e-02,1.5064121177331743e-03
3.0354706178958813e+03,1,1.0000000000000000e+00,-1.2177399758894531e+01,4.6364808179764871e+00,7.8554524366355982e-01,2.6530477414851611e-01,-8.0827840086563130e-02,-1.5406115317249230e-02
3.0354706178958813e+03,2,1.0000000000000000e+00,2.4174861461424449e+01,-1.4275312741068063e+01,-1.6595239767185803e+00,9.9640450029960748e-02,1.4052026449282556e-01,1.3899703199516106e-02

3.0400941953648726e+03,0,1.0000000000000000e+00,-1.3613513646589912e+01,8.9423928436152060e+00,8.7110450265618367e-01,-3.1684874097362697e-01,-2.3711546382608226e-01,-3.1177545578328697e-03
3.0400941953648726e+03,1,1.0000000000000000e+00,-1.1011635331138130e+01,4.6772681576890189e+00,7.2345320621996689e-01,2.2172557585598057e-01,9.4042919423838606e-02,-1.1082915030734938e-02
3.0400941953648726e+03,2,1.0000000000000000e+00,2.4625148977737055e+01,-1.3619661001294981e+01,-1.5945577088760241e+00,9.5123165117650815e-02,1.4307254440224915e-01,1.4200669588567857e-02

3.0451394666338369e+03,0,1.0000000000000000e+00,-1.4859049544909428e+01,7.3778111556582999e+00,8.3911254135167901e-01,-1.6299980914982604e-01,-3.6686459746819566e-01,-9.6256302871258609e-03
3.0451394666338369e+03,1,1.0000000000000000e+00,-1.0233400575997830e+01,5.5132454652938083e+00,6.8299740280978083e-01,7.2890225507213913e-02,2.2113173071858672e-01,-4.8902282104561594e-03
3.0451394666338369e+03,2,1.0000000000000000e+00,2.5092450120916300e+01,-1.2891056620942843e+01,-1.5221099441613331e+00,9.0109583642616314e-02,1.4573286674961461e-01,1.4515858497582069e-02

3.0500395090656580e+03,0,1.0000000000000000e+00,-1.5182637517900053e+01,5.4940932491864940e+00,7.7775023052017878e-01,3.2441050157484747e-02,-3.8179444881415636e-01,-1.5083971555435123e-02
3.0500395090656580e+03,1,1.0000000000000000e+00,-1.0339345782607257e+01,6.6768053649116919e+00,6.7251466509911273e-01,-1.1764783670635195e-01,2.3361283609264916e-01,2.7859357065125080e-04
3.0500395090656580e+03,2,1.0000000000000000e+00,2.5521983300516364e+01,-1.2170898614088893e+01,-1.4502648956191648e+00,8.5206786548871705e-02,1.4818161272151273e-01,1.4805377984783914e-02

3.0548214017274472e+03,0,1.0000000000000000e+00,-1.4610728930344306e+01,3.8606642495494858e+00,6.9813743398014949e-01,1.9682278047031720e-01,-2.8485953639015449e-01,-1.7645944303996273e-02
3.0548214017274472e+03,1,1.0000000000000000e+00,-1.1307251760623434e+01,7.5962501635293709e+00,6.8069007746423815e-01,-2.7723781433288147e-01,1.3445037667072496e-01,2.5759842520851721e-03
3.0548214017274472e+03,2,1.0000000000000000e+00,2.5917980690976815e+01,-1.1456914413069532e+01,-1.3788275114442607e+00,8.0415033862568708e-02,1.5040915971943516e-01,1.5069960051911146e-02

3.0595950670767393e+03,0,1.0000000000000000e+00,-1.3439054110546657e+01,2.8917829761805098e+00,6.1495833343750816e-01,2.7657124600912891e-01,-1.1320302857282744e-01,-1.6597622050175075e-02
3.0595950670767393e+03,1,1.0000000000000000e+00,-1.2851332650114786e+01,7.8421735097074352e+00,6.9133320051682079e-01,-3.5217304255405929e-01,-3.9253121828399629e-02,1.2800529959728323e-03
3.0595950670767393e+03,2,1.0000000000000000e+00,2.6290386760670536e+01,-1.0733956485878592e+01,-1.3062915339542021e+00,7.5601796544934985e-02,1.5245615040123278e-01,1.5317569054202288e-02

3.0643046250609318e+03,0,1.0000000000000000e+00,-1.2166225762339028e+01,2.7969018874862464e+00,5.4560726152024519e-01,2.4555047370888072e-01,6.9546943026363273e-02,-1.2432003775690483e-02
3.0643046250609318e+03,1,1.0000000000000000e+00,-1.4468906542327288e+01,7.2146120712060728e+00,6.8799723967328830e-01,-3.1633855567358293e-01,-2.2386590312361498e-01,-3.1162101103813736e-03
3.0643046250609318e+03,2,1.0000000000000000e+00,2.6635132304675427e+01,-1.0011513958682938e+01,-1.2336045011934065e+00,7.0788081964706859e-02,1.5431896009725735e-01,1.5548213886071907e-02

3.0691280354727301e+03,0,1.0000000000000000e+00,-1.1268153415972421e+01,3.4889226220371867e+00,4.9968961272606949e-01,1.1297874028253119e-01,2.0343508110400152e-01,-6.5014174182679851e-03
3.0691280354727301e+03,1,1.0000000000000000e+00,-1.5696379313786190e+01,5.7739120008513165e+00,6.5837573098044633e-01,-1.7876479681488289e-01,-3.5953188941516201e-01,-9.2699981313074803e-03
3.0691280354727301e+03,2,1.0000000000000000e+00,2.6964532729767747e+01,-9.2628346228790939e+00,-1.1580653437063888e+00,6.5786056532356474e-02,1.5609680831116615e-01,1.5771415549575507e-02

3.0738900794080951e+03,0,1.0000000000000000e+00,-1.1157580763654551e+01,4.5778828468665811e+00,4.8212116370452529e-01,-6.9760004910589438e-02,2.3507916818938523e-01,-1.1401151528281084e-03
3.0738900794080951e+03,1,1.0000000000000000e+00,-1.6108393070732401e+01,3.9376643471922481e+00,6.0034337402104698e-01,8.9458461693836394e-03,-3.9281348477563305e-01,-1.4837317133127026e-02
3.0738900794080951e+03,2,1.0000000000000000e+00,2.7265973834396121e+01,-8.5155471940493932e+00,-1.0824645377254452e+00,6.0814158741210697e-02,1.5773431658625350e-01,1.5977432285955183e-02

3.0786036692891644e+03,0,1.0000000000000000e+00,-1.1897226630068928e+01,5.5422845281868929e+00,4.8483552774900396e-01,-2.3630587299521658e-01,1.5727506129149604e-01,1.7771468579971458e-03
3.0786036692891644e+03,1,1.0000000000000000e+00,-1.5643812795895229e+01,2.2262074533608733e+00,5.2186840267137335e-01,1.8040551460516510e-01,-3.1649505390953847e-01,-1.7942606605784103e-02
3.0786036692891644e+03,2,1.0000000000000000e+00,2.7541039425973345e+01,-7.7684919815383049e+00,-1.0067039304202501e+00,5.5900358390056450e-02,1.5921999261804803e-01,1.6165459747787006e-02

3.0832274894248922e+03,0,1.0000000000000000e+00,-1.3240708142871163e+01,5.9317761459768477e+00,4.9336493552284644e-01,-3.2971617345925253e-01,1.9086163104174159e-03,1.3449568898113856e-03
3.0832274894248922e+03,1,1.0000000000000000e+00,-1.4547681693314953e+01,1.0974412061350645e+00,4.3819664394719532e-01,2.7862767808712385e-01,-1.6242942650978168e-01,-1.7679285202025118e-02
3.0832274894248922e+03,2,1.0000000000000000e+00,2.7788389836195329e+01,-7.0292173521024246e+00,-9.3156157946991391e-01,5.1088495372133773e-02,1.6052081019936967e-01,1.6334328312213778e-02

3.0885386315407318e+03,0,1.0000000000000000e+00,-1.5007824156572973e+01,5.3847780202975368e+00,4.9060053321283625e-01,-3.1243804923467805e-01,-2.0628036985697076e-01,-2.9665203900414612e-03
3.0885386315407318e+03,1,1.0000000000000000e+00,-1.3037168856841960e+01,7.8835415014974775e-01,3.5373055604124642e-01,2.6690790877341025e-01,4.4461000447848814e-02,-1.3544309514729097e-02
3.0885386315407318e+03,2,1.0000000000000000e+00,2.8044993013424168e+01,-6.1731321704377695e+00,-8.4433108925395484e-01,4.5530140461272961e-02,1.6181936940912731e-01,1.6510829904770607e-02

3.0935544332923605e+03,0,1.0000000000000000e+00,-1.6281433910543939e+01,3.9426551276120589e+00,4.6047271022279079e-01,-1.7954736246553013e-01,-3.5492745054819164e-01,-9.2062084763943047e-03
3.0935544332923605e+03,1,1.0000000000000000e+00,-1.1978636472561757e+01,1.4160999996859163e+00,3.0065858902384723e-01,1.3932726680269933e-01,1.9204573426175675e-01,-7.4555082353102327e-03
3.0935544332923605e+03,2,1.0000000000000000e+00,2.8260070383114954e+01,-5.3587551272884317e+00,-7.6113129924651013e-01,4.0220095662836172e-02,1.6288171628643994e-01,1.6661716711704581e-02

3.0984299085183120e+03,0,1.0000000000000000e+00,-1.6703739605105568e+01,2.0605249804550181e+00,4.0089699342851698e-01,1.0805491506921283e-02,-3.9760690251987391e-01,-1.4987940842573428e-02
3.0984299085183120e+03,1,1.0000000000000000e+00,-1.1739758698127263e+01,2.5018451575756022e+00,2.7867310056562888e-01,-4.5828876039835986e-02,2.3381834485325975e-01,-1.8055658834531807e-03
3.0984299085183120e+03,2,1.0000000000000000e+00,2.8443498303242116e+01,-4.5623701380210520e+00,-6.7957009399401758e-01,3.5023384532919824e-02,1.6378855766661932e-01,1.6793506726026652e-02

3.1032131382087764e+03,0,1.0000000000000000e+00,-1.6210090024397992e+01,2.8882727970819966e-01,3.2003903929869537e-01,1.8823133344892085e-01,-3.2529423691096671e-01,-1.8294853678919872e-02
3.1032131382087764e+03,1,1.0000000000000000e+00,-1.2388758839116079e+01,3.4882208850413829e+00,2.7892475635269998e-01,-2.1816958089222338e-01,1.6074060696368225e-01,1.3872131724070591e-03
3.1032131382087764e+03,2,1.0000000000000000e+00,2.8598848863523379e+01,-3.7770481647399898e+00,-5.9896379565126678e-01,2.9938247443307531e-02,1.6455362994728956e-01,1.6907640506512864e-02

3.1078740398884820e+03,0,1.0000000000000000e+00,-1.5056248846721759e+01,-8.9018470224011192e-01,2.3379589138562656e-01,2.9152244477789779e-01,-1.7060544630221755e-01,-1.8121839883905127e-02
3.1078740398884820e+03,1,1.0000000000000000e+00,-1.3670654961836245e+01,3.8988026012974499e+00,2.8613283123420513e-01,-3.1653700888402725e-01,5.4502078961013722e-03,1.1178491151141202e-03
3.1078740398884820e+03,2,1.0000000000000000e+00,2.8726903808567339e+01,-3.0086178990477217e+00,-5.1992872261970291e-01,2.5014564106134340e-02,1.6515523840612120e-01,1.7003990768791055e-02

3.1131375395569717e+03,0,1.0000000000000000e+00,-1.3481864657960461e+01,-1.2391793339032984e+00,1.4761588274777426e-01,2.8345366752276080e-01,3.6763060425198751e-02,-1.4034519117832371e-02
3.1131375395569717e+03,1,1.0000000000000000e+00,-1.5362097302196975e+01,3.3771271195356118e+00,2.8256365267456574e-01,-3.0291535781764567e-01,-2.0240748860580579e-01,-3.0609520834441167e-03
3.1131375395569717e+03,2,1.0000000000000000e+00,2.8843961960166791e+01,-2.1379477856226710e+00,-4.3017953542221088e-01,1.9461690294889644e-02,1.6564442818061223e-01,1.7095471201276538e-02

3.1179972225274428e+03,0,1.0000000000000000e+00,-1.2359892484862524e+01,-6.7096862503220378e-01,9.3438727364232199e-02,1.6303113894022392e-01,1.8431103031133808e-01,-8.0962019369788807e-03
3.1179972225274428e+03,1,1.0000000000000000e+00,-1.6566128364515375e+01,2.0031842826888395e+00,2.5348941380666234e-01,-1.7733404178483070e-01,-3.5024120849646767e-01,-9.0678905154863900e-03
3.1179972225274428e+03,2,1.0000000000000000e+00,2.8926020849387267e+01,-1.3322156576469681e+00,-3.4692814117076531e-01,1.4302902844611508e-02,1.6593017818513475e-01,1.7164092452465318e-02

3.1228014523709476e+03,0,1.0000000000000000e+00,-1.1998764392719249e+01,3.7733964168668033e-01,6.8762109242107572e-02,-1.7657876371429456e-02,2.3329419768522469e-01,-2.3937682166593303e-03
3.1228014523709476e+03,1,1.0000000000000000e+00,-1.6983655460067613e+01,1.5729129164042321e-01,1.9557224541659754e-01,8.4838994549698600e-03,-3.9937913554845211e-01,-1.4823507200802522e-02
3.1228014523709476e+03,2,1.0000000000000000e+00,2.8982419852796266e+01,-5.3463093331741052e-01,-2.6433435465857535e-01,9.1739769164642694e-03,1.6608493786323256e-01,1.7217275417461899e-02

3.1275259550332648e+03,0,1.0000000000000000e+00,-1.2505492260516146e+01,1.3726207066434162e+00,6.6710387225731665e-02,-1.9047555043105410e-01,1.7044836688787679e-01,1.0319303966114524e-03
3.1275259550332648e+03,1,1.0000000000000000e+00,-1.6508370190600637e+01,-1.6227981136312510e+00,1.1618500951067798e-01,1.8633328412873337e-01,-3.3657318237405409e-01,-1.8287499330197996e-02
3.1275259550332648e+03,2,1.0000000000000000e+00,2.9013862451126212e+01,2.5017740699755187e-01,-1.8289539673627966e-01,4.1422663023255269e-03,1.6612481548618233e-01,1.7255568933586592e-02

3.1321015117254969e+03,0,1.0000000000000000e+00,-1.3649341409748544e+01,1.8452509260552250e+00,7.3001751502419540e-02,-2.9549825304177818e-01,2.5805086501131669e-02,1.1581082742217717e-03
3.1321015117254969e+03,1,1.0000000000000000e+00,-1.5372407300371320e+01,-2.8554027945635991e+00,3.0880132567729257e-02,2.9618550495711354e-01,-1.9184713831529088e-01,-1.8437592833937234e-02
3.1321015117254969e+03,2,1.0000000000000000e+00,2.9021748710129316e+01,1.0101518685181134e+00,-1.0388188407001857e-01,-6.8725191533057506e-04,1.6604205181416437e-01,1.7279484559715508e-02

3.1374071357130174e+03,0,1.0000000000000000e+00,-1.5280963002314156e+01,1.4323296958188387e+00,7.0773658381997895e-02,-2.9629525167771537e-01,-1.8185160582139512e-01,-2.6166368210534079e-03
3.1374071357130174e+03,1,1.0000000000000000e+00,-1.3722388815179702e+01,-3.3227995961453982e+00,-5.8607801431685480e-02,3.0253847512745752e-01,1.6083779938314252e-02,-1.4673984391494404e-02
3.1374071357130174e+03,2,1.0000000000000000e+00,2.9003351817503333e+01,1.8904699003363254e+00,-1.2165856950181964e-02,-6.2432234497372119e-03,1.6576782588308583e-01,1.7290621212547864e-02

3.1423336913376429e+03,0,1.0000000000000000e+00,-1.6494832699249855e+01,1.2139680311272816e-01,4.3854481584852514e-02,-1.8007728615501317e-01,-3.3853894477443380e-01,-8.5232753845266296e-03
3.1423336913376429e+03,1,1.0000000000000000e+00,-1.2465063149896640e+01,-2.8275366005174769e+00,-1.1686310104969759e-01,1.9147860077616186e-01,1.7320163813831280e-01,-8.7611031133745139e-03
3.1423336913376429e+03,2,1.0000000000000000e+00,2.8959895849155988e+01,2.7061397974145391e+00,7.3008619464975735e-02,-1.1401314621143743e-02,1.6533730663612625e-01,1.7284378497901185e-02

3.1471916140943522e+03,0,1.0000000000000000e+00,-1.6937751988302455e+01,-1.7164949931201010e+00,-1.2342278651991320e-02,4.1576901323245874e-03,-3.9932301392804864e-01,-1.4431258366248197e-02
3.1471916140943522e+03,1,1.0000000000000000e+00,-1.1954362428768594e+01,-1.7915154133680311e+00,-1.4458565232416432e-01,1.2348536469933724e-02,2.3455221095666839e-01,-2.8312897691602674e-03
3.1471916140943522e+03,2,1.0000000000000000e+00,2.8892114417080567e+01,3.5080104064979514e+00,1.5692793097628649e-01,-1.6506226602253538e-02,1.6477080297138569e-01,1.7262548135408520e-02

3.1519963913849451e+03,0,1.0000000000000000e+00,-1.6460722456557153e+01,-3.5482421261966524e+00,-9.1906996667684912e-02,1.8886737323589292e-01,-3.4438895864317193e-01,-1.8191340327305482e-02
3.1519963913849451e+03,1,1.0000000000000000e+00,-1.2339962952738638e+01,-7.4987825427645083e-01,-1.4788279403993743e-01,-1.6732162861042699e-01,1.8029272145487468e-01,9.6470252437340365e-04
3.1519963913849451e+03,2,1.0000000000000000e+00,2.8800685409305331e+01,4.2981203804829509e+00,2.3978979070775347e-01,-2.1545744625461299e-02,1.6409623718830277e-01,1.7226637802932144e-02

3.1566555184708795e+03,0,1.0000000000000000e+00,-1.5272055172232797e+01,-4.8429759245295596e+00,-1.7882448888906244e-01,3.0706312387568419e-01,-1.9986486870302791e-01,-1.8525952944759935e-02
3.1566555184708795e+03,1,1.0000000000000000e+00,-1.3416954404884512e+01,-2.1795471499260799e-01,-1.4112073144179332e-01,-2.8068082420542123e-01,3.6533134390028005e-02,1.3467011722375286e-03
3.1566555184708795e+03,2,1.0000000000000000e+00,2.8689009577126875e+01,5.0609306395320441e+00,3.1994522033098716e-01,-2.6382299670258458e-02,1.6333173431300604e-01,1.7179251772522462e-02

3.1611849251544691e+03,0,1.0000000000000000e+00,-1.3799038355787172e+01,-5.3453596086014459e+00,-2.5719120657342553e-01,3.2611772087729274e-01,-2.0375317226037221e-02,-1.5592434269655422e-02
3.1611849251544691e+03,1,1.0000000000000000e+00,-1.4759938742929773e+01,-4.5344985788798464e-01,-1.4043898651847975e-01,-2.9509118599548534e-01,-1.4208734607367754e-01,-1.5287528879824996e-03
3.1611849251544691e+03,2,1.0000000000000000e+00,2.8558977098726526e+01,5.7988094664993337e+00,3.9763019309203673e-01,-3.1026534881802958e-02,1.6246266329972101e-01,1.7121187157637968e-02

3.1661215523256456e+03,0,1.0000000000000000e+00,-1.2372587764438638e+01,-4.9986242861227650e+00,-3.2073572895259672e-01,2.3389759812675046e-01,1.5086785506777278e-01,-9.8652252288012610e-03
3.1661215523256456e+03,1,1.0000000000000000e+00,-1.6020810497037971e+01,-1.5995388127628622e+00,-1.6122913005778761e-01,-1.9784509336614445e-01,-3.1222313383866063e-01,-7.1777768853218942e-03
3.1661215523256456e+03,2,1.0000000000000000e+00,2.8393398261486215e+01,6.5981630988955589e+00,4.8196485901051589e-01,-3.6052504760601317e-02,1.6135527877089395e-01,1.7043002114123219e-02

3.1710856496237570e+03,0,1.0000000000000000e+00,-1.1624355991940707e+01,-3.9961149227692854e+00,-3.5382903413924605e-01,5.8867515048319399e-02,2.3423576328913137e-01,-3.5889939499898216e-03
3.1710856496237570e+03,1,1.0000000000000000e+00,-1.6577538420436532e+01,-3.3999318768928455e+00,-2.1250901947716574e-01,-1.7763649865731687e-02,-3.9431790373945802e-01,-1.3358564116873329e-02
3.1710856496237570e+03,2,1.0000000000000000e+00,2.8201894412386874e+01,7.3960467996720922e+00,5.6633805361654388e-01,-4.1103865182583146e-02,1.6008214045033267e-01,1.6947558066863211e-02

3.1760329658111282e+03,0,1.0000000000000000e+00,-1.1809818459272634e+01,-2.8785004734955066e+00,-3.5952428429930683e-01,-1.2982306197539792e-01,1.9743115240264864e-01,8.0420528583176679e-04
3.1760329658111282e+03,1,1.0000000000000000e+00,-1.6176277232470621e+01,-5.3061131069866692e+00,-2.9039028807944300e-01,1.7595347236851380e-01,-3.5611565855199023e-01,-1.7640820690641944e-02
3.1760329658111282e+03,2,1.0000000000000000e+00,2.7986095691752908e+01,8.1846135804921722e+00,6.4991457237888184e-01,-4.6130410393111172e-02,1.5868450614934773e-01,1.6836615404810233e-02

3.1807094131304580e+03,0,1.0000000000000000e+00,-1.2741074821706150e+01,-2.2340934278264299e+00,-3.5219995985486774e-01,-2.5527093094412717e-01,6.5538474790728371e-02,1.7437719526527604e-03
3.1807094131304580e+03,1,1.0000000000000000e+00,-1.5018268815114336e+01,-6.6893110477106479e+00,-3.7618039376859197e-01,3.0610564714310212e-01,-2.2279953894337018e-01,-1.8463158372959556e-02
3.1807094131304580e+03,2,1.0000000000000000e+00,2.7759343636830160e+01,8.9234044755470983e+00,7.2838035362359199e-01,-5.0834716198970335e-02,1.5726106415264821e-01,1.6719386420306855e-02

3.1854946040557879e+03,0,1.0000000000000000e+00,-1.4077907553349959e+01,-2.3545483620148016e+00,-3.4870254286146141e-01,-2.8474724496973686e-01,-1.1907154976865800e-01,-8.3602220585388479e-04
3.1854946040557879e+03,1,1.0000000000000000e+00,-1.3426817596595468e+01,-7.3176686508830002e+00,-4.5937340189375042e-01,3.4031855937796579e-01,-3.6616224618878174e-02,-1.5751833027010401e-02
3.1854946040557879e+03,2,1.0000000000000000e+00,2.7504725149955128e+01,9.6722170129078524e+00,8.0807594475534472e-01,-5.5571314408224409e-02,1.5568777438754264e-01,1.6587855232864344e-02

3.1902314107980624e+03,0,1.0000000000000000e+00,-1.5277852363939871e+01,-3.3362177824549395e+00,-3.6417922370119271e-01,-2.0494859909108393e-01,-2.8770210255667983e-01,-6.0010027159580516e-03
3.1902314107980624e+03,1,1.0000000000000000e+00,-1.1952673767279695e+01,-7.0694965814103643e+00,-5.2213640451068111e-01,2.6514297233515532e-01,1.3371387032168147e-01,-1.0443531807727096e-02
3.1902314107980624e+03,2,1.0000000000000000e+00,2.7230526131229286e+01,1.0405714363875381e+01,8.8631562821200638e-01,-6.0194373244066846e-02,1.5398823223500491e-01,1.6444534523685207e-02

3.1950084916820833e+03,0,1.0000000000000000e+00,-1.5889710335106415e+01,-4.9793354091390016e+00,-4.0731789790020423e-01,-4.1283812736835929e-02,-3.8390302590261577e-01,-1.2014205509491305e-02
3.1950084916820833e+03,1,1.0000000000000000e+00,-1.1042193926056573e+01,-6.1575946854982107e+00,-5.5717876649840892e-01,1.0610955368059508e-01,2.3178084712572938e-01,-4.2702695774207294e-03
3.1950084916820833e+03,2,1.0000000000000000e+00,2.6931904261172729e+01,1.1136930094647322e+01,9.6449666439874604e-01,-6.4825740943754845e-02,1.5212217877689299e-01,1.6284475086912092e-02

3.1997445025977099e+03,0,1.0000000000000000e+00,-1.5634438743672943e+01,-6.8125023550444856e+00,-4.7611029327686866e-01,1.4801065977931988e-01,-3.7130530274186718e-01,-1.6650170797795627e-02
3.1997445025977099e+03,1,1.0000000000000000e+00,-1.0979603717995900e+01,-5.0402341704994367e+00,-5.6510298841582807e-01,-7.8607793655578351e-02,2.2116418402756494e-01,5.3992192980643200e-04
3.1997445025977099e+03,2,1.0000000000000000e+00,2.6614042461678608e+01,1.1852736525554063e+01,1.0412132816928299e+00,-6.9402866123737000e-02,1.5014111871430896e-01,1.6110248867989261e-02

3.2044812840952513e+03,0,1.0000000000000000e+00,-1.4550373590183568e+01,-8.3294762740957786e+00,-5.6021749035077306e-01,2.9797702189454545e-01,-2.5419173765684477e-01,-1.8267177760366769e-02
3.2044812840952513e+03,1,1.0000000000000000e+00,-1.1724148085453113e+01,-4.2295476037367994e+00,-5.5686773197529216e-01,-2.2403482645561335e-01,1.0613443239201020e-01,2.3440727638664553e-03
3.2044812840952513e+03,2,1.0000000000000000e+00,2.6274521675646458e+01,1.2559023877842753e+01,1.1170852223261987e+00,-7.3942195438927327e-02,1.4805730526484118e-01,1.5923104996500372e-02

3.2092491750256509e+03,0,1.0000000000000000e+00,-1.2947604126052607e+01,-9.1214406715897276e+00,-6.4384896812159997e-01,3.5593986125309207e-01,-7.2359967087908400e-02,-1.6218672674710530e-02
3.2092491750256509e+03,1,1.0000000000000000e+00,-1.2963628103334733e+01,-4.1383121760136010e+00,-5.4868583328175824e-01,-2.7750764140138984e-01,-7.3501618240663397e-02,4.9443317093539330e-04
3.2092491750256509e+03,2,1.0000000000000000e+00,2.5911232229397136e+01,1.3259752847613532e+01,1.1925348014034922e+00,-7.8432219851697516e-02,1.4586158532857843e-01,1.5724239503775203e-02

3.2139627232067173e+03,0,1.0000000000000000e+00,-1.1353980875890365e+01,-9.0263758857500314e+00,-7.0946980461367559e-01,3.0240160887353523e-01,1.0706829638414228e-01,-1.1257325142254469e-02
3.2139627232067173e+03,1,1.0000000000000000e+00,-1.4177275988850624e+01,-4.9155574922556067e+00,-5.5669755669850240e-01,-2.1962060354408602e-01,-2.5063962056809175e-01,-4.2593263750329569e-03
3.2139627232067173e+03,2,1.0000000000000000e+00,2.5531256864750809e+01,1.3941933378015872e+01,1.2661673613123123e+00,-8.2781005329444768e-02,1.4357132418395596e-01,1.5516651517287478e-02

3.2187686782684414e+03,0,1.0000000000000000e+00,-1.0225944168023837e+01,-8.1904500257279285e+00,-7.4849662785354143e-01,1.5511515501385292e-01,2.2551543057393661e-01,-4.9562553387337682e-03
3.2187686782684414e+03,1,1.0000000000000000e+00,-1.4896956211685588e+01,-6.4355775995165825e+00,-5.9170618633929506e-01,-6.7966465672774867e-02,-3.6660459927251443e-01,-1.0334271641659662e-02
3.2187686782684414e+03,2,1.0000000000000000e+00,2.5122900379719262e+01,1.4626027625254777e+01,1.3402028141929705e+00,-8.7148689341073740e-02,1.4108916869858437e-01,1.5290526980393475e-02

3.2235536490366876e+03,0,1.0000000000000000e+00,-9.9269580079429502e+00,-7.0365664345727268e+00,-7.5867118023904978e-01,-3.1188099718991336e-02,2.3760216981077137e-01,3.6807344246611931e-04
3.2235536490366876e+03,1,1.0000000000000000e+00,-1.4768607903717587e+01,-8.2583628423110635e+00,-6.5412471312183362e-01,1.2265000024642653e-01,-3.7607539175383892e-01,-1.5416961031340690e-02
3.2235536490366876e+03,2,1.0000000000000000e+00,2.4695565911670400e+01,1.5294929276894081e+01,1.4127958933610183e+00,-9.1461900527430889e-02,1.3847322194307402e-01,1.5048887588874623e-02

3.2283011859636454e+03,0,1.0000000000000000e+00,-1.0472434125925460e+01,-6.0982778068082339e+00,-7.4961929191892707e-01,-1.8873298189086213e-01,1.4158411831568302e-01,2.8773563287014890e-03
3.2283011859636454e+03,1,1.0000000000000000e+00,-1.3778822267051583e+01,-9.8476661153380203e+00,-7.3402345967990423e-01,2.8443725019686666e-01,-2.7734845302502859e-01,-1.7672160030246603e-02
3.2283011859636454e+03,2,1.0000000000000000e+00,2.4251256392986924e+01,1.5945943922156580e+01,1.4836427515989661e+00,-9.5704268306000234e-02,1.3576433470935220e-01,1.4794803701545170e-02

3.2330338688878151e+03,0,1.0000000000000000e+00,-1.1581864879520875e+01,-5.8086494672165507e+00,-7.3714142955083783e-01,-2.6307130707467125e-01,-2.6812797860608362e-02,1.7973134363377403e-03
3.2330338688878151e+03,1,1.0000000000000000e+00,-1.2206581008526129e+01,-1.0773257934453941e+01,-8.1590016009097877e-01,3.6293218944049072e-01,-1.0616239351955453e-01,-1.6328523393990393e-02
3.2330338688878151e+03,2,1.0000000000000000e+00,2.3788445888056895e+01,1.6581907401680855e+01,1.5530415896419516e+00,-9.9860882365815223e-02,1.3297519138016961e-01,1.4531209957652707e-02

3.2376866041666722e+03,0,1.0000000000000000e+00,-1.2770821076069129e+01,-6.3569512865759243e+00,-7.3743904526060122e-01,-2.3029494180053703e-01,-2.0585492885790788e-01,-2.3392104687013724e-03
3.2376866041666722e+03,1,1.0000000000000000e+00,-1.0543685134523828e+01,-1.0837098208055432e+01,-8.8259285949665323e-01,3.3414191357427303e-01,7.5715659018779219e-02,-1.1924101545185089e-02
3.2376866041666722e+03,2,1.0000000000000000e+00,2.3314506210602875e+01,1.7194049494641746e+01,1.6200319047573899e+00,-1.0384697177373167e-01,1.3013926983913529e-01,1.4263312013886519e-02

3.2427624733448502e+03,0,1.0000000000000000e+00,-1.3616583946295194e+01,-7.7952202041280820e+00,-7.6500013445382709e-01,-8.7703840879361228e-02,-3.4582527591851309e-01,-8.6391194846788064e-03
3.2427624733448502e+03,1,1.0000000000000000e+00,-9.1600033624836765e+00,-1.0051262770982982e+01,-9.2666222810984022e-01,1.9579244634416126e-01,2.1891874449194793e-01,-5.3187732590963058e-03
3.2427624733448502e+03,2,1.0000000000000000e+00,2.2776587308788805e+01,1.7846482975121482e+01,1.6916623625638030e+00,-1.0808860546479576e-01,1.2690653142657188e-01,1.3957892743775173e-02

3.2476910240269513e+03,0,1.0000000000000000e+00,-1.3578709861121794e+01,-9.6202078178140678e+00,-8.2198134837246251e-01,1.0638199182085939e-01,-3.7462405962683903e-01,-1.4185670810117955e-02
3.2476910240269513e+03,1,1.0000000000000000e+00,-8.6551623247511191e+00,-8.8436806204783789e+00,-9.3770717790607439e-01,5.7536492914585513e-03,2.5101344471418957e-01,5.4163792650734933e-04
3.2476910240269513e+03,2,1.0000000000000000e+00,2.2233872185882866e+01,1.8463888438302895e+01,1.7596885262786723e+00,-1.1213564111231361e-01,1.2361061491265626e-01,1.3644032883610664e-02

3.2525600566698990e+03,0,1.0000000000000000e+00,-1.2614779295441643e+01,-1.1273071439029751e+01,-8.9921513465277603e-01,2.8060780527056239e-01,-2.8630677929951320e-01,-1.6953395667194046e-02
3.2525600566698990e+03,1,1.0000000000000000e+00,-9.0634675482326355e+00,-7.7844779322060145e+00,-9.2611747444933656e-01,-1.6452429568017041e-01,1.6608432806424883e-01,3.6359174841417291e-03
3.2525600566698990e+03,2,1.0000000000000000e+00,2.1678246843684256e+01,1.9057549371246253e+01,1.8253326091022488e+00,-1.1608350959038782e-01,1.2022245123527121e-01,1.3317478183052379e-02

3.2572438969596301e+03,0,1.0000000000000000e+00,-1.1050756352342002e+01,-1.2247713373427885e+01,-9.7781718400378959e-01,3.7081753988156563e-01,-1.2099615817550496e-01,-1.5999576698982138e-02
3.2572438969596301e+03,1,1.0000000000000000e+00,-1.0075007104607955e+01,-7.3651256086250818e+00,-9.0913423337329058e-01,-2.5100517982644477e-01,4.1225225859157777e-03,3.0072103629916781e-03
3.2572438969596301e+03,2,1.0000000000000000e+00,2.1125763456959959e+01,1.9612838982063483e+01,1.8869514173772164e+00,-1.1981236005511645e-01,1.1687363558959572e-01,1.2992366335990520e-02

3.2618336840289380e+03,0,1.0000000000000000e+00,-9.3439814811587816e+00,-1.2379008958989790e+01,-1.0427940399212761e+00,3.5516531154983716e-01,6.2029748530991968e-02,-1.1872034864903319e-02
3.2618336840289380e+03,1,1.0000000000000000e+00,-1.1223672231012705e+01,-7.7625830481023224e+00,-9.0304455797004013e-01,-2.3180015801670134e-01,-1.7554682122152498e-01,-7.9451947028032037e-04
3.2618336840289380e+03,2,1.0000000000000000e+00,2.0567653712181510e+01,2.0141592007102659e+01,1.9458385978914527e+00,-1.2336515353313154e-01,1.1351707269053929e-01,1.2666554335183707e-02

3.2667663792041258e+03,0,1.0000000000000000e+00,-7.8587145485226273e+00,-1.1668097756466967e+01,-1.0859165383569716e+00,2.3147005803585968e-01,2.1300793647244809e-01,-5.4481238018519382e-03
3.2667663792041258e+03,1,1.0000000000000000e+00,-1.2091258318461676e+01,-9.0243303014349880e+00,-9.2151970191221777e-01,-1.0441232091862868e-01,-3.2280988748563300e-01,-6.8584520696269372e-03
3.2667663792041258e+03,2,1.0000000000000000e+00,1.9949972866994344e+01,2.0692428057912533e+01,2.0074362402693255e+00,-1.2705773711722690e-01,1.0980195101319112e-01,1.2306575871478941e-02

3.2715266066113245e+03,0,1.0000000000000000e+00,-7.1737798703273441e+00,-1.0491988334653723e+01,-1.0970806896114293e+00,5.1520166697981457e-02,2.6278343887414829e-01,5.3308559379034240e-04
3.2715266066113245e+03,1,1.0000000000000000e+00,-1.2163096083538235e+01,-1.0714319689876749e+01,-9.6808252996513688e-01,7.8999879969855052e-02,-3.6886338214404396e-01,-1.2477628370828735e-02
3.2715266066113245e+03,2,1.0000000000000000e+00,1.9336875953875637e+01,2.1206308024541084e+01,2.0651632195767027e+00,-1.3052004666783237e-01,1.0607994326990190e-01,1.1944542777038457e-02

3.2762336112822982e+03,0,1.0000000000000000e+00,-7.3534905907392556e+00,-9.3556960288775244e+00,-1.0847262728172899e+00,-1.2162969889912817e-01,2.0256960064395771e-01,4.2118697986998311e-03
3.2762336112822982e+03,1,1.0000000000000000e+00,-1.1361107592037152e+01,-1.2341003119592735e+01,-1.0357850611575330e+00,2.5550444791163179e-01,-3.0483619369466797e-01,-1.5782093229856475e-02
3.2762336112822982e+03,2,1.0000000000000000e+00,1.8714598182786485e+01,2.1696699148480899e+01,2.1205113339749597e+00,-1.3387474901249957e-01,1.0226659305071642e-01,1.1570223431156710e-02

3.2810889832437997e+03,0,1.0000000000000000e+00,-8.2494573960553303e+00,-8.7157637651662938e+00,-1.0622328838352146e+00,-2.3142131271469404e-01,4.9561987413993105e-02,4.4006530432894719e-03
3.2810889832437997e+03,1,1.0000000000000000e+00,-9.8068678127755931e+00,-1.3467709113989358e+01,-1.1134906470340498e+00,3.6868464975129767e-01,-1.4779057849798061e-01,-1.5571433193344893e-02
3.2810889832437997e+03,2,1.0000000000000000e+00,1.8056325208841027e+01,2.2183472879166317e+01,2.1757235308694010e+00,-1.3726333703659960e-01,9.8228591083993802e-02,1.1170780150055484e-02

3.2858222961968490e+03,0,1.0000000000000000e+00,-9.3926087080696483e+00,-8.9162378264745321e+00,-1.0480957297779128e+00,-2.3295414918404120e-01,-1.3456821745858810e-01,1.0637169265337240e-03
3.2858222961968490e+03,1,1.0000000000000000e+00,-8.0063842214305190e+00,-1.3722723243954722e+01,-1.1795655234322782e+00,3.7341777553031286e-01,4.0346995821123999e-02,-1.1837600172397801e-02
3.2858222961968490e+03,2,1.0000000000000000e+00,1.7398992929510289e+01,2.2638961070439958e+01,2.2276612532103286e+00,-1.4046362634626761e-01,9.4221221637470237e-02,1.0773883245864140e-02

3.2906738368163560e+03,0,1.0000000000000000e+00,-1.0301949494436496e+01,-9.9753909067035664e+00,-1.0562995661698631e+00,-1.2562527029167314e-01,-2.9124826830056072e-01,-4.6760224588580993e-03
3.2906738368163560e+03,1,1.0000000000000000e+00,-6.4078964599558974e+00,-1.3110572496181490e+01,-1.2226319047479248e+00,2.6923147099764855e-01,2.0121305139685042e-01,-5.6843076246628071e-03
3.2906738368163560e+03,2,1.0000000000000000e+00,1.6709845954402535e+01,2.3085963402895786e+01,2.2789314709179251e+00,-1.4360620070597138e-01,9.0035216903716436e-02,1.0360330083520972e-02

3.2952876237415876e+03,0,1.0000000000000000e+00,-1.0504798707749739e+01,-1.1510764151786972e+01,-1.0913295395359390e+00,4.4475629560113972e-02,-3.5787348262459978e-01,-1.0372445526438729e-02
3.2952876237415876e+03,1,1.0000000000000000e+00,-5.5358349965452005e+00,-1.1981219453811446e+01,-1.2344751414327162e+00,1.0199174419980739e-01,2.7192574152486909e-01,4.1626444634355886e-04
3.2952876237415876e+03,2,1.0000000000000000e+00,1.6040633704305090e+01,2.3491983605609171e+01,2.3258046809687922e+00,-1.4646737375991736e-01,8.5947741099736963e-02,9.9561810800952322e-03

3.3005933201771409e+03,0,1.0000000000000000e+00,-9.7110770711316334e+00,-1.3331527244469125e+01,-1.1593100685154005e+00,2.4918061498045174e-01,-3.0542790143753756e-01,-1.4653211896092805e-02
3.3005933201771409e+03,1,1.0000000000000000e+00,-5.5439856642218768e+00,-1.0603661424966445e+01,-1.2180457869980528e+00,-9.9542634422568776e-02,2.2433519411660935e-01,5.1804820019964743e-03
3.3005933201771409e+03,2,1.0000000000000000e+00,1.5255062735363685e+01,2.3935188669446354e+01,2.3773558555135912e+00,-1.4963798055787914e-01,8.1092707320934432e-02,9.4727298940963916e-03

3.3055224271380011e+03,0,1.0000000000000000e+00,-8.1380229695235595e+00,-1.4488081659310010e+01,-1.2335080433357013e+00,3.7302519802793055e-01,-1.5086785162193656e-01,-1.4762728269483666e-02
3.3055224271380011e+03,1,1.0000000000000000e+00,-6.3723918388959486e+00,-9.8354359126206781e+00,-1.1893980380825766e+00,-2.2053557012945346e-01,7.4410935001752831e-02,5.7553522192175157e-03
3.3055224271380011e+03,2,1.0000000000000000e+00,1.4510414808429703e+01,2.4323517571941505e+01,2.4229060814184162e+00,-1.5248962789847337e-01,7.6456916620190218e-02,9.0073760502662088e-03

3.3103150042114144e+03,0,1.0000000000000000e+00,-6.2747521116363778e+00,-1.4753324151447158e+01,-1.2968129548095102e+00,3.8505286193070587e-01,4.1236406651435603e-02,-1.1104021338621012e-02
3.3103150042114144e+03,1,1.0000000000000000e+00,-7.4984049931234535e+00,-9.9256689791193722e+00,-1.1681599893196335e+00,-2.2989667525341306e-01,-1.1311468619506868e-01,2.5572064778454084e-03
3.3103150042114144e+03,2,1.0000000000000000e+00,1.3773157104770043e+01,2.4678993130577375e+01,2.4649729441292818e+00,-1.5515618667728887e-01,7.1878279543639317e-02,8.5468148607756624e-03

3.3148634482929515e+03,0,1.0000000000000000e+00,-4.6968862119308916e+00,-1.4188131048449996e+01,-1.3347110889009985e+00,2.9379904776048638e-01,1.9827308049475062e-01,-5.3285372726475429e-03
3.3148634482929515e+03,1,1.0000000000000000e+00,-8.3650406007294045e+00,-1.0807818744022200e+01,-1.1681348932221598e+00,-1.3624299903516623e-01,-2.6575454227996642e-01,-2.7770711525899397e-03
3.3148634482929515e+03,2,1.0000000000000000e+00,1.3061926812670528e+01,2.4995949792483074e+01,2.5028459821232971e+00,-1.5755604872531626e-01,6.7481461785221963e-02,8.1056084252375312e-03

3.3193877049722059e+03,0,1.0000000000000000e+00,-3.7111575916100605e+00,-1.3072197811085985e+01,-1.3446801787903619e+00,1.3442710061384139e-01,2.7963750818196292e-01,8.2637841043601765e-04
3.3193877049722059e+03,1,1.0000000000000000e+00,-8.6328119395238616e+00,-1.2219030054484909e+01,-1.1938326508543786e+00,2.5375219108739244e-02,-3.4267186530337407e-01,-8.4860505707870723e-03
3.3193877049722059e+03,2,1.0000000000000000e+00,1.2343969531144175e+01,2.5291227865581796e+01,2.5385128296448798e+00,-1.5980231972257686e-01,6.3034357121417195e-02,7.6596721603511067e-03

3.3246045120908689e+03,0,1.0000000000000000e+00,-3.5441598646931656e+00,-1.1631749409217807e+01,-1.3254935906038248e+00,-6.6811396673866458e-02,2.5022282025322540e-01,5.9941035648270876e-03
3.3246045120908689e+03,1,1.0000000000000000e+00,-7.9597358154497542e+00,-1.3974664090377903e+01,-1.2516042217589358e+00,2.2904884635540393e-01,-3.0799764177976008e-01,-1.3123721609437606e-02
3.3246045120908689e+03,2,1.0000000000000000e+00,1.1503895680153192e+01,2.5606413499606649e+01,2.5770978123629007e+00,-1.6223744968153372e-01,5.7774821526540759e-02,7.1296180446105721e-03

3.3296392892714603e+03,0,1.0000000000000000e+00,-4.2612306365882002e+00,-1.0687546332920871e+01,-1.2904923270032915e+00,-2.0276595847368462e-01,1.1021933192879889e-01,7.2051040538433052e-03
3.3296392892714603e+03,1,1.0000000000000000e+00,-6.4201869690866671e+00,-1.5196680493022210e+01,-1.3211753734568816e+00,3.6722842842305026e-01,-1.6278323407485679e-01,-1.3805409355422217e-02
3.3296392892714603e+03,2,1.0000000000000000e+00,1.0681417605685155e+01,2.5884226825954048e+01,2.6116677004603122e+00,-1.6446246994936178e-01,5.2563902146064115e-02,6.6003053015789683e-03

3.3342870034628831e+03,0,1.0000000000000000e+00,-5.3073040060685575e+00,-1.0583443689017610e+01,-1.2616744891538874e+00,-2.2954370796552639e-01,-6.8144130214879362e-02,4.6523122574310700e-03
3.3342870034628831e+03,1,1.0000000000000000e+00,-4.6051693198055457e+00,-1.5533748040765957e+01,-1.3795140369613892e+00,3.9595378304460283e-01,2.0467064595369178e-02,-1.0754521092215197e-02
3.3342870034628831e+03,2,1.0000000000000000e+00,9.9124733258844131e+00,2.6117191729794552e+01,2.6411885261154171e+00,-1.6641007507907249e-01,4.7677065619516297e-02,6.1022088347841815e-03

3.3387730869401003e+03,0,1.0000000000000000e+00,-6.2057258591331426e+00,-1.1260446181001043e+01,-1.2512463017487434e+00,-1.5570964811736676e-01,-2.2676611678319281e-01,-2.8853646381165905e-04
3.3387730869401003e+03,1,1.0000000000000000e+00,-2.9562270772176218e+00,-1.5059979006845044e+01,-1.4162331206009735e+00,3.2387596704805172e-01,1.8384203083295309e-01,-5.3300741820015369e-03
3.3387730869401003e+03,2,1.0000000000000000e+00,9.1619529363610894e+00,2.6320425187857111e+01,2.6674794223498566e+00,-1.6816631893068107e-01,4.2924085950245654e-02,5.6186106458132419e-03

3.3431479529752892e+03,0,1.0000000000000000e+00,-6.5898855784676424e+00,-1.2485462338184455e+01,-1.2648246445587663e+00,-1.1043267844551119e-02,-3.1999419895211079e-01,-5.9028967836105128e-03
3.3431479529752892e+03,1,1.0000000000000000e+00,-1.8328750524943516e+00,-1.4012545607672584e+01,-1.4261992420585810e+00,1.8077900122300045e-01,2.8174362899833505e-01,7.5882293881732524e-04
3.3431479529752892e+03,2,1.0000000000000000e+00,8.4227606309723377e+00,2.6498007945868082e+01,2.6910238866174878e+00,-1.6973573337844536e-01,3.8250569953781732e-02,5.1440738447932326e-03

3.3484559867159901e+03,0,1.0000000000000000e+00,-6.0906612401921141e+00,-1.4225099752514289e+01,-1.3116786701628969e+00,1.9868201442751235e-01,-3.1192877493986731e-01,-1.1274440349286603e-02
3.3484559867159901e+03,1,1.0000000000000000e+00,-1.4265096429949446e+00,-1.2460698851162755e+01,-1.4050996563860099e+00,-2.7236811672903122e-02,2.7944380680810238e-01,6.7173630159647266e-03
3.3484559867159901e+03,2,1.0000000000000000e+00,7.5171708831974255e+00,2.6685798603688120e+01,2.7167783265490475e+00,-1.7144520275460537e-01,3.2484968131770819e-02,4.5570773333219322e-03

3.3534734173292027e+03,0,1.0000000000000000e+00,-4.6711221304450543e+00,-1.5511810653728597e+01,-1.3738085918259870e+00,3.5384167263766475e-01,-1.8434278999165335e-01,-1.2794203315751249e-02
3.3534734173292027e+03,1,1.0000000000000000e+00,-1.9821413484230730e+00,-1.1323038662801943e+01,-1.3644065655707762e+00,-1.8094858025056249e-01,1.5743488756924515e-01,8.8091292951779643e-03
3.3534734173292027e+03,2,1.0000000000000000e+00,6.6532634788785119e+00,2.6834849316541643e+01,2.7382151573969042e+00,-1.7289309238709852e-01,2.6907902422414309e-02,3.9850740205733320e-03

3.3583906514444930e+03,0,1.0000000000000000e+00,-2.7587904526245737e+00,-1.5960690258147290e+01,-1.4318332811591821e+00,4.0405728080011760e-01,7.0011377507028794e-03,-1.0150348194305811e-02
3.3583906514444930e+03,1,1.0000000000000000e+00,-3.0411031607712200e+00,-1.0992827839884576e+01,-1.3245715366559119e+00,-2.2987873023155281e-01,-2.8348862339674707e-02,6.7384007114503139e-03
3.3583906514444930e+03,2,1.0000000000000000e+00,5.7998936134061960e+00,2.6953518098042998e+01,2.7564048178152354e+00,-1.7417855056856107e-01,2.1347724588977823e-02,3.4119474828555540e-03

3.3630215920510514e+03,0,1.0000000000000000e+00,-9.9391863418010895e-01,-1.5508269966086576e+01,-1.4670241106968469e+00,3.4109465423869756e-01,1.8203025574289339e-01,-4.6988846741888145e-03
3.3630215920510514e+03,1,1.0000000000000000e+00,-3.9968113260721978e+00,-1.1531906925555599e+01,-1.3039239160375544e+00,-1.6583740168510364e-01,-1.9810598196817364e-01,1.8299509500911554e-03
3.3630215920510514e+03,2,1.0000000000000000e+00,4.9907299602627262e+00,2.7040176891653335e+01,2.7709480267345432e+00,-1.7525725255359045e-01,1.6075726225286274e-02,2.8689337240977099e-03

3.3674942845894498e+03,0,1.0000000000000000e+00,2.3707747686411729e-01,-1.4421789770618734e+01,-1.4739378474559393e+00,1.9938092921766537e-01,2.9024865480315515e-01,1.6179780293614325e-03
3.3674942845894498e+03,1,1.0000000000000000e+00,-4.4418855259075398e+00,-1.2678878165117350e+01,-1.3086695069085408e+00,-2.3234361610011300e-02,-3.0121881686361690e-01,-3.9624220041076796e-03
3.3674942845894498e+03,2,1.0000000000000000e+00,4.2048080490538569e+00,2.7100667935747271e+01,2.7826073543646217e+00,-1.7614656760765043e-01,1.0970162060467803e-02,2.3444439747463044e-03

3.3727643256060574e+03,0,1.0000000000000000e+00,7.4474861824688254e-01,-1.2810308959928832e+01,-1.4479361384674441e+00,-7.2036176728998147e-03,2.9823241206751894e-01,7.8084026919333326e-03
3.3727643256060574e+03,1,1.0000000000000000e+00,-4.0189675563141378e+00,-1.4332225299386483e+01,-1.3453875373581989e+00,1.8417933312323734e-01,-3.0313686292025877e-01,-9.5289412075427668e-03
3.3727643256060574e+03,2,1.0000000000000000e+00,3.2742189380777091e+00,2.7142534259326538e+01,2.7933236758257856e+00,-1.7697571545033389e-01,4.9044508527457675e-03,1.7205385156094846e-03

3.3774220983058008e+03,0,1.0000000000000000e+00,3.3582849082065991e-01,-1.1622105624954465e+01,-1.4044999916961540e+00,-1.5814234084669965e-01,1.9709958381820361e-01,1.0263260483213493e-02
3.3774220983058008e+03,1,1.0000000000000000e+00,-2.7844014492347338e+00,-1.5530619822482350e+01,-1.3955293091994017e+00,3.3566362396979216e-01,-1.9655541184749245e-01,-1.1419743064535075e-02
3.3774220983058008e+03,2,1.0000000000000000e+00,2.4485729584245433e+00,2.7152725447448056e+01,2.8000293008956989e+00,-1.7752128312308865e-01,-5.4417197070514949e-04,1.1564825813216309e-03

3.3824576920048462e+03,0,1.0000000000000000e+00,-6.8351114309627814e-01,-1.1070038873793077e+01,-1.3546508627181559e+00,-2.2689214226966875e-01,1.4801351922114275e-02,8.8344027379218190e-03
3.3824576920048462e+03,1,1.0000000000000000e+00,-8.7000216064789093e-01,-1.6064908944603854e+01,-1.4496369441504815e+00,4.0483764179891207e-01,-8.2715846956129165e-03,-9.3675053846624980e-03
3.3824576920048462e+03,2,1.0000000000000000e+00,1.5535133037546598e+00,2.7134947818408218e+01,2.8042878068687802e+00,-1.7794549952923944e-01,-6.5297672264955260e-03,5.3310264674072427e-04

3.3873277385806009e+03,0,1.0000000000000000e+00,-1.7096550709298515e+00,-1.1452823491059799e+01,-1.3222572461098188e+00,-1.7543173961124855e-01,-1.6669800317651773e-01,4.0361408118378302e-03
3.3873277385806009e+03,1,1.0000000000000000e+00,1.0234382347346913e+00,-1.5636128290744107e+01,-1.4831468320807910e+00,3.5363615862716635e-01,1.7905926713149239e-01,-3.9615143415800934e-03
3.3873277385806009e+03,2,1.0000000000000000e+00,6.8621683620566920e-01,2.7088951781815208e+01,2.8054040781907532e+00,-1.7820441901591402e-01,-1.2361263954968900e-02,-7.4626470257682783e-05

3.3917995296978434e+03,0,1.0000000000000000e+00,-2.2187904117307435e+00,-1.2477052130495153e+01,-1.3169914639137872e+00,-4.1395429660125327e-02,-2.7872576275536054e-01,-1.7385887781601788e-03
3.3917995296978434e+03,1,1.0000000000000000e+00,2.3297177561033497e+00,-1.4544658601249864e+01,-1.4868351254732626e+00,2.1968506261403459e-01,2.9643566700138679e-01,2.3690125423676553e-03
3.3917995296978434e+03,2,1.0000000000000000e+00,-1.1092734436208007e-01,2.7021710731756357e+01,2.8038265893871941e+00,-1.7828963295390551e-01,-1.7709904246020407e-02,-6.3042376420742007e-04

3.3972202684991025e+03,0,1.0000000000000000e+00,-1.8738865185294773e+00,-1.4093356322613143e+01,-1.3438507442127214e+00,1.7078622519449679e-01,-2.9323579845866610e-01,-7.7507877286136471e-03
3.3972202684991025e+03,1,1.0000000000000000e+00,2.9510333906899029e+00,-1.2814795280786166e+01,-1.4547352235469808e+00,7.3677899457264273e-03,3.1742782718281370e-01,9.0546626611332330e-03
3.3972202684991025e+03,2,1.0000000000000000e+00,-1.0771468721498780e+00,2.6908151603410673e+01,2.7985859677598461e+00,-1.7815401514021947e-01,-2.4192028724141668e-02,-1.3038749325195269e-03

3.4021953506831696e+03,0,1.0000000000000000e+00,-5.8567329770212018e-01,-1.5322856730737628e+01,-1.3896585250459914e+00,3.3585512927501693e-01,-1.8348189786314784e-01,-9.9996295256591528e-03
3.4021953506831696e+03,1,1.0000000000000000e+00,2.5483297813528778e+00,-1.1450043770952773e+01,-1.4008859929805904e+00,-1.5806870183289007e-01,2.1367364367299274e-01,1.1930550078869400e-02
3.4021953506831696e+03,2,1.0000000000000000e+00,-1.9626564836401923e+00,2.6772900501701791e+01,2.7905445180267257e+00,-1.7778642744212289e-01,-3.0191745809838855e-02,-1.9309205532101869e-03

3.4071795372288243e+03,0,1.0000000000000000e+00,1.3118286753790414e+00,-1.5788643664382947e+01,-1.4363154486432617e+00,4.0584400273082893e-01,4.1154152142360845e-03,-8.0139864747187060e-03
3.4071795372288243e+03,1,1.0000000000000000e+00,1.5355939699286325e+00,-1.0818632852906198e+01,-1.3430128314301288e+00,-2.2863228435994926e-01,3.2164229141311118e-02,1.0585541359487020e-02
3.4071795372288243e+03,2,1.0000000000000000e+00,-2.8474226452970917e+00,2.6607276517300569e+01,2.7793282800735346e+00,-1.7721171837087557e-01,-3.6279644355541180e-02,-2.5715548847682467e-03

3.4120137623073506e+03,0,1.0000000000000000e+00,3.1984885527941787e+00,-1.5301736924396421e+01,-1.4630659182065218e+00,3.5550923725859940e-01,1.9208245001023996e-01,-2.6111997099096101e-03
3.4120137623073506e+03,1,1.0000000000000000e+00,5.0392733830014746e-01,-1.1115794597394125e+01,-1.3023168973578263e+00,-1.7902249173592089e-01,-1.4986085263391283e-01,5.8090060669703271e-03
3.4120137623073506e+03,2,1.0000000000000000e+00,-3.7024158910837230e+00,2.6417531521801994e+01,2.7653828155644931e+00,-1.7648674552267440e-01,-4.2221597376321085e-02,-3.1978063570606580e-03

3.4164561166883873e+03,0,1.0000000000000000e+00,4.5057035352520138e+00,-1.4157878969423500e+01,-1.4606604537207777e+00,2.2214037759707275e-01,3.1024039844325130e-01,3.7538045202986222e-03
3.4164561166883873e+03,1,1.0000000000000000e+00,-2.1025066525099945e-02,-1.2059993828086528e+01,-1.2892447340978905e+00,-4.6469330703152428e-02,-2.6257984224122161e-01,1.5613872039119993e-05
3.4164561166883873e+03,2,1.0000000000000000e+00,-4.4846784687162913e+00,2.6217872797521508e+01,2.7499051878188125e+00,-1.7567104689391635e-01,-4.7660556202023863e-02,-3.7694183923376850e-03

3.4218546049258757e+03,0,1.0000000000000000e+00,5.1393137240549143e+00,-1.2356485266417504e+01,-1.4210210822368139e+00,1.0463628334751063e-02,3.3297618076082969e-01,1.0515625971886728e-02
3.4218546049258757e+03,1,1.0000000000000000e+00,2.9053871594689529e-01,-1.3586370317219256e+01,-1.3066750212889811e+00,1.6398049301547962e-01,-2.7875723358555982e-01,-6.0576835529468215e-03
3.4218546049258757e+03,2,1.0000000000000000e+00,-5.4298524399911647e+00,2.5942855583648257e+01,2.7276961035259402e+00,-1.7444412135022669e-01,-5.4218947175264071e-02,-4.4579424189398449e-03

3.4268174299724278e+03,0,1.0000000000000000e+00,4.7526178018665606e+00,-1.0910774623603150e+01,-1.3597763765225732e+00,-1.5544094616924020e-01,2.3236986624196049e-01,1.3514799745898729e-02
3.4268174299724278e+03,1,1.0000000000000000e+00,1.5396271013484979e+00,-1.4748071699609719e+01,-1.3442219162075968e+00,3.2849520387878878e-01,-1.7213041432672782e-01,-8.4213801463055848e-03
3.4268174299724278e+03,2,1.0000000000000000e+00,-6.2922449032043941e+00,2.5658846323224399e+01,2.7039982927303150e+00,-1.7305425770954444e-01,-6.0239451915226686e-02,-5.0934195995930827e-03

3.4318064029094085e+03,0,1.0000000000000000e+00,3.7442764711265202e+00,-1.0177648453713445e+01,-1.2935004150405121e+00,-2.2960469089233188e-01,5.3776441494118102e-02,1.2351572562106665e-02
3.4318064029094085e+03,1,1.0000000000000000e+00,3.4073319550802377e+00,-1.5165489191510350e+01,-1.3834744350964931e+00,4.0101795896959797e-01,1.2554529679523488e-02,-6.6102061170966037e-03
3.4318064029094085e+03,2,1.0000000000000000e+00,-7.1516084261960735e+00,2.5343137645235345e+01,2.6769748501371509e+00,-1.7141326807726193e-01,-6.6330971173635664e-02,-5.7413664450099962e-03

3.4366647741056117e+03,0,1.0000000000000000e+00,2.6901936313419998e+00,-1.0371163068917046e+01,-1.2436797659188419e+00,-1.8513792922507338e-01,-1.2877079478218195e-01,7.6975601564212761e-03
3.4366647741056117e+03,1,1.0000000000000000e+00,5.2899162244008977e+00,-1.4635240755219204e+01,-1.4038572671771816e+00,3.5475674492325721e-01,2.0105946401675157e-01,-1.3206498131117447e-03
3.4366647741056117e+03,2,1.0000000000000000e+00,-7.9801098557321932e+00,2.5006403824147835e+01,2.6475370330961692e+00,-1.6961881569817966e-01,-7.2288669234563716e-02,-6.3769103433094759e-03

3.4411636169606072e+03,0,1.0000000000000000e+00,2.1251071861781075e+00,-1.1240778494311343e+01,-1.2220236180566211e+00,-5.4652600739317547e-02,-2.4528880791535862e-01,1.8461416484533743e-03
3.4411636169606072e+03,1,1.0000000000000000e+00,6.6140629241967588e+00,-1.3428052029424542e+01,-1.3955090589068258e+00,2.2245539150725202e-01,3.2306123445806939e-01,5.1142226065411826e-03
3.4411636169606072e+03,2,1.0000000000000000e+00,-8.7391701103641459e+00,2.4668830523747495e+01,2.6175326769635925e+00,-1.6780279076793045e-01,-7.7772426542704873e-02,-6.9603642549945022e-03

3.4466183450923663e+03,0,1.0000000000000000e+00,2.3971641991912165e+00,-1.2699371871674526e+01,-1.2301197233165619e+00,1.5712303429557331e-01,-2.6486864215449923e-01,-4.4107219151223150e-03
3.4466183450923663e+03,1,1.0000000000000000e+00,7.2508251368251564e+00,-1.1527314988115997e+01,-1.3475439892352050e+00,8.2504273874011991e-03,3.4919109099135370e-01,1.2066560884188979e-02
3.4466183450923663e+03,2,1.0000000000000000e+00,-9.6479893360056295e+00,2.4226686859802168e+01,2.5776637125519137e+00,-1.6537346168297060e-01,-8.4322448836848599e-02,-7.6558389690666107e-03

3.4516250964603300e+03,0,1.0000000000000000e+00,3.6293929713902919e+00,-1.3802545625546724e+01,-1.2601467538178706e+00,3.2412351049766330e-01,-1.5790299320874840e-01,-6.9157051273922385e-03
3.4516250964603300e+03,1,1.0000000000000000e+00,6.8404401015368608e+00,-9.9870854070799933e+00,-1.2776011966284824e+00,-1.6124878526769704e-01,2.4815948141932492e-01,1.5204694809386301e-02
3.4516250964603300e+03,2,1.0000000000000000e+00,-1.0469833072916391e+01,2.3789631032638383e+01,2.5377479504465006e+00,-1.6287472522996227e-01,-9.0256488210570529e-02,-8.2889896819940048e-03

3.4564113574795992e+03,0,1.0000000000000000e+00,5.3958303617542525e+00,-1.4150722128540645e+01,-1.2909556555149333e+00,3.9614092937397422e-01,1.9940769797240993e-02,-5.2933131291690886e-03
3.4564113574795992e+03,1,1.0000000000000000e+00,5.8473305463801237e+00,-9.1933859587606488e+00,-1.2056645893267461e+00,-2.3591098430100516e-01,7.5970504235924080e-02,1.4190878786994862e-02
3.4564113574795992e+03,2,1.0000000000000000e+00,-1.1243160908123595e+01,2.3344108087312989e+01,2.4966202448418273e+00,-1.6022994507296498e-01,-9.5911274033159327e-02,-8.8975656578257206e-03

3.4611288230285545e+03,0,1.0000000000000000e+00,7.2132718210771696e+00,-1.3608937269803331e+01,-1.3051444941527601e+00,3.5583990067440341e-01,2.0578492863918099e-01,-2.6244135982426715e-04
3.4611288230285545e+03,1,1.0000000000000000e+00,4.7791888721012334e+00,-9.2695646714720805e+00,-1.1480806089716595e+00,-1.9843088005751131e-01,-1.0430194676917195e-01,9.7623465766607555e-03
3.4611288230285545e+03,2,1.0000000000000000e+00,-1.1992460693167605e+01,2.2878501941287134e+01,2.4532251031245678e+00,-1.5740902061688813e-01,-1.0148298187000318e-01,-9.4999052168364267e-03

3.4657309940724604e+03,0,1.0000000000000000e+00,8.5735268445189856e+00,-1.2334998733351462e+01,-1.2914069741648995e+00,2.2289705547237812e-01,3.3481228123781115e-01,6.3370025612439025e-03
3.4657309940724604e+03,1,1.0000000000000000e+00,4.1367015355176715e+00,-1.0064026522202926e+01,-1.1167554211068149e+00,-6.8405836182932306e-02,-2.2793826174126752e-01,3.7445694992576549e-03
3.4657309940724604e+03,2,1.0000000000000000e+00,-1.2710228380025841e+01,2.2399025255566141e+01,2.4081623952718632e+00,-1.5449121928944146e-01,-1.0687401949653769e-01,-1.0081572060501511e-02

3.4703293438177143e+03,0,1.0000000000000000e+00,9.1912052793871766e+00,-1.0674369608386767e+01,-1.2475860898299522e+00,4.2665933334714190e-02,3.6998583419100212e-01,1.2469598407999896e-02
3.4703293438177143e+03,1,1.0000000000000000e+00,4.2224249568265915e+00,-1.1221016664819718e+01,-1.1129057244625753e+00,1.0875094400908342e-01,-2.5782839760633242e-01,-1.8197161237472215e-03
3.4703293438177143e+03,2,1.0000000000000000e+00,-1.3413630236202929e+01,2.1895386273218261e+01,2.3604918142926761e+00,-1.5141687734379322e-01,-1.1215743658466390e-01,-1.0649882284252616e-02

3.4753831477122408e+03,0,1.0000000000000000e+00,8.9237255718335646e+00,-8.9571839081654616e+00,-1.1729512854496660e+00,-1.3968829546504774e-01,2.9036452860670270e-01,1.6432768519685378e-02
3.4753831477122408e+03,1,1.0000000000000000e+00,5.2461405610311846e+00,-1.2357006800410922e+01,-1.1321693481772830e+00,2.8750140446213002e-01,-1.7254153157268198e-01,-5.1716878882261084e-03
3.4753831477122408e+03,2,1.0000000000000000e+00,-1.4169866132853883e+01,2.1314190708588200e+01,2.3051206336270988e+00,-1.4781310899707811e-01,-1.1782299703401487e-01,-1.1261080631459211e-02

3.4801449793256052e+03,0,1.0000000000000000e+00,7.9917714527158221e+00,-7.9311231333195735e+00,-1.0934468614322923e+00,-2.3552949947777391e-01,1.3115871743229388e-01,1.6301734396234013e-02
3.4801449793256052e+03,1,1.0000000000000000e+00,6.8733599549614688e+00,-1.2809512664556991e+01,-1.1566911696142974e+00,3.7968890924201348e-01,-8.0964274735223773e-03,-4.4700280883733512e-03
3.4801449793256052e+03,2,1.0000000000000000e+00,-1.4865131407666402e+01,2.0740635797888405e+01,2.2501380310467392e+00,-1.4415940976423533e-01,-1.2306228995876559e-01,-1.1831706307860606e-02

3.4849305187908699e+03,0,1.0000000000000000e+00,6.8482864963410996e+00,-7.7494506021226748e+00,-1.0232449157024517e+00,-2.2333473856164715e-01,-5.3836228655973262e-02,1.2507439501371677e-02
3.4849305187908699e+03,1,1.0000000000000000e+00,8.6974325735322946e+00,-1.2389775671223603e+01,-1.1689017512805000e+00,3.6357168612586149e-01,1.8211111048181550e-01,-1.0341858143896564e-04
3.4849305187908699e+03,2,1.0000000000000000e+00,-1.5545719069862486e+01,2.0139226273358144e+01,2.1921466669831022e+00,-1.4023694756421021e-01,-1.2827488182583632e-01,-1.2404020919932647e-02

3.4896567996820618e+03,0,1.0000000000000000e+00,6.0295600397628029e+00,-8.3679301268788215e+00,-9.7777687919004208e-01,-1.0849851646187214e-01,-1.9614754369420684e-01,6.5317195798244958e-03
3.4896567996820618e+03,1,1.0000000000000000e+00,1.0169399588214528e+01,-1.1152974215788344e+01,-1.1544195212133141e+00,2.4466225586832291e-01,3.2951153662391841e-01,6.4313460890133671e-03
3.4896567996820618e+03,2,1.0000000000000000e+00,-1.6198959627966406e+01,1.9520904342679074e+01,2.1321964004035068e+00,-1.3616373940644647e-01,-1.3336399292970566e-01,-1.2963065668837804e-02

3.4943672901913060e+03,0,1.0000000000000000e+00,5.9200114101818606e+00,-9.4539597905164072e+00,-9.6157817427734704e-01,6.7393266185414191e-02,-2.4713368434092764e-01,5.3203044624260988e-04
3.4943672901913060e+03,1,1.0000000000000000e+00,1.0910479094460616e+01,-9.4270057196682924e+00,-1.1082717834756066e+00,6.4556485946480002e-02,3.8545232530350482e-01,1.2973148037498385e-02
3.4943672901913060e+03,2,1.0000000000000000e+00,-1.6830490504631534e+01,1.8880965510196631e+01,2.0698499577531044e+00,-1.3194975213188978e-01,-1.3831864096257129e-01,-1.3505178483740934e-02

3.4990073907926762e+03,0,1.0000000000000000e+00,6.6466948861226456e+00,-1.0509121819071765e+01,-9.6915176280073023e-01,2.4052336536027580e-01,-1.9043138904310888e-01,-3.3078245077956016e-03
3.4990073907926762e+03,1,1.0000000000000000e+00,1.0786126214735116e+01,-7.7190291156123276e+00,-1.0368294623020318e+00,-1.1288307200816550e-01,3.3346246410274205e-01,1.7328836064787908e-02
3.4990073907926762e+03,2,1.0000000000000000e+00,-1.7432821100846795e+01,1.8228150934696050e+01,2.0059812251029130e+00,-1.2764029335210575e-01,-1.4303107505962723e-01,-1.4021011556992249e-02

3.5036581297624120e+03,0,1.0000000000000000e+00,8.0633076689502552e+00,-1.1083949601757631e+01,-9.8693551464338536e-01,3.5462237666873819e-01,-4.5282639873840513e-02,-3.7052273609787922e-03
3.5036581297624120e+03,1,1.0000000000000000e+00,9.9527043986122266e+00,-6.4683521458419779e+00,-9.5266379551719882e-01,-2.3150594498771138e-01,1.9286767435603913e-01,1.8229261884930195e-02
3.5036581297624120e+03,2,1.0000000000000000e+00,-1.8016012067551497e+01,1.7552301747611587e+01,1.9395993101607354e+00,-1.2311643168102226e-01,-1.4758503448219273e-01,-1.4524034523951346e-02

3.5081815487195104e+03,0,1.0000000000000000e+00,9.7427775193429795e+00,-1.0883989380536962e+01,-9.9775833433292860e-01,3.7073161777049202e-01,1.3547737318948441e-01,-5.3974164372295021e-04
3.5081815487195104e+03,1,1.0000000000000000e+00,8.8197564225667655e+00,-5.9909483925274083e+00,-8.7505172364069717e-01,-2.5224520896703018e-01,1.6412842099957831e-02,1.5545081676154496e-02
3.5081815487195104e+03,2,1.0000000000000000e+00,-1.8562533941898739e+01,1.6874937773076375e+01,1.8728100579737772e+00,-1.1848640880345745e-01,-1.5189021528943600e-01,-1.5005340032431490e-02

3.5127401312483366e+03,0,1.0000000000000000e+00,1.1274181097745284e+01,-9.8766308240317464e+00,-9.8769089183053549e-01,2.8544477505902011e-01,2.9835224887856820e-01,5.2608288396631259e-03
3.5127401312483366e+03,1,1.0000000000000000e+00,7.8174327447453953e+00,-6.2961904570259382e+00,-8.1562406913995900e-01,-1.7183812517523672e-01,-1.4221604442928704e-01,1.0221995934907316e-02
3.5127401312483366e+03,2,1.0000000000000000e+00,-1.9091613842479649e+01,1.6172821281069716e+01,1.8033149609706463e+00,-1.1360664988377868e-01,-1.5613620444927506e-01,-1.5482824774570379e-02

3.5172565778549924e+03,0,1.0000000000000000e+00,1.2225249229952887e+01,-8.2915655268720379e+00,-9.4907770463966878e-01,1.2725809281255945e-01,3.8844283842361199e-01,1.1793871941131866e-02
3.5172565778549924e+03,1,1.0000000000000000e+00,7.3682391327630095e+00,-7.1667694141390204e+00,-7.8326518330785833e-01,-1.8642886887840882e-02,-2.2820786739114646e-01,4.1487508229785149e-03
3.5172565778549924e+03,2,1.0000000000000000e+00,-1.9593488362704850e+01,1.5458334941023116e+01,1.7323428879476790e+00,-1.0861520592471356e-01,-1.6023497103245951e-01,-1.5942622764110310e-02

3.5224879982280045e+03,0,1.0000000000000000e+00,1.2341966046459067e+01,-6.2506314467448947e+00,-8.7065626722683020e-01,-8.0116280128473771e-02,3.6907456264833965e-01,1.7671240433506270e-02
3.5224879982280045e+03,1,1.0000000000000000e+00,7.8043019170790995e+00,-8.3574550132430705e+00,-7.7694295168008887e-01,1.8280676227842135e-01,-2.0429858808824525e-01,-1.2206891415856048e-03
3.5224879982280045e+03,2,1.0000000000000000e+00,-2.0146267963527094e+01,1.4608086460000058e+01,1.6475992189070712e+00,-1.0269048214994247e-01,-1.6477597456008830e-01,-1.6450551291920593e-02

3.5270931353527772e+03,0,1.0000000000000000e+00,1.1627733252803704e+01,-4.7932172770771615e+00,-7.8352080347377440e-01,-2.1840921855132722e-01,2.5076971610816245e-01,1.9572316490393302e-02
3.5270931353527772e+03,1,1.0000000000000000e+00,8.9791581412774768e+00,-9.0472976938342828e+00,-7.8733674080301652e-01,3.1573929774804133e-01,-8.2228567828304844e-02,-2.6973884537721572e-03
3.5270931353527772e+03,2,1.0000000000000000e+00,-2.0606891394070086e+01,1.3840514970923564e+01,1.5708575442769441e+00,-9.7330079196709107e-02,-1.6854114827985150e-01,-1.6874928036621051e-02

3.5320637401038698e+03,0,1.0000000000000000e+00,1.0367750519779545e+01,-3.9996335089985866e+00,-6.8958234888034831e-01,-2.6881324311932481e-01,6.3554963272359905e-02,1.7543387563590876e-02
3.5320637401038698e+03,1,1.0000000000000000e+00,1.0708122214827711e+01,-8.9935220431800644e+00,-7.9629818954327136e-01,3.6014355113383872e-01,1.0881515882791246e-01,-2.2931374770213467e-04
3.5320637401038698e+03,2,1.0000000000000000e+00,-2.1075872734596139e+01,1.2993155552190801e+01,1.4858805384237730e+00,-9.1330308014508879e-02,-1.7237012210026650e-01,-1.7314073815888641e-02

3.5369782096241047e+03,0,1.0000000000000000e+00,9.1675862648869249e+00,-4.1420452843165911e+00,-6.1551309603729720e-01,-2.0088019402826857e-01,-1.1418534017802226e-01,1.2185133805452403e-02
3.5369782096241047e+03,1,1.0000000000000000e+00,1.2342039500910420e+01,-7.9951019709644005e+00,-7.8424331072029352e-01,2.8603144356998311e-01,2.9014971792012778e-01,5.5473514076502667e-03
3.5369782096241047e+03,2,1.0000000000000000e+00,-2.1509625765786200e+01,1.2137147255293169e+01,1.3997564067577453e+00,-8.5151249541709537e-02,-1.7596437774209953e-01,-1.7732485213102576e-02

3.5418182643106975e+03,0,1.0000000000000000e+00,8.5489889861110306e+00,-4.9813463111306486e+00,-5.7236750033538186e-01,-4.3955894774001747e-02,-2.1612534733061636e-01,5.6399178317163845e-03
3.5418182643106975e+03,1,1.0000000000000000e+00,1.3357639430321040e+01,-6.2958818334843150e+00,-7.4060093296831853e-01,1.2282863500261609e-01,3.9546722523289168e-01,1.2486441163784470e-02
3.5418182643106975e+03,2,1.0000000000000000e+00,-2.1906628416420901e+01,1.1277228144627175e+01,1.3129684333038552e+00,-7.8872740228609378e-02,-1.7934187790226924e-01,-1.8126358995500760e-02

3.5465343017752907e+03,0,1.0000000000000000e+00,8.7749465446016579e+00,-6.0259823256569067e+00,-5.5896556130170127e-01,1.3918624556350287e-01,-2.0815149877494810e-01,4.1973111631017287e-04
3.5465343017752907e+03,1,1.0000000000000000e+00,1.3489000812238384e+01,-4.3980662398397055e+00,-6.6765873554993937e-01,-6.6538309999795181e-02,3.9059338099415752e-01,1.8066838294574023e-02
3.5465343017752907e+03,2,1.0000000000000000e+00,-2.2263947356828851e+01,1.0424048565508850e+01,1.2266242968517957e+00,-7.2647935563702665e-02,-1.8244188221920341e-01,-1.8486569410884106e-02

3.5509335862057301e+03,0,1.0000000000000000e+00,9.7151952002984920e+00,-6.7472450392907657e+00,-5.6300578114576649e-01,2.7892165811004133e-01,-1.0644294609750148e-01,-1.7251235023213532e-03
3.5509335862057301e+03,1,1.0000000000000000e+00,1.2855453860150597e+01,-2.8682357204125983e+00,-5.8159586213353265e-01,-2.1214956886945729e-01,2.9155193984895988e-01,2.0523801679173302e-02
3.5509335862057301e+03,2,1.0000000000000000e+00,-2.2570649060437884e+01,9.6154807597156289e+00,1.1446016432794546e+00,-6.6772089240578841e-02,-1.8510899375145237e-01,-1.8798678176851859e-02

3.5553325574459277e+03,0,1.0000000000000000e+00,1.1118659129040861e+01,-6.8734304779342708e+00,-5.6917333432482797e-01,3.4421681781626356e-01,5.5415739370723333e-02,-5.1505441580626185e-04
3.5553325574459277e+03,1,1.0000000000000000e+00,1.1732623026985937e+01,-1.9223422084604369e+00,-4.9208762804523737e-01,-2.8341962618339400e-01,1.3211647494459075e-01,1.9603940497281588e-02
3.5553325574459277e+03,2,1.0000000000000000e+00,-2.2851282156015561e+01,8.7957726864069965e+00,1.0612609623702212e+00,-6.0797191632864345e-02,-1.8753221431530778e-01,-1.9088886081475239e-02

3.5604237950337688e+03,0,1.0000000000000000e+00,1.2815773046426187e+01,-6.0750429387967220e+00,-5.6014534001224925e-01,3.0108294106654354e-01,2.5389823924771004e-01,4.6111423227122523e-03
3.5604237950337688e+03,1,1.0000000000000000e+00,1.0327055924882981e+01,-1.7594219238191302e+00,-4.0312540374127015e-01,-2.4738846631278111e-01,-6.3844621365185816e-02,1.4789525024915574e-02
3.5604237950337688e+03,2,1.0000000000000000e+00,-2.3142828971297899e+01,7.8344648626281730e+00,9.6327074375367538e-01,-5.3694474753757104e-02,-1.9005361788251784e-01,-1.9400667347627736e-02

3.5651527045843186e+03,0,1.0000000000000000e+00,1.3937657798128367e+01,-4.5379914758663693e+00,-5.2286582524196101e-01,1.6053118797911672e-01,3.8223582448264670e-01,1.1267882749386011e-02
3.5651527045843186e+03,1,1.0000000000000000e+00,9.4431036850955010e+00,-2.3926458778265500e+00,-3.4802061411633867e-01,-1.1362330208106211e-01,-1.9006643259598233e-01,8.3997982211705437e-03
3.5651527045843186e+03,2,1.0000000000000000e+00,-2.3380761483212574e+01,6.9306373537052712e+00,8.7088643935845633e-01,-4.6907885898049506e-02,-1.9216939188665805e-01,-1.9667680970556475e-02

3.5698535423540570e+03,0,1.0000000000000000e+00,1.4258684320889115e+01,-2.6320074441165886e+00,-4.5490759966055705e-01,-2.6586074838249457e-02,4.1016594341909440e-01,1.7365871091830701e-02
3.5698535423540570e+03,1,1.0000000000000000e+00,9.3264854074889811e+00,-3.3907158914216580e+00,-3.2294740846290926e-01,6.6633627587329963e-02,-2.1609257157026540e-01,2.5428757331664251e-03
3.5698535423540570e+03,2,1.0000000000000000e+00,-2.3585169728366772e+01,6.0227233355506282e+00,7.7785500812362318e-01,-4.0047552749075094e-02,-1.9407337184882259e-01,-1.9908746824997041e-02

3.5742914270584420e+03,0,1.0000000000000000e+00,1.3765601012189746e+01,-9.4065831136330513e-01,-3.6919160272000151e-01,-1.8860744393223522e-01,3.3714143852746814e-01,2.0765804153155130e-02
3.5742914270584420e+03,1,1.0000000000000000e+00,9.9828562306179869e+00,-4.2171917094754923e+00,-3.1985223308516292e-01,2.2214622363180281e-01,-1.4148566814498104e-01,-6.5467589295822859e-04
3.5742914270584420e+03,2,1.0000000000000000e+00,-2.3748457242796395e+01,5.1578500208512059e+00,6.8904383580532147e-01,-3.3538779699562316e-02,-1.9565577038248055e-01,-2.0111128260196821e-02

3.5786315365007795e+03,0,1.0000000000000000e+00,1.2707664222658112e+01,2.3281607008824134e-01,-2.7756805819370844e-01,-2.8587044086072955e-01,1.9505974569272322e-01,2.0901867090057542e-02
3.5786315365007795e+03,1,1.0000000000000000e+00,1.1172520555732163e+01,-4.5385842768280975e+00,-3.2380639384081256e-01,3.1302962847378157e-01,1.8950867845125563e-03,-6.1740772197952515e-04
3.5786315365007795e+03,2,1.0000000000000000e+00,-2.3880184778378911e+01,4.3057682067522931e+00,6.0137445203467865e-01,-2.7159187613046476e-02,-1.9695483247722878e-01,-2.0284459368077930e-02

3.5838977512599686e+03,0,1.0000000000000000e+00,1.1142081495048977e+01,7.1810863350730170e-01,-1.7623807531431274e-01,-2.8589975021084929e-01,-1.0384896695812190e-02,1.6907055877267339e-02
3.5838977512599686e+03,1,1.0000000000000000e+00,1.2860602459087159e+01,-3.9832943658407807e+00,-3.1782919980682611e-01,3.0524231322281753e-01,2.0855690226734955e-01,3.5557963819217980e-03
3.5838977512599686e+03,2,1.0000000000000000e+00,-2.4002683954124748e+01,3.2651857323459517e+00,4.9406727512129706e-01,-1.9342563011962799e-02,-1.9817200557153006e-01,-2.0462852259189049e-02

3.5885269069374876e+03,0,1.0000000000000000e+00,1.0029460407050841e+01,3.0829279416921018e-01,-1.1132078841227944e-01,-1.8043865608437892e-01,-1.5608589840861944e-01,1.0914232123131345e-02
3.5885269069374876e+03,1,1.0000000000000000e+00,1.4046617496354749e+01,-2.6542311052176744e+00,-2.8771319394265027e-01,1.9278393077826161e-01,3.5502640459522861e-01,9.6770709085356003e-03
3.5885269069374876e+03,2,1.0000000000000000e+00,-2.4076077903394172e+01,2.3459383110609711e+00,3.9903398235508847e-01,-1.2345274693877202e-02,-1.9894050618660189e-01,-2.0591303031666872e-02

3.5931500099850564e+03,0,1.0000000000000000e+00,9.5703452684432335e+00,-5.9362280617487850e-01,-7.5635183925605975e-02,-1.2029577844711297e-02,-2.1714833777519515e-01,4.6650467655937299e-03
3.5931500099850564e+03,1,1.0000000000000000e+00,1.4546431881236684e+01,-8.3128144037763829e-01,-2.2795808837884338e-01,1.7278375813819708e-02,4.1661967629469798e-01,1.6027730435755012e-02
3.5931500099850564e+03,2,1.0000000000000000e+00,-2.4116777149668479e+01,1.4249042465650590e+00,3.0359327230460864e-01,-5.2487979691032520e-03,-1.9947133851949561e-01,-2.0692777201348676e-02

3.5976907610662865e+03,0,1.0000000000000000e+00,9.9136178067119012e+00,-1.5197340908549997e+00,-6.5294769950734466e-02,1.5908363658109254e-01,-1.7379143410065656e-01,3.3856784262971396e-04
3.5976907610662865e+03,1,1.0000000000000000e+00,1.4211094725635244e+01,1.0013603898921848e+00,-1.4416169375015253e-01,-1.6083477538823449e-01,3.7357011115191341e-01,2.0427358206638983e-02
3.5976907610662865e+03,2,1.0000000000000000e+00,-2.4124712532335689e+01,5.1837370097538982e-01,2.0945646370104659e-01,1.7511388071472346e-03,-1.9977867705124969e-01,-2.0765926049268621e-02

3.6021727919955797e+03,0,1.0000000000000000e+00,1.0919288267105451e+01,-2.0339569756236036e+00,-6.7548738667782923e-02,2.7731178889819164e-01,-4.4082085460875775e-02,-7.5358609634991122e-04
3.6021727919955797e+03,1,1.0000000000000000e+00,1.3182162356531652e+01,2.4112437003351288e+00,-4.8720858947729775e-02,-2.8593107444780708e-01,2.4392747847171670e-01,2.1565772843369170e-02
3.6021727919955797e+03,2,1.0000000000000000e+00,-2.4101450623625617e+01,-3.7728672469892011e-01,1.1626959761567264e-01,8.6192855496208410e-03,-1.9984539301083384e-01,-2.0812186747019186e-02

3.6073330378465753e+03,0,1.0000000000000000e+00,1.2472151015086926e+01,-1.7495183858754473e+00,-6.5421548434754909e-02,3.0248711681034590e-01,1.5744072616151186e-01,2.2940007257499992e-03
3.6073330378465753e+03,1,1.0000000000000000e+00,1.1564550082317977e+01,3.1575242169204873e+00,5.6616482612665012e-02,-3.1895812594663930e-01,4.2132113215311878e-02,1.8538789789633310e-02
3.6073330378465753e+03,2,1.0000000000000000e+00,-2.4036701097393383e+01,-1.4080058310323995e+00,8.8050658222501854e-03,1.6471009136298620e-02,-1.9957283937681650e-01,-2.0832790515383226e-02

3.6122094365098860e+03,0,1.0000000000000000e+00,1.3759662241054306e+01,-5.4503784570241143e-01,-4.0448746233499915e-02,2.0799759317872937e-01,3.2711528914634935e-01,8.2874432725669883e-03
3.6122094365098860e+03,1,1.0000000000000000e+00,1.0178619249648824e+01,2.9248600406370806e+00,1.3321127746313027e-01,-2.3190057099147462e-01,-1.2816667371657692e-01,1.2530915358791150e-02
3.6122094365098860e+03,2,1.0000000000000000e+00,-2.3938281490691587e+01,-2.3798221949219935e+00,-9.2762531229469702e-02,2.3902977812750331e-02,-1.9894861542976555e-01,-2.0818358631358055e-02

3.6170020696154511e+03,0,1.0000000000000000e+00,1.4363509161774353e+01,1.2673016872502874e+00,1.5441255357027998e-02,3.5306370826684780e-02,4.1185508661123449e-01,1.4956628453087364e-02
3.6170020696154511e+03,1,1.0000000000000000e+00,9.4425906862957767e+00,2.0638980300156460e+00,1.7699527530639261e-01,-6.6573216788526540e-02,-2.1383422736801427e-01,5.8141948682005912e-03
3.6170020696154511e+03,2,1.0000000000000000e+00,-2.3806099848058569e+01,-3.3311997172532264e+00,-1.9243653066325958e-01,3.1266845961847006e-02,-1.9802085924321350e-01,-2.0770823321287879e-02

3.6217912288280481e+03,0,1.0000000000000000e+00,1.4069478293020037e+01,3.2194309974376063e+00,1.0016151291894146e-01,-1.5525989514757624e-01,3.8422551915553288e-01,1.9964448421700819e-02
3.6217912288280481e+03,1,1.0000000000000000e+00,9.5692009297848806e+00,1.0573802412495747e+00,1.9157230062254260e-01,1.1661460323115072e-01,-1.8738941903458201e-01,7.2724416858365934e-04
3.6217912288280481e+03,2,1.0000000000000000e+00,-2.3638679222793325e+01,-4.2768112386744406e+00,-2.9173381354132277e-01,3.8645291916430985e-02,-1.9683610012094410e-01,-2.0691692590284402e-02

3.6260184968441354e+03,0,1.0000000000000000e+00,1.3119528961598705e+01,4.6343557591989901e+00,1.8896436638042363e-01,-2.8428878862177354e-01,2.7394562504497066e-01,2.1533676619372267e-02
3.6260184968441354e+03,1,1.0000000000000000e+00,1.0342117949770010e+01,4.7197114738704737e-01,1.9004854768575019e-01,2.3919220723822399e-01,-7.8354655529662365e-02,-9.3551230522021661e-04
3.6260184968441354e+03,2,1.0000000000000000e+00,-2.3461646911357104e+01,-5.1063269065732726e+00,-3.7901291406601212e-01,4.5096581383554768e-02,-1.9559096951530131e-01,-2.0598164314151967e-02

3.6317437923765510e+03,0,1.0000000000000000e+00,1.1260543311831142e+01,5.5941437385729884e+00,3.0673642072954910e-01,-3.3878602647577077e-01,5.5291966312874807e-02,1.8699495121365654e-02
3.6317437923765510e+03,1,1.0000000000000000e+00,1.1918290849367112e+01,6.2639186225229793e-01,1.8976657422543894e-01,2.8512155164497860e-01,1.3826743938712194e-01,1.7381156704863836e-03
3.6317437923765510e+03,2,1.0000000000000000e+00,-2.3178834161186607e+01,-6.2205356008124806e+00,-4.9650299495482597e-01,5.3664474830797337e-02,-1.9355940569998986e-01,-2.0437610791851961e-02

3.6366845915334520e+03,0,1.0000000000000000e+00,9.7373252112684412e+00,5.4107308314105103e+00,3.8525816983338146e-01,-2.5956611507335769e-01,-1.2101190342470020e-01,1.2703780999760210e-02
3.6366845915334520e+03,1,1.0000000000000000e+00,1.3158376330686414e+01,1.7610322476825351e+00,2.1180913159224957e-01,1.9863307101083044e-01,3.1244167212476032e-01,7.5604834194801900e-03
3.6366845915334520e+03,2,1.0000000000000000e+00,-2.2895701541943183e+01,-7.1717630790802067e+00,-5.9706730142546860e-01,6.0933044062532749e-02,-1.9142976870005318e-01,-2.0264264419240306e-02

3.6415462576482978e+03,0,1.0000000000000000e+00,8.8484721805522994e+00,4.5498510555259006e+00,4.3006815418362743e-01,-9.6302364243006200e-02,-2.1602126570109365e-01,5.7696354505468173e-03
3.6415462576482978e+03,1,1.0000000000000000e+00,1.3733700538104950e+01,3.5467760678617255e+00,2.6503030720440746e-01,2.8258275724341086e-02,4.0500958156923345e-01,1.4288239499595444e-02
3.6415462576482978e+03,2,1.0000000000000000e+00,-2.2582172718645545e+01,-8.0966271233747538e+00,-6.9509846138787201e-01,6.8044088518670637e-02,-1.8898831586813292e-01,-2.0057874950142166e-02

3.6464102461927578e+03,0,1.0000000000000000e+00,8.8410981054907580e+00,3.4969248112707696e+00,4.4380847664763723e-01,9.1269150960194736e-02,-1.9701536054115151e-01,3.2922227581545435e-04
3.6464102461927578e+03,1,1.0000000000000000e+00,1.3392853602202745e+01,5.5123977552215244e+00,3.4827740371140092e-01,-1.6639957506699643e-01,3.8327154799423369e-01,1.9487302822586684e-02
3.6464102461927578e+03,2,1.0000000000000000e+00,-2.2233951707681779e+01,-9.0093225664793888e+00,-7.9208588035887428e-01,7.5130424106807051e-02,-1.8625618745307523e-01,-1.9816525098402048e-02

3.6506558542025919e+03,0,1.0000000000000000e+00,9.5194297324816937e+00,2.8602979764522143e+00,4.4004910342974035e-01,2.1855114818125412e-01,-9.1024205460546959e-02,-1.5754757794770001e-03
3.6506558542025919e+03,1,1.0000000000000000e+00,1.2382548483194107e+01,6.9343893921548281e+00,4.3567956413336234e-01,-2.9978608142945973e-01,2.7470637627102429e-01,2.1157776531802813e-02
3.6506558542025919e+03,2,1.0000000000000000e+00,-2.1901978215664048e+01,-9.7946873685941060e+00,-8.7572866756293866e-01,8.1234933248210933e-02,-1.8368217081047036e-01,-1.9582300752325716e-02

3.6564021803513092e+03,0,1.0000000000000000e+00,1.0998925191534525e+01,2.9429400071321208e+00,4.3554152028208826e-01,2.6947765987346117e-01,1.2643623723022465e-01,9.4599208434871518e-04
3.6564021803513092e+03,1,1.0000000000000000e+00,1.0413036730754936e+01,7.8966064779820035e+00,5.5173631949705448e-01,-3.5874105125046774e-01,5.3485833345415151e-02,1.8290901357774763e-02
3.6564021803513092e+03,2,1.0000000000000000e+00,-2.1411961922277676e+01,-1.0839546485101147e+01,-9.8727783977897832e-01,8.9263391377011947e-02,-1.7992207057563284e-01,-1.9236893442123384e-02

3.6613174050964394e+03,0,1.0000000000000000e+00,1.2161781340269453e+01,4.0148866971927628e+00,4.5343316117572408e-01,1.8536273996480743e-01,3.0123832319784849e-01,6.7163565336144891e-03
3.6613174050964394e+03,1,1.0000000000000000e+00,8.7950492079639986e+00,7.7004852727614344e+00,6.2761499767677997e-01,-2.8125988687692027e-01,-1.2484054512970666e-01,1.2196833711609983e-02
3.6613174050964394e+03,2,1.0000000000000000e+00,-2.0956830548221649e+01,-1.1715371969941184e+01,-1.0810481588523393e+00,9.5897146912118258e-02,-1.7639777806813484e-01,-1.8913190245224379e-02

3.6661695407947391e+03,0,1.0000000000000000e+00,1.2675444850291608e+01,5.7461531327231548e+00,5.0242120518226818e-01,1.6541689093805462e-02,3.9528344528250525e-01,1.3431122120341071e-02
3.6661695407947391e+03,1,1.0000000000000000e+00,7.8005127834398529e+00,6.8160370499665808e+00,6.6955604949803482e-01,-1.1883622590020002e-01,-2.2268454208075694e-01,5.1298430528026323e-03
3.6661695407947391e+03,2,1.0000000000000000e+00,-2.0475957633719634e+01,-1.2562190182676687e+01,-1.1719772546801375e+00,1.0229453680639966e-01,-1.7259890320174154e-01,-1.8560965173143602e-02

3.6709726604035127e+03,0,1.0000000000000000e+00,1.2290388738439276e+01,7.6468432693547657e+00,5.8037716129602646e-01,-1.7515273556061528e-01,3.7683391307150843e-01,1.8590988638418356e-02
3.6709726604035127e+03,1,1.0000000000000000e+00,7.6792262052411164e+00,5.7347394576048574e+00,6.7984387048316652e-01,6.6624056343675020e-02,-2.0828325550260013e-01,-4.1297563061603454e-04
3.6709726604035127e+03,2,1.0000000000000000e+00,-1.9969614943668546e+01,-1.3381582726946544e+01,-1.2602210317790270e+00,1.0852867921694553e-01,-1.6855065756890125e-01,-1.8178013007802234e-02

3.6754350145306621e+03,0,1.0000000000000000e+00,1.1172661567465273e+01,9.1073593487945654e+00,6.6852448941435216e-01,-3.1528741898726675e-01,2.6472141078837153e-01,2.0336813768189674e-02
3.6754350145306621e+03,1,1.0000000000000000e+00,8.2999312808417294e+00,5.0175904182127145e+00,6.7197121113398850e-01,2.0107673030210704e-01,-1.0012551141381787e-01,-2.5394694411675356e-03
3.6754350145306621e+03,2,1.0000000000000000e+00,-1.9472592848295132e+01,-1.4124949766994169e+01,-1.3404957005481744e+00,1.1421068868516485e-01,-1.6459589937454686e-01,-1.7797344327022055e-02

3.6799042908453598e+03,0,1.0000000000000000e+00,9.5952390059545323e+00,9.9255206562184686e+00,7.5663867997014778e-01,-3.7480378119875429e-01,9.6066000256972262e-02,1.8508192692474116e-02
3.6799042908453598e+03,1,1.0000000000000000e+00,9.3545106685899722e+00,4.9259328845016697e+00,6.6251530781958590e-01,2.5507723263839394e-01,6.4425166381653243e-02,-1.1082129250091360e-03
3.6799042908453598e+03,2,1.0000000000000000e+00,-1.8949749674532605e+01,-1.4851453540706995e+01,-1.4191539877895671e+00,1.1972654856036541e-01,-1.6049116663861915e-01,-1.7399979767464897e-02

3.6851063257190840e+03,0,1.0000000000000000e+00,7.7283989125564494e+00,9.8936003308352376e+00,8.3897914561182907e-01,-3.2144640786237094e-01,-1.0216975913197585e-01,1.2619812613929964e-02
3.6851063257190840e+03,1,1.0000000000000000e+00,1.0582437224327650e+01,5.7798997311110583e+00,6.6945069359776754e-01,1.9558604245888528e-01,2.5768653663231500e-01,4.3001171748432970e-03
3.6851063257190840e+03,2,1.0000000000000000e+00,-1.8310836136872183e+01,-1.5673500061933119e+01,-1.5084298392094300e+00,1.2586036540349060e-01,-1.5551677750033294e-01,-1.6919929788773172e-02

3.6898761008624770e+03,0,1.0000000000000000e+00,6.5130554995876970e+00,9.0895102316886138e+00,8.8251885897039406e-01,-1.7644709801686698e-01,-2.2023152735347917e-01,5.5760708980549557e-03
3.6898761008624770e+03,1,1.0000000000000000e+00,1.1184571073195093e+01,7.3144182486970459e+00,7.0552080529368655e-01,4.5220911888881943e-02,3.7094579159464003e-01,1.0880453685447100e-02
3.6898761008624770e+03,2,1.0000000000000000e+00,-1.7697626572770840e+01,-1.6403928480372450e+01,-1.5880396642639130e+00,1.3122618612799020e-01,-1.5071426424115497e-01,-1.6456524583501969e-02

3.6945281359296764e+03,0,1.0000000000000000e+00,6.1093699559602719e+00,7.9871904295909566e+00,8.9360244478032813e-01,4.3147158370091809e-03,-2.3559513193756021e-01,-4.9165374245504004e-04
3.6945281359296764e+03,1,1.0000000000000000e+00,1.0965976970226535e+01,9.1064850761070808e+00,7.6988721023324502e-01,-1.4059316650415019e-01,3.8137685410206423e-01,1.6467614049608725e-02
3.6945281359296764e+03,2,1.0000000000000000e+00,-1.7075346926174827e+01,-1.7093675505684796e+01,-1.6634896550134051e+00,1.3627845066714600e-01,-1.4578172216449806e-01,-1.5975960307153595e-02

3.6991220968071498e+03,0,1.0000000000000000e+00,6.5073358009751949e+00,7.0704722719628244e+00,8.8257696637305783e-01,1.6015096408636495e-01,-1.4789002377888272e-01,-3.7259948748132789e-03
3.6991220968071498e+03,1,1.0000000000000000e+00,9.9307679585861166e+00,1.0681327013570071e+01,8.5316342855510685e-01,-3.0127449028674136e-01,2.8859744021797151e-01,1.9200967149316482e-02
3.6991220968071498e+03,2,1.0000000000000000e+00,-1.6438103759549310e+01,-1.7751799285519631e+01,-1.7357403949279968e+00,1.4112352620038138e-01,-1.4070741643908291e-01,-1.5474972274503116e-02

3.7036614551995690e+03,0,1.0000000000000000e+00,7.4493225135881840e+00,6.7406505458768216e+00,8.6543530978789751e-01,2.3922089902696353e-01,1.0493018015621192e-02,-3.1875721188744655e-03
3.7036614551995690e+03,1,1.0000000000000000e+00,8.3376152687513603e+00,1.1638235135882621e+01,9.3939480177231771e-01,-3.8496185854100706e-01,1.2507195911809255e-01,1.8151072309194081e-02
3.7036614551995690e+03,2,1.0000000000000000e+00,-1.5786937782327522e+01,-1.8378885681746148e+01,-1.8048301115600467e+00,1.4574095951404853e-01,-1.3556497713370780e-01,-1.4963500190319529e-02

3.7087844683823605e+03,0,1.0000000000000000e+00,8.6478868970867104e+00,7.3084941794814000e+00,8.5962171213852878e-01,2.0683855251733563e-01,2.0781457454264243e-01,1.5193782191269146e-03
3.7087844683823605e+03,1,1.0000000000000000e+00,6.3796471052902657e+00,1.1749803849157033e+01,1.0203670310300446e+00,-3.5750967878228146e-01,-7.8159323964765687e-02,1.2857263138384501e-02
3.7087844683823605e+03,2,1.0000000000000000e+00,-1.5027534002364927e+01,-1.9058298028625110e+01,-1.8799887431684037e+00,1.5067112626495072e-01,-1.2965525057787072e-01,-1.4376641357511330e-02

3.7134647116900433e+03,0,1.0000000000000000e+00,9.3405321181717564e+00,8.6157413952137496e+00,8.8134701176751906e-01,7.6070076820741211e-02,3.3799134945404485e-01,7.9050207558171905e-03
3.7134647116900433e+03,1,1.0000000000000000e+00,4.9718728997674972e+00,1.1036504259104159e+01,1.0646540404773916e+00,-2.3094672887211290e-01,-2.1386097154872497e-01,5.9248554723817237e-03
3.7134647116900433e+03,2,1.0000000000000000e+00,-1.4312405017927183e+01,-1.9652245654304551e+01,-1.9460010522447413e+00,1.5487665205137655e-01,-1.2413037790531378e-01,-1.3829876228198833e-02

3.7179944808378827e+03,0,1.0000000000000000e+00,9.2939660202023884e+00,1.0267203539838357e+01,9.3099938009891448e-01,-1.0031866239719461e-01,3.7444305718382176e-01,1.3789330290016623e-02
3.7179944808378827e+03,1,1.0000000000000000e+00,4.3081424309004142e+00,9.9349067650569722e+00,1.0764162112804556e+00,-5.8380946332993511e-02,-2.5582513325183986e-01,-5.0689028425571388e-04
3.7179944808378827e+03,2,1.0000000000000000e+00,-1.3602108451090711e+01,-2.0202110304881948e+01,-2.0074155913791998e+00,1.5869960873019315e-01,-1.1861792393197584e-01,-1.3282440005760824e-02

3.7227144590722355e+03,0,1.0000000000000000e+00,8.3902008061920057e+00,1.1912791751518526e+01,1.0061211548545268e+00,-2.7597763836885258e-01,3.0542543925472976e-01,1.7480004171564451e-02
3.7227144590722355e+03,1,1.0000000000000000e+00,4.4538619054109052e+00,8.8352682736468697e+00,1.0625934047426160e+00,1.1350162931475155e-01,-1.9273646547904350e-01,-4.7921632315793966e-03
3.7227144590722355e+03,2,1.0000000000000000e+00,-1.2844062711590796e+01,-2.0748060025151986e+01,-2.0687145595969727e+00,1.6247600905410592e-01,-1.1268897377568023e-01,-1.2687840939984978e-02

3.7275335911498296e+03,0,1.0000000000000000e+00,6.7582931896206802e+00,1.3027492808388251e+01,1.0915795837969697e+00,-3.8522446268039479e-01,1.4617936798387118e-01,1.7264314200920040e-02
3.7275335911498296e+03,1,1.0000000000000000e+00,5.2938729484672766e+00,8.2487496877749660e+00,1.0367753668024902e+00,2.1908773789592051e-01,-3.9681861368217913e-02,-5.2028079490519345e-03
3.7275335911498296e+03,2,1.0000000000000000e+00,-1.2052166138075817e+01,-2.1276242496149777e+01,-2.1283549505992889e+00,1.6613672478447944e-01,-1.0649750661564729e-01,-1.2061506251868023e-02

3.7322301057024674e+03,0,1.0000000000000000e+00,4.9022789899170665e+00,1.3273063664728401e+01,1.1643153034675291e+00,-3.8672298877983935e-01,-4.1563813119532500e-02,1.3140389198273580e-02
3.7322301057024674e+03,1,1.0000000000000000e+00,6.3616751541333070e+00,8.4890567255855771e+00,1.0192390238599915e+00,2.1724344390828232e-01,1.4197174174924365e-01,-1.6955427307565139e-03
3.7322301057024674e+03,2,1.0000000000000000e+00,-1.1263954144038214e+01,-2.1762120390300510e+01,-2.1835543273273492e+00,1.6947954487156203e-01,-1.0040792862970516e-01,-1.1444846467516985e-02

3.7367956724628098e+03,0,1.0000000000000000e+00,3.3269452829739929e+00,1.2712897613959566e+01,1.2101104193503867e+00,-2.8891466877547056e-01,-1.9427494253457930e-01,6.6686296918752322e-03
3.7367956724628098e+03,1,1.0000000000000000e+00,7.1563201632278730e+00,9.4940811241752119e+00,1.0243273082112683e+00,1.1645117095507762e-01,2.8873643800104676e-01,4.1763574947334793e-03
3.7367956724628098e+03,2,1.0000000000000000e+00,-1.0483265446189682e+01,-2.2206978738121279e+01,-2.2344377275614837e+00,1.7246349782039805e-01,-9.4461495466461098e-02,-1.0844987186608635e-02

3.7413611160779210e+03,0,1.0000000000000000e+00,2.3654093068146196e+00,1.1618820573480189e+01,1.2245248208623125e+00,-1.2529241782838949e-01,-2.6917977757757960e-01,-2.4665140276535283e-04
3.7413611160779210e+03,1,1.0000000000000000e+00,7.3242095360632931e+00,1.1005736359813881e+01,1.0580468376278984e+00,-4.9873884570617394e-02,3.5763338630413066e-01,1.0486120257657171e-02
3.7413611160779210e+03,2,1.0000000000000000e+00,-9.6896188428657020e+00,-2.2624556933280527e+01,-2.2825716584900393e+00,1.7516630239901212e-01,-8.8453608726544619e-02,-1.0239468854891746e-02

3.7466610626686643e+03,0,1.0000000000000000e+00,2.2508680600216326e+00,1.0237699549702167e+01,1.2061840983507088e+00,7.7324155235853703e-02,-2.2899765203930339e-01,-6.0532297947609465e-03
3.7466610626686643e+03,1,1.0000000000000000e+00,6.5027649655000488e+00,1.2836881317399925e+01,1.1287547575501111e+00,-2.5531265990185492e-01,3.1033866011503436e-01,1.5571182989749207e-02
3.7466610626686643e+03,2,1.0000000000000000e+00,-8.7536330255094423e+00,-2.3074580867088503e+01,-2.3349388559006483e+00,1.7798850466600652e-01,-8.1341008075724489e-02,-9.5179531949881862e-03

3.7515342227550286e+03,0,1.0000000000000000e+00,2.9694915096802657e+00,9.4373274650345067e+00,1.1718200973244248e+00,2.0241772864430585e-01,-8.6241829107052234e-02,-7.3022732932928620e-03
3.7515342227550286e+03,1,1.0000000000000000e+00,4.9109590738934701e+00,1.4017434970693303e+01,1.2078441164621645e+00,-3.8275744283339286e-01,1.6091664388340299e-01,1.6137783121415963e-02
3.7515342227550286e+03,2,1.0000000000000000e+00,-7.8804505835614709e+00,-2.3454762435714208e+01,-2.3796642137864166e+00,1.8033971418909239e-01,-7.4674814776344231e-02,-8.8355098281230234e-03

3.7562786212577089e+03,0,1.0000000000000000e+00,4.0160484608376192e+00,9.4606042259034560e+00,1.1427574525740272e+00,2.1967992125979841e-01,9.7889480458774131e-02,-4.3123929330265293e-03
3.7562786212577089e+03,1,1.0000000000000000e+00,3.0037808487215729e+00,1.4332948738679995e+01,1.2772343369319468e+00,-4.0209822165210685e-01,-2.9746972081985595e-02,1.2477075760194044e-02
3.7562786212577089e+03,2,1.0000000000000000e+00,-7.0198293095469007e+00,-2.3793552964569802e+01,-2.4199917895058012e+00,1.8241830039231374e-01,-6.8142508376781985e-02,-8.1646828271674365e-03

3.7605925681760104e+03,0,1.0000000000000000e+00,4.8209170541693709e+00,1.0219988835349429e+01,1.1350735046431097e+00,1.3955413152714413e-01,2.4680511022220625e-01,1.0358000053228497e-03
3.7605925681760104e+03,1,1.0000000000000000e+00,1.4082686289700836e+00,1.3854751170397781e+01,1.3188311637510892e+00,-3.2365118399784787e-01,-1.8458025479608547e-01,6.5229190329323360e-03
3.7605925681760104e+03,2,1.0000000000000000e+00,-6.2291856831271435e+00,-2.4074740005733549e+01,-2.4539046683940255e+00,1.8409705247070898e-01,-6.2224855426114105e-02,-7.5587190382551059e-03

3.7664403344262792e+03,0,1.0000000000000000e+00,5.0654239341117249e+00,1.2015673842644659e+01,1.1654134723981993e+00,-6.8023820995305656e-02,3.4162797056299066e-01,9.1901812870585804e-03
3.7664403344262792e+03,1,1.0000000000000000e+00,8.1438488521656360e-02,1.2399578700677869e+01,1.3303065877011515e+00,-1.1797038850275451e-01,-2.8739379365191497e-01,-2.4476451838162834e-03
3.7664403344262792e+03,2,1.0000000000000000e+00,-5.1468624226210382e+00,-2.4415252543308810e+01,-2.4957200600991771e+00,1.8599420949806564e-01,-5.4234176911068799e-02,-6.7425361032422172e-03

3.7713473343845749e+03,0,1.0000000000000000e+00,4.2577439128822601e+00,1.3622918040121450e+01,1.2232900691887039e+00,-2.5651574567149993e-01,2.9399311133158457e-01,1.3848443076891048e-02
3.7713473343845749e+03,1,1.0000000000000000e+00,-2.6754383332340481e-02,1.1041944259854667e+01,1.3038227273820502e+00,6.9265279076062836e-02,-2.4650228481154202e-01,-7.7979538906612113e-03
3.7713473343845749e+03,2,1.0000000000000000e+00,-4.2309895295375490e+00,-2.4664862299962365e+01,-2.5271127965705800e+00,1.8725046659544223e-01,-4.7490826520035639e-02,-6.0504891862297574e-03

3.7762124490083179e+03,0,1.0000000000000000e+00,2.6646995680723657e+00,1.4727949358993225e+01,1.2940677968875405e+00,-3.8354517706165658e-01,1.4722113383116348e-01,1.4507142344901200e-02
3.7762124490083179e+03,1,1.0000000000000000e+00,6.5279405233993604e-01,1.0151554455394681e+01,1.2607857851096340e+00,1.9530456040723820e-01,-1.0648479754509610e-01,-9.1555358364490257e-03
3.7762124490083179e+03,2,1.0000000000000000e+00,-3.3174936203999019e+00,-2.4879503814374118e+01,-2.5548535819970004e+00,1.8824061665442368e-01,-4.0736336286060243e-02,-5.3516065084520965e-03

3.7809069156711962e+03,0,1.0000000000000000e+00,7.6949367309950856e-01,1.4985945096166494e+01,1.3554551655025642e+00,-4.0553923758912208e-01,-3.9460023093945445e-02,1.1019789215647561e-02
3.7809069156711962e+03,1,1.0000000000000000e+00,1.6624682872266547e+00,1.0069437602962791e+01,1.2229261774213980e+00,2.1654575679443516e-01,7.3656878432978995e-02,-6.3475330562995751e-03
3.7809069156711962e+03,2,1.0000000000000000e+00,-2.4319619603137399e+00,-2.5055382699115462e+01,-2.5783813429237874e+00,1.8899348079469222e-01,-3.4196855339026694e-02,-4.6722561593479069e-03

3.7852799797126377e+03,0,1.0000000000000000e+00,-8.6937441347417477e-01,1.4453189211360149e+01,1.3912691236814432e+00,-3.2961854159181198e-01,-1.9712629184623345e-01,5.0503729887056495e-03
3.7852799797126377e+03,1,1.0000000000000000e+00,2.4736518814124144e+00,1.0738494972054667e+01,1.2061704699356717e+00,1.4010596018270965e-01,2.2527800870744871e-01,-1.0048151289164323e-03
3.7852799797126377e+03,2,1.0000000000000000e+00,-1.6042774679257956e+00,-2.5191684183400966e+01,-2.5974395936169392e+00,1.8951258140910771e-01,-2.8151716861208681e-02,-4.0455578597891314e-03

3.7910877704143345e+03,0,1.0000000000000000e+00,-2.2335482330900609e+00,1.2926106118326352e+01,1.3941040481706291e+00,-1.2738486345379368e-01,-3.0385036872561522e-01,-3.9617041370010927e-03
3.7910877704143345e+03,1,1.0000000000000000e+00,2.7359195923227650e+00,1.2406036372811833e+01,1.2244500254370501e+00,-6.2494353748768106e-02,3.2408718016254878e-01,7.1894418255198256e-03
3.7910877704143345e+03,2,1.0000000000000000e+00,-5.0237135922022524e-01,-2.5332142491124294e+01,-2.6185540736075037e+00,1.8987921720256717e-01,-2.0236811436926794e-02,-3.2277376885186514e-03

3.7959811537054266e+03,0,1.0000000000000000e+00,-2.3846529860895185e+00,1.1479223230642344e+01,1.3597962538203689e+00,6.1698696077826853e-02,-2.6790717124966357e-01,-9.5264541523628170e-03
3.7959811537054266e+03,1,1.0000000000000000e+00,1.9577701064366924e+00,1.3935761405987623e+01,1.2728770747809928e+00,-2.5157217435913448e-01,2.8153173844762980e-01,1.2068996342932053e-02
3.7959811537054266e+03,2,1.0000000000000000e+00,4.2688287966533123e-01,-2.5414984636616044e+01,-2.6326733286011859e+00,1.8987347828131312e-01,-1.3624567197959736e-02,-2.5425421905691560e-03

3.8008286068299644e+03,0,1.0000000000000000e+00,-1.7332419554537588e+00,1.0480275691747689e+01,1.3079537529968728e+00,1.9262688578975920e-01,-1.3066348829534410e-01,-1.1117781571633265e-02
3.8008286068299644e+03,1,1.0000000000000000e+00,3.8650923674356719e-01,1.4984871056143653e+01,1.3353881430367107e+00,-3.8223272779569573e-01,1.3773242334212901e-01,1.2975798499176631e-02
3.8008286068299644e+03,2,1.0000000000000000e+00,1.3467327187227220e+00,-2.5465146747877395e+01,-2.6433418960334074e+00,1.8960584200594213e-01,-7.0689350467784511e-03,-1.8580169275432866e-03

3.8057040571969383e+03,0,1.0000000000000000e+00,-6.8382079552480945e-01,1.0296140913853105e+01,1.2590315645627395e+00,2.1781507056419330e-01,5.7745096227767544e-02,-8.2520826941482918e-03
3.8057040571969383e+03,1,1.0000000000000000e+00,-1.5862264769033056e+00,1.5187389029634527e+01,1.3916819514247831e+00,-4.0693780687350406e-01,-5.7267860537984418e-02,9.4183742635646460e-03
3.8057040571969383e+03,2,1.0000000000000000e+00,2.2700472724406735e+00,-2.5483529943473645e+01,-2.6507135159873458e+00,1.8912273630931650e-01,-4.7723568977689913e-04,-1.1662915694162731e-03

3.8100854709902105e+03,0,1.0000000000000000e+00,1.3279569353869602e-01,1.0900012983361481e+01,1.2341291507486352e+00,1.4037446528737707e-01,2.1055527291975842e-01,-2.7980159899299176e-03
3.8100854709902105e+03,1,1.0000000000000000e+00,-3.2302216161124884e+00,1.4572727898443103e+01,1.4203436747610358e+00,-3.2890277699345954e-01,-2.1594292270424695e-01,3.3496244305831107e-03
3.8100854709902105e+03,2,1.0000000000000000e+00,3.0974259225863774e+00,-2.5472740881790568e+01,-2.6544728255094938e+00,1.8852831170608814e-01,5.3876497844946416e-03,-5.5160844065311435e-04

3.8157699346013278e+03,0,1.0000000000000000e+00,4.0014022200592425e-01,1.2440672080709948e+01,1.2416821656802752e+00,-5.8319985891887471e-02,3.0731937597321957e-01,5.3415893809618366e-03
3.8157699346013278e+03,1,1.0000000000000000e+00,-4.5664904555320511e+00,1.2980168344379862e+01,1.4137036816647925e+00,-1.2918624202473422e-01,-3.2016118366833179e-01,-5.5684161005087615e-03
3.8157699346013278e+03,2,1.0000000000000000e+00,4.1663502335387452e+00,-2.5420840425075777e+01,-2.6553858473448906e+00,1.8750622791662749e-01,1.2841807695118248e-02,2.2682671954699508e-04

3.8206577262197875e+03,0,1.0000000000000000e+00,-3.5404551194547018e-01,1.3889144220075785e+01,1.2812311058672243e+00,-2.4624466555154653e-01,2.6595844576906802e-01,1.0307818561745044e-02
3.8206577262197875e+03,1,1.0000000000000000e+00,-4.7261021132515815e+00,1.1453537851944761e+01,1.3714376546166529e+00,5.9883921124137013e-02,-2.8508306559473895e-01,-1.1191839246904324e-02
3.8206577262197875e+03,2,1.0000000000000000e+00,5.0801476252096975e+00,-2.5342682072006468e+01,-2.6526687604836994e+00,1.8636074442741538e-01,1.9124619825676925e-02,8.8402068515934344e-04

3.8255097456014255e+03,0,1.0000000000000000e+00,-1.8997838213175082e+00,1.4868763976691614e+01,1.3355320166651712e+00,-3.7669522307519443e-01,1.2442545269124952e-01,1.1336171737608819e-02
3.8255097456014255e+03,1,1.0000000000000000e+00,-4.0813215456527629e+00,1.0366121434310489e+01,1.3112687573807358e+00,1.9172081464530966e-01,-1.4972891625813770e-01,-1.2871205921385903e-02
3.8255097456014255e+03,2,1.0000000000000000e+00,5.9811053669829448e+00,-2.5234885410987996e+01,-2.6468007740457287e+00,1.8497440842989057e-01,2.5303463566894308e-02,1.5350341837771439e-03

3.8303294413198291e+03,0,1.0000000000000000e+00,-3.8269414740499519e+00,1.5016492451131931e+01,1.3837792867746708e+00,-4.0381947900095710e-01,-6.5987329677205775e-02,8.0033426638005598e-03
3.8303294413198291e+03,1,1.0000000000000000e+00,-3.0419368678672023e+00,1.0081709698564284e+01,1.2540628936606333e+00,2.2043041657301937e-01,3.4579279508629379e-02,-1.0185374218465184e-02
3.8303294413198291e+03,2,1.0000000000000000e+00,6.8688783419298538e+00,-2.5098202149682081e+01,-2.6378421804351251e+00,1.8338906242794384e-01,3.1408050168582780e-02,2.1820315546646832e-03

3.8348089344275631e+03,0,1.0000000000000000e+00,-5.4990853375095234e+00,1.4341129889275589e+01,1.4067731674958950e+00,-3.2752490444369087e-01,-2.2836734079299406e-01,1.9182137386688355e-03
3.8348089344275631e+03,1,1.0000000000000000e+00,-2.1877025840234348e+00,1.0603783472438337e+01,1.2199591922748609e+00,1.4575610533263628e-01,1.9135048875187857e-01,-4.6945682324775655e-03
3.8348089344275631e+03,2,1.0000000000000000e+00,7.6867879215456822e+00,-2.4944913361699754e+01,-2.6267323597705774e+00,1.8176879911106064e-01,3.7016852041121928e-02,2.7763544938087976e-03

3.8391708754948068e+03,0,1.0000000000000000e+00,-6.6280582923371396e+00,1.3107822870792676e+01,1.3999918807809049e+00,-1.8149656992437635e-01,-3.2368865798044583e-01,-5.0279001644841122e-03
3.8391708754948068e+03,1,1.0000000000000000e+00,-1.8479232799091374e+00,1.1663910793387398e+01,1.2133926072047438e+00,1.4332147826490726e-03,2.8132220542546210e-01,1.6866850737589940e-03
3.8391708754948068e+03,2,1.0000000000000000e+00,8.4759815722590268e+00,-2.4771733664165883e+01,-2.6133844879854689e+00,1.8006335514173327e-01,4.2366452554990081e-02,3.3412150907251919e-03

3.8444639233981575e+03,0,1.0000000000000000e+00,-7.0329461751193030e+00,1.1347759886209602e+01,1.3536558946960811e+00,2.7636123510745236e-02,-3.1799834238427921e-01,-1.1964922200011430e-02
3.8444639233981575e+03,1,1.0000000000000000e+00,-2.3902192223095753e+00,1.3182928424596231e+01,1.2402717437723154e+00,-2.0542977477518043e-01,2.6931507619489176e-01,7.9571627949958749e-03
3.8444639233981575e+03,2,1.0000000000000000e+00,9.4231653974416645e+00,-2.4530688310791597e+01,-2.5939276384682164e+00,1.7779365126444091e-01,4.8683266189394114e-02,4.0077594050156344e-03

3.8494722013427931e+03,0,1.0000000000000000e+00,-6.4767876931778741e+00,1.0023794002318009e+01,1.2851508063051784e+00,1.8111112237395355e-01,-1.9445969794667170e-01,-1.4617415876479309e-02
3.8494722013427931e+03,1,1.0000000000000000e+00,-3.8309484581380469e+00,1.4248408636476016e+01,1.2871498829471790e+00,-3.5652189745038643e-01,1.3993637176953658e-01,9.9895966938711913e-03
3.8494722013427931e+03,2,1.0000000000000000e+00,1.0307736151328735e+01,-2.4272202638779749e+01,-2.5723006892521765e+00,1.7541077507643843e-01,5.4523326177141729e-02,4.6278191826081925e-03

3.8545118648561897e+03,0,1.0000000000000000e+00,-5.3885839211974496e+00,9.5117975537408306e+00,1.2149661980458810e+00,2.2988989684887096e-01,-3.5738576298670888e-03,-1.2445470853775091e-02
3.8545118648561897e+03,1,1.0000000000000000e+00,-5.7966481439250250e+00,1.4470991217658728e+01,1.3324475632979931e+00,-4.0268170329303488e-01,-5.6745960399682410e-02,7.1975004369213298e-03
3.8545118648561897e+03,2,1.0000000000000000e+00,1.1185232065135319e+01,-2.3982788771385263e+01,-2.5474137613436936e+00,1.7279180644416955e-01,6.0319818029555938e-02,5.2479704168538355e-03

3.8591360346332131e+03,0,1.0000000000000000e+00,-4.4396618071033558e+00,9.8992680601104794e+00,1.1691377641927536e+00,1.6362797670339427e-01,1.6442260937208047e-01,-6.9605853150644459e-03
3.8591360346332131e+03,1,1.0000000000000000e+00,-7.5387301219181371e+00,1.3792427497331282e+01,1.3527043908893370e+00,-3.3386552134515846e-01,-2.2998864997306162e-01,1.1503391963043541e-03
3.8591360346332131e+03,2,1.0000000000000000e+00,1.1978391929034366e+01,-2.3691695557427423e+01,-2.5218421550819099e+00,1.7023754464176979e-01,6.5566040600987377e-02,5.8102461187601656e-03

3.8635957475982441e+03,0,1.0000000000000000e+00,-4.0079242629999285e+00,1.0884712554167205e+01,1.1527408360809743e+00,2.0371704631823140e-02,2.6369494308478930e-01,-3.6200553134944739e-04
3.8635957475982441e+03,1,1.0000000000000000e+00,-8.7239868005273209e+00,1.2503492194628745e+01,1.3420043714915368e+00,-1.8804032306151486e-01,-3.3420990434199987e-01,-5.9769041292751391e-03
3.8635957475982441e+03,2,1.0000000000000000e+00,1.2731911063540142e+01,-2.3388204748781579e+01,-2.4947452075723295e+00,1.6766861842969735e-01,7.0514961257216860e-02,6.3389096606246602e-03

3.8689103249874674e+03,0,1.0000000000000000e+00,-4.4510439274203861e+00,1.2337246818421338e+01,1.1694928373537565e+00,-1.8683002320143074e-01,2.5940118170051640e-01,6.1712461452870342e-03
3.8689103249874674e+03,1,1.0000000000000000e+00,-9.1635162063174000e+00,1.0660944489799451e+01,1.2899374001942894e+00,2.2366422233258659e-02,-3.3562118394199925e-01,-1.3118461889556756e-02
3.8689103249874674e+03,2,1.0000000000000000e+00,1.3614560133750711e+01,-2.2998191308206390e+01,-2.4594302375478647e+00,1.6446360096817789e-01,7.6220002241489115e-02,6.9472157442697939e-03

3.8739514794116985e+03,0,1.0000000000000000e+00,-5.8159492826455654e+00,1.3374655597749374e+01,1.2084834758927765e+00,-3.4174120157449273e-01,1.3559369287040374e-01,8.5303291966427053e-03
3.8739514794116985e+03,1,1.0000000000000000e+00,-8.6196525100434940e+00,9.2260550189830681e+00,1.2145070329213441e+00,1.8050218641802607e-01,-2.1704252865460660e-01,-1.6038090426570183e-02
3.8739514794116985e+03,2,1.0000000000000000e+00,1.4435601792702020e+01,-2.2600710616718018e+01,-2.4229905088139385e+00,1.6123901515647221e-01,8.1448835784209028e-02,7.5077612299275544e-03

3.8787667696022986e+03,0,1.0000000000000000e+00,-7.6333178044970635e+00,1.3598811854199150e+01,1.2459448853959223e+00,-3.9464919394370107e-01,-4.8034407165721993e-02,6.3077732891813256e-03
3.8787667696022986e+03,1,1.0000000000000000e+00,-7.5709059583730598e+00,8.5979187842540448e+00,1.1396213093623955e+00,2.3667485000539074e-01,-3.8291832858411590e-02,-1.4342935536785778e-02
3.8787667696022986e+03,2,1.0000000000000000e+00,1.5204223762883107e+01,-2.2196730638438741e+01,-2.3855661947581357e+00,1.5797434393831586e-01,8.6326240024139883e-02,8.0351622476045308e-03

3.8835207895295503e+03,0,1.0000000000000000e+00,-9.4117218263728422e+00,1.2928123838979110e+01,1.2631767762438992e+00,-3.3551276280574510e-01,-2.2834331147515480e-01,4.6814844147601876e-04
3.8835207895295503e+03,1,1.0000000000000000e+00,-6.5355501091522630e+00,8.8469357245276079e+00,1.0829663465854826e+00,1.8090970726781080e-01,1.3728922258084253e-01,-9.0164816349052844e-03
3.8835207895295503e+03,2,1.0000000000000000e+00,1.5947271935538117e+01,-2.1775059563492231e+01,-2.3461431228291989e+00,1.5460305553793982e-01,9.1054088894318541e-02,8.5483331934293368e-03

3.8881711977982559e+03,0,1.0000000000000000e+00,-1.0657731461352864e+01,1.1565944142997663e+01,1.2484218598965220e+00,-1.8915019793213508e-01,-3.4317655788330431e-01,-6.8870658604488575e-03
3.8881711977982559e+03,1,1.0000000000000000e+00,-6.0006437613804202e+00,9.7751265788350334e+00,1.0568250950564233e+00,3.7942493262039273e-02,2.4760725739400563e-01,-2.1500617562522362e-03
3.8881711977982559e+03,2,1.0000000000000000e+00,1.6658375222746319e+01,-2.1341070721818184e+01,-2.3052469549527617e+00,1.5120770467010120e-01,9.5569300489305009e-02,9.0371276167011717e-03

3.8926828663762258e+03,0,1.0000000000000000e+00,-1.1109471320096890e+01,9.9424043661777599e+00,1.2022156330969460e+00,-9.6725337074742845e-03,-3.5948160566551973e-01,-1.3290149249575452e-02
3.8926828663762258e+03,1,1.0000000000000000e+00,-6.2235321431389288e+00,1.0957878832863845e+01,1.0612214092320791e+00,-1.3816594985795388e-01,2.5967886662368594e-01,3.7961053391021363e-03
3.8926828663762258e+03,2,1.0000000000000000e+00,1.7333003463248883e+01,-2.0900283199027065e+01,-2.2634370423288415e+00,1.4783848356543355e-01,9.9802739041840116e-02,9.4940439104734091e-03

3.8976722844383416e+03,0,1.0000000000000000e+00,-1.0700881764225105e+01,8.3429434900969817e+00,1.1244576331919665e+00,1.6314212607680934e-01,-2.6352156072656741e-01,-1.7162502643578957e-02
3.8976722844383416e+03,1,1.0000000000000000e+00,-7.3602355677201476e+00,1.2048092507846199e+01,1.0903886497379609e+00,-3.0714404803526490e-01,1.5922509937817753e-01,7.1818405232535812e-03
3.8976722844383416e+03,2,1.0000000000000000e+00,1.8061117331958346e+01,-2.0391035997928611e+01,-2.2148462829297424e+00,1.4400192195846079e-01,1.0429646134839601e-01,9.9806621203254696e-03

3.9025579534408976e+03,0,1.0000000000000000e+00,-9.6596720519469308e+00,7.4606389813021536e+00,1.0405799919021708e+00,2.4480821370427927e-01,-8.9329900547167787e-02,-1.6395836466100135e-02
3.9025579534408976e+03,1,1.0000000000000000e+00,-9.0955152056115764e+00,1.2410430051871998e+01,1.1243680254947599e+00,-3.8490499784190169e-01,-1.9204970313231720e-02,5.9518105718799931e-03
3.9025579534408976e+03,2,1.0000000000000000e+00,1.8755187257571635e+01,-1.9871069033159554e+01,-2.1649480173967457e+00,1.4009678413762763e-01,1.0853487086040566e-01,1.0444025894220235e-02

3.9074388567723245e+03,0,1.0000000000000000e+00,-8.5035023066718658e+00,7.4920886213710993e+00,9.7119253353283863e-01,2.0915461660246160e-01,9.8273803155232958e-02,-1.1460800386638294e-02
3.9074388567723245e+03,1,1.0000000000000000e+00,-1.0925657190029373e+01,1.1839142066325982e+01,1.1416687479573697e+00,-3.4520309642172864e-01,-2.1092576634107355e-01,5.6342069617542484e-04
3.9074388567723245e+03,2,1.0000000000000000e+00,1.9429159496714384e+01,-1.9331230687682449e+01,-2.1128612814900229e+00,1.3604847981927223e-01,1.1265196318584683e-01,1.0897379690462963e-02

3.9121722774718287e+03,0,1.0000000000000000e+00,-7.7991475016410092e+00,8.2911759042102453e+00,9.3304992703609191e-01,7.5402498201185969e-02,2.2554868679607168e-01,-4.5056125475804783e-03
3.9121722774718287e+03,1,1.0000000000000000e+00,-1.2264489120402722e+01,1.0497582347256815e+01,1.1272116562561150e+00,-2.0742599666996717e-01,-3.4208642177341253e-01,-6.8193660141458202e-03
3.9121722774718287e+03,2,1.0000000000000000e+00,2.0063636622056904e+01,-1.8788758251452400e+01,-2.0602615832920201e+00,1.3202349846878642e-01,1.1653773497734705e-01,1.1324978561726389e-02

3.9167452750853854e+03,0,1.0000000000000000e+00,-7.8509457370353637e+00,9.4270300032837788e+00,9.2754495501274148e-01,-1.0089841352606008e-01,2.5384519057869903e-01,1.8365422051048862e-03
3.9167452750853854e+03,1,1.0000000000000000e+00,-1.2807435710167487e+01,8.8204654394235007e+00,1.0800133687025362e+00,-2.7182115737584306e-02,-3.7400334690082093e-01,-1.3558385996535886e-02
3.9167452750853854e+03,2,1.0000000000000000e+00,2.0658381447216044e+01,-1.8247495442692596e+01,-2.0075583237150902e+00,1.2808052926364949e-01,1.2015815632212815e-01,1.1721843791431092e-02

3.9218190107932696e+03,0,1.0000000000000000e+00,-8.8377724056289111e+00,1.0542168656585527e+01,9.4883679140818877e-01,-2.7883948422628568e-01,1.6645651955315388e-01,5.8546706314876237e-03
3.9218190107932696e+03,1,1.0000000000000000e+00,-1.2459232004224258e+01,7.0858844954894193e+00,9.9817398678436287e-01,1.5519708038743690e-01,-2.9043946082742844e-01,-1.7996511782976995e-02
3.9218190107932696e+03,2,1.0000000000000000e+00,2.1297004409866386e+01,-1.7628053152060229e+01,-1.9470107781923649e+00,1.2364240383885385e-01,1.2398294127428086e-01,1.2141841151489457e-02

3.9265783568173106e+03,0,1.0000000000000000e+00,-1.0416069979957200e+01,1.0963345420262517e+01,9.7722193289676507e-01,-3.6801762780342367e-01,1.4232071371942101e-03,5.3431632593862457e-03
3.9265783568173106e+03,1,1.0000000000000000e+00,-1.1459299569600965e+01,6.0664575320802765e+00,9.1109685011164032e-01,2.4863478793690069e-01,-1.2881397892515814e-01,-1.7863052018037163e-02
3.9265783568173106e+03,2,1.0000000000000000e+00,2.1875369549571417e+01,-1.7029802952328041e+01,-1.8883187830082178e+00,1.1938283986652798e-01,1.2739077178797018e-01,1.2519888758651006e-02

3.9312571237166298e+03,0,1.0000000000000000e+00,-1.2139344959386982e+01,1.0533714782899372e+01,9.9312257342684696e-01,-3.5047084675186385e-01,-1.8356717812539264e-01,8.8234712379618111e-04
3.9312571237166298e+03,1,1.0000000000000000e+00,-1.0284568748579042e+01,5.8924905470545212e+00,8.3577137358779019e-01,2.3539008207801732e-01,5.2961614752295494e-02,-1.3762666644002344e-02
3.9312571237166298e+03,2,1.0000000000000000e+00,2.2423913707979303e+01,-1.6426205329939112e+01,-1.8288939470144490e+00,1.1508076467385148e-01,1.3060556337310333e-01,1.2880319520206254e-02

3.9358584444407197e+03,0,1.0000000000000000e+00,-1.3519772411503993e+01,9.3335284049072555e+00,9.8199281340141775e-01,-2.3559545477738958e-01,-3.2710566361312232e-01,-5.9572804637196908e-03
3.9358584444407197e+03,1,1.0000000000000000e+00,-9.4237441121596532e+00,6.4846492634079027e+00,7.8683951294751941e-01,1.2483878915292451e-01,1.9344441680339852e-01,-7.2666303600300826e-03
3.9358584444407197e+03,2,1.0000000000000000e+00,2.2943516523676941e+01,-1.5818177668300351e+01,-1.7688323263487484e+00,1.1075666562447012e-01,1.3366124680972996e-01,1.3223910823749855e-02

3.9404738555145022e+03,0,1.0000000000000000e+00,-1.4215034580844330e+01,7.6511657497061520e+00,9.3775337232233891e-01,-6.0069091409018532e-02,-3.8486213026340088e-01,-1.3049046664586825e-02
3.9404738555145022e+03,1,1.0000000000000000e+00,-9.2295569661964514e+00,7.5432526839435070e+00,7.6927634331689332e-01,-4.6300539351953579e-02,2.4825104975054679e-01,-5.0534255324067960e-04
3.9404738555145022e+03,2,1.0000000000000000e+00,2.3444591547054106e+01,-1.5194418433634823e+01,-1.7070297156390435e+00,1.0636963076097702e-01,1.3661108051286042e-01,1.3554389217827589e-02

3.9451399767572821e+03,0,1.0000000000000000e+00,-1.4064178315298232e+01,5.9281400324650493e+00,8.6386681877259797e-01,1.1980583001337788e-01,-3.3599938244886096e-01,-1.8093110963358919e-02
3.9451399767572821e+03,1,1.0000000000000000e+00,-9.8663523589482747e+00,8.6221639020621375e+00,7.7917030521254160e-01,-2.2171606411401276e-01,1.9655711885136906e-01,4.2218448407054660e-03
3.9451399767572821e+03,2,1.0000000000000000e+00,2.3930530674259842e+01,-1.4550303934512321e+01,-1.6430371239849504e+00,1.0191023410063957e-01,1.3944226359749815e-01,1.3871266122653540e-02

3.9498328954632243e+03,0,1.0000000000000000e+00,-1.3181655665416876e+01,4.6531825797406157e+00,7.7436104715786547e-01,2.4219751122352068e-01,-1.9534792825591105e-01,-1.9334991567367302e-02
3.9498328954632243e+03,1,1.0000000000000000e+00,-1.1216536450641723e+01,9.2363894556731125e+00,8.0286492228647688e-01,-3.3958268024091248e-01,5.3232476071433693e-02,5.1618330166842523e-03
3.9498328954632243e+03,2,1.0000000000000000e+00,2.4398192116071961e+01,-1.3889572035398832e+01,-1.5772259694441533e+00,9.7385169017396633e-02,1.4211545218448354e-01,1.4173158550683138e-02

3.9543972868604155e+03,0,1.0000000000000000e+00,-1.1983345132017845e+01,4.1647397751455362e+00,6.9118591006578667e-01,2.6542343961923792e-01,-1.6623266420375593e-02,-1.6485892745956080e-02
3.9543972868604155e+03,1,1.0000000000000000e+00,-1.2849172858975065e+01,9.0705295085646540e+00,8.2070403290374960e-01,-3.5833457622861226e-01,-1.2793702924532657e-01,2.0324351886879498e-03
3.9543972868604155e+03,2,1.0000000000000000e+00,2.4832517991006299e+01,-1.3235269283695265e+01,-1.5118899429693466e+00,9.2911136609379164e-02,1.4456029566570847e-01,1.4453457557268228e-02

3.9594473559248627e+03,0,1.0000000000000000e+00,-1.0828220296593980e+01,4.5471749010366249e+00,6.2356649866286440e-01,1.7309377533099574e-01,1.5780579143845053e-01,-9.8713036490012968e-03
3.9594473559248627e+03,1,1.0000000000000000e+00,-1.4460798416403755e+01,7.9515278101525890e+00,8.1457702317160763e-01,-2.6095699107960746e-01,-3.0492885847391965e-01,-4.8790071563173127e-03
3.9594473559248627e+03,2,1.0000000000000000e+00,2.5289018713011142e+01,-1.2498702711174259e+01,-1.4381435218342820e+00,8.7863215748616455e-02,1.4712306703547559e-01,1.4750310805318701e-02

3.9642730082468329e+03,0,1.0000000000000000e+00,-1.0381935403375817e+01,5.5472374978396175e+00,5.9371590724515744e-01,3.4483940167479715e-03,2.3887332210138013e-01,-2.5828164265939025e-03
3.9642730082468329e+03,1,1.0000000000000000e+00,-1.5319305526446925e+01,6.2358369562748894e+00,7.7259170684958678e-01,-8.6425757884703067e-02,-3.8832305849811832e-01,-1.2436806468803028e-02
3.9642730082468329e+03,2,1.0000000000000000e+00,2.5701240929836171e+01,-1.1783074454099520e+01,-1.3663076140945531e+00,8.2977363867959827e-02,1.4944973639674486e-01,1.5019622895397022e-02

3.9690212866402067e+03,0,1.0000000000000000e+00,-1.0806088020678892e+01,6.6507727676387365e+00,5.9546082986265580e-01,-1.7894026762363707e-01,2.0730372083455434e-01,2.8319085376635536e-03
3.9690212866402067e+03,1,1.0000000000000000e+00,-1.5277706841572467e+01,4.4175001092827202e+00,6.9893233140986943e-01,1.0078377957846657e-01,-3.5890684627437236e-01,-1.8100178212483296e-02
3.9690212866402067e+03,2,1.0000000000000000e+00,2.6083794862264817e+01,-1.1068272876906439e+01,-1.2943931612723341e+00,7.8156488045175374e-02,1.5160312543982465e-01,1.5268269674819836e-02

3.9737247386136087e+03,0,1.0000000000000000e+00,-1.1987464239394139e+01,7.3544899682495704e+00,6.1451922178255680e-01,-3.1069102071771454e-01,7.8675701384072289e-02,4.5778011385613562e-03
3.9737247386136087e+03,1,1.0000000000000000e+00,-1.4452702128827106e+01,2.9960252662170808e+00,6.0751423864573251e-01,2.3731374864663685e-01,-2.3224842737659865e-01,-2.0075586678650365e-02
3.9737247386136087e+03,2,1.0000000000000000e+00,2.6440166368234717e+01,-1.0350515234451606e+01,-1.2220334604280982e+00,7.3377272071082647e-02,1.5357272599253302e-01,1.5497785540089105e-02

3.9782661343334044e+03,0,1.0000000000000000e+00,-1.3523238406428938e+01,7.3233119217685552e+00,6.3149618348945769e-01,-3.4901366240594134e-01,-9.6266073557479709e-02,2.2655466880161686e-03
3.9782661343334044e+03,1,1.0000000000000000e+00,-1.3239631358309836e+01,2.3257599934849260e+00,5.1968036140015272e-01,2.8028281136668298e-01,-5.9046619105854375e-02,-1.7970458136075455e-02
3.9782661343334044e+03,2,1.0000000000000000e+00,2.6762869764752267e+01,-9.6490719152384035e+00,-1.1511765448894185e+00,6.8730851039263241e-02,1.5531269266334094e-01,1.5704911448059380e-02

3.9832453520369709e+03,0,1.0000000000000000e+00,-1.5126656135133892e+01,6.3694243549945400e+00,6.2856524179477447e-01,-2.7578533666008309e-01,-2.7946895981116399e-01,-3.9321008357294180e-03
3.9832453520369709e+03,1,1.0000000000000000e+00,-1.1965616043668472e+01,2.5018973227354260e+00,4.4387766339672957e-01,2.1221846884673373e-01,1.2240792223880614e-01,-1.1985464202300004e-02
3.9832453520369709e+03,2,1.0000000000000000e+00,2.7092272178815886e+01,-8.8713216777148549e+00,-1.0724429051913114e+00,6.3566867813354105e-02,1.5706103757236456e-01,1.5917565038029526e-02

3.9881644324197782e+03,0,1.0000000000000000e+00,-1.6104339915382610e+01,4.6921586321498685e+00,5.9039009698987233e-01,-1.1060755535678946e-01,-3.8545959509542937e-01,-1.1610576144092499e-02
3.9881644324197782e+03,1,1.0000000000000000e+00,-1.1287935720572555e+01,3.4025952587279971e+00,4.0326600170805604e-01,5.2206179027578181e-02,2.2680414062184395e-01,-4.5024986822323719e-03
3.9881644324197782e+03,2,1.0000000000000000e+00,2.7392275635968709e+01,-8.0947538908627230e+00,-9.9365609869773519e-01,5.8401376329216131e-02,1.5865545447359242e-01,1.6113074826324982e-02

3.9929679505789163e+03,0,1.0000000000000000e+00,-1.6172341339455674e+01,2.8123920385951009e+00,5.1860213750727957e-01,8.1514343483762935e-02,-3.7773835647689202e-01,-1.7853444823600188e-02
3.9929679505789163e+03,1,1.0000000000000000e+00,-1.1488310896260192e+01,4.5167625939840743e+00,3.9722639157185402e-01,-1.3485612678812084e-01,2.1764979397031048e-01,1.5647637791609097e-03
3.9929679505789163e+03,2,1.0000000000000000e+00,2.7660652235729433e+01,-7.3291546325640020e+00,-9.1582852907893997e-01,5.3341783304362789e-02,1.6008856250658843e-01,1.6288681044439396e-02

3.9976665106674832e+03,0,1.0000000000000000e+00,-1.5408663337992683e+01,1.2653216857559642e+00,4.2671419717350068e-01,2.3234586475435903e-01,-2.6591291876441414e-01,-2.0579801764088163e-02
3.9976665106674832e+03,1,1.0000000000000000e+00,-1.2491025375435880e+01,5.3086290498031907e+00,4.1220815979932951e-01,-2.8075614207119237e-01,1.0456568880798395e-01,4.1350241422455879e-03
3.9976665106674832e+03,2,1.0000000000000000e+00,2.7899688713442146e+01,-6.5739507355439528e+00,-8.3892235697263629e-01,4.8410277316838057e-02,1.6134722995643733e-01,1.6444777621842703e-02

4.0024007943523134e+03,0,1.0000000000000000e+00,-1.4118838233705979e+01,4.1197309978727592e-01,3.3131051662159938e-01,2.9465737943134257e-01,-8.8550793305291031e-02,-1.9001684596081005e-02
4.0024007943523134e+03,1,1.0000000000000000e+00,-1.3998293780901772e+01,5.3954373381029317e+00,4.2941590795973517e-01,-3.3810397697477551e-01,-7.3898893990212600e-02,2.4150727734927185e-03
4.0024007943523134e+03,2,1.0000000000000000e+00,2.8117132014621355e+01,-5.8074104378749691e+00,-7.6072642458113993e-01,4.3446597543437715e-02,1.6244968729551085e-01,1.6586611822588405e-02

4.0070798354101084e+03,0,1.0000000000000000e+00,-1.2809398638087707e+01,4.2620141443422099e-01,2.5356480210624333e-01,2.4726994720194651e-01,8.9652594543249392e-02,-1.3737109893641367e-02
4.0070798354101084e+03,1,1.0000000000000000e+00,-1.5499489612479151e+01,4.6188666036618615e+00,4.2925241780303619e-01,-2.8577944479628603e-01,-2.5303242132563675e-01,-2.9753200136828344e-03
4.0070798354101084e+03,2,1.0000000000000000e+00,2.8308888250580480e+01,-5.0450680180808112e+00,-6.8281721990908428e-01,3.8509497594344411e-02,1.6337982678239468e-01,1.6712429907324317e-02

4.0119387689171181e+03,0,1.0000000000000000e+00,-1.1930150910494937e+01,1.1960918035778763e+00,2.0451751184587341e-01,1.0195609091542712e-01,2.1185891200906926e-01,-6.3420725859634312e-03
4.0119387689171181e+03,1,1.0000000000000000e+00,-1.6553292581167938e+01,3.0530672729885633e+00,3.9680703271538897e-01,-1.3528832121843359e-01,-3.7606417241627843e-01,-1.0486481305971365e-02
4.0119387689171181e+03,2,1.0000000000000000e+00,2.8483443491676525e+01,-4.2491590765511322e+00,-6.0132454456106632e-01,3.3332230303011239e-02,1.6420526040721647e-01,1.6828553891934907e-02

4.0168006801481465e+03,0,1.0000000000000000e+00,-1.1889887778291278e+01,2.3075171439334268e+00,1.9066294639347614e-01,-8.6768307387091820e-02,2.2547413548768863e-01,2.8226826683782832e-04
4.0168006801481465e+03,1,1.0000000000000000e+00,-1.6742965538097955e+01,1.1415298051600344e+00,3.2859029791701566e-01,5.8638596712069474e-02,-3.9038369573690762e-01,-1.7212125586992793e-02
4.0168006801481465e+03,2,1.0000000000000000e+00,2.8632853316402905e+01,-3.4490469490781184e+00,-5.1925324431029551e-01,2.8129710675027196e-02,1.6490956024922632e-01,1.6929857320155069e-02

4.0214340193092303e+03,0,1.0000000000000000e+00,-1.2672516793379391e+01,3.1734387898424985e+00,2.0111603533187439e-01,-2.4192608944203570e-01,1.3286011998735606e-01,3.6085357436064953e-03
4.0214340193092303e+03,1,1.0000000000000000e+00,-1.6079223414194161e+01,-4.8979853592545242e-01,2.3949918158857292e-01,2.1873171431584160e-01,-2.9831985297058272e-01,-2.0620789135218375e-02
4.0214340193092303e+03,2,1.0000000000000000e+00,2.8751740207587243e+01,-2.6836402539016704e+00,-4.4061521692025052e-01,2.3194375126198985e-02,1.6545973298323402e-01,1.7012253391611994e-02

4.0260355587345098e+03,0,1.0000000000000000e+00,-1.4000925035195255e+01,3.4283939365785616e+00,2.1770104193499579e-01,-3.1968245846633131e-01,-2.9773874981392945e-02,2.9151202025356534e-03
4.0260355587345098e+03,1,1.0000000000000000e+00,-1.4846335579643295e+01,-1.5071136376466572e+00,1.4446986206990081e-01,3.0135584972268975e-01,-1.3609111446635863e-01,-1.9995373156716026e-02
4.0260355587345098e+03,2,1.0000000000000000e+00,2.8847260614852257e+01,-1.9212802989164968e+00,-3.6217090400469903e-01,1.8326608743646507e-02,1.6586498944775899e-01,1.7080252954180482e-02

4.0312413501503042e+03,0,1.0000000000000000e+00,-1.5632227152752815e+01,2.7393810900494788e+00,2.2096422175373109e-01,-2.8490097010976623e-01,-2.3142163704812604e-01,-2.3280730506566143e-03
4.0312413501503042e+03,1,1.0000000000000000e+00,-1.3296130726456056e+01,-1.6823544569072837e+00,5.2126085900203456e-02,2.7207378258924420e-01,6.5283606439022507e-02,-1.4812348063981958e-02
4.0312413501503042e+03,2,1.0000000000000000e+00,2.8928357879222624e+01,-1.0570266331267471e+00,-2.7309030765373665e-01,1.2827187520526862e-02,1.6613803060911100e-01,1.7140421114638680e-02

4.0363866699672903e+03,0,1.0000000000000000e+00,-1.6753783894219797e+01,1.1491679545267013e+00,1.8944469507604406e-01,-1.3575414453844967e-01,-3.7074550647277082e-01,-1.0105546014064840e-02
4.0363866699672903e+03,1,1.0000000000000000e+00,-1.2226525409771792e+01,-9.4728284130376461e-01,-4.6626661525772384e-03,1.2839414122535001e-01,2.0451396399778710e-01,-7.0768196700097628e-03
4.0363866699672903e+03,2,1.0000000000000000e+00,2.8980309304005363e+01,-2.0188511320744851e-01,-1.8478202892326845e-01,7.3600033131046017e-03,1.6623154247499100e-01,1.7182365684074712e-02

4.0410673067628672e+03,0,1.0000000000000000e+00,-1.6960684938741917e+01,-6.8786554747557682e-01,1.2589997893084190e-01,4.9959196894349162e-02,-3.9589850964212192e-01,-1.6756069574587942e-02
4.0410673067628672e+03,1,1.0000000000000000e+00,-1.2042386653646879e+01,1.1172991083718875e-01,-2.1602533595927981e-02,-5.2325161967662154e-02,2.2970577747203513e-01,-4.4973139009275506e-04
4.0410673067628672e+03,2,1.0000000000000000e+00,2.9003071592402598e+01,5.7613563665390854e-01,-1.0429744533471494e-01,2.3659650733178494e-03,1.6619273217009423e-01,1.7205800964680801e-02

4.0456348719517700e+03,0,1.0000000000000000e+00,-1.6337531603586186e+01,-2.3514977787812192e+00,3.9320869335387559e-02,2.1523162620204797e-01,-3.1663773387854255e-01,-2.0569064898877856e-02
4.0456348719517700e+03,1,1.0000000000000000e+00,-1.2665248586253380e+01,1.0165511793326485e+00,-1.3639727522919601e-02,-2.1274475525326472e-01,1.5058796965657151e-01,3.3531990723416200e-03
4.0456348719517700e+03,2,1.0000000000000000e+00,2.9002780189853386e+01,1.3349465994641241e+00,-2.5681141812268576e-02,-2.4868709487781415e-03,1.6604976422197848e-01,1.7215865826536336e-02

4.0501078411444628e+03,0,1.0000000000000000e+00,-1.5131768318869206e+01,-3.4469977397077058e+00,-5.4014962585049675e-02,3.0943129897023780e-01,-1.6443212968664289e-01,-2.0498866673157676e-02
4.0501078411444628e+03,1,1.0000000000000000e+00,-1.3849345759495161e+01,1.3698415207461356e+00,2.6903114293158892e-03,-3.0223863398133433e-01,-1.3613835435109523e-03,3.2851016058513538e-03
4.0501078411444628e+03,2,1.0000000000000000e+00,2.8981114078378209e+01,2.0771562189771542e+00,5.1324651155933557e-02,-7.1926649888984229e-03,1.6579351323016084e-01,1.7213765067306427e-02

4.0554090036322041e+03,0,1.0000000000000000e+00,-1.3463995808624183e+01,-3.7599600168468270e+00,-1.5180738216625064e-01,2.9623294753673313e-01,4.4534100887006545e-02,-1.5644748861105749e-02
4.0554090036322041e+03,1,1.0000000000000000e+00,-1.5464315225884533e+01,8.0508965319864823e-01,9.2709615377806476e-03,-2.8350889096770715e-01,-2.0984753985265486e-01,-1.5504488326233586e-03
4.0554090036322041e+03,2,1.0000000000000000e+00,2.8928311034522586e+01,2.9548703636638014e+00,1.4253642062867042e-01,-1.2724056569020870e-02,1.6531343896565531e-01,1.7195197693729188e-02

4.0603780992671318e+03,0,1.0000000000000000e+00,-1.2271559992652779e+01,-3.1391156001434317e+00,-2.1170369953401857e-01,1.6822110348721037e-01,1.9148925327615871e-01,-8.2298358627221312e-03
4.0603780992671318e+03,1,1.0000000000000000e+00,-1.6580654694272855e+01,-6.3572341247846742e-01,-1.6198693743128600e-02,-1.5031474240887349e-01,-3.5617632774279917e-01,-8.9309114609962704e-03
4.0603780992671318e+03,2,1.0000000000000000e+00,2.8852214686939529e+01,3.7748390126375546e+00,2.2790239327734807e-01,-1.7906361078331771e-02,1.6468707446664740e-01,1.7160747323718483e-02

4.0653946282122965e+03,0,1.0000000000000000e+00,-1.1895671981968256e+01,-2.0229207042400370e+00,-2.3386165787327529e-01,-2.2676306599136952e-02,2.3278035485273768e-01,-8.8766268745699151e-04
4.0653946282122965e+03,1,1.0000000000000000e+00,-1.6853559152834283e+01,-2.5761773499971721e+00,-8.0005663425869622e-02,4.5828320728177704e-02,-3.9668886817770527e-01,-1.6221569858840386e-02
4.0653946282122965e+03,2,1.0000000000000000e+00,2.8749231134816462e+01,4.5990980542528996e+00,3.1386732129934636e-01,-2.3152014129035624e-02,1.6390851332497461e-01,1.7109232546297457e-02

4.0700765677865566e+03,0,1.0000000000000000e+00,-1.2410069462112421e+01,-1.0642440168713856e+00,-2.2684497356628863e-01,-1.8970245248373846e-01,1.5989208021576140e-01,3.2903252977083530e-03
4.0700765677865566e+03,1,1.0000000000000000e+00,-1.6219331245563481e+01,-4.3003459742862526e+00,-1.6698705814434950e-01,2.1773200552883326e-01,-3.2296427349849821e-01,-2.0337849737418055e-02
4.0700765677865566e+03,2,1.0000000000000000e+00,2.8629400707689850e+01,5.3645899911733634e+00,3.9383203171083980e-01,-2.8029553045089653e-02,1.6307219328274383e-01,1.7047524439709787e-02

4.0746343895695854e+03,0,1.0000000000000000e+00,-1.3525972557175667e+01,-6.5576842308014793e-01,-2.0985295485858896e-01,-2.8544860371792313e-01,9.9486404595701405e-03,3.4853420823438182e-03
4.0746343895695854e+03,1,1.0000000000000000e+00,-1.4964953566988635e+01,-5.4500229484532809e+00,-2.6152009292120632e-01,3.1817179404249130e-01,-1.7210114923945627e-01,-2.0461448182858361e-02
4.0746343895695854e+03,2,1.0000000000000000e+00,2.8490926124178269e+01,6.1057913715491861e+00,4.7137304777999761e-01,-3.2723190324562931e-02,1.6215250877989315e-01,1.6976106100514629e-02

4.0799478068062072e+03,0,1.0000000000000000e+00,-1.5073507174407265e+01,-1.1563543423794584e+00,-2.0146826821751940e-01,-2.7374441814934625e-01,-1.9734048109004854e-01,-1.0878186252768554e-03
4.0799478068062072e+03,1,1.0000000000000000e+00,-1.3229178885112905e+01,-5.8078294419480807e+00,-3.5985306927477956e-01,3.1186487542683805e-01,3.6420637082528795e-02,-1.5790283068183648e-02
4.0799478068062072e+03,2,1.0000000000000000e+00,2.8302686059534171e+01,6.9641837843433292e+00,5.6132133749250146e-01,-3.8120457277486586e-02,1.6091984400752674e-01,1.6878101693460594e-02

4.0849755882276700e+03,0,1.0000000000000000e+00,-1.6166618309142269e+01,-2.5621717633349137e+00,-2.2470910306868641e-01,-1.4488303849672790e-01,-3.4848294676885017e-01,-8.4204090842548065e-03
4.0849755882276700e+03,1,1.0000000000000000e+00,-1.1931654595401930e+01,-5.2077753500032014e+00,-4.2120331126915822e-01,1.8807390476351099e-01,1.8890690473715621e-01,-8.3480305311673143e-03
4.0849755882276700e+03,2,1.0000000000000000e+00,2.8098272904558229e+01,7.7699471133539397e+00,6.4591241433804769e-01,-4.3190866266778094e-02,1.5957604203170070e-01,1.6768439615422220e-02

4.0899256804990796e+03,0,1.0000000000000000e+00,-1.6421817198706336e+01,-4.4520008912362119e+00,-2.8497049448688705e-01,4.6886989772784327e-02,-3.9511668191090837e-01,-1.5681965983283593e-02
4.0899256804990796e+03,1,1.0000000000000000e+00,-1.1450310014766430e+01,-4.1042636775476140e+00,-4.4364441871599847e-01,1.2919861693055923e-03,2.3701734809644254e-01,-9.6136560156907282e-04
4.0899256804990796e+03,2,1.0000000000000000e+00,2.7872127213486813e+01,8.5562645687996852e+00,7.2861491320308902e-01,-4.8178975942085367e-02,1.5809933381447264e-01,1.6643331584852754e-02

4.0945923743643102e+03,0,1.0000000000000000e+00,-1.5779641068089026e+01,-6.1796184420047489e+00,-3.6960716579184705e-01,2.2178433262043104e-01,-3.2802921149972114e-01,-2.0010548747431335e-02
4.0945923743643102e+03,1,1.0000000000000000e+00,-1.1856704613972468e+01,-3.1109769966042542e+00,-4.3637420883966893e-01,-1.6892083958325790e-01,1.7143337101455258e-01,3.4990260400957242e-03
4.0945923743643102e+03,2,1.0000000000000000e+00,2.7636345682075564e+01,9.2905954386248943e+00,8.0598137463171993e-01,-5.2863493037168530e-02,1.5659584048517544e-01,1.6511522707335705e-02

4.0991592802335745e+03,0,1.0000000000000000e+00,-1.4489647781093277e+01,-7.3611337245976420e+00,-4.6336808078171315e-01,3.2871887017409201e-01,-1.7916923038479540e-01,-2.0352354344336333e-02
4.0991592802335745e+03,1,1.0000000000000000e+00,-1.2894906421692450e+01,-2.6410818046999101e+00,-4.1770474995409934e-01,-2.7132644254545174e-01,2.4139251110096377e-02,3.9804682449510846e-03
4.0991592802335745e+03,2,1.0000000000000000e+00,2.7384554202799823e+01,1.0002215529313474e+01,8.8107283073601672e-01,-5.7392427628635723e-02,1.5502997927470608e-01,1.6371886099385342e-02

4.1044802722612094e+03,0,1.0000000000000000e+00,-1.2677454783003139e+01,-7.7519241757008546e+00,-5.6159467748125591e-01,3.2860144109144712e-01,3.1939726586591000e-02,-1.5774612751604102e-02
4.1044802722612094e+03,1,1.0000000000000000e+00,-1.4387884677362186e+01,-3.0700535219112002e+00,-4.0613217656739520e-01,-2.6602706488686961e-01,-1.8500542959362942e-01,-4.2161055947121349e-04
4.1044802722612094e+03,2,1.0000000000000000e+00,2.7065339460379441e+01,1.0821977697628016e+01,9.6772685404885561e-01,-6.2574376204572818e-02,1.5306570300704514e-01,1.6196223311075411e-02

4.1095246368647558e+03,0,1.0000000000000000e+00,-1.1283607097489678e+01,-7.1607331463602009e+00,-6.2292908326151775e-01,2.0731471268081625e-01,1.8914387806117483e-01,-8.2595722047738122e-03
4.1095246368647558e+03,1,1.0000000000000000e+00,-1.5453851983645654e+01,-4.4283143057730188e+00,-4.2604465735889130e-01,-1.3989796010000688e-01,-3.4017892761982782e-01,-7.7542541653423634e-03
4.1095246368647558e+03,2,1.0000000000000000e+00,2.6737459081149474e+01,1.1589047452149210e+01,1.0489737406206148e+00,-6.7416752580804595e-02,1.5103504955865976e-01,1.6013826370116255e-02

4.1143660795312380e+03,0,1.0000000000000000e+00,-1.0706935166641770e+01,-6.0714141445689016e+00,-6.4458099926819656e-01,2.5634751342265380e-02,2.4187580670391928e-01,-9.0448085789133006e-04
4.1143660795312380e+03,1,1.0000000000000000e+00,-1.5692938063496408e+01,-6.2438247879650586e+00,-4.8146473616338281e-01,4.6402484129497643e-02,-3.9080705135999849e-01,-1.4917355414050440e-02
4.1143660795312380e+03,2,1.0000000000000000e+00,2.6399873230152345e+01,1.2315238932549981e+01,1.1260457354317852e+00,-7.2037235471758373e-02,1.4893124465608595e-01,1.5821836271941843e-02

4.1191559218260809e+03,0,1.0000000000000000e+00,-1.1020706789553863e+01,-5.0166689913861173e+00,-6.3606963050760323e-01,-1.5021487789159746e-01,1.8039029218421032e-01,3.8617476824033790e-03
4.1191559218260809e+03,1,1.0000000000000000e+00,-1.5023213647979874e+01,-8.0066930628419328e+00,-5.6527457072480392e-01,2.2679964226357233e-01,-3.2711859512521613e-01,-1.9478605569335134e-02
4.1191559218260809e+03,2,1.0000000000000000e+00,2.6043920437547925e+01,1.3023362054244101e+01,1.2013442012326134e+00,-7.6584764371970176e-02,1.4672830294101255e-01,1.5616857886931835e-02

4.1239078541577210e+03,0,1.0000000000000000e+00,-1.2026657720823000e+01,-4.4901368982476129e+00,-6.1449619760135876e-01,-2.5789506625953867e-01,3.0190725463257198e-02,4.4725034137192751e-03
4.1239078541577210e+03,1,1.0000000000000000e+00,-1.3642725411523884e+01,-9.2250842663805823e+00,-6.6055223268868846e-01,3.3893276804493694e-01,-1.7463763884606121e-01,-1.9874774627039210e-02
4.1239078541577210e+03,2,1.0000000000000000e+00,2.5669383132361087e+01,1.3715221164644287e+01,1.2750484302902538e+00,-8.1037701785393546e-02,1.4444691338281079e-01,1.5402271213320011e-02

4.1285409072234206e+03,0,1.0000000000000000e+00,-1.3273023805346554e+01,-4.7681556121113093e+00,-6.0049883323616293e-01,-2.6233427030257500e-01,-1.5081957666821988e-01,9.5782231013503624e-04
4.1285409072234206e+03,1,1.0000000000000000e+00,-1.2011018784568085e+01,-9.6109582127035651e+00,-7.4540683955179499e-01,3.4762512457410805e-01,8.6948527385718455e-03,-1.6141668868276369e-02
4.1285409072234206e+03,2,1.0000000000000000e+00,2.5284042589928873e+01,1.4379113824830997e+01,1.3459056727881653e+00,-8.5290854271528369e-02,1.4212472392965492e-01,1.5183846558141405e-02

4.1336250545796383e+03,0,1.0000000000000000e+00,-1.4370704604827647e+01,-5.9866544584503316e+00,-6.1267271147337588e-01,-1.5147117630520535e-01,-3.1688463456785076e-01,-6.1071349485010713e-03
4.1336250545796383e+03,1,1.0000000000000000e+00,-1.0468052007851538e+01,-9.1082734615858438e+00,-8.0979424558321311e-01,2.4133253165225410e-01,1.7744994881255272e-01,-8.8240249685772373e-03
4.1336250545796383e+03,2,1.0000000000000000e+00,2.4838756612693437e+01,1.5094927920052330e+01,1.4224669570567960e+00,-8.9861355347044092e-02,1.3943468575530471e-01,1.4931159917078380e-02

4.1384813749673140e+03,0,1.0000000000000000e+00,-1.4685043868172205e+01,-7.7341292966545536e+00,-6.6050910998206203e-01,2.9219069334883552e-02,-3.8440690388460769e-01,-1.3446989710796893e-02
4.1384813749673140e+03,1,1.0000000000000000e+00,-9.7068453259964844e+00,-8.0313802196092787e+00,-8.3384915348064736e-01,6.4948205049318142e-02,2.4769815159535108e-01,-1.2262816028424731e-03
4.1384813749673140e+03,2,1.0000000000000000e+00,2.4391889194182966e+01,1.5765509516280019e+01,1.4943582634629167e+00,-9.4167274384197058e-02,1.3670875228926319e-01,1.4673271313639435e-02

4.1432720970319142e+03,0,1.0000000000000000e+00,-1.4088553865249263e+01,-9.5076797555267767e+00,-7.3844490461748991e-01,2.1520873709877877e-01,-3.3714667231940015e-01,-1.8534167549764512e-02
4.1432720970319142e+03,1,1.0000000000000000e+00,-9.8421016495534346e+00,-6.9060480046717263e+00,-8.2556657705174974e-01,-1.1682941320211890e-01,2.0326073351439050e-01,4.1315029522448372e-03
4.1432720970319142e+03,2,1.0000000000000000e+00,2.3930655514816991e+01,1.6413727760214719e+01,1.5640114816694473e+00,-9.8379323896655435e-02,1.3388593880501612e-01,1.4402664597519738e-02

4.1480796425293074e+03,0,1.0000000000000000e+00,-1.2713174139423158e+01,-1.0809808973021168e+01,-8.3183288507572251e-01,3.4216806358895008e-01,-1.9166613817581074e-01,-1.9542862637762393e-02
4.1480796425293074e+03,1,1.0000000000000000e+00,-1.0734460353985412e+01,-6.2405662264845496e+00,-8.0074173196106280e-01,-2.3961716967069718e-01,6.0713252654115979e-02,5.4240386288485279e-03
4.1480796425293074e+03,2,1.0000000000000000e+00,2.3447634493422889e+01,1.7050375199521966e+01,1.6325746170369930e+00,-1.0255089391824818e-01,1.3095288552170148e-01,1.4118824008913931e-02

4.1527429694958346e+03,0,1.0000000000000000e+00,-1.1022481219525790e+01,-1.1275970832410341e+01,-9.1666357633447137e-01,3.6462405702515699e-01,-6.2506129442466141e-03,-1.6177386852385185e-02
4.1527429694958346e+03,1,1.0000000000000000e+00,-1.1937661810782533e+01,-6.3782848174382627e+00,-7.8109341627690210e-01,-2.5811786740577825e-01,-1.2177303188015548e-01,2.3421883706909730e-03
4.1527429694958346e+03,2,1.0000000000000000e+00,2.2960143030322673e+01,1.7654255649864883e+01,1.6977569926115814e+00,-1.0650618961937400e-01,1.2802364482440884e-01,1.3835198481694287e-02

4.1577711763028674e+03,0,1.0000000000000000e+00,-9.3785934778861559e+00,-1.0839866300205941e+01,-9.8115915213060001e-01,2.7066404112673725e-01,1.6938511653920579e-01,-9.0667217750328346e-03
4.1577711763028674e+03,1,1.0000000000000000e+00,-1.3035540226982970e+01,-7.4499442601821348e+00,-7.8537472507084538e-01,-1.6001113082777496e-01,-2.9413410765343945e-01,-4.4523441918825676e-03
4.1577711763028674e+03,2,1.0000000000000000e+00,2.2414133704883486e+01,1.8289810560404391e+01,1.7665338772016539e+00,-1.1065291029895756e-01,1.2474899111424032e-01,1.3519065966915459e-02

4.1626699756747785e+03,0,1.0000000000000000e+00,-8.4560191923312686e+00,-9.7605501015337062e+00,-1.0061447808429784e+00,9.7513495387234070e-02,2.5301797572525087e-01,-1.2345173845677744e-03
4.1626699756747785e+03,1,1.0000000000000000e+00,-1.3406353276311986e+01,-9.1322683616559122e+00,-8.2583189423909120e-01,1.7085195558056585e-02,-3.7442935017948398e-01,-1.1961446476854688e-02
4.1626699756747785e+03,2,1.0000000000000000e+00,2.1862372468657636e+01,1.8892818463205966e+01,1.8319766750822783e+00,-1.1459869094528584e-01,1.2141137445423969e-01,1.3195963861422513e-02

4.1675722555700449e+03,0,1.0000000000000000e+00,-8.4477999104217609e+00,-8.5537280762372490e+00,-9.9653138047647016e-01,-9.0440529142753134e-02,2.1954866662017208e-01,4.6094773901836309e-03
4.1675722555700449e+03,1,1.0000000000000000e+00,-1.2843225628656210e+01,-1.0925791650874009e+01,-8.9930714968116221e-01,2.0892752737298625e-01,-3.3747354956563153e-01,-1.7464654777256949e-02
4.1675722555700449e+03,2,1.0000000000000000e+00,2.1291025539092374e+01,1.9479519727127634e+01,1.8958385301578413e+00,-1.1848699823022832e-01,1.1792488294546616e-01,1.2855177387073360e-02

4.1724092988631719e+03,0,1.0000000000000000e+00,-9.2352070177360339e+00,-7.7851651706799778e+00,-9.6817987636562752e-01,-2.2105234232849372e-01,8.4650958609879451e-02,6.3456976431436104e-03
4.1724092988631719e+03,1,1.0000000000000000e+00,-1.1473527800510855e+01,-1.2256210891923173e+01,-9.8899734398497741e-01,3.4331615938690285e-01,-1.9902498012685035e-01,-1.8850780938970184e-02
4.1724092988631719e+03,2,1.0000000000000000e+00,2.0708734818261323e+01,2.0041376062619563e+01,1.9571772203508140e+00,-1.2226381705840406e-01,1.1437402151697752e-01,1.2505083295826622e-02

4.1770804656005421e+03,0,1.0000000000000000e+00,-1.0377384014727561e+01,-7.8018362357239113e+00,-9.4320396722693367e-01,-2.5006458855867342e-01,-9.4797780298636170e-02,3.6749736823046154e-03
4.1770804656005421e+03,1,1.0000000000000000e+00,-9.7518856382910926e+00,-1.2765639836730221e+01,-1.0715806521372946e+00,3.7588579424062851e-01,-1.6070489732108784e-02,-1.5833938205198357e-02
4.1770804656005421e+03,2,1.0000000000000000e+00,2.0129269653033113e+01,2.0567476072470580e+01,2.0147846193644381e+00,-1.2582120568195007e-01,1.1086827003075150e-01,1.2158964522893792e-02

4.1819882642297653e+03,0,1.0000000000000000e+00,-1.1445084998232403e+01,-8.7120163989491743e+00,-9.3963864118088170e-01,-1.6692514889856969e-01,-2.6769423153701150e-01,-2.6575133708290205e-03
4.1819882642297653e+03,1,1.0000000000000000e+00,-8.0577638422763993e+00,-1.2390366701648572e+01,-1.1339126931048451e+00,2.9635708149767997e-01,1.6059772455607979e-01,-9.1302701291408016e-03
4.1819882642297653e+03,2,1.0000000000000000e+00,1.9502848840523278e+01,2.1102383100614222e+01,2.0735513342859364e+00,-1.2943193259910513e-01,1.0709650698093821e-01,1.1787783499969871e-02

4.1866992024619385e+03,0,1.0000000000000000e+00,-1.1872325029637576e+01,-1.0226982737143313e+01,-9.6935635055354918e-01,-5.0523653627789211e-03,-3.5955091201539169e-01,-9.9367930952630659e-03
4.1866992024619385e+03,1,1.0000000000000000e+00,-7.0128517735255080e+00,-1.1371171908733759e+01,-1.1588655923869915e+00,1.3783224453613058e-01,2.5619246207883228e-01,-1.4831396100451026e-03
4.1866992024619385e+03,2,1.0000000000000000e+00,1.8885176803177586e+01,2.1598154645893580e+01,2.1282219429407503e+00,-1.3277987917334655e-01,1.0335844993656607e-01,1.1419932705308217e-02

4.1913147904185353e+03,0,1.0000000000000000e+00,-1.1469184550643062e+01,-1.1898004201049071e+01,-1.0295165665287755e+00,1.7876384263154096e-01,-3.4662116336221588e-01,-1.5712609186411312e-02
4.1913147904185353e+03,1,1.0000000000000000e+00,-6.7957320658681839e+00,-1.0168505709651900e+01,-1.1505542835420564e+00,-4.2787663040158491e-02,2.4705595998311419e-01,4.6683127403551079e-03
4.1913147904185353e+03,2,1.0000000000000000e+00,1.8264916616525774e+01,2.2066509910717510e+01,2.1800708500710417e+00,-1.3597617959137748e-01,9.9565203379108208e-02,1.1044296446056246e-02

4.1962707962812092e+03,0,1.0000000000000000e+00,-1.0165978033049615e+01,-1.3349509519407096e+01,-1.1153078007962425e+00,3.3428521068100314e-01,-2.2274947066131701e-01,-1.8116264586929789e-02
4.1962707962812092e+03,1,1.0000000000000000e+00,-7.4166835800288773e+00,-9.2000868641449305e+00,-1.1184655702774791e+00,-1.9494971661266469e-01,1.2738297772050650e-01,7.4911598786179118e-03
4.1962707962812092e+03,2,1.0000000000000000e+00,1.7582661613093045e+01,2.2549596383568598e+01,2.2337733710739318e+00,-1.3933549406833345e-01,9.5366492940817144e-02,1.0625104708311928e-02

4.2010925829783428e+03,0,1.0000000000000000e+00,-8.3783238228267312e+00,-1.3988002473411001e+01,-1.1987176356513527e+00,3.8819882423490593e-01,-3.6690740185492010e-02,-1.5714890406643058e-02
4.2010925829783428e+03,1,1.0000000000000000e+00,-8.5247865617313998e+00,-9.0114055259768264e+00,-1.0852836281607863e+00,-2.4568549684516405e-01,-5.4506317475107258e-02,5.5073385682059828e-03
4.2010925829783428e+03,2,1.0000000000000000e+00,1.6903110384572710e+01,2.2999407999404433e+01,2.2840012638123497e+00,-1.4251332738973693e-01,9.1197057660605985e-02,1.0207551838437127e-02

4.2057564064924454e+03,0,1.0000000000000000e+00,-6.6623980970936447e+00,-1.3732035486547350e+01,-1.2590421343664535e+00,3.3025298742922249e-01,1.4048884542982315e-01,-9.6879546046139253e-03
4.2057564064924454e+03,1,1.0000000000000000e+00,-9.5691185677323993e+00,-9.6831742763123430e+00,-1.0716133674814241e+00,-1.8478727659309091e-01,-2.2758987585099671e-01,-1.1047413595180293e-04
4.2057564064924454e+03,2,1.0000000000000000e+00,1.6231516664840644e+01,2.3415209762876330e+01,2.3306555018480877e+00,-1.4546571083612664e-01,8.7101030421180059e-02,9.7984287405657733e-03

4.2103451698182998e+03,0,1.0000000000000000e+00,-5.4490428832991178e+00,-1.2795968427354360e+01,-1.2863725358801652e+00,1.8783726384105554e-01,2.5345635652447651e-01,-2.1587037899959312e-03
4.2103451698182998e+03,1,1.0000000000000000e+00,-1.0108555983215894e+01,-1.1009529672608203e+01,-1.0883088635533573e+00,-3.9599165253458801e-02,-3.3644485641205324e-01,-7.2297519119468821e-03
4.2103451698182998e+03,2,1.0000000000000000e+00,1.5557598866529631e+01,2.3805498099979232e+01,2.3746813994337339e+00,-1.4823809858759196e-01,8.2988499887583056e-02,9.3884557019428584e-03

4.2156857544162831e+03,0,1.0000000000000000e+00,-5.0001594755112500e+00,-1.1355996653310665e+01,-1.2763879081159222e+00,-2.0368558332962777e-02,2.6202198004132238e-01,5.4063321317140180e-03
4.2156857544162831e+03,1,1.0000000000000000e+00,-9.7574705760252129e+00,-1.2879618076919829e+01,-1.1471247033487200e+00,1.7168893498162310e-01,-3.4008028233237375e-01,-1.4301298575831255e-02
4.2156857544162831e+03,2,1.0000000000000000e+00,1.4757630051551107e+01,2.4235614730247203e+01,2.4235126114648540e+00,-1.5132037664865550e-01,7.8058302291057730e-02,8.8949664441172836e-03

4.2207048179492958e+03,0,1.0000000000000000e+00,-5.5311011376125894e+00,-1.0282531043272446e+01,-1.2392054970467301e+00,-1.7883322466847643e-01,1.4871572593632473e-01,8.6174906610975224e-03
4.2207048179492958e+03,1,1.0000000000000000e+00,-8.4600045235708166e+00,-1.4332925778331775e+01,-1.2277485084423905e+00,3.3294217138228932e-01,-2.2199668229986894e-01,-1.7030449209270299e-02
4.2207048179492958e+03,2,1.0000000000000000e+00,1.3991105661198072e+01,2.4615456821620963e+01,2.4669540054893320e+00,-1.5410894671380795e-01,7.3280956363550573e-02,8.4129585481728265e-03

4.2256740477211806e+03,0,1.0000000000000000e+00,-6.6139399017867220e+00,-9.9835828330683718e+00,-1.1986985975917048e+00,-2.3736751905453368e-01,-3.4677311116437529e-02,6.8744582552880962e-03
4.2256740477211806e+03,1,1.0000000000000000e+00,-6.6047086224823364e+00,-1.4984064771303956e+01,-1.3088501269394917e+00,3.9413547524944859e-01,-3.3778893146419645e-02,-1.4798741474149921e-02
4.2256740477211806e+03,2,1.0000000000000000e+00,1.3218648524283751e+01,2.4967647604389096e+01,2.5075487245314085e+00,-1.5676795619490999e-01,6.8456204262863724e-02,7.9242832188618738e-03

4.2299785625363120e+03,0,1.0000000000000000e+00,-7.5662239732913310e+00,-1.0488883885723585e+01,-1.1788135679301259e+00,-1.9023209294672616e-01,-1.9590344450100033e-01,1.9434852113988229e-03
4.2299785625363120e+03,1,1.0000000000000000e+00,-4.9728507938360575e+00,-1.4764353846133860e+01,-1.3619268863519971e+00,3.4919388531676088e-01,1.3167282838633199e-01,-9.4406068848646406e-03
4.2299785625363120e+03,2,1.0000000000000000e+00,1.2539074767142109e+01,2.5253237731874240e+01,2.5407404542823353e+00,-1.5896179237002975e-01,6.4230616114674940e-02,7.4971216734658732e-03

4.2344292004709941e+03,0,1.0000000000000000e+00,-8.1481229624158988e+00,-1.1647186311943301e+01,-1.1850646119972290e+00,-6.0070253668877999e-02,-3.1250346696473408e-01,-4.8756602301637001e-03
4.2344292004709941e+03,1,1.0000000000000000e+00,-3.6786656580020427e+00,-1.3882108101616392e+01,-1.3880535320627889e+00,2.2116772319717107e-01,2.5269214283250019e-01,-2.1759225898322345e-03
4.2344292004709941e+03,2,1.0000000000000000e+00,1.1826788620432682e+01,2.5529294413576515e+01,2.5731181440602300e+00,-1.6109746952828799e-01,5.9811324132240329e-02,7.0515828199959928e-03

4.2395911833691589e+03,0,1.0000000000000000e+00,-7.9441348438162969e+00,-1.3382322542685500e+01,-1.2300035135538416e+00,1.4227239689434418e-01,-3.3775872235163507e-01,-1.2165857663820397e-02
4.2395911833691589e+03,1,1.0000000000000000e+00,-3.0450428800795413e+00,-1.2442276617200648e+01,-1.3781585504121086e+00,2.1132349564702113e-02,2.8317717860563563e-01,5.6424539404608086e-03
4.2395911833691589e+03,2,1.0000000000000000e+00,1.0989177723910601e+01,2.5824599159903009e+01,2.6081620639661631e+00,-1.6340474645904152e-01,5.4581543746005934e-02,6.5234037233596470e-03

4.2444570097947462e+03,0,1.0000000000000000e+00,-6.8147564513008483e+00,-1.4838902835480727e+01,-1.2996512678291634e+00,3.1248568350238537e-01,-2.4331609669740606e-01,-1.5749846254489955e-02
4.2444570097947462e+03,1,1.0000000000000000e+00,-3.3743208946673544e+00,-1.1239021890692957e+01,-1.3390076260194927e+00,-1.4704501704862555e-01,1.9379406313566966e-01,9.7408767067126145e-03
4.2444570097947462e+03,2,1.0000000000000000e+00,1.0189077345982989e+01,2.6077924726190577e+01,2.6386588938488695e+00,-1.6544066645375530e-01,4.9522033561742979e-02,6.0089695477773975e-03

4.2493462605022614e+03,0,1.0000000000000000e+00,-5.0331857979486401e+00,-1.5617459808525872e+01,-1.3758580269673590e+00,3.9800177417802352e-01,-6.6265490871085797e-02,-1.4595280468168829e-02
4.2493462605022614e+03,1,1.0000000000000000e+00,-4.3422405358773268e+00,-1.0689938286642210e+01,-1.2908875926511163e+00,-2.3062873028535669e-01,2.1932350694865821e-02,9.1166637753090536e-03
4.2493462605022614e+03,2,1.0000000000000000e+00,9.3754263338407764e+00,2.6307398095185007e+01,2.6667456196186885e+00,-1.6737304389266244e-01,4.4333140176226415e-02,5.4786166928598341e-03

4.2540528298568388e+03,0,1.0000000000000000e+00,-3.1849574178265652e+00,-1.5482418174234454e+01,-1.4333483018794562e+00,3.6881405454617522e-01,1.2056585201226991e-01,-9.2572994712182555e-03
4.2540528298568388e+03,1,1.0000000000000000e+00,-5.3985690493453342e+00,-1.1021771618256269e+01,-1.2579700489953893e+00,-1.9970124778830944e-01,-1.5985155233110540e-01,4.2943284539921963e-03
4.2540528298568388e+03,2,1.0000000000000000e+00,8.5835264671867328e+00,2.6504189792507674e+01,2.6913183508750600e+00,-1.6911280675786108e-01,3.9285700318841710e-02,4.9629710172261234e-03

4.2585875493787235e+03,0,1.0000000000000000e+00,-1.7597461366936558e+00,-1.4605072709997005e+01,-1.4589859484850169e+00,2.4712779794893794e-01,2.5450831965886850e-01,-1.8699314467371273e-03
4.2585875493787235e+03,1,1.0000000000000000e+00,-6.0533682348900584e+00,-1.2066185941536867e+01,-1.2537092114568298e+00,-7.6482790224893099e-02,-2.8890122442664029e-01,-2.5947888214978470e-03
4.2585875493787235e+03,2,1.0000000000000000e+00,7.8131143715985694e+00,2.6671258651550858e+01,2.7126951599420606e+00,-1.7064500772404043e-01,3.4392904767777843e-02,4.4647202682350463e-03

4.2631896247701816e+03,0,1.0000000000000000e+00,-1.0172442080221984e+00,-1.3287886001544692e+01,-1.4501355922021268e+00,7.1352000626418610e-02,3.0072182733432462e-01,5.4869747068625411e-03
4.2631896247701816e+03,1,1.0000000000000000e+00,-6.0072852837020410e+00,-1.3530131803060661e+01,-1.2819341243322482e+00,1.0068366766611853e-01,-3.3009622880031786e-01,-9.4407069178167047e-03
4.2631896247701816e+03,2,1.0000000000000000e+00,7.0245294917391146e+00,2.6818017804622372e+01,2.7320697165345891e+00,-1.7203566829253220e-01,2.9374401465999234e-02,3.9537322109542330e-03

4.2683013139394780e+03,0,1.0000000000000000e+00,-1.1496407872448167e+00,-1.1877450932459332e+01,-1.4068986837022193e+00,-1.1525260393988554e-01,2.3087222598108978e-01,1.0712408222846692e-02
4.2683013139394780e+03,1,1.0000000000000000e+00,-4.9919389420562084e+00,-1.5076254126058188e+01,-1.3439024056536524e+00,2.8865061350249410e-01,-2.5456559795826694e-01,-1.4084627159762459e-02
4.2683013139394780e+03,2,1.0000000000000000e+00,6.1415797293159269e+00,2.6953705058534574e+01,2.7508010893560870e+00,-1.7339800956260368e-01,2.3693371977183224e-02,3.3722189369158398e-03

4.2733226813603687e+03,0,1.0000000000000000e+00,-2.0347656786694053e+00,-1.1102559819020932e+01,-1.3502191044116443e+00,-2.1946539953702909e-01,6.6618903387792860e-02,1.0996711318628852e-02
4.2733226813603687e+03,1,1.0000000000000000e+00,-3.2330887051445911e+00,-1.5955856778847714e+01,-1.4160470495049686e+00,3.9404701808077763e-01,-8.4615612559539088e-02,-1.3782084932962149e-02
4.2733226813603687e+03,2,1.0000000000000000e+00,5.2678543838289205e+00,2.7058416597885724e+01,2.7662661539168281e+00,-1.7458161854374357e-01,1.7996709171752442e-02,2.7853736143333653e-03

4.2783378874699720e+03,0,1.0000000000000000e+00,-3.1493374745211993e+00,-1.1257547187966086e+01,-1.3046966751055527e+00,-2.0409477290175726e-01,-1.2682706876359073e-01,6.4592517022714442e-03
4.2783378874699720e+03,1,1.0000000000000000e+00,-1.2402825590740787e+00,-1.5876708100459645e+01,-1.4740512282970795e+00,3.7971672600710027e-01,1.1458594088675389e-01,-8.6510617395319789e-03
4.2783378874699720e+03,2,1.0000000000000000e+00,4.3896200336102282e+00,2.7134255288442848e+01,2.7787479034028468e+00,-1.7562195310533810e-01,1.2241127876843071e-02,2.1918100372606084e-03

4.2828401028383505e+03,0,1.0000000000000000e+00,-3.8466409596110038e+00,-1.2157581408228211e+01,-1.2901119517503306e+00,-9.2490795253935568e-02,-2.6240937638383494e-01,-2.1147718579250276e-04
4.2828401028383505e+03,1,1.0000000000000000e+00,2.4954382286863019e-01,-1.5020125107640975e+01,-1.4973045350890102e+00,2.6890227388140558e-01,2.5534927068490682e-01,-1.4477203256559705e-03
4.2828401028383505e+03,2,1.0000000000000000e+00,3.5970971367573457e+00,2.7177706515886321e+01,2.7874164868395557e+00,-1.7641147862746503e-01,7.0601056989344968e-03,1.6591975114485409e-03

4.2873659097221162e+03,0,1.0000000000000000e+00,-3.8937766090827308e+00,-1.3504285405829194e+01,-1.3071074759385919e+00,7.7146486360055416e-02,-3.1653883026719248e-01,-7.1379265416639248e-03
4.2873659097221162e+03,1,1.0000000000000000e+00,1.0965666349720502e+00,-1.3693564651612014e+01,-1.4866062149740835e+00,9.9890523980853269e-02,3.1470235097036575e-01,6.0149199767469616e-03
4.2873659097221162e+03,2,1.0000000000000000e+00,2.7972099741256740e+00,2.7197850057458368e+01,2.7937136909128895e+00,-1.7703701034090377e-01,1.8364792968332266e-03,1.1230065649170291e-03

4.2926625662532615e+03,0,1.0000000000000000e+00,-2.9382420211345077e+00,-1.5070665354572490e+01,-1.3610390806568113e+00,2.7691227788670314e-01,-2.5242416364367121e-01,-1.2495977032902197e-02
4.2926625662532615e+03,1,1.0000000000000000e+00,1.0801822026600205e+00,-1.2120587297470033e+01,-1.4369423321543904e+00,-9.9368530748636608e-02,2.5676853699459673e-01,1.2009969368231510e-02
4.2926625662532615e+03,2,1.0000000000000000e+00,1.8580598184895067e+00,2.7191252652059724e+01,2.7979814128114162e+00,-1.7754374713806167e-01,-4.3443733509189730e-03,4.8600766467075951e-04

4.2976512900227162e+03,0,1.0000000000000000e+00,-1.2269797049848012e+00,-1.5952628762189635e+01,-1.4260827172848352e+00,3.9203538773307683e-01,-8.8825845957342386e-02,-1.2706762718898404e-02
4.2976512900227162e+03,1,1.0000000000000000e+00,2.5540692398579035e-01,-1.1202219723623646e+01,-1.3727960416290272e+00,-2.1421153361345396e-01,9.9091914915743373e-02,1.2835237600303138e-02
4.2976512900227162e+03,2,1.0000000000000000e+00,9.7157278101405631e-01,2.7154848485830509e+01,2.7988787589140767e+00,-1.7782385411961793e-01,-1.0266068958394409e-02,-1.2847488140466101e-04

4.3023706791386358e+03,0,1.0000000000000000e+00,6.6870253141249103e-01,-1.5923103985574684e+01,-1.4772292586453817e+00,3.9234480799658522e-01,1.0133990337425886e-01,-8.2982511886075510e-03
4.3023706791386358e+03,1,1.0000000000000000e+00,-8.0072601867490212e-01,-1.1169938024056908e+01,-1.3196535408334564e+00,-2.1440463673882326e-01,-8.5407689608048898e-02,9.0161603065197996e-03
4.3023706791386358e+03,2,1.0000000000000000e+00,1.3202348727748192e-01,2.7093042009648858e+01,2.7968827994790533e+00,-1.7794017125775693e-01,-1.5932213766203546e-02,-7.1790911791217923e-04

4.3068218607093459e+03,0,1.0000000000000000e+00,2.2292110906403475e+00,-1.5117399124023377e+01,-1.4993014607034290e+00,2.9484039604210521e-01,2.5133465991090403e-01,-1.3300414767235067e-03
4.3068218607093459e+03,1,1.0000000000000000e+00,-1.5691955034740799e+00,-1.1892810931660700e+01,-1.2931487386754477e+00,-1.1692638015380852e-01,-2.3005109039374433e-01,2.6032182190302219e-03
4.3068218607093459e+03,2,1.0000000000000000e+00,-6.6001558715117326e-01,2.7010210055701371e+01,2.7924501993790924e+00,-1.7791401588829173e-01,-2.1283569517153156e-02,-1.2731767423066536e-03

4.3112565297249639e+03,0,1.0000000000000000e+00,3.1962507755495615e+00,-1.3804186213151208e+01,-1.4882948261413695e+00,1.3459566503948373e-01,3.2580925264235927e-01,6.1994581256458129e-03
4.3112565297249639e+03,1,1.0000000000000000e+00,-1.7475910745989811e+00,-1.3099848024539362e+01,-1.2972889191435668e+00,4.3133411897199991e-02,-2.9921062499163198e-01,-4.3762371152840721e-03
4.3112565297249639e+03,2,1.0000000000000000e+00,-1.4486597009354658e+00,2.6904034237707890e+01,2.7855837452851526e+00,-1.7772907693667855e-01,-2.6598627650720630e-02,-1.8232210103616801e-03

4.3164600201118628e+03,0,1.0000000000000000e+00,3.3624452478826621e+00,-1.2141994481026138e+01,-1.4371703748590940e+00,-6.6493543688169177e-02,2.9098814675722395e-01,1.2816905275068544e-02
4.3164600201118628e+03,1,1.0000000000000000e+00,-9.9003740044169675e-01,-1.4607405505649300e+01,-1.3372446266881954e+00,2.4377022643178009e-01,-2.5814591725241742e-01,-1.0346106383146741e-02
4.3164600201118628e+03,2,1.0000000000000000e+00,-2.3724078474258219e+00,2.6749399986692801e+01,2.7744150015475064e+00,-1.7727668274360547e-01,-3.2842229504799925e-02,-2.4707988919217515e-03

4.3215777209563666e+03,0,1.0000000000000000e+00,2.6355846969705214e+00,-1.0989279304167567e+01,-1.3646171115110928e+00,-2.0141398898235086e-01,1.4494418790521227e-01,1.4644585513436684e-02
4.3215777209563666e+03,1,1.0000000000000000e+00,6.4240128680728947e-01,-1.5576208318137043e+01,-1.3955010704729625e+00,3.7799950170863050e-01,-1.0590029418761190e-01,-1.1526037255791675e-02
4.3215777209563666e+03,2,1.0000000000000000e+00,-3.2779859837626408e+00,2.6565487622322010e+01,2.7601181819842733e+00,-1.7658551272627421e-01,-3.9043893717593738e-02,-3.1185482576449558e-03

4.3265060015834315e+03,0,1.0000000000000000e+00,1.5449606492364545e+00,-1.0737294795741523e+01,-1.2985429919892866e+00,-2.2101906610960886e-01,-4.4683628185031528e-02,1.1407746318456913e-02
4.3265060015834315e+03,1,1.0000000000000000e+00,2.6012351805351925e+00,-1.5620917057015239e+01,-1.4446477060367759e+00,3.9674222685075133e-01,8.9763772294832067e-02,-7.6558794352733321e-03
4.3265060015834315e+03,2,1.0000000000000000e+00,-4.1461958297564498e+00,2.6358211852774186e+01,2.7431906980262806e+00,-1.7572316074113700e-01,-4.5080144109793753e-02,-3.7518668831835276e-03

4.3309149184261405e+03,0,1.0000000000000000e+00,7.1914714767946553e-01,-1.1282792781356815e+01,-1.2607508862191525e+00,-1.3925073213216571e-01,-1.9507714834707418e-01,5.3918581666858138e-03
4.3309149184261405e+03,1,1.0000000000000000e+00,4.1998297935914426e+00,-1.4864733929927553e+01,-1.4646475231434009e+00,3.1405856466180965e-01,2.4556601609417211e-01,-1.0733520057933689e-03
4.3309149184261405e+03,2,1.0000000000000000e+00,-4.9189769412556856e+00,2.6147526711301825e+01,2.7253984093627710e+00,-1.7480783252963855e-01,-5.0488867747091090e-02,-4.3185061608923894e-03

4.3368715061385856e+03,0,1.0000000000000000e+00,4.8348980611588743e-01,-1.2797336442744214e+01,-1.2567831308222654e+00,7.2245012823421578e-02,-2.8660609446443752e-01,-3.9070479044988624e-03
4.3368715061385856e+03,1,1.0000000000000000e+00,5.4724974590557647e+00,-1.3027824300564347e+01,-1.4406335832485140e+00,1.0108527862175035e-01,3.4434118215728793e-01,8.9819465716510193e-03
4.3368715061385856e+03,2,1.0000000000000000e+00,-5.9559872651563968e+00,2.5825160743326055e+01,2.6974167140709979e+00,-1.7333029144516640e-01,-5.7735087692843551e-02,-5.0748986671521014e-03

4.3417885917172916e+03,0,1.0000000000000000e+00,1.3101354518505559e+00,-1.4122365273272056e+01,-1.2904813344500745e+00,2.5878390388273281e-01,-2.3282072699116430e-01,-9.1869265653582877e-03
4.3417885917172916e+03,1,1.0000000000000000e+00,5.4946059507513798e+00,-1.1404312445817919e+01,-1.3804567867364823e+00,-8.6929483849696787e-02,2.9648902462753135e-01,1.4882312744486649e-02
4.3417885917172916e+03,2,1.0000000000000000e+00,-6.8047414025866537e+00,2.5526677719107507e+01,2.6709381211867753e+00,-1.7185442003303042e-01,-6.3668297636360116e-02,-5.6953861791283009e-03

4.3466520569968843e+03,0,1.0000000000000000e+00,2.9011585126272630e+00,-1.4916473633562722e+01,-1.3391362446808917e+00,3.8012350528021399e-01,-8.1026303518559550e-02,-9.9928011512273422e-03
4.3466520569968843e+03,1,1.0000000000000000e+00,4.7353380241449212e+00,-1.0286276776099992e+01,-1.3026005871658661e+00,-2.0997557127321231e-01,1.5057169584671221e-01,1.6307172957105025e-02
4.3466520569968843e+03,2,1.0000000000000000e+00,-7.6364965367568765e+00,2.5202750409680281e+01,2.6417368318469765e+00,-1.7014793400699607e-01,-6.9545392328145716e-02,-6.3143718058776242e-03

4.3514845539202070e+03,0,1.0000000000000000e+00,4.8161328422646994e+00,-1.4842379248413639e+01,-1.3795012657486747e+00,3.9259998242272676e-01,1.1308800613578998e-01,-5.9713279590074102e-03
4.3514845539202070e+03,1,1.0000000000000000e+00,3.6380594477004715e+00,-1.0010113858757071e+01,-1.2302207939424603e+00,-2.2436506176285820e-01,-3.7670208532871258e-02,1.2907385199476127e-02
4.3514845539202070e+03,2,1.0000000000000000e+00,-8.4541922899498374e+00,2.4852493107188309e+01,2.6097220596913542e+00,-1.6823492065986295e-01,-7.5417797602911840e-02,-6.9360572404686578e-03

4.3559685281655911e+03,0,1.0000000000000000e+00,6.4072188592670445e+00,-1.3964596109760585e+01,-1.3916259453396378e+00,3.0229348452765992e-01,2.6977929428343927e-01,9.0501696631004221e-04
4.3559685281655911e+03,1,1.0000000000000000e+00,2.7970487988694877e+00,-1.0537506083028910e+01,-1.1857019857719224e+00,-1.3599427573674683e-01,-1.8891675365346094e-01,6.6068460525403067e-03
4.3559685281655911e+03,2,1.0000000000000000e+00,-9.2042676581211751e+00,2.4502102192807129e+01,2.5773279311117800e+00,-1.6629920879090765e-01,-8.0862540629971752e-02,-7.5118630188502917e-03

4.3603935105711334e+03,0,1.0000000000000000e+00,7.4146696060156003e+00,-1.2554472545246044e+01,-1.3705790953398023e+00,1.4554453039149845e-01,3.5283618444310161e-01,8.5554841640437633e-03
4.3603935105711334e+03,1,1.0000000000000000e+00,2.5209753920016409e+00,-1.1578025384822677e+01,-1.1722663039653933e+00,1.8697765553780166e-02,-2.6665832244184928e-01,-4.8362075991373321e-04
4.3603935105711334e+03,2,1.0000000000000000e+00,-9.9356449980018624e+00,2.4132497930086377e+01,2.5428453993054152e+00,-1.6424229594527279e-01,-8.6177862001245720e-02,-8.0718634041299642e-03

4.3657061690773780e+03,0,1.0000000000000000e+00,7.6268125421720470e+00,-1.0686986890519684e+01,-1.3044742797686877e+00,-6.2344463603926342e-02,3.2698761084345762e-01,1.5702644041631672e-02
4.3657061690773780e+03,1,1.0000000000000000e+00,3.1743454358057779e+00,-1.2970961272615435e+01,-1.1937280873928631e+00,2.2388584050599628e-01,-2.3453491363436219e-01,-6.9697023536569244e-03
4.3657061690773780e+03,2,1.0000000000000000e+00,-1.0801157977962411e+01,2.3657948163152810e+01,2.4982023671617717e+00,-1.6154137690206413e-01,-9.2452697209088969e-02,-8.7329416879746904e-03

4.3706871867113987e+03,0,1.0000000000000000e+00,6.9324638888106556e+00,-9.3598391325378074e+00,-1.2185059557051359e+00,-2.0191961905274075e-01,1.9141187941563612e-01,1.7975022517098038e-02
4.3706871867113987e+03,1,1.0000000000000000e+00,4.6664607758389369e+00,-1.3823108628784761e+01,-1.2346622523363486e+00,3.6065492014148887e-01,-9.3146572333433680e-02,-8.6253965048468627e-03
4.3706871867113987e+03,2,1.0000000000000000e+00,-1.1598924664634151e+01,2.3182947761340287e+01,2.4531682080417063e+00,-1.5873530108874262e-01,-9.8265307082195913e-02,-9.3496260122511131e-03

4.3754717116260472e+03,0,1.0000000000000000e+00,5.8420487032908355e+00,-8.8731186504120352e+00,-1.1369413853481247e+00,-2.3512984435227507e-01,8.8211066795315235e-03,1.5371519281301864e-02
4.3754717116260472e+03,1,1.0000000000000000e+00,6.5093921395988961e+00,-1.3826356512787564e+01,-1.2700707835821505e+00,3.9091874181516656e-01,9.5011306526341557e-02,-5.4268594413994994e-03
4.3754717116260472e+03,2,1.0000000000000000e+00,-1.2351440842874261e+01,2.2699475163217350e+01,2.4070121689304966e+00,-1.5578889746288582e-01,-1.0383241320586660e-01,-9.9446598399022985e-03

4.3801771987353686e+03,0,1.0000000000000000e+00,4.8745574914976064e+00,-9.2390403932837515e+00,-1.0781162716871542e+00,-1.5923855953057622e-01,-1.5661781832626095e-01,9.1887454866713455e-03
4.3801771987353686e+03,1,1.0000000000000000e+00,8.2027256152772328e+00,-1.2958997630089549e+01,-1.2807253970139558e+00,3.1192934967325070e-01,2.6590750914548955e-01,1.3398222405872177e-03
4.3801771987353686e+03,2,1.0000000000000000e+00,-1.3077283106759340e+01,2.2198038023391089e+01,2.3588416687013312e+00,-1.5269079014266901e-01,-1.0928969081922199e-01,-1.0528567727258501e-02

4.3847804910790928e+03,0,1.0000000000000000e+00,4.4730158080373759e+00,-1.0206298820929433e+01,-1.0528228483926214e+00,-5.9321877111714050e-03,-2.4848028419456786e-01,1.7917813599047944e-03
4.3847804910790928e+03,1,1.0000000000000000e+00,9.2998665189940830e+00,-1.1476482777434221e+01,-1.2562555967686844e+00,1.5543441009468653e-01,3.6303777728359837e-01,9.2981142709538823e-03
4.3847804910790928e+03,2,1.0000000000000000e+00,-1.3772882327015934e+01,2.1682781598381478e+01,2.3090784451615280e+00,-1.4950222238350941e-01,-1.1455749308902395e-01,-1.1089895630858616e-02

4.3894412825515428e+03,0,1.0000000000000000e+00,4.8714333972670296e+00,-1.1383817358768916e+01,-1.0599871890080568e+00,1.7623906601899314e-01,-2.3865180629578769e-01,-4.4494696460567473e-03
4.3894412825515428e+03,1,1.0000000000000000e+00,9.5904084490949639e+00,-9.7528444790961135e+00,-1.1961073950325718e+00,-3.0131640951062688e-02,3.5841743601289294e-01,1.6093215900650555e-02
4.3894412825515428e+03,2,1.0000000000000000e+00,-1.4461841846346449e+01,2.1136661837882876e+01,2.2560945840408508e+00,-1.4610742506792473e-01,-1.1976562971709863e-01,-1.1643746254593749e-02

4.3943429993895388e+03,0,1.0000000000000000e+00,6.1400398625638566e+00,-1.2301941167501642e+01,-1.0906360100098764e+00,3.2937363949780402e-01,-1.1983280465255988e-01,-7.2712529440573034e-03
4.3943429993895388e+03,1,1.0000000000000000e+00,9.0287779331961975e+00,-8.2345315855690906e+00,-1.1069822700488061e+00,-1.8706356414744768e-01,2.4493553575321456e-01,1.9485656867866050e-02
4.3943429993895388e+03,2,1.0000000000000000e+00,-1.5168817795744479e+01,2.0536472753088606e+01,2.1976182800589052e+00,-1.4231007535035051e-01,-1.2510273110064810e-01,-1.2214403923808691e-02

4.3990414457197940e+03,0,1.0000000000000000e+00,7.8625274095432154e+00,-1.2457593991554228e+01,-1.1219612071365890e+00,3.8616635140470768e-01,5.9484073389550335e-02,-5.2933072763252619e-03
4.3990414457197940e+03,1,1.0000000000000000e+00,7.9658799157367159e+00,-7.4792628050430796e+00,-1.0169933537639717e+00,-2.4774889456532756e-01,7.0642391168827950e-02,1.8050044331816256e-02
4.3990414457197940e+03,2,1.0000000000000000e+00,-1.5828407325264328e+01,1.9936856796615217e+01,2.1389545609007836e+00,-1.3841745683937443e-01,-1.3012646455837149e-01,-1.2756737055490942e-02

4.4036740781514700e+03,0,1.0000000000000000e+00,9.5725558765066463e+00,-1.1754898551543809e+01,-1.1340077549712841e+00,3.3450599720862684e-01,2.3893152897310541e-01,6.2392668906280542e-04
4.4036740781514700e+03,1,1.0000000000000000e+00,6.8877497177962947e+00,-7.5677632134474813e+00,-9.4461652372436600e-01,-2.0015418884034519e-01,-1.0390665425275278e-01,1.2664220078336738e-02
4.4036740781514700e+03,2,1.0000000000000000e+00,-1.6460305594287320e+01,1.9322661765009226e+01,2.0786242786958731e+00,-1.3435180836827593e-01,-1.3502487472034572e-01,-1.3288146767399497e-02

4.4082693526408166e+03,0,1.0000000000000000e+00,1.0813499641090186e+01,-1.0348214275996733e+01,-1.1133437985315819e+00,1.9398063460503293e-01,3.5959384049061138e-01,8.4943033806160022e-03
4.4082693526408166e+03,1,1.0000000000000000e+00,6.2545816710639563e+00,-8.3429382361437767e+00,-9.0302310187288293e-01,-6.3835024790468126e-02,-2.1978388716856856e-01,5.3115434522365175e-03
4.4082693526408166e+03,2,1.0000000000000000e+00,-1.7068081312138492e+01,1.8691152512158482e+01,2.0163669004046882e+00,-1.3014560981455919e-01,-1.3980995332203577e-01,-1.3805846832852485e-02

4.4127122879307708e+03,0,1.0000000000000000e+00,1.1288337759060877e+01,-8.6580560219074663e+00,-1.0592198475343508e+00,1.7686946516784680e-02,3.8474230382718411e-01,1.5587325869861234e-02
4.4127122879307708e+03,1,1.0000000000000000e+00,6.3486920513555667e+00,-9.4018759128387845e+00,-8.9472512693886574e-01,1.0825980207940952e-01,-2.4043178304039814e-01,-1.2966629591156242e-03
4.4127122879307708e+03,2,1.0000000000000000e+00,-1.7637029810400772e+01,1.8059931934764251e+01,1.9539449744734401e+00,-1.2594674859618862e-01,-1.4431052078677914e-01,-1.4290662910745575e-02

4.4175642638966774e+03,0,1.0000000000000000e+00,1.0931766662902174e+01,-6.9471395125201383e+00,-9.7053040044584615e-01,-1.5600430599413076e-01,3.0299549356475414e-01,2.0274626934408107e-02
4.4175642638966774e+03,1,1.0000000000000000e+00,7.3049062040032311e+00,-1.0401052808618122e+01,-9.1283113994244780e-01,2.7719922015780141e-01,-1.5395862017458034e-01,-5.4735985029531579e-03
4.4175642638966774e+03,2,1.0000000000000000e+00,-1.8236672866889705e+01,1.7348192321156294e+01,1.8833615403885176e+00,-1.2119491416366496e-01,-1.4903687339016675e-01,-1.4801028431454923e-02

4.4221360721773681e+03,0,1.0000000000000000e+00,9.9735574909084974e+00,-5.8934304219612912e+00,-8.7583050740913637e-01,-2.4822653365199154e-01,1.4933845042896160e-01,2.0419810263132540e-02
4.4221360721773681e+03,1,1.0000000000000000e+00,8.8065706706107427e+00,-1.0763551902917399e+01,-9.3879159776662779e-01,3.6473618464154378e-01,3.9791308138578674e-03,-5.1515699461000472e-03
4.4221360721773681e+03,2,1.0000000000000000e+00,-1.8780128161503516e+01,1.6656982324896749e+01,1.8146221051759877e+00,-1.1650965098954652e-01,-1.5331758124281236e-01,-1.5268240317032465e-02

4.4271926907878533e+03,0,1.0000000000000000e+00,8.6990166313080017e+00,-5.6365408614549342e+00,-7.8237766640024731e-01,-2.3474618723433432e-01,-4.6043183047387304e-02,1.5805756556713187e-02
4.4271926907878533e+03,1,1.0000000000000000e+00,1.0656595916911622e+01,-1.0233517127119100e+01,-9.5375435335204140e-01,3.4580695059506489e-01,2.0394936924174550e-01,-3.1241198003142956e-05
4.4271926907878533e+03,2,1.0000000000000000e+00,-1.9355612548203865e+01,1.5870057988592132e+01,1.7361320197525121e+00,-1.1106076336072493e-01,-1.5790618619435109e-01,-1.5774515358710009e-02

4.4320158312907006e+03,0,1.0000000000000000e+00,7.8218475755493593e+00,-6.2316261149473906e+00,-7.2331237857790431e-01,-1.1412937911277617e-01,-1.8808481932252044e-01,8.4145245123051389e-03
4.4320158312907006e+03,1,1.0000000000000000e+00,1.2056421432663772e+01,-8.8665066951883418e+00,-9.3559566364414726e-01,2.1976646322093385e-01,3.5025082548437936e-01,7.8307007329770015e-03
4.4320158312907006e+03,2,1.0000000000000000e+00,-1.9878269008197343e+01,1.5098132810153858e+01,1.6589080422222751e+00,-1.0563708410815195e-01,-1.6216600616185173e-01,-1.6245225245282120e-02

4.4366427591435577e+03,0,1.0000000000000000e+00,7.6847503117553941e+00,-7.2467493036360651e+00,-7.0163485173590101e-01,5.9580696389374715e-02,-2.3331508797676570e-01,1.1564267022784770e-03
4.4366427591435577e+03,1,1.0000000000000000e+00,1.2669971716186325e+01,-7.0918593808906927e+00,-8.8109653551958689e-01,4.0711299106309135e-02,3.9942690736674369e-01,1.5522400363466429e-02
4.4366427591435577e+03,2,1.0000000000000000e+00,-2.0354722027925909e+01,1.4338608684544919e+01,1.5827313872557121e+00,-1.0029199549567810e-01,-1.6611181938997077e-01,-1.6678827065744879e-02

4.4411874018468034e+03,0,1.0000000000000000e+00,8.3494583205210731e+00,-8.2114166754424858e+00,-7.0858822783696018e-01,2.2751442994231175e-01,-1.7475837959821713e-01,-3.6648851945496122e-03
4.4411874018468034e+03,1,1.0000000000000000e+00,1.2448924498578812e+01,-5.3638243890131800e+00,-7.9741686268640222e-01,-1.3257945664051612e-01,3.4455222365195026e-01,2.0748022057569093e-02
4.4411874018468034e+03,2,1.0000000000000000e+00,-2.0798382819084047e+01,1.3575241064473861e+01,1.5060050905235860e+00,-9.4934973301789807e-02,-1.6979384405372597e-01,-1.7083136863019446e-02

4.4458203987801726e+03,0,1.0000000000000000e+00,9.6936323863347340e+00,-8.7097235021885755e+00,-7.2934629130593920e-01,3.3866750234873944e-01,-2.9172720272319042e-02,-4.5413297629942114e-03
4.4458203987801726e+03,1,1.0000000000000000e+00,1.1531674132593178e+01,-4.0706112584115655e+00,-6.9659907516146069e-01,-2.4933377257696443e-01,2.0249019288218134e-01,2.2015635544429132e-02
4.4458203987801726e+03,2,1.0000000000000000e+00,-2.1225306518912053e+01,1.2780334760618368e+01,1.4259453664676238e+00,-8.9333729771769232e-02,-1.7331747260985514e-01,-1.7474305781434885e-02

4.4503279177073609e+03,0,1.0000000000000000e+00,1.1289569927839930e+01,-8.4398342651451603e+00,-7.4360091187049793e-01,3.5241128731889687e-01,1.5051022737568395e-01,-1.1264407136778263e-03
4.4503279177073609e+03,1,1.0000000000000000e+00,1.0325783066202387e+01,-3.5519377907175240e+00,-6.0275296360547725e-01,-2.6871404927385850e-01,2.6029421278385673e-02,1.8964637244390112e-02
4.4503279177073609e+03,2,1.0000000000000000e+00,-2.1615352994026434e+01,1.1991772055880945e+01,1.3463538754761992e+00,-8.3697238045032568e-02,-1.7653964865406252e-01,-1.7838196530712246e-02

4.4549413449806798e+03,0,1.0000000000000000e+00,1.2747962130281685e+01,-7.3494326844487219e+00,-7.3403689427121621e-01,2.6387455866414206e-01,3.1372424078724759e-01,5.6731115825275850e-03
4.4549413449806798e+03,1,1.0000000000000000e+00,9.2398126879730285e+00,-3.8206107280704562e+00,-5.2919194993149499e-01,-1.8615330099428834e-01,-1.3405612398438405e-01,1.2522120070352536e-02
4.4549413449806798e+03,2,1.0000000000000000e+00,-2.1987774818238805e+01,1.1170043412537471e+01,1.2632288442029356e+00,-7.7721257669847832e-02,-1.7966811680285621e-01,-1.8195231652880083e-02

4.4595648397730156e+03,0,1.0000000000000000e+00,1.3608130959616844e+01,-5.6579682545602719e+00,-6.8935632694232984e-01,9.9662359239330089e-02,4.0192925594108514e-01,1.3620967124180162e-02
4.4595648397730156e+03,1,1.0000000000000000e+00,8.7248143632937918e+00,-4.6744279290143211e+00,-4.8895428819894204e-01,-2.8092838852570412e-02,-2.1928082002512367e-01,4.9136761044388019e-03
4.4595648397730156e+03,2,1.0000000000000000e+00,-2.2332945322894702e+01,1.0332396183592914e+01,1.1783106151414966e+00,-7.1569520386753765e-02,-1.8264843591595403e-01,-1.8534643228618919e-02

4.4640821329745340e+03,0,1.0000000000000000e+00,1.3646366993951521e+01,-3.8366492469041433e+00,-6.1255850152913627e-01,-8.1112360177354015e-02,3.8733173147227967e-01,1.9950879041524251e-02
4.4640821329745340e+03,1,1.0000000000000000e+00,8.9961278685221959e+00,-5.6644267231637757e+00,-4.8131808992234176e-01,1.4658349267111670e-01,-2.0195359141053520e-01,-1.1069184128135422e-03
4.4640821329745340e+03,2,1.0000000000000000e+00,-2.2642494862457760e+01,9.5010759700862799e+00,1.0938765914517026e+00,-6.5471132493756801e-02,-1.8537814006173722e-01,-1.8843960628710670e-02

4.4684875727367962e+03,0,1.0000000000000000e+00,1.2957031331279426e+01,-2.3321376685274267e+00,-5.1682614456656273e-01,-2.2197472269822674e-01,2.8291715721104227e-01,2.2871425030030923e-02
4.4684875727367962e+03,1,1.0000000000000000e+00,9.9606879227417195e+00,-6.3468085339722347e+00,-4.9341306786298389e-01,2.8144027262248250e-01,-9.5101945346968031e-02,-3.7491836756860242e-03
4.4684875727367962e+03,2,1.0000000000000000e+00,-2.2917719254005156e+01,8.6789462025180519e+00,1.0102392124297714e+00,-5.9465549924249683e-02,-1.8781521186406669e-01,-1.9122241354344861e-02

4.4729126954046324e+03,0,1.0000000000000000e+00,1.1797668481945006e+01,-1.4252257440612928e+00,-4.1656848569786598e-01,-2.8691768802589662e-01,1.2123782078904893e-01,2.1761979565725301e-02
4.4729126954046324e+03,1,1.0000000000000000e+00,1.1369690491286478e+01,-6.4176622018025142e+00,-5.0847564374937282e-01,3.4026100369694773e-01,6.8773828089918110e-02,-2.3826245092491045e-03
4.4729126954046324e+03,2,1.0000000000000000e+00,-2.3167358973215475e+01,7.8428879458822331e+00,9.2504412944746339e-01,-5.3343315671045000e-02,-1.9001164887895949e-01,-1.9379355056476151e-02

4.4781048126514752e+03,0,1.0000000000000000e+00,1.0367500426354479e+01,-1.3192167426258319e+00,-3.1710127033169611e-01,-2.4233596736817054e-01,-7.5189007884126080e-02,1.5867798831339087e-02
4.4781048126514752e+03,1,1.0000000000000000e+00,1.3057799143767413e+01,-5.5310724329370631e+00,-5.0659638546830388e-01,2.8831458350085304e-01,2.6747556109494536e-01,3.7867936392464233e-03
4.4781048126514752e+03,2,1.0000000000000000e+00,-2.3425299570105846e+01,6.8502891755813593e+00,8.2369765580022480e-01,-4.5978616132676391e-02,-1.9228655321081173e-01,-1.9654592470585461e-02

4.4830536612446613e+03,0,1.0000000000000000e+00,9.4980811915658521e+00,-2.0344461851231168e+00,-2.5816722316731500e-01,-9.5891876837053663e-02,-1.9810377055956596e-01,7.8044472769402684e-03
4.4830536612446613e+03,1,1.0000000000000000e+00,1.4136979536239128e+01,-3.8594152077786816e+00,-4.6766807297667468e-01,1.3465794168009163e-01,3.9230490523103512e-01,1.2086060441572941e-02
4.4830536612446613e+03,2,1.0000000000000000e+00,-2.3635060727788911e+01,5.8938613929202992e+00,7.2583529614421460e-01,-3.8766064843031987e-02,-1.9420113467146163e-01,-1.9890507718513174e-02

4.4878181631321568e+03,0,1.0000000000000000e+00,9.4762925107539822e+00,-3.0537063603332397e+00,-2.3869271278797544e-01,8.8185581988555681e-02,-2.1063941447569456e-01,7.2785570501332497e-04
4.4878181631321568e+03,1,1.0000000000000000e+00,1.4326697099711033e+01,-1.9109164101784679e+00,-3.9188545649980322e-01,-5.6469001408240085e-02,4.0646897043841868e-01,1.9363277518930421e-02
4.4878181631321568e+03,2,1.0000000000000000e+00,-2.3802989610448915e+01,4.9646227705302417e+00,6.3057816928800392e-01,-3.1716580580309503e-02,-1.9582955596271651e-01,-2.0091133223943701e-02

4.4918642522786931e+03,0,1.0000000000000000e+00,1.0126985586475037e+01,-3.7763375504005801e+00,-2.4383661424925196e-01,2.2696599701625814e-01,-1.3435391407679814e-01,-2.7697745682958852e-03
4.4918642522786931e+03,1,1.0000000000000000e+00,1.3792185194202325e+01,-3.9346662447891800e-01,-3.0514391803022356e-01,-2.0125345827840885e-01,3.3137383379121371e-01,2.3009276661656870e-02
4.4918642522786931e+03,2,1.0000000000000000e+00,-2.3919170780661240e+01,4.1698041748980650e+00,5.4898053227970078e-01,-2.5712538737843120e-02,-1.9701991971440799e-01,-2.0239502093360933e-02

4.4973357693587368e+03,0,1.0000000000000000e+00,1.1689609008575360e+01,-4.0174458841426883e+00,-2.6030278134824136e-01,3.2199256726664133e-01,5.7699430797660128e-02,-2.1863543613216442e-03
4.4973357693587368e+03,1,1.0000000000000000e+00,1.2348030611371165e+01,9.2928954926585927e-01,-1.7746115992987205e-01,-3.0440667205737376e-01,1.4058371331725525e-01,2.2593417399226899e-02
4.4973357693587368e+03,2,1.0000000000000000e+00,-2.4037639619930353e+01,3.0881563348954382e+00,4.3776394127833906e-01,-1.7585895209261328e-02,-1.9828314411490763e-01,-2.0407063037905206e-02

4.5021394328278775e+03,0,1.0000000000000000e+00,1.3195832952516657e+01,-3.2814929340992478e+00,-2.5958000823962335e-01,2.8604741492659880e-01,2.4537985944314447e-01,3.1145059144367521e-03
4.5021394328278775e+03,1,1.0000000000000000e+00,1.0909026574940201e+01,1.1477655726009388e+00,-7.9865942948484481e-02,-2.7566341042724374e-01,-4.6341690302962785e-02,1.7408058335054780e-02
4.5021394328278775e+03,2,1.0000000000000000e+00,-2.4104859527440674e+01,2.1337273615169581e+00,3.3944595118833343e-01,-1.0384004499348842e-02,-1.9903816914017389e-01,-2.0522564249491476e-02

4.5068947404541295e+03,0,1.0000000000000000e+00,1.4266264747441834e+01,-1.7633421741991362e+00,-2.2672945980037656e-01,1.5056108764817513e-01,3.7970292152157148e-01,1.0908986421228553e-02
4.5068947404541295e+03,1,1.0000000000000000e+00,9.8707918932879828e+00,5.7727962636918839e-01,-1.4912077522574479e-02,-1.4742383520348454e-01,-1.8021479957847109e-01,9.6983565058320498e-03
4.5068947404541295e+03,2,1.0000000000000000e+00,-2.4137056640713599e+01,1.1860625478486322e+00,2.4164153732317686e-01,-3.1372524446843519e-03,-1.9948812194309237e-01,-2.0607342927060547e-02

4.5117060158349523e+03,0,1.0000000000000000e+00,1.4540962082639528e+01,1.9356688874787120e-01,-1.5515408524731139e-01,-3.9891335254487431e-02,4.1448137820382686e-01,1.8553252131762451e-02
4.5117060158349523e+03,1,1.0000000000000000e+00,9.5933463729741995e+00,-4.1925589658470197e-01,1.2806336579517408e-02,3.5602807129618358e-02,-2.1479132591327793e-01,2.1098870299096524e-03
4.5117060158349523e+03,2,1.0000000000000000e+00,-2.4134308455597488e+01,2.2568900785555290e-01,1.4234774866802002e-01,4.2885281248752072e-03,-1.9969005229054090e-01,-2.0663139161672051e-02

4.5161279607937759e+03,0,1.0000000000000000e+00,1.3987707586707405e+01,1.9076108020058766e+00,-6.2084492661075075e-02,-2.0378945813982924e-01,3.4566369095021693e-01,2.2970442777387409e-02
4.5161279607937759e+03,1,1.0000000000000000e+00,1.0112527435063331e+01,-1.2502640691466647e+00,1.1173246562180800e-02,1.9267332455846337e-01,-1.4600157763520111e-01,-2.2818425976624014e-03
4.5161279607937759e+03,2,1.0000000000000000e+00,-2.4100235021754468e+01,-6.5734673284045264e-01,5.0911246099120552e-02,1.1116133581371618e-02,-1.9966211331500772e-01,-2.0688600179724941e-02

4.5204196302397868e+03,0,1.0000000000000000e+00,1.2869737375639003e+01,3.1130828601630967e+00,3.9146537973538856e-02,-3.0465940107045159e-01,2.0731507633317159e-01,2.3550375211183597e-02
4.5204196302397868e+03,1,1.0000000000000000e+00,1.1168667409257768e+01,-1.5993068723108923e+00,-1.2576079553738018e-03,2.8697217402866676e-01,-7.9053193569320057e-03,-2.8602243758252474e-03
4.5204196302397868e+03,2,1.0000000000000000e+00,-2.4038404784880473e+01,-1.5137759878334087e+00,-3.7888930017938513e-02,1.7687227041790321e-02,-1.9940975697623142e-01,-2.0690150835358287e-02

4.5257250153155492e+03,0,1.0000000000000000e+00,1.1174204374812287e+01,3.6624816648588681e+00,1.5459183526539350e-01,-3.1138147957578555e-01,-5.2112868344930674e-04,1.9107951444944222e-02
4.5257250153155492e+03,1,1.0000000000000000e+00,1.2748972895192466e+01,-1.0923645028715079e+00,-6.9993030597764183e-03,2.8563734619337733e-01,1.9925550894317282e-01,1.5511192115786020e-03
4.5257250153155492e+03,2,1.0000000000000000e+00,-2.3923177269988432e+01,-2.5701171619685219e+00,-1.4759253220539020e-01,2.5744133382413881e-02,-1.9873438025971532e-01,-2.0659070656522751e-02

4.5305887020036444e+03,0,1.0000000000000000e+00,9.8835703527283698e+00,3.2543499770539652e+00,2.3005264228298869e-01,-2.0339646631862071e-01,-1.5593951314802640e-01,1.1580148490805561e-02
4.5305887020036444e+03,1,1.0000000000000000e+00,1.3896435993449098e+01,2.8008231113652560e-01,1.7878651932568518e-02,1.7026034473137755e-01,3.5368467324431679e-01,9.0153233950100650e-03
4.5305887020036444e+03,2,1.0000000000000000e+00,-2.3780006346161130e+01,-3.5344322881716117e+00,-2.4793129421533003e-01,3.3136121587248740e-02,-1.9774516009628221e-01,-2.0595471885815564e-02

4.5355482412147285e+03,0,1.0000000000000000e+00,9.3076190748954026e+00,2.2764327397491231e+00,2.6664444885785643e-01,-2.2146982598300696e-02,-2.1889714679414529e-01,3.3526557638281183e-03
4.5355482412147285e+03,1,1.0000000000000000e+00,1.4289254415793295e+01,2.2355419592479855e+00,8.3195589759813587e-02,-1.8573902653173574e-02,4.1530982813870809e-01,1.7142000145038680e-02
4.5355482412147285e+03,2,1.0000000000000000e+00,-2.3596873490672312e+01,-4.5119746989781877e+00,-3.4984003861744262e-01,4.0720885251479738e-02,-1.9641268134455461e-01,-2.0494655908866722e-02

4.5403161924758087e+03,0,1.0000000000000000e+00,9.6365696065742341e+00,1.3180539927878678e+00,2.6806777692209333e-01,1.5459565500830874e-01,-1.6466199543208204e-01,-2.1485454049602649e-03
4.5403161924758087e+03,1,1.0000000000000000e+00,1.3748760258609353e+01,4.1268398684626497e+00,1.7919529920243069e-01,-2.0260087584205866e-01,3.5953983849147064e-01,2.2514970836427253e-02
4.5403161924758087e+03,2,1.0000000000000000e+00,-2.3385329865167186e+01,-5.4448938612315576e+00,-4.4726307612429644e-01,4.8005220833755170e-02,-1.9487784305938050e-01,-2.0366425431466922e-02

4.5447026997234789e+03,0,1.0000000000000000e+00,1.0578331161221662e+01,8.6573553778565504e-01,2.5448504591918408e-01,2.6224560322444518e-01,-3.1198074723800512e-02,-3.3539860191170966e-03
4.5447026997234789e+03,1,1.0000000000000000e+00,1.2581880197427418e+01,5.4305123803353919e+00,2.8181339982577214e-01,-3.1686164274800460e-01,2.2445434920228510e-01,2.3579138019772704e-02
4.5447026997234789e+03,2,1.0000000000000000e+00,-2.3160211358632651e+01,-6.2962479181020514e+00,-5.3629844574472862e-01,5.4616039523564815e-02,-1.9325627447847651e-01,-2.0225152000655545e-02

4.5498358722312096e+03,0,1.0000000000000000e+00,1.2016365663690159e+01,1.2164773703637763e+00,2.4460326769140928e-01,2.7605089741383254e-01,1.6968992635808783e-01,3.5577706223543712e-04
4.5498358722312096e+03,1,1.0000000000000000e+00,1.0843980713940853e+01,6.0663018323077775e+00,3.9503243474964483e-01,-3.3824068123083012e-01,2.1369678461252317e-02,1.9676335600964070e-02
4.5498358722312096e+03,2,1.0000000000000000e+00,-2.2860346377614555e+01,-7.2827792026525202e+00,-6.3963570244082602e-01,6.2189783817003026e-02,-1.9105960481933210e-01,-2.0032112663199438e-02

4.5546867510188358e+03,0,1.0000000000000000e+00,1.3147302131225359e+01,2.4594135792535816e+00,2.6278280234552875e-01,1.7340871875976771e-01,3.3251319698810106e-01,7.5336232312906669e-03
4.5546867510188358e+03,1,1.0000000000000000e+00,9.3942746104455477e+00,5.7444396441420809e+00,4.7351977774712328e-01,-2.4263300169925572e-01,-1.4387541149077043e-01,1.2283956176414980e-02
4.5546867510188358e+03,2,1.0000000000000000e+00,-2.2541576741654431e+01,-8.2038532233765871e+00,-7.3630258009242355e-01,6.9224282939493453e-02,-1.8863778549732241e-01,-1.9817579407705586e-02

4.5595414557163958e+03,0,1.0000000000000000e+00,1.3573990580193296e+01,4.3010055483463727e+00,3.1918757865103581e-01,-5.5371604570943200e-03,4.0799244350286712e-01,1.5592126927148032e-02
4.5595414557163958e+03,1,1.0000000000000000e+00,8.6145462089597604e+00,4.8120553378940674e+00,5.1272988285834464e-01,-7.0675853674234318e-02,-2.2211523610207773e-01,3.9747989287798255e-03
4.5595414557163958e+03,2,1.0000000000000000e+00,-2.2188536789136556e+01,-9.1130608862213229e+00,-8.3191746150915180e-01,7.6213014131334106e-02,-1.8587720740078115e-01,-1.9566925855927769e-02

4.5642155318571258e+03,0,1.0000000000000000e+00,1.3108967991786766e+01,6.1640323940615023e+00,4.0679263347490335e-01,-1.8985615327885849e-01,3.7109847296772758e-01,2.1357807130853779e-02
4.5642155318571258e+03,1,1.0000000000000000e+00,8.7076894930108928e+00,3.8110888912013978e+00,5.1595360844893823e-01,1.0695579038003775e-01,-1.8814478572131466e-01,-2.0646060095568172e-03
4.5642155318571258e+03,2,1.0000000000000000e+00,-2.1816657484781132e+01,-9.9751212852437448e+00,-9.2274624192361232e-01,8.2900362898825880e-02,-1.8295368724640476e-01,-1.9293201121296889e-02

4.5685282948256327e+03,0,1.0000000000000000e+00,1.1995385354252193e+01,7.5313187840496099e+00,5.0414827955518882e-01,-3.1568786734850490e-01,2.5172997315241624e-01,2.3136115642639322e-02
4.5685282948256327e+03,1,1.0000000000000000e+00,9.4505953381337626e+00,3.2266852207197694e+00,5.0121916604894601e-01,2.2671233600123658e-01,-7.1657057709495930e-02,-4.1175909692687043e-03
4.5685282948256327e+03,2,1.0000000000000000e+00,-2.1445980692369407e+01,-1.0758004004750189e+01,-1.0053674456039055e+00,8.8975531347273540e-02,-1.8007291544291193e-01,-1.9018524673370549e-02

4.5743703782271941e+03,0,1.0000000000000000e+00,9.9495095683658139e+00,8.3527473900882452e+00,6.3140141580891651e-01,-3.5688812776282597e-01,2.4935020945048431e-02,1.9292820434172665e-02
4.5743703782271941e+03,1,1.0000000000000000e+00,1.0953224018448845e+01,3.4452198072403588e+00,4.8392375373667240e-01,2.5994223332858513e-01,1.5095914524008178e-01,-6.7310962356401452e-04
4.5743703782271941e+03,2,1.0000000000000000e+00,-2.0902733586798078e+01,-1.1797967197309362e+01,-1.1153251695453590e+00,9.6945894434245977e-02,-1.7589416618512196e-01,-1.8619710810608578e-02

4.5793221075851616e+03,0,1.0000000000000000e+00,8.3665728250844218e+00,8.0281847209602013e+00,7.0942055743152244e-01,-2.6481609673644657e-01,-1.4615905828975662e-01,1.1782158189638150e-02
4.5793221075851616e+03,1,1.0000000000000000e+00,1.2039919964358774e+01,4.6313634534284933e+00,4.9721127010246702e-01,1.6136472204906366e-01,3.1820450892798652e-01,6.4718317123411591e-03
4.5793221075851616e+03,2,1.0000000000000000e+00,-2.0406492789426594e+01,-1.2659548174369416e+01,-1.2066318275337595e+00,1.0345137468738798e-01,-1.7204545063822169e-01,-1.8253989901979233e-02

4.5841638117375815e+03,0,1.0000000000000000e+00,7.4731262792407911e+00,7.0757833522121700e+00,7.4590067397822080e-01,-9.5771950477902643e-02,-2.2969927488122593e-01,3.3628016960359289e-03
4.5841638117375815e+03,1,1.0000000000000000e+00,1.2417426478401740e+01,6.4070154799425705e+00,5.4818103710573729e-01,-1.3879145778847898e-02,3.9766895295811605e-01,1.4500972798262839e-02
4.5841638117375815e+03,2,1.0000000000000000e+00,-1.9890552757625901e+01,-1.3482798832135423e+01,-1.2940817110837275e+00,1.0965109625675569e-01,-1.6796967807688185e-01,-1.7863774494298698e-02

4.5888224436317978e+03,0,1.0000000000000000e+00,7.4502398822356461e+00,6.0271176814017871e+00,7.4570018367003010e-01,8.3156054738430255e-02,-2.0239870481775890e-01,-2.9398963246212145e-03
4.5888224436317978e+03,1,1.0000000000000000e+00,1.1915800361399118e+01,8.2285248882594502e+00,6.3066424434598678e-01,-1.9866674407185014e-01,3.6618083568458848e-01,2.0396102658901509e-02
4.5888224436317978e+03,2,1.0000000000000000e+00,-1.9366040243618112e+01,-1.4255642569641882e+01,-1.3763644280157865e+00,1.1551068933342494e-01,-1.6378213086682128e-01,-1.7456206334280210e-02

4.5932898773983607e+03,0,1.0000000000000000e+00,8.1329128262810642e+00,5.3583752672701692e+00,7.2571964142529377e-01,2.1101472322734599e-01,-8.4448017762520033e-02,-5.2959823356952974e-03
4.5932898773983607e+03,1,1.0000000000000000e+00,1.0704751981271990e+01,9.6196320978526941e+00,7.2771169227586141e-01,-3.3202472237885944e-01,2.4403270046305564e-01,2.2338494484546598e-02
4.5932898773983607e+03,2,1.0000000000000000e+00,-1.8837664807536378e+01,-1.4978007365103469e+01,-1.4534313337009246e+00,1.2100999915151844e-01,-1.5958468270052734e-01,-1.7042512148851219e-02

4.5977913843750184e+03,0,1.0000000000000000e+00,9.2155248278391895e+00,5.3531031399089244e+00,7.0482503068197233e-01,2.5335772401991630e-01,8.6391600107540517e-02,-3.2691215563259990e-03
4.5977913843750184e+03,1,1.0000000000000000e+00,9.0652780452577986e+00,1.0333499558303807e+01,8.2435763586059685e-01,-3.7972209203672969e-01,6.8827587000119400e-02,1.9880676030592567e-02
4.5977913843750184e+03,2,1.0000000000000000e+00,-1.8280802873080290e+01,-1.5686602698193298e+01,-1.5291826665423380e+00,1.2636436801681850e-01,-1.5521918710765181e-01,-1.6611554474266495e-02

4.6027706835148065e+03,0,1.0000000000000000e+00,1.0351853439222101e+01,6.2555695081376399e+00,7.0321434045731279e-01,1.8356226475268772e-01,2.6890973807635088e-01,3.1893979373020138e-03
4.6027706835148065e+03,1,1.0000000000000000e+00,7.2855652288824286e+00,1.0191548448199292e+01,9.0746666467692649e-01,-3.1557154678472815e-01,-1.1869301399951537e-01,1.2930918263877392e-02
4.6027706835148065e+03,2,1.0000000000000000e+00,-1.7637418668087811e+01,-1.6447117956317459e+01,-1.6106810051340077e+00,1.3200928203204554e-01,-1.5021672407682710e-01,-1.6120316201179329e-02

4.6075697093701820e+03,0,1.0000000000000000e+00,1.0879123662343673e+01,7.8369308177589332e+00,7.3767784031016226e-01,2.5296036554621662e-02,3.7425841481088118e-01,1.1220439500939983e-02
4.6075697093701820e+03,1,1.0000000000000000e+00,6.1122636164782458e+00,9.3190648628854262e+00,9.4918669878333861e-01,-1.6248267670415800e-01,-2.2909096922204597e-01,4.4043752968015992e-03
4.6075697093701820e+03,2,1.0000000000000000e+00,-1.6991387278805174e+01,-1.7155995680624848e+01,-1.6868645390932688e+00,1.3718664014954146e-01,-1.4516744558882677e-01,-1.5624814797741506e-02

4.6122018460788131e+03,0,1.0000000000000000e+00,1.0567835547703888e+01,9.6105393270476682e+00,8.0595391298376196e-01,-1.5984008433261465e-01,3.7354280479125079e-01,1.7854030717171718e-02
4.6122018460788131e+03,1,1.0000000000000000e+00,5.7768872495877819e+00,8.2061394324315771e+00,9.5212569020457294e-01,1.7845561350847083e-02,-2.3348740807749635e-01,-2.7353326595230890e-03
4.6122018460788131e+03,2,1.0000000000000000e+00,-1.6344722797274898e+01,-1.7816678759459695e+01,-1.7580796031881023e+00,1.4199452298177309e-01,-1.4005539671374595e-01,-1.5118698057648556e-02

4.6169217332569651e+03,0,1.0000000000000000e+00,9.4171550709196321e+00,1.1162440608200320e+01,8.9955515834326949e-01,-3.1741299974097054e-01,2.6845371571679710e-01,2.1063348730420005e-02
4.6169217332569651e+03,1,1.0000000000000000e+00,6.2461181547220033e+00,7.3025814581620443e+00,9.2861303951227547e-01,1.7067807504051069e-01,-1.3380831817798117e-01,-6.4863812763073549e-03
4.6169217332569651e+03,2,1.0000000000000000e+00,-1.5663273225624836e+01,-1.8465022066342776e+01,-1.8281681978553124e+00,1.4673492470046529e-01,-1.3464539753880753e-01,-1.4576967454112588e-02

4.6216087900207895e+03,0,1.0000000000000000e+00,7.7197403629075776e+00,1.2030813843411771e+01,9.9651929936800610e-01,-3.8984926221593907e-01,9.5130806380158195e-02,1.9511251160040276e-02
4.6216087900207895e+03,1,1.0000000000000000e+00,7.2451029634190833e+00,7.0524520258991972e+00,8.9867951020148507e-01,2.3859614018839792e-01,3.4017634759230586e-02,-5.4872855943605310e-03
4.6216087900207895e+03,2,1.0000000000000000e+00,-1.4964843326309840e+01,-1.9083265869291335e+01,-1.8951988095692585e+00,1.5125312202754662e-01,-1.2914844113938012e-01,-1.4023965565679676e-02

4.6262154648042024e+03,0,1.0000000000000000e+00,5.9609158610221780e+00,1.2045588527818127e+01,1.0745998558428784e+00,-3.5644748517204100e-01,-8.5238520887890662e-02,1.3814673599368808e-02
4.6262154648042024e+03,1,1.0000000000000000e+00,8.2973911012905948e+00,7.6200249972711429e+00,8.8393876564982143e-01,2.0100153187259978e-01,2.0890445246236691e-01,-3.4032896986295989e-04
4.6262154648042024e+03,2,1.0000000000000000e+00,-1.4258306962295928e+01,-1.9665613525069595e+01,-1.9585386214924667e+00,1.5544595329944666e-01,-1.2366593157446734e-01,-1.3474344629505789e-02

4.6309244507395379e+03,0,1.0000000000000000e+00,4.5543423152371307e+00,1.1298249282809774e+01,1.1207322077948776e+00,-2.2789585873000232e-01,-2.1927179715592138e-01,5.5808354645410282e-03
4.6309244507395379e+03,1,1.0000000000000000e+00,8.9624490053444994e+00,8.9363128127362845e+00,8.9991938529142157e-01,6.8454056387690004e-02,3.3722713121139747e-01,7.3233092051325881e-03
4.6309244507395379e+03,2,1.0000000000000000e+00,-1.3516791320564755e+01,-2.0234562095526339e+01,-2.0206515930860665e+00,1.5944180234231778e-01,-1.1795533405546710e-01,-1.2904144669673540e-02

4.6354776836136980e+03,0,1.0000000000000000e+00,3.9044892108094711e+00,1.0171572473471400e+01,1.1278760655008879e+00,-5.3896157000434042e-02,-2.5875063238149698e-01,-2.1945441944905969e-03
4.6354776836136980e+03,1,1.0000000000000000e+00,8.8780307086240811e+00,1.0587213341599996e+01,9.5024533885315388e-01,-1.0915118704252663e-01,3.7103146771148210e-01,1.4530447363129910e-02
4.6354776836136980e+03,2,1.0000000000000000e+00,-1.2782519919416655e+01,-2.0758785815051631e+01,-2.0781214043538090e+00,1.6304734404296589e-01,-1.1228083532997607e-01,-1.2335903168639235e-02

4.6402569865050655e+03,0,1.0000000000000000e+00,4.0781327849718920e+00,9.0545475435872618e+00,1.1030983807795547e+00,1.1946680867332715e-01,-1.9080443833520067e-01,-7.4943549205801823e-03
4.6402569865050655e+03,1,1.0000000000000000e+00,7.9165371618132339e+00,1.2226269282640779e+01,1.0325080610426611e+00,-2.8607810812565426e-01,2.9695033672129606e-01,1.9210422139995381e-02
4.6402569865050655e+03,2,1.0000000000000000e+00,-1.1994669946768202e+01,-2.1280816826208230e+01,-2.1356064418219818e+00,1.6661129945233230e-01,-1.0614589838608635e-01,-1.1716067219415125e-02

4.6450035019162342e+03,0,1.0000000000000000e+00,4.9233066602168734e+00,8.4908949407478360e+00,1.0641701559106802e+00,2.2063121533837876e-01,-3.6183336050505194e-02,-8.0569476744552539e-03
4.6450035019162342e+03,1,1.0000000000000000e+00,6.2725272204571727e+00,1.3279013519439378e+01,1.1255486737166234e+00,-3.9058533484598251e-01,1.3610775267794337e-01,1.9139950397406316e-02
4.6450035019162342e+03,2,1.0000000000000000e+00,-1.1195833880657098e+01,-2.1769908460167368e+01,-2.1897188296270693e+00,1.6995411950760894e-01,-9.9924416627429180e-02,-1.1083002722950992e-02

4.6496311138802675e+03,0,1.0000000000000000e+00,5.9735541166541903e+00,8.7423826118427250e+00,1.0348081871716763e+00,2.1509035823580466e-01,1.4441976767497008e-01,-3.9499217464760584e-03
4.6496311138802675e+03,1,1.0000000000000000e+00,4.4286673819682987e+00,1.3475802720362360e+01,1.2047599327679899e+00,-3.8808585879113233e-01,-5.0606938218336089e-02,1.4411319246450184e-02
4.6496311138802675e+03,2,1.0000000000000000e+00,-1.0402221498605511e+01,-2.2218185332185200e+01,-2.2395681199394315e+00,1.7299550055533289e-01,-9.3812829456625196e-02,-1.0461397499974051e-02

4.6540524873594995e+03,0,1.0000000000000000e+00,6.7333823656821767e+00,9.7154262248264942e+00,1.0317847921493195e+00,1.1507623189638097e-01,2.8638401330634755e-01,2.8836275405457502e-03
4.6540524873594995e+03,1,1.0000000000000000e+00,2.8979919920868644e+00,1.2904609011593060e+01,1.2527268588478100e+00,-2.9072830452680787e-01,-1.9842416432176885e-01,6.9851545381695787e-03
4.6540524873594995e+03,2,1.0000000000000000e+00,-9.6313743577520459e+00,-2.2620035236399623e+01,-2.2845116509968961e+00,1.7565207263043212e-01,-8.7959848984569794e-02,-9.8687820787152526e-03

4.6584781405004278e+03,0,1.0000000000000000e+00,6.8998123026478613e+00,1.1165163999715197e+01,1.0612650224649198e+00,-4.6351713112766008e-02,3.5375040112256717e-01,1.0339263709558278e-02
4.6584781405004278e+03,1,1.0000000000000000e+00,1.9487928871341325e+00,1.1831116863238217e+01,1.2656048533264479e+00,-1.3169431167978915e-01,-2.7169216673238172e-01,-1.0672483595825198e-03
4.6584781405004278e+03,2,1.0000000000000000e+00,-8.8486051897649727e+00,-2.2996280862933453e+01,-2.3268698757911328e+00,1.7804602479256040e-01,-8.2058234390176676e-02,-9.2720153499756819e-03

4.6636973151146340e+03,0,1.0000000000000000e+00,6.1183171835811487e+00,1.2956914113897000e+01,1.1337400157028419e+00,-2.4867858219591699e-01,3.1062893085501275e-01,1.6747424199039757e-02
4.6636973151146340e+03,1,1.0000000000000000e+00,1.7943473963847039e+00,1.0449241939374598e+01,1.2396536274867986e+00,6.8121255286489435e-02,-2.3564627346342726e-01,-8.1949661283359058e-03
4.6636973151146340e+03,2,1.0000000000000000e+00,-7.9126645799488040e+00,-2.3406156053251589e+01,-2.3733936431894054e+00,1.8055732690943288e-01,-7.4982657391576613e-02,-8.5524580707037837e-03

4.6686063722361223e+03,0,1.0000000000000000e+00,4.5401251688948623e+00,1.4155689033079550e+01,1.2212807873213993e+00,-3.7934415844939257e-01,1.6424962018100173e-01,1.8029828757984877e-02
4.6686063722361223e+03,1,1.0000000000000000e+00,2.4809047501889201e+00,9.6019688984101990e+00,1.1923977396718499e+00,1.9667745090013306e-01,-9.6041859354284748e-02,-1.0172082265942916e-02
4.6686063722361223e+03,2,1.0000000000000000e+00,-7.0210299190667094e+00,-2.3757657931469709e+01,-2.4136785269930137e+00,1.8266670754926503e-01,-6.8207760826708153e-02,-7.8577464920418956e-03

4.6731908072629349e+03,0,1.0000000000000000e+00,2.7035957546391822e+00,1.4496772089636657e+01,1.2973935591398122e+00,-4.0440071337770683e-01,-1.7781904235892126e-02,1.4450084020581615e-02
4.6731908072629349e+03,1,1.0000000000000000e+00,3.4758770044629461e+00,9.5589820946567663e+00,1.1508073773290692e+00,2.1996398439204651e-01,7.9621378853929864e-02,-7.2469756182477613e-03
4.6731908072629349e+03,2,1.0000000000000000e+00,-6.1794727590850300e+00,-2.4055754184273336e+01,-2.4482009364686452e+00,1.8443672898566568e-01,-6.1839474618028856e-02,-7.2031084023337858e-03

4.6774794069757709e+03,0,1.0000000000000000e+00,1.0881024500356464e+00,1.4070677116466813e+01,1.3460412820689125e+00,-3.3500497467592427e-01,-1.7454880743222864e-01,7.8476378883718702e-03
4.6774794069757709e+03,1,1.0000000000000000e+00,4.2971937087630367e+00,1.0237545951469375e+01,1.1317450767794670e+00,1.4911032624147846e-01,2.3045566083221150e-01,-1.2523514998459585e-03
4.6774794069757709e+03,2,1.0000000000000000e+00,-5.3852961587815633e+00,-2.4308223067916057e+01,-2.4777863588481432e+00,1.8589464843445125e-01,-5.5906853399974171e-02,-6.5952863885258371e-03

4.6831218055518657e+03,0,1.0000000000000000e+00,-3.0021690811958202e-01,1.2702972797585485e+01,1.3610493744947920e+00,-1.4398217799628515e-01,-2.8738066348858782e-01,-2.5000313080031939e-03
4.6831218055518657e+03,1,1.0000000000000000e+00,4.6319935546952138e+00,1.1898807138319860e+01,1.1517146920016206e+00,-4.3483729063522547e-02,3.3553329092181872e-01,8.3036050191796999e-03
4.6831218055518657e+03,2,1.0000000000000000e+00,-4.3317766465584810e+00,-2.4601779935885173e+01,-2.5127640664961755e+00,1.8746590705981342e-01,-4.8152627433222128e-02,-5.8035737111764227e-03

4.6879502409017687e+03,0,1.0000000000000000e+00,-5.3521915567315048e-01,1.1326270142903152e+01,1.3307648166162416e+00,4.4023682688115989e-02,-2.6359671860564005e-01,-9.4933954349013909e-03
4.6879502409017687e+03,1,1.0000000000000000e+00,3.9592517190214327e+00,1.3491985022490002e+01,1.2083815603463497e+00,-2.3250916924538387e-01,3.0510364108006194e-01,1.4616213926733800e-02
4.6879502409017687e+03,2,1.0000000000000000e+00,-3.4240325633311031e+00,-2.4818255165372943e+01,-2.5391463769623543e+00,1.8848548655727373e-01,-4.1506922474413052e-02,-5.1228184918323269e-03

4.6927307211721682e+03,0,1.0000000000000000e+00,3.6348829781629011e-02,1.0333179232818019e+01,1.2769929207954447e+00,1.8202910199765285e-01,-1.3770478068382511e-01,-1.2165630207490941e-02
4.6927307211721682e+03,1,1.0000000000000000e+00,2.4847454335885266e+00,1.4667663229680915e+01,1.2850106943173403e+00,-3.7126557235706092e-01,1.7257725990109254e-01,1.6603789588415453e-02
4.6927307211721682e+03,2,1.0000000000000000e+00,-2.5210942633529481e+00,-2.5000842462478687e+01,-2.5620036151125469e+00,1.8923647035941391e-01,-3.4872479217258660e-02,-4.4381593809244262e-03

4.6975276291663276e+03,0,1.0000000000000000e+00,1.0493364967323382e+00,1.0101394816593203e+01,1.2226024760064478e+00,2.2116598975133570e-01,4.5137405017187729e-02,-9.6720778964217453e-03
4.6975276291663276e+03,1,1.0000000000000000e+00,5.6263114833121897e-01,1.5050689866129254e+01,1.3590288977237834e+00,-4.1094325201475546e-01,-1.6950437555216899e-02,1.3417471851164207e-02
4.6975276291663276e+03,2,1.0000000000000000e+00,-1.6119676450463243e+00,-2.5152084682702164e+01,-2.5816313737299921e+00,1.8977726226342551e-01,-2.8186967461961934e-02,-3.7453939547423764e-03

4.7022201234176191e+03,0,1.0000000000000000e+00,1.9576639638264330e+00,1.0725151605844822e+01,1.1912948174536724e+00,1.4877592122081185e-01,2.1338507739802914e-01,-3.1722093312756398e-03
4.7022201234176191e+03,1,1.0000000000000000e+00,-1.2370834580616514e+00,1.4543933625601106e+01,1.4063322777635436e+00,-3.3888466038041110e-01,-1.9169136495238398e-01,6.2463005089537001e-03
4.7022201234176191e+03,2,1.0000000000000000e+00,-7.2058050574752219e-01,-2.5269085231425599e+01,-2.5976270952169767e+00,1.9010873915960497e-01,-2.1693712445636358e-02,-3.0740911776779779e-03

4.7067974678789160e+03,0,1.0000000000000000e+00,2.3142041953777754e+00,1.1956389774013285e+01,1.1948139758397307e+00,-2.5714448950783508e-03,3.0981688533818436e-01,4.7396850587004824e-03
4.7067974678789160e+03,1,1.0000000000000000e+00,-2.4641476498705925e+00,1.3397670269129646e+01,1.4154085967391974e+00,-1.8764281349117692e-01,-2.9436701616740540e-01,-2.3085518110281776e-03
4.7067974678789160e+03,2,1.0000000000000000e+00,1.4994345451010282e-01,-2.5354060043122548e+01,-2.6102225725786892e+00,1.9021425838626108e-01,-1.5449869170770115e-02,-2.4311332476722259e-03

4.7114247610169887e+03,0,1.0000000000000000e+00,1.8799946472830138e+00,1.3424248574117343e+01,1.2334602484294228e+00,-1.8501796541401677e-01,3.0679440005340031e-01,1.1545046900500351e-02
4.7114247610169887e+03,1,1.0000000000000000e+00,-2.9098843071342335e+00,1.1986847704555105e+01,1.3865234233282770e+00,-5.0535837608232104e-03,-2.9758423106242249e-01,-9.7568552853530624e-03
4.7114247610169887e+03,2,1.0000000000000000e+00,1.0298896598685321e+00,-2.5411096278652025e+01,-2.6199836717574607e+00,1.9007154917484576e-01,-9.2101689909689921e-03,-1.7881916151472124e-03

4.7163298274672798e+03,0,1.0000000000000000e+00,5.5474227857575009e-01,1.4694659635018899e+01,1.3002837677068806e+00,-3.4403108191265686e-01,1.9473118150813898e-01,1.4874723231641455e-02
4.7163298274672798e+03,1,1.0000000000000000e+00,-2.5160167324057197e+00,1.0745447328400806e+01,1.3267970703552081e+00,1.5438215836317215e-01,-1.9211273599318110e-01,-1.3770015132608067e-02
4.7163298274672798e+03,2,1.0000000000000000e+00,1.9612744538473086e+00,-2.5440106963399231e+01,-2.6270808380618487e+00,1.8964892354949042e-01,-2.6184455149491914e-03,-1.1047080990333157e-03

4.7211165805047413e+03,0,1.0000000000000000e+00,-1.2928388512500535e+00,1.5213620627523095e+01,1.3690509299199884e+00,-4.1001806761605730e-01,1.5375613826848683e-02,1.2999453179766208e-02
4.7211165805047413e+03,1,1.0000000000000000e+00,-1.5747832790230152e+00,1.0223616451914346e+01,1.2617118677326564e+00,2.2101046093490861e-01,-1.9191716026482480e-02,-1.2566012488634233e-02
4.7211165805047413e+03,2,1.0000000000000000e+00,2.8676221302904361e+00,-2.5437237079416931e+01,-2.6307627976524048e+00,1.8900760668115452e-01,3.8161021996424294e-03,-4.3344069113190019e-04

4.7258676272362827e+03,0,1.0000000000000000e+00,-3.1760435517001380e+00,1.4837686184559136e+01,1.4171505895105210e+00,-3.6439295514266734e-01,-1.6905120179153690e-01,6.6370719291308639e-03
4.7258676272362827e+03,1,1.0000000000000000e+00,-5.8768544567181724e-01,1.0566316449442622e+01,1.2140948483355960e+00,1.7620406745306816e-01,1.5888996272976927e-01,-6.8656425830173409e-03
4.7258676272362827e+03,2,1.0000000000000000e+00,3.7637289973893493e+00,-2.5404002633981200e+01,-2.6312454378458767e+00,1.8818888768960501e-01,1.0161239061776489e-02,2.2857065388654473e-04

4.7303179426461811e+03,0,1.0000000000000000e+00,-4.5342164871190267e+00,1.3787758308805234e+01,1.4288589674394476e+00,-2.3474244832721458e-01,-2.9060104488251426e-01,-1.5303518874690142e-03
4.7303179426461811e+03,1,1.0000000000000000e+00,-6.5008875658929988e-02,1.1557974948312708e+01,1.2000124483447889e+00,4.7481690004983590e-02,2.7459528807299005e-01,6.9447381285359447e-04
4.7303179426461811e+03,2,1.0000000000000000e+00,4.5992253627953774e+00,-2.5345733257097347e+01,-2.6288714157839954e+00,1.8726075832223685e-01,1.6005756809532756e-02,8.3587807461548910e-04

4.7355349860111710e+03,0,1.0000000000000000e+00,-5.2352026305555972e+00,1.2134064457199111e+01,1.3963932655773652e+00,-3.0888374900033655e-02,-3.2090769326603796e-01,-1.0511051601034986e-02
4.7355349860111710e+03,1,1.0000000000000000e+00,-3.3764106521086212e-01,1.3110619499108036e+01,1.2262977521393201e+00,-1.5505044029373632e-01,2.9820033040923699e-01,8.9800483025286280e-03
4.7355349860111710e+03,2,1.0000000000000000e+00,5.5728436957839111e+00,-2.5244683956286512e+01,-2.6226910177164449e+00,1.8593881519377603e-01,2.2707362856809576e-02,1.5310032985064266e-03

4.7404650866878746e+03,0,1.0000000000000000e+00,-4.9422050949923104e+00,1.0733880908886292e+01,1.3307384006521419e+00,1.3997565408006257e-01,-2.2927560485143939e-01,-1.5320283016520683e-02
4.7404650866878746e+03,1,1.0000000000000000e+00,-1.5437178116734080e+00,1.4383476293857241e+01,1.2828038274494187e+00,-3.2440418041807184e-01,2.0034193795535560e-01,1.3140309433532454e-02
4.7404650866878746e+03,2,1.0000000000000000e+00,6.4859229066832018e+00,-2.5117357202722857e+01,-2.6135422281013199e+00,1.8442852633801510e-01,2.8933666896092503e-02,2.1799735829883069e-03

4.7454928269657767e+03,0,1.0000000000000000e+00,-3.9782599056443546e+00,1.0004960446216675e+01,1.2528232106088288e+00,2.2411808335835443e-01,-5.1680853831549675e-02,-1.4698588577152226e-02
4.7454928269657767e+03,1,1.0000000000000000e+00,-3.4305262996048311e+00,1.4951075678026651e+01,1.3480963951793596e+00,-4.0676068235332569e-01,1.6448696352304906e-02,1.1857450894596474e-02
4.7454928269657767e+03,2,1.0000000000000000e+00,7.4087862052666980e+00,-2.4956036124222610e+01,-2.6009196057879476e+00,1.8264259899497709e-01,3.5232157479253443e-02,2.8411376825558271e-03

4.7502662337447900e+03,0,1.0000000000000000e+00,-2.9479136331693407e+00,1.0203574023749269e+01,1.1941713647499106e+00,1.8856424893646451e-01,1.3113400142922349e-01,-9.2106723556472092e-03
4.7502662337447900e+03,1,1.0000000000000000e+00,-5.3282799370657301e+00,1.4570107898646576e+01,1.3916949229883795e+00,-3.6932927866032406e-01,-1.7229338284291035e-01,5.7461647625555619e-03
4.7502662337447900e+03,2,1.0000000000000000e+00,8.2761935702526106e+00,-2.4773681922375083e+01,-2.5858662877380487e+00,1.8076502972386529e-01,4.1159381413695774e-02,3.4645075930917306e-03

4.7547192609946724e+03,0,1.0000000000000000e+00,-2.3574996749504891e+00,1.1086487875825679e+01,1.1696212113248836e+00,6.4760311591249453e-02,2.5347319150981718e-01,-1.6238274696817193e-03
4.7547192609946724e+03,1,1.0000000000000000e+00,-6.7195004762667896e+00,1.3491772199458545e+01,1.3995445912598492e+00,-2.4364297861317213e-01,-3.0006364043512823e-01,-2.4098258157966507e-03
4.7547192609946724e+03,2,1.0000000000000000e+00,9.0770001512348433e+00,-2.4578260075263419e+01,-2.5691658025844908e+00,1.7888266702192845e-01,4.6590448925320098e-02,4.0336532854784541e-03

4.7592390236923047e+03,0,1.0000000000000000e+00,-2.4488622006312575e+00,1.2350423054291870e+01,1.1798757349334408e+00,-1.0875729840336529e-01,2.8906567107695874e-01,5.9133837354239886e-03
4.7592390236923047e+03,1,1.0000000000000000e+00,-7.4320732537330443e+00,1.2005062522118170e+01,1.3697844087702169e+00,-6.8076788930706122e-02,-3.4102845472149351e-01,-1.0508355973509331e-02
4.7592390236923047e+03,2,1.0000000000000000e+00,9.8809354543818930e+00,-2.4355485576389203e+01,-2.5496601437034165e+00,1.7683408733407718e-01,5.1962783644543792e-02,4.5949722380854230e-03

4.7643177944737663e+03,0,1.0000000000000000e+00,-3.4876831286757373e+00,1.3668758023561804e+01,1.2252270386733795e+00,-2.9211847181354028e-01,2.1034588452149944e-01,1.1160857207864791e-02
4.7643177944737663e+03,1,1.0000000000000000e+00,-7.2850908603785900e+00,1.0407837712609238e+01,1.2995280260120277e+00,1.1778850316568984e-01,-2.6818427515796944e-01,-1.6371500573023105e-02
4.7643177944737663e+03,2,1.0000000000000000e+00,1.0772773989071949e+01,-2.4076595736150153e+01,-2.5247550646851642e+00,1.7432996864785605e-01,5.7838390636479109e-02,5.2106433651583975e-03

4.7692918761259671e+03,0,1.0000000000000000e+00,-5.2346107937474642e+00,1.4320318178131762e+01,1.2827401496252895e+00,-3.9277906656514289e-01,4.0952728244895598e-02,1.1020279110423359e-02
4.7692918761259671e+03,1,1.0000000000000000e+00,-6.3987256393660861e+00,9.4545174572305370e+00,1.2146132773496610e+00,2.2112641021786344e-01,-1.0443338362026738e-01,-1.6826672979290060e-02
4.7692918761259671e+03,2,1.0000000000000000e+00,1.1633336433131200e+01,-2.3774835635341361e+01,-2.4973534269747071e+00,1.7165265634728519e-01,6.3480655375380945e-02,5.8063938688667806e-03

4.7742649181464594e+03,0,1.0000000000000000e+00,-7.1975973903539714e+00,1.4029092654144854e+01,1.3259256725195612e+00,-3.7609727444901420e-01,-1.5646811448257286e-01,5.5678457532402463e-03
4.7742649181464594e+03,1,1.0000000000000000e+00,-5.2823096567209422e+00,9.4161825442699651e+00,1.1410816876744700e+00,2.0731349076936767e-01,8.7423430771170485e-02,-1.1964325869663586e-02
4.7742649181464594e+03,2,1.0000000000000000e+00,1.2479907047092594e+01,-2.3445275198393837e+01,-2.4670073601937870e+00,1.6878378367965213e-01,6.9044683711411314e-02,6.3964801164234190e-03

4.7787870749502463e+03,0,1.0000000000000000e+00,-8.6720257467717659e+00,1.2978434385932072e+01,1.3337297238027865e+00,-2.6263137808851295e-01,-2.9742467957425900e-01,-2.3959416064000590e-03
4.7787870749502463e+03,1,1.0000000000000000e+00,-4.5650108812885559e+00,1.0143335071492078e+01,1.1031578977714689e+00,9.6578457274441531e-02,2.2341236160379596e-01,-4.5261507521452728e-03
4.7787870749502463e+03,2,1.0000000000000000e+00,1.3237036628078032e+01,-2.3121769457403129e+01,-2.4368876215740114e+00,1.6605292081407705e-01,7.4012317970472086e-02,6.9220923585454185e-03

4.7833245305904975e+03,0,1.0000000000000000e+00,-9.4866203135856058e+00,1.1460268127615482e+01,1.3035611419772815e+00,-9.1007219633072955e-02,-3.5534344700471038e-01,-1.0733944913413569e-02
4.7833245305904975e+03,1,1.0000000000000000e+00,-4.4974725474754456e+00,1.1314617405016662e+01,1.1007521801392026e+00,-7.2206919801734937e-02,2.7648394353361078e-01,3.3010619364262587e-03
4.7833245305904975e+03,2,1.0000000000000000e+00,1.3984092861078786e+01,-2.2774885532611080e+01,-2.4043133221162392e+00,1.6321413943481347e-01,7.8859503471108511e-02,7.4328829769874068e-03

4.7886941544809251e+03,0,1.0000000000000000e+00,-9.4112521349526368e+00,9.6569923963354647e+00,1.2254341057641440e+00,1.1182650641239372e-01,-2.9335854866258404e-01,-1.7540211504358499e-02
4.7886941544809251e+03,1,1.0000000000000000e+00,-5.4398908488943816e+00,1.2679502636507280e+01,1.1373923138398803e+00,-2.7152672135290934e-01,2.0896855131413417e-01,9.5239080518675634e-03
4.7886941544809251e+03,2,1.0000000000000000e+00,1.4851142983864790e+01,-2.2336495032821631e+01,-2.3628264196037803e+00,1.5970021494052133e-01,8.4389997348458839e-02,8.0163034524910297e-03

4.7936052990601293e+03,0,1.0000000000000000e+00,-8.5439211258609138e+00,8.5728166735569111e+00,1.1345643452440028e+00,2.2483002559325521e-01,-1.3648222213677641e-01,-1.8531737820801648e-02
4.7936052990601293e+03,1,1.0000000000000000e+00,-7.0832650810415885e+00,1.3337152912327445e+01,1.1876110525879295e+00,-3.8113249048790815e-01,4.7196429642157478e-02,9.9949361432397285e-03
4.7936052990601293e+03,2,1.0000000000000000e+00,1.5627186206920301e+01,-2.1909969585863198e+01,-2.3221753978316886e+00,1.5630246489465854e-01,8.9285792494627716e-02,8.5368016775620083e-03

4.7985758557216523e+03,0,1.0000000000000000e+00,-7.3785349304628198e+00,8.3784330930311732e+00,1.0514907365508628e+00,2.2317670905008488e-01,5.7913969108500843e-02,-1.4066303376957001e-02
4.7985758557216523e+03,1,1.0000000000000000e+00,-9.0166405150083548e+00,1.3075653007335255e+01,1.2269597823968850e+00,-3.7586293050915276e-01,-1.5204567234292410e-01,5.0110075157006346e-03
4.7985758557216523e+03,2,1.0000000000000000e+00,1.6395175445489009e+01,-2.1454086100345222e+01,-2.2784505189475026e+00,1.5268622145907348e-01,9.4131703234432026e-02,9.0552958612564616e-03

4.8032181717945596e+03,0,1.0000000000000000e+00,-6.5564469550880595e+00,9.0121657208013772e+00,1.0029771652450945e+00,1.1624312626267082e-01,2.0424665264346870e-01,-6.4957126419202746e-03
4.8032181717945596e+03,1,1.0000000000000000e+00,-1.0539464335477110e+01,1.1994606398254067e+01,1.2323312700044708e+00,-2.6543238347947068e-01,-3.0280854239179128e-01,-3.0331965858664163e-03
4.8032181717945596e+03,2,1.0000000000000000e+00,1.7095911290583022e+01,-2.1006772119034203e+01,-2.2353084352493195e+00,1.4918925721680554e-01,9.8561889748331286e-02,9.5289092277867742e-03

4.8078663446112014e+03,0,1.0000000000000000e+00,-6.3997761165206448e+00,1.0141291443553307e+01,9.9207256388946208e-01,-5.4925017924718184e-02,2.6440206000358013e-01,1.6497566485344627e-03
4.8078663446112014e+03,1,1.0000000000000000e+00,-1.1381302256556516e+01,1.0397285673819464e+01,1.1978723507417213e+00,-9.0685456628965017e-02,-3.6726750435752509e-01,-1.1636645395560389e-02
4.8078663446112014e+03,2,1.0000000000000000e+00,1.7781078373095035e+01,-2.0538577117351490e+01,-2.1899449146309382e+00,1.4561047455368872e-01,1.0286544435395373e-01,9.9868887470260063e-03

4.8127884975944098e+03,0,1.0000000000000000e+00,-7.1392183897637373e+00,1.1362205065685998e+01,1.0168503116689629e+00,-2.4022375064013615e-01,2.1221629320034269e-01,7.7551492054577882e-03
4.8127884975944098e+03,1,1.0000000000000000e+00,-1.1349080790824166e+01,8.6592109705697631e+00,1.1227850266396218e+00,9.8489216924822071e-02,-3.1945399717459338e-01,-1.8207145129174342e-02
4.8127884975944098e+03,2,1.0000000000000000e+00,1.8488299180605814e+01,-2.0021416036234442e+01,-2.1396353383083375e+00,1.4173453371531972e-01,1.0723770397425947e-01,1.0451995923716637e-02

4.8176790160505598e+03,0,1.0000000000000000e+00,-8.6466280334587360e+00,1.2064043475640517e+01,1.0600612615914882e+00,-3.6096576783030121e-01,6.2215269807125967e-02,9.0134365355432067e-03
4.8176790160505598e+03,1,1.0000000000000000e+00,-1.0525163854270641e+01,7.4226836672588608e+00,1.0273627981306024e+00,2.2320667431439933e-01,-1.7361357466649033e-01,-1.9911273302187678e-02
4.8176790160505598e+03,2,1.0000000000000000e+00,1.9171791887747315e+01,-1.9486727142878010e+01,-2.0874240597218439e+00,1.3775909351590770e-01,1.1139830485937299e-01,1.0897836766644551e-02

4.8224156666822237e+03,0,1.0000000000000000e+00,-1.0434210512615103e+01,1.1918654073125717e+01,1.0954466343133651e+00,-3.7525577684735778e-01,-1.2522577125658396e-01,5.1468969709507310e-03
4.8224156666822237e+03,1,1.0000000000000000e+00,-9.3806989225644308e+00,7.0311497559566574e+00,9.3935735109413454e-01,2.4148818728181642e-01,9.9326908167539085e-03,-1.6465736192037728e-02
4.8224156666822237e+03,2,1.0000000000000000e+00,1.9814909435197499e+01,-1.8949803829060965e+01,-2.0348039854072528e+00,1.3376758956554713e-01,1.1529308043983902e-01,1.1318839221087083e-02

4.8271042204020014e+03,0,1.0000000000000000e+00,-1.2016177552629239e+01,1.0928396117303958e+01,1.1029129696204831e+00,-2.8347107741899036e-01,-2.8826664020829995e-01,-2.3993878397246468e-03
4.8271042204020014e+03,1,1.0000000000000000e+00,-8.4164094455534517e+00,7.4720149639359166e+00,8.7786474117143520e-01,1.5377111752434647e-01,1.6922186066702116e-01,-9.3258090911826769e-03
4.8271042204020014e+03,2,1.0000000000000000e+00,2.0432586998200687e+01,-1.8400411081218422e+01,-1.9807777107916711e+00,1.2969995989464997e-01,1.1904477954128784e-01,1.1725196930907410e-02

4.8318019988391607e+03,0,1.0000000000000000e+00,-1.2974311039671166e+01,9.3355263453526369e+00,1.0709393233279787e+00,-1.1603527188246524e-01,-3.7332425513917916e-01,-1.1165147436118720e-02
4.8318019988391607e+03,1,1.0000000000000000e+00,-8.0578584204848536e+00,8.4970318463680083e+00,8.5382705516445156e-01,-9.5185608614259676e-03,2.5063804421564423e-01,-9.5272423931305229e-04
4.8318019988391607e+03,2,1.0000000000000000e+00,2.1032169460174039e+01,-1.7832558191699150e+01,-1.9247663784921825e+00,1.2555383274389709e-01,1.2268621092354398e-01,1.2117871675431867e-02

4.8364052451993530e+03,0,1.0000000000000000e+00,-1.3083280216675766e+01,7.6243493297739446e+00,1.0024967059399827e+00,6.6559972775485143e-02,-3.5245225742016140e-01,-1.8074797517280441e-02
4.8364052451993530e+03,1,1.0000000000000000e+00,-8.5174106976809476e+00,9.6355278979497445e+00,8.6563589633946436e-01,-1.8800768178833788e-01,2.2635029080298574e-01,5.5896067846060854e-03
4.8364052451993530e+03,2,1.0000000000000000e+00,2.1600690914374770e+01,-1.7259877227702148e+01,-1.8681326022791993e+00,1.2144770901285834e-01,1.2610196661718501e-01,1.2485190732674442e-02

4.8413398939537838e+03,0,1.0000000000000000e+00,-1.2356612642806347e+01,6.1634121991566175e+00,9.0361649354846829e-01,2.1442944169624301e-01,-2.2435680715028369e-01,-2.1101977448231862e-02
4.8413398939537838e+03,1,1.0000000000000000e+00,-9.8323920502655895e+00,1.0465551082707522e+01,9.0197270106968808e-01,-3.3140880877473544e-01,9.4783391932193567e-02,8.2413443706368661e-03
4.8413398939537838e+03,2,1.0000000000000000e+00,2.2189004693090006e+01,-1.6628963281842552e+01,-1.8055891946179070e+00,1.1697936707849810e-01,1.2957341521809942e-01,1.2860633077595092e-02

4.8461097884596747e+03,0,1.0000000000000000e+00,-1.1181768596366130e+01,5.5181576687141387e+00,8.0658510164669051e-01,2.5952723532730793e-01,-4.1812562409153875e-02,-1.8731072473767284e-02
4.8461097884596747e+03,1,1.0000000000000000e+00,-1.1554714191563471e+01,1.0485093714811921e+01,9.3682376440472059e-01,-3.7208439225835133e-01,-9.0948565960542738e-02,5.5217433881348116e-03
4.8461097884596747e+03,2,1.0000000000000000e+00,2.2736482787947704e+01,-1.6003251383504431e+01,-1.7434088660511609e+00,1.1255715693104898e-01,1.3276112836970591e-01,1.3209329085632557e-02

4.8508296963559987e+03,0,1.0000000000000000e+00,-1.0071548275041810e+01,5.7445669980996570e+00,7.3250724165982062e-01,1.9335710928443822e-01,1.3082892153312781e-01,-1.2112178606465511e-02
4.8508296963559987e+03,1,1.0000000000000000e+00,-1.3185648623376522e+01,9.6248734360976247e+00,9.4776329180064978e-01,-3.0142959479536352e-01,-2.6661840966925360e-01,-1.4305888965433604e-03
4.8508296963559987e+03,2,1.0000000000000000e+00,2.3257196898436458e+01,-1.5369440434175605e+01,-1.6802705334602206e+00,1.0807248551093090e-01,1.3578948813613506e-01,1.3542767503008969e-02

4.8556766824964707e+03,0,1.0000000000000000e+00,-9.4892739856246884e+00,6.6720885928937026e+00,6.9477648069585940e-01,3.5964047094913298e-02,2.3526387453133168e-01,-3.4005643097820507e-03
4.8556766824964707e+03,1,1.0000000000000000e+00,-1.4280423101407358e+01,8.0318779881375573e+00,9.1904961976959232e-01,-1.3935483860645964e-01,-3.7404628476317470e-01,-1.0470842465466397e-02
4.8556766824964707e+03,2,1.0000000000000000e+00,2.3769697087050186e+01,-1.4703966581009540e+01,-1.6138261004652008e+00,1.0339079151155195e-01,1.3878241023185217e-01,1.3871406775248561e-02

4.8603918306086325e+03,0,1.0000000000000000e+00,-9.7543172303899013e+00,7.8116476267053070e+00,6.9685174394360971e-01,-1.4785204290562909e-01,2.2941700975232560e-01,3.8281027406988338e-03
4.8603918306086325e+03,1,1.0000000000000000e+00,-1.4492081999204284e+01,6.2313408239285959e+00,8.5084724474392537e-01,4.9045298431431184e-02,-3.7097228316519248e-01,-1.8002567418397883e-02
4.8603918306086325e+03,2,1.0000000000000000e+00,2.4246399229612365e+01,-1.4042988450612141e+01,-1.5476989886872843e+00,9.8806744474203401e-02,1.4155527341287616e-01,1.4174464677699153e-02

4.8651961508637805e+03,0,1.0000000000000000e+00,-1.0854327740244099e+01,8.6816883928436326e+00,7.2548603007342582e-01,-2.9876868821302616e-01,1.1728127993696932e-01,7.2800635479976939e-03
4.8651961508637805e+03,1,1.0000000000000000e+00,-1.3855509950035787e+01,4.6747813331546277e+00,7.5340849101416318e-01,2.0465559044084314e-01,-2.6148727777780723e-01,-2.1745445603791415e-02
4.8651961508637805e+03,2,1.0000000000000000e+00,2.4709837690298091e+01,-1.3356469725976456e+01,-1.4788945210873370e+00,9.4113097772188431e-02,1.4420599784084726e-01,1.4465382055793830e-02

4.8700423012099645e+03,0,1.0000000000000000e+00,-1.2494030878362587e+01,8.8273266810029654e+00,7.5865663590504218e-01,-3.5959516540277547e-01,-6.3582900949023136e-02,5.5245968481503534e-03
4.8700423012099645e+03,1,1.0000000000000000e+00,-1.2660314132146006e+01,3.8241937024901898e+00,6.4945873324297931e-01,2.7027374145283611e-01,-8.3113867263901298e-02,-2.0267206134296695e-02
4.8700423012099645e+03,2,1.0000000000000000e+00,2.5154345010526818e+01,-1.2651520383471302e+01,-1.4081153691477692e+00,8.9321423949944856e-02,1.4669676821293370e-01,1.4742609286146451e-02

4.8748371646199139e+03,0,1.0000000000000000e+00,-1.4137092410516500e+01,8.0719407046491476e+00,7.7143013700186347e-01,-3.0730457471836314e-01,-2.4645311107701776e-01,-8.2061896304192611e-04
4.8748371646199139e+03,1,1.0000000000000000e+00,-1.1433997455610772e+01,3.8705932135110297e+00,5.6536643062211289e-01,2.2281131054873760e-01,9.7444680205579198e-02,-1.4182598929183814e-02
4.8748371646199139e+03,2,1.0000000000000000e+00,2.5571089866145527e+01,-1.1942533918138281e+01,-1.3367965676237239e+00,8.4493264169631155e-02,1.4900843087144799e-01,1.5003217892225851e-02

4.8796147561116904e+03,0,1.0000000000000000e+00,-1.5284479470631460e+01,6.5685834815092132e+00,7.4705341297682715e-01,-1.6067288911852184e-01,-3.6824487546461931e-01,-9.5405459456050119e-03
4.8796147561116904e+03,1,1.0000000000000000e+00,-1.0678636255385360e+01,4.6567924773880822e+00,5.1747005317988459e-01,8.1064868443754490e-02,2.1705524201905718e-01,-5.7089110774849010e-03
4.8796147561116904e+03,2,1.0000000000000000e+00,2.5963115726035095e+01,-1.1225375958875356e+01,-1.2645234661564586e+00,7.9608020674772850e-02,1.5118963344557157e-01,1.5249457023090034e-02

4.8842403153107462e+03,0,1.0000000000000000e+00,-1.5606034239830070e+01,4.7797320877706326e+00,6.8398997231661574e-01,2.3502276621174961e-02,-3.8727452159820119e-01,-1.7385223178861341e-02
4.8842403153107462e+03,1,1.0000000000000000e+00,-1.0714312832231320e+01,5.7416464754684871e+00,5.0947257311676886e-01,-9.8353121189787923e-02,2.3409086070686369e-01,1.9118899026994499e-03
4.8842403153107462e+03,2,1.0000000000000000e+00,2.6320347072079691e+01,-1.0521378563217132e+01,-1.1934625454331309e+00,7.4850844568618374e-02,1.5318366089134705e-01,1.5473333276162026e-02

4.8890567815490749e+03,0,1.0000000000000000e+00,-1.5062101433390927e+01,3.0911558914268298e+00,5.8704606296525441e-01,1.9304675357924683e-01,-2.9672458720000261e-01,-2.2096306658598776e-02
4.8890567815490749e+03,1,1.0000000000000000e+00,-1.1606838227368600e+01,6.6877164010666803e+00,5.3136149384756259e-01,-2.6294699734828908e-01,1.4161689052420912e-01,6.4064938374505040e-03
4.8890567815490749e+03,2,1.0000000000000000e+00,2.6668939660777859e+01,-9.7788722924714762e+00,-1.1184075568125627e+00,6.9900243769047576e-02,1.5510769667580288e-01,1.5689812821148407e-02

4.8938384397772961e+03,0,1.0000000000000000e+00,-1.3890171176360198e+01,2.0551859165588588e+00,4.8029167218403046e-01,2.7993495051037187e-01,-1.2797849623561000e-01,-2.1662656193580588e-02
4.8938384397772961e+03,1,1.0000000000000000e+00,-1.3101242623814681e+01,6.9777987058624396e+00,5.6261167301994031e-01,-3.4490927986592035e-01,-2.8862820445401810e-02,5.7743080164180290e-03
4.8938384397772961e+03,2,1.0000000000000000e+00,2.6991413800193243e+01,-9.0329846223992192e+00,-1.0429033452037157e+00,6.4974329355553917e-02,1.5684131668102133e-01,1.5888348177162687e-02

4.8985483387040558e+03,0,1.0000000000000000e+00,-1.2583369337724221e+01,1.8922061600413240e+00,3.8898446565854772e-01,2.5645906021519232e-01,5.6170263701062206e-02,-1.6423311523780772e-02
4.8985483387040558e+03,1,1.0000000000000000e+00,-1.4702551521240576e+01,6.3983776449520642e+00,5.7865468977551870e-01,-3.1653291065379491e-01,-2.1455531114000925e-01,3.5396301324320395e-04
4.8985483387040558e+03,2,1.0000000000000000e+00,2.7285920858983182e+01,-8.2905838049712628e+00,-9.6763915543381085e-01,6.0073850438608044e-02,1.5838504743895651e-01,1.6069348510537693e-02

4.9035325391576725e+03,0,1.0000000000000000e+00,-1.1597374612768295e+01,2.5635620794577294e+00,3.2804797012861964e-01,1.2394263311991371e-01,1.9877976445526746e-01,-7.7483492678199900e-03
4.9035325391576725e+03,1,1.0000000000000000e+00,-1.5974898077445488e+01,4.9338342614503770e+00,5.5905171560453959e-01,-1.7876237559394703e-01,-3.5865316949397663e-01,-8.4976567971553688e-03
4.9035325391576725e+03,2,1.0000000000000000e+00,2.7572272690232207e+01,-7.4973963408859321e+00,-8.8709968573290299e-01,5.4819742474038820e-02,1.5987340503871869e-01,1.6246006064975484e-02

4.9083692523092432e+03,0,1.0000000000000000e+00,-1.1436635513850174e+01,3.6568336655853031e+00,3.1138327531380705e-01,-6.1103139230654357e-02,2.3387925122062608e-01,5.5421806311592089e-04
4.9083692523092432e+03,1,1.0000000000000000e+00,-1.6388374179927549e+01,3.0640572544851548e+00,4.9675482523875714e-01,1.1416337000595800e-02,-3.9507342703562948e-01,-1.6956589921700346e-02
4.9083692523092432e+03,2,1.0000000000000000e+00,2.7825009693796158e+01,-6.7208909200482410e+00,-8.0813810055230739e-01,4.9686802230064220e-02,1.6119417581501283e-01,1.6402371858584546e-02

4.9131076438022328e+03,0,1.0000000000000000e+00,-1.2142629049185516e+01,4.6236486329325404e+00,3.2759594726240493e-01,-2.2915039177195731e-01,1.5708003149386737e-01,5.5810172682816076e-03
4.9131076438022328e+03,1,1.0000000000000000e+00,-1.5905921402535750e+01,1.3306301257039488e+00,4.0248828607822607e-01,1.8447987322558770e-01,-3.1943659428329918e-01,-2.2121402269236902e-02
4.9131076438022328e+03,2,1.0000000000000000e+00,2.8048550451739736e+01,-5.9542787586142287e+00,-7.3008423334037376e-01,4.4670518546375354e-02,1.6235656278944136e-01,1.6540385000955404e-02

4.9177507839540831e+03,0,1.0000000000000000e+00,-1.3461187747984180e+01,5.0138841640386698e+00,3.5599560424429755e-01,-3.2361564103966617e-01,1.5871637989753884e-03,5.8220451995623940e-03
4.9177507839540831e+03,1,1.0000000000000000e+00,-1.4783406676601796e+01,1.8419862426714317e-01,2.9700405080685899e-01,2.8383987007054873e-01,-1.6492980711768113e-01,-2.2482873581725460e-02
4.9177507839540831e+03,2,1.0000000000000000e+00,2.8244594424604482e+01,-5.1980827882835055e+00,-6.5299965505089896e-01,3.9775770969123256e-02,1.6334264331871542e-01,1.6660828382163179e-02

4.9229817923699502e+03,0,1.0000000000000000e+00,-1.5172940937494229e+01,4.4822555679963632e+00,3.7482738487036771e-01,-3.0827278963483012e-01,-2.0343893032992327e-01,5.0269368893153185e-04
4.9229817923699502e+03,1,1.0000000000000000e+00,-1.3265282479103742e+01,-1.4110755963482369e-01,1.9070162005207592e-01,2.7402362853510392e-01,3.9178033429414783e-02,-1.7281993287780215e-02
4.9229817923699502e+03,2,1.0000000000000000e+00,2.8438223416616491e+01,-4.3411480083391840e+00,-5.6552900492218505e-01,3.4249161099731917e-02,1.6426089690051821e-01,1.6779299598848798e-02

4.9279265506032225e+03,0,1.0000000000000000e+00,-1.6418897606383961e+01,3.0764180437603432e+00,3.5697042390119310e-01,-1.8007262684276373e-01,-3.5204083784564405e-01,-8.0472055468305392e-03
4.9279265506032225e+03,1,1.0000000000000000e+00,-1.2175668118753221e+01,4.5070475057330572e-01,1.2534614513851314e-01,1.5109453468175796e-01,1.8707800717228790e-01,-8.8276949960389515e-03
4.9279265506032225e+03,2,1.0000000000000000e+00,2.8594565725155732e+01,-3.5271227943112478e+00,-4.8231656903944709e-01,2.8978092161011521e-02,1.6496283067336606e-01,1.6874900542869609e-02

4.9327048006179020e+03,0,1.0000000000000000e+00,-1.6848778768128202e+01,1.2373793282227634e+00,2.9770234906870469e-01,5.0097463418140864e-03,-3.9911244713245780e-01,-1.6522553623615360e-02
4.9327048006179020e+03,1,1.0000000000000000e+00,-1.1872010212222811e+01,1.5001420861789914e+00,1.0379067844105999e-01,-2.8862284420881262e-02,2.3359623142326386e-01,-4.2991374356232334e-04
4.9327048006179020e+03,2,1.0000000000000000e+00,2.8720788980369591e+01,-2.7375214143793052e+00,-4.0149302750950505e-01,2.3852538079072783e-02,1.6551621570920394e-01,1.6952467367177794e-02

4.9374155915750662e+03,0,1.0000000000000000e+00,-1.6392219347055281e+01,-5.3292715886613307e-01,2.0517109174185913e-01,1.8241821161423089e-01,-3.3486172969920874e-01,-2.2092894530822031e-02
4.9374155915750662e+03,1,1.0000000000000000e+00,-1.2429049141680474e+01,2.4896763588354860e+00,1.1630973554326027e-01,-2.0123063107754963e-01,1.6891604487417328e-01,5.0778980778513581e-03
4.9374155915750662e+03,2,1.0000000000000000e+00,2.8821268488754363e+01,-1.9567491999468576e+00,-3.2148082728485927e-01,1.8812419463324126e-02,1.6594568482504543e-01,1.7014996452970783e-02

4.9419762432474090e+03,0,1.0000000000000000e+00,-1.5279775958153069e+01,-1.7502862551897664e+00,1.0051607802828509e-01,2.9124938964394143e-01,-1.8863825922155564e-01,-2.2988651474288198e-02
4.9419762432474090e+03,1,1.0000000000000000e+00,-1.3616235972065400e+01,2.9495101167664668e+00,1.4325221430739332e-01,-3.0522079949994829e-01,2.2406907944135246e-02,5.9262452582802341e-03
4.9419762432474090e+03,2,1.0000000000000000e+00,2.8896011930237098e+01,-1.1992238615541586e+00,-2.4376829233541775e-01,1.3971409856012085e-02,1.6623135127743016e-01,1.7062406216008075e-02

4.9472938527202568e+03,0,1.0000000000000000e+00,-1.3658834182344698e+01,-2.1954702246517317e+00,-1.1368340182878689e-02,2.9464565556113481e-01,2.1260301654272312e-02,-1.8132249663849812e-02
4.9472938527202568e+03,1,1.0000000000000000e+00,-1.5296536520214426e+01,2.5102614499792666e+00,1.6429502061731766e-01,-3.0300058194210083e-01,-1.8763748411689088e-01,1.0314206907150805e-03
4.9472938527202568e+03,2,1.0000000000000000e+00,2.8955370702577774e+01,-3.1479122530494097e-01,-1.5292668043417762e-01,8.3549263809712393e-03,1.6637718246262831e-01,1.7100828973134842e-02

4.9522727836777940e+03,0,1.0000000000000000e+00,-1.2440577201343796e+01,-1.6680426288546095e+00,-8.1549195722457987e-02,1.7811883034028145e-01,1.7792024234695369e-01,-9.6847860599104940e-03
4.9522727836777940e+03,1,1.0000000000000000e+00,-1.6543273716075227e+01,1.1544909482207015e+00,1.4927822730607615e-01,-1.8119899795550024e-01,-3.4425578214662012e-01,-7.4348650163015492e-03
4.9522727836777940e+03,2,1.0000000000000000e+00,2.8983850917437689e+01,5.1355168065654888e-01,-6.7729031583356372e-02,3.0801676152240097e-03,1.6633553979967636e-01,1.7119651076212147e-02

4.9571338972455487e+03,0,1.0000000000000000e+00,-1.2001080793005077e+01,-6.2128731527868419e-01,-1.0696458977409859e-01,-3.0194018333560921e-03,2.3364289021565898e-01,-9.8659447086481972e-04
4.9571338972455487e+03,1,1.0000000000000000e+00,-1.6985170097370283e+01,-7.0045595555528273e-01,9.1460670705153263e-02,5.1142085329360844e-03,-3.9980003386328344e-01,-1.6135638818669841e-02
4.9571338972455487e+03,2,1.0000000000000000e+00,2.8986250890394057e+01,1.3217432708566559e+00,1.5503919069207589e-02,-2.0948066995746060e-03,1.6615714364763429e-01,1.7122233289534775e-02

4.9619364768474388e+03,0,1.0000000000000000e+00,-1.2455755847832442e+01,4.0174247419119991e-01,-9.6042773798924036e-02,-1.8015207498243660e-01,1.7403798028849474e-01,4.8572712487910258e-03
4.9619364768474388e+03,1,1.0000000000000000e+00,-1.6508171652886194e+01,-2.5208156955688095e+00,-1.6697095936677592e-03,1.8734759712921237e-01,-3.3990423070851006e-01,-2.1967996458731327e-02
4.9619364768474388e+03,2,1.0000000000000000e+00,2.8963927500737370e+01,2.1190732214003467e+00,9.7712483392854571e-02,-7.1955221467703114e-03,1.6586625042002515e-01,1.7110725209940416e-02

4.9665895752134711e+03,0,1.0000000000000000e+00,-1.3580264545642848e+01,8.9819469534131446e-01,-6.9009230137340116e-02,-2.8881404173594605e-01,2.8475771445527209e-02,5.9286727480905160e-03
4.9665895752134711e+03,1,1.0000000000000000e+00,-1.5338776532039837e+01,-3.7881784087333656e+00,-1.0827107177906779e-01,3.0090206893506066e-01,-1.9394170349535822e-01,-2.3015848626969190e-02
4.9665895752134711e+03,2,1.0000000000000000e+00,2.8919041077701436e+01,2.8899837134148352e+00,1.7728030191667127e-01,-1.2088027199109102e-02,1.6546593204984100e-01,1.7087175878878796e-02

4.9720305692072743e+03,0,1.0000000000000000e+00,-1.5219940112073012e+01,4.7589368146608324e-01,-4.7196752822120880e-02,-2.8946213014325756e-01,-1.8405942583557269e-01,1.0962660849173043e-03
4.9720305692072743e+03,1,1.0000000000000000e+00,-1.3617911666648721e+01,-4.2645087565643518e+00,-2.2294409553479544e-01,3.0720985798814143e-01,1.9240999593196501e-02,-1.8139671566289945e-02
4.9720305692072743e+03,2,1.0000000000000000e+00,2.8837851778740522e+01,3.7886150751211058e+00,2.7014084835718033e-01,-1.7747727844878602e-02,1.6481842624238621e-01,1.7043405481372762e-02

4.9770323088710229e+03,0,1.0000000000000000e+00,-1.6409496908601930e+01,-8.6848570772334388e-01,-6.1765740921818982e-02,-1.6949490400245765e-01,-3.4111539238685973e-01,-7.3034955532801267e-03
4.9770323088710229e+03,1,1.0000000000000000e+00,-1.2326618298244622e+01,-3.7426348508602914e+00,-2.9348507482470687e-01,1.9242859451900324e-01,1.7707411211153090e-01,-9.6823546285544106e-03
4.9770323088710229e+03,2,1.0000000000000000e+00,2.8736115206865360e+01,4.6111205586065225e+00,3.5525081574679040e-01,-2.2933690516540456e-02,1.6404128027533843e-01,1.6985850181834673e-02

4.9818571306491458e+03,0,1.0000000000000000e+00,-1.6798714068958823e+01,-2.6972460873925987e+00,-1.1827600632925207e-01,1.4188323099564221e-02,-3.9834477795977219e-01,-1.5926323436174148e-02
4.9818571306491458e+03,1,1.0000000000000000e+00,-1.1814661285228036e+01,-2.7032371819859691e+00,-3.1876157981329295e-01,1.3757587595940729e-02,2.3519809823749516e-01,-9.8776287195611462e-04
4.9818571306491458e+03,2,1.0000000000000000e+00,2.8613375354205708e+01,5.4004832694015050e+00,4.3703758614281035e-01,-2.7945910695499593e-02,1.6314667972228702e-01,1.6914086308130398e-02

4.9866191882914427e+03,0,1.0000000000000000e+00,-1.6283731663355905e+01,-4.5032883940397284e+00,-2.0970475998706845e-01,1.9648458673588401e-01,-3.4182702584999997e-01,-2.1813451401118393e-02
4.9866191882914427e+03,1,1.0000000000000000e+00,-1.2184800531009609e+01,-1.6717790180085719e+00,-3.0768186887809384e-01,-1.6360407809129721e-01,1.7967622398911337e-01,4.9841210976592568e-03
4.9866191882914427e+03,2,1.0000000000000000e+00,2.8468532194384380e+01,6.1750674120712841e+00,5.1738662886542830e-01,-3.2880508644581780e-02,1.6215080186089637e-01,1.6829330303459258e-02

4.9912471068094046e+03,0,1.0000000000000000e+00,-1.5071999535057770e+01,-5.7773901124860929e+00,-3.1528988516858431e-01,3.1300362682273181e-01,-1.9748889644997969e-01,-2.2977146082606877e-02
4.9912471068094046e+03,1,1.0000000000000000e+00,-1.3233363127880846e+01,-1.1456604602552760e+00,-2.7976892323628522e-01,-2.7538005749630839e-01,3.6409809444077568e-02,6.2414634811886610e-03
4.9912471068094046e+03,2,1.0000000000000000e+00,2.8305362662957510e+01,6.9230505727643985e+00,5.9505880840513603e-01,-3.7623569326418249e-02,1.6107908700591192e-01,1.6735682601418340e-02

4.9966416206910171e+03,0,1.0000000000000000e+00,-1.3290220379171210e+01,-6.2691211031778495e+00,-4.2904005664982070e-01,3.2313009601371695e-01,1.6010425158459130e-02,-1.8187433003685943e-02
4.9966416206910171e+03,1,1.0000000000000000e+00,-1.4797459960639863e+01,-1.5191650038496576e+00,-2.5597430713147695e-01,-2.8006218111432785e-01,-1.7568378315696137e-01,1.5751164482382049e-03
4.9966416206910171e+03,2,1.0000000000000000e+00,2.8087680339829994e+01,7.7882861070505909e+00,6.8501436378156488e-01,-4.3067914899384052e-02,1.5967335799851190e-01,1.6612316555447870e-02

5.0015867795776339e+03,0,1.0000000000000000e+00,-1.1925999255681866e+01,-5.7652253423135971e+00,-4.9914512632292474e-01,2.1190364059060821e-01,1.7578248993854381e-01,-9.7732849498939484e-03
5.0015867795776339e+03,1,1.0000000000000000e+00,-1.5936475187569814e+01,-2.8091287015237603e+00,-2.6770722919156942e-01,-1.6389421957993025e-01,-3.3399538652138872e-01,-6.7098104225478059e-03
5.0015867795776339e+03,2,1.0000000000000000e+00,2.7862474443270628e+01,8.5743540438604882e+00,7.6685235551476216e-01,-4.8009421010672772e-02,1.5821289658285462e-01,1.6483095372441890e-02

5.0064257022142983e+03,0,1.0000000000000000e+00,-1.1317076199968721e+01,-4.7182703304338549e+00,-5.2461850842191227e-01,3.3457691733192248e-02,2.3826407623735388e-01,-9.4090696751567351e-04
5.0064257022142983e+03,1,1.0000000000000000e+00,-1.6301409929651768e+01,-4.6178937827337236e+00,-3.2165460395579903e-01,1.9376228219341547e-02,-3.9489601732424151e-01,-1.5399085497143129e-02
5.0064257022142983e+03,2,1.0000000000000000e+00,2.7618486129639461e+01,9.3361641131907565e+00,8.4627311237798020e-01,-5.2833919952528778e-02,1.5663194108689732e-01,1.6339992464658930e-02

5.0110871431915775e+03,0,1.0000000000000000e+00,-1.1580058152471750e+01,-3.6813992956463899e+00,-5.1349275400961092e-01,-1.4127024723392403e-01,1.8904338706434273e-01,5.0959094249243848e-03
5.0110871431915775e+03,1,1.0000000000000000e+00,-1.5781336599744794e+01,-6.3811172059334220e+00,-4.0859890413695282e-01,1.9873678108894607e-01,-3.4403774236627138e-01,-2.1283960785631578e-02
5.0110871431915775e+03,2,1.0000000000000000e+00,2.7361394752235533e+01,1.0062516501603037e+01,9.2209165814683292e-01,-5.7466533855017023e-02,1.5499435530193836e-01,1.6188051360707324e-02

5.0156668111856616e+03,0,1.0000000000000000e+00,-1.2521655450407700e+01,-3.1013479059304689e+00,-4.8469855613230550e-01,-2.5660648232024524e-01,5.2906540643485905e-02,6.6702565479320984e-03
5.0156668111856616e+03,1,1.0000000000000000e+00,-1.4566228320379224e+01,-7.6671294551855063e+00,-5.1116656741906563e-01,3.1857424400314210e-01,-2.0619893265623426e-01,-2.2698465445202817e-02
5.0156668111856616e+03,2,1.0000000000000000e+00,2.7087883770805945e+01,1.0768477361139245e+01,9.9586512355164103e-01,-6.1967761682891871e-02,1.5329239201275799e-01,1.6028208897270850e-02

5.0209819524173281e+03,0,1.0000000000000000e+00,-1.3987826837723517e+01,-3.3634546057265737e+00,-4.5756935942527410e-01,-2.7180245449318169e-01,-1.5347044973081647e-01,2.5500312814600787e-03
5.0209819524173281e+03,1,1.0000000000000000e+00,-1.2757017145476620e+01,-8.2142674872674917e+00,-6.2296928986197242e-01,3.3889693591067854e-01,2.2835694904074777e-03,-1.8380789024553097e-02
5.0209819524173281e+03,2,1.0000000000000000e+00,2.6744843983219184e+01,1.1577722093017384e+01,1.0805386492875171e+00,-6.7094481417491802e-02,1.5118688024041865e-01,1.5830757743093150e-02

5.0260036222867047e+03,0,1.0000000000000000e+00,-1.5126301020817646e+01,-4.5774634553979734e+00,-4.6405444963853770e-01,-1.6394996990613897e-01,-3.1887262314970966e-01,-5.5817735621384382e-03
5.0260036222867047e+03,1,1.0000000000000000e+00,-1.1269638412671695e+01,-7.7541429815612242e+00,-6.9548268408938152e-01,2.3580499307452690e-01,1.6983496369147649e-01,-1.0047768098037417e-02
5.0260036222867047e+03,2,1.0000000000000000e+00,2.6395939433508403e+01,1.2331606436982568e+01,1.1595371337281899e+00,-7.1855023168382881e-02,1.4903765945824266e-01,1.5629541660175991e-02

5.0309309925544876e+03,0,1.0000000000000000e+00,-1.5503090260724415e+01,-6.3686541209910530e+00,-5.1381726093856983e-01,1.8610304626650170e-02,-3.8932270244486733e-01,-1.4474246570836421e-02
5.0309309925544876e+03,1,1.0000000000000000e+00,-1.0527372243075074e+01,-6.6917869441784461e+00,-7.2221095299401061e-01,5.7876318465211601e-02,2.4255458495242144e-01,-9.4070573694200917e-04
5.0309309925544876e+03,2,1.0000000000000000e+00,2.6030462503818573e+01,1.3060441065192919e+01,1.2360282139328516e+00,-7.6486623091856470e-02,1.4676811749245527e-01,1.5414952307778588e-02

5.0357040668675027e+03,0,1.0000000000000000e+00,-1.4960684801750945e+01,-8.1625953092287133e+00,-5.9930747480762281e-01,2.0423252649108325e-01,-3.4363252742143086e-01,-2.0719690821680320e-02
5.0357040668675027e+03,1,1.0000000000000000e+00,-1.0694039596602131e+01,-5.5928706263688746e+00,-7.0976954857411467e-01,-1.2328381749789741e-01,1.9919158069807924e-01,5.5282187023554218e-03
5.0357040668675027e+03,2,1.0000000000000000e+00,2.5654724398372188e+01,1.3755465935621050e+01,1.3090770233820095e+00,-8.0948708993180629e-02,1.4444094672336111e-01,1.5191472119325044e-02

5.0404411109431012e+03,0,1.0000000000000000e+00,-1.3658931844621666e+01,-9.4850217001229655e+00,-7.0326420177949522e-01,3.3118110996286099e-01,-2.0202343813810575e-01,-2.2292171013018072e-02
5.0404411109431012e+03,1,1.0000000000000000e+00,-1.1601940451107993e+01,-4.9490027133987224e+00,-6.7722693006933532e-01,-2.4585604039712172e-01,5.9988976174522479e-02,7.3338689949032504e-03
5.0404411109431012e+03,2,1.0000000000000000e+00,2.5260872295748797e+01,1.4434024413545195e+01,1.3804911318491029e+00,-8.5325069565733741e-02,1.4203446196359282e-01,1.4958302018114969e-02

5.0450289444336358e+03,0,1.0000000000000000e+00,-1.2038853058674224e+01,-1.0000328605085887e+01,-7.9935144438100536e-01,3.5741337677501972e-01,-2.0273790929291602e-02,-1.8822930022921267e-02
5.0450289444336358e+03,1,1.0000000000000000e+00,-1.2820998423404063e+01,-5.0798108279303005e+00,-6.4923179844856804e-01,-2.6793491755453913e-01,-1.1934007374216965e-01,4.0988428218683148e-03
5.0450289444336358e+03,2,1.0000000000000000e+00,2.4859851482097447e+01,1.5080139433039735e+01,1.4485832428298471e+00,-8.9478459220475176e-02,1.3961386467147091e-01,1.4724087201053102e-02

5.0499304717718314e+03,0,1.0000000000000000e+00,-1.0452374937210617e+01,-9.6499507847837052e+00,-8.7365100460711931e-01,2.7192079910463141e-01,1.5405383409620332e-01,-1.0982662681609488e-02
5.0499304717718314e+03,1,1.0000000000000000e+00,-1.3958226867765910e+01,-6.1079273834839816e+00,-6.4646816379585004e-01,-1.7810463927884557e-01,-2.9095784438982747e-01,-3.4802449665196113e-03
5.0499304717718314e+03,2,1.0000000000000000e+00,2.4410601804995725e+01,1.5757878168291288e+01,1.5201191684032436e+00,-9.3816159825780607e-02,1.3690401029363369e-01,1.4462907648129235e-02

5.0547736936041683e+03,0,1.0000000000000000e+00,-9.5182381437650569e+00,-8.6425690703052496e+00,-9.0457420419371370e-01,1.0470741095107891e-01,2.4448245843364561e-01,-1.8347680238196308e-03
5.0547736936041683e+03,1,1.0000000000000000e+00,-1.4427765058616622e+01,-7.7715803049520975e+00,-6.8493672534644168e-01,-6.6771390840398015e-03,-3.7855910970256279e-01,-1.2354699247790958e-02
5.0547736936041683e+03,2,1.0000000000000000e+00,2.3946003202400899e+01,1.6414149375280999e+01,1.5895109295404306e+00,-9.8030271867033780e-02,1.3407665126892662e-01,1.4189467271610721e-02

5.0596370120489200e+03,0,1.0000000000000000e+00,-9.4725745060079483e+00,-7.4634700423301048e+00,-8.9444608418653671e-01,-8.3268557735282425e-02,2.2073983116601997e-01,5.4195328737884473e-03
5.0596370120489200e+03,1,1.0000000000000000e+00,-1.3986474936742646e+01,-9.5955381988949657e+00,-7.6337043969685825e-01,1.8548756090970475e-01,-3.5183478160757969e-01,-1.9317530521074343e-02
5.0596370120489200e+03,2,1.0000000000000000e+00,2.3459049442769835e+01,1.7059008241248772e+01,1.6578165238836702e+00,-1.0221900317441716e-01,1.3109495044156921e-01,1.3897997647286034e-02

5.0644394275345803e+03,0,1.0000000000000000e+00,-1.0232796593605801e+01,-6.6737472724874323e+00,-8.5983369030480938e-01,-2.2020176942732061e-01,9.4000088466890230e-02,8.1204752556028950e-03
5.0644394275345803e+03,1,1.0000000000000000e+00,-1.2725517375677105e+01,-1.1007541691298007e+01,-8.6400837359160898e-01,3.2650631958403964e-01,-2.2204333960938405e-01,-2.1717564877207420e-02
5.0644394275345803e+03,2,1.0000000000000000e+00,2.2958313969302186e+01,1.7681288963809180e+01,1.7238420638966949e+00,-1.0630455015671386e-01,1.2804325114250339e-01,1.3597089621604662e-02

5.0693102032000279e+03,0,1.0000000000000000e+00,-1.1446245234679278e+01,-6.6575616788218213e+00,-8.2473866459749434e-01,-2.5876774349260573e-01,-9.1484457923904430e-02,5.4048833612621635e-03
5.0693102032000279e+03,1,1.0000000000000000e+00,-1.0984368223937858e+01,-1.1639683341493829e+01,-9.6457054507833129e-01,3.6912486703691932e-01,-3.3376659128288202e-02,-1.8688147934956649e-02
5.0693102032000279e+03,2,1.0000000000000000e+00,2.2430613458636440e+01,1.8297245020339435e+01,1.7893092096761025e+00,-1.1035712354430829e-01,1.2486111705220233e-01,1.3283264573694624e-02

5.0741191521399724e+03,0,1.0000000000000000e+00,-1.2553208326968324e+01,-7.5305344542215735e+00,-8.1434489470739191e-01,-1.8392766526963183e-01,-2.6417516939717284e-01,-1.6238009339497421e-03
5.0741191521399724e+03,1,1.0000000000000000e+00,-9.3373154184468312e+00,-1.1359412532205576e+01,-1.0380815290188758e+00,2.9816985413132641e-01,1.4255601198525358e-01,-1.1341124217785513e-02
5.0741191521399724e+03,2,1.0000000000000000e+00,2.1890523745434486e+01,1.8889946986450987e+01,1.8524264237265453e+00,-1.1424218886168934e-01,1.2161915741192890e-01,1.2964925151735390e-02

5.0789933653041508e+03,0,1.0000000000000000e+00,-1.3076386410034885e+01,-9.1046920216176090e+00,-8.4391385571358235e-01,-2.0094619483234752e-02,-3.6507346866927420e-01,-1.0539523959364420e-02
5.0789933653041508e+03,1,1.0000000000000000e+00,-8.2479181669048565e+00,-1.0369777347954280e+01,-1.0708942301618345e+00,1.3817030283817067e-01,2.4687453123731756e-01,-2.0894962035925627e-03
5.0789933653041508e+03,2,1.0000000000000000e+00,2.1324304576959086e+01,1.9474469369595774e+01,1.9148080858756948e+00,-1.1807568335493057e-01,1.1819893743196624e-01,1.2629020162957114e-02

5.0837218603006013e+03,0,1.0000000000000000e+00,-1.2724331235226602e+01,-1.0852435715844758e+01,-9.1201661856512661e-01,1.6831893872660569e-01,-3.5536965273903320e-01,-1.7781541613448686e-02
5.0837218603006013e+03,1,1.0000000000000000e+00,-8.0330006918642045e+00,-9.1728118813398769e+00,-1.0617051898448635e+00,-4.6592699831665751e-02,2.4062928963376973e-01,5.4946707228486144e-03
5.0837218603006013e+03,2,1.0000000000000000e+00,2.0757331927110179e+01,2.0025247597208569e+01,1.9737218084102690e+00,-1.2172623889493422e-01,1.1474036310527311e-01,1.2286870890600207e-02

5.0886235080138576e+03,0,1.0000000000000000e+00,-1.1487510024115927e+01,-1.2339583956855403e+01,-1.0092534957425623e+00,3.2399525689732911e-01,-2.3522831877324735e-01,-2.0995725128485597e-02
5.0886235080138576e+03,1,1.0000000000000000e+00,-8.6640056465510629e+00,-8.2390396733411944e+00,-1.0237934744152561e+00,-1.9854402006179450e-01,1.2419386745675975e-01,9.0784384863266537e-03
5.0886235080138576e+03,2,1.0000000000000000e+00,2.0151515670686386e+01,2.0578623630220577e+01,2.0330469701580975e+00,-1.2545123683552878e-01,1.1103445131649738e-01,1.1917286642159077e-02

5.0933355404938648e+03,0,1.0000000000000000e+00,-9.7832365400939025e+00,-1.3036249709511420e+01,-1.1049181637707548e+00,3.8137715445382336e-01,-5.4861369062878140e-02,-1.8736205066361596e-02
5.0933355404938648e+03,1,1.0000000000000000e+00,-9.7688679293010452e+00,-8.0570140740102278e+00,-9.8342821390555879e-01,-2.5242808282025386e-01,-5.2529200364579365e-02,7.1829493122469931e-03
5.0933355404938648e+03,2,1.0000000000000000e+00,1.9552104469414367e+01,2.1093263783545666e+01,2.0883463776765945e+00,-1.2894907163356370e-01,1.0739056942746711e-01,1.1553255754114731e-02

5.0978582674094296e+03,0,1.0000000000000000e+00,-8.1316001397758058e+00,-1.2879724886406445e+01,-1.1763405239548994e+00,3.3241637045439176e-01,1.1915370589431171e-01,-1.2288665430448271e-02
5.0978582674094296e+03,1,1.0000000000000000e+00,-1.0829914505916680e+01,-8.6911996695627458e+00,-9.6345750390464424e-01,-2.0021965714818346e-01,-2.2297720179914651e-01,1.0904588048070013e-03
5.0978582674094296e+03,2,1.0000000000000000e+00,1.8961514645711940e+01,2.1570924555993258e+01,2.1397980278598245e+00,-1.3219671330620247e-01,1.0382349590484438e-01,1.1198206625641379e-02

5.1026303812026472e+03,0,1.0000000000000000e+00,-6.8577896961851579e+00,-1.1982841138445835e+01,-1.2136727412302490e+00,1.8922927861187519e-01,2.4201109190600001e-01,-3.2151700253462909e-03
5.1026303812026472e+03,1,1.0000000000000000e+00,-1.1464940236136638e+01,-1.0074367839978258e+01,-9.7865339187240963e-01,-5.3730402971940899e-02,-3.4196986957459863e-01,-7.5991685178350143e-03
5.1026303812026472e+03,2,1.0000000000000000e+00,1.8322729932341275e+01,2.2057208978448202e+01,2.1923261331029398e+00,-1.3549887563992827e-01,9.9958777668608112e-02,1.0814338543181395e-02

5.1072819812085572e+03,0,1.0000000000000000e+00,-6.3950264793540512e+00,-1.0768400140368136e+01,-1.2088724031307425e+00,7.9897633157748338e-03,2.6210344720693501e-01,4.9115946485683831e-03
5.1072819812085572e+03,1,1.0000000000000000e+00,-1.1290131699107878e+01,-1.1744769881704677e+01,-1.0328604026350898e+00,1.3062758058375301e-01,-3.5816752714428468e-01,-1.5337492063105971e-02
5.1072819812085572e+03,2,1.0000000000000000e+00,1.7685158178481437e+01,2.2513170022096965e+01,2.2417328057661141e+00,-1.3861734389952185e-01,9.6064079937359076e-02,1.0425897414537680e-02

5.1123031768260917e+03,0,1.0000000000000000e+00,-6.8087850296038361e+00,-9.6446060232759230e+00,-1.1697263407467133e+00,-1.6239099885768771e-01,1.6717701474706209e-01,9.8064895213018644e-03
5.1123031768260917e+03,1,1.0000000000000000e+00,-1.0172070145561250e+01,-1.3340073961101394e+01,-1.1232682197924118e+00,3.0429242942592277e-01,-2.5889983705496017e-01,-1.9796119037689592e-02
5.1123031768260917e+03,2,1.0000000000000000e+00,1.6980855175184622e+01,2.2984679984401527e+01,2.2929945605394062e+00,-1.4190143056822907e-01,9.1722822307907625e-02,9.9896295163878161e-03

5.1172368444854756e+03,0,1.0000000000000000e+00,-7.8495656570673660e+00,-9.2294165636440475e+00,-1.1209825477341795e+00,-2.4100354087350978e-01,-7.2194299803116924e-03,8.9878667358143129e-03
5.1172368444854756e+03,1,1.0000000000000000e+00,-8.4234095436091145e+00,-1.4197059032917313e+01,-1.2202147798802343e+00,3.8604380563850021e-01,-8.0139436043553530e-02,-1.8537311939414717e-02
5.1172368444854756e+03,2,1.0000000000000000e+00,1.6272975200696052e+01,2.3426475596585615e+01,2.3411973276146960e+00,-1.4504026476498444e-01,8.7358866023874798e-02,9.5494452036004943e-03

5.1211668657127966e+03,0,1.0000000000000000e+00,-8.7786437493623932e+00,-9.5600453773029912e+00,-1.0934626025803378e+00,-2.1904735881685988e-01,-1.5929411909853763e-01,4.5344663133550312e-03
5.1211668657127966e+03,1,1.0000000000000000e+00,-6.9195497200599947e+00,-1.4202841332592417e+01,-1.2845682911430494e+00,3.6650024779177059e-01,7.5459009896991225e-02,-1.3729276323928133e-02
5.1211668657127966e+03,2,1.0000000000000000e+00,1.5698193469441973e+01,2.3762886709919705e+01,2.3780308937236696e+00,-1.4745288897490466e-01,8.3835109201555930e-02,9.1948100105731893e-03

5.1264782246457353e+03,0,1.0000000000000000e+00,-9.6219098658008946e+00,-1.0856996763009068e+01,-1.0929786598981552e+00,-8.0846440499863600e-02,-3.1374655321277484e-01,-4.7034188136749026e-03
5.1264782246457353e+03,1,1.0000000000000000e+00,-5.2847777109423379e+00,-1.3338362809614457e+01,-1.3326043704530282e+00,2.3140584904749223e-01,2.3475143090305556e-01,-4.0059626026456435e-03
5.1264782246457353e+03,2,1.0000000000000000e+00,1.4906687576762847e+01,2.4195359572647853e+01,2.4255830303514663e+00,-1.5055940854762262e-01,7.8995122309728882e-02,8.7093814163206329e-03

5.1312076322154389e+03,0,1.0000000000000000e+00,-9.5809764342606183e+00,-1.2475344108363467e+01,-1.1354489816171087e+00,1.0234986733522437e-01,-3.5242830508318879e-01,-1.2982564598384424e-02
5.1312076322154389e+03,1,1.0000000000000000e+00,-4.6074064021713479e+00,-1.2083208275402274e+01,-1.3302798071176025e+00,5.0831183213310357e-02,2.7785485287435929e-01,4.7172819924342843e-03
5.1312076322154389e+03,2,1.0000000000000000e+00,1.4188382836451611e+01,2.4558552383790111e+01,2.4657287887349941e+00,-1.5318105054852854e-01,7.4573452208839208e-02,8.2652826059502280e-03

5.1358744442319767e+03,0,1.0000000000000000e+00,-8.6837923559892047e+00,-1.3997394068162617e+01,-1.2098002604692519e+00,2.7554060847038830e-01,-2.8271184047900072e-01,-1.8186680626441777e-02
5.1358744442319767e+03,1,1.0000000000000000e+00,-4.7838979919170317e+00,-1.0898755186050382e+01,-1.2934488025794058e+00,-1.1987833722634894e-01,2.1262539731390134e-01,1.0374883602805973e-02
5.1358744442319767e+03,2,1.0000000000000000e+00,1.3467690347925908e+01,2.4896149254237415e+01,2.5032490630489415e+00,-1.5566227124403337e-01,7.0086443165109091e-02,7.8117970236358820e-03

5.1407598279731301e+03,0,1.0000000000000000e+00,-7.0309706764359756e+00,-1.5006855313378704e+01,-1.3015701617365871e+00,3.8426876588204384e-01,-1.1924728925695968e-01,-1.8408469514016330e-02
5.1407598279731301e+03,1,1.0000000000000000e+00,-5.6700960118549961e+00,-1.0219989622062883e+01,-1.2386541806351790e+00,-2.2610376699754275e-01,5.3966714791021025e-02,1.1084855969310480e-02
5.1407598279731301e+03,2,1.0000000000000000e+00,1.2701066688310673e+01,2.5226844935466048e+01,2.5402243423720501e+00,-1.5816499888449531e-01,6.5280574465948399e-02,7.3236135447059406e-03

5.1454066725143130e+03,0,1.0000000000000000e+00,-5.2086591542255229e+00,-1.5126108299287262e+01,-1.3773668623998063e+00,3.8170730269453523e-01,6.7515446619807601e-02,-1.3465081262503488e-02
5.1454066725143130e+03,1,1.0000000000000000e+00,-6.7521090291106853e+00,-1.0393339179452159e+01,-1.1957976587866939e+00,-2.2126831751074660e-01,-1.2816362419513624e-01,6.6117364900397622e-03
5.1454066725143130e+03,2,1.0000000000000000e+00,1.1960768183355938e+01,2.5519447478763933e+01,2.5731645211867842e+00,-1.6043898518378261e-01,6.0648177575338469e-02,6.8533447724638133e-03

5.1498871137421938e+03,0,1.0000000000000000e+00,-3.6900509255704499e+00,-1.4468656985170501e+01,-1.4205079971074486e+00,2.8223179930280790e-01,2.1631268063818451e-01,-5.4524235970932443e-03
5.1498871137421938e+03,1,1.0000000000000000e+00,-7.5472070162812059e+00,-1.1312439642918410e+01,-1.1823423186084527e+00,-1.1973041221410946e-01,-2.7245292325383130e-01,-9.4497698100249987e-04
5.1498871137421938e+03,2,1.0000000000000000e+00,1.1237257941871412e+01,2.5781096628113463e+01,2.6028503157161862e+00,-1.6250138708869227e-01,5.6140242615656533e-02,6.3974005780958153e-03

5.1543693541904904e+03,0,1.0000000000000000e+00,-2.7740204704933351e+00,-1.3303820216336231e+01,-1.4251693888099348e+00,1.1997022298248730e-01,2.8791602911943515e-01,3.2610178156709350e-03
5.1543693541904904e+03,1,1.0000000000000000e+00,-7.7305122507411976e+00,-1.2718693220795284e+01,-1.2053234865225957e+00,4.4450551781968800e-02,-3.3948386067198466e-01,-9.1963918015550063e-03
5.1543693541904904e+03,2,1.0000000000000000e+00,1.0504532721254316e+01,2.6022513437156110e+01,2.6304928753328154e+00,-1.6442077476445024e-01,5.1567831552559507e-02,5.9353739858841251e-03

5.1596818330847582e+03,0,1.0000000000000000e+00,-2.6886320055216135e+00,-1.1825519688408892e+01,-1.3855244201655852e+00,-8.2710779457771028e-02,2.4567710174376806e-01,1.0886442726602781e-02
5.1596818330847582e+03,1,1.0000000000000000e+00,-6.9367540990525365e+00,-1.4456287055252556e+01,-1.2750135448989686e+00,2.4923644858811320e-01,-2.9170102786249158e-01,-1.6258999209263499e-02
5.1596818330847582e+03,2,1.0000000000000000e+00,9.6253861045939644e+00,2.6281806743686101e+01,2.6605379650648384e+00,-1.6652566913033620e-01,4.6023926118733474e-02,5.3725564826607626e-03

5.1647042643629347e+03,0,1.0000000000000000e+00,-3.4614653119288352e+00,-1.0930126050271191e+01,-1.3237601498370202e+00,-2.0891598408903922e-01,9.7355167621414898e-02,1.2704496267760830e-02
5.1647042643629347e+03,1,1.0000000000000000e+00,-5.3228527972507127e+00,-1.5569392311265609e+01,-1.3623890034016040e+00,3.7729470887020544e-01,-1.3800896660851297e-01,-1.7528426780683361e-02
5.1647042643629347e+03,2,1.0000000000000000e+00,8.7843181091993898e+00,2.6499518361561499e+01,2.6861491532389090e+00,-1.6837872478116042e-01,4.0653798987108095e-02,4.8239305129225783e-03

5.1695966670246362e+03,0,1.0000000000000000e+00,-4.5640418392775679e+00,-1.0912934727237705e+01,-1.2690501359471513e+00,-2.2189934381998799e-01,-9.1725162114217093e-02,8.7961401351226882e-03
5.1695966670246362e+03,1,1.0000000000000000e+00,-3.3923284266155638e+00,-1.5772516312088015e+01,-1.4393735376666466e+00,3.9196152690493846e-01,5.6378025369575216e-02,-1.3077365358911165e-02
5.1695966670246362e+03,2,1.0000000000000000e+00,7.9563702659130051e+00,2.6685451039350461e+01,2.7084236736140834e+00,-1.7006218308494472e-01,3.5347136744651883e-02,4.2812252237885229e-03

5.1741470935538309e+03,0,1.0000000000000000e+00,-5.4017892522499746e+00,-1.1696902070204992e+01,-1.2447865483212022e+00,-1.3139272903987992e-01,-2.4419629927946021e-01,1.4590796105229042e-03
5.1741470935538309e+03,1,1.0000000000000000e+00,-1.7774129471258888e+00,-1.5138105353853600e+01,-1.4819673743160595e+00,3.0288639633396813e-01,2.1381419897436918e-01,-5.2343057114861867e-03
5.1741470935538309e+03,2,1.0000000000000000e+00,7.1792021993957640e+00,2.6835007424083386e+01,2.7267539226375477e+00,-1.7149366729408258e-01,3.0382100305100773e-02,3.7752261009633206e-03

5.1786521035901642e+03,0,1.0000000000000000e+00,-5.6539918001210996e+00,-1.3007905101955789e+01,-1.2571439602673782e+00,2.7189586894361878e-02,-3.2281661102391912e-01,-6.8984898858062485e-03
5.1786521035901642e+03,1,1.0000000000000000e+00,-7.4972766442289540e-01,-1.3952847371994412e+01,-1.4854859579427668e+00,1.4556522047131495e-01,2.9738190966370770e-01,3.6263550017721340e-03
5.1786521035901642e+03,2,1.0000000000000000e+00,6.4037194645639239e+00,2.6960752473975045e+01,2.7426299182104312e+00,-1.7275480736567103e-01,2.5434701360221135e-02,3.2721348840341336e-03

5.1839802225571993e+03,0,1.0000000000000000e+00,-4.9462688347165651e+00,-1.4701192833225432e+01,-1.3160841094284650e+00,2.3514920944620527e-01,-2.8930494167900966e-01,-1.4505335524488574e-02
5.1839802225571993e+03,1,1.0000000000000000e+00,-5.3347378656870248e-01,-1.2379310651085477e+01,-1.4423732246194807e+00,-6.1109158340878378e-02,2.6980922773009042e-01,1.1839070722382666e-02
5.1839802225571993e+03,2,1.0000000000000000e+00,5.4797426213052267e+00,2.7080503484335807e+01,2.7584573340482321e+00,-1.7404005110532128e-01,1.9495713948928961e-02,2.6662648021059197e-03

5.1890131537040143e+03,0,1.0000000000000000e+00,-3.3749439681598101e+00,-1.5827096866660611e+01,-1.3965048813953569e+00,3.7392367266486914e-01,-1.4316357856702538e-01,-1.6439066173466733e-02
5.1890131537040143e+03,1,1.0000000000000000e+00,-1.2261934902103815e+00,-1.1337159728735477e+01,-1.3738977423773353e+00,-1.9884683315518514e-01,1.2939581578692128e-01,1.4360915160332870e-02
5.1890131537040143e+03,2,1.0000000000000000e+00,4.6011374583901805e+00,2.7164256595421030e+01,2.7704026237729780e+00,-1.7507683950967820e-01,1.3767762780113907e-02,2.0781510131338676e-03

5.1939076161171452e+03,0,1.0000000000000000e+00,-1.4307250336159147e+00,-1.6056894341505355e+01,-1.4694521483684380e+00,4.0032963128344345e-01,5.1984814240308569e-02,-1.2454124127061702e-02
5.1939076161171452e+03,1,1.0000000000000000e+00,-2.3113252118645513e+00,-1.1160936582672916e+01,-1.3097002636642299e+00,-2.2438465593971535e-01,-6.0100300534961321e-02,1.0957688423322631e-02
5.1939076161171452e+03,2,1.0000000000000000e+00,3.7420502455004834e+00,2.7217830924203255e+01,2.7791524120329538e+00,-1.7594497534372239e-01,8.1154862946626327e-03,1.4964357037390887e-03

5.1982894312911321e+03,0,1.0000000000000000e+00,1.8741277865707295e-01,-1.5465623187995774e+01,-1.5088052515175896e+00,3.2364149720413138e-01,2.1061241641572304e-01,-5.0755358561049135e-03
5.1982894312911321e+03,1,1.0000000000000000e+00,-3.1570300555472608e+00,-1.1776634888220745e+01,-1.2757609393457516e+00,-1.4704556421128745e-01,-2.1364564120251123e-01,4.1006713299814573e-03
5.1982894312911321e+03,2,1.0000000000000000e+00,2.9696172769102285e+00,2.7242258076241551e+01,2.7845661908636279e+00,-1.7659593299283793e-01,3.0332247867982109e-03,9.7486452612348309e-04

5.2042200148063384e+03,0,1.0000000000000000e+00,1.5276882707309216e+00,-1.3823964358416097e+01,-1.5039508483294624e+00,1.1548677694366061e-01,3.1660059403985019e-01,6.5979294746252130e-03
5.2042200148063384e+03,1,1.0000000000000000e+00,-3.4479370710047537e+00,-1.3415874474563807e+01,-1.2843085833939176e+00,6.1750821979675408e-02,-3.1274757095011985e-01,-6.8682443956986812e-03
5.2042200148063384e+03,2,1.0000000000000000e+00,1.9202488002939067e+00,2.7239838833005003e+01,2.7882594317236675e+00,-1.7723759892333019e-01,-3.8530230897204087e-03,2.7031492107351934e-04

5.2091561720098352e+03,0,1.0000000000000000e+00,1.6196583577540764e+00,-1.2314351051087161e+01,-1.4519995330908646e+00,-7.3578502184006966e-02,2.7532202381778342e-01,1.3766452080692389e-02
5.2091561720098352e+03,1,1.0000000000000000e+00,-2.6642104543180549e+00,-1.4892234643784175e+01,-1.3361350005960198e+00,2.5111451152800279e-01,-2.6568953431374015e-01,-1.3443699955986411e-02
5.2091561720098352e+03,2,1.0000000000000000e+00,1.0445520965840815e+00,2.7206585694896479e+01,2.7881345336871712e+00,-1.7753600934398978e-01,-9.6324895040333369e-03,-3.2275212470591827e-04

5.2140497164884409e+03,0,1.0000000000000000e+00,9.1202454979719350e-01,-1.1281283374779587e+01,-1.3772322372852295e+00,-2.0065478983188534e-01,1.3374751538733629e-01,1.5833417816545028e-02
5.2140497164884409e+03,1,1.0000000000000000e+00,-1.0874785901915647e+00,-1.5863972780151888e+01,-1.4078587724872513e+00,3.7829096896934011e-01,-1.1829929404063091e-01,-1.4910147100163341e-02
5.2140497164884409e+03,2,1.0000000000000000e+00,1.7545404041450441e-01,2.7145256154956659e+01,2.7850910097727684e+00,-1.7763617913744859e-01,-1.5448221346695566e-02,-9.2327071638163003e-04

5.2186529105716909e+03,0,1.0000000000000000e+00,-1.0247656356098700e-01,-1.1068413452785123e+01,-1.3100383793970405e+00,-2.2255020868066333e-01,-4.3372250015591897e-02,1.2565845949113244e-02
5.2186529105716909e+03,1,1.0000000000000000e+00,7.4464086938635710e-01,-1.5993001748755095e+01,-1.4694844729289125e+00,4.0013103045090548e-01,6.4358546400172995e-02,-1.1069130454103656e-02
5.2186529105716909e+03,2,1.0000000000000000e+00,-6.4216430580520778e-01,2.7061415201565453e+01,2.7795228523262416e+00,-1.7758082177023593e-01,-2.0986296384571425e-02,-1.4967154950095273e-03

5.2229732635051369e+03,0,1.0000000000000000e+00,-9.3639996051328478e-01,-1.1596781097336706e+01,-1.2691987536858282e+00,-1.4940726550690367e-01,-1.9450501388298103e-01,5.9097743165055106e-03
5.2229732635051369e+03,1,1.0000000000000000e+00,2.3454387240568142e+00,-1.5362702044223383e+01,-1.5026934460876982e+00,3.2681061470169781e-01,2.2070433529767630e-01,-3.8745531591625037e-03
5.2229732635051369e+03,2,1.0000000000000000e+00,-1.4090387635233421e+00,2.6959483141585363e+01,2.7718921997738133e+00,-1.7740334919478790e-01,-2.6199321414685693e-02,-2.0352211573429480e-03

5.2278755997467679e+03,0,1.0000000000000000e+00,-1.2902898806871967e+00,-1.2828940254586307e+01,-1.2626492728797079e+00,1.5398592437995740e-02,-2.9106591435614038e-01,-3.2536863575770127e-03
5.2278755997467679e+03,1,1.0000000000000000e+00,3.5681856885643146e+00,-1.3987649170621799e+01,-1.4977770987353785e+00,1.6163071187919859e-01,3.2315784979162643e-01,5.8954154271350463e-03
5.2278755997467679e+03,2,1.0000000000000000e+00,-2.2778958078568987e+00,2.6816589425233424e+01,2.7604263716153730e+00,-1.7702930431718789e-01,-3.2091935435476518e-02,-2.6417290695579824e-03

5.2326170724157128e+03,0,1.0000000000000000e+00,-7.7278243028603688e-01,-1.4217469214807313e+01,-1.2966393764983875e+00,2.0174613778279374e-01,-2.7590528720723545e-01,-1.0571346079783168e-02
5.2326170724157128e+03,1,1.0000000000000000e+00,3.8887895460716160e+00,-1.2433479074581015e+01,-1.4498739598612809e+00,-2.5288246559863808e-02,3.1368384013336376e-01,1.3798794687116575e-02
5.2326170724157128e+03,2,1.0000000000000000e+00,-3.1160071157653308e+00,2.6650948289413691e+01,2.7465133363599565e+00,-1.7645789122292369e-01,-3.7778552926118592e-02,-3.2274486073333580e-03

5.2373063421979723e+03,0,1.0000000000000000e+00,5.4232642569523049e-01,-1.5271487990770900e+01,-1.3554339710776298e+00,3.4786362900841261e-01,-1.5898206689958294e-01,-1.3662024994595821e-02
5.2373063421979723e+03,1,1.0000000000000000e+00,3.3993936596345122e+00,-1.1189065468476254e+01,-1.3745749363129520e+00,-1.7218471328646301e-01,2.0241678293486187e-01,1.7475364909427148e-02
5.2373063421979723e+03,2,1.0000000000000000e+00,-3.9417200853094680e+00,2.6460553459272564e+01,2.7300089073908702e+00,-1.7567891572194341e-01,-4.3434716035269466e-02,-3.8133399148312826e-03

5.2423449979259440e+03,0,1.0000000000000000e+00,2.4899120627444176e+00,-1.5598907050654963e+01,-1.4202154424081812e+00,4.0456672367205782e-01,3.5235972670174642e-02,-1.1020788815568677e-02
5.2423449979259440e+03,1,1.0000000000000000e+00,2.3344351052287329e+00,-1.0627349469099087e+01,-1.2889720832577776e+00,-2.2993653613536191e-01,1.4338788289508630e-02,1.5473403648835459e-02
5.2423449979259440e+03,2,1.0000000000000000e+00,-4.8243471679528440e+00,2.6226256519779504e+01,2.7091875256662474e+00,-1.7463018753668985e-01,-4.9574760959673586e-02,-4.4526148332667357e-03

5.2471601580588913e+03,0,1.0000000000000000e+00,4.3285510891537067e+00,-1.4972818532760011e+01,-1.4567684465839377e+00,3.4052057154877469e-01,2.1819315870031222e-01,-3.5346227480229746e-03
5.2471601580588913e+03,1,1.0000000000000000e+00,1.3339044995790159e+00,-1.1000535748415828e+01,-1.2295015842021280e+00,-1.6706512578959387e-01,-1.6272514315287098e-01,8.6003815448373010e-03
5.2471601580588913e+03,2,1.0000000000000000e+00,-5.6624555887123869e+00,2.5973354281201345e+01,2.6862700307863552e+00,-1.7345544575917443e-01,-5.5468015547431582e-02,-5.0657587968142761e-03

5.2516470334330725e+03,0,1.0000000000000000e+00,5.5572161606132653e+00,-1.3719408232102246e+01,-1.4526244105329822e+00,1.9707573329912437e-01,3.2677166045723005e-01,5.4698773715558101e-03
5.2516470334330725e+03,1,1.0000000000000000e+00,8.8077542228391170e-01,-1.1992803201961943e+01,-1.2096446549237145e+00,-2.4866616600102087e-02,-2.6584545992365349e-01,1.6140818628101149e-04
5.2516470334330725e+03,2,1.0000000000000000e+00,-6.4379915828768102e+00,2.5712211434089731e+01,2.6622690654569867e+00,-1.7220911669901595e-01,-6.0926200533566899e-02,-5.6312855578367748e-03

5.2569559113975629e+03,0,1.0000000000000000e+00,6.0484539088324016e+00,-1.1904435568057753e+01,-1.3973277163572431e+00,-1.2331162580190236e-02,3.3350183623325463e-01,1.4792818634701074e-02
5.2569559113975629e+03,1,1.0000000000000000e+00,1.2993725417145061e+00,-1.3467336763637970e+01,-1.2332877481268487e+00,1.8283605742639536e-01,-2.6618590739398090e-01,-8.5001482791576110e-03
5.2569559113975629e+03,2,1.0000000000000000e+00,-7.3478264505265063e+00,2.5371772331721321e+01,2.6306154644843809e+00,-1.7050489484619907e-01,-6.7315928839264350e-02,-6.2926703555434161e-03

5.2619852132708429e+03,0,1.0000000000000000e+00,5.5524693186957350e+00,-1.0471478226217886e+01,-1.3099503406198418e+00,-1.7247949599720086e-01,2.1947537665380906e-01,1.9005462584977938e-02
5.2619852132708429e+03,1,1.0000000000000000e+00,2.6482572988847486e+00,-1.4546594683976011e+01,-1.2874427597759119e+00,3.4110242673193963e-01,-1.4613533555004454e-01,-1.2085766208086279e-02
5.2619852132708429e+03,2,1.0000000000000000e+00,-8.2007266175600542e+00,2.5018072910219534e+01,2.5973931003960429e+00,-1.6862293073473264e-01,-7.3340041103755124e-02,-6.9196963768916086e-03

5.2669139354932640e+03,0,1.0000000000000000e+00,4.5069144725771828e+00,-9.8217123498716354e+00,-1.2181631654313398e+00,-2.3255921055781334e-01,3.8043298251821789e-02,1.7265244474669855e-02
5.2669139354932640e+03,1,1.0000000000000000e+00,4.5198465496545683e+00,-1.4820300034020386e+01,-1.3435975750709761e+00,3.9909053424280339e-01,4.1221228615813399e-02,-9.7249258053904199e-03
5.2669139354932640e+03,2,1.0000000000000000e+00,-9.0267610222112857e+00,2.4642012383917713e+01,2.5617607405026055e+00,-1.6653132368498408e-01,-7.9264526867625917e-02,-7.5403186692793835e-03

5.2717828268643179e+03,0,1.0000000000000000e+00,3.4681507675807453e+00,-1.0087493346523843e+01,-1.1488426161019221e+00,-1.7526989117934694e-01,-1.4116599392263562e-01,1.0550473223299064e-02
5.2717828268643179e+03,1,1.0000000000000000e+00,6.3639873888276863e+00,-1.4154307172319342e+01,-1.3747075937464959e+00,3.3953441269531731e-01,2.2629439428926196e-01,-2.3955880933462757e-03
5.2717828268643179e+03,2,1.0000000000000000e+00,-9.8321381563879395e+00,2.4241800518868921e+01,2.5235502098487075e+00,-1.6426452151596438e-01,-8.5128400366616952e-02,-8.1548851299527436e-03

5.2763358848125936e+03,0,1.0000000000000000e+00,2.9651434136275050e+00,-1.1006194982601151e+01,-1.1199170602889574e+00,-3.4994026288755808e-02,-2.4872088943755083e-01,2.0337257367028048e-03
5.2763358848125936e+03,1,1.0000000000000000e+00,7.6097760220272930e+00,-1.2835603845291740e+01,-1.3652078291880925e+00,1.9698209775107833e-01,3.3928687843571798e-01,6.6885597472001890e-03
5.2763358848125936e+03,2,1.0000000000000000e+00,-1.0574919435634277e+01,2.3841798827918673e+01,2.4851248894773406e+00,-1.6198807146231645e-01,-9.0565988998157765e-02,-8.7222854839029418e-03

5.2817102315432076e+03,0,1.0000000000000000e+00,3.3372945128664888e+00,-1.2418165161824120e+01,-1.1343972552798207e+00,1.7438307773605247e-01,-2.5270239546417522e-01,-6.8691027207264700e-03
5.2817102315432076e+03,1,1.0000000000000000e+00,8.1005161455161527e+00,-1.0919904702448999e+01,-1.3020819248763811e+00,-1.5300275729899310e-02,3.4957091631299370e-01,1.6247562576735711e-02
5.2817102315432076e+03,2,1.0000000000000000e+00,-1.1437810658362086e+01,2.3338069864298951e+01,2.4364791801564922e+00,-1.5908280200614697e-01,-9.6868520848809120e-02,-9.3784598560091876e-03

5.2866379551563887e+03,0,1.0000000000000000e+00,4.6131468934662951e+00,-1.3420200555618781e+01,-1.1797210009692511e+00,3.3177314496689275e-01,-1.3736068012010338e-01,-1.0615279721329482e-02
5.2866379551563887e+03,1,1.0000000000000000e+00,7.6014922624476142e+00,-9.4265036762763152e+00,-1.2090780689329295e+00,-1.7561141649183071e-01,2.3990994617204281e-01,2.0588211738309659e-02
5.2866379551563887e+03,2,1.0000000000000000e+00,-1.2214639155893327e+01,2.2846704231920963e+01,2.3887990699024715e+00,-1.5616172847505599e-01,-1.0254926605192999e-01,-9.9729320169801260e-03

5.2914426822718979e+03,0,1.0000000000000000e+00,6.3996805763912201e+00,-1.3657777055801255e+01,-1.2281773578502952e+00,3.9349810058995133e-01,4.4995860482265421e-02,-8.6039909280980088e-03
5.2914426822718979e+03,1,1.0000000000000000e+00,6.5579112155660884e+00,-8.6829868538418005e+00,-1.1113119804999105e+00,-2.4044200873182303e-01,6.3052974863933603e-02,1.9156831755672850e-02
5.2914426822718979e+03,2,1.0000000000000000e+00,-1.2957591791936698e+01,2.2340763909668969e+01,2.3394893383504964e+00,-1.5305609185812252e-01,-1.0804883534618978e-01,-1.0552840827574791e-02

5.2961864785946354e+03,0,1.0000000000000000e+00,8.1872308615373139e+00,-1.2995642375376402e+01,-1.2541360838197086e+00,3.4167380238918776e-01,2.2902256044140887e-01,-1.6732927698646398e-03
5.2961864785946354e+03,1,1.0000000000000000e+00,5.4887091939661339e+00,-8.8197134266421884e+00,-1.0339347367515412e+00,-1.9190421820527859e-01,-1.1556247478700096e-01,1.2797987568406281e-02
5.2961864785946354e+03,2,1.0000000000000000e+00,-1.3675940055482812e+01,2.1815355802044550e+01,2.2880708205715408e+00,-1.4976958418390329e-01,-1.1346008565439875e-01,-1.1124694798541591e-02

5.3008650686964538e+03,0,1.0000000000000000e+00,9.4775071459803826e+00,-1.1606053881124112e+01,-1.2404892228828699e+00,1.9800580480966481e-01,3.5068790188743182e-01,7.6649182933645763e-03
5.3008650686964538e+03,1,1.0000000000000000e+00,4.8912241867988433e+00,-9.6660855714256098e+00,-9.9422938455325061e-01,-5.1647091111791915e-02,-2.3194959880439636e-01,4.0152147671694205e-03
5.3008650686964538e+03,2,1.0000000000000000e+00,-1.4368731332758564e+01,2.1272139452575722e+01,2.2347186074364114e+00,-1.4635871369786721e-01,-1.1873830308302623e-01,-1.1680133060533948e-02

5.3054018706487959e+03,0,1.0000000000000000e+00,9.9718606673493149e+00,-9.9254296125563677e+00,-1.1857885104024484e+00,1.8093803871722297e-02,3.7299646894677863e-01,1.6102928107610628e-02
5.3054018706487959e+03,1,1.0000000000000000e+00,5.0530872627856658e+00,-1.0796617460573408e+01,-9.9474435909245318e-01,1.2480708630608198e-01,-2.4925503025567231e-01,-3.8983192029169826e-03
5.3054018706487959e+03,2,1.0000000000000000e+00,-1.5024947930114294e+01,2.0722047073155821e+01,2.1805328694951926e+00,-1.4290089017779881e-01,-1.2374143869109722e-01,-1.2204608904693614e-02

5.3103327409961212e+03,0,1.0000000000000000e+00,9.6103366147582037e+00,-8.2593788441609171e+00,-1.0908866475984245e+00,-1.5526687503429482e-01,2.8497735645038952e-01,2.1542080834110727e-02
5.3103327409961212e+03,1,1.0000000000000000e+00,6.1095645509754251e+00,-1.1839427362730877e+01,-1.0280922105900778e+00,2.9420427178270436e-01,-1.5595296882851778e-01,-8.7818968375246685e-03
5.3103327409961212e+03,2,1.0000000000000000e+00,-1.5719901165712905e+01,2.0098806206917892e+01,2.1189788581887941e+00,-1.3893739674840400e-01,-1.2902438762186247e-01,-1.2760183996586020e-02

5.3150723195002092e+03,0,1.0000000000000000e+00,8.6276509875986207e+00,-7.2748344785375778e+00,-9.8688235885660003e-01,-2.4291077375127185e-01,1.2194928413682551e-01,2.1422272489059896e-02
5.3150723195002092e+03,1,1.0000000000000000e+00,7.7412420911233859e+00,-1.2200666494343604e+01,-1.0703699998855709e+00,3.7779146992960716e-01,1.2032298696954019e-02,-8.1360318364289558e-03
5.3150723195002092e+03,2,1.0000000000000000e+00,-1.6368893078701262e+01,1.9475500972907327e+01,2.0572523587424625e+00,-1.3488069617832982e-01,-1.3398158283377035e-01,-1.3286240652630907e-02

5.3198183320266780e+03,0,1.0000000000000000e+00,7.4784444540703596e+00,-7.1350479048680171e+00,-8.9593131669660808e-01,-2.2275937569565823e-01,-6.0816650738279854e-02,1.6154540378632048e-02
5.3198183320266780e+03,1,1.0000000000000000e+00,9.5204597832901126e+00,-1.1692946631941503e+01,-1.0970233248376164e+00,3.5333098577099692e-01,1.9968802597362134e-01,-2.3462465600525943e-03
5.3198183320266780e+03,2,1.0000000000000000e+00,-1.6998904237339694e+01,1.8827994536835707e+01,1.9929546415345167e+00,-1.3057161007533324e-01,-1.3887137523533230e-01,-1.3808293818579415e-02

5.3245106940001615e+03,0,1.0000000000000000e+00,6.6804378852652526e+00,-7.7693707855011205e+00,-8.3918296961485628e-01,-1.0344974057843516e-01,-1.9741831808597457e-01,7.7279388887788007e-03
5.3245106940001615e+03,1,1.0000000000000000e+00,1.0920762220758137e+01,-1.0395780998125039e+01,-1.0877830962163402e+00,2.2956377623061874e-01,3.4105144170155333e-01,6.5875924302945428e-03
5.3245106940001615e+03,2,1.0000000000000000e+00,-1.7601200106002587e+01,1.8165151783652384e+01,1.9269660658314895e+00,-1.2611403565217791e-01,-1.4363312361556962e-01,-1.4315531319073295e-02

5.3292341829899779e+03,0,1.0000000000000000e+00,6.6006406511931708e+00,-8.8492853417353885e+00,-8.2378664745683539e-01,7.4405093972775671e-02,-2.4173082727431469e-01,-9.7089507906502649e-04
5.3292341829899779e+03,1,1.0000000000000000e+00,1.1585364433341530e+01,-8.6263331741080904e+00,-1.0343855537348803e+00,4.7073782073436710e-02,3.9002989199165450e-01,1.5780532974169321e-02
5.3292341829899779e+03,2,1.0000000000000000e+00,-1.8186005084513869e+01,1.7475618515869748e+01,1.8581722011920081e+00,-1.2147887604620661e-01,-1.4829906471733068e-01,-1.4809637895104252e-02

5.3338903786737510e+03,0,1.0000000000000000e+00,7.3592186896128950e+00,-9.8663102746139337e+00,-8.4329676338503745e-01,2.4542050215981426e-01,-1.7801058782427948e-01,-6.7306678888894630e-03
5.3338903786737510e+03,1,1.0000000000000000e+00,1.1381504209523404e+01,-6.9084388597495838e+00,-9.4482267379234108e-01,-1.2865551738427633e-01,3.3072683252359758e-01,2.2008084324018504e-02
5.3338903786737510e+03,2,1.0000000000000000e+00,-1.8740722899115447e+01,1.6774749134389829e+01,1.7881194371776710e+00,-1.1676498477553199e-01,-1.5271624469930889e-01,-1.5277416435128999e-02

5.3385029969927591e+03,0,1.0000000000000000e+00,8.7718005622828414e+00,-1.0370662072765821e+01,-8.7854658880175895e-01,3.5284798099783077e-01,-2.9922612077636274e-02,-7.6752146694119023e-03
5.3385029969927591e+03,1,1.0000000000000000e+00,1.0496395864647768e+01,-5.6899394886965755e+00,-8.3806666607642510e-01,-2.4093937566681001e-01,1.8682688006990053e-01,2.3400184451373353e-02
5.3385029969927591e+03,2,1.0000000000000000e+00,-1.9268196426909725e+01,1.6060601561488760e+01,1.7166132548784772e+00,-1.1190860533101482e-01,-1.5690426799225518e-01,-1.5724969781961411e-02

5.3429949972198447e+03,0,1.0000000000000000e+00,1.0417229502755012e+01,-1.0103826900243607e+01,-9.0564661347168451e-01,3.6275167287029120e-01,1.4992284806869541e-01,-3.6260321907746751e-03
5.3429949972198447e+03,1,1.0000000000000000e+00,9.3426328214692198e+00,-5.2430820443869841e+00,-7.3937228029053770e-01,-2.5578973784296488e-01,1.0914116758054621e-02,1.9775816358650229e-02
5.3429949972198447e+03,2,1.0000000000000000e+00,-1.9759862324203318e+01,1.5346908944656995e+01,1.6450188937625154e+00,-1.0696193502732049e-01,-1.6083696482674073e-01,-1.6149784167875506e-02

5.3475332070971244e+03,0,1.0000000000000000e+00,1.1894436226385867e+01,-9.0423100588670131e+00,-9.0529288679692399e-01,2.7293620857860168e-01,3.0937179602278653e-01,4.2352513692563275e-03
5.3475332070971244e+03,1,1.0000000000000000e+00,8.3390986515410006e+00,-5.5658848600224395e+00,-6.6548085802715085e-01,-1.7118078636692236e-01,-1.4467340745194979e-01,1.2332899884166566e-02
5.3475332070971244e+03,2,1.0000000000000000e+00,-2.0233534877905928e+01,1.4608194918915895e+01,1.5707737448243684e+00,-1.0175542221167330e-01,-1.6469838857082736e-01,-1.6568151253422855e-02

5.3521946115716628e+03,0,1.0000000000000000e+00,1.2797819180755237e+01,-7.3602751542615215e+00,-8.6356169655112125e-01,1.0626545114560265e-01,3.9586776316015726e-01,1.3628386568142047e-02
5.3521946115716628e+03,1,1.0000000000000000e+00,7.8972502525795392e+00,-6.4711841210691858e+00,-6.2900945938243180e-01,-1.0018509265083797e-02,-2.2732851962477729e-01,3.3534670081486265e-03
5.3521946115716628e+03,2,1.0000000000000000e+00,-2.0695069433313805e+01,1.3831459275357197e+01,1.4925711559338464e+00,-9.6246941880513054e-02,-1.6853924353537053e-01,-1.6981853576290645e-02

5.3567594468462603e+03,0,1.0000000000000000e+00,1.2863145783333694e+01,-5.5553254676827510e+00,-7.8312589707191849e-01,-7.5607752854611243e-02,3.7754156855953958e-01,2.1095974979174800e-02
5.3567594468462603e+03,1,1.0000000000000000e+00,8.2587565646213719e+00,-7.4985187802833346e+00,-6.3104044084902888e-01,1.6635401235685560e-01,-2.0541699749312081e-01,-3.7298643069281628e-03
5.3567594468462603e+03,2,1.0000000000000000e+00,-2.1121902347934068e+01,1.3053844247992618e+01,1.4141663379212410e+00,-9.0746259502238635e-02,-1.7212457106640933e-01,-1.7366110672246624e-02

5.3613755482000097e+03,0,1.0000000000000000e+00,1.2158279876477726e+01,-4.0446895492550627e+00,-6.7596198009522568e-01,-2.1848886119029232e-01,2.6338602904045616e-01,2.4509205831489543e-02
5.3613755482000097e+03,1,1.0000000000000000e+00,9.3694720575611434e+00,-8.2066747731031811e+00,-6.5718668738591557e-01,3.0356123195622386e-01,-8.7863533080568990e-02,-6.7766723229048947e-03
5.3613755482000097e+03,2,1.0000000000000000e+00,-2.1527751934017839e+01,1.2251364322384820e+01,1.3331486674814348e+00,-8.5072370765925498e-02,-1.7552249595987771e-01,-1.7732533508584641e-02

5.3660451404505538e+03,0,1.0000000000000000e+00,1.0965245120251410e+01,-3.2083633797815629e+00,-5.6366243062417487e-01,-2.7530617707952476e-01,8.9536508266727766e-02,2.2711798235844120e-02
5.3660451404505538e+03,1,1.0000000000000000e+00,1.0946048044567124e+01,-8.2158256759988113e+00,-6.8585674913509043e-01,3.5447306780471555e-01,8.9184865171271333e-02,-4.6286754936298719e-03
5.3660451404505538e+03,2,1.0000000000000000e+00,-2.1911293164797478e+01,1.1424189055806991e+01,1.2495191797595586e+00,-7.9166890725184624e-02,-1.7872137343798944e-01,-1.8083122742214221e-02

5.3706432205089241e+03,0,1.0000000000000000e+00,9.7702268353701740e+00,-3.2035326239083677e+00,-4.7230637162389200e-01,-2.2762484837719590e-01,-8.2554280172354277e-02,1.6410981882962243e-02
5.3706432205089241e+03,1,1.0000000000000000e+00,1.2491324765005393e+01,-7.3920297221608129e+00,-6.9330506336975084e-01,3.0077377897075364e-01,2.6422657404064531e-01,1.9999034212248162e-03
5.3706432205089241e+03,2,1.0000000000000000e+00,-2.2261551600354487e+01,1.0595562346095839e+01,1.1656114349939366e+00,-7.3148930593551598e-02,-1.8167229386828157e-01,-1.8410885304187032e-02

5.3754561568207046e+03,0,1.0000000000000000e+00,8.9881973981864718e+00,-3.9233740584138630e+00,-4.1488784541539148e-01,-8.4919881114077209e-02,-2.0163981132616399e-01,7.2743552069882908e-03
5.3754561568207046e+03,1,1.0000000000000000e+00,1.3609857155702151e+01,-5.7907300606771095e+00,-6.6132604130250150e-01,1.5157649555441671e-01,3.8622560676877421e-01,1.1459987948618727e-02
5.3754561568207046e+03,2,1.0000000000000000e+00,-2.2598054553867513e+01,9.7141041191176818e+00,1.0762138867181863e+00,-6.6656614440333370e-02,-1.8458579544260076e-01,-1.8734343155606986e-02

5.3801384553036933e+03,0,1.0000000000000000e+00,9.0101495145897346e+00,-4.9442965801906791e+00,-4.0098820260130164e-01,9.5938583948750628e-02,-2.1603961143251013e-01,-9.5831367056189998e-04
5.3801384553036933e+03,1,1.0000000000000000e+00,1.3884985965230214e+01,-3.8992362161771070e+00,-5.8681338250143500e-01,-3.5712082938598871e-02,4.0327608983203633e-01,1.9984365905450451e-02
5.3801384553036933e+03,2,1.0000000000000000e+00,-2.2895135479798800e+01,8.8435327963945340e+00,9.8780158510303040e-01,-6.0226501010145594e-02,-1.8723647839951671e-01,-1.9026052234888503e-02

5.3843623552591953e+03,0,1.0000000000000000e+00,9.7373649214156472e+00,-5.7190011165513663e+00,-4.1569428681830201e-01,2.4148439045919051e-01,-1.3746438034815783e-01,-5.3787980640417551e-03
5.3843623552591953e+03,1,1.0000000000000000e+00,1.3399821634078789e+01,-2.3289622031724289e+00,-4.9122609579077492e-01,-1.8710750980787710e-01,3.2689117987037103e-01,2.4646143914571234e-02
5.3843623552591953e+03,2,1.0000000000000000e+00,-2.3137186555473271e+01,8.0479633197505827e+00,9.0692038260937080e-01,-5.4376880651307358e-02,-1.8942679952220370e-01,-1.9267345850529430e-02

5.3900709306879571e+03,0,1.0000000000000000e+00,1.1459545195983559e+01,-5.9612104092516063e+00,-4.4813315766722306e-01,3.3756757763187001e-01,6.4721665003505763e-02,-4.6343196814961976e-03
5.3900709306879571e+03,1,1.0000000000000000e+00,1.1965289273603990e+01,-9.9778139354836615e-01,-3.4794431466238918e-01,-2.9119242700708475e-01,1.2730070746340591e-01,2.4194562451730801e-02
5.3900709306879571e+03,2,1.0000000000000000e+00,-2.3424834469566346e+01,6.9589918028268194e+00,7.9607747232990655e-01,-4.6375150624779149e-02,-1.9202237246690232e-01,-1.9560242770234555e-02

5.3949212144799631e+03,0,1.0000000000000000e+00,1.3040847043403581e+01,-5.1794763505106154e+00,-4.5680759992605124e-01,2.9509960246046496e-01,2.5358020039177531e-01,1.7978745079529936e-03
5.3949212144799631e+03,1,1.0000000000000000e+00,1.0592117701253308e+01,-8.4348251966196930e-01,-2.4385292401064904e-01,-2.5568250285262373e-01,-5.9678617756460772e-02,1.7982429942510512e-02
5.3949212144799631e+03,2,1.0000000000000000e+00,-2.3632964744635657e+01,6.0229588701994761e+00,7.0066052393699496e-01,-3.9417099607835127e-02,-1.9390158263530544e-01,-1.9780304450463467e-02

5.3995050706755374e+03,0,1.0000000000000000e+00,1.4114313056426928e+01,-3.6972522027327326e+00,-4.2871733796262446e-01,1.6092750980511186e-01,3.8026242830878032e-01,1.0675491699625762e-02
5.3995050706755374e+03,1,1.0000000000000000e+00,9.6839471937540047e+00,-1.4332749737920225e+00,-1.8084277974863072e-01,-1.2824782744704863e-01,-1.8481798719712927e-01,9.2885920798438520e-03
5.3995050706755374e+03,2,1.0000000000000000e+00,-2.3798260250159668e+01,5.1305271765516878e+00,6.0956011771155005e-01,-3.2679682358057391e-02,-1.9544444111164189e-01,-1.9964083779469590e-02

5.4041847528493645e+03,0,1.0000000000000000e+00,1.4440426395268467e+01,-1.7983450347622914e+00,-3.5746546897448972e-01,-2.4707463525938472e-02,4.1298559699314974e-01,1.9459658795959189e-02
5.4041847528493645e+03,1,1.0000000000000000e+00,9.4944413503167500e+00,-2.4142786976909285e+00,-1.5827892712398978e-01,5.0400106109218828e-02,-2.1617175349202844e-01,6.6683110885182653e-04
5.4041847528493645e+03,2,1.0000000000000000e+00,-2.3934867745563928e+01,4.2126237324801963e+00,5.1574439609877420e-01,-2.5692642583274153e-02,-1.9681384350111200e-01,-2.0126489904811001e-02

5.4086761916873957e+03,0,1.0000000000000000e+00,1.3941457362665787e+01,-6.6176209507911921e-02,-2.5644701404634773e-01,-1.9065241376332046e-01,3.4282538398806239e-01,2.4841472996806030e-02
5.4086761916873957e+03,1,1.0000000000000000e+00,1.0093690871546631e+01,-3.2599134163173114e+00,-1.6859700549555878e-01,2.0961492717911898e-01,-1.4491184625679393e-01,-4.5839547057440928e-03
5.4086761916873957e+03,2,1.0000000000000000e+00,-2.4035148234191102e+01,3.3260896258522399e+00,4.2504401954220139e-01,-1.8962513415792442e-02,-1.9791353773125922e-01,-2.0257518291061930e-02

5.4130525029536502e+03,0,1.0000000000000000e+00,1.2857820090148223e+01,1.1434061536256248e+00,-1.4430865381547073e-01,-2.9144934834232961e-01,2.0101876024198254e-01,2.5612790541634792e-02
5.4130525029536502e+03,1,1.0000000000000000e+00,1.1245985237233356e+01,-3.6014648135610825e+00,-1.9184652967026633e-01,3.0386426002964217e-01,-2.2813693511150313e-03,-5.2515860763129585e-03
5.4130525029536502e+03,2,1.0000000000000000e+00,-2.4103805327360234e+01,2.4580586599625169e+00,3.3615518348603196e-01,-1.2414911687306296e-02,-1.9873739089085837e-01,-2.0361204465321830e-02

5.4185227320362565e+03,0,1.0000000000000000e+00,1.1194154181668928e+01,1.6584653333534032e+00,-1.6035346655848520e-02,-2.9224771802855970e-01,-1.2344174624337984e-02,2.0223193059336963e-02
5.4185227320362565e+03,1,1.0000000000000000e+00,1.2955124435250729e+01,-3.0274322599910937e+00,-2.0846147823467065e-01,2.9644459034269249e-01,2.1172268099796224e-01,2.3306253197597979e-04
5.4185227320362565e+03,2,1.0000000000000000e+00,-2.4149278616898286e+01,1.3689669266647995e+00,2.2449682489081396e-01,-4.1968723141265762e-03,-1.9937850637361496e-01,-2.0456255591312925e-02

5.4234362891931678e+03,0,1.0000000000000000e+00,1.0003534943506963e+01,1.1956872866003609e+00,6.2356122953380916e-02,-1.7658451975764400e-01,-1.6368958690386762e-01,1.1300838922433123e-02
5.4234362891931678e+03,1,1.0000000000000000e+00,1.4148023218538151e+01,-1.5843237863899142e+00,-1.8620095725628727e-01,1.7329565219460391e-01,3.6329031946945445e-01,9.2064985614916314e-03
5.4234362891931678e+03,2,1.0000000000000000e+00,-2.4151558162023719e+01,3.8863649981670889e-01,1.2384483430320123e-01,3.2888675630462641e-03,-1.9960073256557762e-01,-2.0507337483924748e-02

5.4279125749058549e+03,0,1.0000000000000000e+00,9.5705973335553018e+00,3.0726909714275252e-01,9.3221649193016065e-02,-1.1649053021349807e-02,-2.1720279511736731e-01,2.6600275745675070e-03
5.4279125749058549e+03,1,1.0000000000000000e+00,1.4550799047661794e+01,1.9754595501555650e-01,-1.2521936587226251e-01,1.4518070959203787e-03,4.1675955812467602e-01,1.7865414410774182e-02
5.4279125749058549e+03,2,1.0000000000000000e+00,-2.4121396381195670e+01,-5.0481505213111300e-01,3.1997716679541544e-02,1.0197245925435552e-02,-1.9955676300729933e-01,-2.0525441985341678e-02

5.4326381764797534e+03,0,1.0000000000000000e+00,9.9432514318737901e+00,-6.4052694037821434e-01,8.8778093273155750e-02,1.6422950982742868e-01,-1.6576042178088354e-01,-3.8664881743206807e-03
5.4326381764797534e+03,1,1.0000000000000000e+00,1.4112672013645525e+01,2.0878140710106470e+00,-2.3790144200742769e-02,-1.8173693035551969e-01,3.6504369572206963e-01,2.4383423993435970e-02
5.4326381764797534e+03,2,1.0000000000000000e+00,-2.4055923445497861e+01,-1.4472871306051944e+00,-6.4987949072117884e-02,1.7507420528097159e-02,-1.9928327394117681e-01,-2.0516935819115279e-02

5.4371141517790038e+03,0,1.0000000000000000e+00,1.0956914054411229e+01,-1.1050044173016211e+00,6.5921008560114153e-02,2.7585476312808421e-01,-3.0835206976109614e-02,-5.5150905593526409e-03
5.4371141517790038e+03,1,1.0000000000000000e+00,1.3005256379319725e+01,3.4432665185727096e+00,9.0836172510394109e-02,-3.0022547616774697e-01,2.2962450844355745e-01,2.5999450932541725e-02
5.4371141517790038e+03,2,1.0000000000000000e+00,-2.3962170433709474e+01,-2.3382621012438074e+00,-1.5675718107021316e-01,2.4370713039668875e-02,-1.9878930146743870e-01,-2.0484360373189070e-02

5.4424041522668567e+03,0,1.0000000000000000e+00,1.2515413037313529e+01,-7.2480967339955527e-01,4.5486313945833579e-02,2.9006698800678354e-01,1.7655230454296197e-01,-1.1474942454390395e-03
5.4424041522668567e+03,1,1.0000000000000000e+00,1.1296594523395742e+01,4.1123656908131130e+00,2.1946283652895435e-01,-3.2245606909453139e-01,2.1297968576300425e-02,2.1561350657164718e-02
5.4424041522668567e+03,2,1.0000000000000000e+00,-2.3812007560687753e+01,-3.3875560173862285e+00,-2.6494915047449286e-01,3.2389081087754068e-02,-1.9785027311925338e-01,-2.0413856411725675e-02

5.4472590473378950e+03,0,1.0000000000000000e+00,1.3710840395110889e+01,5.5242606244897874e-01,5.9231998113103097e-02,1.8559279177802296e-01,3.3916812378762135e-01,7.2793473251939970e-03
5.4472590473378950e+03,1,1.0000000000000000e+00,9.9261257557119524e+00,3.7928248012441017e+00,3.0459739208408843e-01,-2.2531546580603279e-01,-1.4254926432303583e-01,1.3035166051634546e-02
5.4472590473378950e+03,2,1.0000000000000000e+00,-2.3636966150801292e+01,-4.3452508636657061e+00,-3.6382939019689642e-01,3.9722674028015992e-02,-1.9661885946457677e-01,-2.0314513376828554e-02

5.4519460832280211e+03,0,1.0000000000000000e+00,1.4191947044275484e+01,2.3540150587062341e+00,1.1513031801227293e-01,1.2302078337526778e-02,4.1255884069870213e-01,1.6466645896667007e-02
5.4519460832280211e+03,1,1.0000000000000000e+00,9.2421903319228562e+00,2.9093917259095941e+00,3.4362274255804803e-01,-5.9133309525698230e-02,-2.1743863467248553e-01,3.7181440203351603e-03
5.4519460832280211e+03,2,1.0000000000000000e+00,-2.3434137376176757e+01,-5.2634067845884127e+00,-4.5875306057002596e-01,4.6831231188177558e-02,-1.9512020602620794e-01,-2.0184789917002191e-02

5.4565883862811907e+03,0,1.0000000000000000e+00,1.3814778973451386e+01,4.2312775259140292e+00,2.0905111616129129e-01,-1.7142431283741352e-01,3.7829845626461461e-01,2.3397711942493907e-02
5.4565883862811907e+03,1,1.0000000000000000e+00,9.3855955974752554e+00,1.9340040405116428e+00,3.4304822976375027e-01,1.1755213781442544e-01,-1.8490957562915217e-01,-3.3715492824451555e-03
5.4565883862811907e+03,2,1.0000000000000000e+00,-2.3200374570905030e+01,-6.1652815663982183e+00,-5.5209934592474674e-01,5.3872175022994045e-02,-1.9338888063545354e-01,-2.0026162660048769e-02

5.4609155233192787e+03,0,1.0000000000000000e+00,1.2773158604515951e+01,5.6379719216896902e+00,3.1712142900929541e-01,-2.9920916277583642e-01,2.6046224418390362e-01,2.5792153029731119e-02
5.4609155233192787e+03,1,1.0000000000000000e+00,1.0180028319183068e+01,1.3602816826740414e+00,3.2127277166471785e-01,2.3884988351072212e-01,-6.8884085270933371e-02,-5.9361633663580146e-03
5.4609155233192787e+03,2,1.0000000000000000e+00,-2.2953186923677386e+01,-6.9982536043362371e+00,-6.3839420067371844e-01,6.0359279265120330e-02,-1.9157815891296134e-01,-1.9855989663373128e-02

5.4667775652581840e+03,0,1.0000000000000000e+00,1.0808494964879861e+01,6.5154786309174284e+00,4.6026799533685453e-01,-3.4321295356862580e-01,3.4069784640459844e-02,2.1703631158974095e-02
5.4667775652581840e+03,1,1.0000000000000000e+00,1.1765593117560858e+01,1.5978362115027149e+00,2.9377348451711560e-01,2.7427394296044838e-01,1.5471427991286035e-01,-2.1096232483825174e-03
5.4667775652581840e+03,2,1.0000000000000000e+00,-2.2574088082419049e+01,-8.1133148423925991e+00,-7.5404147985367520e-01,6.8939010608183360e-02,-1.8878406455331154e-01,-1.9594007910591599e-02

5.4717120010879253e+03,0,1.0000000000000000e+00,9.2923500373811052e+00,6.2381526467709758e+00,5.4772559153361655e-01,-2.5368577690671124e-01,-1.3687884681446716e-01,1.3214460981353971e-02
5.4717120010879253e+03,1,1.0000000000000000e+00,1.2924104647476710e+01,2.8001468176461497e+00,3.0238922867233781e-01,1.7768929183538962e-01,3.2294555846388989e-01,6.1257251024043995e-03
5.4717120010879253e+03,2,1.0000000000000000e+00,-2.2216454684836116e+01,-9.0382994643895369e+00,-8.5011482020565898e-01,7.5996485071327696e-02,-1.8606671164941430e-01,-1.9340186083758395e-02

5.4765562772958165e+03,0,1.0000000000000000e+00,8.4487641935298470e+00,5.3268630127623258e+00,5.8799180586423061e-01,-8.5904589509441132e-02,-2.2184660253654981e-01,3.4710486104542748e-03
5.4765562772958165e+03,1,1.0000000000000000e+00,1.3382923164628613e+01,4.6056414449069774e+00,3.5513666755639528e-01,3.0546706808394219e-03,4.0490656653592932e-01,1.5584113113785662e-02
5.4765562772958165e+03,2,1.0000000000000000e+00,-2.1831687358136730e+01,-9.9325044576416737e+00,-9.4312847342033046e-01,8.2849918828607566e-02,-1.8305996399937113e-01,-1.9055161724239954e-02

5.4812733432683153e+03,0,1.0000000000000000e+00,8.4765736230514577e+00,4.3001607263938304e+00,5.8533088910156206e-01,9.4943504002365509e-02,-1.9487609828757102e-01,-4.0076424541935773e-03
5.4812733432683153e+03,1,1.0000000000000000e+00,1.2948659476779223e+01,6.4883883905819530e+00,4.4696086304367300e-01,-1.8441579017390081e-01,3.7473307649708754e-01,2.2752117750418160e-02
5.4812733432683153e+03,2,1.0000000000000000e+00,-2.1425233099808921e+01,-1.0788549116948115e+01,-1.0322917521449400e+00,8.9472286171541238e-02,-1.7985697820950813e-01,-1.8744475296224607e-02

5.4856400001079901e+03,0,1.0000000000000000e+00,9.1892257681764384e+00,3.6731120232943386e+00,5.5997119787979321e-01,2.2064649776384881e-01,-8.0268291214482271e-02,-6.8264039570249662e-03
5.4856400001079901e+03,1,1.0000000000000000e+00,1.1832090383305255e+01,7.8939866501783893e+00,5.5350100822920134e-01,-3.1615282351424046e-01,2.5697252425443823e-01,2.5260953668011725e-02
5.4856400001079901e+03,2,1.0000000000000000e+00,-2.1021316151459910e+01,-1.1567098673445022e+01,-1.1134722061086992e+00,9.5506325750397719e-02,-1.7670423303994756e-01,-1.8434549710986781e-02

5.4900337935715843e+03,0,1.0000000000000000e+00,1.0291976862010149e+01,3.6756644555463911e+00,5.3268679478566883e-01,2.6561870885247946e-01,8.5873215533623204e-02,-4.7907095955604072e-03
5.4900337935715843e+03,1,1.0000000000000000e+00,1.0296658889531088e+01,8.6605652107748767e+00,6.6106842776395414e-01,-3.6703097953168246e-01,8.7492095191007480e-02,2.2897482224148429e-02
5.4900337935715843e+03,2,1.0000000000000000e+00,-2.0588635751519423e+01,-1.2336229666293525e+01,-1.1937552225493282e+00,1.0141227067920906e-01,-1.7336531072462241e-01,-1.8106772628588039e-02

5.4950094698661451e+03,0,1.0000000000000000e+00,1.1502866585445219e+01,4.5791321457106076e+00,5.2521816271446853e-01,2.0143433712052550e-01,2.7075099269702035e-01,2.4853686811084144e-03
5.4950094698661451e+03,1,1.0000000000000000e+00,8.5650240243764877e+00,8.6098215612861324e+00,7.5766639367965471e-01,-3.0929775195298037e-01,-1.0140676521168329e-01,1.5229642703581505e-02
5.4950094698661451e+03,2,1.0000000000000000e+00,-2.0067890609799871e+01,-1.3188953706968952e+01,-1.2828845563938285e+00,1.0786341483246092e-01,-1.6934422748532890e-01,-1.7715011384689935e-02

5.4998965783726699e+03,0,1.0000000000000000e+00,1.2128558211807102e+01,6.2151540811354389e+00,5.6046033068426848e-01,4.2867640275727981e-02,3.8260742080650623e-01,1.2037967306960030e-02
5.4998965783726699e+03,1,1.0000000000000000e+00,7.3971414806365905e+00,7.7911462758136558e+00,8.0800070175674499e-01,-1.5686263930879629e-01,-2.1751273283528461e-01,5.2627333048651335e-03
5.4998965783726699e+03,2,1.0000000000000000e+00,-1.9525699692421828e+01,-1.4006300356921265e+01,-1.3684610324407189e+00,1.1399499903307442e-01,-1.6509468797121338e-01,-1.7300700611825176e-02

5.5046634836701051e+03,0,1.0000000000000000e+00,1.1878836500875336e+01,8.0886588347326605e+00,6.3838817012601901e-01,-1.4800905391159325e-01,3.8433569084026531e-01,2.0180576885814441e-02
5.5046634836701051e+03,1,1.0000000000000000e+00,7.0894788858452111e+00,6.6941707650720641e+00,8.1151376864807534e-01,2.8167258196716949e-02,-2.2367389699369344e-01,-3.3173722654783258e-03
5.5046634836701051e+03,2,1.0000000000000000e+00,-1.8968315386698652e+01,-1.4782829599776862e+01,-1.4499019387737995e+00,1.1984179571488188e-01,-1.6066179384656376e-01,-1.6863204620336147e-02

5.5091826549345424e+03,0,1.0000000000000000e+00,1.0843414735635076e+01,9.6359764440705558e+00,7.4017319794736569e-01,-3.0091764380529695e-01,2.8597528274448270e-01,2.4080903074852087e-02
5.5091826549345424e+03,1,1.0000000000000000e+00,7.5710019658117238e+00,5.8630096502805467e+00,7.8494854505506351e-01,1.7564864834256089e-01,-1.2972323045011980e-01,-7.6582801493090859e-03
5.5091826549345424e+03,2,1.0000000000000000e+00,-1.8414416701424877e+01,-1.5498986094323204e+01,-1.5251217430021347e+00,1.2526899546274115e-01,-1.5625205229435496e-01,-1.6422622925543036e-02

5.5136548132382741e+03,0,1.0000000000000000e+00,9.2933181533340790e+00,1.0567206039660761e+01,8.4722297587310047e-01,-3.7705587241230110e-01,1.2354675561833195e-01,2.2940482498790615e-02
5.5136548132382741e+03,1,1.0000000000000000e+00,8.5491608240974184e+00,5.6205405321513542e+00,7.5033866601370502e-01,2.4658118599396228e-01,2.8202635328613113e-02,-6.9689778807723764e-03
5.5136548132382741e+03,2,1.0000000000000000e+00,-1.7842478977409556e+01,-1.6187746571784182e+01,-1.5975616418865111e+00,1.3047468641834384e-01,-1.5174939094693712e-01,-1.5971504618018266e-02

5.5185995896103195e+03,0,1.0000000000000000e+00,7.4508678817488976e+00,1.0690466181656374e+01,9.4624729937421104e-01,-3.4817997000817741e-01,-7.0355696408455126e-02,1.6315079482872280e-02
5.5185995896103195e+03,1,1.0000000000000000e+00,9.7327444064153781e+00,6.2350464965466434e+00,7.2903316837574972e-01,2.1221513842232870e-01,2.1698028613853576e-01,-8.5402831212183852e-04
5.5185995896103195e+03,2,1.0000000000000000e+00,-1.7183612288142303e+01,-1.6925512678175043e+01,-1.6752804677496669e+00,1.3596483158585398e-01,-1.4662458973007225e-01,-1.5461051170750487e-02

5.5233306603752117e+03,0,1.0000000000000000e+00,6.0725461621897878e+00,1.0006099430906140e+01,1.0016987973590390e+00,-2.2117959610722721e-01,-2.0611368514923439e-01,6.8699169231684360e-03
5.5233306603752117e+03,1,1.0000000000000000e+00,1.0455937735552681e+01,7.6011448278561566e+00,7.4554298188339518e-01,8.0240101351575777e-02,3.4764685348535235e-01,8.0862365348135009e-03
5.5233306603752117e+03,2,1.0000000000000000e+00,-1.6528483897720470e+01,-1.7607244258734280e+01,-1.7472417792421413e+00,1.4093949475565654e-01,-1.4153316833610957e-01,-1.4956153457981973e-02

5.5279033633249419e+03,0,1.0000000000000000e+00,5.4497368646978757e+00,8.9312218365734068e+00,1.0118065388395265e+00,-4.7378083951571975e-02,-2.4702631031785957e-01,-2.1787353465806576e-03
5.5279033633249419e+03,1,1.0000000000000000e+00,1.0423704771144923e+01,9.3115458497529620e+00,8.0266467379393935e-01,-9.8152764924320374e-02,3.8342010674710014e-01,1.6622818592817491e-02
5.5279033633249419e+03,2,1.0000000000000000e+00,-1.5873441635820775e+01,-1.8242767686298315e+01,-1.8144712126331732e+00,1.4553084887589759e-01,-1.3639379642923222e-01,-1.4444083246236866e-02

5.5325387241566941e+03,0,1.0000000000000000e+00,5.6361837087448130e+00,7.8940387439843747e+00,9.8584635884531768e-01,1.2140851423532190e-01,-1.8352303595403630e-01,-8.2963801806046518e-03
5.5325387241566941e+03,1,1.0000000000000000e+00,9.5522139342012977e+00,1.0968474457528295e+01,8.9432363074274834e-01,-2.7142437929110375e-01,3.1449741919213625e-01,2.2195090033327453e-02
5.5325387241566941e+03,2,1.0000000000000000e+00,-1.5188397642924066e+01,-1.8862513201484578e+01,-1.8801699895877733e+00,1.5001586505578710e-01,-1.3097438323809160e-01,-1.3898709852722834e-02

5.5371880854168412e+03,0,1.0000000000000000e+00,6.4758088259696098e+00,7.3616391556932079e+00,9.4276903612775564e-01,2.2471764435285593e-01,-3.4945835536998621e-02,-9.2891570046041289e-03
5.5371880854168412e+03,1,1.0000000000000000e+00,8.0049764865811746e+00,1.2096886798360943e+01,1.0007118848693703e+00,-3.7906101729315311e-01,1.6033859022945837e-01,2.2622740052356059e-02
5.5371880854168412e+03,2,1.0000000000000000e+00,-1.4480785312528715e+01,-1.9458525954026015e+01,-1.9434809209968336e+00,1.5434337294030243e-01,-1.2539275469245129e-01,-1.3333583047751965e-02

5.5417090622929063e+03,0,1.0000000000000000e+00,7.5356055968488302e+00,7.6023875285298921e+00,9.0863317787208286e-01,2.2679244806932983e-01,1.4178603121987809e-01,-5.0307339570327420e-03
5.5417090622929063e+03,1,1.0000000000000000e+00,6.2382800193367629e+00,1.2410615606323713e+01,1.0938727264909835e+00,-3.8512828915720565e-01,-2.1898017744868603e-02,1.7808248319379355e-02
5.5417090622929063e+03,2,1.0000000000000000e+00,-1.3773885616163502e+01,-2.0013003134825436e+01,-2.0025059043627742e+00,1.5833584108788107e-01,-1.1988801347500117e-01,-1.2777514362346649e-02

5.5463168210794338e+03,0,1.0000000000000000e+00,8.3886144310690991e+00,8.6278019823171270e+00,9.0311102297414836e-01,1.2838230487396035e-01,2.9376635607326135e-01,3.0570854824716071e-03
5.5463168210794338e+03,1,1.0000000000000000e+00,4.6468388621265522e+00,1.1924559112151664e+01,1.1569580579440264e+00,-2.9051539034687746e-01,-1.7956080858084517e-01,9.1496435078429385e-03
5.5463168210794338e+03,2,1.0000000000000000e+00,-1.3035453293173537e+01,-2.0552361094440581e+01,-2.0600690809178825e+00,1.6213308547292229e-01,-1.1420554749240769e-01,-1.2206728990314589e-02

5.5509250386116919e+03,0,1.0000000000000000e+00,8.6120792656649066e+00,1.0187245539777241e+01,9.3835876242903860e-01,-3.8727899911398661e-02,3.6688856398565894e-01,1.2143931612164281e-02
5.5509250386116919e+03,1,1.0000000000000000e+00,3.6680229068681598e+00,1.0878088495752351e+01,1.1766262659831415e+00,-1.2692267652553571e-01,-2.5848441088464658e-01,-5.1950002395500378e-04
5.5509250386116919e+03,2,1.0000000000000000e+00,-1.2280102172510919e+01,-2.1065334035501348e+01,-2.1149850284118892e+00,1.6565057643693978e-01,-1.0840415310100388e-01,-1.1624431588209330e-02

5.5554624729629486e+03,0,1.0000000000000000e+00,8.0250778606199038e+00,1.1824706424220288e+01,1.0104452231426335e+00,-2.1746058482243116e-01,3.3783521275771211e-01,1.9067760512875807e-02
5.5554624729629486e+03,1,1.0000000000000000e+00,3.4959915123422167e+00,9.7192521431450487e+00,1.1559481408296099e+00,4.8580955307149759e-02,-2.3529886496570196e-01,-8.0360616937575555e-03
5.5554624729629486e+03,2,1.0000000000000000e+00,-1.1521069372939950e+01,-2.1543958567337054e+01,-2.1663933639719533e+00,1.6887962951528676e-01,-1.0253634779200174e-01,-1.1031698819118299e-02

5.5602946295203537e+03,0,1.0000000000000000e+00,6.5990263469420247e+00,1.3174624689687089e+01,1.1111361620492872e+00,-3.5956051238654929e-01,2.0645150180211108e-01,2.1635185581910105e-02
5.5602946295203537e+03,1,1.0000000000000000e+00,4.0981047720978667e+00,8.8493903843140949e+00,1.1069963247236279e+00,1.8745109405125726e-01,-1.1031610617178822e-01,-1.1255123336701103e-02
5.5602946295203537e+03,2,1.0000000000000000e+00,-1.0697131119017694e+01,-2.2024015073972862e+01,-2.2181324867726246e+00,1.7210941833529758e-01,-9.6135395630314618e-02,-1.0380062245209043e-02

5.5649641961233829e+03,0,1.0000000000000000e+00,4.7779547918232810e+00,1.3722994946186175e+01,1.2068108973892153e+00,-4.0261213230091109e-01,2.4330367141724679e-02,1.8436720820018002e-02
5.5649641961233829e+03,1,1.0000000000000000e+00,5.1086043888996500e+00,8.7353266032762562e+00,1.0583020683985631e+00,2.2758575757688071e-01,6.5544616338225919e-02,-8.6950976802233661e-03
5.5649641961233829e+03,2,1.0000000000000000e+00,-9.8865591807007061e+00,-2.2458321549434071e+01,-2.2651129657874880e+00,1.7502637472403587e-01,-8.9874983479942522e-02,-9.7416231397946824e-03

5.5693177377173733e+03,0,1.0000000000000000e+00,3.1154819988743432e+00,1.3459483382102817e+01,1.2726192970359467e+00,-3.4624346505395770e-01,-1.4005353685637284e-01,1.1268509007790157e-02
5.5693177377173733e+03,1,1.0000000000000000e+00,6.0035678249586812e+00,9.3773856667578777e+00,1.0336108614593029e+00,1.6871846234439608e-01,2.2408199481539531e-01,-2.1204958213211535e-03
5.5693177377173733e+03,2,1.0000000000000000e+00,-9.1190498238107764e+00,-2.2836869048832302e+01,-2.3062301584949596e+00,1.7752500270956709e-01,-8.4028457959014702e-02,-9.1480131864690520e-03

5.5737323221541064e+03,0,1.0000000000000000e+00,1.8613374966936016e+00,1.2566979287263555e+01,1.3021423733238973e+00,-2.1178442465389333e-01,-2.5169916009225690e-01,1.9833485288751687e-03
5.5737323221541064e+03,1,1.0000000000000000e+00,6.4688871861570902e+00,1.0627742326912891e+01,1.0431474698705769e+00,3.1981556748378576e-02,3.2978895443261580e-01,6.5640848807333591e-03
5.5737323221541064e+03,2,1.0000000000000000e+00,-8.3302246828284225e+00,-2.3194721614148019e+01,-2.3452898431941840e+00,1.7980286790552052e-01,-7.8089794340350960e-02,-8.5474334096085677e-03

5.5789644704256898e+03,0,1.0000000000000000e+00,1.2817449158288277e+00,1.1144600921150747e+01,1.2850813025355312e+00,-8.0273298753102684e-03,-2.6934969496866940e-01,-7.9833634991089801e-03
5.5789644704256898e+03,1,1.0000000000000000e+00,6.1013881064872866e+00,1.2440145268994154e+01,1.1030515035376145e+00,-1.7414014600133534e-01,3.4032878076258483e-01,1.5810075939683615e-02
5.5789644704256898e+03,2,1.0000000000000000e+00,-7.3831330222938139e+00,-2.3584746190116434e+01,-2.3881328060728571e+00,1.8216747587665158e-01,-7.0979085793907604e-02,-7.8267124405746805e-03

5.5839059768435545e+03,0,1.0000000000000000e+00,1.6719024560307467e+00,1.0024551709051860e+01,1.2311112566073974e+00,1.5490433537914600e-01,-1.6664415126026361e-01,-1.2902778656485151e-02
5.5839059768435545e+03,1,1.0000000000000000e+00,4.8061360206607269e+00,1.3894105612962139e+01,1.1939803008371632e+00,-3.3901895728375531e-01,2.3079215523219265e-01,2.0031812048853088e-02
5.5839059768435545e+03,2,1.0000000000000000e+00,-6.4780384766691448e+00,-2.3918657321985496e+01,-2.4250915574442726e+00,1.8411462190461528e-01,-6.4148003971921289e-02,-7.1290333923679861e-03

5.5887873185647886e+03,0,1.0000000000000000e+00,2.6428028723087955e+00,9.6251073606229056e+00,1.1687284940688110e+00,2.2402958318341354e-01,1.0347360210574974e-02,-1.1607270453897983e-02
5.5887873185647886e+03,1,1.0000000000000000e+00,2.9322789165463168e+00,1.4590040296597547e+01,1.2894557247711120e+00,-4.0984146781416370e-01,4.6978355226522439e-02,1.8036448984384827e-02
5.5887873185647886e+03,2,1.0000000000000000e+00,-5.5750817888327511e+00,-2.4215147657191906e+01,-2.4581842188396359e+00,1.8581188463075624e-01,-5.7325715437089725e-02,-6.4291785304868929e-03

5.5934789049598330e+03,0,1.0000000000000000e+00,3.6299693420574100e+00,1.0100453455096162e+01,1.1278897973291988e+00,1.7866361595545982e-01,1.8773592239377826e-01,-5.0997719952522664e-03
5.5934789049598330e+03,1,1.0000000000000000e+00,1.0699497377721876e+00,1.4368269182429531e+01,1.3588831705778406e+00,-3.6589100689443804e-01,-1.3695617047814465e-01,1.0859195701235180e-02
5.5934789049598330e+03,2,1.0000000000000000e+00,-4.6999190798072066e+00,-2.4468722637497113e+01,-2.4867729679067510e+00,1.8722739093898433e-01,-5.0779751915625809e-02,-5.7594237059829627e-03

5.5979016843750614e+03,0,1.0000000000000000e+00,4.1594004233029516e+00,1.1214404560988182e+01,1.1241645514345491e+00,4.9626563843789606e-02,3.0385141609514404e-01,3.5986475388077605e-03
5.5979016843750614e+03,1,1.0000000000000000e+00,-2.9007725084768143e-01,1.3465353995584548e+01,1.3867002729977336e+00,-2.3795782293281742e-01,-2.5919169172673945e-01,1.5375431953038327e-03
5.5979016843750614e+03,2,1.0000000000000000e+00,-3.8693231724328534e+00,-2.4679758556544112e+01,-2.5108648244319953e+00,1.8833125908903381e-01,-4.4659724368396672e-02,-5.1361907341116366e-03

5.6038937104765573e+03,0,1.0000000000000000e+00,3.7639684407473970e+00,1.3174273540496582e+01,1.1799097740353695e+00,-1.8412923232800582e-01,3.2065589288338070e-01,1.4335095816936722e-02
5.6038937104765573e+03,1,1.0000000000000000e+00,-1.0266447362935045e+00,1.1748360748456102e+01,1.3592143868357867e+00,-5.2979540012901838e-03,-2.8425034446386455e-01,-1.0039784408287348e-02
5.6038937104765573e+03,2,1.0000000000000000e+00,-2.7373237044314411e+00,-2.4922634288924016e+01,-2.5391241608708697e+00,1.8942718632930211e-01,-3.6405548419508382e-02,-4.2953114086494090e-03

5.6089217111348062e+03,0,1.0000000000000000e+00,2.3987112290987573e+00,1.4538770135929207e+01,1.2646687532705365e+00,-3.4693664916704436e-01,2.0482171835490570e-01,1.8373831715894493e-02
5.6089217111348062e+03,1,1.0000000000000000e+00,-6.1541861479953486e-01,1.0549427055151062e+01,1.2942605638856601e+00,1.5692231446593530e-01,-1.7538005505094745e-01,-1.4793019983548466e-02
5.6089217111348062e+03,2,1.0000000000000000e+00,-1.7832926142767382e+00,-2.5088197191051556e+01,-2.5589293171559104e+00,1.9001433470111503e-01,-2.9441663303950538e-02,-3.5808117323460620e-03

5.6138578266122495e+03,0,1.0000000000000000e+00,4.8041541239993601e-01,1.5105977052413603e+01,1.3522123661705003e+00,-4.1107886118700210e-01,1.8307690393575549e-02,1.6042033788928892e-02
5.6138578266122495e+03,1,1.0000000000000000e+00,3.6402588444693307e-01,1.0110587734702317e+01,1.2226442083894911e+00,2.2072814184369027e-01,4.2609978878970778e-03,-1.3169785065715478e-02
5.6138578266122495e+03,2,1.0000000000000000e+00,-8.4444129682435376e-01,-2.5216564787087176e+01,-2.5748565745597043e+00,1.9035071934331749e-01,-2.2568688281464883e-02,-2.8722487232134501e-03

5.6186114366987467e+03,0,1.0000000000000000e+00,-1.3950670184620135e+00,1.4745787551388808e+01,1.4123131046135178e+00,-3.5982364937061834e-01,-1.6463595563795505e-01,8.5542327609880800e-03
5.6186114366987467e+03,1,1.0000000000000000e+00,1.3342800289717041e+00,1.0562381244921522e+01,1.1745825480009824e+00,1.6934821319239085e-01,1.8062060592066329e-01,-6.3594252474879244e-03
5.6186114366987467e+03,2,1.0000000000000000e+00,6.0786989512849443e-02,-2.5308168796281546e+01,-2.5868956526142139e+00,1.9047543617823320e-01,-1.5984650282700907e-02,-2.1948075135001981e-03

5.6231205667382783e+03,0,1.0000000000000000e+00,-2.7378232343460183e+00,1.3707780801508946e+01,1.4296578963710485e+00,-2.2471861602022317e-01,-2.8287293463418023e-01,-1.0207035204888686e-03
5.6231205667382783e+03,1,1.0000000000000000e+00,1.8182611193138274e+00,1.1658550210294685e+01,1.1657086018865042e+00,3.4324347585899612e-02,2.9270247848499659e-01,2.5851937734470906e-03
5.6231205667382783e+03,2,1.0000000000000000e+00,9.1956211505475760e-01,-2.5366331011774818e+01,-2.5953664982572668e+00,1.9039426843432908e-01,-9.8295438508089750e-03,-1.5644902529582663e-03

5.6284698374537884e+03,0,1.0000000000000000e+00,-3.3858788629556993e+00,1.2074537873400224e+01,1.3949000150876407e+00,-1.5431763182494534e-02,-3.0410763891551512e-01,-1.1440883429464593e-02
5.6284698374537884e+03,1,1.0000000000000000e+00,1.4487443441034169e+00,1.3325101672593583e+01,1.2068640947313070e+00,-1.7457063837219941e-01,3.0674709807873851e-01,1.2269549315871793e-02
5.6284698374537884e+03,2,1.0000000000000000e+00,1.9371345188748799e+00,-2.5399639545964945e+01,-2.6017641098186615e+00,1.9000240155469975e-01,-2.6394591632161735e-03,-8.2866588640724027e-04

5.6333796500401941e+03,0,1.0000000000000000e+00,-3.0320832140790994e+00,1.0785291551233797e+01,1.3238971618130218e+00,1.4891211362101095e-01,-2.0391425284372164e-01,-1.6536089045133640e-02
5.6333796500401941e+03,1,1.0000000000000000e+00,1.6356229266485744e-01,1.4611215760299817e+01,1.2802811382863017e+00,-3.3826313774211669e-01,2.0000117024053046e-01,1.6690256901669111e-02
5.6333796500401941e+03,2,1.0000000000000000e+00,2.8685209214368674e+00,-2.5396507311504720e+01,-2.6041783000990377e+00,1.8935102412111141e-01,3.9130826031984773e-03,-1.5416785653550558e-04

5.6382405436522795e+03,0,1.0000000000000000e+00,-2.0850982490159500e+00,1.0201048576746835e+01,1.2435965936539541e+00,2.2222969013182547e-01,-2.8836880863889375e-02,-1.5449499409788344e-02
5.6382405436522795e+03,1,1.0000000000000000e+00,-1.7017767825273045e+00,1.5160683489852124e+01,1.3597010630869362e+00,-4.1069763630614864e-01,1.8443831357013201e-02,1.4932857948491925e-02
5.6382405436522795e+03,2,1.0000000000000000e+00,3.7868750315659070e+00,-2.5361732066570028e+01,-2.6032976567406041e+00,1.8846794617432885e-01,1.0393049506883505e-02,5.1664146129638507e-04

5.6429735815707008e+03,0,1.0000000000000000e+00,-1.0872680236027206e+00,1.0500434303443427e+01,1.1841016835754226e+00,1.8083340598620773e-01,1.5104991971567816e-01,-8.9490433811539923e-03
5.6429735815707008e+03,1,1.0000000000000000e+00,-3.5892313779272467e+00,1.4797243722956113e+01,1.4152117547208125e+00,-3.6825885009822495e-01,-1.6771095447507745e-01,7.7838143316826206e-03
5.6429735815707008e+03,2,1.0000000000000000e+00,4.6764994015526486e+00,-2.5297678026370576e+01,-2.5993134382959506e+00,1.8742544411202292e-01,1.6661034759406571e-02,1.1652290494713255e-03

5.6473816033948196e+03,0,1.0000000000000000e+00,-5.4305072774524987e-01,1.1452116682422240e+01,1.1635196842765145e+00,5.4800541192922658e-02,2.6876563287093896e-01,-1.8717128098283647e-04
5.6473816033948196e+03,1,1.0000000000000000e+00,-4.9572054361606099e+00,1.3759424859105968e+01,1.4293488506124150e+00,-2.4110283183747883e-01,-2.9116658146193147e-01,-1.5692958877069087e-03
5.6473816033948196e+03,2,1.0000000000000000e+00,5.5002561639285643e+00,-2.5211541541499198e+01,-2.5928685348886442e+00,1.8630229064456189e-01,2.2400948590999867e-02,1.7564671686897172e-03

5.6518641190320604e+03,0,1.0000000000000000e+00,-6.7832436565883558e-01,1.2764943494106181e+01,1.1827147889914493e+00,-1.1834159028588187e-01,3.0046663213050262e-01,8.4596644752913293e-03
5.6518641190320604e+03,1,1.0000000000000000e+00,-5.6541565863137135e+00,1.2333339228201019e+01,1.4009603420149270e+00,-6.6644659269754325e-02,-3.2857864805412917e-01,-1.0803004065038133e-02
5.6518641190320604e+03,2,1.0000000000000000e+00,6.3324809519952812e+00,-2.5098282722278167e+01,-2.5836751310060917e+00,1.8498624955564208e-01,2.8112015923633892e-02,2.3433395897467816e-03

5.6569555038865519e+03,0,1.0000000000000000e+00,-1.7681182716298682e+00,1.4135103121277830e+01,1.2434945614142570e+00,-3.0116313899782504e-01,2.1805646769881495e-01,1.4495685861371659e-02
5.6569555038865519e+03,1,1.0000000000000000e+00,-5.5018827053432560e+00,1.0803809553380066e+01,1.3265764943373706e+00,1.1791725121262736e-01,-2.5253149286292131e-01,-1.7495320073437817e-02
5.6569555038865519e+03,2,1.0000000000000000e+00,7.2700009769958864e+00,-2.4938912674628821e+01,-2.5700710557513418e+00,1.8324588778520351e-01,3.4475025164113604e-02,2.9996342120661365e-03

5.6619935306517436e+03,0,1.0000000000000000e+00,-3.5792063814415673e+00,1.4821662086667381e+01,1.3186020565874610e+00,-3.9956104095263778e-01,4.3933309068521303e-02,1.4197054292811352e-02
5.6619935306517436e+03,1,1.0000000000000000e+00,-4.6091130397781495e+00,9.9278608410698812e+00,1.2347273658334619e+00,2.1829114634635771e-01,-8.4634204541041896e-02,-1.7843295476498662e-02
5.6619935306517436e+03,2,1.0000000000000000e+00,8.1883194212425092e+00,-2.4749522927708156e+01,-2.5533294224206378e+00,1.8126989460628593e-01,4.0700895472527671e-02,3.6462411836872856e-03

5.6669427538498858e+03,0,1.0000000000000000e+00,-5.5542432362736820e+00,1.4548068349632144e+01,1.3751741073015902e+00,-3.7820802986092539e-01,-1.5234447341602378e-01,7.7808642850753134e-03
5.6669427538498858e+03,1,1.0000000000000000e+00,-3.5259934925779999e+00,9.9849890786501820e+00,1.1585447235433524e+00,1.9907906105262019e-01,1.0558313060470834e-01,-1.2057882797668923e-02
5.6669427538498858e+03,2,1.0000000000000000e+00,9.0802367288745049e+00,-2.4533057428253187e+01,-2.5337188308446574e+00,1.7912896880831097e-01,4.6761342811322271e-02,4.2770185125935965e-03

5.6713736758387276e+03,0,1.0000000000000000e+00,-7.0066484915330332e+00,1.3547852732070826e+01,1.3902658654994413e+00,-2.6476200799677263e-01,-2.8853107250292442e-01,-1.2691871932274832e-03
5.6713736758387276e+03,1,1.0000000000000000e+00,-2.8628009842115549e+00,1.0766147990101357e+01,1.1232710726384336e+00,8.7680744063985405e-02,2.3643528473973374e-01,-3.5609035154884746e-03
5.6713736758387276e+03,2,1.0000000000000000e+00,9.8694494757674374e+00,-2.4314000722143007e+01,-2.5135369381375900e+00,1.7708126393279311e-01,5.2095787763197565e-02,4.8300907087159466e-03

5.6758252830499232e+03,0,1.0000000000000000e+00,-7.8217659420182981e+00,1.2104078709188089e+01,1.3631732697517744e+00,-9.6365109388650644e-02,-3.4433343755676504e-01,-1.0716768027490858e-02
5.6758252830499232e+03,1,1.0000000000000000e+00,-2.8311754791384933e+00,1.1966328679395112e+01,1.1276549891849015e+00,-7.8535286376217123e-02,2.8701330836447714e-01,5.3471184808435400e-03
5.6758252830499232e+03,2,1.0000000000000000e+00,1.0652941421179666e+01,-2.4070407388553996e+01,-2.4908282589363901e+00,1.7490039576487373e-01,5.7320129192294900e-02,5.3696495466473149e-03

5.6808756232814103e+03,0,1.0000000000000000e+00,-7.8088359252116248e+00,1.0451061333964496e+01,1.2877539878032280e+00,9.5484764157954372e-02,-2.8986821440446275e-01,-1.8326898541582370e-02
5.6808756232814103e+03,1,1.0000000000000000e+00,-3.7207918231433315e+00,1.3315256536518003e+01,1.1744464359495692e+00,-2.6772776092829209e-01,2.2679259629981952e-01,1.2361888780163727e-02
5.6808756232814103e+03,2,1.0000000000000000e+00,1.1529627748377862e+01,-2.3766317870453250e+01,-2.4622004237525106e+00,1.7224299677034371e-01,6.3075618104650011e-02,5.9650097614186376e-03

5.6858859212453090e+03,0,1.0000000000000000e+00,-6.9871644212697674e+00,9.3569264318600638e+00,1.1891626812003127e+00,2.1572321654532464e-01,-1.3416064586107185e-01,-1.9909469694872520e-02
5.6858859212453090e+03,1,1.0000000000000000e+00,-5.3983886201982783e+00,1.4079350369302359e+01,1.2416933059522539e+00,-3.8511004737474808e-01,6.5508186788109879e-02,1.3363528590522436e-02
5.6858859212453090e+03,2,1.0000000000000000e+00,1.2385553041490986e+01,-2.3436276801133136e+01,-2.4308559871522797e+00,1.6938683082942951e-01,6.8652459072968769e-02,6.5459411043500828e-03

5.6908008251388137e+03,0,1.0000000000000000e+00,-5.8667724632315608e+00,9.1687348476957915e+00,1.1007273295143749e+00,2.1972523252511353e-01,5.7861823282252547e-02,-1.5117447857013197e-02
5.6908008251388137e+03,1,1.0000000000000000e+00,-7.3440062335219674e+00,1.3916853984560394e+01,1.2965678015319326e+00,-3.8611570727497468e-01,-1.3190011395483064e-01,8.0079021102432476e-03
5.6908008251388137e+03,2,1.0000000000000000e+00,1.3210778696776492e+01,-2.3085588832226865e+01,-2.3972951310460200e+00,1.6639047474986723e-01,7.4038290672584897e-02,7.1095457467699515e-03

5.6953225405221474e+03,0,1.0000000000000000e+00,-5.0632216912682964e+00,9.7838725985562469e+00,1.0503475162435918e+00,1.2126826199345253e-01,2.0448429763429057e-01,-6.7528379741441458e-03
5.6953225405221474e+03,1,1.0000000000000000e+00,-8.8934483287401278e+00,1.2955888912837928e+01,1.3136459812706456e+00,-2.8477631685826382e-01,-2.8339153498998204e-01,-8.6503742882549587e-04
5.6953225405221474e+03,2,1.0000000000000000e+00,1.3956670020031417e+01,-2.2739761511364829e+01,-2.3639934975139503e+00,1.6350805486481737e-01,7.8907237355698240e-02,7.6178754029696460e-03

5.6998230701979983e+03,0,1.0000000000000000e+00,-4.8679020602108096e+00,1.0891882323012396e+01,1.0410099332289220e+00,-4.1112855614971883e-02,2.7213449807834261e-01,2.4946636687648797e-03
5.6998230701979983e+03,1,1.0000000000000000e+00,-9.8180110499990541e+00,1.1482081761788590e+01,1.2875894731226785e+00,-1.1943382176600734e-01,-3.5575971112412980e-01,-1.0602732434962346e-02
5.6998230701979983e+03,2,1.0000000000000000e+00,1.4685913110232882e+01,-2.2373964084771600e+01,-2.3285994063513136e+00,1.6054667738098519e-01,8.3625213045793997e-02,8.1080687661974696e-03

5.7052163799622986e+03,0,1.0000000000000000e+00,-5.6561071458559358e+00,1.2289287374810922e+01,1.0786369332962740e+00,-2.4570284306961590e-01,2.2250990109567942e-01,1.0579697325017654e-02
5.7052163799622986e+03,1,1.0000000000000000e+00,-9.8858199042184545e+00,9.6188750109758399e+00,1.2046984640745713e+00,8.8842924636352932e-02,-3.1157964059817550e-01,-1.9253284045171570e-02
5.7052163799622986e+03,2,1.0000000000000000e+00,1.5541927050097444e+01,-2.1908162385757347e+01,-2.2833353973705588e+00,1.5685991843326905e-01,8.9069739502502868e-02,8.6735867201539318e-03

5.7101761043285960e+03,0,1.0000000000000000e+00,-7.2190636464844289e+00,1.3048347023625301e+01,1.1377268116925165e+00,-3.6889337207995632e-01,7.0571726671135190e-02,1.2174181089795691e-02
5.7101761043285960e+03,1,1.0000000000000000e+00,-9.0920827224471292e+00,8.4060247703888678e+00,1.1013335837774809e+00,2.1559722039718321e-01,-1.6446782937367382e-01,-2.1352567136811731e-02
5.7101761043285960e+03,2,1.0000000000000000e+00,1.6311146368954638e+01,-2.1454371793984730e+01,-2.2390603954697110e+00,1.5329615168277899e-01,9.3896102702545281e-02,9.1783860470160579e-03

5.7147876205028160e+03,0,1.0000000000000000e+00,-8.9962484470775568e+00,1.2956067599871689e+01,1.1860912936655514e+00,-3.8425168751925060e-01,-1.1224191346855604e-01,7.9374541597772297e-03
5.7147876205028160e+03,1,1.0000000000000000e+00,-8.0138732081988717e+00,8.0551738550717928e+00,1.0095774505850812e+00,2.3442842799619806e-01,1.3968766034940586e-02,-1.7576573122605046e-02
5.7147876205028160e+03,2,1.0000000000000000e+00,1.7010121655299535e+01,-2.1011241454914014e+01,-2.1956687442503462e+00,1.4982325952305847e-01,9.8273147433621963e-02,9.6391189628278230e-03

5.7194584270098158e+03,0,1.0000000000000000e+00,-1.0621399638032363e+01,1.2028615479696599e+01,1.2043306611007005e+00,-2.9552359478203105e-01,-2.7625861672400920e-01,-6.4823344097723196e-04
5.7194584270098158e+03,1,1.0000000000000000e+00,-7.0800514601337827e+00,8.5134338414826338e+00,9.4524406999838684e-01,1.4934225210231133e-01,1.7364435516211546e-01,-9.4476552237779295e-03
5.7194584270098158e+03,2,1.0000000000000000e+00,1.7701451098189281e+01,-2.0542049321149737e+01,-2.1495747310988009e+00,1.4618134267972530e-01,1.0261426156190021e-01,1.0095888664755203e-02

5.7240542568723240e+03,0,1.0000000000000000e+00,-1.1627398681398349e+01,1.0522746507508916e+01,1.1784567276989548e+00,-1.3387814292392569e-01,-3.6342675372757027e-01,-1.0586522265016302e-02
5.7240542568723240e+03,1,1.0000000000000000e+00,-6.7374847315606541e+00,9.5381086890152673e+00,9.2371368678667154e-01,-8.6404026721043636e-03,2.5665978041233328e-01,5.5979145547033898e-05
5.7240542568723240e+03,2,1.0000000000000000e+00,1.8364883412982159e+01,-2.0060855196494657e+01,-2.1021704144853395e+00,1.4251854559603580e-01,1.0676697331524346e-01,1.0530543119469297e-02

5.7293736638169203e+03,0,1.0000000000000000e+00,-1.1774670385673780e+01,8.5985021202312844e+00,1.0957911183633209e+00,7.5331431537689258e-02,-3.3660466955018936e-01,-1.9721958975645472e-02
5.7293736638169203e+03,1,1.0000000000000000e+00,-7.3368751869428799e+00,1.0882061243149046e+01,9.4907336200608661e-01,-2.1352747026912924e-01,2.2523123799914441e-01,8.7104140544534969e-03
5.7293736638169203e+03,2,1.0000000000000000e+00,1.9111545572639852e+01,-1.9480563363350768e+01,-2.0448644803691205e+00,1.3819603873144545e-01,1.1137343155105150e-01,1.1011544921192025e-02

5.7342914833708564e+03,0,1.0000000000000000e+00,-1.1026452790838007e+01,7.2412525636250109e+00,9.8891434150106572e-01,2.1468738785958330e-01,-2.0098786674017621e-01,-2.2693879558456129e-02
5.7342914833708564e+03,1,1.0000000000000000e+00,-8.7546670037421119e+00,1.1681545344707999e+01,1.0007430221826710e+00,-3.4877489241839921e-01,8.5556813108567498e-02,1.1256050460275106e-02
5.7342914833708564e+03,2,1.0000000000000000e+00,1.9781119794603327e+01,-1.8922797908303423e+01,-1.9896573636834500e+00,1.3408750455882101e-01,1.1543105363161515e-01,1.1437829098181071e-02

5.7390656909432464e+03,0,1.0000000000000000e+00,-9.8745011309634521e+00,6.7144088721368185e+00,8.8599150319747544e-01,2.4895973632958426e-01,-1.6405663766646802e-02,-1.9449174168923493e-02
5.7390656909432464e+03,1,1.0000000000000000e+00,-1.0536990575530879e+01,1.1648201603048969e+01,1.0480965692126318e+00,-3.7892328428364364e-01,-1.0281483249972932e-01,7.6098271654920016e-03
5.7390656909432464e+03,2,1.0000000000000000e+00,2.0411491706517559e+01,-1.8362610475156167e+01,-1.9340880724098204e+00,1.2996354795406451e-01,1.1922049626638263e-01,1.1839347003431538e-02

5.7437941696907883e+03,0,1.0000000000000000e+00,-8.8379570102749199e+00,7.0535318167508905e+00,8.1154781366560469e-01,1.7226106773723962e-01,1.5183841265177245e-01,-1.1445320726025266e-02
5.7437941696907883e+03,1,1.0000000000000000e+00,-1.2178161287687736e+01,1.0736695646740820e+01,1.0656392317049677e+00,-2.9801902782829104e-01,-2.7470077125122633e-01,-7.8069247190442823e-04
5.7437941696907883e+03,2,1.0000000000000000e+00,2.1016118297985912e+01,-1.7790227463462063e+01,-1.8771870453702855e+00,1.2575796009105653e-01,1.2286235859946040e-01,1.2226013197929736e-02

5.7485390234887491e+03,0,1.0000000000000000e+00,-8.3767227846884289e+00,8.0345008546283729e+00,7.8070721047837521e-01,1.2548370721250313e-02,2.4515322447810697e-01,-1.5414562808366058e-03
5.7485390234887491e+03,1,1.0000000000000000e+00,-1.3225927704686633e+01,9.1643159904930087e+00,1.0375760613447000e+00,-1.3401055882292867e-01,-3.7155381435913726e-01,-1.1058268732268508e-02
5.7485390234887491e+03,2,1.0000000000000000e+00,2.1602650489398343e+01,-1.7198816845091699e+01,-1.8182832718227879e+00,1.2146218810168352e-01,1.2640058988103678e-01,1.2599725013105158e-02

5.7531887375150400e+03,0,1.0000000000000000e+00,-8.7424200107852030e+00,9.1838300814878195e+00,7.9354396697943042e-01,-1.6853862473580966e-01,2.3110683804185528e-01,6.5229460682279120e-03
5.7531887375150400e+03,1,1.0000000000000000e+00,-1.3415128714895687e+01,7.4194821014553609e+00,9.6533598705457324e-01,5.1326312342834746e-02,-3.6082519317621908e-01,-1.9471647900903624e-02
5.7531887375150400e+03,2,1.0000000000000000e+00,2.2157548725704196e+01,-1.6603312182913474e+01,-1.7588799540337163e+00,1.1721231239297995e-01,1.2971835513437033e-01,1.2948701832675748e-02

5.7581553327124084e+03,0,1.0000000000000000e+00,-9.9843877852580825e+00,1.0064015878754304e+01,8.3771237296762324e-01,-3.1874068341229450e-01,1.0741637307801834e-01,1.0241540432085878e-02
5.7581553327124084e+03,1,1.0000000000000000e+00,-1.2743928738567604e+01,5.8866331044308762e+00,8.5596993292420653e-01,2.0612303779032276e-01,-2.4048568228033779e-01,-2.3544321822325975e-02
5.7581553327124084e+03,2,1.0000000000000000e+00,2.2728316523849031e+01,-1.5950648983155441e+01,-1.6936823058915429e+00,1.1261764562197679e-01,1.3306930920232601e-01,1.3302781390240128e-02

5.7629407582341710e+03,0,1.0000000000000000e+00,-1.1673810837954822e+01,1.0154883401241936e+01,8.8313050954684469e-01,-3.6911841370962245e-01,-7.4699448592204495e-02,7.7501528097029962e-03
5.7629407582341710e+03,1,1.0000000000000000e+00,-1.1582658164992404e+01,5.1516070018518016e+00,7.4610695458113796e-01,2.6102018626244045e-01,-6.1422148190658818e-02,-2.1378964057269585e-02
5.7629407582341710e+03,2,1.0000000000000000e+00,2.3256469002970597e+01,-1.5306490403063968e+01,-1.6292374641276957e+00,1.0809822744718686e-01,1.3612159678286984e-01,1.3628811247566618e-02

5.7676693257833476e+03,0,1.0000000000000000e+00,-1.3319405130258401e+01,9.3668474332295375e+00,9.0354798997672736e-01,-3.0919468354951762e-01,-2.5283983948631605e-01,2.1124891260893095e-04
5.7676693257833476e+03,1,1.0000000000000000e+00,-1.0437444118665370e+01,5.2891234723335199e+00,6.6050761389893464e-01,2.0566800583489486e-01,1.1383659554364389e-01,-1.4149781113841731e-02
5.7676693257833476e+03,2,1.0000000000000000e+00,2.3756849248947162e+01,-1.4655970905533254e+01,-1.5640556038753743e+00,1.0352667771462767e-01,1.3900324394267868e-01,1.3938532201232832e-02

5.7724554618824286e+03,0,1.0000000000000000e+00,-1.4463662440224212e+01,7.8434074078305533e+00,8.8053590173388196e-01,-1.5724454820845513e-01,-3.6852779556001347e-01,-9.9702857363114170e-03
5.7724554618824286e+03,1,1.0000000000000000e+00,-9.7774402426719806e+00,6.1405255539664978e+00,6.1608428122484449e-01,5.8423413865335339e-02,2.2672400468063358e-01,-4.2681688324265575e-03
5.7724554618824286e+03,2,1.0000000000000000e+00,2.4241102682919610e+01,-1.3983932961767216e+01,-1.4966201829584387e+00,9.8821134343124728e-02,1.4180379087938672e-01,1.4238454568738020e-02

5.7771023171150737e+03,0,1.0000000000000000e+00,-1.4765934514396244e+01,6.0634049849117817e+00,8.1237429861535748e-01,2.8185462140350198e-02,-3.7943736602800260e-01,-1.8932552962035797e-02
5.7771023171150737e+03,1,1.0000000000000000e+00,-9.9236962291082520e+00,7.2555126735078153e+00,6.1743515939312599e-01,-1.2240802652255930e-01,2.3504355031817159e-01,4.4184971733049541e-03
5.7771023171150737e+03,2,1.0000000000000000e+00,2.4689630743527935e+01,-1.3318917658389733e+01,-1.4298094580081957e+00,9.4222564382213853e-02,1.4439381570983795e-01,1.4514055788730905e-02

5.7819293377191989e+03,0,1.0000000000000000e+00,-1.4206715046240584e+01,4.4285298648111988e+00,7.0642665134442417e-01,1.9339217532294650e-01,-2.8120211972554643e-01,-2.4045830300851743e-02
5.7819293377191989e+03,1,1.0000000000000000e+00,-1.0926175180380262e+01,8.1872365647090160e+00,6.5266730848149057e-01,-2.8282348283153802e-01,1.3428724152649701e-01,9.2629521463533163e-03
5.7819293377191989e+03,2,1.0000000000000000e+00,2.5132890226644307e+01,-1.2615766429490320e+01,-1.3590939598256266e+00,8.9431307508596181e-02,1.4691487819905644e-01,1.4782878154498493e-02

5.7867318605956962e+03,0,1.0000000000000000e+00,-1.3046140803524533e+01,3.4747824496351871e+00,5.9066718951181474e-01,2.7220435110654018e-01,-1.0815284083437346e-01,-2.3123440072319777e-02
5.7867318605956962e+03,1,1.0000000000000000e+00,-1.2504722308515364e+01,8.4297689507046023e+00,6.9682265178432967e-01,-3.5682628843511521e-01,-4.1086691566159877e-02,8.0894820095007598e-03
5.7867318605956962e+03,2,1.0000000000000000e+00,2.5550863112063386e+01,-1.1904551400309860e+01,-1.2874898412958562e+00,8.4621937328579588e-02,1.4923953240054036e-01,1.5033958062819102e-02

5.7914718652497859e+03,0,1.0000000000000000e+00,-1.1790684930720847e+01,3.4053170501408108e+00,4.9451028796833407e-01,2.3890417913672821e-01,7.5233987696542465e-02,-1.6672071294962273e-02
5.7914718652497859e+03,1,1.0000000000000000e+00,-1.4149888562380843e+01,7.7867190994071871e+00,7.2115936965579808e-01,-3.1870276074521564e-01,-2.2661031442313725e-01,1.4044231486858086e-03
5.7914718652497859e+03,2,1.0000000000000000e+00,2.5940573493125196e+01,-1.1192036149518032e+01,-1.2156696576238435e+00,7.9798581608492014e-02,1.5137632672660203e-01,1.5267648146276543e-02

5.7964276895821267e+03,0,1.0000000000000000e+00,-1.0916191906533015e+01,4.1480122751860957e+00,4.3626999933585964e-01,9.9692235204278890e-02,2.0940132227321270e-01,-6.5608240998350966e-03
5.7964276895821267e+03,1,1.0000000000000000e+00,-1.5407183169074971e+01,6.2885732620826982e+00,7.0316013014375056e-01,-1.7436877150547175e-01,-3.6287778442579754e-01,-8.9366285667787145e-03
5.7964276895821267e+03,2,1.0000000000000000e+00,2.6323375075631517e+01,-1.0436585537238795e+01,-1.1394301294793212e+00,7.4676536301197499e-02,1.5347646215259211e-01,1.5497452666613893e-02

5.8012859740170161e+03,0,1.0000000000000000e+00,-1.0881061734629355e+01,5.2736718644932896e+00,4.2838980524010850e-01,-8.7838805353349328e-02,2.3424375276033171e-01,2.9152639778140567e-03
5.8012859740170161e+03,1,1.0000000000000000e+00,-1.5792838054128083e+01,4.4125342894185353e+00,6.3523343761127737e-01,1.8216593672061118e-02,-3.8965179254269622e-01,-1.8622368572984077e-02
5.8012859740170161e+03,2,1.0000000000000000e+00,2.6673899788780993e+01,-9.6862061538817876e+00,-1.0636232428510968e+00,6.9622211681292859e-02,1.5540803978237175e-01,1.5707104595170097e-02

5.8060317191730101e+03,0,1.0000000000000000e+00,-1.1707446618413787e+01,6.2198473796827134e+00,4.5709659723158125e-01,-2.5175012833220123e-01,1.4780960472471183e-01,8.3337277492405923e-03
5.8060317191730101e+03,1,1.0000000000000000e+00,-1.5285157046191518e+01,2.7246411050659942e+00,5.3153054340198502e-01,1.8705908579914160e-01,-3.0495665619309048e-01,-2.4229564559952170e-02
5.8060317191730101e+03,2,1.0000000000000000e+00,2.6992603664628877e+01,-8.9444884847186348e+00,-9.8862714063327672e-01,6.4691042533064180e-02,1.5714705146838592e-01,1.5895836810711644e-02

5.8107261533136907e+03,0,1.0000000000000000e+00,-1.3129572667451605e+01,6.5520251729052319e+00,4.9796183291194329e-01,-3.3808623863454490e-01,-1.4999904102442785e-02,8.0945466994487257e-03
5.8107261533136907e+03,1,1.0000000000000000e+00,-1.4155273041145106e+01,1.6510375272491018e+00,4.1563569695713154e-01,2.7827454983280453e-01,-1.4369874204187133e-01,-2.4161544147943869e-02
5.8107261533136907e+03,2,1.0000000000000000e+00,2.7284845708620310e+01,-8.2030627001242316e+00,-9.1359752986878484e-01,5.9811688801745144e-02,1.5869864614432155e-01,1.6066997448495216e-02

5.8153365965411604e+03,0,1.0000000000000000e+00,-1.4688547640180762e+01,6.0612851946885629e+00,5.2420043884805856e-01,-3.2063747270290144e-01,-1.9639765669816728e-01,2.5060859221370194e-03
5.8153365965411604e+03,1,1.0000000000000000e+00,-1.2860945870741450e+01,1.4069068601913113e+00,3.1496121013355083e-01,2.6565432014107460e-01,3.6335886532121553e-02,-1.8726913161794000e-02
5.8153365965411604e+03,2,1.0000000000000000e+00,2.7549493510945833e+01,-7.4681920548497374e+00,-8.3916164898131895e-01,5.4983152561831616e-02,1.6006177016605336e-01,1.6220827239657058e-02

5.8200182711355610e+03,0,1.0000000000000000e+00,-1.5950213739104957e+01,4.7757307713131265e+00,5.1512312597813203e-01,-2.0396109052177072e-01,-3.4146929441572371e-01,-6.7550142105085587e-03
5.8200182711355610e+03,1,1.0000000000000000e+00,-1.1845102035046098e+01,1.9401373134143198e+00,2.4775935157893747e-01,1.5393885775635249e-01,1.8016072364741553e-01,-9.6081186646184667e-03
5.8200182711355610e+03,2,1.0000000000000000e+00,2.7795315774174703e+01,-6.7158680846972736e+00,-7.6288247755677874e-01,5.0022232765423127e-02,1.6130857076831603e-01,1.6363132875127067e-02

5.8249526478142834e+03,0,1.0000000000000000e+00,-1.6505972003097614e+01,2.9034241005129746e+00,4.5588256710567326e-01,-1.5325246488244348e-02,-3.9783424032832765e-01,-1.7013466989971353e-02
5.8249526478142834e+03,1,1.0000000000000000e+00,-1.1523180712122233e+01,3.0135027587644827e+00,2.2591885213365456e-01,-2.9428608035262982e-02,2.3533705042684810e-01,5.1544939489089545e-04
5.8249526478142834e+03,2,1.0000000000000000e+00,2.8029152715243519e+01,-5.9169268592472477e+00,-6.8180141923903692e-01,4.4753854523512174e-02,1.6249718990148720e-01,1.6498017595080489e-02

5.8297925568162273e+03,0,1.0000000000000000e+00,-1.6121020269621059e+01,1.0816117323763563e+00,3.5499557707373797e-01,1.6808112094772615e-01,-3.3628923665523092e-01,-2.3880757655527749e-02
5.8297925568162273e+03,1,1.0000000000000000e+00,-1.2112241960795902e+01,4.0462815488250810e+00,2.4666755273940388e-01,-2.0767636613978846e-01,1.7275715058056218e-01,7.2656907707068299e-03
5.8297925568162273e+03,2,1.0000000000000000e+00,2.8233262230440662e+01,-5.1278932811711924e+00,-6.0166312981285086e-01,3.9595245192066975e-02,1.6353208607467651e-01,1.6615066884820943e-02

5.8345027911886164e+03,0,1.0000000000000000e+00,-1.5027584532962313e+01,-1.7552156972482069e-01,2.3729171763505311e-01,2.8118799915421555e-01,-1.8638688612114523e-01,-2.5096866244700280e-02
5.8345027911886164e+03,1,1.0000000000000000e+00,-1.3380414698081548e+01,4.5310615532369836e+00,2.8587112659299285e-01,-3.1579099943793010e-01,2.1999130752990925e-02,8.3825652383127218e-03
5.8345027911886164e+03,2,1.0000000000000000e+00,2.8407999231067581e+01,-4.3555399834818802e+00,-5.2316284422775472e-01,3.4603000283719154e-02,1.6438775536816169e-01,1.6714301006387579e-02

5.8390993624805569e+03,0,1.0000000000000000e+00,-1.3669665123524084e+01,-6.1620940135783098e-01,1.3016196988784601e-01,2.9187871481484184e-01,-4.5479071547226135e-03,-2.0660993246243813e-02
5.8390993624805569e+03,1,1.0000000000000000e+00,-1.4886206482332714e+01,4.2145169133945757e+00,3.1597696234738659e-01,-3.2161340311811559e-01,-1.6051525590341978e-01,3.8640041359610175e-03
5.8390993624805569e+03,2,1.0000000000000000e+00,2.8555871605880526e+01,-3.5983075120064285e+00,-4.4613893223494117e-01,2.9734688303278245e-02,1.6506316305814936e-01,1.6796989110282816e-02

5.8437127155161998e+03,0,1.0000000000000000e+00,-1.2498398869779798e+01,-2.5446947933417974e-01,5.3473407058170053e-02,2.0048065048680352e-01,1.5211841438459353e-01,-1.2109537384769282e-02
5.8437127155161998e+03,1,1.0000000000000000e+00,-1.6183324552092365e+01,3.0900077094250875e+00,3.1501094009974728e-01,-2.2529903953091202e-01,-3.1771149867066206e-01,-4.7562454980520884e-03
5.8437127155161998e+03,2,1.0000000000000000e+00,2.8681723421895910e+01,-2.8355382300605596e+00,-3.6848434715762579e-01,2.4818389044113012e-02,1.6559308428607553e-01,1.6865782882821388e-02

5.8486631733038466e+03,0,1.0000000000000000e+00,-1.1919798451317973e+01,7.4320952026970311e-01,1.9684999658277691e-02,2.4836802276241687e-02,2.3203134622003718e-01,-1.6504339007788818e-03
5.8486631733038466e+03,1,1.0000000000000000e+00,-1.6871645899604957e+01,1.2714434543833173e+00,2.6515521258189767e-01,-4.4341852811618565e-02,-3.9805719333966560e-01,-1.5273654865613454e-02
5.8486631733038466e+03,2,1.0000000000000000e+00,2.8791444350946705e+01,-2.0146529746226367e+00,-2.8484021223988348e-01,1.9505050535381430e-02,1.6602584711963536e-01,1.6924088766392356e-02

5.8535364436221980e+03,0,1.0000000000000000e+00,-1.2260969273754935e+01,1.8264398243526521e+00,3.2258885150015820e-02,-1.6074603208362320e-01,1.9298398567066638e-01,6.0959868325598920e-03
5.8535364436221980e+03,1,1.0000000000000000e+00,-1.6612776586492423e+01,-6.2166702088030501e-01,1.6999610201873452e-01,1.4646971831109740e-01,-3.5931402366178428e-01,-2.3062675330320873e-02
5.8535364436221980e+03,2,1.0000000000000000e+00,2.8873745860271153e+01,-1.2047728034419314e+00,-2.0225498716845827e-01,1.4276313772530351e-02,1.6633003799112489e-01,1.6966688497761000e-02

5.8581061553492218e+03,0,1.0000000000000000e+00,-1.3304912685006165e+01,2.4397304006925644e+00,6.7634391521029222e-02,-2.8359263061553658e-01,6.3381629511820289e-02,8.4759216127704290e-03
5.8581061553492218e+03,1,1.0000000000000000e+00,-1.5622940609143175e+01,-1.9954579743769543e+00,5.7020895229513133e-02,2.7418054985735746e-01,-2.2987349862281131e-01,-2.5469796019998964e-02
5.8581061553492218e+03,2,1.0000000000000000e+00,2.8927853294173154e+01,-4.4427242628516317e-01,-1.2465528675025035e-01,9.4120807581835123e-03,1.6649186911099806e-01,1.6993874407228556e-02

5.8642912182603122e+03,0,1.0000000000000000e+00,-1.5214399679964718e+01,2.0994680090356246e+00,1.0813767874798266e-01,-3.0252096100837406e-01,-1.7622285433855225e-01,3.0785888047043259e-03
5.8642912182603122e+03,1,1.0000000000000000e+00,-1.3751454284143300e+01,-2.6850695225560015e+00,-8.8653598687798374e-02,2.9963992282999380e-01,9.7412078195558693e-03,-2.0088730836518055e-02
5.8642912182603122e+03,2,1.0000000000000000e+00,2.8965853964131860e+01,5.8560151355086720e-01,-1.9484080059892189e-02,2.8810381783847538e-03,1.6648164651900363e-01,1.7010142031813745e-02

5.8691605777082195e+03,0,1.0000000000000000e+00,-1.6456752090620370e+01,8.3096569906204665e-01,1.0159505514636526e-01,-1.9149857106586243e-01,-3.3363657988955725e-01,-6.2269759703051462e-03
5.8691605777082195e+03,1,1.0000000000000000e+00,-1.2510613719666976e+01,-2.2268080976197906e+00,-1.6493333897183260e-01,1.9376246349435822e-01,1.6735279379621942e-01,-1.0777921319945998e-02
5.8691605777082195e+03,2,1.0000000000000000e+00,2.8967365810311200e+01,1.3958423985882691e+00,6.3338283825759484e-02,-2.2638924284912876e-03,1.6628378609334510e-01,1.7004897290251168e-02

5.8738958692416609e+03,0,1.0000000000000000e+00,-1.6960142924385448e+01,-9.4560483400491013e-01,4.8221629439415735e-02,-1.4397342210461184e-02,-3.9912759747979631e-01,-1.6156824539744923e-02
5.8738958692416609e+03,1,1.0000000000000000e+00,-1.1984611382115212e+01,-1.2369101335637340e+00,-1.9204035621290405e-01,2.1685955990454142e-02,2.3317185315278821e-01,-8.2760696956080820e-04
5.8738958692416609e+03,2,1.0000000000000000e+00,2.8944754306524551e+01,2.1825149675992046e+00,1.4381872677378060e-01,-7.2886137799882400e-03,1.6595574432701532e-01,1.6984431509305745e-02

5.8785936582111290e+03,0,1.0000000000000000e+00,-1.6588109829669573e+01,-2.7587632038654974e+00,-4.6304703664716278e-02,1.6844159564408645e-01,-3.5466465284572923e-01,-2.3393939946083880e-02
5.8785936582111290e+03,1,1.0000000000000000e+00,-1.2310699988694964e+01,-2.0239505717076378e-01,-1.7722889912640494e-01,-1.5617513028274854e-01,1.8914456299116000e-01,6.4432517453249100e-03
5.8785936582111290e+03,2,1.0000000000000000e+00,2.8898809818388443e+01,2.9611582610668568e+00,2.2353360279141343e-01,-1.2266465361333467e-02,1.6552008985457634e-01,1.6950688200758984e-02

5.8831350355429931e+03,0,1.0000000000000000e+00,-1.5512080991194248e+01,-4.0942897913670935e+00,-1.5941249896518714e-01,2.9263027656954621e-01,-2.2167135259728615e-01,-2.5498739552050773e-02
5.8831350355429931e+03,1,1.0000000000000000e+00,-1.3320176834677213e+01,3.8259915518127841e-01,-1.4100496755940370e-01,-2.7559712093432243e-01,5.6679894754265603e-02,8.5919659801773074e-03
5.8831350355429931e+03,2,1.0000000000000000e+00,2.8832257825895390e+01,3.7116906362164439e+00,3.0041746652488310e-01,-1.7033155635219621e-02,1.6499145784302754e-01,1.6906773571873472e-02

5.8892686249795979e+03,0,1.0000000000000000e+00,-1.3562649361160169e+01,-4.7223441480110147e+00,-3.0277455145566434e-01,3.1159819400926109e-01,1.8936688075830432e-02,-1.9717417238874005e-02
5.8892686249795979e+03,1,1.0000000000000000e+00,-1.5145606612197874e+01,1.3517573955326156e-03,-1.0111558816821242e-01,-2.8821031173915662e-01,-1.8300886518306747e-01,2.8882924742596600e-03
5.8892686249795979e+03,2,1.0000000000000000e+00,2.8708255973382002e+01,4.7209923906461562e+00,4.0389013962416920e-01,-2.3387882270100191e-02,1.6407217710724387e-01,1.6829124764614352e-02

5.8941046060820272e+03,0,1.0000000000000000e+00,-1.2283785893372634e+01,-4.2276805472178625e+00,-3.7620688205925512e-01,2.0139929957131492e-01,1.7400314700153902e-01,-1.0219381866195674e-02
5.8941046060820272e+03,1,1.0000000000000000e+00,-1.6299319318633714e+01,-1.2846289522308076e+00,-1.0888516255276798e-01,-1.7302930815655165e-01,-3.3716677280112989e-01,-6.5311529264464631e-03
5.8941046060820272e+03,2,1.0000000000000000e+00,2.8583105212030322e+01,5.5123094994793762e+00,4.8509204461231559e-01,-2.8369991414758898e-02,1.6316362579959767e-01,1.6750534792642158e-02

5.8988855497539780e+03,0,1.0000000000000000e+00,-1.1727533969515470e+01,-3.2048770507099391e+00,-4.0049330234620661e-01,2.5104870201579026e-02,2.3559888406440455e-01,-1.4280221975225896e-04
5.8988855497539780e+03,1,1.0000000000000000e+00,-1.6708152198860194e+01,-3.0850702042246709e+00,-1.6446425647480406e-01,8.1953537896801640e-03,-3.9772125647701417e-01,-1.6514038706667792e-02
5.8988855497539780e+03,2,1.0000000000000000e+00,2.8435686168399670e+01,6.2899472549653517e+00,5.6495755882130338e-01,-3.3300223991254908e-02,1.6212237241261637e-01,1.6656840926420065e-02

5.9036287386701388e+03,0,1.0000000000000000e+00,-1.2042013286464908e+01,-2.1643564908137112e+00,-3.8257592279692598e-01,-1.5247692160684179e-01,1.8495798488701348e-01,6.9604570406983073e-03
5.9036287386701388e+03,1,1.0000000000000000e+00,-1.6224138918465243e+01,-4.8918901083608013e+00,-2.6113981905982164e-01,1.9065651926706928e-01,-3.4593408769932293e-01,-2.3510529813134159e-02
5.9036287386701388e+03,2,1.0000000000000000e+00,2.8266152204954174e+01,7.0562465992052879e+00,6.4371574185704017e-01,-3.8179597660223386e-02,1.6097610281231620e-01,1.6550072772435868e-02

5.9082528212916468e+03,0,1.0000000000000000e+00,-1.3044716586803322e+01,-1.6036244646527065e+00,-3.4407876611048294e-01,-2.6751720759316727e-01,4.6126815695633858e-02,8.7374590507935355e-03
5.9082528212916468e+03,1,1.0000000000000000e+00,-1.5033984960111749e+01,-6.1942125011461506e+00,-3.7590414202162487e-01,3.1040207241171341e-01,-2.0588455034594605e-01,-2.5172666000403295e-02
5.9082528212916468e+03,2,1.0000000000000000e+00,2.8078701546939111e+01,7.7978369658296627e+00,7.1998290813240051e-01,-4.2884864818542187e-02,1.5975773465031906e-01,1.6435206949609777e-02

5.9135604888991984e+03,0,1.0000000000000000e+00,-1.4560059124339737e+01,-1.9025616033866424e+00,-3.0753580454174068e-01,-2.8026072425514237e-01,-1.6042385691822719e-01,3.8974675628019543e-03
5.9135604888991984e+03,1,1.0000000000000000e+00,-1.3276883768516425e+01,-6.7391940651810520e+00,-4.9930210913058637e-01,3.2845898754814473e-01,2.2107301868335982e-03,-2.0187869700767518e-02
5.9135604888991984e+03,2,1.0000000000000000e+00,2.7836942892880224e+01,8.6417556685985346e+00,8.0683791367261981e-01,-4.8198263292998242e-02,1.5821312673140075e-01,1.6290402137965593e-02

5.9183918690218879e+03,0,1.0000000000000000e+00,-1.5703104582283935e+01,-3.0882377649380270e+00,-3.0938234385900465e-01,-1.7653727131286523e-01,-3.2007130359438063e-01,-5.1495445408166474e-03
5.9183918690218879e+03,1,1.0000000000000000e+00,-1.1889416421244873e+01,-6.3141837700661272e+00,-5.7581268486185810e-01,2.2951432477426242e-01,1.6342547243968636e-01,-1.0994150397275942e-02
5.9183918690218879e+03,2,1.0000000000000000e+00,2.7592521003552882e+01,9.4024215350350282e+00,8.8519502872115563e-01,-5.2977053461393198e-02,1.5664583115470126e-01,1.6143694938092621e-02

5.9231844116909515e+03,0,1.0000000000000000e+00,-1.6145217792102958e+01,-4.8383707568362029e+00,-3.5850695238091335e-01,-3.9419545405083856e-04,-3.9261296801354950e-01,-1.5224375585511148e-02
5.9231844116909515e+03,1,1.0000000000000000e+00,-1.1182090452499533e+01,-5.3107516133924708e+00,-6.0367617624475445e-01,5.8092990742899364e-02,2.3767256589833030e-01,-7.5750275057274302e-04
5.9231844116909515e+03,2,1.0000000000000000e+00,2.7327308244626590e+01,1.0149122370259587e+01,9.6218312862596078e-01,-5.7698795288844584e-02,1.5494040211522619e-01,1.5981878336083929e-02

5.9279056940292658e+03,0,1.0000000000000000e+00,-1.5701608292528498e+01,-6.6438106797292145e+00,-4.4957946934441795e-01,1.8459588967671123e-01,-3.5374530080496075e-01,-2.2676620262462418e-02
5.9279056940292658e+03,1,1.0000000000000000e+00,-1.1342331693296355e+01,-4.2326191254718477e+00,-5.8765283977836325e-01,-1.2226057670962046e-01,2.0060578043898741e-01,6.8687742459954994e-03
5.9279056940292658e+03,2,1.0000000000000000e+00,2.7043939985848969e+01,1.0876429805232005e+01,1.0372323091230742e+00,-6.2335312967086776e-02,1.5313952036598044e-01,1.5807846016466971e-02

5.9325396418822484e+03,0,1.0000000000000000e+00,-1.4514435894692358e+01,-8.0046831495358575e+00,-5.6223888143843126e-01,3.1477096851127262e-01,-2.2090001698782336e-01,-2.4987702046864745e-02
5.9325396418822484e+03,1,1.0000000000000000e+00,-1.2230185303492753e+01,-3.5771068842452651e+00,-5.4782907351050947e-01,-2.4793235342467757e-01,6.9623087639760162e-02,9.3613928871098852e-03
5.9325396418822484e+03,2,1.0000000000000000e+00,2.6744621198209245e+01,1.1581790033812098e+01,1.1100679549492338e+00,-6.6838615086590947e-02,1.5127692934807002e-01,1.5626309159754909e-02

5.9375497795349675e+03,0,1.0000000000000000e+00,-1.2801302795402210e+01,-8.6263346094096978e+00,-6.8008188112871870e-01,3.4817938290028866e-01,-2.3956674834527653e-02,-2.0979563389021176e-02
5.9375497795349675e+03,1,1.0000000000000000e+00,-1.3596434792387360e+01,-3.7081014427622749e+00,-5.0776363119560053e-01,-2.7656225800122741e-01,-1.2519388267511575e-01,5.5596396540949292e-03
5.9375497795349675e+03,2,1.0000000000000000e+00,2.6397737587813719e+01,1.2334436052202985e+01,1.1878455123246128e+00,-7.1617124899057139e-02,1.4915055750965009e-01,1.5419923734926301e-02

5.9422878626802640e+03,0,1.0000000000000000e+00,-1.1304096835991981e+01,-8.3191946314047414e+00,-7.6036662119134912e-01,2.6690082904507273e-01,1.4515289180316465e-01,-1.2344565007075642e-02
5.9422878626802640e+03,1,1.0000000000000000e+00,-1.4743779456386736e+01,-4.7169023932628384e+00,-5.0005439673508589e-01,-1.9084865230203396e-01,-2.9215754669524441e-01,-2.8681964746756650e-03
5.9422878626802640e+03,2,1.0000000000000000e+00,2.6047876292402886e+01,1.3036097024698620e+01,1.2604210179267288e+00,-7.6052176743034966e-02,1.4700465489208664e-01,1.5212761481751375e-02

5.9469243365453249e+03,0,1.0000000000000000e+00,-1.0411131945328368e+01,-7.3976831684756359e+00,-7.9416821323451559e-01,1.0941515732546211e-01,2.3658003345060688e-01,-2.2497285784122169e-03
5.9469243365453249e+03,1,1.0000000000000000e+00,-1.5274167681359559e+01,-6.3148525975933243e+00,-5.3628829648564369e-01,-2.9070586945589200e-02,-3.8134229308788881e-01,-1.2745574077122145e-02
5.9469243365453249e+03,2,1.0000000000000000e+00,2.5685299626712112e+01,1.3712535766100034e+01,1.3304565097204535e+00,-8.0344570379868974e-02,1.4476225963728886e-01,1.4995302655534434e-02

5.9522233962101091e+03,0,1.0000000000000000e+00,-1.0380592477687763e+01,-6.1426798994519878e+00,-7.7965566177422030e-01,-9.5094189294212456e-02,2.1369121313377887e-01,6.9541168435919148e-03
5.9522233962101091e+03,1,1.0000000000000000e+00,-1.4866026907969875e+01,-8.3298236089789111e+00,-6.2956267754179718e-01,1.8031273368180470e-01,-3.5573590495648227e-01,-2.1682555854361702e-02
5.9522233962101091e+03,2,1.0000000000000000e+00,2.5246619385681846e+01,1.4472503508462008e+01,1.4092183393163125e+00,-8.5218544387588413e-02,1.4204469182271040e-01,1.4728439010769850e-02

5.9569661044357663e+03,0,1.0000000000000000e+00,-1.1180159453372330e+01,-5.3972206173461377e+00,-7.3718888343448197e-01,-2.2914912171380750e-01,8.6987214461449996e-02,9.9684672904338696e-03
5.9569661044357663e+03,1,1.0000000000000000e+00,-1.3652037191123053e+01,-9.7429728405549874e+00,-7.4128962145329647e-01,3.1868145331269160e-01,-2.2649258312674195e-01,-2.4445469822834982e-02
5.9569661044357663e+03,2,1.0000000000000000e+00,2.4832196644519602e+01,1.5140193457932272e+01,1.4784785048880733e+00,-8.9532331598880521e-02,1.3950536866529886e-01,1.4477002532401173e-02

5.9617792100009719e+03,0,1.0000000000000000e+00,-1.2419355020184014e+01,-5.4108708360289963e+00,-6.9423900756918844e-01,-2.6695128539984003e-01,-9.6656934645814541e-02,6.8804796550957685e-03
5.9617792100009719e+03,1,1.0000000000000000e+00,-1.1971547867846565e+01,-1.0394393333985024e+01,-8.5328758090636547e-01,3.6077326792003783e-01,-4.0179468682905228e-02,-2.1093813208699786e-02
5.9617792100009719e+03,2,1.0000000000000000e+00,2.4390902888054818e+01,1.5805264170045200e+01,1.5475265884758493e+00,-9.3821982520194164e-02,1.3683640332872662e-01,1.4213333553604081e-02

5.9664608961450995e+03,0,1.0000000000000000e+00,-1.3542003962656267e+01,-6.2754693953455991e+00,-6.7894963089110649e-01,-1.9581506422766137e-01,-2.6585794726059886e-01,-9.5428565231628522e-04
5.9664608961450995e+03,1,1.0000000000000000e+00,-1.0400085736077063e+01,-1.0164134937241059e+01,-9.3450155281995584e-01,2.9370879752837165e-01,1.3172696833733155e-01,-1.2993289431043416e-02
5.9664608961450995e+03,2,1.0000000000000000e+00,2.3942089698757581e+01,1.6439604332617861e+01,1.6134511837113574e+00,-9.7893733300706776e-02,1.3413097892327425e-01,1.3947575083359769e-02

5.9711914892148507e+03,0,1.0000000000000000e+00,-1.4123350121499971e+01,-7.8121809754559530e+00,-7.0698585991533081e-01,-3.9499412737884820e-02,-3.6841928169354177e-01,-1.0966975322953536e-02
5.9711914892148507e+03,1,1.0000000000000000e+00,-9.3460767565918541e+00,-9.2552112287717048e+00,-9.7178458253053268e-01,1.4142757255228444e-01,2.3715817905398351e-01,-2.6985181344888025e-03
5.9711914892148507e+03,2,1.0000000000000000e+00,2.3469426878116089e+01,1.7067392204258894e+01,1.6787704424461589e+00,-1.0192815981439651e-01,1.3126110263956534e-01,1.3665493457442401e-02

5.9758876274499389e+03,0,1.0000000000000000e+00,-1.3869104833026784e+01,-9.5807900472957055e+00,-7.7983728829254417e-01,1.4783279504922903e-01,-3.6625782226904063e-01,-1.9548321711301407e-02
5.9758876274499389e+03,1,1.0000000000000000e+00,-9.1123486632659780e+00,-8.0960595821024413e+00,-9.6241942139075376e-01,-4.1948572767295078e-02,2.3798331273298551e-01,6.1787503559712874e-03
5.9758876274499389e+03,2,1.0000000000000000e+00,2.2981453496317044e+01,1.7676849629429416e+01,1.7422567096835941e+00,-1.0588422228193106e-01,1.2827450953606206e-01,1.3369571355330182e-02

5.9807337082182958e+03,0,1.0000000000000000e+00,-1.2739690732687917e+01,-1.1124938800705065e+01,-8.8716507665128352e-01,3.0696247748980954e-01,-2.5467490322428038e-01,-2.3758081429886724e-02
5.9807337082182958e+03,1,1.0000000000000000e+00,-9.7188388917537445e+00,-7.1658323662152146e+00,-9.1911257614468966e-01,-1.9704368575635900e-01,1.2959752732619306e-01,1.0707812327333990e-02
5.9807337082182958e+03,2,1.0000000000000000e+00,2.2458529624465957e+01,1.8290771166951579e+01,1.8062776527962694e+00,-1.0991879173344757e-01,1.2507737589809437e-01,1.3050269102552794e-02

5.9853436553703596e+03,0,1.0000000000000000e+00,-1.1133729457662012e+01,-1.1914751587921909e+01,-9.9457453200635448e-01,3.7289368268371820e-01,-8.1663934293177642e-02,-2.1866873061250010e-02
5.9853436553703596e+03,1,1.0000000000000000e+00,-1.0809372602884057e+01,-6.9454510110004843e+00,-8.7114742979922344e-01,-2.5921265002813015e-01,-4.0291118883233557e-02,9.1286024939920690e-03
5.9853436553703596e+03,2,1.0000000000000000e+00,2.1943102060570379e+01,1.8860202598953727e+01,1.8657219618058742e+00,-1.1368103265558527e-01,1.2195505317641814e-01,1.2738270567258000e-02

5.9898410172259146e+03,0,1.0000000000000000e+00,-9.5034331118644140e+00,-1.1878329249371195e+01,-1.0790402344526753e+00,3.3544006549643951e-01,9.4060056971844525e-02,-1.5011640127557657e-02
5.9898410172259146e+03,1,1.0000000000000000e+00,-1.1920338305082646e+01,-7.5233575031151334e+00,-8.4327448295474094e-01,-2.1818988695121250e-01,-2.1289123069601831e-01,2.5840033624993045e-03
5.9898410172259146e+03,2,1.0000000000000000e+00,2.1423771416971391e+01,1.9401686752517701e+01,1.9223147174077126e+00,-1.1725017854522418e-01,1.1883117372418076e-01,1.2427636765058401e-02

5.9943256504605788e+03,0,1.0000000000000000e+00,-8.2520384407531324e+00,-1.1145789490179656e+01,-1.1253010294656653e+00,2.1077803924466829e-01,2.2055239094447110e-01,-5.3921948015166581e-03
5.9943256504605788e+03,1,1.0000000000000000e+00,-1.2638120447219549e+01,-8.7816419018136394e+00,-8.5203608678394449e-01,-9.0069707380862424e-02,-3.3616693046088852e-01,-6.7164289578659046e-03
5.9943256504605788e+03,2,1.0000000000000000e+00,2.0890158887997018e+01,1.9927431392024694e+01,1.9773371162499074e+00,-1.2070833186380339e-01,1.1561453951642442e-01,1.2108623759382625e-02

5.9992310046842767e+03,0,1.0000000000000000e+00,-7.6711489028742044e+00,-9.9238716456301006e+00,-1.1258566933088554e+00,2.2406357317923231e-02,2.5779518776036658e-01,4.7875821298532465e-03
5.9992310046842767e+03,1,1.0000000000000000e+00,-1.2617799261997618e+01,-1.0561777920370963e+01,-9.0999104461472757e-01,1.0199728590809881e-01,-3.6975124185631680e-01,-1.6531846608785511e-02
5.9992310046842767e+03,2,1.0000000000000000e+00,2.0288948164896176e+01,2.0485649566032496e+01,2.0358477379238802e+00,-1.2440364322601968e-01,1.1195605409595721e-01,1.1744264478932329e-02

6.0040941022411462e+03,0,1.0000000000000000e+00,-8.0006626132548071e+00,-8.8185759071152070e+00,-1.0853947487907893e+00,-1.4952078407761452e-01,1.7881624979555144e-01,1.0954634302192741e-02
6.0040941022411462e+03,1,1.0000000000000000e+00,-1.1674522227740534e+01,-1.2202427483009606e+01,-1.0066542383219883e+00,2.7752352199685226e-01,-2.8701056649830198e-01,-2.2321341372842439e-02
6.0040941022411462e+03,2,1.0000000000000000e+00,1.9675184841019703e+01,2.1021003390156281e+01,2.0920489871130754e+00,-1.2800273791923536e-01,1.0819431670275766e-01,1.1366707070649761e-02

6.0089712299537114e+03,0,1.0000000000000000e+00,-8.9993475137476722e+00,-8.3244454955079661e+00,-1.0292017438080872e+00,-2.4273074753728408e-01,1.4037399527892208e-02,1.0994903539560263e-02
6.0089712299537114e+03,1,1.0000000000000000e+00,-1.0042895203603006e+01,-1.3214831551781991e+01,-1.1173371523241380e+00,3.7426773837068228e-01,-1.1836234975937790e-01,-2.1972006923570299e-02
6.0089712299537114e+03,2,1.0000000000000000e+00,1.9042242717375046e+01,2.1539277047321448e+01,2.1465388961325242e+00,-1.3153699083339587e-01,1.0432495023149288e-01,1.0977103384010103e-02

6.0129509424590660e+03,0,1.0000000000000000e+00,-9.9757157795355340e+00,-8.5789968698790666e+00,-9.9327658885355019e-01,-2.3475829491646882e-01,-1.4137161554523259e-01,6.4486465187396560e-03
6.0129509424590660e+03,1,1.0000000000000000e+00,-8.5374454692896364e+00,-1.3369088944802783e+01,-1.1963076534422967e+00,3.6909610286541739e-01,4.0258323250398131e-02,-1.7103352256589835e-02
6.0129509424590660e+03,2,1.0000000000000000e+00,1.8513161248849549e+01,2.1948085814713384e+01,2.1895842422961453e+00,-1.3433780794894629e-01,1.0111329229484159e-01,1.0654705737850241e-02

6.0183030894915655e+03,0,1.0000000000000000e+00,-1.0948499980932521e+01,-9.8200490236588003e+00,-9.8516312966292308e-01,-1.0959701331037476e-01,-3.0843079517121275e-01,-3.9383264104557655e-03
6.0183030894915655e+03,1,1.0000000000000000e+00,-6.8358981161780523e+00,-1.2657459542109326e+01,-1.2602715128178321e+00,2.4755680039674033e-01,2.1172949362992000e-01,-6.2753435196406943e-03
6.0183030894915655e+03,2,1.0000000000000000e+00,1.7784398097134961e+01,2.2477508565799699e+01,2.2454346424810545e+00,-1.3795978708636314e-01,9.6701301541299856e-02,1.0213669930096522e-02

6.0230354816985928e+03,0,1.0000000000000000e+00,-1.1056507741647415e+01,-1.1449532907992989e+01,-1.0275879302349940e+00,6.9656040887939794e-02,-3.6243295850402207e-01,-1.3764603465581881e-02
6.0230354816985928e+03,1,1.0000000000000000e+00,-6.0676930381590202e+00,-1.1476131957357582e+01,-1.2652345633992435e+00,7.1378896099487985e-02,2.6975666086681954e-01,3.9537619734862379e-03
6.0230354816985928e+03,2,1.0000000000000000e+00,1.7124200779830833e+01,2.2925664865382181e+01,2.2928224936345378e+00,-1.4103493698742509e-01,9.2676297637209720e-02,9.8108414920957121e-03

6.0276990102936961e+03,0,1.0000000000000000e+00,-1.0304238050515266e+01,-1.3053194689958826e+01,-1.1091930639038945e+00,2.4784845390860949e-01,-3.0771734736714657e-01,-2.0495075691079886e-02
6.0276990102936961e+03,1,1.0000000000000000e+00,-6.1553508518740330e+00,-1.0295168191820036e+01,-1.2284268676443597e+00,-1.0387052893454135e-01,2.1913567296832054e-01,1.1096597513009340e-02
6.0276990102936961e+03,2,1.0000000000000000e+00,1.6459588902413707e+01,2.3348362881810498e+01,2.3376199315485544e+00,-1.4397792497406606e-01,8.8581674398833188e-02,9.3984781780706156e-03

6.0325454402428013e+03,0,1.0000000000000000e+00,-8.7708199373734850e+00,-1.4206523742412925e+01,-1.2142943543677989e+00,3.6945707768277247e-01,-1.5571390035034785e-01,-2.1786562244395586e-02
6.0325454402428013e+03,1,1.0000000000000000e+00,-6.9837359847551665e+00,-9.5606048636219079e+00,-1.1678085631340571e+00,-2.2250001454428947e-01,7.1496275702606832e-02,1.2829671619905583e-02
6.0325454402428013e+03,2,1.0000000000000000e+00,1.5754555922153070e+01,2.3767128606066503e+01,2.3821029175021566e+00,-1.4695706313848100e-01,8.4217624647748013e-02,8.9568906244900780e-03

6.0372412588955049e+03,0,1.0000000000000000e+00,-6.9593907217937883e+00,-1.4499022942820927e+01,-1.3073761764631986e+00,3.8337168628217044e-01,3.2366860887695886e-02,-1.6931381551610510e-02
6.0372412588955049e+03,1,1.0000000000000000e+00,-8.0984923160377491e+00,-9.6535112277473587e+00,-1.1157688521956168e+00,-2.3362772554181244e-01,-1.1228869175254572e-01,8.4086038715205751e-03
6.0372412588955049e+03,2,1.0000000000000000e+00,1.5057883037855966e+01,2.4152534170599992e+01,2.4231450286591167e+00,-1.4974396074035601e-01,7.9921830864856880e-02,8.5227776800900039e-03

6.0417668712037566e+03,0,1.0000000000000000e+00,-5.3892549301948769e+00,-1.3975735113678756e+01,-1.3650253163808970e+00,2.9553071599909403e-01,1.9024094745038053e-01,-8.0722224476048703e-03
6.0417668712037566e+03,1,1.0000000000000000e+00,-8.9851001085549029e+00,-1.0529026956952311e+01,-1.0957373558436998e+00,-1.4322606616595079e-01,-2.6596865963330441e-01,-2.8565234547674179e-05
6.0417668712037566e+03,2,1.0000000000000000e+00,1.4374355038774212e+01,2.4504762070662810e+01,2.4607626722248988e+00,-1.5230464983314129e-01,7.5727712182931062e-02,8.1007876821525965e-03

6.0462559832006709e+03,0,1.0000000000000000e+00,-4.3962609609315777e+00,-1.2899292796667162e+01,-1.3785629459798834e+00,1.3910752569585738e-01,2.7429870116686261e-01,1.9894854590301134e-03
6.0462559832006709e+03,1,1.0000000000000000e+00,-9.2889290857759228e+00,-1.1935943424398939e+01,-1.1176130450749537e+00,1.5605070857756365e-02,-3.4578896545642879e-01,-9.6644350933161090e-03
6.0462559832006709e+03,2,1.0000000000000000e+00,1.3685190046731940e+01,2.4835236221097865e+01,2.4961759910551402e+00,-1.5471259655361208e-01,7.1490264289573391e-02,7.6749496342860494e-03

6.0516268809130133e+03,0,1.0000000000000000e+00,-4.2154738527745650e+00,-1.1436800034856059e+01,-1.3403942310092245e+00,-6.8277597302899978e-02,2.4648666304070088e-01,1.1385843686817346e-02
6.0516268809130133e+03,1,1.0000000000000000e+00,-8.6313706445803824e+00,-1.3768485129406670e+01,-1.1955996028559213e+00,2.2572205929621916e-01,-3.1276714136350248e-01,-1.8534793271931804e-02
6.0516268809130133e+03,2,1.0000000000000000e+00,1.2846844497379397e+01,2.5205285164294541e+01,2.5359938338654495e+00,-1.5744446199331741e-01,6.6280478322808797e-02,7.1489495851145089e-03

6.0566372167377358e+03,0,1.0000000000000000e+00,-4.9355891758749912e+00,-1.0513867430637770e+01,-1.2734497933359070e+00,-2.0407316811704290e-01,1.0737607435610129e-01,1.4202794043461628e-02
6.0566372167377358e+03,1,1.0000000000000000e+00,-7.1162665873125599e+00,-1.5011040480044931e+01,-1.2970974723055153e+00,3.6395091802584112e-01,-1.6866277824304432e-01,-2.0844549044443349e-02
6.0566372167377358e+03,2,1.0000000000000000e+00,1.2051855763212007e+01,2.5524907910714550e+01,2.5705472656417259e+00,-1.5987774990879658e-01,6.1286703886950220e-02,6.6417550009817729e-03

6.0614839381804395e+03,0,1.0000000000000000e+00,-6.0355865912654512e+00,-1.0437654553995326e+01,-1.2112908972440901e+00,-2.3044976533867939e-01,-7.8698734663951941e-02,1.0437412742988506e-02
6.0614839381804395e+03,1,1.0000000000000000e+00,-5.2358952525091631e+00,-1.5372418629518968e+01,-1.3902401709811443e+00,3.9257327634157851e-01,2.2320783179627546e-02,-1.6580472355888089e-02
6.0614839381804395e+03,2,1.0000000000000000e+00,1.1271481843799075e+01,2.5810073183546169e+01,2.6015310682255386e+00,-1.6212351100289743e-01,5.6377951484331452e-02,6.1430596128996297e-03

6.0661247046455428e+03,0,1.0000000000000000e+00,-6.9540579146689048e+00,-1.1196026191731537e+01,-1.1807216983316411e+00,-1.4930332637863594e-01,-2.4024693960729898e-01,2.1860435769974242e-03
6.0661247046455428e+03,1,1.0000000000000000e+00,-3.5603053264475855e+00,-1.4864696989464740e+01,-1.4482054637133901e+00,3.1344583413194016e-01,1.8861036560344879e-01,-7.8493940603461265e-03
6.0661247046455428e+03,2,1.0000000000000000e+00,1.0514363241140959e+01,2.6060723181228180e+01,2.6289271620453354e+00,-1.6414250775330252e-01,5.1636574003857225e-02,5.6633504833487353e-03

6.0706841454157520e+03,0,1.0000000000000000e+00,-7.3011268251926484e+00,-1.2528812726187120e+01,-1.1930333193812444e+00,5.9269908473393862e-03,-3.2954237227577932e-01,-7.5942521527598275e-03
6.0706841454157520e+03,1,1.0000000000000000e+00,-2.4606011580892808e+00,-1.3756634582621693e+01,-1.4606345995238739e+00,1.6004857076065832e-01,2.8261480795302707e-01,2.4061979315359557e-03
6.0706841454157520e+03,2,1.0000000000000000e+00,9.7617279833064092e+00,2.6285447308840745e+01,2.6536679189054224e+00,-1.6597556160799615e-01,4.6927564322759352e-02,5.1880542212239056e-03

6.0759936180209770e+03,0,1.0000000000000000e+00,-6.7101834044644662e+00,-1.4285272451340841e+01,-1.2598117360955268e+00,2.1477972296617123e-01,-3.0863107825555164e-01,-1.6805449377450758e-02
6.0759936180209770e+03,1,1.0000000000000000e+00,-2.1650418856864366e+00,-1.2234548907651657e+01,-1.4199062159370939e+00,-4.6853292706139499e-02,2.6729662829582540e-01,1.2183774093661698e-02
6.0759936180209770e+03,2,1.0000000000000000e+00,8.8752252901753899e+00,2.6519821359024469e+01,2.6797179520329246e+00,-1.6792643026002999e-01,4.1334449959733233e-02,4.6216752837890882e-03

6.0810101157868694e+03,0,1.0000000000000000e+00,-5.2279118104302329e+00,-1.5530137593552640e+01,-1.3544181621599194e+00,3.6189979471313860e-01,-1.7192079448811851e-01,-1.9777830575752140e-02
6.0810101157868694e+03,1,1.0000000000000000e+00,-2.8006092253838824e+00,-1.1183508590514096e+01,-1.3471072242271371e+00,-1.9227993368036977e-01,1.3599970749675308e-01,1.5707626276986440e-02
6.0810101157868694e+03,2,1.0000000000000000e+00,8.0285210358386152e+00,2.6713646184098742e+01,2.7015253863873609e+00,-1.6961986103276711e-01,3.5921086991372475e-02,4.0702042987657248e-03

6.0859331846591167e+03,0,1.0000000000000000e+00,-3.3013535135221179e+00,-1.5908533184467540e+01,-1.4449091884410543e+00,4.0055611990604323e-01,2.2199937106214429e-02,-1.5895223058068224e-02
6.0859331846591167e+03,1,1.0000000000000000e+00,-3.8882795527091387e+00,-1.0968687543465560e+01,-1.2753000837820159e+00,-2.2939836396039259e-01,-5.2721601742481583e-02,1.2375894001935350e-02
6.0859331846591167e+03,2,1.0000000000000000e+00,7.1896330662557650e+00,2.6877220727965135e+01,2.7202092722233742e+00,-1.7115775594564908e-01,3.0521664636274343e-02,3.5193290561328985e-03

6.0904666293463088e+03,0,1.0000000000000000e+00,-1.6096686926399115e+00,-1.5412105093767927e+01,-1.4992371056210865e+00,3.2977668460621135e-01,1.8982095569785915e-01,-7.4982935642010761e-03
6.0904666293463088e+03,1,1.0000000000000000e+00,-4.8010558397190284e+00,-1.1592148039361044e+01,-1.2357735747685852e+00,-1.5732983573769271e-01,-2.1533871371458277e-01,4.4876677693669546e-03
6.0904666293463088e+03,2,1.0000000000000000e+00,6.4107245323834565e+00,2.7004253133161050e+01,2.7350106803899763e+00,-1.7244684886851691e-01,2.5517758016731173e-02,3.0106257948341493e-03

6.0948843472353365e+03,0,1.0000000000000000e+00,-4.5187914703989351e-01,-1.4321844460144469e+01,-1.5102899312740445e+00,1.8524599125874153e-01,2.9010195293427443e-01,2.5489087281064648e-03
6.0948843472353365e+03,1,1.0000000000000000e+00,-5.1945161921888285e+00,-1.2784333038376831e+01,-1.2369255505587624e+00,-1.1689951071161109e-02,-3.1072263991132321e-01,-5.0632668332852380e-03
6.0948843472353365e+03,2,1.0000000000000000e+00,5.6463953392532442e+00,2.7106177498553414e+01,2.7472154818331118e+00,-1.7355604018757870e-01,2.0620686977056213e-02,2.5143581051788183e-03

6.1001654373779365e+03,0,1.0000000000000000e+00,-2.1434937363268958e-02,-1.2731772981283846e+01,-1.4680095146955416e+00,-2.1715435059245225e-02,2.8884089307102512e-01,1.2779518804369823e-02
6.1001654373779365e+03,1,1.0000000000000000e+00,-4.7053443571535887e+00,-1.4467715576554822e+01,-1.2909031988664377e+00,1.9638984215762517e-01,-3.0354136650219743e-01,-1.4692822641722976e-02
6.1001654373779365e+03,2,1.0000000000000000e+00,4.7267792945413909e+00,2.7199488557870815e+01,2.7589127135622853e+00,-1.7467440709837806e-01,1.4700473431179750e-02,1.9133038373532040e-03

6.1047913830880198e+03,0,1.0000000000000000e+00,-4.8271884638907592e-01,-1.1610451742652010e+01,-1.3970155448479091e+00,-1.6695668883186013e-01,1.8171634385991459e-01,1.6988918927223279e-02
6.1047913830880198e+03,1,1.0000000000000000e+00,-3.4340964797930842e+00,-1.5644861102338066e+01,-1.3695055114800296e+00,3.4244153203413785e-01,-1.9113513593444692e-01,-1.8362921884129416e-02
6.1047913830880198e+03,2,1.0000000000000000e+00,3.9168153262067000e+00,2.7255312845022253e+01,2.7665210563282456e+00,-1.7548484320227578e-01,9.4187920745396128e-03,1.3740029569061832e-03

6.1097687981109802e+03,0,1.0000000000000000e+00,-1.5137847156610356e+00,-1.1145170485012837e+01,-1.3146653415174061e+00,-2.2769632470212253e-01,-1.1723093166798948e-03,1.4964716578907312e-02
6.1097687981109802e+03,1,1.0000000000000000e+00,-1.5277053097185718e+00,-1.6142682161149942e+01,-1.4572258471614805e+00,4.0390650664149352e-01,-2.4718831333063818e-03,-1.5747256179059518e-02
6.1097687981109802e+03,2,1.0000000000000000e+00,3.0414900254041566e+00,2.7287852646195002e+01,2.7718911886791933e+00,-1.7621018193936905e-01,3.6441924499937472e-03,7.8253960015225380e-04

6.1145375206474801e+03,0,1.0000000000000000e+00,-2.5103166383020268e+00,-1.1584464500536118e+01,-1.2594616754868206e+00,-1.7213802460735794e-01,-1.7744032050042152e-01,7.4660323420585283e-03
6.1145375206474801e+03,1,1.0000000000000000e+00,3.1050737476055490e-01,-1.5707488155205311e+01,-1.5148035311920998e+00,3.4890391627936845e-01,1.7936662529581626e-01,-7.6794129185406793e-03
6.1145375206474801e+03,2,1.0000000000000000e+00,2.1998092635660296e+00,2.7291952655773688e+01,2.7742652066792277e+00,-1.7676589167200868e-01,-1.9263047953873578e-03,2.1338057648220160e-04

6.1190847482427544e+03,0,1.0000000000000000e+00,-3.0015652639157482e+00,-1.2672125999311980e+01,-1.2472227332784085e+00,-3.3061524620937727e-02,-2.8759449062216963e-01,-2.2338935538177137e-03
6.1190847482427544e+03,1,1.0000000000000000e+00,1.6064700038267281e+00,-1.4598990689642557e+01,-1.5267832942541635e+00,2.1020393532277296e-01,2.9483183564040388e-01,2.5609549285878141e-03
6.1190847482427544e+03,2,1.0000000000000000e+00,1.3950952601135862e+00,2.7271116688986830e+01,2.7740060275328791e+00,-1.7714241070183329e-01,-7.2373450182267813e-03,-3.2706137477004932e-04

6.1244992722079023e+03,0,1.0000000000000000e+00,-2.6100737735906092e+00,-1.4317358736180889e+01,-1.2889693730999321e+00,1.7909609857343567e-01,-2.9579579423811719e-01,-1.2566206128829584e-02
6.1244992722079023e+03,1,1.0000000000000000e+00,2.1748205846763762e+00,-1.2897426151681215e+01,-1.4815218449525338e+00,-1.7392265007702412e-03,3.0937382193013052e-01,1.3538614759091258e-02
6.1244992722079023e+03,2,1.0000000000000000e+00,4.3525318893880982e-01,2.7214784887894417e+01,2.7704912180527721e+00,-1.7735687207266354e-01,-1.3578027692006056e-02,-9.7240863026162340e-04

6.1294673648105399e+03,0,1.0000000000000000e+00,-1.2896440668748779e+00,-1.5546019975720547e+01,-1.3650059712526259e+00,3.4082477247190401e-01,-1.8166466356384248e-01,-1.6988689708793130e-02
6.1294673648105399e+03,1,1.0000000000000000e+00,1.7355265537670681e+00,-1.1586723379588875e+01,-1.3991631199794914e+00,-1.6349792826294707e-01,2.0112840394546738e-01,1.8563467537085369e-02
6.1294673648105399e+03,2,1.0000000000000000e+00,-4.4588248686760346e-01,2.7132743355341773e+01,2.7641690912324237e+00,-1.7732684420895514e-01,-1.9463740381617467e-02,-1.5747778282921808e-03

6.1343901812767381e+03,0,1.0000000000000000e+00,5.9572618345911232e-01,-1.5997355618710698e+01,-1.4456304754157090e+00,4.0577147707776262e-01,5.2022603859365468e-03,-1.4624753070656185e-02
6.1343901812767381e+03,1,1.0000000000000000e+00,7.2264537171530918e-01,-1.1025042633042576e+01,-1.3092935027681274e+00,-2.2865856158309594e-01,2.0175524782128723e-02,1.6807319845228055e-02
6.1343901812767381e+03,2,1.0000000000000000e+00,-1.3183715551498243e+00,2.7022398251785660e+01,2.7549239781841428e+00,-1.7711291549466474e-01,-2.5377785168057970e-02,-2.1825667745718168e-03

6.1391338182969785e+03,0,1.0000000000000000e+00,2.4414885204268941e+00,-1.5524180473945853e+01,-1.4978838080849068e+00,3.5402480264986347e-01,1.8899225764617858e-01,-6.6574778730537371e-03
6.1391338182969785e+03,1,1.0000000000000000e+00,-2.8374633814237482e-01,-1.1364235017066681e+01,-1.2452905532673724e+00,-1.7726905926635161e-01,-1.5787993974608841e-01,9.4284083435693996e-03
6.1391338182969785e+03,2,1.0000000000000000e+00,-2.1577421822599119e+00,2.6888415491044960e+01,2.7431743613525859e+00,-1.7675574338351005e-01,-3.1112317900082898e-02,-2.7709304705156000e-03

6.1436313366112836e+03,0,1.0000000000000000e+00,3.7522199828475022e+00,-1.4379503234833715e+01,-1.5052354725021850e+00,2.1783776495148982e-01,3.0692359888149845e-01,3.5537715405631626e-03
6.1436313366112836e+03,1,1.0000000000000000e+00,-8.0055091699451619e-01,-1.2356784254920212e+01,-1.2242295801717704e+00,-4.1568945323628037e-02,-2.7039135812867121e-01,-2.2917950384428350e-04
6.1436313366112836e+03,2,1.0000000000000000e+00,-2.9516690658283715e+00,2.6736287489786385e+01,2.7294650526742625e+00,-1.7626881962785956e-01,-3.6532240752819856e-02,-3.3245920367188063e-03

6.1489952414594627e+03,0,1.0000000000000000e+00,4.3609268708965541e+00,-1.2616520376554966e+01,-1.4548457641919956e+00,7.3331071381820268e-03,3.2650380984732608e-01,1.4642396930895512e-02
6.1489952414594627e+03,1,1.0000000000000000e+00,-4.6582579658804324e-01,-1.3906555631955635e+01,-1.2550260784658551e+00,1.6812299817381465e-01,-2.8354041315747081e-01,-1.0661437797377930e-02
6.1489952414594627e+03,2,1.0000000000000000e+00,-3.8951010742838879e+00,2.6523076008543086e+01,2.7098718426581581e+00,-1.7545610531199435e-01,-4.2963396689848027e-02,-3.9809591335175191e-03

6.1539251905592309e+03,0,1.0000000000000000e+00,3.9667443175013872e+00,-1.1216168662950977e+01,-1.3670293018058226e+00,-1.5632242674811292e-01,2.2463466786699715e-01,1.9965851051720516e-02
6.1539251905592309e+03,1,1.0000000000000000e+00,7.9099141763096137e-01,-1.5080512651008346e+01,-1.3217218352687039e+00,3.3078367246340673e-01,-1.7574641824821824e-01,-1.5377099086447493e-02
6.1539251905592309e+03,2,1.0000000000000000e+00,-4.7577357351077136e+00,2.6296681313991847e+01,2.6887511370748349e+00,-1.7446124571529181e-01,-4.8888249618771543e-02,-4.5887519652729651e-03

6.1588314025068930e+03,0,1.0000000000000000e+00,2.9772959983200273e+00,-1.0527955728625404e+01,-1.2694539231902819e+00,-2.2841237102689363e-01,4.8514140319906418e-02,1.8686555567871237e-02
6.1588314025068930e+03,1,1.0000000000000000e+00,2.6334978763373202e+00,-1.5514297423024647e+01,-1.3952819142137198e+00,4.0166383516808712e-01,6.3235306129737490e-03,-1.3484315223505017e-02
6.1588314025068930e+03,2,1.0000000000000000e+00,-5.6107938746327015e+00,2.6042253151682612e+01,2.6647358374043093e+00,-1.7325146414119141e-01,-5.4837670932872618e-02,-5.2022403443661644e-03

6.1635994766457425e+03,0,1.0000000000000000e+00,1.9455367895985560e+00,-1.0734936928395722e+01,-1.1952014614443671e+00,-1.8589047060176508e-01,-1.3093030450254733e-01,1.1675298178965950e-02
6.1635994766457425e+03,1,1.0000000000000000e+00,4.4881751584801339e+00,-1.5031989040329238e+01,-1.4433006557424140e+00,3.5779075261378745e-01,1.9158078842226456e-01,-5.8739548508059715e-03
6.1635994766457425e+03,2,1.0000000000000000e+00,-6.4337119480540377e+00,2.5766925968757551e+01,2.6385021171870888e+00,-1.7190028201202032e-01,-6.0650483919709744e-02,-5.8013433281599233e-03

6.1681377201378609e+03,0,1.0000000000000000e+00,1.3708187478570908e+00,-1.1627107481297472e+01,-1.1635333863478490e+00,-5.5677498996102692e-02,-2.4964040990723593e-01,2.0611755974550361e-03
6.1681377201378609e+03,1,1.0000000000000000e+00,5.8398177411432286e+00,-1.3852059435758672e+01,-1.4473561601709490e+00,2.2614166384759760e-01,3.1579634751083885e-01,4.3049831885767159e-03
6.1681377201378609e+03,2,1.0000000000000000e+00,-7.2106364889756582e+00,2.5479166917088769e+01,2.6108895465191058e+00,-1.7046416485149277e-01,-6.6155937603595311e-02,-6.3661587860317061e-03

6.1732533719493749e+03,0,1.0000000000000000e+00,1.5849250168229609e+00,-1.3021754097323370e+01,-1.1804320685979564e+00,1.4244048591424985e-01,-2.7405251400686581e-01,-8.2086238837546961e-03
6.1732533719493749e+03,1,1.0000000000000000e+00,6.4931834624189895e+00,-1.2103263147334671e+01,-1.3962818211767702e+00,2.6199262292907255e-02,3.4634078456150785e-01,1.5202415496004883e-02
6.1732533719493749e+03,2,1.0000000000000000e+00,-8.0781084792172742e+00,2.5125017244690707e+01,2.5767138897750357e+00,-1.6863974820715505e-01,-7.2288270554634534e-02,-6.9937916122501309e-03

6.1780732477234214e+03,0,1.0000000000000000e+00,2.6957492786635271e+00,-1.4161493171776915e+01,-1.2353615195226495e+00,3.0945723126136815e-01,-1.8169241322833868e-01,-1.3652519473346208e-02
6.1780732477234214e+03,1,1.0000000000000000e+00,6.1905597212904668e+00,-1.0601291727803927e+01,-1.3062253715409264e+00,-1.4277651531397079e-01,2.5970807916873434e-01,2.1234872461661867e-02
6.1780732477234214e+03,2,1.0000000000000000e+00,-8.8863089999293123e+00,2.4762784899613550e+01,2.5415868910638855e+00,-1.6668071594739536e-01,-7.8015665940388002e-02,-7.5823529883156000e-03

6.1828915218857455e+03,0,1.0000000000000000e+00,4.4351197044269588e+00,-1.4641990198986846e+01,-1.3017849732638489e+00,3.9510495043637373e-01,-8.7858868107940080e-03,-1.2805882864952401e-02
6.1828915218857455e+03,1,1.0000000000000000e+00,5.2490932224587041e+00,-9.7311062153127708e+00,-1.2018434186225415e+00,-2.3062542084319948e-01,9.2527753413954306e-02,2.0980399980742803e-02
6.1828915218857455e+03,2,1.0000000000000000e+00,-9.6842129268609689e+00,2.4373096414332359e+01,2.5036283918866999e+00,-1.6447952959317239e-01,-8.3741866603152387e-02,-8.1745171157903314e-03

6.1876466639771761e+03,0,1.0000000000000000e+00,6.2946151188026160e+00,-1.4226517487942440e+01,-1.3483733443758548e+00,3.6792553878722550e-01,1.8086235536521236e-01,-5.9243709238768717e-03
6.1876466639771761e+03,1,1.0000000000000000e+00,4.1661363517411196e+00,-9.7349055700822795e+00,-1.1149885977217899e+00,-2.0582571025798052e-01,-9.1455593346747438e-02,1.4685603063181892e-02
6.1876466639771761e+03,2,1.0000000000000000e+00,-1.0460751470519034e+01,2.3961423058057495e+01,2.4633619420979551e+00,-1.6209982852924301e-01,-8.9406762018457403e-02,-8.7612321393049572e-03

6.1922362866240028e+03,0,1.0000000000000000e+00,7.7304155881572587e+00,-1.3053117596500291e+01,-1.3529959569813577e+00,2.4451760512132120e-01,3.1836834931402941e-01,4.2196744698258315e-03
6.1922362866240028e+03,1,1.0000000000000000e+00,3.4687300464354172e+00,-1.0485460764129694e+01,-1.0688648369992699e+00,-8.4875575183116836e-02,-2.2352418398445756e-01,5.1022866754580004e-03
6.1922362866240028e+03,2,1.0000000000000000e+00,-1.1199145634567966e+01,2.3538578360662800e+01,2.4218607939809380e+00,-1.5964202993820242e-01,-9.4844165329564384e-02,-9.3219611452837539e-03

6.1968781139548855e+03,0,1.0000000000000000e+00,8.4595094407392839e+00,-1.1424578705133060e+01,-1.3087418544876184e+00,6.5287908755605417e-02,3.6570037740624312e-01,1.4562129884884280e-02
6.1968781139548855e+03,1,1.0000000000000000e+00,3.4745924910247048e+00,-1.1661148614914790e+01,-1.0685535325706053e+00,9.1707620312920624e-02,-2.6544482551477017e-01,-4.6844205987795901e-03
6.1968781139548855e+03,2,1.0000000000000000e+00,-1.1934101931739267e+01,2.3085727320080697e+01,2.3772953870585347e+00,-1.5699552906852388e-01,-1.0025555189146551e-01,-9.8777092861046072e-03

6.2014621948886643e+03,0,1.0000000000000000e+00,8.3512254753861086e+00,-9.8415138541975082e+00,-1.2241754268093117e+00,-1.0670888049960764e-01,3.0849712387597006e-01,2.1577861256487460e-02
6.2014621948886643e+03,1,1.0000000000000000e+00,4.2962042394287421e+00,-1.2772585148785661e+01,-1.1066011487685197e+00,2.6089729192377836e-01,-2.0300016530289822e-01,-1.1160874959144258e-02
6.2014621948886643e+03,2,1.0000000000000000e+00,-1.2647429714790121e+01,2.2614099003016044e+01,2.3307765755781422e+00,-1.5418841142416845e-01,-1.0549695857306428e-01,-1.0416986297343132e-02

6.2062099730621121e+03,0,1.0000000000000000e+00,7.5381166841038763e+00,-8.6975127944063857e+00,-1.1153473581237536e+00,-2.2092195185089530e-01,1.6217411274252502e-01,2.3209861990404063e-02
6.2062099730621121e+03,1,1.0000000000000000e+00,5.8339952533541748e+00,-1.3402977517246224e+01,-1.1646542263645223e+00,3.7196368864954471e-01,-5.1321773277747063e-02,-1.2238055558503921e-02
6.2062099730621121e+03,2,1.0000000000000000e+00,-1.3372111937433306e+01,2.2100490311685526e+01,2.2800015844885877e+00,-1.5104173679864713e-01,-1.1085233946477024e-01,-1.0971806431900079e-02

6.2110198609042382e+03,0,1.0000000000000000e+00,6.4044053205022600e+00,-8.3629792039655015e+00,-1.0125214228635304e+00,-2.3126955895245316e-01,-2.3938972919750237e-02,1.8568798013622441e-02
6.2110198609042382e+03,1,1.0000000000000000e+00,7.6860333124405020e+00,-1.3191345510941204e+01,-1.2133561342471031e+00,3.7887677357349159e-01,1.4018395463398742e-01,-7.0355473221725348e-03
6.2110198609042382e+03,2,1.0000000000000000e+00,-1.4090438632918005e+01,2.1554324714939657e+01,2.2258775571109450e+00,-1.4760721462103615e-01,-1.1624498171422958e-01,-1.1533250691449833e-02

6.2157227338928233e+03,0,1.0000000000000000e+00,5.5055114551079090e+00,-8.8614130558881641e+00,-9.4521882784010236e-01,-1.3528857159751140e-01,-1.7824652012236775e-01,9.5494583532908274e-03
6.2157227338928233e+03,1,1.0000000000000000e+00,9.2708104325267815e+00,-1.2133891295658380e+01,-1.2251369098297193e+00,2.7933991018532156e-01,2.9972740293780464e-01,2.5276352035862523e-03
6.2157227338928233e+03,2,1.0000000000000000e+00,-1.4776321887609923e+01,2.0995304351579531e+01,2.1703557376701332e+00,-1.4405133858780791e-01,-1.2148088281542931e-01,-1.2077093556877017e-02

6.2203787621862584e+03,0,1.0000000000000000e+00,5.2438150359724744e+00,-9.8974832494101328e+00,-9.2462206128188429e-01,3.0296905681761688e-02,-2.5023170280683371e-01,-6.0349463881352768e-04
6.2203787621862584e+03,1,1.0000000000000000e+00,1.0194715622884525e+01,-1.0520299836433026e+01,-1.1882723682156691e+00,1.1007931196823756e-01,3.7680475652034895e-01,1.3206366456993286e-02
6.2203787621862584e+03,2,1.0000000000000000e+00,-1.5438530658832224e+01,2.0417783085876177e+01,2.1128944294978664e+00,-1.4037621764999700e-01,-1.2657305371350769e-01,-1.2602871818179687e-02

6.2249443224918532e+03,0,1.0000000000000000e+00,5.7900142622544806e+00,-1.1005952938256701e+01,-9.4645468156357415e-01,2.0617496982311728e-01,-2.1816519710526594e-01,-8.3378100690535348e-03
6.2249443224918532e+03,1,1.0000000000000000e+00,1.0280894804368849e+01,-8.8228169900721323e+00,-1.1077528850203264e+00,-6.9558825451785433e-02,3.4959153302132029e-01,2.1441071572957281e-02
6.2249443224918532e+03,2,1.0000000000000000e+00,-1.6070909066598549e+01,1.9828769928361893e+01,2.0542075665842128e+00,-1.3661614437132957e-01,-1.3142633591604677e-01,-1.3103261503903679e-02

6.2298179062718391e+03,0,1.0000000000000000e+00,7.1628571727330836e+00,-1.1774783956277883e+01,-9.9682614146142257e-01,3.4357828199020879e-01,-8.2910506205503387e-02,-1.1250659383058029e-02
6.2298179062718391e+03,1,1.0000000000000000e+00,9.5636523601960199e+00,-7.4011660164757949e+00,-9.9224705536671243e-01,-2.1119378473144590e-01,2.1936165409012959e-01,2.4875280441405311e-02
6.2298179062718391e+03,2,1.0000000000000000e+00,-1.6726509532904313e+01,1.9175949972786768e+01,1.9890731968284476e+00,-1.3238449725876067e-01,-1.3645114788461848e-01,-1.3624621058347223e-02

6.2345325664900893e+03,0,1.0000000000000000e+00,8.9103120290882352e+00,-1.1737725834479082e+01,-1.0439298368596837e+00,3.7934639536453063e-01,1.0247110388918568e-01,-7.7121096445708567e-03
6.2345325664900893e+03,1,1.0000000000000000e+00,8.4302045494666284e+00,-6.7836724475038110e+00,-8.7973410637451810e-01,-2.5130510225743130e-01,3.8730174673303086e-02,2.1833668346917898e-02
6.2345325664900893e+03,2,1.0000000000000000e+00,-1.7340516578530057e+01,1.8521398282016019e+01,1.9236639432345148e+00,-1.2804129310709736e-01,-1.4120127856248102e-01,-1.4121558702346972e-02

6.2391880519694796e+03,0,1.0000000000000000e+00,1.0546412337217841e+01,-1.0841697593945304e+01,-1.0613784931007488e+00,3.0648324030296648e-01,2.7537978288407666e-01,8.6134362252308916e-04
6.2391880519694796e+03,1,1.0000000000000000e+00,7.3797694872374535e+00,-7.0115662641975236e+00,-7.9541361538134780e-01,-1.8295540282880673e-01,-1.2956218573122652e-01,1.3743730584535152e-02
6.2391880519694796e+03,2,1.0000000000000000e+00,-1.7926181824430483e+01,1.7853263858175993e+01,1.8567921084824099e+00,-1.2352783747415763e-01,-1.4581759715284237e-01,-1.4605074207058151e-02

6.2436931041164717e+03,0,1.0000000000000000e+00,1.1609864781907454e+01,-9.3394885832596763e+00,-1.0342082888953377e+00,1.5605296394562962e-01,3.7713883809486137e-01,1.1269296222330596e-02
6.2436931041164717e+03,1,1.0000000000000000e+00,6.8626655841873152e+00,-7.8469558539683675e+00,-7.5575496575486256e-01,-3.7053655933487195e-02,-2.2694353117327126e-01,3.7914956220023895e-03
6.2436931041164717e+03,2,1.0000000000000000e+00,-1.8472530366069950e+01,1.7186444437261244e+01,1.7899632546505135e+00,-1.1899930801214045e-01,-1.5019530692158245e-01,-1.5060791844332878e-02

6.2489226521625769e+03,0,1.0000000000000000e+00,1.1879334971178585e+01,-7.3165185905507810e+00,-9.4652389324762920e-01,-5.2231868090574396e-02,3.7360495367321234e-01,2.1577469103289719e-02
6.2489226521625769e+03,1,1.0000000000000000e+00,7.2014301693964597e+00,-9.0715623840643804e+00,-7.6334096411275754e-01,1.6581953633484375e-01,-2.1851162927056722e-01,-6.0094074313366587e-03
6.2489226521625769e+03,2,1.0000000000000000e+00,-1.9080765140550216e+01,1.6388080974648403e+01,1.7098648573607012e+00,-1.1358766824426725e-01,-1.5509332440263723e-01,-1.5568061671952946e-02

6.2535963098432012e+03,0,1.0000000000000000e+00,1.1262256209623029e+01,-5.7936542817675374e+00,-8.3335081766609154e-01,-2.0078889440816239e-01,2.6373410348035320e-01,2.5896732951443058e-02
6.2535963098432012e+03,1,1.0000000000000000e+00,8.3377658787709574e+00,-9.8597618956881377e+00,-8.0273489853141089e-01,3.0937671785379262e-01,-1.0447616113582064e-01,-9.8953140423416013e-03
6.2535963098432012e+03,2,1.0000000000000000e+00,-1.9600022088369141e+01,1.5653416177488953e+01,1.6360857161978171e+00,-1.0858782344562812e-01,-1.5925794234452470e-01,-1.6001418909101343e-02

6.2583139450181880e+03,0,1.0000000000000000e+00,1.0126767665798763e+01,-4.9448297468785700e+00,-7.1292380584883208e-01,-2.6320201685110617e-01,9.0202530254853364e-02,2.4123350711272008e-02
6.2583139450181880e+03,1,1.0000000000000000e+00,9.9732217713493476e+00,-9.9477326054546733e+00,-8.4667184742117285e-01,3.6653196567407814e-01,7.3068408717573752e-02,-7.6997109919238402e-03
6.2583139450181880e+03,2,1.0000000000000000e+00,-2.0099989437123252e+01,1.4892562352366562e+01,1.5595956532703203e+00,-1.0332994882296989e-01,-1.6327093897241923e-01,-1.6423639719348050e-02

6.2629757172300642e+03,0,1.0000000000000000e+00,8.9632339583076437e+00,-4.9433072359512984e+00,-6.1542565025800067e-01,-2.1852194978494816e-01,-8.4893019202940484e-02,1.6966422255019733e-02
6.2629757172300642e+03,1,1.0000000000000000e+00,1.1605893927811142e+01,-9.1791698102053054e+00,-8.6665896990168578e-01,3.1642564202874307e-01,2.5198420644586927e-01,-1.3834663982234194e-04
6.2629757172300642e+03,2,1.0000000000000000e+00,-2.0569127886093924e+01,1.4122477046189960e+01,1.4820846201600026e+00,-9.7903692243792764e-02,-1.6709118724292082e-01,-1.6828075615197269e-02

6.2677810753095982e+03,0,1.0000000000000000e+00,8.2203797266892558e+00,-5.6772426847917306e+00,-5.5838651396304040e-01,-7.8018940161311667e-02,-2.0590253232161326e-01,6.5567231198643723e-03
6.2677810753095982e+03,1,1.0000000000000000e+00,1.2805359512802193e+01,-7.6330980188371438e+00,-8.4186212256966364e-01,1.7013039766547605e-01,3.7680058257184879e-01,1.0672388187769256e-02
6.2677810753095982e+03,2,1.0000000000000000e+00,-2.1025739239466578e+01,1.3310340703662265e+01,1.4002486365330209e+00,-9.2111457504162261e-02,-1.7089805025022772e-01,-1.7229111307633511e-02

6.2724227036757920e+03,0,1.0000000000000000e+00,8.2692246570548207e+00,-6.7159930134925592e+00,-5.5077248782699240e-01,1.0106312199523036e-01,-2.2368558437232725e-01,-2.8689620873708355e-03
6.2724227036757920e+03,1,1.0000000000000000e+00,1.3170826937460436e+01,-5.7928704280495129e+00,-7.6864451139802625e-01,-1.4670216013964857e-02,3.9809897839674879e-01,2.0465178057488754e-02
6.2724227036757920e+03,2,1.0000000000000000e+00,-2.1440051594490367e+01,1.2508863441575498e+01,1.3194169992253353e+00,-8.6392905981263160e-02,-1.7441339402441355e-01,-1.7596215970117814e-02

6.2769246322654781e+03,0,1.0000000000000000e+00,9.0919731315177330e+00,-7.5708896794961209e+00,-5.7773545244753044e-01,2.5676128565443324e-01,-1.4097533058676279e-01,-8.3008121500749016e-03
6.2769246322654781e+03,1,1.0000000000000000e+00,1.2724361856790321e+01,-4.1454866960681498e+00,-6.6170386779371437e-01,-1.7600482309668430e-01,3.1858947051970066e-01,2.6231438896171175e-02
6.2769246322654781e+03,2,1.0000000000000000e+00,-2.1816334988283163e+01,1.1716376375597735e+01,1.2394393202415623e+00,-8.0756462557746628e-02,-1.7761413993293004e-01,-1.7930626746096169e-02

6.2813580213847181e+03,0,1.0000000000000000e+00,1.0453751703557778e+01,-7.8759244588940724e+00,-6.1667298367767542e-01,3.4341773656778540e-01,1.1764754472792321e-02,-8.3242504348514153e-03
6.2813580213847181e+03,1,1.0000000000000000e+00,1.1708095537279489e+01,-3.0464556437728589e+00,-5.4258033284313734e-01,-2.6832989848038924e-01,1.6877273124179301e-01,2.6564159236282719e-02
6.2813580213847181e+03,2,1.0000000000000000e+00,-2.2161847240812357e+01,1.0922380102700433e+01,1.1592533165211307e+00,-7.5087838087393777e-02,-1.8053748571457731e-01,-1.8239908801431198e-02

6.2831845895344049e+03,0,1.0000000000000000e+00,1.1091796618903242e+01,-7.7880074570055102e+00,-6.3054806142261322e-01,3.5241436622922057e-01,8.4893603825951847e-02,-6.7181925757086843e-03
6.2831845895344049e+03,1,1.0000000000000000e+00,1.1205033054546492e+01,-2.8035612812450124e+00,-4.9527684785745280e-01,-2.7970826145541000e-01,9.6784863463301785e-02,2.5080205075106544e-02
6.2831845895344049e+03,2,1.0000000000000000e+00,-2.2296829673424824e+01,1.0591568738284039e+01,1.1258249092803840e+00,-7.2706104773808233e-02,-1.8167846728924564e-01,-1.8362012499397746e-02

6.2831853071793084e+03,0,1.0000000000000000e+00,1.1092049527357002e+01,-7.7879465231129350e+00,-6.3055288241036145e-01,3.5241458847806051e-01,8.4922672383545117e-02,-6.7173873792257584e-03
6.2831853071793084e+03,1,1.0000000000000000e+00,1.1204832322920359e+01,-2.8034918343530260e+00,-4.9525884944801191e-01,-2.7970942545366562e-01,9.6756236434374698e-02,2.5079447266705419e-02
6.2831853071793084e+03,2,1.0000000000000000e+00,-2.2296881850252447e+01,1.0591438357499477e+01,1.1258117318586913e+00,-7.2705163024392394e-02,-1.8167890881791177e-01,-1.8362059887479555e-02

