time,id,mass,px,py,pz,vx,vy,vz
0.0000000000000000e+00,0,1.0000000000000000e+00,1.3443933148415205e+01,5.2578605484239276e+00,3.7245688280811651e-01,-8.9121642005764862e-02,4.0475249464639523e-01,1.5604122320422876e-02
0.0000000000000000e+00,1,1.0000000000000000e+00,8.5104146456854508e+00,4.4765611514145505e+00,3.6183292495435193e-01,9.8680324065148900e-03,-2.2045117580307588e-01,4.6374977111950533e-03
0.0000000000000000e+00,2,1.0000000000000000e+00,-2.1954347794100656e+01,-9.7344216998384780e+00,-7.3428980776246844e-01,7.9253609599249986e-02,-1.8430131884331941e-01,-2.0241620031617925e-02

8.7677459252565193e-01,0,1.0000000000000000e+00,1.3350444392480812e+01,5.6096646202545619e+00,3.8608803111417100e-01,-1.2399598577675595e-01,3.9710657847946268e-01,1.5478479381615985e-02
8.7677459252565193e-01,1,1.0000000000000000e+00,8.5338692446206696e+00,4.2861017703298465e+00,3.6593041053501935e-01,4.3495938555116201e-02,-2.1336776026775112e-01,4.7203018323551758e-03
8.7677459252565193e-01,2,1.0000000000000000e+00,-2.1884313637081888e+01,-9.8957663905845497e+00,-7.5201844164919995e-01,8.0500047266312130e-02,-1.8373881821046884e-01,-2.0198781213964984e-02

1.7693749748319521e+00,0,1.0000000000000000e+00,1.3224302180772657e+01,5.9592071192936187e+00,3.9982154360246469e-01,-1.5842710309464392e-01,3.8545400089140719e-01,1.5282079471547867e-02
1.7693749748319521e+00,1,1.0000000000000000e+00,8.5875917972570424e+00,4.1003061209206537e+00,3.7020648347400642e-01,7.6660980579046745e-02,-2.0229564628889313e-01,4.8720417048558062e-03
1.7693749748319521e+00,2,1.0000000000000000e+00,-2.1811893977950291e+01,-1.0059513240209178e+01,-7.7002802707640838e-01,8.1766122604579314e-02,-1.8315835459044749e-01,-2.0154121176219432e-02

3.1481306971870064e+00,0,1.0000000000000000e+00,1.2970857331524163e+01,6.4741939530736570e+00,4.2061051418030643e-01,-2.0848484674148887e-01,3.6014238540343835e-01,1.4848386637713810e-02
3.1481306971870064e+00,1,1.0000000000000000e+00,8.7269567625306284e+00,3.8372237158964069e+00,3.7715646336037589e-01,1.2477018967121434e-01,-1.7789527027658725e-01,5.2347548826082429e-03
3.1481306971870064e+00,2,1.0000000000000000e+00,-2.1697814093809107e+01,-1.0311417668926977e+01,-7.9776697753999826e-01,8.3714657220579886e-02,-1.8224711508044350e-01,-2.0083141519544219e-02

5.1165320557994569e+00,0,1.0000000000000000e+00,1.2497150012894998e+01,7.1363327507812677e+00,4.4902729962199361e-01,-2.7075830968273762e-01,3.1008744458873283e-01,1.3978531873127996e-02
5.1165320557994569e+00,1,1.0000000000000000e+00,9.0331569664208633e+00,3.5325168938206781e+00,3.8816847049141634e-01,1.8428114787535205e-01,-1.2917030488617154e-01,5.9993177526175140e-03
5.1165320557994569e+00,2,1.0000000000000000e+00,-2.1530306978708190e+01,-1.0668849644394943e+01,-8.3719577010991797e-01,8.6477162018570586e-02,-1.8091713957775268e-01,-1.9977849623584124e-02

7.9282038897205069e+00,0,1.0000000000000000e+00,1.1638531099320888e+01,7.8812562232643923e+00,4.8609906135869585e-01,-3.3445279487031071e-01,2.1612513040606238e-01,1.2322694492948514e-02
7.9282038897205069e+00,1,1.0000000000000000e+00,9.6431401297524744e+00,3.2935374968009103e+00,4.0704794788726012e-01,2.4408163294599300e-01,-3.7165176754163948e-02,7.4973226500905576e-03
7.9282038897205069e+00,2,1.0000000000000000e+00,-2.1281671227833787e+01,-1.1174793719315067e+01,-8.9314700923295520e-01,9.0371162146645312e-02,-1.7895995338949255e-01,-1.9820017138417270e-02

1.1544323884603317e+01,0,1.0000000000000000e+00,1.0358908921276058e+01,8.4096106382995472e+00,5.2613719860746988e-01,-3.6255113792002813e-01,7.4136148056614115e-02,9.7780487851775039e-03
1.1544323884603317e+01,1,1.0000000000000000e+00,1.0587074827722125e+01,3.4076193876364682e+00,4.3829666708111037e-01,2.6728265948514540e-01,1.0220074835474907e-01,9.8269700981648764e-03
1.1544323884603317e+01,2,1.0000000000000000e+00,-2.0945983747123293e+01,-1.1817230023970364e+01,-9.6443386565404676e-01,9.5268478544362573e-02,-1.7633689601890712e-01,-1.9605018876361843e-02

1.6434800435684533e+01,0,1.0000000000000000e+00,8.6955054829449061e+00,8.3102655093462872e+00,5.6549583056362640e-01,-2.9912376188396367e-01,-1.0798818011051964e-01,6.4192419725479441e-03
1.6434800435684533e+01,1,1.0000000000000000e+00,1.1768786765597703e+01,4.3602242463362950e+00,4.9406140475520199e-01,1.9743772004371912e-01,2.8055118747763108e-01,1.2872646080253448e-02
1.6434800435684533e+01,2,1.0000000000000000e+00,-2.0464292246697596e+01,-1.2670489751793486e+01,-1.0595572352499851e+00,1.0168604172724771e-01,-1.7256300701850402e-01,-1.9291888046577384e-02

2.1246408911177717e+01,0,1.0000000000000000e+00,7.5969514740602548e+00,7.4875987201954182e+00,5.9048623268472844e-01,-1.4638672227080057e-01,-2.1821950123843109e-01,4.2316904564782126e-03
2.1246408911177717e+01,1,1.0000000000000000e+00,1.2363259980536602e+01,6.0036730349356260e+00,5.6109670187697858e-01,3.8570276654342373e-02,3.8677342871935544e-01,1.4722652222009601e-02
2.1246408911177717e+01,2,1.0000000000000000e+00,-1.9960211453503000e+01,-1.3491271750073661e+01,-1.1515829344721575e+00,1.0781644546194798e-01,-1.6855392735244926e-01,-1.8954342676275437e-02

2.6106102391651490e+01,0,1.0000000000000000e+00,7.3452632103254345e+00,6.3758906462783926e+00,6.0941395165653489e-01,4.2825306547224246e-02,-2.1936797602263075e-01,3.9042218643293713e-03
2.6106102391651490e+01,1,1.0000000000000000e+00,1.2076207282899997e+01,7.9240657816253091e+00,6.3338580209169926e-01,-1.5670831649046121e-01,3.8358309637595683e-01,1.4676077253613673e-02
2.6106102391651490e+01,2,1.0000000000000000e+00,-1.9421470492469968e+01,-1.4299956422611455e+01,-1.2427997536551987e+00,1.1388300998454123e-01,-1.6421512034558952e-01,-1.8580299118005867e-02

3.0592985261272911e+01,0,1.0000000000000000e+00,7.8826246457811386e+00,5.5818750897892322e+00,6.2964387791430521e-01,1.8699185676131205e-01,-1.2039180158235069e-01,5.3684991616828361e-03
3.0592985261272911e+01,1,1.0000000000000000e+00,1.1015506992024722e+01,9.4455202053873428e+00,6.9569716883022281e-01,-3.0636149187321249e-01,2.8040194716326289e-01,1.2839741578183645e-02
3.0592985261272911e+01,2,1.0000000000000000e+00,-1.8898131636403697e+01,-1.5027395289652681e+01,-1.3253410466483158e+00,1.1936963533667386e-01,-1.6001014545161790e-01,-1.8208240737760447e-02

3.5050710854006141e+01,0,1.0000000000000000e+00,8.8971512241293453e+00,5.3903806463859567e+00,6.5913834974801255e-01,2.5257224134864042e-01,4.0936327389840182e-02,7.9914672591153042e-03
3.5050710854006141e+01,1,1.0000000000000000e+00,9.4570142580848167e+00,1.0340729884919936e+01,7.4651033311096104e-01,-3.7722411197012973e-01,1.1476172251051717e-01,9.8284751588454643e-03
3.5050710854006141e+01,2,1.0000000000000000e+00,-1.8354165479768653e+01,-1.5731110524718542e+01,-1.4056486827444525e+00,1.2465187082500034e-01,-1.5569804955778516e-01,-1.7819942411936865e-02

4.1092923376896785e+01,0,1.0000000000000000e+00,1.0309175274210570e+01,6.3429046172318131e+00,7.1929190312305002e-01,1.8554774522210174e-01,2.6598971771079083e-01,1.1799686160782405e-02
4.1092923376896785e+01,1,1.0000000000000000e+00,7.2710678595221463e+00,1.0310804437852287e+01,7.9238195787929422e-01,-3.1699377797726558e-01,-1.1635038150900612e-01,5.4705686966650107e-03
4.1092923376896785e+01,2,1.0000000000000000e+00,-1.7580243130833086e+01,-1.6653709046083769e+01,-1.5116738608449480e+00,1.3144603269090199e-01,-1.4963933581548949e-01,-1.7270254850567730e-02

4.5827615769658138e+01,0,1.0000000000000000e+00,1.0847186481771132e+01,7.8890491414221948e+00,7.8012362797887325e-01,3.0971269557174747e-02,3.7187745846359277e-01,1.3637508959125192e-02
4.5827615769658138e+01,1,1.0000000000000000e+00,6.0986959679485260e+00,9.4614605687794562e+00,8.1225456697879261e-01,-1.6744998247499168e-01,-2.2721727924621049e-01,3.1787664652420528e-03
4.5827615769658138e+01,2,1.0000000000000000e+00,-1.6945882447424122e+01,-1.7350509699810580e+01,-1.5923781947758244e+00,1.3647871276708765e-01,-1.4466017903302963e-01,-1.6816275421252292e-02

5.0464314128271795e+01,0,1.0000000000000000e+00,1.0563088690447518e+01,9.6612622290477752e+00,8.4419786916753958e-01,-1.5398812498752046e-01,3.7461900863971581e-01,1.3682738807360919e-02
5.0464314128271795e+01,1,1.0000000000000000e+00,5.7389388863711055e+00,8.3482428910693738e+00,8.2507113384373842e-01,1.2772855516716641e-02,-2.3506396204521846e-01,2.6625559301025736e-03
5.0464314128271795e+01,2,1.0000000000000000e+00,-1.6302027574951609e+01,-1.8009505109300385e+01,-1.6692690028232071e+00,1.4121526946780250e-01,-1.3955504656652154e-01,-1.6345294737368621e-02

5.5181796852492234e+01,0,1.0000000000000000e+00,9.4374362278138673e+00,1.1225633915344087e+01,9.0508641255848432e-01,-3.1326424932063812e-01,2.7284145870643106e-01,1.1839885796861653e-02
5.5181796852492234e+01,1,1.0000000000000000e+00,6.1873573584686907e+00,7.4295693343362883e+00,8.4010747287527243e-01,1.6739002174928341e-01,-1.3867639798383763e-01,3.9995836736213975e-03
5.5181796852492234e+01,2,1.0000000000000000e+00,-1.5624793583898832e+01,-1.8655203238655371e+01,-1.7451938852440856e+00,1.4587422778003056e-01,-1.3416506062099862e-01,-1.5839469469114104e-02

5.9868873072392581e+01,0,1.0000000000000000e+00,7.7519258612211352e+00,1.2119031857547720e+01,9.5347273757247986e-01,-3.8906726535941050e-01,1.0103274606252349e-01,8.6559632175090828e-03
5.9868873072392581e+01,1,1.0000000000000000e+00,7.1786490434270283e+00,7.1522149701587914e+00,8.6474627970343565e-01,2.3875096931767781e-01,2.7656967284623635e-02,6.6626047546486204e-03
5.9868873072392581e+01,2,1.0000000000000000e+00,-1.4930574901128278e+01,-1.9271246815696422e+01,-1.8182190170703154e+00,1.5031629627523505e-01,-1.2868971302472568e-01,-1.5318567966637626e-02

6.4470096733717099e+01,0,1.0000000000000000e+00,5.9906046684787952e+00,1.2160285857671241e+01,9.8523093364198999e-01,-3.5913550590404070e-01,-8.0013830760376908e-02,5.1810165352839024e-03
6.4470096733717099e+01,1,1.0000000000000000e+00,8.2387555372567398e+00,7.6905848898813716e+00,9.0227682574346713e-01,2.0470167386170263e-01,2.0325550429473152e-01,9.6166950611157008e-03
6.4470096733717099e+01,2,1.0000000000000000e+00,-1.4229360201511682e+01,-1.9850870733725081e+01,-1.8875077591479719e+00,1.5443383209401274e-01,-1.2324167310264297e-01,-1.4797711588727797e-02

6.9266677289908159e+01,0,1.0000000000000000e+00,4.5452577388954545e+00,1.1412335965468724e+01,1.0027027300666336e+00,-2.2972071263980259e-01,-2.1862956668420741e-01,2.3202675833001642e-03
6.9266677289908159e+01,1,1.0000000000000000e+00,8.9336403763451102e+00,9.0158653710911114e+00,9.5446290513612941e-01,7.1289179181375006e-02,3.3609213959116790e-01,1.1924644508373706e-02
6.9266677289908159e+01,2,1.0000000000000000e+00,-1.3478898111258363e+01,-2.0428201320883517e+01,-1.9571656349324873e+00,1.5843153333162785e-01,-1.1746257260382353e-01,-1.4244912086377329e-02

7.3906779767251862e+01,0,1.0000000000000000e+00,3.8827643519810522e+00,1.0262707685988772e+01,1.0100144774875615e+00,-5.1997521088524595e-02,-2.5930320702610071e-01,1.1374243609379494e-03
7.3906779767251862e+01,1,1.0000000000000000e+00,8.8525482055893896e+00,1.0697279488512176e+01,1.0119773109188988e+00,-1.1003538611528860e-01,3.7102567171092521e-01,1.2555913077398687e-02
7.3906779767251862e+01,2,1.0000000000000000e+00,-1.2735312554166569e+01,-2.0959987157923766e+01,-2.0219917881213880e+00,1.6203290712230764e-01,-1.1172246459081703e-01,-1.3693337437119583e-02

7.8482932637468480e+01,0,1.0000000000000000e+00,4.0419915996349207e+00,9.1844137114902153e+00,1.0160988785699807e+00,1.1515691124589506e-01,-1.9545129274038067e-01,1.8232089914273896e-03
7.8482932637468480e+01,1,1.0000000000000000e+00,7.9441109035148880e+00,1.2273566491241670e+01,1.0672695427697811e+00,-2.8053429298979199e-01,3.0135110017024069e-01,1.1304364702056357e-02
7.8482932637468480e+01,2,1.0000000000000000e+00,-1.1986102499661497e+01,-2.1457980185918036e+01,-2.0833684210532795e+00,1.6537738187191925e-01,-1.0589980737998628e-01,-1.3127573693314009e-02

8.3176576184526525e+01,0,1.0000000000000000e+00,4.8625689535230290e+00,8.5954103640989032e+00,1.0295768087024659e+00,2.1902283651939680e-01,-4.4884210061641172e-02,4.1311856653448286e-03
8.3176576184526525e+01,1,1.0000000000000000e+00,6.3396235496718498e+00,1.3345362374771666e+01,1.1140070116799461e+00,-3.8764384238713601e-01,1.4469281580344739e-01,8.3971340698839186e-03
8.3176576184526525e+01,2,1.0000000000000000e+00,-1.1202192498707825e+01,-2.1940772721462839e+01,-2.1435838200885571e+00,1.6862100613082576e-01,-9.9808605512342663e-02,-1.2528319731715530e-02

8.7745031583309085e+01,0,1.0000000000000000e+00,5.9038994500132524e+00,8.7975604416294928e+00,1.0551484999160867e+00,2.1912811849491881e-01,1.3346632914675488e-01,7.0919697180941814e-03
8.7745031583309085e+01,1,1.0000000000000000e+00,4.5211282223355447e+00,1.3585549095479927e+01,1.1443206560758228e+00,-3.9069988797942262e-01,-3.9628859924690452e-02,4.8449622350845998e-03
8.7745031583309085e+01,2,1.0000000000000000e+00,-1.0425027666803402e+01,-2.2383109518171096e+01,-2.1994691556725305e+00,1.7157176964877002e-01,-9.3837468801640067e-02,-1.1936931945872874e-02

9.2293811936851398e+01,0,1.0000000000000000e+00,6.7092526903946315e+00,9.7640165719205854e+00,1.0936123130515076e+00,1.2042468421479777e-01,2.8197632062176914e-01,9.6730321222831123e-03
9.2293811936851398e+01,1,1.0000000000000000e+00,2.9291188176833924e+00,1.3032400752519141e+01,1.1588137018993869e+00,-2.9468350775536345e-01,-1.9409384657580936e-01,1.6738671591394957e-03
9.2293811936851398e+01,2,1.0000000000000000e+00,-9.6383715022639542e+00,-2.2796417303518297e+01,-2.2524260145964496e+00,1.7425882349664673e-01,-8.7882473634766520e-02,-1.1346899274095650e-02

9.6844045316166486e+01,0,1.0000000000000000e+00,6.8983312383493711e+00,1.1244761041762889e+01,1.1412032595796271e+00,-4.4330121805317091e-02,3.5314666121067850e-01,1.0974468987432215e-02
9.6844045316166486e+01,1,1.0000000000000000e+00,1.9415275137420993e+00,1.1937925914754071e+01,1.1615047858838750e+00,-1.3234243866517353e-01,-2.7125988173047055e-01,-2.2184342847383735e-04
9.6844045316166486e+01,2,1.0000000000000000e+00,-8.8398587467442944e+00,-2.3182686934124735e+01,-2.3027080450832882e+00,1.7667256034555867e-01,-8.1886779260129439e-02,-1.0752625555301315e-02

1.0299586617949072e+02,0,1.0000000000000000e+00,5.8830561790021232e+00,1.3317518028563356e+01,1.2071132509119535e+00,-2.7801717487611544e-01,2.9042733433655221e-01,9.8947990918764380e-03
1.0299586617949072e+02,1,1.0000000000000000e+00,1.8609124270683273e+00,1.0343645312352864e+01,1.1592240017872779e+00,9.8476555540350064e-02,-2.1678981539717845e-01,3.3912127269367445e-05
1.0299586617949072e+02,2,1.0000000000000000e+00,-7.7439686009723898e+00,-2.3661163317839687e+01,-2.3663372523104722e+00,1.7954061942280736e-01,-7.3637518880872999e-02,-9.9287112189873454e-03

1.0787994809412736e+02,0,1.0000000000000000e+00,4.2085755308581065e+00,1.4376822209119597e+01,1.2488276704788945e+00,-3.9151462458573927e-01,1.3164720592091844e-01,6.9468271172982614e-03
1.0787994809412736e+02,1,1.0000000000000000e+00,2.6534968468240439e+00,9.6277452047463754e+00,1.1643617942159503e+00,2.0995967298583329e-01,-6.4674393159634525e-02,2.3078209643821040e-03
1.0787994809412736e+02,2,1.0000000000000000e+00,-6.8620723716711129e+00,-2.4004567390232047e+01,-2.4131894643007157e+00,1.8155495185803427e-01,-6.6972812556442218e-02,-9.2546480789048140e-03

1.1263043953959389e+02,0,1.0000000000000000e+00,2.2950693759436831e+00,1.4551270362431914e+01,1.2731185032967411e+00,-3.9516488782955672e-01,-5.8513084355817646e-02,3.2387506595072846e-03
1.1263043953959389e+02,1,1.0000000000000000e+00,3.7002808517889960e+00,9.7559921490097299e+00,1.1824615810405321e+00,2.1185796975896820e-01,1.1898084794104086e-01,5.3534049102133482e-03
1.1263043953959389e+02,2,1.0000000000000000e+00,-5.9953502205476408e+00,-2.4307262486303394e+01,-2.4555800839194033e+00,1.8330691826592602e-01,-6.0467763170005268e-02,-8.5921555626970007e-03

1.1699567785287233e+02,0,1.0000000000000000e+00,7.3981551593536388e-01,1.3952651609836067e+01,1.2801715756730627e+00,-3.0387694029948403e-01,-2.0727643166455320e-01,1.1928527020085410e-04
1.1699567785287233e+02,1,1.0000000000000000e+00,4.4522204997132633e+00,1.0605582348968227e+01,1.2115919042742544e+00,1.1917008610834323e-01,2.6180246848823918e-01,7.8674176058410317e-03
1.1699567785287233e+02,2,1.0000000000000000e+00,-5.1920360080255499e+00,-2.4558233931705999e+01,-2.4917634794952064e+00,1.8470685419127639e-01,-5.4526036377162024e-02,-7.9867028680839017e-03

1.2289987764311140e+02,0,1.0000000000000000e+00,-4.4827377583807682e-01,1.2396810556535097e+01,1.2726648755244523e+00,-8.8239664261258455e-02,-2.9270297937749123e-01,-2.1959208299807721e-03
1.2289987764311140e+02,1,1.0000000000000000e+00,4.5450594201204906e+00,1.2459760452905948e+01,1.2638510622326284e+00,-9.7986800785195838e-02,3.3923874556486022e-01,9.3687265238072623e-03
1.2289987764311140e+02,2,1.0000000000000000e+00,-4.0967856371601856e+00,-2.4856570980302688e+01,-2.5365159372689758e+00,1.8622646493446415e-01,-4.6535765971326970e-02,-7.1728056902613142e-03

1.2781834067541151e+02,0,1.0000000000000000e+00,-4.1418281950788760e-01,1.1053436760596071e+01,1.2619498410888230e+00,9.5753155910622140e-02,-2.3425687098868159e-01,-1.8009778443219514e-03
1.2781834067541151e+02,1,1.0000000000000000e+00,3.5925950495185770e+00,1.4015608007101029e+01,1.3081661593770810e+00,-2.8291997977926697e-01,2.7411052531009300e-01,8.2890300919387597e-03
1.2781834067541151e+02,2,1.0000000000000000e+00,-3.1784122230935621e+00,-2.5069044737926149e+01,-2.5701159999695493e+00,1.8716682392653525e-01,-3.9853654244644030e-02,-6.4880522471849672e-03

1.3268195121883647e+02,0,1.0000000000000000e+00,3.6473188445999272e-01,1.0257373674895003e+01,1.2580579858083816e+00,2.0830683716759874e-01,-8.1309473413138780e-02,4.4752385018317648e-04
1.3268195121883647e+02,1,1.0000000000000000e+00,1.9016180956046784e+00,1.4989323411475889e+01,1.3419411885347410e+00,-3.9615947590570738e-01,1.1450278806995261e-01,5.3510638416249178e-03
1.3268195121883647e+02,2,1.0000000000000000e+00,-2.2663499723483391e+00,-2.5246697056048585e+01,-2.5999991738422739e+00,1.8785263898671212e-01,-3.3193314467110394e-02,-5.7985876895541378e-03

1.3751891195238079e+02,0,1.0000000000000000e+00,1.4222090290231297e+00,1.0319609076432855e+01,1.2676915656114440e+00,2.0903985637927186e-01,1.0709826495525980e-01,3.5816345069963479e-03
1.3751891195238079e+02,1,1.0000000000000000e+00,-6.5733845392218271e-02,1.5071600655702044e+01,1.3586837074288072e+00,-3.9737205065781395e-01,-8.0531681267414237e-02,1.5260696714502926e-03
1.3751891195238079e+02,2,1.0000000000000000e+00,-1.3564751746816053e+00,-2.5391209700343069e+01,-2.6263752725175853e+00,1.8833219449575339e-01,-2.6566583276768987e-02,-5.1077041717143452e-03

1.4175707930671828e+02,0,1.0000000000000000e+00,2.1410783302383223e+00,1.1084335394026041e+01,1.2883742277032311e+00,1.1749795431368504e-01,2.4545432412851850e-01,6.0585297115256552e-03
1.4175707930671828e+02,1,1.0000000000000000e+00,-1.5833756149020366e+00,1.4407261186631839e+01,1.3583742695741254e+00,-3.0607942112705161e-01,-2.2463557029436096e-01,-1.5506371859731628e-03
1.4175707930671828e+02,2,1.0000000000000000e+00,-5.5770270583284065e-01,-2.5491596546925628e+01,-2.6467484967213513e+00,1.8858146684786309e-01,-2.0818753362648303e-02,-4.5078925171851613e-03

1.4723053908582946e+02,0,1.0000000000000000e+00,2.2635143476410740e+00,1.2700077423829896e+01,1.3268551090014591e+00,-8.1872805607471649e-02,3.2178623917331661e-01,7.6073500782683689e-03
1.4723053908582946e+02,1,1.0000000000000000e+00,-2.7382740235350704e+00,1.2885406824523239e+01,1.3424757486673724e+00,-1.0675071480616546e-01,-3.0828002103082097e-01,-3.8617763082361501e-03
1.4723053908582946e+02,2,1.0000000000000000e+00,4.7475968506275523e-01,-2.5585484212449650e+01,-2.6693308570739100e+00,1.8862352029995502e-01,-1.3506217855065939e-02,-3.7455737649705169e-03

1.5214261832654222e+02,0,1.0000000000000000e+00,1.3916813259121272e+00,1.4192851380334009e+01,1.3630930306955795e+00,-2.6767627041895503e-01,2.6678904641565576e-01,6.7869102707352981e-03
1.5214261832654222e+02,1,1.0000000000000000e+00,-2.7924597401309010e+00,1.1442998742423574e+01,1.3229662574802978e+00,7.9308210022731418e-02,-2.5978444892648517e-01,-3.7217704055444315e-03
1.5214261832654222e+02,2,1.0000000000000000e+00,1.4007784230370830e+00,-2.5635850085938280e+01,-2.6860592875665601e+00,1.8836806040352339e-01,-7.0045973784402249e-03,-3.0651398639891360e-03

1.5700900073600718e+02,0,1.0000000000000000e+00,-2.4138691043217664e-01,1.5153165966034399e+01,1.3901385714168544e+00,-3.8822089561346884e-01,1.1542978642699148e-01,4.0643519148923649e-03
1.5700900073600718e+02,1,1.0000000000000000e+00,-2.0749266504902169e+00,1.0501110526935118e+01,1.3091855184622305e+00,2.0035751408001234e-01,-1.1486245165181214e-01,-1.6791240404034425e-03
1.5700900073600718e+02,2,1.0000000000000000e+00,2.3163135703030049e+00,-2.5654276455590949e+01,-2.6993240892650325e+00,1.8786338174745532e-01,-5.6733461323488221e-04,-2.3852278728677279e-03

1.6155489942863949e+02,0,1.0000000000000000e+00,-2.0806079595185278e+00,1.5269160444036515e+01,1.4007871484741281e+00,-4.0369505429562119e-01,-6.5968021956265110e-02,5.4707181129029199e-04
1.6155489942863949e+02,1,1.0000000000000000e+00,-1.0882841345907970e+00,1.0374038014203375e+01,1.3079272483080373e+00,2.1648709739930566e-01,6.0532357308767104e-02,1.1990638699386990e-03
1.6155489942863949e+02,2,1.0000000000000000e+00,3.1688921046313663e+00,-2.5643198419681863e+01,-2.7087143961524243e+00,1.8720795714703781e-01,5.4356650117856897e-03,-1.7461356756910146e-03

1.6572100300987324e+02,0,1.0000000000000000e+00,-3.6350231003919307e+00,1.4668330077197714e+01,1.3963053095983367e+00,-3.2944284734003976e-01,-2.1595504323888337e-01,-2.6157414741727518e-03
1.6572100300987324e+02,1,1.0000000000000000e+00,-3.1230834162116006e-01,1.0940851766682890e+01,1.3184702286765773e+00,1.4297096720343694e-01,2.0507369327764002e-01,3.7807731914929824e-03
1.6572100300987324e+02,2,1.0000000000000000e+00,3.9473314533231156e+00,-2.5609181803498473e+01,-2.7147755376152261e+00,1.8647188024388162e-01,1.0881350447395216e-02,-1.1650317089201122e-03

1.7135667757200412e+02,0,1.0000000000000000e+00,-4.9734601954287729e+00,1.3084904047491845e+01,1.3725874956240991e+00,-1.3310115859807642e-01,-3.2253274191737291e-01,-5.4116320769040174e-03
1.7135667757200412e+02,1,1.0000000000000000e+00,-2.1459536087165887e-02,1.2442534713182265e+01,1.3465771395769028e+00,-5.2150244594995732e-02,3.0443624639717337e-01,5.8077151378377462e-03
1.7135667757200412e+02,2,1.0000000000000000e+00,4.9949197427627556e+00,-2.5527438717739276e+01,-2.7191646344955931e+00,1.8525140309223520e-01,1.8096495889485864e-02,-3.9608305419529082e-04

1.7624215883366676e+02,0,1.0000000000000000e+00,-5.1493964218862418e+00,1.1538327827672163e+01,1.3446708737708724e+00,5.7570918180435249e-02,-2.9090827424602195e-01,-5.6516236235443209e-03
1.7624215883366676e+02,1,1.0000000000000000e+00,-7.4747500474241679e-01,1.3885709273187718e+01,1.3748296110176139e+00,-2.4151633153886820e-01,2.6669093534662136e-01,5.3942064695819006e-03
1.7624215883366676e+02,2,1.0000000000000000e+00,5.8968714374071238e+00,-2.5424037056648444e+01,-2.7195004840606902e+00,1.8394541330979408e-01,2.4217339063394933e-02,2.5741715645981149e-04

1.8108842290572431e+02,0,1.0000000000000000e+00,-4.5090650768547782e+00,1.0420142011994525e+01,1.3208684645519364e+00,1.9257839084119999e-01,-1.5666854940663202e-01,-3.8806458263786021e-03
1.8108842290572431e+02,1,1.0000000000000000e+00,-2.2756301325990069e+00,1.4871966622682482e+01,1.3958196198621167e+00,-3.7499031366396263e-01,1.2644758533506781e-01,2.9771133417529991e-03
1.8108842290572431e+02,2,1.0000000000000000e+00,6.7846952204896667e+00,-2.5292108589833358e+01,-2.7166880836790739e+00,1.8241192298274192e-01,3.0220964211753017e-02,9.0353248592461616e-04

1.8603374423628460e+02,0,1.0000000000000000e+00,-3.4309915352336544e+00,1.0108955911342566e+01,1.3090203977336952e+00,2.2290804794257998e-01,3.3931565955635005e-02,-7.9415408450264017e-04
1.8603374423628460e+02,1,1.0000000000000000e+00,-4.2514783876255358e+00,1.5018632088615799e+01,1.4015648175908413e+00,-4.0354571647643767e-01,-7.0238565517547369e-02,-7.7040616028778257e-04
1.8603374423628460e+02,2,1.0000000000000000e+00,7.6824699350262824e+00,-2.5127587953991270e+01,-2.7105852145758673e+00,1.8063766879131565e-01,3.6306999897250718e-02,1.5645602495883435e-03

1.9055346693478074e+02,0,1.0000000000000000e+00,-2.5640362220873794e+00,1.0637505762015419e+01,1.3120847005778975e+00,1.4517152222252885e-01,1.9229199116459800e-01,2.0602847623327146e-03
1.9055346693478074e+02,1,1.0000000000000000e+00,-5.9309227454417837e+00,1.4313530753430484e+01,1.3900713218029139e+00,-3.2404359483989287e-01,-2.3409451106568258e-01,-4.2240700743675346e-03
1.9055346693478074e+02,2,1.0000000000000000e+00,8.4949589806363637e+00,-2.4951036467553021e+01,-2.7021560216015503e+00,1.7887207274720038e-01,4.1802520393560770e-02,2.1637853204015353e-03

1.9497518922453753e+02,0,1.0000000000000000e+00,-2.2317516163269264e+00,1.1714471075900601e+01,1.3257303222094401e+00,-3.3465476041429076e-03,2.8074522163095794e-01,3.8861823864775238e-03
1.9497518922453753e+02,1,1.0000000000000000e+00,-7.0500879072768949e+00,1.3040041856352360e+01,1.3655847560970420e+00,-1.7367605805467121e-01,-3.2781087450394786e-01,-6.6233572629615569e-03
1.9497518922453753e+02,2,1.0000000000000000e+00,9.2818395368513897e+00,-2.4754512882193314e+01,-2.6913150774887966e+00,1.7702260560098504e-01,4.7065653325539671e-02,2.7371748847799279e-03

2.0096914621261118e+02,0,1.0000000000000000e+00,-2.9546874294413286e+00,1.3398099595101662e+01,1.3503418518036434e+00,-2.3445874465312305e-01,2.5156935028342881e-01,3.7882443922927183e-03
2.0096914621261118e+02,1,1.0000000000000000e+00,-7.3801603148246055e+00,1.1053438336740001e+01,1.3222937142241014e+00,6.0173835972596124e-02,-3.0555922034654831e-01,-7.2802603746881384e-03
2.0096914621261118e+02,2,1.0000000000000000e+00,1.0334847756932485e+01,-2.4451537879792234e+01,-2.6726355651735560e+00,1.7428490860724893e-01,5.3989870270659768e-02,3.4920159859645142e-03

2.0564604486312496e+02,0,1.0000000000000000e+00,-4.3838857544890804e+00,1.4295936086999575e+01,1.3635620987280972e+00,-3.6394475377257185e-01,1.1951619384803666e-01,1.5938621453005022e-03
2.0564604486312496e+02,1,1.0000000000000000e+00,-6.7606501824479839e+00,9.8907329709920191e+00,1.2913856649590241e+00,1.9201182198847266e-01,-1.7877903260922526e-01,-5.6651258231708527e-03
2.0564604486312496e+02,2,1.0000000000000000e+00,1.1144535949671218e+01,-2.4186669005203612e+01,-2.6549477628223945e+00,1.7193293189838074e-01,5.9262838906531279e-02,4.0712636794772630e-03

2.1037242974129762e+02,0,1.0000000000000000e+00,-6.2304726102190617e+00,1.4432562305167808e+01,1.3632406776434833e+00,-3.9918643289280020e-01,-6.5405359266065222e-02,-1.8559941621071534e-03
2.1037242974129762e+02,1,1.0000000000000000e+00,-5.7207001040168048e+00,9.4615574669597340e+00,1.2710856987389640e+00,2.2981356021723587e-01,8.8442336605193406e-04,-2.7985133370611432e-03
2.1037242974129762e+02,2,1.0000000000000000e+00,1.1951172727894610e+01,-2.3894119718359825e+01,-2.6343263755060082e+00,1.6937287292304679e-01,6.4520936196508116e-02,4.6545075031658393e-03

2.1500108982644247e+02,0,1.0000000000000000e+00,-7.9509549658201637e+00,1.3718167224158741e+01,1.3462824951477947e+00,-3.2756707758835790e-01,-2.3640377235640311e-01,-5.4036845611880272e-03
2.1500108982644247e+02,1,1.0000000000000000e+00,-4.7781092064336059e+00,9.8655209038663507e+00,1.2651855521202469e+00,1.6083965418379548e-01,1.6680493284396439e-01,1.8275798806636611e-04
2.1500108982644247e+02,2,1.0000000000000000e+00,1.2729064186951145e+01,-2.3583688072420845e+01,-2.6114680463636422e+00,1.6672742357077286e-01,6.9598839994277656e-02,5.2209265810577105e-03

2.1947127630794961e+02,0,1.0000000000000000e+00,-9.1066658098412390e+00,1.2402748665765301e+01,1.3159330538870737e+00,-1.7998433980430922e-01,-3.3822333356966905e-01,-7.9580738975871708e-03
2.1947127630794961e+02,1,1.0000000000000000e+00,-4.3618034403682762e+00,1.0859053385085456e+01,1.2709952591600959e+00,1.5910962233236126e-02,2.6382940375352992e-01,2.2022862016839138e-03
2.1947127630794961e+02,2,1.0000000000000000e+00,1.3468469265222584e+01,-2.3261801992987511e+01,-2.5869283121034323e+00,1.6407337754509554e-01,7.4393930308879030e-02,5.7557877048760534e-03

2.2551791690590670e+02,0,1.0000000000000000e+00,-9.4682072877113761e+00,1.0306147069690287e+01,1.2634822148173728e+00,5.8356891916320763e-02,-3.2474795940994550e-01,-8.8379130464183910e-03
2.2551791690590670e+02,1,1.0000000000000000e+00,-4.9811099706085606e+00,1.2486771069106965e+01,1.2865192717117420e+00,-2.1867484768980588e-01,2.4409845057757307e-01,2.3844384804467596e-03
2.2551791690590670e+02,2,1.0000000000000000e+00,1.4449317272764603e+01,-2.2792918078597999e+01,-2.5500014855416859e+00,1.6031795567244517e-01,8.0649509092541927e-02,6.4534745708128005e-03

2.3050180140562259e+02,0,1.0000000000000000e+00,-8.7837737716629203e+00,8.9853889162610692e+00,1.2227891734363001e+00,2.0182959784103555e-01,-1.9021124451328947e-01,-7.1725387187219032e-03
2.3050180140562259e+02,1,1.0000000000000000e+00,-6.4564505096909617e+00,1.3393135400591575e+01,1.2936530785601466e+00,-3.5886655259154560e-01,1.0459061581611745e-01,1.6054894166497944e-04
2.3050180140562259e+02,2,1.0000000000000000e+00,1.5240224295693183e+01,-2.2378524255707774e+01,-2.5164422509933360e+00,1.5703695483075714e-01,8.5620628854870706e-02,7.0119897791459844e-03

2.3538937298565310e+02,0,1.0000000000000000e+00,-7.6616710854059065e+00,8.5069937314467481e+00,1.1947576237481714e+00,2.3746394236134027e-01,-2.0059400314445947e-03,-4.1639509487278580e-03
2.3538937298565310e+02,1,1.0000000000000000e+00,-8.3378547103558631e+00,1.3441377041037821e+01,1.2860886337831321e+00,-3.9110661835084881e-01,-8.8377447922306715e-02,-3.3891912497297453e-03
2.3538937298565310e+02,2,1.0000000000000000e+00,1.5999525810937996e+01,-2.1948370710318290e+01,-2.4808462565151919e+00,1.5364267622384098e-01,9.0383388246716864e-02,7.5531422024333397e-03

2.3996836157450863e+02,0,1.0000000000000000e+00,-6.7057661861640199e+00,8.8880487689713163e+00,1.1826542423141668e+00,1.6389245818735099e-01,1.6103133954173038e-01,-1.1950873950367473e-03
2.3996836157450863e+02,1,1.0000000000000000e+00,-9.9897524837888838e+00,1.2636399627832322e+01,1.2624559407094598e+00,-3.1422709250978514e-01,-2.5579306890893116e-01,-6.8590947981851226e-03
2.3996836157450863e+02,2,1.0000000000000000e+00,1.6695518686142222e+01,-2.1524448332839430e+01,-2.4451101819803522e+00,1.5033463449495843e-01,9.4761729848253359e-02,8.0541822010582742e-03

2.4447754113353227e+02,0,1.0000000000000000e+00,-6.2824810317714217e+00,9.8573150906927509e+00,1.1823117821983216e+00,1.4752164495151959e-02,2.5433690900463185e-01,8.1999466078826883e-04
2.4447754113353227e+02,1,1.0000000000000000e+00,-1.1083420569725199e+01,1.1230306155820241e+01,1.2253891027962061e+00,-1.6174762636316212e-01,-3.5330421650327853e-01,-9.3558012077022482e-03
2.4447754113353227e+02,2,1.0000000000000000e+00,1.7365901618044834e+01,-2.1087621180231437e+01,-2.4077008839111560e+00,1.4699546185023413e-01,9.8967308009597257e-02,8.5358065562064229e-03

2.5044133660222161e+02,0,1.0000000000000000e+00,-6.8879505891816066e+00,1.1384679125655602e+01,1.1892354125129074e+00,-2.1472687043726751e-01,2.2856880141532332e-01,9.7442534090018580e-04
2.5044133660222161e+02,1,1.0000000000000000e+00,-1.1341176150616050e+01,9.0966682279461324e+00,1.1657222456215630e+00,7.2257260386327182e-02,-3.3287338084835194e-01,-1.0121431497101969e-02
2.5044133660222161e+02,2,1.0000000000000000e+00,1.8229126755781195e+01,-2.0481347284841693e+01,-2.3549576570042090e+00,1.4246960993524466e-01,1.0430457972862589e-01,9.1470061619155409e-03

2.5536941105694746e+02,0,1.0000000000000000e+00,-8.3138159977801038e+00,1.2203957171573844e+01,1.1894983352650059e+00,-3.4972381677967146e-01,8.9743263615427685e-02,-1.1704347950200859e-03
2.5536941105694746e+02,1,1.0000000000000000e+00,-1.0607933023385581e+01,7.7529298345089810e+00,1.1191797735192768e+00,2.1112441115168012e-01,-1.9825700354162246e-01,-8.4623087204451393e-03
2.5536941105694746e+02,2,1.0000000000000000e+00,1.8921749036911557e+01,-1.9956886936246683e+01,-2.3086781076345222e+00,1.3859940567219020e-01,1.0851374010045878e-01,9.6327435181666927e-03

2.6015384326825182e+02,0,1.0000000000000000e+00,-1.0105750741767572e+01,1.2193549918233625e+01,1.1761213877861785e+00,-3.8061384926519687e-01,-9.7454598685101271e-02,-4.5511073329681500e-03
2.6015384326825182e+02,1,1.0000000000000000e+00,-9.4698460615229969e+00,7.2346657490261412e+00,1.0853620127663210e+00,2.4591361702463349e-01,-1.5009310394361888e-02,-5.5433739428437327e-03
2.6015384326825182e+02,2,1.0000000000000000e+00,1.9575596819694340e+01,-1.9428215596426181e+01,-2.2614833993888643e+00,1.3470023245079787e-01,1.1246390935612895e-01,1.0094481279638442e-02

2.6488692907344489e+02,0,1.0000000000000000e+00,-1.1760510373845630e+01,1.1307615385916961e+01,1.1460779787590405e+00,-3.0146669483113941e-01,-2.6920269001976221e-01,-8.0734356375137262e-03
2.6488692907344489e+02,1,1.0000000000000000e+00,-8.4432564144728417e+00,7.5792530686293054e+00,1.0665608115953418e+00,1.7074591327426381e-01,1.5293269161964251e-01,-2.4702403402695819e-03
2.6488692907344489e+02,2,1.0000000000000000e+00,2.0203766805734428e+01,-1.8886868381928146e+01,-2.2126387891638721e+00,1.3072078173579305e-01,1.1626999887234729e-01,1.0543675985400916e-02

2.6961991057010948e+02,0,1.0000000000000000e+00,-1.2826750711437091e+01,9.7623577025114017e+00,1.1012543524810565e+00,-1.3926123468906215e-01,-3.6761587323753175e-01,-1.0620614035690416e-02
2.6961991057010948e+02,1,1.0000000000000000e+00,-7.9861378919255959e+00,8.5654125966784367e+00,1.0604410702088087e+00,1.2596709273176576e-02,2.4765120082109471e-01,-3.6008704826720819e-04
2.6961991057010948e+02,2,1.0000000000000000e+00,2.0812888621194539e+01,-1.8327770224121032e+01,-2.1616954214571988e+00,1.2666452540298170e-01,1.1996467294211433e-01,1.0980701093504179e-02

2.7424582899895421e+02,0,1.0000000000000000e+00,-1.3040868041783135e+01,8.0383995971930453e+00,1.0496290368500463e+00,4.5783862283907212e-02,-3.5968086927338960e-01,-1.1378025843335962e-02
2.7424582899895421e+02,1,1.0000000000000000e+00,-8.3487001169049329e+00,9.7263449512291178e+00,1.0603152806093887e+00,-1.6843715711175181e-01,2.3625015158882456e-01,-1.2624964061137486e-05
2.7424582899895421e+02,2,1.0000000000000000e+00,2.1389568176114022e+01,-1.7764744471207074e+01,-2.1099443161861600e+00,1.2265329469476624e-01,1.2343071806348804e-01,1.1390650814837432e-02

2.7912129650889432e+02,0,1.0000000000000000e+00,-1.2409614118598149e+01,6.5286822893064382e+00,9.9640756232071404e-01,2.0099607749747606e-01,-2.4374634850679369e-01,-1.0127146802793599e-02
2.7912129650889432e+02,1,1.0000000000000000e+00,-9.5675170056036869e+00,1.0625739148171805e+01,1.0569874388576765e+00,-3.1935688783182825e-01,1.1684283340443932e-01,-1.6768156357041368e-03
2.7912129650889432e+02,2,1.0000000000000000e+00,2.1977131141125007e+01,-1.7154421358886168e+01,-2.0533949998781429e+00,1.1836081029711198e-01,1.2690351530799146e-01,1.1803962442310620e-02

2.8380274062292426e+02,0,1.0000000000000000e+00,-1.1290022311568876e+01,5.7845030063855063e+00,9.5487774980509288e-01,2.5972601890479330e-01,-6.8541715242021406e-02,-7.4462508408005366e-03
2.8380274062292426e+02,1,1.0000000000000000e+00,-1.1231374230696966e+01,1.0768339702159897e+01,1.0423560756858401e+00,-3.7386721675709156e-01,-6.1537318344870195e-02,-4.7411439141887219e-03
2.8380274062292426e+02,2,1.0000000000000000e+00,2.2521396559468769e+01,-1.6552842629025697e+01,-1.9972338241756633e+00,1.1414119800432217e-01,1.3007903381521993e-01,1.2187394758302503e-02

2.8842989701671763e+02,0,1.0000000000000000e+00,-1.0160865287017810e+01,5.8832031534920439e+00,9.2764749019260484e-01,2.1095433283429871e-01,1.0615096438695254e-01,-4.3419157758905359e-03
2.8842989701671763e+02,1,1.0000000000000000e+00,-1.2878822721391394e+01,1.0060717462641140e+01,1.0123341789049380e+00,-3.2081832049601350e-01,-2.3924947836853311e-01,-8.2154201620685385e-03
2.8842989701671763e+02,2,1.0000000000000000e+00,2.3039688026521166e+01,-1.5943920535161300e+01,-1.9399816677607331e+00,1.0986398786691408e-01,1.3309851439208273e-01,1.2557335944331992e-02

2.9343885036168047e+02,0,1.0000000000000000e+00,-9.4515761105625558e+00,6.7621344224880335e+00,9.1297907399915923e-01,5.9080272902412564e-02,2.2823446348622833e-01,-1.7497257544756509e-03
2.9343885036168047e+02,1,1.0000000000000000e+00,-1.4126628746861332e+01,8.5071541267178965e+00,9.6312324401877114e-01,-1.6422751192683632e-01,-3.6448544306878317e-01,-1.1196589950931580e-02
2.9343885036168047e+02,2,1.0000000000000000e+00,2.3578204876225165e+01,-1.5269288465769060e+01,-1.8761023166400923e+00,1.0514723906766954e-01,1.3625098012290462e-01,1.2946315714942862e-02

2.9832433995098711e+02,0,1.0000000000000000e+00,-9.6248446239008132e+00,7.9443622298102721e+00,9.0712709918353762e-01,-1.3085277911133555e-01,2.3577549591309915e-01,-9.8859919993070887e-04
2.9832433995098711e+02,1,1.0000000000000000e+00,-1.4455732633588372e+01,6.6520399639003234e+00,9.0483276562656023e-01,3.0344801001501970e-02,-3.7496124752926424e-01,-1.2320255211458110e-02
2.9832433995098711e+02,2,1.0000000000000000e+00,2.4080577276030631e+01,-1.4596402107790981e+01,-1.8119598633861578e+00,1.0050797798180003e-01,1.3918575205756917e-01,1.3308854419996342e-02

3.0317403880491992e+02,0,1.0000000000000000e+00,-1.0669122569426680e+01,8.8755327410053528e+00,8.9998157819965341e-01,-2.8924809233776172e-01,1.3182692788005446e-01,-2.2848730861349791e-03
3.0317403880491992e+02,1,1.0000000000000000e+00,-1.3887671457041419e+01,5.0391413033720882e+00,8.4660079328186610e-01,1.9337209364362618e-01,-2.7375310208332893e-01,-1.1364621926439665e-02
3.0317403880491992e+02,2,1.0000000000000000e+00,2.4556794044371674e+01,-1.3914673956792862e+01,-1.7465823700242740e+00,9.5875998598172849e-02,1.4192617445522282e-01,1.3649495017633661e-02

3.0803640154838598e+02,0,1.0000000000000000e+00,-1.2291306292665769e+01,9.1024684059920755e+00,8.8224242310059786e-01,-3.5990789354406327e-01,-4.5963296234269146e-02,-5.2143030437442305e-03
3.0803640154838598e+02,1,1.0000000000000000e+00,-1.2720270527477567e+01,4.1157971747664144e+00,7.9717549106604157e-01,2.6873471986151543e-01,-9.8530687909413439e-02,-8.7600853112083342e-03
3.0803640154838598e+02,2,1.0000000000000000e+00,2.5011576838019657e+01,-1.3218265492137800e+01,-1.6794179126903039e+00,9.1173173775180749e-02,1.4449398435643229e-01,1.3974388358396150e-02

3.1283896733246496e+02,0,1.0000000000000000e+00,-1.3961849003900491e+01,8.4258241017323066e+00,8.4874611681825329e-01,-3.1698264592725239e-01,-2.3176468272692263e-01,-8.7411376777993127e-03
3.1283896733246496e+02,1,1.0000000000000000e+00,-1.1476262387985575e+01,4.0927167459051574e+00,7.6281319175054407e-01,2.3054351841857906e-01,8.4884267588279716e-02,-5.5420002236404326e-03
3.1283896733246496e+02,2,1.0000000000000000e+00,2.5438111410534756e+01,-1.2518540757663263e+01,-1.6115593070715872e+00,8.6439127705216057e-02,1.4688041551126091e-01,1.4283137907233999e-02

3.1758984634729700e+02,0,1.0000000000000000e+00,-1.5166844705080699e+01,6.9857168686872706e+00,7.9980670749171234e-01,-1.7727579923091391e-01,-3.6063259498679578e-01,-1.1674236527969126e-02
3.1758984634729700e+02,1,1.0000000000000000e+00,-1.0670642383508310e+01,4.8296407904873764e+00,7.4319098600230937e-01,9.5597579924314391e-02,2.1150906533789937e-01,-2.9033312673923499e-03
3.1758984634729700e+02,2,1.0000000000000000e+00,2.5837487107985595e+01,-1.1815357567000659e+01,-1.5429976919607062e+00,8.1678219392949558e-02,1.4912353018139962e-01,1.4577567804549937e-02

3.2220327065445980e+02,0,1.0000000000000000e+00,-1.5569153290922547e+01,5.2142314214560344e+00,7.4209446825670999e-01,5.6802473045151070e-03,-3.8953250519853444e-01,-1.3047921302296314e-02
3.2220327065445980e+02,1,1.0000000000000000e+00,-1.0634414389682053e+01,5.9083442920635054e+00,7.3301632828277141e-01,-8.2702530891746673e-02,2.3834322763209659e-01,-1.8021420495804574e-03
3.2220327065445980e+02,2,1.0000000000000000e+00,2.6203567699953307e+01,-1.1122575618877386e+01,-1.4751107949613607e+00,7.7022283486782805e-02,1.5118927806830645e-01,1.4850063361447934e-02

3.2688300534967982e+02,0,1.0000000000000000e+00,-1.5125543749268012e+01,3.5341415630947415e+00,6.8150990553949109e-01,1.7606649363626550e-01,-3.1171165381144444e-01,-1.2520899400421035e-02
3.2688300534967982e+02,1,1.0000000000000000e+00,-1.1427411543570376e+01,6.8762724100498627e+00,7.2349186446457625e-01,-2.4836368053522287e-01,1.5856712899157560e-01,-2.5889657258583252e-03
3.2688300534967982e+02,2,1.0000000000000000e+00,2.6552955311522101e+01,-1.0410413876555543e+01,-1.4050017683872811e+00,7.2297186751669712e-02,1.5314452514111945e-01,1.5109865132898940e-02

3.3150253544218782e+02,0,1.0000000000000000e+00,-1.4052755631532012e+01,2.4333547671775939e+00,6.2821187237479981e-01,2.7297492540334367e-01,-1.5558212325233084e-01,-1.0328750677658219e-02
3.3150253544218782e+02,1,1.0000000000000000e+00,-1.2823387782581431e+01,7.2654539563107754e+00,7.0642883492143549e-01,-3.4059548132270934e-01,6.6820964564584528e-04,-5.0213177207326645e-03
3.3150253544218782e+02,2,1.0000000000000000e+00,2.6876143432402092e+01,-9.6988086257414281e+00,-1.3346407056559746e+00,6.7620555917715930e-02,1.5491391381513481e-01,1.5350068402328956e-02

3.3627519260821714e+02,0,1.0000000000000000e+00,-1.2722355567717457e+01,2.1417931451162353e+00,5.8635396570415654e-01,2.6538368226995251e-01,3.2361828273149873e-02,-7.1488541369099292e-03
3.3627519260821714e+02,1,1.0000000000000000e+00,-1.4464896656452252e+01,6.8136284802208156e+00,6.7446244532600841e-01,-3.2812335621186156e-01,-1.8894165962352805e-01,-8.4353054289998328e-03
3.3627519260821714e+02,2,1.0000000000000000e+00,2.7187252242889421e+01,-8.9554215264566501e+00,-1.2608164093707710e+00,6.2739674105349502e-02,1.5657983165041864e-01,1.5584159570668240e-02

3.4101014869504326e+02,0,1.0000000000000000e+00,-1.1695330568774541e+01,2.6718886574559715e+00,5.5975885862214403e-01,1.5348436511319724e-01,1.7996758830468307e-01,-4.2203124775952276e-03
3.4101014869504326e+02,1,1.0000000000000000e+00,-1.5777391493023309e+01,5.5384936463211645e+00,6.2674101711557739e-01,-2.1131396299584804e-01,-3.3806526585983410e-01,-1.1584171953783702e-02
3.4101014869504326e+02,2,1.0000000000000000e+00,2.7472722081323798e+01,-8.2103822030225704e+00,-1.1864998740479860e+00,5.7829598021954864e-02,1.5809767804267691e-01,1.5804484439546046e-02

3.4599553940883436e+02,0,1.0000000000000000e+00,-1.1377124364416687e+01,3.7599831908745092e+00,5.4368206898134397e-01,-3.1843641216031573e-02,2.3654079291374772e-01,-2.5465737810238878e-03
3.4599553940883436e+02,1,1.0000000000000000e+00,-1.6370910114665506e+01,3.6584917369010501e+00,5.6347583663761391e-01,-2.0771105435016882e-02,-3.9611338814353902e-01,-1.3476140828448370e-02
3.4599553940883436e+02,2,1.0000000000000000e+00,2.7748034498843111e+01,-7.4184748243625940e+00,-1.1071579038822930e+00,5.2614746595634962e-02,1.5957259576883229e-01,1.6022714619482948e-02

3.5075000784485985e+02,0,1.0000000000000000e+00,-1.1959185060957488e+01,4.7847688394820169e+00,5.3150853360561268e-01,-2.0696200592935773e-01,1.7665919652078119e-01,-2.9056269382512698e-03
3.5075000784485985e+02,1,1.0000000000000000e+00,-1.6027181197717638e+01,1.8719293383642719e+00,4.9900627130419928e-01,1.5931763208068120e-01,-3.3751001277689541e-01,-1.3309338521129154e-02
3.5075000784485985e+02,2,1.0000000000000000e+00,2.7986366277830292e+01,-6.6566980721750921e+00,-1.0305148031292120e+00,4.7644373680085152e-02,1.6085081664520445e-01,1.6214965467324535e-02

3.5540250715363220e+02,0,1.0000000000000000e+00,-1.3209116791994497e+01,5.2931784480642801e+00,5.1367374627962359e-01,-3.1609705629094925e-01,3.0979335475473380e-02,-5.0075896355167744e-03
3.5540250715363220e+02,1,1.0000000000000000e+00,-1.4987636547394869e+01,6.1253567604726555e-01,4.4099483295410380e-01,2.7329945304553632e-01,-1.9293257784415752e-01,-1.1379334884425718e-02
3.5540250715363220e+02,2,1.0000000000000000e+00,2.8196753357900405e+01,-5.9057140170360292e+00,-9.5466857742387667e-01,4.2797603167982354e-02,1.6195324260124958e-01,1.6386924524740842e-02

3.6022641575848093e+02,0,1.0000000000000000e+00,-1.4801526932293221e+01,4.9876856092417663e+00,4.8185020008039658e-01,-3.2486135844249187e-01,-1.5881581488712160e-01,-8.2873933617546927e-03
3.6022641575848093e+02,1,1.0000000000000000e+00,-1.3589545576050790e+01,1.3436203470830232e-01,3.9337091611838276e-01,2.8709908321152178e-01,-4.1122080097584224e-03,-8.2622746355017172e-03
3.6022641575848093e+02,2,1.0000000000000000e+00,2.8391072526941628e+01,-5.1220475357870550e+00,-8.7522111436852068e-01,3.7762275339476903e-02,1.6292802315286958e-01,1.6549668001596528e-02

3.6500666072092434e+02,0,1.0000000000000000e+00,-1.6153800304070927e+01,3.8191555860102291e+00,4.3422570067923405e-01,-2.2453890638728352e-01,-3.2024290348895945e-01,-1.1538340058515081e-02
3.6500666072092434e+02,1,1.0000000000000000e+00,-1.2405773820822196e+01,5.2205946172440632e-01,3.6152585860837089e-01,1.9181077597457913e-01,1.5650253769560779e-01,-5.1590014859706594e-03
3.6500666072092434e+02,2,1.0000000000000000e+00,2.8559574144208057e+01,-4.3412149379403502e+00,-7.9575155743044368e-01,3.2728130567587110e-02,1.6374036622989380e-01,1.6697341551745688e-02

3.7010732814981344e+02,0,1.0000000000000000e+00,-1.6841043290964997e+01,1.9344077415496594e+00,3.6896971027378395e-01,-3.6328563800227365e-02,-3.9858835835234063e-01,-1.3738947166485936e-02
3.7010732814981344e+02,1,1.0000000000000000e+00,-1.1871661340076560e+01,1.5697069272164696e+00,3.4124261573179954e-01,9.0181099988653757e-03,2.3411869630131366e-01,-3.1015476900712827e-03
3.7010732814981344e+02,2,1.0000000000000000e+00,2.8712704650783085e+01,-3.5041145563625582e+00,-7.1021232410306334e-01,2.7310453788582156e-02,1.6446966260262613e-01,1.6840494866592580e-02

3.7487917551094426e+02,0,1.0000000000000000e+00,-1.6558699115930921e+01,9.0305046495053665e-02,3.0234101075195807e-01,1.5028355812844338e-01,-3.5550870521081795e-01,-1.3845285478622201e-02
3.7487917551094426e+02,1,1.0000000000000000e+00,-1.2272224290808939e+01,2.6275937248823809e+00,3.2722093800917440e-01,-1.7252555595021182e-01,1.9047594632728765e-01,-3.1142576298247137e-03
3.7487917551094426e+02,2,1.0000000000000000e+00,2.8830923425989365e+01,-2.7178986565222321e+00,-6.2956194681184607e-01,2.2241997650421952e-02,1.6503275932835706e-01,1.6959543117372279e-02

3.7950821339392132e+02,0,1.0000000000000000e+00,-1.5539403418556791e+01,-1.2703386186200885e+00,2.4165096824049603e-01,2.7672089636160652e-01,-2.2012387565850131e-01,-1.2108674167796452e-02
3.7950821339392132e+02,1,1.0000000000000000e+00,-1.3383161120131973e+01,3.2232744132904232e+00,3.0916620964609948e-01,-2.9407886393539912e-01,5.4673772804768067e-02,-4.9513854664211786e-03
3.7950821339392132e+02,2,1.0000000000000000e+00,2.8922564557144838e+01,-1.9529356781850389e+00,-5.5081717590338730e-01,1.7357967437705624e-02,1.6545010312052802e-01,1.7060059639914416e-02

3.8458657774076039e+02,0,1.0000000000000000e+00,-1.4009214909608108e+01,-1.8893896266674668e+00,1.8806288198007365e-01,3.0438139636179357e-01,-2.1007694681301231e-02,-8.8568805011342358e-03
3.8458657774076039e+02,1,1.0000000000000000e+00,-1.4987957131528299e+01,3.0013048968825506e+00,2.7587246193642123e-01,-3.1640706873233398e-01,-1.4472815234231515e-01,-8.2966940831360730e-03
3.8458657774076039e+02,2,1.0000000000000000e+00,2.8997172059377373e+01,-1.1119151525617568e+00,-4.6393534190971947e-01,1.2025672428719492e-02,1.6573584725866133e-01,1.7153574588546876e-02

3.8943707109822117e+02,0,1.0000000000000000e+00,-1.2709432257505956e+01,-1.5608979526260574e+00,1.5315223473979767e-01,2.1427062571787853e-01,1.4686060268449258e-01,-5.6265284844461798e-03
3.8943707109822117e+02,1,1.0000000000000000e+00,-1.6333695640202144e+01,1.8685971910200201e+00,2.2739434084153962e-01,-2.2118858601990016e-01,-3.1270066126070228e-01,-1.1601127093823216e-02
3.8943707109822117e+02,2,1.0000000000000000e+00,2.9043127916532260e+01,-3.0769911924512294e-01,-3.8054657354903321e-01,6.9179604499253859e-03,1.6584005897641921e-01,1.7227655584994006e-02

3.9426043550766610e+02,0,1.0000000000000000e+00,-1.2062141255767607e+01,-6.0916915989935316e-01,1.3178342250965286e-01,4.5632624224172212e-02,2.3016301764337635e-01,-3.4971801974043974e-03
3.9426043550766610e+02,1,1.0000000000000000e+00,-1.7002038194851146e+01,1.1699616625492637e-01,1.6551855053912112e-01,-4.7439477034626178e-02,-3.9596807041399151e-01,-1.3790063232547665e-02
3.9426043550766610e+02,2,1.0000000000000000e+00,2.9064179469928725e+01,4.9217311513003481e-01,-2.9730197097601097e-01,1.8068528342108014e-03,1.6580505331489281e-01,1.7287243439714040e-02

3.9908423826739482e+02,0,1.0000000000000000e+00,-1.2295895899233894e+01,4.7477041342625836e-01,1.1638493166771846e-01,-1.3938110353163682e-01,2.0001461861381942e-01,-3.2281172881234790e-03
3.9908423826739482e+02,1,1.0000000000000000e+00,-1.6764654697933185e+01,-1.7664356706060134e+00,9.7411619238204350e-02,1.4268899233597296e-01,-3.6566881274199647e-01,-1.4104450517130801e-02
3.9908423826739482e+02,2,1.0000000000000000e+00,2.9060550616120832e+01,1.2916653812383836e+00,-2.1379654878488608e-01,-3.3078889637821341e-03,1.6565419461461930e-01,1.7332567814831480e-02

4.0373854954999888e+02,0,1.0000000000000000e+00,-1.3277003080373355e+01,1.1427160321193259e+00,9.8285300181386787e-02,-2.6975144106346588e-01,7.3958331286217552e-02,-4.8248627209091406e-03
4.0373854954999888e+02,1,1.0000000000000000e+00,-1.5756736505953448e+01,-3.2048301504942103e+00,3.4765541314204298e-02,2.7795596359477986e-01,-2.3935254613030266e-01,-1.2537412203911637e-02
4.0373854954999888e+02,2,1.0000000000000000e+00,2.9033739604411252e+01,2.0621142442865135e+00,-1.3305083933649486e-01,-8.2045227098334599e-03,1.6539421515094135e-01,1.7362274931391454e-02

4.0876404723386361e+02,0,1.0000000000000000e+00,-1.4776577618276665e+01,1.0397463743754720e+00,6.6551377632213901e-02,-3.0653992314275524e-01,-1.1912175687473719e-01,-7.9630262406240049e-03
4.0876404723386361e+02,1,1.0000000000000000e+00,-1.4202760543529362e+01,-3.9320312214510933e+00,-2.0802572000785308e-02,3.1997812776126244e-01,-4.5838803729181199e-02,-9.4156177226488828e-03
4.0876404723386361e+02,2,1.0000000000000000e+00,2.8979338179376189e+01,2.8922849742200887e+00,-4.5748803446294117e-02,-1.3438204626011141e-02,1.6496056082397148e-01,1.7378643967609519e-02

4.1375113639425945e+02,0,1.0000000000000000e+00,-1.6142413133587048e+01,-1.9623299306303910e-02,1.8204047832859838e-02,-2.2236025569011381e-01,-2.9718834450843562e-01,-1.1360664156279045e-02
4.1375113639425945e+02,1,1.0000000000000000e+00,-1.2757011082965732e+01,-3.6938986917207575e+00,-5.9131129532860968e-02,2.4097060394897346e-01,1.3283240271219127e-01,-6.0181410831269717e-03
4.1375113639425945e+02,2,1.0000000000000000e+00,2.8899424234498738e+01,3.7135221195260644e+00,4.0927083909416420e-02,-1.8610348128629550e-02,1.6435594214851701e-01,1.7378805245429448e-02

4.1855578492100585e+02,0,1.0000000000000000e+00,-1.6833236229037468e+01,-1.7145112555701176e+00,-4.2544177452425024e-02,-5.5419689187857391e-02,-3.9155848991017983e-01,-1.3681640520042906e-02
4.1855578492100585e+02,1,1.0000000000000000e+00,-1.1964777897319763e+01,-2.7869735185227027e+00,-8.1852084329706226e-02,7.9025521192765680e-02,2.2793671619217049e-01,-3.6822899632601644e-03
4.1855578492100585e+02,2,1.0000000000000000e+00,2.8798014144831484e+01,4.5014849047304288e+00,1.2439626402859078e-01,-2.3605831950646944e-02,1.6362177424133953e-01,1.7363930492598319e-02

4.2335680102834630e+02,0,1.0000000000000000e+00,-1.6634595612115973e+01,-3.5996801436729982e+00,-1.1028976180621561e-01,1.3650920447142800e-01,-3.7428035363366852e-01,-1.4198949362964472e-02
4.2335680102834630e+02,1,1.0000000000000000e+00,-1.2038089084407789e+01,-1.6853481365253868e+00,-9.7406400357376355e-02,-1.0790801543748241e-01,2.1151299566842729e-01,-3.1357081987800038e-03
4.2335680102834630e+02,2,1.0000000000000000e+00,2.8672684714795203e+01,5.2850284134290648e+00,2.0769616445802558e-01,-2.8601189172149682e-02,1.6276735848404672e-01,1.7334657571773743e-02

4.2798128543050285e+02,0,1.0000000000000000e+00,-1.5643657882084955e+01,-5.0915301995746018e+00,-1.7337656419386982e-01,2.8048904556399312e-01,-2.5689840025224786e-01,-1.2794464393584924e-02
4.2798128543050285e+02,1,1.0000000000000000e+00,-1.2885697692549391e+01,-9.4411250228225185e-01,-1.1439277705823886e-01,-2.4711239084182635e-01,9.5056992935941109e-02,-4.4988641740294939e-03
4.2798128543050285e+02,2,1.0000000000000000e+00,2.8529355592024402e+01,6.0356428371266722e+00,2.8776934358772216e-01,-3.3376654931770805e-02,1.6184140766631361e-01,1.7293328575028331e-02

4.3264700404276152e+02,0,1.0000000000000000e+00,-1.4165099030958483e+01,-5.8871757196568844e+00,-2.2685859436901296e-01,3.3566126586325468e-01,-7.8945873517832388e-02,-9.9643900456440372e-03
4.3264700404276152e+02,1,1.0000000000000000e+00,-1.4197413012893348e+01,-9.0117018893074619e-01,-1.4147431280920003e-01,-2.9752978278750947e-01,-8.1843452305924880e-02,-7.2743613491004673e-03
4.3264700404276152e+02,2,1.0000000000000000e+00,2.8362512060496407e+01,6.7883460451268425e+00,3.6833290954116499e-01,-3.8131483159617063e-02,1.6078932604309137e-01,1.7238751399376639e-02

4.3740455900334410e+02,0,1.0000000000000000e+00,-1.2655254519580250e+01,-5.8205760739730730e+00,-2.6624807725329991e-01,2.8094475032744975e-01,1.0112719062674497e-01,-6.6138552861416296e-03
4.3740455900334410e+02,1,1.0000000000000000e+00,-1.5514422450440030e+01,-1.7298954956377965e+00,-1.8393950238643411e-01,-2.3801738059876870e-01,-2.6069727839333168e-01,-1.0555376607365703e-02
4.3740455900334410e+02,2,1.0000000000000000e+00,2.8169676986707589e+01,7.5504717072692662e+00,4.5018758202420162e-01,-4.2927369640325452e-02,1.5957008805226891e-01,1.7169231898574149e-02

4.4216876355383204e+02,0,1.0000000000000000e+00,-1.1637561817820814e+01,-5.0263760805890083e+00,-2.9092590126234019e-01,1.3465583939996723e-01,2.1720592373874306e-01,-3.9516137424523978e-03
4.4216876355383204e+02,1,1.0000000000000000e+00,-1.6316200442602991e+01,-3.2811032305701349e+00,-2.4086411037516933e-01,-8.6943148095852907e-02,-3.7540100859492520e-01,-1.3133097562328406e-02
4.4216876355383204e+02,2,1.0000000000000000e+00,2.7953762277628432e+01,8.3074794506145047e+00,5.3179001405326620e-01,-4.7712691212848476e-02,1.5819508532560950e-01,1.7084711313016594e-02

4.4700683268639034e+02,0,1.0000000000000000e+00,-1.1438497826974835e+01,-3.9025776865937445e+00,-3.0671244212635684e-01,-5.3311400800412169e-02,2.2776577433276823e-01,-2.9041687323850748e-03
4.4700683268639034e+02,1,1.0000000000000000e+00,-1.6272672942456303e+01,-5.1666022949433694e+00,-3.0749589492029278e-01,1.0588171169537661e-01,-3.8442843781083758e-01,-1.4079365028890303e-02
4.4700683268639034e+02,2,1.0000000000000000e+00,2.7711170786689198e+01,9.0691801235247329e+00,6.1420833950835307e-01,-5.2570310979644604e-02,1.5666266402035300e-01,1.6983533771486630e-02

4.5168710427480534e+02,0,1.0000000000000000e+00,-1.2072305877586864e+01,-3.0245191068200743e+00,-3.2172586411109350e-01,-2.0788392800244604e-01,1.3188226365394418e-01,-3.8192144209546405e-03
4.5168710427480534e+02,1,1.0000000000000000e+00,-1.5381870762217611e+01,-6.7742077856141947e+00,-3.7171417808288970e-01,2.6512561195977485e-01,-2.8695764906753896e-01,-1.3052903171472931e-02
4.5168710427480534e+02,2,1.0000000000000000e+00,2.7454176656290656e+01,9.7987270367225729e+00,6.9344004470085918e-01,-5.7241684177545681e-02,1.5507538582887678e-01,1.6872117600973138e-02

4.5633558274119514e+02,0,1.0000000000000000e+00,-1.3248085354202395e+01,-2.7788718294117629e+00,-3.4472818627450308e-01,-2.8163624074364130e-01,-3.3651913434912695e-02,-6.2762553940021032e-03
4.5633558274119514e+02,1,1.0000000000000000e+00,-1.3929343642013434e+01,-7.7368649972612547e+00,-4.2686112435394635e-01,3.4345165120514448e-01,-1.1974702269215931e-01,-1.0473279265255155e-02
4.5633558274119514e+02,2,1.0000000000000000e+00,2.7177429011735128e+01,1.0515736972468908e+01,7.7158931316744983e-01,-6.1815410623854282e-02,1.5339893637242574e-01,1.6749534664607248e-02

4.6111168883973443e+02,0,1.0000000000000000e+00,-1.4558583141834283e+01,-3.3873867186948186e+00,-3.8238368719828353e-01,-2.4845074855763949e-01,-2.1808907635554392e-01,-9.5207215326590551e-03
4.6111168883973443e+02,1,1.0000000000000000e+00,-1.2312547892496692e+01,-7.8566402892836740e+00,-4.6887774070996635e-01,3.1488588697063724e-01,6.6539458806705476e-02,-7.0902981744874662e-03
4.6111168883973443e+02,2,1.0000000000000000e+00,2.6871131049505660e+01,1.1244027154828153e+01,8.5126143046901015e-01,-6.6435138392177073e-02,1.5154961778159798e-01,1.6611019711540650e-02

4.6588737796245749e+02,0,1.0000000000000000e+00,-1.5460502605496155e+01,-4.7817896546311136e+00,-4.3499254789162034e-01,-1.1548525484061234e-01,-3.5271998878298361e-01,-1.2345545472577621e-02
4.6588737796245749e+02,1,1.0000000000000000e+00,-1.1082439685593981e+01,-7.1812769875992606e+00,-4.9523888251829479e-01,1.8648575546796448e-01,2.0317045105267451e-01,-4.1125368958923655e-03
4.6588737796245749e+02,2,1.0000000000000000e+00,2.6542942306639389e+01,1.1963066790545817e+01,9.3023143299674493e-01,-7.1000500524720012e-02,1.4954953812801103e-01,1.6458082375418029e-02

4.7071552490884642e+02,0,1.0000000000000000e+00,-1.5569832987515484e+01,-6.6183512481240632e+00,-4.9868196837796969e-01,7.4122157281036716e-02,-3.8878089023597345e-01,-1.3722586240450415e-02
4.7071552490884642e+02,1,1.0000000000000000e+00,-1.0619214593224623e+01,-6.0615766019531350e+00,-5.1060605288163829e-01,1.4712452537645748e-03,2.4140248684900706e-01,-2.5648565906031418e-03
4.7071552490884642e+02,2,1.0000000000000000e+00,2.6189047596547812e+01,1.2679928000709999e+01,1.0092880238878654e+00,-7.5593402559741951e-02,1.4737840392375395e-01,1.6287442840936403e-02

4.7549477149844984e+02,0,1.0000000000000000e+00,-1.4777325253118194e+01,-8.3329508801537333e+00,-5.6353779956816208e-01,2.4971243374148985e-01,-3.1095987777689338e-01,-1.3077073122061095e-02
4.7549477149844984e+02,1,1.0000000000000000e+00,-1.1039623071911118e+01,-5.0459561633630248e+00,-5.2315806690248867e-01,-1.6959805290247801e-01,1.6584934282544461e-01,-3.0265382417256521e-03
4.7549477149844984e+02,2,1.0000000000000000e+00,2.5816948340255088e+01,1.3378907196643551e+01,1.0866958691466835e+00,-8.0114381044924105e-02,1.4511053542258071e-01,1.6103611373217249e-02

4.8023584488129688e+02,0,1.0000000000000000e+00,-1.3317751809600907e+01,-9.4468332665578387e+00,-6.2035106596485712e-01,3.4967525055843723e-01,-1.4902120880156083e-01,-1.0645597220605912e-02
4.8023584488129688e+02,1,1.0000000000000000e+00,-1.2108852307182934e+01,-4.6145314988441317e+00,-5.4223637859807805e-01,-2.6513862196389043e-01,6.2557444241007620e-03,-5.2634564502905701e-03
4.8023584488129688e+02,2,1.0000000000000000e+00,2.5426604130916260e+01,1.4061364920321212e+01,1.1625874472763464e+00,-8.4536628812106829e-02,1.4276546466111797e-01,1.5909053677061386e-02

4.8488063474134816e+02,0,1.0000000000000000e+00,-1.1668195413154955e+01,-9.7067303742120412e+00,-6.6225849915342161e-01,3.4242359214842560e-01,3.6130292868316566e-02,-7.3342215492443030e-03
4.8488063474134816e+02,1,1.0000000000000000e+00,-1.3355865778070921e+01,-5.0122225793802118e+00,-5.7375986014809421e-01,-2.5364476881767067e-01,-1.7649677626419105e-01,-8.3735109258758281e-03
4.8488063474134816e+02,2,1.0000000000000000e+00,2.5024061204689517e+01,1.4718953109568911e+01,1.2360183620376162e+00,-8.8778823385396805e-02,1.4036648359990542e-01,1.5707732479234505e-02

4.8952455089306557e+02,0,1.0000000000000000e+00,-1.0294053359714518e+01,-9.1683979037006953e+00,-6.8875035890161618e-01,2.3490002063101634e-01,1.8487962964242344e-01,-4.1957566303863873e-03
4.8952455089306557e+02,1,1.0000000000000000e+00,-1.4308043107041053e+01,-6.1965936061777906e+00,-6.1972292036313714e-01,-1.4196225474458674e-01,-3.2271991636691566e-01,-1.1298477436413535e-02
4.8952455089306557e+02,2,1.0000000000000000e+00,2.4602096480341025e+01,1.5364991667010669e+01,1.3084732820221587e+00,-9.2937765802290073e-02,1.3784028704514406e-01,1.5494234072430609e-02

4.9433465897048580e+02,0,1.0000000000000000e+00,-9.5749649397763257e+00,-8.0821710119754471e+00,-7.0345024999164196e-01,5.7801423439497568e-02,2.4846921038181674e-01,-2.2021472811536782e-03
4.9433465897048580e+02,1,1.0000000000000000e+00,-1.4569844418597258e+01,-7.9392539157859456e+00,-6.7898938057338554e-01,3.9390254145875825e-02,-3.8354310387572527e-01,-1.3055375781845504e-02
4.9433465897048580e+02,2,1.0000000000000000e+00,2.4144809372316811e+01,1.6021425086889998e+01,1.3824396333577440e+00,-9.7191677557420392e-02,1.3507389399200098e-01,1.5257523071993271e-02

4.9909947357221239e+02,0,1.0000000000000000e+00,-9.7374434028984851e+00,-6.9714369150848832e+00,-7.1298399459554540e-01,-1.2085074092469768e-01,1.9947375859746697e-01,-2.1371936349864392e-03
4.9909947357221239e+02,1,1.0000000000000000e+00,-1.3934294544519165e+01,-9.6867897089596458e+00,-7.4156392779042990e-01,2.2222147022667654e-01,-3.3167394677865014e-01,-1.2869760282371207e-02
4.9909947357221239e+02,2,1.0000000000000000e+00,2.3671737961053715e+01,1.6658226785669296e+01,1.4545479252254219e+00,-1.0137072946261154e-01,1.3220018869361791e-01,1.5006953927328365e-02

5.0389511459493167e+02,0,1.0000000000000000e+00,-1.0636353241648109e+01,-6.3298461890883253e+00,-7.2696797665354884e-01,-2.3924437987432251e-01,5.5854158499225287e-02,-3.9726906495427365e-03
5.0389511459493167e+02,1,1.0000000000000000e+00,-1.2539264057039697e+01,-1.0955223486101215e+01,-7.9891580796712736e-01,3.4476576009979459e-01,-1.8506126404550430e-01,-1.0768738102473037e-02
5.0389511459493167e+02,2,1.0000000000000000e+00,2.3175617311254577e+01,1.7285069838910683e+01,1.5258837875026154e+00,-1.0552138047729070e-01,1.2920710589077258e-01,1.4741428759324868e-02

5.0854985216435284e+02,0,1.0000000000000000e+00,-1.1827768248868153e+01,-6.4868160264319421e+00,-7.5206068993732211e-01,-2.5472148284821461e-01,-1.2502586454870979e-01,-6.9201211146547644e-03
5.0854985216435284e+02,1,1.0000000000000000e+00,-1.0847470669204085e+01,-1.1392754307943729e+01,-8.4182130693259016e-01,3.6418004404635018e-01,-1.1911166329294787e-03,-7.5536959084764590e-03
5.0854985216435284e+02,2,1.0000000000000000e+00,2.2675238929662122e+01,1.7879570499315729e+01,1.5938819997781981e+00,-1.0945856133804897e-01,1.2621698138341797e-01,1.4473817027436846e-02

5.1321874945724335e+02,0,1.0000000000000000e+00,-1.2846902505381678e+01,-7.4653589566858685e+00,-7.9171111924990090e-01,-1.6583225654041028e-01,-2.8562479493405102e-01,-9.9899235841596212e-03
5.1321874945724335e+02,1,1.0000000000000000e+00,-9.3082757229446074e+00,-1.0996307076962079e+01,-8.6910182231010902e-01,2.7913325078419138e-01,1.6251148726147524e-01,-4.2053245338324469e-03
5.1321874945724335e+02,2,1.0000000000000000e+00,2.2155178239694706e+01,1.8461666199556394e+01,1.6608129444871662e+00,-1.1330099420748896e-01,1.2311330792031949e-01,1.4195248122428075e-02

5.1799993731946688e+02,0,1.0000000000000000e+00,-1.3256767453885134e+01,-9.0768836378217390e+00,-8.4518866328236120e-01,3.3492420305371584e-03,-3.7157382050421661e-01,-1.2127190367115017e-02
5.1799993731946688e+02,1,1.0000000000000000e+00,-8.3474780626758189e+00,-9.9655413840701783e+00,-8.8278550006040168e-01,1.1379588768567489e-01,2.5177693855545102e-01,-1.7688424592949750e-03
5.1799993731946688e+02,2,1.0000000000000000e+00,2.1604245528258289e+01,1.9042425189412672e+01,1.7279741662982122e+00,-1.1714512965244331e-01,1.1979688238111841e-01,1.3896032834059912e-02

5.2269231558448632e+02,0,1.0000000000000000e+00,-1.2798445016816951e+01,-1.0808434877021577e+01,-9.0360691522421921e-01,1.8988406869140470e-01,-3.4793899563355030e-01,-1.2439818901785653e-02
5.2269231558448632e+02,1,1.0000000000000000e+00,-8.2473783356407324e+00,-8.7882073558814398e+00,-8.8885187749424799e-01,-6.9024869705104047e-02,2.3153726466411323e-01,-1.1462899699604939e-03
5.2269231558448632e+02,2,1.0000000000000000e+00,2.1045823364123091e+01,1.9596642402748266e+01,1.7924587957164355e+00,-1.2085919908348911e-01,1.1640173149620493e-01,1.3586108881724001e-02

5.2756853175492461e+02,0,1.0000000000000000e+00,-1.1483379024811565e+01,-1.2223503388339267e+01,-9.6080826241059725e-01,3.3604004724019132e-01,-2.1734446293398718e-01,-1.0695297266756160e-02
5.2756853175492461e+02,1,1.0000000000000000e+00,-8.9638097331873912e+00,-7.9318913912863405e+00,-8.9708207361947045e-01,-2.1137850620301324e-01,1.0458801070909490e-01,-2.5533749489144702e-03
5.2756853175492461e+02,2,1.0000000000000000e+00,2.0447188768744660e+01,2.0155394951827880e+01,1.8578903390745560e+00,-1.2466154129348325e-01,1.1275645263265323e-01,1.3248672224093322e-02

5.3225227062300155e+02,0,1.0000000000000000e+00,-9.7629573515698471e+00,-1.2823446588039261e+01,-1.0039570572554508e+00,3.8044795497332906e-01,-3.4606737181812591e-02,-7.5703529711136502e-03
5.3225227062300155e+02,1,1.0000000000000000e+00,-1.0091957415365993e+01,-7.8517089519650289e+00,-9.1520652224422494e-01,-2.5222052507075199e-01,-7.4567397207038560e-02,-5.3438361993491893e-03
5.3225227062300155e+02,2,1.0000000000000000e+00,1.9854914776500198e+01,2.0675155713664715e+01,1.9191635825752724e+00,-1.2822743011460661e-01,1.0917413461348016e-01,1.2914189175357483e-02

5.3688073579069817e+02,0,1.0000000000000000e+00,-8.1089450391542197e+00,-1.2567452174865558e+01,-1.0308938139649857e+00,3.1740497320154654e-01,1.3878620102703698e-01,-4.1012393296791681e-03
5.3688073579069817e+02,1,1.0000000000000000e+00,-1.1144538986493906e+01,-8.6046714322699671e+00,-9.4726238575580890e-01,-1.8576939137604903e-01,-2.4434114320593464e-01,-8.4743603319256816e-03
5.3688073579069817e+02,2,1.0000000000000000e+00,1.9253484034635814e+01,2.1172123781682895e+01,1.9781562028146187e+00,-1.3163558185673149e-01,1.0555494237324398e-01,1.2575599665215161e-02

5.4157577086130402e+02,0,1.0000000000000000e+00,-6.9440611085615984e+00,-1.1623000374617789e+01,-1.0431432672346368e+00,1.6815456500604620e-01,2.4850165443082028e-01,-1.3273464618255588e-03
5.4157577086130402e+02,1,1.0000000000000000e+00,-1.1683510267403193e+01,-1.0035879664605977e+01,-9.9322917363415375e-01,-3.3180934682507268e-02,-3.5027475755053517e-01,-1.0893898692970290e-02
5.4157577086130402e+02,2,1.0000000000000000e+00,1.8627571385117058e+01,2.1658880215000956e+01,2.0363724439841140e+00,-1.3497363025297160e-01,1.0177310346920748e-01,1.2221245160834967e-02

5.4616565494958502e+02,0,1.0000000000000000e+00,-6.5826184094918752e+00,-1.0423440469448639e+01,-1.0459064157968250e+00,-1.1217317545433148e-02,2.5662172458382920e-01,-1.7959329215468632e-04
5.4616565494958502e+02,1,1.0000000000000000e+00,-1.1418129436627080e+01,-1.1693830432762947e+01,-1.0457373398853713e+00,1.4936392885864064e-01,-3.5456616721557227e-01,-1.1680466187877020e-02
5.4616565494958502e+02,2,1.0000000000000000e+00,1.8000747855437627e+01,2.2117271079985603e+01,2.0916437588330807e+00,-1.3814661134121009e-01,9.7944443133228878e-02,1.1860059489258879e-02

5.5113112110166742e+02,0,1.0000000000000000e+00,-7.0696653689416209e+00,-9.3623799155724505e+00,-1.0480454650786548e+00,-1.7382318737237804e-01,1.5344661057530221e-01,-1.0368636913613109e-03
5.5113112110166742e+02,1,1.0000000000000000e+00,-1.0236753976860486e+01,-1.3230661811739548e+01,-1.1014826254709096e+00,3.1532685945096595e-01,-2.4711375718826453e-01,-1.0415090020451490e-02
5.5113112110166742e+02,2,1.0000000000000000e+00,1.7306419354479395e+01,2.2593041907583530e+01,2.1495280937484051e+00,-1.4150367230224167e-01,9.3667147076832963e-02,1.1451953721122414e-02

5.5599105148192837e+02,0,1.0000000000000000e+00,-8.1264958860701206e+00,-9.0251398191846661e+00,-1.0588079045822667e+00,-2.4276967281959955e-01,-2.1940838446731115e-02,-3.6078907460093939e-03
5.5599105148192837e+02,1,1.0000000000000000e+00,-8.4844111724228242e+00,-1.4012743921686383e+01,-1.1453778928178615e+00,3.8747172951943482e-01,-6.7444920918759643e-02,-7.4317730075525550e-03
5.5599105148192837e+02,2,1.0000000000000000e+00,1.6610907065893922e+01,2.3037883922945383e+01,2.2041858006365658e+00,-1.4470205696265306e-01,8.9385759636366163e-02,1.1039663759432225e-02

5.6077800814608202e+02,0,1.0000000000000000e+00,-9.2258506442092720e+00,-9.5742711004290584e+00,-1.0837679302242162e+00,-1.9796190723586515e-01,-2.0313219277323458e-01,-6.8347604841174723e-03
5.6077800814608202e+02,1,1.0000000000000000e+00,-6.6850713616128514e+00,-1.3881271740981955e+01,-1.1722768560966979e+00,3.4569167391685651e-01,1.1803050696319684e-01,-3.7912697702219954e-03
5.6077800814608202e+02,2,1.0000000000000000e+00,1.5910922012293431e+01,2.3455543024453860e+01,2.2560447895779578e+00,-1.4772976678557420e-01,8.5101685976338382e-02,1.0626030257595074e-02

5.6553975938638109e+02,0,1.0000000000000000e+00,-9.8642507944748949e+00,-1.0869940586242851e+01,-1.1231577381501894e+00,-5.7425509061976687e-02,-3.2711106163740583e-01,-9.5269871413279066e-03
5.6553975938638109e+02,1,1.0000000000000000e+00,-5.3363352090860872e+00,-1.2980530320391136e+01,-1.1824908329744483e+00,2.0802236885411440e-01,2.4635474686852626e-01,-6.7952871806399411e-04
5.6553975938638109e+02,2,1.0000000000000000e+00,1.5200586009956119e+01,2.3850471090650299e+01,2.3056485743987780e+00,-1.5059685974088938e-01,8.0756315042888993e-02,1.0206515863993558e-02

5.7015708666219916e+02,0,1.0000000000000000e+00,-9.7148991365552497e+00,-1.2476961074746752e+01,-1.1704844773731162e+00,1.2478022376887171e-01,-3.5125775870493847e-01,-1.0673847834603076e-02
5.7015708666219916e+02,1,1.0000000000000000e+00,-4.7841636384799431e+00,-1.1736443579603755e+01,-1.1813283919670792e+00,2.8469898634213620e-02,2.7483006721958680e-01,8.8675462675479912e-04
5.7015708666219916e+02,2,1.0000000000000000e+00,1.4499062781666797e+01,2.4213404840067181e+01,2.3518128726437082e+00,-1.5325012238760061e-01,7.6427691940930687e-02,9.7870932159936554e-03

5.7518981794317642e+02,0,1.0000000000000000e+00,-8.6118908896450534e+00,-1.4060596411932119e+01,-1.2228112866627903e+00,3.0393025089976566e-01,-2.5889548079821789e-01,-9.7340507012527548e-03
5.7518981794317642e+02,1,1.0000000000000000e+00,-5.1088625511885999e+00,-1.0525275779658431e+01,-1.1770693479216265e+00,-1.4789829715911551e-01,1.8732832598115423e-01,4.2221077297531669e-04
5.7518981794317642e+02,2,1.0000000000000000e+00,1.3720753447059725e+01,2.4585872379791851e+01,2.3998806379345687e+00,-1.5603195392576630e-01,7.1567155305967731e-02,9.3118399378968684e-03

5.8004146421404675e+02,0,1.0000000000000000e+00,-6.8789499880459442e+00,-1.4916914934064295e+01,-1.2637869199693756e+00,3.9257429010048361e-01,-8.5014011783915794e-02,-6.9062276274561201e-03
5.8004146421404675e+02,1,1.0000000000000000e+00,-6.0784806291756874e+00,-1.0004580046596343e+01,-1.1801284711196309e+00,-2.3395794454031849e-01,1.8240309381441028e-02,-1.9325877442611184e-03
5.8004146421404675e+02,2,1.0000000000000000e+00,1.2957430622217828e+01,2.4921495170858918e+01,2.4439153944801468e+00,-1.5861634584704237e-01,6.6773702716335523e-02,8.8388153784551629e-03

5.8480757365005445e+02,0,1.0000000000000000e+00,-5.0238289069680055e+00,-1.4864138886240687e+01,-1.2880455370458539e+00,3.6684459467063057e-01,1.0434333186398753e-01,-3.2254755174443367e-03
5.8480757365005445e+02,1,1.0000000000000000e+00,-7.1717977463821665e+00,-1.0364260915684870e+01,-1.1968731997335591e+00,-2.0580859060707801e-01,-1.6634797125912631e-01,-5.1410969256339041e-03
5.8480757365005445e+02,2,1.0000000000000000e+00,1.2195626657186425e+01,2.5228399993190262e+01,2.4849187401935877e+00,-1.6103600423253445e-01,6.2004639553459806e-02,8.3665724463352353e-03

5.8946325972330578e+02,0,1.0000000000000000e+00,-3.5716873576637087e+00,-1.4027918440803312e+01,-1.2950912916064419e+00,2.4360727046912220e-01,2.4254066301782939e-01,5.0345105569009514e-05
5.8946325972330578e+02,1,1.0000000000000000e+00,-7.8689883636163795e+00,-1.1478213289082904e+01,-1.2276965624023237e+00,-8.0356024059437675e-02,-2.9983398456157029e-01,-7.9506601500735040e-03
5.8946325972330578e+02,2,1.0000000000000000e+00,1.1440675724775909e+01,2.5506131921915852e+01,2.5227878574366058e+00,-1.6325124639645888e-01,5.7293321750064796e-02,7.9003150478433211e-03

5.9449192881656518e+02,0,1.0000000000000000e+00,-2.8183271477287715e+00,-1.2642239766055432e+01,-1.2889178999692263e+00,5.1523332775899627e-02,2.8802438562514548e-01,2.0667149463919308e-03
5.9449192881656518e+02,1,1.0000000000000000e+00,-7.7957618511737694e+00,-1.3139015771992259e+01,-1.2723117711074516e+00,1.1394628369707041e-01,-3.4013250884550289e-01,-9.4530162551668996e-03
5.9449192881656518e+02,2,1.0000000000000000e+00,1.0614089002630424e+01,2.5781255731605896e+01,2.5612296745298702e+00,-1.6546961643641686e-01,5.2108123626678549e-02,7.3863013158057787e-03

5.9948113719908167e+02,0,1.0000000000000000e+00,-3.0274416819989121e+00,-1.1347714740955254e+01,-1.2781527874063299e+00,-1.2701106692306349e-01,2.1195368392839259e-01,1.8714813227296550e-03
5.9948113719908167e+02,1,1.0000000000000000e+00,-6.7559209886637186e+00,-1.4680407345519615e+01,-1.3186212733357505e+00,2.9452826016397415e-01,-2.5878278537740285e-01,-8.7305520811283861e-03
5.9948113719908167e+02,2,1.0000000000000000e+00,9.7833626741674156e+00,2.6028122282368045e+01,2.5967740642380828e+00,-1.6751719338568172e-01,4.6829101940292731e-02,6.8590707678851566e-03

6.0440607367213659e+02,0,1.0000000000000000e+00,-3.9347306362836303e+00,-1.0683069592284184e+01,-1.2736311625627597e+00,-2.2397022929604632e-01,4.7710756713565970e-02,-3.0812603261006367e-04
6.0440607367213659e+02,1,1.0000000000000000e+00,-5.0188968431490428e+00,-1.5562600192207894e+01,-1.3556066261490294e+00,3.9338608368364897e-01,-8.9211660795917386e-02,-6.0139995472041543e-03
6.0440607367213659e+02,2,1.0000000000000000e+00,8.9536274817966586e+00,2.6245669982524674e+01,2.6292377922511179e+00,-1.6941585467760845e-01,4.1500904429846878e-02,6.3221255872112549e-03

6.0923990645621075e+02,0,1.0000000000000000e+00,-5.0218622770493617e+00,-1.0907899184709365e+01,-1.2826495914557565e+00,-2.0638368686932537e-01,-1.3904518925094422e-01,-3.4974685951648724e-03
6.0923990645621075e+02,1,1.0000000000000000e+00,-3.1085807340297440e+00,-1.5525603560641002e+01,-1.3758555844068145e+00,3.7753725054337328e-01,1.0283651662472260e-01,-2.2890498850523678e-03
6.0923990645621075e+02,2,1.0000000000000000e+00,8.1304430121324067e+00,2.6433502944575096e+01,2.6585051794278129e+00,-1.7115356388931305e-01,3.6208672787812410e-02,5.7865184836675982e-03

6.1383777648319460e+02,0,1.0000000000000000e+00,-5.7368238199292438e+00,-1.1890000043084363e+01,-1.3055955723145467e+00,-9.0912319938368763e-02,-2.7702863993879157e-01,-6.3609074875047768e-03
6.1383777648319460e+02,1,1.0000000000000000e+00,-1.6031576179555849e+00,-1.4698355500009203e+01,-1.3783386021298312e+00,2.6356989216541304e-01,2.4588400179143610e-01,1.0866276569542217e-03
6.1383777648319460e+02,2,1.0000000000000000e+00,7.3399814383792332e+00,2.6588355742968204e+01,2.6839341780215746e+00,-1.7265757225425069e-01,3.1144638305304242e-02,5.2742798330040960e-03

6.1847203722534732e+02,0,1.0000000000000000e+00,-5.7640188509787826e+00,-1.3334390377022331e+01,-1.3395720464182870e+00,8.4609333492219330e-02,-3.2919965989800504e-01,-8.0281398893143029e-03
6.1847203722534732e+02,1,1.0000000000000000e+00,-7.7264019752071356e-01,-1.3386384789503662e+01,-1.3675998196624417e+00,8.9392218419099057e-02,3.0320768221450289e-01,3.2751250772494137e-03
6.1847203722534732e+02,2,1.0000000000000000e+00,6.5366590491350536e+00,2.6720775367494380e+01,2.7071718696749270e+00,-1.7400155185665295e-01,2.5991978013770289e-02,4.7530148174271761e-03

6.2370073421821485e+02,0,1.0000000000000000e+00,-4.7888292443187606e+00,-1.4935079964329145e+01,-1.3816738803419513e+00,2.8123962200036084e-01,-2.6120433038671981e-01,-7.6475614119628603e-03
6.2370073421821485e+02,1,1.0000000000000000e+00,-8.3450224586843724e-01,-1.1906177647895090e+01,-1.3487835916704125e+00,-1.0592212289045794e-01,2.4113350891913782e-01,3.4968620551999469e-03
6.2370073421821485e+02,2,1.0000000000000000e+00,5.6233314908063505e+00,2.6841257815401690e+01,2.7304574756454301e+00,-1.7531749920509257e-01,2.0070821948779766e-02,4.1506993657976481e-03

6.2835304778337752e+02,0,1.0000000000000000e+00,-3.1941944419099944e+00,-1.5819638451601302e+01,-1.4124148653016062e+00,3.8932204811179660e-01,-1.0831738787445283e-01,-5.2927811656667753e-03
6.2835304778337752e+02,1,1.0000000000000000e+00,-1.6110804244945820e+00,-1.1102521340924582e+01,-1.3360746288196246e+00,-2.1298347015253993e-01,9.3624080857297731e-02,1.6939100398691981e-03
6.2835304778337752e+02,2,1.0000000000000000e+00,4.8052748661309783e+00,2.6922159997825190e+01,2.7484894977963616e+00,-1.7633857823217561e-01,1.4693307412763590e-02,3.5988711340804586e-03

6.3290755844611476e+02,0,1.0000000000000000e+00,-1.3662533751781301e+00,-1.5896397398706982e+01,-1.4288758514365791e+00,3.9570630886849267e-01,7.5148200364206053e-02,-1.8260725740742233e-03
6.3290755844611476e+02,1,1.0000000000000000e+00,-2.6338397960533451e+00,-1.1080562962239496e+01,-1.3347547968403166e+00,-2.1848998798475883e-01,-8.4512927915941616e-02,-1.2230233009029941e-03
6.3290755844611476e+02,2,1.0000000000000000e+00,4.0000931696293049e+00,2.6976960567598482e+01,2.7636306519814440e+00,-1.7721632115728553e-01,9.3647277502986181e-03,3.0490958794202037e-03

6.3739038678440556e+02,0,1.0000000000000000e+00,2.3488032824385763e-01,-1.5192821962303752e+01,-1.4290287032760600e+00,3.0413444164711145e-01,2.2988953740298618e-01,1.6832691288244700e-03
6.3739038678440556e+02,1,1.0000000000000000e+00,-3.4388517155213680e+00,-1.1814324662933780e+01,-1.3470528900402172e+00,-1.2618825233830777e-01,-2.3399160741078306e-01,-4.1891708027782647e-03
6.3739038678440556e+02,2,1.0000000000000000e+00,3.2039713847940829e+00,2.7007146832515488e+01,2.7760815970337411e+00,-1.7794618941297960e-01,4.1020701211024746e-03,2.5059016758221505e-03

6.4184102885483924e+02,0,1.0000000000000000e+00,1.2546791590871507e+00,-1.3956467994203109e+01,-1.4153155215554214e+00,1.4682912257490149e-01,3.1082508657247998e-01,4.2573201120931214e-03
6.4184102885483924e+02,1,1.0000000000000000e+00,-3.6653594722968004e+00,-1.3057297444570157e+01,-1.3707189624169076e+00,3.1679394066448985e-02,-3.0969446652985988e-01,-6.2236888257595872e-03
6.4184102885483924e+02,2,1.0000000000000000e+00,2.4106803106396351e+00,2.7013765646744265e+01,2.7860344876997156e+00,-1.7850851659727304e-01,-1.1306198166144976e-03,1.9663687169136877e-03

6.4785773965354554e+02,0,1.0000000000000000e+00,1.4286724573293368e+00,-1.2126211094150669e+01,-1.3853726629196688e+00,-8.3064372119261154e-02,2.6828161254198996e-01,5.1428558288797209e-03
6.4785773965354554e+02,1,1.0000000000000000e+00,-2.7637245454357773e+00,-1.4859331545045743e+01,-1.4102794199657789e+00,2.6204881557046700e-01,-2.6001150482646612e-01,-6.3704934156640558e-03
6.4785773965354554e+02,2,1.0000000000000000e+00,1.3350520857131665e+00,2.6985542849270836e+01,2.7956520866473422e+00,-1.7898444349420295e-01,-8.2701072650232521e-03,1.2276375948924957e-03

6.5279954545393605e+02,0,1.0000000000000000e+00,6.7693885869697279e-01,-1.1133551382515549e+01,-1.3632604566603472e+00,-2.0541114731571258e-01,1.2063925719567900e-01,3.4869342866252410e-03
6.5279954545393605e+02,1,1.0000000000000000e+00,-1.1269980452853203e+00,-1.5796419198796219e+01,-1.4369254276274332e+00,3.8456210230076121e-01,-1.0640260146276573e-01,-4.0915569837164864e-03
6.5279954545393605e+02,2,1.0000000000000000e+00,4.5005918346576612e-01,2.6929970793635000e+01,2.8001858880931234e+00,-1.7915095523125238e-01,-1.4236655316150010e-02,6.0462270569827117e-04

6.5695169056347174e+02,0,1.0000000000000000e+00,-2.4203404943806095e-01,-1.0962590179024055e+01,-1.3538203131829327e+00,-2.2286883079246722e-01,-3.9853524532079715e-02,9.4721604038664733e-04
6.5695169056347174e+02,1,1.0000000000000000e+00,5.3589315516381986e-01,-1.5897747965985277e+01,-1.4477711287595578e+00,4.0202871734665779e-01,5.9163265902725554e-02,-1.0186608159391476e-03
6.5695169056347174e+02,2,1.0000000000000000e+00,-2.9385911004188803e-01,2.6860338358721911e+01,2.8015914457778788e+00,-1.7915988685368769e-01,-1.9309741127685576e-02,7.1444781063323220e-05

6.6112708734510079e+02,0,1.0000000000000000e+00,-1.0595544918812785e+00,-1.1450467351730971e+01,-1.3558166397623661e+00,-1.5535712007847463e-01,-1.8787899540653952e-01,-1.8783029257635072e-03
6.6112708734510079e+02,1,1.0000000000000000e+00,2.1012956707144177e+00,-1.5318562192641560e+01,-1.4449485584730974e+00,3.3440959088839911e-01,2.1230487216381944e-01,2.3453759075742022e-03
6.6112708734510079e+02,2,1.0000000000000000e+00,-1.0417411842033024e+00,2.6769029758766656e+01,2.8007652020861831e+00,-1.7905247099180990e-01,-2.4425876652995754e-02,-4.6707297971132218e-04

6.6517355857473592e+02,0,1.0000000000000000e+00,-1.4423888629709014e+00,-1.2418755364310176e+01,-1.3681866869895307e+00,-2.5764032989098573e-02,-2.7961852913998803e-01,-4.0885425657863428e-03
6.6517355857473592e+02,1,1.0000000000000000e+00,3.2082364523918780e+00,-1.4241427278355566e+01,-1.4296361389000971e+00,2.0458355970940134e-01,3.0898780340722004e-01,5.0752976065982303e-03
6.6517355857473592e+02,2,1.0000000000000000e+00,-1.7658475951704822e+00,2.6660182857474933e+01,2.7978228297465710e+00,-1.7881952673056101e-01,-2.9369274136944068e-02,-9.8675503923459232e-04

6.7063722596611012e+02,0,1.0000000000000000e+00,-9.9886898057557527e-01,-1.4021480743839472e+01,-1.3946577683221952e+00,1.8887115879962460e-01,-2.8215396728139236e-01,-5.1641014913994844e-03
6.7063722596611012e+02,1,1.0000000000000000e+00,3.7403402620805917e+00,-1.2460048553403507e+01,-1.3958615469980695e+00,-1.0608620547155695e-02,3.1818269928723714e-01,6.8513770593738865e-03
6.7063722596611012e+02,2,1.0000000000000000e+00,-2.7414712870248028e+00,2.6481529513333211e+01,2.7905193191952038e+00,-1.7826253820932655e-01,-3.6028731654409285e-02,-1.6872755624026056e-03

6.7558442480204803e+02,0,1.0000000000000000e+00,3.5565148254656975e-01,-1.5165252994634471e+01,-1.4176648660763882e+00,3.4658372369072465e-01,-1.6354725240770845e-01,-3.7650609096845228e-03
6.7558442480204803e+02,1,1.0000000000000000e+00,3.2659363902085774e+00,-1.1123053869568260e+01,-1.3629229060738277e+00,-1.6908179135736268e-01,2.0564275653616593e-01,6.0948754639924951e-03
6.7558442480204803e+02,2,1.0000000000000000e+00,-3.6215878784576434e+00,2.6288307082383071e+01,2.7805877760620632e+00,-1.7750193247253426e-01,-4.2095503673502455e-02,-2.3298145455687980e-03

6.8044046679431210e+02,0,1.0000000000000000e+00,2.2288727438709364e+00,-1.5522874362195605e+01,-1.4287196073667701e+00,4.0586119779288665e-01,2.2482558790675761e-02,-5.5749926188700984e-04
6.8044046679431210e+02,1,1.0000000000000000e+00,2.2524203013644479e+00,-1.0546422703652823e+01,-1.3389972638556571e+00,-2.2931846663687516e-01,2.5632609788757837e-02,3.5305101189470195e-03
6.8044046679431210e+02,2,1.0000000000000000e+00,-4.4812930520681338e+00,2.6069297285984526e+01,2.7677168751746564e+00,-1.7654273145497809e-01,-4.8115168262614610e-02,-2.9730108499991586e-03

6.8524153024802058e+02,0,1.0000000000000000e+00,4.0852723090896754e+00,-1.4957650830857290e+01,-1.4220328927141179e+00,3.4877664393916746e-01,2.0708687228871300e-01,3.3572038769308921e-03
6.8524153024802058e+02,1,1.0000000000000000e+00,1.2409847562680230e+00,-1.0866283987211098e+01,-1.3298697697386470e+00,-1.7335647744579347e-01,-1.5299109585385637e-01,2.5762883812258715e-04
6.8524153024802058e+02,2,1.0000000000000000e+00,-5.3262570735628021e+00,2.5823935039206525e+01,2.7519026664283399e+00,-1.7542016672609967e-01,-5.4095776320881417e-02,-3.6148327123880376e-03

6.8967597400692250e+02,0,1.0000000000000000e+00,5.3508963353372758e+00,-1.3759596406360782e+01,-1.3998270633854633e+00,2.1167501235360858e-01,3.2030653056009828e-01,6.4948538068150168e-03
6.8967597400692250e+02,1,1.0000000000000000e+00,7.5067180751676243e-01,-1.1812253934084190e+01,-1.3347371958880969e+00,-3.7444717433667341e-02,-2.6071682794965412e-01,-2.2908851529789371e-03
6.8967597400692250e+02,2,1.0000000000000000e+00,-6.1015681516727724e+00,2.5571850561954143e+01,2.7345642632555811e+00,-1.7423029496029116e-01,-5.9589702520890520e-02,-4.2039686529155140e-03

6.9457100179402698e+02,0,1.0000000000000000e+00,5.9197339831858429e+00,-1.2093080054706126e+01,-1.3626061706863513e+00,1.9016348545903977e-02,3.4074012752354427e-01,8.3727253863629704e-03
6.9457100179402698e+02,1,1.0000000000000000e+00,1.0310762398009565e+00,-1.3172359661026055e+01,-1.3498025697753193e+00,1.5369531941313561e-01,-2.7514688541162008e-01,-3.5252846200320674e-03
6.9457100179402698e+02,2,1.0000000000000000e+00,-6.9508102316511184e+00,2.5265439938066073e+01,2.7124087444533731e+00,-1.7271166789284417e-01,-6.5593241842437006e-02,-4.8474407626189911e-03

6.9943006335152450e+02,0,1.0000000000000000e+00,5.5842977861780829e+00,-1.0620563672284678e+01,-1.3217396301590627e+00,-1.4732633573808213e-01,2.4843457939250957e-01,8.0861280288994850e-03
6.9943006335152450e+02,1,1.0000000000000000e+00,2.2015645535774846e+00,-1.4311752667498489e+01,-1.3655656012585968e+00,3.1828086172728565e-01,-1.7691428763133699e-01,-2.6000970768491165e-03
6.9943006335152450e+02,2,1.0000000000000000e+00,-7.7858623483287479e+00,2.4932316563887436e+01,2.6873052354379467e+00,-1.7095452605116762e-01,-7.1520291328272659e-02,-5.4860309442766788e-03

7.0426412034001282e+02,0,1.0000000000000000e+00,4.6323318427845539e+00,-9.8081858317460338e+00,-1.2873231537051750e+00,-2.2896580204170636e-01,7.9396108729263379e-02,5.8920477218426213e-03
7.0426412034001282e+02,1,1.0000000000000000e+00,3.9752035936951402e+00,-1.4764117350889634e+01,-1.3719114631660356e+00,3.9792409133993456e-01,-1.9626051038068720e-03,2.3719577874251746e-04
7.0426412034001282e+02,2,1.0000000000000000e+00,-8.6075354458611493e+00,2.4572303408783863e+01,2.6592346209316973e+00,-1.6895828955893097e-01,-7.7433503253895100e-02,-6.1292434926036952e-03

7.0909100228202328e+02,0,1.0000000000000000e+00,3.5571086950531097e+00,-9.8773344015664826e+00,-1.2664583933487097e+00,-1.9731681940734172e-01,-1.0473876697899101e-01,2.6834564307962761e-03
7.0909100228202328e+02,1,1.0000000000000000e+00,5.8607249437037297e+00,-1.4306908690687255e+01,-1.3616259337230832e+00,3.6407102819097592e-01,1.8809631301628957e-01,4.0946959124740440e-03
7.0909100228202328e+02,2,1.0000000000000000e+00,-9.4178336495438835e+00,2.4184243319689703e+01,2.6280843311620647e+00,-1.6675420906295996e-01,-8.3357545879986339e-02,-6.7781523393008799e-03

7.1363218073713222e+02,0,1.0000000000000000e+00,2.9132491712706532e+00,-1.0666704430787824e+01,-1.2609626876556210e+00,-7.3750838525086571e-02,-2.3089414801526376e-01,-1.3657740653945979e-04
7.1363218073713222e+02,1,1.0000000000000000e+00,7.2568258059988260e+00,-1.3126392396744700e+01,-1.3349587348384344e+00,2.3826885872593850e-01,3.1979236465945060e-01,7.5220990288372234e-03
7.1363218073713222e+02,2,1.0000000000000000e+00,-1.0170074988969256e+01,2.3793097055372471e+01,2.5959214265938186e+00,-1.6451802030475057e-01,-8.8898216590186499e-02,-7.3855216215774440e-03

7.1822530345771759e+02,0,1.0000000000000000e+00,2.9695774327913984e+00,-1.1852652049066680e+01,-1.2659345768346073e+00,1.0222375263206668e-01,-2.6825454027438816e-01,-1.7531987576596105e-03
7.1822530345771759e+02,1,1.0000000000000000e+00,7.9506392096260150e+00,-1.1519414038650838e+01,-1.2946728771126057e+00,5.9864166444342060e-02,3.6267036801329550e-01,9.7426858124848789e-03
7.1822530345771759e+02,2,1.0000000000000000e+00,-1.0920216654160312e+01,2.3372066315992125e+01,2.5606074580507543e+00,-1.6208791901372777e-01,-9.4415827571123725e-02,-7.9894870531155952e-03

7.2318309852511356e+02,0,1.0000000000000000e+00,3.9427132713675164e+00,-1.3042057568041120e+01,-1.2747116440340593e+00,2.8271349878798002e-01,-1.9242625961915419e-01,-1.4004076022509568e-03
7.2318309852511356e+02,1,1.0000000000000000e+00,7.7741304852594606e+00,-9.8473731873806756e+00,-1.2446907638478806e+00,-1.2348242186280750e-01,2.9269266542131966e-01,1.0032321731249219e-02
7.2318309852511356e+02,2,1.0000000000000000e+00,-1.1716843768064313e+01,2.2889430985077091e+01,2.5194024120045597e+00,-1.5923107690896376e-01,-1.0026640542241155e-01,-8.6319141228654254e-03

7.2806194739180739e+02,0,1.0000000000000000e+00,5.6128176754032770e+00,-1.3602746909028351e+01,-1.2762844651462835e+00,3.8499379884225876e-01,-2.6613465995295849e-02,1.0617757573316128e-03
7.2806194739180739e+02,1,1.0000000000000000e+00,6.8734812828319134e+00,-8.7835896974372076e+00,-1.1994645910636190e+00,-2.2884534783936877e-01,1.3257645473622509e-01,8.2018793576663605e-03
7.2806194739180739e+02,2,1.0000000000000000e+00,-1.2486298970096328e+01,2.2386336838152356e+01,2.4757490603696706e+00,-1.5614845119905002e-01,-1.0596298833224671e-01,-9.2636551066985484e-03

7.3282553639487844e+02,0,1.0000000000000000e+00,7.4679170895883757e+00,-1.3271473774551398e+01,-1.2627296525267633e+00,3.7461585861651703e-01,1.6478441649163741e-01,4.7473790410718537e-03
7.3282553639487844e+02,1,1.0000000000000000e+00,5.7545419705159908e+00,-8.5968918580784734e+00,-1.1674135948052047e+00,-2.2172322227369279e-01,-5.3279517782044178e-02,5.1370584336710955e-03
7.3282553639487844e+02,2,1.0000000000000000e+00,-1.3222459073232944e+01,2.1868365865866451e+01,2.4301432515262746e+00,-1.5289263664149438e-01,-1.1150489848938111e-01,-9.8844374692383698e-03

7.3745539855393440e+02,0,1.0000000000000000e+00,8.9762436730923518e+00,-1.2137981122259230e+01,-1.2320922611494929e+00,2.6246564694333341e-01,3.1383541106865298e-01,8.3960948393352278e-03
7.3745539855393440e+02,1,1.0000000000000000e+00,4.9463909410386968e+00,-9.2017280758116371e+00,-1.1508930071074863e+00,-1.1292480612332989e-01,-1.9698338334651933e-01,2.0894338773177236e-03
7.3745539855393440e+02,2,1.0000000000000000e+00,-1.3922634628421221e+01,2.1339709431874610e+01,2.3829852724664971e+00,-1.4954084099080861e-01,-1.1685202767292197e-01,-1.0485528715371105e-02

7.4209534930257701e+02,0,1.0000000000000000e+00,9.8019345907276794e+00,-1.0496615318481053e+01,-1.1865485248031413e+00,8.7600397092685439e-02,3.7653073874503068e-01,1.0977083183642598e-02
7.4209534930257701e+02,1,1.0000000000000000e+00,4.8064649496666370e+00,-1.0288657328157846e+01,-1.1464089665501587e+00,5.8423692691813495e-02,-2.5442096338290326e-01,9.8689823663591220e-05
7.4209534930257701e+02,2,1.0000000000000000e+00,-1.4608399554981276e+01,2.0785272880674505e+01,2.3329574955650130e+00,-1.4602408975079337e-01,-1.2210977527157457e-01,-1.1075773006819778e-02

7.4666633156909847e+02,0,1.0000000000000000e+00,9.7893884905100599e+00,-8.8321695776266385e+00,-1.1338789754607257e+00,-8.8781746214706747e-02,3.3492947130440998e-01,1.1744418337965985e-02
7.4666633156909847e+02,1,1.0000000000000000e+00,5.4782436372553729e+00,-1.1383372868354247e+01,-1.1471521273314234e+00,2.3116774740413842e-01,-2.0778230951371934e-01,-1.0247666438002907e-04
7.4666633156909847e+02,2,1.0000000000000000e+00,-1.5267632142007367e+01,2.0215542680862541e+01,2.2810311070127671e+00,-1.4238600111025651e-01,-1.2714716150229735e-01,-1.1641941669715531e-02

7.5157686783485315e+02,0,1.0000000000000000e+00,8.9969095963768559e+00,-7.5016533806966663e+00,-1.0785209373800155e+00,-2.1914545358643578e-01,1.9371985071703898e-01,1.0465408515188374e-02
7.5157686783485315e+02,1,1.0000000000000000e+00,6.9598353713000529e+00,-1.2076546811180556e+01,-1.1438728872688217e+00,3.5738091006509587e-01,-6.1306772200851262e-02,1.7737677743116329e-03
7.5157686783485315e+02,2,1.0000000000000000e+00,-1.5956744981894204e+01,1.9578200428577833e+01,2.2223938288989524e+00,-1.3823545657407310e-01,-1.3241307809970618e-01,-1.2239176281819558e-02

7.5635741122323179e+02,0,1.0000000000000000e+00,7.8457215302350782e+00,-7.0100497963618800e+00,-1.0347433942525157e+00,-2.4362529316836018e-01,9.6240321676636376e-03,7.6729366835254671e-03
7.5635741122323179e+02,1,1.0000000000000000e+00,8.7616716507847254e+00,-1.1923092020903425e+01,-1.1277578892231834e+00,3.7755370973432251e-01,1.2781892926554186e-01,5.1444857592160276e-03
7.5635741122323179e+02,2,1.0000000000000000e+00,-1.6607393196175348e+01,1.8933142055771885e+01,2.1625012877630057e+00,-1.3392841684051565e-01,-1.3744296113102425e-01,-1.2817422435727772e-02

7.6108290831379622e+02,0,1.0000000000000000e+00,6.8542647026459065e+00,-7.3689068717629382e+00,-1.0061395177244257e+00,-1.5935377115086605e-01,-1.5286670868171939e-01,4.4607141448829747e-03
7.6108290831379622e+02,1,1.0000000000000000e+00,1.0375486648087131e+01,-1.0903136698129870e+01,-1.0944475627330637e+00,2.8879686726226739e-01,2.9521128945493180e-01,8.9250659931411971e-03
7.6108290831379622e+02,2,1.0000000000000000e+00,-1.7229751367199651e+01,1.8272043809306208e+01,2.1005870847684145e+00,-1.2944309634973303e-01,-1.4234458068576344e-01,-1.3385780135271953e-02

7.6581903661900355e+02,0,1.0000000000000000e+00,6.4649022588924652e+00,-8.3334269145700688e+00,-9.9135076769071873e-01,3.8050723813500276e-03,-2.3773383621708227e-01,2.0056970604018839e-03
7.6581903661900355e+02,1,1.0000000000000000e+00,1.1366920418725073e+01,-9.2530201056118422e+00,-1.0445124261103049e+00,1.2097375427044105e-01,3.8488326881636054e-01,1.1937590480203977e-02
7.6581903661900355e+02,2,1.0000000000000000e+00,-1.7831822694736907e+01,1.7586447259773493e+01,2.0358631981167830e+00,-1.2477882667851142e-01,-1.4714943256986845e-01,-1.3943287540634798e-02

7.7045591424340375e+02,0,1.0000000000000000e+00,6.9046877233166626e+00,-9.4252305693109548e+00,-9.8452369720209765e-01,1.8390921097750679e-01,-2.1521285263106676e-01,1.2609716421956661e-03
7.7045591424340375e+02,1,1.0000000000000000e+00,1.1494863495099521e+01,-7.4683139752914700e+00,-9.8545845310727753e-01,-6.3837053883790129e-02,3.6689708859750786e-01,1.3208344677791476e-02
7.7045591424340375e+02,2,1.0000000000000000e+00,-1.8399551235276643e+01,1.6893544784649656e+01,1.9699821546277843e+00,-1.2007215698794076e-01,-1.5168423577340132e-01,-1.4469316318074984e-02

7.7514520877277914e+02,0,1.0000000000000000e+00,8.1221284565828782e+00,-1.0181548437712738e+01,-9.7643476781321725e-01,3.2343459612101549e-01,-9.3258477138321250e-02,2.5179239890014953e-03
7.7514520877277914e+02,1,1.0000000000000000e+00,1.0828987735598421e+01,-5.9903479629995893e+00,-9.2448841910227408e-01,-2.0829623881030951e-01,2.4932613107307577e-01,1.2463858777954329e-02
7.7514520877277914e+02,2,1.0000000000000000e+00,-1.8951116208689019e+01,1.6171896642153172e+01,1.9009231912530304e+00,-1.1513835730344657e-01,-1.5606765355261865e-01,-1.4981782760753603e-02

7.7965116073996319e+02,0,1.0000000000000000e+00,9.7255936375019640e+00,-1.0222090547946314e+01,-9.5923636020321257e-01,3.7187283833576745e-01,8.0127141778204097e-02,5.3205894571552604e-03
7.7965116073996319e+02,1,1.0000000000000000e+00,9.7332540368724647e+00,-5.2374125486534275e+00,-8.7309438559071695e-01,-2.6168837070285089e-01,7.9981953199606798e-02,1.0141433546886283e-02
7.7965116073996319e+02,2,1.0000000000000000e+00,-1.9458847691316898e+01,1.5459503339830054e+01,1.8323307501645754e+00,-1.1018446783132740e-01,-1.6010909460495312e-01,-1.5462022996275129e-02

7.8474194705224136e+02,0,1.0000000000000000e+00,1.1502807870873557e+01,-9.3050325024103095e+00,-9.2201297737941135e-01,3.0554232136812859e-01,2.7320860111617129e-01,9.3394866174784999e-03
7.8474194705224136e+02,1,1.0000000000000000e+00,8.5021573374549675e+00,-5.3280913280919222e+00,-8.3024224069571884e-01,-2.0121921101287382e-01,-1.0868449917047729e-01,6.6557907372403313e-03
7.8474194705224136e+02,2,1.0000000000000000e+00,-2.0004965226589842e+01,1.4633124075113976e+01,1.7522552224786139e+00,-1.0432311062757234e-01,-1.6452410179317806e-01,-1.5995277350290438e-02

7.8949533787748271e+02,0,1.0000000000000000e+00,1.2611874975761994e+01,-7.7043690487089949e+00,-8.6939881390244200e-01,1.5001211194474118e-01,3.8467413849515369e-01,1.2614264602432514e-02
7.8949533787748271e+02,1,1.0000000000000000e+00,7.8755580580932261e+00,-6.1371719552179638e+00,-8.0566542115000694e-01,-5.1361175972633233e-02,-2.1616242415812364e-01,3.8658604717753588e-03
7.8949533787748271e+02,2,1.0000000000000000e+00,-2.0487433053067477e+01,1.3841541248841830e+01,1.6750642394665622e+00,-9.8650936071813008e-02,-1.6851171432852596e-01,-1.6480125073795801e-02

7.9412137327625601e+02,0,1.0000000000000000e+00,1.2878206815764532e+01,-5.8685000881872318e+00,-8.0641983029253239e-01,-3.5223108044334733e-02,3.9107589752419952e-01,1.4309191064356174e-02
7.9412137327625601e+02,1,1.0000000000000000e+00,8.0525829761091874e+00,-7.1848440544119878e+00,-7.9135427839353922e-01,1.2823465822121641e-01,-2.1885591290756085e-01,2.6219380502530368e-03
7.9412137327625601e+02,2,1.0000000000000000e+00,-2.0930789811053963e+01,1.3053344387678228e+01,1.5977741131002363e+00,-9.3011550082113509e-02,-1.7221998451703713e-01,-1.6931129114178108e-02

7.9867294137489660e+02,0,1.0000000000000000e+00,1.2344159859357729e+01,-4.2660168684243134e+00,-7.4108779593523577e-01,-1.9035588473012410e-01,2.9848486632371429e-01,1.4079965524124573e-02
7.9867294137489660e+02,1,1.0000000000000000e+00,8.9971610541316878e+00,-7.9955697052262824e+00,-7.7865947116902201e-01,2.7771593120374344e-01,-1.2283945177372035e-01,3.2706502151600841e-03
7.9867294137489660e+02,2,1.0000000000000000e+00,-2.1341320932150296e+01,1.2261586819656193e+01,1.5197472715281262e+00,-8.7360046380027645e-02,-1.7564541424276403e-01,-1.7350615735126709e-02

8.0320915730352738e+02,0,1.0000000000000000e+00,1.1264672623883364e+01,-3.2566294808273213e+00,-6.8107433528880490e-01,-2.7028703911940039e-01,1.3918976056915688e-01,1.2137014773669005e-02
8.0320915730352738e+02,1,1.0000000000000000e+00,1.0459895912046308e+01,-8.2009018735256003e+00,-7.5905966462612662e-01,3.5187069115958342e-01,3.9631172974276652e-02,5.6104801029725811e-03
8.0320915730352738e+02,2,1.0000000000000000e+00,-2.1724568554551290e+01,1.1457531602036683e+01,1.4401340043659885e+00,-8.1583652133492224e-02,-1.7882093314597636e-01,-1.7747494869293209e-02

8.0855089599969494e+02,0,1.0000000000000000e+00,9.8458413406322798e+00,-3.0695945055836091e+00,-6.2542318449394929e-01,-2.3763616661290896e-01,-6.5200702227404594e-02,8.5864668021025381e-03
8.0855089599969494e+02,1,1.0000000000000000e+00,1.2295825969977489e+01,-7.4233345194091029e+00,-7.1870573255505477e-01,3.1217181775606029e-01,2.4749344186429501e-01,9.6080212364518316e-03
8.0855089599969494e+02,2,1.0000000000000000e+00,-2.2141667330291067e+01,1.0492929274460552e+01,1.3441289215381371e+00,-7.4535651408997761e-02,-1.8229273940627677e-01,-1.8194488032662604e-02

8.1338943839498097e+02,0,1.0000000000000000e+00,8.9923656455406444e+00,-3.7315535079231612e+00,-5.9168402077787108e-01,-1.0161004834906880e-01,-1.9410989120481756e-01,5.4955412643345573e-03
8.1338943839498097e+02,1,1.0000000000000000e+00,1.3494041003669508e+01,-5.8721546473975694e+00,-6.6346627805246361e-01,1.6954256384370986e-01,3.7934415073840322e-01,1.3085849914177994e-02
8.1338943839498097e+02,2,1.0000000000000000e+00,-2.2486406670035976e+01,9.6037084053635873e+00,1.2551503033373572e+00,-6.7932515660152196e-02,-1.8523425950773767e-01,-1.8581391177029512e-02

8.1812869890083277e+02,0,1.0000000000000000e+00,8.9364323110271933e+00,-4.7554402485040299e+00,-5.7038551089077005e-01,8.0737175295899466e-02,-2.1916161449129351e-01,3.7865667504916149e-03
8.1812869890083277e+02,1,1.0000000000000000e+00,1.3856336411871778e+01,-3.9639352878716649e+00,-5.9584777014133883e-01,-1.9396035580231730e-02,4.0708667855740693e-01,1.5151279424317730e-02
8.1812869890083277e+02,2,1.0000000000000000e+00,-2.2792768743967638e+01,8.7193757864556094e+00,1.1662332855401683e+00,-6.1341139654923937e-02,-1.8792506403218462e-01,-1.8937846175064919e-02

8.2243397907423821e+02,0,1.0000000000000000e+00,9.6255080341582868e+00,-5.5720197873261501e+00,-5.5436510223891711e-01,2.3276665418450143e-01,-1.4598142111590748e-01,3.9437481579432283e-03
8.2243397907423821e+02,1,1.0000000000000000e+00,1.3418367499830445e+01,-2.3333926421543350e+00,-5.2968247247700062e-01,-1.7746358897227898e-01,3.3614206072151276e-01,1.5293314417016344e-02
8.2243397907423821e+02,2,1.0000000000000000e+00,-2.3043875554543916e+01,7.9054126800730593e+00,1.0840475792271782e+00,-5.5303065068516628e-02,-1.9016063938673922e-01,-1.9237062572679632e-02

8.2767458206091635e+02,0,1.0000000000000000e+00,1.1162124357456513e+01,-5.8969615073379531e+00,-5.2844877375149268e-01,3.3380827504766530e-01,3.3569777995182015e-02,6.2933213348694561e-03
8.2767458206091635e+02,1,1.0000000000000000e+00,1.2152169983432302e+01,-1.0054574061430133e+00,-4.5390086820190989e-01,-2.8592878006834832e-01,1.5898502716528851e-01,1.3275499834173927e-02
8.2767458206091635e+02,2,1.0000000000000000e+00,-2.3314294361027727e+01,6.9024191657703478e+00,9.8234964648898648e-01,-4.7879495002707828e-02,-1.9255480476868042e-01,-1.9568821162360882e-02

8.3243729734380872e+02,0,1.0000000000000000e+00,1.2743693275866995e+01,-5.2836917811275992e+00,-4.9056260829768372e-01,3.1139214251510400e-01,2.2199883020420935e-01,9.7289910779253894e-03
8.3243729734380872e+02,1,1.0000000000000000e+00,1.0782312841010004e+01,-6.9710228604515745e-01,-3.9792338175888714e-01,-2.7039482292004374e-01,-2.7584634370940553e-02,1.0114276787059394e-02
8.3243729734380872e+02,2,1.0000000000000000e+00,-2.3526006137650405e+01,5.9807943212048009e+00,8.8848599462624755e-01,-4.0997319819362610e-02,-1.9441419553371744e-01,-1.9843267858202528e-02

8.3715303250303668e+02,0,1.0000000000000000e+00,1.3953812857788758e+01,-3.8704924557482512e+00,-4.3631123500267593e-01,1.8752526515475210e-01,3.6520389585876600e-01,1.3185990465510942e-02
8.3715303250303668e+02,1,1.0000000000000000e+00,9.7491304962404985e+00,-1.1896689980926789e+00,-3.5800294573699298e-01,-1.5350782691879949e-01,-1.6920527177967881e-01,6.9063757418975627e-03
8.3715303250303668e+02,2,1.0000000000000000e+00,-2.3702943375942063e+01,5.0601617087621396e+00,7.9431418533306297e-01,-3.4017438450556506e-02,-1.9599862400067641e-01,-2.0092366204482463e-02

8.4187279595434609e+02,0,1.0000000000000000e+00,1.4418166476707409e+01,-1.9858924941016578e+00,-3.6790127188809363e-01,4.3280583471332346e-03,4.1523090240524302e-01,1.5535236797551788e-02
8.4187279595434609e+02,1,1.0000000000000000e+00,9.4285871671990424e+00,-2.1458927426674714e+00,-3.3104029164138915e-01,2.2581003540571798e-02,-2.1786580970634212e-01,4.7821569460318927e-03
8.4187279595434609e+02,2,1.0000000000000000e+00,-2.3846753666371697e+01,4.1317854917668297e+00,6.9894156812790309e-01,-2.6909061890741257e-02,-1.9736509270426647e-01,-2.0317393743818156e-02

8.4652207975726390e+02,0,1.0000000000000000e+00,1.4013316498577510e+01,-1.5135271774285175e-01,-2.9379665896365548e-01,-1.7257414058897680e-01,3.5681049720386093e-01,1.6007860330875531e-02
8.4652207975726390e+02,1,1.0000000000000000e+00,9.9421895683074517e+00,-3.0601260751693760e+00,-3.1022158872840244e-01,1.9244857680484878e-01,-1.5832480187045161e-01,4.5033666337121019e-03
8.4652207975726390e+02,2,1.0000000000000000e+00,-2.3955506088919289e+01,3.2114790481635636e+00,6.0401825229053030e-01,-1.9874436057505829e-02,-1.9848569518861359e-01,-2.0511226963567105e-02

8.5099017504655319e+02,0,1.0000000000000000e+00,1.2962485754283447e+01,1.1581369779301729e+00,-2.2472726554936603e-01,-2.8477263275788667e-01,2.1911435486047082e-01,1.4633853304996279e-02
8.5099017504655319e+02,1,1.0000000000000000e+00,1.1066748285119642e+01,-3.4808285696046362e+00,-2.8728148049288005e-01,2.9790274167461939e-01,-1.9808988427317376e-02,6.0353911875885968e-03
8.5099017504655319e+02,2,1.0000000000000000e+00,-2.4029234060786699e+01,2.3226918480424708e+00,5.1200875065376961e-01,-1.3130108821132414e-02,-1.9930536609013247e-01,-2.0669244487667077e-02

8.5591569722915062e+02,0,1.0000000000000000e+00,1.1464305451026618e+01,1.7676798959111002e+00,-1.5964879699526791e-01,-3.0363663192847901e-01,2.6756402840277554e-02,1.1604952222418079e-02
8.5591569722915062e+02,1,1.0000000000000000e+00,1.2611283374714494e+01,-3.1071436717527243e+00,-2.5018849666727094e-01,3.0932104292530183e-01,1.7311590586929340e-01,9.2070012218512954e-03
8.5591569722915062e+02,2,1.0000000000000000e+00,-2.4075588847197551e+01,1.3394640340749975e+00,4.0983729830569682e-01,-5.6844111272535414e-03,-1.9987230834152200e-01,-2.0811953437090407e-02

8.6079500265271770e+02,0,1.0000000000000000e+00,1.0171657056005827e+01,1.4717943034108465e+00,-1.1157536431698206e-01,-2.0915144356481169e-01,-1.3803632322511358e-01,8.1303659056522933e-03
8.6079500265271770e+02,1,1.0000000000000000e+00,1.3913519896387180e+01,-1.8353586673929938e+00,-1.9643216740603903e-01,2.0737920484063954e-01,3.3812582711897965e-01,1.2792105761877311e-02
8.6079500265271770e+02,2,1.0000000000000000e+00,-2.4085176974839250e+01,3.6356462357437569e-01,3.0800753639664563e-01,1.7722384903295354e-03,-2.0008950372676446e-01,-2.0922471662924488e-02

8.6533309525919026e+02,0,1.0000000000000000e+00,9.5667160869366263e+00,6.3726820302768383e-01,-8.0845773282539446e-02,-5.0000460412586163e-02,-2.1405668940374181e-01,5.6136074243759090e-03
8.6533309525919026e+02,1,1.0000000000000000e+00,1.4494500966321201e+01,-9.2864183519586141e-02,-1.3203206441672616e-01,4.1201306228170358e-02,4.1408270737160502e-01,1.5384474002926649e-02
8.6533309525919026e+02,2,1.0000000000000000e+00,-2.4061217076523338e+01,-5.4440375959551524e-01,2.1287784238443985e-01,8.7991540898495410e-03,-2.0002601796852526e-01,-2.0998081426647903e-02

8.7013283908067820e+02,0,1.0000000000000000e+00,9.7754827153328812e+00,-3.6446357076096270e-01,-5.7021990012509335e-02,1.3393990356660171e-01,-1.8402833836752747e-01,4.6578027986756906e-03
8.7013283908067820e+02,1,1.0000000000000000e+00,1.4225580402013097e+01,1.8683019456347698e+00,-5.4936716106744603e-02,-1.5020325553322814e-01,3.8374792402341645e-01,1.6390881062644864e-02
8.7013283908067820e+02,2,1.0000000000000000e+00,-2.4001063140493773e+01,-1.5038381149334725e+00,1.1195871080357879e-01,1.6263352098580781e-02,-1.9971958559915270e-01,-2.1048683861479716e-02

8.7441886420287960e+02,0,1.0000000000000000e+00,1.0634677119052185e+01,-9.3216933091389853e-01,-3.5649254861807436e-02,2.5647290806834278e-01,-6.9397134930909321e-02,5.5886630341822063e-03
8.7441886420287960e+02,1,1.0000000000000000e+00,1.3282479236352984e+01,3.2910416040791515e+00,1.3955343013829176e-02,-2.7935046587944923e-01,2.6862776660475990e-01,1.5479026071607631e-02
8.7441886420287960e+02,2,1.0000000000000000e+00,-2.3917156377815964e+01,-2.3588720125652789e+00,2.1693916537344871e-02,2.2877557986339656e-02,-1.9923063141581412e-01,-2.1067689102871091e-02

8.7941602319919230e+02,0,1.0000000000000000e+00,1.2075826044187302e+01,-8.1312592334994394e-01,-1.2692017387474219e-03,2.9996722120741764e-01,1.2196758932253146e-01,8.4127253492365869e-03
8.7941602319919230e+02,1,1.0000000000000000e+00,1.1707945838984429e+01,4.1655436848983207e+00,8.4844711442266574e-02,-3.3045794241101351e-01,7.6386208194339916e-02,1.2645607336807675e-02
8.7941602319919230e+02,2,1.0000000000000000e+00,-2.3783771905108182e+01,-3.3524174992184235e+00,-8.3575504988951790e-02,3.0490721189271285e-02,-1.9835379712267467e-01,-2.1058332679334921e-02

8.8431117427955405e+02,0,1.0000000000000000e+00,1.3403901877498104e+01,2.3985343047907737e-01,4.8552224272742917e-02,2.2408646876574057e-01,3.0069118365409642e-01,1.1962012237666447e-02
8.8431117427955405e+02,1,1.0000000000000000e+00,1.0212489031487475e+01,4.0806967737257036e+00,1.3801623392477030e-01,-2.6197976653021410e-01,-1.0355812646993429e-01,9.0536082366710381e-03
8.8431117427955405e+02,2,1.0000000000000000e+00,-2.3616390931521696e+01,-4.3205499401640228e+00,-1.8656845344972378e-01,3.7893297560467054e-02,-1.9713305691828054e-01,-2.1015620468344865e-02

8.8914449524059546e+02,0,1.0000000000000000e+00,1.4116619589747023e+01,1.9811461361837899e+00,1.1400527592267354e-01,6.0239288033097499e-02,4.0334151526144668e-01,1.4928574989697841e-02
8.8914449524059546e+02,1,1.0000000000000000e+00,9.2989382124494888e+00,3.2886032853904932e+00,1.7396893142741318e-01,-1.0545437864924997e-01,-2.0775377615497004e-01,6.0113102788835644e-03
8.8914449524059546e+02,2,1.0000000000000000e+00,-2.3415557825701736e+01,-5.2697491568058545e+00,-2.8797420258297779e-01,4.5215090464763602e-02,-1.9558773906115709e-01,-2.0939885266759991e-02

8.9398892064312042e+02,0,1.0000000000000000e+00,1.3935657366734166e+01,3.9615451009496168e+00,1.9037598467816200e-01,-1.3407401985400144e-01,3.9452264003482762e-01,1.6261558325278879e-02
8.9398892064312042e+02,1,1.0000000000000000e+00,9.2430526473391801e+00,2.2513802698715102e+00,1.9878881308482715e-01,8.1511650599733171e-02,-2.0076634031944041e-01,4.5692807673375652e-03
8.9398892064312042e+02,2,1.0000000000000000e+00,-2.3178710037770880e+01,-6.2129251060287105e+00,-3.8916479299455325e-01,5.2562369333984893e-02,-1.9375629970504624e-01,-2.0830839093165000e-02

8.9802819471676605e+02,0,1.0000000000000000e+00,1.3107251359067753e+01,5.3924291113434464e+00,2.5549261413935148e-01,-2.6825015414026537e-01,3.0271864102320983e-01,1.5727685465633103e-02
8.9802819471676605e+02,1,1.0000000000000000e+00,9.8468553441005398e+00,1.5997323648209520e+00,2.1758926457971797e-01,2.0961716033942795e-01,-1.1067215169258177e-01,4.9886489914933128e-03
8.9802819471676605e+02,2,1.0000000000000000e+00,-2.2954106726247296e+01,-6.9921612110543272e+00,-4.7308187395039059e-01,5.8632994001057148e-02,-1.9204648916450009e-01,-2.0716334455927361e-02

9.0299527135767482e+02,0,1.0000000000000000e+00,1.1532538735069252e+01,6.4659496942257864e+00,3.2810962925790904e-01,-3.4689843283559568e-01,1.2167433218925738e-01,1.3226006070961116e-02
9.0299527135767482e+02,1,1.0000000000000000e+00,1.1112091863153131e+01,1.4744275632093045e+00,2.4746695546911907e-01,2.8095236924252748e-01,6.8032299035944821e-02,7.3223676314661985e-03
9.0299527135767482e+02,2,1.0000000000000000e+00,-2.2644630620446755e+01,-7.9403769909304662e+00,-5.7557657994158196e-01,6.5946063693449186e-02,-1.8970663085152029e-01,-2.0548373696918091e-02

9.0789387377927596e+02,0,1.0000000000000000e+00,9.8821538106662175e+00,6.5889387908618939e+00,3.8431072055888604e-01,-3.0758942763192787e-01,-6.7125046600683080e-02,9.6345707338849965e-03
9.0789387377927596e+02,1,1.0000000000000000e+00,1.2422140577721475e+01,2.2744665720707413e+00,2.9145791337768912e-01,2.3460892668063993e-01,2.5421658019487203e-01,1.0718233783810571e-02
9.0789387377927596e+02,2,1.0000000000000000e+00,-2.2304294410685436e+01,-8.8634050945372529e+00,-6.7576862911887781e-01,7.2980500825160888e-02,-1.8709153324223393e-01,-2.0352804510869738e-02

9.1274430814958998e+02,0,1.0000000000000000e+00,8.6937662636229760e+00,5.9145155842537900e+00,4.2245807190491369e-01,-1.6921392450026845e-01,-1.9654604257716865e-01,6.2277847050278522e-03
9.1274430814958998e+02,1,1.0000000000000000e+00,1.3239896200711124e+01,3.8494023284480412e+00,3.5149532938917138e-01,8.9383149091079861e-02,3.8071053380150321e-01,1.3898608426475244e-02
9.1274430814958998e+02,2,1.0000000000000000e+00,-2.1933662487502922e+01,-9.7639176430946115e+00,-7.7395339644995043e-01,7.9830775220645717e-02,-1.8416449108957150e-01,-2.0126393127990555e-02

9.1758285974907574e+02,0,1.0000000000000000e+00,8.3201486525231942e+00,4.8565250732114915e+00,4.4689063425896158e-01,1.7289188185900542e-02,-2.2118618535199003e-01,4.1779062489287477e-03
9.1758285974907574e+02,1,1.0000000000000000e+00,1.3210840288773262e+01,5.7907775768737402e+00,4.2382885176999668e-01,-1.0389296796119916e-01,4.0211927303442468e-01,1.5687963986402924e-02
9.1758285974907574e+02,2,1.0000000000000000e+00,-2.1530988965003591e+01,-1.0647302380249672e+01,-8.7071948117804299e-01,8.6603779770817499e-02,-1.8093308768615543e-01,-1.9865870235624264e-02

9.2194579350515414e+02,0,1.0000000000000000e+00,8.7426744991242806e+00,4.0268715116439147e+00,4.6431898096728785e-01,1.6912719719026081e-01,-1.4462248462611627e-01,4.1133733452140726e-03
9.2194579350515414e+02,1,1.0000000000000000e+00,1.2397264598927094e+01,7.4030778817732141e+00,4.9251069868801567e-01,-2.6176703720831040e-01,3.2243156522240823e-01,1.5490405549880222e-02
9.2194579350515414e+02,2,1.0000000000000000e+00,-2.1139939121321397e+01,-1.1429949123458981e+01,-9.5682967480667558e-01,9.2639840205533466e-02,-1.7780908050214894e-01,-1.9603778895119963e-02

9.2713446696429162e+02,0,1.0000000000000000e+00,9.9149666645815095e+00,3.7126295668316747e+00,4.9022600024343244e-01,2.6262396892927731e-01,3.4222083455347996e-02,6.2163435063008754e-03
9.2713446696429162e+02,1,1.0000000000000000e+00,1.0726036140406698e+01,8.6298278724259170e+00,5.6745445125350313e-01,-3.6226007156747697e-01,1.3966228636348699e-01,1.3048962885517844e-02
9.2713446696429162e+02,2,1.0000000000000000e+00,-2.0641002827184892e+01,-1.2342457168163390e+01,-1.0576804466378680e+00,9.9636102810549979e-02,-1.7388436948005137e-01,-1.9265306387452372e-02

9.3185047586118935e+02,0,1.0000000000000000e+00,1.1129682710967451e+01,4.3119144262615610e+00,5.2679013386141871e-01,2.3405307941134984e-01,2.1726926725867651e-01,9.3953439922778888e-03
9.3185047586118935e+02,1,1.0000000000000000e+00,9.0269085313551365e+00,8.8417553551829187e+00,6.2097623304092708e-01,-3.3981085718597964e-01,-4.7167204168828636e-02,9.5399709736922432e-03
9.3185047586118935e+02,2,1.0000000000000000e+00,-2.0156591264181497e+01,-1.3153669508512378e+01,-1.1477663620149565e+00,1.0575777773376528e-01,-1.7010206269186062e-01,-1.8935314958990278e-02

9.3653009554686003e+02,0,1.0000000000000000e+00,1.1961471705822792e+01,5.6749518204575029e+00,5.7840931624275638e-01,1.0789184708674021e-01,3.5302342456103875e-01,1.2568391861654246e-02
9.3653009554686003e+02,1,1.0000000000000000e+00,7.6864211771333473e+00,8.2654625176302954e+00,6.5715423707568421e-01,-2.1951386079376228e-01,-1.8692818016607127e-01,6.0149339489257931e-03
9.3653009554686003e+02,2,1.0000000000000000e+00,-1.9647892905409098e+01,-1.3940414063627673e+01,-1.2355635484013707e+00,1.1162201352744633e-01,-1.6609524416681787e-01,-1.8583325805606617e-02

9.4104640157709423e+02,0,1.0000000000000000e+00,1.2063499412133329e+01,7.4058795722630624e+00,6.4027721676621352e-01,-6.7066997855813743e-02,3.9700924090813727e-01,1.4583521436573127e-02
9.4104640157709423e+02,1,1.0000000000000000e+00,7.0677750855383854e+00,7.2754439402927362e+00,6.7839454213180117e-01,-5.0070833894561045e-02,-2.3504201278238712e-01,3.6319113021315921e-03
9.4104640157709423e+02,2,1.0000000000000000e+00,-1.9131274520808692e+01,-1.4681323237534144e+01,-1.3186717539678685e+00,1.1713783166363542e-01,-1.6196722808772296e-01,-1.8215432737852245e-02

9.4555911620173799e+02,0,1.0000000000000000e+00,1.1360640134951145e+01,9.1066498615075862e+00,7.0743179729488681e-01,-2.3918061991249245e-01,3.4048512218107230e-01,1.4856779823719796e-02
9.4555911620173799e+02,1,1.0000000000000000e+00,7.2297949106156514e+00,6.2958479194605088e+00,6.9255802217067608e-01,1.1664155537492432e-01,-1.8286543603129046e-01,2.9629858668893151e-03
9.4555911620173799e+02,2,1.0000000000000000e+00,-1.8590435068609334e+01,-1.5402497505866819e+01,-1.3999898145369216e+00,1.2253906466725925e-01,-1.5761968611225785e-01,-1.7819765691412297e-02

9.5019139753138245e+02,0,1.0000000000000000e+00,9.9486084303819222e+00,1.0376148038547015e+01,7.7305851808988157e-01,-3.5644600535030257e-01,1.9633560058767233e-01,1.3166966944575836e-02
9.5019139753138245e+02,1,1.0000000000000000e+00,8.0616179128613741e+00,5.7458240915893377e+00,7.0849107218285157e-01,2.2850875792169156e-01,-4.3342868791957839e-02,4.2237995480589475e-03
9.5019139753138245e+02,2,1.0000000000000000e+00,-1.8010226365359870e+01,-1.6121971854446791e+01,-1.4815495853428207e+00,1.2793724766098497e-01,-1.5299273156059598e-01,-1.7390766490660001e-02

9.5467794538380065e+02,0,1.0000000000000000e+00,8.2660102490066318e+00,1.0861463973877910e+01,8.2561021391383704e-01,-3.7691289397239608e-01,1.8300267068608100e-02,1.0089074095663800e-02
9.5467794538380065e+02,1,1.0000000000000000e+00,9.1588704953011693e+00,5.9366402394828723e+00,7.3300335738489530e-01,2.4395582820223422e-01,1.3009178254456971e-01,6.8714604827374215e-03
9.5467794538380065e+02,2,1.0000000000000000e+00,-1.7424880765589688e+01,-1.6798103936182510e+01,-1.5586135663505714e+00,1.3295706587833234e-01,-1.4839204920892574e-01,-1.6960534572440247e-02

9.5950898149555303e+02,0,1.0000000000000000e+00,6.6113137957571038e+00,1.0516165133847799e+01,8.6498873116879504e-01,-2.9096604509616691e-01,-1.5230357385555451e-01,6.2202877148553552e-03
9.5950898149555303e+02,1,1.0000000000000000e+00,1.0158740567177990e+01,6.9865680851295089e+00,7.7441418655790228e-01,1.5287965201723458e-01,2.9559012981752519e-01,1.0262235260788014e-02
9.5950898149555303e+02,2,1.0000000000000000e+00,-1.6770054384242631e+01,-1.7502732939856326e+01,-1.6394029127458234e+00,1.3808639296971981e-01,-1.4328655560613351e-01,-1.6482522968939498e-02

9.6410792580567784e+02,0,1.0000000000000000e+00,5.6160238190486389e+00,9.5766698996925044e+00,8.8610346437123955e-01,-1.3341561926772913e-01,-2.4082317180053731e-01,3.1534299519132176e-03
9.6410792580567784e+02,1,1.0000000000000000e+00,1.0508236928648707e+01,8.5734838161939955e+00,8.2801808093833573e-01,-9.3063004105779779e-03,3.7905295630153418e-01,1.2853952912025225e-02
9.6410792580567784e+02,2,1.0000000000000000e+00,-1.6124260769695802e+01,-1.8150153435593175e+01,-1.7141215403050034e+00,1.4272191952750926e-01,-1.3822978435501460e-01,-1.6007382860798759e-02

9.6861734671789441e+02,0,1.0000000000000000e+00,5.4139572783939975e+00,8.4794103572437116e+00,8.9625143408236529e-01,4.2508419144054149e-02,-2.2874287043583688e-01,1.6499608466629314e-03
9.6861734671789441e+02,1,1.0000000000000000e+00,1.0056816183666747e+01,1.0282507961437240e+01,8.8895728958630316e-01,-1.8959197431593813e-01,3.6180780522659950e-01,1.3866687577257618e-02
9.6861734671789441e+02,2,1.0000000000000000e+00,-1.5470773484409918e+01,-1.8761918038084872e+01,-1.7852087186591163e+00,1.4708355519188782e-01,-1.3306493477023826e-01,-1.5516648424451369e-02

9.7335766479238839e+02,0,1.0000000000000000e+00,5.9871464021071930e+00,7.6304498181843456e+00,9.0440431616995931e-01,1.8746213603183393e-01,-1.1444185125111456e-01,2.1485475061875578e-03
9.7335766479238839e+02,1,1.0000000000000000e+00,8.7758626546083480e+00,1.1749005073308879e+01,9.5308510035351046e-01,-3.3896420159584084e-01,2.4189941442854568e-01,1.2827358080875701e-02
9.7335766479238839e+02,2,1.0000000000000000e+00,-1.4763009078446895e+01,-1.9379454610631715e+01,-1.8574894115174516e+00,1.5150206578381206e-01,-1.2745756304646694e-01,-1.4975905587125738e-02

9.7786748171085026e+02,0,1.0000000000000000e+00,6.9871014820332338e+00,7.4818621489766031e+00,9.1860727093133221e-01,2.3946388249106892e-01,5.3731997040668958e-02,4.3821801786908653e-03
9.7786748171085026e+02,1,1.0000000000000000e+00,7.0835234093006747e+00,1.2460177731361009e+01,1.0052311601279531e+00,-3.9498317101225960e-01,6.8293079643411983e-02,1.0064646132859472e-02
9.7786748171085026e+02,2,1.0000000000000000e+00,-1.4070624912007323e+01,-1.9942039598390149e+01,-1.9238384260448806e+00,1.5551928873004855e-01,-1.2202507633670949e-01,-1.4446826307508135e-02

9.8256381226300471e+02,0,1.0000000000000000e+00,8.0278449133495435e+00,8.1595032669483771e+00,9.4672019780059236e-01,1.8593347588176184e-01,2.2959344492489953e-01,7.6544590103141130e-03
9.8256381226300471e+02,1,1.0000000000000000e+00,5.3030720327751339e+00,1.2342203480007100e+01,1.0436574274679553e+00,-3.4538189986273066e-01,-1.1328724018592390e-01,6.2344208637136718e-03
9.8256381226300471e+02,2,1.0000000000000000e+00,-1.3330916966256382e+01,-2.0501706463092454e+01,-1.9903776202264072e+00,1.5944842398737988e-01,-1.1630620431150039e-01,-1.3888879866898109e-02

9.8719481710721220e+02,0,1.0000000000000000e+00,8.5873091025839727e+00,9.5209143224761767e+00,9.8941656293652214e-01,4.4251384576393937e-02,3.4461423210011927e-01,1.0646747592811765e-02
9.8719481710721220e+02,1,1.0000000000000000e+00,3.9967828310704476e+00,1.1506190437636477e+01,1.0639920985719467e+00,-2.0728863300349321e-01,-2.3403493899156641e-01,2.6837428975305857e-03
9.8719481710721220e+02,2,1.0000000000000000e+00,-1.2584091954175438e+01,-2.1027104474551031e+01,-2.0534086564352867e+00,1.6303724828184241e-01,-1.1057929283175283e-01,-1.3330490484853920e-02

9.9170281523713675e+02,0,1.0000000000000000e+00,8.3901259276142142e+00,1.1155891728263301e+01,1.0417632472065605e+00,-1.3377729731448001e-01,3.6396730657978654e-01,1.2303145703372575e-02
9.9170281523713675e+02,1,1.0000000000000000e+00,3.4516022150046126e+00,1.0356895271954887e+01,1.0704863577057859e+00,-3.2501929307470645e-02,-2.5909561929927233e-01,4.6831249705489054e-04
9.9170281523713675e+02,2,1.0000000000000000e+00,-1.1841728163724765e+01,-2.1512786713879436e+01,-2.1122495998239588e+00,1.6627922654478591e-01,-1.0487168719937634e-01,-1.2771458199228999e-02

9.9678006009428827e+02,0,1.0000000000000000e+00,7.2324112621366243e+00,1.2810526917961646e+01,1.1043627431312151e+00,-3.1232176091817426e-01,2.6875200140108901e-01,1.1934643672962653e-02
9.9678006009428827e+02,1,1.0000000000000000e+00,3.7563213825777444e+00,9.2180318006937956e+00,1.0710815321577243e+00,1.4263208752229584e-01,-1.7048122002518162e-01,1.8302202102249421e-04
9.9678006009428827e+02,2,1.0000000000000000e+00,-1.0988732665631289e+01,-2.2028558432057416e+01,-2.1754442702022532e+00,1.6968967355094847e-01,-9.8270781305230925e-02,-1.2117665694939831e-02

1.0015860898422993e+03,0,1.0000000000000000e+00,5.4826201531349543e+00,1.3709523261880006e+01,1.1564042675952213e+00,-3.9853773685930216e-01,9.6682301774658197e-02,9.4152666557643788e-03
1.0015860898422993e+03,1,1.0000000000000000e+00,4.6832390666012946e+00,8.7760738919145656e+00,1.0757523286197224e+00,2.2582855003317248e-01,-4.7694681814462458e-03,2.0657262267607442e-03
1.0015860898422993e+03,2,1.0000000000000000e+00,-1.0165859239587736e+01,-2.2485596866404144e+01,-2.2321565911269312e+00,1.7270918707403182e-01,-9.1912833316083048e-02,-1.1480992880333449e-02

1.0062982143285494e+03,0,1.0000000000000000e+00,3.6186046720999254e+00,1.3719058569274557e+01,1.1921837398572701e+00,-3.7422120957292154e-01,-9.0082371314605642e-02,5.6490820404034746e-03
1.0062982143285494e+03,1,1.0000000000000000e+00,5.7268893866236059e+00,9.1848979443210652e+00,1.0925907865045825e+00,1.9877918771215614e-01,1.7573706439188627e-01,5.2029613347616280e-03
1.0062982143285494e+03,2,1.0000000000000000e+00,-9.3454940776726474e+00,-2.2903956224448123e+01,-2.2847745212526682e+00,1.7544202196460928e-01,-8.5654692638126056e-02,-1.0852043368667064e-02

1.0107782399991357e+03,0,1.0000000000000000e+00,2.1720860841159975e+00,1.2986470066288046e+01,1.2090552660832767e+00,-2.5891736292119105e-01,-2.2598350366080727e-01,1.9595129740418386e-03
1.0107782399991357e+03,1,1.0000000000000000e+00,6.3820760835285828e+00,1.0287897981071389e+01,1.1229991128547920e+00,8.1132452711407288e-02,3.0568846812764411e-01,8.2953852928509854e-03
1.0107782399991357e+03,2,1.0000000000000000e+00,-8.5541621865902666e+00,-2.3274367756296940e+01,-2.3320543737968658e+00,1.7778491011885275e-01,-7.9704964088007424e-02,-1.0254898259899767e-02

1.0153073112222469e+03,0,1.0000000000000000e+00,1.3750940266452290e+00,1.1805380158440293e+01,1.2111429008966752e+00,-8.8128678619158130e-02,-2.7918060461586353e-01,-7.9659221584224039e-04
1.0153073112222469e+03,1,1.0000000000000000e+00,6.3690148875467951e+00,1.1816299773776992e+01,1.1659837344198893e+00,-9.1754911072135181e-02,3.5283529289250809e-01,1.0443820898984511e-02
1.0153073112222469e+03,2,1.0000000000000000e+00,-7.7441089337117717e+00,-2.3621679639887255e+01,-2.3771266301509524e+00,1.7988358956735767e-01,-7.3654688102032573e-02,-9.6472286798179596e-03

1.0203684598167624e+03,0,1.0000000000000000e+00,1.4234405821292082e+00,1.0491961821883397e+01,1.2035722055467928e+00,1.0055283789054029e-01,-2.1938144766748915e-01,-1.7767511329379541e-03
1.0203684598167624e+03,1,1.0000000000000000e+00,5.4049318825823747e+00,1.3485189617958667e+01,1.2206327610771712e+00,-2.8249202303428056e-01,2.8617791887537491e-01,1.0730134818739709e-02
1.0203684598167624e+03,2,1.0000000000000000e+00,-6.8283724844291047e+00,-2.3977151147033201e+01,-2.4242049614532228e+00,1.8193918521550645e-01,-6.6796471151091469e-02,-8.9533836865209465e-03

1.0252591421921222e+03,0,1.0000000000000000e+00,2.2272553863275171e+00,9.7691831691070163e+00,1.1974487717336224e+00,2.1158365608175350e-01,-6.4421287876079342e-02,-3.6757398396602102e-04
1.0252591421921222e+03,1,1.0000000000000000e+00,3.7069481185998647e+00,1.4518239014330396e+01,1.2688692072590599e+00,-3.9527102872126235e-01,1.2449668150001400e-01,8.6337924530294000e-03
1.0252591421921222e+03,2,1.0000000000000000e+00,-5.9342035237950750e+00,-2.4287421890083891e+01,-2.4663179738248266e+00,1.8368737288644163e-01,-6.0075393421564892e-02,-8.2662184685578510e-03

1.0300351839568559e+03,0,1.0000000000000000e+00,3.2807212627293856e+00,9.9062711343550056e+00,1.2024557198657146e+00,2.1015565470335085e-01,1.2170510450848948e-01,2.6447549770891908e-03
1.0300351839568559e+03,1,1.0000000000000000e+00,1.7725182780369768e+00,1.4652347806526592e+01,1.3017256105102786e+00,-3.9534216385215637e-01,-6.8210774982968903e-02,4.9447764010856097e-03
1.0300351839568559e+03,2,1.0000000000000000e+00,-5.0532395585069390e+00,-2.4558618646018171e+01,-2.5041813251947218e+00,1.8518650933188449e-01,-5.3494329109344797e-02,-7.5895313729437306e-03

1.0343722162328770e+03,0,1.0000000000000000e+00,4.0134640265938994e+00,1.0757918553185569e+01,1.2207720724564735e+00,1.1457091883338980e-01,2.6218398344069849e-01,5.7720114454031246e-03
1.0343722162328770e+03,1,1.0000000000000000e+00,2.3402915371888922e-01,1.4019820848048596e+01,1.3150005002516201e+00,-3.0091463356496995e-01,-2.1462328825478627e-01,1.2077022328962003e-03
1.0343722162328770e+03,2,1.0000000000000000e+00,-4.2474931976730286e+00,-2.4777739104421300e+01,-2.5357725674975318e+00,1.8634371471912736e-01,-4.7560694739367304e-02,-6.9797136706801072e-03

1.0397365610286190e+03,0,1.0000000000000000e+00,4.1231709072739413e+00,1.2420105497393362e+01,1.2602128963917432e+00,-8.2219036683041202e-02,3.3522481664084391e-01,8.6232049274946650e-03
1.0397365610286190e+03,1,1.0000000000000000e+00,-8.7844517489801088e-01,1.2593215619306406e+01,1.3109945017270124e+00,-1.0524070252067519e-01,-2.9494734483197727e-01,-2.3912390819421838e-03
1.0397365610286190e+03,2,1.0000000000000000e+00,-3.2447257502406854e+00,-2.5013320817971156e+01,-2.5712073928725956e+00,1.8745973907470692e-01,-4.0277471567483070e-02,-6.2319658408482009e-03

1.0446528617359309e+03,0,1.0000000000000000e+00,3.2473868510472523e+00,1.3978881355833504e+01,1.3048423799318922e+00,-2.6857479324522604e-01,2.7962908395230490e-01,9.1407302507319193e-03
1.0446528617359309e+03,1,1.0000000000000000e+00,-9.2613521159895251e-01,1.1216050043840003e+01,1.2953128338927657e+00,8.0403123721370096e-02,-2.4603182963205628e-01,-3.5980249840476611e-03
1.0446528617359309e+03,2,1.0000000000000000e+00,-2.3212516576650484e+00,-2.5194931100225542e+01,-2.6001552085672168e+00,1.8817166954258938e-01,-3.3597254238077079e-02,-5.5427052665177473e-03

1.0495226320202910e+03,0,1.0000000000000000e+00,1.6085178886562117e+00,1.5000632626021781e+01,1.3458346435514557e+00,-3.8913492159687652e-01,1.2756732680781127e-01,7.3265134202043147e-03
1.0495226320202910e+03,1,1.0000000000000000e+00,-2.0481280751490960e-01,1.0341708577132909e+01,1.2796274549927553e+00,2.0051042976403149e-01,-1.0063021845612083e-01,-2.4775153134357812e-03
1.0495226320202910e+03,2,1.0000000000000000e+00,-1.4037050987378796e+00,-2.5342340903205251e+01,-2.6254620932891601e+00,1.8862449205276616e-01,-2.6937108186287334e-02,-4.8489981069512467e-03

1.0541199980501494e+03,0,1.0000000000000000e+00,-2.5476553308952865e-01,1.5168402865787904e+01,1.3721944428566935e+00,-4.0378151157310838e-01,-5.6032109610871489e-02,3.9427297006345650e-03
1.0541199980501494e+03,1,1.0000000000000000e+00,7.9068263734955102e-01,1.0283298785206128e+01,1.2740428732828559e+00,2.1491977388343297e-01,7.6674799195383475e-02,2.4623643382362496e-04
1.0541199980501494e+03,2,1.0000000000000000e+00,-5.3591712073803355e-01,-2.5451701349801994e+01,-2.6462373108770016e+00,1.8886173791689900e-01,-2.0642689208008602e-02,-4.1889661305986566e-03

1.0582810101681143e+03,0,1.0000000000000000e+00,-1.8052218518140586e+00,1.4611396464843462e+01,1.3810750724181236e+00,-3.2849842853883637e-01,-2.0506244626290360e-01,3.1553298672812487e-04
1.0582810101681143e+03,1,1.0000000000000000e+00,1.5551042714911409e+00,1.0914428137412752e+01,1.2813569930112425e+00,1.3957666602303542e-01,2.2005914539050536e-01,3.2809495556102453e-03
1.0582810101681143e+03,2,1.0000000000000000e+00,2.5011756448864753e-01,-2.5525824299233417e+01,-2.6624320601426188e+00,1.8892176258172491e-01,-1.4996698652668367e-02,-3.5964825349590604e-03

1.0635280094948712e+03,0,1.0000000000000000e+00,-3.0826260859170702e+00,1.3214061358661423e+01,1.3718168390679961e+00,-1.4731780706505998e-01,-3.0743553075415453e-01,-3.5993769803936825e-03
1.0635280094948712e+03,1,1.0000000000000000e+00,1.8415476951506493e+00,1.2372014975932913e+01,1.3075545218098938e+00,-4.1436149457275251e-02,3.1542583367334531e-01,6.4619796148386015e-03
1.0635280094948712e+03,2,1.0000000000000000e+00,1.2410783747150644e+00,-2.5586076029319869e+01,-2.6793713555514724e+00,1.8875395640360668e-01,-7.9903025773400693e-03,-2.8626026278072755e-03

1.0682982574739503e+03,0,1.0000000000000000e+00,-3.3331469464410253e+00,1.1754343792284423e+01,1.3496023336946870e+00,3.9869924033705789e-02,-2.8567985212202796e-01,-5.3576481445272144e-03
1.0682982574739503e+03,1,1.0000000000000000e+00,1.1925634793664903e+00,1.3854834439590405e+01,1.3418499850525414e+00,-2.2820396005804403e-01,2.8738363333890038e-01,7.5604487092923410e-03
1.0682982574739503e+03,2,1.0000000000000000e+00,2.1405834505055079e+00,-2.5609177925479180e+01,-2.6914523133995800e+00,1.8833403596641193e-01,-1.7037810764573003e-03,-2.2028005626789655e-03

1.0730224281173544e+03,0,1.0000000000000000e+00,-2.7856962416083273e+00,1.0660307318936084e+01,1.3245692238800904e+00,1.7935460079481083e-01,-1.6344648694531164e-01,-4.8674058619914947e-03
1.0730224281173544e+03,1,1.0000000000000000e+00,-2.4313750382815380e-01,1.4942268487989381e+01,1.3757421965039149e+00,-3.6702760132660317e-01,1.5894830226804849e-01,6.4142121942280189e-03
1.0730224281173544e+03,2,1.0000000000000000e+00,3.0288337290737792e+00,-2.5602575500013295e+01,-2.7003114150343515e+00,1.8767300068153314e-01,4.4981847974624673e-03,-1.5468063327097015e-03

1.0778342039841161e+03,0,1.0000000000000000e+00,-1.7708752097056482e+00,1.0302456946994102e+01,1.3065343666536759e+00,2.2329612473363905e-01,1.9198999244372981e-02,-2.3556468277110385e-03
1.0778342039841161e+03,1,1.0000000000000000e+00,-2.1589506142999011e+00,1.5263290051974977e+01,1.3996022288303342e+00,-4.1008658942709286e-01,-3.0004449309116644e-02,3.2297974177962420e-03
1.0778342039841161e+03,2,1.0000000000000000e+00,3.9298258086976321e+00,-2.5565746691066483e+01,-2.7061365901321488e+00,1.8679046494396076e-01,1.0805450377287716e-02,-8.7415058788376020e-04

1.0825082127479327e+03,0,1.0000000000000000e+00,-8.4505237926788457e-01,1.0803907736571556e+01,1.3033900460243046e+00,1.5563549037439950e-01,1.8848159968248474e-01,1.0657455366221784e-03
1.0825082127479327e+03,1,1.0000000000000000e+00,-3.9555037621190317e+00,1.4697113460875109e+01,1.4053112055900721e+00,-3.4140295680259530e-01,-2.0535708716892070e-01,-8.4083957149321984e-04
1.0825082127479327e+03,2,1.0000000000000000e+00,4.8005561270189769e+00,-2.5501020887633072e+01,-2.7087012462410351e+00,1.8576746654836154e-01,1.6875487965570306e-02,-2.2490595830875035e-04

1.0870360435640916e+03,0,1.0000000000000000e+00,-4.4996000544052173e-01,1.1914632835377834e+01,1.3153777405696290e+00,9.1261873963903173e-03,2.8792959260461948e-01,4.0811649679589890e-03
1.0870360435640916e+03,1,1.0000000000000000e+00,-5.1891837375295431e+00,1.3496869884163685e+01,1.3929415021181533e+00,-1.9374567525715097e-01,-3.1057444503230114e-01,-4.4723433324581029e-03
1.0870360435640916e+03,2,1.0000000000000000e+00,5.6391437286867330e+00,-2.5411502407576581e+01,-2.7083192372789910e+00,1.8461948778759105e-01,2.2644852861703778e-02,3.9117837252009187e-04

1.0920794520853424e+03,0,1.0000000000000000e+00,-9.0221207919254542e-01,1.3413771601398260e+01,1.3412591811281507e+00,-1.8841902247884013e-01,2.8546141834389188e-01,5.8123201287574354e-03
1.0920794520853424e+03,1,1.0000000000000000e+00,-5.6643770221422445e+00,1.1867622826350647e+01,1.3633900375553527e+00,5.2944581860743245e-03,-3.1438934215044551e-01,-6.8744285440172142e-03
1.0920794520853424e+03,2,1.0000000000000000e+00,6.5665890864871210e+00,-2.5281394114116559e+01,-2.7046492132422166e+00,1.8312456418759193e-01,2.8927924027053686e-02,1.0621084195056420e-03

1.0971037351559351e+03,0,1.0000000000000000e+00,-2.2781739426870762e+00,1.4591128268310616e+01,1.3697271780673961e+00,-3.4697160883881256e-01,1.6634226838288604e-01,5.0958807361636722e-03
1.0971037351559351e+03,1,1.0000000000000000e+00,-5.2042167017706351e+00,1.0529429059441568e+01,1.3279230604259973e+00,1.6558769959039293e-01,-2.0142646712628340e-01,-6.8195922926195963e-03
1.0971037351559351e+03,2,1.0000000000000000e+00,7.4823906295055238e+00,-2.5120557013362017e+01,-2.6976502330421650e+00,1.8138390933278944e-01,3.5084198864976240e-02,1.7237115567127325e-03

1.1020497557433923e+03,0,1.0000000000000000e+00,-4.1879727239541902e+00,1.4965133108966402e+01,1.3883974094097307e+00,-4.0590430449784975e-01,-2.1419861904694998e-02,2.1401668514856153e-03
1.1020497557433923e+03,1,1.0000000000000000e+00,-4.1868342814202633e+00,9.9670208991126614e+00,1.2991158163175021e+00,2.2645912456252637e-01,-1.9672210549280561e-02,-4.5155863480517344e-03
1.1020497557433923e+03,2,1.0000000000000000e+00,8.3748069912961469e+00,-2.4932153692807148e+01,-2.6875132202744143e+00,1.7944518017457617e-01,4.1092072721973710e-02,2.3754194979141545e-03

1.1068019803083107e+03,0,1.0000000000000000e+00,-6.0256941818746794e+00,1.4418702166460044e+01,1.3891726204413566e+00,-3.4938890601304995e-01,-2.0297923063026871e-01,-1.9067114818034350e-03
1.1068019803083107e+03,1,1.0000000000000000e+00,-3.1971160162188990e+00,1.0304568474882970e+01,1.2855694409127840e+00,1.7197052280910530e-01,1.5617586341965020e-01,-1.0912719007798253e-03
1.1068019803083107e+03,2,1.0000000000000000e+00,9.2228101850667734e+00,-2.4723270324295846e+01,-2.6747420558843329e+00,1.7741838336907428e-01,4.6803367675345708e-02,2.9979833885363256e-03

1.1113106324577518e+03,0,1.0000000000000000e+00,-7.3111132697518464e+00,1.3214743780319044e+01,1.3718876144850096e+00,-2.0999376005828055e-01,-3.1783637916905400e-01,-5.6424702064574832e-03
1.1113106324577518e+03,1,1.0000000000000000e+00,-2.7070467970995047e+00,1.1285485097854185e+01,1.2880277850975872e+00,3.4621678492727487e-02,2.6572209913831440e-01,2.0660632869677576e-03
1.1113106324577518e+03,2,1.0000000000000000e+00,1.0018160054133745e+01,-2.4500228558908013e+01,-2.6599153940786877e+00,1.7537208153534703e-01,5.2114280512744748e-02,3.5764069279812065e-03

1.1163287824914455e+03,0,1.0000000000000000e+00,-7.8707803708376378e+00,1.1521256356201423e+01,1.3359312853114202e+00,-1.1344727140733174e-02,-3.3606776986310444e-01,-8.3371021559056797e-03
1.1163287824914455e+03,1,1.0000000000000000e+00,-3.0213923440698132e+00,1.2702966449556467e+01,1.3044611860965774e+00,-1.6159312483029317e-01,2.7820865047325666e-01,4.1356986974994403e-03
1.1163287824914455e+03,2,1.0000000000000000e+00,1.0892172701696726e+01,-2.4224222484497094e+01,-2.6403924658656441e+00,1.7293785184530056e-01,5.7859119682627719e-02,4.2014034643892547e-03

1.1213195119327552e+03,0,1.0000000000000000e+00,-7.4782815479014921e+00,1.0052232613931274e+01,1.2925490632102186e+00,1.5768599261132854e-01,-2.3482768690797318e-01,-8.6189132507344442e-03
1.1213195119327552e+03,1,1.0000000000000000e+00,-4.2705242674324460e+00,1.3869309705022543e+01,1.3253555230817926e+00,-3.2800217878454863e-01,1.7141126176026011e-01,3.8099507925933411e-03
1.1213195119327552e+03,2,1.0000000000000000e+00,1.1748805801784886e+01,-2.3921541996687942e+01,-2.6179045807317372e+00,1.7031618619526845e-01,6.3416425288967071e-02,4.8089624595645981e-03

1.1258482634552965e+03,0,1.0000000000000000e+00,-6.5621463977425805e+00,9.3404278701790986e+00,1.2570112375223630e+00,2.3102315574400972e-01,-7.2543814916387228e-02,-6.7823791154938808e-03
1.1258482634552965e+03,1,1.0000000000000000e+00,-5.9522411529387291e+00,1.4282675391987658e+01,1.3378760270121315e+00,-3.9877779365139315e-01,4.1738045835124638e-03,1.4267534440821827e-03
1.1258482634552965e+03,2,1.0000000000000000e+00,1.2514387537670537e+01,-2.3623102939173187e+01,-2.5948872589711676e+00,1.6775463810910488e-01,6.8370010547937871e-02,5.3556256721536679e-03

1.1311714072910404e+03,0,1.0000000000000000e+00,-5.3855113436818076e+00,9.5068460595447029e+00,1.2304918655122443e+00,1.8762915690974463e-01,1.2989292485184414e-01,-3.0171597021869485e-03
1.1311714072910404e+03,1,1.0000000000000000e+00,-8.0134303461086880e+00,1.3736996319109958e+01,1.3341852717335467e+00,-3.5218932778207307e-01,-2.0400108462164848e-01,-2.9762613253513778e-03
1.1311714072910404e+03,2,1.0000000000000000e+00,1.3398941677964357e+01,-2.3243842053903901e+01,-2.5646771316682564e+00,1.6456017106481263e-01,7.4108160213732843e-02,5.9934210327030049e-03

1.1357032649232249e+03,0,1.0000000000000000e+00,-4.8102633692898884e+00,1.0389638304889790e+01,1.2244897668057013e+00,5.4771611432958556e-02,2.4665315432394486e-01,2.6728839417813725e-04
1.1357032649232249e+03,1,1.0000000000000000e+00,-9.3280574600846506e+00,1.2507478294476536e+01,1.3118158100137114e+00,-2.1649930100057529e-01,-3.2554147753667173e-01,-6.7923497285880142e-03
1.1357032649232249e+03,2,1.0000000000000000e+00,1.4138320818025232e+01,-2.2897116272374983e+01,-2.5363055712095308e+00,1.6172768957433464e-01,7.8888323722264522e-02,6.5250613429911212e-03

1.1407573225012316e+03,0,1.0000000000000000e+00,-5.0225507094322630e+00,1.1742048494798627e+01,1.2324844142316316e+00,-1.4114862621180738e-01,2.6734296617876513e-01,2.5559507049522341e-03
1.1407573225012316e+03,1,1.0000000000000000e+00,-9.9249424995948381e+00,1.0743236133205400e+01,1.2693855494719519e+00,-1.7309420946510085e-02,-3.5139282787790788e-01,-9.6541847576160703e-03
1.1407573225012316e+03,2,1.0000000000000000e+00,1.4947493197274575e+01,-2.2485284298760828e+01,-2.5018699580512029e+00,1.5845804702665120e-01,8.4049862051283938e-02,7.0982340599472712e-03

1.1457928085945950e+03,0,1.0000000000000000e+00,-6.1877471837527178e+00,1.2881212165391798e+01,1.2462124196718221e+00,-3.1118464442698468e-01,1.6693088517991672e-01,2.4673862744153899e-03
1.1457928085945950e+03,1,1.0000000000000000e+00,-9.5491540897941967e+00,9.1682948043617216e+00,1.2185176401734512e+00,1.5613305538694577e-01,-2.5593476274098093e-01,-1.0117942683459821e-02
1.1457928085945950e+03,2,1.0000000000000000e+00,1.5736901261301053e+01,-2.2049506639244395e+01,-2.4647300541676254e+00,1.5505158901359550e-01,8.9003877734093795e-02,7.6505564117657389e-03

1.1506262319517132e+03,0,1.0000000000000000e+00,-7.9225422311874043e+00,1.3285457277601182e+01,1.2531991243088407e+00,-3.8906009421379306e-01,-7.7834475092656008e-03,8.9436288860835454e-05
1.1506262319517132e+03,1,1.0000000000000000e+00,-8.5555457909455459e+00,8.3226537455718699e+00,1.1732930404152231e+00,2.3744754579871230e-01,-8.5837433624794707e-02,-8.2600595059154173e-03
1.1506262319517132e+03,2,1.0000000000000000e+00,1.6478088010250900e+01,-2.1608110691839869e+01,-2.4264921590393183e+00,1.5161254858487277e-01,9.3620881342293211e-02,8.1706232180979721e-03

1.1553508512550611e+03,0,1.0000000000000000e+00,-9.7254108195054876e+00,1.2803153002788507e+01,1.2450309467430318e+00,-3.5571042755255894e-01,-1.9327016506588149e-01,-3.6966021637100241e-03
1.1553508512550611e+03,1,1.0000000000000000e+00,-7.4607464950519571e+00,8.3521620955520888e+00,1.1416688824704961e+00,2.0760825517050080e-01,9.5230474194743370e-02,-4.9763039143810184e-03
1.1553508512550611e+03,2,1.0000000000000000e+00,1.7186157303664789e+01,-2.1155314765584883e+01,-2.3866998235179837e+00,1.4810217259285358e-01,9.8039691274205448e-02,8.6729060822424743e-03

1.1600003923115235e+03,0,1.0000000000000000e+00,-1.1110068549482712e+01,1.1562850025512947e+01,1.2184794422526850e+00,-2.2672522249041246e-01,-3.2767739644758437e-01,-7.6528826809029683e-03
1.1600003923115235e+03,1,1.0000000000000000e+00,-6.7564597292225006e+00,9.1266980960369040e+00,1.1267640377454020e+00,8.2178948705519977e-02,2.2538645393218465e-01,-1.5044250444261843e-03
1.1600003923115235e+03,2,1.0000000000000000e+00,1.7866528268475797e+01,-2.0689547786569953e+01,-2.3452434742729804e+00,1.4454627383680826e-01,1.0229094303859823e-01,9.1573077336051488e-03

1.1647070381229050e+03,0,1.0000000000000000e+00,-1.1753792061971700e+01,9.8814054602194350e+00,1.1748815045567396e+00,-4.2855166837801717e-02,-3.6856887430629592e-01,-1.0601183923733649e-02
1.1647070381229050e+03,1,1.0000000000000000e+00,-6.7844542368867877e+00,1.0316833297803127e+01,1.1261396122169218e+00,-9.8021194079232543e-02,2.6211431136685248e-01,9.7021100117020490e-04
1.1647070381229050e+03,2,1.0000000000000000e+00,1.8538246288421924e+01,-2.0198238420719875e+01,-2.3010211110067011e+00,1.4087636079666241e-01,1.0645456336916112e-01,9.6309729312154084e-03

1.1693573325173536e+03,0,1.0000000000000000e+00,-1.1535694053929673e+01,8.2838148173529440e+00,1.1225074949629175e+00,1.2989518431779976e-01,-3.0162199691619418e-01,-1.1555793912395461e-02
1.1693573325173536e+03,1,1.0000000000000000e+00,-7.6490926458769355e+00,1.1410140048214458e+01,1.1326745965560530e+00,-2.6706759408765435e-01,1.9122239795292151e-01,1.4751048914251556e-03
1.1693573325173536e+03,2,1.0000000000000000e+00,1.9184786688767133e+01,-1.9693954526719335e+01,-2.2551820857194755e+00,1.3717240966874855e-01,1.1039959920186100e-01,1.0080689025924581e-02

1.1741537607128571e+03,0,1.0000000000000000e+00,-1.0616003563197665e+01,7.1854412036342552e+00,1.0693441739429876e+00,2.3751791341080197e-01,-1.4558056991797869e-01,-1.0244998244988474e-02
1.1741537607128571e+03,1,1.0000000000000000e+00,-9.2173338934193652e+00,1.1969567045848244e+01,1.1364043420374681e+00,-3.7075391996483076e-01,3.1276726015474543e-02,-2.8506549726192883e-04
1.1741537607128571e+03,2,1.0000000000000000e+00,1.9833337445517536e+01,-1.9155007909722062e+01,-2.2057485101665093e+00,1.3323600664177560e-01,1.1430384408277029e-01,1.0530063743875774e-02

1.1788589190943783e+03,0,1.0000000000000000e+00,-9.4556715973362735e+00,6.9355715797825113e+00,1.0277745715001854e+00,2.3698744906112901e-01,3.9109752489432506e-02,-7.2179378130380750e-03
1.1788589190943783e+03,1,1.0000000000000000e+00,-1.0995217099521811e+01,1.1672860594813050e+01,1.1274095352596201e+00,-3.6623011621857915e-01,-1.5711889251739836e-01,-3.7438910630291731e-03
1.1788589190943783e+03,2,1.0000000000000000e+00,2.0450888686530398e+01,-1.8608431833690499e+01,-2.1551841009371904e+00,1.2924266736764384e-01,1.1800914035932143e-01,1.0961828878941936e-02

1.1835230613765098e+03,0,1.0000000000000000e+00,-8.5574849138862987e+00,7.4915818724302028e+00,1.0025202938244400e+00,1.3309290104991214e-01,1.8870058419522256e-01,-3.6221983644894856e-03
1.1835230613765098e+03,1,1.0000000000000000e+00,-1.2486765436102676e+01,1.0558066668620040e+01,1.1005546175103096e+00,-2.5827203731675907e-01,-3.1028289119167279e-01,-7.7587650525766062e-03
1.1835230613765098e+03,2,1.0000000000000000e+00,2.1044250340509961e+01,-1.8049648198151072e+01,-2.1030749054890316e+00,1.2517913638655342e-01,1.2158230750316547e-01,1.1380963424204620e-02

1.1882055373452754e+03,0,1.0000000000000000e+00,-8.3189329377994028e+00,8.5660354244771355e+00,9.9285508656719701e-01,-3.7703160835159386e-02,2.5294034158269574e-01,-7.2722092654823635e-04
1.1882055373452754e+03,1,1.0000000000000000e+00,-1.3301788803575214e+01,8.9061308974965989e+00,1.0559695949455139e+00,-8.3335526485936715e-02,-3.7799192291122374e-01,-1.1060617473016928e-02
1.1882055373452754e+03,2,1.0000000000000000e+00,2.1620721731992667e+01,-1.7472165976628474e+01,-2.0488246756265815e+00,1.2103868724536988e-01,1.2505158182857920e-01,1.1787838408976112e-02

1.1928193535606285e+03,0,1.0000000000000000e+00,-8.9065436435881722e+00,9.6757150292423084e+00,9.9290210184578731e-01,-2.1297671165804033e-01,2.1080044007431281e-01,4.0746466630279220e-04
1.1928193535606285e+03,1,1.0000000000000000e+00,-1.3263140857907022e+01,7.2118878142705141e+00,1.0006446862096254e+00,9.6058002499997741e-02,-3.3911819118956715e-01,-1.2578515250045890e-02
1.1928193535606285e+03,2,1.0000000000000000e+00,2.2169684491523427e+01,-1.6887602496229768e+01,-1.9935467821295010e+00,1.1691870901242833e-01,1.2831775144195473e-01,1.2171050590925476e-02

1.1977719692737783e+03,0,1.0000000000000000e+00,-1.0319004180283883e+01,1.0395248079545571e+01,9.9309090378660958e-01,-3.4245075231008598e-01,6.6063118884216315e-02,-7.3432342528200606e-04
1.1977719692737783e+03,1,1.0000000000000000e+00,-1.2418652249653448e+01,5.8485466689844943e+00,9.3919721772927844e-01,2.3002223716520281e-01,-1.9770129838401931e-01,-1.1829763988332791e-02
1.1977719692737783e+03,2,1.0000000000000000e+00,2.2737656419527163e+01,-1.6243794400043019e+01,-1.9322881155651725e+00,1.1242851514203678e-01,1.3163817968902944e-01,1.2564087416629982e-02

1.2025948213275742e+03,0,1.0000000000000000e+00,-1.2070499015494351e+01,1.0262998515767142e+01,9.8266058009543256e-01,-3.6474217415722432e-01,-1.2343155622851526e-01,-3.8515680111453768e-03
1.2025948213275742e+03,1,1.0000000000000000e+00,-1.1198634873724281e+01,5.3384619644239928e+00,8.8813756731926541e-01,2.5678992784030330e-01,-1.1278029253890709e-02,-9.0819642530663089e-03
1.2025948213275742e+03,2,1.0000000000000000e+00,2.3269133879256245e+01,-1.5601460130679964e+01,-1.8707981414530637e+00,1.0795224648868595e-01,1.3470958575365030e-01,1.2933532266560088e-02

1.2073712137207301e+03,0,1.0000000000000000e+00,-1.3641814172285448e+01,9.2499049968799714e+00,9.5476893927607887e-01,-2.7618890223597420e-01,-2.9208463862696243e-01,-7.8729963379174477e-03
1.2073712137207301e+03,1,1.0000000000000000e+00,-1.0132141046832594e+01,5.7011136266030720e+00,8.5340002043866403e-01,1.7277435459918983e-01,1.5445561562852572e-01,-5.4161865466623802e-03
1.2073712137207301e+03,2,1.0000000000000000e+00,2.3773955210040526e+01,-1.4951018272208657e+01,-1.8081689537344048e+00,1.0341454779650355e-01,1.3762902346416556e-01,1.3289182890514206e-02

1.2122021873474644e+03,0,1.0000000000000000e+00,-1.4584928195953232e+01,7.5790698001019399e+00,9.0751420499502133e-01,-1.0501870782354406e-01,-3.8224318500272819e-01,-1.1499041457538037e-02
1.2122021873474644e+03,1,1.0000000000000000e+00,-9.6773897645069251e+00,6.7001627472794310e+00,8.3561106801663521e-01,6.2602571509774441e-03,2.4177689471220448e-01,-2.1369838230716996e-03
1.2122021873474644e+03,2,1.0000000000000000e+00,2.4262317951731298e+01,-1.4279232193602084e+01,-1.7431252669929802e+00,9.8758450643963713e-02,1.4046629082432405e-01,1.3636025290048912e-02

1.2169401546494259e+03,0,1.0000000000000000e+00,-1.4630634120807708e+01,5.7757528288835100e+00,8.4769437727663077e-01,8.3412384075206431e-02,-3.6014767163348999e-01,-1.3404476627070111e-02
1.2169401546494259e+03,1,1.0000000000000000e+00,-1.0088728841820927e+01,7.8316328598804006e+00,8.3005098715471870e-01,-1.7758023889326666e-01,2.1703889684805139e-01,-5.5474570272268445e-04
1.2169401546494259e+03,2,1.0000000000000000e+00,2.4719362953387300e+01,-1.3607385332728523e+01,-1.6777453583681141e+00,9.4167854659452682e-02,1.4310877517833945e-01,1.3959222338360229e-02

1.2217772169228328e+03,0,1.0000000000000000e+00,-1.3845197378587249e+01,4.3052464990949977e+00,7.8280896174776804e-01,2.2817436861252854e-01,-2.3319613353271634e-01,-1.3022344624689297e-02
1.2217772169228328e+03,1,1.0000000000000000e+00,-1.1318283924467803e+01,8.6037364816424926e+00,8.2665439303931154e-01,-3.1763139797695833e-01,8.7564020315337499e-02,-1.2483267474838414e-03
1.2217772169228328e+03,2,1.0000000000000000e+00,2.5163481293166551e+01,-1.2908982623263665e+01,-1.6094633486918990e+00,8.9457029291309886e-02,1.4563211343673649e-01,1.4270671376685638e-02

1.2264483169151131e+03,0,1.0000000000000000e+00,-1.2631341090226456e+01,3.6240296599053465e+00,7.2697241460892603e-01,2.7367902184448550e-01,-5.4187539050990829e-02,-1.0605517978365855e-02
1.2264483169151131e+03,1,1.0000000000000000e+00,-1.2939273696366671e+01,8.5993305691923254e+00,8.1515858048353018e-01,-3.5852975675865822e-01,-9.3714271401159788e-02,-3.9510344027809431e-03
1.2264483169151131e+03,2,1.0000000000000000e+00,2.5570614776806465e+01,-1.2223359870656637e+01,-1.5421309889825576e+00,8.4850735028218105e-02,1.4790181068394337e-01,1.4556552383612135e-02

1.2310652869890923e+03,0,1.0000000000000000e+00,-1.1469965073273411e+01,3.7821611326679854e+00,6.8590145793027424e-01,2.1253852322079370e-01,1.1641793476929854e-01,-7.0967413075700599e-03
1.2310652869890923e+03,1,1.0000000000000000e+00,-1.4481739550400693e+01,7.7534270103553027e+00,7.8839209804549926e-01,-2.9275673575714345e-01,-2.6642866148514854e-01,-7.7310792991747935e-03
1.2310652869890923e+03,2,1.0000000000000000e+00,2.5951704614636707e+01,-1.1535587783137345e+01,-1.4742935498506766e+00,8.0218212712455800e-02,1.5001072712269084e-01,1.4827820611500318e-02

1.2357222058097154e+03,0,1.0000000000000000e+00,-1.0797322559794537e+01,4.6080987755396041e+00,6.6112498845082857e-01,6.5655131909780340e-02,2.2342161092178298e-01,-3.6713939290873750e-03
1.2357222058097154e+03,1,1.0000000000000000e+00,-1.5516937693391958e+01,6.2241657427347690e+00,7.4350111236420602e-01,-1.4113553162262532e-01,-3.7544830962837500e-01,-1.1418671903743795e-02
1.2357222058097154e+03,2,1.0000000000000000e+00,2.6314260244708585e+01,-1.0832264156123736e+01,-1.4046260946582059e+00,7.5480399751182398e-02,1.5202669924621587e-01,1.5090065841563496e-02

1.2402496036620262e+03,0,1.0000000000000000e+00,-1.0897845309881006e+01,5.6735485230117781e+00,6.4984243126666086e-01,-1.1071106658778837e-01,2.3003714828939187e-01,-1.5949959043396241e-03
1.2402496036620262e+03,1,1.0000000000000000e+00,-1.5747668663163733e+01,4.4661994907141978e+00,6.8591298133647594e-01,3.9859004544553850e-02,-3.8391293379353925e-01,-1.3736416444309200e-02
1.2402496036620262e+03,2,1.0000000000000000e+00,2.6645513964318518e+01,-1.0139747649198695e+01,-1.3357554064027888e+00,7.0852061907788172e-02,1.5387578598214052e-01,1.5331412358431587e-02

1.2450014981565569e+03,0,1.0000000000000000e+00,-1.1821418984251697e+01,6.5722295245529612e+00,6.4340235749477515e-01,-2.6820664426130847e-01,1.3217862235674011e-01,-1.4982533822069273e-03
1.2450014981565569e+03,1,1.0000000000000000e+00,-1.5149241564759190e+01,2.8319859952522810e+00,6.1893085998960606e-01,2.0220881790994971e-01,-2.8785002741783411e-01,-1.4069708823768557e-02
1.2450014981565569e+03,2,1.0000000000000000e+00,2.6970660539515851e+01,-9.4042151534428271e+00,-1.2623332112435213e+00,6.5997826201029133e-02,1.5567140535297255e-01,1.5567962212745166e-02

1.2497430545723003e+03,0,1.0000000000000000e+00,-1.3311134349355537e+01,6.8133123777847135e+00,6.3215019216294399e-01,-3.4321813881540036e-01,-3.8203056641548550e-02,-3.5731506655735656e-03
1.2497430545723003e+03,1,1.0000000000000000e+00,-1.3960960271515011e+01,1.8488640645514165e+00,5.5584016547226678e-01,2.8207532773380312e-01,-1.1909099528561362e-01,-1.2214331557242336e-02
1.2497430545723003e+03,2,1.0000000000000000e+00,2.7272094611015532e+01,-8.6621760748682846e+00,-1.1879903513712642e+00,6.1142811096940974e-02,1.5729405213447528e-01,1.5787482226147440e-02

1.2544119154702780e+03,0,1.0000000000000000e+00,-1.4879948132378026e+01,6.2031534504930281e+00,6.0764582353395258e-01,-3.1092054301325961e-01,-2.2027095007349534e-01,-7.0813763770729574e-03
1.2544119154702780e+03,1,1.0000000000000000e+00,-1.2666367815322939e+01,1.7212201165517698e+00,5.0615745952325519e-01,2.5460535137600887e-01,6.1536303003997261e-02,-8.9085901715024972e-03
1.2544119154702780e+03,2,1.0000000000000000e+00,2.7546315938301280e+01,-7.9243731984026962e+00,-1.1138032767787658e+00,5.6315191793929020e-02,1.5873464739322057e-01,1.5989966552209769e-02

1.2591048513499975e+03,0,1.0000000000000000e+00,-1.6067312394652653e+01,4.8218910298745561e+00,5.6526181980841939e-01,-1.8157357355480858e-01,-3.5578131114943445e-01,-1.0925181749688552e-02
1.2591048513499975e+03,1,1.0000000000000000e+00,-1.1731778632249569e+01,2.3544122781867762e+00,4.7304778263317060e-01,1.3017206160876843e-01,1.9572846533752475e-01,-5.2561394460929932e-03
1.2591048513499975e+03,2,1.0000000000000000e+00,2.7799091018198315e+01,-7.1763029374563487e+00,-1.0383095961380131e+00,5.1401512050082740e-02,1.6005284631532435e-01,1.6181321203126955e-02

1.2638411175586737e+03,0,1.0000000000000000e+00,-1.6497852728628899e+01,2.9963607798189709e+00,5.0603534549608098e-01,3.9190937800935022e-03,-3.9657716871166837e-01,-1.3820022287026534e-02
1.2638411175586737e+03,1,1.0000000000000000e+00,-1.1532869528298306e+01,3.4189632801127434e+00,4.5520366186474620e-01,-5.0327584265728836e-02,2.3530762062367971e-01,-2.5411299954953784e-03
1.2638411175586737e+03,2,1.0000000000000000e+00,2.8030722248276383e+01,-6.4153236867901597e+00,-9.6123900101457815e-01,4.6408490398810773e-02,1.6126954861855450e-01,1.6361152292622638e-02

1.2684663630666244e+03,0,1.0000000000000000e+00,-1.6064671592486349e+01,1.2793913069354812e+00,4.3915891178148625e-01,1.7670083351651614e-01,-3.2901148789118767e-01,-1.4735718959651516e-02
1.2684663630666244e+03,1,1.0000000000000000e+00,-1.2169436731651444e+01,4.3875017312722173e+00,4.4602800089544414e-01,-2.1824226132062638e-01,1.6667435733533836e-01,-1.7862087967549008e-03
1.2684663630666244e+03,2,1.0000000000000000e+00,2.8234108314784166e+01,-5.6668926629284710e+00,-8.8518690628574326e-01,4.1541427618142529e-02,1.6233713093088251e-01,1.6521927765046601e-02

1.2729749374488201e+03,0,1.0000000000000000e+00,-1.4999732347687990e+01,1.0366549061390518e-01,3.7469386887397776e-01,2.8162854296275064e-01,-1.8269737450015355e-01,-1.3530748709325710e-02
1.2729749374488201e+03,1,1.0000000000000000e+00,-1.3411014797613653e+01,4.8292308661643233e+00,4.3567743312624396e-01,-3.1844610410711882e-01,1.9458774381575616e-02,-3.1330675087672746e-03
1.2729749374488201e+03,2,1.0000000000000000e+00,2.8410747135265296e+01,-4.9328959801859202e+00,-8.1037129557834897e-01,3.6817561056144810e-02,1.6323860034477633e-01,1.6663816223044053e-02

1.2779910545153507e+03,0,1.0000000000000000e+00,-1.3524281981784533e+01,-3.1641163891803448e-01,3.1435445737054746e-01,2.8549265583830713e-01,1.5314452862662531e-02,-1.0278332736180631e-02
1.2779910545153507e+03,1,1.0000000000000000e+00,-1.5057961938092616e+01,4.4283325328039114e+00,4.1206691921960031e-01,-3.1704859751071829e-01,-1.7938057578297456e-01,-6.5272546464450474e-03
1.2779910545153507e+03,2,1.0000000000000000e+00,2.8582243909900612e+01,-4.1119205161670314e+00,-7.2642137014952235e-01,3.1555941776245322e-02,1.6406612318411812e-01,1.6805587385944239e-02

1.2826024047637416e+03,0,1.0000000000000000e+00,-1.2407482426871365e+01,1.2357824962791764e-01,2.7543563204660260e-01,1.8415757021964407e-01,1.6529855158095413e-01,-6.6006773953169902e-03
1.2826024047637416e+03,1,1.0000000000000000e+00,-1.6309052343055249e+01,3.2303155960322667e+00,3.7321517566427093e-01,-2.1083777719738750e-01,-3.2997671659938893e-01,-1.0321710394951264e-02
1.2826024047637416e+03,2,1.0000000000000000e+00,2.8716534760582046e+01,-3.3538934663280329e+00,-6.4865080125000640e-01,2.6680207112771793e-02,1.6467816546085279e-01,1.6922387796255729e-02

1.2875404119179145e+03,0,1.0000000000000000e+00,-1.1924108161124177e+01,1.1558766792320099e+00,2.5138496294858304e-01,4.4692626015806862e-03,2.3357823671560260e-01,-3.3790215880013449e-03
1.2875404119179145e+03,1,1.0000000000000000e+00,-1.6911196292344428e+01,1.3834852104240261e+00,3.1342269053550181e-01,-2.5889559589004647e-02,-3.9878281016504646e-01,-1.3654415470412223e-02
1.2875404119179145e+03,2,1.0000000000000000e+00,2.8835304444433472e+01,-2.5393615077965688e+00,-5.6480764698360764e-01,2.1420296955681855e-02,1.6520457399687613e-01,1.7033437068154637e-02

1.2923225045418167e+03,0,1.0000000000000000e+00,-1.2344063567258448e+01,2.2017717981188953e+00,2.3914229970570755e-01,-1.7515336920253821e-01,1.8534724521552032e-01,-2.1085465123223540e-03
1.2923225045418167e+03,1,1.0000000000000000e+00,-1.6581492427529582e+01,-4.5342047439292932e-01,2.4398189352524757e-01,1.5882348998972740e-01,-3.5094454823506965e-01,-1.5017741389809630e-02
1.2923225045418167e+03,2,1.0000000000000000e+00,2.8925555985174828e+01,-1.7483509394360814e+00,-4.8312418668205115e-01,1.6329879025266076e-02,1.6559730345828982e-01,1.7126287911865254e-02

1.2969595928659694e+03,0,1.0000000000000000e+00,-1.3460131718631253e+01,2.7692490678325878e+00,2.2798413501747294e-01,-2.9271279346262974e-01,4.7690875847358455e-02,-3.0572876682477650e-03
1.2969595928659694e+03,1,1.0000000000000000e+00,-1.5529772104975514e+01,-1.7894282055642021e+00,1.7554339359998747e-01,2.8128241343870103e-01,-2.1354159329110786e-01,-1.4144461310378768e-02
1.2969595928659694e+03,2,1.0000000000000000e+00,2.8989903813128187e+01,-9.7982047636927982e-01,-4.0352752203067521e-01,1.1430379872903011e-02,1.6585071770669871e-01,1.7201748984954950e-02

1.3021185636251507e+03,0,1.0000000000000000e+00,-1.5072412735792501e+01,2.5016830953295361e+00,2.0476888102534885e-01,-3.1042059244321218e-01,-1.5365167400976243e-01,-6.2345980267788370e-03
1.3021185636251507e+03,1,1.0000000000000000e+00,-1.3962477398682456e+01,-2.3778403695626507e+00,1.0983465507674692e-01,3.0440859281051746e-01,-1.2306282242296851e-02,-1.1034287524212802e-02
1.3021185636251507e+03,2,1.0000000000000000e+00,2.9034890123703295e+01,-1.2384233869659145e-01,-3.1460352949147574e-01,6.0119996766285766e-03,1.6595795648550649e-01,1.7268885554546462e-02

1.3072071007604629e+03,0,1.0000000000000000e+00,-1.6428827245128758e+01,1.2562814178301844e+00,1.6266267783042623e-01,-2.0420332662965529e-01,-3.2475224513949341e-01,-1.0343443314035840e-02
1.3072071007604629e+03,1,1.0000000000000000e+00,-1.2623045059938386e+01,-1.9767990685859924e+00,6.3934685530217597e-02,2.0354558554732743e-01,1.5887107108280640e-01,-6.9749187693123665e-03
1.3072071007604629e+03,2,1.0000000000000000e+00,2.9051872294833018e+01,7.2051803941177650e-01,-2.2659735672884118e-01,6.5774121164341448e-04,1.6588117446526957e-01,1.7318362088880782e-02

1.3121043409649501e+03,0,1.0000000000000000e+00,-1.7004613402709420e+01,-5.6124580859543260e-01,1.0326530322531507e-01,-2.3084675680616257e-02,-3.9889508746984631e-01,-1.3692022298667351e-02
1.3121043409649501e+03,1,1.0000000000000000e+00,-1.2037801236008583e+01,-9.7114666422676144e-01,3.8434627185468501e-02,2.7608248296500854e-02,2.3323315778094672e-01,-3.6586760528648041e-03
1.3121043409649501e+03,2,1.0000000000000000e+00,2.9042414628851489e+01,1.5323928638791731e+00,-1.4169992374201421e-01,-4.5235726238584129e-03,1.6566193023349915e-01,1.7350698360965228e-02

1.3169828112275331e+03,0,1.0000000000000000e+00,-1.6641055299058653e+01,-2.4480004965366833e+00,3.1945765415848648e-02,1.6761896831183093e-01,-3.5493685704686673e-01,-1.5162201112041128e-02
1.3169828112275331e+03,1,1.0000000000000000e+00,-1.2366696710147426e+01,1.0820542282508550e-01,2.5060745674180464e-02,-1.5793678147016954e-01,1.8961140331985882e-01,-2.2059540718409199e-03
1.3169828112275331e+03,2,1.0000000000000000e+00,2.9007751998823661e+01,2.3397954673265757e+00,-5.7006504371397752e-02,-9.6821870292566059e-03,1.6532545419504666e-01,1.7368155194093307e-02

1.3215574682253020e+03,0,1.0000000000000000e+00,-1.5558753288905756e+01,-3.7915939390486408e+00,-3.6342773012116830e-02,2.9244726301560353e-01,-2.2050710306463112e-01,-1.4337758884777211e-02
1.3215574682253020e+03,1,1.0000000000000000e+00,-1.3393718936649794e+01,6.9642362895288779e-01,1.3884080435224974e-02,-2.7797056112003249e-01,5.5608864430561900e-02,-3.0334209451186919e-03
1.3215574682253020e+03,2,1.0000000000000000e+00,2.8952472214234167e+01,3.0951707054395552e+00,2.2458699336169161e-02,-1.4476702083264015e-02,1.6489823892249891e-01,1.7371179837059186e-02

1.3266496981095711e+03,0,1.0000000000000000e+00,-1.3943477738682017e+01,-4.4117608805201414e+00,-1.0229532889254556e-01,3.2029422111676803e-01,-2.0368078613884955e-02,-1.1265491004129935e-02
1.3266496981095711e+03,1,1.0000000000000000e+00,-1.4921813863658619e+01,4.7842019026880855e-01,-8.5977954342581070e-03,-3.0053837691099666e-01,-1.4390008497668538e-01,-6.0936809846145207e-03
1.3266496981095711e+03,2,1.0000000000000000e+00,2.8865291590493332e+01,3.9333410867875753e+00,1.1089313111291951e-01,-1.9755844209627671e-02,1.6426816381033482e-01,1.7359171992627785e-02

1.3316887143466377e+03,0,1.0000000000000000e+00,-1.2523910678056531e+01,-4.0506657305899125e+00,-1.4889386852552097e-01,2.2462658869855265e-01,1.5311855186060672e-01,-7.1895022020018982e-03
1.3316887143466377e+03,1,1.0000000000000000e+00,-1.6228729767076338e+01,-7.0848059487803861e-01,-4.9408001877010763e-02,-1.9967100314304057e-01,-3.1658587470294630e-01,-1.0141334227581388e-02
1.3316887143466377e+03,2,1.0000000000000000e+00,2.8752640433652353e+01,4.7591467234289695e+00,1.9830187720918455e-01,-2.4955585438909158e-02,1.6346732321379423e-01,1.7330836434666399e-02

1.3365465788750894e+03,0,1.0000000000000000e+00,-1.1830685687800134e+01,-3.0689863315269230e+00,-1.7505691614886087e-01,5.2626230419837730e-02,2.3297752472963323e-01,-3.7892919231641876e-03
1.3365465788750894e+03,1,1.0000000000000000e+00,-1.6788530512566560e+01,-2.4820702133216015e+00,-1.0733736377168482e-01,-2.2648556260533401e-02,-3.9551992437989697e-01,-1.3498452685039596e-02
1.3365465788750894e+03,2,1.0000000000000000e+00,2.8619216189285900e+01,5.5510569450503437e+00,2.8239428676122658e-01,-2.9977674144700026e-02,1.6254240018101732e-01,1.7287744617164355e-02

1.3414059299374005e+03,0,1.0000000000000000e+00,-1.2034739920389221e+01,-1.9761785613524401e+00,-1.8863251365122335e-01,-1.3280962654647768e-01,1.9737440451531882e-01,-2.1686975902670269e-03
1.3414059299374005e+03,1,1.0000000000000000e+00,-1.6426597156834468e+01,-4.3622307613109772e+00,-1.7763387592101834e-01,1.6780743628598102e-01,-3.5887041486665749e-01,-1.5061052680433000e-02
1.3414059299374005e+03,2,1.0000000000000000e+00,2.8461337065735272e+01,6.3384097254513394e+00,3.6626639646202908e-01,-3.4997809914885859e-02,1.6149601084716100e-01,1.7229750281224379e-02

1.3461259278717480e+03,0,1.0000000000000000e+00,-1.2993742112579078e+01,-1.3261771698618787e+00,-1.9960119267127019e-01,-2.6023225872818456e-01,6.5100312527371890e-02,-2.8526393231891531e-03
1.3461259278717480e+03,1,1.0000000000000000e+00,-1.5290979689716234e+01,-5.7718872013618556e+00,-2.4783046785913798e-01,3.0006073314857906e-01,-2.2547394616305513e-01,-1.4307589919943036e-02
1.3461259278717480e+03,2,1.0000000000000000e+00,2.8284721789796507e+01,7.0980647759464865e+00,4.4743166746500873e-01,-3.9828474637298356e-02,1.6037363395245433e-01,1.7160229251064543e-02

1.3506850560971036e+03,0,1.0000000000000000e+00,-1.4290341656578661e+01,-1.4225300104822312e+00,-2.1782123137003939e-01,-2.9161118546920495e-01,-1.1060037924447330e-01,-5.3928895448178103e-03
1.3506850560971036e+03,1,1.0000000000000000e+00,-1.3802286568855680e+01,-6.4040112973215049e+00,-3.0767019055108147e-01,3.3603974472086395e-01,-4.8573461225827563e-02,-1.1688150597414487e-02
1.3506850560971036e+03,2,1.0000000000000000e+00,2.8092628212220774e+01,7.8265417136694273e+00,5.2549142888361433e-01,-4.4428559327957223e-02,1.5917384068204810e-01,1.7081040146769904e-02

1.3558680976952460e+03,0,1.0000000000000000e+00,-1.5630719569155598e+01,-2.4979797822159835e+00,-2.5607888926212918e-01,-2.0526066358136308e-01,-2.9527170742452769e-01,-9.4538758517834220e-03
1.3558680976952460e+03,1,1.0000000000000000e+00,-1.2218217243754719e+01,-6.1496820335388458e+00,-3.5767830072277096e-01,2.5485932912369613e-01,1.3762743257901094e-01,-7.5216308011431584e-03
1.3558680976952460e+03,2,1.0000000000000000e+00,2.7848936799793687e+01,8.6476622228954305e+00,6.1375719696837294e-01,-4.9598665451604240e-02,1.5764427516229795e-01,1.6975506657373012e-02

1.3608596482114895e+03,0,1.0000000000000000e+00,-1.6244457209984720e+01,-4.2525662977751786e+00,-3.1265074920736985e-01,-3.0457883526207041e-02,-3.8950748956879705e-01,-1.3023779939979708e-02
1.3608596482114895e+03,1,1.0000000000000000e+00,-1.1344525323297216e+01,-5.1779503677980667e+00,-3.8555137180905052e-01,8.5016213162376897e-02,2.3350579523920373e-01,-3.8330126402351186e-03
1.3608596482114895e+03,2,1.0000000000000000e+00,2.7588982520595497e+01,9.4305170747829248e+00,6.9820212803071768e-01,-5.4558329594500049e-02,1.5600169483207238e-01,1.6856792588402652e-02

1.3658333048501604e+03,0,1.0000000000000000e+00,-1.5898154084501712e+01,-6.1761626049099592e+00,-3.8284242454816059e-01,1.6709650294524522e-01,-3.6321800256085823e-01,-1.4818295039648363e-02
1.3658333048501604e+03,1,1.0000000000000000e+00,-1.1407198953363611e+01,-4.0258895777638486e+00,-3.9887099599330589e-01,-1.0760581144915535e-01,2.0899093929333878e-01,-1.9037778560421631e-03
1.3658333048501604e+03,2,1.0000000000000000e+00,2.7305353024906154e+01,1.0202052594523378e+01,7.8171342760429674e-01,-5.9490691651596511e-02,1.5422706378596884e-01,1.6722072906364314e-02

1.3704864817809430e+03,0,1.0000000000000000e+00,-1.4770055227377362e+01,-7.6047194175826638e+00,-4.5129866836126331e-01,3.0532355279581441e-01,-2.3723870415990331e-01,-1.4228213718507698e-02
1.3704864817809430e+03,1,1.0000000000000000e+00,-1.2247813976832568e+01,-3.3109175144872660e+00,-4.0790663690186912e-01,-2.4126011180796741e-01,8.4772796433071312e-02,-2.3548857940489352e-03
1.3704864817809430e+03,2,1.0000000000000000e+00,2.7017869190250209e+01,1.0915637345987136e+01,8.5920531237276787e-01,-6.4063441229969931e-02,1.5246590808099486e-01,1.6583099521357073e-02

1.3752014352279903e+03,0,1.0000000000000000e+00,-1.3181326199002797e+01,-8.3017644098089320e+00,-5.1278970433368121e-01,3.5026581500190934e-01,-5.4179174698185312e-02,-1.1566211835560704e-02
1.3752014352279903e+03,1,1.0000000000000000e+00,-1.3523712133372438e+01,-3.3283355996790656e+00,-4.2424983671962357e-01,-2.8164627422101585e-01,-9.6398191061768418e-02,-4.8646849611476911e-03
1.3752014352279903e+03,2,1.0000000000000000e+00,2.6705038317480263e+01,1.1630100424684134e+01,9.3703954819533497e-01,-6.8619540906876386e-02,1.5057736597206500e-01,1.6430896801739110e-02

1.3798666920200792e+03,0,1.0000000000000000e+00,-1.1656054524404805e+01,-8.1341205070130602e+00,-5.5812326387232991e-01,2.8653957896921911e-01,1.1946807140908666e-01,-7.7772848779201591e-03
1.3798666920200792e+03,1,1.0000000000000000e+00,-1.4718495484990619e+01,-4.1938580186354582e+00,-4.5519608714567272e-01,-2.1348924683559889e-01,-2.6804847892943673e-01,-8.4908475364036881e-03
1.3798666920200792e+03,2,1.0000000000000000e+00,2.6374549994343166e+01,1.2327978941873747e+01,1.0133193581793472e+00,-7.3050332085192238e-02,1.4858040778372050e-01,1.6268132418283270e-02

1.3845794064597360e+03,0,1.0000000000000000e+00,-1.0634428627142057e+01,-7.2802742842267119e+00,-5.8573082709966529e-01,1.3636422726622704e-01,2.2762545494211245e-01,-4.0708565721978771e-03
1.3845794064597360e+03,1,1.0000000000000000e+00,-1.5385409056375677e+01,-5.7428793752516327e+00,-5.0384000066762902e-01,-5.8885383488788967e-02,-3.7404148526177433e-01,-1.2018308070900582e-02
1.3845794064597360e+03,2,1.0000000000000000e+00,2.6019837668831009e+01,1.3023154077361108e+01,1.0895708349529936e+00,-7.7478843707215486e-02,1.4641603076402046e-01,1.6089164649959808e-02

1.3893564061553943e+03,0,1.0000000000000000e+00,-1.0427110125482539e+01,-6.1393211417223732e+00,-5.9877395955233848e-01,-4.9727021102444285e-02,2.3094202243031006e-01,-1.7117412200870416e-03
1.3893564061553943e+03,1,1.0000000000000000e+00,-1.5211935730272135e+01,-7.5777382663871293e+00,-5.6718963788823018e-01,1.3167181947270698e-01,-3.7502445361371362e-01,-1.4180066988251010e-02
1.3893564061553943e+03,2,1.0000000000000000e+00,2.5639045841056902e+01,1.3717059828408807e+01,1.1659636046680302e+00,-8.1944798464154561e-02,1.4408243171826118e-01,1.5891808218605794e-02

1.3940961821085414e+03,0,1.0000000000000000e+00,-1.1049507558681142e+01,-5.2517230254881859e+00,-6.0558239367705458e-01,-2.0237574061890531e-01,1.2802270104633831e-01,-1.5499543568419198e-03
1.3940961821085414e+03,1,1.0000000000000000e+00,-1.4190699219318716e+01,-9.1425471373175995e+00,-6.3521240434733894e-01,2.8871652345467480e-01,-2.6968093892942790e-01,-1.4132014936116552e-02
1.3940961821085414e+03,2,1.0000000000000000e+00,2.5240206762446341e+01,1.4394270585438893e+01,1.2407948053015545e+00,-8.6340783080641581e-02,1.4165823830392282e-01,1.5681969302901555e-02

1.3988259533171988e+03,0,1.0000000000000000e+00,-1.2205536541755894e+01,-5.0356211340759121e+00,-6.1693250880285566e-01,-2.6914868023986316e-01,-4.3525156844561180e-02,-3.5717032773312195e-03
1.3988259533171988e+03,1,1.0000000000000000e+00,-1.2616063059482812e+01,-1.0022759225773209e+01,-6.9751709181647525e-01,3.5980193438140140e-01,-9.5622200518133499e-02,-1.1889828106605334e-02
1.3988259533171988e+03,2,1.0000000000000000e+00,2.4821599584541364e+01,1.5058380784027021e+01,1.3144496079355064e+00,-9.0653254344627551e-02,1.3914735760428093e-01,1.5461531390252924e-02

1.4034817650730622e+03,0,1.0000000000000000e+00,-1.3404953519937074e+01,-5.6611432775869908e+00,-6.4115214133271148e-01,-2.2847994902963464e-01,-2.2141471807921329e-01,-6.9769659062489681e-03
1.4034817650730622e+03,1,1.0000000000000000e+00,-1.0984885811505009e+01,-1.0039129935803590e+01,-7.4475868881462515e-01,3.2328245821773860e-01,8.4843441473388098e-02,-8.2573097610969814e-03
1.4034817650730622e+03,2,1.0000000000000000e+00,2.4389839314197687e+01,1.5700273638540686e+01,1.3859108374857618e+00,-9.4802509213754618e-02,1.3657127681676753e-01,1.5234275671132178e-02

1.4082205874038398e+03,0,1.0000000000000000e+00,-1.4194932183766451e+01,-7.0461475235070132e+00,-6.8314459115524073e-01,-9.1874412095186792e-02,-3.4969215825096850e-01,-1.0671107845053044e-02
1.4082205874038398e+03,1,1.0000000000000000e+00,-9.7358194136374117e+00,-9.2948385213072093e+00,-7.7438575135850829e-01,1.9081666124274235e-01,2.1587775599879205e-01,-4.3188559441940857e-03
1.4082205874038398e+03,2,1.0000000000000000e+00,2.3930751580350314e+01,1.6340986471279823e+01,1.4575303498721879e+00,-9.8942249072037997e-02,1.3381440261667382e-01,1.4989963794610041e-02

1.4128070105877985e+03,0,1.0000000000000000e+00,-1.4209287424826531e+01,-8.7601242081112467e+00,-7.3853033007882574e-01,8.8833237244545282e-02,-3.8029053851154548e-01,-1.3220312830081859e-02
1.4128070105877985e+03,1,1.0000000000000000e+00,-9.2585841858773748e+00,-8.1882039475087947e+00,-7.8717925279907008e-01,1.4066428940567532e-02,2.4928337186980432e-01,-1.5180440837076793e-03
1.4128070105877985e+03,2,1.0000000000000000e+00,2.3467871593838147e+01,1.6948328584145223e+01,1.5257095902695612e+00,-1.0289966620863489e-01,1.3100716715653399e-01,1.4738356922916283e-02

1.4175454424888442e+03,0,1.0000000000000000e+00,-1.3358269955547868e+01,-1.0419831087970767e+01,-8.0353979722027524e-01,2.6271007323374701e-01,-3.0277007186927818e-01,-1.3827321539773904e-02
1.4175454424888442e+03,1,1.0000000000000000e+00,-9.6124049048038724e+00,-7.1421467204744138e+00,-7.9135993483650102e-01,-1.5576022096294118e-01,1.7478545026836723e-01,-6.3578969451981784e-04
1.4175454424888442e+03,2,1.0000000000000000e+00,2.2970674842914875e+01,1.7561978239422896e+01,1.5948997394970248e+00,-1.0694985248297428e-01,1.2798462208406147e-01,1.4463111244949315e-02

1.4223269165742690e+03,0,1.0000000000000000e+00,-1.1821924470731581e+01,-1.1500314345167350e+01,-8.6635527274992963e-01,3.6329702312347334e-01,-1.3907924629478918e-01,-1.2074281911874388e-02
1.4223269165742690e+03,1,1.0000000000000000e+00,-1.0627723061231812e+01,-6.6661362635143870e+00,-7.9701052458802990e-01,-2.5232550865896242e-01,1.4238270378969964e-02,-2.0989827330171358e-03
1.4223269165742690e+03,2,1.0000000000000000e+00,2.2449647513308186e+01,1.8166451041544846e+01,1.6633658048238125e+00,-1.1097151472443867e-01,1.2484097621261668e-01,1.4173264652735572e-02

1.4270106443646639e+03,0,1.0000000000000000e+00,-1.0097167461177651e+01,-1.1711098070882823e+01,-9.1527291726328841e-01,3.5467464756815070e-01,4.7963268465745029e-02,-8.6101558626909876e-03
1.4270106443646639e+03,1,1.0000000000000000e+00,-1.1823686687724139e+01,-7.0327000356328133e+00,-8.1379402811295110e-01,-2.3986464545032082e-01,-1.6964024362519156e-01,-5.2701816464689605e-03
1.4270106443646639e+03,2,1.0000000000000000e+00,2.1920854129323885e+01,1.8743798540440743e+01,1.7290669528896232e+00,-1.1481000223000801e-01,1.2167697534605440e-01,1.3880337513361807e-02

1.4318559418879577e+03,0,1.0000000000000000e+00,-8.6212032443045068e+00,-1.1078855760545881e+01,-9.4683039785806389e-01,2.3906033201148752e-01,2.0087124702403014e-01,-4.4370787535588652e-03
1.4318559418879577e+03,1,1.0000000000000000e+00,-1.2733977694156525e+01,-8.2463505151558252e+00,-8.4873574425369958e-01,-1.2039481599880686e-01,-3.1916050711796928e-01,-9.1293633062548164e-03
1.4318559418879577e+03,2,1.0000000000000000e+00,2.1355180918781112e+01,1.9325206710690320e+01,1.7955661496433895e+00,-1.1866551596287726e-01,1.1828926037941923e-01,1.3566442063965213e-02

1.4365149514227728e+03,0,1.0000000000000000e+00,-7.8986329073180741e+00,-9.9682693320023077e+00,-9.5943705232402099e-01,6.5647395263575603e-02,2.5857328628060999e-01,-1.2053272395688933e-03
1.4365149514227728e+03,1,1.0000000000000000e+00,-1.2895223047664579e+01,-9.9001944930795958e+00,-8.9860472053989227e-01,5.6639009156298437e-02,-3.7346797590800845e-01,-1.2044857886972389e-02
1.4365149514227728e+03,2,1.0000000000000000e+00,2.0793855935551875e+01,1.9868464261833207e+01,1.8580417804224756e+00,-1.2228640439851465e-01,1.1489469009287331e-01,1.3250185134254210e-02

1.4413385028918874e+03,0,1.0000000000000000e+00,-8.0299172900866509e+00,-8.8029031924111152e+00,-9.6087828689308585e-01,-1.1446818439030212e-01,2.0600655252017297e-01,2.2011218022889578e-04
1.4413385028918874e+03,1,1.0000000000000000e+00,-1.2165166374799554e+01,-1.1611001418171814e+01,-9.6025271824549496e-01,2.4044281536817894e-01,-3.1724797029121110e-01,-1.3126008024303573e-02
1.4413385028918874e+03,2,1.0000000000000000e+00,2.0195083645133355e+01,2.0413905049774730e+01,1.9211310127426411e+00,-1.2597463114262858e-01,1.1124141827994641e-01,1.2905895854657019e-02

1.4462178161532306e+03,0,1.0000000000000000e+00,-8.9111379074367818e+00,-8.1312760559695043e+00,-9.6126406585452462e-01,-2.3108196387678684e-01,5.7034547523372711e-02,-7.7894745041487412e-04
1.4462178161532306e+03,1,1.0000000000000000e+00,-1.0660303317856778e+01,-1.2816166216437182e+01,-1.0219590281120137e+00,3.6072067568098731e-01,-1.6447210985195498e-01,-1.1764388766569803e-02
1.4462178161532306e+03,2,1.0000000000000000e+00,1.9571441204377095e+01,2.0947442713749076e+01,1.9832231016201967e+00,-1.2963871208447381e-01,1.0743756267833293e-01,1.2543336225954686e-02

1.4509644836914031e+03,0,1.0000000000000000e+00,-1.0073372211260494e+01,-8.2959660624659932e+00,-9.7131728772425996e-01,-2.3989085475281938e-01,-1.2748901411921870e-01,-3.7028784593392487e-03
1.4509644836914031e+03,1,1.0000000000000000e+00,-8.8744487799310043e+00,-1.3152511498016004e+01,-1.0705894267177256e+00,3.7299362296797201e-01,2.3828373685429560e-02,-8.4788048856073508e-03
1.4509644836914031e+03,2,1.0000000000000000e+00,1.8947820969099418e+01,2.1448478003056298e+01,2.0419067221286200e+00,-1.3310276839838225e-01,1.0366064062328800e-01,1.2181683349877738e-02

1.4556590441506539e+03,0,1.0000000000000000e+00,-1.1009862923946478e+01,-9.2845108167740520e+00,-9.9738056199393110e-01,-1.4332029056019402e-01,-2.8428527397571618e-01,-7.4302965964764111e-03
1.4556590441506539e+03,1,1.0000000000000000e+00,-7.3053023067183105e+00,-1.2641682311239126e+01,-1.1008593639463415e+00,2.7972317776177397e-01,1.8444356372257803e-01,-4.3858384201283206e-03
1.4556590441506539e+03,2,1.0000000000000000e+00,1.8315165208153061e+01,2.1926193571457279e+01,2.0982399336446638e+00,-1.3640288720237098e-01,9.9841710470458644e-02,1.1816135019961668e-02

1.4603553421427355e+03,0,1.0000000000000000e+00,-1.1303755210608397e+01,-1.0839467954407858e+01,-1.0403130125169278e+00,2.6091769005318372e-02,-3.6126845634106508e-01,-1.0660754711774571e-02
1.4603553421427355e+03,1,1.0000000000000000e+00,-6.3633083572797116e+00,-1.1546419726331953e+01,-1.1125382582376564e+00,1.1349293321446705e-01,2.6536319419028254e-01,-7.7789665438092286e-04
1.4603553421427355e+03,2,1.0000000000000000e+00,1.7667063545568354e+01,2.2385888125603643e+01,2.1528512784798175e+00,-1.3958470217282967e-01,9.5905262547598236e-02,1.1438651372257316e-02

1.4649716290109113e+03,0,1.0000000000000000e+00,-1.0756230432112137e+01,-1.2480586491677363e+01,-1.0938767155429707e+00,2.0851983826086049e-01,-3.3192872529563622e-01,-1.2203462276445507e-02
1.4649716290109113e+03,1,1.0000000000000000e+00,-6.2594269345470872e+00,-1.0338841864039761e+01,-1.1108925390491584e+00,-6.5896043973946133e-02,2.4002446895296026e-01,1.1514216163917169e-03
1.4649716290109113e+03,2,1.0000000000000000e+00,1.7015657344274477e+01,2.2819428802740848e+01,2.2047692623547777e+00,-1.4262379438519163e-01,9.1904256853399702e-02,1.1052040669907616e-02

1.4698598119055487e+03,0,1.0000000000000000e+00,-9.3543963965717367e+00,-1.3809128973284688e+01,-1.1526215416884547e+00,3.5113211269788630e-01,-1.9682601818138240e-01,-1.1402335737510582e-02
1.4698598119055487e+03,1,1.0000000000000000e+00,-6.9563800247115424e+00,-9.4489333001632509e+00,-1.1051380051387238e+00,-2.0536751808338410e-01,1.0928057887151599e-01,7.7574722409133774e-04
1.4698598119055487e+03,2,1.0000000000000000e+00,1.6310776397943641e+01,2.3258062722816153e+01,2.2577595546405793e+00,-1.4576459488776447e-01,8.7545439722460205e-02,1.0626588523444017e-02

1.4746192986736596e+03,0,1.0000000000000000e+00,-7.5460819073130363e+00,-1.4309118949039231e+01,-1.2004913481595250e+00,3.8985323806822125e-01,-9.5155355732772229e-03,-8.4140049098197067e-03
1.4746192986736596e+03,1,1.0000000000000000e+00,-8.0638333372654465e+00,-9.3553499436806078e+00,-1.1068378972386939e+00,-2.4112539102327191e-01,-7.3706153727847890e-02,-1.7880723312393536e-03
1.4746192986736596e+03,2,1.0000000000000000e+00,1.5609915219897548e+01,2.3664469343578077e+01,2.3073292532509528e+00,-1.4872784729675378e-01,8.3221689519904524e-02,1.0202077247214461e-02

1.4793284124244367e+03,0,1.0000000000000000e+00,-5.8393325671574488e+00,-1.3927529243975568e+01,-1.2306098447872209e+00,3.1784965238497465e-01,1.6414779618766698e-01,-4.2940406293552544e-03
1.4793284124244367e+03,1,1.0000000000000000e+00,-9.0635505492460258e+00,-1.0118649384621747e+01,-1.1237613691140818e+00,-1.6631888987813859e-01,-2.4303021552845791e-01,-5.4820058145998423e-03
1.4793284124244367e+03,2,1.0000000000000000e+00,1.4902883090939811e+01,2.4046179080277149e+01,2.3543712217744339e+00,-1.5153076257726683e-01,7.8882419507638996e-02,9.7760464470264038e-03

1.4839994196474445e+03,0,1.0000000000000000e+00,-4.6909231383150463e+00,-1.2886155714495569e+01,-1.2412415632687277e+00,1.6403659861624528e-01,2.6636583869745506e-01,-4.0348523696060769e-04
1.4839994196474445e+03,1,1.0000000000000000e+00,-9.4979458583955001e+00,-1.1518274250844417e+01,-1.1577919339321123e+00,-9.8689728921665110e-03,-3.4085980745789762e-01,-8.9418538496525198e-03
1.4839994196474445e+03,2,1.0000000000000000e+00,1.4188868971260387e+01,2.4404430418084427e+01,2.3990335050896334e+00,-1.5416762567644485e-01,7.4493969072566613e-02,9.3453390910147299e-03

1.4885737367823142e+03,0,1.0000000000000000e+00,-4.3510315639430388e+00,-1.1627159232369952e+01,-1.2368309645785334e+00,-1.5198669917344004e-02,2.6664949561038986e-01,2.0253901696150583e-03
1.4885737367823142e+03,1,1.0000000000000000e+00,-9.1269601436782040e+00,-1.3107985586155415e+01,-1.2039620126991848e+00,1.7182551794842907e-01,-3.3673132351109247e-01,-1.0935731572988943e-02
1.4885737367823142e+03,2,1.0000000000000000e+00,1.3477991682274897e+01,2.4735145273107879e+01,2.4407929851956593e+00,-1.5662684806516938e-01,7.0081828376286043e-02,8.9103414117929439e-03

1.4936769474481691e+03,0,1.0000000000000000e+00,-4.8730652739210445e+00,-1.0512929967222433e+01,-1.2247082339184532e+00,-1.7671598866347990e-01,1.5240663219719452e-01,2.2600496515441304e-03
1.4936769474481691e+03,1,1.0000000000000000e+00,-7.7988667850065863e+00,-1.4566999062680715e+01,-1.2602790694212795e+00,3.3597419671687712e-01,-2.1742720193110204e-01,-1.0666906463040988e-02
1.4936769474481691e+03,2,1.0000000000000000e+00,1.2671932032878475e+01,2.5079929486972524e+01,2.4849873113079535e+00,-1.5925820829163798e-01,6.5020570188972310e-02,8.4068568219177534e-03

1.4985969130748022e+03,0,1.0000000000000000e+00,-5.9335780430323535e+00,-1.0193980801284244e+01,-1.2182270601566336e+00,-2.3516553851468341e-01,-2.8984861733600126e-02,2.4193513389017540e-05
1.4985969130748022e+03,1,1.0000000000000000e+00,-5.9487832845014283e+00,-1.5193630235490179e+01,-1.3068984999286428e+00,3.9685396919234678e-01,-3.1057854940902657e-02,-7.9323278202234962e-03
1.4985969130748022e+03,2,1.0000000000000000e+00,1.1882361300086215e+01,2.5387611495626576e+01,2.5251255680987756e+00,-1.6168843096837410e-01,6.0042716933885895e-02,7.9081343141566458e-03

1.5034535907215982e+03,0,1.0000000000000000e+00,-6.9791803316469441e+00,-1.0785420580720540e+01,-1.2267246863063610e+00,-1.7666201977921903e-01,-2.0869550136951709e-01,-3.6574242369385368e-03
1.5034535907215982e+03,1,1.0000000000000000e+00,-4.1123503823775538e+00,-1.4881755233642480e+01,-1.3356001152906336e+00,3.4061520570024706e-01,1.5361979977122509e-01,-3.7526115642481849e-03
1.5034535907215982e+03,2,1.0000000000000000e+00,1.1091530685489069e+01,2.5667176274111739e+01,2.5623248096352818e+00,-1.6395318605474840e-01,5.5075701740943964e-02,7.4100358044119552e-03

1.5080342373731057e+03,0,1.0000000000000000e+00,-7.4866040812035699e+00,-1.2024446497689990e+01,-1.2518057537207157e+00,-3.3976143426420552e-02,-3.1860845979288521e-01,-7.1916512088414679e-03
1.5080342373731057e+03,1,1.0000000000000000e+00,-2.8493144781709736e+00,-1.3884188545251298e+01,-1.3433778546324973e+00,1.9991187598793261e-01,2.6826924890241288e-01,2.5595573368297070e-04
1.5080342373731057e+03,2,1.0000000000000000e+00,1.0335918530632792e+01,2.5908635503490057e+01,2.5951836164041651e+00,-1.6593573253595037e-01,5.0339211128092504e-02,6.9356954782668736e-03

1.5131378404028856e+03,0,1.0000000000000000e+00,-7.1480822232688119e+00,-1.3729397929080505e+01,-1.2958001480961774e+00,1.6802017464991562e-01,-3.2775541089070009e-01,-9.6832592615110329e-03
1.5131378404028856e+03,1,1.0000000000000000e+00,-2.3357102553054903e+00,-1.2422477578632193e+01,-1.3334091928160827e+00,-5.4280594867756049e-05,2.8279527292936751e-01,3.2876647585127917e-03
1.5131378404028856e+03,2,1.0000000000000000e+00,9.4837924499898953e+00,2.6151875970008927e+01,2.6292093489889097e+00,-1.6796589406292237e-01,4.4960138401310801e-02,6.3955945103575055e-03

1.5181758610701199e+03,0,1.0000000000000000e+00,-5.8506693307489765e+00,-1.5141830267003179e+01,-1.3455168193751708e+00,3.3523259284867840e-01,-2.1499210698357557e-01,-9.5856909434938152e-03
1.5181758610701199e+03,1,1.0000000000000000e+00,-2.7821931292440181e+00,-1.1222895209364692e+01,-1.3145331325869640e+00,-1.6541793044087422e-01,1.7547674414261910e-01,3.7412001830983786e-03
1.5181758610701199e+03,2,1.0000000000000000e+00,8.6328624308733524e+00,2.6364725941060989e+01,2.6600499600853063e+00,-1.6981466261960884e-01,3.9515363308581797e-02,5.8444907707547213e-03

1.5230322295897893e+03,0,1.0000000000000000e+00,-4.0125213058483808e+00,-1.5757666483422257e+01,-1.3866181660923906e+00,4.0293071620521737e-01,-3.1660969098592312e-02,-6.9759545250947415e-03
1.5230322295897893e+03,1,1.0000000000000000e+00,-3.7915813626350228e+00,-1.0785997662331468e+01,-1.3004941976973594e+00,-2.3145703855495758e-01,-2.5038507136998789e-03,1.6769953703794638e-03
1.5230322295897893e+03,2,1.0000000000000000e+00,7.8041026380121377e+00,2.6543664612325095e+01,2.6871123719596173e+00,-1.7147367795889035e-01,3.4164820098410681e-02,5.2989591627630910e-03

1.5275849768284975e+03,0,1.0000000000000000e+00,-2.2380938863391791e+00,-1.5487233029873739e+01,-1.4097634629975162e+00,3.5951818004680891e-01,1.4609761108545841e-01,-3.0485085860844537e-03
1.5275849768284975e+03,1,1.0000000000000000e+00,-4.7820193015279555e+00,-1.1200465513185996e+01,-1.3002980721725779e+00,-1.8661134022489456e-01,-1.7520227610139974e-01,-1.7336485435684168e-03
1.5275849768284975e+03,2,1.0000000000000000e+00,7.0201131561909778e+00,2.6687699010535525e+01,2.7100615433664510e+00,-1.7290684001407153e-01,2.9104665150253534e-02,4.7821571333321123e-03

1.5321818794532371e+03,0,1.0000000000000000e+00,-8.6447821137073833e-01,-1.4496793487981073e+01,-1.4140086137425671e+00,2.2616304586279198e-01,2.7168259190871780e-01,1.1249576349506426e-03
1.5321818794532371e+03,1,1.0000000000000000e+00,-5.3577594257401859e+00,-1.2312908634178008e+01,-1.3168337594540240e+00,-5.1961819531334635e-02,-2.9565366933000437e-01,-5.3836478750512893e-03
1.5321818794532371e+03,2,1.0000000000000000e+00,6.2222376049949943e+00,2.6809702590267371e+01,2.7308423814046163e+00,-1.7420122633913218e-01,2.3971077598261170e-02,4.2586902422960650e-03

1.5373201637698307e+03,0,1.0000000000000000e+00,-2.0857605612477137e-01,-1.2971047312734157e+01,-1.3987089820234759e+00,2.6399014472993920e-02,3.0041994862890276e-01,4.4828400671884996e-03
1.5373201637698307e+03,1,1.0000000000000000e+00,-5.1152850359452353e+00,-1.3946967338410102e+01,-1.3525002889149516e+00,1.4904296059850591e-01,-3.1859279782822791e-01,-8.1497216600297084e-03
1.5373201637698307e+03,2,1.0000000000000000e+00,5.3238610601037655e+00,2.6918015120677303e+01,2.7512092791652725e+00,-1.7544197505037351e-01,1.8172849582967610e-02,3.6668815986525011e-03

1.5421729067888427e+03,0,1.0000000000000000e+00,-5.0825117451012325e-01,-1.1687270853191539e+01,-1.3738700921535267e+00,-1.4048178782131462e-01,2.1151735625804657e-01,5.3296595079305158e-03
1.5421729067888427e+03,1,1.0000000000000000e+00,-3.9617800742169216e+00,-1.5305441345310125e+01,-1.3937494803214849e+00,3.1690775889065448e-01,-2.2411143894122248e-01,-8.4233573668212394e-03
1.5421729067888427e+03,2,1.0000000000000000e+00,4.4700312164802938e+00,2.6992712670201822e+01,2.7676195807407877e+00,-1.7642597122498854e-01,1.2594083156189198e-02,3.0936978686625684e-03

1.5469666122822409e+03,0,1.0000000000000000e+00,-1.4224563724003731e+00,-1.1051038776541020e+01,-1.3512743838780787e+00,-2.2375022000241518e-01,4.5410512204414881e-02,3.7224057287604728e-03
1.5469666122822409e+03,1,1.0000000000000000e+00,-2.1998139904719327e+00,-1.5988628360011134e+01,-1.4297876459477725e+00,4.0099900646556552e-01,-5.2392887001459283e-02,-6.2350594848558450e-03
1.5469666122822409e+03,2,1.0000000000000000e+00,3.6222703294560388e+00,2.7039667610272474e+01,2.7810620381390549e+00,-1.7724878676972489e-01,6.9823751361447976e-03,2.5126537651884639e-03

1.5516184663538793e+03,0,1.0000000000000000e+00,-2.4452883042512630e+00,-1.1261130697776235e+01,-1.3411101999447457e+00,-1.9806823980107013e-01,-1.3325369424685279e-01,4.5461921875987465e-04
1.5516184663538793e+03,1,1.0000000000000000e+00,-3.5084330598692492e-01,-1.5798240461062598e+01,-1.4503131640172271e+00,3.7598361942197878e-01,1.3176846407590465e-01,-2.3962454037249059e-03
1.5516184663538793e+03,2,1.0000000000000000e+00,2.7961315754430345e+00,2.7059371633668146e+01,2.7914233723077615e+00,-1.7791537987102074e-01,1.4852303199848369e-03,1.9416261896357456e-03

1.5560866372075659e+03,0,1.0000000000000000e+00,-3.0991628864690974e+00,-1.2172184939892258e+01,-1.3472257355560342e+00,-8.2000821047894107e-02,-2.6361310874701005e-01,-3.1667196147237078e-03
1.5560866372075659e+03,1,1.0000000000000000e+00,1.0991562507192101e+00,-1.4882010463993645e+01,-1.4516472915052634e+00,2.6041316690929883e-01,2.6741466627483101e-01,1.7735647101548976e-03
1.5560866372075659e+03,2,1.0000000000000000e+00,2.0000066002379664e+00,2.7054195879235419e+01,2.7988730354199336e+00,-1.7841234592682256e-01,-3.8015574088871140e-03,1.3931549062588132e-03

1.5605905012058874e+03,0,1.0000000000000000e+00,-3.0944920194200032e+00,-1.3503842091923079e+01,-1.3685054545843625e+00,8.8943135337261031e-02,-3.1147918220982607e-01,-6.0609789145123164e-03
1.5605905012058874e+03,1,1.0000000000000000e+00,1.8988383521537635e+00,-1.3521224674622285e+01,-1.4353977843325127e+00,8.9797130169512324e-02,3.2061592096623615e-01,5.2208462506521062e-03
1.5605905012058874e+03,2,1.0000000000000000e+00,1.1956536317701696e+00,2.7025067242731037e+01,2.8039032472848957e+00,-1.7874026546339919e-01,-9.1367384831316789e-03,8.4013266712057270e-04

1.5666631331600013e+03,0,1.0000000000000000e+00,-1.8482772694424336e+00,-1.5202665429574992e+01,-1.4103787353948465e+00,3.1013209985631263e-01,-2.1933219560285594e-01,-7.0703694159964300e-03
1.5666631331600013e+03,1,1.0000000000000000e+00,1.7386636690126838e+00,-1.1744918102617079e+01,-1.3963380383847626e+00,-1.3124364849846754e-01,2.3573459956983306e-01,6.9871572639392358e-03
1.5666631331600013e+03,2,1.0000000000000000e+00,1.0961356487078922e-01,2.6947584010732996e+01,2.8067167821852261e+00,-1.7888845147147714e-01,-1.6402403505701324e-02,8.3212161039584488e-05

1.5714582108638870e+03,0,1.0000000000000000e+00,-1.0180461843348909e-01,-1.5869497641665216e+01,-1.4403298413135188e+00,4.0116762718544391e-01,-4.9418831505464944e-02,-5.0251314446826669e-03
1.5714582108638870e+03,1,1.0000000000000000e+00,8.4981219270977681e-01,-1.0985486108628512e+01,-1.3653215441646298e+00,-2.2237514366862049e-01,7.1652506323288623e-02,5.5548333826520553e-03
1.5714582108638870e+03,2,1.0000000000000000e+00,-7.4800761085896195e-01,2.6854984230905927e+01,2.8056513939304697e+00,-1.7879248381177398e-01,-2.2233674452691088e-02,-5.2970192844393419e-04

1.5762661242369470e+03,0,1.0000000000000000e+00,1.8212875320585258e+00,-1.5639218936686225e+01,-1.4554903001285933e+00,3.7925678773713278e-01,1.4291134992402243e-01,-1.0575532587652221e-03
1.5762661242369470e+03,1,1.0000000000000000e+00,-2.1421239413769810e-01,-1.1094692432590467e+01,-1.3461182413412702e+00,-2.0071921992497466e-01,-1.1477748301092261e-01,2.2101286554585282e-03
1.5762661242369470e+03,2,1.0000000000000000e+00,-1.6070751759774766e+00,2.6733911851131008e+01,2.8016085499587273e+00,-1.7853756808880650e-01,-2.8133866757810960e-02,-1.1525753915035712e-03

1.5807661750599605e+03,0,1.0000000000000000e+00,3.2955299511272504e+00,-1.4659988384195293e+01,-1.4505880853190871e+00,2.6300888059521121e-01,2.8108835146409261e-01,3.2140441804714539e-03
1.5807661750599605e+03,1,1.0000000000000000e+00,-8.8583820117468681e-01,-1.1934895586475630e+01,-1.3445229182433649e+00,-8.4857972877773635e-02,-2.4743720755748955e-01,-1.4795243058275008e-03
1.5807661750599605e+03,2,1.0000000000000000e+00,-2.4096917888696856e+00,2.6594884452996578e+01,2.7951110120650422e+00,-1.7815090781154141e-01,-3.3651143817338108e-02,-1.7345198732116700e-03

1.5853091537427326e+03,0,1.0000000000000000e+00,4.1100633414933929e+00,-1.3222809190019579e+01,-1.4274113941506712e+00,9.0734439286822066e-02,3.3506244652771527e-01,6.7632505600660128e-03
1.5853091537427326e+03,1,1.0000000000000000e+00,-8.9224857822034398e-01,-1.3206600761781619e+01,-1.3584928733269122e+00,8.6850231413201529e-02,-2.9586912335291576e-01,-4.4449743780747772e-03
1.5853091537427326e+03,2,1.0000000000000000e+00,-3.2178148022470761e+00,2.6429410434781627e+01,2.7859042759864714e+00,-1.7758467065713374e-01,-3.9193322949501785e-02,-2.3182761797861289e-03

1.5904543545636068e+03,0,1.0000000000000000e+00,4.0647844283690251e+00,-1.1600934823907632e+01,-1.3867064043358002e+00,-1.0139635719383000e-01,2.7459560834561869e-01,8.5982837231214689e-03
1.5904543545636068e+03,1,1.0000000000000000e+00,6.4568878492727855e-02,-1.4610685311045197e+01,-1.3855666619345444e+00,2.7809240535442281e-01,-2.2912678637170869e-01,-5.6166817372944947e-03
1.5904543545636068e+03,2,1.0000000000000000e+00,-4.1293533457230200e+00,2.6211620619649185e+01,2.7722730748028757e+00,-1.7669604820247831e-01,-4.5468821550786825e-02,-2.9816019786099413e-03

1.5954303250684604e+03,0,1.0000000000000000e+00,3.2372212360140873e+00,-1.0594949944367613e+01,-1.3451983080461862e+00,-2.1442546352466696e-01,1.1789830343184954e-01,7.6459221452177904e-03
1.5954303250684604e+03,1,1.0000000000000000e+00,1.7687077819663921e+00,-1.5375221712931189e+01,-1.4106207082835496e+00,3.9001497723247103e-01,-6.6310689183924854e-02,-4.0120175073914532e-03
1.5954303250684604e+03,2,1.0000000000000000e+00,-5.0059290575779523e+00,2.5970172144163065e+01,2.7558190249067365e+00,-1.7558951395854672e-01,-5.1587613844147756e-02,-3.6339046280736351e-03

1.6004646992264627e+03,0,1.0000000000000000e+00,2.1126624113164949e+00,-1.0492102555976327e+01,-1.3140879824680058e+00,-2.1115286717485821e-01,-7.6656504714862600e-02,4.4270508838623462e-03
1.6004646992264627e+03,1,1.0000000000000000e+00,3.7739833431359497e+00,-1.5202656576288543e+01,-1.4217527169086470e+00,3.8541279216818097e-01,1.3448643010680847e-01,-1.2329440685979534e-04
1.6004646992264627e+03,2,1.0000000000000000e+00,-5.8866457955586702e+00,2.5694759620657653e+01,2.7358407079964295e+00,-1.7425992529819037e-01,-5.7829925200748596e-02,-4.3037564706118695e-03

1.6049137555713312e+03,0,1.0000000000000000e+00,1.3693016172301569e+00,-1.1165997559079745e+01,-1.3024791530582389e+00,-1.0948877204085228e-01,-2.1663540476693272e-01,7.7234978505463184e-04
1.6049137555713312e+03,1,1.0000000000000000e+00,5.2897331109534225e+00,-1.4259203154406963e+01,-1.4128962651766945e+00,2.8241934183712886e-01,2.7997498867319270e-01,4.1228841208486534e-03
1.6049137555713312e+03,2,1.0000000000000000e+00,-6.6590347703561150e+00,2.5425201202391296e+01,2.7153754268724946e+00,-1.7293056994855252e-01,-6.3339583838832050e-02,-4.8952339040605588e-03

1.6093482537286759e+03,0,1.0000000000000000e+00,1.2285558872981328e+00,-1.2300742303407375e+01,-1.3064353830860176e+00,5.2249808552977006e-02,-2.7989515264860176e-01,-2.3767569190456628e-03
1.6093482537286759e+03,1,1.0000000000000000e+00,6.1941158819894264e+00,-1.2831496688211949e+01,-1.3859373949001772e+00,1.1919822263927982e-01,3.4867348985836777e-01,7.8546762500615389e-03
1.6093482537286759e+03,2,1.0000000000000000e+00,-7.4226718117127986e+00,2.5132239480922635e+01,2.6923727866278679e+00,-1.7144803116885218e-01,-6.8778337064293926e-02,-5.4779193301572049e-03

1.6142996180784994e+03,0,1.0000000000000000e+00,1.9690959396400718e+00,-1.3629221396805178e+01,-1.3233258535495351e+00,2.4270653075350179e-01,-2.3662564386026019e-01,-4.0351786855995090e-03
1.6142996180784994e+03,1,1.0000000000000000e+00,6.2979257633601380e+00,-1.1147575525180368e+01,-1.3403266721248948e+00,-7.3140239510848193e-02,3.1141243657620865e-01,1.0157863543941437e-02
1.6142996180784994e+03,2,1.0000000000000000e+00,-8.2670217452068862e+00,2.4776797412537601e+01,2.6636525343290876e+00,-1.6956629122228728e-01,-7.4786792357331489e-02,-6.1226848533254101e-03

1.6191381062348439e+03,0,1.0000000000000000e+00,3.4900682871383659e+00,-1.4458403921519659e+01,-1.3415712656503014e+00,3.7150054821667144e-01,-9.2714114348366738e-02,-3.0672009963029429e-03
1.6191381062348439e+03,1,1.0000000000000000e+00,5.5924297848625546e+00,-9.9423837547852028e+00,-1.2909283581807611e+00,-2.0403022532851611e-01,1.7335284442901411e-01,9.8227976405596967e-03
1.6191381062348439e+03,2,1.0000000000000000e+00,-9.0824981145505408e+00,2.4400788168861233e+01,2.6324996325215682e+00,-1.6747032306503007e-01,-8.0638729651546059e-02,-6.7555966350211424e-03

1.6240112536955201e+03,0,1.0000000000000000e+00,5.4056879833176676e+00,-1.4442338644013173e+01,-1.3491528560479344e+00,3.9467537523026258e-01,1.0184767604051514e-01,2.8359094378554344e-04
1.6240112536955201e+03,1,1.0000000000000000e+00,4.4872784280456619e+00,-9.5510884089321166e+00,-1.2488568887781240e+00,-2.2955606745299945e-01,-1.5297617885930814e-02,7.1169172790165672e-03
1.6240112536955201e+03,2,1.0000000000000000e+00,-9.8929664551925178e+00,2.3993427547262044e+01,2.5980097535613345e+00,-1.6511930809226794e-01,-8.6550057890796284e-02,-7.4005082147130356e-03

1.6285025553716696e+03,0,1.0000000000000000e+00,7.0278921811875046e+00,-1.3604682050648657e+01,-1.3385253601534040e+00,3.1243751264135977e-01,2.6330031453291136e-01,4.5278658167237258e-03
1.6285025553716696e+03,1,1.0000000000000000e+00,3.6014720250777792e+00,-9.9877890654508903e+00,-1.2249077160601949e+00,-1.4966047979359198e-01,-1.7130807927108938e-01,3.4681659686523862e-03
1.6285025553716696e+03,2,1.0000000000000000e+00,-1.0629364251388358e+01,2.3592471611148795e+01,2.5634330849747915e+00,-1.6277703307491073e-01,-9.1992235183165072e-02,-7.9960317821120425e-03

1.6328974207337801e+03,0,1.0000000000000000e+00,8.0867300825760751e+00,-1.2216795419837927e+01,-1.3095852696042516e+00,1.6122354821349777e-01,3.5420005398864185e-01,8.5119824279346300e-03
1.6328974207337801e+03,1,1.0000000000000000e+00,3.2527140179566771e+00,-1.0959781075232510e+01,-1.2174386337232999e+00,-8.8462808350736610e-04,-2.5694258707577600e-01,5.9164474573034087e-05
1.6328974207337801e+03,2,1.0000000000000000e+00,-1.1339444146224144e+01,2.3176576990365550e+01,2.5270239120948670e+00,-1.6033892016079329e-01,-9.7257466843284929e-02,-8.5711469023037456e-03

1.6378280893588046e+03,0,1.0000000000000000e+00,8.3975101888799628e+00,-1.0441157203046419e+01,-1.2595454782357045e+00,-3.3910875755775921e-02,3.4586311875161058e-01,1.1414568960443929e-02
1.6378280893588046e+03,1,1.0000000000000000e+00,3.7253783151057744e+00,-1.2241541878222078e+01,-1.2236527260880892e+00,1.9131752385407932e-01,-2.4281250087837092e-01,-2.2109328028737923e-03
1.6378280893588046e+03,2,1.0000000000000000e+00,-1.2122888549497230e+01,2.2682699577332173e+01,2.4831982130953203e+00,-1.5740664803473622e-01,-1.0305061761140244e-01,-9.2036361550998994e-03

1.6427237495477136e+03,0,1.0000000000000000e+00,7.8299352099902624e+00,-8.9973958349308667e+00,-1.2016562276333298e+00,-1.8557449778801099e-01,2.2850168290240458e-01,1.1787282068864943e-02
1.6427237495477136e+03,1,1.0000000000000000e+00,5.0559266005908530e+00,-1.3166943174719506e+01,-1.2349636545552634e+00,3.3981626546232518e-01,-1.1980207258569975e-01,-1.9628817359430284e-03
1.6427237495477136e+03,2,1.0000000000000000e+00,-1.2885861856059533e+01,2.2164339507449803e+01,2.4366198909849994e+00,-1.5424176775618653e-01,-1.0869960989938543e-01,-9.8244003253173031e-03

1.6474615482614017e+03,0,1.0000000000000000e+00,6.7783355042841400e+00,-8.3184848333299115e+00,-1.1498252665197022e+00,-2.4049971614824292e-01,5.2722645660662884e-02,9.7416074122351586e-03
1.6474615482614017e+03,1,1.0000000000000000e+00,6.8305208740951899e+00,-1.3318011277057874e+01,-1.2388241709099561e+00,3.9141936831898905e-01,6.1395149836452570e-02,6.8458989863509276e-04
1.6474615482614017e+03,2,1.0000000000000000e+00,-1.3608856424737699e+01,2.1636496610076925e+01,2.3886494462678880e+00,-1.5091965244565581e-01,-1.1411779515590724e-01,-1.0426197301775821e-02

1.6521301324738401e+03,0,1.0000000000000000e+00,5.7397517361282127e+00,-8.4882472752470122e+00,-1.1122972845610373e+00,-1.8698848609559426e-01,-1.2001676620763502e-01,6.1764210337573039e-03
1.6521301324738401e+03,1,1.0000000000000000e+00,8.5656056510002543e+00,-1.2603068176870082e+01,-1.2262892164611272e+00,3.3441445589903140e-01,2.3944553443288885e-01,4.8437140439777553e-03
1.6521301324738401e+03,2,1.0000000000000000e+00,-1.4305357434883206e+01,2.1091315952911522e+01,2.3385865098954270e+00,-1.4742597008606251e-01,-1.1942876809565778e-01,-1.1020135072485917e-02

1.6567369601258517e+03,0,1.0000000000000000e+00,5.1752222309280569e+00,-9.3292459262158687e+00,-1.0926859466686922e+00,-4.6882285791395917e-02,-2.3119132432259243e-01,2.4141760234225249e-03
1.6567369601258517e+03,1,1.0000000000000000e+00,9.8010306888308030e+00,-1.1199924826357883e+01,-1.1937951098399289e+00,1.9069258183566057e-01,3.5579469270703840e-01,9.1845780445297190e-03
1.6567369601258517e+03,2,1.0000000000000000e+00,-1.4976252968430362e+01,2.0529171253652965e+01,2.2864810653943972e+00,-1.4381029614124205e-01,-1.2460336835490315e-01,-1.1598754067383331e-02

1.6611947232358771e+03,0,1.0000000000000000e+00,5.3497550155715352e+00,-1.0430657907667129e+01,-1.0883124129260695e+00,1.2688713103305560e-01,-2.4635120438509195e-01,-1.9089686199804702e-04
1.6611947232358771e+03,1,1.0000000000000000e+00,1.0259503925813171e+01,-9.5321173554970109e+00,-1.1452428296793229e+00,1.3278952173367498e-02,3.7584068847188712e-01,1.2334943706007465e-02
1.6611947232358771e+03,2,1.0000000000000000e+00,-1.5609258990075425e+01,1.9962775764567013e+01,2.2335552514910257e+00,-1.4016608314055240e-01,-1.2948948394049642e-01,-1.2144046843731778e-02

1.6661609972986373e+03,0,1.0000000000000000e+00,6.4275811047963209e+00,-1.1460637397644913e+01,-1.0919343253339102e+00,2.9735763498917411e-01,-1.5026170030333869e-01,-8.1153086933033296e-04
1.6661609972986373e+03,1,1.0000000000000000e+00,9.8672925913532801e+00,-7.8458926162959468e+00,-1.0798373095913745e+00,-1.6145616628686921e-01,2.8502382654442709e-01,1.3546366022695513e-02
1.6661609972986373e+03,2,1.0000000000000000e+00,-1.6294873744523372e+01,1.9306530516629792e+01,2.1717716438228836e+00,-1.3590146868577213e-01,-1.3476212587948139e-01,-1.2734835148319332e-02

1.6709031095731518e+03,0,1.0000000000000000e+00,8.0709229429233069e+00,-1.1788308921431435e+01,-1.0920731554577441e+00,3.7876867099269440e-01,2.0498767463985629e-02,1.1467612619920193e-03
1.6709031095731518e+03,1,1.0000000000000000e+00,8.8582653173931369e+00,-6.8675138219327696e+00,-1.0179903936064658e+00,-2.4718934928550784e-01,1.1915850141792142e-01,1.2143163819044574e-02
1.6709031095731518e+03,2,1.0000000000000000e+00,-1.6929188309095753e+01,1.8655823247941733e+01,2.1100635579964435e+00,-1.3157932190098917e-01,-1.3965726848938950e-01,-1.3289925072158471e-02

1.6754524659750241e+03,0,1.0000000000000000e+00,9.7757420775601531e+00,-1.1277388338150914e+01,-1.0789308626113536e+00,3.5329011313060243e-01,2.0183192138470746e-01,4.8476863171491510e-03
1.6754524659750241e+03,1,1.0000000000000000e+00,7.7421581978403671e+00,-6.7325677010744087e+00,-9.6946727231894669e-01,-2.2609472304612288e-01,-5.7563260101721359e-02,8.9713129146859472e-03
1.6754524659750241e+03,2,1.0000000000000000e+00,-1.7517900325385824e+01,1.8009956545236353e+01,2.0483981439015153e+00,-1.2719539038720071e-01,-1.4426866106728778e-01,-1.3818999224497322e-02

1.6800410543161142e+03,0,1.0000000000000000e+00,1.1149724659559535e+01,-1.0003514992650263e+01,-1.0465910255683419e+00,2.3208495558511133e-01,3.4165266853402665e-01,9.2446473025720125e-03
1.6800410543161142e+03,1,1.0000000000000000e+00,6.9412979945956241e+00,-7.3339253731171929e+00,-9.3718465029779341e-01,-1.0950432075275490e-01,-1.9281194749543584e-01,5.1011146218382878e-03
1.6800410543161142e+03,2,1.0000000000000000e+00,-1.8091022705343491e+01,1.7337440872302668e+01,1.9837756848596599e+00,-1.2258063501963551e-01,-1.4884072100444243e-01,-1.4345761922165053e-02

1.6846590258952497e+03,0,1.0000000000000000e+00,1.1820954935989956e+01,-8.2678972542383988e+00,-9.9480429097939993e-01,5.3903976673666976e-02,3.9268261336479654e-01,1.2954765306759059e-02
1.6846590258952497e+03,1,1.0000000000000000e+00,6.8251367799378118e+00,-8.3718099455573203e+00,-9.2152762027554580e-01,6.3889250039610546e-02,-2.3936864208374126e-01,1.9054402487328967e-03
1.6846590258952497e+03,2,1.0000000000000000e+00,-1.8646091767478875e+01,1.6639707706447098e+01,1.9163319202503248e+00,-1.1779322668869588e-01,-1.5331397122421400e-01,-1.4860205556107571e-02

1.6892108567672462e+03,0,1.0000000000000000e+00,1.1659896367919965e+01,-6.5626453209423481e+00,-9.3079970974688853e-01,-1.1935472624624460e-01,3.4017542857356559e-01,1.4806757166233073e-02
1.6892108567672462e+03,1,1.0000000000000000e+00,7.5113857096781445e+00,-9.3695089855471991e+00,-9.1677597938226685e-01,2.3229745961944309e-01,-1.8263573569400088e-01,5.3999364334051184e-04
1.6892108567672462e+03,2,1.0000000000000000e+00,-1.9171282128801362e+01,1.5932154813814172e+01,1.8475756981256195e+00,-1.1294273328250759e-01,-1.5753969262811016e-01,-1.5346750807673896e-02

1.6939449695644887e+03,0,1.0000000000000000e+00,1.0778292881927975e+01,-5.2625633236141276e+00,-8.6089159590829434e-01,-2.3869725401552050e-01,1.9745949788004580e-01,1.4313319422175910e-02
1.6939449695644887e+03,1,1.0000000000000000e+00,8.9153865390089742e+00,-9.9137967716580331e+00,-9.1287156614509679e-01,3.4641376685060071e-01,-3.5736541341691075e-02,1.5205111842186963e-03
1.6939449695644887e+03,2,1.0000000000000000e+00,-1.9693679472009862e+01,1.5176360604205176e+01,1.7737631710710970e+00,-1.0771651289952333e-01,-1.6172295614089249e-01,-1.5833830599422775e-02

1.6985551147688263e+03,0,1.0000000000000000e+00,9.5928342341903523e+00,-4.7600941039487950e+00,-8.0024250248364637e-01,-2.5806056443534192e-01,1.8839021891006585e-02,1.1706798631997598e-02
1.6985551147688263e+03,1,1.0000000000000000e+00,1.0585274914786520e+01,-9.6616583099716209e+00,-8.9945586457784077e-01,3.6046340848964858e-01,1.4678120235996281e-01,4.5889488766267996e-03
1.6985551147688263e+03,2,1.0000000000000000e+00,-2.0178109200824995e+01,1.4421752924588102e+01,1.6996983761171076e+00,-1.0240284431081217e-01,-1.6562022393347139e-01,-1.6295747500059028e-02

1.7033952077174472e+03,0,1.0000000000000000e+00,8.5181081206606883e+00,-5.0904502807713605e+00,-7.5300181638889896e-01,-1.6882331364080289e-01,-1.4594482688939855e-01,7.7153517429451833e-03
1.7033952077174472e+03,1,1.0000000000000000e+00,1.2141656600995539e+01,-8.5200770577194245e+00,-8.6667128177740682e-01,2.6541166691064511e-01,3.1551230773198657e-01,9.0544357044833653e-03
1.7033952077174472e+03,2,1.0000000000000000e+00,-2.0659764774856896e+01,1.3610527850159698e+01,1.6196731072556210e+00,-9.6588353527065615e-02,-1.6956748074808989e-01,-1.6769787442805838e-02

1.7080659066137587e+03,0,1.0000000000000000e+00,8.0896139481984903e+00,-5.9978327595928977e+00,-7.2587755458820569e-01,-6.4103326885375234e-03,-2.2613052893379060e-01,4.0538058586073525e-03
1.7080659066137587e+03,1,1.0000000000000000e+00,1.3007839673260573e+01,-6.8120701313155099e+00,-8.1443016518592082e-01,9.7219891506384992e-02,3.9936489617112247e-01,1.3157453548356545e-02
1.7080659066137587e+03,2,1.0000000000000000e+00,-2.1097453675431613e+01,1.2809903402714452e+01,1.5403077288729490e+00,-9.0809558873733598e-02,-1.7323436723464136e-01,-1.7211259407103694e-02

1.7126332172228692e+03,0,1.0000000000000000e+00,8.4685525022501729e+00,-7.0139038657509118e+00,-7.1291794752198379e-01,1.7012635103813528e-01,-2.0134803243182445e-01,1.9485394587739624e-03
1.7126332172228692e+03,1,1.0000000000000000e+00,1.3030555318364502e+01,-4.9969383672291237e+00,-7.4783672388226852e-01,-8.5068121641319994e-02,3.7798199331859805e-01,1.5671929320385483e-02
1.7126332172228692e+03,2,1.0000000000000000e+00,-2.1499107874409088e+01,1.2010842745039408e+01,1.4607546804999647e+00,-8.5058229289978513e-02,-1.7663396074762874e-01,-1.7620468779413905e-02

1.7172075891758820e+03,0,1.0000000000000000e+00,9.5813610324322660e+00,-7.6923129752239721e+00,-7.0464946864521072e-01,3.0498647776899490e-01,-8.1918885714414164e-02,2.0626899006839054e-03
1.7172075891758820e+03,1,1.0000000000000000e+00,1.2293480150385726e+01,-3.5031985564906662e+00,-6.7461248517434458e-01,-2.2578679188404061e-01,2.6172057519136072e-01,1.5943025068784471e-02
1.7172075891758820e+03,2,1.0000000000000000e+00,-2.1874841236161597e+01,1.1195512044900079e+01,1.3792619629233587e+00,-7.9199685834121097e-02,-1.7980168913440303e-01,-1.8005714965250108e-02

1.7218369466604497e+03,0,1.0000000000000000e+00,1.1144343471305092e+01,-7.6717499626933083e+00,-6.9034018459263913e-01,3.5296742362863903e-01,9.5786669965180787e-02,4.4626011259392279e-03
1.7218369466604497e+03,1,1.0000000000000000e+00,1.1083139073644572e+01,-2.6844644554608559e+00,-6.0470705859743157e-01,-2.7984727098009138e-01,8.6968966076924697e-02,1.3911379580694470e-02
1.7218369466604497e+03,2,1.0000000000000000e+00,-2.2227482598530628e+01,1.0356214933102642e+01,1.2950472523239425e+00,-7.3120152808758665e-02,-1.8275563566402889e-01,-1.8373980698474384e-02

1.7263985785327877e+03,0,1.0000000000000000e+00,1.2663742113740438e+01,-6.8258748027551741e+00,-6.6145134126978955e-01,2.9641354901373440e-01,2.6985571987997869e-01,8.3670676114758098e-03
1.7263985785327877e+03,1,1.0000000000000000e+00,9.8832615835653748e+00,-2.6904548242002431e+00,-5.4898592368965193e-01,-2.2947561136440375e-01,-8.4404505343415814e-02,1.0352636678076153e-02
1.7263985785327877e+03,2,1.0000000000000000e+00,-2.2547003751964436e+01,9.5163301432819836e+00,1.2104372741299527e+00,-6.6937937927709135e-02,-1.8545121433390055e-01,-1.8719704282584071e-02

1.7310644354657693e+03,0,1.0000000000000000e+00,1.3732211512882341e+01,-5.2584969210422994e+00,-6.1220847560339431e-01,1.4997842836242439e-01,3.8764636740456049e-01,1.2672325974534890e-02
1.7310644354657693e+03,1,1.0000000000000000e+00,9.1120006707093459e+00,-3.3864702509641926e+00,-5.1009416734418889e-01,-8.9544423768685905e-02,-1.9962118863563960e-01,6.3831811072727991e-03
1.7310644354657693e+03,2,1.0000000000000000e+00,-2.2844212239364897e+01,8.6449676887874638e+00,1.1223026521392363e+00,-6.0434004756010767e-02,-1.8802517875528960e-01,-1.9055507079916562e-02

1.7356428475955688e+03,0,1.0000000000000000e+00,1.4002921372217802e+01,-3.4020912539186234e+00,-5.4630812963362063e-01,-3.3288978682587761e-02,4.0567216829311226e-01,1.5840030843956566e-02
1.7356428475955688e+03,1,1.0000000000000000e+00,9.1031558313290510e+00,-4.3765812365746246e+00,-4.8803777052921549e-01,8.7235384008008537e-02,-2.1530496474284222e-01,3.5226802926605558e-03
1.7356428475955688e+03,2,1.0000000000000000e+00,-2.3106077259553398e+01,7.7786730072883472e+00,1.0343459093544114e+00,-5.3946405269682890e-02,-1.9036720351689179e-01,-1.9362711137762407e-02

1.7397728744437034e+03,0,1.0000000000000000e+00,1.3544263534690693e+01,-1.8475663137743599e+00,-4.7791300222832889e-01,-1.8244952626129785e-01,3.3436606636272959e-01,1.6968102455062795e-02
1.7397728744437034e+03,1,1.0000000000000000e+00,9.7724596335223044e+00,-5.1408533631370581e+00,-4.7593155566236228e-01,2.3050585065177065e-01,-1.4208141474080810e-01,2.6488598810621017e-03
1.7397728744437034e+03,2,1.0000000000000000e+00,-2.3316723223763958e+01,6.9884201941839255e+00,9.5384456707992915e-01,-4.8056324256717797e-02,-1.9228465141120957e-01,-1.9616962335406371e-02

1.7453624784229180e+03,0,1.0000000000000000e+00,1.2157275426540977e+01,-4.7606679072446401e-01,-3.8565404868923858e-01,-2.9128424631918315e-01,1.4402780916093236e-01,1.5490656855138861e-02
1.7453624784229180e+03,1,1.0000000000000000e+00,1.1405656798671647e+01,-5.4311076946109953e+00,-4.5765824470536398e-01,3.3130525059028315e-01,5.0492575621154917e-02,4.4350821100496811e-03
1.7453624784229180e+03,2,1.0000000000000000e+00,-2.3562932280396510e+01,5.9071750043978071e+00,8.4331230260434231e-01,-4.0021004315450193e-02,-1.9452038439422561e-01,-1.9925738958645613e-02

1.7502012739182501e+03,0,1.0000000000000000e+00,1.0762839147451089e+01,-2.3857943143102567e-01,-3.1852808448344905e-01,-2.6593666596158111e-01,-4.3020370230004545e-02,1.2009578122894264e-02
1.7502012739182501e+03,1,1.0000000000000000e+00,1.2976669411959501e+01,-4.7233746058259891e+00,-4.2778240653193028e-01,2.9887343022976159e-01,2.3913385227687933e-01,8.1537268748004890e-03
1.7502012739182501e+03,2,1.0000000000000000e+00,-2.3739508615334266e+01,4.9619545580377871e+00,7.4631050026220858e-01,-3.2936764508200635e-02,-1.9611348176434643e-01,-2.0163304989923178e-02

1.7549852931595560e+03,0,1.0000000000000000e+00,9.7591252529162169e+00,-8.0112746697051396e-01,-2.7105997393850856e-01,-1.3970075106514951e-01,-1.7905362650711509e-01,7.8405620724161552e-03
1.7549852931595560e+03,1,1.0000000000000000e+00,1.4120880719213307e+01,-3.2194000437969916e+00,-3.7827721619642191e-01,1.6547495525671346e-01,3.7647076116590161e-01,1.2532442018324987e-02
1.7549852931595560e+03,2,1.0000000000000000e+00,-2.3880006029246029e+01,4.0205280323588335e+00,6.4933719941038881e-01,-2.5774204405105798e-02,-1.9741713459851593e-01,-2.0373004087170174e-02

1.7596035601439207e+03,0,1.0000000000000000e+00,9.5093534701777109e+00,-1.7565584259384446e+00,-2.4296553141293487e-01,3.5423640380774786e-02,-2.1707152833800239e-01,4.5610140248788268e-03
1.7596035601439207e+03,1,1.0000000000000000e+00,1.4473494111791430e+01,-1.3497636278537311e+00,-3.1186431192599895e-01,-1.6671474186074335e-02,4.1552792912696601e-01,1.5989241446519857e-02
1.7596035601439207e+03,2,1.0000000000000000e+00,-2.3982847639609727e+01,3.1063225754118786e+00,5.5482985261953688e-01,-1.8752166194775148e-02,-1.9845640079683952e-01,-2.0550255472258746e-02

1.7640989953621925e+03,0,1.0000000000000000e+00,1.0048549746321097e+01,-2.6225685374337204e+00,-2.2637012771642112e-01,1.9829210144262815e-01,-1.5223634929980859e-01,3.1824413697720717e-03
1.7640989953621925e+03,1,1.0000000000000000e+00,1.4003183789836285e+01,4.1027274519640544e-01,-2.3573880185394025e-01,-1.8639434034106300e-01,3.5149008967239970e-01,1.7513916247682705e-02
1.7640989953621925e+03,2,1.0000000000000000e+00,-2.4051733593390782e+01,2.2122963141044685e+00,4.6210893884571252e-01,-1.1897760950000487e-02,-1.9925374022686015e-01,-2.0696357618002866e-02

1.7684416389342077e+03,0,1.0000000000000000e+00,1.1153588405876832e+01,-3.0030556941584168e+00,-2.1154490917164337e-01,2.9785835016282003e-01,-1.3547880122829731e-02,3.9969096039989237e-03
1.7684416389342077e+03,1,1.0000000000000000e+00,1.2935484065634654e+01,1.6572892205835030e+00,-1.6042808738519318e-01,-2.9255512753273583e-01,2.1332990041993369e-01,1.6814438675135157e-02
1.7684416389342077e+03,2,1.0000000000000000e+00,-2.4089072528150105e+01,1.3457669965239418e+00,3.7197300583845094e-01,-5.3032225436081791e-03,-1.9978201995674430e-01,-2.0811348275363337e-02

1.7735785993560917e+03,0,1.0000000000000000e+00,1.2751065772082775e+01,-2.5539156082263226e+00,-1.8334593920270276e-01,3.0203908891897041e-01,1.8921889685982837e-01,7.3296874178118698e-03
1.7735785993560917e+03,1,1.0000000000000000e+00,1.1345240363552552e+01,2.2352838277197895e+00,-8.1440261871293551e-02,-3.0453136115881702e-01,1.0832791234578448e-02,1.3584665479933040e-02
1.7735785993560917e+03,2,1.0000000000000000e+00,-2.4096306192431026e+01,3.1863230538173104e-01,2.6478621038716249e-01,2.4922720883922000e-03,-2.0005168773625728e-01,-2.0914352890053459e-02

1.7784335002133353e+03,0,1.0000000000000000e+00,1.3988651577165099e+01,-1.2220039264666513e+00,-1.3737428080440248e-01,1.9138575946817959e-01,3.4838784097478281e-01,1.1670907306348403e-02
1.7784335002133353e+03,1,1.0000000000000000e+00,1.0077547670578857e+01,1.8744961189776288e+00,-2.5704347101859690e-02,-2.0131161421502375e-01,-1.4843431428304721e-01,9.3084405868842715e-03
1.7784335002133353e+03,2,1.0000000000000000e+00,-2.4066199305597920e+01,-6.5249166635535172e-01,1.6307863725383920e-01,9.9258545053104441e-03,-1.9995352654123025e-01,-2.0979347887721506e-02

1.7831293380047521e+03,0,1.0000000000000000e+00,1.4489147582562751e+01,6.1292345339541354e-01,-7.3219796473620397e-02,1.5045394485317110e-02,4.1577150125273393e-01,1.5462428150019997e-02
1.7831293380047521e+03,1,1.0000000000000000e+00,9.5133902847518765e+00,9.7773229237028048e-01,8.7456400185014771e-03,-3.2243959548152012e-02,-2.1619436906516792e-01,5.5498449999285670e-03
1.7831293380047521e+03,2,1.0000000000000000e+00,-2.4002537926008046e+01,-1.5906552193496526e+00,6.4474165816505891e-02,1.7198564979045705e-02,-1.9957713219714612e-01,-2.1012273149549503e-02

1.7877942685837713e+03,0,1.0000000000000000e+00,1.4122938877673842e+01,2.4984423278480836e+00,4.5661430290657584e-03,-1.6792426191735635e-01,3.7475102928492732e-01,1.7521442835605458e-02
1.7877942685837713e+03,1,1.0000000000000000e+00,9.7824637993535326e+00,2.1896963253737578e-02,2.9000109886791373e-02,1.4348313733946169e-01,-1.7578183875183362e-01,3.4944430128319680e-03
1.7877942685837713e+03,2,1.0000000000000000e+00,-2.3905402735578843e+01,-2.5203387646528022e+00,-3.3566243559284531e-02,2.4441124707935163e-02,-1.9896919046893208e-01,-2.1015885849987204e-02

1.7921334822723502e+03,0,1.0000000000000000e+00,1.3102592205625140e+01,3.8827902490416752e+00,8.0870047581480836e-02,-2.9111051698343665e-01,2.5233008129710849e-01,1.7289113952567835e-02
1.7921334822723502e+03,1,1.0000000000000000e+00,1.0682244514608472e+01,-5.0069326152647786e-01,4.3849252518777519e-02,2.5999615551030902e-01,-5.4141135777987570e-02,3.7045455121625676e-03
1.7921334822723502e+03,2,1.0000000000000000e+00,-2.3784836778075515e+01,-3.3820964603554939e+00,-1.2471929074518479e-01,3.1114361632862186e-02,-1.9818894525129618e-01,-2.0993659463237203e-02

1.7973778159513768e+03,0,1.0000000000000000e+00,1.1413995010506724e+01,4.6845483970808557e+00,1.6502458096321143e-01,-3.3052977231543668e-01,4.9498670101960962e-02,1.4393122995264278e-02
1.7973778159513768e+03,1,1.0000000000000000e+00,1.2186785323228253e+01,-2.6624864406743765e-01,6.9651615952983775e-02,2.9147169121627781e-01,1.4741741535945152e-01,6.5407032278456054e-03
1.7973778159513768e+03,2,1.0000000000000000e+00,-2.3600780391213330e+01,-4.4182992240109664e+00,-2.3467618753870914e-01,3.9058081051083771e-02,-1.9691608507234115e-01,-2.0933826216442381e-02

1.8023295989385697e+03,0,1.0000000000000000e+00,9.9392368795285790e+00,4.4752500219635269e+00,2.2592935961243998e-01,-2.4695945003581229e-01,-1.2504661093182307e-01,1.0076073590961493e-02
1.8023295989385697e+03,1,1.0000000000000000e+00,1.3449730366689096e+01,9.1438327657661889e-01,1.1219483002950939e-01,2.0047180586831423e-01,3.2038544734476371e-01,1.0766351157289307e-02
1.8023295989385697e+03,2,1.0000000000000000e+00,-2.3388967304439781e+01,-5.3896327678968703e+00,-3.3812418022887236e-01,4.6487643946585472e-02,-1.9533883617518100e-01,-2.0842424741632566e-02

1.8071080249117470e+03,0,1.0000000000000000e+00,9.1257059876983568e+00,3.6227213709670449e+00,2.6390894059849912e-01,-8.4385184768272892e-02,-2.1498638216438981e-01,5.9602879608142111e-03
1.8071080249117470e+03,1,1.0000000000000000e+00,1.4024001155124719e+01,2.6960112163439955e+00,1.7353050151770238e-01,3.0728791662233190e-02,4.0846953291970212e-01,1.4759842459565145e-02
1.8071080249117470e+03,2,1.0000000000000000e+00,-2.3149707202016973e+01,-6.3187320560711546e+00,-4.3743943268209973e-01,5.3656392963451212e-02,-1.9348315072855193e-01,-2.0720130418584125e-02

1.8118965019656941e+03,0,1.0000000000000000e+00,9.1689612738979562e+00,2.5976564301167304e+00,2.8538344759594170e-01,1.0026432446986608e-01,-1.9382420871777256e-01,3.3671743695570799e-03
1.8118965019656941e+03,1,1.0000000000000000e+00,1.3706616167403654e+01,4.6425586937943280e+00,2.5091439505315821e-01,-1.6109656863641805e-01,3.8517572724929700e-01,1.7197614376490089e-02
1.8118965019656941e+03,2,1.0000000000000000e+00,-2.2875577500627102e+01,-7.2402145926770434e+00,-5.3629783321690172e-01,6.0832244257065092e-02,-1.9135151851491630e-01,-2.0564788747882742e-02

1.8160631740467952e+03,0,1.0000000000000000e+00,9.8662294288695556e+00,1.9842209694719966e+00,2.9818225564290990e-01,2.2501198533912642e-01,-8.9224729012343545e-02,3.1131850467496364e-03
1.8160631740467952e+03,1,1.0000000000000000e+00,1.2742986132780910e+01,6.0491001211499480e+00,3.2347843474362670e-01,-2.9201575506544847e-01,2.7853549958749169e-01,1.7292727246775663e-02
1.8160631740467952e+03,2,1.0000000000000000e+00,-2.2609215620317155e+01,-8.0333205589880787e+00,-6.2166068096040272e-01,6.7003769921165815e-02,-1.8931077038263075e-01,-2.0405912293843895e-02

1.8212527903480195e+03,0,1.0000000000000000e+00,1.1229858267792512e+01,2.0119937921596449e+00,3.1928478129261240e-01,2.7873908459508101e-01,1.0619414873706640e-01,5.4604090749691067e-03
1.8212527903480195e+03,1,1.0000000000000000e+00,1.1012063015529979e+01,6.9966563102156778e+00,4.0770276236140879e-01,-3.5324754532842251e-01,8.0321024341134306e-02,1.4720001397462480e-02
1.8212527903480195e+03,2,1.0000000000000000e+00,-2.2241921341233773e+01,-9.0086495691507906e+00,-7.2698753421547446e-01,7.4508460786288741e-02,-1.8651517268982148e-01,-2.0180410467251379e-02

1.8261517924128996e+03,0,1.0000000000000000e+00,1.2468654595077549e+01,2.9905543824413066e+00,3.5543267412212143e-01,2.0821863755726583e-01,2.8625143417606763e-01,9.4659213136265401e-03
1.8261517924128996e+03,1,1.0000000000000000e+00,9.3913003069872403e+00,6.9247386101138062e+00,4.6983735952496752e-01,-2.8961993822029491e-01,-1.0268811287815333e-01,1.0471942558294700e-02
1.8261517924128996e+03,2,1.0000000000000000e+00,-2.1859954960288224e+01,-9.9152924574881851e+00,-8.2527002417586182e-01,8.1401300497008833e-02,-1.8356332097908518e-01,-1.9937863864764208e-02

1.8309231607501115e+03,0,1.0000000000000000e+00,1.3111065075380358e+01,4.6461441021733556e+00,4.1059510319515796e-01,5.0251724976189627e-02,3.9203501179159683e-01,1.3554820762061277e-02
1.8309231607501115e+03,1,1.0000000000000000e+00,8.3447259472738651e+00,6.1374897996813012e+00,5.0917846748545759e-01,-1.3824891791585836e-01,-2.1167148521448698e-01,6.1144103263270511e-03
1.8309231607501115e+03,2,1.0000000000000000e+00,-2.1455791081814944e+01,-1.0783633365789942e+01,-9.1977356118241760e-01,8.7997192757935300e-02,-1.8036352648084242e-01,-1.9669231084963844e-02

1.8356885873069848e+03,0,1.0000000000000000e+00,1.2895311355639107e+01,6.5569964892957424e+00,4.8256164084198605e-01,-1.4081318088147557e-01,3.9084922800194327e-01,1.6321285764315845e-02
1.8356885873069848e+03,1,1.0000000000000000e+00,8.1255777894819978e+00,5.0779403455248842e+00,5.3023733090081293e-01,4.6298199900746489e-02,-2.1397298123706715e-01,3.0458304916291846e-03
1.8356885873069848e+03,2,1.0000000000000000e+00,-2.1020889204712628e+01,-1.1634936298630567e+01,-1.0127989622406632e+00,9.4514981002677551e-02,-1.7687624676847985e-01,-1.9367116257312675e-02

1.8400537234188382e+03,0,1.0000000000000000e+00,1.1940092644115364e+01,8.0834808230094364e+00,5.5564636639170972e-01,-2.8805853662205150e-01,2.9513908727671823e-01,1.6796803083022817e-02
1.8400537234188382e+03,1,1.0000000000000000e+00,8.6553428181667353e+00,4.3162007009755499e+00,5.4104011004149655e-01,1.8766012573929669e-01,-1.2165485009618893e-01,2.2677145934055232e-03
1.8400537234188382e+03,2,1.0000000000000000e+00,-2.0595435521355469e+01,-1.2399680987597360e+01,-1.0966864669394658e+00,1.0039841107537517e-01,-1.7348423705640778e-01,-1.9064517678033004e-02

1.8451913872040377e+03,0,1.0000000000000000e+00,1.0202142864451723e+01,9.1374147658761302e+00,6.3748076103457096e-01,-3.6815087307930616e-01,1.0679874740425807e-01,1.4597857701342363e-02
1.8451913872040377e+03,1,1.0000000000000000e+00,9.8600890825352376e+00,4.1429019540156702e+00,5.5618637587790110e-01,2.6102640146312128e-01,6.2497410407315351e-02,4.0866519208554355e-03
1.8451913872040377e+03,2,1.0000000000000000e+00,-2.0062232005076034e+01,-1.3280316182233999e+01,-1.1936671274155901e+00,1.0712447175638984e-01,-1.6929615745408741e-01,-1.8684509618858459e-02

1.8500158987665143e+03,0,1.0000000000000000e+00,8.4806316793753211e+00,9.1925185435229899e+00,6.9864738645893032e-01,-3.2676821470375733e-01,-7.9483898405772857e-02,1.0540945619189224e-02
1.8500158987665143e+03,1,1.0000000000000000e+00,1.1050057833226315e+01,4.8946601203420030e+00,5.8426064314394976e-01,2.1358407833291743e-01,2.4463282808377673e-01,7.7656781360559155e-03
1.8500158987665143e+03,2,1.0000000000000000e+00,-1.9530689570536875e+01,-1.4087178124312839e+01,-1.2829080200791929e+00,1.1318413628909052e-01,-1.6514892929522357e-01,-1.8306623748207601e-02

1.8547924459127071e+03,0,1.0000000000000000e+00,7.2166119837453699e+00,8.4742387078313186e+00,7.3801940179059078e-01,-1.8976152201750052e-01,-2.0728206381127490e-01,5.9836905338529062e-03
1.8547924459127071e+03,1,1.0000000000000000e+00,1.1759580870166367e+01,6.3914686228240987e+00,6.3138892662983515e-01,7.0803357097976860e-02,3.6806643409013118e-01,1.1923653332482714e-02
1.8547924459127071e+03,2,1.0000000000000000e+00,-1.8976192912588623e+01,-1.4865706789687152e+01,-1.3694083188655097e+00,1.1895816472953785e-01,-1.6078437009031876e-01,-1.7907343861267917e-02

1.8594337181400278e+03,0,1.0000000000000000e+00,6.7452982275347608e+00,7.4070374270929094e+00,7.5706747027002663e-01,-1.0717376235211656e-02,-2.3470098717732968e-01,2.4898418115642806e-03
1.8594337181400278e+03,1,1.0000000000000000e+00,1.1666070632866132e+01,8.1945539664671898e+00,6.9449616159347249e-01,-1.1369476684662930e-01,3.9097934255821176e-01,1.4999789463493264e-02
1.8594337181400278e+03,2,1.0000000000000000e+00,-1.8411368919729455e+01,-1.5601590852176688e+01,-1.4515636222969595e+00,1.2441214302558917e-01,-1.5627835536478438e-01,-1.7489631275160143e-02

1.8640143571103308e+03,0,1.0000000000000000e+00,7.0826857662177751e+00,6.4707470795220061e+00,7.6430780162659473e-01,1.5034536040563851e-01,-1.5800344226893240e-01,1.0695259825261004e-03
1.8640143571103308e+03,1,1.0000000000000000e+00,1.0746703658863058e+01,9.8360900835381173e+00,7.6637084884008655e-01,-2.8001525173874198e-01,3.0962005951116778e-01,1.5979981513129127e-02
1.8640143571103308e+03,2,1.0000000000000000e+00,-1.7829389484151022e+01,-1.6306836621583304e+01,-1.5306786409079580e+00,1.2966989149373551e-01,-1.5161661717631769e-01,-1.7049507498078983e-02

1.8684942122544724e+03,0,1.0000000000000000e+00,7.9888476341878736e+00,6.0799017237102326e+00,7.7045270788877485e-01,2.3953538110206676e-01,-7.6879457748093571e-03,2.0579421272039107e-03
1.8684942122544724e+03,1,1.0000000000000000e+00,9.2484018586025272e+00,1.0895671701381454e+01,8.3560368296814258e-01,-3.7419094438305023e-01,1.5460535819195542e-01,1.4542023155700138e-02
1.8684942122544724e+03,2,1.0000000000000000e+00,-1.7237249550930581e+01,-1.6975572882867407e+01,-1.6060563813038495e+00,1.3465556349620170e-01,-1.4691741214024376e-01,-1.6599965282248722e-02

1.8735409842956385e+03,0,1.0000000000000000e+00,9.2112487481910001e+00,6.5406418558817450e+00,7.8870073835207122e-01,2.2348683560247709e-01,1.8872777065346125e-01,5.4864958931857624e-03
1.8735409842956385e+03,1,1.0000000000000000e+00,7.3327881595169302e+00,1.1162769016173730e+01,8.9982426134695703e-01,-3.6349412419251748e-01,-4.7231804253052456e-02,1.0593083625552575e-02
1.8735409842956385e+03,2,1.0000000000000000e+00,-1.6544036965159712e+01,-1.7703410327974531e+01,-1.6885249901282362e+00,1.4000728861783426e-01,-1.4149596598269015e-01,-1.6079579512687174e-02

1.8782970256587475e+03,0,1.0000000000000000e+00,1.0019502411186298e+01,7.8060232619219008e+00,8.2469282399275712e-01,1.0187828727941861e-01,3.3131062683803308e-01,9.6692226421891316e-03
1.8782970256587475e+03,1,1.0000000000000000e+00,5.8472464441803282e+00,1.0557899853847555e+01,9.3911371986270387e-01,-2.4663630761715644e-01,-1.9507972228450149e-01,5.9054798806515126e-03
1.8782970256587475e+03,2,1.0000000000000000e+00,-1.5866748913184956e+01,-1.8363922569900190e+01,-1.7638065342521854e+00,1.4475802017988393e-01,-1.3623090425619827e-01,-1.5574702516286933e-02

1.8828768482284574e+03,0,1.0000000000000000e+00,1.0096707159201967e+01,9.4761180481879048e+00,8.7730485698869698e-01,-7.3182028540121846e-02,3.8126711573110994e-01,1.3092964690124845e-02
1.8828768482284574e+03,1,1.0000000000000000e+00,5.0970676503318844e+00,9.4997440455347881e+00,9.5667921527445743e-01,-7.5911954439101037e-02,-2.5029958192839108e-01,1.9746920337991268e-03
1.8828768482284574e+03,2,1.0000000000000000e+00,-1.5193774868093961e+01,-1.8975861546987417e+01,-1.8339840626389943e+00,1.4909398285367539e-01,-1.3096753371537487e-01,-1.5067656721852975e-02

1.8875059637449529e+03,0,1.0000000000000000e+00,9.3363394732683140e+00,1.1155340014053824e+01,9.4256014280560096e-01,-2.5024107031553455e-01,3.2704478152715150e-01,1.4716475974389201e-02
1.8875059637449529e+03,1,1.0000000000000000e+00,5.1574846490218063e+00,8.4140802003744177e+00,9.5993816803416909e-01,9.6950865282589616e-02,-2.0159729479972249e-01,-1.8690506817175580e-04
1.8875059637449529e+03,2,1.0000000000000000e+00,-1.4493824180977501e+01,-1.9569419667517018e+01,-1.9024983012173209e+00,1.5329020511582023e-01,-1.2544748669840425e-01,-1.4529570908451604e-02

1.8921812263252300e+03,0,1.0000000000000000e+00,7.8533528678680211e+00,1.2374608365194758e+01,1.0103109775778687e+00,-3.7005352855619517e-01,1.8281689122335365e-01,1.3832502829047418e-02
1.8921812263252300e+03,1,1.0000000000000000e+00,5.9142253514811163e+00,7.7679746156169216e+00,9.5880291910350124e-01,2.1269865814966898e-01,-6.3092916386283782e-02,1.3228357141828635e-04
1.8921812263252300e+03,2,1.0000000000000000e+00,-1.3767578277231349e+01,-2.0142582433436640e+01,-1.9691138870695419e+00,1.5735487063619941e-01,-1.1972397463968784e-01,-1.3964786401752645e-02

1.8967013515661642e+03,0,1.0000000000000000e+00,6.0934210839692406e+00,1.2799119656076231e+01,1.0665584888611455e+00,-3.9166182133502664e-01,3.1255391546693989e-03,1.0746720361082474e-02
1.8967013515661642e+03,1,1.0000000000000000e+00,6.9543852095692671e+00,7.8719792705010434e+00,9.6442328032520430e-01,2.3058060323169155e-01,1.1099278986024480e-01,2.6620336126470905e-03
1.8967013515661642e+03,2,1.0000000000000000e+00,-1.3047806350481533e+01,-2.0671098377829303e+01,-2.0309817595696682e+00,1.6108121825271002e-01,-1.1411832862111357e-01,-1.3408753970043739e-02

1.9013513766327922e+03,0,1.0000000000000000e+00,4.4226044437164118e+00,1.2408360792307832e+01,1.1063050758051021e+00,-3.1089524153122028e-01,-1.6311837825808509e-01,6.2295211280104894e-03
1.9013513766327922e+03,1,1.0000000000000000e+00,7.8677613462151559e+00,8.7798910545401530e+00,9.8568985739635329e-01,1.4624541697060400e-01,2.7142012754725153e-01,6.6030499946847475e-03
1.9013513766327922e+03,2,1.0000000000000000e+00,-1.2290365846670520e+01,-2.1188251296149133e+01,-2.0919949235578224e+00,1.6464982449725415e-01,-1.0830174888583904e-01,-1.2832571115564084e-02

1.9059424700392992e+03,0,1.0000000000000000e+00,3.3316813822965123e+00,1.1410891711365878e+01,1.1244284398106115e+00,-1.5551523495909703e-01,-2.5626636675804687e-01,1.7879754529457649e-03
1.9059424700392992e+03,1,1.0000000000000000e+00,8.1952180216257950e+00,1.0261247479938747e+01,1.0251622342204447e+00,-1.2375252166293760e-02,3.5873976462993989e-01,1.0467582123142307e-02
1.9059424700392992e+03,2,1.0000000000000000e+00,-1.1526899461257212e+01,-2.1672138639142638e+01,-2.1495906643574916e+00,1.6789048696506642e-01,-1.0247339765650376e-01,-1.2255557571101782e-02

1.9110984721984044e+03,0,1.0000000000000000e+00,3.0522950504981559e+00,1.0072431171357607e+01,1.1240467498729112e+00,4.5237573983085116e-02,-2.4074880292263928e-01,-1.5146603866846384e-03
1.9110984721984044e+03,1,1.0000000000000000e+00,7.6002227949693442e+00,1.2110855624332286e+01,1.0870221072798598e+00,-2.1647048900900265e-01,3.3651769611366994e-01,1.3102097794116458e-02
1.9110984721984044e+03,2,1.0000000000000000e+00,-1.0652517903327299e+01,-2.2183286242956392e+01,-2.2110688474687668e+00,1.7123291502151622e-01,-9.5768893150633513e-02,-1.1587437408324684e-02

1.9159532760284724e+03,0,1.0000000000000000e+00,3.6487968782328721e+00,9.1707643370022041e+00,1.1145690273813780e+00,1.8722430244494406e-01,-1.1573703689954312e-01,-1.9076042757207364e-03
1.9159532760284724e+03,1,1.0000000000000000e+00,6.1652596086924678e+00,1.3461821571719533e+01,1.1511810809008265e+00,-3.6137195906739628e-01,2.0504359117569360e-01,1.2843756872026836e-02
1.9159532760284724e+03,2,1.0000000000000000e+00,-9.8140565442550667e+00,-2.2632585355680330e+01,-2.2657500986091463e+00,1.7414765682829120e-01,-8.9306554146511369e-02,-1.0936152598814098e-02

1.9206726324381727e+03,0,1.0000000000000000e+00,4.6730026305225696e+00,9.0375539713286628e+00,1.1099433288293641e+00,2.2833000499463893e-01,6.3557885350675816e-02,3.2863221339892584e-04
1.9206726324381727e+03,1,1.0000000000000000e+00,4.3129012434939380e+00,1.4001528747307724e+01,1.2058996626267948e+00,-4.0510638634944596e-01,1.9399594395483069e-02,9.9631876340987302e-03
1.9206726324381727e+03,2,1.0000000000000000e+00,-8.9859039302650103e+00,-2.3039082164452658e+01,-2.3158429817863584e+00,1.7677638156346256e-01,-8.2957479392027980e-02,-1.0291819845676913e-02

1.9252933280120417e+03,0,1.0000000000000000e+00,5.6118171552498577e+00,9.7341192897724156e+00,1.1199396103400199e+00,1.6122683759017256e-01,2.3135189949803220e-01,4.1605479187791245e-03
1.9252933280120417e+03,1,1.0000000000000000e+00,2.5517524151395485e+00,1.3673920639095069e+01,1.2420006240924957e+00,-3.4034287046938438e-01,-1.5460897734923496e-01,5.5006861882987267e-03
1.9252933280120417e+03,2,1.0000000000000000e+00,-8.1635696260820332e+00,-2.3408039372751766e+01,-2.3619402247419972e+00,1.7911603289451097e-01,-7.6742921705281797e-02,-9.6612341004154480e-03

1.9297849362519980e+03,0,1.0000000000000000e+00,6.0321862863432871e+00,1.1030837782575297e+01,1.1476821580177186e+00,1.6179309189700453e-02,3.3230695112724623e-01,8.1115068077168059e-03
1.9297849362519980e+03,1,1.0000000000000000e+00,1.3222451454816104e+00,1.2708349676332588e+01,1.2562801947865578e+00,-1.9730727109543178e-01,-2.6160049920694700e-01,9.3848452158381765e-04
1.9297849362519980e+03,2,1.0000000000000000e+00,-7.3544314878562682e+00,-2.3739186901032603e+01,-2.4039623430818446e+00,1.8112796176480431e-01,-7.0706451609793275e-02,-9.0499913227372001e-03

1.9351285299734905e+03,0,1.0000000000000000e+00,5.5560066527459995e+00,1.2863546825450626e+01,1.2005865069964612e+00,-1.9444339768761779e-01,3.2997745920108357e-01,1.1268392815203618e-02
1.9351285299734905e+03,1,1.0000000000000000e+00,8.2490891032299718e-01,1.1234173776684459e+01,1.2497780400068639e+00,1.1262496054764565e-02,-2.6650830549743254e-01,-2.9535182234390386e-03
1.9351285299734905e+03,2,1.0000000000000000e+00,-6.3809156197744770e+00,-2.4097720043247087e+01,-2.4503645372599063e+00,1.8318090157185826e-01,-6.3469153616595664e-02,-8.3148745909388880e-03

1.9400390482583500e+03,0,1.0000000000000000e+00,4.1897118167977965e+00,1.4232322080698136e+01,1.2575767060841898e+00,-3.5001717688503076e-01,2.1140570552877680e-01,1.1453155414721198e-02
1.9400390482583500e+03,1,1.0000000000000000e+00,1.2876492612553321e+00,1.0160535783863756e+01,1.2319262385698360e+00,1.6523011933547516e-01,-1.5468374932232309e-01,-3.8300992212711889e-03
1.9400390482583500e+03,2,1.0000000000000000e+00,-5.4773611345117281e+00,-2.4392857305334246e+01,-2.4895029349173683e+00,1.8478705770992426e-01,-5.6721956109144225e-02,-7.6230561961048125e-03

1.9448228199207394e+03,0,1.0000000000000000e+00,2.3298837741410487e+00,1.4822534126719694e+01,1.3072230402444487e+00,-4.0932781332703339e-01,2.9369644246747761e-02,8.8883922501243277e-03
1.9448228199207394e+03,1,1.0000000000000000e+00,2.2601863017310979e+00,9.8258208210088362e+00,1.2171104305550489e+00,2.2318972527655745e-01,2.0724013943481667e-02,-1.9503205643879393e-03
1.9448228199207394e+03,2,1.0000000000000000e+00,-4.5900701312857093e+00,-2.4648354387572251e+01,-2.5243334610710360e+00,1.8613808828645542e-01,-5.0093657884319673e-02,-6.9380716855352862e-03

1.9495323761782902e+03,0,1.0000000000000000e+00,4.8170557313254481e-01,1.4522107189738149e+01,1.3391665332567713e+00,-3.5770388794120112e-01,-1.5174456403695571e-01,4.4679431752389521e-03
1.9495323761782902e+03,1,1.0000000000000000e+00,3.2290058509148110e+00,1.0346834021091967e+01,1.2162551020934182e+00,1.7044300813188540e-01,1.9533652913237151e-01,1.7973353012422488e-03
1.9495323761782902e+03,2,1.0000000000000000e+00,-3.7107114786423634e+00,-2.4868940648805967e+01,-2.5554216256074422e+00,1.8726087989228085e-01,-4.3591964639128095e-02,-6.2652784707462727e-03

1.9540144883059627e+03,0,1.0000000000000000e+00,-8.4482166948234538e-01,1.3549958911651597e+01,1.3486233992035295e+00,-2.2331077209169931e-01,-2.6929302352886780e-01,-2.0538538211937324e-04
1.9540144883059627e+03,1,1.0000000000000000e+00,3.7142303179412686e+00,1.1500616253553151e+01,1.2334600047055682e+00,3.5206763693901466e-02,3.0675946123836567e-01,5.8383314088306937e-03
1.9540144883059627e+03,2,1.0000000000000000e+00,-2.8694087031333249e+00,-2.5050574601216884e+01,-2.5820833941346679e+00,1.8810400829321283e-01,-3.7466437325199942e-02,-5.6329460192442761e-03

1.9588217783247910e+03,0,1.0000000000000000e+00,-1.4719877964659425e+00,1.2147650453869694e+01,1.3373822233110415e+00,-3.5219545833745952e-02,-2.9498386885895950e-01,-4.1698493949661533e-03
1.9588217783247910e+03,1,1.0000000000000000e+00,3.4354968812209004e+00,1.3067342922017382e+01,1.2701605973973740e+00,-1.5351420479584535e-01,3.2592395778336652e-01,9.1287964077808592e-03
1.9588217783247910e+03,2,1.0000000000000000e+00,-1.9635091400645504e+00,-2.5214992810560993e+01,-2.6075428109059513e+00,1.8873375051312033e-01,-3.0940088754455919e-02,-4.9589470094048779e-03

1.9635795789282242e+03,0,1.0000000000000000e+00,-1.2227434888482036e+00,1.0905504933558262e+01,1.3126238013234643e+00,1.3120528736369444e-01,-2.1028269857420562e-01,-5.7848276573812113e-03
1.9635795789282242e+03,1,1.0000000000000000e+00,2.2873564418140586e+00,1.4441316733258699e+01,1.3169164114096747e+00,-3.2029175793657538e-01,2.3475283436655814e-01,1.0071200403464958e-02
1.9635795789282242e+03,2,1.0000000000000000e+00,-1.0646130084166752e+00,-2.5346821100991257e+01,-2.6295402029277088e+00,1.8908647064867787e-01,-2.4470135713327804e-02,-4.2863727478020253e-03

1.9682015193922844e+03,0,1.0000000000000000e+00,-3.8044862950995451e-01,1.0281061863694234e+01,1.2874449834841810e+00,2.1726265250079876e-01,-5.1370838779036442e-02,-4.6811801396661329e-03
1.9682015193922844e+03,1,1.0000000000000000e+00,5.7075106229777517e-01,1.5164274714756896e+01,1.3603794711068355e+00,-4.0647476926943049e-01,6.9527346939412232e-02,8.3057003291352460e-03
1.9682015193922844e+03,2,1.0000000000000000e+00,-1.9030248746154832e-01,-2.5445336012007076e+01,-2.6478244447959365e+00,1.8921211700259774e-01,-1.8156507940468546e-02,-3.6245201911496413e-03

1.9723588876249721e+03,0,1.0000000000000000e+00,5.2822232280122616e-01,1.0407074703863046e+01,1.2734969228868986e+00,2.0516924664547051e-01,1.1088268667819898e-01,-1.7932830150923186e-03
1.9723588876249721e+03,1,1.0000000000000000e+00,-1.1245084451844769e+00,1.5101952041276682e+01,1.3881550712615220e+00,-3.9434077278087576e-01,-9.8392981623710102e-02,4.8214274528271218e-03
1.9723588876249721e+03,2,1.0000000000000000e+00,5.9628606866057488e-01,-2.5509026177370686e+01,-2.6616519843518160e+00,1.8917152632674245e-01,-1.2489704644666002e-02,-3.0281444349094522e-03

1.9767213595563758e+03,0,1.0000000000000000e+00,1.2333231505042912e+00,1.1212771407297318e+01,1.2742253656417661e+00,1.0500721059540449e-01,2.4909306116724098e-01,2.1877140995617411e-03
1.9767213595563758e+03,1,1.0000000000000000e+00,-2.6544913757049367e+00,1.4337886308364402e+01,1.3992849120781419e+00,-2.9397903871803477e-01,-2.4248161458987580e-01,2.2250977667896688e-04
1.9767213595563758e+03,2,1.0000000000000000e+00,1.4211681719240241e+00,-2.5550657145897723e+01,-2.6735102679000597e+00,1.8897182812587474e-01,-6.6114461076701341e-03,-2.4102238689277765e-03

1.9811436831085068e+03,0,1.0000000000000000e+00,1.3550258842917859e+00,1.2490471865092285e+01,1.2925023796120532e+00,-5.6173687292615959e-02,3.1361489362909734e-01,5.9166227937277873e-03
1.9811436831085068e+03,1,1.0000000000000000e+00,-3.6110961662938745e+00,1.3076427539486055e+01,1.3903031816105171e+00,-1.3240519827314018e-01,-3.1286533725043797e-01,-4.1213328533105413e-03
1.9811436831085068e+03,2,1.0000000000000000e+00,2.2560702283773590e+00,-2.5566898832988283e+01,-2.6828055513689506e+00,1.8857888543131199e-01,-7.4955604815855805e-04,-1.7952899334238671e-03

1.9861435940574140e+03,0,1.0000000000000000e+00,5.8295000281699805e-01,1.4004775390245005e+01,1.3290323120102041e+00,-2.4850712032515243e-01,2.7182850553628157e-01,8.2600505180775857e-03
1.9861435940574140e+03,1,1.0000000000000000e+00,-3.7802540526469364e+00,1.1549495826470883e+01,1.3610290385136115e+00,6.0632637830721314e-02,-2.7761900976501430e-01,-7.1525713376175502e-03
1.9861435940574140e+03,2,1.0000000000000000e+00,3.1973039956297788e+00,-2.5554270644020782e+01,-2.6900613406477722e+00,1.8787448244089355e-01,5.7905043575700588e-03,-1.1074791788964668e-03

1.9911082736205112e+03,0,1.0000000000000000e+00,-1.0156552747957048e+00,1.5025735982972037e+01,1.3698621780057796e+00,-3.8045227980404484e-01,1.2557213109387999e-01,7.6747370358892179e-03
1.9911082736205112e+03,1,1.0000000000000000e+00,-3.1120926505617463e+00,1.0483745929562042e+01,1.3239991730101837e+00,1.9354221437625374e-01,-1.3782255893057538e-01,-7.2522162703587290e-03
1.9911082736205112e+03,2,1.0000000000000000e+00,4.1277478714287978e+00,-2.5509481339288357e+01,-2.6938613411435819e+00,1.8691006558911516e-01,1.2250427975102812e-02,-4.2252076765027149e-04

1.9960517698304286e+03,0,1.0000000000000000e+00,-3.0029285848187754e+00,1.5168263241928617e+01,1.4003952792474976e+00,-4.0326373821308165e-01,-7.0399580909642850e-02,4.2752434734812626e-03
1.9960517698304286e+03,1,1.0000000000000000e+00,-2.0459788179952398e+00,1.0264796118511503e+01,1.2938618840037979e+00,2.1753006655177770e-01,5.1738368682513719e-02,-4.5374076418475337e-03
1.9960517698304286e+03,2,1.0000000000000000e+00,5.0489073499527350e+00,-2.5433058786028347e+01,-2.6942571533847963e+00,1.8573367188944950e-01,1.8661212574924896e-02,2.6216416915665706e-04

2.0004070713339092e+03,0,1.0000000000000000e+00,-4.6196319246455104e+00,1.4506063556321676e+01,1.4096154097313156e+00,-3.2490640057252002e-01,-2.2651036815278139e-01,-1.6476727941520334e-04
2.0004070713339092e+03,1,1.0000000000000000e+00,-1.2356741715291104e+00,1.0833526120077176e+01,1.2821957842802758e+00,1.4035524955199358e-01,2.0226411499761229e-01,-6.9453587811162381e-04
2.0004070713339092e+03,2,1.0000000000000000e+00,5.8553060440509368e+00,-2.5339589100120811e+01,-2.6918111841300831e+00,1.8455115110745440e-01,2.4246253638488341e-02,8.5930316355116963e-04

2.0062987447889125e+03,0,1.0000000000000000e+00,-5.9576526739887319e+00,1.2787672492909405e+01,1.3905411343903873e+00,-1.1657008690982237e-01,-3.3082218053346307e-01,-6.0703473425045623e-03
2.0062987447889125e+03,1,1.0000000000000000e+00,-9.7973156634870584e-01,1.2387218602620978e+01,1.2938766443898451e+00,-6.6156188252672637e-02,2.9919699570536545e-01,4.4241591733125548e-03
2.0062987447889125e+03,2,1.0000000000000000e+00,6.9373841879980382e+00,-2.5174890516592399e+01,-2.6844177688535953e+00,1.8272627503320774e-01,3.1625185192830751e-02,1.6461881768540104e-03

2.0111939384515615e+03,0,1.0000000000000000e+00,-6.0542355577417997e+00,1.1220920944591484e+01,1.3526682740314540e+00,7.2636956020492360e-02,-2.8974138852210141e-01,-8.9728205599431711e-03
2.0111939384515615e+03,1,1.0000000000000000e+00,-1.7734326792026476e+00,1.3784487853571266e+01,1.3221255888726364e+00,-2.5360986614074627e-01,2.5214191335376435e-01,6.6885628551971200e-03
2.0111939384515615e+03,2,1.0000000000000000e+00,7.8276681840087221e+00,-2.5005408217965538e+01,-2.6747938529508808e+00,1.8097291004785115e-01,3.7599475329709253e-02,2.2842577073951742e-03

2.0160461777181035e+03,0,1.0000000000000000e+00,-5.3545085028807708e+00,1.0125114466085215e+01,1.3078631034017536e+00,2.0097829388298019e-01,-1.4873107058861429e-01,-8.9933315827555160e-03
2.0160461777181035e+03,1,1.0000000000000000e+00,-3.3465997867781092e+00,1.4683673362592415e+01,1.3543231698433169e+00,-3.7998372214242737e-01,1.0529728550138867e-01,6.0811067703860824e-03
2.0160461777181035e+03,2,1.0000000000000000e+00,8.7011082368677677e+00,-2.4808787247847398e+01,-2.6621862632911140e+00,1.7900542839545142e-01,4.3433785230045513e-02,2.9122248107913487e-03

2.0209861398532960e+03,0,1.0000000000000000e+00,-4.2592422436893091e+00,9.8588783795380195e+00,1.2693829070258777e+00,2.2185648637238969e-01,4.3039281547417790e-02,-6.1768585055673800e-03
2.0209861398532960e+03,1,1.0000000000000000e+00,-5.3207675870309821e+00,1.4720789229372455e+01,1.3768391776553832e+00,-3.9865433139775469e-01,-9.2357679055884850e-02,2.6262826597185408e-03
2.0209861398532960e+03,2,1.0000000000000000e+00,9.5800097789275327e+00,-2.4579667026939084e+01,-2.6462220747327301e+00,1.7679784525319783e-01,4.9318397847710749e-02,3.5505758463700680e-03

2.0253118736500724e+03,0,1.0000000000000000e+00,-3.4423195683964831e+00,1.0383674645854871e+01,1.2508550212240070e+00,1.4184027947199773e-01,1.9204590636226931e-01,-2.2700128357176132e-03
2.0253118736500724e+03,1,1.0000000000000000e+00,-6.8980475874394802e+00,1.3971625971610393e+01,1.3788093331410303e+00,-3.1657535848528290e-01,-2.4644878034023199e-01,-1.8331710895223459e-03
2.0253118736500724e+03,2,1.0000000000000000e+00,1.0340367104819839e+01,-2.4355300033653091e+01,-2.6296643444031025e+00,1.7473507911823774e-01,5.4402874467501895e-02,4.1031839309775327e-03

2.0311735784797745e+03,0,1.0000000000000000e+00,-3.1836416027531627e+00,1.1857414605587383e+01,1.2533630124490767e+00,-6.5421861006099091e-02,2.8461726002236926e-01,2.8769325301164746e-03
2.0311735784797745e+03,1,1.0000000000000000e+00,-8.1723812331179886e+00,1.2159213865588356e+01,1.3501044792304715e+00,-1.0634813931067733e-01,-3.4572776900277929e-01,-7.7073099880042096e-03
2.0311735784797745e+03,2,1.0000000000000000e+00,1.1356022784735046e+01,-2.4016627884581791e+01,-2.6034674816718235e+00,1.7177000019449198e-01,6.1110509383015175e-02,4.8303774662363059e-03

2.0360916821796632e+03,0,1.0000000000000000e+00,-3.9754226993652306e+00,1.3180445723125754e+01,1.2741578331805106e+00,-2.5149638215705150e-01,2.3399766202302025e-01,5.1433928205402409e-03
2.0360916821796632e+03,1,1.0000000000000000e+00,-8.2188971910717754e+00,1.0522194536838960e+01,1.3040960693814130e+00,8.2395069864741932e-02,-3.0054690557511837e-01,-1.0563945024713677e-02
2.0360916821796632e+03,2,1.0000000000000000e+00,1.2194319838665880e+01,-2.3702639671909466e+01,-2.5782538925224370e+00,1.6910131219876057e-01,6.6549243749794706e-02,5.4205522080575837e-03

2.0409739852578566e+03,0,1.0000000000000000e+00,-5.5399089306492622e+00,1.3991034456519170e+01,1.2989722319631452e+00,-3.7432706004208421e-01,8.5290841042176546e-02,4.5207705013695556e-03
2.0409739852578566e+03,1,1.0000000000000000e+00,-7.4731503671972117e+00,9.3737951837061928e+00,1.2514087754431418e+00,2.0807103763687534e-01,-1.5710565610111438e-01,-1.0517165460244679e-02
2.0409739852578566e+03,2,1.0000000000000000e+00,1.3013059246082252e+01,-2.3364829051416784e+01,-2.5503809973606675e+00,1.6625602251080632e-01,7.1814815211011795e-02,5.9963949581114794e-03

2.0458949416703244e+03,0,1.0000000000000000e+00,-7.4690938258392503e+00,1.3934924938785997e+01,1.3138069459263706e+00,-3.8963842299210005e-01,-1.0988718703082653e-01,1.1092451923898085e-03
2.0458949416703244e+03,1,1.0000000000000000e+00,-6.3546537614230783e+00,9.0636353166015020e+00,1.2056474883025921e+00,2.2643863172303891e-01,3.2854108914850383e-02,-7.6813779017641803e-03
2.0458949416703244e+03,2,1.0000000000000000e+00,1.3823747536384930e+01,-2.2998559665461880e+01,-2.5194544241870647e+00,1.6319979148832625e-01,7.7033078442352770e-02,6.5721327097666427e-03

2.0503990778875150e+03,0,1.0000000000000000e+00,-9.0589627434756590e+00,1.3066857020321741e+01,1.3086922774743719e+00,-3.0141305443054989e-01,-2.6728701102361341e-01,-3.5063375219357199e-03
2.0503990778875150e+03,1,1.0000000000000000e+00,-5.4933130452350962e+00,9.5741244014704581e+00,1.1799859856746553e+00,1.4113632560225858e-01,1.8555763618354615e-01,-3.5855094468685875e-03
2.0503990778875150e+03,2,1.0000000000000000e+00,1.4552275738653291e+01,-2.2640980829979092e+01,-2.4886782530942142e+00,1.6027672894260891e-01,8.1729375332547843e-02,7.0918469743641473e-03

2.0548225598381750e+03,0,1.0000000000000000e+00,-1.0065599375046016e+01,1.1664299415423649e+01,1.2828428254735058e+00,-1.4586309472203407e-01,-3.5236344909002226e-01,-8.0678280160087455e-03
2.0548225598381750e+03,1,1.0000000000000000e+00,-5.1891479842358059e+00,1.0605153982216644e+01,1.1733599205488814e+00,-1.1457126504654080e-02,2.6613534585123910e-01,4.7913754824743283e-04
2.0548225598381750e+03,2,1.0000000000000000e+00,1.5254747309304459e+01,-2.2269452803602370e+01,-2.4562027359339300e+00,1.5732022115219127e-01,8.6228103717183341e-02,7.5886904766834101e-03

2.0598281615292490e+03,0,1.0000000000000000e+00,-1.0294215309897339e+01,9.8936743318868334e+00,1.2325786347956145e+00,5.2401219537412475e-02,-3.3417084396112673e-01,-1.1604736282359224e-02
2.0598281615292490e+03,1,1.0000000000000000e+00,-5.7394276335760912e+00,1.1931776924498699e+01,1.1842725491507384e+00,-2.0626903308089264e-01,2.4302958351798332e-01,3.4738190371199976e-03
2.0598281615292490e+03,2,1.0000000000000000e+00,1.6033642892855518e+01,-2.1825450660411676e+01,-2.4168511738167080e+00,1.5386781340434405e-01,9.1141260724378281e-02,8.1309172517043081e-03

2.0648018814797838e+03,0,1.0000000000000000e+00,-9.6319104645408942e+00,8.5158158117162621e+00,1.1719955700093112e+00,2.0002625985987993e-01,-2.0443968535935020e-01,-1.2225858763351657e-02
2.0648018814797838e+03,1,1.0000000000000000e+00,-7.1581951727993474e+00,1.2844566797624765e+01,1.2031109265458599e+00,-3.5031437120139913e-01,1.0859716130811481e-01,3.5727537808240683e-03
2.0648018814797838e+03,2,1.0000000000000000e+00,1.6790105586375137e+01,-2.1360382012365939e+01,-2.3751064864074283e+00,1.5028811136729209e-01,9.5842524207350954e-02,8.6531049834843703e-03

2.0696517011569172e+03,0,1.0000000000000000e+00,-8.5122011890321900e+00,7.9643065300937899e+00,1.1172862112245392e+00,2.4231388276202803e-01,-1.8792025212492930e-02,-9.9011436168547785e-03
2.0696517011569172e+03,1,1.0000000000000000e+00,-8.9979751149544072e+00,1.2920411221597217e+01,1.2146387416578803e+00,-3.8894669667513704e-01,-8.1505681463433760e-02,7.4791709238642388e-04
2.0696517011569172e+03,2,1.0000000000000000e+00,1.7510176253612556e+01,-2.0884717153777370e+01,-2.3319249427356259e+00,1.4663281410843099e-01,1.0029770694237791e-01,9.1532265242167937e-03

2.0742304708995807e+03,0,1.0000000000000000e+00,-7.5185267783608722e+00,8.2739268660165060e+00,1.0807262855863176e+00,1.7526777139688687e-01,1.4725663309510789e-01,-5.8814217168644371e-03
2.0742304708995807e+03,1,1.0000000000000000e+00,-1.0654893969627702e+01,1.2142094929905301e+01,1.2082204616457914e+00,-3.1832213576752477e-01,-2.5166979558982489e-01,-3.7366752736008695e-03
2.0742304708995807e+03,2,1.0000000000000000e+00,1.8173420698514224e+01,-2.0416021196331613e+01,-2.2889467370780601e+00,1.4305436453138617e-01,1.0441316295467674e-01,9.6180969944893602e-03

2.0787837933269316e+03,0,1.0000000000000000e+00,-7.0329571406248981e+00,9.2044852651859763e+00,1.0640016469560010e+00,2.8189031059126041e-02,2.4695483847182056e-01,-1.5364286959843026e-03
2.0787837933269316e+03,1,1.0000000000000000e+00,-1.1783574919434129e+01,1.0726983138016930e+01,1.1801200057541628e+00,-1.6760423827980628e-01,-3.5535616251473057e-01,-8.5319100502867038e-03
2.0787837933269316e+03,2,1.0000000000000000e+00,1.8816532010913516e+01,-1.9931467801310628e+01,-2.2441216425261050e+00,1.3941520719482567e-01,1.0840132455871479e-01,1.0068338754957815e-02

2.0839311624781508e+03,0,1.0000000000000000e+00,-7.4047103479154615e+00,1.0518147545492113e+01,1.0660553669114048e+00,-1.7213791056909905e-01,2.4135651509275252e-01,1.9383963743457196e-03
2.0839311624781508e+03,1,1.0000000000000000e+00,-1.2118705782539180e+01,8.8440959554044962e+00,1.1249738445182138e+00,3.6907974963475421e-02,-3.5409198736993835e-01,-1.2495195165221549e-02
2.0839311624781508e+03,2,1.0000000000000000e+00,1.9523416080749090e+01,-1.9362242896702501e+01,-2.1910292011990511e+00,1.3522993545090639e-01,1.1273547262803764e-01,1.0556798799033474e-02

2.0888861194503661e+03,0,1.0000000000000000e+00,-8.6661426020318153e+00,1.1455748023677298e+01,1.0783722283833663e+00,-3.2460513769670951e-01,1.2100606284305422e-01,2.5203638111021553e-03
2.0888861194503661e+03,1,1.0000000000000000e+00,-1.1517163228012935e+01,7.3379703750909862e+00,1.0592257189653682e+00,1.9349888936470372e-01,-2.3771670307115206e-01,-1.3527571914454299e-02
2.0888861194503661e+03,2,1.0000000000000000e+00,2.0183305779765249e+01,-1.8793717793306616e+01,-2.1375979370901055e+00,1.3110624828973716e-01,1.1671064041235429e-01,1.1007208106281016e-02

2.0936615676013448e+03,0,1.0000000000000000e+00,-1.0389398703188855e+01,1.1615468730233081e+01,1.0859636786161528e+00,-3.7908259684539186e-01,-5.9807527287531040e-02,2.2304734717295974e-04
2.0936615676013448e+03,1,1.0000000000000000e+00,-1.0410264719073510e+01,6.6120798507841947e+00,9.9806008192738060e-01,2.5207482993550173e-01,-6.0576499564501299e-02,-1.1651523430535524e-02
2.0936615676013448e+03,2,1.0000000000000000e+00,2.0799663372252809e+01,-1.8227547974665153e+01,-2.0840237502798655e+00,1.2700776705652464e-01,1.2038402707890129e-01,1.1428476083409578e-02

2.0983371846367959e+03,0,1.0000000000000000e+00,-1.2074852896509526e+01,1.0907265050844723e+01,1.0775400158692694e+00,-3.2434520977501041e-01,-2.3795389647276693e-01,-4.0630432503005135e-03
2.0983371846367959e+03,1,1.0000000000000000e+00,-9.3090280465344737e+00,6.7492318730916265e+00,9.5210184651416174e-01,2.0147106699968037e-01,1.1408677412583140e-01,-7.7688669730676604e-03
2.0983371846367959e+03,2,1.0000000000000000e+00,2.1383880893884850e+01,-1.7656496316096977e+01,-2.0296418521149504e+00,1.2287414295531512e-01,1.2386712276376896e-01,1.1831910226238061e-02

2.1030725784892434e+03,0,1.0000000000000000e+00,-1.3291092810670527e+01,9.4625917675707285e+00,1.0464164852661217e+00,-1.7735327205100232e-01,-3.5761458745469149e-01,-9.0504093481501569e-03
2.1030725784892434e+03,1,1.0000000000000000e+00,-8.6645570995088157e+00,7.5991996379113473e+00,9.2625092181251123e-01,5.8750077407814849e-02,2.3032659798523852e-01,-3.1785448406975898e-03
2.1030725784892434e+03,2,1.0000000000000000e+00,2.1955649861536582e+01,-1.7061790795325670e+01,-1.9726673967837609e+00,1.1860319465941999e-01,1.2728798999943358e-01,1.2228954196971608e-02

2.1076607683385141e+03,0,1.0000000000000000e+00,-1.3688958459635696e+01,7.7399912526791006e+00,9.9536652109381307e-01,5.5895092071947261e-03,-3.7557763789711918e-01,-1.2923331554193852e-02
2.1076607683385141e+03,1,1.0000000000000000e+00,-8.8012876723158442e+00,8.7304182616950534e+00,9.2033935871176664e-01,-1.2001252591039732e-01,2.4510587189480160e-01,3.2556605053119490e-04
2.1076607683385141e+03,2,1.0000000000000000e+00,2.2490246082964468e+01,-1.6470408901934078e+01,-1.9157058694679394e+00,1.1442301655632209e-01,1.3047176643656974e-01,1.2597765513238917e-02

2.1125567886680215e+03,0,1.0000000000000000e+00,-1.3218486811998490e+01,6.0862962086907206e+00,9.2669934684478183e-01,1.7676549362938668e-01,-2.8232927153693055e-01,-1.4633242566470096e-02
2.1125567886680215e+03,1,1.0000000000000000e+00,-9.8209773180046582e+00,9.7373594900093163e+00,9.2640346410681795e-01,-2.8668581813008309e-01,1.4863725141317236e-01,1.6611292053669655e-03
2.1125567886680215e+03,2,1.0000000000000000e+00,2.3039464080268964e+01,-1.5823655084626866e+01,-1.8531028005753951e+00,1.0992032438331417e-01,1.3369202036270775e-01,1.2972113366596680e-02

2.1172336762639220e+03,0,1.0000000000000000e+00,-1.2158149456695497e+01,5.1335847222420181e+00,8.6003398544263066e-01,2.6011997549656984e-01,-1.1699820496116756e-01,-1.3421765619420642e-02
2.1172336762639220e+03,1,1.0000000000000000e+00,-1.1385206074352226e+01,1.0057956454742081e+01,9.3159487863505186e-01,-3.6566611963097839e-01,-1.9597878117999706e-02,1.0763495195117642e-04
2.1172336762639220e+03,2,1.0000000000000000e+00,2.3543355481177265e+01,-1.5191540561981382e+01,-1.7916288536871607e+00,1.0554614420203146e-01,1.3659608327431913e-01,1.3314130668590482e-02

2.1218374932340339e+03,0,1.0000000000000000e+00,-1.0971611213878994e+01,5.0139646874957560e+00,8.0553478087599895e-01,2.3759607731950363e-01,6.2597094705132944e-02,-9.9612833588487472e-03
2.1218374932340339e+03,1,1.0000000000000000e+00,-1.3047564340370924e+01,9.5423995877223682e+00,9.2404496182624507e-01,-3.3874048850589522e-01,-2.0191633297795128e-01,-3.6784426510294028e-03
2.1218374932340339e+03,2,1.0000000000000000e+00,2.4019175505016683e+01,-1.4556363659023740e+01,-1.7295797323076199e+00,1.0114441136623584e-01,1.3931923861775891e-01,1.3639726011509687e-02

2.1267061564969736e+03,0,1.0000000000000000e+00,-1.0088811184000662e+01,5.6948159135317624e+00,7.6852489733726714e-01,1.1027324918011389e-01,2.0354291038924327e-01,-5.1980760568710246e-03
2.1267061564969736e+03,1,1.0000000000000000e+00,-1.4411280772716026e+01,8.1764785788042431e+00,8.9383199498502197e-01,-2.0667279443152226e-01,-3.4562445400379999e-01,-8.7745212006279279e-03
2.1267061564969736e+03,2,1.0000000000000000e+00,2.4500091908196865e+01,-1.3871293873991846e+01,-1.6623568819081387e+00,9.6399545329220945e-02,1.4208154413266691e-01,1.3972597264217443e-02

2.1314242629456021e+03,0,1.0000000000000000e+00,-9.9824763962533005e+00,6.7916672779362379e+00,7.5398978090719826e-01,-6.9222316270249565e-02,2.4310480712868829e-01,-1.2043775532427411e-03
2.1314242629456021e+03,1,1.0000000000000000e+00,-1.4961497816489304e+01,6.4031881035595122e+00,8.4170986276920612e-01,-2.2535969852872331e-02,-3.8774296329186753e-01,-1.3076224646333135e-02
2.1314242629456021e+03,2,1.0000000000000000e+00,2.4943974164121837e+01,-1.3194854760672794e+01,-1.5956996332208266e+00,9.1758286008123455e-02,1.4463815665825402e-01,1.4280602209639569e-02

2.1360896291468371e+03,0,1.0000000000000000e+00,-1.0714949335567702e+01,7.8057840811297172e+00,7.5384049098286909e-01,-2.3807753637803322e-01,1.7477362021642240e-01,7.2210514137910700e-04
2.1360896291468371e+03,1,1.0000000000000000e+00,-1.4646380707297212e+01,4.7086651331054092e+00,7.7455761677777746e-01,1.5092112870383820e-01,-3.2179234294786696e-01,-1.5290144611098334e-02
2.1360896291468371e+03,2,1.0000000000000000e+00,2.5361329993499957e+01,-1.2514448591494828e+01,-1.5283980972610387e+00,8.7156407505840833e-02,1.4701872304831470e-01,1.4568039477662711e-02

2.1407425714991718e+03,0,1.0000000000000000e+00,-1.2095661480615540e+01,8.2912321312904105e+00,7.5650077190352150e-01,-3.4068152162090160e-01,2.3649450508834574e-02,-3.3489410201726147e-05
2.1407425714991718e+03,1,1.0000000000000000e+00,-1.3660481383584623e+01,3.5339480292014063e+00,7.0347862474560940e-01,2.5814053998210396e-01,-1.7287503559869180e-01,-1.4804733881008459e-02
2.1407425714991718e+03,2,1.0000000000000000e+00,2.5756142814325479e+01,-1.1825179536618851e+01,-1.4599793861238965e+00,8.2540981611374020e-02,1.4922558528733973e-01,1.4838223294318555e-02

2.1460006849812830e+03,0,1.0000000000000000e+00,-1.3933448115070359e+01,7.8701468559652739e+00,7.4753615677257612e-01,-3.3544582644041493e-01,-1.8355850344023705e-01,-3.8039535086983618e-03
2.1460006849812830e+03,1,1.0000000000000000e+00,-1.2242839102357932e+01,3.1642471789850832e+00,6.3365543628473797e-01,2.5819500333094619e-01,3.2027325837496123e-02,-1.1323342061605124e-02
2.1460006849812830e+03,2,1.0000000000000000e+00,2.6176287167937090e+01,-1.1034393409876618e+01,-1.3811915825230503e+00,7.7250823259959939e-02,1.5153117790184473e-01,1.5127295571774630e-02

2.1507716666085812e+03,0,1.0000000000000000e+00,-1.5294615780632803e+01,6.6067533545941588e+00,7.1798068011676919e-01,-2.1987631052688628e-01,-3.3464425279953591e-01,-8.6762798871541751e-03
2.1507716666085812e+03,1,1.0000000000000000e+00,-1.1238614094096178e+01,3.6999836776679254e+00,5.9043900431062057e-01,1.4750791625090109e-01,1.8116059170052978e-01,-6.7004152105825656e-03
2.1507716666085812e+03,2,1.0000000000000000e+00,2.6533229825957122e+01,-1.0306736405297594e+01,-1.3084196738779332e+00,7.2368394389121751e-02,1.5348366158606583e-01,1.5376695103252538e-02

2.1554302536134151e+03,0,1.0000000000000000e+00,-1.5920744757625499e+01,4.8680364290323492e+00,6.6676768105199935e-01,-4.2986229986700819e-02,-3.9447326372563613e-01,-1.3121495753525187e-02
2.1554302536134151e+03,1,1.0000000000000000e+00,-1.0938419232310384e+01,4.7194594405898940e+00,5.6947603880835562e-01,-2.4570325940395821e-02,2.3919501238890767e-01,-2.4856372712381801e-03
2.1554302536134151e+03,2,1.0000000000000000e+00,2.6859163941276538e+01,-9.5874952402033493e+00,-1.2362437092739151e+00,6.7556555853999736e-02,1.5527825186776700e-01,1.5607133034656561e-02

2.1601155351029224e+03,0,1.0000000000000000e+00,-1.5685877930555858e+01,3.0915514309356649e+00,5.9814238000231468e-01,1.3835875635793876e-01,-3.4594039914759650e-01,-1.5768751579889086e-02
2.1601155351029224e+03,1,1.0000000000000000e+00,-1.1478461278069668e+01,5.7644371271980530e+00,5.6446458022775747e-01,-2.0107377228068074e-01,1.8898491478824603e-01,-5.4596241554107083e-05
2.1601155351029224e+03,2,1.0000000000000000e+00,2.7164339159283116e+01,-8.8559879265220438e+00,-1.1626069495958846e+00,6.2715015734404966e-02,1.5695548474208165e-01,1.5823347830960035e-02

2.1647264291868041e+03,0,1.0000000000000000e+00,-1.4735842544305985e+01,1.7872492958849149e+00,5.2445133379143283e-01,2.6014542958674863e-01,-2.0807969506207491e-01,-1.5733676210358094e-02
2.1647264291868041e+03,1,1.0000000000000000e+00,-1.2706701000959418e+01,6.3415180508497233e+00,5.6473626639139662e-01,-3.1810256299068057e-01,4.9625888725791434e-02,-2.8643588687768569e-04
2.1647264291868041e+03,2,1.0000000000000000e+00,2.7442543495187095e+01,-8.1287667137670869e+00,-1.0891875895144643e+00,5.7957133304578912e-02,1.5845380655909563e-01,1.6020112102244313e-02

2.1699860820826862e+03,0,1.0000000000000000e+00,-1.3252733312743192e+01,1.2300070443381097e+00,4.4870902853470174e-01,2.8064347281414154e-01,-1.8324011987231048e-03,-1.2592497335061383e-02
2.1699860820826862e+03,1,1.0000000000000000e+00,-1.4480322047065027e+01,6.0612776891314448e+00,5.5566676967254425e-01,-3.3314521419250215e-01,-1.5813594837083930e-01,-3.6344522226563029e-03
2.1699860820826862e+03,2,1.0000000000000000e+00,2.7733055309760662e+01,-7.2912840993619268e+00,-1.0043757875237023e+00,5.2501741481701836e-02,1.5996834982564442e-01,1.6226949559424376e-02

2.1749680304027529e+03,0,1.0000000000000000e+00,-1.2066451263935889e+01,1.6617720695389480e+00,3.9754705416464009e-01,1.7793723009669118e-01,1.6393786314849990e-01,-7.8043714585177421e-03
2.1749680304027529e+03,1,1.0000000000000000e+00,-1.5915163049459650e+01,4.8293410061032755e+00,5.2553080311169742e-01,-2.2520831414143513e-01,-3.2517393737070366e-01,-8.6033086787527576e-03
2.1749680304027529e+03,2,1.0000000000000000e+00,2.7981614264027364e+01,-6.4911124397886155e+00,-9.2307784657920589e-01,4.7271084172594117e-02,1.6123607467288578e-01,1.6407680141916691e-02

2.1798406597169264e+03,0,1.0000000000000000e+00,-1.1610589150179948e+01,2.6781645343215290e+00,3.7103453263151231e-01,1.8308652846560219e-03,2.3463130512808825e-01,-3.2590247166244674e-03
2.1798406597169264e+03,1,1.0000000000000000e+00,-1.6588790220587946e+01,3.0245465082135627e+00,4.7169277800230675e-01,-4.3938603998085482e-02,-3.9697978253415167e-01,-1.3311208424803801e-02
2.1798406597169264e+03,2,1.0000000000000000e+00,2.8199379321643335e+01,-5.7027104041778385e+00,-8.4272729990139683e-01,4.2107738666891062e-02,1.6234847794815269e-01,1.6570233151014236e-02

2.1846461104703494e+03,0,1.0000000000000000e+00,-1.2049093653014367e+01,3.7433956889913063e+00,3.6275593399931172e-01,-1.7973933513915413e-01,1.8992508914534095e-01,-5.9727368027124098e-04
2.1846461104703494e+03,1,1.0000000000000000e+00,-1.6340389512428846e+01,1.1767633289873776e+00,3.9998901424462696e-01,1.4272327729648260e-01,-3.5324812597635252e-01,-1.6118029449452249e-02
2.1846461104703494e+03,2,1.0000000000000000e+00,2.8389483115678850e+01,-4.9201583772378861e+00,-7.6274493746135430e-01,3.7016057648222037e-02,1.6332303725199637e-01,1.6715303140025631e-02

2.1893270516499965e+03,0,1.0000000000000000e+00,-1.3205673941564921e+01,4.3402712067805451e+00,3.6087822013088333e-01,-3.0089286864761622e-01,5.2927110326245974e-02,-6.7147702095728817e-04
2.1893270516499965e+03,1,1.0000000000000000e+00,-1.5345524485788129e+01,-1.8656888492739387e-01,3.2332294028688402e-01,2.6880945951500601e-01,-2.1705833856416645e-01,-1.6169639328439959e-02
2.1893270516499965e+03,2,1.0000000000000000e+00,2.8551198376721313e+01,-4.1537016795743584e+00,-6.8420114959531264e-01,3.2083408991095512e-02,1.6413122848487077e-01,1.6841116355659321e-02

2.1938648789834933e+03,0,1.0000000000000000e+00,-1.4666833080085283e+01,4.1853305052667986e+00,3.5281359211928098e-01,-3.2623847611703238e-01,-1.2386040564756570e-01,-3.2482042127881666e-03
2.1938648789834933e+03,1,1.0000000000000000e+00,-1.4019130259104914e+01,-7.7791778560180003e-01,2.5471595433414879e-01,2.9892684861269203e-01,-4.0902355518546846e-02,-1.3700627821513964e-02
2.1938648789834933e+03,2,1.0000000000000000e+00,2.8685963288304308e+01,-3.4074120763948637e+00,-6.0752953561218681e-01,2.7311627538358862e-02,1.6476276138939547e-01,1.6948832036816623e-02

2.1993098106244597e+03,0,1.0000000000000000e+00,-1.6230834873173517e+01,2.9626140595660884e+00,3.2161912799854148e-01,-2.2626423591059008e-01,-3.1412441020091142e-01,-8.4341719077564836e-03
2.1993098106244597e+03,1,1.0000000000000000e+00,-1.2588186329859642e+01,-4.5395603427128606e-01,1.9331211345164140e-01,2.0471078332278603e-01,1.4879392201873060e-01,-8.6265965172418208e-03
2.1993098106244597e+03,2,1.0000000000000000e+00,2.8819021152705208e+01,-2.5086573803657344e+00,-5.1493123059458790e-01,2.1553452715604299e-02,1.6533048859049052e-01,1.7060768428962314e-02

2.2042151266420683e+03,0,1.0000000000000000e+00,-1.6927016056222133e+01,1.1731470284721839e+00,2.6810372034536628e-01,-4.8809310322601496e-02,-3.9722084856707640e-01,-1.3235504763132492e-02
2.2042151266420683e+03,1,1.0000000000000000e+00,-1.1984916910172769e+01,5.2356827400820993e-01,1.6292396271648943e-01,3.2485226197125905e-02,2.3152598910753519e-01,-3.9104915210843097e-03
2.2042151266420683e+03,2,1.0000000000000000e+00,2.8911932916414770e+01,-1.6967146551513550e+00,-4.3102767217459714e-01,1.6324084111345394e-02,1.6569486000146166e-01,1.7145996293201550e-02

2.2090656934532612e+03,0,1.0000000000000000e+00,-1.6690959225749157e+01,-7.1880820921993460e-01,1.9554888911500468e-01,1.4267454034235130e-01,-3.6325379991657919e-01,-1.6274367740521611e-02
2.2090656934532612e+03,1,1.0000000000000000e+00,-1.2287599559042285e+01,1.6111749490589655e+00,1.5213646166506997e-01,-1.5382577955249147e-01,1.9731714694189645e-01,-9.4109961520701634e-04
2.2090656934532612e+03,2,1.0000000000000000e+00,2.8978558734272234e+01,-8.9236608998947697e-01,-3.4768533984221739e-01,1.1151239018723391e-02,1.6593665343665082e-01,1.7215467366672441e-02

2.2137490825060158e+03,0,1.0000000000000000e+00,-1.5678691132011338e+01,-2.1432099312857074e+00,1.1761993322269911e-01,2.7648660483951915e-01,-2.3188557789384173e-01,-1.6526690964773154e-02
2.2137490825060158e+03,1,1.0000000000000000e+00,-1.3340467882969911e+01,2.2581222187193419e+00,1.4930965257734458e-01,-2.8268102871436529e-01,6.5839663372652069e-02,-7.4151218664405757e-04
2.2137490825060158e+03,2,1.0000000000000000e+00,2.9019158963494007e+01,-1.1491163585429831e-01,-2.6692957481714502e-01,6.1944236897751304e-03,1.6604591479973313e-01,1.7268203159043170e-02

2.2182730970652347e+03,0,1.0000000000000000e+00,-1.4303257647187554e+01,-2.8018148133307670e+00,4.7293770460694273e-02,3.1464602553898136e-01,-5.5846719457525229e-02,-1.4181016879969470e-02
2.2182730970652347e+03,1,1.0000000000000000e+00,-1.4733167631818837e+01,2.1655540981231076e+00,1.4142454295981419e-01,-3.1608871585572107e-01,-1.1016561005324893e-01,-3.1246107035581665e-03
2.2182730970652347e+03,2,1.0000000000000000e+00,2.9036425227025948e+01,6.3626136782654186e-01,-1.8871830241343965e-01,1.4426902965044008e-03,1.6601232972331842e-01,1.7305627586898117e-02

2.2231168412218299e+03,0,1.0000000000000000e+00,-1.2906740774392606e+01,-2.6248302076947407e+00,-1.1143086808244426e-02,2.4376485994945918e-01,1.2132905819827747e-01,-9.7311356509249755e-03
2.2231168412218299e+03,1,1.0000000000000000e+00,-1.6124370888312029e+01,1.1848601393943192e+00,1.1596990666539649e-01,-2.4012589607076462e-01,-2.8714420993428502e-01,-7.5998023012269905e-03
2.2231168412218299e+03,2,1.0000000000000000e+00,2.9031111611015977e+01,1.4399707222031237e+00,-1.0482680883664371e-01,-3.6389637655037596e-03,1.6581515208094505e-01,1.7330937955327835e-02

2.2278982936402504e+03,0,1.0000000000000000e+00,-1.2091656536028708e+01,-1.7627827400464051e+00,-4.6024947659329768e-02,8.6884839219611001e-02,2.2298711885640810e-01,-4.9437889772331704e-03
2.2278982936402504e+03,1,1.0000000000000000e+00,-1.6910020041101806e+01,-4.6926117876874329e-01,6.7954757018760900e-02,-7.8207638972066604e-02,-3.8846111714292553e-01,-1.2397231934014616e-02
2.2278982936402504e+03,2,1.0000000000000000e+00,2.9001676525885429e+01,2.2320445748112534e+00,-2.1929798314138452e-02,-8.6772002103256002e-03,1.6547399880247096e-01,1.7341020918839753e-02

2.2327298925544260e+03,0,1.0000000000000000e+00,-1.2127689831020106e+01,-6.5776116441239241e-01,-6.0641485573237036e-02,-1.0086781168264779e-01,2.1484234561651272e-01,-1.4625793633760951e-03
2.2327298925544260e+03,1,1.0000000000000000e+00,-1.6819738090977726e+01,-2.3727077507655392e+00,-1.2086361036700508e-03,1.1464428890710777e-01,-3.7985107418233821e-01,-1.5874008773231495e-02
2.2327298925544260e+03,2,1.0000000000000000e+00,2.8947427870464935e+01,3.0304695737495799e+00,6.1850132769083091e-02,-1.3776477380053508e-02,1.6500872907779573e-01,1.7336588147738047e-02

2.2373511616078449e+03,0,1.0000000000000000e+00,-1.2949644313860794e+01,1.1619039842156642e-01,-6.4304021638720760e-02,-2.4411214347921800e-01,1.0587664316388307e-01,-5.7330861494605048e-04
2.2373511616078449e+03,1,1.0000000000000000e+00,-1.5922906662711059e+01,-3.9079769231320629e+00,-7.7627833075638253e-02,2.6273242226600674e-01,-2.7033379305716537e-01,-1.6745896311205957e-02
2.2373511616078449e+03,2,1.0000000000000000e+00,2.8872550924079100e+01,3.7917871852931428e+00,1.4193186585624706e-01,-1.8620279013861797e-02,1.6445715023873478e-01,1.7319204935696917e-02

2.2419925409018024e+03,0,1.0000000000000000e+00,-1.4258693287922526e+01,2.2313291061383289e-01,-7.0155775600590942e-02,-3.0312212834447355e-01,-6.5779229792799432e-02,-2.3725775289528996e-03
2.2419925409018024e+03,1,1.0000000000000000e+00,-1.4516254461667668e+01,-4.7767089576512154e+00,-1.5209595692031547e-01,3.2655036827828682e-01,-9.8000917976265589e-02,-1.4916403525052208e-02
2.2419925409018024e+03,2,1.0000000000000000e+00,2.8774947696265805e+01,4.5535767088643553e+00,2.2225174369663891e-01,-2.3428240039341887e-02,1.6378014798378795e-01,1.7288981058984281e-02

2.2472309932751168e+03,0,1.0000000000000000e+00,-1.5748938467005768e+01,-6.5379177775127584e-01,-9.3513805301623232e-02,-2.4397574301551872e-01,-2.6281790110370157e-01,-6.8537797426528116e-03
2.2472309932751168e+03,1,1.0000000000000000e+00,-1.2889182256143856e+01,-4.7553640761476998e+00,-2.1918148399856796e-01,2.7278234113142386e-01,9.9976416623055897e-02,-1.0384910574992585e-02
2.2472309932751168e+03,2,1.0000000000000000e+00,2.8638120669797850e+01,5.4091565169469593e+00,3.1269530049389715e-01,-2.8806598037923181e-02,1.6284148477266969e-01,1.7238690320562015e-02

2.2521730423821673e+03,0,1.0000000000000000e+00,-1.6596319951161785e+01,-2.2826003650984705e+00,-1.3977996143885379e-01,-8.6496897529830974e-02,-3.8013967279394406e-01,-1.1824811489251824e-02
2.2521730423821673e+03,1,1.0000000000000000e+00,-1.1886917171534094e+01,-3.9287819463164104e+00,-2.5795792223307212e-01,1.2037166725507448e-01,2.1835341954368942e-01,-5.3496710239813727e-03
2.2521730423821673e+03,2,1.0000000000000000e+00,2.8483237069784572e+01,6.2113829763814401e+00,3.9773789488738998e-01,-3.3874769665104526e-02,1.6178625373152819e-01,1.7174482519813985e-02

2.2570043109475059e+03,0,1.0000000000000000e+00,-1.6548554835753439e+01,-4.1790498544833330e+00,-2.0665103822820080e-01,1.0695245132304801e-01,-3.8520891533177304e-01,-1.5526811861630033e-02
2.2570043109475059e+03,1,1.0000000000000000e+00,-1.1759044054918716e+01,-2.8111992045402476e+00,-2.7387815107967473e-01,-6.8119691532576659e-02,2.2458708211789369e-01,-1.5693654677352217e-03
2.2570043109475059e+03,2,1.0000000000000000e+00,2.8307598837630252e+01,6.9902497265273329e+00,4.8052920056668669e-01,-3.8832759915754050e-02,1.6062183374600719e-01,1.7096177340281425e-02

2.2616566837493669e+03,0,1.0000000000000000e+00,-1.5661965442119946e+01,-5.7720775129491351e+00,-2.8266134971320522e-01,2.6421582641172170e-01,-2.8416806459782584e-01,-1.6688985766187905e-02
2.2616566837493669e+03,1,1.0000000000000000e+00,-1.2453912002345660e+01,-1.9626344638553466e+00,-2.7720450891576687e-01,-2.2063833910924391e-01,1.2477052329329746e-01,-3.1873165541062773e-04
2.2616566837493669e+03,2,1.0000000000000000e+00,2.8115877390499385e+01,7.7347126465026790e+00,5.5986586993991172e-01,-4.3577487546252208e-02,1.5939754169340900e-01,1.7007717432170125e-02

2.2662916564863544e+03,0,1.0000000000000000e+00,-1.4225551538353981e+01,-6.7121004341273931e+00,-3.5729246232891831e-01,3.3886735387231182e-01,-1.1431510969574671e-01,-1.5069441169827658e-02
2.2662916564863544e+03,1,1.0000000000000000e+00,-1.3677512589956832e+01,-1.7583873629413915e+00,-2.8117698348912534e-01,-2.9062769187785131e-01,-4.3756625498009571e-02,-1.8385194970377966e-03
2.2662916564863544e+03,2,1.0000000000000000e+00,2.7903064073328835e+01,8.4704884681570274e+00,6.3846945716854231e-01,-4.8239662156990215e-02,1.5807173542121561e-01,1.6907960673063261e-02

2.2715444500355816e+03,0,1.0000000000000000e+00,-1.2500085995492931e+01,-6.7655872099497785e+00,-4.2560207219298474e-01,2.9551045850536450e-01,8.8761547003259139e-02,-1.0596566964205939e-02
2.2715444500355816e+03,1,1.0000000000000000e+00,-1.5135886058812339e+01,-2.5309377488827796e+00,-3.0135287469468008e-01,-2.4206610000081530e-01,-2.4517280445515185e-01,-6.1834878370950926e-03
2.2715444500355816e+03,2,1.0000000000000000e+00,2.7635971999009556e+01,9.2965256310682918e+00,7.2695495825986489e-01,-5.3444358467402364e-02,1.5641125770591649e-01,1.6780054804269352e-02

2.2765311111585052e+03,0,1.0000000000000000e+00,-1.1362797550116621e+01,-5.9651337883006335e+00,-4.6551388760398915e-01,1.4724763559369902e-01,2.1626635524452470e-01,-5.4331444036283781e-03
2.2765311111585052e+03,1,1.0000000000000000e+00,-1.5994436822350075e+01,-4.1070698915001298e+00,-3.4478001775231282e-01,-8.8901539087494597e-02,-3.7092898863252671e-01,-1.1208668792950649e-02
2.2765311111585052e+03,2,1.0000000000000000e+00,2.7357234317535596e+01,1.0072204353757524e+01,8.1029391674807216e-01,-5.8346096437570008e-02,1.5466263383091886e-01,1.6641813202328829e-02

2.2814226202806867e+03,0,1.0000000000000000e+00,-1.1103629321293123e+01,-4.8219355004834910e+00,-4.8152294678945717e-01,-4.2668823690630880e-02,2.3112938655486076e-01,-1.4348872235944339e-03
2.2814226202806867e+03,1,1.0000000000000000e+00,-1.5956466840772338e+01,-6.0023010581667942e+00,-4.0980859274594561e-01,1.0581205353222775e-01,-3.8393034468335246e-01,-1.5054643355355002e-02
2.2814226202806867e+03,2,1.0000000000000000e+00,2.7060096107107423e+01,1.0824237235082393e+01,8.9133155096750005e-01,-6.3143229941054091e-02,1.5280095866362101e-01,1.6489530589444249e-02

2.2861215166602160e+03,0,1.0000000000000000e+00,-1.1694915818011179e+01,-3.9185943417735238e+00,-4.8373819897369330e-01,-1.9951175995629392e-01,1.3750052242567976e-01,3.3140728490359261e-05
2.2861215166602160e+03,1,1.0000000000000000e+00,-1.5057699064007444e+01,-7.6192209563352993e+00,-4.8470474802368424e-01,2.6723420378158746e-01,-2.8840558036597763e-01,-1.6362673298639070e-02
2.2861215166602160e+03,2,1.0000000000000000e+00,2.6752614826192175e+01,1.1537815976853501e+01,9.6844295848254203e-01,-6.7722444073086835e-02,1.5090505836123000e-01,1.6329532581320139e-02

2.2907790891830391e+03,0,1.0000000000000000e+00,-1.2839799611560249e+01,-3.6436695804683623e+00,-4.8561200889544898e-01,-2.7578007345908567e-01,-2.7148957079923208e-02,-1.2856835496356279e-03
2.2907790891830391e+03,1,1.0000000000000000e+00,-1.3586947956409306e+01,-8.5924382586233286e+00,-5.5849607191931183e-01,3.4797387096104465e-01,-1.2178187117428291e-01,-1.4874294066906296e-02
2.2907790891830391e+03,2,1.0000000000000000e+00,2.6426747511003814e+01,1.2236108519366631e+01,1.0441080923439250e+00,-7.2193797708798149e-02,1.4893082849923148e-01,1.6159977623784735e-02

2.2960560553218529e+03,0,1.0000000000000000e+00,-1.4248889729418014e+01,-4.3314045974259212e+00,-5.0251093791307566e-01,-2.3560421399827353e-01,-2.2932495298139713e-01,-5.4803458939360096e-03
2.2960560553218529e+03,1,1.0000000000000000e+00,-1.1783751473482104e+01,-8.6844122470986598e+00,-6.2633779738077888e-01,3.1276195786282907e-01,8.2769282897309476e-02,-1.0474314616296797e-02
2.2960560553218529e+03,2,1.0000000000000000e+00,2.6032641145355306e+01,1.3015817525920244e+01,1.1288487468486603e+00,-7.7157743872255935e-02,1.4655567030838487e-01,1.5954660513421315e-02

2.3010686266932194e+03,0,1.0000000000000000e+00,-1.5094411887697170e+01,-5.8496216659692806e+00,-5.4258679646220342e-01,-8.7578815325523085e-02,-3.6103174196143745e-01,-1.0510503894023780e-02
2.3010686266932194e+03,1,1.0000000000000000e+00,-1.0539816980230409e+01,-7.8948167207472366e+00,-6.6571412253282669e-01,1.6937807339033223e-01,2.1689779425509587e-01,-5.2331154268016929e-03
2.3010686266932194e+03,2,1.0000000000000000e+00,2.5634228810628169e+01,1.3744439069638798e+01,1.2083009305678423e+00,-8.1799257996824859e-02,1.4413394810731361e-01,1.5743619325809734e-02

2.3059772881975114e+03,0,1.0000000000000000e+00,-1.5051627256035820e+01,-7.7211111204158662e+00,-6.0468291642689820e-01,1.0737991165273869e-01,-3.8132792724019726e-01,-1.4479603798939965e-02
2.3059772881975114e+03,1,1.0000000000000000e+00,-1.0169993912517839e+01,-6.7246885384901560e+00,-6.8035535142297010e-01,-2.1069241100591440e-02,2.3972053828871609e-01,-1.0400332593766062e-03
2.3059772881975114e+03,2,1.0000000000000000e+00,2.5221621111306582e+01,1.4445800344182953e+01,1.2850382794593256e+00,-8.6310670626536856e-02,1.4160738948089105e-01,1.5519637068247209e-02

2.3107424665068270e+03,0,1.0000000000000000e+00,-1.4118698031953850e+01,-9.3576859667007959e+00,-6.7827075923238478e-01,2.7490413473743142e-01,-2.8864897960892733e-01,-1.5928313806542711e-02
2.3107424665068270e+03,1,1.0000000000000000e+00,-1.0681263912431312e+01,-5.7568147172367325e+00,-6.8017302686134162e-01,-1.8424765329593745e-01,1.4961134093198591e-01,6.4094843180221087e-04
2.3107424665068270e+03,2,1.0000000000000000e+00,2.4799961886332426e+01,1.5114501371619479e+01,1.3584437977566362e+00,-9.0656481689079776e-02,1.3903763912283720e-01,1.5287365386323479e-02

2.3154846193995122e+03,0,1.0000000000000000e+00,-1.2571700154498423e+01,-1.0343383597433704e+01,-7.5138595044260548e-01,3.6041810408362146e-01,-1.1861540989040281e-01,-1.4427879865227476e-02
2.3154846193995122e+03,1,1.0000000000000000e+00,-1.1788230083742103e+01,-5.4242101126938200e+00,-6.7898249350099327e-01,-2.6550653447495992e-01,-1.7773659861250735e-02,-6.1733231570587459e-04
2.3154846193995122e+03,2,1.0000000000000000e+00,2.4359930178941116e+01,1.5767594399472703e+01,1.4303684556544898e+00,-9.4911569849067901e-02,1.3638907000964601e-01,1.5045212188933189e-02

2.3201464539144054e+03,0,1.0000000000000000e+00,-1.0904177675833187e+01,-1.0460374639246819e+01,-8.1035717490325954e-01,3.3681285588343096e-01,6.5828316454417390e-02,-1.0566305042197480e-02
2.3201464539144054e+03,1,1.0000000000000000e+00,-1.3003728560166159e+01,-5.9367892131304956e+00,-6.8957651290258914e-01,-2.3781584122063398e-01,-1.9951640296111600e-01,-4.2313847503402998e-03
2.3201464539144054e+03,2,1.0000000000000000e+00,2.3907906175949044e+01,1.6397164542699358e+01,1.4999336995430457e+00,-9.8997014732031818e-02,1.3368808670192084e-01,1.4797689796218006e-02

2.3250895628197104e+03,0,1.0000000000000000e+00,-9.5251153685596677e+00,-9.7428476006806193e+00,-8.4974563349982790e-01,2.0618408293553070e-01,2.1051230657103487e-01,-5.3272622560485636e-03
2.3250895628197104e+03,1,1.0000000000000000e+00,-1.3882939118732759e+01,-7.3077990131288910e+00,-7.2266027217845341e-01,-1.0295342847595423e-01,-3.4119989577173099e-01,-9.1949838699581718e-03
2.3250895628197104e+03,2,1.0000000000000000e+00,2.3408054427290523e+01,1.7050647305384508e+01,1.5724059174317333e+00,-1.0323065440083856e-01,1.3068758953901433e-01,1.4522246129950438e-02

2.3298801794371166e+03,0,1.0000000000000000e+00,-8.9662125046464709e+00,-8.5924449083449197e+00,-8.6409824903028687e-01,2.3247218937069450e-02,2.5094736967408282e-01,-9.2157628939570739e-04
2.3298801794371166e+03,1,1.0000000000000000e+00,-1.3937607723533544e+01,-9.0770080698106579e+00,-7.7720642299957854e-01,8.4023572474776057e-02,-3.7857663175458101e-01,-1.3317388806999869e-02
2.3298801794371166e+03,2,1.0000000000000000e+00,2.2903820168332732e+01,1.7669453671787664e+01,1.6413046838125922e+00,-1.0727079144002528e-01,1.2762926258344420e-01,1.4238965104978881e-02

2.3346244617939997e+03,0,1.0000000000000000e+00,-9.2775247954097715e+00,-7.5283042489009659e+00,-8.6219354433111262e-01,-1.4715652766890133e-01,1.8029110352422301e-01,1.2751512788971610e-03
2.3346244617939997e+03,1,1.0000000000000000e+00,-1.3107965262924495e+01,-1.0739213678693998e+01,-8.4596728029234980e-01,2.5838527077217288e-01,-3.0476388727664966e-01,-1.5217688710351538e-02
2.3346244617939997e+03,2,1.0000000000000000e+00,2.2385489997899629e+01,1.8267518623658248e+01,1.7081608364560941e+00,-1.1122874331997870e-01,1.2447278423731080e-01,1.3942537443169733e-02

2.3394312387707760e+03,0,1.0000000000000000e+00,-1.0263937563830478e+01,-7.0156647520469271e+00,-8.5657409286301189e-01,-2.4700248247854190e-01,2.2651100256623355e-02,5.6343831167934150e-04
2.3394312387707760e+03,1,1.0000000000000000e+00,-1.1577385376050035e+01,-1.1842284207357146e+01,-9.1785839346555165e-01,3.6217596769947874e-01,-1.4383056640012976e-01,-1.4193526257725637e-02
2.3394312387707760e+03,2,1.0000000000000000e+00,2.1841322878168899e+01,1.8857949657389497e+01,1.7744324982142088e+00,-1.1517348549926619e-01,1.2117946644696298e-01,1.3630087955503842e-02

2.3441309186131343e+03,0,1.0000000000000000e+00,-1.1449627242324052e+01,-7.3409488755896461e+00,-8.6076878782813915e-01,-2.3922821099622024e-01,-1.6049219750825797e-01,-2.6947153224221587e-03
2.3441309186131343e+03,1,1.0000000000000000e+00,-9.8415480305080099e+00,-1.2078781184789101e+01,-9.7698621340582892e-01,3.5815692936777477e-01,4.2614066784487620e-02,-1.0621450665867161e-02
2.3441309186131343e+03,2,1.0000000000000000e+00,2.1291175210077729e+01,1.9419730759439854e+01,1.8377550131525708e+00,-1.1892871851290913e-01,1.1787813090576707e-01,1.3316165992927117e-02

2.3490910176065090e+03,0,1.0000000000000000e+00,-1.2383153562707470e+01,-8.5505661238136419e+00,-8.8601348696007332e-01,-1.2076483196432122e-01,-3.1508060441488928e-01,-7.5865889225288606e-03
2.3490910176065090e+03,1,1.0000000000000000e+00,-8.3085527325784003e+00,-1.1444987581745071e+01,-1.0169489296647374e+00,2.4353236206173776e-01,2.0079878030588949e-01,-5.3878764640912027e-03
2.3490910176065090e+03,2,1.0000000000000000e+00,2.0691706232300199e+01,1.9995554405652083e+01,1.9029624285600981e+00,-1.2276753006750293e-01,1.1428182437914802e-01,1.2974465389720889e-02

2.3538422613287903e+03,0,1.0000000000000000e+00,-1.2543571117505087e+01,-1.0225183253897670e+01,-9.3287481306347964e-01,5.9241794832611550e-02,-3.7190219774367222e-01,-1.1935040207714281e-02
2.3538422613287903e+03,1,1.0000000000000000e+00,-7.5563023490692647e+00,-1.0304895089509795e+01,-1.0309267102492945e+00,6.7105217952692364e-02,2.6120390746360483e-01,-6.9752447027075955e-04
2.3538422613287903e+03,2,1.0000000000000000e+00,2.0099873403773152e+01,2.0530079045232938e+01,1.9638015352704201e+00,-1.2634701277507629e-01,1.1069829073520443e-01,1.2632564684923761e-02

2.3585272820321079e+03,0,1.0000000000000000e+00,-1.1832237244319012e+01,-1.1884520335245060e+01,-9.9534312267297398e-01,2.3935399658105089e-01,-3.1857624708323179e-01,-1.4312224904831456e-02
2.3585272820321079e+03,1,1.0000000000000000e+00,-7.6675588110577078e+00,-9.1556374706797037e+00,-1.0268203996625751e+00,-1.0954191196980895e-01,2.1154571973205377e-01,2.0331009798020706e-03
2.3585272820321079e+03,2,1.0000000000000000e+00,1.9499795992228073e+01,2.1040158510088069e+01,2.0221635343369133e+00,-1.2981208478130582e-01,1.0703052785858719e-01,1.2279123936297901e-02

2.3633382868986619e+03,0,1.0000000000000000e+00,-1.0349778188370054e+01,-1.3086626514377809e+01,-1.0642705866123991e+00,3.6167461526454658e-01,-1.6869161837425350e-01,-1.3819212273528274e-02
2.3633382868986619e+03,1,1.0000000000000000e+00,-8.5170593062796680e+00,-8.4591754899714751e+00,-1.0160660723126407e+00,-2.2837057550811435e-01,6.5533491647542408e-02,1.9168228133318033e-03
2.3633382868986619e+03,2,1.0000000000000000e+00,1.8866837430307207e+01,2.1545802710649959e+01,2.0803366709818132e+00,-1.3330404005264823e-01,1.0315812708280928e-01,1.1902389470926547e-02

2.3680106605210494e+03,0,1.0000000000000000e+00,-8.5789655448980824e+00,-1.3441694236906054e+01,-1.1221939564394234e+00,3.7784127934048006e-01,1.8112662006998625e-02,-1.0586751589826759e-02
2.3680106605210494e+03,1,1.0000000000000000e+00,-9.6572836147166736e+00,-8.5771713953579010e+00,-1.0128835509099197e+00,-2.4124236039855407e-01,-1.1743739770797718e-01,-9.4150140817583772e-04
2.3680106605210494e+03,2,1.0000000000000000e+00,1.8236249094008471e+01,2.2018866339795370e+01,2.1350775194457254e+00,-1.3659891915369074e-01,9.9324735889310595e-02,1.1528253003944082e-02

2.3729104303790655e+03,0,1.0000000000000000e+00,-6.9209402238035649e+00,-1.2913126111940597e+01,-1.1618681912537421e+00,2.8155197975066915e-01,1.8736620048562735e-01,-5.4501231800848180e-03
2.3729104303790655e+03,1,1.0000000000000000e+00,-1.0637812394673098e+01,-9.5823986611501262e+00,-1.0287193725345496e+00,-1.4163282133182004e-01,-2.8258868322580660e-01,-5.6783337469516418e-03
2.3729104303790655e+03,2,1.0000000000000000e+00,1.7558752552313898e+01,2.2495525481492127e+01,2.1905875759037263e+00,-1.3991915843809127e-01,9.5222482947202980e-02,1.1128456929711180e-02

2.3775603720315157e+03,0,1.0000000000000000e+00,-5.9776026131512801e+00,-1.1818340862718014e+01,-1.1755493779356314e+00,1.1659109005156185e-01,2.6710360503129427e-01,-5.7922657557167405e-04
2.3775603720315157e+03,1,1.0000000000000000e+00,-1.0923457998399787e+01,-1.1110701859136423e+01,-1.0658820060316576e+00,2.6353108180418389e-02,-3.5832199868474923e-01,-1.0158610604193437e-02
2.3775603720315157e+03,2,1.0000000000000000e+00,1.6901060545502880e+01,2.2929043431605631e+01,2.2414313960987124e+00,-1.4294419819819507e-01,9.1218394037160477e-02,1.0737837184817842e-02

2.3828290142455876e+03,0,1.0000000000000000e+00,-5.9058502179520609e+00,-1.0447903923479842e+01,-1.1680084579444916e+00,-8.4935347364301278e-02,2.3041317395918520e-01,2.9467494534426647e-03
2.3828290142455876e+03,1,1.0000000000000000e+00,-1.0233314490676475e+01,-1.2949443990149073e+01,-1.1287907234693544e+00,2.3119311095631426e-01,-3.1693813114091812e-01,-1.3223287220654363e-02
2.3828290142455876e+03,2,1.0000000000000000e+00,1.6139164642391197e+01,2.3397348625816534e+01,2.2967991935867573e+00,-1.4625776372541163e-01,8.6524957685492412e-02,1.0276537777714532e-02

2.3878058187485099e+03,0,1.0000000000000000e+00,-6.6884860450111834e+00,-9.6230201111830596e+00,-1.1515368837049849e+00,-2.1417676921920456e-01,8.7274327926102208e-02,3.1195610720806894e-03
2.3878058187485099e+03,1,1.0000000000000000e+00,-8.7151803927208356e+00,-1.4193631390695597e+01,-1.1952854426657780e+00,3.6347441368991518e-01,-1.6923551150071306e-01,-1.2943298122525738e-02
2.3878058187485099e+03,2,1.0000000000000000e+00,1.5403666370366532e+01,2.3816652216358825e+01,2.3468223386005298e+00,-1.4929764476670193e-01,8.1961183958510347e-02,9.8237370616865213e-03

2.3926421855855447e+03,0,1.0000000000000000e+00,-7.8186270616275344e+00,-9.6471913695700415e+00,-1.1421687774869054e+00,-2.3379244820961487e-01,-9.9420316697695812e-02,3.3134687049736662e-04
2.3926421855855447e+03,1,1.0000000000000000e+00,-6.8560397629104592e+00,-1.4554968245343709e+01,-1.2510806149239586e+00,3.8594015905650692e-01,2.1970842985783542e-02,-9.7057533146340334e-03
2.3926421855855447e+03,2,1.0000000000000000e+00,1.4674666755763717e+01,2.4202160330767523e+01,2.3932494046851640e+00,-1.5214771109553540e-01,7.7449473906552088e-02,9.3744064507942232e-03

2.3974102426679083e+03,0,1.0000000000000000e+00,-8.7570932676861553e+00,-1.0530710456185545e+01,-1.1510254537552025e+00,-1.4320638667959984e-01,-2.6221129519245306e-01,-4.2149617408643817e-03
2.3974102426679083e+03,1,1.0000000000000000e+00,-5.1856946714170391e+00,-1.4030013101440154e+01,-1.2858552386265150e+00,2.9802596257540920e-01,1.8926943708085331e-01,-4.7111872363939326e-03
2.3974102426679083e+03,2,1.0000000000000000e+00,1.3942787869578169e+01,2.4560724274257012e+01,2.4368807046765353e+00,-1.5481957595697168e-01,7.2941858281203406e-02,8.9261489798473561e-03

2.4020790102521487e+03,0,1.0000000000000000e+00,-9.0611499690539432e+00,-1.1985899683702677e+01,-1.1816713339244349e+00,2.1422578617498633e-02,-3.4506577457616178e-01,-8.7896511559781461e-03
2.4020790102521487e+03,1,1.0000000000000000e+00,-4.1530032077391743e+00,-1.2904913293499703e+01,-1.2958441860335872e+00,1.3586569046227864e-01,2.7662153003344253e-01,3.1056353183045275e-04
2.4020790102521487e+03,2,1.0000000000000000e+00,1.3214153107278463e+01,2.4890813694957345e+01,2.4775155322657092e+00,-1.5728826904563897e-01,6.8444244873311799e-02,8.4790876280411084e-03

2.4067567528753493e+03,0,1.0000000000000000e+00,-8.5232699532030498e+00,-1.3589690663701179e+01,-1.2308260844091843e+00,2.0661610282509785e-01,-3.2233008805361241e-01,-1.1854941731442775e-02
2.4067567528753493e+03,1,1.0000000000000000e+00,-3.9496013547875455e+00,-1.1610522652194639e+01,-1.2852785152090491e+00,-4.6983411467147962e-02,2.5850923350618893e-01,3.8376938157865734e-03
2.4067567528753493e+03,2,1.0000000000000000e+00,1.2472871238449457e+01,2.5200214035604326e+01,2.5161046119556341e+00,-1.5963269143413245e-01,6.3820855030259194e-02,8.0172479246330246e-03

2.4117116614433139e+03,0,1.0000000000000000e+00,-7.0979458703186040e+00,-1.4897568009611163e+01,-1.2917425694717843e+00,3.5495939991078079e-01,-1.8991437739265057e-01,-1.2172759478441144e-02
2.4117116614433139e+03,1,1.0000000000000000e+00,-4.5780399012737600e+00,-1.0606467301522159e+01,-1.2628390535058007e+00,-1.9295463867672508e-01,1.3111996993569988e-01,4.6617729481533716e-03
2.4117116614433139e+03,2,1.0000000000000000e+00,1.1675985701162899e+01,2.5504036033206404e+01,2.5545816353687152e+00,-1.6200476150676624e-01,5.8794407887155883e-02,7.5109865420003230e-03

2.4165763696391869e+03,0,1.0000000000000000e+00,-5.2181522207639155e+00,-1.5368008640449727e+01,-1.3451832053923169e+00,3.9820737031329201e-01,8.8111564099099815e-04,-9.3233697320683831e-03
2.4165763696391869e+03,1,1.0000000000000000e+00,-5.6642785832758378e+00,-1.0409853022429523e+01,-1.2447033854762584e+00,-2.3398225709926879e-01,-5.4653337464068502e-02,2.3207991654573996e-03
2.4165763696391869e+03,2,1.0000000000000000e+00,1.0882430732126593e+01,2.5777862386564443e+01,2.5898866033102155e+00,-1.6422511351055014e-01,5.3772222051378951e-02,7.0025705747917173e-03

2.4212474268977708e+03,0,1.0000000000000000e+00,-3.4795982140250556e+00,-1.4941424941769451e+01,-1.3780496199703300e+00,3.2912818425337614e-01,1.7471119323592166e-01,-4.5341297004974539e-03
2.4212474268977708e+03,1,1.0000000000000000e+00,-6.6309974825171984e+00,-1.1076258581327338e+01,-1.2433975437020217e+00,-1.6290231211941997e-01,-2.2361689027868326e-01,-1.9761082400754004e-03
2.4212474268977708e+03,2,1.0000000000000000e+00,1.0110595623590875e+01,2.6017684247551493e+01,2.6214471761395890e+00,-1.6622587226390284e-01,4.8905697177578422e-02,6.5102379436619779e-03

2.4257988485412466e+03,0,1.0000000000000000e+00,-2.2961320168394703e+00,-1.3877363748270675e+01,-1.3869383523250267e+00,1.8119853856304882e-01,2.7846780029649709e-01,5.6224285611238510e-04
2.4257988485412466e+03,1,1.0000000000000000e+00,-7.0537511071898740e+00,-1.2352035087702198e+01,-1.2630412694029143e+00,-1.3176035174066597e-02,-3.2258436050537420e-01,-6.5887978904189421e-03
2.4257988485412466e+03,2,1.0000000000000000e+00,9.3498830508730588e+00,2.6229399561229137e+01,2.6499796342053905e+00,-1.6802250337038224e-01,4.4116560454843134e-02,6.0265550366831715e-03

2.4309646551171163e+03,0,1.0000000000000000e+00,-1.8831372417684449e+00,-1.2382380288987758e+01,-1.3717962668013208e+00,-2.0908167821599655e-02,2.7814651102520244e-01,4.8886571469589938e-03
2.4309646551171163e+03,1,1.0000000000000000e+00,-6.5939054047478418e+00,-1.4060672760417386e+01,-1.3078741389345412e+00,1.9078477978221869e-01,-3.1672687146625716e-01,-1.0354437023806329e-02
2.4309646551171163e+03,2,1.0000000000000000e+00,8.4770425734256243e+00,2.6443053776478084e+01,2.6796704182369742e+00,-1.6987661199747348e-01,3.8580360885981269e-02,5.4657798842451203e-03

2.4360329541024989e+03,0,1.0000000000000000e+00,-2.4184910108234163e+00,-1.1232589536298473e+01,-1.3424566227256833e+00,-1.7719384628804499e-01,1.5870763080377243e-01,6.1155122660378281e-03
2.4360329541024989e+03,1,1.0000000000000000e+00,-5.1933049479107325e+00,-1.5391953746960141e+01,-1.3634839526333420e+00,3.4872833761608368e-01,-1.9172382718415709e-01,-1.1013239252903796e-02
2.4360329541024989e+03,2,1.0000000000000000e+00,7.6117958849418308e+00,2.6624544012709091e+01,2.7059405879101814e+00,-1.7153449157011511e-01,3.3016196829449500e-02,4.8977269983797589e-03

2.4407197092435053e+03,0,1.0000000000000000e+00,-3.4129638566634144e+00,-1.0884137343263554e+01,-1.3171679017852833e+00,-2.2960025177577770e-01,-1.5291779343770087e-02,4.2221456521036376e-03
2.4407197092435053e+03,1,1.0000000000000000e+00,-3.3915371130478005e+00,-1.5882897172589269e+01,-1.4104699385658070e+00,4.0254704616594406e-01,-1.2487532615276090e-02,-8.5820447221791607e-03
2.4407197092435053e+03,2,1.0000000000000000e+00,6.8045008945213601e+00,2.6767035247018590e+01,2.7276378529536229e+00,-1.7294679470993263e-01,2.7779312226821326e-02,4.3598990795008889e-03

2.4450990625440950e+03,0,1.0000000000000000e+00,-4.3455408457387881e+00,-1.1318652475005862e+01,-1.3064321056359001e+00,-1.8089722352400561e-01,-1.7869502401436169e-01,4.4754994579181574e-04
2.4450990625440950e+03,1,1.0000000000000000e+00,-1.6988829123463063e+00,-1.5559249800160581e+01,-1.4391906081574328e+00,3.5504802048077888e-01,1.5584544179477436e-01,-4.3009642758072208e-03
2.4450990625440950e+03,2,1.0000000000000000e+00,6.0444236816941990e+00,2.6877903007147616e+01,2.7456227264260349e+00,-1.7415079716017401e-01,2.2849582346083235e-02,3.8534143342997393e-03

2.4495057719954120e+03,0,1.0000000000000000e+00,-4.8806818371337437e+00,-1.2383626022110100e+01,-1.3144297881358189e+00,-5.1103704423125437e-02,-2.9263436282359229e-01,-4.0805220006491175e-03
2.4495057719954120e+03,1,1.0000000000000000e+00,-3.9389519769254822e-01,-1.4584007681662381e+01,-1.4470498638098328e+00,2.2632447811998296e-01,2.7476257866233106e-01,7.3742174657128075e-04
2.4495057719954120e+03,2,1.0000000000000000e+00,5.2745769579457464e+00,2.6967634436321831e+01,2.7614796645893169e+00,-1.7522077372274655e-01,1.7871784325862693e-02,3.3431002555709484e-03

2.4548215738958920e+03,0,1.0000000000000000e+00,-4.6067167807800775e+00,-1.4059742948549395e+01,-1.3488161697522321e+00,1.5709594016695216e-01,-3.1458825939788509e-01,-8.4884557046539695e-03
2.4548215738958920e+03,1,1.0000000000000000e+00,2.6654082702924420e-01,-1.2986831360391125e+01,-1.4287880165055102e+00,1.9199472103149984e-02,3.0277408744781670e-01,5.7667953624467756e-03
2.4548215738958920e+03,2,1.0000000000000000e+00,4.3401758769486758e+00,2.7046575042911027e+01,2.7776041989159039e+00,-1.7629541226266271e-01,1.1814172327881067e-02,2.7216603472858796e-03

2.4598397347111577e+03,0,1.0000000000000000e+00,-3.3617975042666330e+00,-1.5423494697412771e+01,-1.3962102047256371e+00,3.2832996566056061e-01,-2.1060970359659797e-01,-9.8431451292446091e-03
2.4598397347111577e+03,1,1.0000000000000000e+00,-9.1595806358742315e-02,-1.1667808648457191e+01,-1.3935506617984046e+00,-1.5122672420336447e-01,2.0461611537302488e-01,7.7225271886235229e-03
2.4598397347111577e+03,2,1.0000000000000000e+00,3.4533932334404609e+00,2.7091304082056801e+01,2.7897608792225697e+00,-1.7710324163670682e-01,5.9935886889221079e-03,2.1206179512253277e-03

2.4647561725922806e+03,0,1.0000000000000000e+00,-1.5121537162927363e+00,-1.6031038779966259e+01,-1.4409592480690627e+00,4.0519579755265944e-01,-2.8443975847941616e-02,-7.8215068285212436e-03
2.4647561725922806e+03,1,1.0000000000000000e+00,-1.0689154112829464e+00,-1.1075498559678934e+01,-1.3577485623113759e+00,-2.2746335276598273e-01,2.8253856664431198e-02,6.3044286956239343e-03
2.4647561725922806e+03,2,1.0000000000000000e+00,2.5810690490754715e+00,2.7106538077826272e+01,2.7987078231339773e+00,-1.7773244511218772e-01,1.9011949854391696e-04,1.5170781434424548e-03

2.4695500330761847e+03,0,1.0000000000000000e+00,3.7837378469661376e-01,-1.5705453847599196e+01,-1.4682754657275550e+00,3.6446326104596954e-01,1.6000357738272356e-01,-3.2582080766587820e-03
2.4695500330761847e+03,1,1.0000000000000000e+00,-2.1062316464406909e+00,-1.1388324662894618e+01,-1.3362804038575937e+00,-1.8626043570043677e-01,-1.5448774494724013e-01,2.3356516378593324e-03
2.4695500330761847e+03,2,1.0000000000000000e+00,1.7278577817882224e+00,2.7093779249690641e+01,2.8045558823771515e+00,-1.7820282558992256e-01,-5.5158323098053741e-03,9.2255644387757114e-04

2.4740845315743072e+03,0,1.0000000000000000e+00,1.7629206572300244e+00,-1.4664838033952854e+01,-1.4711490401860390e+00,2.3433767469835176e-01,2.8633892098131997e-01,2.0056576458259093e-03
2.4740845315743072e+03,1,1.0000000000000000e+00,-2.6819926704400521e+00,-1.2391688899454106e+01,-1.3363171175832140e+00,-5.5842533715747711e-02,-2.7542577226974696e-01,-2.3670850798283675e-03
2.4740845315743072e+03,2,1.0000000000000000e+00,9.1907193257921715e-01,2.7056527673085295e+01,2.8074661705736159e+00,-1.7849514103606418e-01,-1.0913148587914923e-02,3.6142743511756318e-04

2.4794183044937108e+03,0,1.0000000000000000e+00,2.4676678314633262e+00,-1.2991127271994444e+01,-1.4456712172803425e+00,2.6811008073031772e-02,3.1780684579526264e-01,7.1831761100587801e-03
2.4794183044937108e+03,1,1.0000000000000000e+00,-2.4342704436384084e+00,-1.3990257838262108e+01,-1.3619635536279482e+00,1.5179613485534299e-01,-3.0053901529984717e-01,-6.8841435194391979e-03
2.4794183044937108e+03,2,1.0000000000000000e+00,-3.3397468414655851e-02,2.6981385851097336e+01,2.8076347837219573e+00,-1.7860714290590346e-01,-1.7267830166067033e-02,-2.9903258694549944e-04

2.4843164707778064e+03,0,1.0000000000000000e+00,2.1631300630926082e+00,-1.1614397738817981e+01,-1.4040751393252475e+00,-1.4144284550298122e-01,2.2696049450538522e-01,9.2805982144643015e-03
2.4843164707778064e+03,1,1.0000000000000000e+00,-1.2551147533200093e+00,-1.5268010476867776e+01,-1.4005921096587313e+00,3.1992047054565098e-01,-2.0380147623497361e-01,-8.3657783637101427e-03
2.4843164707778064e+03,2,1.0000000000000000e+00,-9.0801539058089531e-01,2.6882408958526351e+01,2.8046672618302266e+00,-1.7847762518033114e-01,-2.3159017816617129e-02,-9.1481984125279397e-04

2.4891239166572173e+03,0,1.0000000000000000e+00,1.2435632345102801e+00,-1.0905270408431257e+01,-1.3608661278943339e+00,-2.2377405294596409e-01,5.9676082471338057e-02,8.1788766600552239e-03
2.4891239166572173e+03,1,1.0000000000000000e+00,5.2177575857993341e-01,-1.5851741752379862e+01,-1.4379239431027930e+00,4.0193258486086558e-01,-3.0655406637563262e-02,-6.6467381190717743e-03
2.4891239166572173e+03,2,1.0000000000000000e+00,-1.7653390750265889e+00,2.6757012905663998e+01,2.7987900838953834e+00,-1.7815853222620659e-01,-2.9020675486158377e-02,-1.5321385299888481e-03

2.4939327570461737e+03,0,1.0000000000000000e+00,1.9323741152639240e-01,-1.1067513881701696e+01,-1.3297380598366342e+00,-1.9395584706543043e-01,-1.2410013298076603e-01,4.4211781016462569e-03
2.4939327570461737e+03,1,1.0000000000000000e+00,2.4277435350811909e+00,-1.5535737618482383e+01,-1.4601834632693196e+00,3.7163342511406605e-01,1.5903131115963429e-01,-2.2645905526748767e-03
2.4939327570461737e+03,2,1.0000000000000000e+00,-2.6209810300690846e+00,2.6603252246198128e+01,2.7899215360474079e+00,-1.7767757833107106e-01,-3.4931178037870519e-02,-2.1565875427371119e-03

2.4983660921917035e+03,0,1.0000000000000000e+00,-4.3098749213643961e-01,-1.1921271594293575e+01,-1.3201838016534877e+00,-7.5539466007748843e-02,-2.4991565848064895e-01,-1.6342871243721097e-04
2.4983660921917035e+03,1,1.0000000000000000e+00,3.8384227574790182e+00,-1.4515052190780535e+01,-1.4589037466525490e+00,2.5262791607256807e-01,2.9028507786121799e-01,2.8935390687260471e-03
2.4983660921917035e+03,2,1.0000000000000000e+00,-3.4074353496767436e+00,2.6436324531508998e+01,2.7790875612630348e+00,-1.7708845016590366e-01,-4.0369419297629480e-02,-2.7301103550424763e-03

2.5028396456137793e+03,0,1.0000000000000000e+00,-3.9751607909429731e-01,-1.3171705420204773e+01,-1.3306975072506417e+00,9.4884796307521280e-02,-2.9296957092015341e-01,-4.3349069388447714e-03
2.5028396456137793e+03,1,1.0000000000000000e+00,4.5955250303096982e+00,-1.3071813415455768e+01,-1.4348912303424162e+00,8.1438680110512029e-02,3.3879286104358453e-01,7.6392301217521512e-03
2.5028396456137793e+03,2,1.0000000000000000e+00,-4.1980090356473898e+00,2.6243519582716104e+01,2.7655887505531385e+00,-1.7632347638643936e-01,-4.5823289903576599e-02,-3.3043231817267019e-03

2.5088744040457609e+03,0,1.0000000000000000e+00,8.6572207879424035e-01,-1.4733939769617802e+01,-1.3668118181854743e+00,3.1198154773379350e-01,-1.9675254718054888e-01,-6.8713187346428669e-03
2.5088744040457609e+03,1,1.0000000000000000e+00,4.3924744008946899e+00,-1.1210894174937192e+01,-1.3764973459472367e+00,-1.3700709301411501e-01,2.4992253688829699e-01,1.0952407614043756e-02
2.5088744040457609e+03,2,1.0000000000000000e+00,-5.2581965641413788e+00,2.5944834693681269e+01,2.7433091771193165e+00,-1.7497445481355633e-01,-5.3169989273753132e-02,-4.0810888712517722e-03

2.5137882118812922e+03,0,1.0000000000000000e+00,2.6603590178019374e+00,-1.5290867703744100e+01,-1.3980030460348594e+00,4.0027825556064617e-01,-2.0539365970908191e-02,-5.2649278909546026e-03
2.5137882118812922e+03,1,1.0000000000000000e+00,3.4543694318443392e+00,-1.0377910433210303e+01,-1.3236768471608169e+00,-2.2666675869160774e-01,7.9737637530265720e-02,9.9890793741346101e-03
2.5137882118812922e+03,2,1.0000000000000000e+00,-6.1147285350839979e+00,2.5668778888149419e+01,2.7216799062323052e+00,-1.7361149716281474e-01,-5.9198271193861257e-02,-4.7241514721018292e-03

2.5186710303681202e+03,0,1.0000000000000000e+00,4.5908484981506819e+00,-1.4909176606636693e+01,-1.4137376988784371e+00,3.7038596324245510e-01,1.7378558756366347e-01,-8.0815268164345123e-04
2.5186710303681202e+03,1,1.0000000000000000e+00,2.3678790158010163e+00,-1.0455837745638970e+01,-1.2832990813429961e+00,-1.9832554792745671e-01,-1.0856067459496838e-01,6.1781122548953474e-03
2.5186710303681202e+03,2,1.0000000000000000e+00,-6.9587276009490804e+00,2.5365015104730940e+01,2.6970367933043926e+00,-1.7206041561634905e-01,-6.5224912820111197e-02,-5.3699595663371062e-03

2.5231661790947455e+03,0,1.0000000000000000e+00,6.0089359895349217e+00,-1.3802414399709965e+01,-1.4055942689884096e+00,2.4808386181204931e-01,3.0689698213826788e-01,4.4835890411740976e-03
2.5231661790947455e+03,1,1.0000000000000000e+00,1.7197286115862651e+00,-1.1256965008681682e+01,-1.2659718995574492e+00,-7.7605839025381790e-02,-2.3614593119469784e-01,1.4777496480363759e-03
2.5231661790947455e+03,2,1.0000000000000000e+00,-7.7286646891099293e+00,2.5059380161236028e+01,2.6715661816464920e+00,-1.7047802291036657e-01,-7.0751050885165034e-02,-5.9613386879359669e-03

2.5277154172411265e+03,0,1.0000000000000000e+00,6.7484602142446732e+00,-1.2262030248139556e+01,-1.3736768103526966e+00,7.2892833414520186e-02,3.5347834947445700e-01,9.3298951820130482e-03
2.5277154172411265e+03,1,1.0000000000000000e+00,1.7517942838326537e+00,-1.2462886649458149e+01,-1.2694243236286638e+00,9.5815069694502097e-02,-2.7720057429543110e-01,-2.7783966525344803e-03
2.5277154172411265e+03,2,1.0000000000000000e+00,-8.5002545862203629e+00,2.4724917650912531e+01,2.6431011470829979e+00,-1.6870790307657885e-01,-7.6277775000588827e-02,-6.5514985292091515e-03

2.5328804405653027e+03,0,1.0000000000000000e+00,6.6126197370376882e+00,-1.0562205378638968e+01,-1.3160985356230004e+00,-1.1756077521637920e-01,2.8413079073391140e-01,1.2419388273578916e-02
2.5328804405653027e+03,1,1.0000000000000000e+00,2.7532998160525346e+00,-1.3752695287642881e+01,-1.2914479099903677e+00,2.8400766093013158e-01,-2.0165095818520029e-01,-5.2035800434676420e-03
2.5328804405653027e+03,2,1.0000000000000000e+00,-9.3659196411070678e+00,2.4314901421098536e+01,2.6075464587288271e+00,-1.6644688574313765e-01,-8.2479832159100763e-02,-7.2158082242945896e-03

2.5378662804579290e+03,0,1.0000000000000000e+00,5.7179305441761237e+00,-9.5219815506526011e+00,-1.2537860540063526e+00,-2.2397472247132708e-01,1.2206391433139321e-01,1.2000385442247536e-02
2.5378662804579290e+03,1,1.0000000000000000e+00,4.4718474264766517e+00,-1.4366815972563003e+01,-1.3161789411199976e+00,3.8796266606517171e-01,-3.3617346650381769e-02,-4.1397824796113522e-03
2.5378662804579290e+03,2,1.0000000000000000e+00,-1.0189778059342443e+01,2.3888798280104158e+01,2.5699650082849650e+00,-1.6398794383613649e-01,-8.8446567284817257e-02,-7.8606029519925312e-03

2.5427709253248054e+03,0,1.0000000000000000e+00,4.5940519899014092e+00,-9.3907064719194047e+00,-1.2023283659261712e+00,-2.1426498675514766e-01,-6.7421203519726344e-02,8.5687326408887370e-03
2.5427709253248054e+03,1,1.0000000000000000e+00,6.3935975407470202e+00,-1.4049876267653726e+01,-1.3275153425166670e+00,3.7559507075069071e-01,1.6174634980161323e-01,-6.8395806759338762e-05
2.5427709253248054e+03,2,1.0000000000000000e+00,-1.0987649620820880e+01,2.3440583497954552e+01,2.5298437216513086e+00,-1.6133008431741239e-01,-9.4325146086878517e-02,-8.5003368256810416e-03

2.5473497113783797e+03,0,1.0000000000000000e+00,3.8312982661630528e+00,-1.0044462115023155e+01,-1.1736280794903391e+00,-1.0496472262524989e-01,-2.0738549755263760e-01,3.8589457227934561e-03
2.5473497113783797e+03,1,1.0000000000000000e+00,7.8890279859110759e+00,-1.2951701293573455e+01,-1.3159305022517638e+00,2.6363995526955220e-01,3.0717177246645588e-01,5.2358379450825679e-03
2.5473497113783797e+03,2,1.0000000000000000e+00,-1.1720326343457199e+01,2.2996164167466699e+01,2.4895585949755032e+00,-1.5867523282349327e-01,-9.9786274868337604e-02,-9.0947836655179033e-03

2.5519343652303960e+03,0,1.0000000000000000e+00,3.7264547401596655e+00,-1.1161613880345367e+01,-1.1666787958131115e+00,6.4973732410382845e-02,-2.6329556362346501e-01,-6.5194964015720738e-04
2.5519343652303960e+03,1,1.0000000000000000e+00,8.7149515437562002e+00,-1.1364685502850850e+01,-1.2798393286791760e+00,9.0885689935367053e-02,3.6846338136485762e-01,1.0330844828547684e-02
2.5519343652303960e+03,2,1.0000000000000000e+00,-1.2441406375649761e+01,2.2526300142332364e+01,2.4465181377272001e+00,-1.5585942233230848e-01,-1.0516781763348222e-01,-9.6788951890790370e-03

2.5571099727209107e+03,0,1.0000000000000000e+00,4.5810155447552035e+00,-1.2422347405186429e+01,-1.1789217428933347e+00,2.5895066046519588e-01,-2.0240575350585260e-01,-3.5542547614783402e-03
2.5571099727209107e+03,1,1.0000000000000000e+00,8.6583594810672082e+00,-9.5442181154145214e+00,-1.2158270286103221e+00,-1.0649769694090822e-01,3.1351169337547752e-01,1.3878593331288660e-02
2.5571099727209107e+03,2,1.0000000000000000e+00,-1.3239375117335278e+01,2.1966566280871476e+01,2.3947487847429056e+00,-1.5245296350165893e-01,-1.1110593953675502e-01,-1.0324338566301149e-02

2.5619047387276769e+03,0,1.0000000000000000e+00,6.1319599516751317e+00,-1.3052980533298538e+01,-1.1960668505125971e+00,3.7263927467058733e-01,-4.8859945489013928e-02,-3.0494089554354122e-03
2.5619047387276769e+03,1,1.0000000000000000e+00,7.8303047801125443e+00,-8.3678783887769335e+00,-1.1477583026625433e+00,-2.2360347531590063e-01,1.6536890935349433e-01,1.3966264560697411e-02
2.5619047387276769e+03,2,1.0000000000000000e+00,-1.3962264823624629e+01,2.1420859684225881e+01,2.3438251664464591e+00,-1.4903579952849177e-01,-1.1650896345322401e-01,-1.0916855595809617e-02

2.5666760451361947e+03,0,1.0000000000000000e+00,7.9721535528942606e+00,-1.2830979908339518e+01,-1.2032405582086814e+00,3.7942123289898022e-01,1.4279561120747755e-01,4.8080248251781759e-04
2.5666760451361947e+03,1,1.0000000000000000e+00,6.6925825807830801e+00,-8.0212493848024948e+00,-1.0870891890242163e+00,-2.3404003741227009e-01,-2.0956336890211896e-02,1.1026220460254201e-02
2.5666760451361947e+03,2,1.0000000000000000e+00,-1.4664736226764985e+01,2.0852230056955133e+01,2.2903297605530417e+00,-1.4538119580616043e-01,-1.2183927406208417e-01,-1.1507022933042768e-02

2.5713671066929096e+03,0,1.0000000000000000e+00,9.5535115987409025e+00,-1.1761919861651883e+01,-1.1889236819121352e+00,2.7893645331232719e-01,3.0300892006438140e-01,5.7903927969736278e-03
2.5713671066929096e+03,1,1.0000000000000000e+00,5.7843770862475719e+00,-8.5065414009535338e+00,-1.0460694400107340e+00,-1.3735325309370083e-01,-1.7597377943063813e-01,6.2936570880712042e-03
2.5713671066929096e+03,2,1.0000000000000000e+00,-1.5337888779462892e+01,2.0268462027111539e+01,2.2349931352764489e+00,-1.4158320045196082e-01,-1.2703514057725190e-01,-1.2084049881072489e-02

2.5759860648405279e+03,0,1.0000000000000000e+00,1.0468492279940083e+01,-1.0147389176793000e+01,-1.1496204843815740e+00,1.1003164375589036e-01,3.7957071077339710e-01,1.1088352909499118e-02
2.5759860648405279e+03,1,1.0000000000000000e+00,5.5144228776221276e+00,-9.5226606718975919e+00,-1.0282669131964650e+00,2.7656114639362683e-02,-2.4751651650436346e-01,1.5515596707108940e-03
2.5759860648405279e+03,2,1.0000000000000000e+00,-1.5982915252629638e+01,1.9670050613346348e+01,2.1778874109369122e+00,-1.3768775841840838e-01,-1.3205419422009512e-01,-1.2639912581117524e-02

2.5805228570731279e+03,0,1.0000000000000000e+00,1.0556173474883868e+01,-8.4472132413750600e+00,-1.0902113090547514e+00,-6.8528443568220104e-02,3.5301195218308784e-01,1.4733448535341462e-02
2.5805228570731279e+03,1,1.0000000000000000e+00,6.0424410350465640e+00,-1.0612826629729046e+01,-1.0291248034389628e+00,2.0223777374469323e-01,-2.1617622212113957e-01,-1.5643365870896021e-03
2.5805228570731279e+03,2,1.0000000000000000e+00,-1.6598614604816049e+01,1.9060040636351825e+01,2.1193361258490913e+00,-1.3370933010794869e-01,-1.3683572983252609e-01,-1.3169111947768918e-02

2.5853496267785204e+03,0,1.0000000000000000e+00,9.8537323740607405e+00,-7.0156582579395597e+00,-1.0153339840661744e+00,-2.0939760004881308e-01,2.2610728729820936e-01,1.5749082832936346e-02
2.5853496267785204e+03,1,1.0000000000000000e+00,7.3796398927120510e+00,-1.1371976658897712e+01,-1.0391101631109909e+00,3.3866303908748613e-01,-8.4355036445820403e-02,-2.0317508821108901e-03
2.5853496267785204e+03,2,1.0000000000000000e+00,-1.7233372361573053e+01,1.8387635683658456e+01,2.0544441605493611e+00,-1.2926543910524119e-01,-1.4175225045708659e-01,-1.3717331944099968e-02

2.5900148079997098e+03,0,1.0000000000000000e+00,8.7353892038257186e+00,-6.3631315163619924e+00,-9.4555905447914945e-01,-2.5248110736183638e-01,4.9584655228994995e-02,1.3702039065583056e-02
2.5900148079997098e+03,1,1.0000000000000000e+00,9.0905327945161183e+00,-1.1352379622079130e+01,-1.0436712358648925e+00,3.7720500468611629e-01,9.6790871463882627e-02,5.3747722789523542e-04
2.5900148079997098e+03,2,1.0000000000000000e+00,-1.7825922093943294e+01,1.7715511907063707e+01,1.9892303037580152e+00,-1.2472389759004388e-01,-1.4637552635540776e-01,-1.4239516283292349e-02

2.5946118007135260e+03,0,1.0000000000000000e+00,7.6780997401031605e+00,-6.5337185087911784e+00,-8.9164270704102466e-01,-1.9094659414330489e-01,-1.1762376054968099e-01,9.4976011218556970e-03
2.5946118007135260e+03,1,1.0000000000000000e+00,1.0710446008702968e+01,-1.0498603968104833e+01,-1.0309558995311807e+00,3.1096782570421017e-01,2.6846744177670689e-01,5.2509257617513252e-03
2.5946118007135260e+03,2,1.0000000000000000e+00,-1.8388545845787640e+01,1.7032323246607447e+01,1.9225986200279339e+00,-1.2002123185585983e-01,-1.5084368109773894e-01,-1.4748526876660579e-02

2.5992710803724613e+03,0,1.0000000000000000e+00,7.1059236789960245e+00,-7.3605652361020759e+00,-8.5907792748029976e-01,-4.3963100391779586e-02,-2.2247580467558320e-01,4.5065384875753040e-03
2.5992710803724613e+03,1,1.0000000000000000e+00,1.1830377991762878e+01,-8.9585703688498928e+00,-9.9362188835507348e-01,1.5904224803587225e-01,3.7774719712235932e-01,1.0746377043473972e-02
2.5992710803724613e+03,2,1.0000000000000000e+00,-1.8936301768748979e+01,1.6319136374901507e+01,1.8526998293083228e+00,-1.1507914775894330e-01,-1.5527139243953297e-01,-1.5252915530484915e-02

2.6037924350254093e+03,0,1.0000000000000000e+00,7.3042007570963214e+00,-8.4157606278048220e+00,-8.4810228604882743e-01,1.3235190427200785e-01,-2.2709077017722512e-01,6.3811510814362413e-04
2.6037924350254093e+03,1,1.0000000000000000e+00,1.2141334574242601e+01,-7.1919013909305622e+00,-9.3456157664899064e-01,-2.2193266903067416e-02,3.8650620855542450e-01,1.5085561412922917e-02
2.6037924350254093e+03,2,1.0000000000000000e+00,-1.9445535429395303e+01,1.5607662788874940e+01,1.7826638761659692e+00,-1.1015863730391121e-01,-1.5941543826740484e-01,-1.5723676522651976e-02

2.6084641155967756e+03,0,1.0000000000000000e+00,8.3079479844684272e+00,-9.2845016341726598e+00,-8.4996379846405379e-01,2.8788979918399843e-01,-1.2917055040720476e-01,-9.4700568239758712e-04
2.6084641155967756e+03,1,1.0000000000000000e+00,1.1640079591073611e+01,-5.5688214493279773e+00,-8.5815036515027399e-01,-1.8295270101329819e-01,2.9265903661719000e-01,1.7135465557672373e-02
2.6084641155967756e+03,2,1.0000000000000000e+00,-1.9948027673245893e+01,1.4853323854660179e+01,1.7081141770833641e+00,-1.0493709812661285e-01,-1.6348848588801032e-01,-1.6188459872432052e-02

2.6131236816311125e+03,0,1.0000000000000000e+00,9.8634475685023020e+00,-9.5099488346615964e+00,-8.5214408814953857e-01,3.6324040831530263e-01,4.0113748511173553e-02,5.1554668475313481e-04
2.6131236816311125e+03,1,1.0000000000000000e+00,1.0561048995244652e+01,-4.5725433807618421e+00,-7.7949423635910220e-01,-2.6370148915485764e-01,1.2722454317877274e-01,1.6118875022121830e-02
2.6131236816311125e+03,2,1.0000000000000000e+00,-2.0424496661685254e+01,1.4082492988331591e+01,1.6316383380056227e+00,-9.9538919318271801e-02,-1.6733829130097572e-01,-1.6634421698157008e-02

2.6177073508789490e+03,0,1.0000000000000000e+00,1.1500425841861341e+01,-8.9038401162888015e+00,-8.4136109186453523e-01,3.3345022501358279e-01,2.2169496390762586e-01,4.5334937946152213e-03
2.6177073508789490e+03,1,1.0000000000000000e+00,9.3677304886169175e+00,-4.4032802869473402e+00,-7.1304918920384674e-01,-2.3944317809553783e-01,-5.0738207867630586e-02,1.2527243218492135e-02
2.6177073508789490e+03,2,1.0000000000000000e+00,-2.0868156429533379e+01,1.3307121177635331e+01,1.5544102946089788e+00,-9.4007047217429612e-02,-1.7095675580658973e-01,-1.7060737004001070e-02

2.6225515284010526e+03,0,1.0000000000000000e+00,1.2827170381946219e+01,-7.4529719413165463e+00,-8.0594864261246169e-01,1.9978748329992391e-01,3.6369826963429835e-01,1.0168746045903149e-02
2.6225515284010526e+03,1,1.0000000000000000e+00,8.4817689442232673e+00,-5.0170387277113520e+00,-6.6475221123881212e-01,-1.1184083326586503e-01,-1.8906527026337833e-01,7.3285005700132883e-03
2.6225515284010526e+03,2,1.0000000000000000e+00,-2.1308939426546964e+01,1.2470011444013313e+01,1.4707008674230995e+00,-8.7946650238621804e-02,-1.7463299934425269e-01,-1.7497246612756041e-02

2.6272647533290105e+03,0,1.0000000000000000e+00,1.3341775535585331e+01,-5.5998940210100274e+00,-7.4573403699858531e-01,1.4752677464491326e-02,4.0426438266934095e-01,1.5140903341356156e-02
2.6272647533290105e+03,1,1.0000000000000000e+00,8.3674936701579536e+00,-6.0389181817462472e+00,-6.4153608435737375e-01,6.7159068766865893e-02,-2.2622028392413340e-01,2.7607072808620587e-03
2.6272647533290105e+03,2,1.0000000000000000e+00,-2.1709269306558099e+01,1.1638812977770314e+01,1.3872701349289107e+00,-8.1911746213805037e-02,-1.7804409871657581e-01,-1.7901610624077031e-02

2.6318318227039231e+03,0,1.0000000000000000e+00,1.3005610513852790e+01,-3.8649818154469369e+00,-6.6929830513621380e-01,-1.5546758682135017e-01,3.3934036830228531e-01,1.7898474443699859e-02
2.6318318227039231e+03,1,1.0000000000000000e+00,9.0642406421828952e+00,-6.9535399972151959e+00,-6.3536563937536372e-01,2.3144754866874676e-01,-1.5820468625883949e-01,3.7041961902700357e-04
2.6318318227039231e+03,2,1.0000000000000000e+00,-2.2069851256489489e+01,1.0818522588207617e+01,1.3046639580769852e+00,-7.5979961744164576e-02,-1.8113568182339262e-01,-1.8268894063031487e-02

2.6362723830277823e+03,0,1.0000000000000000e+00,1.2051938118774707e+01,-2.6482340616275035e+00,-5.8887331555303235e-01,-2.6085427401885874e-01,1.9913596425110991e-01,1.7857974849498533e-02
2.6362723830277823e+03,1,1.0000000000000000e+00,1.0342330170115481e+01,-7.3597160313404562e+00,-6.3391711070795076e-01,3.3096969396870646e-01,-1.5236091544394759e-02,7.4487561704089308e-04
2.6362723830277823e+03,2,1.0000000000000000e+00,-2.2394268389110202e+01,1.0007950869891831e+01,1.2227904398374907e+00,-7.0115419976828686e-02,-1.8389987232994209e-01,-1.8602850461011608e-02

2.6415068715648476e+03,0,1.0000000000000000e+00,1.0607267648212414e+01,-2.1369672312644177e+00,-5.0280533154547946e-01,-2.6854769199212747e-01,-4.3233103848101806e-03,1.4508742889884085e-02
2.6415068715648476e+03,1,1.0000000000000000e+00,1.2135529542720825e+01,-6.9004838268762247e+00,-6.2163279220843592e-01,3.3155879528598275e-01,1.9118281140228330e-01,4.4628765179861706e-03
2.6415068715648476e+03,2,1.0000000000000000e+00,-2.2742797291923296e+01,9.0374518369802512e+00,1.1244381373727028e+00,-6.3011103545352096e-02,-1.8685950071198437e-01,-1.8971619398502889e-02

2.6464463857174992e+03,0,1.0000000000000000e+00,9.5103817690101273e+00,-2.5743676874237629e+00,-4.4349927957404511e-01,-1.5894394256526112e-01,-1.6100366110208703e-01,9.3364870408230299e-03
2.6464463857174992e+03,1,1.0000000000000000e+00,1.3526640186467329e+01,-5.5337134489054076e+00,-5.8641444884921745e-01,2.1503034100739515e-01,3.5040839253322081e-01,9.9609808072831704e-03
2.6464463857174992e+03,2,1.0000000000000000e+00,-2.3037022057827397e+01,8.1080819161177722e+00,1.0299137420809199e+00,-5.6086398693628678e-02,-1.8940473135392513e-01,-1.9297467842844272e-02

2.6512970060848843e+03,0,1.0000000000000000e+00,9.1550517910794049e+00,-3.5470246643208769e+00,-4.1082454821908754e-01,1.8887906762282719e-02,-2.2125439410685208e-01,4.3202544841317789e-03
2.6512970060848843e+03,1,1.0000000000000000e+00,1.4137201724064472e+01,-3.6366777251782025e+00,-5.2475534924930733e-01,3.0245073147418394e-02,4.1295329435512129e-01,1.5273493798046949e-02
2.6512970060848843e+03,2,1.0000000000000000e+00,-2.3292253618234870e+01,7.1837031693484130e+00,9.3557991113508732e-01,-4.9132979946212241e-02,-1.9169890025793851e-01,-1.9593748283345567e-02

2.6560591450252168e+03,0,1.0000000000000000e+00,9.6799691713139353e+00,-4.5151529936009593e+00,-3.9844126110859635e-01,1.9618332943744937e-01,-1.6696662028793452e-01,1.3235544892613339e-03
2.6560591450252168e+03,1,1.0000000000000000e+00,1.3829875318963463e+01,-1.7507318733011319e+00,-4.4319227078286472e-01,-1.5393727697035403e-01,3.6068935375745481e-01,1.8533345654889052e-02
2.6560591450252168e+03,2,1.0000000000000000e+00,-2.3509844593085617e+01,6.2658856470065709e+00,8.4163354554770153e-01,-4.2246052344304737e-02,-1.9372273332147133e-01,-1.9856900146076550e-02

2.6604646550860775e+03,0,1.0000000000000000e+00,1.0813411098405449e+01,-4.9781555863651494e+00,-3.9380772457460866e-01,3.0590526963271014e-01,-3.2700648516775427e-02,1.2445398558941084e-03
2.6604646550860775e+03,1,1.0000000000000000e+00,1.2868472097115777e+01,-4.3061920294832845e-01,-3.5985864305866655e-01,-2.7005527711866728e-01,2.2804191661105752e-01,1.8829421404388563e-02
2.6604646550860775e+03,2,1.0000000000000000e+00,-2.3681883297866332e+01,5.4087755705256981e+00,7.5366638129098795e-01,-3.5849992462743875e-02,-1.9534126775273911e-01,-2.0073961257111677e-02

2.6657459511641091e+03,0,1.0000000000000000e+00,1.2529772973800540e+01,-4.6062864210805330e+00,-3.7985374141046480e-01,3.2082481474471519e-01,1.7558127984401664e-01,4.5973537232593224e-03
2.6657459511641091e+03,1,1.0000000000000000e+00,1.1321036469612386e+01,2.3351711946643139e-01,-2.6717877093820092e-01,-2.9272563123521905e-01,2.1342759687328600e-02,1.5704775783532937e-02
2.6657459511641091e+03,2,1.0000000000000000e+00,-2.3850809546125269e+01,4.3727700847863034e+00,6.4703252604034356e-01,-2.8099183700904640e-02,-1.9692403918476378e-01,-2.0302129498049645e-02

2.6705895546508277e+03,0,1.0000000000000000e+00,1.3873156670946457e+01,-3.3340397707705538e+00,-3.4539288702122706e-01,2.1704780611749355e-01,3.3937459260513037e-01,9.8264955758863102e-03
2.6705895546508277e+03,1,1.0000000000000000e+00,1.0096248997619963e+01,-8.2053110442911859e-02,-2.0285630853896222e-01,-1.9620259277377969e-01,-1.4131852852630478e-01,1.0656008319318606e-02
2.6705895546508277e+03,2,1.0000000000000000e+00,-2.3969405772490713e+01,3.4160936655870331e+00,5.4824920929209131e-01,-2.0845213608786578e-02,-1.9805606394514064e-01,-2.0482503888610164e-02

2.6753447479554075e+03,0,1.0000000000000000e+00,1.4504912294440492e+01,-1.4996174152752182e+00,-2.8577113155457123e-01,4.1099190129458590e-02,4.1459297899481573e-01,1.5108496201492945e-02
2.6753447479554075e+03,1,1.0000000000000000e+00,9.5464128819175933e+00,-9.7253999863928686e-01,-1.6471228862761730e-01,-2.7505700461438548e-02,-2.1567467118729056e-01,5.5239740374486198e-03
2.6753447479554075e+03,2,1.0000000000000000e+00,-2.4051325281206072e+01,2.4721581984891881e+00,4.5048343393012724e-01,-1.3593489761194150e-02,-1.9891830782352021e-01,-2.0632470238875697e-02

2.6800391438179013e+03,0,1.0000000000000000e+00,1.4254439772223684e+01,4.0677840153850364e-01,-2.0560348083171931e-01,-1.4417129970041367e-01,3.7940917201622804e-01,1.8640798663743966e-02
2.6800391438179013e+03,1,1.0000000000000000e+00,9.8437868723779225e+00,-1.9435747911890953e+00,-1.4772998053156478e-01,1.5056022673321665e-01,-1.7986530328613726e-01,2.1117186873694516e-03
2.6800391438179013e+03,2,1.0000000000000000e+00,-2.4098226749359437e+01,1.5367971742723296e+00,3.5333347510192309e-01,-6.3889269198084964e-03,-1.9954386865473706e-01,-2.0752517354019985e-02

2.6843773791043473e+03,0,1.0000000000000000e+00,1.3330610572253862e+01,1.8206313148242261e+00,-1.2217462198292550e-01,-2.7082340432703494e-01,2.6112521137360634e-01,1.9374192364177138e-02
2.6843773791043473e+03,1,1.0000000000000000e+00,1.0780936246320239e+01,-2.4909143611632967e+00,-1.4093586650437234e-01,2.7058242465900445e-01,-6.1232236574791710e-02,1.4634298245333049e-03
2.6843773791043473e+03,2,1.0000000000000000e+00,-2.4111546922740295e+01,6.7028383172718176e-01,2.6311050221893878e-01,2.4097979047782436e-04,-1.9989297451983898e-01,-2.0837622188178972e-02

2.6891756070215638e+03,0,1.0000000000000000e+00,1.1874267595180552e+01,2.6443677009671838e+00,-3.3376003571299356e-02,-3.1773627220999751e-01,7.7854712634177037e-02,1.7141993242473945e-02
2.6891756070215638e+03,1,1.0000000000000000e+00,1.2218612996335182e+01,-2.3551917644831715e+00,-1.2958304248483155e-01,3.1019959484957133e-01,1.2211752453897567e-01,3.7603960168009001e-03
2.6891756070215638e+03,2,1.0000000000000000e+00,-2.4092880695514690e+01,-2.8917514941369493e-01,1.6295905980584344e-01,7.5366772866708454e-03,-1.9997223679019699e-01,-2.0902389252511519e-02

2.6939166777967357e+03,0,1.0000000000000000e+00,1.0476098325184143e+01,2.5851703670201185e+00,3.7726842121252060e-02,-2.5469458476815443e-01,-9.6271578513849404e-02,1.2572945646225221e-02
2.6939166777967357e+03,1,1.0000000000000000e+00,1.3563936627882143e+01,-1.3483975516432416e+00,-1.0149519746149281e-01,2.3992946848742658e-01,2.9598375013686173e-01,8.3626657731809759e-03
2.6939166777967357e+03,2,1.0000000000000000e+00,-2.4040035057886090e+01,-1.2367720267378535e+00,6.3768369128045468e-02,1.4765116035686072e-02,-1.9971217137829930e-01,-2.0935611411326056e-02

2.6986521823558510e+03,0,1.0000000000000000e+00,9.5987106715201413e+00,1.8400487279387878e+00,8.4537247144278585e-02,-1.0504499400607863e-01,-2.0308341408185759e-01,7.2213319607766641e-03
2.6986521823558510e+03,1,1.0000000000000000e+00,1.4354172396256061e+01,3.4122807206260575e-01,-4.9147792744718768e-02,8.2989946526941485e-02,4.0222738692871673e-01,1.3716302952944695e-02
2.6986521823558510e+03,2,1.0000000000000000e+00,-2.3952883173710529e+01,-2.1812760107370721e+00,-3.5389440584124063e-02,2.2055047296750358e-02,-1.9914397281614718e-01,-2.0937634910887348e-02

2.7033032568411245e+03,0,1.0000000000000000e+00,9.5291734887753954e+00,8.4784025392381235e-01,1.0760262499272144e-01,7.5411067279013713e-02,-2.0524684159062223e-01,3.0136234715510343e-03
2.7033032568411245e+03,1,1.0000000000000000e+00,1.4304380508589247e+01,2.2578777596221085e+00,2.5115508348953125e-02,-1.0466919059905287e-01,4.0358204118918073e-01,1.7896032206002773e-02
2.7033032568411245e+03,2,1.0000000000000000e+00,-2.3833554103640534e+01,-3.1057172243119737e+00,-1.3271811952739587e-01,2.9258123362308833e-02,-1.9833519959966842e-01,-2.0909655680262904e-02

2.7070216970078968e+03,0,1.0000000000000000e+00,1.0053596526318739e+01,2.0318509576477783e-01,1.1524863866213175e-01,2.0076520356969318e-01,-1.3129706587188236e-01,1.4120902475952476e-03
2.7070216970078968e+03,1,1.0000000000000000e+00,1.3660491410327650e+01,3.6385712421993324e+00,9.5146940999737611e-02,-2.3575425009941586e-01,3.2882281960328408e-01,1.9454933065564617e-02
2.7070216970078968e+03,2,1.0000000000000000e+00,-2.3714088042503374e+01,-3.8417555485067574e+00,-2.1039556585933283e-01,3.4989046690788103e-02,-1.9752575359244612e-01,-2.0867023315960482e-02

2.7120527469119183e+03,0,1.0000000000000000e+00,1.1336179757047852e+01,-4.2002622945267909e-02,1.2328284323263139e-01,2.9026206085605222e-01,4.3772126158676483e-02,2.3840621793905607e-03
2.7120527469119183e+03,1,1.0000000000000000e+00,1.2182590593966038e+01,4.8742558301344063e+00,1.9189491608285142e-01,-3.3289382916946697e-01,1.5240225700094617e-01,1.8397859512131954e-02
2.7120527469119183e+03,2,1.0000000000000000e+00,-2.3518770456163594e+01,-4.8322524164343070e+00,-3.1517774551394395e-01,4.2631768386599697e-02,-1.9617438280228250e-01,-2.0781921688437698e-02

2.7167623696668475e+03,0,1.0000000000000000e+00,1.2682184460434716e+01,6.0343196560180079e-01,1.4253626957886389e-01,2.6292439286199132e-01,2.2786748585695174e-01,6.1647647363377647e-03
2.7167623696668475e+03,1,1.0000000000000000e+00,1.0619196517976007e+01,5.1491324403666923e+00,2.7027087200544486e-01,-3.1259542313401356e-01,-3.3274976493820690e-02,1.4507828809722279e-02
2.7167623696668475e+03,2,1.0000000000000000e+00,-2.3301381083740750e+01,-5.7525636134389675e+00,-4.1280712775505624e-01,4.9671030123179416e-02,-1.9459250901063860e-01,-2.0672593538196168e-02

2.7214271622804890e+03,0,1.0000000000000000e+00,1.3648922050283373e+01,2.0157544686532236e+00,1.8311847735368764e-01,1.3787920852815480e-01,3.6558245214721652e-01,1.1328125347773884e-02
2.7214271622804890e+03,1,1.0000000000000000e+00,9.4046017723441722e+00,4.6402517889672588e+00,3.2580913371523279e-01,-1.9447240027588522e-01,-1.7288345365268587e-01,9.2048901161931092e-03
2.7214271622804890e+03,2,1.0000000000000000e+00,-2.3053523928941480e+01,-6.6560054638803763e+00,-5.0892759720459646e-01,5.6593191514813040e-02,-1.9269899834450707e-01,-2.0533015457980447e-02

2.7260079341141522e+03,0,1.0000000000000000e+00,1.3883250233085541e+01,3.8356009637778832e+00,2.4630098637315984e-01,-4.0158373489332599e-02,4.1190139385334873e-01,1.6055167727538081e-02
2.7260079341141522e+03,1,1.0000000000000000e+00,8.8954759864914656e+00,3.6982928136784721e+00,3.5630861982598638e-01,-2.3226225629954800e-02,-2.2135139041860857e-01,4.3088939166853104e-03
2.7260079341141522e+03,2,1.0000000000000000e+00,-2.2778726326685103e+01,-7.5338929834569281e+00,-6.0260959232128275e-01,6.3384599036807626e-02,-1.9055000344333639e-01,-2.0364061644467586e-02

2.7305764778036337e+03,0,1.0000000000000000e+00,1.3288314868586095e+01,5.6243988810354226e+00,3.2698101867228829e-01,-2.1475145799733436e-01,3.5449689076313218e-01,1.8837933744697624e-02
2.7305764778036337e+03,1,1.0000000000000000e+00,9.1854153113566639e+00,2.7746847905289260e+00,3.6822149262700266e-01,1.4462788670830679e-01,-1.6632180923746764e-01,1.3285325609642129e-03
2.7305764778036337e+03,2,1.0000000000000000e+00,-2.2473730286913089e+01,-8.3990828775463040e+00,-6.9520249743277218e-01,7.0123571419781511e-02,-1.8817508146934017e-01,-2.0166466309387676e-02

2.7349169530193331e+03,0,1.0000000000000000e+00,1.2087073250797516e+01,6.8950720974421662e+00,4.0971704708716777e-01,-3.2653232923355990e-01,2.2102801061006833e-01,1.8826243012864591e-02
2.7349169530193331e+03,1,1.0000000000000000e+00,1.0068571324194986e+01,2.3155471555802372e+00,3.7256844329878869e-01,2.5011206713879763e-01,-3.5294673109199759e-02,1.1299480649647926e-03
2.7349169530193331e+03,2,1.0000000000000000e+00,-2.2155644681223720e+01,-9.2106184583313464e+00,-7.8228547653145164e-01,7.6420262267526184e-02,-1.8573333724068228e-01,-1.9956191078708194e-02

2.7401379688114012e+03,0,1.0000000000000000e+00,1.0268767612271244e+01,7.5181152673450971e+00,5.0052572068004031e-01,-3.4755700402961198e-01,1.5732072786773105e-02,1.5411079239473968e-02
2.7401379688114012e+03,1,1.0000000000000000e+00,1.1468558113849676e+01,2.6540029704144947e+00,3.8523512516744385e-01,2.6377318181181131e-01,1.6680032762313243e-01,4.2658248236200676e-03
2.7401379688114012e+03,2,1.0000000000000000e+00,-2.1737325831893223e+01,-1.0172117441246343e+01,-8.8576083197930211e-01,8.3783822191337287e-02,-1.8253240001630569e-01,-1.9676904057153534e-02

2.7450709791399131e+03,0,1.0000000000000000e+00,8.7540088919771968e+00,7.1590542768211236e+00,5.6363664002613101e-01,-2.4941095516050393e-01,-1.5086254834725865e-01,9.9696811907935001e-03
2.7450709791399131e+03,1,1.0000000000000000e+00,1.2553270589141274e+01,3.9053835570586966e+00,4.1847882116289969e-01,1.5886659756742794e-01,3.3004900446678531e-01,9.4132126405089261e-03
2.7450709791399131e+03,2,1.0000000000000000e+00,-2.1307279587540304e+01,-1.1064437035677358e+01,-9.8211544728498534e-01,9.0544357384910998e-02,-1.7918645586569393e-01,-1.9382893824036518e-02

2.7499035121085958e+03,0,1.0000000000000000e+00,7.9450579192380637e+00,6.2014259812589554e+00,5.9814488230592033e-01,-7.7571268280392819e-02,-2.2759807608253096e-01,4.4532221730730695e-03
2.7499035121085958e+03,1,1.0000000000000000e+00,1.2908910295467463e+01,5.7203564043989656e+00,4.7687492008571492e-01,-1.9478025141720839e-02,4.0318188236137881e-01,1.4607524233690571e-02
2.7499035121085958e+03,2,1.0000000000000000e+00,-2.0853968322085013e+01,-1.1921781586782588e+01,-1.0750197884640520e+00,9.7049293278699100e-02,-1.7558380624154502e-01,-1.9060746405032903e-02

2.7546490402891081e+03,0,1.0000000000000000e+00,8.0148181986896283e+00,5.1629224439735886e+00,6.0952161752412293e-01,1.0321127500657479e-01,-1.9137801015290479e-01,7.6430952622989073e-04
2.7546490402891081e+03,1,1.0000000000000000e+00,1.2363603264058714e+01,7.5831537992880085e+00,5.5513440699922945e-01,-2.0656538286597631e-01,3.6315375916270920e-01,1.7947045955404507e-02
2.7546490402891081e+03,2,1.0000000000000000e+00,-2.0378421570279592e+01,-1.2746075444367897e+01,-1.1646560106022013e+00,1.0335410794451291e-01,-1.7177574899451115e-01,-1.8711355485347164e-02

2.7591429587865414e+03,0,1.0000000000000000e+00,8.7804286035000878e+00,4.5580637701726321e+00,6.1022048613075630e-01,2.2525072167594135e-01,-6.5757742597827698e-02,4.6513966337754370e-05
2.7591429587865414e+03,1,1.0000000000000000e+00,1.1120323110750901e+01,8.9515007382874181e+00,6.3773301516831826e-01,-3.3445576408571115e-01,2.3374352900109080e-01,1.8310136353232590e-02
2.7591429587865414e+03,2,1.0000000000000000e+00,-1.9900751821060499e+01,-1.3509563709123546e+01,-1.2479534873949421e+00,1.0920504261079464e-01,-1.6798578620073409e-01,-1.8356650322264766e-02

2.7636977784738892e+03,0,1.0000000000000000e+00,9.9198998586151390e+00,4.6500465052379774e+00,6.1448023639022264e-01,2.5786700329163792e-01,1.0952789118659123e-01,2.2814183549027985e-03
2.7636977784738892e+03,1,1.0000000000000000e+00,9.4702938757298636e+00,9.6156228202054770e+00,7.1623292839568531e-01,-3.7280787846330066e-01,5.4461471667614669e-02,1.5698724925078664e-02
2.7636977784738892e+03,2,1.0000000000000000e+00,-1.9390193840421048e+01,-1.4265668524714737e+01,-1.3307131508810948e+00,1.1494087525758825e-01,-1.6398936246856166e-01,-1.7980143276658696e-02

2.7686396737054970e+03,0,1.0000000000000000e+00,1.1043413850923375e+01,5.6493540172284806e+00,6.3701256234694026e-01,1.7808692230149453e-01,2.8674700962205624e-01,7.1202234930188325e-03
2.7686396737054970e+03,1,1.0000000000000000e+00,7.7639159918218734e+00,9.4156039645471861e+00,7.8150902174327519e-01,-2.9898797800339488e-01,-1.2730320862576150e-01,1.0432140147307908e-02
2.7686396737054970e+03,2,1.0000000000000000e+00,-1.8807329948978406e+01,-1.5064957179123526e+01,-1.4185215701559242e+00,1.2090105556075942e-01,-1.5944380065086883e-01,-1.7552363632817359e-02

2.7734442422219149e+03,0,1.0000000000000000e+00,1.1528716632721702e+01,7.2996288925155426e+00,6.8417709841606456e-01,1.3902747696980577e-02,3.8376221074213157e-01,1.2442439872988117e-02
2.7734442422219149e+03,1,1.0000000000000000e+00,6.6842887900223023e+00,8.5202517939747331e+00,8.1762569059928458e-01,-1.4036927126084781e-01,-2.2899993172503363e-01,4.6676932709143765e-03
2.7734442422219149e+03,2,1.0000000000000000e+00,-1.8213005529867573e+01,-1.5819879882685381e+01,-1.5018027750502250e+00,1.2646652337890202e-01,-1.5476227889120542e-01,-1.7110133139731469e-02

2.7781857821653048e+03,0,1.0000000000000000e+00,1.1143536294533156e+01,9.1353391505880079e+00,7.5329452764344818e-01,-1.7536394240246042e-01,3.7173707383618604e-01,1.6341627427938488e-02
2.7781857821653048e+03,1,1.0000000000000000e+00,6.4571295834430833e+00,7.4068755507897048e+00,8.2854081711110839e-01,4.3566621682219447e-02,-2.2185613200317611e-01,3.0115820312310443e-04
2.7781857821653048e+03,2,1.0000000000000000e+00,-1.7600665985595526e+01,-1.6542213897352127e+01,-1.5818353307855268e+00,1.3179732072135500e-01,-1.4988094182896067e-01,-1.6642785633425007e-02

2.7828138260296805e+03,0,1.0000000000000000e+00,9.9640750296015028e+00,1.0629273539584453e+01,8.3267317258276763e-01,-3.2347741795042206e-01,2.5951508517351873e-01,1.7444621966088078e-02
2.7828138260296805e+03,1,1.0000000000000000e+00,7.0148532602187235e+00,6.5951788370339042e+00,8.2507807064231486e-01,1.8661789812878493e-01,-1.1459408101475388e-01,-1.2840118742295931e-03
2.7828138260296805e+03,2,1.0000000000000000e+00,-1.6978928396945783e+01,-1.7224451572382428e+01,-1.6577512292741050e+00,1.3685952001187293e-01,-1.4492100403610697e-01,-1.6160610096101438e-02

2.7874398572792834e+03,0,1.0000000000000000e+00,8.2835267448395218e+00,1.1440244755345182e+01,9.0983932249070842e-01,-3.8617596151641559e-01,8.5199680163108527e-02,1.5414337740577882e-02
2.7874398572792834e+03,1,1.0000000000000000e+00,8.0509314490029720e+00,6.4429016733528570e+00,8.2152439305961444e-01,2.4444537892140544e-01,5.4639648175625055e-02,2.4853090685100256e-04
2.7874398572792834e+03,2,1.0000000000000000e+00,-1.6334458300041312e+01,-1.7883145623377121e+01,-1.7313637016098289e+00,1.4173058276367356e-01,-1.3983932799780435e-01,-1.5662868646895638e-02

2.7919898482066692e+03,0,1.0000000000000000e+00,6.5808834138328498e+00,1.1417330813847180e+01,9.7051132581629918e-01,-3.4553560165040109e-01,-9.1160808456304532e-02,1.0940523391027791e-02
2.7919898482066692e+03,1,1.0000000000000000e+00,9.0982644273312534e+00,7.0905252951470992e+00,8.3098682116524225e-01,1.9926149988109776e-01,2.2590128034200607e-01,4.2234607976710508e-03
2.7919898482066692e+03,2,1.0000000000000000e+00,-1.5679147947017933e+01,-1.8507855301876372e+01,-1.8014981330243813e+00,1.4627410173911626e-01,-1.3474047147516433e-01,-1.5163984182372669e-02

2.7967865594149657e+03,0,1.0000000000000000e+00,5.2206944778208744e+00,1.0634311122368178e+01,1.0089812010284345e+00,-2.0865298439235574e-01,-2.2133392450052936e-01,5.0547365285417093e-03
2.7967865594149657e+03,1,1.0000000000000000e+00,9.7459048864507505e+00,8.5066824480701246e+00,8.6396771124082394e-01,5.7875519162763511e-02,3.5055138929677576e-01,9.5697942170613112e-03
2.7967865594149657e+03,2,1.0000000000000000e+00,-1.4966599470711575e+01,-1.9140992761664947e+01,-1.8729488982782081e+00,1.5077746504755274e-01,-1.2921746454704713e-01,-1.4624530739130165e-02

2.8014454314832537e+03,0,1.0000000000000000e+00,4.6612789370331882e+00,9.4924356000629189e+00,1.0201950075776212e+00,-2.8711336964051870e-02,-2.5094302071694297e-01,2.4740375418724411e-05
2.8014454314832537e+03,1,1.0000000000000000e+00,9.5931655078124365e+00,1.0237698522349149e+01,9.1962603132065479e-01,-1.2619573334941436e-01,3.7460313318093419e-01,1.4053981111667495e-02
2.8014454314832537e+03,2,1.0000000000000000e+00,-1.4254444552025213e+01,-1.9730133312978761e+01,-1.9398210248896517e+00,1.5490707021725905e-01,-1.2366011241312228e-01,-1.4078721486568207e-02

2.8060434465790408e+03,0,1.0000000000000000e+00,4.9211445409091379e+00,8.4736490368686574e+00,1.0130189400695637e+00,1.3420361962992003e-01,-1.7596542792574893e-01,-2.6683272030192957e-03
2.8060434465790408e+03,1,1.0000000000000000e+00,8.6120289164432471e+00,1.1812104662286432e+01,9.9025032550574288e-01,-2.9299960859721730e-01,2.9395668490207849e-01,1.6183946240296940e-02
2.8060434465790408e+03,2,1.0000000000000000e+00,-1.3533173564476405e+01,-2.0285752889589535e+01,-2.0032692515776800e+00,1.5879598908936443e-01,-1.1799125692750843e-01,-1.3515619041767258e-02

2.8107067857286147e+03,0,1.0000000000000000e+00,5.8007885950164777e+00,7.9949027097068708e+00,1.0003516815868374e+00,2.2714531381384057e-01,-1.9847640865187435e-02,-2.2123513303484565e-03
2.8107067857286147e+03,1,1.0000000000000000e+00,6.9830138904611188e+00,1.2827423169369382e+01,1.0645773278218766e+00,-3.8970458595344121e-01,1.3196609200345527e-01,1.5139246072582760e-02
2.8107067857286147e+03,2,1.0000000000000000e+00,-1.2783802591709762e+01,-2.0822325068855253e+01,-2.0649289954307175e+00,1.6255927236122972e-01,-1.1211845088717827e-01,-1.2926894744898866e-02

2.8152603534438563e+03,0,1.0000000000000000e+00,6.8497727660241434e+00,8.3112589585662953e+00,9.9693624691933369e-01,2.1602304102920422e-01,1.5781136260465686e-01,1.1097243916123409e-03
2.8152603534438563e+03,1,1.0000000000000000e+00,5.1858436565382906e+00,1.3008441781222437e+01,1.1255341418000295e+00,-3.8203815445182421e-01,-5.1480354739153328e-02,1.1236117794024754e-02
2.8152603534438563e+03,2,1.0000000000000000e+00,-1.2035616528015558e+01,-2.1319699927979975e+01,-2.1224703747392510e+00,1.6601511351142037e-01,-1.0633100744588128e-01,-1.2345842181857808e-02

2.8199025199604457e+03,0,1.0000000000000000e+00,7.6290404575483404e+00,9.4050760919708303e+00,1.0135196225463505e+00,1.0524716096296266e-01,3.0260684889620842e-01,6.1758260090854812e-03
2.8199025199604457e+03,1,1.0000000000000000e+00,3.6282524807424776e+00,1.2394462287350915e+01,1.1648833568417625e+00,-2.7451108036696042e-01,-2.0221741336586690e-01,5.5752622506180689e-03
2.8199025199604457e+03,2,1.0000000000000000e+00,-1.1257293043838109e+01,-2.1799537565591987e+01,-2.1784029653794543e+00,1.6926391928511564e-01,-1.0038943516320013e-01,-1.1751088252255803e-02

2.8244845624827431e+03,0,1.0000000000000000e+00,7.7326685135526692e+00,1.0965647071119303e+01,1.0534456820293894e+00,-6.5965872263436393e-02,3.6211567314075660e-01,1.1084495720939676e-02
2.8244845624827431e+03,1,1.0000000000000000e+00,2.7422454354653434e+00,1.1280293547460653e+01,1.1774417215299209e+00,-1.0622350951557699e-01,-2.6767508455626582e-01,7.0925447954487200e-05
2.8244845624827431e+03,2,1.0000000000000000e+00,-1.0474914055290864e+01,-2.2245939803626534e+01,-2.2308873895218158e+00,1.7218938162096023e-01,-9.4440588424691385e-02,-1.1155421164823754e-02

2.8296541688438883e+03,0,1.0000000000000000e+00,6.8660214598124947e+00,1.2748598496508558e+01,1.1207572174489582e+00,-2.6351380511167599e-01,3.0619712606133220e-01,1.4414244200756064e-02
2.8296541688438883e+03,1,1.0000000000000000e+00,2.7108425554240476e+00,9.9678935345973496e+00,1.1660196979340811e+00,8.8314590114484226e-02,-2.1862051932595306e-01,-3.9514171189815456e-03
2.8296541688438883e+03,2,1.0000000000000000e+00,-9.5768641218826236e+00,-2.2716491215754466e+01,-2.2867769013437060e+00,1.7519921503813726e-01,-8.7576606697478188e-02,-1.0462827084872880e-02

2.8345322452553537e+03,0,1.0000000000000000e+00,5.2476899664663810e+00,1.3898961369545727e+01,1.1917834245982157e+00,-3.8442081610822626e-01,1.5303912129009942e-01,1.4099562729509650e-02
2.8345322452553537e+03,1,1.0000000000000000e+00,3.4680902295086233e+00,9.2286604086098798e+00,1.1443957893059049e+00,2.0661286328278189e-01,-7.2068238889186204e-02,-4.3099320091926838e-03
2.8345322452553537e+03,2,1.0000000000000000e+00,-8.7157803019228197e+00,-2.3127620962355376e+01,-2.3361791998861428e+00,1.7780795304259409e-01,-8.0970882218885987e-02,-9.7896307245725518e-03

2.8392648748718698e+03,0,1.0000000000000000e+00,3.3532610028523822e+00,1.4178862815141565e+01,1.2511885803560348e+00,-3.9744181052077110e-01,-3.5941337176599975e-02,1.0533322974756660e-02
2.8392648748718698e+03,1,1.0000000000000000e+00,4.5154434913635573e+00,9.3167022492456670e+00,1.1297600495045244e+00,2.1731489092518641e-01,1.1046268527443359e-01,-1.4034572312652798e-03
2.8392648748718698e+03,2,1.0000000000000000e+00,-7.8687045991750022e+00,-2.3495564247192327e+01,-2.3809486158507944e+00,1.8012691975510711e-01,-7.4521347702842938e-02,-9.1298657419942794e-03

2.8436539508723818e+03,0,1.0000000000000000e+00,1.7625352817798263e+00,1.3666558693705145e+01,1.2864016676811243e+00,-3.1339536652236349e-01,-1.8962402881230864e-01,5.3239429274602760e-03
2.8436539508723818e+03,1,1.0000000000000000e+00,5.3112640855817856e+00,1.0142988744666839e+01,1.1332811068319608e+00,1.3134200742973051e-01,2.5818115266769348e-01,3.1971944358560990e-03
2.8436539508723818e+03,2,1.0000000000000000e+00,-7.0737994720387549e+00,-2.3809546619282706e+01,-2.4196827604835880e+00,1.8205335905532224e-01,-6.8557123423916455e-02,-8.5211373564328362e-03

2.8495906207878279e+03,0,1.0000000000000000e+00,4.9649251575770403e-01,1.2177218277500543e+01,1.2956868997012991e+00,-1.0143580468199159e-01,-2.8538748385453294e-01,-1.9731077587634097e-03
2.8495906207878279e+03,1,1.0000000000000000e+00,5.4897306518003557e+00,1.2015424626781861e+01,1.1721480030349283e+00,-8.2825867861580416e-02,3.4588562938091449e-01,9.6731281925871125e-03
2.8495906207878279e+03,2,1.0000000000000000e+00,-5.9862232729809257e+00,-2.4192642083228435e+01,-2.4678348886658981e+00,1.8426167238779151e-01,-6.0498145326106090e-02,-7.7000204289579162e-03

2.8545014918188699e+03,0,1.0000000000000000e+00,4.6792306550524998e-01,1.0850069256598264e+01,1.2753101028137426e+00,8.4405506502769984e-02,-2.3563300368559414e-01,-5.8271160743454033e-03
2.8545014918188699e+03,1,1.0000000000000000e+00,4.6096360540886403e+00,1.3623186686919443e+01,1.2286516917550678e+00,-2.7015981704778869e-01,2.8940328924368375e-01,1.2837692352384302e-02
2.8545014918188699e+03,2,1.0000000000000000e+00,-5.0775592254423927e+00,-2.4473255121919198e+01,-2.5039617804919043e+00,1.8575431055769243e-01,-5.3770285501444602e-02,-7.0105762802243343e-03

2.8593598723903547e+03,0,1.0000000000000000e+00,1.2058710703383166e+00,1.0032504389201041e+01,1.2445419447381396e+00,2.0377135420852011e-01,-8.8393265542850791e-02,-6.2224437514518047e-03
2.8593598723903547e+03,1,1.0000000000000000e+00,2.9661444788678990e+00,1.4685655912868608e+01,1.2917936115825854e+00,-3.9075626906351091e-01,1.3543029064840476e-01,1.2536919069843746e-02
2.8593598723903547e+03,2,1.0000000000000000e+00,-4.1720156544665521e+00,-2.4718159480027719e+01,-2.5363355422636547e+00,1.8698491506311563e-01,-4.7037024939089976e-02,-6.3144753230130225e-03

2.8637139403412143e+03,0,1.0000000000000000e+00,2.1586128517491190e+00,1.0013964047941442e+01,1.2222513974605573e+00,2.1774053110775504e-01,8.1205838059375188e-02,-3.5974038489583839e-03
2.8637139403412143e+03,1,1.0000000000000000e+00,1.1971864013182243e+00,1.4895815224153495e+01,1.3402091707657091e+00,-4.0564883449630029e-01,-4.0221676017771837e-02,9.2834050855866313e-03
2.8637139403412143e+03,2,1.0000000000000000e+00,-3.3557993573673608e+00,-2.4909778448874633e+01,-2.5624605541811709e+00,1.8790830358483535e-01,-4.0984161669367650e-02,-5.6860012366712577e-03

2.8679305310195350e+03,0,1.0000000000000000e+00,2.9459960026882701e+00,1.0680536888868872e+01,1.2159224308255210e+00,1.4228246843320594e-01,2.2813399769279352e-01,7.9624914425660727e-04
2.8679305310195350e+03,1,1.0000000000000000e+00,-3.8411749878811330e-01,1.4389763426681286e+01,1.3692384891358194e+00,-3.3091379119749043e-01,-1.9297021634483424e-01,4.2862656918940794e-03
2.8679305310195350e+03,2,1.0000000000000000e+00,-2.5618786077082643e+00,-2.5070299490510166e+01,-2.5851609059030491e+00,1.8863132278676950e-01,-3.5163780888571597e-02,-5.0825148301499590e-03

2.8736473673828559e+03,0,1.0000000000000000e+00,3.2240013284280886e+00,1.2336640593430243e+01,1.2393557442201169e+00,-5.7329182458980138e-02,3.2698011957266698e-01,7.2454213239561745e-03
2.8736473673828559e+03,1,1.0000000000000000e+00,-1.7425728143989998e+00,1.2912358652165912e+01,1.3725520616483828e+00,-1.3196266636015838e-01,-2.9961134912709192e-01,-2.9689382871582251e-03
2.8736473673828559e+03,2,1.0000000000000000e+00,-1.4814286183376764e+00,-2.5248998418304016e+01,-2.6119077917683629e+00,1.8929184866438789e-01,-2.7368770160305297e-02,-4.2764830301049665e-03

2.8785142406225259e+03,0,1.0000000000000000e+00,2.4779504662138718e+00,1.3878614454461744e+01,1.2844837016485364e+00,-2.4544740706005483e-01,2.8740084772036040e-01,1.0840261592293865e-02
2.8785142406225259e+03,1,1.0000000000000000e+00,-1.9185009343921902e+00,1.1487533004661538e+01,1.3465740181467389e+00,5.5907191047271015e-02,-2.6662841221719474e-01,-7.2479962017090328e-03
2.8785142406225259e+03,2,1.0000000000000000e+00,-5.5944963672115477e-01,-2.5366146630953033e+01,-2.6310577056772413e+00,1.8954021596297524e-01,-2.0772435405741141e-02,-3.5922653904143335e-03

2.8833413583971737e+03,0,1.0000000000000000e+00,9.4075715437039298e-01,1.4961769685166926e+01,1.3390274326470837e+00,-3.7751230803467534e-01,1.4789460414307587e-01,1.1158211191682678e-02
2.8833413583971737e+03,1,1.0000000000000000e+00,-1.2963028169580535e+00,1.0488826842841844e+01,1.3077184282399279e+00,1.8798535361756658e-01,-1.3368192811625251e-01,-8.2518826739374357e-03
2.8833413583971737e+03,2,1.0000000000000000e+00,3.5554555797184162e-01,-2.5450595699399763e+01,-2.6467458467818399e+00,1.8952695457895033e-01,-1.4212675899028665e-02,-2.9063285222064132e-03

2.8881242133858468e+03,0,1.0000000000000000e+00,-9.8227495505900042e-01,1.5224925418474507e+01,1.3861561436955916e+00,-4.0772929084322812e-01,-4.0950395812063861e-02,8.0224616628216464e-03
2.8881242133858468e+03,1,1.0000000000000000e+00,-2.7929660928761213e-01,1.0278081740885010e+01,1.2728535862358679e+00,2.1842348834573683e-01,4.8657553229656952e-02,-5.8004583152049347e-03
2.8881242133858468e+03,2,1.0000000000000000e+00,1.2615714607345456e+00,-2.5503006329662977e+01,-2.6590097158434260e+00,1.8930580271438677e-01,-7.7071570793583732e-03,-2.2220033490651277e-03

2.8925760111636864e+03,0,1.0000000000000000e+00,-2.6700092656451586e+00,1.4664699845271535e+01,1.4109193593037324e+00,-3.3533157375637390e-01,-2.0391506340279170e-01,2.8560564586880529e-03
2.8925760111636864e+03,1,1.0000000000000000e+00,5.6645366689770027e-01,1.0859229215202040e+01,1.2565735334640893e+00,1.4639753757452034e-01,2.0562125782447860e-01,-1.2651830284788603e-03
2.8925760111636864e+03,2,1.0000000000000000e+00,2.1035554958160518e+00,-2.5523928228912219e+01,-2.6674928786716272e+00,1.8893403624711724e-01,-1.7061939508322965e-03,-1.5908734250987054e-03

2.8969059297958124e+03,0,1.0000000000000000e+00,-3.8328418328836009e+00,1.3541210375278832e+01,1.4109655300576915e+00,-1.9300055343398226e-01,-3.0201671950216918e-01,-2.8055053911664532e-03
2.8969059297958124e+03,1,1.0000000000000000e+00,9.1230055186628389e-01,1.1977641510755060e+01,1.2621081305496342e+00,4.5970985935390174e-03,2.9798261120172592e-01,3.7944534726921109e-03
2.8969059297958124e+03,2,1.0000000000000000e+00,2.9205411779535706e+00,-2.5518851052512876e+01,-2.6730736464802285e+00,1.8840345472712389e-01,4.0341087019911681e-03,-9.8894807336823848e-04

2.9021456304838762e+03,0,1.0000000000000000e+00,-4.3022048494608107e+00,1.1897119433264219e+01,1.3808071874635033e+00,1.3663682939585808e-02,-3.0264465863614498e-01,-8.2658227213580279e-03
2.9021456304838762e+03,1,1.0000000000000000e+00,3.9672095641088845e-01,1.3582667941171026e+01,1.2955690871472942e+00,-2.0116380600560541e-01,2.9178568074602496e-01,8.5389056503705832e-03
2.9021456304838762e+03,2,1.0000000000000000e+00,3.9054837892536747e+00,-2.5479786539403019e+01,-2.6763762604497634e+00,1.8750012294997498e-01,1.0858978064609670e-02,-2.7308292550074983e-04

2.9071011029955775e+03,0,1.0000000000000000e+00,-3.8176974268918977e+00,1.0645605238503251e+01,1.3334886382585589e+00,1.6936114742102598e-01,-1.8606124853658240e-01,-1.0206436313970287e-02
2.9071011029955775e+03,1,1.0000000000000000e+00,-1.0142477115436810e+00,1.4764524898083971e+01,1.3425699284042996e+00,-3.5573272875464229e-01,1.6881240850456219e-01,9.8047243880997059e-03
2.9071011029955775e+03,2,1.0000000000000000e+00,4.8319450345365391e+00,-2.5410129300967100e+01,-2.6760585525021598e+00,1.8637158142275564e-01,1.7248840138244154e-02,4.0171192274729135e-04

2.9120104714276376e+03,0,1.0000000000000000e+00,-2.8016930803284978e+00,1.0168387608977763e+01,1.2864323814785039e+00,2.2493907782999845e-01,-2.5475378792956943e-03,-8.3605300772565932e-03
2.9120104714276376e+03,1,1.0000000000000000e+00,-2.9419966113295182e+00,1.5141573184865043e+01,1.3860074230572021e+00,-4.0996462329158634e-01,-2.1006024360272615e-02,7.2879420776937303e-03
2.9120104714276376e+03,2,1.0000000000000000e+00,5.7436895886119537e+00,-2.5309959957347392e+01,-2.6724397903936379e+00,1.8502554568489787e-01,2.3553562518591128e-02,1.0725879965816974e-03

2.9166967365043529e+03,0,1.0000000000000000e+00,-1.8445825672605425e+00,1.0576100954041998e+01,1.2571299708727719e+00,1.6586332493980049e-01,1.7049070090542803e-01,-3.8137728989119267e-03
2.9166967365043529e+03,1,1.0000000000000000e+00,-4.7628418276399671e+00,1.4609476817751384e+01,1.4087899685450864e+00,-3.4943693961872246e-01,-2.0000673160516599e-01,2.1055102167312567e-03
2.9166967365043529e+03,2,1.0000000000000000e+00,6.6074242927443398e+00,-2.5185576933507150e+01,-2.6659199252757673e+00,1.8357361479985435e-01,2.9516031164660887e-02,1.7082626856637674e-03

2.9211840923109999e+03,0,1.0000000000000000e+00,-1.3911414579947170e+00,1.1609019953860891e+01,1.2519623237206638e+00,2.5922437136544602e-02,2.7636491967857268e-01,1.5163059849996451e-03
2.9211840923109999e+03,1,1.0000000000000000e+00,-6.0366613289698687e+00,1.3431495503782493e+01,1.4049502943974024e+00,-2.0796466833643687e-01,-3.1148105182017050e-01,-3.8199583161033848e-03
2.9211840923109999e+03,2,1.0000000000000000e+00,7.4278026849012022e+00,-2.5040514617212292e+01,-2.6569126039475619e+00,1.8204223112363291e-01,3.5116132595086676e-02,2.3036523394300732e-03

2.9264893780170200e+03,0,1.0000000000000000e+00,-1.8013526570276852e+00,1.3149477455070929e+01,1.2746130267154308e+00,-1.8130433069739590e-01,2.8098069895851208e-01,6.6001522821442339e-03
2.9264893780170200e+03,1,1.0000000000000000e+00,-6.5869899100835276e+00,1.1687549483243270e+01,1.3682533752573522e+00,1.2813489567361780e-03,-3.2254662926188515e-01,-9.5887741558186197e-03
2.9264893780170200e+03,2,1.0000000000000000e+00,8.3883424643439302e+00,-2.4837026096010760e+01,-2.6428663877613077e+00,1.8002298160021082e-01,4.1565930541415178e-02,2.9886218792478294e-03

2.9315215187621152e+03,0,1.0000000000000000e+00,-3.1481635657654952e+00,1.4313138106547648e+01,1.3135027345181518e+00,-3.4187511867665960e-01,1.6439919889284743e-01,8.2260661924656604e-03
2.9315215187621152e+03,1,1.0000000000000000e+00,-6.1407509599562626e+00,1.0299626383137245e+01,1.3127143356751068e+00,1.6401060861306566e-01,-2.1194904908112649e-01,-1.1853819589634109e-02
2.9315215187621152e+03,2,1.0000000000000000e+00,9.2889144226322031e+00,-2.4612763646576717e+01,-2.6262170559717273e+00,1.7786451010079313e-01,4.7549850308011010e-02,3.6277533957194304e-03

2.9364486356768252e+03,0,1.0000000000000000e+00,-5.0319158999039306e+00,1.4681511549986972e+01,1.3501502155544700e+00,-4.0367621234652884e-01,-2.1446783250158169e-02,6.0401649156194082e-03
2.9364486356768252e+03,1,1.0000000000000000e+00,-5.1276872557563387e+00,9.6826900906696540e+00,1.2566562741159220e+00,2.2814675167088971e-01,-3.1889579657823214e-02,-1.0291185827553041e-02
2.9364486356768252e+03,2,1.0000000000000000e+00,1.0159603053230757e+01,-2.4364200796732149e+01,-2.6068064754637930e+00,1.7552946088049010e-01,5.3336363155119804e-02,4.2510209087152466e-03

2.9412034976643690e+03,0,1.0000000000000000e+00,-6.8682655560787520e+00,1.4133271838182946e+01,1.3677618064024513e+00,-3.5052045580105046e-01,-2.0393044480697367e-01,1.0030208999719809e-03
2.9412034976643690e+03,1,1.0000000000000000e+00,-4.1202632718273717e+00,9.9641709586492233e+00,1.2174099964873162e+00,1.7740825627612650e-01,1.4507630318568235e-01,-5.8504965105985254e-03
2.9412034976643690e+03,2,1.0000000000000000e+00,1.0988528726418064e+01,-2.4097441951227875e+01,-2.5851717886873522e+00,1.7311219967671987e-01,5.8854142070697224e-02,4.8474756129085333e-03

2.9457150828546978e+03,0,1.0000000000000000e+00,-8.1649798004570258e+00,1.2918982083401424e+01,1.3589772631235169e+00,-2.1324343616202374e-01,-3.2132470361432053e-01,-4.9324969506776188e-03
2.9457150828546978e+03,1,1.0000000000000000e+00,-3.5991655146151498e+00,1.0901315550789530e+01,1.2030707121533615e+00,4.2540210643741416e-02,2.5734123557778865e-01,-4.6823112638578763e-04
2.9457150828546978e+03,2,1.0000000000000000e+00,1.1764145213849003e+01,-2.3820296786390227e+01,-2.5620479610497413e+00,1.7070322547772451e-01,6.3983468524334508e-02,5.4007280851652607e-03

2.9509980159750089e+03,0,1.0000000000000000e+00,-8.7454762850701400e+00,1.1108362151270590e+01,1.3161986597929285e+00,-4.5525018760143865e-03,-3.4086731980619711e-01,-1.0871931354666221e-02
2.9509980159750089e+03,1,1.0000000000000000e+00,-3.9127173239155431e+00,1.2358447454864613e+01,1.2156529211475720e+00,-1.6318103193892072e-01,2.7106326349188115e-01,4.8447098178362250e-03
2.9509980159750089e+03,2,1.0000000000000000e+00,1.2658193507132680e+01,-2.3466808756186314e+01,-2.5318515666682933e+00,1.6773353365985236e-01,6.9804056613832627e-02,6.0272215441502007e-03

2.9559969419975323e+03,0,1.0000000000000000e+00,-8.3206558437444187e+00,9.6198761808547886e+00,1.2539384322255707e+00,1.6330088246618180e-01,-2.3696530264160354e-01,-1.3415169519333834e-02
2.9559969419975323e+03,1,1.0000000000000000e+00,-5.1686183990985990e+00,1.3484603678498349e+01,1.2463382587469212e+00,-3.2803773589858287e-01,1.6183115118306374e-01,6.8116197356927859e-03
2.9559969419975323e+03,2,1.0000000000000000e+00,1.3489274140483012e+01,-2.3104479008374270e+01,-2.5002766766801052e+00,1.6473685341782129e-01,7.5134151600796006e-02,6.6035497841176712e-03

2.9609300430032736e+03,0,1.0000000000000000e+00,-7.2888912149745906e+00,8.8749814474410407e+00,1.1894887683034239e+00,2.3589288176939657e-01,-5.7523493362004269e-02,-1.2081162200320426e-02
2.9609300430032736e+03,1,1.0000000000000000e+00,-7.0053449566603856e+00,1.3846133930745705e+01,1.2768259852224784e+00,-3.9747585349589709e-01,-2.2752144621609266e-02,4.9165949453113360e-03
2.9609300430032736e+03,2,1.0000000000000000e+00,1.4294236069718270e+01,-2.2721114526408623e+01,-2.4663147392427818e+00,1.6158297190413984e-01,8.0275638206282085e-02,7.1645672520297722e-03

2.9657391874087689e+03,0,1.0000000000000000e+00,-6.2176585745497093e+00,9.0483618528541498e+00,1.1410783422864070e+00,1.9057981189279929e-01,1.2476765641734482e-01,-7.6523987443604322e-03
2.9657391874087689e+03,1,1.0000000000000000e+00,-8.8459296816544679e+00,1.3274813790143508e+01,1.2894776760934148e+00,-3.4892864571848747e-01,-2.0997023454377178e-01,-5.2714604193999232e-05
2.9657391874087689e+03,2,1.0000000000000000e+00,1.5063588155224480e+01,-2.2323174789645769e+01,-2.4305560041031669e+00,1.5834883399596217e-01,8.5202578557552047e-02,7.7051133499335817e-03

2.9702850921154891e+03,0,1.0000000000000000e+00,-5.6281775519483546e+00,9.9116244571017660e+00,1.1186436775888802e+00,5.7219012822152776e-02,2.4185952595659435e-01,-2.1665254602463210e-03
2.9702850921154891e+03,1,1.0000000000000000e+00,-1.0148101884040189e+01,1.2013827460515088e+01,1.2757453159474537e+00,-2.1240956310601231e-01,-3.3161766206691667e-01,-6.0377609604687372e-03
2.9702850921154891e+03,2,1.0000000000000000e+00,1.5776279335401217e+01,-2.1925451062049778e+01,-2.3943889792382076e+00,1.5519055027254114e-01,8.9758136619207896e-02,8.2042864284574291e-03

2.9754962354062231e+03,0,1.0000000000000000e+00,-5.8506391804928235e+00,1.1279608885070893e+01,1.1223661655397095e+00,-1.4482063566283174e-01,2.6057342286058505e-01,3.2302601651276169e-03
2.9754962354062231e+03,1,1.0000000000000000e+00,-1.0724715124571631e+01,1.0164865768690898e+01,1.2278226661040086e+00,-6.6489769409502630e-03,-3.5537557463565239e-01,-1.1985754798845973e-02
2.9754962354062231e+03,2,1.0000000000000000e+00,1.6575354203937234e+01,-2.1444473795860013e+01,-2.3501888172987488e+00,1.5146961244316029e-01,9.4802152129488781e-02,8.7554946423746352e-03

2.9804308023548119e+03,0,1.0000000000000000e+00,-6.9977815231944831e+00,1.2358014428443269e+01,1.1451995671535107e+00,-3.0974367827779525e-01,1.5921249377570570e-01,5.4327476951385283e-03
2.9804308023548119e+03,1,1.0000000000000000e+00,-1.0316063526947026e+01,8.6072742120833929e+00,1.1605383393732678e+00,1.6192418219584787e-01,-2.5859649866427992e-01,-1.4690772301357260e-02
2.9804308023548119e+03,2,1.0000000000000000e+00,1.7313844948367890e+01,-2.0965287781367188e+01,-2.3057378921526270e+00,1.4781949601765759e-01,9.9384005063982372e-02,9.2580246088040559e-03

2.9852814468816223e+03,0,1.0000000000000000e+00,-8.7273559860803829e+00,1.2722277445279056e+01,1.1693995967884652e+00,-3.8558114913714769e-01,-1.6954798806462140e-02,3.9364383055600022e-03
2.9852814468816223e+03,1,1.0000000000000000e+00,-9.2944971096390567e+00,7.7503278849916288e+00,1.0902581652287917e+00,2.4150403861440262e-01,-8.6781585136794931e-02,-1.3676528494052969e-02
2.9852814468816223e+03,2,1.0000000000000000e+00,1.8021852994125684e+01,-2.0472604470296737e+01,-2.2596577476443169e+00,1.4407711065585033e-01,1.0373638414426428e-01,9.7400901863446340e-03

2.9900639570387661e+03,0,1.0000000000000000e+00,-1.0527948626893922e+01,1.2185902754900230e+01,1.1782013629265764e+00,-3.4864085896269897e-01,-2.0383626870348934e-01,-6.7556071662554576e-04
2.9900639570387661e+03,1,1.0000000000000000e+00,-8.1738341167169786e+00,7.7805390307455529e+00,1.0337539769157049e+00,2.0839911706925668e-01,9.5916004204878363e-02,-9.5315853000171851e-03
2.9900639570387661e+03,2,1.0000000000000000e+00,1.8701782642861968e+01,-1.9966440924273058e+01,-2.2119553254765725e+00,1.4024174207504425e-01,1.0792026489329137e-01,1.0207146017001996e-02

2.9947160147071345e+03,0,1.0000000000000000e+00,-1.1873612845191010e+01,1.0901623680568544e+01,1.1612617225818780e+00,-2.1697434406603494e-01,-3.3546858308310290e-01,-6.7011279809883438e-03
2.9947160147071345e+03,1,1.0000000000000000e+00,-7.4717051414769831e+00,8.5534914463275911e+00,1.0021729727336062e+00,8.0561330672661358e-02,2.2357966530626094e-01,-3.9492665673371823e-03
2.9947160147071345e+03,2,1.0000000000000000e+00,1.9345317886458631e+01,-1.9455114263329968e+01,-2.1634346809329807e+00,1.3641301342029372e-01,1.1188891829562328e-01,1.0650394555233757e-02

2.9994310123641885e+03,0,1.0000000000000000e+00,-1.2469270568647111e+01,9.1892849014722273e+00,1.1157932382021598e+00,-3.2093583543079535e-02,-3.7249699733675368e-01,-1.2334409414510063e-02
2.9994310123641885e+03,1,1.0000000000000000e+00,-7.5099633569955877e+00,9.7290553953556689e+00,9.9639805671030923e-01,-1.0037777067571810e-01,2.5672464121149607e-01,1.2516231988121008e-03
2.9994310123641885e+03,2,1.0000000000000000e+00,1.9979233825104291e+01,-1.8918339430941256e+01,-2.1121912804876679e+00,1.3247135407077282e-01,1.1577235655619808e-01,1.1082786225568931e-02

3.0040901196781710e+03,0,1.0000000000000000e+00,-1.2202558871703832e+01,7.5796546277153602e+00,1.0495612440317348e+00,1.3945560541506366e-01,-3.0165837564879100e-01,-1.5596267426319036e-02
3.0040901196781710e+03,1,1.0000000000000000e+00,-8.3846830839413187e+00,1.0790680031426927e+01,1.0100349280602507e+00,-2.6796912724635669e-01,1.8221936997126631e-01,4.1045790626982326e-03
3.0040901196781710e+03,2,1.0000000000000000e+00,2.0587241854359892e+01,-1.8370333791698489e+01,-2.0595961576283743e+00,1.2851352169661978e-01,1.1943900591755777e-01,1.1491688369452423e-02

3.0088588064472660e+03,0,1.0000000000000000e+00,-1.1251341608119660e+01,6.4916763187868014e+00,9.7400540392059343e-01,2.4340420845783245e-01,-1.4428777055381256e-01,-1.5478993691955661e-02
3.0088588064472660e+03,1,1.0000000000000000e+00,-9.9388934353599616e+00,1.1300488501254726e+01,1.0298239076710329e+00,-3.6776795724218808e-01,2.1267123149127570e-02,3.5840394200214645e-03
3.0088588064472660e+03,2,1.0000000000000000e+00,2.1190234941963141e+01,-1.7792163951694295e+01,-2.0038292971157770e+00,1.2436374883479845e-01,1.2302064758092549e-01,1.1894954271616647e-02

3.0135376840818080e+03,0,1.0000000000000000e+00,-1.0077257035567317e+01,6.2478896670093214e+00,9.0846673807317457e-01,2.3996596938592418e-01,3.9531888716538122e-02,-1.2062995742611132e-02
3.0135376840818080e+03,1,1.0000000000000000e+00,-1.1685100877674298e+01,1.0960723587634082e+01,1.0388031254388335e+00,-3.6013819077905251e-01,-1.6593311038161546e-01,-2.1697972931141417e-04
3.0135376840818080e+03,2,1.0000000000000000e+00,2.1762357812325789e+01,-1.7208612385193817e+01,-1.9472698490419906e+00,1.2017222157072154e-01,1.2640122198585810e-01,1.2279975471006822e-02

3.0184050742170598e+03,0,1.0000000000000000e+00,-9.1439360305516075e+00,6.8419057734120763e+00,8.6311499142783177e-01,1.2744567477132107e-01,1.9254672422573946e-01,-6.3746813413098138e-03
3.0184050742170598e+03,1,1.0000000000000000e+00,-1.3192511019871402e+01,9.7431330431361101e+00,1.0234302021196575e+00,-2.4315129964725229e-01,-3.2235199429086525e-01,-6.2948220779343190e-03
3.0184050742170598e+03,2,1.0000000000000000e+00,2.2336446950241147e+01,-1.6585037945049674e+01,-1.8865451790690728e+00,1.1570562496273681e-01,1.2980527056846622e-01,1.2669503424259397e-02

3.0230751593214468e+03,0,1.0000000000000000e+00,-8.9388563025534964e+00,7.9155650710963279e+00,8.4656901591160194e-01,-4.5398999640476848e-02,2.4978566567265764e-01,-8.8416025374422717e-04
3.0230751593214468e+03,1,1.0000000000000000e+00,-1.3927821788073572e+01,8.0558738981511517e+00,9.7996347761899572e-01,-6.5965185244660343e-02,-3.8273673211172515e-01,-1.2144465434002600e-02
3.0230751593214468e+03,2,1.0000000000000000e+00,2.2866677990389732e+01,-1.5971438095329876e+01,-1.8265324790151483e+00,1.1136418477734815e-01,1.3295106693402314e-01,1.3028625697796085e-02

3.0276806691635165e+03,0,1.0000000000000000e+00,-9.5576378187150013e+00,8.9925653753325374e+00,8.5164582823284274e-01,-2.1860140604195394e-01,2.0084156983199986e-01,2.6495407955419003e-03
3.0276806691635165e+03,1,1.0000000000000000e+00,-1.3812014792182616e+01,6.3597052220621588e+00,9.1410076024658726e-01,1.1154775214810808e-01,-3.3674465394897413e-01,-1.6015025921835818e-02
3.0276806691635165e+03,2,1.0000000000000000e+00,2.3369652509926716e+01,-1.5352269721566289e+01,-1.7657465739183960e+00,1.0705365371731675e-01,1.3590308443888827e-01,1.3365485134883991e-02

3.0325909796544488e+03,0,1.0000000000000000e+00,-1.0970406640368200e+01,9.6467525611607563e+00,8.6715289574692278e-01,-3.4161772142392288e-01,5.2697672728295092e-02,3.0302445338735613e-03
3.0325909796544488e+03,1,1.0000000000000000e+00,-1.2913533573104505e+01,5.0308412244212821e+00,8.3212052347185128e-01,2.3921104341678667e-01,-1.9156322605192019e-01,-1.6736903094561481e-02
3.0325909796544488e+03,2,1.0000000000000000e+00,2.3883940111912846e+01,-1.4677592908578154e+01,-1.6992734046306319e+00,1.0240667797180658e-01,1.3886555350966071e-01,1.3706658562949781e-02

3.0373814352961645e+03,0,1.0000000000000000e+00,-1.2690759104988464e+01,9.4515914409260553e+00,8.7536373279405522e-01,-3.5768642755049351e-01,-1.3604064172100136e-01,-1.3123567957479352e-04
3.0373814352961645e+03,1,1.0000000000000000e+00,-1.1672725319319252e+01,4.5541905791903803e+00,7.5748025484482584e-01,2.5990169583055445e-01,-5.5486817250192944e-03,-1.3894150133139899e-02
3.0373814352961645e+03,2,1.0000000000000000e+00,2.4363484323033209e+01,-1.4005781142115200e+01,-1.6328439730499515e+00,9.7784731858209351e-02,1.4158932371161634e-01,1.4025385811880106e-02

3.0421254522378890e+03,0,1.0000000000000000e+00,-1.4207405961948187e+01,8.3938113354012618e+00,8.6219751689349089e-01,-2.6519328771599715e-01,-3.0087054639634181e-01,-5.6830861175763353e-03
3.0421254522378890e+03,1,1.0000000000000000e+00,-1.0608921427518373e+01,4.9341285539363522e+00,7.0338405119267500e-01,1.7208080104429935e-01,1.5671169973554794e-01,-8.6463005578044788e-03
3.0421254522378890e+03,2,1.0000000000000000e+00,2.4816327288918572e+01,-1.3327939009618925e+01,-1.5655815534943882e+00,9.3112486801353408e-02,1.4415884711855600e-01,1.4329386678421006e-02

3.0468049675935627e+03,0,1.0000000000000000e+00,-1.5076977722642910e+01,6.7494047819345688e+00,8.2133758665028966e-01,-9.8050091454039895e-02,-3.8551070182739722e-01,-1.1694607956961303e-02
3.0468049675935627e+03,1,1.0000000000000000e+00,-1.0164162531306369e+01,5.8982272192531386e+00,6.7651246403508403e-01,9.6055772069848222e-03,2.3892893343778931e-01,-2.9216738098216278e-03
3.0468049675935627e+03,2,1.0000000000000000e+00,2.5241140153619931e+01,-1.2647631119076133e+01,-1.4978500360643046e+00,8.8444514196996213e-02,1.4658176892006797e-01,1.4616281775976755e-02

3.0513845909301217e+03,0,1.0000000000000000e+00,-1.5103830856823542e+01,4.9910058195521669e+00,7.5672310193399639e-01,8.4257391213429067e-02,-3.6481793228697368e-01,-1.6142247736699308e-02
3.0513845909301217e+03,1,1.0000000000000000e+00,-1.0531855582396659e+01,6.9801444922113607e+00,6.7357611433329634e-01,-1.6811728045685187e-01,2.1599220925835949e-01,1.2606469763363597e-03
3.0513845909301217e+03,2,1.0000000000000000e+00,2.5635686338291052e+01,-1.1971149427451751e+01,-1.4302992015985900e+00,8.3859889056681347e-02,1.4882572343308786e-01,1.4881600770815955e-02

3.0561731057540396e+03,0,1.0000000000000000e+00,-1.4321538643873726e+01,3.5043018934203998e+00,6.7420165536847809e-01,2.2984755666573631e-01,-2.4151415828536266e-01,-1.7721058157349288e-02
3.0561731057540396e+03,1,1.0000000000000000e+00,-1.1704220728905305e+01,7.7489012889247997e+00,6.8420733694215263e-01,-3.0890448565685757e-01,9.0507608445095367e-02,2.5794258994728467e-03
3.0561731057540396e+03,2,1.0000000000000000e+00,2.6025759271024377e+01,-1.1253202296557788e+01,-1.3584089776023509e+00,7.9056928869820853e-02,1.5100655006543129e-01,1.5141632263232212e-02

3.0607852552801119e+03,0,1.0000000000000000e+00,-1.3107594041038798e+01,2.7853285563138215e+00,5.9566254781975747e-01,2.7924927930265686e-01,-6.5635111023763126e-02,-1.5795710927068152e-02
3.0607852552801119e+03,1,1.0000000000000000e+00,-1.3272052827156516e+01,7.7668901125419714e+00,6.9236291094014590e-01,-3.5364168118287209e-01,-8.7305282747885349e-02,4.1865833951174394e-04
3.0607852552801119e+03,2,1.0000000000000000e+00,2.6379646766303186e+01,-1.0552217782135646e+01,-1.2880254440400565e+00,7.4392401943681186e-02,1.5294039398696041e-01,1.5377052587846527e-02

3.0658161080505024e+03,0,1.0000000000000000e+00,-1.1818237307111549e+01,2.9410731174826523e+00,5.2814027430370381e-01,2.1330143734442153e-01,1.2017171412375546e-01,-1.0657635898569153e-02
3.0658161080505024e+03,1,1.0000000000000000e+00,-1.4922710433925147e+01,6.8367608623576057e+00,6.8190945345083998e-01,-2.8252877139167132e-01,-2.7506071767570495e-01,-4.9619658713023814e-03
3.0658161080505024e+03,2,1.0000000000000000e+00,2.6740947639766251e+01,-9.7778330916235046e+00,-1.2100497130334575e+00,6.9227334191635889e-02,1.5488900394952501e-01,1.5619601771448268e-02

3.0707538109929810e+03,0,1.0000000000000000e+00,-1.1132434128607116e+01,3.8404142668888124e+00,4.9075626570407249e-01,5.3177880637923947e-02,2.2688809050190767e-01,-4.5055544824599142e-03
3.0707538109929810e+03,1,1.0000000000000000e+00,-1.5937672656947807e+01,5.1681775334908373e+00,6.4160969955256220e-01,-1.1726771432207883e-01,-3.8355757028031418e-01,-1.1337911128980617e-02
3.0707538109929810e+03,2,1.0000000000000000e+00,2.7070106684706694e+01,-9.0085909097872978e+00,-1.1323659505123409e+00,6.4089833682194869e-02,1.5666948031349698e-01,1.5843465619463624e-02

3.0755865088029068e+03,0,1.0000000000000000e+00,-1.1331537075598533e+01,4.9649248425838017e+00,4.8142425779443609e-01,-1.3475018166254699e-01,2.1888681859777728e-01,2.6021105702523500e-04
3.0755865088029068e+03,1,1.0000000000000000e+00,-1.6036100944910075e+01,3.2825695309954352e+00,5.7387661196133244e-01,7.5706439880919407e-02,-3.7717293859541212e-01,-1.6307191248017210e-02
3.0755865088029068e+03,2,1.0000000000000000e+00,2.7367637919180240e+01,-8.2474934805101316e+00,-1.0553008549623155e+00,5.9043741602167202e-02,1.5828612045231716e-01,1.6046980202197404e-02

3.0802848120732006e+03,0,1.0000000000000000e+00,-1.2333165404273586e+01,5.7661833994341851e+00,4.8808560009061630e-01,-2.8058344633523485e-01,1.0751938163739692e-01,2.0148209963705855e-03
3.0802848120732006e+03,1,1.0000000000000000e+00,-1.5300379406563568e+01,1.7342236707576859e+00,4.9138873795649896e-01,2.2643224187311733e-01,-2.6723112082949141e-01,-1.8243416176443511e-02
3.0802848120732006e+03,2,1.0000000000000000e+00,2.7633544708594961e+01,-7.5004061754235760e+00,-9.7947432320731120e-01,5.4151204289497420e-02,1.5971173946256786e-01,1.6228595187661603e-02

3.0850179996842021e+03,0,1.0000000000000000e+00,-1.3842214455504045e+01,5.8722602171539702e+00,4.9489897794107141e-01,-3.3954726545970465e-01,-6.8788147625623769e-02,2.9241268289580125e-04
3.0850179996842021e+03,1,1.0000000000000000e+00,-1.4035977936216064e+01,8.6913039154213401e-01,4.0736066764908146e-01,2.9032640866995268e-01,-9.2192862252622548e-02,-1.6688232758673694e-02
3.0850179996842021e+03,2,1.0000000000000000e+00,2.7878192289039610e+01,-6.7413897128846401e+00,-9.0225963072880244e-01,4.9220856790244127e-02,1.6098101008291130e-01,1.6395820077592261e-02

3.0896903508490723e+03,0,1.0000000000000000e+00,-1.5355724164132544e+01,5.1233258631753209e+00,4.8642843091934601e-01,-2.9074357116793642e-01,-2.4725203432712425e-01,-4.2947191904220989e-03
3.0896903508490723e+03,1,1.0000000000000000e+00,-1.2741007528830799e+01,8.6329022420329604e-01,3.3886623179084091e-01,2.4642736202852095e-01,8.5176010914460226e-02,-1.2252094187550338e-02
3.0896903508490723e+03,2,1.0000000000000000e+00,2.8096731590643671e+01,-5.9866151903646552e+00,-8.2529464784516415e-01,4.4316209267494522e-02,1.6207602374806865e-01,1.6546813378883047e-02

3.0942297779826308e+03,0,1.0000000000000000e+00,-1.6394558025523001e+01,3.6985523019780429e+00,4.5396055142997543e-01,-1.5531104809174923e-01,-3.6769143618264460e-01,-1.0078307830529732e-02
3.0942297779826308e+03,1,1.0000000000000000e+00,-1.1892431636166382e+01,1.5501595807712691e+00,2.9591207875757369e-01,1.1580978160842631e-01,2.0467699888372343e-01,-6.6025588897763391e-03
3.0942297779826308e+03,2,1.0000000000000000e+00,2.8286989559874630e+01,-5.2487109838031856e+00,-7.4987261530873139e-01,3.9501266545178104e-02,1.6301443780308322e-01,1.6680866726106677e-02

3.0996922665268012e+03,0,1.0000000000000000e+00,-1.6658014254599347e+01,1.5631117356450215e+00,3.8121960467450655e-01,6.1420114956593025e-02,-3.8915837578302181e-01,-1.6157822591563956e-02
3.0996922665268012e+03,1,1.0000000000000000e+00,-1.1828846678151068e+01,2.7923651266982774e+00,2.7713122460996659e-01,-9.5098565871669233e-02,2.2515500145809475e-01,-6.6729651489391695e-04
3.0996922665268012e+03,2,1.0000000000000000e+00,2.8486860830677131e+01,-4.3554759605183477e+00,-6.5835081435601195e-01,3.3678450759647982e-02,1.6400337482564531e-01,1.6825119117886051e-02

3.1042260767599500e+03,0,1.0000000000000000e+00,-1.6003942118549880e+01,-2.6763519257851254e-02,3.0136054139408602e-01,2.1822481266508126e-01,-2.9722599045879972e-01,-1.8558923564724925e-02
3.1042260767599500e+03,1,1.0000000000000000e+00,-1.2624688784730054e+01,3.6370586340970781e+00,2.8046577725659050e-01,-2.4709065503282363e-01,1.3252864031776906e-01,1.6290970480690864e-03
3.1042260767599500e+03,2,1.0000000000000000e+00,2.8628630800295134e+01,-3.6102942111065173e+00,-5.8182630367175114e-01,2.8865842154300270e-02,1.6469735047134870e-01,1.6929826526423650e-02

3.1087243117541698e+03,0,1.0000000000000000e+00,-1.4804673447472512e+01,-1.0211493421921964e+00,2.1855333694893087e-01,2.9968186346546344e-01,-1.3732479021119443e-01,-1.7714981534529967e-02
3.1087243117541698e+03,1,1.0000000000000000e+00,-1.3943118295776269e+01,3.8893036269932484e+00,2.8691075213582812e-01,-3.2380019780243019e-01,-2.7923198603786947e-02,6.9498340125107375e-04
3.1087243117541698e+03,2,1.0000000000000000e+00,2.8747791639539106e+01,-2.8681533799132870e+00,-5.0546407407420535e-01,2.4118334251666929e-02,1.6524798902265483e-01,1.7019998137415351e-02

3.1139013709637798e+03,0,1.0000000000000000e+00,-1.3269981840562409e+01,-1.2004003538388739e+00,1.3721795767536710e-01,2.7093839879363102e-01,6.4585923384197330e-02,-1.3184429940890276e-02
3.1139013709637798e+03,1,1.0000000000000000e+00,-1.5588536845550529e+01,3.2118056376845061e+00,2.7989921825107972e-01,-2.8959191643888671e-01,-2.3028506439270102e-01,-3.9228240416169461e-03
3.1139013709637798e+03,2,1.0000000000000000e+00,2.8858518582481196e+01,-2.0114043777662465e+00,-4.1711716090584211e-01,1.8653517741668180e-02,1.6569914130117092e-01,1.7107253983496998e-02

3.1187999578795393e+03,0,1.0000000000000000e+00,-1.2239995879539052e+01,-5.1646751312431194e-01,8.7352369728285861e-02,1.3544684195592591e-01,2.0019174049728602e-01,-7.0696952525791459e-03
3.1187999578795393e+03,1,1.0000000000000000e+00,-1.6697162944928131e+01,1.7154743341181744e+00,2.4579377269770575e-01,-1.4889397267784663e-01,-3.6615593146078529e-01,-1.0104291243576636e-02
3.1187999578795393e+03,2,1.0000000000000000e+00,2.8937158721344893e+01,-1.1990059130041268e+00,-3.3314612739259353e-01,1.3447130793536460e-02,1.6596419144624272e-01,1.7173986501344655e-02

3.1235383514308755e+03,0,1.0000000000000000e+00,-1.2022471705697793e+01,5.4841097740345901e-01,6.7266434084374604e-02,-4.6647034238774615e-02,2.3060319162444459e-01,-1.6743082162048346e-03
3.1235383514308755e+03,1,1.0000000000000000e+00,-1.6966418559170979e+01,-1.3617001045410559e-01,1.8437819445650111e-01,3.8259848698687454e-02,-3.9670180662827886e-01,-1.5549849431938517e-02
3.1235383514308755e+03,2,1.0000000000000000e+00,2.8988890161672362e+01,-4.1224005647265682e-01,-2.5164461346841233e-01,8.3871854274809310e-03,1.6609861553497302e-01,1.7224157659024058e-02

3.1281316912628185e+03,0,1.0000000000000000e+00,-1.2626509585023960e+01,1.4713057831017302e+00,6.7401112285318449e-02,-2.0894520264181685e-01,1.5519918643923974e-01,1.2409798759088000e-03
3.1281316912628185e+03,1,1.0000000000000000e+00,-1.6389667590927537e+01,-1.8221069621550670e+00,1.0504099025129085e-01,2.0544503070039979e-01,-3.2132044110169861e-01,-1.8500460789586479e-02
3.1281316912628185e+03,2,1.0000000000000000e+00,2.9016177071905219e+01,3.5080209169971732e-01,-1.7244208741059014e-01,3.5001717113675775e-03,1.6612125505435205e-01,1.7259480924998193e-02

3.1326195858811266e+03,0,1.0000000000000000e+00,-1.3804069527660246e+01,1.8535494384341504e+00,7.3552248140918555e-02,-3.0168864942577972e-01,6.1817698789881359e-03,9.6231689396476805e-04
3.1326195858811266e+03,1,1.0000000000000000e+00,-1.5217182390678722e+01,-2.9497157442833029e+00,2.1377312559930542e-02,3.0291990041385491e-01,-1.7220583245132190e-01,-1.8243684281122250e-02
3.1326195858811266e+03,2,1.0000000000000000e+00,2.9021251813354894e+01,1.0961672198676773e+00,-9.4929545533724166e-02,-1.2312511458392704e-03,1.6602406280595874e-01,1.7281367393637705e-02

3.1378932821283238e+03,0,1.0000000000000000e+00,-1.5423366074796046e+01,1.3394847527705132e+00,6.9377502740138153e-02,-2.8944686898142280e-01,-2.0008176831130486e-01,-3.1296033210636565e-03
3.1378932821283238e+03,1,1.0000000000000000e+00,-1.3576827342282218e+01,-3.3105305261833324e+00,-6.5617223989760554e-02,2.9619841902557764e-01,3.4349123081029609e-02,-1.4161120717066749e-02
3.1378932821283238e+03,2,1.0000000000000000e+00,2.9000193311797961e+01,1.9710466885812368e+00,-3.7602635644949367e-03,-6.7515500016467889e-03,1.6573264547727584e-01,1.7290724039676662e-02

3.1428813021133801e+03,0,1.0000000000000000e+00,-1.6588435498573624e+01,-6.7398994063510687e-02,3.8993996059107028e-02,-1.6168180176876135e-01,-3.5085014827405059e-01,-9.2287020036175248e-03
3.1428813021133801e+03,1,1.0000000000000000e+00,-1.2365059902299711e+01,-2.7292625866318536e+00,-1.2146704601846414e-01,1.7365775705321074e-01,1.8557023802658834e-01,-8.0539835400826806e-03
3.1428813021133801e+03,2,1.0000000000000000e+00,2.8953495296014161e+01,2.7966624975359000e+00,8.2473065155814401e-02,-1.1975955197755961e-02,1.6527991068070488e-01,1.7282685547604239e-02

3.1477929615885896e+03,0,1.0000000000000000e+00,-1.6927898303013674e+01,-1.9565174457297372e+00,-2.1209080122906121e-02,2.8611635788343054e-02,-3.9872921645859011e-01,-1.5054411670064688e-02
3.1477929615885896e+03,1,1.0000000000000000e+00,-1.1954100487391290e+01,-1.6505508938386593e+00,-1.4609829963914689e-01,-1.1473213845060753e-02,2.3403689051761795e-01,-2.2043936373027859e-03
3.1477929615885896e+03,2,1.0000000000000000e+00,2.8881998685626659e+01,3.6070692588765745e+00,1.6730739499297942e-01,-1.7138422019625316e-02,1.6469232647972309e-01,1.7258805317462763e-02

3.1524218687588614e+03,0,1.0000000000000000e+00,-1.6377355447022705e+01,-3.6926421189087404e+00,-9.9684877171360792e-02,2.0298015948214748e-01,-3.3434413715678679e-01,-1.8368375605206499e-02
3.1524218687588614e+03,1,1.0000000000000000e+00,-1.2414068749935858e+01,-6.7528063170822472e-01,-1.4743342153963945e-01,-1.8099022461831621e-01,1.7031294147683651e-01,1.1455605966808370e-03
3.1524218687588614e+03,2,1.0000000000000000e+00,2.8791424091420524e+01,4.3679236722517771e+00,2.4711831399596917e-01,-2.1989935095766605e-02,1.6403119611698896e-01,1.7222815020708146e-02

3.1569087666067971e+03,0,1.0000000000000000e+00,-1.5193830095560202e+01,-4.8923752507352951e+00,-1.8350496672975319e-01,3.1082700870813967e-01,-1.9031634399591191e-01,-1.8442294575546563e-02
3.1569087666067971e+03,1,1.0000000000000000e+00,-1.3488465759826830e+01,-2.0991009101446956e-01,-1.4079027052024221e-01,-2.8418366333571815e-01,2.7029699062335877e-02,1.2659689326228116e-03
3.1569087666067971e+03,2,1.0000000000000000e+00,2.8682295748787027e+01,5.1022862649422995e+00,3.2429525258254632e-01,-2.6643345580358024e-02,1.6328664519605274e-01,1.7176325651184751e-02

3.1622129667295653e+03,0,1.0000000000000000e+00,-1.3468524375769103e+01,-5.3456050903088252e+00,-2.7269886847958102e-01,3.1605541648065155e-01,1.9674429842353680e-02,-1.4559427522254156e-02
3.1622129667295653e+03,1,1.0000000000000000e+00,-1.5058017854216718e+01,-6.2010898376233037e-01,-1.4252476696083291e-01,-2.8398055823680796e-01,-1.8192045931195588e-01,-2.5468152322408143e-03
3.1622129667295653e+03,2,1.0000000000000000e+00,2.8526542122785276e+01,5.9657149984265390e+00,4.1522365079949475e-01,-3.2074858252819138e-02,1.6224602969060131e-01,1.7106242756845191e-02

3.1672417262614945e+03,0,1.0000000000000000e+00,-1.2129473162348305e+01,-4.8132744434536860e+00,-3.3097003666978986e-01,1.9952682111964826e-01,1.7926150300748331e-01,-8.4056130509598849e-03
3.1672417262614945e+03,1,1.0000000000000000e+00,-1.6222902648781286e+01,-1.9654787564834773e+00,-1.7007457068957119e-01,-1.6233492413230932e-01,-3.4034253040345130e-01,-8.6173318441206681e-03
3.1672417262614945e+03,2,1.0000000000000000e+00,2.8352375704206580e+01,6.7787541257831361e+00,5.0104462272915085e-01,-3.7191896904771690e-02,1.6108102778732389e-01,1.7022944898308183e-02

3.1722441345082984e+03,0,1.0000000000000000e+00,-1.1582624770535318e+01,-3.7227663953295789e+00,-3.5723741275759158e-01,1.3129835474201081e-02,2.3657003633326831e-01,-2.3146456120737777e-03
3.1722441345082984e+03,1,1.0000000000000000e+00,-1.6570969316477587e+01,-3.8585472430085228e+00,-2.2871971243656369e-01,2.9153026835147623e-02,-3.9633530801381878e-01,-1.4608266267466840e-02
3.1722441345082984e+03,2,1.0000000000000000e+00,2.8153593980242128e+01,7.5813145665633535e+00,5.8595714059479986e-01,-4.2282862361570354e-02,1.5976527221255404e-01,1.6922911888901424e-02

3.1770313097691360e+03,0,1.0000000000000000e+00,-1.1956144256029436e+01,-2.6917533459464931e+00,-3.5846355424629261e-01,-1.6287987980868757e-01,1.7601111759836752e-01,1.2966030273589280e-03
3.1770313097691360e+03,1,1.0000000000000000e+00,-1.5983394193542738e+01,-5.6511318269250941e+00,-3.0824755035331974e-01,2.1001988346219247e-01,-3.3440013552503534e-01,-1.8109136097524445e-02
3.1770313097691360e+03,2,1.0000000000000000e+00,2.7939538342093787e+01,8.3428861035563848e+00,6.6671112005512390e-01,-4.7140003882737605e-02,1.5838901838761474e-01,1.6812533082701323e-02

3.1817129916854506e+03,0,1.0000000000000000e+00,-1.3005351153123307e+01,-2.1865204953781099e+00,-3.5056659656899891e-01,-2.7066120782529257e-01,2.8949744591984045e-02,1.4857651711830625e-03
3.1817129916854506e+03,1,1.0000000000000000e+00,-1.4702474722491491e+01,-6.8945450677366207e+00,-3.9457944941584328e-01,3.2249602264426447e-01,-1.8589153305084269e-01,-1.8178557039875941e-02
3.1817129916854506e+03,2,1.0000000000000000e+00,2.7707825766963005e+01,9.0810664955325553e+00,7.4514606149346185e-01,-5.1834815054971894e-02,1.5694178873787840e-01,1.6692791877912009e-02

3.1862717924195717e+03,0,1.0000000000000000e+00,-1.4297079775235929e+01,-2.4589195171250608e+00,-3.4962373516823098e-01,-2.7882405069023725e-01,-1.4943902327702749e-01,-1.5449743901737450e-03
3.1862717924195717e+03,1,1.0000000000000000e+00,-1.3164160807612488e+01,-7.3341891543624271e+00,-4.7133513540481764e-01,3.3515750952779161e-01,-5.9801794879845993e-03,-1.5020328834761225e-02
3.1862717924195717e+03,2,1.0000000000000000e+00,2.7461240473446132e+01,9.7931096049321642e+00,8.2095888611063716e-01,-5.6333458915812033e-02,1.5541920296685666e-01,1.6565303228623030e-02

3.1912323527122480e+03,0,1.0000000000000000e+00,-1.5468817018674613e+01,-3.6384622618807043e+00,-3.7081644285416393e-01,-1.7605613099290596e-01,-3.1565701459690759e-01,-7.2654305937060529e-03
3.1912323527122480e+03,1,1.0000000000000000e+00,-1.1700972722203968e+01,-6.9211935258147008e+00,-5.3194293556137251e-01,2.3722237146572001e-01,1.6204739931327083e-01,-9.1469105877091637e-03
3.1912323527122480e+03,2,1.0000000000000000e+00,2.7169789631507545e+01,1.0559656722377639e+01,9.0275939396519700e-01,-6.1166240408139005e-02,1.5360961561063746e-01,1.6412341183842143e-02

3.1961945249301320e+03,0,1.0000000000000000e+00,-1.5910642139233957e+01,-5.4397945441690059e+00,-4.2238596154660235e-01,6.1839539060402349e-03,-3.9142798497624276e-01,-1.3378787077373453e-02
3.1961945249301320e+03,1,1.0000000000000000e+00,-1.0943697115015590e+01,-5.8772677330278480e+00,-5.6139945789547907e-01,5.9789641389513065e-02,2.3979089088503203e-01,-2.8634437459651701e-03
3.1961945249301320e+03,2,1.0000000000000000e+00,2.6854339145115325e+01,1.1317063213977603e+01,9.8378543501510207e-01,-6.5973595302784044e-02,1.5163709459547919e-01,1.6242230831020686e-02

3.2010438517639809e+03,0,1.0000000000000000e+00,-1.5410720273607064e+01,-7.2809467039804527e+00,-4.9828647465497444e-01,1.9574105533410857e-01,-3.4846705072318090e-01,-1.7444174054063812e-02
3.2010438517639809e+03,1,1.0000000000000000e+00,-1.1112331993613681e+01,-4.7665082031384571e+00,-5.6382692075995533e-01,-1.2508739382258721e-01,1.9888817310122181e-01,1.3841184092727270e-03
3.2010438517639809e+03,2,1.0000000000000000e+00,2.6523052157581567e+01,1.2047455846427439e+01,1.0621134110387969e+00,-7.0653661712370114e-02,1.4957887812133869e-01,1.6060055657320653e-02

3.2056802378366228e+03,0,1.0000000000000000e+00,-1.4177626120410910e+01,-8.6094194588829325e+00,-5.8203818693194009e-01,3.2278118456918303e-01,-2.1219072429488167e-01,-1.8093882253209608e-02
3.2056802378366228e+03,1,1.0000000000000000e+00,-1.2007561082994396e+01,-4.1267909462303063e+00,-5.5410854268589793e-01,-2.4770123462918792e-01,6.4675730732601300e-02,2.2198338987566985e-03
3.2056802378366228e+03,2,1.0000000000000000e+00,2.6185187092591452e+01,1.2736211346371372e+01,1.1361467452988951e+00,-7.5079950212359636e-02,1.4751499389082923e-01,1.5874048365481140e-02

3.2109903827911935e+03,0,1.0000000000000000e+00,-1.2331890245887525e+01,-9.1863261850716036e+00,-6.7077867710974426e-01,3.4875302251940465e-01,-2.4687619167795272e-03,-1.4652009805258357e-02
3.2109903827911935e+03,1,1.0000000000000000e+00,-1.3441367858504515e+01,-4.3266785392914917e+00,-5.4906977413796443e-01,-2.6870464743275235e-01,-1.4256224540724660e-01,-9.9696207806312595e-04
3.2109903827911935e+03,2,1.0000000000000000e+00,2.5773257992455143e+01,1.3513005666914548e+01,1.2198484669702319e+00,-8.0048375206492217e-02,1.4503100751779807e-01,1.5648971887807325e-02

3.2160222128445171e+03,0,1.0000000000000000e+00,-1.0784259845141722e+01,-8.7396903299233806e+00,-7.2992720840650671e-01,2.4821771931638903e-01,1.6894391503474565e-01,-8.5841809674665030e-03
3.2160222128445171e+03,1,1.0000000000000000e+00,-1.4574576601622724e+01,-5.4968528354544111e+00,-5.6809907000963411e-01,-1.6355906803147763e-01,-3.1147039403847288e-01,-6.8375506423983511e-03
3.2160222128445171e+03,2,1.0000000000000000e+00,2.5358836334693944e+01,1.4236544109078757e+01,1.2980262941525993e+00,-8.4658651240503591e-02,1.4252647930177453e-01,1.5421731612174056e-02

3.2210150481714354e+03,0,1.0000000000000000e+00,-9.9737387699303426e+00,-7.6567150324358373e+00,-7.5648243712633367e-01,6.8524012371018378e-02,2.4553584656930960e-01,-2.2081750044530574e-03
3.2210150481714354e+03,1,1.0000000000000000e+00,-1.4951115650289159e+01,-7.2848933123089292e+00,-6.1794390265448362e-01,2.0653040568342357e-02,-3.8541344771134434e-01,-1.2970938502291545e-02
3.2210150481714354e+03,2,1.0000000000000000e+00,2.4924854308354476e+01,1.4941609290424040e+01,1.3744263555388161e+00,-8.9177052941577045e-02,1.3987760162663154e-01,1.5179113513900539e-02

3.2259017385446705e+03,0,1.0000000000000000e+00,-1.0102470696690673e+01,-6.5151979813549108e+00,-7.5569805766157572e-01,-1.1650783489352810e-01,2.0220471066382195e-01,2.0354205833122800e-03
3.2259017385446705e+03,1,1.0000000000000000e+00,-1.4375863276575728e+01,-9.1033222663529507e+00,-6.9228866744405304e-01,2.1007437175840454e-01,-3.3935020395695903e-01,-1.6960172681899057e-02
3.2259017385446705e+03,2,1.0000000000000000e+00,2.4478333860932189e+01,1.5618521195896657e+01,1.4479867409130862e+00,-9.3566537059443691e-02,1.3714549379661842e-01,1.4924752111025775e-02

3.2306449199861531e+03,0,1.0000000000000000e+00,-1.0977430160162935e+01,-5.8545291427415265e+00,-7.4279952807284078e-01,-2.3833390084267664e-01,6.3930044777858366e-02,2.7920207696831550e-03
3.2306449199861531e+03,1,1.0000000000000000e+00,-1.3047092853084550e+01,-1.0408005619298578e+01,-7.7536686698737201e-01,3.3610820669751645e-01,-1.9832389233600634e-01,-1.7457386738538486e-02
3.2306449199861531e+03,2,1.0000000000000000e+00,2.4024522899694549e+01,1.6262535712267294e+01,1.5181664109272988e+00,-9.7774306141587511e-02,1.3439384789685813e-01,1.4665365980381057e-02

3.2352375227189837e+03,0,1.0000000000000000e+00,-1.2163558347053460e+01,-5.9636536019992334e+00,-7.3487873253184954e-01,-2.6082510546865467e-01,-1.1380456592814311e-01,1.4986277797531151e-04
3.2352375227189837e+03,1,1.0000000000000000e+00,-1.1402731808608586e+01,-1.0909821097865033e+01,-8.5004626626093038e-01,3.6258687568591763e-01,-1.7840652982077571e-02,-1.4555365124137366e-02
3.2352375227189837e+03,2,1.0000000000000000e+00,2.3566290040972994e+01,1.6873475651269285e+01,1.5849250147006471e+00,-1.0176177039756006e-01,1.3164521910564028e-01,1.4405502352104275e-02

3.2402492981562345e+03,0,1.0000000000000000e+00,-1.3289122475486518e+01,-6.9935966398258564e+00,-7.4732149356646560e-01,-1.6975008146228859e-01,-2.8782098479348778e-01,-5.4311620945152374e-03
3.2402492981562345e+03,1,1.0000000000000000e+00,-9.7564926424340630e+00,-1.0531900287814640e+01,-9.0906856182701523e-01,2.7575044205473132e-01,1.5929370891186612e-01,-8.6799883511592003e-03
3.2402492981562345e+03,2,1.0000000000000000e+00,2.3045615002820483e+01,1.7525497880051901e+01,1.6563900713189952e+00,-1.0600036058651463e-01,1.2852727612725307e-01,1.4111150447824438e-02

3.2451494994544664e+03,0,1.0000000000000000e+00,-1.3718592383255750e+01,-8.6607938679883851e+00,-7.8914848871299226e-01,3.7601564422128364e-03,-3.7486953479794066e-01,-1.1547569397353137e-02
3.2451494994544664e+03,1,1.0000000000000000e+00,-8.7976364876915714e+00,-9.4867405418066255e+00,-9.3565364990768829e-01,1.0629518400623461e-01,2.4954033145241278e-01,-2.2605730733850915e-03
3.2451494994544664e+03,2,1.0000000000000000e+00,2.2516228756011508e+01,1.8147535363864865e+01,1.7248021545623069e+00,-1.1005534042677675e-01,1.2532920378017684e-01,1.3808142476248085e-02

3.2499677164961990e+03,0,1.0000000000000000e+00,-1.3234802083827606e+01,-1.0446272172008225e+01,-8.5637853836434630e-01,1.9445041573147462e-01,-3.4683791183527163e-01,-1.5916093345647163e-02
3.2499677164961990e+03,1,1.0000000000000000e+00,-8.7416628287941975e+00,-8.2972547304450242e+00,-9.3420196045681347e-01,-8.0462101264447167e-02,2.2479757709504694e-01,2.4229503061638583e-03
3.2499677164961990e+03,2,1.0000000000000000e+00,2.1976464797416732e+01,1.8743527858895511e+01,1.7905805148044811e+00,-1.1398831461806733e-01,1.2204033525552938e-01,1.3493143051035578e-02

3.2547401650542479e+03,0,1.0000000000000000e+00,-1.1940434377131702e+01,-1.1823394296932914e+01,-9.3633443611191225e-01,3.3481825472632065e-01,-2.1608039371837953e-01,-1.6965943309282746e-02
3.2547401650542479e+03,1,1.0000000000000000e+00,-9.4828333089469758e+00,-7.4945649165466390e+00,-9.1786808973261003e-01,-2.1698834343830120e-01,9.7407247712200135e-02,3.7987484919360312e-03
3.2547401650542479e+03,2,1.0000000000000000e+00,2.1423267569747829e+01,1.9317960172138967e+01,1.8542025418884784e+00,-1.1782991158327763e-01,1.1867314639161650e-01,1.3167194829976468e-02

3.2595768845777907e+03,0,1.0000000000000000e+00,-1.0173996990402724e+01,-1.2420158432847018e+01,-1.0132324189366890e+00,3.7618311922330971e-01,-2.6627355919647183e-02,-1.4233045835877417e-02
3.2595768845777907e+03,1,1.0000000000000000e+00,-1.0670119397972064e+01,-7.4633682597410136e+00,-9.0383802451394024e-01,-2.5455073723835830e-01,-8.8550234752167528e-02,1.4054122255150996e-03
3.2595768845777907e+03,2,1.0000000000000000e+00,2.0844116270680310e+01,1.9883527652639089e+01,1.9170704595444317e+00,-1.2163238221646530e-01,1.1517759087589258e-01,1.2827633617670873e-02

3.2643696265577287e+03,0,1.0000000000000000e+00,-8.5032870578409341e+00,-1.2107067507174177e+01,-1.0689556110279619e+00,3.0323715062074252e-01,1.4959458219014635e-01,-8.6913178198969668e-03
3.2643696265577287e+03,1,1.0000000000000000e+00,-1.1749087992870658e+01,-8.3200006669410698e+00,-9.0877244816444325e-01,-1.7795813698781338e-01,-2.6121804323166875e-01,-3.7917596969029993e-03
3.2643696265577287e+03,2,1.0000000000000000e+00,2.0252374932356439e+01,2.0427069135041670e+01,1.9777280753075370e+00,-1.2527901367615735e-01,1.1162346124123423e-01,1.2483077519145638e-02

3.2692332438043250e+03,0,1.0000000000000000e+00,-7.3959129900884513e+00,-1.1088022305727929e+01,-1.0952778225762492e+00,1.4175635870525813e-01,2.5257877855195676e-01,-2.1786432579907009e-03
3.2692332438043250e+03,1,1.0000000000000000e+00,-1.2238397363035755e+01,-9.8729207546631699e+00,-9.4228892364560668e-01,-1.2894188207268092e-02,-3.6046971563699137e-01,-9.9423886106728906e-03
3.2692332438043250e+03,2,1.0000000000000000e+00,1.9634310234826362e+01,2.0960944022679971e+01,2.0375667623493925e+00,-1.2886217046748186e-01,1.0789093746051759e-01,1.2121031872663689e-02

3.2740162030058900e+03,0,1.0000000000000000e+00,-7.1667381901346303e+00,-9.8548316911532758e+00,-1.0927022436734912e+00,-4.4811759150871183e-02,2.4397707462720342e-01,2.8579020463437889e-03
3.2740162030058900e+03,1,1.0000000000000000e+00,-1.1842976201452490e+01,-1.1613085737541953e+01,-1.0019547942690172e+00,1.7711373900242924e-01,-3.4805501608292921e-01,-1.4606385482538228e-02
3.2740162030058900e+03,2,1.0000000000000000e+00,1.9009714273174680e+01,2.1467918393155536e+01,2.0946570541035556e+00,-1.3230197995693202e-01,1.0407794196078603e-01,1.1748483446346514e-02

3.2787589214962645e+03,0,1.0000000000000000e+00,-7.7528050897868006e+00,-8.9291320723631493e+00,-1.0731263488208080e+00,-1.9077472296621970e-01,1.3154088250774981e-01,4.7996670006643701e-03
3.2787589214962645e+03,1,1.0000000000000000e+00,-1.0621477002831234e+01,-1.3023186715303753e+01,-1.0763432123607073e+00,3.2642265260982695e-01,-2.3171785545531670e-01,-1.6163421466410137e-02
3.2787589214962645e+03,2,1.0000000000000000e+00,1.8374281973255524e+01,2.1952319754422458e+01,2.1494695774002972e+00,-1.3564792992455485e-01,1.0017697337586494e-01,1.1363754478860618e-02

3.2836107026641116e+03,0,1.0000000000000000e+00,-8.8582735048209855e+00,-8.7132626092187273e+00,-1.0527005338785522e+00,-2.4618511817495564e-01,-4.8400616885700187e-02,3.0019201940592825e-03
3.2836107026641116e+03,1,1.0000000000000000e+00,-8.8497389698866584e+00,-1.3715235234431834e+01,-1.1509270511510774e+00,3.8516862196907081e-01,-4.7701084504747249e-02,-1.3961953238985822e-02
3.2836107026641116e+03,2,1.0000000000000000e+00,1.7708012353884378e+01,2.2428498812010567e+01,2.2036276013048046e+00,-1.3898350407615634e-01,9.6101701624287272e-02,1.0960033054054725e-02

3.2884014365954613e+03,0,1.0000000000000000e+00,-9.9419559517781515e+00,-9.3843120383389866e+00,-1.0489535429030936e+00,-1.8803137507069309e-01,-2.2602361302615498e-01,-1.8180972697156156e-03
3.2884014365954613e+03,1,1.0000000000000000e+00,-7.0925775402983255e+00,-1.3494807645914992e+01,-1.2062132354572244e+00,3.3018375377342435e-01,1.3401579558079230e-01,-8.7370111127475190e-03
3.2884014365954613e+03,2,1.0000000000000000e+00,1.7034533370285793e+01,2.2879120653480751e+01,2.2551667946639764e+00,-1.4215237881038068e-01,9.2007817609083650e-02,1.0555108385590392e-02

3.2931995042909562e+03,0,1.0000000000000000e+00,-1.0511246930666957e+01,-1.0778385210350681e+01,-1.0722031386904738e+00,-3.7448266216712350e-02,-3.3999982996888750e-01,-7.8997352300062291e-03
3.2931995042909562e+03,1,1.0000000000000000e+00,-5.8338971251304388e+00,-1.2532175761166304e+01,-1.2326184518922294e+00,1.8263464719336028e-01,2.5218718459768769e-01,-2.2410394868139574e-03
3.2931995042909562e+03,2,1.0000000000000000e+00,1.6345143933870187e+01,2.3310561941793747e+01,2.3048216068968794e+00,-1.4518638095332162e-01,8.7812645671724809e-02,1.0140774719342110e-02

3.2978756454617314e+03,0,1.0000000000000000e+00,-1.0254713470522251e+01,-1.2433550320381405e+01,-1.1216117185862999e+00,1.4843452978559518e-01,-3.4960708532388013e-01,-1.2909784825067900e-02
3.2978756454617314e+03,1,1.0000000000000000e+00,-5.4048372051582696e+00,-1.1277836718948894e+01,-1.2296589573521013e+00,-4.0693562453447685e-04,2.6600709952109042e-01,3.1868077135472732e-03
3.2978756454617314e+03,2,1.0000000000000000e+00,1.5659550553768849e+01,2.3711388011444438e+01,2.3512706922757460e+00,-1.4802759421186484e-01,8.3599986273527549e-02,9.7229771195016836e-03

3.3029595887746354e+03,0,1.0000000000000000e+00,-9.0331549508759093e+00,-1.3982267427773426e+01,-1.1948421586981117e+00,3.2064043165579081e-01,-2.4101911544397031e-01,-1.5223282895119258e-02
3.3029595887746354e+03,1,1.0000000000000000e+00,-5.8661895545039124e+00,-1.0142192793311631e+01,-1.2046667463066338e+00,-1.6962191318932907e-01,1.6213983020346695e-01,5.9724175499703790e-03
3.3029595887746354e+03,2,1.0000000000000000e+00,1.4899344382686227e+01,2.4124461195672133e+01,2.3995089213980170e+00,-1.5101851872196856e-01,7.8879285698480892e-02,9.2508653582173122e-03

3.3078297757481737e+03,0,1.0000000000000000e+00,-7.2486615155231915e+00,-1.4731579169342027e+01,-1.2661778741765930e+00,3.9343189470039663e-01,-5.9232107769253500e-02,-1.3415787813356582e-02
3.3078297757481737e+03,1,1.0000000000000000e+00,-6.9084054461906170e+00,-9.7658167744724018e+00,-1.1772564066775431e+00,-2.3964302347271349e-01,-1.5027220962427063e-02,4.6295334976564004e-03
3.3078297757481737e+03,2,1.0000000000000000e+00,1.4157066837536497e+01,2.4497396920191573e+01,2.4434342973081056e+00,-1.5378887154259549e-01,7.4259328997235599e-02,8.7862543262929704e-03

3.3125555366966105e+03,0,1.0000000000000000e+00,-5.4454021833755695e+00,-1.4564875324603276e+01,-1.3187841869138541e+00,3.5134058297198267e-01,1.2534087523530230e-01,-8.4336518882637684e-03
3.3125555366966105e+03,1,1.0000000000000000e+00,-7.9787751651299494e+00,-1.0272745748008749e+01,-1.1650953870610004e+00,-1.9498468752623932e-01,-1.9506044810216033e-01,1.0360477654661887e-04
3.3125555366966105e+03,2,1.0000000000000000e+00,1.3424177223132364e+01,2.4837622049885784e+01,2.4838795904636415e+00,-1.5635589561297736e-01,6.9719573011135627e-02,8.3300471158609946e-03

3.3171265590469284e+03,0,1.0000000000000000e+00,-4.1130621665533766e+00,-1.3676250494644734e+01,-1.3432015292310187e+00,2.1973270605127557e-01,2.5053799958478551e-01,-2.1783095506647324e-03
3.3171265590469284e+03,1,1.0000000000000000e+00,-8.5910031866792576e+00,-1.1469915460611368e+01,-1.1777376290859818e+00,-6.1035815992492942e-02,-3.1580641816748478e-01,-5.7054821756221466e-03
3.3171265590469284e+03,2,1.0000000000000000e+00,1.2704065227506391e+01,2.5146166933310575e+01,2.5209391748163616e+00,-1.5869689006235491e-01,6.5268418811689322e-02,7.8837917278647193e-03

3.3223682160472977e+03,0,1.0000000000000000e+00,-3.4863603031640871e+00,-1.2228224110058502e+01,-1.3369991392693734e+00,1.6554404785587729e-02,2.7925610967205988e-01,4.1788995645281176e-03
3.3223682160472977e+03,1,1.0000000000000000e+00,-8.3792068475102894e+00,-1.3246439089779297e+01,-1.2238971733572255e+00,1.4465711072910353e-01,-3.3930435267029352e-01,-1.1538158472780901e-02
3.3223682160472977e+03,2,1.0000000000000000e+00,1.1865567024984598e+01,2.5474664179646506e+01,2.5608963291443829e+00,-1.6121151554306323e-01,6.0048243432735258e-02,7.3592589148026039e-03

3.3273258464315509e+03,0,1.0000000000000000e+00,-3.8467748225121401e+00,-1.1032382098451261e+01,-1.3073024289087427e+00,-1.5178412935759228e-01,1.8537277972577682e-01,7.1751702331502940e-03
3.3273258464315509e+03,1,1.0000000000000000e+00,-7.2139585372894386e+00,-1.4727449818118881e+01,-1.2888117377894921e+00,3.1523821464480983e-01,-2.4034517491838969e-01,-1.4020557499769533e-02
3.3273258464315509e+03,2,1.0000000000000000e+00,1.1060733233506317e+01,2.5759832898720777e+01,2.5961141832648020e+00,-1.6345408551142596e-01,5.4972395661730303e-02,6.8453872791040043e-03

3.3322979907534818e+03,0,1.0000000000000000e+00,-4.8457352953643102e+00,-1.0525569083754021e+01,-1.2724995902940188e+00,-2.3122753347076141e-01,1.0006193629866190e-02,6.1416303091922780e-03
3.3322979907534818e+03,1,1.0000000000000000e+00,-5.3969215242995858e+00,-1.5494704114393880e+01,-1.3563387801769697e+00,3.9681802935880217e-01,-5.9780568272756261e-02,-1.2457612867160541e-02
3.3322979907534818e+03,2,1.0000000000000000e+00,1.0242656691904312e+01,2.6020274182246382e+01,2.6288383871007817e+00,-1.6559049621713651e-01,4.9774374935666839e-02,6.3159825695041950e-03

3.3363810569389402e+03,0,1.0000000000000000e+00,-5.7675834639561412e+00,-1.0810037077760370e+01,-1.2540400161426244e+00,-2.0653969882809042e-01,-1.4728184183104262e-01,2.5617033865635089e-03
3.3363810569389402e+03,1,1.0000000000000000e+00,-3.7955401690627366e+00,-1.5404673814720031e+01,-1.3996906971416283e+00,3.7378669453063051e-01,1.0181966650324872e-01,-8.4383738547999954e-03
3.3363810569389402e+03,2,1.0000000000000000e+00,9.5631235040488924e+00,2.6214711877448131e+01,2.6537307299506399e+00,-1.6724699594223749e-01,4.5462175476592981e-02,5.8766704743132073e-03

3.3418986080511954e+03,0,1.0000000000000000e+00,-6.5467667618872110e+00,-1.2096325521102919e+01,-1.2584308035710725e+00,-5.7468718225860013e-02,-3.0170383308531379e-01,-4.3223025712899764e-03
3.3418986080511954e+03,1,1.0000000000000000e+00,-2.0877863081831274e+00,-1.4353055496185606e+01,-1.4260812332612829e+00,2.2677146019232863e-01,2.6211314644847705e-01,-9.5783687623269501e-04
3.3418986080511954e+03,2,1.0000000000000000e+00,8.6345529403939185e+00,2.6449382003044292e+01,2.6845120535149878e+00,-1.6930274199184908e-01,3.9590686824462158e-02,5.2801394486508323e-03

3.3467300807243432e+03,0,1.0000000000000000e+00,-6.3760435236444604e+00,-1.3668953803445248e+01,-1.2933848715552263e+00,1.3139952898708818e-01,-3.3006339216358005e-01,-9.8586153529770307e-03
3.3467300807243432e+03,1,1.0000000000000000e+00,-1.4365710983658673e+00,-1.2959145312413941e+01,-1.4153616706391117e+00,3.9511866229893611e-02,2.9568919590924125e-01,5.1087784826675722e-03
3.3467300807243432e+03,2,1.0000000000000000e+00,7.8126144923597938e+00,2.6628100102980849e+01,2.7087465588881590e+00,-1.7091139522051751e-01,3.4374196636684173e-02,4.7498368749816500e-03

3.3515048441753202e+03,0,1.0000000000000000e+00,-5.3199430243886772e+00,-1.5086017532679218e+01,-1.3486028522664082e+00,3.0278020613460244e-01,-2.4609377389992487e-01,-1.2700562496208680e-02
3.3515048441753202e+03,1,1.0000000000000000e+00,-1.6731375767957539e+00,-1.1693689938626001e+01,-1.3815441090068026e+00,-1.3043804352156885e-01,2.1698329715815418e-01,8.4890801486964297e-03
3.3515048441753202e+03,2,1.0000000000000000e+00,6.9930804711505621e+00,2.6779708460552762e+01,2.7301469780056467e+00,-1.7234216278927114e-01,2.9110477214755959e-02,4.2114823587895318e-03

3.3563251740909955e+03,0,1.0000000000000000e+00,-3.5904912096671517e+00,-1.5888163865242086e+01,-1.4091173488594904e+00,3.9760070688718702e-01,-7.6958405291400467e-02,-1.1738030946235510e-02
3.3563251740909955e+03,1,1.0000000000000000e+00,-2.5686305024197673e+00,-1.1018838763786803e+01,-1.3399904003786935e+00,-2.2394615790383005e-01,5.3267396172615555e-02,8.0844185046273775e-03
3.3563251740909955e+03,2,1.0000000000000000e+00,6.1591215807699626e+00,2.6907003620313198e+01,2.7491077660315422e+00,-1.7365454931369562e-01,2.3691009459162859e-02,3.6536124542299164e-03

3.3611038591951537e+03,0,1.0000000000000000e+00,-1.6875064396030985e+00,-1.5794032300417390e+01,-1.4555680115976963e+00,3.7951828078891225e-01,1.1439131362743835e-01,-7.2043356904427135e-03
3.3611038591951537e+03,1,1.0000000000000000e+00,-3.6389161424739687e+00,-1.1213219540450162e+01,-1.3096625396988033e+00,-2.0469018956265161e-01,-1.3265202403049473e-01,4.1105417037677191e-03
3.3611038591951537e+03,2,1.0000000000000000e+00,5.3264224492341814e+00,2.7007252833285811e+01,2.7652305681381701e+00,-1.7482809149635414e-01,1.8260710550060566e-02,3.0937939935032754e-03

3.3656271921598122e+03,0,1.0000000000000000e+00,-1.9832361271253718e-01,-1.4933349420962195e+01,-1.4745096055748139e+00,2.6566852529513485e-01,2.5507968524949509e-01,-1.0202512178717985e-03
3.3656271921598122e+03,1,1.0000000000000000e+00,-4.3350464796105612e+00,-1.2144842952764833e+01,-1.3035158224960477e+00,-8.9873122157427099e-02,-2.6818352892358510e-01,-1.5432861025004609e-03
3.3656271921598122e+03,2,1.0000000000000000e+00,4.5333699586725178e+00,2.7078193366679933e+01,2.7780254449292792e+00,-1.7579540322107393e-01,1.3103843799644577e-02,2.5635373216198673e-03

3.3701930357097417e+03,0,1.0000000000000000e+00,6.3432846167470824e-01,-1.3601487521726938e+01,-1.4647270123602354e+00,9.3911131579013291e-02,3.1166982162901841e-01,5.1207042570488321e-03
3.3701930357097417e+03,1,1.0000000000000000e+00,-4.3631367380534112e+00,-1.3524612125020880e+01,-1.3237787110988084e+00,8.2689822726365353e-02,-3.1954419377139581e-01,-7.1470854338680622e-03
3.3701930357097417e+03,2,1.0000000000000000e+00,3.7288081426442723e+00,2.7126100640597940e+01,2.7885057403219253e+00,-1.7660095428961067e-01,7.8743724288768413e-03,2.0263811787823455e-03

3.3753571463604103e+03,0,1.0000000000000000e+00,6.0383270538017841e-01,-1.2089373202667552e+01,-1.4251396039053503e+00,-9.8937717338795528e-02,2.5287752899692489e-01,9.6062088525904910e-03
3.3753571463604103e+03,1,1.0000000000000000e+00,-3.4187579234699093e+00,-1.5061966255634164e+01,-1.3722411851564715e+00,2.7623700751529801e-01,-2.5476060920404126e-01,-1.1014471396181965e-02
3.3753571463604103e+03,2,1.0000000000000000e+00,2.8149250842040781e+00,2.7151340454134647e+01,2.7973808059520406e+00,-1.7729929028750030e-01,1.8830806604666914e-03,1.4082625526304956e-03

3.3803606287932498e+03,0,1.0000000000000000e+00,-2.1860371505807907e-01,-1.1186712533255143e+01,-1.3744564658551339e+00,-2.1282825562218535e-01,9.5842423464531978e-02,9.9390312269235434e-03
3.3803606287932498e+03,1,1.0000000000000000e+00,-1.7079154917984887e+00,-1.5959302971742783e+01,-1.4284396375143202e+00,3.9061626894351331e-01,-9.1814760478082569e-02,-1.0733003184325518e-02
3.3803606287932498e+03,2,1.0000000000000000e+00,1.9265190718937306e+00,2.7146016503026413e+01,2.8028961203177896e+00,-1.7778801362719870e-01,-4.0276626038150357e-03,7.9397197032145359e-04

3.3853670131845365e+03,0,1.0000000000000000e+00,-1.3290576171296298e+00,-1.1192183830435198e+01,-1.3324171746408751e+00,-2.0986324466234502e-01,-9.7729848880072412e-02,6.2730468510595466e-03
3.3853670131845365e+03,1,1.0000000000000000e+00,2.9350684407795402e-01,-1.5918702259447041e+01,-1.4728935030520933e+00,3.8798222066661608e-01,1.0774230645318672e-01,-6.4430256070708205e-03
3.3853670131845365e+03,2,1.0000000000000000e+00,1.0355506364417471e+00,2.7110887089295048e+01,2.8053106946977686e+00,-1.7811897631283852e-01,-1.0012457403259015e-02,1.6997876442637159e-04

3.3898001727297651e+03,0,1.0000000000000000e+00,-2.0663534684929044e+00,-1.1957501383335348e+01,-1.3161286684240454e+00,-1.0931261640864949e-01,-2.3811692619082603e-01,8.8193390640527777e-04
3.3898001727297651e+03,1,1.0000000000000000e+00,1.8208249336720588e+00,-1.5097229092654658e+01,-1.4887103892013567e+00,2.8758436099368362e-01,2.5343710137812991e-01,-4.9965666354122047e-04
3.3898001727297651e+03,2,1.0000000000000000e+00,2.4552839718756592e-01,2.7054731475908930e+01,2.8048390746525818e+00,-1.7827174472396831e-01,-1.5320175096843695e-02,-3.8227724089346694e-04

3.3942200628224132e+03,0,1.0000000000000000e+00,-2.2081341213441807e+00,-1.3187152406183376e+01,-1.3248854096474987e+00,5.1538405229116013e-02,-3.0329141750303062e-01,-4.7287329725358984e-03
3.3942200628224132e+03,1,1.0000000000000000e+00,2.7505932007751350e+00,-1.3788191220795468e+01,-1.4770519697603091e+00,1.2672500847096146e-01,3.2389305889393188e-01,5.6593442876377385e-03
3.3942200628224132e+03,2,1.0000000000000000e+00,-5.4245921730904167e-01,2.6975344627490390e+01,2.8019373964374910e+00,-1.7826341369315518e-01,-2.0601641185784846e-02,-9.3061131475923086e-04

3.3993236519839306e+03,0,1.0000000000000000e+00,-1.4313601754028611e+00,-1.4678634685585461e+01,-1.3617755035573302e+00,2.4858863780256510e-01,-2.5983071357216925e-01,-9.1852287605275404e-03
3.3993236519839306e+03,1,1.0000000000000000e+00,2.8831026390146386e+00,-1.2175975620360948e+01,-1.4337911040499107e+00,-7.0562509649297861e-02,2.8655032133712399e-01,1.0752673381832747e-02
3.3993236519839306e+03,2,1.0000000000000000e+00,-1.4517426014873474e+00,2.6854611308057674e+01,2.7955666246514554e+00,-1.7802612820338568e-01,-2.6719607355395414e-02,-1.5674446149699633e-03

3.4043837954544360e+03,0,1.0000000000000000e+00,2.0263789749256289e-01,-1.5642893118988377e+01,-1.4113173017633205e+00,3.8109576372454701e-01,-1.0688510235847598e-01,-9.6536506389322523e-03
3.4043837954544360e+03,1,1.0000000000000000e+00,2.1488470713481043e+00,-1.1061022065934790e+01,-1.3746956446471887e+00,-2.0353856695708106e-01,1.3974116567066047e-01,1.1864540566328187e-02
3.4043837954544360e+03,2,1.0000000000000000e+00,-2.3514851075012384e+00,2.6703916189238793e+01,2.7860129635046320e+00,-1.7755719702984554e-01,-3.2856062896754579e-02,-2.2108899149303179e-03

3.4092515156898207e+03,0,1.0000000000000000e+00,2.1488467357436036e+00,-1.5692538904462824e+01,-1.4509649950651957e+00,3.9844944602521687e-01,8.8325560436646744e-02,-6.0293583600755860e-03
3.4092515156898207e+03,1,1.0000000000000000e+00,1.0654546744915425e+00,-1.0836930250816430e+01,-1.3227570850846762e+00,-2.2152896432223373e-01,-4.9499789785375115e-02,8.8693789190022396e-03
3.4092515156898207e+03,2,1.0000000000000000e+00,-3.2143015504558594e+00,2.6529470161174402e+01,2.7737220973032057e+00,-1.7692048204192995e-01,-3.8825770434074675e-02,-2.8400205485405710e-03

3.4136251197505130e+03,0,1.0000000000000000e+00,3.7400020981043007e+00,-1.4949662158376842e+01,-1.4654722448998649e+00,3.1491355244795560e-01,2.4353184022693841e-01,-3.5428669966658215e-04
3.4136251197505130e+03,1,1.0000000000000000e+00,2.4657218787259350e-01,-1.1398242064012287e+01,-1.2945901389379864e+00,-1.3870483708497994e-01,-1.9933296234340275e-01,3.7601095635902450e-03
3.4136251197505130e+03,2,1.0000000000000000e+00,-3.9865744274478478e+00,2.6347905228872364e+01,2.7600624010222465e+00,-1.7620871557070988e-01,-4.4198877807339915e-02,-3.4058228602951764e-03

3.4194552627275029e+03,0,1.0000000000000000e+00,5.0002960638838712e+00,-1.3170583676935966e+01,-1.4431552849079645e+00,1.0590005342153547e-01,3.4081017786485263e-01,7.8257103030326385e-03
3.4194552627275029e+03,1,1.0000000000000000e+00,1.0293755571067820e-02,-1.2898872744480556e+01,-1.2948703425424470e+00,6.9124541727609790e-02,-2.8950084219365807e-01,-3.6734142309139822e-03
3.4194552627275029e+03,2,1.0000000000000000e+00,-5.0105899614268345e+00,2.6069457428487276e+01,2.7380256446387534e+00,-1.7502459513983748e-01,-5.1309335491385055e-02,-4.1522960724742763e-03

3.4243812470683893e+03,0,1.0000000000000000e+00,5.0460488935610872e+00,-1.1557362436070289e+01,-1.3917074362042303e+00,-8.2177405828398775e-02,2.9471085144968945e-01,1.2531720579526508e-02
3.4243812470683893e+03,1,1.0000000000000000e+00,8.2371851166027010e-01,-1.4244633753773380e+01,-1.3243178840162904e+00,2.5594587180354267e-01,-2.3742963835500897e-01,-7.7511818588001605e-03
3.4243812470683893e+03,2,1.0000000000000000e+00,-5.8697675471488200e+00,2.5801997198324106e+01,2.7160253374183485e+00,-1.7376846600850659e-01,-5.7281212711108281e-02,-4.7805387155009111e-03

3.4292619719096542e+03,0,1.0000000000000000e+00,4.3054254568123422e+00,-1.0439388281152503e+01,-1.3265792849399443e+00,-2.0617099338892414e-01,1.5071634022744820e-01,1.3472694652552766e-02
3.4292619719096542e+03,1,1.0000000000000000e+00,2.4089178582966406e+00,-1.5068562388066582e+01,-1.3645818765852176e+00,3.7844944798896479e-01,-8.7498054065797720e-02,-8.0629370316340591e-03
3.4292619719096542e+03,2,1.0000000000000000e+00,-6.7143434576798029e+00,2.5507951679749944e+01,2.6911611787661638e+00,-1.7227845483705576e-01,-6.3218285747396075e-02,-5.4097576091572059e-03

3.4341362268525859e+03,0,1.0000000000000000e+00,3.2121200988523242e+00,-1.0158753985844690e+01,-1.2667758325072311e+00,-2.2268114071552092e-01,-3.7200543534915476e-02,1.0466453811445172e-02
3.4341362268525859e+03,1,1.0000000000000000e+00,4.3378790098999609e+00,-1.5026517359825664e+01,-1.3964677437033397e+00,3.9325583120369978e-01,1.0638872303905200e-01,-4.4202416758570198e-03
3.4341362268525859e+03,2,1.0000000000000000e+00,-7.5499992528206494e+00,2.5185272357824367e+01,2.6632435935103893e+00,-1.7057469082891585e-01,-6.9188179274557449e-02,-6.0462121247488359e-03

3.4386002867135653e+03,0,1.0000000000000000e+00,2.3755417240489169e+00,-1.0679619657213998e+01,-1.2311203957543015e+00,-1.3753625681258097e-01,-1.8801627370033325e-01,5.2475991291123835e-03
3.4386002867135653e+03,1,1.0000000000000000e+00,5.9321303593015688e+00,-1.4184577898803987e+01,-1.4038300294655093e+00,3.0639229358763959e-01,2.6267146403030223e-01,1.3813641927060095e-03
3.4386002867135653e+03,2,1.0000000000000000e+00,-8.3076722287521001e+00,2.4864198568786172e+01,2.6349504425538566e+00,-1.6885603700215984e-01,-7.4655190263315754e-02,-6.6289633177308233e-03

3.4429866277140195e+03,0,1.0000000000000000e+00,2.0869140485596684e+00,-1.1711234940825442e+01,-1.2208146787818963e+00,1.3675568387068765e-02,-2.6822696225214826e-01,-4.9519314468107062e-04
3.4429866277140195e+03,1,1.0000000000000000e+00,6.9574511130796077e+00,-1.2813807617170472e+01,-1.3838159826995460e+00,1.5334580518272536e-01,3.4820131603901316e-01,7.6893337860780495e-03
3.4429866277140195e+03,2,1.0000000000000000e+00,-9.0443653076096222e+00,2.4525043571029912e+01,2.6046306788204476e+00,-1.6702137360684580e-01,-7.9974353697099487e-02,-7.1941406423386206e-03

3.4483346841473094e+03,0,1.0000000000000000e+00,2.7226979583996052e+00,-1.3135096436673315e+01,-1.2388681280505374e+00,2.2139000111071563e-01,-2.4055420394285482e-01,-5.7143477342888240e-03
3.4483346841473094e+03,1,1.0000000000000000e+00,7.2084211049082292e+00,-1.0945114138381834e+01,-1.3254693812117215e+00,-5.6842095011309851e-02,3.2691640613014544e-01,1.3587252395052618e-02
3.4483346841473094e+03,2,1.0000000000000000e+00,-9.9311192091993448e+00,2.4080211589127387e+01,2.5643375265999788e+00,-1.6454790608305317e-01,-8.6362201876214406e-02,-7.8729046585764833e-03

3.4533097047467118e+03,0,1.0000000000000000e+00,4.2085913800366157e+00,-1.4021610986853386e+01,-1.2717719637220457e+00,3.6154211822847815e-01,-1.0083437393608843e-01,-6.8025359298740790e-03
3.4533097047467118e+03,1,1.0000000000000000e+00,6.5348622414311848e+00,-9.6142981364914597e+00,-1.2518325832962220e+00,-1.9957054338777025e-01,1.9308099715255164e-01,1.5305153366017846e-02
3.4533097047467118e+03,2,1.0000000000000000e+00,-1.0743453767681221e+01,2.3635910139333479e+01,2.5236045643864777e+00,-1.6197157500962614e-01,-9.2246622796366001e-02,-8.5026174262186303e-03

3.4582786252327760e+03,0,1.0000000000000000e+00,6.1358895962846143e+00,-1.4042339250603604e+01,-1.2993744368744884e+00,3.9356329560770059e-01,9.6066306540975116e-02,-3.6395219333023774e-03
3.4582786252327760e+03,1,1.0000000000000000e+00,5.4054441459297040e+00,-9.1206177640823984e+00,-1.1804092062284888e+00,-2.3442711742196815e-01,2.0518837176964067e-03,1.2775588820469580e-02
3.4582786252327760e+03,2,1.0000000000000000e+00,-1.1541333889749303e+01,2.3162958032495411e+01,2.4797836605291081e+00,-1.5913617851934292e-01,-9.8118189981762305e-02,-9.1360668753929179e-03

3.4628663304723441e+03,0,1.0000000000000000e+00,7.7975424295913189e+00,-1.3199955786948241e+01,-1.3035361402818846e+00,3.1462631005529845e-01,2.6348243090661250e-01,2.1446397757991218e-03
3.4628663304723441e+03,1,1.0000000000000000e+00,4.4674763001978892e+00,-9.5004433743262382e+00,-1.1329909908820346e+00,-1.5830091961904841e-01,-1.5995543938377799e-01,7.5760728937075712e-03
3.4628663304723441e+03,2,1.0000000000000000e+00,-1.2265018878792228e+01,2.2700400179870108e+01,2.4365271486321105e+00,-1.5632539070502902e-01,-1.0352699144505531e-01,-9.7207126638013935e-03

3.4673437414851464e+03,0,1.0000000000000000e+00,8.8846399949044077e+00,-1.1773852556185167e+01,-1.2793083430080925e+00,1.6214815158669960e-01,3.5904120097635672e-01,8.6494457888872146e-03
3.4673437414851464e+03,1,1.0000000000000000e+00,4.0738893594609191e+00,-1.0451306190288966e+01,-1.1124329636781207e+00,-8.7158884574658479e-03,-2.5030022004955987e-01,1.6330412447563922e-03
3.4673437414851464e+03,2,1.0000000000000000e+00,-1.2958529504136989e+01,2.2225159765263463e+01,2.3917413241639185e+00,-1.5343226319893893e-01,-1.0874098088054213e-01,-1.0282487034460648e-02

3.4725806805288717e+03,0,1.0000000000000000e+00,9.1874220921258782e+00,-9.8606013053929864e+00,-1.2168747436660574e+00,-4.4957000572381806e-02,3.4885391362346874e-01,1.4702160778705106e-02
3.4725806805288717e+03,1,1.0000000000000000e+00,4.5653341547169308e+00,-1.1779416871922392e+01,-1.1193323698918047e+00,1.9480096742408762e-01,-2.3415562319286143e-01,-3.7787152039921654e-03
3.4725806805288717e+03,2,1.0000000000000000e+00,-1.3752756396569685e+01,2.1640019196796260e+01,2.3362071310285639e+00,-1.4984396680888470e-01,-1.1469829018780571e-01,-1.0923445574754664e-02

3.4774809745185407e+03,0,1.0000000000000000e+00,8.5709606466202040e+00,-8.4117051735061423e+00,-1.1378941919390360e+00,-1.9382656344369009e-01,2.2735195558078475e-01,1.6862431417350277e-02
3.4774809745185407e+03,1,1.0000000000000000e+00,5.9073429786629834e+00,-1.2652882278327812e+01,-1.1433388580120449e+00,3.4006215788221283e-01,-1.0721221310714796e-01,-5.3497637458243714e-03
3.4774809745185407e+03,2,1.0000000000000000e+00,-1.4478303775068870e+01,2.1064588472967227e+01,2.2812330674391710e+00,-1.4623559453798352e-01,-1.2013974207134519e-01,-1.1512667664025922e-02

3.4822048991206534e+03,0,1.0000000000000000e+00,7.4939432112625486e+00,-7.7434569250628229e+00,-1.0610296402258732e+00,-2.4430563885202763e-01,5.0700697537389983e-02,1.5063086796664373e-02
3.4822048991206534e+03,1,1.0000000000000000e+00,7.6664405420265727e+00,-1.2741364572213008e+01,-1.1644822447500063e+00,3.8680530842977656e-01,7.4610654041064317e-02,-2.9847917792776568e-03
3.4822048991206534e+03,2,1.0000000000000000e+00,-1.5160383904036690e+01,2.0484822520234950e+01,2.2255119025125292e+00,-1.4249966987181639e-01,-1.2531135124703574e-01,-1.2078295005543336e-02

3.4868617700098403e+03,0,1.0000000000000000e+00,6.4492289897905888e+00,-7.9190512958265984e+00,-1.0012489054751867e+00,-1.8718260484789939e-01,-1.2030727171375327e-01,1.0220235682903919e-02
3.4868617700098403e+03,1,1.0000000000000000e+00,9.3657378476514204e+00,-1.1970426941270482e+01,-1.1667206862242718e+00,3.2577586816301329e-01,2.5067135675069629e-01,2.4134947426742923e-03
3.4868617700098403e+03,2,1.0000000000000000e+00,-1.5814966989684260e+01,1.9889479261118144e+01,2.1679696092851271e+00,-1.3859326362252763e-01,-1.3036408491613111e-01,-1.2633730417651156e-02

3.4915021804831081e+03,0,1.0000000000000000e+00,5.8878797732071888e+00,-8.7623673140629386e+00,-9.6801584309659194e-01,-4.3740737030680876e-02,-2.2879879948547721e-01,4.0579448988504463e-03
3.4915021804831081e+03,1,1.0000000000000000e+00,1.0560847437228578e+01,-1.0510621332163648e+01,-1.1400606303443599e+00,1.7827111336618440e-01,3.6412164364361144e-01,9.1196801209468010e-03
3.4915021804831081e+03,2,1.0000000000000000e+00,-1.6448727363721098e+01,1.9272989670481135e+01,2.1080764910453054e+00,-1.3453037645801752e-01,-1.3532284414286505e-01,-1.3177625019528773e-02

3.4959994476210950e+03,0,1.0000000000000000e+00,6.0825799368970941e+00,-9.8525631696683789e+00,-9.6211909542795038e-01,1.3157581517480343e-01,-2.3909591449679174e-01,-1.1450609053722180e-03
3.4959994476210950e+03,1,1.0000000000000000e+00,1.0962052620247533e+01,-8.8012745103812424e+00,-1.0855385441895025e+00,-1.1219665850837890e-03,3.7909251966787133e-01,1.4833653208632780e-02
3.4959994476210950e+03,2,1.0000000000000000e+00,-1.7044632710555380e+01,1.8653838704559892e+01,2.0476576572141818e+00,-1.3045384854533537e-01,-1.3999660504105316e-01,-1.3688592305611261e-02

3.5008751382998994e+03,0,1.0000000000000000e+00,7.1498170995606358e+00,-1.0820355641263387e+01,-9.7599800863659314e-01,2.9632463403703257e-01,-1.4062584022774355e-01,-3.9244783270573538e-03
3.5008751382998994e+03,1,1.0000000000000000e+00,1.0519735681152540e+01,-7.1389222739974638e+00,-1.0036055707565688e+00,-1.7047368680735481e-01,2.8550437308670779e-01,1.8148810597492397e-02
3.5008751382998994e+03,2,1.0000000000000000e+00,-1.7669552933905322e+01,1.7959278940945836e+01,1.9796035969894101e+00,-1.2585094722836887e-01,-1.4487853251566080e-01,-1.4224332267144028e-02

3.5054872416533026e+03,0,1.0000000000000000e+00,8.7317474755194748e+00,-1.1102022255307237e+01,-9.9298938155021421e-01,3.7355997879791225e-01,2.6287287712977225e-02,-2.8197215903109987e-03
3.5054872416533026e+03,1,1.0000000000000000e+00,9.5077747430540676e+00,-6.1787263302884980e+00,-9.1986525871072811e-01,-2.5228804322467491e-01,1.2305084260102556e-01,1.7539138153620907e-02
3.5054872416533026e+03,2,1.0000000000000000e+00,-1.8239522372210835e+01,1.7280749613051196e+01,1.9128546578896941e+00,-1.2127193577564743e-01,-1.4933812992931811e-01,-1.4719416553068628e-02

3.5100099551485146e+03,0,1.0000000000000000e+00,1.0402285721813472e+01,-1.0570628666398372e+01,-9.9688381419312511e-01,3.4796594675602655e-01,2.0644897934960865e-01,1.5596851491205569e-03
3.5100099551485146e+03,1,1.0000000000000000e+00,8.3751240700344329e+00,-6.0250256838254570e+00,-8.4831434631700131e-01,-2.3141365242760747e-01,-5.2844921229507458e-02,1.3638305728159064e-02
3.5100099551485146e+03,2,1.0000000000000000e+00,-1.8777409946746175e+01,1.6595655379095746e+01,1.8451981781890592e+00,-1.1655229465193796e-01,-1.5360405790253831e-01,-1.5197990866763274e-02

3.5148573235083995e+03,0,1.0000000000000000e+00,1.1809281109173746e+01,-9.1851477714679728e+00,-9.7329040133446421e-01,2.1768727209009292e-01,3.5185239265810064e-01,8.3535945297884447e-03
3.5148573235083995e+03,1,1.0000000000000000e+00,7.5204028914441743e+00,-6.6550500839951052e+00,-7.9701374556463245e-01,-1.0640456033425960e-01,-1.9377850089430304e-01,7.3468776778935607e-03
3.5148573235083995e+03,2,1.0000000000000000e+00,-1.9329684156905138e+01,1.5840198884861865e+01,1.7703041646130724e+00,-1.1128271196595231e-01,-1.5807389174192243e-01,-1.5700472204475374e-02

3.5195054631265857e+03,0,1.0000000000000000e+00,1.2409774939054289e+01,-7.4037127292538925e+00,-9.1921272498624407e-01,3.6515727225642780e-02,3.9690111587882360e-01,1.4693328293458551e-02
3.5195054631265857e+03,1,1.0000000000000000e+00,7.4251359467900189e+00,-7.6920357432348601e+00,-7.7702687633419454e-01,6.9570764256081885e-02,-2.3468218957280385e-01,1.4711617077334989e-03
3.5195054631265857e+03,2,1.0000000000000000e+00,-1.9834911042597419e+01,1.5095749501942930e+01,1.6962396190331399e+00,-1.0608649147741500e-01,-1.6221892626269058e-01,-1.6164490003958348e-02

3.5240393957275933e+03,0,1.0000000000000000e+00,1.2174892781806227e+01,-5.7006349619983236e+00,-8.4238652485053456e-01,-1.3425318107310585e-01,3.3825960211759570e-01,1.8710228341811332e-02
3.5240393957275933e+03,1,1.0000000000000000e+00,8.1293019808987879e+00,-8.6508146120017813e+00,-7.7957873776353548e-01,2.3515564134210643e-01,-1.7219011981061999e-01,-2.1145068115067701e-03
3.5240393957275933e+03,2,1.0000000000000000e+00,-2.0304194919200917e+01,1.4351450604062407e+01,1.6219652803153752e+00,-1.0090246019725402e-01,-1.6606948206945310e-01,-1.6595721531196719e-02

3.5284526981901945e+03,0,1.0000000000000000e+00,1.1312606807474637e+01,-4.4842297611085478e+00,-7.5697188891713263e-01,-2.4382422551259209e-01,2.0308967793607094e-01,1.9430228886318922e-02
3.5284526981901945e+03,1,1.0000000000000000e+00,9.4255120184537216e+00,-9.1264165847825804e+00,-7.9086046935084364e-01,3.3953774677130688e-01,-3.3478775771975694e-02,-2.4334750486845330e-03
3.5284526981901945e+03,2,1.0000000000000000e+00,-2.0738118982357001e+01,1.3610647377376058e+01,1.5478323759802934e+00,-9.5713521326431683e-02,-1.6961090178247282e-01,-1.6996753831470035e-02

3.5338136911314150e+03,0,1.0000000000000000e+00,9.9049143711816718e+00,-3.9482454846125830e+00,-6.6023424342226655e-01,-2.5766133794087959e-01,-4.3868217132557175e-03,1.5932801353956923e-02
3.5338136911314150e+03,1,1.0000000000000000e+00,1.1328883440684734e+01,-8.7421337083457864e+00,-7.9521562101824783e-01,3.4681873405551872e-01,1.7805614079523358e-01,1.5320606333339495e-03
3.5338136911314150e+03,2,1.0000000000000000e+00,-2.1233797969300895e+01,1.2690380226375554e+01,1.4554498822029200e+00,-8.9157396401285796e-02,-1.7366931879285055e-01,-1.7464861976385859e-02

3.5387250621499006e+03,0,1.0000000000000000e+00,8.8577731567466031e+00,-4.3850312227976076e+00,-5.9626075464296813e-01,-1.5203944637386096e-01,-1.6218863215850823e-01,9.8392472031433864e-03
3.5387250621499006e+03,1,1.0000000000000000e+00,1.2798637190165913e+01,-7.4436507685484461e+00,-7.7239331456534632e-01,2.3494238476532608e-01,3.3939125777833445e-01,8.0378081886649140e-03
3.5387250621499006e+03,2,1.0000000000000000e+00,-2.1656410505811916e+01,1.1828683025622407e+01,1.3686540870149511e+00,-8.2902938654944081e-02,-1.7720262555592445e-01,-1.7877055386025239e-02

3.5435455919893438e+03,0,1.0000000000000000e+00,8.5307037556211007e+00,-5.3655746973934999e+00,-5.6452528154463266e-01,2.3182788953395553e-02,-2.2627850582935954e-01,3.4760469153379339e-03
3.5435455919893438e+03,1,1.0000000000000000e+00,1.3510202610417419e+01,-5.6008681354260235e+00,-7.1701632912256585e-01,5.3419133465451588e-02,4.0678104413332611e-01,1.4785229659260837e-02
3.5435455919893438e+03,2,1.0000000000000000e+00,-2.2040906525714195e+01,1.0966443867139679e+01,1.2815416284817911e+00,-7.6601922464520036e-02,-1.8050253830665536e-01,-1.8261276576617587e-02

3.5482873099977710e+03,0,1.0000000000000000e+00,9.0744520408991569e+00,-6.3658976223811514e+00,-5.5937943695883718e-01,2.0141277085246001e-01,-1.7733100052628148e-01,-8.1450428935574484e-04
3.5482873099977710e+03,1,1.0000000000000000e+00,1.3314803286051113e+01,-3.7373702397674897e+00,-6.3472611800343370e-01,-1.3109736318804083e-01,3.6086412048856087e-01,1.9428209716452406e-02
3.5482873099977710e+03,2,1.0000000000000000e+00,-2.2389255486425725e+01,1.0103268896787846e+01,1.1941055727614094e+00,-7.0315407568630417e-02,-1.8353311979717954e-01,-1.8613705430025735e-02

3.5527833801393772e+03,0,1.0000000000000000e+00,1.0268829154906165e+01,-6.8870500530938958e+00,-5.6620241993085330e-01,3.1724842776757989e-01,-4.3186921438585574e-02,-1.6300399196034661e-03
3.5527833801393772e+03,1,1.0000000000000000e+00,1.2423026436318054e+01,-2.3850438393492368e+00,-5.4351012056508963e-01,-2.5297358094339695e-01,2.2934456869604744e-01,2.0553262190783447e-02
3.5527833801393772e+03,2,1.0000000000000000e+00,-2.2691855750393422e+01,9.2720949282839040e+00,1.1097125582946528e+00,-6.4274846819357384e-02,-1.8615764690511649e-01,-1.8923222267716391e-02

3.5582362870294833e+03,0,1.0000000000000000e+00,1.2115557787097927e+01,-6.5425840589662982e+00,-5.6729650957954592e-01,3.3531434285591355e-01,1.7203324138421242e-01,2.0097741765312885e-03
3.5582362870294833e+03,1,1.0000000000000000e+00,1.0906437394857132e+01,-1.7064889410079358e+00,-4.3827132300220611e-01,-2.7854063273167362e-01,1.6970979490507049e-02,1.7259955215334202e-02
3.5582362870294833e+03,2,1.0000000000000000e+00,-2.3021995341784741e+01,8.2490740378186125e+00,1.0055678504214434e+00,-5.6773710364993679e-02,-1.8900422054913232e-01,-1.9269729381601125e-02

3.5631361953386040e+03,0,1.0000000000000000e+00,1.3542223678717418e+01,-5.2670283065384407e+00,-5.4265034899623743e-01,2.2976956713003238e-01,3.3788617930449039e-01,8.3538300332423633e-03
3.5631361953386040e+03,1,1.0000000000000000e+00,9.7410051016913819e+00,-2.0502445482236955e+00,-3.6778525321295341e-01,-1.7994841759048696e-01,-1.4659473521352034e-01,1.1202779009499985e-02
3.5631361953386040e+03,2,1.0000000000000000e+00,-2.3283228941626458e+01,7.3172738936752850e+00,9.1043562009511858e-01,-4.9821149818620764e-02,-1.9129144398939352e-01,-1.9556609035698766e-02

3.5680200552023302e+03,0,1.0000000000000000e+00,1.4239172760823163e+01,-3.3888605236196292e+00,-4.8481355001854365e-01,4.7990143858913870e-02,4.1253703530857005e-01,1.5196518593115434e-02
3.5680200552023302e+03,1,1.0000000000000000e+00,9.2701084030344560e+00,-2.9890445502838645e+00,-3.2946156418820871e-01,-5.2591429747800289e-03,-2.1918130905741023e-01,4.6213311957335190e-03
3.5680200552023302e+03,2,1.0000000000000000e+00,-2.3509281326010068e+01,6.3779061129217460e+00,8.1427513210677926e-01,-4.2731000963296933e-02,-1.9335572626989206e-01,-1.9817849790069453e-02

3.5727644982430243e+03,0,1.0000000000000000e+00,1.4015771149673640e+01,-1.4834764044120452e+00,-4.0031866726942100e-01,-1.3790855865662568e-01,3.7223363499330764e-01,1.9938924761013214e-02
3.5727644982430243e+03,1,1.0000000000000000e+00,9.6797633598317834e+00,-3.9727380955925962e+00,-3.1938321675168735e-01,1.7368783668767182e-01,-1.7709552410660756e-01,1.0543622140704589e-04
3.5727644982430243e+03,2,1.0000000000000000e+00,-2.3695534671537033e+01,5.4562155391577249e+00,7.1970190190502226e-01,-3.5779277927671826e-02,-1.9513811077583734e-01,-2.0044360986512268e-02

3.5772127512887328e+03,0,1.0000000000000000e+00,1.3098043541169623e+01,-8.1170729558317278e-02,-3.0749388132411015e-01,-2.6285670400246497e-01,2.4688783048453564e-01,2.1223228986646452e-02
3.5772127512887328e+03,1,1.0000000000000000e+00,1.0742125294150684e+01,-4.5037604175251218e+00,-3.2262223300849685e-01,2.9210461473040938e-01,-5.0328516609616042e-02,-9.9277564395834628e-04
3.5772127512887328e+03,2,1.0000000000000000e+00,-2.3840168996891492e+01,4.5849321871970581e+00,6.3011613220741580e-01,-2.9247910662330234e-02,-1.9655931356127881e-01,-2.0230453341710565e-02

3.5823278628973462e+03,0,1.0000000000000000e+00,1.1603727028975932e+01,6.8741289064395783e-01,-2.0407756139070610e-01,-3.0020543610453554e-01,4.9996107758870117e-02,1.8508939933912991e-02
3.5823278628973462e+03,1,1.0000000000000000e+00,1.2366749088462857e+01,-4.2634614367849792e+00,-3.2207597195567372e-01,3.2189198425881105e-01,1.4785358885941349e-01,1.9043323017008534e-03
3.5823278628973462e+03,2,1.0000000000000000e+00,-2.3970476279231711e+01,3.5760495881089316e+00,5.2615355124751306e-01,-2.1686548317118137e-02,-1.9784969625568147e-01,-2.0413272226940463e-02

3.5871369667422973e+03,0,1.0000000000000000e+00,1.0309158705388313e+01,5.0058636200200590e-01,-1.2783721349040389e-01,-2.2091043078792080e-01,-1.1937008815472225e-01,1.2841729276141710e-02
3.5871369667422973e+03,1,1.0000000000000000e+00,1.3748288836591891e+01,-3.1229043846839164e+00,-2.9979325379479721e-01,2.3537027055723161e-01,3.1810662136131274e-01,7.7138005033763508e-03
3.5871369667422973e+03,2,1.0000000000000000e+00,-2.4057447704931690e+01,2.6223190660012148e+00,4.2763048523146063e-01,-1.4459840050258098e-02,-1.9873653303162525e-01,-2.0555529771022270e-02

3.5920197630297239e+03,0,1.0000000000000000e+00,9.6089487856563061e+00,-3.5058854216763158e-01,-8.1707504344481485e-02,-5.6139609065430356e-02,-2.1178398409892063e-01,6.0971237063755200e-03
3.5920197630297239e+03,1,1.0000000000000000e+00,1.4500911416735075e+01,-1.2997103716372373e+00,-2.4526165474277348e-01,6.3129784569481928e-02,4.1114566683565590e-01,1.4573349406563353e-02
3.5920197630297239e+03,2,1.0000000000000000e+00,-2.4109860366472741e+01,1.6502999574594612e+00,3.2696917705777062e-01,-6.9901756470978002e-03,-1.9936168274757843e-01,-2.0670473112115600e-02

3.5968888800674604e+03,0,1.0000000000000000e+00,9.7971447900647775e+00,-1.3741702265615385e+00,-6.5782138123289813e-02,1.3113328102162708e-01,-1.8872600925021338e-01,8.9535221832177589e-04
3.5968888800674604e+03,1,1.0000000000000000e+00,1.4328477046261128e+01,6.9560899655186570e-01,-1.6032216351000084e-01,-1.3164990709914764e-01,3.8846664499650635e-01,1.9859574264699306e-02
3.5968888800674604e+03,2,1.0000000000000000e+00,-2.4125622000519684e+01,6.7856227363730581e-01,2.2610431959119526e-01,5.1662616267904304e-04,-1.9974063570101025e-01,-2.0754926487790613e-02

3.6010977087261413e+03,0,1.0000000000000000e+00,1.0632125094598841e+01,-1.9663371617406169e+00,-6.6684951973467799e-02,2.5602069743906264e-01,-8.1191526889716453e-02,-8.1732612161440621e-04
3.6010977087261413e+03,1,1.0000000000000000e+00,1.3477709650826359e+01,2.1287641468560299e+00,-7.1955313208753480e-02,-2.6299782849213327e-01,2.8104491727028735e-01,2.1620780879565413e-02
3.6010977087261413e+03,2,1.0000000000000000e+00,-2.4109834909094964e+01,-1.6242594089849249e-01,1.3864028312299420e-01,6.9771311817425448e-03,-1.9985339013880260e-01,-2.0803454760154414e-02

3.6067918041078960e+03,0,1.0000000000000000e+00,1.2307363116568670e+01,-1.8289335860556302e+00,-6.6522205982973051e-02,3.0610993254859681e-01,1.3596117303481645e-01,1.7815302110466662e-03
3.6067918041078960e+03,1,1.0000000000000000e+00,1.1738030289779999e+01,3.1289072632303734e+00,4.6441445593890532e-02,-3.2175827907527893e-01,6.3659078418738108e-02,1.9050791526016617e-02
3.6067918041078960e+03,2,1.0000000000000000e+00,-2.4045393569820860e+01,-1.2999726310390205e+00,2.0080778343544853e-02,1.5648346433959515e-02,-1.9962025107500905e-01,-2.0832321730127619e-02

3.6117078896528619e+03,0,1.0000000000000000e+00,1.3651684406956310e+01,-7.0553527318580178e-01,-4.4430308768591359e-02,2.2235605789918800e-01,3.1266775297108684e-01,7.5913680098287431e-03
3.6117078896528619e+03,1,1.0000000000000000e+00,1.0298393588334788e+01,2.9855516478523754e+00,1.2675028104952127e-01,-2.4549200065286197e-01,-1.1363910872427074e-01,1.3230049701288840e-02
3.6117078896528619e+03,2,1.0000000000000000e+00,-2.3950078159711026e+01,-2.2800153269707826e+00,-8.2319954283965574e-02,2.3135942493667461e-02,-1.9902864402537043e-01,-2.0821417702406038e-02

3.6165540034737173e+03,0,1.0000000000000000e+00,1.4343648799010314e+01,1.0834486366208220e+00,8.8706015583017161e-03,5.3290613067547954e-02,4.0850820572665320e-01,1.4367574960271157e-02
3.6165540034737173e+03,1,1.0000000000000000e+00,9.4763065110672144e+00,2.1589989805343919e+00,1.7425751623810004e-01,-8.3866848891960610e-02,-2.1038895983592204e-01,6.4090784946060318e-03
3.6165540034737173e+03,2,1.0000000000000000e+00,-2.3819955475647035e+01,-3.2424465689385125e+00,-1.8312809977136013e-01,3.0576235653764328e-02,-1.9811924587982138e-01,-2.0776653452933534e-02

3.6214049379291127e+03,0,1.0000000000000000e+00,1.4126696947160987e+01,3.0697218109177369e+00,9.2504233298180388e-02,-1.4087843913394707e-01,3.9064075085770184e-01,1.9671919866908440e-02
3.6214049379291127e+03,1,1.0000000000000000e+00,9.5267966930269132e+00,1.1310297257812265e+00,1.9123472519746293e-01,1.0282677794712855e-01,-1.9370032047201063e-01,1.0272500174687733e-03
3.6214049379291127e+03,2,1.0000000000000000e+00,-2.3653493806014648e+01,-4.2007504885357605e+00,-2.8373894047988224e-01,3.8051661251144786e-02,-1.9694043037210476e-01,-2.0699169889215163e-02

3.6254982096106382e+03,0,1.0000000000000000e+00,1.3264272085195710e+01,4.4873541482112582e+00,1.7776356199906684e-01,-2.7184177267105697e-01,2.9093785732649824e-01,2.1510212069146883e-02
3.6254982096106382e+03,1,1.0000000000000000e+00,1.0220633757303510e+01,5.1716300245933411e-01,1.9052869543513354e-01,2.2753392835621628e-01,-9.5182941958274037e-02,-8.9940082311604566e-04
3.6254982096106382e+03,2,1.0000000000000000e+00,-2.3484906007812206e+01,-5.0045161021231070e+00,-3.6829223943900002e-01,4.4307844471362823e-02,-1.9575491517938645e-01,-2.0610811250070395e-02

3.6310420590920103e+03,0,1.0000000000000000e+00,1.1499131375012764e+01,5.5455393283810883e+00,2.9338863039763396e-01,-3.4072926706449386e-01,8.3271770284696844e-02,1.9328733972876273e-02
3.6310420590920103e+03,1,1.0000000000000000e+00,1.1716997244469624e+01,5.3906950853784696e-01,1.8876451199634336e-01,2.8810471578499147e-01,1.1056073802674288e-01,1.1307494094938697e-03
3.6310420590920103e+03,2,1.0000000000000000e+00,-2.3216128784256760e+01,-6.0846077866844412e+00,-4.8215312439891833e-01,5.2624551272088094e-02,-1.9383250793069090e-01,-2.0459483377848274e-02

3.6359342815504583e+03,0,1.0000000000000000e+00,9.9393002213420694e+00,5.4930333667008142e+00,3.7533356106898375e-01,-2.7839836422813480e-01,-9.8028936520014431e-02,1.3744801915358075e-02
3.6359342815504583e+03,1,1.0000000000000000e+00,1.3001708710589703e+01,1.5349639632451817e+00,2.0651808587987464e-01,2.1856493133972033e-01,2.8980564735318948e-01,6.5480780630894787e-03
3.6359342815504583e+03,2,1.0000000000000000e+00,-2.2941009097296689e+01,-7.0279962779706651e+00,-5.8185162891811448e-01,5.9833432673130155e-02,-1.9177671054463485e-01,-2.0292879969777182e-02

3.6407602601175668e+03,0,1.0000000000000000e+00,8.9359736809929231e+00,4.7166715053808481e+00,4.2510915252925308e-01,-1.2619547815171478e-01,-2.0789482440979956e-01,6.8548077767595153e-03
3.6407602601175668e+03,1,1.0000000000000000e+00,1.3699231472498973e+01,3.2312438468865015e+00,2.5420934302557668e-01,5.9300009425021449e-02,3.9729933653188154e-01,1.3238899339929487e-02
3.6407602601175668e+03,2,1.0000000000000000e+00,-2.2635205319983193e+01,-7.9479142994463476e+00,-6.7931847749079355e-01,6.6895468521398313e-02,-1.8940451205872016e-01,-2.0093707112875385e-02

3.6455857065305663e+03,0,1.0000000000000000e+00,8.7782724883327177e+00,3.6643875542326469e+00,4.4324914453967545e-01,6.0894567480130946e-02,-2.0858192199140141e-01,1.0456842880109535e-03
3.6455857065305663e+03,1,1.0000000000000000e+00,1.3517135446649485e+01,5.1911575476499046e+00,3.3247900704151367e-01,-1.3482809398975071e-01,3.9531864044128301e-01,1.8813973811635361e-02
3.6455857065305663e+03,2,1.0000000000000000e+00,-2.2295408101973855e+01,-8.8555440490443562e+00,-7.7572813351883119e-01,7.3933526524162685e-02,-1.8673671846253018e-01,-1.9859658103751732e-02

3.6497486915409836e+03,0,1.0000000000000000e+00,9.3308718972890112e+00,2.9559496144569977e+00,4.4142769947634120e-01,1.9656230431994140e-01,-1.1938834039091119e-01,-1.4370866531193613e-03
3.6497486915409836e+03,1,1.0000000000000000e+00,1.2644214678030743e+01,6.6718486135048192e+00,4.1651278323239205e-01,-2.7650302796991988e-01,3.0363430389571039e-01,2.1071016514510904e-02
3.6497486915409836e+03,2,1.0000000000000000e+00,-2.1975086741886084e+01,-9.6277971749371360e+00,-8.5794046466917362e-01,7.9940723815497355e-02,-1.8424596337720245e-01,-1.9633929867018833e-02

3.6553811270082738e+03,0,1.0000000000000000e+00,1.0721801885946991e+01,2.8345469646959671e+00,4.3502154839225027e-01,2.7241085623154082e-01,8.5821816871565759e-02,9.9046336193318180e-05
3.6553811270082738e+03,1,1.0000000000000000e+00,1.0780588544899224e+01,7.8209309644009650e+00,5.3258139437552343e-01,-3.6027025712953309e-01,9.4794293369448834e-02,1.9201590128832380e-02
3.6553811270082738e+03,2,1.0000000000000000e+00,-2.1502390596589546e+01,-1.0655476874602721e+01,-9.6760292474145826e-01,8.7859400966422363e-02,-1.8061610987161364e-01,-1.9300636462919459e-02

3.6602276559701668e+03,0,1.0000000000000000e+00,1.1944150321516645e+01,3.7046794830783583e+00,4.4691491476408007e-01,2.1323510770006021e-01,2.6742203768870332e-01,5.2577407735660935e-03
3.6602276559701668e+03,1,1.0000000000000000e+00,9.1163939854263276e+00,7.8180177953886565e+00,6.1348156073256899e-01,-3.0767742690719252e-01,-9.0215266907808289e-02,1.3729854380030441e-02
3.6602276559701668e+03,2,1.0000000000000000e+00,-2.1060544472915701e+01,-1.1522696222135689e+01,-1.0603964574429889e+00,9.4442319049426404e-02,-1.7720677043828570e-01,-1.8987595145525320e-02

3.6650277590066366e+03,0,1.0000000000000000e+00,1.2630950331777854e+01,5.3014012885592692e+00,4.8795509806745779e-01,6.1072706482607458e-02,3.8266151710823204e-01,1.1895939216071112e-02
3.6650277590066366e+03,1,1.0000000000000000e+00,7.9609540756432482e+00,7.0631874465368192e+00,6.6277989781786661e-01,-1.6187169049772995e-01,-2.0914028189234746e-01,6.7511046156338884e-03
3.6650277590066366e+03,2,1.0000000000000000e+00,-2.0591904574398416e+01,-1.2364587677612608e+01,-1.1507349777960325e+00,1.0079898379836508e-01,-1.7352123509017331e-01,-1.8647043826457269e-02

3.6698296545838516e+03,0,1.0000000000000000e+00,1.2465583958936611e+01,7.2070060126746176e+00,5.5966492307844529e-01,-1.3103219066393917e-01,3.9168331435674053e-01,1.7617468720251703e-02
3.6698296545838516e+03,1,1.0000000000000000e+00,7.6272398552984901e+00,5.9813548611318117e+00,6.7972430628062319e-01,2.3978209767374581e-02,-2.2214692588128260e-01,6.5454564680025168e-04
3.6698296545838516e+03,2,1.0000000000000000e+00,-2.0092823981884482e+01,-1.3188359816131921e+01,-1.2393892112639606e+00,1.0705398086181420e-01,-1.6953638848530020e-01,-1.8272014369945109e-02

3.6742488649240013e+03,0,1.0000000000000000e+00,1.1528966870951999e+01,8.7708582050149602e+00,6.4444671103465889e-01,-2.8453044663119520e-01,3.0188088031869864e-01,2.0216553625167732e-02
3.6742488649240013e+03,1,1.0000000000000000e+00,8.0782129078181626e+00,5.1582200737877004e+00,6.7487711460154520e-01,1.7181614114264054e-01,-1.3621884438912796e-01,-2.3161780581639653e-03
3.6742488649240013e+03,2,1.0000000000000000e+00,-1.9607179946110897e+01,-1.3929077221028088e+01,-1.3193238075643321e+00,1.1271430564531484e-01,-1.6566203584002143e-01,-1.7900375573388919e-02

3.6785926114955528e+03,0,1.0000000000000000e+00,1.0082900331619250e+01,9.7649969090194535e+00,7.3174142897488281e-01,-3.6729225490071915e-01,1.4850486179351247e-01,1.9405616079396604e-02
3.6785926114955528e+03,1,1.0000000000000000e+00,9.0228495309964956e+00,4.8751399453252411e+00,6.6451152232307664e-01,2.4916242091415841e-01,1.3205521738907045e-02,-1.8876393629907277e-03
3.6785926114955528e+03,2,1.0000000000000000e+00,-1.9105750029175784e+01,-1.4640135795729545e+01,-1.3962529332472455e+00,1.1812983415173595e-01,-1.6171038323465753e-01,-1.7517976718663567e-02

3.6839202296836638e+03,0,1.0000000000000000e+00,8.1241095411736097e+00,9.9906648171007575e+00,8.2304869874004571e-01,-3.4475160240647107e-01,-6.0889063332523086e-02,1.4222331390130311e-02
3.6839202296836638e+03,1,1.0000000000000000e+00,1.0335200220784079e+01,5.4976877845023244e+00,6.6524596138486469e-01,2.2026202192875510e-01,2.1756186919102016e-01,2.8089925580194117e-03
3.6839202296836638e+03,2,1.0000000000000000e+00,-1.8459309928172033e+01,-1.5488351541005713e+01,-1.4882946420623684e+00,1.2448958042028994e-01,-1.5667280546278628e-01,-1.7031323941880259e-02

3.6887523640958889e+03,0,1.0000000000000000e+00,6.7341169245614694e+00,9.3265904776678923e+00,8.7531585444023752e-01,-2.1651768699436907e-01,-2.0072273008986163e-01,7.2489980534310924e-03
3.6887523640958889e+03,1,1.0000000000000000e+00,1.1110277438935082e+01,6.9073220889943796e+00,6.9416778787274369e-01,8.6536502403437188e-02,3.5259176071295240e-01,9.3192022773408555e-03
3.6887523640958889e+03,2,1.0000000000000000e+00,-1.7844394530433181e+01,-1.6233911504481021e+01,-1.5694836242142383e+00,1.2998118438282208e-01,-1.5186903039364474e-01,-1.6568200323685729e-02

3.6934266517109318e+03,0,1.0000000000000000e+00,6.1282484463000735e+00,8.2507024813669325e+00,8.9347144426422997e-01,-3.8749180844598441e-02,-2.4180772211534812e-01,7.5549413561260340e-04
3.6934266517109318e+03,1,1.0000000000000000e+00,1.1096559099489602e+01,8.6817383179692147e+00,7.5235635490667596e-01,-9.6346508717908452e-02,3.8877850844879963e-01,1.5336913324040512e-02
3.6934266517109318e+03,2,1.0000000000000000e+00,-1.7224807713576023e+01,-1.6932439736586769e+01,-1.6458277810535515e+00,1.3509568944654840e-01,-1.4697078630191246e-01,-1.6092407459554241e-02

3.6980357740250174e+03,0,1.0000000000000000e+00,6.3501637558111632e+00,7.2472786160047029e+00,8.8640546914949958e-01,1.2850181394604532e-01,-1.7684115851118831e-01,-3.2851881493601402e-03
3.6980357740250174e+03,1,1.0000000000000000e+00,1.0240634395218766e+01,1.0351004380917573e+01,8.3245832261459640e-01,-2.6849315598373602e-01,3.1876292626417946e-01,1.8880563034445588e-02
3.6980357740250174e+03,2,1.0000000000000000e+00,-1.6590798318841490e+01,-1.7598281934116958e+01,-1.7188637736632342e+00,1.3999134214331346e-01,-1.4192176771766321e-01,-1.5595374891438590e-02

3.7026063599928193e+03,0,1.0000000000000000e+00,7.2015706794440302e+00,6.7511302058867564e+00,8.6906187213719388e-01,2.2943695170430217e-01,-3.0118257563919532e-02,-3.6523763019945480e-03
3.7026063599928193e+03,1,1.0000000000000000e+00,8.7385851964473211e+00,1.1484083931211000e+01,9.1991680081780847e-01,-3.7412304147552861e-01,1.6688684753111557e-01,1.8735667132230217e-02
3.7026063599928193e+03,2,1.0000000000000000e+00,-1.5940156042913619e+01,-1.8235213073711492e+01,-1.7889786548831461e+00,1.4468608997300075e-01,-1.3676858973081008e-01,-1.5083290835074609e-02

3.7070490687717102e+03,0,1.0000000000000000e+00,8.2646571028575089e+00,7.0026232310663126e+00,8.5875554838623791e-01,2.3241743989952168e-01,1.4375898973722501e-01,-4.6642078310774049e-04
3.7070490687717102e+03,1,1.0000000000000000e+00,7.0229438296692912e+00,1.1828918429857845e+01,9.9611019052535132e-01,-3.8145612963722153e-01,-1.2088743819757053e-02,1.5042833486425343e-02
3.7070490687717102e+03,2,1.0000000000000000e+00,-1.5287601098871249e+01,-1.8831540596061490e+01,-1.8548657208455472e+00,1.4903868981023818e-01,-1.3167024551448525e-01,-1.4576412700733048e-02

3.7118078402397350e+03,0,1.0000000000000000e+00,9.1678119596245171e+00,8.0848146139565067e+00,8.7019262651569318e-01,1.3108992963431737e-01,3.0096166813837033e-01,5.5608707375299736e-03
3.7118078402397350e+03,1,1.0000000000000000e+00,5.4000047313450743e+00,1.1360123239931827e+01,1.0527317517020807e+00,-2.8450984469764889e-01,-1.7485792808442113e-01,8.4642766574689436e-03
3.7118078402397350e+03,2,1.0000000000000000e+00,-1.4567816857505447e+01,-1.9444936787130153e+01,-1.9229243601240931e+00,1.5341991492097393e-01,-1.2610373970356092e-01,-1.4025147387226496e-02

3.7165786867590386e+03,0,1.0000000000000000e+00,9.3955302311161653e+00,9.7362182937221569e+00,9.1264040900853449e-01,-4.3189764846109813e-02,3.7392052968421224e-01,1.2110902186713028e-02
3.7165786867590386e+03,1,1.0000000000000000e+00,4.4304401829588400e+00,1.0296716069515146e+01,1.0758466339064812e+00,-1.1433807704520527e-01,-2.5356025277206845e-01,1.3450357058496492e-03
3.7165786867590386e+03,2,1.0000000000000000e+00,-1.3825970581477488e+01,-2.0032933295312056e+01,-1.9884870247898478e+00,1.5752784171411571e-01,-1.2036027677987643e-01,-1.3455937888587221e-02

3.7212910683252758e+03,0,1.0000000000000000e+00,8.7493044660106261e+00,1.1454472634605221e+01,9.8172995433271359e-01,-2.2764626277207428e-01,3.3708639328790374e-01,1.6732400629433222e-02
3.7212910683252758e+03,1,1.0000000000000000e+00,4.3252339127711696e+00,9.1318984116581774e+00,1.0687949993560228e+00,6.6289280911704607e-02,-2.2259163345107619e-01,-3.8627760530109620e-03
3.7212910683252758e+03,2,1.0000000000000000e+00,-1.3074538546636559e+01,-2.0586369978070998e+01,-2.0505249355642206e+00,1.6135698186900571e-01,-1.1449475981879657e-01,-1.2869624580562039e-02

3.7260900602238748e+03,0,1.0000000000000000e+00,7.2994634484920500e+00,1.2776853976139270e+01,1.0662357376715654e+00,-3.6289525106761283e-01,2.0039990900181326e-01,1.7783842087886460e-02
3.7260900602238748e+03,1,1.0000000000000000e+00,4.9917562278224299e+00,8.3443084383324102e+00,1.0445714163845488e+00,1.9783323689919002e-01,-9.2038458641884313e-02,-5.5334659201800931e-03
3.7260900602238748e+03,2,1.0000000000000000e+00,-1.2291219843621386e+01,-2.1121161345966769e+01,-2.1108071359616938e+00,1.6506201436295648e-01,-1.0836145021073633e-01,-1.2250376174532260e-02

3.7307054390735170e+03,0,1.0000000000000000e+00,5.5022615797925498e+00,1.3290614527944953e+01,1.1429410176205317e+00,-3.9836184874755015e-01,1.8939699347091998e-02,1.4845345133833267e-02
3.7307054390735170e+03,1,1.0000000000000000e+00,6.0192934872792332e+00,8.3169062503800433e+00,1.0230108476838615e+00,2.2993948996266417e-01,8.3447968416773044e-02,-3.2002317876890646e-03
3.7307054390735170e+03,2,1.0000000000000000e+00,-1.1521555233471917e+01,-2.1607519708617112e+01,-2.1659518472303319e+00,1.6842235894267618e-01,-1.0238766739998445e-01,-1.1645113347098827e-02

3.7351665461557113e+03,0,1.0000000000000000e+00,3.8353414556206222e+00,1.2991858961400990e+01,1.1972179276185322e+00,-3.3359632897459313e-01,-1.4663076514336792e-01,9.1405695773794857e-03
3.7351665461557113e+03,1,1.0000000000000000e+00,6.9280562207755185e+00,9.0594958810331825e+00,1.0193771541583656e+00,1.6216526653724234e-01,2.4321848278001079e-01,1.9186609319897657e-03
3.7351665461557113e+03,2,1.0000000000000000e+00,-1.0763397842508800e+01,-2.2051353770892074e+01,-2.2165950636898577e+00,1.7143106239811129e-01,-9.6587717215646740e-02,-1.1059230503115615e-02

3.7395009198863872e+03,0,1.0000000000000000e+00,2.6657033737918834e+00,1.2104560108924801e+01,1.2224762144299444e+00,-1.9684968936647160e-01,-2.5022894858808631e-01,2.4851049876630886e-03
3.7395009198863872e+03,1,1.0000000000000000e+00,7.3487759268613688e+00,1.0353164773788636e+01,1.0408167872013159e+00,2.2751605306049555e-02,3.4114147494114799e-01,8.0023882491755821e-03
3.7395009198863872e+03,2,1.0000000000000000e+00,-1.0014479467291773e+01,-2.2457723809605326e+01,-2.2632929835121605e+00,1.7409808388297479e-01,-9.0912526076569633e-02,-1.0487493229648027e-02

3.7447945264374898e+03,0,1.0000000000000000e+00,2.1684772764562030e+00,1.0695502533120347e+01,1.2160725483430621e+00,9.7394573867327916e-03,-2.5881621204263283e-01,-4.4482350147326214e-03
3.7447945264374898e+03,1,1.0000000000000000e+00,6.9164912481641707e+00,1.2224892853798597e+01,1.1008603339674707e+00,-1.8676845809867929e-01,3.4268097876859760e-01,1.4223042255788137e-02
3.7447945264374898e+03,2,1.0000000000000000e+00,-9.0849686920706443e+00,-2.2920394312982069e+01,-2.3169328641715934e+00,1.7702900063178284e-01,-8.3864766667453863e-02,-9.7748072417630193e-03

3.7497219743001037e+03,0,1.0000000000000000e+00,2.6326914713727732e+00,9.6511696312673081e+00,1.1852065830924552e+00,1.6680561281525447e-01,-1.4834083495019984e-01,-7.3646269636650861e-03
3.7497219743001037e+03,1,1.0000000000000000e+00,5.5738178011355277e+00,1.3666005751500858e+01,1.1782137260691095e+00,-3.4629588335269385e-01,2.2550481224403235e-01,1.6455498113323141e-02
3.7497219743001037e+03,2,1.0000000000000000e+00,-8.2065094397842628e+00,-2.3317174308590687e+01,-2.3634202910447009e+00,1.7949027068385651e-01,-7.7163977207225981e-02,-9.0908711567064641e-03

3.7545773249753129e+03,0,1.0000000000000000e+00,3.6342108287301711e+00,9.3507718976437388e+00,1.1514368011496261e+00,2.2670115997315948e-01,3.0973450930831564e-02,-5.8176030981390960e-03
3.7545773249753129e+03,1,1.0000000000000000e+00,3.6953616469245540e+00,1.4324857995068236e+01,1.2544598584591746e+00,-4.0839961527280716e-01,3.9510905414097824e-02,1.4222692454464763e-02
3.7545773249753129e+03,2,1.0000000000000000e+00,-7.3295726419688689e+00,-2.3675628817600987e+01,-2.4058966415223337e+00,1.8169845550489550e-01,-7.0484356035449072e-02,-8.4050893601648659e-03

3.7589276571519804e+03,0,1.0000000000000000e+00,4.5531106617258121e+00,9.8511787926911545e+00,1.1352545044900997e+00,1.8026576082489409e-01,1.9477864201362849e-01,-1.2238939626082156e-03
3.7589276571519804e+03,1,1.0000000000000000e+00,1.9820713946072392e+00,1.4118064385416414e+01,1.3058714198923012e+00,-3.6374136887827480e-01,-1.3027386295421306e-01,9.0157902360586267e-03
3.7589276571519804e+03,2,1.0000000000000000e+00,-6.5351822220399711e+00,-2.3969242101299496e+01,-2.4411259062959023e+00,1.8347560810394994e-01,-6.4504778617920852e-02,-7.7918962695323630e-03

3.7632637300097654e+03,0,1.0000000000000000e+00,5.0841527679413669e+00,1.0969005040574480e+01,1.1429359675896387e+00,5.3964364787910474e-02,3.0920486032591377e-01,4.8644728913874932e-03
3.7632637300097654e+03,1,1.0000000000000000e+00,6.5203060973061611e-01,1.3267070378514692e+01,1.3306609616750409e+00,-2.3898398507910071e-01,-2.5063023428734021e-01,2.3214373575993971e-03
3.7632637300097654e+03,2,1.0000000000000000e+00,-5.7361835435891582e+00,-2.4236074340453591e+01,-2.4735969111498544e+00,1.8501962015744003e-01,-5.8574625670963748e-02,-7.1859102410292298e-03

3.7691370763900636e+03,0,1.0000000000000000e+00,4.7366562289689043e+00,1.2929263334605182e+01,1.1943998859440335e+00,-1.7521979714797037e-01,3.2988900569941892e-01,1.2163708763175986e-02
3.7691370763900636e+03,1,1.0000000000000000e+00,-9.2367271896183212e-02,1.1627262675779910e+01,1.3189929170553534e+00,-1.1500155402776158e-02,-2.7935232094772866e-01,-5.7999500257919778e-03
3.7691370763900636e+03,2,1.0000000000000000e+00,-4.6442891239104522e+00,-2.4556524930358044e+01,-2.5133927848510611e+00,1.8671995243488054e-01,-5.0536684640460905e-02,-6.3637587358180807e-03

3.7741327189223343e+03,0,1.0000000000000000e+00,3.4206454295230801e+00,1.4344728744609260e+01,1.2634778062562138e+00,-3.4028391603661562e-01,2.1940240981897627e-01,1.4771200176431409e-02
3.7741327189223343e+03,1,1.0000000000000000e+00,2.8793710409815754e-01,1.0447042964098697e+01,1.2799334242962404e+00,1.5243885550147418e-01,-1.7577155389287605e-01,-9.1194845308348454e-03
3.7741327189223343e+03,2,1.0000000000000000e+00,-3.7085827005063963e+00,-2.4791770628327427e+01,-2.5434112124176265e+00,1.8784506063986961e-01,-4.3630855848963063e-02,-5.6517156517552937e-03

3.7790065169784916e+03,0,1.0000000000000000e+00,1.5472775353874544e+00,1.4988057364764357e+01,1.3326562011760952e+00,-4.0993591468244683e-01,3.7422256188600206e-02,1.2880481702061701e-02
3.7790065169784916e+03,1,1.0000000000000000e+00,1.2435886280013848e+00,9.9998254540492315e+00,1.2365849338147665e+00,2.2122404519393957e-01,-5.8049712667626596e-04,-7.9334426547268324e-03
3.7790065169784916e+03,2,1.0000000000000000e+00,-2.7908663294001546e+00,-2.4987881737637117e+01,-2.5692411168880067e+00,1.8871186970377862e-01,-3.6841758789750129e-02,-4.9470390525639361e-03

3.7836515739286874e+03,0,1.0000000000000000e+00,-2.9999584289737435e-01,1.4731703926188263e+01,1.3810407937487303e+00,-3.6785702851371871e-01,-1.4360908308815018e-01,7.4816211753262881e-03
3.7836515739286874e+03,1,1.0000000000000000e+00,2.2127449500742546e+00,1.0412313340168810e+01,1.2096220331617402e+00,1.7851550069194988e-01,1.7400346515962206e-01,-3.2038503946051006e-03
3.7836515739286874e+03,2,1.0000000000000000e+00,-1.9127492724016530e+00,-2.5144016183457850e+01,-2.5906628088147565e+00,1.8934152791272854e-01,-3.0394381626747957e-02,-4.2777707781025496e-03

3.7879990778188335e+03,0,1.0000000000000000e+00,-1.6553118055597000e+00,1.3817414768535103e+01,1.3991872317539740e+00,-2.4464319077918661e-01,-2.6565462713695032e-01,7.5318823604136453e-04
3.7879990778188335e+03,1,1.0000000000000000e+00,2.7439702912779982e+00,1.1445751967954502e+01,1.2087288658961168e+00,5.4909588435169132e-02,2.9008595625942302e-01,2.9078052298464633e-03
3.7879990778188335e+03,2,1.0000000000000000e+00,-1.0886586509793696e+00,-2.5263165651649736e+01,-2.6079160795291298e+00,1.8973360224268856e-01,-2.4431328709884126e-02,-3.6609934578927571e-03

3.7938783078125639e+03,0,1.0000000000000000e+00,-2.4336572057096277e+00,1.2077643161897804e+01,1.3778565822845108e+00,-1.6459838807145521e-02,-2.9774869230221479e-01,-7.5339658403522879e-03
3.7938783078125639e+03,1,1.0000000000000000e+00,2.4061010796749067e+00,1.3305705450994541e+01,1.2491599322737019e+00,-1.7345106014411293e-01,3.1421311589908230e-01,1.0371342767337133e-02
3.7938783078125639e+03,2,1.0000000000000000e+00,2.7555959891830017e-02,-2.5383347526339001e+01,-2.6270164963972826e+00,1.8991089881527490e-01,-1.6464423435440911e-02,-2.8373769235843921e-03

3.7988709525631102e+03,0,1.0000000000000000e+00,-2.0717123157921082e+00,1.0801483357639686e+01,1.3297425862420162e+00,1.5039033768647361e-01,-1.9571200050421636e-01,-1.1016310413245130e-02
3.7988709525631102e+03,1,1.0000000000000000e+00,1.0963054278581024e+00,1.4647231506344792e+01,1.3096903366190387e+00,-3.4013258548385095e-01,2.0543048221935564e-01,1.3151611483300872e-02
3.7988709525631102e+03,2,1.0000000000000000e+00,9.7540672158498853e-01,-2.5448713776930820e+01,-2.6394329047052638e+00,1.8974224786781066e-01,-9.7184816321343633e-03,-2.1353010750704620e-03

3.8037691665252123e+03,0,1.0000000000000000e+00,-1.1127163193463483e+00,1.0258082568809371e+01,1.2766768820551482e+00,2.2227842476091464e-01,-1.8600208430083767e-02,-9.8869298869989890e-03
3.8037691665252123e+03,1,1.0000000000000000e+00,-7.9118300879360248e-01,1.5221998882417388e+01,1.3715148053413311e+00,-4.1161583099793664e-01,2.1689544136499969e-02,1.1327450612848731e-02
3.8037691665252123e+03,2,1.0000000000000000e+00,1.9038991625711152e+00,-2.5480080363425053e+01,-2.6481916692715708e+00,1.8933740645103489e-01,-3.0893354535882359e-03,-1.4405207316597287e-03

3.8085313871335229e+03,0,1.0000000000000000e+00,-1.1567164477843006e-01,1.0609789724490309e+01,1.2401636951929809e+00,1.7771761403466954e-01,1.6167530108899017e-01,-4.9404590133822826e-03
3.8085313871335229e+03,1,1.0000000000000000e+00,-2.6885816343033704e+00,1.4869717863499428e+01,1.4132836845511947e+00,-3.6647437453259557e-01,-1.6499290430640032e-01,5.7087718281898497e-03
3.8085313871335229e+03,2,1.0000000000000000e+00,2.8042531143884095e+00,-2.5479506498471782e+01,-2.6534473616307137e+00,1.8875676061363431e-01,3.3176036652219007e-03,-7.6831281303104391e-04

3.8129980199500169e+03,0,1.0000000000000000e+00,4.1264408654486262e-01,1.1620351734181771e+01,1.2321549141677686e+00,4.7534100999507833e-02,2.7832665463019823e-01,1.4602716740833523e-03
3.8129980199500169e+03,1,1.0000000000000000e+00,-4.0584768307517507e+00,1.3831090200847150e+01,1.4233382978669222e+00,-2.3557753871974829e-01,-2.8755686826188087e-01,-1.3101740576383933e-03
3.8129980199500169e+03,2,1.0000000000000000e+00,3.6458325795803543e+00,-2.5451440843440917e+01,-2.6554931938971182e+00,1.8804343763674608e-01,9.2302140728666542e-03,-1.5009760835041808e-04

3.8181809698469488e+03,0,1.0000000000000000e+00,1.4386227261996432e-01,1.3180446155663748e+01,1.2581266055557991e+00,-1.5402656411731813e-01,3.0150034749546467e-01,8.1912163406246980e-03
3.8181809698469488e+03,1,1.0000000000000000e+00,-4.7616633839825884e+00,1.2205678703185157e+01,1.3963202849325913e+00,-3.2947014243523476e-02,-3.1745228214900306e-01,-8.7429241920659543e-03
3.8181809698469488e+03,2,1.0000000000000000e+00,4.6178009459930269e+00,-2.5386123765481912e+01,-2.6544468723101780e+00,1.8697357820415933e-01,1.5951934882899144e-02,5.5170785715772004e-04

3.8230878967998669e+03,0,1.0000000000000000e+00,-1.0484905970985714e+00,1.4466282677205989e+01,1.3077974526506000e+00,-3.2225654217047683e-01,2.0514806713676836e-01,1.1377823604817127e-02
3.8230878967998669e+03,1,1.0000000000000000e+00,-4.4837462559923242e+00,1.0826156782092699e+01,1.3423271042756557e+00,1.3656074218207154e-01,-2.2737158043394046e-01,-1.2587694852631089e-02
3.8230878967998669e+03,2,1.0000000000000000e+00,5.5322366872975781e+00,-2.5292438365211563e+01,-2.6501245387403709e+00,1.8569579999909513e-01,2.2223513396234407e-02,1.2098712451305595e-03

3.8278677028523239e+03,0,1.0000000000000000e+00,-2.8258618347353086e+00,1.5056540584669303e+01,1.3611470692859198e+00,-4.0436512238475875e-01,3.3454985768259171e-02,1.0217779940637304e-02
3.8278677028523239e+03,1,1.0000000000000000e+00,-3.5905232137353043e+00,1.0115152705931397e+01,1.2816606148701917e+00,2.2014357330961587e-01,-6.1750269695224125e-02,-1.2069656659471427e-02
3.8278677028523239e+03,2,1.0000000000000000e+00,6.4163848832051222e+00,-2.5171692195870055e+01,-2.6428076659948925e+00,1.8422154926433706e-01,2.8295284133659920e-02,1.8518767126991052e-03

3.8326380737803315e+03,0,1.0000000000000000e+00,-4.7319290582392233e+00,1.4759756678783514e+01,1.3990611449890189e+00,-3.7591418927470849e-01,-1.5509240099919977e-01,5.1247707080543494e-03
3.8326380737803315e+03,1,1.0000000000000000e+00,-2.5593852028934574e+00,1.0262583131927522e+01,1.2333878416863633e+00,1.9334396179004781e-01,1.2078218859728637e-01,-7.6145447611917832e-03
3.8326380737803315e+03,2,1.0000000000000000e+00,7.2913140968012229e+00,-2.5022338714478330e+01,-2.6324489685329255e+00,1.8257022764595437e-01,3.4310212819754243e-02,2.4897740526421972e-03

3.8370344400474683e+03,0,1.0000000000000000e+00,-6.1552727647199470e+00,1.3764031579391229e+01,1.4071222080088559e+00,-2.5947815274576524e-01,-2.8709227244078989e-01,-1.6262146489993507e-03
3.8370344400474683e+03,1,1.0000000000000000e+00,-1.9350955093778950e+00,1.1095440822271307e+01,1.2131078118172984e+00,7.8562848154192011e-02,2.4732981877099397e-01,-1.4402758621059027e-03
3.8370344400474683e+03,2,1.0000000000000000e+00,8.0903681100955520e+00,-2.4859471303377589e+01,-2.6202300016685385e+00,1.8091530456930544e-01,3.9762454151552912e-02,3.0664905180938446e-03

3.8414627713909381e+03,0,1.0000000000000000e+00,-6.9405799038862259e+00,1.2344042254034727e+01,1.3845209867960258e+00,-9.0559488304479574e-02,-3.3846846660349605e-01,-8.4035957671988095e-03
3.8414627713909381e+03,1,1.0000000000000000e+00,-1.9470004686270119e+00,1.2327426326150217e+01,1.2208719011420408e+00,-8.8550670289391453e-02,2.9334438020689380e-01,4.7716150127469093e-03
3.8414627713909381e+03,2,1.0000000000000000e+00,8.8875802080505313e+00,-2.4671467480002441e+01,-2.6053928697427793e+00,1.7911015843328892e-01,4.5124086745885528e-02,3.6319807630743571e-03

3.8466322254429979e+03,0,1.0000000000000000e+00,-6.8884230115585048e+00,1.0699345400483487e+01,1.3257055576582899e+00,1.0375233113020571e-01,-2.7664256001684084e-01,-1.3681694248112893e-02
3.8466322254429979e+03,1,1.0000000000000000e+00,-2.9191700368413454e+00,1.3723025755777279e+01,1.2592400680973224e+00,-2.8054315795065737e-01,2.2541838420800819e-01,9.4048047612330446e-03
3.8466322254429979e+03,2,1.0000000000000000e+00,9.8075928832048156e+00,-2.4422370054846745e+01,-2.5849456075316901e+00,1.7679082674230134e-01,5.1224175953930029e-02,4.2768894882560006e-03

3.8517002283490051e+03,0,1.0000000000000000e+00,-6.0278146622851647e+00,9.6781514052715600e+00,1.2528181211213796e+00,2.1808122045334039e-01,-1.1408606940443553e-01,-1.4245107332808798e-02
3.8517002283490051e+03,1,1.0000000000000000e+00,-4.6694836613718271e+00,1.4469707012150035e+01,1.3088657055801642e+00,-3.9235898092544802e-01,5.6991836353551678e-02,9.3426702933571103e-03
3.8517002283490051e+03,2,1.0000000000000000e+00,1.0697298158621281e+01,-2.4147857315344996e+01,-2.5616838084906908e+00,1.7427776060945718e-01,5.7094233214198049e-02,4.9024370340719249e-03

3.8565676820313588e+03,0,1.0000000000000000e+00,-4.9296946505397230e+00,9.5869991906524419e+00,1.1914634344145627e+00,2.1302528235135032e-01,7.5969936637687946e-02,-1.0319777442090800e-02
3.8565676820313588e+03,1,1.0000000000000000e+00,-6.6096151564238976e+00,1.4269373748613472e+01,1.3449029958763303e+00,-3.8469661279010681e-01,-1.3863299298869072e-01,4.8205483875883859e-03
3.8565676820313588e+03,2,1.0000000000000000e+00,1.1539309642826677e+01,-2.3856371835918928e+01,-2.5363664121034115e+00,1.7167133062876805e-01,6.2663056721359134e-02,5.4992290519313208e-03

3.8610457124184450e+03,0,1.0000000000000000e+00,-4.1768122136204582e+00,1.0265575608628343e+01,1.1584915027467448e+00,1.0950053706118451e-01,2.1699544426034884e-01,-4.1643211284563119e-03
3.8610457124184450e+03,1,1.0000000000000000e+00,-8.1256393678904804e+00,1.3298869399871130e+01,1.3520365482155601e+00,-2.7865017724536745e-01,-2.8469688620564476e-01,-1.8742934629376977e-03
3.8610457124184450e+03,2,1.0000000000000000e+00,1.2302451417931941e+01,-2.3564443903146273e+01,-2.5105280327689119e+00,1.6914964022067186e-01,6.7701442442079457e-02,6.0386145967287665e-03

3.8655234151129321e+03,0,1.0000000000000000e+00,-4.0402038165538539e+00,1.1410225157208536e+01,1.1546834833713313e+00,-5.4484644913697144e-02,2.7848705144851194e-01,2.3350225600888850e-03
3.8655234151129321e+03,1,1.0000000000000000e+00,-9.0138155694116975e+00,1.1840028876454721e+01,1.3276268122213537e+00,-1.1204151394624851e-01,-3.5109651208399573e-01,-8.8971955758140701e-03
3.8655234151129321e+03,2,1.0000000000000000e+00,1.3054019222120827e+01,-2.3250252926184757e+01,-2.4823102773632204e+00,1.6652615872043844e-01,7.2609461054813390e-02,6.5621730252544957e-03

3.8707631959564978e+03,0,1.0000000000000000e+00,-4.8592025947512383e+00,1.2789039460734468e+01,1.1823091121337832e+00,-2.5247169690900884e-01,2.2572587468226155e-01,7.5685733471483243e-03
3.8707631959564978e+03,1,1.0000000000000000e+00,-9.0590113679068978e+00,1.0066127398170206e+01,1.2640564915911403e+00,8.9170383881197413e-02,-3.0388579381123326e-01,-1.4723197957744285e-02
3.8707631959564978e+03,2,1.0000000000000000e+00,1.3918213797988102e+01,-2.2855165749806044e+01,-2.4463655854549287e+00,1.6330131290057542e-01,7.8159919330903438e-02,7.1546246149880918e-03

3.8757839285729028e+03,0,1.0000000000000000e+00,-6.4747463410204515e+00,1.3564158132671524e+01,1.2239092581342501e+00,-3.7483183829772243e-01,6.9955759378332649e-02,8.1984234135153884e-03
3.8757839285729028e+03,1,1.0000000000000000e+00,-8.2551992555674722e+00,8.8855909587516031e+00,1.1851390894396678e+00,2.1481459118795426e-01,-1.5327168677560038e-01,-1.5907607059124178e-02
3.8757839285729028e+03,2,1.0000000000000000e+00,1.4729945431759152e+01,-2.2449747981548359e+01,-2.4090483293030935e+00,1.6001724718447904e-01,8.3315927547487845e-02,7.7091836421194875e-03

3.8808315550553098e+03,0,1.0000000000000000e+00,-8.4390831418436321e+00,1.3414051669874100e+01,1.2568263889844900e+00,-3.8231069775271309e-01,-1.3043184554701573e-01,4.1264947755045821e-03
3.8808315550553098e+03,1,1.0000000000000000e+00,-7.0898292303112047e+00,8.6023020368262131e+00,1.1119174506216487e+00,2.2578536773828983e-01,4.2041068812103705e-02,-1.2385737495725489e-02
3.8808315550553098e+03,2,1.0000000000000000e+00,1.5528912208085428e+01,-2.2016352595681855e+01,-2.3687438213573850e+00,1.5652533020320314e-01,8.8390777063064890e-02,8.2592427167633257e-03

3.8854285531873875e+03,0,1.0000000000000000e+00,-1.0004637181420936e+01,1.2435836576935154e+01,1.2612823661823542e+00,-2.8380138414858563e-01,-2.8570626094956852e-01,-2.4867843432530385e-03
3.8854285531873875e+03,1,1.0000000000000000e+00,-6.2362607800410865e+00,9.1637306624361017e+00,1.0683591490852957e+00,1.3058153052323956e-01,1.9278404281994077e-01,-6.2640415408595730e-03
3.8854285531873875e+03,2,1.0000000000000000e+00,1.6240897798073458e+01,-2.1599566126418367e+01,-2.3296414970192916e+00,1.5321985370194208e-01,9.2922218622094183e-02,8.7508258879798496e-03

3.8899814853216935e+03,0,1.0000000000000000e+00,-1.0936736365416268e+01,1.0925254242274033e+01,1.2334074358285796e+00,-1.1840348151557401e-01,-3.6200107164541645e-01,-9.6687378417943236e-03
3.8899814853216935e+03,1,1.0000000000000000e+00,-5.9941519780465180e+00,1.0241252397667006e+01,1.0553115564578366e+00,-3.1461704706986726e-02,2.6471384166447126e-01,4.4614131900357762e-04
3.8899814853216935e+03,2,1.0000000000000000e+00,1.6930888179973376e+01,-2.1166505524722503e+01,-2.2887189740048148e+00,1.4986518610770372e-01,9.7287230447215656e-02,9.2225965325389795e-03

3.8952964505592554e+03,0,1.0000000000000000e+00,-1.1003574767506906e+01,9.0438326880683917e+00,1.1638923652237256e+00,8.8647032073434107e-02,-3.2277309694890943e-01,-1.5857013220347375e-02
3.8952964505592554e+03,1,1.0000000000000000e+00,-6.7132179185450802e+00,1.1592491399961132e+01,1.0743943841012631e+00,-2.3449298608405994e-01,2.2059273869992058e-01,6.1059643183442730e-03
3.8952964505592554e+03,2,1.0000000000000000e+00,1.7716792521707458e+01,-2.0636322970872079e+01,-2.2382867309948864e+00,1.4584595385229365e-01,1.0218035850235579e-01,9.7510489086619287e-03

3.9002066434787771e+03,0,1.0000000000000000e+00,-1.0210584531782310e+01,7.7779885550332111e+00,1.0804588451249471e+00,2.1924059206037927e-01,-1.7936138489324699e-01,-1.7348056449508459e-02
3.9002066434787771e+03,1,1.0000000000000000e+00,-8.2129493804267550e+00,1.2345909698075438e+01,1.1087862082928912e+00,-3.6123639825804477e-01,7.2849446469756385e-02,7.1257730968952403e-03
3.9002066434787771e+03,2,1.0000000000000000e+00,1.8423533747474792e+01,-2.0123897135039520e+01,-2.1892450350751544e+00,1.4199580621758556e-01,1.0651193857853802e-01,1.0222283351187099e-02

3.9049941316588024e+03,0,1.0000000000000000e+00,-9.0607128726566089e+00,7.3609192063752573e+00,1.0029120981898454e+00,2.4188080396396536e-01,7.2630368500098408e-03,-1.4365224345390282e-02
3.9049941316588024e+03,1,1.0000000000000000e+00,-1.0033338302440731e+01,1.2243217970209034e+01,1.1363149733911568e+00,-3.7997332663028305e-01,-1.1786588309766882e-01,3.6936738997577628e-03
3.9049941316588024e+03,2,1.0000000000000000e+00,1.9094051010883717e+01,-1.9604136057538167e+01,-2.1392270532544351e+00,1.3809252283767182e-01,1.1060284653216343e-01,1.0671550441875233e-02

3.9097418567893365e+03,0,1.0000000000000000e+00,-8.0813255760446872e+00,7.8048033154009389e+00,9.4849240947851898e-01,1.5390699368812991e-01,1.7053870258008985e-01,-8.1909353246233160e-03
3.9097418567893365e+03,1,1.0000000000000000e+00,-1.1658910207182636e+01,1.1264793857322179e+01,1.1390301099398079e+00,-2.8800617864277034e-01,-2.8509601740647678e-01,-2.9163248679269643e-03
3.9097418567893365e+03,2,1.0000000000000000e+00,1.9740235619767287e+01,-1.9069596051841728e+01,-2.0875225010972613e+00,1.3409918506265259e-01,1.1455731530311912e-01,1.1107260195019059e-02

3.9144934042689370e+03,0,1.0000000000000000e+00,-7.7239363079899874e+00,8.8515538129596045e+00,9.2660699428055793e-01,-1.1965863446650959e-02,2.5295805812502858e-01,-1.0895622256039995e-03
3.9144934042689370e+03,1,1.0000000000000000e+00,-1.2643827269726671e+01,9.6645466980114776e+00,1.1071308632142782e+00,-1.1806195270769915e-01,-3.7135242609858365e-01,-1.0439062231338662e-02
3.9144934042689370e+03,2,1.0000000000000000e+00,2.0367763414302281e+01,-1.8516099387680892e+01,-2.0337378391432246e+00,1.3002781606262215e-01,1.1839436847112675e-01,1.1528624466590542e-02

3.9191653800184945e+03,0,1.0000000000000000e+00,-8.2077852741060688e+00,1.0014137795759414e+01,9.3511440192877227e-01,-1.9264055268074273e-01,2.2664465497515268e-01,4.2775382548644230e-03
3.9191653800184945e+03,1,1.0000000000000000e+00,-1.2758016246333888e+01,7.9403164826862502e+00,1.0438295786963823e+00,6.6666621510171858e-02,-3.4865334036383794e-01,-1.6202237359971654e-02
3.9191653800184945e+03,2,1.0000000000000000e+00,2.0965801356301473e+01,-1.7954453153179841e+01,-1.9789439622258678e+00,1.2597393098604850e-01,1.2200868571892846e-01,1.1924699114356617e-02

3.9240477094638718e+03,0,1.0000000000000000e+00,-9.5229700976450076e+00,1.0837546431853912e+01,9.6240488909566668e-01,-3.3281081673755386e-01,9.6069481241939231e-02,6.1616120278224478e-03
3.9240477094638718e+03,1,1.0000000000000000e+00,-1.2047390738446252e+01,6.5123819699196241e+00,9.5734593066012896e-01,2.1114909676678184e-01,-2.2166804548281374e-01,-1.8482101881891908e-02
3.9240477094638718e+03,2,1.0000000000000000e+00,2.1570360671278991e+01,-1.7349927275332529e+01,-1.9197508013281745e+00,1.2166171991072694e-01,1.2559856441765019e-01,1.2320489855909569e-02

3.9287689592011097e+03,0,1.0000000000000000e+00,-1.1232479457146017e+01,1.0870780310114950e+01,9.8726061293499578e-01,-3.7338320597364932e-01,-8.6227789511368169e-02,3.6840702770164764e-03
3.9287689592011097e+03,1,1.0000000000000000e+00,-1.0902222115776812e+01,5.8782938753891774e+00,8.7344563117983665e-01,2.5600051965175491e-01,-4.2682613360276678e-02,-1.6373989083749079e-02
3.9287689592011097e+03,2,1.0000000000000000e+00,2.2134701408284496e+01,-1.6749073058183839e+01,-1.8607062256929514e+00,1.1738268644447034e-01,1.2891040310383345e-01,1.2689918803601891e-02

3.9334326125867019e+03,0,1.0000000000000000e+00,-1.2857875130051594e+01,1.0049535914838229e+01,9.9180210477587993e-01,-3.0664792043654887e-01,-2.5960784264061243e-01,-2.1709797926215964e-03
3.9334326125867019e+03,1,1.0000000000000000e+00,-9.8141828257556263e+00,6.0909522444848205e+00,8.0889227104848505e-01,1.9360252916855325e-01,1.2754477517894469e-01,-1.0873294156756138e-02
3.9334326125867019e+03,2,1.0000000000000000e+00,2.2672057791876039e+01,-1.6140487030487868e+01,-1.8006943574125622e+00,1.1304539141151254e-01,1.3206306788419550e-01,1.3044273949541600e-02

3.9380524514811900e+03,0,1.0000000000000000e+00,-1.3951845948840878e+01,8.5677845211962342e+00,9.6507827856915551e-01,-1.5642780927248173e-01,-3.6731570111699530e-01,-9.4487160872548867e-03
3.9380524514811900e+03,1,1.0000000000000000e+00,-9.2323873763402897e+00,6.9555816522959315e+00,7.7456575425324548e-01,4.7752842493169800e-02,2.3223595728017477e-01,-3.9342932219324604e-03
3.9380524514811900e+03,2,1.0000000000000000e+00,2.3184233161577474e+01,-1.5523365042397009e+01,-1.7396440143920904e+00,1.0867496675829300e-01,1.3507974436157449e-01,1.3383009317032114e-02

3.9427028140007660e+03,0,1.0000000000000000e+00,-1.4248574339458870e+01,6.7999251286258691e+00,9.0543029079814419e-01,2.9484311073146724e-02,-3.7477944453326945e-01,-1.5852041225891185e-02
3.9427028140007660e+03,1,1.0000000000000000e+00,-9.4307389430984472e+00,8.0884588306022884e+00,7.7121556568096139e-01,-1.3372678578712746e-01,2.3679499975961610e-01,2.1440757168080873e-03
3.9427028140007660e+03,2,1.0000000000000000e+00,2.3679313118434017e+01,-1.4888382825860326e+01,-1.6766458380016145e+00,1.0424247453263971e-01,1.3798444519529646e-01,1.3707965520172718e-02

3.9475615099885695e+03,0,1.0000000000000000e+00,-1.3680801884751526e+01,5.1870188347310275e+00,8.1840238380586228e-01,1.9356921928393064e-01,-2.7240138968520422e-01,-1.9272091408235020e-02
3.9475615099885695e+03,1,1.0000000000000000e+00,-1.0493690405484461e+01,9.0239184853815964e+00,7.9085341945652388e-01,-2.9315188578040519e-01,1.3155800571554616e-01,5.2431202690195189e-03
3.9475615099885695e+03,2,1.0000000000000000e+00,2.4174492125225672e+01,-1.4210936185180515e+01,-1.6092557847408822e+00,9.9582666352538096e-02,1.4084338419962117e-01,1.4028971145067154e-02

3.9521812069283264e+03,0,1.0000000000000000e+00,-1.2578210859216711e+01,4.2992475155823140e+00,7.2992343243484492e-01,2.6724447588835504e-01,-1.0490373629571226e-01,-1.8337152566192821e-02
3.9521812069283264e+03,1,1.0000000000000000e+00,-1.2045984282446836e+01,9.2550919357869930e+00,8.1384809516452272e-01,-3.6233853164109892e-01,-3.8486791484454053e-02,4.0183148415712001e-03
3.9521812069283264e+03,2,1.0000000000000000e+00,2.4624194976395586e+01,-1.3554338315543964e+01,-1.5437715090679915e+00,9.5094055792331822e-02,1.4339052797272772e-01,1.4318837723547733e-02

3.9571636630536500e+03,0,1.0000000000000000e+00,-1.1291201169656745e+01,4.2647799432003222e+00,6.4994599433893496e-01,2.2887769894624505e-01,8.6718641748967207e-02,-1.3171463497523465e-02
3.9571636630536500e+03,1,1.0000000000000000e+00,-1.3794540514600751e+01,8.5686106240506543e+00,8.2173221794641338e-01,-3.1903514931122418e-01,-2.3269920252227755e-01,-1.4463432824523108e-03
3.9571636630536500e+03,2,1.0000000000000000e+00,2.5085741519545550e+01,-1.2833389430105774e+01,-1.4716781937638466e+00,9.0157450512748857e-02,1.4598056113408778e-01,1.4617806778775340e-02

3.9620714480563329e+03,0,1.0000000000000000e+00,-1.0482738643414855e+01,5.0429965394670866e+00,6.0294076691052267e-01,8.7003855742994310e-02,2.1521061057206831e-01,-5.8414444512642754e-03
3.9620714480563329e+03,1,1.0000000000000000e+00,-1.5033362166448365e+01,7.0679575150697405e+00,7.9630119738910010e-01,-1.7221435286531206e-01,-3.6361419942718981e-01,-9.0572403992141542e-03
3.9620714480563329e+03,2,1.0000000000000000e+00,2.5516100645655818e+01,-1.2110952915167580e+01,-1.3992419457671972e+00,8.5210497147098149e-02,1.4840358937610010e-01,1.4898684856727089e-02

3.9668337520447935e+03,0,1.0000000000000000e+00,-1.0502414516929431e+01,6.1619933042117925e+00,5.9146075237400586e-01,-9.7382599464671468e-02,2.3574012933140553e-01,7.0320356157353194e-04
3.9668337520447935e+03,1,1.0000000000000000e+00,-1.5407979869964542e+01,5.2368621862557010e+00,7.3621023726568102e-01,1.7005235358821327e-02,-3.8637013333359305e-01,-1.5859052045650315e-02
3.9668337520447935e+03,2,1.0000000000000000e+00,2.5910394222329582e+01,-1.1398854348644802e+01,-1.3276709710621566e+00,8.0377363941915733e-02,1.5063000447448641e-01,1.5155848495641399e-02

3.9715499724453721e+03,0,1.0000000000000000e+00,-1.1364180195393590e+01,7.1054257134152952e+00,6.0470871604311616e-01,-2.5933714499040389e-01,1.4797934503626975e-01,4.2899647768262234e-03
3.9715499724453721e+03,1,1.0000000000000000e+00,-1.4914000597952441e+01,3.5781178163873473e+00,6.5091646919365631e-01,1.8374822987226014e-01,-3.0066285253123171e-01,-1.9683644555719436e-02
3.9715499724453721e+03,2,1.0000000000000000e+00,2.6278180627857335e+01,-1.0683542386177892e+01,-1.2556251666084266e+00,7.5588914927485165e-02,1.5268350778205697e-01,1.5393679787529415e-02

3.9762205196910768e+03,0,1.0000000000000000e+00,-1.2810675396243720e+01,7.4365597424045831e+00,6.2519165289447054e-01,-3.4415095227411596e-01,-1.4708359006585320e-02,3.7764702247232492e-03
3.9762205196910768e+03,1,1.0000000000000000e+00,-1.3809447246619492e+01,2.5294485821970181e+00,5.5801804024382440e-01,2.7332093736815599e-01,-1.3983946906589342e-01,-1.9389720704062252e-02
3.9762205196910768e+03,2,1.0000000000000000e+00,2.6620122476808341e+01,-9.9660071799327881e+00,-1.1832096744865619e+00,7.0830014873015767e-02,1.5454782826336597e-01,1.5613250480728119e-02

3.9814667157555359e+03,0,1.0000000000000000e+00,-1.4599179979851904e+01,6.8144869664577232e+00,6.3326093255936000e-01,-3.1506807687923777e-01,-2.1953224355811135e-01,-1.3937698583911190e-03
3.9814667157555359e+03,1,1.0000000000000000e+00,-1.2378378768998081e+01,2.3356551543174264e+00,4.6742800057440526e-01,2.4964748452443575e-01,6.3078843768987147e-02,-1.4449501432970788e-02
3.9814667157555359e+03,2,1.0000000000000000e+00,2.6977558583114082e+01,-9.1501409748638487e+00,-1.1006889144861574e+00,6.5420592480843753e-02,1.5645340010751951e-01,1.5843271290086794e-02

3.9861945016534482e+03,0,1.0000000000000000e+00,-1.5812397756870499e+01,5.4249582873868123e+00,6.1025029559231014e-01,-1.8452253989508088e-01,-3.5545280432729015e-01,-8.5318892620936723e-03
3.9861945016534482e+03,1,1.0000000000000000e+00,-1.1462787087638112e+01,2.9817284800628223e+00,4.1507278701517270e-01,1.2404757140822381e-01,1.9742114608334677e-01,-7.5046999107925959e-03
3.9861945016534482e+03,2,1.0000000000000000e+00,2.7275184679301439e+01,-8.4066856195830404e+00,-1.0253230639543658e+00,6.0474968548745150e-02,1.5803165874096900e-01,1.6036589177439761e-02

3.9909440780004365e+03,0,1.0000000000000000e+00,-1.6256976190780460e+01,3.5980710524107415e+00,5.5249356761475188e-01,1.3648761108957796e-03,-3.9524009780807451e-01,-1.5542329640366384e-02
3.9909440780004365e+03,1,1.0000000000000000e+00,-1.1293562722333830e+01,4.0544958635115336e+00,3.9622902502394719e-01,-5.6837225631597404e-02,2.3573915060514511e-01,-6.7430307713506853e-04
3.9909440780004365e+03,2,1.0000000000000000e+00,2.7550538747748746e+01,-7.6525657655688679e+00,-9.4872257394628468e-01,5.5472349389392273e-02,1.5950094771535994e-01,1.6216632728807509e-02

3.9955919543895102e+03,0,1.0000000000000000e+00,-1.5833115469245341e+01,1.8821493067561186e+00,4.6883109215779628e-01,1.7417829947439781e-01,-3.2621318533574151e-01,-1.9882000065683709e-02
3.9955919543895102e+03,1,1.0000000000000000e+00,-1.1963886943267333e+01,5.0259782912303477e+00,4.0413818319424138e-01,-2.2476362423735782e-01,1.6540235827793631e-01,3.5042203843429452e-03
3.9955919543895102e+03,2,1.0000000000000000e+00,2.7797002246254621e+01,-6.9081264455906082e+00,-8.7296925660467539e-01,5.0585324542883697e-02,1.6081082740738092e-01,1.6377779692244847e-02

4.0001317827219300e+03,0,1.0000000000000000e+00,-1.4773681605463381e+01,7.1524599755166518e-01,3.7607866380297122e-01,2.7822063972460487e-01,-1.7802725004347861e-01,-2.0298796312470332e-02
4.0001317827219300e+03,1,1.0000000000000000e+00,-1.3242166996096440e+01,5.4602004911405384e+00,4.2220890910170783e-01,-3.2404784602698411e-01,1.6084719077730320e-02,3.7782817179365172e-03
4.0001317827219300e+03,2,1.0000000000000000e+00,2.8015848434488849e+01,-6.1754453350811875e+00,-7.9828755412165497e-01,4.5827206191989378e-02,1.6194253117260396e-01,1.6520514598857360e-02

4.0054153838782308e+03,0,1.0000000000000000e+00,-1.3246875296183781e+01,3.2570263417777667e-01,2.7830300422966592e-01,2.7626434578316039e-01,3.0036667451957072e-02,-1.5938551067870343e-02
4.0054153838782308e+03,1,1.0000000000000000e+00,-1.4996448059656689e+01,4.9910481054042961e+00,4.3229583934916060e-01,-3.1653560289387195e-01,-1.9310238365784507e-01,-7.3070915343232019e-04
4.0054153838782308e+03,2,1.0000000000000000e+00,2.8243323188741890e+01,-5.3167495848320812e+00,-7.1059882479043213e-01,4.0271257196550225e-02,1.6306571647434095e-01,1.6669260220392015e-02

4.0102112069577774e+03,0,1.0000000000000000e+00,-1.2159226641812825e+01,8.5629362816199706e-01,2.1779117666304837e-01,1.6203449128883812e-01,1.7925526212432347e-01,-9.0307181299142600e-03
4.0102112069577774e+03,1,1.0000000000000000e+00,-1.6265037946906112e+01,3.6763053742557306e+00,4.1257208559634423e-01,-1.9721245343669896e-01,-3.4318156785437165e-01,-7.7582380267076489e-03
4.0102112069577774e+03,2,1.0000000000000000e+00,2.8424264422126964e+01,-4.5325978459274303e+00,-6.3036324346916195e-01,3.5177962234360927e-02,1.6392630618810453e-01,1.6788956159603637e-02

4.0150645172762797e+03,0,1.0000000000000000e+00,-1.1797927583598444e+01,1.9061445068160934e+00,1.9194325474505625e-01,-1.8830804163419972e-02,2.3433024374633196e-01,-1.8207051705296587e-03
4.0150645172762797e+03,1,1.0000000000000000e+00,-1.6784475828180785e+01,1.8290122015644297e+00,3.5667364280492581e-01,-1.1156017459469751e-02,-3.9900211661980967e-01,-1.5074707265421802e-02
4.0150645172762797e+03,2,1.0000000000000000e+00,2.8582403245203288e+01,-3.7351555493998294e+00,-5.4861687872639786e-01,2.9986821527901088e-02,1.6467187340548567e-01,1.6895412446465221e-02

4.0198611829734268e+03,0,1.0000000000000000e+00,-1.2327236392264147e+01,2.9304877017492985e+00,1.9593202685447353e-01,-1.9572363227278827e-01,1.7449824806989772e-01,2.9043350456254072e-03
4.0198611829734268e+03,1,1.0000000000000000e+00,-1.6386708885106451e+01,1.3264410782989788e-02,2.7142040857378724e-01,1.7085804880882738e-01,-3.3978595977574139e-01,-1.9890178603561022e-02
4.0198611829734268e+03,2,1.0000000000000000e+00,2.8713945109947517e+01,-2.9437509512578397e+00,-4.6735241654663351e-01,2.4865583233499758e-02,1.6528771210388615e-01,1.6985843570160235e-02

4.0245206521613336e+03,0,1.0000000000000000e+00,-1.3526556828398842e+01,3.4289412793494121e+00,2.1271393580951514e-01,-3.0469971015618169e-01,2.8547546167400323e-02,3.5958105852590162e-03
4.0245206521613336e+03,1,1.0000000000000000e+00,-1.5291728822342588e+01,-1.2564732390701217e+00,1.7531663464318040e-01,2.8477317115216760e-01,-1.9429593569972822e-01,-2.0655205369488068e-02
4.0245206521613336e+03,2,1.0000000000000000e+00,2.8818285482325837e+01,-2.1724668775727149e+00,-3.8803055152552279e-01,1.9926538841627595e-02,1.6574838976275477e-01,1.7059394790743115e-02

4.0299369720583618e+03,0,1.0000000000000000e+00,-1.5245977010483198e+01,3.0103970440332253e+00,2.2288894369725054e-01,-3.0598366197080934e-01,-1.8355001017089476e-01,-6.5618743863229620e-04
4.0299369720583618e+03,1,1.0000000000000000e+00,-1.3664749090057338e+01,-1.7366911671119407e+00,7.2550627649032862e-02,2.9177655838964017e-01,1.7462278976680096e-02,-1.6470835886580801e-02
4.0299369720583618e+03,2,1.0000000000000000e+00,2.8910725931810934e+01,-1.2737047130596268e+00,-2.9543955240440090e-01,1.4207103624654438e-02,1.6608773143740527e-01,1.7127023325203963e-02

4.0349141288420160e+03,0,1.0000000000000000e+00,-1.6515175272952767e+01,1.6744629874148753e+00,2.0262346679888005e-01,-1.8737158878893637e-01,-3.4109153065315578e-01,-7.7921117558643754e-03
4.0349141288420160e+03,1,1.0000000000000000e+00,-1.2453140933650211e+01,-1.2277977116191563e+00,7.4532253576260754e-03,1.7844301243513258e-01,1.7487091970386415e-01,-9.3800138664104932e-03
4.0349141288420160e+03,2,1.0000000000000000e+00,2.8968316038293160e+01,-4.4666411028082709e-01,-2.1007667321219259e-01,8.9285764392464106e-03,1.6622061137981931e-01,1.7172125624765645e-02

4.0395152181940998e+03,0,1.0000000000000000e+00,-1.6989494596871012e+01,-6.8746270890715389e-02,1.5039371524509559e-01,-1.2956287955305568e-02,-3.9980070833813508e-01,-1.4758919992578870e-02
4.0395152181940998e+03,1,1.0000000000000000e+00,-1.2008620124373955e+01,-2.4941881752172201e-01,-1.9395722025145029e-02,8.9344540402176986e-03,2.3358320830513968e-01,-2.4406173400260533e-03
4.0395152181940998e+03,2,1.0000000000000000e+00,2.8998114553027641e+01,3.1816625621465733e-01,-1.3099797424793352e-01,4.0218338490931038e-03,1.6621750056834705e-01,1.7199537342249313e-02

4.0443382517590480e+03,0,1.0000000000000000e+00,-1.6590071779720930e+01,-1.9194237283873319e+00,6.5562463673019392e-02,1.7339953991029794e-01,-3.4865132799017656e-01,-1.9853201897963319e-02
4.0443382517590480e+03,1,1.0000000000000000e+00,-1.2415043273278483e+01,7.9981915558794814e-01,-1.7559524164497853e-02,-1.7228598585681043e-01,1.8254980424937356e-01,2.6389409946820340e-03
4.0443382517590480e+03,2,1.0000000000000000e+00,2.9005114884014013e+01,1.1196057430266353e+00,-4.8002920478478081e-02,-1.1135542857574621e-03,1.6610152417814772e-01,1.7214260916349262e-02

4.0490029133749226e+03,0,1.0000000000000000e+00,-1.5465969730682691e+01,-3.2418574195424190e+00,-3.1127438613676547e-02,2.9446539038949360e-01,-2.0653007196053078e-01,-2.0887119188802251e-02
4.0490029133749226e+03,1,1.0000000000000000e+00,-1.3522452511115777e+01,1.3479373800088998e+00,-1.1759810822294381e-03,-2.8843079045277897e-01,4.0661291433970931e-02,3.6717194298067669e-03
4.0490029133749226e+03,2,1.0000000000000000e+00,2.8988422071704004e+01,1.8939212113662185e+00,3.2303438778700483e-02,-6.0346001437968644e-03,1.6586878078310141e-01,1.7215399767471752e-02

4.0535336760297550e+03,0,1.0000000000000000e+00,-1.4041731381426899e+01,-3.7766517248473077e+00,-1.2031243048876421e-01,3.1702605386072619e-01,-2.7607001942783704e-02,-1.7865295602149351e-02
4.0535336760297550e+03,1,1.0000000000000000e+00,-1.4908609863376100e+01,1.1319868005746621e+00,1.0031410520588549e-02,-3.0625597379158770e-01,-1.3789914842045370e-01,6.6144524110894540e-04
4.0535336760297550e+03,2,1.0000000000000000e+00,2.8950341074135700e+01,2.6446660970828022e+00,1.1028103907352597e-01,-1.0770080105434621e-02,1.6550615057088325e-01,1.7203850362891817e-02

4.0585514650310629e+03,0,1.0000000000000000e+00,-1.2633012387116811e+01,-3.4507658877490175e+00,-1.9403737504204810e-01,2.2582292342460800e-01,1.4744518413260924e-01,-1.1103020040324669e-02
4.0585514650310629e+03,1,1.0000000000000000e+00,-1.6250169176983302e+01,-2.3015779001628989e-02,-2.5046128452198835e-03,-2.0982350025552346e-01,-3.1238105597341193e-01,-6.0723528016544057e-03
4.0585514650310629e+03,2,1.0000000000000000e+00,2.8883181393632878e+01,3.4737828409216935e+00,1.9654200699603125e-01,-1.5999423085932645e-02,1.6493587220105368e-01,1.7175372843099872e-02

4.0634372697333451e+03,0,1.0000000000000000e+00,-1.1926897335796554e+01,-2.4805711231214849e+00,-2.2959658336957317e-01,5.4547813576266868e-02,2.3156240578210058e-01,-3.5367720606305011e-03
4.0634372697333451e+03,1,1.0000000000000000e+00,-1.6865648023457823e+01,-1.7973799150491701e+00,-5.0759613906739443e-02,-3.3442906439079712e-02,-3.9579004496171460e-01,-1.3594474804087108e-02
4.0634372697333451e+03,2,1.0000000000000000e+00,2.8792545189020679e+01,4.2779522145441327e+00,2.8035621640545488e-01,-2.1104907158476099e-02,1.6422763969996187e-01,1.7131246872604759e-02

4.0683348275510139e+03,0,1.0000000000000000e+00,-1.2127745269856433e+01,-1.3783881848576858e+00,-2.3167283749663409e-01,-1.3302509342257951e-01,1.9869421412484917e-01,2.1604387607571766e-03
4.0683348275510139e+03,1,1.0000000000000000e+00,-1.6548901617877561e+01,-3.7018849676032746e+00,-1.3244507631917052e-01,1.5924511137616648e-01,-3.6208951862841693e-01,-1.9232340818952927e-02
4.0683348275510139e+03,2,1.0000000000000000e+00,2.8676646716908053e+01,5.0802743313825562e+00,3.6411793299951384e-01,-2.6220018166247673e-02,1.6339530498535168e-01,1.7071902071525508e-02

4.0729314522163468e+03,0,1.0000000000000000e+00,-1.3059582230924782e+01,-7.2663150450950376e-01,-2.1621477162205149e-01,-2.6003006184367300e-01,7.2331665780189403e-02,3.8908205706566900e-03
4.0729314522163468e+03,1,1.0000000000000000e+00,-1.5485584835597134e+01,-5.1027139249619129e+00,-2.2622469491235092e-01,2.9100714032384217e-01,-2.3484124863448080e-01,-2.0894904400262156e-02
4.0729314522163468e+03,2,1.0000000000000000e+00,2.8545166894550114e+01,5.8293466102191980e+00,4.4243948577670733e-01,-3.0977078731835535e-02,1.6250958316051492e-01,1.7004083840512215e-02

4.0778929193007061e+03,0,1.0000000000000000e+00,-1.4485762636184440e+01,-8.3113015407221180e-01,-2.0169547181218972e-01,-2.9485865454273824e-01,-1.1832381557678434e-01,1.2119898557107558e-03
4.0778929193007061e+03,1,1.0000000000000000e+00,-1.3893122099820717e+01,-5.8018596952672103e+00,-3.2490148836424432e-01,3.3089936762211808e-01,-4.3095187887345954e-02,-1.8130022308834804e-02
4.0778929193007061e+03,2,1.0000000000000000e+00,2.8378884563117225e+01,6.6329910312606097e+00,5.2659697945468387e-01,-3.6040713174503691e-02,1.6141900366390838e-01,1.6918032456666312e-02

4.0828155717376126e+03,0,1.0000000000000000e+00,-1.5778400234316805e+01,-1.8654660207587304e+00,-2.1014730107435009e-01,-2.1203098964259043e-01,-2.9358808570949546e-01,-5.0847577785065289e-03
4.0828155717376126e+03,1,1.0000000000000000e+00,-1.2410815764680848e+01,-5.5591387099409104e+00,-3.9949091611639814e-01,2.5304495281142009e-01,1.3341378642483098e-01,-1.1732949022837724e-02
4.0828155717376126e+03,2,1.0000000000000000e+00,2.8189215826074864e+01,7.4246059137967322e+00,6.0963823647632842e-01,-4.1013963110694274e-02,1.6017429959439705e-01,1.6817706802198434e-02

4.0878105923119660e+03,0,1.0000000000000000e+00,-1.6430301367748438e+01,-3.6177469060897862e+00,-2.5480842519159097e-01,-3.8593566917148492e-02,-3.8992144695747816e-01,-1.2768095418220854e-02
4.0878105923119660e+03,1,1.0000000000000000e+00,-1.1541476490626458e+01,-4.6034309014248098e+00,-4.3854490832091225e-01,8.4641549916110614e-02,2.3117456160312760e-01,-3.9307118940020685e-03
4.0878105923119660e+03,2,1.0000000000000000e+00,2.7971777685705774e+01,8.2211789926462941e+00,6.9335335281385668e-01,-4.6047982995175180e-02,1.5874688584841118e-01,1.6698807318749280e-02

4.0928005137171476e+03,0,1.0000000000000000e+00,-1.6122593754420564e+01,-5.5557399232497895e+00,-3.3477642228113980e-01,1.5956069797327643e-01,-3.6594372245649465e-01,-1.8767907123487630e-02
4.0928005137171476e+03,1,1.0000000000000000e+00,-1.1606870924214464e+01,-3.4537242003733652e+00,-4.4157146413999188e-01,-1.0849134735191374e-01,2.0875913480018826e-01,2.2043623951366609e-03
4.0928005137171476e+03,2,1.0000000000000000e+00,2.7729464505498264e+01,9.0094653113486327e+00,7.7634790577362156e-01,-5.1069350815574677e-02,1.5718458816100428e-01,1.6563544741548957e-02

4.0974441821281825e+03,0,1.0000000000000000e+00,-1.5029835419662170e+01,-6.9990152953473270e+00,-4.2806390993735677e-01,2.9889254755890493e-01,-2.4203016364393784e-01,-2.0716305494751487e-02
4.0974441821281825e+03,1,1.0000000000000000e+00,-1.2451704125423372e+01,-2.7367885180820997e+00,-4.2488309278662351e-01,-2.4319245187021743e-01,8.6400577179477495e-02,4.2908293076330678e-03
4.0974441821281825e+03,2,1.0000000000000000e+00,2.7481539370781331e+01,9.7358050031485135e+00,8.5294702213893492e-01,-5.5700095964607066e-02,1.5562958680329708e-01,1.6425476199435046e-02

4.1021432992471127e+03,0,1.0000000000000000e+00,-1.3471382354355148e+01,-7.7199053068401735e+00,-5.2154414467132193e-01,3.4628595179573229e-01,-6.0285015232046463e-02,-1.8367290302225676e-02
4.1021432992471127e+03,1,1.0000000000000000e+00,-1.3737551217393779e+01,-2.7433189725000364e+00,-4.0823934586052735e-01,-2.8597546046330691e-01,-9.3664295041179096e-02,2.0920469120451306e-03
4.1021432992471127e+03,2,1.0000000000000000e+00,2.7208933396362930e+01,1.0463225470269183e+01,9.2978350998949022e-01,-6.0310491489083129e-02,1.5394931047359037e-01,1.6275243395640595e-02

4.1067895112413589e+03,0,1.0000000000000000e+00,-1.1963685741447946e+01,-7.5812582918975338e+00,-5.9440164450164401e-01,2.8564072356343312e-01,1.1372009677195055e-01,-1.2551522367595807e-02
4.1067895112413589e+03,1,1.0000000000000000e+00,-1.4954587643070237e+01,-3.5931391488322779e+00,-4.1063260689124004e-01,-2.2084389733209592e-01,-2.6587754649409234e-01,-3.5633452452211722e-03
4.1067895112413589e+03,2,1.0000000000000000e+00,2.6918273208830662e+01,1.1174398632638418e+01,1.0050342708630122e+00,-6.4796826215232473e-02,1.5215744997734060e-01,1.6114867613809383e-02

4.1115995436915600e+03,0,1.0000000000000000e+00,-1.0928365063686456e+01,-6.7270190745923504e+00,-6.3662118331314632e-01,1.3354052864466182e-01,2.2564808940681635e-01,-4.9540266167164941e-03
4.1115995436915600e+03,1,1.0000000000000000e+00,-1.5667155177971669e+01,-5.1744956166938767e+00,-4.4549677897423234e-01,-6.4141597383089666e-02,-3.7579881839170359e-01,-1.0979566824932296e-02
4.1115995436915600e+03,2,1.0000000000000000e+00,2.6595520066178736e+01,1.1901515884859881e+01,1.0821179817673987e+00,-6.9398931229334451e-02,1.5015072942529548e-01,1.5933593446087971e-02

4.1164604274994927e+03,0,1.0000000000000000e+00,-1.0739216129751753e+01,-5.5750797398006924e+00,-6.4373415620461460e-01,-5.5838402947168131e-02,2.2846655210267725e-01,1.6160721961662513e-03
4.1164604274994927e+03,1,1.0000000000000000e+00,-1.5507700094064965e+01,-7.0510780352698887e+00,-5.1535607384234061e-01,1.2986846423897047e-01,-3.7644752305544732e-01,-1.7349918831858747e-02
4.1164604274994927e+03,2,1.0000000000000000e+00,2.6246916048119090e+01,1.2626158971070570e+01,1.1590902495669040e+00,-7.4030061431630850e-02,1.4798097147592423e-01,1.5733846647512185e-02

4.1212037420585430e+03,0,1.0000000000000000e+00,-1.1389751749170273e+01,-4.7024914680090664e+00,-6.2719163086117979e-01,-2.0776038195119956e-01,1.2394555897743251e-01,4.6737930227211451e-03
4.1212037420585430e+03,1,1.0000000000000000e+00,-1.4495361751711673e+01,-8.6203479582112159e+00,-6.0603967350163146e-01,2.8627380381994066e-01,-2.6970202711783220e-01,-2.0199365146969683e-02
4.1212037420585430e+03,2,1.0000000000000000e+00,2.5885113324123672e+01,1.3322840624473722e+01,1.2332313239468082e+00,-7.8513422151733250e-02,1.4575646853989427e-01,1.5525572138042974e-02

4.1259455334799659e+03,0,1.0000000000000000e+00,-1.2571016201578779e+01,-4.5084165801033045e+00,-6.0636243765456554e-01,-2.7301854013061649e-01,-4.8808759531802054e-02,3.3828365846571493e-03
4.1259455334799659e+03,1,1.0000000000000000e+00,-1.2931319392529762e+01,-9.5001137482390430e+00,-6.9997422398387277e-01,3.5593834010604136e-01,-9.4630112701845265e-02,-1.8690211898669949e-02
4.1259455334799659e+03,2,1.0000000000000000e+00,2.5502335416054144e+01,1.4008531528046035e+01,1.3063366812766914e+00,-8.2919800204003191e-02,1.4343887245759526e-01,1.5307375322211294e-02

4.1306176161328549e+03,0,1.0000000000000000e+00,-1.3787970392919465e+01,-5.1616860003046554e+00,-6.0113674720191090e-01,-2.3027982373887096e-01,-2.2683313175657099e-01,-1.6553999444547246e-03
4.1306176161328549e+03,1,1.0000000000000000e+00,-1.1316997742344764e+01,-9.5114599832992894e+00,-7.7619630240669435e-01,3.1744804361601381e-01,8.5787493856112063e-02,-1.3427131011268995e-02
4.1306176161328549e+03,2,1.0000000000000000e+00,2.5104967956552390e+01,1.4673147184231031e+01,1.3773330692690717e+00,-8.7168219926373150e-02,1.4104563810713638e-01,1.5082530957684484e-02

4.1354782174640177e+03,0,1.0000000000000000e+00,-1.4593955703082834e+01,-6.6119519481945233e+00,-6.2666882839956251e-01,-8.7943413666536893e-02,-3.5554533495053442e-01,-8.9983662875372464e-03
4.1354782174640177e+03,1,1.0000000000000000e+00,-1.0076747185377920e+01,-8.7404239311960872e+00,-8.2337882909196414e-01,1.7945277388734421e-01,2.1713293668392675e-01,-5.8364267462295612e-03
4.1354782174640177e+03,2,1.0000000000000000e+00,2.4670702709806967e+01,1.5352377081379423e+01,1.4500476771595852e+00,-9.1509360181614041e-02,1.3841239863840049e-01,1.4834793036435699e-02

4.1401974601589409e+03,0,1.0000000000000000e+00,-1.4575257069042056e+01,-8.3926388667810237e+00,-6.8551588314423850e-01,9.8628439492336559e-02,-3.8058326228955447e-01,-1.5641299544235585e-02
4.1401974601589409e+03,1,1.0000000000000000e+00,-9.6537364865557809e+00,-7.6066174213342439e+00,-8.3394129479164869e-01,-2.9481825422015967e-03,2.4487213174665862e-01,1.0632505901303976e-03
4.1401974601589409e+03,2,1.0000000000000000e+00,2.4228993376915106e+01,1.5999257492245123e+01,1.5194571976319597e+00,-9.5680257030474988e-02,1.3571113105506696e-01,1.4578048963739897e-02

4.1448619589385744e+03,0,1.0000000000000000e+00,-1.3704431221228990e+01,-1.0013882637983517e+01,-7.6864608450761518e-01,2.6672519559262226e-01,-2.9794735042011383e-01,-1.9378868664853298e-02
4.1448619589385744e+03,1,1.0000000000000000e+00,-1.0068713109597832e+01,-6.6119399719243965e+00,-8.1818983022159641e-01,-1.6695822922928194e-01,1.6502159094680963e-01,5.0689503113541430e-03
4.1448619589385744e+03,2,1.0000000000000000e+00,2.3773144151325582e+01,1.6625823816382844e+01,1.5868359344837122e+00,-9.9766966624227071e-02,1.3292575993171615e-01,1.4309918367830717e-02

4.1495398058533265e+03,0,1.0000000000000000e+00,-1.2198586366245737e+01,-1.1048959014910515e+01,-8.5996723896472904e-01,3.6097340619169860e-01,-1.3535130268913270e-01,-1.8924167881283347e-02
4.1495398058533265e+03,1,1.0000000000000000e+00,-1.1098396008193864e+01,-6.1919636317511770e+00,-7.9315877276369129e-01,-2.5717291310444312e-01,5.3062566308030301e-03,4.8933280676483858e-03
4.1495398058533265e+03,2,1.0000000000000000e+00,2.3296982193567693e+01,1.7240923854858259e+01,1.6531260315455141e+00,-1.0380049337585007e-01,1.3004504633147523e-01,1.4030839824769608e-02

4.1541195762061143e+03,0,1.0000000000000000e+00,-1.0529369446925484e+01,-1.1247310908608659e+01,-9.3780528238438732e-01,3.5028441741601374e-01,4.7459149573429699e-02,-1.4496464561126191e-02
4.1541195762061143e+03,1,1.0000000000000000e+00,-1.2283368325894216e+01,-6.5825730056676957e+00,-7.7893847130465277e-01,-2.4263114957082271e-01,-1.7459983616511729e-01,7.4657036397463190e-04
4.1541195762061143e+03,2,1.0000000000000000e+00,2.2812737590932393e+01,1.7829885123436071e+01,1.7167437735407152e+00,-1.0765326798138286e-01,1.2714068676921034e-01,1.3749894201171379e-02

4.1590815651188441e+03,0,1.0000000000000000e+00,-9.0500937630351288e+00,-1.0595652144394869e+01,-9.9164724843790419e-01,2.2984999000799192e-01,2.0223684216706439e-01,-6.9353547769980053e-03
4.1590815651188441e+03,1,1.0000000000000000e+00,-1.3218347067892791e+01,-7.8570509957076080e+00,-7.9254620762430639e-01,-1.1813413558762673e-01,-3.2610811492625746e-01,-6.4989450574519346e-03
4.1590815651188441e+03,2,1.0000000000000000e+00,2.2268440648811961e+01,1.8452704350344199e+01,1.7841934759236115e+00,-1.1171585440027229e-01,1.2387127305054391e-01,1.3434299835862418e-02

4.1638800304885408e+03,0,1.0000000000000000e+00,-8.3669595901212546e+00,-9.4519231195208633e+00,-1.0065777316056943e+00,4.9630842560136168e-02,2.5589563659277087e-01,4.9542292524015243e-04
4.1638800304885408e+03,1,1.0000000000000000e+00,-1.3356160908399469e+01,-9.5872945510788359e+00,-8.4131672841859406e-01,6.5932448230683893e-02,-3.7645916272511964e-01,-1.3608860763350555e-02
4.1638800304885408e+03,2,1.0000000000000000e+00,2.1723120316469085e+01,1.9039218882695565e+01,1.8478944799036419e+00,-1.1556329082110797e-01,1.2056352660347150e-01,1.3113437845166710e-02

4.1686263477741295e+03,0,1.0000000000000000e+00,-8.5619630618174654e+00,-8.3335235337505011e+00,-9.9125208711645474e-01,-1.2569422659394619e-01,1.9751098297601771e-01,5.3751542989251113e-03
4.1686263477741295e+03,1,1.0000000000000000e+00,-1.2603731861085699e+01,-1.1269893637083189e+01,-9.1809711399143679e-01,2.4501019991137934e-01,-3.1467004682508798e-01,-1.8155009813734729e-02
4.1686263477741295e+03,2,1.0000000000000000e+00,2.1165694740274269e+01,1.9603418385301310e+01,1.9093492210379557e+00,-1.1931597353535631e-01,1.1715906434020067e-01,1.2779855528454157e-02

4.1734692143503080e+03,0,1.0000000000000000e+00,-9.4783792142501611e+00,-7.7157292242204889e+00,-9.6156450693437900e-01,-2.3697527013603858e-01,4.6026543301087602e-02,6.1017133869717029e-03
4.1734692143503080e+03,1,1.0000000000000000e+00,-1.1100336079400734e+01,-1.2446452695243037e+01,-1.0088255327064928e+00,3.6005544068983375e-01,-1.5961132711849060e-01,-1.8528824959862421e-02
4.1734692143503080e+03,2,1.0000000000000000e+00,2.0578715109650602e+01,2.0162183135946865e+01,1.9703900596392159e+00,-1.2308017086848660e-01,1.1358478413997483e-01,1.2427111585914283e-02

4.1781893025341851e+03,0,1.0000000000000000e+00,-1.0650186528454039e+01,-7.9308619516896712e+00,-9.3976866776449564e-01,-2.4102679736240645e-01,-1.3773611950846776e-01,2.4925860698279002e-03
4.1781893025341851e+03,1,1.0000000000000000e+00,-9.3391113655818359e+00,-1.2759078972650503e+01,-1.0884520125992831e+00,3.6767563618153992e-01,2.7711044310192501e-02,-1.4568460827422447e-02
4.1781893025341851e+03,2,1.0000000000000000e+00,1.9989297708745084e+01,2.0689942141944289e+01,2.0282207004081179e+00,-1.2664883902211693e-01,1.1002507537356825e-01,1.2075874763616429e-02

4.1831269664249103e+03,0,1.0000000000000000e+00,-1.1616489356770916e+01,-9.0347365331330174e+00,-9.4365678470386172e-01,-1.3341289907082518e-01,-2.9837739682664483e-01,-4.4081541440057076e-03
4.1831269664249103e+03,1,1.0000000000000000e+00,-7.7385112089308130e+00,-1.2189087717473914e+01,-1.1432672728102518e+00,2.6366371283777090e-01,1.9217259980643464e-01,-7.2919713975828152e-03
4.1831269664249103e+03,2,1.0000000000000000e+00,1.9355000379890303e+01,2.1223825469113148e+01,2.0869240775731086e+00,-1.3025081378566472e-01,1.0620479724884085e-01,1.1700125542726744e-02

4.1878344702525274e+03,0,1.0000000000000000e+00,-1.1852471912080562e+01,-1.0639606024731844e+01,-9.8157551076783811e-01,4.0202622870654348e-02,-3.6634660271683173e-01,-1.1573728235277175e-02
4.1878344702525274e+03,1,1.0000000000000000e+00,-6.8815168352792790e+00,-1.1075363349891362e+01,-1.1595593922238334e+00,9.3369986768556679e-02,2.6390912375827524e-01,2.4471261865233358e-04
4.1878344702525274e+03,2,1.0000000000000000e+00,1.8733988561589669e+01,2.1714970594629726e+01,2.1411349230613110e+00,-1.3357260963960971e-01,1.0243747937101907e-01,1.1329015621304500e-02

4.1924635717056644e+03,0,1.0000000000000000e+00,-1.1239214948541569e+01,-1.2285513438552401e+01,-1.0481453653339095e+00,2.2117140428675144e-01,-3.2704372101596996e-01,-1.6683716465085888e-02
4.1924635717056644e+03,1,1.0000000000000000e+00,-6.8690464701080689e+00,-9.8948198877238394e+00,-1.1445577791097543e+00,-8.4409859848227603e-02,2.2844160821361698e-01,5.7353013245304944e-03
4.1924635717056644e+03,2,1.0000000000000000e+00,1.8108261232545587e+01,2.2180334548469851e+01,2.1927031645522104e+00,-1.3676154460073753e-01,9.8602113303334210e-02,1.0948415152579431e-02

4.1975020594304133e+03,0,1.0000000000000000e+00,-9.7386602780337626e+00,-1.3597132978255129e+01,-1.1375401590337249e+00,3.5873568715339177e-01,-1.7887040956362354e-01,-1.7946454150797198e-02
4.1975020594304133e+03,1,1.0000000000000000e+00,-7.6719395789301510e+00,-9.0692311064684148e+00,-1.1092501362729847e+00,-2.1857871917601823e-01,8.4562093409280892e-02,7.4273248407110345e-03
4.1975020594304133e+03,2,1.0000000000000000e+00,1.7410599669575582e+01,2.2666365309197506e+01,2.2467903154856939e+00,-1.4015696829825736e-01,9.4308316525118535e-02,1.0519129324376849e-02

4.2023859010760980e+03,0,1.0000000000000000e+00,-7.8788938768792223e+00,-1.4001557670049745e+01,-1.2181806948131495e+00,3.8275299646200034e-01,1.5566857980206794e-02,-1.4339568924915341e-02
4.2023859010760980e+03,1,1.0000000000000000e+00,-8.8393657150636837e+00,-9.1150648753595505e+00,-1.0789489994565731e+00,-2.3940768350299302e-01,-1.0563467105073998e-01,4.2449603775408084e-03
4.2023859010760980e+03,2,1.0000000000000000e+00,1.6718259403046787e+01,2.3116623771204239e+01,2.2971297145053056e+00,-1.4334531321728983e-01,9.0067813254690238e-02,1.0094608555308856e-02

4.2070025154254645e+03,0,1.0000000000000000e+00,-6.2701561143843056e+00,-1.3532328534512740e+01,-1.2698857917148976e+00,2.9833117325342051e-01,1.7921419133963815e-01,-7.7009256685685659e-03
4.2070025154254645e+03,1,1.0000000000000000e+00,-9.7796197347365386e+00,-9.9907269787287198e+00,-1.0729107333071646e+00,-1.5209976758619037e-01,-2.6520802217121964e-01,-1.9871260921045814e-03
4.2070025154254645e+03,2,1.0000000000000000e+00,1.6049775659452031e+01,2.3523056739779431e+01,2.3427965452778419e+00,-1.4623140574172383e-01,8.5993831005592714e-02,9.6880517622506476e-03

4.2115845904984017e+03,0,1.0000000000000000e+00,-5.2452731357639042e+00,-1.2471994677775324e+01,-1.2878054149870342e+00,1.4062885838246525e-01,2.6812675758601956e-01,-1.6740048416188924e-04
4.2115845904984017e+03,1,1.0000000000000000e+00,-1.0128148002413360e+01,-1.1435659799850026e+01,-1.0984423076428520e+00,8.3369595992082712e-03,-3.4998596770079038e-01,-9.1083289015031540e-03
4.2115845904984017e+03,2,1.0000000000000000e+00,1.5373420948433944e+01,2.3907655705294484e+01,2.3862477428916327e+00,-1.4896581797099046e-01,8.1859210450765163e-02,9.2757293881093935e-03

4.2168451695424510e+03,0,1.0000000000000000e+00,-5.0487478893803388e+00,-1.1061322245917321e+01,-1.2694300040857187e+00,-6.3038202438757102e-02,2.4528859947912271e-01,6.5603883127537529e-03
4.2168451695424510e+03,1,1.0000000000000000e+00,-9.5330637273383587e+00,-1.3264159753909603e+01,-1.1643317979268613e+00,2.1501120435238821e-01,-3.2225465544165766e-01,-1.5345469570414605e-02
4.2168451695424510e+03,2,1.0000000000000000e+00,1.4581811426756984e+01,2.4325483229744112e+01,2.4337618223073778e+00,-1.5197300204191633e-01,7.6966056449960879e-02,8.7850812682203940e-03

4.2218222270022361e+03,0,1.0000000000000000e+00,-5.7443823122746345e+00,-1.0136932944346000e+01,-1.2295321269131860e+00,-2.0205565993853813e-01,1.1135652137489434e-01,8.6556972243517667e-03
4.2218222270022361e+03,1,1.0000000000000000e+00,-8.0741842635926435e+00,-1.4559804362058639e+01,-1.2467614837696908e+00,3.5677223691605664e-01,-1.8355893300493997e-01,-1.6959458919344216e-02
4.2218222270022361e+03,2,1.0000000000000000e+00,1.3818566384771607e+01,2.4696738538628573e+01,2.4762936310440127e+00,-1.5471657728811070e-01,7.2202412031530619e-02,8.3037617096500087e-03

4.2267095612203329e+03,0,1.0000000000000000e+00,-6.8585758633068732e+00,-1.0040593110225291e+01,-1.1920539757698219e+00,-2.3427938396008235e-01,-7.5376063902428223e-02,5.9311508488857157e-03
4.2267095612203329e+03,1,1.0000000000000000e+00,-6.1974617824493290e+00,-1.4997415479342353e+01,-1.3236472359783711e+00,3.9158559615439753e-01,7.9328634851249663e-03,-1.3752902609982819e-02
4.2267095612203329e+03,2,1.0000000000000000e+00,1.3056037453071093e+01,2.5038009823261479e+01,2.5157012321719225e+00,-1.5730621249413779e-01,6.7443200620391400e-02,7.8217517707825489e-03

4.2312133492188386e+03,0,1.0000000000000000e+00,-7.7837843652226830e+00,-1.0755516677156443e+01,-1.1775141229800457e+00,-1.6115195273871349e-01,-2.3524932792313891e-01,1.4225588255791562e-04
4.2312133492188386e+03,1,1.0000000000000000e+00,-4.5586346185909861e+00,-1.4576277476450430e+01,-1.3724075981765267e+00,3.2072035089998119e-01,1.7223860718943024e-01,-7.5163169718489289e-03
4.2312133492188386e+03,2,1.0000000000000000e+00,1.2342418790132069e+01,2.5331795387999982e+01,2.5499217416070130e+00,-1.5956839829212852e-01,6.3010720873628911e-02,7.3740610918197769e-03

4.2356113007782569e+03,0,1.0000000000000000e+00,-8.1933990254276896e+00,-1.2027448117306644e+01,-1.1919195676758143e+00,-1.6098267580403364e-02,-3.2982683041042354e-01,-6.7146934708895772e-03
4.2356113007782569e+03,1,1.0000000000000000e+00,-3.4426376970841144e+00,-1.3571847002977321e+01,-1.3894635198683187e+00,1.7773946299060214e-01,2.7120157959245855e-01,-2.1731258205515743e-04
4.2356113007782569e+03,2,1.0000000000000000e+00,1.1636036528588731e+01,2.5599296355504890e+01,2.5813831079993497e+00,-1.6164119541119318e-01,5.8625251078626983e-02,6.9320060538905813e-03

4.2409230183799918e+03,0,1.0000000000000000e+00,-7.7199540876261352e+00,-1.3823055256059172e+01,-1.2471636788306106e+00,1.9399538104659947e-01,-3.2267625934326571e-01,-1.3559411339382259e-02
4.2409230183799918e+03,1,1.0000000000000000e+00,-3.0512192003789078e+00,-1.2073323067263480e+01,-1.3695938453152636e+00,-3.0021422520966734e-02,2.6946695544031452e-01,7.1751582781663381e-03
4.2409230183799918e+03,2,1.0000000000000000e+00,1.0771173093988637e+01,2.5896379560492946e+01,2.6167575446222044e+00,-1.6397395860426855e-01,5.3209304358737414e-02,6.3842530693189598e-03

4.2459439836239717e+03,0,1.0000000000000000e+00,-6.3212278630493888e+00,-1.5166089706202703e+01,-1.3232585711139406e+00,3.4986863395609258e-01,-1.9560103950009600e-01,-1.5926886292754155e-02
4.2459439836239717e+03,1,1.0000000000000000e+00,-3.6214004190975295e+00,-1.0984305828680876e+01,-1.3242164211404892e+00,-1.8382840431867520e-01,1.4764820854491545e-01,1.0078137443460124e-02
4.2459439836239717e+03,2,1.0000000000000000e+00,9.9426280872166863e+00,2.6150396774398821e+01,2.6474750127903146e+00,-1.6604022991971362e-01,4.7952831389832126e-02,5.8487488637927586e-03

4.2508159702459252e+03,0,1.0000000000000000e+00,-4.4447542371639575e+00,-1.5670910013904244e+01,-1.3964140931860014e+00,4.0093506623780711e-01,-6.3930723626468566e-03,-1.3313187010284664e-02
4.2508159702459252e+03,1,1.0000000000000000e+00,-4.6842751415899633e+00,-1.0700488363468677e+01,-1.2782652827087941e+00,-2.3300454884637117e-01,-3.6367571965381318e-02,7.9953705612836826e-03
4.2508159702459252e+03,2,1.0000000000000000e+00,9.1290291822223040e+00,2.6371399618550249e+01,2.6746793964983029e+00,-1.6793051772678186e-01,4.2760644565138964e-02,5.3178164606644800e-03

4.2555306991938851e+03,0,1.0000000000000000e+00,-2.6617099581583994e+00,-1.5265686124713859e+01,-1.4453733854233926e+00,3.3775755084468340e-01,1.7176888533192450e-01,-6.9838528867768226e-03
4.2555306991938851e+03,1,1.0000000000000000e+00,-5.6715104134445582e+00,-1.1295386144613149e+01,-1.2531596870537398e+00,-1.6812841576171478e-01,-2.0946363501958179e-01,2.1830447483065785e-03
4.2555306991938851e+03,2,1.0000000000000000e+00,8.3332201737977947e+00,2.6561073511268546e+01,2.6985330931168452e+00,-1.6962913526473250e-01,3.7694749806168965e-02,4.8008081421113021e-03

4.2600916231393103e+03,0,1.0000000000000000e+00,-1.4282844615209696e+00,-1.4201163492798305e+01,-1.4598806934871840e+00,1.9283999815181604e-01,2.8088153256816850e-01,6.7047626566063036e-04
4.2600916231393103e+03,1,1.0000000000000000e+00,-6.1278134236695720e+00,-1.2520596547656876e+01,-1.2594048453428250e+00,-2.1722144297045026e-02,-3.1364210190150321e-01,-4.9691179004494861e-03
4.2600916231393103e+03,2,1.0000000000000000e+00,7.5560976869681493e+00,2.6721761283071086e+01,2.7192855594753791e+00,-1.7111785387336784e-01,3.2760569542112927e-02,4.2986416349611398e-03

4.2654131521153531e+03,0,1.0000000000000000e+00,-9.5595094833396210e-01,-1.2631782495938914e+01,-1.4346969452924210e+00,-1.5440177444524888e-02,2.8537725920398205e-01,8.2841868111304291e-03
4.2654131521153531e+03,1,1.0000000000000000e+00,-5.6853670627966846e+00,-1.4248823298234164e+01,-1.3058856618412824e+00,1.8809017692832666e-01,-3.1229616426071682e-01,-1.1987099044352582e-02
4.2654131521153531e+03,2,1.0000000000000000e+00,6.6413178128478965e+00,2.6880607038480342e+01,2.7405826277922678e+00,-1.7264999953539514e-01,2.6918905475821986e-02,3.7029122394572483e-03

4.2704531668066811e+03,0,1.0000000000000000e+00,-1.4627416748723148e+00,-1.1444535653725463e+01,-1.3828620508375842e+00,-1.7290027050005319e-01,1.6888688059256537e-01,1.1471545168299596e-02
4.2704531668066811e+03,1,1.0000000000000000e+00,-4.3051462221618939e+00,-1.5557543247302378e+01,-1.3749271243989978e+00,3.4682265125305667e-01,-1.9015119854630955e-01,-1.4593861105796045e-02
4.2704531668066811e+03,2,1.0000000000000000e+00,5.7678876979966471e+00,2.7002080147618795e+01,2.7577891959476002e+00,-1.7392238100716925e-01,2.1264318397354754e-02,3.1223159512697111e-03

4.2754138325822787e+03,0,1.0000000000000000e+00,-2.5067923036230777e+00,-1.1048107118150895e+01,-1.3285197465897620e+00,-2.2835514045461752e-01,-1.4935908946410770e-02,9.6210946742237673e-03
4.2754138325822787e+03,1,1.0000000000000000e+00,-2.3955128895405524e+00,-1.6045439263597562e+01,-1.4433127013057527e+00,4.0338866828358616e-01,-6.6527175698343280e-04,-1.2159280194473925e-02
4.2754138325822787e+03,2,1.0000000000000000e+00,4.9023049925397846e+00,2.7093547630129024e+01,2.7718324686763709e+00,-1.7503352817697612e-01,1.5601180961722649e-02,2.5381855328841757e-03

4.2801303929750557e+03,0,1.0000000000000000e+00,-3.4860769748443818e+00,-1.1541082294472361e+01,-1.2952933570297809e+00,-1.6929141287381283e-01,-1.8823745333305780e-01,3.9789996187982769e-03
4.2801303929750557e+03,1,1.0000000000000000e+00,-5.8844239651901331e-01,-1.5613266454975559e+01,-1.4871931246069714e+00,3.4524600865197536e-01,1.7805843774714636e-01,-5.9586059802738470e-03
4.2801303929750557e+03,2,1.0000000000000000e+00,4.0745191693264582e+00,2.7154349998631375e+01,2.7824865024594940e+00,-1.7595459600027982e-01,1.0179015693567477e-02,1.9796063661972948e-03

4.2846502662012081e+03,0,1.0000000000000000e+00,-3.9576122078597664e+00,-1.2664819694434694e+01,-1.2931045327515185e+00,-2.8820118956863677e-02,-2.9563866327103933e-01,-3.0883099235048139e-03
4.2846502662012081e+03,1,1.0000000000000000e+00,6.8009446873684753e-01,-1.4523778750921716e+01,-1.4971216472653848e+00,2.0550318531539677e-01,2.9066433233475492e-01,1.6431697222162376e-03
4.2846502662012081e+03,2,1.0000000000000000e+00,3.2775175365086606e+00,2.7188599695062212e+01,2.7902262008470315e+00,-1.7668306640145362e-01,4.9743310941869987e-03,1.4451402009751026e-03

4.2899138789990393e+03,0,1.0000000000000000e+00,-3.5676203832885998e+00,-1.4299942310965239e+01,-1.3294532087164241e+00,1.7822996982049927e-01,-3.0259773239329008e-01,-1.0261271060457534e-02
4.2899138789990393e+03,1,1.0000000000000000e+00,1.2218510359355825e+00,-1.2898818809217117e+01,-1.4667344475666637e+00,-9.1976324833081824e-04,3.0372201168189111e-01,9.4428466495524548e-03
4.2899138789990393e+03,2,1.0000000000000000e+00,2.3457691446867051e+00,2.7198762371270128e+01,2.7961876771184899e+00,-1.7731020659652819e-01,-1.1242789170591849e-03,8.1842441497849416e-04

4.2948864997282653e+03,0,1.0000000000000000e+00,-2.2481101169858926e+00,-1.5564636846183712e+01,-1.3898415934281130e+00,3.4082017524885488e-01,-1.8879894220241561e-01,-1.3237789979361134e-02
4.2948864997282653e+03,1,1.0000000000000000e+00,7.8506082394723187e-01,-1.1614035395795346e+01,-1.4089184659156546e+00,-1.6313020733066019e-01,1.9577126792236965e-01,1.3024048193139744e-02
4.2948864997282653e+03,2,1.0000000000000000e+00,1.4630490898202495e+00,2.7178673495205516e+01,2.7987600802213315e+00,-1.7768996813287971e-01,-6.9723252718436879e-03,2.1374179874697301e-04

4.2996971004778788e+03,0,1.0000000000000000e+00,-4.0690061143246692e-01,-1.6050851133395724e+01,-1.4507739850083001e+00,4.0617216851752735e-01,-6.5855310599632344e-03,-1.1294309036502604e-02
4.2996971004778788e+03,1,1.0000000000000000e+00,-2.0080903578103482e-01,-1.1080488338944381e+01,-1.3475812076820703e+00,-2.2828079988915739e-01,1.9303416374643223e-02,1.1677879393770222e-02
4.2996971004778788e+03,2,1.0000000000000000e+00,6.0770944255860138e-01,2.7131340727423197e+01,2.7983552136352605e+00,-1.7789136898098723e-01,-1.2717885019535136e-02,-3.8357034352461475e-04

4.3044279958819270e+03,0,1.0000000000000000e+00,1.4436642449990318e+00,-1.5634642067692365e+01,-1.4912983276727874e+00,3.5777128655146156e-01,1.7756714952496122e-01,-5.2970526585897973e-03
4.3044279958819270e+03,1,1.0000000000000000e+00,-1.2096018988406021e+00,-1.1423076111640970e+01,-1.3038430114634623e+00,-1.7982541177916128e-01,-1.5915998165986189e-01,6.2720229778318662e-03
4.3044279958819270e+03,2,1.0000000000000000e+00,-2.3406255236968221e-01,2.7057719435330899e+01,2.7951413601308484e+00,-1.7794587504133147e-01,-1.8407167756553128e-02,-9.7497031284292639e-04

4.3089066725140547e+03,0,1.0000000000000000e+00,2.7726959892157623e+00,-1.4541947412537017e+01,-1.4983155244030650e+00,2.2457982435413659e-01,2.9762074904148683e-01,2.2774400757711527e-03
4.3089066725140547e+03,1,1.0000000000000000e+00,-1.7418290957526823e+00,-1.2421283251908658e+01,-1.2912104532632755e+00,-4.6731069985119333e-02,-2.7383678598624472e-01,-7.4543409116352172e-04
4.3089066725140547e+03,2,1.0000000000000000e+00,-1.0308671004540684e+00,2.6963231920843906e+01,2.7895259986726133e+00,-1.7784875444840018e-01,-2.3783962948609183e-02,-1.5320059849345570e-03

4.3141268034181094e+03,0,1.0000000000000000e+00,3.4181983406619807e+00,-1.2863230098656697e+01,-1.4643469632629071e+00,2.0352939588990621e-02,3.2297480141026080e-01,1.0326289363377369e-02
4.3141268034181094e+03,1,1.0000000000000000e+00,-1.4597043919670742e+00,-1.3959524510694763e+01,-1.3154927540724080e+00,1.5715902504267196e-01,-2.9293683045346630e-01,-8.1468026844683829e-03
4.3141268034181094e+03,2,1.0000000000000000e+00,-1.9584941557791158e+00,2.6822755866786171e+01,2.7798397383398430e+00,-1.7751196463239163e-01,-3.0037970648941814e-02,-2.1794866772740758e-03

4.3190660388708529e+03,0,1.0000000000000000e+00,3.0791824874851077e+00,-1.1460635627479636e+01,-1.4013933219585697e+00,-1.4734524730806745e-01,2.2752642537517581e-01,1.4417992229736738e-02
4.3190660388708529e+03,1,1.0000000000000000e+00,-2.4520040732455683e-01,-1.5199079381313163e+01,-1.3661558356214558e+00,3.2429859896972280e-01,-1.9153608977266412e-01,-1.1618965467467209e-02
4.3190660388708529e+03,2,1.0000000000000000e+00,-2.8339822875714473e+00,2.6659716268152270e+01,2.7675491786136055e+00,-1.7695335182051239e-01,-3.5990335164303763e-02,-2.7990267519531565e-03

4.3241338068146297e+03,0,1.0000000000000000e+00,2.0816509984482323e+00,-1.0740919037709659e+01,-1.3283222846713878e+00,-2.2671564303865954e-01,4.8038220253677148e-02,1.3536385751850288e-02
4.3241338068146297e+03,1,1.0000000000000000e+00,1.6471650768937174e+00,-1.5720778402266193e+01,-1.4234061913374350e+00,4.0287568819495068e-01,-5.8689586467046764e-03,-1.0090022725271749e-02
4.3241338068146297e+03,2,1.0000000000000000e+00,-3.7288162840744308e+00,2.6461698701369343e+01,2.7517284971086688e+00,-1.7616004549599301e-01,-4.2169261281898136e-02,-3.4463630124868254e-03

4.3289328963208791e+03,0,1.0000000000000000e+00,1.0447258298253743e+00,-1.0955393969880728e+01,-1.2744180925443738e+00,-1.8661685761533739e-01,-1.3328191091995237e-01,8.3479337057212142e-03
4.3289328963208791e+03,1,1.0000000000000000e+00,3.5273446233237760e+00,-1.5289797369782507e+01,-1.4592880447521470e+00,3.6185306623729951e-01,1.8134181203623365e-01,-4.2836455697137787e-03
4.3289328963208791e+03,2,1.0000000000000000e+00,-4.5720706635186046e+00,2.6245192602106425e+01,2.7337061584522386e+00,-1.7523620892425792e-01,-4.8059900996589189e-02,-4.0642881280758148e-03

4.3334699499869748e+03,0,1.0000000000000000e+00,4.6323637722574151e-01,-1.1862029581062263e+01,-1.2521666978250896e+00,-5.7812279708310488e-02,-2.5394558380399995e-01,1.3070341356907740e-03
4.3334699499869748e+03,1,1.0000000000000000e+00,4.9016250854765495e+00,-1.4152509313576312e+01,-1.4617811912202150e+00,2.3202376250704837e-01,3.0755339431599266e-01,3.3372764209222807e-03
4.3334699499869748e+03,2,1.0000000000000000e+00,-5.3648616740358390e+00,2.6014540157429746e+01,2.7139479102178821e+00,-1.7421148291265662e-01,-5.3607810442092250e-02,-4.6443105565782726e-03

4.3380467702399810e+03,0,1.0000000000000000e+00,5.9593711842123298e-01,-1.3133615993566412e+01,-1.2623173602276729e+00,1.1908807203950836e-01,-2.8454509913276521e-01,-5.4855075348174123e-03
4.3380467702399810e+03,1,1.0000000000000000e+00,5.5635621431405484e+00,-1.2622856800696891e+01,-1.4290479983301230e+00,5.3912121273479469e-02,3.4370045289300039e-01,1.0708652718946589e-02
4.3380467702399810e+03,2,1.0000000000000000e+00,-6.1594994730654689e+00,2.5756474057661830e+01,2.6913653797246999e+00,-1.7300019330229596e-01,-5.9155353540384197e-02,-5.2231451850413332e-03

4.3431325127444861e+03,0,1.0000000000000000e+00,1.6870080578057518e+00,-1.4413273835704114e+01,-1.3033480688253216e+00,3.0116954090052739e-01,-1.9892624048452467e-01,-9.9028953951205007e-03
4.3431325127444861e+03,1,1.0000000000000000e+00,5.3483893550307489e+00,-1.1026750576360225e+01,-1.3598216857334795e+00,-1.2976255423243982e-01,2.6421559778354209e-01,1.5768539830508001e-02
4.3431325127444861e+03,2,1.0000000000000000e+00,-7.0353976244449008e+00,2.5440025677118189e+01,2.6631697757393646e+00,-1.7140698676068872e-01,-6.5289356890056660e-02,-5.8656444281566210e-03

4.3480768641090463e+03,0,1.0000000000000000e+00,3.4553141569964865e+00,-1.4992493073070406e+01,-1.3529152303082610e+00,3.9612285929203583e-01,-2.5196796728379184e-02,-9.2798056133006398e-03
4.3480768641090463e+03,1,1.0000000000000000e+00,4.4232212433035425e+00,-1.0109938658883696e+01,-1.2796948086185731e+00,-2.2651832199568223e-01,9.6470731229663403e-02,1.5777003409812820e-02
4.3480768641090463e+03,2,1.0000000000000000e+00,-7.8785356128994266e+00,2.5102432999044542e+01,2.6326100601627296e+00,-1.6960453759730304e-01,-7.1273934130949401e-02,-6.4971977826594404e-03

4.3529916738053798e+03,0,1.0000000000000000e+00,5.3939154156837006e+00,-1.4627647495844631e+01,-1.3869802715789876e+00,3.7233723586822731e-01,1.7123541695910435e-01,-3.9025973211028195e-03
4.3529916738053798e+03,1,1.0000000000000000e+00,3.3133469513692830e+00,-1.0109801501517826e+01,-1.2121421695410397e+00,-2.0473673122467595e-01,-9.3984267426430373e-02,1.1032758750650094e-02
4.3529916738053798e+03,2,1.0000000000000000e+00,-8.7072625813276954e+00,2.4737450265764853e+01,2.5991224624192775e+00,-1.6760050498063558e-01,-7.7251149377476958e-02,-7.1301614193914863e-03

4.3575384680766520e+03,0,1.0000000000000000e+00,6.8434014140266646e+00,-1.3508800833077322e+01,-1.3880638919397572e+00,2.5212336226778642e-01,3.0923463185603894e-01,3.6420987673136786e-03
4.3575384680766520e+03,1,1.0000000000000000e+00,2.6213852570652536e+00,-1.0864865106171820e+01,-1.1773140290340678e+00,-8.6536346867764569e-02,-2.2647747707631749e-01,4.0695835808979173e-03
4.3575384680766520e+03,2,1.0000000000000000e+00,-9.4647868865637186e+00,2.4373667208025715e+01,2.5653779422994152e+00,-1.6558701556884048e-01,-8.2757154737967603e-02,-7.7116823467773760e-03

4.3621306392208071e+03,0,1.0000000000000000e+00,7.6072330791643523e+00,-1.1933320648716048e+01,-1.3533028480155669e+00,7.5957905851193358e-02,3.5981337953357145e-01,1.1287859176858265e-02
4.3621306392208071e+03,1,1.0000000000000000e+00,2.6129812989828451e+00,-1.2047682182369094e+01,-1.1753320215600358e+00,8.7431760359798799e-02,-2.7157150810453262e-01,-2.9987892315754341e-03
4.3621306392208071e+03,2,1.0000000000000000e+00,-1.0220214593954166e+01,2.3981004100212914e+01,2.5286348908955407e+00,-1.6338966620862164e-01,-8.8241871284592877e-02,-8.2890699476684329e-03

4.3671018698807575e+03,0,1.0000000000000000e+00,7.5060600306099854e+00,-1.0249789293603818e+01,-1.2817212404153326e+00,-1.0984319060218045e-01,2.9816758697804835e-01,1.6842293117154409e-02
4.3671018698807575e+03,1,1.0000000000000000e+00,3.5200306286649292e+00,-1.3277984197450991e+01,-1.2041722285790586e+00,2.7062618961011187e-01,-2.0408198939908762e-01,-7.9366614419399441e-03
4.3671018698807575e+03,2,1.0000000000000000e+00,-1.1026090875042415e+01,2.3527774761442394e+01,2.4858934903140222e+00,-1.6078299903844717e-01,-9.4085597223461853e-02,-8.9056316715124956e-03

4.3720204904049742e+03,0,1.0000000000000000e+00,6.6487040447501595e+00,-9.1365530070277785e+00,-1.1946774917534246e+00,-2.2239299971374082e-01,1.4298115997722299e-01,1.7708560521281544e-02
4.3720204904049742e+03,1,1.0000000000000000e+00,5.1613294347259728e+00,-1.3914344524806609e+01,-1.2459147103459796e+00,3.8033071083514747e-01,-4.3164054978387101e-02,-8.1933938913177767e-03
4.3720204904049742e+03,2,1.0000000000000000e+00,-1.1810033695880771e+01,2.3050898804178168e+01,2.4405922234598174e+00,-1.5793771135865281e-01,-9.9817104602148682e-02,-9.5151666177597429e-03

4.3769952469223908e+03,0,1.0000000000000000e+00,5.4925443122904873e+00,-8.9043857944198130e+00,-1.1147701920646660e+00,-2.2180905016573615e-01,-4.9431990304250550e-02,1.3675428352190282e-02
4.3769952469223908e+03,1,1.0000000000000000e+00,7.0954957426392173e+00,-1.3635549778508572e+01,-1.2769466896358321e+00,3.7661429053936779e-01,1.5503523215288656e-01,-3.5411536965611282e-03
4.3769952469223908e+03,2,1.0000000000000000e+00,-1.2588040272887174e+01,2.2539936846841037e+01,2.3917169031259653e+00,-1.5480524072237728e-01,-1.0560324163914830e-01,-1.0134274643639729e-02

4.3816117392671567e+03,0,1.0000000000000000e+00,4.6750097651204374e+00,-9.4919761455437310e+00,-1.0665604643368871e+00,-1.1780521771342181e-01,-1.9477700769018691e-01,6.9071298557664071e-03
4.3816117392671567e+03,1,1.0000000000000000e+00,8.6206112316639114e+00,-1.2548097467552319e+01,-1.2770511701808429e+00,2.6951846438611893e-01,3.0571892178486304e-01,3.7977777319341786e-03
4.3816117392671567e+03,2,1.0000000000000000e+00,-1.3295621216146214e+01,2.2040074887530196e+01,2.3436116559808409e+00,-1.5171324690039792e-01,-1.1094191405540596e-01,-1.0704907584026816e-02

4.3862140047526354e+03,0,1.0000000000000000e+00,4.5044518798437441e+00,-1.0569856851329043e+01,-1.0518284260334987e+00,5.0075628641558956e-02,-2.5707799205410192e-01,-3.7839712327437589e-04
4.3862140047526354e+03,1,1.0000000000000000e+00,9.4820076456427707e+00,-1.0947546980774360e+01,-1.2412293893143027e+00,9.8401900843186452e-02,3.7325214594106099e-01,1.1640168805023292e-02
4.3862140047526354e+03,2,1.0000000000000000e+00,-1.3986459745415798e+01,2.1517405106706995e+01,2.2930578368100085e+00,-1.4847752951101156e-01,-1.1617415381357947e-01,-1.1261771684655239e-02

4.3913362466751541e+03,0,1.0000000000000000e+00,5.2705631582653272e+00,-1.1806160428522332e+01,-1.0700765898428228e+00,2.4371473717510489e-01,-2.0440551756893405e-01,-6.0935379203857706e-03
4.3913362466751541e+03,1,1.0000000000000000e+00,9.4667870405568237e+00,-9.1015796037132848e+00,-1.1637435398052414e+00,-9.9044876851675179e-02,3.2624957917929359e-01,1.7958905179284224e-02
4.3913362466751541e+03,2,1.0000000000000000e+00,-1.4737350418655348e+01,2.0907741307751635e+01,2.2338201510992026e+00,-1.4466986030725376e-01,-1.2184406131789048e-01,-1.1865367258353630e-02

4.3961459139658309e+03,0,1.0000000000000000e+00,6.7668838436560961e+00,-1.2461203201776129e+01,-1.1036602087737708e+00,3.6361595227977672e-01,-5.5515336821907929e-02,-7.0615213654304388e-03
4.3961459139658309e+03,1,1.0000000000000000e+00,8.6571891464460080e+00,-7.8479759222458787e+00,-1.0717489007335861e+00,-2.2276989025571359e-01,1.8255367890643190e-01,1.9484315474482504e-02
4.3961459139658309e+03,2,1.0000000000000000e+00,-1.5424073210243662e+01,2.0309180401295023e+01,2.1754091309832875e+00,-1.4084606219055951e-01,-1.2703834168352071e-01,-1.2422794099318638e-02

4.4008321470597512e+03,0,1.0000000000000000e+00,8.5498523521275267e+00,-1.2285849967925113e+01,-1.1298220902283482e+00,3.7879690315040410e-01,1.3208677090161183e-01,-3.3935588794842121e-03
4.4008321470597512e+03,1,1.0000000000000000e+00,7.5250354532209354e+00,-7.4162899097248074e+00,-9.8610472073906652e-01,-2.4192662380264535e-01,-6.0667852272849876e-05,1.6356314213013770e-02
4.4008321470597512e+03,2,1.0000000000000000e+00,-1.6074888026718433e+01,1.9702141156583846e+01,2.1159268325005387e+00,-1.3687027968072935e-01,-1.3202610277546634e-01,-1.2962755320531351e-02

4.4054664800658256e+03,0,1.0000000000000000e+00,1.0132513918574654e+01,-1.1274294496036017e+01,-1.1302636635764551e+00,2.8820580501336091e-01,2.9560931609623042e-01,3.5929168455062902e-03
4.4054664800658256e+03,1,1.0000000000000000e+00,6.5671499382989280e+00,-7.8046662274602490e+00,-9.2436058053868120e-01,-1.5547688603120224e-01,-1.5870636693141138e-01,9.8987420711792399e-03
4.4054664800658256e+03,2,1.0000000000000000e+00,-1.6699664079765004e+01,1.9078962003196850e+01,2.0546242656964040e+00,-1.3272891926572511e-01,-1.3690294909919795e-01,-1.3491658910184305e-02

4.4101046505890190e+03,0,1.0000000000000000e+00,1.1105003529900403e+01,-9.6652288318570161e+00,-1.0948570885053266e+00,1.2287308412248096e-01,3.8197149916402190e-01,1.1622218014867900e-02
4.4101046505890190e+03,1,1.0000000000000000e+00,6.2003563295108135e+00,-8.7676073415310469e+00,-8.9598613879829858e-01,5.5535793560461399e-03,-2.4028422627516749e-01,2.3860019252154759e-03
4.4101046505890190e+03,2,1.0000000000000000e+00,-1.7305360083153420e+01,1.8432837453192157e+01,1.9908432488934722e+00,-1.2842666355393126e-01,-1.4168727286954325e-01,-1.4008219942269171e-02

4.4146504979737920e+03,0,1.0000000000000000e+00,1.1248748891473461e+01,-7.9287294200394731e+00,-1.0266207633402527e+00,-5.7681194968728422e-02,3.6483532667871604e-01,1.7954829368684685e-02
4.4146504979737920e+03,1,1.0000000000000000e+00,6.6305769287368124e+00,-9.8496427195631551e+00,-8.9942601138506717e-01,1.8175333628937423e-01,-2.1861229886140759e-01,-3.4580901295030234e-03
4.4146504979737920e+03,2,1.0000000000000000e+00,-1.7879326043941443e+01,1.7778373419808879e+01,1.9260467962992918e+00,-1.2407214127192789e-01,-1.4622302763614553e-01,-1.4496739242293662e-02

4.4194310865966008e+03,0,1.0000000000000000e+00,1.0593302319355612e+01,-6.4323399096044902e+00,-9.3201716132726053e-01,-2.0439811238491934e-01,2.4670347355790417e-01,2.0866080995566416e-02
4.4194310865966008e+03,1,1.0000000000000000e+00,7.8678618998604604e+00,-1.0635977432064964e+01,-9.2353425169337033e-01,3.2370689698877386e-01,-9.5900513160124434e-02,-5.8730019734526649e-03
4.4194310865966008e+03,2,1.0000000000000000e+00,-1.8461164442868515e+01,1.7068318623236760e+01,1.8555514345965070e+00,-1.1930878465695482e-01,-1.5080296002987065e-01,-1.4993079017286456e-02

4.4240294520302359e+03,0,1.0000000000000000e+00,9.4914688166071279e+00,-5.6803463014522428e+00,-8.3819500082397402e-01,-2.5807283653525837e-01,7.5394431329517203e-02,1.9220223279003950e-02
4.4240294520302359e+03,1,1.0000000000000000e+00,9.5073589991234115e+00,-1.0684706714312783e+01,-9.4733805191287623e-01,3.7257472741316866e-01,7.9656538839227548e-02,-3.7612100636858631e-03
4.4240294520302359e+03,2,1.0000000000000000e+00,-1.8998828040104318e+01,1.6365054299077297e+01,1.7855330743537317e+00,-1.1450189113537917e-01,-1.5505096981735492e-01,-1.5459013203309221e-02

4.4287916458365380e+03,0,1.0000000000000000e+00,8.3460162114754084e+00,-5.7550623213399508e+00,-7.5886802401021414e-01,-2.0493316290747587e-01,-1.0118958363653566e-01,1.3554547117630336e-02
4.4287916458365380e+03,1,1.0000000000000000e+00,1.1185757082544583e+01,-9.8613730144389820e+00,-9.5191537027965956e-01,3.1421691299950261e-01,2.6052108187058498e-01,2.3776504651242137e-03
4.4287916458365380e+03,2,1.0000000000000000e+00,-1.9531773519880801e+01,1.5616436620314767e+01,1.7107834159636155e+00,-1.0928375041860568e-01,-1.5933149808673217e-01,-1.5932197572709268e-02

4.4336604821321571e+03,0,1.0000000000000000e+00,7.6811544190177798e+00,-6.5656097395053621e+00,-7.1170267962188571e-01,-5.5969898437792848e-02,-2.1603152485054042e-01,5.7110876678939625e-03
4.4336604821321571e+03,1,1.0000000000000000e+00,1.2369298599616638e+01,-8.2646485736786950e+00,-9.2035899933782095e-01,1.5972017426093169e-01,3.7961905486564929e-01,1.0690625022644918e-02
4.4336604821321571e+03,2,1.0000000000000000e+00,-2.0050453245748876e+01,1.4830259597987975e+01,1.6320617006600613e+00,-1.0375027598121568e-01,-1.6358753001902263e-01,-1.6401712690030500e-02

4.4383498590735981e+03,0,1.0000000000000000e+00,7.8436118465687521e+00,-7.6382949910259867e+00,-7.0158575876016638e-01,1.2620387675883588e-01,-2.2300337137307716e-01,-1.0348095161216569e-03
4.4383498590735981e+03,1,1.0000000000000000e+00,1.2680611638369600e+01,-6.4155416313248148e+00,-8.5254132744086997e-01,-2.7911168494152760e-02,3.9052349033936218e-01,1.7868072445584512e-02
4.4383498590735981e+03,2,1.0000000000000000e+00,-2.0524223712290450e+01,1.4053837907254806e+01,1.5541271078878864e+00,-9.8292708226359923e-02,-1.6752011888132237e-01,-1.6833262934206925e-02

4.4429447504680784e+03,0,1.0000000000000000e+00,8.7963895340714977e+00,-8.4788623513522623e+00,-7.1587902684582860e-01,2.7943984409440820e-01,-1.2767858339447571e-01,-4.5290829170976498e-03
4.4429447504680784e+03,1,1.0000000000000000e+00,1.2166978339264908e+01,-4.7967919659974321e+00,-7.5997260645952225e-01,-1.8660976682343261e-01,2.9883635648714413e-01,2.1762888994937210e-02
4.4429447504680784e+03,2,1.0000000000000000e+00,-2.0963368100423956e+01,1.3275655603125625e+01,1.4758516549777883e+00,-9.2830077234934236e-02,-1.7115777279841121e-01,-1.7233806077876935e-02

4.4475177655246243e+03,0,1.0000000000000000e+00,1.0285000429909292e+01,-8.7035578958808486e+00,-7.3644433570095380e-01,3.5582678617053876e-01,3.7083164990328987e-02,-3.7236439944110192e-03
4.4475177655246243e+03,1,1.0000000000000000e+00,1.1090158679555774e+01,-3.7815451577241452e+00,-6.5972303265185739e-01,-2.6859175094286869e-01,1.3746939283259146e-01,2.1336734576835312e-02
4.4475177655246243e+03,2,1.0000000000000000e+00,-2.1375159336785774e+01,1.2485104341008810e+01,1.3961673900459481e+00,-8.7235035382403403e-02,-1.7455255744179926e-01,-1.7613090573523629e-02

4.4525841815238073e+03,0,1.0000000000000000e+00,1.2053974028012245e+01,-8.0014425781367589e+00,-7.4286491002011334e-01,3.2110297889780492e-01,2.3666366236796918e-01,1.8970728040670227e-03
4.4525841815238073e+03,1,1.0000000000000000e+00,9.7469599415415047e+00,-3.5902583077233343e+00,-5.6304174107977922e-01,-2.4030372930374466e-01,-5.8574743315470995e-02,1.6117756230577193e-02
4.4525841815238073e+03,2,1.0000000000000000e+00,-2.1800934198163059e+01,1.1591702174880407e+01,1.3059066728498232e+00,-8.0799249913509341e-02,-1.7808891883176636e-01,-1.8014829023187379e-02

4.4573233136211365e+03,0,1.0000000000000000e+00,1.3286753098779068e+01,-6.5290503034277769e+00,-7.1563993654915448e-01,1.8565683083583007e-01,3.7121249028995162e-01,9.7945087260270184e-03
4.4573233136211365e+03,1,1.0000000000000000e+00,8.8824008051298584e+00,-4.2111721529077144e+00,-5.0403646766022425e-01,-1.1108936116392354e-01,-1.8998858881697389e-01,8.5781902691335378e-03
4.4573233136211365e+03,2,1.0000000000000000e+00,-2.2169154133913072e+01,1.0740223745878824e+01,1.2196764259978266e+00,-7.4567469900434558e-02,-1.8122390145612038e-01,-1.8372698991484922e-02

4.4618835477746243e+03,0,1.0000000000000000e+00,1.3730432380103121e+01,-4.7145495017519732e+00,-6.5352623546708655e-01,5.6246294960658194e-03,4.0727809837680645e-01,1.7193719004923905e-02
4.4618835477746243e+03,1,1.0000000000000000e+00,8.7648432077231675e+00,-5.1926779174004078e+00,-4.8161968033662128e-01,6.2822271331142127e-02,-2.2320253697136089e-01,1.5026725750599858e-03
4.4618835477746243e+03,2,1.0000000000000000e+00,-2.2495275818379252e+01,9.9072287086645527e+00,1.1351459375884945e+00,-6.8446900838924574e-02,-1.8407556139533565e-01,-1.8696391584393218e-02

4.4665064936381395e+03,0,1.0000000000000000e+00,1.3343746718740368e+01,-2.9507283026193356e+00,-5.6144329651658631e-01,-1.6604373385946905e-01,3.3929908209571880e-01,2.2034425802933882e-02
4.4665064936381395e+03,1,1.0000000000000000e+00,9.4534792680109998e+00,-6.0992515163600931e+00,-4.8655866032161815e-01,2.2821806359271077e-01,-1.5254961420818380e-01,-3.0344720170663447e-03
4.4665064936381395e+03,2,1.0000000000000000e+00,-2.2797226217045818e+01,9.0499811089338476e+00,1.0480019785998052e+00,-6.2174329647173648e-02,-1.8674946768795819e-01,-1.8999953789716334e-02

4.4710135273865017e+03,0,1.0000000000000000e+00,1.2329516838811408e+01,-1.7258320801113438e+00,-4.5894042478578712e-01,-2.7020762877913768e-01,1.9470718939416304e-01,2.2737007273137159e-02
4.4710135273865017e+03,1,1.0000000000000000e+00,1.0734019981199463e+01,-6.4770655156667516e+00,-5.0280713088435891e-01,3.2619302623063001e-01,-5.6072989618993208e-03,-3.4653700484974306e-03
4.4710135273865017e+03,2,1.0000000000000000e+00,-2.3063537050131593e+01,8.2028988870551824e+00,9.6174757743147476e-01,-5.5985397491413402e-02,-1.8909989006856193e-01,-1.9271637220296966e-02

4.4762830252655331e+03,0,1.0000000000000000e+00,1.0838931689601051e+01,-1.2402286302668752e+00,-3.4836810138890739e-01,-2.7267739561651694e-01,-1.0311496326255526e-02,1.8390202562910195e-02
4.4762830252655331e+03,1,1.0000000000000000e+00,1.2500222385013615e+01,-5.9596790099829651e+00,-5.1105194019933076e-01,3.2126530332557734e-01,2.0183373125275064e-01,1.1709852223868340e-03
4.4762830252655331e+03,2,1.0000000000000000e+00,-2.3339154305585307e+01,7.1999089334035862e+00,8.5942006339497079e-01,-4.8587907977059488e-02,-1.9152223462863016e-01,-1.9561187774048552e-02

4.4812591045656154e+03,0,1.0000000000000000e+00,9.7268957675324828e+00,-1.7066955859063437e+00,-2.7486804257092212e-01,-1.5780550332027821e-01,-1.6473565651479213e-01,1.0812027705856271e-02
4.4812591045656154e+03,1,1.0000000000000000e+00,1.3836230147068932e+01,-4.5350797355967583e+00,-4.8658892011599680e-01,1.9920532281608461e-01,3.5826850088873963e-01,8.9960276579310623e-03
4.4812591045656154e+03,2,1.0000000000000000e+00,-2.3563126147036485e+01,6.2417766155742065e+00,7.6145698454212496e-01,-4.1399819768113917e-02,-1.9353284430545414e-01,-1.9808055357364920e-02

4.4860653129454959e+03,0,1.0000000000000000e+00,9.3813656706385942e+00,-2.6744999025530491e+00,-2.4196010421698977e-01,1.9813875994112135e-02,-2.1940354525492908e-01,3.0679827743608779e-03
4.4860653129454959e+03,1,1.0000000000000000e+00,1.4363749956455839e+01,-2.6328893378843605e+00,-4.2377393232107130e-01,1.4502048394701900e-02,4.1465986535401778e-01,1.6952521463131823e-02
4.4860653129454959e+03,2,1.0000000000000000e+00,-2.3745115860372934e+01,5.3073905345225381e+00,6.6573405840035038e-01,-3.4315924449331625e-02,-1.9525632012036293e-01,-2.0020504240725896e-02

4.4907943900746568e+03,0,1.0000000000000000e+00,9.9012691964344945e+00,-3.6176535310449687e+00,-2.4118626939699772e-01,1.9434080791381267e-01,-1.6149226085108032e-01,-2.1442348100676120e-03
4.4907943900746568e+03,1,1.0000000000000000e+00,1.3989542836467846e+01,-7.6278256715455139e-01,-3.2942843471244937e-01,-1.6704088243461343e-01,3.5821692646772879e-01,2.2346516425549384e-02
4.4907943900746568e+03,2,1.0000000000000000e+00,-2.3890812266006524e+01,4.3804373924697853e+00,5.7061472594593421e-01,-2.7299925376048723e-02,-1.9672466548535320e-01,-2.0202281621339205e-02

4.4953260323082968e+03,0,1.0000000000000000e+00,1.1058384873780732e+01,-4.0540693857836096e+00,-2.5480797738606231e-01,3.0284702495468857e-01,-2.0379894667768683e-02,-3.1411858075517211e-03
4.4953260323082968e+03,1,1.0000000000000000e+00,1.2940905881513640e+01,5.6781810456556414e-01,-2.2391274766765701e-01,-2.8227187521914937e-01,2.1824875133320082e-01,2.3491137228525881e-02
4.4953260323082968e+03,2,1.0000000000000000e+00,-2.3999290988000773e+01,3.4862525765672032e+00,4.7872074687673105e-01,-2.0575149701684461e-02,-1.9786885633393816e-01,-2.0349951419956661e-02

4.5006183064527731e+03,0,1.0000000000000000e+00,1.2741281037328008e+01,-3.6121090736870736e+00,-2.6270132633384624e-01,3.0974332468898164e-01,1.8857225238744296e-01,1.0412405513488439e-03
4.5006183064527731e+03,1,1.0000000000000000e+00,1.1346037918704347e+01,1.1757663830519292e+00,-1.0793753557131017e-01,-2.9706725288135777e-01,1.0261756133625122e-02,1.9447971687147025e-02
4.5006183064527731e+03,2,1.0000000000000000e+00,-2.4087319189200855e+01,2.4363439878973274e+00,3.7063888376024734e-01,-1.2676072017367090e-02,-1.9883400818401964e-01,-2.0489212228534798e-02

4.5054736046636372e+03,0,1.0000000000000000e+00,1.4017001693723861e+01,-2.2817285088774675e+00,-2.4049692484705801e-01,1.9926411110366460e-01,3.4835136122738575e-01,8.4693245182261255e-03
4.5054736046636372e+03,1,1.0000000000000000e+00,1.0114047279814592e+01,8.1223480541116988e-01,-3.0415445115533263e-02,-1.9394852297680210e-01,-1.4896973183096529e-01,1.2115784845461670e-02
4.5054736046636372e+03,2,1.0000000000000000e+00,-2.4131049208012776e+01,1.4694950018846908e+00,2.7091239186594085e-01,-5.3155884107743412e-03,-1.9938162927303590e-01,-2.0585109355718792e-02

4.5103700672983978e+03,0,1.0000000000000000e+00,1.4557912825825923e+01,-3.6257244365928676e-01,-1.7867846172475149e-01,1.4580814493446337e-02,4.1652238076305015e-01,1.6627244523859153e-02
4.5103700672983978e+03,1,1.0000000000000000e+00,9.5807443862442234e+00,-1.2987710100618965e-01,8.7334389070131135e-03,-1.6802829898107274e-02,-2.1686462560230158e-01,4.0233850709353904e-03
4.5103700672983978e+03,2,1.0000000000000000e+00,-2.4138657447571756e+01,4.9245084323309696e-01,1.6994504473703417e-01,2.2220153004268717e-03,-1.9965775518738904e-01,-2.0650629596600804e-02

4.5150317589005062e+03,0,1.0000000000000000e+00,1.4191397013861849e+01,1.5143336723275751e+00,-8.6868520881966740e-02,-1.6721481603953386e-01,3.7098640742572142e-01,2.2205115752054454e-02
4.5150317589005062e+03,1,1.0000000000000000e+00,9.9200985675496618e+00,-1.0758775881202887e+00,1.3279990303582553e-02,1.5778721318614586e-01,-1.7129707993150645e-01,-1.5205697056539687e-03
4.5150317589005062e+03,2,1.0000000000000000e+00,-2.4111495816881590e+01,-4.3845478562387008e-01,7.3588552473668606e-02,9.4276029514766824e-03,-1.9968932742254142e-01,-2.0684546053344983e-02

4.5194151457867865e+03,0,1.0000000000000000e+00,1.3167819331875407e+01,2.8861815556951864e+00,1.5361903031074292e-02,-2.8801175601583495e-01,2.4409991140682635e-01,2.3767591401879614e-02
4.5194151457867865e+03,1,1.0000000000000000e+00,1.0887583023863149e+01,-1.5727559975510115e+00,1.7426396815617695e-03,2.7185685454668618e-01,-4.4608950918923862e-02,-3.0757369990644691e-03
4.5194151457867865e+03,2,1.0000000000000000e+00,-2.4055402590689880e+01,-1.3134242587933169e+00,-1.7104520841036266e-02,1.6154901569553459e-02,-1.9949096020980869e-01,-2.0691854405309483e-02

4.5253487455953273e+03,0,1.0000000000000000e+00,1.1292187035851263e+01,3.6599868019629040e+00,1.4731083810001400e-01,-3.1546163301508873e-01,1.3853845348419075e-02,1.9583477892461041e-02
4.5253487455953273e+03,1,1.0000000000000000e+00,1.2640570180554214e+01,-1.1646635332770137e+00,-7.4928392624763474e-03,2.9028813720166696e-01,1.8494247883404150e-01,1.0790718738876333e-03
4.5253487455953273e+03,2,1.0000000000000000e+00,-2.3932757451454385e+01,-2.4953219672571461e+00,-1.3981797694641351e-01,2.5173495659682577e-02,-1.9879632382388682e-01,-2.0662549757947190e-02

4.5303113927277273e+03,0,1.0000000000000000e+00,9.9411859384111700e+00,3.2966803337954453e+00,2.2677529672729951e-01,-2.1195590907411246e-01,-1.4913646719172866e-01,1.2053403545882274e-02
4.5303113927277273e+03,1,1.0000000000000000e+00,1.3847951493690864e+01,1.8290187584045503e-01,1.5443556637423889e-02,1.7924254730430852e-01,3.4694706523202012e-01,8.5466402687294097e-03
4.5303113927277273e+03,2,1.0000000000000000e+00,-2.3789137668310016e+01,-3.4795809068532129e+00,-2.4221883142715711e-01,3.2713361497540956e-02,-1.9781059787822081e-01,-2.0600043806332208e-02

4.5351287264370685e+03,0,1.0000000000000000e+00,9.3203725023877446e+00,2.3681852995158081e+00,2.6510531731456272e-01,-3.8640845767582296e-02,-2.1823333694016689e-01,3.9900655286398273e-03
4.5351287264370685e+03,1,1.0000000000000000e+00,1.4293450140178816e+01,2.0613609702767581e+00,7.6134341782248649e-02,-1.4373493849512003e-03,4.1476979345792853e-01,1.6514474293272109e-02
4.5351287264370685e+03,2,1.0000000000000000e+00,-2.3613822879833382e+01,-4.4295449667267563e+00,-3.4123963713954314e-01,4.0078195022417842e-02,-1.9653645653470544e-01,-2.0504539822732600e-02

4.5399092788631369e+03,0,1.0000000000000000e+00,9.5763622166556104e+00,1.3869017583778920e+00,2.6887970182310161e-01,1.4116694223702037e-01,-1.7348735506407922e-01,-1.8318101602024170e-03
4.5399092788631369e+03,1,1.0000000000000000e+00,1.3828376876415872e+01,3.9786607740497302e+00,1.7009306244517869e-01,-1.8855327009357320e-01,3.6850520718813429e-01,2.2210255125392677e-02
4.5399092788631369e+03,2,1.0000000000000000e+00,-2.3404739330393788e+01,-5.3655612294041397e+00,-4.3897274233439598e-01,4.7386327951722276e-02,-1.9501785208076361e-01,-2.0378444972745144e-02

4.5442399826377850e+03,0,1.0000000000000000e+00,1.0458677724172947e+01,8.8407488519006350e-01,2.5605608046042883e-01,2.5464468032030840e-01,-4.7942433709049409e-02,-3.4238453933942946e-03
4.5442399826377850e+03,1,1.0000000000000000e+00,1.2726646803717868e+01,5.3227037079413595e+00,2.7087967259364576e-01,-3.0856924919357320e-01,2.4138000971141102e-01,2.3664897875605106e-02
4.5442399826377850e+03,2,1.0000000000000000e+00,-2.3185324764628557e+01,-6.2067772894915940e+00,-5.2693573114949110e-01,5.3924569010513852e-02,-1.9343757575434248e-01,-2.0241052486691447e-02

4.5501016175358018e+03,0,1.0000000000000000e+00,1.2089319970428310e+01,1.2629273057098942e+00,2.4474102870528158e-01,2.7317380626166932e-01,1.7995398014693240e-01,6.7736919168909573e-04
4.5501016175358018e+03,1,1.0000000000000000e+00,1.0754449756331640e+01,6.0706044389478544e+00,4.0021619163795791e-01,-3.3575132849677047e-01,1.0981969391928498e-02,1.9343857540530196e-02
4.5501016175358018e+03,2,1.0000000000000000e+00,-2.2843769963285599e+01,-7.3335304390145826e+00,-6.4495719843141075e-01,6.2577522137754235e-02,-1.9093594916237552e-01,-2.0021226725434840e-02

4.5550436800396237e+03,0,1.0000000000000000e+00,1.3207187003526826e+01,2.5797095447807052e+00,2.6557865756161736e-01,1.6218899791554323e-01,3.4161491333247324e-01,8.1334151373614917e-03
4.5550436800396237e+03,1,1.0000000000000000e+00,9.3095913760800073e+00,5.6914356076564587e+00,4.7779385913178674e-01,-2.3192820311082094e-01,-1.5316902765006218e-01,1.1666988524931794e-02
4.5550436800396237e+03,2,1.0000000000000000e+00,-2.2516778617087851e+01,-8.2711438452760326e+00,-7.4337249473891287e-01,6.9739204941792782e-02,-1.8844588547692415e-01,-1.9800403653832864e-02

4.5598318208546980e+03,0,1.0000000000000000e+00,1.3570669421723998e+01,4.4195807584497935e+00,3.2377854772011050e-01,-1.7332109111657668e-02,4.0890261599330541e-01,1.6034366131241137e-02
4.5598318208546980e+03,1,1.0000000000000000e+00,8.5956790952158748e+00,4.7474229455394337e+00,5.1381765994726492e-01,-5.9297888368010920e-02,-2.2320011685890245e-01,3.5164256188755533e-03
4.5598318208546980e+03,2,1.0000000000000000e+00,-2.2166348755488155e+01,-9.1670023963742384e+00,-8.3759618568977989e-01,7.6629997328773014e-02,-1.8570249913009668e-01,-1.9550791749950079e-02

4.5645611370953302e+03,0,1.0000000000000000e+00,1.3041237400831768e+01,6.2910790637206366e+00,4.1422226007482932e-01,-2.0214364166512352e-01,3.6419980266909624e-01,2.1641519560618504e-02
4.5645611370953302e+03,1,1.0000000000000000e+00,8.7466864325616491e+00,3.7472291453000768e+00,5.1518767261296528e-01,1.1875206133506724e-01,-1.8147086790804667e-01,-2.3696343338657257e-03
4.5645611370953302e+03,2,1.0000000000000000e+00,-2.1787924072108236e+01,-1.0038306901453815e+01,-9.2940991073060697e-01,8.3391580408210153e-02,-1.8272893474129170e-01,-1.9271885234446014e-02

4.5689481762490313e+03,0,1.0000000000000000e+00,1.1861070477408028e+01,7.6339043039988654e+00,5.1385394071795620e-01,-3.2409535019837094e-01,2.3692305143524492e-01,2.3095583803490988e-02
4.5689481762490313e+03,1,1.0000000000000000e+00,9.5474306472469230e+00,3.1996443635544418e+00,4.9949277322492119e-01,2.3453606883672734e-01,-5.7139351520379772e-02,-4.1047224941989334e-03
4.5689481762490313e+03,2,1.0000000000000000e+00,-2.1408501362762344e+01,-1.0833547359504056e+01,-1.0133466920198284e+00,8.9559281524787870e-02,-1.7978369970046537e-01,-1.8990861315556565e-02

4.5733961816062083e+03,0,1.0000000000000000e+00,1.0299956379201342e+01,8.3096293399754479e+00,6.1205775546155239e-01,-3.6172013590623503e-01,6.3702365679954659e-02,2.0389948439593849e-02
4.5733961816062083e+03,1,1.0000000000000000e+00,1.0696588692458119e+01,3.3166260943082024e+00,4.8509417707143343e-01,2.6607998477910694e-01,1.1291347426909012e-01,-1.7015583275880632e-03
4.5733961816062083e+03,2,1.0000000000000000e+00,-2.0996545309264604e+01,-1.1626254124862875e+01,-1.0971519106201830e+00,9.5640151159516712e-02,-1.7661583957179702e-01,-1.8688390109840372e-02

4.5783670404096156e+03,0,1.0000000000000000e+00,8.6320505818159035e+00,8.1547327519019674e+00,6.9738450777672489e-01,-2.9051634987967878e-01,-1.1827903847200461e-01,1.3412360381601318e-02
4.5783670404096156e+03,1,1.0000000000000000e+00,1.1872656395864958e+01,4.3401294038949070e+00,4.9177815960089882e-01,1.8830445382402783e-01,2.9109161258266969e-01,4.9145764724962092e-03
4.5783670404096156e+03,2,1.0000000000000000e+00,-2.0504707215708116e+01,-1.2494860844538046e+01,-1.1891626454340996e+00,1.0221189586589013e-01,-1.7281257379455089e-01,-1.8326936845425287e-02

4.5832542384660383e+03,0,1.0000000000000000e+00,7.5762850407380924e+00,7.2816817071659354e+00,7.4215436623840314e-01,-1.3090063548299607e-01,-2.2228710456481349e-01,4.8853640665784438e-03
4.5832542384660383e+03,1,1.0000000000000000e+00,1.2413480867389540e+01,6.0479731640317773e+00,5.3564384789812736e-01,2.2405140679213287e-02,3.9104573260417752e-01,1.3054402611474648e-02
4.5832542384660383e+03,2,1.0000000000000000e+00,-1.9989766147248922e+01,-1.3329653558935783e+01,-1.2777981921574211e+00,1.0849549459255138e-01,-1.6875862794954408e-01,-1.7939766673953732e-02

4.5879613703021014e+03,0,1.0000000000000000e+00,7.3919952870655763e+00,6.2073395215214262e+00,7.4784713191102870e-01,5.1856302319091427e-02,-2.1554927429217463e-01,-2.0223615408910302e-03
4.5879613703021014e+03,1,1.0000000000000000e+00,1.2073048384179591e+01,7.9069301861024677e+00,6.1345238774027666e-01,-1.6629182824424765e-01,3.8012209038242128e-01,1.9556032702953457e-02
4.5879613703021014e+03,2,1.0000000000000000e+00,-1.9465043910941141e+01,-1.4114268395271271e+01,-1.3612994976758868e+00,1.1443552591373608e-01,-1.6457281610256505e-01,-1.7533671167586352e-02

4.5924580430192327e+03,0,1.0000000000000000e+00,7.9647508227514194e+00,5.4401495959385802e+00,7.3009085308388411e-01,1.9274900981149151e-01,-1.1179131551728824e-01,-5.1850893016413026e-03
4.5924580430192327e+03,1,1.0000000000000000e+00,1.0973156720781489e+01,9.4047764348525984e+00,7.0913092699305191e-01,-3.1274683365362038e-01,2.7216839842966134e-01,2.2305890248260695e-02
4.5924580430192327e+03,2,1.0000000000000000e+00,-1.8937907782827963e+01,-1.4844924718268688e+01,-1.4392217581373470e+00,1.1999782400758248e-01,-1.6037708279196181e-01,-1.7120800955383993e-02

4.5969408951708692e+03,0,1.0000000000000000e+00,8.9998624055517666e+00,5.2940000112043659e+00,7.0791679503027893e-01,2.5310298158252331e-01,5.2603504545404717e-02,-3.9757501856453881e-03
4.5969408951708692e+03,1,1.0000000000000000e+00,9.3879929676127709e+00,1.0260231686069053e+01,8.0710249858834193e-01,-3.7847311885648705e-01,1.0345072054057428e-01,2.0669599991952406e-02
4.5969408951708692e+03,2,1.0000000000000000e+00,-1.8387855611706573e+01,-1.5554230383716193e+01,-1.5150192717070037e+00,1.2537013740444666e-01,-1.5605422475258424e-01,-1.6693849808762793e-02

4.6019596101330753e+03,0,1.0000000000000000e+00,1.0195010316019143e+01,6.0479534074923436e+00,7.0114393886531223e-01,2.0267775593684667e-01,2.4267330935347881e-01,1.9265249415775162e-03
4.6019596101330753e+03,1,1.0000000000000000e+00,7.5491166950404462e+00,1.0276987684433035e+01,8.9642889803466286e-01,-3.3378778367390238e-01,-9.1626894542098547e-02,1.4275111650114343e-02
4.6019596101330753e+03,2,1.0000000000000000e+00,-1.7744127249491690e+01,-1.6324939776444310e+01,-1.5975728149750865e+00,1.3111002763959656e-01,-1.5104641442701966e-01,-1.6201636584722963e-02

4.6067178777276295e+03,0,1.0000000000000000e+00,1.0843674880921416e+01,7.5227274093008347e+00,7.2872304351132366e-01,5.7699237580302085e-02,3.6280497860488253e-01,9.7981402082418720e-03
4.6067178777276295e+03,1,1.0000000000000000e+00,6.2641917176503066e+00,9.5092168412829299e+00,9.4479301709045538e-01,-1.9398317796881526e-01,-2.1672284642859635e-01,5.9166463609788156e-03
4.6067178777276295e+03,2,1.0000000000000000e+00,-1.7107866837848213e+01,-1.7031942933658300e+01,-1.6735160386392622e+00,1.3628394016822082e-01,-1.4608213197778158e-01,-1.5714786562307743e-02

4.6113047247133218e+03,0,1.0000000000000000e+00,1.0695421210644463e+01,9.2712551226229536e+00,7.9040889156898819e-01,-1.2441905738447685e-01,3.8210395433970151e-01,1.6777731504654520e-02
4.6113047247133218e+03,1,1.0000000000000000e+00,5.7762796556029476e+00,8.4193215550536173e+00,9.5406200348519432e-01,-1.6656513690643984e-02,-2.4104111375021980e-01,-1.5588069569455777e-03
4.6113047247133218e+03,2,1.0000000000000000e+00,-1.6471701106348419e+01,-1.7690575360305417e+01,-1.7444708730780349e+00,1.4107557097117773e-01,-1.4106284057113161e-01,-1.5218924549421073e-02

4.6159962250464614e+03,0,1.0000000000000000e+00,9.6993637780971760e+00,1.0900923806411122e+01,8.8016845650500819e-01,-2.9184374046625672e-01,2.9613513106475808e-01,2.0796099018317853e-02
4.6159962250464614e+03,1,1.0000000000000000e+00,6.0992939718598107e+00,7.4389830676781941e+00,9.3445833651696308e-01,1.4602517599834053e-01,-1.6041655873732263e-01,-6.1113016997201980e-03
4.6159962250464614e+03,2,1.0000000000000000e+00,-1.5798657990013830e+01,-1.8339905556654472e+01,-1.8146267710738404e+00,1.4581856458524467e-01,-1.3571857227550682e-01,-1.4684797327582280e-02

4.6206745851329688e+03,0,1.0000000000000000e+00,8.0814643221385278e+00,1.1924420976915821e+01,9.7795476735915898e-01,-3.8375089510543547e-01,1.3251796213258293e-01,2.0199695789567436e-02
4.6206745851329688e+03,1,1.0000000000000000e+00,7.0242728322503787e+00,7.0376759220017213e+00,9.0409064009829709e-01,2.3338008725011650e-01,-2.2669651359237264e-03,-6.0648636308739158e-03
4.6206745851329688e+03,2,1.0000000000000000e+00,-1.5105737393646010e+01,-1.8962095580765578e+01,-1.8820453855489938e+00,1.5037080803867031e-01,-1.3025099673030155e-01,-1.4134832164874430e-02

4.6252505364947328e+03,0,1.0000000000000000e+00,6.3127046668453541e+00,1.2110839630588725e+01,1.0605535852394983e+00,-3.7192892191611565e-01,-4.9660043988010966e-02,1.5277564457999351e-02
4.6252505364947328e+03,1,1.0000000000000000e+00,8.0951887120171122e+00,7.4348849263904713e+00,8.8492715081331008e-01,2.1733831862974112e-01,1.7448128563244739e-01,-1.6876536249006736e-03
4.6252505364947328e+03,2,1.0000000000000000e+00,-1.4407893617578377e+01,-1.9545723237209028e+01,-1.9454807141520076e+00,1.5459060331247748e-01,-1.2482124123463487e-01,-1.3589910830032484e-02

4.6300004330085903e+03,0,1.0000000000000000e+00,4.7794536291612530e+00,1.1492000763119528e+01,1.1147955812314156e+00,-2.5893166407677332e-01,-1.9943263575851450e-01,7.2680868364522356e-03
4.6300004330085903e+03,1,1.0000000000000000e+00,8.8843178316557925e+00,8.6330428335886591e+00,8.9387978683470615e-01,1.0025115165466408e-01,3.1851970499765209e-01,5.7490407064824858e-03
4.6300004330085903e+03,2,1.0000000000000000e+00,-1.3663771699924940e+01,-2.0125042275107674e+01,-2.0086753461347318e+00,1.5868051224842170e-01,-1.1908706891814608e-01,-1.3017127534740413e-02

4.6348025117436728e+03,0,1.0000000000000000e+00,3.9499085229922706e+00,1.0346645894582490e+01,1.1290102309385111e+00,-8.0655506618604156e-02,-2.5937602168599283e-01,-1.1538698674413879e-03
4.6348025117436728e+03,1,1.0000000000000000e+00,8.9425249813283472e+00,1.0336040939681869e+01,9.4075308301914662e-01,-8.1871307710419394e-02,3.7250914418346792e-01,1.3575392616084599e-02
4.6348025117436728e+03,2,1.0000000000000000e+00,-1.2892433744360467e+01,-2.0682685511655798e+01,-2.0697632919965443e+00,1.6252681415919820e-01,-1.1313312239780338e-01,-1.2421522746089195e-02

4.6395356479359798e+03,0,1.0000000000000000e+00,4.0001218309434741e+00,9.1984441427636980e+00,1.1083229594290578e+00,9.6514241069661999e-02,-2.0773948124468231e-01,-6.9697989199520808e-03
4.6395356479359798e+03,1,1.0000000000000000e+00,8.1145462842719773e+00,1.2005465632926484e+01,1.0187976594615502e+00,-2.6260038252302803e-01,3.1482171237561007e-01,1.8780846059439728e-02
4.6395356479359798e+03,2,1.0000000000000000e+00,-1.2114668355611862e+01,-2.1203908452894488e+01,-2.1271205969410838e+00,1.6608614148947018e-01,-1.0708223111043182e-01,-1.1811047146551982e-02

4.6443832632772592e+03,0,1.0000000000000000e+00,4.7886619450720342e+00,8.5206254693602332e+00,1.0692403982800731e+00,2.1313079524350559e-01,-5.9553014004676150e-02,-8.2739074206671370e-03
4.6443832632772592e+03,1,1.0000000000000000e+00,6.5124566412866365e+00,1.3187050676910381e+01,1.1135782316003624e+00,-3.8265978090373215e-01,1.6029464709375485e-01,1.9440154693311156e-02
4.6443832632772592e+03,2,1.0000000000000000e+00,-1.1301118826110615e+01,-2.1707674823047405e+01,-2.1828186079744816e+00,1.6952898585697343e-01,-1.0074163290067556e-01,-1.1166247281518996e-02

4.6490913957685743e+03,0,1.0000000000000000e+00,5.8556897302630500e+00,8.6699396957395258e+00,1.0371261889501544e+00,2.2132483989850454e-01,1.2392008000455260e-01,-4.6291064275768090e-03
4.6490913957685743e+03,1,1.0000000000000000e+00,4.6398128047482832e+00,1.3497418909106738e+01,1.1967759224533330e+00,-3.9397848143949493e-01,-2.9393733836033248e-02,1.5162933506115375e-02
4.6490913957685743e+03,2,1.0000000000000000e+00,-1.0495502773942947e+01,-2.2167357280208009e+01,-2.2339020895222506e+00,1.7265364165256269e-01,-9.4526345773960158e-02,-1.0533827079116207e-02

4.6535391467397485e+03,0,1.0000000000000000e+00,6.6702577925047990e+00,9.5717638092547190e+00,1.0305286918730423e+00,1.3063696758479876e-01,2.7306584771660364e-01,2.0124510761885660e-03
4.6535391467397485e+03,1,1.0000000000000000e+00,3.0512147662034237e+00,1.3002941742575700e+01,1.2488989986886159e+00,-3.0599416314909988e-01,-1.8442512583846415e-01,7.9251619611356797e-03
4.6535391467397485e+03,2,1.0000000000000000e+00,-9.7214727975996595e+00,-2.2574704225333846e+01,-2.2794276686634038e+00,1.7535719546980602e-01,-8.8640721476209813e-02,-9.9376130300291802e-03

4.6579595086796071e+03,0,1.0000000000000000e+00,6.9184976347751856e+00,1.0982412316984608e+01,1.0561155883113122e+00,-2.5753838911792754e-02,3.5064475291486463e-01,9.5121680888455261e-03
4.6579595086796071e+03,1,1.0000000000000000e+00,2.0223832000674289e+00,1.1971128740282243e+01,1.2659270262973341e+00,-1.5202501948947603e-01,-2.6789103150659288e-01,-1.6973877190387156e-04
4.6579595086796071e+03,2,1.0000000000000000e+00,-8.9408810744440412e+00,-2.2953539729348602e+01,-2.3220425926760986e+00,1.7777885820757997e-01,-8.2753721185131301e-02,-9.3424293104168547e-03

4.6631688274825983e+03,0,1.0000000000000000e+00,6.2448324091624405e+00,1.2789942325256785e+01,1.1250028829117886e+00,-2.2992554498209222e-01,3.2093755779718153e-01,1.6302952657430848e-02
4.6631688274825983e+03,1,1.0000000000000000e+00,1.7631954921476067e+00,1.0576393961197319e+01,1.2438511523387159e+00,4.9608960947871317e-02,-2.4523175381725176e-01,-7.6766470392926958e-03
4.6631688274825983e+03,2,1.0000000000000000e+00,-8.0080281416417627e+00,-2.3366334957933269e+01,-2.3688540133085834e+00,1.8031658398784028e-01,-7.5705803938829669e-02,-8.6263056217664690e-03

4.6680943236128351e+03,0,1.0000000000000000e+00,4.7321096766915014e+00,1.4066756618952923e+01,1.2120142484565219e+00,-3.7020157607929172e-01,1.8295353203003584e-01,1.8148130952063354e-02
4.6680943236128351e+03,1,1.0000000000000000e+00,2.3824054146807581e+00,9.6557926918389683e+00,1.1976218325997658e+00,1.8774465025228382e-01,-1.1403537588345442e-01,-1.0217365050946562e-02
4.6680943236128351e+03,2,1.0000000000000000e+00,-7.1145153313726830e+00,-2.3722547981976128e+01,-2.4096360591511572e+00,1.8245692599225749e-01,-6.8918156023927951e-02,-7.9307659107302683e-03

4.6728531884762651e+03,0,1.0000000000000000e+00,2.8404757558893121e+00,1.4500487658360873e+01,1.2924445731252339e+00,-4.0615371177776105e-01,-4.1921155690421152e-03,1.4856261829079663e-02
4.6728531884762651e+03,1,1.0000000000000000e+00,3.4012501004349986e+00,9.5343083929643022e+00,1.1533161515249630e+00,2.2184037543587032e-01,6.6500246466057705e-02,-7.6050254922318972e-03
4.6728531884762651e+03,2,1.0000000000000000e+00,-6.2417260954142311e+00,-2.4034794721398566e+01,-2.4457607027822883e+00,1.8431333651612192e-01,-6.2308130551690960e-02,-7.2512363412076440e-03

4.6772496078174154e+03,0,1.0000000000000000e+00,1.1657799104667375e+00,1.4109976907225770e+01,1.3441906072430279e+00,-3.4076634673862527e-01,-1.6728247112268588e-01,8.2536027461780296e-03
4.6772496078174154e+03,1,1.0000000000000000e+00,4.2622309718179388e+00,1.0185361708170644e+01,1.1320762691076878e+00,1.5494436147340573e-01,2.2350619406404884e-01,-1.6259207187270946e-03
4.6772496078174154e+03,2,1.0000000000000000e+00,-5.4280111209601358e+00,-2.4295337283666903e+01,-2.4762668544814384e+00,1.8582198526257998e-01,-5.6223722499792322e-02,-6.6276820226567239e-03

4.6830344678609445e+03,0,1.0000000000000000e+00,-2.8748405649493280e-01,1.2728076313386591e+01,1.3612615322472861e+00,-1.4741901478038044e-01,-2.8673901574790944e-01,-2.3471253124873054e-03
4.6830344678609445e+03,1,1.0000000000000000e+00,4.6356372809404647e+00,1.1869492345755663e+01,1.1509949767357233e+00,-4.0025740585819924e-02,3.3501157291038314e-01,8.1629478010313439e-03
4.6830344678609445e+03,2,1.0000000000000000e+00,-4.3481534637865522e+00,-2.4597567325236145e+01,-2.5122564870706947e+00,1.8744475518181469e-01,-4.8272556896559737e-02,-5.8158224812361759e-03

4.6878949423015411e+03,0,1.0000000000000000e+00,-5.3761029514620784e-01,1.1340901582684019e+01,1.3312893413107880e+00,4.2020277890064628e-02,-2.6451376311731301e-01,-9.4341351607928892e-03
4.6878949423015411e+03,1,1.0000000000000000e+00,3.9720702414232187e+00,1.3475055861936413e+01,1.2075733967648099e+00,-2.3049566939724175e-01,3.0609711997833033e-01,1.4564811033239436e-02
4.6878949423015411e+03,2,1.0000000000000000e+00,-3.4344601863520010e+00,-2.4815956109938966e+01,-2.5388627161470625e+00,1.8847539142870995e-01,-4.1583356786081382e-02,-5.1306758740403899e-03

4.6923633975613457e+03,0,1.0000000000000000e+00,-2.9168949486486184e-02,1.0386074882405477e+01,1.2814598259670587e+00,1.7445965378263029e-01,-1.5015003361974213e-01,-1.2142634458714687e-02
4.6923633975613457e+03,1,1.0000000000000000e+00,2.6197698246421890e+00,1.4601863957144351e+01,1.2789036999995669e+00,-3.6364637106607856e-01,1.8553412921080445e-01,1.6633747172401799e-02
4.6923633975613457e+03,2,1.0000000000000000e+00,-2.5906011151198252e+00,-2.4987937504574642e+01,-2.5603635040640880e+00,1.8918671740857584e-01,-3.5384095495790677e-02,-4.4911127226419552e-03

4.6970937782582714e+03,0,1.0000000000000000e+00,9.5304491422372983e-01,1.0085525444555586e+01,1.2268936440533853e+00,2.2242284456065303e-01,2.7995792159133684e-02,-1.0098236770481659e-02
4.6970937782582714e+03,1,1.0000000000000000e+00,7.4125368369917055e-01,1.5054199318376511e+01,1.3530991113996718e+00,-4.1215935595229186e-01,7.9507340924363235e-04,1.3906198053591128e-02
4.6970937782582714e+03,2,1.0000000000000000e+00,-1.6942988370239251e+00,-2.5139723427048850e+01,-2.5799927335918644e+00,1.8973651159102042e-01,-2.8790865264794907e-02,-3.8079612896948093e-03

4.7017577400776681e+03,0,1.0000000000000000e+00,1.8861477931435813e+00,1.0629737655830592e+01,1.1929380895340493e+00,1.6031570258530559e-01,1.9911771420981059e-01,-3.9306096645607344e-03
4.7017577400776681e+03,1,1.0000000000000000e+00,-1.0776647679471711e+00,1.4629169950492273e+01,1.4032523441768052e+00,-3.5040116835587365e-01,-1.7678803776714982e-01,7.0703101401599772e-03
4.7017577400776681e+03,2,1.0000000000000000e+00,-8.0848326365870971e-01,-2.5258906268600686e+01,-2.5961904118584211e+00,1.9008546581666885e-01,-2.2329675988642585e-02,-3.1397004724439924e-03

4.7062537690789331e+03,0,1.0000000000000000e+00,2.3099629544391145e+00,1.1789645675724358e+01,1.1924890232765271e+00,1.8063378111119688e-02,3.0320133302786917e-01,3.8089022028819251e-03
4.7062537690789331e+03,1,1.0000000000000000e+00,-2.3564823032216933e+00,1.3555814299240188e+01,1.4163910568720235e+00,-2.0827756750480331e-01,-2.8701437059092033e-01,-1.3019268779483487e-03
4.7062537690789331e+03,2,1.0000000000000000e+00,4.6519110071783110e-02,-2.5345458635283229e+01,-2.6088800582662586e+00,1.9021418925140332e-01,-1.6186962055452937e-02,-2.5069753162669768e-03

4.7115473617320877e+03,0,1.0000000000000000e+00,1.8570364589361616e+00,1.3461737909753303e+01,1.2348831637728801e+00,-1.8969337476086323e-01,3.0527246946622921e-01,1.1685534598447622e-02
4.7115473617320877e+03,1,1.0000000000000000e+00,-2.9102238910767904e+00,1.1950477943146666e+01,1.3853186372445236e+00,-3.7091084680479502e-04,-2.9622708060846870e-01,-9.9143653539330405e-03
4.7115473617320877e+03,2,1.0000000000000000e+00,1.0531871925459590e+00,-2.5412214511814497e+01,-2.6202017790996033e+00,1.9006428546765491e-01,-9.0453887079178785e-03,-1.7711692417632357e-03

4.7165681858645885e+03,0,1.0000000000000000e+00,4.7208146334314049e-01,1.4740135994661770e+01,1.3038315596010066e+00,-3.4975583302586316e-01,1.8698348473881565e-01,1.4904451324649964e-02
4.7165681858645885e+03,1,1.0000000000000000e+00,-2.4785524509989512e+00,1.0700557578222414e+01,1.3235085742226111e+00,1.6013391999918630e-01,-1.8468546694661730e-01,-1.3833099472850991e-02
4.7165681858645885e+03,2,1.0000000000000000e+00,2.0064707478529962e+00,-2.5440692231315090e+01,-2.6273401119181812e+00,1.8962191309711041e-01,-2.2980177043675221e-03,-1.0713518588735416e-03

4.7214612888232496e+03,0,1.0000000000000000e+00,-1.4342360742839528e+00,1.5216511338421428e+01,1.3734747623905867e+00,-4.1047445455046422e-01,1.3966462673233870e-03,1.2671395007558499e-02
4.7214612888232496e+03,1,1.0000000000000000e+00,-1.4985246915111372e+00,1.0219331401198971e+01,1.2574290881166361e+00,2.2152045204331289e-01,-5.6753320905292837e-03,-1.2286269144988688e-02
4.7214612888232496e+03,2,1.0000000000000000e+00,2.9327605267394876e+00,-2.5435841397255288e+01,-2.6309038286430768e+00,1.8895400270688273e-01,4.2786860878575583e-03,-3.8512587030642940e-04

4.7263040744015207e+03,0,1.0000000000000000e+00,-3.3330092172410373e+00,1.4760647913587842e+01,1.4198847909354186e+00,-3.5489808091454428e-01,-1.8397075587437731e-01,5.8921178468846862e-03
4.7263040744015207e+03,1,1.0000000000000000e+00,-5.1283142693147621e-01,1.0638794670369254e+01,1.2112477325380941e+00,1.6679302189298334e-01,1.7323132623111384e-01,-6.1808857197461764e-03
4.7263040744015207e+03,2,1.0000000000000000e+00,3.8458404059036742e+00,-2.5399441239800542e+01,-2.6311325016269445e+00,1.8810505910995048e-01,1.0739430095576291e-02,2.8876787421871358e-04

4.7307705067340112e+03,0,1.0000000000000000e+00,-4.6367271616166770e+00,1.3654456259806542e+01,1.4279730944188160e+00,-2.1827790681710887e-01,-2.9847503585750063e-01,-2.3844757042571357e-03
4.7307705067340112e+03,1,1.0000000000000000e+00,-4.7217629390542193e-02,1.1683901524902513e+01,1.2005062383347243e+00,3.1121195414850172e-02,2.8188174273138217e-01,1.4876620203261165e-03
4.7307705067340112e+03,2,1.0000000000000000e+00,4.6839445526854133e+00,-2.5338356438495932e+01,-2.6284793108822941e+00,1.8715671129483730e-01,1.6593293557646049e-02,8.9681369251650746e-04

4.7360169032423264e+03,0,1.0000000000000000e+00,-5.2455345729224794e+00,1.1980374929874483e+01,1.3911657235084656e+00,-1.2010764203550184e-02,-3.1686388021543815e-01,-1.1182007399153910e-02
4.7360169032423264e+03,1,1.0000000000000000e+00,-4.1687894979707973e-01,1.3253219753991676e+01,1.2307721647519063e+00,-1.7379177930869483e-01,2.9354443589266960e-01,9.5874068879510856e-03
4.7360169032423264e+03,2,1.0000000000000000e+00,5.6624132835576839e+00,-2.5233593335928372e+01,-2.6219378663465536e+00,1.8580254334791013e-01,2.3319444535806644e-02,1.5946005166056695e-03

4.7409782495187546e+03,0,1.0000000000000000e+00,-4.8668478564547106e+00,1.0620111263336650e+01,1.3228228169526668e+00,1.5364395317292934e-01,-2.1406977287631349e-01,-1.5525782310814132e-02
4.7409782495187546e+03,1,1.0000000000000000e+00,-1.7136684821754171e+00,1.4482234308028449e+01,1.2895834444904895e+00,-3.3790085933679465e-01,1.8449146126306223e-01,1.3278330253911652e-02
4.7409782495187546e+03,2,1.0000000000000000e+00,6.5805160990433338e+00,-2.5102344222751992e+01,-2.6124062395275338e+00,1.8425690618120408e-01,2.9578311710792664e-02,2.2474520522103147e-03

4.7458316380000242e+03,0,1.0000000000000000e+00,-3.9021228011113758e+00,9.9897193962824744e+00,1.2478859273037428e+00,2.2540528522414591e-01,-3.8299630252297982e-02,-1.4450423193572433e-02
4.7458316380000242e+03,1,1.0000000000000000e+00,-3.5685186154288457e+00,1.4954309669037910e+01,1.3520635749031240e+00,-4.0791987621202985e-01,2.6445930737594228e-03,1.1564794499925368e-02
4.7458316380000242e+03,2,1.0000000000000000e+00,7.4706411775107471e+00,-2.4944027716001401e+01,-2.5999494803271119e+00,1.8251459117395175e-01,3.5655037407368868e-02,2.8856286854825686e-03

4.7506606300827070e+03,0,1.0000000000000000e+00,-2.8751011292238342e+00,1.0257950614681231e+01,1.1906594343080452e+00,1.8069232255082879e-01,1.4462537548297677e-01,-8.5994641736113122e-03
4.7506606300827070e+03,1,1.0000000000000000e+00,-5.4723492423245013e+00,1.4499404179895214e+01,1.3938304609087588e+00,-3.6129561304118352e-01,-1.8627044492421141e-01,5.0839550184863507e-03
4.7506606300827070e+03,2,1.0000000000000000e+00,8.3474501333762241e+00,-2.4757353443618523e+01,-2.5844898733616044e+00,1.8060329061775882e-01,4.1645069879471260e-02,3.5155091544914648e-03

4.7550391715067863e+03,0,1.0000000000000000e+00,-2.3385973901878341e+00,1.1168481461965040e+01,1.1691929086608370e+00,5.3457050546311308e-02,2.5923199628758298e-01,-1.0537970236238125e-03
4.7550391715067863e+03,1,1.0000000000000000e+00,-6.7956024631655918e+00,1.3394814141740650e+01,1.3986761126354876e+00,-2.3219960624402039e-01,-3.0620755709848890e-01,-3.0201236640125173e-03
4.7550391715067863e+03,2,1.0000000000000000e+00,9.1341996153316813e+00,-2.4563294250676382e+01,-2.5678689994238164e+00,1.7874255563387939e-01,4.6975561283329199e-02,4.0739206955062116e-03

4.7601826188222967e+03,0,1.0000000000000000e+00,-2.5690700470934384e+00,1.2620941909432283e+01,1.1860839876116436e+00,-1.4594223599205464e-01,2.8364088692839889e-01,7.2260324430761342e-03
4.7601826188222967e+03,1,1.0000000000000000e+00,-7.4785101350810699e+00,1.1684992916650947e+01,1.3591859895865770e+00,-3.0443870121703354e-02,-3.3670693888342945e-01,-1.1936336722882083e-02
4.7601826188222967e+03,2,1.0000000000000000e+00,1.0047579943421985e+01,-2.4305933471035985e+01,-2.5452699552792253e+00,1.7638610593437815e-01,5.3066052242166387e-02,4.7103042877577519e-03

4.7650490609069448e+03,0,1.0000000000000000e+00,-3.7090909480199343e+00,1.3815210268221943e+01,1.2335161093289919e+00,-3.1318882826084793e-01,1.8993691056374024e-01,1.1493760579405522e-02
4.7650490609069448e+03,1,1.0000000000000000e+00,-7.1910218932416266e+00,1.0218786946660980e+01,1.2873965445063134e+00,1.3923868165066178e-01,-2.4861033383353898e-01,-1.6792278905335866e-02
4.7650490609069448e+03,2,1.0000000000000000e+00,1.0900112601872760e+01,-2.4033995858895576e+01,-2.5209126318983106e+00,1.7395014656075403e-01,5.8673423395842861e-02,5.2985183247212103e-03

4.7699539866353452e+03,0,1.0000000000000000e+00,-5.4963872015014354e+00,1.4338749403650018e+01,1.2898942238531432e+00,-3.9769809640937165e-01,1.4665912636919715e-02,1.0577851379387012e-02
4.7699539866353452e+03,1,1.0000000000000000e+00,-6.2504751369759344e+00,9.3938105933978004e+00,1.2035886881078086e+00,2.2641745711101374e-01,-7.8891766296730476e-02,-1.6463217347825194e-02
4.7699539866353452e+03,2,1.0000000000000000e+00,1.1746862099361676e+01,-2.3732558640383807e+01,-2.4934828900491759e+00,1.7128063944592756e-01,6.4225853850938014e-02,5.8853659609022467e-03

4.7748194314660150e+03,0,1.0000000000000000e+00,-7.4035865118279913e+00,1.3936647726578757e+01,1.3287732288161296e+00,-3.6673770025399638e-01,-1.7690642737728121e-01,4.6987010409347031e-03
4.7748194314660150e+03,1,1.0000000000000000e+00,-5.1698180834071721e+00,9.4701732270054375e+00,1.1346692419449613e+00,1.9828326308388206e-01,1.0724691164973679e-01,-1.1160354651713146e-02
4.7748194314660150e+03,2,1.0000000000000000e+00,1.2573404356965867e+01,-2.3406819595484549e+01,-2.4634424488787907e+00,1.6845443732823023e-01,6.9659516129519872e-02,6.4616536079698042e-03

4.7793723869733312e+03,0,1.0000000000000000e+00,-8.8199427708597167e+00,1.2800543791174423e+01,1.3320017522928813e+00,-2.4271028381286114e-01,-3.1028097245526137e-01,-3.5090558488850617e-03
4.7793723869733312e+03,1,1.0000000000000000e+00,-4.5141771959965276e+00,1.0277722354736753e+01,1.1008148287570376e+00,7.7017898069929258e-02,2.3563478813387034e-01,-3.4799273074743679e-03
4.7793723869733312e+03,2,1.0000000000000000e+00,1.3334119728946312e+01,-2.3078264785692589e+01,-2.4328165591588249e+00,1.6569238572591799e-01,7.4646184816935635e-02,6.9889831628966049e-03

4.7839738570562431e+03,0,1.0000000000000000e+00,-9.5372049576296281e+00,1.1229454340719444e+01,1.2962437461323559e+00,-6.4806901819000146e-02,-3.5534103742457590e-01,-1.1798733948731216e-02
4.7839738570562431e+03,1,1.0000000000000000e+00,-4.5527286086971337e+00,1.1494007255205592e+01,1.1032200718704852e+00,-9.7992147418948100e-02,2.7580106172800611e-01,4.2941995570042382e-03
4.7839738570562431e+03,2,1.0000000000000000e+00,1.4089933327925074e+01,-2.2723460233623936e+01,-2.3994637960697691e+00,1.6279904906451129e-01,7.9539976075778618e-02,7.5045344017610803e-03

4.7889952281852893e+03,0,1.0000000000000000e+00,-9.3761536493843725e+00,9.5697948948221452e+00,1.2201211729693382e+00,1.2140851666109442e-01,-2.8600903302536551e-01,-1.7759916822351590e-02
4.7889952281852893e+03,1,1.0000000000000000e+00,-5.5230364989773086e+00,1.2741249613478686e+01,1.1402870583875895e+00,-2.8090576808517292e-01,2.0131503898310588e-01,9.7114258065660319e-03
4.7889952281852893e+03,2,1.0000000000000000e+00,1.4899189909121075e+01,-2.2311043144633899e+01,-2.3604082093877565e+00,1.5949725130648601e-01,8.4693994218737953e-02,8.0484910186741088e-03

4.7939660658087096e+03,0,1.0000000000000000e+00,-8.4620847781796122e+00,8.5260714201603740e+00,1.1279062149460062e+00,2.2891398705086691e-01,-1.2268942660218043e-01,-1.8383155362781171e-02
4.7939660658087096e+03,1,1.0000000000000000e+00,-7.2214401205524998e+00,1.3351625749165823e+01,1.1911827170168854e+00,-3.8495963726038390e-01,3.3048645304943586e-02,9.8084458712714845e-03
4.7939660658087096e+03,2,1.0000000000000000e+00,1.5683524659416548e+01,-2.1877695804925160e+01,-2.3190889100033742e+00,1.5604565029977530e-01,8.9640781460256475e-02,8.5747094856852800e-03

4.7989854098548731e+03,0,1.0000000000000000e+00,-7.2882953171944109e+00,8.4052698991780730e+00,1.0458469586549874e+00,2.1750743577469472e-01,7.3140258803851638e-02,-1.3495362659245492e-02
4.7989854098548731e+03,1,1.0000000000000000e+00,-9.1693474115565117e+00,1.3010186378267708e+01,1.2288864435864764e+00,-3.6988906428457696e-01,-1.6766687691765306e-01,4.3977817662597257e-03
4.7989854098548731e+03,2,1.0000000000000000e+00,1.6457642490193951e+01,-2.1415454911775981e+01,-2.2747333803126737e+00,1.5238162868020727e-01,9.4526618474393670e-02,9.0975808886841585e-03

4.8036260343435133e+03,0,1.0000000000000000e+00,-6.5117325633796455e+00,9.0973595366562492e+00,1.0004778542500290e+00,1.0302532022330051e-01,2.1352205989972009e-01,-5.7605513878566956e-03
4.8036260343435133e+03,1,1.0000000000000000e+00,-1.0644960440090731e+01,1.1869137825894125e+01,1.2309359391838184e+00,-2.5190337162770760e-01,-3.1246755450569985e-01,-3.8092627023212765e-03
4.8036260343435133e+03,2,1.0000000000000000e+00,1.7156692765432751e+01,-2.0966495994813496e+01,-2.2314137715045836e+00,1.4887805143107358e-01,9.8945495108571813e-02,9.5698140951047690e-03

4.8082984851925648e+03,0,1.0000000000000000e+00,-6.4272126709588058e+00,1.0255594427845043e+01,9.9293281425712454e-01,-7.2060712156604673e-02,2.6459720449013702e-01,2.3310343904843038e-03
4.8082984851925648e+03,1,1.0000000000000000e+00,-1.1416713791863554e+01,1.0238448973550774e+01,1.1926875595383279e+00,-7.3213435139508037e-02,-3.6785441969668564e-01,-1.2359552114557380e-02
4.8082984851925648e+03,2,1.0000000000000000e+00,1.7843926224443234e+01,-2.0494042031387675e+01,-2.1856203518261297e+00,1.4527414713813844e-01,1.0325721563999438e-01,1.0028517734827288e-02

4.8129141618357780e+03,0,1.0000000000000000e+00,-7.1696470880284835e+00,1.1388671256018121e+01,1.0178298003328523e+00,-2.4437248287755567e-01,2.0941598650560334e-01,7.8537561210896868e-03
4.8129141618357780e+03,1,1.0000000000000000e+00,-1.1336453384035995e+01,8.6192654080328754e+00,1.1204915740433805e+00,1.0273835104484205e-01,-3.1676273317801429e-01,-1.8317383806842256e-02
4.8129141618357780e+03,2,1.0000000000000000e+00,1.8506100232847388e+01,-2.0007935292478777e+01,-2.1383213523632651e+00,1.4163413166495484e-01,1.0734674691496091e-01,1.0463627692359813e-02

4.8179574399925541e+03,0,1.0000000000000000e+00,-8.7476451521022582e+00,1.2079900095646487e+01,1.0625568470805256e+00,-3.6484626096519568e-01,5.1738050000441044e-02,8.9203939618749950e-03
4.8179574399925541e+03,1,1.0000000000000000e+00,-1.0462466794449600e+01,7.3757822864041875e+00,1.0218297299156966e+00,2.2731790787571515e-01,-1.6336852095312057e-01,-1.9843241345329568e-02
4.8179574399925541e+03,2,1.0000000000000000e+00,1.9210111706914770e+01,-1.9455681009572192e+01,-2.0843865549746838e+00,1.3752835310863731e-01,1.1163047110935256e-01,1.0922847380467209e-02

4.8226563718100069e+03,0,1.0000000000000000e+00,-1.0524236172686773e+01,1.1887381970085563e+01,1.0966468704694785e+00,-3.7299858992663915e-01,-1.3468019187272839e-01,4.8326251074402738e-03
4.8226563718100069e+03,1,1.0000000000000000e+00,-9.3228438236855524e+00,7.0346503629287485e+00,9.3543029561142532e-01,2.3943733366817788e-01,1.9192079240701043e-02,-1.6172599254902026e-02
4.8226563718100069e+03,2,1.0000000000000000e+00,1.9847079757211233e+01,-1.8922030959546351e+01,-2.0320771440829826e+00,1.3356125641520450e-01,1.1548811292430711e-01,1.1339974142136153e-02

4.8274643717876397e+03,0,1.0000000000000000e+00,-1.2116321516320617e+01,1.0822812026297118e+01,1.1019287790171244e+00,-2.7271086906749964e-01,-2.9813368873581531e-01,-3.0659530406878920e-03
4.8274643717876397e+03,1,1.0000000000000000e+00,-8.3629171788053345e+00,7.5346775045037324e+00,8.7462079548716154e-01,1.4332681468782926e-01,1.7880514231380001e-01,-8.6899220378071872e-03
4.8274643717876397e+03,2,1.0000000000000000e+00,2.0479238456630718e+01,-1.8357488155441747e+01,-1.9765495525168784e+00,1.2938405446238310e-01,1.1932854690244055e-01,1.1755875080632933e-02

4.8320884897154174e+03,0,1.0000000000000000e+00,-1.3005906446398873e+01,9.2283375955940201e+00,1.0676685683853226e+00,-1.0456771472419338e-01,-3.7514192329436719e-01,-1.1671785750165184e-02
4.8320884897154174e+03,1,1.0000000000000000e+00,-8.0621936759626411e+00,8.5690447717207547e+00,8.5362304526802735e-01,-2.0731813288533102e-02,2.5223836195758126e-01,-4.6946421736539061e-04
4.8320884897154174e+03,2,1.0000000000000000e+00,2.1068099883803207e+01,-1.7797380989620446e+01,-1.9212915916353230e+00,1.2529952790135843e-01,1.2290356182913359e-01,1.2141249977810837e-02

4.8373860478255956e+03,0,1.0000000000000000e+00,-1.3000479743361430e+01,7.2870440507947762e+00,9.8425383662803478e-01,1.0194001454685162e-01,-3.3470322388793627e-01,-1.9096290304688835e-02
4.8373860478255956e+03,1,1.0000000000000000e+00,-8.7188925886729649e+00,9.8488092565081207e+00,8.7159616928502559e-01,-2.2250637830841477e-01,2.0789565614212502e-01,6.5350779724753991e-03
4.8373860478255956e+03,2,1.0000000000000000e+00,2.1719372092546507e+01,-1.7135851927470782e+01,-1.8558499838379132e+00,1.2056636356697284e-01,1.2680756804193019e-01,1.2561212341241509e-02

4.8422290907767747e+03,0,1.0000000000000000e+00,-1.2158261369435785e+01,5.9777979911483143e+00,8.8486180634334088e-01,2.3117653393811410e-01,-1.9286154897819746e-01,-2.1054218675062228e-02
4.8422290907767747e+03,1,1.0000000000000000e+00,-1.0134395876456811e+01,1.0535683330144961e+01,9.0926266152361956e-01,-3.4734013793618390e-01,6.2682529948524579e-02,8.1276391925080710e-03
4.8422290907767747e+03,2,1.0000000000000000e+00,2.2292657005762194e+01,-1.6513479940412203e+01,-1.7941244457692496e+00,1.1616360395365150e-01,1.3017901919740943e-01,1.2926579482503640e-02

4.8469441780101633e+03,0,1.0000000000000000e+00,-1.0966615422469971e+01,5.4970784722344259e+00,7.9132900594787525e-01,2.5567613450499793e-01,-8.7824545959873934e-03,-1.7818594995995023e-02
4.8469441780101633e+03,1,1.0000000000000000e+00,-1.1863453849891942e+01,1.0395175422406929e+01,9.4103343680871610e-01,-3.6744789040551029e-01,-1.2452225971326128e-01,4.5494819044032513e-03
4.8469441780101633e+03,2,1.0000000000000000e+00,2.2830069032466859e+01,-1.5892252512840626e+01,-1.7323624206740336e+00,1.1177175602683759e-01,1.3330471456607706e-01,1.3269113086748358e-02

4.8516131787229797e+03,0,1.0000000000000000e+00,-9.9279667601336037e+00,5.8563186200075581e+00,7.2354753915390146e-01,1.7283444469073833e-01,1.5414324905458138e-01,-1.0753253320434537e-02
4.8516131787229797e+03,1,1.0000000000000000e+00,-1.3413605719356125e+01,9.4065443101910855e+00,9.4609151042290351e-01,-2.8015403247346443e-01,-2.9042480150873234e-01,-2.8436730699830659e-03
4.8516131787229797e+03,2,1.0000000000000000e+00,2.3341572240235418e+01,-1.5262861546741854e+01,-1.6696390275081727e+00,1.0731958789275393e-01,1.3628155290436839e-01,1.3596926390778433e-02

4.8564015114068006e+03,0,1.0000000000000000e+00,-9.4733078192313727e+00,6.8450608475065078e+00,6.9277291562899523e-01,8.0097725686405774e-03,2.4166353843099975e-01,-2.1330191341883461e-03
4.8564015114068006e+03,1,1.0000000000000000e+00,-1.4371072604459922e+01,7.7581581827695434e+00,9.1098175373054802e-01,-1.1069705780249064e-01,-3.8088204679856741e-01,-1.1786105390220228e-02
4.8564015114068006e+03,2,1.0000000000000000e+00,2.3844380184541116e+01,-1.4603217644414526e+01,-1.6037546472662714e+00,1.0268728515473369e-01,1.3921850888426410e-01,1.3919124533966752e-02

4.8611038974669609e+03,0,1.0000000000000000e+00,-9.8689764832439231e+00,7.9713981157361005e+00,6.9987005331131114e-01,-1.7407567936430945e-01,2.1896426316183651e-01,4.6370918278604966e-03
4.8611038974669609e+03,1,1.0000000000000000e+00,-1.4447530550980835e+01,5.9706535227246409e+00,8.3772028677841448e-01,7.5962626334472594e-02,-3.6092407212323896e-01,-1.8855788780589855e-02
4.8611038974669609e+03,2,1.0000000000000000e+00,2.4316506794329865e+01,-1.3942050250440193e+01,-1.5375903179427968e+00,9.8113052820994570e-02,1.4195980933786043e-01,1.4218696964244545e-02

4.8659169506185790e+03,0,1.0000000000000000e+00,-1.1075482890410751e+01,8.7576546741188857e+00,7.3076766546866523e-01,-3.1459085363862471e-01,9.3306587001735802e-02,7.3587669184839409e-03
4.8659169506185790e+03,1,1.0000000000000000e+00,-1.3701934283162275e+01,4.4947379369948539e+00,7.3768528014110102e-01,2.2118574522641854e-01,-2.3789425971996089e-01,-2.1866341933429245e-02
4.8659169506185790e+03,2,1.0000000000000000e+00,2.4777416932785510e+01,-1.3252391221739234e+01,-1.4684529234226300e+00,9.3405108285445890e-02,1.4458767292118455e-01,1.4507575019108966e-02

4.8705579672108597e+03,0,1.0000000000000000e+00,-1.2679427159097475e+01,8.7892065945790723e+00,7.6138046488774114e-01,-3.5937391447993416e-01,-8.4274144095839526e-02,5.0354903014988364e-03
4.8705579672108597e+03,1,1.0000000000000000e+00,-1.2520843155886537e+01,3.7866057631631005e+00,6.3912554914166386e-01,2.7056733010433720e-01,-6.2677857021742583e-02,-1.9806753392340871e-02
4.8705579672108597e+03,2,1.0000000000000000e+00,2.5200270074041434e+01,-1.2575810967493917e+01,-1.4005059918419553e+00,8.8806584434038216e-02,1.4695200132726227e-01,1.4771263087717618e-02

4.8754834978257186e+03,0,1.0000000000000000e+00,-1.4330885548896045e+01,7.9057317986623454e+00,7.7054530466721627e-01,-2.9216490362569070e-01,-2.6772685466743318e-01,-1.9227577157686793e-03
4.8754834978257186e+03,1,1.0000000000000000e+00,-1.1294600861125705e+01,3.9403998074103512e+00,5.5654345139950478e-01,2.0832899857376719e-01,1.1841657928852489e-01,-1.3114584889436809e-02
4.8754834978257186e+03,2,1.0000000000000000e+00,2.5625486169625109e+01,-1.1846130214373376e+01,-1.3270887338952608e+00,8.3835905176757777e-02,1.4931027577301786e-01,1.5037342603721615e-02

4.8803507313061245e+03,0,1.0000000000000000e+00,-1.5392446750263368e+01,6.2936998333531502e+00,7.3952888545603768e-01,-1.3260188998270134e-01,-3.7840858144141476e-01,-1.0904757431248895e-02
4.8803507313061245e+03,1,1.0000000000000000e+00,-1.0628978469778684e+01,4.8202888329325582e+00,5.1375817039036797e-01,5.3750142828618563e-02,2.2689340594260476e-01,-4.3813276674963368e-03
4.8803507313061245e+03,2,1.0000000000000000e+00,2.6021424979952162e+01,-1.1113987272277235e+01,-1.2532870336609481e+00,7.8851747128632452e-02,1.5151517602385184e-01,1.5286085106357743e-02

4.8850727786224952e+03,0,1.0000000000000000e+00,-1.5572767561909600e+01,4.4604799478454451e+00,6.6903969886749737e-01,5.6297322686125140e-02,-3.7924511475863193e-01,-1.8516982552850763e-02
4.8850727786224952e+03,1,1.0000000000000000e+00,-1.0809532114634457e+01,5.9332396418895001e+00,5.1152606309758697e-01,-1.3029211576140159e-01,2.2571688345386159e-01,3.0050080446097950e-03
4.8850727786224952e+03,2,1.0000000000000000e+00,2.6382299435883446e+01,-1.0393718193360879e+01,-1.1805657397282299e+00,7.3994792876099114e-02,1.5352823174776167e-01,1.5511974520920398e-02

4.8898151432665636e+03,0,1.0000000000000000e+00,-1.4907849632303170e+01,2.8746962609459912e+00,5.7017268249570430e-01,2.1345545644239455e-01,-2.7388059792816005e-01,-2.2385558577421343e-02
4.8898151432665636e+03,1,1.0000000000000000e+00,-1.1813802611009285e+01,6.7864438344224975e+00,5.3632427891145940e-01,-2.8257616907097605e-01,1.1848603168961297e-01,6.6632045539643560e-03
4.8898151432665636e+03,2,1.0000000000000000e+00,2.6721652001639441e+01,-9.6611386973453737e+00,-1.1064969391179664e+00,6.9120712439131315e-02,1.5539456649317640e-01,1.5722354031365796e-02

4.8945754412494389e+03,0,1.0000000000000000e+00,-1.3682355017922248e+01,1.9716618270207977e+00,4.6451743644162447e-01,2.8364849824257132e-01,-9.8644969813392935e-02,-2.1128608651228144e-02
4.8945754412494389e+03,1,1.0000000000000000e+00,-1.3356662560914726e+01,6.9456421771153627e+00,5.6666570293762808e-01,-3.4786006959103166e-01,-5.8448006911997641e-02,5.2110188272389488e-03
4.8945754412494389e+03,2,1.0000000000000000e+00,2.7039017336658951e+01,-8.9173026051347097e+00,-1.0311831170737353e+00,6.4211571338277429e-02,1.5709297691785407e-01,1.5917589823275072e-02

4.8992769966354026e+03,0,1.0000000000000000e+00,-1.2401217343987053e+01,1.9426007865483150e+00,3.7742867084420251e-01,2.4318866082311749e-01,8.1978121310337909e-02,-1.5286275952736794e-02
4.8992769966354026e+03,1,1.0000000000000000e+00,-1.4928197276449273e+01,6.2324966080342428e+00,5.7849198169003779e-01,-3.0249852125301602e-01,-2.4058928101631102e-01,-8.0985083482913722e-04
4.8992769966354026e+03,2,1.0000000000000000e+00,2.7329414378568867e+01,-8.1750959944063002e+00,-9.5592063024012930e-01,5.9309860544052101e-02,1.5861116003834144e-01,1.6096126785138928e-02

4.9042371942759364e+03,0,1.0000000000000000e+00,-1.1518821437709310e+01,2.7080547596009641e+00,3.2304619956905167e-01,9.8869929197659426e-02,2.1102888246740753e-01,-6.4496102155277360e-03
4.9042371942759364e+03,1,1.0000000000000000e+00,-1.6091815990620070e+01,4.6766200878226458e+00,5.5259761242875327e-01,-1.5294273330134606e-01,-3.7110223906377265e-01,-9.8201208530681039e-03
4.9042371942759364e+03,2,1.0000000000000000e+00,2.7610637186891676e+01,-7.3846734451140623e+00,-8.7564378969897683e-01,5.4072804125408422e-02,1.6007335710566972e-01,1.6269731073988450e-02

4.9090584872107329e+03,0,1.0000000000000000e+00,-1.1488025872551393e+01,3.8165555610380135e+00,3.1210666224858774e-01,-8.7969653003095241e-02,2.2929166978204207e-01,1.5354100918686386e-03
4.9090584872107329e+03,1,1.0000000000000000e+00,-1.6370976697992823e+01,2.7931780148339858e+00,4.8471942728477685e-01,3.9013997930525388e-02,-3.9066367571132588e-01,-1.7958803164571612e-02
4.9090584872107329e+03,2,1.0000000000000000e+00,2.7859002328729996e+01,-6.6097321710588517e+00,-7.9682606718819038e-01,4.8955654899114201e-02,1.6137200641981347e-01,1.6423393085454718e-02

4.9137332566251844e+03,0,1.0000000000000000e+00,-1.2291602381589652e+01,4.7165664317389222e+00,3.3119131076044306e-01,-2.4694691160889182e-01,1.3980103114221354e-01,5.9025755671420869e-03
4.9137332566251844e+03,1,1.0000000000000000e+00,-1.5784687059133068e+01,1.1361001416609264e+00,3.8854003144013882e-01,2.0293671159646332e-01,-3.0229976933184699e-01,-2.2460039370167585e-02
4.9137332566251844e+03,2,1.0000000000000000e+00,2.8076289197883828e+01,-5.8526651666806586e+00,-7.1973131979627947e-01,4.4010199782778210e-02,1.6249873850426136e-01,1.6557463813922334e-02

4.9183667132377059e+03,0,1.0000000000000000e+00,-1.3662186156885504e+01,5.0074909767524511e+00,3.5948001483938974e-01,-3.2885281656100995e-01,-2.2400113239541136e-02,5.4826064325525295e-03
4.9183667132377059e+03,1,1.0000000000000000e+00,-1.4606706680525662e+01,8.9952438085134645e-02,2.8325349510685011e-01,2.8972612531892061e-01,-1.4106110241727784e-01,-2.2158322758534337e-02
4.9183667132377059e+03,2,1.0000000000000000e+00,2.8268892593770239e+01,-5.0974420069986719e+00,-6.4273348750977077e-01,3.9126691148872808e-02,1.6346121585215370e-01,1.6675716328661359e-02

4.9235570784476176e+03,0,1.0000000000000000e+00,-1.5347508483168429e+01,4.3591818723061451e+00,3.7486664684406490e-01,-2.9847358854207406e-01,-2.2437469112567579e-01,-3.7110928507205071e-04
4.9235570784476176e+03,1,1.0000000000000000e+00,-1.3110241770172948e+01,-1.1255183028069293e-01,1.8100636524983582e-01,2.6483501800290654e-01,6.0024501766390098e-02,-1.6420124430919815e-02
4.9235570784476176e+03,2,1.0000000000000000e+00,2.8457750009728066e+01,-4.2466286330279495e+00,-5.5587298966050791e-01,3.3638570622137043e-02,1.6435018964908196e-01,1.6791233713863277e-02

4.9285213738413659e+03,0,1.0000000000000000e+00,-1.6519794483819538e+01,2.8634630081787655e+00,3.5185357322757982e-01,-1.5908563391879690e-01,-3.6383691188335299e-01,-9.1580193914922031e-03
4.9285213738413659e+03,1,1.0000000000000000e+00,-1.2091818130244857e+01,5.6551845735627726e-01,1.2042264603358727e-01,1.3074464328599730e-01,1.9879890786090859e-01,-7.7273233795048350e-03
4.9285213738413659e+03,2,1.0000000000000000e+00,2.8611612370874330e+01,-3.4289800546083726e+00,-4.7227619682733152e-01,2.8340990679900591e-02,1.6503800450327913e-01,1.6885342774758862e-02

4.9333269951047723e+03,0,1.0000000000000000e+00,-1.6837823255760497e+01,9.8969731309616127e-01,2.8712465319159286e-01,3.0187133045830095e-02,-3.9683415436181396e-01,-1.7473444222367220e-02
4.9333269951047723e+03,1,1.0000000000000000e+00,-1.1897598642159178e+01,1.6448257925822933e+00,1.0381816789298218e-01,-5.3372291860679599e-02,2.3125432615384384e-01,5.1193069070899766e-04
4.9333269951047723e+03,2,1.0000000000000000e+00,2.8735421654516880e+01,-2.6345216922612202e+00,-3.9094279861101200e-01,2.3185158671579414e-02,1.6557982872613522e-01,1.6961513543854723e-02

4.9379723925696926e+03,0,1.0000000000000000e+00,-1.6285727853385598e+01,-7.1545465129624763e-01,1.9276574668811552e-01,2.0000561732380104e-01,-3.2066822865723915e-01,-2.2461019724994171e-02
4.9379723925696926e+03,1,1.0000000000000000e+00,-1.2545850019054393e+01,2.5797981500415164e+00,1.1923965351624297e-01,-2.1822491418094267e-01,1.5468028802453460e-01,5.4395397101554589e-03
4.9379723925696926e+03,2,1.0000000000000000e+00,2.8831577628052962e+01,-1.8643420832248303e+00,-3.1200537766860181e-01,1.8219296606825808e-02,1.6598794099981282e-01,1.7021480027746595e-02

4.9425126981013163e+03,0,1.0000000000000000e+00,-1.5121686593272035e+01,-1.8459710331692072e+00,8.8240484944057562e-02,2.9802678539376104e-01,-1.6806605775478967e-01,-2.2772388224676188e-02
4.9425126981013163e+03,1,1.0000000000000000e+00,-1.3781668097198278e+01,2.9560176113227428e+00,1.4637367963738371e-01,-3.1143098594282714e-01,1.8106224125618575e-03,5.7052689805051279e-03
4.9425126981013163e+03,2,1.0000000000000000e+00,2.8903354445085789e+01,-1.1100451613547433e+00,-2.3461414200169936e-01,1.3404200389797893e-02,1.6625543555594974e-01,1.7067119249870987e-02

4.9477462693464013e+03,0,1.0000000000000000e+00,-1.3526934058907202e+01,-2.1820011683565168e+00,-1.9423277371393460e-02,2.8842750457348454e-01,3.8264856777816630e-02,-1.7476426238570875e-02
4.9477462693464013e+03,1,1.0000000000000000e+00,-1.5432108436874074e+01,2.4215247518350367e+00,1.6461306651872035e-01,-2.9630435877224548e-01,-2.0464501765667306e-01,3.7319529739988228e-04
4.9477462693464013e+03,2,1.0000000000000000e+00,2.8959042250106044e+01,-2.3952216558119588e-01,-1.4518976655974583e-01,7.8768542386886686e-03,1.6638016112924128e-01,1.7103230939835318e-02

4.9527018835157096e+03,0,1.0000000000000000e+00,-1.2367197338226582e+01,-1.5896803111151363e+00,-8.5532977642242394e-02,1.6390286551168101e-01,1.8731387378342623e-01,-8.8841505570528938e-03
4.9527018835157096e+03,1,1.0000000000000000e+00,-1.6617877592976946e+01,1.0047612287106809e+00,1.4591614207663178e-01,-1.6652697057334256e-01,-3.5363869068395182e-01,-8.2363426754636822e-03
4.9527018835157096e+03,2,1.0000000000000000e+00,2.8985074685882360e+01,5.8492050200464185e-01,-6.0383141848751806e-02,2.6241051238156425e-03,1.6632481734246099e-01,1.7120493234804430e-02

4.9575142181890888e+03,0,1.0000000000000000e+00,-1.2005086199639219e+01,-5.3255129285965608e-01,-1.0722596513309773e-01,-1.8044391009881998e-02,2.3304256239531357e-01,-3.8737709678525814e-04
4.9575142181890888e+03,1,1.0000000000000000e+00,-1.6980291263213861e+01,-8.5237655575182880e-01,8.5210537346696064e-02,2.0544189233844302e-02,-3.9918077007098512e-01,-1.6734434856502698e-02
4.9575142181890888e+03,2,1.0000000000000000e+00,2.8985377217462979e+01,1.3849292706310712e+00,2.2015450404493209e-02,-2.4997983329132700e-03,1.6613820820534564e-01,1.7121811964406299e-02

4.9622708498743632e+03,0,1.0000000000000000e+00,-1.2517736681084912e+01,4.5857795375743815e-01,-9.4378876896780942e-02,-1.9064266012463321e-01,1.6599177405066182e-01,5.0988400689789271e-03
4.9622708498743632e+03,1,1.0000000000000000e+00,-1.6443726151290058e+01,-2.6331033967779423e+00,-9.0543997027287410e-03,1.9819163002508550e-01,-3.3183341949901846e-01,-2.2208276790893055e-02
4.9622708498743632e+03,2,1.0000000000000000e+00,2.8961462586058936e+01,2.1745268673435785e+00,1.0343329928149080e-01,-7.5489701565523608e-03,1.6584164585885885e-01,1.7109436736028986e-02

4.9668763426779551e+03,0,1.0000000000000000e+00,-1.3663589700964799e+01,9.0480999750866653e-01,-6.7324123872366776e-02,-2.9248089070058220e-01,1.7702842233242422e-02,5.8304069888713492e-03
4.9668763426779551e+03,1,1.0000000000000000e+00,-1.5251942498443661e+01,-3.8422349295588361e+00,-1.1485560122546792e-01,3.0486856425607473e-01,-1.8313973356924235e-01,-2.2915728654151934e-02
4.9668763426779551e+03,2,1.0000000000000000e+00,2.8915531951944075e+01,2.9374263578449171e+00,1.8217974783367813e-01,-1.2387673764427811e-02,1.6543689157437075e-01,1.7085321673456905e-02

4.9722527996830122e+03,0,1.0000000000000000e+00,-1.5283898800697497e+01,4.3407598974747863e-01,-4.6988734992215175e-02,-2.8639669438798854e-01,-1.9239912300815232e-01,7.8231569309293938e-04
4.9722527996830122e+03,1,1.0000000000000000e+00,-1.3549983977000753e+01,-4.2593104540797366e+00,-2.2693907651451928e-01,3.0437479988186855e-01,2.7611578002341985e-02,-1.7823529360574950e-02
4.9722527996830122e+03,2,1.0000000000000000e+00,2.8833882529649177e+01,3.8252358912499869e+00,2.7392783426149625e-01,-1.7978105499410646e-02,1.6478754523140549e-01,1.7041213667319755e-02

4.9772878555963698e+03,0,1.0000000000000000e+00,-1.6451700950972221e+01,-9.5636299567013849e-01,-6.3692517137611579e-02,-1.6092671039616441e-01,-3.4684376131766259e-01,-7.7769381085248963e-03
4.9772878555963698e+03,1,1.0000000000000000e+00,-1.2278520555635730e+01,-3.6966673059541035e+00,-2.9589818519735156e-01,1.8412560222780067e-01,1.8284656514868536e-01,-9.2055044244640834e-03
4.9772878555963698e+03,2,1.0000000000000000e+00,2.8730221258793826e+01,4.6530317300979762e+00,3.5959072508850343e-01,-2.3198891771641306e-02,1.6399719657569647e-01,1.6982442534539753e-02

4.9821517057142773e+03,0,1.0000000000000000e+00,-1.6792774038093064e+01,-2.8145278333624497e+00,-1.2303577271570285e-01,2.6148765787861711e-02,-3.9811311154125967e-01,-1.6395066704283617e-02
4.9821517057142773e+03,1,1.0000000000000000e+00,-1.1812325018246252e+01,-2.6340009443180770e+00,-3.1898320971791860e-01,2.1031602938579030e-03,2.3502497109426351e-01,-5.1415272954023067e-04
4.9821517057142773e+03,2,1.0000000000000000e+00,2.8605098808519219e+01,5.4485302084987506e+00,4.4201900521514803e-01,-2.8251926169802960e-02,1.6308814097482621e-01,1.6909219444088547e-02

4.9869585830749611e+03,0,1.0000000000000000e+00,-1.6215152162977084e+01,-4.6179204638011981e+00,-2.1715020191049489e-01,2.0771117622466637e-01,-3.3378364886443379e-01,-2.2067052619560996e-02
4.9869585830749611e+03,1,1.0000000000000000e+00,-1.2242162230160137e+01,-1.6121625764225951e+00,-3.0594675676197902e-01,-1.7448066727663050e-01,1.7170781094545062e-01,5.2442270880470841e-03
4.9869585830749611e+03,2,1.0000000000000000e+00,2.8457314144440996e+01,6.2300844734441245e+00,5.2309698151793127e-01,-3.3230509206359754e-02,1.6207583835702197e-01,1.6822825546331955e-02

4.9916299224210943e+03,0,1.0000000000000000e+00,-1.4951132517162462e+01,-5.8502088438721120e+00,-3.2406015042163500e-01,3.1851847659602184e-01,-1.8298156327812426e-01,-2.2846257177712777e-02
4.9916299224210943e+03,1,1.0000000000000000e+00,-1.3339753943721259e+01,-1.1344826145283085e+00,-2.7740341277797032e-01,-2.8050570951092291e-01,2.1996257021161092e-02,6.1188010188825831e-03
4.9916299224210943e+03,2,1.0000000000000000e+00,2.8290886210930399e+01,6.9846928932323911e+00,6.0146358610585171e-01,-3.8012767328567065e-02,1.6098530651262682e-01,1.6727456168690653e-02

4.9961839549341785e+03,0,1.0000000000000000e+00,-1.3439284181109706e+01,-6.2724012164717227e+00,-4.2056995098476202e-01,3.2795675672007946e-01,-1.7576405136555395e-03,-1.8815461128283684e-02
4.9961839549341785e+03,1,1.0000000000000000e+00,-1.4668003174442156e+01,-1.4427740683056873e+00,-2.5683862045103650e-01,-2.8534784921810435e-01,-1.5804239028633174e-01,2.1920147915731603e-03
4.9961839549341785e+03,2,1.0000000000000000e+00,2.8107287104847202e+01,7.7151767205685884e+00,6.7740859436793488e-01,-4.2608907577191574e-02,1.5980003099810533e-01,1.6623446338555403e-02

5.0011717605187459e+03,0,1.0000000000000000e+00,-1.2016668361644481e+01,-5.8360866823788538e+00,-4.9492684639503737e-01,2.2483798563379936e-01,1.6546377472267165e-01,-1.0552065905793342e-02
5.0011717605187459e+03,1,1.0000000000000000e+00,-1.5865646446709583e+01,-2.6725744800806490e+00,-2.6508196899347974e-01,-1.7724258085554118e-01,-3.2380561213838044e-01,-5.9425331614954141e-03
5.0011717605187459e+03,2,1.0000000000000000e+00,2.7882314557666863e+01,8.5086625995346470e+00,7.6000883832148181e-01,-4.7595404727050483e-02,1.5834183775909794e-01,1.6494599067640829e-02

5.0060754548810810e+03,0,1.0000000000000000e+00,-1.1331224439844242e+01,-4.8016563550427005e+00,-5.2418729543832088e-01,4.7314443679678977e-02,2.3759892781281833e-01,-1.5271280414156582e-03
5.0060754548810810e+03,1,1.0000000000000000e+00,-1.6305707082924698e+01,-4.4796223226467813e+00,-3.1636052041197993e-01,5.1704414878967070e-03,-3.9434973863017153e-01,-1.4823759508223816e-02
5.0060754548810810e+03,2,1.0000000000000000e+00,2.7636931272184825e+01,9.2812801169002181e+00,8.4054783880169026e-01,-5.2484885211709340e-02,1.5675081132558030e-01,1.6350887557711608e-02

5.0108397079729475e+03,0,1.0000000000000000e+00,-1.1546107764264367e+01,-3.7288495856482111e+00,-5.1472800738724456e-01,-1.3297867104333697e-01,1.9422627651393989e-01,4.8760491323079826e-03
5.0108397079729475e+03,1,1.0000000000000000e+00,-1.5829477624790318e+01,-6.2953001500214167e+00,-4.0335677702947592e-01,1.9020020128423656e-01,-3.4931000067899087e-01,-2.1072462203325378e-02
5.0108397079729475e+03,2,1.0000000000000000e+00,2.7375585137800041e+01,1.0024151177326365e+01,9.1808480742524401e-01,-5.7221530473335093e-02,1.5508372464674941e-01,1.6196413085843235e-02

5.0155168128674595e+03,0,1.0000000000000000e+00,-1.2483314411569488e+01,-3.1097034911368038e+00,-4.8570256639413500e-01,-2.5418374997629661e-01,5.8329128142703024e-02,6.6963454537061970e-03
5.0155168128674595e+03,1,1.0000000000000000e+00,-1.4613855270685050e+01,-7.6357713700647238e+00,-5.0775760724499286e-01,3.1600521658721664e-01,-2.1167877715563266e-01,-2.2729936677966644e-02
5.0155168128674595e+03,2,1.0000000000000000e+00,2.7097169429708273e+01,1.0745476304720958e+01,9.9346019671554697e-01,-6.1821466896046319e-02,1.5334964931848580e-01,1.6033591236873968e-02

5.0200439813474895e+03,0,1.0000000000000000e+00,-1.3728991198996365e+01,-3.2365638993697790e+00,-4.6050998585777947e-01,-2.7931019704210369e-01,-1.1693515834259133e-01,3.6920351023332493e-03
5.0200439813474895e+03,1,1.0000000000000000e+00,-1.3078366937404992e+01,-8.1991645204828565e+00,-6.0516267037657934e-01,3.4550761201873292e-01,-3.4635037707896665e-02,-1.9558665498187432e-02
5.0200439813474895e+03,2,1.0000000000000000e+00,2.6807357882812713e+01,1.1435729864438263e+01,1.0656726793503715e+00,-6.6197415130030302e-02,1.5157019624140816e-01,1.5866630400485238e-02

5.0249537967114020e+03,0,1.0000000000000000e+00,-1.4937566278032151e+01,-4.2572884561392019e+00,-4.5919527296448615e-01,-1.9492404990161322e-01,-2.9036159613835311e-01,-3.6854528296799034e-03
5.0249537967114020e+03,1,1.0000000000000000e+00,-1.1533290626003222e+01,-7.9176061095800829e+00,-6.8391035507573794e-01,2.6578843495900345e-01,1.4086068801261992e-01,-1.1987542965057128e-02
5.0249537967114020e+03,2,1.0000000000000000e+00,2.6470856650150921e+01,1.2174896011358394e+01,1.1431056511637714e+00,-7.0864385041361444e-02,1.4950090839893126e-01,1.5672995794693573e-02

5.0298632509479257e+03,0,1.0000000000000000e+00,-1.5499999887853098e+01,-5.9553159121607102e+00,-4.9932734219645070e-01,-2.4257823700023967e-02,-3.8387870786351880e-01,-1.2648023602111409e-02
5.0298632509479257e+03,1,1.0000000000000000e+00,-1.0611598027444893e+01,-6.9481403689456567e+00,-7.2021566403340509e-01,9.9742686913734585e-02,2.3660612539428200e-01,-2.8149162321036512e-03
5.0298632509479257e+03,2,1.0000000000000000e+00,2.6111597661543691e+01,1.2903457728556168e+01,1.2195430293626153e+00,-7.5484863216190884e-02,1.4727258293015089e-01,1.5462939839481550e-02

5.0346214304775212e+03,0,1.0000000000000000e+00,-1.5160823305542008e+01,-7.7791724603723935e+00,-5.7743020934708611e-01,1.6500737994706158e-01,-3.6372429456826427e-01,-1.9652469599785179e-02
5.0346214304775212e+03,1,1.0000000000000000e+00,-1.0580995429688816e+01,-5.8196207869002210e+00,-7.1517152132337991e-01,-8.5067696082594485e-02,2.1874612617232958e-01,4.4091428610602210e-03
5.0346214304775212e+03,2,1.0000000000000000e+00,2.5741818481058278e+01,1.3598794697120347e+01,1.2926017538492771e+00,-7.9939684048873971e-02,1.4497816890705395e-01,1.5243326752370877e-02

5.0393651270767605e+03,0,1.0000000000000000e+00,-1.4004481480179434e+01,-9.2467031368042782e+00,-6.7919180261547707e-01,3.1018182254790311e-01,-2.4044952507567985e-01,-2.2402721752626545e-02
5.0393651270767605e+03,1,1.0000000000000000e+00,-1.1347670894219421e+01,-5.0341914436622064e+00,-6.8517515079094304e-01,-2.2584404887088066e-01,9.7860627453766891e-02,7.3906549792369380e-03
5.0393651270767605e+03,2,1.0000000000000000e+00,2.5352152118994617e+01,1.4280896032445838e+01,1.3643669766567701e+00,-8.4337773982750164e-02,1.4258889798611141e-01,1.5012066788179800e-02

5.0441566212963589e+03,0,1.0000000000000000e+00,-1.2352355084924335e+01,-9.9673442172135331e+00,-7.8248037482418287e-01,3.6063289076557931e-01,-5.5421940769436739e-02,-1.9829864304711745e-02
5.0441566212963589e+03,1,1.0000000000000000e+00,-1.2585212048740649e+01,-4.9907981301483186e+00,-6.5323865306131856e-01,-2.7193686745115114e-01,-8.4659889622065609e-02,5.0605866148486084e-03
5.0441566212963589e+03,2,1.0000000000000000e+00,2.4937566876925729e+01,1.4958143800645464e+01,1.4357190511906925e+00,-8.8696023532187307e-02,1.4008183059040000e-01,1.4769277697092811e-02

5.0488980008079816e+03,0,1.0000000000000000e+00,-1.0747290980140182e+01,-9.7930175574281080e+00,-8.6133241111740255e-01,2.9862500098081635e-01,1.2244547426311364e-01,-1.2864917127613786e-02
5.0488980008079816e+03,1,1.0000000000000000e+00,-1.3759708368401562e+01,-5.8232054083857738e+00,-6.4382485183434590e-01,-2.0571514590381357e-01,-2.5993250123923428e-01,-1.6541674774181864e-03
5.0488980008079816e+03,2,1.0000000000000000e+00,2.4506999091215416e+01,1.5616224420003288e+01,1.5051572862726996e+00,-9.2909855111014295e-02,1.3748702719627559e-01,1.4519084605527697e-02

5.0537879439202834e+03,0,1.0000000000000000e+00,-9.6402638883030214e+00,-8.8792355044739644e+00,-9.0187870232541312e-01,1.4265889854193994e-01,2.3482659121088006e-01,-3.6461908156235397e-03
5.0537879439202834e+03,1,1.0000000000000000e+00,-1.4401954740757015e+01,-7.4024535119618937e+00,-6.7361648045422884e-01,-4.5482362904337298e-02,-3.6949098848626299e-01,-1.0600321652231487e-02
5.0537879439202834e+03,2,1.0000000000000000e+00,2.4042218371780503e+01,1.6281690472125028e+01,1.5754952061050791e+00,-9.7176535622690158e-02,1.3466439767859920e-01,1.4246512470953503e-02

5.0585417857398006e+03,0,1.0000000000000000e+00,-9.4032643187873255e+00,-7.7142982934064115e+00,-8.9968706831319722e-01,-4.2907641948511682e-02,2.3629710947515056e-01,4.1111390287666399e-03
5.0585417857398006e+03,1,1.0000000000000000e+00,-1.4167226475283986e+01,-9.2007530357220180e+00,-7.4287094748569471e-01,1.4418679361746897e-01,-3.6807441767407234e-01,-1.8076131968381072e-02
5.0585417857398006e+03,2,1.0000000000000000e+00,2.3570490536556701e+01,1.6915052787064099e+01,1.6425580391593171e+00,-1.0127915180542205e-01,1.3177730871069732e-01,1.3964992951380329e-02

5.0632568743952997e+03,0,1.0000000000000000e+00,-9.9871699736819153e+00,-6.8081991300180107e+00,-8.6936986070818123e-01,-1.9419176604710037e-01,1.3270359584713529e-01,7.9494353394258394e-03
5.0632568743952997e+03,1,1.0000000000000000e+00,-1.3096267336793169e+01,-1.0721218221953471e+01,-8.3834822196662451e-01,2.9949689607795948e-01,-2.6150649136774995e-01,-2.1621537336021287e-02
5.0632568743952997e+03,2,1.0000000000000000e+00,2.3083437051889156e+01,1.7529418812167613e+01,1.7077181061037534e+00,-1.0530513033037678e-01,1.2880289593613659e-01,1.3672102012377363e-02

5.0679767868093613e+03,0,1.0000000000000000e+00,-1.1099471217535818e+01,-6.5707032788844515e+00,-8.3282906564342940e-01,-2.5982200805375677e-01,-3.8774097528733842e-02,6.6678402491183921e-03
5.0679767868093613e+03,1,1.0000000000000000e+00,-1.1477566214587906e+01,-1.1559458403945886e+01,-9.3870988713248193e-01,3.6908100435258029e-01,-8.6967077717394203e-02,-2.0037767239370646e-02
5.0679767868093613e+03,2,1.0000000000000000e+00,2.2577037172083021e+01,1.8130163144540251e+01,1.7715389762697227e+00,-1.0925899657924529e-01,1.2574117547688327e-01,1.3369927000632047e-02

5.0726236994207793e+03,0,1.0000000000000000e+00,-1.2251204417145921e+01,-7.1709320604691484e+00,-8.1382640917097104e-01,-2.1839243737728725e-01,-2.1566174375596009e-01,8.9257779716635233e-04
5.0726236994207793e+03,1,1.0000000000000000e+00,-9.8092734573408453e+00,-1.1536370511522160e+01,-1.0191362809575852e+00,3.3143875881048862e-01,9.3021745835989711e-02,-1.3957633319165694e-02
5.0726236994207793e+03,2,1.0000000000000000e+00,2.2060477613518003e+01,1.8707304034570743e+01,1.8329627136506352e+00,-1.1304632154162796e-01,1.2263999809739505e-01,1.3065055524217696e-02

5.0772783351574526e+03,0,1.0000000000000000e+00,-1.2985747341273221e+01,-8.4970331700726334e+00,-8.2851275287479731e-01,-8.4695103948695782e-02,-3.4120538222719671e-01,-7.4007635816155035e-03
5.0772783351574526e+03,1,1.0000000000000000e+00,-8.5399169743685803e+00,-1.0773668474300328e+01,-1.0645326630495802e+00,2.0143173535340592e-01,2.2178602550184850e-01,-5.3482966063556035e-03
5.0772783351574526e+03,2,1.0000000000000000e+00,2.1525664054509232e+01,1.9270703108040507e+01,1.8930454394498473e+00,-1.1673663139317753e-01,1.1941935703893258e-01,1.2749060188852818e-02

5.0827208897560813e+03,0,1.0000000000000000e+00,-1.2873420208762012e+01,-1.0490545413394177e+01,-8.9483686989708033e-01,1.2931623890654340e-01,-3.6681479297171915e-01,-1.6512516381995503e-02
5.0827208897560813e+03,1,1.0000000000000000e+00,-8.0053751626922711e+00,-9.4194744830087505e+00,-1.0665488969289014e+00,-8.3583371037443122e-03,2.5133146517402272e-01,4.1518798594649721e-03
5.0827208897560813e+03,2,1.0000000000000000e+00,2.0878795110211382e+01,1.9910021362332060e+01,1.9613857903770930e+00,-1.2095790189745545e-01,1.1548332829086083e-01,1.2360636532148694e-02

5.0875926452248850e+03,0,1.0000000000000000e+00,-1.1808446397558027e+01,-1.2079791194447409e+01,-9.8769814152563518e-01,2.9788904496266333e-01,-2.6818843051301544e-01,-2.0777835403593355e-02
5.0875926452248850e+03,1,1.0000000000000000e+00,-8.4719953694993251e+00,-8.3839613051084285e+00,-1.0330228797405572e+00,-1.7321531020681213e-01,1.5636643124398869e-01,8.7818529416508334e-03
5.0875926452248850e+03,2,1.0000000000000000e+00,2.0280441504868406e+01,2.0463753967867223e+01,2.0207210448828534e+00,-1.2467373504104834e-01,1.1182199971500659e-01,1.1995982477910623e-02

5.0923015279870788e+03,0,1.0000000000000000e+00,-1.0176445009979819e+01,-1.2957805258081496e+01,-1.0850381901059429e+00,3.7818604361732594e-01,-9.6798556218923193e-02,-1.9673894781754929e-02
5.0923015279870788e+03,1,1.0000000000000000e+00,-9.5086063342510840e+00,-8.0239950712920312e+00,-9.9132013508566930e-01,-2.4999553400510138e-01,-1.1397559162011739e-02,8.0402459191064660e-03
5.0923015279870788e+03,2,1.0000000000000000e+00,1.9685051080536230e+01,2.0981801799354937e+01,2.0763583488789563e+00,-1.2819050992947850e-01,1.0819611563878212e-01,1.1633648875087109e-02

5.0969272538794994e+03,0,1.0000000000000000e+00,-8.4498233249187784e+00,-1.2975503865962926e+01,-1.1641530486380993e+00,3.5047763416360905e-01,8.6199625672977259e-02,-1.3872975615560923e-02
5.0969272538794994e+03,1,1.0000000000000000e+00,-1.0634465633959717e+01,-8.4984110456426869e+00,-9.6518475262599002e-01,-2.1893981708053939e-01,-1.9076394839988001e-01,2.6011477359015409e-03
5.0969272538794994e+03,2,1.0000000000000000e+00,1.9084288694026391e+01,2.1473916382477626e+01,2.1293378249888910e+00,-1.3153781724669777e-01,1.0456432288486803e-01,1.1271827883418838e-02

5.1014691023401792e+03,0,1.0000000000000000e+00,-7.1017546252390602e+00,-1.2252065578759172e+01,-1.2086285081683483e+00,2.3039488459929303e-01,2.2058537175158521e-01,-5.4761048983340225e-03
5.1014691023401792e+03,1,1.0000000000000000e+00,-1.1377871415407425e+01,-9.6885065658619247e+00,-9.7108390713332438e-01,-9.5688753891737810e-02,-3.2149609006395308e-01,-5.4328367896604810e-03
5.1014691023401792e+03,2,1.0000000000000000e+00,1.8479625775438144e+01,2.1940573616365569e+01,2.1797124390320439e+00,-1.3470613071938464e-01,1.0091071856767952e-01,1.0908941688172453e-02

5.1061122665936864e+03,0,1.0000000000000000e+00,-6.4312306737487859e+00,-1.1078722047289233e+01,-1.2135769198239070e+00,5.4059375715964281e-02,2.6728564848069652e-01,3.0969009835536687e-03
5.1061122665936864e+03,1,1.0000000000000000e+00,-1.1415620378565380e+01,-1.1321496353326017e+01,-1.0159022240985718e+00,8.3781366572028643e-02,-3.6434150435530505e-01,-1.3621978070269221e-02
5.1061122665936864e+03,2,1.0000000000000000e+00,1.7846850787075681e+01,2.2400219873977932e+01,2.2294791676637415e+00,-1.3784074232497448e-01,9.7055856311152627e-02,1.0525077092530708e-02

5.1110588263643904e+03,0,1.0000000000000000e+00,-6.6284456918976211e+00,-9.8740704382285500e+00,-1.1815265412174689e+00,-1.2652965134413952e-01,2.0064208669434680e-01,9.0970640968792392e-03
5.1110588263643904e+03,1,1.0000000000000000e+00,-1.0528487360326945e+01,-1.2995793993115710e+01,-1.0989689678118910e+00,2.6762463509787338e-01,-2.9345210633043683e-01,-1.9196222340474873e-02
5.1110588263643904e+03,2,1.0000000000000000e+00,1.7156932786357618e+01,2.2869865907075486e+01,2.2804955328225458e+00,-1.4109498398130246e-01,9.2810020117440231e-02,1.0099158258171526e-02

5.1159273778588586e+03,0,1.0000000000000000e+00,-7.5394385436199443e+00,-9.2533082775669939e+00,-1.1333056967433373e+00,-2.3120091455183400e-01,4.3423357572264121e-02,9.7664697158296194e-03
5.1159273778588586e+03,1,1.0000000000000000e+00,-8.9229283950679275e+00,-1.4058007331952339e+01,-1.1953097526209535e+00,3.7541847779190451e-01,-1.3194754752625870e-01,-1.9433434769792111e-02
5.1159273778588586e+03,2,1.0000000000000000e+00,1.6462366671358673e+01,2.3311317087254771e+01,2.3286154732338442e+00,-1.4421756358095389e-01,8.8524190273470388e-02,9.6669650688860579e-03

5.1202708335514280e+03,0,1.0000000000000000e+00,-8.5768121213943740e+00,-9.4321910090364476e+00,-1.0981010095417325e+00,-2.3074540965707996e-01,-1.2584026002637183e-01,5.7955505395471075e-03
5.1202708335514280e+03,1,1.0000000000000000e+00,-7.2532655877685066e+00,-1.4255212119078941e+01,-1.2716544856642211e+00,3.7765630199584849e-01,4.1198140310423237e-02,-1.5071464147479421e-02
5.1202708335514280e+03,2,1.0000000000000000e+00,1.5830077440477092e+01,2.3687404606871699e+01,2.3697555191258504e+00,-1.4691089259507528e-01,8.4642119882685524e-02,9.2759136155033499e-03

5.1246473660781367e+03,0,1.0000000000000000e+00,-9.4181048557844704e+00,-1.0319320758125585e+01,-1.0874903545708490e+00,-1.4009495352768014e-01,-2.7131386291115378e-01,-1.3055554338308410e-03
5.1246473660781367e+03,1,1.0000000000000000e+00,-5.7632817403036434e+00,-1.3729866014853911e+01,-1.3219923574987724e+00,2.8960409603308751e-01,1.9063777761273337e-01,-7.5723180783223692e-03
5.1246473660781367e+03,2,1.0000000000000000e+00,1.5181386326661933e+01,2.4049188252403560e+01,2.4094827360056978e+00,-1.4950914258802553e-01,8.0676085469024300e-02,8.8778735128292961e-03

5.1305547597320601e+03,0,1.0000000000000000e+00,-9.6392128368065180e+00,-1.2244688045718320e+01,-1.1273030102798769e+00,7.6028564038201879e-02,-3.5368525467143885e-01,-1.1959172967706599e-02
5.1305547597320601e+03,1,1.0000000000000000e+00,-4.6490663028851902e+00,-1.2264972874684119e+01,-1.3330090954959539e+00,7.6797657805778269e-02,2.7849390197081325e-01,3.6316889891982451e-03
5.1305547597320601e+03,2,1.0000000000000000e+00,1.4288278870123639e+01,2.4509662401431619e+01,2.4603121297173907e+00,-1.5282622186429351e-01,7.5191353089229140e-02,8.3274839823123635e-03

5.1354997421348107e+03,0,1.0000000000000000e+00,-8.7848026121423093e+00,-1.3889676936236826e+01,-1.2030306106955027e+00,2.6340807192140070e-01,-2.9197960329907208e-01,-1.7932379403115605e-02
5.1354997421348107e+03,1,1.0000000000000000e+00,-4.7411824240919351e+00,-1.0980139907566643e+01,-1.2972842534418787e+00,-1.0794174229493841e-01,2.2152858110535195e-01,1.0083624664496391e-02
5.1354997421348107e+03,2,1.0000000000000000e+00,1.3525984766188341e+01,2.4869818327075045e+01,2.5003148881212933e+00,-1.5546632982011110e-01,7.0451022675691310e-02,7.8487547518378518e-03

5.1403892413735612e+03,0,1.0000000000000000e+00,-7.1725974629893372e+00,-1.4959966912918631e+01,-1.2947105352771058e+00,3.7975725917827474e-01,-1.3370319729185534e-01,-1.8596770632685930e-02
5.1403892413735612e+03,1,1.0000000000000000e+00,-5.5870530391276985e+00,-1.0242615409123774e+01,-1.2427926888271195e+00,-2.2177853177857931e-01,6.8055224428869937e-02,1.1235810624376487e-02
5.1403892413735612e+03,2,1.0000000000000000e+00,1.2759650230688781e+01,2.5202583807421448e+01,2.5375032481638518e+00,-1.5797872774515651e-01,6.5647973211786198e-02,7.3609600241813069e-03

5.1449904773905309e+03,0,1.0000000000000000e+00,-5.3685668747713500e+00,-1.5150840964127346e+01,-1.3716322865217638e+00,3.8639892294321931e-01,5.1248807246483119e-02,-1.4081194455695101e-02
5.1449904773905309e+03,1,1.0000000000000000e+00,-6.6589385082747228e+00,-1.0343276030788747e+01,-1.1986709652992307e+00,-2.2615847402829237e-01,-1.1231361467552636e-01,7.1856256857751044e-03
5.1449904773905309e+03,2,1.0000000000000000e+00,1.2027505110077424e+01,2.5494118481455285e+01,2.5703032759400148e+00,-1.6024044920425964e-01,6.1064807596249493e-02,6.8955687787604645e-03

5.1496580335426715e+03,0,1.0000000000000000e+00,-3.7555342145053561e+00,-1.4517548496998630e+01,-1.4192070262239476e+00,2.8922061366959761e-01,2.1027123346383630e-01,-5.9023581113435628e-03
5.1496580335426715e+03,1,1.0000000000000000e+00,-7.5189425226099118e+00,-1.1250658789042600e+01,-1.1821749469570961e+00,-1.2682122131633211e-01,-2.6664321359048632e-01,-5.1845058234183811e-04
5.1496580335426715e+03,2,1.0000000000000000e+00,1.1274476463223479e+01,2.5768208773224206e+01,2.6013819973203720e+00,-1.6239939245548696e-01,5.6371980272783395e-02,6.4208086943608180e-03

5.1543204612629961e+03,0,1.0000000000000000e+00,-2.7799403779908953e+00,-1.3317925856605818e+01,-1.4253272913390713e+00,1.2190876624991343e-01,2.8765348453903428e-01,3.1717507714474850e-03
5.1543204612629961e+03,1,1.0000000000000000e+00,-7.7326355432020266e+00,-1.2702062989439170e+01,-1.2048751284657320e+00,4.2491816243791836e-02,-3.3927168492434923e-01,-9.1122204679806671e-03
5.1543204612629961e+03,2,1.0000000000000000e+00,1.0512575647117972e+01,2.6019990334247105e+01,2.6302024439441487e+00,-1.6440058250208517e-01,5.1618200694689587e-02,5.9404696976496172e-03

5.1595578422657381e+03,0,1.0000000000000000e+00,-2.6786214381353286e+00,-1.1856167659578190e+01,-1.3868683709685858e+00,-7.8491000062152788e-02,2.4818656465062999e-01,1.0767231103080508e-02
5.1595578422657381e+03,1,1.0000000000000000e+00,-6.9674141319138165e+00,-1.4419922497187917e+01,-1.2730024975598462e+00,2.4496934578003596e-01,-2.9434161940894571e-01,-1.6153147187675566e-02
5.1595578422657381e+03,2,1.0000000000000000e+00,9.6460352956708189e+00,2.6276091647079994e+01,2.6598708926970773e+00,-1.6647834586085367e-01,4.6155055225074890e-02,5.3859160953265107e-03

5.1646173690858386e+03,0,1.0000000000000000e+00,-3.4433365182841253e+00,-1.0938736455983491e+01,-1.3248666865737122e+00,-2.0761886714101216e-01,1.0052697359060722e-01,1.2724867264924646e-02
5.1646173690858386e+03,1,1.0000000000000000e+00,-5.3556163633303733e+00,-1.5557243441849366e+01,-1.3608627655997636e+00,3.7596654817523700e-01,-1.4127455181247209e-01,-1.7558393681885290e-02
5.1646173690858386e+03,2,1.0000000000000000e+00,8.7989526059948489e+00,2.6495981390398082e+01,2.6857294764146817e+00,-1.6834768136536954e-01,4.0747578604735296e-02,4.8335264331751775e-03

5.1695476496444699e+03,0,1.0000000000000000e+00,-4.5531207589429297e+00,-1.0908475470784822e+01,-1.2694840661496989e+00,-2.2236321544338547e-01,-8.9844832011968828e-02,8.8597169367845841e-03
5.1695476496444699e+03,1,1.0000000000000000e+00,-3.4115899770451414e+00,-1.5775240015892154e+01,-1.4387295251258088e+00,3.9240919778379080e-01,5.4444300898334269e-02,-1.3146394391085156e-02
5.1695476496444699e+03,2,1.0000000000000000e+00,7.9647104586589261e+00,2.6683716980621519e+01,2.7082136155863967e+00,-1.7004598266154172e-01,3.5400531292977135e-02,4.2866774647354177e-03

5.1740808611426564e+03,0,1.0000000000000000e+00,-5.3930004713587039e+00,-1.1680760712235301e+01,-1.2448875604030198e+00,-1.3331721371037683e-01,-2.4240330862986018e-01,1.5806948481948335e-03
5.1740808611426564e+03,1,1.0000000000000000e+00,-1.7975644287886370e+00,-1.5152230545754101e+01,-1.4816159931664938e+00,3.0479112216174964e-01,2.1194874184165444e-01,-5.3632927813141501e-03
5.1740808611426564e+03,2,1.0000000000000000e+00,7.1905646217261605e+00,2.6832992752523555e+01,2.7265035779068638e+00,-1.7147390859994166e-01,3.0454566902407866e-02,3.7825979347388362e-03

5.1785633740451676e+03,0,1.0000000000000000e+00,-5.6562446813203477e+00,-1.2979253683548752e+01,-1.2565382213726282e+00,2.3692616699167779e-02,-3.2217342145078015e-01,-6.7406574590287783e-03
5.1785633740451676e+03,1,1.0000000000000000e+00,-7.6280716675622795e-01,-1.3979236278080332e+01,-1.4858008481992677e+00,1.4903892369591998e-01,2.9664073870208946e-01,3.4585548812719304e-03
5.1785633740451676e+03,2,1.0000000000000000e+00,6.4190515693386709e+00,2.6958491456901651e+01,2.7423390939080727e+00,-1.7273154041136884e-01,2.5532682989087063e-02,3.2821025772438164e-03

5.1838643217229519e+03,0,1.0000000000000000e+00,-4.9733017198598617e+00,-1.4667501152914550e+01,-1.3144079432718256e+00,2.3099331804138967e-01,-2.9150485090119299e-01,-1.4391697635358379e-02
5.1838643217229519e+03,1,1.0000000000000000e+00,-5.2661579982322415e-01,-1.2410733997027606e+01,-1.4437395364599936e+00,-5.6979030584048462e-02,2.7187856644821989e-01,1.1712068807633355e-02
5.1838643217229519e+03,2,1.0000000000000000e+00,5.4999172407577293e+00,2.7078236647058070e+01,2.7581475040844365e+00,-1.7401428755618958e-01,1.9626284889424583e-02,2.6796288357875953e-03

5.1888704405250419e+03,0,1.0000000000000000e+00,-3.4281625707066157e+00,-1.5806273915605022e+01,-1.3941547588957783e+00,3.7137464640167667e-01,-1.4841257350205908e-01,-1.6469714756010882e-02
5.1888704405250419e+03,1,1.0000000000000000e+00,-1.1979637508849410e+00,-1.1356005102145929e+01,-1.3759500386329486e+00,-1.9632515335731143e-01,1.3448091006542770e-01,1.4374698278309762e-02
5.1888704405250419e+03,2,1.0000000000000000e+00,4.6261260416490604e+00,2.7162280517099703e+01,2.7701048219445843e+00,-1.7504949334794187e-01,1.3931663848241821e-02,2.0950164935823919e-03

5.1937351462692468e+03,0,1.0000000000000000e+00,-1.4999096669512226e+00,-1.6065266390174546e+01,-1.4672829323114545e+00,4.0147610580138249e-01,4.5029053320575246e-02,-1.2683636241365967e-02
5.1937351462692468e+03,1,1.0000000000000000e+00,-2.2724884268647632e+00,-1.1151146735879776e+01,-1.3116095884094263e+00,-2.2555936295970669e-01,-5.3344452810261650e-02,1.1166644338396647e-02
5.1937351462692468e+03,2,1.0000000000000000e+00,3.7723978121773962e+00,2.7216414626940455e+01,2.7788925452107924e+00,-1.7591674319508477e-01,8.3153996999211222e-03,1.5169919155903107e-03

5.1981370733907406e+03,0,1.0000000000000000e+00,1.3776237603089170e-01,-1.5497381418029438e+01,-1.5080089622182584e+00,3.2770904053618555e-01,2.0594963510117509e-01,-5.3697687364404056e-03
5.1981370733907406e+03,1,1.0000000000000000e+00,-3.1342889998395993e+00,-1.1744400317125567e+01,-1.2764073051831344e+00,-1.5113344249711491e-01,-2.0915963058788184e-01,4.3767975238861983e-03
5.1981370733907406e+03,2,1.0000000000000000e+00,2.9965263408857723e+00,2.7241783236647116e+01,2.7844162919271227e+00,-1.7657559824801672e-01,3.2099955792355417e-03,9.9297121604890407e-04

5.2040948895030115e+03,0,1.0000000000000000e+00,1.5129197079291206e+00,-1.3863583415940258e+01,-1.5047628798303780e+00,1.2047647069965739e-01,3.1607852311906381e-01,6.3690179813095434e-03
5.2040948895030115e+03,1,1.0000000000000000e+00,-3.4553499102342222e+00,-1.3376727861603831e+01,-1.2834617964503139e+00,5.6750758351611585e-02,-3.1237119673092539e-01,-6.6542443733897186e-03
5.2040948895030115e+03,2,1.0000000000000000e+00,1.9424299188218548e+00,2.7240312779845816e+01,2.7882247008055057e+00,-1.7722722906551028e-01,-3.7073261588582707e-03,2.8522639105868584e-04

5.2090192424113720e+03,0,1.0000000000000000e+00,1.6294267922394514e+00,-1.2352267694861496e+01,-1.4538767248305513e+00,-6.8859365686350593e-02,2.7801972328947638e-01,1.3628231677424022e-02
5.2090192424113720e+03,1,1.0000000000000000e+00,-2.6982936093869023e+00,-1.4855625525844227e+01,-1.3343008802023080e+00,2.4638991607204841e-01,-2.6854867134481802e-01,-1.3322096081219892e-02
5.2090192424113720e+03,2,1.0000000000000000e+00,1.0688665335023888e+00,2.7207894724637192e+01,2.7881776295696978e+00,-1.7753055047605742e-01,-9.4710515281649088e-03,-3.0613558909508252e-04

5.2139017794303863e+03,0,1.0000000000000000e+00,9.4156175797760167e-01,-1.1301477475416736e+01,-1.3795781424660802e+00,-1.9823405805874994e-01,1.3905450271627884e-01,1.5856340041540615e-02
5.2139017794303863e+03,1,1.0000000000000000e+00,-1.1432999059987425e+00,-1.5846050709336584e+01,-1.4056481268484999e+00,3.7586973520232758e-01,-1.2378342348168347e-01,-1.4951403206720629e-02
5.2139017794303863e+03,2,1.0000000000000000e+00,2.0173786344153122e-01,2.7147529690800926e+01,2.7852262939090116e+00,-1.7763567743523684e-01,-1.5271078826250430e-02,-9.0493681947686610e-04

5.2185502415531919e+03,0,1.0000000000000000e+00,-7.9559285915537292e-02,-1.1064158948119498e+01,-1.3113362134438993e+00,-2.2321967489830641e-01,-3.9386520172491175e-02,1.2688547824853775e-02
5.2185502415531919e+03,1,1.0000000000000000e+00,7.0348622566450991e-01,-1.5999404463550260e+01,-1.4683396916308000e+00,4.0080319894189043e-01,6.0248886986229926e-02,-1.1204657360641674e-02
5.2185502415531919e+03,2,1.0000000000000000e+00,-6.2392722593054051e-01,2.7063564919215764e+01,2.7796759297402391e+00,-1.7758352440605335e-01,-2.0862366591495270e-02,-1.4838904508084668e-03

5.2229412893457220e+03,0,1.0000000000000000e+00,-9.3158436636125230e-01,-1.1590553118290270e+01,-1.2693892312263824e+00,-1.5024719914930623e-01,-1.9355810531707437e-01,5.9674311312466963e-03
5.2229412893457220e+03,1,1.0000000000000000e+00,2.3349455928203455e+00,-1.5369767189494429e+01,-1.5025680382294977e+00,3.2765234407177773e-01,2.1971885957288026e-01,-3.9361855818194954e-03
5.2229412893457220e+03,2,1.0000000000000000e+00,-1.4033615140146964e+00,2.6960321815945665e+01,2.7719572941615827e+00,-1.7740514516070532e-01,-2.6160754174801043e-02,-2.0312455449866640e-03

5.2279271467765175e+03,0,1.0000000000000000e+00,-1.2894389185067099e+00,-1.2843919626782512e+01,-1.2628188932381312e+00,1.7398022240272010e-02,-2.9150384389826822e-01,-3.3470460778311627e-03
5.2279271467765175e+03,1,1.0000000000000000e+00,3.5764547424813062e+00,-1.3971014211752674e+01,-1.4974712151544285e+00,1.5962623167893283e-01,3.2365756635777831e-01,5.9951306270292874e-03
5.2279271467765175e+03,2,1.0000000000000000e+00,-2.2870161121941166e+00,2.6814935347153718e+01,2.7602901330997107e+00,-1.7702425396087187e-01,-3.2153722315133068e-02,-2.6480845513847037e-03

5.2327341829634715e+03,0,1.0000000000000000e+00,-7.4891623044809963e-01,-1.4249643227340307e+01,-1.2978839867495013e+00,2.0610956042316239e-01,-2.7412798504728453e-01,-1.0707186184162592e-02
5.2327341829634715e+03,1,1.0000000000000000e+00,3.8855822556946422e+00,-1.2396872968586134e+01,-1.4482506192358238e+00,-2.9668563754571303e-02,3.1204718351339855e-01,1.3949157025268281e-02
5.2327341829634715e+03,2,1.0000000000000000e+00,-3.1366663135466228e+00,2.6646517705717901e+01,2.7461346306895194e+00,-1.7644099670108379e-01,-3.7919198120389852e-02,-3.2419708383747969e-03

5.2374926178187297e+03,0,1.0000000000000000e+00,6.0748654618875064e-01,-1.5300497172847813e+01,-1.3579785726205695e+00,3.5207854386691317e-01,-1.5268508335766678e-01,-1.3676326474372202e-02
5.2374926178187297e+03,1,1.0000000000000000e+00,3.3669498051001252e+00,-1.1151944995534439e+01,-1.3713179199512651e+00,-1.7643473124737108e-01,1.9634562442482723e-01,1.7513135761847501e-02
5.2374926178187297e+03,2,1.0000000000000000e+00,-3.9744366401357683e+00,2.6452443680105244e+01,2.7292965173132151e+00,-1.7564381283417704e-01,-4.3660540638063711e-02,-3.8368092748127768e-03

5.2421622855857131e+03,0,1.0000000000000000e+00,2.4159356358575823e+00,-1.5604663101916044e+01,-1.4181818460529616e+00,4.0472845578099714e-01,2.7756954031050135e-02,-1.1221676026704739e-02
5.2421622855857131e+03,1,1.0000000000000000e+00,2.3764955077126522e+00,-1.0630631654608461e+01,-1.2918172186055572e+00,-2.3005686447346274e-01,2.1594237096514896e-02,1.5650996738096543e-02
5.2421622855857131e+03,2,1.0000000000000000e+00,-4.7924314338256657e+00,2.6235296269998518e+01,2.7099990894696764e+00,-1.7467159166992968e-01,-4.9351190836703002e-02,-4.4293206960716071e-03

5.2467685772727727e+03,0,1.0000000000000000e+00,4.1933485055071653e+00,-1.5055741882888029e+01,-1.4552393521426681e+00,3.4975283055622225e-01,2.0514851993434949e-01,-4.2691194841414145e-03
5.2467685772727727e+03,1,1.0000000000000000e+00,1.4011602178802587e+00,-1.0939239820616255e+01,-1.2330047387123544e+00,-1.7619582968631725e-01,-1.5015911875668600e-01,9.2851778394178828e-03
5.2467685772727727e+03,2,1.0000000000000000e+00,-5.5945090152543422e+00,2.5994983217842826e+01,2.6882441157218135e+00,-1.7355700117043726e-01,-5.4989401081209838e-02,-5.0160583476936155e-03

5.2511595173740934e+03,0,1.0000000000000000e+00,5.4566655921485276e+00,-1.3876940742721583e+01,-1.4550514011305424e+00,2.1528308205457081e-01,3.1916409117809330e-01,4.4838499069964101e-03
5.2511595173740934e+03,1,1.0000000000000000e+00,8.9733116591676954e-01,-1.1864830373023619e+01,-1.2099482698832515e+00,-4.2930676477623109e-02,-2.5882831060219402e-01,1.0863495003145991e-03
5.2511595173740934e+03,2,1.0000000000000000e+00,-6.3539970508487453e+00,2.5741772630362778e+01,2.6649996958929014e+00,-1.7235240568903479e-01,-6.0335780510060888e-02,-5.5701994085700915e-03

5.2563460000154082e+03,0,1.0000000000000000e+00,6.0488285036845708e+00,-1.2109909425488665e+01,-1.4060888460028460e+00,1.1214019384103047e-02,3.3986284161750002e-01,1.3920658625868953e-02
5.2563460000154082e+03,1,1.0000000000000000e+00,1.1949357423324516e+00,-1.3302697936198850e+01,-1.2283416377745735e+00,1.5950094468883352e-01,-2.7327816220650059e-01,-7.7037979730719408e-03
5.2563460000154082e+03,2,1.0000000000000000e+00,-7.2437645389850678e+00,2.5412608877069669e+01,2.6344305086441251e+00,-1.7071496407340764e-01,-6.6584679157390747e-02,-6.2168606539100982e-03

5.2612509318193561e+03,0,1.0000000000000000e+00,5.6725640175579350e+00,-1.0641057051749232e+01,-1.3238241008253451e+00,-1.5420194611202320e-01,2.4207247251476283e-01,1.8755973088484545e-02
5.2612509318193561e+03,1,1.0000000000000000e+00,2.4042335685572587e+00,-1.4430546339245723e+01,-1.2786164329254930e+00,3.2311625068967209e-01,-1.6961258764648640e-01,-1.1928188405228982e-02
5.2612509318193561e+03,2,1.0000000000000000e+00,-8.0767978793364748e+00,2.5071604908077045e+01,2.6024405586347745e+00,-1.6891430471292079e-01,-7.2459884456820736e-02,-6.8277846744558938e-03

5.2660885712612489e+03,0,1.0000000000000000e+00,4.6983675415076789e+00,-9.8664964376113993e+00,-1.2327112889358767e+00,-2.3070899521188126e-01,7.0441329550168047e-02,1.7957973981082870e-02
5.2660885712612489e+03,1,1.0000000000000000e+00,4.1907881761185557e+00,-1.4840529347797911e+01,-1.3352301178632795e+00,3.9760605732958476e-01,7.8290707897074874e-03,-1.0521940870657259e-02
5.2660885712612489e+03,2,1.0000000000000000e+00,-8.8891560120034558e+00,2.4707027304408133e+01,2.5679414317453153e+00,-1.6689706244663954e-01,-7.8270399999128382e-02,-7.4360330951343048e-03

5.2709090519683568e+03,0,1.0000000000000000e+00,3.6296155444421903e+00,-9.9766218581624422e+00,-1.1587131792802254e+00,-1.9369912058273495e-01,-1.1222214252932280e-01,1.2025388386594242e-02
5.2709090519683568e+03,1,1.0000000000000000e+00,6.0588036914304277e+00,-1.4339104576669229e+01,-1.3719147631980746e+00,3.5838340898975662e-01,1.9629987560975301e-01,-3.9804541879578329e-03
5.2709090519683568e+03,2,1.0000000000000000e+00,-9.6884195319563062e+00,2.4315727954967233e+01,2.5306279674902337e+00,-1.6468428874421859e-01,-8.4077732952022644e-02,-8.0449341885027326e-03

5.2755465103110091e+03,0,1.0000000000000000e+00,3.0041306019463363e+00,-1.0814571179882545e+01,-1.1221158415497832e+00,-6.3536558148524463e-02,-2.3622567916320375e-01,3.5398694847887137e-03
5.2755465103110091e+03,1,1.0000000000000000e+00,7.4427542509466775e+00,-1.3098350410758998e+01,-1.3698559302978461e+00,2.2593038630791826e-01,3.2585462044092667e-01,5.0848143456818269e-03
5.2755465103110091e+03,2,1.0000000000000000e+00,-1.0446885150158701e+01,2.3912923111074125e+01,2.4919717968823898e+00,-1.6239382831476568e-01,-8.9628941242651541e-02,-8.6246838305824164e-03

5.2800118512440667e+03,0,1.0000000000000000e+00,3.0968529248883474e+00,-1.1974734302592353e+01,-1.1247232288589615e+00,1.0827966726496974e-01,-2.6705642785226924e-01,-4.4429369913408833e-03
5.2800118512440667e+03,1,1.0000000000000000e+00,8.0699615093649690e+00,-1.1526179845478284e+01,-1.3275095953451861e+00,5.1750230473672720e-02,3.6194757381952758e-01,1.3615394461868886e-02
5.2800118512440667e+03,2,1.0000000000000000e+00,-1.1166814731818526e+01,2.3500915668857978e+01,2.4522328492265646e+00,-1.6002989773986342e-01,-9.4891145814248262e-02,-9.1724574742237108e-03

5.2850412061024008e+03,0,1.0000000000000000e+00,4.1163677489766961e+00,-1.3161322681428167e+01,-1.1631688025950737e+00,2.8884669477646768e-01,-1.8539669721000573e-01,-1.0010878685559017e-02
5.2850412061024008e+03,1,1.0000000000000000e+00,7.8481326378055130e+00,-9.8476658853174754e+00,-1.2414011655481432e+00,-1.3170905260312060e-01,2.8611218607327882e-01,1.9791379640779001e-02
5.2850412061024008e+03,2,1.0000000000000000e+00,-1.1964500684381452e+01,2.3008990088859029e+01,2.4045699931626645e+00,-1.5713764223017518e-01,-1.0071548850047540e-01,-9.7805009510808574e-03

5.2898326083412312e+03,0,1.0000000000000000e+00,5.7709393815061061e+00,-1.3677595261268952e+01,-1.2131887833736958e+00,3.8526580084690676e-01,-2.0070301048567774e-02,-9.9106694329108951e-03
5.2898326083412312e+03,1,1.0000000000000000e+00,6.9393527713149297e+00,-8.8356557028202634e+00,-1.1431350914431322e+00,-2.3114163358715079e-01,1.2627800450145621e-01,2.0269005180899996e-02
5.2898326083412312e+03,2,1.0000000000000000e+00,-1.2710292451179818e+01,2.2513252488089712e+01,2.3563238998810609e+00,-1.5412416752428237e-01,-1.0620770307057015e-01,-1.0358335734342049e-02

5.2945674794408569e+03,0,1.0000000000000000e+00,7.6080828810424661e+00,-1.3319569448412279e+01,-1.2491093961203585e+00,3.7171567841905689e-01,1.7008608994973476e-01,-4.4743247227247603e-03
5.2945674794408569e+03,1,1.0000000000000000e+00,5.8244476517100718e+00,-8.6779893248586717e+00,-1.0568151297954320e+00,-2.2080296706923136e-01,-5.8469297357718414e-02,1.5404361469035951e-02
5.2945674794408569e+03,2,1.0000000000000000e+00,-1.3432530832679300e+01,2.1997560298683403e+01,2.3059245510481103e+00,-1.5091271171054982e-01,-1.1161679239834982e-01,-1.0930036733326882e-02

5.2992112216969381e+03,0,1.0000000000000000e+00,9.1005885556200976e+00,-1.2160517133939393e+01,-1.2503639032803837e+00,2.5665950888173727e-01,3.1773307688776659e-01,4.2737726206416634e-03
5.2992112216969381e+03,1,1.0000000000000000e+00,5.0250693111195766e+00,-9.3064681357102366e+00,-1.0035113055024167e+00,-1.0907760953364948e-01,-2.0084972729358747e-01,7.2115181983917181e-03
5.2992112216969381e+03,2,1.0000000000000000e+00,-1.4125658168110004e+01,2.1466986795515428e+01,2.2538752339539738e+00,-1.4758189957741655e-01,-1.1688334956732163e-01,-1.1485290816008189e-02

5.3038742571608573e+03,0,1.0000000000000000e+00,9.8974125129695949e+00,-1.0499852976839039e+01,-1.2084507905136137e+00,7.9542427740466187e-02,3.7704651921553067e-01,1.3510090982196649e-02
5.3038742571608573e+03,1,1.0000000000000000e+00,4.9083282731109605e+00,-1.0409953046219306e+01,-9.9059289355466029e-01,6.4540670347716683e-02,-2.5497449508429582e-01,-1.4804475533153096e-03
5.3038742571608573e+03,2,1.0000000000000000e+00,-1.4805741088024167e+01,2.0909807549068958e+01,2.1990437092325683e+00,-1.4408309811523243e-01,-1.2207202405626436e-01,-1.2029643433387745e-02

5.3084731625387021e+03,0,1.0000000000000000e+00,9.8464844967437894e+00,-8.8338018788007204e+00,-1.1297294935330302e+00,-9.6875830048846978e-02,3.3055002345460749e-01,2.0098218641781653e-02
5.3084731625387021e+03,1,1.0000000000000000e+00,5.6136252581204875e+00,-1.1503105568411840e+01,-1.0127849382091800e+00,2.3733664222317774e-01,-2.0350016132540316e-01,-7.5461898989349803e-03
5.3084731625387021e+03,2,1.0000000000000000e+00,-1.5460110056758127e+01,2.0336908974009894e+01,2.1425144568895260e+00,-1.4046081216427186e-01,-1.2704986185487310e-01,-1.2552028743866744e-02

5.3133418504667688e+03,0,1.0000000000000000e+00,9.0324891939525287e+00,-7.5428690942502818e+00,-1.0246529871287922e+00,-2.2255045008273466e-01,1.8710779708619035e-01,2.2108028893561386e-02
5.3133418504667688e+03,1,1.0000000000000000e+00,7.1016807852773303e+00,-1.2162930567386077e+01,-1.0554255268141313e+00,3.5894192221411747e-01,-5.4925727180449635e-02,-9.0133051651265055e-03
5.3133418504667688e+03,2,1.0000000000000000e+00,-1.6134170281446377e+01,1.9705801190146573e+01,2.0800785391110552e+00,-1.3639147229809784e-01,-1.3218206951267947e-01,-1.3094723718737796e-02

5.3180888028689642e+03,0,1.0000000000000000e+00,7.8833339312025537e+00,-7.0851484739274788e+00,-9.2604868403973439e-01,-2.4301272158474521e-01,3.8912486248654787e-03,1.8586144037371917e-02
5.3180888028689642e+03,1,1.0000000000000000e+00,8.8883539696417824e+00,-1.1981498000943189e+01,-1.0906243785177336e+00,3.7518109694938762e-01,1.3320535897721683e-01,-4.9674260513587754e-03
5.3180888028689642e+03,2,1.0000000000000000e+00,-1.6771688204316419e+01,1.9066648005049220e+01,2.0166730877868462e+00,-1.3216837570368978e-01,-1.3709660732747314e-01,-1.3618717971807281e-02

5.3227817451547717e+03,0,1.0000000000000000e+00,6.9068940314317970e+00,-7.4622628732847325e+00,-8.5541587487088022e-01,-1.5692157326497563e-01,-1.5581478581936536e-01,1.1030411194661850e-02
5.3227817451547717e+03,1,1.0000000000000000e+00,1.0474818234314881e+01,-1.0949721733013185e+01,-1.0961414512589138e+00,2.8469708385382952e-01,2.9770438875091410e-01,3.0997489097443140e-03
5.3227817451547717e+03,2,1.0000000000000000e+00,-1.7381712570810308e+01,1.8411986137256296e+01,1.9515573514130249e+00,-1.2777551088737010e-01,-1.4188960286707875e-01,-1.4130160097259453e-02

5.3274903322946429e+03,0,1.0000000000000000e+00,6.5308981104450012e+00,-8.4286241308418823e+00,-8.2468562668815792e-01,5.7545405920676057e-03,-2.3811689370970179e-01,2.0578991419391169e-03
5.3274903322946429e+03,1,1.0000000000000000e+00,1.1441753482628608e+01,-9.3041279126254999e+00,-1.0591561099728704e+00,1.1745149133247081e-01,3.8471260918452865e-01,1.2571602828779825e-02
5.3274903322946429e+03,2,1.0000000000000000e+00,-1.7972651899074791e+01,1.7732753574506621e+01,1.8838417619519787e+00,-1.2320603201453452e-01,-1.4659571546422906e-01,-1.4629501973981674e-02

5.3320989390063914e+03,0,1.0000000000000000e+00,6.9732070017745684e+00,-9.5125160020018846e+00,-8.3267873224873878e-01,1.8416750125550940e-01,-2.1459140462978935e-01,-5.0065162842335906e-03
5.3320989390063914e+03,1,1.0000000000000000e+00,1.1556688985966428e+01,-7.5343218765811724e+00,-9.8265080158171714e-01,-6.5569468406781073e-02,3.6563147367929283e-01,2.0106123292527898e-02
5.3320989390063914e+03,2,1.0000000000000000e+00,-1.8529896293785690e+01,1.7046839409985740e+01,1.8153295590981855e+00,-1.1859803280948943e-01,-1.5104006887727914e-01,-1.5099607013093048e-02

5.3367614660372719e+03,0,1.0000000000000000e+00,8.1816989901250139e+00,-1.0262443678238569e+01,-8.6483649261939277e-01,3.2250173405584381e-01,-9.3187593993496687e-02,-7.9404432324461094e-03
5.3367614660372719e+03,1,1.0000000000000000e+00,1.0889978426765522e+01,-6.0700595567080491e+00,-8.7901714769825112e-01,-2.0873437630416325e-01,2.4853089123857819e-01,2.3497965781909928e-02
5.3367614660372719e+03,2,1.0000000000000000e+00,-1.9071677722891522e+01,1.6332504767630319e+01,1.7438536655810908e+00,-1.1376735780881353e-01,-1.5534329688644699e-01,-1.5557522545378843e-02

5.3412376214583473e+03,0,1.0000000000000000e+00,9.7700946131537574e+00,-1.0305185371555252e+01,-8.9731126361349922e-01,3.7106149917895559e-01,7.8955138729974506e-02,-5.7519771690033427e-03
5.3412376214583473e+03,1,1.0000000000000000e+00,9.8000635766880038e+00,-5.3230418162759241e+00,-7.7594451131294462e-01,-2.6213800301601675e-01,8.0357620135592389e-02,2.1736722009540348e-02
5.3412376214583473e+03,2,1.0000000000000000e+00,-1.9570158496555084e+01,1.5628228722190212e+01,1.6732558002298130e+00,-1.0892349642279303e-01,-1.5931275851412163e-01,-1.5984744827803973e-02

5.3460187345165759e+03,0,1.0000000000000000e+00,1.1449607334311708e+01,-9.4760960333142474e+00,-9.0947731064481208e-01,3.1295647678477168e-01,2.6217594142156486e-01,1.3250474703337713e-03
5.3460187345165759e+03,1,1.0000000000000000e+00,8.6284849691941776e+00,-5.3805689788430078e+00,-6.8628444767871599e-01,-2.0944303776147832e-01,-9.8754363198215123e-02,1.5104903062375330e-02
5.3460187345165759e+03,2,1.0000000000000000e+00,-2.0078092611750904e+01,1.4856666547752479e+01,1.5957617836892899e+00,-1.0351343936325341e-01,-1.6342157807512975e-01,-1.6429950521554992e-02

5.3507418131772101e+03,0,1.0000000000000000e+00,1.2601707278995045e+01,-7.9249471415537194e+00,-8.8128671007703230e-01,1.6322192502597810e-01,3.7969694471676985e-01,1.0749567496123959e-02
5.3507418131772101e+03,1,1.0000000000000000e+00,7.9522735832285125e+00,-6.1505143733733565e+00,-6.3586424793820762e-01,-6.5244755019614631e-02,-2.1233837380419873e-01,6.1054635460629988e-03
5.3507418131772101e+03,2,1.0000000000000000e+00,-2.0553981171775177e+01,1.4075463050780256e+01,1.5171509834097048e+00,-9.7977170189048418e-02,-1.6735857092126932e-01,-1.6855031041760116e-02

5.3553234825895624e+03,0,1.0000000000000000e+00,1.2932266637615086e+01,-6.1108676033756435e+00,-8.1203164909309666e-01,-2.0111662565403060e-02,3.9450785942363992e-01,1.9097428124511973e-02
5.3553234825895624e+03,1,1.0000000000000000e+00,8.0580734546666086e+00,-7.1893547806023985e+00,-6.2698747428245860e-01,1.1259863978635534e-01,-2.2348870049138209e-01,-1.8498027145648355e-03
5.3553234825895624e+03,2,1.0000000000000000e+00,-2.0990340402177875e+01,1.3300223919867500e+01,1.4390191487525319e+00,-9.2486977203436294e-02,-1.7101915886973967e-01,-1.7247625416421570e-02

5.3599097003615561e+03,0,1.0000000000000000e+00,1.2451951681738432e+01,-4.4644743706686700e+00,-7.1155938718923961e-01,-1.8076790381173269e-01,3.0820743123847150e-01,2.3968851167379450e-02
5.3599097003615561e+03,1,1.0000000000000000e+00,8.9497610511254528e+00,-8.0434150940697080e+00,-6.4749961400199252e-01,2.6765688301245577e-01,-1.3373777002857290e-01,-6.3503820321671872e-03
5.3599097003615561e+03,2,1.0000000000000000e+00,-2.1401713042543840e+01,1.2507891001381992e+01,1.3590590265442706e+00,-8.6888979164162217e-02,-1.7446966094009220e-01,-1.7618469137348994e-02

5.3644603869107923e+03,0,1.0000000000000000e+00,1.1397192532320208e+01,-3.3997207366853779e+00,-6.0068091454082606e-01,-2.6770080690338210e-01,1.5173323454019541e-01,2.3908268369283753e-02
5.3644603869107923e+03,1,1.0000000000000000e+00,1.0387029190445013e+01,-8.3068651774621465e+00,-6.7740368436937370e-01,3.4889412330785180e-01,2.5927612156410290e-02,-5.9420634517465057e-03
5.3644603869107923e+03,2,1.0000000000000000e+00,-2.1784222032636944e+01,1.1706587452336485e+01,1.2780846242769410e+00,-8.1193316545346061e-02,-1.7766084632085985e-01,-1.7966204909346653e-02

5.3695702726034888e+03,0,1.0000000000000000e+00,1.0025696229609785e+01,-3.1345787797774705e+00,-4.9088574982543332e-01,-2.4766967097489861e-01,-4.5480398143094680e-02,1.8193702601603280e-02
5.3695702726034888e+03,1,1.0000000000000000e+00,1.2156603994693317e+01,-7.6555528429777926e+00,-6.9443999601072159e-01,3.2224100541577444e-01,2.2647947678246966e-01,1.4223828754392903e-04
5.3695702726034888e+03,2,1.0000000000000000e+00,-2.2182300535435743e+01,1.0790133162611168e+01,1.1853257712619276e+00,-7.4571334763672878e-02,-1.8099907840251891e-01,-1.8335940876513114e-02

5.3744983492483780e+03,0,1.0000000000000000e+00,9.0859475360072075e+00,-3.7376305232309868e+00,-4.2275164086646688e-01,-1.1882290989412433e-01,-1.8544356592667757e-01,9.1482781262668018e-03
5.3744983492483780e+03,1,1.0000000000000000e+00,1.3447635608189557e+01,-6.1530057030822789e+00,-6.7137675688136544e-01,1.8678383589331102e-01,3.6946352402202232e-01,9.5234651510365288e-03
5.3744983492483780e+03,2,1.0000000000000000e+00,-2.2533583456852405e+01,9.8906377667693022e+00,1.0941284232189212e+00,-6.7960926249562487e-02,-1.8401995807526528e-01,-1.8671743273155548e-02

5.3792872268113506e+03,0,1.0000000000000000e+00,8.9425216229549171e+00,-4.7577095942302066e+00,-4.0071855145004509e-01,6.2844582170863722e-02,-2.2166500214410600e-01,3.4591906401350292e-04
5.3792872268113506e+03,1,1.0000000000000000e+00,1.3900845580258284e+01,-4.2450112826829134e+00,-6.0325735608737796e-01,-1.4440707534378594e-03,4.0843529292297365e-01,1.8628948457265860e-02
5.3792872268113506e+03,2,1.0000000000000000e+00,-2.2843367516534773e+01,9.0027224173150966e+00,1.0039759330016631e+00,-6.1400511442025185e-02,-1.8677029077713864e-01,-1.8974867527322845e-02

5.3839151561944618e+03,0,1.0000000000000000e+00,9.6322717799892530e+00,-5.6548000080767444e+00,-4.1334879808201264e-01,2.2829472460268085e-01,-1.4941748974079250e-01,-5.0961688888953409e-03
5.3839151561944618e+03,1,1.0000000000000000e+00,1.3480456737818535e+01,-2.4778303700230988e+00,-5.0218298182668519e-01,-1.7329644121868376e-01,3.3862275661400221e-01,2.4338969451250171e-02
5.3839151561944618e+03,2,1.0000000000000000e+00,-2.3112728830918968e+01,8.1326319189008718e+00,9.1553180534067502e-01,-5.4998283305874203e-02,-1.8920526668289769e-01,-1.9242800568156821e-02

5.3884269360121889e+03,0,1.0000000000000000e+00,1.0912845229241945e+01,-6.0138611483513538e+00,-4.3956559720406829e-01,3.2523899576173959e-01,-1.9764780269565518e-04,-5.6783521854533829e-03
5.3884269360121889e+03,1,1.0000000000000000e+00,1.2433837076209040e+01,-1.2602463371059374e+00,-3.8860357543372187e-01,-2.7654285293747544e-01,1.9151685012044106e-01,2.5158062865670024e-02
5.3884269360121889e+03,2,1.0000000000000000e+00,-2.3346682618419514e+01,7.2741090275487581e+00,8.2816919806331757e-01,-4.8696142871187079e-02,-1.9131920195959326e-01,-1.9479710676478107e-02

5.3936583907626218e+03,0,1.0000000000000000e+00,1.2653392770499508e+01,-5.4708563242993771e+00,-4.5773629181108222e-01,3.1724324651688834e-01,2.0729367655729994e-01,-2.8635674249115686e-04
5.3936583907626218e+03,1,1.0000000000000000e+00,1.0928637593672864e+01,-7.9668079084972021e-01,-2.6786941700422645e-01,-2.7599714344193998e-01,-1.3854964817045540e-02,2.0011874783512098e-02
5.3936583907626218e+03,2,1.0000000000000000e+00,-2.3582030678026047e+01,6.2675386590805244e+00,7.2560573428708541e-01,-4.1246103352146235e-02,-1.9343871144614569e-01,-1.9725518028961390e-02

5.3986028337654025e+03,0,1.0000000000000000e+00,1.3954549590352697e+01,-4.0323056671648896e+00,-4.3752542375114001e-01,1.9282610381901513e-01,3.6177346818999667e-01,8.8493121720143540e-03
5.3986028337654025e+03,1,1.0000000000000000e+00,9.8136211903909771e+00,-1.2744346962245690e+00,-1.9003219491292797e-01,-1.5880936971303214e-01,-1.6661668629656878e-01,1.1080494176761125e-02
5.3986028337654025e+03,2,1.0000000000000000e+00,-2.3768171096104048e+01,5.3067419082127882e+00,6.2755764418739879e-01,-3.4016734389742537e-02,-1.9515678182930327e-01,-1.9929806342127439e-02

5.4034082780573945e+03,0,1.0000000000000000e+00,1.4447359437349229e+01,-2.1201268350365909e+00,-3.7207672573260686e-01,6.8961884409767804e-03,4.1522440145781259e-01,1.8157275486787416e-02
5.4034082780573945e+03,1,1.0000000000000000e+00,9.4671060669262275e+00,-2.2452409921185348e+00,-1.5928623498155581e-01,1.9959615916858742e-02,-2.1862314378225078e-01,1.9440745136348053e-03
5.4034082780573945e+03,2,1.0000000000000000e+00,-2.3914465820534190e+01,4.3653693719673727e+00,5.3136298624158518e-01,-2.6855804429602309e-02,-1.9660125770267387e-01,-2.0101350005120831e-02

5.4081480618297674e+03,0,1.0000000000000000e+00,1.4037705038152957e+01,-2.5072179009704265e-01,-2.6946310075147561e-01,-1.7360166022124332e-01,3.5573036419464132e-01,2.4431204520749168e-02
5.4081480618297674e+03,1,1.0000000000000000e+00,9.9872189879655551e+00,-3.1798664634156220e+00,-1.6627637474546986e-01,1.9335504433012560e-01,-1.5793371280421120e-01,-4.1878122557462046e-03
5.4081480618297674e+03,2,1.0000000000000000e+00,-2.4024924342253179e+01,3.4305897984811109e+00,4.3573950098928493e-01,-1.9753384015792214e-02,-1.9779665126573384e-01,-2.0243392272991993e-02

5.4127117515513783e+03,0,1.0000000000000000e+00,1.2956349765912211e+01,1.0727159309801695e+00,-1.5305815175988280e-01,-2.8656153179048832e-01,2.1376455216229268e-01,2.5723998225257397e-02
5.4127117515513783e+03,1,1.0000000000000000e+00,1.1143137780566388e+01,-3.5984907287293741e+00,-1.9003449157388702e-01,2.9948633639331784e-01,-1.5081606863080188e-02,-5.3700024465093664e-03
5.4127117515513783e+03,2,1.0000000000000000e+00,-2.4099487862254708e+01,2.5257763437744383e+00,3.4309266880459471e-01,-1.2924804577333360e-02,-1.9868294497407749e-01,-2.0353995778869496e-02

5.4181098168594708e+03,0,1.0000000000000000e+00,1.1315934176422957e+01,1.6603736555383430e+00,-2.4515465852989499e-02,-2.9730067193257254e-01,3.1947442380121926e-03,2.0839089515935879e-02
5.4181098168594708e+03,1,1.0000000000000000e+00,1.2831482404621344e+01,-3.1116655463409564e+00,-2.0842744836092320e-01,3.0212137068184325e-01,1.9615047743137498e-01,-3.8862542734244276e-04
5.4181098168594708e+03,2,1.0000000000000000e+00,-2.4147416897341024e+01,1.4512934387468683e+00,2.3294293971625299e-01,-4.8206989688957536e-03,-1.9934522133897475e-01,-2.0450464078127954e-02

5.4230455877237719e+03,0,1.0000000000000000e+00,1.0074990621311287e+01,1.2579254360693692e+00,5.7788652768988619e-02,-1.8901053965086856e-01,-1.5465674815263736e-01,1.2076985752885624e-02
5.4230455877237719e+03,1,1.0000000000000000e+00,1.4077735314127235e+01,-1.7245503420730697e+00,-1.8964576418739645e-01,1.8632127407832044e-01,3.5425083368531446e-01,8.4274975589186743e-03
5.4230455877237719e+03,2,1.0000000000000000e+00,-2.4152726253107197e+01,4.6662645508407297e-01,1.3185713697229529e-01,2.6892652813668766e-03,-1.9959408541834006e-01,-2.0504483303699323e-02

5.4275827580395426e+03,0,1.0000000000000000e+00,9.5765777338444984e+00,3.7886186859232707e-01,9.2248252743152376e-02,-2.4601806116007527e-02,-2.1662561956635687e-01,3.2483103215834412e-03
5.4275827580395426e+03,1,1.0000000000000000e+00,1.4548097829868237e+01,6.0128898366401895e-02,-1.3101612017609629e-01,1.4915268168642040e-02,4.1619282651401945e-01,1.7276693513032342e-02
5.4275827580395426e+03,2,1.0000000000000000e+00,-2.4124675882394829e+01,-4.3898921775370825e-01,3.8767893000611009e-02,9.6865378198314617e-03,-1.9956720697719771e-01,-2.0525003837089970e-02

5.4322979394163176e+03,0,1.0000000000000000e+00,9.8892723440983730e+00,-5.8285280537507766e-01,9.0040650348275020e-02,1.5290298645961437e-01,-1.7300370755301553e-01,-3.5425827618714989e-03
5.4322979394163176e+03,1,1.0000000000000000e+00,1.4172518906109591e+01,1.9623262913583548e+00,-3.2034166976191977e-02,-1.6988552118796452e-01,3.7231466339318675e-01,2.4061029141563849e-02
5.4322979394163176e+03,2,1.0000000000000000e+00,-2.4061791568952309e+01,-1.3794719368082566e+00,-5.8006457836282416e-02,1.6982534812120517e-02,-1.9931095578268532e-01,-2.0518446388972673e-02

5.4367070172344129e+03,0,1.0000000000000000e+00,1.0845922018522078e+01,-1.0894249272214391e+00,6.8181362255516631e-02,2.6908558059209425e-01,-4.5568063476403770e-02,-5.5736524520935346e-03
5.4367070172344129e+03,1,1.0000000000000000e+00,1.3126044821135892e+01,3.3467363133167600e+00,8.0234534442033947e-02,-2.9283536393822990e-01,2.4441293735995198e-01,2.6061961422982449e-02
5.4367070172344129e+03,2,1.0000000000000000e+00,-2.3971967157918055e+01,-2.2573098362087012e+00,-1.4841587119603827e-01,2.3749783442771146e-02,-1.9884487361660075e-01,-2.0488308975450738e-02

5.4426714370269729e+03,0,1.0000000000000000e+00,1.2592514565214532e+01,-6.7624993471448924e-01,4.5230963879143937e-02,2.8707277216391919e-01,1.8688298056589800e-01,-7.6900375997988532e-04
5.4426714370269729e+03,1,1.0000000000000000e+00,1.1210782833236891e+01,4.1166752038489305e+00,2.2517330922577872e-01,-3.1986542207393781e-01,1.0908717636998050e-02,2.1178295480965982e-02
5.4426714370269729e+03,2,1.0000000000000000e+00,-2.3803297716827423e+01,-3.4404237171932142e+00,-2.7040424758960391e-01,3.2792649751255509e-02,-1.9779169784588183e-01,-2.0409291712451968e-02

5.4476347081660679e+03,0,1.0000000000000000e+00,1.3778307830225684e+01,6.8160604320000640e-01,6.2105833048916689e-02,1.7365101102902722e-01,3.4865979150245124e-01,8.0217035790678196e-03
5.4476347081660679e+03,1,1.0000000000000000e+00,9.8436304040425266e+00,3.7374810393851456e+00,3.0935262745481734e-01,-2.1394214564217021e-01,-1.5215049891967042e-01,1.2283636382865358e-02
5.4476347081660679e+03,2,1.0000000000000000e+00,-2.3621938553841659e+01,-4.4190855292941693e+00,-3.7145843493947422e-01,4.0291134330791761e-02,-1.9650929242187851e-01,-2.0305339953168813e-02

5.4524418600835834e+03,0,1.0000000000000000e+00,1.4193045800936813e+01,2.5589416324446845e+00,1.2351604383801246e-01,-7.8761008272328903e-03,4.1408601428541048e-01,1.7361934294791062e-02
5.4524418600835834e+03,1,1.0000000000000000e+00,9.2176883664608820e+00,2.8011529923390914e+00,3.4523973878254538e-01,-3.9708273372697667e-02,-2.1913984164121703e-01,2.8072569103449532e-03
5.4524418600835834e+03,2,1.0000000000000000e+00,-2.3410734488083229e+01,-5.3600930712201347e+00,-4.6875575703740163e-01,4.7584374057130285e-02,-1.9494617266424613e-01,-2.0169191206930153e-02

5.4571253657311227e+03,0,1.0000000000000000e+00,1.3717582105494252e+01,4.4315752088590132e+00,2.2176099621547174e-01,-1.9054021516027625e-01,3.6763945792154229e-01,2.3937273920538946e-02
5.4571253657311227e+03,1,1.0000000000000000e+00,9.4536480763025530e+00,1.8374896293441165e+00,3.4108605078433313e-01,1.3585745487623341e-01,-1.7446493113907524e-01,-3.9311432173930634e-03
5.4571253657311227e+03,2,1.0000000000000000e+00,-2.3171230502607298e+01,-6.2690632847069416e+00,-5.6284702144744503e-01,5.4682760363209543e-02,-1.9317452674886748e-01,-2.0006130712979152e-02

5.4615066074335864e+03,0,1.0000000000000000e+00,1.2592752663298036e+01,5.7858103012928943e+00,3.3235853115823694e-01,-3.1107318062165901e-01,2.3969664115141467e-01,2.5756947627506400e-02
5.4615066074335864e+03,1,1.0000000000000000e+00,1.0324499407871695e+01,1.3255995483259095e+00,3.1776436536769098e-01,2.4983729533686394e-01,-4.8381214741630679e-02,-5.9257030482305247e-03
5.4615066074335864e+03,2,1.0000000000000000e+00,-2.2917252391441512e+01,-7.1114082955459281e+00,-6.5012287101375765e-01,6.1235885413980978e-02,-1.9131542617220279e-01,-1.9831244585991517e-02

5.4659569006619777e+03,0,1.0000000000000000e+00,1.1092070853752015e+01,6.4741940319446414e+00,4.4201908964440412e-01,-3.4722699409771596e-01,6.6628772512753121e-02,2.2743232783687912e-02
5.4659569006619777e+03,1,1.0000000000000000e+00,1.1538108510406616e+01,1.4840152173322219e+00,2.9592564737838745e-01,2.7947436777321188e-01,1.2257330038110525e-01,-3.1101978530017928e-03
5.4659569006619777e+03,2,1.0000000000000000e+00,-2.2630179684148445e+01,-7.9582076937760560e+00,-7.3794471151857610e-01,6.7752626296456953e-02,-1.8920207251932869e-01,-1.9633034927225665e-02

5.4709357048347601e+03,0,1.0000000000000000e+00,9.4975354002882320e+00,6.3357991450764608e+00,5.3687286437411397e-01,-2.7450176469137588e-01,-1.1428394496123673e-01,1.4736464874813220e-02
5.4709357048347601e+03,1,1.0000000000000000e+00,1.2777489052965853e+01,2.5578767974959655e+00,2.9821121632128678e-01,1.9960883706605759e-01,3.0080179775086391e-01,4.6459953269016550e-03
5.4709357048347601e+03,2,1.0000000000000000e+00,-2.2275024773954438e+01,-8.8936743853442870e+00,-8.3508405515341744e-01,7.4892927388298919e-02,-1.8651785251367170e-01,-1.9382460191997498e-02

5.4758467214458697e+03,0,1.0000000000000000e+00,8.5194643960215544e+00,5.4824552426751243e+00,5.8504296749870022e-01,-1.1326778871365341e-01,-2.1619837128555314e-01,4.8486692887916884e-03
5.4758467214458697e+03,1,1.0000000000000000e+00,1.3370656926268694e+01,4.3199895223677380e+00,3.4454858739365457e-01,3.1418905552574636e-02,3.9971834063526762e-01,1.4250525903061008e-02
5.4758467214458697e+03,2,1.0000000000000000e+00,-2.1890121644222823e+01,-9.8024432070280731e+00,-9.2959152931469646e-01,8.1848882943897375e-02,-1.8351996930169748e-01,-1.9099195188970668e-02

5.4806336536435820e+03,0,1.0000000000000000e+00,8.4231627551373087e+00,4.4281925565636762e+00,5.8764863744839935e-01,7.1862347010038546e-02,-2.0499306433878420e-01,-3.2204650403128976e-03
5.4806336536435820e+03,1,1.0000000000000000e+00,1.3059021732040442e+01,6.2451557452165183e+00,4.3263789415729914e-01,-1.6044099763300287e-01,3.8529782247878164e-01,2.2008737715465323e-02
5.4806336536435820e+03,2,1.0000000000000000e+00,-2.1482184809654360e+01,-1.0673346743794646e+01,-1.0202865060421213e+00,8.8578650627134048e-02,-1.8030475815658767e-01,-1.8788272683375934e-02

5.4849659406407418e+03,0,1.0000000000000000e+00,9.0453711097252025e+00,3.7347700144552824e+00,5.6453933523427979e-01,2.0577325309107100e-01,-1.0239897847675603e-01,-6.7030370526710830e-03
5.4849659406407418e+03,1,1.0000000000000000e+00,1.2040014163580985e+01,7.7130470489324665e+00,5.3648983659440919e-01,-3.0035725285666226e-01,2.7960045583590354e-01,2.5186539684671334e-02
5.4849659406407418e+03,2,1.0000000000000000e+00,-2.1085385595386182e+01,-1.1447815505193340e+01,-1.1010291463094235e+00,9.4583999916642320e-02,-1.7720147722048277e-01,-1.8483502642372189e-02

5.4908271717052921e+03,0,1.0000000000000000e+00,1.0502034539659341e+01,3.7563088652566083e+00,5.2921852583501328e-01,2.6346979354253025e-01,1.1740135456055847e-01,-3.9331742043275508e-03
5.4908271717052921e+03,1,1.0000000000000000e+00,1.0005730871327010e+01,8.7172139922303948e+00,6.7887759414028492e-01,-3.6592735398914561e-01,5.5341410866600965e-02,2.1979108676349661e-02
5.4908271717052921e+03,2,1.0000000000000000e+00,-2.0507765732381035e+01,-1.2473521297687173e+01,-1.2080960944874215e+00,1.0245756046994656e-01,-1.7274276505165451e-01,-1.8045934470722520e-02

5.4957225993817592e+03,0,1.0000000000000000e+00,1.1640076392206982e+01,4.7801364497324261e+00,5.2746192527846736e-01,1.8312249384026513e-01,2.9277798764887641e-01,3.8138664965089546e-03
5.4957225993817592e+03,1,1.0000000000000000e+00,8.3505736870456317e+00,8.5293634184902682e+00,7.6803442703233027e-01,-2.9189153041160387e-01,-1.2403444772727124e-01,1.3842733741636245e-02
5.4957225993817592e+03,2,1.0000000000000000e+00,-1.9990650401106084e+01,-1.3309498306620382e+01,-1.2954963267932318e+00,1.0876903637289526e-01,-1.6874353960639871e-01,-1.7656600229058256e-02

5.5005222725826261e+03,0,1.0000000000000000e+00,1.2147754720663141e+01,6.4567152928171110e+00,5.6837135021078056e-01,1.8430021969786659e-02,3.8933826351196371e-01,1.3247426927678888e-02
5.5005222725826261e+03,1,1.0000000000000000e+00,7.3063801019398547e+00,7.6527026325569629e+00,8.1089678301620727e-01,-1.3319902759313218e-01,-2.2481000465787676e-01,3.9977314733602026e-03
5.5005222725826261e+03,2,1.0000000000000000e+00,-1.9454135145578238e+01,-1.4109416362783495e+01,-1.3792681076727564e+00,1.1476900539980944e-01,-1.6452825876234728e-01,-1.7245158396921159e-02

5.5051991660890744e+03,0,1.0000000000000000e+00,1.1794000232265644e+01,8.2927107002290192e+00,6.4938635143360546e-01,-1.6870718975814478e-01,3.7741693019328665e-01,2.0878849209416968e-02
5.5051991660890744e+03,1,1.0000000000000000e+00,7.1099474708905293e+00,6.5760410394624973e+00,8.0953475143482834e-01,4.8215585671324362e-02,-2.1726869060116233e-01,-4.0667362574909709e-03
5.5051991660890744e+03,2,1.0000000000000000e+00,-1.8903948026772923e+01,-1.4868750177009984e+01,-1.4589210773213743e+00,1.2049160405802872e-01,-1.6014823960702848e-01,-1.6812112959027969e-02

5.5097539568579859e+03,0,1.0000000000000000e+00,1.0667285320731910e+01,9.7942156395632018e+00,7.5397273156222089e-01,-3.1556765278802096e-01,2.6790438109289277e-01,2.4221837735274303e-02
5.5097539568579859e+03,1,1.0000000000000000e+00,7.6753755817585709e+00,5.7938713215227740e+00,7.8051454692383437e-01,1.8962302432173733e-01,-1.1222066710202716e-01,-7.8561902032049172e-03
5.5097539568579859e+03,2,1.0000000000000000e+00,-1.8342661225772659e+01,-1.5588085398255833e+01,-1.5344872529854237e+00,1.2594462861826791e-01,-1.5568371387722607e-01,-1.6365647543431394e-02

5.5143028731743179e+03,0,1.0000000000000000e+00,9.0478805707590571e+00,1.0638844288615507e+01,8.6190538598557132e-01,-3.8017107650690490e-01,9.7521305634025335e-02,2.2361222169636458e-02
5.5143028731743179e+03,1,1.0000000000000000e+00,8.7098079677577012e+00,5.6470266556363296e+00,7.4598484466597936e-01,2.4895983099979396e-01,5.3565729540806239e-02,-6.4559158375092005e-03
5.5143028731743179e+03,2,1.0000000000000000e+00,-1.7757688861085175e+01,-1.6285869380400968e+01,-1.6078902051899142e+00,1.3121124562851424e-01,-1.5108703484686881e-01,-1.5905306336372230e-02

5.5192110974577854e+03,0,1.0000000000000000e+00,7.2414573491469749e+00,1.0640827924097488e+01,9.5588540512580777e-01,-3.3656373303662518e-01,-9.1894701355555969e-02,1.5203219888751953e-02
5.5192110974577854e+03,1,1.0000000000000000e+00,9.8588141042134882e+00,6.3741456735420581e+00,7.2882956928111153e-01,1.9994112734527630e-01,2.3787288068810622e-01,1.9369036565896995e-04
5.5192110974577854e+03,2,1.0000000000000000e+00,-1.7100271775841009e+01,-1.7014972031926312e+01,-1.6847149489375199e+00,1.3662260559393030e-01,-1.4597817894722329e-01,-1.5396910247736371e-02

5.5240019367277300e+03,0,1.0000000000000000e+00,5.9319694025707932e+00,9.8635429567274358e+00,1.0058375105470887e+00,-1.9754171073189553e-01,-2.1838094764318688e-01,5.4623146846140298e-03
5.5240019367277300e+03,1,1.0000000000000000e+00,1.0501678886972613e+01,7.8384573788106113e+00,7.5141889668747941e-01,5.5916265653691899e-02,3.5917364358251808e-01,9.4203158229579659e-03
5.5240019367277300e+03,2,1.0000000000000000e+00,-1.6433648612892505e+01,-1.7701998768344151e+01,-1.7572563817260218e+00,1.4162544484867151e-01,-1.4079269573292919e-01,-1.4882630500163222e-02

5.5286610670143036e+03,0,1.0000000000000000e+00,5.4251251504149618e+00,8.7451419187256256e+00,1.0096659446185845e+00,-1.7633302194673600e-02,-2.4375629401931931e-01,-3.4592076023743420e-03
5.5286610670143036e+03,1,1.0000000000000000e+00,1.0337769455766644e+01,9.6006382502109631e+00,8.1571609925405597e-01,-1.2864150777213526e-01,3.7927746631717874e-01,1.7815850504556363e-02
5.5286610670143036e+03,2,1.0000000000000000e+00,-1.5762894930431917e+01,-1.8345778601267686e+01,-1.8253820183503240e+00,1.4627480984682989e-01,-1.3552117227903920e-01,-1.4356642904708299e-02

5.5332591169478928e+03,0,1.0000000000000000e+00,5.7315115619103700e+00,7.7683901192485401e+00,9.7967566518204330e-01,1.4302356661475987e-01,-1.6504971440619373e-01,-8.8182089445457534e-03
5.5332591169478928e+03,1,1.0000000000000000e+00,9.3485741105733311e+00,1.1188164300412110e+01,9.1047524660076773e-01,-2.9372203555963228e-01,2.9516679867806295e-01,2.2630226504446051e-02
5.5332591169478928e+03,2,1.0000000000000000e+00,-1.5080085996773953e+01,-1.8956552851948189e+01,-1.8901508862954819e+00,1.5069846904431303e-01,-1.3011708422956589e-01,-1.3812017571288273e-02

5.5378650763774267e+03,0,1.0000000000000000e+00,6.6303726981522821e+00,7.3467152082546079e+00,9.3658657949122359e-01,2.3162838331227853e-01,-9.0658015260657587e-03,-8.9609419989243825e-03
5.5378650763774267e+03,1,1.0000000000000000e+00,7.7457204247032045e+00,1.2196419901995128e+01,1.0158925616055159e+00,-3.8658468070931784e-01,1.3363821431167985e-01,2.2211478764988940e-02
5.5378650763774267e+03,2,1.0000000000000000e+00,-1.4376093446416764e+01,-1.9543133541891166e+01,-1.9524791156611117e+00,1.5495629757421694e-01,-1.2457241253324858e-01,-1.3250536775002798e-02

5.5423628056955731e+03,0,1.0000000000000000e+00,7.6812616083480645e+00,7.7031596857413156e+00,9.0565913034452450e-01,2.1857492235012377e-01,1.6643504000891168e-01,-4.0588226496069916e-03
5.5423628056955731e+03,1,1.0000000000000000e+00,5.9889356368753219e+00,1.2387954842101662e+01,1.1051732584068852e+00,-3.7746695012442433e-01,-4.7348091865497155e-02,1.6755694241499919e-02
5.5423628056955731e+03,2,1.0000000000000000e+00,-1.3670197568253643e+01,-2.0091112957938606e+01,-2.0108323633330492e+00,1.5889202780454281e-01,-1.1908694773734790e-01,-1.2696871590187920e-02

5.5467329344384407e+03,0,1.0000000000000000e+00,8.4393342794875199e+00,8.7522034716873449e+00,9.0455490235642877e-01,1.1541291635357173e-01,3.0419238980526830e-01,3.8832680044573707e-03
5.5467329344384407e+03,1,1.0000000000000000e+00,4.5285896539553567e+00,1.1847569648174058e+01,1.1605823951587575e+00,-2.7787474497994102e-01,-1.9050495261806560e-01,8.2715082378621609e-03
5.5467329344384407e+03,2,1.0000000000000000e+00,-1.2967924256792598e+01,-2.0599771548237115e+01,-2.0651372720712842e+00,1.6246182846118182e-01,-1.1368743684218965e-01,-1.2154776233828841e-02

5.5526472904116399e+03,0,1.0000000000000000e+00,8.4857148718287476e+00,1.0822138848982672e+01,9.6192185295654165e-01,-1.0808835389204294e-01,3.6794604233450579e-01,1.5158089809494981e-02
5.5526472904116399e+03,1,1.0000000000000000e+00,3.5080190548787904e+00,1.0427993665899576e+01,1.1728918748034065e+00,-5.8812461269148936e-02,-2.6175022272258475e-01,-3.7561433423957923e-03
5.5526472904116399e+03,2,1.0000000000000000e+00,-1.1993734251233587e+01,-2.1250130942001640e+01,-2.1348137022791982e+00,1.6690081499531209e-01,-1.0619581953164414e-01,-1.1401946466041996e-02

5.5575530496883857e+03,0,1.0000000000000000e+00,7.4941233800819083e+00,1.2486051188027792e+01,1.0523916521210352e+00,-2.8853075632304770e-01,2.9177736058939252e-01,2.0892464717965364e-02
5.5575530496883857e+03,1,1.0000000000000000e+00,3.6724018364734725e+00,9.2693916134675831e+00,1.1367721281748739e+00,1.1822884606682754e-01,-1.9199475441468628e-01,-1.0140621462779695e-02
5.5575530496883857e+03,2,1.0000000000000000e+00,-1.1166525541382226e+01,-2.1755441228458174e+01,-2.1891637548392358e+00,1.7030191031102315e-01,-9.9782606145399730e-02,-1.0751843265282442e-02

5.5623478930647352e+03,0,1.0000000000000000e+00,5.8244906084337575e+00,1.3520962736977690e+01,1.1549923174969554e+00,-3.9163017233921943e-01,1.2955832223661051e-01,2.0902039459857805e-02
5.5623478930647352e+03,1,1.0000000000000000e+00,4.5179086412141540e+00,8.6976215034406206e+00,1.0841650919545869e+00,2.1821136226020593e-01,-3.6171542984175908e-02,-1.0802454904786592e-02
5.5623478930647352e+03,2,1.0000000000000000e+00,-1.0342399573809223e+01,-2.2218582666858254e+01,-2.2391573840502730e+00,1.7341881026577272e-01,-9.3386779037676101e-02,-1.0099584565764425e-02

5.5666868131378260e+03,0,1.0000000000000000e+00,4.0922781220701800e+00,1.3705387507297145e+01,1.2365439674999503e+00,-3.9106776465655074e-01,-4.4335688739729540e-02,1.5987621153136938e-02
5.5666868131378260e+03,1,1.0000000000000000e+00,5.4919021100960599e+00,8.9057596974088291e+00,1.0451470690028266e+00,2.1502462319348564e-01,1.3189717190399786e-01,-6.4812823595181319e-03
5.5666868131378260e+03,2,1.0000000000000000e+00,-9.5841805556510913e+00,-2.2611145629781952e+01,-2.2816910111298236e+00,1.7604314155606732e-01,-8.7561482768284071e-02,-9.5063387950681498e-03

5.5710787219954127e+03,0,1.0000000000000000e+00,2.5447154391540083e+00,1.3164286072677381e+01,1.2893257818080894e+00,-3.0009159421516668e-01,-1.9351650094860015e-01,7.6648960033334317e-03
5.5710787219954127e+03,1,1.0000000000000000e+00,6.2608865838170518e+00,9.8184713481481261e+00,1.0328028127890987e+00,1.2162598255114931e-01,2.7517917765056554e-01,1.2437272531776837e-03
5.5710787219954127e+03,2,1.0000000000000000e+00,-8.8056023464889925e+00,-2.2982755844075289e+01,-2.3221285692086386e+00,1.7846561155579954e-01,-8.1662676303786874e-02,-8.9086232490071769e-03

5.5770179595160071e+03,0,1.0000000000000000e+00,1.3715028154033684e+00,1.1681127739913265e+01,1.2974894269386370e+00,-8.4610919344400626e-02,-2.7872304027970107e-01,-4.6623697857745301e-03
5.5770179595160071e+03,1,1.0000000000000000e+00,6.3654166290899958e+00,1.1762864713974922e+01,1.0751450777891904e+00,-9.6716842169675132e-02,3.5236111384853996e-01,1.2759148310435500e-02
5.5770179595160071e+03,2,1.0000000000000000e+00,-7.7369197690758176e+00,-2.3443990875455121e+01,-2.3726344792953622e+00,1.8132776132650358e-01,-7.3638073420383310e-02,-8.0967785207310145e-03

5.5819292529182094e+03,0,1.0000000000000000e+00,1.4197138258622628e+00,1.0409180741881400e+01,1.2555286700346149e+00,9.7944701531431116e-02,-2.2006443544449891e-01,-1.1632847354878826e-02
5.5819292529182094e+03,1,1.0000000000000000e+00,5.4215392867448058e+00,1.3379956194112484e+01,1.1551923746340800e+00,-2.8130986679060932e-01,2.8695820260518223e-01,1.9042934331642086e-02
5.5819292529182094e+03,2,1.0000000000000000e+00,-6.8412534376998630e+00,-2.3789135357210689e+01,-2.4107210192460635e+00,1.8336516526337987e-01,-6.6893767126562059e-02,-7.4100869846606063e-03

5.5867809745565710e+03,0,1.0000000000000000e+00,2.2045165349066247e+00,9.6830951357409099e+00,1.1934878119632719e+00,2.0944029230424416e-01,-6.7504986501713077e-02,-1.2901101145761425e-02
5.5867809745565710e+03,1,1.0000000000000000e+00,3.7427059018854463e+00,1.4414219822236916e+01,1.2515081114499111e+00,-3.9458068513564665e-01,1.2763837159562355e-01,1.9618337954425313e-02
5.5867809745565710e+03,2,1.0000000000000000e+00,-5.9472227613660928e+00,-2.4097313378774121e+01,-2.4449958980439752e+00,1.8514039301339147e-01,-6.0133384918012650e-02,-6.7172368205099513e-03

5.5914719631056687e+03,0,1.0000000000000000e+00,3.2354133579425692e+00,9.7948521040092800e+00,1.1415361420853825e+00,2.1135308617415099e-01,1.1539284247604198e-01,-8.3926851120586111e-03
5.5914719631056687e+03,1,1.0000000000000000e+00,1.8396938968935101e+00,1.4569155475635393e+01,1.3333916334839162e+00,-3.9800316760800242e-01,-6.1818687941408268e-02,1.4437592699775124e-02
5.5914719631056687e+03,2,1.0000000000000000e+00,-5.0751075785897086e+00,-2.4364005999085478e+01,-2.4749277502391145e+00,1.8665008156031831e-01,-5.3574154144418705e-02,-6.0449075909865587e-03

5.5957735471081942e+03,0,1.0000000000000000e+00,3.9765752642017906e+00,1.0614095639866814e+01,1.1211184820084257e+00,1.2002599819240169e-01,2.5711420355946124e-01,-7.2234959985830512e-04
5.5957735471081942e+03,1,1.0000000000000000e+00,2.9302557398373219e-01,1.3967495004588208e+01,1.3784977104999294e+00,-3.0785640140331705e-01,-2.0951571363983834e-01,6.1575508472857055e-03
5.5957735471081942e+03,2,1.0000000000000000e+00,-4.2696011617983389e+00,-2.4581589062053471e+01,-2.4996161671694535e+00,1.8783040314332175e-01,-4.7598489489025883e-02,-5.4352012408201466e-03

5.6016040223620266e+03,0,1.0000000000000000e+00,4.0827198122373272e+00,1.2418270059770272e+01,1.1510363540302349e+00,-9.3641056325861782e-02,3.3532055104611375e-01,1.0739307960453172e-02
5.6016040223620266e+03,1,1.0000000000000000e+00,-9.1206612134284981e-01,1.2417392784492872e+01,1.3778837777877266e+00,-9.5421659916057444e-02,-2.9575950758353481e-01,-6.1219935823308598e-03
5.6016040223620266e+03,2,1.0000000000000000e+00,-3.1706540154280320e+00,-2.4835661259909909e+01,-2.5289201064326683e+00,1.8906271604902131e-01,-3.9561043254663142e-02,-4.6173143721919014e-03

5.6065045811453238e+03,0,1.0000000000000000e+00,3.1578056189003734e+00,1.3956483197553982e+01,1.2213865020934143e+00,-2.7771631190234125e-01,2.7343724942690362e-01,1.7188120500698258e-02
5.6065045811453238e+03,1,1.0000000000000000e+00,-9.1550580823642758e-01,1.1056492681137971e+01,1.3284701326615165e+00,8.7950036737615034e-02,-2.4064086594834300e-01,-1.3262448415877839e-02
5.6065045811453238e+03,2,1.0000000000000000e+00,-2.2423001358315782e+00,-2.5012974293769876e+01,-2.5498566093674979e+00,1.8976627512994093e-01,-3.2796383421227315e-02,-3.9256720903530877e-03

5.6113555263658636e+03,0,1.0000000000000000e+00,1.4929736880630968e+00,1.4934357246053580e+01,1.3092702600332973e+00,-3.9299995066829857e-01,1.1790928579478152e-01,1.8016631885074609e-02
5.6113555263658636e+03,1,1.0000000000000000e+00,-1.7238073295150125e-01,1.0221374281047222e+01,1.2579493718424570e+00,2.0279291914894587e-01,-9.1855410947580013e-02,-1.4784952689587808e-02
5.6113555263658636e+03,2,1.0000000000000000e+00,-1.3205932799253699e+00,-2.5155729941767223e+01,-2.5672196065351711e+00,1.9020703168154737e-01,-2.6053874694260237e-02,-3.2316792072781438e-03

5.6162044609449194e+03,0,1.0000000000000000e+00,-4.7593178506387090e-01,1.5037720024563869e+01,1.3863555516226029e+00,-3.9943253175339027e-01,-7.5898043396142673e-02,1.2864807661321778e-02
5.6162044609449194e+03,1,1.0000000000000000e+00,8.7358461888698180e-01,1.0227978226326334e+01,1.1948466571478180e+00,2.0899542575683211e-01,9.5207147144603960e-02,-1.0328344115501525e-02
5.6162044609449194e+03,2,1.0000000000000000e+00,-3.9765315777098942e-01,-2.5265696664269377e+01,-2.5812021834751562e+00,1.9043710614759601e-01,-1.9309103372978337e-02,-2.5364635507894931e-03

5.6203105475791144e+03,0,1.0000000000000000e+00,-1.9715502874700797e+00,1.4419350635908398e+01,1.4239278718370649e+00,-3.1690790750142817e-01,-2.1809802249950475e-01,5.0735878904551324e-03
5.6203105475791144e+03,1,1.0000000000000000e+00,1.5871310053255179e+00,1.0913995919572960e+01,1.1664936041537037e+00,1.2643835269025738e-01,2.3175160728888330e-01,-3.1177871675242049e-03
5.6203105475791144e+03,2,1.0000000000000000e+00,3.8441895849548824e-01,-2.5333344967095798e+01,-2.5904214506949064e+00,1.9046955479294908e-01,-1.3653584334797825e-02,-1.9558007179234158e-03

5.6258673609957505e+03,0,1.0000000000000000e+00,-3.2117929775565868e+00,1.2883050941452144e+01,1.4188278223405719e+00,-1.1881537967738015e-01,-3.1154636433316119e-01,-6.7744543944181865e-03
5.6258673609957505e+03,1,1.0000000000000000e+00,1.7694611093490575e+00,1.2505187069437248e+01,1.1803151477069582e+00,-7.1419756555609670e-02,3.1767231588471556e-01,7.9602192549774759e-03
5.6258673609957505e+03,2,1.0000000000000000e+00,1.4423315438672133e+00,-2.5388236420325590e+01,-2.5991429447066752e+00,1.9023513604184533e-01,-6.1259512633117796e-03,-1.1857648523384071e-03

5.6307565727845567e+03,0,1.0000000000000000e+00,-3.3227752954199059e+00,1.1413135740340628e+01,1.3650092337005124e+00,6.8966160861183678e-02,-2.7032286601653127e-01,-1.4518189324153717e-02
5.6307565727845567e+03,1,1.0000000000000000e+00,9.5145846820526492e-01,1.3989047999191550e+01,1.2382911730023214e+00,-2.5869850366700786e-01,2.6990880038285064e-01,1.5033146737773088e-02
5.6307565727845567e+03,2,1.0000000000000000e+00,2.3713165020881859e+00,-2.5402182148076804e+01,-2.6033003813432374e+00,1.8973234271467265e-01,4.1406573080493558e-04,-5.1495741539752359e-04

5.6355969233067281e+03,0,1.0000000000000000e+00,-2.6457151964460826e+00,1.0412791762677696e+01,1.2866656540563901e+00,1.9608337190499683e-01,-1.2987525811361425e-01,-1.6826866964136548e-02
5.6355969233067281e+03,1,1.0000000000000000e+00,-6.4223423953089132e-01,1.4971761681500885e+01,1.3175154810777701e+00,-3.8505776977223827e-01,1.2300500923445620e-01,1.6675174840547442e-02
5.6355969233067281e+03,2,1.0000000000000000e+00,3.2879491109363519e+00,-2.5384551852296138e+01,-2.6041811098086751e+00,1.8897439798914922e-01,6.8702490027249871e-03,1.5169211273343742e-04

5.6403264981750472e+03,0,1.0000000000000000e+00,-1.6223222922412219e+00,1.0226939905054117e+01,1.2136067405562421e+00,2.1778617848206325e-01,5.3453174871167485e-02,-1.3140271105247880e-02
5.6403264981750472e+03,1,1.0000000000000000e+00,-2.5572306911565224e+00,1.5110221406711048e+01,1.3883135598681513e+00,-4.0581515773615384e-01,-6.6617819646215576e-02,1.2336549331691158e-02
5.6403264981750472e+03,2,1.0000000000000000e+00,4.1795526591643410e+00,-2.5337159718832737e+01,-2.6019202751477799e+00,1.8802897943291044e-01,1.3164645107303941e-02,8.0372176595397838e-04

5.6446283762254379e+03,0,1.0000000000000000e+00,-8.1890160077072505e-01,1.0794912455952996e+01,1.1718445227578824e+00,1.4167195042688208e-01,2.0348966062493379e-01,-5.8165403446353466e-03
5.6446283762254379e+03,1,1.0000000000000000e+00,-4.1674118153824971e+00,1.4473400089292879e+01,1.4253553560259686e+00,-3.2869374549260788e-01,-2.2231918943258938e-01,4.4276248714814077e-03
5.6446283762254379e+03,2,1.0000000000000000e+00,4.9863130924273422e+00,-2.5268310950539586e+01,-2.5971998535181351e+00,1.8702179509978223e-01,1.8829529273526376e-02,1.3889154760114045e-03

5.6504588499720785e+03,0,1.0000000000000000e+00,-5.5133785407696401e-01,1.2340940694466404e+01,1.1725533321930013e+00,-6.2377691142273567e-02,3.0126521195474448e-01,5.9564032934299850e-03
5.6504588499720785e+03,1,1.0000000000000000e+00,-5.5208754055256533e+00,1.2795601171600278e+01,1.4142866115613313e+00,-1.2304193500908425e-01,-3.2759992026812684e-01,-8.1170600828324238e-03
5.6504588499720785e+03,2,1.0000000000000000e+00,6.0722129353543464e+00,-2.5136540268841365e+01,-2.5868399184440705e+00,1.8541962596970848e-01,2.6334708657542984e-02,2.1606567988494097e-03

5.6553463800957252e+03,0,1.0000000000000000e+00,-1.3240638351620575e+00,1.3751718467142116e+01,1.2211232322557324e+00,-2.4945147550434721e-01,2.5666754354234289e-01,1.3202174373965576e-02
5.6553463800957252e+03,1,1.0000000000000000e+00,-5.6505969207633688e+00,1.1241062026748931e+01,1.3536082666244351e+00,6.5626428445950069e-02,-2.8914190036576470e-01,-1.5994955604011062e-02
5.6553463800957252e+03,2,1.0000000000000000e+00,6.9746604308271474e+00,-2.4992778895511119e+01,-2.5747314735402425e+00,1.8382504693393248e-01,3.2474356963753948e-02,2.7927812311367775e-03

5.6601982650763675e+03,0,1.0000000000000000e+00,-2.8795393410438299e+00,1.4680124371895658e+01,1.2921953121727172e+00,-3.7728491113988499e-01,1.1287926784011282e-01,1.5077580522968995e-02
5.6601982650763675e+03,1,1.0000000000000000e+00,-4.9826871701203341e+00,1.0140483895016519e+01,1.2674735140158082e+00,1.9528430345219233e-01,-1.5136709625634087e-01,-1.8493571369307973e-02
5.6601982650763675e+03,2,1.0000000000000000e+00,7.8622261859559117e+00,-2.4820606668002551e+01,-2.5596688008705017e+00,1.8200060777087351e-01,3.8487828537108915e-02,3.4159908372253384e-03

5.6650210047641776e+03,0,1.0000000000000000e+00,-4.8026317392745899e+00,1.4770287964827467e+01,1.3571215828310672e+00,-4.0098630051503725e-01,-7.7999229055941505e-02,1.0891854112030372e-02
5.6650210047641776e+03,1,1.0000000000000000e+00,-3.9325371103107116e+00,9.8503850267585040e+00,1.1845826786353362e+00,2.2100605873679846e-01,3.3582130665594428e-02,-1.4925028213670847e-02
5.6650210047641776e+03,2,1.0000000000000000e+00,8.7351685250978317e+00,-2.4620671391686059e+01,-2.5417042361958631e+00,1.7998024195657561e-01,4.4417098700142127e-02,4.0331740933610260e-03

5.6694731604758144e+03,0,1.0000000000000000e+00,-6.4465860620939202e+00,1.4050448631560474e+01,1.3887574229375734e+00,-3.2259598268915085e-01,-2.3803260831797585e-01,2.8256958172970786e-03
5.6694731604758144e+03,1,1.0000000000000000e+00,-3.0854610580162767e+00,1.0360406411614488e+01,1.1337360511589738e+00,1.4462219594903775e-01,1.8821062602640237e-01,-7.4203839130754946e-03
5.6694731604758144e+03,2,1.0000000000000000e+00,9.5320467962134803e+00,-2.4410853441493455e+01,-2.5224934488421757e+00,1.7797378679870918e-01,4.9821982759916894e-02,4.5946880975040027e-03

5.6738144286916749e+03,0,1.0000000000000000e+00,-7.5472609390959677e+00,1.2786401398856604e+01,1.3806432750897517e+00,-1.7611392515913227e-01,-3.3090457280852020e-01,-6.5931742033442254e-03
5.6738144286916749e+03,1,1.0000000000000000e+00,-2.7529639921205433e+00,1.1396921839468289e+01,1.1207401916771975e+00,2.1167481503187036e-04,2.7592598957343833e-01,1.4652324408320466e-03
5.6738144286916749e+03,2,1.0000000000000000e+00,1.0300224607155739e+01,-2.4183321634597050e+01,-2.5013834414851663e+00,1.7590225021590788e-01,5.4978583675316717e-02,5.1279417721891273e-03

5.6791090008860856e+03,0,1.0000000000000000e+00,-7.9233671171901445e+00,1.0994262974762069e+01,1.3183984838356406e+00,3.2914118934787795e-02,-3.2273457754138052e-01,-1.6244182268545959e-02
5.6791090008860856e+03,1,1.0000000000000000e+00,-3.3011204250753057e+00,1.2881729055162873e+01,1.1541575812405855e+00,-2.0611128266810902e-01,2.6165373714061940e-01,1.0485897142400714e-02
5.6791090008860856e+03,2,1.0000000000000000e+00,1.1224487217268134e+01,-2.3875990424412713e+01,-2.4725560397462609e+00,1.7319716355673087e-01,6.1080840623457477e-02,5.7582851320749067e-03

5.6841174295220344e+03,0,1.0000000000000000e+00,-7.3437203134882587e+00,9.6512167792626897e+00,1.2246878326968722e+00,1.8506950586519055e-01,-1.9749622900441086e-01,-2.0121792479067847e-02
5.6841174295220344e+03,1,1.0000000000000000e+00,-4.7413511851630865e+00,1.3904745208099268e+01,1.2175641381490878e+00,-3.5548947557895172e-01,1.3080092305163174e-01,1.3780208116782246e-02
5.6841174295220344e+03,2,1.0000000000000000e+00,1.2085071173177024e+01,-2.3555960381096376e+01,-2.4422519455153351e+00,1.7041996972213569e-01,6.6695306070275323e-02,6.3415843566628823e-03

5.6890266894938059e+03,0,1.0000000000000000e+00,-6.2702883834269567e+00,9.1269211794501857e+00,1.1297618862445140e+00,2.3247075194095052e-01,-1.1236230235722830e-02,-1.7501662000779041e-02
5.6890266894938059e+03,1,1.0000000000000000e+00,-6.6443069023616292e+00,1.4088309876392794e+01,1.2799672379653289e+00,-3.9996198131112198e-01,-6.0867067315676190e-02,1.0594643620760253e-02
5.6890266894938059e+03,2,1.0000000000000000e+00,1.2914594960813469e+01,-2.3215229448740963e+01,-2.4097290989211140e+00,1.6749122953659148e-01,7.2103297808422687e-02,6.9070183708392846e-03

5.6936647013885067e+03,0,1.0000000000000000e+00,-5.3037972043570054e+00,9.4821953475930911e+00,1.0643403211871374e+00,1.6725071207098371e-01,1.5777172930627817e-01,-1.0092865389889901e-02
5.6936647013885067e+03,1,1.0000000000000000e+00,-8.3809108203120068e+00,1.3386917597825811e+01,1.3121296692644386e+00,-3.3182704992007561e-01,-2.3490614552771441e-01,2.6597810012953613e-03
5.6936647013885067e+03,2,1.0000000000000000e+00,1.3684707700400301e+01,-2.2869111336645098e+01,-2.3764699651891492e+00,1.6457633795004054e-01,7.7134416673033862e-02,7.4330843878400166e-03

5.6981428529044706e+03,0,1.0000000000000000e+00,-4.8538923111896288e+00,1.0444456240234697e+01,1.0396096035067606e+00,2.3909515745891036e-02,2.5806532095226287e-01,-8.6618333090810774e-04
5.6981428529044706e+03,1,1.0000000000000000e+00,-9.5613231800053455e+00,1.2068557982993429e+01,1.3024616244358773e+00,-1.8557250048155208e-01,-3.3994687103547927e-01,-7.0609265845434400e-03
5.6981428529044706e+03,2,1.0000000000000000e+00,1.4415215166954265e+01,-2.2513012612289312e+01,-2.3420712026597630e+00,1.6166298464330733e-01,8.1881550562094368e-02,7.9271099245230483e-03

5.7034839904738510e+03,0,1.0000000000000000e+00,-5.2827532830710950e+00,1.1874801299906302e+01,1.0619403456638872e+00,-1.8418951633238648e-01,2.5371240241750748e-01,8.5827050684701978e-03
5.7034839904738510e+03,1,1.0000000000000000e+00,-9.9863814182548065e+00,1.0186177926623783e+01,1.2362661965634110e+00,2.6126070519880890e-02,-3.4105808069335763e-01,-1.7076931955741260e-02
5.7034839904738510e+03,2,1.0000000000000000e+00,1.5269134376195353e+01,-2.2060977613493385e+01,-2.2982065168899073e+00,1.5806344561675431e-01,8.7345678559295523e-02,8.4942268958648291e-03

5.7085071571289182e+03,0,1.0000000000000000e+00,-6.6272340272471197e+00,1.2879994651434284e+01,1.1171461593633341e+00,-3.3823152904125686e-01,1.3006576873226852e-01,1.2361848499516005e-02
5.7085071571289182e+03,1,1.0000000000000000e+00,-9.4270441610666538e+00,8.7297485221370046e+00,1.1370920887375637e+00,1.8371580018987654e-01,-2.2235376768243906e-01,-2.1371566071797243e-02
5.7085071571289182e+03,2,1.0000000000000000e+00,1.6054277862497450e+01,-2.1609741559556557e+01,-2.2542382227464328e+00,1.5451572880466186e-01,9.2287999087840161e-02,9.0097175699162604e-03

5.7134448507932048e+03,0,1.0000000000000000e+00,-8.4748814483861672e+00,1.3070771270037163e+01,1.1742063080936003e+00,-3.9073465545629549e-01,-5.8425343627437065e-02,9.6967048161082578e-03
5.7134448507932048e+03,1,1.0000000000000000e+00,-8.3333678157212212e+00,8.0715834295691700e+00,1.0343163442443644e+00,2.3988555289087543e-01,-3.8582425761229555e-02,-1.9202493110854178e-02
5.7134448507932048e+03,2,1.0000000000000000e+00,1.6808248938559000e+01,-2.1142353084783476e+01,-2.2085226270150704e+00,1.5084910270188065e-01,9.7007769616987261e-02,9.5057882862552220e-03

5.7181715079323549e+03,0,1.0000000000000000e+00,-1.0218574789862831e+01,1.2359270446162364e+01,1.2034390087285269e+00,-3.2938976369747058e-01,-2.3665974346176968e-01,2.0074988452745248e-03
5.7181715079323549e+03,1,1.0000000000000000e+00,-7.2940959646181884e+00,8.3140769175018114e+00,9.5904851079946396e-01,1.8219524872458220e-01,1.3523133583902994e-01,-1.1978812840455325e-02
5.7181715079323549e+03,2,1.0000000000000000e+00,1.7512670429632358e+01,-2.0673345747282514e+01,-2.1624874942347505e+00,1.4719451509327183e-01,1.0142840805171496e-01,9.9713139929032378e-03

5.7228391948174431e+03,0,1.0000000000000000e+00,-1.1435822335482651e+01,1.0956778660781621e+01,1.1897582177681665e+00,-1.8109313824215947e-01,-3.4972416404165529e-01,-7.9987784447277943e-03
5.7228391948174431e+03,1,1.0000000000000000e+00,-6.7552956575610557e+00,9.2331516807647542e+00,9.2513904347354814e-01,3.7600060348416425e-02,2.4404109512739280e-01,-2.4185307417534697e-03
5.7228391948174431e+03,2,1.0000000000000000e+00,1.8191117668351826e+01,-2.0189928722913152e+01,-2.1148972359332983e+00,1.4349307782769991e-01,1.0568306941391625e-01,1.0417309194884669e-02

5.7273707361684128e+03,0,1.0000000000000000e+00,-1.1850517073346204e+01,9.3025405585746341e+00,1.1325530286126269e+00,-7.4947679821285584e-04,-3.6317758401696065e-01,-1.6846301915489571e-02
5.7273707361684128e+03,1,1.0000000000000000e+00,-6.9825831357568102e+00,1.0399395827920099e+01,9.3418891340278654e-01,-1.3908617248056659e-01,2.5351127521328176e-01,6.0131424401258064e-03
5.7273707361684128e+03,2,1.0000000000000000e+00,1.8833099883746286e+01,-1.9701934765837244e+01,-2.0667419166582199e+00,1.3983564907724949e-01,1.0966630917167491e-01,1.0833159486578630e-02

5.7323676045111715e+03,0,1.0000000000000000e+00,-1.1399601344946237e+01,7.6903651123733034e+00,1.0323465007293171e+00,1.7060894247386993e-01,-2.6410247715999452e-01,-2.2286620071273702e-02
5.7323676045111715e+03,1,1.0000000000000000e+00,-8.1219817828813721e+00,1.1453009977194913e+01,9.7915772956848501e-01,-3.0631949426873784e-01,1.5023757385027831e-01,1.1013800602701573e-02
5.7323676045111715e+03,2,1.0000000000000000e+00,1.9521582801558459e+01,-1.9143373467587242e+01,-2.0115042049028906e+00,1.3571055167149332e-01,1.1386490348782667e-01,1.1272819471006187e-02

5.7372208796260511e+03,0,1.0000000000000000e+00,-1.0336766673208313e+01,6.8123218902300948e+00,9.2378842476609302e-01,2.4925175104414898e-01,-8.9782356884264544e-02,-2.1390560491920972e-02
5.7372208796260511e+03,1,1.0000000000000000e+00,-9.8334751771154281e+00,1.1768897751788820e+01,1.0319995809113172e+00,-3.8082512413964931e-01,-2.7988491632156762e-02,9.7051054988310757e-03
5.7372208796260511e+03,2,1.0000000000000000e+00,2.0170241523945357e+01,-1.8581218019254447e+01,-1.9557879802958125e+00,1.3157337317213735e-01,1.1777084870254347e-01,1.1685454986364309e-02

5.7420614875753135e+03,0,1.0000000000000000e+00,-9.1728784537892238e+00,6.8374099702278137e+00,8.3431533564874294e-01,2.1221491368815348e-01,9.6091170808208740e-02,-1.4776190517536784e-02
5.7420614875753135e+03,1,1.0000000000000000e+00,-1.1623991060493880e+01,1.1164559861381768e+01,1.0639345320532427e+00,-3.3952542322939439e-01,-2.1763114788560123e-01,2.6904482017821672e-03
5.7420614875753135e+03,2,1.0000000000000000e+00,2.0796869188522809e+01,-1.8001968207513055e+01,-1.8982498423529168e+00,1.2731050968073074e-01,1.2153997745544882e-01,1.2085742311251884e-02

5.7467966261658812e+03,0,1.0000000000000000e+00,-8.4560058763707815e+00,7.6248519362965084e+00,7.8653074601496153e-01,7.7591840432806453e-02,2.2257328783937672e-01,-5.1682070612811999e-03
5.7467966261658812e+03,1,1.0000000000000000e+00,-1.2933625631510935e+01,9.7930941043628259e+00,1.0535890295715122e+00,-2.0063734232871724e-01,-3.4769019800746603e-01,-7.2962205235242508e-03
5.7467966261658812e+03,2,1.0000000000000000e+00,2.1389631182482667e+01,-1.7417944414388501e+01,-1.8401197502343478e+00,1.2304550188324617e-01,1.2511691067865849e-01,1.2464427591006924e-02

5.7513718509963146e+03,0,1.0000000000000000e+00,-8.4987450202275312e+00,8.7447280698495824e+00,7.8409783634228969e-01,-9.8988630300861372e-02,2.4951519678106765e-01,3.7700439182074049e-03
5.7513718509963146e+03,1,1.0000000000000000e+00,-1.3444325388099966e+01,8.0931168508415325e+00,9.9818719636947328e-01,-1.9888739156176075e-02,-3.7795713514822088e-01,-1.6584493978995793e-02
5.7513718509963146e+03,2,1.0000000000000000e+00,2.1943070082434939e+01,-1.6837843292185223e+01,-1.7822850073135310e+00,1.1887736926998356e-01,1.2844193880045193e-01,1.2814450073101611e-02

5.7564497402166407e+03,0,1.0000000000000000e+00,-9.4753888224442129e+00,9.8342995402149107e+00,8.2062481442546975e-01,-2.7620295431678871e-01,1.6038479430314287e-01,9.6647759272402850e-03
5.7564497402166407e+03,1,1.0000000000000000e+00,-1.3059489982568959e+01,6.3423574105086598e+00,8.9564521526838536e-01,1.6199851422255152e-01,-2.9232591582050016e-01,-2.2847953578749927e-02
5.7564497402166407e+03,2,1.0000000000000000e+00,2.2534878478085322e+01,-1.6176655320541428e+01,-1.7162700042431029e+00,1.1420443991768797e-01,1.3194112174684719e-01,1.3183177657884125e-02

5.7611782142596003e+03,0,1.0000000000000000e+00,-1.1025958773379916e+01,1.0224272301126662e+01,8.6794213810619558e-01,-3.6338381809749259e-01,-4.2782574779550997e-03,9.3553579954466781e-03
5.7611782142596003e+03,1,1.0000000000000000e+00,-1.2038499036042928e+01,5.3211711591773065e+00,7.8521280173639585e-01,2.5360839326004952e-01,-1.3073701334658464e-01,-2.2865611618322887e-02
5.7611782142596003e+03,2,1.0000000000000000e+00,2.3064457482063922e+01,-1.5545441829258941e+01,-1.6531549143865205e+00,1.0977542484291830e-01,1.3501527099621199e-01,1.3510253619193134e-02

5.7658266294841806e+03,0,1.0000000000000000e+00,-1.2714209010855896e+01,9.7741181907945514e+00,8.9994251017479343e-01,-3.4511192578629080e-01,-1.8781372638107810e-01,3.6196491159766362e-03
5.7658266294841806e+03,1,1.0000000000000000e+00,-1.0850214958969783e+01,5.1369791707544827e+00,6.8968835112175686e-01,2.3979208680001918e-01,4.9919600193320618e-02,-1.7438946723115929e-02
5.7658266294841806e+03,2,1.0000000000000000e+00,2.3564423642843121e+01,-1.4911095729433836e+01,-1.5896308358667226e+00,1.0531983911499487e-01,1.3789412650113764e-01,1.3819297601485852e-02

5.7705999361434815e+03,0,1.0000000000000000e+00,-1.4108466433189804e+01,8.4983160166311027e+00,8.9530160935088920e-01,-2.2426597444050633e-01,-3.3473082738124005e-01,-5.9374472604155357e-03
5.7705999361434815e+03,1,1.0000000000000000e+00,-9.9475693095588884e+00,5.7477514253936608e+00,6.2763289065184102e-01,1.2361442268166756e-01,1.9399854609582035e-01,-8.1865211838543783e-03
5.7705999361434815e+03,2,1.0000000000000000e+00,2.4056035416262603e+01,-1.4246065807951387e+01,-1.5229344745820073e+00,1.0065155180267775e-01,1.4073228177652808e-01,1.4123968447338122e-02

5.7752573679025854e+03,0,1.0000000000000000e+00,-1.4749896574715072e+01,6.7741871050914177e+00,8.4440753282759085e-01,-4.5922879212729806e-02,-3.8816802854091487e-01,-1.5698739355953586e-02
5.7752573679025854e+03,1,1.0000000000000000e+00,-9.7642099154921560e+00,6.8102061679938322e+00,6.1208125195862362e-01,-5.0126948806499427e-02,2.4478512435519079e-01,1.2921391633086560e-03
5.7752573679025854e+03,2,1.0000000000000000e+00,2.4514106163473155e+01,-1.3584391636642561e+01,-1.4564887593278715e+00,9.6049827870018423e-02,1.4338290467492512e-01,1.4406600204687847e-02

5.7799239777354323e+03,0,1.0000000000000000e+00,-1.4535614902412833e+01,5.0480764141711916e+00,7.5337203936053065e-01,1.3235209111744783e-01,-3.3410387920297413e-01,-2.2598590967410442e-02
5.7799239777354323e+03,1,1.0000000000000000e+00,-1.0415931287559069e+01,7.8612903840658603e+00,6.3525790872766086e-01,-2.2377673587928265e-01,1.8821376279856328e-01,7.9252724498012628e-03
5.7799239777354323e+03,2,1.0000000000000000e+00,2.4951545862285805e+01,-1.2909365159881009e+01,-1.3886299225715475e+00,9.1424644537760613e-02,1.4589011672076846e-01,1.4673318528545922e-02

5.7845824470485531e+03,0,1.0000000000000000e+00,-1.3611641459038886e+01,3.7976329916273173e+00,6.4186171617059418e-01,2.5015634889951571e-01,-1.9128431752881606e-01,-2.4306939433821853e-02
5.7845824470485531e+03,1,1.0000000000000000e+00,-1.1755007218212217e+01,8.4266125527670503e+00,6.7782445826518112e-01,-3.3693878400207772e-01,4.3063370493549996e-02,9.3834768662815621e-03
5.7845824470485531e+03,2,1.0000000000000000e+00,2.5366648348759036e+01,-1.2224243904941101e+01,-1.3196861488892959e+00,8.6782435007599246e-02,1.4822094721531562e-01,1.4923462568830115e-02

5.7891164824625512e+03,0,1.0000000000000000e+00,-1.2394627644147004e+01,3.3303520834274796e+00,5.3843939601496627e-01,2.6943629501349431e-01,-1.3180282332771881e-02,-2.0461359589920819e-02
5.7891164824625512e+03,1,1.0000000000000000e+00,-1.3355148232646286e+01,8.2170148909419716e+00,7.1305765086857098e-01,-3.5164229580251483e-01,-1.3715160875649093e-01,5.3081589838086113e-03
5.7891164824625512e+03,2,1.0000000000000000e+00,2.5749775548289922e+01,-1.1547365334041762e+01,-1.2514970213491887e+00,8.2206000867547160e-02,1.5033189132831812e-01,1.5153200600895624e-02

5.7939897065066934e+03,0,1.0000000000000000e+00,-1.1259317075356584e+01,3.6989731805800385e+00,4.5860325731431151e-01,1.7891594878389830e-01,1.5474821182735082e-01,-1.1737318696478014e-02
5.7939897065066934e+03,1,1.0000000000000000e+00,-1.4878912370632133e+01,7.1105567214724816e+00,7.1847506563231978e-01,-2.5612007856297936e-01,-3.0720727605857362e-01,-3.6489914556194422e-03
5.7939897065066934e+03,2,1.0000000000000000e+00,2.6138229117997916e+01,-1.0809528260089236e+01,-1.1770782974312004e+00,7.7204129870087498e-02,1.5245906466682405e-01,1.5386310151541505e-02

5.7988228118767893e+03,0,1.0000000000000000e+00,-1.0784102800523673e+01,4.6875596580359797e+00,4.2658076965178160e-01,9.2248913694641110e-03,2.3648160655369121e-01,-1.5888356700362663e-03
5.7988228118767893e+03,1,1.0000000000000000e+00,-1.5715147569603657e+01,5.3802695089199926e+00,6.7560446529913720e-01,-8.1410463222448909e-02,-3.9092727601153032e-01,-1.4014004879260321e-02
5.7988228118767893e+03,2,1.0000000000000000e+00,2.6499250042182748e+01,-1.0067827522593300e+01,-1.1021852094120166e+00,7.2185571764005044e-02,1.5444566997927967e-01,1.5602840559404266e-02

5.8035760389061106e+03,0,1.0000000000000000e+00,-1.1181782859478613e+01,5.7814823484668914e+00,4.3898880891948600e-01,-1.7339515472908607e-01,2.0508377737716033e-01,6.1652868937259499e-03
5.8035760389061106e+03,1,1.0000000000000000e+00,-1.5648827726480180e+01,3.5478438371594399e+00,5.8855723971781393e-01,1.0615386459891185e-01,-3.6135124599146184e-01,-2.1965468521404290e-02
5.8035760389061106e+03,2,1.0000000000000000e+00,2.6830610257186169e+01,-9.3293245390189270e+00,-1.0275460230377409e+00,6.7241289897009962e-02,1.5626746900930263e-01,1.5800181641123286e-02

5.8082537034569823e+03,0,1.0000000000000000e+00,-1.2329145494652380e+01,6.4727426818396712e+00,4.7654738051328061e-01,-3.0459226767317998e-01,7.7338392363320768e-02,8.9558977061299019e-03
5.8082537034569823e+03,1,1.0000000000000000e+00,-1.4804635963576011e+01,2.1217261164500654e+00,4.7666712026516139e-01,2.4220849174085352e-01,-2.3524132711841536e-01,-2.4934628948581020e-02
5.8082537034569823e+03,2,1.0000000000000000e+00,2.7133781128422207e+01,-8.5944671502718304e+00,-9.5321447513028257e-01,6.2383775758312818e-02,1.5790293497515395e-01,1.5978731248492122e-02

5.8133059853877594e+03,0,1.0000000000000000e+00,-1.4013035805730595e+01,6.3810999587073800e+00,5.1589192715835175e-01,-3.4130854738553817e-01,-1.1774586485832883e-01,5.5417526428971492e-03
5.8133059853877594e+03,1,1.0000000000000000e+00,-1.3422639043692607e+01,1.4115345422392540e+00,3.5614168894576170e-01,2.8419212556863604e-01,-4.1733824449567858e-02,-2.1696521462207526e-02
5.8133059853877594e+03,2,1.0000000000000000e+00,2.7435674519231590e+01,-7.7926328519437522e+00,-8.7203359045171436e-01,5.7116421839962128e-02,1.5947968951967251e-01,1.6154768815991621e-02

5.8181199141018524e+03,0,1.0000000000000000e+00,-1.5506420876565164e+01,5.3782727793838108e+00,5.2410562538797112e-01,-2.6153979173800385e-01,-2.9103199804156088e-01,-2.7429718223988438e-03
5.8181199141018524e+03,1,1.0000000000000000e+00,-1.2192016634037184e+01,1.6433594117792762e+00,2.6978750166693599e-01,2.0949929073850621e-01,1.3021418330425721e-01,-1.3564132153954564e-02
5.8181199141018524e+03,2,1.0000000000000000e+00,2.7698437180780513e+01,-7.0216305407560995e+00,-7.9389310142021152e-01,5.2040501094377412e-02,1.6081781512400625e-01,1.6307103974375445e-02

5.8227612333397456e+03,0,1.0000000000000000e+00,-1.6375370566996576e+01,3.7682622746092189e+00,4.8847546472716841e-01,-1.0336769542567931e-01,-3.8737751236014445e-01,-1.2646800467096703e-02
5.8227612333397456e+03,1,1.0000000000000000e+00,-1.1553141114038358e+01,2.5042120468175795e+00,2.2941738912232490e-01,5.6272249595164803e-02,2.2539277536538221e-01,-3.7932375836605744e-03
5.8227612333397456e+03,2,1.0000000000000000e+00,2.7928511351408755e+01,-6.2724726688569525e+00,-7.1789282820281830e-01,4.7095445793649188e-02,1.6198473751536763e-01,1.6440038058454877e-02

5.8280534240504066e+03,0,1.0000000000000000e+00,-1.6361284885289560e+01,1.6988037632443929e+00,3.9497805829065358e-01,1.0691540959099524e-01,-3.7121060227403629e-01,-2.1977001546826226e-02
5.8280534240504066e+03,1,1.0000000000000000e+00,-1.1801506711251431e+01,3.7131931619287815e+00,2.3554652083166128e-01,-1.4836092858210456e-01,2.0803379013544737e-01,5.4022440700587961e-03
5.8280534240504066e+03,2,1.0000000000000000e+00,2.8162791266155669e+01,-5.4119952699555078e+00,-6.3052455341167124e-01,4.1445518760331479e-02,1.6317681257619035e-01,1.6574757491218700e-02

5.8326801470281516e+03,0,1.0000000000000000e+00,-1.5512455235005140e+01,2.2519996750193472e-01,2.8339732141706347e-01,2.4829173784200390e-01,-2.5207047429974383e-01,-2.5340833445231747e-02
5.8326801470281516e+03,1,1.0000000000000000e+00,-1.2830716277375204e+01,4.4296857819941371e+00,2.7019707118671393e-01,-2.8482406675243477e-01,8.7994507405276090e-02,8.6632032449450586e-03
5.8326801470281516e+03,2,1.0000000000000000e+00,2.8343171180871259e+01,-4.6548840926819564e+00,-5.5359436683512753e-01,3.6532328691623372e-02,1.6407596714968939e-01,1.6677630209309256e-02

5.8373615058050227e+03,0,1.0000000000000000e+00,-1.4186561824604016e+01,-5.4862996227890282e-01,1.6814089749720074e-01,3.0040138475252998e-01,-7.3576455661394147e-02,-2.2934696637912456e-02
5.8373615058050227e+03,1,1.0000000000000000e+00,-1.4316032807845410e+01,4.4335966139061087e+00,3.0716377535037998e-01,-3.3197872467329603e-01,-9.1249763082053792e-02,6.1673137021086809e-03
5.8373615058050227e+03,2,1.0000000000000000e+00,2.8502594300295033e+01,-3.8849649938435364e+00,-4.7530464706022968e-01,3.1577339876233290e-02,1.6482621893691995e-01,1.6767382935123795e-02

5.8423764360260539e+03,0,1.0000000000000000e+00,-1.2790963342721639e+01,-4.3221879166178745e-01,7.1509445175744590e-02,2.3623925599942414e-01,1.1284264349665318e-01,-1.4859000070532809e-02
5.8423764360260539e+03,1,1.0000000000000000e+00,-1.5856640619705875e+01,3.4889492508565541e+00,3.1950051065186741e-01,-2.6248590091667767e-01,-2.7829601255754727e-01,-1.9883152271439712e-03
5.8423764360260539e+03,2,1.0000000000000000e+00,2.8647603630449147e+01,-3.0567288001352626e+00,-3.9100993005391615e-01,2.6246644999869066e-02,1.6545336940353586e-01,1.6847315295126879e-02

5.8473459169421767e+03,0,1.0000000000000000e+00,-1.1986383627754236e+01,4.4311754270728576e-01,2.3611210889184941e-02,7.5972489711477603e-02,2.2208999170682597e-01,-4.3374125256236649e-03
5.8473459169421767e+03,1,1.0000000000000000e+00,-1.6778434624763580e+01,1.7901729993417006e+00,2.8351368631677254e-01,-9.6893452793325424e-02,-3.8801296241819705e-01,-1.2572684342104491e-02
5.8473459169421767e+03,2,1.0000000000000000e+00,2.8764817920785411e+01,-2.2332888808159805e+00,-3.0712487142471334e-01,2.0920963062224959e-02,1.6592297122276234e-01,1.6910096874419203e-02

5.8522381172725954e+03,0,1.0000000000000000e+00,-1.2082038104387557e+01,1.5608990073235967e+00,2.5355151970812340e-02,-1.1426082446692525e-01,2.1472110003781186e-01,4.4736991837678649e-03
5.8522381172725954e+03,1,1.0000000000000000e+00,-1.6772270276263843e+01,-1.4021342322495989e-01,1.9892219006631259e-01,9.8594537106382454e-02,-3.8098229954289708e-01,-2.1430419671895108e-02
5.8522381172725954e+03,2,1.0000000000000000e+00,2.8854308048330353e+01,-1.4206839203507446e+00,-2.2427731620011052e-01,1.5666287146822402e-02,1.6626119998280492e-01,1.6956720502849628e-02

5.8568504099409720e+03,0,1.0000000000000000e+00,-1.2964344353201167e+01,2.3330040668167529e+00,5.7009438820350700e-02,-2.5764684618641676e-01,1.0587261171358070e-01,8.3718772693203731e-03
5.8568504099409720e+03,1,1.0000000000000000e+00,-1.5950853583236606e+01,-1.6796728690073488e+00,8.8982433212064727e-02,2.4690251842016431e-01,-2.7233336032480943e-01,-2.5359516413636318e-02
5.8568504099409720e+03,2,1.0000000000000000e+00,2.8915197602952926e+01,-6.5332953224763501e-01,-1.4599184612979033e-01,1.0744327510038528e-02,1.6646074891267712e-01,1.6987639156246043e-02

5.8614870168067137e+03,0,1.0000000000000000e+00,-1.4336173954805364e+01,2.4398892622702091e+00,9.4072507423053259e-02,-3.1731708891762167e-01,-6.5770633001083906e-02,6.6689509018744309e-03
5.8614870168067137e+03,1,1.0000000000000000e+00,-1.4617454893936918e+01,-2.5585687911493471e+00,-2.6892964012799975e-02,3.1147868330416928e-01,-1.0075005831265785e-01,-2.3674780198479024e-02
5.8614870168067137e+03,2,1.0000000000000000e+00,2.8953628514350985e+01,1.1868119552068757e-01,-6.7179517473843958e-02,5.8384055000903412e-03,1.6652069150604798e-01,1.7005829299016097e-02

5.8664849856721548e+03,0,1.0000000000000000e+00,-1.5840514679245562e+01,1.6242938255837647e+00,1.1081369117817558e-01,-2.6467657812115142e-01,-2.5530944583021919e-01,-7.6339436753098538e-04
5.8664849856721548e+03,1,1.0000000000000000e+00,-1.3129121091979869e+01,-2.5750412457167382e+00,-1.2864571826761301e-01,2.6411060637415928e-01,8.8897460480475143e-02,-1.6246410144625158e-02
5.8664849856721548e+03,2,1.0000000000000000e+00,2.8969635436732410e+01,9.5074908789367818e-01,1.7832053020779698e-02,5.6597179888784321e-04,1.6641198564008025e-01,1.7009804509613497e-02

5.8713867232696412e+03,0,1.0000000000000000e+00,-1.6798378899584815e+01,3.5366420591801173e-02,8.2410529026721580e-02,-1.1335117211276935e-01,-3.7755580219140844e-01,-1.1009345385664209e-02
5.8713867232696412e+03,1,1.0000000000000000e+00,-1.2161321117129244e+01,-1.8012250168800992e+00,-1.8359569742116438e-01,1.1797546329238140e-01,2.1141135967826702e-01,-5.9877491476613420e-03
5.8713867232696412e+03,2,1.0000000000000000e+00,2.8959699682480224e+01,1.7658602659463773e+00,1.0118519432592227e-01,-4.6242911648666229e-03,1.6614444299001235e-01,1.6997094537533879e-02

5.8761892643440742e+03,0,1.0000000000000000e+00,-1.6886699813155129e+01,-1.8567509353032072e+00,6.3664936427107466e-03,7.8084170405842923e-02,-3.9103918882471123e-01,-2.0207960385160928e-02
5.8761892643440742e+03,1,1.0000000000000000e+00,-1.2038547714172559e+01,-7.0613644614076509e-01,-1.8912028580638141e-01,-6.8361763412025545e-02,2.2528288730733315e-01,3.2384505282294050e-03
5.8761892643440742e+03,2,1.0000000000000000e+00,2.8925247192728683e+01,2.5628890535662721e+00,1.8275381814007952e-01,-9.7224071681717983e-03,1.6575630202943231e-01,1.6969509870767396e-02

5.8807905394269155e+03,0,1.0000000000000000e+00,-1.6138759999162573e+01,-3.4805172096213655e+00,-9.9798857826357459e-02,2.3809407832853918e-01,-2.9923405729713015e-01,-2.5101397052150677e-02
5.8807905394269155e+03,1,1.0000000000000000e+00,-1.2730559510334285e+01,1.5599721028642266e-01,-1.6095158738582160e-01,-2.2351460212322616e-01,1.3395534099183204e-01,8.1705979361513248e-03
5.8807905394269155e+03,2,1.0000000000000000e+00,2.8869319173783961e+01,3.3245216735144045e+00,2.6075047125841444e-01,-1.4579476485756304e-02,1.6527871666768648e-01,1.6930799130629309e-02

5.8853448221797235e+03,0,1.0000000000000000e+00,-1.4829573605062755e+01,-4.4922190200173464e+00,-2.1489023952093400e-01,3.2117757932504171e-01,-1.3721061665395104e-01,-2.4494814694119682e-02
5.8853448221797235e+03,1,1.0000000000000000e+00,-1.3962503309614331e+01,4.1626585862521726e-01,-1.2285962262108799e-01,-3.0184580337982986e-01,-2.7479046545540703e-02,7.6134284023228679e-03
5.8853448221797235e+03,2,1.0000000000000000e+00,2.8792076577823085e+01,4.0759548368316869e+00,3.3774988823800312e-01,-1.9331776135905698e-02,1.6468966340816169e-01,1.6881386298117706e-02

5.8903708660188313e+03,0,1.0000000000000000e+00,-1.3227737665638912e+01,-4.6786662726327712e+00,-3.2347366690065343e-01,2.9521204327690109e-01,5.9943435059851807e-02,-1.7809653764740047e-02
5.8903708660188313e+03,1,1.0000000000000000e+00,-1.5454114107187769e+01,-2.2306191972720057e-01,-9.8956797859866441e-02,-2.7068823652981977e-01,-2.2382266555901489e-01,9.9700730385323191e-04
5.8903708660188313e+03,2,1.0000000000000000e+00,2.8681851435513629e+01,4.9017298688204036e+00,4.2243049086458268e-01,-2.4523806745395116e-02,1.6387923073773367e-01,1.6812646459192084e-02

5.8952651360543914e+03,0,1.0000000000000000e+00,-1.2072269272880682e+01,-4.0108005595141520e+00,-3.8660105968523295e-01,1.6255072077014526e-01,1.9884058542282224e-01,-7.6917073728645161e-03
5.8952651360543914e+03,1,1.0000000000000000e+00,-1.6477218813578574e+01,-1.6907205809909431e+00,-1.1791778700021044e-01,-1.3298456790952762e-01,-3.6176341781849197e-01,-9.0375139988205615e-03
5.8952651360543914e+03,2,1.0000000000000000e+00,2.8549487749333714e+01,5.7015228185718811e+00,5.0451887278497187e-01,-2.9566152824896427e-02,1.6292283282075276e-01,1.6729221373525057e-02

5.9000616469964480e+03,0,1.0000000000000000e+00,-1.1725349708206146e+01,-2.9284505640788598e+00,-3.9937565818422072e-01,-2.1330411233529065e-02,2.3336696223208611e-01,2.0104575650513965e-03
5.9000616469964480e+03,1,1.0000000000000000e+00,-1.6670460361046793e+01,-3.5520019077312304e+00,-1.8515674758462103e-01,5.5843114271550101e-02,-3.9521481270760050e-01,-1.8641992903374434e-02
5.9000616469964480e+03,2,1.0000000000000000e+00,2.8395809731957307e+01,6.4804541522276242e+00,5.8453243190136783e-01,-3.4512703165077471e-02,1.6184785099834287e-01,1.6631535350291764e-02

5.9047257764098831e+03,0,1.0000000000000000e+00,-1.2228471937703986e+01,-1.9754847944567926e+00,-3.7440159157264630e-01,-1.8688200418001705e-01,1.5861995191609451e-01,7.8946758607558436e-03
5.9047257764098831e+03,1,1.0000000000000000e+00,-1.5995181373478784e+01,-5.2572001052664215e+00,-2.8745538961764566e-01,2.2618385284797587e-01,-3.1931635753396631e-01,-2.4418401193772532e-02
5.9047257764098831e+03,2,1.0000000000000000e+00,2.8223652972887756e+01,7.2326865824005120e+00,6.6185700739233322e-01,-3.9301848948640895e-02,1.6069640603496735e-01,1.6523725349103232e-02

5.9092738649466346e+03,0,1.0000000000000000e+00,-1.3324988382374464e+01,-1.5759012771920613e+00,-3.3533225256651911e-01,-2.8072542994899286e-01,7.9080625010542749e-03,8.3524293194970536e-03
5.9092738649466346e+03,1,1.0000000000000000e+00,-1.4709401663589301e+01,-6.3849052415837102e+00,-4.0141771034878948e-01,3.2463954284459817e-01,-1.6738187044812039e-01,-2.4760921531326974e-02
5.9092738649466346e+03,2,1.0000000000000000e+00,2.8034389706380516e+01,7.9608082029387877e+00,7.3674998917969747e-01,-4.3914113147819865e-02,1.5947380818959120e-01,1.6408492221793098e-02

5.9142917080327552e+03,0,1.0000000000000000e+00,-1.4761772255507093e+01,-2.0300213864378467e+00,-3.0510403908836070e-01,-2.7113619555290203e-01,-1.8810597224152845e-01,2.7410184602577794e-03
5.9142917080327552e+03,1,1.0000000000000000e+00,-1.3039663478808725e+01,-6.7273344155543979e+00,-5.1363758523827396e-01,3.2006018143484061e-01,3.0119801642072647e-02,-1.9010216176965800e-02
5.9142917080327552e+03,2,1.0000000000000000e+00,2.7801435393913792e+01,8.7573574871698270e+00,8.1874165061493720e-01,-4.8923985947190718e-02,1.5798617080097496e-01,1.6269197716963973e-02

5.9191245978802099e+03,0,1.0000000000000000e+00,-1.5823920883185931e+01,-3.3293521749968313e+00,-3.1372627142454812e-01,-1.5302258637835903e-01,-3.3779699107360850e-01,-6.7103940762816023e-03
5.9191245978802099e+03,1,1.0000000000000000e+00,-1.1729519475781643e+01,-6.1877508313281187e+00,-5.8328865042016265e-01,2.0672211450803740e-01,1.8140264339659418e-01,-9.4096259021900722e-03
5.9191245978802099e+03,2,1.0000000000000000e+00,2.7553440018570221e+01,9.5171046928037217e+00,8.9701494812862381e-01,-5.3699528094375670e-02,1.5639434803447799e-01,1.6120019978430017e-02

5.9238294946661454e+03,0,1.0000000000000000e+00,-1.6137058124837758e+01,-5.0921253986175445e+00,-3.6872862551266833e-01,2.5710579025352065e-02,-3.9390663794184982e-01,-1.6461889780131127e-02
5.9238294946661454e+03,1,1.0000000000000000e+00,-1.1152826861578379e+01,-5.1568637200829990e+00,-6.0375633473661183e-01,3.2623039847682167e-02,2.3920590586708074e-01,5.0300385107612811e-04
5.9238294946661454e+03,2,1.0000000000000000e+00,2.7289884646006779e+01,1.0248990807260853e+01,9.7248498655222304e-01,-5.8333618943869570e-02,1.5470073258167982e-01,1.5958885938012486e-02

5.9284694968500917e+03,0,1.0000000000000000e+00,-1.5591965915986201e+01,-6.8399582540660404e+00,-4.6253009275124596e-01,2.0428460917905600e-01,-3.4195991657644209e-01,-2.3258504493742990e-02
5.9284694968500917e+03,1,1.0000000000000000e+00,-1.1416675982074064e+01,-4.1227441639215039e+00,-5.8360824654647081e-01,-1.4139805978171449e-01,1.8904215426634929e-01,7.4722422970166028e-03
5.9284694968500917e+03,2,1.0000000000000000e+00,2.7008641556882917e+01,1.0962704108898961e+01,1.0461383656622796e+00,-6.2886549651240797e-02,1.5291776278159236e-01,1.5786262213065505e-02

5.9330319907660942e+03,0,1.0000000000000000e+00,-1.4357298332977759e+01,-8.1090138882133100e+00,-5.7451731745988377e-01,3.2351855625479226e-01,-2.0290300604742340e-01,-2.4888047864166547e-02
5.9330319907660942e+03,1,1.0000000000000000e+00,-1.2354300515176146e+01,-3.5472017736805164e+00,-5.4323896450000542e-01,-2.5620588234359015e-01,5.1829451098099666e-02,9.2815464443774809e-03
5.9330319907660942e+03,2,1.0000000000000000e+00,2.6711598505633102e+01,1.1656217354575396e+01,1.1177563083968107e+00,-6.7312674212353651e-02,1.5107355524558297e-01,1.5606501433387931e-02

5.9379377578689246e+03,0,1.0000000000000000e+00,-1.2666757434888114e+01,-8.6326381370610452e+00,-6.8811126990590576e-01,3.4548504832797100e-01,-8.5351064943711141e-03,-2.0415944292718667e-02
5.9379377578689246e+03,1,1.0000000000000000e+00,-1.3703125723564312e+01,-3.7596267534916379e+00,-5.0571325368249309e-01,-2.7350206639727936e-01,-1.4044506501833276e-01,5.0124907271896502e-03
5.9379377578689246e+03,2,1.0000000000000000e+00,2.6369882814766484e+01,1.2392266584328510e+01,1.1938245500676505e+00,-7.1982982080442459e-02,1.4898017169458388e-01,1.5403453568976721e-02

5.9428107165754036e+03,0,1.0000000000000000e+00,-1.1168388215459650e+01,-8.2394093588216037e+00,-7.6652838136852153e-01,2.5216153127376684e-01,1.5997712143367249e-01,-1.1224920409076208e-02
5.9428107165754036e+03,1,1.0000000000000000e+00,-1.4839599479251852e+01,-4.8734801815098274e+00,-5.0184010044825200e-01,-1.7562361270400312e-01,-3.0673597694508592e-01,-3.9640954842227651e-03
5.9428107165754036e+03,2,1.0000000000000000e+00,2.6007987350735149e+01,1.3112891235163271e+01,1.2683685082974103e+00,-7.6537918560370122e-02,1.4675885579570835e-01,1.5189015892310491e-02

5.9475981189913118e+03,0,1.0000000000000000e+00,-1.0346246670273324e+01,-7.2365285022179968e+00,-7.9521128609452396e-01,8.3143858667540538e-02,2.4151339721097789e-01,-8.5190660446866386e-04
5.9475981189913118e+03,1,1.0000000000000000e+00,-1.5284711504456613e+01,-6.5734269125155569e+00,-5.4533734602863015e-01,-2.1777608620246469e-03,-3.8593852749071911e-01,-1.4110494892138845e-02
5.9475981189913118e+03,2,1.0000000000000000e+00,2.5630957830797108e+01,1.3809957111379497e+01,1.3405486586118391e+00,-8.0966097834123646e-02,1.4442513074564772e-01,1.4962401502460141e-02

5.9523870735170740e+03,0,1.0000000000000000e+00,-1.0396614088471566e+01,-6.1079730421598750e+00,-7.7850275191907969e-01,-1.0087556480345153e-01,2.1080410629685134e-01,7.1533908833255420e-03
5.9523870735170740e+03,1,1.0000000000000000e+00,-1.4836047559971998e+01,-8.3877677940179467e+00,-6.3312522518977510e-01,1.8624395704667943e-01,-3.5276269355104017e-01,-2.1873321548422260e-02
5.9523870735170740e+03,2,1.0000000000000000e+00,2.5232661303943608e+01,1.4495742535221369e+01,1.4116280036499533e+00,-8.5368392458805009e-02,1.4195858775239170e-01,1.4719930680419933e-02

5.9571525649797559e+03,0,1.0000000000000000e+00,-1.1223181918120460e+01,-5.3816204578819793e+00,-7.3533257018107889e-01,-2.3266418412695719e-01,8.0518802023141656e-02,9.9633426031616023e-03
5.9571525649797559e+03,1,1.0000000000000000e+00,-1.3592307819323779e+01,-9.7845707295201674e+00,-7.4584401503940412e-01,3.2236455156137578e-01,-2.1992256619666239e-01,-2.4430281521926618e-02
5.9571525649797559e+03,2,1.0000000000000000e+00,2.4815489391590567e+01,1.5166192888492127e+01,1.4811766118402652e+00,-8.9700367755632199e-02,1.3940376451410783e-01,1.4466938934456818e-02

5.9617475805146369e+03,0,1.0000000000000000e+00,-1.2410869603222263e+01,-5.4078273050817742e+00,-6.9445891775044766e-01,-2.6707726960626116e-01,-9.5403783473063192e-02,6.9197106352222254e-03
5.9617475805146369e+03,1,1.0000000000000000e+00,-1.1983003527435311e+01,-1.0393103542610760e+01,-8.5261771671663966e-01,3.6087138315132045e-01,-4.1450512164853875e-02,-2.1134805765833525e-02
5.9617475805146369e+03,2,1.0000000000000000e+00,2.4393872783478539e+01,1.5800932549956709e+01,1.5470766611409430e+00,-9.3794113771492757e-02,1.3685429582746744e-01,1.4215095137652681e-02

5.9664613851760214e+03,0,1.0000000000000000e+00,-1.3542069042526741e+01,-6.2755706484339662e+00,-6.7895070814606351e-01,-1.9580592426028937e-01,-2.6586887194142600e-01,-9.5499977182027587e-04
5.9664613851760214e+03,1,1.0000000000000000e+00,-1.0399976052142708e+01,-1.0164094379868986e+01,-9.3450693633427884e-01,2.9370005176019753e-01,1.3173816558052920e-01,-1.2992548183238535e-02
5.9664613851760214e+03,2,1.0000000000000000e+00,2.3942044746859334e+01,1.6439666731440319e+01,1.6134576711667314e+00,-9.7894127546376219e-02,1.3413070657756926e-01,1.3947547954586706e-02

5.9712262446130871e+03,0,1.0000000000000000e+00,-1.4124689544517704e+01,-7.8249497331952993e+00,-7.0736754731469254e-01,-3.8159100848888211e-02,-3.6880727375547506e-01,-1.1039491955754700e-02
5.9712262446130871e+03,1,1.0000000000000000e+00,-9.3411976625514193e+00,-9.2469993120095975e+00,-9.7187745410056414e-01,1.4011666369073081e-01,2.3756777132369811e-01,-2.6238711485237626e-03
5.9712262446130871e+03,2,1.0000000000000000e+00,2.3465886859233212e+01,1.7071950749777386e+01,1.6792450281018436e+00,-1.0195756284217350e-01,1.3123950282678654e-01,1.3663363106755824e-02

5.9759562946761980e+03,0,1.0000000000000000e+00,-1.3858877109963835e+01,-9.6058684470805140e+00,-7.8118111898424381e-01,1.5048477347612488e-01,-3.6540628166618755e-01,-1.9646971203634719e-02
5.9759562946761980e+03,1,1.0000000000000000e+00,-9.1153071547425881e+00,-8.0797831805596552e+00,-9.6199314328548624e-01,-4.4543027285915304e-02,2.3717632688193341e-01,6.2818359740321808e-03
5.9759562946761980e+03,2,1.0000000000000000e+00,2.2974183916570560e+01,1.7685653334411498e+01,1.7431742889911752e+00,-1.0594174633976355e-01,1.2822995528954889e-01,1.3365135242085206e-02

5.9808048881016402e+03,0,1.0000000000000000e+00,-1.2717814225934926e+01,-1.1142956838180330e+01,-8.8885427737299116e-01,3.0871564421575109e-01,-2.5236808419440293e-01,-2.3773776430812944e-02
5.9808048881016402e+03,1,1.0000000000000000e+00,-9.7328929532420023e+00,-7.1567109943948193e+00,-9.1835178388777561e-01,-1.9873812379965666e-01,1.2733833988711185e-01,1.0728272778326046e-02
5.9808048881016402e+03,2,1.0000000000000000e+00,2.2450706829860813e+01,1.8299669541636121e+01,1.8072060880590479e+00,-1.0997752073379202e-01,1.2502974471266803e-01,1.3045503669826850e-02

5.9854148680701364e+03,0,1.0000000000000000e+00,-1.1107211543944388e+01,-1.1920459707972480e+01,-9.9612688611803857e-01,3.7309264847883555e-01,-7.8782065527601086e-02,-2.1793070390539796e-02
5.9854148680701364e+03,1,1.0000000000000000e+00,-1.0827796718767150e+01,-6.9484213602496148e+00,-8.7050169794263166e-01,-2.5935430019209166e-01,-4.3124189676871150e-02,9.0596656124190995e-03
5.9854148680701364e+03,2,1.0000000000000000e+00,2.1935007911897952e+01,1.8868882778718355e+01,1.8666286109279091e+00,-1.1373834858315629e-01,1.2190625542686501e-01,1.2733404789202936e-02

5.9899085551343487e+03,0,1.0000000000000000e+00,-9.4808608057838946e+00,-1.1871914417574374e+01,-1.0800483481426080e+00,3.3414024555063415e-01,9.6446828707267090e-02,-1.4880767993927011e-02
5.9899085551343487e+03,1,1.0000000000000000e+00,-1.1934993889302669e+01,-7.5377918836741573e+00,-8.4310522227678941e-01,-2.1683730347365449e-01,-2.1523040576999505e-01,2.4578537378658529e-03
5.9899085551343487e+03,2,1.0000000000000000e+00,2.1415854343296267e+01,1.9409708012549384e+01,1.9231535973144016e+00,-1.1730294220484311e-01,1.1878357723087266e-01,1.2422914257787177e-02

5.9943926388254058e+03,0,1.0000000000000000e+00,-8.2380190401886537e+00,-1.1131006855939173e+01,-1.1256571710325476e+00,2.0843796443484547e-01,2.2184100517082062e-01,-5.2425334531666905e-03
5.9943926388254058e+03,1,1.0000000000000000e+00,-1.2644056087550981e+01,-8.8041633656639320e+00,-8.5249060254787634e-01,-8.7678657960706119e-02,-3.3740661575511999e-01,-6.8612330090172795e-03
5.9943926388254058e+03,2,1.0000000000000000e+00,2.0882074775705348e+01,1.9935171933892818e+01,1.9781478004746962e+00,-1.2075930647926580e-01,1.1556561088030232e-01,1.2103766461916106e-02

6.0004506713795581e+03,0,1.0000000000000000e+00,-7.6728334839041992e+00,-9.6144952101123060e+00,-1.1187496954205827e+00,-2.4921432329455123e-02,2.4835040899784955e-01,6.8222458121011721e-03
6.0004506713795581e+03,1,1.0000000000000000e+00,-1.2463833534610641e+01,-1.1007131621389005e+01,-9.3136503208108889e-01,1.5023338833171804e-01,-3.5937438228156615e-01,-1.8473211992000412e-02
6.0004506713795581e+03,2,1.0000000000000000e+00,2.0136666666244476e+01,2.0621628546267420e+01,2.0501147544235288e+00,-1.2531195612666851e-01,1.1102397377410866e-01,1.1650966190762405e-02

6.0052956641486589e+03,0,1.0000000000000000e+00,-8.2002367387616779e+00,-8.6240571733381195e+00,-1.0718225512117310e+00,-1.8182448798152104e-01,1.4417614263135009e-01,1.1574290752204997e-02
6.0052956641486589e+03,1,1.0000000000000000e+00,-1.1320620580751619e+01,-1.2526376610792793e+01,-1.0338267900173990e+00,3.1070623346955761e-01,-2.5142469148669466e-01,-2.2845768794403223e-02
6.0052956641486589e+03,2,1.0000000000000000e+00,1.9520856966166061e+01,2.1150435501209941e+01,2.1056493682236987e+00,-1.2888174579629344e-01,1.0724854928267112e-01,1.1271478059724541e-02

6.0099895133299124e+03,0,1.0000000000000000e+00,-9.2497184085150366e+00,-8.3303510589802805e+00,-1.0183951015826689e+00,-2.4823585437213685e-01,-2.5751162245896519e-02,1.0189832577963463e-02
6.0099895133299124e+03,1,1.0000000000000000e+00,-9.6582172946227658e+00,-1.3314738546604225e+01,-1.1392794958039212e+00,3.8049761034841817e-01,-7.7756627807992473e-02,-2.1084773897406851e-02
6.0099895133299124e+03,2,1.0000000000000000e+00,1.8907935348216654e+01,2.1645091324235445e+01,2.1576746244566385e+00,-1.3226175630218417e-01,1.0350779029386048e-01,1.0894941332314265e-02

6.0141499648283670e+03,0,1.0000000000000000e+00,-1.0247274925838113e+01,-8.7751709295028064e+00,-9.8672994673038161e-01,-2.1715023898576019e-01,-1.8544567069051682e-01,4.4322871594788416e-03
6.0141499648283670e+03,1,1.0000000000000000e+00,-8.1043206537748969e+00,-1.3293562374486630e+01,-1.2155706075228654e+00,3.5231412767802589e-01,8.5310215221864327e-02,-1.4989113079287226e-02
6.0141499648283670e+03,2,1.0000000000000000e+00,1.8351595223592170e+01,2.2068735023402727e+01,2.2023005813580419e+00,-1.3516388887956993e-01,1.0013545561979213e-01,1.0556825923640174e-02

6.0191850253190332e+03,0,1.0000000000000000e+00,-1.1031923458840353e+01,-1.0100197425171885e+01,-9.8947620956150439e-01,-7.9288057149100505e-02,-3.2640331462300554e-01,-5.8436032754254439e-03
6.0191850253190332e+03,1,1.0000000000000000e+00,-6.6305509342675251e+00,-1.2462265572944276e+01,-1.2649333829520648e+00,2.1782908071196186e-01,2.3044227907536252e-01,-4.2961036960916885e-03
6.0191850253190332e+03,2,1.0000000000000000e+00,1.7662474036614093e+01,2.2562464718469371e+01,2.2544096196209882e+00,-1.3854102358566320e-01,9.5961035804906336e-02,1.0139706970785674e-02

6.0240623266283992e+03,0,1.0000000000000000e+00,-1.0963729448561397e+01,-1.1820643863947545e+01,-1.0426797856348293e+00,1.1101326066252326e-01,-3.5957981828426056e-01,-1.5605649161192099e-02
6.0240623266283992e+03,1,1.0000000000000000e+00,-6.0153186156595613e+00,-1.1199724635418104e+01,-1.2601707853643991e+00,3.0676202488121473e-02,2.6779445001288538e-01,5.8842892994509042e-03
6.0240623266283992e+03,2,1.0000000000000000e+00,1.6979047707606014e+01,2.3020370221448633e+01,2.3028505981174190e+00,-1.4168946321624007e-01,9.1785368714636245e-02,9.7213598684387035e-03

6.0288839654292669e+03,0,1.0000000000000000e+00,-9.9876651967789201e+00,-1.3400714246762867e+01,-1.1340550448386899e+00,2.8578892135156142e-01,-2.7794473604715220e-01,-2.1410001111812439e-02
6.0288839654292669e+03,1,1.0000000000000000e+00,-6.3008844857535191e+00,-1.0051983955700454e+01,-1.2146380984625962e+00,-1.4107483285138533e-01,1.9042146749718369e-01,1.2118515355146499e-02
6.0288839654292669e+03,2,1.0000000000000000e+00,1.6288549325155032e+01,2.3452699926837671e+01,2.3486931704770662e+00,-1.4471408875725369e-01,8.7523269018191435e-02,9.2914857730120037e-03

6.0337119085286758e+03,0,1.0000000000000000e+00,-8.3311562971557969e+00,-1.4361807419754633e+01,-1.2393488854233849e+00,3.8333801523068595e-01,-1.1021953814731125e-01,-2.1112748324810641e-02
6.0337119085286758e+03,1,1.0000000000000000e+00,-7.2515732047126562e+00,-9.5029359421833615e+00,-1.1531390734216664e+00,-2.3567807502487498e-01,2.7063895053860115e-02,1.2263328409218708e-02
6.0337119085286758e+03,2,1.0000000000000000e+00,1.5582729142927032e+01,2.3864745088206277e+01,2.3924879861039932e+00,-1.4765994056248449e-01,8.3155643390016770e-02,8.8494199315190415e-03

6.0382860578602467e+03,0,1.0000000000000000e+00,-6.5647208421072651e+00,-1.4443844146740659e+01,-1.3241578860365062e+00,3.7131605632530368e-01,7.3002514196042478e-02,-1.5161446928624707e-02
6.0382860578602467e+03,1,1.0000000000000000e+00,-8.3363992695044082e+00,-9.7916861557017576e+00,-1.1078408248515101e+00,-2.2096914195236567e-01,-1.5196133027338699e-01,6.7357140008134572e-03
6.0382860578602467e+03,2,1.0000000000000000e+00,1.4901119751220929e+01,2.4235532029674363e+01,2.4319987381996802e+00,-1.5034691462124977e-01,7.8958816223949818e-02,8.4257329342335725e-03

6.0427793494007756e+03,0,1.0000000000000000e+00,-5.1053758956872137e+00,-1.3769336159663174e+01,-1.3720523960873676e+00,2.6473219652610225e-01,2.1686367208827970e-01,-5.8018112024595600e-03
6.0427793494007756e+03,1,1.0000000000000000e+00,-9.1144978862313053e+00,-1.0811615976685836e+01,-1.0968637693362955e+00,-1.1187321856031845e-01,-2.9164363676746596e-01,-2.2037729800034253e-03
6.0427793494007756e+03,2,1.0000000000000000e+00,1.4219873420823884e+01,2.4580953864242055e+01,2.4689161927449264e+00,-1.5285897803735093e-01,7.4779964860653803e-02,8.0055841816168705e-03

6.0472986551984741e+03,0,1.0000000000000000e+00,-4.2726035905602373e+00,-1.2609792992000489e+01,-1.3753411491650551e+00,9.7984938224762341e-02,2.8017271001410571e-01,4.1719640664976913e-03
6.0472986551984741e+03,1,1.0000000000000000e+00,-9.2509941167205909e+00,-1.2299460976768255e+01,-1.1287847357531193e+00,5.7269488673825808e-02,-3.5066430072015509e-01,-1.1746367043830351e-02
6.0472986551984741e+03,2,1.0000000000000000e+00,1.3523597346043317e+01,2.4909255697858061e+01,2.5041259122382282e+00,-1.5525442692360730e-01,7.0491591062626924e-02,7.5744029794668471e-03

6.0527135684420791e+03,0,1.0000000000000000e+00,-4.3098707282999520e+00,-1.1180636935707557e+01,-1.3273558180430807e+00,-1.0496687207013289e-01,2.2418764916231196e-01,1.2565467083305529e-02
6.0527135684420791e+03,1,1.0000000000000000e+00,-8.3655941168517352e+00,-1.4096088875825721e+01,-1.2163474330985928e+00,2.6294786480264815e-01,-2.8939475787485791e-01,-1.9605582189835113e-02
6.0527135684420791e+03,2,1.0000000000000000e+00,1.2675464483378367e+01,2.5276727542982062e+01,2.5437032785047768e+00,-1.5798099293341558e-01,6.5207109186635664e-02,7.0401151204086401e-03

6.0576880804093153e+03,0,1.0000000000000000e+00,-5.1586074820206971e+00,-1.0421014780942564e+01,-1.2586523738895932e+00,-2.1958100101655670e-01,6.9021627400526059e-02,1.3912659341549158e-02
6.0576880804093153e+03,1,1.0000000000000000e+00,-6.7249824073932221e+00,-1.5167737994832333e+01,-1.3188177124100249e+00,3.7995558777165489e-01,-1.2924884738936396e-01,-2.0446675935216249e-02
6.0576880804093153e+03,2,1.0000000000000000e+00,1.1883589526188414e+01,2.5588754509340795e+01,2.5774701137459006e+00,-1.6037458711214941e-01,6.0227220333439420e-02,6.5340166110452536e-03

6.0625604140568266e+03,0,1.0000000000000000e+00,-6.2787415698965194e+00,-1.0544673720895990e+01,-1.2008949958568795e+00,-2.2043685517409367e-01,-1.1993031206477951e-01,8.8411106689649070e-03
6.0625604140568266e+03,1,1.0000000000000000e+00,-4.8179640713023915e+00,-1.5325496433388508e+01,-1.4071889574258301e+00,3.8304143767610527e-01,6.4648817212856910e-02,-1.4873042322247620e-02
6.0625604140568266e+03,2,1.0000000000000000e+00,1.1096705276285752e+01,2.5870171889038094e+01,2.6080839807965717e+00,-1.6260458279979237e-01,5.5281495007866652e-02,6.0319316622410579e-03

6.0672271954306343e+03,0,1.0000000000000000e+00,-7.1012400186128879e+00,-1.1477536363628708e+01,-1.1795918267309951e+00,-1.1704645527976951e-01,-2.6975066149221077e-01,-1.4821294348210754e-04
6.0672271954306343e+03,1,1.0000000000000000e+00,-3.2319101972492343e+00,-1.4639489092452642e+01,-1.4555159614837585e+00,2.8164628911194289e-01,2.1924688600672210e-01,-5.4007823467087908e-03
6.0672271954306343e+03,2,1.0000000000000000e+00,1.0333149849985450e+01,2.6117027191440393e+01,2.6351078157466103e+00,-1.6459983394431432e-01,5.0503775625926305e-02,5.5489952898971047e-03

6.0718947400849011e+03,0,1.0000000000000000e+00,-7.2651105387741790e+00,-1.2933080218741438e+01,-1.2037312554847843e+00,5.3785261281373065e-02,-3.3719913371903965e-01,-1.0057340005440623e-02
6.0718947400849011e+03,1,1.0000000000000000e+00,-2.2954136519205557e+00,-1.3408411116809631e+01,-1.4561399796037762e+00,1.1265154080908391e-01,2.9153479299593288e-01,4.9969165042804947e-03
6.0718947400849011e+03,2,1.0000000000000000e+00,9.5605238245788335e+00,2.6341493071909035e+01,2.6598712626157806e+00,-1.6643680211295397e-01,4.5664341028412769e-02,5.0604235015172336e-03

6.0764844842613338e+03,0,1.0000000000000000e+00,-6.6003881846641317e+00,-1.4434591077031540e+01,-1.2682039524319086e+00,2.3257352993410779e-01,-2.9973295396547156e-01,-1.7386977978799418e-02
6.0764844842613338e+03,1,1.0000000000000000e+00,-2.1923711623926518e+00,-1.2105389242421527e+01,-1.4137694283401283e+00,-6.4475552854016904e-02,2.5892280543957608e-01,1.2818586866634719e-02
6.0764844842613338e+03,2,1.0000000000000000e+00,8.7927589806475943e+00,2.6539982057601026e+01,2.6819734083214888e+00,-1.6809797721446565e-01,4.0810148978830674e-02,4.5683911222304981e-03

6.0813827040885435e+03,0,1.0000000000000000e+00,-5.0917765736850207e+00,-1.5591673558822798e+01,-1.3617749022530767e+00,3.6896904666894004e-01,-1.5845143253037364e-01,-1.9718613622167647e-02
6.0813827040885435e+03,1,1.0000000000000000e+00,-2.8735292710174889e+00,-1.1135278798955714e+01,-1.3412591613331188e+00,-1.9922847073811534e-01,1.2293665783757823e-01,1.5689880450231120e-02
6.0813827040885435e+03,2,1.0000000000000000e+00,7.9653054771360203e+00,2.6726954098114408e+01,2.7030340912077606e+00,-1.6974057625937725e-01,3.5514775092612000e-02,4.0287331896478387e-03

6.0861876861698911e+03,0,1.0000000000000000e+00,-3.1996210672620000e+00,-1.5901577453828708e+01,-1.4489059081944708e+00,3.9921118204305173e-01,3.2492871454754158e-02,-1.5525790649863693e-02
6.0861876861698911e+03,1,1.0000000000000000e+00,-3.9464481836200402e+00,-1.0983373656877131e+01,-1.2721953103831580e+00,-2.2797753727104775e-01,-6.2734168528231493e-02,1.2035024364982898e-02
6.0861876861698911e+03,2,1.0000000000000000e+00,7.1460688815804847e+00,2.6884952852491647e+01,2.7211012462776454e+00,-1.7123364512581246e-01,3.0241297272412732e-02,3.4907662977823398e-03

6.0906469254028461e+03,0,1.0000000000000000e+00,-1.5506676245771105e+00,-1.5377402084768041e+01,-1.5005527087387949e+00,3.2508902583300570e-01,1.9541735964733706e-01,-7.1041761964704998e-03
6.0906469254028461e+03,1,1.0000000000000000e+00,-4.8289668782375923e+00,-1.1631432238331175e+01,-1.2349988732013348e+00,-1.5259390680591761e-01,-2.2073579469559237e-01,4.1137696177646309e-03
6.0906469254028461e+03,2,1.0000000000000000e+00,6.3796341322452257e+00,2.7008836065486459e+01,2.7355516096743289e+00,-1.7249511922401056e-01,2.5318435149296353e-02,2.9904065811795760e-03

6.0952055256284430e+03,0,1.0000000000000000e+00,-3.9436586500145721e-01,-1.4228071607556627e+01,-1.5093560060048943e+00,1.7296476877422423e-01,2.9399568464072295e-01,3.2688563288532421e-03
6.0952055256284430e+03,1,1.0000000000000000e+00,-5.1962809065239881e+00,-1.2884669982871815e+01,-1.2386611519406849e+00,6.6571694477585153e-04,-3.1425895659877906e-01,-5.7469981607645524e-03
6.0952055256284430e+03,2,1.0000000000000000e+00,5.5906464004607805e+00,2.7112743333438104e+01,2.7480171856766162e+00,-1.7363048575885245e-01,2.0263272160489898e-02,2.4781418298909421e-03

6.1004905313962608e+03,0,1.0000000000000000e+00,-3.0448954744254131e-02,-1.2638641091349342e+01,-1.4637798108992071e+00,-3.3784464745438031e-02,2.8427148092133830e-01,1.3249470909616324e-02
6.1004905313962608e+03,1,1.0000000000000000e+00,-4.6395405816219126e+00,-1.4565565449548735e+01,-1.2957487664402343e+00,2.0852062835828930e-01,-2.9860397325961646e-01,-1.5125299075162220e-02
6.1004905313962608e+03,2,1.0000000000000000e+00,4.6699891650920220e+00,2.7204208285553499e+01,2.7595286050769552e+00,-1.7473616369872172e-01,1.4332492747943071e-02,1.8758281719282646e-03

6.1050713842053583e+03,0,1.0000000000000000e+00,-5.3034289560231018e-01,-1.1560846329211650e+01,-1.3922507315039274e+00,-1.7338809361508506e-01,1.7274099072701959e-01,1.7058638058200678e-02
6.1050713842053583e+03,1,1.0000000000000000e+00,-3.3373361602795306e+00,-1.5697057541478298e+01,-1.3746503894736648e+00,3.4891756112126598e-01,-1.8183712744984237e-01,-1.8399613168663832e-02
6.1050713842053583e+03,2,1.0000000000000000e+00,3.8676786837988222e+00,2.7257905617356180e+01,2.7669011487683308e+00,-1.7552946777852832e-01,9.0961371547327741e-03,1.3409751264767760e-03

6.1099945855806263e+03,0,1.0000000000000000e+00,-1.5651471028879120e+00,-1.1146436270314325e+01,-1.3113163109938752e+00,-2.2757533045185294e-01,-1.0047850716315984e-02,1.4716726290916608e-02
6.1099945855806263e+03,1,1.0000000000000000e+00,-1.4365595105855307e+00,-1.6142208569990775e+01,-1.4607485046392283e+00,4.0381502063571240e-01,6.6669889317507638e-03,-1.5472307042850105e-02
6.1099945855806263e+03,2,1.0000000000000000e+00,3.0017062397075982e+00,2.7288646588710492e+01,2.7720648435075455e+00,-1.7623969055941718e-01,3.3808620376507472e-03,7.5558076755950136e-04

6.1148548253763429e+03,0,1.0000000000000000e+00,-2.5637451618543281e+00,-1.1642352017787545e+01,-1.2571936071793566e+00,-1.6475832342076888e-01,-1.8753983930067242e-01,6.8340204209485318e-03
6.1148548253763429e+03,1,1.0000000000000000e+00,4.2002356356872417e-01,-1.5648929889270619e+01,-1.5171333107326577e+00,3.4155574449632764e-01,1.8983687103175512e-01,-7.0096166919511706e-03
6.1148548253763429e+03,2,1.0000000000000000e+00,2.1437212229152340e+00,2.7291283656239820e+01,2.7743269458381565e+00,-1.7679742132828519e-01,-2.2970316390574716e-03,1.7559627587564479e-04

6.1195328128994688e+03,0,1.0000000000000000e+00,-3.0126379018871559e+00,-1.2802360447940107e+01,-1.2484406343217129e+00,-1.6356731635364052e-02,-2.9374819858629636e-01,-3.2026455892398332e-03
6.1195328128994688e+03,1,1.0000000000000000e+00,1.6969141423708791e+00,-1.4465395677799735e+01,-1.5254069458587480e+00,1.9352689556537711e-01,3.0150884823107421e-01,3.5829045000690964e-03
6.1195328128994688e+03,2,1.0000000000000000e+00,1.3157233834209672e+00,2.7267757875382916e+01,2.7738476081082171e+00,-1.7717016399720065e-01,-7.7606495025917535e-03,-3.8025891342815621e-04

6.1240865624256276e+03,0,1.0000000000000000e+00,-2.6807123439547542e+00,-1.4194277490535583e+01,-1.2839107659326472e+00,1.6311400463229772e-01,-3.0031757099557843e-01,-1.1933847895740621e-02
6.1240865624256276e+03,1,1.0000000000000000e+00,2.1722575791574306e+00,-1.3026010668874598e+01,-1.4869715884218890e+00,1.4235854156997713e-02,3.1341025644006770e-01,1.2856753745099862e-02
6.1240865624256276e+03,2,1.0000000000000000e+00,5.0845438854742575e-01,2.7220289910111660e+01,2.7708823822754112e+00,-1.7734985882553281e-01,-1.3092685115730029e-02,-9.2290584787907935e-04

6.1293626346663614e+03,0,1.0000000000000000e+00,-1.3252409233012596e+00,-1.5526789752313897e+01,-1.3632256266747840e+00,3.3823725129374349e-01,-1.8505998907582008e-01,-1.6963645049070265e-02
6.1293626346663614e+03,1,1.0000000000000000e+00,1.7525457396434418e+00,-1.1607985348463089e+01,-1.4011077685975291e+00,-1.6090771952703486e-01,2.0439870206651314e-01,1.8525590971782881e-02
6.1293626346663614e+03,2,1.0000000000000000e+00,-4.2730519321372218e-01,2.7134776853605182e+01,2.7643334232336256e+00,-1.7732953199067455e-01,-1.9338712555775989e-02,-1.5619459089376078e-03

6.1343388703657292e+03,0,1.0000000000000000e+00,5.7486069022889508e-01,-1.5997567497153291e+01,-1.4448764248055528e+00,4.0571285392466439e-01,3.0986749595433294e-03,-1.4684012071107318e-02
6.1343388703657292e+03,1,1.0000000000000000e+00,7.3441689444676461e-01,-1.1026131373825114e+01,-1.3101594473294149e+00,-2.2859687350568703e-01,2.2217119109897571e-02,1.6860207572985453e-02
6.1343388703657292e+03,2,1.0000000000000000e+00,-1.3092779631147993e+00,2.7023700625687134e+01,2.7550359001783997e+00,-1.7711598079537516e-01,-2.5315793781453849e-02,-2.1761954850739555e-03

6.1391478315104441e+03,0,1.0000000000000000e+00,2.4464080033140485e+00,-1.5521552673987253e+01,-1.4979758415399218e+00,3.5371729556971987e-01,1.8946703302478618e-01,-6.6283241573093354e-03
6.1391478315104441e+03,1,1.0000000000000000e+00,-2.8619498300747992e-01,-1.1366426964391263e+01,-1.2451597641101750e+00,-1.7696283102394705e-01,-1.5833782444493377e-01,9.4009840755732103e-03
6.1391478315104441e+03,2,1.0000000000000000e+00,-2.1602134004613669e+00,2.6887981393968719e+01,2.7431356337547017e+00,-1.7675446484464463e-01,-3.1129208485227905e-02,-2.7726599110135444e-03

6.1435667925981470e+03,0,1.0000000000000000e+00,3.7380622895137634e+00,-1.4399317605634149e+01,-1.5054603038532377e+00,2.2020966155908087e-01,3.0582461516958198e-01,3.4036815573779220e-03
6.1435667925981470e+03,1,1.0000000000000000e+00,-7.9777665174959900e-01,-1.2339325747182126e+01,-1.2242191782165093e+00,-4.3932687243262686e-02,-2.6936996991533230e-01,-8.7003980320401672e-05
6.1435667925981470e+03,2,1.0000000000000000e+00,-2.9402860188268045e+00,2.6738645108725283e+01,2.7296795101832774e+00,-1.7627697442668092e-01,-3.6454645169125360e-02,-3.3166775792690169e-03

6.1488372919550175e+03,0,1.0000000000000000e+00,4.3592916469468399e+00,-1.2668251764589648e+01,-1.4571394087220626e+00,1.3472832345228197e-02,3.2797920211564369e-01,1.4377086584863006e-02
6.1488372919550175e+03,1,1.0000000000000000e+00,-4.9191204185331738e-01,-1.3861595978693387e+01,-1.2533598167467299e+00,1.6201119364621860e-01,-2.8520512085479577e-01,-1.0415483790515979e-02
6.1488372919550175e+03,2,1.0000000000000000e+00,-3.8673799863918195e+00,2.6529849500116626e+01,2.7104992535678076e+00,-1.7548402601469129e-01,-4.2774080975518991e-02,-3.9616027948759965e-03

6.1538281487435897e+03,0,1.0000000000000000e+00,3.9818232465898218e+00,-1.1238137666382194e+01,-1.3689672261451564e+00,-1.5382369498917947e-01,2.2755734394024255e-01,1.9922564870137188e-02
6.1538281487435897e+03,1,1.0000000000000000e+00,7.5897535944226924e-01,-1.5063283003287768e+01,-1.3202287659072447e+00,3.2830677893595644e-01,-1.7878622893388976e-01,-1.5345866735557795e-02
6.1538281487435897e+03,2,1.0000000000000000e+00,-4.7407989877646726e+00,2.6301422428350961e+01,2.6891960201769951e+00,-1.7448308412634039e-01,-4.8771114584692216e-02,-4.5766981233776307e-03

6.1588024916880386e+03,0,1.0000000000000000e+00,2.9839383515340128e+00,-1.0529378257628306e+01,-1.2699968349886839e+00,-2.2832572669785042e-01,4.9653232972041481e-02,1.8713576824945836e-02
6.1588024916880386e+03,1,1.0000000000000000e+00,2.6218405690037709e+00,-1.5514460824782740e+01,-1.3948895091212050e+00,4.0158489409628295e-01,5.1491911783921179e-03,-1.3514973789956294e-02
6.1588024916880386e+03,2,1.0000000000000000e+00,-5.6057793036669654e+00,2.6043840843023499e+01,2.6648863723100153e+00,-1.7325916775928615e-01,-5.4802423834362499e-02,-5.1986030180111772e-03

6.1636488038475272e+03,0,1.0000000000000000e+00,1.9364259820538585e+00,-1.0741414643808923e+01,-1.1946291547636352e+00,-1.8489183711522464e-01,-1.3258533316599075e-01,1.1580984875325799e-02
6.1636488038475272e+03,1,1.0000000000000000e+00,4.5057589939771843e+00,-1.5022519368218060e+01,-1.4435868235798777e+00,3.5677731978554306e-01,1.9329585959314838e-01,-5.7734662850078677e-03
6.1636488038475272e+03,2,1.0000000000000000e+00,-6.4421853609346869e+00,2.5763935773651149e+01,2.6382160066117590e+00,-1.7188548300047979e-01,-6.0710526319829546e-02,-5.8075185810394624e-03

6.1681192769975059e+03,0,1.0000000000000000e+00,1.3718680015370932e+00,-1.1622468298586828e+01,-1.1635717206802316e+00,-5.6338440357116548e-02,-2.4932119780931322e-01,2.1021143921626023e-03
6.1681192769975059e+03,1,1.0000000000000000e+00,5.8356186030592143e+00,-1.3857919969032437e+01,-1.4474354117297379e+00,2.2680876918930765e-01,3.1545483722764983e-01,4.2617619786730404e-03
6.1681192769975059e+03,2,1.0000000000000000e+00,-7.2074869905855934e+00,2.5480390029518428e+01,2.6110071606944190e+00,-1.7047032897784398e-01,-6.6133639367810110e-02,-6.3638763723199822e-03

6.1741586615315309e+03,0,1.0000000000000000e+00,1.7297739686644604e+00,-1.3265932626888720e+01,-1.1885213723224850e+00,1.7743297458060858e-01,-2.6481704125763195e-01,-9.6391872325564832e-03
6.1741586615315309e+03,1,1.0000000000000000e+00,6.5008389919701735e+00,-1.1793156429469546e+01,-1.3818113097923981e+00,-9.1424633921248222e-03,3.3818321456409217e-01,1.6743466888521484e-02
6.1741586615315309e+03,2,1.0000000000000000e+00,-8.2306133469417730e+00,2.5059090819090670e+01,2.5703327103783273e+00,-1.6829051120218452e-01,-7.3366173046414698e-02,-7.1042796577489593e-03

6.1791775616605346e+03,0,1.0000000000000000e+00,3.0536647954751110e+00,-1.4343509973686267e+01,-1.2506865477813940e+00,3.3803892961055360e-01,-1.4732760598196162e-01,-1.4048813671183012e-02
6.1791775616605346e+03,1,1.0000000000000000e+00,6.0164403574409349e+00,-1.0332399246601138e+01,-1.2824526100727958e+00,-1.7184184800865532e-01,2.2665411339376487e-01,2.1766440902628671e-02
6.1791775616605346e+03,2,1.0000000000000000e+00,-9.0701055395977246e+00,2.4675910984778870e+01,2.5331391861372161e+00,-1.6619708176906811e-01,-7.9326507003553343e-02,-7.7176272212582005e-03

6.1839952794215396e+03,0,1.0000000000000000e+00,4.8739292124215101e+00,-1.4626970898284661e+01,-1.3153315979661546e+00,3.9905925434201273e-01,3.6095905697201780e-02,-1.1690274819456078e-02
6.1839952794215396e+03,1,1.0000000000000000e+00,4.9915288758189469e+00,-9.6529714750384823e+00,-1.1791991941463520e+00,-2.3511534477365215e-01,4.8960483829854184e-02,2.0001013863960575e-02
6.1839952794215396e+03,2,1.0000000000000000e+00,-9.8654584762206117e+00,2.4279944139650048e+01,2.4945308204651768e+00,-1.6394390992197189e-01,-8.5056389212353062e-02,-8.3107390278306034e-03

6.1886337338769899e+03,0,1.0000000000000000e+00,6.6484813488574250e+00,-1.4030384688891521e+01,-1.3532465014370023e+00,3.4842990892456965e-01,2.1617866127285559e-01,-3.9274542075539440e-03
6.1886337338769899e+03,1,1.0000000000000000e+00,3.9720142543420183e+00,-9.8422103208340523e+00,-1.1014078531783904e+00,-1.8684599646418981e-01,-1.2559784712244340e-01,1.2810025298624041e-02
6.1886337338769899e+03,2,1.0000000000000000e+00,-1.0620495992884109e+01,2.3872596777025617e+01,2.4546543830343044e+00,-1.6158391280188905e-01,-9.0580814043845131e-02,-8.8825710811044727e-03

6.1931382759619100e+03,0,1.0000000000000000e+00,7.9365267015983578e+00,-1.2757892075228645e+01,-1.3482351977839335e+00,2.1222925374274443e-01,3.3571357008856550e-01,6.3352449437002580e-03
6.1931382759619100e+03,1,1.0000000000000000e+00,3.4063833129450858e+00,-1.0694662100338000e+01,-1.0651684102405723e+00,-5.3088052941954122e-02,-2.3980968714041395e-01,3.0956555150308445e-03
6.1931382759619100e+03,2,1.0000000000000000e+00,-1.1342910405381581e+01,2.3452555943088697e+01,2.4134036364616769e+00,-1.5914120095739309e-01,-9.5903882920957639e-02,-9.4309004602521722e-03

6.1985109836158845e+03,0,1.0000000000000000e+00,8.5128033138471348e+00,-1.0832949530788792e+01,-1.2824452042316599e+00,3.2961440011597398e-04,3.5678937291693830e-01,1.7569137332442860e-02
6.1985109836158845e+03,1,1.0000000000000000e+00,3.6768532689355080e+00,-1.2087541335703799e+01,-1.0785638437721645e+00,1.5569031074124079e-01,-2.5465605681587794e-01,-7.4985364016305137e-03
6.1985109836158845e+03,2,1.0000000000000000e+00,-1.2189656973938535e+01,2.2920492634516364e+01,2.3610090764172980e+00,-1.5601992514196261e-01,-1.0213331590582125e-01,-1.0070600935140346e-02

6.2034484493735654e+03,0,1.0000000000000000e+00,8.0789462576356623e+00,-9.2788622840740835e+00,-1.1796978083363987e+00,-1.6523699401324016e-01,2.5567788535236835e-01,2.3030819041228091e-02
6.2034484493735654e+03,1,1.0000000000000000e+00,4.8734658267900652e+00,-1.3123462776943176e+01,-1.1301576083818903e+00,3.1813968701152695e-01,-1.4793438027628514e-01,-1.2381601885423366e-02
6.2034484493735654e+03,2,1.0000000000000000e+00,-1.2952412475754139e+01,2.2402326830514614e+01,2.3098554451337403e+00,-1.5290269310561322e-01,-1.0774350469668900e-01,-1.0649217149436535e-02

6.2082630369600047e+03,0,1.0000000000000000e+00,7.0620398189214573e+00,-8.4444557772816289e+00,-1.0687918592211756e+00,-2.3944974145792902e-01,8.3586476488929723e-02,2.1952662692636172e-02
6.2082630369600047e+03,1,1.0000000000000000e+00,6.6186970970819949e+00,-1.3426084185481299e+01,-1.1884380635069751e+00,3.8905396169832357e-01,2.9570415322912796e-02,-1.0741040368678945e-02
6.2082630369600047e+03,2,1.0000000000000000e+00,-1.3680737308357687e+01,2.1870541734107519e+01,2.2572299512002165e+00,-1.4960422055271419e-01,-1.1315689146603058e-01,-1.1211622308356501e-02

6.2130520342485815e+03,0,1.0000000000000000e+00,5.9614602371908969e+00,-8.4878623882374384e+00,-9.7823667542967696e-01,-2.0148020483802595e-01,-9.7667903371822726e-02,1.5052210382322470e-02
6.2130520342485815e+03,1,1.0000000000000000e+00,8.4274025013848579e+00,-1.2827928263116497e+01,-1.2239635724434339e+00,3.4757188791880644e-01,2.1618238049716454e-01,-3.2828607645804097e-03
6.2130520342485815e+03,2,1.0000000000000000e+00,-1.4388863132635111e+01,2.1315792423882268e+01,2.2022002764166060e+00,-1.4609168343960169e-01,-1.1851447698731891e-01,-1.1769349605853989e-02

6.2177794083614826e+03,0,1.0000000000000000e+00,5.2946726289719326e+00,-9.2762845520167367e+00,-9.3024229393775792e-01,-6.7788637303572014e-02,-2.2225210862265693e-01,5.0006718133484753e-03
6.2177794083614826e+03,1,1.0000000000000000e+00,9.7762651067554724e+00,-1.1466844341585134e+01,-1.2150339106463053e+00,2.1023480721672935e-01,3.4599747121352969e-01,7.3105689903302674e-03
6.2177794083614826e+03,2,1.0000000000000000e+00,-1.5070938131139501e+01,2.0743130666399288e+01,2.1452762331555681e+00,-1.4244617010204211e-01,-1.2374536258183430e-01,-1.2311240803975805e-02

6.2223367399081963e+03,0,1.0000000000000000e+00,5.3788059855584169e+00,-1.0389487998334719e+01,-9.2957903298824007e-01,1.0760346894341571e-01,-2.4915016148504865e-01,-4.3705643136027119e-03
6.2223367399081963e+03,1,1.0000000000000000e+00,1.0333019924861709e+01,-9.7784113207197407e+00,-1.1584273923284822e+00,3.1181253418655908e-02,3.7782300288232196e-01,1.7189784616015509e-02
6.2223367399081963e+03,2,1.0000000000000000e+00,-1.5711826306243429e+01,2.0167901092030707e+01,2.0880064538685166e+00,-1.3878472237239206e-01,-1.2867284129358880e-01,-1.2819220308842201e-02

6.2273825330632799e+03,0,1.0000000000000000e+00,6.3924167787035557e+00,-1.1473598308853838e+01,-9.6986263591885224e-01,2.8514958237719978e-01,-1.6134430973358993e-01,-1.0608315969459979e-02
6.2273825330632799e+03,1,1.0000000000000000e+00,1.0009055888439665e+01,-8.0316358358598325e+00,-1.0520767326205254e+00,-1.5061908314449896e-01,2.9530242922821159e-01,2.3973660374313005e-02
6.2273825330632799e+03,2,1.0000000000000000e+00,-1.6401473062962015e+01,1.9505235918779690e+01,2.0219393970723294e+00,-1.3453049926748306e-01,-1.3395811917120815e-01,-1.3365344403700276e-02

6.2320620866077552e+03,0,1.0000000000000000e+00,7.9728654778930697e+00,-1.1866836144988607e+01,-1.0213106773592160e+00,3.7434687045054837e-01,2.3806991469346450e-03,-1.0331190797104031e-02
6.2320620866077552e+03,1,1.0000000000000000e+00,9.0484597228569363e+00,-7.0003437848512773e+00,-9.3692033602954539e-01,-2.4399871315959376e-01,1.3634205408935438e-01,2.4193092364230943e-02
6.2320620866077552e+03,2,1.0000000000000000e+00,-1.7021325597176631e+01,1.8867181705637201e+01,1.9582310419555906e+00,-1.3034815752659412e-01,-1.3872275285960026e-01,-1.3861901554419014e-02

6.2366423207344096e+03,0,1.0000000000000000e+00,9.6931127526085792e+00,-1.1432543185937035e+01,-1.0567817214116513e+00,3.5906400997237420e-01,1.8597785855436255e-01,-4.3132326197764716e-03
6.2366423207344096e+03,1,1.0000000000000000e+00,7.9154111572123682e+00,-6.7887405089430377e+00,-8.3685703187742022e-01,-2.3304334344432487e-01,-4.2675643140778763e-02,1.8655048054765720e-02
6.2366423207344096e+03,2,1.0000000000000000e+00,-1.7608524307691713e+01,1.8221285472090941e+01,1.8936387819233456e+00,-1.2602066689202915e-01,-1.4330221519893027e-01,-1.4341815420533074e-02

6.2413791192024592e+03,0,1.0000000000000000e+00,1.1148695793935008e+01,-1.0168991938011466e+01,-1.0540599130123760e+00,2.4054255589655382e-01,3.3564301064298230e-01,5.8696581159371729e-03
6.2413791192024592e+03,1,1.0000000000000000e+00,7.0457508859471867e+00,-7.3624278106135597e+00,-7.7048647541518611e-01,-1.1920059496808333e-01,-1.8768217419623656e-01,8.9589550258547257e-03
6.2413791192024592e+03,2,1.0000000000000000e+00,-1.8194447079330274e+01,1.7531421526345145e+01,1.8245464171084660e+00,-1.2134196119210065e-01,-1.4796083642731614e-01,-1.4828613137921241e-02

6.2460292908133015e+03,0,1.0000000000000000e+00,1.1866120850618946e+01,-8.4350489009469030e+00,-1.0018066327770982e+00,6.2642744111663151e-02,3.9260038936018932e-01,1.6375045791871472e-02
6.2460292908133015e+03,1,1.0000000000000000e+00,6.8816159773736194e+00,-8.3979175674094062e+00,-7.5270301571310383e-01,5.3959473266699365e-02,-2.4018802194948136e-01,-1.0845590414649726e-03
6.2460292908133015e+03,2,1.0000000000000000e+00,-1.8747737228164244e+01,1.6832968246090161e+01,1.7545096771619393e+00,-1.1660221742871923e-01,-1.5241236738284172e-01,-1.5290486756895039e-02

6.2506126842532203e+03,0,1.0000000000000000e+00,1.1738527282938618e+01,-6.7083450083281218e+00,-9.0808944058210239e-01,-1.1333822791897066e-01,3.4402925330003431e-01,2.3794628549040485e-02
6.2506126842532203e+03,1,1.0000000000000000e+00,7.5326932865542178e+00,-9.4163314577559785e+00,-7.7533094331020558e-01,2.2513862698321233e-01,-1.8740627774053875e-01,-8.0678640440149038e-03
6.2506126842532203e+03,2,1.0000000000000000e+00,-1.9271220969632541e+01,1.6124678244348992e+01,1.6834204125328036e+00,-1.1180039903711295e-01,-1.5662297534090924e-01,-1.5726764509899689e-02

6.2553888796172341e+03,0,1.0000000000000000e+00,1.0868085544067945e+01,-5.3748290235202738e+00,-7.8674018751576602e-01,-2.3670444152026321e-01,2.0227774387436481e-01,2.5957606160147449e-02
6.2553888796172341e+03,1,1.0000000000000000e+00,8.9248226834051803e+00,-9.9917220488328926e+00,-8.2051685788056361e-01,3.4332190948699587e-01,-4.1474678473748305e-02,-9.7941696895408915e-03
6.2553888796172341e+03,2,1.0000000000000000e+00,-1.9792908627764170e+01,1.5366552852098710e+01,1.6072570740400232e+00,-1.0661746808776057e-01,-1.6080306502880326e-01,-1.6163436463722664e-02

6.2600403761786592e+03,0,1.0000000000000000e+00,9.6739311269873234e+00,-4.8477763536924243e+00,-6.7300672325186306e-01,-2.5895779929709445e-01,2.2416396067093780e-02,2.2003262525378344e-02
6.2600403761786592e+03,1,1.0000000000000000e+00,1.0602738953421486e+01,-9.7616782295335192e+00,-8.5810434019372894e-01,3.6030421093837633e-01,1.4228404856691168e-01,-5.4283407800090472e-03
6.2600403761786592e+03,2,1.0000000000000000e+00,-2.0276670481748322e+01,1.4609456364620350e+01,1.5311110921431716e+00,-1.0134641195687806e-01,-1.6470044433525588e-01,-1.6574921730884307e-02

6.2646309621396367e+03,0,1.0000000000000000e+00,8.6327500488826345e+00,-5.1274707728679836e+00,-5.9012742102474713e-01,-1.7900889022261257e-01,-1.3624211688577181e-01,1.3551278080565513e-02
6.2646309621396367e+03,1,1.0000000000000000e+00,1.2096796559600504e+01,-8.7173340911301569e+00,-8.6398683466937931e-01,2.7493651876069197e-01,3.0466029730839589e-01,3.4170119798958322e-03
6.2646309621396367e+03,2,1.0000000000000000e+00,-2.0729547011395017e+01,1.3844806646291396e+01,1.4541142844509090e+00,-9.5927628867395504e-02,-1.6841818033371525e-01,-1.6968290051257426e-02

6.2693598541377587e+03,0,1.0000000000000000e+00,8.1434295781931567e+00,-6.0181794750881448e+00,-5.5078551141089438e-01,-1.8841200016044515e-02,-2.2403277765473517e-01,3.0969863797421227e-03
6.2693598541377587e+03,1,1.0000000000000000e+00,1.3026204728394511e+01,-7.0213932411016540e+00,-8.2216190078177509e-01,1.0901848508210214e-01,3.9614743393660501e-01,1.4259443957129300e-02
6.2693598541377587e+03,2,1.0000000000000000e+00,-2.1169634710650705e+01,1.3039574498559132e+01,1.3729474409630524e+00,-9.0177285202652890e-02,-1.7211465630142825e-01,-1.7356430340303812e-02

6.2739783403640758e+03,0,1.0000000000000000e+00,8.4725398120936113e+00,-7.0513349907302665e+00,-5.5717765117433116e-01,1.5977525141702145e-01,-2.0553501651157405e-01,-5.2841014261868907e-03
6.2739783403640758e+03,1,1.0000000000000000e+00,1.3100399305198527e+01,-5.1853263117228137e+00,-7.3477449598541145e-01,-7.5319309850393118e-02,3.8108005197659156e-01,2.2998295898391613e-02
6.2739783403640758e+03,2,1.0000000000000000e+00,-2.1572939521529744e+01,1.2236663084941538e+01,1.2919521758976251e+00,-8.4455941530427653e-02,-1.7554503536072524e-01,-1.7714194480674208e-02

6.2784539512789461e+03,0,1.0000000000000000e+00,9.5158080249601689e+00,-7.7517346782375967e+00,-5.9100583201136492e-01,2.9608157014342806e-01,-9.4265469028668863e-02,-8.9463786687855856e-03
6.2784539512789461e+03,1,1.0000000000000000e+00,1.2422545234124957e+01,-3.6922242418448832e+00,-6.2092890418131497e-01,-2.1726458541427540e-01,2.7291366422389562e-01,2.6985836466182279e-02
6.2784539512789461e+03,2,1.0000000000000000e+00,-2.1938353663159099e+01,1.1443960703504050e+01,1.2119347649058405e+00,-7.8816984730377557e-02,-1.7864819488945380e-01,-1.8039457798282216e-02

6.2829573632906113e+03,0,1.0000000000000000e+00,1.1011691193323216e+01,-7.8062528621173488e+00,-6.2899109001304465e-01,3.5221195097720193e-01,7.5688523889582776e-02,-6.9666084630358692e-03
6.2829573632906113e+03,1,1.0000000000000000e+00,1.1268581132945561e+01,-2.8265876368907135e+00,-5.0100503693543608e-01,-2.7920785847856622e-01,1.0584986112062147e-01,2.5313591237623074e-02
6.2829573632906113e+03,2,1.0000000000000000e+00,-2.2280272730772431e+01,1.0632842284019702e+01,1.1299961556847142e+00,-7.3004092699075929e-02,-1.8153838464743979e-01,-1.8346982763989033e-02

6.2831852936863579e+03,0,1.0000000000000000e+00,1.1091999101537455e+01,-7.7879496740290666e+00,-6.3055086346419587e-01,3.5241446398829390e-01,8.4916489463944880e-02,-6.7175553970069525e-03
6.2831852936863579e+03,1,1.0000000000000000e+00,1.1204879025184869e+01,-2.8034966876967884e+00,-4.9526170966881616e-01,-2.7970923829342531e-01,9.6762389372817947e-02,2.5079612028484109e-02
6.2831852936863579e+03,2,1.0000000000000000e+00,-2.2296878531272871e+01,1.0591448146819815e+01,1.1258126018717103e+00,-7.2705225905848436e-02,-1.8167887847732866e-01,-1.8362056620451903e-02

