R,R/Rg,Tc,rho,P,cs,H,visc,Sigma,Q,grad_T,grad_Sigma,grad_P,gamma,f_thermal,v_disk
0.1,-1,-1,-1,-1,-1,0.005000000000000001,-1,0.001124745430402753,-1,-1,0.5,-1,-1,-1,-1
0.10011992511431912,-1,-1,-1,-1,-1,0.005005996255715957,-1,0.0011240716102802807,-1,-1,0.5,-1,-1,-1,-1
0.10023999404896872,-1,-1,-1,-1,-1,0.005011999702448436,-1,0.0011233981938345381,-1,-1,0.5,-1,-1,-1,-1
0.10036020697642542,-1,-1,-1,-1,-1,0.005018010348821271,-1,0.0011227251808236883,-1,-1,0.5,-1,-1,-1,-1
0.10048056406937282,-1,-1,-1,-1,-1,0.005024028203468641,-1,0.0011220525710060384,-1,-1,0.5,-1,-1,-1,-1
0.10060106550070151,-1,-1,-1,-1,-1,0.005030053275035076,-1,0.001121380364140041,-1,-1,0.5,-1,-1,-1,-1
0.10072171144350948,-1,-1,-1,-1,-1,0.005036085572175475,-1,0.001120708559984293,-1,-1,0.5,-1,-1,-1,-1
0.10084250207110232,-1,-1,-1,-1,-1,0.0050421251035551165,-1,0.0011200371582975358,-1,-1,0.5,-1,-1,-1,-1
0.10096343755699334,-1,-1,-1,-1,-1,0.005048171877849668,-1,0.001119366158838656,-1,-1,0.5,-1,-1,-1,-1
0.10108451807490411,-1,-1,-1,-1,-1,0.005054225903745206,-1,0.0011186955613666839,-1,-1,0.5,-1,-1,-1,-1
0.10120574379876437,-1,-1,-1,-1,-1,0.005060287189938219,-1,0.0011180253656407945,-1,-1,0.5,-1,-1,-1,-1
0.10132711490271255,-1,-1,-1,-1,-1,0.005066355745135628,-1,0.001117355571420307,-1,-1,0.5,-1,-1,-1,-1
0.10144863156109592,-1,-1,-1,-1,-1,0.005072431578054796,-1,0.0011166861784646849,-1,-1,0.5,-1,-1,-1,-1
0.10157029394847075,-1,-1,-1,-1,-1,0.005078514697423538,-1,0.0011160171865335353,-1,-1,0.5,-1,-1,-1,-1
0.10169210223960272,-1,-1,-1,-1,-1,0.005084605111980136,-1,0.0011153485953866106,-1,-1,0.5,-1,-1,-1,-1
0.1018140566094671,-1,-1,-1,-1,-1,0.005090702830473356,-1,0.0011146804047838055,-1,-1,0.5,-1,-1,-1,-1
0.10193615723324895,-1,-1,-1,-1,-1,0.005096807861662448,-1,0.0011140126144851597,-1,-1,0.5,-1,-1,-1,-1
0.10205840428634345,-1,-1,-1,-1,-1,0.005102920214317173,-1,0.0011133452242508561,-1,-1,0.5,-1,-1,-1,-1
0.10218079794435612,-1,-1,-1,-1,-1,0.005109039897217806,-1,0.0011126782338412215,-1,-1,0.5,-1,-1,-1,-1
0.10230333838310308,-1,-1,-1,-1,-1,0.005115166919155155,-1,0.0011120116430167264,-1,-1,0.5,-1,-1,-1,-1
0.10242602577861132,-1,-1,-1,-1,-1,0.005121301288930566,-1,0.0011113454515379842,-1,-1,0.5,-1,-1,-1,-1
0.10254886030711885,-1,-1,-1,-1,-1,0.005127443015355943,-1,0.0011106796591657526,-1,-1,0.5,-1,-1,-1,-1
0.10267184214507515,-1,-1,-1,-1,-1,0.005133592107253757,-1,0.0011100142656609315,-1,-1,0.5,-1,-1,-1,-1
0.10279497146914118,-1,-1,-1,-1,-1,0.005139748573457059,-1,0.0011093492707845655,-1,-1,0.5,-1,-1,-1,-1
0.10291824845618985,-1,-1,-1,-1,-1,0.005145912422809493,-1,0.0011086846742978413,-1,-1,0.5,-1,-1,-1,-1
0.1030416732833062,-1,-1,-1,-1,-1,0.00515208366416531,-1,0.0011080204759620887,-1,-1,0.5,-1,-1,-1,-1
0.10316524612778753,-1,-1,-1,-1,-1,0.005158262306389377,-1,0.0011073566755387808,-1,-1,0.5,-1,-1,-1,-1
0.10328896716714392,-1,-1,-1,-1,-1,0.005164448358357197,-1,0.0011066932727895335,-1,-1,0.5,-1,-1,-1,-1
0.10341283657909815,-1,-1,-1,-1,-1,0.005170641828954908,-1,0.001106030267476106,-1,-1,0.5,-1,-1,-1,-1
0.10353685454158627,-1,-1,-1,-1,-1,0.005176842727079314,-1,0.001105367659360399,-1,-1,0.5,-1,-1,-1,-1
0.10366102123275772,-1,-1,-1,-1,-1,0.005183051061637887,-1,0.0011047054482044572,-1,-1,0.5,-1,-1,-1,-1
0.10378533683097547,-1,-1,-1,-1,-1,0.005189266841548774,-1,0.0011040436337704667,-1,-1,0.5,-1,-1,-1,-1
0.10390980151481653,-1,-1,-1,-1,-1,0.005195490075740827,-1,0.001103382215820757,-1,-1,0.5,-1,-1,-1,-1
0.10403441546307195,-1,-1,-1,-1,-1,0.0052017207731535975,-1,0.0011027211941177998,-1,-1,0.5,-1,-1,-1,-1
0.10415917885474726,-1,-1,-1,-1,-1,0.005207958942737363,-1,0.0011020605684242085,-1,-1,0.5,-1,-1,-1,-1
0.1042840918690627,-1,-1,-1,-1,-1,0.005214204593453136,-1,0.001101400338502739,-1,-1,0.5,-1,-1,-1,-1
0.10440915468545334,-1,-1,-1,-1,-1,0.005220457734272667,-1,0.00110074050411629,-1,-1,0.5,-1,-1,-1,-1
0.10453436748356949,-1,-1,-1,-1,-1,0.005226718374178475,-1,0.0011000810650279014,-1,-1,0.5,-1,-1,-1,-1
0.10465973044327696,-1,-1,-1,-1,-1,0.005232986522163849,-1,0.001099422021000755,-1,-1,0.5,-1,-1,-1,-1
0.10478524374465714,-1,-1,-1,-1,-1,0.005239262187232857,-1,0.0010987633717981756,-1,-1,0.5,-1,-1,-1,-1
0.10491090756800751,-1,-1,-1,-1,-1,0.005245545378400376,-1,0.0010981051171836283,-1,-1,0.5,-1,-1,-1,-1
0.10503672209384167,-1,-1,-1,-1,-1,0.005251836104692084,-1,0.0010974472569207213,-1,-1,0.5,-1,-1,-1,-1
0.10516268750288978,-1,-1,-1,-1,-1,0.0052581343751444895,-1,0.0010967897907732031,-1,-1,0.5,-1,-1,-1,-1
0.1052888039760987,-1,-1,-1,-1,-1,0.005264440198804936,-1,0.0010961327185049646,-1,-1,0.5,-1,-1,-1,-1
0.10541507169463227,-1,-1,-1,-1,-1,0.005270753584731613,-1,0.0010954760398800385,-1,-1,0.5,-1,-1,-1,-1
0.10554149083987166,-1,-1,-1,-1,-1,0.005277074541993583,-1,0.001094819754662597,-1,-1,0.5,-1,-1,-1,-1
0.10566806159341549,-1,-1,-1,-1,-1,0.005283403079670775,-1,0.0010941638626169562,-1,-1,0.5,-1,-1,-1,-1
0.10579478413708018,-1,-1,-1,-1,-1,0.0052897392068540095,-1,0.0010935083635075717,-1,-1,0.5,-1,-1,-1,-1
0.10592165865290028,-1,-1,-1,-1,-1,0.005296082932645014,-1,0.00109285325709904,-1,-1,0.5,-1,-1,-1,-1
0.10604868532312847,-1,-1,-1,-1,-1,0.005302434266156424,-1,0.0010921985431560997,-1,-1,0.5,-1,-1,-1,-1
0.10617586433023618,-1,-1,-1,-1,-1,0.005308793216511809,-1,0.0010915442214436298,-1,-1,0.5,-1,-1,-1,-1
0.10630319585691353,-1,-1,-1,-1,-1,0.005315159792845677,-1,0.0010908902917266504,-1,-1,0.5,-1,-1,-1,-1
0.10643068008606982,-1,-1,-1,-1,-1,0.005321534004303491,-1,0.0010902367537703214,-1,-1,0.5,-1,-1,-1,-1
0.10655831720083368,-1,-1,-1,-1,-1,0.0053279158600416845,-1,0.0010895836073399451,-1,-1,0.5,-1,-1,-1,-1
0.10668610738455331,-1,-1,-1,-1,-1,0.005334305369227666,-1,0.0010889308522009633,-1,-1,0.5,-1,-1,-1,-1
0.10681405082079688,-1,-1,-1,-1,-1,0.005340702541039844,-1,0.001088278488118958,-1,-1,0.5,-1,-1,-1,-1
0.10694214769335261,-1,-1,-1,-1,-1,0.005347107384667631,-1,0.0010876265148596527,-1,-1,0.5,-1,-1,-1,-1
0.10707039818622918,-1,-1,-1,-1,-1,0.00535351990931146,-1,0.0010869749321889104,-1,-1,0.5,-1,-1,-1,-1
0.10719880248365599,-1,-1,-1,-1,-1,0.0053599401241828,-1,0.0010863237398727344,-1,-1,0.5,-1,-1,-1,-1
0.10732736077008323,-1,-1,-1,-1,-1,0.0053663680385041615,-1,0.001085672937677269,-1,-1,0.5,-1,-1,-1,-1
0.10745607323018248,-1,-1,-1,-1,-1,0.005372803661509124,-1,0.0010850225253687975,-1,-1,0.5,-1,-1,-1,-1
0.10758494004884661,-1,-1,-1,-1,-1,0.005379247002442331,-1,0.0010843725027137442,-1,-1,0.5,-1,-1,-1,-1
0.10771396141119034,-1,-1,-1,-1,-1,0.005385698070559518,-1,0.001083722869478673,-1,-1,0.5,-1,-1,-1,-1
0.1078431375025504,-1,-1,-1,-1,-1,0.00539215687512752,-1,0.0010830736254302865,-1,-1,0.5,-1,-1,-1,-1
0.10797246850848566,-1,-1,-1,-1,-1,0.0053986234254242834,-1,0.0010824247703354294,-1,-1,0.5,-1,-1,-1,-1
0.10810195461477763,-1,-1,-1,-1,-1,0.005405097730738882,-1,0.001081776303961084,-1,-1,0.5,-1,-1,-1,-1
0.10823159600743064,-1,-1,-1,-1,-1,0.005411579800371533,-1,0.0010811282260743732,-1,-1,0.5,-1,-1,-1,-1
0.10836139287267196,-1,-1,-1,-1,-1,0.005418069643633599,-1,0.0010804805364425594,-1,-1,0.5,-1,-1,-1,-1
0.10849134539695232,-1,-1,-1,-1,-1,0.005424567269847616,-1,0.0010798332348330437,-1,-1,0.5,-1,-1,-1,-1
0.10862145376694597,-1,-1,-1,-1,-1,0.005431072688347299,-1,0.0010791863210133676,-1,-1,0.5,-1,-1,-1,-1
0.10875171816955108,-1,-1,-1,-1,-1,0.0054375859084775545,-1,0.0010785397947512111,-1,-1,0.5,-1,-1,-1,-1
0.10888213879188995,-1,-1,-1,-1,-1,0.0054441069395944975,-1,0.0010778936558143936,-1,-1,0.5,-1,-1,-1,-1
0.10901271582130923,-1,-1,-1,-1,-1,0.005450635791065462,-1,0.0010772479039708736,-1,-1,0.5,-1,-1,-1,-1
0.10914344944538033,-1,-1,-1,-1,-1,0.005457172472269017,-1,0.0010766025389887487,-1,-1,0.5,-1,-1,-1,-1
0.10927433985189954,-1,-1,-1,-1,-1,0.005463716992594977,-1,0.0010759575606362553,-1,-1,0.5,-1,-1,-1,-1
0.10940538722888839,-1,-1,-1,-1,-1,0.005470269361444419,-1,0.0010753129686817686,-1,-1,0.5,-1,-1,-1,-1
0.10953659176459393,-1,-1,-1,-1,-1,0.005476829588229697,-1,0.0010746687628938028,-1,-1,0.5,-1,-1,-1,-1
0.1096679536474889,-1,-1,-1,-1,-1,0.005483397682374445,-1,0.0010740249430410108,-1,-1,0.5,-1,-1,-1,-1
0.10979947306627211,-1,-1,-1,-1,-1,0.005489973653313606,-1,0.0010733815088921836,-1,-1,0.5,-1,-1,-1,-1
0.10993115020986863,-1,-1,-1,-1,-1,0.005496557510493431,-1,0.0010727384602162511,-1,-1,0.5,-1,-1,-1,-1
0.11006298526743014,-1,-1,-1,-1,-1,0.0055031492633715075,-1,0.0010720957967822818,-1,-1,0.5,-1,-1,-1,-1
0.11019497842833517,-1,-1,-1,-1,-1,0.005509748921416759,-1,0.001071453518359482,-1,-1,0.5,-1,-1,-1,-1
0.11032712988218928,-1,-1,-1,-1,-1,0.005516356494109464,-1,0.0010708116247171973,-1,-1,0.5,-1,-1,-1,-1
0.1104594398188255,-1,-1,-1,-1,-1,0.005522971990941275,-1,0.0010701701156249099,-1,-1,0.5,-1,-1,-1,-1
0.11059190842830452,-1,-1,-1,-1,-1,0.0055295954214152265,-1,0.0010695289908522413,-1,-1,0.5,-1,-1,-1,-1
0.11072453590091486,-1,-1,-1,-1,-1,0.005536226795045743,-1,0.001068888250168951,-1,-1,0.5,-1,-1,-1,-1
0.11085732242717337,-1,-1,-1,-1,-1,0.005542866121358669,-1,0.0010682478933449358,-1,-1,0.5,-1,-1,-1,-1
0.11099026819782527,-1,-1,-1,-1,-1,0.005549513409891264,-1,0.0010676079201502307,-1,-1,0.5,-1,-1,-1,-1
0.11112337340384461,-1,-1,-1,-1,-1,0.005556168670192231,-1,0.0010669683303550087,-1,-1,0.5,-1,-1,-1,-1
0.11125663823643446,-1,-1,-1,-1,-1,0.005562831911821723,-1,0.0010663291237295797,-1,-1,0.5,-1,-1,-1,-1
0.11139006288702712,-1,-1,-1,-1,-1,0.005569503144351356,-1,0.0010656903000443925,-1,-1,0.5,-1,-1,-1,-1
0.11152364754728455,-1,-1,-1,-1,-1,0.005576182377364228,-1,0.0010650518590700321,-1,-1,0.5,-1,-1,-1,-1
0.11165739240909849,-1,-1,-1,-1,-1,0.005582869620454924,-1,0.0010644138005772217,-1,-1,0.5,-1,-1,-1,-1
0.11179129766459085,-1,-1,-1,-1,-1,0.005589564883229543,-1,0.0010637761243368217,-1,-1,0.5,-1,-1,-1,-1
0.11192536350611397,-1,-1,-1,-1,-1,0.0055962681753056985,-1,0.0010631388301198294,-1,-1,0.5,-1,-1,-1,-1
0.11205959012625076,-1,-1,-1,-1,-1,0.005602979506312538,-1,0.00106250191769738,-1,-1,0.5,-1,-1,-1,-1
0.11219397771781524,-1,-1,-1,-1,-1,0.005609698885890762,-1,0.0010618653868407454,-1,-1,0.5,-1,-1,-1,-1
0.1123285264738525,-1,-1,-1,-1,-1,0.0056164263236926255,-1,0.0010612292373213344,-1,-1,0.5,-1,-1,-1,-1
0.11246323658763924,-1,-1,-1,-1,-1,0.005623161829381962,-1,0.0010605934689106931,-1,-1,0.5,-1,-1,-1,-1
0.11259810825268399,-1,-1,-1,-1,-1,0.0056299054126341995,-1,0.0010599580813805038,-1,-1,0.5,-1,-1,-1,-1
0.11273314166272717,-1,-1,-1,-1,-1,0.005636657083136359,-1,0.0010593230745025869,-1,-1,0.5,-1,-1,-1,-1
0.11286833701174177,-1,-1,-1,-1,-1,0.005643416850587089,-1,0.0010586884480488978,-1,-1,0.5,-1,-1,-1,-1
0.11300369449393319,-1,-1,-1,-1,-1,0.005650184724696659,-1,0.00105805420179153,-1,-1,0.5,-1,-1,-1,-1
0.11313921430373987,-1,-1,-1,-1,-1,0.005656960715186994,-1,0.0010574203355027125,-1,-1,0.5,-1,-1,-1,-1
0.11327489663583341,-1,-1,-1,-1,-1,0.005663744831791671,-1,0.0010567868489548113,-1,-1,0.5,-1,-1,-1,-1
0.1134107416851188,-1,-1,-1,-1,-1,0.0056705370842559406,-1,0.0010561537419203288,-1,-1,0.5,-1,-1,-1,-1
0.11354674964673486,-1,-1,-1,-1,-1,0.005677337482336744,-1,0.0010555210141719033,-1,-1,0.5,-1,-1,-1,-1
0.11368292071605436,-1,-1,-1,-1,-1,0.005684146035802719,-1,0.0010548886654823096,-1,-1,0.5,-1,-1,-1,-1
0.1138192550886844,-1,-1,-1,-1,-1,0.005690962754434221,-1,0.0010542566956244586,-1,-1,0.5,-1,-1,-1,-1
0.11395575296046671,-1,-1,-1,-1,-1,0.005697787648023336,-1,0.001053625104371397,-1,-1,0.5,-1,-1,-1,-1
0.11409241452747776,-1,-1,-1,-1,-1,0.005704620726373889,-1,0.001052993891496308,-1,-1,0.5,-1,-1,-1,-1
0.11422923998602928,-1,-1,-1,-1,-1,0.005711461999301465,-1,0.0010523630567725105,-1,-1,0.5,-1,-1,-1,-1
0.11436622953266842,-1,-1,-1,-1,-1,0.005718311476633421,-1,0.0010517325999734584,-1,-1,0.5,-1,-1,-1,-1
0.11450338336417794,-1,-1,-1,-1,-1,0.005725169168208897,-1,0.0010511025208727427,-1,-1,0.5,-1,-1,-1,-1
0.11464070167757671,-1,-1,-1,-1,-1,0.005732035083878836,-1,0.0010504728192440886,-1,-1,0.5,-1,-1,-1,-1
0.1147781846701198,-1,-1,-1,-1,-1,0.00573890923350599,-1,0.001049843494861358,-1,-1,0.5,-1,-1,-1,-1
0.11491583253929885,-1,-1,-1,-1,-1,0.005745791626964943,-1,0.0010492145474985482,-1,-1,0.5,-1,-1,-1,-1
0.1150536454828424,-1,-1,-1,-1,-1,0.005752682274142121,-1,0.0010485859769297906,-1,-1,0.5,-1,-1,-1,-1
0.11519162369871601,-1,-1,-1,-1,-1,0.005759581184935801,-1,0.001047957782929354,-1,-1,0.5,-1,-1,-1,-1
0.11532976738512278,-1,-1,-1,-1,-1,0.00576648836925614,-1,0.00104732996527164,-1,-1,0.5,-1,-1,-1,-1
0.11546807674050336,-1,-1,-1,-1,-1,0.005773403837025168,-1,0.001046702523731188,-1,-1,0.5,-1,-1,-1,-1
0.1156065519635365,-1,-1,-1,-1,-1,0.005780327598176826,-1,0.0010460754580826704,-1,-1,0.5,-1,-1,-1,-1
0.1157451932531392,-1,-1,-1,-1,-1,0.00578725966265696,-1,0.001045448768100895,-1,-1,0.5,-1,-1,-1,-1
0.1158840008084669,-1,-1,-1,-1,-1,0.0057942000404233454,-1,0.0010448224535608054,-1,-1,0.5,-1,-1,-1,-1
0.11602297482891404,-1,-1,-1,-1,-1,0.0058011487414457025,-1,0.0010441965142374795,-1,-1,0.5,-1,-1,-1,-1
0.11616211551411408,-1,-1,-1,-1,-1,0.005808105775705705,-1,0.0010435709499061292,-1,-1,0.5,-1,-1,-1,-1
0.1163014230639399,-1,-1,-1,-1,-1,0.005815071153196995,-1,0.0010429457603421026,-1,-1,0.5,-1,-1,-1,-1
0.11644089767850412,-1,-1,-1,-1,-1,0.005822044883925206,-1,0.001042320945320881,-1,-1,0.5,-1,-1,-1,-1
0.11658053955815927,-1,-1,-1,-1,-1,0.005829026977907964,-1,0.001041696504618081,-1,-1,0.5,-1,-1,-1,-1
0.11672034890349824,-1,-1,-1,-1,-1,0.005836017445174912,-1,0.0010410724380094532,-1,-1,0.5,-1,-1,-1,-1
0.11686032591535446,-1,-1,-1,-1,-1,0.005843016295767723,-1,0.001040448745270883,-1,-1,0.5,-1,-1,-1,-1
0.11700047079480215,-1,-1,-1,-1,-1,0.005850023539740108,-1,0.0010398254261783893,-1,-1,0.5,-1,-1,-1,-1
0.11714078374315676,-1,-1,-1,-1,-1,0.005857039187157838,-1,0.0010392024805081263,-1,-1,0.5,-1,-1,-1,-1
0.11728126496197505,-1,-1,-1,-1,-1,0.005864063248098753,-1,0.001038579908036381,-1,-1,0.5,-1,-1,-1,-1
0.11742191465305561,-1,-1,-1,-1,-1,0.005871095732652781,-1,0.001037957708539576,-1,-1,0.5,-1,-1,-1,-1
0.11756273301843902,-1,-1,-1,-1,-1,0.005878136650921951,-1,0.001037335881794266,-1,-1,0.5,-1,-1,-1,-1
0.11770372026040805,-1,-1,-1,-1,-1,0.005885186013020403,-1,0.0010367144275771412,-1,-1,0.5,-1,-1,-1,-1
0.11784487658148823,-1,-1,-1,-1,-1,0.005892243829074412,-1,0.0010360933456650245,-1,-1,0.5,-1,-1,-1,-1
0.11798620218444782,-1,-1,-1,-1,-1,0.005899310109222391,-1,0.0010354726358348728,-1,-1,0.5,-1,-1,-1,-1
0.1181276972722983,-1,-1,-1,-1,-1,0.0059063848636149155,-1,0.0010348522978637772,-1,-1,0.5,-1,-1,-1,-1
0.11826936204829468,-1,-1,-1,-1,-1,0.0059134681024147345,-1,0.0010342323315289613,-1,-1,0.5,-1,-1,-1,-1
0.1184111967159356,-1,-1,-1,-1,-1,0.0059205598357967805,-1,0.0010336127366077832,-1,-1,0.5,-1,-1,-1,-1
0.11855320147896385,-1,-1,-1,-1,-1,0.005927660073948193,-1,0.0010329935128777334,-1,-1,0.5,-1,-1,-1,-1
0.11869537654136647,-1,-1,-1,-1,-1,0.0059347688270683235,-1,0.0010323746601164367,-1,-1,0.5,-1,-1,-1,-1
0.11883772210737521,-1,-1,-1,-1,-1,0.005941886105368761,-1,0.0010317561781016504,-1,-1,0.5,-1,-1,-1,-1
0.11898023838146675,-1,-1,-1,-1,-1,0.005949011919073338,-1,0.0010311380666112651,-1,-1,0.5,-1,-1,-1,-1
0.11912292556836289,-1,-1,-1,-1,-1,0.005956146278418145,-1,0.0010305203254233047,-1,-1,0.5,-1,-1,-1,-1
0.11926578387303106,-1,-1,-1,-1,-1,0.005963289193651553,-1,0.0010299029543159256,-1,-1,0.5,-1,-1,-1,-1
0.11940881350068439,-1,-1,-1,-1,-1,0.00597044067503422,-1,0.0010292859530674177,-1,-1,0.5,-1,-1,-1,-1
0.11955201465678218,-1,-1,-1,-1,-1,0.005977600732839109,-1,0.0010286693214562035,-1,-1,0.5,-1,-1,-1,-1
0.11969538754703017,-1,-1,-1,-1,-1,0.005984769377351509,-1,0.0010280530592608381,-1,-1,0.5,-1,-1,-1,-1
0.11983893237738066,-1,-1,-1,-1,-1,0.005991946618869034,-1,0.001027437166260009,-1,-1,0.5,-1,-1,-1,-1
0.11998264935403308,-1,-1,-1,-1,-1,0.005999132467701654,-1,0.001026821642232537,-1,-1,0.5,-1,-1,-1,-1
0.12012653868343401,-1,-1,-1,-1,-1,0.006006326934171701,-1,0.001026206486957375,-1,-1,0.5,-1,-1,-1,-1
0.12027060057227773,-1,-1,-1,-1,-1,0.006013530028613887,-1,0.0010255917002136084,-1,-1,0.5,-1,-1,-1,-1
0.12041483522750634,-1,-1,-1,-1,-1,0.006020741761375317,-1,0.0010249772817804545,-1,-1,0.5,-1,-1,-1,-1
0.12055924285631012,-1,-1,-1,-1,-1,0.006027962142815506,-1,0.001024363231437264,-1,-1,0.5,-1,-1,-1,-1
0.12070382366612785,-1,-1,-1,-1,-1,0.006035191183306393,-1,0.0010237495489635185,-1,-1,0.5,-1,-1,-1,-1
0.12084857786464699,-1,-1,-1,-1,-1,0.00604242889323235,-1,0.0010231362341388325,-1,-1,0.5,-1,-1,-1,-1
0.12099350565980421,-1,-1,-1,-1,-1,0.006049675282990211,-1,0.0010225232867429523,-1,-1,0.5,-1,-1,-1,-1
0.12113860725978547,-1,-1,-1,-1,-1,0.0060569303629892735,-1,0.0010219107065557562,-1,-1,0.5,-1,-1,-1,-1
0.12128388287302636,-1,-1,-1,-1,-1,0.0060641941436513185,-1,0.001021298493357254,-1,-1,0.5,-1,-1,-1,-1
0.12142933270821253,-1,-1,-1,-1,-1,0.006071466635410627,-1,0.0010206866469275881,-1,-1,0.5,-1,-1,-1,-1
0.1215749569742798,-1,-1,-1,-1,-1,0.00607874784871399,-1,0.0010200751670470319,-1,-1,0.5,-1,-1,-1,-1
0.12172075588041463,-1,-1,-1,-1,-1,0.006086037794020732,-1,0.0010194640534959907,-1,-1,0.5,-1,-1,-1,-1
0.12186672963605434,-1,-1,-1,-1,-1,0.006093336481802717,-1,0.0010188533060550013,-1,-1,0.5,-1,-1,-1,-1
0.12201287845088735,-1,-1,-1,-1,-1,0.0061006439225443675,-1,0.001018242924504732,-1,-1,0.5,-1,-1,-1,-1
0.12215920253485363,-1,-1,-1,-1,-1,0.006107960126742681,-1,0.0010176329086259825,-1,-1,0.5,-1,-1,-1,-1
0.12230570209814491,-1,-1,-1,-1,-1,0.006115285104907246,-1,0.0010170232581996838,-1,-1,0.5,-1,-1,-1,-1
0.12245237735120491,-1,-1,-1,-1,-1,0.006122618867560246,-1,0.0010164139730068982,-1,-1,0.5,-1,-1,-1,-1
0.12259922850472986,-1,-1,-1,-1,-1,0.006129961425236493,-1,0.0010158050528288193,-1,-1,0.5,-1,-1,-1,-1
0.12274625576966851,-1,-1,-1,-1,-1,0.006137312788483426,-1,0.0010151964974467714,-1,-1,0.5,-1,-1,-1,-1
0.12289345935722272,-1,-1,-1,-1,-1,0.006144672967861136,-1,0.0010145883066422102,-1,-1,0.5,-1,-1,-1,-1
0.12304083947884763,-1,-1,-1,-1,-1,0.006152041973942382,-1,0.0010139804801967218,-1,-1,0.5,-1,-1,-1,-1
0.12318839634625184,-1,-1,-1,-1,-1,0.006159419817312592,-1,0.001013373017892024,-1,-1,0.5,-1,-1,-1,-1
0.12333613017139797,-1,-1,-1,-1,-1,0.006166806508569898,-1,0.0010127659195099644,-1,-1,0.5,-1,-1,-1,-1
0.12348404116650283,-1,-1,-1,-1,-1,0.006174202058325142,-1,0.001012159184832522,-1,-1,0.5,-1,-1,-1,-1
0.12363212954403763,-1,-1,-1,-1,-1,0.006181606477201881,-1,0.0010115528136418063,-1,-1,0.5,-1,-1,-1,-1
0.12378039551672851,-1,-1,-1,-1,-1,0.006189019775836426,-1,0.0010109468057200564,-1,-1,0.5,-1,-1,-1,-1
0.1239288392975566,-1,-1,-1,-1,-1,0.006196441964877831,-1,0.001010341160849644,-1,-1,0.5,-1,-1,-1,-1
0.12407746109975856,-1,-1,-1,-1,-1,0.006203873054987929,-1,0.0010097358788130686,-1,-1,0.5,-1,-1,-1,-1
0.12422626113682673,-1,-1,-1,-1,-1,0.006211313056841337,-1,0.0010091309593929622,-1,-1,0.5,-1,-1,-1,-1
0.12437523962250945,-1,-1,-1,-1,-1,0.006218761981125472,-1,0.0010085264023720853,-1,-1,0.5,-1,-1,-1,-1
0.12452439677081145,-1,-1,-1,-1,-1,0.006226219838540573,-1,0.0010079222075333298,-1,-1,0.5,-1,-1,-1,-1
0.12467373279599404,-1,-1,-1,-1,-1,0.006233686639799702,-1,0.0010073183746597172,-1,-1,0.5,-1,-1,-1,-1
0.12482324791257556,-1,-1,-1,-1,-1,0.006241162395628778,-1,0.0010067149035343987,-1,-1,0.5,-1,-1,-1,-1
0.12497294233533159,-1,-1,-1,-1,-1,0.0062486471167665794,-1,0.0010061117939406555,-1,-1,0.5,-1,-1,-1,-1
0.1251228162792952,-1,-1,-1,-1,-1,0.0062561408139647605,-1,0.0010055090456618993,-1,-1,0.5,-1,-1,-1,-1
0.12527286995975748,-1,-1,-1,-1,-1,0.006263643497987874,-1,0.0010049066584816707,-1,-1,0.5,-1,-1,-1,-1
0.12542310359226755,-1,-1,-1,-1,-1,0.006271155179613378,-1,0.0010043046321836409,-1,-1,0.5,-1,-1,-1,-1
0.12557351739263317,-1,-1,-1,-1,-1,0.006278675869631659,-1,0.0010037029665516093,-1,-1,0.5,-1,-1,-1,-1
0.12572411157692087,-1,-1,-1,-1,-1,0.006286205578846044,-1,0.0010031016613695062,-1,-1,0.5,-1,-1,-1,-1
0.1258748863614562,-1,-1,-1,-1,-1,0.00629374431807281,-1,0.0010025007164213909,-1,-1,0.5,-1,-1,-1,-1
0.12602584196282426,-1,-1,-1,-1,-1,0.006301292098141214,-1,0.0010019001314914516,-1,-1,0.5,-1,-1,-1,-1
0.1261769785978698,-1,-1,-1,-1,-1,0.006308848929893491,-1,0.0010012999063640066,-1,-1,0.5,-1,-1,-1,-1
0.1263282964836977,-1,-1,-1,-1,-1,0.0063164148241848855,-1,0.0010007000408235025,-1,-1,0.5,-1,-1,-1,-1
0.12647979583767321,-1,-1,-1,-1,-1,0.006323989791883661,-1,0.0010001005346545158,-1,-1,0.5,-1,-1,-1,-1
0.12663147687742213,-1,-1,-1,-1,-1,0.006331573843871107,-1,0.000999501387641752,-1,-1,0.5,-1,-1,-1,-1
0.1267833398208314,-1,-1,-1,-1,-1,0.00633916699104157,-1,0.0009989025995700447,-1,-1,0.5,-1,-1,-1,-1
0.12693538488604914,-1,-1,-1,-1,-1,0.006346769244302457,-1,0.0009983041702243576,-1,-1,0.5,-1,-1,-1,-1
0.12708761229148513,-1,-1,-1,-1,-1,0.006354380614574257,-1,0.0009977060993897828,-1,-1,0.5,-1,-1,-1,-1
0.12724002225581119,-1,-1,-1,-1,-1,0.00636200111279056,-1,0.0009971083868515402,-1,-1,0.5,-1,-1,-1,-1
0.12739261499796115,-1,-1,-1,-1,-1,0.006369630749898058,-1,0.00099651103239498,-1,-1,0.5,-1,-1,-1,-1
0.1275453907371316,-1,-1,-1,-1,-1,0.00637726953685658,-1,0.00099591403580558,-1,-1,0.5,-1,-1,-1,-1
0.12769834969278185,-1,-1,-1,-1,-1,0.006384917484639093,-1,0.000995317396868947,-1,-1,0.5,-1,-1,-1,-1
0.12785149208463456,-1,-1,-1,-1,-1,0.006392574604231729,-1,0.0009947211153708152,-1,-1,0.5,-1,-1,-1,-1
0.12800481813267578,-1,-1,-1,-1,-1,0.0064002409066337895,-1,0.0009941251910970486,-1,-1,0.5,-1,-1,-1,-1
0.12815832805715538,-1,-1,-1,-1,-1,0.006407916402857769,-1,0.0009935296238336383,-1,-1,0.5,-1,-1,-1,-1
0.12831202207858744,-1,-1,-1,-1,-1,0.006415601103929372,-1,0.0009929344133667044,-1,-1,0.5,-1,-1,-1,-1
0.12846590041775036,-1,-1,-1,-1,-1,0.006423295020887518,-1,0.000992339559482495,-1,-1,0.5,-1,-1,-1,-1
0.12861996329568742,-1,-1,-1,-1,-1,0.006430998164784371,-1,0.0009917450619673857,-1,-1,0.5,-1,-1,-1,-1
0.12877421093370703,-1,-1,-1,-1,-1,0.006438710546685352,-1,0.0009911509206078808,-1,-1,0.5,-1,-1,-1,-1
0.12892864355338282,-1,-1,-1,-1,-1,0.006446432177669142,-1,0.0009905571351906122,-1,-1,0.5,-1,-1,-1,-1
0.1290832613765543,-1,-1,-1,-1,-1,0.006454163068827715,-1,0.0009899637055023394,-1,-1,0.5,-1,-1,-1,-1
0.12923806462532703,-1,-1,-1,-1,-1,0.006461903231266351,-1,0.0009893706313299497,-1,-1,0.5,-1,-1,-1,-1
0.12939305352207275,-1,-1,-1,-1,-1,0.006469652676103638,-1,0.000988777912460459,-1,-1,0.5,-1,-1,-1,-1
0.12954822828943013,-1,-1,-1,-1,-1,0.006477411414471507,-1,0.000988185548681009,-1,-1,0.5,-1,-1,-1,-1
0.12970358915030464,-1,-1,-1,-1,-1,0.006485179457515232,-1,0.0009875935397788706,-1,-1,0.5,-1,-1,-1,-1
0.12985913632786913,-1,-1,-1,-1,-1,0.006492956816393457,-1,0.0009870018855414413,-1,-1,0.5,-1,-1,-1,-1
0.1300148700455642,-1,-1,-1,-1,-1,0.00650074350227821,-1,0.0009864105857562463,-1,-1,0.5,-1,-1,-1,-1
0.13017079052709818,-1,-1,-1,-1,-1,0.006508539526354909,-1,0.000985819640210938,-1,-1,0.5,-1,-1,-1,-1
0.13032689799644792,-1,-1,-1,-1,-1,0.006516344899822397,-1,0.0009852290486932957,-1,-1,0.5,-1,-1,-1,-1
0.13048319267785874,-1,-1,-1,-1,-1,0.006524159633892937,-1,0.0009846388109912264,-1,-1,0.5,-1,-1,-1,-1
0.1306396747958449,-1,-1,-1,-1,-1,0.006531983739792246,-1,0.0009840489268927635,-1,-1,0.5,-1,-1,-1,-1
0.13079634457519,-1,-1,-1,-1,-1,0.0065398172287595,-1,0.0009834593961860678,-1,-1,0.5,-1,-1,-1,-1
0.130953202240947,-1,-1,-1,-1,-1,0.006547660112047351,-1,0.0009828702186594276,-1,-1,0.5,-1,-1,-1,-1
0.131110248018439,-1,-1,-1,-1,-1,0.006555512400921951,-1,0.0009822813941012564,-1,-1,0.5,-1,-1,-1,-1
0.13126748213325926,-1,-1,-1,-1,-1,0.0065633741066629635,-1,0.0009816929223000963,-1,-1,0.5,-1,-1,-1,-1
0.1314249048112714,-1,-1,-1,-1,-1,0.00657124524056357,-1,0.0009811048030446148,-1,-1,0.5,-1,-1,-1,-1
0.13158251627861012,-1,-1,-1,-1,-1,0.006579125813930506,-1,0.0009805170361236065,-1,-1,0.5,-1,-1,-1,-1
0.13174031676168124,-1,-1,-1,-1,-1,0.006587015838084062,-1,0.0009799296213259924,-1,-1,0.5,-1,-1,-1,-1
0.13189830648716205,-1,-1,-1,-1,-1,0.006594915324358103,-1,0.0009793425584408203,-1,-1,0.5,-1,-1,-1,-1
0.1320564856820018,-1,-1,-1,-1,-1,0.00660282428410009,-1,0.0009787558472572641,-1,-1,0.5,-1,-1,-1,-1
0.13221485457342175,-1,-1,-1,-1,-1,0.006610742728671088,-1,0.0009781694875646235,-1,-1,0.5,-1,-1,-1,-1
0.1323734133889158,-1,-1,-1,-1,-1,0.006618670669445791,-1,0.0009775834791523256,-1,-1,0.5,-1,-1,-1,-1
0.1325321623562506,-1,-1,-1,-1,-1,0.00662660811781253,-1,0.0009769978218099227,-1,-1,0.5,-1,-1,-1,-1
0.13269110170346593,-1,-1,-1,-1,-1,0.006634555085173297,-1,0.0009764125153270934,-1,-1,0.5,-1,-1,-1,-1
0.13285023165887513,-1,-1,-1,-1,-1,0.006642511582943757,-1,0.0009758275594936422,-1,-1,0.5,-1,-1,-1,-1
0.13300955245106527,-1,-1,-1,-1,-1,0.006650477622553264,-1,0.0009752429540995003,-1,-1,0.5,-1,-1,-1,-1
0.13316906430889758,-1,-1,-1,-1,-1,0.006658453215444879,-1,0.0009746586989347235,-1,-1,0.5,-1,-1,-1,-1
0.13332876746150774,-1,-1,-1,-1,-1,0.006666438373075387,-1,0.0009740747937894943,-1,-1,0.5,-1,-1,-1,-1
0.13348866213830624,-1,-1,-1,-1,-1,0.006674433106915312,-1,0.0009734912384541209,-1,-1,0.5,-1,-1,-1,-1
0.13364874856897868,-1,-1,-1,-1,-1,0.006682437428448935,-1,0.000972908032719036,-1,-1,0.5,-1,-1,-1,-1
0.1338090269834861,-1,-1,-1,-1,-1,0.006690451349174305,-1,0.0009723251763747997,-1,-1,0.5,-1,-1,-1,-1
0.1339694976120654,-1,-1,-1,-1,-1,0.00669847488060327,-1,0.0009717426692120956,-1,-1,0.5,-1,-1,-1,-1
0.1341301606852294,-1,-1,-1,-1,-1,0.00670650803426147,-1,0.0009711605110217345,-1,-1,0.5,-1,-1,-1,-1
0.1342910164337676,-1,-1,-1,-1,-1,0.00671455082168838,-1,0.0009705787015946512,-1,-1,0.5,-1,-1,-1,-1
0.13445206508874613,-1,-1,-1,-1,-1,0.006722603254437307,-1,0.0009699972407219062,-1,-1,0.5,-1,-1,-1,-1
0.13461330688150822,-1,-1,-1,-1,-1,0.006730665344075411,-1,0.0009694161281946856,-1,-1,0.5,-1,-1,-1,-1
0.13477474204367465,-1,-1,-1,-1,-1,0.006738737102183733,-1,0.0009688353638042998,-1,-1,0.5,-1,-1,-1,-1
0.13493637080714382,-1,-1,-1,-1,-1,0.006746818540357191,-1,0.0009682549473421849,-1,-1,0.5,-1,-1,-1,-1
0.13509819340409238,-1,-1,-1,-1,-1,0.006754909670204619,-1,0.0009676748785999013,-1,-1,0.5,-1,-1,-1,-1
0.13526021006697533,-1,-1,-1,-1,-1,0.006763010503348767,-1,0.000967095157369135,-1,-1,0.5,-1,-1,-1,-1
0.13542242102852642,-1,-1,-1,-1,-1,0.006771121051426321,-1,0.0009665157834416966,-1,-1,0.5,-1,-1,-1,-1
0.13558482652175866,-1,-1,-1,-1,-1,0.006779241326087933,-1,0.0009659367566095206,-1,-1,0.5,-1,-1,-1,-1
0.13574742677996424,-1,-1,-1,-1,-1,0.006787371338998212,-1,0.0009653580766646675,-1,-1,0.5,-1,-1,-1,-1
0.13591022203671538,-1,-1,-1,-1,-1,0.00679551110183577,-1,0.0009647797433993214,-1,-1,0.5,-1,-1,-1,-1
0.13607321252586432,-1,-1,-1,-1,-1,0.0068036606262932165,-1,0.0009642017566057909,-1,-1,0.5,-1,-1,-1,-1
0.13623639848154365,-1,-1,-1,-1,-1,0.006811819924077183,-1,0.0009636241160765099,-1,-1,0.5,-1,-1,-1,-1
0.13639978013816695,-1,-1,-1,-1,-1,0.006819989006908347,-1,0.0009630468216040354,-1,-1,0.5,-1,-1,-1,-1
0.13656335773042866,-1,-1,-1,-1,-1,0.006828167886521433,-1,0.0009624698729810502,-1,-1,0.5,-1,-1,-1,-1
0.1367271314933049,-1,-1,-1,-1,-1,0.006836356574665245,-1,0.0009618932700003596,-1,-1,0.5,-1,-1,-1,-1
0.1368911016620535,-1,-1,-1,-1,-1,0.006844555083102676,-1,0.0009613170124548944,-1,-1,0.5,-1,-1,-1,-1
0.13705526847221447,-1,-1,-1,-1,-1,0.006852763423610724,-1,0.0009607411001377085,-1,-1,0.5,-1,-1,-1,-1
0.13721963215961017,-1,-1,-1,-1,-1,0.006860981607980508,-1,0.0009601655328419806,-1,-1,0.5,-1,-1,-1,-1
0.13738419296034587,-1,-1,-1,-1,-1,0.006869209648017294,-1,0.0009595903103610128,-1,-1,0.5,-1,-1,-1,-1
0.13754895111080997,-1,-1,-1,-1,-1,0.006877447555540499,-1,0.0009590154324882311,-1,-1,0.5,-1,-1,-1,-1
0.13771390684767434,-1,-1,-1,-1,-1,0.006885695342383718,-1,0.0009584408990171854,-1,-1,0.5,-1,-1,-1,-1
0.1378790604078948,-1,-1,-1,-1,-1,0.00689395302039474,-1,0.0009578667097415486,-1,-1,0.5,-1,-1,-1,-1
0.1380444120287111,-1,-1,-1,-1,-1,0.006902220601435555,-1,0.0009572928644551185,-1,-1,0.5,-1,-1,-1,-1
0.1382099619476477,-1,-1,-1,-1,-1,0.006910498097382385,-1,0.0009567193629518154,-1,-1,0.5,-1,-1,-1,-1
0.13837571040251384,-1,-1,-1,-1,-1,0.006918785520125693,-1,0.0009561462050256836,-1,-1,0.5,-1,-1,-1,-1
0.13854165763140394,-1,-1,-1,-1,-1,0.006927082881570197,-1,0.0009555733904708901,-1,-1,0.5,-1,-1,-1,-1
0.13870780387269804,-1,-1,-1,-1,-1,0.006935390193634903,-1,0.0009550009190817259,-1,-1,0.5,-1,-1,-1,-1
0.13887414936506193,-1,-1,-1,-1,-1,0.006943707468253096,-1,0.0009544287906526051,-1,-1,0.5,-1,-1,-1,-1
0.1390406943474477,-1,-1,-1,-1,-1,0.006952034717372386,-1,0.0009538570049780651,-1,-1,0.5,-1,-1,-1,-1
0.139207439059094,-1,-1,-1,-1,-1,0.0069603719529547,-1,0.0009532855618527656,-1,-1,0.5,-1,-1,-1,-1
0.13937438373952632,-1,-1,-1,-1,-1,0.006968719186976316,-1,0.0009527144610714902,-1,-1,0.5,-1,-1,-1,-1
0.13954152862855757,-1,-1,-1,-1,-1,0.006977076431427878,-1,0.0009521437024291449,-1,-1,0.5,-1,-1,-1,-1
0.139708873966288,-1,-1,-1,-1,-1,0.0069854436983144,-1,0.0009515732857207592,-1,-1,0.5,-1,-1,-1,-1
0.13987641999310607,-1,-1,-1,-1,-1,0.006993820999655304,-1,0.0009510032107414846,-1,-1,0.5,-1,-1,-1,-1
0.1400441669496883,-1,-1,-1,-1,-1,0.007002208347484416,-1,0.0009504334772865959,-1,-1,0.5,-1,-1,-1,-1
0.14021211507699996,-1,-1,-1,-1,-1,0.0070106057538499985,-1,0.0009498640851514905,-1,-1,0.5,-1,-1,-1,-1
0.14038026461629535,-1,-1,-1,-1,-1,0.007019013230814768,-1,0.0009492950341316878,-1,-1,0.5,-1,-1,-1,-1
0.14054861580911793,-1,-1,-1,-1,-1,0.007027430790455896,-1,0.0009487263240228304,-1,-1,0.5,-1,-1,-1,-1
0.140717168897301,-1,-1,-1,-1,-1,0.00703585844486505,-1,0.0009481579546206828,-1,-1,0.5,-1,-1,-1,-1
0.1408859241229677,-1,-1,-1,-1,-1,0.007044296206148385,-1,0.0009475899257211327,-1,-1,0.5,-1,-1,-1,-1
0.14105488172853173,-1,-1,-1,-1,-1,0.007052744086426587,-1,0.0009470222371201891,-1,-1,0.5,-1,-1,-1,-1
0.14122404195669738,-1,-1,-1,-1,-1,0.0070612020978348695,-1,0.0009464548886139835,-1,-1,0.5,-1,-1,-1,-1
0.14139340505046005,-1,-1,-1,-1,-1,0.007069670252523003,-1,0.0009458878799987696,-1,-1,0.5,-1,-1,-1,-1
0.14156297125310655,-1,-1,-1,-1,-1,0.007078148562655328,-1,0.0009453212110709235,-1,-1,0.5,-1,-1,-1,-1
0.14173274080821538,-1,-1,-1,-1,-1,0.007086637040410769,-1,0.000944754881626943,-1,-1,0.5,-1,-1,-1,-1
0.14190271395965726,-1,-1,-1,-1,-1,0.007095135697982863,-1,0.0009441888914634474,-1,-1,0.5,-1,-1,-1,-1
0.14207289095159534,-1,-1,-1,-1,-1,0.007103644547579767,-1,0.0009436232403771787,-1,-1,0.5,-1,-1,-1,-1
0.14224327202848552,-1,-1,-1,-1,-1,0.007112163601424276,-1,0.0009430579281649999,-1,-1,0.5,-1,-1,-1,-1
0.14241385743507698,-1,-1,-1,-1,-1,0.007120692871753849,-1,0.0009424929546238962,-1,-1,0.5,-1,-1,-1,-1
0.14258464741641225,-1,-1,-1,-1,-1,0.007129232370820613,-1,0.0009419283195509742,-1,-1,0.5,-1,-1,-1,-1
0.1427556422178279,-1,-1,-1,-1,-1,0.0071377821108913955,-1,0.000941364022743462,-1,-1,0.5,-1,-1,-1,-1
0.14292684208495465,-1,-1,-1,-1,-1,0.007146342104247733,-1,0.0009408000639987093,-1,-1,0.5,-1,-1,-1,-1
0.14309824726371775,-1,-1,-1,-1,-1,0.007154912363185888,-1,0.0009402364431141873,-1,-1,0.5,-1,-1,-1,-1
0.14326985800033745,-1,-1,-1,-1,-1,0.007163492900016873,-1,0.0009396731598874882,-1,-1,0.5,-1,-1,-1,-1
0.1434416745413292,-1,-1,-1,-1,-1,0.00717208372706646,-1,0.0009391102141163256,-1,-1,0.5,-1,-1,-1,-1
0.14361369713350416,-1,-1,-1,-1,-1,0.007180684856675209,-1,0.0009385476055985344,-1,-1,0.5,-1,-1,-1,-1
0.14378592602396947,-1,-1,-1,-1,-1,0.007189296301198474,-1,0.0009379853341320709,-1,-1,0.5,-1,-1,-1,-1
0.14395836146012853,-1,-1,-1,-1,-1,0.007197918073006427,-1,0.000937423399515012,-1,-1,0.5,-1,-1,-1,-1
0.14413100368968154,-1,-1,-1,-1,-1,0.007206550184484077,-1,0.0009368618015455552,-1,-1,0.5,-1,-1,-1,-1
0.14430385296062567,-1,-1,-1,-1,-1,0.007215192648031284,-1,0.00093630054002202,-1,-1,0.5,-1,-1,-1,-1
0.1444769095212556,-1,-1,-1,-1,-1,0.007223845476062781,-1,0.0009357396147428454,-1,-1,0.5,-1,-1,-1,-1
0.14465017362016372,-1,-1,-1,-1,-1,0.007232508681008186,-1,0.0009351790255065926,-1,-1,0.5,-1,-1,-1,-1
0.14482364550624052,-1,-1,-1,-1,-1,0.007241182275312026,-1,0.0009346187721119422,-1,-1,0.5,-1,-1,-1,-1
0.14499732542867505,-1,-1,-1,-1,-1,0.007249866271433753,-1,0.000934058854357696,-1,-1,0.5,-1,-1,-1,-1
0.14517121363695504,-1,-1,-1,-1,-1,0.007258560681847753,-1,0.0009334992720427766,-1,-1,0.5,-1,-1,-1,-1
0.14534531038086762,-1,-1,-1,-1,-1,0.007267265519043381,-1,0.0009329400249662265,-1,-1,0.5,-1,-1,-1,-1
0.14551961591049936,-1,-1,-1,-1,-1,0.007275980795524968,-1,0.0009323811129272087,-1,-1,0.5,-1,-1,-1,-1
0.1456941304762368,-1,-1,-1,-1,-1,0.00728470652381184,-1,0.0009318225357250068,-1,-1,0.5,-1,-1,-1,-1
0.14586885432876667,-1,-1,-1,-1,-1,0.007293442716438334,-1,0.0009312642931590246,-1,-1,0.5,-1,-1,-1,-1
0.14604378771907647,-1,-1,-1,-1,-1,0.007302189385953824,-1,0.0009307063850287858,-1,-1,0.5,-1,-1,-1,-1
0.14621893089845456,-1,-1,-1,-1,-1,0.007310946544922728,-1,0.0009301488111339341,-1,-1,0.5,-1,-1,-1,-1
0.14639428411849073,-1,-1,-1,-1,-1,0.007319714205924537,-1,0.0009295915712742341,-1,-1,0.5,-1,-1,-1,-1
0.14656984763107653,-1,-1,-1,-1,-1,0.0073284923815538265,-1,0.0009290346652495693,-1,-1,0.5,-1,-1,-1,-1
0.14674562168840544,-1,-1,-1,-1,-1,0.007337281084420272,-1,0.0009284780928599437,-1,-1,0.5,-1,-1,-1,-1
0.14692160654297362,-1,-1,-1,-1,-1,0.007346080327148681,-1,0.0009279218539054808,-1,-1,0.5,-1,-1,-1,-1
0.14709780244757975,-1,-1,-1,-1,-1,0.007354890122378988,-1,0.0009273659481864243,-1,-1,0.5,-1,-1,-1,-1
0.14727420965532592,-1,-1,-1,-1,-1,0.007363710482766296,-1,0.0009268103755031373,-1,-1,0.5,-1,-1,-1,-1
0.1474508284196177,-1,-1,-1,-1,-1,0.007372541420980885,-1,0.000926255135656102,-1,-1,0.5,-1,-1,-1,-1
0.1476276589941644,-1,-1,-1,-1,-1,0.007381382949708221,-1,0.0009257002284459211,-1,-1,0.5,-1,-1,-1,-1
0.14780470163297985,-1,-1,-1,-1,-1,0.0073902350816489925,-1,0.0009251456536733157,-1,-1,0.5,-1,-1,-1,-1
0.14798195659038224,-1,-1,-1,-1,-1,0.007399097829519113,-1,0.0009245914111391275,-1,-1,0.5,-1,-1,-1,-1
0.14815942412099492,-1,-1,-1,-1,-1,0.007407971206049746,-1,0.0009240375006443165,-1,-1,0.5,-1,-1,-1,-1
0.1483371044797466,-1,-1,-1,-1,-1,0.00741685522398733,-1,0.0009234839219899621,-1,-1,0.5,-1,-1,-1,-1
0.14851499792187162,-1,-1,-1,-1,-1,0.007425749896093581,-1,0.0009229306749772637,-1,-1,0.5,-1,-1,-1,-1
0.1486931047029105,-1,-1,-1,-1,-1,0.0074346552351455255,-1,0.0009223777594075385,-1,-1,0.5,-1,-1,-1,-1
0.14887142507871012,-1,-1,-1,-1,-1,0.007443571253935507,-1,0.0009218251750822237,-1,-1,0.5,-1,-1,-1,-1
0.14904995930542425,-1,-1,-1,-1,-1,0.0074524979652712126,-1,0.0009212729218028752,-1,-1,0.5,-1,-1,-1,-1
0.14922870763951393,-1,-1,-1,-1,-1,0.0074614353819756965,-1,0.0009207209993711676,-1,-1,0.5,-1,-1,-1,-1
0.14940767033774757,-1,-1,-1,-1,-1,0.007470383516887379,-1,0.0009201694075888947,-1,-1,0.5,-1,-1,-1,-1
0.14958684765720168,-1,-1,-1,-1,-1,0.007479342382860084,-1,0.0009196181462579683,-1,-1,0.5,-1,-1,-1,-1
0.14976623985526094,-1,-1,-1,-1,-1,0.007488311992763047,-1,0.0009190672151804198,-1,-1,0.5,-1,-1,-1,-1
0.1499458471896188,-1,-1,-1,-1,-1,0.007497292359480941,-1,0.0009185166141583986,-1,-1,0.5,-1,-1,-1,-1
0.15012566991827778,-1,-1,-1,-1,-1,0.007506283495913889,-1,0.0009179663429941729,-1,-1,0.5,-1,-1,-1,-1
0.15030570829954962,-1,-1,-1,-1,-1,0.007515285414977481,-1,0.0009174164014901292,-1,-1,0.5,-1,-1,-1,-1
0.15048596259205604,-1,-1,-1,-1,-1,0.007524298129602803,-1,0.0009168667894487723,-1,-1,0.5,-1,-1,-1,-1
0.1506664330547288,-1,-1,-1,-1,-1,0.00753332165273644,-1,0.0009163175066727257,-1,-1,0.5,-1,-1,-1,-1
0.15084711994681022,-1,-1,-1,-1,-1,0.007542355997340511,-1,0.0009157685529647309,-1,-1,0.5,-1,-1,-1,-1
0.15102802352785358,-1,-1,-1,-1,-1,0.007551401176392679,-1,0.0009152199281276472,-1,-1,0.5,-1,-1,-1,-1
0.15120914405772326,-1,-1,-1,-1,-1,0.007560457202886163,-1,0.0009146716319644529,-1,-1,0.5,-1,-1,-1,-1
0.15139048179659548,-1,-1,-1,-1,-1,0.007569524089829774,-1,0.0009141236642782433,-1,-1,0.5,-1,-1,-1,-1
0.15157203700495833,-1,-1,-1,-1,-1,0.007578601850247917,-1,0.0009135760248722326,-1,-1,0.5,-1,-1,-1,-1
0.15175380994361234,-1,-1,-1,-1,-1,0.007587690497180617,-1,0.0009130287135497522,-1,-1,0.5,-1,-1,-1,-1
0.15193580087367087,-1,-1,-1,-1,-1,0.007596790043683544,-1,0.000912481730114252,-1,-1,0.5,-1,-1,-1,-1
0.15211801005656028,-1,-1,-1,-1,-1,0.007605900502828014,-1,0.0009119350743692987,-1,-1,0.5,-1,-1,-1,-1
0.15230043775402063,-1,-1,-1,-1,-1,0.007615021887701032,-1,0.0009113887461185774,-1,-1,0.5,-1,-1,-1,-1
0.15248308422810566,-1,-1,-1,-1,-1,0.007624154211405283,-1,0.0009108427451658909,-1,-1,0.5,-1,-1,-1,-1
0.15266594974118355,-1,-1,-1,-1,-1,0.007633297487059178,-1,0.0009102970713151591,-1,-1,0.5,-1,-1,-1,-1
0.15284903455593707,-1,-1,-1,-1,-1,0.007642451727796854,-1,0.0009097517243704193,-1,-1,0.5,-1,-1,-1,-1
0.15303233893536394,-1,-1,-1,-1,-1,0.007651616946768198,-1,0.0009092067041358269,-1,-1,0.5,-1,-1,-1,-1
0.15321586314277744,-1,-1,-1,-1,-1,0.007660793157138872,-1,0.000908662010415654,-1,-1,0.5,-1,-1,-1,-1
0.15339960744180645,-1,-1,-1,-1,-1,0.007669980372090323,-1,0.0009081176430142899,-1,-1,0.5,-1,-1,-1,-1
0.15358357209639611,-1,-1,-1,-1,-1,0.007679178604819806,-1,0.0009075736017362416,-1,-1,0.5,-1,-1,-1,-1
0.1537677573708081,-1,-1,-1,-1,-1,0.007688387868540406,-1,0.0009070298863861328,-1,-1,0.5,-1,-1,-1,-1
0.15395216352962102,-1,-1,-1,-1,-1,0.007697608176481051,-1,0.0009064864967687043,-1,-1,0.5,-1,-1,-1,-1
0.15413679083773069,-1,-1,-1,-1,-1,0.007706839541886535,-1,0.000905943432688814,-1,-1,0.5,-1,-1,-1,-1
0.1543216395603507,-1,-1,-1,-1,-1,0.007716081978017535,-1,0.0009054006939514368,-1,-1,0.5,-1,-1,-1,-1
0.15450670996301258,-1,-1,-1,-1,-1,0.007725335498150629,-1,0.0009048582803616644,-1,-1,0.5,-1,-1,-1,-1
0.15469200231156643,-1,-1,-1,-1,-1,0.007734600115578322,-1,0.0009043161917247044,-1,-1,0.5,-1,-1,-1,-1
0.15487751687218115,-1,-1,-1,-1,-1,0.007743875843609058,-1,0.0009037744278458828,-1,-1,0.5,-1,-1,-1,-1
0.15506325391134473,-1,-1,-1,-1,-1,0.007753162695567237,-1,0.0009032329885306411,-1,-1,0.5,-1,-1,-1,-1
0.15524921369586492,-1,-1,-1,-1,-1,0.007762460684793246,-1,0.000902691873584537,-1,-1,0.5,-1,-1,-1,-1
0.15543539649286922,-1,-1,-1,-1,-1,0.007771769824643462,-1,0.0009021510828132461,-1,-1,0.5,-1,-1,-1,-1
0.15562180256980565,-1,-1,-1,-1,-1,0.007781090128490283,-1,0.0009016106160225588,-1,-1,0.5,-1,-1,-1,-1
0.15580843219444301,-1,-1,-1,-1,-1,0.007790421609722151,-1,0.0009010704730183826,-1,-1,0.5,-1,-1,-1,-1
0.15599528563487103,-1,-1,-1,-1,-1,0.007799764281743552,-1,0.0009005306536067422,-1,-1,0.5,-1,-1,-1,-1
0.15618236315950113,-1,-1,-1,-1,-1,0.007809118157975057,-1,0.0008999911575937764,-1,-1,0.5,-1,-1,-1,-1
0.15636966503706645,-1,-1,-1,-1,-1,0.007818483251853322,-1,0.000899451984785742,-1,-1,0.5,-1,-1,-1,-1
0.1565571915366226,-1,-1,-1,-1,-1,0.00782785957683113,-1,0.0008989131349890113,-1,-1,0.5,-1,-1,-1,-1
0.15674494292754773,-1,-1,-1,-1,-1,0.007837247146377386,-1,0.0008983746080100718,-1,-1,0.5,-1,-1,-1,-1
0.15693291947954302,-1,-1,-1,-1,-1,0.007846645973977152,-1,0.0008978364036555285,-1,-1,0.5,-1,-1,-1,-1
0.15712112146263324,-1,-1,-1,-1,-1,0.007856056073131662,-1,0.0008972985217321007,-1,-1,0.5,-1,-1,-1,-1
0.1573095491471668,-1,-1,-1,-1,-1,0.00786547745735834,-1,0.0008967609620466248,-1,-1,0.5,-1,-1,-1,-1
0.15749820280381643,-1,-1,-1,-1,-1,0.007874910140190821,-1,0.0008962237244060517,-1,-1,0.5,-1,-1,-1,-1
0.1576870827035795,-1,-1,-1,-1,-1,0.007884354135178975,-1,0.0008956868086174489,-1,-1,0.5,-1,-1,-1,-1
0.15787618911777826,-1,-1,-1,-1,-1,0.007893809455888913,-1,0.0008951502144879989,-1,-1,0.5,-1,-1,-1,-1
0.15806552231806045,-1,-1,-1,-1,-1,0.007903276115903022,-1,0.0008946139418250003,-1,-1,0.5,-1,-1,-1,-1
0.1582550825763995,-1,-1,-1,-1,-1,0.007912754128819975,-1,0.0008940779904358666,-1,-1,0.5,-1,-1,-1,-1
0.15844487016509506,-1,-1,-1,-1,-1,0.007922243508254753,-1,0.0008935423601281271,-1,-1,0.5,-1,-1,-1,-1
0.1586348853567734,-1,-1,-1,-1,-1,0.00793174426783867,-1,0.0008930070507094255,-1,-1,0.5,-1,-1,-1,-1
0.1588251284243875,-1,-1,-1,-1,-1,0.007941256421219376,-1,0.000892472061987522,-1,-1,0.5,-1,-1,-1,-1
0.15901559964121798,-1,-1,-1,-1,-1,0.0079507799820609,-1,0.0008919373937702913,-1,-1,0.5,-1,-1,-1,-1
0.15920629928087293,-1,-1,-1,-1,-1,0.007960314964043647,-1,0.0008914030458657235,-1,-1,0.5,-1,-1,-1,-1
0.15939722761728878,-1,-1,-1,-1,-1,0.007969861380864439,-1,0.0008908690180819229,-1,-1,0.5,-1,-1,-1,-1
0.15958838492473035,-1,-1,-1,-1,-1,0.007979419246236517,-1,0.0008903353102271099,-1,-1,0.5,-1,-1,-1,-1
0.15977977147779138,-1,-1,-1,-1,-1,0.007988988573889568,-1,0.0008898019221096191,-1,-1,0.5,-1,-1,-1,-1
0.15997138755139498,-1,-1,-1,-1,-1,0.007998569377569749,-1,0.0008892688535379001,-1,-1,0.5,-1,-1,-1,-1
0.16016323342079386,-1,-1,-1,-1,-1,0.008008161671039694,-1,0.0008887361043205174,-1,-1,0.5,-1,-1,-1,-1
0.16035530936157097,-1,-1,-1,-1,-1,0.00801776546807855,-1,0.0008882036742661499,-1,-1,0.5,-1,-1,-1,-1
0.16054761564963965,-1,-1,-1,-1,-1,0.008027380782481983,-1,0.0008876715631835909,-1,-1,0.5,-1,-1,-1,-1
0.1607401525612441,-1,-1,-1,-1,-1,0.008037007628062205,-1,0.0008871397708817493,-1,-1,0.5,-1,-1,-1,-1
0.16093292037295995,-1,-1,-1,-1,-1,0.008046646018647997,-1,0.0008866082971696474,-1,-1,0.5,-1,-1,-1,-1
0.16112591936169432,-1,-1,-1,-1,-1,0.008056295968084716,-1,0.0008860771418564223,-1,-1,0.5,-1,-1,-1,-1
0.16131914980468656,-1,-1,-1,-1,-1,0.00806595749023433,-1,0.0008855463047513255,-1,-1,0.5,-1,-1,-1,-1
0.1615126119795085,-1,-1,-1,-1,-1,0.008075630598975425,-1,0.0008850157856637226,-1,-1,0.5,-1,-1,-1,-1
0.16170630616406473,-1,-1,-1,-1,-1,0.008085315308203236,-1,0.0008844855844030939,-1,-1,0.5,-1,-1,-1,-1
0.16190023263659323,-1,-1,-1,-1,-1,0.008095011631829662,-1,0.0008839557007790331,-1,-1,0.5,-1,-1,-1,-1
0.16209439167566558,-1,-1,-1,-1,-1,0.00810471958378328,-1,0.0008834261346012483,-1,-1,0.5,-1,-1,-1,-1
0.16228878356018753,-1,-1,-1,-1,-1,0.008114439178009377,-1,0.0008828968856795618,-1,-1,0.5,-1,-1,-1,-1
0.1624834085693992,-1,-1,-1,-1,-1,0.00812417042846996,-1,0.0008823679538239097,-1,-1,0.5,-1,-1,-1,-1
0.16267826698287569,-1,-1,-1,-1,-1,0.008133913349143785,-1,0.0008818393388443416,-1,-1,0.5,-1,-1,-1,-1
0.1628733590805273,-1,-1,-1,-1,-1,0.008143667954026365,-1,0.0008813110405510217,-1,-1,0.5,-1,-1,-1,-1
0.1630686851426,-1,-1,-1,-1,-1,0.00815343425713,-1,0.0008807830587542271,-1,-1,0.5,-1,-1,-1,-1
0.16326424544967597,-1,-1,-1,-1,-1,0.008163212272483799,-1,0.000880255393264349,-1,-1,0.5,-1,-1,-1,-1
0.16346004028267375,-1,-1,-1,-1,-1,0.008173002014133688,-1,0.0008797280438918924,-1,-1,0.5,-1,-1,-1,-1
0.16365606992284884,-1,-1,-1,-1,-1,0.008182803496142442,-1,0.000879201010447475,-1,-1,0.5,-1,-1,-1,-1
0.163852334651794,-1,-1,-1,-1,-1,0.0081926167325897,-1,0.0008786742927418289,-1,-1,0.5,-1,-1,-1,-1
0.16404883475143975,-1,-1,-1,-1,-1,0.008202441737571987,-1,0.000878147890585799,-1,-1,0.5,-1,-1,-1,-1
0.1642455705040546,-1,-1,-1,-1,-1,0.00821227852520273,-1,0.0008776218037903436,-1,-1,0.5,-1,-1,-1,-1
0.1644425421922457,-1,-1,-1,-1,-1,0.008222127109612285,-1,0.0008770960321665349,-1,-1,0.5,-1,-1,-1,-1
0.16463975009895904,-1,-1,-1,-1,-1,0.008231987504947953,-1,0.0008765705755255569,-1,-1,0.5,-1,-1,-1,-1
0.16483719450747994,-1,-1,-1,-1,-1,0.008241859725373998,-1,0.000876045433678708,-1,-1,0.5,-1,-1,-1,-1
0.16503487570143352,-1,-1,-1,-1,-1,0.008251743785071677,-1,0.0008755206064373993,-1,-1,0.5,-1,-1,-1,-1
0.16523279396478488,-1,-1,-1,-1,-1,0.008261639698239244,-1,0.0008749960936131545,-1,-1,0.5,-1,-1,-1,-1
0.16543094958183982,-1,-1,-1,-1,-1,0.00827154747909199,-1,0.0008744718950176107,-1,-1,0.5,-1,-1,-1,-1
0.1656293428372451,-1,-1,-1,-1,-1,0.008281467141862255,-1,0.0008739480104625176,-1,-1,0.5,-1,-1,-1,-1
0.16582797401598864,-1,-1,-1,-1,-1,0.008291398700799433,-1,0.0008734244397597377,-1,-1,0.5,-1,-1,-1,-1
0.16602684340340046,-1,-1,-1,-1,-1,0.008301342170170024,-1,0.000872901182721246,-1,-1,0.5,-1,-1,-1,-1
0.1662259512851524,-1,-1,-1,-1,-1,0.00831129756425762,-1,0.0008723782391591308,-1,-1,0.5,-1,-1,-1,-1
0.16642529794725916,-1,-1,-1,-1,-1,0.008321264897362958,-1,0.0008718556088855924,-1,-1,0.5,-1,-1,-1,-1
0.1666248836760784,-1,-1,-1,-1,-1,0.00833124418380392,-1,0.0008713332917129434,-1,-1,0.5,-1,-1,-1,-1
0.16682470875831104,-1,-1,-1,-1,-1,0.008341235437915552,-1,0.0008708112874536096,-1,-1,0.5,-1,-1,-1,-1
0.16702477348100203,-1,-1,-1,-1,-1,0.008351238674050103,-1,0.0008702895959201288,-1,-1,0.5,-1,-1,-1,-1
0.16722507813154036,-1,-1,-1,-1,-1,0.008361253906577019,-1,0.0008697682169251507,-1,-1,0.5,-1,-1,-1,-1
0.16742562299765987,-1,-1,-1,-1,-1,0.008371281149882994,-1,0.000869247150281438,-1,-1,0.5,-1,-1,-1,-1
0.16762640836743933,-1,-1,-1,-1,-1,0.008381320418371967,-1,0.0008687263958018648,-1,-1,0.5,-1,-1,-1,-1
0.16782743452930302,-1,-1,-1,-1,-1,0.008391371726465152,-1,0.0008682059532994181,-1,-1,0.5,-1,-1,-1,-1
0.16802870177202117,-1,-1,-1,-1,-1,0.00840143508860106,-1,0.0008676858225871962,-1,-1,0.5,-1,-1,-1,-1
0.1682302103847102,-1,-1,-1,-1,-1,0.008411510519235511,-1,0.00086716600347841,-1,-1,0.5,-1,-1,-1,-1
0.16843196065683338,-1,-1,-1,-1,-1,0.00842159803284167,-1,0.0008666464957863818,-1,-1,0.5,-1,-1,-1,-1
0.16863395287820107,-1,-1,-1,-1,-1,0.008431697643910054,-1,0.0008661272993245459,-1,-1,0.5,-1,-1,-1,-1
0.1688361873389711,-1,-1,-1,-1,-1,0.008441809366948555,-1,0.0008656084139064484,-1,-1,0.5,-1,-1,-1,-1
0.16903866432964945,-1,-1,-1,-1,-1,0.008451933216482473,-1,0.0008650898393457471,-1,-1,0.5,-1,-1,-1,-1
0.16924138414109027,-1,-1,-1,-1,-1,0.008462069207054513,-1,0.0008645715754562118,-1,-1,0.5,-1,-1,-1,-1
0.16944434706449674,-1,-1,-1,-1,-1,0.008472217353224837,-1,0.0008640536220517232,-1,-1,0.5,-1,-1,-1,-1
0.16964755339142118,-1,-1,-1,-1,-1,0.00848237766957106,-1,0.0008635359789462737,-1,-1,0.5,-1,-1,-1,-1
0.16985100341376544,-1,-1,-1,-1,-1,0.008492550170688272,-1,0.0008630186459539675,-1,-1,0.5,-1,-1,-1,-1
0.1700546974237816,-1,-1,-1,-1,-1,0.00850273487118908,-1,0.0008625016228890197,-1,-1,0.5,-1,-1,-1,-1
0.1702586357140721,-1,-1,-1,-1,-1,0.008512931785703606,-1,0.0008619849095657571,-1,-1,0.5,-1,-1,-1,-1
0.17046281857759038,-1,-1,-1,-1,-1,0.008523140928879519,-1,0.0008614685057986174,-1,-1,0.5,-1,-1,-1,-1
0.17066724630764118,-1,-1,-1,-1,-1,0.00853336231538206,-1,0.0008609524114021497,-1,-1,0.5,-1,-1,-1,-1
0.17087191919788092,-1,-1,-1,-1,-1,0.008543595959894046,-1,0.0008604366261910142,-1,-1,0.5,-1,-1,-1,-1
0.1710768375423183,-1,-1,-1,-1,-1,0.008553841877115916,-1,0.0008599211499799818,-1,-1,0.5,-1,-1,-1,-1
0.17128200163531446,-1,-1,-1,-1,-1,0.008564100081765723,-1,0.000859405982583935,-1,-1,0.5,-1,-1,-1,-1
0.1714874117715837,-1,-1,-1,-1,-1,0.008574370588579185,-1,0.0008588911238178664,-1,-1,0.5,-1,-1,-1,-1
0.17169306824619365,-1,-1,-1,-1,-1,0.008584653412309682,-1,0.0008583765734968803,-1,-1,0.5,-1,-1,-1,-1
0.17189897135456597,-1,-1,-1,-1,-1,0.008594948567728298,-1,0.0008578623314361907,-1,-1,0.5,-1,-1,-1,-1
0.17210512139247636,-1,-1,-1,-1,-1,0.008605256069623817,-1,0.0008573483974511236,-1,-1,0.5,-1,-1,-1,-1
0.17231151865605535,-1,-1,-1,-1,-1,0.008615575932802768,-1,0.0008568347713571148,-1,-1,0.5,-1,-1,-1,-1
0.17251816344178864,-1,-1,-1,-1,-1,0.008625908172089433,-1,0.0008563214529697105,-1,-1,0.5,-1,-1,-1,-1
0.17272505604651744,-1,-1,-1,-1,-1,0.008636252802325873,-1,0.0008558084421045681,-1,-1,0.5,-1,-1,-1,-1
0.17293219676743904,-1,-1,-1,-1,-1,0.008646609838371953,-1,0.0008552957385774549,-1,-1,0.5,-1,-1,-1,-1
0.17313958590210696,-1,-1,-1,-1,-1,0.008656979295105349,-1,0.0008547833422042488,-1,-1,0.5,-1,-1,-1,-1
0.17334722374843176,-1,-1,-1,-1,-1,0.008667361187421589,-1,0.0008542712528009377,-1,-1,0.5,-1,-1,-1,-1
0.1735551106046811,-1,-1,-1,-1,-1,0.008677755530234055,-1,0.0008537594701836207,-1,-1,0.5,-1,-1,-1,-1
0.17376324676948043,-1,-1,-1,-1,-1,0.008688162338474022,-1,0.0008532479941685056,-1,-1,0.5,-1,-1,-1,-1
0.1739716325418134,-1,-1,-1,-1,-1,0.00869858162709067,-1,0.0008527368245719114,-1,-1,0.5,-1,-1,-1,-1
0.17418026822102198,-1,-1,-1,-1,-1,0.0087090134110511,-1,0.000852225961210267,-1,-1,0.5,-1,-1,-1,-1
0.17438915410680744,-1,-1,-1,-1,-1,0.008719457705340373,-1,0.0008517154039001106,-1,-1,0.5,-1,-1,-1,-1
0.17459829049923017,-1,-1,-1,-1,-1,0.008729914524961508,-1,0.0008512051524580912,-1,-1,0.5,-1,-1,-1,-1
0.1748076776987106,-1,-1,-1,-1,-1,0.00874038388493553,-1,0.0008506952067009672,-1,-1,0.5,-1,-1,-1,-1
0.17501731600602943,-1,-1,-1,-1,-1,0.008750865800301473,-1,0.0008501855664456064,-1,-1,0.5,-1,-1,-1,-1
0.17522720572232792,-1,-1,-1,-1,-1,0.008761360286116395,-1,0.0008496762315089876,-1,-1,0.5,-1,-1,-1,-1
0.17543734714910866,-1,-1,-1,-1,-1,0.008771867357455434,-1,0.0008491672017081974,-1,-1,0.5,-1,-1,-1,-1
0.17564774058823565,-1,-1,-1,-1,-1,0.008782387029411783,-1,0.0008486584768604337,-1,-1,0.5,-1,-1,-1,-1
0.17585838634193507,-1,-1,-1,-1,-1,0.008792919317096753,-1,0.0008481500567830027,-1,-1,0.5,-1,-1,-1,-1
0.17606928471279543,-1,-1,-1,-1,-1,0.008803464235639772,-1,0.0008476419412933206,-1,-1,0.5,-1,-1,-1,-1
0.1762804360037681,-1,-1,-1,-1,-1,0.008814021800188405,-1,0.0008471341302089134,-1,-1,0.5,-1,-1,-1,-1
0.1764918405181679,-1,-1,-1,-1,-1,0.008824592025908396,-1,0.0008466266233474152,-1,-1,0.5,-1,-1,-1,-1
0.17670349855967324,-1,-1,-1,-1,-1,0.008835174927983662,-1,0.0008461194205265705,-1,-1,0.5,-1,-1,-1,-1
0.1769154104323268,-1,-1,-1,-1,-1,0.008845770521616341,-1,0.0008456125215642325,-1,-1,0.5,-1,-1,-1,-1
0.17712757644053598,-1,-1,-1,-1,-1,0.008856378822026799,-1,0.0008451059262783632,-1,-1,0.5,-1,-1,-1,-1
0.17733999688907298,-1,-1,-1,-1,-1,0.00886699984445365,-1,0.0008445996344870349,-1,-1,0.5,-1,-1,-1,-1
0.17755267208307576,-1,-1,-1,-1,-1,0.008877633604153789,-1,0.0008440936460084272,-1,-1,0.5,-1,-1,-1,-1
0.17776560232804803,-1,-1,-1,-1,-1,0.008888280116402402,-1,0.0008435879606608299,-1,-1,0.5,-1,-1,-1,-1
0.17797878792986002,-1,-1,-1,-1,-1,0.008898939396493001,-1,0.0008430825782626411,-1,-1,0.5,-1,-1,-1,-1
0.17819222919474875,-1,-1,-1,-1,-1,0.008909611459737439,-1,0.0008425774986323677,-1,-1,0.5,-1,-1,-1,-1
0.17840592642931832,-1,-1,-1,-1,-1,0.008920296321465916,-1,0.0008420727215886257,-1,-1,0.5,-1,-1,-1,-1
0.17861987994054082,-1,-1,-1,-1,-1,0.00893099399702704,-1,0.0008415682469501394,-1,-1,0.5,-1,-1,-1,-1
0.17883409003575618,-1,-1,-1,-1,-1,0.00894170450178781,-1,0.0008410640745357417,-1,-1,0.5,-1,-1,-1,-1
0.17904855702267314,-1,-1,-1,-1,-1,0.008952427851133657,-1,0.0008405602041643742,-1,-1,0.5,-1,-1,-1,-1
0.1792632812093693,-1,-1,-1,-1,-1,0.008963164060468464,-1,0.0008400566356550869,-1,-1,0.5,-1,-1,-1,-1
0.1794782629042919,-1,-1,-1,-1,-1,0.008973913145214596,-1,0.0008395533688270382,-1,-1,0.5,-1,-1,-1,-1
0.1796935024162579,-1,-1,-1,-1,-1,0.008984675120812895,-1,0.0008390504034994947,-1,-1,0.5,-1,-1,-1,-1
0.17990900005445462,-1,-1,-1,-1,-1,0.008995450002722732,-1,0.0008385477394918321,-1,-1,0.5,-1,-1,-1,-1
0.1801247561284403,-1,-1,-1,-1,-1,0.009006237806422016,-1,0.000838045376623533,-1,-1,0.5,-1,-1,-1,-1
0.18034077094814438,-1,-1,-1,-1,-1,0.00901703854740722,-1,0.0008375433147141889,-1,-1,0.5,-1,-1,-1,-1
0.18055704482386795,-1,-1,-1,-1,-1,0.009027852241193398,-1,0.0008370415535834992,-1,-1,0.5,-1,-1,-1,-1
0.18077357806628425,-1,-1,-1,-1,-1,0.009038678903314213,-1,0.0008365400930512719,-1,-1,0.5,-1,-1,-1,-1
0.180990370986439,-1,-1,-1,-1,-1,0.00904951854932195,-1,0.0008360389329374218,-1,-1,0.5,-1,-1,-1,-1
0.1812074238957511,-1,-1,-1,-1,-1,0.009060371194787555,-1,0.0008355380730619724,-1,-1,0.5,-1,-1,-1,-1
0.1814247371060128,-1,-1,-1,-1,-1,0.009071236855300641,-1,0.000835037513245055,-1,-1,0.5,-1,-1,-1,-1
0.1816423109293904,-1,-1,-1,-1,-1,0.00908211554646952,-1,0.0008345372533069082,-1,-1,0.5,-1,-1,-1,-1
0.1818601456784244,-1,-1,-1,-1,-1,0.00909300728392122,-1,0.000834037293067879,-1,-1,0.5,-1,-1,-1,-1
0.18207824166603018,-1,-1,-1,-1,-1,0.009103912083301509,-1,0.0008335376323484215,-1,-1,0.5,-1,-1,-1,-1
0.1822965992054984,-1,-1,-1,-1,-1,0.00911482996027492,-1,0.0008330382709690974,-1,-1,0.5,-1,-1,-1,-1
0.18251521861049547,-1,-1,-1,-1,-1,0.009125760930524774,-1,0.0008325392087505759,-1,-1,0.5,-1,-1,-1,-1
0.18273410019506395,-1,-1,-1,-1,-1,0.009136705009753198,-1,0.0008320404455136336,-1,-1,0.5,-1,-1,-1,-1
0.18295324427362294,-1,-1,-1,-1,-1,0.009147662213681148,-1,0.0008315419810791549,-1,-1,0.5,-1,-1,-1,-1
0.18317265116096862,-1,-1,-1,-1,-1,0.009158632558048432,-1,0.0008310438152681313,-1,-1,0.5,-1,-1,-1,-1
0.18339232117227477,-1,-1,-1,-1,-1,0.009169616058613739,-1,0.000830545947901661,-1,-1,0.5,-1,-1,-1,-1
0.1836122546230931,-1,-1,-1,-1,-1,0.009180612731154655,-1,0.0008300483788009501,-1,-1,0.5,-1,-1,-1,-1
0.18383245182935382,-1,-1,-1,-1,-1,0.00919162259146769,-1,0.0008295511077873115,-1,-1,0.5,-1,-1,-1,-1
0.18405291310736585,-1,-1,-1,-1,-1,0.009202645655368293,-1,0.0008290541346821651,-1,-1,0.5,-1,-1,-1,-1
0.18427363877381753,-1,-1,-1,-1,-1,0.009213681938690876,-1,0.0008285574593070379,-1,-1,0.5,-1,-1,-1,-1
0.18449462914577705,-1,-1,-1,-1,-1,0.009224731457288853,-1,0.0008280610814835637,-1,-1,0.5,-1,-1,-1,-1
0.18471588454069277,-1,-1,-1,-1,-1,0.009235794227034638,-1,0.0008275650010334836,-1,-1,0.5,-1,-1,-1,-1
0.1849374052763938,-1,-1,-1,-1,-1,0.00924687026381969,-1,0.0008270692177786443,-1,-1,0.5,-1,-1,-1,-1
0.18515919167109038,-1,-1,-1,-1,-1,0.009257959583554519,-1,0.0008265737315410008,-1,-1,0.5,-1,-1,-1,-1
0.18538124404337428,-1,-1,-1,-1,-1,0.009269062202168714,-1,0.000826078542142614,-1,-1,0.5,-1,-1,-1,-1
0.1856035627122195,-1,-1,-1,-1,-1,0.009280178135610976,-1,0.0008255836494056513,-1,-1,0.5,-1,-1,-1,-1
0.1858261479969825,-1,-1,-1,-1,-1,0.009291307399849125,-1,0.0008250890531523866,-1,-1,0.5,-1,-1,-1,-1
0.18604900021740275,-1,-1,-1,-1,-1,0.009302450010870138,-1,0.0008245947532052001,-1,-1,0.5,-1,-1,-1,-1
0.18627211969360305,-1,-1,-1,-1,-1,0.009313605984680152,-1,0.0008241007493865797,-1,-1,0.5,-1,-1,-1,-1
0.1864955067460903,-1,-1,-1,-1,-1,0.009324775337304516,-1,0.000823607041519118,-1,-1,0.5,-1,-1,-1,-1
0.18671916169575556,-1,-1,-1,-1,-1,0.009335958084787778,-1,0.000823113629425515,-1,-1,0.5,-1,-1,-1,-1
0.1869430848638749,-1,-1,-1,-1,-1,0.009347154243193745,-1,0.000822620512928576,-1,-1,0.5,-1,-1,-1,-1
0.18716727657210966,-1,-1,-1,-1,-1,0.009358363828605483,-1,0.0008221276918512129,-1,-1,0.5,-1,-1,-1,-1
0.18739173714250673,-1,-1,-1,-1,-1,0.009369586857125337,-1,0.0008216351660164445,-1,-1,0.5,-1,-1,-1,-1
0.18761646689749953,-1,-1,-1,-1,-1,0.009380823344874977,-1,0.0008211429352473943,-1,-1,0.5,-1,-1,-1,-1
0.18784146615990785,-1,-1,-1,-1,-1,0.009392073307995394,-1,0.0008206509993672921,-1,-1,0.5,-1,-1,-1,-1
0.18806673525293882,-1,-1,-1,-1,-1,0.009403336762646942,-1,0.0008201593581994744,-1,-1,0.5,-1,-1,-1,-1
0.18829227450018718,-1,-1,-1,-1,-1,0.00941461372500936,-1,0.0008196680115673826,-1,-1,0.5,-1,-1,-1,-1
0.1885180842256356,-1,-1,-1,-1,-1,0.00942590421128178,-1,0.0008191769592945645,-1,-1,0.5,-1,-1,-1,-1
0.18874416475365546,-1,-1,-1,-1,-1,0.009437208237682774,-1,0.0008186862012046729,-1,-1,0.5,-1,-1,-1,-1
0.18897051640900694,-1,-1,-1,-1,-1,0.009448525820450348,-1,0.0008181957371214672,-1,-1,0.5,-1,-1,-1,-1
0.1891971395168399,-1,-1,-1,-1,-1,0.009459856975841995,-1,0.0008177055668688116,-1,-1,0.5,-1,-1,-1,-1
0.18942403440269395,-1,-1,-1,-1,-1,0.009471201720134699,-1,0.0008172156902706764,-1,-1,0.5,-1,-1,-1,-1
0.18965120139249933,-1,-1,-1,-1,-1,0.009482560069624967,-1,0.0008167261071511365,-1,-1,0.5,-1,-1,-1,-1
0.1898786408125769,-1,-1,-1,-1,-1,0.009493932040628846,-1,0.0008162368173343731,-1,-1,0.5,-1,-1,-1,-1
0.190106352989639,-1,-1,-1,-1,-1,0.00950531764948195,-1,0.0008157478206446726,-1,-1,0.5,-1,-1,-1,-1
0.19033433825078974,-1,-1,-1,-1,-1,0.009516716912539488,-1,0.000815259116906426,-1,-1,0.5,-1,-1,-1,-1
0.19056259692352553,-1,-1,-1,-1,-1,0.009528129846176278,-1,0.0008147707059441303,-1,-1,0.5,-1,-1,-1,-1
0.1907911293357356,-1,-1,-1,-1,-1,0.00953955646678678,-1,0.000814282587582387,-1,-1,0.5,-1,-1,-1,-1
0.19101993581570226,-1,-1,-1,-1,-1,0.009550996790785114,-1,0.0008137947616459033,-1,-1,0.5,-1,-1,-1,-1
0.19124901669210156,-1,-1,-1,-1,-1,0.00956245083460508,-1,0.0008133072279594909,-1,-1,0.5,-1,-1,-1,-1
0.19147837229400375,-1,-1,-1,-1,-1,0.009573918614700187,-1,0.0008128199863480668,-1,-1,0.5,-1,-1,-1,-1
0.19170800295087373,-1,-1,-1,-1,-1,0.009585400147543686,-1,0.0008123330366366524,-1,-1,0.5,-1,-1,-1,-1
0.19193790899257152,-1,-1,-1,-1,-1,0.009596895449628577,-1,0.0008118463786503745,-1,-1,0.5,-1,-1,-1,-1
0.19216809074935265,-1,-1,-1,-1,-1,0.009608404537467634,-1,0.0008113600122144643,-1,-1,0.5,-1,-1,-1,-1
0.19239854855186866,-1,-1,-1,-1,-1,0.009619927427593433,-1,0.0008108739371542581,-1,-1,0.5,-1,-1,-1,-1
0.19262928273116783,-1,-1,-1,-1,-1,0.009631464136558392,-1,0.0008103881532951965,-1,-1,0.5,-1,-1,-1,-1
0.19286029361869528,-1,-1,-1,-1,-1,0.009643014680934765,-1,0.0008099026604628244,-1,-1,0.5,-1,-1,-1,-1
0.19309158154629374,-1,-1,-1,-1,-1,0.009654579077314688,-1,0.000809417458482792,-1,-1,0.5,-1,-1,-1,-1
0.19332314684620377,-1,-1,-1,-1,-1,0.009666157342310189,-1,0.0008089325471808531,-1,-1,0.5,-1,-1,-1,-1
0.1935549898510644,-1,-1,-1,-1,-1,0.00967774949255322,-1,0.0008084479263828667,-1,-1,0.5,-1,-1,-1,-1
0.19378711089391365,-1,-1,-1,-1,-1,0.009689355544695683,-1,0.0008079635959147955,-1,-1,0.5,-1,-1,-1,-1
0.1940195103081889,-1,-1,-1,-1,-1,0.009700975515409445,-1,0.0008074795556027066,-1,-1,0.5,-1,-1,-1,-1
0.19425218842772746,-1,-1,-1,-1,-1,0.009712609421386374,-1,0.0008069958052727716,-1,-1,0.5,-1,-1,-1,-1
0.19448514558676683,-1,-1,-1,-1,-1,0.009724257279338342,-1,0.0008065123447512657,-1,-1,0.5,-1,-1,-1,-1
0.19471838211994547,-1,-1,-1,-1,-1,0.009735919105997274,-1,0.0008060291738645688,-1,-1,0.5,-1,-1,-1,-1
0.19495189836230317,-1,-1,-1,-1,-1,0.009747594918115159,-1,0.0008055462924391645,-1,-1,0.5,-1,-1,-1,-1
0.19518569464928145,-1,-1,-1,-1,-1,0.009759284732464074,-1,0.0008050637003016403,-1,-1,0.5,-1,-1,-1,-1
0.19541977131672422,-1,-1,-1,-1,-1,0.009770988565836213,-1,0.0008045813972786877,-1,-1,0.5,-1,-1,-1,-1
0.195654128700878,-1,-1,-1,-1,-1,0.0097827064350439,-1,0.0008040993831971016,-1,-1,0.5,-1,-1,-1,-1
0.19588876713839262,-1,-1,-1,-1,-1,0.009794438356919632,-1,0.0008036176578837818,-1,-1,0.5,-1,-1,-1,-1
0.19612368696632165,-1,-1,-1,-1,-1,0.009806184348316083,-1,0.0008031362211657303,-1,-1,0.5,-1,-1,-1,-1
0.19635888852212288,-1,-1,-1,-1,-1,0.009817944426106145,-1,0.0008026550728700541,-1,-1,0.5,-1,-1,-1,-1
0.19659437214365885,-1,-1,-1,-1,-1,0.009829718607182944,-1,0.0008021742128239627,-1,-1,0.5,-1,-1,-1,-1
0.19683013816919714,-1,-1,-1,-1,-1,0.009841506908459858,-1,0.0008016936408547698,-1,-1,0.5,-1,-1,-1,-1
0.19706618693741101,-1,-1,-1,-1,-1,0.00985330934687055,-1,0.0008012133567898922,-1,-1,0.5,-1,-1,-1,-1
0.19730251878738006,-1,-1,-1,-1,-1,0.009865125939369003,-1,0.0008007333604568505,-1,-1,0.5,-1,-1,-1,-1
0.1975391340585903,-1,-1,-1,-1,-1,0.009876956702929516,-1,0.0008002536516832681,-1,-1,0.5,-1,-1,-1,-1
0.19777603309093514,-1,-1,-1,-1,-1,0.009888801654546758,-1,0.000799774230296872,-1,-1,0.5,-1,-1,-1,-1
0.19801321622471527,-1,-1,-1,-1,-1,0.009900660811235765,-1,0.0007992950961254923,-1,-1,0.5,-1,-1,-1,-1
0.19825068380063976,-1,-1,-1,-1,-1,0.009912534190031989,-1,0.0007988162489970626,-1,-1,0.5,-1,-1,-1,-1
0.19848843615982611,-1,-1,-1,-1,-1,0.009924421807991307,-1,0.0007983376887396186,-1,-1,0.5,-1,-1,-1,-1
0.19872647364380103,-1,-1,-1,-1,-1,0.009936323682190051,-1,0.0007978594151813005,-1,-1,0.5,-1,-1,-1,-1
0.19896479659450075,-1,-1,-1,-1,-1,0.009948239829725038,-1,0.0007973814281503499,-1,-1,0.5,-1,-1,-1,-1
0.19920340535427153,-1,-1,-1,-1,-1,0.009960170267713578,-1,0.0007969037274751124,-1,-1,0.5,-1,-1,-1,-1
0.19944230026587026,-1,-1,-1,-1,-1,0.009972115013293514,-1,0.0007964263129840362,-1,-1,0.5,-1,-1,-1,-1
0.1996814816724648,-1,-1,-1,-1,-1,0.009984074083623241,-1,0.0007959491845056718,-1,-1,0.5,-1,-1,-1,-1
0.1999209499176346,-1,-1,-1,-1,-1,0.00999604749588173,-1,0.0007954723418686731,-1,-1,0.5,-1,-1,-1,-1
0.2001607053453712,-1,-1,-1,-1,-1,0.01000803526726856,-1,0.0007949957849017962,-1,-1,0.5,-1,-1,-1,-1
0.20040074830007865,-1,-1,-1,-1,-1,0.010020037415003933,-1,0.0007945195134338996,-1,-1,0.5,-1,-1,-1,-1
0.20064107912657395,-1,-1,-1,-1,-1,0.010032053956328698,-1,0.0007940435272939451,-1,-1,0.5,-1,-1,-1,-1
0.20088169817008758,-1,-1,-1,-1,-1,0.01004408490850438,-1,0.0007935678263109964,-1,-1,0.5,-1,-1,-1,-1
0.20112260577626426,-1,-1,-1,-1,-1,0.010056130288813213,-1,0.0007930924103142195,-1,-1,0.5,-1,-1,-1,-1
0.20136380229116305,-1,-1,-1,-1,-1,0.010068190114558152,-1,0.0007926172791328832,-1,-1,0.5,-1,-1,-1,-1
0.2016052880612581,-1,-1,-1,-1,-1,0.010080264403062906,-1,0.000792142432596358,-1,-1,0.5,-1,-1,-1,-1
0.201847063433439,-1,-1,-1,-1,-1,0.010092353171671951,-1,0.0007916678705341173,-1,-1,0.5,-1,-1,-1,-1
0.20208912875501134,-1,-1,-1,-1,-1,0.010104456437750568,-1,0.0007911935927757361,-1,-1,0.5,-1,-1,-1,-1
0.2023314843736973,-1,-1,-1,-1,-1,0.010116574218684865,-1,0.0007907195991508917,-1,-1,0.5,-1,-1,-1,-1
0.20257413063763602,-1,-1,-1,-1,-1,0.010128706531881802,-1,0.0007902458894893638,-1,-1,0.5,-1,-1,-1,-1
0.20281706789538423,-1,-1,-1,-1,-1,0.010140853394769212,-1,0.0007897724636210332,-1,-1,0.5,-1,-1,-1,-1
0.2030602964959165,-1,-1,-1,-1,-1,0.010153014824795826,-1,0.0007892993213758835,-1,-1,0.5,-1,-1,-1,-1
0.20330381678862597,-1,-1,-1,-1,-1,0.0101651908394313,-1,0.0007888264625839998,-1,-1,0.5,-1,-1,-1,-1
0.20354762912332489,-1,-1,-1,-1,-1,0.010177381456166245,-1,0.0007883538870755688,-1,-1,0.5,-1,-1,-1,-1
0.20379173385024488,-1,-1,-1,-1,-1,0.010189586692512244,-1,0.0007878815946808796,-1,-1,0.5,-1,-1,-1,-1
0.20403613132003776,-1,-1,-1,-1,-1,0.010201806566001888,-1,0.0007874095852303217,-1,-1,0.5,-1,-1,-1,-1
0.20428082188377567,-1,-1,-1,-1,-1,0.010214041094188784,-1,0.0007869378585543876,-1,-1,0.5,-1,-1,-1,-1
0.20452580589295183,-1,-1,-1,-1,-1,0.010226290294647592,-1,0.0007864664144836705,-1,-1,0.5,-1,-1,-1,-1
0.20477108369948105,-1,-1,-1,-1,-1,0.010238554184974054,-1,0.0007859952528488656,-1,-1,0.5,-1,-1,-1,-1
0.20501665565570015,-1,-1,-1,-1,-1,0.010250832782785008,-1,0.0007855243734807691,-1,-1,0.5,-1,-1,-1,-1
0.20526252211436855,-1,-1,-1,-1,-1,0.010263126105718428,-1,0.0007850537762102787,-1,-1,0.5,-1,-1,-1,-1
0.20550868342866857,-1,-1,-1,-1,-1,0.01027543417143343,-1,0.0007845834608683936,-1,-1,0.5,-1,-1,-1,-1
0.20575513995220612,-1,-1,-1,-1,-1,0.010287756997610307,-1,0.0007841134272862141,-1,-1,0.5,-1,-1,-1,-1
0.20600189203901126,-1,-1,-1,-1,-1,0.010300094601950563,-1,0.0007836436752949415,-1,-1,0.5,-1,-1,-1,-1
0.2062489400435386,-1,-1,-1,-1,-1,0.010312447002176931,-1,0.0007831742047258787,-1,-1,0.5,-1,-1,-1,-1
0.20649628432066783,-1,-1,-1,-1,-1,0.010324814216033392,-1,0.000782705015410429,-1,-1,0.5,-1,-1,-1,-1
0.20674392522570417,-1,-1,-1,-1,-1,0.010337196261285209,-1,0.0007822361071800974,-1,-1,0.5,-1,-1,-1,-1
0.20699186311437895,-1,-1,-1,-1,-1,0.010349593155718949,-1,0.0007817674798664893,-1,-1,0.5,-1,-1,-1,-1
0.20724009834285015,-1,-1,-1,-1,-1,0.010362004917142509,-1,0.0007812991333013115,-1,-1,0.5,-1,-1,-1,-1
0.20748863126770287,-1,-1,-1,-1,-1,0.010374431563385144,-1,0.000780831067316371,-1,-1,0.5,-1,-1,-1,-1
0.20773746224594988,-1,-1,-1,-1,-1,0.010386873112297496,-1,0.0007803632817435759,-1,-1,0.5,-1,-1,-1,-1
0.20798659163503203,-1,-1,-1,-1,-1,0.010399329581751602,-1,0.0007798957764149351,-1,-1,0.5,-1,-1,-1,-1
0.20823601979281878,-1,-1,-1,-1,-1,0.01041180098964094,-1,0.0007794285511625582,-1,-1,0.5,-1,-1,-1,-1
0.20848574707760892,-1,-1,-1,-1,-1,0.010424287353880447,-1,0.0007789616058186552,-1,-1,0.5,-1,-1,-1,-1
0.2087357738481308,-1,-1,-1,-1,-1,0.01043678869240654,-1,0.0007784949402155363,-1,-1,0.5,-1,-1,-1,-1
0.20898610046354313,-1,-1,-1,-1,-1,0.010449305023177157,-1,0.0007780285541856125,-1,-1,0.5,-1,-1,-1,-1
0.2092367272834351,-1,-1,-1,-1,-1,0.010461836364171756,-1,0.0007775624475613955,-1,-1,0.5,-1,-1,-1,-1
0.2094876546678274,-1,-1,-1,-1,-1,0.010474382733391371,-1,0.0007770966201754969,-1,-1,0.5,-1,-1,-1,-1
0.20973888297717225,-1,-1,-1,-1,-1,0.010486944148858613,-1,0.0007766310718606288,-1,-1,0.5,-1,-1,-1,-1
0.20999041257235426,-1,-1,-1,-1,-1,0.010499520628617713,-1,0.0007761658024496033,-1,-1,0.5,-1,-1,-1,-1
0.2102422438146909,-1,-1,-1,-1,-1,0.010512112190734545,-1,0.0007757008117753328,-1,-1,0.5,-1,-1,-1,-1
0.21049437706593274,-1,-1,-1,-1,-1,0.010524718853296637,-1,0.0007752360996708301,-1,-1,0.5,-1,-1,-1,-1
0.21074681268826445,-1,-1,-1,-1,-1,0.010537340634413223,-1,0.000774771665969207,-1,-1,0.5,-1,-1,-1,-1
0.21099955104430473,-1,-1,-1,-1,-1,0.010549977552215237,-1,0.0007743075105036768,-1,-1,0.5,-1,-1,-1,-1
0.21125259249710746,-1,-1,-1,-1,-1,0.010562629624855373,-1,0.0007738436331075515,-1,-1,0.5,-1,-1,-1,-1
0.21150593741016177,-1,-1,-1,-1,-1,0.010575296870508089,-1,0.0007733800336142436,-1,-1,0.5,-1,-1,-1,-1
0.21175958614739263,-1,-1,-1,-1,-1,0.010587979307369632,-1,0.0007729167118572651,-1,-1,0.5,-1,-1,-1,-1
0.21201353907316164,-1,-1,-1,-1,-1,0.010600676953658083,-1,0.0007724536676702278,-1,-1,0.5,-1,-1,-1,-1
0.21226779655226716,-1,-1,-1,-1,-1,0.010613389827613359,-1,0.0007719909008868432,-1,-1,0.5,-1,-1,-1,-1
0.21252235894994512,-1,-1,-1,-1,-1,0.010626117947497257,-1,0.0007715284113409225,-1,-1,0.5,-1,-1,-1,-1
0.21277722663186954,-1,-1,-1,-1,-1,0.010638861331593478,-1,0.0007710661988663765,-1,-1,0.5,-1,-1,-1,-1
0.2130323999641529,-1,-1,-1,-1,-1,0.010651619998207646,-1,0.0007706042632972152,-1,-1,0.5,-1,-1,-1,-1
0.21328787931334675,-1,-1,-1,-1,-1,0.010664393965667339,-1,0.0007701426044675485,-1,-1,0.5,-1,-1,-1,-1
0.2135436650464421,-1,-1,-1,-1,-1,0.010677183252322106,-1,0.0007696812222115851,-1,-1,0.5,-1,-1,-1,-1
0.2137997575308703,-1,-1,-1,-1,-1,0.010689987876543516,-1,0.0007692201163636336,-1,-1,0.5,-1,-1,-1,-1
0.21405615713450318,-1,-1,-1,-1,-1,0.01070280785672516,-1,0.0007687592867581015,-1,-1,0.5,-1,-1,-1,-1
0.2143128642256539,-1,-1,-1,-1,-1,0.010715643211282697,-1,0.0007682987332294957,-1,-1,0.5,-1,-1,-1,-1
0.21456987917307715,-1,-1,-1,-1,-1,0.010728493958653858,-1,0.0007678384556124221,-1,-1,0.5,-1,-1,-1,-1
0.2148272023459699,-1,-1,-1,-1,-1,0.010741360117298496,-1,0.0007673784537415857,-1,-1,0.5,-1,-1,-1,-1
0.21508483411397183,-1,-1,-1,-1,-1,0.010754241705698593,-1,0.0007669187274517909,-1,-1,0.5,-1,-1,-1,-1
0.2153427748471661,-1,-1,-1,-1,-1,0.010767138742358306,-1,0.0007664592765779403,-1,-1,0.5,-1,-1,-1,-1
0.2156010249160796,-1,-1,-1,-1,-1,0.01078005124580398,-1,0.0007660001009550358,-1,-1,0.5,-1,-1,-1,-1
0.21585958469168345,-1,-1,-1,-1,-1,0.010792979234584173,-1,0.0007655412004181785,-1,-1,0.5,-1,-1,-1,-1
0.21611845454539375,-1,-1,-1,-1,-1,0.010805922727269688,-1,0.0007650825748025681,-1,-1,0.5,-1,-1,-1,-1
0.21637763484907202,-1,-1,-1,-1,-1,0.010818881742453601,-1,0.0007646242239435026,-1,-1,0.5,-1,-1,-1,-1
0.21663712597502577,-1,-1,-1,-1,-1,0.010831856298751288,-1,0.0007641661476763792,-1,-1,0.5,-1,-1,-1,-1
0.21689692829600904,-1,-1,-1,-1,-1,0.010844846414800453,-1,0.0007637083458366933,-1,-1,0.5,-1,-1,-1,-1
0.21715704218522275,-1,-1,-1,-1,-1,0.010857852109261138,-1,0.0007632508182600389,-1,-1,0.5,-1,-1,-1,-1
0.2174174680163154,-1,-1,-1,-1,-1,0.01087087340081577,-1,0.0007627935647821093,-1,-1,0.5,-1,-1,-1,-1
0.21767820616338368,-1,-1,-1,-1,-1,0.010883910308169185,-1,0.0007623365852386949,-1,-1,0.5,-1,-1,-1,-1
0.21793925700097294,-1,-1,-1,-1,-1,0.010896962850048647,-1,0.0007618798794656856,-1,-1,0.5,-1,-1,-1,-1
0.21820062090407766,-1,-1,-1,-1,-1,0.010910031045203883,-1,0.0007614234472990688,-1,-1,0.5,-1,-1,-1,-1
0.21846229824814195,-1,-1,-1,-1,-1,0.010923114912407099,-1,0.0007609672885749309,-1,-1,0.5,-1,-1,-1,-1
0.21872428940906022,-1,-1,-1,-1,-1,0.010936214470453011,-1,0.0007605114031294559,-1,-1,0.5,-1,-1,-1,-1
0.21898659476317772,-1,-1,-1,-1,-1,0.010949329738158887,-1,0.0007600557907989262,-1,-1,0.5,-1,-1,-1,-1
0.219249214687291,-1,-1,-1,-1,-1,0.01096246073436455,-1,0.0007596004514197222,-1,-1,0.5,-1,-1,-1,-1
0.21951214955864856,-1,-1,-1,-1,-1,0.010975607477932428,-1,0.0007591453848283223,-1,-1,0.5,-1,-1,-1,-1
0.2197753997549512,-1,-1,-1,-1,-1,0.01098876998774756,-1,0.0007586905908613032,-1,-1,0.5,-1,-1,-1,-1
0.2200389656543526,-1,-1,-1,-1,-1,0.011001948282717632,-1,0.000758236069355339,-1,-1,0.5,-1,-1,-1,-1
0.2203028476354602,-1,-1,-1,-1,-1,0.011015142381773011,-1,0.0007577818201472021,-1,-1,0.5,-1,-1,-1,-1
0.22056704607733532,-1,-1,-1,-1,-1,0.011028352303866767,-1,0.0007573278430737623,-1,-1,0.5,-1,-1,-1,-1
0.22083156135949392,-1,-1,-1,-1,-1,0.011041578067974697,-1,0.0007568741379719874,-1,-1,0.5,-1,-1,-1,-1
0.221096393861907,-1,-1,-1,-1,-1,0.01105481969309535,-1,0.0007564207046789425,-1,-1,0.5,-1,-1,-1,-1
0.22136154396500138,-1,-1,-1,-1,-1,0.01106807719825007,-1,0.0007559675430317908,-1,-1,0.5,-1,-1,-1,-1
0.22162701204965998,-1,-1,-1,-1,-1,0.011081350602483,-1,0.000755514652867793,-1,-1,0.5,-1,-1,-1,-1
0.2218927984972226,-1,-1,-1,-1,-1,0.01109463992486113,-1,0.0007550620340243068,-1,-1,0.5,-1,-1,-1,-1
0.22215890368948635,-1,-1,-1,-1,-1,0.011107945184474319,-1,0.0007546096863387879,-1,-1,0.5,-1,-1,-1,-1
0.22242532800870604,-1,-1,-1,-1,-1,0.011121266400435302,-1,0.0007541576096487892,-1,-1,0.5,-1,-1,-1,-1
0.22269207183759523,-1,-1,-1,-1,-1,0.011134603591879762,-1,0.0007537058037919605,-1,-1,0.5,-1,-1,-1,-1
0.2229591355593261,-1,-1,-1,-1,-1,0.011147956777966305,-1,0.0007532542686060496,-1,-1,0.5,-1,-1,-1,-1
0.22322651955753053,-1,-1,-1,-1,-1,0.011161325977876528,-1,0.000752803003928901,-1,-1,0.5,-1,-1,-1,-1
0.22349422421630055,-1,-1,-1,-1,-1,0.011174711210815029,-1,0.0007523520095984564,-1,-1,0.5,-1,-1,-1,-1
0.22376224992018856,-1,-1,-1,-1,-1,0.011188112496009428,-1,0.0007519012854527549,-1,-1,0.5,-1,-1,-1,-1
0.22403059705420844,-1,-1,-1,-1,-1,0.011201529852710423,-1,0.000751450831329932,-1,-1,0.5,-1,-1,-1,-1
0.2242992660038355,-1,-1,-1,-1,-1,0.011214963300191776,-1,0.0007510006470682208,-1,-1,0.5,-1,-1,-1,-1
0.22456825715500756,-1,-1,-1,-1,-1,0.011228412857750378,-1,0.0007505507325059511,-1,-1,0.5,-1,-1,-1,-1
0.22483757089412518,-1,-1,-1,-1,-1,0.01124187854470626,-1,0.0007501010874815497,-1,-1,0.5,-1,-1,-1,-1
0.22510720760805233,-1,-1,-1,-1,-1,0.011255360380402618,-1,0.0007496517118335394,-1,-1,0.5,-1,-1,-1,-1
0.22537716768411692,-1,-1,-1,-1,-1,0.011268858384205847,-1,0.000749202605400541,-1,-1,0.5,-1,-1,-1,-1
0.2256474515101113,-1,-1,-1,-1,-1,0.011282372575505566,-1,0.000748753768021271,-1,-1,0.5,-1,-1,-1,-1
0.22591805947429297,-1,-1,-1,-1,-1,0.011295902973714649,-1,0.0007483051995345433,-1,-1,0.5,-1,-1,-1,-1
0.22618899196538506,-1,-1,-1,-1,-1,0.011309449598269253,-1,0.0007478568997792673,-1,-1,0.5,-1,-1,-1,-1
0.2264602493725769,-1,-1,-1,-1,-1,0.011323012468628844,-1,0.0007474088685944499,-1,-1,0.5,-1,-1,-1,-1
0.22673183208552436,-1,-1,-1,-1,-1,0.01133659160427622,-1,0.0007469611058191942,-1,-1,0.5,-1,-1,-1,-1
0.22700374049435076,-1,-1,-1,-1,-1,0.011350187024717538,-1,0.0007465136112926995,-1,-1,0.5,-1,-1,-1,-1
0.2272759749896473,-1,-1,-1,-1,-1,0.011363798749482366,-1,0.0007460663848542612,-1,-1,0.5,-1,-1,-1,-1
0.2275485359624735,-1,-1,-1,-1,-1,0.011377426798123676,-1,0.0007456194263432716,-1,-1,0.5,-1,-1,-1,-1
0.22782142380435805,-1,-1,-1,-1,-1,0.011391071190217903,-1,0.0007451727355992189,-1,-1,0.5,-1,-1,-1,-1
0.22809463890729895,-1,-1,-1,-1,-1,0.011404731945364947,-1,0.0007447263124616872,-1,-1,0.5,-1,-1,-1,-1
0.2283681816637643,-1,-1,-1,-1,-1,0.011418409083188216,-1,0.0007442801567703573,-1,-1,0.5,-1,-1,-1,-1
0.22864205246669306,-1,-1,-1,-1,-1,0.011432102623334654,-1,0.0007438342683650056,-1,-1,0.5,-1,-1,-1,-1
0.22891625170949534,-1,-1,-1,-1,-1,0.011445812585474767,-1,0.0007433886470855046,-1,-1,0.5,-1,-1,-1,-1
0.22919077978605304,-1,-1,-1,-1,-1,0.011459538989302652,-1,0.0007429432927718227,-1,-1,0.5,-1,-1,-1,-1
0.2294656370907204,-1,-1,-1,-1,-1,0.01147328185453602,-1,0.0007424982052640242,-1,-1,0.5,-1,-1,-1,-1
0.22974082401832455,-1,-1,-1,-1,-1,0.011487041200916228,-1,0.0007420533844022692,-1,-1,0.5,-1,-1,-1,-1
0.23001634096416623,-1,-1,-1,-1,-1,0.011500817048208312,-1,0.0007416088300268137,-1,-1,0.5,-1,-1,-1,-1
0.23029218832402015,-1,-1,-1,-1,-1,0.011514609416201008,-1,0.0007411645419780093,-1,-1,0.5,-1,-1,-1,-1
0.23056836649413578,-1,-1,-1,-1,-1,0.01152841832470679,-1,0.0007407205200963032,-1,-1,0.5,-1,-1,-1,-1
0.23084487587123767,-1,-1,-1,-1,-1,0.011542243793561884,-1,0.0007402767642222378,-1,-1,0.5,-1,-1,-1,-1
0.23112171685252608,-1,-1,-1,-1,-1,0.011556085842626304,-1,0.000739833274196452,-1,-1,0.5,-1,-1,-1,-1
0.2313988898356778,-1,-1,-1,-1,-1,0.01156994449178389,-1,0.0007393900498596795,-1,-1,0.5,-1,-1,-1,-1
0.2316763952188464,-1,-1,-1,-1,-1,0.01158381976094232,-1,0.0007389470910527492,-1,-1,0.5,-1,-1,-1,-1
0.2319542334006631,-1,-1,-1,-1,-1,0.011597711670033156,-1,0.0007385043976165858,-1,-1,0.5,-1,-1,-1,-1
0.23223240478023693,-1,-1,-1,-1,-1,0.011611620239011848,-1,0.0007380619693922094,-1,-1,0.5,-1,-1,-1,-1
0.23251090975715566,-1,-1,-1,-1,-1,0.011625545487857783,-1,0.0007376198062207353,-1,-1,0.5,-1,-1,-1,-1
0.23278974873148636,-1,-1,-1,-1,-1,0.011639487436574319,-1,0.0007371779079433731,-1,-1,0.5,-1,-1,-1,-1
0.23306892210377578,-1,-1,-1,-1,-1,0.01165344610518879,-1,0.0007367362744014287,-1,-1,0.5,-1,-1,-1,-1
0.23334843027505114,-1,-1,-1,-1,-1,0.011667421513752559,-1,0.0007362949054363025,-1,-1,0.5,-1,-1,-1,-1
0.23362827364682043,-1,-1,-1,-1,-1,0.011681413682341022,-1,0.0007358538008894901,-1,-1,0.5,-1,-1,-1,-1
0.23390845262107315,-1,-1,-1,-1,-1,0.011695422631053658,-1,0.0007354129606025821,-1,-1,0.5,-1,-1,-1,-1
0.23418896760028107,-1,-1,-1,-1,-1,0.011709448380014054,-1,0.0007349723844172638,-1,-1,0.5,-1,-1,-1,-1
0.23446981898739847,-1,-1,-1,-1,-1,0.011723490949369924,-1,0.0007345320721753153,-1,-1,0.5,-1,-1,-1,-1
0.234751007185863,-1,-1,-1,-1,-1,0.01173755035929315,-1,0.0007340920237186117,-1,-1,0.5,-1,-1,-1,-1
0.23503253259959594,-1,-1,-1,-1,-1,0.011751626629979799,-1,0.0007336522388891228,-1,-1,0.5,-1,-1,-1,-1
0.2353143956330032,-1,-1,-1,-1,-1,0.01176571978165016,-1,0.0007332127175289126,-1,-1,0.5,-1,-1,-1,-1
0.2355965966909754,-1,-1,-1,-1,-1,0.01177982983454877,-1,0.0007327734594801408,-1,-1,0.5,-1,-1,-1,-1
0.23587913617888903,-1,-1,-1,-1,-1,0.011793956808944453,-1,0.0007323344645850608,-1,-1,0.5,-1,-1,-1,-1
0.23616201450260657,-1,-1,-1,-1,-1,0.01180810072513033,-1,0.0007318957326860205,-1,-1,0.5,-1,-1,-1,-1
0.23644523206847715,-1,-1,-1,-1,-1,0.011822261603423858,-1,0.0007314572636254624,-1,-1,0.5,-1,-1,-1,-1
0.23672878928333743,-1,-1,-1,-1,-1,0.011836439464166872,-1,0.0007310190572459235,-1,-1,0.5,-1,-1,-1,-1
0.23701268655451177,-1,-1,-1,-1,-1,0.011850634327725589,-1,0.0007305811133900353,-1,-1,0.5,-1,-1,-1,-1
0.23729692428981308,-1,-1,-1,-1,-1,0.011864846214490654,-1,0.0007301434319005234,-1,-1,0.5,-1,-1,-1,-1
0.23758150289754337,-1,-1,-1,-1,-1,0.011879075144877169,-1,0.0007297060126202071,-1,-1,0.5,-1,-1,-1,-1
0.23786642278649442,-1,-1,-1,-1,-1,0.011893321139324722,-1,0.0007292688553920005,-1,-1,0.5,-1,-1,-1,-1
0.23815168436594797,-1,-1,-1,-1,-1,0.0119075842182974,-1,0.000728831960058912,-1,-1,0.5,-1,-1,-1,-1
0.23843728804567674,-1,-1,-1,-1,-1,0.011921864402283837,-1,0.0007283953264640434,-1,-1,0.5,-1,-1,-1,-1
0.23872323423594494,-1,-1,-1,-1,-1,0.011936161711797247,-1,0.0007279589544505908,-1,-1,0.5,-1,-1,-1,-1
0.2390095233475087,-1,-1,-1,-1,-1,0.011950476167375434,-1,0.0007275228438618444,-1,-1,0.5,-1,-1,-1,-1
0.23929615579161684,-1,-1,-1,-1,-1,0.011964807789580843,-1,0.0007270869945411878,-1,-1,0.5,-1,-1,-1,-1
0.23958313198001124,-1,-1,-1,-1,-1,0.011979156599000562,-1,0.000726651406332099,-1,-1,0.5,-1,-1,-1,-1
0.23987045232492762,-1,-1,-1,-1,-1,0.011993522616246382,-1,0.0007262160790781493,-1,-1,0.5,-1,-1,-1,-1
0.24015811723909608,-1,-1,-1,-1,-1,0.012007905861954805,-1,0.0007257810126230042,-1,-1,0.5,-1,-1,-1,-1
0.2404461271357417,-1,-1,-1,-1,-1,0.012022306356787086,-1,0.0007253462068104226,-1,-1,0.5,-1,-1,-1,-1
0.2407344824285852,-1,-1,-1,-1,-1,0.012036724121429261,-1,0.0007249116614842565,-1,-1,0.5,-1,-1,-1,-1
0.2410231835318433,-1,-1,-1,-1,-1,0.012051159176592165,-1,0.0007244773764884523,-1,-1,0.5,-1,-1,-1,-1
0.24131223086022943,-1,-1,-1,-1,-1,0.012065611543011473,-1,0.0007240433516670498,-1,-1,0.5,-1,-1,-1,-1
0.2416016248289546,-1,-1,-1,-1,-1,0.01208008124144773,-1,0.0007236095868641815,-1,-1,0.5,-1,-1,-1,-1
0.24189136585372756,-1,-1,-1,-1,-1,0.012094568292686379,-1,0.0007231760819240737,-1,-1,0.5,-1,-1,-1,-1
0.24218145435075578,-1,-1,-1,-1,-1,0.01210907271753779,-1,0.0007227428366910463,-1,-1,0.5,-1,-1,-1,-1
0.2424718907367457,-1,-1,-1,-1,-1,0.012123594536837284,-1,0.0007223098510095123,-1,-1,0.5,-1,-1,-1,-1
0.24276267542890348,-1,-1,-1,-1,-1,0.012138133771445174,-1,0.0007218771247239773,-1,-1,0.5,-1,-1,-1,-1
0.24305380884493574,-1,-1,-1,-1,-1,0.012152690442246789,-1,0.0007214446576790412,-1,-1,0.5,-1,-1,-1,-1
0.24334529140305,-1,-1,-1,-1,-1,0.0121672645701525,-1,0.0007210124497193965,-1,-1,0.5,-1,-1,-1,-1
0.24363712352195538,-1,-1,-1,-1,-1,0.01218185617609777,-1,0.0007205805006898277,-1,-1,0.5,-1,-1,-1,-1
0.24392930562086296,-1,-1,-1,-1,-1,0.012196465281043149,-1,0.000720148810435214,-1,-1,0.5,-1,-1,-1,-1
0.2442218381194866,-1,-1,-1,-1,-1,0.01221109190597433,-1,0.0007197173788005266,-1,-1,0.5,-1,-1,-1,-1
0.24451472143804365,-1,-1,-1,-1,-1,0.012225736071902183,-1,0.0007192862056308295,-1,-1,0.5,-1,-1,-1,-1
0.2448079559972553,-1,-1,-1,-1,-1,0.012240397799862766,-1,0.00071885529077128,-1,-1,0.5,-1,-1,-1,-1
0.24510154221834737,-1,-1,-1,-1,-1,0.012255077110917369,-1,0.0007184246340671277,-1,-1,0.5,-1,-1,-1,-1
0.2453954805230507,-1,-1,-1,-1,-1,0.012269774026152536,-1,0.0007179942353637153,-1,-1,0.5,-1,-1,-1,-1
0.24568977133360195,-1,-1,-1,-1,-1,0.012284488566680098,-1,0.0007175640945064778,-1,-1,0.5,-1,-1,-1,-1
0.24598441507274416,-1,-1,-1,-1,-1,0.012299220753637208,-1,0.000717134211340943,-1,-1,0.5,-1,-1,-1,-1
0.24627941216372737,-1,-1,-1,-1,-1,0.01231397060818637,-1,0.0007167045857127314,-1,-1,0.5,-1,-1,-1,-1
0.24657476303030923,-1,-1,-1,-1,-1,0.012328738151515462,-1,0.0007162752174675555,-1,-1,0.5,-1,-1,-1,-1
0.2468704680967555,-1,-1,-1,-1,-1,0.012343523404837776,-1,0.0007158461064512207,-1,-1,0.5,-1,-1,-1,-1
0.24716652778784068,-1,-1,-1,-1,-1,0.012358326389392035,-1,0.0007154172525096244,-1,-1,0.5,-1,-1,-1,-1
0.24746294252884884,-1,-1,-1,-1,-1,0.012373147126442443,-1,0.000714988655488757,-1,-1,0.5,-1,-1,-1,-1
0.247759712745574,-1,-1,-1,-1,-1,0.012387985637278701,-1,0.0007145603152347003,-1,-1,0.5,-1,-1,-1,-1
0.24805683886432092,-1,-1,-1,-1,-1,0.012402841943216046,-1,0.0007141322315936285,-1,-1,0.5,-1,-1,-1,-1
0.24835432131190538,-1,-1,-1,-1,-1,0.01241771606559527,-1,0.0007137044044118086,-1,-1,0.5,-1,-1,-1,-1
0.2486521605156552,-1,-1,-1,-1,-1,0.01243260802578276,-1,0.0007132768335355992,-1,-1,0.5,-1,-1,-1,-1
0.24895035690341058,-1,-1,-1,-1,-1,0.012447517845170529,-1,0.0007128495188114506,-1,-1,0.5,-1,-1,-1,-1
0.24924891090352483,-1,-1,-1,-1,-1,0.012462445545176242,-1,0.000712422460085906,-1,-1,0.5,-1,-1,-1,-1
0.2495478229448651,-1,-1,-1,-1,-1,0.012477391147243257,-1,0.0007119956572055996,-1,-1,0.5,-1,-1,-1,-1
0.24984709345681264,-1,-1,-1,-1,-1,0.012492354672840633,-1,0.0007115691100172581,-1,-1,0.5,-1,-1,-1,-1
0.25014672286926376,-1,-1,-1,-1,-1,0.012507336143463188,-1,0.0007111428183676999,-1,-1,0.5,-1,-1,-1,-1
0.25044671161263027,-1,-1,-1,-1,-1,0.012522335580631514,-1,0.000710716782103835,-1,-1,0.5,-1,-1,-1,-1
0.2507470601178402,-1,-1,-1,-1,-1,0.01253735300589201,-1,0.0007102910010726651,-1,-1,0.5,-1,-1,-1,-1
0.2510477688163384,-1,-1,-1,-1,-1,0.01255238844081692,-1,0.0007098654751212836,-1,-1,0.5,-1,-1,-1,-1
0.251348838140087,-1,-1,-1,-1,-1,0.012567441907004352,-1,0.000709440204096876,-1,-1,0.5,-1,-1,-1,-1
0.25165026852156636,-1,-1,-1,-1,-1,0.012582513426078318,-1,0.0007090151878467184,-1,-1,0.5,-1,-1,-1,-1
0.2519520603937752,-1,-1,-1,-1,-1,0.012597603019688762,-1,0.0007085904262181794,-1,-1,0.5,-1,-1,-1,-1
0.2522542141902318,-1,-1,-1,-1,-1,0.012612710709511591,-1,0.0007081659190587182,-1,-1,0.5,-1,-1,-1,-1
0.2525567303449743,-1,-1,-1,-1,-1,0.012627836517248714,-1,0.0007077416662158859,-1,-1,0.5,-1,-1,-1,-1
0.2528596092925612,-1,-1,-1,-1,-1,0.01264298046462806,-1,0.0007073176675373246,-1,-1,0.5,-1,-1,-1,-1
0.2531628514680722,-1,-1,-1,-1,-1,0.012658142573403612,-1,0.0007068939228707681,-1,-1,0.5,-1,-1,-1,-1
0.2534664573071088,-1,-1,-1,-1,-1,0.01267332286535544,-1,0.0007064704320640411,-1,-1,0.5,-1,-1,-1,-1
0.253770427245795,-1,-1,-1,-1,-1,0.012688521362289751,-1,0.0007060471949650592,-1,-1,0.5,-1,-1,-1,-1
0.25407476172077764,-1,-1,-1,-1,-1,0.012703738086038883,-1,0.00070562421142183,-1,-1,0.5,-1,-1,-1,-1
0.2543794611692274,-1,-1,-1,-1,-1,0.01271897305846137,-1,0.0007052014812824511,-1,-1,0.5,-1,-1,-1,-1
0.254684526028839,-1,-1,-1,-1,-1,0.01273422630144195,-1,0.0007047790043951118,-1,-1,0.5,-1,-1,-1,-1
0.2549899567378322,-1,-1,-1,-1,-1,0.01274949783689161,-1,0.0007043567806080922,-1,-1,0.5,-1,-1,-1,-1
0.25529575373495234,-1,-1,-1,-1,-1,0.012764787686747617,-1,0.0007039348097697633,-1,-1,0.5,-1,-1,-1,-1
0.2556019174594708,-1,-1,-1,-1,-1,0.01278009587297354,-1,0.0007035130917285868,-1,-1,0.5,-1,-1,-1,-1
0.25590844835118604,-1,-1,-1,-1,-1,0.012795422417559302,-1,0.0007030916263331151,-1,-1,0.5,-1,-1,-1,-1
0.2562153468504235,-1,-1,-1,-1,-1,0.012810767342521177,-1,0.0007026704134319917,-1,-1,0.5,-1,-1,-1,-1
0.25652261339803706,-1,-1,-1,-1,-1,0.012826130669901854,-1,0.0007022494528739505,-1,-1,0.5,-1,-1,-1,-1
0.256830248435409,-1,-1,-1,-1,-1,0.012841512421770451,-1,0.0007018287445078162,-1,-1,0.5,-1,-1,-1,-1
0.25713825240445126,-1,-1,-1,-1,-1,0.012856912620222564,-1,0.0007014082881825038,-1,-1,0.5,-1,-1,-1,-1
0.2574466257476056,-1,-1,-1,-1,-1,0.01287233128738028,-1,0.000700988083747019,-1,-1,0.5,-1,-1,-1,-1
0.2577553689078442,-1,-1,-1,-1,-1,0.01288776844539221,-1,0.0007005681310504582,-1,-1,0.5,-1,-1,-1,-1
0.2580644823286706,-1,-1,-1,-1,-1,0.012903224116433529,-1,0.0007001484299420076,-1,-1,0.5,-1,-1,-1,-1
0.25837396645412025,-1,-1,-1,-1,-1,0.012918698322706014,-1,0.0006997289802709441,-1,-1,0.5,-1,-1,-1,-1
0.2586838217287612,-1,-1,-1,-1,-1,0.012934191086438061,-1,0.0006993097818866351,-1,-1,0.5,-1,-1,-1,-1
0.2589940485976946,-1,-1,-1,-1,-1,0.01294970242988473,-1,0.0006988908346385379,-1,-1,0.5,-1,-1,-1,-1
0.25930464750655513,-1,-1,-1,-1,-1,0.012965232375327757,-1,0.0006984721383762003,-1,-1,0.5,-1,-1,-1,-1
0.2596156189015122,-1,-1,-1,-1,-1,0.01298078094507561,-1,0.0006980536929492595,-1,-1,0.5,-1,-1,-1,-1
0.2599269632292701,-1,-1,-1,-1,-1,0.012996348161463507,-1,0.0006976354982074442,-1,-1,0.5,-1,-1,-1,-1
0.26023868093706903,-1,-1,-1,-1,-1,0.013011934046853453,-1,0.0006972175540005715,-1,-1,0.5,-1,-1,-1,-1
0.26055077247268543,-1,-1,-1,-1,-1,0.013027538623634273,-1,0.0006967998601785494,-1,-1,0.5,-1,-1,-1,-1
0.2608632382844327,-1,-1,-1,-1,-1,0.013043161914221635,-1,0.0006963824165913758,-1,-1,0.5,-1,-1,-1,-1
0.2611760788211619,-1,-1,-1,-1,-1,0.013058803941058095,-1,0.0006959652230891384,-1,-1,0.5,-1,-1,-1,-1
0.26148929453226233,-1,-1,-1,-1,-1,0.013074464726613118,-1,0.0006955482795220144,-1,-1,0.5,-1,-1,-1,-1
0.2618028858676624,-1,-1,-1,-1,-1,0.013090144293383121,-1,0.000695131585740271,-1,-1,0.5,-1,-1,-1,-1
0.26211685327783,-1,-1,-1,-1,-1,0.013105842663891502,-1,0.0006947151415942652,-1,-1,0.5,-1,-1,-1,-1
0.26243119721377317,-1,-1,-1,-1,-1,0.013121559860688659,-1,0.0006942989469344434,-1,-1,0.5,-1,-1,-1,-1
0.2627459181270409,-1,-1,-1,-1,-1,0.013137295906352046,-1,0.0006938830016113417,-1,-1,0.5,-1,-1,-1,-1
0.2630610164697236,-1,-1,-1,-1,-1,0.01315305082348618,-1,0.0006934673054755859,-1,-1,0.5,-1,-1,-1,-1
0.2633764926944539,-1,-1,-1,-1,-1,0.013168824634722695,-1,0.0006930518583778913,-1,-1,0.5,-1,-1,-1,-1
0.2636923472544075,-1,-1,-1,-1,-1,0.013184617362720375,-1,0.000692636660169062,-1,-1,0.5,-1,-1,-1,-1
0.2640085806033031,-1,-1,-1,-1,-1,0.013200429030165156,-1,0.0006922217106999925,-1,-1,0.5,-1,-1,-1,-1
0.264325193195404,-1,-1,-1,-1,-1,0.0132162596597702,-1,0.0006918070098216656,-1,-1,0.5,-1,-1,-1,-1
0.2646421854855178,-1,-1,-1,-1,-1,0.013232109274275893,-1,0.0006913925573851542,-1,-1,0.5,-1,-1,-1,-1
0.26495955792899795,-1,-1,-1,-1,-1,0.013247977896449898,-1,0.0006909783532416202,-1,-1,0.5,-1,-1,-1,-1
0.2652773109817438,-1,-1,-1,-1,-1,0.01326386554908719,-1,0.0006905643972423142,-1,-1,0.5,-1,-1,-1,-1
0.26559544510020133,-1,-1,-1,-1,-1,0.013279772255010067,-1,0.0006901506892385765,-1,-1,0.5,-1,-1,-1,-1
0.2659139607413642,-1,-1,-1,-1,-1,0.013295698037068211,-1,0.0006897372290818361,-1,-1,0.5,-1,-1,-1,-1
0.26623285836277377,-1,-1,-1,-1,-1,0.013311642918138689,-1,0.0006893240166236115,-1,-1,0.5,-1,-1,-1,-1
0.2665521384225204,-1,-1,-1,-1,-1,0.013327606921126021,-1,0.0006889110517155093,-1,-1,0.5,-1,-1,-1,-1
0.26687180137924366,-1,-1,-1,-1,-1,0.013343590068962184,-1,0.0006884983342092258,-1,-1,0.5,-1,-1,-1,-1
0.2671918476921333,-1,-1,-1,-1,-1,0.013359592384606664,-1,0.0006880858639565456,-1,-1,0.5,-1,-1,-1,-1
0.2675122778209295,-1,-1,-1,-1,-1,0.013375613891046476,-1,0.0006876736408093426,-1,-1,0.5,-1,-1,-1,-1
0.26783309222592394,-1,-1,-1,-1,-1,0.013391654611296197,-1,0.0006872616646195791,-1,-1,0.5,-1,-1,-1,-1
0.2681542913679603,-1,-1,-1,-1,-1,0.013407714568398017,-1,0.0006868499352393059,-1,-1,0.5,-1,-1,-1,-1
0.26847587570843495,-1,-1,-1,-1,-1,0.013423793785421748,-1,0.0006864384525206632,-1,-1,0.5,-1,-1,-1,-1
0.2687978457092976,-1,-1,-1,-1,-1,0.013439892285464881,-1,0.0006860272163158788,-1,-1,0.5,-1,-1,-1,-1
0.2691202018330519,-1,-1,-1,-1,-1,0.013456010091652596,-1,0.0006856162264772698,-1,-1,0.5,-1,-1,-1,-1
0.269442944542756,-1,-1,-1,-1,-1,0.013472147227137802,-1,0.0006852054828572413,-1,-1,0.5,-1,-1,-1,-1
0.26976607430202376,-1,-1,-1,-1,-1,0.013488303715101188,-1,0.0006847949853082872,-1,-1,0.5,-1,-1,-1,-1
0.27008959157502466,-1,-1,-1,-1,-1,0.013504479578751234,-1,0.0006843847336829894,-1,-1,0.5,-1,-1,-1,-1
0.2704134968264851,-1,-1,-1,-1,-1,0.013520674841324255,-1,0.0006839747278340183,-1,-1,0.5,-1,-1,-1,-1
0.27073779052168867,-1,-1,-1,-1,-1,0.013536889526084435,-1,0.0006835649676141325,-1,-1,0.5,-1,-1,-1,-1
0.27106247312647685,-1,-1,-1,-1,-1,0.013553123656323843,-1,0.0006831554528761792,-1,-1,0.5,-1,-1,-1,-1
0.27138754510725,-1,-1,-1,-1,-1,0.0135693772553625,-1,0.0006827461834730931,-1,-1,0.5,-1,-1,-1,-1
0.2717130069309677,-1,-1,-1,-1,-1,0.013585650346548387,-1,0.0006823371592578973,-1,-1,0.5,-1,-1,-1,-1
0.2720388590651497,-1,-1,-1,-1,-1,0.013601942953257486,-1,0.0006819283800837031,-1,-1,0.5,-1,-1,-1,-1
0.27236510197787606,-1,-1,-1,-1,-1,0.013618255098893804,-1,0.0006815198458037095,-1,-1,0.5,-1,-1,-1,-1
0.2726917361377884,-1,-1,-1,-1,-1,0.01363458680688942,-1,0.000681111556271204,-1,-1,0.5,-1,-1,-1,-1
0.2730187620140905,-1,-1,-1,-1,-1,0.013650938100704524,-1,0.0006807035113395612,-1,-1,0.5,-1,-1,-1,-1
0.27334618007654854,-1,-1,-1,-1,-1,0.013667309003827427,-1,0.0006802957108622443,-1,-1,0.5,-1,-1,-1,-1
0.2736739907954923,-1,-1,-1,-1,-1,0.013683699539774616,-1,0.0006798881546928036,-1,-1,0.5,-1,-1,-1,-1
0.2740021946418156,-1,-1,-1,-1,-1,0.013700109732090779,-1,0.0006794808426848778,-1,-1,0.5,-1,-1,-1,-1
0.2743307920869767,-1,-1,-1,-1,-1,0.013716539604348835,-1,0.0006790737746921929,-1,-1,0.5,-1,-1,-1,-1
0.27465978360299953,-1,-1,-1,-1,-1,0.013732989180149978,-1,0.0006786669505685624,-1,-1,0.5,-1,-1,-1,-1
0.2749891696624741,-1,-1,-1,-1,-1,0.013749458483123707,-1,0.0006782603701678876,-1,-1,0.5,-1,-1,-1,-1
0.27531895073855706,-1,-1,-1,-1,-1,0.013765947536927853,-1,0.0006778540333441576,-1,-1,0.5,-1,-1,-1,-1
0.27564912730497254,-1,-1,-1,-1,-1,0.013782456365248628,-1,0.0006774479399514482,-1,-1,0.5,-1,-1,-1,-1
0.2759796998360127,-1,-1,-1,-1,-1,0.013798984991800637,-1,0.0006770420898439235,-1,-1,0.5,-1,-1,-1,-1
0.2763106688065386,-1,-1,-1,-1,-1,0.01381553344032693,-1,0.0006766364828758345,-1,-1,0.5,-1,-1,-1,-1
0.2766420346919808,-1,-1,-1,-1,-1,0.01383210173459904,-1,0.0006762311189015194,-1,-1,0.5,-1,-1,-1,-1
0.27697379796833993,-1,-1,-1,-1,-1,0.013848689898416998,-1,0.000675825997775404,-1,-1,0.5,-1,-1,-1,-1
0.2773059591121876,-1,-1,-1,-1,-1,0.01386529795560938,-1,0.0006754211193520009,-1,-1,0.5,-1,-1,-1,-1
0.2776385186006666,-1,-1,-1,-1,-1,0.01388192593003333,-1,0.0006750164834859106,-1,-1,0.5,-1,-1,-1,-1
0.2779714769114923,-1,-1,-1,-1,-1,0.013898573845574616,-1,0.0006746120900318198,-1,-1,0.5,-1,-1,-1,-1
0.278304834522953,-1,-1,-1,-1,-1,0.01391524172614765,-1,0.0006742079388445026,-1,-1,0.5,-1,-1,-1,-1
0.2786385919139104,-1,-1,-1,-1,-1,0.01393192959569552,-1,0.0006738040297788204,-1,-1,0.5,-1,-1,-1,-1
0.2789727495638003,-1,-1,-1,-1,-1,0.013948637478190015,-1,0.0006734003626897215,-1,-1,0.5,-1,-1,-1,-1
0.279307307952634,-1,-1,-1,-1,-1,0.013965365397631699,-1,0.0006729969374322406,-1,-1,0.5,-1,-1,-1,-1
0.2796422675609978,-1,-1,-1,-1,-1,0.013982113378049891,-1,0.0006725937538614998,-1,-1,0.5,-1,-1,-1,-1
0.2799776288700549,-1,-1,-1,-1,-1,0.013998881443502746,-1,0.0006721908118327076,-1,-1,0.5,-1,-1,-1,-1
0.28031339236154534,-1,-1,-1,-1,-1,0.014015669618077268,-1,0.0006717881112011594,-1,-1,0.5,-1,-1,-1,-1
0.2806495585177867,-1,-1,-1,-1,-1,0.014032477925889337,-1,0.0006713856518222376,-1,-1,0.5,-1,-1,-1,-1
0.28098612782167537,-1,-1,-1,-1,-1,0.014049306391083769,-1,0.0006709834335514105,-1,-1,0.5,-1,-1,-1,-1
0.2813231007566864,-1,-1,-1,-1,-1,0.01406615503783432,-1,0.0006705814562442338,-1,-1,0.5,-1,-1,-1,-1
0.2816604778068749,-1,-1,-1,-1,-1,0.014083023890343747,-1,0.000670179719756349,-1,-1,0.5,-1,-1,-1,-1
0.2819982594568766,-1,-1,-1,-1,-1,0.014099912972843832,-1,0.000669778223943485,-1,-1,0.5,-1,-1,-1,-1
0.2823364461919083,-1,-1,-1,-1,-1,0.014116822309595415,-1,0.0006693769686614558,-1,-1,0.5,-1,-1,-1,-1
0.28267503849776854,-1,-1,-1,-1,-1,0.014133751924888428,-1,0.0006689759537661632,-1,-1,0.5,-1,-1,-1,-1
0.2830140368608386,-1,-1,-1,-1,-1,0.01415070184304193,-1,0.0006685751791135945,-1,-1,0.5,-1,-1,-1,-1
0.28335344176808314,-1,-1,-1,-1,-1,0.014167672088404158,-1,0.0006681746445598235,-1,-1,0.5,-1,-1,-1,-1
0.2836932537070507,-1,-1,-1,-1,-1,0.014184662685352534,-1,0.00066777434996101,-1,-1,0.5,-1,-1,-1,-1
0.2840334731658745,-1,-1,-1,-1,-1,0.014201673658293727,-1,0.0006673742951734004,-1,-1,0.5,-1,-1,-1,-1
0.28437410063327334,-1,-1,-1,-1,-1,0.014218705031663668,-1,0.0006669744800533265,-1,-1,0.5,-1,-1,-1,-1
0.2847151365985518,-1,-1,-1,-1,-1,0.01423575682992759,-1,0.0006665749044572074,-1,-1,0.5,-1,-1,-1,-1
0.2850565815516014,-1,-1,-1,-1,-1,0.01425282907758007,-1,0.0006661755682415468,-1,-1,0.5,-1,-1,-1,-1
0.2853984359829014,-1,-1,-1,-1,-1,0.01426992179914507,-1,0.0006657764712629354,-1,-1,0.5,-1,-1,-1,-1
0.2857407003835189,-1,-1,-1,-1,-1,0.014287035019175946,-1,0.0006653776133780493,-1,-1,0.5,-1,-1,-1,-1
0.2860833752451102,-1,-1,-1,-1,-1,0.01430416876225551,-1,0.0006649789944436506,-1,-1,0.5,-1,-1,-1,-1
0.28642646105992087,-1,-1,-1,-1,-1,0.014321323052996044,-1,0.0006645806143165873,-1,-1,0.5,-1,-1,-1,-1
0.28676995832078717,-1,-1,-1,-1,-1,0.01433849791603936,-1,0.0006641824728537932,-1,-1,0.5,-1,-1,-1,-1
0.28711386752113627,-1,-1,-1,-1,-1,0.014355693376056813,-1,0.0006637845699122873,-1,-1,0.5,-1,-1,-1,-1
0.2874581891549871,-1,-1,-1,-1,-1,0.014372909457749355,-1,0.0006633869053491749,-1,-1,0.5,-1,-1,-1,-1
0.287802923716951,-1,-1,-1,-1,-1,0.01439014618584755,-1,0.0006629894790216467,-1,-1,0.5,-1,-1,-1,-1
0.28814807170223233,-1,-1,-1,-1,-1,0.014407403585111618,-1,0.000662592290786979,-1,-1,0.5,-1,-1,-1,-1
0.28849363360662955,-1,-1,-1,-1,-1,0.014424681680331479,-1,0.0006621953405025333,-1,-1,0.5,-1,-1,-1,-1
0.2888396099265357,-1,-1,-1,-1,-1,0.014441980496326785,-1,0.0006617986280257567,-1,-1,0.5,-1,-1,-1,-1
0.28918600115893905,-1,-1,-1,-1,-1,0.014459300057946954,-1,0.000661402153214182,-1,-1,0.5,-1,-1,-1,-1
0.2895328078014239,-1,-1,-1,-1,-1,0.014476640390071195,-1,0.0006610059159254267,-1,-1,0.5,-1,-1,-1,-1
0.2898800303521711,-1,-1,-1,-1,-1,0.014494001517608554,-1,0.0006606099160171948,-1,-1,0.5,-1,-1,-1,-1
0.29022766930995925,-1,-1,-1,-1,-1,0.014511383465497962,-1,0.0006602141533472741,-1,-1,0.5,-1,-1,-1,-1
0.2905757251741649,-1,-1,-1,-1,-1,0.014528786258708246,-1,0.0006598186277735385,-1,-1,0.5,-1,-1,-1,-1
0.29092419844476375,-1,-1,-1,-1,-1,0.014546209922238188,-1,0.0006594233391539466,-1,-1,0.5,-1,-1,-1,-1
0.29127308962233067,-1,-1,-1,-1,-1,0.014563654481116534,-1,0.0006590282873465427,-1,-1,0.5,-1,-1,-1,-1
0.29162239920804106,-1,-1,-1,-1,-1,0.014581119960402053,-1,0.0006586334722094554,-1,-1,0.5,-1,-1,-1,-1
0.2919721277036715,-1,-1,-1,-1,-1,0.014598606385183574,-1,0.0006582388936008988,-1,-1,0.5,-1,-1,-1,-1
0.29232227561160007,-1,-1,-1,-1,-1,0.014616113780580003,-1,0.0006578445513791718,-1,-1,0.5,-1,-1,-1,-1
0.29267284343480765,-1,-1,-1,-1,-1,0.014633642171740383,-1,0.0006574504454026581,-1,-1,0.5,-1,-1,-1,-1
0.2930238316768779,-1,-1,-1,-1,-1,0.014651191583843896,-1,0.0006570565755298262,-1,-1,0.5,-1,-1,-1,-1
0.2933752408419987,-1,-1,-1,-1,-1,0.014668762042099935,-1,0.0006566629416192299,-1,-1,0.5,-1,-1,-1,-1
0.29372707143496246,-1,-1,-1,-1,-1,0.014686353571748124,-1,0.0006562695435295069,-1,-1,0.5,-1,-1,-1,-1
0.29407932396116704,-1,-1,-1,-1,-1,0.014703966198058353,-1,0.0006558763811193802,-1,-1,0.5,-1,-1,-1,-1
0.2944319989266164,-1,-1,-1,-1,-1,0.014721599946330821,-1,0.0006554834542476575,-1,-1,0.5,-1,-1,-1,-1
0.29478509683792126,-1,-1,-1,-1,-1,0.014739254841896064,-1,0.0006550907627732304,-1,-1,0.5,-1,-1,-1,-1
0.2951386182022999,-1,-1,-1,-1,-1,0.014756930910114997,-1,0.0006546983065550758,-1,-1,0.5,-1,-1,-1,-1
0.2954925635275789,-1,-1,-1,-1,-1,0.014774628176378946,-1,0.0006543060854522547,-1,-1,0.5,-1,-1,-1,-1
0.29584693332219386,-1,-1,-1,-1,-1,0.014792346666109693,-1,0.0006539140993239127,-1,-1,0.5,-1,-1,-1,-1
0.2962017280951902,-1,-1,-1,-1,-1,0.01481008640475951,-1,0.0006535223480292795,-1,-1,0.5,-1,-1,-1,-1
0.29655694835622354,-1,-1,-1,-1,-1,0.014827847417811178,-1,0.0006531308314276696,-1,-1,0.5,-1,-1,-1,-1
0.2969125946155611,-1,-1,-1,-1,-1,0.014845629730778055,-1,0.0006527395493784812,-1,-1,0.5,-1,-1,-1,-1
0.2972686673840817,-1,-1,-1,-1,-1,0.014863433369204086,-1,0.0006523485017411974,-1,-1,0.5,-1,-1,-1,-1
0.29762516717327697,-1,-1,-1,-1,-1,0.01488125835866385,-1,0.0006519576883753848,-1,-1,0.5,-1,-1,-1,-1
0.297982094495252,-1,-1,-1,-1,-1,0.0148991047247626,-1,0.0006515671091406945,-1,-1,0.5,-1,-1,-1,-1
0.298339449862726,-1,-1,-1,-1,-1,0.0149169724931363,-1,0.0006511767638968617,-1,-1,0.5,-1,-1,-1,-1
0.298697233789033,-1,-1,-1,-1,-1,0.014934861689451651,-1,0.0006507866525037057,-1,-1,0.5,-1,-1,-1,-1
0.2990554467881225,-1,-1,-1,-1,-1,0.014952772339406126,-1,0.0006503967748211296,-1,-1,0.5,-1,-1,-1,-1
0.29941408937456077,-1,-1,-1,-1,-1,0.014970704468728039,-1,0.0006500071307091204,-1,-1,0.5,-1,-1,-1,-1
0.2997731620635307,-1,-1,-1,-1,-1,0.014988658103176537,-1,0.0006496177200277491,-1,-1,0.5,-1,-1,-1,-1
0.30013266537083355,-1,-1,-1,-1,-1,0.015006633268541679,-1,0.0006492285426371703,-1,-1,0.5,-1,-1,-1,-1
0.3004925998128886,-1,-1,-1,-1,-1,0.015024629990644432,-1,0.0006488395983976229,-1,-1,0.5,-1,-1,-1,-1
0.3008529659067347,-1,-1,-1,-1,-1,0.015042648295336736,-1,0.0006484508871694289,-1,-1,0.5,-1,-1,-1,-1
0.3012137641700308,-1,-1,-1,-1,-1,0.015060688208501542,-1,0.0006480624088129947,-1,-1,0.5,-1,-1,-1,-1
0.3015749951210567,-1,-1,-1,-1,-1,0.015078749756052834,-1,0.0006476741631888094,-1,-1,0.5,-1,-1,-1,-1
0.30193665927871355,-1,-1,-1,-1,-1,0.015096832963935679,-1,0.0006472861501574463,-1,-1,0.5,-1,-1,-1,-1
0.30229875716252497,-1,-1,-1,-1,-1,0.015114937858126249,-1,0.0006468983695795624,-1,-1,0.5,-1,-1,-1,-1
0.3026612892926374,-1,-1,-1,-1,-1,0.015133064464631871,-1,0.0006465108213158977,-1,-1,0.5,-1,-1,-1,-1
0.3030242561898213,-1,-1,-1,-1,-1,0.015151212809491067,-1,0.0006461235052272759,-1,-1,0.5,-1,-1,-1,-1
0.3033876583754716,-1,-1,-1,-1,-1,0.01516938291877358,-1,0.0006457364211746039,-1,-1,0.5,-1,-1,-1,-1
0.3037514963716086,-1,-1,-1,-1,-1,0.01518757481858043,-1,0.000645349569018872,-1,-1,0.5,-1,-1,-1,-1
0.30411577070087836,-1,-1,-1,-1,-1,0.015205788535043918,-1,0.0006449629486211538,-1,-1,0.5,-1,-1,-1,-1
0.30448048188655386,-1,-1,-1,-1,-1,0.015224024094327694,-1,0.0006445765598426064,-1,-1,0.5,-1,-1,-1,-1
0.3048456304525357,-1,-1,-1,-1,-1,0.015242281522626785,-1,0.0006441904025444695,-1,-1,0.5,-1,-1,-1,-1
0.30521121692335274,-1,-1,-1,-1,-1,0.015260560846167637,-1,0.0006438044765880666,-1,-1,0.5,-1,-1,-1,-1
0.30557724182416296,-1,-1,-1,-1,-1,0.01527886209120815,-1,0.0006434187818348035,-1,-1,0.5,-1,-1,-1,-1
0.30594370568075385,-1,-1,-1,-1,-1,0.015297185284037694,-1,0.0006430333181461696,-1,-1,0.5,-1,-1,-1,-1
0.30631060901954366,-1,-1,-1,-1,-1,0.015315530450977183,-1,0.0006426480853837372,-1,-1,0.5,-1,-1,-1,-1
0.30667795236758194,-1,-1,-1,-1,-1,0.015333897618379097,-1,0.0006422630834091615,-1,-1,0.5,-1,-1,-1,-1
0.3070457362525503,-1,-1,-1,-1,-1,0.015352286812627517,-1,0.0006418783120841807,-1,-1,0.5,-1,-1,-1,-1
0.3074139612027632,-1,-1,-1,-1,-1,0.01537069806013816,-1,0.0006414937712706151,-1,-1,0.5,-1,-1,-1,-1
0.30778262774716864,-1,-1,-1,-1,-1,0.015389131387358432,-1,0.000641109460830369,-1,-1,0.5,-1,-1,-1,-1
0.3081517364153488,-1,-1,-1,-1,-1,0.015407586820767441,-1,0.0006407253806254285,-1,-1,0.5,-1,-1,-1,-1
0.3085212877375213,-1,-1,-1,-1,-1,0.015426064386876066,-1,0.0006403415305178626,-1,-1,0.5,-1,-1,-1,-1
0.3088912822445394,-1,-1,-1,-1,-1,0.01544456411222697,-1,0.0006399579103698232,-1,-1,0.5,-1,-1,-1,-1
0.30926172046789296,-1,-1,-1,-1,-1,0.015463086023394648,-1,0.0006395745200435444,-1,-1,0.5,-1,-1,-1,-1
0.30963260293970946,-1,-1,-1,-1,-1,0.015481630146985474,-1,0.0006391913594013431,-1,-1,0.5,-1,-1,-1,-1
0.3100039301927542,-1,-1,-1,-1,-1,0.01550019650963771,-1,0.0006388084283056186,-1,-1,0.5,-1,-1,-1,-1
0.3103757027604316,-1,-1,-1,-1,-1,0.01551878513802158,-1,0.0006384257266188528,-1,-1,0.5,-1,-1,-1,-1
0.31074792117678585,-1,-1,-1,-1,-1,0.015537396058839293,-1,0.0006380432542036095,-1,-1,0.5,-1,-1,-1,-1
0.31112058597650144,-1,-1,-1,-1,-1,0.015556029298825073,-1,0.0006376610109225353,-1,-1,0.5,-1,-1,-1,-1
0.3114936976949041,-1,-1,-1,-1,-1,0.015574684884745206,-1,0.0006372789966383591,-1,-1,0.5,-1,-1,-1,-1
0.31186725686796163,-1,-1,-1,-1,-1,0.015593362843398082,-1,0.0006368972112138916,-1,-1,0.5,-1,-1,-1,-1
0.31224126403228447,-1,-1,-1,-1,-1,0.015612063201614224,-1,0.0006365156545120264,-1,-1,0.5,-1,-1,-1,-1
0.31261571972512664,-1,-1,-1,-1,-1,0.01563078598625633,-1,0.0006361343263957384,-1,-1,0.5,-1,-1,-1,-1
0.3129906244843866,-1,-1,-1,-1,-1,0.01564953122421933,-1,0.0006357532267280852,-1,-1,0.5,-1,-1,-1,-1
0.3133659788486076,-1,-1,-1,-1,-1,0.01566829894243038,-1,0.0006353723553722062,-1,-1,0.5,-1,-1,-1,-1
0.3137417833569791,-1,-1,-1,-1,-1,0.015687089167848955,-1,0.0006349917121913227,-1,-1,0.5,-1,-1,-1,-1
0.31411803854933684,-1,-1,-1,-1,-1,0.015705901927466844,-1,0.0006346112970487383,-1,-1,0.5,-1,-1,-1,-1
0.3144947449661641,-1,-1,-1,-1,-1,0.015724737248308206,-1,0.0006342311098078382,-1,-1,0.5,-1,-1,-1,-1
0.3148719031485925,-1,-1,-1,-1,-1,0.015743595157429624,-1,0.0006338511503320894,-1,-1,0.5,-1,-1,-1,-1
0.3152495136384022,-1,-1,-1,-1,-1,0.015762475681920112,-1,0.000633471418485041,-1,-1,0.5,-1,-1,-1,-1
0.3156275769780236,-1,-1,-1,-1,-1,0.01578137884890118,-1,0.0006330919141303234,-1,-1,0.5,-1,-1,-1,-1
0.3160060937105372,-1,-1,-1,-1,-1,0.01580030468552686,-1,0.0006327126371316492,-1,-1,0.5,-1,-1,-1,-1
0.31638506437967495,-1,-1,-1,-1,-1,0.01581925321898375,-1,0.0006323335873528123,-1,-1,0.5,-1,-1,-1,-1
0.31676448952982095,-1,-1,-1,-1,-1,0.01583822447649105,-1,0.0006319547646576884,-1,-1,0.5,-1,-1,-1,-1
0.317144369706012,-1,-1,-1,-1,-1,0.0158572184853006,-1,0.0006315761689102344,-1,-1,0.5,-1,-1,-1,-1
0.3175247054539386,-1,-1,-1,-1,-1,0.015876235272696933,-1,0.0006311977999744891,-1,-1,0.5,-1,-1,-1,-1
0.3179054973199457,-1,-1,-1,-1,-1,0.015895274865997285,-1,0.0006308196577145727,-1,-1,0.5,-1,-1,-1,-1
0.31828674585103345,-1,-1,-1,-1,-1,0.015914337292551674,-1,0.0006304417419946864,-1,-1,0.5,-1,-1,-1,-1
0.318668451594858,-1,-1,-1,-1,-1,0.015933422579742902,-1,0.0006300640526791134,-1,-1,0.5,-1,-1,-1,-1
0.3190506150997321,-1,-1,-1,-1,-1,0.015952530754986604,-1,0.0006296865896322178,-1,-1,0.5,-1,-1,-1,-1
0.31943323691462633,-1,-1,-1,-1,-1,0.015971661845731316,-1,0.0006293093527184449,-1,-1,0.5,-1,-1,-1,-1
0.3198163175891695,-1,-1,-1,-1,-1,0.015990815879458477,-1,0.0006289323418023214,-1,-1,0.5,-1,-1,-1,-1
0.3201998576736495,-1,-1,-1,-1,-1,0.016009992883682475,-1,0.0006285555567484551,-1,-1,0.5,-1,-1,-1,-1
0.3205838577190144,-1,-1,-1,-1,-1,0.01602919288595072,-1,0.0006281789974215349,-1,-1,0.5,-1,-1,-1,-1
0.32096831827687256,-1,-1,-1,-1,-1,0.01604841591384363,-1,0.0006278026636863307,-1,-1,0.5,-1,-1,-1,-1
0.32135323989949427,-1,-1,-1,-1,-1,0.016067661994974714,-1,0.0006274265554076935,-1,-1,0.5,-1,-1,-1,-1
0.321738623139812,-1,-1,-1,-1,-1,0.0160869311569906,-1,0.0006270506724505555,-1,-1,0.5,-1,-1,-1,-1
0.3221244685514212,-1,-1,-1,-1,-1,0.01610622342757106,-1,0.0006266750146799292,-1,-1,0.5,-1,-1,-1,-1
0.3225107766885814,-1,-1,-1,-1,-1,0.016125538834429073,-1,0.0006262995819609087,-1,-1,0.5,-1,-1,-1,-1
0.3228975481062167,-1,-1,-1,-1,-1,0.016144877405310835,-1,0.0006259243741586683,-1,-1,0.5,-1,-1,-1,-1
0.3232847833599167,-1,-1,-1,-1,-1,0.016164239167995836,-1,0.0006255493911384632,-1,-1,0.5,-1,-1,-1,-1
0.3236724830059375,-1,-1,-1,-1,-1,0.016183624150296876,-1,0.0006251746327656298,-1,-1,0.5,-1,-1,-1,-1
0.3240606476012019,-1,-1,-1,-1,-1,0.016203032380060097,-1,0.0006248000989055847,-1,-1,0.5,-1,-1,-1,-1
0.324449277703301,-1,-1,-1,-1,-1,0.016222463885165052,-1,0.0006244257894238251,-1,-1,0.5,-1,-1,-1,-1
0.32483837387049425,-1,-1,-1,-1,-1,0.016241918693524714,-1,0.0006240517041859292,-1,-1,0.5,-1,-1,-1,-1
0.3252279366617108,-1,-1,-1,-1,-1,0.01626139683308554,-1,0.0006236778430575553,-1,-1,0.5,-1,-1,-1,-1
0.3256179666365501,-1,-1,-1,-1,-1,0.01628089833182751,-1,0.0006233042059044422,-1,-1,0.5,-1,-1,-1,-1
0.32600846435528263,-1,-1,-1,-1,-1,0.01630042321776413,-1,0.0006229307925924097,-1,-1,0.5,-1,-1,-1,-1
0.3263994303788508,-1,-1,-1,-1,-1,0.01631997151894254,-1,0.0006225576029873572,-1,-1,0.5,-1,-1,-1,-1
0.3267908652688696,-1,-1,-1,-1,-1,0.01633954326344348,-1,0.000622184636955265,-1,-1,0.5,-1,-1,-1,-1
0.3271827695876277,-1,-1,-1,-1,-1,0.016359138479381388,-1,0.0006218118943621935,-1,-1,0.5,-1,-1,-1,-1
0.32757514389808823,-1,-1,-1,-1,-1,0.016378757194904413,-1,0.0006214393750742832,-1,-1,0.5,-1,-1,-1,-1
0.32796798876388905,-1,-1,-1,-1,-1,0.016398399438194454,-1,0.000621067078957755,-1,-1,0.5,-1,-1,-1,-1
0.3283613047493443,-1,-1,-1,-1,-1,0.016418065237467215,-1,0.0006206950058789098,-1,-1,0.5,-1,-1,-1,-1
0.3287550924194447,-1,-1,-1,-1,-1,0.016437754620972238,-1,0.0006203231557041287,-1,-1,0.5,-1,-1,-1,-1
0.3291493523398587,-1,-1,-1,-1,-1,0.016457467616992936,-1,0.0006199515282998729,-1,-1,0.5,-1,-1,-1,-1
0.329544085076933,-1,-1,-1,-1,-1,0.01647720425384665,-1,0.0006195801235326834,-1,-1,0.5,-1,-1,-1,-1
0.3299392911976934,-1,-1,-1,-1,-1,0.01649696455988467,-1,0.0006192089412691816,-1,-1,0.5,-1,-1,-1,-1
0.3303349712698459,-1,-1,-1,-1,-1,0.016516748563492296,-1,0.0006188379813760682,-1,-1,0.5,-1,-1,-1,-1
0.3307311258617774,-1,-1,-1,-1,-1,0.01653655629308887,-1,0.0006184672437201239,-1,-1,0.5,-1,-1,-1,-1
0.3311277555425561,-1,-1,-1,-1,-1,0.016556387777127805,-1,0.0006180967281682096,-1,-1,0.5,-1,-1,-1,-1
0.3315248608819329,-1,-1,-1,-1,-1,0.016576243044096644,-1,0.0006177264345872656,-1,-1,0.5,-1,-1,-1,-1
0.33192244245034186,-1,-1,-1,-1,-1,0.016596122122517095,-1,0.0006173563628443121,-1,-1,0.5,-1,-1,-1,-1
0.33232050081890124,-1,-1,-1,-1,-1,0.016616025040945063,-1,0.0006169865128064489,-1,-1,0.5,-1,-1,-1,-1
0.33271903655941426,-1,-1,-1,-1,-1,0.016635951827970712,-1,0.0006166168843408553,-1,-1,0.5,-1,-1,-1,-1
0.33311805024436963,-1,-1,-1,-1,-1,0.016655902512218483,-1,0.0006162474773147903,-1,-1,0.5,-1,-1,-1,-1
0.33351754244694287,-1,-1,-1,-1,-1,0.016675877122347145,-1,0.0006158782915955925,-1,-1,0.5,-1,-1,-1,-1
0.3339175137409967,-1,-1,-1,-1,-1,0.016695875687049836,-1,0.0006155093270506799,-1,-1,0.5,-1,-1,-1,-1
0.33431796470108216,-1,-1,-1,-1,-1,0.016715898235054108,-1,0.0006151405835475498,-1,-1,0.5,-1,-1,-1,-1
0.33471889590243936,-1,-1,-1,-1,-1,0.016735944795121967,-1,0.000614772060953779,-1,-1,0.5,-1,-1,-1,-1
0.33512030792099806,-1,-1,-1,-1,-1,0.016756015396049904,-1,0.0006144037591370238,-1,-1,0.5,-1,-1,-1,-1
0.335522201333379,-1,-1,-1,-1,-1,0.016776110066668952,-1,0.0006140356779650192,-1,-1,0.5,-1,-1,-1,-1
0.3359245767168941,-1,-1,-1,-1,-1,0.016796228835844706,-1,0.0006136678173055802,-1,-1,0.5,-1,-1,-1,-1
0.33632743464954784,-1,-1,-1,-1,-1,0.01681637173247739,-1,0.0006133001770266007,-1,-1,0.5,-1,-1,-1,-1
0.33673077571003796,-1,-1,-1,-1,-1,0.016836538785501898,-1,0.0006129327569960534,-1,-1,0.5,-1,-1,-1,-1
0.3371346004777559,-1,-1,-1,-1,-1,0.016856730023887795,-1,0.0006125655570819905,-1,-1,0.5,-1,-1,-1,-1
0.33753890953278815,-1,-1,-1,-1,-1,0.01687694547663941,-1,0.0006121985771525431,-1,-1,0.5,-1,-1,-1,-1
0.3379437034559169,-1,-1,-1,-1,-1,0.016897185172795846,-1,0.0006118318170759213,-1,-1,0.5,-1,-1,-1,-1
0.3383489828286207,-1,-1,-1,-1,-1,0.016917449141431035,-1,0.0006114652767204143,-1,-1,0.5,-1,-1,-1,-1
0.3387547482330756,-1,-1,-1,-1,-1,0.016937737411653782,-1,0.00061109895595439,-1,-1,0.5,-1,-1,-1,-1
0.33916100025215556,-1,-1,-1,-1,-1,0.016958050012607778,-1,0.0006107328546462953,-1,-1,0.5,-1,-1,-1,-1
0.3395677394694338,-1,-1,-1,-1,-1,0.01697838697347169,-1,0.0006103669726646557,-1,-1,0.5,-1,-1,-1,-1
0.33997496646918346,-1,-1,-1,-1,-1,0.016998748323459174,-1,0.0006100013098780759,-1,-1,0.5,-1,-1,-1,-1
0.34038268183637804,-1,-1,-1,-1,-1,0.0170191340918189,-1,0.0006096358661552387,-1,-1,0.5,-1,-1,-1,-1
0.3407908861566929,-1,-1,-1,-1,-1,0.017039544307834647,-1,0.0006092706413649059,-1,-1,0.5,-1,-1,-1,-1
0.34119958001650547,-1,-1,-1,-1,-1,0.017059979000825273,-1,0.0006089056353759184,-1,-1,0.5,-1,-1,-1,-1
0.3416087640028966,-1,-1,-1,-1,-1,0.01708043820014483,-1,0.0006085408480571949,-1,-1,0.5,-1,-1,-1,-1
0.3420184387036513,-1,-1,-1,-1,-1,0.017100921935182565,-1,0.0006081762792777328,-1,-1,0.5,-1,-1,-1,-1
0.3424286047072591,-1,-1,-1,-1,-1,0.017121430235362955,-1,0.0006078119289066083,-1,-1,0.5,-1,-1,-1,-1
0.34283926260291575,-1,-1,-1,-1,-1,0.01714196313014579,-1,0.0006074477968129758,-1,-1,0.5,-1,-1,-1,-1
0.3432504129805231,-1,-1,-1,-1,-1,0.017162520649026156,-1,0.0006070838828660682,-1,-1,0.5,-1,-1,-1,-1
0.34366205643069087,-1,-1,-1,-1,-1,0.017183102821534544,-1,0.0006067201869351965,-1,-1,0.5,-1,-1,-1,-1
0.3440741935447369,-1,-1,-1,-1,-1,0.017203709677236844,-1,0.0006063567088897505,-1,-1,0.5,-1,-1,-1,-1
0.344486824914688,-1,-1,-1,-1,-1,0.017224341245734402,-1,0.0006059934485991975,-1,-1,0.5,-1,-1,-1,-1
0.34489995113328137,-1,-1,-1,-1,-1,0.01724499755666407,-1,0.0006056304059330836,-1,-1,0.5,-1,-1,-1,-1
0.3453135727939645,-1,-1,-1,-1,-1,0.017265678639698228,-1,0.0006052675807610332,-1,-1,0.5,-1,-1,-1,-1
0.34572769049089713,-1,-1,-1,-1,-1,0.017286384524544857,-1,0.0006049049729527481,-1,-1,0.5,-1,-1,-1,-1
0.34614230481895125,-1,-1,-1,-1,-1,0.017307115240947562,-1,0.0006045425823780086,-1,-1,0.5,-1,-1,-1,-1
0.34655741637371223,-1,-1,-1,-1,-1,0.01732787081868561,-1,0.0006041804089066729,-1,-1,0.5,-1,-1,-1,-1
0.3469730257514798,-1,-1,-1,-1,-1,0.017348651287573992,-1,0.0006038184524086775,-1,-1,0.5,-1,-1,-1,-1
0.34738913354926887,-1,-1,-1,-1,-1,0.017369456677463445,-1,0.0006034567127540362,-1,-1,0.5,-1,-1,-1,-1
0.34780574036481005,-1,-1,-1,-1,-1,0.017390287018240504,-1,0.0006030951898128412,-1,-1,0.5,-1,-1,-1,-1
0.3482228467965511,-1,-1,-1,-1,-1,0.017411142339827556,-1,0.0006027338834552623,-1,-1,0.5,-1,-1,-1,-1
0.34864045344365713,-1,-1,-1,-1,-1,0.017432022672182856,-1,0.0006023727935515472,-1,-1,0.5,-1,-1,-1,-1
0.3490585609060121,-1,-1,-1,-1,-1,0.017452928045300607,-1,0.0006020119199720213,-1,-1,0.5,-1,-1,-1,-1
0.34947716978421944,-1,-1,-1,-1,-1,0.017473858489210972,-1,0.0006016512625870871,-1,-1,0.5,-1,-1,-1,-1
0.3498962806796024,-1,-1,-1,-1,-1,0.017494814033980118,-1,0.000601290821267226,-1,-1,0.5,-1,-1,-1,-1
0.35031589419420583,-1,-1,-1,-1,-1,0.01751579470971029,-1,0.0006009305958829958,-1,-1,0.5,-1,-1,-1,-1
0.3507360109307963,-1,-1,-1,-1,-1,0.017536800546539815,-1,0.0006005705863050326,-1,-1,0.5,-1,-1,-1,-1
0.35115663149286336,-1,-1,-1,-1,-1,0.01755783157464317,-1,0.0006002107924040496,-1,-1,0.5,-1,-1,-1,-1
0.3515777564846205,-1,-1,-1,-1,-1,0.017578887824231025,-1,0.0005998512140508374,-1,-1,0.5,-1,-1,-1,-1
0.3519993865110052,-1,-1,-1,-1,-1,0.01759996932555026,-1,0.0005994918511162644,-1,-1,0.5,-1,-1,-1,-1
0.35242152217768125,-1,-1,-1,-1,-1,0.017621076108884064,-1,0.0005991327034712762,-1,-1,0.5,-1,-1,-1,-1
0.352844164091038,-1,-1,-1,-1,-1,0.017642208204551903,-1,0.0005987737709868955,-1,-1,0.5,-1,-1,-1,-1
0.3532673128581925,-1,-1,-1,-1,-1,0.017663365642909625,-1,0.0005984150535342224,-1,-1,0.5,-1,-1,-1,-1
0.3536909690869899,-1,-1,-1,-1,-1,0.017684548454349493,-1,0.0005980565509844343,-1,-1,0.5,-1,-1,-1,-1
0.35411513338600387,-1,-1,-1,-1,-1,0.017705756669300195,-1,0.0005976982632087858,-1,-1,0.5,-1,-1,-1,-1
0.3545398063645384,-1,-1,-1,-1,-1,0.017726990318226922,-1,0.0005973401900786084,-1,-1,0.5,-1,-1,-1,-1
0.3549649886326279,-1,-1,-1,-1,-1,0.017748249431631394,-1,0.0005969823314653111,-1,-1,0.5,-1,-1,-1,-1
0.3553906808010384,-1,-1,-1,-1,-1,0.01776953404005192,-1,0.0005966246872403792,-1,-1,0.5,-1,-1,-1,-1
0.35581688348126866,-1,-1,-1,-1,-1,0.017790844174063434,-1,0.000596267257275376,-1,-1,0.5,-1,-1,-1,-1
0.3562435972855503,-1,-1,-1,-1,-1,0.017812179864277515,-1,0.0005959100414419409,-1,-1,0.5,-1,-1,-1,-1
0.35667082282684953,-1,-1,-1,-1,-1,0.017833541141342477,-1,0.0005955530396117905,-1,-1,0.5,-1,-1,-1,-1
0.3570985607188677,-1,-1,-1,-1,-1,0.017854928035943386,-1,0.0005951962516567183,-1,-1,0.5,-1,-1,-1,-1
0.3575268115760417,-1,-1,-1,-1,-1,0.017876340578802087,-1,0.0005948396774485947,-1,-1,0.5,-1,-1,-1,-1
0.3579555760135459,-1,-1,-1,-1,-1,0.017897778800677295,-1,0.0005944833168593665,-1,-1,0.5,-1,-1,-1,-1
0.3583848546472918,-1,-1,-1,-1,-1,0.01791924273236459,-1,0.0005941271697610577,-1,-1,0.5,-1,-1,-1,-1
0.35881464809392993,-1,-1,-1,-1,-1,0.017940732404696496,-1,0.0005937712360257687,-1,-1,0.5,-1,-1,-1,-1
0.35924495697085046,-1,-1,-1,-1,-1,0.017962247848542525,-1,0.0005934155155256762,-1,-1,0.5,-1,-1,-1,-1
0.35967578189618343,-1,-1,-1,-1,-1,0.01798378909480917,-1,0.0005930600081330339,-1,-1,0.5,-1,-1,-1,-1
0.3601071234888007,-1,-1,-1,-1,-1,0.018005356174440035,-1,0.0005927047137201724,-1,-1,0.5,-1,-1,-1,-1
0.36053898236831594,-1,-1,-1,-1,-1,0.0180269491184158,-1,0.0005923496321594979,-1,-1,0.5,-1,-1,-1,-1
0.3609713591550861,-1,-1,-1,-1,-1,0.018048567957754304,-1,0.0005919947633234935,-1,-1,0.5,-1,-1,-1,-1
0.36140425447021224,-1,-1,-1,-1,-1,0.01807021272351061,-1,0.0005916401070847185,-1,-1,0.5,-1,-1,-1,-1
0.3618376689355398,-1,-1,-1,-1,-1,0.01809188344677699,-1,0.0005912856633158093,-1,-1,0.5,-1,-1,-1,-1
0.3622716031736605,-1,-1,-1,-1,-1,0.018113580158683026,-1,0.0005909314318894775,-1,-1,0.5,-1,-1,-1,-1
0.3627060578079122,-1,-1,-1,-1,-1,0.01813530289039561,-1,0.0005905774126785116,-1,-1,0.5,-1,-1,-1,-1
0.3631410334623807,-1,-1,-1,-1,-1,0.018157051673119037,-1,0.0005902236055557763,-1,-1,0.5,-1,-1,-1,-1
0.3635765307619002,-1,-1,-1,-1,-1,0.01817882653809501,-1,0.000589870010394212,-1,-1,0.5,-1,-1,-1,-1
0.3640125503320539,-1,-1,-1,-1,-1,0.018200627516602695,-1,0.0005895166270668361,-1,-1,0.5,-1,-1,-1,-1
0.36444909279917564,-1,-1,-1,-1,-1,0.018222454639958783,-1,0.0005891634554467411,-1,-1,0.5,-1,-1,-1,-1
0.3648861587903501,-1,-1,-1,-1,-1,0.018244307939517503,-1,0.000588810495407096,-1,-1,0.5,-1,-1,-1,-1
0.365323748933414,-1,-1,-1,-1,-1,0.0182661874466707,-1,0.000588457746821146,-1,-1,0.5,-1,-1,-1,-1
0.3657618638569574,-1,-1,-1,-1,-1,0.01828809319284787,-1,0.0005881052095622117,-1,-1,0.5,-1,-1,-1,-1
0.36620050419032363,-1,-1,-1,-1,-1,0.018310025209516183,-1,0.0005877528835036902,-1,-1,0.5,-1,-1,-1,-1
0.3666396705636111,-1,-1,-1,-1,-1,0.018331983528180554,-1,0.0005874007685190539,-1,-1,0.5,-1,-1,-1,-1
0.3670793636076738,-1,-1,-1,-1,-1,0.01835396818038369,-1,0.0005870488644818512,-1,-1,0.5,-1,-1,-1,-1
0.3675195839541222,-1,-1,-1,-1,-1,0.018375979197706113,-1,0.0005866971712657063,-1,-1,0.5,-1,-1,-1,-1
0.3679603322353244,-1,-1,-1,-1,-1,0.01839801661176622,-1,0.0005863456887443192,-1,-1,0.5,-1,-1,-1,-1
0.36840160908440667,-1,-1,-1,-1,-1,0.018420080454220333,-1,0.0005859944167914655,-1,-1,0.5,-1,-1,-1,-1
0.3688434151352546,-1,-1,-1,-1,-1,0.01844217075676273,-1,0.0005856433552809962,-1,-1,0.5,-1,-1,-1,-1
0.3692857510225142,-1,-1,-1,-1,-1,0.01846428755112571,-1,0.000585292504086838,-1,-1,0.5,-1,-1,-1,-1
0.3697286173815922,-1,-1,-1,-1,-1,0.01848643086907961,-1,0.0005849418630829935,-1,-1,0.5,-1,-1,-1,-1
0.37017201484865764,-1,-1,-1,-1,-1,0.018508600742432883,-1,0.0005845914321435401,-1,-1,0.5,-1,-1,-1,-1
0.3706159440606423,-1,-1,-1,-1,-1,0.018530797203032117,-1,0.0005842412111426311,-1,-1,0.5,-1,-1,-1,-1
0.3710604056552419,-1,-1,-1,-1,-1,0.018553020282762095,-1,0.0005838911999544954,-1,-1,0.5,-1,-1,-1,-1
0.37150540027091705,-1,-1,-1,-1,-1,0.018575270013545853,-1,0.0005835413984534364,-1,-1,0.5,-1,-1,-1,-1
0.37195092854689366,-1,-1,-1,-1,-1,0.018597546427344683,-1,0.0005831918065138337,-1,-1,0.5,-1,-1,-1,-1
0.3723969911231646,-1,-1,-1,-1,-1,0.01861984955615823,-1,0.0005828424240101419,-1,-1,0.5,-1,-1,-1,-1
0.37284358864049005,-1,-1,-1,-1,-1,0.018642179432024505,-1,0.0005824932508168904,-1,-1,0.5,-1,-1,-1,-1
0.3732907217403987,-1,-1,-1,-1,-1,0.018664536087019935,-1,0.0005821442868086843,-1,-1,0.5,-1,-1,-1,-1
0.3737383910651886,-1,-1,-1,-1,-1,0.01868691955325943,-1,0.0005817955318602035,-1,-1,0.5,-1,-1,-1,-1
0.37418659725792797,-1,-1,-1,-1,-1,0.0187093298628964,-1,0.0005814469858462031,-1,-1,0.5,-1,-1,-1,-1
0.37463534096245643,-1,-1,-1,-1,-1,0.01873176704812282,-1,0.0005810986486415132,-1,-1,0.5,-1,-1,-1,-1
0.3750846228233855,-1,-1,-1,-1,-1,0.018754231141169277,-1,0.0005807505201210389,-1,-1,0.5,-1,-1,-1,-1
0.3755344434860999,-1,-1,-1,-1,-1,0.018776722174304997,-1,0.0005804026001597605,-1,-1,0.5,-1,-1,-1,-1
0.37598480359675834,-1,-1,-1,-1,-1,0.018799240179837917,-1,0.0005800548886327324,-1,-1,0.5,-1,-1,-1,-1
0.3764357038022943,-1,-1,-1,-1,-1,0.018821785190114716,-1,0.000579707385415085,-1,-1,0.5,-1,-1,-1,-1
0.3768871447504173,-1,-1,-1,-1,-1,0.018844357237520867,-1,0.0005793600903820223,-1,-1,0.5,-1,-1,-1,-1
0.3773391270896133,-1,-1,-1,-1,-1,0.018866956354480668,-1,0.0005790130034088242,-1,-1,0.5,-1,-1,-1,-1
0.3777916514691463,-1,-1,-1,-1,-1,0.018889582573457315,-1,0.0005786661243708446,-1,-1,0.5,-1,-1,-1,-1
0.37824471853905883,-1,-1,-1,-1,-1,0.018912235926952944,-1,0.0005783194531435121,-1,-1,0.5,-1,-1,-1,-1
0.37869832895017286,-1,-1,-1,-1,-1,0.018934916447508644,-1,0.0005779729896023303,-1,-1,0.5,-1,-1,-1,-1
0.3791524833540909,-1,-1,-1,-1,-1,0.018957624167704547,-1,0.0005776267336228771,-1,-1,0.5,-1,-1,-1,-1
0.3796071824031972,-1,-1,-1,-1,-1,0.01898035912015986,-1,0.0005772806850808049,-1,-1,0.5,-1,-1,-1,-1
0.3800624267506578,-1,-1,-1,-1,-1,0.019003121337532892,-1,0.0005769348438518409,-1,-1,0.5,-1,-1,-1,-1
0.38051821705042266,-1,-1,-1,-1,-1,0.019025910852521134,-1,0.0005765892098117863,-1,-1,0.5,-1,-1,-1,-1
0.38097455395722546,-1,-1,-1,-1,-1,0.019048727697861274,-1,0.0005762437828365172,-1,-1,0.5,-1,-1,-1,-1
0.3814314381265854,-1,-1,-1,-1,-1,0.01907157190632927,-1,0.0005758985628019838,-1,-1,0.5,-1,-1,-1,-1
0.3818888702148079,-1,-1,-1,-1,-1,0.019094443510740397,-1,0.0005755535495842106,-1,-1,0.5,-1,-1,-1,-1
0.382346850878985,-1,-1,-1,-1,-1,0.019117342543949253,-1,0.0005752087430592963,-1,-1,0.5,-1,-1,-1,-1
0.3828053807769973,-1,-1,-1,-1,-1,0.019140269038849866,-1,0.0005748641431034141,-1,-1,0.5,-1,-1,-1,-1
0.38326446056751384,-1,-1,-1,-1,-1,0.019163223028375694,-1,0.0005745197495928112,-1,-1,0.5,-1,-1,-1,-1
0.383724090909994,-1,-1,-1,-1,-1,0.0191862045454997,-1,0.000574175562403809,-1,-1,0.5,-1,-1,-1,-1
0.3841842724646879,-1,-1,-1,-1,-1,0.019209213623234397,-1,0.0005738315814128026,-1,-1,0.5,-1,-1,-1,-1
0.3846450058926373,-1,-1,-1,-1,-1,0.019232250294631867,-1,0.0005734878064962619,-1,-1,0.5,-1,-1,-1,-1
0.3851062918556769,-1,-1,-1,-1,-1,0.019255314592783845,-1,0.0005731442375307303,-1,-1,0.5,-1,-1,-1,-1
0.38556813101643495,-1,-1,-1,-1,-1,0.019278406550821747,-1,0.0005728008743928253,-1,-1,0.5,-1,-1,-1,-1
0.3860305240383345,-1,-1,-1,-1,-1,0.019301526201916726,-1,0.0005724577169592384,-1,-1,0.5,-1,-1,-1,-1
0.3864934715855943,-1,-1,-1,-1,-1,0.019324673579279715,-1,0.0005721147651067345,-1,-1,0.5,-1,-1,-1,-1
0.38695697432322923,-1,-1,-1,-1,-1,0.019347848716161464,-1,0.0005717720187121529,-1,-1,0.5,-1,-1,-1,-1
0.38742103291705227,-1,-1,-1,-1,-1,0.019371051645852615,-1,0.0005714294776524066,-1,-1,0.5,-1,-1,-1,-1
0.38788564803367437,-1,-1,-1,-1,-1,0.01939428240168372,-1,0.0005710871418044821,-1,-1,0.5,-1,-1,-1,-1
0.38835082034050616,-1,-1,-1,-1,-1,0.019417541017025308,-1,0.0005707450110454397,-1,-1,0.5,-1,-1,-1,-1
0.38881655050575886,-1,-1,-1,-1,-1,0.019440827525287946,-1,0.0005704030852524133,-1,-1,0.5,-1,-1,-1,-1
0.3892828391984446,-1,-1,-1,-1,-1,0.01946414195992223,-1,0.0005700613643026106,-1,-1,0.5,-1,-1,-1,-1
0.38974968708837804,-1,-1,-1,-1,-1,0.019487484354418903,-1,0.0005697198480733126,-1,-1,0.5,-1,-1,-1,-1
0.3902170948461773,-1,-1,-1,-1,-1,0.019510854742308865,-1,0.000569378536441874,-1,-1,0.5,-1,-1,-1,-1
0.3906850631432643,-1,-1,-1,-1,-1,0.019534253157163214,-1,0.0005690374292857232,-1,-1,0.5,-1,-1,-1,-1
0.39115359265186667,-1,-1,-1,-1,-1,0.019557679632593333,-1,0.0005686965264823611,-1,-1,0.5,-1,-1,-1,-1
0.39162268404501777,-1,-1,-1,-1,-1,0.01958113420225089,-1,0.0005683558279093633,-1,-1,0.5,-1,-1,-1,-1
0.39209233799655835,-1,-1,-1,-1,-1,0.01960461689982792,-1,0.0005680153334443779,-1,-1,0.5,-1,-1,-1,-1
0.39256255518113736,-1,-1,-1,-1,-1,0.019628127759056868,-1,0.0005676750429651262,-1,-1,0.5,-1,-1,-1,-1
0.3930333362742124,-1,-1,-1,-1,-1,0.01965166681371062,-1,0.0005673349563494035,-1,-1,0.5,-1,-1,-1,-1
0.39350468195205157,-1,-1,-1,-1,-1,0.01967523409760258,-1,0.0005669950734750774,-1,-1,0.5,-1,-1,-1,-1
0.3939765928917337,-1,-1,-1,-1,-1,0.019698829644586687,-1,0.0005666553942200894,-1,-1,0.5,-1,-1,-1,-1
0.3944490697711497,-1,-1,-1,-1,-1,0.019722453488557487,-1,0.000566315918462454,-1,-1,0.5,-1,-1,-1,-1
0.3949221132690035,-1,-1,-1,-1,-1,0.019746105663450177,-1,0.0005659766460802581,-1,-1,0.5,-1,-1,-1,-1
0.3953957240648129,-1,-1,-1,-1,-1,0.019769786203240644,-1,0.0005656375769516627,-1,-1,0.5,-1,-1,-1,-1
0.3958699028389106,-1,-1,-1,-1,-1,0.019793495141945533,-1,0.0005652987109549008,-1,-1,0.5,-1,-1,-1,-1
0.39634465027244514,-1,-1,-1,-1,-1,0.01981723251362226,-1,0.0005649600479682793,-1,-1,0.5,-1,-1,-1,-1
0.3968199670473821,-1,-1,-1,-1,-1,0.019840998352369105,-1,0.0005646215878701771,-1,-1,0.5,-1,-1,-1,-1
0.3972958538465049,-1,-1,-1,-1,-1,0.019864792692325245,-1,0.0005642833305390465,-1,-1,0.5,-1,-1,-1,-1
0.3977723113534154,-1,-1,-1,-1,-1,0.01988861556767077,-1,0.0005639452758534126,-1,-1,0.5,-1,-1,-1,-1
0.3982493402525359,-1,-1,-1,-1,-1,0.019912467012626795,-1,0.000563607423691873,-1,-1,0.5,-1,-1,-1,-1
0.3987269412291089,-1,-1,-1,-1,-1,0.019936347061455445,-1,0.0005632697739330982,-1,-1,0.5,-1,-1,-1,-1
0.399205114969199,-1,-1,-1,-1,-1,0.019960255748459953,-1,0.0005629323264558315,-1,-1,0.5,-1,-1,-1,-1
0.39968386215969376,-1,-1,-1,-1,-1,0.019984193107984688,-1,0.0005625950811388886,-1,-1,0.5,-1,-1,-1,-1
0.4001631834883038,-1,-1,-1,-1,-1,0.02000815917441519,-1,0.0005622580378611579,-1,-1,0.5,-1,-1,-1,-1
0.4006430796435652,-1,-1,-1,-1,-1,0.020032153982178263,-1,0.0005619211965016006,-1,-1,0.5,-1,-1,-1,-1
0.4011235513148395,-1,-1,-1,-1,-1,0.020056177565741976,-1,0.00056158455693925,-1,-1,0.5,-1,-1,-1,-1
0.4016045991923147,-1,-1,-1,-1,-1,0.02008022995961574,-1,0.0005612481190532121,-1,-1,0.5,-1,-1,-1,-1
0.40208622396700705,-1,-1,-1,-1,-1,0.020104311198350353,-1,0.0005609118827226651,-1,-1,0.5,-1,-1,-1,-1
0.4025684263307609,-1,-1,-1,-1,-1,0.020128421316538046,-1,0.0005605758478268603,-1,-1,0.5,-1,-1,-1,-1
0.40305120697625074,-1,-1,-1,-1,-1,0.020152560348812538,-1,0.0005602400142451203,-1,-1,0.5,-1,-1,-1,-1
0.4035345665969817,-1,-1,-1,-1,-1,0.020176728329849087,-1,0.0005599043818568406,-1,-1,0.5,-1,-1,-1,-1
0.4040185058872903,-1,-1,-1,-1,-1,0.020200925294364517,-1,0.000559568950541489,-1,-1,0.5,-1,-1,-1,-1
0.4045030255423462,-1,-1,-1,-1,-1,0.020225151277117312,-1,0.0005592337201786052,-1,-1,0.5,-1,-1,-1,-1
0.4049881262581521,-1,-1,-1,-1,-1,0.020249406312907607,-1,0.0005588986906478015,-1,-1,0.5,-1,-1,-1,-1
0.4054738087315461,-1,-1,-1,-1,-1,0.020273690436577306,-1,0.0005585638618287619,-1,-1,0.5,-1,-1,-1,-1
0.4059600736602016,-1,-1,-1,-1,-1,0.02029800368301008,-1,0.0005582292336012424,-1,-1,0.5,-1,-1,-1,-1
0.40644692174262853,-1,-1,-1,-1,-1,0.02032234608713143,-1,0.0005578948058450717,-1,-1,0.5,-1,-1,-1,-1
0.40693435367817504,-1,-1,-1,-1,-1,0.020346717683908753,-1,0.0005575605784401496,-1,-1,0.5,-1,-1,-1,-1
0.40742237016702737,-1,-1,-1,-1,-1,0.02037111850835137,-1,0.0005572265512664488,-1,-1,0.5,-1,-1,-1,-1
0.40791097191021186,-1,-1,-1,-1,-1,0.020395548595510595,-1,0.0005568927242040132,-1,-1,0.5,-1,-1,-1,-1
0.4084001596095955,-1,-1,-1,-1,-1,0.020420007980479778,-1,0.0005565590971329586,-1,-1,0.5,-1,-1,-1,-1
0.4088899339678868,-1,-1,-1,-1,-1,0.020444496698394342,-1,0.0005562256699334731,-1,-1,0.5,-1,-1,-1,-1
0.40938029568863726,-1,-1,-1,-1,-1,0.020469014784431864,-1,0.0005558924424858161,-1,-1,0.5,-1,-1,-1,-1
0.4098712454762418,-1,-1,-1,-1,-1,0.02049356227381209,-1,0.000555559414670319,-1,-1,0.5,-1,-1,-1,-1
0.4103627840359404,-1,-1,-1,-1,-1,0.02051813920179702,-1,0.0005552265863673848,-1,-1,0.5,-1,-1,-1,-1
0.41085491207381875,-1,-1,-1,-1,-1,0.02054274560369094,-1,0.0005548939574574881,-1,-1,0.5,-1,-1,-1,-1
0.411347630296809,-1,-1,-1,-1,-1,0.02056738151484045,-1,0.0005545615278211753,-1,-1,0.5,-1,-1,-1,-1
0.4118409394126914,-1,-1,-1,-1,-1,0.020592046970634572,-1,0.0005542292973390641,-1,-1,0.5,-1,-1,-1,-1
0.41233484013009514,-1,-1,-1,-1,-1,0.02061674200650476,-1,0.000553897265891844,-1,-1,0.5,-1,-1,-1,-1
0.4128293331584987,-1,-1,-1,-1,-1,0.020641466657924934,-1,0.0005535654333602756,-1,-1,0.5,-1,-1,-1,-1
0.413324419208232,-1,-1,-1,-1,-1,0.0206662209604116,-1,0.0005532337996251913,-1,-1,0.5,-1,-1,-1,-1
0.4138200989904763,-1,-1,-1,-1,-1,0.020691004949523816,-1,0.0005529023645674949,-1,-1,0.5,-1,-1,-1,-1
0.4143163732172661,-1,-1,-1,-1,-1,0.020715818660863305,-1,0.0005525711280681612,-1,-1,0.5,-1,-1,-1,-1
0.4148132426014899,-1,-1,-1,-1,-1,0.020740662130074496,-1,0.0005522400900082365,-1,-1,0.5,-1,-1,-1,-1
0.41531070785689056,-1,-1,-1,-1,-1,0.02076553539284453,-1,0.0005519092502688384,-1,-1,0.5,-1,-1,-1,-1
0.41580876969806757,-1,-1,-1,-1,-1,0.02079043848490338,-1,0.0005515786087311558,-1,-1,0.5,-1,-1,-1,-1
0.41630742884047695,-1,-1,-1,-1,-1,0.020815371442023847,-1,0.0005512481652764485,-1,-1,0.5,-1,-1,-1,-1
0.41680668600043286,-1,-1,-1,-1,-1,0.020840334300021645,-1,0.0005509179197860478,-1,-1,0.5,-1,-1,-1,-1
0.41730654189510874,-1,-1,-1,-1,-1,0.02086532709475544,-1,0.0005505878721413556,-1,-1,0.5,-1,-1,-1,-1
0.4178069972425376,-1,-1,-1,-1,-1,0.020890349862126883,-1,0.0005502580222238456,-1,-1,0.5,-1,-1,-1,-1
0.4183080527616141,-1,-1,-1,-1,-1,0.020915402638080706,-1,0.0005499283699150618,-1,-1,0.5,-1,-1,-1,-1
0.41880970917209454,-1,-1,-1,-1,-1,0.02094048545860473,-1,0.0005495989150966192,-1,-1,0.5,-1,-1,-1,-1
0.41931196719459873,-1,-1,-1,-1,-1,0.02096559835972994,-1,0.0005492696576502045,-1,-1,0.5,-1,-1,-1,-1
0.4198148275506107,-1,-1,-1,-1,-1,0.02099074137753054,-1,0.0005489405974575741,-1,-1,0.5,-1,-1,-1,-1
0.4203182909624794,-1,-1,-1,-1,-1,0.021015914548123973,-1,0.0005486117344005564,-1,-1,0.5,-1,-1,-1,-1
0.42082235815342045,-1,-1,-1,-1,-1,0.021041117907671023,-1,0.0005482830683610497,-1,-1,0.5,-1,-1,-1,-1
0.42132702984751635,-1,-1,-1,-1,-1,0.021066351492375818,-1,0.0005479545992210236,-1,-1,0.5,-1,-1,-1,-1
0.42183230676971833,-1,-1,-1,-1,-1,0.021091615338485917,-1,0.0005476263268625182,-1,-1,0.5,-1,-1,-1,-1
0.422338189645847,-1,-1,-1,-1,-1,0.02111690948229235,-1,0.0005472982511676443,-1,-1,0.5,-1,-1,-1,-1
0.4228446792025931,-1,-1,-1,-1,-1,0.021142233960129656,-1,0.0005469703720185833,-1,-1,0.5,-1,-1,-1,-1
0.4233517761675191,-1,-1,-1,-1,-1,0.021167588808375958,-1,0.0005466426892975871,-1,-1,0.5,-1,-1,-1,-1
0.42385948126906015,-1,-1,-1,-1,-1,0.02119297406345301,-1,0.0005463152028869782,-1,-1,0.5,-1,-1,-1,-1
0.4243677952365245,-1,-1,-1,-1,-1,0.021218389761826228,-1,0.00054598791266915,-1,-1,0.5,-1,-1,-1,-1
0.42487671880009553,-1,-1,-1,-1,-1,0.021243835940004778,-1,0.0005456608185265655,-1,-1,0.5,-1,-1,-1,-1
0.4253862526908319,-1,-1,-1,-1,-1,0.0212693126345416,-1,0.000545333920341759,-1,-1,0.5,-1,-1,-1,-1
0.42589639764066917,-1,-1,-1,-1,-1,0.02129481988203346,-1,0.0005450072179973347,-1,-1,0.5,-1,-1,-1,-1
0.4264071543824209,-1,-1,-1,-1,-1,0.021320357719121046,-1,0.0005446807113759672,-1,-1,0.5,-1,-1,-1,-1
0.4269185236497789,-1,-1,-1,-1,-1,0.021345926182488945,-1,0.0005443544003604012,-1,-1,0.5,-1,-1,-1,-1
0.42743050617731554,-1,-1,-1,-1,-1,0.02137152530886578,-1,0.0005440282848334522,-1,-1,0.5,-1,-1,-1,-1
0.42794310270048347,-1,-1,-1,-1,-1,0.021397155135024173,-1,0.0005437023646780053,-1,-1,0.5,-1,-1,-1,-1
0.4284563139556178,-1,-1,-1,-1,-1,0.02142281569778089,-1,0.0005433766397770163,-1,-1,0.5,-1,-1,-1,-1
0.42897014067993666,-1,-1,-1,-1,-1,0.021448507033996835,-1,0.0005430511100135104,-1,-1,0.5,-1,-1,-1,-1
0.42948458361154196,-1,-1,-1,-1,-1,0.0214742291805771,-1,0.0005427257752705836,-1,-1,0.5,-1,-1,-1,-1
0.4299996434894212,-1,-1,-1,-1,-1,0.021499982174471063,-1,0.0005424006354314016,-1,-1,0.5,-1,-1,-1,-1
0.4305153210534477,-1,-1,-1,-1,-1,0.021525766052672386,-1,0.0005420756903792001,-1,-1,0.5,-1,-1,-1,-1
0.4310316170443824,-1,-1,-1,-1,-1,0.021551580852219122,-1,0.0005417509399972849,-1,-1,0.5,-1,-1,-1,-1
0.4315485322038745,-1,-1,-1,-1,-1,0.021577426610193726,-1,0.0005414263841690313,-1,-1,0.5,-1,-1,-1,-1
0.4320660672744625,-1,-1,-1,-1,-1,0.021603303363723125,-1,0.0005411020227778854,-1,-1,0.5,-1,-1,-1,-1
0.43258422299957566,-1,-1,-1,-1,-1,0.021629211149978785,-1,0.0005407778557073618,-1,-1,0.5,-1,-1,-1,-1
0.43310300012353437,-1,-1,-1,-1,-1,0.02165515000617672,-1,0.000540453882841046,-1,-1,0.5,-1,-1,-1,-1
0.43362239939155206,-1,-1,-1,-1,-1,0.021681119969577604,-1,0.0005401301040625928,-1,-1,0.5,-1,-1,-1,-1
0.4341424215497358,-1,-1,-1,-1,-1,0.02170712107748679,-1,0.0005398065192557265,-1,-1,0.5,-1,-1,-1,-1
0.43466306734508714,-1,-1,-1,-1,-1,0.021733153367254357,-1,0.0005394831283042415,-1,-1,0.5,-1,-1,-1,-1
0.43518433752550373,-1,-1,-1,-1,-1,0.02175921687627519,-1,0.0005391599310920015,-1,-1,0.5,-1,-1,-1,-1
0.43570623283978016,-1,-1,-1,-1,-1,0.02178531164198901,-1,0.0005388369275029399,-1,-1,0.5,-1,-1,-1,-1
0.4362287540376088,-1,-1,-1,-1,-1,0.021811437701880442,-1,0.0005385141174210597,-1,-1,0.5,-1,-1,-1,-1
0.4367519018695814,-1,-1,-1,-1,-1,0.021837595093479073,-1,0.0005381915007304331,-1,-1,0.5,-1,-1,-1,-1
0.43727567708718945,-1,-1,-1,-1,-1,0.021863783854359473,-1,0.0005378690773152022,-1,-1,0.5,-1,-1,-1,-1
0.437800080442826,-1,-1,-1,-1,-1,0.0218900040221413,-1,0.000537546847059578,-1,-1,0.5,-1,-1,-1,-1
0.4383251126897863,-1,-1,-1,-1,-1,0.021916255634489318,-1,0.0005372248098478413,-1,-1,0.5,-1,-1,-1,-1
0.43885077458226895,-1,-1,-1,-1,-1,0.021942538729113448,-1,0.0005369029655643421,-1,-1,0.5,-1,-1,-1,-1
0.4393770668753772,-1,-1,-1,-1,-1,0.02196885334376886,-1,0.0005365813140934996,-1,-1,0.5,-1,-1,-1,-1
0.4399039903251195,-1,-1,-1,-1,-1,0.021995199516255975,-1,0.0005362598553198023,-1,-1,0.5,-1,-1,-1,-1
0.44043154568841125,-1,-1,-1,-1,-1,0.022021577284420564,-1,0.0005359385891278078,-1,-1,0.5,-1,-1,-1,-1
0.4409597337230757,-1,-1,-1,-1,-1,0.022047986686153785,-1,0.000535617515402143,-1,-1,0.5,-1,-1,-1,-1
0.44148855518784436,-1,-1,-1,-1,-1,0.02207442775939222,-1,0.0005352966340275039,-1,-1,0.5,-1,-1,-1,-1
0.4420180108423593,-1,-1,-1,-1,-1,0.02210090054211797,-1,0.0005349759448886554,-1,-1,0.5,-1,-1,-1,-1
0.4425481014471731,-1,-1,-1,-1,-1,0.022127405072358657,-1,0.0005346554478704318,-1,-1,0.5,-1,-1,-1,-1
0.44307882776375074,-1,-1,-1,-1,-1,0.022153941388187538,-1,0.0005343351428577361,-1,-1,0.5,-1,-1,-1,-1
0.4436101905544704,-1,-1,-1,-1,-1,0.02218050952772352,-1,0.00053401502973554,-1,-1,0.5,-1,-1,-1,-1
0.44414219058262405,-1,-1,-1,-1,-1,0.022207109529131203,-1,0.000533695108388885,-1,-1,0.5,-1,-1,-1,-1
0.44467482861241986,-1,-1,-1,-1,-1,0.022233741430620995,-1,0.0005333753787028806,-1,-1,0.5,-1,-1,-1,-1
0.44520810540898165,-1,-1,-1,-1,-1,0.022260405270449084,-1,0.0005330558405627053,-1,-1,0.5,-1,-1,-1,-1
0.44574202173835137,-1,-1,-1,-1,-1,0.02228710108691757,-1,0.0005327364938536069,-1,-1,0.5,-1,-1,-1,-1
0.4462765783674895,-1,-1,-1,-1,-1,0.022313828918374478,-1,0.0005324173384609013,-1,-1,0.5,-1,-1,-1,-1
0.4468117760642762,-1,-1,-1,-1,-1,0.02234058880321381,-1,0.0005320983742699735,-1,-1,0.5,-1,-1,-1,-1
0.4473476155975127,-1,-1,-1,-1,-1,0.022367380779875635,-1,0.0005317796011662768,-1,-1,0.5,-1,-1,-1,-1
0.44788409773692184,-1,-1,-1,-1,-1,0.022394204886846094,-1,0.0005314610190353336,-1,-1,0.5,-1,-1,-1,-1
0.44842122325315004,-1,-1,-1,-1,-1,0.022421061162657505,-1,0.0005311426277627348,-1,-1,0.5,-1,-1,-1,-1
0.4489589929177677,-1,-1,-1,-1,-1,0.022447949645888386,-1,0.0005308244272341393,-1,-1,0.5,-1,-1,-1,-1
0.4494974075032703,-1,-1,-1,-1,-1,0.022474870375163516,-1,0.0005305064173352751,-1,-1,0.5,-1,-1,-1,-1
0.45003646778308004,-1,-1,-1,-1,-1,0.022501823389154005,-1,0.0005301885979519384,-1,-1,0.5,-1,-1,-1,-1
0.45057617453154675,-1,-1,-1,-1,-1,0.022528808726577337,-1,0.000529870968969994,-1,-1,0.5,-1,-1,-1,-1
0.45111652852394846,-1,-1,-1,-1,-1,0.022555826426197426,-1,0.0005295535302753747,-1,-1,0.5,-1,-1,-1,-1
0.4516575305364933,-1,-1,-1,-1,-1,0.02258287652682467,-1,0.000529236281754082,-1,-1,0.5,-1,-1,-1,-1
0.45219918134632014,-1,-1,-1,-1,-1,0.02260995906731601,-1,0.0005289192232921856,-1,-1,0.5,-1,-1,-1,-1
0.45274148173149986,-1,-1,-1,-1,-1,0.022637074086574994,-1,0.0005286023547758236,-1,-1,0.5,-1,-1,-1,-1
0.45328443247103656,-1,-1,-1,-1,-1,0.02266422162355183,-1,0.0005282856760912017,-1,-1,0.5,-1,-1,-1,-1
0.4538280343448682,-1,-1,-1,-1,-1,0.02269140171724341,-1,0.0005279691871245946,-1,-1,0.5,-1,-1,-1,-1
0.4543722881338686,-1,-1,-1,-1,-1,0.02271861440669343,-1,0.0005276528877623445,-1,-1,0.5,-1,-1,-1,-1
0.4549171946198476,-1,-1,-1,-1,-1,0.02274585973099238,-1,0.0005273367778908621,-1,-1,0.5,-1,-1,-1,-1
0.45546275458555274,-1,-1,-1,-1,-1,0.022773137729277637,-1,0.000527020857396626,-1,-1,0.5,-1,-1,-1,-1
0.4560089688146706,-1,-1,-1,-1,-1,0.022800448440733534,-1,0.0005267051261661826,-1,-1,0.5,-1,-1,-1,-1
0.45655583809182704,-1,-1,-1,-1,-1,0.022827791904591353,-1,0.0005263895840861467,-1,-1,0.5,-1,-1,-1,-1
0.4571033632025894,-1,-1,-1,-1,-1,0.02285516816012947,-1,0.0005260742310432005,-1,-1,0.5,-1,-1,-1,-1
0.45765154493346666,-1,-1,-1,-1,-1,0.022882577246673336,-1,0.0005257590669240947,-1,-1,0.5,-1,-1,-1,-1
0.4582003840719113,-1,-1,-1,-1,-1,0.022910019203595568,-1,0.0005254440916156474,-1,-1,0.5,-1,-1,-1,-1
0.45874988140632034,-1,-1,-1,-1,-1,0.02293749407031602,-1,0.0005251293050047446,-1,-1,0.5,-1,-1,-1,-1
0.45930003772603567,-1,-1,-1,-1,-1,0.022965001886301784,-1,0.0005248147069783401,-1,-1,0.5,-1,-1,-1,-1
0.4598508538213465,-1,-1,-1,-1,-1,0.022992542691067326,-1,0.0005245002974234552,-1,-1,0.5,-1,-1,-1,-1
0.4604023304834892,-1,-1,-1,-1,-1,0.02302011652417446,-1,0.0005241860762271796,-1,-1,0.5,-1,-1,-1,-1
0.46095446850464944,-1,-1,-1,-1,-1,0.023047723425232473,-1,0.0005238720432766699,-1,-1,0.5,-1,-1,-1,-1
0.4615072686779628,-1,-1,-1,-1,-1,0.02307536343389814,-1,0.0005235581984591502,-1,-1,0.5,-1,-1,-1,-1
0.46206073179751594,-1,-1,-1,-1,-1,0.023103036589875798,-1,0.0005232445416619131,-1,-1,0.5,-1,-1,-1,-1
0.4626148586583479,-1,-1,-1,-1,-1,0.023130742932917395,-1,0.0005229310727723178,-1,-1,0.5,-1,-1,-1,-1
0.4631696500564512,-1,-1,-1,-1,-1,0.023158482502822562,-1,0.0005226177916777914,-1,-1,0.5,-1,-1,-1,-1
0.46372510678877293,-1,-1,-1,-1,-1,0.023186255339438647,-1,0.0005223046982658283,-1,-1,0.5,-1,-1,-1,-1
0.46428122965321594,-1,-1,-1,-1,-1,0.023214061482660798,-1,0.0005219917924239904,-1,-1,0.5,-1,-1,-1,-1
0.4648380194486398,-1,-1,-1,-1,-1,0.023241900972431992,-1,0.0005216790740399071,-1,-1,0.5,-1,-1,-1,-1
0.4653954769748623,-1,-1,-1,-1,-1,0.023269773848743115,-1,0.0005213665430012746,-1,-1,0.5,-1,-1,-1,-1
0.46595360303266053,-1,-1,-1,-1,-1,0.023297680151633027,-1,0.0005210541991958567,-1,-1,0.5,-1,-1,-1,-1
0.4665123984237715,-1,-1,-1,-1,-1,0.023325619921188576,-1,0.0005207420425114848,-1,-1,0.5,-1,-1,-1,-1
0.4670718639508942,-1,-1,-1,-1,-1,0.02335359319754471,-1,0.000520430072836057,-1,-1,0.5,-1,-1,-1,-1
0.46763200041768976,-1,-1,-1,-1,-1,0.02338160002088449,-1,0.0005201182900575386,-1,-1,0.5,-1,-1,-1,-1
0.46819280862878343,-1,-1,-1,-1,-1,0.02340964043143917,-1,0.0005198066940639624,-1,-1,0.5,-1,-1,-1,-1
0.46875428938976554,-1,-1,-1,-1,-1,0.02343771446948828,-1,0.0005194952847434275,-1,-1,0.5,-1,-1,-1,-1
0.469316443507192,-1,-1,-1,-1,-1,0.0234658221753596,-1,0.0005191840619841011,-1,-1,0.5,-1,-1,-1,-1
0.4698792717885865,-1,-1,-1,-1,-1,0.023493963589429328,-1,0.0005188730256742166,-1,-1,0.5,-1,-1,-1,-1
0.47044277504244086,-1,-1,-1,-1,-1,0.023522138752122043,-1,0.0005185621757020747,-1,-1,0.5,-1,-1,-1,-1
0.4710069540782165,-1,-1,-1,-1,-1,0.023550347703910828,-1,0.0005182515119560427,-1,-1,0.5,-1,-1,-1,-1
0.471571809706346,-1,-1,-1,-1,-1,0.0235785904853173,-1,0.0005179410343245552,-1,-1,0.5,-1,-1,-1,-1
0.47213734273823305,-1,-1,-1,-1,-1,0.023606867136911652,-1,0.0005176307426961134,-1,-1,0.5,-1,-1,-1,-1
0.47270355398625524,-1,-1,-1,-1,-1,0.023635177699312764,-1,0.0005173206369592854,-1,-1,0.5,-1,-1,-1,-1
0.4732704442637638,-1,-1,-1,-1,-1,0.023663522213188192,-1,0.0005170107170027057,-1,-1,0.5,-1,-1,-1,-1
0.4738380143850857,-1,-1,-1,-1,-1,0.023691900719254286,-1,0.0005167009827150762,-1,-1,0.5,-1,-1,-1,-1
0.4744062651655246,-1,-1,-1,-1,-1,0.02372031325827623,-1,0.0005163914339851649,-1,-1,0.5,-1,-1,-1,-1
0.47497519742136146,-1,-1,-1,-1,-1,0.023748759871068073,-1,0.0005160820707018066,-1,-1,0.5,-1,-1,-1,-1
0.4755448119698565,-1,-1,-1,-1,-1,0.023777240598492826,-1,0.0005157728927539028,-1,-1,0.5,-1,-1,-1,-1
0.4761151096292501,-1,-1,-1,-1,-1,0.023805755481462507,-1,0.0005154639000304213,-1,-1,0.5,-1,-1,-1,-1
0.4766860912187636,-1,-1,-1,-1,-1,0.023834304560938182,-1,0.0005151550924203967,-1,-1,0.5,-1,-1,-1,-1
0.4772577575586011,-1,-1,-1,-1,-1,0.023862887877930058,-1,0.0005148464698129301,-1,-1,0.5,-1,-1,-1,-1
0.47783010946995014,-1,-1,-1,-1,-1,0.02389150547349751,-1,0.0005145380320971888,-1,-1,0.5,-1,-1,-1,-1
0.47840314777498316,-1,-1,-1,-1,-1,0.02392015738874916,-1,0.0005142297791624066,-1,-1,0.5,-1,-1,-1,-1
0.47897687329685873,-1,-1,-1,-1,-1,0.02394884366484294,-1,0.0005139217108978836,-1,-1,0.5,-1,-1,-1,-1
0.4795512868597221,-1,-1,-1,-1,-1,0.023977564342986105,-1,0.0005136138271929865,-1,-1,0.5,-1,-1,-1,-1
0.4801263892887076,-1,-1,-1,-1,-1,0.02400631946443538,-1,0.0005133061279371479,-1,-1,0.5,-1,-1,-1,-1
0.4807021814099383,-1,-1,-1,-1,-1,0.024035109070496916,-1,0.0005129986130198669,-1,-1,0.5,-1,-1,-1,-1
0.4812786640505287,-1,-1,-1,-1,-1,0.024063933202526436,-1,0.0005126912823307086,-1,-1,0.5,-1,-1,-1,-1
0.48185583803858495,-1,-1,-1,-1,-1,0.02409279190192925,-1,0.0005123841357593044,-1,-1,0.5,-1,-1,-1,-1
0.4824337042032061,-1,-1,-1,-1,-1,0.024121685210160306,-1,0.0005120771731953519,-1,-1,0.5,-1,-1,-1,-1
0.4830122633744859,-1,-1,-1,-1,-1,0.024150613168724296,-1,0.0005117703945286145,-1,-1,0.5,-1,-1,-1,-1
0.48359151638351305,-1,-1,-1,-1,-1,0.024179575819175653,-1,0.000511463799648922,-1,-1,0.5,-1,-1,-1,-1
0.48417146406237355,-1,-1,-1,-1,-1,0.02420857320311868,-1,0.0005111573884461698,-1,-1,0.5,-1,-1,-1,-1
0.4847521072441511,-1,-1,-1,-1,-1,0.024237605362207554,-1,0.0005108511608103196,-1,-1,0.5,-1,-1,-1,-1
0.48533344676292794,-1,-1,-1,-1,-1,0.0242666723381464,-1,0.0005105451166313988,-1,-1,0.5,-1,-1,-1,-1
0.48591548345378743,-1,-1,-1,-1,-1,0.024295774172689372,-1,0.0005102392557995009,-1,-1,0.5,-1,-1,-1,-1
0.4864982181528137,-1,-1,-1,-1,-1,0.024324910907640687,-1,0.0005099335782047851,-1,-1,0.5,-1,-1,-1,-1
0.48708165169709394,-1,-1,-1,-1,-1,0.0243540825848547,-1,0.0005096280837374764,-1,-1,0.5,-1,-1,-1,-1
0.48766578492471924,-1,-1,-1,-1,-1,0.024383289246235965,-1,0.0005093227722878656,-1,-1,0.5,-1,-1,-1,-1
0.4882506186747855,-1,-1,-1,-1,-1,0.024412530933739275,-1,0.000509017643746309,-1,-1,0.5,-1,-1,-1,-1
0.48883615378739503,-1,-1,-1,-1,-1,0.02444180768936975,-1,0.0005087126980032292,-1,-1,0.5,-1,-1,-1,-1
0.4894223911036579,-1,-1,-1,-1,-1,0.024471119555182896,-1,0.0005084079349491139,-1,-1,0.5,-1,-1,-1,-1
0.4900093314656923,-1,-1,-1,-1,-1,0.024500466573284616,-1,0.0005081033544745163,-1,-1,0.5,-1,-1,-1,-1
0.490596975716627,-1,-1,-1,-1,-1,0.02452984878583135,-1,0.0005077989564700558,-1,-1,0.5,-1,-1,-1,-1
0.49118532470060133,-1,-1,-1,-1,-1,0.024559266235030068,-1,0.0005074947408264166,-1,-1,0.5,-1,-1,-1,-1
0.49177437926276724,-1,-1,-1,-1,-1,0.024588718963138363,-1,0.0005071907074343492,-1,-1,0.5,-1,-1,-1,-1
0.49236414024929037,-1,-1,-1,-1,-1,0.02461820701246452,-1,0.0005068868561846686,-1,-1,0.5,-1,-1,-1,-1
0.49295460850735073,-1,-1,-1,-1,-1,0.02464773042536754,-1,0.000506583186968256,-1,-1,0.5,-1,-1,-1,-1
0.49354578488514467,-1,-1,-1,-1,-1,0.024677289244257234,-1,0.0005062796996760575,-1,-1,0.5,-1,-1,-1,-1
0.4941376702318854,-1,-1,-1,-1,-1,0.02470688351159427,-1,0.0005059763941990849,-1,-1,0.5,-1,-1,-1,-1
0.4947302653978048,-1,-1,-1,-1,-1,0.02473651326989024,-1,0.000505673270428415,-1,-1,0.5,-1,-1,-1,-1
0.4953235712341545,-1,-1,-1,-1,-1,0.024766178561707725,-1,0.00050537032825519,-1,-1,0.5,-1,-1,-1,-1
0.4959175885932066,-1,-1,-1,-1,-1,0.02479587942966033,-1,0.0005050675675706171,-1,-1,0.5,-1,-1,-1,-1
0.49651231832825576,-1,-1,-1,-1,-1,0.024825615916412788,-1,0.0005047649882659689,-1,-1,0.5,-1,-1,-1,-1
0.49710776129361944,-1,-1,-1,-1,-1,0.024855388064680975,-1,0.0005044625902325834,-1,-1,0.5,-1,-1,-1,-1
0.49770391834464006,-1,-1,-1,-1,-1,0.024885195917232004,-1,0.000504160373361863,-1,-1,0.5,-1,-1,-1,-1
0.4983007903376857,-1,-1,-1,-1,-1,0.024915039516884285,-1,0.0005038583375452757,-1,-1,0.5,-1,-1,-1,-1
0.49889837813015125,-1,-1,-1,-1,-1,0.024944918906507563,-1,0.0005035564826743544,-1,-1,0.5,-1,-1,-1,-1
0.4994966825804602,-1,-1,-1,-1,-1,0.024974834129023012,-1,0.0005032548086406968,-1,-1,0.5,-1,-1,-1,-1
0.5000957045480651,-1,-1,-1,-1,-1,0.025004785227403254,-1,0.0005029533153359659,-1,-1,0.5,-1,-1,-1,-1
0.5006954448934493,-1,-1,-1,-1,-1,0.025034772244672467,-1,0.0005026520026518893,-1,-1,0.5,-1,-1,-1,-1
0.5012959044781286,-1,-1,-1,-1,-1,0.02506479522390643,-1,0.0005023508704802593,-1,-1,0.5,-1,-1,-1,-1
0.501897084164651,-1,-1,-1,-1,-1,0.02509485420823255,-1,0.0005020499187129336,-1,-1,0.5,-1,-1,-1,-1
0.5024989848165998,-1,-1,-1,-1,-1,0.025124949240829992,-1,0.0005017491472418343,-1,-1,0.5,-1,-1,-1,-1
0.5031016072985937,-1,-1,-1,-1,-1,0.025155080364929683,-1,0.0005014485559589483,-1,-1,0.5,-1,-1,-1,-1
0.5037049524762878,-1,-1,-1,-1,-1,0.02518524762381439,-1,0.000501148144756327,-1,-1,0.5,-1,-1,-1,-1
0.5043090212163762,-1,-1,-1,-1,-1,0.02521545106081881,-1,0.000500847913526087,-1,-1,0.5,-1,-1,-1,-1
0.5049138143865916,-1,-1,-1,-1,-1,0.02524569071932958,-1,0.0005005478621604092,-1,-1,0.5,-1,-1,-1,-1
0.5055193328557077,-1,-1,-1,-1,-1,0.025275966642785388,-1,0.000500247990551539,-1,-1,0.5,-1,-1,-1,-1
0.5061255774935404,-1,-1,-1,-1,-1,0.02530627887467702,-1,0.0004999482985917864,-1,-1,0.5,-1,-1,-1,-1
0.5067325491709478,-1,-1,-1,-1,-1,0.02533662745854739,-1,0.0004996487861735262,-1,-1,0.5,-1,-1,-1,-1
0.5073402487598333,-1,-1,-1,-1,-1,0.025367012437991665,-1,0.0004993494531891974,-1,-1,0.5,-1,-1,-1,-1
0.5079486771331455,-1,-1,-1,-1,-1,0.025397433856657277,-1,0.0004990502995313033,-1,-1,0.5,-1,-1,-1,-1
0.5085578351648798,-1,-1,-1,-1,-1,0.025427891758243993,-1,0.0004987513250924122,-1,-1,0.5,-1,-1,-1,-1
0.5091677237300803,-1,-1,-1,-1,-1,0.02545838618650402,-1,0.0004984525297651559,-1,-1,0.5,-1,-1,-1,-1
0.5097783437048397,-1,-1,-1,-1,-1,0.025488917185241985,-1,0.0004981539134422313,-1,-1,0.5,-1,-1,-1,-1
0.5103896959663019,-1,-1,-1,-1,-1,0.025519484798315097,-1,0.0004978554760163992,-1,-1,0.5,-1,-1,-1,-1
0.5110017813926625,-1,-1,-1,-1,-1,0.025550089069633127,-1,0.0004975572173804847,-1,-1,0.5,-1,-1,-1,-1
0.5116146008631705,-1,-1,-1,-1,-1,0.025580730043158525,-1,0.0004972591374273771,-1,-1,0.5,-1,-1,-1,-1
0.512228155258129,-1,-1,-1,-1,-1,0.025611407762906453,-1,0.00049696123605003,-1,-1,0.5,-1,-1,-1,-1
0.512842445458897,-1,-1,-1,-1,-1,0.02564212227294485,-1,0.0004966635131414608,-1,-1,0.5,-1,-1,-1,-1
0.5134574723478907,-1,-1,-1,-1,-1,0.025672873617394537,-1,0.0004963659685947514,-1,-1,0.5,-1,-1,-1,-1
0.514073236808584,-1,-1,-1,-1,-1,0.0257036618404292,-1,0.0004960686023030476,-1,-1,0.5,-1,-1,-1,-1
0.5146897397255107,-1,-1,-1,-1,-1,0.025734486986275534,-1,0.0004957714141595591,-1,-1,0.5,-1,-1,-1,-1
0.5153069819842654,-1,-1,-1,-1,-1,0.02576534909921327,-1,0.0004954744040575595,-1,-1,0.5,-1,-1,-1,-1
0.5159249644715045,-1,-1,-1,-1,-1,0.025796248223575225,-1,0.0004951775718903868,-1,-1,0.5,-1,-1,-1,-1
0.5165436880749478,-1,-1,-1,-1,-1,0.02582718440374739,-1,0.0004948809175514424,-1,-1,0.5,-1,-1,-1,-1
0.5171631536833801,-1,-1,-1,-1,-1,0.025858157684169006,-1,0.0004945844409341918,-1,-1,0.5,-1,-1,-1,-1
0.5177833621866512,-1,-1,-1,-1,-1,0.02588916810933256,-1,0.0004942881419321644,-1,-1,0.5,-1,-1,-1,-1
0.518404314475679,-1,-1,-1,-1,-1,0.025920215723783953,-1,0.000493992020438953,-1,-1,0.5,-1,-1,-1,-1
0.5190260114424492,-1,-1,-1,-1,-1,0.02595130057212246,-1,0.0004936960763482147,-1,-1,0.5,-1,-1,-1,-1
0.5196484539800176,-1,-1,-1,-1,-1,0.02598242269900088,-1,0.0004934003095536699,-1,-1,0.5,-1,-1,-1,-1
0.5202716429825108,-1,-1,-1,-1,-1,0.026013582149125542,-1,0.0004931047199491027,-1,-1,0.5,-1,-1,-1,-1
0.5208955793451275,-1,-1,-1,-1,-1,0.026044778967256377,-1,0.0004928093074283611,-1,-1,0.5,-1,-1,-1,-1
0.5215202639641405,-1,-1,-1,-1,-1,0.02607601319820703,-1,0.0004925140718853564,-1,-1,0.5,-1,-1,-1,-1
0.5221456977368969,-1,-1,-1,-1,-1,0.026107284886844846,-1,0.0004922190132140635,-1,-1,0.5,-1,-1,-1,-1
0.5227718815618203,-1,-1,-1,-1,-1,0.026138594078091017,-1,0.0004919241313085213,-1,-1,0.5,-1,-1,-1,-1
0.5233988163384116,-1,-1,-1,-1,-1,0.02616994081692058,-1,0.0004916294260628313,-1,-1,0.5,-1,-1,-1,-1
0.5240265029672504,-1,-1,-1,-1,-1,0.02620132514836252,-1,0.0004913348973711591,-1,-1,0.5,-1,-1,-1,-1
0.5246549423499964,-1,-1,-1,-1,-1,0.026232747117499823,-1,0.0004910405451277335,-1,-1,0.5,-1,-1,-1,-1
0.5252841353893907,-1,-1,-1,-1,-1,0.026264206769469535,-1,0.0004907463692268468,-1,-1,0.5,-1,-1,-1,-1
0.5259140829892566,-1,-1,-1,-1,-1,0.02629570414946283,-1,0.0004904523695628543,-1,-1,0.5,-1,-1,-1,-1
0.526544786054502,-1,-1,-1,-1,-1,0.026327239302725097,-1,0.0004901585460301752,-1,-1,0.5,-1,-1,-1,-1
0.5271762454911191,-1,-1,-1,-1,-1,0.026358812274555957,-1,0.0004898648985232912,-1,-1,0.5,-1,-1,-1,-1
0.5278084622061877,-1,-1,-1,-1,-1,0.026390423110309386,-1,0.0004895714269367474,-1,-1,0.5,-1,-1,-1,-1
0.5284414371078745,-1,-1,-1,-1,-1,0.026422071855393726,-1,0.0004892781311651527,-1,-1,0.5,-1,-1,-1,-1
0.5290751711054357,-1,-1,-1,-1,-1,0.026453758555271784,-1,0.0004889850111031786,-1,-1,0.5,-1,-1,-1,-1
0.5297096651092181,-1,-1,-1,-1,-1,0.026485483255460907,-1,0.0004886920666455595,-1,-1,0.5,-1,-1,-1,-1
0.5303449200306598,-1,-1,-1,-1,-1,0.02651724600153299,-1,0.0004883992976870935,-1,-1,0.5,-1,-1,-1,-1
0.5309809367822923,-1,-1,-1,-1,-1,0.026549046839114618,-1,0.0004881067041226411,-1,-1,0.5,-1,-1,-1,-1
0.5316177162777412,-1,-1,-1,-1,-1,0.026580885813887064,-1,0.0004878142858471263,-1,-1,0.5,-1,-1,-1,-1
0.532255259431728,-1,-1,-1,-1,-1,0.026612762971586403,-1,0.0004875220427555356,-1,-1,0.5,-1,-1,-1,-1
0.5328935671600712,-1,-1,-1,-1,-1,0.026644678358003562,-1,0.00048722997474291875,-1,-1,0.5,-1,-1,-1,-1
0.5335326403796872,-1,-1,-1,-1,-1,0.02667663201898436,-1,0.0004869380817043882,-1,-1,0.5,-1,-1,-1,-1
0.5341724800085923,-1,-1,-1,-1,-1,0.026708624000429615,-1,0.0004866463635351194,-1,-1,0.5,-1,-1,-1,-1
0.534813086965904,-1,-1,-1,-1,-1,0.0267406543482952,-1,0.00048635482013035023,-1,-1,0.5,-1,-1,-1,-1
0.5354544621718414,-1,-1,-1,-1,-1,0.026772723108592075,-1,0.000486063451385382,-1,-1,0.5,-1,-1,-1,-1
0.5360966065477281,-1,-1,-1,-1,-1,0.026804830327386404,-1,0.0004857722571955778,-1,-1,0.5,-1,-1,-1,-1
0.5367395210159913,-1,-1,-1,-1,-1,0.026836976050799568,-1,0.00048548123745636437,-1,-1,0.5,-1,-1,-1,-1
0.5373832065001657,-1,-1,-1,-1,-1,0.026869160325008287,-1,0.0004851903920632306,-1,-1,0.5,-1,-1,-1,-1
0.5380276639248929,-1,-1,-1,-1,-1,0.026901383196244646,-1,0.0004848997209117279,-1,-1,0.5,-1,-1,-1,-1
0.5386728942159232,-1,-1,-1,-1,-1,0.026933644710796165,-1,0.0004846092238974705,-1,-1,0.5,-1,-1,-1,-1
0.5393188983001179,-1,-1,-1,-1,-1,0.026965944915005896,-1,0.00048431890091613506,-1,-1,0.5,-1,-1,-1,-1
0.539965677105449,-1,-1,-1,-1,-1,0.026998283855272448,-1,0.0004840287518634609,-1,-1,0.5,-1,-1,-1,-1
0.5406132315610017,-1,-1,-1,-1,-1,0.027030661578050088,-1,0.0004837387766352493,-1,-1,0.5,-1,-1,-1,-1
0.5412615625969757,-1,-1,-1,-1,-1,0.027063078129848785,-1,0.0004834489751273647,-1,-1,0.5,-1,-1,-1,-1
0.5419106711446856,-1,-1,-1,-1,-1,0.02709553355723428,-1,0.0004831593472357332,-1,-1,0.5,-1,-1,-1,-1
0.5425605581365635,-1,-1,-1,-1,-1,0.027128027906828174,-1,0.000482869892856344,-1,-1,0.5,-1,-1,-1,-1
0.5432112245061592,-1,-1,-1,-1,-1,0.027160561225307963,-1,0.000482580611885248,-1,-1,0.5,-1,-1,-1,-1
0.5438626711881425,-1,-1,-1,-1,-1,0.027193133559407126,-1,0.0004822915042185585,-1,-1,0.5,-1,-1,-1,-1
0.5445148991183041,-1,-1,-1,-1,-1,0.027225744955915204,-1,0.0004820025697524512,-1,-1,0.5,-1,-1,-1,-1
0.5451679092335563,-1,-1,-1,-1,-1,0.027258395461677815,-1,0.00048171380838316394,-1,-1,0.5,-1,-1,-1,-1
0.545821702471936,-1,-1,-1,-1,-1,0.0272910851235968,-1,0.0004814252200069967,-1,-1,0.5,-1,-1,-1,-1
0.5464762797726039,-1,-1,-1,-1,-1,0.027323813988630197,-1,0.0004811368045203115,-1,-1,0.5,-1,-1,-1,-1
0.5471316420758482,-1,-1,-1,-1,-1,0.02735658210379241,-1,0.00048084856181953276,-1,-1,0.5,-1,-1,-1,-1
0.5477877903230838,-1,-1,-1,-1,-1,0.02738938951615419,-1,0.0004805604918011464,-1,-1,0.5,-1,-1,-1,-1
0.548444725456855,-1,-1,-1,-1,-1,0.02742223627284275,-1,0.000480272594361701,-1,-1,0.5,-1,-1,-1,-1
0.5491024484208363,-1,-1,-1,-1,-1,0.027455122421041818,-1,0.00047998486939780654,-1,-1,0.5,-1,-1,-1,-1
0.5497609601598342,-1,-1,-1,-1,-1,0.027488048007991712,-1,0.0004796973168061354,-1,-1,0.5,-1,-1,-1,-1
0.5504202616197877,-1,-1,-1,-1,-1,0.02752101308098939,-1,0.0004794099364834216,-1,-1,0.5,-1,-1,-1,-1
0.5510803537477711,-1,-1,-1,-1,-1,0.027554017687388556,-1,0.0004791227283264609,-1,-1,0.5,-1,-1,-1,-1
0.5517412374919933,-1,-1,-1,-1,-1,0.027587061874599667,-1,0.00047883569223211147,-1,-1,0.5,-1,-1,-1,-1
0.5524029138018013,-1,-1,-1,-1,-1,0.027620145690090067,-1,0.0004785488280972924,-1,-1,0.5,-1,-1,-1,-1
0.5530653836276804,-1,-1,-1,-1,-1,0.027653269181384024,-1,0.0004782621358189853,-1,-1,0.5,-1,-1,-1,-1
0.5537286479212553,-1,-1,-1,-1,-1,0.027686432396062766,-1,0.0004779756152942334,-1,-1,0.5,-1,-1,-1,-1
0.5543927076352928,-1,-1,-1,-1,-1,0.02771963538176464,-1,0.00047768926642014083,-1,-1,0.5,-1,-1,-1,-1
0.5550575637237013,-1,-1,-1,-1,-1,0.027752878186185066,-1,0.0004774030890938743,-1,-1,0.5,-1,-1,-1,-1
0.5557232171415338,-1,-1,-1,-1,-1,0.02778616085707669,-1,0.000477117083212662,-1,-1,0.5,-1,-1,-1,-1
0.5563896688449889,-1,-1,-1,-1,-1,0.027819483442249444,-1,0.00047683124867379297,-1,-1,0.5,-1,-1,-1,-1
0.557056919791411,-1,-1,-1,-1,-1,0.02785284598957055,-1,0.00047654558537461866,-1,-1,0.5,-1,-1,-1,-1
0.5577249709392935,-1,-1,-1,-1,-1,0.027886248546964677,-1,0.0004762600932125514,-1,-1,0.5,-1,-1,-1,-1
0.5583938232482788,-1,-1,-1,-1,-1,0.02791969116241394,-1,0.00047597477208506547,-1,-1,0.5,-1,-1,-1,-1
0.5590634776791602,-1,-1,-1,-1,-1,0.027953173883958012,-1,0.000475689621889696,-1,-1,0.5,-1,-1,-1,-1
0.5597339351938835,-1,-1,-1,-1,-1,0.027986696759694174,-1,0.00047540464252404,-1,-1,0.5,-1,-1,-1,-1
0.5604051967555477,-1,-1,-1,-1,-1,0.028020259837777384,-1,0.00047511983388575567,-1,-1,0.5,-1,-1,-1,-1
0.5610772633284072,-1,-1,-1,-1,-1,0.028053863166420362,-1,0.00047483519587256226,-1,-1,0.5,-1,-1,-1,-1
0.5617501358778724,-1,-1,-1,-1,-1,0.02808750679389362,-1,0.00047455072838224104,-1,-1,0.5,-1,-1,-1,-1
0.5624238153705118,-1,-1,-1,-1,-1,0.02812119076852559,-1,0.00047426643131263344,-1,-1,0.5,-1,-1,-1,-1
0.5630983027740529,-1,-1,-1,-1,-1,0.02815491513870265,-1,0.000473982304561643,-1,-1,0.5,-1,-1,-1,-1
0.5637735990573838,-1,-1,-1,-1,-1,0.02818867995286919,-1,0.0004736983480272339,-1,-1,0.5,-1,-1,-1,-1
0.5644497051905543,-1,-1,-1,-1,-1,0.028222485259527714,-1,0.00047341456160743186,-1,-1,0.5,-1,-1,-1,-1
0.5651266221447782,-1,-1,-1,-1,-1,0.028256331107238908,-1,0.0004731309452003232,-1,-1,0.5,-1,-1,-1,-1
0.5658043508924331,-1,-1,-1,-1,-1,0.028290217544621656,-1,0.0004728474987040559,-1,-1,0.5,-1,-1,-1,-1
0.5664828924070635,-1,-1,-1,-1,-1,0.028324144620353178,-1,0.00047256422201683826,-1,-1,0.5,-1,-1,-1,-1
0.567162247663381,-1,-1,-1,-1,-1,0.02835811238316905,-1,0.00047228111503694017,-1,-1,0.5,-1,-1,-1,-1
0.5678424176372662,-1,-1,-1,-1,-1,0.02839212088186331,-1,0.0004719981776626921,-1,-1,0.5,-1,-1,-1,-1
0.5685234033057702,-1,-1,-1,-1,-1,0.028426170165288513,-1,0.00047171540979248553,-1,-1,0.5,-1,-1,-1,-1
0.5692052056471156,-1,-1,-1,-1,-1,0.028460260282355782,-1,0.00047143281132477297,-1,-1,0.5,-1,-1,-1,-1
0.5698878256406985,-1,-1,-1,-1,-1,0.028494391282034928,-1,0.0004711503821580674,-1,-1,0.5,-1,-1,-1,-1
0.5705712642670888,-1,-1,-1,-1,-1,0.02852856321335444,-1,0.0004708681221909431,-1,-1,0.5,-1,-1,-1,-1
0.5712555225080331,-1,-1,-1,-1,-1,0.02856277612540166,-1,0.0004705860313220347,-1,-1,0.5,-1,-1,-1,-1
0.5719406013464554,-1,-1,-1,-1,-1,0.02859703006732277,-1,0.00047030410945003763,-1,-1,0.5,-1,-1,-1,-1
0.5726265017664576,-1,-1,-1,-1,-1,0.02863132508832288,-1,0.0004700223564737081,-1,-1,0.5,-1,-1,-1,-1
0.5733132247533227,-1,-1,-1,-1,-1,0.028665661237666135,-1,0.000469740772291863,-1,-1,0.5,-1,-1,-1,-1
0.5740007712935148,-1,-1,-1,-1,-1,0.02870003856467574,-1,0.0004694593568033798,-1,-1,0.5,-1,-1,-1,-1
0.5746891423746812,-1,-1,-1,-1,-1,0.02873445711873406,-1,0.00046917810990719646,-1,-1,0.5,-1,-1,-1,-1
0.5753783389856537,-1,-1,-1,-1,-1,0.028768916949282686,-1,0.00046889703150231163,-1,-1,0.5,-1,-1,-1,-1
0.5760683621164497,-1,-1,-1,-1,-1,0.028803418105822487,-1,0.0004686161214877844,-1,-1,0.5,-1,-1,-1,-1
0.5767592127582742,-1,-1,-1,-1,-1,0.028837960637913714,-1,0.00046833537976273434,-1,-1,0.5,-1,-1,-1,-1
0.5774508919035207,-1,-1,-1,-1,-1,0.028872544595176037,-1,0.00046805480622634125,-1,-1,0.5,-1,-1,-1,-1
0.5781434005457727,-1,-1,-1,-1,-1,0.02890717002728864,-1,0.0004677744007778458,-1,-1,0.5,-1,-1,-1,-1
0.5788367396798059,-1,-1,-1,-1,-1,0.028941836983990294,-1,0.0004674941633165486,-1,-1,0.5,-1,-1,-1,-1
0.579530910301588,-1,-1,-1,-1,-1,0.028976545515079402,-1,0.00046721409374181084,-1,-1,0.5,-1,-1,-1,-1
0.5802259134082818,-1,-1,-1,-1,-1,0.029011295670414092,-1,0.0004669341919530539,-1,-1,0.5,-1,-1,-1,-1
0.580921749998246,-1,-1,-1,-1,-1,0.0290460874999123,-1,0.00046665445784975913,-1,-1,0.5,-1,-1,-1,-1
0.581618421071036,-1,-1,-1,-1,-1,0.0290809210535518,-1,0.0004663748913314688,-1,-1,0.5,-1,-1,-1,-1
0.5823159276274067,-1,-1,-1,-1,-1,0.029115796381370337,-1,0.00046609549229778476,-1,-1,0.5,-1,-1,-1,-1
0.5830142706693122,-1,-1,-1,-1,-1,0.029150713533465614,-1,0.0004658162606483692,-1,-1,0.5,-1,-1,-1,-1
0.5837134511999093,-1,-1,-1,-1,-1,0.029185672559995463,-1,0.0004655371962829444,-1,-1,0.5,-1,-1,-1,-1
0.5844134702235569,-1,-1,-1,-1,-1,0.02922067351117785,-1,0.00046525829910129275,-1,-1,0.5,-1,-1,-1,-1
0.5851143287458189,-1,-1,-1,-1,-1,0.029255716437290948,-1,0.0004649795690032566,-1,-1,0.5,-1,-1,-1,-1
0.585816027773465,-1,-1,-1,-1,-1,0.02929080138867325,-1,0.00046470100588873853,-1,-1,0.5,-1,-1,-1,-1
0.586518568314472,-1,-1,-1,-1,-1,0.029325928415723602,-1,0.00046442260965770077,-1,-1,0.5,-1,-1,-1,-1
0.587221951378026,-1,-1,-1,-1,-1,0.029361097568901304,-1,0.0004641443802101657,-1,-1,0.5,-1,-1,-1,-1
0.5879261779745233,-1,-1,-1,-1,-1,0.029396308898726166,-1,0.0004638663174462154,-1,-1,0.5,-1,-1,-1,-1
0.5886312491155713,-1,-1,-1,-1,-1,0.029431562455778566,-1,0.00046358842126599216,-1,-1,0.5,-1,-1,-1,-1
0.5893371658139913,-1,-1,-1,-1,-1,0.029466858290699567,-1,0.0004633106915696977,-1,-1,0.5,-1,-1,-1,-1
0.5900439290838189,-1,-1,-1,-1,-1,0.029502196454190943,-1,0.00046303312825759374,-1,-1,0.5,-1,-1,-1,-1
0.5907515399403056,-1,-1,-1,-1,-1,0.029537576997015282,-1,0.0004627557312300018,-1,-1,0.5,-1,-1,-1,-1
0.5914599993999211,-1,-1,-1,-1,-1,0.02957299996999606,-1,0.0004624785003873029,-1,-1,0.5,-1,-1,-1,-1
0.5921693084803533,-1,-1,-1,-1,-1,0.02960846542401767,-1,0.00046220143562993797,-1,-1,0.5,-1,-1,-1,-1
0.5928794682005113,-1,-1,-1,-1,-1,0.029643973410025566,-1,0.00046192453685840734,-1,-1,0.5,-1,-1,-1,-1
0.5935904795805254,-1,-1,-1,-1,-1,0.02967952397902627,-1,0.00046164780397327124,-1,-1,0.5,-1,-1,-1,-1
0.5943023436417497,-1,-1,-1,-1,-1,0.029715117182087487,-1,0.00046137123687514924,-1,-1,0.5,-1,-1,-1,-1
0.5950150614067634,-1,-1,-1,-1,-1,0.02975075307033817,-1,0.0004610948354647206,-1,-1,0.5,-1,-1,-1,-1
0.5957286338993715,-1,-1,-1,-1,-1,0.029786431694968574,-1,0.00046081859964272387,-1,-1,0.5,-1,-1,-1,-1
0.5964430621446071,-1,-1,-1,-1,-1,0.029822153107230354,-1,0.00046054252930995745,-1,-1,0.5,-1,-1,-1,-1
0.5971583471687326,-1,-1,-1,-1,-1,0.029857917358436632,-1,0.0004602666243672786,-1,-1,0.5,-1,-1,-1,-1
0.5978744899992409,-1,-1,-1,-1,-1,0.029893724499962044,-1,0.00045999088471560467,-1,-1,0.5,-1,-1,-1,-1
0.5985914916648575,-1,-1,-1,-1,-1,0.029929574583242875,-1,0.00045971531025591175,-1,-1,0.5,-1,-1,-1,-1
0.599309353195541,-1,-1,-1,-1,-1,0.02996546765977705,-1,0.0004594399008892355,-1,-1,0.5,-1,-1,-1,-1
0.600028075622486,-1,-1,-1,-1,-1,0.0300014037811243,-1,0.00045916465651667113,-1,-1,0.5,-1,-1,-1,-1
0.6007476599781232,-1,-1,-1,-1,-1,0.03003738299890616,-1,0.00045888957703937253,-1,-1,0.5,-1,-1,-1,-1
0.6014681072961214,-1,-1,-1,-1,-1,0.030073405364806072,-1,0.00045861466235855324,-1,-1,0.5,-1,-1,-1,-1
0.6021894186113895,-1,-1,-1,-1,-1,0.03010947093056948,-1,0.00045833991237548597,-1,-1,0.5,-1,-1,-1,-1
0.6029115949600768,-1,-1,-1,-1,-1,0.030145579748003845,-1,0.00045806532699150236,-1,-1,0.5,-1,-1,-1,-1
0.603634637379576,-1,-1,-1,-1,-1,0.030181731868978802,-1,0.0004577909061079934,-1,-1,0.5,-1,-1,-1,-1
0.6043585469085234,-1,-1,-1,-1,-1,0.030217927345426172,-1,0.0004575166496264089,-1,-1,0.5,-1,-1,-1,-1
0.6050833245868008,-1,-1,-1,-1,-1,0.030254166229340042,-1,0.0004572425574482578,-1,-1,0.5,-1,-1,-1,-1
0.6058089714555376,-1,-1,-1,-1,-1,0.03029044857277688,-1,0.00045696862947510825,-1,-1,0.5,-1,-1,-1,-1
0.6065354885571111,-1,-1,-1,-1,-1,0.030326774427855557,-1,0.0004566948656085871,-1,-1,0.5,-1,-1,-1,-1
0.6072628769351492,-1,-1,-1,-1,-1,0.030363143846757465,-1,0.0004564212657503804,-1,-1,0.5,-1,-1,-1,-1
0.6079911376345315,-1,-1,-1,-1,-1,0.030399556881726575,-1,0.0004561478298022326,-1,-1,0.5,-1,-1,-1,-1
0.6087202717013899,-1,-1,-1,-1,-1,0.030436013585069494,-1,0.0004558745576659476,-1,-1,0.5,-1,-1,-1,-1
0.6094502801831115,-1,-1,-1,-1,-1,0.030472514009155578,-1,0.0004556014492433878,-1,-1,0.5,-1,-1,-1,-1
0.6101811641283393,-1,-1,-1,-1,-1,0.03050905820641697,-1,0.00045532850443647454,-1,-1,0.5,-1,-1,-1,-1
0.610912924586974,-1,-1,-1,-1,-1,0.030545646229348702,-1,0.00045505572314718786,-1,-1,0.5,-1,-1,-1,-1
0.6116455626101753,-1,-1,-1,-1,-1,0.030582278130508768,-1,0.0004547831052775664,-1,-1,0.5,-1,-1,-1,-1
0.6123790792503634,-1,-1,-1,-1,-1,0.03061895396251817,-1,0.0004545106507297077,-1,-1,0.5,-1,-1,-1,-1
0.6131134755612208,-1,-1,-1,-1,-1,0.03065567377806104,-1,0.0004542383594057677,-1,-1,0.5,-1,-1,-1,-1
0.6138487525976937,-1,-1,-1,-1,-1,0.030692437629884686,-1,0.0004539662312079612,-1,-1,0.5,-1,-1,-1,-1
0.6145849114159929,-1,-1,-1,-1,-1,0.030729245570799646,-1,0.0004536942660385616,-1,-1,0.5,-1,-1,-1,-1
0.6153219530735968,-1,-1,-1,-1,-1,0.030766097653679842,-1,0.0004534224637999005,-1,-1,0.5,-1,-1,-1,-1
0.6160598786292509,-1,-1,-1,-1,-1,0.030802993931462547,-1,0.00045315082439436856,-1,-1,0.5,-1,-1,-1,-1
0.6167986891429713,-1,-1,-1,-1,-1,0.03083993445714857,-1,0.00045287934772441437,-1,-1,0.5,-1,-1,-1,-1
0.617538385676045,-1,-1,-1,-1,-1,0.03087691928380225,-1,0.0004526080336925452,-1,-1,0.5,-1,-1,-1,-1
0.6182789692910314,-1,-1,-1,-1,-1,0.030913948464551574,-1,0.00045233688220132687,-1,-1,0.5,-1,-1,-1,-1
0.619020441051765,-1,-1,-1,-1,-1,0.03095102205258825,-1,0.0004520658931533832,-1,-1,0.5,-1,-1,-1,-1
0.619762802023355,-1,-1,-1,-1,-1,0.030988140101167752,-1,0.0004517950664513968,-1,-1,0.5,-1,-1,-1,-1
0.6205060532721889,-1,-1,-1,-1,-1,0.031025302663609446,-1,0.0004515244019981082,-1,-1,0.5,-1,-1,-1,-1
0.6212501958659328,-1,-1,-1,-1,-1,0.03106250979329664,-1,0.00045125389969631646,-1,-1,0.5,-1,-1,-1,-1
0.6219952308735328,-1,-1,-1,-1,-1,0.031099761543676642,-1,0.0004509835594488786,-1,-1,0.5,-1,-1,-1,-1
0.6227411593652175,-1,-1,-1,-1,-1,0.031137057968260873,-1,0.0004507133811587102,-1,-1,0.5,-1,-1,-1,-1
0.6234879824124985,-1,-1,-1,-1,-1,0.031174399120624925,-1,0.00045044336472878474,-1,-1,0.5,-1,-1,-1,-1
0.6242357010881726,-1,-1,-1,-1,-1,0.031211785054408633,-1,0.0004501735100621338,-1,-1,0.5,-1,-1,-1,-1
0.6249843164663236,-1,-1,-1,-1,-1,0.03124921582331618,-1,0.00044990381706184714,-1,-1,0.5,-1,-1,-1,-1
0.6257338296223224,-1,-1,-1,-1,-1,0.03128669148111612,-1,0.00044963428563107275,-1,-1,0.5,-1,-1,-1,-1
0.6264842416328305,-1,-1,-1,-1,-1,0.031324212081641524,-1,0.0004493649156730162,-1,-1,0.5,-1,-1,-1,-1
0.6272355535758,-1,-1,-1,-1,-1,0.03136177767879,-1,0.00044909570709094157,-1,-1,0.5,-1,-1,-1,-1
0.6279877665304758,-1,-1,-1,-1,-1,0.031399388326523794,-1,0.0004488266597881706,-1,-1,0.5,-1,-1,-1,-1
0.6287408815773978,-1,-1,-1,-1,-1,0.031437044078869894,-1,0.00044855777366808276,-1,-1,0.5,-1,-1,-1,-1
0.6294948997984006,-1,-1,-1,-1,-1,0.03147474498992003,-1,0.000448289048634116,-1,-1,0.5,-1,-1,-1,-1
0.630249822276617,-1,-1,-1,-1,-1,0.03151249111383085,-1,0.0004480204845897654,-1,-1,0.5,-1,-1,-1,-1
0.6310056500964782,-1,-1,-1,-1,-1,0.03155028250482391,-1,0.00044775208143858444,-1,-1,0.5,-1,-1,-1,-1
0.6317623843437166,-1,-1,-1,-1,-1,0.03158811921718583,-1,0.00044748383908418406,-1,-1,0.5,-1,-1,-1,-1
0.6325200261053661,-1,-1,-1,-1,-1,0.031626001305268304,-1,0.00044721575743023306,-1,-1,0.5,-1,-1,-1,-1
0.6332785764697643,-1,-1,-1,-1,-1,0.031663928823488216,-1,0.00044694783638045795,-1,-1,0.5,-1,-1,-1,-1
0.6340380365265541,-1,-1,-1,-1,-1,0.031701901826327705,-1,0.0004466800758386429,-1,-1,0.5,-1,-1,-1,-1
0.6347984073666855,-1,-1,-1,-1,-1,0.03173992036833428,-1,0.0004464124757086295,-1,-1,0.5,-1,-1,-1,-1
0.635559690082416,-1,-1,-1,-1,-1,0.0317779845041208,-1,0.0004461450358943174,-1,-1,0.5,-1,-1,-1,-1
0.6363218857673136,-1,-1,-1,-1,-1,0.03181609428836568,-1,0.0004458777562996636,-1,-1,0.5,-1,-1,-1,-1
0.6370849955162577,-1,-1,-1,-1,-1,0.03185424977581289,-1,0.0004456106368286825,-1,-1,0.5,-1,-1,-1,-1
0.6378490204254406,-1,-1,-1,-1,-1,0.03189245102127203,-1,0.0004453436773854461,-1,-1,0.5,-1,-1,-1,-1
0.6386139615923693,-1,-1,-1,-1,-1,0.031930698079618465,-1,0.0004450768778740839,-1,-1,0.5,-1,-1,-1,-1
0.6393798201158668,-1,-1,-1,-1,-1,0.03196899100579334,-1,0.000444810238198783,-1,-1,0.5,-1,-1,-1,-1
0.6401465970960744,-1,-1,-1,-1,-1,0.03200732985480372,-1,0.0004445437582637875,-1,-1,0.5,-1,-1,-1,-1
0.6409142936344517,-1,-1,-1,-1,-1,0.03204571468172259,-1,0.0004442774379733992,-1,-1,0.5,-1,-1,-1,-1
0.6416829108337805,-1,-1,-1,-1,-1,0.03208414554168903,-1,0.00044401127723197724,-1,-1,0.5,-1,-1,-1,-1
0.6424524497981643,-1,-1,-1,-1,-1,0.032122622489908215,-1,0.0004437452759439378,-1,-1,0.5,-1,-1,-1,-1
0.6432229116330307,-1,-1,-1,-1,-1,0.032161145581651535,-1,0.00044347943401375445,-1,-1,0.5,-1,-1,-1,-1
0.6439942974451336,-1,-1,-1,-1,-1,0.03219971487225668,-1,0.00044321375134595797,-1,-1,0.5,-1,-1,-1,-1
0.6447666083425533,-1,-1,-1,-1,-1,0.03223833041712767,-1,0.00044294822784513656,-1,-1,0.5,-1,-1,-1,-1
0.6455398454346996,-1,-1,-1,-1,-1,0.03227699227173498,-1,0.0004426828634159353,-1,-1,0.5,-1,-1,-1,-1
0.6463140098323128,-1,-1,-1,-1,-1,0.03231570049161564,-1,0.0004424176579630563,-1,-1,0.5,-1,-1,-1,-1
0.6470891026474647,-1,-1,-1,-1,-1,0.032354455132373235,-1,0.0004421526113912592,-1,-1,0.5,-1,-1,-1,-1
0.6478651249935613,-1,-1,-1,-1,-1,0.032393256249678065,-1,0.00044188772360536044,-1,-1,0.5,-1,-1,-1,-1
0.6486420779853436,-1,-1,-1,-1,-1,0.03243210389926718,-1,0.00044162299451023336,-1,-1,0.5,-1,-1,-1,-1
0.6494199627388895,-1,-1,-1,-1,-1,0.03247099813694448,-1,0.0004413584240108084,-1,-1,0.5,-1,-1,-1,-1
0.6501987803716154,-1,-1,-1,-1,-1,0.03250993901858077,-1,0.0004410940120120729,-1,-1,0.5,-1,-1,-1,-1
0.6509785320022776,-1,-1,-1,-1,-1,0.03254892660011388,-1,0.0004408297584190716,-1,-1,0.5,-1,-1,-1,-1
0.6517592187509742,-1,-1,-1,-1,-1,0.03258796093754871,-1,0.00044056566313690527,-1,-1,0.5,-1,-1,-1,-1
0.652540841739147,-1,-1,-1,-1,-1,0.032627042086957346,-1,0.0004403017260707321,-1,-1,0.5,-1,-1,-1,-1
0.6533234020895815,-1,-1,-1,-1,-1,0.03266617010447908,-1,0.0004400379471257671,-1,-1,0.5,-1,-1,-1,-1
0.6541069009264112,-1,-1,-1,-1,-1,0.03270534504632056,-1,0.0004397743262072818,-1,-1,0.5,-1,-1,-1,-1
0.6548913393751165,-1,-1,-1,-1,-1,0.03274456696875582,-1,0.0004395108632206048,-1,-1,0.5,-1,-1,-1,-1
0.6556767185625281,-1,-1,-1,-1,-1,0.032783835928126406,-1,0.00043924755807112103,-1,-1,0.5,-1,-1,-1,-1
0.6564630396168282,-1,-1,-1,-1,-1,0.03282315198084141,-1,0.00043898441066427256,-1,-1,0.5,-1,-1,-1,-1
0.6572503036675514,-1,-1,-1,-1,-1,0.03286251518337757,-1,0.00043872142090555763,-1,-1,0.5,-1,-1,-1,-1
0.6580385118455877,-1,-1,-1,-1,-1,0.032901925592279384,-1,0.0004384585887005314,-1,-1,0.5,-1,-1,-1,-1
0.6588276652831824,-1,-1,-1,-1,-1,0.03294138326415912,-1,0.00043819591395480556,-1,-1,0.5,-1,-1,-1,-1
0.6596177651139392,-1,-1,-1,-1,-1,0.032980888255696963,-1,0.0004379333965740483,-1,-1,0.5,-1,-1,-1,-1
0.6604088124728215,-1,-1,-1,-1,-1,0.033020440623641074,-1,0.0004376710364639844,-1,-1,0.5,-1,-1,-1,-1
0.661200808496153,-1,-1,-1,-1,-1,0.03306004042480765,-1,0.00043740883353039496,-1,-1,0.5,-1,-1,-1,-1
0.6619937543216212,-1,-1,-1,-1,-1,0.033099687716081065,-1,0.0004371467876791177,-1,-1,0.5,-1,-1,-1,-1
0.6627876510882769,-1,-1,-1,-1,-1,0.03313938255441384,-1,0.0004368848988160468,-1,-1,0.5,-1,-1,-1,-1
0.6635824999365375,-1,-1,-1,-1,-1,0.033179124996826875,-1,0.00043662316684713254,-1,-1,0.5,-1,-1,-1,-1
0.6643783020081881,-1,-1,-1,-1,-1,0.03321891510040941,-1,0.0004363615916783817,-1,-1,0.5,-1,-1,-1,-1
0.6651750584463829,-1,-1,-1,-1,-1,0.03325875292231915,-1,0.0004361001732158575,-1,-1,0.5,-1,-1,-1,-1
0.6659727703956472,-1,-1,-1,-1,-1,0.03329863851978236,-1,0.00043583891136567924,-1,-1,0.5,-1,-1,-1,-1
0.6667714390018784,-1,-1,-1,-1,-1,0.033338571950093925,-1,0.0004355778060340224,-1,-1,0.5,-1,-1,-1,-1
0.6675710654123487,-1,-1,-1,-1,-1,0.033378553270617436,-1,0.00043531685712711905,-1,-1,0.5,-1,-1,-1,-1
0.6683716507757059,-1,-1,-1,-1,-1,0.033418582538785296,-1,0.00043505606455125704,-1,-1,0.5,-1,-1,-1,-1
0.6691731962419754,-1,-1,-1,-1,-1,0.03345865981209877,-1,0.00043479542821278053,-1,-1,0.5,-1,-1,-1,-1
0.6699757029625614,-1,-1,-1,-1,-1,0.03349878514812807,-1,0.00043453494801808985,-1,-1,0.5,-1,-1,-1,-1
0.6707791720902497,-1,-1,-1,-1,-1,0.03353895860451249,-1,0.0004342746238736411,-1,-1,0.5,-1,-1,-1,-1
0.6715836047792079,-1,-1,-1,-1,-1,0.03357918023896039,-1,0.00043401445568594686,-1,-1,0.5,-1,-1,-1,-1
0.672389002184988,-1,-1,-1,-1,-1,0.0336194501092494,-1,0.0004337544433615754,-1,-1,0.5,-1,-1,-1,-1
0.6731953654645275,-1,-1,-1,-1,-1,0.03365976827322638,-1,0.0004334945868071511,-1,-1,0.5,-1,-1,-1,-1
0.6740026957761518,-1,-1,-1,-1,-1,0.03370013478880759,-1,0.00043323488592935435,-1,-1,0.5,-1,-1,-1,-1
0.6748109942795755,-1,-1,-1,-1,-1,0.033740549713978774,-1,0.00043297534063492103,-1,-1,0.5,-1,-1,-1,-1
0.6756202621359033,-1,-1,-1,-1,-1,0.03378101310679517,-1,0.0004327159508306435,-1,-1,0.5,-1,-1,-1,-1
0.6764305005076331,-1,-1,-1,-1,-1,0.03382152502538165,-1,0.00043245671642336953,-1,-1,0.5,-1,-1,-1,-1
0.6772417105586562,-1,-1,-1,-1,-1,0.033862085527932816,-1,0.0004321976373200029,-1,-1,0.5,-1,-1,-1,-1
0.6780538934542605,-1,-1,-1,-1,-1,0.03390269467271303,-1,0.00043193871342750304,-1,-1,0.5,-1,-1,-1,-1
0.6788670503611309,-1,-1,-1,-1,-1,0.033943352518056545,-1,0.00043167994465288513,-1,-1,0.5,-1,-1,-1,-1
0.6796811824473513,-1,-1,-1,-1,-1,0.033984059122367564,-1,0.00043142133090322027,-1,-1,0.5,-1,-1,-1,-1
0.680496290882407,-1,-1,-1,-1,-1,0.03402481454412035,-1,0.00043116287208563484,-1,-1,0.5,-1,-1,-1,-1
0.6813123768371852,-1,-1,-1,-1,-1,0.03406561884185926,-1,0.0004309045681073112,-1,-1,0.5,-1,-1,-1,-1
0.6821294414839775,-1,-1,-1,-1,-1,0.034106472074198875,-1,0.0004306464188754872,-1,-1,0.5,-1,-1,-1,-1
0.6829474859964817,-1,-1,-1,-1,-1,0.03414737429982408,-1,0.0004303884242974562,-1,-1,0.5,-1,-1,-1,-1
0.6837665115498025,-1,-1,-1,-1,-1,0.034188325577490124,-1,0.0004301305842805672,-1,-1,0.5,-1,-1,-1,-1
0.6845865193204547,-1,-1,-1,-1,-1,0.03422932596602273,-1,0.0004298728987322246,-1,-1,0.5,-1,-1,-1,-1
0.685407510486363,-1,-1,-1,-1,-1,0.03427037552431815,-1,0.0004296153675598884,-1,-1,0.5,-1,-1,-1,-1
0.6862294862268655,-1,-1,-1,-1,-1,0.03431147431134328,-1,0.00042935799067107404,-1,-1,0.5,-1,-1,-1,-1
0.6870524477227148,-1,-1,-1,-1,-1,0.03435262238613574,-1,0.0004291007679733521,-1,-1,0.5,-1,-1,-1,-1
0.6878763961560787,-1,-1,-1,-1,-1,0.034393819807803934,-1,0.00042884369937434895,-1,-1,0.5,-1,-1,-1,-1
0.688701332710543,-1,-1,-1,-1,-1,0.03443506663552715,-1,0.0004285867847817459,-1,-1,0.5,-1,-1,-1,-1
0.6895272585711136,-1,-1,-1,-1,-1,0.03447636292855568,-1,0.00042833002410327985,-1,-1,0.5,-1,-1,-1,-1
0.6903541749242166,-1,-1,-1,-1,-1,0.03451770874621083,-1,0.00042807341724674297,-1,-1,0.5,-1,-1,-1,-1
0.6911820829577013,-1,-1,-1,-1,-1,0.034559104147885066,-1,0.00042781696411998233,-1,-1,0.5,-1,-1,-1,-1
0.6920109838608417,-1,-1,-1,-1,-1,0.034600549193042084,-1,0.0004275606646309007,-1,-1,0.5,-1,-1,-1,-1
0.6928408788243376,-1,-1,-1,-1,-1,0.034642043941216887,-1,0.00042730451868745566,-1,-1,0.5,-1,-1,-1,-1
0.6936717690403176,-1,-1,-1,-1,-1,0.03468358845201588,-1,0.00042704852619766,-1,-1,0.5,-1,-1,-1,-1
0.6945036557023386,-1,-1,-1,-1,-1,0.03472518278511693,-1,0.0004267926870695818,-1,-1,0.5,-1,-1,-1,-1
0.6953365400053902,-1,-1,-1,-1,-1,0.034766827000269514,-1,0.00042653700121134396,-1,-1,0.5,-1,-1,-1,-1
0.6961704231458944,-1,-1,-1,-1,-1,0.03480852115729472,-1,0.0004262814685311245,-1,-1,0.5,-1,-1,-1,-1
0.697005306321708,-1,-1,-1,-1,-1,0.0348502653160854,-1,0.0004260260889371567,-1,-1,0.5,-1,-1,-1,-1
0.6978411907321248,-1,-1,-1,-1,-1,0.03489205953660624,-1,0.00042577086233772847,-1,-1,0.5,-1,-1,-1,-1
0.6986780775778761,-1,-1,-1,-1,-1,0.03493390387889381,-1,0.00042551578864118286,-1,-1,0.5,-1,-1,-1,-1
0.6995159680611343,-1,-1,-1,-1,-1,0.034975798403056715,-1,0.00042526086775591764,-1,-1,0.5,-1,-1,-1,-1
0.7003548633855121,-1,-1,-1,-1,-1,0.035017743169275604,-1,0.0004250060995903858,-1,-1,0.5,-1,-1,-1,-1
0.7011947647560667,-1,-1,-1,-1,-1,0.03505973823780333,-1,0.0004247514840530949,-1,-1,0.5,-1,-1,-1,-1
0.7020356733793003,-1,-1,-1,-1,-1,0.03510178366896501,-1,0.00042449702105260717,-1,-1,0.5,-1,-1,-1,-1
0.7028775904631613,-1,-1,-1,-1,-1,0.03514387952315807,-1,0.00042424271049754006,-1,-1,0.5,-1,-1,-1,-1
0.703720517217048,-1,-1,-1,-1,-1,0.0351860258608524,-1,0.0004239885522965655,-1,-1,0.5,-1,-1,-1,-1
0.7045644548518076,-1,-1,-1,-1,-1,0.03522822274259038,-1,0.00042373454635841006,-1,-1,0.5,-1,-1,-1,-1
0.7054094045797406,-1,-1,-1,-1,-1,0.03527047022898703,-1,0.00042348069259185524,-1,-1,0.5,-1,-1,-1,-1
0.7062553676146008,-1,-1,-1,-1,-1,0.035312768380730046,-1,0.00042322699090573693,-1,-1,0.5,-1,-1,-1,-1
0.7071023451715975,-1,-1,-1,-1,-1,0.03535511725857988,-1,0.0004229734412089459,-1,-1,0.5,-1,-1,-1,-1
0.7079503384673977,-1,-1,-1,-1,-1,0.03539751692336989,-1,0.0004227200434104272,-1,-1,0.5,-1,-1,-1,-1
0.7087993487201276,-1,-1,-1,-1,-1,0.03543996743600638,-1,0.00042246679741918047,-1,-1,0.5,-1,-1,-1,-1
0.7096493771493734,-1,-1,-1,-1,-1,0.03548246885746867,-1,0.0004222137031442603,-1,-1,0.5,-1,-1,-1,-1
0.7105004249761848,-1,-1,-1,-1,-1,0.03552502124880924,-1,0.0004219607604947753,-1,-1,0.5,-1,-1,-1,-1
0.7113524934230754,-1,-1,-1,-1,-1,0.03556762467115377,-1,0.00042170796937988865,-1,-1,0.5,-1,-1,-1,-1
0.7122055837140249,-1,-1,-1,-1,-1,0.03561027918570125,-1,0.00042145532970881797,-1,-1,0.5,-1,-1,-1,-1
0.7130596970744812,-1,-1,-1,-1,-1,0.03565298485372406,-1,0.00042120284139083523,-1,-1,0.5,-1,-1,-1,-1
0.7139148347313614,-1,-1,-1,-1,-1,0.035695741736568073,-1,0.0004209505043352669,-1,-1,0.5,-1,-1,-1,-1
0.7147709979130543,-1,-1,-1,-1,-1,0.03573854989565272,-1,0.0004206983184514936,-1,-1,0.5,-1,-1,-1,-1
0.7156281878494215,-1,-1,-1,-1,-1,0.03578140939247108,-1,0.0004204462836489504,-1,-1,0.5,-1,-1,-1,-1
0.7164864057717998,-1,-1,-1,-1,-1,0.03582432028858999,-1,0.00042019439983712644,-1,-1,0.5,-1,-1,-1,-1
0.7173456529130028,-1,-1,-1,-1,-1,0.03586728264565014,-1,0.00041994266692556504,-1,-1,0.5,-1,-1,-1,-1
0.7182059305073218,-1,-1,-1,-1,-1,0.03591029652536609,-1,0.0004196910848238642,-1,-1,0.5,-1,-1,-1,-1
0.7190672397905297,-1,-1,-1,-1,-1,0.035953361989526485,-1,0.0004194396534416754,-1,-1,0.5,-1,-1,-1,-1
0.7199295819998798,-1,-1,-1,-1,-1,0.03599647909999399,-1,0.0004191883726887047,-1,-1,0.5,-1,-1,-1,-1
0.7207929583741103,-1,-1,-1,-1,-1,0.036039647918705515,-1,0.0004189372424747122,-1,-1,0.5,-1,-1,-1,-1
0.7216573701534449,-1,-1,-1,-1,-1,0.03608286850767225,-1,0.0004186862627095118,-1,-1,0.5,-1,-1,-1,-1
0.7225228185795937,-1,-1,-1,-1,-1,0.036126140928979686,-1,0.0004184354333029719,-1,-1,0.5,-1,-1,-1,-1
0.7233893048957573,-1,-1,-1,-1,-1,0.03616946524478786,-1,0.00041818475416501423,-1,-1,0.5,-1,-1,-1,-1
0.7242568303466257,-1,-1,-1,-1,-1,0.036212841517331285,-1,0.00041793422520561524,-1,-1,0.5,-1,-1,-1,-1
0.725125396178383,-1,-1,-1,-1,-1,0.036256269808919155,-1,0.0004176838463348047,-1,-1,0.5,-1,-1,-1,-1
0.7259950036387071,-1,-1,-1,-1,-1,0.036299750181935354,-1,0.0004174336174626666,-1,-1,0.5,-1,-1,-1,-1
0.7268656539767718,-1,-1,-1,-1,-1,0.036343282698838596,-1,0.0004171835384993388,-1,-1,0.5,-1,-1,-1,-1
0.7277373484432499,-1,-1,-1,-1,-1,0.036386867422162496,-1,0.0004169336093550128,-1,-1,0.5,-1,-1,-1,-1
0.7286100882903136,-1,-1,-1,-1,-1,0.03643050441451568,-1,0.000416683829939934,-1,-1,0.5,-1,-1,-1,-1
0.7294838747716365,-1,-1,-1,-1,-1,0.03647419373858182,-1,0.00041643420016440163,-1,-1,0.5,-1,-1,-1,-1
0.730358709142396,-1,-1,-1,-1,-1,0.0365179354571198,-1,0.0004161847199387687,-1,-1,0.5,-1,-1,-1,-1
0.7312345926592747,-1,-1,-1,-1,-1,0.03656172963296374,-1,0.0004159353891734417,-1,-1,0.5,-1,-1,-1,-1
0.7321115265804623,-1,-1,-1,-1,-1,0.036605576329023115,-1,0.00041568620777888103,-1,-1,0.5,-1,-1,-1,-1
0.7329895121656576,-1,-1,-1,-1,-1,0.036649475608282876,-1,0.00041543717566560056,-1,-1,0.5,-1,-1,-1,-1
0.7338685506760694,-1,-1,-1,-1,-1,0.03669342753380347,-1,0.0004151882927441679,-1,-1,0.5,-1,-1,-1,-1
0.7347486433744199,-1,-1,-1,-1,-1,0.036737432168720996,-1,0.00041493955892520415,-1,-1,0.5,-1,-1,-1,-1
0.7356297915249449,-1,-1,-1,-1,-1,0.036781489576247245,-1,0.00041469097411938417,-1,-1,0.5,-1,-1,-1,-1
0.7365119963933966,-1,-1,-1,-1,-1,0.03682559981966983,-1,0.0004144425382374359,-1,-1,0.5,-1,-1,-1,-1
0.7373952592470456,-1,-1,-1,-1,-1,0.03686976296235228,-1,0.0004141942511901411,-1,-1,0.5,-1,-1,-1,-1
0.7382795813546814,-1,-1,-1,-1,-1,0.036913979067734075,-1,0.00041394611288833496,-1,-1,0.5,-1,-1,-1,-1
0.7391649639866159,-1,-1,-1,-1,-1,0.036958248199330794,-1,0.0004136981232429059,-1,-1,0.5,-1,-1,-1,-1
0.7400514084146838,-1,-1,-1,-1,-1,0.03700257042073419,-1,0.00041345028216479613,-1,-1,0.5,-1,-1,-1,-1
0.7409389159122454,-1,-1,-1,-1,-1,0.03704694579561227,-1,0.00041320258956500054,-1,-1,0.5,-1,-1,-1,-1
0.7418274877541882,-1,-1,-1,-1,-1,0.03709137438770941,-1,0.000412955045354568,-1,-1,0.5,-1,-1,-1,-1
0.742717125216928,-1,-1,-1,-1,-1,0.0371358562608464,-1,0.00041270764944460026,-1,-1,0.5,-1,-1,-1,-1
0.7436078295784123,-1,-1,-1,-1,-1,0.03718039147892062,-1,0.0004124604017462526,-1,-1,0.5,-1,-1,-1,-1
0.7444996021181202,-1,-1,-1,-1,-1,0.03722498010590601,-1,0.00041221330217073335,-1,-1,0.5,-1,-1,-1,-1
0.7453924441170657,-1,-1,-1,-1,-1,0.03726962220585329,-1,0.0004119663506293041,-1,-1,0.5,-1,-1,-1,-1
0.7462863568577993,-1,-1,-1,-1,-1,0.037314317842889966,-1,0.00041171954703327947,-1,-1,0.5,-1,-1,-1,-1
0.7471813416244091,-1,-1,-1,-1,-1,0.03735906708122046,-1,0.0004114728912940275,-1,-1,0.5,-1,-1,-1,-1
0.7480773997025233,-1,-1,-1,-1,-1,0.03740386998512617,-1,0.00041122638332296907,-1,-1,0.5,-1,-1,-1,-1
0.7489745323793122,-1,-1,-1,-1,-1,0.03744872661896561,-1,0.0004109800230315781,-1,-1,0.5,-1,-1,-1,-1
0.7498727409434892,-1,-1,-1,-1,-1,0.03749363704717446,-1,0.0004107338103313818,-1,-1,0.5,-1,-1,-1,-1
0.7507720266853137,-1,-1,-1,-1,-1,0.03753860133426569,-1,0.00041048774513396014,-1,-1,0.5,-1,-1,-1,-1
0.7516723908965921,-1,-1,-1,-1,-1,0.03758361954482961,-1,0.0004102418273509463,-1,-1,0.5,-1,-1,-1,-1
0.7525738348706801,-1,-1,-1,-1,-1,0.037628691743534004,-1,0.0004099960568940261,-1,-1,0.5,-1,-1,-1,-1
0.7534763599024847,-1,-1,-1,-1,-1,0.03767381799512424,-1,0.0004097504336749385,-1,-1,0.5,-1,-1,-1,-1
0.7543799672884653,-1,-1,-1,-1,-1,0.03771899836442327,-1,0.0004095049576054752,-1,-1,0.5,-1,-1,-1,-1
0.7552846583266368,-1,-1,-1,-1,-1,0.037764232916331845,-1,0.0004092596285974809,-1,-1,0.5,-1,-1,-1,-1
0.7561904343165697,-1,-1,-1,-1,-1,0.03780952171582849,-1,0.00040901444656285296,-1,-1,0.5,-1,-1,-1,-1
0.7570972965593942,-1,-1,-1,-1,-1,0.03785486482796971,-1,0.00040876941141354154,-1,-1,0.5,-1,-1,-1,-1
0.7580052463578002,-1,-1,-1,-1,-1,0.03790026231789001,-1,0.0004085245230615497,-1,-1,0.5,-1,-1,-1,-1
0.7589142850160397,-1,-1,-1,-1,-1,0.03794571425080199,-1,0.000408279781418933,-1,-1,0.5,-1,-1,-1,-1
0.7598244138399295,-1,-1,-1,-1,-1,0.03799122069199648,-1,0.0004080351863977999,-1,-1,0.5,-1,-1,-1,-1
0.7607356341368516,-1,-1,-1,-1,-1,0.03803678170684258,-1,0.0004077907379103113,-1,-1,0.5,-1,-1,-1,-1
0.7616479472157566,-1,-1,-1,-1,-1,0.038082397360787834,-1,0.0004075464358686809,-1,-1,0.5,-1,-1,-1,-1
0.7625613543871644,-1,-1,-1,-1,-1,0.03812806771935823,-1,0.0004073022801851747,-1,-1,0.5,-1,-1,-1,-1
0.7634758569631667,-1,-1,-1,-1,-1,0.03817379284815833,-1,0.00040705827077211194,-1,-1,0.5,-1,-1,-1,-1
0.7643914562574289,-1,-1,-1,-1,-1,0.038219572812871444,-1,0.0004068144075418635,-1,-1,0.5,-1,-1,-1,-1
0.7653081535851912,-1,-1,-1,-1,-1,0.03826540767925957,-1,0.00040657069040685336,-1,-1,0.5,-1,-1,-1,-1
0.7662259502632718,-1,-1,-1,-1,-1,0.03831129751316359,-1,0.0004063271192795578,-1,-1,0.5,-1,-1,-1,-1
0.767144847610068,-1,-1,-1,-1,-1,0.0383572423805034,-1,0.00040608369407250553,-1,-1,0.5,-1,-1,-1,-1
0.7680648469455575,-1,-1,-1,-1,-1,0.03840324234727788,-1,0.0004058404146982777,-1,-1,0.5,-1,-1,-1,-1
0.7689859495913022,-1,-1,-1,-1,-1,0.03844929747956511,-1,0.0004055972810695077,-1,-1,0.5,-1,-1,-1,-1
0.7699081568704476,-1,-1,-1,-1,-1,0.03849540784352238,-1,0.00040535429309888134,-1,-1,0.5,-1,-1,-1,-1
0.7708314701077267,-1,-1,-1,-1,-1,0.03854157350538634,-1,0.00040511145069913686,-1,-1,0.5,-1,-1,-1,-1
0.7717558906294613,-1,-1,-1,-1,-1,0.03858779453147307,-1,0.0004048687537830645,-1,-1,0.5,-1,-1,-1,-1
0.7726814197635632,-1,-1,-1,-1,-1,0.038634070988178164,-1,0.00040462620226350726,-1,-1,0.5,-1,-1,-1,-1
0.7736080588395373,-1,-1,-1,-1,-1,0.03868040294197687,-1,0.0004043837960533596,-1,-1,0.5,-1,-1,-1,-1
0.7745358091884827,-1,-1,-1,-1,-1,0.03872679045942414,-1,0.00040414153506556873,-1,-1,0.5,-1,-1,-1,-1
0.7754646721430946,-1,-1,-1,-1,-1,0.03877323360715473,-1,0.0004038994192131339,-1,-1,0.5,-1,-1,-1,-1
0.7763946490376668,-1,-1,-1,-1,-1,0.03881973245188334,-1,0.00040365744840910637,-1,-1,0.5,-1,-1,-1,-1
0.7773257412080926,-1,-1,-1,-1,-1,0.03886628706040463,-1,0.00040341562256658976,-1,-1,0.5,-1,-1,-1,-1
0.7782579499918684,-1,-1,-1,-1,-1,0.038912897499593424,-1,0.0004031739415987392,-1,-1,0.5,-1,-1,-1,-1
0.779191276728094,-1,-1,-1,-1,-1,0.0389595638364047,-1,0.0004029324054187624,-1,-1,0.5,-1,-1,-1,-1
0.7801257227574748,-1,-1,-1,-1,-1,0.03900628613787374,-1,0.0004026910139399188,-1,-1,0.5,-1,-1,-1,-1
0.7810612894223248,-1,-1,-1,-1,-1,0.03905306447111624,-1,0.00040244976707552,-1,-1,0.5,-1,-1,-1,-1
0.7819979780665669,-1,-1,-1,-1,-1,0.03909989890332835,-1,0.0004022086647389293,-1,-1,0.5,-1,-1,-1,-1
0.7829357900357364,-1,-1,-1,-1,-1,0.03914678950178682,-1,0.00040196770684356185,-1,-1,0.5,-1,-1,-1,-1
0.7838747266769822,-1,-1,-1,-1,-1,0.039193736333849115,-1,0.00040172689330288504,-1,-1,0.5,-1,-1,-1,-1
0.7848147893390683,-1,-1,-1,-1,-1,0.03924073946695342,-1,0.00040148622403041786,-1,-1,0.5,-1,-1,-1,-1
0.7857559793723767,-1,-1,-1,-1,-1,0.03928779896861884,-1,0.00040124569893973107,-1,-1,0.5,-1,-1,-1,-1
0.7866982981289083,-1,-1,-1,-1,-1,0.03933491490644542,-1,0.0004010053179444472,-1,-1,0.5,-1,-1,-1,-1
0.7876417469622861,-1,-1,-1,-1,-1,0.039382087348114304,-1,0.00040076508095824074,-1,-1,0.5,-1,-1,-1,-1
0.7885863272277559,-1,-1,-1,-1,-1,0.0394293163613878,-1,0.00040052498789483763,-1,-1,0.5,-1,-1,-1,-1
0.7895320402821887,-1,-1,-1,-1,-1,0.039476602014109435,-1,0.00040028503866801574,-1,-1,0.5,-1,-1,-1,-1
0.7904788874840835,-1,-1,-1,-1,-1,0.03952394437420417,-1,0.0004000452331916044,-1,-1,0.5,-1,-1,-1,-1
0.7914268701935673,-1,-1,-1,-1,-1,0.039571343509678364,-1,0.00039980557137948467,-1,-1,0.5,-1,-1,-1,-1
0.7923759897723991,-1,-1,-1,-1,-1,0.03961879948861996,-1,0.00039956605314558913,-1,-1,0.5,-1,-1,-1,-1
0.7933262475839711,-1,-1,-1,-1,-1,0.03966631237919856,-1,0.000399326678403902,-1,-1,0.5,-1,-1,-1,-1
0.7942776449933098,-1,-1,-1,-1,-1,0.03971388224966549,-1,0.0003990874470684589,-1,-1,0.5,-1,-1,-1,-1
0.7952301833670792,-1,-1,-1,-1,-1,0.03976150916835396,-1,0.0003988483590533473,-1,-1,0.5,-1,-1,-1,-1
0.7961838640735825,-1,-1,-1,-1,-1,0.03980919320367913,-1,0.00039860941427270557,-1,-1,0.5,-1,-1,-1,-1
0.7971386884827631,-1,-1,-1,-1,-1,0.03985693442413816,-1,0.00039837061264072406,-1,-1,0.5,-1,-1,-1,-1
0.7980946579662083,-1,-1,-1,-1,-1,0.03990473289831042,-1,0.00039813195407164414,-1,-1,0.5,-1,-1,-1,-1
0.799051773897149,-1,-1,-1,-1,-1,0.039952588694857454,-1,0.0003978934384797589,-1,-1,0.5,-1,-1,-1,-1
0.8000100376504642,-1,-1,-1,-1,-1,0.040000501882523215,-1,0.0003976550657794124,-1,-1,0.5,-1,-1,-1,-1
0.8009694506026811,-1,-1,-1,-1,-1,0.040048472530134056,-1,0.0003974168358850003,-1,-1,0.5,-1,-1,-1,-1
0.8019300141319776,-1,-1,-1,-1,-1,0.040096500706598884,-1,0.00039717874871096945,-1,-1,0.5,-1,-1,-1,-1
0.8028917296181849,-1,-1,-1,-1,-1,0.040144586480909246,-1,0.0003969408041718179,-1,-1,0.5,-1,-1,-1,-1
0.8038545984427883,-1,-1,-1,-1,-1,0.04019272992213942,-1,0.0003967030021820952,-1,-1,0.5,-1,-1,-1,-1
0.8048186219889303,-1,-1,-1,-1,-1,0.040240931099446514,-1,0.0003964653426564016,-1,-1,0.5,-1,-1,-1,-1
0.8057838016414123,-1,-1,-1,-1,-1,0.04028919008207062,-1,0.00039622782550938885,-1,-1,0.5,-1,-1,-1,-1
0.8067501387866957,-1,-1,-1,-1,-1,0.040337506939334786,-1,0.0003959904506557598,-1,-1,0.5,-1,-1,-1,-1
0.8077176348129055,-1,-1,-1,-1,-1,0.04038588174064528,-1,0.0003957532180102684,-1,-1,0.5,-1,-1,-1,-1
0.8086862911098306,-1,-1,-1,-1,-1,0.040434314555491534,-1,0.0003955161274877196,-1,-1,0.5,-1,-1,-1,-1
0.8096561090689272,-1,-1,-1,-1,-1,0.04048280545344636,-1,0.00039527917900296936,-1,-1,0.5,-1,-1,-1,-1
0.8106270900833199,-1,-1,-1,-1,-1,0.040531354504166,-1,0.00039504237247092483,-1,-1,0.5,-1,-1,-1,-1
0.8115992355478041,-1,-1,-1,-1,-1,0.040579961777390205,-1,0.000394805707806544,-1,-1,0.5,-1,-1,-1,-1
0.8125725468588482,-1,-1,-1,-1,-1,0.04062862734294241,-1,0.00039456918492483564,-1,-1,0.5,-1,-1,-1,-1
0.8135470254145944,-1,-1,-1,-1,-1,0.040677351270729724,-1,0.0003943328037408599,-1,-1,0.5,-1,-1,-1,-1
0.8145226726148627,-1,-1,-1,-1,-1,0.040726133630743136,-1,0.00039409656416972735,-1,-1,0.5,-1,-1,-1,-1
0.8154994898611514,-1,-1,-1,-1,-1,0.04077497449305757,-1,0.0003938604661265996,-1,-1,0.5,-1,-1,-1,-1
0.8164774785566392,-1,-1,-1,-1,-1,0.04082387392783196,-1,0.00039362450952668937,-1,-1,0.5,-1,-1,-1,-1
0.8174566401061881,-1,-1,-1,-1,-1,0.04087283200530941,-1,0.0003933886942852596,-1,-1,0.5,-1,-1,-1,-1
0.8184369759163449,-1,-1,-1,-1,-1,0.04092184879581725,-1,0.00039315302031762435,-1,-1,0.5,-1,-1,-1,-1
0.8194184873953425,-1,-1,-1,-1,-1,0.040970924369767125,-1,0.0003929174875391484,-1,-1,0.5,-1,-1,-1,-1
0.8204011759531037,-1,-1,-1,-1,-1,0.04102005879765519,-1,0.00039268209586524716,-1,-1,0.5,-1,-1,-1,-1
0.8213850430012408,-1,-1,-1,-1,-1,0.04106925215006205,-1,0.0003924468452113868,-1,-1,0.5,-1,-1,-1,-1
0.8223700899530602,-1,-1,-1,-1,-1,0.04111850449765301,-1,0.00039221173549308403,-1,-1,0.5,-1,-1,-1,-1
0.8233563182235628,-1,-1,-1,-1,-1,0.04116781591117814,-1,0.0003919767666259062,-1,-1,0.5,-1,-1,-1,-1
0.8243437292294462,-1,-1,-1,-1,-1,0.041217186461472315,-1,0.00039174193852547134,-1,-1,0.5,-1,-1,-1,-1
0.8253323243891073,-1,-1,-1,-1,-1,0.04126661621945537,-1,0.00039150725110744796,-1,-1,0.5,-1,-1,-1,-1
0.8263221051226436,-1,-1,-1,-1,-1,0.041316105256132184,-1,0.000391272704287555,-1,-1,0.5,-1,-1,-1,-1
0.8273130728518561,-1,-1,-1,-1,-1,0.04136565364259281,-1,0.000391038297981562,-1,-1,0.5,-1,-1,-1,-1
0.8283052290002509,-1,-1,-1,-1,-1,0.04141526145001255,-1,0.00039080403210528893,-1,-1,0.5,-1,-1,-1,-1
0.8292985749930407,-1,-1,-1,-1,-1,0.04146492874965204,-1,0.00039056990657460625,-1,-1,0.5,-1,-1,-1,-1
0.8302931122571482,-1,-1,-1,-1,-1,0.041514655612857415,-1,0.00039033592130543473,-1,-1,0.5,-1,-1,-1,-1
0.8312888422212064,-1,-1,-1,-1,-1,0.04156444211106032,-1,0.00039010207621374563,-1,-1,0.5,-1,-1,-1,-1
0.8322857663155622,-1,-1,-1,-1,-1,0.04161428831577811,-1,0.00038986837121556044,-1,-1,0.5,-1,-1,-1,-1
0.8332838859722781,-1,-1,-1,-1,-1,0.041664194298613906,-1,0.00038963480622695085,-1,-1,0.5,-1,-1,-1,-1
0.8342832026251331,-1,-1,-1,-1,-1,0.04171416013125666,-1,0.00038940138116403913,-1,-1,0.5,-1,-1,-1,-1
0.8352837177096267,-1,-1,-1,-1,-1,0.041764185885481336,-1,0.00038916809594299764,-1,-1,0.5,-1,-1,-1,-1
0.8362854326629791,-1,-1,-1,-1,-1,0.04181427163314896,-1,0.0003889349504800489,-1,-1,0.5,-1,-1,-1,-1
0.8372883489241343,-1,-1,-1,-1,-1,0.04186441744620672,-1,0.0003887019446914657,-1,-1,0.5,-1,-1,-1,-1
0.8382924679337624,-1,-1,-1,-1,-1,0.041914623396688125,-1,0.00038846907849357103,-1,-1,0.5,-1,-1,-1,-1
0.8392977911342605,-1,-1,-1,-1,-1,0.04196488955671303,-1,0.0003882363518027379,-1,-1,0.5,-1,-1,-1,-1
0.8403043199697562,-1,-1,-1,-1,-1,0.042015215998487815,-1,0.0003880037645353894,-1,-1,0.5,-1,-1,-1,-1
0.8413120558861086,-1,-1,-1,-1,-1,0.042065602794305434,-1,0.00038777131660799896,-1,-1,0.5,-1,-1,-1,-1
0.8423210003309106,-1,-1,-1,-1,-1,0.04211605001654553,-1,0.00038753900793708963,-1,-1,0.5,-1,-1,-1,-1
0.8433311547534916,-1,-1,-1,-1,-1,0.04216655773767458,-1,0.0003873068384392349,-1,-1,0.5,-1,-1,-1,-1
0.8443425206049184,-1,-1,-1,-1,-1,0.042217126030245924,-1,0.00038707480803105786,-1,-1,0.5,-1,-1,-1,-1
0.8453550993379989,-1,-1,-1,-1,-1,0.04226775496689995,-1,0.0003868429166292318,-1,-1,0.5,-1,-1,-1,-1
0.8463688924072826,-1,-1,-1,-1,-1,0.04231844462036413,-1,0.00038661116415047986,-1,-1,0.5,-1,-1,-1,-1
0.8473839012690636,-1,-1,-1,-1,-1,0.042369195063453186,-1,0.00038637955051157503,-1,-1,0.5,-1,-1,-1,-1
0.8484001273813826,-1,-1,-1,-1,-1,0.04242000636906913,-1,0.00038614807562934025,-1,-1,0.5,-1,-1,-1,-1
0.8494175722040282,-1,-1,-1,-1,-1,0.042470878610201414,-1,0.00038591673942064823,-1,-1,0.5,-1,-1,-1,-1
0.8504362371985406,-1,-1,-1,-1,-1,0.04252181185992703,-1,0.0003856855418024214,-1,-1,0.5,-1,-1,-1,-1
0.8514561238282123,-1,-1,-1,-1,-1,0.04257280619141062,-1,0.000385454482691632,-1,-1,0.5,-1,-1,-1,-1
0.8524772335580906,-1,-1,-1,-1,-1,0.04262386167790453,-1,0.00038522356200530224,-1,-1,0.5,-1,-1,-1,-1
0.8534995678549797,-1,-1,-1,-1,-1,0.04267497839274899,-1,0.00038499277966050376,-1,-1,0.5,-1,-1,-1,-1
0.854523128187443,-1,-1,-1,-1,-1,0.042726156409372155,-1,0.00038476213557435803,-1,-1,0.5,-1,-1,-1,-1
0.8555479160258052,-1,-1,-1,-1,-1,0.04277739580129026,-1,0.000384531629664036,-1,-1,0.5,-1,-1,-1,-1
0.8565739328421541,-1,-1,-1,-1,-1,0.04282869664210771,-1,0.00038430126184675845,-1,-1,0.5,-1,-1,-1,-1
0.8576011801103429,-1,-1,-1,-1,-1,0.04288005900551715,-1,0.00038407103203979556,-1,-1,0.5,-1,-1,-1,-1
0.8586296593059926,-1,-1,-1,-1,-1,0.04293148296529963,-1,0.00038384094016046726,-1,-1,0.5,-1,-1,-1,-1
0.8596593719064931,-1,-1,-1,-1,-1,0.04298296859532466,-1,0.0003836109861261431,-1,-1,0.5,-1,-1,-1,-1
0.860690319391007,-1,-1,-1,-1,-1,0.04303451596955035,-1,0.00038338116985424164,-1,-1,0.5,-1,-1,-1,-1
0.8617225032404705,-1,-1,-1,-1,-1,0.04308612516202353,-1,0.00038315149126223145,-1,-1,0.5,-1,-1,-1,-1
0.8627559249375952,-1,-1,-1,-1,-1,0.043137796246879766,-1,0.00038292195026763014,-1,-1,0.5,-1,-1,-1,-1
0.8637905859668716,-1,-1,-1,-1,-1,0.04318952929834358,-1,0.00038269254678800513,-1,-1,0.5,-1,-1,-1,-1
0.8648264878145704,-1,-1,-1,-1,-1,0.043241324390728524,-1,0.0003824632807409728,-1,-1,0.5,-1,-1,-1,-1
0.865863631968744,-1,-1,-1,-1,-1,0.0432931815984372,-1,0.00038223415204419935,-1,-1,0.5,-1,-1,-1,-1
0.8669020199192305,-1,-1,-1,-1,-1,0.04334510099596153,-1,0.00038200516061539976,-1,-1,0.5,-1,-1,-1,-1
0.8679416531576534,-1,-1,-1,-1,-1,0.04339708265788267,-1,0.00038177630637233897,-1,-1,0.5,-1,-1,-1,-1
0.868982533177426,-1,-1,-1,-1,-1,0.0434491266588713,-1,0.00038154758923283054,-1,-1,0.5,-1,-1,-1,-1
0.8700246614737525,-1,-1,-1,-1,-1,0.043501233073687626,-1,0.00038131900911473753,-1,-1,0.5,-1,-1,-1,-1
0.8710680395436293,-1,-1,-1,-1,-1,0.043553401977181466,-1,0.0003810905659359723,-1,-1,0.5,-1,-1,-1,-1
0.8721126688858496,-1,-1,-1,-1,-1,0.04360563344429248,-1,0.0003808622596144964,-1,-1,0.5,-1,-1,-1,-1
0.8731585510010025,-1,-1,-1,-1,-1,0.04365792755005013,-1,0.00038063409006832034,-1,-1,0.5,-1,-1,-1,-1
0.8742056873914776,-1,-1,-1,-1,-1,0.04371028436957389,-1,0.00038040605721550384,-1,-1,0.5,-1,-1,-1,-1
0.8752540795614663,-1,-1,-1,-1,-1,0.04376270397807332,-1,0.00038017816097415567,-1,-1,0.5,-1,-1,-1,-1
0.8763037290169632,-1,-1,-1,-1,-1,0.04381518645084816,-1,0.00037995040126243386,-1,-1,0.5,-1,-1,-1,-1
0.8773546372657697,-1,-1,-1,-1,-1,0.04386773186328849,-1,0.0003797227779985451,-1,-1,0.5,-1,-1,-1,-1
0.8784068058174948,-1,-1,-1,-1,-1,0.04392034029087474,-1,0.0003794952911007456,-1,-1,0.5,-1,-1,-1,-1
0.8794602361835583,-1,-1,-1,-1,-1,0.04397301180917792,-1,0.0003792679404873399,-1,-1,0.5,-1,-1,-1,-1
0.8805149298771928,-1,-1,-1,-1,-1,0.044025746493859645,-1,0.000379040726076682,-1,-1,0.5,-1,-1,-1,-1
0.881570888413445,-1,-1,-1,-1,-1,0.04407854442067225,-1,0.0003788136477871747,-1,-1,0.5,-1,-1,-1,-1
0.8826281133091791,-1,-1,-1,-1,-1,0.04413140566545896,-1,0.00037858670553726943,-1,-1,0.5,-1,-1,-1,-1
0.8836866060830779,-1,-1,-1,-1,-1,0.0441843303041539,-1,0.00037835989924546676,-1,-1,0.5,-1,-1,-1,-1
0.8847463682556458,-1,-1,-1,-1,-1,0.04423731841278229,-1,0.0003781332288303161,-1,-1,0.5,-1,-1,-1,-1
0.8858074013492109,-1,-1,-1,-1,-1,0.04429037006746055,-1,0.00037790669421041524,-1,-1,0.5,-1,-1,-1,-1
0.8868697068879261,-1,-1,-1,-1,-1,0.044343485344396305,-1,0.0003776802953044114,-1,-1,0.5,-1,-1,-1,-1
0.8879332863977731,-1,-1,-1,-1,-1,0.04439666431988866,-1,0.00037745403203099997,-1,-1,0.5,-1,-1,-1,-1
0.8889981414065634,-1,-1,-1,-1,-1,0.04444990707032817,-1,0.0003772279043089252,-1,-1,0.5,-1,-1,-1,-1
0.89006427344394,-1,-1,-1,-1,-1,0.044503213672197006,-1,0.0003770019120569804,-1,-1,0.5,-1,-1,-1,-1
0.8911316840413815,-1,-1,-1,-1,-1,0.04455658420206908,-1,0.00037677605519400675,-1,-1,0.5,-1,-1,-1,-1
0.892200374732202,-1,-1,-1,-1,-1,0.04461001873661011,-1,0.00037655033363889485,-1,-1,0.5,-1,-1,-1,-1
0.8932703470515553,-1,-1,-1,-1,-1,0.044663517352577765,-1,0.00037632474731058346,-1,-1,0.5,-1,-1,-1,-1
0.8943416025364359,-1,-1,-1,-1,-1,0.044717080126821795,-1,0.0003760992961280598,-1,-1,0.5,-1,-1,-1,-1
0.8954141427256812,-1,-1,-1,-1,-1,0.04477070713628406,-1,0.00037587398001036007,-1,-1,0.5,-1,-1,-1,-1
0.8964879691599748,-1,-1,-1,-1,-1,0.04482439845799874,-1,0.0003756487988765686,-1,-1,0.5,-1,-1,-1,-1
0.897563083381847,-1,-1,-1,-1,-1,0.044878154169092355,-1,0.00037542375264581845,-1,-1,0.5,-1,-1,-1,-1
0.8986394869356789,-1,-1,-1,-1,-1,0.04493197434678395,-1,0.00037519884123729075,-1,-1,0.5,-1,-1,-1,-1
0.8997171813677035,-1,-1,-1,-1,-1,0.044985859068385176,-1,0.00037497406457021547,-1,-1,0.5,-1,-1,-1,-1
0.9007961682260075,-1,-1,-1,-1,-1,0.045039808411300376,-1,0.0003747494225638708,-1,-1,0.5,-1,-1,-1,-1
0.901876449060535,-1,-1,-1,-1,-1,0.045093822453026754,-1,0.0003745249151375831,-1,-1,0.5,-1,-1,-1,-1
0.9029580254230881,-1,-1,-1,-1,-1,0.04514790127115441,-1,0.0003743005422107274,-1,-1,0.5,-1,-1,-1,-1
0.9040408988673304,-1,-1,-1,-1,-1,0.04520204494336652,-1,0.0003740763037027269,-1,-1,0.5,-1,-1,-1,-1
0.9051250709487888,-1,-1,-1,-1,-1,0.045256253547439444,-1,0.0003738521995330528,-1,-1,0.5,-1,-1,-1,-1
0.9062105432248552,-1,-1,-1,-1,-1,0.04531052716124276,-1,0.0003736282296212251,-1,-1,0.5,-1,-1,-1,-1
0.9072973172547898,-1,-1,-1,-1,-1,0.045364865862739495,-1,0.00037340439388681133,-1,-1,0.5,-1,-1,-1,-1
0.9083853945997219,-1,-1,-1,-1,-1,0.0454192697299861,-1,0.00037318069224942806,-1,-1,0.5,-1,-1,-1,-1
0.9094747768226538,-1,-1,-1,-1,-1,0.04547373884113269,-1,0.00037295712462873906,-1,-1,0.5,-1,-1,-1,-1
0.9105654654884622,-1,-1,-1,-1,-1,0.04552827327442311,-1,0.00037273369094445696,-1,-1,0.5,-1,-1,-1,-1
0.9116574621638996,-1,-1,-1,-1,-1,0.045582873108194984,-1,0.0003725103911163421,-1,-1,0.5,-1,-1,-1,-1
0.9127507684175987,-1,-1,-1,-1,-1,0.04563753842087994,-1,0.0003722872250642031,-1,-1,0.5,-1,-1,-1,-1
0.9138453858200721,-1,-1,-1,-1,-1,0.04569226929100361,-1,0.00037206419270789664,-1,-1,0.5,-1,-1,-1,-1
0.9149413159437169,-1,-1,-1,-1,-1,0.04574706579718585,-1,0.00037184129396732713,-1,-1,0.5,-1,-1,-1,-1
0.9160385603628155,-1,-1,-1,-1,-1,0.04580192801814078,-1,0.0003716185287624472,-1,-1,0.5,-1,-1,-1,-1
0.9171371206535378,-1,-1,-1,-1,-1,0.04585685603267689,-1,0.0003713958970132574,-1,-1,0.5,-1,-1,-1,-1
0.9182369983939447,-1,-1,-1,-1,-1,0.04591184991969724,-1,0.0003711733986398062,-1,-1,0.5,-1,-1,-1,-1
0.9193381951639893,-1,-1,-1,-1,-1,0.04596690975819947,-1,0.00037095103356219,-1,-1,0.5,-1,-1,-1,-1
0.9204407125455191,-1,-1,-1,-1,-1,0.046022035627275956,-1,0.0003707288017005529,-1,-1,0.5,-1,-1,-1,-1
0.9215445521222791,-1,-1,-1,-1,-1,0.04607722760611396,-1,0.0003705067029750871,-1,-1,0.5,-1,-1,-1,-1
0.9226497154799135,-1,-1,-1,-1,-1,0.046132485773995674,-1,0.00037028473730603233,-1,-1,0.5,-1,-1,-1,-1
0.9237562042059678,-1,-1,-1,-1,-1,0.04618781021029839,-1,0.00037006290461367644,-1,-1,0.5,-1,-1,-1,-1
0.924864019889892,-1,-1,-1,-1,-1,0.0462432009944946,-1,0.0003698412048183547,-1,-1,0.5,-1,-1,-1,-1
0.9259731641230413,-1,-1,-1,-1,-1,0.04629865820615207,-1,0.0003696196378404503,-1,-1,0.5,-1,-1,-1,-1
0.9270836384986805,-1,-1,-1,-1,-1,0.046354181924934026,-1,0.0003693982036003941,-1,-1,0.5,-1,-1,-1,-1
0.9281954446119839,-1,-1,-1,-1,-1,0.046409772230599194,-1,0.0003691769020186646,-1,-1,0.5,-1,-1,-1,-1
0.9293085840600397,-1,-1,-1,-1,-1,0.046465429203001986,-1,0.000368955733015788,-1,-1,0.5,-1,-1,-1,-1
0.9304230584418514,-1,-1,-1,-1,-1,0.04652115292209257,-1,0.00036873469651233783,-1,-1,0.5,-1,-1,-1,-1
0.9315388693583392,-1,-1,-1,-1,-1,0.046576943467916965,-1,0.00036851379242893573,-1,-1,0.5,-1,-1,-1,-1
0.9326560184123445,-1,-1,-1,-1,-1,0.04663280092061722,-1,0.00036829302068625046,-1,-1,0.5,-1,-1,-1,-1
0.9337745072086296,-1,-1,-1,-1,-1,0.046688725360431484,-1,0.0003680723812049985,-1,-1,0.5,-1,-1,-1,-1
0.9348943373538824,-1,-1,-1,-1,-1,0.046744716867694124,-1,0.0003678518739059437,-1,-1,0.5,-1,-1,-1,-1
0.9360155104567172,-1,-1,-1,-1,-1,0.04680077552283586,-1,0.0003676314987098976,-1,-1,0.5,-1,-1,-1,-1
0.9371380281276771,-1,-1,-1,-1,-1,0.04685690140638386,-1,0.00036741125553771886,-1,-1,0.5,-1,-1,-1,-1
0.9382618919792374,-1,-1,-1,-1,-1,0.04691309459896187,-1,0.0003671911443103137,-1,-1,0.5,-1,-1,-1,-1
0.9393871036258062,-1,-1,-1,-1,-1,0.04696935518129031,-1,0.00036697116494863587,-1,-1,0.5,-1,-1,-1,-1
0.9405136646837285,-1,-1,-1,-1,-1,0.04702568323418643,-1,0.00036675131737368637,-1,-1,0.5,-1,-1,-1,-1
0.9416415767712877,-1,-1,-1,-1,-1,0.047082078838564384,-1,0.00036653160150651345,-1,-1,0.5,-1,-1,-1,-1
0.942770841508707,-1,-1,-1,-1,-1,0.04713854207543536,-1,0.0003663120172682127,-1,-1,0.5,-1,-1,-1,-1
0.9439014605181537,-1,-1,-1,-1,-1,0.04719507302590769,-1,0.0003660925645799272,-1,-1,0.5,-1,-1,-1,-1
0.9450334354237402,-1,-1,-1,-1,-1,0.04725167177118701,-1,0.00036587324336284676,-1,-1,0.5,-1,-1,-1,-1
0.946166767851526,-1,-1,-1,-1,-1,0.0473083383925763,-1,0.00036565405353820895,-1,-1,0.5,-1,-1,-1,-1
0.9473014594295217,-1,-1,-1,-1,-1,0.04736507297147609,-1,0.0003654349950272981,-1,-1,0.5,-1,-1,-1,-1
0.9484375117876893,-1,-1,-1,-1,-1,0.04742187558938447,-1,0.00036521606775144624,-1,-1,0.5,-1,-1,-1,-1
0.9495749265579461,-1,-1,-1,-1,-1,0.04747874632789731,-1,0.0003649972716320318,-1,-1,0.5,-1,-1,-1,-1
0.9507137053741667,-1,-1,-1,-1,-1,0.047535685268708334,-1,0.00036477860659048076,-1,-1,0.5,-1,-1,-1,-1
0.9518538498721841,-1,-1,-1,-1,-1,0.04759269249360921,-1,0.0003645600725482664,-1,-1,0.5,-1,-1,-1,-1
0.9529953616897946,-1,-1,-1,-1,-1,0.04764976808448973,-1,0.0003643416694269084,-1,-1,0.5,-1,-1,-1,-1
0.9541382424667569,-1,-1,-1,-1,-1,0.04770691212333785,-1,0.0003641233971479739,-1,-1,0.5,-1,-1,-1,-1
0.9552824938447977,-1,-1,-1,-1,-1,0.04776412469223989,-1,0.0003639052556330771,-1,-1,0.5,-1,-1,-1,-1
0.9564281174676118,-1,-1,-1,-1,-1,0.047821405873380594,-1,0.00036368724480387874,-1,-1,0.5,-1,-1,-1,-1
0.957575114980865,-1,-1,-1,-1,-1,0.04787875574904325,-1,0.00036346936458208707,-1,-1,0.5,-1,-1,-1,-1
0.9587234880321975,-1,-1,-1,-1,-1,0.04793617440160988,-1,0.0003632516148894565,-1,-1,0.5,-1,-1,-1,-1
0.9598732382712244,-1,-1,-1,-1,-1,0.04799366191356122,-1,0.0003630339956477891,-1,-1,0.5,-1,-1,-1,-1
0.9610243673495398,-1,-1,-1,-1,-1,0.04805121836747699,-1,0.00036281650677893323,-1,-1,0.5,-1,-1,-1,-1
0.9621768769207186,-1,-1,-1,-1,-1,0.048108843846035934,-1,0.0003625991482047843,-1,-1,0.5,-1,-1,-1,-1
0.963330768640318,-1,-1,-1,-1,-1,0.048166538432015904,-1,0.0003623819198472845,-1,-1,0.5,-1,-1,-1,-1
0.9644860441658814,-1,-1,-1,-1,-1,0.04822430220829407,-1,0.0003621648216284227,-1,-1,0.5,-1,-1,-1,-1
0.9656427051569392,-1,-1,-1,-1,-1,0.04828213525784696,-1,0.00036194785347023464,-1,-1,0.5,-1,-1,-1,-1
0.9668007532750129,-1,-1,-1,-1,-1,0.04834003766375065,-1,0.0003617310152948027,-1,-1,0.5,-1,-1,-1,-1
0.9679601901836163,-1,-1,-1,-1,-1,0.04839800950918082,-1,0.00036151430702425585,-1,-1,0.5,-1,-1,-1,-1
0.9691210175482576,-1,-1,-1,-1,-1,0.048456050877412886,-1,0.0003612977285807698,-1,-1,0.5,-1,-1,-1,-1
0.9702832370364429,-1,-1,-1,-1,-1,0.04851416185182215,-1,0.0003610812798865669,-1,-1,0.5,-1,-1,-1,-1
0.9714468503176784,-1,-1,-1,-1,-1,0.04857234251588392,-1,0.00036086496086391607,-1,-1,0.5,-1,-1,-1,-1
0.9726118590634714,-1,-1,-1,-1,-1,0.04863059295317357,-1,0.00036064877143513277,-1,-1,0.5,-1,-1,-1,-1
0.9737782649473349,-1,-1,-1,-1,-1,0.048688913247366745,-1,0.000360432711522579,-1,-1,0.5,-1,-1,-1,-1
0.9749460696447877,-1,-1,-1,-1,-1,0.048747303482239386,-1,0.00036021678104866347,-1,-1,0.5,-1,-1,-1,-1
0.9761152748333589,-1,-1,-1,-1,-1,0.04880576374166795,-1,0.00036000097993584105,-1,-1,0.5,-1,-1,-1,-1
0.9772858821925895,-1,-1,-1,-1,-1,0.048864294109629475,-1,0.00035978530810661325,-1,-1,0.5,-1,-1,-1,-1
0.9784578934040336,-1,-1,-1,-1,-1,0.04892289467020168,-1,0.0003595697654835279,-1,-1,0.5,-1,-1,-1,-1
0.979631310151263,-1,-1,-1,-1,-1,0.048981565507563156,-1,0.00035935435198917944,-1,-1,0.5,-1,-1,-1,-1
0.9808061341198678,-1,-1,-1,-1,-1,0.049040306705993394,-1,0.00035913906754620845,-1,-1,0.5,-1,-1,-1,-1
0.9819823669974601,-1,-1,-1,-1,-1,0.04909911834987301,-1,0.00035892391207730206,-1,-1,0.5,-1,-1,-1,-1
0.9831600104736756,-1,-1,-1,-1,-1,0.049158000523683784,-1,0.00035870888550519343,-1,-1,0.5,-1,-1,-1,-1
0.9843390662401761,-1,-1,-1,-1,-1,0.04921695331200881,-1,0.00035849398775266236,-1,-1,0.5,-1,-1,-1,-1
0.9855195359906526,-1,-1,-1,-1,-1,0.049275976799532634,-1,0.0003582792187425347,-1,-1,0.5,-1,-1,-1,-1
0.9867014214208266,-1,-1,-1,-1,-1,0.049335071071041334,-1,0.00035806457839768273,-1,-1,0.5,-1,-1,-1,-1
0.987884724228454,-1,-1,-1,-1,-1,0.0493942362114227,-1,0.00035785006664102446,-1,-1,0.5,-1,-1,-1,-1
0.9890694461133263,-1,-1,-1,-1,-1,0.04945347230566632,-1,0.0003576356833955246,-1,-1,0.5,-1,-1,-1,-1
0.9902555887772732,-1,-1,-1,-1,-1,0.04951277943886366,-1,0.00035742142858419376,-1,-1,0.5,-1,-1,-1,-1
0.991443153924166,-1,-1,-1,-1,-1,0.049572157696208305,-1,0.0003572073021300888,-1,-1,0.5,-1,-1,-1,-1
0.9926321432599187,-1,-1,-1,-1,-1,0.04963160716299594,-1,0.0003569933039563125,-1,-1,0.5,-1,-1,-1,-1
0.9938225584924915,-1,-1,-1,-1,-1,0.04969112792462457,-1,0.00035677943398601395,-1,-1,0.5,-1,-1,-1,-1
0.9950144013318931,-1,-1,-1,-1,-1,0.04975072006659466,-1,0.000356565692142388,-1,-1,0.5,-1,-1,-1,-1
0.996207673490182,-1,-1,-1,-1,-1,0.0498103836745091,-1,0.00035635207834867574,-1,-1,0.5,-1,-1,-1,-1
0.997402376681471,-1,-1,-1,-1,-1,0.04987011883407355,-1,0.00035613859252816405,-1,-1,0.5,-1,-1,-1,-1
0.9985985126219281,-1,-1,-1,-1,-1,0.04992992563109641,-1,0.00035592523460418595,-1,-1,0.5,-1,-1,-1,-1
0.9997960830297791,-1,-1,-1,-1,-1,0.04998980415148896,-1,0.0003557120045001204,-1,-1,0.5,-1,-1,-1,-1
1.0009950896253106,-1,-1,-1,-1,-1,0.05004975448126553,-1,0.0003554989021393921,-1,-1,0.5,-1,-1,-1,-1
1.002195534130873,-1,-1,-1,-1,-1,0.05010977670654365,-1,0.00035528592744547155,-1,-1,0.5,-1,-1,-1,-1
1.0033974182708805,-1,-1,-1,-1,-1,0.050169870913544024,-1,0.0003550730803418756,-1,-1,0.5,-1,-1,-1,-1
1.004600743771817,-1,-1,-1,-1,-1,0.05023003718859085,-1,0.00035486036075216634,-1,-1,0.5,-1,-1,-1,-1
1.005805512362236,-1,-1,-1,-1,-1,0.05029027561811181,-1,0.0003546477685999519,-1,-1,0.5,-1,-1,-1,-1
1.0070117257727644,-1,-1,-1,-1,-1,0.05035058628863823,-1,0.0003544353038088862,-1,-1,0.5,-1,-1,-1,-1
1.008219385736105,-1,-1,-1,-1,-1,0.05041096928680525,-1,0.00035422296630266875,-1,-1,0.5,-1,-1,-1,-1
1.0094284939870366,-1,-1,-1,-1,-1,0.050471424699351834,-1,0.00035401075600504506,-1,-1,0.5,-1,-1,-1,-1
1.0106390522624202,-1,-1,-1,-1,-1,0.05053195261312102,-1,0.00035379867283980606,-1,-1,0.5,-1,-1,-1,-1
1.0118510623011996,-1,-1,-1,-1,-1,0.05059255311505998,-1,0.00035358671673078846,-1,-1,0.5,-1,-1,-1,-1
1.0130645258444035,-1,-1,-1,-1,-1,0.05065322629222018,-1,0.0003533748876018745,-1,-1,0.5,-1,-1,-1,-1
1.0142794446351489,-1,-1,-1,-1,-1,0.05071397223175744,-1,0.00035316318537699206,-1,-1,0.5,-1,-1,-1,-1
1.0154958204186435,-1,-1,-1,-1,-1,0.05077479102093218,-1,0.00035295160998011454,-1,-1,0.5,-1,-1,-1,-1
1.0167136549421865,-1,-1,-1,-1,-1,0.050835682747109326,-1,0.00035274016133526116,-1,-1,0.5,-1,-1,-1,-1
1.017932949955174,-1,-1,-1,-1,-1,0.0508966474977587,-1,0.00035252883936649635,-1,-1,0.5,-1,-1,-1,-1
1.0191537072090997,-1,-1,-1,-1,-1,0.05095768536045499,-1,0.00035231764399793023,-1,-1,0.5,-1,-1,-1,-1
1.0203759284575578,-1,-1,-1,-1,-1,0.05101879642287789,-1,0.0003521065751537182,-1,-1,0.5,-1,-1,-1,-1
1.021599615456246,-1,-1,-1,-1,-1,0.0510799807728123,-1,0.000351895632758061,-1,-1,0.5,-1,-1,-1,-1
1.0228247699629653,-1,-1,-1,-1,-1,0.05114123849814827,-1,0.00035168481673520546,-1,-1,0.5,-1,-1,-1,-1
1.0240513937376277,-1,-1,-1,-1,-1,0.05120256968688139,-1,0.0003514741270094429,-1,-1,0.5,-1,-1,-1,-1
1.025279488542254,-1,-1,-1,-1,-1,0.0512639744271127,-1,0.00035126356350511045,-1,-1,0.5,-1,-1,-1,-1
1.0265090561409789,-1,-1,-1,-1,-1,0.05132545280704895,-1,0.0003510531261465907,-1,-1,0.5,-1,-1,-1,-1
1.0277400983000526,-1,-1,-1,-1,-1,0.051387004915002636,-1,0.0003508428148583111,-1,-1,0.5,-1,-1,-1,-1
1.0289726167878424,-1,-1,-1,-1,-1,0.05144863083939212,-1,0.000350632629564745,-1,-1,0.5,-1,-1,-1,-1
1.0302066133748378,-1,-1,-1,-1,-1,0.05151033066874189,-1,0.0003504225701904103,-1,-1,0.5,-1,-1,-1,-1
1.0314420898336505,-1,-1,-1,-1,-1,0.05157210449168253,-1,0.00035021263665987063,-1,-1,0.5,-1,-1,-1,-1
1.032679047939019,-1,-1,-1,-1,-1,0.051633952396950955,-1,0.00035000282889773455,-1,-1,0.5,-1,-1,-1,-1
1.03391748946781,-1,-1,-1,-1,-1,0.0516958744733905,-1,0.00034979314682865583,-1,-1,0.5,-1,-1,-1,-1
1.0351574161990198,-1,-1,-1,-1,-1,0.05175787080995099,-1,0.00034958359037733354,-1,-1,0.5,-1,-1,-1,-1
1.0363988299137792,-1,-1,-1,-1,-1,0.05181994149568896,-1,0.00034937415946851175,-1,-1,0.5,-1,-1,-1,-1
1.0376417323953555,-1,-1,-1,-1,-1,0.05188208661976778,-1,0.0003491648540269795,-1,-1,0.5,-1,-1,-1,-1
1.0388861254291535,-1,-1,-1,-1,-1,0.05194430627145768,-1,0.00034895567397757104,-1,-1,0.5,-1,-1,-1,-1
1.0401320108027203,-1,-1,-1,-1,-1,0.05200660054013602,-1,0.00034874661924516555,-1,-1,0.5,-1,-1,-1,-1
1.0413793903057453,-1,-1,-1,-1,-1,0.05206896951528727,-1,0.0003485376897546874,-1,-1,0.5,-1,-1,-1,-1
1.0426282657300652,-1,-1,-1,-1,-1,0.05213141328650326,-1,0.0003483288854311058,-1,-1,0.5,-1,-1,-1,-1
1.0438786388696655,-1,-1,-1,-1,-1,0.05219393194348328,-1,0.00034812020619943485,-1,-1,0.5,-1,-1,-1,-1
1.0451305115206828,-1,-1,-1,-1,-1,0.05225652557603414,-1,0.0003479116519847335,-1,-1,0.5,-1,-1,-1,-1
1.0463838854814085,-1,-1,-1,-1,-1,0.052319194274070425,-1,0.0003477032227121059,-1,-1,0.5,-1,-1,-1,-1
1.047638762552289,-1,-1,-1,-1,-1,0.05238193812761445,-1,0.00034749491830670103,-1,-1,0.5,-1,-1,-1,-1
1.0488951445359311,-1,-1,-1,-1,-1,0.05244475722679656,-1,0.0003472867386937124,-1,-1,0.5,-1,-1,-1,-1
1.0501530332371036,-1,-1,-1,-1,-1,0.052507651661855184,-1,0.00034707868379837856,-1,-1,0.5,-1,-1,-1,-1
1.0514124304627388,-1,-1,-1,-1,-1,0.05257062152313694,-1,0.00034687075354598276,-1,-1,0.5,-1,-1,-1,-1
1.0526733380219373,-1,-1,-1,-1,-1,0.052633666901096866,-1,0.0003466629478618531,-1,-1,0.5,-1,-1,-1,-1
1.053935757725967,-1,-1,-1,-1,-1,0.05269678788629835,-1,0.00034645526667136247,-1,-1,0.5,-1,-1,-1,-1
1.05519969138827,-1,-1,-1,-1,-1,0.0527599845694135,-1,0.0003462477098999283,-1,-1,0.5,-1,-1,-1,-1
1.0564651408244623,-1,-1,-1,-1,-1,0.05282325704122312,-1,0.00034604027747301276,-1,-1,0.5,-1,-1,-1,-1
1.0577321078523376,-1,-1,-1,-1,-1,0.05288660539261689,-1,0.00034583296931612267,-1,-1,0.5,-1,-1,-1,-1
1.05900059429187,-1,-1,-1,-1,-1,0.052950029714593505,-1,0.0003456257853548095,-1,-1,0.5,-1,-1,-1,-1
1.0602706019652148,-1,-1,-1,-1,-1,0.05301353009826074,-1,0.0003454187255146695,-1,-1,0.5,-1,-1,-1,-1
1.0615421326967136,-1,-1,-1,-1,-1,0.05307710663483568,-1,0.00034521178972134317,-1,-1,0.5,-1,-1,-1,-1
1.0628151883128958,-1,-1,-1,-1,-1,0.05314075941564479,-1,0.0003450049779005156,-1,-1,0.5,-1,-1,-1,-1
1.064089770642481,-1,-1,-1,-1,-1,0.053204488532124054,-1,0.00034479828997791673,-1,-1,0.5,-1,-1,-1,-1
1.0653658815163827,-1,-1,-1,-1,-1,0.053268294075819136,-1,0.00034459172587932057,-1,-1,0.5,-1,-1,-1,-1
1.066643522767708,-1,-1,-1,-1,-1,0.0533321761383854,-1,0.00034438528553054593,-1,-1,0.5,-1,-1,-1,-1
1.0679226962317647,-1,-1,-1,-1,-1,0.05339613481158824,-1,0.00034417896885745585,-1,-1,0.5,-1,-1,-1,-1
1.0692034037460605,-1,-1,-1,-1,-1,0.05346017018730303,-1,0.000343972775785958,-1,-1,0.5,-1,-1,-1,-1
1.0704856471503068,-1,-1,-1,-1,-1,0.05352428235751534,-1,0.00034376670624200413,-1,-1,0.5,-1,-1,-1,-1
1.0717694282864216,-1,-1,-1,-1,-1,0.05358847141432108,-1,0.00034356076015159057,-1,-1,0.5,-1,-1,-1,-1
1.073054748998532,-1,-1,-1,-1,-1,0.0536527374499266,-1,0.0003433549374407578,-1,-1,0.5,-1,-1,-1,-1
1.0743416111329753,-1,-1,-1,-1,-1,0.05371708055664877,-1,0.000343149238035591,-1,-1,0.5,-1,-1,-1,-1
1.0756300165383044,-1,-1,-1,-1,-1,0.05378150082691522,-1,0.0003429436618622194,-1,-1,0.5,-1,-1,-1,-1
1.0769199670652887,-1,-1,-1,-1,-1,0.05384599835326444,-1,0.00034273820884681624,-1,-1,0.5,-1,-1,-1,-1
1.0782114645669172,-1,-1,-1,-1,-1,0.05391057322834586,-1,0.0003425328789155993,-1,-1,0.5,-1,-1,-1,-1
1.0795045108984016,-1,-1,-1,-1,-1,0.05397522554492008,-1,0.00034232767199483035,-1,-1,0.5,-1,-1,-1,-1
1.0807991079171766,-1,-1,-1,-1,-1,0.05403995539585883,-1,0.00034212258801081565,-1,-1,0.5,-1,-1,-1,-1
1.0820952574829061,-1,-1,-1,-1,-1,0.05410476287414531,-1,0.0003419176268899054,-1,-1,0.5,-1,-1,-1,-1
1.0833929614574844,-1,-1,-1,-1,-1,0.05416964807287422,-1,0.0003417127885584939,-1,-1,0.5,-1,-1,-1,-1
1.0846922217050377,-1,-1,-1,-1,-1,0.054234611085251884,-1,0.00034150807294301943,-1,-1,0.5,-1,-1,-1,-1
1.0859930400919284,-1,-1,-1,-1,-1,0.054299652004596424,-1,0.0003413034799699647,-1,-1,0.5,-1,-1,-1,-1
1.0872954184867565,-1,-1,-1,-1,-1,0.05436477092433783,-1,0.00034109900956585617,-1,-1,0.5,-1,-1,-1,-1
1.0885993587603633,-1,-1,-1,-1,-1,0.054429967938018166,-1,0.0003408946616572644,-1,-1,0.5,-1,-1,-1,-1
1.0899048627858339,-1,-1,-1,-1,-1,0.054495243139291695,-1,0.000340690436170804,-1,-1,0.5,-1,-1,-1,-1
1.0912119324384992,-1,-1,-1,-1,-1,0.054560596621924966,-1,0.00034048633303313344,-1,-1,0.5,-1,-1,-1,-1
1.0925205695959406,-1,-1,-1,-1,-1,0.05462602847979703,-1,0.0003402823521709551,-1,-1,0.5,-1,-1,-1,-1
1.0938307761379884,-1,-1,-1,-1,-1,0.05469153880689942,-1,0.00034007849351101553,-1,-1,0.5,-1,-1,-1,-1
1.0951425539467297,-1,-1,-1,-1,-1,0.05475712769733648,-1,0.0003398747569801049,-1,-1,0.5,-1,-1,-1,-1
1.0964559049065077,-1,-1,-1,-1,-1,0.054822795245325386,-1,0.00033967114250505723,-1,-1,0.5,-1,-1,-1,-1
1.0977708309039256,-1,-1,-1,-1,-1,0.05488854154519628,-1,0.00033946765001275064,-1,-1,0.5,-1,-1,-1,-1
1.0990873338278495,-1,-1,-1,-1,-1,0.054954366691392476,-1,0.0003392642794301067,-1,-1,0.5,-1,-1,-1,-1
1.1004054155694096,-1,-1,-1,-1,-1,0.055020270778470486,-1,0.00033906103068409105,-1,-1,0.5,-1,-1,-1,-1
1.101725078022005,-1,-1,-1,-1,-1,0.05508625390110025,-1,0.0003388579037017131,-1,-1,0.5,-1,-1,-1,-1
1.1030463230813052,-1,-1,-1,-1,-1,0.05515231615406527,-1,0.00033865489841002555,-1,-1,0.5,-1,-1,-1,-1
1.1043691526452535,-1,-1,-1,-1,-1,0.05521845763226268,-1,0.00033845201473612534,-1,-1,0.5,-1,-1,-1,-1
1.1056935686140688,-1,-1,-1,-1,-1,0.05528467843070344,-1,0.0003382492526071528,-1,-1,0.5,-1,-1,-1,-1
1.1070195728902483,-1,-1,-1,-1,-1,0.05535097864451242,-1,0.00033804661195029203,-1,-1,0.5,-1,-1,-1,-1
1.108347167378572,-1,-1,-1,-1,-1,0.05541735836892861,-1,0.0003378440926927706,-1,-1,0.5,-1,-1,-1,-1
1.1096763539861036,-1,-1,-1,-1,-1,0.05548381769930519,-1,0.0003376416947618598,-1,-1,0.5,-1,-1,-1,-1
1.1110071346221937,-1,-1,-1,-1,-1,0.05555035673110969,-1,0.0003374394180848745,-1,-1,0.5,-1,-1,-1,-1
1.1123395111984835,-1,-1,-1,-1,-1,0.055616975559924176,-1,0.00033723726258917295,-1,-1,0.5,-1,-1,-1,-1
1.113673485628905,-1,-1,-1,-1,-1,0.05568367428144525,-1,0.00033703522820215727,-1,-1,0.5,-1,-1,-1,-1
1.1150090598296871,-1,-1,-1,-1,-1,0.05575045299148436,-1,0.0003368333148512727,-1,-1,0.5,-1,-1,-1,-1
1.1163462357193565,-1,-1,-1,-1,-1,0.05581731178596783,-1,0.00033663152246400814,-1,-1,0.5,-1,-1,-1,-1
1.11768501521874,-1,-1,-1,-1,-1,0.055884250760937004,-1,0.0003364298509678958,-1,-1,0.5,-1,-1,-1,-1
1.1190254002509694,-1,-1,-1,-1,-1,0.055951270012548474,-1,0.0003362283002905114,-1,-1,0.5,-1,-1,-1,-1
1.1203673927414803,-1,-1,-1,-1,-1,0.05601836963707402,-1,0.0003360268703594742,-1,-1,0.5,-1,-1,-1,-1
1.1217109946180197,-1,-1,-1,-1,-1,0.05608554973090099,-1,0.0003358255611024465,-1,-1,0.5,-1,-1,-1,-1
1.1230562078106456,-1,-1,-1,-1,-1,0.056152810390532285,-1,0.00033562437244713414,-1,-1,0.5,-1,-1,-1,-1
1.1244030342517304,-1,-1,-1,-1,-1,0.05622015171258652,-1,0.0003354233043212862,-1,-1,0.5,-1,-1,-1,-1
1.125751475875965,-1,-1,-1,-1,-1,0.05628757379379826,-1,0.0003352223566526951,-1,-1,0.5,-1,-1,-1,-1
1.1271015346203586,-1,-1,-1,-1,-1,0.05635507673101793,-1,0.00033502152936919644,-1,-1,0.5,-1,-1,-1,-1
1.1284532124242446,-1,-1,-1,-1,-1,0.056422660621212234,-1,0.0003348208223986692,-1,-1,0.5,-1,-1,-1,-1
1.129806511229282,-1,-1,-1,-1,-1,0.056490325561464105,-1,0.0003346202356690355,-1,-1,0.5,-1,-1,-1,-1
1.1311614329794586,-1,-1,-1,-1,-1,0.05655807164897293,-1,0.00033441976910826045,-1,-1,0.5,-1,-1,-1,-1
1.1325179796210931,-1,-1,-1,-1,-1,0.05662589898105466,-1,0.0003342194226443525,-1,-1,0.5,-1,-1,-1,-1
1.1338761531028387,-1,-1,-1,-1,-1,0.05669380765514194,-1,0.0003340191962053633,-1,-1,0.5,-1,-1,-1,-1
1.1352359553756846,-1,-1,-1,-1,-1,0.05676179776878423,-1,0.0003338190897193874,-1,-1,0.5,-1,-1,-1,-1
1.1365973883929608,-1,-1,-1,-1,-1,0.056829869419648044,-1,0.0003336191031145627,-1,-1,0.5,-1,-1,-1,-1
1.1379604541103392,-1,-1,-1,-1,-1,0.056898022705516964,-1,0.0003334192363190698,-1,-1,0.5,-1,-1,-1,-1
1.1393251544858374,-1,-1,-1,-1,-1,0.05696625772429187,-1,0.00033321948926113263,-1,-1,0.5,-1,-1,-1,-1
1.1406914914798214,-1,-1,-1,-1,-1,0.057034574573991074,-1,0.000333019861869018,-1,-1,0.5,-1,-1,-1,-1
1.1420594670550073,-1,-1,-1,-1,-1,0.057102973352750365,-1,0.00033282035407103557,-1,-1,0.5,-1,-1,-1,-1
1.1434290831764653,-1,-1,-1,-1,-1,0.05717145415882327,-1,0.00033262096579553827,-1,-1,0.5,-1,-1,-1,-1
1.1448003418116226,-1,-1,-1,-1,-1,0.05724001709058113,-1,0.00033242169697092163,-1,-1,0.5,-1,-1,-1,-1
1.146173244930266,-1,-1,-1,-1,-1,0.0573086622465133,-1,0.00033222254752562425,-1,-1,0.5,-1,-1,-1,-1
1.1475477945045442,-1,-1,-1,-1,-1,0.05737738972522721,-1,0.0003320235173881275,-1,-1,0.5,-1,-1,-1,-1
1.1489239925089705,-1,-1,-1,-1,-1,0.05744619962544853,-1,0.00033182460648695575,-1,-1,0.5,-1,-1,-1,-1
1.1503018409204266,-1,-1,-1,-1,-1,0.057515092046021336,-1,0.000331625814750676,-1,-1,0.5,-1,-1,-1,-1
1.1516813417181653,-1,-1,-1,-1,-1,0.05758406708590827,-1,0.0003314271421078983,-1,-1,0.5,-1,-1,-1,-1
1.1530624968838128,-1,-1,-1,-1,-1,0.05765312484419064,-1,0.0003312285884872751,-1,-1,0.5,-1,-1,-1,-1
1.1544453084013722,-1,-1,-1,-1,-1,0.057722265420068614,-1,0.00033103015381750177,-1,-1,0.5,-1,-1,-1,-1
1.1558297782572242,-1,-1,-1,-1,-1,0.05779148891286121,-1,0.00033083183802731667,-1,-1,0.5,-1,-1,-1,-1
1.1572159084401337,-1,-1,-1,-1,-1,0.057860795422006686,-1,0.0003306336410455005,-1,-1,0.5,-1,-1,-1,-1
1.1586037009412495,-1,-1,-1,-1,-1,0.05793018504706248,-1,0.0003304355628008767,-1,-1,0.5,-1,-1,-1,-1
1.159993157754109,-1,-1,-1,-1,-1,0.05799965788770545,-1,0.00033023760322231145,-1,-1,0.5,-1,-1,-1,-1
1.1613842808746402,-1,-1,-1,-1,-1,0.05806921404373201,-1,0.00033003976223871324,-1,-1,0.5,-1,-1,-1,-1
1.1627770723011632,-1,-1,-1,-1,-1,0.05813885361505816,-1,0.0003298420397790338,-1,-1,0.5,-1,-1,-1,-1
1.164171534034397,-1,-1,-1,-1,-1,0.058208576701719854,-1,0.00032964443577226677,-1,-1,0.5,-1,-1,-1,-1
1.1655676680774585,-1,-1,-1,-1,-1,0.058278383403872924,-1,0.00032944695014744857,-1,-1,0.5,-1,-1,-1,-1
1.166965476435867,-1,-1,-1,-1,-1,0.058348273821793355,-1,0.0003292495828336583,-1,-1,0.5,-1,-1,-1,-1
1.168364961117548,-1,-1,-1,-1,-1,0.0584182480558774,-1,0.0003290523337600171,-1,-1,0.5,-1,-1,-1,-1
1.1697661241328328,-1,-1,-1,-1,-1,0.05848830620664164,-1,0.00032885520285568914,-1,-1,0.5,-1,-1,-1,-1
1.1711689674944654,-1,-1,-1,-1,-1,0.05855844837472327,-1,0.00032865819004988063,-1,-1,0.5,-1,-1,-1,-1
1.1725734932176033,-1,-1,-1,-1,-1,0.05862867466088017,-1,0.0003284612952718403,-1,-1,0.5,-1,-1,-1,-1
1.17397970331982,-1,-1,-1,-1,-1,0.05869898516599101,-1,0.0003282645184508594,-1,-1,0.5,-1,-1,-1,-1
1.1753875998211103,-1,-1,-1,-1,-1,0.05876937999105552,-1,0.000328067859516271,-1,-1,0.5,-1,-1,-1,-1
1.1767971847438885,-1,-1,-1,-1,-1,0.058839859237194425,-1,0.0003278713183974515,-1,-1,0.5,-1,-1,-1,-1
1.1782084601129967,-1,-1,-1,-1,-1,0.05891042300564984,-1,0.0003276748950238187,-1,-1,0.5,-1,-1,-1,-1
1.179621427955705,-1,-1,-1,-1,-1,0.058981071397785245,-1,0.00032747858932483304,-1,-1,0.5,-1,-1,-1,-1
1.1810360903017136,-1,-1,-1,-1,-1,0.05905180451508568,-1,0.0003272824012299973,-1,-1,0.5,-1,-1,-1,-1
1.1824524491831585,-1,-1,-1,-1,-1,0.05912262245915793,-1,0.0003270863306688561,-1,-1,0.5,-1,-1,-1,-1
1.1838705066346107,-1,-1,-1,-1,-1,0.059193525331730536,-1,0.00032689037757099697,-1,-1,0.5,-1,-1,-1,-1
1.1852902646930825,-1,-1,-1,-1,-1,0.05926451323465413,-1,0.0003266945418660489,-1,-1,0.5,-1,-1,-1,-1
1.1867117253980293,-1,-1,-1,-1,-1,0.059335586269901465,-1,0.0003264988234836836,-1,-1,0.5,-1,-1,-1,-1
1.1881348907913512,-1,-1,-1,-1,-1,0.05940674453956756,-1,0.00032630322235361437,-1,-1,0.5,-1,-1,-1,-1
1.1895597629173986,-1,-1,-1,-1,-1,0.05947798814586994,-1,0.00032610773840559704,-1,-1,0.5,-1,-1,-1,-1
1.1909863438229715,-1,-1,-1,-1,-1,0.05954931719114858,-1,0.0003259123715694295,-1,-1,0.5,-1,-1,-1,-1
1.1924146355573264,-1,-1,-1,-1,-1,0.05962073177786632,-1,0.0003257171217749515,-1,-1,0.5,-1,-1,-1,-1
1.1938446401721765,-1,-1,-1,-1,-1,0.05969223200860883,-1,0.00032552198895204493,-1,-1,0.5,-1,-1,-1,-1
1.1952763597216955,-1,-1,-1,-1,-1,0.05976381798608478,-1,0.0003253269730306336,-1,-1,0.5,-1,-1,-1,-1
1.196709796262522,-1,-1,-1,-1,-1,0.0598354898131261,-1,0.00032513207394068333,-1,-1,0.5,-1,-1,-1,-1
1.198144951853758,-1,-1,-1,-1,-1,0.059907247592687896,-1,0.00032493729161220213,-1,-1,0.5,-1,-1,-1,-1
1.1995818285569773,-1,-1,-1,-1,-1,0.059979091427848866,-1,0.00032474262597523957,-1,-1,0.5,-1,-1,-1,-1
1.2010204284362256,-1,-1,-1,-1,-1,0.06005102142181128,-1,0.00032454807695988743,-1,-1,0.5,-1,-1,-1,-1
1.2024607535580236,-1,-1,-1,-1,-1,0.060123037677901184,-1,0.0003243536444962792,-1,-1,0.5,-1,-1,-1,-1
1.2039028059913708,-1,-1,-1,-1,-1,0.060195140299568545,-1,0.00032415932851459023,-1,-1,0.5,-1,-1,-1,-1
1.2053465878077476,-1,-1,-1,-1,-1,0.060267329390387384,-1,0.0003239651289450377,-1,-1,0.5,-1,-1,-1,-1
1.2067921010811176,-1,-1,-1,-1,-1,0.06033960505405588,-1,0.0003237710457178808,-1,-1,0.5,-1,-1,-1,-1
1.2082393478879332,-1,-1,-1,-1,-1,0.060411967394396665,-1,0.00032357707876342023,-1,-1,0.5,-1,-1,-1,-1
1.2096883303071364,-1,-1,-1,-1,-1,0.060484416515356826,-1,0.0003233832280119985,-1,-1,0.5,-1,-1,-1,-1
1.2111390504201622,-1,-1,-1,-1,-1,0.060556952521008116,-1,0.00032318949339400007,-1,-1,0.5,-1,-1,-1,-1
1.2125915103109428,-1,-1,-1,-1,-1,0.060629575515547145,-1,0.0003229958748398507,-1,-1,0.5,-1,-1,-1,-1
1.2140457120659072,-1,-1,-1,-1,-1,0.06070228560329536,-1,0.00032280237228001835,-1,-1,0.5,-1,-1,-1,-1
1.2155016577739886,-1,-1,-1,-1,-1,0.06077508288869943,-1,0.0003226089856450122,-1,-1,0.5,-1,-1,-1,-1
1.2169593495266249,-1,-1,-1,-1,-1,0.06084796747633125,-1,0.0003224157148653832,-1,-1,0.5,-1,-1,-1,-1
1.2184187894177618,-1,-1,-1,-1,-1,0.06092093947088809,-1,0.00032222255987172406,-1,-1,0.5,-1,-1,-1,-1
1.2198799795438573,-1,-1,-1,-1,-1,0.06099399897719287,-1,0.00032202952059466865,-1,-1,0.5,-1,-1,-1,-1
1.2213429220038814,-1,-1,-1,-1,-1,0.06106714610019407,-1,0.0003218365969648931,-1,-1,0.5,-1,-1,-1,-1
1.222807618899323,-1,-1,-1,-1,-1,0.061140380944966155,-1,0.00032164378891311424,-1,-1,0.5,-1,-1,-1,-1
1.224274072334191,-1,-1,-1,-1,-1,0.06121370361670955,-1,0.00032145109637009116,-1,-1,0.5,-1,-1,-1,-1
1.2257422844150172,-1,-1,-1,-1,-1,0.061287114220750866,-1,0.00032125851926662383,-1,-1,0.5,-1,-1,-1,-1
1.2272122572508601,-1,-1,-1,-1,-1,0.06136061286254301,-1,0.00032106605753355404,-1,-1,0.5,-1,-1,-1,-1
1.2286839929533067,-1,-1,-1,-1,-1,0.06143419964766533,-1,0.000320873711101765,-1,-1,0.5,-1,-1,-1,-1
1.2301574936364765,-1,-1,-1,-1,-1,0.06150787468182383,-1,0.0003206814799021811,-1,-1,0.5,-1,-1,-1,-1
1.2316327614170253,-1,-1,-1,-1,-1,0.06158163807085126,-1,0.0003204893638657683,-1,-1,0.5,-1,-1,-1,-1
1.2331097984141464,-1,-1,-1,-1,-1,0.061655489920707324,-1,0.00032029736292353393,-1,-1,0.5,-1,-1,-1,-1
1.2345886067495755,-1,-1,-1,-1,-1,0.061729430337478776,-1,0.0003201054770065264,-1,-1,0.5,-1,-1,-1,-1
1.2360691885475907,-1,-1,-1,-1,-1,0.06180345942737954,-1,0.0003199137060458359,-1,-1,0.5,-1,-1,-1,-1
1.23755154593502,-1,-1,-1,-1,-1,0.061877577296751,-1,0.0003197220499725933,-1,-1,0.5,-1,-1,-1,-1
1.2390356810412404,-1,-1,-1,-1,-1,0.061951784052062024,-1,0.0003195305087179714,-1,-1,0.5,-1,-1,-1,-1
1.240521595998184,-1,-1,-1,-1,-1,0.0620260797999092,-1,0.0003193390822131836,-1,-1,0.5,-1,-1,-1,-1
1.2420092929403388,-1,-1,-1,-1,-1,0.06210046464701694,-1,0.0003191477703894847,-1,-1,0.5,-1,-1,-1,-1
1.2434987740047514,-1,-1,-1,-1,-1,0.062174938700237575,-1,0.00031895657317817117,-1,-1,0.5,-1,-1,-1,-1
1.2449900413310335,-1,-1,-1,-1,-1,0.06224950206655168,-1,0.00031876549051058006,-1,-1,0.5,-1,-1,-1,-1
1.2464830970613614,-1,-1,-1,-1,-1,0.062324154853068074,-1,0.0003185745223180896,-1,-1,0.5,-1,-1,-1,-1
1.2479779433404807,-1,-1,-1,-1,-1,0.06239889716702404,-1,0.00031838366853211947,-1,-1,0.5,-1,-1,-1,-1
1.2494745823157098,-1,-1,-1,-1,-1,0.0624737291157855,-1,0.0003181929290841301,-1,-1,0.5,-1,-1,-1,-1
1.2509730161369403,-1,-1,-1,-1,-1,0.06254865080684702,-1,0.0003180023039056231,-1,-1,0.5,-1,-1,-1,-1
1.252473246956644,-1,-1,-1,-1,-1,0.0626236623478322,-1,0.00031781179292814137,-1,-1,0.5,-1,-1,-1,-1
1.253975276929873,-1,-1,-1,-1,-1,0.06269876384649366,-1,0.0003176213960832683,-1,-1,0.5,-1,-1,-1,-1
1.2554791082142647,-1,-1,-1,-1,-1,0.06277395541071323,-1,0.0003174311133026287,-1,-1,0.5,-1,-1,-1,-1
1.256984742970044,-1,-1,-1,-1,-1,0.0628492371485022,-1,0.00031724094451788805,-1,-1,0.5,-1,-1,-1,-1
1.2584921833600247,-1,-1,-1,-1,-1,0.06292460916800123,-1,0.0003170508896607532,-1,-1,0.5,-1,-1,-1,-1
1.2600014315496164,-1,-1,-1,-1,-1,0.06300007157748082,-1,0.0003168609486629714,-1,-1,0.5,-1,-1,-1,-1
1.2615124897068248,-1,-1,-1,-1,-1,0.06307562448534125,-1,0.0003166711214563311,-1,-1,0.5,-1,-1,-1,-1
1.2630253600022558,-1,-1,-1,-1,-1,0.0631512680001128,-1,0.0003164814079726614,-1,-1,0.5,-1,-1,-1,-1
1.2645400446091186,-1,-1,-1,-1,-1,0.06322700223045594,-1,0.00031629180814383246,-1,-1,0.5,-1,-1,-1,-1
1.2660565457032271,-1,-1,-1,-1,-1,0.06330282728516136,-1,0.0003161023219017552,-1,-1,0.5,-1,-1,-1,-1
1.2675748654630064,-1,-1,-1,-1,-1,0.06337874327315032,-1,0.0003159129491783814,-1,-1,0.5,-1,-1,-1,-1
1.2690950060694934,-1,-1,-1,-1,-1,0.06345475030347468,-1,0.0003157236899057033,-1,-1,0.5,-1,-1,-1,-1
1.2706169697063405,-1,-1,-1,-1,-1,0.06353084848531702,-1,0.0003155345440157541,-1,-1,0.5,-1,-1,-1,-1
1.272140758559819,-1,-1,-1,-1,-1,0.06360703792799095,-1,0.00031534551144060793,-1,-1,0.5,-1,-1,-1,-1
1.2736663748188226,-1,-1,-1,-1,-1,0.06368331874094113,-1,0.0003151565921123791,-1,-1,0.5,-1,-1,-1,-1
1.2751938206748683,-1,-1,-1,-1,-1,0.06375969103374342,-1,0.00031496778596322303,-1,-1,0.5,-1,-1,-1,-1
1.276723098322103,-1,-1,-1,-1,-1,0.06383615491610516,-1,0.0003147790929253357,-1,-1,0.5,-1,-1,-1,-1
1.2782542099573042,-1,-1,-1,-1,-1,0.06391271049786522,-1,0.00031459051293095347,-1,-1,0.5,-1,-1,-1,-1
1.2797871577798845,-1,-1,-1,-1,-1,0.06398935788899422,-1,0.0003144020459123537,-1,-1,0.5,-1,-1,-1,-1
1.2813219439918941,-1,-1,-1,-1,-1,0.0640660971995947,-1,0.00031421369180185374,-1,-1,0.5,-1,-1,-1,-1
1.2828585707980225,-1,-1,-1,-1,-1,0.06414292853990113,-1,0.00031402545053181216,-1,-1,0.5,-1,-1,-1,-1
1.2843970404056047,-1,-1,-1,-1,-1,0.06421985202028023,-1,0.00031383732203462767,-1,-1,0.5,-1,-1,-1,-1
1.2859373550246225,-1,-1,-1,-1,-1,0.06429686775123113,-1,0.0003136493062427394,-1,-1,0.5,-1,-1,-1,-1
1.287479516867708,-1,-1,-1,-1,-1,0.0643739758433854,-1,0.00031346140308862727,-1,-1,0.5,-1,-1,-1,-1
1.2890235281501474,-1,-1,-1,-1,-1,0.06445117640750737,-1,0.00031327361250481134,-1,-1,0.5,-1,-1,-1,-1
1.290569391089882,-1,-1,-1,-1,-1,0.0645284695544941,-1,0.0003130859344238523,-1,-1,0.5,-1,-1,-1,-1
1.292117107907514,-1,-1,-1,-1,-1,0.06460585539537571,-1,0.0003128983687783512,-1,-1,0.5,-1,-1,-1,-1
1.2936666808263089,-1,-1,-1,-1,-1,0.06468333404131545,-1,0.00031271091550094947,-1,-1,0.5,-1,-1,-1,-1
1.2952181120721984,-1,-1,-1,-1,-1,0.06476090560360992,-1,0.00031252357452432865,-1,-1,0.5,-1,-1,-1,-1
1.2967714038737834,-1,-1,-1,-1,-1,0.06483857019368917,-1,0.00031233634578121104,-1,-1,0.5,-1,-1,-1,-1
1.2983265584623367,-1,-1,-1,-1,-1,0.06491632792311684,-1,0.0003121492292043591,-1,-1,0.5,-1,-1,-1,-1
1.2998835780718083,-1,-1,-1,-1,-1,0.06499417890359042,-1,0.00031196222472657523,-1,-1,0.5,-1,-1,-1,-1
1.3014424649388263,-1,-1,-1,-1,-1,0.06507212324694132,-1,0.0003117753322807026,-1,-1,0.5,-1,-1,-1,-1
1.3030032213027019,-1,-1,-1,-1,-1,0.06515016106513509,-1,0.00031158855179962423,-1,-1,0.5,-1,-1,-1,-1
1.3045658494054315,-1,-1,-1,-1,-1,0.06522829247027158,-1,0.0003114018832162636,-1,-1,0.5,-1,-1,-1,-1
1.306130351491699,-1,-1,-1,-1,-1,0.06530651757458496,-1,0.00031121532646358413,-1,-1,0.5,-1,-1,-1,-1
1.3076967298088824,-1,-1,-1,-1,-1,0.06538483649044412,-1,0.00031102888147458964,-1,-1,0.5,-1,-1,-1,-1
1.309264986607053,-1,-1,-1,-1,-1,0.06546324933035265,-1,0.000310842548182324,-1,-1,0.5,-1,-1,-1,-1
1.3108351241389817,-1,-1,-1,-1,-1,0.06554175620694909,-1,0.0003106563265198711,-1,-1,0.5,-1,-1,-1,-1
1.3124071446601413,-1,-1,-1,-1,-1,0.06562035723300706,-1,0.00031047021642035497,-1,-1,0.5,-1,-1,-1,-1
1.3139810504287073,-1,-1,-1,-1,-1,0.06569905252143536,-1,0.00031028421781693986,-1,-1,0.5,-1,-1,-1,-1
1.3155568437055654,-1,-1,-1,-1,-1,0.06577784218527827,-1,0.0003100983306428299,-1,-1,0.5,-1,-1,-1,-1
1.3171345267543124,-1,-1,-1,-1,-1,0.06585672633771562,-1,0.00030991255483126917,-1,-1,0.5,-1,-1,-1,-1
1.3187141018412591,-1,-1,-1,-1,-1,0.06593570509206297,-1,0.0003097268903155419,-1,-1,0.5,-1,-1,-1,-1
1.3202955712354352,-1,-1,-1,-1,-1,0.06601477856177176,-1,0.00030954133702897215,-1,-1,0.5,-1,-1,-1,-1
1.3218789372085895,-1,-1,-1,-1,-1,0.06609394686042948,-1,0.0003093558949049242,-1,-1,0.5,-1,-1,-1,-1
1.3234642020351974,-1,-1,-1,-1,-1,0.06617321010175987,-1,0.00030917056387680186,-1,-1,0.5,-1,-1,-1,-1
1.3250513679924607,-1,-1,-1,-1,-1,0.06625256839962304,-1,0.0003089853438780491,-1,-1,0.5,-1,-1,-1,-1
1.3266404373603127,-1,-1,-1,-1,-1,0.06633202186801564,-1,0.00030880023484214966,-1,-1,0.5,-1,-1,-1,-1
1.3282314124214214,-1,-1,-1,-1,-1,0.06641157062107107,-1,0.00030861523670262716,-1,-1,0.5,-1,-1,-1,-1
1.3298242954611903,-1,-1,-1,-1,-1,0.06649121477305951,-1,0.0003084303493930451,-1,-1,0.5,-1,-1,-1,-1
1.3314190887677655,-1,-1,-1,-1,-1,0.06657095443838827,-1,0.00030824557284700677,-1,-1,0.5,-1,-1,-1,-1
1.333015794632037,-1,-1,-1,-1,-1,0.06665078973160185,-1,0.0003080609069981551,-1,-1,0.5,-1,-1,-1,-1
1.3346144153476414,-1,-1,-1,-1,-1,0.06673072076738207,-1,0.00030787635178017287,-1,-1,0.5,-1,-1,-1,-1
1.336214953210967,-1,-1,-1,-1,-1,0.06681074766054836,-1,0.0003076919071267825,-1,-1,0.5,-1,-1,-1,-1
1.3378174105211544,-1,-1,-1,-1,-1,0.06689087052605773,-1,0.0003075075729717465,-1,-1,0.5,-1,-1,-1,-1
1.339421789580103,-1,-1,-1,-1,-1,0.06697108947900515,-1,0.00030732334924886645,-1,-1,0.5,-1,-1,-1,-1
1.3410280926924723,-1,-1,-1,-1,-1,0.06705140463462361,-1,0.00030713923589198417,-1,-1,0.5,-1,-1,-1,-1
1.3426363221656852,-1,-1,-1,-1,-1,0.06713181610828427,-1,0.0003069552328349806,-1,-1,0.5,-1,-1,-1,-1
1.3442464803099323,-1,-1,-1,-1,-1,0.06721232401549662,-1,0.0003067713400117767,-1,-1,0.5,-1,-1,-1,-1
1.3458585694381755,-1,-1,-1,-1,-1,0.06729292847190878,-1,0.0003065875573563328,-1,-1,0.5,-1,-1,-1,-1
1.3474725918661479,-1,-1,-1,-1,-1,0.0673736295933074,-1,0.00030640388480264886,-1,-1,0.5,-1,-1,-1,-1
1.3490885499123622,-1,-1,-1,-1,-1,0.06745442749561811,-1,0.00030622032228476437,-1,-1,0.5,-1,-1,-1,-1
1.3507064458981108,-1,-1,-1,-1,-1,0.06753532229490554,-1,0.00030603686973675834,-1,-1,0.5,-1,-1,-1,-1
1.3523262821474697,-1,-1,-1,-1,-1,0.0676163141073735,-1,0.00030585352709274936,-1,-1,0.5,-1,-1,-1,-1
1.3539480609873034,-1,-1,-1,-1,-1,0.06769740304936517,-1,0.0003056702942868951,-1,-1,0.5,-1,-1,-1,-1
1.355571784747264,-1,-1,-1,-1,-1,0.0677785892373632,-1,0.00030548717125339337,-1,-1,0.5,-1,-1,-1,-1
1.3571974557597999,-1,-1,-1,-1,-1,0.06785987278799,-1,0.00030530415792648076,-1,-1,0.5,-1,-1,-1,-1
1.358825076360156,-1,-1,-1,-1,-1,0.0679412538180078,-1,0.0003051212542404336,-1,-1,0.5,-1,-1,-1,-1
1.3604546488863778,-1,-1,-1,-1,-1,0.06802273244431889,-1,0.0003049384601295674,-1,-1,0.5,-1,-1,-1,-1
1.3620861756793152,-1,-1,-1,-1,-1,0.06810430878396577,-1,0.00030475577552823715,-1,-1,0.5,-1,-1,-1,-1
1.3637196590826235,-1,-1,-1,-1,-1,0.06818598295413118,-1,0.0003045732003708372,-1,-1,0.5,-1,-1,-1,-1
1.3653551014427707,-1,-1,-1,-1,-1,0.06826775507213854,-1,0.00030439073459180116,-1,-1,0.5,-1,-1,-1,-1
1.366992505109038,-1,-1,-1,-1,-1,0.06834962525545189,-1,0.0003042083781256017,-1,-1,0.5,-1,-1,-1,-1
1.3686318724335238,-1,-1,-1,-1,-1,0.0684315936216762,-1,0.0003040261309067512,-1,-1,0.5,-1,-1,-1,-1
1.3702732057711482,-1,-1,-1,-1,-1,0.06851366028855742,-1,0.0003038439928698008,-1,-1,0.5,-1,-1,-1,-1
1.3719165074796535,-1,-1,-1,-1,-1,0.06859582537398268,-1,0.00030366196394934124,-1,-1,0.5,-1,-1,-1,-1
1.3735617799196114,-1,-1,-1,-1,-1,0.06867808899598057,-1,0.00030348004408000214,-1,-1,0.5,-1,-1,-1,-1
1.3752090254544238,-1,-1,-1,-1,-1,0.0687604512727212,-1,0.00030329823319645246,-1,-1,0.5,-1,-1,-1,-1
1.3768582464503267,-1,-1,-1,-1,-1,0.06884291232251634,-1,0.00030311653123340034,-1,-1,0.5,-1,-1,-1,-1
1.3785094452763953,-1,-1,-1,-1,-1,0.06892547226381977,-1,0.00030293493812559276,-1,-1,0.5,-1,-1,-1,-1
1.3801626243045428,-1,-1,-1,-1,-1,0.06900813121522714,-1,0.00030275345380781615,-1,-1,0.5,-1,-1,-1,-1
1.3818177859095297,-1,-1,-1,-1,-1,0.06909088929547649,-1,0.0003025720782148958,-1,-1,0.5,-1,-1,-1,-1
1.3834749324689637,-1,-1,-1,-1,-1,0.06917374662344819,-1,0.00030239081128169605,-1,-1,0.5,-1,-1,-1,-1
1.3851340663633036,-1,-1,-1,-1,-1,0.06925670331816518,-1,0.00030220965294312037,-1,-1,0.5,-1,-1,-1,-1
1.3867951899758635,-1,-1,-1,-1,-1,0.06933975949879317,-1,0.00030202860313411094,-1,-1,0.5,-1,-1,-1,-1
1.3884583056928141,-1,-1,-1,-1,-1,0.06942291528464072,-1,0.00030184766178964945,-1,-1,0.5,-1,-1,-1,-1
1.3901234159031897,-1,-1,-1,-1,-1,0.06950617079515949,-1,0.00030166682884475603,-1,-1,0.5,-1,-1,-1,-1
1.3917905229988883,-1,-1,-1,-1,-1,0.06958952614994442,-1,0.00030148610423448997,-1,-1,0.5,-1,-1,-1,-1
1.3934596293746775,-1,-1,-1,-1,-1,0.06967298146873388,-1,0.0003013054878939494,-1,-1,0.5,-1,-1,-1,-1
1.3951307374281965,-1,-1,-1,-1,-1,0.06975653687140983,-1,0.00030112497975827137,-1,-1,0.5,-1,-1,-1,-1
1.3968038495599584,-1,-1,-1,-1,-1,0.06984019247799793,-1,0.0003009445797626318,-1,-1,0.5,-1,-1,-1,-1
1.3984789681733572,-1,-1,-1,-1,-1,0.06992394840866786,-1,0.0003007642878422454,-1,-1,0.5,-1,-1,-1,-1
1.400156095674668,-1,-1,-1,-1,-1,0.0700078047837334,-1,0.0003005841039323658,-1,-1,0.5,-1,-1,-1,-1
1.4018352344730518,-1,-1,-1,-1,-1,0.0700917617236526,-1,0.00030040402796828523,-1,-1,0.5,-1,-1,-1,-1
1.40351638698056,-1,-1,-1,-1,-1,0.070175819349028,-1,0.00030022405988533473,-1,-1,0.5,-1,-1,-1,-1
1.4051995556121342,-1,-1,-1,-1,-1,0.0702599777806067,-1,0.0003000441996188843,-1,-1,0.5,-1,-1,-1,-1
1.4068847427856137,-1,-1,-1,-1,-1,0.07034423713928069,-1,0.00029986444710434243,-1,-1,0.5,-1,-1,-1,-1
1.4085719509217376,-1,-1,-1,-1,-1,0.07042859754608688,-1,0.0002996848022771564,-1,-1,0.5,-1,-1,-1,-1
1.4102611824441476,-1,-1,-1,-1,-1,0.07051305912220739,-1,0.0002995052650728121,-1,-1,0.5,-1,-1,-1,-1
1.4119524397793926,-1,-1,-1,-1,-1,0.07059762198896963,-1,0.000299325835426834,-1,-1,0.5,-1,-1,-1,-1
1.4136457253569297,-1,-1,-1,-1,-1,0.07068228626784649,-1,0.00029914651327478555,-1,-1,0.5,-1,-1,-1,-1
1.4153410416091312,-1,-1,-1,-1,-1,0.07076705208045657,-1,0.0002989672985522685,-1,-1,0.5,-1,-1,-1,-1
1.4170383909712865,-1,-1,-1,-1,-1,0.07085191954856433,-1,0.0002987881911949231,-1,-1,0.5,-1,-1,-1,-1
1.4187377758816047,-1,-1,-1,-1,-1,0.07093688879408024,-1,0.0002986091911384283,-1,-1,0.5,-1,-1,-1,-1
1.42043919878122,-1,-1,-1,-1,-1,0.071021959939061,-1,0.0002984302983185016,-1,-1,0.5,-1,-1,-1,-1
1.422142662114192,-1,-1,-1,-1,-1,0.0711071331057096,-1,0.00029825151267089914,-1,-1,0.5,-1,-1,-1,-1
1.4238481683275133,-1,-1,-1,-1,-1,0.07119240841637567,-1,0.0002980728341314153,-1,-1,0.5,-1,-1,-1,-1
1.4255557198711108,-1,-1,-1,-1,-1,0.07127778599355554,-1,0.0002978942626358829,-1,-1,0.5,-1,-1,-1,-1
1.4272653191978488,-1,-1,-1,-1,-1,0.07136326595989244,-1,0.00029771579812017357,-1,-1,0.5,-1,-1,-1,-1
1.428976968763534,-1,-1,-1,-1,-1,0.07144884843817671,-1,0.00029753744052019693,-1,-1,0.5,-1,-1,-1,-1
1.4306906710269185,-1,-1,-1,-1,-1,0.07153453355134592,-1,0.0002973591897719011,-1,-1,0.5,-1,-1,-1,-1
1.4324064284497005,-1,-1,-1,-1,-1,0.07162032142248502,-1,0.00029718104581127295,-1,-1,0.5,-1,-1,-1,-1
1.4341242434965331,-1,-1,-1,-1,-1,0.07170621217482666,-1,0.00029700300857433715,-1,-1,0.5,-1,-1,-1,-1
1.4358441186350246,-1,-1,-1,-1,-1,0.07179220593175123,-1,0.00029682507799715704,-1,-1,0.5,-1,-1,-1,-1
1.437566056335742,-1,-1,-1,-1,-1,0.0718783028167871,-1,0.0002966472540158341,-1,-1,0.5,-1,-1,-1,-1
1.4392900590722162,-1,-1,-1,-1,-1,0.07196450295361081,-1,0.0002964695365665082,-1,-1,0.5,-1,-1,-1,-1
1.4410161293209423,-1,-1,-1,-1,-1,0.07205080646604711,-1,0.0002962919255853575,-1,-1,0.5,-1,-1,-1,-1
1.4427442695613875,-1,-1,-1,-1,-1,0.07213721347806938,-1,0.00029611442100859825,-1,-1,0.5,-1,-1,-1,-1
1.4444744822759914,-1,-1,-1,-1,-1,0.07222372411379957,-1,0.000295937022772485,-1,-1,0.5,-1,-1,-1,-1
1.4462067699501715,-1,-1,-1,-1,-1,0.07231033849750858,-1,0.0002957597308133104,-1,-1,0.5,-1,-1,-1,-1
1.4479411350723257,-1,-1,-1,-1,-1,0.07239705675361628,-1,0.00029558254506740545,-1,-1,0.5,-1,-1,-1,-1
1.4496775801338349,-1,-1,-1,-1,-1,0.07248387900669175,-1,0.00029540546547113917,-1,-1,0.5,-1,-1,-1,-1
1.451416107629069,-1,-1,-1,-1,-1,0.07257080538145345,-1,0.0002952284919609187,-1,-1,0.5,-1,-1,-1,-1
1.4531567200553892,-1,-1,-1,-1,-1,0.07265783600276947,-1,0.0002950516244731893,-1,-1,0.5,-1,-1,-1,-1
1.4548994199131517,-1,-1,-1,-1,-1,0.07274497099565759,-1,0.0002948748629444342,-1,-1,0.5,-1,-1,-1,-1
1.4566442097057115,-1,-1,-1,-1,-1,0.07283221048528558,-1,0.0002946982073111749,-1,-1,0.5,-1,-1,-1,-1
1.4583910919394238,-1,-1,-1,-1,-1,0.07291955459697119,-1,0.00029452165750997074,-1,-1,0.5,-1,-1,-1,-1
1.4601400691236521,-1,-1,-1,-1,-1,0.0730070034561826,-1,0.00029434521347741923,-1,-1,0.5,-1,-1,-1,-1
1.461891143770768,-1,-1,-1,-1,-1,0.0730945571885384,-1,0.00029416887515015567,-1,-1,0.5,-1,-1,-1,-1
1.463644318396156,-1,-1,-1,-1,-1,0.07318221591980781,-1,0.0002939926424648535,-1,-1,0.5,-1,-1,-1,-1
1.4653995955182189,-1,-1,-1,-1,-1,0.07326997977591095,-1,0.0002938165153582238,-1,-1,0.5,-1,-1,-1,-1
1.467156977658376,-1,-1,-1,-1,-1,0.0733578488829188,-1,0.00029364049376701606,-1,-1,0.5,-1,-1,-1,-1
1.4689164673410737,-1,-1,-1,-1,-1,0.07344582336705369,-1,0.00029346457762801726,-1,-1,0.5,-1,-1,-1,-1
1.470678067093785,-1,-1,-1,-1,-1,0.07353390335468925,-1,0.0002932887668780524,-1,-1,0.5,-1,-1,-1,-1
1.4724417794470133,-1,-1,-1,-1,-1,0.07362208897235066,-1,0.0002931130614539843,-1,-1,0.5,-1,-1,-1,-1
1.4742076069342984,-1,-1,-1,-1,-1,0.07371038034671493,-1,0.0002929374612927135,-1,-1,0.5,-1,-1,-1,-1
1.4759755520922155,-1,-1,-1,-1,-1,0.07379877760461077,-1,0.00029276196633117865,-1,-1,0.5,-1,-1,-1,-1
1.4777456174603842,-1,-1,-1,-1,-1,0.07388728087301921,-1,0.0002925865765063559,-1,-1,0.5,-1,-1,-1,-1
1.4795178055814695,-1,-1,-1,-1,-1,0.07397589027907348,-1,0.0002924112917552592,-1,-1,0.5,-1,-1,-1,-1
1.4812921190011847,-1,-1,-1,-1,-1,0.07406460595005925,-1,0.0002922361120149402,-1,-1,0.5,-1,-1,-1,-1
1.4830685602682978,-1,-1,-1,-1,-1,0.07415342801341489,-1,0.0002920610372224884,-1,-1,0.5,-1,-1,-1,-1
1.4848471319346306,-1,-1,-1,-1,-1,0.07424235659673153,-1,0.000291886067315031,-1,-1,0.5,-1,-1,-1,-1
1.4866278365550674,-1,-1,-1,-1,-1,0.07433139182775338,-1,0.00029171120222973274,-1,-1,0.5,-1,-1,-1,-1
1.4884106766875558,-1,-1,-1,-1,-1,0.07442053383437779,-1,0.000291536441903796,-1,-1,0.5,-1,-1,-1,-1
1.4901956548931115,-1,-1,-1,-1,-1,0.07450978274465557,-1,0.0002913617862744608,-1,-1,0.5,-1,-1,-1,-1
1.4919827737358213,-1,-1,-1,-1,-1,0.07459913868679106,-1,0.0002911872352790048,-1,-1,0.5,-1,-1,-1,-1
1.4937720357828455,-1,-1,-1,-1,-1,0.07468860178914227,-1,0.00029101278885474346,-1,-1,0.5,-1,-1,-1,-1
1.4955634436044252,-1,-1,-1,-1,-1,0.07477817218022126,-1,0.00029083844693902927,-1,-1,0.5,-1,-1,-1,-1
1.4973569997738827,-1,-1,-1,-1,-1,0.07486784998869414,-1,0.0002906642094692527,-1,-1,0.5,-1,-1,-1,-1
1.499152706867627,-1,-1,-1,-1,-1,0.07495763534338135,-1,0.0002904900763828415,-1,-1,0.5,-1,-1,-1,-1
1.5009505674651569,-1,-1,-1,-1,-1,0.07504752837325784,-1,0.00029031604761726087,-1,-1,0.5,-1,-1,-1,-1
1.502750584149063,-1,-1,-1,-1,-1,0.07513752920745315,-1,0.0002901421231100138,-1,-1,0.5,-1,-1,-1,-1
1.504552759505035,-1,-1,-1,-1,-1,0.07522763797525175,-1,0.00028996830279864037,-1,-1,0.5,-1,-1,-1,-1
1.5063570961218629,-1,-1,-1,-1,-1,0.07531785480609315,-1,0.00028979458662071827,-1,-1,0.5,-1,-1,-1,-1
1.508163596591441,-1,-1,-1,-1,-1,0.07540817982957206,-1,0.0002896209745138625,-1,-1,0.5,-1,-1,-1,-1
1.5099722635087727,-1,-1,-1,-1,-1,0.07549861317543864,-1,0.00028944746641572545,-1,-1,0.5,-1,-1,-1,-1
1.5117830994719734,-1,-1,-1,-1,-1,0.07558915497359868,-1,0.00028927406226399676,-1,-1,0.5,-1,-1,-1,-1
1.5135961070822723,-1,-1,-1,-1,-1,0.07567980535411362,-1,0.00028910076199640367,-1,-1,0.5,-1,-1,-1,-1
1.5154112889440206,-1,-1,-1,-1,-1,0.07577056444720104,-1,0.00028892756555071056,-1,-1,0.5,-1,-1,-1,-1
1.5172286476646915,-1,-1,-1,-1,-1,0.07586143238323458,-1,0.0002887544728647191,-1,-1,0.5,-1,-1,-1,-1
1.5190481858548859,-1,-1,-1,-1,-1,0.0759524092927443,-1,0.00028858148387626815,-1,-1,0.5,-1,-1,-1,-1
1.5208699061283355,-1,-1,-1,-1,-1,0.07604349530641678,-1,0.0002884085985232339,-1,-1,0.5,-1,-1,-1,-1
1.522693811101905,-1,-1,-1,-1,-1,0.07613469055509525,-1,0.00028823581674352976,-1,-1,0.5,-1,-1,-1,-1
1.5245199033955992,-1,-1,-1,-1,-1,0.07622599516977996,-1,0.00028806313847510635,-1,-1,0.5,-1,-1,-1,-1
1.526348185632564,-1,-1,-1,-1,-1,0.07631740928162821,-1,0.0002878905636559514,-1,-1,0.5,-1,-1,-1,-1
1.5281786604390917,-1,-1,-1,-1,-1,0.07640893302195459,-1,0.0002877180922240898,-1,-1,0.5,-1,-1,-1,-1
1.5300113304446246,-1,-1,-1,-1,-1,0.07650056652223124,-1,0.0002875457241175836,-1,-1,0.5,-1,-1,-1,-1
1.5318461982817557,-1,-1,-1,-1,-1,0.07659230991408779,-1,0.000287373459274532,-1,-1,0.5,-1,-1,-1,-1
1.5336832665862383,-1,-1,-1,-1,-1,0.07668416332931192,-1,0.0002872012976330711,-1,-1,0.5,-1,-1,-1,-1
1.535522537996985,-1,-1,-1,-1,-1,0.07677612689984925,-1,0.0002870292391313744,-1,-1,0.5,-1,-1,-1,-1
1.5373640151560737,-1,-1,-1,-1,-1,0.07686820075780369,-1,0.000286857283707652,-1,-1,0.5,-1,-1,-1,-1
1.5392077007087515,-1,-1,-1,-1,-1,0.07696038503543758,-1,0.0002866854313001513,-1,-1,0.5,-1,-1,-1,-1
1.5410535973034352,-1,-1,-1,-1,-1,0.07705267986517177,-1,0.0002865136818471568,-1,-1,0.5,-1,-1,-1,-1
1.5429017075917202,-1,-1,-1,-1,-1,0.07714508537958602,-1,0.0002863420352869897,-1,-1,0.5,-1,-1,-1,-1
1.5447520342283811,-1,-1,-1,-1,-1,0.07723760171141907,-1,0.0002861704915580083,-1,-1,0.5,-1,-1,-1,-1
1.5466045798713766,-1,-1,-1,-1,-1,0.07733022899356884,-1,0.0002859990505986077,-1,-1,0.5,-1,-1,-1,-1
1.5484593471818529,-1,-1,-1,-1,-1,0.07742296735909265,-1,0.00028582771234722006,-1,-1,0.5,-1,-1,-1,-1
1.5503163388241457,-1,-1,-1,-1,-1,0.0775158169412073,-1,0.0002856564767423145,-1,-1,0.5,-1,-1,-1,-1
1.5521755574657885,-1,-1,-1,-1,-1,0.07760877787328943,-1,0.00028548534372239666,-1,-1,0.5,-1,-1,-1,-1
1.5540370057775128,-1,-1,-1,-1,-1,0.07770185028887565,-1,0.00028531431322600937,-1,-1,0.5,-1,-1,-1,-1
1.555900686433253,-1,-1,-1,-1,-1,0.07779503432166265,-1,0.00028514338519173204,-1,-1,0.5,-1,-1,-1,-1
1.5577666021101508,-1,-1,-1,-1,-1,0.07788833010550755,-1,0.00028497255955818097,-1,-1,0.5,-1,-1,-1,-1
1.5596347554885566,-1,-1,-1,-1,-1,0.07798173777442784,-1,0.00028480183626400943,-1,-1,0.5,-1,-1,-1,-1
1.5615051492520369,-1,-1,-1,-1,-1,0.07807525746260185,-1,0.00028463121524790704,-1,-1,0.5,-1,-1,-1,-1
1.5633777860873763,-1,-1,-1,-1,-1,0.07816888930436883,-1,0.0002844606964486005,-1,-1,0.5,-1,-1,-1,-1
1.5652526686845813,-1,-1,-1,-1,-1,0.07826263343422907,-1,0.00028429027980485293,-1,-1,0.5,-1,-1,-1,-1
1.5671297997368852,-1,-1,-1,-1,-1,0.07835648998684426,-1,0.00028411996525546437,-1,-1,0.5,-1,-1,-1,-1
1.5690091819407486,-1,-1,-1,-1,-1,0.07845045909703743,-1,0.00028394975273927144,-1,-1,0.5,-1,-1,-1,-1
1.5708908179958687,-1,-1,-1,-1,-1,0.07854454089979344,-1,0.0002837796421951474,-1,-1,0.5,-1,-1,-1,-1
1.5727747106051788,-1,-1,-1,-1,-1,0.07863873553025895,-1,0.00028360963356200217,-1,-1,0.5,-1,-1,-1,-1
1.5746608624748542,-1,-1,-1,-1,-1,0.07873304312374271,-1,0.0002834397267787822,-1,-1,0.5,-1,-1,-1,-1
1.5765492763143163,-1,-1,-1,-1,-1,0.07882746381571581,-1,0.00028326992178447037,-1,-1,0.5,-1,-1,-1,-1
1.5784399548362336,-1,-1,-1,-1,-1,0.07892199774181169,-1,0.0002831002185180866,-1,-1,0.5,-1,-1,-1,-1
1.5803329007565297,-1,-1,-1,-1,-1,0.07901664503782649,-1,0.0002829306169186869,-1,-1,0.5,-1,-1,-1,-1
1.5822281167943846,-1,-1,-1,-1,-1,0.07911140583971923,-1,0.00028276111692536384,-1,-1,0.5,-1,-1,-1,-1
1.5841256056722395,-1,-1,-1,-1,-1,0.07920628028361199,-1,0.00028259171847724667,-1,-1,0.5,-1,-1,-1,-1
1.5860253701158011,-1,-1,-1,-1,-1,0.07930126850579006,-1,0.00028242242151350086,-1,-1,0.5,-1,-1,-1,-1
1.5879274128540428,-1,-1,-1,-1,-1,0.07939637064270215,-1,0.00028225322597332864,-1,-1,0.5,-1,-1,-1,-1
1.5898317366192127,-1,-1,-1,-1,-1,0.07949158683096064,-1,0.00028208413179596844,-1,-1,0.5,-1,-1,-1,-1
1.591738344146835,-1,-1,-1,-1,-1,0.07958691720734175,-1,0.00028191513892069514,-1,-1,0.5,-1,-1,-1,-1
1.5936472381757143,-1,-1,-1,-1,-1,0.07968236190878572,-1,0.0002817462472868199,-1,-1,0.5,-1,-1,-1,-1
1.59555842144794,-1,-1,-1,-1,-1,0.079777921072397,-1,0.00028157745683369043,-1,-1,0.5,-1,-1,-1,-1
1.5974718967088906,-1,-1,-1,-1,-1,0.07987359483544454,-1,0.00028140876750069063,-1,-1,0.5,-1,-1,-1,-1
1.5993876667072346,-1,-1,-1,-1,-1,0.07996938333536174,-1,0.0002812401792272408,-1,-1,0.5,-1,-1,-1,-1
1.601305734194939,-1,-1,-1,-1,-1,0.08006528670974696,-1,0.00028107169195279756,-1,-1,0.5,-1,-1,-1,-1
1.603226101927271,-1,-1,-1,-1,-1,0.08016130509636356,-1,0.0002809033056168536,-1,-1,0.5,-1,-1,-1,-1
1.6051487726628013,-1,-1,-1,-1,-1,0.08025743863314007,-1,0.00028073502015893816,-1,-1,0.5,-1,-1,-1,-1
1.60707374916341,-1,-1,-1,-1,-1,0.08035368745817051,-1,0.0002805668355186163,-1,-1,0.5,-1,-1,-1,-1
1.6090010341942866,-1,-1,-1,-1,-1,0.08045005170971434,-1,0.00028039875163548986,-1,-1,0.5,-1,-1,-1,-1
1.61093063052394,-1,-1,-1,-1,-1,0.08054653152619701,-1,0.0002802307684491962,-1,-1,0.5,-1,-1,-1,-1
1.6128625409241977,-1,-1,-1,-1,-1,0.08064312704620989,-1,0.00028006288589940947,-1,-1,0.5,-1,-1,-1,-1
1.6147967681702111,-1,-1,-1,-1,-1,0.08073983840851057,-1,0.00027989510392583956,-1,-1,0.5,-1,-1,-1,-1
1.6167333150404615,-1,-1,-1,-1,-1,0.08083666575202308,-1,0.0002797274224682325,-1,-1,0.5,-1,-1,-1,-1
1.618672184316759,-1,-1,-1,-1,-1,0.08093360921583796,-1,0.0002795598414663706,-1,-1,0.5,-1,-1,-1,-1
1.620613378784253,-1,-1,-1,-1,-1,0.08103066893921265,-1,0.0002793923608600722,-1,-1,0.5,-1,-1,-1,-1
1.6225569012314307,-1,-1,-1,-1,-1,0.08112784506157154,-1,0.0002792249805891915,-1,-1,0.5,-1,-1,-1,-1
1.6245027544501254,-1,-1,-1,-1,-1,0.08122513772250628,-1,0.00027905770059361896,-1,-1,0.5,-1,-1,-1,-1
1.6264509412355177,-1,-1,-1,-1,-1,0.08132254706177588,-1,0.0002788905208132809,-1,-1,0.5,-1,-1,-1,-1
1.6284014643861389,-1,-1,-1,-1,-1,0.08142007321930694,-1,0.0002787234411881398,-1,-1,0.5,-1,-1,-1,-1
1.6303543267038783,-1,-1,-1,-1,-1,0.08151771633519392,-1,0.000278556461658194,-1,-1,0.5,-1,-1,-1,-1
1.6323095309939846,-1,-1,-1,-1,-1,0.08161547654969924,-1,0.0002783895821634777,-1,-1,0.5,-1,-1,-1,-1
1.634267080065071,-1,-1,-1,-1,-1,0.08171335400325355,-1,0.00027822280264406125,-1,-1,0.5,-1,-1,-1,-1
1.6362269767291195,-1,-1,-1,-1,-1,0.08181134883645598,-1,0.0002780561230400506,-1,-1,0.5,-1,-1,-1,-1
1.6381892238014821,-1,-1,-1,-1,-1,0.08190946119007411,-1,0.00027788954329158785,-1,-1,0.5,-1,-1,-1,-1
1.6401538241008897,-1,-1,-1,-1,-1,0.08200769120504449,-1,0.0002777230633388509,-1,-1,0.5,-1,-1,-1,-1
1.642120780449452,-1,-1,-1,-1,-1,0.0821060390224726,-1,0.00027755668312205343,-1,-1,0.5,-1,-1,-1,-1
1.644090095672664,-1,-1,-1,-1,-1,0.08220450478363321,-1,0.0002773904025814449,-1,-1,0.5,-1,-1,-1,-1
1.6460617725994098,-1,-1,-1,-1,-1,0.08230308862997049,-1,0.00027722422165731047,-1,-1,0.5,-1,-1,-1,-1
1.6480358140619629,-1,-1,-1,-1,-1,0.08240179070309815,-1,0.0002770581402899716,-1,-1,0.5,-1,-1,-1,-1
1.6500122228959968,-1,-1,-1,-1,-1,0.08250061114479984,-1,0.0002768921584197849,-1,-1,0.5,-1,-1,-1,-1
1.6519910019405841,-1,-1,-1,-1,-1,0.08259955009702921,-1,0.00027672627598714295,-1,-1,0.5,-1,-1,-1,-1
1.653972154038203,-1,-1,-1,-1,-1,0.08269860770191016,-1,0.0002765604929324741,-1,-1,0.5,-1,-1,-1,-1
1.6559556820347405,-1,-1,-1,-1,-1,0.08279778410173703,-1,0.0002763948091962422,-1,-1,0.5,-1,-1,-1,-1
1.6579415887794948,-1,-1,-1,-1,-1,0.08289707943897474,-1,0.000276229224718947,-1,-1,0.5,-1,-1,-1,-1
1.6599298771251827,-1,-1,-1,-1,-1,0.08299649385625914,-1,0.0002760637394411238,-1,-1,0.5,-1,-1,-1,-1
1.6619205499279424,-1,-1,-1,-1,-1,0.08309602749639712,-1,0.0002758983533033434,-1,-1,0.5,-1,-1,-1,-1
1.6639136100473364,-1,-1,-1,-1,-1,0.08319568050236682,-1,0.0002757330662462124,-1,-1,0.5,-1,-1,-1,-1
1.665909060346358,-1,-1,-1,-1,-1,0.0832954530173179,-1,0.00027556787821037275,-1,-1,0.5,-1,-1,-1,-1
1.667906903691431,-1,-1,-1,-1,-1,0.08339534518457155,-1,0.00027540278913650235,-1,-1,0.5,-1,-1,-1,-1
1.6699071429524193,-1,-1,-1,-1,-1,0.08349535714762096,-1,0.0002752377989653142,-1,-1,0.5,-1,-1,-1,-1
1.6719097810026282,-1,-1,-1,-1,-1,0.08359548905013142,-1,0.0002750729076375571,-1,-1,0.5,-1,-1,-1,-1
1.6739148207188081,-1,-1,-1,-1,-1,0.08369574103594041,-1,0.0002749081150940152,-1,-1,0.5,-1,-1,-1,-1
1.6759222649811607,-1,-1,-1,-1,-1,0.08379611324905804,-1,0.00027474342127550806,-1,-1,0.5,-1,-1,-1,-1
1.677932116673339,-1,-1,-1,-1,-1,0.08389660583366695,-1,0.0002745788261228911,-1,-1,0.5,-1,-1,-1,-1
1.6799443786824566,-1,-1,-1,-1,-1,0.08399721893412283,-1,0.0002744143295770547,-1,-1,0.5,-1,-1,-1,-1
1.6819590538990892,-1,-1,-1,-1,-1,0.08409795269495446,-1,0.00027424993157892496,-1,-1,0.5,-1,-1,-1,-1
1.6839761452172786,-1,-1,-1,-1,-1,0.08419880726086393,-1,0.00027408563206946315,-1,-1,0.5,-1,-1,-1,-1
1.685995655534538,-1,-1,-1,-1,-1,0.0842997827767269,-1,0.000273921430989666,-1,-1,0.5,-1,-1,-1,-1
1.688017587751853,-1,-1,-1,-1,-1,0.08440087938759266,-1,0.00027375732828056567,-1,-1,0.5,-1,-1,-1,-1
1.6900419447736914,-1,-1,-1,-1,-1,0.08450209723868457,-1,0.0002735933238832295,-1,-1,0.5,-1,-1,-1,-1
1.6920687295080024,-1,-1,-1,-1,-1,0.08460343647540013,-1,0.0002734294177387603,-1,-1,0.5,-1,-1,-1,-1
1.6940979448662228,-1,-1,-1,-1,-1,0.08470489724331115,-1,0.0002732656097882961,-1,-1,0.5,-1,-1,-1,-1
1.6961295937632814,-1,-1,-1,-1,-1,0.08480647968816407,-1,0.00027310189997301,-1,-1,0.5,-1,-1,-1,-1
1.6981636791176034,-1,-1,-1,-1,-1,0.08490818395588018,-1,0.0002729382882341106,-1,-1,0.5,-1,-1,-1,-1
1.700200203851111,-1,-1,-1,-1,-1,0.08501001019255555,-1,0.0002727747745128417,-1,-1,0.5,-1,-1,-1,-1
1.7022391708892333,-1,-1,-1,-1,-1,0.08511195854446167,-1,0.00027261135875048214,-1,-1,0.5,-1,-1,-1,-1
1.7042805831609071,-1,-1,-1,-1,-1,0.08521402915804537,-1,0.00027244804088834615,-1,-1,0.5,-1,-1,-1,-1
1.7063244435985814,-1,-1,-1,-1,-1,0.08531622217992907,-1,0.00027228482086778284,-1,-1,0.5,-1,-1,-1,-1
1.708370755138223,-1,-1,-1,-1,-1,0.08541853775691116,-1,0.0002721216986301767,-1,-1,0.5,-1,-1,-1,-1
1.710419520719317,-1,-1,-1,-1,-1,0.08552097603596585,-1,0.00027195867411694725,-1,-1,0.5,-1,-1,-1,-1
1.712470743284876,-1,-1,-1,-1,-1,0.08562353716424381,-1,0.0002717957472695492,-1,-1,0.5,-1,-1,-1,-1
1.714524425781442,-1,-1,-1,-1,-1,0.0857262212890721,-1,0.00027163291802947205,-1,-1,0.5,-1,-1,-1,-1
1.7165805711590896,-1,-1,-1,-1,-1,0.08582902855795449,-1,0.00027147018633824074,-1,-1,0.5,-1,-1,-1,-1
1.7186391823714329,-1,-1,-1,-1,-1,0.08593195911857165,-1,0.00027130755213741476,-1,-1,0.5,-1,-1,-1,-1
1.720700262375625,-1,-1,-1,-1,-1,0.08603501311878126,-1,0.0002711450153685893,-1,-1,0.5,-1,-1,-1,-1
1.7227638141323682,-1,-1,-1,-1,-1,0.08613819070661842,-1,0.00027098257597339383,-1,-1,0.5,-1,-1,-1,-1
1.724829840605915,-1,-1,-1,-1,-1,0.08624149203029575,-1,0.00027082023389349324,-1,-1,0.5,-1,-1,-1,-1
1.726898344764072,-1,-1,-1,-1,-1,0.0863449172382036,-1,0.0002706579890705871,-1,-1,0.5,-1,-1,-1,-1
1.728969329578206,-1,-1,-1,-1,-1,0.0864484664789103,-1,0.0002704958414464101,-1,-1,0.5,-1,-1,-1,-1
1.7310427980232452,-1,-1,-1,-1,-1,0.08655213990116227,-1,0.00027033379096273177,-1,-1,0.5,-1,-1,-1,-1
1.7331187530776875,-1,-1,-1,-1,-1,0.08665593765388438,-1,0.0002701718375613566,-1,-1,0.5,-1,-1,-1,-1
1.735197197723602,-1,-1,-1,-1,-1,0.08675985988618011,-1,0.0002700099811841237,-1,-1,0.5,-1,-1,-1,-1
1.7372781349466342,-1,-1,-1,-1,-1,0.08686390674733172,-1,0.00026984822177290727,-1,-1,0.5,-1,-1,-1,-1
1.739361567736011,-1,-1,-1,-1,-1,0.08696807838680055,-1,0.00026968655926961623,-1,-1,0.5,-1,-1,-1,-1
1.7414474990845412,-1,-1,-1,-1,-1,0.08707237495422707,-1,0.00026952499361619436,-1,-1,0.5,-1,-1,-1,-1
1.7435359319886259,-1,-1,-1,-1,-1,0.0871767965994313,-1,0.00026936352475462024,-1,-1,0.5,-1,-1,-1,-1
1.7456268694482582,-1,-1,-1,-1,-1,0.08728134347241291,-1,0.000269202152626907,-1,-1,0.5,-1,-1,-1,-1
1.7477203144670292,-1,-1,-1,-1,-1,0.08738601572335147,-1,0.00026904087717510286,-1,-1,0.5,-1,-1,-1,-1
1.7498162700521331,-1,-1,-1,-1,-1,0.08749081350260667,-1,0.00026887969834129026,-1,-1,0.5,-1,-1,-1,-1
1.7519147392143677,-1,-1,-1,-1,-1,0.08759573696071839,-1,0.00026871861606758696,-1,-1,0.5,-1,-1,-1,-1
1.754015724968144,-1,-1,-1,-1,-1,0.08770078624840721,-1,0.0002685576302961449,-1,-1,0.5,-1,-1,-1,-1
1.7561192303314874,-1,-1,-1,-1,-1,0.08780596151657438,-1,0.0002683967409691509,-1,-1,0.5,-1,-1,-1,-1
1.7582252583260427,-1,-1,-1,-1,-1,0.08791126291630214,-1,0.0002682359480288263,-1,-1,0.5,-1,-1,-1,-1
1.7603338119770786,-1,-1,-1,-1,-1,0.08801669059885393,-1,0.00026807525141742724,-1,-1,0.5,-1,-1,-1,-1
1.7624448943134903,-1,-1,-1,-1,-1,0.08812224471567452,-1,0.0002679146510772442,-1,-1,0.5,-1,-1,-1,-1
1.7645585083678073,-1,-1,-1,-1,-1,0.08822792541839036,-1,0.0002677541469506025,-1,-1,0.5,-1,-1,-1,-1
1.766674657176195,-1,-1,-1,-1,-1,0.08833373285880976,-1,0.0002675937389798618,-1,-1,0.5,-1,-1,-1,-1
1.7687933437784606,-1,-1,-1,-1,-1,0.08843966718892304,-1,0.0002674334271074164,-1,-1,0.5,-1,-1,-1,-1
1.7709145712180567,-1,-1,-1,-1,-1,0.08854572856090284,-1,0.00026727321127569496,-1,-1,0.5,-1,-1,-1,-1
1.773038342542084,-1,-1,-1,-1,-1,0.0886519171271042,-1,0.00026711309142716096,-1,-1,0.5,-1,-1,-1,-1
1.7751646608012994,-1,-1,-1,-1,-1,0.08875823304006497,-1,0.00026695306750431204,-1,-1,0.5,-1,-1,-1,-1
1.777293529050118,-1,-1,-1,-1,-1,0.0888646764525059,-1,0.00026679313944968035,-1,-1,0.5,-1,-1,-1,-1
1.7794249503466177,-1,-1,-1,-1,-1,0.08897124751733089,-1,0.00026663330720583256,-1,-1,0.5,-1,-1,-1,-1
1.7815589277525448,-1,-1,-1,-1,-1,0.08907794638762724,-1,0.00026647357071536964,-1,-1,0.5,-1,-1,-1,-1
1.7836954643333145,-1,-1,-1,-1,-1,0.08918477321666574,-1,0.0002663139299209271,-1,-1,0.5,-1,-1,-1,-1
1.785834563158021,-1,-1,-1,-1,-1,0.08929172815790105,-1,0.0002661543847651747,-1,-1,0.5,-1,-1,-1,-1
1.7879762272994388,-1,-1,-1,-1,-1,0.08939881136497195,-1,0.0002659949351908164,-1,-1,0.5,-1,-1,-1,-1
1.7901204598340263,-1,-1,-1,-1,-1,0.08950602299170132,-1,0.0002658355811405909,-1,-1,0.5,-1,-1,-1,-1
1.7922672638419321,-1,-1,-1,-1,-1,0.08961336319209662,-1,0.00026567632255727083,-1,-1,0.5,-1,-1,-1,-1
1.7944166424069996,-1,-1,-1,-1,-1,0.08972083212034998,-1,0.0002655171593836631,-1,-1,0.5,-1,-1,-1,-1
1.7965685986167677,-1,-1,-1,-1,-1,0.0898284299308384,-1,0.0002653580915626092,-1,-1,0.5,-1,-1,-1,-1
1.7987231355624802,-1,-1,-1,-1,-1,0.08993615677812401,-1,0.00026519911903698473,-1,-1,0.5,-1,-1,-1,-1
1.800880256339088,-1,-1,-1,-1,-1,0.0900440128169544,-1,0.0002650402417496992,-1,-1,0.5,-1,-1,-1,-1
1.803039964045253,-1,-1,-1,-1,-1,0.09015199820226266,-1,0.00026488145964369687,-1,-1,0.5,-1,-1,-1,-1
1.8052022617833547,-1,-1,-1,-1,-1,0.09026011308916775,-1,0.0002647227726619556,-1,-1,0.5,-1,-1,-1,-1
1.8073671526594897,-1,-1,-1,-1,-1,0.09036835763297449,-1,0.00026456418074748795,-1,-1,0.5,-1,-1,-1,-1
1.8095346397834828,-1,-1,-1,-1,-1,0.09047673198917415,-1,0.0002644056838433402,-1,-1,0.5,-1,-1,-1,-1
1.8117047262688872,-1,-1,-1,-1,-1,0.09058523631344437,-1,0.00026424728189259304,-1,-1,0.5,-1,-1,-1,-1
1.8138774152329902,-1,-1,-1,-1,-1,0.09069387076164952,-1,0.0002640889748383611,-1,-1,0.5,-1,-1,-1,-1
1.816052709796818,-1,-1,-1,-1,-1,0.09080263548984091,-1,0.0002639307626237931,-1,-1,0.5,-1,-1,-1,-1
1.8182306130851371,-1,-1,-1,-1,-1,0.09091153065425686,-1,0.00026377264519207187,-1,-1,0.5,-1,-1,-1,-1
1.8204111282264648,-1,-1,-1,-1,-1,0.09102055641132324,-1,0.0002636146224864143,-1,-1,0.5,-1,-1,-1,-1
1.8225942583530683,-1,-1,-1,-1,-1,0.09112971291765343,-1,0.00026345669445007125,-1,-1,0.5,-1,-1,-1,-1
1.824780006600972,-1,-1,-1,-1,-1,0.09123900033004861,-1,0.0002632988610263276,-1,-1,0.5,-1,-1,-1,-1
1.8269683761099615,-1,-1,-1,-1,-1,0.09134841880549809,-1,0.000263141122158502,-1,-1,0.5,-1,-1,-1,-1
1.8291593700235858,-1,-1,-1,-1,-1,0.0914579685011793,-1,0.00026298347778994747,-1,-1,0.5,-1,-1,-1,-1
1.8313529914891653,-1,-1,-1,-1,-1,0.09156764957445827,-1,0.00026282592786405073,-1,-1,0.5,-1,-1,-1,-1
1.8335492436577954,-1,-1,-1,-1,-1,0.09167746218288977,-1,0.0002626684723242324,-1,-1,0.5,-1,-1,-1,-1
1.8357481296843492,-1,-1,-1,-1,-1,0.09178740648421746,-1,0.000262511111113947,-1,-1,0.5,-1,-1,-1,-1
1.8379496527274852,-1,-1,-1,-1,-1,0.09189748263637426,-1,0.0002623538441766828,-1,-1,0.5,-1,-1,-1,-1
1.8401538159496467,-1,-1,-1,-1,-1,0.09200769079748233,-1,0.0002621966714559624,-1,-1,0.5,-1,-1,-1,-1
1.8423606225170719,-1,-1,-1,-1,-1,0.0921180311258536,-1,0.00026203959289534175,-1,-1,0.5,-1,-1,-1,-1
1.844570075599796,-1,-1,-1,-1,-1,0.09222850377998981,-1,0.0002618826084384107,-1,-1,0.5,-1,-1,-1,-1
1.8467821783716554,-1,-1,-1,-1,-1,0.09233910891858277,-1,0.00026172571802879314,-1,-1,0.5,-1,-1,-1,-1
1.8489969340102936,-1,-1,-1,-1,-1,0.09244984670051469,-1,0.00026156892161014643,-1,-1,0.5,-1,-1,-1,-1
1.8512143456971624,-1,-1,-1,-1,-1,0.09256071728485812,-1,0.0002614122191261619,-1,-1,0.5,-1,-1,-1,-1
1.8534344166175316,-1,-1,-1,-1,-1,0.09267172083087659,-1,0.0002612556105205645,-1,-1,0.5,-1,-1,-1,-1
1.8556571499604901,-1,-1,-1,-1,-1,0.0927828574980245,-1,0.000261099095737113,-1,-1,0.5,-1,-1,-1,-1
1.8578825489189512,-1,-1,-1,-1,-1,0.09289412744594756,-1,0.0002609426747195997,-1,-1,0.5,-1,-1,-1,-1
1.8601106166896582,-1,-1,-1,-1,-1,0.09300553083448292,-1,0.0002607863474118506,-1,-1,0.5,-1,-1,-1,-1
1.8623413564731854,-1,-1,-1,-1,-1,0.09311706782365928,-1,0.0002606301137577256,-1,-1,0.5,-1,-1,-1,-1
1.864574771473948,-1,-1,-1,-1,-1,0.0932287385736974,-1,0.000260473973701118,-1,-1,0.5,-1,-1,-1,-1
1.8668108649002038,-1,-1,-1,-1,-1,0.09334054324501019,-1,0.0002603179271859547,-1,-1,0.5,-1,-1,-1,-1
1.869049639964057,-1,-1,-1,-1,-1,0.09345248199820286,-1,0.00026016197415619627,-1,-1,0.5,-1,-1,-1,-1
1.871291099881466,-1,-1,-1,-1,-1,0.0935645549940733,-1,0.0002600061145558368,-1,-1,0.5,-1,-1,-1,-1
1.8735352478722422,-1,-1,-1,-1,-1,0.09367676239361211,-1,0.00025985034832890413,-1,-1,0.5,-1,-1,-1,-1
1.8757820871600621,-1,-1,-1,-1,-1,0.09378910435800311,-1,0.00025969467541945933,-1,-1,0.5,-1,-1,-1,-1
1.8780316209724663,-1,-1,-1,-1,-1,0.09390158104862333,-1,0.00025953909577159723,-1,-1,0.5,-1,-1,-1,-1
1.880283852540867,-1,-1,-1,-1,-1,0.09401419262704336,-1,0.00025938360932944597,-1,-1,0.5,-1,-1,-1,-1
1.8825387851005515,-1,-1,-1,-1,-1,0.09412693925502758,-1,0.0002592282160371672,-1,-1,0.5,-1,-1,-1,-1
1.884796421890685,-1,-1,-1,-1,-1,0.09423982109453426,-1,0.00025907291583895616,-1,-1,0.5,-1,-1,-1,-1
1.88705676615432,-1,-1,-1,-1,-1,0.09435283830771601,-1,0.0002589177086790414,-1,-1,0.5,-1,-1,-1,-1
1.8893198211383975,-1,-1,-1,-1,-1,0.09446599105691988,-1,0.00025876259450168486,-1,-1,0.5,-1,-1,-1,-1
1.8915855900937515,-1,-1,-1,-1,-1,0.09457927950468759,-1,0.000258607573251182,-1,-1,0.5,-1,-1,-1,-1
1.8938540762751153,-1,-1,-1,-1,-1,0.09469270381375577,-1,0.00025845264487186153,-1,-1,0.5,-1,-1,-1,-1
1.8961252829411266,-1,-1,-1,-1,-1,0.09480626414705634,-1,0.00025829780930808544,-1,-1,0.5,-1,-1,-1,-1
1.8983992133543275,-1,-1,-1,-1,-1,0.09491996066771638,-1,0.00025814306650424933,-1,-1,0.5,-1,-1,-1,-1
1.900675870781176,-1,-1,-1,-1,-1,0.0950337935390588,-1,0.0002579884164047819,-1,-1,0.5,-1,-1,-1,-1
1.9029552584920462,-1,-1,-1,-1,-1,0.09514776292460231,-1,0.0002578338589541452,-1,-1,0.5,-1,-1,-1,-1
1.9052373797612345,-1,-1,-1,-1,-1,0.09526186898806173,-1,0.00025767939409683445,-1,-1,0.5,-1,-1,-1,-1
1.9075222378669647,-1,-1,-1,-1,-1,0.09537611189334824,-1,0.0002575250217773782,-1,-1,0.5,-1,-1,-1,-1
1.9098098360913893,-1,-1,-1,-1,-1,0.09549049180456948,-1,0.0002573707419403385,-1,-1,0.5,-1,-1,-1,-1
1.9121001777205997,-1,-1,-1,-1,-1,0.09560500888602999,-1,0.00025721655453031007,-1,-1,0.5,-1,-1,-1,-1
1.9143932660446272,-1,-1,-1,-1,-1,0.09571966330223136,-1,0.00025706245949192125,-1,-1,0.5,-1,-1,-1,-1
1.9166891043574488,-1,-1,-1,-1,-1,0.09583445521787244,-1,0.00025690845676983336,-1,-1,0.5,-1,-1,-1,-1
1.9189876959569925,-1,-1,-1,-1,-1,0.09594938479784963,-1,0.0002567545463087409,-1,-1,0.5,-1,-1,-1,-1
1.9212890441451387,-1,-1,-1,-1,-1,0.09606445220725694,-1,0.0002566007280533716,-1,-1,0.5,-1,-1,-1,-1
1.9235931522277305,-1,-1,-1,-1,-1,0.09617965761138653,-1,0.0002564470019484862,-1,-1,0.5,-1,-1,-1,-1
1.9259000235145745,-1,-1,-1,-1,-1,0.09629500117572873,-1,0.00025629336793887863,-1,-1,0.5,-1,-1,-1,-1
1.9282096613194462,-1,-1,-1,-1,-1,0.09641048306597232,-1,0.00025613982596937564,-1,-1,0.5,-1,-1,-1,-1
1.9305220689600968,-1,-1,-1,-1,-1,0.09652610344800484,-1,0.0002559863759848373,-1,-1,0.5,-1,-1,-1,-1
1.932837249758253,-1,-1,-1,-1,-1,0.09664186248791266,-1,0.0002558330179301568,-1,-1,0.5,-1,-1,-1,-1
1.9351552070396283,-1,-1,-1,-1,-1,0.09675776035198141,-1,0.00025567975175026,-1,-1,0.5,-1,-1,-1,-1
1.9374759441339229,-1,-1,-1,-1,-1,0.09687379720669614,-1,0.000255526577390106,-1,-1,0.5,-1,-1,-1,-1
1.939799464374831,-1,-1,-1,-1,-1,0.09698997321874156,-1,0.00025537349479468676,-1,-1,0.5,-1,-1,-1,-1
1.9421257711000453,-1,-1,-1,-1,-1,0.09710628855500227,-1,0.0002552205039090272,-1,-1,0.5,-1,-1,-1,-1
1.944454867651258,-1,-1,-1,-1,-1,0.09722274338256291,-1,0.0002550676046781853,-1,-1,0.5,-1,-1,-1,-1
1.9467867573741724,-1,-1,-1,-1,-1,0.09733933786870863,-1,0.0002549147970472519,-1,-1,0.5,-1,-1,-1,-1
1.949121443618503,-1,-1,-1,-1,-1,0.09745607218092515,-1,0.00025476208096135065,-1,-1,0.5,-1,-1,-1,-1
1.951458929737981,-1,-1,-1,-1,-1,0.09757294648689906,-1,0.0002546094563656381,-1,-1,0.5,-1,-1,-1,-1
1.9537992190903608,-1,-1,-1,-1,-1,0.09768996095451804,-1,0.00025445692320530367,-1,-1,0.5,-1,-1,-1,-1
1.956142315037421,-1,-1,-1,-1,-1,0.09780711575187107,-1,0.00025430448142556983,-1,-1,0.5,-1,-1,-1,-1
1.9584882209449743,-1,-1,-1,-1,-1,0.09792441104724872,-1,0.00025415213097169145,-1,-1,0.5,-1,-1,-1,-1
1.9608369401828691,-1,-1,-1,-1,-1,0.09804184700914347,-1,0.0002539998717889565,-1,-1,0.5,-1,-1,-1,-1
1.963188476124995,-1,-1,-1,-1,-1,0.09815942380624976,-1,0.0002538477038226856,-1,-1,0.5,-1,-1,-1,-1
1.9655428321492887,-1,-1,-1,-1,-1,0.09827714160746444,-1,0.0002536956270182322,-1,-1,0.5,-1,-1,-1,-1
1.967900011637735,-1,-1,-1,-1,-1,0.09839500058188676,-1,0.0002535436413209825,-1,-1,0.5,-1,-1,-1,-1
1.9702600179763774,-1,-1,-1,-1,-1,0.09851300089881887,-1,0.00025339174667635535,-1,-1,0.5,-1,-1,-1,-1
1.9726228545553195,-1,-1,-1,-1,-1,0.09863114272776598,-1,0.00025323994302980235,-1,-1,0.5,-1,-1,-1,-1
1.9749885247687302,-1,-1,-1,-1,-1,0.09874942623843652,-1,0.0002530882303268077,-1,-1,0.5,-1,-1,-1,-1
1.9773570320148495,-1,-1,-1,-1,-1,0.09886785160074248,-1,0.0002529366085128883,-1,-1,0.5,-1,-1,-1,-1
1.9797283796959906,-1,-1,-1,-1,-1,0.09898641898479954,-1,0.00025278507753359375,-1,-1,0.5,-1,-1,-1,-1
1.982102571218549,-1,-1,-1,-1,-1,0.09910512856092746,-1,0.00025263363733450634,-1,-1,0.5,-1,-1,-1,-1
1.984479609993005,-1,-1,-1,-1,-1,0.09922398049965026,-1,0.00025248228786124065,-1,-1,0.5,-1,-1,-1,-1
1.9868594994339288,-1,-1,-1,-1,-1,0.09934297497169645,-1,0.00025233102905944415,-1,-1,0.5,-1,-1,-1,-1
1.9892422429599863,-1,-1,-1,-1,-1,0.09946211214799933,-1,0.0002521798608747967,-1,-1,0.5,-1,-1,-1,-1
1.9916278439939403,-1,-1,-1,-1,-1,0.09958139219969703,-1,0.00025202878325301085,-1,-1,0.5,-1,-1,-1,-1
1.9940163059626614,-1,-1,-1,-1,-1,0.09970081529813307,-1,0.00025187779613983154,-1,-1,0.5,-1,-1,-1,-1
1.996407632297129,-1,-1,-1,-1,-1,0.09982038161485646,-1,0.0002517268994810362,-1,-1,0.5,-1,-1,-1,-1
1.998801826432437,-1,-1,-1,-1,-1,0.09994009132162185,-1,0.0002515760932224349,-1,-1,0.5,-1,-1,-1,-1
2.0011988918077996,-1,-1,-1,-1,-1,0.10005994459038998,-1,0.00025142537730987003,-1,-1,0.5,-1,-1,-1,-1
2.003598831866553,-1,-1,-1,-1,-1,0.10017994159332766,-1,0.0002512747516892165,-1,-1,0.5,-1,-1,-1,-1
2.0060016500561657,-1,-1,-1,-1,-1,0.1003000825028083,-1,0.0002511242163063816,-1,-1,0.5,-1,-1,-1,-1
2.008407349828239,-1,-1,-1,-1,-1,0.10042036749141195,-1,0.00025097377110730505,-1,-1,0.5,-1,-1,-1,-1
2.010815934638514,-1,-1,-1,-1,-1,0.10054079673192572,-1,0.000250823416037959,-1,-1,0.5,-1,-1,-1,-1
2.0132274079468764,-1,-1,-1,-1,-1,0.10066137039734382,-1,0.0002506731510443478,-1,-1,0.5,-1,-1,-1,-1
2.0156417732173617,-1,-1,-1,-1,-1,0.10078208866086809,-1,0.0002505229760725083,-1,-1,0.5,-1,-1,-1,-1
2.0180590339181563,-1,-1,-1,-1,-1,0.10090295169590782,-1,0.0002503728910685098,-1,-1,0.5,-1,-1,-1,-1
2.02047919352161,-1,-1,-1,-1,-1,0.10102395967608052,-1,0.0002502228959784535,-1,-1,0.5,-1,-1,-1,-1
2.022902255504235,-1,-1,-1,-1,-1,0.10114511277521175,-1,0.0002500729907484734,-1,-1,0.5,-1,-1,-1,-1
2.0253282233467127,-1,-1,-1,-1,-1,0.10126641116733565,-1,0.00024992317532473535,-1,-1,0.5,-1,-1,-1,-1
2.0277571005338997,-1,-1,-1,-1,-1,0.10138785502669499,-1,0.0002497734496534376,-1,-1,0.5,-1,-1,-1,-1
2.030188890554829,-1,-1,-1,-1,-1,0.10150944452774145,-1,0.00024962381368081086,-1,-1,0.5,-1,-1,-1,-1
2.0326235969027207,-1,-1,-1,-1,-1,0.10163117984513603,-1,0.0002494742673531176,-1,-1,0.5,-1,-1,-1,-1
2.035061223074984,-1,-1,-1,-1,-1,0.10175306115374921,-1,0.0002493248106166529,-1,-1,0.5,-1,-1,-1,-1
2.0375017725732207,-1,-1,-1,-1,-1,0.10187508862866104,-1,0.0002491754434177437,-1,-1,0.5,-1,-1,-1,-1
2.0399452489032344,-1,-1,-1,-1,-1,0.10199726244516172,-1,0.0002490261657027493,-1,-1,0.5,-1,-1,-1,-1
2.0423916555750288,-1,-1,-1,-1,-1,0.10211958277875144,-1,0.00024887697741806107,-1,-1,0.5,-1,-1,-1,-1
2.0448409961028213,-1,-1,-1,-1,-1,0.10224204980514107,-1,0.0002487278785101025,-1,-1,0.5,-1,-1,-1,-1
2.047293274005042,-1,-1,-1,-1,-1,0.1023646637002521,-1,0.00024857886892532915,-1,-1,0.5,-1,-1,-1,-1
2.04974849280434,-1,-1,-1,-1,-1,0.10248742464021701,-1,0.00024842994861022877,-1,-1,0.5,-1,-1,-1,-1
2.0522066560275913,-1,-1,-1,-1,-1,0.10261033280137957,-1,0.00024828111751132087,-1,-1,0.5,-1,-1,-1,-1
2.054667767205897,-1,-1,-1,-1,-1,0.10273338836029484,-1,0.00024813237557515743,-1,-1,0.5,-1,-1,-1,-1
2.0571318298745966,-1,-1,-1,-1,-1,0.10285659149372983,-1,0.00024798372274832214,-1,-1,0.5,-1,-1,-1,-1
2.0595988475732687,-1,-1,-1,-1,-1,0.10297994237866344,-1,0.0002478351589774308,-1,-1,0.5,-1,-1,-1,-1
2.062068823845736,-1,-1,-1,-1,-1,0.10310344119228682,-1,0.0002476866842091311,-1,-1,0.5,-1,-1,-1,-1
2.0645417622400735,-1,-1,-1,-1,-1,0.10322708811200368,-1,0.0002475382983901028,-1,-1,0.5,-1,-1,-1,-1
2.0670176663086055,-1,-1,-1,-1,-1,0.10335088331543028,-1,0.0002473900014670576,-1,-1,0.5,-1,-1,-1,-1
2.069496539607923,-1,-1,-1,-1,-1,0.10347482698039615,-1,0.0002472417933867391,-1,-1,0.5,-1,-1,-1,-1
2.071978385698878,-1,-1,-1,-1,-1,0.1035989192849439,-1,0.00024709367409592273,-1,-1,0.5,-1,-1,-1,-1
2.0744632081465944,-1,-1,-1,-1,-1,0.10372316040732972,-1,0.000246945643541416,-1,-1,0.5,-1,-1,-1,-1
2.0769510105204736,-1,-1,-1,-1,-1,0.10384755052602368,-1,0.00024679770167005793,-1,-1,0.5,-1,-1,-1,-1
2.0794417963941925,-1,-1,-1,-1,-1,0.10397208981970962,-1,0.0002466498484287198,-1,-1,0.5,-1,-1,-1,-1
2.0819355693457178,-1,-1,-1,-1,-1,0.10409677846728589,-1,0.0002465020837643045,-1,-1,0.5,-1,-1,-1,-1
2.084432332957306,-1,-1,-1,-1,-1,0.10422161664786529,-1,0.0002463544076237469,-1,-1,0.5,-1,-1,-1,-1
2.08693209081551,-1,-1,-1,-1,-1,0.10434660454077549,-1,0.0002462068199540132,-1,-1,0.5,-1,-1,-1,-1
2.0894348465111836,-1,-1,-1,-1,-1,0.10447174232555918,-1,0.00024605932070210194,-1,-1,0.5,-1,-1,-1,-1
2.0919406036394856,-1,-1,-1,-1,-1,0.10459703018197429,-1,0.00024591190981504315,-1,-1,0.5,-1,-1,-1,-1
2.094449365799888,-1,-1,-1,-1,-1,0.10472246828999442,-1,0.00024576458723989857,-1,-1,0.5,-1,-1,-1,-1
2.09696113659618,-1,-1,-1,-1,-1,0.10484805682980901,-1,0.0002456173529237618,-1,-1,0.5,-1,-1,-1,-1
2.0994759196364705,-1,-1,-1,-1,-1,0.10497379598182353,-1,0.00024547020681375776,-1,-1,0.5,-1,-1,-1,-1
2.101993718533198,-1,-1,-1,-1,-1,0.10509968592665991,-1,0.0002453231488570436,-1,-1,0.5,-1,-1,-1,-1
2.1045145369031295,-1,-1,-1,-1,-1,0.10522572684515648,-1,0.00024517617900080777,-1,-1,0.5,-1,-1,-1,-1
2.107038378367373,-1,-1,-1,-1,-1,0.10535191891836866,-1,0.00024502929719227043,-1,-1,0.5,-1,-1,-1,-1
2.109565246551378,-1,-1,-1,-1,-1,0.1054782623275689,-1,0.0002448825033786834,-1,-1,0.5,-1,-1,-1,-1
2.112095145084941,-1,-1,-1,-1,-1,0.10560475725424706,-1,0.00024473579750732997,-1,-1,0.5,-1,-1,-1,-1
2.114628077602214,-1,-1,-1,-1,-1,0.10573140388011071,-1,0.0002445891795255251,-1,-1,0.5,-1,-1,-1,-1
2.117164047741703,-1,-1,-1,-1,-1,0.10585820238708515,-1,0.0002444426493806155,-1,-1,0.5,-1,-1,-1,-1
2.11970305914628,-1,-1,-1,-1,-1,0.10598515295731402,-1,0.00024429620701997914,-1,-1,0.5,-1,-1,-1,-1
2.1222451154631874,-1,-1,-1,-1,-1,0.10611225577315937,-1,0.00024414985239102564,-1,-1,0.5,-1,-1,-1,-1
2.1247902203440385,-1,-1,-1,-1,-1,0.10623951101720193,-1,0.00024400358544119602,-1,-1,0.5,-1,-1,-1,-1
2.1273383774448273,-1,-1,-1,-1,-1,0.10636691887224137,-1,0.00024385740611796298,-1,-1,0.5,-1,-1,-1,-1
2.129889590425934,-1,-1,-1,-1,-1,0.1064944795212967,-1,0.0002437113143688305,-1,-1,0.5,-1,-1,-1,-1
2.132443862952123,-1,-1,-1,-1,-1,0.10662219314760615,-1,0.0002435653101413342,-1,-1,0.5,-1,-1,-1,-1
2.1350011986925597,-1,-1,-1,-1,-1,0.106750059934628,-1,0.000243419393383041,-1,-1,0.5,-1,-1,-1,-1
2.1375616013208063,-1,-1,-1,-1,-1,0.10687808006604033,-1,0.00024327356404154916,-1,-1,0.5,-1,-1,-1,-1
2.140125074514832,-1,-1,-1,-1,-1,0.1070062537257416,-1,0.00024312782206448858,-1,-1,0.5,-1,-1,-1,-1
2.142691621957017,-1,-1,-1,-1,-1,0.10713458109785086,-1,0.00024298216739952015,-1,-1,0.5,-1,-1,-1,-1
2.145261247334155,-1,-1,-1,-1,-1,0.10726306236670775,-1,0.0002428365999943366,-1,-1,0.5,-1,-1,-1,-1
2.1478339543374645,-1,-1,-1,-1,-1,0.10739169771687324,-1,0.00024269111979666164,-1,-1,0.5,-1,-1,-1,-1
2.1504097466625884,-1,-1,-1,-1,-1,0.10752048733312942,-1,0.00024254572675425046,-1,-1,0.5,-1,-1,-1,-1
2.152988628009603,-1,-1,-1,-1,-1,0.10764943140048017,-1,0.00024240042081488937,-1,-1,0.5,-1,-1,-1,-1
2.155570602083022,-1,-1,-1,-1,-1,0.10777853010415112,-1,0.00024225520192639615,-1,-1,0.5,-1,-1,-1,-1
2.1581556725918,-1,-1,-1,-1,-1,0.10790778362959,-1,0.0002421100700366198,-1,-1,0.5,-1,-1,-1,-1
2.16074384324934,-1,-1,-1,-1,-1,0.10803719216246702,-1,0.0002419650250934405,-1,-1,0.5,-1,-1,-1,-1
2.1633351177735003,-1,-1,-1,-1,-1,0.10816675588867503,-1,0.00024182006704476979,-1,-1,0.5,-1,-1,-1,-1
2.1659294998865954,-1,-1,-1,-1,-1,0.10829647499432977,-1,0.0002416751958385502,-1,-1,0.5,-1,-1,-1,-1
2.168526993315407,-1,-1,-1,-1,-1,0.10842634966577036,-1,0.00024153041142275556,-1,-1,0.5,-1,-1,-1,-1
2.1711276017911816,-1,-1,-1,-1,-1,0.10855638008955909,-1,0.00024138571374539096,-1,-1,0.5,-1,-1,-1,-1
2.173731329049644,-1,-1,-1,-1,-1,0.1086865664524822,-1,0.0002412411027544925,-1,-1,0.5,-1,-1,-1,-1
2.176338178830997,-1,-1,-1,-1,-1,0.10881690894154986,-1,0.0002410965783981275,-1,-1,0.5,-1,-1,-1,-1
2.1789481548799308,-1,-1,-1,-1,-1,0.10894740774399654,-1,0.00024095214062439438,-1,-1,0.5,-1,-1,-1,-1
2.1815612609456263,-1,-1,-1,-1,-1,0.10907806304728132,-1,0.00024080778938142242,-1,-1,0.5,-1,-1,-1,-1
2.184177500781757,-1,-1,-1,-1,-1,0.10920887503908785,-1,0.00024066352461737248,-1,-1,0.5,-1,-1,-1,-1
2.186796878146502,-1,-1,-1,-1,-1,0.1093398439073251,-1,0.000240519346280436,-1,-1,0.5,-1,-1,-1,-1
2.189419396802546,-1,-1,-1,-1,-1,0.1094709698401273,-1,0.0002403752543188357,-1,-1,0.5,-1,-1,-1,-1
2.1920450605170863,-1,-1,-1,-1,-1,0.10960225302585432,-1,0.00024023124868082532,-1,-1,0.5,-1,-1,-1,-1
2.194673873061839,-1,-1,-1,-1,-1,0.10973369365309196,-1,0.0002400873293146893,-1,-1,0.5,-1,-1,-1,-1
2.1973058382130404,-1,-1,-1,-1,-1,0.10986529191065203,-1,0.00023994349616874363,-1,-1,0.5,-1,-1,-1,-1
2.199940959751458,-1,-1,-1,-1,-1,0.10999704798757291,-1,0.00023979974919133466,-1,-1,0.5,-1,-1,-1,-1
2.2025792414623933,-1,-1,-1,-1,-1,0.11012896207311967,-1,0.0002396560883308401,-1,-1,0.5,-1,-1,-1,-1
2.2052206871356863,-1,-1,-1,-1,-1,0.11026103435678432,-1,0.0002395125135356684,-1,-1,0.5,-1,-1,-1,-1
2.207865300565724,-1,-1,-1,-1,-1,0.1103932650282862,-1,0.00023936902475425894,-1,-1,0.5,-1,-1,-1,-1
2.2105130855514394,-1,-1,-1,-1,-1,0.11052565427757198,-1,0.00023922562193508205,-1,-1,0.5,-1,-1,-1,-1
2.213164045896326,-1,-1,-1,-1,-1,0.11065820229481632,-1,0.00023908230502663896,-1,-1,0.5,-1,-1,-1,-1
2.215818185408437,-1,-1,-1,-1,-1,0.11079090927042186,-1,0.00023893907397746152,-1,-1,0.5,-1,-1,-1,-1
2.2184755079003917,-1,-1,-1,-1,-1,0.11092377539501959,-1,0.00023879592873611276,-1,-1,0.5,-1,-1,-1,-1
2.221136017189384,-1,-1,-1,-1,-1,0.11105680085946922,-1,0.00023865286925118615,-1,-1,0.5,-1,-1,-1,-1
2.2237997170971817,-1,-1,-1,-1,-1,0.11118998585485909,-1,0.00023850989547130635,-1,-1,0.5,-1,-1,-1,-1
2.226466611450139,-1,-1,-1,-1,-1,0.11132333057250694,-1,0.00023836700734512846,-1,-1,0.5,-1,-1,-1,-1
2.229136704079197,-1,-1,-1,-1,-1,0.11145683520395987,-1,0.00023822420482133853,-1,-1,0.5,-1,-1,-1,-1
2.2318099988198936,-1,-1,-1,-1,-1,0.11159049994099468,-1,0.00023808148784865328,-1,-1,0.5,-1,-1,-1,-1
2.234486499512365,-1,-1,-1,-1,-1,0.11172432497561827,-1,0.00023793885637582015,-1,-1,0.5,-1,-1,-1,-1
2.2371662100013507,-1,-1,-1,-1,-1,0.11185831050006755,-1,0.0002377963103516174,-1,-1,0.5,-1,-1,-1,-1
2.2398491341362035,-1,-1,-1,-1,-1,0.11199245670681018,-1,0.0002376538497248538,-1,-1,0.5,-1,-1,-1,-1
2.242535275770892,-1,-1,-1,-1,-1,0.11212676378854461,-1,0.00023751147444436897,-1,-1,0.5,-1,-1,-1,-1
2.245224638764007,-1,-1,-1,-1,-1,0.11226123193820035,-1,0.00023736918445903298,-1,-1,0.5,-1,-1,-1,-1
2.2479172269787657,-1,-1,-1,-1,-1,0.1123958613489383,-1,0.00023722697971774668,-1,-1,0.5,-1,-1,-1,-1
2.2506130442830203,-1,-1,-1,-1,-1,0.11253065221415103,-1,0.0002370848601694414,-1,-1,0.5,-1,-1,-1,-1
2.253312094549258,-1,-1,-1,-1,-1,0.1126656047274629,-1,0.00023694282576307925,-1,-1,0.5,-1,-1,-1,-1
2.2560143816546128,-1,-1,-1,-1,-1,0.11280071908273065,-1,0.00023680087644765283,-1,-1,0.5,-1,-1,-1,-1
2.2587199094808676,-1,-1,-1,-1,-1,0.11293599547404339,-1,0.00023665901217218526,-1,-1,0.5,-1,-1,-1,-1
2.2614286819144613,-1,-1,-1,-1,-1,0.11307143409572307,-1,0.00023651723288573023,-1,-1,0.5,-1,-1,-1,-1
2.2641407028464937,-1,-1,-1,-1,-1,0.11320703514232469,-1,0.0002363755385373718,-1,-1,0.5,-1,-1,-1,-1
2.2668559761727285,-1,-1,-1,-1,-1,0.11334279880863643,-1,0.00023623392907622492,-1,-1,0.5,-1,-1,-1,-1
2.2695745057936034,-1,-1,-1,-1,-1,0.11347872528968017,-1,0.00023609240445143464,-1,-1,0.5,-1,-1,-1,-1
2.272296295614234,-1,-1,-1,-1,-1,0.1136148147807117,-1,0.00023595096461217674,-1,-1,0.5,-1,-1,-1,-1
2.2750213495444185,-1,-1,-1,-1,-1,0.11375106747722093,-1,0.00023580960950765715,-1,-1,0.5,-1,-1,-1,-1
2.277749671498645,-1,-1,-1,-1,-1,0.11388748357493227,-1,0.00023566833908711247,-1,-1,0.5,-1,-1,-1,-1
2.280481265396093,-1,-1,-1,-1,-1,0.11402406326980466,-1,0.00023552715329980975,-1,-1,0.5,-1,-1,-1,-1
2.2832161351606457,-1,-1,-1,-1,-1,0.1141608067580323,-1,0.00023538605209504624,-1,-1,0.5,-1,-1,-1,-1
2.2859542847208894,-1,-1,-1,-1,-1,0.11429771423604447,-1,0.0002352450354221497,-1,-1,0.5,-1,-1,-1,-1
2.288695718010124,-1,-1,-1,-1,-1,0.11443478590050621,-1,0.00023510410323047812,-1,-1,0.5,-1,-1,-1,-1
2.2914404389663656,-1,-1,-1,-1,-1,0.11457202194831828,-1,0.00023496325546941996,-1,-1,0.5,-1,-1,-1,-1
2.2941884515323503,-1,-1,-1,-1,-1,0.11470942257661752,-1,0.00023482249208839408,-1,-1,0.5,-1,-1,-1,-1
2.2969397596555465,-1,-1,-1,-1,-1,0.11484698798277733,-1,0.00023468181303684936,-1,-1,0.5,-1,-1,-1,-1
2.299694367288155,-1,-1,-1,-1,-1,0.11498471836440777,-1,0.00023454121826426517,-1,-1,0.5,-1,-1,-1,-1
2.3024522783871157,-1,-1,-1,-1,-1,0.1151226139193558,-1,0.00023440070772015112,-1,-1,0.5,-1,-1,-1,-1
2.305213496914116,-1,-1,-1,-1,-1,0.11526067484570579,-1,0.000234260281354047,-1,-1,0.5,-1,-1,-1,-1
2.3079780268355896,-1,-1,-1,-1,-1,0.11539890134177949,-1,0.00023411993911552292,-1,-1,0.5,-1,-1,-1,-1
2.3107458721227325,-1,-1,-1,-1,-1,0.11553729360613663,-1,0.00023397968095417918,-1,-1,0.5,-1,-1,-1,-1
2.3135170367515,-1,-1,-1,-1,-1,0.115675851837575,-1,0.0002338395068196462,-1,-1,0.5,-1,-1,-1,-1
2.3162915247026166,-1,-1,-1,-1,-1,0.11581457623513083,-1,0.00023369941666158463,-1,-1,0.5,-1,-1,-1,-1
2.3190693399615814,-1,-1,-1,-1,-1,0.11595346699807907,-1,0.0002335594104296853,-1,-1,0.5,-1,-1,-1,-1
2.32185048651867,-1,-1,-1,-1,-1,0.11609252432593352,-1,0.00023341948807366914,-1,-1,0.5,-1,-1,-1,-1
2.3246349683689465,-1,-1,-1,-1,-1,0.11623174841844733,-1,0.00023327964954328724,-1,-1,0.5,-1,-1,-1,-1
2.3274227895122652,-1,-1,-1,-1,-1,0.11637113947561327,-1,0.0002331398947883208,-1,-1,0.5,-1,-1,-1,-1
2.3302139539532774,-1,-1,-1,-1,-1,0.11651069769766387,-1,0.00023300022375858094,-1,-1,0.5,-1,-1,-1,-1
2.333008465701437,-1,-1,-1,-1,-1,0.11665042328507186,-1,0.00023286063640390908,-1,-1,0.5,-1,-1,-1,-1
2.335806328771004,-1,-1,-1,-1,-1,0.1167903164385502,-1,0.00023272113267417665,-1,-1,0.5,-1,-1,-1,-1
2.338607547181056,-1,-1,-1,-1,-1,0.11693037735905282,-1,0.00023258171251928496,-1,-1,0.5,-1,-1,-1,-1
2.3414121249554882,-1,-1,-1,-1,-1,0.11707060624777442,-1,0.0002324423758891655,-1,-1,0.5,-1,-1,-1,-1
2.344220066123023,-1,-1,-1,-1,-1,0.11721100330615115,-1,0.0002323031227337796,-1,-1,0.5,-1,-1,-1,-1
2.347031374717214,-1,-1,-1,-1,-1,0.11735156873586071,-1,0.00023216395300311863,-1,-1,0.5,-1,-1,-1,-1
2.3498460547764495,-1,-1,-1,-1,-1,0.11749230273882248,-1,0.0002320248666472041,-1,-1,0.5,-1,-1,-1,-1
2.352664110343963,-1,-1,-1,-1,-1,0.11763320551719816,-1,0.00023188586361608718,-1,-1,0.5,-1,-1,-1,-1
2.3554855454678383,-1,-1,-1,-1,-1,0.11777427727339192,-1,0.00023174694385984912,-1,-1,0.5,-1,-1,-1,-1
2.3583103642010106,-1,-1,-1,-1,-1,0.11791551821005053,-1,0.000231608107328601,-1,-1,0.5,-1,-1,-1,-1
2.3611385706012795,-1,-1,-1,-1,-1,0.11805692853006398,-1,0.0002314693539724838,-1,-1,0.5,-1,-1,-1,-1
2.363970168731306,-1,-1,-1,-1,-1,0.1181985084365653,-1,0.00023133068374166856,-1,-1,0.5,-1,-1,-1,-1
2.3668051626586273,-1,-1,-1,-1,-1,0.11834025813293136,-1,0.00023119209658635585,-1,-1,0.5,-1,-1,-1,-1
2.369643556455656,-1,-1,-1,-1,-1,0.11848217782278281,-1,0.00023105359245677634,-1,-1,0.5,-1,-1,-1,-1
2.3724853541996915,-1,-1,-1,-1,-1,0.11862426770998458,-1,0.0002309151713031903,-1,-1,0.5,-1,-1,-1,-1
2.375330559972921,-1,-1,-1,-1,-1,0.11876652799864605,-1,0.00023077683307588795,-1,-1,0.5,-1,-1,-1,-1
2.3781791778624255,-1,-1,-1,-1,-1,0.11890895889312128,-1,0.00023063857772518933,-1,-1,0.5,-1,-1,-1,-1
2.3810312119601904,-1,-1,-1,-1,-1,0.11905156059800953,-1,0.0002305004052014441,-1,-1,0.5,-1,-1,-1,-1
2.3838866663631078,-1,-1,-1,-1,-1,0.11919433331815539,-1,0.00023036231545503169,-1,-1,0.5,-1,-1,-1,-1
2.3867455451729818,-1,-1,-1,-1,-1,0.1193372772586491,-1,0.00023022430843636137,-1,-1,0.5,-1,-1,-1,-1
2.389607852496537,-1,-1,-1,-1,-1,0.11948039262482686,-1,0.000230086384095872,-1,-1,0.5,-1,-1,-1,-1
2.3924735924454237,-1,-1,-1,-1,-1,0.11962367962227119,-1,0.0002299485423840321,-1,-1,0.5,-1,-1,-1,-1
2.3953427691362186,-1,-1,-1,-1,-1,0.11976713845681093,-1,0.0002298107832513401,-1,-1,0.5,-1,-1,-1,-1
2.3982153866904397,-1,-1,-1,-1,-1,0.119910769334522,-1,0.00022967310664832386,-1,-1,0.5,-1,-1,-1,-1
2.401091449234547,-1,-1,-1,-1,-1,0.12005457246172735,-1,0.00022953551252554086,-1,-1,0.5,-1,-1,-1,-1
2.403970960899948,-1,-1,-1,-1,-1,0.12019854804499741,-1,0.00022939800083357837,-1,-1,0.5,-1,-1,-1,-1
2.406853925823007,-1,-1,-1,-1,-1,0.12034269629115035,-1,0.00022926057152305312,-1,-1,0.5,-1,-1,-1,-1
2.4097403481450446,-1,-1,-1,-1,-1,0.12048701740725223,-1,0.00022912322454461158,-1,-1,0.5,-1,-1,-1,-1
2.4126302320123516,-1,-1,-1,-1,-1,0.12063151160061758,-1,0.00022898595984892955,-1,-1,0.5,-1,-1,-1,-1
2.4155235815761897,-1,-1,-1,-1,-1,0.1207761790788095,-1,0.00022884877738671265,-1,-1,0.5,-1,-1,-1,-1
2.4184204009928005,-1,-1,-1,-1,-1,0.12092102004964003,-1,0.00022871167710869579,-1,-1,0.5,-1,-1,-1,-1
2.421320694423409,-1,-1,-1,-1,-1,0.12106603472117046,-1,0.00022857465896564347,-1,-1,0.5,-1,-1,-1,-1
2.424224466034229,-1,-1,-1,-1,-1,0.12121122330171147,-1,0.0002284377229083499,-1,-1,0.5,-1,-1,-1,-1
2.427131719996473,-1,-1,-1,-1,-1,0.12135658599982364,-1,0.00022830086888763843,-1,-1,0.5,-1,-1,-1,-1
2.430042460486354,-1,-1,-1,-1,-1,0.12150212302431772,-1,0.0002281640968543621,-1,-1,0.5,-1,-1,-1,-1
2.4329566916850953,-1,-1,-1,-1,-1,0.12164783458425477,-1,0.00022802740675940332,-1,-1,0.5,-1,-1,-1,-1
2.4358744177789347,-1,-1,-1,-1,-1,0.12179372088894674,-1,0.00022789079855367378,-1,-1,0.5,-1,-1,-1,-1
2.438795642959126,-1,-1,-1,-1,-1,0.12193978214795631,-1,0.00022775427218811494,-1,-1,0.5,-1,-1,-1,-1
2.4417203714219546,-1,-1,-1,-1,-1,0.12208601857109774,-1,0.00022761782761369738,-1,-1,0.5,-1,-1,-1,-1
2.4446486073687357,-1,-1,-1,-1,-1,0.12223243036843678,-1,0.00022748146478142106,-1,-1,0.5,-1,-1,-1,-1
2.4475803550058237,-1,-1,-1,-1,-1,0.1223790177502912,-1,0.0002273451836423153,-1,-1,0.5,-1,-1,-1,-1
2.450515618544618,-1,-1,-1,-1,-1,0.1225257809272309,-1,0.00022720898414743887,-1,-1,0.5,-1,-1,-1,-1
2.453454402201565,-1,-1,-1,-1,-1,0.12267272011007826,-1,0.00022707286624787978,-1,-1,0.5,-1,-1,-1,-1
2.456396710198173,-1,-1,-1,-1,-1,0.12281983550990866,-1,0.00022693682989475538,-1,-1,0.5,-1,-1,-1,-1
2.4593425467610093,-1,-1,-1,-1,-1,0.12296712733805047,-1,0.00022680087503921227,-1,-1,0.5,-1,-1,-1,-1
2.4622919161217114,-1,-1,-1,-1,-1,0.12311459580608558,-1,0.00022666500163242626,-1,-1,0.5,-1,-1,-1,-1
2.465244822516992,-1,-1,-1,-1,-1,0.1232622411258496,-1,0.00022652920962560252,-1,-1,0.5,-1,-1,-1,-1
2.4682012701886418,-1,-1,-1,-1,-1,0.1234100635094321,-1,0.00022639349896997542,-1,-1,0.5,-1,-1,-1,-1
2.471161263383541,-1,-1,-1,-1,-1,0.12355806316917706,-1,0.00022625786961680855,-1,-1,0.5,-1,-1,-1,-1
2.474124806353664,-1,-1,-1,-1,-1,0.12370624031768321,-1,0.00022612232151739465,-1,-1,0.5,-1,-1,-1,-1
2.477091903356081,-1,-1,-1,-1,-1,0.12385459516780406,-1,0.00022598685462305563,-1,-1,0.5,-1,-1,-1,-1
2.480062558652972,-1,-1,-1,-1,-1,0.12400312793264862,-1,0.00022585146888514266,-1,-1,0.5,-1,-1,-1,-1
2.4830367765116224,-1,-1,-1,-1,-1,0.12415183882558112,-1,0.00022571616425503597,-1,-1,0.5,-1,-1,-1,-1
2.4860145612044398,-1,-1,-1,-1,-1,0.124300728060222,-1,0.00022558094068414502,-1,-1,0.5,-1,-1,-1,-1
2.4889959170089537,-1,-1,-1,-1,-1,0.12444979585044769,-1,0.00022544579812390828,-1,-1,0.5,-1,-1,-1,-1
2.491980848207825,-1,-1,-1,-1,-1,0.12459904241039127,-1,0.00022531073652579326,-1,-1,0.5,-1,-1,-1,-1
2.4949693590888504,-1,-1,-1,-1,-1,0.12474846795444253,-1,0.00022517575584129657,-1,-1,0.5,-1,-1,-1,-1
2.4979614539449644,-1,-1,-1,-1,-1,0.12489807269724823,-1,0.00022504085602194414,-1,-1,0.5,-1,-1,-1,-1
2.5009571370742556,-1,-1,-1,-1,-1,0.12504785685371278,-1,0.00022490603701929058,-1,-1,0.5,-1,-1,-1,-1
2.503956412779964,-1,-1,-1,-1,-1,0.1251978206389982,-1,0.00022477129878491979,-1,-1,0.5,-1,-1,-1,-1
2.5069592853704914,-1,-1,-1,-1,-1,0.12534796426852457,-1,0.0002246366412704444,-1,-1,0.5,-1,-1,-1,-1
2.509965759159407,-1,-1,-1,-1,-1,0.12549828795797036,-1,0.0002245020644275062,-1,-1,0.5,-1,-1,-1,-1
2.51297583846545,-1,-1,-1,-1,-1,0.1256487919232725,-1,0.0002243675682077761,-1,-1,0.5,-1,-1,-1,-1
2.5159895276125415,-1,-1,-1,-1,-1,0.12579947638062708,-1,0.0002242331525629537,-1,-1,0.5,-1,-1,-1,-1
2.5190068309297877,-1,-1,-1,-1,-1,0.1259503415464894,-1,0.00022409881744476769,-1,-1,0.5,-1,-1,-1,-1
2.5220277527514865,-1,-1,-1,-1,-1,0.12610138763757434,-1,0.00022396456280497556,-1,-1,0.5,-1,-1,-1,-1
2.5250522974171337,-1,-1,-1,-1,-1,0.12625261487085668,-1,0.00022383038859536376,-1,-1,0.5,-1,-1,-1,-1
2.5280804692714303,-1,-1,-1,-1,-1,0.12640402346357152,-1,0.00022369629476774763,-1,-1,0.5,-1,-1,-1,-1
2.5311122726642834,-1,-1,-1,-1,-1,0.1265556136332142,-1,0.00022356228127397147,-1,-1,0.5,-1,-1,-1,-1
2.5341477119508213,-1,-1,-1,-1,-1,0.12670738559754108,-1,0.00022342834806590822,-1,-1,0.5,-1,-1,-1,-1
2.5371867914913935,-1,-1,-1,-1,-1,0.12685933957456969,-1,0.00022329449509545993,-1,-1,0.5,-1,-1,-1,-1
2.5402295156515793,-1,-1,-1,-1,-1,0.12701147578257896,-1,0.00022316072231455715,-1,-1,0.5,-1,-1,-1,-1
2.543275888802194,-1,-1,-1,-1,-1,0.1271637944401097,-1,0.00022302702967515937,-1,-1,0.5,-1,-1,-1,-1
2.5463259153192905,-1,-1,-1,-1,-1,0.12731629576596454,-1,0.00022289341712925501,-1,-1,0.5,-1,-1,-1,-1
2.5493795995841744,-1,-1,-1,-1,-1,0.12746897997920872,-1,0.0002227598846288611,-1,-1,0.5,-1,-1,-1,-1
2.552436945983404,-1,-1,-1,-1,-1,0.12762184729917023,-1,0.00022262643212602332,-1,-1,0.5,-1,-1,-1,-1
2.555497958908798,-1,-1,-1,-1,-1,0.12777489794543992,-1,0.00022249305957281628,-1,-1,0.5,-1,-1,-1,-1
2.5585626427574435,-1,-1,-1,-1,-1,0.12792813213787219,-1,0.00022235976692134315,-1,-1,0.5,-1,-1,-1,-1
2.561631001931697,-1,-1,-1,-1,-1,0.12808155009658484,-1,0.00022222655412373592,-1,-1,0.5,-1,-1,-1,-1
2.5647030408391975,-1,-1,-1,-1,-1,0.12823515204195987,-1,0.00022209342113215514,-1,-1,0.5,-1,-1,-1,-1
2.56777876389287,-1,-1,-1,-1,-1,0.1283889381946435,-1,0.00022196036789879015,-1,-1,0.5,-1,-1,-1,-1
2.5708581755109305,-1,-1,-1,-1,-1,0.12854290877554653,-1,0.00022182739437585875,-1,-1,0.5,-1,-1,-1,-1
2.5739412801168955,-1,-1,-1,-1,-1,0.12869706400584477,-1,0.00022169450051560754,-1,-1,0.5,-1,-1,-1,-1
2.577028082139583,-1,-1,-1,-1,-1,0.12885140410697915,-1,0.00022156168627031166,-1,-1,0.5,-1,-1,-1,-1
2.5801185860131244,-1,-1,-1,-1,-1,0.1290059293006562,-1,0.00022142895159227486,-1,-1,0.5,-1,-1,-1,-1
2.5832127961769697,-1,-1,-1,-1,-1,0.12916063980884848,-1,0.00022129629643382942,-1,-1,0.5,-1,-1,-1,-1
2.586310717075891,-1,-1,-1,-1,-1,0.12931553585379457,-1,0.00022116372074733619,-1,-1,0.5,-1,-1,-1,-1
2.589412353159993,-1,-1,-1,-1,-1,0.12947061765799966,-1,0.0002210312244851846,-1,-1,0.5,-1,-1,-1,-1
2.592517708884714,-1,-1,-1,-1,-1,0.1296258854442357,-1,0.00022089880759979254,-1,-1,0.5,-1,-1,-1,-1
2.5956267887108373,-1,-1,-1,-1,-1,0.12978133943554188,-1,0.00022076647004360648,-1,-1,0.5,-1,-1,-1,-1
2.598739597104496,-1,-1,-1,-1,-1,0.12993697985522482,-1,0.00022063421176910138,-1,-1,0.5,-1,-1,-1,-1
2.60185613853718,-1,-1,-1,-1,-1,0.130092806926859,-1,0.0002205020327287805,-1,-1,0.5,-1,-1,-1,-1
2.6049764174857413,-1,-1,-1,-1,-1,0.13024882087428707,-1,0.00022036993287517575,-1,-1,0.5,-1,-1,-1,-1
2.6081004384323974,-1,-1,-1,-1,-1,0.13040502192161987,-1,0.0002202379121608475,-1,-1,0.5,-1,-1,-1,-1
2.611228205864745,-1,-1,-1,-1,-1,0.13056141029323726,-1,0.0002201059705383844,-1,-1,0.5,-1,-1,-1,-1
2.614359724275761,-1,-1,-1,-1,-1,0.13071798621378805,-1,0.00021997410796040356,-1,-1,0.5,-1,-1,-1,-1
2.617494998163812,-1,-1,-1,-1,-1,0.1308747499081906,-1,0.00021984232437955042,-1,-1,0.5,-1,-1,-1,-1
2.620634032032658,-1,-1,-1,-1,-1,0.1310317016016329,-1,0.00021971061974849885,-1,-1,0.5,-1,-1,-1,-1
2.6237768303914595,-1,-1,-1,-1,-1,0.13118884151957297,-1,0.00021957899401995113,-1,-1,0.5,-1,-1,-1,-1
2.626923397754785,-1,-1,-1,-1,-1,0.13134616988773926,-1,0.00021944744714663786,-1,-1,0.5,-1,-1,-1,-1
2.630073738642618,-1,-1,-1,-1,-1,0.1315036869321309,-1,0.00021931597908131782,-1,-1,0.5,-1,-1,-1,-1
2.6332278575803625,-1,-1,-1,-1,-1,0.13166139287901812,-1,0.00021918458977677815,-1,-1,0.5,-1,-1,-1,-1
2.6363857590988498,-1,-1,-1,-1,-1,0.1318192879549425,-1,0.00021905327918583434,-1,-1,0.5,-1,-1,-1,-1
2.6395474477343424,-1,-1,-1,-1,-1,0.1319773723867171,-1,0.0002189220472613302,-1,-1,0.5,-1,-1,-1,-1
2.642712928028545,-1,-1,-1,-1,-1,0.13213564640142725,-1,0.0002187908939561376,-1,-1,0.5,-1,-1,-1,-1
2.6458822045286094,-1,-1,-1,-1,-1,0.13229411022643048,-1,0.00021865981922315688,-1,-1,0.5,-1,-1,-1,-1
2.6490552817871396,-1,-1,-1,-1,-1,0.132452764089357,-1,0.00021852882301531625,-1,-1,0.5,-1,-1,-1,-1
2.652232164362201,-1,-1,-1,-1,-1,0.13261160821811005,-1,0.0002183979052855725,-1,-1,0.5,-1,-1,-1,-1
2.6554128568173208,-1,-1,-1,-1,-1,0.13277064284086604,-1,0.0002182670659869104,-1,-1,0.5,-1,-1,-1,-1
2.6585973637215035,-1,-1,-1,-1,-1,0.1329298681860752,-1,0.00021813630507234297,-1,-1,0.5,-1,-1,-1,-1
2.6617856896492316,-1,-1,-1,-1,-1,0.13308928448246157,-1,0.00021800562249491131,-1,-1,0.5,-1,-1,-1,-1
2.6649778391804735,-1,-1,-1,-1,-1,0.13324889195902367,-1,0.00021787501820768462,-1,-1,0.5,-1,-1,-1,-1
2.6681738169006897,-1,-1,-1,-1,-1,0.13340869084503448,-1,0.0002177444921637603,-1,-1,0.5,-1,-1,-1,-1
2.671373627400842,-1,-1,-1,-1,-1,0.1335686813700421,-1,0.00021761404431626383,-1,-1,0.5,-1,-1,-1,-1
2.6745772752773935,-1,-1,-1,-1,-1,0.1337288637638697,-1,0.00021748367461834876,-1,-1,0.5,-1,-1,-1,-1
2.677784765132323,-1,-1,-1,-1,-1,0.13388923825661617,-1,0.00021735338302319678,-1,-1,0.5,-1,-1,-1,-1
2.680996101573128,-1,-1,-1,-1,-1,0.1340498050786564,-1,0.00021722316948401745,-1,-1,0.5,-1,-1,-1,-1
2.6842112892128305,-1,-1,-1,-1,-1,0.13421056446064153,-1,0.00021709303395404855,-1,-1,0.5,-1,-1,-1,-1
2.687430332669987,-1,-1,-1,-1,-1,0.13437151663349936,-1,0.00021696297638655566,-1,-1,0.5,-1,-1,-1,-1
2.6906532365686884,-1,-1,-1,-1,-1,0.13453266182843443,-1,0.00021683299673483264,-1,-1,0.5,-1,-1,-1,-1
2.6938800055385745,-1,-1,-1,-1,-1,0.13469400027692874,-1,0.00021670309495220116,-1,-1,0.5,-1,-1,-1,-1
2.6971106442148365,-1,-1,-1,-1,-1,0.13485553221074184,-1,0.00021657327099201086,-1,-1,0.5,-1,-1,-1,-1
2.700345157238224,-1,-1,-1,-1,-1,0.1350172578619112,-1,0.0002164435248076393,-1,-1,0.5,-1,-1,-1,-1
2.7035835492550544,-1,-1,-1,-1,-1,0.13517917746275274,-1,0.00021631385635249194,-1,-1,0.5,-1,-1,-1,-1
2.7068258249172117,-1,-1,-1,-1,-1,0.13534129124586058,-1,0.00021618426558000248,-1,-1,0.5,-1,-1,-1,-1
2.710071988882163,-1,-1,-1,-1,-1,0.13550359944410814,-1,0.00021605475244363206,-1,-1,0.5,-1,-1,-1,-1
2.7133220458129603,-1,-1,-1,-1,-1,0.13566610229064802,-1,0.00021592531689686997,-1,-1,0.5,-1,-1,-1,-1
2.7165760003782475,-1,-1,-1,-1,-1,0.13582880001891237,-1,0.00021579595889323328,-1,-1,0.5,-1,-1,-1,-1
2.7198338572522682,-1,-1,-1,-1,-1,0.13599169286261342,-1,0.0002156666783862669,-1,-1,0.5,-1,-1,-1,-1
2.7230956211148682,-1,-1,-1,-1,-1,0.1361547810557434,-1,0.00021553747532954373,-1,-1,0.5,-1,-1,-1,-1
2.726361296651509,-1,-1,-1,-1,-1,0.13631806483257544,-1,0.00021540834967666427,-1,-1,0.5,-1,-1,-1,-1
2.7296308885532707,-1,-1,-1,-1,-1,0.13648154442766355,-1,0.00021527930138125686,-1,-1,0.5,-1,-1,-1,-1
2.7329044015168584,-1,-1,-1,-1,-1,0.13664522007584293,-1,0.0002151503303969777,-1,-1,0.5,-1,-1,-1,-1
2.736181840244611,-1,-1,-1,-1,-1,0.13680909201223054,-1,0.00021502143667751067,-1,-1,0.5,-1,-1,-1,-1
2.7394632094445033,-1,-1,-1,-1,-1,0.13697316047222516,-1,0.00021489262017656757,-1,-1,0.5,-1,-1,-1,-1
2.74274851383016,-1,-1,-1,-1,-1,0.137137425691508,-1,0.00021476388084788766,-1,-1,0.5,-1,-1,-1,-1
2.7460377581208566,-1,-1,-1,-1,-1,0.13730188790604284,-1,0.00021463521864523817,-1,-1,0.5,-1,-1,-1,-1
2.7493309470415292,-1,-1,-1,-1,-1,0.13746654735207647,-1,0.00021450663352241383,-1,-1,0.5,-1,-1,-1,-1
2.7526280853227814,-1,-1,-1,-1,-1,0.13763140426613907,-1,0.00021437812543323713,-1,-1,0.5,-1,-1,-1,-1
2.7559291777008847,-1,-1,-1,-1,-1,0.13779645888504424,-1,0.0002142496943315583,-1,-1,0.5,-1,-1,-1,-1
2.7592342289177965,-1,-1,-1,-1,-1,0.13796171144588984,-1,0.0002141213401712551,-1,-1,0.5,-1,-1,-1,-1
2.7625432437211583,-1,-1,-1,-1,-1,0.13812716218605792,-1,0.000213993062906233,-1,-1,0.5,-1,-1,-1,-1
2.7658562268643063,-1,-1,-1,-1,-1,0.13829281134321533,-1,0.000213864862490425,-1,-1,0.5,-1,-1,-1,-1
2.769173183106277,-1,-1,-1,-1,-1,0.13845865915531386,-1,0.00021373673887779178,-1,-1,0.5,-1,-1,-1,-1
2.772494117211812,-1,-1,-1,-1,-1,0.13862470586059059,-1,0.00021360869202232164,-1,-1,0.5,-1,-1,-1,-1
2.775819033951369,-1,-1,-1,-1,-1,0.13879095169756847,-1,0.00021348072187803028,-1,-1,0.5,-1,-1,-1,-1
2.779147938101127,-1,-1,-1,-1,-1,0.13895739690505635,-1,0.00021335282839896112,-1,-1,0.5,-1,-1,-1,-1
2.782480834442992,-1,-1,-1,-1,-1,0.13912404172214962,-1,0.00021322501153918496,-1,-1,0.5,-1,-1,-1,-1
2.785817727764607,-1,-1,-1,-1,-1,0.13929088638823037,-1,0.00021309727125280018,-1,-1,0.5,-1,-1,-1,-1
2.7891586228593512,-1,-1,-1,-1,-1,0.13945793114296756,-1,0.00021296960749393282,-1,-1,0.5,-1,-1,-1,-1
2.7925035245263565,-1,-1,-1,-1,-1,0.13962517622631784,-1,0.00021284202021673614,-1,-1,0.5,-1,-1,-1,-1
2.7958524375705105,-1,-1,-1,-1,-1,0.13979262187852554,-1,0.000212714509375391,-1,-1,0.5,-1,-1,-1,-1
2.7992053668024606,-1,-1,-1,-1,-1,0.13996026834012304,-1,0.00021258707492410577,-1,-1,0.5,-1,-1,-1,-1
2.802562317038627,-1,-1,-1,-1,-1,0.14012811585193136,-1,0.000212459716817116,-1,-1,0.5,-1,-1,-1,-1
2.8059232931012,-1,-1,-1,-1,-1,0.14029616465506,-1,0.00021233243500868494,-1,-1,0.5,-1,-1,-1,-1
2.8092882998181588,-1,-1,-1,-1,-1,0.14046441499090795,-1,0.00021220522945310317,-1,-1,0.5,-1,-1,-1,-1
2.812657342023269,-1,-1,-1,-1,-1,0.14063286710116346,-1,0.00021207810010468857,-1,-1,0.5,-1,-1,-1,-1
2.8160304245560956,-1,-1,-1,-1,-1,0.1408015212278048,-1,0.00021195104691778646,-1,-1,0.5,-1,-1,-1,-1
2.8194075522620072,-1,-1,-1,-1,-1,0.14097037761310036,-1,0.00021182406984676937,-1,-1,0.5,-1,-1,-1,-1
2.8227887299921792,-1,-1,-1,-1,-1,0.14113943649960897,-1,0.00021169716884603744,-1,-1,0.5,-1,-1,-1,-1
2.8261739626036095,-1,-1,-1,-1,-1,0.1413086981301805,-1,0.00021157034387001792,-1,-1,0.5,-1,-1,-1,-1
2.8295632549591194,-1,-1,-1,-1,-1,0.14147816274795597,-1,0.00021144359487316536,-1,-1,0.5,-1,-1,-1,-1
2.832956611927361,-1,-1,-1,-1,-1,0.14164783059636807,-1,0.00021131692180996164,-1,-1,0.5,-1,-1,-1,-1
2.836354038382826,-1,-1,-1,-1,-1,0.1418177019191413,-1,0.000211190324634916,-1,-1,0.5,-1,-1,-1,-1
2.8397555392058527,-1,-1,-1,-1,-1,0.14198777696029263,-1,0.00021106380330256473,-1,-1,0.5,-1,-1,-1,-1
2.843161119282629,-1,-1,-1,-1,-1,0.14215805596413145,-1,0.00021093735776747156,-1,-1,0.5,-1,-1,-1,-1
2.8465707835052054,-1,-1,-1,-1,-1,0.14232853917526028,-1,0.00021081098798422738,-1,-1,0.5,-1,-1,-1,-1
2.849984536771499,-1,-1,-1,-1,-1,0.14249922683857494,-1,0.00021068469390745018,-1,-1,0.5,-1,-1,-1,-1
2.853402383985299,-1,-1,-1,-1,-1,0.14267011919926495,-1,0.00021055847549178525,-1,-1,0.5,-1,-1,-1,-1
2.8568243300562797,-1,-1,-1,-1,-1,0.14284121650281398,-1,0.00021043233269190498,-1,-1,0.5,-1,-1,-1,-1
2.860250379899996,-1,-1,-1,-1,-1,0.1430125189949998,-1,0.000210306265462509,-1,-1,0.5,-1,-1,-1,-1
2.863680538437904,-1,-1,-1,-1,-1,0.14318402692189522,-1,0.00021018027375832406,-1,-1,0.5,-1,-1,-1,-1
2.8671148105973603,-1,-1,-1,-1,-1,0.14335574052986802,-1,0.00021005435753410393,-1,-1,0.5,-1,-1,-1,-1
2.8705532013116293,-1,-1,-1,-1,-1,0.14352766006558146,-1,0.00020992851674462966,-1,-1,0.5,-1,-1,-1,-1
2.873995715519895,-1,-1,-1,-1,-1,0.14369978577599476,-1,0.00020980275134470906,-1,-1,0.5,-1,-1,-1,-1
2.877442358167259,-1,-1,-1,-1,-1,0.14387211790836293,-1,0.00020967706128917756,-1,-1,0.5,-1,-1,-1,-1
2.880893134204758,-1,-1,-1,-1,-1,0.1440446567102379,-1,0.00020955144653289712,-1,-1,0.5,-1,-1,-1,-1
2.8843480485893647,-1,-1,-1,-1,-1,0.14421740242946823,-1,0.00020942590703075704,-1,-1,0.5,-1,-1,-1,-1
2.8878071062839967,-1,-1,-1,-1,-1,0.14439035531419983,-1,0.00020930044273767355,-1,-1,0.5,-1,-1,-1,-1
2.8912703122575247,-1,-1,-1,-1,-1,0.14456351561287625,-1,0.00020917505360858985,-1,-1,0.5,-1,-1,-1,-1
2.8947376714847746,-1,-1,-1,-1,-1,0.14473688357423872,-1,0.0002090497395984762,-1,-1,0.5,-1,-1,-1,-1
2.898209188946541,-1,-1,-1,-1,-1,0.14491045944732706,-1,0.0002089245006623299,-1,-1,0.5,-1,-1,-1,-1
2.9016848696295927,-1,-1,-1,-1,-1,0.14508424348147964,-1,0.00020879933675517503,-1,-1,0.5,-1,-1,-1,-1
2.9051647185266765,-1,-1,-1,-1,-1,0.14525823592633383,-1,0.00020867424783206273,-1,-1,0.5,-1,-1,-1,-1
2.90864874063653,-1,-1,-1,-1,-1,0.14543243703182648,-1,0.00020854923384807102,-1,-1,0.5,-1,-1,-1,-1
2.91213694096388,-1,-1,-1,-1,-1,0.14560684704819402,-1,0.00020842429475830494,-1,-1,0.5,-1,-1,-1,-1
2.91562932451946,-1,-1,-1,-1,-1,0.14578146622597302,-1,0.00020829943051789635,-1,-1,0.5,-1,-1,-1,-1
2.9191258963200117,-1,-1,-1,-1,-1,0.1459562948160006,-1,0.00020817464108200393,-1,-1,0.5,-1,-1,-1,-1
2.9226266613882927,-1,-1,-1,-1,-1,0.14613133306941464,-1,0.00020804992640581334,-1,-1,0.5,-1,-1,-1,-1
2.926131624753085,-1,-1,-1,-1,-1,0.14630658123765425,-1,0.0002079252864445369,-1,-1,0.5,-1,-1,-1,-1
2.929640791449198,-1,-1,-1,-1,-1,0.14648203957245992,-1,0.0002078007211534141,-1,-1,0.5,-1,-1,-1,-1
2.9331541665174834,-1,-1,-1,-1,-1,0.1466577083258742,-1,0.0002076762304877109,-1,-1,0.5,-1,-1,-1,-1
2.9366717550048356,-1,-1,-1,-1,-1,0.14683358775024177,-1,0.0002075518144027202,-1,-1,0.5,-1,-1,-1,-1
2.940193561964202,-1,-1,-1,-1,-1,0.1470096780982101,-1,0.00020742747285376175,-1,-1,0.5,-1,-1,-1,-1
2.9437195924545927,-1,-1,-1,-1,-1,0.14718597962272964,-1,0.00020730320579618187,-1,-1,0.5,-1,-1,-1,-1
2.9472498515410783,-1,-1,-1,-1,-1,0.14736249257705392,-1,0.00020717901318535392,-1,-1,0.5,-1,-1,-1,-1
2.9507843442948087,-1,-1,-1,-1,-1,0.14753921721474045,-1,0.00020705489497667778,-1,-1,0.5,-1,-1,-1,-1
2.954323075793015,-1,-1,-1,-1,-1,0.14771615378965075,-1,0.0002069308511255801,-1,-1,0.5,-1,-1,-1,-1
2.9578660511190162,-1,-1,-1,-1,-1,0.14789330255595082,-1,0.00020680688158751412,-1,-1,0.5,-1,-1,-1,-1
2.9614132753622284,-1,-1,-1,-1,-1,0.14807066376811143,-1,0.00020668298631796003,-1,-1,0.5,-1,-1,-1,-1
2.9649647536181685,-1,-1,-1,-1,-1,0.14824823768090842,-1,0.0002065591652724245,-1,-1,0.5,-1,-1,-1,-1
2.9685204909884666,-1,-1,-1,-1,-1,0.14842602454942333,-1,0.00020643541840644093,-1,-1,0.5,-1,-1,-1,-1
2.972080492580871,-1,-1,-1,-1,-1,0.14860402462904354,-1,0.00020631174567556932,-1,-1,0.5,-1,-1,-1,-1
2.975644763509255,-1,-1,-1,-1,-1,0.14878223817546274,-1,0.00020618814703539628,-1,-1,0.5,-1,-1,-1,-1
2.979213308893626,-1,-1,-1,-1,-1,0.1489606654446813,-1,0.000206064622441535,-1,-1,0.5,-1,-1,-1,-1
2.982786133860127,-1,-1,-1,-1,-1,0.14913930669300635,-1,0.0002059411718496254,-1,-1,0.5,-1,-1,-1,-1
2.9863632435410534,-1,-1,-1,-1,-1,0.14931816217705268,-1,0.0002058177952153339,-1,-1,0.5,-1,-1,-1,-1
2.989944643074854,-1,-1,-1,-1,-1,0.14949723215374272,-1,0.00020569449249435343,-1,-1,0.5,-1,-1,-1,-1
2.99353033760614,-1,-1,-1,-1,-1,0.149676516880307,-1,0.0002055712636424035,-1,-1,0.5,-1,-1,-1,-1
2.9971203322856916,-1,-1,-1,-1,-1,0.14985601661428458,-1,0.00020544810861523015,-1,-1,0.5,-1,-1,-1,-1
3.0007146322704688,-1,-1,-1,-1,-1,0.15003573161352346,-1,0.00020532502736860588,-1,-1,0.5,-1,-1,-1,-1
3.0043132427236094,-1,-1,-1,-1,-1,0.15021566213618048,-1,0.00020520201985832988,-1,-1,0.5,-1,-1,-1,-1
3.0079161688144502,-1,-1,-1,-1,-1,0.15039580844072253,-1,0.00020507908604022753,-1,-1,0.5,-1,-1,-1,-1
3.0115234157185244,-1,-1,-1,-1,-1,0.15057617078592622,-1,0.0002049562258701509,-1,-1,0.5,-1,-1,-1,-1
3.015134988617572,-1,-1,-1,-1,-1,0.1507567494308786,-1,0.00020483343930397844,-1,-1,0.5,-1,-1,-1,-1
3.0187508926995488,-1,-1,-1,-1,-1,0.15093754463497744,-1,0.00020471072629761492,-1,-1,0.5,-1,-1,-1,-1
3.0223711331586283,-1,-1,-1,-1,-1,0.15111855665793142,-1,0.0002045880868069918,-1,-1,0.5,-1,-1,-1,-1
3.025995715195217,-1,-1,-1,-1,-1,0.15129978575976086,-1,0.0002044655207880667,-1,-1,0.5,-1,-1,-1,-1
3.029624644015956,-1,-1,-1,-1,-1,0.15148123220079782,-1,0.0002043430281968236,-1,-1,0.5,-1,-1,-1,-1
3.0332579248337326,-1,-1,-1,-1,-1,0.15166289624168663,-1,0.0002042206089892731,-1,-1,0.5,-1,-1,-1,-1
3.036895562867685,-1,-1,-1,-1,-1,0.15184477814338426,-1,0.0002040982631214518,-1,-1,0.5,-1,-1,-1,-1
3.0405375633432064,-1,-1,-1,-1,-1,0.15202687816716032,-1,0.00020397599054942307,-1,-1,0.5,-1,-1,-1,-1
3.044183931491961,-1,-1,-1,-1,-1,0.15220919657459808,-1,0.00020385379122927623,-1,-1,0.5,-1,-1,-1,-1
3.0478346725518874,-1,-1,-1,-1,-1,0.1523917336275944,-1,0.00020373166511712714,-1,-1,0.5,-1,-1,-1,-1
3.051489791767203,-1,-1,-1,-1,-1,0.15257448958836017,-1,0.00020360961216911772,-1,-1,0.5,-1,-1,-1,-1
3.0551492943884178,-1,-1,-1,-1,-1,0.1527574647194209,-1,0.00020348763234141634,-1,-1,0.5,-1,-1,-1,-1
3.058813185672333,-1,-1,-1,-1,-1,0.15294065928361666,-1,0.00020336572559021766,-1,-1,0.5,-1,-1,-1,-1
3.0624814708820587,-1,-1,-1,-1,-1,0.15312407354410296,-1,0.00020324389187174256,-1,-1,0.5,-1,-1,-1,-1
3.0661541552870157,-1,-1,-1,-1,-1,0.1533077077643508,-1,0.00020312213114223794,-1,-1,0.5,-1,-1,-1,-1
3.0698312441629443,-1,-1,-1,-1,-1,0.15349156220814722,-1,0.00020300044335797718,-1,-1,0.5,-1,-1,-1,-1
3.073512742791912,-1,-1,-1,-1,-1,0.15367563713959562,-1,0.00020287882847525965,-1,-1,0.5,-1,-1,-1,-1
3.077198656462318,-1,-1,-1,-1,-1,0.1538599328231159,-1,0.00020275728645041113,-1,-1,0.5,-1,-1,-1,-1
3.0808889904689067,-1,-1,-1,-1,-1,0.15404444952344534,-1,0.00020263581723978336,-1,-1,0.5,-1,-1,-1,-1
3.0845837501127717,-1,-1,-1,-1,-1,0.1542291875056386,-1,0.0002025144207997543,-1,-1,0.5,-1,-1,-1,-1
3.088282940701364,-1,-1,-1,-1,-1,0.1544141470350682,-1,0.00020239309708672805,-1,-1,0.5,-1,-1,-1,-1
3.091986567548499,-1,-1,-1,-1,-1,0.15459932837742496,-1,0.00020227184605713482,-1,-1,0.5,-1,-1,-1,-1
3.095694635974364,-1,-1,-1,-1,-1,0.1547847317987182,-1,0.00020215066766743098,-1,-1,0.5,-1,-1,-1,-1
3.0994071513055266,-1,-1,-1,-1,-1,0.15497035756527633,-1,0.00020202956187409892,-1,-1,0.5,-1,-1,-1,-1
3.1031241188749448,-1,-1,-1,-1,-1,0.15515620594374724,-1,0.00020190852863364702,-1,-1,0.5,-1,-1,-1,-1
3.10684554402197,-1,-1,-1,-1,-1,0.1553422772010985,-1,0.0002017875679026099,-1,-1,0.5,-1,-1,-1,-1
3.110571432092358,-1,-1,-1,-1,-1,0.15552857160461792,-1,0.0002016666796375481,-1,-1,0.5,-1,-1,-1,-1
3.114301788438273,-1,-1,-1,-1,-1,0.15571508942191367,-1,0.00020154586379504818,-1,-1,0.5,-1,-1,-1,-1
3.1180366184183,-1,-1,-1,-1,-1,0.15590183092091503,-1,0.0002014251203317228,-1,-1,0.5,-1,-1,-1,-1
3.12177592739745,-1,-1,-1,-1,-1,0.1560887963698725,-1,0.00020130444920421058,-1,-1,0.5,-1,-1,-1,-1
3.1255197207471683,-1,-1,-1,-1,-1,0.15627598603735843,-1,0.00020118385036917602,-1,-1,0.5,-1,-1,-1,-1
3.1292680038453424,-1,-1,-1,-1,-1,0.15646340019226712,-1,0.0002010633237833096,-1,-1,0.5,-1,-1,-1,-1
3.1330207820763056,-1,-1,-1,-1,-1,0.15665103910381528,-1,0.00020094286940332788,-1,-1,0.5,-1,-1,-1,-1
3.1367780608308524,-1,-1,-1,-1,-1,0.15683890304154263,-1,0.00020082248718597334,-1,-1,0.5,-1,-1,-1,-1
3.140539845506241,-1,-1,-1,-1,-1,0.15702699227531206,-1,0.00020070217708801412,-1,-1,0.5,-1,-1,-1,-1
3.1443061415062017,-1,-1,-1,-1,-1,0.1572153070753101,-1,0.0002005819390662446,-1,-1,0.5,-1,-1,-1,-1
3.148076954240948,-1,-1,-1,-1,-1,0.1574038477120474,-1,0.00020046177307748474,-1,-1,0.5,-1,-1,-1,-1
3.1518522891271754,-1,-1,-1,-1,-1,0.15759261445635878,-1,0.0002003416790785807,-1,-1,0.5,-1,-1,-1,-1
3.155632151588081,-1,-1,-1,-1,-1,0.15778160757940407,-1,0.0002002216570264042,-1,-1,0.5,-1,-1,-1,-1
3.1594165470533637,-1,-1,-1,-1,-1,0.1579708273526682,-1,0.00020010170687785294,-1,-1,0.5,-1,-1,-1,-1
3.1632054809592347,-1,-1,-1,-1,-1,0.15816027404796174,-1,0.0001999818285898504,-1,-1,0.5,-1,-1,-1,-1
3.1669989587484237,-1,-1,-1,-1,-1,0.1583499479374212,-1,0.0001998620221193458,-1,-1,0.5,-1,-1,-1,-1
3.1707969858701897,-1,-1,-1,-1,-1,0.1585398492935095,-1,0.00019974228742331427,-1,-1,0.5,-1,-1,-1,-1
3.1745995677803216,-1,-1,-1,-1,-1,0.1587299783890161,-1,0.00019962262445875672,-1,-1,0.5,-1,-1,-1,-1
3.178406709941157,-1,-1,-1,-1,-1,0.15892033549705786,-1,0.00019950303318269977,-1,-1,0.5,-1,-1,-1,-1
3.18221841782158,-1,-1,-1,-1,-1,0.15911092089107903,-1,0.0001993835135521958,-1,-1,0.5,-1,-1,-1,-1
3.1860346968970368,-1,-1,-1,-1,-1,0.15930173484485186,-1,0.0001992640655243228,-1,-1,0.5,-1,-1,-1,-1
3.189855552649539,-1,-1,-1,-1,-1,0.15949277763247696,-1,0.0001991446890561847,-1,-1,0.5,-1,-1,-1,-1
3.193680990567669,-1,-1,-1,-1,-1,0.15968404952838344,-1,0.0001990253841049109,-1,-1,0.5,-1,-1,-1,-1
3.197511016146595,-1,-1,-1,-1,-1,0.15987555080732976,-1,0.0001989061506276567,-1,-1,0.5,-1,-1,-1,-1
3.2013456348880753,-1,-1,-1,-1,-1,0.16006728174440377,-1,0.00019878698858160287,-1,-1,0.5,-1,-1,-1,-1
3.205184852300465,-1,-1,-1,-1,-1,0.16025924261502325,-1,0.00019866789792395603,-1,-1,0.5,-1,-1,-1,-1
3.209028673898727,-1,-1,-1,-1,-1,0.16045143369493636,-1,0.0001985488786119481,-1,-1,0.5,-1,-1,-1,-1
3.2128771052044334,-1,-1,-1,-1,-1,0.16064385526022168,-1,0.00019842993060283713,-1,-1,0.5,-1,-1,-1,-1
3.2167301517457827,-1,-1,-1,-1,-1,0.16083650758728915,-1,0.0001983110538539064,-1,-1,0.5,-1,-1,-1,-1
3.2205878190576014,-1,-1,-1,-1,-1,0.16102939095288007,-1,0.00019819224832246478,-1,-1,0.5,-1,-1,-1,-1
3.224450112681354,-1,-1,-1,-1,-1,0.1612225056340677,-1,0.00019807351396584693,-1,-1,0.5,-1,-1,-1,-1
3.2283170381651516,-1,-1,-1,-1,-1,0.16141585190825758,-1,0.00019795485074141289,-1,-1,0.5,-1,-1,-1,-1
3.232188601063755,-1,-1,-1,-1,-1,0.16160943005318776,-1,0.00019783625860654832,-1,-1,0.5,-1,-1,-1,-1
3.23606480693859,-1,-1,-1,-1,-1,0.1618032403469295,-1,0.00019771773751866442,-1,-1,0.5,-1,-1,-1,-1
3.239945661357752,-1,-1,-1,-1,-1,0.16199728306788763,-1,0.00019759928743519792,-1,-1,0.5,-1,-1,-1,-1
3.2438311698960125,-1,-1,-1,-1,-1,0.16219155849480063,-1,0.0001974809083136109,-1,-1,0.5,-1,-1,-1,-1
3.2477213381348315,-1,-1,-1,-1,-1,0.1623860669067416,-1,0.00019736260011139105,-1,-1,0.5,-1,-1,-1,-1
3.251616171662356,-1,-1,-1,-1,-1,0.16258080858311783,-1,0.00019724436278605167,-1,-1,0.5,-1,-1,-1,-1
3.255515676073441,-1,-1,-1,-1,-1,0.16277578380367208,-1,0.0001971261962951312,-1,-1,0.5,-1,-1,-1,-1
3.259419856969649,-1,-1,-1,-1,-1,0.16297099284848246,-1,0.00019700810059619374,-1,-1,0.5,-1,-1,-1,-1
3.26332871995926,-1,-1,-1,-1,-1,0.16316643599796302,-1,0.00019689007564682872,-1,-1,0.5,-1,-1,-1,-1
3.2672422706572815,-1,-1,-1,-1,-1,0.1633621135328641,-1,0.00019677212140465096,-1,-1,0.5,-1,-1,-1,-1
3.27116051468545,-1,-1,-1,-1,-1,0.1635580257342725,-1,0.0001966542378273009,-1,-1,0.5,-1,-1,-1,-1
3.2750834576722485,-1,-1,-1,-1,-1,0.16375417288361244,-1,0.000196536424872444,-1,-1,0.5,-1,-1,-1,-1
3.2790111052529083,-1,-1,-1,-1,-1,0.16395055526264543,-1,0.0001964186824977713,-1,-1,0.5,-1,-1,-1,-1
3.2829434630694196,-1,-1,-1,-1,-1,0.164147173153471,-1,0.00019630101066099923,-1,-1,0.5,-1,-1,-1,-1
3.286880536770539,-1,-1,-1,-1,-1,0.16434402683852697,-1,0.0001961834093198693,-1,-1,0.5,-1,-1,-1,-1
3.2908223320117944,-1,-1,-1,-1,-1,0.16454111660058973,-1,0.00019606587843214862,-1,-1,0.5,-1,-1,-1,-1
3.2947688544554987,-1,-1,-1,-1,-1,0.16473844272277494,-1,0.00019594841795562946,-1,-1,0.5,-1,-1,-1,-1
3.298720109770755,-1,-1,-1,-1,-1,0.16493600548853776,-1,0.00019583102784812947,-1,-1,0.5,-1,-1,-1,-1
3.3026761036334653,-1,-1,-1,-1,-1,0.16513380518167328,-1,0.00019571370806749136,-1,-1,0.5,-1,-1,-1,-1
3.30663684172634,-1,-1,-1,-1,-1,0.16533184208631702,-1,0.00019559645857158327,-1,-1,0.5,-1,-1,-1,-1
3.3106023297388982,-1,-1,-1,-1,-1,0.16553011648694493,-1,0.00019547927931829864,-1,-1,0.5,-1,-1,-1,-1
3.314572573367489,-1,-1,-1,-1,-1,0.16572862866837446,-1,0.000195362170265556,-1,-1,0.5,-1,-1,-1,-1
3.3185475783152905,-1,-1,-1,-1,-1,0.16592737891576453,-1,0.0001952451313712991,-1,-1,0.5,-1,-1,-1,-1
3.322527350292319,-1,-1,-1,-1,-1,0.16612636751461596,-1,0.00019512816259349694,-1,-1,0.5,-1,-1,-1,-1
3.326511895015443,-1,-1,-1,-1,-1,0.16632559475077216,-1,0.00019501126389014363,-1,-1,0.5,-1,-1,-1,-1
3.3305012182083793,-1,-1,-1,-1,-1,0.16652506091041896,-1,0.0001948944352192586,-1,-1,0.5,-1,-1,-1,-1
3.3344953256017154,-1,-1,-1,-1,-1,0.16672476628008578,-1,0.00019477767653888628,-1,-1,0.5,-1,-1,-1,-1
3.3384942229329093,-1,-1,-1,-1,-1,0.16692471114664548,-1,0.00019466098780709617,-1,-1,0.5,-1,-1,-1,-1
3.3424979159462986,-1,-1,-1,-1,-1,0.16712489579731493,-1,0.0001945443689819832,-1,-1,0.5,-1,-1,-1,-1
3.346506410393113,-1,-1,-1,-1,-1,0.16732532051965565,-1,0.000194427820021667,-1,-1,0.5,-1,-1,-1,-1
3.3505197120314736,-1,-1,-1,-1,-1,0.1675259856015737,-1,0.00019431134088429265,-1,-1,0.5,-1,-1,-1,-1
3.3545378266264123,-1,-1,-1,-1,-1,0.16772689133132063,-1,0.00019419493152803008,-1,-1,0.5,-1,-1,-1,-1
3.358560759949872,-1,-1,-1,-1,-1,0.16792803799749362,-1,0.00019407859191107436,-1,-1,0.5,-1,-1,-1,-1
3.362588517780719,-1,-1,-1,-1,-1,0.16812942588903595,-1,0.00019396232199164556,-1,-1,0.5,-1,-1,-1,-1
3.3666211059047493,-1,-1,-1,-1,-1,0.16833105529523748,-1,0.00019384612172798884,-1,-1,0.5,-1,-1,-1,-1
3.370658530114699,-1,-1,-1,-1,-1,0.16853292650573495,-1,0.00019372999107837436,-1,-1,0.5,-1,-1,-1,-1
3.374700796210246,-1,-1,-1,-1,-1,0.1687350398105123,-1,0.00019361393000109727,-1,-1,0.5,-1,-1,-1,-1
3.3787479099980295,-1,-1,-1,-1,-1,0.1689373954999015,-1,0.00019349793845447767,-1,-1,0.5,-1,-1,-1,-1
3.3827998772916494,-1,-1,-1,-1,-1,0.16913999386458248,-1,0.00019338201639686073,-1,-1,0.5,-1,-1,-1,-1
3.3868567039116786,-1,-1,-1,-1,-1,0.16934283519558394,-1,0.00019326616378661642,-1,-1,0.5,-1,-1,-1,-1
3.390918395685671,-1,-1,-1,-1,-1,0.16954591978428357,-1,0.00019315038058213976,-1,-1,0.5,-1,-1,-1,-1
3.3949849584481653,-1,-1,-1,-1,-1,0.16974924792240828,-1,0.00019303466674185066,-1,-1,0.5,-1,-1,-1,-1
3.399056398040701,-1,-1,-1,-1,-1,0.16995281990203506,-1,0.000192919022224194,-1,-1,0.5,-1,-1,-1,-1
3.403132720311823,-1,-1,-1,-1,-1,0.17015663601559117,-1,0.00019280344698763955,-1,-1,0.5,-1,-1,-1,-1
3.407213931117088,-1,-1,-1,-1,-1,0.1703606965558544,-1,0.0001926879409906818,-1,-1,0.5,-1,-1,-1,-1
3.411300036319079,-1,-1,-1,-1,-1,0.17056500181595396,-1,0.00019257250419184023,-1,-1,0.5,-1,-1,-1,-1
3.415391041787403,-1,-1,-1,-1,-1,0.17076955208937017,-1,0.00019245713654965924,-1,-1,0.5,-1,-1,-1,-1
3.419486953398711,-1,-1,-1,-1,-1,0.17097434766993558,-1,0.000192341838022708,-1,-1,0.5,-1,-1,-1,-1
3.423587777036702,-1,-1,-1,-1,-1,0.17117938885183512,-1,0.00019222660856958043,-1,-1,0.5,-1,-1,-1,-1
3.427693518592129,-1,-1,-1,-1,-1,0.17138467592960646,-1,0.0001921114481488953,-1,-1,0.5,-1,-1,-1,-1
3.4318041839628113,-1,-1,-1,-1,-1,0.17159020919814058,-1,0.00019199635671929624,-1,-1,0.5,-1,-1,-1,-1
3.435919779053637,-1,-1,-1,-1,-1,0.17179598895268186,-1,0.00019188133423945157,-1,-1,0.5,-1,-1,-1,-1
3.44004030977658,-1,-1,-1,-1,-1,0.172002015488829,-1,0.00019176638066805443,-1,-1,0.5,-1,-1,-1,-1
3.4441657820507037,-1,-1,-1,-1,-1,0.1722082891025352,-1,0.00019165149596382265,-1,-1,0.5,-1,-1,-1,-1
3.448296201802168,-1,-1,-1,-1,-1,0.1724148100901084,-1,0.0001915366800854988,-1,-1,0.5,-1,-1,-1,-1
3.4524315749642427,-1,-1,-1,-1,-1,0.17262157874821216,-1,0.00019142193299185028,-1,-1,0.5,-1,-1,-1,-1
3.4565719074773082,-1,-1,-1,-1,-1,0.1728285953738654,-1,0.000191307254641669,-1,-1,0.5,-1,-1,-1,-1
3.460717205288873,-1,-1,-1,-1,-1,0.17303586026444365,-1,0.0001911926449937717,-1,-1,0.5,-1,-1,-1,-1
3.4648674743535772,-1,-1,-1,-1,-1,0.17324337371767887,-1,0.0001910781040069998,-1,-1,0.5,-1,-1,-1,-1
3.4690227206332014,-1,-1,-1,-1,-1,0.17345113603166007,-1,0.00019096363164021926,-1,-1,0.5,-1,-1,-1,-1
3.473182950096679,-1,-1,-1,-1,-1,0.17365914750483397,-1,0.00019084922785232069,-1,-1,0.5,-1,-1,-1,-1
3.4773481687200944,-1,-1,-1,-1,-1,0.17386740843600473,-1,0.00019073489260221953,-1,-1,0.5,-1,-1,-1,-1
3.481518382486706,-1,-1,-1,-1,-1,0.17407591912433532,-1,0.0001906206258488556,-1,-1,0.5,-1,-1,-1,-1
3.4856935973869443,-1,-1,-1,-1,-1,0.17428467986934723,-1,0.0001905064275511935,-1,-1,0.5,-1,-1,-1,-1
3.489873819418425,-1,-1,-1,-1,-1,0.17449369097092127,-1,0.00019039229766822219,-1,-1,0.5,-1,-1,-1,-1
3.494059054585957,-1,-1,-1,-1,-1,0.17470295272929787,-1,0.0001902782361589554,-1,-1,0.5,-1,-1,-1,-1
3.498249308901547,-1,-1,-1,-1,-1,0.17491246544507735,-1,0.0001901642429824314,-1,-1,0.5,-1,-1,-1,-1
3.502444588384415,-1,-1,-1,-1,-1,0.17512222941922076,-1,0.0001900503180977129,-1,-1,0.5,-1,-1,-1,-1
3.506644899060999,-1,-1,-1,-1,-1,0.17533224495304997,-1,0.00018993646146388713,-1,-1,0.5,-1,-1,-1,-1
3.5108502469649636,-1,-1,-1,-1,-1,0.1755425123482482,-1,0.00018982267304006595,-1,-1,0.5,-1,-1,-1,-1
3.515060638137211,-1,-1,-1,-1,-1,0.17575303190686056,-1,0.00018970895278538558,-1,-1,0.5,-1,-1,-1,-1
3.5192760786258837,-1,-1,-1,-1,-1,0.17596380393129418,-1,0.00018959530065900692,-1,-1,0.5,-1,-1,-1,-1
3.523496574486381,-1,-1,-1,-1,-1,0.17617482872431905,-1,0.00018948171662011513,-1,-1,0.5,-1,-1,-1,-1
3.5277221317813643,-1,-1,-1,-1,-1,0.17638610658906823,-1,0.0001893682006279198,-1,-1,0.5,-1,-1,-1,-1
3.531952756580764,-1,-1,-1,-1,-1,0.1765976378290382,-1,0.00018925475264165522,-1,-1,0.5,-1,-1,-1,-1
3.5361884549617923,-1,-1,-1,-1,-1,0.17680942274808964,-1,0.0001891413726205798,-1,-1,0.5,-1,-1,-1,-1
3.5404292330089446,-1,-1,-1,-1,-1,0.17702146165044724,-1,0.0001890280605239766,-1,-1,0.5,-1,-1,-1,-1
3.5446750968140184,-1,-1,-1,-1,-1,0.17723375484070092,-1,0.0001889148163111529,-1,-1,0.5,-1,-1,-1,-1
3.548926052476114,-1,-1,-1,-1,-1,0.1774463026238057,-1,0.0001888016399414404,-1,-1,0.5,-1,-1,-1,-1
3.553182106101647,-1,-1,-1,-1,-1,0.17765910530508236,-1,0.00018868853137419533,-1,-1,0.5,-1,-1,-1,-1
3.557443263804356,-1,-1,-1,-1,-1,0.1778721631902178,-1,0.00018857549056879798,-1,-1,0.5,-1,-1,-1,-1
3.561709531705313,-1,-1,-1,-1,-1,0.17808547658526566,-1,0.00018846251748465308,-1,-1,0.5,-1,-1,-1,-1
3.5659809159329257,-1,-1,-1,-1,-1,0.1782990457966463,-1,0.0001883496120811899,-1,-1,0.5,-1,-1,-1,-1
3.570257422622956,-1,-1,-1,-1,-1,0.1785128711311478,-1,0.00018823677431786177,-1,-1,0.5,-1,-1,-1,-1
3.5745390579185234,-1,-1,-1,-1,-1,0.1787269528959262,-1,0.00018812400415414634,-1,-1,0.5,-1,-1,-1,-1
3.578825827970114,-1,-1,-1,-1,-1,0.1789412913985057,-1,0.00018801130154954564,-1,-1,0.5,-1,-1,-1,-1
3.583117738935591,-1,-1,-1,-1,-1,0.17915588694677956,-1,0.00018789866646358577,-1,-1,0.5,-1,-1,-1,-1
3.587414796980198,-1,-1,-1,-1,-1,0.17937073984900992,-1,0.00018778609885581734,-1,-1,0.5,-1,-1,-1,-1
3.5917170082765777,-1,-1,-1,-1,-1,0.1795858504138289,-1,0.000187673598685815,-1,-1,0.5,-1,-1,-1,-1
3.596024379004773,-1,-1,-1,-1,-1,0.17980121895023865,-1,0.00018756116591317766,-1,-1,0.5,-1,-1,-1,-1
3.6003369153522375,-1,-1,-1,-1,-1,0.1800168457676119,-1,0.0001874488004975285,-1,-1,0.5,-1,-1,-1,-1
3.604654623513849,-1,-1,-1,-1,-1,0.18023273117569247,-1,0.0001873365023985148,-1,-1,0.5,-1,-1,-1,-1
3.6089775096919077,-1,-1,-1,-1,-1,0.1804488754845954,-1,0.00018722427157580803,-1,-1,0.5,-1,-1,-1,-1
3.613305580096157,-1,-1,-1,-1,-1,0.18066527900480786,-1,0.0001871121079891039,-1,-1,0.5,-1,-1,-1,-1
3.6176388409437865,-1,-1,-1,-1,-1,0.18088194204718933,-1,0.00018700001159812225,-1,-1,0.5,-1,-1,-1,-1
3.621977298459441,-1,-1,-1,-1,-1,0.18109886492297206,-1,0.00018688798236260687,-1,-1,0.5,-1,-1,-1,-1
3.626320958875233,-1,-1,-1,-1,-1,0.18131604794376166,-1,0.00018677602024232584,-1,-1,0.5,-1,-1,-1,-1
3.6306698284307424,-1,-1,-1,-1,-1,0.18153349142153713,-1,0.00018666412519707147,-1,-1,0.5,-1,-1,-1,-1
3.6350239133730375,-1,-1,-1,-1,-1,0.1817511956686519,-1,0.0001865522971866598,-1,-1,0.5,-1,-1,-1,-1
3.639383219956678,-1,-1,-1,-1,-1,0.1819691609978339,-1,0.00018644053617093129,-1,-1,0.5,-1,-1,-1,-1
3.6437477544437216,-1,-1,-1,-1,-1,0.1821873877221861,-1,0.0001863288421097502,-1,-1,0.5,-1,-1,-1,-1
3.6481175231037404,-1,-1,-1,-1,-1,0.18240587615518702,-1,0.00018621721496300494,-1,-1,0.5,-1,-1,-1,-1
3.6524925322138184,-1,-1,-1,-1,-1,0.18262462661069093,-1,0.00018610565469060812,-1,-1,0.5,-1,-1,-1,-1
3.6568727880585734,-1,-1,-1,-1,-1,0.1828436394029287,-1,0.00018599416125249604,-1,-1,0.5,-1,-1,-1,-1
3.6612582969301575,-1,-1,-1,-1,-1,0.18306291484650788,-1,0.0001858827346086292,-1,-1,0.5,-1,-1,-1,-1
3.665649065128269,-1,-1,-1,-1,-1,0.18328245325641346,-1,0.00018577137471899208,-1,-1,0.5,-1,-1,-1,-1
3.6700450989601636,-1,-1,-1,-1,-1,0.1835022549480082,-1,0.000185660081543593,-1,-1,0.5,-1,-1,-1,-1
3.674446404740655,-1,-1,-1,-1,-1,0.18372232023703275,-1,0.00018554885504246452,-1,-1,0.5,-1,-1,-1,-1
3.678852988792135,-1,-1,-1,-1,-1,0.18394264943960675,-1,0.00018543769517566288,-1,-1,0.5,-1,-1,-1,-1
3.6832648574445765,-1,-1,-1,-1,-1,0.18416324287222885,-1,0.00018532660190326826,-1,-1,0.5,-1,-1,-1,-1
3.687682017035543,-1,-1,-1,-1,-1,0.18438410085177714,-1,0.00018521557518538497,-1,-1,0.5,-1,-1,-1,-1
3.6921044739102,-1,-1,-1,-1,-1,0.18460522369551002,-1,0.00018510461498214093,-1,-1,0.5,-1,-1,-1,-1
3.6965322344213183,-1,-1,-1,-1,-1,0.18482661172106593,-1,0.00018499372125368825,-1,-1,0.5,-1,-1,-1,-1
3.700965304929291,-1,-1,-1,-1,-1,0.18504826524646456,-1,0.00018488289396020267,-1,-1,0.5,-1,-1,-1,-1
3.7054036918021387,-1,-1,-1,-1,-1,0.18527018459010694,-1,0.00018477213306188392,-1,-1,0.5,-1,-1,-1,-1
3.709847401415517,-1,-1,-1,-1,-1,0.18549237007077587,-1,0.0001846614385189555,-1,-1,0.5,-1,-1,-1,-1
3.7142964401527316,-1,-1,-1,-1,-1,0.1857148220076366,-1,0.0001845508102916647,-1,-1,0.5,-1,-1,-1,-1
3.7187508144047356,-1,-1,-1,-1,-1,0.1859375407202368,-1,0.00018444024834028292,-1,-1,0.5,-1,-1,-1,-1
3.723210530570154,-1,-1,-1,-1,-1,0.1861605265285077,-1,0.0001843297526251049,-1,-1,0.5,-1,-1,-1,-1
3.7276755950552816,-1,-1,-1,-1,-1,0.1863837797527641,-1,0.00018421932310644956,-1,-1,0.5,-1,-1,-1,-1
3.7321460142740976,-1,-1,-1,-1,-1,0.1866073007137049,-1,0.00018410895974465936,-1,-1,0.5,-1,-1,-1,-1
3.7366217946482743,-1,-1,-1,-1,-1,0.18683108973241372,-1,0.0001839986625001006,-1,-1,0.5,-1,-1,-1,-1
3.741102942607179,-1,-1,-1,-1,-1,0.18705514713035898,-1,0.0001838884313331634,-1,-1,0.5,-1,-1,-1,-1
3.745589464587897,-1,-1,-1,-1,-1,0.18727947322939487,-1,0.00018377826620426146,-1,-1,0.5,-1,-1,-1,-1
3.7500813670352287,-1,-1,-1,-1,-1,0.18750406835176145,-1,0.00018366816707383226,-1,-1,0.5,-1,-1,-1,-1
3.754578656401706,-1,-1,-1,-1,-1,0.1877289328200853,-1,0.00018355813390233703,-1,-1,0.5,-1,-1,-1,-1
3.759081339147597,-1,-1,-1,-1,-1,0.18795406695737985,-1,0.00018344816665026063,-1,-1,0.5,-1,-1,-1,-1
3.7635894217409205,-1,-1,-1,-1,-1,0.18817947108704602,-1,0.00018333826527811156,-1,-1,0.5,-1,-1,-1,-1
3.7681029106574453,-1,-1,-1,-1,-1,0.18840514553287227,-1,0.00018322842974642206,-1,-1,0.5,-1,-1,-1,-1
3.7726218123807134,-1,-1,-1,-1,-1,0.18863109061903569,-1,0.00018311866001574802,-1,-1,0.5,-1,-1,-1,-1
3.777146133402039,-1,-1,-1,-1,-1,0.18885730667010195,-1,0.00018300895604666888,-1,-1,0.5,-1,-1,-1,-1
3.7816758802205217,-1,-1,-1,-1,-1,0.1890837940110261,-1,0.00018289931779978772,-1,-1,0.5,-1,-1,-1,-1
3.7862110593430565,-1,-1,-1,-1,-1,0.18931055296715282,-1,0.00018278974523573124,-1,-1,0.5,-1,-1,-1,-1
3.790751677284337,-1,-1,-1,-1,-1,0.18953758386421685,-1,0.0001826802383151498,-1,-1,0.5,-1,-1,-1,-1
3.795297740566874,-1,-1,-1,-1,-1,0.1897648870283437,-1,0.0001825707969987172,-1,-1,0.5,-1,-1,-1,-1
3.799849255721,-1,-1,-1,-1,-1,0.18999246278605,-1,0.00018246142124713087,-1,-1,0.5,-1,-1,-1,-1
3.8044062292848775,-1,-1,-1,-1,-1,0.1902203114642439,-1,0.0001823521110211118,-1,-1,0.5,-1,-1,-1,-1
3.808968667804513,-1,-1,-1,-1,-1,0.19044843339022566,-1,0.0001822428662814044,-1,-1,0.5,-1,-1,-1,-1
3.8135365778337573,-1,-1,-1,-1,-1,0.19067682889168788,-1,0.00018213368698877686,-1,-1,0.5,-1,-1,-1,-1
3.8181099659343256,-1,-1,-1,-1,-1,0.1909054982967163,-1,0.00018202457310402052,-1,-1,0.5,-1,-1,-1,-1
3.8226888386758024,-1,-1,-1,-1,-1,0.19113444193379014,-1,0.0001819155245879505,-1,-1,0.5,-1,-1,-1,-1
3.8272732026356486,-1,-1,-1,-1,-1,0.19136366013178244,-1,0.00018180654140140525,-1,-1,0.5,-1,-1,-1,-1
3.8318630643992164,-1,-1,-1,-1,-1,0.19159315321996084,-1,0.00018169762350524668,-1,-1,0.5,-1,-1,-1,-1
3.836458430559749,-1,-1,-1,-1,-1,0.19182292152798747,-1,0.00018158877086036024,-1,-1,0.5,-1,-1,-1,-1
3.8410593077184036,-1,-1,-1,-1,-1,0.1920529653859202,-1,0.00018147998342765473,-1,-1,0.5,-1,-1,-1,-1
3.8456657024842498,-1,-1,-1,-1,-1,0.1922832851242125,-1,0.0001813712611680624,-1,-1,0.5,-1,-1,-1,-1
3.8502776214742855,-1,-1,-1,-1,-1,0.19251388107371428,-1,0.00018126260404253887,-1,-1,0.5,-1,-1,-1,-1
3.854895071313444,-1,-1,-1,-1,-1,0.19274475356567222,-1,0.0001811540120120632,-1,-1,0.5,-1,-1,-1,-1
3.8595180586345985,-1,-1,-1,-1,-1,0.19297590293172995,-1,0.00018104548503763783,-1,-1,0.5,-1,-1,-1,-1
3.864146590078583,-1,-1,-1,-1,-1,0.19320732950392916,-1,0.00018093702308028857,-1,-1,0.5,-1,-1,-1,-1
3.8687806722941933,-1,-1,-1,-1,-1,0.19343903361470968,-1,0.00018082862610106448,-1,-1,0.5,-1,-1,-1,-1
3.8734203119381982,-1,-1,-1,-1,-1,0.1936710155969099,-1,0.000180720294061038,-1,-1,0.5,-1,-1,-1,-1
3.878065515675352,-1,-1,-1,-1,-1,0.19390327578376762,-1,0.00018061202692130497,-1,-1,0.5,-1,-1,-1,-1
3.8827162901783963,-1,-1,-1,-1,-1,0.1941358145089198,-1,0.0001805038246429845,-1,-1,0.5,-1,-1,-1,-1
3.8873726421280796,-1,-1,-1,-1,-1,0.19436863210640398,-1,0.00018039568718721894,-1,-1,0.5,-1,-1,-1,-1
3.892034578213162,-1,-1,-1,-1,-1,0.1946017289106581,-1,0.0001802876145151739,-1,-1,0.5,-1,-1,-1,-1
3.896702105130424,-1,-1,-1,-1,-1,0.1948351052565212,-1,0.0001801796065880385,-1,-1,0.5,-1,-1,-1,-1
3.901375229584679,-1,-1,-1,-1,-1,0.19506876147923397,-1,0.00018007166336702466,-1,-1,0.5,-1,-1,-1,-1
3.9060539582887763,-1,-1,-1,-1,-1,0.19530269791443883,-1,0.000179963784813368,-1,-1,0.5,-1,-1,-1,-1
3.9107382979636207,-1,-1,-1,-1,-1,0.19553691489818104,-1,0.00017985597088832707,-1,-1,0.5,-1,-1,-1,-1
3.915428255338175,-1,-1,-1,-1,-1,0.19577141276690876,-1,0.00017974822155318376,-1,-1,0.5,-1,-1,-1,-1
3.9201238371494727,-1,-1,-1,-1,-1,0.19600619185747364,-1,0.00017964053676924308,-1,-1,0.5,-1,-1,-1,-1
3.924825050142627,-1,-1,-1,-1,-1,0.19624125250713137,-1,0.00017953291649783323,-1,-1,0.5,-1,-1,-1,-1
3.929531901070836,-1,-1,-1,-1,-1,0.1964765950535418,-1,0.00017942536070030568,-1,-1,0.5,-1,-1,-1,-1
3.9342443966954015,-1,-1,-1,-1,-1,0.19671221983477008,-1,0.00017931786933803498,-1,-1,0.5,-1,-1,-1,-1
3.938962543785732,-1,-1,-1,-1,-1,0.19694812718928661,-1,0.00017921044237241874,-1,-1,0.5,-1,-1,-1,-1
3.9436863491193543,-1,-1,-1,-1,-1,0.19718431745596773,-1,0.0001791030797648779,-1,-1,0.5,-1,-1,-1,-1
3.9484158194819257,-1,-1,-1,-1,-1,0.1974207909740963,-1,0.0001789957814768562,-1,-1,0.5,-1,-1,-1,-1
3.9531509616672333,-1,-1,-1,-1,-1,0.19765754808336167,-1,0.00017888854746982082,-1,-1,0.5,-1,-1,-1,-1
3.9578917824772204,-1,-1,-1,-1,-1,0.19789458912386104,-1,0.00017878137770526185,-1,-1,0.5,-1,-1,-1,-1
3.962638288721983,-1,-1,-1,-1,-1,0.19813191443609915,-1,0.00017867427214469247,-1,-1,0.5,-1,-1,-1,-1
3.9673904872197863,-1,-1,-1,-1,-1,0.1983695243609893,-1,0.00017856723074964888,-1,-1,0.5,-1,-1,-1,-1
3.972148384797072,-1,-1,-1,-1,-1,0.19860741923985362,-1,0.0001784602534816903,-1,-1,0.5,-1,-1,-1,-1
3.976911988288465,-1,-1,-1,-1,-1,0.19884559941442326,-1,0.00017835334030239918,-1,-1,0.5,-1,-1,-1,-1
3.981681304536791,-1,-1,-1,-1,-1,0.19908406522683955,-1,0.00017824649117338084,-1,-1,0.5,-1,-1,-1,-1
3.98645634039308,-1,-1,-1,-1,-1,0.19932281701965401,-1,0.00017813970605626346,-1,-1,0.5,-1,-1,-1,-1
3.9912371027165783,-1,-1,-1,-1,-1,0.19956185513582891,-1,0.00017803298491269852,-1,-1,0.5,-1,-1,-1,-1
3.996023598374758,-1,-1,-1,-1,-1,0.19980117991873791,-1,0.00017792632770436022,-1,-1,0.5,-1,-1,-1,-1
4.00081583424333,-1,-1,-1,-1,-1,0.2000407917121665,-1,0.00017781973439294577,-1,-1,0.5,-1,-1,-1,-1
4.005613817206243,-1,-1,-1,-1,-1,0.2002806908603122,-1,0.00017771320494017548,-1,-1,0.5,-1,-1,-1,-1
4.010417554155711,-1,-1,-1,-1,-1,0.20052087770778557,-1,0.00017760673930779244,-1,-1,0.5,-1,-1,-1,-1
4.015227051992206,-1,-1,-1,-1,-1,0.20076135259961034,-1,0.00017750033745756266,-1,-1,0.5,-1,-1,-1,-1
4.02004231762448,-1,-1,-1,-1,-1,0.201002115881224,-1,0.00017739399935127515,-1,-1,0.5,-1,-1,-1,-1
4.02486335796957,-1,-1,-1,-1,-1,0.20124316789847851,-1,0.00017728772495074167,-1,-1,0.5,-1,-1,-1,-1
4.029690179952803,-1,-1,-1,-1,-1,0.20148450899764017,-1,0.00017718151421779708,-1,-1,0.5,-1,-1,-1,-1
4.034522790507818,-1,-1,-1,-1,-1,0.20172613952539092,-1,0.00017707536711429888,-1,-1,0.5,-1,-1,-1,-1
4.039361196576566,-1,-1,-1,-1,-1,0.20196805982882832,-1,0.0001769692836021275,-1,-1,0.5,-1,-1,-1,-1
4.044205405109323,-1,-1,-1,-1,-1,0.20221027025546615,-1,0.00017686326364318625,-1,-1,0.5,-1,-1,-1,-1
4.049055423064702,-1,-1,-1,-1,-1,0.2024527711532351,-1,0.0001767573071994012,-1,-1,0.5,-1,-1,-1,-1
4.0539112574096565,-1,-1,-1,-1,-1,0.20269556287048285,-1,0.00017665141423272128,-1,-1,0.5,-1,-1,-1,-1
4.058772915119501,-1,-1,-1,-1,-1,0.2029386457559751,-1,0.0001765455847051182,-1,-1,0.5,-1,-1,-1,-1
4.063640403177912,-1,-1,-1,-1,-1,0.2031820201588956,-1,0.00017643981857858645,-1,-1,0.5,-1,-1,-1,-1
4.06851372857694,-1,-1,-1,-1,-1,0.20342568642884704,-1,0.00017633411581514328,-1,-1,0.5,-1,-1,-1,-1
4.073392898317028,-1,-1,-1,-1,-1,0.2036696449158514,-1,0.00017622847637682864,-1,-1,0.5,-1,-1,-1,-1
4.078277919407001,-1,-1,-1,-1,-1,0.20391389597035006,-1,0.00017612290022570541,-1,-1,0.5,-1,-1,-1,-1
4.083168798864102,-1,-1,-1,-1,-1,0.2041584399432051,-1,0.00017601738732385899,-1,-1,0.5,-1,-1,-1,-1
4.088065543713982,-1,-1,-1,-1,-1,0.2044032771856991,-1,0.00017591193763339758,-1,-1,0.5,-1,-1,-1,-1
4.092968160990721,-1,-1,-1,-1,-1,0.20464840804953607,-1,0.0001758065511164521,-1,-1,0.5,-1,-1,-1,-1
4.097876657736837,-1,-1,-1,-1,-1,0.20489383288684185,-1,0.00017570122773517602,-1,-1,0.5,-1,-1,-1,-1
4.102791041003284,-1,-1,-1,-1,-1,0.2051395520501642,-1,0.0001755959674517458,-1,-1,0.5,-1,-1,-1,-1
4.107711317849482,-1,-1,-1,-1,-1,0.20538556589247411,-1,0.00017549077022836017,-1,-1,0.5,-1,-1,-1,-1
4.1126374953433125,-1,-1,-1,-1,-1,0.20563187476716563,-1,0.0001753856360272408,-1,-1,0.5,-1,-1,-1,-1
4.117569580561134,-1,-1,-1,-1,-1,0.2058784790280567,-1,0.00017528056481063182,-1,-1,0.5,-1,-1,-1,-1
4.1225075805877935,-1,-1,-1,-1,-1,0.20612537902938968,-1,0.00017517555654080003,-1,-1,0.5,-1,-1,-1,-1
4.127451502516628,-1,-1,-1,-1,-1,0.2063725751258314,-1,0.00017507061118003493,-1,-1,0.5,-1,-1,-1,-1
4.132401353449487,-1,-1,-1,-1,-1,0.20662006767247437,-1,0.00017496572869064847,-1,-1,0.5,-1,-1,-1,-1
4.137357140496737,-1,-1,-1,-1,-1,0.20686785702483684,-1,0.00017486090903497527,-1,-1,0.5,-1,-1,-1,-1
4.142318870777268,-1,-1,-1,-1,-1,0.2071159435388634,-1,0.0001747561521753725,-1,-1,0.5,-1,-1,-1,-1
4.147286551418511,-1,-1,-1,-1,-1,0.20736432757092557,-1,0.00017465145807421973,-1,-1,0.5,-1,-1,-1,-1
4.152260189556442,-1,-1,-1,-1,-1,0.2076130094778221,-1,0.00017454682669391933,-1,-1,0.5,-1,-1,-1,-1
4.157239792335594,-1,-1,-1,-1,-1,0.2078619896167797,-1,0.00017444225799689609,-1,-1,0.5,-1,-1,-1,-1
4.162225366909073,-1,-1,-1,-1,-1,0.20811126834545368,-1,0.00017433775194559717,-1,-1,0.5,-1,-1,-1,-1
4.167216920438558,-1,-1,-1,-1,-1,0.20836084602192792,-1,0.0001742333085024925,-1,-1,0.5,-1,-1,-1,-1
4.172214460094322,-1,-1,-1,-1,-1,0.20861072300471611,-1,0.00017412892763007414,-1,-1,0.5,-1,-1,-1,-1
4.177217993055229,-1,-1,-1,-1,-1,0.20886089965276144,-1,0.00017402460929085697,-1,-1,0.5,-1,-1,-1,-1
4.182227526508759,-1,-1,-1,-1,-1,0.20911137632543797,-1,0.00017392035344737815,-1,-1,0.5,-1,-1,-1,-1
4.187243067651011,-1,-1,-1,-1,-1,0.20936215338255054,-1,0.00017381616006219728,-1,-1,0.5,-1,-1,-1,-1
4.19226462368671,-1,-1,-1,-1,-1,0.2096132311843355,-1,0.00017371202909789645,-1,-1,0.5,-1,-1,-1,-1
4.197292201829229,-1,-1,-1,-1,-1,0.20986461009146146,-1,0.00017360796051708004,-1,-1,0.5,-1,-1,-1,-1
4.20232580930058,-1,-1,-1,-1,-1,0.21011629046502903,-1,0.00017350395428237505,-1,-1,0.5,-1,-1,-1,-1
4.2073654533314455,-1,-1,-1,-1,-1,0.2103682726665723,-1,0.00017340001035643073,-1,-1,0.5,-1,-1,-1,-1
4.212411141161176,-1,-1,-1,-1,-1,0.21062055705805882,-1,0.00017329612870191867,-1,-1,0.5,-1,-1,-1,-1
4.217462880037806,-1,-1,-1,-1,-1,0.21087314400189028,-1,0.0001731923092815329,-1,-1,0.5,-1,-1,-1,-1
4.222520677218057,-1,-1,-1,-1,-1,0.21112603386090287,-1,0.00017308855205798982,-1,-1,0.5,-1,-1,-1,-1
4.227584539967362,-1,-1,-1,-1,-1,0.21137922699836809,-1,0.00017298485699402804,-1,-1,0.5,-1,-1,-1,-1
4.232654475559855,-1,-1,-1,-1,-1,0.21163272377799275,-1,0.00017288122405240863,-1,-1,0.5,-1,-1,-1,-1
4.237730491278404,-1,-1,-1,-1,-1,0.2118865245639202,-1,0.00017277765319591494,-1,-1,0.5,-1,-1,-1,-1
4.242812594414605,-1,-1,-1,-1,-1,0.21214062972073028,-1,0.00017267414438735257,-1,-1,0.5,-1,-1,-1,-1
4.247900792268803,-1,-1,-1,-1,-1,0.21239503961344017,-1,0.00017257069758954934,-1,-1,0.5,-1,-1,-1,-1
4.252995092150096,-1,-1,-1,-1,-1,0.2126497546075048,-1,0.00017246731276535554,-1,-1,0.5,-1,-1,-1,-1
4.258095501376344,-1,-1,-1,-1,-1,0.21290477506881722,-1,0.00017236398987764356,-1,-1,0.5,-1,-1,-1,-1
4.263202027274187,-1,-1,-1,-1,-1,0.21316010136370936,-1,0.00017226072888930808,-1,-1,0.5,-1,-1,-1,-1
4.268314677179051,-1,-1,-1,-1,-1,0.21341573385895254,-1,0.000172157529763266,-1,-1,0.5,-1,-1,-1,-1
4.273433458435157,-1,-1,-1,-1,-1,0.21367167292175787,-1,0.0001720543924624564,-1,-1,0.5,-1,-1,-1,-1
4.278558378395539,-1,-1,-1,-1,-1,0.21392791891977697,-1,0.0001719513169498406,-1,-1,0.5,-1,-1,-1,-1
4.28368944442204,-1,-1,-1,-1,-1,0.21418447222110204,-1,0.0001718483031884022,-1,-1,0.5,-1,-1,-1,-1
4.28882666388534,-1,-1,-1,-1,-1,0.214441333194267,-1,0.00017174535114114682,-1,-1,0.5,-1,-1,-1,-1
4.293970044164953,-1,-1,-1,-1,-1,0.21469850220824768,-1,0.00017164246077110232,-1,-1,0.5,-1,-1,-1,-1
4.299119592649246,-1,-1,-1,-1,-1,0.21495597963246232,-1,0.00017153963204131865,-1,-1,0.5,-1,-1,-1,-1
4.304275316735449,-1,-1,-1,-1,-1,0.21521376583677246,-1,0.000171436864914868,-1,-1,0.5,-1,-1,-1,-1
4.309437223829653,-1,-1,-1,-1,-1,0.21547186119148268,-1,0.00017133415935484462,-1,-1,0.5,-1,-1,-1,-1
4.314605321346842,-1,-1,-1,-1,-1,0.2157302660673421,-1,0.00017123151532436487,-1,-1,0.5,-1,-1,-1,-1
4.319779616710886,-1,-1,-1,-1,-1,0.21598898083554433,-1,0.00017112893278656722,-1,-1,0.5,-1,-1,-1,-1
4.324960117354561,-1,-1,-1,-1,-1,0.21624800586772805,-1,0.00017102641170461223,-1,-1,0.5,-1,-1,-1,-1
4.330146830719556,-1,-1,-1,-1,-1,0.21650734153597784,-1,0.00017092395204168249,-1,-1,0.5,-1,-1,-1,-1
4.335339764256483,-1,-1,-1,-1,-1,0.21676698821282417,-1,0.00017082155376098266,-1,-1,0.5,-1,-1,-1,-1
4.34053892542489,-1,-1,-1,-1,-1,0.21702694627124453,-1,0.00017071921682573947,-1,-1,0.5,-1,-1,-1,-1
4.345744321693272,-1,-1,-1,-1,-1,0.21728721608466361,-1,0.0001706169411992017,-1,-1,0.5,-1,-1,-1,-1
4.350955960539078,-1,-1,-1,-1,-1,0.21754779802695393,-1,0.00017051472684464014,-1,-1,0.5,-1,-1,-1,-1
4.356173849448732,-1,-1,-1,-1,-1,0.21780869247243662,-1,0.0001704125737253474,-1,-1,0.5,-1,-1,-1,-1
4.361397995917623,-1,-1,-1,-1,-1,0.21806989979588118,-1,0.00017031048180463844,-1,-1,0.5,-1,-1,-1,-1
4.366628407450139,-1,-1,-1,-1,-1,0.21833142037250697,-1,0.00017020845104584985,-1,-1,0.5,-1,-1,-1,-1
4.371865091559665,-1,-1,-1,-1,-1,0.2185932545779833,-1,0.0001701064814123404,-1,-1,0.5,-1,-1,-1,-1
4.377108055768596,-1,-1,-1,-1,-1,0.2188554027884298,-1,0.00017000457286749077,-1,-1,0.5,-1,-1,-1,-1
4.382357307608349,-1,-1,-1,-1,-1,0.21911786538041747,-1,0.0001699027253747035,-1,-1,0.5,-1,-1,-1,-1
4.387612854619372,-1,-1,-1,-1,-1,0.21938064273096858,-1,0.00016980093889740308,-1,-1,0.5,-1,-1,-1,-1
4.392874704351154,-1,-1,-1,-1,-1,0.21964373521755773,-1,0.00016969921339903603,-1,-1,0.5,-1,-1,-1,-1
4.398142864362243,-1,-1,-1,-1,-1,0.21990714321811217,-1,0.0001695975488430706,-1,-1,0.5,-1,-1,-1,-1
4.403417342220248,-1,-1,-1,-1,-1,0.2201708671110124,-1,0.00016949594519299703,-1,-1,0.5,-1,-1,-1,-1
4.408698145501855,-1,-1,-1,-1,-1,0.22043490727509277,-1,0.0001693944024123274,-1,-1,0.5,-1,-1,-1,-1
4.413985281792833,-1,-1,-1,-1,-1,0.22069926408964166,-1,0.0001692929204645957,-1,-1,0.5,-1,-1,-1,-1
4.419278758688052,-1,-1,-1,-1,-1,0.2209639379344026,-1,0.00016919149931335763,-1,-1,0.5,-1,-1,-1,-1
4.424578583791489,-1,-1,-1,-1,-1,0.22122892918957449,-1,0.00016909013892219086,-1,-1,0.5,-1,-1,-1,-1
4.429884764716241,-1,-1,-1,-1,-1,0.22149423823581205,-1,0.00016898883925469486,-1,-1,0.5,-1,-1,-1,-1
4.4351973090845345,-1,-1,-1,-1,-1,0.22175986545422674,-1,0.0001688876002744908,-1,-1,0.5,-1,-1,-1,-1
4.440516224527733,-1,-1,-1,-1,-1,0.22202581122638665,-1,0.00016878642194522188,-1,-1,0.5,-1,-1,-1,-1
4.445841518686357,-1,-1,-1,-1,-1,0.22229207593431785,-1,0.00016868530423055277,-1,-1,0.5,-1,-1,-1,-1
4.451173199210088,-1,-1,-1,-1,-1,0.22255865996050442,-1,0.00016858424709417015,-1,-1,0.5,-1,-1,-1,-1
4.4565112737577826,-1,-1,-1,-1,-1,0.22282556368788914,-1,0.00016848325049978235,-1,-1,0.5,-1,-1,-1,-1
4.461855749997481,-1,-1,-1,-1,-1,0.22309278749987405,-1,0.00016838231441111944,-1,-1,0.5,-1,-1,-1,-1
4.467206635606423,-1,-1,-1,-1,-1,0.22336033178032114,-1,0.0001682814387919332,-1,-1,0.5,-1,-1,-1,-1
4.472563938271045,-1,-1,-1,-1,-1,0.22362819691355226,-1,0.0001681806236059973,-1,-1,0.5,-1,-1,-1,-1
4.4779276656870115,-1,-1,-1,-1,-1,0.22389638328435058,-1,0.0001680798688171069,-1,-1,0.5,-1,-1,-1,-1
4.483297825559214,-1,-1,-1,-1,-1,0.22416489127796072,-1,0.00016797917438907887,-1,-1,0.5,-1,-1,-1,-1
4.488674425601783,-1,-1,-1,-1,-1,0.22443372128008915,-1,0.00016787854028575192,-1,-1,0.5,-1,-1,-1,-1
4.494057473538102,-1,-1,-1,-1,-1,0.2247028736769051,-1,0.0001677779664709862,-1,-1,0.5,-1,-1,-1,-1
4.499446977100809,-1,-1,-1,-1,-1,0.22497234885504047,-1,0.00016767745290866378,-1,-1,0.5,-1,-1,-1,-1
4.504842944031825,-1,-1,-1,-1,-1,0.22524214720159128,-1,0.0001675769995626881,-1,-1,0.5,-1,-1,-1,-1
4.510245382082353,-1,-1,-1,-1,-1,0.22551226910411765,-1,0.0001674766063969844,-1,-1,0.5,-1,-1,-1,-1
4.515654299012887,-1,-1,-1,-1,-1,0.22578271495064436,-1,0.00016737627337549946,-1,-1,0.5,-1,-1,-1,-1
4.521069702593237,-1,-1,-1,-1,-1,0.22605348512966184,-1,0.00016727600046220162,-1,-1,0.5,-1,-1,-1,-1
4.526491600602519,-1,-1,-1,-1,-1,0.22632458003012595,-1,0.00016717578762108094,-1,-1,0.5,-1,-1,-1,-1
4.531920000829187,-1,-1,-1,-1,-1,0.22659600004145936,-1,0.00016707563481614896,-1,-1,0.5,-1,-1,-1,-1
4.5373549110710325,-1,-1,-1,-1,-1,0.22686774555355163,-1,0.00016697554201143878,-1,-1,0.5,-1,-1,-1,-1
4.542796339135199,-1,-1,-1,-1,-1,0.22713981695675997,-1,0.000166875509171005,-1,-1,0.5,-1,-1,-1,-1
4.548244292838194,-1,-1,-1,-1,-1,0.22741221464190972,-1,0.00016677553625892385,-1,-1,0.5,-1,-1,-1,-1
4.553698780005893,-1,-1,-1,-1,-1,0.22768493900029463,-1,0.00016667562323929315,-1,-1,0.5,-1,-1,-1,-1
4.559159808473563,-1,-1,-1,-1,-1,0.22795799042367815,-1,0.000166575770076232,-1,-1,0.5,-1,-1,-1,-1
4.564627386085866,-1,-1,-1,-1,-1,0.22823136930429333,-1,0.00016647597673388116,-1,-1,0.5,-1,-1,-1,-1
4.570101520696872,-1,-1,-1,-1,-1,0.2285050760348436,-1,0.00016637624317640285,-1,-1,0.5,-1,-1,-1,-1
4.5755822201700695,-1,-1,-1,-1,-1,0.22877911100850348,-1,0.00016627656936798067,-1,-1,0.5,-1,-1,-1,-1
4.581069492378374,-1,-1,-1,-1,-1,0.2290534746189187,-1,0.00016617695527281986,-1,-1,0.5,-1,-1,-1,-1
4.586563345204147,-1,-1,-1,-1,-1,0.22932816726020736,-1,0.0001660774008551469,-1,-1,0.5,-1,-1,-1,-1
4.592063786539202,-1,-1,-1,-1,-1,0.2296031893269601,-1,0.00016597790607920986,-1,-1,0.5,-1,-1,-1,-1
4.597570824284817,-1,-1,-1,-1,-1,0.22987854121424084,-1,0.00016587847090927812,-1,-1,0.5,-1,-1,-1,-1
4.603084466351745,-1,-1,-1,-1,-1,0.23015422331758725,-1,0.00016577909530964252,-1,-1,0.5,-1,-1,-1,-1
4.608604720660223,-1,-1,-1,-1,-1,0.23043023603301116,-1,0.0001656797792446153,-1,-1,0.5,-1,-1,-1,-1
4.614131595139991,-1,-1,-1,-1,-1,0.23070657975699957,-1,0.00016558052267853007,-1,-1,0.5,-1,-1,-1,-1
4.619665097730297,-1,-1,-1,-1,-1,0.23098325488651486,-1,0.0001654813255757418,-1,-1,0.5,-1,-1,-1,-1
4.6252052363799105,-1,-1,-1,-1,-1,0.23126026181899553,-1,0.0001653821879006268,-1,-1,0.5,-1,-1,-1,-1
4.630752019047136,-1,-1,-1,-1,-1,0.2315376009523568,-1,0.0001652831096175827,-1,-1,0.5,-1,-1,-1,-1
4.636305453699813,-1,-1,-1,-1,-1,0.23181527268499066,-1,0.00016518409069102858,-1,-1,0.5,-1,-1,-1,-1
4.641865548315346,-1,-1,-1,-1,-1,0.23209327741576732,-1,0.00016508513108540464,-1,-1,0.5,-1,-1,-1,-1
4.647432310880703,-1,-1,-1,-1,-1,0.23237161554403515,-1,0.00016498623076517262,-1,-1,0.5,-1,-1,-1,-1
4.65300574939243,-1,-1,-1,-1,-1,0.23265028746962152,-1,0.00016488738969481535,-1,-1,0.5,-1,-1,-1,-1
4.658585871856666,-1,-1,-1,-1,-1,0.23292929359283332,-1,0.00016478860783883698,-1,-1,0.5,-1,-1,-1,-1
4.664172686289145,-1,-1,-1,-1,-1,0.23320863431445726,-1,0.00016468988516176304,-1,-1,0.5,-1,-1,-1,-1
4.669766200715219,-1,-1,-1,-1,-1,0.23348831003576095,-1,0.0001645912216281402,-1,-1,0.5,-1,-1,-1,-1
4.675366423169862,-1,-1,-1,-1,-1,0.2337683211584931,-1,0.00016449261720253636,-1,-1,0.5,-1,-1,-1,-1
4.680973361697686,-1,-1,-1,-1,-1,0.2340486680848843,-1,0.00016439407184954077,-1,-1,0.5,-1,-1,-1,-1
4.686587024352952,-1,-1,-1,-1,-1,0.2343293512176476,-1,0.00016429558553376369,-1,-1,0.5,-1,-1,-1,-1
4.692207419199573,-1,-1,-1,-1,-1,0.23461037095997864,-1,0.00016419715821983682,-1,-1,0.5,-1,-1,-1,-1
4.697834554311138,-1,-1,-1,-1,-1,0.2348917277155569,-1,0.0001640987898724129,-1,-1,0.5,-1,-1,-1,-1
4.703468437770918,-1,-1,-1,-1,-1,0.23517342188854592,-1,0.00016400048045616588,-1,-1,0.5,-1,-1,-1,-1
4.709109077671879,-1,-1,-1,-1,-1,0.23545545388359398,-1,0.00016390222993579082,-1,-1,0.5,-1,-1,-1,-1
4.714756482116689,-1,-1,-1,-1,-1,0.23573782410583446,-1,0.00016380403827600404,-1,-1,0.5,-1,-1,-1,-1
4.720410659217738,-1,-1,-1,-1,-1,0.23602053296088693,-1,0.00016370590544154286,-1,-1,0.5,-1,-1,-1,-1
4.726071617097137,-1,-1,-1,-1,-1,0.23630358085485687,-1,0.0001636078313971659,-1,-1,0.5,-1,-1,-1,-1
4.731739363886744,-1,-1,-1,-1,-1,0.23658696819433722,-1,0.00016350981610765278,-1,-1,0.5,-1,-1,-1,-1
4.737413907728168,-1,-1,-1,-1,-1,0.23687069538640843,-1,0.00016341185953780418,-1,-1,0.5,-1,-1,-1,-1
4.743095256772781,-1,-1,-1,-1,-1,0.23715476283863907,-1,0.000163313961652442,-1,-1,0.5,-1,-1,-1,-1
4.748783419181732,-1,-1,-1,-1,-1,0.23743917095908662,-1,0.00016321612241640906,-1,-1,0.5,-1,-1,-1,-1
4.754478403125954,-1,-1,-1,-1,-1,0.2377239201562977,-1,0.00016311834179456936,-1,-1,0.5,-1,-1,-1,-1
4.76018021678618,-1,-1,-1,-1,-1,0.23800901083930903,-1,0.00016302061975180795,-1,-1,0.5,-1,-1,-1,-1
4.765888868352958,-1,-1,-1,-1,-1,0.2382944434176479,-1,0.00016292295625303083,-1,-1,0.5,-1,-1,-1,-1
4.7716043660266525,-1,-1,-1,-1,-1,0.23858021830133264,-1,0.00016282535126316508,-1,-1,0.5,-1,-1,-1,-1
4.777326718017468,-1,-1,-1,-1,-1,0.23886633590087342,-1,0.00016272780474715874,-1,-1,0.5,-1,-1,-1,-1
4.783055932545448,-1,-1,-1,-1,-1,0.2391527966272724,-1,0.00016263031666998104,-1,-1,0.5,-1,-1,-1,-1
4.788792017840501,-1,-1,-1,-1,-1,0.23943960089202504,-1,0.00016253288699662188,-1,-1,0.5,-1,-1,-1,-1
4.794534982142401,-1,-1,-1,-1,-1,0.23972674910712005,-1,0.00016243551569209246,-1,-1,0.5,-1,-1,-1,-1
4.800284833700806,-1,-1,-1,-1,-1,0.2400142416850403,-1,0.00016233820272142462,-1,-1,0.5,-1,-1,-1,-1
4.806041580775267,-1,-1,-1,-1,-1,0.24030207903876338,-1,0.0001622409480496714,-1,-1,0.5,-1,-1,-1,-1
4.811805231635236,-1,-1,-1,-1,-1,0.2405902615817618,-1,0.00016214375164190674,-1,-1,0.5,-1,-1,-1,-1
4.8175757945600886,-1,-1,-1,-1,-1,0.24087878972800444,-1,0.00016204661346322534,-1,-1,0.5,-1,-1,-1,-1
4.823353277839125,-1,-1,-1,-1,-1,0.24116766389195626,-1,0.00016194953347874305,-1,-1,0.5,-1,-1,-1,-1
4.8291376897715885,-1,-1,-1,-1,-1,0.24145688448857944,-1,0.00016185251165359643,-1,-1,0.5,-1,-1,-1,-1
4.834929038666677,-1,-1,-1,-1,-1,0.24174645193333386,-1,0.00016175554795294292,-1,-1,0.5,-1,-1,-1,-1
4.840727332843547,-1,-1,-1,-1,-1,0.24203636664217734,-1,0.00016165864234196105,-1,-1,0.5,-1,-1,-1,-1
4.846532580631336,-1,-1,-1,-1,-1,0.2423266290315668,-1,0.00016156179478584996,-1,-1,0.5,-1,-1,-1,-1
4.852344790369171,-1,-1,-1,-1,-1,0.2426172395184586,-1,0.00016146500524982983,-1,-1,0.5,-1,-1,-1,-1
4.85816397040618,-1,-1,-1,-1,-1,0.24290819852030898,-1,0.00016136827369914148,-1,-1,0.5,-1,-1,-1,-1
4.863990129101502,-1,-1,-1,-1,-1,0.24319950645507513,-1,0.00016127160009904673,-1,-1,0.5,-1,-1,-1,-1
4.869823274824298,-1,-1,-1,-1,-1,0.2434911637412149,-1,0.00016117498441482812,-1,-1,0.5,-1,-1,-1,-1
4.8756634159537695,-1,-1,-1,-1,-1,0.2437831707976885,-1,0.0001610784266117891,-1,-1,0.5,-1,-1,-1,-1
4.881510560879168,-1,-1,-1,-1,-1,0.24407552804395838,-1,0.0001609819266552537,-1,-1,0.5,-1,-1,-1,-1
4.8873647179998025,-1,-1,-1,-1,-1,0.24436823589999013,-1,0.0001608854845105669,-1,-1,0.5,-1,-1,-1,-1
4.893225895725058,-1,-1,-1,-1,-1,0.2446612947862529,-1,0.0001607891001430944,-1,-1,0.5,-1,-1,-1,-1
4.8990941024743995,-1,-1,-1,-1,-1,0.24495470512371997,-1,0.00016069277351822258,-1,-1,0.5,-1,-1,-1,-1
4.904969346677393,-1,-1,-1,-1,-1,0.24524846733386965,-1,0.00016059650460135868,-1,-1,0.5,-1,-1,-1,-1
4.910851636773714,-1,-1,-1,-1,-1,0.24554258183868571,-1,0.00016050029335793058,-1,-1,0.5,-1,-1,-1,-1
4.916740981213157,-1,-1,-1,-1,-1,0.24583704906065784,-1,0.00016040413975338685,-1,-1,0.5,-1,-1,-1,-1
4.922637388455654,-1,-1,-1,-1,-1,0.24613186942278273,-1,0.00016030804375319674,-1,-1,0.5,-1,-1,-1,-1
4.928540866971275,-1,-1,-1,-1,-1,0.24642704334856377,-1,0.0001602120053228504,-1,-1,0.5,-1,-1,-1,-1
4.934451425240256,-1,-1,-1,-1,-1,0.2467225712620128,-1,0.00016011602442785841,-1,-1,0.5,-1,-1,-1,-1
4.940369071752996,-1,-1,-1,-1,-1,0.24701845358764982,-1,0.00016002010103375211,-1,-1,0.5,-1,-1,-1,-1
4.946293815010082,-1,-1,-1,-1,-1,0.24731469075050413,-1,0.00015992423510608348,-1,-1,0.5,-1,-1,-1,-1
4.952225663522295,-1,-1,-1,-1,-1,0.24761128317611478,-1,0.00015982842661042506,-1,-1,0.5,-1,-1,-1,-1
4.958164625810615,-1,-1,-1,-1,-1,0.24790823129053075,-1,0.00015973267551237024,-1,-1,0.5,-1,-1,-1,-1
4.964110710406249,-1,-1,-1,-1,-1,0.24820553552031246,-1,0.00015963698177753275,-1,-1,0.5,-1,-1,-1,-1
4.970063925850631,-1,-1,-1,-1,-1,0.2485031962925316,-1,0.00015954134537154714,-1,-1,0.5,-1,-1,-1,-1
4.976024280695441,-1,-1,-1,-1,-1,0.24880121403477207,-1,0.0001594457662600684,-1,-1,0.5,-1,-1,-1,-1
4.981991783502615,-1,-1,-1,-1,-1,0.24909958917513075,-1,0.00015935024440877208,-1,-1,0.5,-1,-1,-1,-1
4.987966442844349,-1,-1,-1,-1,-1,0.24939832214221747,-1,0.0001592547797833545,-1,-1,0.5,-1,-1,-1,-1
4.9939482673031295,-1,-1,-1,-1,-1,0.2496974133651565,-1,0.0001591593723495323,-1,-1,0.5,-1,-1,-1,-1
4.999937265471731,-1,-1,-1,-1,-1,0.24999686327358656,-1,0.0001590640220730428,-1,-1,0.5,-1,-1,-1,-1
5.005933445953232,-1,-1,-1,-1,-1,0.2502966722976616,-1,0.00015896872891964377,-1,-1,0.5,-1,-1,-1,-1
5.011936817361031,-1,-1,-1,-1,-1,0.25059684086805156,-1,0.00015887349285511354,-1,-1,0.5,-1,-1,-1,-1
5.017947388318856,-1,-1,-1,-1,-1,0.2508973694159428,-1,0.00015877831384525083,-1,-1,0.5,-1,-1,-1,-1
5.02396516746077,-1,-1,-1,-1,-1,0.2511982583730385,-1,0.00015868319185587508,-1,-1,0.5,-1,-1,-1,-1
5.0299901634312,-1,-1,-1,-1,-1,0.25149950817156,-1,0.00015858812685282605,-1,-1,0.5,-1,-1,-1,-1
5.0360223848849355,-1,-1,-1,-1,-1,0.2518011192442468,-1,0.0001584931188019639,-1,-1,0.5,-1,-1,-1,-1
5.042061840487145,-1,-1,-1,-1,-1,0.25210309202435727,-1,0.00015839816766916943,-1,-1,0.5,-1,-1,-1,-1
5.048108538913393,-1,-1,-1,-1,-1,0.25240542694566964,-1,0.0001583032734203436,-1,-1,0.5,-1,-1,-1,-1
5.054162488849638,-1,-1,-1,-1,-1,0.2527081244424819,-1,0.0001582084360214082,-1,-1,0.5,-1,-1,-1,-1
5.060223698992265,-1,-1,-1,-1,-1,0.2530111849496132,-1,0.0001581136554383051,-1,-1,0.5,-1,-1,-1,-1
5.0662921780480845,-1,-1,-1,-1,-1,0.25331460890240426,-1,0.00015801893163699666,-1,-1,0.5,-1,-1,-1,-1
5.072367934734349,-1,-1,-1,-1,-1,0.2536183967367175,-1,0.00015792426458346572,-1,-1,0.5,-1,-1,-1,-1
5.078450977778768,-1,-1,-1,-1,-1,0.25392254888893845,-1,0.0001578296542437154,-1,-1,0.5,-1,-1,-1,-1
5.08454131591951,-1,-1,-1,-1,-1,0.2542270657959755,-1,0.00015773510058376923,-1,-1,0.5,-1,-1,-1,-1
5.090638957905229,-1,-1,-1,-1,-1,0.25453194789526146,-1,0.0001576406035696711,-1,-1,0.5,-1,-1,-1,-1
5.096743912495071,-1,-1,-1,-1,-1,0.25483719562475354,-1,0.00015754616316748522,-1,-1,0.5,-1,-1,-1,-1
5.102856188458683,-1,-1,-1,-1,-1,0.25514280942293416,-1,0.00015745177934329616,-1,-1,0.5,-1,-1,-1,-1
5.108975794576236,-1,-1,-1,-1,-1,0.2554487897288118,-1,0.00015735745206320873,-1,-1,0.5,-1,-1,-1,-1
5.115102739638417,-1,-1,-1,-1,-1,0.25575513698192087,-1,0.00015726318129334821,-1,-1,0.5,-1,-1,-1,-1
5.121237032446469,-1,-1,-1,-1,-1,0.2560618516223235,-1,0.00015716896699985997,-1,-1,0.5,-1,-1,-1,-1
5.127378681812184,-1,-1,-1,-1,-1,0.2563689340906092,-1,0.00015707480914890984,-1,-1,0.5,-1,-1,-1,-1
5.133527696557921,-1,-1,-1,-1,-1,0.25667638482789606,-1,0.0001569807077066838,-1,-1,0.5,-1,-1,-1,-1
5.139684085516625,-1,-1,-1,-1,-1,0.25698420427583124,-1,0.00015688666263938806,-1,-1,0.5,-1,-1,-1,-1
5.145847857531822,-1,-1,-1,-1,-1,0.2572923928765911,-1,0.00015679267391324926,-1,-1,0.5,-1,-1,-1,-1
5.152019021457655,-1,-1,-1,-1,-1,0.2576009510728828,-1,0.00015669874149451413,-1,-1,0.5,-1,-1,-1,-1
5.158197586158881,-1,-1,-1,-1,-1,0.25790987930794407,-1,0.00015660486534944964,-1,-1,0.5,-1,-1,-1,-1
5.164383560510888,-1,-1,-1,-1,-1,0.25821917802554445,-1,0.00015651104544434292,-1,-1,0.5,-1,-1,-1,-1
5.170576953399711,-1,-1,-1,-1,-1,0.2585288476699856,-1,0.00015641728174550144,-1,-1,0.5,-1,-1,-1,-1
5.1767777737220335,-1,-1,-1,-1,-1,0.25883888868610166,-1,0.00015632357421925275,-1,-1,0.5,-1,-1,-1,-1
5.182986030385217,-1,-1,-1,-1,-1,0.25914930151926086,-1,0.0001562299228319446,-1,-1,0.5,-1,-1,-1,-1
5.1892017323073,-1,-1,-1,-1,-1,0.259460086615365,-1,0.00015613632754994482,-1,-1,0.5,-1,-1,-1,-1
5.195424888417019,-1,-1,-1,-1,-1,0.259771244420851,-1,0.0001560427883396415,-1,-1,0.5,-1,-1,-1,-1
5.20165550765382,-1,-1,-1,-1,-1,0.26008277538269103,-1,0.0001559493051674428,-1,-1,0.5,-1,-1,-1,-1
5.2078935989678605,-1,-1,-1,-1,-1,0.26039467994839305,-1,0.00015585587799977718,-1,-1,0.5,-1,-1,-1,-1
5.214139171320041,-1,-1,-1,-1,-1,0.26070695856600207,-1,0.0001557625068030929,-1,-1,0.5,-1,-1,-1,-1
5.220392233682005,-1,-1,-1,-1,-1,0.26101961168410026,-1,0.00015566919154385856,-1,-1,0.5,-1,-1,-1,-1
5.226652795036155,-1,-1,-1,-1,-1,0.26133263975180776,-1,0.00015557593218856272,-1,-1,0.5,-1,-1,-1,-1
5.232920864375668,-1,-1,-1,-1,-1,0.26164604321878343,-1,0.00015548272870371407,-1,-1,0.5,-1,-1,-1,-1
5.239196450704499,-1,-1,-1,-1,-1,0.261959822535225,-1,0.00015538958105584146,-1,-1,0.5,-1,-1,-1,-1
5.24547956303741,-1,-1,-1,-1,-1,0.26227397815187053,-1,0.0001552964892114936,-1,-1,0.5,-1,-1,-1,-1
5.251770210399969,-1,-1,-1,-1,-1,0.2625885105199985,-1,0.0001552034531372394,-1,-1,0.5,-1,-1,-1,-1
5.258068401828568,-1,-1,-1,-1,-1,0.2629034200914284,-1,0.0001551104727996677,-1,-1,0.5,-1,-1,-1,-1
5.264374146370441,-1,-1,-1,-1,-1,0.2632187073185221,-1,0.00015501754816538732,-1,-1,0.5,-1,-1,-1,-1
5.270687453083663,-1,-1,-1,-1,-1,0.26353437265418317,-1,0.00015492467920102728,-1,-1,0.5,-1,-1,-1,-1
5.277008331037177,-1,-1,-1,-1,-1,0.26385041655185887,-1,0.00015483186587323641,-1,-1,0.5,-1,-1,-1,-1
5.283336789310803,-1,-1,-1,-1,-1,0.26416683946554015,-1,0.0001547391081486836,-1,-1,0.5,-1,-1,-1,-1
5.289672836995248,-1,-1,-1,-1,-1,0.2644836418497624,-1,0.00015464640599405764,-1,-1,0.5,-1,-1,-1,-1
5.296016483192122,-1,-1,-1,-1,-1,0.2648008241596061,-1,0.00015455375937606733,-1,-1,0.5,-1,-1,-1,-1
5.3023677370139515,-1,-1,-1,-1,-1,0.2651183868506976,-1,0.00015446116826144143,-1,-1,0.5,-1,-1,-1,-1
5.308726607584186,-1,-1,-1,-1,-1,0.2654363303792093,-1,0.0001543686326169286,-1,-1,0.5,-1,-1,-1,-1
5.315093104037221,-1,-1,-1,-1,-1,0.26575465520186103,-1,0.00015427615240929743,-1,-1,0.5,-1,-1,-1,-1
5.321467235518405,-1,-1,-1,-1,-1,0.2660733617759203,-1,0.00015418372760533643,-1,-1,0.5,-1,-1,-1,-1
5.327849011184055,-1,-1,-1,-1,-1,0.26639245055920274,-1,0.00015409135817185394,-1,-1,0.5,-1,-1,-1,-1
5.33423844020147,-1,-1,-1,-1,-1,0.2667119220100735,-1,0.00015399904407567826,-1,-1,0.5,-1,-1,-1,-1
5.340635531748936,-1,-1,-1,-1,-1,0.2670317765874468,-1,0.00015390678528365759,-1,-1,0.5,-1,-1,-1,-1
5.347040295015754,-1,-1,-1,-1,-1,0.2673520147507877,-1,0.0001538145817626599,-1,-1,0.5,-1,-1,-1,-1
5.353452739202241,-1,-1,-1,-1,-1,0.26767263696011206,-1,0.00015372243347957308,-1,-1,0.5,-1,-1,-1,-1
5.359872873519749,-1,-1,-1,-1,-1,0.2679936436759875,-1,0.0001536303404013048,-1,-1,0.5,-1,-1,-1,-1
5.36630070719068,-1,-1,-1,-1,-1,0.268315035359534,-1,0.00015353830249478252,-1,-1,0.5,-1,-1,-1,-1
5.3727362494484865,-1,-1,-1,-1,-1,0.2686368124724243,-1,0.00015344631972695371,-1,-1,0.5,-1,-1,-1,-1
5.379179509537702,-1,-1,-1,-1,-1,0.26895897547688513,-1,0.00015335439206478545,-1,-1,0.5,-1,-1,-1,-1
5.385630496713946,-1,-1,-1,-1,-1,0.26928152483569734,-1,0.00015326251947526465,-1,-1,0.5,-1,-1,-1,-1
5.392089220243935,-1,-1,-1,-1,-1,0.26960446101219676,-1,0.000153170701925398,-1,-1,0.5,-1,-1,-1,-1
5.398555689405505,-1,-1,-1,-1,-1,0.26992778447027527,-1,0.000153078939382212,-1,-1,0.5,-1,-1,-1,-1
5.405029913487605,-1,-1,-1,-1,-1,0.2702514956743803,-1,0.00015298723181275288,-1,-1,0.5,-1,-1,-1,-1
5.411511901790338,-1,-1,-1,-1,-1,0.27057559508951695,-1,0.0001528955791840866,-1,-1,0.5,-1,-1,-1,-1
5.4180016636249535,-1,-1,-1,-1,-1,0.2709000831812477,-1,0.00015280398146329884,-1,-1,0.5,-1,-1,-1,-1
5.4244992083138674,-1,-1,-1,-1,-1,0.2712249604156934,-1,0.00015271243861749508,-1,-1,0.5,-1,-1,-1,-1
5.43100454519068,-1,-1,-1,-1,-1,0.271550227259534,-1,0.00015262095061380028,-1,-1,0.5,-1,-1,-1,-1
5.437517683600177,-1,-1,-1,-1,-1,0.27187588418000885,-1,0.00015252951741935944,-1,-1,0.5,-1,-1,-1,-1
5.444038632898357,-1,-1,-1,-1,-1,0.27220193164491785,-1,0.000152438139001337,-1,-1,0.5,-1,-1,-1,-1
5.450567402452437,-1,-1,-1,-1,-1,0.2725283701226219,-1,0.0001523468153269171,-1,-1,0.5,-1,-1,-1,-1
5.457104001640869,-1,-1,-1,-1,-1,0.27285520008204345,-1,0.0001522555463633036,-1,-1,0.5,-1,-1,-1,-1
5.463648439853353,-1,-1,-1,-1,-1,0.2731824219926677,-1,0.00015216433207771994,-1,-1,0.5,-1,-1,-1,-1
5.470200726490842,-1,-1,-1,-1,-1,0.2735100363245421,-1,0.0001520731724374093,-1,-1,0.5,-1,-1,-1,-1
5.476760870965571,-1,-1,-1,-1,-1,0.27383804354827856,-1,0.00015198206740963435,-1,-1,0.5,-1,-1,-1,-1
5.483328882701062,-1,-1,-1,-1,-1,0.2741664441350531,-1,0.0001518910169616775,-1,-1,0.5,-1,-1,-1,-1
5.489904771132134,-1,-1,-1,-1,-1,0.27449523855660674,-1,0.0001518000210608407,-1,-1,0.5,-1,-1,-1,-1
5.496488545704928,-1,-1,-1,-1,-1,0.2748244272852464,-1,0.00015170907967444543,-1,-1,0.5,-1,-1,-1,-1
5.503080215876902,-1,-1,-1,-1,-1,0.2751540107938451,-1,0.00015161819276983285,-1,-1,0.5,-1,-1,-1,-1
5.509679791116865,-1,-1,-1,-1,-1,0.27548398955584324,-1,0.00015152736031436367,-1,-1,0.5,-1,-1,-1,-1
5.516287280904979,-1,-1,-1,-1,-1,0.275814364045249,-1,0.0001514365822754181,-1,-1,0.5,-1,-1,-1,-1
5.5229026947327755,-1,-1,-1,-1,-1,0.27614513473663876,-1,0.00015134585862039591,-1,-1,0.5,-1,-1,-1,-1
5.5295260421031704,-1,-1,-1,-1,-1,0.27647630210515856,-1,0.0001512551893167164,-1,-1,0.5,-1,-1,-1,-1
5.536157332530468,-1,-1,-1,-1,-1,0.2768078666265234,-1,0.00015116457433181842,-1,-1,0.5,-1,-1,-1,-1
5.542796575540392,-1,-1,-1,-1,-1,0.27713982877701965,-1,0.00015107401363316034,-1,-1,0.5,-1,-1,-1,-1
5.549443780670085,-1,-1,-1,-1,-1,0.2774721890335043,-1,0.00015098350718821993,-1,-1,0.5,-1,-1,-1,-1
5.556098957468129,-1,-1,-1,-1,-1,0.2778049478734065,-1,0.00015089305496449455,-1,-1,0.5,-1,-1,-1,-1
5.562762115494559,-1,-1,-1,-1,-1,0.278138105774728,-1,0.0001508026569295009,-1,-1,0.5,-1,-1,-1,-1
5.569433264320867,-1,-1,-1,-1,-1,0.27847166321604333,-1,0.00015071231305077536,-1,-1,0.5,-1,-1,-1,-1
5.57611241353003,-1,-1,-1,-1,-1,0.2788056206765015,-1,0.00015062202329587358,-1,-1,0.5,-1,-1,-1,-1
5.582799572716519,-1,-1,-1,-1,-1,0.27913997863582596,-1,0.00015053178763237062,-1,-1,0.5,-1,-1,-1,-1
5.589494751486306,-1,-1,-1,-1,-1,0.27947473757431535,-1,0.00015044160602786113,-1,-1,0.5,-1,-1,-1,-1
5.596197959456887,-1,-1,-1,-1,-1,0.2798098979728444,-1,0.00015035147844995908,-1,-1,0.5,-1,-1,-1,-1
5.602909206257293,-1,-1,-1,-1,-1,0.2801454603128647,-1,0.00015026140486629766,-1,-1,0.5,-1,-1,-1,-1
5.609628501528094,-1,-1,-1,-1,-1,0.28048142507640467,-1,0.0001501713852445299,-1,-1,0.5,-1,-1,-1,-1
5.616355854921429,-1,-1,-1,-1,-1,0.2808177927460715,-1,0.0001500814195523278,-1,-1,0.5,-1,-1,-1,-1
5.623091276101013,-1,-1,-1,-1,-1,0.28115456380505066,-1,0.0001499915077573829,-1,-1,0.5,-1,-1,-1,-1
5.629834774742145,-1,-1,-1,-1,-1,0.28149173873710726,-1,0.00014990164982740605,-1,-1,0.5,-1,-1,-1,-1
5.6365863605317355,-1,-1,-1,-1,-1,0.2818293180265868,-1,0.00014981184573012742,-1,-1,0.5,-1,-1,-1,-1
5.6433460431682985,-1,-1,-1,-1,-1,0.28216730215841496,-1,0.00014972209543329666,-1,-1,0.5,-1,-1,-1,-1
5.650113832361992,-1,-1,-1,-1,-1,0.28250569161809963,-1,0.00014963239890468253,-1,-1,0.5,-1,-1,-1,-1
5.656889737834613,-1,-1,-1,-1,-1,0.28284448689173064,-1,0.00014954275611207325,-1,-1,0.5,-1,-1,-1,-1
5.663673769319617,-1,-1,-1,-1,-1,0.28318368846598085,-1,0.0001494531670232763,-1,-1,0.5,-1,-1,-1,-1
5.670465936562138,-1,-1,-1,-1,-1,0.2835232968281069,-1,0.0001493636316061184,-1,-1,0.5,-1,-1,-1,-1
5.677266249318987,-1,-1,-1,-1,-1,0.28386331246594937,-1,0.00014927414982844562,-1,-1,0.5,-1,-1,-1,-1
5.684074717358684,-1,-1,-1,-1,-1,0.28420373586793424,-1,0.00014918472165812325,-1,-1,0.5,-1,-1,-1,-1
5.69089135046146,-1,-1,-1,-1,-1,0.28454456752307306,-1,0.00014909534706303578,-1,-1,0.5,-1,-1,-1,-1
5.697716158419278,-1,-1,-1,-1,-1,0.2848858079209639,-1,0.00014900602601108706,-1,-1,0.5,-1,-1,-1,-1
5.704549151035844,-1,-1,-1,-1,-1,0.28522745755179224,-1,0.00014891675847020005,-1,-1,0.5,-1,-1,-1,-1
5.7113903381266145,-1,-1,-1,-1,-1,0.28556951690633076,-1,0.00014882754440831701,-1,-1,0.5,-1,-1,-1,-1
5.7182397295188245,-1,-1,-1,-1,-1,0.28591198647594124,-1,0.0001487383837933994,-1,-1,0.5,-1,-1,-1,-1
5.725097335051491,-1,-1,-1,-1,-1,0.28625486675257455,-1,0.0001486492765934278,-1,-1,0.5,-1,-1,-1,-1
5.731963164575433,-1,-1,-1,-1,-1,0.28659815822877166,-1,0.00014856022277640204,-1,-1,0.5,-1,-1,-1,-1
5.738837227953282,-1,-1,-1,-1,-1,0.28694186139766414,-1,0.00014847122231034107,-1,-1,0.5,-1,-1,-1,-1
5.745719535059494,-1,-1,-1,-1,-1,0.2872859767529747,-1,0.00014838227516328313,-1,-1,0.5,-1,-1,-1,-1
5.75261009578037,-1,-1,-1,-1,-1,0.2876305047890185,-1,0.0001482933813032854,-1,-1,0.5,-1,-1,-1,-1
5.759508920014068,-1,-1,-1,-1,-1,0.2879754460007034,-1,0.0001482045406984244,-1,-1,0.5,-1,-1,-1,-1
5.766416017670615,-1,-1,-1,-1,-1,0.28832080088353074,-1,0.00014811575331679565,-1,-1,0.5,-1,-1,-1,-1
5.773331398671925,-1,-1,-1,-1,-1,0.28866656993359624,-1,0.00014802701912651372,-1,-1,0.5,-1,-1,-1,-1
5.780255072951804,-1,-1,-1,-1,-1,0.2890127536475902,-1,0.0001479383380957125,-1,-1,0.5,-1,-1,-1,-1
5.787187050455978,-1,-1,-1,-1,-1,0.28935935252279893,-1,0.00014784971019254483,-1,-1,0.5,-1,-1,-1,-1
5.794127341142099,-1,-1,-1,-1,-1,0.28970636705710495,-1,0.0001477611353851826,-1,-1,0.5,-1,-1,-1,-1
5.801075954979758,-1,-1,-1,-1,-1,0.29005379774898793,-1,0.00014767261364181686,-1,-1,0.5,-1,-1,-1,-1
5.80803290195051,-1,-1,-1,-1,-1,0.2904016450975255,-1,0.00014758414493065756,-1,-1,0.5,-1,-1,-1,-1
5.814998192047867,-1,-1,-1,-1,-1,0.29074990960239333,-1,0.00014749572921993399,-1,-1,0.5,-1,-1,-1,-1
5.821971835277335,-1,-1,-1,-1,-1,0.29109859176386677,-1,0.00014740736647789415,-1,-1,0.5,-1,-1,-1,-1
5.828953841656418,-1,-1,-1,-1,-1,0.2914476920828209,-1,0.0001473190566728053,-1,-1,0.5,-1,-1,-1,-1
5.835944221214633,-1,-1,-1,-1,-1,0.29179721106073164,-1,0.0001472307997729535,-1,-1,0.5,-1,-1,-1,-1
5.842942983993527,-1,-1,-1,-1,-1,0.2921471491996764,-1,0.00014714259574664397,-1,-1,0.5,-1,-1,-1,-1
5.849950140046683,-1,-1,-1,-1,-1,0.2924975070023342,-1,0.00014705444456220089,-1,-1,0.5,-1,-1,-1,-1
5.856965699439746,-1,-1,-1,-1,-1,0.2928482849719873,-1,0.0001469663461879674,-1,-1,0.5,-1,-1,-1,-1
5.8639896722504306,-1,-1,-1,-1,-1,0.2931994836125215,-1,0.00014687830059230558,-1,-1,0.5,-1,-1,-1,-1
5.871022068568538,-1,-1,-1,-1,-1,0.29355110342842694,-1,0.0001467903077435965,-1,-1,0.5,-1,-1,-1,-1
5.878062898495973,-1,-1,-1,-1,-1,0.29390314492479863,-1,0.0001467023676102401,-1,-1,0.5,-1,-1,-1,-1
5.885112172146743,-1,-1,-1,-1,-1,0.2942556086073372,-1,0.00014661448016065542,-1,-1,0.5,-1,-1,-1,-1
5.8921698996469996,-1,-1,-1,-1,-1,0.29460849498235,-1,0.00014652664536328022,-1,-1,0.5,-1,-1,-1,-1
5.899236091135028,-1,-1,-1,-1,-1,0.2949618045567514,-1,0.00014643886318657128,-1,-1,0.5,-1,-1,-1,-1
5.906310756761276,-1,-1,-1,-1,-1,0.2953155378380638,-1,0.00014635113359900428,-1,-1,0.5,-1,-1,-1,-1
5.913393906688367,-1,-1,-1,-1,-1,0.2956696953344184,-1,0.0001462634565690737,-1,-1,0.5,-1,-1,-1,-1
5.920485551091104,-1,-1,-1,-1,-1,0.2960242775545552,-1,0.000146175832065293,-1,-1,0.5,-1,-1,-1,-1
5.927585700156496,-1,-1,-1,-1,-1,0.2963792850078248,-1,0.0001460882600561945,-1,-1,0.5,-1,-1,-1,-1
5.934694364083773,-1,-1,-1,-1,-1,0.2967347182041887,-1,0.00014600074051032927,-1,-1,0.5,-1,-1,-1,-1
5.941811553084391,-1,-1,-1,-1,-1,0.2970905776542196,-1,0.00014591327339626725,-1,-1,0.5,-1,-1,-1,-1
5.948937277382054,-1,-1,-1,-1,-1,0.29744686386910274,-1,0.0001458258586825973,-1,-1,0.5,-1,-1,-1,-1
5.95607154721273,-1,-1,-1,-1,-1,0.2978035773606365,-1,0.000145738496337927,-1,-1,0.5,-1,-1,-1,-1
5.963214372824654,-1,-1,-1,-1,-1,0.29816071864123267,-1,0.0001456511863308828,-1,-1,0.5,-1,-1,-1,-1
5.970365764478358,-1,-1,-1,-1,-1,0.2985182882239179,-1,0.0001455639286301099,-1,-1,0.5,-1,-1,-1,-1
5.977525732446678,-1,-1,-1,-1,-1,0.29887628662233395,-1,0.00014547672320427236,-1,-1,0.5,-1,-1,-1,-1
5.9846942870147695,-1,-1,-1,-1,-1,0.2992347143507385,-1,0.00014538957002205292,-1,-1,0.5,-1,-1,-1,-1
5.991871438480125,-1,-1,-1,-1,-1,0.29959357192400626,-1,0.00014530246905215303,-1,-1,0.5,-1,-1,-1,-1
5.999057197152577,-1,-1,-1,-1,-1,0.2999528598576288,-1,0.00014521542026329313,-1,-1,0.5,-1,-1,-1,-1
6.006251573354332,-1,-1,-1,-1,-1,0.3003125786677166,-1,0.00014512842362421216,-1,-1,0.5,-1,-1,-1,-1
6.013454577419971,-1,-1,-1,-1,-1,0.30067272887099855,-1,0.00014504147910366792,-1,-1,0.5,-1,-1,-1,-1
6.02066621969647,-1,-1,-1,-1,-1,0.30103331098482355,-1,0.00014495458667043682,-1,-1,0.5,-1,-1,-1,-1
6.027886510543216,-1,-1,-1,-1,-1,0.30139432552716083,-1,0.00014486774629331406,-1,-1,0.5,-1,-1,-1,-1
6.035115460332013,-1,-1,-1,-1,-1,0.30175577301660067,-1,0.0001447809579411136,-1,-1,0.5,-1,-1,-1,-1
6.042353079447106,-1,-1,-1,-1,-1,0.30211765397235535,-1,0.0001446942215826679,-1,-1,0.5,-1,-1,-1,-1
6.0495993782851984,-1,-1,-1,-1,-1,0.30247996891425993,-1,0.00014460753718682822,-1,-1,0.5,-1,-1,-1,-1
6.056854367255456,-1,-1,-1,-1,-1,0.3028427183627728,-1,0.00014452090472246446,-1,-1,0.5,-1,-1,-1,-1
6.064118056779533,-1,-1,-1,-1,-1,0.30320590283897664,-1,0.0001444343241584651,-1,-1,0.5,-1,-1,-1,-1
6.071390457291572,-1,-1,-1,-1,-1,0.3035695228645786,-1,0.0001443477954637374,-1,-1,0.5,-1,-1,-1,-1
6.078671579238239,-1,-1,-1,-1,-1,0.303933578961912,-1,0.00014426131860720715,-1,-1,0.5,-1,-1,-1,-1
6.085961433078724,-1,-1,-1,-1,-1,0.30429807165393624,-1,0.00014417489355781873,-1,-1,0.5,-1,-1,-1,-1
6.093260029284761,-1,-1,-1,-1,-1,0.3046630014642381,-1,0.0001440885202845352,-1,-1,0.5,-1,-1,-1,-1
6.100567378340645,-1,-1,-1,-1,-1,0.3050283689170323,-1,0.0001440021987563381,-1,-1,0.5,-1,-1,-1,-1
6.1078834907432356,-1,-1,-1,-1,-1,0.3053941745371618,-1,0.00014391592894222774,-1,-1,0.5,-1,-1,-1,-1
6.115208377001988,-1,-1,-1,-1,-1,0.3057604188500994,-1,0.0001438297108112229,-1,-1,0.5,-1,-1,-1,-1
6.12254204763896,-1,-1,-1,-1,-1,0.306127102381948,-1,0.0001437435443323608,-1,-1,0.5,-1,-1,-1,-1
6.129884513188827,-1,-1,-1,-1,-1,0.3064942256594414,-1,0.00014365742947469745,-1,-1,0.5,-1,-1,-1,-1
6.137235784198902,-1,-1,-1,-1,-1,0.3068617892099451,-1,0.00014357136620730715,-1,-1,0.5,-1,-1,-1,-1
6.144595871229137,-1,-1,-1,-1,-1,0.30722979356145685,-1,0.00014348535449928293,-1,-1,0.5,-1,-1,-1,-1
6.151964784852156,-1,-1,-1,-1,-1,0.3075982392426078,-1,0.00014339939431973626,-1,-1,0.5,-1,-1,-1,-1
6.159342535653262,-1,-1,-1,-1,-1,0.30796712678266314,-1,0.0001433134856377971,-1,-1,0.5,-1,-1,-1,-1
6.16672913423045,-1,-1,-1,-1,-1,0.30833645671152254,-1,0.0001432276284226139,-1,-1,0.5,-1,-1,-1,-1
6.174124591194429,-1,-1,-1,-1,-1,0.3087062295597215,-1,0.00014314182264335356,-1,-1,0.5,-1,-1,-1,-1
6.181528917168625,-1,-1,-1,-1,-1,0.30907644585843125,-1,0.00014305606826920156,-1,-1,0.5,-1,-1,-1,-1
6.188942122789208,-1,-1,-1,-1,-1,0.3094471061394604,-1,0.00014297036526936182,-1,-1,0.5,-1,-1,-1,-1
6.196364218705107,-1,-1,-1,-1,-1,0.3098182109352554,-1,0.00014288471361305658,-1,-1,0.5,-1,-1,-1,-1
6.203795215578019,-1,-1,-1,-1,-1,0.310189760778901,-1,0.00014279911326952664,-1,-1,0.5,-1,-1,-1,-1
6.211235124082428,-1,-1,-1,-1,-1,0.3105617562041214,-1,0.00014271356420803117,-1,-1,0.5,-1,-1,-1,-1
6.218683954905613,-1,-1,-1,-1,-1,0.31093419774528064,-1,0.00014262806639784784,-1,-1,0.5,-1,-1,-1,-1
6.226141718747678,-1,-1,-1,-1,-1,0.31130708593738393,-1,0.00014254261980827264,-1,-1,0.5,-1,-1,-1,-1
6.233608426321557,-1,-1,-1,-1,-1,0.31168042131607787,-1,0.00014245722440861994,-1,-1,0.5,-1,-1,-1,-1
6.24108408835303,-1,-1,-1,-1,-1,0.3120542044176515,-1,0.00014237188016822262,-1,-1,0.5,-1,-1,-1,-1
6.248568715580743,-1,-1,-1,-1,-1,0.3124284357790372,-1,0.00014228658705643172,-1,-1,0.5,-1,-1,-1,-1
6.256062318756212,-1,-1,-1,-1,-1,0.3128031159378106,-1,0.00014220134504261688,-1,-1,0.5,-1,-1,-1,-1
6.263564908643855,-1,-1,-1,-1,-1,0.31317824543219275,-1,0.00014211615409616594,-1,-1,0.5,-1,-1,-1,-1
6.271076496020998,-1,-1,-1,-1,-1,0.31355382480104993,-1,0.00014203101418648514,-1,-1,0.5,-1,-1,-1,-1
6.2785970916778915,-1,-1,-1,-1,-1,0.3139298545838946,-1,0.00014194592528299897,-1,-1,0.5,-1,-1,-1,-1
6.286126706417723,-1,-1,-1,-1,-1,0.31430633532088614,-1,0.00014186088735515035,-1,-1,0.5,-1,-1,-1,-1
6.293665351056642,-1,-1,-1,-1,-1,0.31468326755283216,-1,0.00014177590037240038,-1,-1,0.5,-1,-1,-1,-1
6.30121303642376,-1,-1,-1,-1,-1,0.31506065182118803,-1,0.00014169096430422862,-1,-1,0.5,-1,-1,-1,-1
6.308769773361182,-1,-1,-1,-1,-1,0.3154384886680591,-1,0.00014160607912013274,-1,-1,0.5,-1,-1,-1,-1
6.316335572724015,-1,-1,-1,-1,-1,0.3158167786362008,-1,0.0001415212447896288,-1,-1,0.5,-1,-1,-1,-1
6.323910445380385,-1,-1,-1,-1,-1,0.31619552226901926,-1,0.00014143646128225108,-1,-1,0.5,-1,-1,-1,-1
6.331494402211448,-1,-1,-1,-1,-1,0.3165747201105724,-1,0.00014135172856755208,-1,-1,0.5,-1,-1,-1,-1
6.33908745411141,-1,-1,-1,-1,-1,0.31695437270557053,-1,0.00014126704661510263,-1,-1,0.5,-1,-1,-1,-1
6.346689611987542,-1,-1,-1,-1,-1,0.31733448059937713,-1,0.00014118241539449173,-1,-1,0.5,-1,-1,-1,-1
6.354300886760197,-1,-1,-1,-1,-1,0.3177150443380099,-1,0.00014109783487532658,-1,-1,0.5,-1,-1,-1,-1
6.361921289362826,-1,-1,-1,-1,-1,0.3180960644681413,-1,0.00014101330502723264,-1,-1,0.5,-1,-1,-1,-1
6.369550830741989,-1,-1,-1,-1,-1,0.3184775415370995,-1,0.0001409288258198535,-1,-1,0.5,-1,-1,-1,-1
6.377189521857371,-1,-1,-1,-1,-1,0.3188594760928686,-1,0.00014084439722285104,-1,-1,0.5,-1,-1,-1,-1
6.384837373681806,-1,-1,-1,-1,-1,0.3192418686840903,-1,0.0001407600192059052,-1,-1,0.5,-1,-1,-1,-1
6.3924943972012835,-1,-1,-1,-1,-1,0.3196247198600642,-1,0.00014067569173871418,-1,-1,0.5,-1,-1,-1,-1
6.40016060341497,-1,-1,-1,-1,-1,0.3200080301707485,-1,0.00014059141479099427,-1,-1,0.5,-1,-1,-1,-1
6.407836003335227,-1,-1,-1,-1,-1,0.3203918001667614,-1,0.00014050718833247982,-1,-1,0.5,-1,-1,-1,-1
6.415520607987608,-1,-1,-1,-1,-1,0.3207760303993804,-1,0.00014042301233292362,-1,-1,0.5,-1,-1,-1,-1
6.423214428410904,-1,-1,-1,-1,-1,0.3211607214205452,-1,0.0001403388867620962,-1,-1,0.5,-1,-1,-1,-1
6.430917475657138,-1,-1,-1,-1,-1,0.32154587378285693,-1,0.00014025481158978648,-1,-1,0.5,-1,-1,-1,-1
6.438629760791588,-1,-1,-1,-1,-1,0.3219314880395794,-1,0.00014017078678580134,-1,-1,0.5,-1,-1,-1,-1
6.446351294892805,-1,-1,-1,-1,-1,0.3223175647446403,-1,0.00014008681231996573,-1,-1,0.5,-1,-1,-1,-1
6.454082089052617,-1,-1,-1,-1,-1,0.32270410445263087,-1,0.00014000288816212278,-1,-1,0.5,-1,-1,-1,-1
6.461822154376164,-1,-1,-1,-1,-1,0.3230911077188082,-1,0.00013991901428213368,-1,-1,0.5,-1,-1,-1,-1
6.469571501981898,-1,-1,-1,-1,-1,0.32347857509909494,-1,0.00013983519064987755,-1,-1,0.5,-1,-1,-1,-1
6.477330143001606,-1,-1,-1,-1,-1,0.32386650715008036,-1,0.00013975141723525172,-1,-1,0.5,-1,-1,-1,-1
6.485098088580432,-1,-1,-1,-1,-1,0.3242549044290216,-1,0.00013966769400817136,-1,-1,0.5,-1,-1,-1,-1
6.4928753498768685,-1,-1,-1,-1,-1,0.32464376749384344,-1,0.00013958402093856989,-1,-1,0.5,-1,-1,-1,-1
6.500661938062806,-1,-1,-1,-1,-1,0.3250330969031403,-1,0.00013950039799639854,-1,-1,0.5,-1,-1,-1,-1
6.508457864323527,-1,-1,-1,-1,-1,0.3254228932161764,-1,0.0001394168251516267,-1,-1,0.5,-1,-1,-1,-1
6.516263139857729,-1,-1,-1,-1,-1,0.3258131569928865,-1,0.00013933330237424161,-1,-1,0.5,-1,-1,-1,-1
6.524077775877542,-1,-1,-1,-1,-1,0.32620388879387713,-1,0.00013924982963424862,-1,-1,0.5,-1,-1,-1,-1
6.531901783608531,-1,-1,-1,-1,-1,0.32659508918042657,-1,0.00013916640690167097,-1,-1,0.5,-1,-1,-1,-1
6.539735174289737,-1,-1,-1,-1,-1,0.32698675871448685,-1,0.00013908303414654987,-1,-1,0.5,-1,-1,-1,-1
6.547577959173672,-1,-1,-1,-1,-1,0.3273788979586836,-1,0.00013899971133894448,-1,-1,0.5,-1,-1,-1,-1
6.555430149526344,-1,-1,-1,-1,-1,0.3277715074763172,-1,0.00013891643844893192,-1,-1,0.5,-1,-1,-1,-1
6.563291756627277,-1,-1,-1,-1,-1,0.3281645878313639,-1,0.0001388332154466072,-1,-1,0.5,-1,-1,-1,-1
6.57116279176951,-1,-1,-1,-1,-1,0.3285581395884755,-1,0.0001387500423020833,-1,-1,0.5,-1,-1,-1,-1
6.579043266259634,-1,-1,-1,-1,-1,0.3289521633129817,-1,0.00013866691898549102,-1,-1,0.5,-1,-1,-1,-1
6.586933191417801,-1,-1,-1,-1,-1,0.32934665957089004,-1,0.00013858384546697918,-1,-1,0.5,-1,-1,-1,-1
6.594832578577733,-1,-1,-1,-1,-1,0.32974162892888664,-1,0.00013850082171671434,-1,-1,0.5,-1,-1,-1,-1
6.60274143908675,-1,-1,-1,-1,-1,0.3301370719543375,-1,0.00013841784770488098,-1,-1,0.5,-1,-1,-1,-1
6.610659784305771,-1,-1,-1,-1,-1,0.33053298921528856,-1,0.00013833492340168156,-1,-1,0.5,-1,-1,-1,-1
6.618587625609347,-1,-1,-1,-1,-1,0.3309293812804674,-1,0.00013825204877733626,-1,-1,0.5,-1,-1,-1,-1
6.626524974385671,-1,-1,-1,-1,-1,0.33132624871928357,-1,0.0001381692238020831,-1,-1,0.5,-1,-1,-1,-1
6.634471842036588,-1,-1,-1,-1,-1,0.3317235921018294,-1,0.00013808644844617797,-1,-1,0.5,-1,-1,-1,-1
6.64242823997762,-1,-1,-1,-1,-1,0.332121411998881,-1,0.0001380037226798946,-1,-1,0.5,-1,-1,-1,-1
6.650394179637981,-1,-1,-1,-1,-1,0.3325197089818991,-1,0.0001379210464735244,-1,-1,0.5,-1,-1,-1,-1
6.6583696724605845,-1,-1,-1,-1,-1,0.3329184836230292,-1,0.0001378384197973769,-1,-1,0.5,-1,-1,-1,-1
6.666354729902072,-1,-1,-1,-1,-1,0.33331773649510366,-1,0.000137755842621779,-1,-1,0.5,-1,-1,-1,-1
6.6743493634328255,-1,-1,-1,-1,-1,0.3337174681716413,-1,0.00013767331491707567,-1,-1,0.5,-1,-1,-1,-1
6.68235358453698,-1,-1,-1,-1,-1,0.334117679226849,-1,0.0001375908366536295,-1,-1,0.5,-1,-1,-1,-1
6.690367404712447,-1,-1,-1,-1,-1,0.33451837023562236,-1,0.0001375084078018209,-1,-1,0.5,-1,-1,-1,-1
6.698390835470918,-1,-1,-1,-1,-1,0.33491954177354594,-1,0.000137426028332048,-1,-1,0.5,-1,-1,-1,-1
6.7064238883378975,-1,-1,-1,-1,-1,0.3353211944168949,-1,0.00013734369821472676,-1,-1,0.5,-1,-1,-1,-1
6.714466574852712,-1,-1,-1,-1,-1,0.3357233287426356,-1,0.00013726141742029067,-1,-1,0.5,-1,-1,-1,-1
6.722518906568523,-1,-1,-1,-1,-1,0.3361259453284262,-1,0.00013717918591919112,-1,-1,0.5,-1,-1,-1,-1
6.730580895052353,-1,-1,-1,-1,-1,0.3365290447526177,-1,0.00013709700368189705,-1,-1,0.5,-1,-1,-1,-1
6.738652551885085,-1,-1,-1,-1,-1,0.3369326275942543,-1,0.00013701487067889522,-1,-1,0.5,-1,-1,-1,-1
6.7467338886615025,-1,-1,-1,-1,-1,0.3373366944330751,-1,0.00013693278688069004,-1,-1,0.5,-1,-1,-1,-1
6.7548249169902865,-1,-1,-1,-1,-1,0.33774124584951437,-1,0.00013685075225780349,-1,-1,0.5,-1,-1,-1,-1
6.762925648494043,-1,-1,-1,-1,-1,0.3381462824247022,-1,0.00013676876678077532,-1,-1,0.5,-1,-1,-1,-1
6.77103609480932,-1,-1,-1,-1,-1,0.33855180474046603,-1,0.0001366868304201629,-1,-1,0.5,-1,-1,-1,-1
6.779156267586609,-1,-1,-1,-1,-1,0.3389578133793305,-1,0.00013660494314654125,-1,-1,0.5,-1,-1,-1,-1
6.787286178490384,-1,-1,-1,-1,-1,0.33936430892451924,-1,0.00013652310493050297,-1,-1,0.5,-1,-1,-1,-1
6.795425839199105,-1,-1,-1,-1,-1,0.33977129195995526,-1,0.00013644131574265834,-1,-1,0.5,-1,-1,-1,-1
6.803575261405236,-1,-1,-1,-1,-1,0.3401787630702618,-1,0.00013635957555363523,-1,-1,0.5,-1,-1,-1,-1
6.811734456815266,-1,-1,-1,-1,-1,0.3405867228407633,-1,0.000136277884334079,-1,-1,0.5,-1,-1,-1,-1
6.8199034371497165,-1,-1,-1,-1,-1,0.34099517185748585,-1,0.0001361962420546528,-1,-1,0.5,-1,-1,-1,-1
6.828082214143172,-1,-1,-1,-1,-1,0.3414041107071586,-1,0.0001361146486860372,-1,-1,0.5,-1,-1,-1,-1
6.836270799544287,-1,-1,-1,-1,-1,0.34181353997721436,-1,0.00013603310419893038,-1,-1,0.5,-1,-1,-1,-1
6.844469205115805,-1,-1,-1,-1,-1,0.3422234602557903,-1,0.00013595160856404807,-1,-1,0.5,-1,-1,-1,-1
6.8526774426345805,-1,-1,-1,-1,-1,0.342633872131729,-1,0.00013587016175212353,-1,-1,0.5,-1,-1,-1,-1
6.860895523891581,-1,-1,-1,-1,-1,0.34304477619457907,-1,0.00013578876373390763,-1,-1,0.5,-1,-1,-1,-1
6.869123460691923,-1,-1,-1,-1,-1,0.3434561730345962,-1,0.00013570741448016866,-1,-1,0.5,-1,-1,-1,-1
6.877361264854879,-1,-1,-1,-1,-1,0.343868063242744,-1,0.0001356261139616925,-1,-1,0.5,-1,-1,-1,-1
6.885608948213895,-1,-1,-1,-1,-1,0.3442804474106948,-1,0.00013554486214928244,-1,-1,0.5,-1,-1,-1,-1
6.893866522616612,-1,-1,-1,-1,-1,0.34469332613083065,-1,0.00013546365901375934,-1,-1,0.5,-1,-1,-1,-1
6.902133999924867,-1,-1,-1,-1,-1,0.3451066999962434,-1,0.00013538250452596156,-1,-1,0.5,-1,-1,-1,-1
6.910411392014736,-1,-1,-1,-1,-1,0.34552056960073685,-1,0.00013530139865674487,-1,-1,0.5,-1,-1,-1,-1
6.918698710776532,-1,-1,-1,-1,-1,0.3459349355388266,-1,0.00013522034137698253,-1,-1,0.5,-1,-1,-1,-1
6.926995968114825,-1,-1,-1,-1,-1,0.3463497984057413,-1,0.00013513933265756523,-1,-1,0.5,-1,-1,-1,-1
6.935303175948472,-1,-1,-1,-1,-1,0.34676515879742364,-1,0.00013505837246940102,-1,-1,0.5,-1,-1,-1,-1
6.943620346210605,-1,-1,-1,-1,-1,0.3471810173105303,-1,0.00013497746078341562,-1,-1,0.5,-1,-1,-1,-1
6.951947490848684,-1,-1,-1,-1,-1,0.3475973745424342,-1,0.00013489659757055192,-1,-1,0.5,-1,-1,-1,-1
6.96028462182449,-1,-1,-1,-1,-1,0.34801423109122454,-1,0.00013481578280177036,-1,-1,0.5,-1,-1,-1,-1
6.968631751114149,-1,-1,-1,-1,-1,0.34843158755570747,-1,0.0001347350164480487,-1,-1,0.5,-1,-1,-1,-1
6.976988890708155,-1,-1,-1,-1,-1,0.3488494445354078,-1,0.00013465429848038212,-1,-1,0.5,-1,-1,-1,-1
6.985356052611369,-1,-1,-1,-1,-1,0.34926780263056845,-1,0.0001345736288697832,-1,-1,0.5,-1,-1,-1,-1
6.993733248843061,-1,-1,-1,-1,-1,0.3496866624421531,-1,0.00013449300758728186,-1,-1,0.5,-1,-1,-1,-1
7.0021204914369095,-1,-1,-1,-1,-1,0.3501060245718455,-1,0.00013441243460392534,-1,-1,0.5,-1,-1,-1,-1
7.0105177924410285,-1,-1,-1,-1,-1,0.35052588962205145,-1,0.00013433190989077827,-1,-1,0.5,-1,-1,-1,-1
7.018925163917979,-1,-1,-1,-1,-1,0.350946258195899,-1,0.0001342514334189226,-1,-1,0.5,-1,-1,-1,-1
7.027342617944781,-1,-1,-1,-1,-1,0.35136713089723903,-1,0.00013417100515945765,-1,-1,0.5,-1,-1,-1,-1
7.035770166612948,-1,-1,-1,-1,-1,0.3517885083306474,-1,0.00013409062508349997,-1,-1,0.5,-1,-1,-1,-1
7.044207822028489,-1,-1,-1,-1,-1,0.3522103911014245,-1,0.0001340102931621835,-1,-1,0.5,-1,-1,-1,-1
7.052655596311933,-1,-1,-1,-1,-1,0.35263277981559665,-1,0.00013393000936665943,-1,-1,0.5,-1,-1,-1,-1
7.061113501598344,-1,-1,-1,-1,-1,0.3530556750799172,-1,0.00013384977366809615,-1,-1,0.5,-1,-1,-1,-1
7.069581550037342,-1,-1,-1,-1,-1,0.35347907750186713,-1,0.00013376958603767948,-1,-1,0.5,-1,-1,-1,-1
7.078059753793108,-1,-1,-1,-1,-1,0.3539029876896554,-1,0.00013368944644661244,-1,-1,0.5,-1,-1,-1,-1
7.08654812504442,-1,-1,-1,-1,-1,0.35432740625222103,-1,0.00013360935486611525,-1,-1,0.5,-1,-1,-1,-1
7.095046675984658,-1,-1,-1,-1,-1,0.35475233379923293,-1,0.00013352931126742542,-1,-1,0.5,-1,-1,-1,-1
7.103555418821828,-1,-1,-1,-1,-1,0.35517777094109143,-1,0.00013344931562179774,-1,-1,0.5,-1,-1,-1,-1
7.112074365778576,-1,-1,-1,-1,-1,0.35560371828892884,-1,0.00013336936790050402,-1,-1,0.5,-1,-1,-1,-1
7.120603529092197,-1,-1,-1,-1,-1,0.3560301764546099,-1,0.0001332894680748336,-1,-1,0.5,-1,-1,-1,-1
7.1291429210146715,-1,-1,-1,-1,-1,0.3564571460507336,-1,0.00013320961611609276,-1,-1,0.5,-1,-1,-1,-1
7.137692553812672,-1,-1,-1,-1,-1,0.3568846276906336,-1,0.00013312981199560506,-1,-1,0.5,-1,-1,-1,-1
7.146252439767579,-1,-1,-1,-1,-1,0.357312621988379,-1,0.00013305005568471122,-1,-1,0.5,-1,-1,-1,-1
7.154822591175507,-1,-1,-1,-1,-1,0.35774112955877535,-1,0.00013297034715476912,-1,-1,0.5,-1,-1,-1,-1
7.163403020347304,-1,-1,-1,-1,-1,0.3581701510173652,-1,0.0001328906863771539,-1,-1,0.5,-1,-1,-1,-1
7.171993739608595,-1,-1,-1,-1,-1,0.35859968698042977,-1,0.00013281107332325777,-1,-1,0.5,-1,-1,-1,-1
7.180594761299781,-1,-1,-1,-1,-1,0.35902973806498906,-1,0.00013273150796449002,-1,-1,0.5,-1,-1,-1,-1
7.189206097776062,-1,-1,-1,-1,-1,0.35946030488880315,-1,0.00013265199027227714,-1,-1,0.5,-1,-1,-1,-1
7.197827761407461,-1,-1,-1,-1,-1,0.3598913880703731,-1,0.00013257252021806274,-1,-1,0.5,-1,-1,-1,-1
7.206459764578822,-1,-1,-1,-1,-1,0.36032298822894115,-1,0.00013249309777330754,-1,-1,0.5,-1,-1,-1,-1
7.215102119689855,-1,-1,-1,-1,-1,0.3607551059844928,-1,0.0001324137229094893,-1,-1,0.5,-1,-1,-1,-1
7.223754839155134,-1,-1,-1,-1,-1,0.3611877419577567,-1,0.00013233439559810298,-1,-1,0.5,-1,-1,-1,-1
7.232417935404124,-1,-1,-1,-1,-1,0.3616208967702062,-1,0.0001322551158106605,-1,-1,0.5,-1,-1,-1,-1
7.241091420881197,-1,-1,-1,-1,-1,0.3620545710440599,-1,0.00013217588351869085,-1,-1,0.5,-1,-1,-1,-1
7.249775308045642,-1,-1,-1,-1,-1,0.36248876540228214,-1,0.00013209669869374018,-1,-1,0.5,-1,-1,-1,-1
7.258469609371694,-1,-1,-1,-1,-1,0.36292348046858475,-1,0.00013201756130737168,-1,-1,0.5,-1,-1,-1,-1
7.2671743373485524,-1,-1,-1,-1,-1,0.36335871686742766,-1,0.0001319384713311654,-1,-1,0.5,-1,-1,-1,-1
7.2758895044803875,-1,-1,-1,-1,-1,0.3637944752240194,-1,0.00013185942873671864,-1,-1,0.5,-1,-1,-1,-1
7.284615123286372,-1,-1,-1,-1,-1,0.3642307561643186,-1,0.00013178043349564548,-1,-1,0.5,-1,-1,-1,-1
7.293351206300681,-1,-1,-1,-1,-1,0.36466756031503406,-1,0.0001317014855795773,-1,-1,0.5,-1,-1,-1,-1
7.302097766072532,-1,-1,-1,-1,-1,0.36510488830362664,-1,0.00013162258496016225,-1,-1,0.5,-1,-1,-1,-1
7.310854815166189,-1,-1,-1,-1,-1,0.36554274075830945,-1,0.00013154373160906548,-1,-1,0.5,-1,-1,-1,-1
7.319622366160981,-1,-1,-1,-1,-1,0.3659811183080491,-1,0.00013146492549796925,-1,-1,0.5,-1,-1,-1,-1
7.328400431651332,-1,-1,-1,-1,-1,0.3664200215825666,-1,0.0001313861665985726,-1,-1,0.5,-1,-1,-1,-1
7.337189024246753,-1,-1,-1,-1,-1,0.36685945121233765,-1,0.00013130745488259174,-1,-1,0.5,-1,-1,-1,-1
7.34598815657189,-1,-1,-1,-1,-1,0.3672994078285945,-1,0.00013122879032175964,-1,-1,0.5,-1,-1,-1,-1
7.354797841266528,-1,-1,-1,-1,-1,0.3677398920633264,-1,0.00013115017288782628,-1,-1,0.5,-1,-1,-1,-1
7.363618090985607,-1,-1,-1,-1,-1,0.3681809045492804,-1,0.0001310716025525586,-1,-1,0.5,-1,-1,-1,-1
7.3724489183992485,-1,-1,-1,-1,-1,0.36862244591996246,-1,0.0001309930792877403,-1,-1,0.5,-1,-1,-1,-1
7.381290336192758,-1,-1,-1,-1,-1,0.3690645168096379,-1,0.00013091460306517222,-1,-1,0.5,-1,-1,-1,-1
7.390142357066663,-1,-1,-1,-1,-1,0.3695071178533332,-1,0.0001308361738566719,-1,-1,0.5,-1,-1,-1,-1
7.399004993736721,-1,-1,-1,-1,-1,0.3699502496868361,-1,0.0001307577916340739,-1,-1,0.5,-1,-1,-1,-1
7.407878258933937,-1,-1,-1,-1,-1,0.3703939129466969,-1,0.00013067945636922954,-1,-1,0.5,-1,-1,-1,-1
7.416762165404589,-1,-1,-1,-1,-1,0.37083810827022945,-1,0.00013060116803400698,-1,-1,0.5,-1,-1,-1,-1
7.425656725910227,-1,-1,-1,-1,-1,0.3712828362955114,-1,0.00013052292660029142,-1,-1,0.5,-1,-1,-1,-1
7.43456195322772,-1,-1,-1,-1,-1,0.37172809766138604,-1,0.00013044473203998477,-1,-1,0.5,-1,-1,-1,-1
7.443477860149255,-1,-1,-1,-1,-1,0.37217389300746273,-1,0.00013036658432500573,-1,-1,0.5,-1,-1,-1,-1
7.4524044594823575,-1,-1,-1,-1,-1,0.3726202229741179,-1,0.00013028848342728992,-1,-1,0.5,-1,-1,-1,-1
7.461341764049915,-1,-1,-1,-1,-1,0.3730670882024958,-1,0.00013021042931878976,-1,-1,0.5,-1,-1,-1,-1
7.470289786690196,-1,-1,-1,-1,-1,0.3735144893345098,-1,0.00013013242197147437,-1,-1,0.5,-1,-1,-1,-1
7.479248540256854,-1,-1,-1,-1,-1,0.3739624270128427,-1,0.00013005446135732983,-1,-1,0.5,-1,-1,-1,-1
7.488218037618967,-1,-1,-1,-1,-1,0.3744109018809484,-1,0.00012997654744835888,-1,-1,0.5,-1,-1,-1,-1
7.497198291661047,-1,-1,-1,-1,-1,0.3748599145830524,-1,0.00012989868021658107,-1,-1,0.5,-1,-1,-1,-1
7.506189315283053,-1,-1,-1,-1,-1,0.3753094657641527,-1,0.0001298208596340327,-1,-1,0.5,-1,-1,-1,-1
7.515191121400419,-1,-1,-1,-1,-1,0.375759556070021,-1,0.00012974308567276682,-1,-1,0.5,-1,-1,-1,-1
7.524203722944059,-1,-1,-1,-1,-1,0.376210186147203,-1,0.0001296653583048533,-1,-1,0.5,-1,-1,-1,-1
7.533227132860403,-1,-1,-1,-1,-1,0.37666135664302014,-1,0.0001295876775023786,-1,-1,0.5,-1,-1,-1,-1
7.542261364111405,-1,-1,-1,-1,-1,0.3771130682055703,-1,0.00012951004323744604,-1,-1,0.5,-1,-1,-1,-1
7.551306429674562,-1,-1,-1,-1,-1,0.3775653214837281,-1,0.00012943245548217554,-1,-1,0.5,-1,-1,-1,-1
7.56036234254294,-1,-1,-1,-1,-1,0.37801811712714706,-1,0.0001293549142087038,-1,-1,0.5,-1,-1,-1,-1
7.569429115725175,-1,-1,-1,-1,-1,0.37847145578625874,-1,0.00012927741938918423,-1,-1,0.5,-1,-1,-1,-1
7.578506762245513,-1,-1,-1,-1,-1,0.3789253381122757,-1,0.00012919997099578685,-1,-1,0.5,-1,-1,-1,-1
7.587595295143818,-1,-1,-1,-1,-1,0.37937976475719093,-1,0.00012912256900069838,-1,-1,0.5,-1,-1,-1,-1
7.596694727475592,-1,-1,-1,-1,-1,0.3798347363737796,-1,0.00012904521337612216,-1,-1,0.5,-1,-1,-1,-1
7.605805072311995,-1,-1,-1,-1,-1,0.38029025361559976,-1,0.0001289679040942783,-1,-1,0.5,-1,-1,-1,-1
7.614926342739855,-1,-1,-1,-1,-1,0.38074631713699275,-1,0.00012889064112740344,-1,-1,0.5,-1,-1,-1,-1
7.624058551861702,-1,-1,-1,-1,-1,0.3812029275930851,-1,0.00012881342444775095,-1,-1,0.5,-1,-1,-1,-1
7.633201712795779,-1,-1,-1,-1,-1,0.381660085639789,-1,0.00012873625402759072,-1,-1,0.5,-1,-1,-1,-1
7.642355838676059,-1,-1,-1,-1,-1,0.38211779193380296,-1,0.0001286591298392093,-1,-1,0.5,-1,-1,-1,-1
7.651520942652269,-1,-1,-1,-1,-1,0.38257604713261345,-1,0.00012858205185490982,-1,-1,0.5,-1,-1,-1,-1
7.6606970378898955,-1,-1,-1,-1,-1,0.3830348518944948,-1,0.00012850502004701207,-1,-1,0.5,-1,-1,-1,-1
7.669884137570227,-1,-1,-1,-1,-1,0.3834942068785114,-1,0.00012842803438785239,-1,-1,0.5,-1,-1,-1,-1
7.679082254890352,-1,-1,-1,-1,-1,0.38395411274451763,-1,0.00012835109484978362,-1,-1,0.5,-1,-1,-1,-1
7.688291403063189,-1,-1,-1,-1,-1,0.38441457015315944,-1,0.00012827420140517528,-1,-1,0.5,-1,-1,-1,-1
7.697511595317503,-1,-1,-1,-1,-1,0.38487557976587516,-1,0.00012819735402641333,-1,-1,0.5,-1,-1,-1,-1
7.7067428448979145,-1,-1,-1,-1,-1,0.38533714224489574,-1,0.0001281205526859004,-1,-1,0.5,-1,-1,-1,-1
7.715985165064939,-1,-1,-1,-1,-1,0.385799258253247,-1,0.00012804379735605555,-1,-1,0.5,-1,-1,-1,-1
7.72523856909499,-1,-1,-1,-1,-1,0.3862619284547495,-1,0.00012796708800931437,-1,-1,0.5,-1,-1,-1,-1
7.734503070280402,-1,-1,-1,-1,-1,0.38672515351402015,-1,0.000127890424618129,-1,-1,0.5,-1,-1,-1,-1
7.743778681929455,-1,-1,-1,-1,-1,0.38718893409647276,-1,0.0001278138071549681,-1,-1,0.5,-1,-1,-1,-1
7.753065417366379,-1,-1,-1,-1,-1,0.38765327086831897,-1,0.00012773723559231684,-1,-1,0.5,-1,-1,-1,-1
7.7623632899313915,-1,-1,-1,-1,-1,0.3881181644965696,-1,0.00012766070990267674,-1,-1,0.5,-1,-1,-1,-1
7.771672312980707,-1,-1,-1,-1,-1,0.3885836156490354,-1,0.00012758423005856595,-1,-1,0.5,-1,-1,-1,-1
7.7809924998865565,-1,-1,-1,-1,-1,0.3890496249943278,-1,0.00012750779603251897,-1,-1,0.5,-1,-1,-1,-1
7.790323864037211,-1,-1,-1,-1,-1,0.3895161932018606,-1,0.00012743140779708677,-1,-1,0.5,-1,-1,-1,-1
7.799666418836988,-1,-1,-1,-1,-1,0.38998332094184945,-1,0.0001273550653248369,-1,-1,0.5,-1,-1,-1,-1
7.809020177706288,-1,-1,-1,-1,-1,0.3904510088853144,-1,0.00012727876858835324,-1,-1,0.5,-1,-1,-1,-1
7.818385154081606,-1,-1,-1,-1,-1,0.3909192577040803,-1,0.00012720251756023602,-1,-1,0.5,-1,-1,-1,-1
7.827761361415547,-1,-1,-1,-1,-1,0.39138806807077736,-1,0.000127126312213102,-1,-1,0.5,-1,-1,-1,-1
7.8371488131768565,-1,-1,-1,-1,-1,0.39185744065884287,-1,0.00012705015251958425,-1,-1,0.5,-1,-1,-1,-1
7.846547522850419,-1,-1,-1,-1,-1,0.392327376142521,-1,0.0001269740384523324,-1,-1,0.5,-1,-1,-1,-1
7.855957503937301,-1,-1,-1,-1,-1,0.39279787519686504,-1,0.00012689796998401228,-1,-1,0.5,-1,-1,-1,-1
7.865378769954759,-1,-1,-1,-1,-1,0.393268938497738,-1,0.0001268219470873062,-1,-1,0.5,-1,-1,-1,-1
7.874811334436259,-1,-1,-1,-1,-1,0.393740566721813,-1,0.00012674596973491283,-1,-1,0.5,-1,-1,-1,-1
7.884255210931498,-1,-1,-1,-1,-1,0.3942127605465749,-1,0.00012667003789954709,-1,-1,0.5,-1,-1,-1,-1
7.893710413006422,-1,-1,-1,-1,-1,0.39468552065032114,-1,0.0001265941515539404,-1,-1,0.5,-1,-1,-1,-1
7.90317695424324,-1,-1,-1,-1,-1,0.39515884771216203,-1,0.00012651831067084045,-1,-1,0.5,-1,-1,-1,-1
7.912654848240459,-1,-1,-1,-1,-1,0.39563274241202295,-1,0.00012644251522301125,-1,-1,0.5,-1,-1,-1,-1
7.922144108612889,-1,-1,-1,-1,-1,0.3961072054306445,-1,0.0001263667651832331,-1,-1,0.5,-1,-1,-1,-1
7.931644748991668,-1,-1,-1,-1,-1,0.39658223744958343,-1,0.00012629106052430264,-1,-1,0.5,-1,-1,-1,-1
7.941156783024287,-1,-1,-1,-1,-1,0.39705783915121434,-1,0.0001262154012190328,-1,-1,0.5,-1,-1,-1,-1
7.950680224374589,-1,-1,-1,-1,-1,0.3975340112187295,-1,0.00012613978724025282,-1,-1,0.5,-1,-1,-1,-1
7.960215086722818,-1,-1,-1,-1,-1,0.3980107543361409,-1,0.00012606421856080824,-1,-1,0.5,-1,-1,-1,-1
7.9697613837656185,-1,-1,-1,-1,-1,0.39848806918828095,-1,0.00012598869515356075,-1,-1,0.5,-1,-1,-1,-1
7.97931912921606,-1,-1,-1,-1,-1,0.398965956460803,-1,0.0001259132169913884,-1,-1,0.5,-1,-1,-1,-1
7.988888336803664,-1,-1,-1,-1,-1,0.3994444168401832,-1,0.0001258377840471855,-1,-1,0.5,-1,-1,-1,-1
7.998469020274403,-1,-1,-1,-1,-1,0.3999234510137202,-1,0.00012576239629386252,-1,-1,0.5,-1,-1,-1,-1
8.008061193390747,-1,-1,-1,-1,-1,0.4004030596695374,-1,0.0001256870537043462,-1,-1,0.5,-1,-1,-1,-1
8.017664869931666,-1,-1,-1,-1,-1,0.40088324349658333,-1,0.00012561175625157953,-1,-1,0.5,-1,-1,-1,-1
8.027280063692654,-1,-1,-1,-1,-1,0.4013640031846327,-1,0.00012553650390852172,-1,-1,0.5,-1,-1,-1,-1
8.036906788485759,-1,-1,-1,-1,-1,0.40184533942428796,-1,0.000125461296648148,-1,-1,0.5,-1,-1,-1,-1
8.046545058139571,-1,-1,-1,-1,-1,0.40232725290697857,-1,0.00012538613444345003,-1,-1,0.5,-1,-1,-1,-1
8.056194886499284,-1,-1,-1,-1,-1,0.40280974432496425,-1,0.00012531101726743555,-1,-1,0.5,-1,-1,-1,-1
8.065856287426689,-1,-1,-1,-1,-1,0.40329281437133446,-1,0.00012523594509312848,-1,-1,0.5,-1,-1,-1,-1
8.075529274800202,-1,-1,-1,-1,-1,0.4037764637400101,-1,0.00012516091789356883,-1,-1,0.5,-1,-1,-1,-1
8.085213862514884,-1,-1,-1,-1,-1,0.4042606931257442,-1,0.00012508593564181285,-1,-1,0.5,-1,-1,-1,-1
8.09491006448245,-1,-1,-1,-1,-1,0.4047455032241225,-1,0.00012501099831093297,-1,-1,0.5,-1,-1,-1,-1
8.10461789463131,-1,-1,-1,-1,-1,0.40523089473156554,-1,0.00012493610587401759,-1,-1,0.5,-1,-1,-1,-1
8.114337366906575,-1,-1,-1,-1,-1,0.4057168683453288,-1,0.00012486125830417136,-1,-1,0.5,-1,-1,-1,-1
8.124068495270077,-1,-1,-1,-1,-1,0.40620342476350385,-1,0.00012478645557451506,-1,-1,0.5,-1,-1,-1,-1
8.133811293700397,-1,-1,-1,-1,-1,0.40669056468501985,-1,0.00012471169765818543,-1,-1,0.5,-1,-1,-1,-1
8.143565776192869,-1,-1,-1,-1,-1,0.40717828880964346,-1,0.00012463698452833553,-1,-1,0.5,-1,-1,-1,-1
8.153331956759622,-1,-1,-1,-1,-1,0.40766659783798115,-1,0.00012456231615813425,-1,-1,0.5,-1,-1,-1,-1
8.163109849429583,-1,-1,-1,-1,-1,0.4081554924714792,-1,0.00012448769252076675,-1,-1,0.5,-1,-1,-1,-1
8.172899468248506,-1,-1,-1,-1,-1,0.40864497341242534,-1,0.00012441311358943417,-1,-1,0.5,-1,-1,-1,-1
8.182700827278994,-1,-1,-1,-1,-1,0.40913504136394974,-1,0.00012433857933735363,-1,-1,0.5,-1,-1,-1,-1
8.1925139406005,-1,-1,-1,-1,-1,0.40962569703002505,-1,0.0001242640897377585,-1,-1,0.5,-1,-1,-1,-1
8.202338822309375,-1,-1,-1,-1,-1,0.4101169411154688,-1,0.000124189644763898,-1,-1,0.5,-1,-1,-1,-1
8.212175486518872,-1,-1,-1,-1,-1,0.4106087743259436,-1,0.0001241152443890375,-1,-1,0.5,-1,-1,-1,-1
8.222023947359165,-1,-1,-1,-1,-1,0.4111011973679583,-1,0.00012404088858645825,-1,-1,0.5,-1,-1,-1,-1
8.231884218977386,-1,-1,-1,-1,-1,0.41159421094886933,-1,0.0001239665773294576,-1,-1,0.5,-1,-1,-1,-1
8.241756315537613,-1,-1,-1,-1,-1,0.41208781577688064,-1,0.00012389231059134893,-1,-1,0.5,-1,-1,-1,-1
8.251640251220925,-1,-1,-1,-1,-1,0.41258201256104626,-1,0.00012381808834546157,-1,-1,0.5,-1,-1,-1,-1
8.261536040225403,-1,-1,-1,-1,-1,0.41307680201127017,-1,0.00012374391056514076,-1,-1,0.5,-1,-1,-1,-1
8.271443696766159,-1,-1,-1,-1,-1,0.413572184838308,-1,0.00012366977722374776,-1,-1,0.5,-1,-1,-1,-1
8.281363235075352,-1,-1,-1,-1,-1,0.4140681617537676,-1,0.00012359568829465985,-1,-1,0.5,-1,-1,-1,-1
8.291294669402198,-1,-1,-1,-1,-1,0.4145647334701099,-1,0.0001235216437512702,-1,-1,0.5,-1,-1,-1,-1
8.301238014013013,-1,-1,-1,-1,-1,0.41506190070065063,-1,0.00012344764356698787,-1,-1,0.5,-1,-1,-1,-1
8.311193283191221,-1,-1,-1,-1,-1,0.4155596641595611,-1,0.00012337368771523797,-1,-1,0.5,-1,-1,-1,-1
8.32116049123737,-1,-1,-1,-1,-1,0.4160580245618685,-1,0.00012329977616946144,-1,-1,0.5,-1,-1,-1,-1
8.331139652469169,-1,-1,-1,-1,-1,0.41655698262345847,-1,0.0001232259089031151,-1,-1,0.5,-1,-1,-1,-1
8.341130781221478,-1,-1,-1,-1,-1,0.4170565390610739,-1,0.00012315208588967183,-1,-1,0.5,-1,-1,-1,-1
8.351133891846365,-1,-1,-1,-1,-1,0.41755669459231826,-1,0.00012307830710262026,-1,-1,0.5,-1,-1,-1,-1
8.361148998713105,-1,-1,-1,-1,-1,0.4180574499356553,-1,0.0001230045725154649,-1,-1,0.5,-1,-1,-1,-1
8.371176116208204,-1,-1,-1,-1,-1,0.4185588058104102,-1,0.00012293088210172623,-1,-1,0.5,-1,-1,-1,-1
8.381215258735422,-1,-1,-1,-1,-1,0.4190607629367711,-1,0.00012285723583494056,-1,-1,0.5,-1,-1,-1,-1
8.391266440715794,-1,-1,-1,-1,-1,0.4195633220357897,-1,0.0001227836336886599,-1,-1,0.5,-1,-1,-1,-1
8.401329676587645,-1,-1,-1,-1,-1,0.4200664838293823,-1,0.00012271007563645245,-1,-1,0.5,-1,-1,-1,-1
8.41140498080662,-1,-1,-1,-1,-1,0.42057024904033097,-1,0.00012263656165190182,-1,-1,0.5,-1,-1,-1,-1
8.421492367845696,-1,-1,-1,-1,-1,0.4210746183922848,-1,0.00012256309170860782,-1,-1,0.5,-1,-1,-1,-1
8.431591852195211,-1,-1,-1,-1,-1,0.4215795926097606,-1,0.00012248966578018582,-1,-1,0.5,-1,-1,-1,-1
8.441703448362881,-1,-1,-1,-1,-1,0.4220851724181441,-1,0.00012241628384026713,-1,-1,0.5,-1,-1,-1,-1
8.451827170873813,-1,-1,-1,-1,-1,0.4225913585436907,-1,0.00012234294586249881,-1,-1,0.5,-1,-1,-1,-1
8.461963034270537,-1,-1,-1,-1,-1,0.4230981517135269,-1,0.00012226965182054377,-1,-1,0.5,-1,-1,-1,-1
8.472111053113027,-1,-1,-1,-1,-1,0.42360555265565136,-1,0.00012219640168808056,-1,-1,0.5,-1,-1,-1,-1
8.482271241978717,-1,-1,-1,-1,-1,0.42411356209893586,-1,0.00012212319543880362,-1,-1,0.5,-1,-1,-1,-1
8.492443615462522,-1,-1,-1,-1,-1,0.4246221807731261,-1,0.00012205003304642309,-1,-1,0.5,-1,-1,-1,-1
8.502628188176852,-1,-1,-1,-1,-1,0.4251314094088426,-1,0.00012197691448466491,-1,-1,0.5,-1,-1,-1,-1
8.512824974751652,-1,-1,-1,-1,-1,0.42564124873758263,-1,0.00012190383972727075,-1,-1,0.5,-1,-1,-1,-1
8.52303398983441,-1,-1,-1,-1,-1,0.4261516994917205,-1,0.00012183080874799798,-1,-1,0.5,-1,-1,-1,-1
8.533255248090176,-1,-1,-1,-1,-1,0.42666276240450884,-1,0.00012175782152061967,-1,-1,0.5,-1,-1,-1,-1
8.543488764201594,-1,-1,-1,-1,-1,0.4271744382100797,-1,0.00012168487801892468,-1,-1,0.5,-1,-1,-1,-1
8.553734552868905,-1,-1,-1,-1,-1,0.4276867276434453,-1,0.0001216119782167175,-1,-1,0.5,-1,-1,-1,-1
8.563992628809988,-1,-1,-1,-1,-1,0.42819963144049944,-1,0.00012153912208781839,-1,-1,0.5,-1,-1,-1,-1
8.574263006760368,-1,-1,-1,-1,-1,0.42871315033801843,-1,0.0001214663096060632,-1,-1,0.5,-1,-1,-1,-1
8.584545701473248,-1,-1,-1,-1,-1,0.4292272850736624,-1,0.00012139354074530356,-1,-1,0.5,-1,-1,-1,-1
8.594840727719522,-1,-1,-1,-1,-1,0.4297420363859761,-1,0.00012132081547940661,-1,-1,0.5,-1,-1,-1,-1
8.605148100287785,-1,-1,-1,-1,-1,0.43025740501438925,-1,0.00012124813378225536,-1,-1,0.5,-1,-1,-1,-1
8.615467833984384,-1,-1,-1,-1,-1,0.43077339169921924,-1,0.00012117549562774828,-1,-1,0.5,-1,-1,-1,-1
8.625799943633417,-1,-1,-1,-1,-1,0.4312899971816709,-1,0.00012110290098979957,-1,-1,0.5,-1,-1,-1,-1
8.63614444407676,-1,-1,-1,-1,-1,0.431807222203838,-1,0.00012103034984233903,-1,-1,0.5,-1,-1,-1,-1
8.646501350174086,-1,-1,-1,-1,-1,0.4323250675087043,-1,0.00012095784215931203,-1,-1,0.5,-1,-1,-1,-1
8.656870676802887,-1,-1,-1,-1,-1,0.4328435338401444,-1,0.00012088537791467971,-1,-1,0.5,-1,-1,-1,-1
8.667252438858501,-1,-1,-1,-1,-1,0.4333626219429251,-1,0.00012081295708241864,-1,-1,0.5,-1,-1,-1,-1
8.677646651254129,-1,-1,-1,-1,-1,0.4338823325627065,-1,0.00012074057963652104,-1,-1,0.5,-1,-1,-1,-1
8.688053328920855,-1,-1,-1,-1,-1,0.43440266644604275,-1,0.00012066824555099473,-1,-1,0.5,-1,-1,-1,-1
8.698472486807674,-1,-1,-1,-1,-1,0.43492362434038373,-1,0.00012059595479986304,-1,-1,0.5,-1,-1,-1,-1
8.708904139881495,-1,-1,-1,-1,-1,0.4354452069940748,-1,0.00012052370735716497,-1,-1,0.5,-1,-1,-1,-1
8.719348303127191,-1,-1,-1,-1,-1,0.43596741515635956,-1,0.00012045150319695499,-1,-1,0.5,-1,-1,-1,-1
8.729804991547597,-1,-1,-1,-1,-1,0.4364902495773799,-1,0.00012037934229330314,-1,-1,0.5,-1,-1,-1,-1
8.740274220163547,-1,-1,-1,-1,-1,0.4370137110081774,-1,0.00012030722462029495,-1,-1,0.5,-1,-1,-1,-1
8.750756004013889,-1,-1,-1,-1,-1,0.43753780020069444,-1,0.0001202351501520315,-1,-1,0.5,-1,-1,-1,-1
8.76125035815549,-1,-1,-1,-1,-1,0.4380625179077745,-1,0.00012016311886262949,-1,-1,0.5,-1,-1,-1,-1
8.77175729766329,-1,-1,-1,-1,-1,0.43858786488316454,-1,0.00012009113072622097,-1,-1,0.5,-1,-1,-1,-1
8.78227683763031,-1,-1,-1,-1,-1,0.4391138418815155,-1,0.00012001918571695357,-1,-1,0.5,-1,-1,-1,-1
8.79280899316766,-1,-1,-1,-1,-1,0.439640449658383,-1,0.00011994728380899036,-1,-1,0.5,-1,-1,-1,-1
8.803353779404581,-1,-1,-1,-1,-1,0.44016768897022907,-1,0.00011987542497650992,-1,-1,0.5,-1,-1,-1,-1
8.813911211488449,-1,-1,-1,-1,-1,0.4406955605744225,-1,0.00011980360919370635,-1,-1,0.5,-1,-1,-1,-1
8.824481304584813,-1,-1,-1,-1,-1,0.4412240652292407,-1,0.00011973183643478912,-1,-1,0.5,-1,-1,-1,-1
8.835064073877405,-1,-1,-1,-1,-1,0.4417532036938703,-1,0.00011966010667398318,-1,-1,0.5,-1,-1,-1,-1
8.84565953456817,-1,-1,-1,-1,-1,0.44228297672840855,-1,0.00011958841988552897,-1,-1,0.5,-1,-1,-1,-1
8.856267701877282,-1,-1,-1,-1,-1,0.44281338509386414,-1,0.00011951677604368228,-1,-1,0.5,-1,-1,-1,-1
8.86688859104317,-1,-1,-1,-1,-1,0.44334442955215847,-1,0.00011944517512271436,-1,-1,0.5,-1,-1,-1,-1
8.877522217322527,-1,-1,-1,-1,-1,0.4438761108661264,-1,0.0001193736170969119,-1,-1,0.5,-1,-1,-1,-1
8.888168595990356,-1,-1,-1,-1,-1,0.44440842979951783,-1,0.00011930210194057701,-1,-1,0.5,-1,-1,-1,-1
8.898827742339973,-1,-1,-1,-1,-1,0.4449413871169987,-1,0.00011923062962802709,-1,-1,0.5,-1,-1,-1,-1
8.909499671683037,-1,-1,-1,-1,-1,0.44547498358415183,-1,0.00011915920013359504,-1,-1,0.5,-1,-1,-1,-1
8.92018439934957,-1,-1,-1,-1,-1,0.4460092199674785,-1,0.00011908781343162904,-1,-1,0.5,-1,-1,-1,-1
8.930881940687966,-1,-1,-1,-1,-1,0.44654409703439835,-1,0.00011901646949649275,-1,-1,0.5,-1,-1,-1,-1
8.94159231106504,-1,-1,-1,-1,-1,0.44707961555325204,-1,0.00011894516830256512,-1,-1,0.5,-1,-1,-1,-1
8.952315525866036,-1,-1,-1,-1,-1,0.4476157762933018,-1,0.00011887390982424043,-1,-1,0.5,-1,-1,-1,-1
8.963051600494639,-1,-1,-1,-1,-1,0.44815258002473196,-1,0.00011880269403592833,-1,-1,0.5,-1,-1,-1,-1
8.973800550373017,-1,-1,-1,-1,-1,0.4486900275186509,-1,0.00011873152091205379,-1,-1,0.5,-1,-1,-1,-1
8.984562390941823,-1,-1,-1,-1,-1,0.4492281195470912,-1,0.00011866039042705713,-1,-1,0.5,-1,-1,-1,-1
8.995337137660233,-1,-1,-1,-1,-1,0.44976685688301166,-1,0.00011858930255539397,-1,-1,0.5,-1,-1,-1,-1
9.006124806005962,-1,-1,-1,-1,-1,0.45030624030029814,-1,0.00011851825727153522,-1,-1,0.5,-1,-1,-1,-1
9.016925411475286,-1,-1,-1,-1,-1,0.45084627057376436,-1,0.00011844725454996707,-1,-1,0.5,-1,-1,-1,-1
9.027738969583073,-1,-1,-1,-1,-1,0.45138694847915367,-1,0.00011837629436519099,-1,-1,0.5,-1,-1,-1,-1
9.038565495862777,-1,-1,-1,-1,-1,0.45192827479313885,-1,0.00011830537669172383,-1,-1,0.5,-1,-1,-1,-1
9.049405005866499,-1,-1,-1,-1,-1,0.45247025029332494,-1,0.00011823450150409756,-1,-1,0.5,-1,-1,-1,-1
9.060257515164984,-1,-1,-1,-1,-1,0.4530128757582492,-1,0.00011816366877685952,-1,-1,0.5,-1,-1,-1,-1
9.071123039347652,-1,-1,-1,-1,-1,0.45355615196738264,-1,0.0001180928784845722,-1,-1,0.5,-1,-1,-1,-1
9.082001594022623,-1,-1,-1,-1,-1,0.4541000797011312,-1,0.0001180221306018134,-1,-1,0.5,-1,-1,-1,-1
9.09289319481672,-1,-1,-1,-1,-1,0.454644659740836,-1,0.00011795142510317617,-1,-1,0.5,-1,-1,-1,-1
9.103797857375518,-1,-1,-1,-1,-1,0.4551898928687759,-1,0.00011788076196326869,-1,-1,0.5,-1,-1,-1,-1
9.114715597363357,-1,-1,-1,-1,-1,0.4557357798681679,-1,0.00011781014115671446,-1,-1,0.5,-1,-1,-1,-1
9.125646430463359,-1,-1,-1,-1,-1,0.45628232152316794,-1,0.00011773956265815205,-1,-1,0.5,-1,-1,-1,-1
9.136590372377455,-1,-1,-1,-1,-1,0.4568295186188728,-1,0.00011766902644223537,-1,-1,0.5,-1,-1,-1,-1
9.147547438826399,-1,-1,-1,-1,-1,0.45737737194131994,-1,0.00011759853248363343,-1,-1,0.5,-1,-1,-1,-1
9.158517645549807,-1,-1,-1,-1,-1,0.45792588227749037,-1,0.00011752808075703045,-1,-1,0.5,-1,-1,-1,-1
9.169501008306169,-1,-1,-1,-1,-1,0.45847505041530845,-1,0.00011745767123712575,-1,-1,0.5,-1,-1,-1,-1
9.180497542872873,-1,-1,-1,-1,-1,0.45902487714364365,-1,0.00011738730389863387,-1,-1,0.5,-1,-1,-1,-1
9.191507265046232,-1,-1,-1,-1,-1,0.45957536325231163,-1,0.00011731697871628448,-1,-1,0.5,-1,-1,-1,-1
9.20253019064149,-1,-1,-1,-1,-1,0.4601265095320745,-1,0.0001172466956648224,-1,-1,0.5,-1,-1,-1,-1
9.213566335492867,-1,-1,-1,-1,-1,0.4606783167746434,-1,0.00011717645471900761,-1,-1,0.5,-1,-1,-1,-1
9.224615715453576,-1,-1,-1,-1,-1,0.4612307857726788,-1,0.00011710625585361512,-1,-1,0.5,-1,-1,-1,-1
9.235678346395833,-1,-1,-1,-1,-1,0.4617839173197917,-1,0.00011703609904343514,-1,-1,0.5,-1,-1,-1,-1
9.2467542442109,-1,-1,-1,-1,-1,0.462337712210545,-1,0.00011696598426327286,-1,-1,0.5,-1,-1,-1,-1
9.257843424809076,-1,-1,-1,-1,-1,0.46289217124045384,-1,0.0001168959114879488,-1,-1,0.5,-1,-1,-1,-1
9.268945904119764,-1,-1,-1,-1,-1,0.46344729520598826,-1,0.00011682588069229831,-1,-1,0.5,-1,-1,-1,-1
9.280061698091457,-1,-1,-1,-1,-1,0.46400308490457287,-1,0.00011675589185117196,-1,-1,0.5,-1,-1,-1,-1
9.291190822691778,-1,-1,-1,-1,-1,0.4645595411345889,-1,0.00011668594493943535,-1,-1,0.5,-1,-1,-1,-1
9.302333293907504,-1,-1,-1,-1,-1,0.4651166646953752,-1,0.0001166160399319691,-1,-1,0.5,-1,-1,-1,-1
9.313489127744567,-1,-1,-1,-1,-1,0.4656744563872284,-1,0.00011654617680366897,-1,-1,0.5,-1,-1,-1,-1
9.324658340228114,-1,-1,-1,-1,-1,0.4662329170114057,-1,0.00011647635552944566,-1,-1,0.5,-1,-1,-1,-1
9.3358409474025,-1,-1,-1,-1,-1,0.46679204737012503,-1,0.00011640657608422498,-1,-1,0.5,-1,-1,-1,-1
9.347036965331323,-1,-1,-1,-1,-1,0.46735184826656617,-1,0.00011633683844294771,-1,-1,0.5,-1,-1,-1,-1
9.358246410097449,-1,-1,-1,-1,-1,0.46791232050487247,-1,0.00011626714258056966,-1,-1,0.5,-1,-1,-1,-1
9.369469297803027,-1,-1,-1,-1,-1,0.4684734648901514,-1,0.00011619748847206161,-1,-1,0.5,-1,-1,-1,-1
9.380705644569511,-1,-1,-1,-1,-1,0.46903528222847557,-1,0.00011612787609240944,-1,-1,0.5,-1,-1,-1,-1
9.391955466537702,-1,-1,-1,-1,-1,0.4695977733268851,-1,0.00011605830541661391,-1,-1,0.5,-1,-1,-1,-1
9.403218779867748,-1,-1,-1,-1,-1,0.4701609389933874,-1,0.00011598877641969079,-1,-1,0.5,-1,-1,-1,-1
9.414495600739182,-1,-1,-1,-1,-1,0.4707247800369591,-1,0.00011591928907667079,-1,-1,0.5,-1,-1,-1,-1
9.425785945350942,-1,-1,-1,-1,-1,0.4712892972675471,-1,0.00011584984336259964,-1,-1,0.5,-1,-1,-1,-1
9.43708982992138,-1,-1,-1,-1,-1,0.471854491496069,-1,0.000115780439252538,-1,-1,0.5,-1,-1,-1,-1
9.44840727068831,-1,-1,-1,-1,-1,0.4724203635344155,-1,0.0001157110767215614,-1,-1,0.5,-1,-1,-1,-1
9.45973828390902,-1,-1,-1,-1,-1,0.472986914195451,-1,0.00011564175574476043,-1,-1,0.5,-1,-1,-1,-1
9.471082885860287,-1,-1,-1,-1,-1,0.4735541442930144,-1,0.0001155724762972405,-1,-1,0.5,-1,-1,-1,-1
9.48244109283842,-1,-1,-1,-1,-1,0.474122054641921,-1,0.00011550323835412194,-1,-1,0.5,-1,-1,-1,-1
9.493812921159249,-1,-1,-1,-1,-1,0.47469064605796246,-1,0.00011543404189054007,-1,-1,0.5,-1,-1,-1,-1
9.505198387158192,-1,-1,-1,-1,-1,0.4752599193579096,-1,0.000115364886881645,-1,-1,0.5,-1,-1,-1,-1
9.51659750719025,-1,-1,-1,-1,-1,0.4758298753595125,-1,0.0001152957733026018,-1,-1,0.5,-1,-1,-1,-1
9.528010297630038,-1,-1,-1,-1,-1,0.4764005148815019,-1,0.00011522670112859039,-1,-1,0.5,-1,-1,-1,-1
9.539436774871815,-1,-1,-1,-1,-1,0.4769718387435908,-1,0.00011515767033480554,-1,-1,0.5,-1,-1,-1,-1
9.55087695532948,-1,-1,-1,-1,-1,0.477543847766474,-1,0.0001150886808964569,-1,-1,0.5,-1,-1,-1,-1
9.562330855436636,-1,-1,-1,-1,-1,0.47811654277183185,-1,0.00011501973278876905,-1,-1,0.5,-1,-1,-1,-1
9.573798491646592,-1,-1,-1,-1,-1,0.4786899245823296,-1,0.00011495082598698126,-1,-1,0.5,-1,-1,-1,-1
9.585279880432381,-1,-1,-1,-1,-1,0.47926399402161907,-1,0.00011488196046634774,-1,-1,0.5,-1,-1,-1,-1
9.596775038286802,-1,-1,-1,-1,-1,0.4798387519143401,-1,0.00011481313620213746,-1,-1,0.5,-1,-1,-1,-1
9.608283981722415,-1,-1,-1,-1,-1,0.4804141990861208,-1,0.0001147443531696343,-1,-1,0.5,-1,-1,-1,-1
9.619806727271602,-1,-1,-1,-1,-1,0.48099033636358013,-1,0.00011467561134413685,-1,-1,0.5,-1,-1,-1,-1
9.631343291486562,-1,-1,-1,-1,-1,0.48156716457432813,-1,0.00011460691070095855,-1,-1,0.5,-1,-1,-1,-1
9.642893690939344,-1,-1,-1,-1,-1,0.48214468454696724,-1,0.00011453825121542763,-1,-1,0.5,-1,-1,-1,-1
9.654457942221878,-1,-1,-1,-1,-1,0.48272289711109395,-1,0.00011446963286288703,-1,-1,0.5,-1,-1,-1,-1
9.666036061945979,-1,-1,-1,-1,-1,0.483301803097299,-1,0.0001144010556186946,-1,-1,0.5,-1,-1,-1,-1
9.677628066743395,-1,-1,-1,-1,-1,0.4838814033371698,-1,0.00011433251945822283,-1,-1,0.5,-1,-1,-1,-1
9.689233973265816,-1,-1,-1,-1,-1,0.4844616986632908,-1,0.00011426402435685901,-1,-1,0.5,-1,-1,-1,-1
9.700853798184903,-1,-1,-1,-1,-1,0.4850426899092452,-1,0.00011419557029000515,-1,-1,0.5,-1,-1,-1,-1
9.712487558192311,-1,-1,-1,-1,-1,0.4856243779096156,-1,0.00011412715723307805,-1,-1,0.5,-1,-1,-1,-1
9.724135269999705,-1,-1,-1,-1,-1,0.48620676349998526,-1,0.0001140587851615092,-1,-1,0.5,-1,-1,-1,-1
9.735796950338797,-1,-1,-1,-1,-1,0.4867898475169399,-1,0.00011399045405074481,-1,-1,0.5,-1,-1,-1,-1
9.74747261596137,-1,-1,-1,-1,-1,0.4873736307980685,-1,0.0001139221638762458,-1,-1,0.5,-1,-1,-1,-1
9.759162283639284,-1,-1,-1,-1,-1,0.4879581141819642,-1,0.00011385391461348778,-1,-1,0.5,-1,-1,-1,-1
9.770865970164532,-1,-1,-1,-1,-1,0.48854329850822664,-1,0.00011378570623796107,-1,-1,0.5,-1,-1,-1,-1
9.78258369234922,-1,-1,-1,-1,-1,0.489129184617461,-1,0.0001137175387251707,-1,-1,0.5,-1,-1,-1,-1
9.794315467025633,-1,-1,-1,-1,-1,0.4897157733512817,-1,0.00011364941205063635,-1,-1,0.5,-1,-1,-1,-1
9.80606131104624,-1,-1,-1,-1,-1,0.49030306555231196,-1,0.00011358132618989231,-1,-1,0.5,-1,-1,-1,-1
9.817821241283715,-1,-1,-1,-1,-1,0.49089106206418576,-1,0.0001135132811184876,-1,-1,0.5,-1,-1,-1,-1
9.829595274630977,-1,-1,-1,-1,-1,0.4914797637315489,-1,0.00011344527681198586,-1,-1,0.5,-1,-1,-1,-1
9.841383428001185,-1,-1,-1,-1,-1,0.4920691714000593,-1,0.00011337731324596539,-1,-1,0.5,-1,-1,-1,-1
9.853185718327797,-1,-1,-1,-1,-1,0.49265928591638986,-1,0.00011330939039601915,-1,-1,0.5,-1,-1,-1,-1
9.865002162564577,-1,-1,-1,-1,-1,0.4932501081282289,-1,0.0001132415082377546,-1,-1,0.5,-1,-1,-1,-1
9.876832777685618,-1,-1,-1,-1,-1,0.4938416388842809,-1,0.00011317366674679391,-1,-1,0.5,-1,-1,-1,-1
9.88867758068537,-1,-1,-1,-1,-1,0.4944338790342685,-1,0.00011310586589877382,-1,-1,0.5,-1,-1,-1,-1
9.900536588578657,-1,-1,-1,-1,-1,0.49502682942893284,-1,0.00011303810566934573,-1,-1,0.5,-1,-1,-1,-1
9.912409818400715,-1,-1,-1,-1,-1,0.49562049092003574,-1,0.0001129703860341756,-1,-1,0.5,-1,-1,-1,-1
9.924297287207212,-1,-1,-1,-1,-1,0.4962148643603606,-1,0.00011290270696894385,-1,-1,0.5,-1,-1,-1,-1
9.936199012074265,-1,-1,-1,-1,-1,0.4968099506037133,-1,0.00011283506844934565,-1,-1,0.5,-1,-1,-1,-1
9.94811501009847,-1,-1,-1,-1,-1,0.49740575050492347,-1,0.0001127674704510906,-1,-1,0.5,-1,-1,-1,-1
9.960045298396933,-1,-1,-1,-1,-1,0.49800226491984667,-1,0.0001126999129499029,-1,-1,0.5,-1,-1,-1,-1
9.971989894107272,-1,-1,-1,-1,-1,0.49859949470536363,-1,0.00011263239592152133,-1,-1,0.5,-1,-1,-1,-1
9.983948814387672,-1,-1,-1,-1,-1,0.4991974407193836,-1,0.00011256491934169914,-1,-1,0.5,-1,-1,-1,-1
9.995922076416887,-1,-1,-1,-1,-1,0.4997961038208444,-1,0.00011249748318620415,-1,-1,0.5,-1,-1,-1,-1
10.00790969739428,-1,-1,-1,-1,-1,0.5003954848697141,-1,0.00011243008743081864,-1,-1,0.5,-1,-1,-1,-1
10.019911694539836,-1,-1,-1,-1,-1,0.5009955847269918,-1,0.00011236273205133949,-1,-1,0.5,-1,-1,-1,-1
10.031928085094187,-1,-1,-1,-1,-1,0.5015964042547093,-1,0.00011229541702357799,-1,-1,0.5,-1,-1,-1,-1
10.04395888631866,-1,-1,-1,-1,-1,0.502197944315933,-1,0.00011222814232335991,-1,-1,0.5,-1,-1,-1,-1
10.056004115495242,-1,-1,-1,-1,-1,0.5028002057747621,-1,0.00011216090792652569,-1,-1,0.5,-1,-1,-1,-1
10.068063789926684,-1,-1,-1,-1,-1,0.5034031894963342,-1,0.00011209371380893,-1,-1,0.5,-1,-1,-1,-1
10.080137926936477,-1,-1,-1,-1,-1,0.5040068963468238,-1,0.00011202655994644213,-1,-1,0.5,-1,-1,-1,-1
10.092226543868879,-1,-1,-1,-1,-1,0.5046113271934439,-1,0.00011195944631494575,-1,-1,0.5,-1,-1,-1,-1
10.10432965808896,-1,-1,-1,-1,-1,0.505216482904448,-1,0.00011189237289033901,-1,-1,0.5,-1,-1,-1,-1
10.116447286982604,-1,-1,-1,-1,-1,0.5058223643491302,-1,0.00011182533964853451,-1,-1,0.5,-1,-1,-1,-1
10.12857944795655,-1,-1,-1,-1,-1,0.5064289723978276,-1,0.00011175834656545924,-1,-1,0.5,-1,-1,-1,-1
10.140726158438415,-1,-1,-1,-1,-1,0.5070363079219208,-1,0.00011169139361705465,-1,-1,0.5,-1,-1,-1,-1
10.15288743587671,-1,-1,-1,-1,-1,0.5076443717938356,-1,0.00011162448077927655,-1,-1,0.5,-1,-1,-1,-1
10.165063297740888,-1,-1,-1,-1,-1,0.5082531648870444,-1,0.0001115576080280952,-1,-1,0.5,-1,-1,-1,-1
10.177253761521316,-1,-1,-1,-1,-1,0.5088626880760658,-1,0.00011149077533949533,-1,-1,0.5,-1,-1,-1,-1
10.189458844729366,-1,-1,-1,-1,-1,0.5094729422364683,-1,0.00011142398268947594,-1,-1,0.5,-1,-1,-1,-1
10.201678564897408,-1,-1,-1,-1,-1,0.5100839282448705,-1,0.00011135723005405042,-1,-1,0.5,-1,-1,-1,-1
10.21391293957883,-1,-1,-1,-1,-1,0.5106956469789415,-1,0.00011129051740924658,-1,-1,0.5,-1,-1,-1,-1
10.226161986348076,-1,-1,-1,-1,-1,0.5113080993174038,-1,0.0001112238447311065,-1,-1,0.5,-1,-1,-1,-1
10.238425722800661,-1,-1,-1,-1,-1,0.5119212861400331,-1,0.00011115721199568679,-1,-1,0.5,-1,-1,-1,-1
10.25070416655321,-1,-1,-1,-1,-1,0.5125352083276605,-1,0.00011109061917905821,-1,-1,0.5,-1,-1,-1,-1
10.262997335243462,-1,-1,-1,-1,-1,0.5131498667621731,-1,0.00011102406625730597,-1,-1,0.5,-1,-1,-1,-1
10.275305246530321,-1,-1,-1,-1,-1,0.5137652623265161,-1,0.00011095755320652958,-1,-1,0.5,-1,-1,-1,-1
10.287627918093861,-1,-1,-1,-1,-1,0.5143813959046931,-1,0.00011089108000284286,-1,-1,0.5,-1,-1,-1,-1
10.299965367635371,-1,-1,-1,-1,-1,0.5149982683817685,-1,0.0001108246466223739,-1,-1,0.5,-1,-1,-1,-1
10.312317612877338,-1,-1,-1,-1,-1,0.515615880643867,-1,0.0001107582530412652,-1,-1,0.5,-1,-1,-1,-1
10.324684671563531,-1,-1,-1,-1,-1,0.5162342335781765,-1,0.00011069189923567351,-1,-1,0.5,-1,-1,-1,-1
10.337066561458993,-1,-1,-1,-1,-1,0.5168533280729497,-1,0.00011062558518176977,-1,-1,0.5,-1,-1,-1,-1
10.349463300350067,-1,-1,-1,-1,-1,0.5174731650175034,-1,0.00011055931085573934,-1,-1,0.5,-1,-1,-1,-1
10.361874906044427,-1,-1,-1,-1,-1,0.5180937453022214,-1,0.0001104930762337817,-1,-1,0.5,-1,-1,-1,-1
10.374301396371106,-1,-1,-1,-1,-1,0.5187150698185553,-1,0.0001104268812921107,-1,-1,0.5,-1,-1,-1,-1
10.386742789180513,-1,-1,-1,-1,-1,0.5193371394590257,-1,0.00011036072600695445,-1,-1,0.5,-1,-1,-1,-1
10.39919910234447,-1,-1,-1,-1,-1,0.5199599551172235,-1,0.00011029461035455518,-1,-1,0.5,-1,-1,-1,-1
10.41167035375623,-1,-1,-1,-1,-1,0.5205835176878115,-1,0.00011022853431116949,-1,-1,0.5,-1,-1,-1,-1
10.424156561330513,-1,-1,-1,-1,-1,0.5212078280665257,-1,0.00011016249785306805,-1,-1,0.5,-1,-1,-1,-1
10.436657743003492,-1,-1,-1,-1,-1,0.5218328871501746,-1,0.00011009650095653595,-1,-1,0.5,-1,-1,-1,-1
10.449173916732885,-1,-1,-1,-1,-1,0.5224586958366443,-1,0.00011003054359787234,-1,-1,0.5,-1,-1,-1,-1
10.46170510049793,-1,-1,-1,-1,-1,0.5230852550248966,-1,0.00010996462575339061,-1,-1,0.5,-1,-1,-1,-1
10.474251312299431,-1,-1,-1,-1,-1,0.5237125656149716,-1,0.00010989874739941833,-1,-1,0.5,-1,-1,-1,-1
10.48681257015978,-1,-1,-1,-1,-1,0.524340628507989,-1,0.00010983290851229721,-1,-1,0.5,-1,-1,-1,-1
10.499388892122974,-1,-1,-1,-1,-1,0.5249694446061487,-1,0.00010976710906838325,-1,-1,0.5,-1,-1,-1,-1
10.511980296254663,-1,-1,-1,-1,-1,0.5255990148127332,-1,0.00010970134904404653,-1,-1,0.5,-1,-1,-1,-1
10.52458680064215,-1,-1,-1,-1,-1,0.5262293400321075,-1,0.00010963562841567128,-1,-1,0.5,-1,-1,-1,-1
10.537208423394434,-1,-1,-1,-1,-1,0.5268604211697218,-1,0.00010956994715965593,-1,-1,0.5,-1,-1,-1,-1
10.549845182642244,-1,-1,-1,-1,-1,0.5274922591321122,-1,0.00010950430525241292,-1,-1,0.5,-1,-1,-1,-1
10.562497096538019,-1,-1,-1,-1,-1,0.528124854826901,-1,0.00010943870267036905,-1,-1,0.5,-1,-1,-1,-1
10.575164183255996,-1,-1,-1,-1,-1,0.5287582091627998,-1,0.00010937313938996509,-1,-1,0.5,-1,-1,-1,-1
10.5878464609922,-1,-1,-1,-1,-1,0.52939232304961,-1,0.0001093076153876559,-1,-1,0.5,-1,-1,-1,-1
10.600543947964479,-1,-1,-1,-1,-1,0.5300271973982239,-1,0.00010924213063991052,-1,-1,0.5,-1,-1,-1,-1
10.613256662412523,-1,-1,-1,-1,-1,0.5306628331206261,-1,0.00010917668512321206,-1,-1,0.5,-1,-1,-1,-1
10.625984622597903,-1,-1,-1,-1,-1,0.5312992311298952,-1,0.00010911127881405773,-1,-1,0.5,-1,-1,-1,-1
10.638727846804086,-1,-1,-1,-1,-1,0.5319363923402043,-1,0.00010904591168895875,-1,-1,0.5,-1,-1,-1,-1
10.651486353336464,-1,-1,-1,-1,-1,0.5325743176668233,-1,0.00010898058372444055,-1,-1,0.5,-1,-1,-1,-1
10.664260160522389,-1,-1,-1,-1,-1,0.5332130080261195,-1,0.00010891529489704246,-1,-1,0.5,-1,-1,-1,-1
10.677049286711195,-1,-1,-1,-1,-1,0.5338524643355598,-1,0.00010885004518331797,-1,-1,0.5,-1,-1,-1,-1
10.689853750274192,-1,-1,-1,-1,-1,0.5344926875137096,-1,0.00010878483455983466,-1,-1,0.5,-1,-1,-1,-1
10.702673569604755,-1,-1,-1,-1,-1,0.5351336784802377,-1,0.00010871966300317406,-1,-1,0.5,-1,-1,-1,-1
10.715508763118306,-1,-1,-1,-1,-1,0.5357754381559153,-1,0.00010865453048993171,-1,-1,0.5,-1,-1,-1,-1
10.72835934925235,-1,-1,-1,-1,-1,0.5364179674626176,-1,0.00010858943699671724,-1,-1,0.5,-1,-1,-1,-1
10.741225346466507,-1,-1,-1,-1,-1,0.5370612673233254,-1,0.00010852438250015429,-1,-1,0.5,-1,-1,-1,-1
10.754106773242532,-1,-1,-1,-1,-1,0.5377053386621266,-1,0.00010845936697688044,-1,-1,0.5,-1,-1,-1,-1
10.767003648084344,-1,-1,-1,-1,-1,0.5383501824042173,-1,0.00010839439040354732,-1,-1,0.5,-1,-1,-1,-1
10.779915989518052,-1,-1,-1,-1,-1,0.5389957994759026,-1,0.00010832945275682055,-1,-1,0.5,-1,-1,-1,-1
10.792843816091986,-1,-1,-1,-1,-1,0.5396421908045993,-1,0.00010826455401337969,-1,-1,0.5,-1,-1,-1,-1
10.80578714637672,-1,-1,-1,-1,-1,0.540289357318836,-1,0.00010819969414991832,-1,-1,0.5,-1,-1,-1,-1
10.818745998965104,-1,-1,-1,-1,-1,0.5409372999482552,-1,0.00010813487314314388,-1,-1,0.5,-1,-1,-1,-1
10.831720392472258,-1,-1,-1,-1,-1,0.541586019623613,-1,0.00010807009096977798,-1,-1,0.5,-1,-1,-1,-1
10.844710345535658,-1,-1,-1,-1,-1,0.5422355172767829,-1,0.00010800534760655596,-1,-1,0.5,-1,-1,-1,-1
10.857715876815119,-1,-1,-1,-1,-1,0.542885793840756,-1,0.00010794064303022718,-1,-1,0.5,-1,-1,-1,-1
10.870737004992835,-1,-1,-1,-1,-1,0.5435368502496417,-1,0.00010787597721755494,-1,-1,0.5,-1,-1,-1,-1
10.883773748773402,-1,-1,-1,-1,-1,0.5441886874386701,-1,0.00010781135014531644,-1,-1,0.5,-1,-1,-1,-1
10.896826126883854,-1,-1,-1,-1,-1,0.5448413063441927,-1,0.00010774676179030275,-1,-1,0.5,-1,-1,-1,-1
10.909894158073675,-1,-1,-1,-1,-1,0.5454947079036837,-1,0.00010768221212931898,-1,-1,0.5,-1,-1,-1,-1
10.92297786111484,-1,-1,-1,-1,-1,0.546148893055742,-1,0.000107617701139184,-1,-1,0.5,-1,-1,-1,-1
10.936077254801834,-1,-1,-1,-1,-1,0.5468038627400917,-1,0.0001075532287967306,-1,-1,0.5,-1,-1,-1,-1
10.949192357951693,-1,-1,-1,-1,-1,0.5474596178975847,-1,0.00010748879507880543,-1,-1,0.5,-1,-1,-1,-1
10.962323189403987,-1,-1,-1,-1,-1,0.5481161594701994,-1,0.00010742439996226916,-1,-1,0.5,-1,-1,-1,-1
10.975469768020911,-1,-1,-1,-1,-1,0.5487734884010456,-1,0.00010736004342399614,-1,-1,0.5,-1,-1,-1,-1
10.988632112687272,-1,-1,-1,-1,-1,0.5494316056343637,-1,0.00010729572544087467,-1,-1,0.5,-1,-1,-1,-1
11.001810242310519,-1,-1,-1,-1,-1,0.550090512115526,-1,0.00010723144598980682,-1,-1,0.5,-1,-1,-1,-1
11.015004175820783,-1,-1,-1,-1,-1,0.5507502087910392,-1,0.0001071672050477086,-1,-1,0.5,-1,-1,-1,-1
11.02821393217089,-1,-1,-1,-1,-1,0.5514106966085446,-1,0.00010710300259150975,-1,-1,0.5,-1,-1,-1,-1
11.041439530336405,-1,-1,-1,-1,-1,0.5520719765168203,-1,0.00010703883859815389,-1,-1,0.5,-1,-1,-1,-1
11.054680989315637,-1,-1,-1,-1,-1,0.5527340494657819,-1,0.00010697471304459846,-1,-1,0.5,-1,-1,-1,-1
11.067938328129687,-1,-1,-1,-1,-1,0.5533969164064844,-1,0.00010691062590781466,-1,-1,0.5,-1,-1,-1,-1
11.081211565822478,-1,-1,-1,-1,-1,0.554060578291124,-1,0.00010684657716478745,-1,-1,0.5,-1,-1,-1,-1
11.094500721460735,-1,-1,-1,-1,-1,0.5547250360730368,-1,0.0001067825667925158,-1,-1,0.5,-1,-1,-1,-1
11.107805814134082,-1,-1,-1,-1,-1,0.5553902907067041,-1,0.00010671859476801216,-1,-1,0.5,-1,-1,-1,-1
11.121126862955029,-1,-1,-1,-1,-1,0.5560563431477514,-1,0.00010665466106830296,-1,-1,0.5,-1,-1,-1,-1
11.134463887059,-1,-1,-1,-1,-1,0.55672319435295,-1,0.00010659076567042829,-1,-1,0.5,-1,-1,-1,-1
11.147816905604378,-1,-1,-1,-1,-1,0.5573908452802189,-1,0.00010652690855144201,-1,-1,0.5,-1,-1,-1,-1
11.16118593777251,-1,-1,-1,-1,-1,0.5580592968886255,-1,0.0001064630896884118,-1,-1,0.5,-1,-1,-1,-1
11.174571002767753,-1,-1,-1,-1,-1,0.5587285501383876,-1,0.00010639930905841896,-1,-1,0.5,-1,-1,-1,-1
11.187972119817493,-1,-1,-1,-1,-1,0.5593986059908747,-1,0.0001063355666385586,-1,-1,0.5,-1,-1,-1,-1
11.201389308172176,-1,-1,-1,-1,-1,0.5600694654086088,-1,0.00010627186240593959,-1,-1,0.5,-1,-1,-1,-1
11.214822587105342,-1,-1,-1,-1,-1,0.5607411293552671,-1,0.00010620819633768432,-1,-1,0.5,-1,-1,-1,-1
11.228271975913616,-1,-1,-1,-1,-1,0.5614135987956809,-1,0.00010614456841092918,-1,-1,0.5,-1,-1,-1,-1
11.24173749391679,-1,-1,-1,-1,-1,0.5620868746958395,-1,0.00010608097860282406,-1,-1,0.5,-1,-1,-1,-1
11.255219160457827,-1,-1,-1,-1,-1,0.5627609580228914,-1,0.00010601742689053252,-1,-1,0.5,-1,-1,-1,-1
11.268716994902872,-1,-1,-1,-1,-1,0.5634358497451436,-1,0.00010595391325123191,-1,-1,0.5,-1,-1,-1,-1
11.282231016641308,-1,-1,-1,-1,-1,0.5641115508320654,-1,0.00010589043766211322,-1,-1,0.5,-1,-1,-1,-1
11.295761245085762,-1,-1,-1,-1,-1,0.5647880622542881,-1,0.00010582700010038104,-1,-1,0.5,-1,-1,-1,-1
11.309307699672146,-1,-1,-1,-1,-1,0.5654653849836073,-1,0.0001057636005432537,-1,-1,0.5,-1,-1,-1,-1
11.32287039985968,-1,-1,-1,-1,-1,0.566143519992984,-1,0.00010570023896796313,-1,-1,0.5,-1,-1,-1,-1
11.336449365130917,-1,-1,-1,-1,-1,0.5668224682565459,-1,0.00010563691535175493,-1,-1,0.5,-1,-1,-1,-1
11.350044614991791,-1,-1,-1,-1,-1,0.5675022307495896,-1,0.00010557362967188821,-1,-1,0.5,-1,-1,-1,-1
11.363656168971591,-1,-1,-1,-1,-1,0.5681828084485796,-1,0.00010551038190563599,-1,-1,0.5,-1,-1,-1,-1
11.377284046623062,-1,-1,-1,-1,-1,0.5688642023311531,-1,0.00010544717203028461,-1,-1,0.5,-1,-1,-1,-1
11.390928267522385,-1,-1,-1,-1,-1,0.5695464133761193,-1,0.00010538400002313418,-1,-1,0.5,-1,-1,-1,-1
11.40458885126922,-1,-1,-1,-1,-1,0.5702294425634611,-1,0.00010532086586149833,-1,-1,0.5,-1,-1,-1,-1
11.41826581748673,-1,-1,-1,-1,-1,0.5709132908743365,-1,0.00010525776952270433,-1,-1,0.5,-1,-1,-1,-1
11.431959185821613,-1,-1,-1,-1,-1,0.5715979592910807,-1,0.00010519471098409301,-1,-1,0.5,-1,-1,-1,-1
11.445668975944125,-1,-1,-1,-1,-1,0.5722834487972063,-1,0.00010513169022301875,-1,-1,0.5,-1,-1,-1,-1
11.459395207548114,-1,-1,-1,-1,-1,0.5729697603774058,-1,0.00010506870721684955,-1,-1,0.5,-1,-1,-1,-1
11.473137900351047,-1,-1,-1,-1,-1,0.5736568950175523,-1,0.00010500576194296697,-1,-1,0.5,-1,-1,-1,-1
11.486897074094031,-1,-1,-1,-1,-1,0.5743448537047016,-1,0.0001049428543787661,-1,-1,0.5,-1,-1,-1,-1
11.50067274854187,-1,-1,-1,-1,-1,0.5750336374270936,-1,0.00010487998450165543,-1,-1,0.5,-1,-1,-1,-1
11.514464943483027,-1,-1,-1,-1,-1,0.5757232471741514,-1,0.00010481715228905732,-1,-1,0.5,-1,-1,-1,-1
11.528273678729734,-1,-1,-1,-1,-1,0.5764136839364867,-1,0.00010475435771840737,-1,-1,0.5,-1,-1,-1,-1
11.542098974117971,-1,-1,-1,-1,-1,0.5771049487058986,-1,0.0001046916007671548,-1,-1,0.5,-1,-1,-1,-1
11.55594084950751,-1,-1,-1,-1,-1,0.5777970424753754,-1,0.0001046288814127623,-1,-1,0.5,-1,-1,-1,-1
11.56979932478193,-1,-1,-1,-1,-1,0.5784899662390965,-1,0.00010456619963270612,-1,-1,0.5,-1,-1,-1,-1
11.583674419848668,-1,-1,-1,-1,-1,0.5791837209924334,-1,0.00010450355540447595,-1,-1,0.5,-1,-1,-1,-1
11.597566154639027,-1,-1,-1,-1,-1,0.5798783077319514,-1,0.00010444094870557498,-1,-1,0.5,-1,-1,-1,-1
11.611474549108213,-1,-1,-1,-1,-1,0.5805737274554107,-1,0.00010437837951351992,-1,-1,0.5,-1,-1,-1,-1
11.625399623235367,-1,-1,-1,-1,-1,0.5812699811617684,-1,0.00010431584780584085,-1,-1,0.5,-1,-1,-1,-1
11.639341397023598,-1,-1,-1,-1,-1,0.58196706985118,-1,0.0001042533535600814,-1,-1,0.5,-1,-1,-1,-1
11.653299890499971,-1,-1,-1,-1,-1,0.5826649945249985,-1,0.00010419089675379872,-1,-1,0.5,-1,-1,-1,-1
11.667275123715603,-1,-1,-1,-1,-1,0.5833637561857802,-1,0.00010412847736456322,-1,-1,0.5,-1,-1,-1,-1
11.681267116745646,-1,-1,-1,-1,-1,0.5840633558372823,-1,0.00010406609536995884,-1,-1,0.5,-1,-1,-1,-1
11.695275889689324,-1,-1,-1,-1,-1,0.5847637944844662,-1,0.000104003750747583,-1,-1,0.5,-1,-1,-1,-1
11.709301462669972,-1,-1,-1,-1,-1,0.5854650731334986,-1,0.00010394144347504644,-1,-1,0.5,-1,-1,-1,-1
11.723343855835049,-1,-1,-1,-1,-1,0.5861671927917524,-1,0.0001038791735299734,-1,-1,0.5,-1,-1,-1,-1
11.737403089356182,-1,-1,-1,-1,-1,0.5868701544678091,-1,0.0001038169408900015,-1,-1,0.5,-1,-1,-1,-1
11.751479183429188,-1,-1,-1,-1,-1,0.5875739591714594,-1,0.00010375474553278172,-1,-1,0.5,-1,-1,-1,-1
11.765572158274104,-1,-1,-1,-1,-1,0.5882786079137052,-1,0.00010369258743597842,-1,-1,0.5,-1,-1,-1,-1
11.779682034135224,-1,-1,-1,-1,-1,0.5889841017067612,-1,0.00010363046657726944,-1,-1,0.5,-1,-1,-1,-1
11.79380883128109,-1,-1,-1,-1,-1,0.5896904415640546,-1,0.0001035683829343459,-1,-1,0.5,-1,-1,-1,-1
11.807952570004582,-1,-1,-1,-1,-1,0.5903976285002291,-1,0.00010350633648491237,-1,-1,0.5,-1,-1,-1,-1
11.822113270622907,-1,-1,-1,-1,-1,0.5911056635311454,-1,0.00010344432720668667,-1,-1,0.5,-1,-1,-1,-1
11.836290953477638,-1,-1,-1,-1,-1,0.591814547673882,-1,0.0001033823550774,-1,-1,0.5,-1,-1,-1,-1
11.850485638934739,-1,-1,-1,-1,-1,0.592524281946737,-1,0.00010332042007479695,-1,-1,0.5,-1,-1,-1,-1
11.864697347384602,-1,-1,-1,-1,-1,0.5932348673692301,-1,0.00010325852217663543,-1,-1,0.5,-1,-1,-1,-1
11.878926099242072,-1,-1,-1,-1,-1,0.5939463049621037,-1,0.00010319666136068664,-1,-1,0.5,-1,-1,-1,-1
11.893171914946471,-1,-1,-1,-1,-1,0.5946585957473236,-1,0.00010313483760473512,-1,-1,0.5,-1,-1,-1,-1
11.90743481496164,-1,-1,-1,-1,-1,0.595371740748082,-1,0.00010307305088657869,-1,-1,0.5,-1,-1,-1,-1
11.92171481977597,-1,-1,-1,-1,-1,0.5960857409887985,-1,0.0001030113011840285,-1,-1,0.5,-1,-1,-1,-1
11.936011949902387,-1,-1,-1,-1,-1,0.5968005974951194,-1,0.00010294958847490904,-1,-1,0.5,-1,-1,-1,-1
11.95032622587845,-1,-1,-1,-1,-1,0.5975163112939226,-1,0.00010288791273705802,-1,-1,0.5,-1,-1,-1,-1
11.964657668266343,-1,-1,-1,-1,-1,0.5982328834133172,-1,0.00010282627394832643,-1,-1,0.5,-1,-1,-1,-1
11.979006297652903,-1,-1,-1,-1,-1,0.5989503148826452,-1,0.00010276467208657852,-1,-1,0.5,-1,-1,-1,-1
11.993372134649658,-1,-1,-1,-1,-1,0.5996686067324829,-1,0.00010270310712969186,-1,-1,0.5,-1,-1,-1,-1
12.007755199892854,-1,-1,-1,-1,-1,0.6003877599946428,-1,0.0001026415790555572,-1,-1,0.5,-1,-1,-1,-1
12.022155514043485,-1,-1,-1,-1,-1,0.6011077757021743,-1,0.00010258008784207859,-1,-1,0.5,-1,-1,-1,-1
12.036573097787324,-1,-1,-1,-1,-1,0.6018286548893662,-1,0.0001025186334671733,-1,-1,0.5,-1,-1,-1,-1
12.05100797183495,-1,-1,-1,-1,-1,0.6025503985917475,-1,0.0001024572159087718,-1,-1,0.5,-1,-1,-1,-1
12.065460156921791,-1,-1,-1,-1,-1,0.6032730078460896,-1,0.0001023958351448178,-1,-1,0.5,-1,-1,-1,-1
12.079929673808108,-1,-1,-1,-1,-1,0.6039964836904055,-1,0.00010233449115326831,-1,-1,0.5,-1,-1,-1,-1
12.094416543279092,-1,-1,-1,-1,-1,0.6047208271639546,-1,0.00010227318391209343,-1,-1,0.5,-1,-1,-1,-1
12.10892078614485,-1,-1,-1,-1,-1,0.6054460393072425,-1,0.00010221191339927648,-1,-1,0.5,-1,-1,-1,-1
12.123442423240446,-1,-1,-1,-1,-1,0.6061721211620223,-1,0.00010215067959281399,-1,-1,0.5,-1,-1,-1,-1
12.13798147542593,-1,-1,-1,-1,-1,0.6068990737712965,-1,0.00010208948247071567,-1,-1,0.5,-1,-1,-1,-1
12.152537963586367,-1,-1,-1,-1,-1,0.6076268981793184,-1,0.0001020283220110044,-1,-1,0.5,-1,-1,-1,-1
12.167111908631872,-1,-1,-1,-1,-1,0.6083555954315937,-1,0.00010196719819171625,-1,-1,0.5,-1,-1,-1,-1
12.181703331497635,-1,-1,-1,-1,-1,0.6090851665748818,-1,0.00010190611099090039,-1,-1,0.5,-1,-1,-1,-1
12.19631225314395,-1,-1,-1,-1,-1,0.6098156126571975,-1,0.0001018450603866192,-1,-1,0.5,-1,-1,-1,-1
12.21093869455625,-1,-1,-1,-1,-1,0.6105469347278125,-1,0.0001017840463569482,-1,-1,0.5,-1,-1,-1,-1
12.225582676745146,-1,-1,-1,-1,-1,0.6112791338372574,-1,0.00010172306887997594,-1,-1,0.5,-1,-1,-1,-1
12.240244220746412,-1,-1,-1,-1,-1,0.6120122110373206,-1,0.0001016621279338043,-1,-1,0.5,-1,-1,-1,-1
12.25492334762108,-1,-1,-1,-1,-1,0.612746167381054,-1,0.00010160122349654807,-1,-1,0.5,-1,-1,-1,-1
12.269620078455436,-1,-1,-1,-1,-1,0.6134810039227718,-1,0.0001015403555463353,-1,-1,0.5,-1,-1,-1,-1
12.284334434361046,-1,-1,-1,-1,-1,0.6142167217180523,-1,0.00010147952406130705,-1,-1,0.5,-1,-1,-1,-1
12.299066436474796,-1,-1,-1,-1,-1,0.6149533218237399,-1,0.00010141872901961752,-1,-1,0.5,-1,-1,-1,-1
12.313816105958923,-1,-1,-1,-1,-1,0.6156908052979462,-1,0.000101357970399434,-1,-1,0.5,-1,-1,-1,-1
12.32858346400104,-1,-1,-1,-1,-1,0.6164291732000521,-1,0.00010129724817893682,-1,-1,0.5,-1,-1,-1,-1
12.343368531814171,-1,-1,-1,-1,-1,0.6171684265907086,-1,0.00010123656233631941,-1,-1,0.5,-1,-1,-1,-1
12.35817133063678,-1,-1,-1,-1,-1,0.6179085665318391,-1,0.00010117591284978829,-1,-1,0.5,-1,-1,-1,-1
12.372991881732812,-1,-1,-1,-1,-1,0.6186495940866407,-1,0.00010111529969756295,-1,-1,0.5,-1,-1,-1,-1
12.387830206391675,-1,-1,-1,-1,-1,0.6193915103195837,-1,0.00010105472285787607,-1,-1,0.5,-1,-1,-1,-1
12.402686325928348,-1,-1,-1,-1,-1,0.6201343162964175,-1,0.00010099418230897325,-1,-1,0.5,-1,-1,-1,-1
12.41756026168336,-1,-1,-1,-1,-1,0.620878013084168,-1,0.00010093367802911315,-1,-1,0.5,-1,-1,-1,-1
12.432452035022829,-1,-1,-1,-1,-1,0.6216226017511415,-1,0.0001008732099965675,-1,-1,0.5,-1,-1,-1,-1
12.4473616673385,-1,-1,-1,-1,-1,0.6223680833669251,-1,0.00010081277818962097,-1,-1,0.5,-1,-1,-1,-1
12.46228918004777,-1,-1,-1,-1,-1,0.6231144590023886,-1,0.0001007523825865713,-1,-1,0.5,-1,-1,-1,-1
12.477234594593723,-1,-1,-1,-1,-1,0.6238617297296862,-1,0.00010069202316572923,-1,-1,0.5,-1,-1,-1,-1
12.492197932445153,-1,-1,-1,-1,-1,0.6246098966222577,-1,0.00010063169990541846,-1,-1,0.5,-1,-1,-1,-1
12.50717921509661,-1,-1,-1,-1,-1,0.6253589607548306,-1,0.00010057141278397568,-1,-1,0.5,-1,-1,-1,-1
12.522178464068423,-1,-1,-1,-1,-1,0.6261089232034212,-1,0.0001005111617797506,-1,-1,0.5,-1,-1,-1,-1
12.537195700906702,-1,-1,-1,-1,-1,0.6268597850453351,-1,0.00010045094687110583,-1,-1,0.5,-1,-1,-1,-1
12.552230947183427,-1,-1,-1,-1,-1,0.6276115473591714,-1,0.00010039076803641706,-1,-1,0.5,-1,-1,-1,-1
12.567284224496436,-1,-1,-1,-1,-1,0.6283642112248219,-1,0.0001003306252540728,-1,-1,0.5,-1,-1,-1,-1
12.582355554469471,-1,-1,-1,-1,-1,0.6291177777234735,-1,0.0001002705185024746,-1,-1,0.5,-1,-1,-1,-1
12.597444958752208,-1,-1,-1,-1,-1,0.6298722479376104,-1,0.00010021044776003688,-1,-1,0.5,-1,-1,-1,-1
12.612552459020279,-1,-1,-1,-1,-1,0.6306276229510139,-1,0.00010015041300518704,-1,-1,0.5,-1,-1,-1,-1
12.627678076975318,-1,-1,-1,-1,-1,0.631383903848766,-1,0.00010009041421636543,-1,-1,0.5,-1,-1,-1,-1
12.642821834344982,-1,-1,-1,-1,-1,0.6321410917172492,-1,0.00010003045137202522,-1,-1,0.5,-1,-1,-1,-1
12.657983752882982,-1,-1,-1,-1,-1,0.6328991876441492,-1,9.997052445063259e-05,-1,-1,0.5,-1,-1,-1,-1
12.673163854369136,-1,-1,-1,-1,-1,0.6336581927184568,-1,9.991063343066646e-05,-1,-1,0.5,-1,-1,-1,-1
12.688362160609337,-1,-1,-1,-1,-1,0.6344181080304669,-1,9.985077829061897e-05,-1,-1,0.5,-1,-1,-1,-1
12.703578693435672,-1,-1,-1,-1,-1,0.6351789346717837,-1,9.979095900899481e-05,-1,-1,0.5,-1,-1,-1,-1
12.718813474706394,-1,-1,-1,-1,-1,0.6359406737353197,-1,9.973117556431166e-05,-1,-1,0.5,-1,-1,-1,-1
12.734066526305972,-1,-1,-1,-1,-1,0.6367033263152986,-1,9.967142793510013e-05,-1,-1,0.5,-1,-1,-1,-1
12.749337870145117,-1,-1,-1,-1,-1,0.6374668935072559,-1,9.961171609990361e-05,-1,-1,0.5,-1,-1,-1,-1
12.764627528160819,-1,-1,-1,-1,-1,0.638231376408041,-1,9.955204003727841e-05,-1,-1,0.5,-1,-1,-1,-1
12.779935522316375,-1,-1,-1,-1,-1,0.6389967761158188,-1,9.949239972579362e-05,-1,-1,0.5,-1,-1,-1,-1
12.795261874601424,-1,-1,-1,-1,-1,0.6397630937300712,-1,9.943279514403123e-05,-1,-1,0.5,-1,-1,-1,-1
12.81060660703197,-1,-1,-1,-1,-1,0.6405303303515986,-1,9.937322627058603e-05,-1,-1,0.5,-1,-1,-1,-1
12.825969741650425,-1,-1,-1,-1,-1,0.6412984870825214,-1,9.931369308406565e-05,-1,-1,0.5,-1,-1,-1,-1
12.841351300525648,-1,-1,-1,-1,-1,0.6420675650262825,-1,9.925419556309042e-05,-1,-1,0.5,-1,-1,-1,-1
12.856751305752924,-1,-1,-1,-1,-1,0.6428375652876462,-1,9.919473368629375e-05,-1,-1,0.5,-1,-1,-1,-1
12.872169779454074,-1,-1,-1,-1,-1,0.6436084889727037,-1,9.913530743232159e-05,-1,-1,0.5,-1,-1,-1,-1
12.887606743777434,-1,-1,-1,-1,-1,0.6443803371888718,-1,9.90759167798328e-05,-1,-1,0.5,-1,-1,-1,-1
12.903062220897908,-1,-1,-1,-1,-1,0.6451531110448955,-1,9.901656170749902e-05,-1,-1,0.5,-1,-1,-1,-1
12.918536233016988,-1,-1,-1,-1,-1,0.6459268116508494,-1,9.895724219400459e-05,-1,-1,0.5,-1,-1,-1,-1
12.934028802362791,-1,-1,-1,-1,-1,0.6467014401181396,-1,9.889795821804674e-05,-1,-1,0.5,-1,-1,-1,-1
12.949539951190092,-1,-1,-1,-1,-1,0.6474769975595046,-1,9.883870975833537e-05,-1,-1,0.5,-1,-1,-1,-1
12.965069701780356,-1,-1,-1,-1,-1,0.6482534850890178,-1,9.877949679359319e-05,-1,-1,0.5,-1,-1,-1,-1
12.98061807644177,-1,-1,-1,-1,-1,0.6490309038220885,-1,9.872031930255559e-05,-1,-1,0.5,-1,-1,-1,-1
12.996185097509285,-1,-1,-1,-1,-1,0.6498092548754643,-1,9.866117726397072e-05,-1,-1,0.5,-1,-1,-1,-1
13.011770787344597,-1,-1,-1,-1,-1,0.6505885393672299,-1,9.860207065659958e-05,-1,-1,0.5,-1,-1,-1,-1
13.027375168336262,-1,-1,-1,-1,-1,0.6513687584168131,-1,9.854299945921577e-05,-1,-1,0.5,-1,-1,-1,-1
13.04299826289967,-1,-1,-1,-1,-1,0.6521499131449836,-1,9.848396365060559e-05,-1,-1,0.5,-1,-1,-1,-1
13.058640093477093,-1,-1,-1,-1,-1,0.6529320046738547,-1,9.842496320956814e-05,-1,-1,0.5,-1,-1,-1,-1
13.074300682537718,-1,-1,-1,-1,-1,0.6537150341268859,-1,9.836599811491514e-05,-1,-1,0.5,-1,-1,-1,-1
13.089980052577676,-1,-1,-1,-1,-1,0.6544990026288838,-1,9.830706834547107e-05,-1,-1,0.5,-1,-1,-1,-1
13.10567822612008,-1,-1,-1,-1,-1,0.655283911306004,-1,9.8248173880073e-05,-1,-1,0.5,-1,-1,-1,-1
13.121395225715052,-1,-1,-1,-1,-1,0.6560697612857527,-1,9.818931469757084e-05,-1,-1,0.5,-1,-1,-1,-1
13.137131073939754,-1,-1,-1,-1,-1,0.6568565536969877,-1,9.8130490776827e-05,-1,-1,0.5,-1,-1,-1,-1
13.152885793398442,-1,-1,-1,-1,-1,0.6576442896699222,-1,9.807170209671661e-05,-1,-1,0.5,-1,-1,-1,-1
13.168659406722439,-1,-1,-1,-1,-1,0.658432970336122,-1,9.80129486361275e-05,-1,-1,0.5,-1,-1,-1,-1
13.184451936570246,-1,-1,-1,-1,-1,0.6592225968285124,-1,9.795423037396021e-05,-1,-1,0.5,-1,-1,-1,-1
13.200263405627528,-1,-1,-1,-1,-1,0.6600131702813764,-1,9.789554728912771e-05,-1,-1,0.5,-1,-1,-1,-1
13.21609383660715,-1,-1,-1,-1,-1,0.6608046918303576,-1,9.783689936055577e-05,-1,-1,0.5,-1,-1,-1,-1
13.231943252249224,-1,-1,-1,-1,-1,0.6615971626124613,-1,9.777828656718276e-05,-1,-1,0.5,-1,-1,-1,-1
13.247811675321126,-1,-1,-1,-1,-1,0.6623905837660563,-1,9.771970888795957e-05,-1,-1,0.5,-1,-1,-1,-1
13.263699128617535,-1,-1,-1,-1,-1,0.6631849564308768,-1,9.766116630184987e-05,-1,-1,0.5,-1,-1,-1,-1
13.279605634960474,-1,-1,-1,-1,-1,0.6639802817480237,-1,9.760265878782977e-05,-1,-1,0.5,-1,-1,-1,-1
13.29553121719933,-1,-1,-1,-1,-1,0.6647765608599665,-1,9.754418632488808e-05,-1,-1,0.5,-1,-1,-1,-1
13.311475898210903,-1,-1,-1,-1,-1,0.6655737949105451,-1,9.74857488920261e-05,-1,-1,0.5,-1,-1,-1,-1
13.327439700899395,-1,-1,-1,-1,-1,0.6663719850449699,-1,9.742734646825789e-05,-1,-1,0.5,-1,-1,-1,-1
13.34342264819651,-1,-1,-1,-1,-1,0.6671711324098255,-1,9.73689790326099e-05,-1,-1,0.5,-1,-1,-1,-1
13.359424763061444,-1,-1,-1,-1,-1,0.6679712381530722,-1,9.73106465641212e-05,-1,-1,0.5,-1,-1,-1,-1
13.375446068480922,-1,-1,-1,-1,-1,0.6687723034240461,-1,9.725234904184344e-05,-1,-1,0.5,-1,-1,-1,-1
13.39148658746924,-1,-1,-1,-1,-1,0.6695743293734621,-1,9.719408644484079e-05,-1,-1,0.5,-1,-1,-1,-1
13.407546343068292,-1,-1,-1,-1,-1,0.6703773171534146,-1,9.713585875219e-05,-1,-1,0.5,-1,-1,-1,-1
13.423625358347605,-1,-1,-1,-1,-1,0.6711812679173803,-1,9.707766594298035e-05,-1,-1,0.5,-1,-1,-1,-1
13.439723656404373,-1,-1,-1,-1,-1,0.6719861828202187,-1,9.701950799631357e-05,-1,-1,0.5,-1,-1,-1,-1
13.45584126036349,-1,-1,-1,-1,-1,0.6727920630181745,-1,9.696138489130406e-05,-1,-1,0.5,-1,-1,-1,-1
13.471978193377595,-1,-1,-1,-1,-1,0.6735989096688798,-1,9.69032966070785e-05,-1,-1,0.5,-1,-1,-1,-1
13.48813447862705,-1,-1,-1,-1,-1,0.6744067239313525,-1,9.684524312277637e-05,-1,-1,0.5,-1,-1,-1,-1
13.50431013932006,-1,-1,-1,-1,-1,0.6752155069660031,-1,9.678722441754946e-05,-1,-1,0.5,-1,-1,-1,-1
13.520505198692648,-1,-1,-1,-1,-1,0.6760252599346325,-1,9.672924047056204e-05,-1,-1,0.5,-1,-1,-1,-1
13.536719680008703,-1,-1,-1,-1,-1,0.6768359840004352,-1,9.667129126099094e-05,-1,-1,0.5,-1,-1,-1,-1
13.552953606560012,-1,-1,-1,-1,-1,0.6776476803280006,-1,9.661337676802543e-05,-1,-1,0.5,-1,-1,-1,-1
13.569207001666296,-1,-1,-1,-1,-1,0.6784603500833148,-1,9.655549697086724e-05,-1,-1,0.5,-1,-1,-1,-1
13.585479888675243,-1,-1,-1,-1,-1,0.6792739944337622,-1,9.649765184873056e-05,-1,-1,0.5,-1,-1,-1,-1
13.601772290962538,-1,-1,-1,-1,-1,0.680088614548127,-1,9.643984138084208e-05,-1,-1,0.5,-1,-1,-1,-1
13.6180842319319,-1,-1,-1,-1,-1,0.6809042115965951,-1,9.638206554644086e-05,-1,-1,0.5,-1,-1,-1,-1
13.63441573501512,-1,-1,-1,-1,-1,0.681720786750756,-1,9.632432432477847e-05,-1,-1,0.5,-1,-1,-1,-1
13.650766823672095,-1,-1,-1,-1,-1,0.6825383411836048,-1,9.626661769511881e-05,-1,-1,0.5,-1,-1,-1,-1
13.667137521390819,-1,-1,-1,-1,-1,0.683356876069541,-1,9.620894563673836e-05,-1,-1,0.5,-1,-1,-1,-1
13.683527851687499,-1,-1,-1,-1,-1,0.684176392584375,-1,9.615130812892585e-05,-1,-1,0.5,-1,-1,-1,-1
13.699937838106523,-1,-1,-1,-1,-1,0.6849968919053262,-1,9.609370515098254e-05,-1,-1,0.5,-1,-1,-1,-1
13.716367504220521,-1,-1,-1,-1,-1,0.6858183752110261,-1,9.603613668222203e-05,-1,-1,0.5,-1,-1,-1,-1
13.732816873630389,-1,-1,-1,-1,-1,0.6866408436815195,-1,9.59786027019703e-05,-1,-1,0.5,-1,-1,-1,-1
13.749285969965324,-1,-1,-1,-1,-1,0.6874642984982663,-1,9.592110318956577e-05,-1,-1,0.5,-1,-1,-1,-1
13.76577481688287,-1,-1,-1,-1,-1,0.6882887408441435,-1,9.586363812435921e-05,-1,-1,0.5,-1,-1,-1,-1
13.782283438068928,-1,-1,-1,-1,-1,0.6891141719034465,-1,9.580620748571372e-05,-1,-1,0.5,-1,-1,-1,-1
13.798811857237817,-1,-1,-1,-1,-1,0.6899405928618909,-1,9.574881125300484e-05,-1,-1,0.5,-1,-1,-1,-1
13.815360098132304,-1,-1,-1,-1,-1,0.6907680049066153,-1,9.569144940562037e-05,-1,-1,0.5,-1,-1,-1,-1
13.831928184523587,-1,-1,-1,-1,-1,0.6915964092261794,-1,9.56341219229606e-05,-1,-1,0.5,-1,-1,-1,-1
13.848516140211416,-1,-1,-1,-1,-1,0.6924258070105709,-1,9.557682878443803e-05,-1,-1,0.5,-1,-1,-1,-1
13.865123989024067,-1,-1,-1,-1,-1,0.6932561994512034,-1,9.551956996947756e-05,-1,-1,0.5,-1,-1,-1,-1
13.88175175481839,-1,-1,-1,-1,-1,0.6940875877409196,-1,9.546234545751638e-05,-1,-1,0.5,-1,-1,-1,-1
13.898399461479853,-1,-1,-1,-1,-1,0.6949199730739927,-1,9.540515522800405e-05,-1,-1,0.5,-1,-1,-1,-1
13.91506713292256,-1,-1,-1,-1,-1,0.695753356646128,-1,9.534799926040238e-05,-1,-1,0.5,-1,-1,-1,-1
13.9317547930893,-1,-1,-1,-1,-1,0.6965877396544651,-1,9.529087753418549e-05,-1,-1,0.5,-1,-1,-1,-1
13.948462465951573,-1,-1,-1,-1,-1,0.6974231232975787,-1,9.523379002883983e-05,-1,-1,0.5,-1,-1,-1,-1
13.965190175509624,-1,-1,-1,-1,-1,0.6982595087754813,-1,9.517673672386419e-05,-1,-1,0.5,-1,-1,-1,-1
13.981937945792502,-1,-1,-1,-1,-1,0.6990968972896252,-1,9.511971759876945e-05,-1,-1,0.5,-1,-1,-1,-1
13.998705800858021,-1,-1,-1,-1,-1,0.6999352900429011,-1,9.506273263307905e-05,-1,-1,0.5,-1,-1,-1,-1
14.015493764792899,-1,-1,-1,-1,-1,0.700774688239645,-1,9.500578180632843e-05,-1,-1,0.5,-1,-1,-1,-1
14.032301861712716,-1,-1,-1,-1,-1,0.7016150930856359,-1,9.494886509806546e-05,-1,-1,0.5,-1,-1,-1,-1
14.049130115761978,-1,-1,-1,-1,-1,0.7024565057880989,-1,9.48919824878502e-05,-1,-1,0.5,-1,-1,-1,-1
14.065978551114148,-1,-1,-1,-1,-1,0.7032989275557074,-1,9.483513395525495e-05,-1,-1,0.5,-1,-1,-1,-1
14.082847191971673,-1,-1,-1,-1,-1,0.7041423595985837,-1,9.477831947986423e-05,-1,-1,0.5,-1,-1,-1,-1
14.099736062566032,-1,-1,-1,-1,-1,0.7049868031283016,-1,9.472153904127486e-05,-1,-1,0.5,-1,-1,-1,-1
14.11664518715776,-1,-1,-1,-1,-1,0.7058322593578881,-1,9.466479261909583e-05,-1,-1,0.5,-1,-1,-1,-1
14.133574590036483,-1,-1,-1,-1,-1,0.7066787295018242,-1,9.460808019294834e-05,-1,-1,0.5,-1,-1,-1,-1
14.150524295520977,-1,-1,-1,-1,-1,0.7075262147760489,-1,9.45514017424658e-05,-1,-1,0.5,-1,-1,-1,-1
14.167494327959135,-1,-1,-1,-1,-1,0.7083747163979568,-1,9.449475724729392e-05,-1,-1,0.5,-1,-1,-1,-1
14.184484711728095,-1,-1,-1,-1,-1,0.7092242355864048,-1,9.443814668709045e-05,-1,-1,0.5,-1,-1,-1,-1
14.201495471234214,-1,-1,-1,-1,-1,0.7100747735617108,-1,9.438157004152542e-05,-1,-1,0.5,-1,-1,-1,-1
14.218526630913114,-1,-1,-1,-1,-1,0.7109263315456558,-1,9.432502729028104e-05,-1,-1,0.5,-1,-1,-1,-1
14.235578215229733,-1,-1,-1,-1,-1,0.7117789107614867,-1,9.426851841305164e-05,-1,-1,0.5,-1,-1,-1,-1
14.252650248678334,-1,-1,-1,-1,-1,0.7126325124339168,-1,9.421204338954376e-05,-1,-1,0.5,-1,-1,-1,-1
14.269742755782566,-1,-1,-1,-1,-1,0.7134871377891283,-1,9.415560219947606e-05,-1,-1,0.5,-1,-1,-1,-1
14.286855761095483,-1,-1,-1,-1,-1,0.7143427880547741,-1,9.40991948225794e-05,-1,-1,0.5,-1,-1,-1,-1
14.303989289199585,-1,-1,-1,-1,-1,0.7151994644599793,-1,9.404282123859674e-05,-1,-1,0.5,-1,-1,-1,-1
14.321143364706867,-1,-1,-1,-1,-1,0.7160571682353434,-1,9.398648142728316e-05,-1,-1,0.5,-1,-1,-1,-1
14.338318012258796,-1,-1,-1,-1,-1,0.7169159006129399,-1,9.393017536840598e-05,-1,-1,0.5,-1,-1,-1,-1
14.355513256526436,-1,-1,-1,-1,-1,0.7177756628263219,-1,9.387390304174452e-05,-1,-1,0.5,-1,-1,-1,-1
14.372729122210423,-1,-1,-1,-1,-1,0.7186364561105212,-1,9.381766442709026e-05,-1,-1,0.5,-1,-1,-1,-1
14.38996563404101,-1,-1,-1,-1,-1,0.7194982817020505,-1,9.376145950424679e-05,-1,-1,0.5,-1,-1,-1,-1
14.407222816778116,-1,-1,-1,-1,-1,0.7203611408389059,-1,9.370528825302976e-05,-1,-1,0.5,-1,-1,-1,-1
14.424500695211348,-1,-1,-1,-1,-1,0.7212250347605674,-1,9.364915065326697e-05,-1,-1,0.5,-1,-1,-1,-1
14.441799294160042,-1,-1,-1,-1,-1,0.7220899647080021,-1,9.359304668479828e-05,-1,-1,0.5,-1,-1,-1,-1
14.459118638473301,-1,-1,-1,-1,-1,0.7229559319236651,-1,9.353697632747559e-05,-1,-1,0.5,-1,-1,-1,-1
14.476458753030029,-1,-1,-1,-1,-1,0.7238229376515015,-1,9.348093956116295e-05,-1,-1,0.5,-1,-1,-1,-1
14.493819662738959,-1,-1,-1,-1,-1,0.724690983136948,-1,9.34249363657364e-05,-1,-1,0.5,-1,-1,-1,-1
14.511201392538721,-1,-1,-1,-1,-1,0.7255600696269361,-1,9.336896672108406e-05,-1,-1,0.5,-1,-1,-1,-1
14.528603967397801,-1,-1,-1,-1,-1,0.7264301983698901,-1,9.331303060710614e-05,-1,-1,0.5,-1,-1,-1,-1
14.546027412314675,-1,-1,-1,-1,-1,0.7273013706157339,-1,9.325712800371489e-05,-1,-1,0.5,-1,-1,-1,-1
14.563471752317783,-1,-1,-1,-1,-1,0.7281735876158892,-1,9.320125889083447e-05,-1,-1,0.5,-1,-1,-1,-1
14.580937012465583,-1,-1,-1,-1,-1,0.7290468506232792,-1,9.314542324840121e-05,-1,-1,0.5,-1,-1,-1,-1
14.598423217846582,-1,-1,-1,-1,-1,0.7299211608923292,-1,9.308962105636339e-05,-1,-1,0.5,-1,-1,-1,-1
14.615930393579374,-1,-1,-1,-1,-1,0.7307965196789687,-1,9.303385229468134e-05,-1,-1,0.5,-1,-1,-1,-1
14.633458564812676,-1,-1,-1,-1,-1,0.7316729282406338,-1,9.297811694332735e-05,-1,-1,0.5,-1,-1,-1,-1
14.651007756725368,-1,-1,-1,-1,-1,0.7325503878362685,-1,9.292241498228575e-05,-1,-1,0.5,-1,-1,-1,-1
14.668577994526524,-1,-1,-1,-1,-1,0.7334288997263263,-1,9.286674639155281e-05,-1,-1,0.5,-1,-1,-1,-1
14.686169303455465,-1,-1,-1,-1,-1,0.7343084651727733,-1,9.281111115113684e-05,-1,-1,0.5,-1,-1,-1,-1
14.703781708781733,-1,-1,-1,-1,-1,0.7351890854390867,-1,9.275550924105816e-05,-1,-1,0.5,-1,-1,-1,-1
14.721415235805225,-1,-1,-1,-1,-1,0.7360707617902613,-1,9.269994064134895e-05,-1,-1,0.5,-1,-1,-1,-1
14.739069909856156,-1,-1,-1,-1,-1,0.7369534954928079,-1,9.264440533205342e-05,-1,-1,0.5,-1,-1,-1,-1
14.756745756295127,-1,-1,-1,-1,-1,0.7378372878147563,-1,9.258890329322772e-05,-1,-1,0.5,-1,-1,-1,-1
14.774442800513144,-1,-1,-1,-1,-1,0.7387221400256573,-1,9.253343450493998e-05,-1,-1,0.5,-1,-1,-1,-1
14.792161067931673,-1,-1,-1,-1,-1,0.7396080533965836,-1,9.247799894727017e-05,-1,-1,0.5,-1,-1,-1,-1
14.809900584002659,-1,-1,-1,-1,-1,0.740495029200133,-1,9.242259660031035e-05,-1,-1,0.5,-1,-1,-1,-1
14.827661374208573,-1,-1,-1,-1,-1,0.7413830687104287,-1,9.236722744416435e-05,-1,-1,0.5,-1,-1,-1,-1
14.845443464062443,-1,-1,-1,-1,-1,0.7422721732031222,-1,9.231189145894807e-05,-1,-1,0.5,-1,-1,-1,-1
14.863246879107916,-1,-1,-1,-1,-1,0.7431623439553958,-1,9.225658862478913e-05,-1,-1,0.5,-1,-1,-1,-1
14.881071644919219,-1,-1,-1,-1,-1,0.744053582245961,-1,9.220131892182728e-05,-1,-1,0.5,-1,-1,-1,-1
14.898917787101299,-1,-1,-1,-1,-1,0.744945889355065,-1,9.214608233021403e-05,-1,-1,0.5,-1,-1,-1,-1
14.916785331289791,-1,-1,-1,-1,-1,0.7458392665644896,-1,9.209087883011278e-05,-1,-1,0.5,-1,-1,-1,-1
14.934674303151079,-1,-1,-1,-1,-1,0.7467337151575539,-1,9.203570840169887e-05,-1,-1,0.5,-1,-1,-1,-1
14.952584728382321,-1,-1,-1,-1,-1,0.7476292364191162,-1,9.198057102515949e-05,-1,-1,0.5,-1,-1,-1,-1
14.970516632711497,-1,-1,-1,-1,-1,0.748525831635575,-1,9.192546668069367e-05,-1,-1,0.5,-1,-1,-1,-1
14.988470041897438,-1,-1,-1,-1,-1,0.749423502094872,-1,9.187039534851234e-05,-1,-1,0.5,-1,-1,-1,-1
15.00644498172987,-1,-1,-1,-1,-1,0.7503222490864936,-1,9.18153570088383e-05,-1,-1,0.5,-1,-1,-1,-1
15.024441478029447,-1,-1,-1,-1,-1,0.7512220739014723,-1,9.176035164190616e-05,-1,-1,0.5,-1,-1,-1,-1
15.042459556647799,-1,-1,-1,-1,-1,0.75212297783239,-1,9.170537922796232e-05,-1,-1,0.5,-1,-1,-1,-1
15.060499243467515,-1,-1,-1,-1,-1,0.7530249621733758,-1,9.165043974726523e-05,-1,-1,0.5,-1,-1,-1,-1
15.078560564402274,-1,-1,-1,-1,-1,0.7539280282201137,-1,9.159553318008493e-05,-1,-1,0.5,-1,-1,-1,-1
15.09664354539681,-1,-1,-1,-1,-1,0.7548321772698405,-1,9.154065950670335e-05,-1,-1,0.5,-1,-1,-1,-1
15.114748212426978,-1,-1,-1,-1,-1,0.7557374106213489,-1,9.148581870741429e-05,-1,-1,0.5,-1,-1,-1,-1
15.132874591499778,-1,-1,-1,-1,-1,0.7566437295749889,-1,9.143101076252325e-05,-1,-1,0.5,-1,-1,-1,-1
15.151022708653404,-1,-1,-1,-1,-1,0.7575511354326703,-1,9.137623565234769e-05,-1,-1,0.5,-1,-1,-1,-1
15.169192589957273,-1,-1,-1,-1,-1,0.7584596294978637,-1,9.132149335721668e-05,-1,-1,0.5,-1,-1,-1,-1
15.187384261512065,-1,-1,-1,-1,-1,0.7593692130756033,-1,9.126678385747122e-05,-1,-1,0.5,-1,-1,-1,-1
15.205597749449769,-1,-1,-1,-1,-1,0.7602798874724885,-1,9.1212107133464e-05,-1,-1,0.5,-1,-1,-1,-1
15.223833079933701,-1,-1,-1,-1,-1,0.7611916539966851,-1,9.115746316555952e-05,-1,-1,0.5,-1,-1,-1,-1
15.24209027915858,-1,-1,-1,-1,-1,0.762104513957929,-1,9.110285193413397e-05,-1,-1,0.5,-1,-1,-1,-1
15.260369373350484,-1,-1,-1,-1,-1,0.7630184686675242,-1,9.104827341957546e-05,-1,-1,0.5,-1,-1,-1,-1
15.278670388766995,-1,-1,-1,-1,-1,0.7639335194383499,-1,9.09937276022837e-05,-1,-1,0.5,-1,-1,-1,-1
15.296993351697164,-1,-1,-1,-1,-1,0.7648496675848583,-1,9.09392144626702e-05,-1,-1,0.5,-1,-1,-1,-1
15.315338288461575,-1,-1,-1,-1,-1,0.7657669144230788,-1,9.088473398115817e-05,-1,-1,0.5,-1,-1,-1,-1
15.333705225412373,-1,-1,-1,-1,-1,0.7666852612706188,-1,9.08302861381826e-05,-1,-1,0.5,-1,-1,-1,-1
15.352094188933306,-1,-1,-1,-1,-1,0.7676047094466654,-1,9.077587091419014e-05,-1,-1,0.5,-1,-1,-1,-1
15.370505205439763,-1,-1,-1,-1,-1,0.7685252602719882,-1,9.072148828963926e-05,-1,-1,0.5,-1,-1,-1,-1
15.388938301378813,-1,-1,-1,-1,-1,0.7694469150689407,-1,9.066713824499997e-05,-1,-1,0.5,-1,-1,-1,-1
15.40739350322924,-1,-1,-1,-1,-1,0.770369675161462,-1,9.061282076075414e-05,-1,-1,0.5,-1,-1,-1,-1
15.4258708375016,-1,-1,-1,-1,-1,0.77129354187508,-1,9.055853581739518e-05,-1,-1,0.5,-1,-1,-1,-1
15.444370330738195,-1,-1,-1,-1,-1,0.7722185165369098,-1,9.05042833954284e-05,-1,-1,0.5,-1,-1,-1,-1
15.462892009513201,-1,-1,-1,-1,-1,0.7731446004756601,-1,9.045006347537063e-05,-1,-1,0.5,-1,-1,-1,-1
15.48143590043265,-1,-1,-1,-1,-1,0.7740717950216326,-1,9.039587603775038e-05,-1,-1,0.5,-1,-1,-1,-1
15.500002030134487,-1,-1,-1,-1,-1,0.7750001015067244,-1,9.034172106310783e-05,-1,-1,0.5,-1,-1,-1,-1
15.518590425288592,-1,-1,-1,-1,-1,0.7759295212644296,-1,9.028759853199488e-05,-1,-1,0.5,-1,-1,-1,-1
15.537201112596835,-1,-1,-1,-1,-1,0.7768600556298417,-1,9.023350842497501e-05,-1,-1,0.5,-1,-1,-1,-1
15.555834118793108,-1,-1,-1,-1,-1,0.7777917059396554,-1,9.017945072262343e-05,-1,-1,0.5,-1,-1,-1,-1
15.574489470643362,-1,-1,-1,-1,-1,0.7787244735321681,-1,9.012542540552685e-05,-1,-1,0.5,-1,-1,-1,-1
15.593167194945652,-1,-1,-1,-1,-1,0.7796583597472826,-1,9.007143245428375e-05,-1,-1,0.5,-1,-1,-1,-1
15.611867318530178,-1,-1,-1,-1,-1,0.780593365926509,-1,9.00174718495041e-05,-1,-1,0.5,-1,-1,-1,-1
15.630589868259275,-1,-1,-1,-1,-1,0.7815294934129637,-1,8.996354357180968e-05,-1,-1,0.5,-1,-1,-1,-1
15.649334871027538,-1,-1,-1,-1,-1,0.7824667435513769,-1,8.99096476018337e-05,-1,-1,0.5,-1,-1,-1,-1
15.668102353761798,-1,-1,-1,-1,-1,0.78340511768809,-1,8.985578392022101e-05,-1,-1,0.5,-1,-1,-1,-1
15.686892343421185,-1,-1,-1,-1,-1,0.7843446171710593,-1,8.980195250762813e-05,-1,-1,0.5,-1,-1,-1,-1
15.705704866997149,-1,-1,-1,-1,-1,0.7852852433498575,-1,8.974815334472306e-05,-1,-1,0.5,-1,-1,-1,-1
15.724539951513519,-1,-1,-1,-1,-1,0.7862269975756759,-1,8.969438641218549e-05,-1,-1,0.5,-1,-1,-1,-1
15.743397624026528,-1,-1,-1,-1,-1,0.7871698812013265,-1,8.964065169070657e-05,-1,-1,0.5,-1,-1,-1,-1
15.762277911624855,-1,-1,-1,-1,-1,0.7881138955812428,-1,8.958694916098915e-05,-1,-1,0.5,-1,-1,-1,-1
15.781180841429668,-1,-1,-1,-1,-1,0.7890590420714835,-1,8.953327880374753e-05,-1,-1,0.5,-1,-1,-1,-1
15.800106440594677,-1,-1,-1,-1,-1,0.7900053220297338,-1,8.947964059970756e-05,-1,-1,0.5,-1,-1,-1,-1
15.819054736306102,-1,-1,-1,-1,-1,0.7909527368153051,-1,8.942603452960679e-05,-1,-1,0.5,-1,-1,-1,-1
15.838025755782821,-1,-1,-1,-1,-1,0.7919012877891412,-1,8.937246057419415e-05,-1,-1,0.5,-1,-1,-1,-1
15.857019526276336,-1,-1,-1,-1,-1,0.7928509763138168,-1,8.931891871423015e-05,-1,-1,0.5,-1,-1,-1,-1
15.876036075070827,-1,-1,-1,-1,-1,0.7938018037535414,-1,8.926540893048682e-05,-1,-1,0.5,-1,-1,-1,-1
15.895075429483201,-1,-1,-1,-1,-1,0.7947537714741602,-1,8.921193120374776e-05,-1,-1,0.5,-1,-1,-1,-1
15.914137616863119,-1,-1,-1,-1,-1,0.795706880843156,-1,8.915848551480799e-05,-1,-1,0.5,-1,-1,-1,-1
15.933222664593044,-1,-1,-1,-1,-1,0.7966611332296523,-1,8.910507184447414e-05,-1,-1,0.5,-1,-1,-1,-1
15.952330600088278,-1,-1,-1,-1,-1,0.7976165300044139,-1,8.905169017356425e-05,-1,-1,0.5,-1,-1,-1,-1
15.971461450796998,-1,-1,-1,-1,-1,0.7985730725398499,-1,8.899834048290789e-05,-1,-1,0.5,-1,-1,-1,-1
15.990615244200317,-1,-1,-1,-1,-1,0.7995307622100158,-1,8.894502275334609e-05,-1,-1,0.5,-1,-1,-1,-1
16.009792007812255,-1,-1,-1,-1,-1,0.8004896003906128,-1,8.889173696573146e-05,-1,-1,0.5,-1,-1,-1,-1
16.028991769179875,-1,-1,-1,-1,-1,0.8014495884589938,-1,8.883848310092792e-05,-1,-1,0.5,-1,-1,-1,-1
16.048214555883266,-1,-1,-1,-1,-1,0.8024107277941633,-1,8.8785261139811e-05,-1,-1,0.5,-1,-1,-1,-1
16.067460395535587,-1,-1,-1,-1,-1,0.8033730197767794,-1,8.873207106326758e-05,-1,-1,0.5,-1,-1,-1,-1
16.086729315783113,-1,-1,-1,-1,-1,0.8043364657891557,-1,8.867891285219605e-05,-1,-1,0.5,-1,-1,-1,-1
16.106021344305272,-1,-1,-1,-1,-1,0.8053010672152636,-1,8.862578648750622e-05,-1,-1,0.5,-1,-1,-1,-1
16.125336508814694,-1,-1,-1,-1,-1,0.8062668254407348,-1,8.857269195011935e-05,-1,-1,0.5,-1,-1,-1,-1
16.144674837057234,-1,-1,-1,-1,-1,0.8072337418528618,-1,8.85196292209681e-05,-1,-1,0.5,-1,-1,-1,-1
16.164036356812023,-1,-1,-1,-1,-1,0.8082018178406012,-1,8.846659828099662e-05,-1,-1,0.5,-1,-1,-1,-1
16.183421095891514,-1,-1,-1,-1,-1,0.8091710547945757,-1,8.84135991111604e-05,-1,-1,0.5,-1,-1,-1,-1
16.202829082141523,-1,-1,-1,-1,-1,0.8101414541070762,-1,8.836063169242634e-05,-1,-1,0.5,-1,-1,-1,-1
16.222260343441214,-1,-1,-1,-1,-1,0.8111130171720607,-1,8.830769600577285e-05,-1,-1,0.5,-1,-1,-1,-1
16.24171490770323,-1,-1,-1,-1,-1,0.8120857453851615,-1,8.825479203218964e-05,-1,-1,0.5,-1,-1,-1,-1
16.26119280287368,-1,-1,-1,-1,-1,0.813059640143684,-1,8.82019197526778e-05,-1,-1,0.5,-1,-1,-1,-1
16.280694056932177,-1,-1,-1,-1,-1,0.8140347028466088,-1,8.814907914824984e-05,-1,-1,0.5,-1,-1,-1,-1
16.3002186978919,-1,-1,-1,-1,-1,0.8150109348945951,-1,8.809627019992966e-05,-1,-1,0.5,-1,-1,-1,-1
16.319766753799613,-1,-1,-1,-1,-1,0.8159883376899807,-1,8.804349288875246e-05,-1,-1,0.5,-1,-1,-1,-1
16.339338252735722,-1,-1,-1,-1,-1,0.8169669126367861,-1,8.799074719576489e-05,-1,-1,0.5,-1,-1,-1,-1
16.358933222814304,-1,-1,-1,-1,-1,0.8179466611407152,-1,8.793803310202486e-05,-1,-1,0.5,-1,-1,-1,-1
16.37855169218315,-1,-1,-1,-1,-1,0.8189275846091576,-1,8.788535058860175e-05,-1,-1,0.5,-1,-1,-1,-1
16.398193689023834,-1,-1,-1,-1,-1,0.8199096844511917,-1,8.78326996365761e-05,-1,-1,0.5,-1,-1,-1,-1
16.417859241551668,-1,-1,-1,-1,-1,0.8208929620775834,-1,8.778008022704e-05,-1,-1,0.5,-1,-1,-1,-1
16.43754837801585,-1,-1,-1,-1,-1,0.8218774189007926,-1,8.772749234109673e-05,-1,-1,0.5,-1,-1,-1,-1
16.457261126699446,-1,-1,-1,-1,-1,0.8228630563349724,-1,8.767493595986093e-05,-1,-1,0.5,-1,-1,-1,-1
16.476997515919436,-1,-1,-1,-1,-1,0.8238498757959718,-1,8.762241106445852e-05,-1,-1,0.5,-1,-1,-1,-1
16.496757574026763,-1,-1,-1,-1,-1,0.8248378787013382,-1,8.756991763602676e-05,-1,-1,0.5,-1,-1,-1,-1
16.516541329406362,-1,-1,-1,-1,-1,0.8258270664703181,-1,8.751745565571422e-05,-1,-1,0.5,-1,-1,-1,-1
16.536348810477218,-1,-1,-1,-1,-1,0.826817440523861,-1,8.746502510468072e-05,-1,-1,0.5,-1,-1,-1,-1
16.55618004569239,-1,-1,-1,-1,-1,0.8278090022846195,-1,8.741262596409742e-05,-1,-1,0.5,-1,-1,-1,-1
16.576035063539067,-1,-1,-1,-1,-1,0.8288017531769534,-1,8.736025821514672e-05,-1,-1,0.5,-1,-1,-1,-1
16.59591389253861,-1,-1,-1,-1,-1,0.8297956946269306,-1,8.730792183902228e-05,-1,-1,0.5,-1,-1,-1,-1
16.61581656124654,-1,-1,-1,-1,-1,0.8307908280623271,-1,8.725561681692913e-05,-1,-1,0.5,-1,-1,-1,-1
16.635743098252668,-1,-1,-1,-1,-1,0.8317871549126334,-1,8.720334313008344e-05,-1,-1,0.5,-1,-1,-1,-1
16.655693532181083,-1,-1,-1,-1,-1,0.8327846766090542,-1,8.715110075971269e-05,-1,-1,0.5,-1,-1,-1,-1
16.675667891690196,-1,-1,-1,-1,-1,0.8337833945845099,-1,8.709888968705555e-05,-1,-1,0.5,-1,-1,-1,-1
16.69566620547278,-1,-1,-1,-1,-1,0.8347833102736391,-1,8.704670989336204e-05,-1,-1,0.5,-1,-1,-1,-1
16.715688502256032,-1,-1,-1,-1,-1,0.8357844251128017,-1,8.699456135989328e-05,-1,-1,0.5,-1,-1,-1,-1
16.735734810801592,-1,-1,-1,-1,-1,0.8367867405400796,-1,8.694244406792174e-05,-1,-1,0.5,-1,-1,-1,-1
16.75580515990559,-1,-1,-1,-1,-1,0.8377902579952796,-1,8.689035799873102e-05,-1,-1,0.5,-1,-1,-1,-1
16.775899578398697,-1,-1,-1,-1,-1,0.8387949789199349,-1,8.683830313361596e-05,-1,-1,0.5,-1,-1,-1,-1
16.79601809514617,-1,-1,-1,-1,-1,0.8398009047573085,-1,8.678627945388257e-05,-1,-1,0.5,-1,-1,-1,-1
16.81616073904783,-1,-1,-1,-1,-1,0.8408080369523916,-1,8.673428694084823e-05,-1,-1,0.5,-1,-1,-1,-1
16.836327539038223,-1,-1,-1,-1,-1,0.8418163769519111,-1,8.668232557584128e-05,-1,-1,0.5,-1,-1,-1,-1
16.856518524086557,-1,-1,-1,-1,-1,0.8428259262043278,-1,8.663039534020139e-05,-1,-1,0.5,-1,-1,-1,-1
16.87673372319679,-1,-1,-1,-1,-1,0.8438366861598395,-1,8.657849621527934e-05,-1,-1,0.5,-1,-1,-1,-1
16.89697316540767,-1,-1,-1,-1,-1,0.8448486582703835,-1,8.652662818243712e-05,-1,-1,0.5,-1,-1,-1,-1
16.917236879792753,-1,-1,-1,-1,-1,0.8458618439896377,-1,8.647479122304788e-05,-1,-1,0.5,-1,-1,-1,-1
16.93752489546048,-1,-1,-1,-1,-1,0.846876244773024,-1,8.642298531849592e-05,-1,-1,0.5,-1,-1,-1,-1
16.95783724155419,-1,-1,-1,-1,-1,0.8478918620777096,-1,8.637121045017668e-05,-1,-1,0.5,-1,-1,-1,-1
16.978173947252177,-1,-1,-1,-1,-1,0.8489086973626089,-1,8.631946659949682e-05,-1,-1,0.5,-1,-1,-1,-1
16.998535041767735,-1,-1,-1,-1,-1,0.8499267520883867,-1,8.626775374787398e-05,-1,-1,0.5,-1,-1,-1,-1
17.01892055434915,-1,-1,-1,-1,-1,0.8509460277174576,-1,8.621607187673715e-05,-1,-1,0.5,-1,-1,-1,-1
17.039330514279833,-1,-1,-1,-1,-1,0.8519665257139917,-1,8.616442096752627e-05,-1,-1,0.5,-1,-1,-1,-1
17.059764950878296,-1,-1,-1,-1,-1,0.8529882475439149,-1,8.611280100169246e-05,-1,-1,0.5,-1,-1,-1,-1
17.08022389349821,-1,-1,-1,-1,-1,0.8540111946749106,-1,8.606121196069798e-05,-1,-1,0.5,-1,-1,-1,-1
17.10070737152845,-1,-1,-1,-1,-1,0.8550353685764226,-1,8.600965382601614e-05,-1,-1,0.5,-1,-1,-1,-1
17.121215414393134,-1,-1,-1,-1,-1,0.8560607707196568,-1,8.595812657913138e-05,-1,-1,0.5,-1,-1,-1,-1
17.141748051551666,-1,-1,-1,-1,-1,0.8570874025775833,-1,8.590663020153924e-05,-1,-1,0.5,-1,-1,-1,-1
17.162305312498788,-1,-1,-1,-1,-1,0.8581152656249394,-1,8.585516467474632e-05,-1,-1,0.5,-1,-1,-1,-1
17.182887226764596,-1,-1,-1,-1,-1,0.8591443613382298,-1,8.580372998027034e-05,-1,-1,0.5,-1,-1,-1,-1
17.20349382391462,-1,-1,-1,-1,-1,0.8601746911957311,-1,8.575232609964004e-05,-1,-1,0.5,-1,-1,-1,-1
17.22412513354985,-1,-1,-1,-1,-1,0.8612062566774926,-1,8.57009530143952e-05,-1,-1,0.5,-1,-1,-1,-1
17.244781185306728,-1,-1,-1,-1,-1,0.8622390592653364,-1,8.564961070608682e-05,-1,-1,0.5,-1,-1,-1,-1
17.265462008857288,-1,-1,-1,-1,-1,0.8632731004428644,-1,8.559829915627682e-05,-1,-1,0.5,-1,-1,-1,-1
17.286167633909134,-1,-1,-1,-1,-1,0.8643083816954568,-1,8.554701834653814e-05,-1,-1,0.5,-1,-1,-1,-1
17.306898090205497,-1,-1,-1,-1,-1,0.8653449045102749,-1,8.549576825845485e-05,-1,-1,0.5,-1,-1,-1,-1
17.32765340752527,-1,-1,-1,-1,-1,0.8663826703762635,-1,8.5444548873622e-05,-1,-1,0.5,-1,-1,-1,-1
17.348433615683064,-1,-1,-1,-1,-1,0.8674216807841533,-1,8.539336017364567e-05,-1,-1,0.5,-1,-1,-1,-1
17.369238744529248,-1,-1,-1,-1,-1,0.8684619372264625,-1,8.534220214014297e-05,-1,-1,0.5,-1,-1,-1,-1
17.390068823949985,-1,-1,-1,-1,-1,0.8695034411974993,-1,8.529107475474205e-05,-1,-1,0.5,-1,-1,-1,-1
17.41092388386728,-1,-1,-1,-1,-1,0.8705461941933641,-1,8.523997799908199e-05,-1,-1,0.5,-1,-1,-1,-1
17.431803954239044,-1,-1,-1,-1,-1,0.8715901977119522,-1,8.518891185481289e-05,-1,-1,0.5,-1,-1,-1,-1
17.452709065059047,-1,-1,-1,-1,-1,0.8726354532529523,-1,8.513787630359598e-05,-1,-1,0.5,-1,-1,-1,-1
17.473639246357102,-1,-1,-1,-1,-1,0.8736819623178551,-1,8.50868713271033e-05,-1,-1,0.5,-1,-1,-1,-1
17.49459452819901,-1,-1,-1,-1,-1,0.8747297264099505,-1,8.503589690701795e-05,-1,-1,0.5,-1,-1,-1,-1
17.515574940686616,-1,-1,-1,-1,-1,0.8757787470343308,-1,8.498495302503398e-05,-1,-1,0.5,-1,-1,-1,-1
17.536580513957887,-1,-1,-1,-1,-1,0.8768290256978943,-1,8.493403966285642e-05,-1,-1,0.5,-1,-1,-1,-1
17.557611278186915,-1,-1,-1,-1,-1,0.8778805639093458,-1,8.488315680220126e-05,-1,-1,0.5,-1,-1,-1,-1
17.578667263583988,-1,-1,-1,-1,-1,0.8789333631791995,-1,8.483230442479543e-05,-1,-1,0.5,-1,-1,-1,-1
17.59974850039562,-1,-1,-1,-1,-1,0.879987425019781,-1,8.478148251237684e-05,-1,-1,0.5,-1,-1,-1,-1
17.620855018904596,-1,-1,-1,-1,-1,0.8810427509452299,-1,8.473069104669432e-05,-1,-1,0.5,-1,-1,-1,-1
17.64198684943004,-1,-1,-1,-1,-1,0.882099342471502,-1,8.467993000950756e-05,-1,-1,0.5,-1,-1,-1,-1
17.663144022327383,-1,-1,-1,-1,-1,0.8831572011163692,-1,8.462919938258735e-05,-1,-1,0.5,-1,-1,-1,-1
17.68432656798851,-1,-1,-1,-1,-1,0.8842163283994255,-1,8.457849914771526e-05,-1,-1,0.5,-1,-1,-1,-1
17.705534516841738,-1,-1,-1,-1,-1,0.8852767258420869,-1,8.452782928668382e-05,-1,-1,0.5,-1,-1,-1,-1
17.72676789935187,-1,-1,-1,-1,-1,0.8863383949675936,-1,8.447718978129646e-05,-1,-1,0.5,-1,-1,-1,-1
17.748026746020255,-1,-1,-1,-1,-1,0.8874013373010128,-1,8.442658061336752e-05,-1,-1,0.5,-1,-1,-1,-1
17.769311087384807,-1,-1,-1,-1,-1,0.8884655543692404,-1,8.43760017647222e-05,-1,-1,0.5,-1,-1,-1,-1
17.790620954020074,-1,-1,-1,-1,-1,0.8895310477010038,-1,8.432545321719667e-05,-1,-1,0.5,-1,-1,-1,-1
17.811956376537264,-1,-1,-1,-1,-1,0.8905978188268633,-1,8.427493495263789e-05,-1,-1,0.5,-1,-1,-1,-1
17.833317385584298,-1,-1,-1,-1,-1,0.891665869279215,-1,8.422444695290376e-05,-1,-1,0.5,-1,-1,-1,-1
17.854704011845868,-1,-1,-1,-1,-1,0.8927352005922935,-1,8.417398919986295e-05,-1,-1,0.5,-1,-1,-1,-1
17.876116286043416,-1,-1,-1,-1,-1,0.8938058143021709,-1,8.412356167539517e-05,-1,-1,0.5,-1,-1,-1,-1
17.89755423893527,-1,-1,-1,-1,-1,0.8948777119467636,-1,8.407316436139086e-05,-1,-1,0.5,-1,-1,-1,-1
17.919017901316643,-1,-1,-1,-1,-1,0.8959508950658321,-1,8.402279723975128e-05,-1,-1,0.5,-1,-1,-1,-1
17.94050730401966,-1,-1,-1,-1,-1,0.8970253652009831,-1,8.397246029238862e-05,-1,-1,0.5,-1,-1,-1,-1
17.962022477913436,-1,-1,-1,-1,-1,0.8981011238956719,-1,8.392215350122588e-05,-1,-1,0.5,-1,-1,-1,-1
17.9835634539041,-1,-1,-1,-1,-1,0.8991781726952051,-1,8.387187684819683e-05,-1,-1,0.5,-1,-1,-1,-1
18.005130262934845,-1,-1,-1,-1,-1,0.9002565131467423,-1,8.382163031524616e-05,-1,-1,0.5,-1,-1,-1,-1
18.026722935985976,-1,-1,-1,-1,-1,0.9013361467992989,-1,8.377141388432931e-05,-1,-1,0.5,-1,-1,-1,-1
18.048341504074948,-1,-1,-1,-1,-1,0.9024170752037475,-1,8.372122753741256e-05,-1,-1,0.5,-1,-1,-1,-1
18.069985998256417,-1,-1,-1,-1,-1,0.9034992999128209,-1,8.367107125647295e-05,-1,-1,0.5,-1,-1,-1,-1
18.091656449622292,-1,-1,-1,-1,-1,0.9045828224811147,-1,8.362094502349835e-05,-1,-1,0.5,-1,-1,-1,-1
18.113352889301723,-1,-1,-1,-1,-1,0.9056676444650862,-1,8.357084882048749e-05,-1,-1,0.5,-1,-1,-1,-1
18.135075348461246,-1,-1,-1,-1,-1,0.9067537674230624,-1,8.352078262944976e-05,-1,-1,0.5,-1,-1,-1,-1
18.156823858304744,-1,-1,-1,-1,-1,0.9078411929152372,-1,8.347074643240541e-05,-1,-1,0.5,-1,-1,-1,-1
18.17859845007354,-1,-1,-1,-1,-1,0.9089299225036771,-1,8.34207402113854e-05,-1,-1,0.5,-1,-1,-1,-1
18.2003991550464,-1,-1,-1,-1,-1,0.9100199577523201,-1,8.337076394843152e-05,-1,-1,0.5,-1,-1,-1,-1
18.22222600453963,-1,-1,-1,-1,-1,0.9111113002269815,-1,8.332081762559628e-05,-1,-1,0.5,-1,-1,-1,-1
18.244079029907063,-1,-1,-1,-1,-1,0.9122039514953532,-1,8.327090122494295e-05,-1,-1,0.5,-1,-1,-1,-1
18.26595826254015,-1,-1,-1,-1,-1,0.9132979131270075,-1,8.322101472854554e-05,-1,-1,0.5,-1,-1,-1,-1
18.287863733867983,-1,-1,-1,-1,-1,0.9143931866933992,-1,8.317115811848881e-05,-1,-1,0.5,-1,-1,-1,-1
18.309795475357365,-1,-1,-1,-1,-1,0.9154897737678683,-1,8.312133137686821e-05,-1,-1,0.5,-1,-1,-1,-1
18.331753518512787,-1,-1,-1,-1,-1,0.9165876759256394,-1,8.307153448579004e-05,-1,-1,0.5,-1,-1,-1,-1
18.353737894876563,-1,-1,-1,-1,-1,0.9176868947438281,-1,8.302176742737118e-05,-1,-1,0.5,-1,-1,-1,-1
18.375748636028824,-1,-1,-1,-1,-1,0.9187874318014413,-1,8.297203018373929e-05,-1,-1,0.5,-1,-1,-1,-1
18.397785773587575,-1,-1,-1,-1,-1,0.9198892886793788,-1,8.292232273703271e-05,-1,-1,0.5,-1,-1,-1,-1
18.41984933920874,-1,-1,-1,-1,-1,0.920992466960437,-1,8.287264506940054e-05,-1,-1,0.5,-1,-1,-1,-1
18.441939364586194,-1,-1,-1,-1,-1,0.9220969682293098,-1,8.282299716300247e-05,-1,-1,0.5,-1,-1,-1,-1
18.464055881451838,-1,-1,-1,-1,-1,0.923202794072592,-1,8.277337900000898e-05,-1,-1,0.5,-1,-1,-1,-1
18.486198921575614,-1,-1,-1,-1,-1,0.9243099460787807,-1,8.272379056260116e-05,-1,-1,0.5,-1,-1,-1,-1
18.50836851676557,-1,-1,-1,-1,-1,0.9254184258382786,-1,8.267423183297085e-05,-1,-1,0.5,-1,-1,-1,-1
18.530564698867927,-1,-1,-1,-1,-1,0.9265282349433964,-1,8.26247027933204e-05,-1,-1,0.5,-1,-1,-1,-1
18.552787499767025,-1,-1,-1,-1,-1,0.9276393749883513,-1,8.257520342586308e-05,-1,-1,0.5,-1,-1,-1,-1
18.575036951385503,-1,-1,-1,-1,-1,0.9287518475692752,-1,8.252573371282261e-05,-1,-1,0.5,-1,-1,-1,-1
18.59731308568427,-1,-1,-1,-1,-1,0.9298656542842135,-1,8.247629363643342e-05,-1,-1,0.5,-1,-1,-1,-1
18.619615934662562,-1,-1,-1,-1,-1,0.9309807967331282,-1,8.242688317894058e-05,-1,-1,0.5,-1,-1,-1,-1
18.641945530357987,-1,-1,-1,-1,-1,0.9320972765178994,-1,8.237750232259979e-05,-1,-1,0.5,-1,-1,-1,-1
18.664301904846578,-1,-1,-1,-1,-1,0.9332150952423289,-1,8.232815104967742e-05,-1,-1,0.5,-1,-1,-1,-1
18.68668509024283,-1,-1,-1,-1,-1,0.9343342545121415,-1,8.227882934245043e-05,-1,-1,0.5,-1,-1,-1,-1
18.709095118699757,-1,-1,-1,-1,-1,0.935454755934988,-1,8.222953718320639e-05,-1,-1,0.5,-1,-1,-1,-1
18.73153202240893,-1,-1,-1,-1,-1,0.9365766011204466,-1,8.218027455424348e-05,-1,-1,0.5,-1,-1,-1,-1
18.753995833600545,-1,-1,-1,-1,-1,0.9376997916800273,-1,8.213104143787049e-05,-1,-1,0.5,-1,-1,-1,-1
18.776486584543395,-1,-1,-1,-1,-1,0.9388243292271699,-1,8.208183781640688e-05,-1,-1,0.5,-1,-1,-1,-1
18.799004307545022,-1,-1,-1,-1,-1,0.9399502153772512,-1,8.203266367218262e-05,-1,-1,0.5,-1,-1,-1,-1
18.8215490349517,-1,-1,-1,-1,-1,0.9410774517475851,-1,8.198351898753825e-05,-1,-1,0.5,-1,-1,-1,-1
18.8441207991485,-1,-1,-1,-1,-1,0.942206039957425,-1,8.193440374482493e-05,-1,-1,0.5,-1,-1,-1,-1
18.86671963255931,-1,-1,-1,-1,-1,0.9433359816279655,-1,8.188531792640442e-05,-1,-1,0.5,-1,-1,-1,-1
18.889345567646924,-1,-1,-1,-1,-1,0.9444672783823462,-1,8.1836261514649e-05,-1,-1,0.5,-1,-1,-1,-1
18.911998636913058,-1,-1,-1,-1,-1,0.9455999318456529,-1,8.178723449194151e-05,-1,-1,0.5,-1,-1,-1,-1
18.934678872898406,-1,-1,-1,-1,-1,0.9467339436449204,-1,8.17382368406754e-05,-1,-1,0.5,-1,-1,-1,-1
18.957386308182688,-1,-1,-1,-1,-1,0.9478693154091344,-1,8.168926854325457e-05,-1,-1,0.5,-1,-1,-1,-1
18.980120975384715,-1,-1,-1,-1,-1,0.9490060487692358,-1,8.164032958209351e-05,-1,-1,0.5,-1,-1,-1,-1
19.002882907162352,-1,-1,-1,-1,-1,0.9501441453581176,-1,8.159141993961735e-05,-1,-1,0.5,-1,-1,-1,-1
19.025672136212695,-1,-1,-1,-1,-1,0.9512836068106347,-1,8.154253959826158e-05,-1,-1,0.5,-1,-1,-1,-1
19.048488695272027,-1,-1,-1,-1,-1,0.9524244347636014,-1,8.14936885404723e-05,-1,-1,0.5,-1,-1,-1,-1
19.071332617115896,-1,-1,-1,-1,-1,0.9535666308557949,-1,8.144486674870615e-05,-1,-1,0.5,-1,-1,-1,-1
19.094203934559154,-1,-1,-1,-1,-1,0.9547101967279578,-1,8.139607420543019e-05,-1,-1,0.5,-1,-1,-1,-1
19.117102680456,-1,-1,-1,-1,-1,0.9558551340228001,-1,8.134731089312204e-05,-1,-1,0.5,-1,-1,-1,-1
19.14002888770004,-1,-1,-1,-1,-1,0.9570014443850021,-1,8.129857679426982e-05,-1,-1,0.5,-1,-1,-1,-1
19.162982589224328,-1,-1,-1,-1,-1,0.9581491294612164,-1,8.124987189137218e-05,-1,-1,0.5,-1,-1,-1,-1
19.185963818001408,-1,-1,-1,-1,-1,0.9592981909000704,-1,8.120119616693813e-05,-1,-1,0.5,-1,-1,-1,-1
19.20897260704337,-1,-1,-1,-1,-1,0.9604486303521687,-1,8.115254960348731e-05,-1,-1,0.5,-1,-1,-1,-1
19.232008989401915,-1,-1,-1,-1,-1,0.9616004494700958,-1,8.110393218354968e-05,-1,-1,0.5,-1,-1,-1,-1
19.25507299816832,-1,-1,-1,-1,-1,0.962753649908416,-1,8.105534388966582e-05,-1,-1,0.5,-1,-1,-1,-1
19.2781646664736,-1,-1,-1,-1,-1,0.96390823332368,-1,8.10067847043867e-05,-1,-1,0.5,-1,-1,-1,-1
19.3012840274885,-1,-1,-1,-1,-1,0.9650642013744251,-1,8.09582546102737e-05,-1,-1,0.5,-1,-1,-1,-1
19.324431114423522,-1,-1,-1,-1,-1,0.9662215557211762,-1,8.090975358989869e-05,-1,-1,0.5,-1,-1,-1,-1
19.347605960529012,-1,-1,-1,-1,-1,0.9673802980264506,-1,8.0861281625844e-05,-1,-1,0.5,-1,-1,-1,-1
19.37080859909519,-1,-1,-1,-1,-1,0.9685404299547596,-1,8.081283870070235e-05,-1,-1,0.5,-1,-1,-1,-1
19.394039063452194,-1,-1,-1,-1,-1,0.9697019531726098,-1,8.076442479707692e-05,-1,-1,0.5,-1,-1,-1,-1
19.417297386970134,-1,-1,-1,-1,-1,0.9708648693485067,-1,8.07160398975813e-05,-1,-1,0.5,-1,-1,-1,-1
19.440583603059142,-1,-1,-1,-1,-1,0.9720291801529571,-1,8.066768398483952e-05,-1,-1,0.5,-1,-1,-1,-1
19.463897745169433,-1,-1,-1,-1,-1,0.9731948872584717,-1,8.061935704148592e-05,-1,-1,0.5,-1,-1,-1,-1
19.487239846791287,-1,-1,-1,-1,-1,0.9743619923395643,-1,8.057105905016544e-05,-1,-1,0.5,-1,-1,-1,-1
19.51060994145519,-1,-1,-1,-1,-1,0.9755304970727595,-1,8.052278999353324e-05,-1,-1,0.5,-1,-1,-1,-1
19.53400806273184,-1,-1,-1,-1,-1,0.976700403136592,-1,8.047454985425492e-05,-1,-1,0.5,-1,-1,-1,-1
19.557434244232176,-1,-1,-1,-1,-1,0.9778717122116088,-1,8.042633861500651e-05,-1,-1,0.5,-1,-1,-1,-1
19.58088851960746,-1,-1,-1,-1,-1,0.979044425980373,-1,8.037815625847434e-05,-1,-1,0.5,-1,-1,-1,-1
19.604370922549297,-1,-1,-1,-1,-1,0.9802185461274648,-1,8.033000276735522e-05,-1,-1,0.5,-1,-1,-1,-1
19.627881486789708,-1,-1,-1,-1,-1,0.9813940743394854,-1,8.028187812435617e-05,-1,-1,0.5,-1,-1,-1,-1
19.65142024610116,-1,-1,-1,-1,-1,0.9825710123050581,-1,8.023378231219475e-05,-1,-1,0.5,-1,-1,-1,-1
19.67498723429663,-1,-1,-1,-1,-1,0.9837493617148315,-1,8.018571531359874e-05,-1,-1,0.5,-1,-1,-1,-1
19.698582485229654,-1,-1,-1,-1,-1,0.9849291242614827,-1,8.013767711130628e-05,-1,-1,0.5,-1,-1,-1,-1
19.72220603279431,-1,-1,-1,-1,-1,0.9861103016397156,-1,8.008966768806598e-05,-1,-1,0.5,-1,-1,-1,-1
19.74585791092539,-1,-1,-1,-1,-1,0.9872928955462696,-1,8.004168702663665e-05,-1,-1,0.5,-1,-1,-1,-1
19.769538153598358,-1,-1,-1,-1,-1,0.9884769076799179,-1,7.999373510978743e-05,-1,-1,0.5,-1,-1,-1,-1
19.793246794829425,-1,-1,-1,-1,-1,0.9896623397414713,-1,7.994581192029787e-05,-1,-1,0.5,-1,-1,-1,-1
19.81698386867559,-1,-1,-1,-1,-1,0.9908491934337795,-1,7.989791744095778e-05,-1,-1,0.5,-1,-1,-1,-1
19.8407494092347,-1,-1,-1,-1,-1,0.9920374704617351,-1,7.985005165456725e-05,-1,-1,0.5,-1,-1,-1,-1
19.864543450645495,-1,-1,-1,-1,-1,0.9932271725322748,-1,7.980221454393675e-05,-1,-1,0.5,-1,-1,-1,-1
19.888366027087653,-1,-1,-1,-1,-1,0.9944183013543827,-1,7.975440609188703e-05,-1,-1,0.5,-1,-1,-1,-1
19.912217172781844,-1,-1,-1,-1,-1,0.9956108586390923,-1,7.970662628124905e-05,-1,-1,0.5,-1,-1,-1,-1
19.936096921989794,-1,-1,-1,-1,-1,0.9968048460994897,-1,7.965887509486414e-05,-1,-1,0.5,-1,-1,-1,-1
19.96000530901426,-1,-1,-1,-1,-1,0.9980002654507131,-1,7.961115251558394e-05,-1,-1,0.5,-1,-1,-1,-1
19.983942368199198,-1,-1,-1,-1,-1,0.99919711840996,-1,7.956345852627027e-05,-1,-1,0.5,-1,-1,-1,-1
20.007908133929728,-1,-1,-1,-1,-1,1.0003954066964864,-1,7.951579310979526e-05,-1,-1,0.5,-1,-1,-1,-1
20.031902640632207,-1,-1,-1,-1,-1,1.0015951320316103,-1,7.946815624904131e-05,-1,-1,0.5,-1,-1,-1,-1
20.05592592277428,-1,-1,-1,-1,-1,1.002796296138714,-1,7.942054792690106e-05,-1,-1,0.5,-1,-1,-1,-1
20.079978014864924,-1,-1,-1,-1,-1,1.0039989007432462,-1,7.937296812627741e-05,-1,-1,0.5,-1,-1,-1,-1
20.104058951454505,-1,-1,-1,-1,-1,1.0052029475727253,-1,7.932541683008347e-05,-1,-1,0.5,-1,-1,-1,-1
20.12816876713482,-1,-1,-1,-1,-1,1.006408438356741,-1,7.927789402124264e-05,-1,-1,0.5,-1,-1,-1,-1
20.15230749653915,-1,-1,-1,-1,-1,1.0076153748269576,-1,7.92303996826885e-05,-1,-1,0.5,-1,-1,-1,-1
20.17647517434234,-1,-1,-1,-1,-1,1.008823758717117,-1,7.918293379736486e-05,-1,-1,0.5,-1,-1,-1,-1
20.20067183526074,-1,-1,-1,-1,-1,1.010033591763037,-1,7.913549634822585e-05,-1,-1,0.5,-1,-1,-1,-1
20.224897514052405,-1,-1,-1,-1,-1,1.0112448757026202,-1,7.908808731823566e-05,-1,-1,0.5,-1,-1,-1,-1
20.249152245517056,-1,-1,-1,-1,-1,1.0124576122758528,-1,7.904070669036878e-05,-1,-1,0.5,-1,-1,-1,-1
20.273436064496146,-1,-1,-1,-1,-1,1.0136718032248073,-1,7.899335444760986e-05,-1,-1,0.5,-1,-1,-1,-1
20.297749005872905,-1,-1,-1,-1,-1,1.0148874502936454,-1,7.894603057295375e-05,-1,-1,0.5,-1,-1,-1,-1
20.322091104572408,-1,-1,-1,-1,-1,1.0161045552286205,-1,7.889873504940551e-05,-1,-1,0.5,-1,-1,-1,-1
20.346462395561602,-1,-1,-1,-1,-1,1.01732311977808,-1,7.885146785998038e-05,-1,-1,0.5,-1,-1,-1,-1
20.370862913849376,-1,-1,-1,-1,-1,1.0185431456924687,-1,7.880422898770372e-05,-1,-1,0.5,-1,-1,-1,-1
20.3952926944866,-1,-1,-1,-1,-1,1.01976463472433,-1,7.875701841561114e-05,-1,-1,0.5,-1,-1,-1,-1
20.419751772566183,-1,-1,-1,-1,-1,1.0209875886283093,-1,7.870983612674833e-05,-1,-1,0.5,-1,-1,-1,-1
20.444240183223133,-1,-1,-1,-1,-1,1.0222120091611566,-1,7.866268210417116e-05,-1,-1,0.5,-1,-1,-1,-1
20.46875796163454,-1,-1,-1,-1,-1,1.0234378980817271,-1,7.861555633094578e-05,-1,-1,0.5,-1,-1,-1,-1
20.493305143019736,-1,-1,-1,-1,-1,1.0246652571509869,-1,7.856845879014833e-05,-1,-1,0.5,-1,-1,-1,-1
20.51788176264027,-1,-1,-1,-1,-1,1.0258940881320135,-1,7.852138946486508e-05,-1,-1,0.5,-1,-1,-1,-1
20.542487855799976,-1,-1,-1,-1,-1,1.027124392789999,-1,7.847434833819255e-05,-1,-1,0.5,-1,-1,-1,-1
20.567123457845035,-1,-1,-1,-1,-1,1.028356172892252,-1,7.84273353932373e-05,-1,-1,0.5,-1,-1,-1,-1
20.59178860416401,-1,-1,-1,-1,-1,1.0295894302082005,-1,7.838035061311605e-05,-1,-1,0.5,-1,-1,-1,-1
20.616483330187904,-1,-1,-1,-1,-1,1.0308241665093953,-1,7.833339398095559e-05,-1,-1,0.5,-1,-1,-1,-1
20.641207671390216,-1,-1,-1,-1,-1,1.0320603835695108,-1,7.828646547989287e-05,-1,-1,0.5,-1,-1,-1,-1
20.66596166328698,-1,-1,-1,-1,-1,1.033298083164349,-1,7.823956509307495e-05,-1,-1,0.5,-1,-1,-1,-1
20.69074534143684,-1,-1,-1,-1,-1,1.034537267071842,-1,7.819269280365887e-05,-1,-1,0.5,-1,-1,-1,-1
20.715558741441036,-1,-1,-1,-1,-1,1.035777937072052,-1,7.814584859481192e-05,-1,-1,0.5,-1,-1,-1,-1
20.740401898943553,-1,-1,-1,-1,-1,1.0370200949471777,-1,7.809903244971141e-05,-1,-1,0.5,-1,-1,-1,-1
20.76527484963111,-1,-1,-1,-1,-1,1.0382637424815555,-1,7.805224435154469e-05,-1,-1,0.5,-1,-1,-1,-1
20.790177629233206,-1,-1,-1,-1,-1,1.0395088814616604,-1,7.800548428350923e-05,-1,-1,0.5,-1,-1,-1,-1
20.81511027352221,-1,-1,-1,-1,-1,1.0407555136761106,-1,7.795875222881253e-05,-1,-1,0.5,-1,-1,-1,-1
20.840072818313384,-1,-1,-1,-1,-1,1.0420036409156692,-1,7.791204817067219e-05,-1,-1,0.5,-1,-1,-1,-1
20.865065299464934,-1,-1,-1,-1,-1,1.0432532649732467,-1,7.786537209231582e-05,-1,-1,0.5,-1,-1,-1,-1
20.890087752878078,-1,-1,-1,-1,-1,1.044504387643904,-1,7.781872397698111e-05,-1,-1,0.5,-1,-1,-1,-1
20.915140214497082,-1,-1,-1,-1,-1,1.0457570107248542,-1,7.77721038079158e-05,-1,-1,0.5,-1,-1,-1,-1
20.940222720309343,-1,-1,-1,-1,-1,1.0470111360154672,-1,7.772551156837758e-05,-1,-1,0.5,-1,-1,-1,-1
20.965335306345352,-1,-1,-1,-1,-1,1.0482667653172677,-1,7.767894724163433e-05,-1,-1,0.5,-1,-1,-1,-1
20.990478008678874,-1,-1,-1,-1,-1,1.0495239004339438,-1,7.763241081096384e-05,-1,-1,0.5,-1,-1,-1,-1
21.015650863426913,-1,-1,-1,-1,-1,1.0507825431713458,-1,7.758590225965392e-05,-1,-1,0.5,-1,-1,-1,-1
21.040853906749785,-1,-1,-1,-1,-1,1.0520426953374893,-1,7.753942157100242e-05,-1,-1,0.5,-1,-1,-1,-1
21.066087174851173,-1,-1,-1,-1,-1,1.0533043587425588,-1,7.74929687283172e-05,-1,-1,0.5,-1,-1,-1,-1
21.09135070397818,-1,-1,-1,-1,-1,1.054567535198909,-1,7.74465437149161e-05,-1,-1,0.5,-1,-1,-1,-1
21.11664453042137,-1,-1,-1,-1,-1,1.0558322265210687,-1,7.740014651412697e-05,-1,-1,0.5,-1,-1,-1,-1
21.14196869051484,-1,-1,-1,-1,-1,1.0570984345257421,-1,7.735377710928763e-05,-1,-1,0.5,-1,-1,-1,-1
21.167323220636252,-1,-1,-1,-1,-1,1.0583661610318127,-1,7.730743548374592e-05,-1,-1,0.5,-1,-1,-1,-1
21.19270815720692,-1,-1,-1,-1,-1,1.059635407860346,-1,7.726112162085956e-05,-1,-1,0.5,-1,-1,-1,-1
21.218123536691767,-1,-1,-1,-1,-1,1.0609061768345884,-1,7.721483550399637e-05,-1,-1,0.5,-1,-1,-1,-1
21.24356939559952,-1,-1,-1,-1,-1,1.0621784697799759,-1,7.716857711653412e-05,-1,-1,0.5,-1,-1,-1,-1
21.269045770482652,-1,-1,-1,-1,-1,1.0634522885241326,-1,7.71223464418604e-05,-1,-1,0.5,-1,-1,-1,-1
21.29455269793749,-1,-1,-1,-1,-1,1.0647276348968746,-1,7.707614346337289e-05,-1,-1,0.5,-1,-1,-1,-1
21.320090214604235,-1,-1,-1,-1,-1,1.0660045107302119,-1,7.702996816447915e-05,-1,-1,0.5,-1,-1,-1,-1
21.34565835716704,-1,-1,-1,-1,-1,1.067282917858352,-1,7.698382052859675e-05,-1,-1,0.5,-1,-1,-1,-1
21.37125716235404,-1,-1,-1,-1,-1,1.068562858117702,-1,7.693770053915308e-05,-1,-1,0.5,-1,-1,-1,-1
21.396886666937426,-1,-1,-1,-1,-1,1.0698443333468715,-1,7.689160817958556e-05,-1,-1,0.5,-1,-1,-1,-1
21.422546907733484,-1,-1,-1,-1,-1,1.0711273453866743,-1,7.68455434333415e-05,-1,-1,0.5,-1,-1,-1,-1
21.44823792160265,-1,-1,-1,-1,-1,1.0724118960801325,-1,7.67995062838781e-05,-1,-1,0.5,-1,-1,-1,-1
21.47395974544959,-1,-1,-1,-1,-1,1.0736979872724797,-1,7.675349671466249e-05,-1,-1,0.5,-1,-1,-1,-1
21.499712416223165,-1,-1,-1,-1,-1,1.0749856208111583,-1,7.670751470917172e-05,-1,-1,0.5,-1,-1,-1,-1
21.5254959709166,-1,-1,-1,-1,-1,1.07627479854583,-1,7.666156025089277e-05,-1,-1,0.5,-1,-1,-1,-1
21.55131044656748,-1,-1,-1,-1,-1,1.077565522328374,-1,7.661563332332241e-05,-1,-1,0.5,-1,-1,-1,-1
21.577155880257795,-1,-1,-1,-1,-1,1.0788577940128898,-1,7.656973390996739e-05,-1,-1,0.5,-1,-1,-1,-1
21.60303230911401,-1,-1,-1,-1,-1,1.0801516154557005,-1,7.65238619943443e-05,-1,-1,0.5,-1,-1,-1,-1
21.62893977030711,-1,-1,-1,-1,-1,1.0814469885153555,-1,7.64780175599796e-05,-1,-1,0.5,-1,-1,-1,-1
21.654878301052666,-1,-1,-1,-1,-1,1.0827439150526332,-1,7.643220059040963e-05,-1,-1,0.5,-1,-1,-1,-1
21.68084793861087,-1,-1,-1,-1,-1,1.0840423969305435,-1,7.63864110691806e-05,-1,-1,0.5,-1,-1,-1,-1
21.706848720286605,-1,-1,-1,-1,-1,1.0853424360143302,-1,7.634064897984858e-05,-1,-1,0.5,-1,-1,-1,-1
21.732880683429507,-1,-1,-1,-1,-1,1.0866440341714754,-1,7.629491430597945e-05,-1,-1,0.5,-1,-1,-1,-1
21.75894386543395,-1,-1,-1,-1,-1,1.0879471932716975,-1,7.624920703114901e-05,-1,-1,0.5,-1,-1,-1,-1
21.785038303739203,-1,-1,-1,-1,-1,1.0892519151869602,-1,7.620352713894286e-05,-1,-1,0.5,-1,-1,-1,-1
21.811164035829425,-1,-1,-1,-1,-1,1.0905582017914712,-1,7.615787461295642e-05,-1,-1,0.5,-1,-1,-1,-1
21.837321099233726,-1,-1,-1,-1,-1,1.0918660549616863,-1,7.611224943679493e-05,-1,-1,0.5,-1,-1,-1,-1
21.863509531526216,-1,-1,-1,-1,-1,1.0931754765763109,-1,7.60666515940735e-05,-1,-1,0.5,-1,-1,-1,-1
21.88972937032607,-1,-1,-1,-1,-1,1.0944864685163036,-1,7.6021081068417e-05,-1,-1,0.5,-1,-1,-1,-1
21.915980653297577,-1,-1,-1,-1,-1,1.095799032664879,-1,7.597553784346017e-05,-1,-1,0.5,-1,-1,-1,-1
21.9422634181502,-1,-1,-1,-1,-1,1.0971131709075101,-1,7.593002190284748e-05,-1,-1,0.5,-1,-1,-1,-1
21.968577702638623,-1,-1,-1,-1,-1,1.0984288851319313,-1,7.588453323023328e-05,-1,-1,0.5,-1,-1,-1,-1
21.994923544562816,-1,-1,-1,-1,-1,1.099746177228141,-1,7.58390718092816e-05,-1,-1,0.5,-1,-1,-1,-1
22.02130098176804,-1,-1,-1,-1,-1,1.101065049088402,-1,7.579363762366644e-05,-1,-1,0.5,-1,-1,-1,-1
22.047710052144982,-1,-1,-1,-1,-1,1.102385502607249,-1,7.57482306570714e-05,-1,-1,0.5,-1,-1,-1,-1
22.074150793629762,-1,-1,-1,-1,-1,1.1037075396814882,-1,7.570285089318995e-05,-1,-1,0.5,-1,-1,-1,-1
22.100623244203998,-1,-1,-1,-1,-1,1.1050311622102,-1,7.565749831572528e-05,-1,-1,0.5,-1,-1,-1,-1
22.12712744189485,-1,-1,-1,-1,-1,1.1063563720947425,-1,7.561217290839039e-05,-1,-1,0.5,-1,-1,-1,-1
22.15366342477508,-1,-1,-1,-1,-1,1.107683171238754,-1,7.556687465490799e-05,-1,-1,0.5,-1,-1,-1,-1
22.180231230963113,-1,-1,-1,-1,-1,1.1090115615481557,-1,7.55216035390106e-05,-1,-1,0.5,-1,-1,-1,-1
22.206830898623092,-1,-1,-1,-1,-1,1.1103415449311547,-1,7.547635954444041e-05,-1,-1,0.5,-1,-1,-1,-1
22.23346246596492,-1,-1,-1,-1,-1,1.111673123298246,-1,7.543114265494943e-05,-1,-1,0.5,-1,-1,-1,-1
22.26012597124435,-1,-1,-1,-1,-1,1.1130062985622176,-1,7.53859528542993e-05,-1,-1,0.5,-1,-1,-1,-1
22.286821452762943,-1,-1,-1,-1,-1,1.1143410726381473,-1,7.534079012626154e-05,-1,-1,0.5,-1,-1,-1,-1
22.313548948868267,-1,-1,-1,-1,-1,1.1156774474434135,-1,7.529565445461728e-05,-1,-1,0.5,-1,-1,-1,-1
22.34030849795385,-1,-1,-1,-1,-1,1.1170154248976925,-1,7.525054582315737e-05,-1,-1,0.5,-1,-1,-1,-1
22.367100138459264,-1,-1,-1,-1,-1,1.1183550069229633,-1,7.52054642156824e-05,-1,-1,0.5,-1,-1,-1,-1
22.393923908870185,-1,-1,-1,-1,-1,1.1196961954435094,-1,7.516040961600265e-05,-1,-1,0.5,-1,-1,-1,-1
22.420779847718435,-1,-1,-1,-1,-1,1.1210389923859219,-1,7.511538200793813e-05,-1,-1,0.5,-1,-1,-1,-1
22.447667993582048,-1,-1,-1,-1,-1,1.1223833996791024,-1,7.50703813753185e-05,-1,-1,0.5,-1,-1,-1,-1
22.47458838508533,-1,-1,-1,-1,-1,1.1237294192542666,-1,7.502540770198314e-05,-1,-1,0.5,-1,-1,-1,-1
22.501541060898894,-1,-1,-1,-1,-1,1.1250770530449448,-1,7.498046097178108e-05,-1,-1,0.5,-1,-1,-1,-1
22.528526059739765,-1,-1,-1,-1,-1,1.1264263029869883,-1,7.493554116857104e-05,-1,-1,0.5,-1,-1,-1,-1
22.55554342037132,-1,-1,-1,-1,-1,1.127777171018566,-1,7.489064827622146e-05,-1,-1,0.5,-1,-1,-1,-1
22.5825931816035,-1,-1,-1,-1,-1,1.129129659080175,-1,7.484578227861037e-05,-1,-1,0.5,-1,-1,-1,-1
22.609675382292757,-1,-1,-1,-1,-1,1.1304837691146379,-1,7.48009431596255e-05,-1,-1,0.5,-1,-1,-1,-1
22.636790061342154,-1,-1,-1,-1,-1,1.1318395030671078,-1,7.47561309031642e-05,-1,-1,0.5,-1,-1,-1,-1
22.6639372577014,-1,-1,-1,-1,-1,1.13319686288507,-1,7.47113454931335e-05,-1,-1,0.5,-1,-1,-1,-1
22.69111701036691,-1,-1,-1,-1,-1,1.1345558505183455,-1,7.466658691345007e-05,-1,-1,0.5,-1,-1,-1,-1
22.71832935838188,-1,-1,-1,-1,-1,1.135916467919094,-1,7.462185514804016e-05,-1,-1,0.5,-1,-1,-1,-1
22.745574340836313,-1,-1,-1,-1,-1,1.1372787170418157,-1,7.457715018083974e-05,-1,-1,0.5,-1,-1,-1,-1
22.7728519968671,-1,-1,-1,-1,-1,1.1386425998433551,-1,7.453247199579435e-05,-1,-1,0.5,-1,-1,-1,-1
22.800162365658068,-1,-1,-1,-1,-1,1.1400081182829034,-1,7.448782057685914e-05,-1,-1,0.5,-1,-1,-1,-1
22.82750548644005,-1,-1,-1,-1,-1,1.1413752743220025,-1,7.444319590799885e-05,-1,-1,0.5,-1,-1,-1,-1
22.854881398490868,-1,-1,-1,-1,-1,1.1427440699245435,-1,7.439859797318792e-05,-1,-1,0.5,-1,-1,-1,-1
22.882290141135506,-1,-1,-1,-1,-1,1.1441145070567753,-1,7.435402675641035e-05,-1,-1,0.5,-1,-1,-1,-1
22.909731753746097,-1,-1,-1,-1,-1,1.1454865876873048,-1,7.430948224165967e-05,-1,-1,0.5,-1,-1,-1,-1
22.937206275741982,-1,-1,-1,-1,-1,1.1468603137870992,-1,7.426496441293907e-05,-1,-1,0.5,-1,-1,-1,-1
22.964713746589776,-1,-1,-1,-1,-1,1.1482356873294888,-1,7.42204732542613e-05,-1,-1,0.5,-1,-1,-1,-1
22.992254205803434,-1,-1,-1,-1,-1,1.1496127102901716,-1,7.41760087496487e-05,-1,-1,0.5,-1,-1,-1,-1
23.019827692944286,-1,-1,-1,-1,-1,1.1509913846472144,-1,7.413157088313315e-05,-1,-1,0.5,-1,-1,-1,-1
23.047434247621112,-1,-1,-1,-1,-1,1.1523717123810557,-1,7.408715963875614e-05,-1,-1,0.5,-1,-1,-1,-1
23.075073909490197,-1,-1,-1,-1,-1,1.1537536954745098,-1,7.404277500056868e-05,-1,-1,0.5,-1,-1,-1,-1
23.102746718255396,-1,-1,-1,-1,-1,1.15513733591277,-1,7.399841695263131e-05,-1,-1,0.5,-1,-1,-1,-1
23.130452713668124,-1,-1,-1,-1,-1,1.1565226356834062,-1,7.395408547901425e-05,-1,-1,0.5,-1,-1,-1,-1
23.15819193552752,-1,-1,-1,-1,-1,1.157909596776376,-1,7.390978056379716e-05,-1,-1,0.5,-1,-1,-1,-1
23.185964423680442,-1,-1,-1,-1,-1,1.1592982211840221,-1,7.386550219106923e-05,-1,-1,0.5,-1,-1,-1,-1
23.21377021802153,-1,-1,-1,-1,-1,1.1606885109010765,-1,7.38212503449292e-05,-1,-1,0.5,-1,-1,-1,-1
23.24160935849327,-1,-1,-1,-1,-1,1.1620804679246637,-1,7.377702500948535e-05,-1,-1,0.5,-1,-1,-1,-1
23.269481885086048,-1,-1,-1,-1,-1,1.1634740942543025,-1,7.373282616885549e-05,-1,-1,0.5,-1,-1,-1,-1
23.297387837838205,-1,-1,-1,-1,-1,1.1648693918919102,-1,7.368865380716688e-05,-1,-1,0.5,-1,-1,-1,-1
23.3253272568361,-1,-1,-1,-1,-1,1.166266362841805,-1,7.36445079085564e-05,-1,-1,0.5,-1,-1,-1,-1
23.35330018221417,-1,-1,-1,-1,-1,1.1676650091107086,-1,7.360038845717031e-05,-1,-1,0.5,-1,-1,-1,-1
23.381306654155,-1,-1,-1,-1,-1,1.16906533270775,-1,7.355629543716442e-05,-1,-1,0.5,-1,-1,-1,-1
23.4093467128893,-1,-1,-1,-1,-1,1.170467335644465,-1,7.351222883270413e-05,-1,-1,0.5,-1,-1,-1,-1
23.43742039869609,-1,-1,-1,-1,-1,1.1718710199348046,-1,7.346818862796417e-05,-1,-1,0.5,-1,-1,-1,-1
23.46552775190268,-1,-1,-1,-1,-1,1.173276387595134,-1,7.342417480712881e-05,-1,-1,0.5,-1,-1,-1,-1
23.493668812884735,-1,-1,-1,-1,-1,1.1746834406442368,-1,7.338018735439181e-05,-1,-1,0.5,-1,-1,-1,-1
23.521843622066342,-1,-1,-1,-1,-1,1.1760921811033171,-1,7.333622625395642e-05,-1,-1,0.5,-1,-1,-1,-1
23.55005221992007,-1,-1,-1,-1,-1,1.1775026109960034,-1,7.329229149003529e-05,-1,-1,0.5,-1,-1,-1,-1
23.578294646967024,-1,-1,-1,-1,-1,1.1789147323483513,-1,7.324838304685059e-05,-1,-1,0.5,-1,-1,-1,-1
23.606570943776894,-1,-1,-1,-1,-1,1.1803285471888447,-1,7.320450090863388e-05,-1,-1,0.5,-1,-1,-1,-1
23.634881150968045,-1,-1,-1,-1,-1,1.1817440575484024,-1,7.316064505962621e-05,-1,-1,0.5,-1,-1,-1,-1
23.663225309207554,-1,-1,-1,-1,-1,1.1831612654603778,-1,7.311681548407806e-05,-1,-1,0.5,-1,-1,-1,-1
23.691603459211215,-1,-1,-1,-1,-1,1.1845801729605607,-1,7.307301216624938e-05,-1,-1,0.5,-1,-1,-1,-1
23.720015641743704,-1,-1,-1,-1,-1,1.1860007820871852,-1,7.30292350904095e-05,-1,-1,0.5,-1,-1,-1,-1
23.74846189761858,-1,-1,-1,-1,-1,1.187423094880929,-1,7.298548424083719e-05,-1,-1,0.5,-1,-1,-1,-1
23.77694226769833,-1,-1,-1,-1,-1,1.1888471133849166,-1,7.294175960182064e-05,-1,-1,0.5,-1,-1,-1,-1
23.80545679289446,-1,-1,-1,-1,-1,1.190272839644723,-1,7.289806115765745e-05,-1,-1,0.5,-1,-1,-1,-1
23.834005514167526,-1,-1,-1,-1,-1,1.1917002757083763,-1,7.285438889265463e-05,-1,-1,0.5,-1,-1,-1,-1
23.862588472527218,-1,-1,-1,-1,-1,1.193129423626361,-1,7.281074279112858e-05,-1,-1,0.5,-1,-1,-1,-1
23.8912057090324,-1,-1,-1,-1,-1,1.19456028545162,-1,7.276712283740513e-05,-1,-1,0.5,-1,-1,-1,-1
23.91985726479117,-1,-1,-1,-1,-1,1.1959928632395584,-1,7.272352901581947e-05,-1,-1,0.5,-1,-1,-1,-1
23.948543180960968,-1,-1,-1,-1,-1,1.1974271590480485,-1,7.267996131071613e-05,-1,-1,0.5,-1,-1,-1,-1
23.9772634987485,-1,-1,-1,-1,-1,1.198863174937425,-1,7.263641970644916e-05,-1,-1,0.5,-1,-1,-1,-1
24.00601825940997,-1,-1,-1,-1,-1,1.2003009129704987,-1,7.259290418738184e-05,-1,-1,0.5,-1,-1,-1,-1
24.034807504251035,-1,-1,-1,-1,-1,1.2017403752125517,-1,7.25494147378869e-05,-1,-1,0.5,-1,-1,-1,-1
24.06363127462689,-1,-1,-1,-1,-1,1.2031815637313445,-1,7.250595134234637e-05,-1,-1,0.5,-1,-1,-1,-1
24.092489611942316,-1,-1,-1,-1,-1,1.2046244805971158,-1,7.246251398515169e-05,-1,-1,0.5,-1,-1,-1,-1
24.12138255765176,-1,-1,-1,-1,-1,1.2060691278825881,-1,7.241910265070364e-05,-1,-1,0.5,-1,-1,-1,-1
24.150310153259376,-1,-1,-1,-1,-1,1.207515507662969,-1,7.237571732341231e-05,-1,-1,0.5,-1,-1,-1,-1
24.179272440319096,-1,-1,-1,-1,-1,1.208963622015955,-1,7.233235798769717e-05,-1,-1,0.5,-1,-1,-1,-1
24.20826946043468,-1,-1,-1,-1,-1,1.210413473021734,-1,7.228902462798701e-05,-1,-1,0.5,-1,-1,-1,-1
24.237301255259787,-1,-1,-1,-1,-1,1.2118650627629894,-1,7.224571722871996e-05,-1,-1,0.5,-1,-1,-1,-1
24.26636786649805,-1,-1,-1,-1,-1,1.2133183933249025,-1,7.22024357743434e-05,-1,-1,0.5,-1,-1,-1,-1
24.295469335903046,-1,-1,-1,-1,-1,1.2147734667951524,-1,7.215918024931418e-05,-1,-1,0.5,-1,-1,-1,-1
24.324605705278493,-1,-1,-1,-1,-1,1.2162302852639248,-1,7.211595063809835e-05,-1,-1,0.5,-1,-1,-1,-1
24.353777016478226,-1,-1,-1,-1,-1,1.2176888508239114,-1,7.207274692517125e-05,-1,-1,0.5,-1,-1,-1,-1
24.38298331140626,-1,-1,-1,-1,-1,1.219149165570313,-1,7.202956909501758e-05,-1,-1,0.5,-1,-1,-1,-1
24.412224632016876,-1,-1,-1,-1,-1,1.220611231600844,-1,7.19864171321313e-05,-1,-1,0.5,-1,-1,-1,-1
24.441501020314664,-1,-1,-1,-1,-1,1.2220750510157332,-1,7.194329102101569e-05,-1,-1,0.5,-1,-1,-1,-1
24.470812518354585,-1,-1,-1,-1,-1,1.2235406259177293,-1,7.190019074618328e-05,-1,-1,0.5,-1,-1,-1,-1
24.50015916824204,-1,-1,-1,-1,-1,1.225007958412102,-1,7.18571162921559e-05,-1,-1,0.5,-1,-1,-1,-1
24.52954101213292,-1,-1,-1,-1,-1,1.226477050606646,-1,7.181406764346463e-05,-1,-1,0.5,-1,-1,-1,-1
24.5589580922337,-1,-1,-1,-1,-1,1.227947904611685,-1,7.177104478464984e-05,-1,-1,0.5,-1,-1,-1,-1
24.588410450801394,-1,-1,-1,-1,-1,1.2294205225400698,-1,7.17280477002612e-05,-1,-1,0.5,-1,-1,-1,-1
24.617898130143775,-1,-1,-1,-1,-1,1.2308949065071888,-1,7.168507637485754e-05,-1,-1,0.5,-1,-1,-1,-1
24.647421172619314,-1,-1,-1,-1,-1,1.2323710586309657,-1,7.164213079300703e-05,-1,-1,0.5,-1,-1,-1,-1
24.67697962063729,-1,-1,-1,-1,-1,1.2338489810318647,-1,7.159921093928702e-05,-1,-1,0.5,-1,-1,-1,-1
24.706573516657848,-1,-1,-1,-1,-1,1.2353286758328925,-1,7.155631679828413e-05,-1,-1,0.5,-1,-1,-1,-1
24.736202903192037,-1,-1,-1,-1,-1,1.2368101451596019,-1,7.151344835459422e-05,-1,-1,0.5,-1,-1,-1,-1
24.765867822801898,-1,-1,-1,-1,-1,1.238293391140095,-1,7.147060559282238e-05,-1,-1,0.5,-1,-1,-1,-1
24.795568318100518,-1,-1,-1,-1,-1,1.239778415905026,-1,7.142778849758287e-05,-1,-1,0.5,-1,-1,-1,-1
24.825304431752073,-1,-1,-1,-1,-1,1.2412652215876037,-1,7.138499705349927e-05,-1,-1,0.5,-1,-1,-1,-1
24.85507620647195,-1,-1,-1,-1,-1,1.2427538103235976,-1,7.134223124520421e-05,-1,-1,0.5,-1,-1,-1,-1
24.884883685026665,-1,-1,-1,-1,-1,1.2442441842513334,-1,7.129949105733977e-05,-1,-1,0.5,-1,-1,-1,-1
24.914726910234112,-1,-1,-1,-1,-1,1.2457363455117056,-1,7.125677647455698e-05,-1,-1,0.5,-1,-1,-1,-1
24.944605924963508,-1,-1,-1,-1,-1,1.2472302962481754,-1,7.121408748151624e-05,-1,-1,0.5,-1,-1,-1,-1
24.974520772135474,-1,-1,-1,-1,-1,1.2487260386067738,-1,7.117142406288702e-05,-1,-1,0.5,-1,-1,-1,-1
25.004471494722107,-1,-1,-1,-1,-1,1.2502235747361055,-1,7.112878620334807e-05,-1,-1,0.5,-1,-1,-1,-1
25.034458135747045,-1,-1,-1,-1,-1,1.2517229067873523,-1,7.108617388758725e-05,-1,-1,0.5,-1,-1,-1,-1
25.064480738285514,-1,-1,-1,-1,-1,1.2532240369142758,-1,7.104358710030163e-05,-1,-1,0.5,-1,-1,-1,-1
25.094539345464394,-1,-1,-1,-1,-1,1.2547269672732198,-1,7.100102582619743e-05,-1,-1,0.5,-1,-1,-1,-1
25.1246340004623,-1,-1,-1,-1,-1,1.2562317000231151,-1,7.095849004999006e-05,-1,-1,0.5,-1,-1,-1,-1
25.154764746509642,-1,-1,-1,-1,-1,1.2577382373254822,-1,7.0915979756404e-05,-1,-1,0.5,-1,-1,-1,-1
25.1849316268886,-1,-1,-1,-1,-1,1.25924658134443,-1,7.087349493017305e-05,-1,-1,0.5,-1,-1,-1,-1
25.215134684933336,-1,-1,-1,-1,-1,1.2607567342466668,-1,7.083103555604e-05,-1,-1,0.5,-1,-1,-1,-1
25.245373964029962,-1,-1,-1,-1,-1,1.2622686982014981,-1,7.078860161875686e-05,-1,-1,0.5,-1,-1,-1,-1
25.275649507616617,-1,-1,-1,-1,-1,1.2637824753808309,-1,7.07461931030847e-05,-1,-1,0.5,-1,-1,-1,-1
25.305961359183524,-1,-1,-1,-1,-1,1.2652980679591763,-1,7.070380999379383e-05,-1,-1,0.5,-1,-1,-1,-1
25.33630956227308,-1,-1,-1,-1,-1,1.266815478113654,-1,7.066145227566357e-05,-1,-1,0.5,-1,-1,-1,-1
25.36669416047988,-1,-1,-1,-1,-1,1.2683347080239942,-1,7.061911993348244e-05,-1,-1,0.5,-1,-1,-1,-1
25.397115197450816,-1,-1,-1,-1,-1,1.2698557598725408,-1,7.057681295204803e-05,-1,-1,0.5,-1,-1,-1,-1
25.42757271688512,-1,-1,-1,-1,-1,1.271378635844256,-1,7.053453131616706e-05,-1,-1,0.5,-1,-1,-1,-1
25.458066762534422,-1,-1,-1,-1,-1,1.2729033381267212,-1,7.049227501065535e-05,-1,-1,0.5,-1,-1,-1,-1
25.488597378202854,-1,-1,-1,-1,-1,1.2744298689101428,-1,7.045004402033777e-05,-1,-1,0.5,-1,-1,-1,-1
25.519164607747005,-1,-1,-1,-1,-1,1.2759582303873502,-1,7.040783833004838e-05,-1,-1,0.5,-1,-1,-1,-1
25.54976849507613,-1,-1,-1,-1,-1,1.2774884247538065,-1,7.036565792463026e-05,-1,-1,0.5,-1,-1,-1,-1
25.58040908415212,-1,-1,-1,-1,-1,1.279020454207606,-1,7.032350278893555e-05,-1,-1,0.5,-1,-1,-1,-1
25.611086418989586,-1,-1,-1,-1,-1,1.2805543209494794,-1,7.028137290782551e-05,-1,-1,0.5,-1,-1,-1,-1
25.64180054365593,-1,-1,-1,-1,-1,1.2820900271827966,-1,7.023926826617043e-05,-1,-1,0.5,-1,-1,-1,-1
25.67255150227139,-1,-1,-1,-1,-1,1.2836275751135695,-1,7.01971888488497e-05,-1,-1,0.5,-1,-1,-1,-1
25.703339339009123,-1,-1,-1,-1,-1,1.2851669669504562,-1,7.015513464075178e-05,-1,-1,0.5,-1,-1,-1,-1
25.734164098095263,-1,-1,-1,-1,-1,1.2867082049047633,-1,7.01131056267741e-05,-1,-1,0.5,-1,-1,-1,-1
25.765025823808973,-1,-1,-1,-1,-1,1.2882512911904487,-1,7.007110179182326e-05,-1,-1,0.5,-1,-1,-1,-1
25.795924560482554,-1,-1,-1,-1,-1,1.2897962280241277,-1,7.002912312081476e-05,-1,-1,0.5,-1,-1,-1,-1
25.826860352501384,-1,-1,-1,-1,-1,1.2913430176250693,-1,6.99871695986733e-05,-1,-1,0.5,-1,-1,-1,-1
25.85783324430416,-1,-1,-1,-1,-1,1.292891662215208,-1,6.994524121033249e-05,-1,-1,0.5,-1,-1,-1,-1
25.88884328038284,-1,-1,-1,-1,-1,1.2944421640191421,-1,6.990333794073499e-05,-1,-1,0.5,-1,-1,-1,-1
25.919890505282737,-1,-1,-1,-1,-1,1.295994525264137,-1,6.986145977483252e-05,-1,-1,0.5,-1,-1,-1,-1
25.95097496360259,-1,-1,-1,-1,-1,1.2975487481801296,-1,6.981960669758576e-05,-1,-1,0.5,-1,-1,-1,-1
25.982096699994617,-1,-1,-1,-1,-1,1.299104834999731,-1,6.977777869396443e-05,-1,-1,0.5,-1,-1,-1,-1
26.01325575916459,-1,-1,-1,-1,-1,1.3006627879582295,-1,6.973597574894727e-05,-1,-1,0.5,-1,-1,-1,-1
26.04445218587189,-1,-1,-1,-1,-1,1.3022226092935947,-1,6.9694197847522e-05,-1,-1,0.5,-1,-1,-1,-1
26.07568602492959,-1,-1,-1,-1,-1,1.3037843012464796,-1,6.965244497468532e-05,-1,-1,0.5,-1,-1,-1,-1
26.106957321204504,-1,-1,-1,-1,-1,1.3053478660602253,-1,6.961071711544292e-05,-1,-1,0.5,-1,-1,-1,-1
26.138266119617203,-1,-1,-1,-1,-1,1.3069133059808602,-1,6.956901425480953e-05,-1,-1,0.5,-1,-1,-1,-1
26.16961246514219,-1,-1,-1,-1,-1,1.3084806232571096,-1,6.952733637780879e-05,-1,-1,0.5,-1,-1,-1,-1
26.200996402807885,-1,-1,-1,-1,-1,1.3100498201403943,-1,6.948568346947334e-05,-1,-1,0.5,-1,-1,-1,-1
26.2324179776967,-1,-1,-1,-1,-1,1.311620898884835,-1,6.944405551484478e-05,-1,-1,0.5,-1,-1,-1,-1
26.26387723494512,-1,-1,-1,-1,-1,1.313193861747256,-1,6.940245249897367e-05,-1,-1,0.5,-1,-1,-1,-1
26.295374219743763,-1,-1,-1,-1,-1,1.3147687109871882,-1,6.936087440691952e-05,-1,-1,0.5,-1,-1,-1,-1
26.326908977337432,-1,-1,-1,-1,-1,1.3163454488668718,-1,6.931932122375085e-05,-1,-1,0.5,-1,-1,-1,-1
26.358481553025193,-1,-1,-1,-1,-1,1.3179240776512597,-1,6.927779293454502e-05,-1,-1,0.5,-1,-1,-1,-1
26.390091992160443,-1,-1,-1,-1,-1,1.3195045996080221,-1,6.923628952438842e-05,-1,-1,0.5,-1,-1,-1,-1
26.42174034015099,-1,-1,-1,-1,-1,1.3210870170075495,-1,6.919481097837627e-05,-1,-1,0.5,-1,-1,-1,-1
26.453426642459018,-1,-1,-1,-1,-1,1.322671332122951,-1,6.915335728161287e-05,-1,-1,0.5,-1,-1,-1,-1
26.48515094460131,-1,-1,-1,-1,-1,1.3242575472300655,-1,6.911192841921138e-05,-1,-1,0.5,-1,-1,-1,-1
26.516913292149216,-1,-1,-1,-1,-1,1.3258456646074608,-1,6.90705243762938e-05,-1,-1,0.5,-1,-1,-1,-1
26.548713730728725,-1,-1,-1,-1,-1,1.3274356865364363,-1,6.902914513799114e-05,-1,-1,0.5,-1,-1,-1,-1
26.580552306020557,-1,-1,-1,-1,-1,1.3290276153010279,-1,6.898779068944326e-05,-1,-1,0.5,-1,-1,-1,-1
26.612429063760207,-1,-1,-1,-1,-1,1.3306214531880105,-1,6.894646101579895e-05,-1,-1,0.5,-1,-1,-1,-1
26.644344049738017,-1,-1,-1,-1,-1,1.332217202486901,-1,6.89051561022159e-05,-1,-1,0.5,-1,-1,-1,-1
26.676297309799246,-1,-1,-1,-1,-1,1.3338148654899624,-1,6.886387593386069e-05,-1,-1,0.5,-1,-1,-1,-1
26.70828888984413,-1,-1,-1,-1,-1,1.3354144444922067,-1,6.882262049590878e-05,-1,-1,0.5,-1,-1,-1,-1
26.740318835827985,-1,-1,-1,-1,-1,1.3370159417913994,-1,6.878138977354446e-05,-1,-1,0.5,-1,-1,-1,-1
26.772387193761148,-1,-1,-1,-1,-1,1.3386193596880576,-1,6.874018375196103e-05,-1,-1,0.5,-1,-1,-1,-1
26.804494009709224,-1,-1,-1,-1,-1,1.3402247004854613,-1,6.869900241636053e-05,-1,-1,0.5,-1,-1,-1,-1
26.836639329793027,-1,-1,-1,-1,-1,1.3418319664896514,-1,6.865784575195395e-05,-1,-1,0.5,-1,-1,-1,-1
26.868823200188693,-1,-1,-1,-1,-1,1.3434411600094347,-1,6.861671374396106e-05,-1,-1,0.5,-1,-1,-1,-1
26.901045667127722,-1,-1,-1,-1,-1,1.3450522833563863,-1,6.857560637761057e-05,-1,-1,0.5,-1,-1,-1,-1
26.933306776897062,-1,-1,-1,-1,-1,1.3466653388448533,-1,6.853452363813996e-05,-1,-1,0.5,-1,-1,-1,-1
26.965606575839175,-1,-1,-1,-1,-1,1.348280328791959,-1,6.849346551079562e-05,-1,-1,0.5,-1,-1,-1,-1
26.997945110352095,-1,-1,-1,-1,-1,1.3498972555176048,-1,6.845243198083272e-05,-1,-1,0.5,-1,-1,-1,-1
27.030322426889498,-1,-1,-1,-1,-1,1.351516121344475,-1,6.841142303351533e-05,-1,-1,0.5,-1,-1,-1,-1
27.06273857196077,-1,-1,-1,-1,-1,1.3531369285980386,-1,6.83704386541163e-05,-1,-1,0.5,-1,-1,-1,-1
27.095193592131107,-1,-1,-1,-1,-1,1.3547596796065555,-1,6.832947882791726e-05,-1,-1,0.5,-1,-1,-1,-1
27.127687534021458,-1,-1,-1,-1,-1,1.356384376701073,-1,6.828854354020881e-05,-1,-1,0.5,-1,-1,-1,-1
27.160220444308766,-1,-1,-1,-1,-1,1.3580110222154385,-1,6.82476327762902e-05,-1,-1,0.5,-1,-1,-1,-1
27.19279236972593,-1,-1,-1,-1,-1,1.3596396184862964,-1,6.820674652146959e-05,-1,-1,0.5,-1,-1,-1,-1
27.225403357061886,-1,-1,-1,-1,-1,1.3612701678530943,-1,6.816588476106386e-05,-1,-1,0.5,-1,-1,-1,-1
27.258053453161683,-1,-1,-1,-1,-1,1.3629026726580842,-1,6.812504748039875e-05,-1,-1,0.5,-1,-1,-1,-1
27.290742704926554,-1,-1,-1,-1,-1,1.3645371352463278,-1,6.808423466480879e-05,-1,-1,0.5,-1,-1,-1,-1
27.323471159313975,-1,-1,-1,-1,-1,1.3661735579656988,-1,6.804344629963725e-05,-1,-1,0.5,-1,-1,-1,-1
27.356238863337733,-1,-1,-1,-1,-1,1.3678119431668867,-1,6.800268237023622e-05,-1,-1,0.5,-1,-1,-1,-1
27.389045864068002,-1,-1,-1,-1,-1,1.3694522932034001,-1,6.796194286196653e-05,-1,-1,0.5,-1,-1,-1,-1
27.42189220863143,-1,-1,-1,-1,-1,1.3710946104315715,-1,6.79212277601978e-05,-1,-1,0.5,-1,-1,-1,-1
27.454777944211095,-1,-1,-1,-1,-1,1.3727388972105548,-1,6.78805370503085e-05,-1,-1,0.5,-1,-1,-1,-1
27.487703118046753,-1,-1,-1,-1,-1,1.3743851559023377,-1,6.783987071768568e-05,-1,-1,0.5,-1,-1,-1,-1
27.52066777743477,-1,-1,-1,-1,-1,1.3760333888717386,-1,6.77992287477253e-05,-1,-1,0.5,-1,-1,-1,-1
27.553671969728246,-1,-1,-1,-1,-1,1.3776835984864124,-1,6.775861112583198e-05,-1,-1,0.5,-1,-1,-1,-1
27.586715742337056,-1,-1,-1,-1,-1,1.3793357871168528,-1,6.771801783741913e-05,-1,-1,0.5,-1,-1,-1,-1
27.619799142727945,-1,-1,-1,-1,-1,1.3809899571363973,-1,6.767744886790888e-05,-1,-1,0.5,-1,-1,-1,-1
27.65292221842457,-1,-1,-1,-1,-1,1.3826461109212287,-1,6.76369042027321e-05,-1,-1,0.5,-1,-1,-1,-1
27.686085017007596,-1,-1,-1,-1,-1,1.3843042508503798,-1,6.759638382732835e-05,-1,-1,0.5,-1,-1,-1,-1
27.71928758611473,-1,-1,-1,-1,-1,1.3859643793057366,-1,6.755588772714601e-05,-1,-1,0.5,-1,-1,-1,-1
27.752529973440854,-1,-1,-1,-1,-1,1.3876264986720428,-1,6.751541588764204e-05,-1,-1,0.5,-1,-1,-1,-1
27.78581222673795,-1,-1,-1,-1,-1,1.3892906113368975,-1,6.747496829428228e-05,-1,-1,0.5,-1,-1,-1,-1
27.81913439381536,-1,-1,-1,-1,-1,1.3909567196907682,-1,6.743454493254111e-05,-1,-1,0.5,-1,-1,-1,-1
27.852496522539735,-1,-1,-1,-1,-1,1.392624826126987,-1,6.739414578790173e-05,-1,-1,0.5,-1,-1,-1,-1
27.885898660835117,-1,-1,-1,-1,-1,1.394294933041756,-1,6.7353770845856e-05,-1,-1,0.5,-1,-1,-1,-1
27.91934085668304,-1,-1,-1,-1,-1,1.395967042834152,-1,6.73134200919044e-05,-1,-1,0.5,-1,-1,-1,-1
27.952823158122563,-1,-1,-1,-1,-1,1.3976411579061283,-1,6.727309351155624e-05,-1,-1,0.5,-1,-1,-1,-1
27.98634561325036,-1,-1,-1,-1,-1,1.399317280662518,-1,6.72327910903294e-05,-1,-1,0.5,-1,-1,-1,-1
28.019908270220796,-1,-1,-1,-1,-1,1.4009954135110398,-1,6.719251281375047e-05,-1,-1,0.5,-1,-1,-1,-1
28.05351117724597,-1,-1,-1,-1,-1,1.4026755588622986,-1,6.71522586673547e-05,-1,-1,0.5,-1,-1,-1,-1
28.087154382595838,-1,-1,-1,-1,-1,1.404357719129792,-1,6.7112028636686e-05,-1,-1,0.5,-1,-1,-1,-1
28.120837934598153,-1,-1,-1,-1,-1,1.4060418967299078,-1,6.707182270729703e-05,-1,-1,0.5,-1,-1,-1,-1
28.154561881638717,-1,-1,-1,-1,-1,1.4077280940819359,-1,6.703164086474897e-05,-1,-1,0.5,-1,-1,-1,-1
28.18832627216132,-1,-1,-1,-1,-1,1.409416313608066,-1,6.699148309461174e-05,-1,-1,0.5,-1,-1,-1,-1
28.222131154667853,-1,-1,-1,-1,-1,1.4111065577333928,-1,6.695134938246387e-05,-1,-1,0.5,-1,-1,-1,-1
28.255976577718382,-1,-1,-1,-1,-1,1.4127988288859192,-1,6.69112397138925e-05,-1,-1,0.5,-1,-1,-1,-1
28.289862589931193,-1,-1,-1,-1,-1,1.4144931294965597,-1,6.687115407449351e-05,-1,-1,0.5,-1,-1,-1,-1
28.32378923998289,-1,-1,-1,-1,-1,1.4161894619991446,-1,6.683109244987128e-05,-1,-1,0.5,-1,-1,-1,-1
28.35775657660845,-1,-1,-1,-1,-1,1.4178878288304224,-1,6.679105482563892e-05,-1,-1,0.5,-1,-1,-1,-1
28.39176464860128,-1,-1,-1,-1,-1,1.4195882324300642,-1,6.675104118741807e-05,-1,-1,0.5,-1,-1,-1,-1
28.425813504813362,-1,-1,-1,-1,-1,1.4212906752406682,-1,6.671105152083902e-05,-1,-1,0.5,-1,-1,-1,-1
28.45990319415515,-1,-1,-1,-1,-1,1.4229951597077575,-1,6.667108581154075e-05,-1,-1,0.5,-1,-1,-1,-1
28.49403376559585,-1,-1,-1,-1,-1,1.4247016882797927,-1,6.663114404517072e-05,-1,-1,0.5,-1,-1,-1,-1
28.528205268163372,-1,-1,-1,-1,-1,1.4264102634081688,-1,6.659122620738503e-05,-1,-1,0.5,-1,-1,-1,-1
28.56241775094441,-1,-1,-1,-1,-1,1.4281208875472204,-1,6.655133228384842e-05,-1,-1,0.5,-1,-1,-1,-1
28.596671263084534,-1,-1,-1,-1,-1,1.4298335631542267,-1,6.651146226023413e-05,-1,-1,0.5,-1,-1,-1,-1
28.63096585378825,-1,-1,-1,-1,-1,1.4315482926894125,-1,6.647161612222408e-05,-1,-1,0.5,-1,-1,-1,-1
28.665301572319073,-1,-1,-1,-1,-1,1.4332650786159538,-1,6.643179385550867e-05,-1,-1,0.5,-1,-1,-1,-1
28.699678467999597,-1,-1,-1,-1,-1,1.43498392339998,-1,6.639199544578697e-05,-1,-1,0.5,-1,-1,-1,-1
28.734096590211568,-1,-1,-1,-1,-1,1.4367048295105784,-1,6.635222087876653e-05,-1,-1,0.5,-1,-1,-1,-1
28.768555988395946,-1,-1,-1,-1,-1,1.4384277994197974,-1,6.631247014016355e-05,-1,-1,0.5,-1,-1,-1,-1
28.803056712053017,-1,-1,-1,-1,-1,1.440152835602651,-1,6.627274321570265e-05,-1,-1,0.5,-1,-1,-1,-1
28.83759881074235,-1,-1,-1,-1,-1,1.4418799405371177,-1,6.623304009111721e-05,-1,-1,0.5,-1,-1,-1,-1
28.87218233408302,-1,-1,-1,-1,-1,1.4436091167041512,-1,6.619336075214897e-05,-1,-1,0.5,-1,-1,-1,-1
28.906807331753594,-1,-1,-1,-1,-1,1.4453403665876798,-1,6.61537051845483e-05,-1,-1,0.5,-1,-1,-1,-1
28.94147385349221,-1,-1,-1,-1,-1,1.4470736926746106,-1,6.611407337407408e-05,-1,-1,0.5,-1,-1,-1,-1
28.976181949096645,-1,-1,-1,-1,-1,1.4488090974548324,-1,6.607446530649375e-05,-1,-1,0.5,-1,-1,-1,-1
29.010931668424416,-1,-1,-1,-1,-1,1.4505465834212208,-1,6.603488096758321e-05,-1,-1,0.5,-1,-1,-1,-1
29.045723061392817,-1,-1,-1,-1,-1,1.452286153069641,-1,6.599532034312698e-05,-1,-1,0.5,-1,-1,-1,-1
29.080556177979005,-1,-1,-1,-1,-1,1.4540278088989504,-1,6.595578341891801e-05,-1,-1,0.5,-1,-1,-1,-1
29.115431068220083,-1,-1,-1,-1,-1,1.4557715534110043,-1,6.591627018075781e-05,-1,-1,0.5,-1,-1,-1,-1
29.15034778221318,-1,-1,-1,-1,-1,1.4575173891106592,-1,6.587678061445633e-05,-1,-1,0.5,-1,-1,-1,-1
29.18530637011542,-1,-1,-1,-1,-1,1.4592653185057711,-1,6.583731470583217e-05,-1,-1,0.5,-1,-1,-1,-1
29.22030688214417,-1,-1,-1,-1,-1,1.4610153441072085,-1,6.579787244071226e-05,-1,-1,0.5,-1,-1,-1,-1
29.255349368576976,-1,-1,-1,-1,-1,1.462767468428849,-1,6.575845380493211e-05,-1,-1,0.5,-1,-1,-1,-1
29.2904338797517,-1,-1,-1,-1,-1,1.4645216939875851,-1,6.571905878433569e-05,-1,-1,0.5,-1,-1,-1,-1
29.32556046606656,-1,-1,-1,-1,-1,1.4662780233033281,-1,6.567968736477547e-05,-1,-1,0.5,-1,-1,-1,-1
29.36072917798021,-1,-1,-1,-1,-1,1.4680364588990107,-1,6.564033953211236e-05,-1,-1,0.5,-1,-1,-1,-1
29.395940066011832,-1,-1,-1,-1,-1,1.4697970033005916,-1,6.560101527221575e-05,-1,-1,0.5,-1,-1,-1,-1
29.43119318074118,-1,-1,-1,-1,-1,1.471559659037059,-1,6.556171457096355e-05,-1,-1,0.5,-1,-1,-1,-1
29.46648857280866,-1,-1,-1,-1,-1,1.4733244286404332,-1,6.552243741424205e-05,-1,-1,0.5,-1,-1,-1,-1
29.501826292915464,-1,-1,-1,-1,-1,1.4750913146457734,-1,6.548318378794603e-05,-1,-1,0.5,-1,-1,-1,-1
29.53720639182347,-1,-1,-1,-1,-1,1.4768603195911736,-1,6.544395367797875e-05,-1,-1,0.5,-1,-1,-1,-1
29.572628920355537,-1,-1,-1,-1,-1,1.478631446017777,-1,6.540474707025189e-05,-1,-1,0.5,-1,-1,-1,-1
29.608093929395444,-1,-1,-1,-1,-1,1.4804046964697724,-1,6.536556395068556e-05,-1,-1,0.5,-1,-1,-1,-1
29.643601469887983,-1,-1,-1,-1,-1,1.4821800734943993,-1,6.532640430520831e-05,-1,-1,0.5,-1,-1,-1,-1
29.67915159283905,-1,-1,-1,-1,-1,1.4839575796419526,-1,6.528726811975711e-05,-1,-1,0.5,-1,-1,-1,-1
29.71474434931571,-1,-1,-1,-1,-1,1.4857372174657855,-1,6.524815538027738e-05,-1,-1,0.5,-1,-1,-1,-1
29.75037979044626,-1,-1,-1,-1,-1,1.487518989522313,-1,6.520906607272297e-05,-1,-1,0.5,-1,-1,-1,-1
29.786057967420327,-1,-1,-1,-1,-1,1.4893028983710164,-1,6.517000018305607e-05,-1,-1,0.5,-1,-1,-1,-1
29.821778931488915,-1,-1,-1,-1,-1,1.491088946574446,-1,6.51309576972474e-05,-1,-1,0.5,-1,-1,-1,-1
29.85754273396453,-1,-1,-1,-1,-1,1.4928771366982265,-1,6.509193860127594e-05,-1,-1,0.5,-1,-1,-1,-1
29.893349426221114,-1,-1,-1,-1,-1,1.4946674713110557,-1,6.505294288112921e-05,-1,-1,0.5,-1,-1,-1,-1
29.929199059694323,-1,-1,-1,-1,-1,1.4964599529847162,-1,6.501397052280307e-05,-1,-1,0.5,-1,-1,-1,-1
29.96509168588146,-1,-1,-1,-1,-1,1.498254584294073,-1,6.497502151230173e-05,-1,-1,0.5,-1,-1,-1,-1
30.00102735634158,-1,-1,-1,-1,-1,1.500051367817079,-1,6.493609583563782e-05,-1,-1,0.5,-1,-1,-1,-1
30.037006122695587,-1,-1,-1,-1,-1,1.5018503061347794,-1,6.489719347883233e-05,-1,-1,0.5,-1,-1,-1,-1
30.07302803662627,-1,-1,-1,-1,-1,1.5036514018313136,-1,6.485831442791468e-05,-1,-1,0.5,-1,-1,-1,-1
30.109093149878415,-1,-1,-1,-1,-1,1.505454657493921,-1,6.48194586689226e-05,-1,-1,0.5,-1,-1,-1,-1
30.145201514258858,-1,-1,-1,-1,-1,1.507260075712943,-1,6.478062618790219e-05,-1,-1,0.5,-1,-1,-1,-1
30.18135318163656,-1,-1,-1,-1,-1,1.5090676590818282,-1,6.474181697090795e-05,-1,-1,0.5,-1,-1,-1,-1
30.217548203942695,-1,-1,-1,-1,-1,1.5108774101971347,-1,6.47030310040027e-05,-1,-1,0.5,-1,-1,-1,-1
30.25378663317074,-1,-1,-1,-1,-1,1.512689331658537,-1,6.466426827325759e-05,-1,-1,0.5,-1,-1,-1,-1
30.290068521376433,-1,-1,-1,-1,-1,1.5145034260688217,-1,6.462552876475221e-05,-1,-1,0.5,-1,-1,-1,-1
30.326393920678033,-1,-1,-1,-1,-1,1.5163196960339018,-1,6.458681246457437e-05,-1,-1,0.5,-1,-1,-1,-1
30.362762883256273,-1,-1,-1,-1,-1,1.5181381441628137,-1,6.45481193588203e-05,-1,-1,0.5,-1,-1,-1,-1
30.39917546135446,-1,-1,-1,-1,-1,1.519958773067723,-1,6.450944943359451e-05,-1,-1,0.5,-1,-1,-1,-1
30.43563170727856,-1,-1,-1,-1,-1,1.521781585363928,-1,6.447080267500983e-05,-1,-1,0.5,-1,-1,-1,-1
30.47213167339726,-1,-1,-1,-1,-1,1.5236065836698631,-1,6.443217906918748e-05,-1,-1,0.5,-1,-1,-1,-1
30.508675412142054,-1,-1,-1,-1,-1,1.5254337706071028,-1,6.43935786022569e-05,-1,-1,0.5,-1,-1,-1,-1
30.545262976007315,-1,-1,-1,-1,-1,1.5272631488003658,-1,6.435500126035593e-05,-1,-1,0.5,-1,-1,-1,-1
30.58189441755037,-1,-1,-1,-1,-1,1.5290947208775185,-1,6.431644702963064e-05,-1,-1,0.5,-1,-1,-1,-1
30.6185697893916,-1,-1,-1,-1,-1,1.53092848946958,-1,6.427791589623538e-05,-1,-1,0.5,-1,-1,-1,-1
30.655289144214407,-1,-1,-1,-1,-1,1.5327644572107204,-1,6.423940784633295e-05,-1,-1,0.5,-1,-1,-1,-1
30.692052534765462,-1,-1,-1,-1,-1,1.5346026267382733,-1,6.42009228660943e-05,-1,-1,0.5,-1,-1,-1,-1
30.728860013854664,-1,-1,-1,-1,-1,1.5364430006927332,-1,6.416246094169867e-05,-1,-1,0.5,-1,-1,-1,-1
30.76571163435524,-1,-1,-1,-1,-1,1.538285581717762,-1,6.412402205933362e-05,-1,-1,0.5,-1,-1,-1,-1
30.802607449203833,-1,-1,-1,-1,-1,1.5401303724601918,-1,6.408560620519498e-05,-1,-1,0.5,-1,-1,-1,-1
30.83954751140056,-1,-1,-1,-1,-1,1.5419773755700281,-1,6.404721336548685e-05,-1,-1,0.5,-1,-1,-1,-1
30.876531874009107,-1,-1,-1,-1,-1,1.5438265937004554,-1,6.400884352642158e-05,-1,-1,0.5,-1,-1,-1,-1
30.91356059015679,-1,-1,-1,-1,-1,1.5456780295078396,-1,6.397049667421979e-05,-1,-1,0.5,-1,-1,-1,-1
30.950633713034648,-1,-1,-1,-1,-1,1.5475316856517325,-1,6.393217279511034e-05,-1,-1,0.5,-1,-1,-1,-1
30.987751295897528,-1,-1,-1,-1,-1,1.5493875647948765,-1,6.389387187533035e-05,-1,-1,0.5,-1,-1,-1,-1
31.024913392064057,-1,-1,-1,-1,-1,1.5512456696032029,-1,6.385559390112524e-05,-1,-1,0.5,-1,-1,-1,-1
31.0621200549169,-1,-1,-1,-1,-1,1.553106002745845,-1,6.381733885874857e-05,-1,-1,0.5,-1,-1,-1,-1
31.0993713379027,-1,-1,-1,-1,-1,1.554968566895135,-1,6.377910673446221e-05,-1,-1,0.5,-1,-1,-1,-1
31.13666729453221,-1,-1,-1,-1,-1,1.5568333647266106,-1,6.374089751453624e-05,-1,-1,0.5,-1,-1,-1,-1
31.17400797838034,-1,-1,-1,-1,-1,1.5587003989190171,-1,6.370271118524892e-05,-1,-1,0.5,-1,-1,-1,-1
31.211393443086266,-1,-1,-1,-1,-1,1.5605696721543134,-1,6.366454773288682e-05,-1,-1,0.5,-1,-1,-1,-1
31.248823742353476,-1,-1,-1,-1,-1,1.562441187117674,-1,6.362640714374464e-05,-1,-1,0.5,-1,-1,-1,-1
31.286298929949872,-1,-1,-1,-1,-1,1.5643149464974937,-1,6.358828940412534e-05,-1,-1,0.5,-1,-1,-1,-1
31.323819059707837,-1,-1,-1,-1,-1,1.566190952985392,-1,6.355019450034008e-05,-1,-1,0.5,-1,-1,-1,-1
31.36138418552434,-1,-1,-1,-1,-1,1.5680692092762172,-1,6.351212241870817e-05,-1,-1,0.5,-1,-1,-1,-1
31.398994361360888,-1,-1,-1,-1,-1,1.5699497180680444,-1,6.347407314555723e-05,-1,-1,0.5,-1,-1,-1,-1
31.436649641243804,-1,-1,-1,-1,-1,1.5718324820621903,-1,6.343604666722298e-05,-1,-1,0.5,-1,-1,-1,-1
31.474350079264166,-1,-1,-1,-1,-1,1.5737175039632083,-1,6.339804297004933e-05,-1,-1,0.5,-1,-1,-1,-1
31.512095729577926,-1,-1,-1,-1,-1,1.5756047864788965,-1,6.336006204038837e-05,-1,-1,0.5,-1,-1,-1,-1
31.54988664640597,-1,-1,-1,-1,-1,1.5774943323202986,-1,6.332210386460043e-05,-1,-1,0.5,-1,-1,-1,-1
31.587722884034225,-1,-1,-1,-1,-1,1.5793861442017114,-1,6.328416842905393e-05,-1,-1,0.5,-1,-1,-1,-1
31.62560449681371,-1,-1,-1,-1,-1,1.5812802248406856,-1,6.324625572012552e-05,-1,-1,0.5,-1,-1,-1,-1
31.663531539160626,-1,-1,-1,-1,-1,1.5831765769580315,-1,6.320836572419994e-05,-1,-1,0.5,-1,-1,-1,-1
31.701504065556435,-1,-1,-1,-1,-1,1.585075203277822,-1,6.317049842767017e-05,-1,-1,0.5,-1,-1,-1,-1
31.739522130547968,-1,-1,-1,-1,-1,1.5869761065273984,-1,6.313265381693724e-05,-1,-1,0.5,-1,-1,-1,-1
31.77758578874737,-1,-1,-1,-1,-1,1.5888792894373687,-1,6.309483187841049e-05,-1,-1,0.5,-1,-1,-1,-1
31.815695094832382,-1,-1,-1,-1,-1,1.5907847547416192,-1,6.305703259850724e-05,-1,-1,0.5,-1,-1,-1,-1
31.853850103546282,-1,-1,-1,-1,-1,1.5926925051773142,-1,6.301925596365302e-05,-1,-1,0.5,-1,-1,-1,-1
31.892050869698,-1,-1,-1,-1,-1,1.5946025434849,-1,6.298150196028147e-05,-1,-1,0.5,-1,-1,-1,-1
31.930297448162197,-1,-1,-1,-1,-1,1.59651487240811,-1,6.294377057483439e-05,-1,-1,0.5,-1,-1,-1,-1
31.968589893879344,-1,-1,-1,-1,-1,1.5984294946939672,-1,6.290606179376165e-05,-1,-1,0.5,-1,-1,-1,-1
32.00692826185579,-1,-1,-1,-1,-1,1.6003464130927896,-1,6.286837560352129e-05,-1,-1,0.5,-1,-1,-1,-1
32.04531260716386,-1,-1,-1,-1,-1,1.602265630358193,-1,6.283071199057943e-05,-1,-1,0.5,-1,-1,-1,-1
32.083742984941914,-1,-1,-1,-1,-1,1.6041871492470958,-1,6.279307094141032e-05,-1,-1,0.5,-1,-1,-1,-1
32.12221945039446,-1,-1,-1,-1,-1,1.6061109725197231,-1,6.275545244249629e-05,-1,-1,0.5,-1,-1,-1,-1
32.160742058792216,-1,-1,-1,-1,-1,1.608037102939611,-1,6.271785648032776e-05,-1,-1,0.5,-1,-1,-1,-1
32.1993108654721,-1,-1,-1,-1,-1,1.609965543273605,-1,6.26802830414033e-05,-1,-1,0.5,-1,-1,-1,-1
32.23792592583749,-1,-1,-1,-1,-1,1.6118962962918744,-1,6.264273211222955e-05,-1,-1,0.5,-1,-1,-1,-1
32.27658729535816,-1,-1,-1,-1,-1,1.6138293647679083,-1,6.260520367932117e-05,-1,-1,0.5,-1,-1,-1,-1
32.31529502957043,-1,-1,-1,-1,-1,1.6157647514785216,-1,6.256769772920097e-05,-1,-1,0.5,-1,-1,-1,-1
32.354049184077205,-1,-1,-1,-1,-1,1.6177024592038602,-1,6.253021424839978e-05,-1,-1,0.5,-1,-1,-1,-1
32.39284981454807,-1,-1,-1,-1,-1,1.6196424907274036,-1,6.249275322345656e-05,-1,-1,0.5,-1,-1,-1,-1
32.431696976719394,-1,-1,-1,-1,-1,1.6215848488359699,-1,6.245531464091828e-05,-1,-1,0.5,-1,-1,-1,-1
32.470590726394356,-1,-1,-1,-1,-1,1.623529536319718,-1,6.241789848734003e-05,-1,-1,0.5,-1,-1,-1,-1
32.509531119443075,-1,-1,-1,-1,-1,1.6254765559721538,-1,6.238050474928487e-05,-1,-1,0.5,-1,-1,-1,-1
32.54851821180271,-1,-1,-1,-1,-1,1.6274259105901354,-1,6.234313341332395e-05,-1,-1,0.5,-1,-1,-1,-1
32.587552059477396,-1,-1,-1,-1,-1,1.6293776029738698,-1,6.230578446603652e-05,-1,-1,0.5,-1,-1,-1,-1
32.626632718538524,-1,-1,-1,-1,-1,1.6313316359269263,-1,6.22684578940098e-05,-1,-1,0.5,-1,-1,-1,-1
32.66576024512471,-1,-1,-1,-1,-1,1.6332880122562354,-1,6.223115368383907e-05,-1,-1,0.5,-1,-1,-1,-1
32.704934695441885,-1,-1,-1,-1,-1,1.6352467347720943,-1,6.219387182212763e-05,-1,-1,0.5,-1,-1,-1,-1
32.74415612576339,-1,-1,-1,-1,-1,1.6372078062881696,-1,6.215661229548682e-05,-1,-1,0.5,-1,-1,-1,-1
32.783424592430045,-1,-1,-1,-1,-1,1.6391712296215024,-1,6.211937509053598e-05,-1,-1,0.5,-1,-1,-1,-1
32.82274015185023,-1,-1,-1,-1,-1,1.6411370075925118,-1,6.20821601939025e-05,-1,-1,0.5,-1,-1,-1,-1
32.86210286050001,-1,-1,-1,-1,-1,1.6431051430250005,-1,6.204496759222175e-05,-1,-1,0.5,-1,-1,-1,-1
32.901512774923134,-1,-1,-1,-1,-1,1.6450756387461567,-1,6.200779727213711e-05,-1,-1,0.5,-1,-1,-1,-1
32.94096995173121,-1,-1,-1,-1,-1,1.6470484975865607,-1,6.197064922029997e-05,-1,-1,0.5,-1,-1,-1,-1
32.980474447603655,-1,-1,-1,-1,-1,1.649023722380183,-1,6.193352342336974e-05,-1,-1,0.5,-1,-1,-1,-1
33.02002631928793,-1,-1,-1,-1,-1,1.6510013159643966,-1,6.189641986801382e-05,-1,-1,0.5,-1,-1,-1,-1
33.05962562359954,-1,-1,-1,-1,-1,1.652981281179977,-1,6.185933854090751e-05,-1,-1,0.5,-1,-1,-1,-1
33.099272417422114,-1,-1,-1,-1,-1,1.6549636208711058,-1,6.182227942873421e-05,-1,-1,0.5,-1,-1,-1,-1
33.13896675770751,-1,-1,-1,-1,-1,1.6569483378853755,-1,6.178524251818524e-05,-1,-1,0.5,-1,-1,-1,-1
33.17870870147586,-1,-1,-1,-1,-1,1.6589354350737933,-1,6.174822779595988e-05,-1,-1,0.5,-1,-1,-1,-1
33.218498305815714,-1,-1,-1,-1,-1,1.660924915290786,-1,6.17112352487654e-05,-1,-1,0.5,-1,-1,-1,-1
33.25833562788406,-1,-1,-1,-1,-1,1.662916781394203,-1,6.167426486331708e-05,-1,-1,0.5,-1,-1,-1,-1
33.298220724906436,-1,-1,-1,-1,-1,1.6649110362453219,-1,6.163731662633804e-05,-1,-1,0.5,-1,-1,-1,-1
33.33815365417705,-1,-1,-1,-1,-1,1.6669076827088525,-1,6.160039052455943e-05,-1,-1,0.5,-1,-1,-1,-1
33.3781344730587,-1,-1,-1,-1,-1,1.6689067236529351,-1,6.156348654472041e-05,-1,-1,0.5,-1,-1,-1,-1
33.418163238983105,-1,-1,-1,-1,-1,1.6709081619491553,-1,6.152660467356799e-05,-1,-1,0.5,-1,-1,-1,-1
33.458240009450805,-1,-1,-1,-1,-1,1.6729120004725404,-1,6.148974489785712e-05,-1,-1,0.5,-1,-1,-1,-1
33.49836484203131,-1,-1,-1,-1,-1,1.6749182421015654,-1,6.145290720435074e-05,-1,-1,0.5,-1,-1,-1,-1
33.53853779436315,-1,-1,-1,-1,-1,1.6769268897181577,-1,6.141609157981969e-05,-1,-1,0.5,-1,-1,-1,-1
33.578758924154,-1,-1,-1,-1,-1,1.6789379462077,-1,6.137929801104272e-05,-1,-1,0.5,-1,-1,-1,-1
33.61902828918073,-1,-1,-1,-1,-1,1.6809514144590367,-1,6.134252648480655e-05,-1,-1,0.5,-1,-1,-1,-1
33.65934594728951,-1,-1,-1,-1,-1,1.6829672973644756,-1,6.130577698790576e-05,-1,-1,0.5,-1,-1,-1,-1
33.699711956395866,-1,-1,-1,-1,-1,1.6849855978197934,-1,6.126904950714286e-05,-1,-1,0.5,-1,-1,-1,-1
33.740126374484824,-1,-1,-1,-1,-1,1.6870063187242412,-1,6.123234402932829e-05,-1,-1,0.5,-1,-1,-1,-1
33.780589259610835,-1,-1,-1,-1,-1,1.6890294629805418,-1,6.119566054128038e-05,-1,-1,0.5,-1,-1,-1,-1
33.8211006698981,-1,-1,-1,-1,-1,1.691055033494905,-1,6.115899902982532e-05,-1,-1,0.5,-1,-1,-1,-1
33.86166066354046,-1,-1,-1,-1,-1,1.6930830331770232,-1,6.112235948179728e-05,-1,-1,0.5,-1,-1,-1,-1
33.90226929880156,-1,-1,-1,-1,-1,1.6951134649400783,-1,6.108574188403821e-05,-1,-1,0.5,-1,-1,-1,-1
33.942926634014924,-1,-1,-1,-1,-1,1.6971463317007462,-1,6.104914622339803e-05,-1,-1,0.5,-1,-1,-1,-1
33.98363272758402,-1,-1,-1,-1,-1,1.6991816363792012,-1,6.101257248673446e-05,-1,-1,0.5,-1,-1,-1,-1
34.02438763798237,-1,-1,-1,-1,-1,1.7012193818991186,-1,6.097602066091317e-05,-1,-1,0.5,-1,-1,-1,-1
34.065191423753596,-1,-1,-1,-1,-1,1.70325957118768,-1,6.0939490732807655e-05,-1,-1,0.5,-1,-1,-1,-1
34.10604414351156,-1,-1,-1,-1,-1,1.7053022071755781,-1,6.090298268929928e-05,-1,-1,0.5,-1,-1,-1,-1
34.1469458559404,-1,-1,-1,-1,-1,1.7073472927970201,-1,6.086649651727727e-05,-1,-1,0.5,-1,-1,-1,-1
34.18789661979466,-1,-1,-1,-1,-1,1.7093948309897329,-1,6.0830032203638667e-05,-1,-1,0.5,-1,-1,-1,-1
34.22889649389925,-1,-1,-1,-1,-1,1.7114448246949625,-1,6.0793589735288495e-05,-1,-1,0.5,-1,-1,-1,-1
34.26994553714973,-1,-1,-1,-1,-1,1.7134972768574865,-1,6.0757169099139464e-05,-1,-1,0.5,-1,-1,-1,-1
34.31104380851226,-1,-1,-1,-1,-1,1.715552190425613,-1,6.072077028211222e-05,-1,-1,0.5,-1,-1,-1,-1
34.3521913670237,-1,-1,-1,-1,-1,1.7176095683511852,-1,6.068439327113519e-05,-1,-1,0.5,-1,-1,-1,-1
34.39338827179173,-1,-1,-1,-1,-1,1.7196694135895865,-1,6.064803805314469e-05,-1,-1,0.5,-1,-1,-1,-1
34.43463458199489,-1,-1,-1,-1,-1,1.7217317290997447,-1,6.0611704615084784e-05,-1,-1,0.5,-1,-1,-1,-1
34.47593035688272,-1,-1,-1,-1,-1,1.7237965178441361,-1,6.057539294390744e-05,-1,-1,0.5,-1,-1,-1,-1
34.51727565577579,-1,-1,-1,-1,-1,1.7258637827887897,-1,6.05391030265724e-05,-1,-1,0.5,-1,-1,-1,-1
34.558670538065826,-1,-1,-1,-1,-1,1.7279335269032914,-1,6.050283485004722e-05,-1,-1,0.5,-1,-1,-1,-1
34.6001150632158,-1,-1,-1,-1,-1,1.7300057531607902,-1,6.046658840130723e-05,-1,-1,0.5,-1,-1,-1,-1
34.64160929075992,-1,-1,-1,-1,-1,1.732080464537996,-1,6.043036366733567e-05,-1,-1,0.5,-1,-1,-1,-1
34.68315328030384,-1,-1,-1,-1,-1,1.7341576640151921,-1,6.0394160635123494e-05,-1,-1,0.5,-1,-1,-1,-1
34.72474709152472,-1,-1,-1,-1,-1,1.736237354576236,-1,6.0357979291669436e-05,-1,-1,0.5,-1,-1,-1,-1
34.76639078417126,-1,-1,-1,-1,-1,1.7383195392085629,-1,6.0321819623980056e-05,-1,-1,0.5,-1,-1,-1,-1
34.80808441806381,-1,-1,-1,-1,-1,1.7404042209031905,-1,6.0285681619069695e-05,-1,-1,0.5,-1,-1,-1,-1
34.84982805309446,-1,-1,-1,-1,-1,1.7424914026547231,-1,6.024956526396047e-05,-1,-1,0.5,-1,-1,-1,-1
34.891621749227156,-1,-1,-1,-1,-1,1.7445810874613579,-1,6.0213470545682274e-05,-1,-1,0.5,-1,-1,-1,-1
34.93346556649771,-1,-1,-1,-1,-1,1.7466732783248855,-1,6.0177397451272763e-05,-1,-1,0.5,-1,-1,-1,-1
34.97535956501397,-1,-1,-1,-1,-1,1.7487679782506984,-1,6.014134596777737e-05,-1,-1,0.5,-1,-1,-1,-1
35.017303804955866,-1,-1,-1,-1,-1,1.7508651902477934,-1,6.010531608224923e-05,-1,-1,0.5,-1,-1,-1,-1
35.05929834657543,-1,-1,-1,-1,-1,1.7529649173287716,-1,6.0069307781749364e-05,-1,-1,0.5,-1,-1,-1,-1
35.10134325019705,-1,-1,-1,-1,-1,1.7550671625098524,-1,6.0033321053346444e-05,-1,-1,0.5,-1,-1,-1,-1
35.14343857621739,-1,-1,-1,-1,-1,1.7571719288108696,-1,5.999735588411688e-05,-1,-1,0.5,-1,-1,-1,-1
35.18558438510559,-1,-1,-1,-1,-1,1.7592792192552797,-1,5.99614122611449e-05,-1,-1,0.5,-1,-1,-1,-1
35.22778073740328,-1,-1,-1,-1,-1,1.7613890368701641,-1,5.99254901715224e-05,-1,-1,0.5,-1,-1,-1,-1
35.2700276937247,-1,-1,-1,-1,-1,1.763501384686235,-1,5.9889589602349035e-05,-1,-1,0.5,-1,-1,-1,-1
35.312325314756784,-1,-1,-1,-1,-1,1.7656162657378394,-1,5.985371054073219e-05,-1,-1,0.5,-1,-1,-1,-1
35.35467366125924,-1,-1,-1,-1,-1,1.7677336830629622,-1,5.981785297378699e-05,-1,-1,0.5,-1,-1,-1,-1
35.39707279406466,-1,-1,-1,-1,-1,1.7698536397032332,-1,5.978201688863621e-05,-1,-1,0.5,-1,-1,-1,-1
35.439522774078604,-1,-1,-1,-1,-1,1.7719761387039303,-1,5.9746202272410423e-05,-1,-1,0.5,-1,-1,-1,-1
35.482023662279566,-1,-1,-1,-1,-1,1.7741011831139784,-1,5.971040911224791e-05,-1,-1,0.5,-1,-1,-1,-1
35.52457551971929,-1,-1,-1,-1,-1,1.7762287759859647,-1,5.96746373952946e-05,-1,-1,0.5,-1,-1,-1,-1
35.5671784075227,-1,-1,-1,-1,-1,1.778358920376135,-1,5.9638887108704136e-05,-1,-1,0.5,-1,-1,-1,-1
35.609832386888,-1,-1,-1,-1,-1,1.7804916193444003,-1,5.960315823963791e-05,-1,-1,0.5,-1,-1,-1,-1
35.65253751908683,-1,-1,-1,-1,-1,1.7826268759543415,-1,5.9567450775264915e-05,-1,-1,0.5,-1,-1,-1,-1
35.69529386546426,-1,-1,-1,-1,-1,1.784764693273213,-1,5.953176470276193e-05,-1,-1,0.5,-1,-1,-1,-1
35.73810148743896,-1,-1,-1,-1,-1,1.7869050743719481,-1,5.949610000931334e-05,-1,-1,0.5,-1,-1,-1,-1
35.78096044650326,-1,-1,-1,-1,-1,1.789048022325163,-1,5.946045668211124e-05,-1,-1,0.5,-1,-1,-1,-1
35.823870804223205,-1,-1,-1,-1,-1,1.7911935402111603,-1,5.9424834708355385e-05,-1,-1,0.5,-1,-1,-1,-1
35.866832622238704,-1,-1,-1,-1,-1,1.7933416311119352,-1,5.9389234075253236e-05,-1,-1,0.5,-1,-1,-1,-1
35.90984596226361,-1,-1,-1,-1,-1,1.7954922981131807,-1,5.935365477001983e-05,-1,-1,0.5,-1,-1,-1,-1
35.952910886085675,-1,-1,-1,-1,-1,1.7976455443042838,-1,5.931809677987801e-05,-1,-1,0.5,-1,-1,-1,-1
35.99602745556686,-1,-1,-1,-1,-1,1.799801372778343,-1,5.928256009205814e-05,-1,-1,0.5,-1,-1,-1,-1
36.03919573264329,-1,-1,-1,-1,-1,1.8019597866321648,-1,5.924704469379828e-05,-1,-1,0.5,-1,-1,-1,-1
36.08241577932536,-1,-1,-1,-1,-1,1.804120788966268,-1,5.921155057234413e-05,-1,-1,0.5,-1,-1,-1,-1
36.12568765769781,-1,-1,-1,-1,-1,1.8062843828848907,-1,5.917607771494905e-05,-1,-1,0.5,-1,-1,-1,-1
36.16901142991988,-1,-1,-1,-1,-1,1.808450571495994,-1,5.9140626108874016e-05,-1,-1,0.5,-1,-1,-1,-1
36.212387158225305,-1,-1,-1,-1,-1,1.8106193579112653,-1,5.9105195741387655e-05,-1,-1,0.5,-1,-1,-1,-1
36.25581490492249,-1,-1,-1,-1,-1,1.8127907452461245,-1,5.906978659976619e-05,-1,-1,0.5,-1,-1,-1,-1
36.29929473239454,-1,-1,-1,-1,-1,1.8149647366197272,-1,5.9034398671293505e-05,-1,-1,0.5,-1,-1,-1,-1
36.34282670309944,-1,-1,-1,-1,-1,1.8171413351549721,-1,5.8999031943261033e-05,-1,-1,0.5,-1,-1,-1,-1
36.38641087956993,-1,-1,-1,-1,-1,1.8193205439784965,-1,5.8963686402967936e-05,-1,-1,0.5,-1,-1,-1,-1
36.43004732441388,-1,-1,-1,-1,-1,1.821502366220694,-1,5.892836203772091e-05,-1,-1,0.5,-1,-1,-1,-1
36.47373610031419,-1,-1,-1,-1,-1,1.8236868050157096,-1,5.889305883483424e-05,-1,-1,0.5,-1,-1,-1,-1
36.51747727002895,-1,-1,-1,-1,-1,1.8258738635014475,-1,5.885777678162985e-05,-1,-1,0.5,-1,-1,-1,-1
36.56127089639149,-1,-1,-1,-1,-1,1.8280635448195746,-1,5.882251586543723e-05,-1,-1,0.5,-1,-1,-1,-1
36.60511704231051,-1,-1,-1,-1,-1,1.8302558521155257,-1,5.8787276073593495e-05,-1,-1,0.5,-1,-1,-1,-1
36.64901577077015,-1,-1,-1,-1,-1,1.8324507885385075,-1,5.8752057393443306e-05,-1,-1,0.5,-1,-1,-1,-1
36.69296714483008,-1,-1,-1,-1,-1,1.834648357241504,-1,5.871685981233895e-05,-1,-1,0.5,-1,-1,-1,-1
36.73697122762559,-1,-1,-1,-1,-1,1.8368485613812795,-1,5.868168331764025e-05,-1,-1,0.5,-1,-1,-1,-1
36.78102808236774,-1,-1,-1,-1,-1,1.8390514041183872,-1,5.8646527896714596e-05,-1,-1,0.5,-1,-1,-1,-1
36.82513777234327,-1,-1,-1,-1,-1,1.8412568886171634,-1,5.861139353693702e-05,-1,-1,0.5,-1,-1,-1,-1
36.86930036091492,-1,-1,-1,-1,-1,1.8434650180457461,-1,5.857628022569005e-05,-1,-1,0.5,-1,-1,-1,-1
36.91351591152141,-1,-1,-1,-1,-1,1.8456757955760705,-1,5.854118795036377e-05,-1,-1,0.5,-1,-1,-1,-1
36.95778448767751,-1,-1,-1,-1,-1,1.8478892243838754,-1,5.8506116698355865e-05,-1,-1,0.5,-1,-1,-1,-1
37.00210615297417,-1,-1,-1,-1,-1,1.8501053076487086,-1,5.847106645707152e-05,-1,-1,0.5,-1,-1,-1,-1
37.04648097107861,-1,-1,-1,-1,-1,1.8523240485539305,-1,5.8436037213923506e-05,-1,-1,0.5,-1,-1,-1,-1
37.09090900573438,-1,-1,-1,-1,-1,1.8545454502867191,-1,5.8401028956332095e-05,-1,-1,0.5,-1,-1,-1,-1
37.13539032076151,-1,-1,-1,-1,-1,1.8567695160380755,-1,5.836604167172514e-05,-1,-1,0.5,-1,-1,-1,-1
37.17992498005653,-1,-1,-1,-1,-1,1.8589962490028267,-1,5.8331075347537984e-05,-1,-1,0.5,-1,-1,-1,-1
37.22451304759267,-1,-1,-1,-1,-1,1.8612256523796338,-1,5.8296129971213505e-05,-1,-1,0.5,-1,-1,-1,-1
37.269154587419735,-1,-1,-1,-1,-1,1.8634577293709869,-1,5.826120553020217e-05,-1,-1,0.5,-1,-1,-1,-1
37.31384966366446,-1,-1,-1,-1,-1,1.8656924831832233,-1,5.822630201196187e-05,-1,-1,0.5,-1,-1,-1,-1
37.35859834053048,-1,-1,-1,-1,-1,1.867929917026524,-1,5.819141940395805e-05,-1,-1,0.5,-1,-1,-1,-1
37.40340068229838,-1,-1,-1,-1,-1,1.8701700341149192,-1,5.8156557693663674e-05,-1,-1,0.5,-1,-1,-1,-1
37.448256753325865,-1,-1,-1,-1,-1,1.8724128376662934,-1,5.81217168685592e-05,-1,-1,0.5,-1,-1,-1,-1
37.49316661804781,-1,-1,-1,-1,-1,1.8746583309023905,-1,5.8086896916132564e-05,-1,-1,0.5,-1,-1,-1,-1
37.53813034097636,-1,-1,-1,-1,-1,1.876906517048818,-1,5.805209782387926e-05,-1,-1,0.5,-1,-1,-1,-1
37.583147986701036,-1,-1,-1,-1,-1,1.8791573993350519,-1,5.801731957930221e-05,-1,-1,0.5,-1,-1,-1,-1
37.62821961988881,-1,-1,-1,-1,-1,1.8814109809944406,-1,5.798256216991184e-05,-1,-1,0.5,-1,-1,-1,-1
37.67334530528425,-1,-1,-1,-1,-1,1.8836672652642126,-1,5.7947825583226057e-05,-1,-1,0.5,-1,-1,-1,-1
37.71852510770945,-1,-1,-1,-1,-1,1.8859262553854728,-1,5.791310980677028e-05,-1,-1,0.5,-1,-1,-1,-1
37.763759092064355,-1,-1,-1,-1,-1,1.8881879546032179,-1,5.787841482807739e-05,-1,-1,0.5,-1,-1,-1,-1
37.809047323326716,-1,-1,-1,-1,-1,1.890452366166336,-1,5.784374063468767e-05,-1,-1,0.5,-1,-1,-1,-1
37.85438986655218,-1,-1,-1,-1,-1,1.8927194933276092,-1,5.780908721414898e-05,-1,-1,0.5,-1,-1,-1,-1
37.89978678687445,-1,-1,-1,-1,-1,1.8949893393437227,-1,5.777445455401653e-05,-1,-1,0.5,-1,-1,-1,-1
37.945238149505315,-1,-1,-1,-1,-1,1.897261907475266,-1,5.773984264185306e-05,-1,-1,0.5,-1,-1,-1,-1
37.99074401973477,-1,-1,-1,-1,-1,1.8995372009867386,-1,5.770525146522871e-05,-1,-1,0.5,-1,-1,-1,-1
38.03630446293112,-1,-1,-1,-1,-1,1.9018152231465562,-1,5.767068101172113e-05,-1,-1,0.5,-1,-1,-1,-1
38.08191954454106,-1,-1,-1,-1,-1,1.904095977227053,-1,5.7636131268915356e-05,-1,-1,0.5,-1,-1,-1,-1
38.12758933008976,-1,-1,-1,-1,-1,1.9063794665044882,-1,5.760160222440387e-05,-1,-1,0.5,-1,-1,-1,-1
38.17331388518104,-1,-1,-1,-1,-1,1.908665694259052,-1,5.756709386578658e-05,-1,-1,0.5,-1,-1,-1,-1
38.21909327549724,-1,-1,-1,-1,-1,1.910954663774862,-1,5.753260618067091e-05,-1,-1,0.5,-1,-1,-1,-1
38.264927566799614,-1,-1,-1,-1,-1,1.9132463783399807,-1,5.7498139156671575e-05,-1,-1,0.5,-1,-1,-1,-1
38.310816824928224,-1,-1,-1,-1,-1,1.9155408412464112,-1,5.7463692781410806e-05,-1,-1,0.5,-1,-1,-1,-1
38.35676111580211,-1,-1,-1,-1,-1,1.9178380557901056,-1,5.74292670425182e-05,-1,-1,0.5,-1,-1,-1,-1
38.402760505419344,-1,-1,-1,-1,-1,1.9201380252709672,-1,5.73948619276308e-05,-1,-1,0.5,-1,-1,-1,-1
38.44881505985717,-1,-1,-1,-1,-1,1.9224407529928584,-1,5.736047742439301e-05,-1,-1,0.5,-1,-1,-1,-1
38.494924845272045,-1,-1,-1,-1,-1,1.9247462422636024,-1,5.7326113520456686e-05,-1,-1,0.5,-1,-1,-1,-1
38.5410899278998,-1,-1,-1,-1,-1,1.92705449639499,-1,5.729177020348104e-05,-1,-1,0.5,-1,-1,-1,-1
38.58731037405567,-1,-1,-1,-1,-1,1.9293655187027836,-1,5.7257447461132706e-05,-1,-1,0.5,-1,-1,-1,-1
38.63358625013447,-1,-1,-1,-1,-1,1.9316793125067235,-1,5.722314528108567e-05,-1,-1,0.5,-1,-1,-1,-1
38.67991762261052,-1,-1,-1,-1,-1,1.933995881130526,-1,5.718886365102139e-05,-1,-1,0.5,-1,-1,-1,-1
38.726304558037974,-1,-1,-1,-1,-1,1.9363152279018987,-1,5.715460255862859e-05,-1,-1,0.5,-1,-1,-1,-1
38.77274712305077,-1,-1,-1,-1,-1,1.9386373561525385,-1,5.7120361991603456e-05,-1,-1,0.5,-1,-1,-1,-1
38.81924538436275,-1,-1,-1,-1,-1,1.9409622692181376,-1,5.7086141937649495e-05,-1,-1,0.5,-1,-1,-1,-1
38.86579940876777,-1,-1,-1,-1,-1,1.9432899704383886,-1,5.705194238447759e-05,-1,-1,0.5,-1,-1,-1,-1
38.91240926313977,-1,-1,-1,-1,-1,1.9456204631569887,-1,5.701776331980601e-05,-1,-1,0.5,-1,-1,-1,-1
38.95907501443292,-1,-1,-1,-1,-1,1.947953750721646,-1,5.698360473136036e-05,-1,-1,0.5,-1,-1,-1,-1
39.00579672968165,-1,-1,-1,-1,-1,1.9502898364840826,-1,5.694946660687359e-05,-1,-1,0.5,-1,-1,-1,-1
39.05257447600081,-1,-1,-1,-1,-1,1.9526287238000404,-1,5.6915348934086025e-05,-1,-1,0.5,-1,-1,-1,-1
39.099408320585745,-1,-1,-1,-1,-1,1.9549704160292873,-1,5.688125170074529e-05,-1,-1,0.5,-1,-1,-1,-1
39.14629833071231,-1,-1,-1,-1,-1,1.9573149165356156,-1,5.684717489460645e-05,-1,-1,0.5,-1,-1,-1,-1
39.19324457373712,-1,-1,-1,-1,-1,1.959662228686856,-1,5.681311850343179e-05,-1,-1,0.5,-1,-1,-1,-1
39.240247117097546,-1,-1,-1,-1,-1,1.9620123558548774,-1,5.6779082514991e-05,-1,-1,0.5,-1,-1,-1,-1
39.28730602831183,-1,-1,-1,-1,-1,1.9643653014155917,-1,5.6745066917061044e-05,-1,-1,0.5,-1,-1,-1,-1
39.334421374979186,-1,-1,-1,-1,-1,1.9667210687489594,-1,5.671107169742626e-05,-1,-1,0.5,-1,-1,-1,-1
39.38159322477989,-1,-1,-1,-1,-1,1.9690796612389947,-1,5.667709684387827e-05,-1,-1,0.5,-1,-1,-1,-1
39.4288216454754,-1,-1,-1,-1,-1,1.9714410822737702,-1,5.664314234421602e-05,-1,-1,0.5,-1,-1,-1,-1
39.47610670490842,-1,-1,-1,-1,-1,1.973805335245421,-1,5.660920818624577e-05,-1,-1,0.5,-1,-1,-1,-1
39.52344847100302,-1,-1,-1,-1,-1,1.9761724235501512,-1,5.6575294357781076e-05,-1,-1,0.5,-1,-1,-1,-1
39.57084701176477,-1,-1,-1,-1,-1,1.9785423505882385,-1,5.654140084664277e-05,-1,-1,0.5,-1,-1,-1,-1
39.61830239528067,-1,-1,-1,-1,-1,1.9809151197640338,-1,5.6507527640659076e-05,-1,-1,0.5,-1,-1,-1,-1
39.66581468971951,-1,-1,-1,-1,-1,1.9832907344859756,-1,5.64736747276654e-05,-1,-1,0.5,-1,-1,-1,-1
39.713383963331765,-1,-1,-1,-1,-1,1.9856691981665884,-1,5.643984209550451e-05,-1,-1,0.5,-1,-1,-1,-1
39.76101028444978,-1,-1,-1,-1,-1,1.9880505142224891,-1,5.6406029732026406e-05,-1,-1,0.5,-1,-1,-1,-1
39.80869372148784,-1,-1,-1,-1,-1,1.9904346860743922,-1,5.6372237625088384e-05,-1,-1,0.5,-1,-1,-1,-1
39.856434342942286,-1,-1,-1,-1,-1,1.9928217171471143,-1,5.633846576255501e-05,-1,-1,0.5,-1,-1,-1,-1
39.90423221739159,-1,-1,-1,-1,-1,1.9952116108695794,-1,5.630471413229816e-05,-1,-1,0.5,-1,-1,-1,-1
39.95208741349646,-1,-1,-1,-1,-1,1.997604370674823,-1,5.627098272219693e-05,-1,-1,0.5,-1,-1,-1,-1
40.000000000000014,-1,-1,-1,-1,-1,2.000000000000001,-1,5.623727152013765e-05,-1,-1,0.5,-1,-1,-1,-1
