R,R/Rg,Tc,rho,P,cs,H,visc,Sigma,Q,grad_T,grad_Sigma,grad_P,zone
9.870628713769017,10.0,357328.9218876221,6.091812970890726e-06,7.803222974728596,1131.7844633211512,3.509793712558883,397.2329993336406,2.1381003638733802e-05,5433204482.855913,0.37499837491373555,0.19466340933329718,1.499996794557411,Standard
9.962006416341813,10.092575361937511,356096.27046736865,5.986671951034919e-06,7.696105779516174,1133.8165282585182,3.565033777229599,404.20942204228163,2.1342684491906376e-05,5377880501.801452,0.3749985315439517,0.1778287737587334,1.499997265853608,Standard
10.054230051303485,10.186007743638815,354867.8702100811,5.886997466189774e-06,7.5904589484184655,1135.4998820933758,3.6200199194713534,411.0532191735393,2.1311044972366325e-05,5319817758.078929,0.3749985434868677,0.14474147228810352,1.4999970109558944,Standard
10.147307449903728,10.280305078995381,353643.70842177735,5.7924515877799495e-06,7.486262464333008,1136.8451627835007,3.6747532828270617,417.76254940047346,2.1285827251045484e-05,5259230319.367198,0.37499868277438964,0.11279046827081629,1.4999972803577748,Standard
10.241246515890332,10.375475375346983,352423.7676905808,5.70272297015958e-06,7.3834961808494635,1137.8627753941378,3.7292350704217605,424.33577673272566,2.126679136145151e-05,5196325210.567182,0.37499896889505635,0.0819186535528047,1.4999981507691018,Standard
10.336055226180315,10.471526714161634,351208.0352923493,5.61752529486284e-06,7.282140619317952,1138.562857821058,3.783466417612307,430.77143369066687,2.1253715172409762e-05,5131301797.602345,0.3749989472244124,0.05207103337090757,1.4999978025517748,Standard
10.431741631537296,10.568467251721822,349996.49687744415,5.536594321942286e-06,7.182176426804363,1138.9553084032477,3.837448462704,437.06822973206044,2.124639218321857e-05,5064352074.2934475,0.37499906792027105,0.02319909291480826,1.4999980353178444,Standard
10.52831385725511,10.66630521981711,348789.1368950614,5.459685786993113e-06,7.083584414119126,1139.0498003966084,3.891182379238318,443.22505123782054,2.124462994299729e-05,4995660783.645225,0.3749992150978869,-0.004744318034624939,1.4999983845862062,Standard
10.625780103847823,10.765048926443164,347585.94184622925,5.386574052908718e-06,6.9863458189640815,1138.8557586640666,3.944669280445022,449.24093260600534,2.124824999131882e-05,4925405066.715106,0.3749993460779706,-0.03180299354289673,1.4999986787864827,Standard
10.72414864774604,10.86470675650722,346386.8965614292,5.317049920381835e-06,6.8904419977538565,1138.3823974527083,3.9979103304918593,455.11507468262727,2.1257085619799316e-05,4853754949.051798,0.3749994394971736,-0.05801809907495681,1.4999988316799318,Standard
10.823427841999719,10.965287172540078,345191.98776947084,5.250919702146295e-06,6.795854710254294,1137.6386916343756,4.05090662862305,460.8468116919746,2.1270982206011353e-05,4780872974.558987,0.37499953461531277,-0.08342807980807265,1.4999989995878877,Standard
10.923626116987483,11.066798715414743,344001.2001539103,5.188003324158221e-06,6.702565801159759,1136.6334174005233,4.103659334570604,466.4356333300543,2.1289795034201165e-05,4706914759.059027,0.3749997848001385,-0.10806882471462131,1.4999997953271986,Standard
11.024751981132502,11.169250005071655,342814.519566063,5.128133648294623e-06,6.6105574529827535,1135.375123575125,4.156169550989255,471.8811517553597,2.1313389778513194e-05,4632028672.506231,0.37499974105355705,-0.1319761836654152,1.4999994222889654,Standard
11.12681402162497,11.272649741250666,341631.9336320956,5.071155328282785e-06,6.519812224461702,1133.8721475393809,4.208438361814258,477.1831043097447,2.134164138562059e-05,4556356111.16874,0.3749998376918029,-0.15517997319562937,1.4999996171912926,Standard
11.229820905151303,11.377006704229775,340453.4255564369,5.016923200475717e-06,6.4303125722676056,1132.1326507372166,4.260466948013698,482.3413739233047,2.1374432270596653e-05,4480032003.102576,0.37500006245863915,-0.17771147357655082,1.5000003304925258,Standard
11.333781378630084,11.482329755570731,339278.98313623463,4.9653025367483405e-06,6.342041539283796,1130.1645574900574,4.312256344462146,487.3559283322754,2.141165420371549e-05,4403184160.913735,0.374999972504952,-0.19960048340874437,1.49999979030963,Standard
11.438704269954815,11.588627838871513,338108.5924593996,4.916167314590776e-06,6.254982267263996,1127.9756224731345,4.363807674313447,492.22686777867517,2.1453205400265856e-05,4325934196.880445,0.37500009474138096,-0.2208716525087766,1.5000001038596338,Standard
11.544598488743542,11.695909980525784,336942.2381147594,4.8693997521778094e-06,6.169118015867424,1125.5734088881056,4.415122053406396,496.95439803096895,2.1498991010081556e-05,4248397365.9483433,0.37500022983533654,-0.24155180083283767,1.5000004733973356,Standard
11.651473027095411,11.804185290489357,335779.9075332457,4.82489001401953e-06,6.0844324799966145,1122.9652805552641,4.466200542115667,501.5388144792992,2.1548923131668347e-05,4170682599.474028,0.37500027390444757,-0.26166507270249895,1.5000004830102398,Standard
11.759336960354265,11.913462963053808,334621.58605127846,4.782535112169615e-06,6.0009094219934145,1120.1584314822292,4.517044244654857,505.9805196028414,2.1602919428088996e-05,4092892968.6296625,0.3750004338423878,-0.2812337118874666,1.5000009599264104,Standard
11.868199447879263,12.023752277627198,333467.2599089916,4.742238708943084e-06,5.918532889443622,1117.159870675168,4.567654234162244,510.2800013525575,2.166090347943153e-05,4015125642.2616944,0.3750004668721658,-0.30028000775013197,1.5000009327046655,Standard
11.978069733822663,12.13506259952203,332316.916038063,4.703910559710676e-06,5.837287194035572,1113.976432236107,4.618031576548288,514.4378339596947,2.1722804198692946e-05,3937472137.227179,0.3750005576754347,-0.31882394792302193,1.500001139765459,Standard
12.088957147914801,12.24740338075054,331170.53963812883,4.667465878577475e-06,5.757156737705237,1110.6147851166322,4.668177355302084,518.4546790345153,2.1788555277978836e-05,3860018561.16835,0.37500068329802616,-0.3368850295599941,1.5000014890065358,Standard
12.200871106256331,12.36078416082731,330028.11787412735,4.632825239033127e-06,5.678126270565722,1107.0814251134466,4.718092623027854,522.3312704918916,2.1858095348878952e-05,3782845668.854746,0.3750006585515848,-0.35448184483010436,1.5000012394044688,Standard
12.313821112117799,12.475214567579322,328889.6371723028,4.599913954944911e-06,5.60018069693541,1103.3826894143754,4.767778446640821,526.0684204986443,2.1931367283545642e-05,3706029159.275725,0.3750007929655794,-0.37163145965701005,1.5000016288263396,Standard
12.427816756746605,12.590704317963498,327755.08290682797,4.568661761814726e-06,5.523305054161274,1099.5247554526159,4.817235887993608,529.6670111703736,2.2008318124768068e-05,3629639806.341706,0.37500089151126303,-0.3883511911365076,1.500001876918759,Standard
12.542867720181496,12.707263218891866,326624.44278139004,4.539002746941388e-06,5.447484739202373,1095.5136377638644,4.8664659742834075,533.1279842541286,2.2088899119919874e-05,3553743574.9502816,0.3750009046135574,-0.4046565453108997,1.500001785156087,Standard
12.658983772074508,12.82490116806428,325497.7025660346,4.510874683653375e-06,5.372705216432117,1091.355208205456,4.915469771536024,536.4523535942322,2.2173064832359356e-05,3478401966.505615,0.37500098168663953,-0.42056237600809254,1.5000019509901676,Standard
12.776174772520605,12.943628154808923,324374.84915057884,4.4842190857218684e-06,5.298952221233118,1087.0551814197518,4.964248305917353,539.6411842801683,2.2260773658317684e-05,3403672019.648759,0.37500103668367046,-0.43608331673794964,1.5000020300316237,Standard
12.894450672894905,13.063454260930524,323255.86891966226,4.458980767106551e-06,5.2262116485230345,1082.6191309555963,5.012802620620751,542.6956016788373,2.2351987123576974e-05,3329606610.3820987,0.375001109655841,-0.4512327187647429,1.5000021822959297,Standard
13.013821516697767,13.1843896615665,322140.7486142412,4.435107720926529e-06,5.154469607073001,1078.0524858030265,5.061133745972843,545.6167815827607,2.2446669981098173e-05,3256254559.801968,0.3750012120467545,-0.46602355769545056,1.5000024533849228,Standard
13.134297440407622,13.306444626050977,321029.4746461059,4.4125508417142146e-06,5.08371237240296,1073.360537578342,5.109242717991509,548.4059510401596,2.254478988439456e-05,3183660840.942716,0.3750012864196606,-0.48046861327338775,1.5000026133767506,Standard
13.255888674341687,13.42962951878679,319922.03418798046,4.391263860456417e-06,5.013926453742463,1068.5484356259144,5.1571305405148955,551.0643771385819,2.26463175729012e-05,3111866673.4752293,0.375001358833174,-0.49457964257214826,1.5000027663461424,Standard
13.378605543524742,13.553954800125627,318818.4135903944,4.37120297841109e-06,4.945098490904393,1063.6212025711568,5.204798244527387,553.5933767984466,2.2751226208560245e-05,3040909798.652013,0.37500140853774155,-0.5083678672074257,1.5000028291419767,Standard
13.502458468565843,13.679431027256259,317718.60023578274,4.352326908660094e-06,4.877215368400689,1058.5837248243372,5.252246828547565,555.9943011460695,2.28594917717905e-05,2970824528.243567,0.3750014491802176,-0.5218442119625024,1.5000028562041052,Standard
13.627457966543219,13.806068855101012,316622.5804876598,4.334596527604613e-06,4.8102640851587495,1053.440765868556,5.299477308872156,558.2685434961318,2.2971092500189424e-05,2901641990.316332,0.375001541323968,-0.5350187958591164,1.500003089648203,Standard
13.753614651897317,13.933879037220532,315530.34146261733,4.317974891148516e-06,4.744231861997853,1048.196961989841,5.346490684847561,560.4175293164197,2.308600908024504e-05,2833390219.4394455,0.3750016008915509,-0.5479016278015365,1.5000031930286468,Standard
13.880939237332163,14.062872426726951,314441.8701084197,4.302427023854184e-06,4.6791060820914065,1042.8568288334766,5.393287957469721,562.4427176312652,2.3204224380553102e-05,2766094336.10628,0.37500166908364463,-0.5605020157375975,1.5000033310180925,Standard
14.009442534725025,14.19305997720548,313357.1533904833,4.287919818121191e-06,4.614874300220272,1037.4247630491186,5.439870124123955,564.3455974537274,2.3325723400333018e-05,2699776680.6873918,0.37500173027729033,-0.5728293951313503,1.5000034410021499,Standard
14.139135456044526,14.32445274364455,312276.17843687977,4.27442196386144e-06,4.5515242489402485,1031.9050409656868,5.486238157376763,566.1276810535384,2.345049335976369e-05,2634456921.8983526,0.37500180227789315,-0.5848920376330966,1.5000035940823864,Standard
14.270029014277208,14.457061883374516,311198.93220025144,4.261903731598769e-06,4.489043816381187,1026.301832684494,5.532393065406715,567.7905142157897,2.35785230972879e-05,2570152280.8188033,0.375001858504902,-0.5966983402557275,1.5000036838195,Standard
14.402134324362759,14.590898657015156,310125.4020498788,4.250337041910513e-06,4.427421078413277,1020.6191885491608,5.5783358068598465,569.3356564652025,2.37098037189986e-05,2506877537.489549,0.3750019954742356,-0.6082560901898546,1.500004096170187,Standard
14.535462604137821,14.725974429431837,309055.5744775713,4.239695151144966e-06,4.366644222131411,1014.8610601841367,5.624067390341658,570.7646994309166,2.3844327675638167e-05,2444645297.419365,0.37500202877083666,-0.6195735676051299,1.5000040933580294,Standard
14.670025175288542,14.862300670700556,307989.4379911364,4.229952944047627e-06,4.306701708156491,1009.0312768721735,5.669588731699896,572.0792357287233,2.398208990639314e-05,2383465921.9063134,0.375002039083256,-0.6306579811405868,1.5000039980350266,Standard
14.805833464312016,14.999888957081978,306926.9787128731,4.221086337892473e-06,4.247582019043645,1003.1335811200188,5.714900836719462,573.2808942084187,2.4123086223389755e-05,2323347887.6738176,0.37500216557566546,-0.6415152032034825,1.5000043667616865,Standard
14.942899003486545,15.138750972004422,305868.1844439019,4.21307262823072e-06,4.189273886780863,997.171607600163,5.760004672543006,574.371311910416,2.4267314343102024e-05,2264297729.369431,0.37500226807583203,-0.6521529769916015,1.5000046387411885,Standard
15.08123343185089,15.278898507055937,304813.0421963262,4.205890258414529e-06,4.131766152144695,991.1488887888688,5.804901184717667,575.3521358762105,2.4414773683227778e-05,2206320175.886904,0.3750022819824608,-0.6625785177354828,1.5000045554703547,Standard
15.22084849619266,15.42034346298566,303761.54021551635,4.199518873995812e-06,4.075047873454814,985.0688565729837,5.84959129211468,576.225020554269,2.456546535124527e-05,2149418253.6951685,0.37500235952927596,-0.6727963459862849,1.5000047257962024,Standard
15.361756052045767,15.563097850714323,302713.66474856745,4.1939388899700185e-06,4.019108149549625,978.9348673505973,5.89407602321339,576.9916529938737,2.4719390950716487e-05,2093593537.5931203,0.37500246797515047,-0.6828132412347259,1.5000050186545195,Standard
15.503968064697164,15.707173792354208,301669.4043075174,4.18913206001137e-06,3.9639363474401126,972.750158568203,5.9383562455528045,577.653697949597,2.48765548077077e-05,2038845948.9758906,0.37500246662352765,-0.6926357943917196,1.5000048711660838,Standard
15.647496610202861,15.852583522238469,300628.7460154765,4.185080837095703e-06,3.9095219041171183,966.5178960531006,5.982432934530227,578.2128493160931,2.503696167002016e-05,1985174145.0396898,0.3750025520632789,-0.702268016522055,1.5000050696022527,Standard
15.792353876413411,15.999339387960053,299591.6773718363,4.181768625579647e-06,3.8558544193204263,960.2411523004185,6.02630703206872,578.6708008589783,2.520061785357864e-05,1932575453.1138053,0.3750026741444117,-0.711716095224574,1.5000054132685818,Standard
15.938552164008836,16.147453851420202,298558.18586930353,4.179179696175934e-06,3.8029236331398057,953.9229107464498,6.069979458784112,579.0292473494501,2.5367531101565432e-05,1881045973.2286608,0.3750027419990829,-0.7209853160977104,1.5000055386079794,Standard
16.086103887543146,16.29693948988666,297528.2595936961,4.177299141095584e-06,3.750719454433904,947.5660719248916,6.1134511396779825,579.2898882329417,2.5537710333927586e-05,1830580686.4305484,0.3750028059366741,-0.7300804520856445,1.5000056467679315,Standard
16.235021576498518,16.44780899706166,296501.88584585395,4.17611276809589e-06,3.699231888693809,941.1734541277664,6.1567229963516255,579.4544248584111,2.5711165679541275e-05,1781173525.5382643,0.37500282640939986,-0.739006237266608,1.500005579473509,Standard
16.385317876349283,16.600075184159863,295479.05300877773,4.17560716776733e-06,3.6484511305157783,934.7477953222756,6.199795947145834,579.5245593042547,2.5887908444125126e-05,1732817450.5801096,0.3750029884131436,-0.7477666192489778,1.500006076628324,Standard
16.537005549635715,16.753750980996223,294459.74746436044,4.1757694573652215e-06,3.598367408345742,928.2917602530933,6.242670942431171,579.5019997830268,2.6067950786612727e-05,1685504549.3135583,0.37500305543744616,-0.7563673685727963,1.5000061920944745,Standard
16.690097477047733,16.90884943708389,293443.958962647,4.176587751533555e-06,3.548971247565701,921.807919995775,6.285348815268482,579.3884317850549,2.6251306939321084e-05,1639225984.177926,0.3750030073171047,-0.7648121439418674,1.5000058451309997,Standard
16.84460665851874,17.065383722742382,292431.67408265395,4.178050410535497e-06,3.5002531472176264,915.298792751097,6.32783054314239,579.1855656871749,2.6437990996878245e-05,1593972271.1138732,0.375003234423275,-0.7731038722568542,1.500006597148058,Standard
17.00054621432948,17.223367130215923,291422.8805419431,4.180146560650965e-06,3.4522037904460126,908.7668115487837,6.370117019809511,578.895093328493,2.662801879801708e-05,1549733155.6813145,0.37500333880461767,-0.7812482674988246,1.500006856243317,Standard
17.15792938622218,17.38281307480217,290417.5671572597,4.1828659854909276e-06,3.4048140381338263,902.2143350439342,6.41220911418857,578.5186982120296,2.6821407412292226e-05,1506497724.6348445,0.375003278347549,-0.7892491469783636,1.5000064538805873,Standard
17.31676953852496,17.543735095991362,289415.72194854385,4.186198936574213e-06,3.3580748365915833,895.6436552154419,6.454107712340158,578.0580622634512,2.7018174769028173e-05,1464254493.533451,0.37500340934593623,-0.7971087994346249,1.5000068151589403,Standard
17.4770801592867,17.706146858616084,288417.3319065698,4.190136041910821e-06,3.311977207210329,889.0570044681692,6.4958137589149585,577.5148722084051,2.7218339290539324e-05,1422991485.0532901,0.3750035899173554,-0.8048314771657488,1.5000073724627327,Standard
17.638874861422387,17.870062154011595,287422.38589590375,4.194668664834003e-06,3.2665123792665365,882.4565343972658,6.537328092328027,576.8907892573679,2.7421921254557738e-05,1382696168.3216467,0.37500358366241926,-0.8124214687505855,1.5000071801040349,Standard
17.80216738386906,18.03549490118695,286430.8722475398,4.199788542095636e-06,3.2216716755888313,875.8443389702753,6.578651599873225,576.1874761806708,2.762894147959663e-05,1343355614.0084531,0.3750036124449707,-0.8198813448486817,1.5000071254578415,Standard
17.966971592752444,18.202459148006902,285442.7787253472,4.205487838717685e-06,3.177446510782595,869.2224477002574,6.619785157804434,575.4065858116605,2.783942181134719e-05,1304956498.8611202,0.37500377288188247,-0.827213827404023,1.5000075949121765,Standard
18.133301482564452,18.370969072384856,284458.09323607804,4.211759111929149e-06,3.1338284222935204,862.592833135583,6.660729677059058,574.549768288463,2.805338472392844e-05,1267485176.060557,0.37500381211179956,-0.8344231048217807,1.5000075769288514,Standard
18.301171177351502,18.54103898348675,283476.8049560751,4.218595540287307e-06,3.0908091176882766,855.9573938325785,6.701485961121099,573.6186458086829,2.8270854503606896e-05,1230927634.1980536,0.37500390769923797,-0.8415117557278222,1.5000077816830526,Standard
18.47059493191387,18.71268332294613,282498.90094432567,4.225990408650168e-06,3.0483803240982237,849.3179862809218,6.742054940747806,572.6148525671266,2.8491855260269017e-05,1195269671.1728618,0.3750040557980583,-0.8484821992250318,1.5000081937070036,Standard
18.64158713301618,18.88591666609051,281524.3704747032,4.233937641768205e-06,3.006533976567414,842.6763964070409,6.782437442531066,571.5399942928265,2.871641286664053e-05,1160496799.5110452,0.37500408002347285,-0.8553383233441991,1.5000081073690126,Standard
18.814162300609052,19.06075372317902,280553.2016101343,4.24243141407299e-06,2.965262066827059,836.0343584356549,6.822634324468296,570.395671029793,2.8944553805833704e-05,1126594357.546407,0.3750042184734639,-0.8620819514291043,1.5000084749781308,Standard
18.988335089062048,19.237209340651525,279585.38246486225,4.251466227582874e-06,2.924556697360007,829.3935543076402,6.862646462511269,569.1834741498975,2.917630527384815e-05,1093547532.3382628,0.37500433084881024,-0.8687162328114368,1.5000087352478886,Standard
19.164120288408117,19.415298502389376,278620.9019105409,4.261037034021141e-06,2.88441010910173,822.755605929077,6.902474675987214,567.9049734451969,2.941169580481972e-05,1061341354.1435531,0.37500439920199824,-0.8752438040569928,1.5000088162950078,Standard
19.341532825599455,19.59503633098773,277659.74823371274,4.271139014395772e-06,2.8448146233943694,816.1220888456177,6.942119829217878,566.5617336037877,2.965075440063394e-05,1029960774.9030709,0.3750044975133733,-0.8816667244074097,1.500009013955605,Standard
19.52058776577507,19.776438089039715,276701.9100030527,4.281767706642775e-06,2.8057626770424466,809.4945249541589,6.981582761223407,565.1553020724688,2.9893511121384898e-05,999390661.1559504,0.3750046450414857,-0.8879874306896909,1.5000094051724773,Standard
19.701300313540038,19.95951918043249,275747.3754894758,4.292918906475581e-06,2.7672467970791286,802.8743887309219,7.020864327846247,563.687215558229,3.0139996719981876e-05,969615838.61893,0.37500472726981116,-0.894208932410038,1.5000095317803925,Standard
19.883685814256594,20.144295151655214,274796.13392292836,4.304588837919093e-06,2.7292596499763997,796.2630987542631,7.059965317309889,562.1589860658796,3.0390243361515797e-05,940621080.6981637,0.37500476741013244,-0.900333243281068,1.5000094865362144,Standard
20.067759755347254,20.33078169311927,273848.1735345071,4.316773844835813e-06,2.691793961367143,789.6620354295117,7.098886594450701,560.5721237457215,3.0644283381063305e-05,912391190.9367753,0.3750049105005928,-0.9063617931113299,1.5000098495032717,Standard
20.25353776760989,20.518994640490586,272903.4828966419,4.329470599698853e-06,2.6548425689458437,783.0725293847709,7.137628990082536,558.9281187074,3.090215022801843e-05,884910976.9233325,0.3750050296164318,-0.9122976068126718,1.5000101128775896,Standard
20.441035626545045,20.70894997603431,271962.0509630191,4.342676093557057e-06,2.6183984220200083,776.4958631438653,7.1761933038216625,557.2284413538229,3.116387844189544e-05,858165272.818177,0.37500511765938427,-0.9181426054805115,1.5000102481709519,Standard
20.630269253695545,20.900663829972032,271023.8664189584,4.356387507631155e-06,2.5824545547222195,769.9332793506118,7.214580368855589,555.474552253153,3.142950308901673e-05,832138981.5407106,0.37500522404445746,-0.9238983611807043,1.5000104529483451,Standard
20.821254717998475,21.094152481851435,270088.918046625,4.370602283438659e-06,2.547004099074832,763.3859767775705,7.252791006371467,553.6678946762461,3.169906015364145e-05,806817073.8936281,0.3750053554038004,-0.9295672502955199,1.500010753631841,Standard
21.01400823714966,21.289432361928682,269157.19457730337,4.385318118981422e-06,2.512040278052068,756.8551102684786,7.290826014189033,551.8098926917334,3.1972586637127505e-05,782184600.9648775,0.3750054702096577,-0.9351512259481751,1.5000109840100322,Standard
21.208546178980857,21.48652005256365,268228.6850769685,4.4005329435933654e-06,2.47755641870809,750.3417955471936,7.32868620222606,549.9019563980245,3.2250120247642164e-05,758226720.631692,0.37500559099100883,-0.9406516033763523,1.5000112340969736,Standard
21.404885062849615,21.68543228962802,267303.3782426659,4.416244860593721e-06,2.4435459246085514,743.847110508773,7.36637239636875,547.9454821970481,3.253169936304682e-05,734928711.0284246,0.3750057172870811,-0.9460706212447008,1.5000115019419127,Standard
21.60304156104203,21.886185963926394,266381.263218222,4.432452277379158e-06,2.4100023048721346,737.3720891496663,7.403885368930666,545.9418422313053,3.281736364406555e-05,712275961.6219783,0.37500581306608183,-0.9514102340983754,1.500011643307289,Standard
21.803032500188497,22.08879812263062,265462.3289550745,4.449153754968449e-06,2.3769191492702606,730.9177312462981,7.441225923796787,543.8923969912686,3.310715328513385e-05,690254010.7521652,0.3750059255361293,-0.9566716967785283,1.5000118469203017,Standard
22.004874862692525,22.293285970727336,264546.5644400887,4.466348066195031e-06,2.3442901355159136,724.4849990811268,7.478394855342374,541.7984889901023,3.3401109376403274e-05,668848542.9913921,0.3750060933041368,-0.9618566057491762,1.5000122670983274,Standard
22.208585788172865,22.49966687247899,263633.9585140421,4.484034159556694e-06,2.3121090216960147,718.0748198566878,7.5153929635653505,539.6614448464408,3.369927377025662e-05,648045402.708746,0.3750062035924202,-0.9669667704924905,1.5000124526135323,Standard
22.414182574918915,22.70795835289832,262724.5007884827,4.50221125571699e-06,2.280369677248536,711.6880834227716,7.552221020980031,537.4825704006446,3.400168937939505e-05,627830593.8771806,0.37500633289005236,-0.9720036559292566,1.5000127093086348,Standard
22.621682681359573,22.91817809923647,261818.17980905733,4.520878653041247e-06,2.2490660173616983,705.3256483341195,7.5888798265650745,535.2631583801732,3.4308399695494256e-05,608190301.8302244,0.3750064474101009,-0.9769690709065344,1.5000129019163069,Standard
22.831103727545816,23.13034396248499,260914.9854222617,4.5400359814131764e-06,2.2181920842790146,698.9883350811984,7.625370124568664,533.0044767750161,3.461944952331589e-05,589110880.0171889,0.37500659448699025,-0.981863954829123,1.5000132196586264,Standard
23.04246349664687,23.34447395889162,260014.90602504864,4.559682841781926e-06,2.1877419513565672,692.6769398841507,7.661692744105427,530.7077884319549,3.493488372042761e-05,570578889.5740072,0.37500674536556744,-0.9866901095309117,1.5000135473893579,Standard
23.255779936460264,23.560586271490138,259117.93167276346,4.5798192596839286e-06,2.1577098280670595,686.392216835933,7.697848395808582,528.3743225265983,3.525474904557005e-05,552581057.3775983,0.37500687282295075,-0.9914489284541332,1.500013776095102,Standard
23.471071160935963,23.778699251644458,258224.050971988,4.60044519025594e-06,2.1280899536497513,680.1348996612368,7.73383790192252,526.0053065420342,3.557909206838642e-05,535104333.3007421,0.37500703638295363,-0.9961413735847486,1.500014143745375,Standard
23.688355451714436,23.99883142060688,257333.25376308803,4.621560944403753e-06,2.0988766860921078,673.9056842036407,7.769661993378201,523.6019381678559,3.590796102532554e-05,518135849.3835525,0.3750071654592375,-1.000769373796743,1.5000143678602171,Standard
23.907651259679124,24.22100147109088,256445.52906647616,4.6431668822208586e-06,2.070064432702112,667.7052410615521,7.805321442222325,521.1654035141959,3.624140461260804e-05,501662952.38259614,0.37500731063664716,-1.0053337593975584,1.5000146506528154,Standard
24.128977206523196,24.445228268858415,255560.86655252404,4.665263582356883e-06,2.0416476974626745,661.5342112564475,7.840817004458504,518.6968692650598,3.657947251466565e-05,485673194.6519682,0.375007451445299,-1.009835942209179,1.5000149101078932,Standard
24.352352086330782,24.671530854321883,254679.25541411055,4.687851741415527e-06,2.013621043304573,655.3932081766179,7.876149433601674,516.1974845366653,3.692221528476435e-05,470154339.6653972,0.37500762807292176,-1.0142770889039525,1.5000153068394866,Standard
24.577794867172962,24.899928444161016,253800.68520453735,4.710932229532455e-06,1.9859791181473503,649.2828184314718,7.911319482328146,513.6683810997831,3.726968433454626e-05,455094364.4329109,0.3750078295538515,-1.018658145989093,1.500015796847606,Standard
24.80532469271842,25.130440432954664,252925.145243942,4.7345060293535955e-06,1.9587166349613503,643.2036035386213,7.946327914748584,511.1106749665828,3.76219318228213e-05,440481463.17971814,0.3750079463810607,-1.022980926923708,1.5000159419543024,Standard
25.034960883859007,25.363086394827647,252052.62566744283,4.758574404404672e-06,1.9318284033297013,637.1560943142014,7.981175428495374,508.5254564056585,3.797901139939843e-05,426304035.7187805,0.3750080894809571,-1.0272460751694439,1.5000161857257126,Standard
25.26672294035048,25.597886085113004,251183.11535112056,4.783138548591931e-06,1.9053092642900882,631.1408046118358,8.015862816196552,505.91381074723887,3.834097668193231e-05,412550715.17165893,0.3750083035130274,-1.0314545307659273,1.5000167066523318,Standard
25.50063054246827,25.83485944202947,250316.60429325214,4.808199983567062e-06,1.879154162908384,625.1582170406971,8.050390779978443,503.276794649219,3.870788302206445e-05,399210338.0496629,0.37500844859857807,-1.0356078506828794,1.500016945064658,Standard
25.736703552678645,26.07402658837453,249453.08209297108,4.833760276851841e-06,1.8533581003963269,619.2087946970514,8.084760070030535,500.6154538378458,3.9079786194410826e-05,386271966.7920698,0.3750086420380967,-1.0397066662637826,1.5000173700126425,Standard
25.97496201732541,26.315407833233238,248592.5382767118,4.859821150410135e-06,1.8279161434410895,613.2929760321344,8.11897141194376,497.9308139550808,3.945674309686035e-05,373724878.2010421,0.3750087950844545,-1.0437523961341526,1.500017626344743,Standard
26.21542616833213,26.559023673702733,247734.96292271043,4.886384512565744e-06,1.8028234416084272,607.4111765181048,8.153025519268239,495.22388228408516,3.983881164072018e-05,361558565.2701533,0.3750089898518354,-1.0477455570889447,1.5000180423642178,Standard
26.458116424920075,26.80489479663273,246880.34525397734,4.913452282430171e-06,1.778075185102561,601.5637931845276,8.186923146438309,492.4956542481637,4.022605024070207e-05,349762743.4850036,0.3750091712804533,-1.0516874004614465,1.5000183976627568,Standard
26.703053395342252,27.053042080382248,246028.67566868212,4.941026679711668e-06,1.7536666630780182,595.751197021847,8.220664978909477,489.7471001500897,4.0618518896489954e-05,338327335.2556111,0.37500935417540404,-1.0555787696087577,1.5000187512937373,Standard
26.950257878633302,27.30348659659246,245179.94339650718,4.969109870213155e-06,1.7295931949146028,589.9737438341099,8.254251772299668,486.9791820652972,4.101627783627606e-05,327242486.82837045,0.3750095583860684,-1.0594206080075992,1.5000191824836975,Standard
27.199750866375677,27.556249611976014,244334.13881241033,4.99770432803709e-06,1.7058501957158587,584.2317639387978,8.287684203461609,484.19283611560866,4.141938899319785e-05,316498548.1660995,0.3750097127594927,-1.0632140617132109,1.5000194064429024,Standard
27.45155354448218,27.81135259012294,243491.25154051775,5.026812522605918e-06,1.682433121410481,578.5255722859197,8.320963002778367,481.3889883152319,4.182791470562671e-05,306086087.60212344,0.3750099621101981,-1.0669594526626724,1.5000200022553827,Standard
27.70568729499492,28.068817193323177,242651.2713721213,5.056437076655771e-06,1.659337494134897,572.8554638239752,8.354088882762774,478.5685461761784,4.2241918431813936e-05,295995881.2591667,0.3750101941553794,-1.070658075383733,1.5000205206057444,Standard
27.96217369790109,28.328665284406153,241814.18850757703,5.086580791064353e-06,1.6365589077354632,567.2217138119147,8.387062533841243,475.7323984293129,4.266146480627374e-05,286218910.98281014,0.37501036390074205,-1.0743107799196991,1.5000207813239967,Standard
28.22103453296538,28.59091892859722,240979.9930074889,5.117246554391988e-06,1.614093011697705,561.6245808558052,8.41988466085796,472.8814193508575,4.308661928145717e-05,276746366.19805735,0.3750105732501652,-1.0779182132355913,1.5000211918411424,Standard
28.482291781579413,28.855600395391313,240148.6746857863,5.148437358955651e-06,1.591935507730547,556.0643058573556,8.452555960718911,470.0164663017615,4.3517448362398556e-05,267569639.19949982,0.37501080240110696,-1.0814811451309652,1.5000216727528368,Standard
28.745967628628364,29.12273216044407,239320.22376065998,5.180156340888034e-06,1.5700821664174986,550.541113280553,8.485077134021743,467.13838116356936,4.3954019497752154e-05,258680323.92842996,0.3750110188166218,-1.0850004193160316,1.5000220937088216,Standard
29.012084464374805,29.392336907480317,238494.63026008444,5.212406751757674e-06,1.548528810464435,545.0552103925963,8.51744886619175,464.2479883770326,4.439640128455637e-05,250070211.70333964,0.3750112552246492,-1.0884768697127924,1.500022585418833,Standard
29.28066488635992,29.664437530220244,237671.88432564816,5.245191961430639e-06,1.5272713220191858,539.6067889349343,8.549671845700415,461.3460971105814,4.484466329155874e-05,241731290.37338123,0.37501149217246166,-1.0919111158667647,1.5000230698651649,Standard
29.551731701322495,29.93905713432353,236851.97613979553,5.278515454508211e-06,1.5063056399293548,534.1960253782242,8.58174676126517,458.43350106703036,4.529887609760356e-05,233655741.29709435,0.37501173769612706,-1.0953039014326578,1.5000235789768794,Standard
29.825307927135512,30.216219039351312,236034.89587704896,5.312380835308038e-06,1.4856277577323436,528.8230808520476,8.613674293671298,455.51097774353406,4.5759111388453684e-05,225835935.87754482,0.37501196161360895,-1.0986560395457445,1.5000239918107354,Standard
30.101416794760738,30.495946780746415,235220.63391865874,5.346791844974727e-06,1.4652337282958459,523.4881016837096,8.645455117131014,452.57928874586275,4.622544195520453e-05,218264432.89566854,0.37501220050467055,-1.1019680939506884,1.5000244544645511,Standard
30.380081750221443,30.778264111831906,234409.1803477853,5.3817522941212424e-06,1.4451196503939705,518.1912208634609,8.677089916452664,449.6391817348632,4.6697941522291904e-05,210933976.90216336,0.37501246520491804,-1.1052408467844543,1.500025010051786,Standard
30.66132645659324,31.06319500582802,233600.52556591624,5.4172661622992225e-06,1.4252816834353406,512.9325562953477,8.708579351248181,446.69138683366094,4.717668514231213e-05,203837492.55124578,0.3750127361656723,-1.1084748355650618,1.5000255801495541,Standard
30.94517479601357,31.350763657888024,232794.6598094966,5.453337486274949e-06,1.4057160346926976,507.71221444672153,8.73992411021284,443.7366224092454,4.7661748623975436e-05,196968085.55834007,0.3750130022128815,-1.111670793801295,1.5000261198218823,Standard
31.231650871709643,31.64099448715268,231991.5735941401,5.489970489437392e-06,1.3864189694501978,502.53028652985205,8.771124839824115,440.77558789459147,4.8153209315696196e-05,190319034.59265453,0.37501325071320935,-1.114829445265741,1.5000265782927045,Standard
31.520779010045093,31.933912138823775,231191.25727710742,5.52716945233425e-06,1.3673867996348403,497.38685306214296,8.802182215431332,437.80897122129517,4.8651145346688284e-05,183883793.14324552,0.3750135125170573,-1.1179512521053994,1.5000270787180625,Standard
31.812583762585813,32.229541486257006,230393.70130752827,5.5649387996773465e-06,1.3486158892109836,492.2819812598587,8.833096889970532,434.83744376549896,4.915563619878185e-05,177655982.92684394,0.37501379381853894,-1.121036845015567,1.500027645622481,Standard
32.10708990818471,32.52790763307405,229598.89608341572,5.603283040315263e-06,1.3301026501024305,487.21572750779177,8.86386953081054,431.86166419880067,4.9666762313899805e-05,171629393.1301125,0.37501410383015354,-1.1240867347757444,1.500028315599593,Standard
32.404322455085754,32.82903591529423,228806.83208164613,5.6422068149620874e-06,1.3118435445915457,482.1881361220575,8.894500791516215,428.8822758397369,5.018460541933954e-05,165797975.49529293,0.37501439776065126,-1.1271017534854764,1.5000289092114372,Standard
32.704306643047694,33.132951903486024,228017.49995581154,5.681714905079455e-06,1.2938350868106934,477.19923979620904,8.92499131284479,425.8999069677304,5.070924853420829e-05,160155841.34655535,0.3750146988866163,-1.1300822885352204,1.5000295193025295,Standard
33.00706794548726,33.439681404938376,227230.8901501494,5.721812151080813e-06,1.2760738332365158,472.2490617913042,8.955341757086229,422.9151742804461,5.124077559425214e-05,154697260.3165004,0.3750149975652448,-1.133028927360158,1.5000301070219848,Standard
33.3126320716422,33.749250465852086,226446.99342313973,5.76250357020377e-06,1.25855639395868,467.3376134897189,8.985552756314913,419.92867810221765,5.177927205252515e-05,149416654.36998346,0.3750152851794155,-1.1359422905471774,1.5000306376168737,Standard
33.62102496875456,34.061685373551704,225665.80032052656,5.8037942425267294e-06,1.2412794201130601,462.4648972917456,9.015624960559778,416.94100714061767,5.232482434571197e-05,144308597.23836923,0.37501562247359743,-1.1388226960690417,1.5000313537836973,Standard
33.93227282427381,34.37701265871752,224887.30141215367,5.845689365120219e-06,1.2242396086837661,457.6309056380798,9.04555901365539,413.9527363421813,5.2877520182496614e-05,139367809.97311786,0.37501594837499397,-1.1416708768640547,1.500032010929317,Standard
34.24640206808077,34.69525909763864,224111.48756322498,5.888194295148007e-06,1.207433707727806,452.83562078005116,9.07535554215385,410.96442607309166,5.34374486903259e-05,134589157.36681834,0.3750162627163718,-1.144487292780866,1.5000326080846662,Standard
34.5634393747318,35.01645171448662,223338.34940868788,5.931314453310403e-06,1.1908585042499396,448.07901675004996,9.105015188180573,407.97662530142225,5.400470004694472e-05,129967646.38107505,0.37501662115676027,-1.1472722463798277,1.5000333675818638,Standard
34.8834116657239,35.34061778361022,222567.8776478142,5.9750553806442525e-06,1.1745108301020668,443.3610585985349,9.134538588910143,404.98986985883687,5.457936573311652e-05,125498422.06496091,0.37501697764696473,-1.1500264845006427,1.5000341049030794,Standard
35.20634611178086,35.66778483185152,221800.06317011843,6.019422775738015e-06,1.158387563973598,438.6817018529941,9.163926359059962,402.00468108479356,5.516153875986531e-05,121176763.82429571,0.3750173096867684,-1.1527505138785727,1.5000347297238932,Standard
35.532270135160424,35.997980640883334,221034.89683045752,6.064422423441652e-06,1.1424856259748157,434.04089459903383,9.193179127614389,399.0215692758915,5.575131324772566e-05,116998083.9422458,0.3750176695477876,-1.1554446192170076,1.500035450806763,Standard
35.861211411982815,36.331233249568264,220272.36936780863,6.1100602103481285e-06,1.1268019754615268,429.43857682272954,9.222297519005021,396.04103215973066,5.63487846652807e-05,112957923.75530015,0.37501804473686207,-1.158109252200802,1.500036217839579,Standard
36.19319787458101,36.66757095633976,219512.4717516836,6.156342157796292e-06,1.11133361762824,424.8746808735098,9.251282157213348,393.06355542168166,5.6954049795863475e-05,109051950.84122643,0.3750184225112889,-1.1607449058892598,1.5000369795072857,Standard
36.528257713872556,37.00702232160503,218755.19483680846,6.203274395595276e-06,1.0960775958064157,420.3491313376621,9.280133657353987,390.089612156615,5.7567206857580035e-05,105275955.77997214,0.37501880308525415,-1.1633521674945086,1.5000377363107873,Standard
36.86641938175339,37.34961617017023,218000.52965408753,6.250863195802365e-06,1.0810309968261627,415.8618452932097,9.308852625228493,387.1196630290061,5.818835552872517e-05,101625849.27708443,0.37501919875330714,-1.165931250749793,1.5000385370716458,Standard
37.20771159351399,37.69538159368831,217248.46707207485,6.299114892454018e-06,1.0661909436660393,411.41273397363466,9.337439688977337,384.1541590756091,5.881759656947782e-05,98097660.33437338,0.3750195936175942,-1.168482707711405,1.5000393178289642,Standard
37.5521633302776,38.04434795312914,216498.99824745307,6.34803601619e-06,1.051554603855827,407.0017002669437,9.365895437698132,381.19353676655504,5.9455032606591884e-05,94687531.40713693,0.37501999334540415,-1.1710070066031903,1.5000401008715016,Standard
37.899803841461306,38.3965448812729,215752.1140890482,6.397633141609739e-06,1.0371191783706306,402.6286419747852,9.394220489399292,378.2382238058538,6.010076729951868e-05,91391717.81389992,0.375020429523488,-1.1735043174635962,1.5000410121664345,Standard
38.25066264725972,38.7520022852263,215007.80568943333,6.447912995761618e-06,1.0228819095915325,398.29345013001426,9.42241544797139,375.28863573308695,6.075490589776344e-05,88206583.59734344,0.3750208501957104,-1.1759752439843965,1.500041843491772,Standard
38.6047695411517,39.11075034896211,214266.06422665733,6.4988824414157186e-06,1.008840078776977,393.9960094657686,9.450480908216347,372.34517653696724,6.141755519955672e-05,85128599.01959962,0.37502128391258793,-1.1784201004311399,1.5000427086469017,Standard
38.96215459243033,39.47281953588239,213526.8807415981,6.550548424416583e-06,0.9949910013421391,389.7361994474766,9.47841747515746,369.40824035444155,6.208882332084179e-05,82154338.43368849,0.3750217347577518,-1.1808392793142843,1.5000436235541201,Standard
39.3228481487563,39.838240591405246,212790.24645752428,6.602918049721563e-06,0.9813320324061002,385.51389336466127,9.506225737273088,366.47820951794955,6.276882006103388e-05,79280476.92810637,0.37502219181692453,-1.1832331931190083,1.5000445441343118,Standard
39.686880838734794,40.20704454557555,212056.15252031037,6.6559985170305736e-06,0.9678605613988842,381.3289595567714,9.53390629094586,363.55545664381424,6.345765660407275e-05,76503788.40774246,0.3750226502620535,-1.1856022005685531,1.5000454506424603,Standard
40.05428357451647,40.579262715699976,211324.59023267176,6.709797178959449e-06,0.9545740158997081,377.1812607805595,9.561459720016025,360.640343209818,6.41554458067744e-05,73821142.53843516,0.3750231226140386,-1.187946566979349,1.5000463927258352,Standard
40.42508755442235,40.95492670900633,210595.55075286078,6.764321464768957e-06,0.9414698556400869,373.07065553150767,9.588886623952112,357.73322186151194,6.486230184291125e-05,71229502.93328595,0.37502361647204907,-1.190266719769511,1.5000474003278441,Standard
40.79932426559296,41.33406842532736,209869.02541460062,6.819578982032216e-06,0.9285455778454665,368.99699653463216,9.616187574766833,354.834433320261,6.557834080099084e-05,68725923.70904952,0.3750241148582063,-1.1925630645171736,1.5000484050716523,Standard
41.177025486662295,41.71672005980984,209145.00550328376,6.875577426762873e-06,0.9157987127039718,364.96013268251204,9.643363161497572,351.9443098925802,6.630368010678071e-05,66307548.113439076,0.37502461921417307,-1.1948358344502026,1.5000494122584769,Standard
41.558223290456105,42.10291410564813,208423.48240689526,6.932324646012053e-06,0.9032268255843436,360.9599080513761,9.670413960321332,349.06317339363306,6.703843894746176e-05,63971605.50211688,0.37502513196739073,-1.197085430112395,1.5000504311116174,Standard
41.94295004671548,42.49268335684355,207704.44746173202,6.989828598049204e-06,0.890827513859919,356.9961626442335,9.697340549156676,346.1913363903258,6.778273809436782e-05,61715409.35499799,0.3750256601590536,-1.1993121536888793,1.5000514893037007,Standard
42.331238424845665,42.88606091098916,206987.89208849912,7.048097380517967e-06,0.8785984088350607,353.0687323196513,9.724143501212799,343.3291018867578,6.853670001283465e-05,59536354.8838776,0.3750262077722937,-1.2015162864168474,1.500052602264077,Standard
42.72312139668998,43.283080172080055,206273.80766856414,7.107139203556097e-06,0.8665371731661489,349.1774492481171,9.75082339284511,340.47676403825267,6.930044877348643e-05,57431916.96765548,0.37502676580572825,-1.203698199951873,1.5000537334675528,Standard
43.11863223932986,43.68377485335012,205562.18571652117,7.166962438381779e-06,0.8546415033467207,345.32214148077065,9.777380787065075,337.6346071462255,7.007411030723186e-05,55399647.68705417,0.37502733168003033,-1.2058582121017025,1.5000548720705638,Standard
43.51780453791053,44.08817898013471,204853.01768317155,7.2275755612534295e-06,0.8429091259360735,341.50263386227,9.803816254366541,334.80290727679085,7.085781213303505e-05,53437174.58133431,0.3750278891978951,-1.2079966569706926,1.5000559527422865,Standard
43.92067218849282,44.49632689275988,204146.2952027271,7.288987222693562e-06,0.8313378012334557,337.71874737764733,9.830130349862213,331.98193083144605,7.165168370783996e-05,51542198.18146309,0.3750284786329985,-1.2101137166658305,1.500057136027408,Standard
44.32726940093167,44.90825324945859,203442.00963347362,7.3512061301859255e-06,0.8199253153159453,333.9703005624326,9.856323649494593,329.1719371662322,7.245585592512766e-05,49712490.56806227,0.3750291005400186,-1.2122096811941105,1.5000584235816632,Standard
44.73763070178098,45.32399302931362,202740.15266633374,7.414241204545665e-06,0.8086694895829779,330.2571080434622,9.882396703568725,326.3731755858852,7.327046181273047e-05,47945892.64121565,0.37502971232026994,-1.214284986326561,1.500059644426301,Standard
45.15179093722539,45.74358153522782,202040.7158789138,7.478101469307572e-06,0.7975681730462846,326.5789818192879,9.908350069573753,323.5858877230467,7.40956360801673e-05,46240312.707163155,0.37503034320297957,-1.2163397852319804,1.5000609148904687,Standard
45.56978527603945,46.167054396922,201343.69091043537,7.542796088245689e-06,0.7866192447720666,322.93573112916494,9.934184304512925,320.81030715497565,7.49315152522633e-05,44593724.451191194,0.3750309707842234,-1.2183744843814566,1.5000621447519507,Standard
45.99164921257387,46.5944475739604,200649.0694800148,7.608334393923641e-06,0.7758206137331206,319.32716207756687,9.95989994905576,318.0466585308478,7.577823793335317e-05,43004164.87490129,0.3750316236097433,-1.2203892291647662,1.5000634475782135,Standard
46.41741856976955,47.02579735880416,199956.84317905817,7.674725797891934e-06,0.7651702151919273,315.75307904167727,9.985497566862117,315.295160249989,7.663594423755985e-05,41469733.01156401,0.375032313768088,-1.222384191828553,1.5000648710935138,Standard
46.84712950219972,47.46114037989332,199267.00374020517,7.741979896505327e-06,0.7546660145066355,312.2132834297706,10.010977702402721,312.55602188093746,7.750477645005662e-05,39988587.59129366,0.3750329974500346,-1.2243598910808942,1.5000662394055553,Standard
47.28081849913968,47.90051360475689,198579.5429744448,7.810106448859237e-06,0.7443060057111563,308.707574149874,10.036340890898636,309.8294449770503,7.838487890840604e-05,38558945.471865326,0.37503369983141965,-1.2263164699247682,1.5000676525595509,Standard
47.71852238766565,48.3439543431522,197894.4525792072,7.87911531070654e-06,0.7340882082470591,305.23574847973765,10.061587682481322,307.1156247156695,7.927639765238898e-05,37179080.237931766,0.37503440678074185,-1.2282541781032137,1.5000690533518082,Standard
48.16027833578181,48.79150025023301,197211.72447386498,7.949016542082846e-06,0.7240106716233595,301.797601120135,10.086718607784194,304.41474790030975,8.017948098524968e-05,35847320.15369501,0.37503512268256145,-1.2301733003579898,1.5000704586275333,Standard
48.60612385557644,49.24318932974696,196531.35039723467,8.019820296999818e-06,0.7140714690470302,298.39292525682583,10.111734208788471,301.72699499799074,8.109427901743674e-05,34562046.91353744,0.3750358898231525,-1.232073879760435,1.5000720368298062,Standard
49.05609680640739,49.69905993726283,195853.32217196023,8.091536879962085e-06,0.70426870101753,295.0215123897776,10.136635030048657,299.0525397108154,8.202094382582788e-05,33321693.96505839,0.37503666404109026,-1.2339563363518096,1.500073610583172,Standard
49.5102353981169,50.15915078342748,195177.63175443283,8.164176799044943e-06,0.6946004956332078,291.6831516684367,10.16142159204528,296.3915475399471,8.295962991244865e-05,32124744.724797577,0.3750374359046873,-1.2358210037644994,1.500075141413845,Standard
49.968578194276105,50.62350093725288,194504.27105759835,8.237750684360445e-06,0.6850650056599574,288.37763101136295,10.186094425432785,293.74417796643564,8.391049368369362e-05,30969731.44699145,0.37503823577640105,-1.2376679148359813,1.5000767500201846,Standard
50.43116411545989,51.09214982943389,193833.23198460278,8.312269304714628e-06,0.6756604087015535,285.1047370034294,10.210654064537557,291.11058417029784,8.487369357738153e-05,29855233.69638513,0.3750390512592503,-1.239497392551641,1.500078386037444,Standard
50.898032442551795,51.56513725569646,193164.50654916273,8.387743623882412e-06,0.6663849085409217,281.86425440750855,10.235101026382203,288.49091195867453,8.584939043855357e-05,28779876.75190836,0.3750398865602165,-1.2413096451737715,1.5000800654983095,Standard
51.369222820079415,52.04250338017679,192498.08669574687,8.464184720600541e-06,0.6572367322825022,278.6559671444246,10.259435842102922,285.8853016937364,8.683774702781748e-05,27742330.513792,0.3750407359241308,-1.243104885727007,1.5000817645701545,Standard
51.8447752595812,52.524288738832226,191833.9645140525,8.541603880188937e-06,0.6482141329827654,275.4796574927076,10.28365902468297,283.29388658914564,8.783892858928211e-05,26741307.88831294,0.3750416061023998,-1.2448833323772988,1.500083509430624,Standard
52.32473014300366,53.010534242883,191172.13198065516,8.620012499231517e-06,0.6393153857785162,272.33510704363175,10.307771100482148,280.716794603106,8.885310234894084e-05,25775563.747295413,0.3750424987373435,-1.2466451779309295,1.5000853057957784,Standard
52.80912822613079,53.501281182286576,190512.58123462935,8.699422185006634e-06,0.6305387913056137,269.2220959930181,10.33177257971828,278.15414692349475,8.988043804607378e-05,24843893.42453165,0.37504340847522144,-1.2483906492050778,1.5000871313836797,Standard
53.298010642044666,53.99657122924368,189855.3043272528,8.779844669248838e-06,0.6218826720022868,266.1404039229525,10.355663982511153,275.60605951958894,9.092110751743507e-05,23945131.683215715,0.3750443374782435,-1.2501199699292442,1.500088993952545,Standard
53.79141890461833,54.496446441736865,189200.29344471527,8.861291894384059e-06,0.6133453747564687,263.0898092020217,10.379445812739075,273.0726418496246,9.197528518173956e-05,23078151.32458181,0.37504528872614173,-1.2518333041394953,1.5000909045116941,Standard
54.28939491204106,55.000949267102065,188547.54068327675,8.94377592058405e-06,0.6049252676323904,260.070089882077,10.403118589637742,270.55399866609935,9.304314751722391e-05,22241862.241543572,0.3750462643472474,-1.2535308556057885,1.500092870645517,Standard
54.79198095037616,55.51012254563296,187897.03827626113,9.027309030819894e-06,0.5966207425214088,257.0810228659774,10.42668281205062,268.0502282421079,9.41248737243682e-05,21435210.039981876,0.3750472553919053,-1.255212863408076,1.5000948556000822,Standard
55.299219697151585,56.02400951421872,187248.7784060135,9.111903642684807e-06,0.5884302123988066,254.12238479749493,10.450138990558246,265.5614241745948,9.522064518779138e-05,20657175.1471726,0.37504827358679904,-1.256879437586008,1.5000969053122617,Standard
55.81115422498417,56.542653810015665,186602.75331945662,9.197572366693582e-06,0.5803521125104483,251.19395163098687,10.473487627392496,263.087674448297,9.633064586665991e-05,19906771.606484786,0.3750493120162446,-1.2585308440116592,1.5000989911184206,Standard
56.327828005237016,57.06609947415265,185958.95527733155,9.284327990480983e-06,0.572384899425153,248.29549882960126,10.49672922129823,260.6290618081496,9.745506224278025e-05,19183046.0670378,0.37505037024561716,-1.2601672422515549,1.500101110261994,Standard
56.84928491171085,57.59439095547079,185317.37658204386,9.372183477441047e-06,0.5645270510883572,245.42680155628935,10.51986427260421,258.1856641231532,9.859408326031319e-05,18485076.79669088,0.3750514560838383,-1.2617887868954654,1.5001032929378653,Standard
57.375569224369926,58.12757311429815,184678.0095216386,9.461151966052341e-06,0.5567770658471031,242.5876346247136,10.542893278378907,255.7575542502731,9.97479004482116e-05,17811972.66698878,0.37505256458064196,-1.2633956875355352,1.500105518274836,Standard
57.90672563310161,58.66569122625869,184040.84646917897,9.55124679356352e-06,0.5491334633758053,239.77777255067417,10.565816731691429,253.34480011036158,0.00010091670796983118,17162872.192130834,0.3750536912775715,-1.2649881222520207,1.5001077673473446,Standard
58.44279924151166,59.2087909861172,183405.87978156703,9.642481471433206e-06,0.5415947831626703,236.99698969814781,10.58863512513202,250.947464966836,0.00010210070259173192,16536942.615845418,0.3750548540139107,-1.2665662287261057,1.5001101103991914,Standard
58.983835570754124,59.756918511659464,182773.1018248126,9.734869691994573e-06,0.5341595845532433,234.24506034261697,10.611348950974724,248.56560753376394,0.0001033000837145089,15933379.005734859,0.3750560398231073,-1.2681302090712165,1.5001124944180901,Standard
59.529880563396645,60.31012034760819,182142.50505311394,9.82842535982441e-06,0.5268264474012527,231.52175858302834,10.633958694484953,246.19928176464407,0.00010451505353863289,15351403.343926664,0.37505724925529194,-1.2696802152304372,1.5001149204352942,Standard
60.08098058732197,60.86844346957565,181514.0818838904,9.923162546807872e-06,0.5195939703297139,228.82685865145916,10.656464845272115,243.8485374873326,0.00010574581688021576,14790263.725113312,0.37505849063438745,-1.271216396386535,1.5001174205543748,Standard
60.6371824396652,61.431935288052586,180887.82479624107,1.001909553624938e-05,0.5124607716174384,226.1601347201403,10.67886788595755,241.5134199746739,0.0001069925814289527,14249233.477109961,0.3750597547226562,-1.272738960614106,1.5001199565948582,Standard
61.19853335078749,62.000643652433915,180263.72629146854,1.0116238807198247e-05,0.5054254884718745,223.52136107479518,10.701168297500747,239.19397029478154,0.00010825555768252454,13727610.38078749,0.37506104454735123,-1.2742480431744525,1.5001225394166795,Standard
61.7650809882869,62.57461685508218,179641.77889108783,1.0214607033356858e-05,0.4984867767496511,220.91031219951773,10.723366560775888,236.890225477087,0.00010953495895202106,13224715.894483054,0.3750623652322247,-1.2757437967861733,1.500125188234847,Standard
62.33687346104597,63.15390363542826,179021.97513188233,1.0314215090941543e-05,0.4916433106495264,218.32676275388144,10.745463153058772,234.60221844984372,0.00011083100147098883,12739894.381964324,0.37506371929271154,-1.2772263670773896,1.5001279117986996,Standard
62.91395932331686,63.738553184109875,178404.30757951603,1.0415078056587587e-05,0.4848937826137648,215.7704877049946,10.767458552029959,232.3299783114819,0.00011214390435263321,12272512.391548898,0.3750651043135349,-1.278695900776313,1.5001306991081265,Standard
63.49638757884468,64.32861514714914,177788.76883107502,1.0517211218818234e-05,0.4782369031045176,213.24126228647594,10.789353231441957,230.07353023273512,0.00011347388971806306,11821957.926341742,0.3750665143038532,-1.28015258211002,1.500133524824605,Standard
64.08420768502832,64.92413963016779,177175.3515238884,1.062063008221057e-05,0.47167140044878375,210.73886205517954,10.811147661513354,227.83289556978397,0.00011482118272996509,11387639.754167661,0.3750679581089571,-1.281596520413359,1.500136422928108,Standard
64.67746955712032,65.5251772026422,176564.04827793775,1.07253503428574e-05,0.46519601998104154,208.26306306942507,10.832842315762322,225.60809224287453,0.00011618601148828969,10968986.757343818,0.37506943789173874,-1.2830278667947255,1.5001394006344526,Standard
65.2762235724656,66.13177890219764,175954.8517752298,1.083138793183366e-05,0.45880952465563757,205.8136417129446,10.8544376598102,223.39913435116694,0.00011756860730844826,10565447.245051729,0.37507094796751517,-1.28444679067087,1.50014243373289,Standard
65.88052057477911,66.74399623894189,175347.754705995,1.093875898708371e-05,0.4525106942356247,203.39037491605103,10.875934160554005,221.20603264773658,0.00011896920456867913,10176488.350493709,0.375072490823527,-1.2858534098904215,1.5001455306695561,Standard
66.4904118784633,67.36188119983949,174742.74979548468,1.1047479871012804e-05,0.4462983253432673,200.9930401135352,10.897332281926342,219.02879444717433,0.00012038804084261863,9801595.404604567,0.37507406651866404,-1.2872478623647794,1.5001486901425096,Standard
67.10594927296563,67.9854862531262,174139.82978501168,1.1157567164465503e-05,0.4401712310337966,198.62141532228702,10.918632486950159,216.8674237941943,0.00012182535689746268,9440271.347580893,0.3750756800527597,-1.288630287462638,1.5001519305764077,Standard
67.72718502717613,68.61486435276429,173538.98743486486,1.126903767502158e-05,0.43412824060320176,196.27527913450555,10.939835235339245,214.72192145017095,0.0001232813967904083,9092036.146122005,0.37507733097788787,-1.2900008067157387,1.500155248570195,Standard
68.35417189386611,69.25006894293934,172940.215538859,1.138190843537251e-05,0.4281681995123302,193.95441082663356,10.960940987510646,212.59228513381262,0.00012475640782294982,8756426.24512027,0.37507901749984285,-1.2913595512477514,1.5001586352993854,Standard
68.9869631141675,69.8911539625984,172343.50691390323,1.149619671419934e-05,0.42228996906019317,191.65859030089575,10.981950199418742,210.4785093975237,0.00012625064070137507,8432994.013042284,0.37508074494246557,-1.2927066671012426,1.500162110370752,Standard
69.62561242209387,70.53817385003018,171748.85438758743,1.1611920008608688e-05,0.4164924260474434,189.38759818195774,11.002863326035845,208.38058584422757,0.00012776434950413887,8121307.226050477,0.37508250293399215,-1.2940422903882904,1.500165630571928,Standard
70.2701740491035,71.19118354748795,171156.25086016807,1.1729096069479519e-05,0.4107744631644969,187.1412158028002,11.023680818677876,206.2985031029386,0.00012929779178946665,7820948.55331529,0.37508430601917553,-1.295366503032369,1.5001692523214842,Standard
70.9207027287043,71.85023850585483,170565.68916372498,1.1847742849229415e-05,0.4051349874183393,184.91922537205932,11.04440313301391,204.23224720536774,0.0001308512284542037,7531515.081330127,0.37508615273793566,-1.2966794479991108,1.5001729679689788,Standard
71.57725370110151,72.5153946893524,169977.16225326952,1.1967878587549002e-05,0.39957292176725934,182.72140975933218,11.065030714685868,202.1818011217713,0.00013242492411775974,7252617.80563064,0.3750880333226405,-1.2979812815432865,1.5001767365939713,Standard
72.2398827178888,73.18670858029327,169390.66304196473,1.2089521742018657e-05,0.3940872033336707,180.54755274286566,11.085564012169614,200.14714531716066,0.000134019146868751,6983881.195781921,0.37508996273766115,-1.2992720572545409,1.5001806161700415,Standard
72.908646046782,73.86423718387685,168806.1844876861,1.2212691020316634e-05,0.38867678403108347,178.39743899049506,11.106003474196694,198.1282577216231,0.00013563416837077455,6724942.740765096,0.37509193135349506,-1.3005519341951413,1.500184566236726,Standard
73.58360047639749,74.54803803303042,168223.7195836389,1.2337405399361598e-05,0.3833406302689795,176.2708539519635,11.12634954142198,196.125113503449,0.0001372702641144841,6475452.499688342,0.3750939458955145,-1.3018210264592085,1.500188611720091,Standard
74.26480332107428,75.23816919329437,167643.2613164731,1.2463684088364615e-05,0.3780777223726601,174.16758409083326,11.14660265919049,194.13768559716652,0.00013892771315692333,6235072.70505231,0.3750960067594633,-1.3030794333079143,1.5001927521757352,Standard
74.95231242574096,75.93468926775287,167064.80272769934,1.2591546575183781e-05,0.3728870549517286,172.08741672591356,11.16676326611703,192.16594436559046,0.0001406067984513641,6003477.335033933,0.37509811566667395,-1.3043272687655758,1.5001969924175,Standard
75.64618617082759,76.63765740201033,166488.3368482542,1.2721012588530665e-05,0.36776763611584945,170.03014020867136,11.186831803864395,190.2098580101887,0.0001423078066559397,5780351.736078308,0.3751002708946771,-1.305564643025832,1.5002013234333162,Standard
76.3464834772233,77.34713328921379,165913.8567741531,1.2852102145545404e-05,0.36271848796323664,167.99554379740096,11.206808707588873,188.26939230648412,0.000144031028424774,5565392.225488069,0.3751024671328196,-1.3067916913588533,1.5002057218065374,Standard
77.05326381127932,78.06317717512158,165341.3556017628,1.2984835520439239e-05,0.3577386458152222,165.98341778466613,11.226694412768609,186.34451090553492,0.00014577675828934816,5358305.733125897,0.37510472184021637,-1.3080084605765023,1.5002102551617327,Standard
77.7665871898589,78.78584986321948,164770.82642270016,1.3119233240637208e-05,0.35282715799934855,163.9935535471616,11.246489357359335,184.43517546436914,0.0001475452946524195,5158809.446042651,0.37510702520080486,-1.309215112830998,1.5002148819554577,Standard
78.48651418543356,79.51521271988372,164202.26241219742,1.3255316151272809e-05,0.3479830864297555,162.02574335662146,11.266193967571311,182.54134523956265,0.0001493369402132608,4966630.442278991,0.37510937997944893,-1.3104117288698944,1.5002196109213628,Standard
79.21310593122654,80.25132767959182,163635.65670240976,1.339310532617649e-05,0.3432055053387873,160.07978072805489,11.285808680390303,180.66297788956584,0.0001511520014327121,4781505.387015553,0.37511178859688243,-1.311598396245813,1.5002244493672379,Standard
79.94642412640435,80.99425725018227,163071.00250966588,1.353262216698619e-05,0.33849350218642515,158.15546009817083,11.305333920190016,178.80002877111093,0.00015299078920432308,4603180.176438387,0.3751142501407685,-1.3127752340354846,1.5002293912057212,Standard
80.68653104131553,81.74406451816184,162508.2930175917,1.3673888321660779e-05,0.33384617649944426,156.25257712927234,11.324770118747244,176.95245164508324,0.00015485361837828444,4431409.65007202,0.37511677020347634,-1.3139423300237922,1.5002344563177985,Standard
81.43348952277873,82.50081315406304,161947.52147394133,1.3816925760263847e-05,0.3292626405114296,154.37092848641717,11.344117698312552,175.12019819477067,0.0001567408082732713,4265957.265783365,0.3751193436886524,-1.3150998006407235,1.5002396217643081,Standard
82.18736299941935,83.26456741785073,161388.68112600627,1.3961756724177461e-05,0.3247420184561898,152.51031204604843,11.363377085447416,173.30321851985016,0.00015865268235889734,4106594.8227092223,0.3751219760152935,-1.316247702410351,1.500244906617354,Standard
82.94821548705545,84.03539216437852,160831.76525337488,1.4108403759386037e-05,0.32028344667178205,150.67052680286375,11.382548703300923,171.50146094856038,0.0001605895685234015,3953102.1675580638,0.3751246717744152,-1.3173861510712186,1.5002503265703808,Standard
83.71611159413393,84.81335284889633,160276.7671378317,1.425688970650602e-05,0.3158860731947154,148.85137290399476,11.401632973032745,169.71487213833797,0.00016255179909477848,3805266.9213701375,0.3751274235631854,-1.3185152668410183,1.5002558492751632,Standard
84.49111652721679,85.59851553260842,159723.68012871977,1.4407237732981644e-05,0.31154905811605177,147.05265163626876,11.420630311772603,167.94339707037082,0.00016453971096004954,3662884.211551567,0.37513023542919655,-1.3196351067167598,1.500261488130377,Standard
85.27329609651794,86.39094688828291,159172.4975436603,1.4559471280347447e-05,0.3072715726364556,145.27416554956437,11.439541141182485,166.1869793555197,0.0001665536453803619,3525756.4228741867,0.3751331218318228,-1.3207457260680258,1.50026729812123,Standard
86.06271672149192,87.19071420591362,158623.2127370803,1.471361411344849e-05,0.3030527994539607,143.5157183567987,11.458365878961905,164.4455610314249,0.00016859394829316207,3393692.93985737,0.37513606735922167,-1.3218472762500824,1.5002732146613198,Standard
86.85944543647372,87.99788539843392,158075.8191195034,1.4869690336898395e-05,0.2988919327483482,141.77711492578865,11.477104937116966,162.71908256849684,0.00017066097042961695,3266509.905010838,0.37513907648133227,-1.3229398304491724,1.5002792526383928,Standard
87.663549896371,88.81252900748345,157530.310079648,1.5027724345125493e-05,0.2947881774311723,140.05816141316495,11.495758731804582,161.00748320258865,0.0001727550670884102,3144029.994802839,0.3751421579910357,-1.3240234417266947,1.50028544416341,Standard
88.4750983824094,89.63471420922885,156986.67904960312,1.5187740870615105e-05,0.290740749494431,138.3586651752929,11.514327675505717,159.31070075739044,0.00017487659842851258,3026082.1874100543,0.375145308704532,-1.325098218403582,1.5002917733605727,Standard
89.29415980793028,90.46451082023736,156444.91947467576,1.5349764972133257e-05,0.2867488756318789,136.67843480160252,11.532812178908344,157.62867174740518,0.0001770259294796166,2912501.546830865,0.3751485306493123,-1.3261642383018852,1.5002982451321714,Standard
90.12080372424276,91.30198930340566,155905.02482812852,1.551382204138923e-05,0.2828117932020328,135.01728013777952,11.551212652137679,155.96133145847358,0.0001792034301701343,2803129.0133665795,0.3751518258145552,-1.3272215781557861,1.5003048641498253,Standard
90.95510032652993,92.14722077394347,155366.98859652993,1.567993780484709e-05,0.2789287499754241,133.37501227894296,11.569529503536435,154.30861395957646,0.00018140947543048716,2697811.199167348,0.3751551941801381,-1.328270331495787,1.5003116269708698,Standard
91.79712045980905,93.00027700541183,154830.8043000107,1.5848138338076706e-05,0.27509900413848104,131.7514435696643,11.587763138991408,152.67045213054624,0.0001836444452823894,2596400.191136013,0.3751586389411159,-1.3293105610089242,1.5003185429377481,Standard
92.64693562494787,93.86123043581831,154296.46546275806,1.6018450047793152e-05,0.2713218239402859,130.1463876548754,11.605913965791517,151.0467778081035,0.0001859087247852742,2498753.3634216255,0.3751621672895453,-1.3303423289208922,1.5003256373029217,Standard
93.504617984736,94.73015417376797,153763.96563107445,1.6190899694001766e-05,0.26759648768539107,128.55965944081635,11.623982388724642,149.43752172404868,0.00018820270422704945,2404733.1908513373,0.3751657725406403,-1.33136573743991,1.5003328797196218,Standard
94.37024037001258,95.60712200467125,153233.29839475034,1.6365514405178725e-05,0.2639222837433533,126.99107509659484,11.641968809610333,147.84261353734408,0.00019052677921133136,2314207.0711774286,0.3751694571395774,-1.332380866820813,1.5003402762823725,Standard
95.24387628585096,96.49220839700989,152704.45733956606,1.6542321655526858e-05,0.26029851008139604,125.44045208978172,11.659873630006754,146.26198194577717,0.00019288135064167357,2227047.1551517886,0.37517322888584204,-1.3333877625624382,1.5003478544227846,Standard
96.12559991780043,97.38548850866023,152177.4360795547,1.6721349280292702e-05,0.25672447435745493,123.90760920020078,11.677697252138667,144.69555474762566,0.00019526682476054186,2143130.181005476,0.37517708428561036,-1.3343865123124488,1.5003555963018016,Standard
97.01548613818551,98.2870381932753,151652.22825662096,1.6902625496333567e-05,0.2531994937833028,122.39236646475305,11.695440073354188,143.14325874245242,0.0001976836134059325,2062337.3109871852,0.37518102790056673,-1.3353771855022387,1.5003635162180444,Standard
97.91361051246412,99.19693400672614,151128.82751813708,1.7086178875871826e-05,0.24972289484403976,120.89454526034447,11.713102493537276,141.60501995439958,0.00020013213383832375,1984553.980610092,0.3725241047405916,-1.347003661552776,1.4897256103807877,Standard
98.82004930564419,100.11525321360261,150614.61368064818,1.72788167302457e-05,0.2463423421798085,119.40225642317843,11.729534393174513,140.05328733383138,0.00020265255836797452,1909107.9140114724,0.3724525624772923,-1.3482810528330447,1.4894311148699444,Standard
99.73487948875942,101.04207379377405,150094.99198721987,1.7467280463730447e-05,0.24296121520666666,117.93856215159795,11.74700271913419,138.54246102855979,0.00020516745446804428,1837022.1458440018,0.3751154977053375,-1.3386130482632552,1.5000765808815686,Standard
100.65817874540606,101.97747444901164,149576.95470059902,1.7657923394799985e-05,0.23962517902440258,116.49208300125834,11.764423580754729,137.04622082312406,0.00020771427893699263,1767641.0978684223,0.37519533802571914,-1.3392699896204476,1.5003874066070466,Standard
101.59002547833879,102.92153460967076,149060.69360410867,1.7850957208229157e-05,0.2363348934064167,115.06233132393675,11.781766537884826,135.56375249633751,0.00021029453653248638,1700850.7647785167,0.37520191029614125,-1.340212649707155,1.500404904055813,Standard
102.53049881612854,103.87433444143613,148546.2080981605,1.8046417682068223e-05,0.23308976633021364,113.64912616335738,11.799031099743253,134.09495740600985,0.00021290870434953095,1636555.404044458,0.3752064858790618,-1.3411560159981946,1.500414212414853,Standard
103.47967861988228,104.8359548521296,148033.49211434193,1.8244335895397397e-05,0.22988917881553728,112.25229650951306,11.816217632812775,132.63975653394363,0.0002155572355444968,1574663.1225955344,0.3752111032530365,-1.34209201062788,1.5004234826543552,Standard
104.43764549002363,105.80647749857971,147522.53945788305,1.844474319812626e-05,0.2267325194543746,110.8716728938815,11.833326525173822,131.19807077455636,0.00021824058856323498,1515085.361075636,0.3752158212352015,-1.343020467396741,1.5004329453403216,Standard
105.40448077313762,106.78598479355607,147013.34394355796,1.864767134193662e-05,0.22361918516912468,109.50708718379302,11.850358165821994,129.76982048238426,0.00022095922794921228,1457736.7669072468,0.375220649384687,-1.3439414177501021,1.5004426338512076,Standard
106.38026656887855,107.77455991276784,146505.89939585255,1.8853152487622678e-05,0.22054858110220146,108.15837257402791,11.867312943868587,128.35492548355228,0.00022371362445238485,1402535.0804369298,0.3752255886601006,-1.3448549222069914,1.5004525470466206,Standard
107.3650857369409,108.77228680192594,146000.19967220872,1.9061219229937138e-05,0.21752012064456389,106.82536356401516,11.884191246103033,126.95330505292429,0.0002265042552034595,1349401.0244981053,0.37523063923094924,-1.345761050682313,1.5004626805066437,Standard
108.35902190409577,109.7792501838718,145496.23864184867,1.9271904588246688e-05,0.21453322519507492,105.50789596998278,11.900993458326841,125.5648779740594,0.0002293316037499935,1298258.199176164,0.3752358062690746,-1.3466598527407996,1.5004730497091714,Standard
109.36215947129234,110.7955355657718,144994.01019334272,1.9485242013207262e-05,0.2115873240970165,104.20580693126556,11.917719966169612,124.18956258555593,0.00023219616011049317,1249032.9799365655,0.3752410912020423,-1.3475513863337483,1.5004836550323262,Standard
110.3745836208248,111.82122924637815,144493.50823710035,1.970126539959346e-05,0.20868185454397192,102.9189348931134,11.93437115328255,122.82727677149376,0.00023509842093086126,1201654.4184198743,0.3752464978556418,-1.3484357038862527,1.5004945063171817,Standard
111.39638032356473,112.85641832335618,143994.72669641953,1.992000907949216e-05,0.20581626142083093,101.64711962582432,11.950947403683122,121.4779380384113,0.0002380388894813101,1156054.1479791582,0.3752520273301343,-1.349312860722307,1.5005056023819634,Standard
112.42763634626294,113.90119070068171,143497.65952360904,2.0141507845876215e-05,0.20298999729134803,100.39020219931389,11.967449099019479,120.14146348605625,0.00024101807585292912,1112166.2909236676,0.3752576816053761,-1.3501829139034953,1.5005169454269662,Standard
113.46843925891643,114.95563509610469,143002.3006814822,2.036579694011879e-05,0.2002025221874516,99.14802500247208,11.983876621047974,118.81776988502052,0.0002440364969503675,1069927.3705289473,0.37526346729850957,-1.3510459053028399,1.5005285560743005,Standard
114.51887744220437,116.0198410486826,142508.64414953365,2.0592912063959248e-05,0.1974533035432936,97.92043173320745,12.000230350761276,117.50677368444836,0.00024709467661701844,1029276.2250945203,0.37526938633368445,-1.3519018865856651,1.500540436030633,Standard
115.57904009499327,117.09389892638397,142016.68393019526,2.0822889389975724e-05,0.194741816128918,96.70726739369631,12.016510668118494,116.20839103209396,0.0002501931457386697,990153.9251828471,0.3752754401798484,-1.3527509081892504,1.5005525850481263,Standard
116.64901724191174,118.17789993376246,141526.41404369503,2.105576556359079e-05,0.1920675419212771,95.5083782904204,12.032717952385996,114.92253780584144,0.0002533324423234063,952503.6938935266,0.37528163274089366,-1.3535930188575094,1.5005650124694512,Standard
117.72889974099431,119.27193611970084,141037.82852674607,2.1291577709113037e-05,0.18942996999894032,94.3236120293759,12.048852581919906,113.64912963361573,0.00025651311160557346,916270.8297677182,0.37528796690969557,-1.354428271969823,1.5005777234499647,Standard
118.818779291397,120.37610038522767,140550.9214364688,2.1530363439548946e-05,0.18682859646638847,93.1528175101022,12.064914933806174,112.38808191037532,0.00025973570615773665,881402.632358497,0.37529444620292907,-1.3552567043484487,1.5005907254914064,Standard
119.91874844118452,121.49048649140663,140065.68684482618,2.1772160851877412e-05,0.1842629243283641,91.99584493874356,12.080905385998644,111.1393098609963,0.00026300078589620114,847848.3309397814,0.3753010743023424,-1.3560783630044853,1.5006040265997171,Standard
121.02890059518816,122.61518906729731,139582.11884372617,2.201700854828686e-05,0.18173246342294372,90.8525457984917,12.096824313989751,109.9027285003062,0.0002663089183222941,815559.0145081293,0.3753078550068949,-1.3568932936930196,1.5006176350929081,Standard
122.14933002293799,123.7503036179914,139100.2115396222,2.2264945626965518e-05,0.17923673030002316,89.72277287187238,12.112672094224603,108.67825271815808,0.0002696606784744507,784487.5656846847,0.3753147912254917,-1.3577015367266085,1.5006315555708625,Standard
123.28013186666784,124.89592653272271,138619.9590611582,2.2516011703744872e-05,0.17677524816939155,88.60638021481891,12.128449101231979,107.46579724798394,0.0002730566491543924,754588.5956205396,0.3753218874246613,-1.3585031319477139,1.5006457986970645,Standard
124.421402149394,126.05215509305154,138141.355547538,2.277024690064595e-05,0.17434754675023692,87.5032231736857,12.144155710495742,106.26527673914985,0.0002764974209018264,725818.3823275383,0.3753291449953622,-1.3592981311296626,1.500660362659687,Standard
125.57323778306922,127.21908748112574,137664.3951679361,2.3027691881011747e-05,0.17195316228070326,86.41315834963567,12.159792294189396,105.07660570164677,0.0002799835922903909,698134.8098380145,0.37533656889320355,-1.3600865688569002,1.5006752597415698,Standard
126.73573657681256,128.3968227880183,137189.0720930233,2.328838781450043e-05,0.16959163728570797,85.33604363830285,12.17535922731382,103.89969863340654,0.00028351576975363765,671497.3113774899,0.3753441651133471,-1.3608684753046418,1.50069050620516,Standard
127.9089972452142,129.58546102214112,136715.380520765,2.3552376422226018e-05,0.16726252062047187,84.27173818387115,12.190856881998236,102.73446993967991,0.0002870945679507121,645866.8124446273,0.37535193550900203,-1.3616438962766324,1.5007061015611498,Standard
129.09311941671814,130.78510311773746,136243.3146611913,2.3819699958660437e-05,0.16496536730847508,83.220102401775,12.206285631403306,101.5808340190698,0.00029072060969396075,621205.6775549217,0.3753598843400141,-1.3624128684074321,1.5007220547635143,Standard
130.2882036420827,131.99585094345346,135772.8687454559,2.4090401235983452e-05,0.162699738501698,82.1809979530538,12.221645846789418,100.43870523179497,0.00029439452619476,597477.6577352134,0.3753680157051349,-1.3631754261276683,1.5007383739346096,Standard
131.49435140291814,133.21780731098752,135304.03701721298,2.4364523612870604e-05,0.16046520135533585,81.15428776045206,12.236937900651581,99.30799796962604,0.00029811695702464054,574647.8408182467,0.37537633455303876,-1.3639316001399493,1.5007550704027608,Standard
132.71166512030445,134.45107598382108,134836.81373909695,2.464211101686015e-05,0.15826132897715708,80.13983598404776,12.252162163953876,98.18862662692192,0.00030188855035830986,552682.6026044847,0.37538484340984724,-1.3646814387178665,1.5007721456020136,Standard
133.94024816348858,135.69576168603004,134371.19319229605,2.492320794852162e-05,0.1560877003439314,79.13750802087816,12.267319006868005,97.08050563006879,0.0003057099630526089,531549.5602879979,0.37539354948478376,-1.3654249572075514,1.5007896195080548,Standard
135.1802048586623,136.9519701111773,133907.16966534656,2.5207859468398138e-05,0.15394390016949394,78.14717051797577,12.282408801704085,95.98354949982556,0.0003095818606139981,511217.52778529754,0.3754024559837035,-1.3661621940941586,1.5008074958656152,Standard
136.43164049782,138.219807931287,133444.73747527416,2.5496111242619965e-05,0.15182951892438715,77.16869133027669,12.297431917321061,94.89767277828417,0.00031350491759183757,491656.47155315196,0.3754115668036775,-1.3668931826891821,1.5008257809755605,Standard
137.69466134770133,139.49938280590413,132983.89094478372,2.5788009508216417e-05,0.14974415265245927,76.20193955390894,12.312388725261323,93.82279014065932,0.00031747981738783365,472837.4694667861,0.3754208887535242,-1.3676179434185087,1.5008444925729236,Standard
138.9693746588142,140.79080339123595,132524.624417862,2.6083601111616687e-05,0.14768740296629423,75.24678548991369,12.327279595027242,92.7588163361205,0.0003215072526119293,454732.6698107022,0.3754304240851525,-1.3683365198501178,1.5008636299303362,Standard
140.25588867454107,142.09417934937755,132066.93225542794,2.6382933504564904e-05,0.14565887695120136,74.30310065113852,12.342104896142596,91.70566623449928,0.0003255879250983588,437315.2525616814,0.3754401791683222,-1.369048931475504,1.5008832085794666,Standard
141.5543126403323,143.40962135762572,131610.80882958576,2.6686054744369934e-05,0.14365818706535627,73.37075775945631,12.356864998778779,90.66325484917022,0.0003297225459925259,420559.3918578037,0.37545015890566447,-1.3697552051652337,1.5009032379419978,Standard
142.8647568129818,144.73724111787615,131156.24853298534,2.6993013515394045e-05,0.14168495110780807,72.44963073012367,12.371560272251871,89.63149732801165,0.00033391183595200363,404440.21958540933,0.37546036956530315,-1.3704553622825415,1.500923732667161,Standard
144.1873324699895,146.07715136610867,130703.24576622508,2.7303859117504933e-05,0.13973879209099518,71.53959467756508,12.386191087116531,88.61030899711858,0.00033815652515819925,388933.7906365013,0.375470816055099,-1.3711494302299343,1.500944701719277,Standard
145.52215191901078,147.4294658819604,130251.79495374442,2.761864149919109e-05,0.13781933823823736,70.64052589206409,12.400757812344112,87.59960533241103,0.00034245735359325944,374017.0489227178,0.37548150248403545,-1.3718374384942535,1.5009661506124985,Standard
146.86932850739367,148.79429949838814,129801.89052991684,2.793741124290806e-05,0.13592622285309006,69.75230184788786,12.415260817869896,86.59930200883161,0.0003468150710292187,359667.79512573703,0.3754924354117293,-1.3725194042636986,1.5009880944140832,Standard
148.2289766318029,150.1717681114184,129353.52694705094,2.826021958487171e-05,0.13405908428416993,68.87480118947352,12.42970047341127,85.6093148950906,0.00035123043721978816,345864.6552450001,0.37550362083629807,-1.3731953469687141,1.5010105456856309,Standard
149.60121174793443,151.5619886899894,128906.69866883174,2.8587118413433992e-05,0.13221756582906466,68.00790372944496,12.444077149361801,84.62956007755832,0.0003557042219795935,332587.0504610881,0.37551506413421976,-1.373865292552523,1.5010335142300164,Standard
150.98615038032005,152.96507928588395,128461.40017838792,2.8918160291891166e-05,0.1304013157002637,67.15149043230599,12.458391215115055,83.65995384837237,0.00036023720541014035,319815.1678682468,0.3755267719056974,-1.3745292569323055,1.5010570144734174,Standard
152.38391013222108,154.38115904375312,128017.62596739917,2.9253398444211065e-05,0.1286099869137045,66.30544342258773,12.472643041857786,82.7004127542034,0.00036483017787260544,307529.93261595175,0.375538750209671,-1.3751872572080401,1.5010810584020646,Standard
153.79460969561535,155.81034821123382,127575.37054829905,2.9592886787885288e-05,0.12684323727286725,65.46964596151903,12.486832999606943,81.75085356648792,0.00036948394029168364,295712.9806005354,0.3755510045283472,-1.3758393138090241,1.5011056553989874,Standard
155.21836886127645,157.25276814916037,127134.62844352757,2.993667992071229e-05,0.1251007292603136,64.64398245346666,12.500961459761239,80.81119332562685,0.0003741993041429572,284346.63256061956,0.37556354206651577,-1.3764854414615684,1.5011308214556038,Standard
156.65530852894483,158.70854134186888,126695.39419224406,3.0284833144415572e-05,0.12338213000081631,63.828338428366465,12.5150287931715,79.88134932513013,0.00037897709170284114,273413.8687757102,0.37557636914721115,-1.3771256572797483,1.5011565687287884,Standard
158.1055507175947,160.1777914075986,126257.66234579361,3.063740246119047e-05,0.1216871111803039,63.02260054282624,12.529035371767382,78.96123914218362,0.0003838181360903294,262898.3049279844,0.37558949277570264,-1.3777599701979852,1.501182911805472,Standard
159.56921857579584,161.66064310898963,125821.42747070124,3.0994444588451396e-05,0.12001534899549338,62.226656568892594,12.542981567843913,78.05078063721731,0.00038872328144862406,252784.16867253568,0.37560291976728877,-1.3783883962503296,1.5012098641904004,Standard
161.04643639216997,163.15722236367628,125386.68414621711,3.135601696580147e-05,0.11836652408305365,61.44039538592682,12.55686775392897,77.14989196101907,0.0003936933830950267,243056.27709746646,0.3756166573698465,-1.379010946195308,1.5012374408044025,Standard
162.53732960594505,164.66765625497985,124953.42696584281,3.172217776169118e-05,0.11674032146504174,60.66370697658695,12.57069430349758,76.25849157196281,0.0003987293076194102,233700.01504795146,0.3756307115851314,-1.3796276354922838,1.5012656512501508,Standard
164.0420248176078,166.19207304270057,124521.65053876315,3.209298589019791e-05,0.11513643049445905,59.89648241297168,12.584461589685791,75.37649822833326,0.0004038319331096554,224701.31411961303,0.3756450913442677,-1.3802384696741683,1.5012945165186693,Standard
165.56064979965313,167.730602174008,124091.3494817613,3.2468500999424504e-05,0.11355454476640545,59.13861386060514,12.59816998770164,74.50383102529518,0.00040900214914448745,216046.6326175251,0.37565980366014173,-1.3808434551602886,1.501324049578784,Standard
167.0933335074343,169.2833742944335,123662.51843180673,3.284878350621711e-05,0.11199436210681278,58.389994558536316,12.61181987228621,73.6404093716032,0.00041424085710235563,207722.9359716764,0.37567485644103726,-1.3814426017288497,1.5013542666316653,Standard
168.6402060901138,170.85052125896442,123235.1520315511,3.323389457919988e-05,0.11045558446190677,57.650518821717974,12.625411619841794,72.78615302216261,0.00041954897017340657,199717.6781112531,0.37569025740913276,-1.3820359160273483,1.501385182773106,Standard
170.20139890171495,172.4321761432408,122809.24494431596,3.362389617296413e-05,0.10893791789639024,56.9200820249049,12.638945606641148,71.94098206383255,0.00042492741362693557,192018.78331569614,0.3757060142976343,-1.382623402943068,1.5014168127754601,Standard
171.77704451227459,174.02847325485405,122384.79183923478,3.4018851010977215e-05,0.10744107248418593,56.19858060394345,12.65242221080275,71.10481694489229,0.0004303771248327492,184614.62890765045,0.3757221367247894,-1.3832050631604034,1.5014491785786959,Standard
173.36727671910248,175.63954814475403,121961.7874019201,3.4418822614199694e-05,0.10596476229195427,55.48591204105324,12.665841810782467,70.27757846389706,0.00043589905351476034,177494.02841115755,0.37573863161605914,-1.383780905062281,1.501482290957938,Standard
174.97223055814192,177.26553761875846,121540.22633003772,3.482387530254774e-05,0.10450870530906797,54.78197485973348,12.679204785965206,69.45918778261586,0.00044149416186729107,170646.21542152404,0.375755508463385,-1.3843509263126634,1.5015161705654236,Standard
176.5920423154352,178.9065797491688,121120.10333205388,3.523407419923616e-05,0.10307262339007436,54.08666861964337,12.69251151730282,68.64956643873644,0.0004471634246670929,164060.82805972235,0.37577277611285353,-1.3849151271672326,1.5015508350700202,Standard
178.22684953869867,180.56281388649685,120701.41313007774,3.564948524866101e-05,0.10165624221194719,53.39989390454467,12.705762386355504,67.84863634077382,0.0004529078294978275,157727.8939294331,0.3757904437452453,-1.3854735070483457,1.5015863030608898,Standard
179.87679104900153,182.23438067129675,120284.15045642377,3.607017521614963e-05,0.10025929121047632,52.721552318864454,12.718957776330694,67.05631978462466,0.00045872837683701704,151637.81570228608,0.37580852020880684,-1.3860260647976475,1.5016225913769858,Standard
181.54200695255358,183.9214220461072,119868.3100579159,3.6496211708125346e-05,0.09888150354363777,52.05154647560733,12.732098071093574,66.27253944795177,0.00046462608028762393,145781.35715235013,0.3758270157026118,-1.386572795388247,1.5016597218318566,Standard
183.22263865260297,185.62408126750512,119453.88668875235,3.692766316504082e-05,0.09752261601736886,51.38977999435794,12.745183656594802,65.49721841000934,0.00047060196663799747,140149.62978817953,0.3758459399448384,-1.3871136937198116,1.501697713871181,Standard
184.9188288614441,187.34250291827095,119040.87511884964,3.736459888929656e-05,0.09618236906353908,50.73615748742375,12.758214919434947,64.73028014108507,0.00047665707613021136,134734.07987357603,0.3758653016000153,-1.3876487592402782,1.5017365822707234,Standard
186.6307216125351,189.07683291966487,118629.2701279886,3.780708904287076e-05,0.09486050667144552,50.090584555578474,12.771192247751681,63.97164851615538,0.00048279246256210023,129526.47600398348,0.3758851126145828,-1.3881779770952107,1.50177635448415,Standard
188.35846227272896,190.82721854381842,118219.06650461013,3.825520465070735e-05,0.09355677633586595,49.4529677831047,12.78411603199915,63.22124782659262,0.0004890091933947463,124518.89712928893,0.37590538310496413,-1.3887013407495488,1.5018170501601844,Standard
190.10219755461813,192.59380842624077,117810.25905122783,3.870901762787305e-05,0.09227092902674541,48.8232147228779,12.796986663177961,62.479002766214236,0.0004953083500548935,119703.7209399081,0.37592612317314433,-1.3892188424549659,1.5018586884126535,Standard
191.86207552899177,194.37675257843918,117402.84257922428,3.91686007715004e-05,0.09100271912549318,48.20123389584746,12.809804534736566,61.744838453892456,0.0005016910279612461,115073.61278853967,0.37594734393246654,-1.3897304691581667,1.5019012919032093,Standard
193.63824563740954,196.17620240065781,116996.8119120211,3.963402778253835e-05,0.0897519043886545,47.58693477809274,12.822570041281628,61.01868042419948,0.0005081583367951011,110621.5149255233,0.37596905611201237,-1.3902362121093574,1.50194488125112,Standard
195.43085870489242,197.99231069473464,116592.16188293732,4.0105373268286075e-05,0.08851824589543122,46.98022779585026,12.83528357935048,60.300454638222185,0.000514711400614603,106340.63618827632,0.3759912725324739,-1.3907360502796564,1.5019894849324373,Standard
197.24006695272897,199.8252316770757,116188.88733302416,4.058271274506624e-05,0.08730150799614987,46.381024319947855,12.847945548079096,59.59008749268224,0.0005213513579749955,102224.44206347544,0.3760140040467377,-1.391229971427606,1.5020351230137976,Standard
199.06602401140162,201.67512099175082,115786.98311767475,4.1066122668106687e-05,0.08610145828786249,45.78923665158135,12.86055634748713,58.88750580660849,0.0005280793622425313,98266.64505735353,0.3760372619545933,-1.3917179625983636,1.5020818168075039,Standard
200.9088849336334,203.5421357237112,115386.44409926288,4.15556804202888e-05,0.08491786754813323,45.2047780209392,12.873116380269055,58.192636840777894,0.0005348965816288058,94461.19550616821,0.37606105989686966,-1.3921999992426208,1.5021295964487535,Standard
202.76880620755284,205.42643441212698,114987.26514970628,4.205146432827486e-05,0.0837505096997145,44.627562577647836,12.88562605136804,57.505408295959654,0.0005418041994029346,90802.27267029064,0.37608540984945193,-1.392676064545185,1.5021784848341895,Standard
204.64594576998286,207.32817706385038,114589.4411517038,4.255355367771521e-05,0.08259916177149748,44.05750538113643,12.89808576748032,56.82574831071234,0.0005488034141139467,87284.27615752832,0.3761103243303978,-1.3931461384969452,1.5022285064562766,Standard
206.540463019853,209.24752516700354,114192.96699656632,4.306202871467043e-05,0.08146360385006875,43.49452239576995,12.9104959379239,56.153585471252796,0.0005558954397005268,83901.81769179036,0.37613581678749597,-1.3936101954643618,1.502279688936369,Standard
208.45251883173356,211.18464170469005,113797.83758465432,4.357697065768347e-05,0.08034361903958905,42.93853048220006,12.922856974432769,55.4888488113793,0.0005630815056909431,80649.71316221808,0.37616190100970925,-1.3940682110599028,1.5023320606535435,Standard
210.38227556949678,213.13969116883547,113404.04782448415,4.4098461706222297e-05,0.07923899341841714,42.38944738966465,12.935169291212132,54.83146781462425,0.000570362857383017,77522.97497186401,0.37618859022427387,-1.3945201620847456,1.5023856471174213,Standard
212.32989710010503,215.1128395741558,113011.59263505133,4.4626585055886823e-05,0.07814951600533332,41.84719174748286,12.94743330473809,54.181372414112055,0.0005777407560483629,74516.80466486473,0.37621589876289363,-1.3949660190793338,1.502440477629193,Standard
214.29554880752505,217.10425447225447,112620.46694146193,4.5161424895394744e-05,0.07707497870755765,41.311683060289056,12.959649434701749,53.538493001885286,0.0005852164790363648,71626.58584626044,0.376243840859388,-1.395405753746786,1.5024965804459498,Standard
216.27939760677035,219.1141049658486,112230.66567976605,4.570306643186136e-05,0.07601517629500437,40.78284169667804,12.971818102924898,52.90276042096886,0.0005927913200592677,68847.87732860404,0.37627243128201826,-1.3958393361969001,1.502553985306463,Standard
218.2816119580776,221.14256172313122,111842.1837913041,4.625159588318882e-05,0.07496990634607785,40.26058888549085,12.983939734634967,52.27410597701275,0.0006004665892678805,66176.4065723469,0.37630168550322196,-1.3962667311121777,1.5026127240864753,Standard
220.30236188121003,223.1897969922621,111455.0162271819,4.680710049979606e-05,0.07393896922183829,39.744846705996586,12.996014757838479,51.652461433915974,0.0006082436134986599,63608.06333757793,0.3763316182894414,-1.3966879080722947,1.5026728251430086,Standard
222.34181896989426,225.25598461599404,111069.15794555914,4.7369668570240816e-05,0.0729221680210358,39.23553808029892,13.008043603364008,51.03775901499774,0.0006161237364632539,61138.893582857854,0.3763622459957787,-1.3971028281005147,1.5027343224896867,Standard
224.40015640639243,227.34130004643555,110684.60391138495,4.793938942376801e-05,0.07191930854244062,38.732586768572006,13.020026705845703,50.42993141132935,0.0006241083188493705,58765.09360326214,0.37639358452258875,-1.3975114546169607,1.5027972475888873,Standard
226.47754897620814,229.44592035994998,110301.34909791585,4.851635345230082e-05,0.07093019925231586,38.23591735749408,13.031964502455729,49.82891177216937,0.0006321987386350214,56483.00435431725,0.3764256502071248,-1.3979137508360964,1.5028616329149145,Standard
228.57417308292756,231.5700242721909,109919.38848462209,4.910065210756481e-05,0.06995465124289892,37.745455256459955,13.043857434201001,49.23463371542764,0.0006403963911614238,54289.106022534565,0.37645846033137786,-1.3983096725646647,1.502927513968075,Standard
230.69020676319937,233.7137921532784,109538.71705768807,4.969237791494017e-05,0.06899247819825077,37.261126688672825,13.055705945519676,48.647031324606765,0.0006487026893675125,52180.012774217284,0.37649203202852277,-1.3986991771614612,1.5029949248805679,Standard
232.82582970185376,235.87740604311634,109159.32981015684,5.029162448213835e-05,0.0680434963595961,36.782858684151265,13.067510484505737,48.06603915052396,0.0006571190639657533,50152.467708130134,0.3765263827280023,-1.3990822214516356,1.5030639001741974,Standard
234.98122324715894,238.06104966684876,108781.22174153166,5.089848650976005e-05,0.06710752448976672,36.31057907168201,13.079271502754725,47.49159221007725,0.0006656469636565212,48203.3379915385,0.37656153075340626,-1.3994587577046786,1.5031344771450676,Standard
237.15657042622132,240.2649084504619,108404.38785672943,5.151305979385111e-05,0.06618438383656652,35.84421647322705,13.090989456074476,46.92362599122664,0.0006742878552561202,46329.61018714817,0.37659749477575133,-1.3998287366329123,1.5032066936585124,Standard
239.3520559605281,242.48916953653048,108028.82316679842,5.213544124109696e-05,0.06527389810102434,35.383700294912266,13.102664803970885,46.36207644884013,0.0006830432239488488,44528.385740353886,0.376634293413872,-1.4001921093248484,1.5032805865181444,Standard
241.56786628163152,244.73402180010766,107654.52268868533,5.2765728874567134e-05,0.0643758934036901,34.928960720831455,13.114298010126747,45.806880007699526,0.0006919145734396151,42796.876645808334,0.376671945970088,-1.400548822470114,1.5033561944050007,Standard
243.80418954698087,246.99965586476435,107281.48144448575,5.340402184154735e-05,0.06349019825018312,34.47992870570242,13.125889542464243,45.2579735623092,0.000700903426148947,41132.4012709661,0.37671047252979406,-1.4008988207426682,1.5034335582540734,Standard
246.06121565590033,249.2862641187766,106909.69446103465,5.4050420420819536e-05,0.06261664349807468,34.036535967903944,13.137439873338302,44.71529447750545,0.0007100113233948276,39532.38033681525,0.37674989337494935,-1.4012420477461092,1.503512718883485,Standard
248.3391362657134,251.59404073146135,106539.15677033883,5.470502603352883e-05,0.06175506232620679,33.598714981902205,13.148949479485388,44.17878058726608,0.0007192398256012,37994.333046465435,0.3767902289403082,-1.4015784453272317,1.5035937167997417,Standard
250.638144808018,253.9231816696648,106169.86340926029,5.536794124982564e-05,0.06090529020263966,33.16639897157343,13.16041884230124,43.64837019567754,0.0007285905124718438,36515.873361453065,0.3768315004191436,-1.4019079525453435,1.5036765946093738,Standard
252.95843650511299,256.2738847144043,105801.8094187601,5.603926979608622e-05,0.06006716485205827,32.73952190301993,13.17184844791544,43.124002076378666,0.0007380649831861707,35094.70641537495,0.3768737297059488,-1.4022305058717848,1.503761396759046,Standard
255.3002083865739,258.64634947766126,105434.98984372482,5.671911656162525e-05,0.05924052622499718,32.31801847787212,13.183238787446586,42.60561547308992,0.0007476648565752149,33728.625063163825,0.3769169388589262,-1.4025460396554763,1.5038481673730075,Standard
257.6636593059847,261.0407774193322,105069.39973326861,5.7407587608298134e-05,0.05842521646854742,31.90182412602727,13.194590357021879,42.09315009846874,0.0007573917713238379,32415.506557589793,0.3769611505969124,-1.4028544863273282,1.5039369522124844,Standard
260.04898995782406,263.45737186433644,104705.03413960863,5.810479017508944e-05,0.05762107989426778,31.49087499894946,13.205903658008653,41.58654613425199,0.0007672473861493323,31153.309351906253,0.37700638793410235,-1.4031557771097596,1.5040277971929754,Standard
262.4564028945075,265.8963380198815,104341.88811908367,5.881083268977939e-05,0.05682796295131172,31.085107962285146,13.217179196948813,41.085744229402316,0.0007772333800141607,29940.07002014242,0.37705267469709725,-1.4034498390778936,1.504120750435618,Standard
264.886102543585,268.35788299288635,103979.95673005281,5.9525824767758874e-05,0.05604571419305583,30.684460590073964,13.228417486149123,40.59068550227881,0.0007873514522622586,28773.900297420172,0.3771000351902103,-1.4037365968653148,1.5042158609080616,Standard
267.3382952251038,270.8422158075713,103619.23503456537,6.024987722662511e-05,0.055274184252448885,30.28887115693435,13.239619043409842,40.10131153727352,0.000797603322855136,27652.984225278953,0.37714849409496765,-1.4040159741342677,1.504313177985182,Standard
269.8131891691263,273.34954742320605,103259.71809648351,6.098310208654468e-05,0.054513225810001155,29.898278631908433,13.250784392437412,39.617564385643725,0.0008079907325278076,26575.575408807985,0.37719807706378106,-1.404287890635942,1.5044127538187695,Standard
272.31099453341085,275.8800907520218,102901.40098201552,6.172561257869848e-05,0.05376269356743037,29.51262267156876,13.261914062932437,39.13938656420964,0.000818515442982077,25539.994374556907,0.37724880952055173,-1.4045522658316258,1.5045146384967438,Standard
274.8319234212601,278.4340606772938,102544.27876015122,6.24775231545638e-05,0.053022444221393385,29.13184361291757,13.273008590561892,38.66672105331605,0.000829179237094311,24544.62602714403,0.3773007182096535,-1.404809014307034,1.504618886233402,Standard
277.3761898995308,281.0116740715871,102188.34650025955,6.323894948173376e-05,0.05229233643169287,28.755882467822286,13.284068517608919,38.19951129868603,0.0008399839190384989,23587.91720528064,0.37735383049323445,-1.40505804764382,1.504725552525997,Standard
279.9440100168107,283.6131498151716,101833.59927387776,6.401000845794087e-05,0.051572230798647554,28.384680915466287,13.295094392717989,37.73770120783052,0.0008509313145198318,22668.37432453324,0.37740817367091495,-1.4052992776330484,1.504834691397832,Standard
282.53560182176494,286.23870881460914,101480.03215361679,6.479081821317417e-05,0.05086198983478314,28.018181295991088,13.306086771153012,37.28123514943538,0.0008620232709446987,21784.561111751726,0.3774637764133786,-1.4055326103972448,1.5049463611296687,Standard
285.15118538165336,288.88857402151314,101127.64021225383,6.558149810968643e-05,0.050161477937366875,27.656326604589747,13.31704621526356,36.83005795377448,0.0008732616575614881,20935.096425659838,0.3775206676598373,-1.4057579507972378,1.505060619802066,Standard
287.7909828010152,291.56297045147863,100776.41852373749,6.638216875382611e-05,0.04947056136515416,27.29906048405727,13.327973294204526,36.38411490883894,0.0008846483656964113,20118.65215586198,0.3775788768224402,-1.4059752017003575,1.5051775260940303,Standard
290.4552182405307,294.26212520319064,100426.36216191045,6.719295199358726e-05,0.048789108210886584,26.94632721914847,13.338868584494083,35.943351761099734,0.000896185308879663,19333.95120509108,0.3776384343426571,-1.4061842608793995,1.50529714148945,Standard
293.14411793605643,296.9862674777095,100077.46620048983,6.801397092339024e-05,0.04811698837669461,26.598071729998356,13.349732670115065,35.507714713602304,0.0009078744230284556,18579.765545265873,0.37769937122891406,-1.4063850243161369,1.5054195283881882,Standard
295.8579102178349,299.73562859793157,99729.7257126785,6.884534988704452e-05,0.047454073549114933,26.254239565698185,13.360566142669455,35.0771504243,0.0009197176666217711,17854.91434715739,0.3777617191800573,-1.4065773847579521,1.5055447505786788,Standard
298.5968255298839,302.5104420282335,99383.13577093203,6.968721447944074e-05,0.04680023717475655,25.914776898157783,13.371369601658918,34.651606004979975,0.0009317170208559695,17158.26218114295,0.377825510488492,-1.4067612328952919,1.5056728728178541,Standard
301.36109644956616,305.3109433942977,99037.69144676463,7.053969155074372e-05,0.04615535443637836,25.57963051547554,13.382143654495868,34.23102901870199,0.0009438744898354018,16488.71728481855,0.3778907781547787,-1.406936456081894,1.5058039612623588,Standard
304.1509577073368,308.1373705031189,98693.3878103242,7.140290920506416e-05,0.04551930222885819,25.24874781618317,13.392888916943061,33.81536747940499,0.0009561921007014282,15845.22989770448,0.37795755611136883,-1.4071029371099257,1.5059380843366625,Standard
306.96664620667633,310.9899633631987,98350.219929812,7.227699680098988e-05,0.04489195913522921,24.92207680297788,13.403606013278017,33.404569849977094,0.0009686719037962546,15226.790657759257,0.37802587896749174,-1.4072605563583238,1.5060753116822525,Standard
309.80840104420923,313.868964204927,98008.18287154105,7.31620849533656e-05,0.04427320540423012,24.599566076521075,13.414295576469785,32.998585040335286,0.0009813159728226661,14632.429058584547,0.3780957820083586,-1.4074091915034614,1.5062157141157968,Standard
312.67646353000436,316.77461750114946,97667.27169938236,7.405830553256081e-05,0.043662922927040694,24.281164829324904,13.424958248380547,32.59736240557329,0.0009941264049974814,14061.211965082353,0.37816730138820276,-1.4075487163813705,1.506359364384366,Standard
315.57107720806727,319.70716998792784,97327.48147448617,7.49657916626856e-05,0.04306099521484896,23.96682283988785,13.435594680085055,32.20085174461382,0.001007105321184349,13512.242185638721,0.3782404740665015,-1.4076790012003357,1.5065063368648453,Standard
318.4924878770222,322.66687068549305,96988.80725487336,7.588467772039019e-05,0.04246730737650298,23.65649046660255,13.44620553204784,31.80900329808681,0.0010202548660436458,12984.657097882275,0.3783153375877646,-1.4077999140031352,1.50665670665785,Standard
321.44094361098166,325.65397091938854,96651.24409556582,7.68150993352225e-05,0.04188174609741831,23.35011864164544,13.456791474264042,31.421767745994824,0.0010335772081848198,12477.627326416681,0.37839193068361965,-1.4079113175313296,1.5068105519695791,Standard
324.41669478061374,328.66872434181346,96314.78704712434,7.775719337950237e-05,0.041304199616001604,23.047658865645953,13.46735318682682,31.03909620731544,0.00104707454024953,11990.355471838571,0.37847029279419075,-1.4080130716001804,1.5069679521536727,Standard
327.41999407440227,331.71138695316165,95979.43115665698,7.871109797347818e-05,0.04073455770470707,22.749063201132806,13.4778913597761,30.660940236154833,0.001060749079099975,11522.074885904814,0.37855046406298243,-1.4081050330960352,1.5071289876599394,Standard
330.45109652010433,334.7822171237604,95645.17146639177,7.96769524738657e-05,0.04017271164714025,22.454284267274467,13.488406693669024,30.287251821225194,0.0010746030658922473,11072.048495134219,0.37863248560108786,-1.4081870548794768,1.5072937410626537,Standard
333.5102595064038,337.88147561580774,95312.00301422588,8.065489747478637e-05,0.03961855421887008,22.16327523365229,13.498899899566126,29.91798338256053,0.0010886387662354489,10639.567667487647,0.378716399573932,-1.4082589851773264,1.5074622973685337,Standard
336.5977428047715,341.00942560551897,94979.92083218523,8.164507479325066e-05,0.03907197966498518,21.875989815180144,13.509371699680392,29.55308777116911,0.001102858470240688,10223.95112369552,0.37880224908849414,-1.408320668382089,1.50763474353721,Standard
339.71380859152174,344.1663327054725,94648.91994718595,8.264762747052738e-05,0.03853288368182417,21.592382265795344,13.519822827266676,29.192518265216805,0.0011172644926856043,9824.543888080314,0.37889007777994266,-1.4083719466163984,1.507811166778879,Standard
342.85872147007495,347.3524649871642,94318.99538024935,8.366269976086393e-05,0.03800116339637016,21.31240737312968,13.53025402707805,28.83622856870158,0.0011318591730828554,9440.716280589639,0.37897993055025836,-1.4084126569965747,1.5079916574831032,Standard
346.0327484934273,350.56809300377137,93990.14214598834,8.469043712286491e-05,0.03747671734640457,21.036020452844376,13.54066605559834,28.484172809070227,0.001146644875778272,9071.862946596964,0.37907185325559567,-1.4084426322459649,1.5081763079364237,Standard
349.23615918682856,353.8134898131283,93662.35525239483,8.573098620917793e-05,0.036959445461424156,20.76317734323783,13.551059681425096,28.136305535422924,0.0011616239900174078,8717.401923892661,0.3791658926185164,-1.4084617011277487,1.508365211923092,Standard
352.4692255706675,357.0889310009109,93335.62970050692,8.678449485738084e-05,0.036449249043629416,20.493834399571682,13.561435685450418,27.79258171580628,0.001176798930039185,8376.77374474281,0.37926209654619925,-1.4084696884888217,1.5085584659664164,Standard
355.7322221835712,360.3946947040396,93009.96048366989,8.785111207589529e-05,0.035946030748544994,20.2279484887448,13.571794861241786,27.452956735301026,0.0011921721351286912,8049.440572507808,0.3793605138895373,-1.4084664144481849,1.5087561683319564,Standard
359.0254261057193,363.7310616342983,92685.34258764306,8.89309880332217e-05,0.03544969456723625,19.965476983851023,13.582138015326576,27.117386393649078,0.0012077460696785455,7734.885370924366,0.3794611943748123,-1.408451695350891,1.5089584187049923,Standard
362.34911698237016,367.0983151021696,92361.77099000689,9.002427404386463e-05,0.034960145807679234,19.70637775874631,13.592465967456528,26.78582690276015,0.001223523223246207,7432.611104991021,0.379564189131429,-1.408425342492933,1.5091653202737234,Standard
365.703577047608,370.4967410408928,92039.24065939116,9.1131122549986e-05,0.03447729107613614,19.450609182918054,13.602779551054978,26.458234884895987,0.0012395061105702928,7142.139972593677,0.37966955003946623,-1.408387163181601,1.5093769770750214,Standard
369.08909114831073,373.9266280307459,91717.74655602136,9.225168711123397e-05,0.03400103826078237,19.19813011593347,13.613079613351543,26.134567369568423,0.0012556972716340942,6863.012664893718,0.37977733014940895,-1.4083369601387403,1.5095934956318615,Standard
372.50594676833515,377.38826732354806,91397.28363026353,9.338612238037559e-05,0.0335312965125487,18.948899902488623,13.623367015907021,25.81478179192873,0.0012720992716495684,6594.78765553517,0.3798875840087703,-1.4082745300327133,1.5098149862334367,Standard
375.9544340529303,380.8819528673926,91077.84682264176,9.453458408607366e-05,0.03306797622845265,18.702878367191694,13.63364263493576,25.49883599029624,0.0012887147010673834,6337.0405166140235,0.3800003667601004,-1.4081996672694004,1.510041559263641,Standard
379.43484583337676,384.40798133160934,90759.43106394022,9.56972290187339e-05,0.03261098903526111,18.46002580901782,13.64390736135795,25.186688202651602,0.0013055461756287287,6089.363260385821,0.3801157348882498,-1.4081121600936513,1.5102733281675,Standard
382.94747765184985,387.96665213195377,90442.03127398534,9.687421499899558e-05,0.03216024777145341,18.220302996849817,13.65416210161479,24.878297065952516,0.0013225963362628363,5851.363707155433,0.38023374643785246,-1.4080117903196196,1.5105104102866562,Standard
386.49262778651735,391.55826745603355,90125.6423614137,9.806570085883617e-05,0.03171566647089667,17.98367116404675,13.664407777758397,24.573621612664983,0.001339867849109154,5622.66487627756,0.38035446011224394,-1.4078983376390397,1.5107529231863737,Standard
390.07059727686925,395.1831322889705,89810.25922399471,9.927184642131843e-05,0.031277160347508,17.750092003320134,13.674645327728964,24.272621267996087,0.0013573634054945348,5402.904400708137,0.38047793605881,-1.4077715751416235,1.5110009877801076,Standard
393.68168994927817,398.8415544392958,89495.876747115,0.00010049281246539894,0.030844645777537778,17.51952766214006,13.68487570601168,23.97525584844201,0.001375085721823284,5191.733964374554,0.38060423586330216,-1.4076312702723044,1.5112547282597006,Standard
397.3262124428005,402.53384456508934,89182.48980414028,0.00010172876070444931,0.030418040284749273,17.2919407375182,13.695099883797395,23.681485558501695,0.001393037539551366,4988.8187604382265,0.3807334220844041,-1.4074771863506612,1.5115142701814648,Standard
401.0044742352156,406.26031620036025,88870.09325570715,0.0001029798537541275,0.029997262524301797,17.06729427123257,13.705318849451999,23.39127098846679,0.0014112216250870254,4793.836970643501,0.3808655587612293,-1.4073090807034987,1.5117797424657056,Standard
404.71678766930495,410.02128578167054,88558.68194927365,0.00010424625510067946,0.02958223226722596,16.845551744992676,13.715533608916715,23.10457311191927,0.001429640769690785,4606.479264490845,0.3810007110971583,-1.4071267055003318,1.512051276083639,Standard
408.463467979372,413.8170726750025,88248.25071896212,0.0001055281290694246,0.029172870385505915,16.62667707559869,13.725745186076002,22.82135328308389,0.001448297789367774,4426.448317538963,0.38113894574530605,-1.4069298072680567,1.5123290051556069,Standard
412.24483331801594,417.6479992028833,87938.79438467829,0.00010682564078659598,0.028769098836402843,16.410634610254103,13.735954623223478,22.541573234475106,0.0014671955247246666,4253.458348240174,0.38128033071666323,-1.4067181270229412,1.512613066546919,Standard
416.06120478314506,421.5143906717524,87630.30775213146,0.00010813895614527901,0.028370840648197334,16.197389121777118,13.746162981417921,22.265195074139395,0.0014863368408338305,4087.2346724000136,0.3814249353063133,-1.4064913999718556,1.5129035995202003,Standard
419.9129064452405,425.4165753995829,87322.7856121134,0.00010946824176359271,0.027978019905148248,15.986905804027375,13.756371340990961,21.992181283364424,0.001505724627048936,3927.5132748420515,0.38157283027226185,-1.4062493556883737,1.5132007464173967,Standard
423.8002653748803,429.354884743766,87016.22274025391,0.00011081366494586187,0.0275905617332888,15.779150267163947,13.766580801886075,21.72249471380147,0.0015253617968396943,3774.040397329684,0.38172408778893896,-1.4059917178694832,1.5135046524233076,Standard
427.7236116705099,433.3296531292455,86710.61389641448,0.00011217539363674504,0.02720839228595003,15.574088533176155,13.776792484201616,21.456098585215184,0.001545251287564649,3626.5721424587477,0.38187878144310616,-1.4057182043195553,1.5138154655064682,Standard
431.68327848647175,437.3412180769153,86405.95382448244,0.00011355359637845114,0.02683143872999922,15.37168703121761,13.787007528536863,21.192956482570963,0.0015653960602686721,3484.874092570189,0.3820369863378801,-1.4054285267071691,1.514133336797272,Standard
435.67960206129726,441.3899202322814,86102.23725163276,0.0001149484422592775,0.02645962923159561,15.171912593238464,13.797227096571156,20.933032353823886,0.0015857990994094977,3348.720943464094,0.38219877895801346,-1.405122390777933,1.5144584199997553,Standard
439.71292174625904,445.4761033943889,85799.45888837031,0.00011636010086818622,0.02609289294311896,14.97473244936243,13.807452371388285,20.67629050688544,0.0016064634126216472,3217.8961519696477,0.382364237341676,-1.4047994959539665,1.5147908720372243,Standard
443.7835800341853,449.6001145450139,85497.61342755648,0.00011778874223654671,0.025731159989020123,14.780114223641295,13.817684558111742,20.422695607513603,0.0016273920303888944,3092.1915972698075,0.38253344120107613,-1.4044595351897442,1.515130853497567,Standard
447.89192258854405,453.7623038781288,85196.69554429228,0.00011923453678680814,0.025374361452927797,14.588025929524406,13.82792488425346,20.172212676300525,0.001648588005760891,2971.4072550204396,0.38270647158833526,-1.4041021954174084,1.5154785272421805,Standard
452.0382982727965,457.96302482964074,84896.6998955148,0.00012069765527327809,0.02502242936457181,14.398435965616518,13.838174600297926,19.924807086341062,0.0016700544139930888,2855.350884147975,0.3828834112156301,-1.403727156866239,1.5158340596516382,Standard
456.2230591800189,462.20263410740114,84597.62111940834,0.0001221782687217246,0.024675296686671996,14.211313111313041,13.848434980143896,19.68044456044851,0.0016917943521967483,2743.8377255822284,0.38306434441290094,-1.4033340932452347,1.5161976204180974,Standard
460.4465606628016,466.4814917214973,84299.45383510216,0.00012367654836579093,0.024332897302345967,14.026626522598052,13.858707321671307,19.439091168707858,0.0017138109389351415,2636.69021264478,0.3832493571220539,-1.4029226715172172,1.5165693824691289,Standard
464.7091613634259,470.79996101482436,84002.19264213402,0.00012519266558094975,0.023995166002417,13.844345727778538,13.86899294721815,19.200713325741027,0.0017361073138164639,2533.7376925137964,0.38343853679725726,-1.4024925526716743,1.5169495215297957,Standard
469.0112232443158,475.15840869393594,83705.83212033534,0.0001267267918182575,0.023662038473380227,13.66444062325131,13.879293204055521,18.96527778795121,0.0017586866370622547,2434.8161584030076,0.3836319726900683,-1.402043390088238,1.5173382172329752,Standard
473.3531116187753,479.557204860185,83410.36682889076,0.00012827909852635645,0.02333345128458623,13.486881469515769,13.88960946508025,18.732751651340163,0.0017815520889943968,2339.767992157378,0.3838297557651913,-1.4015748301120539,1.517735652731119,Standard
477.7351951820111,483.99672304115256,83115.79130639441,0.0001298497570816162,0.023009341876740887,13.311638886932247,13.899943129223349,18.503102348511625,0.0018047068695654558,2248.4417165984405,0.3840319784734447,-1.4010865131239143,1.5181420137440114,Standard
482.1578460424376,488.4773402223633,82822.1000702975,0.00013143893870886308,0.022689648549864532,13.138683851668217,13.910295622013537,18.276297646088032,0.001828154197822301,2160.6917574877307,0.3842387352070773,-1.4005780715399396,1.5185574903570682,Standard
486.6214397532764,492.9994368792989,82529.28761630012,0.00013304681439645666,0.022374310451359368,12.967987691774061,13.920668396248713,18.052305642382148,0.0018518973113113891,2076.378214701615,0.3844501219908807,-1.4000491309445806,1.518982275728888,Standard
491.12635534444786,497.5633970097082,82237.34841831723,0.00013467355481642935,0.02206326756487267,12.799522083055118,13.93106293242236,17.83109476439706,0.001875939465517496,1995.3666421033074,0.38466623659894594,-1.3994993099573776,1.5194165665327546,Standard
495.67297535475444,502.16960816621156,81946.2769277263,0.00013631933023162067,0.02175646069852039,12.63325904522973,13.941480739420255,17.6126337655177,0.0019002839332000782,1917.5278360196917,0.38488717863356214,-1.3989282195177566,1.519860563229031,Standard
500.2616858643651,506.8184614892118,81656.06757325688,0.00013798431040678948,0.021453831473968146,12.469170937955338,13.951923355046578,17.396891722732715,0.001924934003741946,1842.7376317915225,0.38511304937298974,-1.3983354638071432,1.520314469421919,Standard
504.89287652760123,511.5103517401093,81366.71476050513,0.00013966866451268649,0.021155322315252263,12.307230456942651,13.962392346611182,17.18383803399961,0.001949892982448546,1770.8767081946403,0.3853439520471511,-1.3977206390411538,1.5207784929287413,Standard
509.56694060602337,516.2456773348225,81078.2128714503,0.00014137256102441682,0.02086087643775508,12.147410630188896,13.97288931161925,16.97344241584165,0.0019751641897838854,1701.8303994406294,0.38557999166084755,-1.3970833339807314,1.5212528450383047,Standard
514.2842750018224,521.0248403776169,80790.55626427605,0.00014309616762137202,0.020570437837647833,11.98968481409835,13.98341587830245,16.765674900530463,0.0020007509606143844,1635.4885143669037,0.3858212750315033,-1.3964231302447843,1.5217377406255537,Standard
519.0452802915286,525.8482466952559,80503.7392728695,0.00014483965107865422,0.02028395128113568,11.834026689745446,13.993973706277625,16.560505833568545,0.002026656643380758,1571.7451626518578,0.38606791087511283,-1.3957396014855021,1.522233398470405,Standard
523.850360760024,530.7163058714586,80217.7562065553,0.0001466031771564491,0.02000136229408705,11.680410259154757,14.004564487193718,16.35790587112119,0.0020528845992346394,1510.4985877308106,0.3863200097974868,-1.395032313673937,1.5227400411911844,Standard
528.6999244348692,535.6294312816773,79932.6013496507,0.00014838691048445015,0.019722617151618802,11.528809841596711,14.015189945364051,16.157845977396036,0.0020794382011401517,1451.651006156774,0.3865776842083051,-1.3943008254124152,1.5232578948657078,Standard
533.5943831209584,540.5880401282055,79648.26896136565,0.00015019101444512097,0.019447662868161342,11.379200069899325,14.02585183838279,15.960297421972303,0.0021063208329402615,1395.108453160273,0.3868410484924425,-1.3935446871761314,1.5237871897007835,Standard
538.5341524354832,545.5925534756017,79364.75327514792,0.00015201565104599647,0.01917644718710092,11.231555886891307,14.03655195786663,15.765231777403265,0.0021335358883443046,1340.7806342128863,0.38711021897336195,-1.3927634416538694,1.5243281598553722,Standard
543.5196518432259,550.6433962864434,79082.04849867834,0.00015386098079595158,0.018908918571200372,11.085852541742483,14.047292130037688,15.57262091643775,0.002161086769919988,1288.5807822775128,0.38738531383478403,-1.3919566236841092,1.5248810431066886,Standard
548.5513046921793,555.7409974574149,78800.14881337201,0.00015572716256954776,0.018645026192655328,10.942065586476973,14.058074216484956,15.382437009633927,0.0021889768879878612,1238.425520627923,0.3876664532239147,-1.391123760212622,1.525446081238215,Standard
553.6295382494969,560.8857898557286,78519.04837426507,0.00015761435347338916,0.018384719923654244,10.800170872385488,14.068900114764897,15.194652522598467,0.0022172096595195483,1190.234730926339,0.3879537592287079,-1.390264370309751,1.5260235199343697,Standard
558.7547837377717,566.078210355879,78238.74130958991,0.00015952270870172805,0.018127950326756875,10.660144546600126,14.079771759172415,15.009240213591628,0.002245788506937263,1143.9314264486852,0.388247355945623,-1.389377964737605,1.5266136090369287,Standard
563.9274763716554,571.3186998767421,77959.2217206069,0.00016145238139165968,0.017874668645640746,10.521963048616348,14.090691121410522,14.826173130894796,0.0022747168568967896,1099.441630186116,0.38854736935707024,-1.388464046556237,1.5272166020347413,Standard
569.1480553948171,576.6077034190183,77680.48368139728,0.0001634035224725257,0.017624826795924094,10.385603106870839,14.101660211295474,14.645424610246717,0.0023039981390108794,1056.6942576728013,0.38885392742065505,-1.3875221107306288,1.5278327564142842,Standard
574.4169641172381,581.9456701030159,77402.5212386071,0.00016537628050939605,0.017378377356057486,10.25104173536851,14.112681077490738,14.466968272330298,0.002333635784513189,1015.6210043552672,0.38916716013136465,-1.386551643917528,1.528462333901473,Standard
579.7346499528577,587.333053206791,77125.32841119452,0.00016737080154128126,0.017135273558332872,10.118256230345237,14.123755808254007,14.290778020274086,0.0023636332248662627,976.1562373241535,0.38948719943368815,-1.3855521248027571,1.5291056001013885,Standard
585.1015644575683,592.7703102046396,76848.89919034012,0.00016938722891671288,0.016895469280150874,9.987224166926762,14.134886532141513,14.116828037057132,0.002393993890330958,938.2368912293856,0.3898141792142269,-1.3845230241332729,1.5297628244638304,Standard
590.5181633675548,598.2579028059404,76573.22753924751,0.00017142570312202307,0.01665891903529353,9.857923395854204,14.146075418765866,13.94509278301701,0.0024247212084644067,901.8023682387291,0.39014823533148046,-1.3834638045686916,1.5304342804074054,Standard
595.9849066379973,603.7962969943637,76298.30739304902,0.00017348636160580074,0.01642557796539585,9.73033204022248,14.157324679534481,13.775546993310682,0.002455818602569315,866.7944418683622,0.3904895056590476,-1.3823739205415677,1.5311202454993804,Standard
601.5022584821282,609.3859630674424,76024.13265858735,0.00017556933859561187,0.016195401831410463,9.604428492282977,14.168636568441581,13.608165675474282,0.002487289490068384,833.157164550594,0.39083813008232937,-1.3812528181636026,1.5318210014461329,Standard
607.07068741065,615.0273756765034,75750.6972143699,0.0001776747649114441,0.015968347005324946,9.480191410254893,14.180013382835309,13.442924106925473,0.002519137280829093,800.8367787795031,0.3911942503513046,-1.3800999360569222,1.5325368335098801,Standard
612.690666271519,620.7210138669761,75477.99491059435,0.0001798027677761266,0.01574437046203651,9.357599715119349,14.191457464117894,13.279797832335795,0.002551365375453645,769.7816316912157,0.3915580102093372,-1.3789147046658172,1.5332680310492606,Standard
618.3626722901016,626.4673611190719,75206.0195689621,0.0001819534706138358,0.01552342977113655,9.236632587557642,14.202971198619869,13.118762661331491,0.0025839771634473176,739.9420929870248,0.3919295554146629,-1.3776965459851453,1.5340148876245507,Standard
624.0871871096921,632.2669053888358,74934.76498271641,0.00018412699284806465,0.015305483088983992,9.117269464834122,14.214557018353693,12.959794665957967,0.0026169760213673706,711.2704760197981,0.3923090335449615,-1.3764448748090672,1.5347777002246517,Standard
629.8646968324161,638.1201391495837,74664.22491676417,0.00018632344969549898,0.015090489150935497,8.999490037692135,14.22621740174299,12.802870178102854,0.002650365310919317,683.7209619403997,0.39269659420097014,-1.3751590975322188,1.5355567701304267,Standard
635.6956920605079,644.0275594337221,74394.39310747065,0.00018854295194564635,0.014878407263390148,8.883274247405076,14.237954874551859,12.64796578728221,0.0026841483769156414,657.2495268181792,0.39309238889586595,-1.3738386126848354,1.5363524024944581,Standard
641.5806679379708,649.9896678749541,74125.26326297376,0.00019078560574634567,0.014669197296353504,8.768602282693484,14.249772010563998,12.495058337969319,0.002718328545261492,631.8138715542702,0.3934965709157723,-1.3724828116166918,1.537164905812972,Standard
647.5201241926173,656.0069707508704,73856.8290632064,0.00019305151237583053,0.014462819675838475,8.655454576785027,14.261671432442181,12.344124927253597,0.002752909120807931,607.3733545434959,0.39390929553178466,-1.3710910774303784,1.5379945928330017,Standard
653.5145651785124,662.0799790259493,73589.084159958,0.0001953407680096675,0.014259235376383215,8.543811804486836,14.273655812568357,12.195142902460368,0.0027878933851442334,583.8889269484608,0.39433071983410173,-1.3696627858261081,1.538841779925292,Standard
659.5644999187964,668.2092083949404,73322.02217715893,0.00019765346348597359,0.014058405913825995,8.433654879242175,14.285727873813551,12.048089858651359,0.002823284594348778,561.3230704799728,0.39476100269018843,-1.3681973052043759,1.5397067869716352,Standard
665.6704421489083,674.3951793266547,73055.63671103354,0.0001999896840611558,0.013860293338049345,8.32496495026203,14.297890390386224,11.902943636265361,0.002859085976640519,539.6397376059298,0.3952003047885455,-1.3666939965120264,1.5405899376009415,Standard
671.8329103602118,680.6384171081622,72789.92133036077,0.0002023495091617205,0.013664860225883925,8.217723399662018,14.310146188645566,11.759682318701694,0.002895300729973532,518.8042940803753,0.39564878856185715,-1.3651522134915695,1.5414915589465181,Standard
678.052427844025,686.9394518893988,72524.86957676327,0.00020473301212964247,0.013472069674105032,8.111911839641303,14.322498147940268,11.618284229951731,0.0029319320195500998,498.7834637104894,0.39610661818903736,-1.363571302692435,1.5424119817241149,Standard
684.3295227360524,693.2988187281809,72260.47496499906,0.00020714025996175668,0.013281885292501183,8.00751210968636,14.334949201444328,11.478727932230427,0.002968982975262419,479.5452752715908,0.3965739594874549,-1.3619506039834732,1.5433515398750046,Standard
690.6647280612334,699.7170576356416,71996.7309834255,0.00020957131304622417,0.01309427119713987,7.904506273779614,14.347502336953225,11.340992223551446,0.0030064566890776567,461.05901148370117,0.3970509799485171,-1.3602894502527079,1.544310570798757,Standard
697.058581779008,706.194713622089,71733.63109427341,0.00021202622488769457,0.012909192003554084,7.802876617693725,14.360160597784816,11.205056135478188,0.0030443562123057713,443.29515998430406,0.3975378486655927,-1.3585871678275225,1.545289415147579,Standard
703.5116268289925,712.7323367432816,71471.168734237,0.00021450504183401702,0.012726612820229436,7.70260564623808,14.372927083545882,11.070898930668873,0.003082684552848261,426.22536619649634,0.3980347362447674,-1.3568430768389135,1.5462884165673927,Standard
710.0244111770861,719.330482147139,71209.33731489374,0.00021700780279162733,0.012546499242022688,7.603676080595553,14.38580495101235,10.93850010061257,0.0031214446723243465,409.8223880433582,0.39854181482473905,-1.3550564910092362,1.547307921888887,Standard
716.5974878620053,725.989710120885,70948.13022329308,0.0002195345389386636,0.01236881734376378,7.506070855654228,14.39879741495136,10.807839363283584,0.003160639483145447,394.06005242057006,0.3990592579632448,-1.353226718257929,1.5483482807727,Standard
723.2314150422393,732.7105861386203,70687.54082255372,0.00022208527343209192,0.012193533673919309,7.409773117370639,14.411907748949996,10.67889666081953,0.0032002718455106036,378.9132133655793,0.3995872406107992,-1.3513530606522863,1.5494098457335213,Standard
729.9267560434503,739.4936809093429,70427.5624525073,0.00022466002110863432,0.012020615248342248,7.314766220175234,14.425139286272913,10.55165215725518,0.0032403445643123295,364.3577118591019,0.4001259390317955,-1.3494348148594781,1.5504929719469374,Standard
736.6840794063103,746.3395704254118,70168.18843042078,0.00022725878818273925,0.011850029544130745,7.221033724374912,14.438495420661077,10.426086236182638,0.003280860385991297,350.37033718883094,0.4006755307377716,-1.3474712724082565,1.5515980171114734,Standard
743.5039589347749,753.2488360114542,69909.4120517495,0.00022988157193750935,0.011681744493555975,7.128559393612039,14.45197960718595,10.302179498509503,0.0033218219952890994,336.9287898238688,0.40123619441806113,-1.345461719781838,1.5527253413238782,Standard
750.3869737448105,760.2220643737307,69651.22659096506,0.0002325283604121545,0.011515728478090287,7.037327192332246,14.465595363067095,10.17991276017873,0.0033632320119397533,324.0116457341177,0.40180810987283166,-1.3434054389127823,1.5538753069563427,Standard
757.3337083135729,767.2598476499592,69393.62530241194,0.00023519913208424752,0.011351950322500805,6.947321283282093,14.47934626849328,10.059267049911453,0.0034050929872822882,311.5983221018043,0.4023914579368011,-1.3413017074306026,1.555048278507627,Standard
764.3447525290339,774.362783459591,69136.60142125023,0.00023789385554787404,0.011190379289044877,6.858526025033353,14.493235967440446,9.940223606963974,0.0034474074007973324,299.6690443706523,0.4029864203755551,-1.3391497989302934,1.5562446223663642,Standard
771.420701740075,781.5314749545618,68880.14816445377,0.0002406124891873069,0.011030985071743849,6.770925969535876,14.507268168491064,9.82276387890573,0.003490177656565879,288.2048145810495,0.4035931797985768,-1.3369489834774413,1.5574647066264902,Standard
778.5621568070421,788.7665308705089,68624.25873187714,0.000243354980847763,0.010873737790743002,6.684505859682748,14.521446645619507,9.706869519371399,0.003533406079667458,277.1873809392399,0.4042119195783016,-1.3346985279171122,1.5587089009568444,Standard
785.7697241527695,796.0685655784634,68368.92630736342,0.00024612126750092676,0.010718607986734895,6.599250626917773,14.535775239006494,9.592522385874945,0.003577094912488335,266.59920857651974,0.40484282376314695,-1.332397696131011,1.5599775764511037,Standard
793.0440158140672,803.4381991370132,68114.14405992643,0.0002489112749078058,0.010565566615468092,6.51514538885866,14.550257855826207,9.479704537609061,0.003621246310967033,256.42345144880085,0.40548607695427563,-1.3300457496175113,1.5612711053304338,Standard
800.3856494937032,810.876057344966,67859.90514501953,0.00025172491727888934,0.010414585042345494,6.432175446943346,14.564898471021209,9.368398233252531,0.003665862340771337,246.64392533327984,0.4061418642133958,-1.327641947819643,1.5625898607952422,Standard
807.7952486128515,818.3827717944845,67606.20270583165,0.00025456209693031724,0.010265635037072186,6.350326284108313,14.579701128083734,9.258585928811376,0.0037109449733982616,237.24508188062228,0.4068103709216757,-1.3251855486946624,1.5639342166783194,Standard
815.2734423640247,825.9589799247138,67353.02987473128,0.0002574227039399303,0.010118688768427305,6.2695835624766145,14.594669939793102,9.150250275429837,0.0037564960822235,228.21198367910515,0.40749178269550157,-1.3226758090593194,1.5653045473423504,Standard
822.8208657645134,833.6053250759203,67100.37977466408,0.0002603066157976962,0.009973718799034999,6.18993312109186,14.609809088991405,9.04337411727768,0.0038025174384604082,219.53028029548298,0.40818628527404144,-1.3201119850308487,1.566701227476301,Standard
830.4381597103026,841.3224565441147,66848.24552072705,0.00026321369705754264,0.009830698080273067,6.111360973656931,14.625122829302278,8.9379404893937,0.0038490107070779643,211.18618525000812,0.40889406436212994,-1.3174933326417886,1.5681246317158184,Standard
838.1259710304931,849.1110296361879,66596.62022175056,0.00026614379898582855,0.00968959994721104,6.033853306309196,14.64061548586556,8.833932615579155,0.0038959774426426705,203.1664538927887,0.40961530550612224,-1.314819108370898,1.5695751344050564,Standard
845.8849525422304,856.9717057255579,66345.49698201274,0.00026909675921095623,0.009550398113653115,5.957396475406809,14.656291456027445,8.731333906267283,0.003943419085117624,195.45836214374984,0.41035019396008465,-1.3120885696582718,1.5710531093371856,Standard
853.71576310614,864.9051523083333,66094.86890296676,0.0002720724013703247,0.009413066667210316,5.8819770053527245,14.67215521004898,8.630127956447426,0.003991336955587976,188.0496860653402,0.41109891456653713,-1.3093009753520164,1.572558929564309,Standard
861.6190676822713,872.91204305999,65844.72908508067,0.00027507053475857204,0.009277580064461492,5.807581586434465,14.688211291779846,8.530298543579942,0.004039732251942897,180.92868223333778,0.41186165157955656,-1.3064555865141756,1.57409296696909,Standard
869.5955373865658,880.9930578925787,65595.07062975867,0.000278090953976917,0.009143913126181848,5.734197072682853,14.704464319303579,8.431829625512004,0.004088606044514116,174.08406887509526,0.412638588517666,-1.3035516668975333,1.5756555919869015,Standard
877.6458495478469,889.1488830124632,65345.88664132939,0.00028113343858236,0.00901204103262766,5.661810479765139,14.720918985592329,8.334705338440024,0.00413795927165284,167.5050077467797,0.4134299080378696,-1.3005884834449262,1.5772471734164242,Standard
885.7706877653319,897.380210978585,65097.170229089956,0.0002841977527385442,0.008881939318871187,5.590408982896602,14.737580059131133,8.238909994872454,0.004187792735269694,161.1810867193113,0.4142357917280606,-1.2975653072581963,1.578868077898676,Standard
893.9707419666829,905.6877407612749,64848.91450950819,0.0002872836448715742,0.008753583870241687,5.519979914762498,14.7544523844885,8.144428081569616,0.004238107096354874,155.1023030447808,0.41505641997923703,-1.2944814140007566,1.5805186697467661,Standard
902.2467084665946,914.0721778016095,64601.1126083812,0.00029039084732383324,0.008626950917755106,5.450510763489104,14.7715408829341,8.051244257575165,0.0042889028704249255,149.25904728016917,0.41589197180360316,-1.2913360845828947,1.582199310558849,Standard
910.5992900259174,922.5342340713094,64353.757663212564,0.0002935190760164723,0.008502017033681078,5.381989170611274,14.788850552965005,7.959343352184622,0.004340180422978307,143.64208783824373,0.41674262465380707,-1.2881286060127195,1.5839103588392618,Standard
919.0291959113359,931.0746281331985,64106.84282553909,0.0002966680301118007,0.00837875912709365,5.314402929080916,14.806386470856896,7.868710362982593,0.0043919399648978275,138.2425561449548,0.41760855424683996,-1.2848582720218928,1.5856521696588288,Standard
927.5371419555997,939.6940852022256,63860.36126346427,0.00029983739168427324,0.008257154439547236,5.24773998128487,14.824153791155137,7.7793304538560495,0.004444181547853157,133.0519323770916,0.4184899343716779,-1.2815243838175547,1.5874250942517847,Standard
936.1238506183025,948.3933372070395,63614.306164158384,0.0003030268253935752,0.008137180540744691,5.181988417097605,14.842157747173914,7.69118895305907,0.004496905059668205,128.0620317595969,0.4193869367137495,-1.2781262508615328,1.5892294796922783,Standard
944.7900510472347,957.1731228521455,63368.67073653609,0.0003062359781673666,0.008018815324311345,5.1171364719430965,14.8604036514321,7.6042713512539555,0.00455011021970054,123.26499139873667,0.4202997306437055,-1.2746631916137403,1.5910656684339415,Standard
953.5364791403009,966.0341876806357,63123.44821394074,0.00030946447888802994,0.007902037003580678,5.053172524893407,14.878896896102086,7.518563299610485,0.004603796574192413,118.65325763229188,0.42122848305223215,-1.2711345342958111,1.5929339980487498,Standard
962.3638776080048,974.9772841374905,62878.63185694503,0.00031271193808950367,0.007786824107451317,4.9900850967767845,14.897642953393584,7.434050607883101,0.004657963491645662,114.21957387459314,0.42217335811085377,-1.2675396178184428,1.5948348006656374,Standard
971.2729960365193,984.0031716334784,62634.214956238946,0.0003159779476621543,0.007673155476296369,4.927862848314857,14.916647375927589,7.350719242524686,0.004712610158193099,109.95696893852012,0.4231345170807117,-1.263877792469998,1.5967684026204552,Standard
980.2645909513399,993.1126166096404,62390.19083557399,0.0003192620805667744,0.007561010257909554,4.866494578281481,14.935915797078692,7.2685553248152175,0.0047677355729853045,105.85874581529674,0.424112118104631,-1.260148420861583,1.5987351240410135,Standard
989.339425881525,1002.3063926023756,62146.55285480473,0.00032256389055995976,0.0074503679035086146,4.805969221679207,14.955453931272201,7.187545128993549,0.00482333854360785,101.91847089395573,0.42510631600248416,-1.2563508786769262,1.6007352784525324,Standard
998.4982714245289,1011.5852803091209,61903.29441298079,0.00032588291192898095,0.007341208163770304,4.746275847946759,14.975267574276248,7.10767508043276,0.004879417681509858,98.1299636041739,0.4261172620369962,-1.252484555617798,1.6027691722752024,Standard
1007.74190531164,1020.9500676546492,61660.40895156089,0.00032921865924148106,0.007233511084934141,4.687403659176175,14.995362603422754,7.028931753795739,0.004935971397493072,94.48728646457188,0.4271451037100178,-1.2485488562491582,1.6048371044407759,Standard
1017.0711124740216,1030.401549857974,61417.88995763899,0.0003325706271050295,0.0071272570049175955,4.629341988365448,15.015744977836356,6.951301871248544,0.0049929978972175215,90.98473552226564,0.42818998454140456,-1.2445432008737498,1.6069393659536786,Standard
1026.486685109369,1039.9405294998821,61175.73096730371,0.000335938289943791,0.007022426549504363,4.572080297680247,15.036420738588047,6.874772300652908,0.005050495176785098,87.61683116674905,0.4292520438173142,-1.2404670265171944,1.609076239327237,Standard
1035.9894227491732,1049.5678165910765,60933.92556903958,0.0003393211017882092,0.006919000628558257,4.515608176746671,15.05739600884169,6.799330053803824,0.005108461018364159,84.37830930481127,0.4303314164008043,-1.236319787696857,1.6112479982867285,Standard
1045.5801323266166,1059.2842286409643,60692.46740718265,0.0003427184960806906,0.0068169604322708055,4.45991534096266,15.078676993954362,6.724962284675779,0.0051668929858885325,81.26411288162578,0.431428232496728,-1.232100957384887,1.613454907276548,Standard
1055.2596282450982,1069.0905907270785,60451.35018546628,0.0003461298854985022,0.006716287427458509,4.404991629832132,15.100269981542434,6.651656287689982,0.005225788420831038,78.26938373471738,0.4325426173949154,-1.2278100280200306,1.6156972208875686,Standard
1065.028732447381,1078.9877355651327,60210.56767063698,0.0003495546617953569,0.00661696335390074,4.350827005316552,15.122181341494665,6.579399495986908,0.005285144438072805,75.38945476750574,0.4336746912625813,-1.2234465123317477,1.6179751834966396,Standard
1074.888274485398,1088.976503579741,59970.11369609742,0.0003529921956596123,0.006518970220697276,4.297411550216743,15.14441752597597,6.5081794797434,0.005344957921846885,72.61984243060564,0.4348245689199075,-1.2190099442599376,1.6202890288251979,Standard
1084.839091590686,1099.0577429757757,59729.98216563572,0.0003564418365941601,0.006422290302675065,4.244735466568466,15.166985069364584,6.437983944484624,0.005405225521804098,69.95623949796884,0.43599235958299687,-1.2144998799643645,1.6226389793715157,Standard
1094.8820287454823,1109.2323098103957,59490.167057207145,0.00035990291281620923,0.006326906136827001,4.192789074064485,15.189890588166243,6.368800729429837,0.0054659436491801645,67.39450812699765,0.4371781666516199,-1.2099158986829934,1.6250252460271213,Standard
1105.0179387544817,1119.5010680657442,59250.662426748095,0.0003633747311785902,0.006232800518775616,4.141562808496542,15.213140780882219,6.300617805852385,0.005527108473089179,64.93067319117439,0.43838208747160934,-1.2052576037128802,1.6274480275863539,Standard
1115.2476823172462,1129.8648897223065,59011.46241206377,0.0003668565771143492,0.006139956499279968,4.09104722021901,15.236742427836571,6.233423275459385,0.005588715916948974,62.560915874631135,0.4396042131043032,-1.200524623254637,1.6299075102865572,Standard
1125.5721281012948,1140.324654832959,58772.56123673304,0.00037034771460370014,0.006048357380761373,4.041232972637313,15.260702390974522,6.167205368801131,0.005650761655039129,60.28156751854259,0.44084462810087643,-1.1957166114119673,1.6324038673546966,Standard
1135.9921528158704,1150.8812515977024,58533.95321407679,0.00037384738616722614,0.005957986713870224,3.992110840712034,15.285027613597828,6.101952443682667,0.005713241109226062,58.08910370906431,0.4421034102660997,-1.1908332490887688,1.6349372585237916,Standard
1146.5086412863814,1161.5355764390783,58295.632751144134,0.000377354812882842,0.00586882829407309,3.9436717094913365,15.309725120083796,6.037652983616333,0.005776149445830683,55.9801385979296,0.4433806304443806,-1.1858742448310977,1.6375078296205743,Standard
1157.1224865295378,1172.288534078292,58057.59435273653,0.00038086919443009495,0.005780866158271552,3.895906572660779,15.334802015547645,5.974295596282383,0.005839481572677995,53.95141944609729,0.44467635229034386,-1.1808393358039666,1.640115712089596,Standard
1167.834589829189,1183.141037612042,57819.83262545739,0.0003843897091614659,0.005694084581447656,3.848806531115994,15.36026548546849,5.91186901201467,0.005903232136323571,51.99982138195787,0.4459906320533946,-1.175728288590335,1.64276102257395,Standard
1178.6458608128469,1194.0940085900472,57582.34228177745,0.00038791551420122567,0.00560846807333309,3.8023627915588065,15.38612279528154,5.850362082313331,0.005967395519464483,50.12234236570478,0.44732351836523776,-1.1705409000800273,1.645443862488321,Standard
1189.5572175289374,1205.1483770933116,57345.11814411841,0.0003914457455738198,0.005524001375105306,3.756566665112243,15.41238128991947,5.7897637783711104,0.0060319658385578,48.316098351605774,0.44867505202091706,-1.1652769983596727,1.6481643175623617,Standard
1200.56958652475,1216.3050818130941,57108.155148951846,0.00039497951836182184,0.0054406694561098595,3.711409565958421,15.439048393318195,5.730063189625614,0.006096936941644717,46.578318640581166,0.45004526577906745,-1.159936443469519,1.6509224574575114,Standard
1211.6839029251191,1227.5650701306217,56871.44835088872,0.0003985159268936364,0.0053584575106007835,3.6668830099992973,15.46613160788844,5.671249522337924,0.006162302406389155,44.906341415619366,0.45143418416262193,-1.1545191282310725,1.6537183353664204,Standard
1222.9011105118348,1238.9292981975411,56634.99292677952,0.0004020540449631395,0.005277350954509118,3.622978613536789,15.493638513939224,5.613312098187173,0.0062280555383513484,43.2976094527304,0.4528418232584954,-1.149024979058595,1.656551987595833,Standard
1234.222161803777,1250.3987310171042,56398.78417980098,0.0004055929260806485,0.005197335422231135,3.57968809197576,15.5215767690679,5.5562403528919955,0.006294189369494688,41.74966600068473,0.45426819053272993,-1.1434539566747617,1.6594234332068254,Standard
1245.6480181378047,1261.974342526115,56162.817543528756,0.00040913160375626945,0.005118396763438137,3.5370032585484643,15.5499541075125,5.500023834855078,0.006360696656938785,40.260150822863366,0.4557132846530294,-1.1378060568517867,1.6623326736631157,Standard
1257.1796497503906,1273.6571156776365,55927.08858598683,0.0004126690918161952,0.005040521039906219,3.49491602305999,15.578778339465037,5.444652203829627,0.0064275698819692365,38.826796394844784,0.45717709531402306,-1.1320813110917243,1.6652796924811923,Standard
1268.818035860003,1285.4480425244517,55691.593013671765,0.00041620438475222795,0.004963694522366992,3.45341839065611,15.608057350352913,5.390115229612402,0.006494801249307499,37.44742425166628,0.4586596030644614,-1.126279787311887,1.6682644548648113,Standard
1280.5641647502605,1297.3481243033077,55456.326675548764,0.0004197364581057774,0.004887903687380559,3.412502460610673,15.637799100077382,5.336402790754944,0.0065623826866590945,36.11994147879194,0.46016077915305686,-1.1204015904847893,1.6712869074012815,Standard
1292.4190338538574,1309.3583715199413,55221.28556699847,0.00042326426888544344,0.004813135214224399,3.372160425135816,15.668011622224764,5.283504873303437,0.006630305844536104,34.84233734125693,0.4616805853873984,-1.1144468631963491,1.6743469777922542,Standard
1304.3836498372516,1321.4798040348776,54986.46583371717,0.0004267867560192605,0.004739375981801796,3.332384568212879,15.698703023242413,5.231411569560989,0.006698562096368839,33.61268004549507,0.4632189739996875,-1.108415786180899,1.6774445745976436,Standard
1316.459028686158,1333.7134511500424,54751.86377555589,0.00043030284084120285,0.004666613065566473,3.29316726444541,15.729881481588144,5.1801130768772135,0.0067671425389079,32.42911362868469,0.46477588749780807,-1.102308578921111,1.6805795868833115,Standard
1328.6461957918114,1346.0603516961573,54517.47585032599,0.00043381142761450244,0.0045948337344764055,3.254500977929532,15.761555246831888,5.129599696450473,0.0068360379929423695,31.28985497046814,0.4663512585624403,-1.0961255000698884,1.6837518840496273,Standard
1340.946186038043,1358.5215541209573,54283.29867749074,0.0004373114040870995,0.004524025447948743,3.2163782611503144,15.793732638752864,5.07986183217049,0.0069052390043050456,30.193190922496946,0.46794500994849386,-1.089866847829967,1.6869613156510468,Standard
1353.3600438891635,1371.0981165782239,54049.329041817764,0.00044080164208427827,0.004454175852846618,3.17879175389514,15.826422046391846,5.030889989473465,0.006974735845206167,29.137475550911947,0.4695570543709664,-1.0835329604103663,1.690207711125538,Standard
1365.8888234786448,1383.7911070176315,53815.563896929096,0.0004442809981351693,0.004385272780476845,3.141734182189179,15.859631927084507,4.982674774226023,0.007044518515880107,28.12112748747438,0.47118729443434404,-1.0771242163343686,1.693490879676915,Standard
1378.533588698638,1396.6016032754376,53582.00036876595,0.00044774831413435724,0.004317304243607494,3.105198357250566,15.893370805467402,4.935206891631148,0.007114576746558755,27.142627385014663,0.4728356225651851,-1.0706410346959956,1.6968106101435865,Standard
1391.295413290318,1409.5306931660116,53348.635758948,0.00045120241803720256,0.004250258433500371,3.0691771744674,15.92764727246939,4.888477145163098,0.00718489999976586,26.20051547315945,0.47450192094493104,-1.0640838754205788,1.7001666708518428,Standard
1404.175380935054,1422.5794745741998,53115.46754804009,0.0004546421245904038,0.004184123716966145,3.033663612392514,15.96246998427076,4.84247643551899,0.007255477472953389,25.293389210293675,0.47618606146556886,-1.0574532394497282,1.7035588095165508,Standard
1417.1745853464336,1435.7490555485572,52882.49339869467,0.0004580662360951263,0.0041188886334328975,2.9986507317603284,15.997847661255106,4.797195759601288,0.007326298101462353,24.419901028091772,0.47788790570848505,-1.0507496688363744,1.7069867532266016,Standard
1430.2941303631433,1449.0405543954428,52649.71115867555,0.000461473543203608,0.0040545418920333925,2.9641316745222506,16.033789086938924,4.7526262095204865,0.007397350561825625,23.578756164892127,0.4796073049176357,-1.04397374685027,1.7104502083696502,Standard
1443.5351300426905,1462.4550997739725,52417.11886376121,0.0004648628257483922,0.003991072368712561,2.9300996629017524,16.07030310688756,4.708758971622022,0.007468623275408404,22.768710584456617,0.4813440999987506,-1.0371260979640056,1.7139488606334226,Standard
1456.8987087560113,1475.9938307918653,52184.7147405071,0.00046823285360276645,0.003928469103350916,2.896547998469435,16.107398627623205,4.665585325539132,0.007540104412384197,21.988568976768818,0.48309812153195253,-1.0302073878284546,1.7174823750365817,Standard
1470.3860012829502,1489.6578971021752,51952.49720887058,0.0004715823875726114,0.0038667212969080806,2.8634700612359048,16.145084615516367,4.623096643265152,0.007611781896056291,21.23718283759945,0.4848691897943809,-1.0232183231667022,1.7210503959688026,Standard
1483.9981529086115,1503.4484590009051,51720.464884688176,0.0004749101803176941,0.003805818308584915,2.83085930876483,16.1833700956773,4.581284388253446,0.007683643407511106,20.513448623801168,0.48665711480123264,-1.0161596516099962,1.7246525472736494,Standard
1497.7363195206237,1517.3666875255462,51488.6165819995,0.0004782149773022988,0.0037457496530055507,2.798709275303377,16.222264150836327,4.540140114536709,0.007755676390614661,19.816305981296217,0.4884616963594226,-1.0090321614915183,1.7282884323508938,Standard
1511.601667707282,1531.413764554507,51256.951315211896,0.0004814955177734069,0.0036865049974193617,2.7670135709316512,16.261775920225322,4.4996554658713,0.007827868057340736,19.144736042939297,0.4902827241387513,-1.001836681551822,1.731957634310504,Standard
1525.5953748566162,1545.5908829074783,51025.46830109572,0.00048475053576542545,0.0036280741589224553,2.7357658807298244,16.3019145984578,4.459822174903229,0.00790020539343273,18.49775979348401,0.49211997775842065,-0.9945740806122103,1.7356597161431182,Standard
1539.7186292563715,1559.899246446727,50794.16696061176,0.00048797876113033977,0.003570447101701343,2.704959963962915,16.342689434411135,4.420632062356186,0.007972675164394543,17.874436499017893,0.4939732268780972,-0.9872452671851306,1.7393942208882436,Standard
1553.972630194906,1574.3400701793134,50563.04692056419,0.000491178920591957,0.003513613934299067,2.6745896532826645,16.38410973011206,4.382077036240554,0.008045263921807365,17.273862198324913,0.4958422313164874,-0.9798511890113559,1.743160671879366,Standard
1568.3585880630333,1588.9145803602703,50332.10801506551,0.0004943497388221718,0.0034575649069017544,2.6446488539468156,16.4261848396319,4.344149091085106,0.008117958009963504,16.695168253750104,0.4977267411857156,-0.9723928325233828,1.7469585730274275,Standard
1582.8777244568082,1603.6240145967354,50101.350286816334,0.0004974899395380934,0.003402290408648733,2.61513154305516,16.468924167992608,4.306840307190093,0.008190743572812647,16.13751995921851,0.4996264970267248,-0.9648712222982567,1.7507874090705968,Standard
1597.5312722812503,1618.469621953034,49870.773988199304,0.00050059824661895,0.0033477809649681794,2.586031768801051,16.51233717007965,4.270142849898042,0.008263606561220061,15.60011520314073,0.5015412299702575,-0.9572874204147865,1.7546466459083945,Standard
1612.3204758550426,1633.4526630567502,49640.379582169444,0.0005036733852397014,0.00329402723493466,2.5573436497399205,16.556433349576892,4.2340489688882705,0.008336532740517134,15.082183184080064,0.5034706619129565,-0.94964252575096,1.7585357309587266,Standard
1627.2465910161975,1648.5744102057781,49410.167742950376,0.0005067140830209018,0.0032410200086537056,2.5290613740725,16.60122225791361,4.198550997488196,0.008409507698348051,14.58298317706828,0.5054145056938069,-0.9419376732753335,1.7624540934863262,Standard
1642.3108852286873,1663.8361474763492,49180.13935653197,0.00050971907119263,0.003188750204673633,2.5011791989431047,16.64671349323051,4.163641352003367,0.008482516852799304,14.101803348590124,0.5073724653060481,-0.9341740331891515,1.766401145060854,Standard
1657.5146376900843,1679.2391708320838,48950.295520948435,0.0005126870857690637,0.003137208867420044,2.4736914497541242,16.69291669937823,4.129312531070978,0.008555545460791522,13.637959618345699,0.5093442361074949,-0.9263528100938174,1.770376279965319,Standard
1672.8591394401733,1694.7847882340275,48720.637546365404,0.0005156168687346619,0.0030863871646635566,2.4465925194927296,16.739841564926436,4.095557115024249,0.008628578626747319,13.19079456588789,0.5113295050390434,-0.9184752421126632,1.774378875614957,Standard
1688.3456934705875,1710.474319751722,48491.166954946646,0.0005185071692371546,0.003036276385013026,2.4198768680729494,16.78749782221008,4.062367765279118,0.008701601311500197,12.759676380427782,0.5133279508789883,-0.9105425998717465,1.7784082931006537,Standard
1703.975614835456,1726.3090976753062,48261.88548050756,0.0005213567447862989,0.0029868679354381304,2.393539021691125,16.835895246404792,4.029737223737398,0.008774598341442884,12.34399785208101,0.515339244484494,-0.9025561855260094,1.7824638776510824,Standard
1719.7502307630657,1742.2904666286383,48032.79506796411,0.0005241643624570479,0.0029381533388250346,2.367573572193686,16.885043654629154,3.9976583122036677,0.0088475544179076,11.943175402913225,0.5173630490542109,-0.8945173317107447,1.7865449591527636,Standard
1735.6708807685657,1758.4197836834796,47803.897872560425,0.000526928800093656,0.0028901242315613985,2.341975176458087,16.934952905085222,3.966123931819635,0.008920454126756076,11.556648156237227,0.5193990204137435,-0.8864274003998389,1.7906508527472056,Standard
1751.7389167677215,1774.6984184747384,47575.19625888146,0.0005296488475128796,0.002842772361153497,2.3167385557862517,16.98563289623827,3.9351270625146495,0.008993281948166877,11.183877042650684,0.521446807291909,-0.8782877817885719,1.7947808593640389,Standard
1767.955703191702,1791.1277533167622,47346.69279965831,0.0005323233077051252,0.0027960895838787746,2.2918584953087358,17.037093566027878,3.904660762467079,0.009066022266616451,10.824343941347303,0.5235060516213252,-0.8700998931021786,1.7989342663312868,Standard
1784.3226171029473,1807.7091833207235,47118.39027435008,0.0005349509980294321,0.002750067862469692,2.2673298434012836,17.089344891128356,3.8747181675832585,0.009138659381022853,10.477550855342761,0.5255763888443425,-0.8618651773597321,1.8031103479879675,Standard
1800.8410483121074,1824.4441165130922,46890.29166752167,0.0005375307514019989,0.0027046992638351947,2.2431475111112524,17.14239688624515,3.8452924909862096,0.009211177515053204,10.143019119249013,0.5276574482246588,-0.8535851021164262,1.8073083663057332,Standard
1817.5123994960486,1841.3339739551877,46662.400167003136,0.0005400614174743013,0.002659975956816006,2.2193064715952517,17.196259603462355,3.8163770225196005,0.00928356082756541,9.820288638339672,0.5297488531745103,-0.8452611581668634,1.8115275715503572,Standard
1834.338086316976,1858.3801898638624,46434.71916184416,0.0005425418638000341,0.0026158902099781616,2.195801759565861,17.250943131631146,3.787965128260628,0.009355793423181451,9.508917157650165,0.5318502215831131,-0.8368948582225357,1.8157672029344099,Standard
1851.3195375426326,1875.5842117332784,46207.25224005759,0.000544970976987413,0.0025724343894429564,2.172628470748497,17.306457595811775,3.7600502500462243,0.009427859362964145,9.208479559949412,0.5339611661571553,-0.828487735543149,1.8200264893059739,Standard
1868.4581951676312,1892.9475004578264,45980.00318616098,0.0005473476638355471,0.002529600956756027,2.149781761346852,17.362813156762822,3.732625905008188,0.009499742675189852,8.918567191429945,0.5360812947607201,-0.8200413425698798,1.82430464982383,Standard
1885.7555145359072,1910.4715304561862,45752.97597851585,0.0005496708524522426,0.00248738246679531,2.1272568475169993,17.420020010483313,3.705685685118378,0.009571427366196088,8.638787214031105,0.5382102107690798,-0.8115572495121341,1.8286008946706716,Standard
1903.2129644642903,1928.157789796517,45526.17478646808,0.0005519394933511155,0.002445771565718583,2.105049004849624,17.47808838780818,3.6792232567429384,0.009642897431288096,8.368761983344013,0.5403475134232849,-0.8030370429243021,1.8329144257666599,Standard
1920.8320273672336,1946.00778032282,45299.60396729585,0.0005541525605260542,0.0024047609889518784,2.083153567859911,17.53702855405877,3.653232360204867,0.00971413686568743,8.10812845108927,0.5424927981850942,-0.7944823242764869,1.8372444374718384,Standard
1938.6141993827036,1964.0230177824812,45073.26806296941,0.0005563090525011363,0.0023643435592194725,2.0615659294843725,17.596850808747167,3.627706809353269,0.009785129675508115,7.8565375911953605,0.5446456571040699,-0.7858947084855572,1.8415901173343627,Standard
1956.56099049921,1982.205031954964,44847.171796721464,0.0005584079933531798,0.002324512184614391,2.040281540585006,17.657565485341934,3.6026404911414063,0.009855859888736003,7.613653848556527,0.5468056791793288,-0.7772758224671179,1.84595064680434,Standard
1974.673924684037,2000.5553667817217,44621.32006944652,0.0005604484337065421,0.002285259856713525,2.0192959094589504,17.719182951085347,3.5780273652081416,0.009926311566206924,7.379154609559642,0.548972450726751,-0.7686273036520106,1.8503252019780234,Standard
1992.954540012657,2019.0755804973073,44395.71795591623,0.0005624294516961464,0.0022465796487329843,1.9986046013550935,17.781713606878295,3.5538614634685435,0.009996468812549317,7.152729693542438,0.5511455557491445,-0.7599507985031551,1.8547129543435403,Standard
2011.404388799326,2037.7672457616816,44170.370700835774,0.0005643501538991883,0.002208464713729228,1.9782032379952452,17.84516788721687,3.530136889706118,0.010066315787093235,6.934080864335577,0.5533245763011791,-0.7512479610589935,1.8591130715009285,Standard
2030.0250377289046,2056.6319497937598,43945.28371473315,0.0005662096762320552,0.0021709082828425975,1.958087497101026,17.909556260194982,3.5068478191715204,0.010135836714713995,6.722921361113154,0.5555090928590971,-0.7425204514427151,1.863524717910991,Standard
2048.818067989902,2075.671294506202,43720.46256969624,0.0005680071848119245,0.0021339036635858633,1.938253111925052,17.97488922756449,3.4839884981834963,0.010205015896604082,6.518975447778826,0.5576986846881482,-0.7337699343875101,1.867947055634147,Standard
2067.7850754087285,2094.886896641422,43495.91299495886,0.0005697418767805829,0.002097444238176531,1.9186958707869255,18.041177324861,3.4615532437345515,0.010273837720948208,6.321977980165397,0.5598929302069564,-0.7249980777698966,1.8723792450634278,Standard
2086.927670585225,2114.2803879088965,43271.64087234714,0.0005714129810898864,0.0020615234619144876,1.8994116166127213,18.108431121587824,3.4395364430975244,0.010342286673494901,6.131673990335168,0.5620914073485892,-0.7162065511686251,1.8768204456336548,Standard
2106.2474790294095,2133.8534151237022,43047.65223159291,0.0005730197592470327,0.002026134861604763,1.8803962464782447,18.176661221463217,3.41793255343461,0.010410347348002948,5.947818287312664,0.5642936939233323,-0.7073970244048269,1.8812698165688744,Standard
2125.7461412995203,2153.6076403463685,42823.953245515884,0.0005745615060180322,0.001991272034024373,1.8616457111557292,18.24587826273213,3.3967361014084823,0.010478004456546753,5.7701750736009565,0.5664993679733925,-0.6985711661116056,1.8857265175888074,Standard
2145.4253131413284,2173.544741024015,42600.55022509214,0.0005760375500890503,0.0019569286444355116,1.8431560146632489,18.316092918538292,3.3759416827934796,0.010545242839670206,5.598517576854678,0.5687080081207796,-0.6897306423447844,1.8901897095937557,Standard
2165.286665628725,2193.6664101327833,42377.44961440913,0.0005774472546840867,0.0019230984251435103,1.8249232138166258,18.387315897357208,3.355543962086665,0.010612047476374002,5.432627696112346,0.5709191939193943,-0.6808771151694373,1.8946585553917998,Standard
2185.331885305629,2213.974356321603,42154.657985515456,0.0005787900181375494,0.0018897751740992765,1.8069434177841495,18.45955794349671,3.3355376721206484,0.010678403493914898,5.272295662018569,0.5731325061909729,-0.6720122412964429,1.8991322203630148,Standard
2205.5626743292055,2234.470304057288,41932.18203318021,0.0005800652744221448,0.0018569527535479832,1.7892127876427109,18.53282983765327,3.3159176136735615,0.010744296177416563,5.117319710473549,0.5753475273589856,-0.6631376707581467,1.9036098731208995,Standard
2225.9807506143957,2255.1559937709617,41710.02856956192,0.0005812724936301834,0.0018246250887217702,1.7717275359359665,18.607142397532577,3.2966786550790053,0.010809710979269029,4.96750576918754,0.5775638417809432,-0.654255045566515,1.9080906862027973,Standard
2246.5878479798007,2276.03318200585,41488.20451879835,0.0005824111824079318,0.0017927861665769003,1.7544839262341718,18.682506478533305,3.2778157318352465,0.01087463352830526,4.822667156629233,0.5797810360642188,-0.6453659984410933,1.912573836684146,Standard
2267.385716294917,2297.1036415664494,41266.716911530384,0.000583480884343332,0.001761430034576316,1.7374782726947797,18.75893297448648,3.259323846210792,0.010939049638751287,4.682624292872839,0.5819986993788007,-0.6364721515579959,1.9170585068127366,Standard
2288.37612162871,2318.369161669047,41045.57287935906,0.0005844811803054172,0.0017305507995150546,1.7207069396244874,18.83643281845899,3.2411980668492832,0.011002945318928092,4.547204421881206,0.5842164237645875,-0.6275751153111742,1.9215438846328539,Standard
2309.5608463996045,2339.831548093676,40824.77964925164,0.0005854116887360955,0.001700142626389831,1.7041663410418868,18.915016983614727,3.2234335283711855,0.011066306779702002,4.416241344767614,0.5864338044232227,-0.6186764871355308,1.9260291645644543,Standard
2330.941689526821,2361.4926233374354,40604.34453790212,0.0005862720658938252,0.0016701997373117076,1.6878529402407125,18.994696484133513,3.206025430972467,0.011129120442672086,4.289575163603837,0.5886504400062904,-0.6097778503576592,1.9305135479837645,Standard
2352.520466583138,2383.3542267692565,40384.27494605481,0.000587062006049136,0.0016407164104613743,1.6717632493535157,19.075482376187857,3.1889690400201536,0.011191372948085079,4.167052035357418,0.5908659328929389,-0.600880773073527,1.934996243786543,Standard
2374.299009949073,2405.4182147861043,40164.578352798024,0.0005877812416319125,0.0016116869790862316,1.6558938289156726,19.157385758977288,3.1722596856447485,0.011253051162468388,4.048523935558152,0.5930798894571581,-0.5919868070739085,1.9394764689220665,Standard
2396.279168968465,2427.686460970596,39945.26230983923,0.0005884295433309335,0.001583105830539284,1.6402412874294252,19.2404177758171,3.1558927623286235,0.01131414218597581,3.9338484313076747,0.5952919203236888,-0.5830974868160865,1.9439534489105768,Standard
2418.4628101055214,2450.1608562501096,39726.334435766,0.0005890067201457021,0.0015549674053585447,1.6248022809278504,19.324589615281447,3.1398637284903943,0.011374633359438226,3.8228884632627733,0.5975016406173381,-0.5742143284231815,1.9484264183425353,Standard
2440.851817103316,2472.843309057359,39507.802410303404,0.0005895126193909433,0.001527266196386572,1.609573512538797,19.409912512401206,3.124168106065636,0.011434512271111,3.715512136238396,0.5997086701969465,-0.5653388287340704,1.9528946213546874,Standard
2463.448091143734,2495.735745492434,39289.673968573894,0.0005899471266543892,0.001499996747929264,1.594551732048432,19.496397749912255,3.1088014800827737,0.011493766763116104,3.6115925180873525,0.6019126338843535,-0.5564724643945738,1.9573573120899255,Standard
2486.2535510089233,2518.8401094863675,39071.95689536871,0.0005903101657082601,0.001473153654953168,1.5797337354645618,19.58405665955659,3.0937594982350958,0.011552384937570149,3.511007446530838,0.604113161676878,-0.5476166909905942,1.9618137551247514,Standard
2509.270133244232,2542.158362966211,38854.659019437524,0.0005906016983753081,0.0014467315623204915,1.5651163645794084,19.672900623431655,3.0790378704477326,0.011610355162397954,3.4136393436231947,0.6063098889534331,-0.5387729422269558,1.9662632258900885,Standard
2532.499792322638,2565.6924860216163,38637.78820780317,0.0005908217243499017,0.0014207251640607193,1.550696506532028,19.76294107538962,3.0646323684405,0.01166766607682452,3.31937503755027,0.6085024566665425,-0.5299426291497866,1.9707050110571345,Standard
2555.9445008107336,2589.4444770729983,38421.35236010987,0.0005909702809753427,0.0013951292026782856,1.53647109337006,19.85418950248258,3.050538825285578,0.01172430659654619,3.2281055914690455,0.6106905115240124,-0.5211271394117603,1.975138408903149,Standard
2579.6062495362094,2613.416353041212,38205.359403010814,0.0005910474429780202,0.001369938468495044,1.5224371016110365,19.946657446454914,3.0367531349609016,0.011780265918575401,3.139726139111264,0.6128737061599168,-0.5123278365867918,1.9795627296644511,Standard
2603.4870477569166,2637.610149518831,37989.817284601835,0.0005910533221596657,0.0013451477990267288,1.508591551802966,20.04035650527883,3.023271251898325,0.01183553352576106,3.0541357268813085,0.6150516992946677,-0.503546059528162,1.9839772958549702,Standard
2627.5889233314897,2662.027920943008,37774.73396890833,0.0005909880670486288,0.0013207520783923947,1.4949315080844015,20.135298334734227,3.0100891905273572,0.011890099190980708,2.9712371621922316,0.6172241558829228,-0.4947831217619978,1.988381442572063,Standard
2651.913922891532,2686.6717407699157,37560.117430430466,0.0005908518625112901,0.001296746236755664,1.4814540777439258,20.23149465003043,2.9972030248142,0.011943952981005325,2.8909368677921634,0.6193907472511455,-0.48604031094214406,1.9927745177778888,Standard
2676.4641120154115,2711.5437016508204,37345.97564875379,0.0005906449293250824,0.0012731252497970346,1.468156410778922,20.328957227467022,2.9846088877956207,0.011997085260039309,2.8131447418426805,0.6215511512232297,-0.4773188883386865,1.9971558825506008,Standard
2701.241575403672,2736.645915609792,37132.31660323029,0.0005903675237140721,0.001249884138215921,1.4550356994538942,20.427697906135332,2.972302971108647,0.012049486692932997,2.7377740235223804,0.6237050522361187,-0.4686200883646734,2.0015249113286018,Standard
2726.248417056038,2761.9805142230325,36919.148267734934,0.0005900199368485492,0.0012270179672613922,1.4420891778582374,20.527728589657166,2.9602815245155734,0.012101148248071644,2.6647411639356338,0.6258521414443976,-0.4599451181641143,2.0058809921231955,Standard
2751.4867604500896,2787.549648799886,36706.47860550427,0.0005896024943101846,0.001204521846290787,1.4293141214634268,20.629061247958923,2.9485408554241634,0.012152061199943946,2.5939657021156113,0.6279921168132887,-0.45129515722953784,2.010223526707364,Standard
2776.958748721585,2813.355490565531,36494.3155640604,0.000589115555523873,0.0011823909283547604,1.4167078466798484,20.731707919081867,2.937077328403803,0.012202217131390268,2.525370145920304,0.6301246832032348,-0.4426713570614993,2.014551930800451,Standard
2802.6665448464305,2839.4002308453314,36282.667070225354,0.0005885595131578521,0.0011606204098077973,1.4042677104132384,20.83568071102551,2.9258873646973065,0.012251607935535471,2.4588798576267785,0.6322495524412943,-0.43407484087515513,2.0188656342122613,Standard
2828.61233182436,2865.686081250926,36071.54102523118,0.0005879347924936786,0.0011392055299432366,1.3919911096207902,20.940991803623408,2.9149674417285625,0.012300225817409957,2.3944229440370366,0.6343664433841241,-0.425506703343558,2.0231640809782334,Standard
2854.798312864317,2892.215273868037,35860.945299928026,0.0005872418507674104,0.001118141570651424,1.3798754808670384,21.04765345045006,2.9043140926062554,0.012348063295262774,2.331930150916496,0.6364750819717528,-0.4169680103872224,2.0274467294754572,Standard
2881.2267115715163,2918.990061445989,35650.88773009592,0.0005864811764837509,0.0010974238561002048,1.367918299879551,21.155677980756607,2.893923905623583,0.012395113201572484,2.271334761592731,0.6385752012689636,-0.4084597989962049,2.031713052512032,Standard
2907.8997721362934,2946.012717589026,35441.37611186225,0.0005856532887045119,0.0010770477524363927,1.356117081104602,21.265077801436245,2.8837935237545986,0.012441368683758985,2.2125724995495846,0.6406665414999679,-0.39998307708833636,2.0359625374093184,Standard
2934.819759524648,2973.2855369493595,35232.41819722841,0.000584758736313057,0.001057008667507197,1.3444693772628722,21.37586539901616,2.8739196441470236,0.012486823204603188,2.1555814348576554,0.6427488500729623,-0.39153882341224744,2.0401946860581006,Standard
2961.988959670582,3000.8108354220235,35024.02168970961,0.0005837980972564468,0.001037302050600689,1.3329727789052264,21.488053341675144,2.864299017611645,0.012531470542380732,2.1003018942884797,0.644821881595135,-0.38312798748222576,2.044409014955704,Standard
2989.4096796702247,3028.590950341545,34816.19424008875,0.0005827719777666535,0.001017923392203952,1.3216249139687697,21.60165428128664,2.8549284481088555,0.01257530479071447,2.0466763749664194,0.6468853978780089,-0.3747514895453605,2.048605055232599,Standard
3017.0842479777234,3056.6282406804007,34608.943442288386,0.0005816810115626282,0.0009988682237781,1.3104234473332326,21.716680955485,2.8458047922322613,0.012618320358153415,1.9946494614173589,0.648939167938579,-0.3664102205866584,2.0527823526603584,Standard
3045.0150146029723,3084.92508724934,34402.27682936193,0.0005805258590347353,0.000980132117548983,1.2993660803778042,21.833146189754554,2.8369249586896963,0.012660511967484451,1.9441677458791906,0.6509829679873746,-0.3581050423645138,2.056940467642164,Standard
3073.2043513111767,3113.483892899563,34196.20186960605,0.0005793072064131849,0.0009617106863125836,1.2884505505385142,21.95106289953982,2.8282859077817637,0.012701874654784319,1.8951797517443365,0.6530165814127713,-0.3498367874780115,2.061078975192345,Standard
3101.6546518242353,3142.307082726744,33990.72596279641,0.0005780257649219969,0.000943599583254115,1.277674630866342,22.070444092376647,2.819884650878357,0.012742403768218233,1.847635860010007,0.6550397987540464,-0.341606259462651,2.0651974648944815,Standard
3130.3683320240134,3171.397104276966,33785.85643654741,0.0005766822699201288,0.0009257945017797912,1.2670361295860861,22.19130287004235,2.8117182498931066,0.01278209496659387,1.80148823861621,0.6570524176701156,-0.33341423291642514,2.0692955408536022,Standard
3159.3478301574996,3200.756427754569,33581.600542797234,0.0005752774800312316,0.0009082911753602844,1.2565328896561903,22.313652430724964,2.8037838167562716,0.012820944217677212,1.7566907745569849,0.6590542429015613,-0.32526145365636694,2.07337282163013,Standard
3188.59560704383,3230.387546231887,33377.965454419886,0.0005738121762637408,0.000891085377385069,1.2461627883295687,22.43750607120892,2.796078512885934,0.012858947796279855,1.7131990086542006,0.661045086223794,-0.31714863889510525,2.0774289401626334,Standard
3218.114146283276,3260.2929758609735,33174.958261963126,0.0005722871611225145,0.0008741729210264326,1.2359237367156695,22.562877189079167,2.7885995486583464,0.012896102282123019,1.6709700728885104,0.6630247663954378,-0.3090764774449326,2.081463543682105,Standard
3247.905954468118,3290.4752560872407,32972.58597051461,0.0005707032577138042,0.000857549659112566,1.2258136793437764,22.6897792849398,2.7813441828770253,0.012932404557489377,1.6299626301852228,0.6649931091014878,-0.30104562995006745,2.085476293609588,Standard
3277.9735613955045,3320.9369498651095,32770.85549669524,0.000569061308844836,0.0008412114840086694,1.2158305937277456,22.818225964648466,2.7743097222412407,0.012967851804669066,1.5901368165577396,0.6669499468894173,-0.2930567291364241,2.089466865445388,Standard
3308.319520282285,3351.680643875653,32569.773665779976,0.0005673621761194637,0.0008251543275052632,1.2059724899322681,22.948230941565026,2.7674935208139897,0.013002441503208896,1.55145418551466,0.6688951191002843,-0.2851103800804822,2.093434948650952,Standard
3338.946407981793,3382.7089487462285,32369.34720894597,0.0005656067390312113,0.0008093741607128657,1.196237410140845,23.079808038814477,2.7608929794899284,0.013036171426972113,1.5138776546407393,0.6708284717959714,-0.2772071605069186,2.0973802465190374,Standard
3369.856825202678,3414.024499272171,32169.58276064816,0.0005637958940552747,0.0007938669939623744,1.1866234282254575,23.21297119156186,2.7545055454629916,0.013069039641019409,1.477371454264738,0.6727498576808557,-0.2693476210984045,2.1013024760346184,Standard
3401.053396729753,3445.629954640538,31970.48685612033,0.0005619305537404585,0.0007786288767101273,1.1771286493182171,23.347734449300916,2.7483287116945996,0.013101044498316583,1.4419010781317494,0.6746591360199545,-0.26153228582279553,2.105201367732377,Standard
3432.5387716468613,3477.527998655898,31772.065929002933,0.0005600116458026515,0.0007636558974472178,1.1677512093849964,23.484111978153773,2.742360016382175,0.01313218463627966,1.4074332359998787,0.6765561725501357,-0.2537616522811277,2.109076665539476,Standard
3464.3156235618344,3509.7213399682364,31574.326309094446,0.0005580401122207861,0.0007489441836120428,1.1584892748012103,23.622118063182633,2.736597042428502,0.013162458973164452,1.3739358080849375,0.6784408393917829,-0.2460361920664127,2.1129281266183284,Standard
3496.3866508335377,3542.212712302975,31377.274220227293,0.0005560169083367075,0.0007344899015056821,1.149341041929832,23.761767110712185,2.7310374169119958,0.013191866704309687,1.341377801279575,0.6803130149545495,-0.23835635113925946,2.1167555212006732,Standard
3528.7545768009754,3575.0048746930834,31180.915778265833,0.0005539430019599088,0.00072028925620927,1.1403047367017989,23.903073650662687,2.7256788105582626,0.013220407298241303,1.309729307076455,0.6821725838397015,-0.23072255021600085,2.120558632415964,Standard
3561.4221500145773,3608.100611713393,30985.256989225367,0.0005518193724783633,0.0007063384915028329,1.131378614198849,24.04605233889308,2.7205189372129848,0.013248080492647023,1.2789614611275169,0.6840194367405275,-0.22313518516796194,2.1243372561148703,Standard
3594.392144469566,3641.5027337170277,30790.30374751094,0.0005496470099763961,0.0006926338897849648,1.1225609582389802,24.190717959554263,2.7155555533166145,0.013274886290228136,1.249046404374591,0.6858534703405894,-0.2155946274328926,2.1280912006907897,Standard
3627.6673598415264,3675.214077074055,30596.061834274064,0.0005474269143607216,0.0006791717719928225,1.1138500809645402,24.33708542745139,2.7107864573807663,0.013300824954438037,1.219957245688634,0.6876745872069705,-0.20810122443469936,2.1318202868928324,Standard
3661.250621724151,3709.2375044123537,30402.536915885572,0.0005451600944954525,0.0006659484975218336,1.1052443224331443,24.48516979041635,2.706209489466921,0.013325897005113599,1.1916680259579615,0.6894826956834095,-0.2006553000119311,2.1355243476375563,Standard
3695.1447818691577,3743.575904860672,30209.734542523296,0.0005428475673471776,0.0006529604641447378,1.0967420502114258,24.63498623168819,2.701822530667195,0.013350103214009331,1.1641536835676547,0.7094361719000517,-0.1221171174107667,2.2695749087532135,Standard
3729.3527184284603,3778.2321942939725,30007.616160616635,0.0005384867852351988,0.0006386677126797218,1.089055357141892,24.802804265353885,2.7011626857325415,0.013355922120025747,1.1396290762228245,0.6948174659681854,-0.17902369413388897,2.1555655195520558,Standard
3763.877336198578,3813.2093155810467,29825.3527387912,0.0005378952359707002,0.0006275289057008287,1.0801100792170533,24.941458758095234,2.6939520994995108,0.01339422312881082,1.1115651733604954,0.6952368953634505,-0.17707726415540037,2.1511302903421097,Standard
3798.721566867278,3848.5102388343894,29625.577057507555,0.0005335996874486429,0.0006138430034828632,1.072558210604446,25.11179198053722,2.693385867171608,0.013399580580267337,1.0882059784976341,0.6966515354026797,-0.17109270549599387,2.1507502956159783,Standard
3833.8883692625336,3884.137961662419,29444.86641825382,0.0005329594239014498,0.0006031413805584346,1.0638061333800155,25.25354344890764,2.6864874410526656,0.013436524728745127,1.0615830438575415,0.6987392870294116,-0.16260576230820334,2.158458827426216,Standard
3869.3807296037844,3920.095509424033,29246.5139630342,0.0005285464648869233,0.0005899035386701973,1.0564499197783135,25.4279735364435,2.6863380602700815,0.013439796770326218,1.0395171299251773,0.7001239670406676,-0.1567254085255172,2.1579100563158136,Standard
3905.2016617554928,3956.3859354854853,29067.373745261775,0.000527861345466939,0.0005796251340312026,1.0478851225528008,25.572872436306177,2.6797432566945836,0.0134753913340241,1.0142493176542156,0.702188710935161,-0.1483273572981716,2.1656941963127565,Standard
3941.354207483094,3993.0123214796927,28870.46560326388,0.0005233354368839262,0.0005668221077843895,1.0407186053339135,25.751477861873756,2.6800042125696404,0.01347658683738106,0.9933969885157451,0.7376327069084526,-0.009627139570485714,2.4238946011864324,Standard
3977.8414367112646,4029.977777567888,24703.21296361087,0.0002528509539654991,0.0002751078368046372,1.0430837574255998,26.169234782180297,2.7296703745549316,0.013233831958442853,0.9999999999999973,0.6557519737550138,1.4933167817604687,2.9866335635209373,Self-Reg
4014.66644778462,4067.285442703733,24554.300115102393,0.00024595666375905735,0.00026763957005193867,1.0431478445682156,26.53509869768224,2.768003101189209,0.0130529686963985,0.9999999999999976,0.6565316710434509,1.493348729723574,2.986697459447148,Self-Reg
4051.8323677308267,4104.9384848998825,24406.110399589295,0.00023925035479889912,0.00026037388908367967,1.0432116292908142,26.90606974111755,2.8068724852443507,0.01287457346361263,0.9999999999999977,0.657303997645095,1.4933805191332157,2.9867610382664314,Self-Reg
4089.342352526109,4142.940101496967,24258.643204411317,0.00023272690154666034,0.00025330530340807064,1.0432751130576752,27.282219132476918,2.8462860249899125,0.012698612652036775,0.9999999999999974,0.6580690342746022,1.4934121508318703,2.9868243016637406,Self-Reg
4127.199587363258,4181.293519435117,24111.89785761003,0.000226381318218042,0.0002464284711801899,1.0433382973256347,27.663619084282967,2.8862513233260723,0.012525053109963557,0.9999999999999978,0.6588268606670967,1.4934436256570072,2.9868872513140143,Self-Reg
4165.407286922109,4220.001995527986,23965.873629244557,0.000220208754972245,0.00023973819518262023,1.0434011835441241,28.050342815416343,2.9267760892423826,0.012353862135855013,0.9999999999999976,0.6595775555895823,1.4934749444411233,2.9869498888822466,Self-Reg
4203.968695642508,4259.068816739291,23820.569732686516,0.00021420449420530644,0.00023322941891461074,1.043463773155214,28.44246456513428,2.9678681392968485,0.01218500747225391,0.9999999999999976,0.6603211968522915,1.4935061080117782,2.9870122160235564,Self-Reg
4242.887087999813,4298.49730046193,23675.985325894366,0.0002083639469445,0.0002268972227868293,1.0435260675936529,28.840059607284562,3.0095353991156206,0.012018457299776951,0.9999999999999974,0.6610578613199655,1.4935371171916272,2.9870742343832544,Self-Reg
4282.165768782973,4338.2907947997,23532.119512667443,0.00020268264934104622,0.00022073682041886435,1.0435880682869085,29.243204264717495,3.051785904913602,0.01185418023118868,0.9999999999999974,0.6617876249230633,1.4935679727984563,2.9871359455969126,Self-Reg
4321.808073375126,4378.452678851578,23388.971343880155,0.00019715625925845849,0.00021474355503671251,1.043649776655208,29.651975923898217,3.0946278050361977,0.01169214530555533,0.999999999999997,0.6625105626688991,1.4935986756452155,2.987197351290431,Self-Reg
4361.81736803684,4418.986362998671,23246.53981869615,0.00019178055295390666,0.00020891289596754474,1.0437111941115775,30.066453049722895,3.1380693615225956,0.011532321982477091,0.9999999999999976,0.6632267486526997,1.4936292265400517,2.9872584530801034,Self-Reg
4402.197050191976,4459.895289193826,23104.82388576298,0.000186551421850068,0.00020324043522913657,1.043772322061882,30.48671520054118,3.1821189516908137,0.011374680136398106,0.9999999999999977,0.6639362560685867,1.4936596262863424,2.987319252572685,Self-Reg
4442.95054871615,4501.182931253876,22963.822444387548,0.00018146486939500317,0.0001977218842114135,1.043833161904865,30.912843043387493,3.2267850697447975,0.01121919005099312,0.9999999999999977,0.6646391572204733,1.4936898756827282,2.9873797513654563,Self-Reg
4484.081324227939,4542.852795154656,22823.534345692166,0.00017651700800764192,0.0001923530704476145,1.0438937150321876,31.344918369425116,3.2720763284039847,0.011065822413629422,0.9999999999999979,0.6653355235328787,1.4937199755231454,2.987439951046291,Self-Reg
4525.5928693827045,4584.908419328686,22683.958393752033,0.00017170405610656404,0.00018712993447267553,1.0439539828284679,31.78302410960455,3.318001460555488,0.010914548309903665,0.9999999999999977,0.6660254255616569,1.4937499265968583,2.9874998531937167,Self-Reg
4567.488709169194,4627.3533749656535,22545.093346713842,0.00016702233521978684,0.0001820485267664651,1.0440139666713182,32.227244350540545,3.3645693209293666,0.010765339218251957,0.9999999999999978,0.6667089330046372,1.4937797296884918,2.9875594593769836,Self-Reg
4609.772401208881,4670.191266315677,22406.937917896004,0.00016246826717335953,0.0001771050047795911,1.0440736679313856,32.67766435061011,3.411788887797217,0.01061816700463261,0.9999999999999973,0.6673861147121741,1.4938093855780616,2.9876187711561233,Self-Reg
4652.44753605803,4713.425730995337,22269.49077687079,0.0001580383713566176,0.00017229563003955705,1.044133087972389,33.134370556274334,3.4596692646944125,0.010473003917280548,0.9999999999999976,0.6680570386976069,1.4938388950410073,2.9876777900820146,Self-Reg
4695.517737512613,4757.060440296583,22132.750550528377,0.00015372926206199888,0.0001676167653350889,1.0441922281511569,33.59745061862795,3.5082196821663585,0.010329822581532273,0.9999999999999977,0.6687217721476258,1.4938682588482233,2.9877365176964465,Self-Reg
4738.986662916039,4801.099099498492,21996.715824123185,0.00014953764589739355,0.0001630648719765329,1.044251089817666,34.0669934101793,3.5574494995390977,0.010188595994720493,0.9999999999999974,0.6693803814325462,1.4938974777660885,2.987794955532177,Self-Reg
4782.8580034696915,4845.545448181889,21861.38514230279,0.00014546031926905274,0.00015863650713027284,1.044309674315078,34.543089041863595,3.607368206714531,0.010049297521137627,0.999999999999997,0.6700329321164833,1.4939265525564989,2.9878531051129977,Self-Reg
4827.135484546381,4890.403260546896,21726.757010119512,0.00014149416593312614,0.0001543283212251661,1.0443679829797774,35.025828880293474,3.657985425990692,0.00991190088706708,0.9999999999999976,0.6706794889674356,1.4939554839768971,2.9879109679537943,Self-Reg
4871.8228660067125,4935.67634573345,21592.829894024813,0.0001376361546139574,0.0001501370554290539,1.0444260171414084,35.51530556524989,3.709310913907402,0.009776380175881378,0.9999999999999973,0.6713201159672678,1.4939842727803028,2.9879685455606055,Self-Reg
4916.923942518312,4981.368548144716,21459.602222847163,0.000133883336687327,0.00014605953919346763,1.044483778122911,36.01161302741593,3.761354563117564,0.009642709823206546,0.9999999999999973,0.6719548763215967,1.4940129197153418,2.9880258394306836,Self-Reg
4962.4425438781,5027.483747773583,21327.072388752997,0.00013023284392685582,0.00014209268786467374,1.0445412672405598,36.514846506358516,3.8141264042846243,0.009510864612151396,0.9999999999999973,0.6725838324695783,1.494041425526278,2.988082851052556,Self-Reg
5008.382535337465,5074.025860532095,21195.23874819151,0.00012668188631186262,0.000138233500359284,1.0445984858039974,37.025102568759536,3.86763660800639,0.009380819668601324,0.9999999999999973,0.6732070460935976,1.4940697909530403,2.9881395819060805,Self-Reg
5054.747817930499,5120.998838583997,21064.09962282319,0.00012322774989498913,0.00013447905690267762,1.0446554351162725,37.54247912690157,3.9218954867656937,0.009252550456575378,0.9999999999999976,0.6738245781288541,1.4940980167312536,2.9881960334625073,Self-Reg
5101.542328805278,5168.406670680349,20933.65330043236,0.00011986779472796658,0.00013082651682854446,1.0447121164738757,38.067075457410944,3.9769134969082516,0.009126032773645924,0.9999999999999976,0.6744364887728532,1.494126103592268,2.988252207184536,Self-Reg
5148.770041558149,5216.2533824982,20803.898035824193,0.00011659945284394245,0.00012727311643790444,1.0447685311667747,38.5989922202613,4.032701240648016,0.009001242746420142,0.9999999999999976,0.6750428374947911,1.4941540522631858,2.9883081045263715,Self-Reg
5196.434966571173,5264.543036982452,20674.83205170603,0.00011342022629481838,0.00012381616691599004,1.0448246804784493,39.13833147804226,4.089269468100515,0.008878156826082359,0.9999999999999974,0.6756436830448441,1.494181863466892,2.988363726933784,Self-Reg
5244.541151352682,5313.27973469088,20546.453539553448,0.00011032768524210182,0.00012045305230543476,1.0448805656859286,39.685196715496566,4.1466290793445415,0.00875675178399642,0.9999999999999976,0.6762390834633534,1.4942095379220817,2.9884190758441633,Self-Reg
5293.09268088095,5362.467614142308,20418.76066046137,0.00010731946609981657,0.00011718122753425058,1.0449361880598238,40.2396928593286,4.204791126512494,0.008637004707367519,0.9999999999999973,0.6768290960899112,1.4942370763432884,2.988474152686577,Self-Reg
5342.093677951082,5412.110852168046,20291.751545980183,0.00010439326972804617,0.0001139982164971103,1.0449915488643642,40.80192629828932,4.263766815909898,0.008518892994962378,0.9999999999999973,0.6774137775723446,1.4942644794409121,2.9885289588818242,Self-Reg
5391.548303525126,5462.213664266588,20165.42429893723,0.00010154685967573222,0.00011090161018849787,1.0450466493574317,41.37200490354091,4.323567510164467,0.00840239435288717,0.9999999999999977,0.6779931838755996,1.4942917479212467,2.9885834958424935,Self-Reg
5441.460757085364,5512.780304961535,20039.77699424394,9.877806047138813e-05,0.0001078890648863312,1.0451014907905953,41.95003804930444,4.384204730405027,0.008287486790422476,0.9999999999999973,0.6785673702905235,1.4943188824865075,2.988637764973015,Self-Reg
5491.835276990962,5563.815068162918,19914.807679688598,9.608475596041444e-05,0.00010495830038468636,1.0451560744091448,42.53613663379586,4.445690158470909,0.008174148615914265,0.9999999999999972,0.6791363914425482,1.4943458838348582,2.9886917676697164,Self-Reg
5542.676140837828,5615.322287531777,19790.5143767152,9.346488768775335e-05,0.00010210709827430741,1.0452104014521257,43.1304131004527,4.508035639152018,0.008062358432720457,0.9999999999999974,0.6797003013002701,1.494372752660439,2.988745505320878,Self-Reg
5593.987665821872,5667.306336848177,19666.895081188417,9.091645332463926e-05,9.933330026960349e-05,1.045264473152372,43.73298145945694,4.57125318246017,0.007952095135212084,0.9999999999999976,0.6802591531839336,1.4943994896533919,2.9887989793067837,Self-Reg
5645.774209105619,5719.771630382627,19543.947764144883,8.843750513824611e-05,9.663480658088253e-05,1.04531829073654,44.34395730955759,4.635354965932084,0.007843337904828355,0.9999999999999973,0.6808129997738127,1.4944260954998883,2.9888521909997765,Self-Reg
5698.040168188164,5772.722623270889,19421.670372531207,8.602614850306403e-05,9.40095743306017e-05,1.045371855425142,44.96345786019663,4.700353336964393,0.007736066206185097,0.9999999999999971,0.6813618931184945,1.4944525708821554,2.988905141764311,Self-Reg
5750.789981278611,5826.163811892302,19300.060829928618,8.368054045286262e-05,9.145561601244126e-05,1.0454251684325804,45.59160195394347,4.76626081518125,0.007630259783235577,0.9999999999999973,0.6819058846430618,1.4944789164785017,2.9889578329570035,Self-Reg
5804.028127672963,5880.099734251622,19179.117037264565,8.139888827213676e-05,8.89709979920484e-05,1.045478230967178,46.22851008924209,4.833090094834915,0.007525898655483152,0.9999999999999972,0.6824450251571796,1.4945051329633436,2.9890102659266873,Self-Reg
5857.759128134448,5934.534970364326,19058.83687351164,7.917944812596091e-05,8.65538390483284e-05,1.0455310442312131,46.87430444347406,4.900854047239722,0.0074229631142451276,0.9999999999999972,0.6829793648630835,1.494531221007231,2.989062442014462,Self-Reg
5911.987545277426,5989.474142645552,18939.218196373637,7.702052372719925e-05,8.420230895418224e-05,1.0455836094209516,47.529108896343494,4.969565723240029,0.007321433718966939,0.9999999999999979,0.683508953363467,1.4945571812768723,2.9891143625537446,Self-Reg
5966.717983954841,6044.921916302634,18820.258842959283,7.492046504005678e-05,8.191462709562981e-05,1.0456359277266785,48.19304905358755,5.039238355712534,0.007221291293586115,0.9999999999999974,0.6840338396692781,1.4945830144351608,2.9891660288703217,Self-Reg
6021.955091649211,6100.882999731208,18701.95663044368,7.287766701898124e-05,7.968906112828242e-05,1.0456880003327311,48.86625227101652,5.109885362103404,0.00712251692294538,0.9999999999999971,0.684554072207415,1.4946087211411996,2.989217442282399,Self-Reg
6077.703558867295,6157.362144915058,18584.309356717626,7.089056838194845e-05,7.752392567015241e-05,1.0457398284175308,49.5488476788893,5.181520347000807,0.00702509194925412,0.9999999999999973,0.6850696988283279,1.4946343020503254,2.989268604100651,Self-Reg
6133.968119538403,6214.364147829645,18467.314801024986,6.895765041719559e-05,7.54175810298202e-05,1.0457914131536141,50.240966206628244,5.254157104743272,0.006928997968597635,0.9999999999999974,0.6855807668135255,1.4946597578141352,2.9893195156282704,Self-Reg
6190.753551416343,6271.893848849325,18350.97072458849,6.707743582249255e-05,7.33684319690069e-05,1.0458427557076648,50.94274060787754,5.327809622064341,0.006834216827493602,0.9999999999999977,0.6860873228829877,1.4946850890805092,2.9893701781610185,Self-Reg
6248.064676485175,6329.9561331584155,18235.274871223774,6.52484875760589e-05,7.137492649861627e-05,1.0458938572405458,51.65430548591142,5.402492080774137,0.006740730619494905,0.9999999999999972,0.6865894132024841,1.4947102964936363,2.9894205929872726,Self-Reg
6305.906361368638,6388.55593116599,18120.224967942246,6.346940783826922e-05,6.943555470734943e-05,1.0459447189073297,52.375797319395424,5.478218860478231,0.006648521681838492,0.9999999999999972,0.687087083390801,1.4947353806940373,2.9894707613880747,Self-Reg
6364.283517743411,6447.69821892456,18005.818725542635,6.173883688330361e-05,6.754884762200664e-05,1.0459953418573296,53.107354488506665,5.555004541334391,0.0065575725921394115,0.9999999999999972,0.6875803785268748,1.4947603423185905,2.989520684637181,Self-Reg
6423.201102756218,6507.388018552642,17892.05383919151,6.0055452059927435e-05,6.571337609862264e-05,1.0460457272341308,53.84911730141824,5.632863906847804,0.006467866165129483,0.9999999999999973,0.6880693431568354,1.4947851820005538,2.9895703640011075,Self-Reg
6482.664119444729,6567.630398661179,17778.927988993055,5.841796678060857e-05,6.392774974360357e-05,1.0460958761756207,54.60122802115141,5.711811946705123,0.0063793854494401305,0.9999999999999977,0.6885540213009568,1.494809900369589,2.989619800739178,Self-Reg
6542.677617162418,6628.430474783962,17666.438840548057,5.6825129538196005e-05,6.219061586405241e-05,1.0461457898140194,55.36383089280261,5.791863859648079,0.006292113724428593,0.9999999999999972,0.6890344564605217,1.4948344980517856,2.989668996103571,Self-Reg
6603.2466920073475,6689.793409812041,17554.58404550237,5.527572294940983e-05,6.050065844649493e-05,1.0461954692759112,56.13707217114952,5.873035056387145,0.006206034497046989,0.9999999999999976,0.6895106916245949,1.494858975669684,2.989717951339368,Self-Reg
6664.376487254876,6751.724414432098,17443.361242085135,5.3768562824413266e-05,5.885659716324136e-05,1.0462449156822717,56.921100148640676,5.95534116255567,0.00612113149875383,0.999999999999997,0.6899827692767073,1.494883333842298,2.989766667684596,Self-Reg
6726.07219379442,6814.228747568933,17332.768055636683,5.230249726175225e-05,5.725718640563305e-05,1.046294130148502,57.71606518377587,6.038798021705301,0.0060373886824671204,0.9999999999999974,0.690450731401456,1.4949075731851384,2.989815146370277,Self-Reg
6788.339050570258,6877.311716832055,17222.802099126446,5.087640576797294e-05,5.570121434344981e-05,1.0463431137844539,58.52211972988132,6.123421698343065,0.005954790219558692,0.9999999999999972,0.6909146194910157,1.494931694310236,2.989863388620472,Self-Reg
6851.182345026364,6940.978678966334,17113.46097366105,4.948919840124514e-05,5.418750200977226e-05,1.0463918676944635,59.339418364285144,6.209228481010747,0.005873320496889209,0.9999999999999976,0.6913744745515644,1.4949556978261624,2.989911395652325,Self-Reg
6914.607413555437,7005.235040306923,17004.7422689826,4.813981493833381e-05,5.27149024106072e-05,1.0464403929773773,60.16811781789993,6.296234885407234,0.005792964113883154,0.9999999999999973,0.6918303371096263,1.4949795843380551,2.9899591686761102,Self-Reg
6978.619641952011,7070.086257238302,16896.643563957474,4.682722406428633e-05,5.1282299658611795e-05,1.0464886907265842,61.00837700521628,6.384457657554263,0.005713705879643449,0.9999999999999976,0.6922822472183287,1.495003354447637,2.990006708895274,Self-Reg
7043.2244658698,7135.537836657624,16789.162427055664,4.555042258421236e-05,4.988860813026108e-05,1.0465367620300423,61.86035705471452,6.47391377700632,0.005635530810105037,0.9999999999999973,0.6927302444635771,1.495027008753241,2.990054017506482,Self-Reg
7108.427371283307,7201.595336442367,16682.296416820835,4.4308434656555584e-05,4.853277164582674e-05,1.0465846079703092,62.72422133970035,6.564620460105317,0.005558424125226901,0.9999999999999972,0.6931743679701489,1.4950505478498297,2.9901010956996594,Self-Reg
7174.233894953618,7268.264365922236,16576.04308233135,4.310031104727243e-05,4.7213762671552076e-05,1.0466322296245698,63.60013550956855,6.656595163280452,0.005482371246222178,0.9999999999999972,0.693614656407704,1.4950739723290187,2.9901479446580375,Self-Reg
7240.649624898583,7335.550586355509,16470.399963652253,4.1925128404345366e-05,4.5930581543420254e-05,1.046679628064666,64.48826752150316,6.74985558639416,0.005407357792825608,0.9999999999999972,0.6940511479967167,1.4950972827790971,2.9901945655581943,Self-Reg
7307.680200867358,7403.459711409791,16365.364592278414,4.078198855207743e-05,4.468225571193391e-05,1.0467268043571234,65.38878767261899,6.844419676134693,0.005333369580597954,0.9999999999999973,0.6944838805143267,1.4951204797850497,2.9902409595700994,Self-Reg
7375.331314819249,7471.99750764715,16260.934491569085,3.967001780462989e-05,4.346783900733866e-05,1.0467737595631808,66.30186863254967,6.940305629455813,0.005260392618266974,0.9999999999999969,0.6949128913001144,1.4951435639285777,2.9902871278571554,Self-Reg
7443.608711407091,7541.169795013808,16157.107177173837,3.85883662982759e-05,4.228641092473602e-05,1.0468204947388178,67.22768547649063,7.037531897064555,0.005188413105104223,0.9999999999999973,0.6953382172617938,1.4951665357881199,2.9903330715762397,Self-Reg
7512.5181884650665,7610.982447334375,16053.880157450052,3.753620734186112e-05,4.11370759285488e-05,1.046867010934783,68.16641571870193,7.136117186957529,0.00511741742833741,0.9999999999999972,0.6957598948808345,1.4951893959388738,2.9903787918777476,Self-Reg
7582.065597500992,7681.441392810574,15951.250933872316,3.6512736784976175e-05,4.001896277581739e-05,1.046913309196621,69.11823934647664,7.236080468006395,0.005047392160597784,0.9999999999999977,0.6961779602180018,1.495212144952816,2.990424289905632,Self-Reg
7652.256844193257,7752.5526145247,15849.217001433442,3.551717240335465e-05,3.893122385781419e-05,1.0469593905646999,70.08333885458383,7.337440973593443,0.00497832405740197,0.9999999999999972,0.6965924489188274,1.4952347833987234,2.990469566797447,Self-Reg
7723.097888892261,7824.322150947628,15747.775849037725,3.454875330103086e-05,3.787303455948505e-05,1.04700525607424,71.06189928018952,7.440218205297667,0.004910200054667953,0.9999999999999973,0.6970033962190009,1.495257311842193,2.990514623684386,Self-Reg
7794.594747126559,7896.756096451589,15646.924959886172,3.360673932879738e-05,3.684359263623229e-05,1.0470509067553393,72.05410823826482,7.544431936632254,0.004843007266264649,0.9999999999999972,0.6974108369496923,1.4952797308456625,2.990559461691325,Self-Reg
7866.753490113711,7969.86060182772,15546.66181185399,3.2690410518518844e-05,3.584211760757179e-05,1.047096343633002,73.06015595748744,7.650102216834197,0.004776732981594562,0.9999999999999974,0.6978148055427992,1.4953020409684301,2.9906040819368602,Self-Reg
7939.58024527576,8043.641874808294,15446.983877860604,3.179906653287124e-05,3.4867850167208805e-05,1.0471415677271643,74.08023531664162,7.757249374706534,0.004711364663209302,0.9999999999999977,0.6982153360361241,1.495324242766675,2.99064848553335,Self-Reg
8013.081196759588,8118.106180593901,15347.888626232017,3.093202613008329e-05,3.3920051609086214e-05,1.047186580052721,75.11454188152636,7.865894022514246,0.004646889944457232,0.9999999999999973,0.6986124620784813,1.4953463367934776,2.9906926735869552,Self-Reg
8087.262585962062,8193.259842385469,15249.373521055863,3.0088626643272737e-05,3.2998003268974885e-05,1.047231381619554,76.16327394237732,7.976057059934436,0.004583296627163001,0.9999999999999976,0.6990062169347316,1.4953683235988375,2.990736647197675,Self-Reg
8162.1307120599795,8269.109241921164,15151.436022529286,2.9268223473979876e-05,3.210100598118595e-05,1.0472759734325559,77.22663255180862,8.087759678061365,0.00452057267933854,0.9999999999999972,0.6993966334907518,1.495390203729695,2.99078040745939,Self-Reg
8237.691932544998,8345.660820018327,15054.073587299594,2.8470189599509538e-05,3.1228379549994664e-05,1.0473203564916589,78.30482156328443,8.201023363467478,0.004458706232924954,0.9999999999999973,0.6997837442583342,1.495411977729949,2.990823955459898,Self-Reg
8313.95266376351,8422.921077120423,14957.283668797918,2.769391509370624e-05,3.0379462235378664e-05,1.0473645317918587,79.39804767012579,8.315869902320898,0.004397685581565021,0.9999999999999974,0.700167581380017,1.4954336461404774,2.9908672922809547,Self-Reg
8390.91938146144,8500.896573848979,14861.06371756607,2.693880666079661e-05,2.955361025268446e-05,1.047408500323242,80.50652044505969,8.43232138456024,0.004337499178405876,0.9999999999999977,0.7005481766338538,1.4954552094991556,2.990910418998311,Self-Reg
8468.598621334164,8579.593931560717,14765.411181576534,2.6204287181941488e-05,2.8750197285843458e-05,1.047452263071012,81.63045238031984,8.55040020812765,0.004278135633931412,0.9999999999999974,0.700925561438111,1.495476668340875,2.99095333668175,Self-Reg
8546.99697958152,8659.019832909833,14670.323506545785,2.5489795274151752e-05,2.796861401377197e-05,1.0474958210155132,82.77005892830594,8.670129083260823,0.0042195837138240015,0.9999999999999976,0.7012997668559073,1.4954980231975632,2.9909960463951264,Self-Reg
8626.121113467872,8739.1810224154,14575.798136241167,2.4794784861231698e-05,2.720826764959943e-05,1.047539175132258,83.92555854280772,8.791531036844681,0.004161832336855258,0.9999999999999977,0.7016708235997826,1.4955192745982013,2.9910385491964027,Self-Reg
8705.977741887487,8820.084307034158,14481.832512781177,2.4118724756420052e-05,2.6468581492375692e-05,1.0475823263919513,85.0971727208048,8.914629416823837,0.004104870572805267,0.9999999999999977,0.7020387620362103,1.4955404230688432,2.9910808461376863,Self-Reg
8786.573645935006,8901.736556738468,14388.424076929572,2.3461098256411845e-05,2.57489944909221e-05,1.047625275760516,86.2851260448468,9.039447896676348,0.004048687640410075,0.9999999999999972,0.7024036121900431,1.4955614691326338,2.9911229382652675,Self-Reg
8867.915669481306,8984.144705099709,14295.570268383122,2.2821402746449008e-05,2.5048960819495968e-05,1.0476680241991183,87.48964622602483,9.166010479949929,0.003993272905336923,0.9999999999999973,0.7027654037488995,1.4955824133098274,2.991164826619655,Self-Reg
8950.010719754666,9067.31574987707,14203.268526053282,2.2199149316178815e-05,2.4367949464949505e-05,1.0477105726641927,88.7109641475411,9.294341504861295,0.0039386158781869116,0.9999999999999977,0.7031241660674886,1.4956032561178054,2.991206512235611,Self-Reg
9032.865767927262,9151.256753611733,14111.516288341889,2.1593862385986845e-05,2.3705443825072886e-05,1.047752922107465,89.94931390888428,9.424465648959515,0.0038847062125247694,0.9999999999999974,0.7034799281718771,1.4956239980710948,2.9912479961421896,Self-Reg
9116.487849707139,9235.974844226597,14020.310993410896,2.1005079343517995e-05,2.306094131781765e-05,1.0477950734759804,91.2049328706208,9.556407933854398,0.003831533702935255,0.9999999999999973,0.7038327187636951,1.4956446396813863,2.9912892793627726,Self-Reg
9200.884065935701,9321.477215631607,13929.65007944625,2.0432350190108008e-05,2.243395300110632e-05,1.0478370277121243,92.47806169981034,9.690193730010769,0.003779088283105893,0.999999999999997,0.7041825662242857,1.495665181457551,2.991330362915102,Self-Reg
9286.061583190613,9407.771128334547,13839.530984916177,1.987523719685633e-05,2.182400320294293e-05,1.0478787857536493,93.76894441605174,9.825848761609373,0.0037273600239357413,0.9999999999999972,0.7045294986187948,1.495685623905659,2.991371247811318,Self-Reg
9372.027634394397,9494.863910057627,13749.95114882371,1.9333314570075598e-05,2.1230629161543785e-05,1.0479203485336979,95.07782843817195,9.963399111475628,0.003676339131669727,0.9999999999999974,0.7048735437002088,1.4957059675289965,2.991411935057993,Self-Reg
9458.789519428645,9582.762956359731,13660.908010953755,1.8806168125863528e-05,2.0653380675218758e-05,1.047961716980827,96.40496463156454,10.102871226077024,0.00362601594605827,0.9999999999999974,0.705214728913331,1.4957262128280833,2.9914524256561665,Self-Reg
9546.354605753824,9671.475731264365,13572.399012114758,1.829339497354815e-05,2.0091819761738944e-05,1.0480028920190325,97.7506073561863,10.244291920590014,0.0035763809385418823,0.9999999999999979,0.7055530813987069,1.4957463603006895,2.991492720601379,Self-Reg
9634.73032903498,9761.009767893536,13484.421594374935,1.7794603207763764e-05,1.954552032693314e-05,1.0480438745677714,99.1150145152239,10.387688384037615,0.0035274247104603216,0.9999999999999972,0.7058886279964934,1.4957664104418535,2.991532820883707,Self-Reg
9723.924193773057,9851.372669107373,13396.973201293375,1.7309411608923465e-05,1.901406784226474e-05,1.0480846655419882,100.49844760443655,10.53308818449849,0.003479137991286051,0.9999999999999973,0.7062213952502759,1.4957863637438984,2.991572727487797,Self-Reg
9813.943773942197,9942.572108149761,13310.051278145897,1.6837449351858167e-05,1.8497059031144643e-05,1.0481252658521352,101.90117176218635,10.680519274388567,0.0034315116368816355,0.9999999999999971,0.7065514094108305,1.4958062206964486,2.9916124413928973,Self-Reg
9904.79671363292,10034.615829299953,13223.653272145833,1.6378355722399926e-05,1.7994101563744307e-05,1.0481656764041982,103.32345582016625,10.830009995816383,0.003384536627780721,0.9999999999999976,0.706878696439836,1.4958259817864474,2.991651963572895,Self-Reg
9996.490727701123,10127.511648530082,13137.776632659965,1.5931779841693653e-05,1.7504813760079575e-05,1.0482058980997184,104.76557235483128,10.981589086012695,0.0033382040674924066,0.9999999999999976,0.7072032820135338,1.4958456474981727,2.9916912949963455,Self-Reg
10089.033602423307,10221.26745416898,13052.418811419351,1.5497380398024712e-05,1.7028824301139553e-05,1.0482459318358173,106.22779773955003,11.13528568283613,0.003292505180828483,0.9999999999999973,0.7075251915263367,1.495865218313254,2.991730436626508,Self-Reg
10182.433196157728,10315.891207571976,12967.577262725501,1.5074825385959363e-05,1.656577194784462e-05,1.0482857785052164,107.71041219747943,11.291129330355245,0.003247431312253429,0.9999999999999971,0.7078444500943891,1.4958846947106885,2.991769389421377,Self-Reg
10276.697440011605,10411.390943796867,12883.249443651843,1.466379185259797e-05,1.611530526762115e-05,1.0483254389962646,109.21369985517505,11.449149984508265,0.003202973924256801,0.9999999999999974,0.7081610825590761,1.4959040771668581,2.9918081543337163,Self-Reg
10371.834338514738,10507.774772286355,12799.432814240365,1.426396565074602e-05,1.5677082368385322e-05,1.0483649141929563,110.73794879695151,11.609378018842005,0.0031591245957475855,0.9999999999999972,0.7084751134904854,1.495923366155544,2.991846732311088,Self-Reg
10467.851970299145,10605.050877556598,12716.124837693871,1.3875041198816128e-05,1.5250770639737743e-05,1.0484042049749573,112.28345111999626,11.771844230330414,0.003115875020470419,0.9999999999999974,0.7087865671908212,1.4959425621479443,2.9918851242958886,Self-Reg
10564.758488784993,10703.227519892123,12633.322980563755,1.349672124727659e-05,1.4836046501172338e-05,1.0484433122176255,113.85050299025066,11.936579845274107,0.0030732170054432943,0.9999999999999973,0.70909546769777,1.495961665612689,2.991923331225378,Self-Reg
10662.562122873178,10802.313036047495,12551.024712933102,1.3128716651466794e-05,1.443259515710856e-05,1.0484822367920343,115.43940469907417,12.103616525282616,0.003031142469416307,0.9999999999999974,0.7094018387878207,1.4959806770158561,2.9919613540317123,Self-Reg
10761.271177643812,10902.31583995495,12469.227508595894,1.2770746150609101e-05,1.4040110358565459e-05,1.0485209795649937,117.05046072068917,12.27298637333908,0.002989643441351536,0.9999999999999971,0.709705703979539,1.4959995968209874,2.9919991936419748,Self-Reg
10860.894035061594,11003.244423439013,12387.928845231621,1.2422536152844593e-05,1.3658294171294031e-05,1.0485595413990738,118.68397977043237,12.444721939950151,0.0029487120589233536,0.9999999999999974,0.7100070865367952,1.4960184254891036,2.992036850978207,Self-Reg
10961.439154687689,11105.107356937708,12307.126204575707,1.208382052613025e-05,1.328685675019465e-05,1.0485979231526246,120.3402748638168,12.618856229381429,0.0029083405670391003,0.9999999999999974,0.7103060094719492,1.4960371634787202,2.9920743269574404,Self-Reg
11062.91507439783,11207.913290230068,12226.817072586158,1.1754340394838809e-05,1.2925516119850885e-05,1.0486361256798005,122.01966337641056,12.795422705979261,0.002868521316379961,0.9999999999999976,0.7106024955489894,1.4960558112458624,2.992111622491725,Self-Reg
11165.330411107432,11311.670953170767,12146.998939605846,1.1433843941903307e-05,1.2573997961011063e-05,1.0486741498305803,123.72246710455474,12.974455300581084,0.002829246761961497,0.9999999999999976,0.7108965672866304,1.4960743692440808,2.9921487384881615,Self-Reg
11268.693861503467,11416.389156431567,12067.669300520834,1.1122086216356338e-05,1.2232035402857999e-05,1.048711996450788,125.4490123269278,13.155988417015198,0.0027905094617136873,0.9999999999999979,0.7111882469613672,1.4960928379244662,2.9921856758489325,Self-Reg
11373.014202782657,11522.0767922492,11988.825654915141,1.0818828946118364e-05,1.1899368820911658e-05,1.0487496663821172,127.19962986695947,13.340056938690251,0.002752302075080415,0.9999999999999974,0.711477556610486,1.496111217735665,2.99222243547133,Self-Reg
11478.300293396931,11628.742835180596,11910.465507221335,1.052384035588923e-05,1.1575745640409195e-05,1.0487871604621488,128.97465515612092,13.526696235277287,0.002714617361637773,0.999999999999997,0.7117645180350354,1.4961295091238938,2.9922590182477875,Self-Reg
11584.561073805817,11736.396342865122,11832.586366867403,1.0236894990005106e-05,1.1260920145015589e-05,1.048824479524376,130.7744282980964,13.715942169484874,0.0026774481797311378,0.9999999999999973,0.7120491528027554,1.4961477125329534,2.992295425065907,Self-Reg
11691.80556723529,11845.0464567934,11755.185748420232,9.95777354012679e-06,1.0954653290721821e-05,1.0488616243982214,132.59929413384015,13.907831103927709,0.0026407874851308937,0.9999999999999976,0.7123314822509664,1.4961658284042458,2.9923316568084917,Self-Reg
11800.042880444265,11954.702403083822,11678.261171725073,9.686262677624652e-06,1.0656712524786983e-05,1.048898595909061,134.44960230754933,14.102399908092016,0.0026046283297061924,0.9999999999999976,0.712611527489419,1.496183857176786,2.992367714353572,Self-Reg
11909.282204497813,12065.373493265914,11601.8101620417,9.422154890534805e-06,1.0366871609590508e-05,1.048935394878244,136.3257073335492,14.299685965397234,0.0025689638601168415,0.9999999999999974,0.7128893094031034,1.4962017992872183,2.9924035985744366,Self-Reg
12019.53281554754,12177.069125070942,11525.830250177041,9.165248324960783e-06,1.0084910451260289e-05,1.0489720221231136,138.22796866410977,14.499727180356158,0.002533787316522935,0.9999999999999972,0.7131648486550207,1.4962196551698306,2.992439310339661,Self-Reg
12130.804075619444,12289.79878323009,11450.31897261424,8.915346630799073e-06,9.810614932946954e-06,1.0490084784570275,140.15675075821068,14.70256198583514,0.002499092031311925,0.9999999999999977,0.7134381656889176,1.4962374252565676,2.992474850513135,Self-Reg
12243.105433408817,12403.572040279782,11375.273871638483,8.672258811671632e-06,9.543776752619488e-06,1.0490447646893781,142.1124231512598,14.908229350415064,0.0024648714278430474,0.9999999999999973,0.7137092807319803,1.4962551099770458,2.9925102199540916,Self-Reg
12356.446425082504,12518.398557374465,11300.692495459538,8.435799078950219e-06,9.28419326525924e-06,1.0490808816256139,144.09536052578167,15.116768785854774,0.0024311190192087846,0.9999999999999976,0.7139782137974942,1.496272709758568,2.992545419517136,Self-Reg
12470.836675088847,12634.288085107155,11226.572398330865,8.20578670976037e-06,9.031667329332497e-06,1.0491168300672589,146.10594278309546,15.32822035465894,0.0023978284070130746,0.9999999999999977,0.7142449846874663,1.4962902250261358,2.9925804500522717,Self-Reg
12586.285896974858,12751.250464337332,11152.911140665694,7.982045908857632e-06,8.78600715742693e-06,1.0491526108119325,148.14455511598553,15.542624677750844,0.0023649932801661794,0.9999999999999973,0.7145096129952124,1.4963076562024655,2.992615312404931,Self-Reg
12702.803894210996,12869.295627026515,11079.70628914997,7.764405674269812e-06,8.547026170938456e-06,1.0491882246533712,150.21158808238474,15.760022942252071,0.002332607413695903,0.9999999999999971,0.7147721181079054,1.4963250037079998,2.9926500074159996,Self-Reg
12820.400561023771,12988.43359708179,11006.955416852074,7.55269966660229e-06,8.314542858698357e-06,1.0492236723814465,152.3074376800873,15.980456909370949,0.002300664667574896,0.9999999999999976,0.715032519209094,1.4963422679609228,2.9926845359218457,Self-Reg
12939.085883235855,13108.674491206928,10934.656103329651,7.346766081907303e-06,8.088380639434873e-06,1.0492589547821856,154.43250542249757,16.203968922400396,0.002269158985563949,0.9999999999999971,0.7152908352811838,1.496359449377174,2.992718898754348,Self-Reg
13058.86993911396,13230.028519761372,10862.805934733491,7.1464475280195295e-06,7.86836772796482e-06,1.0492940726377913,156.58719841543402,16.430601914827264,0.00223808439407097,0.9999999999999977,0.7155470851078836,1.4963765483704596,2.9927530967409193,Self-Reg
13179.762900224792,13352.505987627417,10791.402503908344,6.951590904263234e-06,7.654337005013846e-06,1.0493290267266615,158.771929435006,16.660399418554903,0.0022074350010254304,0.9999999999999973,0.7158012872766208,1.4963935653522689,2.9927871307045377,Self-Reg
13301.775032298701,13476.117295085178,10720.443410491012,6.7620472844396734e-06,7.446125890567786e-06,1.0493638178234088,160.98711700657145,16.893405572239963,0.002177204994768124,0.9999999999999972,0.7160534601809235,1.496410500731885,2.99282100146377,Self-Reg
13424.916696101336,13600.872938695658,10649.926261005625,6.577671803004983e-06,7.243576220658983e-06,1.049398446698879,163.23318548479304,17.12966512974518,0.0021473886429560184,0.9999999999999971,0.7163036220227674,1.4964273549164,2.9928547098328,Self-Reg
13549.198348313581,13726.783512192236,10579.84866895606,6.398323544351263e-06,7.046534127494266e-06,1.049432914120172,165.5105651348136,17.36922346871039,0.0021179802914819278,0.9999999999999976,0.716551790814895,1.4964441283107264,2.9928882566214527,Self-Reg
13674.630542419429,13853.859707380165,10510.208254915724,6.223865435106811e-06,6.85484992283453e-06,1.0494672208506588,167.81969221455756,17.612126599242462,0.0020889743634089023,0.9999999999999974,0.7167979843830988,1.4964608213176118,2.9929216426352236,Self-Reg
13801.223929602045,13982.11231504438,10441.002646614757,6.054164139373027e-06,6.668377984537766e-06,1.049501367650003,170.16100905817785,17.858421172726214,0.002060365357919104,0.9999999999999976,0.7170422203684771,1.4964774343376501,2.9929548686753003,Self-Reg
13928.989259648391,14111.55222586599,10372.229479024427,5.889089956817383e-06,6.486976646179105e-06,1.0495353552741775,172.5349641606693,18.108154490758547,0.0020321478492768947,0.9999999999999978,0.7172845162296577,1.4964939677692963,2.9929879355385927,Self-Reg
14057.93738186198,14242.190431346977,10303.886394439134,5.728516723545383e-06,6.3105080896654486e-06,1.0495691844754849,174.94201226365593,18.361374514206563,0.0020043164858060745,0.9999999999999974,0.7175248892449897,1.4965104220088776,2.9930208440177553,Self-Reg
14188.079245984049,14374.03802474346,10235.971042555902,5.572321715675388e-06,6.138838240763089e-06,1.0496028560025763,177.3826144423715,18.618129872391695,0.001976865988881008,0.9999999999999977,0.7177633565147101,1.4965267974506067,2.9930535949012134,Self-Reg
14319.425903123549,14507.106202007872,10168.481080551253,5.420385555542228e-06,5.971836667458981e-06,1.0496363706004677,179.85723819385703,18.878469872402388,0.0019497911519314075,0.9999999999999972,0.7179999349630758,1.496543094486595,2.99308618897319,Self-Reg
14451.988506695474,14641.406262739572,10101.414173155816,5.272592120458648e-06,5.809376481079641e-06,1.0496697290105619,182.3663575263807,19.14244450853593,0.0019230868394606853,0.9999999999999974,0.71823464134047,1.4965593135068636,2.993118627013727,Self-Reg
14585.778313367877,14776.949611144291,10034.767992726542,5.128828453964435e-06,5.6513342400924936e-06,1.0497029319706643,184.9104530501031,19.41010447187171,0.0018967479860776514,0.9999999999999977,0.7184674922254799,1.4965754548993575,2.993150909798715,Self-Reg
14720.806684017902,14913.74775700269,9968.540219316463,4.988984679495183e-06,5.497589856516714e-06,1.0497359802150021,187.49001206900908,19.681501159978378,0.0018707695955413129,0.999999999999997,0.7186985040269455,1.4965915190499566,2.993183038099913,Self-Reg
14857.085084696435,15051.812316647642,9902.728540742311,4.852953916405268e-06,5.3480265048734475e-06,1.049768874474243,190.10552867411585,19.95668668675575,0.0018451467398186941,0.9999999999999976,0.7189276929859801,1.4966075063424886,2.9932150126849772,Self-Reg
14994.625087601646,15191.155013950549,9837.33065264987,4.720632198280561e-06,5.202530533606234e-06,1.0498016154755125,192.75750383797677,20.235713892413532,0.0018198745581554892,0.9999999999999977,0.7191550751779661,1.496623417158741,2.993246834317482,Self-Reg
15133.438372061839,15331.787681317071,9772.34425857701,4.591918393478149e-06,5.060991378904393e-06,1.0498342039424124,195.44644551050808,20.518636353589834,0.0017949482561592592,0.9999999999999974,0.7193806665145215,1.496639251878473,2.993278503756946,Self-Reg
15273.536725527129,15473.722260691799,9707.767070014675,4.466714127832928e-06,4.923301480864851e-06,1.049866640595039,198.17286871614334,20.805508393609905,0.00177036310489516,0.9999999999999976,0.7196044827454405,1.4966550108794279,2.9933100217588557,Self-Reg
15414.932044570276,15616.970804572198,9643.596806465788,4.344923709471702e-06,4.789356201928681e-06,1.0498989261499998,200.93729565234037,21.09638509288771,0.001746114439993962,0.9999999999999976,0.7198265394606089,1.4966706945373445,2.993341389074689,Self-Reg
15557.636335897092,15761.54547703227,9579.831195501896,4.2264540556770216e-06,4.6590537475304265e-06,1.0499310613204325,203.74025578946595,21.391322299473032,0.0017221976607721295,0.9999999999999973,0.7200468520918933,1.4966863032259692,2.9933726064519384,Self-Reg
15701.6617173659,15907.458554755376,9516.467972817945,4.111214621745472e-06,4.532295088900793e-06,1.0499630468160221,206.58228597206522,21.690376639744837,0.0016986082293639223,0.9999999999999976,0.7202654359150048,1.4967018373170684,2.993403674634137,Self-Reg
15847.020419016444,16054.722428076613,9453.50488228504,3.999117331785681e-06,4.40898388796402e-06,1.0499948833430186,209.46393052154045,21.993605529253504,0.0016753416698652927,0.9999999999999978,0.7204823060513365,1.4967172971804383,2.9934345943608767,Self-Reg
15993.724784108594,16203.34960203515,9390.93967600111,3.890076511403002e-06,4.289026424272911e-06,1.0500265716042538,212.38574134026587,22.301067183714714,0.001652393567489368,0.9999999999999973,0.720697477469781,1.4967326831839192,2.9934653663678383,Self-Reg
16141.7872701704,16353.352697436021,9328.77011433978,3.7840088222198306e-06,4.172331523926777e-06,1.0500581122991595,215.34827801714596,22.612820630155884,0.0016297595677334628,0.9999999999999976,0.7209109649885173,1.4967479956934042,2.9934959913868084,Self-Reg
16291.22045005579,16504.74445192167,9266.99396599737,3.680833198181358e-06,4.058810490418292e-06,1.0500895061237838,218.35210793464233,22.928925718217574,0.001607435375557426,0.9999999999999973,0.721122783276778,1.496763235072853,2.993526470145706,Self-Reg
16442.03701301259,16657.537721053974,9205.609008037824,3.580470783597643e-06,3.9483770373565685e-06,1.0501207537708102,221.39780637730144,23.249443131613564,0.0015854167545730755,0.9999999999999976,0.7213329468565933,1.4967784016843018,2.9935568033686035,Self-Reg
16594.249765759574,16811.745479405432,9144.613025936176,3.4828448728756238e-06,3.840947223016573e-06,1.050151855929571,224.4859566417758,23.574434399748608,0.0015636995262447817,0.9999999999999972,0.7215414701045083,1.4967934958878746,2.993586991775749,Self-Reg
16747.871633574196,16967.380821661118,9084.003813619936,3.387880851893945e-06,3.736439386664241e-06,1.0501828132860693,227.6171501483917,23.903961909499554,0.0015422795691008148,0.9999999999999973,0.7217483672532804,1.4968085180417956,2.993617036083591,Self-Reg
16902.915661390332,17124.45696373083,9023.77917350878,3.295506140976319e-06,3.6347740866096877e-06,1.0502136265229902,230.79198655426828,24.238088917160326,0.001521152817955435,0.9999999999999973,0.721953652393554,1.4968234685023991,2.9936469370047982,Self-Reg
17059.395014905607,17282.98724387093,8963.936916552715,3.205650139420132e-06,3.5358740399420093e-06,1.0502442963197227,234.01107386800066,24.576879560552097,0.001500315263141627,0.9999999999999971,0.7221573394755119,1.4968383476241411,2.9936766952482823,Self-Reg
17217.322981699548,17442.98512381716,8904.474862268376,3.118244171537197e-06,3.439664063899269e-06,1.0502748233523733,237.27502856595078,24.92039887130332,0.0014797629497542008,0.9999999999999971,0.7223594423105042,1.49685315575961,2.99370631151922,Self-Reg
17376.712972362162,17604.46418992799,8845.390838773637,3.0332214341657526e-06,3.3460710188297316e-06,1.0503052082937832,240.58447571015878,25.268712787300895,0.001459491976903171,0.9999999999999976,0.7225599745726594,1.4968678932595383,2.9937357865190766,Self-Reg
17537.578521632255,17767.43815433787,8786.682682820861,2.950516945613987e-06,3.2550237527015884e-06,1.0503354518135453,243.94004906788192,25.621888165313216,0.0014394984969773902,0.9999999999999976,0.7227589498004681,1.496882560472812,2.993765120945624,Self-Reg
17699.933289546978,17931.920856121844,8728.348239828332,2.870067495995306e-06,3.1664530471183903e-06,1.0503655545780206,247.34239123281137,25.979992793790558,0.0014197787149180965,0.9999999999999976,0.7229563813983518,1.496897157746483,2.993794315492966,Self-Reg
17863.791062601966,18097.9262624709,8670.385363910145,2.7918115989178072e-06,3.0802915647997773e-06,1.0503955172503538,250.79215374797624,26.343095405843574,0.0014003288875023597,0.9999999999999977,0.7231522826382076,1.4969116854257778,2.9938233708515556,Self-Reg
18029.16575492164,18265.468469877593,8612.791917904775,2.7156894444912905e-06,2.9964737984880486e-06,1.0504253404904904,254.28999723034602,26.711265692401206,0.0013811453226363446,0.9999999999999972,0.723346666660933,1.4969261438541106,2.993852287708221,Self-Reg
18196.07140944092,18434.561705333257,8555.565773401964,2.6416428536152917e-06,2.9149360212412735e-06,1.0504550249551925,257.8365914971803,27.084574315553226,0.001362224378658107,0.9999999999999974,0.7235395464779318,1.4969405333730919,2.9938810667461837,Self-Reg
18364.52219909793,18605.22032753635,8498.704810768117,2.5696152335135057e-06,2.8356162380756306e-06,1.0504845712980542,261.43261569413846,27.46309292207859,0.0013435624636498839,0.9999999999999976,0.7237309349725991,1.4969548543225395,2.993909708645079,Self-Reg
18534.532428037015,18777.458828111223,8442.206919170538,2.4995515344809406e-06,2.758454138920767e-06,1.0505139801695185,265.0787584251572,27.84689415716062,0.001325156034759813,0.9999999999999973,0.7239208449017867,1.4969691070404891,2.9939382140809783,Self-Reg
18706.116532823813,18951.291832839124,8386.069996599917,2.4313982078100054e-06,2.6833910528517346e-06,1.0505432522168934,268.7757178841569,28.23605167829524,0.0013070015975327769,0.9999999999999977,0.7241092888972513,1.4969832918632047,2.9939665837264093,Self-Reg
18879.289083670985,19126.7341029,8330.291949891674,2.365103164864052e-06,2.610369903563634e-06,1.050572388084366,272.52420198856703,28.630640169391498,0.0012890957052504241,0.9999999999999972,0.7242962794670812,1.4969974091251885,2.993994818250377,Self-Reg
19054.06478567535,19303.800536125844,8274.870694745916,2.300615737266797e-06,2.5393351660549206e-06,1.0506013884130208,276.3249285147139,29.030735355068707,0.0012714349582801506,0.9999999999999974,0.7244818289971047,1.4970114591591914,2.994022918318383,Self-Reg
19230.458480066813,19482.506168265973,8219.804155745971,2.237886638177107e-06,2.4702328244864927e-06,1.0506302538408525,280.1786252350986,29.43641401515326,0.0012540160034329203,0.9999999999999974,0.7246659497522827,1.4970254422962233,2.9940508845924465,Self-Reg
19408.485145468487,19662.866174263705,8165.0902663757415,2.1768679246197926e-06,2.4030103311849386e-06,1.0506589850027837,284.0860300575801,29.84775399937674,0.0012368355333298446,0.9999999999999976,0.72484865387808,1.497039358865562,2.994078717731124,Self-Reg
19588.159899168535,19844.895869544827,8110.726969035783,2.117512960843499e-06,2.337616566758764e-06,1.0506875825306792,288.0478911664958,30.26483424227856,0.0012198902857773882,0.9999999999999976,0.7250299534018209,1.4970532091947653,2.9941064183895305,Self-Reg
19769.49799840406,20028.61071131835,8056.712215058049,2.059776382677578e-06,2.274001801297287e-06,1.0507160470533623,292.0649671657531,30.687734778317008,0.0012031770431510445,0.9999999999999976,0.7252098602340254,1.4970669936096785,2.994133987219357,Self-Reg
19952.514841656608,20214.026299888963,8003.043964719501,2.0036140628609206e-06,2.2121176566230737e-06,1.0507443791966287,296.1380272239076,31.116536757189905,0.0011866926317874265,0.9999999999999972,0.7253883861697303,1.4970807124344467,2.9941614248688935,Self-Reg
20137.225969959592,20401.158379981614,7949.720187254562,1.9489830773161477e-06,2.1519170695692223e-06,1.050772579583263,300.2678512212588,31.55132245936855,0.0011704339213846361,0.9999999999999973,0.7255655428897912,1.4970943659915223,2.9941887319830447,Self-Reg
20323.647068218226,20590.02284207873,7896.73886086627,1.8958416723432619e-06,2.093354256253544e-06,1.0508006488330537,304.45522989900314,31.992175311848904,0.00115439782441076,0.9999999999999976,0.7257413419621681,1.4971079546016766,2.994215909203353,Self-Reg
20511.793966541314,20780.635723769472,7844.0979727364,1.844149232707907e-06,2.0363846773228584e-06,1.0508285875628072,308.70096501045555,32.43917990412125,0.0011385812955204476,0.9999999999999972,0.7259157948431948,1.4971214785840081,2.9942429571680163,Self-Reg
20701.68264158533,20973.013211111414,7791.795519034489,1.79386625059976e-06,1.98096500414097e-06,1.0508563963863637,313.00586947437415,32.89242200436213,0.0011229813309794304,0.9999999999999973,0.7260889128788328,1.497134938255953,2.994269876511906,Self-Reg
20893.329217911345,21167.17164000529,7739.829504925629,1.7449542954371788e-06,1.927053085894565e-06,1.050884075914612,317.37076753043135,33.35198857585284,0.0011075949680968437,0.9999999999999976,0.726260707305907,1.4971483339332943,2.9942966678665885,Self-Reg
21086.749969354143,21363.127497582012,7688.1979445773195,1.6973759844952917e-06,1.8746079175924092e-06,1.050911626755504,321.79649489683703,33.817967793625414,0.0010924192846653092,0.999999999999997,0.7264311892533264,1.4971616659301714,2.994323331860343,Self-Reg
21281.961320404014,21560.89742360259,7636.898861165249,1.6510949543349216e-06,1.8235896089334373e-06,1.0509390495140696,326.28389893016043,34.29044906134076,0.0010774513984086298,0.9999999999999978,0.7266003697432898,1.4971749345590897,2.9943498691181794,Self-Reg
21478.979847601655,21760.498211871334,7585.930286877974,1.606075833010468e-06,1.7739593540201065e-06,1.0509663447924307,330.833838787381,34.76952302840221,0.001062688466436991,0.9999999999999972,0.726768259692476,1.4971881401309297,2.9943762802618594,Self-Reg
21677.82228094571,21961.946811661826,7535.290262920661,1.5622842130356424e-06,1.725679401894244e-06,1.0509935131898176,335.4471855901908,35.25528160730714,0.0010481276847095875,0.9999999999999974,0.7269348699132165,1.497201282954956,2.994402565909912,Self-Reg
21878.505505313264,22165.26032915601,7484.976839517868,1.5196866250863395e-06,1.6787130278729857e-06,1.051020555302581,340.12482259158145,35.74781799123957,0.0010337662875045835,0.9999999999999977,0.7271002111146567,1.4972143633388275,2.994428726677655,Self-Reg
22081.046561893872,22370.45602889708,7434.988075915262,1.4782505124204457e-06,1.6330245056630067e-06,1.0510474717242082,344.8676453447601,36.2472266719091,0.0010196015468962511,0.9999999999999974,0.7272642939038998,1.4972273815886055,2.994454763177211,Self-Reg
22285.46264963654,22577.551335255346,7385.322040380475,1.4379442059951966e-06,1.5885790802320926e-06,1.0510742630453365,349.6765618744092,36.75360345763716,0.0010056307722392578,0.9999999999999979,0.7274271287871361,1.4972403380087635,2.994480676017527,Self-Reg
22491.77112671003,22786.563833907738,7335.976810203061,1.3987369002630021e-06,1.5453429414174247e-06,1.0511009298537684,354.55249285032806,37.267045491695136,0.000991851309659979,0.9999999999999972,0.7275887261707603,1.4972532329021964,2.9945064658043927,Self-Reg
22699.989511977106,22997.511273331347,7286.950471693438,1.3605986296271406e-06,1.503283198250492e-06,1.0511274727344846,359.49637176350313,37.78765127089878,0.0009782605415547057,0.9999999999999976,0.7277490963624708,1.497266066570228,2.994532133140456,Self-Reg
22910.135486482042,23210.41156631045,7238.241120181053,1.3235002455394995e-06,1.4623678539793496e-06,1.0511538922696586,364.50914510461917,38.31552066446062,0.0009648558860947162,0.999999999999997,0.727908249572359,1.4972788393126224,2.994557678625245,Self-Reg
23122.22689495188,23425.282791457415,7189.8468600116785,1.28741339422277e-06,1.4225657817692266e-06,1.0511801890386716,369.5917725450557,38.85075493310493,0.0009516347967380827,0.9999999999999976,0.728066195913982,1.4972915514275906,2.9945831028551813,Self-Reg
23336.281747312012,23642.143194748176,7141.765804543767,1.2523104950000003e-06,1.383846701062971e-06,1.0512063636181246,374.7452271204129,39.39345674844973,0.0009385947617481064,0.9999999999999974,0.7282229454054223,1.497304203211801,2.994608406423602,Self-Reg
23552.318220215366,23861.011191071444,7093.996076144089,1.2181647192150975e-06,1.3461811545836167e-06,1.0512324165818538,379.9704954165833,39.943730212657904,0.00092573330371833,0.9999999999999976,0.7283785079703357,1.4973167949603865,2.994633589920773,Self-Reg
23770.35465858574,24081.905365792278,7046.535806182544,1.1849499697280798e-06,1.309540485961525e-06,1.051258348500944,385.2685777584124,40.50168087836161,0.0009130479791040249,0.9999999999999974,0.7285328934389831,1.4973293269669552,2.9946586539339104,Self-Reg
23990.409577175888,24304.844476330578,6999.383135026106,1.1526408609693504e-06,1.273896817969112e-06,1.051284159943742,390.640488400998,41.06741576886562,0.0009005363777600299,0.9999999999999979,0.728686111549252,1.4973417995235971,2.9946835990471943,Self-Reg
24212.501662139544,24529.847453753737,6952.536212032077,1.1212126995378868e-06,1.2392230313467913e-06,1.0513098514758703,396.0872557236403,41.64104339863053,0.0008881961224849145,0.9999999999999976,0.7288381719476638,1.497354212920894,2.994708425841788,Self-Reg
24436.649772618053,24756.933404384046,6905.993195540597,1.0906414653284361e-06,1.20549274420403e-06,1.0513354236602415,401.6099224264939,42.222673794041455,0.0008760248685713438,0.9999999999999977,0.7289890841903685,1.497366567447928,2.994733134895856,Self-Reg
24662.87294234207,24986.121611421404,6859.75225286632,1.0609037931732466e-06,1.1726802919798286e-06,1.0513608770570702,407.20954572996595,42.81241851446681,0.0008640203033625537,0.9999999999999973,0.7291388577441269,1.4973788633922884,2.994757726784577,Self-Reg
24891.190381247725,25217.431536580643,6813.811560289456,1.0319769549844105e-06,1.1407607079475758e-06,1.0513862122238884,412.8871975768835,43.41039067360957,0.0008521801458148803,0.9999999999999974,0.7292875019872812,1.4973911010400827,2.9947822020801653,Self-Reg
25121.621477107663,25450.88282174397,6768.169303046121,1.003838842383129e-06,1.1097097042494461e-06,1.051411429715557,418.6439648374696,44.01670496115531,0.0008405021460662599,0.9999999999999974,0.7294350262107125,1.4974032806759425,2.994806561351885,Self-Reg
25354.18579717769,25686.49529062917,6722.8236753179,9.76467949802545e-07,1.0795036534458864e-06,1.05143653008428,424.48094951718883,44.63147766472335,0.0008289840850105761,0.9999999999999976,0.7295814396187865,1.4974154025830335,2.994830805166067,Self-Reg
25588.9030898582,25924.28895047283,6677.77288022083,9.498433580513581e-07,1.0501195705663472e-06,1.0514615138796186,430.3992689674736,45.25482669212209,0.000817623773877832,0.9999999999999976,0.7297267513302886,1.4974274670430634,2.994854934086127,Self-Reg
25825.79328637088,26164.283993729026,6633.015129793742,9.23944718325604e-07,1.0215350956475908e-06,1.0514863816485018,436.40005609938146,45.88687159391417,0.0008064190538200443,0.9999999999999971,0.7298709703793455,1.4974394743362893,2.9948789486725786,Self-Reg
26064.876502451836,26406.5007997846,6588.548644985795,8.987522366562788e-07,9.937284767462323e-07,1.0515111339352428,442.4844596002491,46.52773358629809,0.0007953677955027397,0.9999999999999977,0.7300141057163358,1.4974514247415267,2.9949028494830534,Self-Reg
26306.17304005898,26650.959936688963,6544.371655643656,8.74246658781165e-07,9.666785534129053e-07,1.0515357712815483,448.65364415332766,47.17753557430467,0.0007844678987020833,0.9999999999999972,0.730156166208792,1.4974633185361574,2.994926637072315,Self-Reg
26549.703389096343,26897.68216290101,6500.482400497844,8.504092554290285e-07,9.403647406152264e-07,1.0515602942265356,454.9087906605035,47.83640217531965,0.0007737172919074396,0.999999999999997,0.7302971606422856,1.4974751559961377,2.9949503119922753,Self-Reg
26795.4882291543,27146.68842905212,6456.879127148502,8.272218080050687e-07,9.147670130975154e-07,1.0515847033067418,461.2510964681189,48.50445974293359,0.0007631139319293577,0.9999999999999971,0.730437097721308,1.4974869373960058,2.9949738747920116,Self-Reg
27043.548431264968,27397.999879724597,6413.560092050758,8.046665946667644e-07,8.89865890165504e-07,1.0516089990561381,467.68177559591095,49.18183639112133,0.0007526558035129374,0.9999999999999973,0.7305759860701349,1.4974986630088905,2.994997326017781,Self-Reg
27293.9050596748,27651.637855247467,6370.523560499333,7.827263767792824e-07,8.656424208842903e-07,1.0516331820061438,474.2020589691642,49.8686620187607,0.000742340918956421,0.9999999999999977,0.7307138342336834,1.4975103331065187,2.9950206662130374,Self-Reg
27546.579373633587,27907.623893508964,6327.76780661261,7.613843857402033e-07,8.420781696784281e-07,1.0516572526856356,480.8131946540936,50.56506833449277,0.0007321673177349859,0.9999999999999972,0.7308506506783571,1.4975219479592237,2.9950438959184473,Self-Reg
27801.592829199082,28165.979731784762,6285.291113316327,7.406243101635705e-07,8.191552023233257e-07,1.0516812116209644,487.5164480964799,51.27118888192549,0.000722133066129701,0.9999999999999976,0.730986443792881,1.4975335078359517,2.9950670156719035,Self-Reg
28058.967081059254,28426.727308584148,6243.091772326564,7.204302834132936e-07,7.968560723171269e-07,1.0517050593359643,494.3131023636523,51.98715906519094,0.0007122362568615033,0.999999999999997,0.7311212218891265,1.4975450130042713,2.9950900260085427,Self-Reg
28318.723984371474,28689.888765513304,6201.168084132233,7.007868714764772e-07,7.751638076228678e-07,1.051728796351967,501.20445838984057,52.71311617485866,0.0007024750087301592,0.9999999999999973,0.7312549932029261,1.4975564637303804,2.995112927460761,Self-Reg
28580.885596617627,28955.486449154723,6159.518357977228,6.816790611674739e-07,7.540618977709128e-07,1.051752423187814,508.1918352249145,53.4491994142066,0.0006928474662581927,0.9999999999999974,0.731387765894878,1.4975678602791136,2.995135720558227,Self-Reg
28845.474179477766,29223.54291296543,6118.140911841876,6.630922486534714e-07,7.335342813117088e-07,1.0517759403598679,515.2765702866209,54.19554992586181,0.0006833517993396098,0.9999999999999974,0.7315195480511405,1.4975792029139499,2.9951584058278997,Self-Reg
29112.512200720237,29494.080919191892,6077.034072424041,6.450122282930032e-07,7.135653336095122e-07,1.0517993483820258,522.4600196163112,54.95231081880964,0.0006739862028934481,0.9999999999999973,0.731650347684218,1.4975904918970206,2.9951809837940413,Self-Reg
29382.022336109414,29767.123440802723,6036.196175119755,6.27425181778785e-07,6.9413985496776e-07,1.0518226477657309,529.7435581382304,55.71962719577929,0.0006647488965220412,0.9999999999999973,0.7317801727337357,1.497601727489117,2.995203454978234,Self-Reg
29654.027471331538,30042.693663439797,5995.625564003326,6.103176675765542e-07,6.75243059077051e-07,1.0518458390199854,537.1285799224274,56.49764618101188,0.0006556381241739272,0.9999999999999976,0.731909031067207,1.4976129099496966,2.9952258198993933,Self-Reg
29928.550703937926,30320.814987386915,5955.320591807065,5.936766106519025e-07,6.56860561777044e-07,1.0518689226513611,544.6164984513146,57.28651694841408,0.0006466521538113691,0.9999999999999971,0.7320369304807877,1.4976240395368925,2.995248079073785,Self-Reg
30205.615345306134,30601.51102955667,5915.279619900613,5.774892924772225e-07,6.389783701237204e-07,1.0518918991640132,552.2087468899355,58.086390750103405,0.0006377892770824066,0.9999999999999974,0.7321638787000264,1.4976351165075188,2.9952702330150376,Self-Reg
30485.244922619808,30884.805625496243,5875.5010182697415,5.617433413110905e-07,6.215828717536717e-07,1.0519147690596906,559.9067783600111,58.89742094535266,0.0006290478089973632,0.9999999999999977,0.7322898833806019,1.4976461411170792,2.9952922822341583,Self-Reg
30767.463180866383,31170.722831411298,5835.983165494842,5.46426722742729e-07,6.04660824537429e-07,1.0519375328377492,567.7120662177862,59.719763029935876,0.0006204260876097778,0.9999999999999976,0.7324149521090522,1.4976571136197736,2.995314227239547,Self-Reg
31052.294084853147,31459.28692620846,5796.724448729022,5.315277304942865e-07,5.881993465139426e-07,1.0519601909951626,575.626104335742,60.55357466588285,0.0006119224737016903,0.9999999999999978,0.7325390924034969,1.4976680342685063,2.9953360685370125,Self-Reg
31339.761821242657,31750.522413557417,5757.723263675725,5.170349774738689e-07,5.721859060985407e-07,1.0519827440265346,583.6504073882493,61.399015711649504,0.0006035353504731974,0.9999999999999973,0.7326623117143476,1.4976789033148916,2.9953578066297832,Self-Reg
31629.89080060641,32044.454023971484,5718.978014566065,5.029373870725563e-07,5.566083125570136e-07,1.0520051924241103,591.7865111411796,62.256248252706946,0.0005952631232362597,0.9999999999999974,0.7327846174250121,1.4976897210092626,2.995379442018525,Self-Reg
31922.705659497402,32341.106716907383,5680.4871141357935,4.892241846987148e-07,5.4145470673856e-07,1.052027536677789,600.0359727455486,63.12543663255604,0.0005871042191126841,0.9999999999999976,0.7329060168525898,1.4977004876006768,2.9954009752013535,Self-Reg
32218.231262542646,32640.5056828851,5642.248983601831,4.758848895431071e-07,5.267135520605292e-07,1.0520497772751336,608.4003710352654,64.00674748417595,0.0005790570867362067,0.9999999999999976,0.7330265172485586,1.4977112033369244,2.995422406673849,Self-Reg
32516.49270455433,32942.6763456268,5604.262052638537,4.6290930656856523e-07,5.123736257381896e-07,1.0520719147013842,616.8813068290079,64.90034976190864,0.0005711201959586545,0.9999999999999974,0.7331461257994519,1.4977218684645348,2.9954437369290696,Self-Reg
32817.515312660566,33247.644364215455,5566.524759353645,4.5028751871807593e-07,4.984240102528359e-07,1.0520939494394688,625.480403236303,65.80641477378735,0.0005632920375601147,0.9999999999999973,0.7332648496275309,1.4977324832287833,2.9954649664575665,Self-Reg
33121.324648456495,33555.43563527413,5529.035550263794,4.3800987933529283e-07,4.848540850517259e-07,1.052115881970014,634.1993059678829,66.72511621431698,0.0005555711229630394,0.9999999999999973,0.7333826957914457,1.4977430478736984,2.9954860957473968,Self-Reg
33427.94651017461,33866.07629516482,5491.792880269824,4.260670047917438e-07,4.716535184736218e-07,1.0521377127713574,643.0396836503446,67.65663019770908,0.0005479559839502668,0.9999999999999981,0.7334996712868902,1.4977535626420684,2.9955071252841368,Self-Reg
33737.40693487532,34179.59272220763,5454.7952126317605,4.1444976731505815e-07,4.5881225989376053e-07,1.0521594423195582,652.0032281451923,68.60113529157972,0.0005404451723868851,0.9999999999999974,0.733615783047249,1.4977640277754487,2.9955280555508974,Self-Reg
34049.73220065821,34496.01153892112,5418.041018943433,4.0314928801272536e-07,4.463205320822878e-07,1.052181071088409,661.0916548723366,69.55881255111838,0.0005330372599458751,0.9999999999999973,0.7337310379442357,1.497774443514168,2.995548887028336,Self-Reg
34364.94882889339,34815.359614282796,5381.528779106873,3.921569300860869e-07,4.341688237703921e-07,1.0522025995494464,670.306703138079,70.52984555373058,0.0005257308378375117,0.9999999999999973,0.733845442788525,1.4977848100973357,2.9955696201946713,Self-Reg
34683.083586473265,35137.66406601046,5345.256981306444,3.814642922293609e-07,4.2234788241848183e-07,1.0522240281719624,679.6501364676649,71.51442043416303,0.000518524516542454,0.9999999999999977,0.7339590043303764,1.4977951277628476,2.9955902555256952,Self-Reg
35004.16348808592,35462.95226286541,5309.224121982615,3.7106320220862507e-07,4.108487071808879e-07,1.052245357423015,689.1237429424808,72.51272592011965,0.0005114169255484621,0.9999999999999972,0.7340717292602508,1.4978053967473937,2.9956107934947873,Self-Reg
35328.215798508914,35791.25182697621,5273.428705805548,3.609457106159002e-07,3.996625420618047e-07,1.0522665877674404,698.7293355419309,73.52495336837184,0.0005044067130907177,0.9999999999999972,0.7341836242094187,1.4978156172864643,2.9956312345729286,Self-Reg
35655.268034924244,36122.59063618408,5237.869245648442,3.5110408479353573e-07,3.8878086925724914e-07,1.0522877196678622,708.4687524900702,74.5512968013711,0.0004974925458956895,0.9999999999999974,0.7342946957505645,1.4978257896143563,2.9956515792287126,Self-Reg
35985.34796925543,36456.99682641059,5202.544262560542,3.41530802924233e-07,3.781954026779604e-07,1.0523087535847033,718.3438576070828,75.59195294437369,0.0004906731089284771,0.9999999999999978,0.7344049503983792,1.4978359139641806,2.995671827928361,Self-Reg
36318.4836305256,36794.498794046616,5167.452285739996,3.3221854828223336e-07,3.6789808164837474e-07,1.0523296899761967,728.3565406656347,76.64712126308025,0.00048394710514361466,0.9999999999999974,0.7345143946101497,1.4978459905678674,2.9956919811357348,Self-Reg
36654.70330723734,37135.12519836342,5132.591852506475,3.2316020364125157e-07,3.5788106477686407e-07,1.0523505292983968,738.5087177521868,77.7170040017994,0.000477313255239274,0.9999999999999971,0.7346230347863395,1.4978560196561737,2.9957120393123473,Self-Reg
36994.03554977528,37478.904963946734,5097.9615082735,3.143488458348672e-07,3.481367239925688e-07,1.052371272005188,748.8023316333573,78.8018062221447,0.00047077029741480797,0.9999999999999979,0.7347308772711624,1.4978660014586893,2.9957320029173786,Self-Reg
37336.509172830294,37825.867283152686,5063.559806520628,3.057777404652519e-07,3.386576387443396e-07,1.0523919185482982,759.2393521273644,79.90173584226841,0.00046431698713161575,0.9999999999999976,0.7348379283531519,1.4978759362038432,2.9957518724076864,Self-Reg
37682.153257846076,38176.04161858648,5029.385308765424,2.974403367561676e-07,3.2943659035736207e-07,1.052412469377307,769.8217764806407,81.01700367664162,0.000457952096877267,0.9999999999999977,0.7349441942657194,1.49788582411891,2.99577164823782,Self-Reg
38030.99715548904,38529.45770560468,4995.436584535175,2.89330262546289e-07,3.204665565431631e-07,1.0524329249396571,780.5516297497086,82.1478234763902,0.00045167441593283516,0.9999999999999973,0.7350496811877111,1.4978956654300162,2.9957913308600324,Self-Reg
38383.07048814049,38886.145554839975,4961.7122113384685,2.814413194190556e-07,3.1174070605887067e-07,1.0524532856806659,791.4309651883549,83.29441197019047,0.00044548275014341584,0.9999999999999974,0.7351543952439537,1.4979054603621462,2.9958109207242924,Self-Reg
38738.40315241173,39246.13545474936,4928.2107746365855,2.7376747796531274e-07,3.0325239351164773e-07,1.052473552043534,802.4618646401908,84.45698890573392,0.0004393759216917757,0.9999999999999976,0.7352583425057981,1.4979152091391492,2.9958304182782984,Self-Reg
39097.025321683286,39609.457974186545,4894.930867814657,2.6630287317510875e-07,2.9499515430434654e-07,1.052493724469357,813.646438936701,85.63577709177174,0.00043335276887507956,0.9999999999999974,0.735361528991653,1.4979249119837443,2.9958498239674887,Self-Reg
39458.96744866684,39976.14396499751,4861.871092152703,2.590417999551542e-07,2.869626997185747e-07,1.0525138033971349,824.9868283008118,86.83100244074265,0.00042741214588467316,0.9999999999999977,0.735463960667515,1.4979345691175283,2.9958691382350566,Self-Reg
39824.260267990816,40346.224564639975,4829.03005679652,2.519787087685053e-07,2.791489121314267e-07,1.0525337892637825,836.485202756074,88.0428940119934,0.0004215529225888751,0.9999999999999972,0.7355656434474906,1.4979441807609797,2.9958883615219594,Self-Reg
40192.93479881118,40719.731198828405,4796.406378728296,2.45108201393113e-07,2.7154784036222154e-07,1.052553682504141,848.1437625415809,89.27168405560587,0.00041577398431871,0.9999999999999974,0.735666583194314,1.4979537471334667,2.9959074942669335,Self-Reg
40565.022347444305,41096.695584201436,4763.99868273725,2.384250267960577e-07,2.641536951457806e-07,1.052573483550986,859.9647385325987,90.51760805682702,0.00041007423165660033,0.9999999999999976,0.7357667857198573,1.4979632684532522,2.9959265369065045,Self-Reg
40940.55451002599,41477.14973101565,4731.805601389982,2.3192407712024739e-07,2.5696084472873303e-07,1.0525931928350387,871.9503926671057,91.78090478112344,0.00040445258022791267,0.9999999999999977,0.7358662567856361,1.4979727449374998,2.9959454898749995,Self-Reg
41319.56317519487,41861.12594586423,4699.82577500069,2.2560038378054697e-07,2.4996381058554265e-07,1.0526128107849766,884.1030183782636,93.06181631986256,0.0003989079604953538,0.9999999999999971,0.7359650021033088,1.4979821768022805,2.995964353604561,Self-Reg
41702.080526799284,42248.65683441931,4668.057851601368,2.1944911366637417e-07,2.431572632510263e-07,1.0526323378274418,896.4249410328682,94.36058813662547,0.0003934393175561904,0.9999999999999974,0.7360630273351689,1.4979915642625778,2.9959831285251557,Self-Reg
42088.13904663075,42639.77530420121,4636.500486911766,2.134655654478116e-07,2.3653601826614345e-07,1.0526517743870532,908.9185183759456,95.67746911416904,0.00038804561094221793,0.9999999999999976,0.736160338094635,1.4980009075322938,2.9960018150645875,Self-Reg
42477.77151718263,43034.514567373335,4605.1523443092065,2.076451659824392e-07,2.3009503223400993e-07,1.052671120886414,921.5861409815418,97.01271160204242,0.00038272581442245677,0.9999999999999976,0.7362569399467311,1.4980102068242556,2.996020413648511,Self-Reg
42871.0110244329,43432.90814356137,4574.012094798424,2.0198346682015983e-07,2.238293989831622e-07,1.052690377746123,934.430232709737,98.36657146486105,0.00037747891580856385,0.9999999999999971,0.7363528384085642,1.4980194623502203,2.9960389247004406,Self-Reg
43267.890960654186,43834.989862700146,4543.078416981163,1.9647614080330368e-07,2.1773434583510957e-07,1.0527095453847843,947.4532511700713,99.73930813125817,0.00037230391676287865,0.9999999999999972,0.736448038949796,1.4980286743208817,2.9960573486417634,Self-Reg
43668.445027249785,44240.793867906876,4512.349997025663,1.9111897875943484e-07,2.1180522997336407e-07,1.0527286242190173,960.6576881914223,101.13118464351776,0.00036719983260908955,0.9999999999999974,0.7365425469931083,1.498037842945875,2.99607568589175,Self-Reg
44072.70723761436,44650.354618379286,4481.825528636184,1.8590788628435527e-07,2.0603753491121675e-07,1.0527476146634647,974.0460702983693,102.54246770789294,0.00036216569214550574,0.9999999999999973,0.7366363679146631,1.4980469684337832,2.9960939368675663,Self-Reg
44480.711920023154,45063.706892322734,4451.503713022262,1.8083888061279502e-07,2.0042686705551832e-07,1.0527665171308043,987.6209591942591,103.97342774563242,0.00035720053746085046,0.9999999999999973,0.7367295070445601,1.4980560509921432,2.9961121019842865,Self-Reg
44892.493720546656,45480.88578990308,4421.383258867983,1.7590808757444614e-07,1.949689523639094e-07,1.0527853320317573,1001.384952250951,105.42433894471229,0.0003523034237525866,0.9999999999999977,0.7368219696672841,1.49806509082745,2.9961301816549,Self-Reg
45308.08760599235,45901.926736226946,4391.462882301158,1.7111173863299064e-07,1.896596330929351e-07,1.052804059775099,1015.340683005384,106.89547931228897,0.0003474734191477199,0.9999999999999974,0.7369137610221536,1.498074088145164,2.996148176290328,Self-Reg
45727.52886687445,46326.865484350456,4361.741306862359,1.664461680058551e-07,1.8449486463456958e-07,1.052822700767666,1029.4908216630809,108.38713072788484,0.0003427096045260389,0.9999999999999977,0.7370048863037574,1.4980830431497154,2.996166086299431,Self-Reg
46150.8531204104,46755.73811831494,4332.217263473942,1.6190780986250662e-07,1.7947071243876555e-07,1.0528412554143687,1043.8380756086397,109.89957899731188,0.0003380110733457778,0.9999999999999976,0.737095350662392,1.49809195604451,2.99618391208902,Self-Reg
46578.09631354507,47188.58105621077,4302.8894904089875,1.5749319559914165e-07,1.7458334901968186e-07,1.0528597241181983,1058.3851899233252,111.4331139073459,0.00033337693147165884,0.9999999999999976,0.7371851592044925,1.4981008270319356,2.996201654063871,Self-Reg
47009.29472600372,47625.43105327038,4273.756733260133,1.5319895118767492e-07,1.6982905104330578e-07,1.0528781072802371,1073.134947909896,112.98802928116473,0.0003288062970052734,0.9999999999999973,0.7372743169930551,1.4981096563133656,2.996219312626731,Self-Reg
47444.48497337249,48066.3252049891,4244.817744908384,1.4902179459701917e-07,1.652041964942749e-07,1.0528964052996683,1088.0901716247124,114.5646230345559,0.00032429830011778744,0.9999999999999973,0.7373628290480614,1.4981184440891666,2.9962368881783332,Self-Reg
47883.704010207344,48511.30095027488,4216.071285491878,1.449585332846779e-07,1.6070526191973908e-07,1.052914618573784,1103.2537224172459,116.16319723290619,0.00031985208288493104,0.9999999999999977,0.7374507003468916,1.4981271905587021,2.9962543811174043,Self-Reg
48326.989133172676,48960.39607462798,4187.516122374529,1.4100606175672359e-07,1.5632881974815752e-07,1.052932747497996,1118.6285014771327,117.7840581489883,0.0003154667991242323,0.9999999999999974,0.7375379358247371,1.498135895920339,2.996271791840678,Self-Reg
48774.37798420812,49413.648713349314,4159.151030114687,1.3716135919431544e-07,1.520715356810139e-07,1.0529507924658421,1134.217450388811,119.42751632154852,0.00031114161423448166,0.9999999999999972,0.7376245403750075,1.4981445603714525,2.996289120742905,Self-Reg
49225.90855372461,49871.09735477843,4130.97479043375,1.3342148714493155e-07,1.4793016615545717e-07,1.0529687538689996,1150.023551693881,121.0938866147107,0.0003068757050373882,0.9999999999999976,0.7377105188497315,1.4981531841084312,2.9963063682168625,Self-Reg
49681.61918383097,50332.78084356235,4102.986192184679,1.2978358727654623e-07,1.4390155587593338e-07,1.0529866320972905,1166.0498294613196,122.78348827820949,0.0003026682596213908,0.9999999999999978,0.7377958760599561,1.498161767326683,2.996323534653366,Self-Reg
50141.54857158952,50798.73838395385,4075.1840313205225,1.262448791930487e-07,1.3998263541294782e-07,1.0530044275386923,1182.2993498656072,124.49664500846016,0.0002985184771876083,0.9999999999999969,0.7378806167761391,1.4981703102206392,2.9963406204412784,Self-Reg
50605.73577230172,51269.00954314018,4047.567110862928,1.2280265830922785e-07,1.3617041886712765e-07,1.0530221405793465,1198.7752217728996,126.23368501047794,0.00029442556789789333,0.9999999999999972,0.737964745728538,1.4981788129837617,2.9963576259675233,Self-Reg
51074.220202825185,51743.634254603545,4020.13424087055,1.1945429378369064e-07,1.3246200159679902e-07,1.0530397716035682,1215.4805973353898,127.99494106066273,0.0002903887527249557,0.9999999999999973,0.7380482676075951,1.4981872758085462,2.9963745516170923,Self-Reg
51547.04164492054,52222.65282151184,3992.884238407491,1.1619722650814908e-07,1.2885455800736978e-07,1.0530573209938539,1232.418672593917,129.78075057045518,0.00028640726330453646,0.9999999999999971,0.7381311870643178,1.4981956988865281,2.9963913977730563,Self-Reg
52024.240248629154,52706.10592014066,3965.8159275117296,1.1302896715153164e-07,1.2534533940082923e-07,1.0530747891308911,1249.5926880889597,131.59145565087843,0.00028248034178960296,0.9999999999999978,0.7382135087106537,1.4982040824082883,2.9964081648165766,Self-Reg
52505.85653568322,53194.034603328015,3938.9281391634668,1.0994709425741807e-07,1.21931671883724e-07,1.0530921763935663,1267.0059294801652,133.42740317798203,0.00027860724070652735,0.9999999999999977,0.7382952371198646,1.4982124265634569,2.9964248531269138,Self-Reg
52991.9314029463,53686.48030396006,3912.2197112535155,1.0694925239335595e-07,1.1861095433203482e-07,1.0531094831589753,1284.6617281744786,135.28894485919412,0.0002747872228132351,0.9999999999999973,0.7383763768268926,1.4982207315407199,2.9964414630814398,Self-Reg
53482.50612588582,54183.48483848905,3885.6894885516763,1.0403315035063882e-07,1.1538065641139923e-07,1.0531267098024308,1302.5634619630061,137.1764373005964,0.00027101956095929285,0.9999999999999973,0.7384569323287257,1.498228997527823,2.996457995055646,Self-Reg
53977.622362078706,54685.0904104849,3859.3363226750535,1.0119655939316287e-07,1.1223831665117021e-07,1.0531438566974702,1320.7145556667851,139.09024207514034,0.00026730353794789786,0.9999999999999972,0.7385369080847554,1.4982372247115765,2.996474449423153,Self-Reg
54477.32215474837,55191.33961421861,3833.1590720564204,9.843731155403769e-08,1.0918154057086106e-07,1.0531609242158664,1339.1184817915032,141.03072579180872,0.0002636384463997611,0.9999999999999974,0.7386163085171357,1.4982454132778618,2.9964908265557235,Self-Reg
54981.64793633456,55702.27543827882,3807.156601912581,9.575329797864083e-08,1.0620799885754366e-07,1.0531779127276346,1357.7787611913354,142.9982601657404,0.0002600235886188483,0.9999999999999974,0.7386951380111322,1.4982535634116347,2.9965071268232695,Self-Reg
55490.64253209723,56217.94126922295,3781.3277842126795,9.31424673128458e-08,1.0331542559281037e-07,1.0531948226010412,1376.6989637420588,144.99322208933552,0.00025645827645994754,0.9999999999999974,0.7387734009154726,1.4982616752969313,2.9965233505938627,Self-Reg
56004.34916375271,56738.38089526105,3755.6714976465746,9.060282413520319e-08,1.00501616527965e-07,1.053211654202613,1395.882709023496,147.01599370434613,0.00025294183119805436,0.9999999999999978,0.7388511015426897,1.4982697491168722,2.9965394982337443,Self-Reg
56522.8114531436,57263.63850997374,3730.186627593209,8.813242743186888e-08,9.776442740612314e-08,1.053228407897145,1415.333667011464,149.06696247497123,0.0002494735833995382,0.9999999999999974,0.7389282441694627,1.4982777850536677,2.9965555701073354,Self-Reg
57046.07342594363,57793.75871606568,3704.872066088951,8.572938911311142e-08,9.510177232994396e-08,1.0532450840477088,1435.0555587793888,151.14652126197288,0.0002460528727950641,0.9999999999999978,0.7390048330369543,1.4982857832886232,2.9965715665772463,Self-Reg
57574.17951539578,58328.78652915267,3679.7267117959923,8.339187257027272e-08,9.251162217376155e-08,1.053261683015661,1455.0521572096513,153.25506839782054,0.00024267904815425604,0.9999999999999974,0.7390808723511434,1.4982937440021429,2.9965874880042858,Self-Reg
58107.17456608505,58868.76738158385,3654.7494699707668,8.111809127207557e-08,8.999200303890516e-08,1.0532782051606515,1475.3272877148343,155.39300776288127,0.00023935146716207194,0.9999999999999973,0.7391563662831558,1.4983016673737353,2.9966033347474705,Self-Reg
58645.10383774717,59413.74712630035,3629.9392524323334,7.89063073991991e-08,8.754099475102677e-08,1.0532946508406325,1495.88482896905,157.56074886267544,0.0002360694962968611,0.9999999999999976,0.7392313189695898,1.4983095535820181,2.9966191071640362,Self-Reg
59188.013009111506,59963.77204072855,3605.294977530839,7.675483051608981e-08,8.515672939830701e-08,1.0533110204118652,1516.7287136494058,159.75870690620314,0.00023283251071009478,0.9999999999999973,0.7393057345128384,1.4983174028047224,2.9966348056094447,Self-Reg
59735.94818177954,60518.88883070941,3580.8155701159963,7.46620162789864e-08,8.283738990942023e-08,1.0533273142289301,1537.8629291877942,161.98730288536146,0.00022963989410773827,0.9999999999999974,0.739379616981409,1.498325215218697,2.996650430437394,Self-Reg
60288.95588414037,61079.14463446527,3556.4999615055494,7.262626517916793e-08,8.058120867017453e-08,1.0533435326447327,1559.2915185331872,164.2469636554717,0.00022649103863323802,0.9999999999999976,0.7394529704102397,1.4983329909999148,2.9966659819998296,Self-Reg
60847.08307532136,61644.58702660229,3532.3470894538095,7.064602132047317e-08,7.838646617778422e-08,1.0533596760105128,1581.0185809245017,166.53812201692335,0.00022338534475211392,0.999999999999997,0.7395257988010102,1.4983407303234755,2.996681460646951,Self-Reg
61410.37714917517,62215.26402214974,3508.355898120234,6.871977123015255e-08,7.625148973174749e-08,1.0533757446758543,1603.048272674218,168.86121679795463,0.00022032222113812757,0.9999999999999973,0.7395981061224524,1.4983484333636112,2.9966968667272225,Self-Reg
61978.88593830567,62791.224080638676,3484.525338037957,6.684604270213713e-08,7.41746521603256e-08,1.0533917389886895,1625.3848079629797,171.21669293859202,0.00021730108456099727,0.9999999999999973,0.7396698963106543,1.498356100293691,2.996712200587382,Self-Reg
62552.657718128,63372.51611021522,3460.8543660824885,6.502340367185802e-08,7.21543705816757e-08,1.05340765929531,1648.0324596451344,173.60500157574734,0.0002143213597756619,0.999999999999997,0.7397411732693642,1.498363731286225,2.99672746257245,Self-Reg
63131.74121096874,63959.18947179446,3437.3419454403434,6.325046112173626e-08,7.01891051986727e-08,1.0534235059403743,1670.9955600655883,176.0266001295091,0.00021138247941304537,0.9999999999999976,0.739811940870289,1.4983713265128698,2.9967426530257395,Self-Reg
63716.18559020391,64551.293983252675,3413.9870455777263,6.152586001651717e-08,6.827735812651545e-08,1.0534392792669134,1694.2785018880218,178.48195239063432,0.00020848388387231434,0.9999999999999972,0.7398822029533899,1.4983788861444318,2.9967577722888636,Self-Reg
64306.04048443309,65148.87992365622,3390.7886422093393,5.984828226764003e-08,6.641767225223146e-08,1.0534549796163424,1717.8857389345574,180.9715286092509,0.0002056250212146181,0.9999999999999973,0.7399519633271757,1.4983864103508724,2.9967728207017448,Self-Reg
64901.355981694396,65751.99803753165,3367.7457172671557,5.821644572583936e-08,6.460863012519874e-08,1.053470607328465,1741.8217870371905,183.49580558480213,0.00020280534705827073,0.9999999999999977,0.740021225768993,1.4983938993013126,2.9967877986026252,Self-Reg
65502.18263371855,66360.69953917565,3344.857258869229,5.662910320121375e-08,6.284885287784805e-08,1.0534861627414829,1766.0912249010883,186.05526675724525,0.00020002432447536398,0.9999999999999977,0.7400899940253115,1.498401353164037,2.996802706328074,Self-Reg
66108.57146022002,66975.03611700232,3322.122261288655,5.508504151002049e-08,6.11369991757331e-08,1.0535016461920037,1790.6986949798043,188.6504022995096,0.00019728142388980463,0.9999999999999974,0.7401582718120092,1.4984087721064985,2.996817544212997,Self-Reg
66720.57395323,67595.05993793308,3299.5397249224898,5.358308054745398e-08,5.947176419615482e-08,1.0535170580150477,1815.6489043627682,191.28170921125079,0.0001945761229767341,0.9999999999999974,0.7402260628146519,1.498416156295322,2.996832312590644,Self-Reg
67338.24208147,68220.82365182739,3277.1086562607197,5.2122072385705894e-08,5.785187863457074e-08,1.0535323985440557,1840.9466256751418,193.94969141391178,0.0001919079065633221,0.9999999999999972,0.7402933706887711,1.4984235058963098,2.9968470117926196,Self-Reg
67961.62829476275,68852.38039595167,3254.8280678553906,5.070090039662472e-08,5.62761077380416e-08,1.053547668110898,1866.5966979900827,196.65485984709534,0.00018927626653092807,0.9999999999999974,0.7403601990601398,1.4984308210744455,2.996861642148891,Self-Reg
68590.78552848773,69489.78379949307,3232.696978289663,4.931847839828841e-08,5.4743250364962565e-08,1.0535628670458796,1892.6040277538505,199.3977325662926,0.00018668070171858438,0.9999999999999973,0.7404265515250423,1.498438101993898,2.996876203987796,Self-Reg
69225.76720807565,70133.08798811292,3210.7144121470137,4.797374982485225e-08,5.325213807038027e-08,1.05357799567775,1918.9735897237053,202.17883484196386,0.00018412071782780793,0.9999999999999971,0.7404924316505452,1.4984453488180256,2.996890697636051,Self-Reg
69866.62725354456,70782.34758854238,3188.8793999804866,4.6665686919031054e-08,5.180163421619251e-08,1.0535930543337098,1945.7104279188634,204.99869925999843,0.00018159582732871175,0.9999999999999974,0.7405578429747626,1.4984525617093813,2.9969051234187627,Self-Reg
70513.42008407954,71437.61773322195,3167.1909782819644,4.5393289946597056e-08,5.039063310555258e-08,1.053608043339417,1972.8196565847422,207.8578658235791,0.00017910554936739493,0.9999999999999973,0.7406227890071191,1.4984597408297162,2.9969194816594324,Self-Reg
71166.2006226532,72098.95406498272,3145.64818945155,4.41555864322976e-08,4.901805914082494e-08,1.0536229630189973,2000.306461170584,210.75688205645955,0.0001766494096746026,0.9999999999999977,0.7406872732286119,1.4984668863399837,2.9969337726799674,Self-Reg
71825.02430068913,72766.41274177087,3124.2500817670143,4.295163041660695e-08,4.7682866004449565e-08,1.0536378136950482,2028.176099320676,213.69630310767874,0.0001742269404756349,0.9999999999999973,0.7407512990920668,1.4984739984003437,2.9969479968006874,Self-Reg
72489.94706276977,73440.05044141722,3102.9957093532657,4.1780501732740785e-08,4.6384035862088556e-08,1.0536525956886489,2056.433901879434,216.67669185774014,0.00017183768040148167,0.9999999999999972,0.740814870022395,1.4984810771701669,2.9969621543403338,Self-Reg
73161.02537138658,74119.92436644966,3081.884132151939,4.0641305303386503e-08,4.512057858745518e-08,1.0536673093193665,2085.085273910412,219.69861902626178,0.00016948117440117715,0.9999999999999974,0.7408779894168455,1.4984881228080396,2.996976245616079,Self-Reg
73838.3162117341,74806.09224895012,3060.914415891047,3.953317045660884e-08,4.389153100823219e-08,1.0536819549052632,2114.1356957295056,222.76266328112638,0.00016715697365535218,0.9999999999999976,0.7409406606452538,1.4984951354717664,2.9969902709435328,Self-Reg
74521.87709654984,75498.61235545784,3040.0856320546695,3.845525026040587e-08,4.269595617250399e-08,1.0536965327629038,2143.5907239525895,225.86941134915656,0.00016486463549096337,0.9999999999999971,0.7410028870502904,1.498502115318375,2.99700423063675,Self-Reg
75211.76607099753,76197.54349191659,3019.396857852758,3.74067208754117e-08,4.153294263514963e-08,1.0537110432073633,2173.4559925576773,229.01945812832446,0.0001626037232971924,0.9999999999999971,0.7410646719477052,1.4985090625041209,2.9970181250082417,Self-Reg
75908.04171759571,76902.9450086679,2998.8471761910064,3.638678092524785e-08,4.04016037636505e-08,1.0537254865522332,2203.7372139618824,232.2134068015247,0.00016037380644249457,0.9999999999999974,0.7411260186265702,1.4985159771844898,2.9970319543689796,Self-Reg
76610.76316119308,77614.87680549166,2978.4356756407756,3.539465088404141e-08,3.930107706278385e-08,1.0537398631096295,2234.4401801134045,235.45186895193544,0.00015817446019277757,0.9999999999999972,0.7411869303495187,1.4985228595142037,2.9970457190284074,Self-Reg
77319.99007398884,78333.39933669215,2958.1614504091162,3.4429572480644836e-08,3.823052351769161e-08,1.0537541731901992,2265.570763598681,238.73546467998162,0.00015600526563070176,0.9999999999999974,0.741247410352983,1.4985297096472232,2.9970594192944464,Self-Reg
78035.78268059925,79058.57361623111,2938.023600308887,3.3490808119100525e-08,3.7189126954823267e-08,1.0537684171031279,2297.134918764938,242.06482272192508,0.0001538658095760847,0.9999999999999973,0.7413074618474286,1.498536527736752,2.997073055473504,Self-Reg
78758.20176317255,79790.46122290967,2918.021230728909,3.2577640314905336e-08,3.6176093420264554e-08,1.053782595156146,2329.1386828584277,245.4405805701121,0.00015175568450738887,0.9999999999999976,0.7413670880175874,1.4985433139352409,2.9970866278704817,Self-Reg
79487.30866654999,80529.12430559697,2898.1534526042337,3.168937114664771e-08,3.519065057498265e-08,1.0537967076555361,2361.5881771784534,248.8633845948893,0.00014967448848428696,0.9999999999999972,0.7414262920226881,1.4985500683943924,2.997100136788785,Self-Reg
80223.16530347441,81274.62558850709,2878.4193823865094,3.082532172259672e-08,3.423204710652654e-08,1.0538107549061417,2394.4896082474597,252.33389016821667,0.00014762182507128553,0.9999999999999972,0.7414850769966818,1.498556791265163,2.997113582530326,Self-Reg
80965.83415984856,82027.02837652621,2858.8181420143806,2.998483166183346e-08,3.329955215673244e-08,1.0538247372113703,2427.849268997465,255.85276178900708,0.00014559730326238918,0.9999999999999974,0.7415434460484696,1.4985634826977683,2.9971269653955366,Self-Reg
81715.37830004074,82786.39656058789,2839.3488588840146,2.9167258589531578e-08,3.239245476500278e-08,1.0538386548732044,2461.6735399729573,259.42067321020596,0.00014360053740679807,0.9999999999999976,0.7416014022621253,1.498570142841687,2.997140285683374,Self-Reg
82471.8613722394,83552.79462309772,2820.01066581972,2.8371977645999928e-08,3.15100633267339e-08,1.053852508192205,2495.9688905505204,263.03830756763807,0.00014163114713562164,0.9999999999999973,0.7416589486971155,1.498576771845664,2.997153543691328,Self-Reg
83235.34761385889,84326.28764341006,2800.802701044608,2.759838100910968e-08,3.065170506647759e-08,1.0538662974675206,2530.741880175523,266.70635751065697,0.00013968875728958974,0.9999999999999976,0.7417160883885173,1.498583369857714,2.997166739715428,Self-Reg
84005.90185699378,85106.94130335374,2781.7241081513816,2.684587742974506e-08,2.9816725525440236e-08,1.0538800229968934,2565.999159615933,270.42552533460486,0.00013777299784775674,0.9999999999999973,0.7417728243472377,1.4985899370251266,2.997179874050253,Self-Reg
84783.58953392356,85894.82189280895,2762.77403607322,2.611389177992038e-08,2.9004488062927222e-08,1.053893685076666,2601.747472233602,274.1965231151171,0.00013588350385717977,0.9999999999999972,0.7418291595602241,1.4985964734944686,2.997192946988937,Self-Reg
85568.47668266996,86689.9963153374,2743.9516390547087,2.540186461321666e-08,2.8214373371351718e-08,1.0539072840017876,2637.9936552733084,278.020072844304,0.00013401991536355457,0.9999999999999978,0.7418850969906787,1.4986029794115887,2.9972059588231774,Self-Reg
86360.62995260405,87492.53209386292,2725.256076622901,2.470925173720515e-08,2.744577900444237e-08,1.0539208200658212,2674.744641169674,281.8969065688203,0.00013218187734280432,0.999999999999997,0.7419406395782676,1.4986094549216211,2.9972189098432422,Self-Reg
87160.1166101054,88302.49737640475,2706.6865135584776,2.4035523797529034e-08,2.6698118918288988e-08,1.0539342935609508,2712.007458872277,285.82776652985825,0.00013036903963360206,0.9999999999999976,0.7419957902393277,1.4986159001689885,2.997231800337977,Self-Reg
87967.00454427498,89119.96094186539,2688.2421198669513,2.3380165873324355e-08,2.5970823024875523e-08,1.0539477047779868,2749.789235189275,289.81340530509516,0.00012858105687081435,0.9999999999999971,0.7420505518670737,1.4986223152974067,2.9972446305948135,Self-Reg
88781.3622726996,89944.99220587053,2669.9220707500135,2.27426770836737e-08,2.5263336757763897e-08,1.0539610540063737,2788.0971961496684,293.8545859526119,0.0001268175884198563,0.9999999999999973,0.7421049273318009,1.498628700449888,2.997257400899776,Self-Reg
89603.25894726961,90777.661226663,2651.7255465769713,2.21225702047903e-08,2.457512064959635e-08,1.0539743415341956,2826.938668384518,297.9520821568128,0.00012507829831194615,0.9999999999999976,0.7421589194810863,1.498635055768744,2.997270111537488,Self-Reg
90432.76436005197,91618.03871105287,2633.6517328562413,2.1519371297638776e-08,2.3905649921093465e-08,1.0539875676481838,2866.3210805274707,302.1066783763862,0.00012336285518024,0.9999999999999971,0.7422125311399886,1.4986413813955906,2.997282762791181,Self-Reg
91269.94894921627,92466.19602042108,2615.699820206983,2.0932619345710714e-08,2.3254414081238292e-08,1.0540007326337226,2906.2519646346964,306.31916999431655,0.00012167093219684442,0.9999999999999972,0.742265765111246,1.4986476774713509,2.9972953549427017,Self-Reg
92114.88380501542,93322.20517677856,2597.869004330824,2.0361865902676458e-08,2.2620916538340277e-08,1.0540138367748564,2946.738957624601,310.59036346998465,0.00012000220701068985,0.9999999999999972,0.7423186241754702,1.498653944136258,2.997307888272516,Self-Reg
92967.64067582348,94186.13886888322,2580.158485983645,1.9806674749643043e-08,2.2004674221682114e-08,1.0540268803542947,2987.7898027376527,314.9210764933941,0.00011835636168625006,0.9999999999999971,0.7423711110913421,1.4986601815298606,2.997320363059721,Self-Reg
93828.29197422772,95058.07045841172,2562.5674709475106,1.9266621561758674e-08,2.1405217213464398e-08,1.0540398636534207,3029.412351016445,319.31213814153625,0.0001167330826431033,0.9999999999999974,0.7424232285958018,1.4986663897910242,2.9973327795820484,Self-Reg
94696.91078317673,95938.07398618838,2545.0951700026926,1.8741293583907552e-08,2.082208839076608e-08,1.0540527869522953,3071.614562806365,323.76438903693054,0.00011513206059632015,0.9999999999999978,0.7424749794042383,1.4986725690579363,2.9973451381158727,Self-Reg
95573.57086218857,96826.22417847444,2527.7407988997365,1.8230289315245617e-08,2.0254843077246934e-08,1.054065650529665,3114.4045092772776,328.27868150838754,0.00011355299049766094,0.9999999999999977,0.742526366210678,1.498678719468109,2.997357438936218,Self-Reg
96458.34665361146,97722.59645331108,2510.503578331727,1.7733218202340604e-08,1.9703048704331563e-08,1.0540784546629682,3157.790373966174,332.855879753986,0.00011199557147758608,0.9999999999999974,0.7425773916879708,1.4986848411583833,2.9973696823167666,Self-Reg
97351.31328894643,98627.2669269247,2493.3827339065774,1.724970034067674e-08,1.9166284481611614e-08,1.0540911996283404,3201.780454341469,337.49686000633716,0.00011045950678805268,0.9999999999999972,0.7426280584879731,1.4986909342649315,2.997381868529863,Self-Reg
98252.5465952282,99540.3124201916,2476.3774961194204,1.6779366184298456e-08,1.864414107621802e-08,1.0541038857006217,3246.3831633890827,342.2025107001507,0.00010894450374609355,0.9999999999999976,0.7426783692417308,1.4986969989232612,2.9973939978465225,Self-Reg
99162.1231014617,100461.81046515878,2459.487100325177,1.6321856263372893e-08,1.813622030092115e-08,1.0541165131533616,3291.6070312204006,346.97373264211365,0.00010745027367817422,0.9999999999999974,0.7427283265596601,1.4987030352682191,2.9974060705364383,Self-Reg
100080.12004512284,101391.83931162991,2442.71078671113,1.5876820909450907e-08,1.7642134810716595e-08,1.0541290822588265,3337.4607067028787,351.81143918316,0.00010597653186530248,0.9999999999999973,0.7427779330317253,1.4987090434339938,2.9974180868679876,Self-Reg
101006.61537871548,102330.47793380827,2426.0478002696836,1.5443919988221272e-08,1.7161507807670724e-08,1.0541415932880054,3383.952959113124,356.71655639311683,0.00010452299748889574,0.9999999999999972,0.7428271912276166,1.4987150235541193,2.9974300471082387,Self-Reg
101941.6877763922,103277.80603700431,2409.497390771164,1.5022822639550038e-08,1.6693972753797283e-08,1.0541540465106154,3431.0926798131572,361.69002323779904,0.00010308939357738332,0.9999999999999973,0.7428761036969244,1.4987209757614788,2.9974419515229576,Self-Reg
102885.41664063437,104233.90406440325,2393.0588127367646,1.4613207024609086e-08,1.6239173091749384e-08,1.0541664421951087,3478.8888839499004,366.7327917585579,0.00010167544695354264,0.9999999999999973,0.7429246729693136,1.4987269001883068,2.9974538003766136,Self-Reg
103837.88210899416,105198.8532038954,2376.7313254115925,1.4214760079899455e-08,1.5796761973113132e-08,1.054178780608678,3527.350712178326,371.8458272543299,0.00010028088818255507,0.9999999999999971,0.7429729015546943,1.4987327969661945,2.997465593932389,Self-Reg
104799.1650609006,106172.73539497152,2360.51419273779,1.3827177277980727e-08,1.5366401994095147e-08,1.0541910620172634,3576.48743240868,377.0301084662302,9.890545152077013e-05,0.9999999999999976,0.7430207919433942,1.4987386662260915,2.997477332452183,Self-Reg
105769.34712452693,107155.63333568019,2344.4066833277957,1.3450162394725261e-08,1.494776493840463e-08,1.0542032866855566,3626.308441577938,382.28662776470406,9.7548874865173e-05,0.9999999999999974,0.7430683466063226,1.498744508098309,2.997489016196618,Self-Reg
106748.51068372163,108147.63048964953,2328.4080704377075,1.308342728291841e-08,1.4540531527133334e-08,1.0542154548770089,3676.82326744592,387.6163913392871,9.62108997035426e-05,0.9999999999999973,0.7431155679951427,1.4987503227125243,2.9975006454250486,Self-Reg
107736.73888500515,109148.81109317583,2312.5176319407233,1.2726691652031197e-08,1.4144391175442232e-08,1.0542275668538363,3728.041570416492,393.0204193910133,9.489127106528998e-05,0.9999999999999973,0.7431624585424321,1.4987561101977827,2.9975122203955653,Self-Reg
108734.11564462999,110159.26016237598,2296.7346503007184,1.2379682853998362e-08,1.375904175587123e-08,1.054239622877025,3779.973145384042,398.49974632749536,9.358973747297043e-05,0.9999999999999973,0.7432090206618489,1.498761870682502,2.997523741365004,Self-Reg
109740.72565570561,111179.06350040597,2281.0584125459354,1.2042135674837544e-08,1.3384189368091063e-08,1.054251623206338,3832.6279236056307,404.0554209607171,9.230605089446008e-05,0.9999999999999974,0.743255256748293,1.4987676042944749,2.9975352085889497,Self-Reg
110756.65439539176,112208.30770474828,2265.4882102427405,1.1713792131949414e-08,1.3019548114921107e-08,1.0542635681003194,3886.015974599332,409.68850670759315,9.103996669578307e-05,0.9999999999999974,0.7433011691780658,1.498773311160872,2.997546622321744,Self-Reg
111781.98813215584,113247.0801745645,2250.02333946953,1.1394401276945512e-08,1.2664839884444481e-08,1.0542754578163034,3940.147508068868,415.4000817933072,8.979124359458742e-05,0.9999999999999976,0.7433467603090298,1.498778991408246,2.997557982816492,Self-Reg
112816.81393309889,114295.46911811734,2234.663100790724,1.1083719003851743e-08,1.2319794138052951e-08,1.0542872926104168,3995.0328758551027,421.1912394574883,8.855964361425562e-05,0.9999999999999976,0.7433920324807659,1.4987846451625337,2.9975692903250675,Self-Reg
113861.21967134818,115353.56356026002,2219.406799230883,1.0781507862541853e-08,1.198414770426141e-08,1.054299072737586,4050.6825739146398,427.06308816325026,8.734493203864418e-05,0.9999999999999974,0.7434369880147286,1.4987902725490598,2.9975805450981197,Self-Reg
114915.2940335203,116421.45334999725,2204.253744248906,1.0487536877257216e-08,1.165764457813369e-08,1.0543107984515434,4107.107244326074,433.01675180915396,8.614687736744015e-05,0.9999999999999974,0.7434816292144008,1.4987958736925402,2.9975917473850804,Self-Reg
115979.12652725136,117499.22916811415,2189.2032497123646,1.0201581370075489e-08,1.1340035726168369e-08,1.0543224700048321,4164.317677324056,439.0533699441084,8.496525127213047e-05,0.9999999999999976,0.7435259583654453,1.4988014487170844,2.997602897434169,Self-Reg
117052.80748879696,118586.98253487576,2174.254633871946,9.923422789192597e-09,1.1031078896495421e-08,1.0543340876488119,4222.324813361691,445.17409798526387,8.379982855257382e-05,0.9999999999999973,0.7435699777358584,1.498806997746199,2.997613995492398,Self-Reg
118136.42809070463,119684.80581780005,2159.4072193359752,9.652848541886226e-09,1.0730538434238463e-08,1.0543456516336656,4281.139745201739,451.3801074389512,8.26503870941638e-05,0.9999999999999973,0.7436136895761176,1.4988125209027916,2.997625041805583,Self-Reg
119230.08034955499,120792.7922395006,2144.6603330450776,9.389651832034434e-09,1.0438185101903478e-08,1.0543571622084031,4340.773720036807,457.6725861246821,8.151670782558129e-05,0.9999999999999977,0.7436570961193312,1.498818018309172,2.997636036618344,Self-Reg
120333.85713377479,121911.03588560197,2130.0133062469504,9.133631502064372e-09,1.0153795904656356e-08,1.0543686196208684,4401.238141639074,464.0527384022706,8.039857467712407e-05,0.9999999999999972,0.7437001995813841,1.4988234900870567,2.9976469801741135,Self-Reg
121447.85217152433,123039.63171273057,2115.465474471215,8.884591879210022e-09,9.877153920355814e-09,1.0543800241177452,4462.544572540046,470.5217854021285,7.929577453960432e-05,0.9999999999999977,0.7437430021610842,1.4988289363575715,2.997657872715143,Self-Reg
122572.16005865575,124178.67555657717,2101.016177504408,8.64234262596243e-09,9.608048134213455e-09,1.054391375944561,4524.704736240523,477.0809652587516,7.820809722381134e-05,0.9999999999999979,0.7437855060403075,1.4988343572412546,2.997668714482509,Self-Reg
123706.87626674496,125328.26414003421,2086.6647593650823,8.406698594597545e-09,9.34627327795435e-09,1.0544026753456937,4587.73051945135,483.7315333474592,7.713533542052809e-05,0.9999999999999976,0.7438277133841388,1.4988397528580593,2.9976795057161185,Self-Reg
124852.09715120019,126488.49508141053,2072.41056827899,8.177479685670077e-09,9.091629673355236e-09,1.0544139225643776,4651.633974365468,490.47476252444176,7.607728466109298e-05,0.9999999999999972,0.7438696263410147,1.4988451233273574,2.997690246654715,Self-Reg
126007.91995944334,127659.46690272,2058.252956654402,7.954510710366163e-09,8.843923080042251e-09,1.0544251178427078,4716.427320961467,497.31194337013596,7.503374327850336e-05,0.9999999999999974,0.7439112470428626,1.498850468767942,2.997700937535884,Self-Reg
127174.44283916711,128841.27903804682,2044.1912810575438,7.737621256609165e-09,8.602964547431745e-09,1.0544362614216454,4782.122949339207,504.2443844359884,7.400451236905131e-05,0.9999999999999974,0.743952577605241,1.49885578929803,2.99771157859606,Self-Reg
128351.76484667079,130034.03184199068,2030.2249021881046,7.526645558815769e-09,8.368570270700918e-09,1.0544473535410244,4848.733422088082,511.2734124946693,7.298939575448191e-05,0.9999999999999974,0.7439936201274745,1.4988610850352657,2.9977221700705314,Self-Reg
129539.9859552709,131237.8265981875,2016.3531848548946,7.321422371203854e-09,8.14056145067965e-09,1.0544583944395556,4916.2714766881145,518.4003727937531,7.198819994467174e-05,0.9999999999999974,0.7440343766927929,1.4988663560967233,2.9977327121934465,Self-Reg
130739.20706378976,132452.7655279094,2002.5754979516046,7.121794844554687e-09,7.918764157556252e-09,1.0544693843548325,4984.75002794447,525.6266293129339,7.100073410081775e-05,0.9999999999999973,0.7440748493684637,1.4988716025989102,2.9977432051978203,Self-Reg
131949.53000512504,133678.9517987464,1988.8912144326548,6.927610406335008e-09,7.703009198292952e-09,1.0544803235233373,5054.182170456003,532.9535650248329,7.002680999912795e-05,0.9999999999999974,0.7441150402059263,1.4988768246577688,2.9977536493155377,Self-Reg
133171.05755489614,134916.4895333662,1975.299711289177,6.738720644088091e-09,7.493131987651036e-09,1.0544912121804446,5124.581181118023,540.3825821594239,6.906624199501092e-05,0.9999999999999976,0.7441549512409257,1.4988820223886814,2.997764044777363,Self-Reg
134403.89344017068,136165.48381835513,1961.8003695251105,6.554981192004301e-09,7.288972422726934e-09,1.0545020505604283,5195.9605216598975,547.9151024721394,6.811884698775516e-05,0.9999999999999976,0.7441945844936405,1.4988871959064707,2.9977743918129414,Self-Reg
135648.14234827404,137426.04071314313,1948.3925741333817,6.376251620584091e-09,7.09037476090338e-09,1.0545128388964655,5268.333841218111,555.5525675157231,6.718444438569019e-05,0.9999999999999972,0.7442339419688162,1.4988923453254042,2.9977846906508083,Self-Reg
136903.9099356785,138698.26725900918,1935.0757140722176,6.2023953293097894e-09,6.897187501123389e-09,1.0545235774206434,5341.714978945024,563.2964389158544,6.62628560718257e-05,0.9999999999999973,0.7442730256558915,1.4988974707591964,2.997794941518393,Self-Reg
138171.30283697404,139982.27148816996,1921.8491822415745,6.033279442243862e-09,6.709263268396324e-09,1.0545342663639623,5416.117966653915,571.148198650606,6.535390636996157e-05,0.9999999999999973,0.7443118375291266,1.4989025723210119,2.9978051446420237,Self-Reg
139450.428673925,141278.1624329551,1908.7123754596494,5.868774706473465e-09,6.526458701447673e-09,1.0545449059563428,5491.557031500993,579.1093493338105,6.445742201125924e-05,0.9999999999999976,0.7443503795477289,1.498907650123468,2.997815300246936,Self-Reg
140741.39606460792,142586.05013506478,1895.6646944395277,5.708755393324367e-09,6.3486343434277386e-09,1.054555496426629,5568.046598704608,587.1814145023542,6.357323210127286e-05,0.9999999999999973,0.744388653655979,1.4989127042786374,2.997825408557275,Self-Reg
142044.31463263527,143906.04565491437,1882.7055437659305,5.553099202268248e-09,6.175654535595429e-09,1.054566038002596,5645.601294302369,595.3659389074777,6.270116808743034e-05,0.9999999999999973,0.744426661783353,1.4989177348980511,2.9978354697961023,Self-Reg
143359.29501646344,145238.2610810643,1869.8343318720836,5.4016871674502085e-09,6.007387313896509e-09,1.0545765309109532,5724.23594794657,603.6644888101264,6.184106372696051e-05,0.9999999999999977,0.7444644058446467,1.4989227420927012,2.9978454841854023,Self-Reg
144686.44887878894,146582.80953973965,1857.050471016673,5.2544035667646604e-09,5.8437043083570795e-09,1.054586975377349,5803.965595738674,612.078652280424,6.0992755055257475e-05,0.9999999999999979,0.7445018877400967,1.4989277259730434,2.9978554519460867,Self-Reg
146025.88891602986,147939.80520443575,1844.353377260933,5.1111358334106104e-09,5.684480645216249e-09,1.0545973716263772,5884.805483103124,620.6100395013049,6.01560803546794e-05,0.9999999999999976,0.7445391093555,1.4989326866489996,2.997865373297999,Self-Reg
147377.72886789462,149309.36330561223,1831.742470445846,4.9717744698585334e-09,5.529594851723182e-09,1.0546077198815824,5966.771067701139,629.2602830763693,5.933088012377432e-05,0.999999999999997,0.7445760725623347,1.4989376242299612,2.9978752484599225,Self-Reg
148742.0835270419,150691.6001404798,1819.2171741694262,4.836212964162732e-09,5.3789287635256655e-09,1.054618020365463,6049.878022385238,638.031038342044,5.851699704692554e-05,0.9999999999999971,0.7446127792178767,1.4989425388247914,2.997885077649583,Self-Reg
150119.06874882767,152086.6330828748,1806.7769157641414,4.704347708555862e-09,5.232367434580311e-09,1.0546282732994774,6134.1422381947095,646.9239836840677,5.7714275964414166e-05,0.9999999999999977,0.7446492311653189,1.4989474305418278,2.9978948610836555,Self-Reg
151508.80146114214,153494.5805932252,1794.4211262744411,4.576077920263036e-09,5.089799049515403e-09,1.054638478904049,6219.579827392797,655.9408208583847,5.692256384289128e-05,0.9999999999999977,0.744685430233884,1.4989522994888846,2.9979045989777693,Self-Reg
152911.3996743404,154915.56222861155,1782.1492404343721,4.451305564474778e-09,4.9511148383793864e-09,1.0546486373985708,6306.207126546325,665.0832753165238,5.6141709746252475e-05,0.9999999999999973,0.7447213782389431,1.4989571457732567,2.9979142915465133,Self-Reg
154326.982491263,156349.69865291848,1769.9606966453264,4.329935279420475e-09,4.816208993710623e-09,1.0546587490014108,6394.040699648018,674.3530965354882,5.537156480691282e-05,0.9999999999999974,0.7447570769821268,1.4989619695017204,2.997923939003441,Self-Reg
155755.6701173482,157797.11164707987,1757.8549369539012,4.2118743034847915e-09,4.6849785898649464e-09,1.0546688139299154,6483.097341282278,683.7520583522368,5.461198219747496e-05,0.9999999999999973,0.7447925282514397,1.498966770780538,2.997933541561076,Self-Reg
157197.58387084142,159257.92411942204,1745.8314070298425,4.097032404311096e-09,4.557323504539314e-09,1.054678832400417,6573.39407983521,693.2819593028411,5.3862817102783296e-05,0.9999999999999977,0.744827733821371,1.4989715497154585,2.997943099430917,Self-Reg
158652.84619309622,160732.2601160995,1733.8895561441207,3.985321809838207e-09,4.43314634243226e-09,1.054688804628235,6664.948180749156,702.9446229663456,5.312392669236233e-05,0.9999999999999976,0.744862695453006,1.4989763064117214,2.997952612823443,Self-Reg
160121.58065897037,162220.24483162764,1722.0288371471202,3.876657141217518e-09,4.312352360982823e-09,1.054698730827685,6757.777149822517,712.7418983134137,5.239517009323219e-05,0.9999999999999972,0.7448974148941363,1.4989810409740592,2.9979620819481183,Self-Reg
161603.91198732136,163722.00461951553,1710.2487064469074,3.770955347558967e-09,4.194849398130993e-09,1.0547086112120796,6851.898736555702,722.6756600598468,5.167640836309464e-05,0.9999999999999976,0.7449318938793671,1.4989857535066993,2.9979715070133985,Self-Reg
163099.96605159598,165237.66700299442,1698.548623987638,3.6681356424565003e-09,4.080547802045279e-09,1.0547184459937358,6947.330937543458,732.7478090250039,5.096750446388794e-05,0.9999999999999972,0.7449661341302259,1.4989904441133666,2.997980888226733,Self-Reg
164609.86989051817,166767.36068584558,1686.9280532280663,3.568119442244186e-09,3.9693603627634876e-09,1.0547282353839782,7044.091999914446,742.9602724952159,5.0268323235703076e-05,0.9999999999999974,0.7450001373552695,1.4989951128972874,2.9979902257945747,Self-Reg
166133.75171887822,168311.21556333106,1675.3864611201461,3.4708303059357056e-09,3.861202245694529e-09,1.0547379795931449,7142.200424818825,753.3150045922707,4.957873137105626e-05,0.9999999999999971,0.7450339052501894,1.4989997599611897,2.9979995199223795,Self-Reg
167671.74093841965,169869.3627332231,1663.9233180877577,3.3761938768016326e-09,3.7559909269309264e-09,1.0547476788305912,7241.674970964265,763.8139866470146,4.889859738951452e-05,0.9999999999999976,0.7450674394979165,1.4990043854073078,2.9980087708146157,Self-Reg
169223.96814882627,171441.93450693527,1652.5380980055454,3.284137825539676e-09,3.6536461303225943e-09,1.0547573333046947,7342.53465820112,774.4592275781512,4.822779161266882e-05,0.9999999999999972,0.745100741768725,1.499008989337383,2.998017978674766,Self-Reg
170790.5651588141,173029.06442075985,1641.2302781778412,3.1945917949942975e-09,3.5540897662637332e-09,1.05476694322286,7444.798771157733,785.2527642763345,4.756618613944837e-05,0.9999999999999977,0.7451338137203356,1.4990135718526674,2.9980271437053347,Self-Reg
172371.66499732298,174630.88724720586,1629.999339317717,3.107487346383778e-09,3.4572458721465753e-09,1.0547765087915228,7548.486862926117,796.1966619935884,4.69136548217743e-05,0.9999999999999974,0.7451666569980174,1.4990181330539258,2.9980362661078517,Self-Reg
173967.4019248131,176247.539006444,1618.8447655261346,3.022757906993396e-09,3.3630405544363526e-09,1.0547860302161556,7653.61875879906,807.2930147381561,4.6270073240545806e-05,0.9999999999999974,0.745199273234689,1.4990226730414382,2.9980453460828764,Self-Reg
175577.91144466485,177879.15697785566,1607.7660442712138,2.940338719294888e-09,3.271401932323519e-09,1.0547955077012712,7760.214560059136,818.5439456748371,4.563531868195576e-05,0.9999999999999976,0.745231664051018,1.499027191915002,2.998054383830004,Self-Reg
177203.33031468696,179525.879711692,1596.7626663675849,2.8601667914530735e-09,3.1822600829100186e-09,1.0548049414504272,7868.294647820655,829.9516075309175,4.500927011412932e-05,0.9999999999999976,0.7452638310555215,1.4990316897739349,2.9980633795478697,Self-Reg
178843.7965587287,181187.8470408383,1585.8341259558674,2.7821808491821176e-09,3.095546987888198e-09,1.0548143316662313,7977.879686924935,841.5181830077329,4.43918081640833e-05,0.9999999999999973,0.7452957758446633,1.499036166717077,2.998072333434154,Self-Reg
180499.44947839892,182865.2000926866,1574.9799204822607,2.706321288914518e-09,3.0111964816715903e-09,1.054823678550346,8088.990629889722,853.2458851979557,4.378281509500136e-05,0.9999999999999974,0.7453275000029517,1.4990406228427935,2.998081245685587,Self-Reg
182170.42966489727,184558.08130112212,1564.1995506782105,2.6325301322468064e-09,2.929144200937785e-09,1.0548329823034912,8201.648720913865,865.1369580087186,4.318217478381857e-05,0.9999999999999974,0.7453590051030364,1.4990450582489758,2.9980901164979517,Self-Reg
183856.87901095152,186266.6344186168,1553.4925205402128,2.5607509816275363e-09,2.8493275355454235e-09,1.0548422431254512,8315.875499937472,877.1936765906028,4.258977269911465e-05,0.9999999999999974,0.745390292705804,1.4990494730330464,2.9980989460660927,Self-Reg
185558.94072286546,187991.00452843527,1542.8583373097144,2.4909289772534496e-09,2.77168558078759e-09,1.0548514612150774,8431.692806758623,889.4183477725991,4.2005495879309174e-05,0.9999999999999973,0.7454213643604727,1.4990538672919587,2.9981077345839173,Self-Reg
187276.7593326814,189731.3380569568,1532.2965114531062,2.423010755140814e-09,2.696159090945195e-09,1.0548606367702933,8549.122785207555,901.8133105031465,4.1429232911154724e-05,0.9999999999999976,0.7454522216046864,1.4990582411222004,2.998116482244401,Self-Reg
189010.48071045242,191487.7827861082,1521.8065566418338,2.356944406340116e-09,2.622690434105178e-09,1.0548697699880984,8668.18788737878,914.3809362972875,4.086087390852525e-05,0.9999999999999976,0.7454828659646079,1.4990625946197966,2.9981251892395933,Self-Reg
190760.25207662763,193260.48786591165,1511.3879897326212,2.2926794372628176e-09,2.5512235482089973e-09,1.054878861064574,8788.910877922071,927.1236296900478,4.0300310491494966e-05,0.9999999999999974,0.7455132989550112,1.4990669278803104,2.9981338557606207,Self-Reg
192526.22201455603,195049.60382715226,1501.0403307477732,2.2301667310897237e-09,2.4817038982977424e-09,1.0548879101948856,8911.314838393431,940.043828696152,3.974743576570258e-05,0.9999999999999974,0.7455435220793731,1.4990712409988467,2.9981424819976934,Self-Reg
194308.54048310226,196855.28259415925,1490.7631028556045,2.1693585102317332e-09,2.414078434921605e-09,1.0548969175732883,9035.423171666387,953.1440052761135,3.9202144301999056e-05,0.9999999999999977,0.7455735368299634,1.4990755340700537,2.9981510681401073,Self-Reg
196107.35882937943,198677.67749770568,1480.5558323509745,2.110208299814128e-09,2.3482955536818343e-09,1.0549058833931315,9161.25960640466,966.4266658088118,3.866433211637417e-05,0.9999999999999971,0.7456033446879354,1.4990798071881255,2.998159614376251,Self-Reg
197922.82980160325,200516.943288031,1470.4180486359007,2.05267089215639e-09,2.284305055874242e-09,1.0549148078468624,9288.8482015974,979.8943515706793,3.813389665015654e-05,0.9999999999999976,0.7456329471234149,1.499084060446804,2.998168120893608,Self-Reg
199755.10756206154,202373.2361479806,1460.4517009118895,1.996702312220656e-09,2.2220581102045247e-09,1.0549236911260305,9418.213351157217,993.5496392215232,3.761073675048624e-05,0.9999999999999977,0.7456631579745919,1.4990882939393821,2.9981765878787643,Self-Reg
201604.3477002039,204246.713706267,1450.4528841179442,1.94225978400223e-09,2.1615072155460774e-09,1.0549325334212916,9549.379788582295,1007.3951412971196,3.709475265105433e-05,0.9999999999999971,0.7456923648987519,1.4990925077587043,2.9981850155174086,Self-Reg
203470.70724585603,206137.5350508574,1440.520111448234,1.889301697836419e-09,2.1026061647118308e-09,1.0549413349224128,9682.37259168359,1021.4335067086869,3.658584595310533e-05,0.9999999999999978,0.7457213544938948,1.4990967019971708,2.9981934039943416,Self-Reg
205354.344682553,208045.86074248166,1430.6549364860987,1.8377875785968793e-09,2.0453100092127016e-09,1.0549500958182763,9817.217187377611,1035.6674212492842,3.608391960670085e-05,0.9999999999999973,0.7457501441436486,1.4991008767467384,2.998201753493477,Self-Reg
207255.41996099567,209971.8528282652,1420.8569449741235,1.7876780547610715e-09,1.9895750249757145e-09,1.054958816296883,9953.939356545916,1050.0996081072635,3.558887789223946e-05,0.9999999999999972,0.7457787355901518,1.4991050320989228,2.9982100641978455,Self-Reg
209174.09451263558,211915.67485549176,1411.1256853683194,1.7389348283190947e-09,1.935358678995539e-09,1.0549674965453577,10092.56523896247,1064.7328283868935,3.510062640222901e-05,0.999999999999998,0.745807130245606,1.4991091681448017,2.9982183362896033,Self-Reg
211110.53126338174,213877.49188549,1401.4607082759303,1.6915206455030824e-09,1.8826195968942488e-09,1.054976136749952,10233.121338289364,1079.569881636201,3.461907202330927e-05,0.9999999999999976,0.7458353295052584,1.499113284975016,2.998226569950032,Self-Reg
213064.89464743447,215857.47050764854,1391.861567243438,1.6453992683146956e-09,1.8313175313644768e-09,1.0549847370960497,10375.634527142081,1094.6136063821682,3.4144122918520655e-05,0.9999999999999971,0.7458633347538824,1.4991173826797726,2.998234765359545,Self-Reg
215037.35062125072,217855.77885356455,1382.3278187545907,1.6005354468288728e-09,1.7814133314718131e-09,1.0549932977681709,10520.132052225483,1109.8668806733995,3.367568850981501e-05,0.9999999999999973,0.7458911473659885,1.4991214613488464,2.9982429226976928,Self-Reg
217028.06667763522,219872.58661131916,1372.8590222123946,1.5568948922528318e-09,1.7328689127932381e-09,1.055001818949974,10666.641539541048,1125.3326226303154,3.321367946080679e-05,0.9999999999999972,0.7459187687059092,1.499125521071582,2.998251042143164,Self-Reg
219037.21185996357,221908.06503988747,1363.4547399208727,1.5144442507196193e-09,1.6856472283687106e-09,1.0550103008242626,10815.190999666738,1141.0137910030262,3.275800765975982e-05,0.9999999999999977,0.745946200127881,1.4991295619368963,2.9982591238737926,Self-Reg
221064.95677653543,223962.3869836794,1354.1145370669212,1.4731510777962429e-09,1.639712240443832e-09,1.0550187435729876,10965.808833110154,1156.9133857369445,3.230858620280765e-05,0.9999999999999978,0.7459734429761221,1.4991335840332811,2.9982671680665622,Self-Reg
223111.47361506414,226035.72688721961,1344.8379817022485,1.4329838136867872e-09,1.59502889298193e-09,1.0550271473772521,11118.523835736594,1173.034448546316,3.186532937740264e-05,0.9999999999999972,0.746000498584914,1.499137587448804,2.998275174897608,Self-Reg
225176.9361572971,228128.26080995926,1335.6246447254343,1.3939117591117404e-09,1.5515630849248018e-09,1.0550355124173154,11273.365204272288,1189.3800634956947,3.142815264599264e-05,0.9999999999999973,0.7460273682786784,1.4991415722711112,2.9982831445422224,Self-Reg
227261.51979377115,230240.16644122484,1326.4740998640814,1.3559050518449794e-09,1.5092816441816113e-09,1.0550438388725965,11430.362541884291,1205.953357589513,3.099697262992116e-05,0.9999999999999972,0.7460540533720567,1.4991455385874302,2.9982910771748603,Self-Reg
229365.40153870877,232371.62311530966,1317.3859236570538,1.318934643890437e-09,1.4681523023260615e-09,1.055052126921678,11589.545863838342,1222.7575013698977,3.0571707093547094e-05,0.9999999999999977,0.7460805551699862,1.4991494864845702,2.9982989729691405,Self-Reg
231488.76004504797,234522.8118267007,1308.359695436829,1.2829722792811527e-09,1.4281436699827219e-09,1.0550603767423108,11750.945603235134,1239.7957095227657,3.0152274928582923e-05,0.9999999999999974,0.7461068749677771,1.4991534160489264,2.9983068320978528,Self-Reg
233631.77561961146,236693.91524544655,1299.3949973119484,1.247990472483654e-09,1.389225212883652e-09,1.0550685885114177,11914.592616826483,1257.0712414923678,2.973859613864716e-05,0.9999999999999976,0.7461330140511884,1.4991573273664796,2.998314654732959,Self-Reg
235794.63023842027,238885.11773267182,1290.491414149547,1.2139624873910975e-09,1.3513672285769945e-09,1.055076762405097,12080.518190912731,1274.5874021044083,2.9330591824027717e-05,0.9999999999999979,0.7461589736965032,1.4991612205228007,2.9983224410456013,Self-Reg
237977.50756214498,241096.60535623092,1281.6485335579991,1.1808623168892612e-09,1.314540823769951e-09,1.055084898598626,12248.754047321921,1292.3475421978158,2.8928184166654645e-05,0.9999999999999972,0.7461847551706036,1.4991650956030507,2.9983301912061013,Self-Reg
240180.59295170012,243328.56590650664,1272.8659458696613,1.1486646629796914e-09,1.2787178922887887e-09,1.055092997266467,12419.332349472228,1310.355059265305,2.8531296415278673e-05,0.9999999999999974,0.7462103597310439,1.4991689526919838,2.9983379053839676,Self-Reg
242404.07348398698,245581.18891235956,1264.1432441236923,1.1173449174447495e-09,1.2438710936389868e-09,1.0551010585822687,12592.285708519068,1328.6133981028843,2.8139852870851954e-05,0.9999999999999974,0.7462357886261248,1.4991727918739495,2.998345583747899,Self-Reg
244648.13796777805,247854.66565722052,1255.4800240489903,1.086879143039922e-09,1.20997383214936e-09,1.0551090827188703,12767.647189587451,1347.1260514683777,2.7753778872109834e-05,0.9999999999999974,0.7462610430949654,1.4991766132328939,2.9983532264657877,Self-Reg
246912.97695974848,250149.18919533226,1246.8758840472208,1.0572440551989302e-09,1.1770002366841485e-09,1.0551170698483072,12945.450318091109,1365.8965607491127,2.7373000781349923e-05,0.9999999999999977,0.7462861243675764,1.4991804168523624,2.9983608337047247,Self-Reg
249198.78278066008,252464.9543681454,1238.3304251759293,1.0284170042376305e-09,1.1449251409075767e-09,1.055125020141813,13125.729086139869,1384.9285166389307,2.6997445970405468e-05,0.9999999999999973,0.7463110336649299,1.499184202815501,2.998368405631002,Self-Reg
251505.74953169114,254802.15782086263,1229.8432511317608,1.0003759580431887e-09,1.1137240640859462e-09,1.0551329337698236,13308.517959035938,1404.2255598245972,2.6627042806811194e-05,0.9999999999999974,0.7463357721990314,1.4991879712050589,2.9983759424101177,Self-Reg
253834.07311091718,257160.99801913503,1221.4139682337761,9.73099485235267e-10,1.0833731924125716e-09,1.055140810901982,13493.851881860543,1423.7913816817568,2.626172064015894e-05,0.9999999999999978,0.7463603411729898,1.4991917221033904,2.9983834442067807,Self-Reg
256183.9512299486,259541.6752659182,1213.0421854068472,9.465667387862805e-10,1.0538493608412639e-09,1.0551486517071405,13681.766286152653,1443.6297249806178,2.5901409788639272e-05,0.9999999999999976,0.7463847417810868,1.4991954555924563,2.9983909111849125,Self-Reg
258555.58343071849,261944.3917184797,1204.727514165161,9.207574400883223e-10,1.0251300354146245e-09,1.0551564563533653,13872.29709668031,1463.744384601427,2.5546041525768124e-05,0.9999999999999976,0.7464089752088465,1.4991991717538262,2.9983983435076524,Self-Reg
260949.17110242462,264369.3514055635,1196.4695685958184,8.956518634545268e-10,9.971932960736323e-10,1.0551642250079405,14065.480738306142,1484.1392082598913,2.5195548067295373e-05,0.9999999999999973,0.746433042633103,1.499202870668681,2.998405741337362,Self-Reg
263364.91749863455,266816.76024471887,1188.267965342509,8.712308210429623e-10,9.700178199353388e-10,1.0551719578373715,14261.354142948932,1504.818097242753,2.4849862558291782e-05,0.9999999999999971,0.7464569452220684,1.4992065524178135,2.998413104835627,Self-Reg
265803.0277545429,269286.8260597842,1180.1223235892965,8.474756481916562e-10,9.43582865026071e-10,1.0551796550073878,14459.954756641588,1525.7850071535502,2.4508919060413775e-05,0.9999999999999972,0.7464806841354007,1.4992102170816315,2.998420434163263,Self-Reg
268263.70890438906,271779.7585985329,1172.0322650444964,8.243681891534642e-10,9.178682544576448e-10,1.0551873166829477,14661.320546687415,1547.043948668766,2.4172652539342437e-05,0.9999999999999973,0.7465042605242701,1.4992138647401594,2.9984277294803188,Self-Reg
270747.16989904124,274295.76955048763,1163.9974139246283,8.018907832198549e-10,8.928543610344983e-10,1.0551949430282423,14865.490008916428,1568.5989883045474,2.3840998852393912e-05,0.9999999999999976,0.7465276755314245,1.4992174954730397,2.9984349909460795,Self-Reg
273253.6216237372,276835.072564894,1156.0173969384794,7.800262512230997e-10,8.68522092280118e-10,1.0552025342066975,15072.50217504212,1590.4542491940404,2.3513894736300312e-05,0.9999999999999977,0.7465509302912565,1.4992211093595351,2.9984422187190702,Self-Reg
275783.27691599296,279397.8832688636,1148.0918432712497,7.587578824064656e-10,8.44852875871243e-10,1.055210090380979,15282.396620120993,1612.6139118755839,2.319127779515754e-05,0.9999999999999971,0.7465740259298664,1.4992247064785307,2.9984494129570614,Self-Reg
278336.3505836739,281984.41928568244,1140.220384568796,7.380694216524314e-10,8.218286454688079e-10,1.0552176117129957,15495.213470115626,1635.0822150918448,2.287308648853847e-05,0.9999999999999976,0.7465969635651286,1.4992282869085354,2.9984565738170708,Self-Reg
280913.0594232387,284594.9002532934,1132.4026549219514,7.179450570591037e-10,7.994318269347433e-10,1.0552250983639022,15710.993409563434,1657.8634566001194,2.2559260119768514e-05,0.9999999999999973,0.7466197443067546,1.499231850727684,2.998463701455368,Self-Reg
283513.6222381472,287229.5478429457,1124.6382908509504,6.983694078554134e-10,7.776453249242252e-10,1.0552325504941042,15929.777689351844,1680.9619939938823,2.224973882436211e-05,0.9999999999999973,0.7466423692563554,1.4992353980137392,2.9984707960274783,Self-Reg
286138.25985743816,289888.5857780164,1116.9269312899446,6.793275126458225e-10,7.564525098430963e-10,1.0552399682632605,16151.608134601543,1704.3822455357554,2.1944463558617865e-05,0.9999999999999974,0.7466648395075065,1.4992389288440926,2.998477857688185,Self-Reg
288787.19515448523,292572.2398530116,1109.2682175715895,6.608048179755085e-10,7.35837205160472e-10,1.055247351830287,16376.527152660077,1728.1286910021336,2.164337608836909e-05,0.9999999999999979,0.7466871561458076,1.499242443295768,2.998484886591536,Self-Reg
291460.6530659202,295280.7379527382,1101.66179341174,6.427871672073778e-10,7.157836750669567e-10,1.0552547013533597,16604.577741206118,1752.2058725395107,2.1346418977889182e-05,0.9999999999999972,0.7467093202489468,1.4992459414454218,2.9984918828908436,Self-Reg
294158.86061073217,298014.31007165305,1094.1073048942324,6.252607897023558e-10,6.96276612469002e-10,1.05526201698992,16835.80349646664,1776.618395532733,2.1053535578948886e-05,0.9999999999999976,0.7467313328867601,1.4992494233693452,2.9984988467386904,Self-Reg
296882.04690954846,300773.188333397,1086.6044004557398,6.082122902946567e-10,6.773011273102192e-10,1.0552692988966752,17070.248621548842,1801.370929485378,2.0764670020022923e-05,0.9999999999999971,0.7467531951212925,1.4992528891434664,2.998505778286933,Self-Reg
299630.443204089,303557.6070105038,1079.1527308707311,5.916286390540563e-10,6.588427352108254e-10,1.0552765472296053,17307.95793488769,1826.468208912353,2.047976719564498e-05,0.9999999999999976,0.7467749080068588,1.4992563388433529,2.9985126776867057,Self-Reg
302404.2828768004,306367.8025442919,1071.7519492365177,5.754971613273108e-10,6.408873464165143e-10,1.0552837621439632,17548.97687881091,1851.9150342449,2.019877275590864e-05,0.9999999999999974,0.7467964725901022,1.499259772544211,2.998519545088422,Self-Reg
305203.8014706776,309204.01356494555,1064.4017109583724,5.598055280510712e-10,6.234212550482884e-10,1.0552909437942806,17793.351528223808,1877.7162727482703,1.9921633096111385e-05,0.9999999999999974,0.7468178899100545,1.4992631903208902,2.9985263806417803,Self-Reg
308029.2367092633,312066.4809117766,1057.1016737347504,5.445417463289671e-10,6.06431128645141e-10,1.05529809233437,18041.128599414387,1903.8768594521046,1.9648295346541212e-05,0.9999999999999979,0.7468391609981945,1.4992665922478836,2.9985331844957672,Self-Reg
310880.82851683267,314955.44765367376,1049.851497542595,5.296941502656089e-10,5.899039979915556e-10,1.0553052079173286,18292.35545898111,1930.4017980937742,1.9378707362403003e-05,0.9999999999999971,0.7468602868785053,1.4992699783993297,2.9985399567986595,Self-Reg
313758.8190387705,317871.15910974663,1042.6508446227194,5.152513920504905e-10,5.738272472220572e-10,1.0553122906955423,18547.080132885374,1957.2961620749047,1.911281771388242e-05,0.9999999999999976,0.7468812685675336,1.4992733488490146,2.9985466976980293,Self-Reg
316663.45266213093,320813.8628701552,1035.4993794652828,5.01202433285025e-10,5.581886041953197e-10,1.0553193408206871,18805.351315629465,1984.565095431152,1.8850575676346525e-05,0.9999999999999974,0.7469021070744454,1.4992767036703736,2.998553407340747,Self-Reg
319594.9760363887,323783.8088171326,1028.3967687953561,4.875365365460582e-10,5.429761311304598e-10,1.0553263584437345,19067.218379562364,2012.2138138154987,1.8591931220678417e-05,0.9999999999999971,0.7469228034010836,1.4992800429364923,2.9985600858729846,Self-Reg
322553.6380943865,326781.2491462077,1021.3426815585575,4.742432571793894e-10,5.281782154983524e-10,1.0553333437149535,19332.731384315484,2040.2476054952676,1.8336835003744024e-05,0.9999999999999972,0.7469433585420238,1.4992833667201089,2.9985667334402177,Self-Reg
325539.69007347187,329806.4383876184,1014.3367889067855,4.6131243531707707e-10,5.137835611610764e-10,1.055340296783915,19601.941086369283,2068.671832362977,1.8085238358989824e-05,0.9999999999999973,0.7469637734846305,1.4992866750936162,2.9985733501872325,Self-Reg
328553.3855368294,332859.6334279238,1007.3787641840379,4.487341881124008e-10,4.997811797527056e-10,1.055347217799494,19874.89894875303,2097.49193096126,1.7837093287169448e-05,0.9999999999999976,0.7469840492091118,1.4992899681290628,2.9985799362581256,Self-Reg
331594.9803950159,335941.0935318214,1000.4682829122985,4.364989021865223e-10,4.861603822948434e-10,1.0553541069098733,20151.657150880143,2126.713413522107,1.7592352447196774e-05,0.9999999999999976,0.7470041866885753,1.4992932458981545,2.998586491796309,Self-Reg
334664.7329276888,339051.08036416036,993.6050227775263,4.245972262811283e-10,4.729107710405742e-10,1.0553609642625472,20432.268598519724,2156.341869020514,1.7350969147124997e-05,0.9999999999999972,0.7470241868890808,1.499296508472257,2.998593016944514,Self-Reg
337762.9038055395,342189.85801216256,986.7886636157142,4.1302006411138475e-10,4.6002223154054545e-10,1.0553677900043241,20716.786933907446,2186.382964242836,1.7112897335248744e-05,0.9999999999999978,0.7470440507696966,1.4992997559223962,2.9985995118447923,Self-Reg
340889.75611242553,345357.69300784456,980.0188873990422,4.0175856741378637e-10,4.4748492492518607e-10,1.05537458428133,21005.266545996576,2216.842444869966,1.687809159132868e-05,0.9999999999999974,0.7470637792825502,1.4993029883192612,2.9986059766385225,Self-Reg
344045.55536771513,348554.8543506549,973.2953782220982,3.9080412918353606e-10,4.35289280397115e-10,1.0553813472390114,21297.76258085249,2247.7261365756704,1.6646507117935568e-05,0.9999999999999972,0.7470833733728839,1.4993062057332054,2.9986124114664108,Self-Reg
347230.56954883155,351781.6135303143,966.6178222881915,3.8014837709633874e-10,4.2342598792807545e-10,1.055388079022139,21594.33095219126,2279.039946140145,1.6418099731913535e-05,0.9999999999999973,0.7471028339791055,1.4993094082342473,2.9986188164684946,Self-Reg
350445.06911400653,355038.2445498672,959.9859078957516,3.697831671095589e-10,4.1188599115479866e-10,1.055394779774811,21895.028352064808,2310.7898625790685,1.6192825855960265e-05,0.9999999999999978,0.7471221620328419,1.499312595892074,2.998625191784148,Self-Reg
353689.3270252509,358325.02394895325,953.3993254247905,3.597005772378264e-10,4.006604804683509e-10,1.0554014496404553,22199.912261695576,2342.981958288443,1.597064251032204e-05,0.9999999999999974,0.7471413584589897,1.4993157687760412,2.9986315375520824,Self-Reg
356963.61877153115,361642.230827288,946.8577673234635,3.4989290149838227e-10,3.8974088629175187e-10,1.0554080887618333,22509.04096246127,2375.622390205306,1.5751507304603072e-05,0.9999999999999972,0.7471604241757672,1.4993189269551752,2.9986378539103504,Self-Reg
360268.22239216085,364990.14686836035,940.360928094706,3.403526440215092e-10,3.791188725407007e-10,1.0554146972810432,22822.473547032543,2408.7174009845967,1.5535378429687004e-05,0.9999999999999971,0.747179360094765,1.4993220704981751,2.9986441409963502,Self-Reg
363603.41850041447,368369.05636335653,933.9085042829421,3.31072513321531e-10,3.687863302624129e-10,1.0554212753395231,23140.2699306663,2442.2733201924643,1.5322214649768727e-05,0.9999999999999976,0.747198167120997,1.499325199473414,2.998650398946828,Self-Reg
366969.49030735425,371779.24623529887,927.5001944608797,3.2204541672403644e-10,3.5873537144774805e-10,1.0554278230780536,23462.49086265565,2476.2965655161374,1.5111975294495716e-05,0.9999999999999977,0.7472168461529487,1.49932831394894,2.99865662789788,Self-Reg
370366.7236458768,375221.00606340746,921.1356992163909,3.132644549450553e-10,3.489583230119023e-10,1.0554343406367603,23789.19793793911,2510.793643990614,1.4904620251217105e-05,0.9999999999999973,0.7472353980826296,1.499331413992479,2.998662827984958,Self-Reg
373795.40699498943,378694.628107695,914.8147211394546,3.0472291681801805e-10,3.394477209390393e-10,1.05544082815512,24120.453608872165,2545.771153242519,1.4700109957338475e-05,0.9999999999999976,0.74725382379562,1.4993344996714355,2.998668999342871,Self-Reg
377255.831504304,382200.4073337817,908.5369648091915,2.9641427416451267e-10,3.301963045864456e-10,1.055447285771959,24456.321197161924,2581.2357827511782,1.4498405392781917e-05,0.9999999999999973,0.7472721241711207,1.4993375710528942,2.9986751421057884,Self-Reg
380748.2910187586,385738.6414379404,902.3021367809771,2.883321768048928e-10,3.211970111438404e-10,1.0554537136254607,24796.864905967974,2617.1943151272753,1.4299468072549238e-05,0.9999999999999974,0.7472903000820023,1.4993406282036217,2.9986812564072434,Self-Reg
384273.0821035735,389309.6308723804,896.1099455736196,2.804704477049138e-10,3.1244297024359627e-10,1.0554601118531648,25142.1498321723,2653.6536274093605,1.4103260039386818e-05,0.9999999999999973,0.7473083523948508,1.499343671190068,2.998687342380136,Self-Reg
387830.5040694322,392913.6788707579,889.9601016566284,2.728230782547176e-10,3.039274987178009e-10,1.0554664805919736,25492.241978819322,2690.6206923783393,1.3909743856551283e-05,0.9999999999999972,0.7473262819700185,1.4993467000783682,2.9986934001567365,Self-Reg
391420.85899789556,396551.0914739237,883.8523174375578,2.6538422367654e-10,2.9564409549813547e-10,1.0554728199781527,25847.208267729096,2728.1025798902647,1.3718882600674301e-05,0.9999999999999977,0.7473440896616683,1.499349714934344,2.998699429868688,Self-Reg
395044.45176705753,400222.1775559149,877.7863072494172,2.581481985576197e-10,2.87586436654669e-10,1.0554791301473343,26207.116552286723,2766.1064582277395,1.3530639854724829e-05,0.9999999999999973,0.7473617763178221,1.4993527158235047,2.9987054316470094,Self-Reg
398701.5900774323,403927.2488501813,871.761787338168,2.5110947250492054e-10,2.797483705698173e-10,1.0554854112345222,26572.035630409195,2804.639595470082,1.3344979701068052e-05,0.9999999999999977,0.7473793427804072,1.4993557028110498,2.9987114056220996,Self-Reg
402392.58447808,407666.61997605395,865.7784758502968,2.442626659183351e-10,2.721239132437649e-10,1.0554916633740914,26942.03525769256,2843.7093608825335,1.3161866714619567e-05,0.9999999999999972,0.7473967898853011,1.4993586759618691,2.9987173519237382,Self-Reg
406117.74839298276,411440.6084654663,859.8360928204517,2.376025458791204e-10,2.6470724372775836e-10,1.0554978866997944,27317.18616074301,2883.323226324911,1.2981265956092866e-05,0.9999999999999976,0.7474141184623797,1.499361635340546,2.998723270681092,Self-Reg
409877.3981476561,415249.53478991496,853.9343601591669,2.3112402215045814e-10,2.5749269968181845e-10,1.0555040813447611,27697.56005069254,2923.4887676797584,1.2803142965339851e-05,0.9999999999999976,0.7474313293355599,1.499364581011357,2.998729162022714,Self-Reg
413671.85299600835,419093.7223876707,848.0730016406592,2.2482214328705955e-10,2.5047477305346177e-10,1.0555102474415043,28083.229636903015,2964.2136663004085,1.2627463754782451e-05,0.9999999999999974,0.7474484233228461,1.4993675130382744,2.998735026076549,Self-Reg
417501.43514745485,422973.4976912483,842.2517428906904,2.1869209285083807e-10,2.4364810587412985e-10,1.0555163851219211,28474.268640861508,3005.5057104792622,1.2454194802934014e-05,0.9999999999999978,0.7474654012363742,1.499370431484968,2.998740862969936,Self-Reg
421366.46979427524,426889.1901551223,836.4703113745142,2.127291857297776e-10,2.3700748617014283e-10,1.055522494517296,28870.751810268317,3047.372796936415,1.2283303048009805e-05,0.9999999999999972,0.7474822638824566,1.499373336414806,2.998746672829612,Self-Reg
425267.2851392296,430841.13228370517,830.7284363848892,2.069288645571647e-10,2.3054784398503784e-10,1.0555285757583044,29272.754933321616,3089.822932329084,1.2114755881624802e-05,0.9999999999999973,0.7474990120616253,1.4993762278908565,2.998752455781713,Self-Reg
429204.21242342406,434829.65965957806,825.0258490301736,2.0128669622846138e-10,2.242642475102724e-10,1.0555346289750143,29680.354853200282,3132.8642347819523,1.1948521142578166e-05,0.9999999999999976,0.7475156465686754,1.4993791059758885,2.998758211951777,Self-Reg
433177.58595444413,438855.1109719929,819.3622822224794,1.9579836851313762e-10,2.1815189932132227e-10,1.0555406542968901,30093.629482749348,3176.5049354389425,1.1784567110722396e-05,0.9999999999999973,0.7475321681927086,1.4993819707323748,2.9987639414647496,Self-Reg
437187.74313473987,442917.8280456295,813.7374706659101,1.9045968675889793e-10,2.1220613271632773e-10,1.0555466518527958,30512.657819368953,3220.753380036493,1.1622862500916933e-05,0.9999999999999977,0.7475485777171763,1.499384822222492,2.998769644444984,Self-Reg
441235.02449027385,447018.15586961934,808.1511508448712,1.8526657068577054e-10,2.064224081544814e-10,1.0555526217709963,30937.519960110585,3265.6180304987256,1.1463376457064566e-05,0.9999999999999972,0.7475648759199214,1.4993876605081227,2.9987753210162453,Self-Reg
445319.773699443,451156.44262684596,802.6030610124404,1.8021505126759894e-10,2.0079630979143145e-10,1.0555585641791614,31368.297116984246,3311.1074665549218,1.1306078546229218e-05,0.9999999999999972,0.7475810635732204,1.4993904856508566,2.9987809713017133,Self-Reg
449442.3376222594,455333.03972350876,797.0929411788205,1.7530126769857416e-10,1.9532354210907888e-10,1.0555644792043686,31805.07163247792,3357.230387379419,1.1150938752834707e-05,0.9999999999999978,0.7475971414438263,1.4993932977119926,2.998786595423985,Self-Reg
453603.06632980134,459548.30181895965,791.6205330998636,1.7052146444247883e-10,1.8999992663718887e-10,1.0555703669731051,32247.92699529286,3403.995613254318,1.0997927472942998e-05,0.9999999999999974,0.747613110293008,1.4993960967525386,2.998792193505077,Self-Reg
457802.31313394575,463802.58685582527,786.1855802656537,1.658719883623756e-10,1.8482139876430055e-10,1.055576227611271,32696.94785629903,3451.4120872554563,1.0847015508610504e-05,0.9999999999999972,0.7476289708765937,1.4993988828332148,2.9987977656664295,Self-Reg
462040.434617367,468096.2560903992,780.7878278891718,1.613492859285693e-10,1.7978400463552817e-10,1.0555820612441829,33152.220044711634,3499.4888769617423,1.0698174062322075e-05,0.9999999999999977,0.7476447239450106,1.499401656014454,2.998803312028908,Self-Reg
466317.79066381353,472429.67412331526,775.4270228950301,1.5694990050269702e-10,1.748838981348742e-10,1.0555878679965744,33613.83058449265,3548.235176188264,1.0551374731501303e-05,0.9999999999999976,0.747660370243324,1.4994044163564033,2.9988088327128066,Self-Reg
470634.74448867363,476803.2089305137,770.1029139082647,1.5267046969586125e-10,1.7011733794974235e-10,1.0555936479926018,34081.86771098185,3597.660306743659,1.0406589503095644e-05,0.9999999999999976,0.7476759105112802,1.4994071639189255,2.998814327837851,Self-Reg
474991.66266981506,481217.23189448536,764.8152512432086,1.4850772279880633e-10,1.6548068471543253e-10,1.0555994013558438,34556.420887758184,3647.773720211811,1.0263790748236174e-05,0.9999999999999978,0.747691345483344,1.4994098987616005,2.998819797523201,Self-Reg
479388.91517871065,485672.11783580505,759.5637868924332,1.4445847828216327e-10,1.6097039823742705e-10,1.0556051282093066,35037.58082373596,3698.584999758373,1.0122951216970434e-05,0.9999999999999973,0.7477066758887396,1.4994126209437262,2.9988252418874524,Self-Reg
483826.87541186047,490168.24504496553,754.3482745157464,1.4051964136484596e-10,1.5658303478934276e-10,1.0556108286754253,35525.43949049991,3750.1038619625283,9.984044033067197e-06,0.9999999999999974,0.7477219024514887,1.4994153305243205,2.998830661048641,Self-Reg
488305.9202224961,494705.9953144976,749.1684694292721,1.3668820164875627e-10,1.5231524448450423e-10,1.0556165028760671,36020.09013988053,3802.3401586741384,9.84704268889276e-06,0.9999999999999974,0.7477370258904501,1.499418027562123,2.998836055124246,Self-Reg
492826.4299525786,499285.75397138705,744.0241285945941,1.3296123081798079e-10,1.4816376871912398e-10,1.0556221509325334,36521.62732177411,3855.303878896756,9.711921040357386e-06,0.9999999999999978,0.7477520469193575,1.4994207121155947,2.9988414242311894,Self-Reg
497388.78846510145,503907.9099098012,738.9150106079591,1.2933588040071513e-10,1.4412543768513056e-10,1.055627772965563,37030.146902211825,3909.00515069695,9.578653301930786e-06,0.9999999999999976,0.7477669662468587,1.4994233842429212,2.9988467684858424,Self-Reg
501993.3831766839,508572.8556241094,733.8408756895554,1.2580937959221896e-10,1.401971679507656e-10,1.0556333690953346,37545.74608167924,3963.4542431401005,9.447214041726132e-06,0.9999999999999973,0.7477817845765529,1.499426044002013,2.998852088004026,Self-Reg
506640.60509046545,513280.9872422088,728.8014856728595,1.22379033137131e-10,1.3637596010709264e-10,1.0556389394414691,38068.52341369089,4018.6615682531383,9.317578176651476e-06,0.9999999999999976,0.747796502607028,1.4994286914505075,2.998857382901015,Self-Reg
511330.84882931417,518032.7045591676,723.7966039940377,1.1904221926951848e-10,1.3265889647861794e-10,1.0556444841230332,38598.578823624346,4074.637683014715,9.189720967627387e-06,0.9999999999999977,0.7478111210318988,1.4994313266457693,2.9988626532915386,Self-Reg
516064.5126693328,522828.4110711706,718.8259956814254,1.1579638770910083e-10,1.2904313889628968e-10,1.0556500032585403,39136.013627815315,4131.393291372952,9.063618014870341e-06,0.9999999999999973,0.7478256405398435,1.4994339496448923,2.9988678992897846,Self-Reg
520841.99857368047,527668.5140097842,713.8894273450645,1.1263905771210467e-10,1.25525926531166e-10,1.0556554969659553,39680.93055291937,4188.939246291364,8.939245253240629e-06,0.9999999999999977,0.7478400618146398,1.499436560504701,2.998873121009402,Self-Reg
525663.7122267017,532553.4243765323,708.9866671663134,1.0956781617526896e-10,1.2210457378710658e-10,1.0556609653626938,40233.433755542086,4247.286551823155,8.81657894765422e-06,0.9999999999999972,0.7478543855352027,1.499439159281752,2.998878318563504,Self-Reg
530530.0630683817,537483.5569778039,704.1174848875097,1.0658031579153908e-10,1.1877646825086892e-10,1.0556664085656295,40793.62884214416,4306.44636521456,8.695595688557148e-06,0.9999999999999973,0.7478686123756199,1.4994417460323344,2.9988834920646688,Self-Reg
535441.4643291112,542459.330460073,699.281651801709,1.0367427325605598e-10,1.1553906869806003e-10,1.0556718266910918,41361.622889221864,4366.429999037292,8.576272387462277e-06,0.9999999999999974,0.7478827430051869,1.4994443208124717,2.9988886416249434,Self-Reg
540398.3330647728,547481.1673454448,694.4789407424848,1.0084746752105872e-10,1.1238990315341357e-10,1.0556772198548723,41937.524463769034,4427.248923350738,8.458586272547129e-06,0.9999999999999974,0.7478967780884439,1.4994468836779231,2.9988937673558462,Self-Reg
545401.0901921624,552549.4940675421,689.709126073786,9.809773809836585e-11,1.0932656700390848e-10,1.055682588172224,42521.44364402446,4488.914767894309,8.342514884311892e-06,0.9999999999999974,0.7479107182852109,1.4994494346841851,2.9988988693683702,Self-Reg
550450.1605247287,557664.7410077122,684.9719836798639,9.542298340814586e-11,1.0634672116330081e-10,1.0556879317578665,43113.49204050727,4551.439324310236,8.228036071297131e-06,0.9999999999999973,0.7479245642506215,1.4994519738864918,2.9989039477729835,Self-Reg
555545.9728086421,562827.3425315697,680.2672909552653,9.28211591727112e-11,1.0344809028666259e-10,1.0556932507259873,43713.78281734487,4614.83454839726,8.115127985860214e-06,0.9999999999999977,0.7479383166351589,1.499454501339817,2.998909002679634,Self-Reg
560688.9597592106,568037.7370258882,675.5948267948759,9.029027685410101e-11,1.0062846103355813e-10,1.0556985451902436,44322.43071389921,4679.112562395876,8.003769080009363e-06,0.9999999999999972,0.7479519760846898,1.4994570170988757,2.9989140341977514,Self-Reg
565879.5580976189,573296.3669358226,670.9543715840382,8.782840213427212e-11,9.788568037854792e-11,1.0557038152637668,44939.55206669249,4744.285657305196,7.89393810129508e-06,0.9999999999999973,0.7479655432404985,1.4994595212181239,2.9989190424362477,Self-Reg
571118.2085880113,578603.6788024768,666.3457071887295,8.543365343672765e-11,9.521765396772084e-11,1.055709061059163,45565.26483163844,4810.36629523211,7.785614088757847e-06,0.9999999999999971,0.7479790187393209,1.4994620137517611,2.9989240275035223,Self-Reg
576405.3560749249,583960.123300828,661.7686169457927,8.310420048845149e-11,9.262234451999826e-11,1.0557142826885162,46199.68860658388,4877.367111773252,7.678776368931171e-06,0.9999999999999976,0.7479924032133791,1.4994644947537321,2.9989289895074642,Self-Reg
581741.4495210615,589366.1552779938,657.2228856532379,8.083826292105752e-11,9.00977702720002e-11,1.055719480263391,46842.94465416325,4945.300918430003,7.573404551899611e-06,0.9999999999999974,0.7480056972904127,1.4994669642777263,2.9989339285554526,Self-Reg
587126.9420454076,594822.2337918514,652.7082995606048,7.863410891008057e-11,8.764200346528141e-11,1.0557246538948346,47495.15592497084,5014.180705057104,7.4694785274108524e-06,0.9999999999999974,0.7480189015937134,1.4994694223771805,2.998938844754361,Self-Reg
592562.2909617191,600328.8221500271,648.2246463593765,7.649005385136396e-11,8.525316887477817e-11,1.055729803693379,48156.44708105702,5084.019642345492,7.366978461040841e-06,0.9999999999999974,0.748032016742158,1.4994718691052795,2.998943738210559,Self-Reg
598047.9578173502,605886.3879492339,643.7717151734632,7.440445907354193e-11,8.292944237735393e-11,1.0557349297690448,48826.94451975019,5154.831084339552,7.265884790411731e-06,0.9999999999999973,0.7480450433502398,1.4994743045149577,2.9989486090299153,Self-Reg
603584.4084324429,611495.4031149747,639.3492965497445,7.237573058562683e-11,8.066904955934451e-11,1.0557400322313417,49506.77639781041,5226.628570989418,7.166178221461611e-06,0.9999999999999974,0.7480579820281025,1.4994767286588997,2.9989534573177994,Self-Reg
609172.1129394899,617156.3439416238,634.957182448664,7.040231785874167e-11,7.847026436203807e-11,1.0557451111892722,50196.07265592031,5299.425830738937,7.067839724765205e-06,0.9999999999999979,0.7480708333815712,1.499479141589542,2.998958283179084,Self-Reg
614811.5458232521,622869.6911328675,630.595166234891,6.848271264107396e-11,7.633140776406446e-11,1.0557501667513332,50894.965043515775,5373.236783149504,6.97085053190521e-06,0.9999999999999974,0.7480835980121834,1.4994815433590745,2.998963086718149,Self-Reg
620503.1859610466,628635.9298425203,626.263042668042,6.661544780514086e-11,7.425084649968332e-11,1.0557551990255192,51603.58714396218,5448.075541560451,6.875192131893318e-06,0.9999999999999979,0.7480962765172233,1.4994839340194404,2.9989678680388807,Self-Reg
626247.5166634186,634455.5497157295,621.96060789345,6.479909622648168e-11,7.222699181198994e-11,1.0557602081193234,52322.07440008238,5523.956415786569,6.780846267640165e-06,0.9999999999999973,0.74810886948975,1.4994863136223386,2.9989726272446773,Self-Reg
632045.025715178,640329.0449305502,617.6876594330037,6.303226969292794e-11,7.025829824009572e-11,1.0557651941397417,53050.564140038754,5600.893914853083,6.687794932473813e-06,0.999999999999997,0.7481213775186311,1.499488682219225,2.99897736443845,Self-Reg
637896.2054168163,646256.9142399045,613.4439961760432,6.131361784361345e-11,6.834326243935284e-11,1.0557701571932734,53789.19560357525,5678.902749768637,6.5960203667059905e-06,0.9999999999999972,0.7481338011885719,1.4994910398613124,2.9989820797226248,Self-Reg
643801.5526263188,652239.6610139421,609.2294183703036,5.964182713690953e-11,6.648042203371934e-11,1.0557750973859248,54538.109968626486,5757.997836337089,6.505505054245185e-06,0.9999999999999974,0.748146141080147,1.4994933865995732,2.9989867731991464,Self-Reg
649761.5688013496,658277.7932827782,605.0437276129276,5.80156198465056e-11,6.4668354499398e-11,1.0557800148232104,55297.450378295245,5838.194298008229,6.416231719256387e-06,0.9999999999999976,0.7481583977698295,1.499495722484739,2.998991444969478,Self-Reg
655776.7600418377,664371.8237796372,600.8867268415277,5.6433753084859646e-11,6.290567607888888e-11,1.0557849096101561,56067.36196820679,5919.50746876831,6.328183322866482e-06,0.9999999999999973,0.7481705718300226,1.4994980475673034,2.998996095134607,Self-Reg
661847.6371329456,670522.2699843853,596.7582203253114,5.489501785327814e-11,6.119104072463297e-11,1.0557897818513011,56847.99189424262,6001.952896070695,6.241343059914937e-06,0.9999999999999977,0.7481826638290885,1.4995003618975218,2.9990007237950436,Self-Reg
667974.7155884522,676729.6541674817,592.6580136562537,5.3398238117893214e-11,5.952313907143395e-11,1.0557946316507,57639.48936066216,6085.546343807474,6.155694355748843e-06,0.9999999999999972,0.7481946743313783,1.4995026655254131,2.9990053310508262,Self-Reg
674158.5156945239,682994.5034343229,588.5859137403332,5.194226991083733e-11,5.790069743688153e-11,1.0557994591119255,58442.00564861425,6170.303795322302,6.071220863062018e-06,0.9999999999999979,0.7482066038972611,1.499504958500761,2.999009917001522,Self-Reg
680399.5625538912,689317.3497699989,584.541728788824,5.052600045592555e-11,5.6322476849009864e-11,1.0558042643380698,59255.69414504541,6256.241456465134,5.987906458777517e-06,0.9999999999999977,0.7482184530831542,1.4995072408731147,2.9990144817462294,Self-Reg
686698.3861304459,695698.7300844749,580.5252683096355,4.9148347318174365e-11,5.4787272100446404e-11,1.0558090474317487,60080.710372012305,6343.375758689709,5.905735240972618e-06,0.9999999999999977,0.7482302224415506,1.4995095126917908,2.9990190253835816,Self-Reg
693055.5212942401,702139.1862581797,576.5363430987139,4.780825757651256e-11,5.329391082833491e-11,1.0558138084951014,60917.212016400335,6431.723362193917,5.824691525846203e-06,0.9999999999999977,0.7482419125210491,1.4995117740058732,2.9990235480117464,Self-Reg
699471.5078669003,708639.2651880155,572.5747652315007,4.6504707019049476e-11,5.184125261932862e-11,1.055818547629794,61765.35896005596,6521.301159103917,5.744759844727666e-06,0.9999999999999974,0.7482535238663817,1.4995140248642151,2.9990280497284303,Self-Reg
705946.8906674754,715199.5188338064,568.640348054435,4.5236699360282165e-11,5.042818813896609e-11,1.0558232649370227,62625.31331034019,6612.126276702736,5.665924941126689e-06,0.9999999999999976,0.748265057018443,1.4995162653154401,2.9990325306308803,Self-Reg
712482.2195586967,721820.5042651648,564.73290617652,4.4003265479649216e-11,4.9053638284772437e-11,1.0558279605175136,63497.23943110563,6704.21608070365,5.588171767823598e-06,0.9999999999999976,0.7482765125143173,1.4995184954079432,2.9990369908158865,Self-Reg
719078.0494936652,728502.783708791,560.8522554609415,4.280346268084624e-11,4.7716553362436195e-11,1.0558326344715268,64381.30397410457,6797.588178569098,5.51148548399962e-06,0.9999999999999976,0.7482878908873067,1.4995207151898913,2.9990414303797825,Self-Reg
725734.9405629846,735246.9245962233,556.9982130167341,4.1636373971334694e-11,4.641591228443066e-11,1.0558372868988577,65277.67591083604,6892.260422876005,5.435851452406328e-06,0.9999999999999974,0.7482991926669595,1.4995229247092254,2.999045849418451,Self-Reg
732453.4580423172,742053.4996120181,553.1705971905062,4.050110736149804e-11,4.515072179047322e-11,1.05584191789884,66186.52656483461,6988.2509147277515,5.36125523657403e-06,0.999999999999998,0.7483104183790965,1.499525124013661,2.999050248027322,Self-Reg
739234.1724403818,748923.0867423757,549.3692275582188,3.939679518290716e-11,4.3920015689225256e-11,1.0558465275703466,67108.02964440819,7085.578007213627,5.287682598058439e-06,0.9999999999999972,0.7483215685458388,1.4995273131506885,2.999054626301377,Self-Reg
746077.659547406,755856.2693242287,545.5939249170099,3.832259342517215e-11,4.272285412065184e-11,1.0558511160117932,68042.36127583373,7184.260308916666,5.215119493724924e-06,0.9999999999999973,0.7483326436856347,1.4995294921675764,2.9990589843351527,Self-Reg
752984.5004840164,762853.6360947727,541.8445112770779,3.727768109087769e-11,4.155832283848259e-11,1.055855683321139,68989.70003701278,7284.3166874700555,5.143552073070166e-06,0.9999999999999976,0.7483436443132865,1.4995316611113698,2.9990633222227396,Self-Reg
759955.2817505804,769915.7812414543,538.1208098536163,3.626125956810675e-11,4.042553251222383e-11,1.0558602295958899,69950.22699159588,7385.766273163103,5.072966675580504e-06,0.9999999999999974,0.7483545709399777,1.4995338200288935,2.999067640057787,Self-Reg
766990.5952770183,777043.3044524369,534.4226450587944,3.527255202007137e-11,3.932361804818755e-11,1.0558647549331,70924.12572358333,7488.628462597566,5.003349828126363e-06,0.9999999999999974,0.7483654240732974,1.4995359689667516,2.999071937933503,Self-Reg
774091.0384730634,784236.8109675186,530.7498424937946,3.4310802791387706e-11,3.825173792902282e-11,1.0558692594293737,71911.5823724063,7592.922922394703,4.934688242392544e-06,0.9999999999999974,0.7483762042172695,1.49953810797133,2.99907621594266,Self-Reg
781257.2142789859,791496.911629522,527.1022289409033,3.337527683054006e-11,3.7209073571244224e-11,1.0558737431808691,72912.78566849543,7698.669592953868,4.8669688123437515e-06,0.9999999999999972,0.7483869118723762,1.4995402370887958,2.9990804741775916,Self-Reg
788489.7312168023,798824.2229361741,523.479632355642,3.246525912808966e-11,3.619482870026363e-11,1.0558782062832979,73927.9269693473,7805.888692263706,4.800178611724711e-06,0.9999999999999973,0.7483975475355845,1.4995423563651,2.9990847127302,Self-Reg
795789.2034419442,806219.3670924521,519.8818818589593,3.1580054170203786e-11,3.5208228742454007e-11,1.0558826488319286,74957.20029609029,7914.600719766125,4.734304891594708e-06,0.9999999999999973,0.7484081117003719,1.4995444658459771,2.9990889316919542,Self-Reg
803156.250795404,813682.9720634132,516.3088077294707,3.0718985407084783e-11,3.424852023377825e-11,1.0558870709215897,76000.80237055972,8024.826460274089,4.669335077895931e-06,0.9999999999999973,0.7484186048567526,1.4995465655769473,2.9990931311538946,Self-Reg
810591.4988563794,821215.6716275288,512.7602413957422,2.988139473589123e-11,3.331497024452974e-11,1.0558914726466693,77058.93265289092,8136.58698794415,4.605256769054995e-06,0.9999999999999974,0.7484290274913011,1.4995486556033168,2.9990973112066337,Self-Reg
818095.5789953889,828818.1054304959,509.23601542863145,2.9066641997760027e-11,3.240686581975049e-11,1.0558958541011192,78131.7933796334,8249.903670304016,4.542057733617535e-06,0.9999999999999974,0.7484393800871775,1.4995507359701787,2.9991014719403575,Self-Reg
825669.1284278878,836490.9190395563,505.73596353367265,2.82741044885415e-11,3.1523513434895484e-11,1.0559002153784558,79219.58960239682,8364.798172336368,4.479725907915102e-06,0.9999999999999971,0.748449663124154,1.499552806722415,2.99910561344483,Self-Reg
833312.7902683716,844234.7639983088,502.2599205435155,2.75031764828759e-11,3.066423846633071e-11,1.0559045565717633,80322.5292270336,8481.292460619343,4.418249393764139e-06,0.9999999999999976,0.7484598770786371,1.4995548679046968,2.9991097358093937,Self-Reg
841027.2135849964,852050.2978820456,498.8077224104058,2.6753268771245106e-11,2.982838467625766e-11,1.055908877773694,81440.82305336898,8599.40880752488,4.357616456196402e-06,0.9999999999999973,0.7484700224236939,1.4995569195614848,2.9991138391229697,Self-Reg
848813.0534546905,859938.1843535865,495.37920619871994,2.6023808209648373e-11,2.901531371167464e-11,1.0559131790764718,82574.6848154822,8719.169795475345,4.297815521220557e-06,0.9999999999999977,0.7484800996290755,1.499558961737032,2.999117923474064,Self-Reg
856670.9710187752,867899.093219628,491.9742100775487,2.5314237281556975e-11,2.822440461699087e-11,1.0559174605718933,83724.33122254835,8840.598321259331,4.238835173614529e-06,0.9999999999999972,0.7484901091612411,1.499560994475383,2.999121988950766,Self-Reg
864601.633539117,875933.7004876321,488.5925733133215,2.4624013671810998e-11,2.745505335991971e-11,1.0559217223513306,84889.98200025083,8963.71760040783,4.180664154747945e-06,0.9999999999999973,0.7485000514833815,1.4995630178203756,2.999126035640751,Self-Reg
872605.7144547832,884042.6884232241,485.23413626248475,2.3952609852136037e-11,2.6706672370292473e-11,1.0559259645057326,86071.8599327679,9088.551171631025,4.123291360434591e-06,0.9999999999999974,0.7485099270554442,1.4995650318156428,2.9991300636312856,Self-Reg
880683.893439222,892226.7456081228,481.8987403642283,2.3299512677961113e-11,2.5978690091439233e-11,1.055930187125627,87270.19090534368,9215.122901316876,4.066705838814296e-06,0.9999999999999974,0.7485197363341547,1.4995670365046117,2.9991340730092233,Self-Reg
888836.8564579888,900486.5669986223,478.58622813325104,2.2664222996228487e-11,2.5270550543792507e-11,1.055934390301123,88485.2039474542,9343.456988092556,4.010896788263731e-06,0.9999999999999973,0.7485294797730422,1.4995690319305064,2.999138063861013,Self-Reg
897065.2958269902,908822.8539846002,475.2964431525808,2.2046255263898456e-11,2.4581712900384097e-11,1.055938574121912,89717.1312765717,9473.577967449151,3.955853555335986e-06,0.9999999999999976,0.7485391578224605,1.4995710181363477,2.9991420362726955,Self-Reg
905369.9102712661,917236.3144490704,472.0292300664402,2.144513717685597e-11,2.3911651073909203e-11,1.055942738677271,90966.20834253807,9605.510716430685,3.901565632728389e-06,0.9999999999999973,0.748548770929613,1.4995729951649552,2.9991459903299105,Self-Reg
913751.4049843351,925727.662828305,468.78443457315177,2.0860409308934326e-11,2.3259853315041528e-11,1.0559468840560633,92232.67387255859,9739.28045838873,3.848022657278062e-06,0.9999999999999973,0.748558319538574,1.499574963058947,2.999149926117894,Self-Reg
922210.49168807,934297.6201724962,465.5619034180964,2.0291624760782662e-11,2.2625821821695525e-11,1.055951010346741,93516.76991681918,9874.912767802893,3.7952144079850984e-06,0.9999999999999972,0.7485678040903118,1.4995769218607418,2.9991538437214835,Self-Reg
930747.8886931288,942946.9142069782,462.3614843867162,1.97383488183073e-11,2.200907235893598e-11,1.0559551176373472,94818.7418947388,10012.433575168418,3.743130804062817e-06,0.9999999999999973,0.7485772250227113,1.4995788716125589,2.9991577432251177,Self-Reg
939364.3209599624,951676.2793940348,459.18302629755715,1.9200158620425128e-11,2.14091338892437e-11,1.055959206015517,96138.83864186806,10151.86917195209,3.691761903014657e-06,0.9999999999999979,0.7485865827705965,1.49958081235642,2.99916162471284,Self-Reg
948060.5201603693,960486.456995261,456.02637899536273,1.867664283587715e-11,2.082554821285771e-11,1.05596327556848,97477.31245743803,10293.246215616848,3.6410978987375475e-06,0.9999999999999972,0.7485958777657516,1.4995827441341496,2.999165488268299,Self-Reg
956837.2247396199,969378.1951345019,452.8913933442123,1.8167401348854055e-11,2.025786961791798e-11,1.055967326383063,98834.41915257106,10436.591734716343,3.5911291196512625e-06,0.9999999999999978,0.7486051104369444,1.4995846669873762,2.9991693339747525,Self-Reg
965695.179979175,978352.2488613923,449.7779212206977,1.7672044953192628e-11,1.9705664540140546e-11,1.0559713585456894,100210.41809916496,10581.933134060673,3.541846026853353e-06,0.9999999999999973,0.7486142812099468,1.4995865809575328,2.9991731619150657,Self-Reg
974635.1380599648,987409.380215466,446.6858155071509,1.719019505491127e-11,1.9168511231767797e-11,1.0559753721423843,101605.5722794552,10729.29819995376,3.4932392122994497e-06,0.9999999999999974,0.748623390507557,1.4995884860858588,2.9991769721717176,Self-Reg
983657.8581262561,996550.3582908597,443.6149300849144,1.672148338285615e-11,1.8645999439539643e-11,1.055979367258774,103020.14833626688,10878.715105503612,3.4452993970085335e-06,0.9999999999999977,0.7486324387496205,1.4995903824133996,2.999180764826799,Self-Reg
992764.106350127,1005775.9593016324,440.5651198276505,1.626555170723617e-11,1.8137730091439178e-11,1.0559833439800883,104454.41662396873,11030.212416006781,3.3980174292927138e-06,0.9999999999999977,0.7486414263530523,1.4995922699810087,2.9991845399620174,Self-Reg
1001954.6559965198,1015086.9666476715,437.5362405946994,1.5822051565833216e-11,1.764331499197558e-11,1.0559873023911635,105908.65126013369,11183.819094407505,3.351384283011373e-06,0.9999999999999977,0.7486503537318574,1.4995941488293478,2.9991882976586957,Self-Reg
1011230.2874889068,1024484.170981219,434.52814922447806,1.5390643997677275e-11,1.7162376525770076e-11,1.0559912425764424,107383.13017791981,11339.56450683294,3.3053910558492077e-06,0.9999999999999971,0.748659221297151,1.4995960189988886,2.9991920379977772,Self-Reg
1020591.788475552,1033968.3702740021,431.5407035279244,1.4970999283983634e-11,1.6694547369219974e-11,1.0559951646199779,108878.13517917875,11497.478428205306,3.260028967617927e-06,0.9999999999999972,0.748668029457181,1.4995978805299124,2.9991957610598248,Self-Reg
1030039.9538964091,1043540.369885007,428.5737622819783,1.456279669615278e-11,1.6239470210018745e-11,1.0559990686054337,110393.95198830677,11657.591047932487,3.2152893585811354e-06,0.999999999999997,0.7486767786173475,1.4995997334625124,2.999199466925025,Self-Reg
1039575.5860506167,1053200.9826288598,425.62718522311127,1.4165724250642406e-11,1.5796797474320523e-11,1.0560029546160865,111930.87030684193,11819.932975677502,3.1711636878022905e-06,0.9999999999999971,0.7486854691802228,1.4996015778365936,2.9992031556731873,Self-Reg
1049199.4946646197,1062951.0288448401,422.7008330408971,1.3779478470522935e-11,1.5366191061339322e-11,1.0560068227348276,113489.18386882149,11984.535247208281,3.127643531515298e-06,0.9999999999999973,0.7486941015455735,1.4996034136918743,2.9992068273837487,Self-Reg
1058912.4969609424,1072791.3364665557,419.7945673716196,1.3403764153533787e-11,1.494732208517978e-11,1.056010673044165,115069.19049691306,12151.429330329238,3.0847205815173583e-06,0.9999999999999971,0.7487026761103794,1.4996052410678866,2.9992104821357732,Self-Reg
1068715.4177275754,1082722.7410922393,416.90825079192706,1.3038294146464747e-11,1.4539870623704143e-11,1.056014505626225,116671.1921593235,12320.647130895028,3.0423866435839515e-06,0.9999999999999972,0.7487111932688528,1.4996070600039775,2.999214120007955,Self-Reg
1078609.0893880078,1092746.0860556976,414.0417468125289,1.2682789125688977e-11,1.4143525474242748e-11,1.0560183205627538,118295.49502750004,12492.22099890802,3.000633635905552e-06,0.9999999999999976,0.7487196534124605,1.4996088705393096,2.999217741078619,Self-Reg
1088594.3520719255,1102862.2224979375,411.1949198719265,1.2336977383679358e-11,1.375798391596076e-11,1.0560221179351197,119942.40953463814,12666.183734701004,2.9594535875456845e-06,0.9999999999999974,0.7487280569299417,1.4996106727128622,2.9992213454257244,Self-Reg
1098672.0536865464,1113072.0094394349,408.36763533019166,1.2000594621346497e-11,1.3382951478701577e-11,1.0560258978243147,121612.25043499994,12842.568595205623,2.9188386369202143e-06,0.9999999999999977,0.7487364042073287,1.4996124665634325,2.999224933126865,Self-Reg
1108843.0499886118,1123376.313853071,405.55975946278505,1.1673383746038839e-11,1.3018141718129354e-11,1.056029660310956,123305.33686405852,13021.409300307969,2.8787810302974973e-06,0.9999999999999974,0.7487446956279651,1.4996142521296352,2.9992285042592703,Self-Reg
1119108.2046570703,1133776.0107377681,402.77115945440977,1.1355094675049874e-11,1.266327599699844e-11,1.0560334054752876,125021.99239948292,13202.740039293143,2.839273120318997e-06,0.9999999999999974,0.7487529315725268,1.4996160294499048,2.9992320588998096,Self-Reg
1129468.3893664088,1144271.9831927815,400.0017033929103,1.104548414448366e-11,1.2318083272384242e-11,1.0560371333971832,126762.54512296813,13386.595477379033,2.8003073645402865e-06,0.9999999999999973,0.7487611124190394,1.4996177985624959,2.9992355971249918,Self-Reg
1139924.4838606655,1154865.1224926836,397.2512602632111,1.0744315523331799e-11,1.1982299888712217e-11,1.0560408441561462,128527.32768292629,13573.010762341108,2.7618763239920437e-06,0.9999999999999971,0.7487692385428982,1.4996195595054835,2.999239119010967,Self-Reg
1150477.3760281482,1165556.32816306,394.5196999412903,1.0451358632619283e-11,1.1655669376426531e-11,1.0560445378313128,130316.67735805309,13762.021531229746,2.723972661760708e-06,0.9999999999999973,0.7487773103168873,1.4996213123167652,2.9992426246335304,Self-Reg
1161127.9619768227,1176346.508056887,391.806893188197,1.0166389569482088e-11,1.1337942256145817e-11,1.0560482145014531,132130.93612177653,13953.663917180764,2.6865891415886736e-06,0.9999999999999974,0.7487853281111971,1.4996230570340605,2.999246114068121,Self-Reg
1171877.146110399,1187236.5784316158,389.1127116441087,9.889190536041555e-12,1.1028875848156085e-11,1.0560518742449732,133970.45070760162,14147.974556320645,2.6497186264936803e-06,0.9999999999999972,0.748793292293444,1.4996247936949127,2.9992495873898255,Self-Reg
1182725.841205145,1198227.464026991,386.43702782242144,9.619549672944123e-12,1.0728234087094512e-11,1.0560555171399157,135835.5726753691,14344.990594768347,2.613354077407056e-06,0.9999999999999973,0.7488012032286884,1.4996265223366896,2.999253044673379,Self-Reg
1193674.9684873882,1209320.0981435694,383.77971510388454,9.357260897440347e-12,1.0435787341684044e-11,1.0560591432639634,137726.6584784322,14544.74969573416,2.5774885518307165e-06,0.9999999999999976,0.748809061279453,1.4996282429965837,2.9992564859931674,Self-Reg
1204725.4577117343,1220515.4227219636,381.1406477307733,9.102123745878932e-12,1.0151312239380553e-11,1.0560627526944393,139644.06953176876,14747.290046717342,2.5421152025125693e-06,0.9999999999999977,0.7488168668057409,1.4996299557116135,2.999259911423227,Self-Reg
1215878.2472400335,1231814.388422843,378.51970080109515,8.853943220494807e-12,9.874591495798047e-12,1.0560663455083088,141588.17228104488,14952.650366804386,2.507227276140024e-06,0.9999999999999972,0.748824620165054,1.499631660518625,2.99926332103725,Self-Reg
1227134.284121055,1243217.954707653,375.9167502628383,8.612529640375225e-12,9.605413748782909e-12,1.0560699217821816,143559.33827263606,15160.869914068448,2.472818112051471e-06,0.999999999999997,0.74883232171241,1.4996333574542913,2.9992667149085825,Self-Reg
1238494.524170898,1254727.0899200798,373.3316729082588,8.377698496489448e-12,9.343573397009944e-12,1.0560734815923134,145557.94422462332,15371.988493071767,2.4388811409654505e-06,0.9999999999999974,0.7488399718003615,1.4996350465551138,2.9992700931102276,Self-Reg
1249959.9320541718,1266342.7713682943,370.76434636819897,8.149270310670741e-12,9.088870442976414e-12,1.0560770250146063,147584.37209878096,15586.046462472927,2.405409883727165e-06,0.9999999999999973,0.7488475707790121,1.4996367278574236,2.9992734557148473,Self-Reg
1261531.4813659017,1278065.9854079308,368.2146491064499,7.927070498443927e-12,8.841110340275435e-12,1.056080552124613,149639.00917356228,15803.08474273957,2.3723979500722578e-06,0.9999999999999978,0.7488551189960355,1.4996384013973818,2.9992768027947636,Self-Reg
1273210.1547142048,1289897.727525849,365.6824604141467,7.710929235592832e-12,8.600103845031097e-12,1.0560840629975354,151722.24811810345,16023.144823968687,2.339839037407513e-06,0.9999999999999976,0.7488626167966912,1.49964006721098,2.99928013442196,Self-Reg
1284996.9438037225,1301839.0024246562,363.1676604042043,7.500681328366161e-12,8.365666871382661e-12,1.056087557708229,153834.48706725508,16246.268773815551,2.3077269296082985e-06,0.9999999999999973,0.748870064523843,1.499641725334042,2.999283450668084,Self-Reg
1296892.8495198442,1313890.8241080386,360.6701300057842,7.296166087221964e-12,8.137620350906548e-12,1.0560910363312017,155976.1296976625,16472.499245533432,2.2760554958324455e-06,0.9999999999999974,0.7488774625179753,1.4996433758022238,2.9992867516044477,Self-Reg
1308898.8820136935,1326054.2159668584,358.1897509588019,7.0972272040149736e-12,7.915790095869885e-12,1.0560944989406185,158147.58530490106,16701.87948612482,2.244818689350452e-06,0.9999999999999972,0.7488848111172107,1.4996450186510148,2.9992900373020297,Self-Reg
1321016.060787895,1338330.2108660473,355.7264058084718,6.90371263253264e-12,7.700006666210747e-12,1.0560979456103008,160349.26888168472,16934.453344606096,2.2140105463917263e-06,0.9999999999999972,0.7488921106573265,1.4996466539157385,2.999293307831477,Self-Reg
1333245.4147831649,1350719.8512323296,353.27997789988177,6.715474472288036e-12,7.490105240142956e-12,1.0561013764137288,162581.60119716777,17170.265280387674,2.1836251850065945e-06,0.9999999999999973,0.7488993614717712,1.4996482816315533,2.9992965632631066,Self-Reg
1345587.9824656746,1363224.189142733,350.85035137260854,6.5323688554817345e-12,7.285925488287774e-12,1.0561047914240427,164845.00887734562,17409.360371770355,2.153656803943971e-06,0.9999999999999977,0.7489065638916819,1.4996499018334533,2.9992998036669065,Self-Reg
1358044.8119152267,1375844.2864139185,348.4374111553688,6.354255837045749e-12,7.087311451235685e-12,1.056108190714045,167139.92448657565,17651.784324559947,2.124099681544423e-06,0.9999999999999979,0.7489137182458996,1.4996515145562686,2.999303029112537,Self-Reg
1370616.960914267,1388581.2146923603,346.04104296070096,6.180999287685266e-12,6.894111420444676e-12,1.0561115743562017,169466.78661023546,17897.583480802223,2.0949481746483585e-06,0.9999999999999974,0.7489208248609865,1.499653119834667,2.999306239669334,Self-Reg
1383305.4970377025,1401436.05554534,343.66113327968543,6.012466789836999e-12,6.706177822384589e-12,1.0561149424226433,171826.0399385294,18146.804827639076,2.0661967175192342e-06,0.9999999999999972,0.7489278840612418,1.4996547177031543,2.9993094354063086,Self-Reg
1396111.4977435432,1414409.900552778,341.2975693767015,5.848529536464464e-12,6.523367105839016e-12,1.0561182949851677,174218.13535145912,18399.496006287816,2.0378398207815503e-06,0.9999999999999974,0.7489348961687184,1.499656308196075,2.99931261639215,Self-Reg
1409036.0504644155,1427503.8513999446,338.9502392842123,5.689062232612275e-12,6.345539632277981e-12,1.0561216321152405,176643.53000498333,18655.70532114604,2.0098720703733337e-06,0.9999999999999974,0.7489418615032375,1.4996578913476126,2.9993157826952253,Self-Reg
1422080.2526998923,1440719.0199710012,336.6190317975898,5.533942999645104e-12,6.172559569218779e-12,1.0561249538839967,179102.68741837156,18915.481749022754,1.982288126513051e-06,0.9999999999999974,0.7489487803824061,1.4996594671917918,2.9993189343835835,Self-Reg
1435245.2121096794,1454056.5284434075,334.30383646997376,5.3830532820976475e-12,6.0042947864929795e-12,1.056128260362243,181596.077562773,19178.87494849784,1.9550827226806934e-06,0.9999999999999977,0.7489556531216317,1.4996610357624776,2.999322071524955,Self-Reg
1448532.046607692,1467517.5093832319,332.0045436071595,5.236277757064097e-12,5.840616755340082e-12,1.0561315516204586,184124.1769510243,19445.935269412515,1.928250664612771e-06,0.999999999999997,0.7489624800341387,1.4996625970933772,2.9993251941867545,Self-Reg
1461941.8844569738,1481103.105841313,329.7210442625249,5.0935042460585955e-12,5.681400450251598e-12,1.056134827728797,186687.46872870147,19716.71376249123,1.9017868293111507e-06,0.9999999999999972,0.7489692614309825,1.4996641512180402,2.9993283024360804,Self-Reg
1475475.8643654939,1494814.4714503153,327.4532302319899,4.9546236292788694e-12,5.526524253490099e-12,1.0561380887570877,189286.4427664391,19991.262189097488,1.8756861640654889e-06,0.9999999999999973,0.7489759976210674,1.4996656981698593,2.9993313963397186,Self-Reg
1489135.1355828631,1508652.770522709,325.20099404900475,4.819529762207269e-12,5.375869862210112e-12,1.0561413347748367,191921.59575354072,20269.633031126108,1.849943685489009e-06,0.9999999999999973,0.7489826889111583,1.4996672379820717,2.9993344759641434,Self-Reg
1502920.8579979101,1522619.1781496282,322.9642289795771,4.688119394486129e-12,5.2293221981106345e-12,1.0561445658512298,194593.43129288542,20551.87950103256,1.8245544785675653e-06,0.9999999999999974,0.7489893356059003,1.4996687706877592,2.9993375413755183,Self-Reg
1516834.2022371688,1536714.8803006473,320.74282901733034,4.5602920910050205e-12,5.086769319549833e-12,1.0561477820551326,197302.45999715666,20838.055552001853,1.799513695721741e-06,0.9999999999999977,0.7489959380078297,1.4996702963198487,2.9993405926396974,Self-Reg
1530876.3497642984,1550941.0739245059,318.5366888785909,4.435950155139436e-12,4.9481023360546635e-12,1.0561509834550924,200049.1995864152,21128.215888259645,1.774816555881762e-06,0.9999999999999974,0.7490024964173911,1.499671814911114,2.999343629822228,Self-Reg
1545048.492980398,1565298.9670507363,316.34570399751306,4.314998554082735e-12,4.813215325160702e-12,1.0561541701193398,202834.1749870242,21422.415975526143,1.750458343575153e-06,0.9999999999999973,0.7490090111329524,1.4996733264941753,2.9993466529883506,Self-Reg
1559351.8353252674,1579789.7788922524,314.1697705212327,4.197344846213832e-12,4.682005251518163e-12,1.05615734211579,205657.9184319553,21720.71205161598,1.7264344080268694e-06,0.9999999999999976,0.749015482450818,1.4996748311015011,2.9993496622030023,Self-Reg
1573787.5913795822,1594414.7399488646,312.0087853050561,4.0828991104454835e-12,4.554371888202779e-12,1.0561604995120448,208520.96956248613,22023.161137185125,1.7027401622718135e-06,0.9999999999999977,0.7490219106652454,1.4996763287654078,2.9993526575308156,Self-Reg
1588356.9869680544,1609175.0921117908,309.8626459076758,3.971573877498667e-12,4.430217740170904e-12,1.0561636423753928,211423.8755313211,22329.82104662818,1.679371082279454e-06,0.9999999999999973,0.7490282960684577,1.4996778195180613,2.9993556390361227,Self-Reg
1603061.2592635113,1624072.088769101,307.7312505864222,3.863284063051136e-12,4.30944796980103e-12,1.0561667707728128,214367.1911071403,22640.75039912668,1.6563227060905103e-06,0.9999999999999971,0.7490346389506594,1.4996793033914768,2.9993586067829536,Self-Reg
1617901.6568919427,1639106.9949121412,305.614498292547,3.757946902708722e-12,4.191970324464551e-12,1.0561698847709735,217351.47878060458,22956.00862985118,1.6335906329654719e-06,0.9999999999999974,0.7490409396000507,1.499680780417521,2.999361560835042,Self-Reg
1632879.440038549,1654281.0872429702,303.5122886665333,3.655481888749519e-12,4.077695066070257e-12,1.0561729844362353,220377.30887184126,23275.656001319858,1.6111705225447533e-06,0.9999999999999973,0.7490471983028407,1.4996822506279108,2.9993645012558217,Self-Reg
1647995.8805547405,1669595.6542827627,301.4245220334406,3.5558107085930256e-12,3.966534902529236e-12,1.0561760698346523,223445.25963942092,23599.753614914698,1.5890580940204084e-06,0.9999999999999973,0.7490534153432625,1.4996837140542159,2.9993674281084317,Self-Reg
1663252.2620661282,1685051.9964812142,299.3510993982817,3.458857184947e-12,3.858404921087628e-12,1.0561791410319734,226555.91739084994,23928.363422557857,1.567249125319205e-06,0.9999999999999977,0.7490595910035867,1.4996851707278585,2.999370341455717,Self-Reg
1678649.880081543,1700651.4263269908,297.29192244142496,3.3645472175860923e-12,3.753222523476092e-12,1.0561821980936439,229709.87659460743,24261.54823855121,1.5457394522968675e-06,0.9999999999999969,0.749065725564135,1.4996866206801138,2.9993732413602276,Self-Reg
1694190.0421030365,1716395.2684591701,295.24689351403157,3.2728087267181294e-12,3.650907362826917e-12,1.0561852410848067,232907.73999373638,24599.37175158019,1.5245249679433995e-06,0.9999999999999974,0.749071819303295,1.4996880639421115,2.999376127884223,Self-Reg
1709874.0677368974,1732284.8597797132,293.2159156335234,3.183571597894606e-12,3.5513812823104067e-12,1.0561882700703034,236150.11872101386,24941.89853688444,1.5036016215993217e-06,0.9999999999999979,0.749077872497533,1.499689500544836,2.999379001089672,Self-Reg
1725703.2888057271,1748321.54956701,291.19889247907633,3.0967676284230666e-12,3.4545682554434596e-12,1.0561912851146764,239437.63241573246,25289.194068598794,1.4829654181826071e-06,0.9999999999999979,0.749083885421407,1.4996909305191268,2.9993818610382537,Self-Reg
1741679.0494615242,1764506.6995904446,289.1957283871475,3.012330475240797e-12,3.3603943280251765e-12,1.0561942862821696,242770.90934209983,25641.32473226524,1.46261241742626e-06,0.9999999999999974,0.7490898583475826,1.49969235389568,2.99938470779136,Self-Reg
1757802.7062998116,1780841.6842260186,287.2063283470327,2.9301956042098086e-12,3.268787561654988e-12,1.0561972736367307,246150.58650928634,25998.357837519045,1.4425387331263578e-06,0.9999999999999977,0.7490957915468438,1.4996937707050482,2.9993875414100963,Self-Reg
1774075.628474855,1797327.8905730809,285.2305979964488,2.8503002407941775e-12,3.1796779787899296e-12,1.0562002472420113,249577.3097931504,26360.361630952153,1.4227405324003635e-06,0.9999999999999974,0.7491016852881072,1.4996951809776418,2.9993903619552835,Self-Reg
1790499.1978159153,1813966.7185721023,283.26844361714984,2.7725833220824086e-12,3.092997509299563e-12,1.0562032071613696,253051.7340596511,26727.405309154943,1.403214034955648e-06,0.9999999999999972,0.7491075398384355,1.4996965847437287,2.9993931694874574,Self-Reg
1807074.8089445778,1830759.5811235427,281.31977213057155,2.696985450117944e-12,3.008679938477468e-12,1.0562061534578706,256574.5232899792,27099.559031939578,1.3839555123680466e-06,0.9999999999999973,0.7491133554630507,1.4996979820334366,2.9993959640668733,Self-Reg
1823803.8693931974,1847707.9042078496,279.3844910935019,2.6234488465020392e-12,2.9266608564695044e-12,1.0562090861942885,260146.35070743551,27476.89393574794,1.364961287370277e-06,0.9999999999999979,0.7491191324253461,1.499699372876752,2.999398745753504,Self-Reg
1840687.7997244112,1864813.1270065368,277.46250869378315,2.5519173082345914e-12,2.84687760908054e-12,1.056212005433107,263767.89890606963,27859.482147245682,1.3462277331501455e-06,0.9999999999999977,0.7491248709869005,1.4997007573035217,2.9994015146070434,Self-Reg
1857728.033651755,1882076.7020243811,275.55373374604363,2.4823361647590104e-12,2.7692692499219065e-12,1.0562149112365218,267439.8599811082,28247.396797105397,1.3277512726583854e-06,0.9999999999999976,0.7491305714074901,1.4997021353434536,2.9994042706869073,Self-Reg
1874926.0181614314,1899500.0952127867,273.6580756874528,2.4146522361781857e-12,2.693776493862906e-12,1.0562178036664405,271162.9356612065,28640.712033982385,1.309528377925951e-06,0.9999999999999976,0.7491362339451013,1.4997035070261169,2.9994070140522338,Self-Reg
1892283.2136351697,1917084.7860942557,271.7754445735095,2.34881379260988e-12,2.6203416717511333e-12,1.0562206827844856,274937.83744253265,29039.50303868417,1.2915555693907108e-06,0.9999999999999978,0.7491418588559439,1.4997048723809425,2.999409744761885,Self-Reg
1909801.093974224,1934832.267888012,269.9057510738575,2.284770514650346e-12,2.5489086863668744e-12,1.0562235486519946,278765.28672471875,29443.84603853731,1.2738294152333778e-06,0.9999999999999971,0.7491474463944627,1.4997062314372251,2.9994124628744503,Self-Reg
1927481.146724555,1952744.047636822,268.0489064681252,2.2224734549158196e-12,2.4794229695778073e-12,1.0562264013300218,282646.01494871173,29853.818321954936,1.256346530722507e-06,0.9999999999999974,0.7491529968133513,1.499707584224122,2.999415168448244,Self-Reg
1945324.8732031295,1970821.646334951,266.20482264179736,2.1618750006327734e-12,2.4118314406616094e-12,1.0562292408793394,286580.76373653434,30269.498253206093,1.2391035775685248e-06,0.9999999999999977,0.749158510363563,1.499708930770655,2.99941786154131,Self-Reg
1963333.7886254147,1989066.5990573282,264.3734120821117,2.102928837248115e-12,2.3460824657643736e-12,1.056232067360439,290570.2850329964,30690.96528739138,1.2220972632865886e-06,0.9999999999999977,0.7491639872943239,1.4997102711057104,2.999420542211421,Self-Reg
1981509.4222340283,2007480.455089882,262.5545878739853,2.0455899130316695e-12,2.2821258184640757e-12,1.0562348808335333,294615.3412493739,31118.299985626312,1.2053243405682076e-06,0.9999999999999976,0.7491694278531442,1.49971160525804,2.99942321051608,Self-Reg
1999853.3174286177,2026064.7780611236,260.7482636959641,1.989814404643694e-12,2.219912641408724e-12,1.0562376813585554,298716.7054090954,31551.584030436956,1.1887816066614537e-06,0.9999999999999971,0.7491748322858321,1.4997129332562613,2.9994258665125226,Self-Reg
2018367.0318969095,2044821.1460749118,258.9543538162028,1.93555968364135e-12,2.1593954090002098e-12,1.056240468995164,302875.1612954504,31990.90024136925,1.1724659027596926e-06,0.9999999999999977,0.749180200836504,1.499714255128859,2.999428510257718,Self-Reg
2037052.1377469683,2063751.1518444472,257.17277308847156,1.8827842838984126e-12,2.1005278910951823e-12,1.0562432438027403,307091.50360135117,32436.332590815204,1.156374113398717e-06,0.9999999999999977,0.7491855337475966,1.4997155709041847,2.9994311418083694,Self-Reg
2055910.2216407177,2082856.4028275413,255.40343694818637,1.8314478699132228e-12,2.0432651176951636e-12,1.0562460058403922,311366.5380811888,32887.9662200606,1.1405031658620986e-06,0.9999999999999977,0.7491908312598801,1.4997168806104582,2.9994337612209163,Self-Reg
2074942.8849286626,2102138.521363107,253.64626140846826,1.781511205980854e-12,1.9875633445991403e-12,1.0562487551669542,315701.0817047948,33345.88745555503,1.1248500295947413e-06,0.9999999999999973,0.7491960936124681,1.4997181842757672,2.9994363685515344,Self-Reg
2094151.7437858558,2121599.144808904,251.90116305622968,1.7329361262058477e-12,1.9333800199923055e-12,1.0562514918409895,320095.96281354415,33810.18382540838,1.1094117156244714e-06,0.9999999999999977,0.7492013210428304,1.499719481928069,2.999438963856138,Self-Reg
2113538.429349159,2141239.9256806024,250.16805904828345,1.685685505332493e-12,1.8806737519453277e-12,1.056254215920791,324552.0212786406,34280.94407611784,1.0941852759915375e-06,0.9999999999999977,0.749206513786805,1.4997207735951907,2.9994415471903815,Self-Reg
2133104.587855746,2161062.531792099,248.44686710748033,1.639723230370529e-12,1.8294042767995273e-12,1.0562569274643818,329070.10866159765,34758.25818952694,1.0791678031859548e-06,0.9999999999999976,0.7492116720786072,1.4997220593048297,2.9994441186096594,Self-Reg
2152851.880782876,2181068.6463971226,246.73750551887335,1.5950141729945334e-12,1.7795324284137435e-12,1.0562596265295177,333651.08837695053,35242.21740002049,1.0643564295925785e-06,0.9999999999999974,0.7492167961508442,1.4997233390845544,2.9994466781691087,Self-Reg
2172781.9849890084,2201259.968332199,245.03989312590366,1.5515241626957688e-12,1.7310201082492779e-12,1.0562623131736877,338295.8358572439,35732.91421195986,1.049748326943754e-06,0.9999999999999973,0.7492218862345241,1.4997246129618043,2.9994492259236085,Self-Reg
2192896.5928561776,2221638.2121608933,243.35394932661544,1.5092199606661693e-12,1.6838302562702876e-12,1.056264987454115,343005.23872030637,36230.44241736001,1.0353407057795043e-06,0.9999999999999976,0.7492269425590681,1.499725880963892,2.999451761927784,Self-Reg
2213197.412433696,2242205.108319392,241.67959406989596,1.4680692343944116e-12,1.6379268226373e-12,1.0562676494277592,347780.19693885307,36734.89711381254,1.0211308149151224e-06,0.9999999999999974,0.7492319653523214,1.4997271431180021,2.9994542862360043,Self-Reg
2233686.1675832164,2262962.4032634716,240.01674785173762,1.4280405329545704e-12,1.5932747401721434e-12,1.0562702991513162,352621.62301245856,37246.37472265922,1.0071159409160366e-06,0.9999999999999973,0.7492369548405641,1.4997283994511932,2.9994567989023864,Self-Reg
2254364.598125103,2283911.859616785,238.3653317115282,1.3891032629686474e-12,1.549839897573459e-12,1.0562729366812207,357530.44214191305,37764.97300741737,9.932934075799118e-07,0.9999999999999974,0.7492419112485225,1.4997296499903972,2.9994592999807943,Self-Reg
2275234.4599861563,2305055.2563205236,236.72526722836557,1.3512276652245e-12,1.5075891133622305e-12,1.0562755620736466,362507.59240600694,38290.79109246193,9.796605754258498e-07,0.9999999999999973,0.7492468347993801,1.4997308947624215,2.999461789524843,Self-Reg
2296297.5253487467,2326394.388784506,235.09647651739422,1.3143847919312423e-12,1.4664901105373656e-12,1.0562781753845085,367554.0249407841,38823.929481968364,9.662148411905692e-07,0.9999999999999974,0.7492517257147883,1.499732133793948,2.999464267587896,Self-Reg
2317555.5828012875,2347931.069039622,233.47888222616905,1.2785464845948733e-12,1.4265114919221399e-12,1.0562807766694633,372670.70412128203,39364.49007911835,9.529536373315255e-07,0.9999999999999973,0.7492565842148758,1.4997333671115345,2.999466734223069,Self-Reg
2339010.4374900996,2369667.125891688,231.87240753104393,1.2436853524971638e-12,1.387622716182597e-12,1.0562833659839101,377858.6077457994,39912.57620557269,9.398744315368467e-07,0.9999999999999976,0.7492614105182624,1.4997345947416152,2.9994691894832304,Self-Reg
2360663.911272724,2391604.405076771,230.27697613358094,1.2097747517612615e-12,1.3497940744995022e-12,1.0562859433829925,383118.7272227397,40468.2926212163,9.26974726241964e-07,0.999999999999997,0.7492662048420665,1.4997358167105013,2.9994716334210025,Self-Reg
2382517.8428726173,2413744.7694179076,228.69251225698665,1.1767887649881683e-12,1.312996667876202e-12,1.0562885089216008,388452.06776004727,41031.74554417729,9.142520581528953e-07,0.9999999999999976,0.7492709674019171,1.4997370330443813,2.9994740660887627,Self-Reg
2404574.0880352673,2436090.09898327,227.11894064257245,1.1447021814484614e-12,1.2772023850649768e-12,1.0562910626543696,393859.64855727507,41603.04267112406,9.017039977760771e-07,0.9999999999999971,0.7492756984119642,1.4997382437693225,2.999476487538645,Self-Reg
2426834.519685809,2458642.2912458456,225.55618654623558,1.1134904778140365e-12,1.2423838810949636e-12,1.0562936046356834,399342.50300034153,42182.29319784669,8.893281489546095e-07,0.9999999999999977,0.7492803980848886,1.4997394489112699,2.9994788978225397,Self-Reg
2449301.028088044,2481403.26124454,224.00417573496668,1.0831297994153026e-12,1.2085145563853968e-12,1.0562961349196742,404901.6788589825,42769.60784012303,8.771221484109008e-07,0.9999999999999971,0.7492850666319125,1.4997406484960483,2.9994812969920965,Self-Reg
2471975.5210049646,2504374.941746807,222.4628344833792,1.0535969420093756e-12,1.1755685364280967e-12,1.0562986535602252,410538.2384869614,43365.09885487639,8.650836652955591e-07,0.9999999999999974,0.7492897042628107,1.4997418425493623,2.9994836850987245,Self-Reg
2494859.9238607334,2527559.2834127503,220.9320895702634,1.0248693340454234e-12,1.1435206520237726e-12,1.0563011606109705,416253.25902505685,43968.880061626645,8.532104007424969e-07,0.9999999999999973,0.7492943111859182,1.4997430310967965,2.999486062193593,Self-Reg
2517956.1799042122,2550958.2549607945,219.41186827516083,9.969250194135077e-13,1.1123464200569441e-12,1.056303656125296,422047.832606889,44581.06686424137,8.415000874301058e-07,0.9999999999999978,0.7492988876081431,1.4997442141638169,2.9994884283276337,Self-Reg
2541266.2503739586,2574573.843334846,217.90209837496425,9.69742640663857e-13,1.0820220247949265e-12,1.056306140156342,427923.06656759867,45201.77627298854,8.299504891484795e-07,0.9999999999999974,0.7493034337349747,1.4997453917757708,2.9994907835515416,Self-Reg
2564792.114664753,2598408.0538730025,216.40270814054026,9.43301422683678e-13,1.052524299696529e-12,1.0563086127570034,433880.0836554322,45831.12692689621,8.185594003725668e-07,0.9999999999999978,0.7493079497704945,1.4997465639578877,2.9994931279157755,Self-Reg
2588535.770495708,2622462.910477865,214.9136263333721,9.17581156818998e-13,1.0238307097165317e-12,1.0563110739799306,439920.022246281,46469.239116424396,8.07324645841166e-07,0.9999999999999976,0.7493124359173853,1.4997477307352793,2.9994954614705587,Self-Reg
2612499.234079896,2646740.455788388,213.43478220222718,8.925621854294839e-13,9.959193340925226e-13,1.0563135238775314,446044.0365611981,47116.23480645176,7.962440801417057e-07,0.9999999999999973,0.7493168923769414,1.4997488921329412,2.9994977842658823,Self-Reg
2636684.5402955357,2671242.7513533127,211.9661054798476,8.682253868644041e-13,9.687688496009185e-13,1.0563159625019714,452253.2968869394,47772.23765958171,7.853155873007325e-07,0.9999999999999974,0.7493213193490784,1.4997500481757517,2.9995000963515035,Self-Reg
2661093.742858825,2695971.8778062603,210.50752637965945,8.445521608481784e-13,9.42358514269294e-13,1.056318389905176,458548.989799589,48437.373059774676,7.745370803799864e-07,0.9999999999999978,0.7493257170323425,1.4997511988884744,2.999502397776949,Self-Reg
2685728.914498309,2720929.935042391,209.0589755925075,8.215244142644719e-13,9.166681515327298e-13,1.0563208061388296,464932.3183912825,49111.768136307444,7.639065010780449e-07,0.9999999999999974,0.7493300856239206,1.4997523442957572,2.9995046885915144,Self-Reg
2710592.14713088,2746119.0423967056,207.62038428341117,7.991245473278842e-13,8.916781348219828e-13,1.0563232112543797,471404.5025000896,49795.55178806678,7.534218193374236e-07,0.9999999999999972,0.7493344253196481,1.4997534844221332,2.9995069688442664,Self-Reg
2735685.5520394407,2771541.338824041,206.19168408834014,7.773354401326564e-13,8.673693725716933e-13,1.0563256053030357,477966.7789431044,50488.854708181694,7.430810329570545e-07,0.9999999999999971,0.7493387363140215,1.4997546192920217,2.9995092385840434,Self-Reg
2761011.260052172,2797198.9830806865,204.77280711101392,7.561404395681776e-13,8.437232936372625e-13,1.0563279883357704,484620.40175277053,51191.80940899768,7.328821672100955e-07,0.9999999999999973,0.7493430188002047,1.4997557489297282,2.9995114978594564,Self-Reg
2786571.421723458,2823094.1539076786,203.36368591972285,7.355233465912583e-13,8.207218331092142e-13,1.0563303604033214,491366.6424164952,51904.55024739862,7.228232744669833e-07,0.9999999999999974,0.74934727297004,1.4997568733594453,2.9995137467188906,Self-Reg
2812368.207516534,2849229.0502158445,201.96425354416803,7.154684038454012e-13,7.983474185141681e-13,1.0563327215561926,498206.7901196098,52627.213450482224,7.129024338236379e-07,0.9999999999999978,0.7493514990140566,1.4997579926052533,2.9995159852105067,Self-Reg
2838403.807987778,2875605.8912725095,200.57444347232496,6.95960283617688e-13,7.76582956391974e-13,1.0563350718446547,505142.1519917008,53359.937141591676,7.031177507347888e-07,0.9999999999999973,0.7493556971214806,1.4997591066911202,2.9995182133822405,Self-Reg
2864680.433972704,2902226.9168899273,199.19418964732816,6.769840761240333e-13,7.55411819238707e-13,1.0563374113187463,512174.05335636844,54102.861366709556,6.934673566523268e-07,0.9999999999999976,0.7493598674802427,1.4997602156409024,2.999520431281805,Self-Reg
2891200.3167737364,2929094.3876155135,197.8234264643742,6.585252781138193e-13,7.348178328055159e-13,1.0563397400282748,519303.83798447513,54856.128121220565,6.839494086686024e-07,0.9999999999999974,0.749364010276989,1.499761319478346,2.999522638956692,Self-Reg
2917965.7083496586,2956210.584923782,196.46208876764808,6.405697817852791e-13,7.147852637437066e-13,1.056342058022818,526532.8683509048,55619.88137704522,6.745620891646343e-07,0.9999999999999972,0.7493681256970877,1.499762418227086,2.999524836454172,Self-Reg
2944978.881506828,2983577.8114100625,195.11011184727036,6.231038640031087e-13,6.952988075865796e-13,1.0563443653517255,533862.5258948975,56394.267110151464,6.653036054631426e-07,0.9999999999999974,0.7493722139246407,1.4997635119106478,2.9995270238212957,Self-Reg
2972242.130092209,3011198.3909860626,193.76743143626183,6.061141758100443e-13,6.763435770588088e-13,1.0563466620641184,541294.2112840202,57179.43332845044,6.561721894863259e-07,0.9999999999999973,0.7493762751424904,1.4997646005524479,2.9995292011048957,Self-Reg
2999757.769188129,3039074.66907718,192.43398370753212,5.895877322244574e-13,6.579050907045161e-13,1.0563489482088915,548829.3446817951,57975.53010007895,6.471660974183511e-07,0.9999999999999973,0.7493803095322292,1.499765684175793,2.999531368351586,Self-Reg
3027528.1353088785,3067209.012821679,191.10970527088602,5.735119023161041e-13,6.399692618252814e-13,1.056351223834714,556469.3660190657,58782.709582076735,6.382836093724635e-07,0.9999999999999973,0.7493843172742084,1.499766762803882,2.999533525607764,Self-Reg
3055555.5865990985,3095603.8112716735,189.79453317005232,5.578743995524992e-13,6.225223877196992e-13,1.0563534889900301,564215.7352691261,59601.12604946165,6.295230290626728e-07,0.9999999999999974,0.7493882985475465,1.4997678364598062,2.9995356729196123,Self-Reg
3083842.5030340566,3124261.4755960335,188.48840487972936,5.426632724084659e-13,6.055511392161902e-13,1.056355743723061,572069.9327266997,60430.93592471143,6.208826834799252e-07,0.9999999999999977,0.7493922535301376,1.4997689051665493,2.9995378103330985,Self-Reg
3112391.286621728,3153184.439285111,187.19125830265313,5.278668952317646e-13,5.89042550491157e-13,1.0563579880818055,580033.4592907846,61272.29780765431,6.123609225727347e-07,0.9999999999999977,0.7493961823986606,1.4997699689469877,2.9995399378939753,Self-Reg
3141204.3616067427,3182375.1583573646,185.90303176668516,5.134739593577804e-13,5.729840091646693e-13,1.0563602221140402,588107.8367514338,62125.37250577522,6.039561189321974e-07,0.9999999999999973,0.7494000853285872,1.4997710278238925,2.999542055647785,Self-Reg
3170284.174676284,3211836.111567951,184.62366402191725,4.99473464466445e-13,5.573632466660733e-13,1.0563624458673222,596294.6080805467,62990.323064946264,5.956666674813054e-07,0.9999999999999973,0.7494039624941906,1.499772081819928,2.999544163639856,Self-Reg
3199633.1951678316,3241569.800619193,183.35309423779842,4.858547101748589e-13,5.42168328862251e-13,1.0563646593889888,604595.3377266894,63867.314800582484,5.874909851685448e-07,0.9999999999999977,0.7494078140685531,1.4997731309576539,2.9995462619153077,Self-Reg
3229253.9152788236,3271578.750372994,182.09126200028103,4.726072878591451e-13,5.273876469413194e-13,1.0563668627261584,613011.6119140176,64756.515329231595,5.794275106656951e-07,0.999999999999997,0.7494116402235756,1.4997741752595244,2.999548350519049,Self-Reg
3259148.850278328,3301865.509065278,180.8381073089837,4.597210726992651e-13,5.13009908544791e-13,1.0563690559257326,621545.0389453801,65658.09460060537,5.714747040697551e-07,0.9999999999999971,0.7494154411299853,1.4997752147478902,2.9995504294957804,Self-Reg
3289320.5387206078,3332432.6485223533,179.59357057437572,4.471862159407707e-13,4.990241291414762e-13,1.056371239034397,630197.249509621,66572.22493005471,5.636310466089797e-07,0.9999999999999976,0.7494192169573424,1.4997762494449973,2.9995524988899946,Self-Reg
3319771.5426606606,3363282.7643792853,178.35759261498052,4.349931373675459e-13,4.854196236365123e-13,1.0563734120986203,638969.8969931597,67499.0810314968,5.558950403529459e-07,0.9999999999999976,0.749422967874051,1.4997772793729889,2.9995545587459778,Self-Reg
3350504.447871825,3394418.4763003443,177.13011465459542,4.2313251797976366e-13,4.721859982090784e-13,1.0563755751646589,647864.6577959281,68438.84005080284,5.482652079265796e-07,0.9999999999999973,0.7494266940473655,1.499778304553905,2.99955660910781,Self-Reg
3381521.8640653286,3425842.428201438,175.91107831953246,4.115952928715142e-13,4.593131423726263e-13,1.056377728278554,656883.2316516833,69391.68159964804,5.407400922281242e-07,0.9999999999999972,0.7494303956433982,1.4997793250096836,2.999558650019367,Self-Reg
3412826.4251118726,3457557.2884745994,174.70042563587813,4.0037264430263097e-13,4.46791221251526e-13,1.0563798714861359,666027.3419527808,70357.78778983312,5.333182561509765e-07,0.9999999999999976,0.7494340728271282,1.4997803407621604,2.9995606815243208,Self-Reg
3444420.789265334,3489565.750214619,173.4980990267688,3.8945599495940005e-13,4.346106680682082e-13,1.056382004833022,675298.736079486,71337.34326808531,5.259982823093244e-07,0.9999999999999977,0.7494377257624086,1.4997813518330696,2.999562703666139,Self-Reg
3476307.6393884723,3521870.531447711,172.30404130968697,3.7883700139904536e-13,4.227621768351124e-13,1.0563841283646203,684699.1857338515,72330.535251342,5.18778772767562e-07,0.9999999999999977,0.7494413546119754,1.4997823582440448,2.9995647164880896,Self-Reg
3508489.683180723,3554474.375362292,171.1181956937758,3.6850754767295975e-13,4.112366952458384e-13,1.0563862421261287,694230.4872782411,73337.55356252522,5.116583487734184e-07,0.9999999999999976,0.7494449595374537,1.499783360016619,2.999566720033238,Self-Reg
3540969.6534081693,3587380.0505419676,169.9405057771696,3.5845973912378484e-13,4.0002541776004363e-13,1.0563883461625376,703894.4620785825,74358.59066681626,5.046356504947325e-07,0.9999999999999976,0.7494485406993665,1.4997843571722251,2.9995687143444503,Self-Reg
3573750.308135575,3620590.351200606,168.77091554434398,3.486858963516413e-13,3.8911977887685405e-13,1.0563904405186286,713692.9568523823,75393.84170843309,4.977093367598536e-07,0.9999999999999979,0.7494520982571423,1.4997853497321965,2.999570699464393,Self-Reg
3606834.4309605677,3654108.09741959,167.60936936348472,3.3917854934487643e-13,3.7851144659162657e-13,1.0563925252389776,723627.8440215822,76443.50454791963,4.908780848016029e-07,0.9999999999999973,0.7494556323691222,1.4997863377177674,2.9995726754355347,Self-Reg
3640224.8312500515,3687936.1353873294,166.4558119838714,3.2993043177082696e-13,3.681923160310466e-13,1.056394600367955,733701.0220703459,77507.7797999563,4.841405900047341e-07,0.9999999999999972,0.7494591431925681,1.4997873211500738,2.9995746423001477,Self-Reg
3673924.344378746,3722077.3376409262,165.3101885332813,3.2093447542226766e-13,3.5815450326173746e-13,1.0563966659497257,743914.4159078085,78586.87087169463,4.774955656568718e-07,0.9999999999999973,0.7494626308836694,1.499788300050153,2.999576600100306,Self-Reg
3707935.831969934,3756534.603310076,164.17244451541046,3.121838048152856e-13,3.483903392676361e-13,1.0563987220282516,754269.9772358723,79680.98400162536,4.7094174270286834e-07,0.9999999999999973,0.7494660955975511,1.499789274438945,2.99957854887789,Self-Reg
3742262.1821385007,3791310.858363296,163.04252580731062,3.0367173193443177e-13,3.3889236409151356e-13,1.0564007686472912,764769.6849221428,80790.32829898983,4.6447786950251515e-07,0.9999999999999971,0.749469537488281,1.4997902443372924,2.9995804886745847,Self-Reg
3776906.309736152,3826409.055856354,161.92037865684492,2.95391751121172e-13,3.296533211362065e-13,1.056402805850402,775415.5453780349,81915.11578373755,4.581027115915941e-07,0.9999999999999972,0.7494729567088768,1.499791209765941,2.999582419531882,Self-Reg
3811871.1565989475,3861832.1761830472,160.8059496801601,2.873375341016993e-13,3.2066615162117453e-13,1.05640483368094,786209.5929421515,83055.56142704129,4.518150514461984e-07,0.9999999999999976,0.7494763534113142,1.4997921707455404,2.9995843414910808,Self-Reg
3847159.6917970763,3897583.2273282525,159.69918585917682,2.795029251503296e-13,3.1192398919017205e-13,1.0564068521820613,797153.8902689876,84211.88319237455,4.4561368825029497e-07,0.9999999999999977,0.7494797277465327,1.4997931272966443,2.9995862545932885,Self-Reg
3882774.911887027,3933665.2451234,158.60003453909462,2.718819363847555e-13,3.034201546658855e-13,1.0564088613967233,808250.5287230673,85384.3020771635,4.394974376664612e-07,0.9999999999999974,0.7494830798644442,1.499794079439711,2.999588158879422,Self-Reg
3918719.8411660152,3970081.2935042363,157.50844342591583,2.6446874318959757e-13,2.951481509475687e-13,1.056410861367685,819501.6287785445,86573.04215501629,4.334651316097808e-07,0.9999999999999976,0.7494864099139391,1.4997950271951037,2.9995900543902074,Self-Reg
3954997.531928779,4006834.464770985,156.42436058398616,2.5725767976473575e-13,2.871016580477556e-13,1.0564128521375082,830909.3404243668,87778.33061854009,4.2751561802484024e-07,0.9999999999999977,0.7494897180428941,1.4997959705830912,2.9995919411661824,Self-Reg
3991611.0647268044,4043927.8798509696,155.34773443355,2.5024323479500883e-13,2.7927452826425076e-13,1.0564148337485584,842475.8435750983,89000.3978227564,4.21647760665774e-07,0.9999999999999978,0.749493004398179,1.4997969096238482,2.9995938192476963,Self-Reg
4028563.5486298962,4081364.688563615,154.27851374832392,2.4342004723799725e-13,2.716607814837374e-13,1.0564168062430055,854203.3484874419,90239.47732911842,4.158604388793382e-07,0.9999999999999974,0.7494962691256633,1.4997978443374553,2.9995956886749107,Self-Reg
4065858.1214901623,4119148.069887889,153.21664765308697,2.3678290222665786e-13,2.642546006134005e-13,1.0564187696628256,866094.0961825555,91495.80595014122,4.101525473909605e-07,0.9999999999999974,0.7494995123702238,1.499798774743901,2.999597549487802,Self-Reg
4103497.9502085126,4157281.232232294,152.16208562128492,2.303267270836649e-13,2.570503271370626e-13,1.0564207240498007,878150.3588742715,92769.62379465501,4.0452299609371465e-07,0.9999999999999973,0.749502734275751,1.49979970086308,2.99959940172616,Self-Reg
4141486.2310035583,4195767.413707294,151.11477747265278,2.2404658744443798e-13,2.5004245679246556e-13,1.05642266944552,890374.4404032519,94061.17431368644,3.989707098402006e-07,0.9999999999999976,0.7495059349851564,1.499800622714795,2.99960124542959,Self-Reg
4179826.189682993,4234609.882400248,150.07467337085356,2.1793768348588063e-13,2.4322563536638426e-13,1.0564246058913815,902768.6766771864,95370.70434697803,3.934946282372811e-07,0.9999999999999971,0.7495091146403778,1.4998015403187568,2.9996030806375136,Self-Reg
4218521.08191757,4273811.936652983,149.0417238211306,2.1199534625793272e-13,2.3659465460434257e-13,1.0564265334285918,915335.4361171437,96698.46417015821,3.8809370544362045e-07,0.9999999999999978,0.7495122733823889,1.4998024536945849,2.9996049073891697,Self-Reg
4257574.193517531,4313376.90534184,148.01587966797817,2.062150341151632e-13,2.3014444823184097e-13,1.056428452098167,928077.1201101064,98044.70754256443,3.827669099700172e-07,0.9999999999999972,0.749515411351203,1.4998033628618075,2.999606725723615,Self-Reg
4296988.840711598,4353308.14816033,146.9970920928276,2.0059232924565655e-13,2.2387008808403746e-13,1.0564303619409356,940996.1634678099,99409.69175573305,3.7751322448247006e-07,0.9999999999999979,0.7495185286858812,1.4998042678398622,2.9996085356797244,Self-Reg
4336768.370428628,4393609.055904474,145.985312611747,1.95122934294533e-13,2.1776678034091475e-13,1.0564322629975362,954095.0348919888,100793.6776825657,3.723316456079404e-07,0.9999999999999976,0.7495216255245389,1.4998051686480967,2.9996103372961933,Self-Reg
4376916.160581794,4434283.05076071,144.98049307315867,1.898026690795447e-13,2.1182986186508624e-13,1.0564341553084213,967376.2374460747,102196.92982717826,3.672211837427857e-07,0.9999999999999977,0.7495247020043523,1.4998060653057685,2.999612130611537,Self-Reg
4417435.620355391,4475333.586596462,143.98258565557185,1.8462746739622348e-13,2.0605479663942534e-13,1.0564360389138556,980842.3090334613,103619.71637544293,3.621808628638249e-07,0.9999999999999974,0.7495277582615641,1.499806957832046,2.999613915664092,Self-Reg
4458330.190494396,4516764.149253487,142.99154286532888,1.7959337391013118e-13,2.0043717230179113e-13,1.0564379138539188,994495.8228824484,105062.30924623701,3.572097203419833e-07,0.9999999999999974,0.7495307944314915,1.4998078462460087,2.9996156924920174,Self-Reg
4499603.343596597,4558578.256843845,142.00731753436855,1.7469654113385595e-13,1.94972696774223e-13,1.0564397801685064,1008339.3880379129,106524.98414340187,3.5230680675850585e-07,0.9999999999999972,0.7495338106485309,1.4998087305666477,2.9996174611332953,Self-Reg
4541258.584407464,4600779.4600486215,141.0298628180045,1.6993322648643448e-13,1.896571949840191e-13,1.0564416378973291,1022375.6498598217,108008.0206084256,3.474711857236902e-07,0.9999999999999977,0.7495368070461658,1.4998096108128656,2.999619221625731,Self-Reg
4583299.450117797,4643371.3424194865,140.0591321927167,1.6529978943294269e-13,1.8448660567418297e-13,1.0564434870799144,1036607.2905287103,109511.70207386126,3.427019336980991e-07,0.9999999999999977,0.7495397837569716,1.4998104870034776,2.9996209740069553,Self-Reg
4625729.510664061,4686357.52068296,139.09507945396032,1.6079268870209099e-13,1.7945697830082765e-13,1.0564453277556078,1051037.029558167,111036.31591748583,3.379981398162343e-07,0.999999999999998,0.7495427409126233,1.4998113591572118,2.9996227183144235,Self-Reg
4668552.369031543,4729741.645047547,138.13765871398775,1.5640847957967745e-13,1.745644700151432e-13,1.056447159963574,1065667.6243144663,112582.1535172147,3.33358905712626e-07,0.9999999999999977,0.7495456786439012,1.4998122272927086,2.999624454585417,Self-Reg
4711771.661560272,4773527.399513665,137.1868243996867,1.5214381127584449e-13,1.6980534272764028e-13,1.0564489837427962,1080501.8705434203,114149.51030677867,3.2878334535031114e-07,0.9999999999999973,0.7495485970806963,1.499813091428523,2.999626182857046,Self-Reg
4755391.058253855,4817718.502186523,136.2425312504311,1.4799542436411107e-13,1.65175960252408e-13,1.0564507991320784,1095542.6029045936,115738.68583217949,3.2427058485165714e-07,0.9999999999999976,0.7495514963520177,1.4998139515831235,2.999627903166247,Self-Reg
4799414.263091088,4862318.705591827,135.30473431594817,1.4396014829024217e-13,1.6067278552922707e-13,1.0564526061700454,1110792.6955129195,117349.98380892734,3.1981976233151636e-07,0.9999999999999973,0.7495543765859979,1.4998148077748927,2.9996296155497855,Self-Reg
4843845.014340457,4907331.796994394,134.3733889541998,1.400348989490404e-13,1.562923779214035e-13,1.056454404895144,1126255.0624878637,118983.71218007593,3.1543002773266746e-07,0.9999999999999971,0.749557237909899,1.4998156600221284,2.999631320044257,Self-Reg
4888687.084877633,4952761.598719813,133.44845082927702,1.3621667632720218e-13,1.5203139058725262e-13,1.0564561953456442,1141932.6585102556,120640.18317506812,3.1110054266350683e-07,0.9999999999999974,0.7495600804501192,1.499816508343043,2.999633016686086,Self-Reg
4933944.282505819,4998611.96847899,132.52987590930974,1.3250256221045246e-13,1.4788656792324272e-13,1.0564579775596386,1157828.4793868382,122319.71336939704,3.068304802379769e-07,0.9999999999999977,0.7495629043321982,1.499817352755765,2.99963470551153,Self-Reg
4979620.450279065,5044886.7996956995,131.6176204643914,1.2888971795319647e-13,1.4385474307683583e-13,1.0564597515750447,1173945.5626226803,124022.6237450983,3.026190249176885e-07,0.9999999999999971,0.749565709680823,1.4998181932783385,2.999636386556677,Self-Reg
5025719.466828666,5091590.021837258,130.71164106451525,1.2537538230897726e-13,1.3993283552711796e-13,1.056461517429606,1190286.988001589,125749.23975208736,2.984653723562014e-07,0.9999999999999973,0.7495684966198339,1.499819029928724,2.999638059857448,Self-Reg
5072245.246692479,5138725.6007481655,129.81189457752686,1.2195686932009688e-13,1.361178487313879e-13,1.0564632751608902,1206855.8781745574,127499.8913703465,2.9436872924545146e-07,0.9999999999999971,0.7495712652722312,1.4998198627247987,2.9996397254495974,Self-Reg
5119201.740647314,5186297.538986845,128.91833816709033,1.1863156626477772e-13,1.3240686783589736e-13,1.0564650248062937,1223655.399256418,129274.91317297866,2.903283131642823e-07,0.9999999999999976,0.74957401576018,1.4998206916843568,2.9996413833687137,Self-Reg
5166592.936044468,5234309.876165575,128.03092929066622,1.153969316602917e-13,1.2879705744898692e-13,1.0564667664030387,1240688.7614308205,131074.644390141,2.863433524290495e-07,0.9999999999999974,0.7495767482050162,1.4998215168251108,2.9996430336502216,Self-Reg
5214422.857148288,5282766.689293496,127.14962569750567,1.1225049332054267e-13,1.2528565947493288e-13,1.0564684999881777,1257959.219563607,132899.42897386622,2.824130859462802e-07,0.9999999999999977,0.7495794627272523,1.4998223381646896,2.999644676329379,Self-Reg
5262695.565477858,5331672.093122771,126.27438542665728,1.0918984646661124e-13,1.2186999100684077e-13,1.056470225598591,1275470.0738247144,134749.6156637847,2.7853676306735655e-07,0.9999999999999973,0.7495821594465832,1.4998231557206416,2.9996463114412832,Self-Reg
5311415.16015196,5381030.240498065,125.4051668049863,1.0621265188881128e-13,1.1854744227697043e-13,1.0564719432709888,1293224.6703187777,136625.5580537663,2.747136434451829e-07,0.9999999999999974,0.7495848384818922,1.4998239695104336,2.9996479390208672,Self-Reg
5360585.778237113,5430845.322709153,124.54192844520878,1.0331663415886708e-13,1.1531547466294114e-13,1.0564736530419134,1311226.4017244685,138527.61465948523,2.7094299689282983e-07,0.9999999999999974,0.7495874999512545,1.4998247795514508,2.9996495591029015,Self-Reg
5410211.595098848,5481121.569846795,123.68462924393901,1.0049957989083687e-13,1.1217161874828563e-13,1.0564753549477373,1329478.7079427324,140456.14898692575,2.6722410324411515e-07,0.9999999999999977,0.7495901439719463,1.4998255858609988,2.9996511717219976,Self-Reg
5460296.824756326,5531863.251161999,122.83322837974876,9.775933604944938e-14,1.0911347243586632e-13,1.056477049024666,1347985.0767540878,142411.5296018446,2.635562522160922e-07,0.9999999999999972,0.7495927706604475,1.4998263884563021,2.9996527769126042,Self-Reg
5510845.72024014,5583074.675428522,121.9876853112409,9.509380830457053e-14,1.0613869911272477e-13,1.056478735308738,1366749.0444850374,144394.13020019783,2.59938743273431e-07,0.9999999999999974,0.749595380132448,1.4998271873545057,2.9996543747090114,Self-Reg
5561862.5739534395,5634760.191308714,121.14795977513651,9.250095943053821e-14,1.0324502586495628e-13,1.0564804138358255,1385774.1966837514,146404.3296795458,2.563708854946614e-07,0.9999999999999977,0.7495979725028534,1.4998279825726755,2.999655965145351,Self-Reg
5613351.71803648,5686924.18772286,120.31401178437308,8.997880774913524e-14,1.0043024174123999e-13,1.0564820846416354,1405064.1688051948,148442.51221145788,2.5285199744024303e-07,0.9999999999999973,0.7496005478857907,1.4998287741277978,2.9996575482555956,Self-Reg
5665317.524734467,5739571.094221832,119.48580162621732,8.752542561502255e-14,9.76921960637109e-14,1.0564837477617104,1424622.6469057552,150509.06731491996,2.4938140702245314e-07,0.9999999999999973,0.7496031063946121,1.49982956203678,2.99965912407356,Self-Reg
5717764.406768786,5792705.381363195,118.66328986039082,8.513893794246809e-14,9.502879678487571e-14,1.0564854032314288,1444453.3683475333,152604.3899307639,2.4595845137706006e-07,0.9999999999999972,0.7496056481419028,1.4998303463164522,2.9996606926329044,Self-Reg
5770696.817711787,5846331.5610909,117.84643731720664,8.281752077224183e-14,9.24380088893136e-14,1.056487051086006,1464560.1225124802,154728.88049713697,2.425824767367494e-07,0.9999999999999972,0.7496081732394837,1.4998311269835651,2.9996622539671303,Self-Reg
5824119.252364917,5900454.187118365,117.03520509572043,8.055939987759107e-14,8.991785283895171e-14,1.0564886913604956,1484946.75152643,156882.94502601767,2.392528383062958e-07,0.9999999999999973,0.7496106817984188,1.4998319040547927,2.9996638081095854,Self-Reg
5878036.247140417,5955077.8553151935,116.22955456189325,7.836284940822327e-14,8.746640306071883e-14,1.0564903240897887,1505617.150993231,159066.99518079826,2.3596890013944208e-07,0.9999999999999973,0.749613173929019,1.4998326775467317,2.9996653550934633,Self-Reg
5932452.380446497,6010207.204097377,115.42944734676736,7.622619057126388e-14,8.50817864754275e-14,1.0564919493086162,1526575.2707390771,161281.4483549456,2.3273003501747205e-07,0.9999999999999973,0.749615649740848,1.4998334474759014,2.999666894951803,Self-Reg
5987372.273076183,6065846.914821249,114.63484534465327,7.41477903481762e-14,8.276218106675423e-14,1.0564935670515492,1547825.1155672371,163526.72775176063,2.2953562432944283e-07,0.9999999999999974,0.7496181093427274,1.4998342138587448,2.9996684277174896,Self-Reg
6042800.588599658,6122001.71218097,113.8457107113302,7.212606024666909e-14,8.050581448923255e-14,1.0564951773529985,1569370.7460232507,165803.26246524413,2.2638505795406667e-07,0.9999999999999972,0.749620552842741,1.499834976711629,2.999669953423258,Self-Reg
6098742.033760237,6178676.364609689,113.06200586225894,7.015945508663598e-14,7.831096271419256e-14,1.056496780247217,1591216.2791707756,168111.4875620881,2.2327773414321277e-07,0.9999999999999973,0.7496229803482412,1.499835736050845,2.99967147210169,Self-Reg
6155201.35887412,6235875.684684535,112.28369347080535,6.824647181919268e-14,7.617594871260697e-14,1.0564983757682995,1613365.8893782718,170451.84416481215,2.2021305940700252e-07,0.9999999999999974,0.749625391965853,1.4998364918926081,2.9996729837852163,Self-Reg
6212183.358233733,6293604.529535244,111.51073646647727,6.638564837791917e-14,7.409914117384716e-14,1.0564999639501838,1635823.8091165992,172824.7795360539,2.1719044840048653e-07,0.9999999999999972,0.7496277878014798,1.499837244253059,2.999674488506118,Self-Reg
6269692.870514797,6351867.80125657,110.7430980331736,6.457556256142418e-14,7.207895325936573e-14,1.0565015448266515,1658594.3297677098,175230.747164031,2.14209323811877e-07,0.9999999999999972,0.7496301679603073,1.499837993148263,2.999675986296526,Self-Reg
6327734.779187289,6410670.447324622,109.98074160744366,6.281483094637384e-14,7.011384139034905e-14,1.0565031184313276,1681681.802444643,177670.20684919812,2.1126911625230764e-07,0.9999999999999972,0.7496325325468094,1.4998387385942118,2.9996774771884236,Self-Reg
6386314.012930083,6470017.461016951,109.22363087675984,6.110210783016182e-14,6.82023040684229e-14,1.0565046847976836,1705090.6388228906,180143.62479210587,2.083692641471122e-07,0.9999999999999973,0.7496348816647528,1.499839480606822,2.999678961213644,Self-Reg
6445435.54604944,6529913.881836514,108.47172977780201,5.943608420240869e-14,6.634288072850485e-14,1.0565062439590351,1728825.3119833309,182651.47368248156,2.0550921362859403e-07,0.9999999999999974,0.7496372154172019,1.4998402192019373,2.9996804384038747,Self-Reg
6505104.39890148,6590364.79593969,107.72500249475218,5.781548674450143e-14,6.453415062292491e-14,1.0565077959485456,1752890.3572669406,185194.23278955542,2.0268841843026288e-07,0.9999999999999979,0.7496395339065233,1.4998409543953277,2.9996819087906554,Self-Reg
6565325.638318449,6651375.336568136,106.98341345760208,5.623907685641477e-14,6.277473173596797e-14,1.0565093407992245,1777290.3731413602,187772.38805363863,1.999063397825266e-07,0.9999999999999976,0.7496418372343906,1.4998416862026902,2.9996833724053804,Self-Reg
6626104.378038942,6712950.6844846355,106.24692734047233,5.4705649710067467e-14,6.106327972800618e-14,1.05651087854393,1802030.0220795192,190386.432178977,1.9716244630981525e-07,0.9999999999999973,0.7496441255017904,1.499842414639649,2.999684829279298,Self-Reg
6687445.7791422075,6775096.068413115,105.51550905994156,5.321403332848713e-14,5.939848690841105e-14,1.0565124092153688,1827114.0314505347,193036.86472790092,1.94456213929111e-07,0.9999999999999977,0.7496463988090251,1.499843139721756,2.999686279443512,Self-Reg
6749355.050486376,6837816.765482602,104.78912377338835,5.1763087690085484e-14,5.777908123646697e-14,1.0565139328460962,1852547.194422966,195724.19221628096,1.9178712574987626e-07,0.9999999999999974,0.7496486572557186,1.499843861464491,2.999687722928982,Self-Reg
6811837.449150726,6901118.101675292,104.0677368773443,5.0351703857356736e-14,5.62038253495203e-14,1.0565154494685183,1878334.3708806415,198448.92821031273,1.8915467197535357e-07,0.9999999999999978,0.7496509009408218,1.4998445798832623,2.9996891597665245,Self-Reg
6874898.280882185,6965005.452278898,103.35131400585712,4.8978803129330253e-14,5.467151561761792e-14,1.056516959114891,1904480.4883512761,201211.59342465326,1.865583498052163e-07,0.9999999999999976,0.749653129962615,1.4998452949934065,2.999690589986813,Self-Reg
6938542.900545821,7029484.242343055,102.63982102886597,4.7643336217135275e-14,5.318098122391955e-14,1.0565184618173225,1930990.5429479743,204012.715821919,1.8399766333955851e-07,0.9999999999999973,0.7496553444187151,1.4998460068101898,2.9996920136203795,Self-Reg
7002776.712579515,7094559.947139946,101.93322405058808,4.6344282442045214e-14,5.1731083270178383e-14,1.0565199576077722,1957869.6003238263,206852.8307135675,1.814721234842037e-07,0.9999999999999977,0.7496575444060777,1.4998467153488069,2.9996934306976137,Self-Reg
7067605.171452974,7160238.092629327,101.23148940791481,4.5080648955385087e-14,5.032071390660327e-14,1.056521446518053,1985122.796639849,209732.48086218958,1.7898124785730706e-07,0.9999999999999978,0.749659730021004,1.4998474206243826,2.999694841248765,Self-Reg
7133033.782130853,7226524.25592773,100.53458366882008,4.385146997971224e-14,4.8948795485444356e-14,1.0565229285798303,2012755.3395463433,212652.2165852193,1.7652456069724445e-07,0.9999999999999976,0.7496619013591429,1.4998481226519718,2.9996962453039435,Self-Reg
7199068.100540177,7293424.065781998,99.84247363077951,4.265580607068676e-14,4.761427973765176e-14,1.0565244038246246,2040772.5091779176,215612.59586008824,1.741015927717647e-07,0.9999999999999973,0.7496640585154982,1.4998488214465593,2.9996976428931186,Self-Reg
7265713.734042202,7360943.203047347,99.1551263191991,4.1492743399065825e-14,4.631614697197646e-14,1.0565258722838102,2069179.6591624038,218614.18443084756,1.7171188128838474e-07,0.9999999999999974,0.74966620158443,1.4998495170230608,2.9996990340461216,Self-Reg
7332976.34190853,7429087.4011697015,98.4725089858559,4.0361393052277667e-14,4.5053405295906585e-14,1.0565273339886174,2097982.217643765,221657.55591626934,1.6935496980601878e-07,0.9999999999999974,0.7496683306596614,1.4998502093963229,2.9997004187926457,Self-Reg
7400861.63580168,7497862.446672582,97.79458910734867,3.926089035503774e-14,4.382508985783987e-14,1.0565287889701325,2127185.688319268,224743.2919194554,1.6703040814781705e-07,0.9999999999999974,0.7496704458342823,1.4998508985811232,2.9997017971622464,Self-Reg
7469375.380260055,7567274.179648417,97.1213343835596,3.819039420849025e-14,4.2630262109915966e-14,1.0565302372592984,2156795.651491069,227871.9821389682,1.6473775231520344e-07,0.9999999999999976,0.7496725472007534,1.4998515845921712,2.9997031691843423,Self-Reg
7538523.393187522,7637328.494254547,96.45271273612542,3.71490864473668e-14,4.1468009090942136e-14,1.0565316788869157,2186817.7651324794,231044.2244815151,1.624765644030883e-07,0.9999999999999976,0.7496746348509105,1.4998522674441082,2.9997045348882163,Self-Reg
7608311.546347407,7708031.339213687,95.78869230691984,3.613617121467465e-14,4.0337442728868584e-14,1.056533113883643,2217257.765969032,234260.62517619508,1.602464125162483e-07,0.9999999999999979,0.7496767088759687,1.4998529471515076,2.9997058943030153,Self-Reg
7678745.765861049,7779388.718319022,95.12924145654664,3.5150874353435094e-14,3.923769916227892e-14,1.0565345422799968,2248121.4705745857,237521.79889033534,1.580468706868545e-07,0.9999999999999971,0.7496787693665278,1.4998536237288758,2.9997072474577515,Self-Reg
7749832.0327111175,7851406.690944117,94.47432876284154,3.4192442815004664e-14,3.816793808037477e-14,1.0565359641063548,2279414.7764827483,240828.36884694718,1.558775187931265e-07,0.9999999999999972,0.7496808164125749,1.4998542971906514,2.999708594381303,Self-Reg
7821576.383249444,7924091.372557403,93.82392301938555,3.326014408353134e-14,3.712734208095495e-14,1.056537379392953,2311143.663313704,244180.966943809,1.537379424791089e-07,0.9999999999999974,0.7496828501034897,1.4998549675512063,2.9997099351024126,Self-Reg
7893984.909709563,7997448.935241442,93.17799323402849,3.2353265616103353e-14,3.611511604589644e-14,1.0565387881698889,2343314.1939167343,247580.2338742086,1.5162773307554687e-07,0.9999999999999976,0.7496848705280482,1.4998556348248464,2.999711269649693,Self-Reg
7967063.76072412,8071485.608217111,92.53650862742134,3.147111429816155e-14,3.513048653365814e-14,1.0565401904671212,2375932.5155286887,251026.8192493707,1.4954648752184416e-07,0.9999999999999973,0.7496868777744272,1.4998562990258109,2.9997125980516217,Self-Reg
8040819.1418469595,8146207.678372536,91.89943863155966,3.061301591376202e-14,3.417270118834725e-14,1.0565415863144705,2409004.860948538,254521.38172258387,1.474938082890957e-07,0.9999999999999973,0.7496888719302075,1.499856960168273,2.999713920336546,Self-Reg
8115257.31608001,8221621.490796878,91.26675288833715,2.9778314630283014e-14,3.3241028164894936e-14,1.05654297574162,2442537.5497282487,258064.58911505286,1.454693033041771e-07,0.9999999999999972,0.7496908530823794,1.4998576182663406,2.999715236532681,Self-Reg
8190384.604405221,8297733.449319248,90.63842124810756,2.89663724971799e-14,3.2334755569900017e-14,1.0565443587781165,2476536.989380323,261657.11854351198,1.434725858748702e-07,0.9999999999999977,0.7496928213173454,1.4998582733340562,2.9997165466681124,Self-Reg
8266207.386321258,8374550.017052435,90.01441376825794,2.8176568958409213e-14,3.1453190917717795e-14,1.0565457354533698,2511009.676602062,265299.6565496054,1.4150327461602206e-07,0.9999999999999973,0.7496947767209252,1.4998589253853973,2.9997178507707947,Self-Reg
8342732.100385177,8452077.716941673,89.39470071179126,2.74083003781467e-14,3.059566060137593e-14,1.0565471057966551,2545962.19851688,268992.8992310699,1.3956099337671525e-07,0.9999999999999972,0.7496967193783595,1.4998595744342769,2.9997191488685537,Self-Reg
8419965.244759256,8530323.132318653,88.77925254591779,2.666097957943598e-14,2.976150937791209e-14,1.0565484698371126,2581401.233932956,272737.55237474985,1.376453711684352e-07,0.9999999999999974,0.7496986493743131,1.4998602204945433,2.9997204409890865,Self-Reg
8497913.377762755,8609292.9074605,88.16803994065691,2.5934035395417717e-14,2.895009986774305e-14,1.0565498276037475,2617333.5546193463,276534.33159145736,1.3575604209422557e-07,0.9999999999999974,0.7497005667928806,1.4998608635799808,2.9997217271599617,Self-Reg
8576583.118428752,8688993.748153916,87.56103376744888,2.5226912232795426e-14,2.8160812067681737e-14,1.056551179125432,2653766.026599841,280383.96245270746,1.3389264527881728e-07,0.9999999999999974,0.7497024717175874,1.49986150370431,2.99972300740862,Self-Reg
8655981.147066316,8769432.422264723,86.95820509777452,2.4539069647202277e-14,2.7393042877228033e-14,1.0565525244309055,2690705.6114649153,284287.18062936596,1.3205482479971146e-07,0.9999999999999974,0.7497043642313975,1.499862140881188,2.999724281762376,Self-Reg
8736114.205827722,8850615.760312507,86.35952520178562,2.3869981930147358e-14,2.6646205637774715e-14,1.0565538635487748,2728159.3677018685,288244.7320322191,1.3024222961921202e-07,0.9999999999999977,0.7497062444167146,1.4998627751242088,2.9997255502484177,Self-Reg
8816989.099280914,8932550.656050581,85.7649655469446,2.3219137707224567e-14,2.591972968437527e-14,1.056555196507514,2766134.4520434663,292257.37295449886,1.2845451351739115e-07,0.9999999999999976,0.7497081123553855,1.4998634064469032,2.9997268128938064,Self-Reg
8898612.69498741,9015244.06705148,85.17449779667247,2.258603954727544e-14,2.5213059909729415e-14,1.0565565233354672,2804638.1208354323,296325.8702164002,1.2669133502597107e-07,0.9999999999999972,0.7497099681287065,1.4998640348627397,2.9997280697254793,Self-Reg
8980991.924085427,9098703.015297705,84.58809380900698,2.197020358220988e-14,2.4525656340056075e-14,1.0565578440608479,2843677.7314229044,300451.0013116026,1.2495235736311627e-07,0.9999999999999977,0.7497118118174246,1.499864660385124,2.999729320770248,Self-Reg
9064133.781878447,9182934.58777803,84.00572563526947,2.137115913719244e-14,2.3856993722527956e-14,1.0565591587117387,2883260.7435562103,304633.5545558331,1.2323724836911952e-07,0.9999999999999974,0.7497136435017436,1.4998652830274006,2.9997305660548013,Self-Reg
9148045.328429187,9267945.93708923,83.42736551874125,2.0788448370912475e-14,2.3206561123953535e-14,1.0565604673160935,2923394.7208161885,308874.3292374953,1.2154568044297118e-07,0.9999999999999976,0.7497154632613252,1.4998659028028516,2.999731805605703,Self-Reg
9232733.68915919,9353744.282043558,82.852985893348,2.0221625925661764e-14,2.257386154039822e-14,1.0565617699017376,2964087.332059409,313174.13577040087,1.198773304797966e-07,0.9999999999999977,0.749717271175295,1.4998665197246976,2.9997330394493953,Self-Reg
9318206.055453863,9440336.908281684,82.2825593823541,1.96702585869541e-14,2.195841151744868e-14,1.0565630664963674,3005346.352883452,317533.79584862146,1.182318798091542e-07,0.9999999999999973,0.7497190673222446,1.4998671338060987,2.9997342676121974,Self-Reg
9404469.685273053,9527731.168891301,81.71605879706594,1.9133924952425998e-14,2.135974078082937e-14,1.0565643571275527,3047179.667112563,321954.14260349347,1.1660901413418075e-07,0.9999999999999976,0.7497208517802368,1.4998677450601536,2.9997354901203073,Self-Reg
9491531.903767496,9615934.485031638,81.15345713554291,1.861221510976391e-14,2.0777391877087396e-14,1.056565641822735,3089595.2683040774,326436.0207628183,1.1500842347156875e-07,0.9999999999999976,0.7497226246268072,1.4998683534999002,2.9997367069998004,Self-Reg
9579400.103900785,9704954.346563574,80.5947275813183,1.810473032341435e-14,2.021091982407404e-14,1.0565669206092307,3132601.2612757324,330980.28681226925,1.1342980209236991e-07,0.9999999999999976,0.7497243859389698,1.4998689591383165,2.999737918276633,Self-Reg
9668081.747077065,9794798.312685585,80.03984350212892,1.7611082729836292e-14,1.9659891770954506e-14,1.0565681935142295,3176205.8636542237,335587.8091590445,1.1187284846361164e-07,0.9999999999999974,0.7497261357932192,1.4998695619883204,2.999739123976641,Self-Reg
9757584.36377477,9885474.012575759,79.48877844865233,1.7130895041061698e-14,1.9123886667485036e-14,1.056569460564796,3220417.407445416,340259.46829780814,1.1033726519071117e-07,0.9999999999999976,0.7497278742655351,1.4998701620627704,2.9997403241255407,Self-Reg
9847915.55418601,9976989.14603958,78.94150615325357,1.6663800256339962e-14,1.8602494942306948e-14,1.0565707217878704,3265244.340626314,344996.15697893035,1.0882275896068303e-07,0.9999999999999979,0.7497296014313847,1.4998707593744642,2.9997415187489285,Self-Reg
9939082.988861889,10069351.4841637,78.39800052874078,1.6209441381644703e-14,1.8095318190010885e-14,1.0565719772102686,3310695.228759192,349798.7803790702,1.0732904048612614e-07,0.9999999999999973,0.7497313173657275,1.4998713539361421,2.9997427078722843,Self-Reg
10031094.409363968,10162568.869975941,77.85823566712791,1.576747115682755e-14,1.7601968866730938e-14,1.0565732268586836,3356778.7566282777,354668.25627414184,1.0585582444997593e-07,0.9999999999999973,0.7497330221430178,1.499871945760484,2.999743891520968,Self-Reg
10123957.628921606,10256649.219111249,77.32218583840705,1.5337551790212356e-14,1.7122069994038206e-14,1.056574470759684,3403503.7298991363,359605.51521467906,1.0440282945101814e-07,0.9999999999999978,0.7497347158372086,1.4998725348601123,2.9997450697202246,Self-Reg
10217680.533095345,10351600.520483775,76.78982548932925,1.491935470042609e-14,1.6655254870906748e-14,1.0565757089397174,3450879.0768011305,364611.5007036391,1.0296977795015029e-07,0.9999999999999974,0.7497363985217549,1.4998731212475902,2.9997462424951804,Self-Reg
10312271.080446657,10447430.836965403,76.26112924219231,1.4512560265268e-14,1.620116679353054e-14,1.056576941425109,3498913.8498334135,369687.169376694,1.0155639621737685e-07,0.9999999999999972,0.7497380702696168,1.4998737049354227,2.9997474098708454,Self-Reg
10407737.30321368,10544148.306070337,75.73607189363828,1.4116857577427217e-14,1.575945878277971e-14,1.0565781682420625,3547617.227494554,374833.49118501804,1.0016241427953597e-07,0.9999999999999976,0.7497397311532638,1.4998742859360579,2.9997485718721157,Self-Reg
10504087.307993231,10641761.140646059,75.21462841345873,1.373194420686081e-14,1.5329793319086454e-14,1.056579389416662,3596998.516036253,380051.4495806222,9.87875658687422e-08,0.9999999999999973,0.7497413812446775,1.4998748642618855,2.999749728523771,Self-Reg
10601329.276429296,10740277.629570838,74.6967739434075,1.3357525969650273e-14,1.491184208455769e-14,1.0565806049748698,3647067.1512415423,385342.04170427634,9.743158837153494e-08,0.9999999999999977,0.7497430206153539,1.4998754399252383,2.9997508798504766,Self-Reg
10699471.465907732,10839706.138457544,74.18248379602242,1.2993316703161055e-14,1.450528571211868e-14,1.05658181494253,3697832.7002276657,390706.2785760383,9.609422277872683e-08,0.9999999999999978,0.7497446493363092,1.499876012938392,2.999752025876784,Self-Reg
10798522.210257372,10940055.110363934,73.67173345345496,1.2639038047332768e-14,1.4109813541495522e-14,1.056583019345367,3749304.8632740215,396145.18528843333,9.477521363594054e-08,0.9999999999999978,0.7497462674780813,1.499876583313565,2.99975316662713,Self-Reg
10898489.920457851,11041333.066509755,73.16449856630706,1.2294419231931894e-14,1.3725123381848936e-14,1.0565842182089864,3801493.4756756797,401659.8012023351,9.347430899482164e-08,0.9999999999999976,0.7497478751107326,1.49987715106292,2.99975430212584,Self-Reg
10999383.085353738,11143548.607000249,72.6607549524768,1.1959196869606216e-14,1.3350921280879945e-14,1.0565854115588773,3854408.5096225673,407251.1801455599,9.219126036492378e-08,0.9999999999999977,0.7497494723038551,1.4998777161985635,2.999755432397127,Self-Reg
11101210.27237533,11246710.411556372,72.1604785960119,1.1633114754581705e-14,1.2986921300229905e-14,1.0565865994204098,3908060.076104824,412920.3906142263,9.092582266625369e-08,0.9999999999999974,0.7497510591265724,1.499878278732545,2.99975655746509,Self-Reg
11203980.12826628,11350827.240251988,71.66364564597019,1.1315923666847585e-14,1.2632845297002814e-14,1.0565877818188378,3962458.426844785,418668.5159769292,8.967775418246535e-08,0.9999999999999976,0.7497526356475424,1.4998788386768593,2.9997576773537187,Self-Reg
11307701.379817769,11455907.934257632,71.17023241528878,1.1007381181681265e-14,1.228842271124442e-14,1.056588958779299,4017613.9562557237,424496.6546817414,8.844681651469878e-08,0.9999999999999973,0.7497542019349619,1.4998793960434453,2.9997587920868907,Self-Reg
11412382.83460958,11561961.41659132,70.68021537966044,1.0707251484366347e-14,1.1953390359214497e-14,1.0565901303268148,4073537.2034279434,430405.920466106,8.7232774536051e-08,0.9999999999999978,0.749755758056569,1.499879950844187,2.999759901688374,Self-Reg
11518033.381757917,11668996.692876164,70.1935711764182,1.0415305189963011e-14,1.1627492232295302e-14,1.0565912964862922,4130238.8541424265,436397.4425696404,8.603539634667324e-08,0.9999999999999973,0.7497573040796462,1.4998805030909128,2.9997610061818256,Self-Reg
11624661.992670368,11777022.85210522,69.71027660342654,1.0131319167991894e-14,1.1310479301381311e-14,1.056592457282523,4187729.742912645,442472.365949918,8.485445322948154e-08,0.9999999999999974,0.749758840071023,1.4998810527953972,2.9997621055907944,Self-Reg
11732277.721807657,11886049.067413239,69.23030861798108,9.855076371898794e-15,1.1002109326602334e-14,1.0565936127401847,4246020.855054668,448631.851501238,8.368971960647779e-08,0.9999999999999974,0.7497603660970801,1.49988159996936,2.99976319993872,Self-Reg
11840889.707452424,11996084.596855512,68.75364433571585,9.58636567316919e-15,1.0702146672233789e-14,1.0565947628838412,4305123.328786091,454877.07627644326,8.254097299566993e-08,0.9999999999999976,0.7497618822237518,1.4998821446244663,2.9997642892489327,Self-Reg
11950507.172485376,12107138.784194198,68.2802610295169,9.32498169996528e-15,1.0410362126652249e-14,1.0565959077379434,4365048.457354288,461209.23371183634,8.140799396858103e-08,0.9999999999999976,0.7497633885165295,1.499882686772328,2.999765373544656,Self-Reg
12061139.42516836,12219221.059691662,67.81013612844453,9.07072468016339e-15,1.0126532727199928e-14,1.0565970473268298,4425807.691194169,467629.5338552132,8.029056610834403e-08,0.9999999999999973,0.7497648850404633,1.499883226424503,2.999766452849006,Self-Reg
12172795.859934729,12332340.940911198,67.3432472166626,8.823400288671024e-15,9.850441589823554e-15,1.0565981816747263,4487412.64011598,474139.2035970726,7.918847596837093e-08,0.9999999999999973,0.7497663718601675,1.499883763592496,2.999767527184992,Self-Reg
12285485.958187213,12446508.033525357,66.87957203237448,8.582819498906631e-15,9.581877743357095e-15,1.0565993108057474,4549875.075523656,480739.4869050543,7.810151303158767e-08,0.9999999999999974,0.7497678490398207,1.4998842982877578,2.9997685965755156,Self-Reg
12399219.289102972,12561732.03213155,66.41908846676695,8.348798438329354e-15,9.32063596832274e-15,1.056600434743897,4613206.932663949,487431.6450616288,7.702946967023011e-08,0.9999999999999974,0.7497693166431718,1.4998848305216872,2.9997696610433744,Self-Reg
12514005.510446092,12678022.721075205,65.9617745629615,8.121158247907989e-15,9.066516640126412e-15,1.0566015535130677,4677420.312906846,494216.95690509526,7.597214110619184e-08,0.9999999999999973,0.7497707747335401,1.49988536030563,2.99977072061126,Self-Reg
12629854.369387843,12795389.975280752,65.50760851497174,7.899724945421201e-15,8.81932557652756e-15,1.0566026671370428,4742527.486057855,501096.71907394635,7.492932537191408e-08,0.9999999999999973,0.7497722233738201,1.4998858876508792,2.9997717753017583,Self-Reg
12746775.703334277,12913843.761090094,65.05656866666895,7.6843292924855e-15,8.57887388926769e-15,1.0566037756394953,4808540.892702354,508072.24625462166,7.390082327181437e-08,0.9999999999999974,0.7497736626264835,1.4998864125686757,2.9997728251373514,Self-Reg
12864779.440761514,13033394.137108827,64.60863351075466,7.47480666520886e-15,8.344977839743783e-15,1.05660487904399,4875473.146582563,515144.87143270887,7.288643834424454e-08,0.9999999999999976,0.7497750925535825,1.499886935070209,2.999773870140418,Self-Reg
12983875.602058984,13154051.25506053,64.16378168773926,7.270996928370665e-15,8.117458698615754e-15,1.0566059773739824,4943337.037007731,522315.94614765595,7.188597682396852e-08,0.9999999999999973,0.7497765132167524,1.4998874551666164,2.9997749103332327,Self-Reg
13104074.300380228,13275825.36064873,63.72199198492866,7.072744313032757e-15,7.896142609241864e-15,1.0566070706528208,5012145.531297746,529586.8407510137,7.089924760515754e-08,0.9999999999999978,0.7497779246772147,1.4998879728689838,2.9997759457379676,Self-Reg
13225385.742501596,13398726.79442685,63.28324333541764,6.8798972974875365e-15,7.680860454837017e-15,1.0566081589037448,5081911.777260739,536958.9446682726,6.992606220489268e-08,0.9999999999999976,0.7497793269957801,1.4998884881883456,2.9997769763766913,Self-Reg
13347820.229689118,13522765.992676433,62.84751481708942,6.6923084914517655e-15,7.471447729252196e-15,1.0566092421498887,5152649.105705329,544433.666664361,6.896623472716643e-08,0.9999999999999976,0.74978072023285,1.499889001135686,2.999778002271372,Self-Reg
13471388.15857317,13647953.488293283,62.41478565162283,6.509834523418376e-15,7.267744411277092e-15,1.0566103204142787,5224371.032987678,552012.4351128187,6.801958182738044e-08,0.9999999999999971,0.7497821044484214,1.4998895117219375,2.999779023443875,Self-Reg
13596100.022031225,13774299.911681784,61.98503520350621,6.332335931079726e-15,7.069594842369496e-15,1.0566113937198358,5297091.263594022,559696.6982687244,6.708592267733005e-08,0.9999999999999976,0.7497834797020875,1.4998900199579825,2.999780039915965,Self-Reg
13721966.410079034,13901815.991657754,61.558242979057326,6.159677054738295e-15,6.876847607717605e-15,1.0566124620893749,5370823.692759241,567487.924545429,6.616507893066798e-08,0.9999999999999978,0.7497848460530424,1.4998905258546535,2.999781051709307,Self-Reg
13848998.010769771,14030512.556359388,61.13438862545081,5.9917259336239915e-15,6.689355420545246e-15,1.0566135255456062,5445582.40912179,575387.6027951308,6.525687468884345e-08,0.9999999999999977,0.7497862035600821,1.4998910294227323,2.9997820588454647,Self-Reg
13977205.611101681,14160400.534166787,60.71345192975175,5.828354205038336e-15,6.50697500957093e-15,1.0566145841111352,5521381.697415598,583397.2425933615,6.4361136467508e-08,0.9999999999999973,0.7497875522816088,1.4998915306729512,2.9997830613459024,Self-Reg
14106600.09793395,14291490.954629842,60.295412817956375,5.669437006248756e-15,6.329567009535192e-15,1.056615637808464,5598236.041199411,591518.3745274247,6.347769316338312e-08,0.9999999999999978,0.7497888922756317,1.4998920296159926,2.999784059231985,Self-Reg
14237192.458911339,14423794.949404987,59.880251354038506,5.514852879057559e-15,6.1569958547120165e-15,1.0566166866599895,5676160.125624219,599752.5504888612,6.260637602158105e-08,0.9999999999999974,0.7497902235997721,1.4998925262624903,2.9997850525249805,Self-Reg
14368993.783397133,14557323.75320037,59.467947739003144,5.364483676973197e-15,5.98912967532369e-15,1.0566177306880071,5755168.840239119,608101.3439699786,6.174701860337519e-08,0.9999999999999978,0.7497915463112634,1.4998930206230279,2.9997860412460557,Self-Reg
14502015.26341471,14692088.70472977,59.05848230994673,5.218214474912683e-15,5.8258401967796055e-15,1.0566187699147085,5835277.281836172,616566.3503644979,6.089945675441348e-08,0.9999999999999974,0.7497928604669558,1.4998935127081408,2.9997870254162815,Self-Reg
14636268.194598097,14828101.247675601,58.65183553912289,5.07593348136574e-15,5.66700264166168e-15,1.0566198043621837,5916500.75733505,625149.1872724071,6.006352857336564e-08,0.9999999999999973,0.7497941661233183,1.4998940025283158,2.9997880050566317,Self-Reg
14771763.97715106,14965372.931660587,58.247988033015446,4.937531952954217e-15,5.512495634382195e-15,1.0566208340524208,5998854.786707657,633851.4948090402,5.9239074381002986e-08,0.9999999999999978,0.74979546333644,1.4998944900939908,2.9997889801879816,Self-Reg
14908514.116815079,15103915.413228411,57.84692053141763,4.802904111321115e-15,5.362201108440818e-15,1.0566218590073067,6082355.105943474,642674.9359184577,5.842593668970194e-08,0.9999999999999973,0.7497967521620353,1.4998949754155557,2.9997899508311114,Self-Reg
15046530.225846536,15243740.456833722,57.44861390651701,4.671947062285507e-15,5.2160042162097525e-15,1.0566228792486274,6167017.670056305,651621.1966912056,5.7623960173364894e-08,0.9999999999999976,0.7497980326554438,1.4998954585033526,2.999790917006705,Self-Reg
15185824.024002707,15384859.935841033,57.053049161987275,4.544560717202025e-15,5.0737932411785875e-15,1.056623894798069,6252858.656132757,660691.9866864814,5.6832991637755297e-08,0.9999999999999977,0.7497993048716347,1.4998959393676754,2.999791878735351,Self-Reg
15326407.33953684,15527285.833532866,56.66020743208633,4.420647716464599e-15,4.935459512591563e-15,1.0566249056772172,6339894.466423103,669889.039258782,5.6052879991239814e-08,0.9999999999999978,0.7498005688652087,1.4998964180187706,2.999792836037541,Self-Reg
15468292.110202767,15671030.244127508,56.270069980759715,4.3001133550956886e-15,4.8008973224116985e-15,1.0566259119075585,6428141.731475364,679214.1118891187,5.5283476215930455e-08,0.9999999999999971,0.7498018246903997,1.4998968944668376,2.999793788933675,Self-Reg
15611490.38426851,15816105.373805912,55.88261820075099,4.182865510364688e-15,4.670003844548991e-15,1.0566269135104809,6517617.313312839,688668.9865208218,5.4524633339224214e-08,0.9999999999999976,0.7498030724010787,1.4998973687220285,2.999794737444057,Self-Reg
15756014.321539264,15962523.541748093,55.49783361271816,4.0688145713798786e-15,4.542679056290562e-15,1.056627910507273,6608338.308655837,698255.4699000181,5.377620640573363e-08,0.9999999999999972,0.7498043120507552,1.4998978407944483,2.9997956815888966,Self-Reg
15901876.194390168,16110297.181179425,55.1156978643554,3.957873370599916e-15,4.4188256618725854e-15,1.056628902919126,6700322.052188464,707975.3939208724,5.3038052449600375e-08,0.999999999999997,0.7498055436925806,1.4998983106941557,2.9997966213883114,Self-Reg
16049088.38880831,16259438.840426305,54.736192729521505,3.849957117212976e-15,4.298349018136043e-15,1.0566298907671339,6793586.119870677,717830.615975607,5.2310030467190954e-08,0.9999999999999973,0.7498067673793495,1.4998987784311626,2.999797556862325,Self-Reg
16197663.405444406,16409961.183981627,54.35930010737439,3.7449833323324035e-15,4.181157062209295e-15,1.056630874072293,6888148.332296424,727823.0193093977,5.1592001390166834e-08,0.9999999999999978,0.7498079831635031,1.499899244015435,2.99979848803087,Self-Reg
16347613.8606745,16561876.993580382,53.985002021510624,3.64287178595908e-15,4.067160241161899e-15,1.0566318528555025,6984026.758098749,737954.5133802289,5.0883828058922536e-08,0.9999999999999976,0.7498091910971308,1.4998997074568925,2.999799414913785,Self-Reg
16498952.487671183,16715199.169284929,53.61328061911175,3.5435444356628557e-15,3.956271443576544e-15,1.0566328271375665,7081239.717402067,748227.0342237366,5.0185375196389955e-08,0.9999999999999976,0.7498103912319739,1.4999001687654092,2.9998003375308184,Self-Reg
16651692.137484774,16869940.730580337,53.24411817009627,3.446925366935848e-15,3.848405932986392e-15,1.0566337969391923,7179805.7853225125,758642.5448231306,4.949650938220198e-08,0.9999999999999977,0.7498115836194259,1.4999006279508136,2.999801255901627,Self-Reg
16805845.780134734,17026114.817480113,52.8774970662769,3.352940735171935e-15,3.743481283126946e-15,1.0566347622809928,7279743.795517175,769203.0354842822,4.88170990272095e-08,0.9999999999999977,0.7498127683105372,1.4999010850228882,2.9998021700457764,Self-Reg
16961426.505710956,17183734.691641923,52.51339982052413,3.2615187092284037e-15,3.641417314953249e-15,1.056635723183485,7381072.84378257,779910.5242160178,4.814701434834923e-08,0.9999999999999974,0.7498139453560151,1.499901539991371,2.999803079982742,Self-Reg
17118447.525485218,17342813.73749361,52.151809065935566,3.1725894165264745e-15,3.542136035374185e-15,1.0566366796670923,7483812.291703178,790767.0571157016,4.7486127343856615e-08,0.9999999999999974,0.7498151148062282,1.499901992865955,2.99980398573191,Self-Reg
17276922.17303322,17503365.463369932,51.79270755501035,3.0860848896485413e-15,3.4455615776567995e-15,1.0566376317521435,7587981.770350964,801774.7087602079,4.683431176881753e-08,0.9999999999999973,0.7498162767112077,1.4999024436562878,2.9998048873125756,Self-Reg
17436863.905366685,17665403.502659522,51.43607815882984,3.0019390143917096e-15,3.3516201434555884e-15,1.056638579458874,7693601.184036166,812935.5826023085,4.619144311105698e-08,0.9999999999999973,0.7498174311206492,1.4999028923719733,2.9998057847439465,Self-Reg
17598286.304076158,17828941.614962637,51.081903866243515,2.9200874792375874e-15,3.260239946422054e-15,1.056639522807426,7800690.7141104415,824251.8113725976,4.555739856735777e-08,0.9999999999999973,0.7498185780839162,1.4999033390225702,2.9998066780451405,Self-Reg
17761203.076484133,17993993.687259424,50.730167783060935,2.8404677261999606e-15,3.1713511573517375e-15,1.056640461817849,7909270.822822787,835725.5574869908,4.4932057020006405e-08,0.9999999999999974,0.7498197176500413,1.499903783617594,2.999807567235188,Self-Reg
17925628.056809235,18160573.735089347,50.38085313124846,2.763018903012502e-15,3.0848858508264902e-15,1.0566413965101007,8019362.257229354,847359.0134599218,4.4315299013659554e-08,0.9999999999999973,0.7498208498677296,1.4999042261665152,2.9998084523330304,Self-Reg
18091575.207340896,18328695.90374125,50.03394324813204,2.687681816620271e-15,3.000777953311554e-15,1.0566423269040457,8130986.053157519,859154.4023232701,4.37070067325291e-08,0.9999999999999976,0.749821974785359,1.4999046666787614,2.999809333357523,Self-Reg
18259058.61962482,18498374.469454385,49.689421585605615,2.614398887939349e-15,2.9189631926676758e-15,1.056643253019458,8244163.5392250605,871113.9780511177,4.3107063977880374e-08,0.9999999999999977,0.7498230924509847,1.4999051051637162,2.9998102103274324,Self-Reg
18428092.51565981,18669623.840630915,49.34727170934416,2.5431141078498425e-15,2.839379049039459e-15,1.0566441748760205,8358916.340915553,883240.0259904398,4.251535614583799e-08,0.9999999999999971,0.7498242029123399,1.49990554163072,2.99981108326144,Self-Reg
18598691.249105353,18842458.559059303,49.007477298022856,2.4737729943889493e-15,2.761964707082804e-15,1.0566450924933255,8475266.384710228,895534.8632977711,4.193177020549739e-08,0.999999999999997,0.7498253062168381,1.4999059760890705,2.999811952178141,Self-Reg
18770869.30650034,19016893.30114904,48.67002214254147,2.4063225511111957e-15,2.6866610094947338e-15,1.056646005890875,8593235.902277363,908000.8393819445,4.135619467733689e-08,0.9999999999999974,0.7498264024115762,1.4999064085480214,2.9998128170960427,Self-Reg
18944641.30849343,19192942.879177123,48.33489014525355,2.340711226583903e-15,2.6134104118099612e-15,1.056646915088081,8712847.434720187,920640.3363530186,4.0788519611924696e-08,0.9999999999999978,0.7498274915433356,1.499906839016785,2.99981367803357,Self-Reg
19120022.011084467,19370622.24254573,48.00206531920148,2.2768888749871952e-15,2.542156938429992e-15,1.0566478201042668,8834123.8368837,933455.7694774303,4.022863656891949e-08,0.9999999999999976,0.7498285736585849,1.4999072675045297,2.9998145350090595,Self-Reg
19297026.306877393,19549946.47905157,47.67153178735668,2.214806717788285e-15,2.4728461398509556e-15,1.056648720958666,8957088.281721447,946449.5876394822,3.967643859635887e-08,0.9999999999999979,0.7498296488034817,1.499907694020383,2.999815388040766,Self-Reg
19475669.22634507,19730930.81616728,47.343273781864546,2.1544173064606423e-15,2.405425051057396e-15,1.0566496176704234,9081764.26472326,959624.2738092745,3.913182021023133e-08,0.9999999999999972,0.7498307170238747,1.499908118573429,2.999816237146858,Self-Reg
19655965.93910552,19913590.62233438,47.01727564329507,2.0956744862197896e-15,2.3398421510504967e-15,1.0566505102585972,9208175.60840445,972982.345517133,3.859467737432928e-08,0.9999999999999979,0.7498317783653067,1.4999085411727104,2.999817082345421,Self-Reg
19837931.755209915,20097941.408268172,46.69352181989857,2.0385333607478786e-15,2.276047323479654e-15,1.0566513987421564,9336346.46685742,986526.3553346281,3.806490748037899e-08,0.9999999999999974,0.7498328328730156,1.4999089618272285,2.999817923654457,Self-Reg
20021582.126442924,20283998.828275096,46.37199686686598,1.9829502578799868e-15,2.213991818347228e-15,1.0566522831399832,9466301.33036694,1000258.8913623283,3.7542409328441665e-08,0.9999999999999976,0.7498338805919363,1.4999093805459423,2.9998187610918845,Self-Reg
20206932.64763466,20471778.68158189,46.05268544559478,1.9288826962261303e-15,2.153628214757442e-15,1.0566531634708725,9598065.030089341,1014182.5777243056,3.7027083107585024e-08,0.9999999999999977,0.7498349215667043,1.4999097973377697,2.9998195946755395,Self-Reg
20393999.057984825,20661296.91367709,45.73557232295994,1.876289352703363e-15,2.0949103846808473e-15,1.0566540397535333,9731662.742796909,1028300.0750695304,3.65188303768198e-08,0.9999999999999974,0.7498359558416555,1.499910212211588,2.999820424423176,Self-Reg
20582797.24239943,20852569.61766528,45.420642370589256,1.8251300309530538e-15,2.0377934577065523e-15,1.0566549120065882,9867119.995688505,1042614.0810802685,3.601755404629702e-08,0.9999999999999972,0.7498369834608306,1.4999106251762326,2.9998212503524653,Self-Reg
20773343.23283962,21045613.035633568,45.10788056414427,1.7753656306193995e-15,1.9822337867555074e-15,1.056655780248574,10004462.671266926,1057127.3309875287,3.55231583587642e-08,0.9999999999999977,0.7498380044679751,1.4999110362404988,2.9998220724809976,Self-Reg
20965653.209682837,21240443.560030613,44.79727198260609,1.7269581174656129e-15,1.928188914728557e-15,1.0566566444979424,10143717.012284117,1071842.5980936827,3.503554887127628e-08,0.9999999999999974,0.7498390189065425,1.499911445413141,2.999822890826282,Self-Reg
21159743.503097102,21437077.735058915,44.48880180756549,1.679870494304804e-15,1.8756175420636246e-15,1.0566575047730598,10284909.62675553,1086762.6943023917,3.4554632437156195e-08,0.9999999999999974,0.7498400268196963,1.4999118527028732,2.9998237054057464,Self-Reg
21355630.594427545,21635532.258079514,44.182455322518514,1.6340667727235962e-15,1.8244794951775108e-15,1.0566583610922078,10428067.49304394,1101890.4706558734,3.408031718820442e-08,0.9999999999999973,0.7498410282503104,1.4999122581183693,2.9998245162367385,Self-Reg
21553331.11759583,21835823.981029745,43.878217912166875,1.589511945576702e-15,1.7747356957680359e-15,1.0566592134735848,10573217.965014081,1117228.8178796554,3.361251251715225e-08,0.9999999999999973,0.7498420232409736,1.499912661668263,2.999825323336526,Self-Reg
21752861.860512864,22037969.911854494,43.57607506172253,1.5461719602313945e-15,1.7263481309529989e-15,1.056660061935305,10720388.777259262,1132780.6669349317,3.315112906035528e-08,0.9999999999999976,0.7498430118339894,1.4999130633611482,2.9998261267222963,Self-Reg
21954239.76650422,22241987.215950277,43.27601235621771,1.504013692541597e-15,1.679279824223348e-15,1.0566609064953987,10869608.050400427,1148548.9895785793,3.2696078680725316e-08,0.9999999999999973,0.749843994071379,1.499913463205579,2.999826926411158,Self-Reg
22157481.935748957,22447893.21762292,42.978015479819305,1.4630049215315382e-15,1.6334948071881765e-15,1.0566617471718138,11020904.296459181,1164536.7989309905,3.22472744508958e-08,0.9999999999999976,0.7498449699948826,1.4999138612100704,2.999827722420141,Self-Reg
22362605.62673153,22655705.401558515,42.682070215148215,1.4231143047697473e-15,1.5889580920900925e-15,1.0566625839824153,11174306.424305383,1180747.150051783,3.180463063661905e-08,0.9999999999999974,0.749845939645962,1.4999142573830977,2.9998285147661954,Self-Reg
22569628.25770757,22865441.414308395,42.388162442602884,1.384311354414416e-15,1.5456356450698075e-15,1.0566634169449862,11329843.745180905,1197183.1405235634,3.1368062680390246e-08,0.9999999999999977,0.7498469030658022,1.4999146517330975,2.999829303466195,Self-Reg
22778567.408182837,23077119.065787487,42.09627813968793,1.3465664139119983e-15,1.5034943601596912e-15,1.0566642460772273,11487545.978299942,1213847.9110437792,3.0937487185297186e-08,0.9999999999999976,0.7498478602953124,1.4999150442684668,2.9998300885369336,Self-Reg
22989440.82040588,23290756.330786508,41.80640338034739,1.3098506353311365e-15,1.4625020339863327e-15,1.0566650713967585,11647443.25652733,1230744.6460248143,3.0512821899091456e-08,0.9999999999999976,0.7498488113751298,1.4999154349975645,2.999830869995129,Self-Reg
23202266.40087488,23506371.35049859,41.51852433430202,1.2741359573145478e-15,1.4226273411627105e-15,1.0566658929211177,11809566.132136144,1247876.574202463,3.0093985698477566e-08,0.9999999999999978,0.7498497563456193,1.4999158239287107,2.9998316478574214,Self-Reg
23417062.22185807,23723982.434059624,41.232627266391624,1.239395083632143e-15,1.383839810351318e-15,1.0566667106677627,11973945.58264515,1265246.969252844,2.9680898573618517e-08,0.9999999999999977,0.7498506952468769,1.4999162110701867,2.9998324221403734,Self-Reg
23633846.522928234,23943608.060102835,40.94869853592191,1.205601462318921e-15,1.3461098009798811e-15,1.0566675246540713,12140613.016737513,1282859.1504179023,2.927348161285384e-08,0.9999999999999972,0.7498516281187309,1.4999165964302363,2.9998331928604727,Self-Reg
23852637.71251179,24165266.87832822,40.66672459601533,1.172729265381624e-15,1.3094084805917948e-15,1.0566683348973405,12309600.280262195,1300716.4831396488,2.8871656987626727e-08,0.9999999999999973,0.7498525550007433,1.4999169800170646,2.9998339600341293,Self-Reg
24073454.36945184,24388977.711086035,40.3866919929668,1.140753369058792e-15,1.2737078028141332e-15,1.056669141414788,12480939.662318544,1318822.3797031909,2.8475347937618836e-08,0.9999999999999978,0.7498534759322135,1.4999173618388395,2.999834723677679,Self-Reg
24296315.244585644,24614759.55497499,40.108587365603974,1.109649334619038e-15,1.2389804859263146e-15,1.0566699442235519,12654663.901425587,1337180.2998887168,2.8084478756089007e-08,0.9999999999999974,0.7498543909521763,1.4999177419036904,2.999835483807381,Self-Reg
24521239.26233717,24842631.582455643,39.8323974446512,1.079393389682827e-15,1.20519999201298e-15,1.0566707433406926,12830806.191777539,1355793.751632593,2.76989747754124e-08,0.9999999999999977,0.7498553000994083,1.4999181202197098,2.9998362404394197,Self-Reg
24748245.522323925,25072613.14347829,39.55810905209854,1.0499624100535975e-15,1.1723405066852922e-15,1.0566715387831904,13009400.189586008,1374666.2916976174,2.731876235281899e-08,0.9999999999999974,0.749856203412426,1.4999184967949528,2.9998369935899056,Self-Reg
24977353.300978668,25304723.76712595,39.285709100574934,1.021333902044281e-15,1.1403769193550985e-15,1.0566723305679486,13190480.019510508,1393801.5263526125,2.694376885632766e-08,0.9999999999999976,0.7498571009294897,1.499918871637437,2.999837743274874,Self-Reg
25208582.053186577,25538983.16327298,39.01518459272532,9.93485985285653e-16,1.109284804046812e-15,1.056673118711792,13374080.281178778,1413203.1120615057,2.6573922650872728e-08,0.999999999999997,0.749857992688604,1.499919244755143,2.999838489510286,Self-Reg
25441951.413937133,25775411.22425862,38.746522620592394,9.663973760034908e-16,1.0790404007324863e-15,1.0566739032314687,13560236.055797549,1432874.756181969,2.620915308462143e-08,0.9999999999999973,0.74985887872752,1.499919616156015,2.99983923231203,Self-Reg
25677481.1999913,26014028.026576,38.47971036500268,9.400473707516973e-16,1.0496205971757462e-15,1.056674684143649,13748982.912855309,1452820.2176737809,2.5849390475479348e-08,0.9999999999999979,0.7498597590837377,1.4999199858479604,2.9998399716959208,Self-Reg
25915191.411564577,26254853.832577273,38.21473509495626,9.144158305889138e-16,1.021002911270656e-15,1.0566754614649265,13940356.916918684,1473043.3078170829,2.5494566097780277e-08,0.9999999999999978,0.7498606337945064,1.49992035383885,2.9998407076777,Self-Reg
26155102.23402516,26497909.092194043,37.951584167021245,8.894831656866254e-16,9.931654738621444e-16,1.0566762352118189,14134394.634523112,1493547.8909406015,2.5144612169159408e-08,0.9999999999999976,0.7498615028968272,1.499920720136518,2.999841440273036,Self-Reg
26397234.039607897,26743214.444673743,37.69024502473232,8.652303203569416e-16,9.660870120347888e-16,1.0566770054007677,14331133.141159391,1514337.8851600003,2.479946183760672e-08,0.9999999999999976,0.7498623664274544,1.4999210847487625,2.999842169497525,Self-Reg
26641607.389144477,26990790.720332548,37.43070519799301,8.41638758488572e-16,9.397468328571563e-16,1.0566777720481386,14530610.028357813,1535417.2631265474,2.4459049168697394e-08,0.9999999999999978,0.7498632244228975,1.4999214476833467,2.9998428953666934,Self-Reg
26888243.033809178,27240658.942323975,37.17295230248246,8.186904493799528e-16,9.141248075693759e-16,1.0566785351702217,14732863.410870546,1556790.0527861645,2.4123309132998218e-08,0.9999999999999971,0.7498640769194221,1.4999218089479964,2.999843617895993,Self-Reg
27137161.916881084,27492840.32842421,36.9169740390661,7.963678539586238e-16,8.892013562017782e-16,1.056679294783233,14937931.933954202,1578460.338149066,2.3792177593646263e-08,0.9999999999999978,0.7498649239530532,1.499922168550403,2.999844337100806,Self-Reg
27388385.175522283,27747356.292833608,36.66275819321057,7.746539113763819e-16,8.649574326129092e-16,1.056680050903313,15145854.78075346,1600432.2600700746,2.346559129409875e-08,0.9999999999999972,0.7498657655595746,1.4999225264982214,2.999845052996443,Self-Reg
27641934.142573062,28004228.44799541,36.41029263440216,7.535320259698798e-16,8.413745099354047e-16,1.056680803546528,15356671.679788021,1622710.0170398618,2.3143487846049966e-08,0.9999999999999971,0.7498666017745318,1.499922882799072,2.999845765598144,Self-Reg
27897830.348363265,28263478.606430847,36.1595653155697,7.329860545768101e-16,8.184345664187026e-16,1.0566815527288709,15570422.912543254,1645297.8659871395,2.282580571751495e-08,0.9999999999999977,0.7498674326332339,1.4999232374605396,2.999846474921079,Self-Reg
28156095.52254035,28525128.782591175,35.91056427251144,7.130002941979239e-16,7.961200716577298e-16,1.056682298466261,15787149.321166506,1668200.123092029,2.2512484221076614e-08,0.9999999999999974,0.7498682581707543,1.4999235904901742,2.9998471809803484,Self-Reg
28416751.59591497,28789201.194727413,35.66327762332529,6.935594699954191e-16,7.744139731969897e-16,1.056683040774543,16006892.316271033,1691421.164610794,2.2203463502293435e-08,0.9999999999999972,0.7498690784219332,1.4999239418954908,2.9998478837909817,Self-Reg
28679820.70232303,29055718.26677683,35.41769356784362,6.746487236186117e-16,7.5329968349992e-16,1.0566837796694906,16229693.884848023,1714965.4277120025,2.189868452826708e-08,0.999999999999997,0.7498698934213781,1.4999242916839701,2.9998485833679402,Self-Reg
28945325.180505063,29324702.63026694,35.17380038707171,6.562536018479152e-16,7.327610672734966e-16,1.0566845151668038,16455596.59828882,1738837.4113243325,2.159808907636674e-08,0.9999999999999971,0.7498707032034667,1.4999246398630575,2.999849279726115,Self-Reg
29213287.576003473,29596177.12623761,34.931586442629744,6.383600455484216e-16,7.127824291383737e-16,1.0566852472821102,16684643.620519195,1763041.6769962208,2.1301619723107688e-08,0.9999999999999974,0.7498715078023472,1.499924986440165,2.99984997288033,Self-Reg
29483730.643076833,29870164.80718047,34.69104017619906,6.209543789247168e-16,6.933485016352211e-16,1.0566859760309661,16916878.716246385,1787582.8497674284,2.1009219833183125e-08,0.9999999999999977,0.7498723072519402,1.4999253314226695,2.999850662845339,Self-Reg
29756677.346631914,30146688.93899624,34.452150108972134,6.040232990686688e-16,6.744444335580414e-16,1.0566867014288555,17152346.259320974,1812465.6190527447,2.072083354864645e-08,0.9999999999999974,0.7498731015859411,1.4999256748179148,2.9998513496358297,Self-Reg
30032150.864174116,30425773.00297074,34.214904841105955,5.875538657921783e-16,6.560557786055236e-16,1.056687423491192,17391091.24121558,1837694.7395380323,2.0436405778241473e-08,0.9999999999999972,0.7498738908378205,1.49992601663321,2.99985203326642,Self-Reg
30310174.58777545,30707440.697768647,33.979293051179575,5.715334917371862e-16,6.381684843418386e-16,1.0566881422333174,17633159.279621053,1863275.0320886953,2.0155882186879636e-08,0.9999999999999973,0.7498746750408263,1.499926356875831,2.999852713751662,Self-Reg
30590772.126060687,30991715.941445693,33.74530349565533,5.55949932755341e-16,6.207688814583965e-16,1.056688857670504,17878596.627162408,1889211.3846707963,1.9879209185261666e-08,0.9999999999999976,0.7498754542279847,1.49992669555302,2.99985339110604,Self-Reg
30873967.306212466,31278622.87348006,33.5129250083434,5.407912785499468e-16,6.038436733283315e-16,1.0566895698179521,18127450.180236418,1915508.7532850378,1.960633391964109e-08,0.9999999999999974,0.7498762284321031,1.4999270326719856,2.999854065343971,Self-Reg
31159784.17599447,31568185.85682205,33.282146499870414,5.260459435730986e-16,5.873799258457987e-16,1.056690278690794,18379767.487971917,1942172.1629137031,1.9337204261728746e-08,0.9999999999999977,0.7498769976857691,1.4999273682399035,2.999854736479807,Self-Reg
31448247.0057932,31860429.47996263,33.05295695715172,5.117026581710222e-16,5.713650575422909e-16,1.0566909843040904,18635596.761314575,1969206.7084807619,1.907176879873598e-08,0.999999999999997,0.7498777620213545,1.499927702263916,2.999855404527832,Self-Reg
31739380.290679336,32155378.55902182,32.825345442866855,4.977504599708129e-16,5.557868299723795e-16,1.0566916866728346,18894986.88223887,1996617.5558254072,1.8809976823553803e-08,0.9999999999999973,0.7498785214710152,1.4999280347511323,2.9998560695022647,Self-Reg
32033208.752487585,32453058.139855787,32.599301094938966,4.841786855020574e-16,5.406333383616066e-16,1.0566923858119497,19157987.413087577,2024409.9426890812,1.8551778325067457e-08,0.9999999999999976,0.7498792760666932,1.4999283657086295,2.999856731417259,Self-Reg
32329757.341915708,32753493.500183396,32.37481312601797,4.70976962046902e-16,5.2589300250935195e-16,1.05669308173629,19424648.606041327,2052589.1797162339,1.8297123978603923e-08,0.9999999999999974,0.7498800258401181,1.4999286951434514,2.999857390286903,Self-Reg
32629051.240643673,33056710.151733123,32.151870822966615,4.581351997123107e-16,5.1155455793968175e-16,1.0566937744606426,19695021.412720513,2081160.6514690814,1.804596513650994e-08,0.9999999999999976,0.7498807708228086,1.4999290230626094,2.999858046125219,Self-Reg
32931115.86347174,33362733.84240918,31.930463546350676,4.456435837185088e-16,4.976070472934899e-16,1.056694463999725,19969157.493920237,2110129.817456414,1.7798253818859913e-08,0.9999999999999976,0.749881511046073,1.499929349473083,2.999858698946166,Self-Reg
33235976.860478427,33671590.55847775,31.710580729932524,4.3349256689769287e-16,4.840398119553178e-16,1.0566951503681885,20247109.22948087,2139502.2131767417,1.755394270429131e-08,0.9999999999999972,0.7498822465410122,1.499929674381819,2.999859348763638,Self-Reg
33543660.119198956,33983306.52677401,31.49221188016783,4.216728623972472e-16,4.708424839084288e-16,1.056695833580616,20528929.728296354,2169283.4511760008,1.731298512096538e-08,0.9999999999999978,0.7498829773385198,1.499929997795732,2.999859995591464,Self-Reg
33854191.766823314,34297908.216928944,31.275346575706106,4.1017543658194125e-16,4.580049778119693e-16,1.0566965136515232,20814672.83846144,2199479.2221199255,1.7075335037652444e-08,0.9999999999999973,0.7498837034692843,1.499930319721706,2.999860639443412,Self-Reg
34167598.17241493,34615422.34361717,31.059974466894484,3.9899150212964605e-16,4.455174832941226e-16,1.0566971905953595,21104393.157560263,2230095.295881385,1.684094705493923e-08,0.9999999999999974,0.7498844249637892,1.4999306401665913,2.9998612803331826,Self-Reg
34483905.949149586,34935875.868825175,30.846085275285116,3.8811251131531335e-16,4.333704574553875e-16,1.0566978644265077,21398146.043097958,2261137.522642814,1.660977639655722e-08,0.999999999999997,0.7498851418523167,1.4999309591372083,2.9998619182744166,Self-Reg
34803141.95657574,35259296.004141204,30.63366879314549,3.7753014947805557e-16,4.2155461757622223e-16,1.0566985351592846,21695987.623078015,2292611.8340140507,1.6381778900829422e-08,0.9999999999999974,0.7498858541649466,1.4999312766403448,2.9998625532806895,Self-Reg
35125333.30289505,35585710.21306578,30.42271488297256,3.6723632866637414e-16,4.1006093402352586e-16,1.0566992028079403,21997974.806726225,2324524.2441656757,1.6156911012235108e-08,0.9999999999999973,0.7498865619315593,1.499931592682758,2.999863185365516,Self-Reg
35450507.347264156,35915146.21334356,30.21321347701014,3.5722318145665585e-16,3.988806233505138e-16,1.0566998673866606,22304165.295364033,2356880.8509781323,1.5935129773090185e-08,0.9999999999999974,0.7498872651818365,1.4999319072711736,2.9998638145423473,Self-Reg
35778691.70211827,36247631.979317434,30.005154576769314,3.4748305494019983e-16,3.8800514158469328e-16,1.0567005289095646,22614617.593433622,2389687.837206885,1.5716392815341454e-08,0.9999999999999973,0.7498879639452621,1.4999322204122865,2.999864440824573,Self-Reg
36109914.23551576,36583195.74430379,29.79852825255239,3.3800850487421057e-16,3.774261776988542e-16,1.0567011873907075,22929391.019676093,2422951.471663755,1.5500658352473777e-08,0.9999999999999974,0.7498886582511253,1.4999325321127606,2.999865064225521,Self-Reg
36444203.07350428,36921866.002989754,29.593324642980274,3.287922899922756e-16,3.67135647260065e-16,1.0567018428440793,23248545.71846496,2456678.1104146745,1.5287885171528464e-08,0.999999999999997,0.7498893481285189,1.4999328423792286,2.9998656847584573,Self-Reg
36781586.60250964,37263671.513853244,29.389533954522555,3.198273664699519e-16,3.57125686251797e-16,1.0567024952836057,23572142.671298243,2490874.1979942014,1.5078032625230635e-08,0.9999999999999974,0.7498900336063441,1.4999331512182936,2.9998663024365873,Self-Reg
37122093.47174602,37608641.30160485,29.187146461031308,3.111068825412766e-16,3.4738864506450226e-16,1.0567031447231487,23900243.708449773,2525546.2686368525,1.4871060624225181e-08,0.9999999999999974,0.7498907147133093,1.4999334586365276,2.999866917273055,Self-Reg
37465752.595648505,37956804.65965224,28.986152503278042,3.0262417326206395e-16,3.379170826500294e-16,1.0567037911765058,24232911.520782623,2560700.9475255827,1.4666929629419215e-08,0.9999999999999973,0.7498913914779318,1.4999337646404722,2.9998675292809445,Self-Reg
37812593.156328835,38308191.1525881,28.78654248849344,2.943727554159683e-16,3.287037608353902e-16,1.0567044346574122,24570209.671727754,2596344.9520577155,1.4465600644429183e-08,0.9999999999999979,0.7498920639285404,1.4999340692366394,2.999868138473279,Self-Reg
38162644.60605319,38662830.61870038,28.588306889910665,2.863463225594606e-16,3.1974163879157637e-16,1.0567050751795377,24912202.609428532,2632485.0931284055,1.4267035208132157e-08,0.9999999999999976,0.7498927320932751,1.4999343724315104,2.999868744863021,Self-Reg
38515936.669742964,39020753.17250585,28.391436246311798,2.7853874020190423e-16,3.11023867653172e-16,1.0567057127564918,25258955.679054525,2669128.276431995,1.4071195387319199e-08,0.9999999999999978,0.7498933960000892,1.4999346742315374,2.9998693484630747,Self-Reg
38872499.347499326,39381989.20730773,28.195921161576965,2.7094404111704073e-16,3.025437852846407e-16,1.0567063474018197,25610535.135287102,2706281.50378152,1.3878043769449332e-08,0.9999999999999973,0.7498940556767502,1.4999349746431418,2.9998699492862837,Self-Reg
39232362.91715042,39746569.39777636,28.001752304237,2.635564207823268e-16,2.942949111893193e-16,1.0567069791290047,25967008.154978324,2743951.874446538,1.3687543455503197e-08,0.9999999999999974,0.7498947111508416,1.4999352736727165,2.999870547345433,Self-Reg
39595557.9368223,40114524.7025537,27.80892040702913,2.5637023294262272e-16,2.862709415572101e-16,1.0567076079514683,26328442.849985972,2782146.5865095616,1.3499658052934906e-08,0.9999999999999976,0.7498953624497635,1.499935571326624,2.999871142653248,Self-Reg
39962115.247534186,40485886.36688269,27.617416266455333,2.4937998529482984e-16,2.7846574444777286e-16,1.05670823388257,26694908.28018783,2820872.9382414473,1.3314351668720186e-08,0.9999999999999972,0.7498960096007343,1.4999358676111982,2.9998717352223965,Self-Reg
40332065.97581716,40860685.92526027,27.427230742344154,2.4258033529020416e-16,2.7087335510406977e-16,1.0567088569356073,27066474.466676567,2860138.32949586,1.313158890250034e-08,0.9999999999999972,0.7498966526307914,1.4999361625327432,2.9998723250654864,Self-Reg
40705441.53635703,41238955.20411485,27.23835475741546,2.3596608605112534e-16,2.634879713946609e-16,1.056709477123818,27443212.4051381,2899950.263123135,1.2951334839820293e-08,0.9999999999999973,0.7498972915667931,1.4999364560975343,2.9998729121950687,Self-Reg
41082273.63466245,41620726.3245094,27.05077929684787,2.295321823991873e-16,2.563039493797576e-16,1.0567100944603771,27825194.079416998,2940316.346403906,1.2773555045459096e-08,0.9999999999999972,0.7498979264354191,1.499936748311818,2.999873496623636,Self-Reg
41462594.269756995,42006031.70486882,26.864495407849446,2.2327370699159916e-16,2.493157989982729e-16,1.0567107089584007,28212492.475269966,2981244.2925026068,1.2598215556852286e-08,0.9999999999999972,0.7498985572631722,1.4999370391818114,2.999874078363623,Self-Reg
41846435.73689606,42394904.06373248,26.679494199231424,2.1718587656293423e-16,2.4251817987246055e-16,1.0567113206309435,28605181.594310664,3022741.921941198,1.2425282877604582e-08,0.9999999999999977,0.7498991840763797,1.4999373287137039,2.9998746574274078,Self-Reg
42233830.63030984,42787376.42253307,26.49576684098444,2.112640382693377e-16,2.359058972269193e-16,1.0567119294910001,29003336.46814945,3064817.1640934893,1.2254723971091236e-08,0.9999999999999978,0.7498998069011937,1.4999376169136556,2.999875233827311,Self-Reg
42624811.84597067,43183482.10840031,26.313304563858093,2.0550366613242893e-16,2.2947389791887774e-16,1.056712535551506,29407033.172729068,3107478.058700178,1.2086506254147593e-08,0.9999999999999974,0.749900425763593,1.4999379037877985,2.999875807575597,Self-Reg
43019412.58438665,43583254.756991096,26.132098658943143,1.99900357580157e-16,2.2321726657669926e-16,1.0567131388253366,29816348.842860367,3150732.757405017,1.1920597590845014e-08,0.9999999999999976,0.749901040689384,1.499938189342236,2.999876378684472,Self-Reg
43417666.35342049,43986728.31534539,25.952140477256826,1.9444983008198078e-16,2.1713122184367304e-16,1.056713739325308,30231361.686959777,3194589.525312311,1.1756966286352502e-08,0.9999999999999972,0.7499016517042024,1.4999384735830439,2.9998769471660878,Self-Reg
43819606.97113547,44393937.04476938,25.773421429330593,1.8914791787578292e-16,2.1121111272420145e-16,1.0567143370641783,30652151.001992896,3239056.7425662004,1.1595581080882133e-08,0.9999999999999976,0.7499022588335131,1.4999387565162696,2.9998775130325392,Self-Reg
44225268.56866677,44804915.52374451,25.59593298480108,1.8399056878404054e-16,2.054524150296167e-16,1.0567149320546452,31078797.188625164,3284142.9059518133,1.1436411143718002e-08,0.9999999999999973,0.7499028621026127,1.499939038147933,2.999878076295866,Self-Reg
44634685.59311955,45219698.65086351,25.419666672003846,1.7897384111680557e-16,1.99850727920897e-16,1.0567155243093498,31511381.766583405,3329856.630518726,1.1279426067327034e-08,0.9999999999999978,0.7499034615366302,1.4999393184840255,2.999878636968051,Self-Reg
45047892.810494535,45638321.64779438,25.244614077569565,1.7409390065911912e-16,1.9440177054563035e-16,1.0567161138408734,31949987.39023209,3376206.651227096,1.1124595861550383e-08,0.9999999999999972,0.749904057160527,1.4999395975305116,2.9998791950610233,Self-Reg
45464925.30863998,46060820.06227097,25.070766846023325,1.6934701774057797e-16,1.8910137876667993e-16,1.0567167006617408,32394697.86436554,3423201.8246166287,1.0971890947874782e-08,0.9999999999999973,0.7499046489991003,1.499939875293328,2.999879750586656,Self-Reg
45885818.50023089,46487229.77111128,24.898116679386696,1.6472956438480255e-16,1.8394550198003676e-16,1.0567172847844184,32845598.160219856,3470851.1304987604,1.0821282153782609e-08,0.9999999999999977,0.7499052370769819,1.4999401517783841,2.9998803035567683,Self-Reg
46310608.12577665,46917586.98326454,24.726655336782184,1.6023801153661948e-16,1.7893020001942168e-16,1.056717866221315,33302774.431708608,3519163.673672488,1.0672740707179146e-08,0.9999999999999979,0.7499058214186408,1.4999404269915622,2.9998808539831243,Self-Reg
46739330.25665573,47351928.24288566,24.556374634040708,1.5586892636485615e-16,1.7405164014528832e-16,1.056718444984783,33766314.03188371,3568148.6856640014,1.0526238230896611e-08,0.9999999999999974,0.7499064020483842,1.4999407009387171,2.9998814018774342,Self-Reg
47172021.298178375,47790290.43243805,24.387266443311844,1.516189696386797e-16,1.6930609411591934e-16,1.0567190210871178,34236305.52962526,3617815.526490508,1.0381746737273657e-08,0.9999999999999977,0.7499069789903575,1.4999409736256768,2.9998819472513536,Self-Reg
47608717.992678635,48232710.7758262,24.219322692676307,1.474848931754627e-16,1.6468993533836417e-16,1.0567195945405576,34712838.72656473,3668173.686448725,1.0239238622808956e-08,0.9999999999999976,0.7499075522685466,1.4999412450582428,2.9998824901164856,Self-Reg
48049457.422634035,48679226.84155622,24.05253536576153,1.4346353735824606e-16,1.6019963609706505e-16,1.0567201653572853,35196004.67424266,3719232.787928148,1.0098686662888455e-08,0.9999999999999976,0.7499081219067779,1.499941515242189,2.999883030484378,Self-Reg
48494277.01381415,49129876.54592573,23.886896501359807,1.3955182872089043e-16,1.5583176485804052e-16,1.0567207335494269,35685895.69150517,3771002.5872495673,9.960064006585008e-09,0.9999999999999976,0.7499086879287207,1.4999417841832638,2.9998835683665277,Self-Reg
48943214.5384593,49584698.15624414,23.722398193048775,1.3574677759906335e-16,1.5158298364655817e-16,1.0567212991290529,36182605.38214368,3823492.9765292723,9.823344171529087e-09,0.9999999999999974,0.749909250357887,1.4999420518871882,2.9998841037743764,Self-Reg
49396308.11848769,50043730.29408187,23.55903258881479,1.3204547584528334e-16,1.474500454963118e-16,1.0567218621081784,36686228.65277904,3876713.9855691083,9.688501038850177e-09,0.9999999999999977,0.7499098092176332,1.499942318359657,2.999884636719314,Self-Reg
49853596.22873225,50507011.93854963,23.396791890678927,1.2844509460626573e-16,1.4342979196814414e-16,1.056722422498763,37196861.73099469,3930675.7837728234,9.55550884818762e-09,0.9999999999999977,0.7499103645311611,1.499942583606339,2.999885167212678,Self-Reg
50315117.70020837,50974582.42960895,23.235668354325192,1.2494288216086484e-16,1.3951915073641046e-16,1.0567229803127116,37714602.183722995,3985388.6820892068,9.424342192769625e-09,0.9999999999999973,0.749910916321519,1.4999428476328769,2.9998856952657538,Self-Reg
50780911.72341097,51446481.47141248,23.07565428873163,1.215361618169741e-16,1.3571513324115558e-16,1.0567235355618738,38239548.9358869,4040863.134982168,9.294976014560125e-09,0.9999999999999974,0.7499114646116017,1.499943110444887,2.999886220889774,Self-Reg
51251017.85164211,51922749.13567521,22.916742055803965,1.1822232986577007e-16,1.3201483240430207e-16,1.056724088258045,38771802.289300464,4097109.7424282213,9.167385599472225e-09,0.9999999999999976,0.7499120094241537,1.4999433720479602,2.9998867440959205,Self-Reg
51725476.00437025,52403425.86507776,22.758924070011417,1.149988535917295e-16,1.2841542040809674e-16,1.0567246384129665,39311463.94183408,4154139.251941898,9.041546572647086e-09,0.9999999999999974,0.7499125507817682,1.4999436324476612,2.9998872648953223,Self-Reg
52204326.47061968,52888552.47670024,22.602192798025392,1.118632693369133e-16,1.2491414653413373e-16,1.0567251860383253,39858637.00684482,4211962.560629215,8.917434893797907e-09,0.9999999999999973,0.7499130887068886,1.4999438916495293,2.9998877832990587,Self-Reg
52687609.91239192,53378170.16548848,22.44654075836043,1.0881318061802539e-16,1.2150833506128952e-16,1.0567257311457543,40413426.03287826,4270590.717269813,8.79502685261761e-09,0.9999999999999972,0.7499136232218101,1.4999441496590782,2.9998882993181564,Self-Reg
53175367.368118115,53872320.50775167,22.291960521017852,1.0584625629481719e-16,1.181953832209741e-16,1.056726273746834,40975937.02364357,4330034.92442798,8.674299064249755e-09,0.9999999999999974,0.7499141543486807,1.4999444064817962,2.9998888129635923,Self-Reg
53667640.25614445,54371045.46469352,22.138444707131463,1.0296022878842524e-16,1.1497275920812162e-16,1.0567268138530905,41546277.45826798,4390306.540593198,8.555228464821353e-09,0.9999999999999977,0.7499146821095011,1.4999446621231463,2.9998893242462925,Self-Reg
54164470.37824901,54874387.38597509,21.985985988616033,1.0015289234829438e-16,1.11838000246417e-16,1.0567273514759972,42124556.311831996,4451417.082350372,8.437792307037174e-09,0.9999999999999974,0.7499152065261269,1.4999449165885663,2.9998898331771326,Self-Reg
54665899.92319099,55382389.013310656,21.834577087818197,9.742210136635531e-17,1.0878871070627206e-16,1.056727886626975,42710884.07619049,4513378.226580248,8.321968155834584e-09,0.9999999999999976,0.7499157276202689,1.499945169883469,2.999890339766938,Self-Reg
55171971.47029388,55895093.48409776,21.68421077716942,9.47657687371627e-17,1.0582256027410721e-16,1.0567284193173918,43305372.781084515,4576201.812690584,8.207733884097776e-09,0.9999999999999974,0.7499162454134944,1.499945422013242,2.999890844026484,Self-Reg
55682727.99306082,56412544.33507998,21.53487987884165,9.218186426275111e-17,1.0293728217155133e-16,1.0567289495585634,43908136.01554626,4639899.844878272,8.095067668431022e-09,0.9999999999999973,0.7499167599272278,1.4999456729832485,2.999891345966497,Self-Reg
56198212.862823345,56934785.506043546,21.38657726440538,8.966841310098514e-17,1.0013067142319476e-16,1.0567294773617542,44519288.949601345,4704484.494422915,7.983947984989973e-09,0.9999999999999977,0.749917271182752,1.4999459227988265,2.999891845597653,Self-Reg
56718469.85242504,57461861.34354918,21.239295854489672,8.722349425621127e-17,9.740058317156342e-17,1.0567300027381754,45138948.35627489,4769968.10201247,7.874353605369943e-09,0.9999999999999972,0.749917779201209,1.4999461714652902,2.9998923429305804,Self-Reg
57243543.13993814,57993816.60469748,21.093028618444926,8.484523911106983e-17,9.474493103804059e-17,1.0567305256989876,45767232.63390231,4836363.180101145,7.766263592550823e-09,0.9999999999999974,0.7499182840036012,1.4999464189879281,2.9998928379758563,Self-Reg
57773477.31241464,58530696.46092921,20.94776857400788,8.253182999833826e-17,9.216168552847575e-17,1.0567310462553001,46404261.82875084,4903682.415300076,7.659657296897704e-09,0.9999999999999977,0.7499187856107921,1.4999466653720053,2.9998933307440105,Self-Reg
58308317.369673155,59072546.50186169,20.80350878696862,8.028149881171002e-17,8.964887248225771e-17,1.0567315644181703,47050157.65795707,4971938.670801452,7.554514352216121e-09,0.9999999999999972,0.7499192840435069,1.4999469106227623,2.9998938212455246,Self-Reg
58848108.728119716,59619412.739159815,20.66024237084024,7.809252565445757e-17,8.720457156367885e-17,1.0567320801986053,47705043.5327825,5041144.988836228,7.45081467186169e-09,0.9999999999999971,0.7499197793223339,1.4999471547454155,2.999894309490831,Self-Reg
59392897.22460407,60171341.61044275,20.517962486530674,7.596323752494037e-17,8.482691479442933e-17,1.0567325936075622,48369044.582192846,5111314.593166045,7.348538444903112e-09,0.9999999999999976,0.7499202714677258,1.4999473977451572,2.9998947954903143,Self-Reg
59942729.12031255,60728379.98322795,20.376662342016584,7.389200703795056e-17,8.251408512609823e-17,1.0567331046559463,49042287.676766604,5182460.891609961,7.247666132337686e-09,0.9999999999999976,0.7499207604999991,1.4999476396271556,2.999895279254311,Self-Reg
60497651.104696155,61290575.158910654,20.236335192019695,7.187725118092619e-17,8.026431505159785e-17,1.0567336133546132,49724901.45293537,5254597.478606245,7.1481784633588994e-09,0.9999999999999972,0.7499212464393376,1.4999478803965556,2.999895760793111,Self-Reg
61057710.29943478,61857974.87678006,20.09697433768543,6.991743010407859e-17,7.807588525444753e-17,1.0567341197143694,50417016.3375614,5327738.137809792,7.050056431675296e-09,0.9999999999999973,0.7499217293057899,1.499948120058478,2.999896240116956,Self-Reg
61622954.26243934,62430627.31807397,19.9585731262634,6.801104594350352e-17,7.59471232948779e-17,1.0567346237459707,51118764.57285849,5401896.844725847,6.953281291879657e-09,0.9999999999999974,0.7499222091192734,1.49994835861802,2.99989671723604,Self-Reg
62193430.991889834,63008581.11006973,19.82112495079041,6.61566416763864e-17,7.387640233176294e-17,1.056735125460124,51830280.241658576,5477087.769380245,6.85783455586821e-09,0.9999999999999978,0.7499226858995736,1.4999485960802554,2.999897192160511,Self-Reg
62769188.93031079,63591885.33021308,19.68462324977563,6.435280000742111e-17,7.186213987939684e-17,1.0567356248674864,52551699.29302986,5553325.279026815,6.763697989308986e-09,0.9999999999999976,0.7499231596663445,1.4999488324502346,2.999897664900469,Self-Reg
63350276.968685515,64180589.51028636,19.549061506887664,6.259814228558864e-17,6.990279659816259e-17,1.0567361219786664,53283159.568252906,5630623.940892603,6.67085360815846e-09,0.9999999999999972,0.7499236304391116,1.4999490677329845,2.999898135465969,Self-Reg
63936744.45060738,64774743.64061423,19.41443325064402,6.08913274504745e-17,6.799687511817593e-17,1.0567366168042234,54024800.827156976,5708998.5249611875,6.579283675226179e-09,0.9999999999999973,0.7499240982372706,1.4999493019335095,2.999898603867019,Self-Reg
64528641.17646947,65374398.174308136,19.28073205410274,5.923105100731609e-17,6.614291889500182e-17,1.0567371093546687,54776764.77482274,5788464.006794681,6.488970696786581e-09,0.9999999999999974,0.7499245630800894,1.4999495350567904,2.999899070113581,Self-Reg
65126017.407694176,65979604.03155145,19.14795153455585,5.761604402999337e-17,6.433951109656507e-17,1.0567375996404649,55539195.088658266,5869035.570395224,6.39989741923707e-09,0.9999999999999978,0.7499250249867083,1.499949767107785,2.99989953421557,Self-Reg
65728923.87100075,66590412.60392289,19.01608535322524,5.604507219120765e-17,6.258527352041255e-17,1.0567380876720263,56312237.445850246,5950728.611106084,6.312046825802227e-09,0.999999999999997,0.7499254839761412,1.4999499980914284,2.9998999961828567,Self-Reg
66337411.762712955,67206875.75876063,18.885127214960438,5.4516934819101955e-17,6.087886554049353e-17,1.0567385734597194,57096039.55119806,6033558.738553275,6.225402133283083e-09,0.9999999999999973,0.7499259400672775,1.4999502280126331,2.9999004560252662,Self-Reg
66951532.753106005,67829045.84356625,18.755070867938645,5.303046397960559e-17,5.921898308265692e-17,1.0567390570138633,57890751.1653345,6117541.779627979,6.139946788851178e-09,0.9999999999999974,0.7499263932788803,1.4999504568762887,2.9999009137525774,Self-Reg
67571338.99079497,68456975.69045064,18.625910103366536,5.1584523583796206e-17,5.760435762807749e-17,1.0567395383447293,58696524.13334087,6202693.781510689,6.055664466886386e-09,0.9999999999999974,0.7499268436295901,1.4999506846872626,2.999901369374525,Self-Reg
68196883.10716258,69090718.62061983,18.49763875518437,5.0178008519604154e-17,5.603375524385625e-17,1.0567400174625419,59513512.41375887,6289031.0147372745,5.972539065858336e-09,0.9999999999999972,0.7499272911379237,1.4999509114503993,2.9999018229007985,Self-Reg
68828218.22082813,69730328.44890247,18.37025069977213,4.880984380719153e-17,5.450597564005078e-17,1.0567404943774779,60341872.10800615,6376569.976307697,5.890554705250631e-09,0.9999999999999977,0.7499277358222758,1.4999511371705216,2.9999022743410433,Self-Reg
69465397.9421588,70375859.4883203,18.243739855657438,4.7478983777358345e-17,5.3019851252411824e-17,1.0567409690996674,61181761.49020299,6465327.392838184,5.809695722527124e-09,0.9999999999999979,0.7499281777009201,1.4999513618524294,2.9999027237048588,Self-Reg
70108476.37782179,71027366.55469988,18.118100183225728,4.618441127235294e-17,5.157424635013154e-17,1.0567414416391945,62033341.03741251,6555320.22375711,5.729946670139995e-09,0.9999999999999971,0.7499286167920092,1.499951585500901,2.999903171001802,Self-Reg
70757508.13537818,71684904.97132681,17.99332568443237,4.492513686847346e-17,5.0168056167918316e-17,1.0567419120060966,62896773.46030177,6646565.664545361,5.651292312578868e-09,0.9999999999999977,0.7499290531135763,1.4999518081206922,2.9999036162413844,Self-Reg
71412548.32792105,72348530.57364444,17.869410402516603,4.3700198119863364e-17,4.880020606173217e-17,1.0567423802103644,63772223.73423114,6739081.15002193,5.573717623460325e-09,0.999999999999997,0.7499294866835351,1.4999520297165376,2.9999040594330753,Self-Reg
72073652.57875489,73018299.71399479,17.74634842171759,4.25086588229283e-17,4.7469650687541305e-17,1.0567428462619435,64659859.13077505,6832884.357675153,5.49720778265746e-09,0.9999999999999973,0.7499299175196821,1.4999522502931495,2.999904500586299,Self-Reg
72740877.02611853,73694269.26640323,17.624133866992512,4.134960830080973e-17,4.617537320246932e-17,1.0567433101707329,65559849.24968094,6927993.211040206,5.421748173468898e-09,0.9999999999999976,0.7499303456396952,1.4999524698552182,2.9999049397104365,Self-Reg
73414278.327953,74376496.63140896,17.50276090373627,4.0222160707365524e-17,4.4916384487719856e-17,1.0567437719465866,66472366.05127525,7024425.883123883,5.347324379826459e-09,0.9999999999999971,0.749930771061137,1.4999526884074132,2.9999053768148265,Self-Reg
74093913.66671224,75065039.74093875,17.382223737503434,3.9125454350131024e-17,4.369172239269051e-17,1.0567442315993136,67397583.88931854,7122200.799876818,5.27392218354133e-09,0.9999999999999977,0.749931193801453,1.4999529059543817,2.9999058119087634,Self-Reg
74779840.75421846,75759957.06322582,17.26251661373202,3.805865103174014e-17,4.250045099969524e-17,1.056744689138677,68335679.54431769,7221336.643714024,5.201527561588036e-09,0.9999999999999974,0.7499316138779747,1.49995312250075,2.9999062450015,Self-Reg
75472117.83656356,76461307.60777563,17.143633817469027,3.7020935409301504e-17,4.134165990873156e-17,1.056745144574395,69286832.2573039,7321852.357084646,5.130126683425525e-09,0.9999999999999976,0.7499320313079187,1.499953338051123,2.999906676102246,Self-Reg
76170803.6990547,77169150.93037628,17.025569673097994,3.6011514371243867e-17,4.021446354175023e-17,1.0567455979161418,70251223.76407868,7423767.146091199,5.0597059083551926e-09,0.9999999999999969,0.7499324461083889,1.499953552610084,2.999907105220168,Self-Reg
76875957.67120577,77883547.13815524,16.9083185440685,3.502961643115273e-17,3.9118000465893754e-17,1.0567460491735468,71229038.32993677,7527100.48415918,4.990251782915136e-09,0.9999999999999976,0.7499328582963752,1.4999537661821958,2.9999075323643916,Self-Reg
77587639.63177623,78604556.8946844,16.791874832627258,3.407449113813262e-17,3.8051432735183944e-17,1.0567464983561945,72220462.78487404,7631872.115757949,4.921751038310067e-09,0.9999999999999974,0.7499332678887562,1.4999539787719995,2.999907957543999,Self-Reg
78305910.01385523,79332241.42513083,16.676232979551305,3.3145408503248753e-17,3.7013945250160576e-17,1.0567469454736262,73225686.5592835,7738102.0601732,4.854190587876622e-09,0.9999999999999972,0.7499336749022998,1.499954190384016,2.999908380768032,Self-Reg
79030829.80999307,80066662.52145535,16.561387463883,3.2241658441607153e-17,3.6004745134978676e-17,1.056747390535339,74244901.72014849,7845810.615331961,4.78755752458345e-09,0.9999999999999974,0.7499340793536623,1.4999544010227446,2.999908802045489,Self-Reg
79762460.57738124,80807882.54766054,16.44733280266664,3.136255022964546e-17,3.502306113148704e-17,1.056747833550786,75278303.00774099,7955018.36168099,4.721839118565511e-09,0.9999999999999969,0.7499344812593912,1.4999546106926647,2.9999092213853293,Self-Reg
80500864.44307895,81555964.44508585,16.334063550687144,3.050741197722351e-17,3.4068143009829315e-17,1.0567482745293773,76326087.87282903,8065746.16611897,4.657022814692331e-09,0.9999999999999973,0.7499348806359245,1.4999548193982344,2.9999096387964688,Self-Reg
81246104.10928914,82310971.73775265,16.221574300210335,2.9675590114106463e-17,3.313926099511292e-17,1.056748713480479,77388456.51440316,8178015.185983553,4.593096230169575e-09,0.9999999999999974,0.7499352774995918,1.4999550271438915,2.999910054287783,Self-Reg
81998242.85868211,83072968.53775768,16.109859680725222,2.886644889045113e-17,3.2235705209711286e-17,1.056749150413415,78465611.91792642,8291846.873093747,4.530047152173606e-09,0.9999999999999976,0.7499356718666157,1.4999552339340536,2.9999104678681072,Self-Reg
82757344.55977032,83842019.55071828,15.998914358687749,2.8079369890910004e-17,3.135678513076902e-17,1.0567495853374658,79557759.89411934,8407262.977848826,4.467863535518376e-09,0.9999999999999976,0.7499360637531113,1.4999554397731174,2.999910879546235,Self-Reg
83523473.67233126,84618190.08126637,15.888733037266556,2.7313751561985613e-17,3.0501829062499957e-17,1.056750018261869,80665109.1182825,8524285.553384067,4.406533500354471e-09,0.9999999999999974,0.7499364531750881,1.4999556446654598,2.9999112893309197,Self-Reg
84296695.25288063,85401546.03859337,15.779310456090496,2.656900875227221e-17,2.9670183622872625e-17,1.0567504491958204,81787871.1701663,8642936.959784312,4.346045329899732e-09,0.9999999999999977,0.7499368401484499,1.4999558486154374,2.999911697230875,Self-Reg
85077074.96019775,86192153.94204791,15.670641390997629,2.5844572265231513e-17,2.886121324428918e-17,1.056750878148473,82926260.57439798,8763239.868356412,4.286387468200907e-09,0.9999999999999974,0.7499372246889955,1.4999560516273867,2.9999121032547733,Self-Reg
85864679.0609004,86990080.92678393,15.562720653786199,2.5139888424164354e-17,2.8074299687879937e-17,1.0567513051289374,84080494.84146917,8885217.265960941,4.2275485179261345e-09,0.9999999999999974,0.7499376068124204,1.4999562537056244,2.9999125074112487,Self-Reg
86659574.43507147,87795394.74946094,15.455543091967309,2.445441864904378e-17,2.7308841571040312e-17,1.0567517301462832,85250794.50929362,9008892.459404126,4.1695172381877494e-09,0.9999999999999976,0.7499379865343164,1.4999564548544468,2.9999129097088937,Self-Reg
87461828.58193918,88608163.79399869,15.349103588519064,2.3787639044884826e-17,2.6564253907847596e-17,1.0567521532095374,86437383.18534602,9134289.079891227,4.112282542394828e-09,0.9999999999999974,0.7499383638701723,1.499956655078131,2.999913310156262,Self-Reg
88271509.62560827,89428457.07738361,15.243397061642643,2.313904000133945e-17,2.5839967662009727e-17,1.056752574327686,87640487.58938476,9261431.087541597,4.0558334961353476e-09,0.9999999999999974,0.7499387388353758,1.4999568543809343,2.9999137087618686,Self-Reg
89088686.32084435,90256344.25552876,15.138418464520035,2.2508125803208852e-17,2.5135429312002675e-17,1.0567529935096733,88860337.59676927,9390342.775966613,4.000159315087395e-09,0.9999999999999977,0.7499391114452125,1.499957052767094,2.999914105534188,Self-Reg
89913428.05891326,91091895.62918994,15.03416278507323,2.1894414251574388e-17,2.445010042806255e-17,1.056753410764403,90097166.28238289,9521048.776911568,3.945249362958955e-09,0.9999999999999972,0.7499394817148679,1.4999572502408283,2.9999145004816565,Self-Reg
90745804.87347303,91935182.14993471,14.93062504572527,2.12974362952601e-17,2.378345726071249e-17,1.0567538261007372,91351209.9651646,9653574.06496195,3.891093149456056e-09,0.9999999999999976,0.7499398496594275,1.4999574468063357,2.9999148936126714,Self-Reg
91585887.44652024,92786275.42616679,14.827800303162952,2.071673567234387e-17,2.3134990340507962e-17,1.0567542395274978,92622708.25326025,9787943.962315131,3.837680328278843e-09,0.9999999999999973,0.7499402152938774,1.4999576424677956,2.9999152849355912,Self-Reg
92433747.11439317,93645247.72920784,14.725683648100958,2.015186856144196e-17,2.2504204088693633e-17,1.0567546510534656,93911904.08980529,9924184.143618867,3.78500069514501e-09,0.9999999999999976,0.7499405786331055,1.4999578372293678,2.9999156744587356,Self-Reg
93289455.87382886,94512171.99943392,14.624270205047786,1.9602403242502967e-17,2.1890616438476764e-17,1.0567550606873812,95219043.79934156,10062320.640876759,3.733044185840501e-09,0.9999999999999976,0.7499409396919015,1.4999580310951934,2.999916062190387,Self-Reg
94153086.38807613,95387121.85246867,14.523555132073328,1.9067919766850547e-17,2.1293758466626428e-17,1.0567554684379452,96544377.13488069,10202379.848422049,3.681800874296942e-09,0.9999999999999974,0.7499412984849575,1.4999582240693943,2.9999164481387885,Self-Reg
95024711.99306707,96270171.5854356,14.423533620577807,1.8548009636221765e-17,2.071317403511577e-17,1.0567558743138181,97888157.32562478,10344388.527960917,3.6312609706953716e-09,0.9999999999999974,0.7499416550268697,1.4999584161560728,2.9999168323121457,Self-Reg
95904406.70364381,97161396.18326655,14.324200895062539,1.8042275490557967e-17,2.0148419442536024e-17,1.0567562783236204,99250641.12534875,10488373.81368568,3.581414819596098e-09,0.9999999999999977,0.7499420093321376,1.4999586073593132,2.9999172147186264,Self-Reg
96792245.21984299,98060871.32506849,14.225552212902222,1.7550330804308326e-17,1.9599063085014477e-17,1.056756680475933,100632088.86145622,10634363.217459155,3.5322528980942253e-09,0.9999999999999973,0.7499423614151662,1.4999587976831805,2.999917595366361,Self-Reg
97688302.93324007,98968673.39055103,14.127582864118658,1.7071799591013137e-17,1.906468512637634e-17,1.0567570807792974,102032764.48472056,10782384.634071488,3.4837658140003935e-09,0.9999999999999978,0.749942711290265,1.499958987131721,2.999917974263442,Self-Reg
98592655.93335083,99884879.46651176,14.030288171156158,1.6606316115942898e-17,1.8544877177300563e-17,1.0567574792422156,103452935.61971603,10932466.34656983,3.435944304046597e-09,0.9999999999999973,0.7499430589716499,1.4999591757089625,2.999918351417925,Self-Reg
99505381.01409163,100809567.3533812,13.933663488658565,1.6153524616572812e-17,1.8039241983223498e-17,1.0567578758731508,104892873.61594987,11084637.031662205,3.388779232116625e-09,0.9999999999999972,0.7499434044734434,1.4999593634189141,2.9999187268378282,Self-Reg
100426555.68030271,101742815.57183167,13.837704203247466,1.5713079030677284e-17,1.754739312075001e-17,1.0567582706805274,106352853.59971154,11238925.765197044,3.3422615875006467e-09,0.9999999999999973,0.7499437478096747,1.4999595502655665,2.999919100531133,Self-Reg
101356258.15432705,102684703.36944221,13.742405733302423,1.5284642731840736e-17,1.706895470234451e-17,1.0567586636727306,107833154.52663516,11395362.027718203,3.2963824831739967e-09,0.9999999999999973,0.7499440889942813,1.4999597362528923,2.9999194725057845,Self-Reg
102294567.38265407,103635310.72742958,13.64776352874232,1.4867888272177942e-17,1.6603561089071267e-17,1.0567590548581072,109334059.23500103,11553975.710097998,3.2511331540993693e-09,0.9999999999999978,0.749944428041109,1.4999599213848451,2.9999198427696903,Self-Reg
103241563.04262285,104594718.36743915,13.553773070808406,1.4462497132070515e-17,1.6150856611167847e-17,1.0567594442449655,110855854.4997746,11714797.119248254,3.206504955552442e-09,0.9999999999999974,0.7499447649639126,1.499960105665361,2.999920211330722,Self-Reg
104197325.5491891,105563007.75840066,13.460429871848667,1.4068159476726293e-17,1.5710495296236243e-17,1.0567598318415756,112398831.08740126,11877856.983911179,3.162489361470373e-09,0.9999999999999973,0.7499450997763565,1.4999602890983579,2.9999205781967158,Self-Reg
105161936.06175296,106540261.12344545,13.367729475103866,1.3684573919377318e-17,1.5282140604845604e-17,1.0567602176561701,113963283.81136012,12043186.46053048,3.119077962823077e-09,0.9999999999999976,0.7499454324920153,1.499960471687735,2.99992094337547,Self-Reg
106135476.49104974,107526561.44688761,13.275667454495052,1.3311447290934444e-17,1.4865465173343727e-17,1.0567606016969429,115549511.58849128,12210817.139204191,3.076262466006849e-09,0.9999999999999977,0.7499457631243751,1.4999606534373742,2.9999213068747483,Self-Reg
107118029.50610682,108521992.48127195,13.184239414412335,1.2948494415921768e-17,1.4460150563679736e-17,1.0567609839720509,117157817.49611032,12380781.049720747,3.034034691259941e-09,0.9999999999999972,0.7499460916868321,1.4999608343511392,2.9999216687022785,Self-Reg
108109678.54126309,109526638.75448549,13.093440989505275,1.2595437894521199e-17,1.4065887020048564e-17,1.0567613644896128,118788508.829915,12553110.667678738,2.992386571099964e-09,0.9999999999999969,0.7499464181926956,1.4999610144328763,2.9999220288657527,Self-Reg
109110507.80325334,110540585.57693475,13.003267844474708,1.2252007890559763e-17,1.3682373232170382e-17,1.0567617432577108,120441897.16269808,12727838.920691874,2.9513101487827382e-09,0.9999999999999972,0.7499467426551877,1.4999611936864137,2.9999223873728273,Self-Reg
110120602.27836025,111563919.0487914,12.913715673865834,1.1917941925277147e-17,1.3309316105023489e-17,1.0567621202843893,122118298.4038799,12904999.194680585,2.9107975767822193e-09,0.9999999999999973,0.7499470650874426,1.4999613721155618,2.9999227442311236,Self-Reg
111140047.73963003,112596726.06730248,12.824780201862948,1.1592984676717154e-17,1.2946430534856231e-17,1.0567624955776558,123818032.8598663,13084625.340250846,2.870841115291391e-09,0.9999999999999973,0.7499473855025093,1.499961549724114,2.999923099448228,Self-Reg
112168930.75415507,113639094.3341686,12.736457182085568,1.1276887784588973e-17,1.2593439191305864e-17,1.056762869145481,125541425.29524642,13266751.679161763,2.8314331307437157e-09,0.9999999999999974,0.7499477039133506,1.499961726515846,2.999923453031692,Self-Reg
113207338.69042619,114691112.36299244,12.648742397385769,1.0969409660448463e-17,1.2250072305457066e-17,1.0567632409957988,127288804.99484572,13451413.010883538,2.792566094354811e-09,0.9999999999999972,0.7499480203328445,1.4999619024945159,2.9999238049890318,Self-Reg
114255359.72575124,115752869.4867946,12.561631659647064,1.0670315303055554e-17,1.1916067463679609e-17,1.056763611136507,129060505.82664052,13638644.619246485,2.754232580684193e-09,0.9999999999999976,0.7499483347737843,1.4999620776638647,2.9999241553277294,Self-Reg
115313082.85374214,116824455.86559886,12.475120809584684,1.037937611876629e-17,1.1591169407087037e-17,1.056763979575467,130856866.30554692,13828482.279182462,2.7164252662167812e-09,0.9999999999999973,0.7499486472488797,1.4999622520276163,2.9999245040552327,Self-Reg
116380597.89187339,117905962.49408962,12.389205716547048,1.0096369746821442e-17,1.1275129836462394e-17,1.0567643463205039,132678229.65810208,14020962.26356059,2.679136927963786e-09,0.9999999999999974,0.7499489577707564,1.499962425589477,2.999924851178954,Self-Reg
117457995.48910798,118997481.2093379,12.303882278318826,9.821079889399593e-18,1.096770722250342e-17,1.0567647113794063,134524943.88804084,14216121.350117631,2.6423604420828994e-09,0.9999999999999977,0.7499492663519579,1.4999625983531366,2.9999251967062732,Self-Reg
118545367.13359404,120099104.69859876,12.219146420925318,9.553296146303953e-18,1.0668666621241265e-17,1.0567650747599278,136397361.84278536,14413996.8284848,2.6060887825174224e-09,0.9999999999999972,0.7499495730049451,1.4999627703222673,2.9999255406445346,Self-Reg
119642805.160435,121210926.50718334,12.13499409843802,9.292813854156052e-18,1.037777949449112e-17,1.056765436469786,138295841.2808644,14614626.507312888,2.570315019653974e-09,0.9999999999999972,0.7499498777420976,1.4999629415005251,2.9999258830010502,Self-Reg
120750402.75952981,122333041.04640189,12.051421292781669,9.039433929974514e-18,1.0094823535198784e-17,1.0567657965166632,140220744.94026715,14818048.72149613,2.535032318998714e-09,0.9999999999999973,0.7499501805757132,1.4999631118915486,2.9999262237830973,Self-Reg
121868253.98348589,123465543.60158028,11.968424013542586,8.792962719018787e-18,9.819582497549037e-18,1.056766154908206,142172440.6077494,15024302.33949666,2.5002339398717137e-09,0.9999999999999973,0.7499504815180089,1.4999632814989596,2.9999265629979193,Self-Reg
122996453.75560695,124608530.34015276,11.885998297778247,8.553211846781235e-18,9.551846031705692e-18,1.0567665116520257,144151301.18910664,15233426.770771274,2.4659132341192006e-09,0.9999999999999977,0.7499507805811227,1.499963450326364,2.999926900652728,Self-Reg
124135097.87795271,125762098.31982705,11.804140209828283,8.319998075015341e-18,9.29140952305794e-18,1.0567668667556993,146157704.78042185,15445461.973301087,2.432063644843548e-09,0.9999999999999972,0.749951077777112,1.4999636183773497,2.9999272367546994,Self-Reg
125284283.03947291,126926345.49682514,11.722845841126828,8.093143161689474e-18,9.038073935849654e-18,1.0567672202267686,148192034.74030438,15660448.461226016,2.398678705150694e-09,0.9999999999999974,0.7499513731179558,1.4999637856554897,2.9999275713109794,Self-Reg
126444106.82421917,128101370.73420276,11.64211131001596,7.872473724758689e-18,8.791645661071497e-18,1.0567675720727403,150254679.76313886,15878427.312585935,2.3657520369146895e-09,0.9999999999999978,0.7499516666155541,1.4999639521643395,2.999927904328679,Self-Reg
127614667.71963063,129287273.81024347,11.56193276156058,7.657821109651418e-18,8.551936368500787e-18,1.0567679223010868,152346033.95334926,16099440.177169176,2.3332773495592654e-09,0.9999999999999978,0.7499519582817291,1.4999641179074383,2.9999282358148767,Self-Reg
128796065.12489882,130484155.4269334,11.482306367364405,7.449021260368793e-18,8.318762862774891e-18,1.056768270919247,154466496.9007019,16323529.284470793,2.301248438856044e-09,0.9999999999999974,0.7499522481282258,1.4999642828883095,2.999928565776619,Self-Reg
129988399.35940497,131692117.21850894,11.403228325387555,7.245914594099567e-18,8.091946943389808e-18,1.056768617934624,156616473.75664657,16550737.451760566,2.2696591857394016e-09,0.9999999999999971,0.7499525361667118,1.4999644471104598,2.9999288942209197,Self-Reg
131191771.67124261,132911261.7600912,11.324694859764918,7.04834587925248e-18,7.871315268514399e-18,1.0567689633545885,158796375.31173396,16781108.092264723,2.238503555137387e-09,0.9999999999999973,0.7499528224087787,1.4999646105773798,2.9999292211547597,Self-Reg
132406284.24581172,134141692.5763926,11.24670222062624,6.856164116815521e-18,7.65669922251916e-18,1.0567693071864757,161006618.07409686,17014685.223460082,2.2077755948188945e-09,0.9999999999999974,0.7499531068659419,1.4999647732925445,2.999929546585089,Self-Reg
133632040.21449761,135383514.1505098,11.169246683917123,6.66922242494918e-18,7.447934787115776e-18,1.0567696494375882,163247624.3490335,17251513.475484725,2.1774694342565148e-09,0.9999999999999972,0.7499533895496411,1.4999649352594122,2.9999298705188244,Self-Reg
134869143.66342777,136636831.93279502,11.092324551221417,6.487377926726828e-18,7.24486241601053e-18,1.056769990115195,165519822.31969365,17491638.09966515,2.1475792835050602e-09,0.9999999999999974,0.7499536704712418,1.499965096481426,2.999930192962852,Self-Reg
136117699.64231244,137901752.3498126,11.015932149584646,6.310491640935584e-18,7.047326912974797e-18,1.056770329226531,167823646.128893,17735104.977162704,2.1180994320954273e-09,0.9999999999999976,0.7499539496420342,1.499965256962012,2.999930513924024,Self-Reg
137377814.17336094,139178382.81337234,10.940065831339027,6.138428375855472e-18,6.855177313240874e-18,1.056770666778798,170159535.96205533,17981960.627739202,2.089024247943766e-09,0.9999999999999976,0.7499542270732357,1.4999654167045824,2.9999308334091648,Self-Reg
138649594.26028943,140466831.7296551,10.86472197392917,5.971056625933628e-18,6.668266768130227e-18,1.056771002779165,172527938.13132486,18232252.218646187,2.0603481762754344e-09,0.9999999999999973,0.749954502775989,1.4999655757125316,2.9999311514250633,Self-Reg
139933147.8974032,141767208.50841415,10.789896979739497,5.8082484712769934e-18,6.4864524328286166e-18,1.056771337234768,174929305.16083327,18486027.573636256,2.032065738563918e-09,0.9999999999999977,0.7499547767613648,1.49996573398924,2.99993146797848,Self-Reg
141228584.07876915,143079623.57226807,10.715587275922475,5.6498794798846265e-18,6.309595357220116e-18,1.0567716701527095,177364095.87316504,18743335.18210099,2.004171531484175e-09,0.9999999999999974,0.749955049040361,1.4999658915380714,2.9999317830761427,Self-Reg
142536012.80747023,144404188.36607626,10.641789314228218,5.49582861254619e-18,6.137560379698e-18,1.0567720015400608,179832775.4770203,19004224.208335508,1.9766602258804107e-09,0.9999999999999979,0.7499553196239034,1.4999660483623747,2.9999320967247494,Self-Reg
143855545.1049486,145741015.3664047,10.56849957083508,5.3459781303331065e-18,5.9702160238703955e-18,1.0567723314038588,182335815.65610385,19268744.500932503,1.949526565747966e-09,0.9999999999999971,0.7499555885228467,1.4999662044654831,2.9999324089309662,Self-Reg
145187293.02042907,147090218.09107286,10.495714546181764,5.200213504612817e-18,5.807434398083119e-18,1.0567726597511093,184873694.65923968,19536946.60230592,1.9227653672292947e-09,0.9999999999999974,0.749955855747974,1.4999663598507147,2.9999327197014294,Self-Reg
146531369.6404387,148451911.10879797,10.423430764800104,5.058423329515596e-18,5.649091097680836e-18,1.056772986588786,187446897.39175624,19808881.758348797,1.896371517623557e-09,0.9999999999999976,0.7499561213099981,1.4999665145213719,2.9999330290427437,Self-Reg
147887889.0984052,149826210.0489194,10.351644775149472,4.92049923678909e-18,5.495065109934219e-18,1.0567733119238296,190055915.5081264,20084601.928223826,1.8703399744099807e-09,0.9999999999999978,0.749956385219562,1.4999666684807422,2.9999333369614845,Self-Reg
149256966.5843514,151213231.6112201,10.28035314945197,4.786335812973671e-18,5.3452387215584e-18,1.0567736357631494,192701247.5059103,20364159.79429153,1.8446657642844888e-09,0.9999999999999973,0.7499566474872386,1.499966821732098,2.999933643464196,Self-Reg
150638718.35467514,152613093.57583463,10.209552483528968,4.655830518836552e-18,5.199497428753417e-18,1.056773958113623,195383398.82099774,20647608.772175834,1.8193439822096356e-09,0.999999999999997,0.7499569081235323,1.4999669742786965,2.999933948557393,Self-Reg
152033261.74202403,154025914.8132535,10.139239396638553,4.528883611002247e-18,5.057729849696957e-18,1.0567742789820962,198102881.92418405,20935003.020970494,1.7943697904775053e-09,0.9999999999999976,0.749957167138878,1.49996712612378,2.99993425224756,Self-Reg
153440715.1652545,155451815.29441243,10.06941053131444,4.4053980657204934e-18,4.9198276394236965e-18,1.0567745983753833,200860216.41907638,21226397.4535862,1.769738417785603e-09,0.9999999999999971,0.7499574245436431,1.4999672772705757,2.9999345545411513,Self-Reg
154861198.13949212,156890916.100885,10.00006255320556,4.285279504711921e-18,4.785685407024537e-18,1.0567749163002678,203655929.14138144,21521847.74724366,1.7454451583252547e-09,0.9999999999999978,0.7499576803481265,1.4999674277222963,2.9999348554445926,Self-Reg
156294831.2862764,158343339.43515998,9.931192150917154,4.168436123036412e-18,4.655200635104257e-18,1.0567752327635005,206490554.2595564,21821410.35411069,1.721485370882695e-09,0.9999999999999974,0.7499579345625607,1.4999675774821393,2.9999351549642785,Self-Reg
157741736.34380558,159809208.63102064,9.862796035852682,4.054778618927665e-18,4.5282736014345515e-18,1.0567755477718033,209364633.37687448,22125142.512088925,1.6978544779523638e-09,0.9999999999999977,0.7499581871971102,1.4999677265532876,2.999935453106575,Self-Reg
159202036.17727312,161288648.16401663,9.794870942056967,3.944220125541197e-18,4.404807302743513e-18,1.0567758613318652,212278715.63490334,22433102.255749702,1.6745479648624497e-09,0.9999999999999977,0.7499584382618741,1.4999678749389096,2.999935749877819,Self-Reg
160675854.78930268,162781783.6620358,9.72741362606028,3.8366761445630865e-18,4.284707380582725e-18,1.0567761734503458,215233357.8184305,22745348.427423004,1.651561378912371e-09,0.9999999999999974,0.7499586877668848,1.4999680226421588,2.9999360452843176,Self-Reg
162163317.3304768,164288741.9159707,9.660420866723635,3.732064481629178e-18,4.1678820492158435e-18,1.0567764841338734,218229124.46184283,23061940.688439965,1.628890328522158e-09,0.9999999999999974,0.7499589357221095,1.4999681696661749,2.9999363393323497,Self-Reg
163664550.1099627,165809650.89048392,9.593889465085164,3.630305183505186e-18,4.054242025473327e-18,1.056776793389046,221266587.95698577,23382939.53053187,1.6065304823935078e-09,0.9999999999999972,0.7499591821374499,1.499968316014082,2.999936632028164,Self-Reg
165179680.60623994,167344639.73487607,9.527816244207395,3.5313204769794e-18,3.943700460519364e-18,1.0567771012224312,224346328.6625313,23708406.287388463,1.5844775686822982e-09,0.9999999999999977,0.7499594270227435,1.499968461688991,2.999936923377982,Self-Reg
166708837.47792473,168893838.7940522,9.462198049025691,3.4350347094217502e-18,3.836172873479423e-18,1.0567774076405665,227468935.01486248,24038403.14637668,1.5627273741825107e-09,0.9999999999999973,0.7499596703877633,1.4999686066939975,2.999937213387995,Self-Reg
168252150.57469437,170457379.61958927,9.39703174619774,3.3413742909636098e-18,3.73157708687743e-18,1.0567777126499591,230635003.64050117,24372993.160422377,1.5412757435213432e-09,0.9999999999999971,0.7499599122422186,1.4999687510321835,2.999937502064367,Self-Reg
169809750.94831562,172035394.98090917,9.332314223953963,3.250267638253948e-18,3.629833163833054e-18,1.0567780162570866,233845139.47010642,24712240.260058083,1.5201185783653404e-09,0.9999999999999977,0.7499601525957549,1.4999688947066165,2.999937789413233,Self-Reg
171381770.8637718,173628018.87655148,9.268042391949082,3.161645119749266e-18,3.530863346971557e-18,1.0567783184683968,237099955.85405248,25056209.265637666,1.4992518366374669e-09,0.9999999999999978,0.749960391457955,1.49996903772035,2.9999380754407,Self-Reg
172968343.8104926,175235386.54555073,9.20421318111474,3.0754390024952622e-18,3.4345919989992628e-18,1.0567786192903073,240400074.67961484,25404965.899721008,1.4786715317449264e-09,0.9999999999999973,0.7499606288383394,1.4999691800764237,2.9999383601528473,Self-Reg
174569604.5136917,176857634.47892243,9.140823543512953,2.9915834003593495e-18,3.340945544898997e-18,1.0567789187292067,243746126.48979554,25758576.799631853,1.4583737318175297e-09,0.9999999999999973,0.7499608647463661,1.4999693217778627,2.9999386435557254,Self-Reg
176185688.9458063,178494900.43125254,9.077870452190714,2.9100142236748518e-18,3.2498524157017663e-18,1.0567792167914543,247138750.60379583,26117109.530189782,1.4383545589565588e-09,0.9999999999999977,0.7499610991914311,1.4999694628276783,2.9999389256553566,Self-Reg
177816734.33804265,180147323.43239442,9.015350901035578,2.8306691302581937e-18,3.1612429937914832e-18,1.0567795134833797,250578595.2391654,26480632.59661939,1.4186101884939406e-09,0.9999999999999977,0.7499613321828693,1.4999696032288685,2.999939206457737,Self-Reg
179462879.19203126,181815043.79927674,8.953261904632154,2.7534874777615423e-18,3.0750495597008272e-18,1.0567798088112836,254066317.6356588,26849215.457639836,1.3991368482615499e-09,0.9999999999999976,0.7499615637299555,1.499969742984417,2.999939485968834,Self-Reg
181124263.29158652,183498203.14781725,8.891600498119677,2.6784102773247766e-18,2.991206240357887e-18,1.056780102781438,257602584.18080688,27222928.53873571,1.3799308178705918e-09,0.9999999999999978,0.7499617938419028,1.4999698820972938,2.9999397641945875,Self-Reg
182801027.7145752,185196944.40494677,8.830363737050613,2.6053801484911837e-18,2.9096489587438653e-18,1.0567803954000856,261188070.5372371,27601843.245612685,1.3609884280008696e-09,0.9999999999999971,0.7499620225278643,1.4999700205704554,2.9999400411409107,Self-Reg
184493314.84489807,186911411.82074797,8.769548697250062,2.534341275352285e-18,2.8303153849232006e-18,1.056780686673441,264823461.77177277,27986031.977841172,1.3423060596997677e-09,0.9999999999999973,0.7499622497969339,1.4999701584068446,2.999940316813689,Self-Reg
186201268.38458014,188641750.98070398,8.709152474676253,2.4652393638885452e-18,2.753144888408973e-18,1.0567809766076892,268509452.4863233,28375568.142689258,1.3238801436908937e-09,0.9999999999999974,0.7499624756581466,1.4999702956093908,2.9999405912187815,Self-Reg
187925033.36597228,190388108.81805995,8.649172185281996,2.3980216004732366e-18,2.67807849182709e-18,1.0567812652089879,272246746.9505962,28770526.169148218,1.305707159692206e-09,0.9999999999999972,0.749962700120477,1.4999704321810094,2.999940864362019,Self-Reg
189664756.16406918,192150633.62630248,8.589604964876981,2.33263661150764e-18,2.6050588258436803e-18,1.0567815524834656,276036059.23666316,29170981.522153866,1.2877836357434681e-09,0.9999999999999974,0.7499629231928426,1.4999705681246032,2.9999411362492063,Self-Reg
191420584.50893733,193929475.0717505,8.530447968991151,2.269034424156975e-18,2.534030085321562e-18,1.056781838437223,279878113.35538983,29577010.71700503,1.2701061475429784e-09,0.9999999999999973,0.7499631448841021,1.499970703443061,2.999941406886122,Self-Reg
193192667.49825808,195724784.20626268,8.47169837273902,2.207166428156918e-18,2.4649379866721062e-18,1.056782123076333,283773643.39476544,29988691.333982635,1.2526713177934023e-09,0.9999999999999976,0.7499633652030561,1.4999708381392582,2.9999416762785165,Self-Reg
194981155.60999086,197536713.4800666,8.413353370684792,2.1469853386613688e-18,2.3977297263697364e-18,1.0567824064068398,287723393.6601657,30406102.03317324,1.2354758155565416e-09,0.9999999999999977,0.749963584158449,1.499970972216058,2.999941944432116,Self-Reg
196786200.7151493,199365416.75470248,8.35541017670855,2.0884451601033567e-18,2.332353940597714e-18,1.0567826884347606,291728118.8165593,30829322.56949788,1.2185163556170044e-09,0.9999999999999972,0.7499638017589664,1.4999711056763088,2.9999422113526175,Self-Reg
198607956.09070086,201211049.31609172,8.29786602387318,2.0315011510411686e-18,2.268760665993984e-18,1.056782969166085,295788584.0327049,31258433.807951387,1.2017896978545577e-09,0.9999999999999977,0.7499640180132394,1.4999712385228472,2.9999424770456944,Self-Reg
200446576.43257698,203073767.88771757,8.240718164292526,1.9761097899632644e-18,2.2069013014676096e-18,1.0567832486067739,299905565.1273343,31693517.739051476,1.1852926466251847e-09,0.9999999999999973,0.7499642329298412,1.4999713707584965,2.999942741516993,Self-Reg
202302217.86881536,204953730.64393985,8.183963869000051,1.922228742025201e-18,2.14672857105588e-18,1.0567835267627619,304079848.71739876,32134657.494505975,1.169022050150521e-09,0.9999999999999973,0.7499644465172894,1.4999715023860665,2.999943004772133,Self-Reg
204175037.97281235,206851097.22342077,8.127600427818784,1.8698168266938613e-18,2.088196487794513e-18,1.0567838036399562,308312232.36835045,32581937.363095134,1.1529747999157817e-09,0.9999999999999977,0.7499646587840472,1.4999716334083544,2.9999432668167088,Self-Reg
206065195.7767065,208766028.74268404,8.071625149231892,1.8188339862736626e-18,2.0312603185726597e-18,1.0567840792442362,312603524.74653536,33035442.80677701,1.13714783007588e-09,0.9999999999999977,0.7499648697385211,1.4999717638281445,2.999943527656289,Self-Reg
207972851.78488126,210698687.8097946,8.016035360254275,1.7692412552910523e-18,1.975876549946287e-18,1.0567843535814547,316954545.7736976,33495260.47701606,1.121538116869727e-09,0.9999999999999977,0.7499650793890643,1.4999718936482085,2.999943787296417,Self-Reg
209898167.98759776,212649238.53816998,7.960828406304926,1.7210007307136647e-18,1.9220028548835306e-18,1.0567846266574377,321366126.783644,33961478.23134,1.1061426780425466e-09,0.9999999999999973,0.7499652877439745,1.499972022871305,2.99994404574261,Self-Reg
211841307.87474447,214617846.56051016,7.90600165108041,1.6740755429817066e-18,1.86959806041699e-18,1.056784898477984,325839110.68106914,34434185.15012502,1.0909585722761779e-09,0.9999999999999972,0.7499654948114959,1.4999721515001798,2.9999443030003596,Self-Reg
213802436.44972682,216604679.04286936,7.851552476428858,1.6284298278288983e-18,1.818622116177638e-18,1.0567851690488663,330374352.10261977,34913471.55361766,1.0759828986271092e-09,0.999999999999997,0.7499657005998187,1.4999722795375667,2.9999445590751335,Self-Reg
215781720.2434727,218609904.6988449,7.797478282225194,1.5840286988720628e-18,1.769036063787008e-18,1.0567854383758304,334972717.58017117,35399429.01919044,1.061212795972318e-09,0.9999999999999973,0.7499659051170801,1.4999724069861862,2.9999448139723723,Self-Reg
217779327.32857686,220633693.8039073,7.7437764862469605,1.5408382209478673e-18,1.7208020070836534e-18,1.0567857064645954,339635085.7063983,35892150.39883994,1.0466454424626495e-09,0.9999999999999974,0.749966108371364,1.4999725338487466,2.9999450676974933,Self-Reg
219795427.3335714,222676218.2098574,7.6904445240511174,1.4988253841766876e-18,1.6738830831615206e-18,1.0567859733208544,344362347.3026397,36391729.836927414,1.0322780549837327e-09,0.9999999999999972,0.749966310370702,1.499972660127944,2.999945320255888,Self-Reg
221830191.45733327,224737651.35942313,7.6374798488515845,1.4579580787335447e-18,1.6282434341978408e-18,1.056786238950275,349155405.5891095,36898262.78816727,1.0181078886242624e-09,0.9999999999999973,0.7499665111230734,1.4999727858264615,2.999945571652923,Self-Reg
223883792.4836157,226818168.30098104,7.584879931397852,1.4182050703071476e-18,1.5838481800493683e-18,1.0567865033584969,354015176.3574553,37411846.035863675,1.0041322361516472e-09,0.9999999999999973,0.7499667106364052,1.4999729109469704,2.9999458218939408,Self-Reg
225956404.79572743,228917945.7034281,7.53264225985409,1.3795359762277916e-18,1.5406633915954735e-18,1.056786766551136,358942588.14575094,37932577.710404426,9.903484274947599e-10,0.9999999999999977,0.7499669089185731,1.4999730354921292,2.9999460709842585,Self-Reg
228048204.3913341,231037161.87117708,7.48076433967944,1.3419212422464389e-18,1.4986560648083483e-18,1.056787028533781,363938582.415891,38460557.308008604,9.767538292338838e-10,0.9999999999999977,0.7499671059774017,1.4999731594645844,2.999946318929169,Self-Reg
230159368.8974072,233175996.75930142,7.429243693508868,1.305332119946745e-18,1.4577940955299708e-18,1.0567872893119954,369004113.7334795,38995885.7097379,9.63345844097588e-10,0.9999999999999974,0.7499673018206642,1.4999732828669707,2.9999465657339415,Self-Reg
232290077.58530527,235334631.98881406,7.3780778610349795,1.2697406447730798e-18,1.4180462549368988e-18,1.0567875488913168,374140149.95020795,39538665.200771,9.501219104665502e-10,0.9999999999999976,0.7499674964560836,1.49997340570191,2.99994681140382,Self-Reg
234440511.38600084,237513250.86209396,7.327264398890517,1.2351196146575422e-18,1.3793821656739098e-18,1.0567878072772576,379347672.3887872,40088999.48994779,9.370795018841515e-10,0.9999999999999977,0.7499676898913329,1.4999735279720126,2.999947055944025,Self-Reg
236610852.90543768,239712038.3784447,7.276800880531896,1.2014425692299118e-18,1.341772278638555e-18,1.0567880644753047,384627676.0304262,40646993.72958287,9.242161265738534e-10,0.9999999999999973,0.7499678821340343,1.4999736496798766,2.999947299359753,Self-Reg
238801286.44004446,241931181.24981138,7.226684896123235,1.1686837695942339e-18,1.3051878503984326e-18,1.0567883204909203,389981169.70495546,41212754.53555844,9.115293269631148e-10,0.9999999999999973,0.7499680731917621,1.4999737708280882,2.9999475416561765,Self-Reg
241011997.99237788,244170867.91662887,7.176914052421484,1.1368181786570444e-18,1.2696009212244296e-18,1.0567885753295407,395409176.28356266,41786390.007693335,8.990166792139265e-10,0.9999999999999972,0.7499682630720391,1.4999738914192215,2.999947782838443,Self-Reg
243243175.286921,246431288.56382707,7.127485972662126,1.1058214419918098e-18,1.2349842937227127e-18,1.0567888289965774,400912732.874235,42368009.75039805,8.866757927597301e-10,0.9999999999999976,0.7499684517823414,1.4999740114558393,2.9999480229116786,Self-Reg
245495007.78602198,248712635.1369788,7.078398296445787,1.0756698692252068e-18,1.2013115120494213e-18,1.0567890814974175,406492891.0199089,42957724.893615924,8.745043098487256e-10,0.9999999999999977,0.7499686393300946,1.4999741309404917,2.9999482618809834,Self-Reg
247767686.70598567,251015101.35860196,7.029648679625511,1.0463404159308592e-18,1.1685568416919968e-18,1.0567893328374227,412150716.8993896,43555648.11405714,8.624999050934207e-10,0.9999999999999978,0.7499688257226776,1.499974249875718,2.999948499751436,Self-Reg
250061405.03330868,253338882.7446077,6.981234794194941,1.0178106660168367e-18,1.1366952498018581e-18,1.0567895830219303,417887291.5310539,44161893.65672662,8.506602850263905e-10,0.9999999999999974,0.7499690109674204,1.4999743682640454,2.999948736528091,Self-Reg
252376357.54106522,255684176.6209008,6.933154328177226,9.900588145933657e-19,1.1057023860632983e-18,1.0567898320562532,423703710.9793903,44776577.35675211,8.389831876621329e-10,0.9999999999999973,0.7499691950716059,1.4999744861079893,2.9999489722159787,Self-Reg
254712740.80544913,258051182.1401387,6.885404985514643,9.630636513076248e-19,1.07555456408394e-18,1.0567900799456795,429601086.56442314,45399816.661516756,8.274663820649153e-10,0.9999999999999973,0.749969378042469,1.4999746034100536,2.9999492068201072,Self-Reg
257070753.22246554,260440100.2986417,6.837984485959017,9.368045441329778e-19,1.0462287432926286e-18,1.0567903266954737,435580545.07404464,46031730.6530992,8.161076679225712e-10,0.9999999999999973,0.7499695598871983,1.4999747201727311,2.9999494403454623,Self-Reg
259450595.02477673,262851133.95345986,6.790890564962915,9.112614236002157e-19,1.0177025113308863e-18,1.056790572310875,441643228.97929984,46672440.071025714,8.049048751261479e-10,0.9999999999999974,0.7499697406129353,1.4999748363985026,2.999949672797005,Self-Reg
261852468.29870817,265284487.83960184,6.7441209735714995,8.864147674587052e-19,9.899540669244166e-19,1.0567908167970996,447790296.652681,47322067.33534023,7.93855863355304e-10,0.9999999999999972,0.7499699202267756,1.4999749520898376,2.999949904179675,Self-Reg
264276577.00140694,267740368.5874181,6.697673478315238,8.622455857558311e-19,9.629622032216857e-19,1.056791060159339,454022922.58944464,47980736.56999407,7.82958521669422e-10,0.9999999999999976,0.7499700987357678,1.4999750672491945,2.999950134498389,Self-Reg
266723126.97815856,270218984.74014485,6.651545861103336,8.387354063232607e-19,9.367062915867792e-19,1.0567913024027613,460342297.6320096,48648573.626561105,7.722107681043359e-10,0.9999999999999978,0.7499702761469158,1.4999751818790201,2.9999503637580403,Self-Reg
269192325.9798698,272720546.77161586,6.605735919117821,8.158662606588917e-19,9.111662658340919e-19,1.0567915435325104,466749629.19749266,49325706.1082845,7.616105492745675e-10,0.9999999999999977,0.7499704524671772,1.49997529598175,2.9999505919635,Self-Reg
271684383.68070894,275245267.10413414,6.560241464708413,7.9362067019378435e-19,8.863226068929058e-19,1.0567917835537064,473246141.50839984,50012263.39445715,7.511558399810403e-10,0.9999999999999969,0.7499706277034648,1.4999754095598088,2.9999508191196176,Self-Reg
274199511.6959094,277793360.12650865,6.515060325288139,7.71981632933549e-19,8.621563278900992e-19,1.0567920224714467,479833075.82652795,50708376.66514113,7.408446428241832e-10,0.9999999999999972,0.7499708018626468,1.4999755226156095,2.999951045231219,Self-Reg
276737923.5997424,280365042.2122628,6.470190343229576,7.509326104639258e-19,8.386489596395296e-19,1.0567922602908044,486511690.6901336,51414178.92623269,7.306749878223222e-10,0.9999999999999972,0.7499709749515462,1.4999756351515545,2.999951270303109,Self-Reg
279299834.943651,282960531.7380059,6.425629375761903,7.304575153107283e-19,8.157825365271096e-19,1.0567924970168299,493283262.15438926,52129805.03487443,7.206449320353336e-10,0.9999999999999974,0.7499711469769422,1.499975747170035,2.99995149434007,Self-Reg
281885463.274551,285580049.10197395,6.3813752948686755,7.105406986444295e-19,7.935395827807314e-19,1.0567927326545496,500149084.03518474,52855391.72522128,7.107525591934655e-10,0.9999999999999971,0.7499713179455697,1.4999758586734309,2.9999517173468617,Self-Reg
284495028.15330786,288223816.74274915,6.337425987186189,6.911669383199496e-19,7.71903099114487e-19,1.056792967208968,507110468.1563381,53591077.634566545,7.00995979331227e-10,0.9999999999999976,0.7499714878641203,1.499975969664111,2.999951939328222,Self-Reg
287128751.17337984,290892059.1581467,6.293779353902637,6.723214272425945e-19,7.508565497370862e-19,1.0567932006850653,514168744.60023457,54337003.32983037,6.913733284263276e-10,0.9999999999999973,0.7499716567392417,1.4999760801444344,2.999952160288869,Self-Reg
289786855.9796332,293585002.9242773,6.250433310657941,6.539897620512069e-19,7.303838497144879e-19,1.0567934330877997,521325261.96195394,55093311.33441697,6.818827680435647e-10,0.9999999999999971,0.7499718245775387,1.4999761901167479,2.9999523802334958,Self-Reg
292469568.2873373,296302876.7147906,6.207385787444216,6.361579321098528e-19,7.104693526770577e-19,1.0567936644221056,528581387.6069487,55860146.15544687,6.725224849835882e-10,0.9999999999999971,0.7499719913855736,1.499976299583388,2.999952599166776,Self-Reg
295177115.90132856,299045911.3202908,6.164634728507003,6.188123087997087e-19,6.910978388619427e-19,1.0567938946928963,535938507.9322906,56637654.311366506,6.632906909365055e-10,0.9999999999999972,0.7499721571698658,1.4999764085466811,2.9999528170933623,Self-Reg
297909728.73535264,301814339.66793215,6.1221780922471805,6.019396351029092e-19,6.722545034814666e-19,1.056794123905061,543398028.631556,57425984.35994225,6.541856221402403e-10,0.999999999999997,0.749972321936892,1.4999765170089419,2.9999530340178837,Self-Reg
300667638.83159125,304608396.8412016,6.080013851123463,5.855270154703713e-19,6.53924945408625e-19,1.0567943520634673,550961374.9634123,58225286.92664563,6.452055390435598e-10,0.9999999999999974,0.7499724856930879,1.4999766249724749,2.9999532499449497,Self-Reg
303451080.3803636,307428320.0998788,6.038139991555664,5.695619059659223e-19,6.360951561711176e-19,1.0567945791729596,558629992.0239254,59035714.7334318,6.363487259737521e-10,0.999999999999997,0.7499726484448469,1.499976732439574,2.999953464879148,Self-Reg
306260289.74001825,310274348.900188,5.996554513828505,5.540321046791142e-19,6.187515092454114e-19,1.0567948052383611,566405345.0226817,59857422.62792115,6.276134908088339e-10,0.9999999999999978,0.7499728101985208,1.4999768394125228,2.9999536788250456,Self-Reg
309095505.45699435,313146724.9151233,5.955255431996298,5.389257423995247e-19,6.018807496427908e-19,1.0567950302644717,574288919.5627091,60690567.61298238,6.189981646543098e-10,0.9999999999999974,0.7499729709604208,1.4999769458935936,2.9999538917871873,Self-Reg
311956968.28608876,316045692.05498016,5.914240773788004,5.24231273545228e-19,5.854699837792318e-19,1.0567952542560703,582282221.924354,61535308.876733705,6.105011015242999e-10,0.9999999999999977,0.7499731307368164,1.4999770518850493,2.9999541037700985,Self-Reg
314844921.2108906,318971496.48805875,5.873508580513223,5.099374673387174e-19,5.695066696215932e-19,1.0567954772179127,590386779.3530486,62391807.82295514,6.021206780271137e-10,0.9999999999999972,0.7499732895339375,1.4999771573891416,2.9999543147782832,Self-Reg
317759609.4644196,321924386.6615724,5.833056906968627,4.960333992233507e-19,5.539786071023902e-19,1.056795699154734,598604140.3511289,63260228.10192898,5.938552930550862e-10,0.9999999999999974,0.7499734473579727,1.4999772624081118,2.9999545248162236,Self-Reg
320701280.5499479,324904613.3227422,5.792883821345143,4.825084425138757e-19,5.388739287959553e-19,1.0567959200712467,606935874.9736892,64140735.6417067,5.85703367478704e-10,0.9999999999999973,0.749973604215071,1.4999773669441916,2.999954733888383,Self-Reg
323670184.2620219,327912429.54009473,5.752987405135676,4.693522602745811e-19,5.241810908487813e-19,1.0567961399721422,615383575.1285777,65033498.67981375,5.776633438449022e-10,0.9999999999999978,0.7499737601113416,1.4999774709996019,2.9999549419992038,Self-Reg
326666572.70766485,330948090.7249422,5.7133657530436555,4.565547974189606e-19,5.098888641572176e-19,1.0567963588620892,623948854.880526,65938687.795390986,5.697336860795436e-10,0.9999999999999974,0.7499739150528539,1.4999775745765531,2.9999551491531062,Self-Reg
329690700.3277952,334011854.6530817,5.674016972891949,4.441062730247053e-19,4.959863257856188e-19,1.0567965767457366,632633350.75957,66856475.94178982,5.61912879193929e-10,0.9999999999999976,0.7499740690456379,1.4999776776772462,2.9999553553544924,Self-Reg
332742823.9188234,337103981.4866751,5.634939185532664,4.3199717285832046e-19,4.824628506185695e-19,1.0567967936277105,641438722.0737033,67787038.47961457,5.541994289953889e-10,0.9999999999999979,0.7499742220956853,1.4999777803038716,2.9999555606077433,Self-Reg
335823202.6544634,340224733.7963461,5.596130524757378,4.2021824210350637e-19,4.693081032406489e-19,1.0567970095126165,650366651.2259274,68730553.21022947,5.465918618018083e-10,0.9999999999999976,0.7499743742089485,1.4999778824586096,2.9999557649172193,Self-Reg
338932098.10773766,343374376.5834743,5.557589137208095,4.087604782878434e-19,4.565120300376348e-19,1.0567972244050388,659418844.0356891,69687200.40972954,5.390887241600919e-10,0.9999999999999973,0.7499745253913408,1.4999779841436307,2.9999559682872614,Self-Reg
342069774.2731946,346553177.3027031,5.519313182288709,3.976151244023069e-19,4.44064851513032e-19,1.0567974383095406,668597030.0648183,70657162.86338669,5.316885825684727e-10,0.9999999999999977,0.7499746756487383,1.4999780853610951,2.9999561707221902,Self-Reg
345236497.5893161,349761405.8846414,5.481300832077264,3.8677366220844335e-19,4.3195705481415956e-19,1.0567976512306643,677902962.9479538,71640625.90057054,5.243900232026709e-10,0.9999999999999977,0.7499748249869783,1.4999781861131534,2.9999563722263067,Self-Reg
348432536.9611537,352999334.75879633,5.44355027123856,3.762278057279582e-19,4.2017938646192944e-19,1.0567978631729302,687338420.7276353,72637777.43016213,5.171916516457583e-10,0.9999999999999973,0.7499749734118608,1.499978286401946,2.999956572803892,Self-Reg
351658163.78315264,356267238.8766965,5.406059696937619,3.659694949098948e-19,4.0872284527893806e-19,1.0567980741408398,696905206.1939915,73648807.9764535,5.100920926217837e-10,0.9999999999999973,0.7499751209291481,1.4999783862296037,2.9999567724592073,Self-Reg
354913651.9622038,359565395.7352459,5.3688273187535644,3.5599088947042894e-19,3.9757867551031126e-19,1.0567982841388723,706605147.2292054,74673910.71555194,5.030899897330179e-10,0.9999999999999974,0.7499752675445652,1.4999784855982472,2.9999569711964944,Self-Reg
358199277.9408994,362894085.40028447,5.331851358594181,3.462843629006585e-19,3.867383601321462e-19,1.0567984931714873,716440097.156748,75713281.51228853,4.961840052008222e-10,0.9999999999999976,0.7499754132638001,1.4999785845099878,2.9999571690199756,Self-Reg
361515320.7210133,366253590.5303764,5.295130050610979,3.368424966377524e-19,3.7619361434237246e-19,1.056798701243123,726411935.0954987,76767118.95764267,4.893728196100589e-10,0.9999999999999974,0.7499755580925037,1.4999786829669268,2.9999573659338536,Self-Reg
364862061.8871827,369644196.4008017,5.258661641115008,3.276580743950766e-19,3.6593637922913803e-19,1.056798908358198,736522566.3187451,77835624.40668282,4.826551316570416e-10,0.9999999999999976,0.7499757020362912,1.4999787809711558,2.9999575619423116,Self-Reg
368239785.6308306,373066190.9277928,5.222444388493022,3.187240766468525e-19,3.559588156117598e-19,1.05679911452111,746773922.6182488,78919002.01704213,4.760296579009003e-10,0.9999999999999978,0.7499758451007406,1.4999788785247574,2.999957757049515,Self-Reg
371648778.77428776,376519864.6929723,5.186476563124449,3.1003367526326153e-19,3.462532980496725e-19,1.0567993197362369,757167962.6733075,80017458.78792235,4.694951325184044e-10,0.9999999999999976,0.749975987291394,1.4999789756298036,2.9999579512596073,Self-Reg
375089330.7951547,380005510.9680343,5.150756447298764,3.0158022829178314e-19,3.368124090146746e-19,1.056799524007936,767706672.4250066,81131204.59964634,4.6305030706211865e-10,0.9999999999999973,0.7499761286137586,1.4999790722883577,2.9999581445767154,Self-Reg
378561733.8508797,383523425.7396448,5.115282335133524,2.9335727488085085e-19,3.276289332220979e-19,1.0567997273405452,778392065.4556519,82260452.25375766,4.566939502218951e-10,0.9999999999999976,0.749976269073305,1.499979168502473,2.999958337004946,Self-Reg
382066282.8035725,387073907.73458004,5.08005253249289,2.85358530341904e-19,3.186958521165199e-19,1.0567999297383817,789226183.3735042,83405417.51368101,4.504248475896277e-10,0.9999999999999972,0.7499764086754684,1.4999792642741938,2.9999585285483876,Self-Reg
385603275.24503917,390657258.44509023,5.045065356906784,2.77577881346094e-19,3.100063385078446e-19,1.056800131205744,800211096.2028497,84566319.14594637,4.4424180142724603e-10,0.9999999999999977,0.7499765474256497,1.4999793596055544,2.999958719211109,Self-Reg
389173011.5220497,394273782.15449786,5.0103191374906055,2.7000938125196043e-19,3.015537513536332e-19,1.0568003317469092,811348902.7794943,85743378.961986,4.381436304378977e-10,0.9999999999999973,0.7499766853292141,1.4999794544985805,2.999958908997161,Self-Reg
392775794.7618468,397923785.9630409,4.975812214865425,2.6264724556048433e-19,2.9333163068367693e-19,1.056800531366136,822641731.1517912,86936821.86051708,4.3212916954025406e-10,0.9999999999999974,0.7499768223914925,1.4999795489552876,2.9999590979105752,Self-Reg
396411930.8978846,401607579.81394887,4.941542941078781,2.554858474940802e-19,2.8533369266296853e-19,1.0568007300676632,834091738.9872284,88146875.87051097,4.261972696459276e-10,0.9999999999999972,0.749976958617782,1.4999796429776828,2.9999592859553657,Self-Reg
400081728.6958055,405325476.51976025,4.907509679526032,2.48519713696132e-19,2.775538247892858e-19,1.05680092785571,845701113.9846745,89373772.19476116,4.203467974399435e-10,0.9999999999999979,0.749977094013344,1.4999797365677634,2.999959473135527,Self-Reg
403785499.77966446,409077791.78889036,4.873710804872178,2.417435200477727e-19,2.6998608122169716e-19,1.0568011247344762,857472074.2923853,90617745.2540597,4.145766351642139e-10,0.999999999999998,0.7499772285834071,1.4999798297275175,2.999959659455035,Self-Reg
407523558.6583872,412864844.2524364,4.840144702974308,2.3515208759874235e-19,2.6262467823646016e-19,1.0568013207081421,869406868.9317995,91879032.73198561,4.0888568040399885e-10,0.9999999999999974,0.749977362333166,1.4999799224589245,2.999959844917849,Self-Reg
411296222.7524742,416686955.49123144,4.806809770804571,2.28740378609193e-19,2.554639898068118e-19,1.0568015157808694,881507778.2272369,93157875.62031703,4.032728458772946e-10,0.9999999999999974,0.7499774952677815,1.4999800147639544,2.9999600295279087,Self-Reg
415103812.42095894,420544450.0631561,4.773704416373605,2.225034926994066e-19,2.484985433032635e-19,1.0568017099568,893777114.2415979,94454518.26507747,3.977370592271053e-10,0.9999999999999976,0.7499776273923813,1.4999801066445677,2.9999602132891354,Self-Reg
418946650.98861074,424437655.53069764,4.740827058654559,2.164366631045052e-19,2.417230153111426e-19,1.056801903240057,906217221.2181125,95769208.4132217,3.922772628165719e-10,0.9999999999999977,0.7499777587120604,1.499980198102717,2.999960396205434,Self-Reg
422825064.7733875,428366902.48876286,4.708176127507623,2.1053525303128237e-19,2.351322275621698e-19,1.0568020956347448,918830476.0282321,97102197.25997058,3.868924135269162e-10,0.9999999999999974,0.7499778892318799,1.4999802891403446,2.9999605782806893,Self-Reg
426739383.1141513,432332524.59275657,4.675750063605039,2.0479475211435857e-19,2.287211429769521e-19,1.0568022871449485,931619288.6257819,98453739.49680762,3.8158148255814534e-10,0.9999999999999971,0.7499780189568689,1.499980379759385,2.99996075951877,Self-Reg
430689938.39863026,436334858.5869105,4.643547318356685,1.9921077296897774e-19,2.2248486181539453e-19,1.0568024777747347,944586102.5074018,99824093.36014017,3.763434552325083e-10,0.9999999999999974,0.7499781478920244,1.4999804699617627,2.9999609399235254,Self-Reg
434677066.0916407,440374244.3328748,4.6115663538361735,1.9377904783779463e-19,2.1641861793207062e-19,1.0568026675281512,957733395.1794019,101213520.68063848,3.7117733080064657e-10,0.9999999999999976,0.7499782760423107,1.4999805597493947,2.9999611194987894,Self-Reg
438701104.7635783,444451024.8385829,4.579805642707396,1.884954253290803e-19,2.1051777513367994e-19,1.0568028564092269,971063678.6311364,102622286.93326366,3.660821222503958e-10,0.9999999999999973,0.7499784034126601,1.4999806491241878,2.9999612982483757,Self-Reg
442762396.1191664,448565546.2873765,4.548263668151621,1.833558672438735e-19,2.0477782363583095e-19,1.0568030444219731,984579499.814952,104050661.28799045,3.6105685611822043e-10,0.9999999999999974,0.7499785300079732,1.499980738088041,2.999961476176082,Self-Reg
446861285.0264704,452718158.0674005,4.516938923795092,1.7835644548964397e-19,1.991943766164315e-19,1.0568032315703813,998283441.1328088,105498916.66123527,3.5610057230323706e-10,0.9999999999999973,0.7499786558331188,1.499980826642844,2.999961653285688,Self-Reg
450998119.54618794,456909212.8012767,4.485829913637082,1.734933390780996e-19,1.9376316686304352e-19,1.0568034178584258,1012178120.929702,106967329.76800281,3.51212323883782e-10,0.9999999999999976,0.749978780892935,1.4999809147904783,2.9999618295809567,Self-Reg
455173250.96120125,461139066.37604356,4.454935151978495,1.6876283120486256e-19,1.8848004351166025e-19,1.056803603290062,1026266193.9939222,108456181.17475548,3.46391176936507e-10,0.9999999999999976,0.7499789051922275,1.4999810025328162,2.9999620050656324,Self-Reg
459387033.8064026,465408077.9733731,4.424253163350971,1.641613064087723e-19,1.8334096887440347e-19,1.0568037878692274,1040550352.0642736,109965755.35301824,3.4163621035795935e-10,0.9999999999999971,0.7499790287357722,1.4999810898717219,2.9999621797434437,Self-Reg
463639825.8988061,469716610.1000765,4.393782482446403,1.5968524780863204e-19,1.783420153537021e-19,1.0568039715998414,1055033324.3443882,111496340.73373331,3.369465156885978e-10,0.9999999999999977,0.7499791515283136,1.4999811768090503,2.9999623536181006,Self-Reg
467931988.36792755,474065028.61888283,4.363521654047015,1.5533123441531005e-19,1.7347936244061916e-19,1.056804154485805,1069717878.0241616,113048229.76236734,3.323211969392391e-10,0.9999999999999974,0.7499792735745657,1.4999812633466487,2.9999625266932974,Self-Reg
472263885.6864584,478453702.7795146,4.3334692329558315,1.5109593851711718e-19,1.6874929379500815e-19,1.0568043365310016,1084606818.808492,114621718.95479086,3.277593704198689e-10,0.9999999999999972,0.7499793948792125,1.4999813494863552,2.9999626989727104,Self-Reg
476635885.7012011,482883005.25002897,4.303623783927781,1.4697612313649734e-19,1.6414819440530361e-19,1.056804517739297,1099702991.453299,116217108.95392658,3.232601645708301e-10,0.9999999999999976,0.7499795154469071,1.4999814352299998,2.9999628704599997,Self-Reg
481048359.6643213,487353312.14847916,4.27398388160107,1.4296863955603514e-19,1.596725478257195e-19,1.0568046981145385,1115009280.3091078,117834704.58719753,3.1882271979629495e-10,0.9999999999999973,0.7499796352822733,1.499981520579404,2.999963041158808,Self-Reg
485501682.2648592,491865003.074839,4.244548110429222,1.3907042491194805e-19,1.5531893348880807e-19,1.0568048776605563,1130528609.872096,119474814.9247639,3.144461883000536e-10,0.9999999999999973,0.7499797543899052,1.4999816055363806,2.999963211072761,Self-Reg
489996231.66055393,496418461.1432446,4.215315064613455,1.352784998531754e-19,1.5108402409127102e-19,1.0568050563811628,1146263945.342885,121137753.33857816,3.1012973392353626e-10,0.9999999999999977,0.7499798727743666,1.4999816901027347,2.9999633802054695,Self-Reg
494532389.509952,501014073.0145232,4.186283348035587,1.3158996626430492e-19,1.4696458305105902e-19,1.0568052342801526,1162218293.1930673,122823837.56225786,3.058725319860685e-10,0.999999999999997,0.7499799904401921,1.4999817742802624,2.9999635485605247,Self-Reg
499110541.00482327,505652228.92903453,4.157451574191338,1.2800200505057756e-19,1.4295746203379463e-19,1.0568054113613035,1178394701.7396631,124533389.75179654,3.016737691273094e-10,0.9999999999999972,0.7499801073918881,1.4999818580707522,2.9999637161415045,Self-Reg
503731074.9028569,510333322.73979473,4.128818366124216,1.2451187398330326e-19,1.3905959854665692e-19,1.0568055876283757,1194796261.7274945,126266736.54711111,2.9753264315187203e-10,0.9999999999999977,0.7499802236339305,1.4999819414759836,2.9999638829519673,Self-Reg
508394383.5606881,515057751.9459365,4.100382356359692,1.2111690560400213e-19,1.352680135978454e-19,1.0568057630851113,1211426106.9197648,128024209.13445677,2.934483628760508e-10,0.9999999999999976,0.7499803391707677,1.4999820244977289,2.9999640489954578,Self-Reg
513100862.96720177,519825917.72644895,4.072142186839992,1.1781450518571333e-19,1.3157980941988414e-19,1.0568059377352363,1228287414.6967638,129806143.30970025,2.8942014797667746e-10,0.9999999999999973,0.7499804540068182,1.4999821071377513,2.9999642142755025,Self-Reg
517850912.77716637,524638224.9742522,4.044096508859216,1.1460214874987548e-19,1.2799216725498363e-19,1.0568061115824592,1245383406.6629734,131612879.5424813,2.8544722884203425e-10,0.9999999999999976,0.7499805681464737,1.4999821893978065,2.999964378795613,Self-Reg
522644936.34516674,529495082.3305754,4.01624398299897,1.114773811372878e-19,1.2450234520079473e-19,1.056806284630471,1262717349.2625856,133444763.04126298,2.815288464248228e-10,0.9999999999999976,0.749980681594096,1.4999822712796416,2.999964542559283,Self-Reg
527483340.7598637,534396902.21966475,3.988583279064376,1.084378141316612e-19,1.211076761148916e-19,1.0568064568829465,1280292554.4036295,135302143.81929165,2.776642520971419e-10,0.9999999999999972,0.7499807943540197,1.4999823527849963,2.9999647055699925,Self-Reg
532366536.8785476,539344100.8837905,3.9611130760206454,1.0548112463434683e-19,1.178055655764049e-19,1.0568066283435429,1298112380.0907059,137185376.76146704,2.7385270750747353e-10,0.9999999999999974,0.7499809064305517,1.4999824339156018,2.9999648678312036,Self-Reg
537294939.3620434,544337098.4186091,3.9338320619299187,1.0260505288881409e-19,1.1459348990321132e-19,1.056806799015901,1316180231.0666366,139094821.69215405,2.700934844396083e-10,0.9999999999999973,0.7499810178279703,1.4999825146731816,2.999965029346363,Self-Reg
542268966.7099079,549376318.8088218,3.9067389338887066,9.98074007535586e-20,1.114689942232058e-19,1.0568069689036448,1334499559.4629369,141030843.44392756,2.663858646735301e-10,0.9999999999999981,0.7499811285505276,1.4999825950594512,2.9999651901189024,Self-Reg
547289041.2959735,554462189.964185,3.879832397965649,9.708603002208927e-20,1.0842969059814787e-19,1.0568071380103812,1353073865.4594176,142993811.92728108,2.627291398481956e-10,0.9999999999999974,0.7499812386024469,1.4999826750761178,2.9999653501522356,Self-Reg
552355589.4042132,559595143.7558436,3.853111169139754,9.443886078872819e-20,1.054732561986684e-19,1.0568073063397014,1371906697.9529321,144984102.20130324,2.5912261132620226e-10,0.9999999999999973,0.7499813479879259,1.4999827547248819,2.9999655094497637,Self-Reg
557469041.2649441,564775616.0530115,3.826573971239008,9.186386985896403e-20,1.0259743152902987e-19,1.0568074738951794,1391001655.235467,147002094.54534072,2.5556559006030966e-10,0.9999999999999978,0.7499814567111339,1.4999828340074346,2.999965668014869,Self-Reg
562629831.0913486,570004046.759969,3.8002195368795197,8.935908920316005e-20,9.980001870030218e-20,1.0568076406803728,1410362385.6815917,149048174.53165045,2.5205739646180664e-10,0.9999999999999976,0.7499815647762141,1.4999829129254603,2.9999658258509205,Self-Reg
567838397.1163619,575280879.8534349,3.774046607404931,8.692260445240806e-20,9.707887975060364e-20,1.0568078066988231,1429992588.4455934,151122733.09907603,2.4859736027066366e-10,0.9999999999999974,0.7499816721872835,1.4999829914806355,2.999965982961271,Self-Reg
573095181.6298691,580606563.420252,3.7480539328263944,8.455255343541031e-20,9.443193501115888e-20,1.0568079719540555,1449896014.1681926,153226166.6277356,2.451848204274899e-10,0.9999999999999972,0.7499817789484317,1.4999830696746288,2.9999661393492576,Self-Reg
578400631.0162729,585981549.6954454,3.722240271762856,8.224712475524379e-20,9.185716151689457e-20,1.056808136449579,1470076465.6931877,155358877.01476005,2.4181912494723165e-10,0.9999999999999976,0.7499818850637224,1.4999831475091012,2.9999662950182024,Self-Reg
583755195.792393,591406295.1006198,3.6966043913818067,8.000455640493689e-20,8.935259146037794e-20,1.0568083001888857,1490537798.7940185,157521271.751079,2.384996307946138e-10,0.9999999999999976,0.7499819905371938,1.4999832249857061,2.9999664499714123,Self-Reg
589159330.64573,596881260.2827246,3.671145067340389,7.782313442078875e-20,8.691631068790353e-20,1.056808463175453,1511283922.910498,159713763.9992813,2.352257037612819e-10,0.9999999999999977,0.7499820953728573,1.4999833021060889,2.9999666042121778,Self-Reg
594613494.4730699,602406910.1531646,3.6458610837269667,7.570119157241349e-20,8.45464572365918e-20,1.0568086254127411,1532318801.8957348,161936772.672553,2.3199671834464096e-10,0.9999999999999974,0.7499821995746988,1.4999833788718882,2.9999667577437763,Self-Reg
600118150.4194483,607983713.9272743,3.620751233003094,7.363710608850031e-20,8.22412199113728e-20,1.0568087869041956,1553646454.773475,164190722.51471603,2.2881205762835416e-10,0.9999999999999978,0.7499823031466791,1.4999834552847344,2.999966910569469,Self-Reg
605673765.9174842,613612145.1641682,3.59581431594583,7.162930041731413e-20,7.999883690076516e-20,1.0568089476532445,1575270956.5060048,166476044.18138304,2.2567111316447747e-10,0.9999999999999974,0.7499824060927327,1.4999835313462506,2.9999670626925012,Self-Reg
611280812.7270718,619292681.8069518,3.57104914159049,6.96762400209952e-20,7.781759443040025e-20,1.0568091076633015,1597196438.7727294,168793174.3222411,2.2257328485721556e-10,0.9999999999999973,0.7499825084167699,1.4999836070580526,2.999967214116105,Self-Reg
616939766.9754367,625025806.2233032,3.5464545271738026,6.777643220273453e-20,7.569582545325913e-20,1.056809266937764,1619427090.7595668,171142555.66447735,2.195179808482754e-10,0.9999999999999974,0.749982610122675,1.4999836824217485,2.999967364843497,Self-Reg
622651109.1975746,630812005.2464423,3.5220292980774,6.592842496592366e-20,7.363190837561656e-20,1.056809425480014,1641967159.9593832,173524637.0973726,2.1650461740378664e-10,0.9999999999999971,0.7499827112143078,1.4999837574389392,2.9999675148778784,Self-Reg
628415324.3770514,636651770.216465,3.497772287771762,6.413080590441593e-20,7.162426581772848e-20,1.056809583293418,1664820952.9835124,175939873.75806564,2.1353261880278143e-10,0.9999999999999974,0.7499828116955031,1.499983832111218,2.999967664222436,Self-Reg
634232901.9871808,642545597.0220608,3.4736823377605393,6.238220112304555e-20,6.967136340830914e-20,1.0568097403813261,1687992836.3845713,178388727.1185117,2.1060141722720543e-10,0.9999999999999977,0.7499829115700714,1.4999839064401712,2.9999678128803424,Self-Reg
640104336.032596,648493986.1426289,3.449758297525213,6.068127418757638e-20,6.777170861187351e-20,1.0568098967470743,1711487237.4907763,180871665.07365623,2.077104526534315e-10,0.9999999999999973,0.7499830108417985,1.4999839804273778,2.9999679608547556,Self-Reg
646030125.0911958,654497442.6907753,3.42599902447017,5.902672510328468e-20,6.592384958805644e-20,1.0568100523939827,1735308645.2518373,183389162.0308325,2.0485917274526765e-10,0.9999999999999974,0.749983109514446,1.499984054074409,2.999968108148818,Self-Reg
652010772.3564795,660556476.455201,3.402403383868162,5.741728932139181e-20,6.412637408203266e-20,1.056810207325356,1759461611.0966196,185941699.00040233,2.0204703274843409e-10,0.9999999999999974,0.7499832075917521,1.4999841273828294,2.9999682547656588,Self-Reg
658046785.6802835,666671601.944,3.3789702488061,5.585173677258543e-20,6.237790834518778e-20,1.056810361544484,1783950749.8027852,188529763.68766347,1.9927349538648366e-10,0.9999999999999976,0.7499833050774294,1.4999842003541959,2.9999684007083918,Self-Reg
664138677.6159015,672843338.4283438,3.355698500131261,5.432887092689582e-20,6.067711608522097e-20,1.0568105150546412,1808780740.3784916,191153850.58603087,1.965380307581568e-10,0.9999999999999976,0.7499834019751682,1.4999842729900588,2.9999685459801175,Self-Reg
670286965.4616016,679072209.9865695,3.332587026397888,5.2847527879206475e-20,5.902269744487436e-20,1.056810667859087,1833956326.9563503,193814461.07151383,1.9384011623614625e-10,0.9999999999999973,0.7499834982886345,1.4999843452919608,2.9999686905839216,Self-Reg
676492171.3045632,685358745.5486919,3.309634723814079,5.140657545969506e-20,5.741338800850339e-20,1.0568108199610655,1859482319.699897,196512103.49851522,1.9117923636724372e-10,0.9999999999999973,0.7499835940214707,1.4999844172614374,2.9999688345228748,Self-Reg
682754822.0652055,691703478.9413137,3.286840496189106,5.000491236853299e-20,5.584795783573772e-20,1.056810971363807,1885363595.7226193,199247293.29695815,1.8855488277386414e-10,0.9999999999999978,0.7499836891772964,1.4999844889000178,2.9999689778000356,Self-Reg
689075449.5419304,698106948.9329548,3.2642032548810813,4.864146733417763e-20,5.432521052148882e-20,1.0568111220705256,1911605100.019788,202020553.07076514,1.8596655405692026e-10,0.9999999999999976,0.7499837837597078,1.4999845602092232,2.9999691204184464,Self-Reg
695454590.4562885,704569699.279809,3.2417219187449513,4.7315198294612666e-20,5.284398228158507e-20,1.0568112720844216,1938211846.4132981,204832412.6977133,1.8341375570002565e-10,0.9999999999999976,0.7499838777722773,1.4999846311905687,2.9999692623811374,Self-Reg
701892786.498549,711092278.7719133,3.2193954140808976,4.602509160091605e-20,5.140314106334081e-20,1.05681142140868,1965188918.509602,207683409.4306719,1.8089599997501972e-10,0.9999999999999973,0.7499839712185555,1.4999847018455614,2.999969403691123,Self-Reg
708390584.3736933,717675241.2797425,3.1972226745830876,4.4770161242543133e-20,5.00015856803759e-20,1.0568115700464713,1992541470.67098,210574088.0002503,1.7841280584878816e-10,0.9999999999999973,0.74998406410207,1.4999847721757027,2.9999695443514054,Self-Reg
714948535.8478464,724319145.8012499,3.17520264128874,4.354944809373112e-20,4.8638244971022216e-20,1.0568117180009517,2020274729.000379,213505000.71887976,1.759636988913579e-10,0.9999999999999974,0.749984156426325,1.499984842182486,2.999969684364972,Self-Reg
721567197.7951255,731024556.50933,3.1533342625275727,4.236201918045336e-20,4.731207697967933e-20,1.0568118652752625,2048393992.3399131,216476707.58633852,1.7354821118525818e-10,0.9999999999999974,0.7499842481948035,1.4999849118673982,2.9999698237347965,Self-Reg
728247132.2449385,737792042.7997371,3.1316164938715625,4.1206966967358654e-20,4.602206816048813e-20,1.056812011872531,2076904633.2833207,219489776.39675272,1.7116588123612034e-10,0.9999999999999976,0.7499843394109654,1.49998498123192,2.99996996246384,Self-Reg
734988906.4296896,744622179.3394154,3.1100482980851343,4.00834086641579e-20,4.476723260272257e-20,1.0568121577958696,2105812099.2023883,222544782.84707257,1.6881625388451557e-10,0.9999999999999973,0.7499844300782487,1.4999850502775243,2.9999701005550485,Self-Reg
741793092.8329692,751515546.115321,3.0886286450755667,3.899048555091596e-20,4.3546611277293405e-20,1.0568123030483767,2135121913.2878406,225642310.64707795,1.664988802189876e-10,0.9999999999999977,0.7499845202000693,1.4999851190056774,2.999970238011355,Self-Reg
748660269.2381462,758472728.4836515,3.0673565118438724,3.7927362321747413e-20,4.235927130380479e-20,1.0568124476331364,2164839675.6045322,228782951.6308951,1.6421331749029499e-10,0.9999999999999972,0.7499846097798214,1.4999851874178398,2.9999703748356796,Self-Reg
755591018.7774429,765494317.2195632,3.0462308824359154,3.689322644640195e-20,4.1204305237588926e-20,1.0568125915532187,2194971064.161466,231967305.8700805,1.619591290268181e-10,0.9999999999999972,0.7499846988208773,1.499985255515464,2.999970511030928,Self-Reg
762585929.9814465,772580908.5673323,3.025250747893922,3.588728754925973e-20,4.008083037618343e-20,1.0568127348116791,2225521835.9966245,235195981.7882702,1.597358841511351e-10,0.9999999999999973,0.749984787326588,1.499985323299997,2.999970646599994,Self-Reg
769645596.8290964,779733104.2909967,3.004415106208268,3.4908776805256614e-20,3.898798808471506e-20,1.0568128774115597,2256497828.2769856,238469596.27743366,1.575431580977356e-10,0.9999999999999971,0.7499848753002823,1.4999853907728777,2.9999707815457555,Self-Reg
776770618.798101,786951511.7254345,2.9837229622697015,3.395694635228499e-20,3.7924943139682765e-20,1.0568130193558884,2287904959.413691,241788774.8157294,1.553805319318754e-10,0.9999999999999976,0.749984962745269,1.4999854579355398,2.9999709158710797,Self-Reg
783961600.915868,794236743.8279611,2.963173327821754,3.3031068719609654e-20,3.6890883090625355e-20,1.0568131606476785,2319749230.192953,245154151.58702344,1.5324759246953059e-10,0.9999999999999972,0.7499850496648348,1.4999855247894098,2.9999710495788197,Self-Reg
791219153.8108591,801589419.2303568,2.942765221413619,3.213043627187512e-20,3.588501763920127e-20,1.0568133012899306,2352036724.9224863,248566369.60204884,1.5114393219846405e-10,0.9999999999999974,0.749985136062246,1.4999855913359077,2.9999711826718154,Self-Reg
798543893.7644535,809010162.291411,2.922497668353253,3.1254360668268083e-20,3.4906578035192677e-20,1.05681344128563,2384773612.5940447,252026080.82126763,1.4906914920036623e-10,0.9999999999999974,0.7499852219407467,1.4999856575764468,2.9999713151528935,Self-Reg
805936442.7632748,816499603.1499342,2.902369700660855,3.040217233642895e-20,3.39548164889808e-20,1.05681358063775,2417966148.0620704,255533946.27943447,1.4702284707406919e-10,0.9999999999999971,0.7499853073035619,1.499985723512434,2.999971447024868,Self-Reg
813397428.5520201,824058377.7782794,2.882380357022612,2.9573219960705506e-20,3.302900560003794e-20,1.0568137193492493,2451620673.2388196,259090636.21190274,1.4500463485980947e-10,0.9999999999999974,0.7499853921538953,1.49998578914527,2.99997157829054,Self-Reg
820927484.6867425,831687128.0363237,2.862528682744858,2.876686998436404e-20,3.2128437801006434e-20,1.0568138574230728,2485743618.305968,262696830.1826716,1.4301412696454121e-10,0.9999999999999977,0.74998547649493,1.4999858544763485,2.999971708952697,Self-Reg
828527250.5886765,839386501.7259982,2.8428137297084253,2.798250612536792e-20,3.125242481692945e-20,1.0568139948621522,2520341502.9433002,266353217.21423894,1.410509430882602e-10,0.9999999999999973,0.7499855603298288,1.4999859195070573,2.9999718390141146,Self-Reg
836197371.5985113,847157152.646274,2.8232345563234267,2.72195289053643e-20,3.040029713923172e-20,1.0568141316694055,2555420937.5742764,270060495.9192377,1.3911470815135275e-10,0.999999999999997,0.7499856436617345,1.4999859842387777,2.9999719684775554,Self-Reg
843938499.0312057,854999740.6486934,2.803790227484267,2.6477355191509682e-20,2.957140351403854e-20,1.0568142678477381,2590988624.629105,273819374.6339225,1.372050522229323e-10,0.9999999999999976,0.7499857264937698,1.4999860486728844,2.999972097345769,Self-Reg
851751290.2312847,862914931.6933943,2.784479814525011,2.5755417750790477e-20,2.876511044444838e-20,1.0568144034000408,2627051359.825291,277630571.5535031,1.353216104501655e-10,0.9999999999999974,0.7499858088290373,1.4999861128107461,2.9999722256214922,Self-Reg
859636408.6286764,870903397.9056755,2.765302395175002,2.5053164816493238e-20,2.7980801706374016e-20,1.0568145383291918,2663616033.466124,281494814.8693734,1.3346402298856195e-10,0.9999999999999972,0.74998589067062,1.499986176653725,2.99997235330745,Self-Reg
867594523.7950206,878965817.633046,2.746257053514889,2.4370059666499402e-20,2.721787787758867e-20,1.056814672638056,2700689631.757042,285412842.908231,1.3163193493323117e-10,0.9999999999999976,0.7499859720215809,1.4999862402031772,2.9999724804063543,Self-Reg
875626311.5005547,887102875.5028554,2.727342879932825,2.3705580213073612e-20,2.6475755879607777e-20,1.0568148063294853,2738279238.140566,289385404.27315724,1.298249962510709e-10,0.9999999999999978,0.7499860528849637,1.4999863034604521,2.9999726069209043,Self-Reg
883732453.7714732,895315262.4804052,2.7085589710810902,2.3059218603841365e-20,2.5753868532066585e-20,1.056814939406318,2776392034.6495786,293413257.9866378,1.2804286171389745e-10,0.9999999999999973,0.7499861332637926,1.4999863664268935,2.999972732853787,Self-Reg
891913638.9478565,903603675.9276367,2.6899044298329273,2.243048083364338e-20,2.5051664119244554e-20,1.0568150718713798,2815035303.279608,297497173.635591,1.2628519083248577e-10,0.9999999999999977,0.7499862131610727,1.499986429103839,2.999972858207678,Self-Reg
900170561.7421143,911968819.6623411,2.6713783652397214,2.1818886366974967e-20,2.4368605968410524e-20,1.056815203727483,2854216427.380112,301637931.5184041,1.245516477915202e-10,0.9999999999999971,0.7499862925797898,1.4999864914926193,2.9999729829852386,Self-Reg
908503923.2979889,920411404.0179354,2.652979892488432,2.1223967770718478e-20,2.3704172039663112e-20,1.0568153349774276,2893942893.0652285,305836322.7940275,1.2284190138543276e-10,0.9999999999999977,0.7499863715229101,1.4999865535945598,2.9999731071891196,Self-Reg
916914431.2500863,928932145.9037741,2.6347081328593602,2.064527035689144e-20,2.3057854526955927e-20,1.056815465624,2934222290.6440496,310093149.6331311,1.2115562495512773e-10,0.9999999999999976,0.749986449993382,1.4999866154109796,2.999973230821959,Self-Reg
925402799.7839582,937531768.8660188,2.6165622136842104,2.0082351835135295e-20,2.2429159470001142e-20,1.0568155956699745,2975062316.070821,314409225.37136775,1.1949249632557375e-10,0.9999999999999977,0.7499865279941338,1.499986676943191,2.999973353886382,Self-Reg
933969749.6967584,946211003.149089,2.598541268304391,1.953478197467823e-20,2.181760637675312e-20,1.0568157251181116,3016470772.415409,318785374.66477805,1.178521977442488e-10,0.9999999999999977,0.7499866055280763,1.4999867381925018,2.9999734763850037,Self-Reg
942616008.4584463,954970585.7576687,2.5806444360296465,1.9002142275516152e-20,2.1222727856186767e-20,1.0568158539711605,3058455571.35416,323222433.64734995,1.1623441582043391e-10,0.9999999999999974,0.7499866825981012,1.4999867991602123,2.9999735983204245,Self-Reg
951342310.2735571,963811260.5192856,2.5628708620969625,1.8484025648559115e-20,2.064406926108809e-20,1.0568159822318566,3101024734.6815147,327721250.0907727,1.1463884146533902e-10,0.9999999999999973,0.7499867592070818,1.4999868598476176,2.999973719695235,Self-Reg
960149396.143559,972733778.1474854,2.54521969762973,1.7980036104498145e-20,2.008118834058353e-20,1.0568161099029236,3144186395.8427343,332282683.56642115,1.1306516983304884e-10,0.9999999999999976,0.7499868353578728,1.4999869202560063,2.9999738405120127,Self-Reg
969038013.9297676,981738896.3055714,2.5276900995972285,1.7489788451156688e-20,1.9533654902144546e-20,1.0568162369870713,3187948801.4878616,336907605.6095846,1.1151310026228274e-10,0.9999999999999972,0.7499869110533114,1.499986980386662,2.999973960773324,Self-Reg
978008918.4168448,990827379.6709352,2.5102812307743845,1.701290799909389e-20,1.9001050482807785e-20,1.0568163634869991,3232320313.0473223,341596899.88598293,1.0998233621895323e-10,0.9999999999999976,0.7499869862962161,1.4999870402408613,2.9999740804817225,Self-Reg
987062871.3769016,1000000000.0,2.4929922597017744,1.6549030275234177e-20,1.848296802935856e-20,1.0568164894053924,3277309408.329531,346351462.3606078,1.0847258523951074e-10,0.9999999999999977,0.749987061089388,1.4999870998198754,2.999974199639751,Self-Reg
