R,R/Rg,Tc,rho,P,cs,H,visc,Sigma,Q,grad_T,grad_Sigma,grad_P,zone
9.870628713769017,10.0,209161.4657005768,3.91517245626857e-06,0.9160774410161283,483.7162149632688,1.5000595828634522,725.6031436420889,1.1677812635693812e-05,4251572143.8422503,0.3749999999999277,0.1778180391519655,1.5000100607892077,Standard
10.05432279367872,10.186101701559759,207720.1719770907,3.783474989165392e-06,0.8910869755709698,485.3048306803674,1.5471929937394755,750.8602338565868,1.1639586031688015e-05,4162799344.88901,0.37500000000005684,0.14528340698370812,1.5000091143521104,Standard
10.241435451672185,10.375666787451859,206288.80994723854,3.664991766722184e-06,0.8667782768077442,486.3148234447806,1.5938938518377992,775.1342071462204,1.161541260682483e-05,4066111203.588834,0.375,0.08237531514691909,1.5000073093725632,Standard
10.432030308069244,10.56875971184804,204867.31117352084,3.558181333707435e-06,0.843132741842457,486.78135907679706,1.6401661278642243,798.4022968334749,1.1604280292250863e-05,3962781278.0119953,0.375,0.0235822360291138,1.5000056662876773,Standard
10.626172167174708,10.765446128423154,203455.6076900285,3.461732466454567e-06,0.8201322759866714,486.737941721822,1.6860137539367712,820.6468643058664,1.160531540647983e-05,3853990280.5700054,0.37500000000005684,-0.03148464825136443,1.5000041596645701,Standard
10.823927039312522,10.965792912678099,202053.63199919323,3.3745238629493033e-06,0.7977592787541402,486.2164860419764,1.7314406288542856,841.8549783518406,1.1617761828781133e-05,3740826458.8623824,0.375,-0.08316669212717898,1.5000027683104236,Standard
11.025362163269994,11.169868184678231,200661.31706856017,3.2955919338426895e-06,0.7759966302759526,485.24738323019113,1.7764506120330665,862.018010926717,1.1640964027031514e-05,3624287095.987173,0.375,-0.13176478974054362,1.5000014744398982,Standard
11.230546029159708,11.377741332214914,199278.596327583,3.2241047979824525e-06,0.7548276781066913,483.8595679656865,1.8210475301790237,881.1312711974027,1.1674352862388247e-05,3505281036.10903,0.37499999999994316,-0.17754510649302802,1.5000002630249014,Standard
11.439548401706883,11.589483034398107,197905.40366444105,3.159341218970407e-06,0.734236224406675,482.0805798985236,1.8652351740806261,899.1936543679117,1.171743390470524e-05,3384631859.677117,0.375,-0.22074409278877738,1.4999991212777104,Standard
11.652440343970168,11.80516528568805,196541.67342287794,3.1006733903627326e-06,0.7142065134863854,479.9366239457772,1.9090173001021342,916.2073180651008,1.1769777607634163e-05,3263081621.499786,0.375,-0.2615724645818034,1.4999980382453941,Standard
11.86929424150381,12.024861420374123,195187.34039906287,3.0475528036101325e-06,0.6947232197006601,477.45262748960715,1.9523976291476794,932.1773779410391,1.1831011083863195e-05,3141294951.035567,0.375,-0.3002186128277913,1.499997004484328,Standard
12.09018382696954,12.248646137509313,193842.3398384728,2.999498566467949e-06,0.6757714356810101,474.65229591401527,1.9953798482209872,947.1116261786509,1.1900811132860948e-05,3019863415.257058,0.37499999999994316,-0.33685140864440655,1.4999960117975775,Standard
12.315184205206469,12.476595526308698,192506.60743279636,2.9560877017950515e-06,0.6573366608952929,471.5581658959101,2.0379676121930137,961.020269361005,1.197889832713205e-05,2899310022.8369784,0.37499999999994316,-0.3716227825365479,1.499995053022758,Standard
12.544371878767548,12.70878709202059,191180.07931685893,2.9169470647612798e-06,0.6394047905246258,468.1916553726132,2.080164540618201,973.9156797194471,1.2065032035096407e-05,2780093762.646774,0.375,-0.4046698111052649,1.4999941218580943,Standard
12.777824773931242,12.945299782279154,189862.6920655695,2.8817465513517506e-06,0.6219621046478221,464.57311261313436,2.1219742193050073,985.8121679473531,1.2159006117329221e-05,2662614152.2303753,0.375,-0.4361163306987521,1.4999932127224156,Standard
13.015622267197344,13.186214013947485,188554.38269088758,2.8501933727934004e-06,0.604995257724222,460.72186362337277,2.163400203637044,996.7257735828429,1.226064521623737e-05,2547215721.2457776,0.375,-0.46607466459391844,1.4999923206372614,Standard
13.257845212275795,13.43161170046016,187255.08863881198,2.822027234996293e-06,0.5884912683662661,456.65625565851593,2.2044460128401564,1006.6740620249304,1.2369801663890271e-05,2434192347.997842,0.375,-0.4946468316349808,1.4999914411302484,Standard
13.504575967577836,13.681576279674719,185964.74778638984,2.7970162093643384e-06,0.5724375093932187,452.3937018666778,2.245115137928387,1015.6759483643399,1.2486352667968722e-05,2323791499.9094763,0.375,-0.5219257327735534,1.4999905701542389,Standard
13.755898424218762,13.936192742241428,184683.29843874613,2.774953249319806e-06,0.5568216981582155,447.9507208830904,2.285411034214094,1023.7515202903725,1.261019804102067e-05,2216218247.777508,0.375,-0.5479961659249568,1.499989704020095,Standard
14.011898034541792,14.195547660501015,183410.67932613424,2.755653173289207e-06,0.5416318871406328,443.342977837391,2.325337128754946,1030.9218871380663,1.2741258075266234e-05,2111639140.2903488,0.375,-0.5729356766240983,1.499988839339096,Standard
14.27266184117279,14.459729217920195,182146.8296010061,2.738950107029497e-06,0.5268564547964827,438.5853208100762,2.3648968132839263,1037.2090275368578,1.2879471846919978e-05,2010185831.4993522,0.375,-0.596815336050895,1.499987972974509,Standard
14.538278506615718,14.728827239075025,180891.6888351031,2.7246952479485254e-06,0.5124840966594015,433.69181847330225,2.4040934510876513,1042.6356605819603,1.3024795596189468e-05,1911958540.1287374,0.375,-0.6197002896824415,1.4999871020028763,Standard
14.808838343398804,15.002933220192185,179645.19701656676,2.7127549521683573e-06,0.4985038166853653,428.67579444957937,2.4429303748905005,1047.225119241194,1.3177201404613134e-05,1817029269.6066308,0.375,-0.6416505589228052,1.4999862236750232,Standard
15.084433344781791,15.2821403602587,178407.29454706953,2.703009076444614e-06,0.48490491883428893,423.54986024990876,2.481410884425545,1051.001233321042,1.3336676045784196e-05,1725444817.3717859,0.375,-0.6627213803843404,1.499985335388999,Standard
15.365157216034655,15.56654359271062,177177.9222389651,2.695349519143623e-06,0.4716769988818721,418.3259482372951,2.519538252037688,1053.9882284038029,1.3503219897649495e-05,1637229592.1131196,0.37499999999994316,-0.682963721888683,1.4999844346630198,Standard
15.651105406298374,15.856239617711372,175957.02131245847,2.6896789701695582e-06,0.45880993645543194,413.0153413807875,2.5573157175716936,1056.2106241113265,1.367684609933551e-05,1552388201.747813,0.37500000000005684,-0.702424726440654,1.499983519110856,Standard
15.942375141038697,16.151326935030905,174744.53339279548,2.6859097996317685e-06,0.446293887287409,407.62870329354007,2.5947464922538868,1057.6931480129135,1.3857579723572053e-05,1470907861.847835,0.37499999999994316,-0.7211479723737853,1.4999825864251761,Standard
16.239065455103827,16.451905877536625,173540.4005074719,2.6839630926464107e-06,0.43411927568062253,402.17610626238235,2.6318337580904716,1058.4606531587187,1.4045457095894999e-05,1392760602.5744996,0.375,-0.7391739132102089,1.499981634357141,Standard
16.541277226397337,16.75807864530768,172344.5650834615,2.6837678035458253e-06,0.42227678717942063,396.667057960367,2.6685806661648654,1058.5380417775334,1.4240525211962989e-05,1317905291.3721838,0.375,-0.7565400223247707,1.4999806607028177,Standard
16.849113210177755,17.069949340384078,171156.9699444634,2.685259995546858e-06,0.4107573614410057,391.1105282187914,2.7049903428292943,1057.9502018106948,1.4442841146822525e-05,1246289493.442659,0.37499999999994316,-0.7732812102271112,1.4999796632867515,Standard
17.162678073996457,17.387624002162504,169977.55830816802,2.6883822003627188e-06,0.3995521853015688,385.5149723396975,2.7410658800324432,1056.721936921996,1.4652471700854434e-05,1177851143.314177,0.37500000000005684,-0.7894299517780325,1.4999786399519621,Standard
17.482078433285764,17.711210643450876,168806.27378354265,2.6930828121372215e-06,0.38865268603168757,379.88835646914697,2.7768103466040643,1054.8779187979403,1.4869492881703334e-05,1112520091.7516825,0.37499999999994316,-0.805016472227635,1.4999775885468694,Standard
17.80742288760933,18.040819287193827,167643.0603681347,2.6993155881326097e-06,0.37805052477600554,374.2381790322876,2.8122267793858096,1052.4426289431801,1.509398965455631e-05,1050219478.3659855,0.375,-0.8200690327594771,1.4999765069150044,Standard
18.13882205758716,18.376562003881716,166487.86244539454,2.7070391773525667e-06,0.3677375901719631,368.57149339459403,2.8473181896526065,1049.4403173298533,1.5326055576406035e-05,990866988.506954,0.37500000000005684,-0.8346139961444408,1.499975392886597,Standard
18.47638862250782,18.71855294965579,165340.62478201598,2.716216720348907e-06,0.35770599214280163,362.89492815950393,2.8820875591661292,1045.8949577329922,1.5565792583716348e-05,934375970.1932641,0.375,-0.848676017060086,1.499974244268003,Standard
18.820237358640615,19.06690840512252,164201.29252529558,2.7268154773882757e-06,0.34794805585997485,357.2147077134612,2.9165378447365176,1041.8302137428032,1.5813310726782736e-05,880656442.7733053,0.375,-0.8622781994982915,1.499973058833973,Standard
19.17048517826077,19.421746814890255,163069.81120050987,2.7388065145046293e-06,0.3384563158704213,351.53667066751177,2.9506719730035327,1037.2694016216,1.606872804387063e-05,829615986.5678223,0.375,-0.8754421780428459,1.4999718343205473,Standard
19.527251169400813,19.78318882784164,161946.12670831085,2.7521644014308535e-06,0.3292235103840806,345.8662889990612,2.9844928473423664,1032.235465654546,1.633217033523098e-05,781160543.5226945,0.375,-0.8881882509875538,1.4999705684155629,Standard
19.890656636341838,20.151357338155574,160830.1853221393,2.7668669652186625e-06,0.3202425757173886,340.2086847728922,3.0180033413899507,1026.750947414469,1.6603771110400488e-05,735195113.2167354,0.375,-0.9005355336327625,1.4999692587521167,Standard
20.26082514085825,20.52637752709252,159721.93368565603,2.7828950511911114e-06,0.3115066408883807,334.5686474051195,3.0512063031935823,1020.8379658134518,1.6883671445862673e-05,691624373.4971163,0.375,-0.912501915449127,1.499967902903677,Standard
20.637882544230084,20.9083769055575,158621.31881019069,2.800232314152822e-06,0.303009022359315,328.95064978674503,3.0841045561146374,1014.5181977441708,1.7172019900899282e-05,650353220.1830742,0.375,-0.9241042693913073,1.499966498373567,Standard
21.021957050037248,21.297485357455198,157528.2880722081,2.818865037577027e-06,0.29474321892278965,323.3588633320703,3.1167008961318916,1007.8128591192534,1.746897249493013e-05,611287233.7421588,0.37500000000005684,-0.9353585082504594,1.499965042589963,Standard
21.413179247750058,21.693835183851842,156442.78921079257,2.8387819633536944e-06,0.2867029067273987,317.79717288770354,3.148998093822131,1000.7426916454406,1.777469265311495e-05,574333084.9464366,0.375,-0.9462796024265003,1.4999635328996987,Standard
21.811682157131095,22.09756114795902,155364.77032514868,2.8599741417982873e-06,0.2788819344391325,312.26919080552614,3.1809988946157555,993.3279507749351,1.8089351189090567e-05,539398880.7990971,0.37499999999994316,-0.9568816755910632,1.49996196656042,Standard
22.21760127346337,22.50880052095462,154294.17987212012,2.8824347969521376e-06,0.2712743185348196,306.7782704051708,3.2127060190503145,985.5883958445372,1.8413126304667464e-05,506394457.66607124,0.375,-0.9671780958467195,1.4999603407345035,Standard
22.631074613620132,22.927693128656486,153230.96666372515,2.9061592090481157e-06,0.2638742387240024,301.3275186720464,3.244122161096719,977.543281072271,1.8746203627576758e-05,475231625.9539768,0.375,-0.9771814657934783,1.4999586524818938,Standard
23.052242762992197,23.354381399064792,152175.07986470882,2.9311445990793287e-06,0.25667603349570933,295.91980893795204,3.2752499921840967,969.2113519111467,1.908877619869593e-05,445824374.6751228,0.375,-0.9869036827072648,1.4999568987544762,Standard
23.481248923288334,23.789010410788933,151126.46899011315,2.9573900357569936e-06,0.24967419578676936,290.5577924128638,3.306092158939256,960.610839214869,1.9441044544835444e-05,418089034.55352175,0.375,-0.9963560918469057,1.4999550763860157,Standard
23.91823896122555,24.231727942375993,150085.08390286253,2.984896352821619e-06,0.24286336876831321,285.2439092207714,3.3366512807226956,951.7594550198351,1.9803216768520583e-05,391944407.2652775,0.375,-1.0055493562869628,1.4999531820886318,Standard
24.36336145812525,24.682684522556926,149050.87481136693,3.01366605645266e-06,0.2362383417472003,279.9803998590947,3.366929957767588,942.6743958733341,2.0175508524992995e-05,367311868.044454,0.375,-1.0144936146031966,1.4999512124437615,Standard
24.81676776043249,25.142033481427966,148023.79226714122,3.0437032728427806e-06,0.22979404617934618,274.7693146277911,3.3969307614593753,933.372337164253,2.0558143221756173e-05,344115434.62751484,0.37499999999994316,-1.023198494438617,1.4999491638948825,Standard
25.278612031175484,25.609931002584595,147003.78716244063,3.075013668656073e-06,0.22352555179174322,269.6125242589534,3.42665624393102,923.8694396939462,2.0951352000270474e-05,322281819.1884246,0.375,-1.0316731139251942,1.4999470327396125,Standard
25.749051302382544,26.08653617622548,145990.81072791317,3.1076044096223552e-06,0.2174280628103623,264.5117286440604,3.4561089301473316,914.1813474954448,2.135537393797991e-05,301740453.4328731,0.375,-1.0399261549632968,1.4999448151216939,Standard
26.228245528474833,26.572011053245053,144984.81453026744,3.141484098450374e-06,0.21149691429090484,259.46846636422646,3.4852913249797384,904.3231949250355,2.1770456079753042e-05,282423499.98481554,0.37500000000005684,-1.0479658374877658,1.4999425070243433,Standard
26.716357640652458,27.06652070033241,143985.75046995716,3.1766627393631235e-06,0.20572756854971655,254.48412288541527,3.5142059085888135,894.309608285968,2.219685362166666e-05,264265844.35679832,0.37500000000005684,-1.0558000221213888,1.4999401042591103,Standard
27.213553602292905,27.57023325609584,142993.57077888123,3.2131516954230686e-06,0.2001156116920463,249.5599389149256,3.542855138709654,884.1547120008114,2.263483002036853e-05,247205075.08181843,0.375,-1.0634361689409104,1.4999376024588287,Standard
27.720002465380347,28.083319988231725,142008.22801809994,3.250963655617887e-06,0.1946567502350356,244.69701817269632,3.571241450150548,873.8721340265749,2.3084657146302924e-05,231181451.22520974,0.37499999999994316,-1.070881365051548,1.4999349970693174,Standard
28.235876427985126,28.60595535175742,141029.67507556672,3.290112601689785e-06,0.18934680782283148,239.89633498701215,3.5993672568378803,863.4750131876631,2.3546615413626138e-05,216137860.32766232,0.375,-1.0781423902534755,1.4999322833372162,Standard
28.761350892813034,29.13831704832787,140057.86516387545,3.330613789019684e-06,0.1841817220313409,235.15874117411215,3.627234948355398,852.976004398001,2.402099399049746e-05,202019766.77274925,0.37500000000005684,-1.0852256918124397,1.4999294563026524,Standard
29.296604526844014,29.680586086656024,139092.7518180236,3.3724837157776264e-06,0.17915754126012573,230.48497316762226,3.6548468949592974,842.3872885164611,2.4508090908307144e-05,188775154.6736076,0.375,-1.0921374253276213,1.4999265107877022,Standard
29.84181932208091,30.23294684405778,138134.28889319062,3.41574011388602e-06,0.1742704217091329,225.87565817007348,3.682205442559362,831.7205778555227,2.5008213311376526e-05,176354463.1544378,0.37499999999994316,-1.098883482592214,1.4999234413846807,Standard
30.397180657428724,30.795587129142266,137182.4305625315,3.460401926060044e-06,0.16951662443786747,221.33132061812148,3.7093129170433174,820.9871265150539,2.5521677592320342e-05,164710518.56514394,0.37499999999994316,-1.1054694570135553,1.4999202424481837,Standard
30.96287736172539,31.368698245668767,136237.13131498566,3.5064892968472192e-06,0.1648925125048204,216.85238797198477,3.73617162260371,810.1977382347795,2.6048809615561836e-05,153798462.02142927,0.375,-1.1119007087035868,1.4999169080809338,Standard
31.53910177794571,31.952475057592117,135298.345953101,3.554023561579846e-06,0.1603945481849289,212.4391963995528,3.762783842711333,799.3627757708167,2.658994491425079e-05,143575674.59835845,0.375,-1.1181823729911002,1.4999134321207634,Standard
32.12604982859992,32.54711605531848,134366.02959087293,3.6030272423649886e-06,0.15601929026295616,208.0919960618357,3.7891518387358536,788.4921695039187,2.714542892882435e-05,134001700.25309834,0.375,-1.1243193504008673,1.4999098081303828,Standard
32.72392108234952,33.15282342319425,133440.13765159808,3.653524039105232e-06,0.1517633914006971,203.81095637250542,3.815277852509589,777.5954279468181,2.7715617198965958e-05,125038167.9281819,0.375,-1.1303163186340726,1.499906029383851,Standard
33.33291882186277,33.76980310825091,132520.62586574318,3.7055388302458597e-06,0.14762359557602572,199.5961707910767,3.841164104954201,766.681646728992,2.8300875619605228e-05,116648712.50622803,0.375,-1.1361777723211333,1.4999020888503196,Standard
33.95325011293294,34.39826489022924,131607.45026882816,3.759097672024604e-06,0.1435967355918006,195.44766149920886,3.8668127966701733,755.7595185644011,2.8901580678385238e-05,108798895.85468179,0.37500000000005684,-1.14190802239861,1.4998979791812417,Standard
34.585125874883026,35.03842245290674,130700.5671993243,3.814227802170888e-06,0.13967973065273565,191.36538379283044,3.8922261072996442,744.8373428318708,2.9518119720231837e-05,101456128.06579083,0.3749999999998863,-1.1475111885594913,1.4998936926954798,Standard
35.228760952280446,35.69049345675229,129799.93329656647,3.870957640770968e-06,0.1358695840083664,187.3492303883582,3.917406197364512,733.9230361948261,3.015089118401061e-05,94589589.6070939,0.375,-1.152991208393729,1.4998892213636736,Standard
35.88437418798658,36.354699612933196,128905.5054986801,3.9293167977477874e-06,0.13216338066032934,183.39903539954395,3.9423552076523407,723.024142285808,3.080030488445735e-05,88170154.28769733,0.375,-1.1583518867975329,1.499884556789766,Standard
36.552188497565716,37.03126675869927,128017.2410405221,3.9893360831886095e-06,0.1285582851321894,179.51457810588337,3.96707525812235,712.147841276122,3.14667823120795e-05,82170313.54623292,0.37500000000005684,-1.1635968517182675,1.4998796901958826,Standard
37.2324309450787,37.720424934169976,127135.09745163641,4.051047510903997e-06,0.1250515393000938,175.69558673300313,3.9915684510703833,701.3009609957554,3.215075687575068e-05,76564102.57934311,0.37499999999994316,-1.1687295940409683,1.4998746124024933,Standard
37.925332820287245,38.422408460550606,126259.03255422285,4.114484316869834e-06,0.12164046028263112,171.9417417509503,4.01583686768478,690.4899856174018,3.28526742586235e-05,71327027.79181844,0.375,-1.1737534746673361,1.499869313810052,Standard
38.63112971729479,39.13745601980384,125389.00446112118,4.179680965972834e-06,0.11832243838823424,168.25267930572028,4.039882571236908,679.7210666910921,3.3572992678953594e-05,66435996.58437494,0.375,-1.1786716990714297,1.4998637843802953,Standard
39.35006161465122,39.86581073580441,124524.97157380774,4.246673168924326e-06,0.11509493511859317,164.62799429371248,4.063707605986548,669.0000325696693,3.431218322857236e-05,61869248.91355903,0.37499999999994316,-1.1834873677709368,1.4998580136131636,Standard
40.08237295694801,40.607720257003656,123666.89258040678,4.315497898633093e-06,0.1119554812265344,161.06724333154645,4.087313997137145,658.3323981493243,3.507073020539042e-05,57606291.06715292,0.375,-1.1882034648488684,1.4998519905263379,Standard
40.82831273793207,41.36343684063274,122814.72645371535,4.38619340763968e-06,0.10890167482688205,157.56994758720035,4.110703751005298,647.7233745924127,3.584913145282626e-05,53627831.66393126,0.375,-1.1928228456564227,1.499845703632559,Standard
41.5881345851664,42.13321743847289,121968.43244924129,4.458799244540478e-06,0.1059311795588495,154.13559551195286,4.13387885633561,637.1778792955598,3.664789868945657e-05,49915719.95583349,0.37499999999994316,-1.197348263015101,1.4998391409154124,Standard
42.36209684626594,42.91732378422157,121127.97010325556,4.5333562775988466e-06,0.10304172279857642,150.76364533125084,4.156841282902738,626.7005448738502,3.7467557896278775e-05,46452886.31179656,0.37500000000005684,-1.2017823752847505,1.4998322898037486,Standard
43.150462676738876,43.716022482485045,120293.29923085714,4.609906714518659e-06,0.10023109392041542,147.4535275030692,4.179592982592458,616.295728810332,3.830864967223227e-05,43223285.10968955,0.375,-1.206127727123203,1.49982513714707,Standard
43.95350012946208,44.529585099426555,119464.37992405197,4.688494124942382e-06,0.09749714260565767,144.20464702425554,4.202135889826153,605.9675227403363,3.917172961151197e-05,40211839.897788316,0.37499999999994316,-1.2103867810676263,1.4998176691859157,Standard
44.77148224582204,45.35828825510186,118641.17254984482,4.76916346747186e-06,0.09483777719740227,141.0163855699242,4.224471920573166,595.7197611808637,4.005736871857362e-05,37404390.80460383,0.37500000000005684,-1.2145619066757263,1.4998098715255423,Standard
45.60468714855207,46.20241371751313,117823.63774834407,4.851961112360181e-06,0.0922509631002942,137.8881036096567,4.246602973935487,585.5560308590926,4.096615378742123e-05,34787644.28989707,0.37500000000005684,-1.2186553876583446,1.4998017291033534,Standard
46.453398136296634,47.06224849841281,117011.73643088018,4.9369348718666274e-06,0.08973472122393251,134.8191423185306,4.26853093090836,575.4796790651841,4.189868784551027e-05,32349125.042578276,0.37499999999994316,-1.2226694255489008,1.4997932261592268,Standard
47.3179037799364,47.938084950891096,116205.42977813628,5.024134025529026e-06,0.08728712646872884,131.80882547986374,4.290257655990138,565.4938226420534,4.285559055580077e-05,30077130.14033584,0.375,-1.2266061465095959,1.4997843462021478,Standard
48.1984980207051,48.830220868778795,115404.6792382926,5.113609353941922e-06,0.08490630625308833,128.85646118850687,4.311784995672887,555.6013559481095,4.383749869178056e-05,27960685.270521283,0.375,-1.2304676015528173,1.4997750719744545,Standard
49.09548027013287,49.738959587900624,114609.44652518291,5.205413166064502e-06,0.08259043908075378,125.961343566615,4.333114780315224,545.8049595568633,4.484506655888397e-05,25989503.110772833,0.375,-1.2342557621279013,1.4997653854176178,Standard
50.009155511849414,50.66461008921269,113819.69361646386,5.2995993343620096e-06,0.08033775314724606,123.12275430216717,4.354248823229507,536.1071080329871,4.587896648405818e-05,24153943.67229539,0.375,-1.23797254317995,1.4997552676324517,Standard
50.939834405281566,51.60748710385908,113035.38275179744,5.396223328546938e-06,0.07814652498431755,120.3399641398851,4.375188920973266,526.5100778551453,4.6939889295339576e-05,22444976.63380668,0.375,-1.2416197906796071,1.4997446988396064,Standard
51.887833391281085,52.56791122018422,112256.47643104504,5.495342250662568e-06,0.0760150781413838,117.61223428959977,4.3959368536476475,517.0159551534932,4.802854481483505e-05,20854145.572878554,0.375,-1.245199285867784,1.4997336583389256,Standard
52.85347479971775,53.54620899273608,111482.93741247483,5.597014871841785e-06,0.07394178190292902,114.93881775250202,4.416494385074864,507.6266432310683,4.9145662368258784e-05,19373534.02733925,0.375,-1.248712747811453,1.4997221244659045,Standard
53.83708695907507,54.542713053298336,110714.72871098098,5.701301670138093e-06,0.07192505004090025,112.31896057587412,4.436863263105727,498.3438699293163,5.029199130601506e-05,17995733.323851343,0.375,-1.252161840583085,1.4997100745439411,Standard
54.83900430808552,55.557762223988775,109951.81359631529,5.808264871089052e-06,0.06996333960113904,109.7519030232764,4.457045219414153,489.16919469149985,5.146830155066079e-05,16713812.097986775,0.375,-1.2555481772269559,1.4996974848378386,Standard
55.85956750944326,56.591701632462424,109194.15559133106,5.9179684888119895e-06,0.06805514972291922,107.23688068724324,4.477041969667675,480.10401553303296,5.267538415174253e-05,15521287.450550076,0.37500000000005684,-1.2588733141186026,1.4996843305042944,Standard
56.89912356563321,57.64488282925876,108441.71847023892,6.030478367856069e-06,0.06619902049068703,104.77312554320447,4.496855213963676,471.14957588222984,5.3914051849954925e-05,14412097.669034995,0.37500000000005684,-1.2621387578085432,1.4996705855370465,Standard
57.95802593691554,58.71766390733256,107694.46625687498,6.145862228259029e-06,0.06439353181712977,102.3598669256765,4.51648663661362,462.30697109536635,5.518513967260068e-05,13380576.43791764,0.375,-1.26534596220867,1.4996562227146342,Standard
59.036634661506,59.81040962380942,106952.36322298048,6.264189709292227e-06,0.06263730235671025,99.99633247021285,4.535937906984212,453.5771550110346,5.648950552028753e-05,12421428.489330145,0.375,-1.2684963401264895,1.4996412135403148,Standard
60.1353164779928,60.923491524007126,106215.37388649363,6.38553241980408e-06,0.06092898844884924,97.68174895673086,4.555210678477771,444.96094594008525,5.782803081589955e-05,11529706.602210963,0.37500000000005684,-1.2715912586537002,1.499625528181582,Standard
61.25444495003166,62.057288067765,105483.46300985309,6.509963983604291e-06,0.059267283089928624,95.41534315359021,4.574306589912126,436.4590329661946,5.920162111228258e-05,10700789.92467566,0.375,-1.2746320377316067,1.499609135408491,Standard
62.3944005933616,63.212184758124515,104756.59559831317,6.637560092331763e-06,0.057650914933348174,93.19634256291104,4.5932272647613,428.07198163599696,6.0611206770675044e-05,9930363.518307148,0.375,-1.2776199613801964,1.499592002525219,Standard
63.555571005184184,64.3885742724042,104034.73689827057,6.768398556263571e-06,0.056078647316856106,91.02397614697962,4.611974311738774,419.80023974219296,6.205774362411963e-05,9214399.093599958,0.375,-1.280556269630921,1.4995740953012273,Standard
64.73835099595087,65.58685659571432,103317.85239560287,6.9025593582923e-06,0.05454927731641751,88.8974749966357,4.630549324844413,411.6441428260446,6.354221367314902e-05,8549136.862782944,0.375,-1.2834421672743588,1.4995553778985027,Standard
65.9431427236028,66.80743915695615,102605.90781401814,7.040124709875393e-06,0.0530616348258943,86.81607295461437,4.6489538833376916,403.6039194984828,6.506562580322967e-05,7931068.457868075,0.375,-1.286278819575756,1.499535812794079,Standard
67.1703558303088,68.05073696735207,101898.8691134162,7.181179107075576e-06,0.05161458166183011,84.77900720770592,4.667189552270567,395.67969669167604,6.66290165067189e-05,7356920.862528422,0.375,-1.2890673577080918,1.499515360700343,Standard
68.42040758174832,69.31717276155408,101196.70248826095,7.3258093911332265e-06,0.05020701069266172,82.78551882185516,4.68525788211275,387.8715045848903,6.82334506504044e-05,6823641.29733612,0.375,-1.2918088808474693,1.4994939804809633,Standard
69.69372300898584,70.60717714137773,100499.37436596422,7.474104808374979e-06,0.04883784499168337,80.83485325536033,4.70316040921688,380.179281515467,6.988002224087384e-05,6328383.017213575,0.375,-1.2945044516493454,1.4994716290623842,Standard
70.99073505298651,71.9211887222119,99806.85140528034,7.626157073041305e-06,0.04750603701311995,78.9262608293161,4.720898655938366,372.60287866735933,7.156985522082625e-05,5868491.9660342075,0.37500000000005684,-1.2971551031469346,1.4994482613414561,Standard
72.31188471182038,73.2596542821523,99119.10049471217,7.78206043254469e-06,0.04621056779067963,77.05899716154208,4.73847413061043,365.1420645807498,7.330410429209772e-05,5441494.243380782,0.37500000000005684,-1.2997618382123903,1.4994238300891425,Standard
73.65762119060663,74.62302891391109,98436.08875092797,7.94191173382022e-06,0.04495044615796935,75.23232357299368,4.755888327807393,357.7965295546296,7.508395575297981e-05,5045084.340526066,0.375,-1.3023256289384335,1.4993982858476897,Standard
75.02840205424826,76.01177617955331,97757.78351718889,8.105810492168216e-06,0.043724707990178885,73.44550746078473,4.773142728467853,350.56588987507604,7.691062836299134e-05,4677114.101206798,0.375,-1.304847420122485,1.499371576825581,Standard
76.42469338300874,77.4263682681127,97084.15236178796,8.273858962466074e-06,0.042532415466454414,71.69782264083463,4.790238799945143,343.44969188571133,7.87853742341338e-05,4335582.366962728,0.37500000000005684,-1.307328131917103,1.499343648784361,Standard
77.84696993098483,78.86728615614152,96415.16307649903,8.446162212850736e-06,0.041372656352394836,69.9885496617864,4.807177995981799,336.4474159048189,8.070947974974861e-05,4018625.268329701,0.375,-1.30976865314571,1.4993144449233,Standard
79.29571528752757,80.33501977124735,95750.78367503712,8.622828198014182e-06,0.04024454330212031,68.316976103515,4.823961757434168,329.5584801069003,8.268426648372809e-05,3724507.1269110013,0.37499999999994316,-1.3121698497355396,1.4992839057554193,Standard
80.77142204166823,81.8300681586739,95090.98239152889,8.803967839731856e-06,0.03914721317938805,66.68239682969424,4.840591511581916,322.7822440657548,8.47110921928398e-05,3451611.927545407,0.375,-1.3145325646674735,1.4992519689797064,Standard
82.27459194960385,83.35293965098195,94435.72767899385,8.989695104522068e-06,0.03807982639722218,65.08411423861222,4.857068672935205,316.1180123740995,8.679135178586189e-05,3198435.3346866327,0.375,-1.316857613691468,1.4992185693457145,Standard
83.80573610529942,84.90415204088747,93784.98820783611,9.180127087431138e-06,0.037041566275565395,63.52143847630904,4.8733946429957244,309.56503798582696,8.892647835548198e-05,2963577.2147850953,0.37499999999994316,-1.3191457949622247,1.4991836385112265,Standard
85.36537511426583,86.48423275731722,93138.73286434622,9.375384097480829e-06,0.036031638416453585,61.99368763252634,4.889570810277038,303.1225254694334,9.111794423047148e-05,2745734.637942945,0.375,-1.3213978803586883,1.499147104896906,Standard
86.95403927057103,88.09371904473991,92496.93074921379,9.575589743471604e-06,0.03504927009623464,60.50018792391039,4.905598550909476,296.78963420928574,9.336726203523172e-05,2543695.3304608865,0.375,-1.3236146208259925,1.499108893527989,Standard
88.57226873714572,89.7331581458352,91859.5511760499,9.780871026226873e-06,0.03409370967437408,59.040273845175,4.921479228247394,290.56548135906667,9.567598581573493e-05,2356331.548441632,0.37499999999994316,-1.3257967491317402,1.499068925872166,Standard
90.22061372944485,91.40310748756232,91226.56366991995,9.991358430519766e-06,0.03316422601838563,57.61328831276917,4.9372141932896145,284.4491447798906,9.804571216639285e-05,2182594.350109499,0.375,-1.327944975733601,1.4990271196701315,Standard
91.89963470252634,93.10413487069076,90597.93796588668,1.0207186021290713e-05,0.032260107944453845,56.218582786566934,4.952804784718381,278.43966581539513,0.00010047808140251022,2021508.2404864293,0.375,-1.330059994505433,1.498983388752663,Standard
93.60990254161237,94.83681866285923,89973.6440075629,1.0428491543168843e-05,0.03138066367331831,54.85551737474516,4.968252328859486,272.5360519478696,0.00010297477876886185,1872166.1661809508,0.37499999999994316,-1.332142477601451,1.4989376428574133,Standard
95.3519987561961,96.60174799522646,89353.65194567462,1.0655416520519646e-05,0.030525220300999804,53.52346093022812,4.983558140245657,266.73727941295874,0.00010553753565692396,1733724.8394169733,0.37500000000005684,-1.3341930816183947,1.4988897874284248,Standard
97.12651567776128,98.39952296278231,88737.9321366338,1.0888106365268347e-05,0.029693123283973593,52.221791120357445,4.9987235210666086,261.0422955855581,0.00010816813090214454,1605400.3688822107,0.18750000000005684,-2.0862079839129706,0.7483372680271714,Standard
98.93405666118147,100.23075482838654,88737.9321366338,1.1759768914771759e-05,0.029694322795532583,50.25014494136105,4.944890558092577,248.48146726331973,0.00011397764765959997,1426055.8604712624,-0.0,-2.838191699217049,-0.0022796414391450526,Standard
100.77523628986695,102.09606623060465,88737.9321366338,1.2702179588090365e-05,0.029695619664942198,48.3511793733219,4.891459354524876,236.50782864794564,0.0001201035512919125,1266654.3506543196,-0.0,-2.8401492394089303,-0.0024646414483413537,Standard
102.6506805847301,103.99609139541204,88737.9321366338,1.3721145755688875e-05,0.02969702188383637,46.522308902809556,4.838432091189768,225.09503235159715,0.00012656323447223191,1124989.7871388735,-0.0,-2.8420772391249045,-0.002664815347145577,Standard
104.56102721703859,105.931476351837,88737.9321366338,1.4822956496594956e-05,0.02969853810673741,44.761034886157645,4.785810743843277,214.217841663717,0.0001333750525809448,999098.6858762329,-0.0,-2.8439762612493382,-0.0028814192770028058,Standard
106.50692572523124,107.90287915161836,88737.9321366338,1.6014423011729204e-05,0.029700177706669596,43.06494292295188,4.733597090403581,203.8520885184813,0.00014055837724200453,887233.6437090593,-0.0,-2.8458468531449626,-0.0031158143136735816,Standard
108.48903773576772,109.91097009294973,88737.9321366338,1.7302922484676627e-05,0.0297019508355168,41.43170028409245,4.681792717185262,193.97463265066656,0.00014813365289235108,787839.7195443099,-0.0,-2.847689549099215,-0.0033694753271333866,Standard
110.5080371880884,111.95643194838783,88737.9321366338,1.8696445681983444e-05,0.029703868489526192,39.85905340797454,4.630399025585854,184.56332206105984,0.00015612245647582092,699533.377225742,-0.0,-2.8495048658054998,-0.0036440005963527256,Standard
112.56461056376166,114.03996019700331,88737.9321366338,2.020364862512389e-05,0.029705942580414996,38.344825456306566,4.579417238398886,175.5969546980067,0.00016454756048057915,621083.7143370133,-0.0,-2.851293306423031,-0.003941122254445872,Standard
114.65945711989437,116.16226326085018,88737.9321366338,2.183390869184756e-05,0.029708186012572673,36.886913929973964,4.528848405828332,167.05524134768945,0.00017343299950655993,551395.7311061987,-0.0,-2.8530553603882822,-0.004262717631092983,Standard
116.79328912688734,118.32406274583781,88737.9321366338,2.359738553486966e-05,0.02971061276689224,35.4832883469658,4.4786934115130945,158.91876973837506,0.00018280414053944906,489495.4197800627,-0.0,-2.854791501745467,-0.004610821569940526,Standard
118.96683211061486,120.52609368708427,88737.9321366338,2.5505087245539312e-05,0.02971323799181943,34.13198797999372,4.428952978380361,151.16896982203588,0.00019268775714944018,434516.4780203551,-0.0,-2.856502191616812,-0.004987639814430622,Standard
121.18082509911072,122.7691047988359,88737.9321366338,2.7568942230800426e-05,0.0297160781022639,32.83111965185933,4.379627674166452,143.78808020115318,0.00020311210784965762,385688.47090241377,-0.0,-2.858187877022374,-0.005395563549996041,Standard
123.43602087384679,125.05385872903913,88737.9321366338,2.9801877308354976e-05,0.029719150887067527,31.578855591459526,4.33071791707714,136.7591157107254,0.0002141070188069016,342326.2850294486,-0.0,-2.8598489916420817,-0.005837185211305496,Standard
125.7331862256856,127.38113231864786,88737.9321366338,3.221790258538799e-05,0.02972247562580761,30.37343134473303,4.282223980964398,130.0658360885915,0.0002257039712031953,303820.7347066115,-0.0,-2.861485956416061,-0.006315315665744947,Standard
128.0731022155985,129.75171686575868,88737.9321366338,3.483220372483733e-05,0.029726073215766285,29.21314374452378,4.234146000657558,123.69271575250974,0.00023793619345012054,269630.19548662414,-0.0,-2.8630991783125523,-0.006833002896087237,Standard
130.45656444023456,132.16641839466052,88737.9321366338,3.766124227552029e-05,0.029729966309996737,28.0963489347896,4.186483976968312,117.62491462680737,0.0002508387585727099,239273.15349024648,-0.0,-2.864689052262918,-0.007393552325368091,Standard
132.88438330243142,134.6260579298911,88737.9321366338,4.072286479897161e-05,0.02973417946749471,27.021460449946627,4.139237781599783,111.84825000842334,0.00026444868703089086,212321.57108429313,-0.0,-2.8662559595059065,-0.00800054892317803,Standard
135.35738428676152,137.13147177539457,88737.9321366338,4.403642159905831e-05,0.029738739316584637,25.986947348679823,4.092407162019396,106.34916944875827,0.0002788050552729037,188394.98014560845,-36.916008522620245,-131.70885463214142,-291.5572016315651,Standard
137.87640824020588,139.68351179887398,346223.61598236,257.50302643050264,1389.4431092855175,2.322893056542638,0.3760666291601727,0.8735625616735603,0.03402456177618032,134.22684051071573,-36.916008522616664,-129.6088700379754,-295.5824278570746,Standard
140.44231165805084,142.2830457214352,346223.61598236,298.96147473376476,1612.0386589855682,2.3220956918049445,0.3864806067277697,0.897444951848715,0.033198493954736855,133.76805440613603,-5.684341886080802e-14,1.3371903555200788,-7.809295522109437,Standard
143.0559669751058,144.93095741262167,346223.61598236,343.8716684040114,1853.1670575700784,2.321448683406108,0.39720864621958346,0.9220994888039744,0.03238739948905849,133.34037674190847,-0.0,1.3448238592753228,-7.354636902523453,Standard
145.71826286234023,147.6281471909391,346223.61598236,392.5084590655985,2114.3040174912344,2.3209148490002374,0.40825435356663503,0.9475235913617963,0.03159218485879864,132.93710026423625,5.684341886080802e-14,1.3509665298303162,-6.978340221526651,Standard
148.43010452904153,150.37553212997383,346223.61598236,445.1726951911888,2397.064831503336,2.320468250719834,0.4196229767264782,0.9737217947663406,0.030813354231171257,132.5535301251337,-5.684341886080802e-14,1.3560503406621365,-6.6628564264985926,Standard
151.19241403059615,153.17404637020798,346223.61598236,502.19234543081353,2703.2104039558203,2.320090259334589,0.43132091946086626,1.0007034638883945,0.030051152886870134,132.1862782119035,5.684341886080802e-14,1.3603601147856352,-6.395453161120599,Standard
154.0061305819982,156.02464143663678,346223.61598236,563.9241185967676,3034.6559486930355,2.3197671573897867,0.44335544763401513,1.0284814064712358,0.029305654639636428,131.8328340827603,-5.684341886080802e-14,1.3640897171852089,-6.166680762144438,Standard
156.8722108771927,158.92828656229779,346223.61598236,630.7554536180006,3393.4816733661196,2.319488624587332,0.4557345060941425,1.0570710027172896,0.028576817101551678,131.4912941842147,-0.0,1.3673747736453379,-5.969384774748278,Standard
159.79162941436147,161.88596901781992,346223.61598236,703.1068182002298,3781.945121224174,2.319246749567282,0.46846660168448684,1.0864896432375768,0.027864517738905716,131.16018536631026,-0.0,1.3703124647255436,-5.798052393574608,Standard
162.7653788272633,164.8986944471065,346223.61598236,781.4342893322316,4202.495026172521,2.3190353668946164,0.48156072722341325,1.1167563577385864,0.027168578047723546,130.83834657941907,5.684341886080802e-14,1.3729739062146677,-5.648368992504061,Standard
165.79447022274044,167.96748720926533,346223.61598236,866.2324080211177,4657.78664020038,2.3188496011785533,0.4950263116762715,1.1478915654034125,0.02648878015509323,130.5248475877498,-5.684341886080802e-14,1.3754121224500864,-5.516910400067559,Standard
168.8799335245054,171.09339072690133,346223.61598236,958.0373121527136,5150.698554096712,2.318685546723218,0.5088731875526908,1.1799169050933977,0.02582487846026762,130.21893188062847,5.684341886080802e-14,1.3776673158245103,-5.400925028440383,Standard
172.02281782332642,174.27746784089192,346223.61598236,1057.4301588146643,5684.351072327331,2.3185400380090293,0.523111569929906,1.2128551192282473,0.025176607948912015,129.91997578727128,-5.684341886080802e-14,1.3797704304303124,-5.298176794007645,Standard
175.22419173372904,177.5208011717636,346223.61598236,1165.0408526692938,6262.126231131101,2.318410482365351,0.5377520435145625,1.24672997459755,0.024543690227842682,129.62745867797642,-0.0,1.3817456122553722,-5.206829991292807,Standard
178.48514375733697,180.82449348779517,346223.61598236,1281.5521010278865,6887.689570716567,2.318294736053516,0.5528055553913157,1.2815662091248274,0.023925837967583984,129.34094089891968,5.684341886080802e-14,1.3836119394164825,-5.125363646562391,Standard
181.8067826529747,184.18966807997109,346223.61598236,1407.7038197178986,7565.013790909341,2.3181910111833,0.5682834118847695,1.3173894972358495,0.02332275821334749,129.06004719695855,-5.684341886080802e-14,1.3853846596286985,-5.0525069295263165,Standard
185.19023781365698,187.61746914391196,346223.61598236,1544.297916974982,8298.404436461558,2.3180978048789025,0.5841972784625526,1.354226428820272,0.022734154879012047,128.78445410418007,-0.0,1.3870760888742097,-4.987189835266349,Standard
188.63665965059488,191.1090621689138,346223.61598236,1692.2034856291184,9092.527774543067,2.318013844733563,0.6005591819368399,1.3921044983114579,0.022159730642698876,128.51388022018156,-0.0,1.3886962731947392,-4.928505093059357,Standard
192.14721998434743,194.66563433422633,346223.61598236,1852.362436913195,9952.441043358232,2.317938046347501,0.6173815144423028,1.4310521014374527,0.02159918839825962,128.24807864325692,5.684341886080802e-14,1.3902534823172914,-4.875678434751194,Standard
195.7231124432537,198.28839491270713,346223.61598236,2025.7956123879706,10883.625267828962,2.3178694799390644,0.6346770388188765,1.4710985378963746,0.02105223237321087,127.98683101475032,-5.684341886080802e-14,1.3917545822063175,-4.828045160930856,Standard
199.36555286927978,201.97857568198785,346223.61598236,2213.609413809734,11892.020856176252,2.317807343845546,0.6524588951318063,1.5122740186938517,0.020518568993355604,127.72994278811964,5.684341886080802e-14,1.3932053193098568,-4.785031503291179,Standard
203.07577973141713,205.73743134329115,346223.61598236,2417.002994314159,12984.066210277979,2.3177509433100574,0.6707406081345789,1.554609677220282,0.019997907553065207,127.4772394375427,-5.684341886080802e-14,1.3946105396243524,-4.746139676463827,Standard
206.8550545467764,209.5662399480433,346223.61598236,2637.2760580916947,14166.739603093232,2.317699673363281,0.6895360955324371,1.5981375833877214,0.019489960735066418,127.22856339431092,-0.0,1.3959743591121878,-4.710935794633201,Standard
210.70466230951567,213.46630333242456,346223.61598236,2875.8373198221616,15447.604598415614,2.317653004905821,0.7088596769417405,1.6428907603205942,0.01899444501268019,126.98377155208895,5.684341886080802e-14,1.3973002974358906,-4.679040032026478,Standard
214.62591192775304,217.438947560008,346223.61598236,3134.213679554165,16834.859311938457,2.3176104733131284,0.7287260834678909,1.688903203221641,0.018511080959518034,126.74273322058133,-5.684341886080802e-14,1.3985913837619819,-4.6501185553123605,Standard
218.6201366686099,221.48552337263592,346223.61598236,3414.0601734921465,18337.38983826439,2.3175716690441943,0.7491504678448085,1.7362099001283318,0.018039593485792586,126.50532843545594,5.684341886080802e-14,1.399850241111949,-4.623876865938428,Standard
222.6886946115353,225.6074066496859,346223.61598236,3717.1707663259494,19964.82819626101,2.3175362298535718,0.7701484150940797,1.7848468543448373,0.017579712016047546,126.27144655341436,-5.684341886080802e-14,1.4010791540900982,-4.600054272426746,Standard
226.8329691100682,229.8059988758851,346223.61598236,4045.4900563420306,21727.615175254377,2.3175038342951937,0.7917359536733612,1.8348511083873764,0.01713117061984272,126.04098507709257,-0.0,1.4022801236360465,-4.5784192743875565,Standard
231.05436926219187,234.08272761782942,346223.61598236,4401.125970630026,23637.068497167234,2.3174741962737153,0.8139295670923342,1.8862607693207203,0.016693708104453364,125.81384866642914,-0.0,1.403454911569554,-4.5587656868453905,Standard
235.35433038944285,238.43904700937208,346223.61598236,4786.363534286026,25705.456745078776,2.3174470604505504,0.8367462059812547,1.9391150353944093,0.01626706807674979,125.58994830226523,5.684341886080802e-14,1.4046050770489842,-4.540909369319024,Standard
239.734314524936,242.87643824604507,346223.61598236,5203.679804659029,27946.07954704565,2.3174221983512773,0.8602033006023843,1.9934542239110018,0.015850998979965333,125.36920057496292,-5.684341886080802e-14,1.405732006584742,-4.524685451749974,Standard
244.19581091047112,247.39641008868117,346223.61598236,5655.760069438186,30373.35454564088,2.317399405051802,0.884318773798732,2.0493198002773205,0.015445254109929064,125.15152707627267,5.684341886080802e-14,1.406836938880872,-4.509945970832746,Standard
248.7403365028916,252.0004993764092,346223.61598236,6145.515415788209,33002.911728820465,2.317378496344565,0.9091110543778426,2.1067544082043472,0.015049591614455324,124.93685387692739,-5.684341886080802e-14,1.407920985502244,-4.496557847091822,Standard
253.3694364898652,256.6902715491952,346223.61598236,6676.101786865106,35851.69574671926,2.3173593063049336,0.9345990909310196,2.165801901033129,0.014663774478886274,124.72511107578055,-0.0,1.4089851481560345,-4.48440114626078,Standard
258.0846848152652,261.4673211801092,346223.61598236,7250.94065194588,38938.07689214048,2.317341685192758,0.9608023660905654,2.2265073741735,0.014287570500232166,124.5162324089454,5.684341886080802e-14,1.4100303332097042,-4.4733675789904055,Standard
262.8876847143285,266.3332725174981,346223.61598236,7873.741427150143,42281.97148019004,2.317325497635925,0.9877409112293895,2.2889171986500068,0.013920752251915707,124.31015490948646,-5.684341886080802e-14,1.411057363942291,-4.463359201226922,Standard
267.7800692587725,271.28978003724643,346223.61598236,8548.525795391462,45904.97242511106,2.3173106210522296,1.0154353216088765,2.3530790557558356,0.01356309704077372,124.10681860990452,-0.0,1.4120669909307253,-4.454287284303291,Standard
272.7635019120574,276.33852900531696,346223.61598236,9279.65408685008,49830.49088031297,2.317296944273438,1.0439067719821669,2.4190419728206236,0.013214386857686678,123.906166280992,21.507105209622864,-12.136026598125795,287.7015523336345,Standard
277.83967709498074,281.4812360507581,156638.51109988778,0.3475928095719004,1.132470925174623,1.8050038745019161,0.8359305099174924,1.508857809215436,0.021219232206643426,58.464832374434316,21.50710520962076,-14.084600814840314,283.2422732597024,Standard
283.0103207617996,286.71964974937697,156638.51109988778,0.47791920338521476,1.4490466943654403,1.7412613070032055,0.8290257106437268,1.443550392454757,0.02221397143507596,52.404908165265255,-0.0,-2.3292459118854367,-15.431632521453821,Standard
288.2771909870738,292.0555512182745,156638.51109988778,0.70501808370969,2.000692455576928,1.6845737882271292,0.8245293147351719,1.3889804712277474,0.023122506235555767,47.378067828436556,-0.0,-1.8742522202646796,-19.89412816544143,Standard
293.6420785634301,297.49075472144403,156638.51109988778,1.1237835296564926,3.0179153624813084,1.638748082556987,0.824594190173916,1.3513021480351362,0.023803688735053907,43.54899465831997,-0.0,-1.116450455494146,-23.662739523930384,Standard
299.1068076104499,303.02710828663965,156638.51109988778,1.852524364854157,4.78809931135913,1.607680005407296,0.8316482855452356,1.3370243202023329,0.02409439321290642,41.0564887424628,-0.0,-0.22124697845754326,-24.20780257050211,Standard
304.67323619489116,308.6664943337274,156638.51109988778,2.915094386070723,7.369187546391469,1.5899500994298452,0.8455427931686029,1.3443708480706091,0.023998702266246917,39.65353523989839,-0.0,0.48420998026790585,-21.52174331979478,Standard
310.3432569624497,314.41083031472647,156638.51109988778,4.24061922921026,10.589019190007207,1.5802042609256985,0.8639275798948957,1.3651820428811412,0.023667962844050316,38.8710715959518,-0.0,0.890241543366642,-17.982564469288207,Standard
316.1187977812805,320.262069365765,156638.51109988778,5.769593522064663,14.303049776372731,1.5744965606879895,0.8849481758605058,1.3933478592794764,0.02322360493692768,38.39496119731517,-0.0,1.0995496800429692,-15.05476766732346,Standard
322.0018223974928,326.222200971167,156638.51109988778,7.4763837453921,18.4490129384567,1.5708719158202442,0.9076719394633429,1.425836358481058,0.022727437572757147,38.07504642751511,-0.0,1.2114573244840585,-12.895217998899852,Standard
327.9943311028442,332.29325163989716,156638.51109988778,9.354946223890577,23.012227988015656,1.5684066908912304,0.9316629660285317,1.4612264295747184,0.0222088931712651,37.841635568561486,-0.0,1.276088549351357,-11.314083647057657,Standard
334.0983614148638,338.4772855945983,156638.51109988778,11.408862890708988,28.00139579682715,1.566638011674799,0.9567111111151969,1.4988199928647,0.021682662949494533,37.66015962704172,-0.0,1.3162885126485548,-10.132193862397344,Standard
340.3159887696269,344.7764054734464,156638.51109988778,13.646843436174068,33.43767306871704,1.565315620139493,0.9827116150464189,1.538253841124668,0.02115656794971966,37.51205059780087,-0.0,1.3429021474743195,-9.226052934688141,Standard
346.64932722742867,351.1927530450728,156638.51109988778,16.080785230364917,39.34995969858715,1.5642945063607592,1.0096124612247668,1.5793312266472677,0.02063500966280255,37.386596873589745,-0.0,1.3614479295976025,-8.51471287825774,Standard
353.10053019158585,357.72850993678736,156638.51109988778,18.724924291714192,45.77283639072666,1.5634855699040175,1.03739003389779,1.6219443483614338,0.02012056840378867,37.27723672220511,-0.0,1.37493052538656,-7.944709005815923,Standard
359.67179114061634,364.3858983763544,156638.51109988778,21.5954702415384,52.74567792706896,1.5628313218827874,1.0660370844076263,1.6660361458008435,0.019614794716199018,37.179745017608134,-0.0,1.3850857229899702,-7.479903801555224,Standard
366.365344374048,371.1671819475767,156638.51109988778,24.710471981870786,60.31232688529183,1.5622931253211647,1.0955563990726878,1.7115802306728702,0.019118626555696204,37.09128565827772,-0.0,1.3929681853520606,-7.095221508119096,Standard
373.18346577210144,378.0746663599349,156638.51109988778,28.089803012012553,68.52105797126033,1.561844106498544,1.125957280247874,1.7585697423242714,0.01863262169869744,37.0098870976122,-0.0,1.3992467801705288,-6.7728136495631475,Standard
380.12847356951687,385.1107002325569,156638.51109988778,31.75521493012808,77.42470797972135,1.5614650205257328,1.1572534973378288,1.8070108559740887,0.018157093557747746,36.93413735445607,-0.0,1.4043614980985808,-6.499675230077742,Standard
387.2027291437771,392.2776758927719,156638.51109988778,35.73043415387024,87.08091073831967,1.561141736618441,1.1894620457950185,1.8569188438141588,0.01769219389270209,36.86299895263023,-0.0,1.4086110110397385,-6.266128361577955,Standard
394.4086378180008,399.57803018952694,156638.51109988778,40.04128936649973,97.552406686894,1.5608636519224186,1.222602370404472,1.9083156007185296,0.017237965010541548,36.79569242650258,-0.0,1.4122036599099488,-6.064833767203652,Standard
401.7486496787806,407.01424532194386,156638.51109988778,44.715863406468536,108.90741183237793,1.5606226588374508,1.2566958659671883,1.961228043695746,0.016794373744780332,36.73162060526091,-0.0,1.4152882753861604,-5.890130866874927,Standard
409.22526040923606,414.58884968329113,156638.51109988778,49.78466658451637,121.22003875326043,1.560412453762498,1.291765549529926,2.0156870508278533,0.016361334179003723,36.6703180029534,-0.0,1.4179734288464942,-5.73758727211316,Standard
416.8410121375752,422.30441872066723,156638.51109988778,55.28083022685017,134.57076673521328,1.5602280628982819,1.3278358420057939,2.071726743619609,0.01593872320575527,36.61141614321141,-0.0,1.4203398096539672,-5.603684834246337,Standard
424.5984943014448,430.1635758106795,156638.51109988778,61.24032031266394,149.04696071786913,1.5600655097885499,1.3649324215018028,2.1293839939771297,0.015526391402269498,36.554619274502606,-0.0,1.4224483901401754,-5.485596683235883,Standard
432.50034452836604,438.16899315141944,156638.51109988778,67.70217174889233,164.74344037149245,1.5599215776540256,1.4030821248461423,2.1886980817681567,0.015124170771766192,36.49968702574434,-0.0,1.4243459368165077,-5.381026127830637,Standard
440.54924953255687,446.32339267103976,156638.51109988778,74.7087442849987,181.76310173944572,1.5597936364946028,1.4423128822729931,2.2497104556036036,0.014731880341913554,36.446421798779966,-0.0,1.4260688077330883,-5.288088401144023,Standard
448.74794602844497,454.6295469532399,156638.51109988778,82.30600141243085,200.21759471269897,1.5596795153075347,1.4826536754168966,2.31246456584316,0.01434933027015388,36.39465945721331,-0.0,1.4276456180049308,-5.205222593017481,Standard
457.0992216611788,463.0902801799737,156638.51109988778,90.5438138708695,220.22806027668582,1.5595774062862497,1.524134512035404,2.3770057491115337,0.013976324890522925,36.344262349835994,-0.0,1.4290991426260575,-5.131125188120109,Standard
465.6059159544576,471.7084690917017,156638.51109988778,99.47628962754527,241.9259320638745,1.559485792051732,1.5667864129796167,2.4433811502214096,0.013612664998271544,36.2951140141209,-0.0,1.430447695791372,-5.064699294061313,Standard
474.2709212759993,480.48704396551346,156638.51109988778,109.16213242527405,265.45380730259734,1.559403389714376,1.6106414083110496,2.511639671734587,0.013258149577810293,36.24711510651649,-0.0,1.4317061448450659,-5.005015417119864,Standard
483.0971838209768,489.42898961145323,156638.51109988778,119.66503122112343,290.9663928022941,1.5593291073988127,1.6557325403853178,2.581831944290206,0.01291257711879222,36.20018024061147,-0.0,1.4328866652810461,-4.951280842711867,Standard
492.0877046137577,498.53734638738945,156638.51109988778,131.054083068449,318.6315321760257,1.559262010111049,1.7020938723502952,2.6540103127986208,0.012575746623863298,36.1542355054542,-0.0,1.4339993096143644,-4.902815501628254,Standard
501.24554052828296,507.81521123276707,156638.51109988778,143.40425223580027,348.63132108594885,1.5592012926880563,1.7497605009397932,2.7282288349598267,0.012247458383088192,36.10921649923468,-0.0,1.4350524407147418,-4.85903277718387,Standard
510.57380532743866,517.2657387216019,156638.51109988778,156.79686861099486,381.1633179163685,1.5591462581729048,1.798768572747761,2.804543289518688,0.011927514570067894,36.06506675758,-0.0,1.4360530652535317,-4.819424113847617,Standard
520.0756707217665,526.8921421350677,156638.51109988778,171.32016871071383,416.44185793983905,1.5590963003866252,1.8491553033840238,2.883011192346339,0.011615719700566275,36.02173648696121,-0.0,1.4370070927122924,-4.783546577805282,Standard
529.7543674478816,536.6976945540476,156638.51109988778,187.06988290822898,454.69947975170345,1.559050889775664,1.9009589990681306,2.9636918189242243,0.011311880984249987,35.97918153615554,-0.0,1.4379195383385763,-4.751012729614899,Standard
539.6131863669576,546.6857299720181,156638.51109988778,204.14987280691545,496.1884735137303,1.5590095618375925,1.9542190803312267,3.046646232161849,0.01101580859271599,35.93736255502364,-0.0,1.4387946834871173,-4.721482322485372,Standard
549.6554795836547,556.8596444286409,156638.51109988778,222.67282302767967,541.1825613745622,1.5589719075922064,2.0089761075793517,3.1319373147401475,0.010727315861517062,35.89624430184608,-0.0,1.439636203268833,-4.69465545303683,Standard
559.8846615858714,567.2228971644544,156638.51109988778,242.76099204695052,589.9787213298539,1.558937565687319,2.065271808333865,3.219629805366642,0.010446219439835685,35.85579506936115,-0.0,1.440447268907917,-4.67026687592795,Standard
570.3042104057056,577.7790117970507,156638.51109988778,264.5470271211185,642.8991667547639,1.5589062158201015,2.123149106011444,3.3097903384741314,0.010172339398413303,35.81598620630995,-0.0,1.4412306303732976,-4.648081257362492,Standard
580.9176688020249,588.531577519145,156638.51109988778,288.17484876617874,700.2934948929542,1.5588775732240974,2.1826521501418443,3.402487487005476,0.009905499304037935,35.77679171633589,-0.0,1.4419886835151488,-4.6278891908220885,Standard
591.7286454650432,599.4842503189409,156638.51109988778,313.8006107308138,762.5410187266592,1.5588513840248308,2.2438263479488434,3.497791808011436,0.009645526267136604,35.738187919925174,-0.0,1.4427235249462456,-4.609503835328269,Standard
602.7408162433123,610.6407542232037,156638.51109988778,341.5937419105306,830.0532978897251,1.5588274213075433,2.306718397241059,3.5957758908539494,0.009392250967667562,35.70015316802767,-0.0,1.4434369971555157,-4.592758065021258,Standard
613.9579253935524,622.0048825634711,156638.51109988778,371.73807720327903,903.2768856283495,1.558805481772019,2.3713763205759957,3.6965144078582224,0.00914550766346036,35.66266759828216,-0.0,1.444130725799539,-4.577502041031039,Standard
625.3837868537366,633.5804992658254,156638.51109988778,404.43308490690964,982.6963102715497,1.5587853828739833,2.437849500673704,3.8000841672968084,0.008905134184335617,35.625712926550726,-0.0,1.4448061506905105,-4.56360113389735,Standard
637.0222855398728,645.3715401646701,156638.51109988778,439.8951989101086,1068.837311255406,1.558766960371785,2.5061887170670714,3.9065641686207018,0.008670971914694684,35.58927226786463,-0.0,1.4454645516663618,-4.550934138398475,Standard
648.8773786669182,657.3820143409586,156638.51109988778,478.35926463538453,1162.2703514623495,1.5587500662122948,2.576446183984166,4.016035659877733,0.008442865766762696,35.553329981988455,-0.0,1.446107070295568,-4.539391733478396,Standard
660.9530970942727,669.6160054853216,156638.51109988778,520.0801084601344,1263.6144295009824,1.5587345667020118,2.6486755894649794,4.12858219727889,0.008220664146265759,35.51787153968495,-0.0,1.4467347281721459,-4.528875148525458,Standard
673.2535466963166,682.0776732865685,156638.51109988778,565.3342411750594,1373.5412175759477,1.5587203409190316,2.7229321357207246,4.244289706889994,0.008004218912000406,35.48288340646438,21.552688648189644,-11.194392417943106,279.112902538204,Standard
685.7829097584496,694.771254846024,70747.3765137802,0.028072368498100693,0.04278956379653169,1.2346088948827432,2.2172263344280205,2.737407354453094,0.012422141552525834,17.615321540278227,21.552688648193907,-13.14714986885474,275.5971122939099,Standard
698.5454463991142,707.7010661181889,70747.3765137802,0.03733419811588698,0.05295097141697126,1.1909226416345982,2.198751712279105,2.6185431974860274,0.012998221121241924,15.795932400999392,-5.684341886080802e-14,-2.314252118958052,-13.069158074250595,Standard
711.5454960182834,720.8715033782136,70747.3765137802,0.05222429951721407,0.06928731057376165,1.1518357144617155,2.1862266850352197,2.51817397573281,0.013528871531835367,14.277842626024531,-0.0,-1.9199541929677366,-16.311141229012378,Standard
724.7874787729015,734.2870447166758,70747.3765137802,0.07714666573435199,0.09663032296430275,1.1191753474462558,2.183809735800883,2.4440660198214696,0.013951918731213564,13.085364012944842,5.684341886080802e-14,-1.2968911457901413,-19.315614035874944,Standard
738.2758970797862,747.9522515621821,70747.3765137802,0.11782345574249822,0.14125794634122582,1.0949406158356985,2.1964394754911227,2.4049707919400882,0.014191640532857902,12.242428120611157,-5.684341886080802e-14,-0.5200425357858762,-20.598596604841987,Standard
752.015337146497,761.8717702322999,70747.3765137802,0.17733340666229502,0.2065479477473348,1.0792328685748047,2.2256447770164844,2.401988997128032,0.014222074439668336,11.71250537518037,-0.0,0.1885302976162393,-19.562259483120215,Standard
766.0104705306966,776.0503335133571,70747.3765137802,0.25396073375329664,0.29061789262530224,1.0697391444377877,2.267934913019184,2.42609875349373,0.014093313018425993,11.395945543025237,-0.0,0.6767020776754862,-17.242155778586607,Standard
780.2660557285315,790.4927622696421,70747.3765137802,0.3446321807251242,0.39009602710171976,1.0639172478748813,2.318849487515388,2.4670639649934505,0.013871546310976082,11.200993276966711,5.684341886080802e-14,0.964194817474322,-14.86876206813281,Standard
794.7869397925712,805.203967082547,70747.3765137802,0.4474276280843876,0.5028757353503991,1.060153963793617,2.3754487452641055,2.5183414030803157,0.013600990531044273,11.07286370623464,-5.684341886080802e-14,1.1288533646184078,-12.917997404592086,Standard
809.5780599798586,820.1889499202204,70747.3765137802,0.5616154795619316,0.6281543630134794,1.0575810381191082,2.4361408275647363,2.576416345420257,0.01330592718719186,10.982925863511426,5.684341886080802e-14,1.2267483789711946,-11.408819648462327,Standard
824.6444454306289,835.4528058382872,70747.3765137802,0.6871866616869836,0.7659219553370021,1.0557349493741135,2.5000900145223466,2.639432404912476,0.01299938829923716,10.91615036654175,-5.684341886080802e-14,1.288185230251031,-10.24751634019566,Standard
839.9912188782728,851.0007247122246,70747.3765137802,0.8245463430172371,0.9166230338722817,1.0543573947056413,2.56685068933779,2.7063780054085718,0.01268859534125625,10.864251634973352,-0.0,1.328804867759402,-9.342820372539393,Standard
855.6235983911224,866.8379930019773,70747.3765137802,0.9743566485483585,1.0809840341352261,1.0532965539856027,2.6361822654993006,2.7766816959283727,0.012377722917461738,10.822395720476116,-0.0,1.356909307354556,-8.626089516590014,Standard
871.5468991466491,882.9699955494083,70747.3765137802,1.1374605633532497,1.2599298181992267,1.052458555870418,2.7079571366454576,2.8500126573928704,0.012069277312964826,10.787609770909654,5.684341886080802e-14,1.3771187157234408,-8.048670833824872,Standard
887.7665352386817,899.4022174092045,70747.3765137802,1.314845945342257,1.4545441921061075,1.0517827034131433,2.782113344151647,2.9261786943135997,0.011764806839980033,10.757979254395025,-5.684341886080802e-14,1.3921326715182545,-7.5763123402918495,Standard
904.288021518255,916.1402457138521,70747.3765137802,1.5076297004903911,1.666052544073332,1.05122820516906,2.858629107675499,3.005071546105746,0.011465284793716222,10.73222143759518,-0.0,1.4036007801304322,-7.184639958219634,Standard
921.1169754687202,933.1897715733239,70747.3765137802,1.7170526346648194,1.8958161962925661,1.0507667228092705,2.9375084816433876,3.0866361604808583,0.011171325563577004,10.709447271864565,5.684341886080802e-14,1.4125718114643746,-6.8560184748469055,Standard
938.2591191157503,950.5565920101192,70747.3765137802,1.9444803677638214,2.14533340785663,1.0503779990320283,3.018772932869627,3.1708526727596467,0.010883311864054755,10.689022355337961,-5.684341886080802e-14,1.4197360803843253,-6.577456385273422,Standard
955.7202809728907,968.2466119303123,70747.3765137802,2.191407992762011,2.416244486325959,1.050047190670365,3.1024562088022054,3.257725426230587,0.010601472539382623,10.670482443261978,-0.0,1.4255619487337867,-6.339212566661786,Standard
973.5063980233127,986.2658461312819,70747.3765137802,2.4594672833861853,2.710339695467708,1.0497631848001652,3.1886011089406914,3.3472760551789182,0.010325931772502442,10.653480267006096,5.684341886080802e-14,1.430375746209961,-6.133860705270479,Standard
991.6235177384582,1004.6204213468131,70747.3765137802,2.7504358246628864,3.0295692726302326,1.049517502549701,3.2772573974286914,3.4395389989618925,0.010056741147693843,10.637751004526564,-5.684341886080802e-14,1.434410225838974,-5.95565172385858,Standard
1010.0778001342378,1023.316578330245,70747.3765137802,3.0662477439654365,3.3760552020694736,1.049303565912337,3.368480422500333,3.534558519035495,0.009793901097054811,10.623089236721123,-0.0,1.4378348737301394,-5.800072053290819,Standard
1028.875519865509,1042.3606739764011,70747.3765137802,3.409005889102801,3.7521045758646934,1.0491161953999122,3.462330186752184,3.6323866727437193,0.00953737558257244,10.609333189285978,5.684341886080802e-14,1.4407754050521362,-5.663532439977303,Standard
1048.0230683595246,1061.759183483,70747.3765137802,3.7809953988088005,4.160224482474851,1.04895125837116,3.5588707126550747,3.733081912419807,0.009287102355694434,10.596353719551544,-5.684341886080802e-14,1.443326621995709,-5.5431451442021284,Standard
1067.5269559890826,1081.518702552288,70747.3765137802,4.184698672124839,4.6031384300594835,1.0488054180406245,3.6581696061299125,3.836708103020589,0.0090430002578911,10.584046467830087,-0.0,1.4455610867345854,-5.436561962129815,Standard
1087.3938142861311,1101.645949633657,70747.3765137802,4.622811783534546,5.083804355973714,1.048675951197945,3.760297755971369,3.9433338260307735,0.008804974499720912,10.572326164780055,5.684341886080802e-14,1.4475350914708542,-5.341854764834636,Standard
1107.630398196551,1122.1477682079803,70747.3765137802,5.098262419436787,5.605434305365356,1.0485606137240466,3.8653291283835243,4.0530318831032615,0.008572920532624297,10.561122436319003,-5.684341886080802e-14,1.449292844181798,-5.257426207456547,Standard
1128.2435883769194,1143.0311291144787,70747.3765137802,5.614229433734142,6.171515886148068,1.0484575399384783,3.9733406294091473,4.16587894164792,0.008346726924170437,10.550376667104103,-0.0,1.4508694528167894,-5.181942153205114,Standard
1149.2403935340033,1164.3031329208768,70747.3765137802,6.174164138901825,6.785835628017753,1.0483651662747777,4.084412016727762,4.2819552830514995,0.008126277516571037,10.540039624318567,5.684341886080802e-14,1.452293085564861,-5.114279936399612,Standard
1170.627952807791,1185.9710123376694,70747.3765137802,6.781813465645648,7.452504391549322,1.048282172705272,4.198625848002014,4.401344626320067,0.00791145306236541,10.530069635568688,-5.684341886080802e-14,1.4535865566841153,-5.053488323782233,Standard
1192.413538198886,1208.042134677329,70747.3765137802,7.441245140240374,8.175984990946018,1.048207437288912,4.316067456763845,4.524134008020503,0.007702132473766109,10.520431176060258,-0.0,1.4547685056719502,-4.998756217246807,Standard
1214.6045570410558,1230.5240043592617,70747.3765137802,8.156875044563293,8.961122211483598,1.0481400005410653,4.436824949422459,4.650413704888269,0.007498193783132083,10.511093761827816,5.684341886080802e-14,1.4558542844990825,-4.949387960181355,Standard
1237.2085545198129,1253.4242654613995,70747.3765137802,8.93349694018466,9.81317542062624,1.0480790372381485,4.560989218765004,4.7802771892568,0.007299514885099668,10.502031074445052,-5.684341886080802e-14,1.4568566325277743,-4.90478368356213,Standard
1260.233216237856,1276.7507043192657,70747.3765137802,9.776314754985814,10.737853990561932,1.0480238339093717,4.688653970573126,4.913821110114446,0.007105974112040775,10.49322026266943,-0.0,1.4577861951499358,-4.864423535143089,Standard
1283.6863708282547,1300.5112521734086,70747.3765137802,10.690977648921981,11.741355769813813,1.0479737707212304,4.819915760868137,5.05114529447567,0.006917450681132732,10.484641380658156,5.684341886080802e-14,1.4586519261126227,-4.82785492747081,Standard
1307.5759926162762,1324.7139878661176,70747.3765137802,11.683618094949106,12.830408862870755,1.0479283067858531,4.954874041936767,5.192352765103972,0.0067338250417084905,10.476276932565398,-5.684341886080802e-14,1.4594614023745862,-4.794682152564121,Standard
1331.9102043307332,1349.3671405883065,70747.3765137802,12.76089323198895,14.012316999661028,1.0478869681606842,5.093631215754378,5.337549771605476,0.006554979144567875,10.468111500712746,-0.0,1.4602210725370242,-4.7645578666577535,Standard
1356.697279865808,1374.4790926775368,70747.3765137802,13.930029769308373,15.295008801379945,1.0478493379805207,5.236292693764894,5.48684583263378,0.006380796649796353,10.460131439939738,5.684341886080802e-14,1.4609364543811125,-4.737176063662332,Standard
1381.9456470942607,1400.0583824680975,70747.3765137802,15.198872746009682,16.68709127586576,1.0478150482916253,5.38296696223069,5.640353787481976,0.006211163085828889,10.45232462475453,-5.684341886080802e-14,1.4616122930819415,-4.712266242061673,Standard
1407.6638907329943,1426.1137071941284,70747.3765137802,16.575938475667005,18.197907904614173,1.0477837732539872,5.53376565255689,5.79818985573937,0.00604596596964266,10.444680238906647,19.172526533097823,-1.504562843562553,251.32577018181178,Standard
1433.860755261959,1452.6539259467813,34885.33097982522,0.0016000736629468962,0.001574501508302711,0.9919768843787333,5.385954238811262,5.342742105222428,0.0065655337055620855,8.857449472797876,20.588958199251806,1.8048009176121127,264.1775496969723,Standard
1460.5451478973591,1479.6880626863963,33109.85322321033,0.000961557007269796,0.0010689308120031397,1.054356013472823,5.885188781476831,6.205084182172891,0.005656658726347771,10.62900120003045,1.7796082891836704,4.0225225051920575,11.617009051019323,Standard
1487.7261416202132,1507.2253093107556,32669.358967435477,0.0009487174159104924,0.0010258523980126377,1.0398579163786712,5.967042533183238,6.20487641549883,0.0056603756019745766,10.190180921765993,0.7265570016988931,-0.034450443958292,2.2235705740454534,Standard
1515.4129782612595,1535.2750287804226,32234.48284184501,0.0009362660332307707,0.000984774635041808,1.0255782288367354,6.050147129367487,6.204899177138367,0.0056638499184874895,9.770081506776268,0.7282029766077471,-0.027287412135308386,2.2193059705370786,Standard
1543.6150716432746,1563.8467583022461,31803.703969614016,0.0009236766326474449,0.0009452364011774418,1.0116033073482733,6.135068211083721,6.206255293139545,0.005666074571306865,9.370377193396113,0.7310679136513158,-0.015374761668169867,2.2253559483153253,Standard
1572.3420107818858,1592.950212572123,31377.03567701888,0.0009109612033490627,0.0009071842828666057,0.997924805435472,6.221842098698876,6.208930565794305,0.005667062198824242,8.989943150699427,0.7338873096204566,-0.0036223206404315533,2.231365395649192,Standard
1601.6035631459247,1622.595287078087,30954.49701402109,0.0008981342551324379,0.0008705683099412238,0.9845341766645195,6.3105029743492596,6.21290585018995,0.00566683152335348,8.627711018183573,0.7366546852043143,0.007945179600142183,2.2372796533883843,Standard
1631.4096779784884,1652.7920614648956,30536.104859670395,0.0008852099947151445,0.0008353398704750957,0.9714231544019496,6.4010857048967225,6.218162867048002,0.005665401968822221,8.282678504935035,0.7393702109807805,0.019328804619533457,2.2430990232846852,Standard
1661.770489679773,1683.5508029612024,30121.873916203942,0.0008722022919675533,0.0008014516811385047,0.9585837451568647,6.493625874979365,6.2246842108852425,0.0056627935755163535,7.953905013074312,0.7420341267037429,0.03052989791518712,2.24882418566483,Standard
1692.696321252892,1714.8819698705393,29711.81674838209,0.000859124663321734,0.0007688577678534746,0.946008219557815,6.588159804856275,6.232453327154446,0.005659026945122115,7.640507505122073,0.7446467028672714,0.04154993155611919,2.2544558931311087,Standard
1724.1976878138032,1746.7962151272457,29305.943825529535,0.0008459902572301873,0.0007375134459236164,0.933689103564972,6.68472456839103,6.241454489839765,0.005654123187431769,7.341656665875222,0.7472082380917868,0.05239049552483266,2.259994964844168,Standard
1756.2853001665574,1779.3043899185773,28904.263565764988,0.0008328118415226395,0.0007073752996171,0.9216191699302955,6.783358011274964,6.251672779691252,0.00564810386862521,7.056573337179349,0.7497190568190604,0.06305328825095557,2.265442282793998,Standard
1788.970068445097,1812.4175473742378,28506.78238215129,0.0008196017925890219,0.0006784011612433337,0.9097914299034452,6.884098769503865,6.263094063103469,0.0056409909611895475,6.7845252052740355,0.7521795071161819,0.0735401075544928,2.2707987883413807,Standard
1822.263105822807,1846.1469463245476,28113.5047305142,0.0008063720863137951,0.0006505500897663688,0.8981991251806188,6.9869862881208675,6.275704971639143,0.005632806795528867,6.5248237219450465,0.7545899585866209,0.08385284198783438,2.2760654790087074,Standard
1856.175732291125,1880.5040551285815,27724.43315869045,0.0007931342906836984,0.000623782348999234,0.8868357200930699,7.0920608402386955,6.289492882196946,0.005623574013305501,6.276821242156025,0.75695080038372,0.09399346257072239,2.2812434054987136,Standard
1890.7194785084569,1915.5005555735277,27339.568356980675,0.0007798995599888853,0.0005980593854243772,0.8756948940317265,7.199363546354038,6.304445897820374,0.0056133155225445205,6.039908362159823,0.759262439326335,0.10396401490652352,2.286333668933821,Standard
1925.9060897207162,1951.1483468466165,26958.90920959564,0.0007666786305360253,0.0005733438056858191,0.8647705341039577,7.308936393966711,6.320552829142446,0.00560205445452434,5.813511443312102,0.7615252981165099,0.11376661166991653,2.2913374183000883,Standard
1961.7475297548497,1987.459549580984,26582.452846897817,0.0007534818177910614,0.0005495993537986515,0.8540567280182649,7.420822257516134,6.337803176459343,0.005589814122467869,5.597090307938306,0.763739813650318,0.1234034254520111,2.296255848057939,Standard
1998.2559850866512,2024.4465099768036,26210.19469825421,0.000740319014869263,0.0005267908881213386,0.8435477571924147,7.535064918646839,6.356187112423786,0.005576617982041585,5.390136094645236,0.7659064354232328,0.1328766819482894,2.3010901959064824,Standard
2035.44386898431,2062.1218039991422,25842.128545327974,0.0007271996922903432,0.0005048843581355401,0.8332380900803023,7.651709086814743,6.375695465347611,0.005562489593662698,5.192169261427507,0.7680256240258245,0.1421886534759551,2.3058417406692513,Standard
2073.3238257290463,2100.498241653915,25478.246575650384,0.0007141328989173444,0.00048384678107745804,0.823122375712673,7.770800420244931,6.396319703101045,0.0055474525866086935,5.00273772580431,0.7700978497229585,0.15134165280102252,2.3105118002605707,Standard
2111.908734914302,2139.5888713434215,25118.539436325624,0.0007011272639991412,0.00046364621846353184,0.8131954374466386,7.8923855472511155,6.418051917594399,0.005531530624918094,4.821415132036884,0.7721235911141662,0.16033802726178692,2.315101729698682,Standard
2151.21171582495,2179.406984302956,24762.99628773299,0.000688191000237898,0.0004442517525520111,0.8034522669188321,8.016512087926387,6.440884809826675,0.005514747375066034,4.6477992362304015,0.7741033338718921,0.16918015316917945,2.3196129191279624,Standard
2191.2461318979795,2219.966119119955,24411.60485710252,0.0006753319078047012,0.0004256334627804882,0.7938880181969549,8.143228676213582,6.464811675483813,0.005497126475394028,4.481510400817855,0.7760375695511357,0.17787043047115958,2.3240467918030276,Standard
2232.0255952662237,2261.2800663372773,24064.35149184995,0.000662557379228605,0.00040776240221779536,0.7844980021243845,8.272584982363254,6.489826391068158,0.005478691507269098,4.322190190563694,0.7779267944665662,0.186411277658749,2.328404801985414,Standard
2273.563971386622,2303.3628731421313,23721.221212567874,0.000649874405086671,0.00039061057406698964,0.7752776808524912,8.404631735785632,6.5159234005391315,0.005459465967944146,4.169500062815904,0.779771508635065,0.19480512690540763,2.332688432715628,Standard
2315.8753837546224,2346.2288481422624,23382.197765578854,0.0006372895804248282,0.0003741509082542144,0.7662226625553192,8.539420748302545,6.543097702444512,0.005439473245087666,4.023120145280654,0.7815722147754514,0.2030544194208801,2.336899193398011,Standard
2358.9742187063325,2389.8925662310503,23047.2636749652,0.000624809111842033,0.0003583572381363608,0.757328696321265,8.677004937804025,6.5713448375203,0.005418736592948489,3.8827480950960735,0.7833294173641434,0.2111616010069497,2.3410386171590574,Standard
2402.875130310016,2434.3688735431106,22716.40029399917,0.0006124388251726635,0.00034320427735845267,0.7485916672164773,8.817438352313234,6.600660876736671,0.005397279110118166,3.7480980334468175,0.7850436217432843,0.2191291178066308,2.345108257931969,Standard
2447.5930453486467,2479.6728925021575,22389.58785590402,0.0006001841737046921,0.00032866759688963016,0.7400075915147281,8.960776194462838,6.6310424097669545,0.005375123718851214,3.6188995503890147,0.7867153332774706,0.2269594122348053,2.3491096872185437,Standard
2493.1431683951696,2525.8200269627846,22066.805523884635,0.0005880502468737492,0.00031472360226459956,0.7315726120886231,9.10707484638478,6.66248653385631,0.0053522931459011125,3.4948967749514446,0.7883450565539079,0.23465491908586955,2.3530444904886565,Standard
2539.540986982211,2572.8259674479323,21748.031440372255,0.0005760417793756892,0.0003013495110553344,0.7232829939571235,9.256391895015007,6.694990843066907,0.005328809904827603,3.3758475059438675,0.7899332946265645,0.24221806181185457,2.3569142631872353,Standard
2586.8022768680253,2620.7066964838523,21433.24277543403,0.0005641631606427951,0.0002885233305957962,0.7151351199844618,9.408786157814227,6.72855341787662,0.005304696279728857,3.2615223992407314,0.7914805483032978,0.24965124897278201,2.3607206063252306,Standard
2634.943107400404,2669.4784940343206,21122.415774304067,0.0005524184446310756,0.00027622383598042223,0.7071254867257302,9.564317708905458,6.763172815109293,0.0052799743103498185,3.1517042076205732,0.7929873154706115,0.25695687085806185,2.3644651216277737,Standard
2683.9798469804427,2719.157943036019,20815.525803996592,0.0005408113598684464,0.0002644305483551383,0.6992507004145381,9.7230479056295,6.798848058175535,0.005254665778516119,3.046187069528669,0.7944540904582595,0.2641372962839341,2.3681494062491026,Standard
2733.929168627957,2769.761935036891,20512.547398967465,0.0005293453197158218,0.00025312371351777113,0.69150747308835,9.88503941551944,6.835578627604589,0.00522879219584103,2.944775843396813,0.795881363445119,0.2711948695761066,2.3717750470584917,Standard
2784.808055650507,2821.3076759394708,20213.45430579293,0.0005180234327951409,0.00024228428084281027,0.683892618847294,10.050356243696815,6.873364451850067,0.005202374792650759,2.84728548439954,0.7972696199036591,0.27813190774480745,2.3753436145222224,Standard
2836.6338074178966,2873.8126918510666,19918.219526839228,0.0005068485135405258,0.00023189388254376325,0.6764030502424313,10.219063760692547,6.91220589835433,0.005175434508071947,2.753540460753046,0.7986193400882939,0.28495069786754357,2.378856656230397,Standard
2889.424045244136,2927.294835042816,19626.8153628989,0.0004958230928305368,0.00022193481328457415,0.6690357747896943,10.39122873069803,6.952103764859488,0.005147991981223099,2.6633742068728936,0.7999309985672198,0.29165349469190005,2.3823156901271574,Standard
2943.196718378899,2981.7722900196736,19339.213454772704,0.0004849494286615037,0.00021239001015002225,0.6617878916058866,10.566919340253788,6.993059270956021,0.005120067543450342,2.5766286109000176,0.801205063802513,0.29824251847657024,2.385722197520323,Standard
2997.9701101104383,3037.2635797033117,19055.38482377902,0.00047422951682367273,0.00020324303298350387,0.6546565881633645,10.746205227385463,7.03507404986348,0.0050916812115464945,2.4931535342839077,0.8024419977787716,0.30471995308482747,2.389077615974884,Standard
3053.762843982121,3093.7875717301367,18775.29991117402,0.0004636651015437497,0.00019447804509919664,0.6476391371601902,10.929157511200426,7.078150140441655,0.005062852681891259,2.412806361276848,0.8036422556898515,0.3110879443509589,2.3923833322110823,Standard
3110.5938901246263,3151.363484866479,18498.928616469035,0.00045325768605924716,0.00018607979437435218,0.640732893502749,11.115848821961393,7.122289979434448,0.005033601325449594,2.3354515763462094,0.8048062856812521,0.31734859873313326,2.3956406751216974,Standard
3168.4825717059825,3210.0108955431715,18226.24033463309,0.0004430085430919687,0.00017803359472631073,0.6339352913979706,11.306353331657357,7.1674963939526215,0.0050039461835650325,2.2609603676527374,0.805934528654916,0.32350398226736843,2.3988509090702053,Standard
3227.4485715016763,3269.749744511768,17957.203992170635,0.0004329187251898318,0.00017032530797777325,0.6272438415524393,11.500746785096485,7.213772594205785,0.004973905964484642,2.189210254873274,0.8070274181427521,0.32955611983697963,2.4020152276232807,Standard
3287.511938586982,3330.6003436245887,17691.78808206722,0.0004229890749083717,0.0001629413261129937,0.6206561284758063,11.6991065315492,7.261122166497344,0.00494349904055314,2.1200847397669715,0.8080853802471211,0.33550699476165846,2.4051347478633858,Standard
3348.6930951538857,3392.583382740992,17429.960697597384,0.0004132202348054107,0.00015586855392673202,0.6141698078859725,11.901511556974697,7.309549066499831,0.004912743446014825,2.053472977995149,0.8091088336540793,0.34135854871209403,2.40821050545739,Standard
3411.0128434548424,3455.7199367621392,17171.689564992084,0.0004036126572246574,0.0001490943920671304,0.6077826042136086,12.108042516867696,7.359057612830945,0.004881656875363686,1.9892694708083014,0.8100981897233623,0.3471126819480901,2.41124345063443,Standard
3474.492372875754,3520.031472796679,16916.942074965344,0.0003941666138465505,0.00014260672047310753,0.6014923082035614,12.318781769766233,7.409652480952644,0.0048502566821849,1.9273737753085254,0.8110538526504456,0.352771253870344,2.414234445204613,Standard
3539.153267140614,3585.539857459817,16665.68531310234,0.0003848822049872013,0.0001363938822063554,0.5952967746107021,12.533813411465049,7.461338697417504,0.004818559878433688,1.867690232083927,0.8119762197042064,0.358336083871734,2.417184260758475,Standard
3605.017511650176,3652.2673643081753,16417.88608911489,0.00037575936862907847,0.000130444667677627,0.58919391998774,12.753223309981466,7.514121634487,0.004786583134101571,1.8101277090930643,0.8128656815394493,0.3638089524680481,2.420093578150116,Standard
3672.107500957257,3720.236681413066,16173.510964972524,0.00036679788916995525,0.00012474829926664534,0.5831817205624303,12.977099141323464,7.568007005146256,0.0047543427772242025,1.7545993607528556,0.8137226225766767,0.3691916026772333,2.4229629883259918,Standard
3740.4460463811083,3789.4709190746676,15932.526281921668,0.00035799740587959445,0.00011929441633467022,0.5772582102015329,13.20553042611038,7.623000858538364,0.0047218547941899934,1.7010224012535267,0.8145474214466617,0.3744857416132277,2.4257929945534613,Standard
3810.0563837635054,3859.993617679767,15694.898186408169,0.0003493574210566393,0.00011407306062847918,0.5714214784587552,13.438608567097646,7.679109575839431,0.004689134830313704,1.6493178911891482,0.8153404514966383,0.37969304225703127,2.428584016054458,Standard
3880.962181369208,3931.82875570577,15460.592654922191,0.000340877307881227,0.00010907466207427399,0.565669668703781,13.676426887656113,7.736339866591915,0.004656198190644974,1.599410536652615,0.8161020813435584,0.3848151453548212,2.431336392995888,Standard
3953.1875479333944,4005.0007578736113,15229.575517788166,0.0003325563179617439,0.00010429002495976033,0.56000097632937,13.919080671254951,7.7946987655100335,0.004623059840987123,1.5512285000003956,0.8168326754696977,0.38985366139843336,2.434050392777081,Standard
4026.7570408589177,4079.5345034524494,15001.812481925304,0.000324393588577008,9.971031450237799e-05,0.554413647033369,14.16666720199488,7.854193629765995,0.004589734409107255,1.5047032215445695,0.8175325948532759,0.39481017263739204,2.436726217500805,Standard
4101.695674566076,4155.455334718875,14777.269152607932,0.0003163881496178069,9.53270438013667e-05,0.5489059751723704,14.419285806234607,7.914832136760325,0.004556236186124067,1.4597692514788272,0.8182021976154488,0.3996862350698507,2.4393640124659726,Standard
4178.02892899778,4232.789065573549,14555.911054257342,0.00030853893023416326,9.113206117102043e-05,0.5434763021836407,14.677037895349406,7.97662228237366,0.004522579128064812,1.4163640913907487,0.8188418396784414,0.4044833803635015,2.4419638755156257,Standard
4255.7827582830205,4311.561990318229,14337.703650299412,0.00030084476519681285,8.71175378521078e-05,0.5381230150718755,14.940027009655738,8.0395723796912,0.004488776857587408,1.3744280447555528,0.8194518754232831,0.4092031176613773,2.444525867032951,Standard
4334.983599561532,4391.800892596086,14122.612362124595,0.00029330440098322225,8.327595609803366e-05,0.5328445449572883,15.208358863530108,8.103691058184843,0.004454842665867666,1.3339040758466842,0.8200326583315132,0.41384693522689986,2.4470500203465946,Standard
4415.658381972736,4473.533054498464,13910.602587187925,0.0002859165015999195,7.960009763186013e-05,0.5276393656815249,15.482141391745092,8.16898726333206,0.004420789514654818,1.294737676536154,0.820584541603921,0.41841630189344414,2.4495363523212887,Standard
4497.83453581191,4556.786265841064,13701.639716288279,0.0002786796541539524,7.608303246981679e-05,0.5225059924679358,15.761484797038946,8.235470256645117,0.004386630038500979,1.2568767404929562,0.8211078787461474,0.4229126682894844,2.4519848738919308,Standard
4581.540001856792,4641.588833612777,13495.689150066251,0.00027159237418703343,7.271810810642807e-05,0.5174429806327889,16.046501598929922,8.303149616079113,0.00435237654717187,1.2202714443208718,0.8216030241100043,0.4273374678142545,2.4543956002929974,Standard
4666.803240867758,4727.96959160039,13292.716314759919,0.00026465311078614984,6.949893905583692e-05,0.5124489243441205,16.337306683780923,8.372035236783542,0.0043180410282468076,1.1848741352080765,0.8220703333840902,0.43169211735261115,2.456768560771522,Standard
4753.653243264765,4815.957910192351,13092.686677257569,0.00025786025148443305,6.641939674338981e-05,0.5075224554250631,16.63401735611465,8.442137332158424,0.004283635149916125,1.1506392246900328,0.8225101640309163,0.43597801772415323,2.4591038075810303,Standard
4842.119538984425,4905.583706365045,12895.565759484769,0.0002512121269656056,6.34735997409959e-05,0.5026622421986597,16.936753391176072,8.513466435174319,0.0042491702639832814,1.1175230881542944,0.8229228756605949,0.4401965538666559,2.4614014240644337,Standard
4932.232207520503,4996.877453854884,12701.319152162212,0.00024470701558472864,6.06559043392898e-05,0.4978669883713732,17.24563708873449,8.586033399913896,0.00421465740907772,1.0854839697412935,0.8233088303418015,0.44434909476723305,2.463661531691457,Standard
5024.021888151241,5089.87019351968,12509.9125279685,0.00023834314771694953,5.7960895449128835e-05,0.49313543195273857,17.560793328115682,8.659849403293094,0.004180107314082365,1.0544818923189017,0.8236683928511752,0.4484369931586798,2.465884295941237,Standard
5117.519790357085,5184.593543892913,12321.311654139785,0.00023211870994492003,5.538337782453988e-05,0.48846634420882123,17.882349624452882,8.734925946920487,0.004145530401777458,1.02447857223049,0.8240019308560989,0.4524615850031637,2.4680699309364798,Standard
5212.757704432201,5281.079711934331,12135.482404536195,0.00022603184909426538,5.291836759884832e-05,0.4838585286474216,18.210436186144182,8.811274859055489,0.00411093679269968,0.9954373385368586,0.8241622398761088,0.4544582202164504,2.4691534960509363,Standard
5309.768012293562,5379.361503980703,10958.918102974863,0.00010631152751843775,2.4970877137640945e-05,0.4846483290976538,18.751701441336497,9.0879807712818,0.003987044047596354,0.9999999999999987,0.4470789024307667,1.4942464453300301,2.9884928906600603,Self-Reg
5408.583698491099,5479.472336900287,10868.388203284041,0.00010059035347284695,2.3632054787642125e-05,0.4846995039773455,19.279623439369267,9.344823917932288,0.0038786882731790882,0.9999999999999981,0.4526396570466028,1.4943010522717175,2.988602104543435,Self-Reg
5509.238361422852,5581.446249454961,10777.510325532878,9.517706544135065e-05,2.2364969050583983e-05,0.48475019855981866,19.822388314695317,9.608906671478382,0.003773273499663247,0.9999999999999984,0.4581068049121784,1.4943551239715496,2.988710247943099,Self-Reg
5611.766224758764,5685.317913873753,10686.324223131898,9.005509448251792e-05,2.1165778964458995e-05,0.4848004174530009,20.380413024907835,9.880432742339895,0.0036707200411016344,0.9999999999999987,0.463480395962584,1.4944086659961202,2.9888173319922404,Self-Reg
5716.202149077079,5791.122647641759,10594.868914018984,8.520876331549323e-05,2.0030849044541033e-05,0.4848501652187217,20.95412623392673,10.159611566533323,0.003570950365499266,0.9999999999999984,0.46876062311527367,1.4944616838480806,2.9889233676961613,Self-Reg
5822.581643717361,5898.896425508499,10503.182642683367,8.062323833511926e-05,1.895673830231492e-05,0.48489944637320953,21.543968640538687,10.446658466478997,0.0034738890367809784,0.9999999999999984,0.4739478115180491,1.4945141829669877,2.9890283659339754,Self-Reg
5930.9408788539995,6008.675891719687,10411.302846750294,7.628448420937906e-05,1.7940189850547007e-05,0.48494826538758246,22.15039331615508,10.741794816322104,0.0033794626583155416,0.9999999999999982,0.4790424081420401,1.494566168730137,2.989132337460274,Self-Reg
6041.316697794501,6120.498372476696,10319.266127915005,7.217922092018132e-05,1.6978121063253232e-05,0.48499662668833354,22.773866052047087,11.045248211894792,0.0032875998179546554,0.9999999999999982,0.48404497175178257,1.4946176464533858,2.9892352929067716,Self-Reg
6153.746629506598,6234.401888627864,10227.108227008237,6.829488311600568e-05,1.6067614260986362e-05,0.48504453465780983,23.414865716323366,11.35725264544917,0.0031982310345465507,0.9999999999999986,0.4889561632772828,1.4946686213919596,2.989337242783919,Self-Reg
6268.268901378476,6350.425168595962,10134.864002970824,6.46195816519929e-05,1.520590789343688e-05,0.48509199363468564,24.073884620923646,11.678048685295249,0.003111288705884869,0.9999999999999983,0.4937767366064581,1.4947190987412498,2.9894381974824995,Self-Reg
6384.922452216543,6468.607661546327,10042.567415513036,6.11420671997599e-05,1.439038819283198e-05,0.48513900791443054,24.751428898909758,12.007883660481644,0.0030267070580544445,0.9999999999999983,0.4985075298105199,1.4947690836375958,2.9895381672751915,Self-Reg
6503.746945485001,6588.98955079995,9950.25151123444,5.7851695815561973e-05,1.3618581273030435e-05,0.48518558174977106,25.44801889234203,12.347011850660135,0.002944422096136897,0.9999999999999983,0.5031494568096888,1.4948185811590569,2.9896371623181137,Self-Reg
6624.782782791881,6711.61176749628,9857.948412981781,5.4738396361408216e-05,1.2888145650545006e-05,0.4852317193511476,26.164189551039012,12.69569468127999,0.0028643715562395827,0.9999999999999984,0.5077034994821352,1.4948675963261726,2.989735192652345,Self-Reg
6748.071117626019,6836.516004510238,9765.689312225903,5.179263967941666e-05,1.2196865164991396e-05,0.485277424887165,26.900490842525116,13.054200924261352,0.0027864948588127063,0.9999999999999987,0.5121707002150726,1.4949161341027086,2.9898322682054173,Self-Reg
6873.653869349662,6963.744730628222,9673.504464243424,4.900540942505763e-05,1.1542642277660051e-05,0.4853227024850387,27.657488173480164,13.42280690430139,0.0027107330632201746,0.9999999999999983,0.5165521548935827,1.4949641993963951,2.9899283987927903,Self-Reg
7001.573737451545,7093.341204987997,9581.423185894466,4.636817447000929e-05,1.0923491728040946e-05,0.48536755623103467,28.43576282301412,13.80179671097167,0.00263702882353065,0.9999999999999984,0.5208490063198838,1.4950117970596504,2.9900235941193007,Self-Reg
7131.874216065125,7225.349491787214,9489.473855794713,4.387286279016128e-05,1.0337534529207412e-05,0.4854119901709048,29.235912388097486,14.191462416768612,0.00256532634549636,0.999999999999998,0.5250624380533501,1.495058931890295,2.99011786378059,Self-Reg
7264.599608757109,7359.814475265764,9397.68391668709,4.15118367588374e-05,9.782992283979826e-06,0.4854560083103168,30.05855124148997,14.592104301284838,0.0024955713446877664,0.9999999999999982,0.5291936686596583,1.4951056086322556,2.9902112172645112,Self-Reg
7399.795043591118,7496.781874966877,9306.079879826468,3.9277869769619944e-05,9.25818180475514e-06,0.4854996146152788,30.90431100251651,15.004031081672487,0.002427711005753357,0.9999999999999983,0.5332439463558348,1.4951518319762567,2.9903036639525133,Self-Reg
7537.506488471692,7636.298261282242,9214.68733119902,3.7164124117220454e-05,8.761510020798523e-06,0.48554281301255947,31.773841021051947,15.427560149575417,0.002361693942774416,0.9999999999999979,0.5372145440367662,1.4951976065605033,2.9903952131210065,Self-Reg
7677.780766773924,7778.4110712864895,9123.530939406253,3.516413006869462e-05,8.291469157657069e-06,0.4855856073901029,32.66780887508495,15.86301781471192,0.0022974701606854916,0.9999999999999988,0.5411067546678048,1.4952429369713511,2.9904858739427023,Self-Reg
7820.665573263863,7923.168624866254,9032.634465052666,3.3271766060944796e-05,7.846632174173467e-06,0.4856280015974381,33.5869008822413,16.310739555294077,0.0022349910177321512,0.9999999999999983,0.5449218870274584,1.4952878277439703,2.9905756554879406,Self-Reg
7966.20949031528,8070.6201411494985,8942.020771484484,3.148123996389638e-05,7.425648443350519e-06,0.4856699994460849,34.53182262565929,16.771070275476248,0.002174209188938177,0.9999999999999986,0.5486612617837123,1.4953322833629947,2.9906645667259895,Self-Reg
8114.462004428202,8220.815755240541,8851.711836735805,2.978707135200025e-05,7.027239664050794e-06,0.48571160470995367,35.50329949461881,17.244364570029386,0.002115078630555294,0.9999999999999982,0.5523262078873539,1.495376308263166,2.990752616526332,Self-Reg
8265.473523054805,8373.806535266489,8761.728766547058,2.8184074729797945e-05,6.650195991209383e-06,0.48575282112574153,36.50207724033838,17.730986996444088,0.0020575545454691114,0.9999999999999982,0.5559180592655951,1.4954199068299634,2.990839813659927,Self-Reg
8419.295391738573,8529.644499741025,8672.091808329009,2.6667343660204796e-05,6.29337237289391e-06,0.48579365239332306,37.528922547366285,18.2313123546712,0.0020015933495356546,0.9999999999999981,0.5594381517994211,1.495463083400229,2.990926166800458,Self-Reg
8575.979911572245,8688.382635251184,8582.820365954094,2.523223574693403e-05,5.955685083169075e-06,0.4858341021761371,38.58462362100167,18.745725974713515,0.0019471526388236706,0.9999999999999983,0.562887820568315,1.4955058422627803,2.9910116845255605,Self-Reg
8735.58035698084,8850.074914473438,8493.933015264474,2.387435842509273e-05,5.636108440310225e-06,0.48587417410156847,39.66999079119732,19.27462401228982,0.0018941911577383494,0.9999999999999982,0.5662683973463408,1.4955481876590138,2.9910963753180275,Self-Reg
8898.150993835448,9014.776314524917,8405.447520194368,2.2589555516460977e-05,5.3336717004695516e-06,0.48591387176132594,40.78585713340443,19.81841375279684,0.001842668768002974,0.9999999999999986,0.5695812083339962,1.4955901237835023,2.9911802475670046,Self-Reg
9063.747097904288,9182.542835656282,8317.380849411284,2.1373894508299883e-05,5.04745611742472e-06,0.48595319871181497,41.93307910683634,20.377513923802688,0.001792546418475431,0.9999999999999983,0.5728275721107225,1.4956316547845805,2.991263309569161,Self-Reg
9232.424973647023,9353.431520292386,8229.749193388172,2.0223654516753542e-05,4.776592159540677e-06,0.48599215847450705,43.112537210638735,20.95235501631082,0.0017437861157772814,0.9999999999999986,0.5760087977934907,1.4956727847649236,2.991345569529847,Self-Reg
9404.241973358867,9527.50047242729,8142.567981825182,1.913531489800263e-05,4.520256875547694e-06,0.4860307545363039,44.3251366584689,21.543379615040422,0.0016963508957136082,0.9999999999999983,0.5791261833874659,1.495713517782117,2.991427035564234,Self-Reg
9579.256516671052,9704.808877380307,8055.851901346173,1.8105544472310272e-05,4.277671401186675e-06,0.4860689903498981,45.57180807200124,22.15104273797698,0.001650204795462416,0.9999999999999987,0.582181014315353,1.4957538578492173,2.9915077156984347,Self-Reg
9757.528110414034,9885.417021919573,7969.614913401421,1.7131191327978813e-05,4.048098599197335e-06,0.48610686933412917,46.85350819388806,22.775812185451894,0.0016053128265130425,0.9999999999999983,0.5851745621126261,1.495793808935306,2.991587617870612,Self-Reg
9939.117368850553,10069.386314760271,7883.870272313469,1.620927317400736e-05,3.830840825525314e-06,0.4861443948743361,48.171220620724114,23.418168899020063,0.0015616409483333903,0.9999999999999984,0.5881080832765005,1.4958333749660346,2.9916667499320693,Self-Reg
10124.08603428507,10256.779307444209,7798.630543408913,1.5336968211923752e-05,3.6252378150054296e-06,0.4861815703227048,49.525956556573156,24.078607330408797,0.0015191560427465617,0.9999999999999984,0.5909828182571025,1.4958725598241611,2.9917451196483222,Self-Reg
10312.496998056868,10447.659715608052,7713.907621183704,1.4511606498849883e-05,3.4306646801371713e-06,0.48621839899861274,50.91875558763573,24.757635820821914,0.0014778258889977698,0.9999999999999983,0.5937999905799447,1.4959113673500808,2.9918227347001616,Self-Reg
10504.41432192369,10642.092440647246,7629.712747454692,1.3730661775365892e-05,3.2465300169098927e-06,0.4862548841889691,52.35068647864899,25.45577699088849,0.0014376191394931022,0.9999999999999984,0.5965608060894022,1.4959498013423467,2.9918996026846933,Self-Reg
10699.903259843553,10840.14359178331,7546.056529454332,1.2991743733158433e-05,3.0722741119569287e-06,0.48629102914855077,53.82284799163095,26.173568141556224,0.0013985052961920234,0.9999999999999983,0.599266452303517,1.4959878655581842,2.9919757311163684,Self-Reg
10899.030280161718,11041.880508541602,7462.948957830053,1.2292590698787608e-05,2.907367245623997e-06,0.48632683710033514,55.33636972759303,26.911561666235052,0.0013604546876361673,0.9999999999999983,0.6019180978710166,1.4960255637139994,2.992051127427999,Self-Reg
11101.863088210654,11247.371783647508,7380.399424513437,1.163106271117801e-05,2.7513080858255385e-06,0.48636231123582824,56.89241299186701,27.670325474507703,0.0013234384465972897,0.9999999999999987,0.6045168921220135,1.4960628994858765,2.992125798971753,Self-Reg
11308.470649330618,11456.687286348726,7298.416740428177,1.100513497164575e-05,2.603622167836697e-06,0.4863974547153905,58.492171683708555,28.450443427731475,0.001287428488327779,0.9999999999999982,0.6070639647044043,1.4960998765100717,2.9921997530201434,Self-Reg
11518.923212318514,11669.898186171475,7217.009153009169,1.041289164641384e-05,2.4638604554276204e-06,0.4864322706685574,60.13687321085708,29.25251578686435,0.0012523974893975662,0.9999999999999986,0.6095604252984964,1.4961364983834993,2.9922729967669985,Self-Reg
11733.292333313373,11887.076977119033,7136.184363508131,9.85252000264567e-06,2.3315979789917438e-06,0.48646676219435697,61.827779429754834,30.077159672859697,0.0012183188671016504,0.9999999999999983,0.612007363402909,1.4961727686642083,2.9923455373284167,Self-Reg
11951.650900126135,12108.297502320394,7055.949544064309,9.322304860049545e-06,2.206432546552369e-06,0.4865009323616246,63.56618761214122,30.92500953998066,0.0011851667594229727,0.9999999999999987,0.6144058481852608,1.4962086908718564,2.9924173817437127,Self-Reg
12174.073157022298,12333.634979137747,6976.311354521248,8.820623341070806e-06,2.0879835237511245e-06,0.4865347842093127,65.35343143876526,31.796717662397764,0.0011529160055356888,0.9999999999999984,0.6167569283916207,1.4962442684881736,2.992488536976347,Self-Reg
12400.6347299658,12563.166024741215,6897.275958973278,8.345939903603309e-06,1.97589067913024e-06,0.486568320746798,67.1908820209755,32.692954634442266,0.001121542126834325,0.9999999999999986,0.6190616323091227,1.4962795049574216,2.992559009914843,Self-Reg
12631.412652332558,12796.968682159415,6818.849042027639,7.89680164101674e-06,1.8698130912175427e-06,0.4866015449541852,69.07994895096866,33.6144098848976,0.001091021308474726,0.9999999999999988,0.6213209677765613,1.4963144036868459,2.9926288073736917,Self-Reg
12866.485391102806,13035.122446815089,6741.035824770075,7.471833835113206e-06,1.7694281141092517e-06,0.48663445978260683,71.02208138150417,34.561792205724615,0.0010613303814129746,0.9999999999999989,0.623535922238163,1.4963489680471214,2.9926979360942427,Self-Reg
13105.9328735406,13277.708293554291,6663.8410804240175,7.069735748402874e-06,1.6744303984226639e-06,0.48666706815452027,73.01876913590633,35.535830295623306,0.001032446804928988,0.9999999999999989,0.6257074628360902,1.4963832013727918,2.9927664027455836,Self-Reg
13349.836514369981,13524.80870417874,6587.2691496948755,6.6892766428187355e-06,1.584530964657411e-06,0.4866993729640012,75.07154384920757,36.53727331884884,0.001004348649621695,0.9999999999999988,0.6278365365375849,1.4964171069627037,2.9928342139254074,Self-Reg
13598.279243456886,13776.507695490549,6511.323955792776,6.329292012685022e-06,1.4994563261624679e-06,0.4867313770770332,77.1819801413048,37.56689147970952,0.000977014580863151,0.9999999999999983,0.6299240702929627,1.4964506880804331,2.9929013761608663,Self-Reg
13851.345534006085,14032.890847858731,6436.009019128539,5.98868002040922e-06,1.4189476590557704e-06,0.4867630833317957,79.3516968230261,38.62547661318604,0.000950423842699254,0.9999999999999986,0.6319709712209894,1.496483947954708,2.992967895909416,Self-Reg
14109.121431283145,14294.04533431761,6361.327471678853,5.666398123987678e-06,1.3427600165849126e-06,0.4867944945389465,81.58235813603355,39.71384279212576,0.0009245562421850246,0.9999999999999986,0.6339781268184221,1.4965168897798227,2.9930337795596453,Self-Reg
14371.694581870643,14560.059950206485,6287.282071018125,5.361459886002901e-06,1.2706615855518662e-06,0.4868256134819034,83.87567502750804,40.83282695147537,0.0008993921341428008,0.9999999999999984,0.6359464051907907,1.4965495167160485,2.993099033432097,Self-Reg
14639.154263468963,14831.025143361028,6213.8752140152665,5.072931954345101e-06,1.20243298255141e-06,0.4868564429171209,86.23340646059368,41.98328953003091,0.0008749124063319516,0.9999999999999983,0.6378766553017117,1.496581831890038,2.993163663780076,Self-Reg
14911.59141525172,15107.033044866555,6141.108950194852,4.799931205416752e-06,1.1378665878933643e-06,0.486886985574365,88.65736076160492,43.16611513019681,0.0008510984650190379,0.9999999999999984,0.6397697072382724,1.496613838395223,2.993227676790446,Self-Reg
15189.098668785939,15388.177500383466,6068.984994762947,4.541622041076233e-06,1.076765915192551e-06,0.4869172441569843,91.14939700502569,44.382213196257986,0.0008279322209376665,0.9999999999999987,0.6416263724902203,1.4966455392922091,2.9932910785844182,Self-Reg
15471.770379527941,15674.554102055952,5997.50474129862,4.297213831046685e-06,1.018945014718036e-06,0.48694722134217844,93.71142643736454,45.63251871168662,0.0008053960756275153,0.9999999999999983,0.6434474442408971,1.4966769376091618,2.9933538752183235,Self-Reg
15759.702658905133,15966.260221014252,5926.669274113013,4.065958492962355e-06,9.642279086954162e-07,0.4869769197812636,96.34541394095093,46.917992916015095,0.000783472908142368,0.9999999999999981,0.6452336976680383,1.4967080363421899,2.9934160726843797,Self-Reg
16052.993406994932,16263.395040481906,5856.4793802783715,3.847148202645049e-06,9.124480568522718e-07,0.48700634209993465,99.05337953879632,48.239624041825714,0.0007621460621171976,0.9999999999999988,0.6469858902527191,1.4967388384557232,2.9934776769114464,Self-Reg
16351.74234581189,16566.059589499153,5786.935561330025,3.6401132276024864e-06,8.634478505884163e-07,0.48703549089852494,101.83739994167105,49.59842807242118,0.0007413993331846445,0.9999999999999983,0.6487047620948931,1.4967693468828838,2.9935386937657675,Self-Reg
16656.051053214116,16874.35677727376,5718.0380446448735,3.4442198771174293e-06,8.170781342390972e-07,0.4870643687522628,104.69961013857973,50.99544952075534,0.0007212169567314848,0.9999999999999986,0.65039103623411,1.4967995645258538,2.9935991290517077,Self-Reg
16966.022997441043,17188.391428171457,5649.786794500234,3.2588685626529226e-06,7.731977519810979e-07,0.48709297821152564,107.64220503185648,52.431762230222645,0.0007015835959859159,0.9999999999999986,0.6520454189741298,1.496829494256237,2.993658988512474,Self-Reg
17281.763572293647,17508.27031735727,5582.181522817505,3.083491962637368e-06,7.316731190093955e-07,0.48712132180209117,110.66744111812677,53.90847019791701,0.0006824843304267771,0.9999999999999987,0.6536686002102777,1.496859138915417,2.993718277830834,Self-Reg
17603.380132969327,17834.102207100063,5515.221699595272,2.9175532860120393e-06,6.923778156852715e-07,0.48714940202538515,113.77763821642338,55.42670842099126,0.0006639046445060313,0.9999999999999984,0.6552612537584932,1.4968885013149087,2.9937770026298174,Self-Reg
17930.98203256424,18165.997883753287,5448.906563036698,2.76054462922581e-06,6.551922034262131e-07,0.4871772213587279,116.97518124478621,56.98764376676853,0.0006458304166760218,0.9999999999999986,0.6568240376851379,1.4969175842367064,2.993835168473413,Self-Reg
18264.680659253994,18504.07019542302,5383.235129376695,2.6119854216489794e-06,6.200030611739497e-07,0.4872047822555764,120.26252204669066,58.59247586726438,0.0006282479087133912,0.9999999999999983,0.6583575946367078,1.496946390433627,2.993892780867254,Self-Reg
18604.58947416726,18848.434090337953,5318.206202413943,2.471420954646961e-06,5.867032413388081e-07,0.4872320871457652,123.64218126872127,60.2424380388141,0.0006111437553315528,0.999999999999998,0.6598625521687068,1.496974922629649,2.993949845259298,Self-Reg
18950.82404996362,19199.206655932867,5253.818382753621,2.3384209898124348e-06,5.551913441778947e-07,0.4872591384357442,127.11675029091232,61.93879822750157,0.0005945049540740314,0.9999999999999987,0.6613395230729958,1.4970031835202446,2.9940063670404893,Self-Reg
19303.50211012935,19556.50715865947,5190.070076766493,2.2125784420956984e-06,5.253714096201213e-07,0.4872859385088129,130.68889321123885,63.68285998111656,0.0005783188554810692,0.999999999999998,0.6627891057030203,1.4970311757727115,2.994062351545423,Self-Reg
19662.743569005124,19920.457084538713,5126.959505270077,2.0935081338023893e-06,4.971526256039221e-07,0.4873124897253542,134.36134888578343,65.47596344838806,0.0005625731535220975,0.9999999999999986,0.6642118842963874,1.4970589020264968,2.9941178040529937,Self-Reg
20028.67057255762,20291.18018046678,5064.484711938112,1.980845615645398e-06,4.7044905204364786e-07,0.48733879442306327,138.1369330261229,67.31948640625016,0.0005472558762869963,0.9999999999999986,0.6656084292943136,1.497086364893518,2.994172729787036,Self-Reg
20401.407539910888,20668.80249629082,5002.6435714439785,1.8742460512417428e-06,4.45179359587631e-07,0.487364854917176,142.01854035556195,69.21484531593755,0.0005323553769290572,0.9999999999999986,0.6669792976575374,1.4971135669584799,2.9942271339169597,Self-Reg
20781.08120565007,21053.45242766708,4941.433797344367,1.7733831616406445e-06,4.2126658237597167e-07,0.4873906735006938,146.00914682584684,71.16349640871118,0.0005178603248529475,0.9999999999999987,0.6683250331783329,1.497140510779186,2.994281021558372,Self-Reg
21167.820662912316,21445.260759716653,4880.852949709169,1.677948226652004e-06,3.9863788404830367e-07,0.487416252444606,150.111811896062,73.16693680204816,0.0005037596971410339,0.9999999999999984,0.6696461667883082,1.4971671988868487,2.9943343977736974,Self-Reg
21561.757407280325,21844.360711494282,4820.898442503531,1.5876491399184163e-06,3.772243362919225e-07,0.48744159399811043,154.32968087546047,75.22670564715415,0.0004900427702116179,0.9999999999999986,0.6709432168617236,1.4971936337863918,2.9943872675727836,Self-Reg
21963.025381491676,22250.887981283693,4761.5675507284095,1.502209514838902e-06,3.569607092587594e-07,0.4874667003888313,158.6659873320037,77.34438530866797,0.00047669911170289007,0.9999999999999987,0.6722166895140917,1.497219817956752,2.994439635913504,Self-Reg
22371.761020981237,22664.98079273693,4702.857417325297,1.42136783860727e-06,3.377852732154091e-07,0.4874915738230345,163.12405556847634,79.52160257747265,0.00046371857257643555,0.9999999999999987,0.6734670788958727,1.4972457538511739,2.9944915077023477,Self-Reg
22788.103300270563,23086.779941871722,4644.765059851389,1.344876671776204e-06,3.1963961082465014e-07,0.4875162164858413,167.70730316805322,81.76002991753323,0.0004510912794344293,0.9999999999999983,0.6746948674810926,1.497271443897504,2.994542887795008,Self-Reg
23212.19378022049,23516.42884494346,4587.287376931021,1.2725018908969507e-06,3.024684394889654e-07,0.4875406305414388,172.419243611273,84.06138674771799,0.0004388076270447345,0.9999999999999987,0.6759005263507635,1.4972968904984791,2.9945937809969583,Self-Reg
23644.176656163912,23954.073587208793,4530.421154489162,1.2040219719163582e-06,2.8621944321705544e-07,0.487564818133289,177.26348896643026,86.42744075958984,0.00042685827106827065,0.9999999999999984,0.6770845154709874,1.4973220960320097,2.9946441920640194,Self-Reg
24084.198806933062,24399.862972595503,4474.163071773038,1.1392273121382426e-06,2.708431135032946e-07,0.48758878138433503,182.24375265542278,88.86000927216577,0.0004152341209832489,0.9999999999999982,0.6782472839656695,1.4973470628514634,2.9946941257029267,Self-Reg
24532.409844800422,24853.948574297985,4418.509707167291,1.0779195886733243e-06,2.562925987372067e-07,0.4876125223972056,187.3638522971992,91.36096062469477,0.0004039263332008935,0.9999999999999986,0.679389270383781,1.497371793285941,2.994743586571882,Self-Reg
24988.96216634833,25316.48478631358,4363.457543808602,1.0199111514144124e-06,2.425235616860576e-07,0.48763604325441684,192.62771263096008,93.93221560851022,0.00039292630436753485,0.9999999999999984,0.6805109029611253,1.4973962896405515,2.994792579281103,Self-Reg
25454.01100428525,25787.628875937982,4309.002975005245,9.650244486787366e-07,2.294940446180191e-07,0.4876593460185725,198.03936852135885,96.57574893905694,0.00038222566484801977,0.9999999999999981,0.6816125998765903,1.4974205541966816,2.9948411083933633,Self-Reg
25927.714480227118,26267.541037238385,4255.142309466959,9.130914837593451e-07,2.1716434165651993e-07,0.4876824327325616,203.6029680480108,99.29359076922391,0.0003718162723855303,0.9999999999999981,0.6826947695028791,1.497444589212264,2.994889178424528,Self-Reg
26410.23365845969,26756.384445520453,4201.871776350769,8.639533007224403e-07,2.05496877978398e-07,0.48770530541975404,209.32277568165136,102.08782824513044,0.0003616902059330921,0.9999999999999981,0.6837578106517227,1.4974683969220404,2.9949367938440807,Self-Reg
26901.732600702686,27254.325312810277,4149.187530127742,8.174594978764746e-07,1.944560954890795e-07,0.48772796608419455,215.20317554940445,104.9606071055709,0.00035183975965207866,0.9999999999999983,0.684802112813599,1.4974919795378205,2.994983959075641,Self-Reg
27402.37842189237,27761.53294436804,4097.085655276091,7.734677674240832e-07,1.8400834462777346e-07,0.48775041671079367,221.2486747916355,107.91413332633108,0.00034225743707324733,0.9999999999999983,0.6858280563919874,1.4975153392487417,2.9950306784974834,Self-Reg
27912.34134700215,28278.179796253382,4045.562170805632,7.318434598877273e-07,1.7412178197417702e-07,0.4877726592655181,227.4639070129671,110.95067481063948,0.0003329359454159008,0.9999999999999987,0.6868360129321982,1.4975384782215202,2.9950769564430404,Self-Reg
28431.794768921587,28804.441533962978,3994.6130346184746,6.924591719757762e-07,1.6476627334577843e-07,0.48779469569557726,233.85363583010954,114.07256312705262,0.00032386819006088543,0.9999999999999982,0.6878263453448332,1.4975613986007028,2.9951227972014056,Self-Reg
28960.915307410985,29340.49709215787,3944.23414771104,6.551943566277696e-07,1.5591330209156086e-07,0.48781652792960994,240.42275851919322,117.28219529609187,0.0003150472691733135,0.9999999999999983,0.688799408123924,1.4975841025089138,2.9951682050178277,Self-Reg
29499.88286915469,29886.528735503827,3894.4213582218895,6.199349540450511e-07,1.4753588230355983e-07,0.48783815787786683,247.17630976542904,120.5820356270159,0.0003064664684709136,0.9999999999999986,0.6897555475598252,1.4976065920470987,2.9952131840941973,Self-Reg
30048.88070893106,30442.72212064306,3845.170465330242,5.865730425776204e-07,1.3960847668274714e-07,0.48785958743239294,254.11946551793943,123.97461760612214,0.00029811925613411344,0.9999999999999983,0.6906951019469229,1.4976288692947664,2.9952577385895327,Self-Reg
30608.095491920805,31009.266359319234,3796.477223009631,5.550065083985691e-07,1.3210691880976532e-07,0.48788081846720693,261.25754695271945,127.46254583802752,0.0002899992778540087,0.9999999999999982,0.6916184017862371,1.497650936310226,2.995301872620452,Self-Reg
31177.717357175858,31586.35408267819,3748.3373436410616,5.251387329549934e-07,1.250083395844056e-07,0.48790185283847937,268.5960245467733,131.04849804142037,0.0002821003520144822,0.9999999999999983,0.6925257699830012,1.4976727951308222,2.9953455902616444,Self-Reg
31757.9399822678,32174.181506763714,3700.7465014902195,4.968782972388813e-07,1.1829109761041325e-07,0.48792269238470815,276.14052226651233,134.73522710079615,0.0002744164650048804,0.9999999999999988,0.6934175220392952,1.4976944477731682,2.9953888955463364,Self-Reg
32348.960649141056,32772.94849923382,3653.700336052659,4.701387019726253e-07,1.1193471331409629e-07,0.48794333892689296,283.896821873661,138.52556317576756,0.0002669417666596736,0.9999999999999987,0.6942939662418226,1.4977158962333732,2.9954317924667464,Self-Reg
32950.98031119059,33382.85864731765,3607.1944552713358,4.448381028528606e-07,1.0591980659662118e-07,0.48796379426870784,291.87086735193225,142.42241586954756,0.0002596705658217054,0.9999999999999984,0.6951554038449224,1.4977371424872707,2.9954742849745415,Self-Reg
33564.20366158797,34004.11932703703,3561.22443863037,4.208990600421931e-07,1.0022803783054834e-07,0.4879840601966713,300.0687694578729,146.42877645827173,0.00025259732602567295,0.9999999999999983,0.6960021292488997,1.4977581884906401,2.9955163769812803,Self-Reg
34188.83920287999,34636.94177371734,3515.7858401289027,3.982483011420393e-07,9.48420520213193e-08,0.4880041384803151,308.4968103993763,150.54772018287275,0.0002457166612985793,0.999999999999998,0.6968344301737767,1.497779036179429,2.995558072358858,Self-Reg
34825.09931788087,35281.54115380883,3470.87419113903,3.7681649692119116e-07,8.974542596404336e-08,0.48802403087235147,317.16144864540445,154.78240860524457,0.00023902333207402363,0.9999999999999982,0.697652587828548,1.49779968746997,2.99559937493994,Self-Reg
35473.20034188537,35938.13663804626,3426.4850031512724,3.5653804911352455e-07,8.49226182349658e-08,0.488043739108838,326.06932387064813,159.1360920305218,0.00023251224121721424,0.9999999999999983,0.6984568770760419,1.4978201442591963,2.9956402885183926,Self-Reg
36133.362636224934,36606.951475969065,3382.6137704113726,3.3735088963544886e-07,8.035892186566025e-08,0.4880632649093415,335.22726203887186,163.61211199731113,0.00022617843015773872,0.9999999999999983,0.699247566593482,1.497840408424855,2.99568081684971,Self-Reg
36805.81066319256,37288.2130718283,3339.2559724518533,3.1919629060850555e-07,7.604041955609696e-08,0.4880826099770994,344.6422806288463,168.2139038377872,0.00022001707512716702,0.9999999999999986,0.7000249190288361,1.4978604818257164,2.995720963651433,Self-Reg
37490.77306236326,37982.15306190736,3296.4070765216625,3.0201868460560335e-07,7.195394129044857e-08,0.4881017759991802,354.32159400688494,172.94499930962104,0.00021402348349864044,0.9999999999999986,0.7007891911530612,1.4978803663017808,2.9957607326035616,Self-Reg
38188.48272833289,38689.00739327975,3254.062539917407,2.857654945707844e-07,6.808702422681627e-08,0.48812076464664184,364.2726189500548,177.8090293017355,0.00020819309022571494,0.9999999999999983,0.7015406340083237,1.4979000636744846,2.995800127348969,Self-Reg
38899.17688990569,39409.016404034475,3212.2178122191635,2.70386972891842e-07,6.442787473892053e-08,0.4881395775746884,374.50298032433795,182.80972661598418,0.00020252145437774197,0.9999999999999986,0.7022794930523049,1.4979195757469024,2.9958391514938048,Self-Reg
39623.0971907543,40142.42490499326,3170.868337434161,2.558360491333009e-07,6.096533249437553e-08,0.48815821642282536,385.02051692205225,187.95092882686325,0.00019700425576919844,0.9999999999999986,0.7030060082986709,1.497938904303946,2.995877808607892,Self-Reg
40360.4897715809,40889.48226294856,3130.0095560513155,2.4206818596367497e-07,5.768883646032838e-08,0.48817668281501314,395.8332874630073,193.2365812214524,0.00019163729168041645,0.9999999999999986,0.7037204144538085,1.4979580511125625,2.995916102225125,Self-Reg
41111.6053538086,41650.44248545185,3089.636907009489,2.2904124283600166e-07,5.458839273309563e-08,0.48819497835981923,406.94957676401276,198.67073982184482,0.0001864164736672291,0.9999999999999983,0.7044229410499169,1.4979770179219292,2.9959540358438583,Self-Reg
41876.69932482829,42425.564307177774,3049.745829582514,2.167153470044707e-07,5.165454409399214e-08,0.4882131046505684,418.377902081409,204.25757449235618,0.00018133782445715045,0.9999999999999982,0.7051138125745445,1.4979958064636463,2.9959916129272925,Self-Reg
42656.03182483395,43215.11127789762,3010.3317651835446,2.0505277148228065e-07,4.8878341198756806e-08,0.48823106326549165,430.12701963153376,210.00137213392074,0.000176397474929719,0.9999999999999983,0.7057932485966596,1.498014418451927,2.996028836903854,Self-Reg
43449.8678352729,44019.35185208879,2971.390159091595,1.9401781956723506e-07,4.625131531297296e-08,0.4882488557678736,442.2059312940698,215.90653996809647,0.0001715916611787483,0.999999999999998,0.7064614638893467,1.4980328555837854,2.996065711167571,Self-Reg
44258.47726894187,44838.559480211814,2932.9164621028276,1.835767155816155e-07,4.376545251056029e-08,0.48826648370619813,454.6238915034172,221.9776089132016,0.00016691672165426038,0.9999999999999984,0.7071186685492095,1.4980511195392228,2.9961022390784455,Self-Reg
45082.135061761335,45673.01270168747,2894.906132109059,1.7369750149188936e-07,4.141316925685916e-08,0.4882839486142929,467.39041433338707,228.21923705517665,0.00016236909438193683,0.9999999999999988,0.7077650681125727,1.4980692119814103,2.9961384239628206,Self-Reg
45921.12126625537,46522.99523960189,2857.3546356061147,1.643499390918757e-07,3.9187289302051646e-08,0.488301252011472,480.51528078058334,234.63621321580283,0.00015794531425800912,0.9999999999999986,0.7084008636685575,1.498087134556871,2.996174269113742,Self-Reg
46775.72114677357,47388.79609717651,2820.257449134206,1.5550541744991367e-07,3.708102181461959e-08,0.4883183954026774,494.00854625211565,241.23346062104244,0.00015364201041752075,0.9999999999999981,0.7090262519691228,1.4981048888956578,2.9962097777913157,Self-Reg
47646.225276483565,48270.70965603188,2783.6100606528275,1.4713686533679495e-07,3.508794068833258e-08,0.48833538027861895,507.880548263317,248.0160406722804,0.00014945590367399482,0.9999999999999984,0.7096414255361446,1.498122476611532,2.996244953223064,Self-Reg
48532.92963616875,49169.03577628021,2747.407970852329,1.392186683664018e-07,3.320196495980967e-08,0.48835220811591246,522.141914351378,254.98915682336505,0.0001453838040285656,0.9999999999999982,0.7102465727656158,1.4981398993021366,2.9962797986042733,Self-Reg
49436.13571486593,50084.07989848212,2711.646694404308,1.3172659059542329e-07,3.141734027707574e-08,0.48836888037721726,536.8035702109772,262.15815856642786,0.00014142260824668616,0.9999999999999983,0.7108418780290456,1.49815715854917,2.99631431709834,Self-Reg
50356.150612373465,51016.153147498335,2676.321761153074,1.2463770034221918e-07,2.9728621362738415e-08,0.4883853985113713,551.8767480580707,269.5285455295005,0.00013756929750060066,0.9999999999999983,0.7114275217721292,1.4981742559185558,2.9963485118371116,Self-Reg
51293.287143669666,51965.57243827658,2641.428717250028,1.1793029999773288e-07,2.81306554184159e-08,0.48840176395352625,567.3729952283225,277.10597168910834,0.00013382093507577692,0.9999999999999986,0.7120036806107659,1.4981911929606122,2.9963823859212244,Self-Reg
52247.86394527276,52932.66058360567,2606.9631262331127,1.1158385961365676e-07,2.6618566419926314e-08,0.48841797812527915,583.3041830166868,284.8962497010279,0.0001301746641395857,0.9999999999999984,0.7125705274244973,1.4982079712102183,2.9964159424204366,Self-Reg
53220.20558358042,53917.746403874946,2572.9205700531734,1.0557895406455991e-07,2.5187740255444553e-08,0.48843404243480526,599.6825157649378,292.90535535254236,0.00012662770557053237,0.9999999999999986,0.713128231447433,1.4982245921869783,2.9964491843739567,Self-Reg
54210.642665226944,54921.16483887789,2539.296650049046,9.989720359163886e-08,2.3833810661397384e-08,0.48844995827698723,616.5205402041196,301.1394321396079,0.00012317735584639646,0.9999999999999982,0.7136769583567374,1.4982410573953853,2.9964821147907705,Self-Reg
55219.511949491585,55943.257061693774,2506.0869878733206,9.452121754613252e-08,2.255264591330077e-08,0.4884657270335446,633.8311550590037,309.60479597240754,0.0001198209849896973,0.9999999999999984,0.7142168703587414,1.4982573683249802,2.9965147366499605,Self-Reg
56247.15646280154,56984.37059469136,2473.2872263703375,8.943454116018004e-08,2.1340336231024897e-08,0.48848135007316096,651.627620921983,318.3079400129322,0.00011655603456891477,0.9999999999999983,0.7147481262727461,1.498273526450513,2.996547052901026,Self-Reg
57293.925615364155,58044.85942768984,2440.8930304082514,8.462160518222361e-08,2.0193181860158526e-08,0.48849682875161055,669.9235704038978,327.2555396482603,0.00011338001575396865,0.9999999999999984,0.7152708816125823,1.4982895332320973,2.9965790664641947,Self-Reg
58360.175319969756,59125.08413831869,2408.900087666749,8.00676782227906e-08,1.9107681793191783e-08,0.48851216441188267,688.7330185695781,336.45445760335394,0.0001102905074244807,0.9999999999999982,0.7157852886659868,1.4983053901153673,2.9966107802307347,Self-Reg
59446.26811300706,60225.41201461928,2377.304109381951,7.575882166478896e-08,1.808052309618305e-08,0.4885273583843062,708.0703736661238,345.9117491973001,0.00010728515432938491,0.9999999999999984,0.7162914965718602,1.4983210985316298,2.9966421970632595,Self-Reg
60552.573277727846,61346.21717992506,2346.100831050171,7.168184700032503e-08,1.710857080842308e-08,0.48854241198667125,727.9504481520513,355.63466774698134,0.00010436166529650697,0.9999999999999983,0.7167896513954614,1.4983366598980166,2.996673319796033,Self-Reg
61679.466969808534,62487.88072006889,2315.2860130918416,6.782427546343643e-08,1.6188858384342035e-08,0.48855732652435097,748.3884700358475,365.630670122363,0.00010151781149074233,0.9999999999999983,0.7172798962015955,1.498352075617634,2.996704151235268,Self-Reg
62827.33234524664,63650.790812955776,2284.855441477191,6.41742998352041e-08,1.5318578648564635e-08,0.48857210329042106,769.400094532525,375.9074224576046,9.875142471952943e-05,0.9999999999999987,0.7177623711258595,1.4983673470797103,2.9967346941594206,Self-Reg
63996.55969063757,64835.34286054715,2254.804928314998,6.072074830432784e-08,1.4495075236572948e-08,0.4885867435657788,791.0014160471324,386.4728060223881,9.606039578432984e-05,0.9999999999999982,0.7182372134439885,1.4983824756597428,2.9967649513194856,Self-Reg
65187.546555877496,66041.93962330306,2225.130312405735,5.745305027254704e-08,1.3715834494914616e-08,0.48860124861926074,813.2089804944179,397.3349232579687,9.344267287686526e-05,0.9999999999999982,0.7187045576393651,1.4983974627196417,2.9967949254392834,Self-Reg
66400.69788933292,67270.99135712336,2195.8274597605277,5.436120400025727e-08,1.2978477816296408e-08,0.48861561970775863,836.0397979639908,408.5021039825247,9.08962600189089e-05,0.9999999999999986,0.7191645354687405,1.4984123096078734,2.996824619215747,Self-Reg
67636.42617552892,68522.91595284057,2166.8922640870287,5.1435745993274886e-08,1.2280754386218693e-08,0.48862985807633497,859.511355740781,419.98291177061606,8.841921554443645e-05,0.9999999999999982,0.7196172760262157,1.4984270176596013,2.9968540353192026,Self-Reg
68895.15157539771,69798.13907830667,2138.320647243563,4.86677220370645e-08,1.1620534319066266e-08,0.48864396495833706,883.6416316906684,431.7861505115827,8.60096506229993e-05,0.9999999999999983,0.7200629058055352,1.498441588196826,2.996883176393652,Self-Reg
70177.30206913743,71097.09432312424,2110.1085596626713,4.604865978976344e-08,1.0995802162750645e-08,0.4886579415755096,908.4491080215644,443.9208711519253,8.36657278231983e-05,0.9999999999999983,0.7205015487607389,1.4984560225285226,2.9969120450570452,Self-Reg
71483.3136017315,72420.22334607315,2082.2519807451436,4.357054285011385e-08,1.0404650752121508e-08,0.48867178913810694,933.9527854305096,456.39637862684566,8.138565971516656e-05,0.9999999999999988,0.7209333263652177,1.4984703219507771,2.9969406439015542,Self-Reg
72813.63023117266,73767.97602527731,2054.746919225789,4.1225786220940775e-08,9.845275392429492e-09,0.4886855088450029,960.1721976475109,469.22223898619865,7.916770751101448e-05,0.9999999999999986,0.7213583576692215,1.498484487746922,2.996968975493844,Self-Reg
74168.70427944906,75140.81061116963,2027.589413511838,3.9007213093060385e-08,9.315968355120908e-09,0.4886991018838013,987.1274263873801,482.4082867203808,7.701017974219377e-05,0.9999999999999986,0.7217767593558575,1.4984985211876685,2.996997042375337,Self-Reg
75548.99648633796,76539.19388230155,2000.7755319951484,3.6908032878570835e-08,8.81511366920164e-09,0.4887125694309435,1014.8391167209089,495.96463229170456,7.491143097279033e-05,0.9999999999999983,0.7221886457956265,1.4985124235312386,2.997024847062477,Self-Reg
76954.97616606174,77963.60130405221,1974.3013733391563,3.4921820426284804e-08,8.341182192303111e-09,0.4887259126518163,1043.3284928771832,509.9016698770454,7.286986054776686e-05,0.9999999999999982,0.7225941290995369,1.4985261960234957,2.9970523920469914,Self-Reg
78387.12136686132,79414.5171902934,1948.1630667415156,3.304249635568472e-08,7.892726946435281e-09,0.48873913270085795,1072.6173744891657,524.2300853277063,7.088391137520486e-05,0.9999999999999988,0.7229933191708348,1.4985398398980725,2.997079679796145,Self-Reg
79845.9190335357,80892.43486805938,1922.3567721734557,3.126430844921441e-08,7.468378704219434e-09,0.48875223072166324,1102.7281932948747,538.9608643525394,6.89520687416319e-05,0.9999999999999988,0.7233863237553918,1.4985533563764992,2.9971067127529984,Self-Reg
81331.86517301002,82397.85684528512,1896.8786805966342,2.9581814045943143e-08,7.066841812151991e-09,0.4887652078470877,1133.6840103070735,554.1053009306568,6.7072859159526e-05,0.9999999999999983,0.7237732484907848,1.4985667466683281,2.9971334933366562,Self-Reg
82845.46502298274,83931.29498166373,1871.725014158469,2.7989863382720767e-08,6.686890238176322e-09,0.4887780651993512,1165.5085334644998,569.6750059601114,6.52448492461333e-05,0.9999999999999984,0.7241541969541115,1.4985800119712593,2.9971600239425187,Self-Reg
84387.23322371118,85493.27066268367,1846.8920263667515,2.6483583831831383e-08,6.327363831519641e-09,0.48879080389013885,1198.2261357781758,585.6819161491893,6.346664463274553e-05,0.9999999999999981,0.7245292707085664,1.4985931534712622,2.9971863069425244,Self-Reg
85957.69399299657,87084.31497690723,1822.3760022443187,2.505836498689814e-08,5.987164783398678e-09,0.48880342502070345,1231.86187398675,602.1383031571455,6.173688890360871e-05,0.9999999999999986,0.724898569348824,1.498606172342698,2.997212344685396,Self-Reg
87557.3813044215,88704.96889654403,1798.1732584646868,2.3709844551396742e-08,5.665254277811337e-09,0.4888159296819642,1266.4415077349927,619.0567829913089,6.005426256366648e-05,0.9999999999999986,0.7252621905452538,1.4986190697484396,2.9972381394968792,Self-Reg
89186.8390689084,90355.7834613892,1774.2801434692713,2.2433894986577268e-08,5.3606493222069364e-09,0.48882831895460666,1301.9915192903102,636.4503256678366,5.8417482034346114e-05,0.9999999999999983,0.7256202300870036,1.4986318468399904,2.997263693679981,Self-Reg
90846.62131965456,92037.3199661823,1750.693037567044,2.1226610877932805e-08,5.072419748378715e-09,0.48884059390918067,1338.539133812213,654.3322651434424,5.682529867663426e-05,0.9999999999999987,0.7259727819239835,1.4986445047576014,2.9972890095152027,Self-Reg
92537.29240050877,93750.1501514529,1727.4083530172916,2.008429698154352e-08,4.7996853744384694e-09,0.4888527556061967,1376.112340190311,672.7163095257255,5.527649784069821e-05,0.9999999999999984,0.7263199382077794,1.498657044630388,2.997314089260776,Self-Reg
94259.42715785548,95494.85639791966,1704.4225340961534,1.900345691370783e-08,4.541613319224247e-09,0.4888648050962229,1414.7399124668082,691.6165515699336,5.3769897941331655e-05,0.9999999999999981,0.7266617893315264,1.4986694675764443,2.9973389351528885,Self-Reg
96013.61113606792,97272.03192450537,1681.7320571476505,1.798078244924439e-08,4.297415460956867e-09,0.4888767434199797,1454.4514318598185,711.0474794701544,5.2304349558526885e-05,0.9999999999999982,0.726998423968773,1.4986817747029562,2.9973635494059123,Self-Reg
97800.44077659979,99082.28099003788,1659.3334306198094,1.7013143395707228e-08,4.066346032399396e-09,0.48888857160843413,1495.2773094044126,731.0239879532259,5.08787345624892e-05,0.9999999999999986,0.7273299291113621,1.498693967106315,2.99738793421263,Self-Reg
99620.5236207819,100926.21909870484,1637.22319508652,1.609757801252182e-08,3.847699345190042e-09,0.488900290682893,1537.2488092287056,751.5613896838452,4.94919652624308e-05,0.9999999999999984,0.7276563901063555,1.498706045872227,2.997412091744454,Self-Reg
101474.47851639199,102804.47320933097,1615.3979232557408,1.523128394571763e-08,3.640807636412342e-09,0.4889119016550955,1580.398072482762,772.6754269895946,4.814298357849967e-05,0.9999999999999981,0.7279778906920334,1.4987180120758237,2.9974360241516473,Self-Reg
103362.93582807091,104717.68194855202,1593.854219964592,1.4411609650508667e-08,3.44503903083831e-09,0.4889234055273044,1624.7581419387127,794.3822839148906,4.683076023621305e-05,0.9999999999999987,0.7282945130329875,1.4987298667817703,2.9974597335635407,Self-Reg
105286.53765165247,106666.49582795388,1572.588722161954,1.3636046275470378e-08,3.259795612633467e-09,0.4889348032923964,1670.362987280799,816.698598613037,4.555429398278791e-05,0.9999999999999983,0.7286063377543394,1.4987416110443736,2.9974832220887473,Self-Reg
107245.9380324832,108651.57746525372,1551.5980988790668,1.2902219983470519e-08,3.084511600645216e-09,0.4889460959339522,1717.2475311047826,839.6414760859016,4.431261082477118e-05,0.9999999999999982,0.7289134439751033,1.498753245907687,2.997506491815374,Self-Reg
109241.80318780513,110673.60180959746,1530.8790511886782,1.2207884685850606e-08,2.918651621712109e-09,0.4889572844263449,1765.4476756465772,863.228501280953,4.310476328639287e-05,0.9999999999999986,0.7292159093407212,1.498764772405616,2.997529544811232,Self-Reg
111274.81173327574,112733.25637104872,1510.4283121532465,1.1550915167619004e-08,2.7617090767300926e-09,0.4889683697348279,1815.0003302605348,887.4777525556681,4.192982968807992e-05,0.9999999999999983,0.7295138100547893,1.498776191562022,2.997552383124044,Self-Reg
113345.65491370611,114831.24145435111,1490.2426467626597,1.09293005826123e-08,2.6132045944940673e-09,0.4889793528156221,1865.9434396684976,912.4078155196577,4.0786913444581075e-05,0.9999999999999986,0.7298072209100018,1.4987875043908243,2.9975750087816486,Self-Reg
115455.03683809063,116968.27039703846,1470.3188518619847,1.0341138298716443e-08,2.4726845686011674e-09,0.4889902346160015,1918.3160130011102,938.0377972650455,3.9675142382173694e-05,0.9999999999999983,0.7300962153183297,1.4987987118961028,2.9975974237922056,Self-Reg
117603.6747190119,119145.06981197748,1450.653756069668,9.78462807430808e-09,2.3397197729546017e-09,0.4890010160743791,1972.1581536537133,964.3873409960373,3.85936680744315e-05,0.9999999999999981,0.7303808653404593,1.498809815072197,2.997619630144394,Self-Reg
119792.29911650092,121362.37983442418,1431.2442196866405,9.258066548091767e-09,2.213904051646754e-09,0.48901169812039114,2027.5110899796189,991.4766410688585,3.754166519605084e-05,0.9999999999999984,0.7306612417145079,1.4988208149038058,2.9976416298076116,Self-Reg
122021.65418643448,123620.9543736769,1412.0871345967582,8.759842025467835e-09,2.094853079226846e-09,0.48902228167498024,2084.4172068442367,1019.326458453558,3.6518330894244925e-05,0.9999999999999984,0.7309374138840372,1.4988317123660855,2.997663424732171,Self-Reg
124292.49793355759,125921.56136941508,1393.1794241589598,8.288429545472285e-09,1.9822031875727146e-09,0.4890327676504788,2142.9200780642827,1047.9581366295563,3.5522884177227625e-05,0.9999999999999982,0.731209450025386,1.4988425084247472,2.9976850168494944,Self-Reg
126605.6024692123,128264.98305280598,1374.518043091575,7.84238621319075e-09,1.8756102557896546e-09,0.4890431569506908,2203.0644997567624,1077.3936179270415,3.45545653193249e-05,0.9999999999999983,0.7314774170743356,1.498853204036152,2.997706408072304,Self-Reg
128961.75427386414,130652.01621247201,1356.0999773491383,7.420346783359167e-09,1.7747486597508908e-09,0.48905345047097254,2264.896524623357,1107.6554603267666,3.3612635282260624e-05,0.9999999999999983,0.7317413807521325,1.4988638001474064,2.9977276002948128,Self-Reg
131361.75446451406,133083.4724654076,1337.9222439920807,7.0210194816337805e-09,1.6793102780763045e-09,0.48906364909831357,2328.4634971963897,1138.766854731087,3.269637515217801e-05,0.9999999999999984,0.732001405590879,1.4988742976964566,2.9977485953929133,Self-Reg
133806.41906708613,135560.1785329369,1319.9818910496683,6.643182050740463e-09,1.5890035515179824e-09,0.4890737537114159,2393.8140900733397,1170.7516427194457,3.180508559196971e-05,0.9999999999999986,0.7322575549583148,1.4988846976121804,2.9977693952243607,Self-Reg
136296.57929388632,138082.97652180924,1302.2759973764998,6.285678009400835e-09,1.5035525928837938e-09,0.4890837651807729,2460.9983411676963,1203.6343348019332,3.0938086308499506e-05,0.9999999999999986,0.7325098910820025,1.4988950008144797,2.9977900016289594,Self-Reg
138833.08182622294,140652.72421052365,1284.801672502932,5.947413112585309e-09,1.422696344784518e-09,0.48909368436874723,2530.0676920045566,1237.4401291848412,3.0094715534312753e-05,0.9999999999999986,0.732758475072934,1.4989052082143708,2.9978104164287416,Self-Reg
141416.78910228738,143270.29534098294,1267.5560564797227,5.627352002258137e-09,1.3461877826355529e-09,0.4891035121296482,2601.075027090329,1272.1949310625998,2.927432952344085e-05,0.9999999999999984,0.7330033669485734,1.4989153207140749,2.9978306414281497,Self-Reg
144048.57961039292,145936.57991557577,1250.5363197172067,5.324515038363112e-09,1.2737931604822825e-09,0.48911324930980826,2674.0747143866906,1307.9253724508717,2.8476302060917e-05,0.9999999999999987,0.7332446256553531,1.498925339207106,2.997850678414212,Self-Reg
146729.34818766883,148652.4844997857,1233.7396628193153,5.037975300350624e-09,1.2052912973488128e-09,0.4891228967476584,2749.122646919663,1344.6588325759358,2.7700023985631632e-05,0.9999999999999983,0.7334823090906321,1.49893526457836,2.99787052915672,Self-Reg
149460.00632431672,151418.9325304352,1217.1633164126881,4.76685575006766e-09,1.1404729019330706e-09,0.48913245527380367,2826.2762855558235,1382.4234588360457,2.694490272616335e-05,0.9999999999999981,0.7337164741241409,1.4989450977042005,2.997890195408401,Self-Reg
152241.4824735254,154236.86462966274,1200.8045409712006,4.510326547327795e-09,1.0791399335885148e-09,0.4891419257110972,2905.5947029781732,1421.248188350707,2.6210361849234995e-05,0.9999999999999982,0.733947176618915,1.4989548394525452,2.9979096789050903,Self-Reg
155074.72236715563,157107.2389247449,1184.6606266361332,4.267602509944024e-09,1.021104997642987e-09,0.48915130887471353,2987.138628895475,1461.1627701144387,2.54958406204502e-05,0.9999999999999984,0.7341744714517403,1.4989644906829507,2.9979289813659014,Self-Reg
157960.68933729932,160031.03137387018,1168.7288930322575,4.0379407104504746e-09,9.6619077321015e-10,0.48916060557222163,3070.970496519576,1502.1977877719419,2.4800793576977464e-05,0.9999999999999984,0.7343984125331177,1.4989740522466977,2.9979481044933953,Self-Reg
160900.3646438216,163009.23609797412,1153.006689080088,3.820638202157035e-09,9.142294717479506e-10,0.4891698166036571,3157.154490346265,1544.384683032095,2.4124690111857178e-05,0.9999999999999983,0.7346190528267614,1.4989835249868722,2.9979670499737443,Self-Reg
163894.74780800162,166042.86571875296,1137.4913928045125,3.6150298675765483e-09,8.65062324712215e-10,0.4891789427615933,3245.7565952763325,1587.7557797387453,2.346701406961506e-05,0.9999999999999984,0.7348364443686431,1.4989929097384498,2.9979858194768996,Self-Reg
166944.85695237917,169132.9517029647,1122.1804111400645,3.420486382639533e-09,8.185390987423985e-10,0.48918798483121234,3336.8446471142556,1632.3443086166405,2.2827263352875894e-05,0.9999999999999986,0.7350506382855947,1.499002207328376,2.998004414656752,Self-Reg
170051.72914692792,172280.5447131392,1107.0711797330325,3.2364122904649087e-09,7.745176369002397e-10,0.48919694359037474,3430.4883844832857,1678.1844327115057,2.2204949539677666e-05,0.9999999999999984,0.7352616848134796,1.499011418575647,2.998022837151294,Self-Reg
173216.42076167042,175486.7149648152,1092.1611627406257,3.0622441787911334e-09,7.328634245616619e-10,0.4892058198096891,3526.759502196598,1725.3112735436978,2.1599597511195738e-05,0.9999999999999983,0.735469633314945,1.499020544291389,2.998041088582778,Self-Reg
176440.00782585412,178752.55259042355,1077.447852627409,2.897448955489287e-09,6.934491786374083e-10,0.48921461425258056,3625.7317061253134,1773.760937995446,2.10107450895944e-05,0.9999999999999984,0.7356745322967666,1.499029585278938,2.998059170557876,Self-Reg
179723.58639381482,182079.16800994624,1062.9287699591796,2.7415222168795503e-09,6.56154458868963e-10,0.4892233276753589,3727.480769605509,1823.5705459523147,2.0437942685729605e-05,0.9999999999999986,0.7358764294267948,1.4990385423339165,2.998077084667833,Self-Reg
183068.27291764587,185467.69230846976,1048.6014631945043,2.5939867038572047e-09,6.208653000137894e-10,0.4892319608272856,3832.084591427188,1874.7782587199506,1.9880752956436424e-05,0.9999999999999986,0.7360753715505133,1.499047416244312,2.998094832488624,Self-Reg
186475.20462680375,188919.27762076643,1034.4635084740814,2.4543908411024203e-09,5.874738637974721e-10,0.4892405144506408,3939.6232554497205,1927.4233082379296,1.933875047113982e-05,0.9999999999999986,0.736271404707222,1.4990562077905518,2.9981124155811036,Self-Reg
189945.5399147793,192435.09752303324,1020.5125094081022,2.322307354902702e-09,5.558781095707022e-10,0.48924898928078936,4050.1790918893353,1981.5460271130426,1.8811521387535536e-05,0.9999999999999983,0.7364645741458506,1.4990649177455795,2.998129835491159,Self-Reg
193480.4587329619,196016.34743191858,1006.7460968617945,2.1973319653575785e-09,5.259814826661298e-10,0.48925738604624575,4163.836740325474,2037.187879494962,1.8298663136094973e-05,0.9999999999999982,0.7366549243404147,1.4990735468749297,2.9981470937498593,Self-Reg
197081.16299183847,199664.24501097933,993.1619287392826,2.079082148962357e-09,4.97692619503977e-10,0.4892657054687393,4280.683214474429,2094.3914928180225,1.7799784113153212e-05,0.9999999999999984,0.7368424990051248,1.4990820959368012,2.9981641918736024,Self-Reg
200748.87696965408,203380.030584698,979.7576897659552,1.9671959677838248e-09,4.709250685465588e-10,0.4892739482632782,4400.807968779549,2153.2006904332675,1.731450338234814e-05,0.9999999999999986,0.7370273411091506,1.4990905656821305,2.998181131364261,Self-Reg
204484.84772868032,207164.96756020669,966.5310912694612,1.8613309616439799e-09,4.455970262500398e-10,0.4892821151382126,4524.302966869186,2213.6605251558453,1.6842450384182696e-05,0.9999999999999983,0.7372094928910616,1.4990989568546642,2.9981979137093284,Self-Reg
208290.34553923015,211020.34285685964,953.4798709594916,1.7611630999211166e-09,4.216310872076083e-10,0.4892902067952983,4651.262751934655,2275.8173137533754,1.6383264653489752e-05,0.9999999999999982,0.7373889958729378,1.4991072701910306,2.9982145403820613,Self-Reg
212166.6643115621,214947.46734379805,940.6017927064878,1.6663857897599637e-09,3.9895400772150234e-10,0.48929822392975797,4781.784519082048,2339.718672401658,1.5936595544585043e-05,0.9999999999999986,0.7375658908741692,1.49911550642081,2.99823101284162,Self-Reg
216115.12203582597,218947.67628566208,927.8946463193897,1.5767089376550733e-09,3.774964820822621e-10,0.4893061672303436,4915.968189713413,2405.413553134961,1.5502101963898365e-05,0.9999999999999986,0.7377402180249495,1.499123666266605,2.99824733253321,Self-Reg
220137.06123019205,223022.32979659364,915.3562473225794,1.491858061535371e-09,3.5719293087242295e-10,0.4893140373793973,5053.916487993967,2472.9522813186322,1.5079452109880686e-05,0.9999999999999986,0.7379120167794685,1.4991317504441097,2.9982635008882195,Self-Reg
224233.84939732228,227172.81330269028,902.984436732122,1.4115734506319935e-09,3.3798130064846447e-10,0.48932183505291177,5195.735019464039,2542.38659417282,1.4668323219988711e-05,0.9999999999999983,0.7380813259288159,1.4991397596621792,2.9982795193243583,Self-Reg
228406.87948933625,231400.5380130654,890.7770808314252,1.3356093705579763e-09,3.1980287438959055e-10,0.48932956092059005,5341.532351855865,2613.7696803767576,1.4268401324554585e-05,0.9999999999999986,0.7382481836135995,1.4991476946228952,2.9982953892457904,Self-Reg
232657.57038142812,235706.94139967277,878.7320709464421,1.2637333111667792e-09,3.0260209213476816e-10,0.4893372156459051,5491.420098176923,2687.1562207838583,1.3879381007353867e-05,0.9999999999999986,0.7384126273362861,1.4991555560216354,2.998311112043271,Self-Reg
236987.3673543023,240093.48768606517,866.8473232204987,1.1957252748873458e-09,2.8632638126048903e-10,0.48934479988615825,5645.513002123687,2762.60243027892,1.350096517268889e-05,0.9999999999999984,0.738574693973275,1.499163344547139,2.998326689094278,Self-Reg
241397.74258558245,244561.66834524437,855.1207783888829,1.131377103357632e-09,2.709259958812112e-10,0.4893523142925375,5803.929025890799,2840.166100809295,1.3132864818811255e-05,0.9999999999999982,0.7387344197867061,1.499171060881572,2.998342121763144,Self-Reg
245890.19565036896,249113.00260677907,843.5504015532673,1.0704918402954162e-09,2.563538648821952e-10,0.4893597595101754,5966.789440443098,2919.906645623089,1.2774798817510405e-05,0.9999999999999984,0.738891840436012,1.4991787057005925,2.998357411401185,Self-Reg
250466.2540311084,253749.0379733572,832.134181956081,1.0128831286563824e-09,2.425654481208452e-10,0.48936713617820526,6134.218918319398,3001.8851447481316,1.2426493699701068e-05,0.9999999999999981,0.7390469909892206,1.4991862796734157,2.9983725593468313,Self-Reg
255127.47363695703,258471.35074695636,820.8701327548985,9.583746402341776e-10,2.2951860035754674e-10,0.4893744449298188,6306.345629039284,3086.1643917466886,1.2087683446845824e-05,0.9999999999999986,0.7391999059340129,1.4991937834628761,2.9983875669257523,Self-Reg
259875.43933280493,263281.546564802,809.7562907969577,9.067995359567108e-10,2.1717344250062562e-10,0.48938168639232105,6483.301337185592,3172.8089417814754,1.175810928805486e-05,0.9999999999999982,0.7393506191885432,1.4992012177254923,2.9984024354509846,Self-Reg
264711.7654781472,268181.26094530127,798.7907163938761,8.579999552266768e-10,2.0549223977233397e-10,0.4893888611871863,6665.221503237866,3261.885161029925,1.1437519502707966e-05,0.9999999999999984,0.739499164112027,1.4992085831115272,2.9984171662230543,Self-Reg
269638.0964759847,273172.1598441379,787.9714930966429,8.118265327433048e-10,1.944392864239028e-10,0.4893959699301129,6852.245387233873,3353.461277484463,1.1125669228448778e-05,0.9999999999999984,0.7396455735151025,1.4992158802650517,2.9984317605301034,Self-Reg
274656.1073319361,278255.94022071257,777.2967274709798,7.681379413264666e-10,1.839807966476998e-10,0.4894030132310777,7044.516155338366,3447.6074331776026,1.0822320274405315e-05,0.9999999999999987,0.7397898796699713,1.4992231098240043,2.9984462196480086,Self-Reg
279767.5042237612,283434.33061513095,766.764548873117,7.268004593437311e-10,1.7408480135340918e-10,0.4894099916943894,7242.180989400973,3544.395737871995,1.0527240939494148e-05,0.9999999999999984,0.7399321143203238,1.4992302724202524,2.998460544840505,Self-Reg
284974.02508147794,288709.0917359235,756.3731092260815,6.876875614164611e-10,1.6472105049309454e-10,0.48941690591874265,7445.391199586609,3643.9003242563135,1.0240205835670608e-05,0.9999999999999984,0.7400723086910533,1.4992373686796512,2.9984747373593024,Self-Reg
290277.44017827744,294082.0170587061,746.1205827965466,6.506795311521121e-10,1.558609206368962e-10,0.48942375649727,7654.302340164892,3746.197404689346,9.960995715990031e-06,0.9999999999999986,0.7402104934977667,1.4992443992221034,2.998488798444207,Self-Reg
295679.5527324367,299554.9334359816,736.2065235192292,6.156630947174143e-10,1.4747732751716659e-10,0.4894305440175948,7869.074328547069,3851.365329535681,9.689397307349316e-06,0.999999999999998,0.7403542165186694,1.4992513646616177,2.9985027293232354,Self-Reg
301182.19952042995,305129.7017182871,726.2318215101128,5.825310741308933e-10,1.3954464327400432e-10,0.4894372690618826,8089.871567661422,3959.4846471375777,9.425203147781582e-06,0.9999999999999984,0.7404886704563928,1.4992582656063664,2.998516531212733,Self-Reg
306787.2515014561,310808.2173869064,716.3829284476197,5.511820592134869e-10,1.3203861814948742e-10,0.4894439322068928,8316.8630717611,4070.6381654690495,9.168211428179795e-06,0.9999999999999982,0.7406209146043936,1.499265102658743,2.998530205317486,Self-Reg
312496.61445358215,316592.41119835206,706.6655846201927,5.21520097193229e-10,1.2493630639150878e-10,0.489450534024029,8550.22259576022,4184.911015519159,8.918225838329242e-06,0.9999999999999984,0.7407512568054059,1.4992718764154185,2.998543752830837,Self-Reg
318312.2296217295,322484.2498408439,697.0783728854509,4.934543990139001e-10,1.1821599614094059e-10,0.4894570750793895,8790.128768197505,4302.390716453147,8.675055417131405e-06,0.9999999999999983,0.7408797365586205,1.4992785874673977,2.9985571749347955,Self-Reg
324236.0743777184,328485.7366030047,687.6196086668857,4.66899061448728e-10,1.118571430880266e-10,0.4894635559338174,9036.765227929105,4423.167242601254,8.438514406905215e-06,0.9999999999999988,0.7410063821473604,1.4992852364000755,2.998570472800151,Self-Reg
330270.1628925932,334598.91205499746,678.2876165922231,4.417728041686049e-10,1.0584030769541043e-10,0.48946997714294943,9290.320764655049,4547.333092326376,8.208422111654973e-06,0.9999999999999984,0.7411312209745017,1.4992918237932904,2.998583647586581,Self-Reg
336416.54682146607,340825.85474234517,669.0807414103292,4.179987209599993e-10,1.0014709579607833e-10,0.48947633925726525,9550.989463387228,4674.983358823492,7.984602759196596e-06,0.9999999999999984,0.7412542799856536,1.4992983502213797,2.9985967004427594,Self-Reg
342677.3160010992,347168.68189265596,659.9973482236173,3.9550404433114786e-10,9.47601023848229e-11,0.4894826428221355,9818.970852968945,4806.215802904757,7.766885367037773e-06,0.9999999999999983,0.7413755856937263,1.4993048162532336,2.9986096325064673,Self-Reg
349054.5991604726,353629.55013550393,651.0358222916739,3.742199227859925e-10,8.966285843155901e-11,0.48948888837787,10094.470058760058,4941.130927826153,7.55510361190942e-06,0.9999999999999982,0.7414951641873098,1.499311222452348,2.998622444904696,Self-Reg
355550.5646445754,360210.6562357074,642.1945688187035,3.540812100841634e-10,8.483978055406286e-11,0.48949507645976525,10377.697959604391,5079.832056212901,7.349095702849363e-06,0.9999999999999988,0.7416130411382554,1.499317569376877,2.998635138753754,Self-Reg
362167.421151664,366914.2378402494,633.472012741435,3.350262658419826e-10,8.027612339643255e-11,0.48950120759815097,10668.871349199375,5222.425409142409,7.148704257741575e-06,0.9999999999999988,0.7417292418090746,1.4993238575796857,2.9986477151593713,Self-Reg
368907.4184842473,373742.57423910644,624.8665985181788,3.169967668641419e-10,7.59579345678203e-11,0.4895072823184374,10968.213101991862,5369.020187445513,6.953776183216695e-06,0.9999999999999984,0.7418437910601885,1.4993300876084015,2.998660175216803,Self-Reg
375772.84831404063,380697.9871402284,616.3767899191107,2.9993752862861965e-10,7.187201200381892e-11,0.48951330114116076,11275.952343726372,5519.728655287906,6.7641625578227705e-06,0.9999999999999987,0.7419567133570288,1.4993362600054652,2.9986725200109303,Self-Reg
382766.04496116046,387782.84145894536,608.001069817803,2.8379633637840855e-10,6.800586362026623e-11,0.4895192645820295,11592.324626776823,5674.66622609594,6.579718518376941e-06,0.9999999999999986,0.7420680327769986,1.4993423753081816,2.998684750616363,Self-Reg
389889.38618781813,394999.5461220647,599.7379399840348,2.685237853030749e-10,6.434766913623989e-11,0.489525173151969,11917.572110395622,5833.951550892493,6.400303149411588e-06,0.9999999999999983,0.742177773016289,1.4993484340487695,2.998696868097539,Self-Reg
397145.2940067822,402350.55488692934,591.5859208779126,2.5407312932098203e-10,6.088624394963588e-11,0.4895310273571669,12251.943746017969,5997.7066091103925,6.225779375630852e-06,0.9999999999999984,0.742285957396563,1.4993544367544118,2.9987088735088236,Self-Reg
404536.23550489324,409838.36717572616,583.5435514453159,2.404001379993106e-10,5.7611004954986085e-11,0.48953682769911716,12595.695467763591,6166.056801953136,6.0560138572953255e-06,0.9999999999999987,0.7423926088715042,1.4993603839473033,2.9987207678946066,Self-Reg
412064.7236818969,417465.52892531344,575.609388914705,2.2746296117397005e-10,5.451193819911239e-11,0.48954257467466394,12949.090388281016,6339.131048374032,5.890876888455598e-06,0.9999999999999983,0.7424977500332336,1.4993662761447002,2.9987325522894004,Self-Reg
419733.31830489193,425234.63345286774,567.7820085953053,2.152220008550052e-10,5.1579568275813915e-11,0.4895482687760455,13312.399000084757,6517.061883747452,5.730242297956835e-06,0.9999999999999984,0.7426014031186025,1.4993721138589684,2.998744227717937,Self-Reg
427544.62677867897,433148.3223376403,560.0600036766891,2.0363979002543785e-10,4.880492936610179e-11,0.48955391049093705,13685.899382539226,6699.98556130758,5.573987353139123e-06,0.9999999999999986,0.7427035900153571,1.4993778975976302,2.9987557951952604,Self-Reg
435501.30503230315,441209.286319119,552.4419850297805,1.926808779625757e-10,4.6179537835520164e-11,0.4895595003024935,14069.877414647613,6888.042156432224,5.4219926661602444e-06,0.9999999999999983,0.7428043322681837,1.4993836278634116,2.9987672557268232,Self-Reg
443606.0584221036,449420.2662119142,544.92658100929,1.8231172173076492e-10,4.369536630484117e-11,0.489565038689392,14464.626993809083,7081.375673851768,5.274142102869276e-06,0.9999999999999987,0.7429036510846341,1.499389305154289,2.998778610308578,Self-Reg
451861.6426515605,457784.05383766163,537.5124372576079,1.7250058351348995e-10,4.134481911493072e-11,0.48957052612587343,14870.450260710952,7280.134157864892,5.130322694161946e-06,0.9999999999999984,0.7430015673409344,1.4993949299635356,2.9987898599270713,Self-Reg
460270.8647082645,466303.49297427264,530.198216510166,1.632174334705609e-10,3.912070911083083e-11,0.48957596308178425,15287.657830528355,7484.469805645699,4.990424549749932e-06,0.9999999999999984,0.7430981015876813,1.4994005027797666,2.998801005559533,Self-Reg
468836.58381832414,474981.48032285046,522.9825984022797,1.5443385782305769e-10,3.701623567413618e-11,0.48958135002261743,15716.569030608318,7694.5390837288805,4.854340774278482e-06,0.9999999999999986,0.7431932740554261,1.4994060240869844,2.998812048173969,Self-Reg
477561.7124185293,483820.96649259573,515.8642792774916,1.4612297188470539e-10,3.502496393655736e-11,0.48958668740955325,16157.51214481962,7910.5028477618625,4.721967385728535e-06,0.9999999999999984,0.7432871046601498,1.4994114943646235,2.998822988729247,Self-Reg
486449.217146617,492824.9570040513,508.8419719974154,1.3825933777347154e-10,3.314080511116356e-11,0.4895919756994996,16610.824664756314,8132.526465616022,4.59320323604092e-06,0.9999999999999984,0.7433796130086342,1.4994169140875946,2.998833828175189,Self-Reg
495502.1198499566,501996.51331100793,501.9144057531056,1.308188865515382e-10,3.1357997881220454e-11,0.48959721534513195,17076.85354798605,8360.779943950607,4.467949933902447e-06,0.9999999999999986,0.7434708184037261,1.4994222837263287,2.9988445674526574,Self-Reg
504723.49861301074,511338.75384143216,495.08032587795395,1.2377884455532154e-10,2.967109078976087e-11,0.4896024067949329,17555.955483541482,8595.438058326607,4.346111769634858e-06,0.9999999999999986,0.7435607398495019,1.4994276037468202,2.9988552074936403,Self-Reg
514116.48880391894,520854.8550577665,488.33849366212195,1.1711766369005393e-10,2.8074925576086018e-11,0.48960755049323124,18048.497164857745,8836.680486970028,4.227595642129408e-06,0.9999999999999988,0.7436493960563334,1.499432874610669,2.998865749221338,Self-Reg
523684.28414055245,530548.0525369574,481.6876861685227,1.1081495547557964e-10,2.656462140828787e-11,0.4896126468802409,18554.855570364525,9084.691948286756,4.11231098777152e-06,0.9999999999999982,0.7437368054458544,1.4994380967751255,2.998876193550251,Self-Reg
533430.1377764182,540421.6420705914,475.1266960503489,1.048514286414813e-10,2.5135559963616295e-11,0.4896176963920998,19075.418251948155,9339.662342234671,4.00016971130111e-06,0.9999999999999987,0.7438229861558341,1.4994432706931295,2.998886541386259,Self-Reg
543357.3634067627,550478.9807854968,468.6543313701652,9.920883008054238e-11,2.3783371311109613e-11,0.48962269946090675,19610.58363150341,9601.78689566057,3.891086118556182e-06,0.9999999999999984,0.7439079560449567,1.499448396813354,2.998896793626708,Self-Reg
553469.3363952646,560723.4882852026,462.26941542056124,9.386988897980633e-11,2.25039205533527e-11,0.48962765651476076,20160.76130580279,9871.266311713687,3.7849768510481726e-06,0.9999999999999986,0.7439917326975111,1.4994534755802458,2.9989069511604916,Self-Reg
563769.4949216964,571158.6478126434,455.9707865463718,8.881826395823306e-11,2.129329518654809e-11,0.4896325679777968,20726.37235991611,10148.30692344975,3.6817608223193154e-06,0.9999999999999986,0.7440743334279906,1.4994585074340658,2.9989170148681317,Self-Reg
574261.3411509374,581788.0074344935,449.7572979684727,8.4038493049155e-11,2.0147793140280092e-11,0.48963743427022416,21307.849689420025,10433.120851743215,3.5813591560335364e-06,0.9999999999999986,0.7441557752856056,1.4994634928109303,2.9989269856218606,Self-Reg
584948.442423755,592615.1812475553,443.62781760914334,7.951594637443054e-11,1.9063911460424816e-11,0.4896422558083623,21905.638331644917,10725.926167628746,3.4836951257535e-06,0.9999999999999986,0.7442360750587135,1.49946843214285,2.9989368642857,Self-Reg
595834.4324697336,603643.8506075863,437.5812279190123,7.523678136545183e-11,1.8038335600628856e-11,0.4896470330046773,22520.19580621124,11026.94705919571,3.3886940963581662e-06,0.9999999999999984,0.7443152492791621,1.4994733258577704,2.9989466517155408,Self-Reg
606923.0126427844,614877.7653810016,431.6164257055769,7.118790039393948e-11,1.7067929289633365e-11,0.48965176626781814,23151.992465117066,11336.414003163789,3.2962834670559893e-06,0.9999999999999983,0.744393314226554,1.4994781743796106,2.9989563487592212,Self-Reg
618217.953179645,626320.7452198692,425.73232196330173,6.735691068284429e-11,1.6149724943482326e-11,0.48965645600265184,23801.511852643987,11654.563941270768,3.2063926159504073e-06,0.9999999999999984,0.7444702859324295,1.499482978128302,2.998965956256604,Self-Reg
629723.0944817971,637976.6808606283,419.92784170529745,6.373208637465215e-11,1.5280914593317617e-11,0.4896611026102992,24469.25107535678,11981.64046160745,3.1189528461153824e-06,0.9999999999999983,0.7445461801843746,1.499487737519827,2.998975475039654,Self-Reg
641442.3484212506,649849.5354469889,414.20192379657243,6.030233264098699e-11,1.445884130103729e-11,0.48966570648816937,25155.721182480676,12317.893985038807,3.03389733313975e-06,0.9999999999999983,0.7446210125300474,1.4994924529662563,2.9989849059325127,Self-Reg
653379.6996706183,661943.3458774388,408.5535207888652,5.705715172366491e-11,1.3680991036586549e-11,0.48967026802999464,25861.447556946103,12663.581956853448,2.9511610741005596e-06,0.9999999999999983,0.7446947982811365,1.4994971248757878,2.9989942497515756,Self-Reg
665539.2070579486,674262.2241778335,402.9815987570504,5.398661080325388e-11,1.2944984992058531e-11,0.489674787625865,26586.97031740096,13018.969043788491,2.8706808379263823e-06,0.9999999999999986,0.7447675525172399,1.4995017536527826,2.999003507305565,Self-Reg
677925.0049467712,686810.3588995307,397.48513713711594,5.1081311596792446e-11,1.2248572309117822e-11,0.48967926566226144,27332.844731497706,13384.327336580407,2.792395117112767e-06,0.9999999999999984,0.7448392900896768,1.4995063396978021,2.9990126793956042,Self-Reg
690541.3046418211,699592.0165435375,392.06312856571355,4.833236159161429e-11,1.1589623197522555e-11,0.48968370252209026,28099.641640771155,13759.936558196725,2.716244080753072e-06,0.9999999999999983,0.7449100256252273,1.4995108834076452,2.9990217668152903,Self-Reg
703392.3958209344,712611.5430111745,386.7145787212696,4.573134682722673e-11,1.096612242371427e-11,0.489688098584716,28887.94789743317,14146.084277908394,2.642169528848748e-06,0.9999999999999983,0.7449797735298046,1.499515385175384,2.999030770350768,Self-Reg
716482.6479935811,725873.3650817246,381.4385061666643,4.327030614194014e-11,1.0376163149577914e-11,0.4896924542259947,29698.366813416855,14543.066131365933,2.5701148478643704e-06,0.9999999999999982,0.7450485479920584,1.4995198453903988,2.9990396907807977,Self-Reg
729816.5119865469,739381.9919175874,376.23394219346596,4.0941706805418265e-11,9.817941102541629e-12,0.48969676981830623,30531.518622015123,14951.186046848272,2.5000249674934266e-06,0.9999999999999984,0.7451163629869147,1.4995242644384157,2.9990485288768314,Self-Reg
743398.521457257,753142.0165974376,371.0999306677226,3.873842146256846e-11,9.289749059200194e-12,0.4897010457305872,31388.040952465843,15370.756477857018,2.4318463186019654e-06,0.9999999999999983,0.7451832322790494,1.4995286427015388,2.9990572854030777,Self-Reg
757233.294435277,767158.1176779303,366.03552787729706,3.665370631819836e-11,8.789971625602275e-12,0.4897052823283626,32268.589317847982,15802.09864223473,2.3655267923179108e-06,0.9999999999999984,0.7452491694263,1.4995329805582873,2.9990659611165746,Self-Reg
771325.5348924871,781435.0607844542,361.03980238075013,3.468118049567162e-11,8.317080298250102e-12,0.4897094799737777,33173.8376166605,16245.542767989356,2.301015700235011e-06,0.9999999999999987,0.7453141877830156,1.4995372783836283,2.9990745567672565,Self-Reg
785680.0343424849,795977.7002314978,356.1118348577592,3.281480650637988e-11,7.869628790715872e-12,0.48971363902562964,34104.47864846878,16701.42834601353,2.2382637357009385e-06,0.9999999999999984,0.7453783005033449,1.499541536549012,2.999083073098024,Self-Reg
800301.6734697528,810790.9806731695,351.25071796106863,3.104887177025407e-11,7.44624861159203e-12,0.48971775983939864,35061.224644012895,17170.10438989191,2.1772229361600603e-06,0.9999999999999981,0.7454415205444676,1.499545755422404,2.999091510844808,Self-Reg
815195.4237891366,825879.9387844272,346.45555616996666,2.937797113075337e-11,7.04564488026035e-12,0.48972184276727865,36044.8078101827,17651.92970299507,2.1178466465222054e-06,0.9999999999999986,0.7455038606697653,1.4995499353683208,2.9990998707366416,Self-Reg
830366.3493362247,841249.7049736119,341.72546564527624,2.779699031081141e-11,6.666592367690506e-12,0.48972588815820794,37055.98089027831,18147.273153065125,2.0600894835293618e-06,0.9999999999999982,0.7455653334519373,1.4995540767478606,2.999108153495721,Self-Reg
845819.6083891678,856905.5051268347,337.0595740858616,2.6301090259105623e-11,6.30793175016823e-12,0.48972989635790004,38095.51773998245,18656.51395450215,2.0039073010932796e-06,0.9999999999999984,0.7456259512760599,1.4995581799187365,2.999116359837473,Self-Reg
861560.4552225505,872852.662384837,332.45702058663574,2.4885692338733917e-11,5.9685660645018955e-12,0.4897338677088727,39164.21391948705,19180.04195856806,1.949257156577434e-06,0.9999999999999987,0.7456857263425913,1.4995622452353106,2.999124490470621,Self-Reg
877594.2418939036,889096.5989529167,327.91695549806445,2.3546464312965552e-11,5.647457353873298e-12,0.4897378025504785,40262.887302226416,19718.25795172993,1.89609727799766e-06,0.9999999999999982,0.7457446706703238,1.4995662730486237,2.9991325460972473,Self-Reg
893926.4200634533,905642.8379445294,323.4385402871599,2.227930708517193e-11,5.343623494080556e-12,0.48974170121893396,41392.37870068241,20271.573962370574,1.8443870321164703e-06,0.9999999999999986,0.7458027960992819,1.499570263706428,2.999140527412856,Self-Reg
910562.5428477561,922497.0052592175,319.02094739995033,2.1080342152349133e-11,5.05613519047193e-12,0.48974556404734865,42553.55250974187,20840.413576102004,1.794086893406631e-06,0.9999999999999983,0.7458601142935714,1.4995742175532194,2.999148435106439,Self-Reg
927508.2667078102,939664.8314954691,314.66336012542496,1.9945899733832706e-11,4.784113136391961e-12,0.48974939136575446,43747.29736809642,21425.21225992189,1.7451584138604329e-06,0.9999999999999981,0.7459166367441776,1.4995781349302668,2.9991562698605336,Self-Reg
944769.3533723162,957152.1538991856,310.3649724609398,1.8872507538867122e-11,4.526725324453799e-12,0.48975318350113367,44974.52683819238,22026.417695461892,1.6975641936215382e-06,0.9999999999999983,0.7459723747717122,1.4995820161756446,2.999164032351289,Self-Reg
962351.6717967277,974964.9183484096,306.1249889790777,1.7856880138650633e-11,4.283184502419321e-12,0.4897569407774478,46236.18010525032,22644.49012158249,1.6512678524170392e-06,0.9999999999999983,0.7460273395291147,1.4995858616242619,2.9991717232485238,Self-Reg
980261.200158752,993109.1813749799,301.94262469595515,1.6895908910325888e-11,4.052745765910431e-12,0.48976066351566544,47533.222695888566,23279.902686576268,1.6062340017679397e-06,0.9999999999999984,0.7460815420043059,1.4995896716078936,2.999179343215787,Self-Reg
998504.027891007,1011591.1122238297,297.8171049409603,1.5986652522135454e-11,3.834704280592685e-12,0.4897643520337902,48866.64721690245,23933.141810250043,1.562428217956797e-06,0.9999999999999984,0.7461349930227931,1.4995934464552099,2.9991868929104197,Self-Reg
1017086.3577514852,1030416.9949505874,293.74766522792237,1.5126327930621548e-11,3.628393126868901e-12,0.4897680066468882,50237.474114761724,24604.707556161495,1.519817015731997e-06,0.9999999999999986,0.7461877032502329,1.4995971864918056,2.9991943729836112,Self-Reg
1036014.5079325617,1049593.2305582266,289.733551127695,1.4312301862312455e-11,3.4331812604939627e-12,0.4897716276671154,51646.752456409435,25295.114014296236,1.478367822728521e-06,0.9999999999999983,0.7462396831949469,1.4996008920402302,2.9992017840804603,Self-Reg
1055294.9142092476,1069126.3391734771,285.77401814214744,1.3542082753823682e-11,3.2484715828767905e-12,0.48977521540374486,53095.560731958794,26004.889694477733,1.4380489545857167e-06,0.9999999999999986,0.7462909432103955,1.499604563420016,2.999209126840032,Self-Reg
1074934.1321274173,1089022.9622637306,281.8683315795541,1.2813313125704263e-11,3.0736991151706516e-12,0.48977877016319293,54585.00767990164,26734.577930810665,1.3988295907431059e-06,0.9999999999999986,0.7463414934976076,1.4996082009477074,2.999216401895415,Self-Reg
1094938.839232774,1109289.8648952227,278.0157664313687,1.212376236668528e-11,2.9083292705698524e-12,0.4897822922490467,56116.23313546185,27484.73729746841,1.3606797508957022e-06,0.9999999999999983,0.7463913441075695,1.4996118049368898,2.9992236098737797,Self-Reg
1115315.837341282,1129933.9380332218,274.2156072503782,1.147131990624597e-11,2.7518562195315645e-12,0.4897857819620893,57690.4089027401,28255.942036141238,1.3235702720909466e-06,0.9999999999999984,0.7464405049435712,1.4996153756982162,2.9992307513964325,Self-Reg
1136072.0548518572,1150962.2008850311,270.46714803022337,1.085398875459921e-11,2.603801342925058e-12,0.48978923960032683,59308.739651318996,29048.782495473282,1.2874727864497399e-06,0.9999999999999987,0.7464889857635139,1.4996189135394367,2.9992378270788733,Self-Reg
1157214.549102101,1172381.8032865997,266.76969208627486,1.02698793903237e-11,2.4637117683795186e-12,0.4897926654590136,60972.46383801454,29863.865582824463,1.2523596994945676e-06,0.9999999999999984,0.7465367961821782,1.4996224187654252,2.9992448375308505,Self-Reg
1178750.5087678614,1194200.0281335325,263.122551937858,9.717203976934705e-12,2.3311589853561075e-12,0.489796059830678,62682.8546544776,30701.8152287022,1.218204169068222e-06,0.9999999999999986,0.7465839456734511,1.4996258916782075,2.999251783356415,Self-Reg
1200687.2563074736,1216424.293857368,259.52504919181024,9.194270890690524e-12,2.205737534710097e-12,0.4897994230051474,64441.22100137318,31563.27286421977,1.1849800848269628e-06,0.9999999999999984,0.746630443572517,1.4996293325769874,2.9992586651539748,Self-Reg
1223032.250451467,1239062.1569479157,255.97651442736645,8.699479542886523e-12,2.0870637687371744e-12,0.4898027552695738,66248.90848987992,32448.897911945045,1.152662048292545e-06,0.9999999999999984,0.7466762990780111,1.499632741758174,2.999265483516348,Self-Reg
1245793.088738614,1262121.314522546,252.4762870823586,8.231315480788193e-12,1.9747746779129468e-12,0.48980605690845835,68107.3004712775,33359.36829051602,1.121225353447841e-06,0.9999999999999984,0.7467215212541365,1.4996361195154089,2.9992722390308177,Self-Reg
1268977.5100991803,1285609.6069432965,249.02371534071798,7.788345752208262e-12,1.8685267807387615e-12,0.48980932820367584,70017.81909541028,34295.38093340941,1.0906459678612525e-06,0.9999999999999983,0.746766119032744,1.499639466139591,2.999278932279182,Self-Reg
1292593.3974862318,1309535.0204826677,245.6181560212736,7.369214519540261e-12,1.7679950732999228e-12,0.4898125694344994,71981.92639883446,35257.65232225813,1.0609005143255406e-06,0.9999999999999983,0.7468101012153783,1.499642781918904,2.999285563837808,Self-Reg
1316648.7805559407,1333905.6900390587,242.25897446782872,6.972638909823128e-12,1.672872035324588e-12,0.4898157808776246,74001.12542348579,36246.91903512773,1.0319662529969989e-06,0.9999999999999984,0.7468534764752885,1.499646067138841,2.999292134277682,Self-Reg
1341151.838397744,1358729.9019027092,238.945544440513,6.5974050881358404e-12,1.582866689704811e-12,0.4898189628071929,76076.9613667184,37263.938310168895,1.0038210640214054e-06,0.9999999999999987,0.7468962533594058,1.4996493220822313,2.9992986441644627,Self-Reg
1366110.902315325,1384016.0965731302,235.67724800839324,6.24236454230279e-12,1.49770371260417e-12,0.4898221154948161,78211.02276359852,38309.48862507904,9.764434306334492e-07,0.9999999999999984,0.7469384402902872,1.4996525470292643,2.9993050940585286,Self-Reg
1391534.458659349,1409772.8716289676,232.45347544333427,5.906430567538399e-12,1.4171225914312956e-12,0.48982523920959914,80404.94270235622,39384.37029281575,9.498124227167429e-07,0.999999999999998,0.7469800455680271,1.4996557422575156,2.9993114845150313,Self-Reg
1417431.1517129024,1436008.9846512605,229.27362511509995,5.58857494027141e-12,1.3408768281049256e-12,0.4898283342181641,82660.4000739243,40489.40607401735,9.239076808118863e-07,0.9999999999999986,0.7470210773721359,1.4996589080419709,2.9993178160839418,Self-Reg
1443809.7866306596,1462733.35620113,226.13710338767902,5.287824770967571e-12,1.2687331851743777e-12,0.48983140078467224,84979.12085652325,41625.44180660074,8.987094005603431e-07,0.9999999999999981,0.7470615437633888,1.4996620446550515,2.999324089310103,Self-Reg
1470679.3324327185,1489955.0728528537,223.04332451683103,5.003259526318586e-12,1.2004709724906505e-12,0.48983443917084785,87362.87943627109,42793.347053016245,8.741983175722924e-07,0.9999999999999984,0.7471014526856423,1.4996651523666376,2.999330304733275,Self-Reg
1498048.9250541676,1517683.390283404,219.9917105488362,4.734008211682321e-12,1.135881372247002e-12,0.4898374496360002,89813.49996483151,43994.015765656055,8.503556927068861e-07,0.9999999999999982,0.7471408119676216,1.4996682314440932,2.9993364628881864,Self-Reg
1525927.8704514042,1545927.7364194784,216.98169122044084,4.47924670515053e-12,1.0747668003253603e-12,0.4898404324370461,92332.85775513812,45228.36697092512,8.271632977536711e-07,0.9999999999999987,0.7471796293246779,1.4996712821522893,2.9993425643045786,Self-Reg
1554325.6477662502,1574697.7146430868,214.01270385998714,4.238195235084303e-12,1.0169403019958399e-12,0.4898433878285322,94922.88071626118,46497.34547249702,8.046034015042691e-07,0.9999999999999984,0.7472179123605159,1.499674304753628,2.999348609507256,Self-Reg
1583251.9125489765,1604003.1070568198,211.08419328971385,4.010115993396185e-12,9.622249801215953e-13,0.4898463160626569,97585.55082851872,47801.92257429505,7.8265875620364e-07,0.9999999999999986,0.7472556685688946,1.4996772995080656,2.999354599016131,Self-Reg
1612716.5000412862,1633853.8778098603,208.19561172922084,3.794310877274156e-12,9.104534541207697e-13,0.4898492173892921,100322.90565995532,49143.096823748885,7.613125843706361e-07,0.9999999999999988,0.747292905335298,1.4996802666731357,2.9993605333462714,Self-Reg
1642729.4285204036,1664260.176485902,205.3464187000836,3.590119352435056e-12,8.61467348031162e-13,0.48985209205600466,103137.03992535245,50521.89477589758,7.405485659777512e-07,0.9999999999999982,0.7473296299385792,1.499683206503972,2.999366413007944,Self-Reg
1673300.9027053996,1695232.3415541213,202.5360809316073,3.3969164313674005e-12,8.151168061122981e-13,0.48985494030807825,106030.10708896253,51939.371778922876,7.20350825980285e-07,0.9999999999999984,0.7473658495525778,1.4996861192533317,2.9993722385066635,Self-Reg
1704441.317226894,1726780.903884356,199.76407226771107,3.214110760375517e-12,7.712600345037732e-13,0.48985776238853374,109004.32101219062,53396.61278171312,7.007039221854192e-07,0.9999999999999982,0.74740157124771,1.499689005171617,2.999378010343234,Self-Reg
1736161.2601613612,1758916.5903277325,197.0298735749278,3.041142809569567e-12,7.297628675383176e-13,0.4898605585381509,112061.95764748946,54894.73316407779,6.815928334519053e-07,0.999999999999998,0.7474368019925335,1.4996918645068975,2.999383729013795,Self-Reg
1768471.5166311765,1791650.3273638994,194.33297265151322,2.8774831602617637e-12,6.904983573835551e-13,0.4898633289954889,115205.35677975757,56434.87959024505,6.63002948211403e-07,0.9999999999999983,0.747471548655287,1.4996946975049334,2.999389395009867,Self-Reg
1801383.0724716785,1824993.2448161505,191.67286413764998,2.7226308845265743e-12,6.533463857575946e-13,0.4898660739969065,118436.92381657723,58018.2308862974,6.449200533026697e-07,0.9999999999999984,0.747505818005402,1.499697504409196,2.999395008818392,Self-Reg
1834907.1179664736,1858956.6796356882,189.049049426737,2.5761120119652014e-12,6.181932965311767e-13,0.4898687937765832,121759.13162866067,59645.998942216225,6.273303231100907e-07,0.9999999999999988,0.747539616714995,1.4997002854608896,2.9994005709217793,Self-Reg
1869055.0516522396,1893552.1797562952,186.46103657775444,2.4374780789814634e-12,5.849315480929384e-13,0.4898714885665388,125174.52244191068,61319.4296392244,6.10220308998262e-07,0.9999999999999986,0.7475729513603291,1.499703040898973,2.999406081797946,Self-Reg
1903838.4841943732,1928791.5080207777,183.90834022868964,2.3063047561285237e-12,5.534593844147219e-13,0.48987415859665373,128685.70978254857,63039.803803139155,5.935769290345345e-07,0.9999999999999983,0.7476058284232592,1.4997057709601815,2.999411541920363,Self-Reg
1939269.2423347246,1964686.6461804446,181.3904815110186,2.1821905493253453e-12,5.236805238111458e-13,0.4898768040946888,132295.38047679065,64808.438184461105,5.77387457991708e-07,0.9999999999999982,0.7476382542926457,1.499708475879046,2.999416951758092,Self-Reg
1975359.3729128232,2001249.7989690353,178.9069879652283,2.0647555709673447e-12,4.955038644416326e-13,0.48987942528630485,136006.29670660818,66626.68646595186,5.616395176232148e-07,0.9999999999999984,0.7476702352657533,1.4997111558879157,2.9994223117758314,Self-Reg
2012121.1469619353,2038493.3982524644,176.45739345737047,1.953640377169947e-12,4.688432056543502e-13,0.48988202239508194,139821.29812314225,68495.9402984706,5.463210672033756e-07,0.9999999999999983,0.7477017775496214,1.4997138112169779,2.9994276224339558,Self-Reg
2049567.063881333,2076430.1072557748,174.04123809663747,1.84850486758615e-12,4.4361698431995196e-13,0.4898845956425392,143743.3040193884,70417.63036586066,5.314203943255116e-07,0.9999999999999983,0.7477328872624153,1.4997164420942781,2.9994328841885562,Self-Reg
2087709.855686247,2115072.8248687945,171.65806815394586,1.7490272444304866e-12,4.197480253487815e-13,0.4898871452481533,147775.31556381914,72393.22747970435,5.169261059508653e-07,0.9999999999999984,0.7477635704347544,1.4997190487457406,2.999438097491481,Self-Reg
2126562.491336875,2154434.6900318824,169.3074359815223,1.6549030275234206e-12,3.971633056286701e-13,0.4898896714293778,151920.41809664527,74424.24370477925,5.028271197015253e-07,0.9999999999999984,0.7477938330110204,1.4997216313951882,2.9994432627903764,Self-Reg
2166138.181147969,2194529.0862033116,166.9888999334774,1.565844122341247e-12,3.757937306613921e-13,0.4898921744016616,156181.7834904789,76512.23351608023,4.891126553906799e-07,0.9999999999999987,0.747823680850644,1.4997241902643625,2.999448380528725,Self-Reg
2206450.3812804916,2235369.6459097965,164.70202428735843,1.4815779382190512e-12,3.5557392321472625e-13,0.4898946543784676,160562.6725772025,78658.79498829166,4.757722267837454e-07,0.9999999999999984,0.7478531197293691,1.499726725572943,2.999453451145886,Self-Reg
2247512.798316838,2276970.25538168,162.4463791666717,1.4018465540077892e-12,3.364420233438102e-13,0.4898971115712913,165066.43764289806,80865.57101861843,4.6279563358407737e-07,0.9999999999999986,0.7478821553405011,1.4997292375385665,2.999458475077133,Self-Reg
2289339.3939212468,2319345.0592744276,160.2215404643607,1.3264059286315873e-12,3.1833949917019123e-13,0.48989954618967857,169696.52499275238,83134.25058391485,4.5017295363713107e-07,0.9999999999999982,0.7479107932961311,1.4997317263768466,2.999463452753693,Self-Reg
2331944.3895868985,2362508.4654779453,158.02708976723451,1.2550251541291358e-12,3.012109678399512e-13,0.4899019584412442,174456.47758789128,85466.57003306896,4.3789453534713956e-07,0.9999999999999984,0.7479390391283428,1.4997341923013934,2.9994683846027868,Self-Reg
2375342.271471382,2406475.1500154217,155.86261428133284,1.187485748892748e-12,2.8500402611332735e-13,0.48990434853168924,179349.93775616732,87864.31441563416,4.25950990300501e-07,0.9999999999999984,0.7479668982903996,1.4997366355238302,2.9994732710476604,Self-Reg
2419547.7953221505,2451260.06203334,153.72770675821846,1.1235809889418892e-12,2.6966909006774844e-13,0.4899067166648191,184380.6499789731,90329.31884772395,4.1433318609024675e-07,0.9999999999999982,0.7479943761579145,1.499739056253815,2.99947811250763,Self-Reg
2464575.991493611,2496878.428884327,151.6219654221886,1.0631152751843784e-12,2.5515924342407177e-13,0.4899090630425612,189552.46375620848,92863.46991621314,4.030322393361177e-07,0.9999999999999984,0.7480214780299971,1.4997414546990568,2.9994829093981137,Self-Reg
2510442.170057638,2543345.761304648,149.54499389839137,1.005903534728471e-12,2.414300940321336e-13,0.48991138786498173,194869.3365516027,95468.70712232387,3.920395088948992e-07,0.9999999999999981,0.7480482091303888,1.4997438310653348,2.9994876621306696,Self-Reg
2557161.9260091465,2590677.858688006,147.49640114184194,9.51770654413507e-13,2.284396380767424e-13,0.4899136913303036,200335.33682063414,98147.02436569655,3.8134658925585125e-07,0.9999999999999986,0.7480745746085744,1.4997461855565168,2.9994923711130337,Self-Reg
2604751.1445685634,2638890.814457513,145.47580136732552,9.005509448251776e-13,2.1614813158879104e-13,0.48991597363492306,205954.64712337148,100900.47147008353,3.7094530411617717e-07,0.9999999999999982,0.7481005795408792,1.4997485183745767,2.9994970367491534,Self-Reg
2653226.006582956,2688001.0215376075,143.48281398017903,8.520876331549305e-13,2.0451796886853902e-13,0.4899182349734266,211731.5673246133,103731.1557518318,3.6082770013162797e-07,0.9999999999999981,0.7481262289315491,1.4997508297196125,2.999501659439225,Self-Reg
2702602.9940277236,2738025.1779278577,141.51706350793938,8.062323833511933e-13,1.9351356744922606e-13,0.489920475538608,217670.51788378198,106641.24363235752,3.5098604083746087e-07,0.9999999999999984,0.7481515277138117,1.4997531197898635,2.999506239579727,Self-Reg
2752898.8956106273,2788980.2923804396,139.57817953285183,7.628448420937914e-13,1.831012592492146e-13,0.48992269552148454,223776.04323707803,109632.96229584154,3.4141280073512526e-07,0.999999999999998,0.7481764807509225,1.4997553887817285,2.999510777563457,Self-Reg
2804130.8124801377,2840883.690183301,137.66579662522668,7.217922092018138e-13,1.7324918757974463e-13,0.4899248951113138,230052.81527449153,112708.60139341772,3.321006595401447e-07,0.9999999999999983,0.7482010928371942,1.499757636889783,2.999515273779566,Self-Reg
2856316.1640400123,2893753.0190509534,135.77955427763507,6.82948831160055e-13,1.6392720969331375e-13,0.4899270744956094,236505.63691432687,115870.51479515698,3.230424965868085e-07,0.9999999999999982,0.7482253686990086,1.499759864306795,2.99951972861359,Self-Reg
2909472.693872059,2947606.2551248586,133.91909683993617,6.461958165199278e-13,1.5510680457463726e-13,0.4899292338601579,243139.44577797345,119121.12239118594,3.1423138538540107e-07,0.9999999999999986,0.7482493129958171,1.4997620712237445,2.999524142447489,Self-Reg
2963618.475769182,3002461.709085549,132.08407345512225,6.114206719975993e-13,1.4676098569215569e-13,0.489931373389034,249959.31796774355,122462.91194332285,3.056605883277992e-07,0.9999999999999986,0.748272930321119,1.4997642578298374,2.9995285156596747,Self-Reg
3018771.919880639,3058338.032378432,130.2741379959779,5.785169581556204e-13,1.388642184432636e-13,0.48993349326461677,256970.47195065313,125898.44098864071,2.9732355153741263e-07,0.9999999999999981,0.7482962252034303,1.4997664243125244,2.9995328486250488,Self-Reg
3074951.778971697,3115254.223555485,128.48894900253953,5.473839636140827e-13,1.3139234204074832e-13,0.48993559366760553,264178.2725511293,129430.33879642001,2.8921389985951757e-07,0.9999999999999987,0.7483192021072345,1.4997685708575164,2.9995371417150327,Self-Reg
3132177.154799786,3173229.6347349794,126.72816962034834,5.179263967941655e-13,1.2432249560153318e-13,0.48993767477703476,271588.23505569313,133061.30837998507,2.813254319881645e-07,0.9999999999999987,0.7483418654339197,1.4997706976488008,2.9995413952976016,Self-Reg
3190467.5046092686,3232283.978181381,124.99146753948767,4.900540942505751e-13,1.1763304821166828e-13,0.48993973677028996,279206.0294327571,136794.12856496286,2.73652115725939e-07,0.9999999999999982,0.7483642195227005,1.499772804868658,2.999545609737316,Self-Reg
3249842.647747156,3292437.3330077687,123.27851493439364,4.636817447000937e-13,1.1130353275365582e-13,0.4899417798231231,287037.4846707751,140631.65611555197,2.6618808337294327e-07,0.9999999999999983,0.7483862686515265,1.499774892697678,2.999549785395356,Self-Reg
3310322.7724018763,3353710.152002929,121.58898840443308,4.387286279016132e-13,1.0531458329373034e-13,0.4899438041096668,295088.59323804924,144576.82792041995,2.5892762724149367e-07,0.9999999999999984,0.7484080170379762,1.4997769613147742,2.9995539226295485,Self-Reg
3371928.4424674753,3416123.268585525,119.92256891523809,4.151183675883744e-13,9.964787583757683e-14,0.48994580980245045,303365.5156676175,148632.6632399088,2.5186519529309413e-07,0.999999999999998,0.7484294688401375,1.499779010897202,2.999558021794404,Self-Reg
3434680.6045355746,3479697.903887695,118.27894174078843,3.927786976961986e-13,9.428607227328166e-14,0.48994779707241426,311874.5852707264,152802.2660162652,2.449953868943563e-07,0.9999999999999984,0.7484506281574734,1.4997810416205712,2.9995620832411425,Self-Reg
3498600.59501741,3544455.6739704357,116.65779640623448,3.716412411722038e-13,8.92127673300627e-14,0.4899497660889241,320622.31298248866,157088.82724866012,2.3831294868863016e-07,0.9999999999999984,0.7484714990316768,1.4997830536588646,2.999566107317729,Self-Reg
3563710.1473984797,3610418.5971733374,115.05882663144955,3.516413006869466e-13,8.441243839053418e-14,0.48995171701978624,329615.39234344906,161495.62743482337,2.318127705801776e-07,0.9999999999999987,0.7484920854475098,1.4997850471844505,2.999570094368901,Self-Reg
3630031.399628141,3677609.1016010307,113.48173027530588,3.327176606094486e-13,7.987039800300788e-14,0.48995365003126157,338860.70462085004,166026.03908115067,2.2548988182783755e-07,0.9999999999999986,0.7485123913336311,1.4997870223680996,2.999574044736199,Self-Reg
3697586.901646754,3746050.0327489893,111.9262092806641,3.1481239963896416e-13,7.557274894857352e-14,0.4899555652880799,348365.3240735289,170683.52928321098,2.1933944724518653e-07,0.9999999999999981,0.7485324205634118,1.4997889793789994,2.9995779587579987,Self-Reg
3766399.623052913,3815764.661271252,110.39196962006791,2.978707135200019e-13,7.150634172552235e-14,0.4899574629534544,358136.52336447104,175471.66237862676,2.1335676350429603e-07,0.9999999999999986,0.7485521769557361,1.4997909183847682,2.9995818367695364,Self-Reg
3836492.960913329,3886776.6908926675,108.87872124213689,2.818407472979787e-13,6.76587343210719e-14,0.48995934318909495,368181.7791251541,180394.1026743529,2.0753725554026595e-07,0.9999999999999982,0.7485716642757924,1.4997928395514717,2.9995856791029434,Self-Reg
3907890.747718127,3959110.2664684583,107.38617801864656,2.6667343660204827e-13,6.40181541473377e-14,0.48996120615522293,378508.77767595643,185454.61725045068,2.0187647305377624e-07,0.9999999999999987,0.7485908862358507,1.4997947430436354,2.9995894860872707,Self-Reg
3980617.259484123,4032789.982193705,105.91405769229077,2.523223574693405e-13,6.057346202513019e-14,0.48996305201058404,389125.4209069848,190657.0788424894,1.9637008710900001e-07,0.9999999999999983,0.7486098464960294,1.4997966290242608,2.9995932580485216,Self-Reg
4054697.2240089346,4107840.8899656427,104.46208182511607,2.387435842509281e-13,5.731411810540472e-14,0.48996488091246265,400039.8323238376,196005.4688047906,1.9101388682426693e-07,0.9999999999999982,0.7486285486650488,1.4997984976548386,2.9995969953096773,Self-Reg
4130155.8292787103,4184288.507901585,103.0299757476207,2.2589555516460927e-13,5.4230149624126223e-14,0.489966693016695,411260.3632629218,201503.88015677844,1.858037761529535e-07,0.9999999999999983,0.7486469963009752,1.4998003490953626,2.9996006981907253,Self-Reg
4207018.7320322795,4262158.829015325,101.61746850851102,2.1373894508299856e-13,5.131212039191828e-14,0.48996848847768254,422795.59928107477,207156.52071476416,1.8073577075214257e-07,0.9999999999999983,0.7486651929119513,1.4998021835043451,2.9996043670086903,Self-Reg
4285312.066484775,4341478.330055092,100.22429282510524,2.022365451675357e-13,4.855110192516414e-14,0.4899702674484052,434654.36672439706,212967.71631157,1.7580599493665058e-07,0.9999999999999984,0.7486831419569183,1.4998040010388292,2.9996080020776583,Self-Reg
4365062.453213511,4422273.980505897,98.85018503437995,1.9135314898002644e-13,4.5938646130261227e-14,0.48997203008043466,446845.7394812959,218941.9141064436,1.7101067871610933e-07,0.9999999999999983,0.7487008468463243,1.4998058018544034,2.9996116037088068,Self-Reg
4446297.008209273,4504573.251759454,97.49488504464894,1.8105544472310353e-13,4.346675945746715e-14,0.4899737765239472,459379.0459249276,225083.68598780452,1.6634615491282584e-07,0.9999999999999981,0.7487183109428242,1.4998075861052151,2.9996151722104303,Self-Reg
4529043.352096061,4588404.126454761,96.1581362878681,1.7131191327978771e-13,4.1127878445278774e-14,0.4899755069277367,472263.87605034,231397.73207142315,1.6180885635822476e-07,0.9999999999999987,0.748735537561967,1.4998093539439838,2.9996187078879677,Self-Reg
4613329.619522357,4673795.107992464,94.83968567255889,1.6209273174007332e-13,3.891484658053756e-14,0.4899772214392273,485510.08881177247,237888.88429670472,1.5739531316573196e-07,0.9999999999999982,0.7487525299728761,1.4998111055220147,2.9996222110440294,Self-Reg
4699184.468727269,4760775.230226368,93.53928353734129,1.5336968211923727e-13,3.68208924034735e-14,0.48997892020448597,499127.81966574606,244562.11012384164,1.5310215007800719e-07,0.9999999999999986,0.7487692913989142,1.4998128409892117,2.9996256819784235,Self-Reg
4786637.0912846,4849374.067335233,92.25668360507132,1.4511606498849933e-13,3.4839608790717405e-14,0.4899806033682354,513127.4883256855,251422.51633464653,1.4892608388651154e-07,0.9999999999999983,0.7487858250183441,1.4998145604940911,2.9996291209881822,Self-Reg
4875717.222028308,4939621.743878315,90.99164293757396,1.373066177536595e-13,3.2964933352904973e-14,0.489982271073866,527519.8067340298,258475.3529399868,1.4486392092142782e-07,0.9999999999999984,0.7488021339649739,1.4998162641837935,2.999632528367587,Self-Reg
4966455.1491626855,5031548.945038057,89.74392189096451,1.2991743733158398e-13,3.119112988690978e-14,0.48998392346344843,542315.7872579222,265726.01719680557,1.4091255461001977e-07,0.9999999999999982,0.748818221328796,1.4998179522040975,2.999635904408195,Self-Reg
5058881.724560621,5125186.927053332,88.51328407155249,1.2292590698787588e-13,2.951277082596962e-14,0.48998556067774585,557526.7511147403,273180.057737798,1.3706896310156663e-07,0.9999999999999983,0.7488340901566172,1.499819624699432,2.999639249398864,Self-Reg
5153028.374253648,5220567.527846975,87.29949629231817,1.1631062711177988e-13,2.7924720634016173e-14,0.4899871828562255,573164.337033941,280843.1788169169,1.3333020695705066e-07,0.9999999999999986,0.7488497434526763,1.499821281812889,2.999642563625778,Self-Reg
5248927.109117078,5317723.177850966,86.10232852995819,1.1005134971645794e-13,2.6422120093416207e-14,0.48998879013707153,589240.5101618082,288721.24467393523,1.2969342690184268e-07,0.9999999999999987,0.7488651841792541,1.4998229236862364,2.9996458473724728,Self-Reg
5346610.535754058,5416686.911033146,84.92155388249068,1.0412891646413886e-13,2.5000371438055206e-14,0.48999038265719574,605767.5712159481,296820.2840214225,1.2615584163965973e-07,0.9999999999999982,0.7488804152572748,1.4998245504599292,2.9996491009198585,Self-Reg
5446111.867582182,5517492.376129129,83.75694852741397,9.852520002645649e-14,2.3655124286286506e-14,0.48999196055225064,622758.1658965216,305146.49465756037,1.2271474572612815e-07,0.9999999999999986,0.7488954395668973,1.4998261622731233,2.9996523245462465,Self-Reg
5547464.9361263625,5620173.848083188,82.60829168041255,9.322304860049527e-14,2.238226233071379e-14,0.48999352395663964,640225.2945614066,313706.2482083213,1.1936750750032905e-07,0.9999999999999983,0.748910259948099,1.4998277592636864,2.9996555185273728,Self-Reg
5650704.20252198,5724766.239702178,81.47536555460191,8.820623341070788e-14,2.1177890744087548e-14,0.48999507300352985,658182.3221727227,322506.0950026561,1.1611156707273805e-07,0.9999999999999983,0.748924879201249,1.499829341568211,2.999658683136422,Self-Reg
5755864.769231999,5831305.113526219,80.35795532030762,8.345939903603347e-14,2.003832426279156e-14,0.48999660782486254,676642.9885222882,331552.7690843986,1.129444343680319e-07,0.9999999999999986,0.7489393000876748,1.4998309093220248,2.9996618186440496,Self-Reg
5862982.39198219,5939826.693920351,79.25584906537074,7.89680164101677e-14,1.8960075911463052e-14,0.48999812855136504,695621.4187438594,340853.1933647365,1.0986368722125864e-07,0.9999999999999984,0.7489535253302193,1.4998324626592046,2.999664925318409,Self-Reg
5972093.491918477,6050367.879391224,78.16883775597321,7.47183383511319e-14,1.7939846334254088e-14,0.4899996353125617,715132.1341201903,350414.4849191872,1.0686696952591904e-07,0.9999999999999986,0.7489675576137893,1.499834001712586,2.999668003425172,Self-Reg
6083235.167990473,6162966.255132942,77.0967151979775,7.069735748402856e-14,1.6974513700097375e-14,0.49000112823678493,735190.0631931662,360243.9604331247,1.0395198943254581e-07,0.9999999999999987,0.7489813995858978,1.4998355266137762,2.9996710532275523,Self-Reg
6196445.209565588,6277660.1058065,76.03927799877246,6.689276642818724e-14,1.606112415109327e-14,0.49000260745118646,755810.5531855421,370349.14180003933,1.0111651759639911e-07,0.9999999999999983,0.7489950538571957,1.4998370374931649,2.9996740749863298,Self-Reg
6311762.109277782,6394488.428556937,74.99632552962127,6.329292012685045e-14,1.5196882764799815e-14,0.49000407308174804,777009.3817429881,380737.761876795,9.835838547294497e-08,0.9999999999999984,0.7490085230019974,1.499838534479936,2.999677068959872,Self-Reg
6429225.076115479,6513490.946272796,73.9676598885035,5.988680020409245e-14,1.4379145002776024e-14,0.49000552525329205,798802.7690054482,391417.77040029876,9.567548365981038e-08,0.9999999999999982,0.7490218095587975,1.4998400177020785,2.999680035404157,Self-Reg
6548874.048753064,6634708.121092351,72.95308586344572,5.666398123987665e-14,1.3605408619218147e-14,0.49000696408949274,821207.3900170467,402397.340070109,9.306576028394818e-08,0.9999999999999982,0.7490349160307813,1.4998414872863979,2.9996829745727958,Self-Reg
6670749.709130409,6758181.16816111,71.95241089633511,5.361459886002889e-14,1.2873306004935845e-14,0.4900083897128861,844240.3874840162,413684.87280162575,9.052721943278192e-08,0.9999999999999984,0.749047844886326,1.499842943358527,2.999685886717054,Self-Reg
6794893.496285249,6883952.069645496,70.96544504720825,5.072931954345091e-14,1.2180596943245408e-14,0.4900098022448812,867919.38489045,425289.0061546683,8.80579196281262e-08,0.9999999999999982,0.7490605985594958,1.4998443860429365,2.999688772085873,Self-Reg
6921347.620442848,7012063.589007177,69.99200095901155,4.79993120541677e-14,1.1525161755619942e-14,0.4900112018057698,892262.4999818635,437218.6199423336,8.565597234172268e-08,0.9999999999999987,0.7490731794505292,1.4998458154629473,2.9996916309258945,Self-Reg
7050155.077367943,7142559.28554312,69.03189382282544,4.541622041076253e-14,1.090499481612596e-14,0.4900125885147369,917288.3586269119,449482.8430252074,8.331954055125299e-08,0.9999999999999983,0.7490855899263194,1.4998472317407392,2.9996944634814784,Self-Reg
7181359.662983787,7275483.529196233,68.08494134354726,4.297213831046678e-14,1.0318198414805537e-14,0.49001396248987145,943016.1090678687,462091.0602961271,8.10468373357255e-08,0.9999999999999987,0.7490978323208867,1.4998486349973628,2.9996972699947255,Self-Reg
7315005.988263173,7410881.51564157,67.15096370602757,4.065958492962346e-14,9.762976951230506e-15,0.49001532384817553,969465.436570739,475052.9198608236,7.883612450916506e-08,0.9999999999999982,0.7491099089358463,1.49985002535275,2.9997000507055,Self-Reg
7451139.494396728,7548799.281653431,66.22978354165251,3.847148202645042e-14,9.237631440464036e-15,0.4900166727055754,996656.5784862713,488378.34041996585,7.668571129155646e-08,0.9999999999999986,0.7491218220408652,1.4998514029257237,2.9997028058514474,Self-Reg
7589806.46824336,7689283.720758306,65.32122589536858,3.6401132276025005e-14,8.740554314622596e-15,0.49001800917693045,1024610.3397333247,502077.5188582221,7.459395301603149e-08,0.9999999999999983,0.7491335738741173,1.4998527678340088,2.9997055356680176,Self-Reg
7731054.058068306,7832382.599179205,64.42511819314298,3.444219877117423e-14,8.270224504133724e-15,0.4900193333760438,1053348.108716487,516160.9380461694,7.255924987130752e-08,0.9999999999999982,0.7491451666427278,1.4998541201942421,2.9997082403884843,Self-Reg
7874930.289574,7978144.572076629,63.54129020985442,3.258868562652916e-14,7.82520278364176e-15,0.49002064541567153,1082891.8736900878,530639.3748610026,7.058004567841891e-08,0.9999999999999987,0.7491566025232133,1.4998554601219822,2.9997109202439645,Self-Reg
8021484.082229416,8126619.200091946,62.66957403760845,3.08349196263738e-14,7.404127368322361e-15,0.4900219454075325,1113264.2395811696,545523.9084322021,6.865482670080317e-08,0.9999999999999983,0.7491678836619138,1.4998567877317204,2.9997135754634408,Self-Reg
8170765.2659031525,8277856.966198472,61.80980405447284,2.9175532860120325e-14,7.0057097471341165e-15,0.49002323346231824,1144488.445284233,560825.9286184413,6.678212048683644e-08,0.9999999999999986,0.7491790121754215,1.4998581031368896,2.999716206273779,Self-Reg
8322824.597806143,8431909.29286625,60.9618168936268,2.7605446292258224e-14,6.62873074025873e-15,0.49002450968970185,1176588.381441027,576557.1447222391,6.496049474393075e-08,0.9999999999999981,0.7491899901509989,1.4998594064498747,2.9997188128997494,Self-Reg
8477713.779749667,8588828.559546258,60.12545141291915,2.6119854216489734e-14,6.2720367686681715e-15,0.4900257741983478,1209588.608718978,592729.5944490196,6.318855624333282e-08,0.9999999999999987,0.7492008196469937,1.4998606977820221,2.9997213955640443,Self-Reg
8635485.475724464,8748668.120479913,59.300548664830494,2.471420954646956e-14,5.9345363244059635e-15,0.490027027095921,1243514.3766022206,609355.6531174236,6.146494975478959e-08,0.9999999999999987,0.7492115026932493,1.4998619772436501,2.9997239544873002,Self-Reg
8796193.329807153,8911482.322840203,58.48695186683321,2.3384209898124433e-14,5.61519663078305e-15,0.49002826848909614,1278391.6427096596,626448.0431279457,5.978835701026166e-08,0.9999999999999983,0.7492220412915033,1.499863244944057,2.999726489888114,Self-Reg
8959891.984399717,9077326.525210224,57.68450637214569,2.2125784420956946e-14,5.313040482271128e-15,0.4900294984835668,1314247.0926547702,644019.8436971027,5.815749569589786e-08,0.9999999999999981,0.7492324374157867,1.4998645009915321,2.9997290019830642,Self-Reg
9126637.098808553,9246257.116405733,56.89305964087443,2.093508133802398e-14,5.0271432544244795e-15,0.49003071718405444,1351108.1604623946,662084.5008646155,5.6571118471496485e-08,0.9999999999999983,0.7492426930128141,1.4998657454933642,2.9997314909867283,Self-Reg
9296485.368169237,9418331.53464796,56.112461211539795,1.980845615645395e-14,4.75663007468264e-15,0.4900319246943175,1389003.0495581166,680655.8377812403,5.502801201670569e-08,0.9999999999999982,0.7492528100023677,1.499866978555851,2.999733957111702,Self-Reg
9469494.542723402,9593608.287093148,55.34256267298056,1.8742460512417387e-14,4.500673145397941e-15,0.4900331211171601,1427960.754346277,699748.0652851204,5.352699610323379e-08,0.9999999999999984,0.749262790277678,1.4998682002843085,2.999736400568617,Self-Reg
9645723.447454562,9772146.969725724,54.58321763663137,1.7733831616406504e-14,4.258489210897449e-15,0.49003430655444086,1468011.0823931762,719375.7927747743,5.2066922692358564e-08,0.9999999999999988,0.7492726357057969,1.4998694107830803,2.9997388215661607,Self-Reg
9825232.002089173,9954008.287621519,53.834281709169765,1.6779482266520002e-14,4.029337160830225e-15,0.49003548110708167,1509184.6772323733,739554.0393870018,5.064667505704873e-08,0.9999999999999984,0.7492823481279663,1.4998706101555463,2.9997412203110927,Self-Reg
10008081.241469985,10139254.075588142,53.09561246552712,1.5876491399184225e-14,3.812515762466926e-15,0.4900366448750764,1551513.0418095777,760298.2454882896,4.926516692802392e-08,0.9999999999999986,0.7492919293599817,1.4998717985041319,2.9997435970082638,Self-Reg
10194333.336308585,10327947.319189524,52.36706942225886,1.5022095148388996e-14,3.607361515013741e-15,0.49003779795749935,1595028.5625850535,781624.2844884951,4.79213416631017e-08,0.9999999999999987,0.749301381192549,1.4998729759303158,2.9997459518606315,Self-Reg
10384051.61432402,10520152.176161591,51.64851401126988,1.4213678386072668e-14,3.413246619375958e-15,0.4900389404525137,1639764.5343119584,803548.4749858415,4.661417143919689e-08,0.9999999999999982,0.7493107053916387,1.499874142534641,2.999748285069282,Self-Reg
10577300.58177502,10715933.998226712,50.93980955388959,1.344876671776209e-14,3.2295770571592196e-15,0.4900400724573799,1685755.185509634,826087.5932525449,4.5342656466353716e-08,0.9999999999999984,0.749319903698832,1.4998752984167214,2.999750596833443,Self-Reg
10774145.945392748,10915359.35331391,50.240821235293204,1.2725018908969481e-14,3.05579077303145e-15,0.49004119406846414,1733035.7046512503,849258.8860705808,4.410582422321289e-08,0.9999999999999982,0.7493289778316646,1.4998764436752514,2.999752887350503,Self-Reg
10974654.63472182,11118496.048192699,49.551416079264015,1.2040219719163635e-14,2.891355954883916e-15,0.4900423053812465,1781642.267085914,873080.0839274516,4.2902728713326517e-08,0.9999999999999986,0.7493379294839635,1.4998775784080147,2.9997551568160294,Self-Reg
11178894.824877076,11325413.151528126,48.87146292329253,1.139227312138241e-14,2.73576940652957e-15,0.4900434064903288,1831612.0627157965,897569.4145820267,4.173244974175401e-08,0.9999999999999983,0.7493467603261804,1.4998787027118916,2.999757405423783,Self-Reg
11386935.959723793,11536181.017364785,48.20083239400838,1.0779195886733217e-14,2.5885550079598145e-15,0.49004449748944345,1882983.3244494535,922745.617010834,4.059409221138566e-08,0.9999999999999984,0.7493554720057192,1.4998798166828686,2.9997596333657373,Self-Reg
11598848.775489446,11750871.309048075,47.5393968829397,1.0199111514144163e-14,2.4492622584484284e-15,0.4900455784714607,1935795.3574531616,948627.9557455026,3.9486785438454795e-08,0.9999999999999984,0.7493640661472584,1.4998809204160464,2.9997618408320927,Self-Reg
11814705.32481473,11969557.023590429,46.88703052259705,9.650244486787347e-15,2.317464898045435e-15,0.4900466495283968,1990088.5692225692,975236.2356122809,3.84096824867173e-08,0.9999999999999983,0.7493725443530722,1.499882014005647,2.999764028011294,Self-Reg
12034579.00125224,12192312.516491095,46.243609162876865,9.130914837593489e-15,2.192759603242956e-15,0.49004771075142234,2045904.500497721,1002590.8168849403,3.7361959519787946e-08,0.9999999999999983,0.749380908203342,1.4998830975450241,2.9997661950900483,Self-Reg
12258544.564221095,12419213.527017847,45.60901034778027,8.639533007224384e-15,2.0747647528223074e-15,0.49004876223086924,2103285.8570451066,1030712.6308626472,3.6342815171138905e-08,0.9999999999999987,0.7493891592564668,1.4998841711266688,2.9997683422533377,Self-Reg
12486678.164425856,12650337.203959038,44.98311329244379,8.174594978764727e-15,1.963119260106329e-15,0.49004980405623905,2162276.542330997,1059623.1958847072,3.535146993127951e-08,0.9999999999999984,0.7493972990493687,1.4998852348422194,2.9997704696844387,Self-Reg
12719057.36974872,12885762.13185518,44.365798860476765,7.734677674240867e-15,1.857481468043832e-15,0.4900508363162104,2222921.6911111795,1089344.633794478,3.4387165551646855e-08,0.9999999999999982,0.7494053290977919,1.4998862887824678,2.9997725775649355,Self-Reg
12955761.191623354,13125568.357718427,43.75694954160281,7.31843459887726e-15,1.7575281037457474e-15,0.49005185909864674,2285267.7039626436,1119899.6868649893,3.344916446475408e-08,0.9999999999999986,0.7494132508966015,1.499887333037369,2.999774666074738,Self-Reg
13196870.111899646,13369837.418249452,43.1564494296004,6.92459171975779e-15,1.6629532892739679e-15,0.4900528724906036,2349362.2827837477,1151311.735199257,3.2536749220151266e-08,0.9999999999999983,0.7494210659200735,1.499888367696047,2.999776735392094,Self-Reg
13442466.110208431,13618652.367560828,42.56418420053898,6.551943566277682e-15,1.5734676056562906e-15,0.49005387657833605,2415254.4672899833,1183604.8146186003,3.1649221935768134e-08,0.9999999999999984,0.7494287756221839,1.4998893928468044,2.999778785693609,Self-Reg
13692632.69183534,13872097.80541621,41.98004109130713,6.1993495404505004e-15,1.4887972072636464e-15,0.4900548714473064,2482994.6725332346,1216803.635052621,3.0785903764219946e-08,0.9999999999999984,0.7494363814368915,1.499890408577129,2.999780817154258,Self-Reg
13947454.916113667,14130259.905995337,41.40390887842785,5.865730425776229e-15,1.4086829838397121e-15,0.49005585718219113,2552634.727473331,1250933.5994449721,2.994613437366671e-08,0.9999999999999986,0.7494438847784184,1.4998914149737006,2.999782829947401,Self-Reg
14207019.425345335,14393226.447194064,40.83567785715873,5.55006508398568e-15,1.3328797676191637e-15,0.4900568338668883,2624227.9146312736,1286020.8231893089,2.912927144283123e-08,0.9999999999999983,0.7494512870415251,1.4998924121224002,2.9997848242448004,Self-Reg
14471414.474260258,14661086.84046983,40.27523982087204,5.251387329549957e-15,1.2611555831083805e-15,0.4900578015845247,2697829.010854566,1322092.1541103416,2.833469016978798e-08,0.9999999999999984,0.7494585896017829,1.4998934001083166,2.9997868002166332,Self-Reg
14740729.960023915,14933932.161242533,39.7224880407117,4.9687829723888e-15,1.1932909372332042e-15,0.49005876041746305,2773494.3292258163,1359175.1930052666,2.7561782794148312e-08,0.9999999999999987,0.7494657938158419,1.4998943790157533,2.9997887580315066,Self-Reg
15015057.452803241,15211855.179861048,39.177317245523554,4.701387019726243e-15,1.129078147681783e-15,0.4900597104473086,2851281.7621466187,1397298.3147612638,2.6809958132276612e-08,0.9999999999999986,0.7494729010216927,1.4998953489282365,2.999790697856473,Self-Reg
15294490.226901654,15494950.393146316,38.639623602054535,4.448381028528627e-15,1.0683207073872959e-15,0.4900606517549168,2931250.82562981,1436490.6900652824,2.6078641125181086e-08,0.9999999999999986,0.749479912538931,1.4998963099285216,2.9997926198570433,Self-Reg
15579123.292473195,15783314.056521164,38.10930469541852,4.208990600421923e-15,1.0108326832061558e-15,0.49006158442039965,3013462.704833818,1476782.3077226437,2.5367272398735177e-08,0.9999999999999982,0.7494868296690099,1.499897262098601,2.999794524197202,Self-Reg
15869053.427827038,16077044.216738218,37.5862595098243,3.982483011420409e-15,9.564381469516744e-16,0.4900625085231328,3097980.30087406,1518203.9976015915,2.4675307835892108e-08,0.9999999999999986,0.7494936536954955,1.4998982055197112,2.9997964110394224,Self-Reg
16164379.212333193,16376240.745216887,37.07038840956257,3.768164969211905e-15,9.049706370422876e-16,0.4900634241417622,3184868.278947171,1560787.4542213313,2.4002218160565927e-08,0.9999999999999982,0.7495003858843147,1.4998991402723392,2.9997982805446783,Self-Reg
16465201.059940428,16681005.372000592,36.5615931202489,3.5653804911352366e-15,8.562726491171464e-16,0.49006433135421085,3274193.1178048234,1604565.2610015795,2.334748853286119e-08,0.9999999999999983,0.7495070274840021,1.4999000664362299,2.9998001328724597,Self-Reg
16771621.253318261,16991441.72034626,36.05977671031847,3.3735088963545034e-15,8.101951540603436e-16,0.4900652302376857,3366023.1606151354,1649570.9151922392,2.2710618155340967e-08,0.9999999999999987,0.7495135797259412,1.4999009840903923,2.9998019681807846,Self-Reg
17083743.978634086,17307655.34195724,35.56484357277014,3.1919629060850507e-15,7.665971419591382e-16,0.49006612086868384,3460428.6672504013,1695838.8535021935,2.2091119890033257e-08,0.9999999999999986,0.7495200438246044,1.4999018933131079,2.9998037866262157,Self-Reg
17401675.360977586,17629753.75287204,35.0766994071561,3.0201868460560446e-15,7.253451906006888e-16,0.49006700332299913,3557481.8680412616,1743404.478446886,2.148851988588225e-08,0.9999999999999983,0.7495264209777865,1.4999027941819354,2.999805588363871,Self-Reg
17725523.500444457,17957846.47002097,34.59525120181392,2.8576549457078383e-15,6.8631305718698625e-16,0.49006787767572907,3657257.0190384183,1792304.1854348208,2.090235721635973e-08,0.999999999999998,0.7495327123668396,1.499903686773719,2.999807373547438,Self-Reg
18055398.508891463,18292045.04846294,34.12040721633802,2.7038697289184137e-15,6.493812920187156e-16,0.49006874400128064,3759830.4588241107,1842575.3906136903,2.0332183526959934e-08,0.9999999999999981,0.7495389191568984,1.4999045711645942,2.9998091423291884,Self-Reg
18391412.547375876,18632463.1193156,33.652076964286834,2.5583604913330195e-15,6.144368729659187e-16,0.49006960237337704,3865280.666916972,1894256.5594975022,1.9777562692307493e-08,0.9999999999999982,0.7495450424971087,1.4999054474299947,2.9998108948599893,Self-Reg
18733679.86429128,18979216.428390995,33.19017119612335,2.420681859636744e-15,5.81372859607065e-16,0.49007045286506395,3973688.323814745,1947387.2363965088,1.923807048261743e-08,0.9999999999999982,0.7495510835208483,1.4999063156446586,2.999812631289317,Self-Reg
19082316.834213313,19332422.875550434,32.73460188238542,2.2904124283600245e-15,5.500880659781823e-16,0.4900712955487155,4085136.372720938,2002008.0746725304,1.8713294239251283e-08,0.9999999999999986,0.7495570433459463,1.4999071758826352,2.9998143517652704,Self-Reg
19437441.99746829,19692202.554791734,32.2852821970828,2.1671534700447035e-15,5.204867509307126e-16,0.4900721304960407,4199710.083002613,2058160.8678427946,1.8202832559121724e-08,0.9999999999999981,0.7495629230748995,1.4999080282172912,2.9998160564345824,Self-Reg
19799176.100438073,20058677.79508234,31.842126501318344,2.0505277148228016e-15,4.924783251506454e-16,0.4900729577780897,4317497.115427793,2115888.5815560687,1.770629498770441e-08,0.9999999999999984,0.7495687237950842,1.4999088727213168,2.9998177454426336,Self-Reg
20167642.136615343,20431973.201952703,31.405050327129672,1.9401781956723586e-15,4.659770739423847e-16,0.4900737774652593,4438587.589232542,2175235.38646561,1.7223301720421862e-08,0.9999999999999983,0.7495744465789683,1.4999097094667322,2.9998194189334644,Self-Reg
20542965.38842257,20812215.69986337,30.97397036154918,1.8357671558161507e-15,4.4090189492915677e-16,0.49007458962729955,4563074.151068853,2236246.692024006,1.6753483312171766e-08,0.9999999999999983,0.7495800924843167,1.499910538524894,2.999821077049788,Self-Reg
20925273.469809428,21199534.57536069,30.54880443087901,1.7369750149189005e-15,4.171760498673023e-16,0.4900753943333195,4691052.045886215,2298969.1812258116,1.6296480394777122e-08,0.9999999999999986,0.749585662554395,1.499911359966501,2.999822719933002,Self-Reg
21314696.36964294,21594061.521035675,30.129471485178154,1.6434993909187542e-15,3.947269298150312e-16,0.49007619165179295,4822619.189801052,2363450.8463245546,1.5851943402142282e-08,0.9999999999999984,0.7495911578181724,1.4999121738616006,2.999824347723201,Self-Reg
21711366.49590494,21995930.680300746,29.715891582959298,1.5550541744991346e-15,3.7348583293709337e-16,0.49007698165056446,4957876.245009729,2429741.025551402,1.541953230290498e-08,0.9999999999999981,0.749596579290519,1.4999129802795943,2.9998259605591886,Self-Reg
22115418.720712475,22405278.693000183,29.307985876091806,1.471368653367955e-15,3.533877542654188e-16,0.4900777643968551,5096926.696802614,2497890.440863672,1.4998916340379314e-08,0.9999999999999983,0.7496019279724009,1.4999137792892443,2.9998275585784886,Self-Reg
22526990.426175576,22822244.74186896,28.905676594909096,1.3921866836640144e-15,3.343711867724594e-16,0.4900785399572681,5239876.932737854,2567951.236751936,1.4589773779591793e-08,0.9999999999999982,0.7496072048510739,1.499914570958679,2.999829141917358,Self-Reg
22946221.551108725,23246970.599856455,28.50888703351694,1.3172659059542388e-15,3.163779331484822e-16,0.49007930839779473,5386836.324035664,2639977.0201355168,1.419179166121611e-08,0.999999999999998,0.7496124109002725,1.4999153553553988,2.9998307107107975,Self-Reg
23373254.638611615,23679600.678330787,28.117541535300337,1.246377003422189e-15,2.9935292770688054e-16,0.49008006978381996,5537917.309255303,2714022.9013768635,1.3804665562219015e-08,0.9999999999999983,0.749617547080399,1.4999161325462826,2.9998322650925653,Self-Reg
23808234.88453512,24120282.07618007,27.731565478626457,1.1793029999773267e-15,2.832440678725429e-16,0.4900808241801275,5693235.480318674,2790145.536446119,1.3428099363034362e-08,0.9999999999999983,0.7496226143387065,1.499916902597593,2.999833805195186,Self-Reg
24251310.186849743,24569164.6298279,27.35088526274046,1.1158385961365723e-15,2.6800205473761065e-16,0.49008157165090616,5852909.67094664,2868403.170268317,1.3061805021086555e-08,0.9999999999999986,0.7496276136094814,1.4999176655749813,2.9998353311499626,Self-Reg
24702631.195932347,25026400.964179166,26.975428293852428,1.0557895406455973e-15,2.5358024219676475e-16,0.4900823122597545,6017062.047575353,2948855.681286142,1.2705502350491305e-08,0.9999999999999981,0.7496325458142237,1.4999184215434949,2.9998368430869897,Self-Reg
25162351.365788955,25492146.544514205,26.60512297141227,9.989720359163923e-16,2.399344942003699e-16,0.49008304606968706,6185818.202822409,3031564.627272524,1.2358918807764383e-08,0.9999999999999984,0.7496374118618231,1.4999191705675812,2.9998383411351623,Self-Reg
25630627.00623077,25966559.729348723,26.239898674570323,9.452121754613233e-16,2.2702304968867987e-16,0.49008377314313906,6359307.251574249,3116593.292428033,1.2021789283374953e-08,0.9999999999999984,0.7496422126487345,1.4999199127110945,2.999839825422189,Self-Reg
26107617.336021066,26449801.8242772,25.879685748821267,8.943454116017985e-16,2.1480639479380676e-16,0.4900844935419719,6537661.929768255,3204006.7357991063,1.1693855898984021e-08,0.9999999999999982,0.7496469490591494,1.4999206480373002,2.9998412960746004,Self-Reg
26593484.537011508,26942037.136818822,25.5244154928285,8.462160518222392e-16,2.0324714191837317e-16,0.490085207327479,6721018.695945346,3293871.841054237,1.1374867810212675e-08,0.999999999999998,0.7496516219651653,1.4999213766088813,2.9998427532177625,Self-Reg
27088393.80928559,27443433.032283626,25.174020145427157,8.00676782227904e-16,1.9230991532084918e-16,0.4900859145603902,6909517.835650438,3386257.367656072,1.1064581014789833e-08,0.9999999999999981,0.7496562322269534,1.499922098487943,2.999844196975886,Self-Reg
27592513.427328516,27954159.990678594,24.828432872802935,7.575882166478879e-16,1.8196124285744362e-16,0.49008661530087727,7103303.568760915,3481234.003468679,1.0762758165932339e-08,0.9999999999999983,0.7496607806929242,1.4999228137360188,2.9998456274720375,Self-Reg
28106014.797242135,28474391.66467248,24.487587755844693,7.168184700032487e-16,1.721694535492877e-16,0.49008730960855934,7302524.159824995,3578874.4188401364,1.0469168390815044e-08,0.999999999999998,0.7496652681998885,1.4999235224140752,2.9998470448281505,Self-Reg
28629072.515025165,29004304.938639916,24.15141977766804,6.782427546343634e-16,1.6290458066144797e-16,0.4900879975425076,7507332.031494746,3679253.3222019854,1.0183587113991596e-08,0.9999999999999983,0.7496696955732194,1.4999242245825173,2.9998484491650346,Self-Reg
29161864.42593754,29544079.9888038,23.81986481130826,6.417429983520436e-16,1.541382699972041e-16,0.49008867916125043,7717883.881140098,3782447.5172278555,9.905795885631526e-09,0.9999999999999984,0.7496740636270083,1.4999249203011933,2.9998498406023866,Self-Reg
29704571.68496972,30093900.34449718,23.49285960757983,6.072074830432772e-16,1.4584369312695287e-16,0.49008935452277846,7934340.800733412,3888535.9615951823,9.63558221444185e-09,0.9999999999999982,0.7496783731642237,1.499925609629401,2.999851219258802,Self-Reg
30257378.81843743,30653952.950565297,23.17034178310046,5.745305027254698e-16,1.3799546528621873e-16,0.4900900236845496,8156868.400096169,3997599.8273948855,9.37273940514552e-09,0.9999999999999983,0.7496826249768619,1.4999262926258912,2.9998525852517823,Self-Reg
30820473.786722355,31224428.230928577,22.85224980847762,5.436120400025713e-16,1.305695676915349e-16,0.49009068670349376,8385636.933602038,4109722.5632352023,9.117066400392642e-09,0.9999999999999981,0.7496868198460999,1.4999269693488744,2.9998539386977487,Self-Reg
31394048.048181035,31805520.153329197,22.538522996654894,5.143574599327479e-16,1.235432740364675e-16,0.4900913436360177,8620821.4304335,4224989.958087331,8.868367626983164e-09,0.9999999999999984,0.7496909585424449,1.4999276398560244,2.999855279712049,Self-Reg
31978296.62424254,32397426.29528195,22.229101491416692,4.866772203706472e-16,1.1689508094286636e-16,0.49009199453801,8862601.828491313,4343490.2069215225,8.62645284628395e-09,0.9999999999999986,0.7496950418258819,1.4999283042044844,2.999856608408969,Self-Reg
32573418.16571795,33000347.91125282,21.92392625604864,4.604865978976334e-16,1.1060464215450811e-16,0.49009263946484577,9111163.112059556,4465313.978184006,8.391137008725451e-09,0.9999999999999986,0.7496990704460166,1.499928962450871,2.999857924901742,Self-Reg
33179615.020343766,33614490.00108769,21.622939062151872,4.3570542850113743e-16,1.0465270627176136e-16,0.49009327847139134,9366695.45333149,4590554.4831663035,8.162240112266917e-09,0.9999999999999986,0.7497030451422221,1.4999296146512793,2.9998592293025585,Self-Reg
33797093.30158211,34240061.37971426,21.32608247860913,4.1225786220940663e-16,9.902105783673713e-17,0.4900939116120088,9629394.357904335,4719307.547319943,7.939587064721942e-09,0.9999999999999984,0.7497069666437775,1.4999302608612886,2.999860521722577,Self-Reg
34426062.95870192,34877274.74814177,21.033299860700357,3.9007213093060334e-16,9.369246158863154e-17,0.4900945389405611,9899460.81435477,4851671.683571353,7.723007549838758e-09,0.9999999999999981,0.7497108356700077,1.4999309011359654,2.9998618022719308,Self-Reg
35066737.84816369,35526346.765781395,20.7445353393662,3.6908032878570973e-16,8.865060971868658e-17,0.49009516051041613,10177101.448008928,4987748.167692724,7.51233589703333e-09,0.9999999999999983,0.7497146529304215,1.49993153552987,2.99986307105974,Self-Reg
35719335.806333,36187498.12411277,20.459733810617234,3.4921820426284706e-16,8.388007196335476e-17,0.4900957763744514,10462528.679025011,5127641.115786727,7.307410954675317e-09,0.9999999999999986,0.7497184191248456,1.4999321640970598,2.9998643281941195,Self-Reg
36384078.72354735,36860953.62172162,20.17884092508682,3.3042496355684637e-16,7.936624838294854e-17,0.4900963865850587,10755960.884909322,5271457.563944289,7.108075966830072e-09,0.9999999999999983,0.7497221349435592,1.499932786891095,2.99986557378219,Self-Reg
37061192.619560964,37546942.24073337,19.901803077726033,3.1264308449214335e-16,7.50953246812734e-17,0.4900969911941487,11057622.567589927,5419307.55013634,6.914178453362514e-09,0.999999999999998,0.7497258010674249,1.499933403965042,2.999866807930084,Self-Reg
37750907.720394365,38245697.22466999,19.62856739763824,2.958181404594308e-16,7.105422992951011e-17,0.4900975902531549,11367744.525176123,5571304.198402312,6.725570093310962e-09,0.9999999999999987,0.7497294181680187,1.4999340153714795,2.999868030742959,Self-Reg
38453458.53661343,38957456.15775501,19.35908173805198,2.798986338272088e-16,6.723059656498347e-17,0.4900981838130382,11686564.028534604,5727563.805399592,6.542106611442086e-09,0.9999999999999986,0.749732986907758,1.4999346211625015,2.999869242325003,Self-Reg
39169083.94306554,39682461.045694776,19.093294666429973,2.648358383183133e-16,6.361272254240181e-17,0.4900987719242917,12014325.002817871,5888205.929380352,6.363647667899897e-09,0.9999999999999984,0.749736507940027,1.4999352213897224,2.9998704427794447,Self-Reg
39898027.26009975,40420958.3979631,18.83115545471245,2.505836498689808e-16,6.018953552174547e-17,0.4900993546369444,12351278.214083552,6053353.481663699,6.190056750864578e-09,0.9999999999999986,0.7497399819093027,1.4999358161042817,2.9998716322085635,Self-Reg
40640536.336297944,41173199.31161679,18.572614069693234,2.3709844551396687e-16,5.695055898321586e-17,0.4900999320005655,12697681.461147266,6223132.8206731165,6.021201072139078e-09,0.9999999999999981,0.7497434094512757,1.499936405356848,2.999872810713696,Self-Reg
41396863.63274655,41939439.556671865,18.31762116352631,2.243389498657722e-16,5.38858801655454e-17,0.4901005040642694,13053799.772816373,6397673.848611349,5.856951465583376e-09,0.9999999999999983,0.7497467911929726,1.499936989197624,2.999873978395248,Self-Reg
42167266.30887566,42719939.663067766,18.066128064361727,2.1226610877932894e-16,5.098611972956134e-17,0.4901010708767188,13419905.61065472,6577110.110846363,5.697182288319134e-09,0.9999999999999984,0.7497501277528741,1.4999375676763491,2.9998751353526982,Self-Reg
42952006.309896156,43514965.009250455,17.81808676710862,2.00842969815436e-16,4.824240305416288e-17,0.4901016324861294,13796279.07743411,6761578.898084688,5.5417713246288685e-09,0.9999999999999984,0.7497534197410329,1.499938140842306,2.999876281684612,Self-Reg
43751350.45586394,44324785.91240401,17.57344992432387,1.9003456913707784e-16,4.5646333076874395e-17,0.4901021889402744,14183208.13143177,6951221.35141021,5.390599692476281e-09,0.9999999999999983,0.7497566677591908,1.4999387087443234,2.999877417488647,Self-Reg
44565570.53240127,45149677.72036102,17.33217083722474,1.7980782449244357e-16,4.31899645958622e-17,0.4901027402864876,14580988.806737555,7146182.5702686785,5.243551752576312e-09,0.9999999999999983,0.7497598724008911,1.4999392714307804,2.999878542861561,Self-Reg
45394943.38310738,45989920.90522438,17.094203446823496,1.701314339570719e-16,4.086577995477034e-17,0.49010328657166835,14989925.43974007,7346611.723480868,5.1005150199451466e-09,0.9999999999999984,0.7497630342515931,1.4999398289496109,2.9998796578992217,Self-Reg
46239751.00368787,46845801.158730455,16.859502325182863,1.609757801252188e-16,3.8666666035971847e-17,0.4901038278422851,15410330.9019641,7552662.163368859,4.961380077862885e-09,0.9999999999999984,0.7497661538887813,1.4999403813483076,2.9998807626966153,Self-Reg
47100280.63783643,47717609.48938741,16.62802266679032,1.5231283945717698e-16,3.658589249182512e-17,0.4901043641443793,15842526.839438261,7764491.543083153,4.826040494182763e-09,0.9999999999999986,0.7497692318820779,1.4999409286739265,2.999881857347853,Self-Reg
47976824.87490085,48605642.321421385,16.399720280049717,1.4411609650508643e-16,3.461709114732064e-17,0.4901048955235697,16286843.918775583,7982261.937220192,4.694392739923093e-09,0.9999999999999983,0.7497722687933477,1.49994147097309,2.99988294194618,Self-Reg
48869681.74936619,49510201.595563516,16.174551578888828,1.3636046275470347e-16,3.275423651108639e-17,0.4901054220250557,16743622.080155175,8206139.965822493,4.56633611007967e-09,0.9999999999999983,0.7497752651768063,1.4999420082919914,2.999884016583983,Self-Reg
49779154.84219024,50431594.871713586,15.952473574480837,1.2902219983470494e-16,3.099162733510789e-17,0.49010594369362187,17213210.797399275,8436296.921856612,4.441772646597908e-09,0.9999999999999984,0.7497782215791262,1.4999425406763995,2.999885081352799,Self-Reg
50705553.38402405,51370135.43351339,15.733443867078739,1.2207884685850653e-16,2.9323869166735896e-17,0.4901064605736411,17695969.345343575,8672908.902265992,4.320607063446057e-09,0.9999999999999982,0.7497811385395381,1.4999430681716612,2.9998861363433225,Self-Reg
51649192.36035362,52326142.39486656,15.517420637960793,1.1550915167619052e-16,2.7745857839583756e-17,0.49010697270907894,18192267.074706193,8916156.942699302,4.202746673732018e-09,0.9999999999999983,0.7497840165899349,1.4999435908227068,2.9998871816454136,Self-Reg
52610392.6185986,53299940.80844093,15.304362641485602,1.0929300582612279e-16,2.6252763852793244e-17,0.49010748014349687,18702483.694665316,9166227.156017257,4.088101318808054e-09,0.9999999999999986,0.7497868562549719,1.4999441086740524,2.9998882173481047,Self-Reg
53589480.977203384,54291861.776189424,15.094229197255496,1.0341138298716424e-16,2.4840017590867005e-17,0.49010798292005636,19227009.563361403,9423310.87468369,3.976583299309279e-09,0.999999999999998,0.7497896580521657,1.4999446217698047,2.9998892435396094,Self-Reg
54586790.336759545,55302242.561929,14.886980182386385,9.784628074308055e-17,2.3503295338833663e-17,0.4901084810815224,19766245.98654704,9687604.797150308,3.868107308072949e-09,0.9999999999999986,0.7497924224919932,1.4999451301536653,2.9998902603073305,Self-Reg
55602659.79319519,56331426.706013516,14.682576023883133,9.258066548091805e-17,2.223850604995217e-17,0.49010897467026715,20320605.52461186,9959311.138346486,3.762590364887579e-09,0.9999999999999983,0.7497951500779876,1.4999456338689325,2.999891267737865,Self-Reg
56637434.75307136,57379764.14214128,14.480977691118618,8.759842025467863e-17,2.1041778825458095e-17,0.49010946372827363,20890512.308218222,10238637.784389734,3.6599517530216797e-09,0.9999999999999983,0.7497978413068338,1.499946132958507,2.999892265917014,Self-Reg
57691467.05102408,58447611.31633638,14.282146688415313,8.288429545472263e-17,1.9909451068038256e-17,0.49010994829713916,21476402.362788793,10525798.451634971,3.560112957483784e-09,0.9999999999999987,0.7498004966684619,1.4999466274648947,2.9998932549297894,Self-Reg
58765115.06939147,59535331.3081437,14.086045047727959,7.842386213190735e-17,1.8838057272779873e-17,0.4901104284180791,22078723.94209409,10821012.850184236,3.4629976049664633e-09,0.9999999999999987,0.7498031166461413,1.49994711743021,2.99989423486042,Self-Reg
59858743.860068314,60643293.95408062,13.89263532142577,7.420346783359152e-17,1.782431842129025e-17,0.49011090413193015,22697937.871196087,11124506.851982292,3.368531405428323e-09,0.9999999999999981,0.7498057017165705,1.4999476028961798,2.9998952057923596,Self-Reg
60972725.26862712,61771875.97338488,13.7018805751732,7.021019481633812e-17,1.686513194653234e-17,0.49011137547915395,23334517.89900891,11436512.663626196,3.2766420952694953e-09,0.9999999999999982,0.7498082523499677,1.499948083904148,2.999896167808296,Self-Reg
62107438.06074982,62921461.096103385,13.513744380907578,6.643182050740489e-17,1.5957562237663615e-17,0.49011184249984047,23988951.06074746,11757269.004021442,3.187259382056998e-09,0.9999999999999982,0.7498107690101605,1.499948560495077,2.999897120990154,Self-Reg
63263268.05101219,64092440.193564564,13.328190809912524,6.285678009400822e-17,1.5098831655821588e-17,0.49011230523371163,24661738.050540775,12087021.28702048,3.100314890757758e-09,0.9999999999999986,0.7498132521546724,1.4999490327095533,2.9998980654191065,Self-Reg
64440608.2340646,65285211.41127848,13.145184425985786,5.947413112585298e-17,1.4286312033361305e-17,0.49011276372012424,25353393.604495022,12426021.809183178,3.015742111438206e-09,0.9999999999999981,0.7498157022348094,1.499949500587789,2.999899001175578,Self-Reg
65639858.91825508,66500180.30431118,12.964690278700111,5.627352002258125e-17,1.351751663052937e-17,0.49011321799807395,26064446.894500088,12774529.942803342,2.9334763483903195e-09,0.9999999999999982,0.7498181196957462,1.4999499641696272,2.9998999283392545,Self-Reg
66861427.86173802,67737759.97517745,12.786673896756108,5.3245150383631336e-17,1.2790092524960731e-17,0.4901136681061979,26795441.933079727,13132812.334348336,2.853454670645389e-09,0.9999999999999982,0.7498205049766089,1.499950423494544,2.999900846989088,Self-Reg
68105730.41111644,68998371.21430011,12.611101281425695,5.03797530035064e-17,1.2101813410706751e-17,0.4901141140827786,27546937.98959601,13501143.108464086,2.775615863837515e-09,0.999999999999998,0.749822858510559,1.4999508786016524,2.999901757203305,Self-Reg
69373189.64266442,70282442.64308353,12.437938900084928,4.766855750067653e-17,1.1450572784757674e-17,0.49011455596574705,28319510.01812619,13879804.077701444,2.6999003833800724e-09,0.9999999999999982,0.7498251807248746,1.499951329529706,2.999902659059412,Self-Reg
70664236.50617716,71590410.85964888,12.26715367983512,4.510326547327783e-17,1.08343775002084e-17,0.4901149937926857,29113749.097338956,14269084.95812409,2.6262503089193684e-09,0.9999999999999986,0.7498274720410305,1.499951776317101,2.999903552634202,Self-Reg
71979309.9714992,72922720.58728313,12.098713001210793,4.2676025099440144e-17,1.025134166633738e-17,0.4901154276008317,29930262.88270763,14669283.590963552,2.5546093000305498e-09,0.9999999999999987,0.7498297328747789,1.4999522190018815,2.999904438003763,Self-Reg
73318857.17777848,74279824.82564911,11.932584691973608,4.0379407104504916e-17,9.699680876932005e-18,0.49011585742708047,30769676.071404986,15080706.170490172,2.484922553122016e-09,0.9999999999999981,0.749831963636227,1.4999526576217408,2.9999053152434816,Self-Reg
74683333.58549857,75662185.00481047,11.768737020990873,3.82063820215705e-17,9.177706749196414e-18,0.4901162833079885,31632630.88023626,15503667.478274899,2.4171367595152736e-09,0.9999999999999986,0.7498341647299139,1.499953092214026,2.999906184428052,Self-Reg
76073203.13134031,77070271.14212303,11.607138692197582,3.6150298675765435e-17,8.68382175652931e-18,0.4901167052797765,32519787.53697572,15938491.124020878,2.3512000646682175e-09,0.9999999999999986,0.7498363365548879,1.4999535228157406,2.999907045631481,Self-Reg
77488938.38592464,78504562.0020451,11.44775883864089,3.4204863826395255e-17,8.216514339358534e-18,0.4901171233783326,33431824.78548234,16385509.793149045,2.287062028510662e-09,0.9999999999999983,0.7498384795047809,1.4999539494635474,2.999907898927095,Self-Reg
78931020.71449257,79965545.25892346,11.290567016605708,3.236412290464903e-17,7.774354279069172e-18,0.49011753763921523,34369440.40498212,16845065.50132759,2.2246735868617078e-09,0.9999999999999984,0.7498405939678826,1.4999543721937725,2.999908744387545,Self-Reg
80399940.4405741,81453717.66280738,11.135533199820598,3.0622441787911454e-17,7.355988320868794e-18,0.49011794809765624,35333351.743912965,17317509.856139366,2.163987013899553e-09,0.9999999999999984,0.749842680327214,1.4999547910424076,2.999909582084815,Self-Reg
81896197.01270363,82969585.20834915,10.982627773742689,2.897448955489282e-17,6.960136032193566e-18,0.49011835478856414,36324296.268741325,17803204.326087877,2.1049558856549594e-09,0.9999999999999983,0.7498447389605996,1.4999552060451133,2.9999104120902267,Self-Reg
83420299.17423731,84513663.30684721,10.831821529920628,2.7415222168795437e-17,6.5855858839808806e-18,0.4901187577465266,37343032.12817008,18302520.51714735,2.047535044500501e-09,0.9999999999999986,0.7498467702407368,1.4999556172372224,2.9999112344744447,Self-Reg
84972765.13633223,86086476.96149245,10.683085660434386,2.5939867038572e-17,6.231191542815309e-18,0.49011915700581365,38390338.73317037,18815840.45706909,1.9916805646083633e-09,0.9999999999999982,0.749848774535269,1.499956024653743,2.999912049307486,Self-Reg
86554122.75414309,87688560.94587426,10.536391752411067,2.4543908411024166e-17,5.8958683626012376e-18,0.4901195526003808,39467017.35327932,19343556.887660723,1.937349718350381e-09,0.9999999999999983,0.7498507522068522,1.4999564283293605,2.999912856658721,Self-Reg
88164909.70629887,89320459.9858096,10.391711782615536,2.322307354902712e-17,5.578590065024793e-18,0.4901199445638716,40573891.72962148,19886073.565262605,1.8845009436145294e-09,0.9999999999999983,0.7498527036132248,1.4999568282984423,2.9999136565968847,Self-Reg
89805673.67771946,90982728.94455567,10.249018112114898,2.197331965357575e-17,5.278385598646371e-18,0.4901203329296206,41711808.705122136,20443805.569651105,1.8330938120129084e-09,0.9999999999999983,0.7498546291072727,1.4999572245950388,2.9999144491900775,Self-Reg
91476972.54583381,92675933.01146883,10.108283481015903,2.0790821489623542e-17,4.9943361670114146e-18,0.49012071773065624,42881638.87239451,21017179.621604808,1.783088997956916e-09,0.999999999999998,0.7498565290370997,1.499957617252888,2.999915234505776,Self-Reg
93179374.57026526,94400647.89417604,9.969481003274055,1.96719596778382e-17,4.7255724166840195e-18,0.4901210989997037,44084277.23979791,21606634.409377374,1.7344482485758928e-09,0.9999999999999982,0.7498584037460875,1.4999580063054168,2.9999160126108335,Self-Reg
94913458.58604525,96157460.01432095,9.832584161573779,1.8613309616439765e-17,4.4712717765982255e-18,0.49012147676918755,45320643.916174114,22212620.92432575,1.6871343544563353e-09,0.9999999999999981,0.7498602535729646,1.4999583917857457,2.9999167835714915,Self-Reg
96679814.20042367,97946966.70695385,9.697566802278406,1.761163099921124e-17,4.230655940583919e-18,0.4901218510712348,46591684.81478792,22835602.805951394,1.6411111211792e-09,0.9999999999999981,0.7498620788518685,1.4999587737266904,2.999917547453381,Self-Reg
98479041.99334183,99769776.42363212,9.564403130449174,1.6663857897599607e-17,4.002988485363135e-18,0.4901222219376771,47898372.377009295,23476056.696618054,1.5963433416335894e-09,0.9999999999999986,0.7498638799124078,1.4999591521607643,2.9999183043215285,Self-Reg
100311753.72163557,101626508.93929973,9.433067704932274,1.5767089376550597e-17,3.78757261672688e-18,0.490122589400054,49241706.31629077,24134472.60621743,1.5527967690856285e-09,0.9999999999999986,0.7498656570797242,1.499959527120182,2.999919054240364,Self-Reg
102178572.52703926,103517795.56301762,9.303535433513005,1.4918580615353686e-17,3.583749036994797e-18,0.4901229534896154,50622714.383009955,24811354.28706207,1.51043809098192e-09,0.9999999999999984,0.7498674106745548,1.4999598986368625,2.999919797273725,Self-Reg
104080133.14806192,105444279.35261662,9.175781568136035,1.4115734506319986e-17,3.3908939272311688e-18,0.49012331423732414,52042453.15076266,25507219.619292468,1.4692349034675265e-09,0.9999999999999987,0.7498691410132903,1.4999602667424305,2.999920533484861,Self-Reg
106017082.13580413,107406615.33334324,9.049781700191108,1.3356093705579818e-17,3.2084170380424208e-18,0.49012367167385873,53502008.824706025,26222601.00709211,1.4291556865990666e-09,0.9999999999999984,0.7498708484080367,1.4999606314682206,2.999921262936441,Self-Reg
107990078.07379167,109405470.72057435,8.925511755863157,1.2637333111667768e-17,3.035759883112871e-18,0.4901240258296163,55002498.07257155,26958045.786014475,1.3901697802339046e-09,0.9999999999999986,0.7498725331666715,1.4999609928452786,2.9999219856905572,Self-Reg
109999791.80190222,111441525.14667904,8.802947991545821,1.195725274887336e-17,2.8723940299500742e-18,0.4901243767347142,56545068.87898529,27714116.641734153,1.3522473605769634e-09,0.9999999999999984,0.7498741955929027,1.4999613509043654,2.999922701808731,Self-Reg
112046906.64445724,113515470.8920999,8.682066989317775,1.131377103357629e-17,2.71781948260915e-18,0.49012472441899385,58130901.42374567,28491392.040541038,1.3153594173673077e-09,0.9999999999999986,0.7498758359863261,1.4999617056759589,2.9999234113519178,Self-Reg
114132118.64256103,115628013.1207373,8.562845652480744,1.0704918402954268e-17,2.5715631514461304e-18,0.4901250689120222,59761208.98473418,29290466.671908595,1.2794777316869567e-09,0.9999999999999981,0.7498774546424801,1.4999620571902568,2.9999241143805135,Self-Reg
116256136.79076128,117779870.1197118,8.445261201158639,1.012883128656387e-17,2.433177405217537e-18,0.4901254102430949,61437238.86614645,30111951.90347305,1.2445748543750466e-09,0.9999999999999982,0.7498790518529026,1.4999624054771792,2.9999248109543584,Self-Reg
118419683.27811392,119971773.54358855,8.329291167956821,9.583746402341757e-18,2.3022387010947746e-18,0.4901257484412387,63160273.3527551,30956476.248772316,1.2106240850307796e-09,0.9999999999999983,0.7498806279051838,1.4999627505663709,2.9999255011327417,Self-Reg
120623493.73373657,122204468.66314912,8.214913393680611,9.067995359567037e-18,2.1783462884004808e-18,0.49012608353521336,64931630.6909367,31824685.84810366,1.1775994515890714e-09,0.9999999999999983,0.7498821830830225,1.4999630924872043,2.9999261849744085,Self-Reg
122868317.47692937,124478714.61879061,8.102106023112405,8.579999552266748e-18,2.061120982100002e-18,0.4901264155535151,66752666.09720961,32717244.962866,1.145475690453342e-09,0.9999999999999987,0.7498837176662764,1.4999634312687817,2.9999268625375635,Self-Reg
125154917.77195318,126795284.67864315,7.99084750084644,8.118265327433126e-18,1.950204002294071e-18,0.4901267445243781,68624772.7950581,33634836.483766936,1.1142282271701946e-09,0.9999999999999982,0.7498852319310167,1.4999637669399384,2.9999275338798768,Self-Reg
127484072.08754657,129154966.50148828,7.881116567180595,7.681379413264696e-18,1.8452558761613002e-18,0.49012707047577736,70549383.08083189,34578162.4532815,1.0838331576312554e-09,0.9999999999999982,0.7498867261495791,1.4999640995292436,2.999928199058487,Self-Reg
129856572.3612727,131558562.40457052,7.772892254064373,7.268004593437296e-18,1.7459553989897865e-18,0.4901273934354311,72527969.41953866,35547944.60276314,1.0542672297877754e-09,0.9999999999999983,0.7498882005906145,1.499964429065005,2.99992885813001,Self-Reg
132273225.26878795,134006889.63639534,7.666153881102171,6.876875614164555e-18,1.651998651118038e-18,0.49012771343080297,74562045.57137008,36544924.90461894,1.0255078258639643e-09,0.9999999999999983,0.7498896555191387,1.4999647555752686,2.9999295111505373,Self-Reg
134734852.49811947,136500780.65460137,7.560881051611313,6.5067953115211114e-18,1.563098067776858e-18,0.4901280304891044,76653167.74981868,37569866.139969565,9.975329450555245e-10,0.9999999999999984,0.7498910911965837,1.4999650790878243,2.9999301581756486,Self-Reg
137242291.02904943,139041083.40900669,7.457053648733876,6.156630947174206e-18,1.47898155898525e-18,0.4901283446372968,78802935.81227638,38623552.48223017,9.703211867000886e-10,0.9999999999999983,0.7498925078808453,1.4999653996302054,2.9999307992604107,Self-Reg
139796393.4176962,141628661.62991974,7.354651831601801,5.825310741308954e-18,1.3993916768070464e-18,0.49012865590209453,81012994.4840209,39706790.09705697,9.43851733906742e-10,0.9999999999999982,0.7498939058263308,1.499965717229692,2.999931434459384,Self-Reg
142398028.08639148,144264395.1218159,7.253656031554464,5.511820592134858e-18,1.3240848274195745e-18,0.490128964309966,83285034.61652818,40820407.759118624,9.181043376320907e-10,0.9999999999999982,0.7498952852840078,1.4999660319133146,2.999932063826629,Self-Reg
145048079.61895487,146949180.06248203,7.154046948407839,5.2152009719322474e-18,1.252830525582829e-18,0.49012926988713706,85620794.48107697,41965257.486166865,8.930593011906493e-10,0.9999999999999984,0.7498966465014514,1.4999663437078539,2.9999326874157077,Self-Reg
147747449.06146076,149683929.30772555,7.055805546774836,4.934543990138991e-18,1.1854106892277014e-18,0.4901295726595925,88022061.09862925,43142215.1908877,8.686974651877776e-10,0.9999999999999984,0.7498979897228881,1.499966652639845,2.99993330527969,Self-Reg
150497054.22860554,152469572.70175698,6.958913052435845,4.668990614487324e-18,1.1216189720041693e-18,0.4901298726530786,90490671.60700993,44352181.351035334,8.450001928635695e-10,0.9999999999999984,0.749899315189244,1.499966958735579,2.999933917471158,Self-Reg
153297830.0157732,155307057.39334583,6.863350948759038,4.417728041686066e-18,1.0612601317469125e-18,0.4901301698931053,93028514.66642615,45596081.698358685,8.219493558365502e-10,0.9999999999999983,0.7499006231381883,1.4999672620211058,2.9999345240422115,Self-Reg
156150728.71690884,158197348.15786016,6.769100973169638,4.1799872095999846e-18,1.0041494329254672e-18,0.49013046440494823,95637531.90440391,46874867.926848546,7.995273202362389e-10,0.9999999999999986,0.7499019138041784,1.4999675625222353,2.9999351250444706,Self-Reg
159056720.34831038,161141427.7253023,6.676145113667407,3.9550404433114466e-18,9.501120812500855e-19,0.4901307562136508,98319719.40125042,48189518.420848824,7.777169332139585e-10,0.9999999999999983,0.7499031874185033,1.49996786026454,2.99993572052908,Self-Reg
162016792.97844347,164140297.11444664,6.584465605391851,3.742199227859919e-18,8.989826887030403e-19,0.49013104534402685,101077129.21717337,49541039.003586456,7.565015098216082e-10,0.9999999999999984,0.7499044442093263,1.4999681552733584,2.9999363105467167,Self-Reg
165031953.0638974,167194975.9731985,6.494044927234357,3.540812100841669e-18,8.506047673580077e-19,0.49013133182066204,103911870.96223077,50930463.70669494,7.358648202483307e-10,0.9999999999999987,0.7499056844017288,1.4999684475737947,2.9999368951475893,Self-Reg
168103225.7915898,170306502.92528427,6.404865798496751,3.350262658419839e-18,8.048302504384783e-19,0.4901316156679163,106826113.41030681,52358855.561317734,7.157910774053489e-10,0.9999999999999984,0.7499069082177512,1.499968737190723,2.999937474381446,Self-Reg
171231655.42733997,173475935.92339325,6.316911175595609,3.169967668641413e-18,7.615190391493389e-19,0.49013189690992615,109822086.15835129,53827307.41139805,6.962649248494517e-10,0.9999999999999983,0.7499081158764352,1.4999690241487897,2.9999380482975795,Self-Reg
174418305.67093244,176704352.60889503,6.230164248811548,2.999375286286171e-18,7.205385738946687e-19,0.49013217557060623,112902081.3321551,55336942.74977871,6.77271425035876e-10,0.9999999999999984,0.7499093075938632,1.499969308472413,2.999938616944826,Self-Reg
177664260.01778507,179992850.67824766,6.144608439083111,2.8379633637840795e-18,6.817634285695639e-19,0.4901324516736518,116068455.33996096,56888916.577748835,6.587960478916368e-10,0.9999999999999983,0.7499104835832,1.499969590185788,2.999939180371576,Self-Reg
180970622.12735108,183342548.2562285,6.060227394844442,2.685237853030778e-18,6.450749266842291e-19,0.49013272524254053,119323630.67525683,58484416.28869804,6.408246597005294e-10,0.9999999999999984,0.7499116440547322,1.4999698693128865,2.999939738625773,Self-Reg
184338516.19837415,186754584.2761074,5.977004988906308,2.5407312932098315e-18,6.103607781455717e-19,0.49013299630053425,122670097.77012551,60124662.576551095,6.233435122913362e-10,0.9999999999999982,0.7499127892159069,1.4999701458774606,2.999940291754921,Self-Reg
187769087.35112628,190230118.86689457,5.894925315379847,2.404001379993102e-18,5.77514735584631e-19,0.49013326487068154,126110416.90057005,61810910.36967917,6.063392325209529e-10,0.999999999999998,0.7499139192713706,1.499970419903044,2.999940839806088,Self-Reg
191263502.01676333,193770333.74779928,5.8139726866423045,2.2746296117396817e-18,5.464362691779794e-19,0.49013353097581935,129647220.14527817,63544449.791004576,5.897988120443674e-10,0.9999999999999986,0.7499150344230078,1.499970691412954,2.999941382825908,Self-Reg
194822948.3339226,197376432.63002554,5.734131630344405,2.1522200085500464e-18,5.170302589679815e-19,0.4901337946385746,133283213.39931558,65326607.145029455,5.737095973637065e-10,0.9999999999999981,0.7499161348699772,1.4999709604302935,2.999941920860587,Self-Reg
198448636.55270526,201049641.62604928,5.655386886458601,2.0363979002543984e-18,4.892067037401715e-19,0.49013405588136694,137021178.4442971,67158745.93254785,5.580592801487009e-10,0.9999999999999982,0.7499172208087508,1.4999712269779535,2.999942453955907,Self-Reg
202141799.44617283,204791209.66650835,5.577723404367809,1.926808779625765e-18,4.628804455668333e-19,0.49013431472640984,140863975.07661152,69042267.89381307,5.428358878212012e-10,0.9999999999999986,0.7499182924331486,1.4999714910786142,2.9999429821572283,Self-Reg
205903692.72950155,208602408.9248505,5.501126339994018,1.823117217307646e-18,4.379709091737178e-19,0.49013457119571296,144814543.29533142,70978614.08096026,5.280277743965255e-10,0.9999999999999983,0.7499193499343757,1.4999717527547476,2.999943505509495,Self-Reg
209735595.48694167,212484535.24988872,5.425581052966104,1.7250058351348857e-18,4.1440185533218485e-19,0.49013482531108366,148875905.55148733,72969265.96050765,5.136236115746126e-10,0.9999999999999983,0.7499203935010578,1.499972012028619,2.999944024057238,Self-Reg
213638810.606718,216438908.60640204,5.351073103826518,1.6321743347056057e-18,3.921011475220974e-19,0.4901350770941296,153051169.0604177,75015746.5467745,4.996123800742058e-10,0.9999999999999987,0.7499214233192755,1.4999722689222894,2.999944537844579,Self-Reg
217614665.22402874,220466873.5239403,5.277588251276138,1.5443385782305935e-18,3.710005311512648e-19,0.4901353265662594,157343528.1789728,77119621.56708829,4.859833612034014e-10,0.9999999999999983,0.7499224395726004,1.499972523457617,2.999945046915234,Self-Reg
221664511.17228395,224569799.55397716,5.2051124494569185,1.461229718847061e-18,3.5103542465579566e-19,0.49013557374868566,161756266.84938273,79282500.6596677,4.727261286601482e-10,0.9999999999999987,0.7499234424421273,1.4999727756562584,2.999945551312517,Self-Reg
225789725.4427417,228749081.7355704,5.1336318452717515,1.382593377734713e-18,3.3214472184198036e-19,0.49013581866242584,166292761.11166215,81506038.60509974,4.5983054055641036e-10,0.9999999999999982,0.7499244321065095,1.4999730255396726,2.999946051079345,Self-Reg
229991710.65270254,233006141.06969294,5.063132775740956,1.3081888655153716e-18,3.142706048647504e-19,0.49013606132830473,170956481.68648076,83791936.59235613,4.472867316598741e-10,0.9999999999999984,0.7499254087419913,1.4999732731291202,2.9999465462582404,Self-Reg
234271895.52241272,237342425.00238663,4.993601765395037,1.2377884455532131e-18,2.9735836727037406e-19,0.49013630176695566,175750996.63046408,86141943.52031235,4.3508510584730106e-10,0.9999999999999983,0.7499263725224408,1.499973518445667,2.999947036891334,Self-Reg
238631735.36084718,241759407.91691235,4.925025523703078,1.1711766369005507e-18,2.813562465617601e-19,0.49013653999882284,180679974.0659676,88557857.33577038,4.2321632876371804e-10,0.9999999999999986,0.749927323619382,1.4999737615101851,2.9999475230203703,Self-Reg
243072712.56052867,246258591.6350544,4.857390942536427,1.1081495547558005e-18,2.6621526577397296e-19,0.4901367760441624,185747184.98740107,91041526.40900339,4.1167132068186434e-10,0.9999999999999986,0.7499282622020271,1.4999740023433548,2.9999480046867095,Self-Reg
247596337.10155505,250841505.92775407,4.7906850936671175,1.0485142864148116e-18,2.51889083575071e-19,0.4901370099230447,190956506.14625552,93594850.9478772,4.0044124955641416e-10,0.9999999999999982,0.7499291884373074,1.4999742409656664,2.999948481931333,Self-Reg
252204147.06501174,255509709.0352512,4.724895226300477,9.920883008054155e-19,2.38333852433482e-19,0.49013724165535605,196311923.01704636,96219784.45163374,3.8951752426765084e-10,0.9999999999999988,0.749930102489905,1.499974477397422,2.999948954794844,Self-Reg
256897709.1559337,260264788.19690046,4.6600087646416135,9.386988897980605e-19,2.255080844178662e-19,0.4901374712607997,201817532.84642887,98918335.20544203,3.788917880494534e-10,0.9999999999999984,0.7499310045222826,1.4999747116587365,2.999949423317473,Self-Reg
261678619.23600537,265108360.1908531,4.5960133054951475,8.881826395823392e-19,2.133725242187074e-19,0.49013769875889845,207477547.78783295,101692567.81686781,3.685559120965376e-10,0.9999999999999982,0.7499318946947141,1.4999749437695413,2.9999498875390826,Self-Reg
266548502.86616856,270042071.88377696,4.532896615897901,8.403849304915539e-19,2.0189002900303986e-19,0.49013792416899565,213296298.1240014,104544604.79542927,3.5850198934608987e-10,0.9999999999999989,0.749932773165314,1.4999751737495837,2.9999503474991673,Self-Reg
271509015.85932904,275067600.7908068,4.470646630784014,7.951594637443035e-19,1.9102545473458464e-19,0.49013814751025697,219278235.57990313,107476628.17645143,3.487223284290263e-10,0.9999999999999986,0.7499336400900675,1.4999754016184295,2.999950803236859,Self-Reg
276561844.8433531,280186655.6459201,4.409251450681983,7.52367813654512e-19,1.807455486113626e-19,0.4901383688016723,225427936.72856265,110490881.19046429,3.3920944778623337e-10,0.9999999999999984,0.749934495622858,1.499975627395465,2.99995125479093,Self-Reg
281708707.83453774,285400976.98292375,4.348699339443297,7.118790039393934e-19,1.710188472916036e-19,0.4901385880620572,231750106.49240035,113589669.97941652,3.299560699453172e-10,0.9999999999999986,0.7499353399154971,1.4999758510998986,2.9999517021997972,Self-Reg
286951354.8217578,290712337.72725695,4.288978722002152,6.735691068284495e-19,1.6181558059645095e-19,0.49013880531005444,238249581.7427716,116775365.36102222,3.2095511595346137e-10,0.9999999999999983,0.749936173117752,1.499976072750762,2.999952145501524,Self-Reg
292291568.361479,296122543.79880315,4.230078182165892,6.373208637465244e-19,1.5310758039475376e-19,0.4901390205641355,244931335.00044945,120050404.64258644,3.121996999621521e-10,0.9999999999999984,0.7499369953773735,1.499976292366912,2.999952584733824,Self-Reg
297731164.1838436,301633434.7259197,4.1719864604357495,6.030233264098687e-19,1.448681943910743e-19,0.4901392338426025,251800478.23988488,123417293.4856981,3.0368312395962283e-10,0.9999999999999984,0.7499378068401228,1.499976509967032,2.999953019934064,Self-Reg
303271991.81004214,307246884.27090096,4.114692451857365,5.705715172366444e-19,1.3707220455304433e-19,0.4901394451635894,258862266.80016503,126878607.82322195,2.9539887264697487e-10,0.9999999999999983,0.7499386076497992,1.499976725569634,2.999953451139268,Self-Reg
308915935.18116796,312964801.0670751,4.058185203900819,5.398661080325374e-19,1.296957499284309e-19,0.49013965454506375,266122103.4056453,130436995.83004873,2.8734060845407687e-10,0.9999999999999987,0.7499393979482667,1.4999769391930595,2.999953878386119,Self-Reg
314664913.29878104,318789129.2677636,4.002453914369665,5.108131159679297e-19,1.227162536156715e-19,0.49013986200482795,273585542.29934746,134095179.94911818,2.7950216669141157e-10,0.9999999999999982,0.7499401778754796,1.4999771508554827,2.9999543017109653,Self-Reg
320520880.8773872,324721849.2073125,3.9474879293386547,4.833236159161451e-19,1.161123536643818e-19,0.49014006756052136,281258293.49227065,137855958.97425848,2.718775508341778e-10,0.9999999999999986,0.7499409475695096,1.4999773605749092,2.9999547211498183,Self-Reg
326485829.00905913,330764978.07442427,3.8932767411197373,4.573134682722663e-19,1.0986383769434563e-19,0.49014027122962106,289146227.1318717,141722210.1914372,2.6446092793503396e-10,0.9999999999999986,0.7499417071665696,1.4999775683691803,2.9999551367383606,Self-Reg
332561785.84043306,336920570.5980274,3.8398099862558643,4.3270306141939794e-19,1.0395158103287445e-19,0.4901404730294437,297255377.99306816,145696891.58006853,2.572466241619623e-10,0.9999999999999986,0.7499424568010407,1.4999777742559728,2.9999555485119456,Self-Reg
338750817.2622978,343190719.74590427,3.7870774435423455,4.094170680541842e-19,9.83574881812184e-20,0.49014067297714714,305591950.09518194,149783044.07605127,2.502291204578604e-10,0.9999999999999982,0.7499431966054956,1.4999779782528013,2.9999559565056026,Self-Reg
345055027.6120241,349577557.43632644,3.7350690320752666,3.873842146256887e-19,9.306443743086736e-20,0.49014087108973164,314162321.4483726,153983793.8982776,2.4340304831852234e-10,0.9999999999999984,0.7499439267107249,1.49997818037702,2.99995636075404,Self-Reg
351476560.38905936,356083255.2629274,3.683774809326704,3.6653706318198556e-19,8.805622846024891e-20,0.49014106738404123,322973048.9331748,158302354.9403845,2.367631856857957e-10,0.9999999999999983,0.7499446472457587,1.4999783806458227,2.9999567612916453,Self-Reg
358017598.9837374,362710025.23306483,3.633184969246319,3.4681180495671545e-19,8.331753275143209e-20,0.4901412618767657,332030873.3168812,162742031.22958064,2.3030445295276463e-10,0.9999999999999983,0.7499453583378929,1.4999785790762459,2.9999571581524918,Self-Reg
364680367.41965926,369460120.519931,3.5832898403889226,3.2814806506379596e-19,7.883384667507832e-20,0.49014145458444114,341342724.4106167,167306219.45443568,2.2402190907789733e-10,0.9999999999999981,0.7499460601127116,1.4999787756851695,2.999957551370339,Self-Reg
371467131.1098819,376335836.22865325,3.5340798840677436,3.10488717702542e-19,7.459144710006261e-20,0.4901416455234522,350915726.3710348,171998411.56355646,2.1791074780519785e-10,0.9999999999999982,0.7499467526941105,1.499978970489318,2.999957940978636,Self-Reg
378380197.627188,383339510.176659,3.4855456925329658,2.9377971130753663e-19,7.057734939189449e-20,0.4901418347100329,360757203.15070724,176822197.43714768,2.119662939874586e-10,0.9999999999999984,0.7499474362043194,1.499979163505263,2.999958327010526,Self-Reg
385421917.4886823,390473523.6885556,3.4376779871752805,2.779699031081153e-19,6.677926767139958e-20,0.49014202216026836,370874684.10135794,181781267.6334903,2.0618400000981503e-10,0.9999999999999986,0.7499481107639253,1.499979354749423,2.999958709498846,Self-Reg
392594684.9549898,397740302.4058037,3.390467616754059,2.630109025910556e-19,6.318557721202316e-20,0.490142207890096,381275909.73424,186879416.21244532,2.0055944231085704e-10,0.9999999999999983,0.749948776491895,1.4999795442380661,2.9999590884761322,Self-Reg
399900938.8443345,405142317.1114656,3.3439055556497657,2.488569233873371e-19,5.978527886066696e-20,0.49014239191530684,391968837.6420701,192120543.6381468,1.9508831799863277e-10,0.9999999999999984,0.7499494335055954,1.499979731987311,2.999959463974622,Self-Reg
407343163.3617609,412682084.57029516,3.2979829021403715,2.354646431296565e-19,5.656796537317336e-20,0.490142574251547,402961648.58703244,197508659.76309535,1.8976644155896773e-10,0.9999999999999981,0.749950081920818,1.4999799180131284,2.9999598360262567,Self-Reg
414923888.94379574,420362168.3844701,3.252690876701347,2.227930708517216e-19,5.35237895614162e-20,0.49014275491431913,414262752.7595315,203047886.8959462,1.8458974165356743e-10,0.9999999999999983,0.7499507218517969,1.4999801023313417,2.9999602046626834,Self-Reg
422645693.1188196,428185179.8652407,3.208020820329011,2.1080342152349227e-19,5.064343415451654e-20,0.4901429339189832,425880796.2124564,208742462.955326,1.7955425800547033e-10,0.9999999999999983,0.7499513534112326,1.49998028495763,2.99996056991526,Self-Reg
430511201.38345176,436153778.92080057,3.1639641928868554,1.994589973383266e-19,4.791808328193632e-20,0.49014311128075855,437824667.4758951,214596744.71209878,1.746561383694569e-10,0.9999999999999984,0.7499519767103117,1.4999804659075273,2.9999609318150546,Self-Reg
438523088.09525204,444270674.9606892,3.120512571474503,1.8872507538866966e-19,4.533939549116892e-20,0.49014328701472454,450103504.35736626,220615211.1225659,1.6989163558509707e-10,0.9999999999999982,0.749952591858727,1.4999806451964255,2.999961290392851,Self-Reg
446684077.3820275,452538627.81701666,3.077657648819062,1.7856880138650705e-19,4.289947821745022e-20,0.4901434611358223,462726700.93275267,226802466.75513992,1.65257104710189e-10,0.9999999999999987,0.7499531989646985,1.499980822839575,2.99996164567915,Self-Reg
454996944.06807095,460960448.68284196,3.0353912316884957,1.689590891032606e-19,4.059086362734648e-20,0.49014363365885555,475703914.7333047,233163245.31312436,1.6074900023238893e-10,0.9999999999999983,0.7499537981349932,1.4999809988520862,2.9999619977041725,Self-Reg
463464514.61762744,469539001.0680053,2.9937052393267884,1.598665252213552e-19,3.8406485762291556e-20,0.4901438045984924,489045074.1341901,239702413.25628367,1.5636387335690636e-10,0.9999999999999981,0.7499543894749445,1.4999811732489305,2.999962346497861,Self-Reg
472089668.09591895,478277201.77274853,2.9525917019105616,1.5126327930621513e-19,3.6339658912115116e-20,0.49014397396926607,502760385.9502512,246424973.52397808,1.5209836936818707e-10,0.9999999999999982,0.7499549730884716,1.4999813460449418,2.9999626920898836,Self-Reg
480875337.1480629,487178021.8794641,2.912042759026812,1.4312301862312337e-19,3.4384057152370246e-20,0.4901441417855765,516860343.24480116,253336069.36272153,1.479492250635595e-10,0.9999999999999986,0.749955549078099,1.4999815172548179,2.9999630345096358,Self-Reg
489824508.9961993,496244487.76289135,2.87205065817156,1.3542082753823733e-19,3.253369498283669e-20,0.4901443080616914,531355733.3573973,260440988.26107407,1.4391326625689175e-10,0.9999999999999983,0.7499561175449754,1.4999816868931217,2.9999633737862434,Self-Reg
498940226.4551846,505479682.1191225,2.8326077532690435,1.2813313125704394e-19,3.078290900793709e-20,0.4901444728117476,546257646.1567721,267745165.99489725,1.3998740535033937e-10,0.9999999999999984,0.7499566785888911,1.4999818549742818,2.9999637099485637,Self-Reg
508225588.96717745,514886745.01374876,2.7937065032112556,1.2123762366685322e-19,2.9126340603001574e-20,0.4901446360497519,561577482.5251956,275254190.78604794,1.3616863897233733e-10,0.9999999999999982,0.7499572323082989,1.499982021512595,2.99996404302519,Self-Reg
517683753.6554784,524468874.9495119,2.7553394704175123,1.1471319906245952e-19,2.755891951332635e-20,0.4901447977895828,577326963.0807823,282973807.5777039,1.3245404568002226e-10,0.9999999999999981,0.7499577788003292,1.499982186522226,2.999964373044452,Self-Reg
527317936.3979919,534229329.9538363,2.7174993194137222,1.0853988754599128e-19,2.6075848335827426e-20,0.49014495804499125,593518137.1444278,290909922.4295969,1.2884078372432506e-10,0.9999999999999986,0.7499583181608103,1.49998235001721,2.99996470003442,Self-Reg
537131412.9206551,544171428.6865888,2.680178815431185,1.0269879390323736e-19,2.4672587835798016e-20,0.49014511682960205,610163391.9582063,299068607.0365013,1.2532608887603236e-10,0.9999999999999984,0.7499588504842853,1.4999825120114534,2.9999650240229068,Self-Reg
547127519.911227,554298551.5684652,2.6433708230245645,9.717203976934801e-20,2.3344843053825725e-20,0.4901452741569148,627275462.1623124,307456103.373452,1.2190727231114497e-10,0.9999999999999986,0.7499593758640282,1.4999826725187342,2.9999653450374684,Self-Reg
557309656.1537927,564614141.9303662,2.6070683047088465,9.194270890690555e-20,2.2088550160351664e-20,0.49014543004030514,644867439.5377638,316078828.4712277,1.185817185539245e-10,0.9999999999999982,0.7499598943920633,1.4999828315527042,2.9999656631054084,Self-Reg
567681283.6843841,575121707.1841614,2.5712643196149942,8.699479542886503e-20,2.0899864017636343e-20,0.49014558449302637,662952783.0223367,324943379.3257617,1.1534688347605007e-10,0.9999999999999984,0.7499604061591804,1.4999829891268899,2.9999659782537798,Self-Reg
578245928.968114,585824820.0152547,2.5359520221639986,8.231315480788128e-20,1.9775146411062958e-20,0.49014573752820945,681545329.0074114,334056537.94524384,1.1220029235035112e-10,0.9999999999999982,0.749960911254952,1.4999831452546937,2.9999662905093873,Self-Reg
589007184.0982094,596727119.597331,2.5011246607591495,7.788345752208296e-20,1.8710954913761396e-20,0.4901458891588654,700659301.9235771,343425276.5387617,1.0913953795763468e-10,0.9999999999999982,0.7499614097677505,1.4999832999493943,2.9999665998987886,Self-Reg
599968708.0173676,607832312.8297211,2.4667755764962056,7.369214519540338e-20,1.7704032350468965e-20,0.4901460393978855,720309325.1231213,353056762.85046166,1.0616227874515235e-10,0.9999999999999983,0.7499619017847627,1.499983453224149,2.999966906448298,Self-Reg
611134227.7618328,619144175.5977834,2.432898201891289,6.972638909823153e-20,1.6751296828383168e-20,0.4901461882580427,740510432.0677015,362958365.6433001,1.0326623703530437e-10,0.9999999999999986,0.7499623873920079,1.4999836050919941,2.9999672101839883,Self-Reg
622507539.7286223,630666554.0567405,2.3994860596262257,6.597405088135829e-20,1.5849832304493273e-20,0.49014633575199273,761278077.8297665,373137660.3365804,1.004491972832075e-10,0.9999999999999983,0.7499628666743522,1.4999837555658464,2.999967511131693,Self-Reg
634092510.9663508,642403365.9394203,2.36653276131106,6.242364542302741e-20,1.499687966051979e-20,0.49014648189227517,782628150.916561,383602434.801609,9.770900438179016e-11,0.9999999999999983,0.7499633397155244,1.4999839046585035,2.999967809317007,Self-Reg
645893080.490063,654358601.888323,2.334032006263571,5.906430567538421e-20,1.418982825814775e-20,0.4901466266913146,804576985.4257019,394360695.3198747,9.504356201312578e-11,0.9999999999999984,0.7499638065981321,1.4999840523826458,2.9999681047652915,Self-Reg
657913260.6205486,666536326.8124893,2.301977580305504,5.588574940271469e-20,1.3426207948705331e-20,0.4901467701614212,827141373.5416832,405420672.70833766,9.245083104473564e-11,0.9999999999999986,0.7499642674036758,1.4999841987508373,2.9999683975016747,Self-Reg
670157138.348571,678940681.2696098,2.2703633545753314,5.287824770967595e-20,1.2703681512834227e-20,0.49014691231479257,850338578.3828205,416790828.61648965,8.992882796964112e-11,0.9999999999999983,0.7499647222125649,1.4999843437755267,2.9999686875510534,Self-Reg
682628876.7244806,691575882.8738525,2.2391832843573134,5.003259526318576e-20,1.2020037507011438e-20,0.4901470531635142,874186347.2084779,428479862.0000121,8.747562338896928e-11,0.9999999999999984,0.7499651711041312,1.499984487469048,2.999968974938096,Self-Reg
695332716.2737069,704446227.7299051,2.2084314079265743,4.734008211682283e-20,1.137318349502739e-20,0.49014719271956037,898702924.9967197,440496715.7759998,8.508934053594733e-11,0.9999999999999982,0.7499656141566446,1.4999846298436221,2.9999692596872443,Self-Reg
708272976.4385757,717556091.8936921,2.178101845410059,4.479246705150543e-20,1.0761139643706105e-20,0.49014733099479585,923907068.4027162,452850583.6648176,8.276815384016347e-11,0.999999999999998,0.7499660514473274,1.499984770911358,2.999969541822716,Self-Reg
721454057.0469751,730909932.8602889,2.14818879766308,4.2381952350843484e-20,1.0182032663264683e-20,0.4901474680009763,949818060.1086361,465550917.2238471,8.051028753098974e-11,0.9999999999999987,0.7499664830523675,1.4999849106842529,2.9999698213685058,Self-Reg
734880439.8083396,744512291.0795128,2.1186865451613,4.010115993396202e-20,9.63409007376696e-21,0.4901476037497494,976455723.5759543,478607433.07848173,7.831401427910405e-11,0.9999999999999982,0.7499669090469328,1.499985049174194,2.999970098348388,Self-Reg
748556689.8374722,758367791.499719,2.0895894469079273,3.7943108772741486e-20,9.115634780122576e-21,0.49014773825265606,1003840438.2114797,492030120.3559119,7.617765387506944e-11,0.9999999999999984,0.7499673295051859,1.4999851863929596,2.9999703727859193,Self-Reg
762487457.2067428,772481145.1403416,2.0608919393558556,3.5901193524350254e-20,8.625079939026456e-21,0.4901478715211312,1031993154.9587421,505829248.32740444,7.40995719439573e-11,0.9999999999999986,0.7499677445002964,1.49998532235222,2.99997064470444,Self-Reg
776677478.5271555,786857150.6936843,2.032588535344629,3.3969164313674137e-20,8.16092410212981e-21,0.4901480035665047,1060935412.3266057,520015374.26489216,7.20781786950363e-11,0.9999999999999983,0.7499681541044547,1.4999854570635374,2.9999709141270747,Self-Reg
791131578.558858,801500696.156538,2.0046738230519536,3.21411076037555e-20,7.721746620576241e-21,0.4901481344000026,1090689352.867435,534599351.51791936,7.011192770556544e-11,0.9999999999999989,0.7499685583888858,1.4999855905383688,2.9999711810767375,Self-Reg
805854671.8516054,816416760.4921455,1.9771424649596268,3.041142809569579e-20,7.306203296839027e-21,0.4901482640327476,1121277740.1173513,549592337.817082,6.819931473776634e-11,0.9999999999999982,0.7499689574238614,1.4999857227880653,2.9999714455761306,Self-Reg
820851764.415753,831610415.3230962,1.9499891968336502,2.8774831602617586e-20,6.913022270550767e-21,0.4901483924757607,1152723976.0115767,565005803.8103416,6.633887658806596e-11,0.9999999999999981,0.7499693512787137,1.4999858538238744,2.999971707647749,Self-Reg
836127955.4243644,847086826.6557419,1.9232088267183025,2.7226308845265533e-20,6.541000125732869e-21,0.49014851973996143,1185052118.788221,580851541.8387514,6.452918996772891e-11,0.9999999999999986,0.7499697400218474,1.4999859836569396,2.999971967313879,Self-Reg
851688438.9469779,862851256.6366887,1.8967962339440438,2.576112011965212e-20,6.18899820751151e-21,0.49014864583616924,1218286901.3941386,597141674.9582797,6.276887041402649e-11,0.9999999999999982,0.7499701237207523,1.4999861122983027,2.9999722245966054,Self-Reg
867538505.7156599,878909065.3419963,1.8707463681489953,2.437478078981458e-20,5.855939137045728e-21,0.4901487707751042,1252453750.4070232,613888666.2146716,6.105657123110479e-11,0.9999999999999984,0.7499705024420161,1.4999862397589037,2.9999724795178073,Self-Reg
883683544.9238869,895265712.5996382,1.8450542483139032,2.3063047561285337e-20,5.54080351400247e-21,0.490148894567388,1287578805.4880798,631105328.1783803,5.939098245974918e-11,0.9999999999999987,0.7499708762513361,1.4999863660495822,2.9999727320991645,Self-Reg
900129046.0589578,911926759.8459299,1.8197149618102622,2.182190549325341e-20,5.2426267964839576e-21,0.49014901722354476,1323688939.3803608,648804832.74696,5.7770829875246254e-11,0.9999999999999983,0.7499712452135319,1.4999864911810785,2.999972982362157,Self-Reg
916880600.7684526,928897872.0164517,1.7947236634615777,2.0647555709673278e-20,4.960496348860181e-21,0.4901491387540021,1360811778.4678311,667000721.2223092,5.6194874012588356e-11,0.9999999999999981,0.7499716093925557,1.499986615164034,2.999973230328068,Self-Reg
933943904.7614644,946184819.4721992,1.7700755746174541,1.953640377169955e-20,4.693548648469047e-21,0.49014925916909197,1398975723.9110885,685706914.6705642,5.4661909218265504e-11,0.9999999999999983,0.7499719688515057,1.4999867380089922,2.9999734760179844,Self-Reg
951324759.7452132,963793479.9615796,1.745765982240385,1.848504867586146e-20,4.4409666426356795e-21,0.49014937847905127,1438209973.3758311,704937724.5725365,5.3170762727923414e-11,0.9999999999999982,0.7499723236526374,1.4999868597264003,2.9999737194528007,Self-Reg
969029075.3976618,981729840.6188821,1.721790238005127,1.7490272444304936e-20,4.201977247922116e-21,0.4901494966940231,1478544543.3706098,724707863.7727987,5.1720293769184903e-11,0.9999999999999984,0.7499726738573738,1.4999869803266095,2.999973960653219,Self-Reg
987062871.3769016,1000000000.0,1.6981437574103517,1.6549030275234177e-20,3.975848983951965e-21,0.4901496138240574,1520010292.2111669,745032457.735896,5.030939268894039e-11,0.9999999999999983,0.7499730195263175,1.4999870998198754,2.999974199639751,Self-Reg
