R,R/Rg,Tc,rho,P,cs,H,visc,Sigma,Q,grad_T,grad_Sigma,grad_P
9.870628713769017,10.0,432915.0279644823,6.120396745367739e-07,16.811645198407437,5241.014004255308,16.252986850154937,851.8213169263938,9.947458922368025e-06,54078367861.642334,0.3749993325160911,0.1861862064977429,1.4999975117895903
10.008081241469997,10.139254075588154,430675.74503169867,5.96395128379737e-07,16.466497091992515,5254.52626539552,16.636441610137993,874.1661940318902,9.921878829851213e-06,53241593989.58242,0.37500008620924064,0.1613631368195172,1.500000513733312
10.147447851639194,10.280447320933092,428448.0360133117,5.819490348037848e-07,16.128433640339153,5264.457448457525,17.017254797939273,895.8661377331097,9.903161430082656e-06,52345837565.90863,0.37500003134266535,0.11297566907782652,1.5000002695368266
10.288755198655096,10.423606739764017,426231.85955226154,5.685935904221426e-07,15.797312178344,5270.970922371635,17.395443724957154,916.908780560013,9.89092374978624e-06,51398109997.53844,0.3749994941151158,0.06701490762606,1.4999980976394909
10.432030308069244,10.56875971184804,424027.1432317403,5.562332971991734e-07,15.472988277117713,5274.224438447676,17.771026177135973,937.2838055974394,9.884822487172854e-06,50405056519.58437,0.37499956563777914,0.02330898902701506,1.4999983622760737
10.57730058177502,10.715933998226712,421833.8333033012,5.447835177253468e-07,15.155323189290879,5274.370349119081,18.144020593538386,956.9828423236485,9.884549167209295e-06,49372954933.39367,0.37500047968563877,-0.018297858479002116,1.500001998363473
10.724593803248332,10.865157746525384,419651.8554946509,5.341688462751161e-07,14.844178035676356,5271.555697146183,18.5144458280499,975.9993238436084,9.889826408662806e-06,48307714023.43462,0.37500018563014237,-0.0579630683466803,1.500000803224225
10.873938142861306,11.016459496336564,417481.18044218747,5.243224471279627e-07,14.539423091225945,5265.921270239095,18.882317185763604,994.3279569991378,9.900408607379406e-06,47214847315.26774,0.3749996662293711,-0.09581589262961643,1.4999987077508194
11.025362163269994,11.169868184678231,415321.72313347925,5.151840525392529e-07,14.24092345081283,5257.603979549565,19.24765414524177,1011.9654303101681,9.916070604087258e-06,46099540654.07706,0.3749995506750565,-0.13197284145485355,1.4999982285891065
11.178894824877068,11.325413151528116,413173.44727771124,5.06700038585898e-07,13.948553669161644,5246.7348868119125,19.610472830116827,1028.909519446511,9.936613061506846e-06,44966602027.72586,0.3749998123202545,-0.166544386535179,1.4999992590411466
11.334565491370613,11.483124145435111,411036.26911468466,4.988218277094401e-07,13.66218440334976,5233.441172702026,19.970792563866244,1045.1596805522904,9.961853336272002e-06,43820519623.34433,0.37499982966261314,-0.19963368002512993,1.4999993130003304
11.49240393534003,11.643031329208767,408910.1598238351,4.915061209328547e-07,13.381696261615568,5217.844336433648,20.328628606455077,1060.7161964165466,9.991630857714607e-06,42665422333.19526,0.3749999436585085,-0.23133431236342972,1.499999754206101
11.652440343970168,11.80516528568805,406795.03262987983,4.847133939687979e-07,13.10696464028264,5200.062381328373,20.683999828876797,1075.5808940554473,1.0025797627786117e-05,41505143655.6567,0.37500062616715013,-0.26172965947745297,1.5000024700194672
11.814705324814735,11.969557023590434,404690.8537448716,4.784082973245419e-07,12.837874338028596,5180.208122612095,21.036921650061934,1089.7563240640507,1.0064223677338401e-05,40343188641.486145,0.3749998899742195,-0.290900489186356,1.4999995115125557
11.97922991165008,12.136237983442406,402597.5595158188,4.725585477271033e-07,12.574308629055729,5158.390859551367,21.387412027953214,1103.2463071445284,1.0106789819912473e-05,39182784519.00458,0.37499953140473963,-0.31891925106310737,1.499998063924977
12.146045570410557,12.305240043592615,400515.09635846555,4.6713500686371794e-07,12.316154423318263,5134.715145881555,21.735485961478755,1116.055289695009,1.0153391733938859e-05,38026861958.534546,0.37500077243521446,-0.3458437761896107,1.5000030151085184
12.315184205206469,12.476595526308698,398443.387875503,4.621108406428389e-07,12.063298140811805,5109.282925750829,22.081163846305607,1128.1891342063575,1.0203931014711296e-05,36878114154.19911,0.37500136809887863,-0.371741234631628,1.5000053851443909
12.486678164425848,12.650337203959031,396382.4059219452,4.5746212000137593e-07,11.815634354175039,5082.190643333106,22.424458740263294,1139.653743915754,1.025832614245739e-05,35738943229.92566,0.3749999378857183,-0.39668234671731284,1.4999996519419483
12.660560246921237,12.826498305280605,394332.089834708,4.531667522438805e-07,11.573055812748565,5053.531814897608,22.76538661579685,1150.4560554137354,1.0316502005627444e-05,34611528992.34547,0.37499916109396736,-0.42070163413646355,1.4999965326580877
12.836863708282554,13.005112521734093,392292.3823446542,4.4920446872275355e-07,11.335457852841769,5023.39696939801,23.103965864751974,1160.6039210607014,1.0378389735109922e-05,33497836809.127903,0.3749999103814048,-0.4438473476178899,1.4999995178848167
13.015622267197344,13.186214013947485,390263.21410630917,4.4555675462464673e-07,11.10273656326895,4991.872700316686,23.440212564393384,1170.1055718981552,1.0443930343784941e-05,32399608680.044216,0.3750001698941219,-0.46617664303806805,1.5000005441693247
13.19687011189966,13.369837418249466,388244.55034466065,4.4220685528958687e-07,10.874794075825188,4959.0419885613,23.774141242055958,1178.9696466134237,1.0513073361185783e-05,31318381587.042225,0.37500042039067694,-0.48772356899200986,1.5000015345127622
13.380641906708604,13.556017853293682,386236.31721167115,4.3913908069623265e-07,10.651530098200292,4924.98548935029,24.105770486244488,1187.2056985436259,1.0585771322708554e-05,30255522612.690372,0.37500072008788266,-0.5085297562856397,1.500002721754413
13.566972798658085,13.744790926775373,384238.4796707227,4.363393669003129e-07,10.432850671240326,4889.7797428403,24.43511391714048,1194.823250460286,1.0661987290951287e-05,29212204971.64404,0.37499964791248885,-0.5286416756740095,1.499998421567966
13.755898424218762,13.936192742241428,382250.9796680572,4.3379462964635266e-07,10.218661188151295,4853.498663126467,24.762186736490424,1201.8324022164422,1.0741688601380073e-05,28189446587.773605,0.37499933377904426,-0.548081871612851,1.4999971535897885
13.947454916113665,14.130259905995336,380273.75990108104,4.3149275353442886e-07,10.008869053739325,4816.213718472877,25.087006333110107,1208.2438405694083,1.0824845999290001e-05,27188121909.43256,0.37500022228982743,-0.5668788141068717,1.5000006962046655
14.141678910228752,14.32702953409831,378306.7583876149,4.294225891066946e-07,9.803383076989617,4777.993379956362,25.409589078790173,1214.0684840587096,1.0911436089806784e-05,26208961094.069515,0.37500045938747917,-0.5850760905981645,1.5000016331564439
14.33860755261959,14.526539259467812,376349.937911388,4.275740918719821e-07,9.602116476101612,4738.902722992005,25.729947552354687,1219.3171851829509,1.1001443369943785e-05,25252553102.115356,0.37500067338942245,-0.6026975991217114,1.5000024776926466
14.538278506615718,14.728827239075025,374403.2305172728,4.259376933283025e-07,9.40498106837504,4699.005198929847,26.04809946644058,1224.0015481504606,1.1094852274409606e-05,24319383379.455654,0.37500027745625175,-0.6197674265595481,1.500000882436666
14.740729960023906,14.933932161242524,372466.6054146762,4.2450486687610724e-07,9.211894195041191,4658.360919887087,26.364058023956073,1228.1329758843253,1.119165519183042e-05,23409813892.07339,0.3749988724289892,-0.6363165720014194,1.4999952507286025
14.94600063243167,15.141893253043518,370539.99934282206,4.2326752777597835e-07,9.022771616970035,4617.027981213383,26.677838594346742,1231.723272683932,1.129184651576457e-05,22524112088.363457,0.37499988648266935,-0.6523565553342792,1.4999992952554067
15.154129782612596,15.352750287804229,368623.34671624575,4.222181262418056e-07,8.83753062120105,4575.062472819156,26.98945853989082,1234.7845892756295,1.1395422612125752e-05,21662457482.76917,0.37500018887976694,-0.6679181683735749,1.5000004930429895
15.365157216034655,15.56654359271062,366716.6170655629,4.213500014530429e-07,8.65609353766881,4532.517300982114,27.298929855934134,1237.328718703186,1.1502387847739466e-05,20824931653.178646,0.37499995708060396,-0.6830192934948514,1.499999553917064
15.579123292473202,15.783314056521172,364819.74357854726,4.206566426654826e-07,8.478380805106182,4489.444259834835,27.606270869901287,1239.3681429232397,1.161274453057059e-05,20011554425.955624,0.37500060908502064,-0.6976816178982688,1.5000021498576643
15.796068933729924,16.003103137387008,362932.6817821017,4.2013234283495697e-07,8.30431657589014,4445.891815163505,27.911492543667563,1240.9147624888883,1.172650430712558e-05,19222259094.38767,0.375000195226562,-0.7119281824756172,1.5000004821818038
16.01603563145925,16.225952870780873,361055.385161233,4.1977165491885734e-07,8.13382632682294,4401.907303341818,28.21461132477652,1241.9810365148453,1.184367719435331e-05,18456928316.534245,0.3750007005895668,-0.7257649127792547,1.500002491212058
16.239065455103827,16.451905877536625,359187.78981490474,4.1956949548255754e-07,7.966835483166517,4357.535879192027,28.515642402351023,1242.5793488645413,1.1964277134670495e-05,17715384917.860886,0.37500024369347784,-0.7392219648789364,1.5000006510068715
16.465201059940423,16.68100537200059,357329.8684453069,4.195214507181349e-07,7.803274224972805,4312.820158306012,28.814596731891108,1242.721736387585,1.208832437059276e-05,16997393170.179485,0.3749993021764908,-0.752308655236618,1.4999968721023151
16.694485695237926,16.91329517029648,355481.55296657525,4.196230720010533e-07,7.643070552550337,4267.80192374993,29.11149179005807,1242.4208066484014,1.2215836316882902e-05,16302684263.802343,0.37500076614009004,-0.7650273283196043,1.5000027148952313
16.926963212528925,17.1488196987054,353642.7880200571,4.1987034492439055e-07,7.486155064977417,4222.520905203058,29.406343335819198,1241.688994810752,1.2346834378861601e-05,15630945342.186558,0.3750009392457514,-0.7774120604678956,1.5000033940058302
17.162678073996457,17.387624002162504,351813.54255624255,4.202598559456144e-07,7.332461810852933,4177.014195588142,29.699160638173833,1240.5381558270467,1.2481347876074778e-05,14981817862.297905,0.37499918627383977,-0.789473656370518,1.4999963685428384
17.401675360977602,17.62975375287206,349993.7677407756,4.2078817884552815e-07,7.181924648345036,4131.318300096848,29.989960238181705,1238.9807155117692,1.2619402413917371e-05,14354924338.605537,0.3750002663589953,-0.8012081181194617,1.5000006750332204
17.64400078258541,17.875255259042355,348183.38672320824,4.214520335738813e-07,7.034476508001906,4085.468016726806,30.278758015514757,1237.0289745859595,1.2761026466813086e-05,13749858761.55399,0.37500125641855675,-0.8126424195056359,1.5000046211259814
17.889700684450958,18.124175473742365,346382.379602342,4.222488160233955e-07,6.89005630171673,4039.4958391103064,30.56556417374305,1234.6946929989408,1.2906255549632496e-05,13166184226.163324,0.37499999636224857,-0.8237883807221067,1.499999566441943
18.13882205758716,18.376562003881716,344590.6908941433,4.231758306943527e-07,6.748601293179735,3993.43350826143,30.850394213932354,1231.9899799699201,1.3055122922275077e-05,12603451831.95501,0.3749999018201038,-0.8346496582272778,1.4999991734899822
18.39141254737588,18.6324631193156,342808.2681834868,4.242306795640542e-07,6.6100502745756815,3947.311001174298,31.13326112302564,1228.926641333512,1.3207666121534363e-05,12061193020.868088,0.3749995948429614,-0.8452413843856448,1.4999979304540147
18.647520462680394,18.891927762076662,341035.06972891686,4.254112087439366e-07,6.474344099851027,3901.1569636613444,31.414178186893498,1225.5163999149788,1.3363924548899047e-05,11538926449.41976,0.374999389879747,-0.8555686699297098,1.4999970951156456
18.90719478508457,19.15500555573528,339271.04067439947,4.267153456478744e-07,6.341423818730513,3854.9989055155875,31.69316023281293,1221.7709800982398,1.3523938369036505e-05,11036161893.426264,0.3750005607001299,-0.8656387981160094,1.5000017625370674
19.17048517826077,19.421746814890255,337516.12783331645,4.2814122362958817e-07,6.211231818188227,3808.8629504038795,31.97022130131623,1217.701914307963,1.3687750447824777e-05,10552399997.537888,0.3750008569074339,-0.8754685481152364,1.5000029311119079
19.437441997468277,19.692202554791724,335770.29801446083,4.2968731950291363e-07,6.083713116723472,3762.7736531169576,32.245372604756845,1213.320384721184,1.3855408085761272e-05,10087132865.483381,0.3750002871701099,-0.8850688210355884,1.5000006354950983
19.70811629918385,19.966424501097933,334033.49837300985,4.3135212621244687e-07,5.958812399664937,3716.754576558176,32.51862689405308,1208.6375533185958,1.4026959270532062e-05,9639850716.074476,0.37500014238230506,-0.8944395517017938,1.5000000392500397
19.982559850866515,20.24446509976804,332305.684071081,4.331342757417341e-07,5.836476050953429,3670.8283538583005,32.78999880646062,1203.6645734173549,1.4202452331261508e-05,9210043634.880686,0.3749999379458018,-0.9035889511919777,1.499999203964876
20.26082514085825,20.52637752709252,330586.8073011309,4.3503258534973774e-07,5.716651327731032,3625.016252688109,33.05950071881089,1198.412274114437,1.438193949322926e-05,8797199528.241762,0.375001134771594,-0.9125241619939288,1.5000039732667574
20.542965388422584,20.812215699863383,328876.81039069,4.370458934397947e-07,5.5992858856494365,3579.3387249105695,33.32714725319716,1192.8914875416551,1.4565472966321649e-05,8400809567.3831415,0.3750006464078979,-0.9212606108342811,1.5000020013242192
20.82903455392301,21.102034285685956,327175.6741535259,4.391735339181091e-07,5.484331051634678,3533.8145215588333,33.592946738149024,1187.1124300522345,1.4753112386739139e-05,8020362979.952899,0.37499933109364747,-0.929802044411133,1.4999967210771956
21.11908734914302,21.395888713434214,325483.3335484925,4.414145211449384e-07,5.371736034603347,3488.4622182956487,33.85691498744396,1181.0856876174594,1.4944912780746298e-05,7655358850.263373,0.3750005784629593,-0.9381418124688139,1.500001691047828
21.413179247750058,21.693835183851842,323799.73911503336,4.4376810681570466e-07,5.26145213652306,3443.29925524099,34.11906623550894,1174.8215535824595,1.5140932437447133e-05,7305299952.143005,0.37500046353562766,-0.9463010630042277,1.5000012112878949
21.711366495904944,21.99593068030075,322124.86181002157,4.462339080712499e-07,5.153432961111238,3398.341596658019,34.379409164972,1168.3297623385029,1.5341236482303494e-05,6969691628.243017,0.37500012372845504,-0.954282962812556,1.4999998314465302
22.01370612301922,22.302232979659376,320458.6424125584,4.4881130719552865e-07,5.047631105441034,3353.6050045736392,34.63795912662989,1161.6203307528315,1.5545886046464244e-05,6648050603.709184,0.3750006057381938,-0.962087038280913,1.5000017382920987
22.320255952662247,22.612800663372784,318801.04291898047,4.515000055230858e-07,4.944001478567605,3309.103995615123,34.89472751374014,1154.7028224161847,1.575494769212269e-05,6339898847.51562,0.37499992940473703,-0.9697268858798793,1.4999990111584793
22.631074613620132,22.927693128656486,317152.02220211993,4.542997856874954e-07,4.842499692777427,3264.852270839782,35.149725624846646,1147.5866152567583,1.596849001035992e-05,6044766834.416597,0.3749997624365733,-0.9772031235733607,1.4999983208596177
22.94622155110875,23.24697059985648,315511.5279389579,4.5721040301410795e-07,4.743081575900727,3220.8629474987583,35.40296687295314,1140.2810423262072,1.618658161129545e-05,5762195175.14743,0.375000859324814,-0.9845156022921628,1.5000026853409736
23.26575703814281,23.570694139967276,313879.5129460337,4.602317224068851e-07,4.645704173237199,3177.1484015926117,35.65446491611505,1132.7952621787479,1.6409292790441863e-05,5491733931.710603,0.37500087035283514,-0.9916785900389868,1.5000027057058105
23.58974218706333,23.898925662310504,312255.94590413605,4.633639166490172e-07,4.550326330762629,3133.719833108285,35.904228372247275,1125.137925425605,1.6636700425520567e-05,5232940686.68312,0.37500042608093054,-0.9986957321944487,1.5000009041739304
23.91823896122555,24.231727942375993,310640.77455264464,4.666069800179078e-07,4.456906494115682,3090.58822598169,36.15227119337683,1117.3178369274744,1.68688784661998e-05,4985385771.131313,0.37500044410074906,-1.0055669868620498,1.5000009510872587
24.251310186849743,24.569164629827903,309033.95999171946,4.6996115026494306e-07,4.365404724742705,3047.7636009459434,36.39860400105434,1109.3434039965878,1.7105905919641464e-05,4748648493.761712,0.3750003614027264,-1.0122972948557276,1.5000005943834367
24.58901956503687,24.911300260677884,307435.4553490221,4.7342661970623997e-07,4.275781437381484,3005.255578104869,36.64324027626952,1101.2230224009597,1.7347861115087404e-05,4522320009.077774,0.37500022265788857,-1.018891844975201,1.5000000127180328
24.931431683951693,25.258200269627846,305845.2217349148,4.770037959446012e-07,4.187998292907545,2963.072858666434,36.886189905503954,1092.9646816861455,1.7594827777657063e-05,4306000903.051127,0.37500050950211516,-1.0253528632403572,1.5000011326105778
25.278612031175484,25.609931002584595,304263.20870018547,4.806929746123761e-07,4.102017094644293,2921.223902241689,37.12746710135298,1084.5764432616427,1.784688756018926e-05,4099304273.9803066,0.37500069935020974,-1.0316872405387016,1.5000018636887944
25.63062700623076,25.96655972934871,302689.38218722923,4.844947813703953e-07,4.01780130581066,2879.716110405736,37.36707997069245,1076.0658219042255,1.8104130010517168e-05,3901852111.006417,0.375000530104046,-1.0378982408955153,1.5000011575315284
25.987543933280502,26.328154656480212,301123.6944375274,4.884096642483482e-07,3.93531439330553,2838.5568237061743,37.60504277648487,1067.4405077895372,1.8366640847941953e-05,3713279485.526584,0.3750002342442258,-1.0439866315667246,1.4999999440334477
26.34943107400404,26.694784940343208,299566.1097721129,4.924383431125247e-07,3.854521196298535,2797.7524738156258,37.84136483943138,1058.7077209207876,1.863451267581991e-05,3533230892.8336782,0.3750002013476319,-1.0499576064117377,1.499999781471388
26.716357640652458,27.06652070033241,298016.57769791025,4.965814053671874e-07,3.7753865004125147,2757.3092811817087,38.0760593543923,1049.874718486915,1.8907836447555232e-05,3361362935.6190076,0.37500095864572813,-1.0558112846326253,1.5000027787401677
27.088393809285616,27.443433032283654,296475.05861458345,5.008396345596401e-07,3.697876364953533,2717.23280036597,38.30913711238601,1040.9484391549256,1.9186707620050845e-05,3197342372.6974425,0.37500060823902004,-1.0615574319248253,1.5000013442054296
27.465610733193593,27.825594022071243,294941.5181331144,5.052139452335918e-07,3.6219577870731143,2677.5280384155462,38.540607664963176,1031.9355764051202,1.9471225104506182e-05,3040846466.551773,0.37500058757746046,-1.0671940276478153,1.5000012276365169
27.848080556505085,28.21307675939472,293415.90525544016,5.097051021525894e-07,3.5475976134884246,2638.199821288569,38.77048430599877,1022.8428476735722,1.976148627249351e-05,2891564044.70506,0.3750007352401781,-1.0727245396020066,1.5000017833153834
28.235876427985126,28.60595535175742,291898.18729237065,5.143141653922984e-07,3.474764252766817,2599.2522555787345,38.99877612343937,1013.6765680365986,2.00575949922437e-05,2749193428.3293424,0.3750005589756711,-1.078153490653449,1.5000010421973684
28.629072515025165,29.004304938639915,290388.31774681265,5.19042075720166e-07,3.4034260882969583,2560.689255851578,39.22549535910969,1004.443045215281,2.0359654212701945e-05,2613443995.297532,0.37500073000114753,-1.083481233191094,1.5000016891182213
29.02774401782777,29.40820170587064,288886.2588632349,5.238899471847885e-07,3.33355255736436,2522.5142068322157,39.45065220094755,995.1483064568682,2.0667771303628856e-05,2484034828.975529,0.37500027176258754,-1.0887144494432732,1.4999998178176384
29.431967183788966,29.817722900196717,287391.97243001417,5.288589573616e-07,3.265113688972137,2484.7301032211208,39.674256534560755,985.7981953434037,2.098205633498094e-05,2360694950.767715,0.3750003822004828,-1.0938508108969245,1.5000002200245035
29.84181932208091,30.23294684405778,285905.41153042886,5.339502020784882e-07,3.1980797245169232,2447.3397572069407,39.89632104134921,976.3985265078574,2.130261881986246e-05,2243163647.89278,0.37500082269400536,-1.0988922673157617,1.5000019412135543
30.257378818437402,30.65395295056527,284426.54029441584,5.391649849590167e-07,3.1324220062983,2410.345467664968,40.11685573743949,966.9548140370662,2.1629573495470547e-05,2131189253.4009397,0.3750009330258308,-1.103845450170354,1.5000023404708145
30.67872515014561,31.08082173869064,282955.3174965513,5.445046214711897e-07,3.068112216178799,2373.749219002679,40.33587081594452,957.4724184714127,2.196303740224479e-05,2024529479.1720533,0.37500091233522426,-1.1087125975579966,1.500002214308438
31.105938901246265,31.513634848664797,281491.7060460871,5.499705230986641e-07,3.005122787781342,2337.552665061298,40.55337614422454,947.9565248316533,2.2303130466963252e-05,1922951105.3565862,0.3750007095216574,-1.1134934384769508,1.500001358282816
31.53910177794571,31.952475057592117,280035.66552287247,5.555640891255225e-07,2.943426567706911,2301.7572506691567,40.7693831432691,938.4122325532855,2.264997347318968e-05,1826230010.831907,0.3750005721657317,-1.1181912185078318,1.5000007626671277
31.97829662424256,32.397426295281974,278587.15728930855,5.612868508743899e-07,2.8829970272441634,2266.3640007454524,40.98390090204942,928.8443761452388,2.3003692376691767e-05,1734150382.8459673,0.37500073381926313,-1.1228071702728357,1.5000013616228216
32.423607437771814,32.84857366030044,277146.1395599768,5.671402961219458e-07,2.8238080448937546,2231.373817146931,41.19694117539432,919.2577588531719,2.3364412812434337e-05,1646505163.5377295,0.3750008956706097,-1.1273423287146898,1.5000019598530798
32.87511938586982,33.30600343624589,275712.5764103038,5.731260764633943e-07,2.7658342672960186,2196.787213889598,41.40851344778333,909.6569288826589,2.3732265639814557e-05,1563095156.9579222,0.37500081869859514,-1.131801450487842,1.5000016012205606
33.33291882186277,33.76980310825091,274286.4282992612,5.792458546322669e-07,2.7090507060878086,2162.604487015356,41.618627731247315,900.0463107501716,2.4107383880976792e-05,1483729164.4658747,0.37500095345075124,-1.1361848231010185,1.5000020878627538
33.797093301582095,34.24006137971424,272867.65624439577,5.855013459332953e-07,2.653432901516533,2128.8257075330675,41.82729426214385,890.4301930180221,2.4489903090769733e-05,1408223695.3411531,0.3750008742901514,-1.1404937179671037,1.5000017171784066
34.26773160010993,34.71686818926561,271456.2243332534,5.918943480482067e-07,2.598957006970774,2095.4507173255834,42.0345232235931,880.8127184131703,2.4879961718575633e-05,1336402694.2252371,0.3750008060303571,-1.1447317908392165,1.500001388361909
34.74492372875754,35.20031472796679,270052.0922814208,5.984267094834454e-07,2.545599489571783,2062.4790844173713,42.240323607008406,871.1978395847618,2.52777025224657e-05,1268097202.8942006,0.3750010908859167,-1.1488981777144431,1.5000024702167707
35.228760952280446,35.69049345675229,268655.2220054363,6.051002801362251e-07,2.493337377635225,2029.9102979579015,42.444706950920356,861.5894773347856,2.568326817337684e-05,1203145473.315693,0.3750009626104429,-1.152997210687431,1.5000018976925276
35.719335806333035,36.18749812411281,267265.57934157434,6.11917121941764e-07,2.442148307694919,1997.7434460575157,42.64768052549295,851.9912425935829,2.6096809476399267e-05,1141392124.777326,0.3750009634564435,-1.1570285635360165,1.5000018397397525
36.216742115166404,36.69142378402494,265883.1225640601,6.188791333614148e-07,2.392010091143138,1965.9776838905086,42.84925687465051,842.4068278685485,2.6518473904852246e-05,1082688738.1472828,0.3750010233116541,-1.1609933484236308,1.5000020158437337
36.72107500957259,37.20236681413068,264507.8183894349,6.259884940149569e-07,2.342901293671437,1934.6117480326625,43.04944337071582,832.8395889125364,2.694841836403534e-05,1026892764.5167743,0.3750009157153613,-1.164895887861121,1.5000015200926669
37.2324309450787,37.720424934169976,263139.6271773661,6.332472835491982e-07,2.2948006868380766,1903.644366127614,43.24825076818811,823.2928891973554,2.7386798780306136e-05,973867991.740095,0.3750011087577718,-1.1687339461085458,1.5000022247809284
37.75090772039436,38.24569722466999,261778.51257970172,6.406577070611727e-07,2.2476875883704133,1873.074046153501,43.44568848504735,813.769915186122,2.7833775960194332e-05,923483956.8304616,0.37500126819327306,-1.1725114661114162,1.5000027928529676
38.276604496116086,38.778284145894574,260424.43780654226,6.482220313948321e-07,2.2015417185859985,1842.8991344564492,43.641765639736754,804.2737212362207,2.8289514401740313e-05,875615821.873595,0.3750012273952166,-1.1762297053341513,1.500002557726134
38.809621813692075,39.3182875570577,259077.3680749299,6.559425944424584e-07,2.1563432749117797,1813.1178466412568,43.83649157840711,794.807252149491,2.8754181685868162e-05,830144200.5516521,0.37500119612252547,-1.179888906898782,1.5000023583622237
39.35006161465122,39.86581073580441,257737.26545691557,6.638217519309826e-07,2.1120727498120004,1783.7282767306613,44.0298759409748,785.3733473685979,2.9227948432884637e-05,786954954.0154911,0.3750012756694332,-1.1834910346232732,1.500002599857055
39.89802726009971,40.42095839796306,256404.09481116873,6.718619711267339e-07,2.0687111224429704,1754.728358449488,44.221927534278734,775.9747030969713,2.9710989855736127e-05,745938930.9873011,0.3750011379659668,-1.1870377913421066,1.5000019698487108
40.45362355048932,40.983836717572615,255077.82092788,6.800657656429134e-07,2.0262397531575336,1726.1159246355346,44.412655593154604,766.6139207469762,3.0203484176176188e-05,706991847.1149001,0.3750012165917269,-1.190528520414773,1.5000022025724888
41.01695674566077,41.55455334718875,253758.40596136384,6.884356625223259e-07,1.984640295882286,1697.8887182904712,44.60206994198522,757.2935136689923,3.070561243360655e-05,670014097.6689534,0.37500148284578927,-1.1939648419596551,1.5000031831376077
41.5881345851664,42.13321743847289,252445.8152891562,6.969743130037394e-07,1.9438948776097629,1670.0443382277538,44.790179426188004,748.0158555891051,3.1217560688196964e-05,634910500.5725242,0.3750014203982346,-1.1973504060288178,1.5000028461281545
42.16726630887568,42.71993966306779,251140.01506289947,7.056844608040022e-07,1.9039860090654666,1642.5802595830398,44.97699219897024,738.7831952144891,3.1739519767807586e-05,601590143.0466474,0.3750015509576201,-1.2006841480792332,1.5000032782896255
42.75446267786786,43.31483223376399,249840.96737664824,7.145688067130451e-07,1.8648964316114216,1615.4939354903127,45.16251832622635,729.5977446748876,3.227168167782478e-05,569966315.4084905,0.375001607888521,-1.2039677316519715,1.500003412980675
43.34983599561532,43.91800892596086,248548.64058503415,7.236302604936446e-07,1.8266094230787202,1588.7826443783927,45.34676546945183,720.4615395656247,3.281424575075663e-05,539956168.2330272,0.3750014857294559,-1.2072025710035632,1.500002828254594
43.95350012946208,44.529585099426555,247262.99788656094,7.328716720727495e-07,1.7891084461333486,1562.4436575457732,45.52974335216805,711.3765873028179,3.336741239143134e-05,511480726.7090592,0.37500165130842333,-1.2103880520065218,1.5000033913220818
44.565570532401274,45.14967772036102,245984.00476724782,7.422960185393852e-07,1.752377365480929,1536.4741285959092,45.71146053540331,702.3447649298009,3.3931387749500786e-05,484464610.4027375,0.37500162560098715,-1.2135268393107026,1.5000031859755154
45.186164265156066,45.778405383766184,244711.62807800548,7.519063595165223e-07,1.7164004102843233,1510.8711408398124,45.89192557810451,693.3678595352652,3.450638215983454e-05,458835928.0385733,0.37500167915078464,-1.2166193074306193,1.5000032942787698
45.81540001856792,46.41588833612777,243445.831819128,7.617057781919943e-07,1.6811620483794756,1485.6317204032366,46.07114729379117,684.4475781502589,3.509260983125155e-05,434526138.1504565,0.3750018469758629,-1.2196666290677172,1.5000038561886981
46.453398136296634,47.06224849841281,242186.5829572968,7.716974785375272e-07,1.6466471443807775,1460.7528154918184,46.24913397391697,675.5855266645754,3.569029010083868e-05,411469884.76810163,0.37500180844585884,-1.222670129826156,1.5000035890633399
47.10028063783648,47.717609489387456,240933.84801276977,7.818847236526149e-07,1.6128408558232619,1436.2313230949055,46.425894051149626,666.7832323894653,3.629964653161597e-05,389604881.7505575,0.3750018360719878,-1.2256292035347087,1.5000035828280716
47.75617124185293,48.38209664925957,239687.59246505416,7.922708090215102e-07,1.579728612479709,1412.064109729015,46.601436658600754,658.0421616742015,3.6920906097106626e-05,368871793.16464514,0.3750019244293412,-1.2285458097024957,1.5000038156527467
48.42119538984428,49.05583706365048,238447.78322247235,8.028591703429013e-07,1.5472961767235234,1388.247947551533,46.77576941256353,649.363658821351,3.755430275393233e-05,349214051.93815804,0.3750020659744564,-1.2314206358321371,1.5000042572326606
49.09548027013287,49.738959587900624,237214.38617642148,8.136532502649116e-07,1.51552957235159,1364.7796109207516,46.948901436781426,640.7490343604727,3.820007276940572e-05,330577811.66541094,0.3750021734840061,-1.2342544515523741,1.5000045585380235
49.77915484219024,50.431594871713585,235987.3691513628,8.246566452732561e-07,1.4844151552004876,1341.6557872832097,47.12084026161773,632.199480386471,3.885845976312667e-05,312911757.4743765,0.3750021155750005,-1.2370488731399973,1.5000041938930622
50.47234986130112,51.13387538414326,234766.69924023538,8.358729839041987e-07,1.4539395378112665,1318.8731565486098,47.291594370170664,623.7161434520345,3.952971071791856e-05,296167050.15072215,0.37500217067849917,-1.2398033445968508,1.5000042768798494
51.175197903570854,51.84593543892913,233552.342784181,8.473059660007457e-07,1.4240895849821713,1296.4283602623054,47.46117204618668,615.3000945196497,4.021407792047676e-05,280297191.1580021,0.3750022885421913,-1.2425189786325745,1.5000046063368018
51.887833391281085,52.56791122018422,232344.26754998762,8.589593930523565e-07,1.394852462176393,1274.3180071275644,47.62958143457569,606.9523329402853,4.0911818975605345e-05,265257920.0564787,0.37500230790760725,-1.2451972627143277,1.5000045370716748
52.61039261859856,53.29994080844088,231142.44126327458,8.708371611740853e-07,1.366215592959202,1252.5386680627923,47.796830216758714,598.6737805732239,4.1623197485820155e-05,251007109.44324005,0.37500243783188125,-1.247838184934949,1.500004905153105
53.34301377764183,54.04216420705915,229946.83068398552,8.829432009625415e-07,1.3381666324916155,1231.0869138525127,47.9629269106942,590.4653166982015,4.2348480911945725e-05,237504689.66619554,0.3750026103182904,-1.2504421366095357,1.500005438428218
54.08583698491099,54.794723369002874,228757.4043118862,8.952815765865074e-07,1.3106935263027246,1209.9592761842607,48.12787929507488,582.3277399615228,4.3087943395733924e-05,224712530.17239225,0.37500261006186975,-1.2530111044398495,1.5000052754982107
54.83900430808552,55.557762223988775,227574.13060923843,9.078564434404158e-07,1.28378446217705,1189.1522649023652,48.291694917714025,574.2617838737367,4.384186503208374e-05,212594360.34313077,0.37500263412852064,-1.2555450664847285,1.5000052044517247
55.602659793195215,56.331426706013545,226396.97714988195,9.206720051485927e-07,1.257427846573147,1168.6623907656005,48.45438190593141,566.2681380125526,4.4610530514259416e-05,201115694.90902072,0.37500272373608823,-1.258044160713382,1.500005389974035
56.376949492169615,57.11586478126432,225225.91246710252,9.337325783428831e-07,1.2316123419100744,1148.4861446959872,48.6159480434172,558.3474273912464,4.5394230893168543e-05,190243738.9483252,0.3750028417537692,-1.2605093352984227,1.5000056833507074
57.1620214907708,57.91122647641758,224060.9047057565,9.47042558746469e-07,1.2063268313032534,1128.6200097414203,48.77640114567946,550.5002233618816,4.6193263022283095e-05,179947314.76747432,0.3750029704809208,-1.262941456750582,1.5000060135783428
57.95802593691554,58.71766390733256,222901.92283563616,9.606064558129583e-07,1.1815604404572957,1109.060455714868,48.935748725326974,542.7270378205941,4.700793031053717e-05,170196783.04044846,0.37500300945941945,-1.2653414821150477,1.500005978618276
58.76511506939148,59.535331308143704,221748.9359473963,9.744288732823406e-07,1.1573025172010105,1089.8039479204142,49.09399825423411,535.0283311666225,4.783854236945042e-05,160963974.23065495,0.37500313168527555,-1.2677090219332285,1.500006270244512
59.5834432469734,60.36438506075867,220601.9122668644,9.885144674669788e-07,1.133542606740702,1070.846963258691,49.25115780460998,527.4045277204116,4.86854138714478e-05,152222125.56413904,0.37500324217586467,-1.2700451701923612,1.5000065083050913
60.413166977945046,61.20498372476699,219460.8217880381,1.0028680610874786e-06,1.110270502108271,1052.185955618424,49.40723439401928,519.8559813533464,4.95488679056643e-05,143945798.8493585,0.3750033158074757,-1.2723507625787533,1.500006592075124
61.25444495003166,62.057288067765,218325.63321515592,1.017494518382273e-06,1.0874761763026,1033.8173981486211,49.562235808393744,512.3830166986204,5.0429232544013554e-05,136110835.07644093,0.3750034483624063,-1.27462582538368,1.50000690445097
62.107438060749885,62.92146109610345,217196.3162729222,1.0323988397096779e-06,1.0651498255845468,1015.7377571427263,49.716169318349436,504.98590317148273,5.132684350697042e-05,128694282.00952221,0.37500353768359673,-1.2768713448011795,1.500007036558145
62.972309448179686,63.797668086062814,216072.8406044792,1.0475861185912965e-06,1.0432818426537778,997.9435073295808,49.8690423023118,497.6648698233627,5.2242043064229685e-05,121674342.15865447,0.37500371146904854,-1.279087396956811,1.5000074989379186
63.84922452216544,64.68607661546328,214955.1754836396,1.0630615375169005e-06,1.0218628074270437,980.4311331032512,50.02086223823693,490.4201064303627,5.317518016896571e-05,115030317.17587504,0.375003869030877,-1.2812749397471634,1.500007888574146
64.73835099595087,65.58685659571432,213843.2914700663,1.0788304280182006e-06,1.0008835147653683,963.19711822315,50.17163609707796,483.25175305246063,5.412661188610997e-05,108742550.88599949,0.37500394262451664,-1.2834344237059554,1.500007934219468
65.63985891825509,66.50018030431119,212737.15855165565,1.0948981965773505e-06,0.9803349346258747,946.2379661400768,50.3213712920404,476.15992024759964,5.509670153242178e-05,102792385.61313961,0.3750040329577473,-1.2855659822379266,1.5000080384251646
66.55392070579492,67.42622241778342,211636.746994609,1.1112703743566288e-06,0.9602082246815407,929.5501869208622,50.470074941007866,469.1446759532378,5.608582038635118e-05,97162108.86394785,0.3750041898813379,-1.2876703935500586,1.5000084003047505
67.4807111762602,68.36516004510239,210542.02680768928,1.1279525960549452e-06,0.9404947167795409,913.1303042760816,50.617754151498715,462.2060525012991,5.7094347237486214e-05,91834909.37360604,0.3750043317832592,-1.2897481222690317,1.5000086931072474
68.42040758174832,69.31717276155408,209452.96904267994,1.1449506329616476e-06,0.9211859366741303,896.9748554797843,50.764415944979746,455.3440465576387,5.812266870923303e-05,86794832.77429385,0.37500444426098056,-1.291799481598332,1.5000088589150664
69.37318964266439,70.28244264308348,208369.54409938527,1.162270351408543e-06,0.9022735698059341,881.0803957406274,50.910067432674026,448.5586236076246,5.917117901555741e-05,82026740.62450856,0.37500460379391143,-1.2938248384803046,1.5000092033229748
70.33923958209344,71.26115430111746,207291.7228871091,1.1799177494845846e-06,0.883749478643043,865.4434954274111,51.054715596185446,441.84971523615087,6.024028061679972e-05,77516269.25334914,0.37500478950556726,-1.2958247971576498,1.5000096424928415
71.31874216065125,72.25349491787215,206219.47623429238,1.197898944524785e-06,0.8656056887956561,850.060742115229,51.198367333884605,435.21722130930044,6.13303842881797e-05,73249791.96494982,0.3750049595359428,-1.2977997346030747,1.5000100086391512
72.31188471182038,73.2596542821523,205152.77559018185,1.2162201866371802e-06,0.8478343974999947,834.9287434498107,51.34102956785518,428.6610130450891,6.244190903510908e-05,69214383.16230321,0.3750050742768849,-1.299750399054517,1.500010142971007
73.31885717777855,74.27982482564919,204091.59230634358,1.234887862781899e-06,0.8304279579692179,820.0441220227658,51.482708866758806,422.18092791994883,6.357528318406138e-05,65397782.15867162,0.37500525202597146,-1.3016766838799185,1.5000105183125356
74.33985214572566,75.31420165974372,203035.897457382,1.2539084476099461e-06,0.813378873563497,805.4035320996618,51.62341242520607,415.77678706298536,6.473094216055991e-05,61788363.99146678,0.37500544726782437,-1.3035790488304997,1.5000109522201797
75.37506488471692,76.36298261282242,201985.66295018897,1.273288599159355e-06,0.7966798126072987,791.0036381993567,51.763146675533086,409.4483734499361,6.59093320756723e-05,58375102.49804113,0.375005602049157,-1.3054583765889447,1.5000112124811267
76.42469338300874,77.4263682681127,200940.8604813664,1.2930350846644568e-06,0.7803235882006446,776.8411332770348,51.9019183700791,403.19545085864405,6.71109072490509e-05,55147544.50344314,0.375005790548812,-1.307314494417085,1.5000115954065336
77.48893838592464,78.50456200204509,199901.46183396978,1.313154805914913e-06,0.764303160116432,762.9127340002508,52.0397342453619,397.0177592977552,6.833613120682156e-05,52095779.84557353,0.3750060093508978,-1.3091479817159666,1.5000120869061107
78.56800343424858,79.59777002314986,198867.439018267,1.3336548160154613e-06,0.7486116339707967,749.2151784820603,52.176600816120875,390.91501293037214,6.958547741555241e-05,49210413.538355745,0.37500621337642315,-1.3109592608838625,1.500012506225346
79.66209490315283,80.70620141149503,197838.76435764323,1.3545423091110369e-06,0.7332422594417386,735.7452316318177,52.31252468828885,384.8869059403026,7.085942866569596e-05,46482540.82315352,0.37500642363266934,-1.3127485151799192,1.5000129369395268
80.77142204166823,81.8300681586739,196815.41003547382,1.3758246182477952e-06,0.7181884205663889,722.4996835805347,52.447512413098615,378.93311123049915,7.215847764391695e-05,43903721.99371218,0.37500660505486394,-1.3145164122645951,1.5000132383187292
81.89619701270355,82.96958520834907,195797.3488510541,1.3975092501961672e-06,0.7034436440936687,709.4753474677875,52.58157027786831,373.0532784329251,7.348312772294873e-05,41465958.404494174,0.3750068214106932,-1.3162631698293694,1.5000136649463798
83.03663493362248,84.12497049736119,194784.55292872796,1.4196038244103837e-06,0.689001577912795,696.6690673035577,52.714704836083236,367.2470425133645,7.483389171230097e-05,39161671.430887945,0.3750070742134426,-1.317988867360441,1.500014222374375
84.19295391738572,85.29644499741025,193776.99534319178,1.442116144564283e-06,0.6748560118784218,684.0777124295857,52.84692247350222,361.5140183461706,7.621129325320466e-05,36983680.05127178,0.37500728478727297,-1.3196940563375392,1.500014595374921
85.36537511426583,86.48423275731722,192774.64892885782,1.4650541635575103e-06,0.6610008579297464,671.6981792646183,52.97822949518046,355.8538029257581,7.761586680720637e-05,34925180.84682632,0.37500752381851044,-1.3213791079710973,1.5000150661543898
86.55412275414311,87.68856094587427,191777.48665970634,1.4884259952546045e-06,0.6474301530245088,659.5273922661421,53.108632164189785,350.26597678069845,7.904815777027138e-05,32979728.82456892,0.3750077976977195,-1.3230441631142185,1.5000156597152454
87.75942418939027,88.90965989529158,190785.48161899322,1.5122399095815918e-06,0.6341380561786459,647.5623058564782,53.238136827679014,344.75010643634516,8.050872231680268e-05,31141219.3071184,0.3750080619851701,-1.324689633441551,1.5000161977216067
88.98150993835449,90.14776314524917,189798.6072956068,1.53650436375917e-06,0.6211188498709657,635.7999007061462,53.3667495880234,339.3057408907505,8.199812860963402e-05,29403869.89295478,0.3750082988771055,-1.3263159816439156,1.500016608354997
90.22061372944485,91.40310748756232,188816.83714263205,1.5612279760127974e-06,0.6083669316290159,624.2371876623546,53.49447658974691,333.9324162185328,8.351695618796877e-05,27762204.433977198,0.37500861223571746,-1.3279230368745516,1.500017306449763
91.47697254583377,92.67593301146879,187840.14438057397,1.5864195109904524e-06,0.5958768093086475,612.8712099595407,53.621324196328,328.6296583983633,8.506579562570615e-05,26211037.496396404,0.375008910605402,-1.329511508389487,1.500017925536099
92.75082667078102,93.9664831495469,186868.50321520458,1.612087972754542e-06,0.5836431143185775,601.6990338731418,53.7472981590422,323.3969737558739,8.664525138902408e-05,24745458.126294255,0.3750091750422939,-1.331081795247485,1.5000183891730785
94.04241973358869,95.2750047242729,185901.88723942768,1.6382424931801655e-06,0.5716605788287867,590.7177612112305,53.87240467375984,318.23386279948835,8.825593877032163e-05,23360817.23469647,0.3750094943813451,-1.3326336592945722,1.500019052016512
95.3519987561961,96.60174799522646,184940.2704679367,1.6648924043684876e-06,0.5599240467690693,579.9245226439369,53.996649792839754,313.13981355484424,8.989848597500557e-05,22052713.155005023,0.3750098226823866,-1.3341676846350197,1.500019729590747
96.67981420042376,97.94696670695396,183983.62700414736,1.692047233180407e-06,0.5484284673711873,569.3164777418481,54.12003940007606,308.1143020650134,9.157353449261435e-05,20816978.810701784,0.3750101364254874,-1.3356842698890432,1.5000203270749353
98.02612001587515,99.31091813749795,183031.93125053245,1.7197167033043872e-06,0.5371688955154376,558.8908169012512,54.24257936877877,303.1567949424772,9.32817388533719e-05,19649669.72831857,0.37503402078021963,-1.337089269322405,1.5001151854905288
99.39117368850552,100.69386314760271,182085.03879602737,1.7479016057592198e-06,0.5261391127269932,548.6454771419518,54.36434647940153,298.2675281370164,9.50235189769157e-05,18547125.017019823,0.37503439859716536,-1.3385711876461528,1.5001159932777455
100.77523628986695,102.09606623060465,181143.16201433126,1.7766301153057572e-06,0.5153371434404966,538.5762686920879,54.48520515453193,293.44438491050727,9.68000465833425e-05,17505662.179831382,0.37501120675585753,-1.3401306291938226,1.5000224970954719
102.17857252703928,103.51779556301763,180206.15646186133,1.8059036030245334e-06,0.5047569411221153,528.6812007104272,54.605231672337474,288.68759445602427,9.861177467565741e-05,16522013.79405709,0.37501157871065516,-1.3415793912658387,1.5000232320887221
103.60145079325626,104.95932305582276,179273.99678725176,1.835732580424104e-06,0.4943939513134839,518.9575880395838,54.72443190007048,283.9965918569703,0.0001004594125113324,15593015.507810472,0.37501198070049213,-1.3430116516776138,1.5000240612660605
105.0441432192369,106.42092440647247,178346.65794800041,1.866127784215845e-06,0.48424371506601077,509.4027754810325,54.84281157409938,279.37080431029517,0.0001023436841993377,14715673.027118834,0.3750123864411421,-1.3444277887568887,1.5000248785802341
106.50692572523124,107.90287915161836,177424.11498546952,1.8971001667889324e-06,0.47430186446963074,500.0141386278043,54.960376378620104,274.80965253615653,0.00010426532872887834,13887153.25882187,0.3750128004367639,-1.345828173723362,1.5000257011046187
107.99007807379157,109.40547072057424,176506.34309370175,1.928660908908645e-06,0.4645641215434762,490.78908319264923,55.07713186810201,270.31255054426424,0.00010622510057896097,13104775.772560025,0.3750132208522814,-1.3472129610721026,1.5000265205251253
109.4938839232774,110.92898648952227,175593.31758097743,1.9608214060735587e-06,0.4550262959837116,481.7250471675332,55.19308370646238,265.878908518172,0.00010822376912245726,12366004.927892793,0.37501367498452964,-1.3485821723294293,1.500027445020578
111.01863088210665,112.47371783647519,174685.01376574326,1.9935932776400333e-06,0.44568428231660173,472.8194994614124,55.30823752690679,261.50813183564975,0.00011026211945682075,11668442.11392286,0.375014150307436,-1.3499361995508252,1.5000284234407673
112.56461056376166,114.03996019700331,173781.40727363617,2.0269883953011555e-06,0.43653406121595983,464.0699386406063,55.422598787289026,257.1996201852016,0.00011234095331311165,11009818.41460502,0.3750146273823134,-1.3512753242457052,1.5000293769466566
114.13211864256125,115.62801312073753,172882.47377214194,2.0610188600782193e-06,0.4275716950120437,455.47389484194457,55.53617299593041,252.95277019072444,0.00011446108850370948,10387987.884887481,0.3750151196117031,-1.352599656077075,1.500030358028937
115.72145491020999,117.23818032865985,171988.1890746017,2.0956970186850422e-06,0.41879332708257566,447.0289288418298,55.64896561448337,248.76697489798318,0.00011662335963930694,9800920.961710911,0.3750156301318839,-1.3539094155758562,1.5000313780710144
117.33292333313373,118.87076977119033,171098.52908567816,2.1310354651682887e-06,0.4101951796606867,438.73263205646236,55.760982068051746,244.6416242876954,0.00011882861843537195,9246698.285757562,0.3750161657946478,-1.3552048332659865,1.50003246327924
118.96683211061486,120.52609368708427,170213.46983718572,2.1670470492068413e-06,0.40177355257867203,430.58262628350104,55.872227724764976,240.57610550039146,0.00012107773415407668,8723504.82680675,0.3750167125785424,-1.3564860758938266,1.5000335563219096
120.62349373373634,122.20446866314887,169332.98754973753,2.20374487933547e-06,0.39352482225201413,422.5765641126427,55.982707963012594,236.56980380731346,0.00012337159367626358,8229624.355128499,0.37501727184127276,-1.3577533323286843,1.5000346613425677
122.3032250451467,123.90621569479158,168457.05849674894,2.24114232801755e-06,0.38544543883366006,414.71212812365377,56.09242808482417,232.62210222680437,0.0001257111022408492,7763434.126921467,0.37501787137961173,-1.359006802162014,1.5000358881923717
124.00634729965799,125.63166024741214,167585.6590160648,2.27925303132277e-06,0.3775319248474449,406.9870313338666,56.201393392092996,228.73238253474713,0.00012809718348825102,7323399.921469748,0.37501848166107266,-1.3602466950889607,1.5000371173598523
125.7331862256856,127.38113231864786,166718.76576479824,2.3180909151576198e-06,0.36978087599809323,399.3990164110536,56.30960910004616,224.90002489049346,0.0001305307802315849,6908071.267596158,0.3750190922753518,-1.361473257571845,1.5000383057699764
127.48407208754668,129.1549665014884,165856.3553732645,2.3576701780725534e-06,0.36218895655116395,391.9458559417435,56.417080392920695,221.12440864337458,0.00013301285460566754,6516076.978746599,0.3750197475633854,-1.3626865137717346,1.5000396293087874
129.25933974862315,130.95350204826676,164998.4045368894,2.3980052916197067e-06,0.3547528987955207,384.6253530468407,56.52381253937123,217.404913535091,0.0001355443879119453,6146120.934722936,0.3750204340271921,-1.3638867146175926,1.5000410324473705
131.05932873540598,132.7770829355429,164144.89019135945,2.439111040818096e-06,0.34746950316177,377.4353391625049,56.629810598339034,213.74091769892505,0.00013812638241260915,5796977.947578741,0.3750211316530567,-1.3650741030330664,1.500042433539818
132.88438330243142,134.6260579298911,163295.78936492724,2.481002496959208e-06,0.340335635538412,370.37367592768885,56.73507971745887,210.13180029005704,0.0001407598603381401,5467490.044325217,0.3750218521469719,-1.366248753802779,1.5000438777653358
134.73485249811947,136.50078065460139,162451.07917921484,2.5236950378067004e-06,0.33334822595248337,363.4382538261814,56.839624963785376,206.57694044973184,0.00014344586511540682,5156562.79008706,0.37502260319001834,-1.3674108608205415,1.5000453941441947
136.61109023153264,138.40160965731314,161610.73686652558,2.5672043483265086e-06,0.3265042674093311,356.626992487091,56.94345139836134,203.0757181403244,0.0001461854614380975,4863161.882565087,0.37502337052904977,-1.3685606377619024,1.5000469238963205
138.51345534006086,140.32890847858732,160774.7398498048,2.6115464404383656e-06,0.3198008152438305,349.9378398950532,57.04656398383668,199.62751373938747,0.000148979736179673,4586309.879767556,0.37502416648919734,-1.369698215851713,1.5000485144955746
140.44231165805084,142.2830457214352,159943.06554262538,2.6567376327269097e-06,0.3132349842452687,343.3687731545854,57.14896774000014,196.2317093993483,0.0001518297980477034,4325083.163923856,0.3750249988980272,-1.3708237117858175,1.5000501953587104
142.39802808639146,144.26439512181588,159115.69156814986,2.7027945841323726e-06,0.3068039491865574,336.91779735710895,57.250667597896715,192.88768824307368,0.00015473677879268991,4078608.9905919963,0.37502585782652886,-1.3719373289241616,1.500051924808247
144.38097866306595,146.273335620113,158292.5956186977,2.7497342847444233e-06,0.300504942489302,330.58294583045944,57.3516684757854,189.59483513017037,0.00015770183328633474,3846062.748959265,0.37502674511415535,-1.3730392267241882,1.500053708170185
146.39154263468978,148.31025143361043,157473.755541837,2.79757407251054e-06,0.29433525370842123,324.36227965421017,57.45197523588668,186.3525365814943,0.0001607261402345281,3626665.340051029,0.3750276524671108,-1.3741295697254259,1.5000555101670443
148.43010452904153,150.37553212997383,156659.14929763184,2.8463316339288416e-06,0.2882922280314471,318.25388764808315,57.551592721958244,183.16018124102337,0.00016381090246501138,3419680.711399371,0.37502860172992314,-1.3752084280317831,1.5000574159988673
150.49705422860583,152.4695727017573,155848.75486912308,2.8960250008403324e-06,0.282373264492653,312.25588632060953,57.65052579521995,180.01716029035566,0.0001669573472131055,3224413.5205930145,0.37502959502432986,-1.376275951976595,1.5000594318989329
152.59278704514045,154.59277364194784,155042.55043719464,2.9466725802029573e-06,0.2765758161568287,306.3664190632757,57.74877923323732,176.9228669896258,0.0001701667272033153,3040206.900117238,0.3750306197983946,-1.3773323408281613,1.5000615053189108
154.7177037952794,156.7455410205595,154240.5142682364,2.9982931476518414e-06,0.27089738818993886,300.5836562488295,57.84635779047289,173.87669725338304,0.0001734403208333453,2866440.3707111264,0.3750316687651889,-1.3783777589367219,1.5000636046918885
156.8722108771927,158.92828656229779,153442.62480095372,3.0509058653574465e-06,0.26533553740469595,294.9057948014998,57.94326616371029,170.87804961403836,0.00017677943291274624,2702527.850043754,0.37503275080587173,-1.379412311601243,1.5000657630362753
159.05672034831005,161.14142772530198,152648.86048975747,3.1045302692187294e-06,0.2598878701137359,289.3310583592295,58.03950907244427,167.92632586580402,0.00018018539472084048,2547915.7847071653,0.37503387822965806,-1.3804360754396043,1.500068026996189
161.27165000412862,163.38538778098604,151859.199945956,3.1591862936008736e-06,0.2545520421010879,283.8576967037854,58.13509120018566,165.02093085749206,0.00018365956490287797,2402081.3618810126,0.37503504235854734,-1.3814492546109705,1.5000703591680917
163.5174234581189,165.66059589499153,151073.62188514895,3.214894280366793e-06,0.2493257572450199,278.4839852911617,58.23001714952098,162.16127239371295,0.0001872033303268936,2264530.8211062346,0.3750362532904319,-1.3824519286980603,1.5000727971606693
165.79447022274044,167.96748720926533,150292.10509938514,3.2716749689739983e-06,0.2442067663554348,273.2082256894261,58.3242915857573,159.3467621873748,0.0001908181057491605,2134797.87911273,0.3750375055760742,-1.3834442295584495,1.5000753162925662
168.10322579158998,170.30650292528443,149514.62854906914,3.329549533255401e-06,0.23919286681420646,268.02874441251106,58.41791904979404,156.57681494108007,0.0001945053355962322,2012442.2003661331,0.37503879599501033,-1.3844263496555413,1.5000779006942366
170.4441317226894,172.6780903884356,148741.1712605996,3.3885395662484542e-06,0.23428190095573156,262.9438933176403,58.51090409517245,153.85084924319708,0.00019826649369167896,1897047.9877860108,0.37504013730529095,-1.3853983241227183,1.500080598305317
172.8176357229361,175.08270317357233,147971.71236130348,3.4486670927544503e-06,0.22947175537942477,257.9520492688075,58.603251276596566,151.1682876061294,0.00020210308392411378,1788222.6316116527,0.37504152657709255,-1.3863602975898743,1.5000833942021359
175.22419173372904,177.5208011717636,147206.23110874897,3.5099545900426855e-06,0.22476036022558876,253.05161351932395,58.69496507186232,148.5285561689512,0.00020601664140249015,1685595.426047913,0.3750429631048178,-1.3873124047077567,1.5000862822430463
177.664260017785,179.99285067824763,146444.7068511057,3.572424983480085e-06,0.22014568803823525,248.241011823921,58.786049966787765,145.93108524886975,0.00021000873251727633,1588816.3707059147,0.37504444633890444,-1.3882547705899242,1.500089256791
180.13830724716803,182.49932448161525,145687.11906472596,3.6361016687644107e-06,0.21562575312567944,243.5186938281072,58.87651037661797,143.37530904071008,0.00021408095614095394,1497555.022306476,0.3750459849543404,-1.389187478644999,1.5000923489866977
182.64680659253995,185.0407019542302,144933.4472785754,3.701008500371837e-06,0.2111986102581824,238.8831332680282,58.96635075753091,140.86066626340553,0.00021823494349484436,1411499.4242445836,0.37504758022032547,-1.3901106362999371,1.5000955602199042
185.19023781365698,187.61746914391196,144183.6711787049,3.767169827719292e-06,0.20686235445741416,234.33282714588228,59.055575474397074,138.38659959642493,0.0002224723597793121,1330355.075315173,0.3750492214859946,-1.3910244122483846,1.5000988440634728
187.76908735112627,190.23011886689457,143437.77055060153,3.834610489606324e-06,0.20261511983006192,229.8662958011751,59.14418888202657,135.9525561647649,0.00022679490428522412,1253843.9709575782,0.3750509306229901,-1.391928823350156,1.500102284052673
190.3838484194373,192.87915080207776,142695.72520594724,3.903355810578446e-06,0.1984550783625063,225.48208279022634,59.232195366726295,133.5579877952704,0.00023120431076509876,1181703.6926184879,0.3750526995874566,-1.3928240181511455,1.5001058439104895
193.0350211012937,195.5650715865949,141957.5151740563,3.97343165115147e-06,0.1943804402190838,221.17875403183604,59.31959919614785,131.20235039871883,0.0002357023493068501,1113686.5352520205,0.37505452285665797,-1.3937101345674137,1.5001094972998885
195.7231124432537,198.28839491270713,141223.12049962478,4.044864376087585e-06,0.19038945183443418,216.9548981482205,59.406404677101804,128.8851047607259,0.00024029082585749997,1049558.701409317,0.37505641470772844,-1.3945872248464752,1.5001132969345576
198.44863655270566,201.0496416260497,140492.52136531743,4.117680889908463e-06,0.18648039584944168,212.80912585098588,59.49261606677805,126.60571619759354,0.00024497158365885966,989099.524357389,0.3750583758720154,-1.395455372034462,1.5001172411861603
201.21211469619354,203.84933982524643,139765.6980225028,4.191908631390331e-06,0.18265158999747047,208.74006989946727,59.57823763559276,124.36365488540703,0.0002497465035039667,932100.7422526062,0.3750604084882525,-1.3963146964824205,1.5001213338919115
204.0140753991089,206.6880249629082,139042.63085370185,4.267575604989382e-06,0.17890138671768138,204.74638449174824,59.66327357260568,122.15839550933086,0.0002546175052970551,878365.8041669253,0.3750625066190878,-1.3971653156168031,1.5001255464119367
206.8550545467764,209.5662399480433,138323.30034046216,4.344710375261213e-06,0.17522817227327334,200.82674533804436,59.74772808158263,119.98941771966717,0.0002595865480590235,827709.2233818488,0.3750646771133006,-1.3980073079387694,1.500129901082687
209.7355954869412,212.4845352498883,137607.68704495084,4.423342085210252e-06,0.17163036596816528,196.97984916356498,59.831605315962605,117.85620590352266,0.0002646556312864482,779955.9585702909,0.37506692496310734,-1.398840763939802,1.500134412628995
212.6562491336875,215.44346900318823,136895.77163487705,4.503500463237801e-06,0.1681064195989652,193.20441362464646,59.91490943324533,115.75824944423964,0.0002698267953126454,734940.8341746145,0.37506925511195277,-1.3996657356761943,1.5001390953945588
215.61757407280328,218.44360711494284,136187.53485827154,4.585215835120731e-06,0.16465481666649948,189.4991769580025,59.997644571555185,113.69504265728474,0.0002751021223474892,692507.9893119907,0.3750716706944104,-1.4004823241951954,1.500143956293357
218.6201366686099,221.48552337263592,135482.9575747368,4.668519143033686e-06,0.16127407188107984,185.86289765807612,60.07981483177352,111.66608475394085,0.00028048373750489455,652510.3574626416,0.37507416407891014,-1.401290674303084,1.500148958965724
221.6645111722842,224.5697995539774,134782.02076370487,4.7534419626965995e-06,0.15796273055904664,182.29435415783917,60.16142425811923,109.67087980349604,0.00028597380988095323,614809.1749431569,0.3750767494659044,-1.4020908004752073,1.5001541541820416
224.7512798316838,227.697025538168,134084.70543342375,4.840016483443001e-06,0.1547193675706049,178.79234495214976,60.24247696503674,107.70893722304783,0.00029157455225490084,579273.5208558376,0.37507942898980673,-1.4028827839741211,1.5001595442275857
227.88103300270515,230.86779941871674,133390.99275630008,4.928275568809867e-06,0.15154258736832907,175.35568777419604,60.32297695402627,105.77977112360254,0.00029728822373212304,545779.8728728989,0.3750821974230689,-1.4036667526218594,1.500165101709797
231.05436926219187,234.08272761782942,132700.86396039487,5.018252731899991e-06,0.14843102287879717,171.9832197716808,60.402928257405605,103.88290085346458,0.00030311712931793407,514211.697488996,0.3750850662857488,-1.4044427442354959,1.5001708660038275
234.27189552241268,237.34242500238662,132014.30037463174,5.1099821662989705e-06,0.145383335129623,168.6737970372439,60.48233486862864,102.01785075969686,0.000309063621538534,484459.05660323525,0.37508803645295075,-1.4052108434926822,1.5001768336574628
237.5342271471385,240.64751500154242,131331.2834225089,5.203498754080494e-06,0.14239821264587643,165.4262944378122,60.5612007723094,100.18415030467511,0.00031513010111950285,456418.2386732903,0.3750911128663006,-1.4059711194070132,1.5001830172392374
240.8419880693306,243.99862972595503,130651.79461266016,5.298838081283019e-06,0.13947437084730407,162.23960530765413,60.63952992654201,98.38133401323859,0.00032131901815654054,429991.40906054614,0.3750942977804925,-1.406723652641233,1.5001894183072295
244.19581091047112,247.39641008868117,129975.81555729764,5.396036453969415e-06,0.13661055157788035,159.11264121464185,60.71732627016206,96.60894150336645,0.000327632873057504,405086.28037619055,0.3750975933134555,-1.407468515328162,1.5001960376080774
247.5963371015551,250.84150592775413,129303.32795348777,5.4951309100260825e-06,0.13380552248534533,156.04433170521472,60.7945937219343,94.8665174862928,0.0003340742175857807,381615.8009132486,0.37510100639769917,-1.4082057688602276,1.500202894869176
251.0442170057638,254.33457613046482,128634.31358377964,5.596159232374395e-06,0.1310580764978612,153.03362407670673,60.87133618974778,93.15361179508696,0.0003406456558138962,359497.860559034,0.3751045407902325,-1.4089354728426997,1.5002099968274365
254.54011004285277,257.8762887593801,127968.7543263939,5.699159967301899e-06,0.12836703134937347,150.07948310572786,60.94755756232012,91.469779355096,0.00034734984528688595,338655.01270809956,0.37510820007253187,-1.4096576936661336,1.5002173492212592
258.0846848152652,261.4673211801092,127306.63214498236,5.804172437828939e-06,0.12573122903084985,147.18089080607058,61.02326171119951,89.81458018546323,0.0003541894980982102,319014.21184840106,0.37511199028625697,-1.4103724992603475,1.5002249673202073
261.67861923600583,265.1083601908536,126647.92908946356,5.911236760314638e-06,0.12314953529866585,144.33684617411913,61.09845248685291,88.18757938071614,0.000361167382055606,300506.5656555546,0.3751159143497489,-1.4110799555927542,1.5002328535800302
265.3226006582956,268.80010215376075,125992.62730556475,6.02039386140144e-06,0.12062083922599513,141.54636495808214,61.17313372363458,86.58834711675142,0.0003682863217680624,283067.1010370504,0.37511997648999795,-1.4117801110367054,1.5002410153630876
269.01732600702684,272.5432531281028,125340.70901999502,6.131685489808728e-06,0.11814405266871376,138.80847943782805,61.24730924912375,85.0164586652929,0.0003755491996962108,266634.5432533166,0.37512418329953334,-1.4124730197104327,1.5002494691493666
272.7635019120574,276.33852900531696,124692.15654636265,6.24515423692691e-06,0.11571810982321856,136.12223815093296,61.320982869410244,83.47149433799142,0.0003829589575142439,251151.10703030473,0.3751285391213628,-1.413158746143722,1.500258222065213
276.5618448433525,280.18665564591953,124046.95228653976,6.360843553120797e-06,0.11334196677488861,133.48670566881935,61.39415837447108,81.95303948717903,0.00039051859726032157,236562.29962625224,0.37513304878291365,-1.4138373480025166,1.5002672828051118
280.4130812480138,284.0883690183301,123405.07872698581,6.4787977644143106e-06,0.11101460103716726,130.90096236194927,61.46683953805731,80.46068448879214,0.0003982311825756451,222816.7348216148,0.37513772035367765,-1.4145088545814133,1.5002766726564687
284.3179476892158,288.0444153396298,122766.5184307688,6.599062083389641e-06,0.10873501108567289,128.36410421708632,61.53903014143191,78.99402478493182,0.0004060998396541882,209865.95755474988,0.3751425575238727,-1.415173332642837,1.5002863949861762
288.2771909870738,292.0555512182745,122131.25405995926,6.721682643775364e-06,0.10650221600973704,125.87524248772436,61.61073391730429,77.55266071687342,0.00041412775925611824,197664.27752999595,0.375147564024644,-1.41583083367982,1.5002964529213045
292.2915683614793,296.12254379880346,121499.26835248202,6.8467064994086536e-06,0.10431525500880044,123.43350361073212,61.681954618431476,76.13619768111178,0.000422318197122853,186168.61344270644,0.37515275053038977,-1.4164813856359615,1.5003068769374863
296.3618475769182,300.2461709085549,120870.54412121294,6.974181653007336e-06,0.10217318698010423,121.03802887741426,61.75269596857317,74.74424597902343,0.000430674475957329,175338.34473399067,0.37515812112178537,-1.4171250518994043,1.5003176706943009
300.4888070893103,304.42722120643026,120245.06427668213,7.104157076473739e-06,0.10007509019343291,118.68797424879314,61.8229616809363,73.37642083971092,0.00043919998654656886,165135.17233681204,0.375163682613163,-1.417761861393899,1.5003288483308665
304.67323619489116,308.6664943337274,119622.81179475061,7.236682720456229e-06,0.09802006178653076,116.38251015380833,61.89275546868599,72.03234241781522,0.000447898188998627,155522.9871282421,0.3751694423679055,-1.4183918575208168,1.500340425713432
308.91593518116787,312.96480106707503,119003.76974649237,7.371809546409333e-06,0.09600721747924025,114.12082122528948,61.96208102166807,70.71163571020683,0.0004567726144887185,146467.74550706302,0.375175404412289,-1.4190150841395734,1.5003524048679537
313.21771547997827,317.3229634734976,118387.9212789787,7.509589537117502e-06,0.09403569113029438,111.90210612635033,62.030942028904086,69.4139305803591,0.00046582686638415595,137937.35232215415,0.37518157988904477,-1.4196315708650786,1.5003648157848488
317.57939982267806,321.74181506763716,117775.24961050524,7.650075718329725e-06,0.09210463435276206,109.7255773154291,62.099342167892154,68.13886170280337,0.0004750646218694337,129901.55012855193,0.37518797675454607,-1.420241347157969,1.5003776751821079
322.0018223974928,326.222200971167,117165.73804556481,7.793322180828255e-06,0.09021321619911098,107.5904608529087,62.16728511510893,66.8860685550874,0.0004844896332882287,122331.81482368469,0.37519459994393856,-1.4208444537854916,1.5003909871495011
326.48582900905916,330.7649780744243,116559.36996931046,7.939384105543541e-06,0.08836062278704755,105.49599615524761,62.23477452542944,65.65519534057405,0.0004941057299909619,115201.25696938274,0.3752014567941728,-1.421440931799225,1.5004047648188248
331.0322772401877,335.3710152002929,115956.1288447279,8.088317779670323e-06,0.08654605694223401,103.44143582328904,62.30181405209867,64.44589099944652,0.0005039168195932778,108484.52892253223,0.3752085594059622,-1.4220307882388283,1.500419039802921
335.64203661588,340.0411932703706,115355.99819980992,8.240180612632898e-06,0.08476873781945124,101.42604545090268,62.36840735569237,63.25780919158868,0.0005139268894121107,102157.73711458516,0.37521591695235657,-1.4226140470806854,1.5004338313948438
340.3159887696269,344.7764054734464,114758.96164956501,8.395031170715684e-06,0.0830279006349609,99.44910338215969,62.434558080300285,62.090608211472365,0.0005241400084668229,96198.35911739513,0.37522353448332524,-1.423190751503114,1.500449141766353
345.05502761202524,349.57755743632754,114165.00288684499,8.552929195943346e-06,0.08132279631071256,97.50990052379838,62.500269860475015,60.94395096805472,0.0005345603290303804,90585.16556105114,0.3752314232880849,-1.4237609195619143,1.5004649974026734
349.8600595017409,354.44556739704353,113574.10567123408,8.7139356221889e-06,0.07965269112223568,95.60774017010539,62.565546335630636,59.81750497657663,0.0005451920880712408,85298.14648283177,0.3752395935852064,-1.4243245595196186,1.5004814198381382
354.7320034188537,359.38136638046257,112986.25384331614,8.878112604653014e-06,0.07801686642600601,93.74193779669514,62.63039114384822,58.71094230789306,0.0005560396090665281,80318.44174242232,0.37524805467086253,-1.4248816957935446,1.50049842621587
359.67179114061634,364.3858983763544,112401.43131312731,9.045523542835363e-06,0.07641461831919996,91.91182085531236,62.69480791385231,57.62393953536212,0.0005671073038940152,75628.27537541647,0.3752568181528204,-1.4254323454336486,1.5005160422096537
364.6803674196585,369.46012051993023,111819.62206418625,9.216233102333396e-06,0.07484525735031425,90.11672860439786,62.75880027915042,56.55617772293807,0.0005783996743665201,71210.89374707516,0.3752658929931272,-1.425976519118251,1.5005342821630734
369.7586901646757,374.6050032748993,111240.81015750211,9.390307243745228e-06,0.07330810823476122,88.35601190719075,62.82237186916178,55.507342369096236,0.0005899213142049002,67050.50711991327,0.37527529200218623,-1.4265142270496654,1.5005531750415457
374.9077306236326,379.8215306190736,110664.97971546349,9.567813240117558e-06,0.0718025095232006,86.62903305860804,62.88552631829122,54.477123383352165,0.0006016769107217711,63132.23459613187,0.3752850269255532,-1.427045476673868,1.5005727447486379
380.12847356951687,385.1107002325569,110092.11494106785,9.748819711274427e-06,0.07032781336992525,84.93516559145338,62.948267259027745,53.46521503340584,0.0006136712468337996,59442.05212825533,0.3752951074218913,-1.427570278289295,1.5005930060121955
385.4219174886827,390.473523688556,109522.20010497491,9.933396644652362e-06,0.06888338522133364,83.2737941009579,63.01059832616378,52.471315911911255,0.0006259092029048979,55966.74351557455,0.375305549209088,-1.428088628916555,1.5006139969399896
390.7890747718127,395.91102664684587,108955.21953982158,1.0121615417615074e-05,0.06746860353107051,81.64431407483373,63.07252316393983,51.49512890688929,0.0006383957585586311,52693.854186205055,0.3753163633272152,-1.4286005343641932,1.5006357360360312
396.2309719075426,401.4242490499322,108391.15766006205,1.031354883666996e-05,0.06608285954417079,80.04613169656763,63.134045411064875,50.536361135111804,0.0006511359949687546,49611.647546974775,0.3753275624275716,-1.4291059954899197,1.5006582473276353
401.7486496787806,407.01424532194386,107829.99893721097,1.0509271150068634e-05,0.06472555697489565,78.47866369588299,63.19516871984476,49.59472393169281,0.0006641350965061512,46709.06390096851,0.375339162398177,-1.42960499829843,1.5006815668397167
407.34316336176096,412.68208457029516,107271.72791477205,1.0708858083372156e-05,0.06339611178925851,76.94133716764955,63.25589674986068,48.66993279673058,0.0006773983529255805,43975.6816346693,0.3753511760405672,-1.430097542365104,1.5007057172571194
413.015582927871,418.42885079015844,106716.32920264232,1.091238686798026e-05,0.06209395194153773,75.43358939499079,63.31623316230789,47.76170734403032,0.0006909311615925236,41401.680619426144,0.3753636192566887,-1.4305836191709886,1.500730732644854
418.7669932482828,424.2556430717777,106163.78747347106,1.1119936264505405e-05,0.06081851712152332,73.95486769692518,63.37618163259539,46.86977127774892,0.0007047390293585002,38977.80773353337,0.3753765063264609,-1.4310632160413093,1.50075663951759
424.5984943014448,430.1635758106795,105614.08747114665,1.133158659896252e-05,0.05956925853482381,72.50462925172744,63.435745841252704,45.99385233526837,0.000718827574937986,36695.344303128506,0.3753898532474409,-1.4315363159344656,1.5007834701654588
430.5112013834518,436.15377892080056,105067.21399735022,1.1547419782758433e-05,0.05834563863744891,71.0823409485155,63.4949294867581,45.13368226279689,0.0007332025308437171,34546.07543954592,0.37540367851556766,-1.4320028957952218,1.5008112657337733
436.5062453213512,442.2273980505897,104523.15191782263,1.1767519348366912e-05,0.057147130921046584,69.68747921692697,63.553736277891744,44.288996760236394,0.0007478697458130345,32522.261087055653,0.3754179973703913,-1.432462941395329,1.500840053160971
442.58477268941965,448.3855948021191,103981.88616577961,1.199197048212038e-05,0.055973219695284564,68.31952986823254,63.61216993355886,43.459535437588585,0.0007628351871177868,30616.608737056435,0.37543282727006044,-1.4329164281484736,1.5008698670422405
448.74794602844497,454.6295469532399,103443.40173219709,1.2220860048012283e-05,0.054823399846227305,66.9779879486359,63.67023419198579,42.645041783976495,0.00077810494268948,28822.247712417084,0.3754481874661906,-1.4333633268186645,1.5009007478820422
454.9969440680723,460.9604486828434,102907.68367055627,1.2454276623663017e-05,0.053697176631269994,65.66235757885771,63.727932805552385,41.84526311639597,0.0007936852236211355,27132.704898131364,0.37546409703935524,-1.433803606115248,1.500932734194521
461.33296195223573,467.37951079924636,102374.71709290914,1.26923105282711e-05,0.052594065459605134,64.37215180891646,63.78526954773618,41.059950544995296,0.0008095823664206021,25541.881875421153,0.3754805753480355,-1.4342372310822498,1.5009658642484283
467.75721146773554,473.8879609717651,101844.48717328886,1.2935053858639292e-05,0.051513591692554345,63.10689246373054,63.84224820936405,40.288858923911306,0.0008258028355659214,24044.033348310437,0.37549764250042017,-1.4346641667800668,1.5010001779057234
474.2709212759993,480.48704396551346,101316.97914250007,1.318260051862851e-05,0.0504552904302183,61.86610999867905,63.89887260232889,39.53174681207258,0.0008423532259204423,22633.746813432186,0.37551532058148496,-1.4350843696864217,1.5010357214866872
480.8753371480619,487.1780218794631,100792.17828811392,1.343504625137294e-05,0.049418706313376026,60.64934335707308,63.955146563440884,38.788376433780584,0.0008592402651797697,21305.923392053595,0.3755336306891195,-1.4354977980434,1.5010725358544619
487.57172220283144,493.96217438783214,100270.06995766453,1.369248867761644e-05,0.04840339333553546,59.45613982079867,64.0110739490225,38.058513627925656,0.0008764708166072893,20055.759749631667,0.37555259572161503,-1.4359044004133352,1.501110667518276
494.3613571486593,500.8407989848212,99750.63955086612,1.395502732054974e-05,0.04740891463740916,58.28605488144392,64.06665864889877,37.34192782080447,0.0008940518812925016,18878.7310697447,0.37557223928683925,-1.4363041265355037,1.5011501642105713
501.24554052828296,507.81521123276707,99233.87252588714,1.4222763650893243e-05,0.04643484233292496,57.13865208617798,64.12190457139246,36.638391964078984,0.0009119906012379389,17770.574975735883,0.37559258513294935,-1.4366969222099897,1.5011910725528992
508.22558896717845,514.8867450137498,98719.75439323884,1.4495801111368072e-05,0.04548075731500243,56.01350291677463,64.17681566187164,35.94768251265555,0.0009302942615698165,16727.276404396143,0.3756136593605106,-1.437082722637001,1.5012334468520407
515.3028374253648,522.0567527846976,98208.27071596816,1.4774245156876356e-05,0.04454624907750411,54.910186645107345,64.23139589365083,35.26957936996149,0.0009489702935540433,15745.053322325259,0.37563548747408504,-1.437461468110314,1.5012773372317838
522.4786394527271,529.3266058360562,97699.40711173226,1.5058203290447268e-05,0.043630915544067915,53.828290203300725,64.28564927265589,34.603865849561295,0.0009680262772769593,14820.343273719867,0.3756580969558172,-1.4378330868169655,1.5013227998797447
529.7543674478816,536.6976945540476,97193.14924600767,1.5347785093418645e-05,0.04273436288449404,52.767408056733366,64.33957984359391,33.95032863805697,0.000987469944314061,13949.790700403828,0.3756815155473987,-1.438197507347411,1.501369890096555
537.1314129206553,544.1714286865888,96689.48283886522,1.564310227018311e-05,0.04185620535917946,51.72714206839175,64.39319168352831,33.308757744510515,0.0010073091808213287,13130.234981252159,0.3757057719301429,-1.4385546535467597,1.5014186649550538
544.6111867582182,551.7492376129129,96188.39365643762,1.594426867583668e-05,0.04099606513968148,50.707101379482424,64.44648891264428,32.678946468451436,0.0010275520301516448,12358.699170073218,0.3757308967357176,-1.4389044414834302,1.5014691872742105
552.195119494916,559.4325706169377,95689.86751499868,1.625140035891049e-05,0.04015357215511786,49.7069022798753,64.49947569053246,32.0606913525249,0.0010482066959541184,11632.379371144876,0.3757569208511313,-1.4392467847770831,1.5015215187634112
559.8846615858714,567.2228971644544,95193.89027709817,1.6564615594738663e-05,0.039328363927984,48.72616808833277,64.5521562222429,31.45379214549324,0.0010692815450144186,10948.634731472079,0.37578387652422407,-1.4395815923548412,1.5015757243683083
567.681283684384,575.1217071841613,94700.44785270507,1.6884034926325693e-05,0.038520085421870943,47.764529028448166,64.60453475657377,30.858051757497563,0.0010907851103861266,10304.978004211345,0.37581179676033116,-1.439908767716588,1.5016318697865358
575.5864769231998,583.1305113526219,94209.52619702245,1.7209781199078256e-05,0.03772838888674012,46.821622112865924,64.65661559280557,30.273276223831765,0.0011127260942897172,9699.066659390113,0.3758407166162101,-1.440228206596089,1.5016900265583786
583.6017531996987,591.2508413831881,93721.11130830269,1.7541979598936135e-05,0.03695293370754387,45.89709102437908,64.70840308109733,29.699274662553357,0.0011351133712596368,9128.694502926137,0.3758706719775091,-1.440539802291596,1.5017502670945646
591.7286454650432,599.4842503189409,93235.18922895302,1.788075769244413e-05,0.0361933862612188,44.99058600007984,64.75990162448318,29.1358592339302,0.0011579559912844397,8591.78377913257,0.37590169922464156,-1.440843444567406,1.5018126632516555
599.9687080173696,607.832312829723,92751.74604426793,1.8226245465862258e-05,0.03544941977276751,44.10176371686941,64.81111568026017,28.582845099575238,0.0011812631830133316,8086.377727954412,0.3759338372179286,-1.4411390123449905,1.501877294193207
608.3235167990473,616.2966255132942,92270.76787846575,1.857857535831769e-05,0.03472071417028211,43.23028718356177,64.86204976855306,28.04005038809025,0.0012050443567427757,7610.63357373669,0.3759671257683408,-1.441426379834752,1.5019442401743959
616.7946696980853,624.8788072006888,91792.24089746174,1.8937882307438643e-05,0.03400695595328009,42.375825625928876,64.91270846823353,27.50729614956621,0.0012293091078980928,7162.81591333038,0.376001605991064,-1.441705417212006,1.5020135838616397
625.3837868537366,633.5804992658254,91316.15130409352,1.9304303782535528e-05,0.033307838052325574,41.538054381697435,64.96309642490706,26.98440632101244,0.001254067220118767,6741.290489985795,0.3760373204789289,-1.4419759874159581,1.5020854109307038
634.0925109663496,642.4033659394191,90842.48534049302,1.967797982895265e-05,0.03262305970222458,40.71665479102371,65.01321834971421,26.47120768398761,0.0012793286687224669,6344.51832323137,0.372080294421437,-1.4582138678945853,1.4861661445218033
642.9225076115484,651.3490946272802,90381.2130803464,2.007679789391786e-05,0.03196646398267367,39.90249720446772,65.04870580935734,25.956058017121244,0.0013056804412153928,5967.093823835761,0.3761124698149274,-1.442491786939172,1.502236230856397
651.8754655587749,660.4193962330305,89902.36984507572,2.0447669636219463e-05,0.031295349876365626,39.121724978316514,65.112682734036,25.473204665213345,0.0013314024777948622,5619.521214493889,0.37615016291539405,-1.4427440358535364,1.5023067954046496
660.9530970942727,669.6160054853216,89445.77797260704,2.0862425088057525e-05,0.030665416771912563,38.339111205224135,65.14763330482661,24.977023580309105,0.0013588363535372717,5285.140713871045,0.37619342602300776,-1.442970627319255,1.5023993715886377
670.1571383485723,678.9406812696112,88971.78424572987,2.1248123613359797e-05,0.030021540393018187,37.58860374577138,65.21114194441056,24.511957743576996,0.001385614250882031,4977.216299518182,0.37623370032105186,-1.443205778351114,1.502474418065674
679.4893496285249,688.3952069645496,88519.81998177992,2.1679449459973593e-05,0.029417186291281802,36.83633727582212,65.2455747692804,24.03407997956083,0.0014141743712652577,4680.983729475481,0.37628010869696027,-1.4434130803807648,1.5025737167321722
688.9515157539764,697.981390783066,88050.62009767092,2.208055942995371e-05,0.028799439692010306,36.11494709519646,65.30863587426576,23.58617929458558,0.0014420510550630628,4408.1969583381215,0.376323315824834,-1.4436298512849817,1.5026542277505541
698.5454463991142,707.7010661181889,87603.2305287214,2.2529111619028033e-05,0.028219624471294998,35.39187583964599,65.34257128270083,23.125961698805654,0.0014717832685074911,4145.771440312361,0.376373105031405,-1.4438170424157875,1.502760766128631
708.2729764385757,717.5560918936922,87138.76903379083,2.2946238973389058e-05,0.027626944678834555,34.69849776765563,65.40520640075317,22.694624082895896,0.0015008033287124186,3904.1232074239715,0.3764194576871205,-1.444014700475634,1.5028471374315586
718.1359662983788,727.5483529196233,86695.90147649962,2.3412697737862275e-05,0.027070670471857364,34.003512170383914,65.4386654180699,22.25144455957021,0.0015317552707535453,3671.6562167457473,0.3722976694268141,-1.460881505590578,1.48623546910693
728.1363023117267,737.6797602527731,86246.08229880207,2.3868527350260552e-05,0.02651430084695602,33.32938327593858,65.48577071976213,21.826003514391882,0.0015626866804951502,3455.206239232848,0.3763448181757667,-1.4450697814908153,1.502341863525828
738.2758970797862,747.9522515621821,85798.14698732343,2.433249870442275e-05,0.025968858726041127,32.668792123115786,65.53325687079287,21.408923458626816,0.0015942175250985495,3251.5848963570174,0.3765691059097094,-1.4445461459876014,1.5031316522473617
748.5566898374722,758.367791499719,85352.45629700352,2.480559221184775e-05,0.02543457846155807,32.02119034406302,65.58056528349847,20.999677638141556,0.0016263867074524934,3059.949408744588,0.3766327025018654,-1.4446621302224685,1.5032738612274557
758.980646824336,768.9283720758306,84909.01284598342,2.5288020434700812e-05,0.024911249995306545,31.38631601520631,65.62767758134883,20.598110279122853,0.0016592081711940467,2879.592584079208,0.37669131721901294,-1.4447949322655518,1.5033920914204373
769.549761660619,779.6360130405237,84467.80394975825,2.577996524775277e-05,0.024398649063313908,30.7639237610952,65.67459875105689,20.204083490180317,0.001692694995539524,2709.8520999900384,0.376751714249167,-1.4449175233622782,1.5035132973167151
780.2660557285315,790.4927622696421,84028.8162853095,2.62816101870746e-05,0.02389655522293978,30.153773298715812,65.72133490649578,19.817462336594524,0.001726860455758419,2550.1045375671006,0.37681425565347126,-1.4450284817992838,1.5036387815860621
791.1315785588605,801.5006961565405,83592.0365163157,2.679314189808889e-05,0.023404752520779806,29.555628876590827,65.76789233822063,19.43811417944031,0.0017617180730833037,2399.7629777565244,0.3768790303847709,-1.4451274774214085,1.5037687476234396
802.1484082229416,812.6619200091945,83157.45131956055,2.731475023304483e-05,0.022923029433312432,28.969259172740962,65.81427747557272,19.065908614565537,0.0017972816204665368,2258.2748670187425,0.3769461180731355,-1.4452142178024587,1.5039033561575366
813.3186517301002,823.9785684528512,82725.04738355764,2.7846628283240928e-05,0.022451178776288976,28.394437214647997,65.86049689114826,18.70071743901229,0.0018335651262399776,2125.1200125109426,0.3770156007840342,-1.4452884001401571,1.5040427721776837
824.6444454306289,835.4528058382872,82294.8114073248,2.838897240939618e-05,0.021988997616155265,27.830940301070672,65.90655730657052,18.342414618482568,0.0018705828777021243,1999.808693843582,0.3770875632501429,-1.4453497104716462,1.504187165685721
836.1279554243628,847.0868266557402,81866.73009860246,2.894198227059878e-05,0.02153628718270672,27.278549924856815,65.95246559771702,17.990876254747256,0.0019083494247264694,1881.879884474072,0.3771620933320037,-1.4453978214719427,1.5043367133564516
847.7713779749658,858.8828559546249,81440.79017171754,2.9505860849148733e-05,0.021092852783207654,26.73705169804529,65.99822880254322,17.645980554730198,0.0019468795832064286,1770.8995766752435,0.3772392818037815,-1.4454323945695933,1.5044915974827973
859.5769399299659,870.8431497690724,81016.97834644456,3.0080814479254928e-05,0.02065850371936137,26.206235276289927,66.04385412442814,17.307607797377347,0.0019861884387375713,1666.4592034814902,0.377319222406868,-1.4454530790198419,1.5046520059965474
871.5468991466491,882.9699955494083,80595.281345899,3.066705286810095e-05,0.020233053204994675,25.685894286685627,66.0893489408956,16.97564030371723,0.0020262913499647004,1568.1741528386544,0.37740201235857285,-1.4454595084839639,1.5048181343059355
883.6835449238888,895.2657125996401,80175.68589441068,3.126478911693201e-05,0.01981631828547284,25.17582625579313,66.13472081013326,16.649962405913016,0.002067203952019235,1475.6823679700758,0.3774877522444626,-1.4454513039586345,1.504990184651831
895.9891984399718,907.7326525210224,79758.17871583387,3.187423974128652e-05,0.01940811975925069,24.675832538649804,66.17997747709884,16.330460416365067,0.002108942159945574,1388.6430291477166,0.37757654586698663,-1.4454280732530265,1.5051683652903307
908.4662131965447,920.3731996618221,79342.74653191998,3.249562468846174e-05,0.01900828210111519,24.1857182492738,66.22512688057094,16.017022597558977,0.0021515221720267126,1306.7353122477223,0.37766850069766633,-1.4453894081938188,1.5053528920850567
921.1169754687202,933.1897715733239,78929.3760597971,3.312916734963688e-05,0.018616633386174454,23.705292192862856,66.27017716187144,15.709539132949496,0.0021949604729471755,1229.6572196648272,0.3777637279017654,-1.4453348857373953,1.5055439883805661
933.9439047614644,946.1848194721993,78518.05401046576,3.3775094573700814e-05,0.01823300521642985,23.234366798087674,66.31513667096476,15.407902096785103,0.0022392738370622923,1157.1244791383392,0.3778623423161207,-1.4452640686505447,1.505741884678173
946.9494542723401,959.3608287093145,78108.76708651378,3.443363667521082e-05,0.017857232648141236,22.772758051218034,66.36001397462235,15.112005425195221,0.0022844793314679797,1088.8695068417248,0.3779644627068137,-1.4451765026068415,1.5059468194400552
960.1361113606791,972.7203192450536,77701.50198022659,3.510502743942313e-05,0.017489154121091973,22.32028543149649,66.40481786524919,14.821744887788993,0.002330594318943965,1024.6404309075735,0.3780702119799457,-1.4450717162694673,1.5061590396841211
973.5063980233127,986.2658461312819,77296.24537104677,3.578950412373436e-05,0.017128611388753812,21.876771847284,66.4495573690472,14.537018059156548,0.0023776364608515906,964.2001718183818,0.37817971716231114,-1.4449492222522622,1.506378800658183
987.0628713769016,999.9999999999999,76892.98392392175,3.64873074575699e-05,0.016775449450725115,21.44204357317429,66.49424175403796,14.25772429055267,0.002425623719946148,907.3255764012282,0.3782931093861066,-1.4448085156126922,1.506606365525613
1000.8081241469996,1013.9254075588153,76491.70428699712,3.7198681635870996e-05,0.01642951648599538,21.015930188625283,66.53888053968713,13.983764682513419,0.0024745743629675174,853.8066023870413,0.37841052434350786,-1.44464907307281,1.5068420069265471
1014.7447851639199,1028.0447320933097,76092.39308919346,3.792387430934279e-05,0.016090663787525786,20.598264517283823,66.58348350572649,13.715042057331585,0.002524506963166589,803.4455504916779,0.3785321022083963,-1.4444703530235756,1.5070860063940472
1028.875519865509,1042.3606739764011,75695.03693828337,3.8663136570607646e-05,0.015758745698635883,20.18888256754647,66.62806070186126,13.451460932132347,0.0025754404026355647,756.0563413315534,0.37865798784258686,-1.4442717944578476,1.5073386549116208
1043.2030308069243,1056.875971184804,75299.62241824954,3.941672293433657e-05,0.015433619550120549,19.78762347410489,66.67262245766807,13.192927492234855,0.0026273938744778205,711.4638345384741,0.3787883309295239,-1.444052817077477,1.5076002531653216
1057.7300581775023,1071.5933998226712,74906.13608730181,4.018489131424642e-05,0.015115145599245672,19.394329440351264,66.71717939229916,12.939349564652643,0.0026803868848355116,669.5031876110518,0.3789232860983134,-1.4438128201878158,1.5078711117606076
1072.459380324833,1086.5157746525383,74514.56447520421,4.0967902992143586e-05,0.014803186969458823,19.008845682075695,66.76174242550005,12.690636592328163,0.0027344392546423853,630.0192522406193,0.37906301309277524,-1.44355118220966,1.5081515516076252
1087.3938142861311,1101.645949633657,74124.89408117157,4.176602258371296e-05,0.014497609591835867,18.631020371818202,66.80632278786841,12.44669960827039,0.0027895711212486424,592.8660058662193,0.3792076768498305,-1.4432672602734442,1.5084419039364434
1102.536216326999,1116.9868184678226,73737.11137127619,4.257951799608181e-05,0.014198282147365685,18.260704584450675,66.8509320323607,12.207451210381295,0.0028458029397427894,557.9060164707041,0.3793574477513175,-1.442960389513928,1.5087425110074264
1117.8894824877066,1132.5413151528114,73351.20277606603,4.3408660380371665e-05,0.013905076010621914,17.89775224347165,66.89558204531886,11.972805536299475,0.002903155484093157,525.0099386338388,0.37951250173927065,-1.442629882443839,1.5090537262665293
1133.456549137061,1148.312414543511,72967.15468798696,4.4253724075880706e-05,0.013617865194469272,17.542020068465295,66.94028505867867,11.742678238881288,0.0029616498479534733,494.05603906727845,0.3796730205004337,-1.44227502793035,1.5093759147690093
1149.2403935340033,1164.3031329208768,72584.95345888352,4.511498654770397e-05,0.013336526295997452,17.19336752334386,66.98505366207151,11.516986461829058,0.003021307445220164,464.929749880696,0.3798391915840966,-1.441895091106744,1.5097094533359154
1165.2440343970175,1180.5165285688056,72204.58539744424,4.599272831654043e-05,0.013060938443551825,16.851656765484844,67.02990081525496,11.295648815631692,0.0030821500102868587,437.52324797642325,0.380011208500207,-1.441489312798467,1.5100547306228123
1181.470532481473,1196.9557023590428,71826.03676677041,4.6887232880678703e-05,0.012790983244967134,16.516752595751367,67.07483986088813,11.078585353819314,0.0031441995979742507,411.7350590507779,0.38018927097141386,-1.441056908563212,1.5104121478064485
1197.9229911650077,1213.6237983442404,71449.29378158553,4.779878662797122e-05,0.012526544736629572,16.188522409464706,67.11988453800257,10.865717549641381,0.0032074785830803546,387.46968477419637,0.3803735851549277,-1.4405970679208622,1.5107821191373318
1214.6045570410558,1230.5240043592617,71074.34260564478,4.8727678739387824e-05,0.01226750933375773,15.866836148179548,67.16504899564993,10.656968272984287,0.0032720096595746776,364.6372517884768,0.38056436369009816,-1.4401089538254155,1.5111650717993825
1231.518420520647,1247.6595526308697,70701.16934913555,4.9674201082734e-05,0.012013765781719483,15.551566252324498,67.21034780703411,10.452261767628636,0.003337815839384462,343.1531812550609,0.38076182592300256,-1.4395917019190279,1.511561446468363
1248.6678164425855,1265.0337203959039,70329.76006593517,5.063864809575457e-05,0.01176520510827244,15.242587614667142,67.2557959840289,10.251523628807389,0.0034049204507565897,322.93787775376774,0.3809661980604915,-1.4390444200623165,1.5119716975876258
1266.0560246921234,1282.64983052806,69960.10075100306,5.1621316659059555e-05,0.011521720576897949,14.939777534555944,67.30140899193158,10.054680781016208,0.003473347136184388,303.9164364011422,0.38117771337829254,-1.4384661874045719,1.5123962938574778
1283.6863708282547,1300.5112521734086,69592.1773375375,5.2622505956363305e-05,0.011283207640954864,14.643015673057393,67.34720276504213,9.86166145625086,0.003543119849812282,286.0183671335123,0.3813966123955197,-1.4378560536081295,1.5128357185873824
1301.5622267197346,1318.6214013947485,69225.9756943385,5.364251732375889e-05,0.011049563898930907,14.352184008807924,67.3931937223485,9.672395172443847,0.003614262854360802,269.17733514223073,0.38162314291275834,-1.437213038704897,1.5132904694972922
1319.687011189966,1336.9837418249465,68861.4816232052,5.4681654086814016e-05,0.010820689050646716,14.067166794604837,67.43939878345739,9.486812712147657,0.0036868007175312393,253.3309165210741,0.3818575604099692,-1.4365361315782934,1.5137610599669529
1338.0641906708613,1355.601785329369,68498.68085585267,5.5740221381309895e-05,0.010596484854067853,13.787850514963836,67.48583538592568,9.304846101786001,0.003760758307732554,238.42036825031175,0.3821001281307872,-1.435824289578818,1.514248019021693
1356.697279865808,1374.4790926775368,68137.55905147745,5.68185259639815e-05,0.010376855083429126,13.514123844159888,67.53252150179233,9.126428590836122,0.0038361607893336084,224.39041165414505,0.38235111714038794,-1.4350764381962335,1.514751891212427
1375.5898424218756,1393.6192742241421,67778.10179389885,5.7916876005792244e-05,0.010161705487958667,13.245877605199357,67.57947565547647,8.951494631559909,0.0039130336171744355,211.18902856936504,0.38261080660504376,-1.4342914700797564,1.5152732373879871
1394.7454916113668,1413.0259905995338,67420.29458892877,5.903558087159465e-05,0.009950943751598919,12.983004729386034,67.6267169414941,8.779979858842683,0.003991402530469975,198.76726946523775,0.38287948404126837,-1.4334682439991866,1.5158126353525745
1414.1678910228752,1432.702953409831,67064.1228613891,6.017495088072528e-05,0.009744479453348866,12.725400216790744,67.67426504361406,8.611821070571606,0.004071293545884482,187.07907283152892,0.38315744542342145,-1.4326055842709025,1.5163706799470447
1433.860755261959,1452.6539259467813,66709.57195263408,6.133529705420115e-05,0.009542224028726051,12.47296109720914,67.72214025341432,8.446956208005778,0.004152732949972883,176.08109515678402,0.3834449951841634,-1.4317022809986497,1.5169479827121108
1453.8278506615711,1472.8827239075017,66356.62711791757,6.251693084338353e-05,0.009344090731923004,12.225586391858332,67.77036348953449,8.285324336489456,0.004235747290804577,165.73255089020378,0.3837424466298671,-1.43075708815212,1.517545173220583
1474.07299600239,1493.393216124252,66005.27352350554,6.372016383736026e-05,0.009149994598593208,11.983177075924473,67.81895631836757,8.126865626673853,0.004320363368630743,155.99506180735176,0.3840501220590795,-1.4297687232411818,1.5181628992286846
1494.6000632431671,1514.189325304352,65655.49624418913,6.494530745466651e-05,0.008959852409627054,11.74563604154118,67.86794097397426,7.9715213356910155,0.004406608225824165,146.83251521255207,0.3843683527901476,-1.4287358671172683,1.5188018264586276
1515.4129782612595,1535.2750287804226,65307.280260719774,6.61926726129502e-05,0.008773582655614835,11.512868061578002,67.91734037933762,7.819233788805981,0.004494509135788964,138.21093047684192,0.38469747944037636,-1.4276571628281545,1.5194626394109605
1536.5157216034656,1556.654359271062,64960.61045718501,6.746256937791404e-05,0.008591105501996966,11.284779754005678,67.96717816775133,7.669946361243369,0.00458409359094292,130.0983334144727,0.3850378520245954,-1.4265312153898435,1.520146041456826
1557.9123292473212,1578.331405652118,64615.471618643576,6.875530659128224e-05,0.008412342755054586,11.061279546895111,68.01747870470716,7.523603460277511,0.004675389289681769,122.46463804172163,0.3853898300847618,-1.425356591048967,1.5208527550703934
1579.6068933729919,1600.3103137387002,64271.8484286481,7.007119147512394e-05,0.008237217828518644,10.842277644060864,68.06826711041973,7.380150507612671,0.0047684241222579905,115.28153528626541,0.3857537829092621,-1.4241318164948211,1.5215835224335024
1601.6035631459247,1622.595287078087,63929.72546687359,7.141052921257633e-05,0.008065655710899417,10.627685991324393,68.11956928292123,7.2395339220315345,0.004863226155531825,108.52238823928879,0.38613008959140416,-1.4228553785594045,1.5223391054099125
1623.9065455103826,1645.1905877536624,63589.08720692561,7.277362250515634e-05,0.00789758293355352,10.417418243330102,68.17141192136545,7.101701102232036,0.004959823616594835,102.16213356519242,0.3865191391306553,-1.4215257239288803,1.5231202857052608
1646.5201059940425,1668.100537200059,63249.918014181545,7.416077110437392e-05,0.007732927539391824,10.211389730966026,68.2238225499137,6.966600409934373,0.005058244875164376,96.17718871003855,0.3869213306310826,-1.4201412581504655,1.5239278654484565
1669.4485695237936,1691.3295170296487,62912.20214363913,7.557227131579293e-05,0.007571619052200036,10.009517429424442,68.2768295425247,6.8341811533174255,0.00515851842464584,90.54536456988205,0.38733707332261247,-1.4187003456966067,1.5247626670674208
1692.696321252892,1714.8819698705393,62575.92373811937,7.700841547904327e-05,0.007413588446726238,9.811719926698958,68.33046214735866,6.704393570517877,0.0052606728619988535,85.2457832933986,0.38776678669319153,-1.4172013093906344,1.525625533645723
1716.2678073996458,1738.7624002162504,62241.066826281894,7.846949141608011e-05,0.0072587681192467874,9.617917392798294,68.38475051272424,6.577188813585025,0.005364736866067571,80.25880092569446,0.38821090054318574,-1.4156424300736603,1.5265173289889162
1740.1675360977601,1762.9753752872057,61907.61532112933,7.995578185469988e-05,0.0071070918589246496,9.428031549352745,68.43972571243982,6.452518932459309,0.005470739174637807,75.5659346008133,0.38866985504341756,-1.414021946456046,1.5274389377323132
1764.400078258541,1787.5255259042356,61575.55301832387,8.146756381861397e-05,0.006958494819612852,9.241985639895061,68.49541977260262,6.330336859369777,0.005578708559861866,71.14979402359812,0.3891441008519223,-1.4123380546772069,1.5283912657233145
1788.970068445097,1812.4175473742378,61244.86359488565,8.300510798979187e-05,0.00681291349235978,9.059704400566321,68.55186569808242,6.210596393319488,0.00568867380225349,66.99401698310734,0.38963409901646173,-1.410588908637692,1.52937523956399
1813.8822057587147,1837.6562003881704,60915.530608076035,8.456867803902061e-05,0.006670285678498584,8.881114031381324,68.60909749973058,6.093252184852664,0.005800663663043701,63.083208664499104,0.3901403210734884,-1.408772619489696,1.5303918069946576
1839.1412547375878,1863.2463119315598,60587.53749432007,8.615852992327635e-05,0.006530550463239613,8.70614216802144,68.66715022215388,5.978259721069566,0.005914706854860036,59.40288453566816,0.39066324904672456,-1.4068872557581926,1.5314419369037182
1864.7520462680395,1889.1927762076664,60260.86756848607,8.777491115177622e-05,0.006393648189891411,8.534717854094687,68.72605997164545,5.865575310815846,0.006030832010740075,55.9394165975988,0.3912033753533706,-1.4049308437233208,1.5325266190131401
1890.7194785084569,1915.5005555735277,59935.504023352405,8.94180600185709e-05,0.0062595204346135224,8.366771513885368,68.7858639444772,5.755156070086465,0.006149067651391347,52.67998280157674,0.39176120281007343,-1.4029013673091413,1.533646864009711
1917.0485178260778,1942.1746814890264,59611.429929262005,9.108820480005579e-05,0.00612810998168419,8.202234925624156,68.84660045586145,5.646959907695588,0.006269442150585519,49.61251944790794,0.3923372445239579,-1.4007967684716505,1.5348037032659931
1943.744199746827,1969.2202554791716,59288.62823414929,9.278556291968103e-05,0.005999360799344196,8.04104119518204,68.90830896885326,5.540945511088811,0.006391983698759289,46.725676389240455,0.39293202379133163,-1.3986149476752416,1.5359981886430205
1970.8116299183848,1996.6424501097933,58967.08176373203,9.451034007621048e-05,0.005873218016109044,7.8831247302680305,68.97103012388165,5.437072332416327,0.00651672026464685,44.00877487531014,0.3935460739939458,-1.3963537643002155,1.5372313923404022
1998.2559850866512,2024.4465099768036,58646.773222073716,9.62627293376857e-05,0.005749627897618834,7.728421215056259,69.03480576833907,5.335300574773199,0.0066436795549930676,41.45176788260501,0.3941799383601392,-1.394011037538064,1.5385044062605289
2026.0825140858253,2052.6377527092523,58327.68519252061,9.804291020031453e-05,0.005628537824005775,7.576867585258864,69.09967898639157,5.235591178637833,0.006772888972270017,39.0452027833059,0.39483416986615794,-1.3915845467468557,1.5398183420069245
2054.2965388422595,2081.221569986339,58009.80013876977,9.9851047609072e-05,0.005509896267664954,7.428402003684393,69.16569412941502,5.137905808571684,0.006904375570267723,36.78018621663196,0.39550933097461893,-1.3890720325931625,1.5411743302889818
2082.9034553922997,2110.2034285685945,57693.10040656107,0.00010168729094609853,0.005393652771607008,7.282963836155339,69.23289684595811,5.0422068400138595,0.0070381660077262235,34.64835103119093,0.396205993324827,-1.3864711981697155,1.5425735202057922
2111.908734914302,2139.5888713434215,57377.56822556449,0.00010355177298054211,0.005279757928202232,7.140493627913097,69.30133411241383,4.948457346355674,0.007174286499737772,32.64182517857922,0.39692473747822987,-1.3837797100262605,1.5440170788289151
2141.3179247750054,2169.3835183851843,57063.18571178374,0.0001054446087849398,0.0051681633584253015,7.000933080393672,69.37105426336217,4.856621086141567,0.007312762767083671,30.753202441767638,0.39766615258469074,-1.3809951995370398,1.5455061905450975
2171.1366495904945,2199.593068030075,56749.93487026461,0.0001073658946144565,0.005058821691500414,6.864225028454157,69.44210702236091,4.766662490514819,0.007453619983315039,28.975514891520007,0.398430835998397,-1.3781152644120311,1.5470420562779736
2201.370612301923,2230.2232979659384,56437.79759837899,0.00010931570675372814,0.004951686545031628,6.730313417959567,69.51454353233545,4.6785466507901186,0.007596882719721557,27.302206967983032,0.3992193927934409,-1.375137470607001,1.5486258923925789
2232.0255952662237,2261.2800663372773,56126.75568954605,0.00011129410032918608,0.004846712505546186,6.5991432837837865,69.58841638609725,4.5922393062346325,0.0077425748880560015,25.72711109257818,0.40003243537677236,-1.3720593538139383,1.5502589300884893
2263.107461362013,2292.7693128656488,55816.790837353365,0.0001133011080872156,0.004743855109422071,6.470660728214725,69.6637796569324,4.507706832051163,0.007890719681003414,24.24442471998498,0.40087058295193856,-1.3688784216840872,1.551942414280461
2294.6221551108747,2324.6970599856477,55507.8846403215,0.00011533673914268734,0.004643070824269457,6.344812899707849,69.74068892868632,4.424916227492414,0.008041339510509019,22.848688744819157,0.4017344608962503,-1.3655921562876756,1.553677602226685
2326.575703814281,2357.0694139967277,55200.01860717266,0.00011740097769654102,0.004544317030696693,6.221547972028114,69.81920132575749,4.343835104168891,0.008194455943871925,21.534767183757427,0.4026247002049672,-1.3621980162649834,1.555465762540564
2358.9742187063325,2389.8925662310503,54893.17416260384,0.00011949378172367803,0.004447552004445464,6.100815123774092,69.89937554295587,4.2644316745483,0.008350089637612997,20.297828057921155,0.4035419368310613,-1.358693439515946,1.5573081738771748
2391.823896122554,2423.1727942375983,54587.33265369517,0.00012161508163507238,0.004352734898923456,5.982564518247299,69.98127187482251,4.186674740601307,0.00850826026922102,19.133325404456166,0.40448681090060745,-1.3550758463279635,1.5592061232271703
2425.131018684974,2456.91646298279,54282.47535697213,0.000123764778915918,0.0042598257281219664,5.866747283673743,70.06495224446682,4.110533682609564,0.008668986466788034,18.036982350904267,0.40545996598746115,-1.3513426422208,1.561160904567771
2458.9019565036874,2491.1300260677885,53978.583485974195,0.00012594274473944384,0.004168785349853838,5.753315493802117,70.15048023220693,4.035978448176152,0.00883228573649303,17.004775189983892,0.4064620482722603,-1.3474912213960124,1.56317381715877
2493.1431683951696,2525.8200269627846,53675.63819960699,0.00012814881856400176,0.004079575449387246,5.64222214881137,70.23792110321705,3.9629795413503675,0.008998174388169248,16.032918395214022,0.40749370562866716,-1.3435189702772732,1.5652461636577755
2527.8612031175485,2560.9931002584594,53373.62061106927,0.00013038280671135225,0.003992158523389964,5.53342115659508,70.32734183496251,3.891508011966758,0.009166667458815812,15.117850522557939,0.4085555866925006,-1.3394232712670942,1.5673792482945146
2563.0627006230748,2596.6559729348696,53072.5117975358,0.00013264448093407567,0.0039064978642286315,5.426867314347795,70.4188111435052,3.821535445099186,0.009337778634347137,14.256220945209101,0.4096483398441819,-1.335201506875876,1.5695743748074165
2598.7543933280494,2632.81546564802,52772.29281049633,0.00013493357697212243,0.0038225575445750264,5.322516290506539,70.5123995093058,3.753033950709854,0.009511520169500298,13.444877372865188,0.4107726121386577,-1.3308510638863709,1.5718328442977736
2634.943107400404,2669.4784940343206,52472.94468687045,0.00013724979310547822,0.0037403024023430283,5.220324607001856,70.60817920193062,3.685976153434351,0.009687902806143137,12.680854108861618,0.4119290481773419,-1.3263693379269625,1.574155952964361
2671.635764065246,2706.652070033241,52174.44846081051,0.0001395927887050471,0.003659698025915175,5.120249621841145,70.70622430392501,3.620335182539872,0.009866935690021183,11.961361001836806,0.41311828891400637,-1.3217537382519708,1.5765449897032227
2708.8393809285617,2744.3433032283656,51876.785176312835,0.0001419621827888452,0.0035807107396820044,5.02224951199685,70.80661073345942,3.5560846620226747,0.010048626286169723,11.283773050761926,0.4143409703867178,-1.3170016927876986,1.5790012335199322
2746.5610733193607,2782.559402207126,51579.93590056519,0.00014435755258673555,0.0035033075898595195,4.926283256616587,70.90941626594127,3.4931987008736236,0.010232980293075832,10.64562062491953,0.41559772243550697,-1.3121106532450426,1.5815259510235364
2784.808055650507,2821.3076759394708,51283.88173805146,0.00014677843211974398,0.0034274563305799585,4.832310620542817,71.01472055439643,3.4316518834989016,0.010420001555795349,10.044580262456764,0.41688916731675363,-1.3070781006958327,1.584120393602916
2823.587642798513,2860.595535175742,50988.603845478116,0.00014922431080102946,0.003353125410262979,4.740292138130681,71.12260514841685,3.371419260284131,0.010609691978253297,9.478466013300503,0.41821591826106896,-1.3019015513355612,1.58678579450401
2862.9072515025164,2900.4304938639916,50694.083447462304,0.00015169463206342446,0.0032802839582395274,4.650189097372394,71.2331535117496,3.31247633831792,0.010802051434893632,8.945221294361904,0.41957857800463216,-1.2965785623345596,1.589523365909372
2902.774401782777,2940.820170587064,50400.301853006975,0.00015418879202057985,0.0032089017716262877,4.561963524322286,71.34645103840964,3.254799072270706,0.01099707768191599,8.442911226748947,0.42097773724111676,-1.2911067380471763,1.5923342958113267
2943.196718378899,2981.7722900196736,50107.24047276836,0.0001567061381692917,0.003138949302443808,4.475578167812662,71.46258506712238,3.1983638554186804,0.011194766268379869,7.969715426472407,0.422413973044911,-1.285483736330832,1.5952197448650622
2984.1819322080896,3023.2946844057765,49814.8808370755,0.0001592459681390333,0.003070397644959579,4.390996484470798,71.58164489421542,3.1431475108313696,0.011395110447380284,7.523921221923202,0.42388784722072614,-1.279707275144915,1.5981808430506703
3025.73788184374,3065.3952950565267,49523.20461475829,0.00016180752849845483,0.0030032185232648314,4.308182624016368,71.70372178459489,3.089127282696956,0.011598101087665916,7.103917272802664,0.42539990460960553,-1.273775139333054,1.6012186862435556
3067.872515014561,3108.082173869064,49232.19363270455,0.00016439001362476274,0.0029373842790579637,4.227101414854731,71.8289089810057,3.0362808278108084,0.011803726585915244,6.708187566874077,0.42695067138316745,-1.2676851874263093,1.6043343328295805
3110.5938901246263,3151.363484866479,48941.82989615189,0.00016699256464510013,0.002872867859632313,4.14771834995491,71.95730171136613,2.9845862072147518,0.01201197278003034,6.335305772152903,0.42854065327372837,-1.261435358784638,1.6075288001237027
3153.910177794573,3195.2475057592137,48652.09560971016,0.00016961426845894052,0.0028096428060637884,4.06999957300734,72.08899719405217,2.9340218779831972,0.01222282286380241,5.983929923510868,0.43017033377549296,-1.2550236807512078,1.610803060747287
3197.8296624242544,3239.7426295281953,48362.973199064196,0.0001722541568490627,0.0027476832415830473,3.9939118648696086,72.22409464123844,2.884566685171077,0.012436257303243315,5.652797423967351,0.4318401723323859,-1.24844827592284,1.6141580389983687
3242.3607437771807,3284.8573660300435,48074.44533333314,0.00017491120569098362,0.002686963860126144,3.9194226302872717,72.36269526004824,2.836199853908145,0.012652253755011543,5.340720342007734,0.43355060249342614,-1.2417073695645513,1.6175946071318776
3287.511938586982,3330.6003436245887,47786.49494806,0.0001775843342693651,0.002627459915056855,3.8464998848957843,72.5049022515882,2.788900981651141,0.01287078698726954,5.046580987454997,0.43530203005758494,-1.2347992970092605,1.6211135816309366
3333.2918821862763,3376.9803108250912,47499.10526877397,0.00018027240471053856,0.0025691472080487587,3.7751122424984116,72.65082080776241,2.7426500305894224,0.013091828803385155,4.769327749401769,0.43709483121529047,-1.2277225111059806,1.624715719471908
3379.7093301582113,3424.0061379714257,47212.25983509444,0.0001829742215402698,0.0025120020781222024,3.705228902620737,72.80055810586393,2.6974273202076735,0.013315347968867635,4.5079711807077185,0.43892935068396355,-1.2204755897055861,1.6284017143682377
3426.773160010992,3471.6868189265597,46925.942525318205,0.00018568853137610624,0.002456001390826881,3.636819638336641,72.95422330084237,2.653213520001001,0.013541310141977006,4.261580314459622,0.44080589985583174,-1.213057243084279,1.6321721930470972
3474.492372875754,3520.031472796679,46640.13758143367,0.00018841402276277412,0.002401122527562016,3.569854784369403,73.11192751532212,2.6099896423504165,0.013769677808393143,4.029279198686473,0.44272475496745756,-1.205466321254164,1.6360277115791746
3522.8760952280445,3569.0493456752297,46354.8296344971,0.00019114932615960849,0.0023473433750263494,3.504305225463974,73.2737838273098,2.5677370355555933,0.014000410220387305,3.8102436364024976,0.44468615527677,-1.1977018212958797,1.6399687516869221
3571.933580633303,3618.7498124112803,46070.003730328506,0.0001938930140893757,0.002294642314796173,3.4401423850257777,73.43990725551991,2.5264373770207618,0.014233463340952492,3.603698118814475,0.44669030129574594,-1.189762894437763,1.6439957172075594
3621.6742115166403,3669.142378402494,45785.64535540622,0.0001966436014549058,0.0022429982130137563,3.3773382140336814,73.61041474251152,2.4860726666075244,0.014468789793252427,3.4089129402880975,0.4487373530573677,-1.1816488529885874,1.6481089306114427
3672.107500957257,3720.236681413066,45501.740462942114,0.00019939954603351496,0.0021923904101928417,3.315865180215463,73.78542513544372,2.4466252201401266,0.014706338815896992,3.225201484279108,0.45082742842350854,-1.1733591771302372,1.6523086295697453
3723.243094507869,3772.0424934169973,45218.27549901552,0.00020215924915516692,0.0021427987111263206,3.2556962574911057,73.96505916462122,2.408077663073655,0.014946056224414337,3.051917670128331,0.452960601480072,-1.1648935213621598,1.6565949637526103
3775.0907720394366,3824.569722467,44935.23742869054,0.0002049210565715497,0.002094203374893043,3.196804915680538,74.14943941983526,2.3704129243228564,0.015187884379348255,2.888453551188563,0.4551369009872701,-1.1562517206960479,1.660967991701341
3827.6604496116083,3877.828414589457,44652.61376203843,0.00020768325952249996,0.002046585104961059,3.1391651104738805,74.33869032455011,2.3336142302515,0.015431762161387273,2.734237055320162,0.45735630891419987,-1.1474337965516952,1.6654276778730832
3880.962181369208,3931.82875570577,44370.39257995666,0.0002104440960051204,0.0019999250393800323,3.0827512736614535,74.53293810797854,2.297665098821011,0.015677624953925443,2.5887298593206847,0.45961875906920113,-1.1384399622436945,1.6699738898828684
3935.006161465119,3986.5810735804384,44088.562559700455,0.00021320175225011105,0.0019542047410611644,3.0275383036243424,74.73231077518949,2.262549333902444,0.015925404633401644,2.4514253893622038,0.4619241358334989,-1.1292706280476636,1.6746063959602964
3989.8027260099707,4042.095839796306,43807.11300001234,0.000215954364409068,0.0019094061881387173,2.9735015560814433,74.93693807529802,2.228251019748774,0.016175029567786502,2.3218469399662105,0.46427227300625873,-1.1199264058620884,1.6793248626236164
4045.362355048932,4098.383671757261,43526.033845761885,0.00021870002045587859,0.001865511764413202,2.9206168350905393,75.14695146783598,2.194754515626934,0.01642642462354753,2.19954590449322,0.4666629527617374,-1.110408113368294,1.6841288525616562
4101.695674566076,4155.455334718875,43245.31571198886,0.00022143676230377228,0.0018225042498733856,2.8688603843020943,75.36248408745355,2.162044450610925,0.016679511181379798,2.084100110542641,0.46909590475104324,-1.1007167776367623,1.689017822842061
4158.81345851664,4213.321743847289,42964.94990722657,0.000224162588138324,0.0017803668112925874,2.8182088784629626,75.58367070708135,2.1301057185351757,0.01693420716097083,1.9751122540461497,0.4715708053342951,-1.0908536382333978,1.6939911233547775
4216.726630887566,4271.993966306776,42684.92845602874,0.00022687545496685867,0.0017390829929038367,2.768639415164986,75.81064769964239,2.098923473104167,0.017190427055058907,1.8722084262017233,0.47408727695341213,-1.0808201497150094,1.6990479955323678
4275.446267786785,4331.483223376398,42405.24412056955,0.0002295732813815642,0.0016986367071491057,2.720129506838186,76.04355299854683,2.0684831231616068,0.017448081972949024,1.775036727752725,0.476644887673217,-1.070617983478087,1.7041875714364778
4334.983599561532,4391.800892596086,42125.89042121808,0.000232253950533738,0.0016590122255045227,2.6726570729832306,76.2825260570869,2.038770328115009,0.017707079693665063,1.6832659654314528,0.4792431508719801,-1.0602490290109472,1.709408873123465
4395.350012946207,4452.958509942656,41846.86165598626,0.00023491531331498193,0.001620194169383223,2.6262004326392128,76.52770780690574,2.009770993513831,0.017967324728856156,1.5965844256971478,0.4818815250999364,-1.0497153944594402,1.714710812345345
4456.557053240126,4514.967772036101,41568.1529187446,0.0002375551917394959,0.0015821675011168798,2.580738297083424,76.77924061574527,1.981471266780369,0.01822871839551875,1.5146987211885283,0.48455941410924197,-1.039019406510647,1.720092190600468
4518.616426515605,4577.840538376617,41289.76011610708,0.0002401713825206658,0.0015449175150184884,2.5362497627577976,77.03726824464272,1.953857533089839,0.01849115889856973,1.4373327055789902,0.4872761670667387,-1.0281636095519389,1.72555169956334
4581.540001856792,4641.588833612777,41011.67998288052,0.00024276166083309775,0.001508429828527844,2.4927143044187403,77.30193580482045,1.9269164113993509,0.018754541423225343,1.3642264527822079,0.490031078932077,-1.0171507641475728,1.731087921823871
4645.339813629664,4706.224849841282,40733.91009600652,0.00024532378425142436,0.001472690373446638,2.450111768502552,77.57338971439405,1.9006347506187167,0.019018758237150026,1.2951352966887455,0.4928233910246149,-1.0059838447717766,1.7366993320154904
4710.028063783648,4771.760948938746,40456.448886882565,0.000247855496853542,0.0014376853872627212,2.408422366704366,77.85177765521226,1.8749996259250838,0.019283698802201203,1.2298289278507704,0.49565229177227366,-0.9946660368107132,1.7423842983180577
4775.6171241852935,4838.209664925957,40179.295652004366,0.0002503545334771513,0.001403401404572053,2.3676266697618233,78.1372485299506,1.8499983352131886,0.019549249895637333,1.1680905437336713,0.507637554539258,-0.9468065928122087,1.7904877338019958
4842.119538984425,4905.583706365045,39892.38584863994,0.00025226861809464626,0.0013682217766829126,2.3288774466809365,78.46943669406963,1.8274570137057626,0.019795359424846646,1.111392898342045,0.5020458064964828,-0.9690800587159174,1.7569031090361875
4909.5480270132875,4973.895958790063,39625.2247938691,0.0002552070487786759,0.001336835486958905,2.288719923069502,78.73277503911032,1.80197270830561,0.020080323238445823,1.054623187056815,0.5046682238635185,-0.9585781013587393,1.7617205428066143
4977.915484219024,5043.159487171359,39339.41797122068,0.00025705021364335755,0.0013031508453050667,2.251585071115232,79.07883786370023,1.7805273077504935,0.020327213250381188,1.0038686066674916,0.507351927854188,-0.9478129792549908,1.7660195954129279
5047.234986130112,5113.387538414326,39073.05975517039,0.00025993693652363945,0.0012731058595298133,2.2130858447367894,79.35589374610284,1.756214051459369,0.020613694735944703,0.9530150671552864,0.5106491238639705,-0.9346089666361195,1.7738322741830075
5117.519790357085,5184.593543892913,38787.698113007216,0.00026166303651026083,0.001240758889717264,2.1775719282996437,79.71911067346993,1.735940975515606,0.02085952321015888,0.9076459407571272,0.5133811750214363,-0.9236395852990427,1.7781483819434243
5188.78333912811,5256.791122018424,38522.164431561265,0.0002644906432787999,0.0012120076953404972,2.1406592025563604,80.01040654024565,1.7127501306065243,0.021147089832692555,0.862057532332584,0.516753308186253,-0.9101271909848947,1.786198678759206
5261.039261859855,5329.994080844088,38237.25962647705,0.00026608916418070354,0.0011809501223809553,2.106697515493154,80.39150090418262,1.6936057522160715,0.021391283141379402,0.8214774886220348,0.5290950816479381,-0.8608282387493773,1.8363663926766094
5334.301377764183,5404.216420705915,37962.53315444065,0.0002682265888476456,0.0011519852597951482,2.072395057199422,80.74014234095576,1.6732547190497447,0.021656630626806152,0.7818131471187457,0.5229734269900064,-0.8851616880083384,1.7988109690721217
5408.583698491099,5479.472336900287,37688.14800752143,0.00027031092449843213,0.0011236323040667608,2.038826685711431,81.09727869762969,1.6534329594730457,0.02192145665038577,0.7442574697459257,0.526120152162207,-0.8725245677759403,1.8051854183424894
5483.900430808552,5555.7762223988775,37414.11033289547,0.0002723399427995268,0.0010958800306155154,2.0059764754317553,81.46307821363419,1.634130185128073,0.022185624846658633,0.7086918911154745,0.5292934522656196,-0.8597759694987417,1.8116203996546574
5560.265979319524,5633.142670601357,37140.42913773316,0.000274311580914181,0.0010687177205233607,1.973828583128372,81.8377015804288,1.615335945569803,0.02244900250015753,0.6750045017538476,0.5324901049058326,-0.8469286925110282,1.8181042600936905
5637.694949216958,5711.586478126429,36867.11427384321,0.00027622382427051423,0.0010421348586569566,1.9423674636132902,82.22131031214488,1.597039979659621,0.0227114562825006,0.6430898971390696,0.5357087527884232,-0.8339880979153804,1.824634320793706
5716.202149077079,5791.122647641759,36594.176422123186,0.0002780747112269428,0.0010161211268293995,1.9115778656192253,82.61406672738984,1.5792322134486811,0.0229728524582314,0.6128487936884152,0.5389480133275697,-0.8209596471511986,1.8312078537136642
5795.802593691554,5871.766390733255,36321.62707545683,0.00027986233765313833,0.0009906663972048036,1.8814448277367117,83.01613393234207,1.561902758057031,0.023233057093757378,0.5841876674784462,0.5422064811036762,-0.8078488921261169,1.8378220855114193
5876.511506939148,5953.53313081437,36049.478519710574,0.00028158486138139886,0.000965760725893062,1.8519536744478733,83.42767580697553,1.5450419076137425,0.02349193626772204,0.5570184143962129,0.5454827307514165,-0.7946614636193772,1.8444742033378532
5958.344324697344,6036.4385060758705,35777.743812897475,0.00028324050650930876,0.0009413943467408267,1.823090012248607,83.84885699449251,1.52864013725121,0.023749356282075,0.531258030450202,0.548775319891206,-0.7814030595302484,1.8511613607120125
6041.316697794501,6120.498372476696,35506.43676257452,0.0002848275675346609,0.0009175576653228383,1.79483972585199,84.27984289406889,1.5126881011483941,0.024005183873081228,0.5068283110458297,0.5520827920867077,-0.7680794329988885,1.8578806834603085
6125.444495003167,6205.7288067765,35235.57190155652,0.00028634441330477057,0.0008942412531382835,1.7671889744659048,84.7207996570023,1.497176630617893,0.024259286421512465,0.48365556810105065,0.5554036798156972,-0.7546963804818461,1.864629275672229
6210.743806074987,6292.146109610344,34965.16446203304,0.0002877894907634736,0.0008714358420159527,1.740124188137313,85.17189418630005,1.4820967322305252,0.02451153216129283,0.4616703639436241,0.5587365074400736,-0.7412597298338142,1.8714042256624452
6297.230944817969,6379.766808606282,34695.2303481816,0.0002891613284798381,0.0008491323187311494,1.7136320641568779,85.63329413977954,1.467439585973035,0.024761790385855784,0.44080726099513906,0.5620797941638216,-0.727775328434177,1.878202611906545
6384.922452216543,6468.607661546327,34425.7861073781,0.0002904585399442091,0.000827321719837031,1.6876995635171095,86.10516793669731,1.4531965434333147,0.025009931651509068,0.4210045863051767,0.5654320569599349,-0.7142490314294037,1.88502150891577
6473.835099595083,6558.685659571429,34156.848900110104,0.000291679826618302,0.0008059952267121769,1.6623139074180078,86.58768476793331,1.4393591260086196,0.02525582797711197,0.4022042100548605,0.5687918134610186,-0.7006866901299418,1.8918579930363535
6563.985891825509,6650.018030431118,33888.43646870347,0.00029282398072760427,0.0007851441608256162,1.6374625738141975,87.08101460972904,1.4259190231319863,0.025499353039402893,0.38435133720098713,0.5721575847966278,-0.6870941406152724,1.8987091481469065
6655.392070579493,6742.622241778342,33620.567104976595,0.00029388988778567286,0.0007647599792197456,1.613133293998209,87.58532824097618,1.4128680905128026,0.025740382363336922,0.3673943114812242,0.5755278983673406,-0.673477192592145,1.9055720712286188
6748.071117626019,6836.516004510238,33353.259616939715,0.00029487652884162334,0.000744834270210986,1.5893140492145121,88.10079726402344,1.400198348387119,0.0259787935068364,0.3512844310467417,0.5789012905426603,-0.6598416185549922,1.912443877779907
6842.040758174832,6931.7172761554075,33086.53329465985,0.0002957829824435611,0.0007253587493073274,1.5659930672996276,88.62759412896901,1.3879019797741066,0.026214466239384893,0.3359757750323284,0.5822763092776313,-0.6461931432770598,1.919321707070253
6937.318964266436,7028.244264308346,32820.40787541171,0.0002966084263122657,0.0007063252553410578,1.5431588193439276,89.1658921613915,1.3759713287352089,0.026447282713936208,0.32142504041481007,0.5856515166334475,-0.6325374336795448,1.9262027272053217
7033.923958209345,7126.115430111746,32554.90350823824,0.00029735213872116544,0.0006877257468145676,1.5208000163710949,89.71586559346069,1.3643988986328195,0.026677127631651542,0.3075913885490083,0.5890254911975603,-0.6188800891119399,1.933084139983066
7131.874216065125,7225.349491787214,32290.04071804237,0.00029801349958021977,0.0006695522984562749,1.4989056060314745,90.27768959834607,1.3531773503853026,0.02690388839902753,0.29443630080655353,0.5923968303910101,-0.6052266320695026,1.9399631855334576
7231.1884711820385,7325.9654282152305,32025.840369331294,0.0002985919912227399,0.0006517970979830437,1.4774647693063707,90.85154032786332,1.34229950071635,0.027127455277006215,0.28192344277714365,0.5957641526637758,-0.5915824993719525,1.946837146726125
7331.8857177778555,7427.982482564918,31762.32362973443,0.00029908719889604066,0.0006344524430651004,1.4564669172201865,91.43759495325168,1.3317583203959056,0.027347721521724443,0.2700185365235025,0.5991260995648418,-0.5779530338409131,1.953703353331747
7433.985214572561,7531.420165974368,31499.511933412614,0.00029949881095808653,0.0006175107384886414,1.4359016875581032,92.03603170899527,1.321546932470974,0.0275645835165922,0.2586892404116518,0.6024813376871521,-0.5643434764775748,1.9605591859301228
7537.506488471692,7636.298261282242,31237.426944473813,0.00029982661878386296,0.0006009644935108865,1.4157589415871878,92.64702993958328,1.3116586104846093,0.02777794089544288,0.24790503606632552,0.6058285604813705,-0.5507589591671831,1.9674020795562228
7642.469338300875,7742.63682681127,30976.090520508722,0.00030007051638663185,0.00058480631940193,1.396028760779267,93.2707701490994,1.3020867766817508,0.02798769665654402,0.23763712202804882,0.6091664899345233,-0.5372044979169459,1.9742295270779096
7748.893838592465,7850.4562002045095,30715.524676352485,0.000300230499760428,0.0005690289271670119,1.376701443534239,93.9074340535314,1.2928250002009305,0.028193757267302715,0.2278583137134694,0.612493878116652,-0.5236849866391822,1.9810390823027433
7856.800343424858,7959.777002314986,30455.751548178763,0.0003003066659516454,0.0005536251254428239,1.3577675019027378,94.55720463567347,1.2838669952508435,0.028396032759552603,0.21854294930406812,0.6158095085878017,-0.5102051914859658,1.9878283628106033
7966.20949031528,8070.6201411494985,30196.793358024355,0.00030029921186843834,0.0005385878185607464,1.33921765830765,95.22026620251303,1.2752066192716056,0.028594436815342444,0.209666801210717,0.6191121976673344,-0.49676974572707877,1.9945950525106468
8077.142204166823,8183.006815867389,29938.672378838106,0.00030020843283790907,0.0005239100047697456,1.321042842264028,95.89680444497337,1.266837871080253,0.028788886843201137,0.20120699278229712,0.6224007955698312,-0.48338314517877734,2.001336903927097
8189.619701270355,8296.958520834907,29681.410900143863,0.0003000347209219663,0.0005095847746114412,1.303234187097428,96.5870064998915,1.258754889000601,0.028979304044889683,0.19314191994634788,0.6256741874012732,-0.47004974418473466,2.008051740204195
8303.663493362248,8412.49704973612,29425.03119440093,0.00029977856300374806,0.0004956053094396748,1.2857830266607129,97.29106101409809,1.2509519489773913,0.02916561347270009,0.18545117748809542,0.6289312940250511,-0.4567737521224444,2.014737456854533
8419.295391738573,8529.644499741025,29169.555484137003,0.0002994405386568216,0.0004819648800763925,1.2686808920501291,98.00915821049799,1.2434234626757683,0.029347744077379175,0.17811548969184943,0.6321710727935965,-0.443559230441565,2.0213920232377234
8536.53751142658,8648.423275731719,28915.005909927433,0.0002990213178106804,0.0004686568455961138,1.2519195083209984,98.74148995600376,1.2361639755660303,0.02952562874682106,0.17111664508481955,0.635392518154049,-0.43041009021897025,2.0280134837782953
8655.41227541431,8768.856094587427,28661.404499283937,0.00029852165822600695,0.0004556746522306566,1.235490791204217,99.4882498312224,1.229168164994998,0.029699204335677767,0.16443743503910857,0.638594662128753,-0.4173300902087931,2.034599958944682
8775.942418939028,8890.965989529159,28408.773136512285,0.0002979424027939638,0.00044301183238606225,1.2193868438245565,100.24963320176856,1.2224308382447402,0.029868411686086598,0.15806159600196779,0.6417765746742248,-0.404322835381663,2.041149645974741
8898.150993835448,9014.776314524917,28157.133533591496,0.00029728447667401605,0.00043066200376359697,1.2035999534220405,101.02583729109057,1.2159469305797923,0.030033195639735954,0.15197375513810685,0.6449373639259761,-0.39139177592812757,2.0476608193771995
9022.061372944485,9140.310748756232,27906.50720212044,0.00029654888428495726,0.0004186188685767056,1.1881225880778816,101.8170612547034,1.2097115032842243,0.030193505041515252,0.14615937918071634,0.6480761763291412,-0.37854020670886257,2.0541318312021986
9147.697254583381,9267.593301146882,27656.91542637289,0.0002957367061640833,0.00040687621285600764,1.172947393446476,102.62350625571645,1.2037197416898073,0.030349292735023407,0.1406047262999073,0.6511921966663294,-0.36577126712938934,2.0605611111054145
9275.082667078103,9396.648314954691,27408.379237494028,0.0002948490957093272,0.0003954279058343828,1.158067189495175,103.44537554156041,1.1979669531968777,0.030500515550225288,0.13529680080869275,0.6542846479824789,-0.35308794142554234,2.066947166207825
9404.241973358867,9527.50047242729,27160.91938886832,0.00029388727581936073,0.0003842678994045878,1.1434749672534958,104.28287452180885,1.192448565289258,0.03064713428357153,0.13022331053728525,0.6573527914158035,-0.34049305932660445,2.0732885807632613
9535.199875619608,9660.174799522645,26914.556332680077,0.00029285253544625815,0.00037339022764177617,1.1291638855736912,105.13621084701035,1.1871601235450504,0.03078911367090337,0.12537262671663008,0.66039592593728,-0.32798929707951174,2.0795840156472707
9667.981420042377,9794.696670695395,26669.31019768472,0.00029174622607534725,0.00036278900638372143,1.1151272679044686,106.0055944884395,1.1820972896448252,0.03092642235348561,0.1207337462215054,0.6634133880092463,-0.31557917881093545,2.0858322076778393
9802.61200158752,9931.091813749801,26425.200768202252,0.00029056975814647265,0.0003524584328616706,1.1013585990797727,106.8912378186865,1.1772558393789139,0.031059032837518066,0.116296256032474,0.6664045511639642,-0.30326507820200277,2.0920319687824644
9939.117368850553,10069.386314760271,26182.24746434014,0.00028932459743055905,0.00034239278537506247,1.0878515221245828,107.79335569301287,1.1726316606556058,0.03118692144748238,0.11205029978436923,0.6693688255124357,-0.2910492204539423,2.0981821850177482
10077.523628986706,10209.606623060476,25940.469323447698,0.0002880122613750394,0.00033258642300363614,1.0745998350795662,108.71216553139705,1.168220751511818,0.03131006827369337,0.10798654627685864,0.6723056571833581,-0.27893368451907463,2.104281815456119
10217.857252703927,10351.779556301763,25699.884982799496,0.00028663431543107413,0.000323033785350685,1.0615974878466294,109.64788740121611,1.1640192181282114,0.03142845711441739,0.10409615983012216,0.6752145277059753,-0.26692040557486507,2.1103298909541763
10360.145079325615,10495.932305582266,25460.512663501257,0.0002851923693752426,0.00031372939231162785,1.048838579057072,110.6007441004935,1.1600232728501647,0.03154207541293695,0.10037077237558004,0.6780949533356875,-0.2550111777220536,2.116325512811244
10504.41432192369,10642.092440647246,25222.370155607903,0.0002836880736375653,0.00030466784386228414,1.0363173529643674,111.57096124167165,1.1562292322165921,0.03165091418992431,0.09680245717828442,0.680946484331912,-0.2432076568766206,2.1222678513286155
10650.692572523123,10790.287915161836,24985.47480443977,0.0002821231156473649,0.0002958438198616538,1.0240281963632567,112.55876733585319,1.1526335149980518,0.03175496797149927,0.09338370409369011,0.6837687041902427,-0.23151136384535675,2.1281561442781083
10799.007807379166,10940.547072057436,24749.843498078895,0.00028049921620771707,0.0002872520798642522,1.0119656355369333,113.56439387747614,1.1492326402458675,0.031854234713334206,0.09010739626738258,0.6865612288382863,-0.21992368754968084,2.1339896952989363
10949.38839232774,11092.898648952229,24515.49265602569,0.00027881812590865347,0.0002788874629374494,1.000124333234056,114.58807542938456,1.1460232253538696,0.03194871572116623,0.08696678819181998,0.6893237057973352,-0.20844588839156586,2.1397678722271394
11101.863088210654,11247.371783647508,24282.43821899193,0.00027708162158866914,0.0002707448874795554,0.988499085677127,115.63004970826617,1.1430019841342183,0.03203841556807284,0.08395548503926047,0.6920558133158465,-0.19707910173326582,2.1454901053660933
11256.461056376167,11403.996019700331,24050.695639804962,0.0002752915028533888,0.00026281935103475933,0.9770848196038214,116.69055767042717,1.1401657249087864,0.032123342008857796,0.08106742319492101,0.694757259476944,-0.18582434147685944,2.1511558857076807
11413.211864256125,11562.801312073754,23820.279875394725,0.0002734495886595499,0.00025510593010131155,0.965876589342747,117.76984359789091,1.1375113486175963,0.032203505891883,0.07829685191896259,0.6974277812891501,-0.17468250372053262,2.156764763117394
11572.145491021012,11723.818032865998,23591.20537983356,0.0002715577139718887,0.00024759977992970495,0.9548695739249322,118.86815518479888,1.1350358469455162,0.03227892106867909,0.07563831607015484,0.7000671437614869,-0.16365437048375497,2.162316344492666
11733.292333313373,11887.076977119033,23363.48609839773,0.00026961772649972723,0.00024029613430790237,0.9440590742324322,119.9857436241066,1.1327363004686402,0.03234960430164861,0.07308663982814653,0.7026751389643096,-0.15274061347565748,2.167810291891641
11896.683211061474,12052.609368708414,23137.13546261674,0.00026763148351949565,0.00023319030533095798,0.9334405101851576,121.12286369456854,1.1306098768214534,0.03241557517017188,0.07063691135500644,0.7052515850860459,-0.14194179789899408,2.1732463206510886
12062.349373373634,12220.446866314887,22912.16638627704,0.00026560084878873884,0.00022627768315271505,0.9230094179670849,122.27977384800646,1.1286538288859522,0.03247685597540952,0.06828446834029807,0.7077963254839119,-0.13125838627343,2.1786241974966174
12230.322504514668,12390.621569479157,22688.591262344413,0.00026352768955650993,0.00021955373571750606,0.9127614472928375,123.45673629686472,1.1268654930037643,0.03253347164408529,0.06602488437727917,0.7103092277337169,-0.12069074226360499,2.1839437386521183
12400.6347299658,12563.166024741215,22466.42196076869,0.0002614138736744226,0.00021301400847006133,0.90269235871556,124.6540171020627,1.1252422872123071,0.03258544963151776,0.06385395612097296,0.7127901826830225,-0.11023913450333112,2.189204807954269
12573.31862256856,12738.113231864785,22245.669827135163,0.0002592612668121092,0.00020665412404215688,0.8927980209769021,125.87188626114214,1.1237817095057743,0.032632819824161864,0.06176769118181243,0.7152391035064056,-0.09990374040262395,2.1944073149743986
12748.407208754657,12915.496650148827,22026.345682124473,0.0002570717297801049,0.00020046978191467303,0.8830744083998625,127.11061779673693,1.122481336121945,0.03267561444189977,0.059762296711348084,0.7176559247707814,-0.08968464992676672,2.1995512131585713
12925.933974862317,13095.350204826676,21808.459821744975,0.00025484711596281123,0.00019445675805410714,0.8735175983250919,128.3704898453647,1.1213388198553855,0.032713867940317866,0.05783416863910991,0.7200406015094245,-0.07958186934229161,2.204636497988588
13105.9328735406,13277.708293554291,21592.022018299504,0.00025258926886344063,0.00018861090452267876,0.8641237685912725,129.65178474657267,1.1203518883979284,0.032747616913181656,0.055979881522195615,0.7223931083079265,-0.06959532491464415,2.20966320516942
13288.438330243142,13462.60579298911,21377.04152204961,0.0002503000197625402,0.00018292814906147934,0.8548891950599531,130.95478913244952,1.1195183427068567,0.032776899995318805,0.05419617897143398,0.7247134384025458,-0.059724866559236034,2.2146314088384713
13473.485249811947,13650.078065460139,21163.52706354066,0.00024798118549104194,0.00017740449464625797,0.8458102491853049,132.2797940175315,1.1188360554014911,0.03280175776609702,0.052479964620180564,0.7270016027956672,-0.049970271428151136,2.2195412198118447
13661.10902315325,13840.160965731302,20951.48685655075,0.0002456345663184614,0.00017203601901564762,0.8368833956290128,133.62709488912625,1.118302969188523,0.032822232653679506,0.05082829360380521,0.7292576293875754,-0.04033124743807548,2.224392783865852
13851.345534006085,14032.890847858731,20740.9286016278,0.00024326194395633808,0.0001668188741717958,0.828105189920581,134.99699179808377,1.117917095316593,0.032838368840220705,0.04923836451988025,0.7314815621267599,-0.0308074367228528,2.229186280055387
14044.231165805082,14228.30457214352,20531.859490179104,0.00024086507967666546,0.00016174928585352554,0.8194722761631668,136.38978945004249,1.1176765120604137,0.032850212168157214,0.04770751184085878,0.7336734601777835,-0.021398419016918524,2.233921919069843
14239.802808639148,14426.439512181589,20324.286209078273,0.0002384457125446745,0.0001568235529822951,0.8109813847849995,137.80579729718553,1.1175793632347246,0.032857810047734644,0.04623319875273043,0.7358333971116622,-0.012103714956197109,2.2385999416314633
14438.097866306596,14627.3335620113,20118.214945756088,0.0002360055577649913,0.00015203804708137746,0.8026293303364082,139.24532963053412,1.1176238567382801,0.03286121136590046,0.0448130103947376,0.7379614601168782,-0.002922789301010198,2.243220616941443
14639.154263468963,14831.025143361028,19913.6513937411,0.0002335463051398443,0.0001473892116687594,0.7944130093323646,140.70870567281986,1.1178082631280677,0.03286046639667935,0.043444647476721165,0.7400577492321077,0.0061449459286677666,2.2477842411659594
14843.010452904151,15037.553212997384,19710.600758618242,0.00023106961763774285,0.00014287356162441577,0.7863293981404337,142.19624967196643,1.118130914223842,0.03285562671313895,0.04212592025207574,0.7421223766016283,0.01510012840174113,2.2522911359699265
15049.705422860583,15246.95727017573,19509.067764373747,0.00022857713007078134,0.0001384876825326906,0.7783755509139206,143.70829099521694,1.1185902017430003,0.03284674510104252,0.04085474282560688,0.7441554657520442,0.023943442512859292,2.2567416470947705
15259.278704514047,15459.277364194786,19309.05666009531,0.0002260704478784336,0.00013422823000058356,0.7705485975699752,145.24516422395052,1.1191845759658579,0.03283387547427287,0.03962912777682607,0.7461571508947031,0.032675616511824046,2.261136142985322
15471.770379527941,15674.554102055952,19110.571226998818,0.0002235511460155611,0.00013009192895286362,0.7628457418123703,146.80720924921852,1.1199125444312394,0.032817072792105044,0.03844718108038425,0.7481275762515907,0.04129741971837575,2.2654750134664425
15687.221087719257,15892.828656229765,18913.614785752146,0.00022102076794211395,0.00012607557290494846,0.7552642591985785,148.3947713680467,1.1207726706623022,0.032796392978394186,0.037307097306430864,0.7500668954016305,0.049809659830430064,2.2697586684595024
15905.672034831006,16114.1427725302,18718.190204069193,0.00021848082471185302,0.00012217602321457828,0.7478014952507879,150.00820138053808,1.1217635729224766,0.032771892842735656,0.03620715508472379,0.751975270653702,0.05821318032417366,2.273987536748706
16127.165000412895,16338.538778098637,18524.299904547464,0.00021593279415729047,0.00011839020831334803,0.740454863610404,151.6478556878178,1.1228839230013337,0.032743630003647724,0.03514571281727067,0.7538528724419962,0.06650885794044825,2.278162064796078
16351.74234581189,16566.059589499153,18331.945872723616,0.00021337812016789442,0.00011471512291919434,0.7332218442355688,153.31409639086206,1.1241324450301766,0.03271166281381772,0.03412120462519327,0.7556998787460429,0.07469760026492622,2.2822827156001324
16579.447022274042,16796.74872092653,18141.12966532284,0.00021081821205852302,0.00011114782723097899,0.7260999816411943,155.0072913902499,1.1255079143271172,0.032676050287445094,0.03313213651635824,0.7575164745312577,0.08278034339332407,2.286349967595129
16810.32257915898,17030.650292528426,17951.852418678835,0.00020825444402494656,0.00010768544610632284,0.7190868831809791,156.72781448687869,1.127009156271363,0.032636852029708445,0.032177082761117796,0.7593028512142723,0.0907580496891569,2.290364313596797
17044.41317226894,17267.80903884356,17764.11485730201,0.00020568815468327594,0.00010432516822386865,0.7121802173708246,158.47604548368426,1.1286350452063896,0.032594128168376285,0.03125468246425219,0.7610592061517991,0.09863170562312007,2.2943262597908074
17281.763572293647,17508.27031735727,17577.917302574933,0.00020312064669003073,0.00010106424523115566,0.7053777122530773,160.2523702884058,1.130384503371687,0.032547939287574976,0.030363636321917395,0.7627857421501858,0.10640231970091918,2.2982363247610067
17522.419173372902,17752.08011717636,17393.25968155467,0.00020055318643957202,9.789999087929555e-05,0.698677153800962,162.0571810174372,1.1322564998627032,0.032498346363721835,0.02950270355305879,0.7644826669970257,0.11407092047193146,2.302095038553432
17766.4260017785,17999.285067824763,17210.141535863044,0.0001979870038355875,9.482978014563879e-05,0.6920763843625809,163.89087610080415,1.1342500496186028,0.03244541070362555,0.028670698995379634,0.7661501930145391,0.12163855462233641,2.305902941779209
18013.830724716783,18249.932448161504,17028.562030646826,0.00019542329213331584,9.18510483456172e-05,0.6855733011438278,165.75386038830615,1.1363642124374418,0.032389193884750964,0.027866490356536912,0.7677885366337023,0.12910628514453037,2.3096605847548517
18264.680659253994,18504.07019542302,16848.519963590512,0.000192863207849199,8.896129023493124e-05,0.6791658547295353,167.6465452568644,1.13859809201832,0.032329757697641036,0.027088995611785655,0.7693979179901476,0.1364751895870313,2.313368526672832
18519.023781365737,18761.746914391235,16670.01377396575,0.00019030787073467,8.615805910324477e-05,0.6728520476421826,169.5693487191127,1.1409508350300628,0.03226716409048402,0.026337180539812214,0.7709785605366051,0.14374635837782535,2.3170273348021624
18776.90873511263,19023.01188668946,16493.041551701917,0.00018775836381079158,8.343896586051883e-05,0.6666299329374683,171.5226955332735,1.1434216302059992,0.03220147511580931,0.025610056388981232,0.77253069067865,0.15092089322342872,2.3206375837194457
19038.38484194373,19287.91508020778,16317.601046463722,0.00018521573346053498,8.080167811711285e-05,0.6604976128360346,173.5070173143538,1.146009707464312,0.032132752879293826,0.024906677666676317,0.7740545374271619,0.15799990557616184,2.3241998545681213
19303.50211012935,19556.50715865947,16143.689676722428,0.00018268098957547889,7.824391925873902e-05,0.6544532373906581,175.52275264669967,1.148714337053523,0.032061059490654284,0.024226140044847168,0.7755503320684056,0.16498451517429658,2.327714734337917
19572.311244325378,19828.839491270715,15971.304538807919,0.00018015510575380655,7.576346751734038e-05,0.6484950031881709,177.57034719794777,1.1515348287225775,0.03198645701660052,0.02356757837527363,0.7770183078545756,0.17187584864598193,2.331182815169626
19844.86365527061,20104.96416260501,15800.442415930096,0.00017763901954651498,7.335815503893153e-05,0.6426211520854072,179.65025383440684,1.1544705309150238,0.03190900743582082,0.0229301648084398,0.7784586997070733,0.17867503817785746,2.334604693675658
20121.211469619357,20384.933982524642,15631.099787158268,0.00017513363274879713,7.102586694940072e-05,0.6368299699784531,181.76293273791086,1.1575208299867936,0.03182877259596739,0.022313107010265166,0.7798717439407028,0.18538322025062826,2.3379809702811656
20401.407539910888,20668.80249629082,15463.272836348617,0.00017263981173366505,6.876454041925451e-05,0.631119785604484,183.908851524175,1.160685149447042,0.03174581417260867,0.021715646471275534,0.7812576780012819,0.19200153442852752,2.341312248579186
20685.505454677615,20956.623994804308,15296.957461010228,0.00017015838782492393,6.657216372824156e-05,0.625488969375474,186.08848536268894,1.1639629492215129,0.0316601936301132,0.021137056903109998,0.7826167402201918,0.19853112221392166,2.344599134699749
20973.559548694124,21248.45352498883,15132.149281100723,0.00016769015770668223,6.444677533075529e-05,0.6199359322430669,188.30231709818625,1.1673537249379367,0.03157197218442623,0.020576642717556992,0.7839491695805805,0.2049731259512555,2.3478422366841443
21265.624913368792,21544.346900318866,14968.84364774365,0.00016523588386669656,6.23864629228908e-05,0.6144591245938944,190.5508373737177,1.1708570072328812,0.031481210767701676,0.020033737583588406,0.7852552055019828,0.21132868779284308,2.3510421638719663
21561.757407280325,21844.360711494282,14807.035651859826,0.00016279629507087417,6.038936251197657e-05,0.6090570351746462,192.83454475536942,1.174472361079579,0.0313879699947469,0.019507703058124482,0.7865350876366506,0.21759894871138385,2.3541995262985154
21862.013666860992,22148.552337263594,14646.720132705977,0.00016037208686639758,5.84536574893811e-05,0.6037281900461884,195.15394585865423,1.1781993851361716,0.0312923101312397,0.018997927286505616,0.7877890556793545,0.22378504756750317,2.3573149340918746
22166.451117228396,22456.979955397717,14487.891686314495,0.0001579639221109821,5.6577577707349044e-05,0.5984711515660539,197.5095554766098,1.1820377111138607,0.03119429106367404,0.01850382376888052,0.7890173491892369,0.2298881202227676,2.3603889968726577
22475.127983168382,22769.702553816798,14330.544673828283,0.00015557243152587824,5.475939856058203e-05,0.5932845173986108,199.9018967096388,1.1859870031644502,0.031093972270990713,0.018024830188934846,0.790220207424511,0.23590929870363198,2.363422323159199
22788.103300270563,23086.779941871722,14174.673229725784,0.00015319821427031035,5.2997440073246704e-05,0.5881669195522559,202.33150109712273,1.1900469572867853,0.030991412797847596,0.017560407301591648,0.7913978691909733,0.24184971041074732,2.366415519779082
23105.43692621919,23408.272761782944,14020.27126993124,0.00015084183853513936,5.1290065992052126e-05,0.5831170234429548,204.79890875084342,1.1942173007515713,0.030886671229485026,0.017110037876504006,0.7925505726979623,0.24771047737010576,2.369369191272156
23427.18955224127,23734.242500238663,13867.332499806,0.0001485038421536081,4.963568288600112e-05,0.5781335269834937,207.30466849024683,1.1984977915441033,0.03077980566813928,0.01667322569434396,0.7936785554285279,0.2534927155330706,2.372283939299379
23753.422714713826,24064.751500154216,13715.850422017278,0.00014618473322713506,4.803273925338931e-05,0.5732151596978006,209.8493379795793,1.202888217824423,0.03067087371095867,0.016249494593060233,0.7947820540194357,0.25919753411358215,2.375160362055695
24084.198806933062,24399.862972595503,13565.81834428066,0.00014388499076417756,4.647972463657919e-05,0.5683606818597118,212.4334838669373,1.2073883974044657,0.030559932429374378,0.015838387561437958,0.7958613041504918,0.26482603496958745,2.377999053678508
24419.581091047163,24739.641008868166,13417.229386973677,0.00014160506533030876,4.4975168745054336e-05,0.5635688836555677,215.05768192525835,1.2119981772417199,0.030447038349880474,0.01543946587744351,0.7969165404456362,0.27037931202448817,2.3808006036640705
24759.63371015551,25084.15059277541,13270.076490617555,0.00013934537970769706,4.3517640587212415e-05,0.5588385843700375,217.72251719529757,1.2167174329490122,0.030332247436174707,0.015052308288980094,0.7979479963813105,0.2758584507256501,2.3835655962839297
25104.42170057638,25433.45761304648,13124.352423225017,0.00013710632956228288,4.210574761132949e-05,0.5541686315945863,220.4285841306233,1.2215460683199963,0.030215615072613708,0.014676510234812583,0.7989559042061387,0.2812645275447494,2.38629461000734
25454.01100428525,25787.628875937982,12980.04978751228,0.00013488828411702955,4.073813485609601e-05,0.5495579004580082,223.1764867446687,1.2264840148699463,0.03009719604893564,0.014311683103545966,0.7999404948690767,0.28659860951222527,2.3889882169347345
25808.468481526517,26146.73211801092,12837.16102797345,0.00013269158682968635,3.9413484111087186e-05,0.5450052928784654,225.96683875988458,1.2315312313915188,0.029977044546202935,0.013957453528659649,0.8009019979563163,0.29186175379254564,2.391646982239692
26167.86192360064,26510.83601908542,12695.678437816134,0.00013051655607360303,3.813051308750707e-05,0.5405097368364797,228.800263759031,1.23668770352511,0.029855214123919192,0.013613462717711184,0.801840641636204,0.29705500729107825,2.394271463620896
26532.26006582956,26880.010215376074,12555.59416575704,0.00012836348582019282,3.688797459951032e-05,0.5360701856683419,231.67739533865466,1.2419534433435044,0.02973175770827354,0.013279365813927633,0.8027566526133114,0.3021794063006382,2.396862210775268
26901.732600702686,27254.325312810277,12416.900222676839,0.0001262326463217291,3.5684655756381277e-05,0.5316856173794128,234.59887726479744,1.247328488950509,0.029606727581466784,0.012954831288501702,0.8036502560909753,0.30723597617998166,2.399419764891036
27276.350191205715,27633.85290053167,12279.58848813386,0.00012412428479323422,3.4519377165822824e-05,0.5273550339768112,237.56536363098004,1.2528129040932896,0.02948017537207438,0.012639540362002625,0.8045216757402045,0.31222573106765594,2.4019446581599766
27656.184484335252,28018.665564591953,12143.650716736045,0.00012203862609228503,3.339099214857805e-05,0.5230774608209777,240.577519018515,1.2584067777881531,0.0293521520464014,0.012333186453398681,0.8053711336783635,0.3171496736292738,2.40443741332426
28041.308124801435,28408.83690183307,12009.078544371267,0.0001199758733956386,3.2298385964586966e-05,0.5188519459956383,243.63601865919748,1.2641102239595425,0.02922270790078562,0.012035474655271612,0.8061988504525175,0.3220087948359378,2.406898543248559
28431.794768921587,28804.441533962978,11875.863494295883,0.00011793620887164618,3.1240475050853315e-05,0.5146775596956799,246.74154860043154,1.269923381092031,0.029091892554805453,0.011746121233879844,0.8070050450335202,0.3268040737756337,2.409328550532308
28827.719098707385,29205.555121827452,11743.996983081928,0.00011591979434749937,3.0216206271176877e-05,0.5105533936324773,249.89480587284578,1.2758464118951054,0.02895975494535093,0.01146485315280108,0.8077899348155029,0.33153647749543325,2.4117279271654297
29229.156836147893,29612.254379880313,11613.470326423494,0.00011392677197041898,2.9224556177885268e-05,0.5064785604562176,253.0964986604545,1.28187950298056,0.02882634332151628,0.011191407618954102,0.8085537356204213,0.33620696087211854,2.41409715422013
29636.18475769182,30024.617090855492,11484.27474480269,0.00011195726486194917,2.826453028567398e-05,0.5024521931947723,256.34734647343026,1.2880228645523522,0.028691705240273497,0.01092553164986384,0.8092966617123238,0.34081646651350184,2.4164367015967088
30048.88070893106,30442.72212064306,11356.401369016272,0.0001100113777646144,2.733516235765269e-05,0.498473444708683,259.6480803235433,1.2942767301087343,0.02855588756288872,0.01066698166109548,0.81001892581628,0.34536592468407434,2.4187470278209133
30467.323619489114,30866.649433372742,11229.841245563612,0.00010808919768022949,2.6435513703669104e-05,0.4945414871618288,262.9994429023388,1.3006413561565506,0.028418936452042572,0.010415523072840913,0.810720739144756,0.34985625326078207,2.4210285798978646
30891.5935181168,31296.48010670751,11104.585341897246,0.00010619079449923237,2.5564672490969342e-05,0.49065551150735953,266.40218876211384,1.307117021937551,0.028280897369618415,0.010170929934695512,0.8114023114266047,0.3542883577090379,2.4232817932168302
31321.771547997792,31732.29634734973,10980.624551537368,0.00010431622162047301,2.472175306723805e-05,0.48681472698848427,269.85708449975783,1.3137040291665796,0.028141815075123283,0.009932984567714624,0.8120638509452078,0.3586631310861321,2.425507091520572
31757.9399822678,32174.181506763714,10857.94969905138,0.0001024655165609348,2.3905895296041316e-05,0.48301836065370546,273.36490894353227,1.3204027017815438,0.02800173362470701,0.009701477222887153,0.8127055645791756,0.3629814540622647,2.427704886937221
32200.18223974931,32622.220097116733,10736.551544900285,0.00010063870155494521,2.3116263904687437e-05,0.4792656568861067,276.9264533428487,1.3272133857050015,0.027860696370747777,0.009476205755210035,0.8133276578499249,0.36724419496465543,2.4298755800727605
32648.582900905913,33076.49780744242,10616.420790153297,9.883578414246186e-05,2.2352047844499686e-05,0.47555587694629964,280.5425215611241,1.3341364486172655,0.027718745961972376,0.009256975312589915,0.8139303349711327,0.3714522098359794,2.4320195601624732
33103.22772401877,33537.10152002929,10497.548081072533,9.705675774610512e-05,2.161245966348939e-05,0.47188829852864245,284.2139302717764,1.3411722797408678,0.027575924344082077,0.009043598038839334,0.8145137989035902,0.3756063425124694,2.4341372052846992
33564.20366158797,34004.11932703703,10379.924013569705,9.530160223663093e-05,2.0896734891399827e-05,0.46826221533036216,287.9415091574292,1.3483212896362557,0.02743227276085567,0.00883589279007389,0.8150782514132402,0.3797074247128194,2.436228882638943
34031.5988769627,34477.64054734464,10263.539137536583,9.357028448660653e-05,2.020413143708209e-05,0.46467693663319626,291.7261011123987,1.355583910008555,0.027287831755703214,0.008633684863851816,0.8156238931334201,0.3837562761416393,2.438294948876262
34505.50276120255,34957.755743632784,10148.383961051446,9.186275891209698e-05,1.953392899815397e-05,0.4611317868971938,295.5685624485244,1.3629605935252287,0.02714264117364545,0.008436805740433118,0.8161509236257984,0.38775370459984515,2.44033575048185
34986.00595017409,35444.556739704356,10034.448954463453,9.017896800220604e-05,1.8885428482879497e-05,0.45762610536631076,299.469763104417,1.3704518136444606,0.026996740163694813,0.008245092835566958,0.8166595414480753,0.3917005061060763,2.4423516242113266
35473.20034188537,35938.13663804626,9921.724554357244,8.851884283636848e-05,1.8257951444199503e-05,0.4541592456854463,303.43058685818374,1.3780580644540503,0.026850167181616053,0.008058389264247205,0.8171499442206027,0.3955974650217513,2.444342897572753
35967.1791140616,36438.58983763541,9810.20116740007,8.688230358932658e-05,1.7650839525833236e-05,0.4507305755285721,307.4519315436955,1.3857798605206098,0.0267029599930453,0.007876543614905083,0.8176223286932895,0.3994453541816938,2.4463098893430413
36468.03674196584,36946.01205199302,9699.869174073649,8.526926002375978e-05,1.7063453920361286e-05,0.44733947623760806,311.5347092704573,1.393617736748819,0.026555155676948047,0.007699409733534853,0.8180768908163714,0.4032449350255547,2.4482529101239834
36975.869016467615,37460.50032748997,9590.718932293252,8.367961197057403e-05,1.649517483919268e-05,0.44398534247171045,315.6798466471415,1.4015722482504815,0.026406790629397568,0.007526846517275047,0.8185138258062352,0.4069969577298025,2.4501722629193665
37490.77306236326,37982.15306190736,9482.740780916294,8.211324979688251e-05,1.594540099430924e-05,0.4406675818666402,319.8882850088414,1.4096439702231274,0.02625790056765624,0.007358717716991964,0.8189333282150528,0.41070216133937265,2.452068243735667
38012.84735695169,38511.07002325569,9375.925043142923,8.057005486174912e-05,1.5413549091674557e-05,0.43738561470388576,324.1609806481005,1.4178334978378386,0.026108520534543874,0.0071948917484353555,0.8193355919977989,0.41436127389624744,2.453941142196811
38542.19174886823,39047.35236885556,9270.26202981118,7.904989995977671e-05,1.4899053336185685e-05,0.43413887358923314,328.4989050497658,1.4261414461360178,0.025958684903077525,0.007035241511558994,0.819720810578076,0.417975012563943,2.4557912421629595
39078.90747718127,39591.102664684586,9165.742042589023,7.755264975266021e-05,1.440136494803991e-05,0.43092680314046206,332.9030451297191,1.434568449934748,0.025808427381368588,0.006879644217618447,0.8200891769101872,0.4215440837458573,2.457618822344031
39623.0971907543,40142.42490499326,9062.355377065891,7.607816118883043e-05,1.3919951690381493e-05,0.42774885968388116,337.37440347753125,1.4431151637404362,0.025657781017763323,0.006727981223679487,0.8204408835421191,0.42506918319975284,2.459424156909094
40174.86496787806,40701.42453219439,8960.09232574607,7.462628391133802e-05,1.3454297408086906e-05,0.42460451095939844,341.9139986030881,1.4517822616703666,0.025506778206213956,0.006580137874188111,0.8207761226739763,0.4285509961438265,2.461207516080165
40734.316336176096,41268.20845702952,8858.943180946486,7.319686065414483e-05,1.3003901577542807e-05,0.4214932358338481,346.5228651872293,1.4605704373818162,0.025355450691868224,0.006436003349271567,0.8210950862146547,0.4319901973569813,2.4629691667014697
41301.55829278701,41842.88507901576,8758.898237601363,7.178972762698854e-05,1.2568278867263216e-05,0.41841452402230506,351.2020543364401,1.4694804040083729,0.02520382957686513,0.006295470519456643,0.8213979658324888,0.435387451269321,2.4647093727778753
41876.69932482829,42425.564307177774,8659.94779597607,7.040471488901081e-05,1.2146958709189374e-05,0.4153678758171115,355.95263384164065,1.4785128941030834,0.025051945326325827,0.006158435806506692,0.8216849530053878,0.43874341204696066,2.4664283959799747
42459.84943014453,43016.357581068,8562.082164292658,6.904164671133315e-05,1.1739484880509827e-05,0.4123528018243692,360.77568844110675,1.4876686595880606,0.024899827774528465,0.006024799050094728,0.8219562390673332,0.4420587236697884,2.4681264961173923
43051.12013834518,43615.377892080054,8465.291661269295,6.770034192877684e-05,1.1345415095834535e-05,0.40936882270764485,365.67232008756645,1.4969484717102015,0.024747506131256015,0.00589446338004353,0.8222120152479988,0.4453340199995637,2.469803931557287
43650.624532135116,44222.73980505897,8369.566618575935,6.63806142809218e-05,1.0964320609552953e-05,0.4064154689386556,370.6436482195089,1.5063531210026582,0.024595008988306463,0.005767335093877663,0.8224524727107223,0.4485699248432411,2.4714609596007975
44258.47726894187,44838.559480211814,8274.897383208598,6.50822727427059e-05,1.0595785828203476e-05,0.40349228055470904,375.6908100367362,1.5158834172516866,0.024442364326155378,0.005643323539444918,0.8226778025864974,0.45176705200935885,2.473097836814155
44874.79460284449,45462.95469532399,8181.274319784203,6.380512184475557e-05,1.0239407932676694e-05,0.4005988069226797,380.8149607802093,1.525540189468589,0.024289599520759632,0.0055223410023767985,0.8228881960024523,0.4549260053585158,2.4747148193007433
45499.69440680728,46096.044868284385,8088.687812758333,6.254896198365465e-05,9.894796510075726e-06,0.3977346065093146,386.01727401621275,1.5353242858663665,0.02413674135049299,0.005404302598169088,0.8230838441081687,0.4580473788503241,2.476312162928032
46133.29619522358,46737.951079924635,7997.1282685677525,6.131358972233257e-05,9.561573195050893e-06,0.3948992466576722,391.2989419248927,1.5452365738408431,0.0239838160032024,0.005289126168674512,0.8232649380947805,0.46113175658524597,2.477890123496735
46775.72114677357,47388.79609717651,7906.586117699824,6.009879808077493e-05,9.239371320428368e-06,0.39209230336950307,396.6611755932013,1.5552779399559318,0.023830849083375388,0.005176732182809622,0.8234316692135053,0.46417971284381565,2.479448956858789
47427.09212759983,48048.70439655124,7817.051816690789,5.890437681723622e-05,8.92783557694858e-06,0.38931336109339915,402.1052053122892,1.565449289932786,0.023677865619408264,0.005067043641288029,0.8235842287874675,0.4671918121248382,2.480988918989503
48087.533714806195,48717.80218794631,7728.5158500546395,5.773011270014248e-05,8.626621681930654e-06,0.38656201251853517,407.6322808794,1.5757515486426166,0.023524890070964786,0.004959985985200936,0.8237228082224988,0.470168609182565,2.482510266007253
48757.17222028319,49396.21743878326,7640.968732144559,5.657578977086331e-05,8.33539605667884e-06,0.38383785837384476,413.24367190430553,1.5861856601029238,0.02337194633641555,0.004855487008274976,0.7763547321898727,0.37472550801317084,1.6798134912658966
49436.13571486593,50084.07989848212,7564.330915024238,5.684266106415542e-05,8.234985006022303e-06,0.38062227949577887,418.3710443985655,1.5924134059401172,0.02328232757857526,0.0047341135542808095,0.8235978732739113,0.47527550657127904,2.4793904547420595
50124.55405282829,50781.5211232767,7468.877817937709,5.433638619287928e-05,7.782941609960709e-06,0.3784656866973108,424.7202158243066,1.6074202813617624,0.023066721141433166,0.004653744078945182,0.8244459390289194,0.48286760068788226,2.4902260096845765
50822.55889671775,51488.67450137487,7393.792614292054,5.4564934258068465e-05,7.68688153407904e-06,0.37533431862566774,430.0349045087113,1.6140685786903124,0.02297344811804613,0.004538840634504847,0.8241555269827359,0.48178644611084565,2.4886339851043857
51530.283742536485,52205.67527846975,7300.550153891404,5.216299942988243e-05,7.2652451117984075e-06,0.37320190982198853,436.5543277602141,1.6292290886116623,0.022761382695486446,0.004461583754331481,0.8247028058167416,0.4886675751954499,2.495358017945776
52247.86394527276,52932.66058360567,7227.047764487545,5.2362753024947307e-05,7.174240272335847e-06,0.3701491213383748,442.05893412310974,1.6362772604544757,0.02266503025847719,0.00435266500716068,0.8242864871258462,0.48737025803757206,2.4914981194825785
52975.43674478816,53669.76945540476,7135.990277751541,5.0064950717233245e-05,6.781446901427301e-06,0.36803937650887525,448.75235912705944,1.6515853846000983,0.022456617583614488,0.0042783445634248215,0.8248232853833315,0.4941554909163415,2.498963196816028
53713.14129206552,54417.14286865888,7064.039805830389,5.023691754434065e-05,6.6951196315168276e-06,0.3650628826706283,454.45317951783073,1.6590398775361184,0.02235735905188152,0.004175072137426259,0.8243660634199728,0.4928255776580954,2.494280379913306
54461.11867582171,55174.923761291175,6975.124352552712,4.804044001340939e-05,6.3293780951992626e-06,0.362975265492221,461.32554980896117,1.6744976392025248,0.02215259035661478,0.004103555506651723,0.8248908178069883,0.4995043106692947,2.502430882810671
55219.511949491585,55943.257061693774,6904.695637452137,4.818573434664916e-05,6.247397101668063e-06,0.36007279917909935,467.22901030340694,1.6823645759762798,0.022050601956725452,0.004005609916085104,0.8243965194637894,0.49815772808585734,2.496995077665531
55988.466158587195,56722.28971644549,6817.8790688374975,4.6087630997440565e-05,5.9070018222853506e-06,0.3580068693813313,474.28550751302436,1.6979746973767371,0.02184945657858804,0.003936774139685217,0.8249072006478286,0.5047193761621429,2.5057645368104176
56768.128368438396,57512.170718416135,6748.942751387336,4.620746787460298e-05,5.829077615048208e-06,0.35517618156593606,480.39816226424483,1.7062598490430745,0.02174491701000477,0.003843853699818885,0.770280320025222,0.4115966698579996,1.5689012929225967
57558.64769231999,58313.05113526218,6674.160975225445,4.5472696784310115e-05,5.656156841553756e-06,0.35268368211967377,487.0256994876935,1.7176601698222944,0.02160212803963037,0.003763228522650886,0.8690500396182301,0.5834553356452261,3.269109333863831
58360.175319969756,59125.08413831869,6588.654050268451,4.329040407773379e-05,5.325142788727282e-06,0.35072749141189824,494.4761286472005,1.734263721634997,0.021396822404448724,0.0037006948797353744,0.8344171577300585,0.528357371209836,2.6755865885047925
59172.864546504316,59948.42503189409,6521.892684252742,4.337323828892511e-05,5.2526959842782355e-06,0.3480007729788374,500.9158098832858,1.7431908903670383,0.02128873719847504,0.003614798147906958,0.7713666820777121,0.4265342700260817,1.5923235250682666
59996.870801737015,60783.23128297236,6449.574130544818,4.2667625154304405e-05,5.0957046507156445e-06,0.3455834122997712,507.8628296031662,1.7550896963447944,0.021145879216980933,0.0035397441737405172,0.813590202136993,0.5000121960216575,2.3212573679107393
60832.35167990473,61629.66255132942,6376.770588935134,4.181099684001432e-05,4.926055425944056e-06,0.3432451315120614,514.9996507868342,1.7677112286299261,0.020996347323508444,0.0034681379436947535,0.8224637098237508,0.5169052887252974,2.4769925932368153
61679.466969808534,62487.88072006889,6304.51373015031,4.093492042114006e-05,4.758286452764099e-06,0.34094028233912055,522.2637394235181,1.7806074677453914,0.020845709184694562,0.0033985084808947565,0.8243551262008282,0.522381923080502,2.5124931284989067
62538.37868537353,63358.04992658241,6233.021563864794,4.006768024018074e-05,4.595356368068195e-06,0.3386589040336834,529.6427905777714,1.7936824698640974,0.02069516485861174,0.003330514397983487,0.8246974651810319,0.5253788959267922,2.5214179519162414
63409.25109663496,64240.33659394191,6162.335213721109,3.9215236292496356e-05,4.437754577588667e-06,0.33639863292523825,537.1354274353444,1.8069162348496335,0.020544984459313964,0.0032640522588635755,0.8246876915437724,0.5278161528825649,2.524417368058156
64292.250761154915,65134.90946272809,6092.456975770939,3.8378693825554584e-05,4.285444397748546e-06,0.33415874974873233,544.7427035617768,1.8203054075694765,0.02039523700237559,0.0031990701992863596,0.8245918660616667,0.5301113201376211,2.5260803137437904
65187.546555877496,66041.93962330306,6023.380680068055,3.755810653149758e-05,4.138280966885418e-06,0.33193889357305323,552.4662288354758,1.8338502873612508,0.020245947835781455,0.003135528183380203,0.8244690647133552,0.5323553120538236,2.527423405388074
66095.30970942725,66961.60054853215,5955.0983535192645,3.675330170480058e-05,3.996100705668094e-06,0.32973878422692826,560.3077569066893,1.8475519855532896,0.020097132600560237,0.0030733895166369196,0.8243324675851227,0.5345681354348244,2.528671130274571
67015.7138348571,67894.06812696099,5887.601674176508,3.596405828241444e-05,3.858740253898418e-06,0.3275581626521451,568.2690951818685,1.8614118070976982,0.01994880452071159,0.003012619021814785,0.8241851373741156,0.5367544898235792,2.5298733966038824
67948.93496285248,68839.52069645496,5820.882287172522,3.519014511799017e-05,3.7260403591610955e-06,0.3253967780865098,576.3520855875452,1.8754311169362754,0.019800975964797265,0.0029531826280972235,0.824027920201388,0.5389157818434569,2.5310418934039802
68895.15157539771,69798.13907830667,5754.931873468178,3.4431329268795405e-05,3.597846578466061e-06,0.3232543852436389,584.5586007640705,1.8896113112887134,0.0196536587855325,0.002895047258814037,0.8238611787489845,0.5410527035215864,2.5321799951851816
69854.54463991142,70770.10661181889,5689.742165259222,3.3687377887787655e-05,3.4740093117086224e-06,0.3211307436142599,592.8905436025453,1.9039538114894814,0.019506864400389137,0.002838180782600128,0.8236851698142118,0.5431657818371605,2.5332892730322634
70827.29764385757,71755.6091893692,5625.304949923067,3.295805875582886e-05,3.354383698091563e-06,0.3190256172171494,601.349847504511,1.9184600626356532,0.019360603817525152,0.0027825519787137354,0.8235001259420756,0.5452554952130413,2.534370900614878
71813.59662983773,72754.83529196218,5561.612071492513,3.2243140521106655e-05,3.238829486692491e-06,0.3169387744473135,609.9384768004878,1.9331315332540777,0.019214887650070095,0.0027281305062276063,0.8233062729054268,0.5473222982614061,2.5354259540313038
72813.63023117266,73767.97602527731,5498.655431571758,3.154239287037344e-05,3.127210904250946e-06,0.31486998794763554,618.6584272070501,1.94796971518387,0.01906972612775777,0.002674886874929668,0.8231038333744323,0.5493666272525388,2.536455473803322
73827.58970797871,74795.2251562183,5436.426990100527,3.0855586679015205e-05,3.0193965248954137e-06,0.3128190344886328,627.5117262970855,1.9629761235054948,0.018925129107768432,0.002622792417451374,0.822893027642408,0.551388901587643,2.5374604762599926
74855.66898374722,75836.7791499719,5374.918766051885,3.018249414980611e-05,2.9152591427355453e-06,0.3107856948531001,636.5004339780908,1.978152296481807,0.01878110608516153,0.0025718192624883574,0.822674073733026,0.5533895244630003,2.538441954399481
75898.0646824336,76892.83720758306,5314.122838082059,2.9522888942503947e-05,2.8146756474676263e-06,0.30876975372492915,645.6266429776126,1.9934997955045024,0.01863766620297524,0.002521940309050322,0.8224471873776906,0.5553688833849719,2.539400876726008
76954.97616606174,77963.60130405221,5254.031345136633,2.88765462948717e-05,2.7175269029844964e-06,0.3067709995818984,654.8924793358193,2.00902020504517,0.01849481826200863,0.0024731292016930717,0.8222125819762596,0.5573273506741998,2.54033818586894
78026.60557285314,79049.2762269642,5194.636487014423,2.8243243135409735e-05,2.623697628950955e-06,0.3047892245923172,664.3001029053939,2.0247151326113157,0.018352570730290823,0.002425360306689991,0.8219704685577653,0.559265283975833,2.541254797344571
79113.15785588614,80150.06961565414,5135.930524890022,2.7622758188034464e-05,2.533076285300606e-06,0.30282422451543245,673.8517078589541,2.040586208707875,0.018210931752240506,0.002378608689102813,0.8217210557449448,0.5611830267832829,2.5421515985218672
80214.84082229417,81266.19200091946,5077.905781795751,2.701487206894599e-05,2.4455549596100794e-06,0.30087579860549646,683.5495232042239,2.0566350868047714,0.01806990915751975,0.0023328500907130643,0.8214645497234869,0.5630809089653894,2.5430294477931836
81331.86517301002,82397.85684528512,5020.554643063911,2.6419367375938124e-05,2.3610292573070986e-06,0.2989437495193936,693.3958133071701,2.0728634433109487,0.017929510469587434,0.0022880609087773058,0.8212011542170785,0.564959247304273,2.543889173946364
82464.44454306272,83545.28058382854,4963.869556730241,2.583602877041373e-05,2.2793981946692544e-06,0.29702788322772444,703.3928784233061,2.089272977555308,0.017789742913958403,0.0022442181755709316,0.8209310704664858,0.566818346030459,2.544731575723725
83612.79554243629,84708.68266557403,4907.843033899454,2.5264643052381086e-05,2.2005640945708165e-06,0.2951280089292316,713.5430552373849,2.1058654117749014,0.017650613426175108,0.002201299538686616,0.8206544972118763,0.5686584973590243,2.545557421543572
84777.13779749667,85888.28559546258,4852.46764907386,2.470499922870951e-05,2.124432484934846e-06,0.29324393896846196,723.8487174116702,2.122642491110673,0.017512128659499596,0.0021592832420551863,0.8203716306799151,0.5704799820218796,2.5463674493875557
85957.69399299657,87084.31497690723,4797.736040445976,2.4156888574927465e-05,2.050911999847691e-06,0.2913754887565493,734.3122761430021,2.1396059836110144,0.01737429499233374,0.0021181481076579423,0.8200826645720554,0.5722830697930021,2.547162366822956
87154.68991466491,88296.99955494083,4743.6409101561685,2.3620104690851217e-05,1.9799142832931193e-06,0.2895224766950038,744.9361807288439,2.1567576802433184,0.017237118535376662,0.0020778735179009505,0.8197877900568642,0.5740680200077577,2.5479428511601796
88368.3544923887,89526.57125996382,4690.175024516333,2.309444355032612e-05,1.9113538954624882e-06,0.28768472410240076,755.7229191425023,2.174099394913717,0.017100605138528017,0.002038439398623199,0.819487195764907,0.5758350820700571,2.548709549730513
89598.91984399717,90773.26525210224,4637.331214200588,2.2579703545369544e-05,1.84514822159763e-06,0.2858620551438479,766.6750186177185,2.191632964495088,0.016964760397546682,0.0019998262027115794,0.8191810677857347,0.5775844959515553,2.5494630802643656
90846.62131965456,92037.3199661823,4585.102374404052,2.2075685524994485e-05,1.7812173833222438e-06,0.2840542967631262,777.7950462428067,2.2093602488634367,0.016829589660474174,0.001962014894297149,0.8188695896645868,0.5793164926728878,2.5502040313632244
92111.697546872,93318.97715733238,4533.481464970647,2.158219282899251e-05,1.7194841524173847e-06,0.2822612786173905,789.0856095645444,2.227283130942712,0.01669509803383195,0.0019249869335081274,0.8185529424039828,0.5810312947783132,2.550932963056781
93394.39047614644,94618.48194721992,4482.461510490977,2.1099031316947817e-05,1.6598738669961783e-06,0.28048283301432114,800.5493572019791,2.245403516758048,0.016561290388602563,0.0018887242617562831,0.8182313044647458,0.5827291167896647,2.551650407434739
94694.94542723401,95936.08287093147,4432.03560037132,2.0626009392748974e-05,1.602314350032541e-06,0.2787187948516252,812.1889794703403,2.263723335497446,0.016428171366003767,0.001853209287534522,0.8179048517692991,0.5844101656490466,2.5523568693380723
96013.61113606792,97272.03192450537,4382.196888874687,2.0162938024857558e-05,1.5467358301982738e-06,0.27696900155877935,824.0072090152274,2.2822445395818396,0.016295745383065156,0.0018184248727044084,0.8175737577038831,0.5860746411425453,2.553052827099741
97350.63980233138,98626.5846131283,4332.938595134906,1.970963076258642e-05,1.4930708649626503e-06,0.27523329304091243,836.006821457276,2.300969104743522,0.01616401663801619,0.00178435431925337,0.8172381931239556,0.5877227363098427,2.5537387333347326
98706.28713769017,100000.0,4284.254003144791,1.9265903748628047e-05,1.4412542659081191e-06,0.2735115116247374,848.1906360474413,2.3198990301128317,0.01603298911549496,0.0017509813565024573,0.8168983263600467,0.5893546378370047,2.554415015766544
100080.81241469986,101392.54075588143,4236.1364617192385,1.8831575728072617e-05,1.3912230262159566e-06,0.2718035020064274,860.5615163331148,2.3390363383130195,0.015902666591586154,0.001718290128746125,0.8165543232237837,0.5909705264324998,2.555082078080833
101474.47851639199,102804.47320933097,4188.579384434286,1.8406468054136816e-05,1.3429162502749723e-06,0.2701091112013538,873.1223708352172,2.358383075563193,0.015773052638696956,0.001686265183306711,0.8162063470131784,0.5925705771843468,2.5557403007978508
102887.55198655091,104236.06739764012,4141.576249543022,1.7990404690825124e-05,1.2962750853668937e-06,0.2684281884955931,885.8761537364549,2.377941311789201,0.015644150630278957,0.001654891458986867,0.8158545585209254,0.5941549599040172,2.5563900421612207
104320.30308069254,105687.59711848051,4095.120599869184,1.758321221272836e-05,1.2512426553814727e-06,0.2667605853991173,898.8258655809319,2.397713140742377,0.015515963745403982,0.0016241542749040356,0.8154991160412806,0.5957238394515798,2.5570316390419734
105773.0058177502,107159.33998226712,4049.206042679461,1.718471980215896e-05,1.2077639965147618e-06,0.26510615560059125,911.9745539852537,2.4177006801259444,0.015388494973201668,0.0015940393196919663,0.8151401753789287,0.5972773760457244,2.557665407839872
107245.9380324832,108651.57746525372,4003.826249535213,1.6794759243813967e-05,1.1657859949040278e-06,0.2634647549236918,925.3253143613447,2.4379060717289973,0.015261747117165774,0.0015645326410546902,0.8147778898558613,0.5988157255557098,2.5582916453847453
108739.3814286131,110164.59496336569,3958.974956124556,1.6413164917142897e-05,1.125257326152757e-06,0.26183624128488153,938.8812906511201,2.4583314815678765,0.015135722799336435,0.0015356206356593588,0.8144124103199601,0.6003390397796693,2.5589106298340525
110253.6216326999,111698.68184678226,3914.6459620756127,1.6039773786594942e-05,1.0861283966997821e-06,0.2602204746525616,952.6456760732025,2.4789791000347914,0.015010424464364942,0.0015072900393547715,0.8140438851545468,0.6018474667072837,2.5595226215626603
111788.94824877079,113254.13151528126,3870.8331307516496,1.5674425389906103e-05,1.0483512869865332e-06,0.25861731700753454,966.6217138818782,2.499851142053561,0.01488585438346721,0.001479527917703062,0.8136724602873642,0.603341150767335,2.56012786404073
113345.65491370611,114831.24145435111,3827.5303890290097,1.531696182457966e-05,1.0118796963769403e-06,0.25702663230471934,980.8126981384393,2.520949847242283,0.014762014658272173,0.001452321656812752,0.8132982791985341,0.6048202330596268,2.560726584691274
114924.0393534002,116430.31329208757,3784.7317270584576,1.4967227732706873e-05,9.76668889784936e-07,0.2554482864360472,995.221974495135,2.542277480082817,0.014638907224570423,0.0014256589544616523,0.8129214829308467,0.6062848515749124,2.561318995732858
116524.40343970174,118051.65285688055,3742.431198010784,1.4625070284263135e-05,9.426756459648717e-07,0.2538821471944901,1009.8529409918831,2.5638363300969,0.014516533855968721,0.0013995278114988933,0.8125422100993092,0.6077351414000418,2.5619052950062695
118147.05324814729,119695.57023590428,3700.622917807334,1.4290339159009514e-05,9.0985820742075e-07,0.25232808423916014,1024.7090488659355,2.5856287120287345,0.014394896167455314,0.0013739165235156672,0.8121605969016628,0.6091712349121394,2.5624856667738136
119792.29911650092,121362.37983442418,3659.3010648361164,1.3962886527122025e-05,8.781762318907682e-07,0.2507859690614281,1039.7938033747182,2.6076569660339666,0.014273995618880538,0.001348813672774766,0.8117767771272497,0.6105932619567511,2.5630602824951403
121460.4557041056,123052.40043592617,3618.4598796542646,1.3642567028660292e-05,8.475907453640979e-07,0.24925567495201634,1055.110764631974,2.629923457874807,0.01415383351835753,0.0013242081203895745,0.8113908821679274,0.6120013500180903,2.563629301579489
123151.84205206454,124765.95526308683,3578.093664677384,1.3329237751985897e-05,8.180640965877319e-07,0.2477370769690125,1070.6635484574763,2.652430579121259,0.014034411025586807,0.0013000889987433587,0.8110030410292097,0.6133956243760963,2.564192872114173
124866.78164425855,126503.37203959038,3538.1967838565083,1.3022758211227986e-05,7.895599130216184e-07,0.24623005190676525,1086.455827240451,2.6751807473582385,0.013915729155108773,0.001276445704140331,0.8106133803409534,0.6147762082534314,2.5647511315657994
126605.6024692123,128264.98305280598,3498.7636623432604,1.2722990322891583e-05,7.620430582012236e-07,0.24473447826561887,1102.4913308169262,2.6981764063984826,0.013797788779487811,0.0012532678896802105,0.8102220243682723,0.6161432229503134,2.5653042074489534
128368.63708282559,130051.12521734099,3459.788786143743,1.2429798381696631e-05,7.354795904672879e-07,0.24325023622244452,1118.773847361242,2.721420026501152,0.013680590632430989,0.001230545458348323,0.8098290950230762,0.6174967879728115,2.5658522179721857
130156.22267197346,131862.14013947485,3421.2667017618573,1.2143049035728454e-05,7.098367230232777e-07,0.24177720760193697,1135.3072242918647,2.7449141045959298,0.013564135311844944,0.0012082685563138092,0.8094347118765199,0.6188370211500569,2.566395272659271
131968.70111899645,133698.37418249453,3383.192015832474,1.1862611260977753e-05,6.850827852818857e-07,0.24031527584863555,1152.0953691917844,2.7686611645125927,0.013448423282833367,0.0011864275664285806,0.8090389921708834,0.6201640387427574,2.5669334729349487
133806.41906708613,135560.1785329369,3345.5593947451057,1.1588356335340588e-05,6.611871854626545e-07,0.23886432599964125,1169.142250743655,2.792663757215867,0.013333454880638123,0.0011650131019201899,0.8086420508325318,0.6214779555444352,2.5674669126913585
135669.72798658078,137447.90926775365,3308.3635642585596,1.1320157812144793e-05,6.381203744036032e-07,0.2374242446579979,1186.4518996799077,2.816924461045488,0.013219230313526393,0.0011440160002719405,0.8082440004844784,0.6227788849739682,2.567995678819713
137558.9842421877,139361.92742241436,3271.599309107032,1.1057891493265447e-05,6.158538105505989e-07,0.2359949199667055,1204.0284097480974,2.8414458819614197,0.013105749665625803,0.0011234273172838437,0.8078449514594013,0.6240669391612528,2.568519851717909
139474.54916113665,141302.59905995335,3235.261472598249,1.0801435401885645e-05,5.943599260889546e-07,0.23457624158334434,1221.8759386916242,2.866230653794021,0.012993012899710247,0.0011032383213083992,0.8074450118152185,0.6253422290275807,2.569039505778548
141416.78910228738,143270.29534098294,3199.344956203992,1.0550669754957238e-05,5.736120941826397e-07,0.23316810065527724,1239.998709246157,2.8912814384992185,0.012881019859937696,0.0010834404876552406,0.8070442873475372,0.6266048643560111,2.5695547098396077
143386.07552619593,145265.39259467812,3163.844719143575,1.0305476935409848e-05,5.535845972872344e-07,0.23177038979541184,1258.4010101519045,2.916600926418469,0.012769770274542267,0.0010640254931591133,0.8066428816045459,0.6278549538593552,2.570065527615917
145382.7850661571,147288.27239075018,3128.755777960683,1.0065741464155085e-05,5.342525965036722e-07,0.23038300305849765,1277.0871971820134,2.942191836543519,0.012659263758481974,0.0010449852109057545,0.8062408959032155,0.6290926052411692,2.570572018108365
147407.29960023912,149339.32161242532,3094.0732060939513,9.831349971927917e-06,5.155921019405508e-07,0.22900583591793466,1296.0616941873493,2.9680569167858852,0.012549499816043547,0.0010263117051104533,0.8058384293445329,0.6303179252520295,2.5710742359876093
149460.00632431672,151418.9325304352,3059.7921334418056,9.602191171004547e-06,4.975799440536784e-07,0.2276387852430789,1315.3289941578441,2.994198944250924,0.012440477843406092,0.0010079972261443886,0.8054355788291332,0.6315310197384747,2.5715722319509027
151541.2978261258,153527.5028780421,3025.907745921858,9.378155826833805e-06,4.801937459323152e-07,0.22628174927701955,1334.8936603007317,3.0206207255165305,0.012332197131164327,0.0009900342057038696,0.8050324390735568,0.6327319936915501,2.572066053060503
153651.57216034658,155665.4359271062,2992.4152850253236,9.15913672961483e-06,4.634118965023593e-07,0.22493462761481595,1354.7603271358716,3.0473250969163357,0.01222465686681298,0.000972415252117937,0.8046291026286099,0.6339209512876778,2.5725557430643775
155791.23292473197,157833.14056521165,2959.310047366819,8.945028665852806e-06,4.4721352461756343e-07,0.22359732118217418,1374.9337016084266,3.0743149248273505,0.0121178561371933,0.0009551331457898583,0.8042256598952804,0.6350979959273673,2.5730413426881853
157960.68933729932,160031.03137387018,2926.587384229857,8.735728389921483e-06,4.3157847401064427e-07,0.2222697322145479,1395.4185642191992,3.101593105962103,0.01201179393090234,0.0009381808347682463,0.8038221991446903,0.6362632302706857,2.573522889916582
160160.35631459244,162259.5287078087,2894.242701108481,8.531134595658066e-06,4.1648727907689484e-07,0.2209517642366516,1416.2197701728137,3.1291625676650847,0.01190646914066648,0.0009215514304437274,0.8034188065343528,0.637416756266191,2.5740004202482325
162390.65455103808,164519.05877536608,2862.2714572452837,8.331147888016148e-06,4.0192114146375424e-07,0.2196433220423678,1437.34225054411,3.1570262682136168,0.01180188056567934,0.0009052382033671529,0.803015566128181,0.6385586751812298,2.574473966935088
164652.01059940425,166810.0537200059,2830.669165166216,8.135670754797902e-06,3.878619074404603e-07,0.21834431167503984,1458.7910134629383,3.1851871971229904,0.011698026913905354,0.0008892345791855897,0.8026125599165539,0.6396890876266639,2.574943561212848
166944.85695237917,169132.9517029647,2799.4313902124745,7.944607538486938e-06,3.742920460227228e-07,0.21705464040813535,1480.5711453176802,3.2136483754559015,0.011594906804349445,0.0008735341346923891,0.8022098678350744,0.6408080935780163,2.5754092325016487
169269.63212528935,171488.19698705408,2768.5537500697455,7.757864408200689e-06,3.6119462782805086e-07,0.21577421672626806,1502.6878119778005,3.2424128561361947,0.011492518769293247,0.0008581305939877812,0.8018075677850902,0.6419157923974126,2.575871008599364
171626.78073996457,173876.24002162504,2738.0319142951803,7.575349331779308e-06,3.485533046380851e-07,0.21450295030657074,1525.1462600356474,3.271483724266787,0.011390861256498918,0.0008430178247466191,0.801405735654896,0.6430122828505205,2.576328915862973
174016.75360977583,176297.5375287204,2707.8616038422947,7.396972048027631e-06,3.3635228964500353e-07,0.21324075200040385,1547.9518180678915,3.3008640974518952,0.011289932631380463,0.0008281898345899246,0.8010044453406522,0.6440976631222384,2.5767829793693693
176440.00782585412,178752.55259042355,2678.038590584151,7.22264403912438e-06,3.245763383597407e-07,0.2119875338153948,1571.1098979168214,3.3305571261234372,0.011189731179143552,0.0008136407675570982,0.8006037687686671,0.6451720308312474,2.57723322306974
178897.00684450948,181241.7547374236,2648.5586968350594,7.052278503212293e-06,3.132107301604455e-07,0.21074320889779644,1594.6259959918314,3.3605659938716324,0.011090255106894034,0.0007993649006757075,0.800203775916259,0.6462354830404706,2.577679669924933
181388.22057587164,183765.62003881723,2619.4177948710276,6.885790327181461e-06,3.022412504602483e-07,0.20950769151515436,1618.5056945914528,3.390893917779867,0.010991502545715409,0.000785356640625869,0.7998045348344931,0.647288116269408,2.5781223420339785
183914.12547375876,186324.63119315598,2590.6118064492775,6.723096059656505e-06,2.916541734740405e-07,0.20828089703927952,1642.75466324615,3.4215441487636764,0.01089347155271601,0.0007716105204964124,0.7994061116716011,0.6483300265015828,2.578561260752849
186475.20462680375,188919.27762076643,2562.1367023269963,6.5641138841988e-06,2.8143624556463766e-07,0.20706274192951246,1667.3786600823137,3.452519971914004,0.010796160113045844,0.0007581211966299927,0.799008570696742,0.649361309194262,2.5789964468020656
189071.94785084567,191550.05555735278,2533.988501779607,6.408763592731675e-06,2.715746691492292e-07,0.20585314371627655,1692.3835332076828,3.48382470684461,0.010699566141883662,0.0007448834455545465,0.798611974321318,0.6503820592819807,2.5794279203612405
191704.85178260758,194217.46814890244,2506.163272118778,6.256966559198399e-06,2.620570871477141e-07,0.20465202098491084,1717.7752221185674,3.5154617080436887,0.010603687486394519,0.0007318921609984695,0.7982163831243838,0.651392371183988,2.579855701155566
194374.4199746829,196922.02554791735,2478.657128210337,6.108645713459588e-06,2.5287156795499755e-07,0.2034592933597747,1743.5597591292449,3.5474343652297518,0.010508521927657881,0.0007191423509870162,0.797821855877487,0.6523923388086814,2.580279808544134
197081.16299183847,199664.24501097933,2451.466231992383,5.96372551543712e-06,2.440065909199545e-07,0.2022748814886217,1769.7432708237727,3.579746103711643,0.010414067182566988,0.0007066291350175459,0.7974284495674056,0.653382055555312,2.580700261585733
199825.59850866493,202444.65099768018,2424.586791993706,5.822131929511188e-06,2.354510323142962e-07,0.20109870702723115,1796.3319795306923,3.612400384752889,0.010320320905699176,0.0006943477413112308,0.7970362194218978,0.6543616143181907,2.5811170791045726
202608.25140858252,205263.77527092522,2398.0150628527786,5.683792399175528e-06,2.271941517750961e-07,0.1999306926242966,1823.3322048208688,3.645400705940222,0.010227280691157865,0.0006822935041390104,0.7966452189344864,0.6553311074877683,2.581530279753025
205429.65388422573,208122.15699863373,2371.7473448374835,5.5486358219560985e-06,2.1922557920526363e-07,0.19877076190656304,1850.750365028872,3.6787506015563856,0.010134944074386195,0.0006704618612195989,0.7962554998896394,0.6562906269516589,2.5819398820601975
208290.34553923015,211020.34285685964,2345.779983365717,5.41659252459773e-06,2.1153530211675336e-07,0.1976188394642062,1878.5929787983016,3.7124536429572648,0.010043308533952479,0.0006588483511873991,0.7958671123889189,0.6572402640964583,2.582345904482821
211190.87349143022,213958.88713434216,2320.109368527113,5.287594238522243e-06,2.0411365340177595e-07,0.1964748508364528,1906.8666666513266,3.7465134389532335,0.009952371493307983,0.0006474486111283392,0.7954801048753097,0.6581801098058122,2.582748365443564
214131.79247750036,216938.35183851823,2294.73193460598,5.1615740755621045e-06,1.969512995177744e-07,0.1953387224974323,1935.5781525829434,3.780933636194923,0.009862130322516786,0.0006362583741815914,0.7950945241596514,0.659110254461666,2.5831472833669835
217113.6649590494,219959.30680300746,2269.644159605659,5.038466503972137e-06,1.9003922907236277e-07,0.19421038184225853,1964.7342656802236,3.815717919563256,0.009772582339958376,0.0006252734672052992,0.7947104154465592,0.6600307879422189,2.5835426767148846
220137.06123019205,223022.32979659364,2244.842564774445,4.918207324722144e-06,1.8336874179489168e-07,0.19308975717333599,1994.3419417669925,3.8508700125638797,0.009683724814002901,0.0006144898085044454,0.7943278223615948,0.6609417996220941,2.5839345640144558
223202.55952662262,226128.00663372796,2220.3237141331756,4.800733648072635e-06,1.7693143788172451e-07,0.19197677768688437,2024.4082250743659,3.886393677726017,0.009595554964659258,0.0006039034056190467,0.7939467869754822,0.66184337836944,2.58432296387943
226310.7461362013,229276.93128656488,2196.0842140047066,4.685983870435533e-06,1.7071920770274323e-07,0.19087137345968078,2054.9402699374555,3.9222927170056927,0.009508069965196451,0.0005935103531709732,0.7935673498312781,0.6627356125446795,2.584707895030718
229462.21551108774,232469.705998565,2172.1207125453093,4.573897651521369e-06,1.6472422185698968e-07,0.18977347543601122,2085.9453425187667,3.958570972193472,0.009421266943738054,0.0005833068307676623,0.7931895499709753,0.6636185899985776,2.5850893763173275
232657.57038142812,235706.94139967277,2148.4298992782165,4.464415891774215e-06,1.5893892156576504e-07,0.1886830154148318,2117.4308225585783,3.9952323253266018,0.009335142984830399,0.0005732891009611387,0.79281342496256,0.6644923980704789,2.5854674267297497
235897.42187063303,238989.25662310477,2125.0085046293507,4.357480710095454e-06,1.5335600939188026e-07,0.18759992603713183,2149.4042051528604,4.032280699105767,0.009249695130984177,0.0005634535072607241,0.7924390109247383,0.6653571235847835,2.5858420654099916
239182.38961225565,242317.27942376008,2101.8532994654106,4.253035421856771e-06,1.4796844027411807e-07,0.18652414077349785,2181.8731025590364,4.069720057316302,0.009164920384190122,0.0005537964721979223,0.7920663425542216,0.6662128528485596,2.5862133116608703
242513.1018684974,245691.64629827903,2078.9610946344105,4.15102451720307e-06,1.4276941286634084e-07,0.18545559391187422,2214.845246030084,4.107554405254004,0.009080815707408737,0.0005443144954419963,0.7916954531524425,0.6670596716499517,2.5865811849556195
245890.19565036896,249113.00260677907,2056.3287405087453,4.05139363964544e-06,1.377523611710119e-07,0.1843942205455155,2248.3284876774587,4.145787790155627,0.008997378026034073,0.0005350041519647802,0.7913263746523853,0.6678976652553388,2.5869457049430196
249314.31683951698,252582.0026962785,2033.9531265309442,3.95408956494406e-06,1.3291094645724393e-07,0.18333995656112992,2282.3308023631666,4.184424301633917,0.00891460422933226,0.0005258620902533587,0.7909591376433696,0.6687269184048432,2.58730689144852
252786.1203117546,256099.3100258457,2011.8311807621394,3.859060180280928e-06,1.2823904945380865e-07,0.1822927386272074,2316.8602896215834,4.2234680721174325,0.00883249117185444,0.000516885030569229,0.7905937713985622,0.6695475153113648,2.5876647644760595
256306.27006230777,259665.59729348726,1989.9598694333895,3.766254463721879e-06,1.2373076280786278e-07,0.1812525041825319,2351.9251756113845,4.262923277295045,0.008751035674824659,0.0005080697632526643,0.7902303039008416,0.6703595396568289,2.5880193442104513
259875.43933280493,263281.546564802,1968.336196499934,3.67562246396749e-06,1.1938038380045195e-07,0.18021919142487325,2387.5338150980733,4.3027941365651765,0.008670234527502861,0.0004994131470709918,0.789868761869684,0.6711630745903108,2.588370651016632
263494.3107400407,266947.84940343234,1946.9572031984205,3.587115280391854e-06,1.1518240731014024e-07,0.1791927392998554,2423.6946934676603,4.343084913489933,0.008590084488522965,0.0004909121076095476,0.7895091707859478,0.6719582027236584,2.588718705435454
267163.5764065246,270665.2070033241,1925.8199676072481,3.500685043368478e-06,1.1113151901641433e-07,0.1781730874899994,2460.41642877184,4.383799916253969,0.00851058228720661,0.00048256363570413336,0.7891515549178507,0.6727450061297873,2.5890635281794943
270883.93809285585,274434.33032283623,1904.921604210029,3.4162848948822003e-06,1.0722258883477774e-07,0.17716017640393655,2497.7077738053217,4.424943498128345,0.008431724624852392,0.0004743647859137901,0.7887959373477997,0.6735235663399521,2.5894051401324845
274656.1073319361,278255.94022071257,1884.2592634622852,3.333868969425829e-06,1.0345066457572228e-07,0.17615394716579041,2535.5776182156774,4.466520057939251,0.0083535081760011,0.00046631267503278507,0.7884423399976299,0.6742939643411887,2.589743562343628
278480.80556505074,282130.76759394706,1863.8301313614318,3.2533923751803016e-06,9.981096582002758e-08,0.1751543416047245,2574.034990646271,4.508534040541709,0.008275929589677038,0.00045840448064071693,0.7880907836531037,0.675056280572619,2.5900788160199255
282358.7642798516,286059.5535175745,1843.6314290200735,3.174811175476776e-06,9.629887800308089e-08,0.1741613022446513,2613.0890609128437,4.550989937298338,0.0081989854906056,0.0004506374396896614,0.787741287989661,0.6758105949240303,2.590410922519851
286290.7251502517,290043.04938639916,1823.6604122427293,3.098082370539129e-06,9.290994670116533e-08,0.1731747722941037,2652.7491422141425,4.593892286563129,0.008122672480407468,0.0004430088471273701,0.7873938715978852,0.676556986733317,2.590739903349558
290277.44017827744,294082.0170587061,1803.9143711059721,3.0231638795052417e-06,8.963987211288932e-08,0.1721946956362615,2693.0246933772814,4.637245674170374,0.008046987138769512,0.0004355160545554791,0.7870485520078319,0.6772955347834113,2.5910657801532437
294319.6718378899,298177.22900196735,1784.3906295420798,2.9500145227251132e-06,8.648450372916138e-08,0.17122101681913518,2733.925321138265,4.681054733928745,0.007971926024592672,0.00042815646892180504,0.7867053457142674,0.6780263173013168,2.5913885747081906
298418.1932208089,302329.4684405776,1765.0865449262262,2.878594004334157e-06,8.343983518533901e-08,0.17025368104590113,2775.4607824582413,4.725324148120525,0.007897485677117188,0.00042092755124576125,0.786364268199975,0.6787494119546977,2.5917083089137662
302573.78818437434,306539.529505653,1745.9995076672276,2.8088628950995527e-06,8.05019992893832e-08,0.16929263416538678,2817.6409868761393,4.7700586480062155,0.007823662617025042,0.000413826815375992,0.7860253339599126,0.6794648958498897,2.592025004783096
306787.2515014561,310808.2173869064,1727.126940801933,2.740782615537603e-06,7.766726322006503e-08,0.16833782266270472,2860.4759988980836,4.815263014334287,0.007750453347520362,0.000406851826779352,0.785688556526793,0.680172845531672,2.5923386844404774
311059.3890124623,315136.3484866476,1708.466299593233,2.6743154193001462e-06,7.493202388946741e-08,0.16738919365003105,2903.976040424369,4.86094207785645,0.007677854355387478,0.00040000020136035484,0.7853539484931957,0.6808733369795164,2.5926493701073383
315391.01777945727,319524.7505759214,1690.0150711317667,2.609424376827586e-06,7.229280346421345e-08,0.16644669485752756,2948.1514932144,4.907100719848214,0.007605862112027335,0.0003932696043102745,0.7850215215343042,0.6815664456067339,2.5929570840939817
319782.96624242543,323974.2629528195,1671.770773941336,2.5460733592665055e-06,6.974624504004738e-08,0.1655102746244055,2993.012901390274,4.953743872634929,0.007534473074472251,0.00038665774898508987,0.7846912864324054,0.682252246259111,2.5932618487942136
324236.0743777184,328485.7366030047,1653.730957588026,2.4842270226493954e-06,6.728910846456382e-08,0.1645798818901264,3038.5709739796725,5.000876520123408,0.007463683686379207,0.00038016239581147135,0.7843632531000253,0.6829308132138863,2.593563686676646
328751.1938586982,333060.03436245886,1635.893202293112,2.4238507923341905e-06,6.491826630306634e-08,0.16365546618574164,3084.8365874985034,5.048503698338999,0.00739349037900222,0.0003737813512200784,0.7840374306002786,0.6836022201771357,2.5938626202732706
333329.1882186273,337698.0310825088,1618.255118549705,2.364910847701193e-06,6.263069994269533e-08,0.16273697762536463,3131.8207885741194,5.096630495968382,0.007323889572143664,0.00036751246660539594,0.7837138271706863,0.6842665402841703,2.5941586721719005
337970.93301582115,342400.6137971426,1600.814346743201,2.3073741071048003e-06,6.042349583013221e-08,0.16182436689777657,3179.534796609598,5.14526205490799,0.007254877675085043,0.0003613536373114187,0.7833924502447189,0.6849238460974902,2.5944518650102992
342677.3160010992,347168.68189265596,1583.5685567755363,2.251208213077698e-06,5.829384183834806e-08,0.16091758525816294,3227.990006489754,5.194403570818129,0.007186451087497465,0.0003553028016424739,0.7830733064733977,0.6855742096064432,2.5947422214644718
347449.2372875758,352003.14727966825,1566.5154476932298,2.1963815177847934e-06,5.6239023758007775e-08,0.16001658451997644,3277.197991329651,5.244060293682981,0.007118606200331803,0.00034935793989850067,0.7827564017467239,0.6862177022273386,2.5950297642443587
352287.60952280444,356904.93456752296,1549.6527473192764,2.142863068724348e-06,5.425642190929751e-08,0.15912131704692903,3327.170505266071,5.294237528376335,0.007051339396689217,0.00034351707343414646,0.7824417412139724,0.686854394800605,2.595314516082624
357193.3580633299,361874.98124112765,1532.9782118888365,2.0906225946736728e-06,5.234350787007883e-08,0.15823173574510577,3377.9194862928352,5.344940635233313,0.006984647052671849,0.0003377782637410199,0.7821293293046097,0.6874843575923251,2.5955964997257013
362167.421151664,366914.2378402494,1516.4896256887764,2.039630491876741e-06,5.04978413164159e-08,0.15734779405520327,3429.4570591405077,5.3961750306280365,0.006918525538214248,0.0003321396115525018,0.7818191697496673,0.6881076602943494,2.5958757379318627
367210.7500957257,372023.6681413066,1500.1848007010406,1.989857810470964e-06,4.871706697165014e-08,0.1564694459448878,3481.7955382011874,5.447946187557222,0.006852971217895759,0.0003265992559704968,0.7815112655998178,0.6887243720216816,2.596152253458513
372324.3094507873,377204.2493417001,1484.0615762498373,1.9412762411504805e-06,4.6998911660328864e-08,0.15559664590127217,3534.9474304992577,5.500259636230049,0.006787980451733822,0.0003211553736135457,0.7812056192461796,0.6893345613145812,2.5964260690544734
377509.0772039436,382456.9722466999,1468.1178186526824,1.893858102063161e-06,4.5341181463417896e-08,0.15472934892351023,3588.9254387085343,5.553120964663948,0.006723549595958953,0.0003158061777857338,0.7809022324397006,0.6899382961383935,2.596697207456941
382766.04496116046,387782.84145894536,1452.3514208752422,1.8475763259385914e-06,4.3741758971347074e-08,0.15386751051550565,3643.742464216837,5.606535819286786,0.006659675003771119,0.00031054991766583587,0.7806011063098595,0.6905356438832086,2.596965691381058
388096.2181369208,393182.87557057705,1436.7603021900152,1.802404447444258e-06,4.21986006315563e-08,0.15301108667873492,3699.411610238496,5.660509905545209,0.006596353026078177,0.00030538487751616907,0.7803022413835379,0.6911266713649411,2.597231543516159
393500.616146512,398658.1073580439,1421.3424078388268,1.7583165907671169e-06,4.070973418731964e-08,0.15216003390518199,3755.946184975627,5.715048988519304,0.0065335800122164585,0.00030030937591063017,0.7800056376028124,0.691711444824648,2.597494786516137
398980.2726009975,404209.583979631,1406.0957086991118,1.715287457417803e-06,3.927325620473561e-08,0.15131430917038194,3813.3597048290403,5.770158893543779,0.006471352310653665,0.000295321764981403,0.7797112943430875,0.6922900299305184,2.5977554429927636
404536.23550489324,409838.36717572616,1391.0182009540144,1.6732923142545677e-06,3.7887329684875096e-08,0.15047386992657444,3871.665897659327,5.825845506835437,0.0064096662696745774,0.00029042042968386304,0.7794192104313424,0.692862491777646,2.598013535512564
410169.5674566073,415545.5334718871,1376.1079057662466,1.6323069817242109e-06,3.655018175818107e-08,0.14963867409596246,3930.8787060991776,5.8821147761273345,0.006348518238049553,0.0002856037870791772,0.779129384163582,0.6934288948905305,2.598269086591017
415881.345851664,421332.1743847289,1361.3628689557277,1.592307822317119e-06,3.5260101458311954e-08,0.1488086800640765,3991.012290917526,5.938972711309431,0.006287904565686309,0.0002808702856341533,0.7788418133204118,0.6939893032214854,2.5985221186839453
421672.6630887566,427199.3966306777,1346.78116068098,1.5532717292336128e-06,3.401543757271577e-08,0.14798384667324269,4052.081034436391,5.996425385075895,0.006227821604265121,0.0002762184045378815,0.7785564951846595,0.6945437801537651,2.5987726541813743
427544.62677867897,433148.3223376403,1332.3608751242446,1.5151761152587728e-06,3.281459656731303e-08,0.1471641332161516,4114.099544001367,6.054478933579257,0.006168265707857599,0.0002716466530347234,0.7782734265576323,0.6950923885021325,2.599020715405942
433498.3599561532,439180.0892596086,1318.100130180336,1.4779989018428507e-06,3.16560405827552e-08,0.1463494994295284,4177.08265550635,6.113139557091196,0.006109233233529585,0.0002671535697732328,0.7779926037758855,0.6956351905151905,2.5992663246073278
439535.0012946202,445295.85099426506,1303.9970671491794,1.4417185083845156e-06,3.053828549981227e-08,0.14553990548790055,4241.045436973632,6.172413520670342,0.006050720541928058,0.00026273772217058275,0.7777140227254904,0.6961722478749834,2.5995095039546925
445655.7053240127,451496.77720361017,1290.0498504320396,1.406313841714052e-06,2.945989907152445e-08,0.1447353119974636,4306.0031921900045,6.232307154836945,0.0059927239978525915,0.0002583977057921056,0.7774376788576092,0.69670362170001,2.599750275532216
451861.6426515605,457784.05383766163,1276.2566672314113,1.371764285773689e-06,2.841949911983346e-08,0.14393567999004223,4371.971464399833,6.292826856254506,0.005935239970811499,0.0002541321437455492,0.7771635672041839,0.697229372546019,2.5999886613366527
458154.0001856797,464158.8833612782,1262.6157272545329,1.3380496914923014e-06,2.741575179448718e-08,0.14314097091714512,4438.966040056097,6.353979088418646,0.0058782648355628206,0.0002499396860896657,0.7768916823929999,0.6977495604095338,2.600224683273666
464533.98136296635,470622.48498412815,1249.1252624205354,1.305150366851558e-06,2.6447369892083778e-08,0.1423511466441136,4507.002952630068,6.415770382352957,0.005821794972640611,0.0002458190092567738,0.7766220186605892,0.6982642447276248,2.600458363151006
471002.8063783643,477176.0948938741,1235.783526571164,1.2730470671408725e-06,2.5513111233197435e-08,0.14156616944435993,4576.098486480817,6.478207337312222,0.00576582676886656,0.00024176881548891848,0.7763545698670669,0.6987734843805242,2.6006897226745593
477561.7124185293,483820.96649259573,1222.588795185076,1.2417209853981926e-06,2.4611777095592847e-08,0.14078600199369687,4646.269180785264,6.541296621492863,0.005710356617847338,0.0002377878322872931,0.7760893295100573,0.6992773376944683,2.6009187834470993
484211.9538984426,490558.3706365046,1209.5393650956871,1.211153743034037e-06,2.3742210701609195e-08,0.1400106073647555,4717.5318335298025,6.605044972750764,0.005655380920457878,0.00023387481187457786,0.7758262907385642,0.6997758624438006,2.601145566964391
490954.8027013292,497389.5958790068,1196.6335542125132,1.1813273806358541e-06,2.2903295757852463e-08,0.13923994902148912,4789.90350556458,6.669459199326641,0.005600896085310708,0.00023002853066985698,0.7755654463648796,0.7002691158519951,2.601370094610587
497791.54842190247,504315.9487171359,1183.8697012460239,1.1522243489500474e-06,2.2093955045404587e-08,0.13847399081376416,4863.401524721139,6.734546180578817,0.00554689852921183,0.00022624778877580813,0.7753067888778276,0.7007571545950668,2.601592387653426
504723.49861301074,511338.75384143216,1171.2461654359388,1.1238275000389277e-06,2.13131490588148e-08,0.13771269697203464,4938.043489994746,6.800312867723747,0.005493384677603074,0.00022253140947783504,0.7750503104558675,0.7012400348039591,2.6018124672450824
511751.97903570853,518459.3543892913,1158.7613262829677,1.0961200786098196e-06,2.0559874692198292e-08,0.13695603210209994,5013.847275792139,6.866766284584146,0.005440350964991435,0.00021887823875485005,0.7747960029794285,0.701717812067443,2.6020303544181616
518878.33391281054,525679.1122018419,1146.413583283959,1.0690857135137117e-06,1.983316397082609e-08,0.1362039611799449,5090.831036245851,6.933913528344886,0.0053877938353654765,0.00021528714480140862,0.7745438580417101,0.7021905414330831,2.6022460700814065
526103.926185986,532999.4080844093,1134.2013556704082,1.042708409410673e-06,1.9132082826641253e-08,0.13545644954665914,5169.013209596212,7.001761770316839,0.0053357097425990214,0.00021175701756090054,0.7742938669609885,0.7026582774115013,2.602459635016885
533430.1377764182,540421.6420705914,1122.123082150334,1.0169725385994506e-06,1.8455729916194176e-08,0.13471346290343722,5248.412522641881,7.070318256708525,0.005284095150842499,0.0002082867682695311,0.7740460207923263,0.7031210739787639,2.6026710698805573
540858.3698491094,547947.2336900282,1110.1772206534522,9.918628330085745e-07,1.7803235479537502e-08,0.13397496730665534,5329.047995260268,7.139590309405916,0.005232946534901972,0.0002048753290108057,0.773800310338089,0.7035789845788258,2.602880395196877
548390.0430808553,555577.6222398878,1098.362248079648,9.67364376346355e-07,1.717376023867278e-08,0.13324092916302568,5410.938944998671,7.209585326760249,0.005182260380606259,0.00020152165228026447,0.7735567261595122,0.7040320621270553,2.603087631360495
556026.5979319519,563314.2670601351,1086.6766600507028,9.434625964071511e-07,1.6566494334187952e-08,0.13251131522482643,5494.104991737356,7.28031078438401,0.005132033185162301,0.00019822471056020352,0.7733152585863081,0.7044803590121091,2.603292798630463
563769.4949216964,571158.6478126434,1075.1189706652367,9.201432575314002e-07,1.59806562987723e-08,0.13178609258520513,5578.566062425821,7.351774235955324,0.005082261457498898,0.00019498349590413012,0.7730758977268408,0.7049239270996281,2.6034959171275602
571620.214907708,579112.2647641759,1063.6877122568594,8.973924532167686e-07,1.541549206633869e-08,0.13106522867355677,5664.342395893104,7.423983314030522,0.005032941718599248,0.00019179701953071665,0.772838633479779,0.7053628177362725,2.603697006839184
579580.2593691548,587176.639073325,1052.381435155468,8.751965988779576e-07,1.4870274015527507e-08,0.13034869125097243,5751.454547733625,7.496945730865315,0.004984070501822275,0.00018866431142700382,0.7726034555420824,0.7057970817506884,2.6038960876119006
587651.1506939147,595353.313081437,1041.1987074516826,8.535424247526285e-07,1.4344300046407948e-08,0.12963644840575975,5839.923395269489,7.570669279244424,0.004935644353213125,0.00018558441996063263,0.772370353418836,0.706226769458226,2.6040931791497144
595834.4324697336,603643.8506075863,1030.1381147643863,8.32416968950985e-07,1.3836892689233175e-08,0.1289284685490331,5929.770142590524,7.645161833319778,0.004887659831803011,0.00018255641150087643,0.7721393164329982,0.7066519306634973,2.604288301016254
604131.6697794507,612049.8372476703,1019.1982600113139,8.11807570646533e-07,1.3347398244143858e-08,0.12822472041037183,6021.016325673435,7.720431349457606,0.004840113509898488,0.00017957937004825104,0.771910333734894,0.7070726146648099,2.6044814726333527
612544.4495003168,620572.8806776501,1008.3777631826955,7.917018634056084e-07,1.2875185950753894e-08,0.12752517303354718,6113.683817580965,7.796485867094099,0.0047930019733606055,0.00017665239687249831,0.7716833943090933,0.7074888702555313,2.6046727132771537
621074.3806074981,629214.6109610337,997.6752611178836,7.720877686532627e-07,1.2419647186587205e-08,0.12682979577231437,6207.794833742737,7.8733335096001955,0.00474632182187387,0.00017377461015872614,0.7714584869846135,0.7079007457290345,2.6048620420772863
629723.0944817971,637976.6808606283,987.0894072849582,7.529534892731103e-07,1.1980194693370303e-08,0.12613855828627113,6303.371937318703,7.950982485155211,0.004700069669205449,0.0001709451446615115,0.7712356004426226,0.7083082888813124,2.6050494780190547
638492.2452216537,646860.7661546321,976.6188715632735,7.342875033388195e-07,1.1556261830219801e-08,0.12545143053678065,6400.43804464662,8.029441087629538,0.004654242143454719,0.00016816315136676852,0.7710147232241695,0.7087115470146728,2.605235039939373
647383.5099595089,655868.5659571436,966.2623400288921,7.160785579748914e-07,1.1147301852795693e-08,0.12476838278295702,6499.016430775068,8.108717697476708,0.004608835887293262,0.00016542779716118456,0.7707958437393927,0.709110566941888,2.6054187465296366
656398.5891825508,665001.8030431118,956.0185147429107,6.983156633444376e-07,1.075278721752437e-08,0.12408938557771411,6599.1307350829,8.18882078263446,0.004563847558195756,0.0001627382645090489,0.7705789502728919,0.7095053949882413,2.605600616331486
665539.2070579486,674262.2241778335,945.886113542606,6.809880867616976e-07,1.0372208910025092e-08,0.12341440976387505,6700.804966987009,8.26975889943544,0.004519273828661652,0.0001600937511362832,0.7703640309925106,0.7098960769958467,2.605780667735928
674807.111762602,683651.6004510239,935.8638698353986,6.64085346927034e-07,1.0005075796903708e-08,0.12274342647034239,6804.063511739368,8.351540693527207,0.004475111386428057,0.00015749346972150445,0.3851285317063571,0.999797762056005,-1.5543769033074284
684204.0758174825,693171.72761554,935.8638698353986,7.207776522552931e-07,1.0827855452601164e-08,0.12256615674210275,6936.648584542072,8.501983576778686,0.004396014070998942,0.0001568088764760734,0.6929469152044305,0.7680759792773983,1.7731503690717432
693731.8964266443,702824.4264308353,918.0979009482216,6.452068455905404e-07,9.526234754424707e-09,0.12150975816625903,7021.005134011882,8.531206359178467,0.004381044974865297,0.00015278600829861643,1.1427749976637926,0.43046632765179993,6.637171871940353
703392.3958209344,712611.5430111745,906.7460119304347,6.178814978218685e-07,9.011906168706644e-09,0.12076907370458832,7124.475189171577,8.604162692275729,0.00434398490223459,0.00015000597523733388,0.4498280824593621,0.955048216409466,-0.8274614839478716
713187.4216065118,722534.9491787207,906.7460119304347,6.701421697928216e-07,9.746770875035358e-09,0.12059988806104784,7263.6190138726615,8.759916399911416,0.00426683315356165,0.00014937343406063808,0.7014220336528467,0.762965766407774,1.8758704667416453
723118.8471182038,732596.542821523,889.3243103396727,5.986984490576187e-07,8.556254278693843e-09,0.11954675024869883,7351.110244329961,8.78801340429565,0.004253275879713282,0.00014549140378420885,1.1533585293733495,0.42048649767843926,6.739831840552057
733188.5717777847,742798.248256491,878.2769754694732,5.730043413726961e-07,8.089130016016467e-09,0.11881518586466923,7459.266469384895,8.862741319740614,0.004217496900250415,0.0001428338963096295,0.45193649572036065,0.9560970103402724,-0.783086277427202
743398.521457257,753142.0165974376,878.2769754694732,6.210561116721157e-07,8.743596839600563e-09,0.11865325106106674,7605.238207918636,9.023862384633873,0.004142274777866139,0.0001422478897806725,0.7013237775808534,0.7641177957418108,1.8849835526774257
753750.6488471691,763629.8261282241,861.4046027141982,5.5505741304709e-07,7.678199123927518e-09,0.11761446347247961,7696.670950526915,9.052398243704427,0.004129297563481032,0.00013854173989517646,1.1529454044192278,0.41897663604004265,6.724551925064446
764246.9338300882,774263.6826811278,850.7114998005237,5.312804541286437e-07,7.259633999367839e-09,0.11689486769121199,7809.92100044588,9.129396820259391,0.0040945497478385605,0.0001360117311408716,0.4516216268382607,0.9588482123050994,-0.7656922569363189
774889.3838592464,785045.6200204509,850.7114998005237,5.75465088424701e-07,7.842542400313924e-09,0.11673980053068668,7963.044690077874,9.296042487366348,0.004021226016443446,0.00013546856513602004,0.7008731320018455,0.7654918455380653,1.8899611881210205
785680.0343424849,795977.7002314978,834.3790807803853,5.145503600714225e-07,6.889893191369559e-09,0.11571570389457751,8058.635574490532,9.32510687932055,0.004008769216810685,0.0001319320483570879,1.1520877579351065,0.4178849811070222,6.704974219109289
796620.9490315289,807062.0141149508,824.0307371182641,4.925616642369598e-07,6.515033369952322e-09,0.1150079913098573,8177.230549498332,9.404468599754038,0.0039750156629572014,0.00012952369449399686,0.45121462593317574,0.9615752254037488,-0.7499947280270192
807714.2204166823,818300.6815867389,824.0307371182641,5.331973592217222e-07,7.03430889016458e-09,0.11485944743600902,8337.847658711458,9.576805748852196,0.0039035576859315834,0.00012902003684492675,0.7004194986695609,0.7668302701359266,1.8945966097867597
818961.9701270362,829695.8520834915,808.2206903957733,4.769723903137192e-07,6.182423159402245e-09,0.11384992356590966,8437.795306739145,9.60642350737043,0.003891595296796554,0.0001256455480777698,1.1512345696512511,0.41686200597723655,6.685892297311767
830366.3493362247,841249.7049736119,798.2055958768362,4.566373767867047e-07,5.846694698472438e-09,0.11315388772480328,8561.990294122315,9.688224884419718,0.0038588087109213904,0.00012335286824318966,0.45081507098169027,0.9642078587770584,-0.7348962900119318
841929.5391738564,852964.4499741016,798.2055958768362,4.940156369679987e-07,6.309374559982658e-09,0.11301154370062264,8730.45880612921,9.86642626895357,0.003789183115832626,0.0001228856659481609,0.6999776557621544,0.7681237470803239,1.8990582465362422
853653.7511426588,864842.3275731726,782.9006039694011,4.4211504501648534e-07,5.547520375887925e-09,0.11201645026296073,8834.969920215775,9.896619686426046,0.003777691931340815,0.00011966586157264099,0.6999776557622397,0.7709762706688252,1.9162096533006832
865541.227541431,876885.6094587427,782.9006039694011,4.780401302275043e-07,5.98368574583225e-09,0.11187993630869311,9009.163915929736,10.07944685108795,0.003709237290254557,0.00011922671789882075,0.7491202496230756,0.7306160994704101,2.426073535911314
877594.2418939036,889096.5989529167,766.8460531524479,4.222983451627818e-07,5.187485330580314e-09,0.11083291380329352,9111.922940397124,10.09900969835287,0.003702118954814817,0.00011590852209625185,0.7491202496230756,0.73244915057154,2.4391928821431748
889815.0993835449,901477.6314524917,766.8460531524479,4.5642449312626127e-07,5.593313512264378e-09,0.11070063457494005,9291.811838968099,10.286094669247092,0.003634849462627519,0.00011549193524683178,0.7616014757920482,0.7212650508618594,2.562422070900084
902206.1372944476,914031.0748756223,750.8614721559205,4.0195569525972273e-07,4.832557574998713e-09,0.10964767449290179,9396.340160774507,10.302868473731838,0.0036289962944136217,0.00011222558268516114,0.7616014757921334,0.7228161253026428,2.5743219452836286
914769.7254583383,926759.3301146884,750.8614721559205,4.3427645410898884e-07,5.208904277849916e-09,0.10951914552583897,9582.048418188097,10.494177551471772,0.003562902626093642,0.00011182941498791459,0.7647489524402715,0.7191413964977187,2.5996011467525477
927508.2667078102,939664.8314954691,735.146082012387,3.822223875728969e-07,4.4972869296661065e-09,0.10847189762673658,9689.348154829324,10.510219811204554,0.00355752687534545,0.00010865006705741675,0.7647489524403852,0.7205919900607114,2.610978187595464
940424.1973358878,952750.04724273,735.146082012387,4.1281002708913894e-07,4.845998498975991e-09,0.10834690721221307,9881.0444069236,10.705806015167084,0.003492594724150557,0.00010827302403007323,0.7653697352662334,0.7189807314817926,2.6099565130498945
953519.9875619608,966017.4799522646,719.7472538540917,3.6335555777313713e-07,4.184077957850591e-09,0.10730846441461915,9991.46845245789,10.721691368803674,0.0034874804719170005,0.0001051877409556541,0.7653697352659776,0.7203795312422017,2.6209989690181317
966798.1420042367,979469.6670695386,719.7472538540917,3.922984424758585e-07,4.50712708887907e-09,0.10718687518947892,10189.337802824011,10.921632793347367,0.003423694349319992,0.00010482878388095161,0.7652991812371681,0.7193549136891306,2.6129389817907906
980261.200158752,993109.1813749799,704.6723542690908,3.453881089391994e-07,3.892361007586713e-09,0.10615803372605682,10303.05991060245,10.937525814713188,0.003418777874126384,0.00010183730453190251,0.7652991812371681,0.7207157924498233,2.62370197594808
993911.7368850552,1006938.6314760271,704.6723542690908,3.7277487114267567e-07,4.1916389232507064e-09,0.1060397311308536,10507.296467311948,11.141908923059267,0.00335612199692861,0.00010149549921892472,0.7650421518461314,0.7198691903744248,2.6138856889465103
1007752.3628986706,1020960.6623060476,689.9180988026476,3.282960151666145e-07,3.620887961702129e-09,0.10502065868423369,10624.441637152697,11.157858588859744,0.003351381031291966,9.859566647488944e-05,0.7650421518462167,0.7211966525632647,2.6243886314790643
1021785.7252703928,1035177.9556301764,689.9180988026476,3.5421165978439346e-07,3.898160143596034e-09,0.10490553716032237,10835.246558138922,11.366773604460978,0.0032898395432753897,9.827014183426865e-05,0.764738158086061,0.7204140775323822,2.6142685535447185
1036014.5079325617,1049593.2305582266,675.4784437314968,3.1204188956749736e-07,3.368313157198662e-09,0.10389622817356799,10955.928180637604,11.38279614108748,0.0032852633190892026,9.545935048309808e-05,0.764738158086061,0.7217100706085375,2.624521140976526
1050441.432192369,1064209.2440647245,675.4784437314968,3.3656699028813455e-07,3.6252160767702786e-09,0.10378418735430218,11173.509264978387,11.596335789615482,0.003224820354930546,9.514928565044966e-05,0.764425730409954,0.7209593173186022,2.614493903366963
1065069.2572523125,1079028.7915161836,661.3467186140232,2.965863299310494e-07,3.133337162001095e-09,0.10278458809666473,11297.839823523742,11.612438126429831,0.003220401444011482,9.24248698132604e-05,0.7644257304100108,0.7222250704593307,2.6245031086649533
1079900.7807379167,1094054.7072057435,661.3467186140232,3.1979702086678076e-07,3.3713848774353135e-09,0.10267553167027173,11522.411543150127,11.830697313166153,0.0031610411552265433,9.21294888424686e-05,0.7641154535232317,0.7214966755995533,2.614673899726938
1094938.839232774,1109289.8648952227,647.5162010295139,2.8189082490033754e-07,2.9147387535413242e-09,0.1016855746737606,11650.505755738195,11.84688373012194,0.003156773236852574,8.948882459172061e-05,0.7641154535232317,0.7227331977508697,2.624445856040296
1110186.3088210654,1124737.1783647507,647.5162010295139,3.0385898833195693e-07,3.1353314533295635e-09,0.10157940996579017,11882.289416216146,12.069959479419893,0.003098479808133083,8.920739324465581e-05,0.76381017989479,0.7220240359795866,2.6148395047506767
1125646.1056376167,1140399.601970033,633.9802692937858,2.679184494373346e-07,2.7113785234033985e-09,0.10059902354861014,12014.265213686922,12.086233491509383,0.0030943570513311588,8.664792464002008e-05,0.7638101798948469,0.7232322515530996,2.6243800146716296
1141321.1864256125,1156280.1312073753,633.9802692937858,2.8871194352238587e-07,2.915811033580955e-09,0.10049566130207747,12253.489156276088,12.314224960178008,0.003037114713947297,8.637974783569268e-05,0.7635106241493474,0.722540977719234,2.6149992782368088
1157214.549102101,1172381.8032865997,620.732440908729,2.546339834885582e-07,2.522195514366905e-09,0.09952477224194443,12389.46804322122,12.330589852004408,0.0030331316000241928,8.389899239000172e-05,0.7635106241493474,0.7237217642789915,2.6243139530755286
1173329.2333313373,1188707.6977119034,620.732440908729,2.7431686977047896e-07,2.71166530387398e-09,0.09942412645540429,12636.367863555746,12.563598364031732,0.0029769246438653162,8.364341193052024e-05,0.7632169106249478,0.723047547173735,2.615155603015552
1189668.3211061473,1205260.9368708413,607.7663801464174,2.4200388234514297e-07,2.3462023662571476e-09,0.09846266077790393,12776.47510502939,12.580057342038433,0.0029730759092588275,8.123896057375087e-05,0.7632169106251467,0.7242017465926551,2.624249902514748
1206234.9373373631,1222044.6866314886,607.7663801464174,2.606366432125914e-07,2.521816970313032e-09,0.09836464856384877,13031.293881613441,12.818186429971387,0.0029178886939039855,8.099535304036801e-05,0.7629290012364152,0.7235439167728828,2.6153091598982883
1223032.250451467,1239062.1569479157,595.0758973567778,2.299962109236756e-07,2.1824803560296266e-09,0.09741253181004314,13175.658642629014,12.834742666433687,0.0029141693062406447,7.866486863350554e-05,0.7629290012362162,0.7246723391817227,2.6241884051487148
1240063.4729965797,1256316.6024741214,595.0758973567778,2.476359550585112e-07,2.34526423297432e-09,0.0973170732633346,13438.647173386435,13.07809811532552,0.002859986271182269,7.843264341856263e-05,0.7626468137045208,0.724030290483654,2.615460161010674
1257331.8622568562,1273811.3231864786,582.6549461116592,2.185805712550985e-07,2.030174668413106e-09,0.09637423061131266,13587.402647620867,13.094754761705737,0.0028563914148180235,7.617385890669367e-05,0.7626468137045777,0.7251337162245477,2.6241295401983393
1274840.7208754658,1291549.6650148828,582.6549461116592,2.3528122713182512e-07,2.1810755270317126e-09,0.09628124868466537,13858.819694169482,13.343444654502697,0.0028031970889014495,7.595245636664073e-05,0.7623702542362878,0.7245068776625772,2.61560868956866
1292593.3974862318,1309535.0204826677,570.4976198368704,2.0772803073530514e-07,1.888489965518464e-09,0.09534760502801039,14012.103232375672,13.360204846122631,0.0027997221534705953,7.376317286436355e-05,0.7623702542362878,0.7255860586786866,2.624073261698072
1310593.2873540602,1327770.8293554292,570.4976198368704,2.2354052872751796e-07,2.0283846027126555e-09,0.09525702541351255,14292.215772105617,13.614339610188695,0.0027475011635975863,7.35520625844886e-05,0.7620992265587745,0.7249738858810133,2.615754793287209
1328843.8330243141,1346260.579298911,558.5981483766217,1.9741105300282157e-07,1.7566862563369605e-09,0.09433250542509049,14450.169013321127,13.631206468425898,0.0027441417337864572,7.143014747276677e-05,0.7620992265588598,0.7260295469076823,2.6240194914049653
1347348.5249811949,1365007.8065460138,558.5981483766217,2.1238349674696982e-07,1.886385943287667e-09,0.09424425644128129,14739.252499477394,13.890898923135438,0.002692878812926155,7.122882663606539e-05,0.7618336344485499,0.7254315189970271,2.6158985101614576
1366110.902315325,1384016.0965731302,546.9508946084228,1.8760343182451446e-07,1.6340750509014915e-09,0.09332878463029896,14902.02150600231,13.907875556897727,0.0026896306589637934,6.917221169209964e-05,0.7618336344485499,0.7264643586675561,2.6239681443826726
1385134.5534006082,1403289.084785873,546.9508946084228,2.0178125948430447e-07,1.7543305031793854e-09,0.09324279711447699,15200.360136011992,14.1732409622915,0.0026393106535116794,6.898020354552933e-05,0.7615733824392521,0.7258799766860875,2.6160398754336995
1404423.1165805082,1422830.457214352,535.5503511383345,1.782802279862941e-07,1.520015780815625e-09,0.09233629787914428,15368.095532526993,14.19033046926559,0.002636169722217592,6.69868831116711e-05,0.761573382439451,0.7268906685814613,2.6239191359007634
1423980.2808639146,1442643.9512181587,535.5503511383345,1.9170636402944165e-07,1.6315217451443155e-09,0.09225250508463266,15675.982524828001,14.461486575783079,0.002586777598740915,6.680373552357108e-05,0.7613183760468587,0.7263194543704117,2.616178923558664
1443809.7866306596,1462733.35620113,524.3911370827332,1.6941770908962502e-07,1.4139124680644676e-09,0.09135490276121729,15848.839641854871,14.478692043597777,0.00258374000506567,6.487176471702535e-05,0.7613183760466598,0.7273086480237794,2.623872383324823
1463915.4263468962,1483102.5143361029,524.3911370827332,1.8213270715265239e-07,1.5173119558433232e-09,0.0912732402593348,16166.577521494384,14.75575914290518,0.0025352608564715487,6.46970488199201e-05,0.7610685218430433,0.7267501432629047,2.616315688661359
1484301.0452904152,1503755.3212997385,513.4679949363701,1.6099329213363042e-07,1.315210625001578e-09,0.09038445916796543,16344.716543356708,14.773083650249935,0.0025323228754930696,6.282454178374167e-05,0.7610685218431001,0.7277184651135826,2.6238278065779355
1504970.5422860584,1524695.727017573,513.4679949363701,1.7303546951491828e-07,1.4110988202902167e-09,0.09030486475446875,16672.617436636407,15.056184627184482,0.002484741926653571,6.265785069714076e-05,0.7608237274991723,0.7271722304346326,2.6164502047163865
1525927.8704514042,1545927.7364194784,502.7757875248601,1.529854887609942e-07,1.2233943695194278e-09,0.08942482924191707,16856.203554067797,15.073631244895083,0.0024818999860006206,6.084297889261196e-05,0.7608237274991723,0.728120284749366,2.6237853282078163
1547177.037952794,1567455.410205595,502.7757875248601,1.6439105304868895e-07,1.3123222369729614e-09,0.08934724284769192,17194.58949252163,15.362891630547018,0.0024352025988672353,6.068392652077843e-05,0.7605839018021641,0.7275858988977006,2.6165825054818583
1568722.1087719258,1589282.8656229763,492.3094950393277,1.4537385304926324e-07,1.1379837404990707e-09,0.08847587732732114,17383.79306007001,15.380463422662903,0.0024324532715449074,5.892491706106682e-05,0.7605839018023062,0.728514268647757,2.6237448733211295
1590567.2034831005,1611414.2772530199,492.3094950393277,1.5617702135907914e-07,1.220461356709435e-09,0.0884002409331125,17732.996294070264,15.676011448618024,0.002386624949782929,5.8773136961062366e-05,0.7603489546812341,0.7279913276838101,2.616712624552406
1612716.5000412862,1633853.8778098603,482.064212150884,1.3813893173367488e-07,1.058532199660753e-09,0.08753746992216181,17927.992992449737,15.693711473412968,0.002383964947376993,5.7068270985940586e-05,0.7603489546809783,0.7289005753883089,2.6237063695494953
1635174.234581189,1656605.9589499151,482.064212150884,1.4837204300201572e-07,1.1350318294904886e-09,0.0874637274771435,18288.356314745448,15.995678127177921,0.002338991340548775,5.692341530156612e-05,0.7601187972192633,0.7283886919259999,2.616840595297333
1657944.7022274043,1679674.872092653,472.0351452026439,1.3126221675232115e-07,9.846243068958406e-10,0.08660947563150566,18489.327318291576,16.013509438165062,0.002336417506787248,5.5271026392884595e-05,0.7601187972194339,0.7292793604523808,2.6236697469896058
1681032.2579158978,1703065.0292528425,472.0351452026439,1.4095583750246373e-07,1.0555832446738347e-09,0.08653757297550109,18861.204397793997,16.3220285197994,0.002292284414111536,5.5132764850425467e-05,2.842170943040401e-14,1.3834350696880051,-5.015163137585432
1704441.317226894,1726780.903884356,472.0351452026439,1.5127627727499031e-07,1.1311306033477827e-09,0.08647109569464263,19241.75505031317,16.638556422885035,0.0022487056603120188,5.5005092971696625e-05,1.019141583239474,0.506880867911832,5.228049951467995
1728176.357229361,1750827.0317357234,458.9151489385181,1.253723652742247e-07,9.134674766199316e-10,0.08535827599452095,19392.257246350495,16.552896461907345,0.0022603716020651687,5.2907999111196066e-05,1.0191415832396729,0.5049895455084652,5.225426419650319
1752241.9173372902,1775208.011717636,458.9151489385181,1.3456864870295353e-07,9.789147394450053e-10,0.08529046617569133,19783.00340994574,16.873015831895632,0.0022175155430997065,5.278133269138115e-05,0.8454745533999528,0.6559862226932296,3.48182549196315
1776642.6001778506,1799928.5067824766,448.30805654431583,1.1654813824298453e-07,8.296011770696128e-10,0.08436882671330669,19979.414466476883,16.85639756955521,0.0022197298794917,5.108805968652644e-05,0.845474553399697,0.655905472032714,3.4852267503370626
1801383.0724716785,1824993.2448161505,448.30805654431583,1.2508568257838525e-07,8.889560338924172e-10,0.08430170137915065,20381.967059660798,17.182345005832097,0.002177649240718729,5.096557514076105e-05,-0.0,1.388233366550537,-4.981202425988215
1826468.0659253993,1850407.019542302,448.30805654431583,1.3417488913627012e-07,9.521461659353252e-10,0.08423957922994466,20793.85224308153,17.516653635268288,0.0021361151106705904,5.0852352148570626e-05,1.0406647990344595,0.4873506533751879,5.439996998450624
1851902.3781365699,1876174.6914391194,435.5881591648592,1.1066630866043877e-07,7.647772718544175e-10,0.08313038165823217,20950.169841875828,17.41595614759923,0.002148492620208605,4.8869332619281675e-05,1.0406647990347153,0.48533078514299177,5.4369019831513015
1877690.873511263,1902301.1886689458,435.5881591648592,1.1872456339000126e-07,8.192104639824449e-10,0.0830667951365537,21372.93857830472,17.753815103501836,0.0021076323356268214,4.87566763597518e-05,0.8536017899090496,0.649006690571639,3.5658113918603362
1903838.4841943732,1928791.5080207777,425.4245916069053,1.0265835952801694e-07,6.929508048743096e-10,0.08215879137082038,21582.404780684767,17.731842916568763,0.0021102698306357283,4.717463337794026e-05,0.8536017899088222,0.6488391050149289,3.568761785843151
1930350.211012935,1955650.715865947,425.4245916069053,1.1012505128228482e-07,7.422111623944525e-10,0.08209575078857692,22017.878949549795,18.07574303135294,0.0020701460670570237,4.70655526000665e-05,-0.0,1.3921677571399869,-4.951288314952194
1957231.1244325375,1982883.9491270715,425.4245916069053,1.1807392687910843e-07,7.946526541111631e-10,0.08203735800232217,22463.39921211039,18.428379231129824,0.002030557323385177,4.696462676327826e-05,1.0424571208703242,0.48488971024141847,5.453867172570142
1984486.3655270566,2010496.4162604967,413.33347868374454,9.7399620696295e-08,6.382863597265672e-10,0.08095229191821703,22630.907408494084,18.320238229065534,0.0020425678358186776,4.5125093540932344e-05,1.042457120870381,0.4829348523861654,5.450965738986156
2012121.1469619353,2038493.3982524644,413.33347868374454,1.0444401419513522e-07,6.834398095366943e-10,0.08089251881514531,23088.205878399418,18.67663128426373,0.0020036148186149917,4.502467322699622e-05,-0.0,1.3961872869336958,-4.928679262034848
2040140.7539910893,2066880.2496290822,413.33347868374454,1.1194309406447874e-07,7.315077271733633e-10,0.08083711504627737,23556.005258889563,19.041995071435704,0.00196519418485431,4.493169192109791e-05,1.1018746138052222,0.4322033888868759,6.043055804190033
2068550.5454677618,2095662.399480431,400.9265824829598,9.101446905686081e-08,5.782438379537616e-10,0.07970770168632609,23713.744294098942,18.90168056059856,0.001979805847991893,4.307409008228672e-05,1.1018746138054496,0.42977776397276557,6.038619429072924
2097355.9548694124,2124845.352498883,400.9265824829598,9.75678395294086e-08,6.189890252187515e-10,0.07965043102082786,24193.40441329754,19.27015089380348,0.0019419720486480885,4.298080789964999e-05,2.842170943040401e-14,1.3989508890149978,-4.910517214309152
2126562.491336875,2154434.6900318824,400.9265824829598,1.0454405318175665e-07,6.623632145547913e-10,0.07959731820603766,24684.04329887204,19.647836490719293,0.001904664063939821,4.28943862177191e-05,1.1234970834265994,0.4124659193839193,6.254533812012994
2156175.740728033,2184436.0711494284,388.6595930531304,8.457277758832436e-08,5.206590404977008e-10,0.07846236777011975,24842.098679708768,19.491698827889156,0.0019199434143247478,4.108510314245847e-05,1.1234970834265994,0.4099188144619461,6.249723728519143
2186201.3666860987,2214855.2337263594,388.6595930531304,9.063828581112253e-08,5.57217116678955e-10,0.07840727900616698,25344.998186888148,19.872323442501354,0.0018831912956518294,4.0998157211062686e-05,-0.0,1.4012350155805962,-4.89426695959412
2216645.11172284,2245697.995539772,388.6595930531304,9.70950434640738e-08,5.961333343296491e-10,0.0783561652291791,25859.37738647849,20.262416472186057,0.0018469569692207385,4.0917564813593615e-05,1.1315901141700522,0.40460935058342784,6.331244094244539
2247512.798316838,2276970.25538168,376.6836045115662,7.841672921782579e-08,4.677065678094823e-10,0.07722934871296033,26021.736345090445,20.096417503117035,0.0018622340608168135,3.917711762684019e-05,1.1315901141700806,0.40205799812389387,6.3264471524755095
2278810.3300270517,2308677.9941871674,376.6836045115662,8.401995343794407e-08,5.004377329512504e-10,0.07717627370558335,26548.911182934524,20.489460360393775,0.0018265318591911964,3.9095963348591936e-05,-0.0,1.4033063500578464,-4.879053455997052
2310543.692621919,2340827.2761782943,376.6836045115662,8.998451243896733e-08,5.352796307570443e-10,0.07712700634358308,27088.0905536287,20.89223331965274,0.0017913388012457058,3.902070373421761e-05,1.1345230176536631,0.40131455109928993,6.356749095144892
2342718.955224127,2373424.250023866,365.0470249965553,7.264619795390321e-08,4.197519298494423e-10,0.07601335578184396,27256.54677632327,20.718615874931327,0.0018063697697446143,3.735429946902123e-05,1.1345230176536916,0.39880065565483847,6.3520998928520385
2375342.271471382,2406475.1500154217,365.0470249965553,7.781876438817672e-08,4.4903399056511407e-10,0.07596218407800305,27809.128510585415,21.124421389699325,0.0017716883718132763,3.727850148008715e-05,-0.0,1.4052645602491225,-4.8645457535243395
2408419.8806933057,2439986.29725955,365.0470249965553,8.332481236399612e-08,4.802039007402726e-10,0.07591466319973295,28374.264608411147,21.540227412876344,0.0017375071554435405,3.720817736199521e-05,1.135445783975456,0.39981392996702425,6.362428437865219
2441958.109104711,2473964.1008868115,353.7608958691079,6.727671647932558e-08,3.765768776903213e-10,0.07481599077640969,28549.75498815791,21.359782058627783,0.0017522043938090369,3.561557714704825e-05,1.1354457839757401,0.397351915475042,6.35797129378517
2475963.3710155506,2508415.059277541,353.7608958691079,7.205066253927907e-08,4.027667920807825e-10,0.07476663564077995,29128.948088443834,21.77873448327874,0.001718516102394842,3.5544756521520786e-05,2.842170943040401e-14,1.407148670281856,-4.85060896361631
2510442.170057638,2543345.761304648,353.7608958691079,7.713232028108466e-08,4.30644815742577e-10,0.07472078291515798,29721.271548205117,22.207966793158956,0.001685318849927142,3.54790217984647e-05,1.1355830289308813,0.39902744015864755,6.360455010657063
2545401.10042853,2578762.8875938035,342.8223977151038,6.229479786233261e-08,3.3779389326562855e-10,0.07363766460350732,29904.392721124746,22.020896413697496,0.0016996538541022466,3.395805567012778e-05,1.1355830289308813,0.39662151170296056,6.356200911345638
2580846.848152652,2614673.211801092,342.8223977151038,6.670068011148109e-08,3.612172331476534e-10,0.07359005029454471,30511.4670380777,22.45340393892481,0.0016669318930812983,3.389186966676576e-05,-0.0,1.4089747791009586,-4.837181605436001
2616786.192360059,2651083.601908536,342.8223977151038,7.139048890072516e-08,3.8615003412602785e-10,0.07354579734356828,31132.275116937195,22.896479965944764,0.0016346917146509187,3.383041100868304e-05,1.1354166159248962,0.3985284384996248,6.35560693012502
2653226.006582956,2688001.0215376075,332.2236535996738,5.767777300086182e-08,3.029875859582509e-10,0.07247832961152698,31323.492840700063,22.70274438692565,0.0016486585817124513,3.2378275493588765e-05,1.135416615924953,0.396178951005254,6.351554542045108
2690173.260070269,2725432.531281028,332.2236535996738,6.174411060445124e-08,3.2393742684089834e-10,0.07243238648256137,31959.782230281475,23.14923298402245,0.0016168768951962428,3.2316409012742356e-05,-0.0,1.4107501570812815,-4.824230276303126
2727635.019120577,2763385.2900531725,332.2236535996738,6.607244049166453e-08,3.462370564497835e-10,0.07238967040006661,32610.437492239565,23.606588216651968,0.0015855676620558248,3.225893810973209e-05,1.1351368844890146,0.3981475383687325,6.3497653114916375
2765618.4484335254,2801866.5564591954,321.95507266375756,5.3400914114619667e-08,2.717613372596752e-10,0.0713377635127746,32810.17333703585,23.406043863306056,0.0015991691463139765,3.08726796488165e-05,1.1351368844890715,0.395853423349422,6.345908873933013
2804130.8124801377,2840883.690183301,321.95507266375756,5.715410682693832e-08,2.905001850076638e-10,0.07129342605610019,33477.076871227735,23.866955044932567,0.0015683023154035964,3.081484103565076e-05,-0.0,1.4124786261050986,-4.811732580959017
2843179.4768921584,2880444.1533962977,321.95507266375756,6.114906978233255e-08,3.104461372456823e-10,0.07125218762331931,34159.008459085686,24.339040797533244,0.0015378985656260833,3.076109080505256e-05,-0.0,1.418478936394365,-4.792546581775014
2882771.909870738,2920555.512182745,321.95507266375756,6.54012618578829e-08,3.316763766728808e-10,0.07121380751237226,34856.218420479105,24.822440292052033,0.0015079640832617353,3.071110341922191e-05,1.3504791806321634,0.20255867157800367,8.457983982444489
2922915.683614796,2961225.4379880377,310.1510815798443,5.0161292303921154e-08,2.4569077784376133e-10,0.06998582223125258,34973.18138530425,24.476268552932545,0.001529306571371685,2.914933942702408e-05,1.3504791806322203,0.19893455041176367,8.450311784569237
2963618.475769182,3002461.709085549,310.1510815798443,5.366618711607329e-08,2.625483502867134e-10,0.0699446138072044,35685.21820071986,24.95988805675172,0.0014996896471579345,2.9097593804176402e-05,-0.0,1.4170408806721753,-4.789431043955176
3004888.0708931,3044272.2120642997,310.1510815798443,5.739676701079427e-08,2.804914054139125e-10,0.06990625936651325,36413.22569895898,25.45512400082812,0.001470527134438304,2.904946952435882e-05,1.2302324619399485,0.3108283982897433,7.275191767248032
3046732.3619489116,3086664.9433372742,299.7752217401415,4.5351009269779974e-08,2.1469384940789178e-10,0.0688044176097102,36590.50650011948,25.175884897850366,0.001486851923271701,2.769713066839936e-05,1.2302324619399485,0.3080282399233738,7.269994313136749
3089159.3518116795,3129648.0106707504,299.7752217401415,4.851430030929148e-08,2.2939941152981071e-10,0.0687640208986353,37335.53429207817,25.67341460322178,0.001458051968893021,2.7648108599150313e-05,-2.842170943040401e-14,1.4172828091352017,-4.7817409499196515
3132177.154799786,3173229.6347349794,299.7752217401415,5.188126604968542e-08,2.4505182012556926e-10,0.06872641393521173,38097.265067164946,26.182884088054603,0.0014296946789749544,2.760250774395537e-05,2.842170943040401e-14,1.422889163902255,-4.764460900430038
3175793.9982267804,3217418.1506763715,299.7752217401415,5.54649373604183e-08,2.6171165332658234e-10,0.06869138406840297,38875.983773475484,26.70445132420806,0.0014017844626155334,2.7560060959455552e-05,1.3852468462423246,0.16850601290724398,8.78513137994753
3220018.2239749245,3262222.0097116665,288.50685139302584,4.221523171992984e-08,1.9219001865174802e-10,0.06747312513600487,38986.92295474102,26.30569531193022,0.001423046870558837,2.6119313665511294e-05,1.3852468462426373,0.16486847112531677,8.777665424510872
3264858.290090591,3307649.7807442425,288.50685139302584,4.514509494486155e-08,2.0529843490612703e-10,0.0674353372677564,39781.82265542168,26.827006278944335,0.0013954068156627995,2.6075210595989236e-05,5.684341886080802e-14,1.4210650001602403,-4.762728961285461
3310322.7724018763,3353710.152002929,288.50685139302584,4.826354408055e-08,2.1925059792549986e-10,0.06740013839955324,40594.47605530311,27.36073304384779,0.0013681992711066459,2.603415914075547e-05,-0.0,1.4263746678916505,-4.746642134319188
3356420.3661588035,3400411.9327037097,288.50685139302584,5.15826493087522e-08,2.3410051056071306e-10,0.06736733362387802,41425.191007320966,27.907046630230628,0.0013414275150774818,2.5995924134659636e-05,1.4504500224390142,0.10726284994927937,9.413563306476703
3403159.88769627,3447764.0547344643,277.16175844886914,3.8660277551661536e-08,1.6899153504174865e-10,0.0661149983825087,41507.26920713699,27.442530364922153,0.0013641461827529264,2.457271723956912e-05,1.4504500224390142,0.10338097740753938,9.405556973002092
3450550.2761202487,3495775.5743632717,277.16175844886914,4.133255555160119e-08,1.8047734669629933e-10,0.0660792674387342,42354.386835779966,27.987468549251076,0.0013375973408310917,2.4532675685698786e-05,-2.842170943040401e-14,1.4238074055669472,-4.747076039889578
3498600.59501741,3544455.6739704357,277.16175844886914,4.4176800212572396e-08,1.9270229427889153e-10,0.06604596873289616,43220.37221764273,28.545313521105655,0.001311469274982305,2.4495385566857608e-05,2.842170943040401e-14,1.4289010828005075,-4.7319728862782995
3547320.034188537,3593813.6638046256,277.16175844886914,4.720402115931705e-08,2.0571369864318484e-10,0.06601492103939309,44105.55641589487,29.11624824193797,0.0012857644675325591,2.4460637133280318e-05,1.4807968445553854,0.07784407215876854,9.701161161242965
3596717.911406167,3643858.983763548,266.03939930441743,3.513492103444491e-08,1.4735213097966165e-10,0.06476028025978631,44174.223658630544,28.607351043913972,0.0013086486349498652,2.3092116012302546e-05,1.4807968445553854,0.07392035106659023,9.693204888525202
3646803.674196585,3694601.2051993026,266.03939930441743,3.7554888616000196e-08,1.5733607765484195e-10,0.06472632066076026,45076.494609399975,29.17635644351054,0.0012831383570296219,2.3055603325856856e-05,-2.842170943040401e-14,1.4260545549894346,-4.733231315387059
3697586.901646754,3746050.0327489893,266.03939930441743,4.013055717544708e-08,1.679623925470146e-10,0.06469465949360981,45998.81625401408,29.75877754662565,0.0012580365879673759,2.302158437041179e-05,2.842170943040401e-14,1.4309712144824402,-4.718997547496826
3749077.3062363258,3798215.306190736,266.03939930441743,4.2871897298272295e-08,1.7927221083277405e-10,0.06466512707367357,46941.5438091753,30.354808954547355,0.0012333451893021283,2.2989870861093514e-05,1.4954293133247631,0.06288412199359072,9.835650271175325
3801284.7356951684,3851107.002325569,255.26004630677403,3.1811514197217366e-08,1.2795760511575413e-10,0.0634221383638178,47004.249512717324,29.81110016282973,0.001255850397015917,2.168927349591861e-05,1.4954293133251042,0.059000765196515204,9.827975354057457
3854219.174886831,3904735.2368855635,255.26004630677403,3.3995446211728456e-08,1.366026789045977e-10,0.06338977864076059,47965.004153346985,30.40490995783828,0.0012313341552514455,2.1655904695283127e-05,2.842170943040401e-14,1.4280395386146552,-4.7205249226918795
3907890.747718127,3959110.2664684583,255.26004630677403,3.6319870010480354e-08,1.4580388806460578e-10,0.06335959752520462,48947.06664941152,31.012664429460795,0.0012072140440307834,2.1624802228783937e-05,-0.0,1.4328004064074662,-4.707087559003526
3962309.719075422,4014242.490499318,255.26004630677403,3.879378404455838e-08,1.5559685287749998e-10,0.06333143554854874,49950.817648836455,31.63456988524597,0.0011834914113566782,2.159579649776602e-05,1.50251348916467,0.05491912178348457,9.896916667108428
4017486.496787806,4070142.4532194384,244.8694656951887,2.874838066347703e-08,1.1088868244646553e-10,0.062106480394334626,50011.42122303498,31.060333516812324,0.0012053816894990372,2.036659014645333e-05,1.50251348916467,0.051111275230198316,9.88961358257842
4073431.6336176093,4126820.8457029513,244.8694656951887,3.071600718312614e-08,1.1836046194823828e-10,0.06207560279158846,51034.308284949664,31.679854498400072,0.0011818195266104828,2.0336057946426482e-05,-2.842170943040401e-14,1.4298707857104773,-4.708640097342709
4130155.8292787103,4184288.507901585,244.8694656951887,3.2810192355195526e-08,1.2631282978091762e-10,0.06204679371172608,52079.83988477879,32.31387081870594,0.0011586411932094551,2.030758860051906e-05,2.842170943040401e-14,1.4344888376973017,-4.695945834846157
4187669.932482829,4242556.430717777,244.8694656951887,3.5039043677813014e-08,1.3477657300582713e-10,0.06201990296539871,53148.42359368417,32.962600740442,0.0011358475985932298,2.028102903261184e-05,-0.0,1.4387771126634448,-4.684018428112779
4245984.943014445,4301635.7581067905,244.8694656951887,3.741119037937569e-08,1.4378445988015862e-10,0.06199479262402096,54240.48021437002,33.626273227171815,0.001113438815050165,2.0256239074935088e-05,1.681431456233895,-0.11417927059676458,11.61976595578875
4305112.013834518,4361537.789208006,233.74227073149626,2.6567942412528204e-08,9.773219234243193e-11,0.06065126451790671,54177.27824462747,32.85920433675134,0.0011394403297218898,1.896746203433128e-05,1.681431456234293,-0.11860153716077093,11.611068858851866
4365062.453213511,4422273.980505897,233.74227073149626,2.8376893015816956e-08,1.0428927581989045e-10,0.06062299725220471,55287.09063716757,33.51669143779403,0.0011170972946490604,1.8940801203335998e-05,2.842170943040401e-14,1.4342249328989851,-4.689692469904969
4425847.726894197,4483855.948021191,233.74227073149626,3.0302164829617045e-08,1.1126800037816965e-10,0.06059660787227339,56421.37357799133,34.18943850320587,0.0010951249154974604,1.8915925121374785e-05,-0.0,1.4385217040344287,-4.678165768548638
4487479.460284449,4546295.469532399,233.74227073149626,3.2351211905913914e-08,1.1869538546214822e-10,0.06057196188379412,57580.574106925735,34.87768340051689,0.0010735232633206178,1.8892703279799263e-05,1.6034866654379698,-0.04250108260697516,10.857958287567044
4549969.440680718,4609604.486828429,223.60224399730626,2.3419055208865583e-08,8.240325327254122e-11,0.05931813577655724,57570.61290982707,34.14981433324741,0.0010964130178869064,1.774345644875238e-05,1.6034866654383393,-0.04650140923587287,10.850557839106898
4613329.619522357,4673795.107992464,223.60224399730626,2.5010551160354895e-08,8.792184724085884e-11,0.05929072635575083,58750.171557241454,34.83340345153818,0.0010749048824533684,1.7718732054088245e-05,2.842170943040401e-14,1.434791706809392,-4.681699657970739
4677572.114677357,4738879.609717651,223.60224399730626,2.6704378730203328e-08,9.379528135270075e-11,0.05926513198068619,59955.72144906753,35.53283744676246,0.001053754514222604,1.769565751151493e-05,-0.0,1.4390389269119623,-4.670675631968152
4742709.212759993,4804870.439655134,223.60224399730626,2.8507096066339712e-08,1.0004629632290798e-10,0.059241223354140324,61187.738876634554,36.248365053255235,0.0010329618511835412,1.767411282529707e-05,-0.0,1.4429882985709241,-4.6603139919265
4808753.371480619,4871780.218794631,223.60224399730626,3.042568313969705e-08,1.0669909555925783e-10,0.05921888145037437,62446.71471847077,36.98024595878469,0.001012526166362258,1.7653987838585842e-05,1.7288723993864608,-0.16246402371177737,12.058884378830044
4875717.222028308,4939621.743878315,213.16157557068198,2.138279074572177e-08,7.167200466296636e-11,0.057895203254080686,62330.55405144629,36.086400957479455,0.0010376139513762067,1.6496303944573204e-05,1.728872399386887,-0.16679102324025052,12.050899004613768
4943613.571486592,5008407.989848212,213.16157557068198,2.2829672800558067e-08,7.645487709941883e-11,0.057869902903948445,63609.234197329715,36.810602067939875,0.0010172079625955835,1.6474561464932908e-05,2.842170943040401e-14,1.4383053964352825,-4.666076658918371
5012455.405282829,5078152.112327671,213.16157557068198,2.4369569409945564e-08,8.154522224773806e-11,0.05784626629769142,64916.00049923466,37.551482518597965,0.0009971462510398978,1.645425877559055e-05,-0.0,1.4422971140602385,-4.656011778894197
5082255.889671785,5148867.450137498,213.16157557068198,2.600844301960076e-08,8.696274981209512e-11,0.05782417628306489,66251.37348813233,38.309310995729355,0.0009774281911520135,1.6435292452327245e-05,-2.842170943040401e-14,1.4460119456385883,-4.646550321975269
5153028.374253648,5220567.527846975,213.16157557068198,2.775263947788089e-08,9.272843688809522e-11,0.05780352485877915,67615.88907444649,39.084367249632194,0.0009580525869838121,1.6417567402492282e-05,1.7940478418965142,-0.22623458020791531,12.676718522303531
5224786.394527266,5293266.058360556,202.84242662399896,1.9211911137400915e-08,6.12435516940703e-11,0.05646052339587396,67429.25311335942,38.07090922973136,0.000983563476555686,1.5299503270705048e-05,1.794047841896031,-0.23062955771797533,12.668818061505021
5297543.674478816,5366976.945540476,202.84242662399896,2.0507288744572317e-08,6.53183107043121e-11,0.05643692578192808,68813.84222187499,38.836417062452675,0.0009641834506600837,1.5280215927262062e-05,-0.0,1.440979626365447,-4.652993514294337
5371314.129206551,5441714.286865887,202.84242662399896,2.188592894031668e-08,6.965498174786798e-11,0.05641487094356516,70228.77068420738,39.61947034674792,0.0009451338740853397,1.5262197757021466e-05,-0.0,1.4447773363885972,-4.6437321978514206
5446111.867582182,5517492.376129129,202.84242662399896,2.3353169990919663e-08,7.427035695432704e-11,0.05639425130371811,71674.60557807659,40.42035719064927,0.0009264137455416771,1.5245358535280238e-05,-0.0,1.448314042249649,-4.6350248137580365
5521951.1949491585,5594325.706169377,202.84242662399896,2.4914693360289944e-08,7.918230802081077e-11,0.0563749675675685,73151.93028335426,41.23937697229128,0.0009080215654552583,1.5229615197004151e-05,1.8304802100232394,-0.2628958674566775,13.017193809526589
5598846.615858708,5672228.9716445375,192.82842195597888,1.7106172898690052e-08,5.181468029145325e-11,0.05503639548130241,72911.91034307602,40.12808732938796,0.0009331745769614084,1.4170228829016433e-05,1.8304802100232394,-0.2672559729290356,13.009636825629343
5676812.83684384,5751217.071841613,192.82842195597888,1.8256005345144452e-08,5.5253048263845624e-11,0.05501425602350253,74410.24726236874,40.93624393664082,0.0009147584818758039,1.4153034635168136e-05,-0.0,1.4431831193501807,-4.641509723014394
5755864.769231999,5831305.113526219,192.82842195597888,1.947973646559311e-08,5.89123969840397e-11,0.05499355664555669,75941.35127445492,41.76285003051854,0.0008966591106695868,1.4136965685024626e-05,-2.842170943040401e-14,1.4468215268701101,-4.632953267550931
5836017.531996988,5912508.413831881,192.82842195597888,2.078210484933597e-08,6.280689635455774e-11,0.054974197796668935,77505.83905627711,42.60821326676566,0.0008788751954150519,1.4121942715688287e-05,2.842170943040401e-14,1.450211919487458,-4.624907358556925
5917286.454650431,5994842.503189409,192.82842195597888,2.216815368210795e-08,6.695162711900133e-11,0.05495608749135931,79104.34462001902,43.472652838844034,0.0008614050283447198,1.410789266999369e-05,-0.0,1.4533727591712022,-4.617342242142627
5999687.080173689,6078323.128297224,192.82842195597888,2.364325027165974e-08,7.136263924980334e-11,0.054939140657509405,80737.51932886816,44.35649930747072,0.0008442465148002559,1.4094748140019917e-05,1.9921589984288062,-0.42043292592609305,14.557790181509802
6083235.167990473,6162966.255132942,182.49089844707285,1.5628722075751346e-08,4.476027906735135e-11,0.053516124901940715,80294.76052450755,42.97064433200965,0.0008714804478783865,1.3027549620224506e-05,1.992158998428863,-0.42502785911091223,14.549953443315815
6167946.696980853,6248788.072006888,182.49089844707285,1.6674410715717664e-08,4.7719588275012795e-11,0.05349622005485166,81947.30097360632,43.838708457852036,0.0008542297968508875,1.3012930092601786e-05,-0.0,1.4474373950976656,-4.625443176578358
6253837.868537365,6335804.992658254,182.49089844707285,1.7787292374021062e-08,5.086905439005148e-11,0.05347760023649582,83635.85036536666,44.72644571278462,0.000837280569038471,1.2999259248483612e-05,-0.0,1.4507790992297487,-4.6178626091002
6340925.109663496,6424033.659394191,182.49089844707285,1.8971676574049407e-08,5.422087340633678e-11,0.05346017774775022,85361.09429341539,45.63419273668453,0.0008206310405926597,1.2986471189891923e-05,-0.0,1.4538957302104336,-4.610733662796122
6429225.076115479,6513490.946272796,182.49089844707285,2.0232149790973124e-08,5.778802509402572e-11,0.053443871425443774,87123.73693939041,46.56229795092966,0.0008042791302001339,1.2974505072200156e-05,-2.842170943040401e-14,1.4568037357426533,-4.604030055700207
6518754.655587749,6604193.962330305,182.49089844707285,2.1573593210835624e-08,6.158432325796469e-11,0.053428606093083114,88924.50114070628,47.51112143470716,0.0007882224428822377,1.2963304662619108e-05,2.0837199535976083,-0.5115248386829876,15.422959977711457
6609530.970942727,6696160.054853216,172.27074831102465,1.3961689853039885e-08,3.7720467980574295e-11,0.051977997386581196,88323.47457232687,45.90877330494177,0.0008157390299004729,1.1935757100553325e-05,2.08371995359704,-0.5161246011863341,15.415404040100896
6701571.383485722,6789406.812696112,172.27074831102465,1.4892393190174922e-08,4.020685973808383e-11,0.05195984303571522,90143.2977539768,46.838316020183754,0.000799555271944027,1.1923177284322928e-05,-0.0,1.4506225191598219,-4.612395572711819
6794893.496285249,6883952.069645496,172.27074831102465,1.588289312297489e-08,4.285299924405003e-11,0.05194285359248314,92002.66878929282,47.78881155039956,0.0007836575948995397,1.1911408284023913e-05,-5.684341886080802e-14,1.453743532119688,-4.605608022282297
6889515.157539757,6979813.907830653,172.27074831102465,1.693702538154932e-08,4.566913372478853e-11,0.0519269503872804,93902.34702448221,48.76062515189475,0.0007680440099764491,1.190039441556385e-05,5.684341886080802e-14,1.456656396851315,-4.599224112726972
6985454.463991141,7077010.6611818895,172.27074831102465,1.8058872159880674e-08,4.866616883956324e-11,0.05191206051874627,95843.11185558191,49.75413422951936,0.0007527122306149584,1.1890084191972594e-05,-0.0,1.4593760906623174,-4.593220414152881
7082729.764385757,7175560.918936921,172.27074831102465,1.9252777923383477e-08,5.185571091078264e-11,0.05189811637935459,97825.7628422781,50.76972824887691,0.000737659709607692,1.1880429964736783e-05,-5.684341886080802e-14,1.4619163912203135,-4.587574766581838
7181359.662983787,7275483.529196233,172.27074831102465,2.0523366232616468e-08,5.525011186886851e-11,0.051885055225570825,99851.11985171367,51.80780867841254,0.0007228836724321512,1.1871387600404172e-05,2.253415429959574,-0.6802223660787377,17.031794764918914
7281363.023117267,7376797.602527731,161.86147250927397,1.2767053570206415e-08,3.2375051598304346e-11,0.05035700522010524,98941.74370632159,49.82409904305551,0.0007516694549899115,1.0853044905007275e-05,2.253415429958949,-0.6848538444305063,17.024430732832116
7382758.970797854,7479522.515621813,161.86147250927397,1.3614133412987616e-08,3.450130284087392e-11,0.05034110527031101,100983.73305037472,50.83632736077899,0.0007367071556365002,1.0842700393909818e-05,-0.0,1.455329424024285,-4.596561906543741
7485566.898374721,7583677.91499719,161.86147250927397,1.4515628387082815e-08,3.6764141255900695e-11,0.05032621775036179,103069.92879360852,51.87119679981427,0.0007220137494321669,1.083301674653781e-05,-0.0,1.458131816984519,-4.590730462142574
7589806.46824336,7689283.720758306,161.86147250927397,1.547502966503118e-08,3.917233001962207e-11,0.05031227519921182,105201.18938324091,52.92911191534017,0.0007075869119440367,1.08239492440962e-05,-2.842170943040401e-14,1.4607496249250858,-4.585245481199536
7695497.616606189,7796360.130405237,161.86147250927397,1.6496052701270006e-08,4.1735195277243025e-11,0.050299214998734174,107378.39516793187,54.01048984770844,0.0006934240911161639,1.0815456462382877e-05,2.842170943040401e-14,1.4631958688025293,-4.58008686050141
7802660.557285314,7904927.622696421,161.86147250927397,1.758265162058352e-08,4.4462662259315796e-11,0.0502869789866638,109602.44857844035,55.115760285509296,0.0006795225367420966,1.080749999857895e-05,-0.0,1.465482554881305,-4.575235591624164
7911315.785588614,8015006.9615654135,161.86147250927397,1.8739034531173912e-08,4.736529371900942e-11,0.050275513104742764,111874.27433629784,56.24536545478129,0.0006658793269630202,1.080004422403298e-05,2.3574683080008185,-0.7857321287860941,18.01127846280434
8021484.082229416,8126619.200091946,151.64411097728524,1.138108647056232e-08,2.7017413509299905e-11,0.04872255150918188,110691.11243826743,53.931534273821285,0.0006944517692450945,9.829772797895404e-06,2.3574683080014154,-0.7902473974378381,18.004452670359058
8133186.517301002,8239785.68452851,151.64411097728524,1.213340874455658e-08,2.8786610596218967e-11,0.04870839871828006,112978.44426735758,55.02999109945436,0.0006805938072729014,9.821151158893289e-06,-0.0,1.4588823136438123,-4.58392468919368
8246444.45430629,8354528.0583828725,151.64411097728524,1.2934053777448806e-08,3.066944579705466e-11,0.0486951415905612,115315.15303011239,56.152877043385544,0.0006669879329874041,9.813076471198867e-06,-0.0,1.4614465011067637,-4.5788567682267285
8361279.554243628,8470868.266557403,151.64411097728524,1.378612226622773e-08,3.267321085933262e-11,0.04868272108888671,117702.20545676266,57.30063639798416,0.0006536316603297177,9.805512162364389e-06,-0.0,1.4638434870070114,-4.574089578198311
8477713.779749667,8588828.559546258,151.64411097728524,1.4692914079478864e-08,3.4805665912043455e-11,0.04867108234096858,120140.59233918865,58.47372662233388,0.0006405223248012446,9.798424304277221e-06,-0.0,1.4660848742033181,-4.569605696200085
8595769.399299659,8708431.497690724,151.64411097728524,1.5657941037051158e-08,3.7075069518918845e-11,0.04866017431453026,122631.32877409828,59.672618345700926,0.000627657107508925,9.791781399387603e-06,-0.0,1.4681813823116272,-4.565388648508701
8715468.991466492,8829699.955494083,151.64411097728524,1.6684940510788926e-08,3.9490210662564073e-11,0.0486499495211789,125175.45443332227,60.897795394717576,0.0006150330568054902,9.785554186696049e-06,-0.0,1.470142923385481,-4.5614228683339775
8836835.449238889,8952657.125996402,151.64411097728524,1.777788989899044e-08,4.206044278328798e-11,0.0486403637461053,127774.03385963516,62.14975484239829,0.0006026471077656874,9.779715465415573e-06,2.514277142220891,-0.9450899217880533,19.49067182947124
8959891.984399717,9077326.525210224,141.45686279004644,1.041281160933965e-08,2.3033888826270852e-11,0.04703266931713964,126140.46521919106,59.32722788164367,0.0006313219515769051,8.841627423940624e-06,2.514277142221516,-0.9494185634234213,19.48445524232193
9084662.131965455,9203731.99661823,141.45686279004644,1.1098141663783535e-08,2.453727497977513e-11,0.04702058552562747,128751.36517919702,60.53964577949727,0.0006186820327981302,8.834764818693804e-06,2.842170943040401e-14,1.4635984065462253,-4.569761620677127
9211169.754687201,9331897.71573324,141.45686279004644,1.1827486193680433e-08,2.6137214250307836e-11,0.04700926100467986,131418.42039672224,61.77882825252258,0.0006062756539279966,8.828333897848265e-06,-0.0,1.4658523093437452,-4.56554549359339
9339439.047614645,9461848.194721993,141.45686279004644,1.2603669841933422e-08,2.7839902964735907e-11,0.0469986463422618,134142.74133754117,63.04527259504601,0.0005941001585373391,8.82230620595988e-06,-0.0,1.4679609636369264,-4.561579492471026
9469494.542723402,9593608.287093148,141.45686279004644,1.3429698666737809e-08,2.965193541472677e-11,0.04698869553992194,136925.4653154195,64.33949001368389,0.0005821527642789196,8.816655298364464e-06,-2.842170943040401e-14,1.4699342546979324,-4.55784911777107
9601361.11360679,9727203.192450536,141.45686279004644,1.4308771783915883e-08,3.1580329396157764e-11,0.04697936575444977,139767.75682030336,65.66200568340024,0.0005704305812431999,8.811356583749884e-06,2.842170943040401e-14,1.4717813364917447,-4.554340664373228
9735063.980233138,9862658.46131283,141.45686279004644,1.524429375708951e-08,3.3632553389033005e-11,0.046970617061550146,142670.80787234718,67.01335882434012,0.0005589306284905056,8.80638718074433e-06,-0.0,1.4735106921521606,-4.551041184979169
9870628.713769017,10000000.0,141.45686279004644,1.6239887783670584e-08,3.581655548315991e-11,0.04696241223940386,145635.83840051963,68.39410279796407,0.0005476498489382077,8.801725787095951e-06,-0.0,1.4743469587103626,-4.5494421165968495
